Aux,Fecha,Jornada,ID_PARTIDO,Arbitro,Equipo_local,Equipo_Visitante,Jugador,Assists,Blocked shots,Corners won,Crosses,Fouls conceded,Fouls won,Goals,Offsides,Passes,Red cards,Saves,Shots,Shots on target,Tackles,Yellow cards
135,5 Aug 2025,,94kr5bwt6oticc945i2w6mas4,João Pedro Silva Pinheiro,Malmö FF,FC København,T. Ali,0,0,0,0,0,0,0,0,19,0,0,1,0,0,0
135,5 Aug 2025,,94kr5bwt6oticc945i2w6mas4,João Pedro Silva Pinheiro,Malmö FF,FC København,R. Olsen,0,0,0,0,0,0,0,0,26,0,1,0,0,0,0
135,5 Aug 2025,,94kr5bwt6oticc945i2w6mas4,João Pedro Silva Pinheiro,Malmö FF,FC København,H. Bolin,0,0,0,0,3,1,0,0,12,0,0,0,0,0,0
135,5 Aug 2025,,94kr5bwt6oticc945i2w6mas4,João Pedro Silva Pinheiro,Malmö FF,FC København,A. Đurić,0,0,0,0,2,3,0,0,105,0,0,0,0,0,1
135,5 Aug 2025,,94kr5bwt6oticc945i2w6mas4,João Pedro Silva Pinheiro,Malmö FF,FC København,O. Berg,0,0,0,0,0,0,0,1,24,0,0,0,0,1,0
135,5 Aug 2025,,94kr5bwt6oticc945i2w6mas4,João Pedro Silva Pinheiro,Malmö FF,FC København,L. Berg Johnsen,0,0,0,0,0,2,0,0,52,0,0,1,0,1,0
135,5 Aug 2025,,94kr5bwt6oticc945i2w6mas4,João Pedro Silva Pinheiro,Malmö FF,FC København,C. Rösler,0,0,0,0,0,1,0,0,54,0,0,0,0,1,0
135,5 Aug 2025,,94kr5bwt6oticc945i2w6mas4,João Pedro Silva Pinheiro,Malmö FF,FC København,Gabriel Busanello,0,0,0,4,0,3,0,0,53,0,0,0,0,0,0
135,5 Aug 2025,,94kr5bwt6oticc945i2w6mas4,João Pedro Silva Pinheiro,Malmö FF,FC København,P. Jansson,0,0,0,0,0,0,0,0,67,0,0,0,0,0,0
135,5 Aug 2025,,94kr5bwt6oticc945i2w6mas4,João Pedro Silva Pinheiro,Malmö FF,FC København,J. Stryger Larsen,0,0,0,1,1,0,0,0,29,0,0,1,0,2,0
135,5 Aug 2025,,94kr5bwt6oticc945i2w6mas4,João Pedro Silva Pinheiro,Malmö FF,FC København,O. Rosengren,0,0,0,0,0,3,0,0,50,0,0,1,0,0,0
135,5 Aug 2025,,94kr5bwt6oticc945i2w6mas4,João Pedro Silva Pinheiro,Malmö FF,FC København,S. Hakšabanović,0,0,0,0,1,0,0,0,20,0,0,0,0,0,0
135,5 Aug 2025,,94kr5bwt6oticc945i2w6mas4,João Pedro Silva Pinheiro,Malmö FF,FC København,A. Sigurðsson,0,0,0,0,0,0,0,0,2,0,0,0,0,0,0
135,5 Aug 2025,,94kr5bwt6oticc945i2w6mas4,João Pedro Silva Pinheiro,Malmö FF,FC København,K. Busuladžić,0,0,0,0,0,1,0,0,9,0,0,0,0,0,0
135,5 Aug 2025,,94kr5bwt6oticc945i2w6mas4,João Pedro Silva Pinheiro,Malmö FF,FC København,E. Ekong,0,0,0,1,0,1,0,0,2,0,0,0,0,0,0
135,5 Aug 2025,,94kr5bwt6oticc945i2w6mas4,João Pedro Silva Pinheiro,Malmö FF,FC København,Gabriel Pereira,0,0,0,0,1,0,0,1,88,0,0,0,0,2,0
135,5 Aug 2025,,94kr5bwt6oticc945i2w6mas4,João Pedro Silva Pinheiro,Malmö FF,FC København,T. Delaney,0,0,0,1,2,1,0,0,81,0,0,0,0,2,0
135,5 Aug 2025,,94kr5bwt6oticc945i2w6mas4,João Pedro Silva Pinheiro,Malmö FF,FC København,J. Larsson,0,1,0,0,3,1,0,0,13,0,0,1,0,0,0
135,5 Aug 2025,,94kr5bwt6oticc945i2w6mas4,João Pedro Silva Pinheiro,Malmö FF,FC København,R. Huescas,0,0,0,3,2,1,0,0,35,0,0,0,0,2,0
135,5 Aug 2025,,94kr5bwt6oticc945i2w6mas4,João Pedro Silva Pinheiro,Malmö FF,FC København,D. Kotarski,0,0,0,0,0,0,0,0,33,0,0,0,0,0,0
135,5 Aug 2025,,94kr5bwt6oticc945i2w6mas4,João Pedro Silva Pinheiro,Malmö FF,FC København,L. Lerager,0,0,2,0,1,0,0,0,36,0,0,0,0,0,0
135,5 Aug 2025,,94kr5bwt6oticc945i2w6mas4,João Pedro Silva Pinheiro,Malmö FF,FC København,M. Elyounoussi,0,1,2,2,1,2,0,0,32,0,0,3,1,1,0
135,5 Aug 2025,,94kr5bwt6oticc945i2w6mas4,João Pedro Silva Pinheiro,Malmö FF,FC København,P. Hatzidiakos,0,0,0,0,3,0,0,0,73,0,0,0,0,0,0
135,5 Aug 2025,,94kr5bwt6oticc945i2w6mas4,João Pedro Silva Pinheiro,Malmö FF,FC København,M. López,0,0,0,8,0,1,0,0,56,0,0,0,0,0,0
135,5 Aug 2025,,94kr5bwt6oticc945i2w6mas4,João Pedro Silva Pinheiro,Malmö FF,FC København,E. Achouri,0,1,2,3,1,1,0,0,25,0,0,4,0,0,1
135,5 Aug 2025,,94kr5bwt6oticc945i2w6mas4,João Pedro Silva Pinheiro,Malmö FF,FC København,A. Cornelius,0,1,1,0,0,0,0,0,13,0,0,2,0,0,0
135,5 Aug 2025,,94kr5bwt6oticc945i2w6mas4,João Pedro Silva Pinheiro,Malmö FF,FC København,M. Mattsson,0,0,0,1,0,0,0,0,10,0,0,0,0,2,0
135,5 Aug 2025,,94kr5bwt6oticc945i2w6mas4,João Pedro Silva Pinheiro,Malmö FF,FC København,V. Claesson,0,0,0,0,2,0,0,0,2,0,0,0,0,0,1
136,22 Jul 2025,,9dhbll93kmrgh0yya180w6vpw,Martin Matoša,FC København,KF Drita,M. Elyounoussi,0,1,0,3,0,4,0,0,34,0,0,5,1,1,0
136,22 Jul 2025,,9dhbll93kmrgh0yya180w6vpw,Martin Matoša,FC København,KF Drita,D. Kotarski,0,0,1,0,0,0,0,0,30,0,1,0,0,0,0
136,22 Jul 2025,,9dhbll93kmrgh0yya180w6vpw,Martin Matoša,FC København,KF Drita,Gabriel Pereira,0,0,3,2,3,0,0,0,121,0,0,1,0,1,1
136,22 Jul 2025,,9dhbll93kmrgh0yya180w6vpw,Martin Matoša,FC København,KF Drita,M. Garan'anga,0,0,0,0,2,0,0,0,122,0,0,0,0,2,0
136,22 Jul 2025,,9dhbll93kmrgh0yya180w6vpw,Martin Matoša,FC København,KF Drita,J. Larsson,0,0,0,1,1,0,0,0,13,0,0,1,0,1,0
136,22 Jul 2025,,9dhbll93kmrgh0yya180w6vpw,Martin Matoša,FC København,KF Drita,R. Huescas,0,0,0,1,1,0,0,0,34,0,0,0,0,4,0
136,22 Jul 2025,,9dhbll93kmrgh0yya180w6vpw,Martin Matoša,FC København,KF Drita,M. López,0,0,0,5,0,0,0,0,35,0,0,0,0,0,0
136,22 Jul 2025,,9dhbll93kmrgh0yya180w6vpw,Martin Matoša,FC København,KF Drita,W. Clem,0,0,0,0,1,0,0,0,36,0,0,0,0,1,0
136,22 Jul 2025,,9dhbll93kmrgh0yya180w6vpw,Martin Matoša,FC København,KF Drita,E. Achouri,0,0,1,4,0,0,0,0,24,0,0,2,1,1,0
136,22 Jul 2025,,9dhbll93kmrgh0yya180w6vpw,Martin Matoša,FC København,KF Drita,A. Cornelius,0,0,0,0,0,0,0,0,7,0,0,1,0,2,0
136,22 Jul 2025,,9dhbll93kmrgh0yya180w6vpw,Martin Matoša,FC København,KF Drita,L. Lerager,0,0,0,3,0,1,0,0,24,0,0,0,0,2,0
136,22 Jul 2025,,9dhbll93kmrgh0yya180w6vpw,Martin Matoša,FC København,KF Drita,V. Claesson,0,0,0,0,1,0,0,0,12,0,0,1,0,0,0
136,22 Jul 2025,,9dhbll93kmrgh0yya180w6vpw,Martin Matoša,FC København,KF Drita,Y. Moukoko,0,1,0,1,0,0,0,1,6,0,0,2,0,1,0
136,22 Jul 2025,,9dhbll93kmrgh0yya180w6vpw,Martin Matoša,FC København,KF Drita,B. Meling,0,0,0,0,0,1,0,0,15,0,0,0,0,0,0
136,22 Jul 2025,,9dhbll93kmrgh0yya180w6vpw,Martin Matoša,FC København,KF Drita,M. Mattsson,0,0,0,2,0,2,2,0,17,0,0,2,2,0,0
136,22 Jul 2025,,9dhbll93kmrgh0yya180w6vpw,Martin Matoša,FC København,KF Drita,Robert Silva,0,0,1,0,0,1,0,0,6,0,0,1,1,0,0
136,22 Jul 2025,,9dhbll93kmrgh0yya180w6vpw,Martin Matoša,FC København,KF Drita,A. Dabiqaj,0,2,0,0,1,1,0,0,23,0,0,2,0,0,1
136,22 Jul 2025,,9dhbll93kmrgh0yya180w6vpw,Martin Matoša,FC København,KF Drita,A. Ajzeraj,0,0,0,3,0,2,0,0,17,0,0,0,0,0,0
136,22 Jul 2025,,9dhbll93kmrgh0yya180w6vpw,Martin Matoša,FC København,KF Drita,R. Ovouka,0,1,1,2,2,1,0,0,40,0,0,1,0,5,1
136,22 Jul 2025,,9dhbll93kmrgh0yya180w6vpw,Martin Matoša,FC København,KF Drita,J. Camilo Mesa,0,0,0,0,0,0,0,0,45,0,0,0,0,0,0
136,22 Jul 2025,,9dhbll93kmrgh0yya180w6vpw,Martin Matoša,FC København,KF Drita,L. Balaj,0,0,0,3,1,0,0,0,16,0,0,2,0,0,0
136,22 Jul 2025,,9dhbll93kmrgh0yya180w6vpw,Martin Matoša,FC København,KF Drita,A. Manaj,0,0,0,2,0,1,0,1,15,0,0,0,0,0,0
136,22 Jul 2025,,9dhbll93kmrgh0yya180w6vpw,Martin Matoša,FC København,KF Drita,E. Bejtulai,0,0,0,0,1,0,0,0,36,0,0,0,0,0,0
136,22 Jul 2025,,9dhbll93kmrgh0yya180w6vpw,Martin Matoša,FC København,KF Drita,R. Broja,0,0,0,0,2,2,0,0,28,0,0,0,0,3,0
136,22 Jul 2025,,9dhbll93kmrgh0yya180w6vpw,Martin Matoša,FC København,KF Drita,V. Limaj,0,0,0,0,2,2,0,0,8,0,0,1,0,3,1
136,22 Jul 2025,,9dhbll93kmrgh0yya180w6vpw,Martin Matoša,FC København,KF Drita,F. Maloku,0,0,0,0,0,0,0,0,18,0,3,0,0,0,0
136,22 Jul 2025,,9dhbll93kmrgh0yya180w6vpw,Martin Matoša,FC København,KF Drita,Besnik Krasniqi,0,0,2,4,1,0,0,0,22,0,0,1,1,4,0
136,22 Jul 2025,,9dhbll93kmrgh0yya180w6vpw,Martin Matoša,FC København,KF Drita,Blerim Krasniqi,0,0,0,1,0,0,0,0,3,0,0,0,0,0,0
136,22 Jul 2025,,9dhbll93kmrgh0yya180w6vpw,Martin Matoša,FC København,KF Drita,V. Tusha,0,0,0,0,0,0,0,0,6,0,0,1,0,0,0
136,22 Jul 2025,,9dhbll93kmrgh0yya180w6vpw,Martin Matoša,FC København,KF Drita,Iljasa Zulfiu,0,0,0,0,0,0,0,0,0,0,0,0,0,0,0
137,12 Aug 2025,,9etdts4kh4rspdnzg2fmq426s,José María Sánchez Martínez,FC København,Malmö FF,M. Elyounoussi,2,0,1,0,0,1,1,0,37,0,0,2,1,0,0
137,12 Aug 2025,,9etdts4kh4rspdnzg2fmq426s,José María Sánchez Martínez,FC København,Malmö FF,D. Kotarski,0,0,0,0,0,0,0,0,24,0,3,0,0,0,0
137,12 Aug 2025,,9etdts4kh4rspdnzg2fmq426s,José María Sánchez Martínez,FC København,Malmö FF,A. Cornelius,2,0,0,2,2,1,0,0,14,0,0,0,0,0,0
137,12 Aug 2025,,9etdts4kh4rspdnzg2fmq426s,José María Sánchez Martínez,FC København,Malmö FF,L. Lerager,0,1,0,0,2,1,0,1,39,0,0,2,1,3,0
137,12 Aug 2025,,9etdts4kh4rspdnzg2fmq426s,José María Sánchez Martínez,FC København,Malmö FF,J. Larsson,1,0,0,0,3,0,0,0,27,0,0,0,0,0,0
137,12 Aug 2025,,9etdts4kh4rspdnzg2fmq426s,José María Sánchez Martínez,FC København,Malmö FF,R. Huescas,0,0,1,3,2,1,1,0,49,0,0,2,2,1,0
137,12 Aug 2025,,9etdts4kh4rspdnzg2fmq426s,José María Sánchez Martínez,FC København,Malmö FF,Robert Silva,0,0,0,2,0,0,2,0,27,0,0,3,2,0,0
137,12 Aug 2025,,9etdts4kh4rspdnzg2fmq426s,José María Sánchez Martínez,FC København,Malmö FF,M. López,0,0,0,3,1,1,0,0,43,0,0,0,0,1,0
137,12 Aug 2025,,9etdts4kh4rspdnzg2fmq426s,José María Sánchez Martínez,FC København,Malmö FF,P. Hatzidiakos,0,0,0,0,1,0,0,0,70,0,0,0,0,2,0
137,12 Aug 2025,,9etdts4kh4rspdnzg2fmq426s,José María Sánchez Martínez,FC København,Malmö FF,M. Mattsson,0,1,0,3,0,1,1,0,46,0,0,2,1,5,0
137,12 Aug 2025,,9etdts4kh4rspdnzg2fmq426s,José María Sánchez Martínez,FC København,Malmö FF,Gabriel Pereira,0,0,0,0,1,0,0,1,72,0,0,0,0,1,0
137,12 Aug 2025,,9etdts4kh4rspdnzg2fmq426s,José María Sánchez Martínez,FC København,Malmö FF,V. Claesson,0,0,0,0,1,0,0,0,9,0,0,0,0,0,0
137,12 Aug 2025,,9etdts4kh4rspdnzg2fmq426s,José María Sánchez Martínez,FC København,Malmö FF,W. Clem,0,0,0,0,1,0,0,0,15,0,0,0,0,0,0
137,12 Aug 2025,,9etdts4kh4rspdnzg2fmq426s,José María Sánchez Martínez,FC København,Malmö FF,Y. Zague,0,0,0,0,1,0,0,0,8,0,0,0,0,0,0
137,12 Aug 2025,,9etdts4kh4rspdnzg2fmq426s,José María Sánchez Martínez,FC København,Malmö FF,Y. Moukoko,0,0,0,0,0,0,0,1,4,0,0,1,1,0,0
137,12 Aug 2025,,9etdts4kh4rspdnzg2fmq426s,José María Sánchez Martínez,FC København,Malmö FF,B. Meling,0,0,0,0,0,0,0,0,7,0,0,0,0,1,0
137,12 Aug 2025,,9etdts4kh4rspdnzg2fmq426s,José María Sánchez Martínez,FC København,Malmö FF,O. Rosengren,0,0,0,0,1,3,0,0,41,0,0,1,1,3,1
137,12 Aug 2025,,9etdts4kh4rspdnzg2fmq426s,José María Sánchez Martínez,FC København,Malmö FF,Gabriel Busanello,0,0,0,1,1,4,0,0,58,0,0,0,0,1,0
137,12 Aug 2025,,9etdts4kh4rspdnzg2fmq426s,José María Sánchez Martínez,FC København,Malmö FF,S. Hakšabanović,0,1,0,1,1,0,0,0,42,0,0,1,0,1,0
137,12 Aug 2025,,9etdts4kh4rspdnzg2fmq426s,José María Sánchez Martínez,FC København,Malmö FF,O. Berg,0,0,0,0,0,1,0,0,24,0,0,0,0,0,0
137,12 Aug 2025,,9etdts4kh4rspdnzg2fmq426s,José María Sánchez Martínez,FC København,Malmö FF,L. Berg Johnsen,0,0,0,1,0,0,0,0,46,0,0,0,0,0,0
137,12 Aug 2025,,9etdts4kh4rspdnzg2fmq426s,José María Sánchez Martínez,FC København,Malmö FF,R. Olsen,0,0,0,0,0,0,0,0,18,0,3,0,0,0,0
137,12 Aug 2025,,9etdts4kh4rspdnzg2fmq426s,José María Sánchez Martínez,FC København,Malmö FF,H. Bolin,0,1,0,0,0,3,0,0,28,0,0,1,0,1,0
137,12 Aug 2025,,9etdts4kh4rspdnzg2fmq426s,José María Sánchez Martínez,FC København,Malmö FF,J. Stryger Larsen,0,1,0,0,0,0,0,0,29,0,0,1,0,4,0
137,12 Aug 2025,,9etdts4kh4rspdnzg2fmq426s,José María Sánchez Martínez,FC København,Malmö FF,C. Rösler,0,0,0,0,1,1,0,0,45,0,0,1,1,1,0
137,12 Aug 2025,,9etdts4kh4rspdnzg2fmq426s,José María Sánchez Martínez,FC København,Malmö FF,P. Jansson,0,0,0,0,0,0,0,0,46,0,0,0,0,0,0
137,12 Aug 2025,,9etdts4kh4rspdnzg2fmq426s,José María Sánchez Martínez,FC København,Malmö FF,A. Đurić,0,0,0,0,1,1,0,0,28,0,0,0,0,0,1
137,12 Aug 2025,,9etdts4kh4rspdnzg2fmq426s,José María Sánchez Martínez,FC København,Malmö FF,T. Ali,0,0,1,2,1,0,0,1,17,0,0,0,0,0,0
137,12 Aug 2025,,9etdts4kh4rspdnzg2fmq426s,José María Sánchez Martínez,FC København,Malmö FF,A. Skogmar,0,0,0,0,0,2,0,0,16,0,0,0,0,2,0
137,12 Aug 2025,,9etdts4kh4rspdnzg2fmq426s,José María Sánchez Martínez,FC København,Malmö FF,E. Ekong,0,0,0,0,0,0,0,0,1,0,0,1,0,0,0
137,12 Aug 2025,,9etdts4kh4rspdnzg2fmq426s,José María Sánchez Martínez,FC København,Malmö FF,K. Busuladžić,0,0,0,0,0,0,0,0,15,0,0,1,1,1,0
137,12 Aug 2025,,9etdts4kh4rspdnzg2fmq426s,José María Sánchez Martínez,FC København,Malmö FF,D. Guðjohnsen,0,0,0,0,0,0,0,0,2,0,0,0,0,0,0
138,29 Jul 2025,,9gke67xnrinvimlbkxh1b9p1w,Miguel Bertolo Nogueira,KF Drita,FC København,J. Camilo Mesa,0,0,0,0,1,0,0,0,49,0,0,0,0,2,0
138,29 Jul 2025,,9gke67xnrinvimlbkxh1b9p1w,Miguel Bertolo Nogueira,KF Drita,FC København,A. Dabiqaj,0,0,0,0,1,2,0,0,21,0,0,0,0,1,0
138,29 Jul 2025,,9gke67xnrinvimlbkxh1b9p1w,Miguel Bertolo Nogueira,KF Drita,FC København,A. Manaj,0,1,0,0,3,2,0,0,8,0,0,1,0,0,0
138,29 Jul 2025,,9gke67xnrinvimlbkxh1b9p1w,Miguel Bertolo Nogueira,KF Drita,FC København,R. Ovouka,0,0,0,1,1,2,0,0,28,0,0,0,0,4,0
138,29 Jul 2025,,9gke67xnrinvimlbkxh1b9p1w,Miguel Bertolo Nogueira,KF Drita,FC København,E. Bejtulai,0,0,0,1,1,1,0,0,62,0,0,1,0,0,0
138,29 Jul 2025,,9gke67xnrinvimlbkxh1b9p1w,Miguel Bertolo Nogueira,KF Drita,FC København,Besnik Krasniqi,0,0,0,9,0,1,0,0,42,0,0,0,0,1,0
138,29 Jul 2025,,9gke67xnrinvimlbkxh1b9p1w,Miguel Bertolo Nogueira,KF Drita,FC København,A. Ajzeraj,0,0,0,1,0,1,0,0,13,0,0,0,0,0,0
138,29 Jul 2025,,9gke67xnrinvimlbkxh1b9p1w,Miguel Bertolo Nogueira,KF Drita,FC København,F. Maloku,0,0,0,0,0,1,0,0,22,0,3,0,0,0,0
138,29 Jul 2025,,9gke67xnrinvimlbkxh1b9p1w,Miguel Bertolo Nogueira,KF Drita,FC København,Blerim Krasniqi,0,2,1,0,1,2,0,0,12,0,0,4,0,1,0
138,29 Jul 2025,,9gke67xnrinvimlbkxh1b9p1w,Miguel Bertolo Nogueira,KF Drita,FC København,R. Broja,0,0,0,1,0,5,0,0,32,0,0,0,0,2,0
138,29 Jul 2025,,9gke67xnrinvimlbkxh1b9p1w,Miguel Bertolo Nogueira,KF Drita,FC København,L. Balaj,0,0,0,0,2,0,0,0,1,1,0,0,0,1,0
138,29 Jul 2025,,9gke67xnrinvimlbkxh1b9p1w,Miguel Bertolo Nogueira,KF Drita,FC København,V. Tusha,0,0,1,1,1,0,0,0,2,0,0,2,2,0,0
138,29 Jul 2025,,9gke67xnrinvimlbkxh1b9p1w,Miguel Bertolo Nogueira,KF Drita,FC København,V. Limaj,0,0,0,0,2,0,0,0,13,0,0,0,0,0,0
138,29 Jul 2025,,9gke67xnrinvimlbkxh1b9p1w,Miguel Bertolo Nogueira,KF Drita,FC København,B. Sheji,0,0,1,3,0,0,0,0,5,0,0,1,0,1,0
138,29 Jul 2025,,9gke67xnrinvimlbkxh1b9p1w,Miguel Bertolo Nogueira,KF Drita,FC København,E. Sylejmani,0,0,0,1,0,0,0,0,1,0,0,0,0,0,0
138,29 Jul 2025,,9gke67xnrinvimlbkxh1b9p1w,Miguel Bertolo Nogueira,KF Drita,FC København,E. Achouri,0,1,1,0,1,1,0,0,18,0,0,1,0,0,1
138,29 Jul 2025,,9gke67xnrinvimlbkxh1b9p1w,Miguel Bertolo Nogueira,KF Drita,FC København,D. Kotarski,0,0,0,0,0,1,0,0,34,0,2,0,0,0,0
138,29 Jul 2025,,9gke67xnrinvimlbkxh1b9p1w,Miguel Bertolo Nogueira,KF Drita,FC København,A. Cornelius,0,1,0,1,2,1,1,2,15,0,0,3,1,0,0
138,29 Jul 2025,,9gke67xnrinvimlbkxh1b9p1w,Miguel Bertolo Nogueira,KF Drita,FC København,Gabriel Pereira,0,0,0,1,2,1,0,0,65,0,0,0,0,0,0
138,29 Jul 2025,,9gke67xnrinvimlbkxh1b9p1w,Miguel Bertolo Nogueira,KF Drita,FC København,B. Meling,0,0,1,4,0,0,0,0,55,0,0,0,0,6,0
138,29 Jul 2025,,9gke67xnrinvimlbkxh1b9p1w,Miguel Bertolo Nogueira,KF Drita,FC København,M. Elyounoussi,1,0,0,9,2,1,0,0,29,0,0,1,0,2,0
138,29 Jul 2025,,9gke67xnrinvimlbkxh1b9p1w,Miguel Bertolo Nogueira,KF Drita,FC København,R. Huescas,0,0,1,2,2,0,0,0,35,0,0,0,0,0,0
138,29 Jul 2025,,9gke67xnrinvimlbkxh1b9p1w,Miguel Bertolo Nogueira,KF Drita,FC København,M. Garan'anga,0,0,0,0,2,1,0,0,83,0,0,0,0,1,1
138,29 Jul 2025,,9gke67xnrinvimlbkxh1b9p1w,Miguel Bertolo Nogueira,KF Drita,FC København,T. Delaney,0,0,0,0,2,3,0,0,30,0,0,0,0,0,1
138,29 Jul 2025,,9gke67xnrinvimlbkxh1b9p1w,Miguel Bertolo Nogueira,KF Drita,FC København,L. Lerager,0,0,0,0,1,1,0,0,42,0,0,1,1,0,0
138,29 Jul 2025,,9gke67xnrinvimlbkxh1b9p1w,Miguel Bertolo Nogueira,KF Drita,FC København,P. Hatzidiakos,0,0,0,1,0,0,0,0,78,0,0,0,0,0,0
138,29 Jul 2025,,9gke67xnrinvimlbkxh1b9p1w,Miguel Bertolo Nogueira,KF Drita,FC København,J. Larsson,0,0,1,1,2,2,0,0,13,0,0,1,1,1,0
138,29 Jul 2025,,9gke67xnrinvimlbkxh1b9p1w,Miguel Bertolo Nogueira,KF Drita,FC København,W. Clem,0,0,0,0,0,0,0,0,42,0,0,1,0,2,0
138,29 Jul 2025,,9gke67xnrinvimlbkxh1b9p1w,Miguel Bertolo Nogueira,KF Drita,FC København,Y. Moukoko,0,0,1,0,2,0,0,0,8,0,0,1,1,0,0
138,29 Jul 2025,,9gke67xnrinvimlbkxh1b9p1w,Miguel Bertolo Nogueira,KF Drita,FC København,Robert Silva,0,0,0,0,1,1,0,0,3,0,0,0,0,0,0
138,29 Jul 2025,,9gke67xnrinvimlbkxh1b9p1w,Miguel Bertolo Nogueira,KF Drita,FC København,D. Sarapata,0,0,0,0,0,0,0,0,7,0,0,0,0,0,0
139,20 Aug 2025,,9hb4z2iwh8sazow23a3nnw9g,Sandro Schärer,FK Bodø / Glimt,SK Sturm Graz,K. Høgh,0,0,0,0,0,1,1,1,35,0,0,3,1,0,0
139,20 Aug 2025,,9hb4z2iwh8sazow23a3nnw9g,Sandro Schärer,FK Bodø / Glimt,SK Sturm Graz,P. Berg,1,1,1,8,1,0,0,0,58,0,0,1,0,3,1
139,20 Aug 2025,,9hb4z2iwh8sazow23a3nnw9g,Sandro Schärer,FK Bodø / Glimt,SK Sturm Graz,H. Aleesami,0,0,0,0,1,0,0,0,28,0,0,0,0,0,0
139,20 Aug 2025,,9hb4z2iwh8sazow23a3nnw9g,Sandro Schärer,FK Bodø / Glimt,SK Sturm Graz,F. Bjørkan,1,0,2,2,1,4,0,0,91,0,0,1,1,3,0
139,20 Aug 2025,,9hb4z2iwh8sazow23a3nnw9g,Sandro Schärer,FK Bodø / Glimt,SK Sturm Graz,N. Haikin,0,0,0,0,0,0,0,0,44,0,1,0,0,0,0
139,20 Aug 2025,,9hb4z2iwh8sazow23a3nnw9g,Sandro Schärer,FK Bodø / Glimt,SK Sturm Graz,J. Hauge,2,1,1,0,2,4,0,0,61,0,0,1,0,2,0
139,20 Aug 2025,,9hb4z2iwh8sazow23a3nnw9g,Sandro Schärer,FK Bodø / Glimt,SK Sturm Graz,O. Bjørtuft,0,0,0,0,1,0,1,0,65,0,0,1,1,0,0
139,20 Aug 2025,,9hb4z2iwh8sazow23a3nnw9g,Sandro Schärer,FK Bodø / Glimt,SK Sturm Graz,H. Evjen,0,0,0,0,1,1,1,0,35,0,0,1,1,4,0
139,20 Aug 2025,,9hb4z2iwh8sazow23a3nnw9g,Sandro Schärer,FK Bodø / Glimt,SK Sturm Graz,I. Määttä,0,0,0,1,1,0,0,0,2,0,0,1,0,1,0
139,20 Aug 2025,,9hb4z2iwh8sazow23a3nnw9g,Sandro Schärer,FK Bodø / Glimt,SK Sturm Graz,F. Sjøvold,0,1,0,0,1,0,0,0,60,0,0,1,0,0,0
139,20 Aug 2025,,9hb4z2iwh8sazow23a3nnw9g,Sandro Schärer,FK Bodø / Glimt,SK Sturm Graz,U. Saltnes,0,0,0,0,1,1,1,1,44,0,0,2,1,2,0
139,20 Aug 2025,,9hb4z2iwh8sazow23a3nnw9g,Sandro Schärer,FK Bodø / Glimt,SK Sturm Graz,V. Nielsen,0,0,0,0,1,0,0,0,36,0,0,0,0,1,0
139,20 Aug 2025,,9hb4z2iwh8sazow23a3nnw9g,Sandro Schärer,FK Bodø / Glimt,SK Sturm Graz,M. Jørgensen,0,0,0,1,0,0,0,0,16,0,0,3,0,0,0
139,20 Aug 2025,,9hb4z2iwh8sazow23a3nnw9g,Sandro Schärer,FK Bodø / Glimt,SK Sturm Graz,D. Bassi,0,0,1,0,1,0,0,0,2,0,0,1,1,0,0
139,20 Aug 2025,,9hb4z2iwh8sazow23a3nnw9g,Sandro Schärer,FK Bodø / Glimt,SK Sturm Graz,S. Auklend,0,0,0,1,0,1,0,0,3,0,0,0,0,1,0
139,20 Aug 2025,,9hb4z2iwh8sazow23a3nnw9g,Sandro Schärer,FK Bodø / Glimt,SK Sturm Graz,A. Helmersen,0,0,0,0,0,0,0,0,1,0,0,1,0,0,0
139,20 Aug 2025,,9hb4z2iwh8sazow23a3nnw9g,Sandro Schärer,FK Bodø / Glimt,SK Sturm Graz,T. Horvat,0,0,0,3,4,0,0,0,40,0,0,1,0,2,1
139,20 Aug 2025,,9hb4z2iwh8sazow23a3nnw9g,Sandro Schärer,FK Bodø / Glimt,SK Sturm Graz,D. Lavalée,0,0,0,0,1,0,0,0,54,0,0,0,0,0,0
139,20 Aug 2025,,9hb4z2iwh8sazow23a3nnw9g,Sandro Schärer,FK Bodø / Glimt,SK Sturm Graz,M. Johnston,0,0,0,0,0,0,0,0,24,0,0,1,0,3,0
139,20 Aug 2025,,9hb4z2iwh8sazow23a3nnw9g,Sandro Schärer,FK Bodø / Glimt,SK Sturm Graz,J. Gorenc Stankovič,0,0,0,0,2,3,0,0,43,0,0,0,0,3,0
139,20 Aug 2025,,9hb4z2iwh8sazow23a3nnw9g,Sandro Schärer,FK Bodø / Glimt,SK Sturm Graz,T. Oermann,0,0,0,0,1,0,0,0,31,0,0,0,0,5,0
139,20 Aug 2025,,9hb4z2iwh8sazow23a3nnw9g,Sandro Schärer,FK Bodø / Glimt,SK Sturm Graz,O. Kiteishvili,0,0,0,1,0,1,0,0,41,0,0,1,0,3,0
139,20 Aug 2025,,9hb4z2iwh8sazow23a3nnw9g,Sandro Schärer,FK Bodø / Glimt,SK Sturm Graz,E. Karić,0,0,0,2,0,0,0,0,59,0,0,1,0,2,0
139,20 Aug 2025,,9hb4z2iwh8sazow23a3nnw9g,Sandro Schärer,FK Bodø / Glimt,SK Sturm Graz,T. Chukwuani,0,0,0,1,2,1,0,0,43,0,0,0,0,3,0
139,20 Aug 2025,,9hb4z2iwh8sazow23a3nnw9g,Sandro Schärer,FK Bodø / Glimt,SK Sturm Graz,W. Bøving,0,0,1,2,0,0,0,0,20,0,0,2,1,0,0
139,20 Aug 2025,,9hb4z2iwh8sazow23a3nnw9g,Sandro Schärer,FK Bodø / Glimt,SK Sturm Graz,L. Grgić,0,0,0,1,0,1,0,0,6,0,0,0,0,1,0
139,20 Aug 2025,,9hb4z2iwh8sazow23a3nnw9g,Sandro Schärer,FK Bodø / Glimt,SK Sturm Graz,Oliver Christensen,0,0,0,0,0,0,0,0,23,0,1,0,0,0,0
139,20 Aug 2025,,9hb4z2iwh8sazow23a3nnw9g,Sandro Schärer,FK Bodø / Glimt,SK Sturm Graz,S. Jatta,0,0,0,1,0,2,0,0,7,0,0,1,0,0,0
139,20 Aug 2025,,9hb4z2iwh8sazow23a3nnw9g,Sandro Schärer,FK Bodø / Glimt,SK Sturm Graz,A. Malić,0,0,0,0,1,2,0,0,20,0,0,0,0,0,1
139,20 Aug 2025,,9hb4z2iwh8sazow23a3nnw9g,Sandro Schärer,FK Bodø / Glimt,SK Sturm Graz,B. Beganović,0,0,0,0,0,2,0,0,1,0,0,1,0,0,0
139,20 Aug 2025,,9hb4z2iwh8sazow23a3nnw9g,Sandro Schärer,FK Bodø / Glimt,SK Sturm Graz,J. Hödl,0,0,0,0,1,0,0,0,1,0,0,0,0,0,0
148,12 Aug 2025,,ax3avh6cdiiha4t0igensvok4,Benoît Bastien,ŠK Slovan Bratislava,FK Kairat Almaty,K. Bajrič,0,1,0,0,3,2,0,0,37,0,0,1,0,3,1
148,12 Aug 2025,,ax3avh6cdiiha4t0igensvok4,Benoît Bastien,ŠK Slovan Bratislava,FK Kairat Almaty,G. Kashia,0,0,0,0,1,1,0,0,62,0,0,0,0,2,0
148,12 Aug 2025,,ax3avh6cdiiha4t0igensvok4,Benoît Bastien,ŠK Slovan Bratislava,FK Kairat Almaty,K. Wimmer,0,0,0,0,0,2,0,0,49,0,0,0,0,1,1
148,12 Aug 2025,,ax3avh6cdiiha4t0igensvok4,Benoît Bastien,ŠK Slovan Bratislava,FK Kairat Almaty,M. Tolić,1,0,0,1,3,2,0,1,51,0,0,0,0,3,1
148,12 Aug 2025,,ax3avh6cdiiha4t0igensvok4,Benoît Bastien,ŠK Slovan Bratislava,FK Kairat Almaty,T. Barseghyan,0,1,1,2,0,1,0,0,18,0,0,4,1,1,0
148,12 Aug 2025,,ax3avh6cdiiha4t0igensvok4,Benoît Bastien,ŠK Slovan Bratislava,FK Kairat Almaty,D. Takáč,0,0,0,0,0,1,0,0,28,0,4,0,0,0,0
148,12 Aug 2025,,ax3avh6cdiiha4t0igensvok4,Benoît Bastien,ŠK Slovan Bratislava,FK Kairat Almaty,D. Strelec,0,1,1,2,1,0,0,0,7,0,0,2,0,3,0
148,12 Aug 2025,,ax3avh6cdiiha4t0igensvok4,Benoît Bastien,ŠK Slovan Bratislava,FK Kairat Almaty,V. Weiss,0,0,2,3,3,1,0,0,21,0,0,0,0,0,1
148,12 Aug 2025,,ax3avh6cdiiha4t0igensvok4,Benoît Bastien,ŠK Slovan Bratislava,FK Kairat Almaty,C. Blackman,0,0,1,1,5,3,0,0,37,0,0,1,0,2,1
148,12 Aug 2025,,ax3avh6cdiiha4t0igensvok4,Benoît Bastien,ŠK Slovan Bratislava,FK Kairat Almaty,Sandro Cruz,0,1,0,1,2,5,0,0,17,0,0,1,0,3,0
148,12 Aug 2025,,ax3avh6cdiiha4t0igensvok4,Benoît Bastien,ŠK Slovan Bratislava,FK Kairat Almaty,R. Mak,0,0,0,1,3,0,1,0,18,0,0,3,1,0,1
148,12 Aug 2025,,ax3avh6cdiiha4t0igensvok4,Benoît Bastien,ŠK Slovan Bratislava,FK Kairat Almaty,D. Ihnatenko,0,0,0,0,0,1,0,0,12,0,0,0,0,1,0
148,12 Aug 2025,,ax3avh6cdiiha4t0igensvok4,Benoît Bastien,ŠK Slovan Bratislava,FK Kairat Almaty,N. Marcelli,0,1,0,0,2,1,0,0,5,0,0,1,0,0,0
148,12 Aug 2025,,ax3avh6cdiiha4t0igensvok4,Benoît Bastien,ŠK Slovan Bratislava,FK Kairat Almaty,P. Pokorný,0,0,0,0,0,0,0,0,5,0,0,0,0,0,0
148,12 Aug 2025,,ax3avh6cdiiha4t0igensvok4,Benoît Bastien,ŠK Slovan Bratislava,FK Kairat Almaty,A. Mustafić,0,0,0,0,0,0,0,0,0,0,0,0,0,0,0
148,12 Aug 2025,,ax3avh6cdiiha4t0igensvok4,Benoît Bastien,ŠK Slovan Bratislava,FK Kairat Almaty,M. Kuharevich,0,0,0,0,0,0,0,0,0,0,0,0,0,0,0
148,12 Aug 2025,,ax3avh6cdiiha4t0igensvok4,Benoît Bastien,ŠK Slovan Bratislava,FK Kairat Almaty,A. Yirajang,0,0,0,0,0,0,0,0,0,0,0,0,0,0,0
148,12 Aug 2025,,ax3avh6cdiiha4t0igensvok4,Benoît Bastien,ŠK Slovan Bratislava,FK Kairat Almaty,O. Arad,0,0,0,0,4,2,0,0,45,0,0,1,0,3,0
148,12 Aug 2025,,ax3avh6cdiiha4t0igensvok4,Benoît Bastien,ŠK Slovan Bratislava,FK Kairat Almaty,E. Sorokin,0,0,0,0,1,0,0,0,47,0,0,0,0,0,0
148,12 Aug 2025,,ax3avh6cdiiha4t0igensvok4,Benoît Bastien,ŠK Slovan Bratislava,FK Kairat Almaty,V. Gromyko,0,1,1,7,3,4,0,1,37,0,0,4,2,0,1
148,12 Aug 2025,,ax3avh6cdiiha4t0igensvok4,Benoît Bastien,ŠK Slovan Bratislava,FK Kairat Almaty,Jorginho,0,1,0,1,2,5,0,0,18,0,0,2,0,4,0
148,12 Aug 2025,,ax3avh6cdiiha4t0igensvok4,Benoît Bastien,ŠK Slovan Bratislava,FK Kairat Almaty,Luís Mata,0,0,0,1,1,2,0,0,20,0,0,0,0,1,0
148,12 Aug 2025,,ax3avh6cdiiha4t0igensvok4,Benoît Bastien,ŠK Slovan Bratislava,FK Kairat Almaty,Edmilson,0,0,0,0,3,1,0,1,12,0,0,2,1,0,0
148,12 Aug 2025,,ax3avh6cdiiha4t0igensvok4,Benoît Bastien,ŠK Slovan Bratislava,FK Kairat Almaty,E. Tapalov,0,0,0,4,1,3,0,1,39,0,0,0,0,1,0
148,12 Aug 2025,,ax3avh6cdiiha4t0igensvok4,Benoît Bastien,ŠK Slovan Bratislava,FK Kairat Almaty,D. Satpaev,0,1,1,1,3,2,0,0,22,0,0,2,1,1,1
148,12 Aug 2025,,ax3avh6cdiiha4t0igensvok4,Benoît Bastien,ŠK Slovan Bratislava,FK Kairat Almaty,D. Glazer,0,0,0,0,0,2,0,0,26,0,0,0,0,4,0
148,12 Aug 2025,,ax3avh6cdiiha4t0igensvok4,Benoît Bastien,ŠK Slovan Bratislava,FK Kairat Almaty,A. Zarutskiy,0,0,0,0,0,0,0,0,15,0,1,0,0,0,0
148,12 Aug 2025,,ax3avh6cdiiha4t0igensvok4,Benoît Bastien,ŠK Slovan Bratislava,FK Kairat Almaty,A. Martynovich,0,0,0,0,1,0,0,0,44,0,0,1,0,1,0
148,12 Aug 2025,,ax3avh6cdiiha4t0igensvok4,Benoît Bastien,ŠK Slovan Bratislava,FK Kairat Almaty,G. Zaria,0,0,0,1,1,1,0,0,9,0,0,0,0,1,0
148,12 Aug 2025,,ax3avh6cdiiha4t0igensvok4,Benoît Bastien,ŠK Slovan Bratislava,FK Kairat Almaty,A. Mrynskiy,0,0,1,0,0,1,0,0,8,0,0,0,0,0,0
148,12 Aug 2025,,ax3avh6cdiiha4t0igensvok4,Benoît Bastien,ŠK Slovan Bratislava,FK Kairat Almaty,J. Stanojev,0,0,0,0,0,0,0,0,0,0,0,0,0,0,0
148,12 Aug 2025,,ax3avh6cdiiha4t0igensvok4,Benoît Bastien,ŠK Slovan Bratislava,FK Kairat Almaty,Ricardinho,0,0,0,0,0,0,0,0,0,0,0,0,0,0,0
148,12 Aug 2025,,ax3avh6cdiiha4t0igensvok4,Benoît Bastien,ŠK Slovan Bratislava,FK Kairat Almaty,D. Kasabulat,0,0,0,0,0,0,0,0,0,0,0,0,0,0,0
45,30 Sep 2025,,4xs86vowvf2xcks0ln8eu9e6s,Espen Eskås,Atalanta Bergamasca Calcio,Club Brugge KV,B. Djimsiti,0,0,0,0,0,2,0,0,68,0,0,0,0,1,0
45,30 Sep 2025,,4xs86vowvf2xcks0ln8eu9e6s,Espen Eskås,Atalanta Bergamasca Calcio,Club Brugge KV,R. Bellanova,0,0,0,4,0,0,0,0,22,0,0,0,0,0,0
45,30 Sep 2025,,4xs86vowvf2xcks0ln8eu9e6s,Espen Eskås,Atalanta Bergamasca Calcio,Club Brugge KV,H. Ahanor,0,0,0,0,2,0,0,0,57,0,0,1,0,3,0
45,30 Sep 2025,,4xs86vowvf2xcks0ln8eu9e6s,Espen Eskås,Atalanta Bergamasca Calcio,Club Brugge KV,L. Bernasconi,0,0,1,9,0,0,0,0,38,0,0,1,0,0,0
45,30 Sep 2025,,4xs86vowvf2xcks0ln8eu9e6s,Espen Eskås,Atalanta Bergamasca Calcio,Club Brugge KV,O. Kossounou,0,0,0,1,1,0,0,0,34,0,0,0,0,0,0
45,30 Sep 2025,,4xs86vowvf2xcks0ln8eu9e6s,Espen Eskås,Atalanta Bergamasca Calcio,Club Brugge KV,Éderson,0,0,0,1,2,3,0,0,33,0,0,1,0,3,0
45,30 Sep 2025,,4xs86vowvf2xcks0ln8eu9e6s,Espen Eskås,Atalanta Bergamasca Calcio,Club Brugge KV,N. Krstović,0,2,0,0,1,1,0,0,20,0,0,3,0,0,0
45,30 Sep 2025,,4xs86vowvf2xcks0ln8eu9e6s,Espen Eskås,Atalanta Bergamasca Calcio,Club Brugge KV,M. de Roon,0,0,0,1,0,0,0,0,56,0,0,0,0,0,1
45,30 Sep 2025,,4xs86vowvf2xcks0ln8eu9e6s,Espen Eskås,Atalanta Bergamasca Calcio,Club Brugge KV,M. Carnesecchi,0,0,0,0,0,0,0,0,23,0,1,0,0,0,0
45,30 Sep 2025,,4xs86vowvf2xcks0ln8eu9e6s,Espen Eskås,Atalanta Bergamasca Calcio,Club Brugge KV,A. Lookman,0,2,1,6,1,1,0,0,15,0,0,2,0,0,0
45,30 Sep 2025,,4xs86vowvf2xcks0ln8eu9e6s,Espen Eskås,Atalanta Bergamasca Calcio,Club Brugge KV,M. Pašalić,0,0,1,1,0,2,1,0,41,0,0,3,1,1,0
45,30 Sep 2025,,4xs86vowvf2xcks0ln8eu9e6s,Espen Eskås,Atalanta Bergamasca Calcio,Club Brugge KV,D. Zappacosta,0,0,1,2,0,0,0,0,21,0,0,1,0,0,0
45,30 Sep 2025,,4xs86vowvf2xcks0ln8eu9e6s,Espen Eskås,Atalanta Bergamasca Calcio,Club Brugge KV,Y. Musah,1,2,1,0,1,0,0,0,17,0,0,4,1,0,1
45,30 Sep 2025,,4xs86vowvf2xcks0ln8eu9e6s,Espen Eskås,Atalanta Bergamasca Calcio,Club Brugge KV,L. Samardžić,0,0,0,3,0,0,1,0,13,0,0,2,1,2,0
45,30 Sep 2025,,4xs86vowvf2xcks0ln8eu9e6s,Espen Eskås,Atalanta Bergamasca Calcio,Club Brugge KV,K. Sulemana,0,0,2,0,0,1,0,1,14,0,0,2,0,0,0
45,30 Sep 2025,,4xs86vowvf2xcks0ln8eu9e6s,Espen Eskås,Atalanta Bergamasca Calcio,Club Brugge KV,M. Brescianini,0,0,0,0,0,0,0,0,6,0,0,0,0,0,0
45,30 Sep 2025,,4xs86vowvf2xcks0ln8eu9e6s,Espen Eskås,Atalanta Bergamasca Calcio,Club Brugge KV,C. Sandra,0,0,0,1,3,2,0,0,42,0,0,0,0,1,0
45,30 Sep 2025,,4xs86vowvf2xcks0ln8eu9e6s,Espen Eskås,Atalanta Bergamasca Calcio,Club Brugge KV,N. Jackers,0,0,0,0,1,0,0,0,42,0,1,0,0,1,0
45,30 Sep 2025,,4xs86vowvf2xcks0ln8eu9e6s,Espen Eskås,Atalanta Bergamasca Calcio,Club Brugge KV,N. Tresoldi,1,0,0,0,1,2,0,0,18,0,0,1,0,0,0
45,30 Sep 2025,,4xs86vowvf2xcks0ln8eu9e6s,Espen Eskås,Atalanta Bergamasca Calcio,Club Brugge KV,A. Stanković,0,1,0,0,0,0,0,0,42,0,0,1,0,2,0
45,30 Sep 2025,,4xs86vowvf2xcks0ln8eu9e6s,Espen Eskås,Atalanta Bergamasca Calcio,Club Brugge KV,K. Sabbe,0,0,0,0,0,1,0,0,57,0,0,0,0,0,0
45,30 Sep 2025,,4xs86vowvf2xcks0ln8eu9e6s,Espen Eskås,Atalanta Bergamasca Calcio,Club Brugge KV,J. Seys,0,0,1,1,0,0,0,0,55,0,0,0,0,1,0
45,30 Sep 2025,,4xs86vowvf2xcks0ln8eu9e6s,Espen Eskås,Atalanta Bergamasca Calcio,Club Brugge KV,C. Tzolis,0,0,0,3,0,1,1,0,52,0,0,3,2,2,0
45,30 Sep 2025,,4xs86vowvf2xcks0ln8eu9e6s,Espen Eskås,Atalanta Bergamasca Calcio,Club Brugge KV,J. Ordoñez,0,0,0,0,1,0,0,0,54,0,0,1,0,3,0
45,30 Sep 2025,,4xs86vowvf2xcks0ln8eu9e6s,Espen Eskås,Atalanta Bergamasca Calcio,Club Brugge KV,B. Mechele,0,0,0,0,1,1,0,0,71,0,0,0,0,5,0
45,30 Sep 2025,,4xs86vowvf2xcks0ln8eu9e6s,Espen Eskås,Atalanta Bergamasca Calcio,Club Brugge KV,H. Vanaken,0,0,0,0,0,0,0,0,63,0,0,0,0,2,0
45,30 Sep 2025,,4xs86vowvf2xcks0ln8eu9e6s,Espen Eskås,Atalanta Bergamasca Calcio,Club Brugge KV,Carlos Forbs,0,0,0,0,1,1,0,0,19,0,0,0,0,3,0
45,30 Sep 2025,,4xs86vowvf2xcks0ln8eu9e6s,Espen Eskås,Atalanta Bergamasca Calcio,Club Brugge KV,R. Vermant,0,0,0,1,1,0,0,0,9,0,0,1,0,1,0
45,30 Sep 2025,,4xs86vowvf2xcks0ln8eu9e6s,Espen Eskås,Atalanta Bergamasca Calcio,Club Brugge KV,H. Vetlesen,0,0,0,0,0,0,0,0,8,0,0,0,0,1,0
45,30 Sep 2025,,4xs86vowvf2xcks0ln8eu9e6s,Espen Eskås,Atalanta Bergamasca Calcio,Club Brugge KV,B. Meijer,0,0,0,1,0,0,0,0,1,0,0,0,0,0,0
45,30 Sep 2025,,4xs86vowvf2xcks0ln8eu9e6s,Espen Eskås,Atalanta Bergamasca Calcio,Club Brugge KV,Z. Romero,0,0,0,0,0,0,0,0,5,0,0,0,0,0,0
45,30 Sep 2025,,4xs86vowvf2xcks0ln8eu9e6s,Espen Eskås,Atalanta Bergamasca Calcio,Club Brugge KV,S. Campbell,0,0,0,0,1,0,0,0,1,0,0,0,0,0,0
47,30 Sep 2025,,4y59n6hs1chc516v7tjoivswk,Marco Guida,FK Kairat Almaty,Real Madrid CF,O. Arad,0,0,0,0,3,2,0,0,27,0,0,1,0,2,1
47,30 Sep 2025,,4y59n6hs1chc516v7tjoivswk,Marco Guida,FK Kairat Almaty,Real Madrid CF,A. Martynovich,0,0,0,0,0,0,0,0,38,0,0,0,0,4,0
47,30 Sep 2025,,4y59n6hs1chc516v7tjoivswk,Marco Guida,FK Kairat Almaty,Real Madrid CF,E. Sorokin,0,0,0,0,0,1,0,0,42,0,0,0,0,1,0
47,30 Sep 2025,,4y59n6hs1chc516v7tjoivswk,Marco Guida,FK Kairat Almaty,Real Madrid CF,D. Satpaev,0,0,0,1,1,0,0,1,10,0,0,3,1,1,0
47,30 Sep 2025,,4y59n6hs1chc516v7tjoivswk,Marco Guida,FK Kairat Almaty,Real Madrid CF,D. Kasabulat,0,0,0,0,0,1,0,0,18,0,0,0,0,1,0
47,30 Sep 2025,,4y59n6hs1chc516v7tjoivswk,Marco Guida,FK Kairat Almaty,Real Madrid CF,V. Gromyko,0,1,1,3,1,1,0,0,18,0,0,3,1,4,1
47,30 Sep 2025,,4y59n6hs1chc516v7tjoivswk,Marco Guida,FK Kairat Almaty,Real Madrid CF,E. Tapalov,0,0,0,0,0,1,0,0,16,0,0,0,0,1,0
47,30 Sep 2025,,4y59n6hs1chc516v7tjoivswk,Marco Guida,FK Kairat Almaty,Real Madrid CF,Luís Mata,0,0,1,2,0,0,0,0,40,0,0,3,2,2,0
47,30 Sep 2025,,4y59n6hs1chc516v7tjoivswk,Marco Guida,FK Kairat Almaty,Real Madrid CF,Jorginho,0,0,1,1,0,1,0,0,9,0,0,1,0,1,0
47,30 Sep 2025,,4y59n6hs1chc516v7tjoivswk,Marco Guida,FK Kairat Almaty,Real Madrid CF,A. Mrynskiy,0,0,0,1,0,0,0,0,16,0,0,0,0,2,0
47,30 Sep 2025,,4y59n6hs1chc516v7tjoivswk,Marco Guida,FK Kairat Almaty,Real Madrid CF,S. Kalmurza,0,0,0,0,1,1,0,0,23,0,7,0,0,0,0
47,30 Sep 2025,,4y59n6hs1chc516v7tjoivswk,Marco Guida,FK Kairat Almaty,Real Madrid CF,Edmilson,0,0,0,0,0,1,0,0,6,0,0,0,0,0,0
47,30 Sep 2025,,4y59n6hs1chc516v7tjoivswk,Marco Guida,FK Kairat Almaty,Real Madrid CF,O. Baybek,0,0,0,0,0,0,0,0,9,0,0,0,0,1,0
47,30 Sep 2025,,4y59n6hs1chc516v7tjoivswk,Marco Guida,FK Kairat Almaty,Real Madrid CF,J. Stanojev,0,0,0,1,0,0,0,0,10,0,0,0,0,1,0
47,30 Sep 2025,,4y59n6hs1chc516v7tjoivswk,Marco Guida,FK Kairat Almaty,Real Madrid CF,G. Zaria,0,0,0,1,0,0,0,0,7,0,0,0,0,0,0
47,30 Sep 2025,,4y59n6hs1chc516v7tjoivswk,Marco Guida,FK Kairat Almaty,Real Madrid CF,Ricardinho,0,0,0,0,0,0,0,0,5,0,0,0,0,1,0
47,30 Sep 2025,,4y59n6hs1chc516v7tjoivswk,Marco Guida,FK Kairat Almaty,Real Madrid CF,D. Alaba,0,0,0,0,0,0,0,0,49,0,0,0,0,1,0
47,30 Sep 2025,,4y59n6hs1chc516v7tjoivswk,Marco Guida,FK Kairat Almaty,Real Madrid CF,T. Courtois,1,0,0,0,0,0,0,0,29,0,4,0,0,0,0
47,30 Sep 2025,,4y59n6hs1chc516v7tjoivswk,Marco Guida,FK Kairat Almaty,Real Madrid CF,Vinícius Júnior,0,0,1,1,3,0,0,0,29,0,0,2,1,1,0
47,30 Sep 2025,,4y59n6hs1chc516v7tjoivswk,Marco Guida,FK Kairat Almaty,Real Madrid CF,K. Mbappé,0,0,2,0,0,1,3,0,37,0,0,8,5,0,0
47,30 Sep 2025,,4y59n6hs1chc516v7tjoivswk,Marco Guida,FK Kairat Almaty,Real Madrid CF,F. Mastantuono,0,1,1,2,2,2,0,0,32,0,0,2,1,0,0
47,30 Sep 2025,,4y59n6hs1chc516v7tjoivswk,Marco Guida,FK Kairat Almaty,Real Madrid CF,Raúl Asencio,0,0,0,1,0,0,0,0,50,0,0,0,0,0,0
47,30 Sep 2025,,4y59n6hs1chc516v7tjoivswk,Marco Guida,FK Kairat Almaty,Real Madrid CF,Dani Ceballos,0,0,0,1,0,0,0,0,106,0,0,0,0,3,0
47,30 Sep 2025,,4y59n6hs1chc516v7tjoivswk,Marco Guida,FK Kairat Almaty,Real Madrid CF,A. Tchouaméni,0,0,0,0,0,1,0,0,60,0,0,0,0,2,0
47,30 Sep 2025,,4y59n6hs1chc516v7tjoivswk,Marco Guida,FK Kairat Almaty,Real Madrid CF,A. Güler,1,1,1,5,1,1,0,0,41,0,0,3,1,0,0
47,30 Sep 2025,,4y59n6hs1chc516v7tjoivswk,Marco Guida,FK Kairat Almaty,Real Madrid CF,Dean Huijsen,0,0,0,0,2,1,0,0,68,0,0,0,0,4,0
47,30 Sep 2025,,4y59n6hs1chc516v7tjoivswk,Marco Guida,FK Kairat Almaty,Real Madrid CF,Fran García,0,0,0,1,0,0,0,0,54,0,0,0,0,1,0
47,30 Sep 2025,,4y59n6hs1chc516v7tjoivswk,Marco Guida,FK Kairat Almaty,Real Madrid CF,Brahim Díaz,0,0,0,1,0,0,1,0,6,0,0,1,1,0,0
47,30 Sep 2025,,4y59n6hs1chc516v7tjoivswk,Marco Guida,FK Kairat Almaty,Real Madrid CF,Rodrygo,1,0,1,0,0,0,0,0,23,0,0,2,1,0,0
47,30 Sep 2025,,4y59n6hs1chc516v7tjoivswk,Marco Guida,FK Kairat Almaty,Real Madrid CF,E. Camavinga,0,0,0,0,1,0,1,0,15,0,0,1,1,2,0
47,30 Sep 2025,,4y59n6hs1chc516v7tjoivswk,Marco Guida,FK Kairat Almaty,Real Madrid CF,Gonzalo García,1,0,0,0,0,0,0,0,2,0,0,0,0,0,0
47,30 Sep 2025,,4y59n6hs1chc516v7tjoivswk,Marco Guida,FK Kairat Almaty,Real Madrid CF,J. Bellingham,0,0,0,0,0,0,0,0,16,0,0,1,1,0,0
48,30 Sep 2025,,4yjkn4fr15vuunkq4k1ishno4,Slavko Vinčić,Club Atlético de Madrid,Eintracht Frankfurt,M. Ruggeri,0,0,0,3,3,0,0,0,40,0,0,0,0,3,0
48,30 Sep 2025,,4yjkn4fr15vuunkq4k1ishno4,Slavko Vinčić,Club Atlético de Madrid,Eintracht Frankfurt,J. Oblak,0,0,0,0,0,0,0,0,27,0,1,0,0,0,0
48,30 Sep 2025,,4yjkn4fr15vuunkq4k1ishno4,Slavko Vinčić,Club Atlético de Madrid,Eintracht Frankfurt,G. Raspadori,0,0,0,3,1,1,1,0,20,0,0,1,1,2,0
48,30 Sep 2025,,4yjkn4fr15vuunkq4k1ishno4,Slavko Vinčić,Club Atlético de Madrid,Eintracht Frankfurt,J. Alvarez,2,0,0,6,0,0,1,0,29,0,0,4,3,0,0
48,30 Sep 2025,,4yjkn4fr15vuunkq4k1ishno4,Slavko Vinčić,Club Atlético de Madrid,Eintracht Frankfurt,C. Lenglet,0,0,0,1,2,0,0,0,76,0,0,0,0,0,1
48,30 Sep 2025,,4yjkn4fr15vuunkq4k1ishno4,Slavko Vinčić,Club Atlético de Madrid,Eintracht Frankfurt,Pablo Barrios,0,0,0,0,0,0,0,0,53,0,0,0,0,1,0
48,30 Sep 2025,,4yjkn4fr15vuunkq4k1ishno4,Slavko Vinčić,Club Atlético de Madrid,Eintracht Frankfurt,Robin Le Normand,0,0,0,0,1,0,1,0,47,0,0,1,1,2,0
48,30 Sep 2025,,4yjkn4fr15vuunkq4k1ishno4,Slavko Vinčić,Club Atlético de Madrid,Eintracht Frankfurt,Marcos Llorente,0,0,1,4,1,0,0,0,71,0,0,0,0,3,0
48,30 Sep 2025,,4yjkn4fr15vuunkq4k1ishno4,Slavko Vinčić,Club Atlético de Madrid,Eintracht Frankfurt,G. Simeone,0,0,3,2,1,1,1,1,40,0,0,3,3,4,0
48,30 Sep 2025,,4yjkn4fr15vuunkq4k1ishno4,Slavko Vinčić,Club Atlético de Madrid,Eintracht Frankfurt,A. Griezmann,0,1,1,1,1,0,1,1,40,0,0,6,4,1,0
48,30 Sep 2025,,4yjkn4fr15vuunkq4k1ishno4,Slavko Vinčić,Club Atlético de Madrid,Eintracht Frankfurt,C. Gallagher,0,0,0,0,1,2,0,0,63,0,0,1,0,2,0
48,30 Sep 2025,,4yjkn4fr15vuunkq4k1ishno4,Slavko Vinčić,Club Atlético de Madrid,Eintracht Frankfurt,Koke,0,1,0,0,0,0,0,0,52,0,0,2,0,0,0
48,30 Sep 2025,,4yjkn4fr15vuunkq4k1ishno4,Slavko Vinčić,Club Atlético de Madrid,Eintracht Frankfurt,N. González,0,0,0,0,0,0,0,0,11,0,0,0,0,0,0
48,30 Sep 2025,,4yjkn4fr15vuunkq4k1ishno4,Slavko Vinčić,Club Atlético de Madrid,Eintracht Frankfurt,N. Molina,0,0,0,1,0,0,0,0,13,0,0,0,0,0,0
48,30 Sep 2025,,4yjkn4fr15vuunkq4k1ishno4,Slavko Vinčić,Club Atlético de Madrid,Eintracht Frankfurt,Álex Baena,0,0,0,0,0,0,0,0,1,0,0,0,0,0,0
48,30 Sep 2025,,4yjkn4fr15vuunkq4k1ishno4,Slavko Vinčić,Club Atlético de Madrid,Eintracht Frankfurt,Carlos Martín Domínguez,0,0,0,0,0,0,0,0,0,0,0,0,0,0,0
48,30 Sep 2025,,4yjkn4fr15vuunkq4k1ishno4,Slavko Vinčić,Club Atlético de Madrid,Eintracht Frankfurt,C. Uzun,0,0,0,0,1,0,0,0,35,0,0,1,0,2,0
48,30 Sep 2025,,4yjkn4fr15vuunkq4k1ishno4,Slavko Vinčić,Club Atlético de Madrid,Eintracht Frankfurt,A. Theate,0,0,0,0,0,0,0,0,83,0,0,0,0,1,0
48,30 Sep 2025,,4yjkn4fr15vuunkq4k1ishno4,Slavko Vinčić,Club Atlético de Madrid,Eintracht Frankfurt,N. Collins,0,0,0,1,0,1,0,0,41,0,0,0,0,1,0
48,30 Sep 2025,,4yjkn4fr15vuunkq4k1ishno4,Slavko Vinčić,Club Atlético de Madrid,Eintracht Frankfurt,R. Koch,0,0,0,0,1,0,0,0,77,0,0,0,0,0,0
48,30 Sep 2025,,4yjkn4fr15vuunkq4k1ishno4,Slavko Vinčić,Club Atlético de Madrid,Eintracht Frankfurt,Kauã Santos,0,0,0,0,0,1,0,0,40,0,7,0,0,0,0
48,30 Sep 2025,,4yjkn4fr15vuunkq4k1ishno4,Slavko Vinčić,Club Atlético de Madrid,Eintracht Frankfurt,N. Brown,0,0,0,2,1,3,0,0,42,0,0,0,0,5,1
48,30 Sep 2025,,4yjkn4fr15vuunkq4k1ishno4,Slavko Vinčić,Club Atlético de Madrid,Eintracht Frankfurt,E. Skhiri,0,0,0,0,0,0,0,0,42,0,0,0,0,1,0
48,30 Sep 2025,,4yjkn4fr15vuunkq4k1ishno4,Slavko Vinčić,Club Atlético de Madrid,Eintracht Frankfurt,A. Knauff,1,1,0,2,1,0,0,0,32,0,0,1,0,2,0
48,30 Sep 2025,,4yjkn4fr15vuunkq4k1ishno4,Slavko Vinčić,Club Atlético de Madrid,Eintracht Frankfurt,J. Burkardt,0,0,0,1,0,1,1,0,13,0,0,2,2,0,0
48,30 Sep 2025,,4yjkn4fr15vuunkq4k1ishno4,Slavko Vinčić,Club Atlético de Madrid,Eintracht Frankfurt,F. Chaïbi,0,2,1,2,1,1,0,0,41,0,0,2,0,2,0
48,30 Sep 2025,,4yjkn4fr15vuunkq4k1ishno4,Slavko Vinčić,Club Atlético de Madrid,Eintracht Frankfurt,R. Doan,0,0,0,2,0,3,0,0,22,0,0,0,0,1,0
48,30 Sep 2025,,4yjkn4fr15vuunkq4k1ishno4,Slavko Vinčić,Club Atlético de Madrid,Eintracht Frankfurt,H. Larsson,0,0,0,0,0,0,0,0,24,0,0,0,0,0,0
48,30 Sep 2025,,4yjkn4fr15vuunkq4k1ishno4,Slavko Vinčić,Club Atlético de Madrid,Eintracht Frankfurt,A. Amenda,0,0,0,0,1,0,0,0,28,0,0,0,0,0,0
48,30 Sep 2025,,4yjkn4fr15vuunkq4k1ishno4,Slavko Vinčić,Club Atlético de Madrid,Eintracht Frankfurt,O. Højlund,0,0,0,1,0,0,0,0,20,0,0,0,0,1,0
48,30 Sep 2025,,4yjkn4fr15vuunkq4k1ishno4,Slavko Vinčić,Club Atlético de Madrid,Eintracht Frankfurt,J. Bahoya,0,0,1,3,0,0,0,0,9,0,0,0,0,0,0
48,30 Sep 2025,,4yjkn4fr15vuunkq4k1ishno4,Slavko Vinčić,Club Atlético de Madrid,Eintracht Frankfurt,M. Götze,0,0,0,0,0,0,0,0,7,0,0,0,0,0,0
49,30 Sep 2025,,4ywa27fk4gjqw9lpav3e2sy6s,Daniel Siebert,Chelsea FC,SL Benfica,B. Badiashile,0,0,0,0,1,0,0,1,99,0,0,0,0,2,0
49,30 Sep 2025,,4ywa27fk4gjqw9lpav3e2sy6s,Daniel Siebert,Chelsea FC,SL Benfica,A. Garnacho,0,0,0,1,0,2,0,0,26,0,0,2,0,1,0
49,30 Sep 2025,,4ywa27fk4gjqw9lpav3e2sy6s,Daniel Siebert,Chelsea FC,SL Benfica,E. Fernández,0,0,0,2,2,4,0,0,56,0,0,1,0,3,1
49,30 Sep 2025,,4ywa27fk4gjqw9lpav3e2sy6s,Daniel Siebert,Chelsea FC,SL Benfica,T. Chalobah,0,0,0,0,0,0,0,0,84,0,0,0,0,0,0
49,30 Sep 2025,,4ywa27fk4gjqw9lpav3e2sy6s,Daniel Siebert,Chelsea FC,SL Benfica,M. Caicedo,0,0,0,1,0,2,0,0,61,0,0,0,0,7,0
49,30 Sep 2025,,4ywa27fk4gjqw9lpav3e2sy6s,Daniel Siebert,Chelsea FC,SL Benfica,F. Buonanotte,0,0,0,0,2,3,0,0,23,0,0,1,1,2,1
49,30 Sep 2025,,4ywa27fk4gjqw9lpav3e2sy6s,Daniel Siebert,Chelsea FC,SL Benfica,T. George,0,0,0,0,0,0,0,0,9,0,0,1,1,0,0
49,30 Sep 2025,,4ywa27fk4gjqw9lpav3e2sy6s,Daniel Siebert,Chelsea FC,SL Benfica,Pedro Neto,0,1,1,6,1,0,0,0,25,0,0,2,0,2,0
49,30 Sep 2025,,4ywa27fk4gjqw9lpav3e2sy6s,Daniel Siebert,Chelsea FC,SL Benfica,M. Gusto,0,0,1,1,3,0,0,0,34,0,0,0,0,2,0
49,30 Sep 2025,,4ywa27fk4gjqw9lpav3e2sy6s,Daniel Siebert,Chelsea FC,SL Benfica,Marc Cucurella,0,0,1,2,1,0,0,0,32,0,0,0,0,5,0
49,30 Sep 2025,,4ywa27fk4gjqw9lpav3e2sy6s,Daniel Siebert,Chelsea FC,SL Benfica,Robert Sánchez,0,0,0,0,0,0,0,0,31,0,3,0,0,0,0
49,30 Sep 2025,,4ywa27fk4gjqw9lpav3e2sy6s,Daniel Siebert,Chelsea FC,SL Benfica,Estêvão,0,0,0,0,0,0,0,0,12,0,0,1,1,1,0
49,30 Sep 2025,,4ywa27fk4gjqw9lpav3e2sy6s,Daniel Siebert,Chelsea FC,SL Benfica,João Pedro,0,0,0,0,3,1,0,0,6,1,0,0,0,0,2
49,30 Sep 2025,,4ywa27fk4gjqw9lpav3e2sy6s,Daniel Siebert,Chelsea FC,SL Benfica,J. Gittens,0,0,0,1,0,1,0,0,5,0,0,0,0,2,0
49,30 Sep 2025,,4ywa27fk4gjqw9lpav3e2sy6s,Daniel Siebert,Chelsea FC,SL Benfica,J. Acheampong,0,0,0,0,0,0,0,0,4,0,0,0,0,2,0
49,30 Sep 2025,,4ywa27fk4gjqw9lpav3e2sy6s,Daniel Siebert,Chelsea FC,SL Benfica,R. James,0,0,0,0,0,1,0,0,7,0,0,0,0,0,0
49,30 Sep 2025,,4ywa27fk4gjqw9lpav3e2sy6s,Daniel Siebert,Chelsea FC,SL Benfica,V. Pavlidis,0,0,1,0,0,1,0,0,22,0,0,1,0,1,0
49,30 Sep 2025,,4ywa27fk4gjqw9lpav3e2sy6s,Daniel Siebert,Chelsea FC,SL Benfica,N. Otamendi,0,0,0,2,1,1,0,0,50,0,0,1,1,2,1
49,30 Sep 2025,,4ywa27fk4gjqw9lpav3e2sy6s,Daniel Siebert,Chelsea FC,SL Benfica,F. Aursnes,0,1,1,1,5,1,0,2,41,0,0,1,0,0,1
49,30 Sep 2025,,4ywa27fk4gjqw9lpav3e2sy6s,Daniel Siebert,Chelsea FC,SL Benfica,D. Lukébakio,0,0,1,2,2,1,0,0,19,0,0,1,1,2,0
49,30 Sep 2025,,4ywa27fk4gjqw9lpav3e2sy6s,Daniel Siebert,Chelsea FC,SL Benfica,R. Ríos,0,0,0,0,2,1,0,0,21,0,0,1,1,0,1
49,30 Sep 2025,,4ywa27fk4gjqw9lpav3e2sy6s,Daniel Siebert,Chelsea FC,SL Benfica,A. Dedić,0,0,1,0,1,0,0,0,46,0,0,0,0,3,0
49,30 Sep 2025,,4ywa27fk4gjqw9lpav3e2sy6s,Daniel Siebert,Chelsea FC,SL Benfica,E. Barrenechea,0,0,0,0,1,2,0,0,39,0,0,1,0,1,1
49,30 Sep 2025,,4ywa27fk4gjqw9lpav3e2sy6s,Daniel Siebert,Chelsea FC,SL Benfica,H. Sudakov,0,0,0,3,0,3,0,0,20,0,0,1,0,1,0
49,30 Sep 2025,,4ywa27fk4gjqw9lpav3e2sy6s,Daniel Siebert,Chelsea FC,SL Benfica,António Silva,0,0,0,0,1,0,0,0,39,0,0,0,0,1,0
49,30 Sep 2025,,4ywa27fk4gjqw9lpav3e2sy6s,Daniel Siebert,Chelsea FC,SL Benfica,A. Trubin,0,0,0,0,0,0,0,0,29,0,3,0,0,0,0
49,30 Sep 2025,,4ywa27fk4gjqw9lpav3e2sy6s,Daniel Siebert,Chelsea FC,SL Benfica,S. Dahl,0,0,0,2,1,0,0,0,25,0,0,0,0,2,0
49,30 Sep 2025,,4ywa27fk4gjqw9lpav3e2sy6s,Daniel Siebert,Chelsea FC,SL Benfica,Tomás Araújo,0,0,0,0,0,1,0,0,17,0,0,0,0,0,1
49,30 Sep 2025,,4ywa27fk4gjqw9lpav3e2sy6s,Daniel Siebert,Chelsea FC,SL Benfica,L. Barreiro,0,0,0,0,0,2,0,0,9,0,0,0,0,2,0
49,30 Sep 2025,,4ywa27fk4gjqw9lpav3e2sy6s,Daniel Siebert,Chelsea FC,SL Benfica,F. Ivanović,0,1,1,1,0,0,0,0,10,0,0,2,0,1,0
49,30 Sep 2025,,4ywa27fk4gjqw9lpav3e2sy6s,Daniel Siebert,Chelsea FC,SL Benfica,A. Schjelderup,0,0,0,0,0,0,0,0,13,0,0,0,0,1,0
49,30 Sep 2025,,4ywa27fk4gjqw9lpav3e2sy6s,Daniel Siebert,Chelsea FC,SL Benfica,Henrique Araújo,0,0,0,0,0,0,0,0,2,0,0,0,0,0,0
50,30 Sep 2025,,4z8to3catex92f0ng2u3f7310,Chris Kavanagh,FC Internazionale Milano,SK Slavia Praha,H. Çalhanoğlu,0,1,1,2,1,1,0,0,86,0,0,2,0,3,0
50,30 Sep 2025,,4z8to3catex92f0ng2u3f7310,Chris Kavanagh,FC Internazionale Milano,SK Slavia Praha,F. Acerbi,0,0,0,0,0,2,0,0,91,0,0,0,0,1,0
50,30 Sep 2025,,4z8to3catex92f0ng2u3f7310,Chris Kavanagh,FC Internazionale Milano,SK Slavia Praha,Y. Sommer,0,0,0,0,0,0,0,0,49,0,1,0,0,0,0
50,30 Sep 2025,,4z8to3catex92f0ng2u3f7310,Chris Kavanagh,FC Internazionale Milano,SK Slavia Praha,A. Bastoni,1,0,0,1,2,4,0,0,66,0,0,1,0,0,0
50,30 Sep 2025,,4z8to3catex92f0ng2u3f7310,Chris Kavanagh,FC Internazionale Milano,SK Slavia Praha,L. Martínez,0,0,0,0,3,2,2,0,18,0,0,4,3,1,1
50,30 Sep 2025,,4z8to3catex92f0ng2u3f7310,Chris Kavanagh,FC Internazionale Milano,SK Slavia Praha,D. Dumfries,0,0,0,0,1,1,1,0,19,0,0,2,1,0,0
50,30 Sep 2025,,4z8to3catex92f0ng2u3f7310,Chris Kavanagh,FC Internazionale Milano,SK Slavia Praha,P. Sučić,0,0,1,1,0,0,0,0,41,0,0,1,1,0,0
50,30 Sep 2025,,4z8to3catex92f0ng2u3f7310,Chris Kavanagh,FC Internazionale Milano,SK Slavia Praha,M. Thuram,1,3,1,0,2,1,0,0,19,0,0,5,1,1,0
50,30 Sep 2025,,4z8to3catex92f0ng2u3f7310,Chris Kavanagh,FC Internazionale Milano,SK Slavia Praha,F. Dimarco,0,3,1,6,0,0,0,0,43,0,0,4,0,0,0
50,30 Sep 2025,,4z8to3catex92f0ng2u3f7310,Chris Kavanagh,FC Internazionale Milano,SK Slavia Praha,P. Zieliński,0,0,0,1,0,1,0,0,21,0,0,0,0,1,0
50,30 Sep 2025,,4z8to3catex92f0ng2u3f7310,Chris Kavanagh,FC Internazionale Milano,SK Slavia Praha,Y. Bisseck,0,0,0,0,2,0,0,0,49,0,0,0,0,0,1
50,30 Sep 2025,,4z8to3catex92f0ng2u3f7310,Chris Kavanagh,FC Internazionale Milano,SK Slavia Praha,M. Akanji,0,0,0,0,0,1,0,0,19,0,0,0,0,1,0
50,30 Sep 2025,,4z8to3catex92f0ng2u3f7310,Chris Kavanagh,FC Internazionale Milano,SK Slavia Praha,N. Barella,0,0,1,1,1,0,0,0,13,0,0,0,0,0,0
50,30 Sep 2025,,4z8to3catex92f0ng2u3f7310,Chris Kavanagh,FC Internazionale Milano,SK Slavia Praha,A. Bonny,0,0,0,0,0,0,0,0,10,0,0,0,0,1,0
50,30 Sep 2025,,4z8to3catex92f0ng2u3f7310,Chris Kavanagh,FC Internazionale Milano,SK Slavia Praha,F. Esposito,0,0,0,0,1,2,0,0,4,0,0,2,0,0,0
50,30 Sep 2025,,4z8to3catex92f0ng2u3f7310,Chris Kavanagh,FC Internazionale Milano,SK Slavia Praha,M. Darmian,0,0,0,0,0,1,0,0,10,0,0,0,0,0,0
50,30 Sep 2025,,4z8to3catex92f0ng2u3f7310,Chris Kavanagh,FC Internazionale Milano,SK Slavia Praha,V. Kušej,0,0,0,2,1,1,0,0,8,0,0,0,0,0,0
50,30 Sep 2025,,4z8to3catex92f0ng2u3f7310,Chris Kavanagh,FC Internazionale Milano,SK Slavia Praha,J. Staněk,0,0,0,0,0,0,0,0,50,0,2,0,0,0,0
50,30 Sep 2025,,4z8to3catex92f0ng2u3f7310,Chris Kavanagh,FC Internazionale Milano,SK Slavia Praha,L. Provod,0,1,0,2,1,2,0,0,27,0,0,1,0,1,0
50,30 Sep 2025,,4z8to3catex92f0ng2u3f7310,Chris Kavanagh,FC Internazionale Milano,SK Slavia Praha,D. Douděra,0,0,0,0,0,0,0,0,24,0,0,0,0,2,0
50,30 Sep 2025,,4z8to3catex92f0ng2u3f7310,Chris Kavanagh,FC Internazionale Milano,SK Slavia Praha,M. Sadílek,0,0,0,0,2,0,0,0,12,0,0,0,0,0,0
50,30 Sep 2025,,4z8to3catex92f0ng2u3f7310,Chris Kavanagh,FC Internazionale Milano,SK Slavia Praha,T. Vlček,0,0,0,1,1,0,0,0,55,0,0,0,0,1,0
50,30 Sep 2025,,4z8to3catex92f0ng2u3f7310,Chris Kavanagh,FC Internazionale Milano,SK Slavia Praha,O. Dorley,0,0,0,0,0,2,0,0,42,0,0,1,0,3,0
50,30 Sep 2025,,4z8to3catex92f0ng2u3f7310,Chris Kavanagh,FC Internazionale Milano,SK Slavia Praha,D. Zima,0,0,0,0,1,2,0,0,49,0,0,0,0,3,0
50,30 Sep 2025,,4z8to3catex92f0ng2u3f7310,Chris Kavanagh,FC Internazionale Milano,SK Slavia Praha,Š. Chaloupek,0,0,0,0,2,1,0,0,51,0,0,0,0,3,0
50,30 Sep 2025,,4z8to3catex92f0ng2u3f7310,Chris Kavanagh,FC Internazionale Milano,SK Slavia Praha,D. Hashioka,0,0,0,0,1,0,0,0,15,0,0,0,0,0,0
50,30 Sep 2025,,4z8to3catex92f0ng2u3f7310,Chris Kavanagh,FC Internazionale Milano,SK Slavia Praha,C. Zafeiris,0,0,0,0,4,2,0,0,44,0,0,0,0,2,0
50,30 Sep 2025,,4z8to3catex92f0ng2u3f7310,Chris Kavanagh,FC Internazionale Milano,SK Slavia Praha,T. Chorý,0,0,0,0,0,0,0,0,11,0,0,0,0,0,0
50,30 Sep 2025,,4z8to3catex92f0ng2u3f7310,Chris Kavanagh,FC Internazionale Milano,SK Slavia Praha,I. Schranz,0,0,0,0,2,1,0,0,10,0,0,0,0,0,1
50,30 Sep 2025,,4z8to3catex92f0ng2u3f7310,Chris Kavanagh,FC Internazionale Milano,SK Slavia Praha,Y. Mbodji,0,0,0,0,2,0,0,0,8,0,0,0,0,1,0
50,30 Sep 2025,,4z8to3catex92f0ng2u3f7310,Chris Kavanagh,FC Internazionale Milano,SK Slavia Praha,M. Cham,0,0,0,1,0,2,0,0,12,0,0,1,1,1,0
50,30 Sep 2025,,4z8to3catex92f0ng2u3f7310,Chris Kavanagh,FC Internazionale Milano,SK Slavia Praha,M. Chytil,0,0,0,0,0,0,0,0,2,0,0,0,0,0,0
51,30 Sep 2025,,4zlje47s72rm7ucdu1xma8jdg,Ivan Kružliak,FK Bodø / Glimt,Tottenham Hotspur FC,K. Høgh,0,0,0,0,1,1,0,3,14,0,0,2,0,1,0
51,30 Sep 2025,,4zlje47s72rm7ucdu1xma8jdg,Ivan Kružliak,FK Bodø / Glimt,Tottenham Hotspur FC,P. Berg,0,1,2,6,3,0,0,0,47,0,0,2,1,1,1
51,30 Sep 2025,,4zlje47s72rm7ucdu1xma8jdg,Ivan Kružliak,FK Bodø / Glimt,Tottenham Hotspur FC,H. Aleesami,0,0,0,0,0,0,0,0,57,0,0,0,0,3,0
51,30 Sep 2025,,4zlje47s72rm7ucdu1xma8jdg,Ivan Kružliak,FK Bodø / Glimt,Tottenham Hotspur FC,O. Bjørtuft,0,0,0,1,1,2,0,0,83,0,0,1,1,0,0
51,30 Sep 2025,,4zlje47s72rm7ucdu1xma8jdg,Ivan Kružliak,FK Bodø / Glimt,Tottenham Hotspur FC,F. Bjørkan,0,0,0,1,0,1,0,0,51,0,0,0,0,3,0
51,30 Sep 2025,,4zlje47s72rm7ucdu1xma8jdg,Ivan Kružliak,FK Bodø / Glimt,Tottenham Hotspur FC,N. Haikin,0,0,0,0,0,0,0,0,25,0,2,0,0,0,0
51,30 Sep 2025,,4zlje47s72rm7ucdu1xma8jdg,Ivan Kružliak,FK Bodø / Glimt,Tottenham Hotspur FC,F. Sjøvold,0,0,0,2,2,0,0,0,61,0,0,0,0,3,0
51,30 Sep 2025,,4zlje47s72rm7ucdu1xma8jdg,Ivan Kružliak,FK Bodø / Glimt,Tottenham Hotspur FC,H. Evjen,2,1,0,0,0,0,0,0,29,0,0,2,0,0,0
51,30 Sep 2025,,4zlje47s72rm7ucdu1xma8jdg,Ivan Kružliak,FK Bodø / Glimt,Tottenham Hotspur FC,S. Auklend,0,1,1,4,2,2,0,0,42,0,0,1,0,1,1
51,30 Sep 2025,,4zlje47s72rm7ucdu1xma8jdg,Ivan Kružliak,FK Bodø / Glimt,Tottenham Hotspur FC,S. Fet,0,1,0,0,1,0,0,0,24,0,0,3,0,2,0
51,30 Sep 2025,,4zlje47s72rm7ucdu1xma8jdg,Ivan Kružliak,FK Bodø / Glimt,Tottenham Hotspur FC,J. Hauge,0,2,1,1,0,1,2,0,62,0,0,5,2,2,0
51,30 Sep 2025,,4zlje47s72rm7ucdu1xma8jdg,Ivan Kružliak,FK Bodø / Glimt,Tottenham Hotspur FC,O. Blomberg,0,0,0,0,0,0,0,0,6,0,0,1,0,0,0
51,30 Sep 2025,,4zlje47s72rm7ucdu1xma8jdg,Ivan Kružliak,FK Bodø / Glimt,Tottenham Hotspur FC,J. Gundersen,0,0,0,0,0,0,0,0,2,0,0,0,0,0,0
51,30 Sep 2025,,4zlje47s72rm7ucdu1xma8jdg,Ivan Kružliak,FK Bodø / Glimt,Tottenham Hotspur FC,A. Helmersen,0,0,0,0,0,0,0,0,1,0,0,1,0,0,0
51,30 Sep 2025,,4zlje47s72rm7ucdu1xma8jdg,Ivan Kružliak,FK Bodø / Glimt,Tottenham Hotspur FC,A. Klynge,0,0,0,0,1,0,0,0,1,0,0,0,0,0,0
51,30 Sep 2025,,4zlje47s72rm7ucdu1xma8jdg,Ivan Kružliak,FK Bodø / Glimt,Tottenham Hotspur FC,R. Bentancur,0,0,0,1,1,2,0,0,30,0,0,0,0,4,0
51,30 Sep 2025,,4zlje47s72rm7ucdu1xma8jdg,Ivan Kružliak,FK Bodø / Glimt,Tottenham Hotspur FC,Pedro Porro,1,1,0,11,1,1,0,0,52,0,0,1,0,2,1
51,30 Sep 2025,,4zlje47s72rm7ucdu1xma8jdg,Ivan Kružliak,FK Bodø / Glimt,Tottenham Hotspur FC,Richarlison,0,1,0,0,1,1,0,0,5,0,0,2,1,1,0
51,30 Sep 2025,,4zlje47s72rm7ucdu1xma8jdg,Ivan Kružliak,FK Bodø / Glimt,Tottenham Hotspur FC,W. Odobert,0,0,1,1,0,1,0,0,37,0,0,1,0,4,0
51,30 Sep 2025,,4zlje47s72rm7ucdu1xma8jdg,Ivan Kružliak,FK Bodø / Glimt,Tottenham Hotspur FC,K. Danso,0,0,0,0,1,0,0,1,64,0,0,0,0,0,0
51,30 Sep 2025,,4zlje47s72rm7ucdu1xma8jdg,Ivan Kružliak,FK Bodø / Glimt,Tottenham Hotspur FC,D. Spence,0,0,0,1,0,1,0,0,45,0,0,0,0,1,0
51,30 Sep 2025,,4zlje47s72rm7ucdu1xma8jdg,Ivan Kružliak,FK Bodø / Glimt,Tottenham Hotspur FC,P. Sarr,0,0,0,0,0,0,0,0,15,0,0,1,0,0,0
51,30 Sep 2025,,4zlje47s72rm7ucdu1xma8jdg,Ivan Kružliak,FK Bodø / Glimt,Tottenham Hotspur FC,M. van de Ven,0,0,0,0,2,0,1,0,73,0,0,1,1,2,1
51,30 Sep 2025,,4zlje47s72rm7ucdu1xma8jdg,Ivan Kružliak,FK Bodø / Glimt,Tottenham Hotspur FC,G. Vicario,0,0,0,0,0,0,0,0,41,0,2,0,0,0,0
51,30 Sep 2025,,4zlje47s72rm7ucdu1xma8jdg,Ivan Kružliak,FK Bodø / Glimt,Tottenham Hotspur FC,L. Bergvall,0,0,0,0,1,2,0,0,11,0,0,0,0,1,0
51,30 Sep 2025,,4zlje47s72rm7ucdu1xma8jdg,Ivan Kružliak,FK Bodø / Glimt,Tottenham Hotspur FC,B. Johnson,0,0,0,0,0,0,0,1,13,0,0,1,0,2,0
51,30 Sep 2025,,4zlje47s72rm7ucdu1xma8jdg,Ivan Kružliak,FK Bodø / Glimt,Tottenham Hotspur FC,M. Kudus,0,0,1,4,0,0,0,0,21,0,0,0,0,0,0
51,30 Sep 2025,,4zlje47s72rm7ucdu1xma8jdg,Ivan Kružliak,FK Bodø / Glimt,Tottenham Hotspur FC,X. Simons,0,0,1,2,0,1,0,0,29,0,0,0,0,0,0
51,30 Sep 2025,,4zlje47s72rm7ucdu1xma8jdg,Ivan Kružliak,FK Bodø / Glimt,Tottenham Hotspur FC,João Palhinha,0,0,0,0,0,1,0,0,12,0,0,0,0,2,0
51,30 Sep 2025,,4zlje47s72rm7ucdu1xma8jdg,Ivan Kružliak,FK Bodø / Glimt,Tottenham Hotspur FC,D. Udogie,0,0,2,0,0,0,0,0,9,0,0,0,0,0,0
51,30 Sep 2025,,4zlje47s72rm7ucdu1xma8jdg,Ivan Kružliak,FK Bodø / Glimt,Tottenham Hotspur FC,A. Gray,0,0,0,0,0,0,0,0,3,0,0,1,1,0,0
52,30 Sep 2025,,4zy839pwz57fo6s7vmh7ntv6c,Clément Turpin,Galatasaray Spor Kulübü,Liverpool FC,W. Singo,0,0,0,1,0,2,0,0,17,0,0,1,0,3,0
52,30 Sep 2025,,4zy839pwz57fo6s7vmh7ntv6c,Clément Turpin,Galatasaray Spor Kulübü,Liverpool FC,Y. Akgün,0,0,0,1,0,0,0,0,13,0,0,0,0,1,0
52,30 Sep 2025,,4zy839pwz57fo6s7vmh7ntv6c,Clément Turpin,Galatasaray Spor Kulübü,Liverpool FC,I. Jakobs,0,0,0,0,2,1,0,0,18,0,0,0,0,5,1
52,30 Sep 2025,,4zy839pwz57fo6s7vmh7ntv6c,Clément Turpin,Galatasaray Spor Kulübü,Liverpool FC,M. Lemina,0,0,0,1,2,0,0,0,35,0,0,0,0,2,1
52,30 Sep 2025,,4zy839pwz57fo6s7vmh7ntv6c,Clément Turpin,Galatasaray Spor Kulübü,Liverpool FC,A. Bardakcı,0,1,0,0,1,1,0,0,33,0,0,1,0,1,1
52,30 Sep 2025,,4zy839pwz57fo6s7vmh7ntv6c,Clément Turpin,Galatasaray Spor Kulübü,Liverpool FC,U. Çakır,0,0,0,0,0,0,0,0,34,0,4,0,0,1,1
52,30 Sep 2025,,4zy839pwz57fo6s7vmh7ntv6c,Clément Turpin,Galatasaray Spor Kulübü,Liverpool FC,B. Yılmaz,0,0,1,1,0,3,0,1,17,0,0,1,1,3,0
52,30 Sep 2025,,4zy839pwz57fo6s7vmh7ntv6c,Clément Turpin,Galatasaray Spor Kulübü,Liverpool FC,İ. Gündoğan,0,0,0,3,0,2,0,0,20,0,0,0,0,1,0
52,30 Sep 2025,,4zy839pwz57fo6s7vmh7ntv6c,Clément Turpin,Galatasaray Spor Kulübü,Liverpool FC,D. Sánchez,0,0,0,0,1,0,0,0,30,0,0,1,0,1,0
52,30 Sep 2025,,4zy839pwz57fo6s7vmh7ntv6c,Clément Turpin,Galatasaray Spor Kulübü,Liverpool FC,L. Torreira,0,0,0,0,5,2,0,0,30,0,0,1,0,5,0
52,30 Sep 2025,,4zy839pwz57fo6s7vmh7ntv6c,Clément Turpin,Galatasaray Spor Kulübü,Liverpool FC,V. Osimhen,0,1,1,0,0,2,1,1,9,0,0,4,3,1,0
52,30 Sep 2025,,4zy839pwz57fo6s7vmh7ntv6c,Clément Turpin,Galatasaray Spor Kulübü,Liverpool FC,R. Sallai,0,0,0,0,0,1,0,0,1,0,0,0,0,0,0
52,30 Sep 2025,,4zy839pwz57fo6s7vmh7ntv6c,Clément Turpin,Galatasaray Spor Kulübü,Liverpool FC,M. Icardi,0,0,0,0,0,0,0,0,3,0,0,0,0,0,1
52,30 Sep 2025,,4zy839pwz57fo6s7vmh7ntv6c,Clément Turpin,Galatasaray Spor Kulübü,Liverpool FC,Gabriel Sara,0,0,1,1,1,0,0,0,5,0,0,0,0,1,0
52,30 Sep 2025,,4zy839pwz57fo6s7vmh7ntv6c,Clément Turpin,Galatasaray Spor Kulübü,Liverpool FC,E. Elmalı,0,0,0,0,0,0,0,0,6,0,0,0,0,0,0
52,30 Sep 2025,,4zy839pwz57fo6s7vmh7ntv6c,Clément Turpin,Galatasaray Spor Kulübü,Liverpool FC,R. Gravenberch,0,0,0,0,2,1,0,0,44,0,0,0,0,0,1
52,30 Sep 2025,,4zy839pwz57fo6s7vmh7ntv6c,Clément Turpin,Galatasaray Spor Kulübü,Liverpool FC,I. Konaté,0,0,0,0,2,0,0,0,62,0,0,2,0,0,0
52,30 Sep 2025,,4zy839pwz57fo6s7vmh7ntv6c,Clément Turpin,Galatasaray Spor Kulübü,Liverpool FC,C. Jones,0,0,0,0,2,5,0,0,66,0,0,0,0,3,1
52,30 Sep 2025,,4zy839pwz57fo6s7vmh7ntv6c,Clément Turpin,Galatasaray Spor Kulübü,Liverpool FC,F. Wirtz,0,2,1,1,1,2,0,0,39,0,0,3,1,1,0
52,30 Sep 2025,,4zy839pwz57fo6s7vmh7ntv6c,Clément Turpin,Galatasaray Spor Kulübü,Liverpool FC,M. Kerkez,0,2,1,5,2,0,0,0,39,0,0,2,0,2,0
52,30 Sep 2025,,4zy839pwz57fo6s7vmh7ntv6c,Clément Turpin,Galatasaray Spor Kulübü,Liverpool FC,V. van Dijk,0,0,0,0,1,0,0,0,93,0,0,0,0,0,0
52,30 Sep 2025,,4zy839pwz57fo6s7vmh7ntv6c,Clément Turpin,Galatasaray Spor Kulübü,Liverpool FC,Alisson Becker,0,0,0,0,0,0,0,0,15,0,3,0,0,0,0
52,30 Sep 2025,,4zy839pwz57fo6s7vmh7ntv6c,Clément Turpin,Galatasaray Spor Kulübü,Liverpool FC,C. Gakpo,0,1,0,4,0,1,0,0,10,0,0,2,1,1,0
52,30 Sep 2025,,4zy839pwz57fo6s7vmh7ntv6c,Clément Turpin,Galatasaray Spor Kulübü,Liverpool FC,J. Frimpong,0,0,2,6,1,1,0,1,19,0,0,0,0,0,0
52,30 Sep 2025,,4zy839pwz57fo6s7vmh7ntv6c,Clément Turpin,Galatasaray Spor Kulübü,Liverpool FC,D. Szoboszlai,0,1,1,9,1,0,0,0,52,0,0,1,0,2,0
52,30 Sep 2025,,4zy839pwz57fo6s7vmh7ntv6c,Clément Turpin,Galatasaray Spor Kulübü,Liverpool FC,H. Ekitiké,0,0,1,0,1,0,0,0,14,0,0,2,1,2,0
52,30 Sep 2025,,4zy839pwz57fo6s7vmh7ntv6c,Clément Turpin,Galatasaray Spor Kulübü,Liverpool FC,G. Mamardashvili,0,0,0,0,0,0,0,0,17,0,0,0,0,0,0
52,30 Sep 2025,,4zy839pwz57fo6s7vmh7ntv6c,Clément Turpin,Galatasaray Spor Kulübü,Liverpool FC,C. Bradley,0,0,0,1,1,0,0,0,17,0,0,1,0,0,1
52,30 Sep 2025,,4zy839pwz57fo6s7vmh7ntv6c,Clément Turpin,Galatasaray Spor Kulübü,Liverpool FC,A. Isak,0,0,0,0,0,0,0,0,2,0,0,1,1,0,0
52,30 Sep 2025,,4zy839pwz57fo6s7vmh7ntv6c,Clément Turpin,Galatasaray Spor Kulübü,Liverpool FC,Mohamed Salah,0,0,1,1,0,1,0,0,13,0,0,0,0,1,0
52,30 Sep 2025,,4zy839pwz57fo6s7vmh7ntv6c,Clément Turpin,Galatasaray Spor Kulübü,Liverpool FC,A. Mac Allister,0,1,0,1,0,1,0,0,23,0,0,2,0,0,0
53,30 Sep 2025,,50aybm4aduzr2y0na0l1tj2tw,Anthony Taylor,Olympique de Marseille,AFC Ajax,B. Pavard,0,0,0,1,3,0,0,0,36,0,0,0,0,0,0
53,30 Sep 2025,,50aybm4aduzr2y0na0l1tj2tw,Anthony Taylor,Olympique de Marseille,AFC Ajax,M. Greenwood,0,0,1,0,3,1,1,0,29,0,0,4,3,3,0
53,30 Sep 2025,,50aybm4aduzr2y0na0l1tj2tw,Anthony Taylor,Olympique de Marseille,AFC Ajax,G. Rulli,0,0,0,0,0,0,0,0,52,0,2,0,0,0,0
53,30 Sep 2025,,50aybm4aduzr2y0na0l1tj2tw,Anthony Taylor,Olympique de Marseille,AFC Ajax,F. Medina,0,0,0,0,0,2,0,0,31,0,0,0,0,0,0
53,30 Sep 2025,,50aybm4aduzr2y0na0l1tj2tw,Anthony Taylor,Olympique de Marseille,AFC Ajax,N. Aguerd,0,0,0,0,2,0,0,0,70,0,0,0,0,1,1
53,30 Sep 2025,,50aybm4aduzr2y0na0l1tj2tw,Anthony Taylor,Olympique de Marseille,AFC Ajax,Igor Paixão,1,0,0,0,2,1,2,0,14,0,0,2,2,0,0
53,30 Sep 2025,,50aybm4aduzr2y0na0l1tj2tw,Anthony Taylor,Olympique de Marseille,AFC Ajax,Emerson,0,0,0,1,1,0,0,0,34,0,0,0,0,0,0
53,30 Sep 2025,,50aybm4aduzr2y0na0l1tj2tw,Anthony Taylor,Olympique de Marseille,AFC Ajax,A. Vermeeren,1,1,0,0,1,2,0,0,56,0,0,1,0,1,0
53,30 Sep 2025,,50aybm4aduzr2y0na0l1tj2tw,Anthony Taylor,Olympique de Marseille,AFC Ajax,M. O'Riley,0,0,0,0,0,0,0,0,29,0,0,0,0,1,0
53,30 Sep 2025,,50aybm4aduzr2y0na0l1tj2tw,Anthony Taylor,Olympique de Marseille,AFC Ajax,B. Nadir,0,0,0,0,1,1,0,0,16,0,0,0,0,1,0
53,30 Sep 2025,,50aybm4aduzr2y0na0l1tj2tw,Anthony Taylor,Olympique de Marseille,AFC Ajax,P. Aubameyang,2,0,0,2,1,3,1,0,18,0,0,2,1,1,0
53,30 Sep 2025,,50aybm4aduzr2y0na0l1tj2tw,Anthony Taylor,Olympique de Marseille,AFC Ajax,C. Egan-Riley,0,0,0,0,0,0,0,0,38,0,0,0,0,1,0
53,30 Sep 2025,,50aybm4aduzr2y0na0l1tj2tw,Anthony Taylor,Olympique de Marseille,AFC Ajax,T. Weah,0,0,0,0,1,0,0,0,13,0,0,0,0,0,0
53,30 Sep 2025,,50aybm4aduzr2y0na0l1tj2tw,Anthony Taylor,Olympique de Marseille,AFC Ajax,P. Højbjerg,0,0,0,0,1,0,0,0,22,0,0,0,0,0,1
53,30 Sep 2025,,50aybm4aduzr2y0na0l1tj2tw,Anthony Taylor,Olympique de Marseille,AFC Ajax,A. Gomes,0,0,0,0,1,1,0,0,21,0,0,0,0,1,0
53,30 Sep 2025,,50aybm4aduzr2y0na0l1tj2tw,Anthony Taylor,Olympique de Marseille,AFC Ajax,A. Murillo,0,0,0,0,1,0,0,0,2,0,0,0,0,1,0
53,30 Sep 2025,,50aybm4aduzr2y0na0l1tj2tw,Anthony Taylor,Olympique de Marseille,AFC Ajax,K. Taylor,0,2,2,2,2,5,0,0,39,0,0,4,1,0,0
53,30 Sep 2025,,50aybm4aduzr2y0na0l1tj2tw,Anthony Taylor,Olympique de Marseille,AFC Ajax,V. Jaroš,0,0,0,0,0,0,0,0,34,0,2,0,0,0,0
53,30 Sep 2025,,50aybm4aduzr2y0na0l1tj2tw,Anthony Taylor,Olympique de Marseille,AFC Ajax,O. Wijndal,0,0,0,1,1,0,0,0,24,0,0,0,0,1,0
53,30 Sep 2025,,50aybm4aduzr2y0na0l1tj2tw,Anthony Taylor,Olympique de Marseille,AFC Ajax,Y. Baas,0,0,0,0,0,1,0,0,45,0,0,0,0,0,0
53,30 Sep 2025,,50aybm4aduzr2y0na0l1tj2tw,Anthony Taylor,Olympique de Marseille,AFC Ajax,Y. Regeer,0,0,0,0,0,0,0,0,25,0,0,0,0,0,0
53,30 Sep 2025,,50aybm4aduzr2y0na0l1tj2tw,Anthony Taylor,Olympique de Marseille,AFC Ajax,K. Itakura,0,0,0,0,3,0,0,0,67,0,0,0,0,0,1
53,30 Sep 2025,,50aybm4aduzr2y0na0l1tj2tw,Anthony Taylor,Olympique de Marseille,AFC Ajax,M. Godts,0,2,2,6,0,1,0,0,27,0,0,3,0,0,0
53,30 Sep 2025,,50aybm4aduzr2y0na0l1tj2tw,Anthony Taylor,Olympique de Marseille,AFC Ajax,Lucas Rosa,0,0,1,1,2,2,0,0,54,0,0,0,0,2,1
53,30 Sep 2025,,50aybm4aduzr2y0na0l1tj2tw,Anthony Taylor,Olympique de Marseille,AFC Ajax,S. Berghuis,0,1,0,1,0,1,0,0,26,0,0,1,0,0,0
53,30 Sep 2025,,50aybm4aduzr2y0na0l1tj2tw,Anthony Taylor,Olympique de Marseille,AFC Ajax,O. Gloukh,0,0,2,3,0,1,0,1,38,0,0,0,0,0,0
53,30 Sep 2025,,50aybm4aduzr2y0na0l1tj2tw,Anthony Taylor,Olympique de Marseille,AFC Ajax,D. Klaassen,0,0,0,0,1,0,0,0,19,0,0,0,0,1,0
53,30 Sep 2025,,50aybm4aduzr2y0na0l1tj2tw,Anthony Taylor,Olympique de Marseille,AFC Ajax,J. Mokio,0,1,0,0,2,3,0,0,59,0,0,1,0,3,0
53,30 Sep 2025,,50aybm4aduzr2y0na0l1tj2tw,Anthony Taylor,Olympique de Marseille,AFC Ajax,O. Edvardsen,0,0,0,0,0,3,0,0,9,0,0,2,1,1,0
53,30 Sep 2025,,50aybm4aduzr2y0na0l1tj2tw,Anthony Taylor,Olympique de Marseille,AFC Ajax,A. Gaaei,0,0,0,0,1,0,0,0,21,0,0,1,0,0,1
53,30 Sep 2025,,50aybm4aduzr2y0na0l1tj2tw,Anthony Taylor,Olympique de Marseille,AFC Ajax,J. Šutalo,0,0,0,0,0,0,0,0,29,0,0,0,0,0,0
53,30 Sep 2025,,50aybm4aduzr2y0na0l1tj2tw,Anthony Taylor,Olympique de Marseille,AFC Ajax,Raúl Moro,0,0,0,0,0,1,0,1,1,0,0,1,0,0,0
54,30 Sep 2025,,50nj6r3qfjg2ji8ayitzkiwpg,Manfredas Lukjančukas,Pafos FC,FC Bayern München,David Goldar,0,1,0,0,1,0,0,0,47,0,0,1,0,2,0
54,30 Sep 2025,,50nj6r3qfjg2ji8ayitzkiwpg,Manfredas Lukjančukas,Pafos FC,FC Bayern München,D. Luckassen,0,0,0,0,2,0,0,0,47,0,0,0,0,2,0
54,30 Sep 2025,,50nj6r3qfjg2ji8ayitzkiwpg,Manfredas Lukjančukas,Pafos FC,FC Bayern München,Pêpê Rodrigues,0,0,0,0,0,1,0,0,38,0,0,1,0,1,0
54,30 Sep 2025,,50nj6r3qfjg2ji8ayitzkiwpg,Manfredas Lukjančukas,Pafos FC,FC Bayern München,M. Oršić,0,0,1,3,3,0,1,0,32,0,0,1,1,0,1
54,30 Sep 2025,,50nj6r3qfjg2ji8ayitzkiwpg,Manfredas Lukjančukas,Pafos FC,FC Bayern München,Jajá,0,0,0,0,0,3,0,0,15,0,0,1,1,1,0
54,30 Sep 2025,,50nj6r3qfjg2ji8ayitzkiwpg,Manfredas Lukjančukas,Pafos FC,FC Bayern München,K. Pileas,0,0,0,1,2,1,0,0,18,0,0,0,0,0,0
54,30 Sep 2025,,50nj6r3qfjg2ji8ayitzkiwpg,Manfredas Lukjančukas,Pafos FC,FC Bayern München,N. Michael,0,0,0,0,0,1,0,0,31,0,10,0,0,0,0
54,30 Sep 2025,,50nj6r3qfjg2ji8ayitzkiwpg,Manfredas Lukjančukas,Pafos FC,FC Bayern München,David Luiz,0,0,0,0,0,1,0,0,26,0,0,0,0,1,0
54,30 Sep 2025,,50nj6r3qfjg2ji8ayitzkiwpg,Manfredas Lukjančukas,Pafos FC,FC Bayern München,I. Šunjić,0,0,0,0,1,0,0,0,27,0,0,0,0,0,0
54,30 Sep 2025,,50nj6r3qfjg2ji8ayitzkiwpg,Manfredas Lukjančukas,Pafos FC,FC Bayern München,Anderson Silva,0,0,1,1,0,0,0,0,10,0,0,1,0,1,0
54,30 Sep 2025,,50nj6r3qfjg2ji8ayitzkiwpg,Manfredas Lukjančukas,Pafos FC,FC Bayern München,V. Dragomir,0,0,0,1,0,0,0,0,21,0,0,0,0,0,0
54,30 Sep 2025,,50nj6r3qfjg2ji8ayitzkiwpg,Manfredas Lukjančukas,Pafos FC,FC Bayern München,L. Dimata,0,0,0,0,2,1,0,0,7,0,0,0,0,0,0
54,30 Sep 2025,,50nj6r3qfjg2ji8ayitzkiwpg,Manfredas Lukjančukas,Pafos FC,FC Bayern München,M. Bassouamina,0,0,0,1,0,0,0,0,7,0,0,0,0,0,0
54,30 Sep 2025,,50nj6r3qfjg2ji8ayitzkiwpg,Manfredas Lukjančukas,Pafos FC,FC Bayern München,Bruno Langa,0,0,0,0,0,0,0,0,13,0,0,0,0,0,0
54,30 Sep 2025,,50nj6r3qfjg2ji8ayitzkiwpg,Manfredas Lukjančukas,Pafos FC,FC Bayern München,Domingos Quina,0,0,0,0,0,0,0,0,10,0,0,1,0,0,0
54,30 Sep 2025,,50nj6r3qfjg2ji8ayitzkiwpg,Manfredas Lukjančukas,Pafos FC,FC Bayern München,K. Sema,0,0,0,0,0,0,0,0,3,0,0,0,0,1,0
54,30 Sep 2025,,50nj6r3qfjg2ji8ayitzkiwpg,Manfredas Lukjančukas,Pafos FC,FC Bayern München,L. Díaz,0,1,1,0,0,2,0,0,29,0,0,3,2,0,0
54,30 Sep 2025,,50nj6r3qfjg2ji8ayitzkiwpg,Manfredas Lukjančukas,Pafos FC,FC Bayern München,M. Neuer,0,0,0,0,0,0,0,0,33,0,1,0,0,0,0
54,30 Sep 2025,,50nj6r3qfjg2ji8ayitzkiwpg,Manfredas Lukjančukas,Pafos FC,FC Bayern München,N. Jackson,1,0,0,0,1,2,1,0,35,0,0,6,5,0,0
54,30 Sep 2025,,50nj6r3qfjg2ji8ayitzkiwpg,Manfredas Lukjančukas,Pafos FC,FC Bayern München,Raphaël Guerreiro,0,0,1,1,1,0,1,0,74,0,0,2,1,1,0
54,30 Sep 2025,,50nj6r3qfjg2ji8ayitzkiwpg,Manfredas Lukjančukas,Pafos FC,FC Bayern München,J. Kimmich,0,0,2,4,0,2,0,0,94,0,0,1,0,0,0
54,30 Sep 2025,,50nj6r3qfjg2ji8ayitzkiwpg,Manfredas Lukjančukas,Pafos FC,FC Bayern München,Kim Min-Jae,0,0,0,0,1,0,0,0,75,0,0,0,0,0,0
54,30 Sep 2025,,50nj6r3qfjg2ji8ayitzkiwpg,Manfredas Lukjančukas,Pafos FC,FC Bayern München,M. Olise,2,2,1,5,1,1,1,0,46,0,0,4,2,0,0
54,30 Sep 2025,,50nj6r3qfjg2ji8ayitzkiwpg,Manfredas Lukjančukas,Pafos FC,FC Bayern München,K. Laimer,0,0,1,0,0,0,0,0,36,0,0,0,0,1,0
54,30 Sep 2025,,50nj6r3qfjg2ji8ayitzkiwpg,Manfredas Lukjančukas,Pafos FC,FC Bayern München,H. Kane,0,1,0,0,1,1,2,0,29,0,0,5,3,0,0
54,30 Sep 2025,,50nj6r3qfjg2ji8ayitzkiwpg,Manfredas Lukjančukas,Pafos FC,FC Bayern München,A. Pavlović,0,0,0,1,2,0,0,0,110,0,0,1,1,3,0
54,30 Sep 2025,,50nj6r3qfjg2ji8ayitzkiwpg,Manfredas Lukjančukas,Pafos FC,FC Bayern München,D. Upamecano,0,0,0,0,0,0,0,0,58,0,0,0,0,1,0
54,30 Sep 2025,,50nj6r3qfjg2ji8ayitzkiwpg,Manfredas Lukjančukas,Pafos FC,FC Bayern München,S. Gnabry,0,0,0,0,1,0,0,0,21,0,0,1,1,1,0
54,30 Sep 2025,,50nj6r3qfjg2ji8ayitzkiwpg,Manfredas Lukjančukas,Pafos FC,FC Bayern München,S. Boey,0,0,0,0,0,0,0,0,22,0,0,0,0,1,0
54,30 Sep 2025,,50nj6r3qfjg2ji8ayitzkiwpg,Manfredas Lukjančukas,Pafos FC,FC Bayern München,L. Karl,0,0,0,0,0,0,0,0,20,0,0,3,0,0,0
54,30 Sep 2025,,50nj6r3qfjg2ji8ayitzkiwpg,Manfredas Lukjančukas,Pafos FC,FC Bayern München,J. Tah,0,0,0,0,1,0,0,0,21,0,0,0,0,0,0
54,30 Sep 2025,,50nj6r3qfjg2ji8ayitzkiwpg,Manfredas Lukjančukas,Pafos FC,FC Bayern München,T. Bischof,0,0,0,0,0,0,0,0,17,0,0,0,0,0,0
55,1 Oct 2025,,5104qayfydr051q69yxvq9tzo,Serdar Gözübüyük,Qarabağ Ağdam FK,FC København,B. Mustafazadə,0,0,0,0,1,0,0,0,44,0,0,0,0,0,0
55,1 Oct 2025,,5104qayfydr051q69yxvq9tzo,Serdar Gözübüyük,Qarabağ Ağdam FK,FC København,Leandro Andrade,0,1,1,1,2,1,0,0,20,0,0,1,0,1,0
55,1 Oct 2025,,5104qayfydr051q69yxvq9tzo,Serdar Gözübüyük,Qarabağ Ağdam FK,FC København,O. Kashchuk,0,0,1,2,0,3,0,0,8,0,0,1,1,2,0
55,1 Oct 2025,,5104qayfydr051q69yxvq9tzo,Serdar Gözübüyük,Qarabağ Ağdam FK,FC København,Pedro Bicalho,0,0,0,0,0,2,0,0,38,0,0,1,0,1,0
55,1 Oct 2025,,5104qayfydr051q69yxvq9tzo,Serdar Gözübüyük,Qarabağ Ağdam FK,FC København,K. Medina,0,0,0,0,0,1,0,0,51,0,0,0,0,0,0
55,1 Oct 2025,,5104qayfydr051q69yxvq9tzo,Serdar Gözübüyük,Qarabağ Ağdam FK,FC København,E. Cəfərquliyev,0,0,1,2,1,1,0,0,38,0,0,0,0,2,0
55,1 Oct 2025,,5104qayfydr051q69yxvq9tzo,Serdar Gözübüyük,Qarabağ Ağdam FK,FC København,Kady Borges,0,0,0,4,0,2,0,0,35,0,0,0,0,3,0
55,1 Oct 2025,,5104qayfydr051q69yxvq9tzo,Serdar Gözübüyük,Qarabağ Ağdam FK,FC København,Matheus Silva,0,0,0,2,2,7,0,0,37,0,0,1,1,2,1
55,1 Oct 2025,,5104qayfydr051q69yxvq9tzo,Serdar Gözübüyük,Qarabağ Ağdam FK,FC København,M. Kochalski,0,0,0,0,0,1,0,0,48,0,4,0,0,0,0
55,1 Oct 2025,,5104qayfydr051q69yxvq9tzo,Serdar Gözübüyük,Qarabağ Ağdam FK,FC København,A. Zoubir,0,0,1,0,1,1,1,0,34,0,0,3,2,1,0
55,1 Oct 2025,,5104qayfydr051q69yxvq9tzo,Serdar Gözübüyük,Qarabağ Ağdam FK,FC København,C. Durán,0,0,0,0,0,1,0,2,6,0,0,1,1,0,0
55,1 Oct 2025,,5104qayfydr051q69yxvq9tzo,Serdar Gözübüyük,Qarabağ Ağdam FK,FC København,E. Addai,0,0,0,0,0,0,1,0,3,0,0,1,1,1,0
55,1 Oct 2025,,5104qayfydr051q69yxvq9tzo,Serdar Gözübüyük,Qarabağ Ağdam FK,FC København,T. Bayramov,0,0,0,0,2,0,0,0,3,0,0,0,0,2,1
55,1 Oct 2025,,5104qayfydr051q69yxvq9tzo,Serdar Gözübüyük,Qarabağ Ağdam FK,FC København,N. Axundzadə,1,0,0,0,1,0,0,0,1,0,0,0,0,0,1
55,1 Oct 2025,,5104qayfydr051q69yxvq9tzo,Serdar Gözübüyük,Qarabağ Ağdam FK,FC København,C. Kouakou,0,0,0,0,0,0,0,0,3,0,0,0,0,0,0
55,1 Oct 2025,,5104qayfydr051q69yxvq9tzo,Serdar Gözübüyük,Qarabağ Ağdam FK,FC København,M. Qurbanlı,0,0,0,0,0,0,0,0,1,0,0,1,0,0,0
55,1 Oct 2025,,5104qayfydr051q69yxvq9tzo,Serdar Gözübüyük,Qarabağ Ağdam FK,FC København,L. Lerager,0,0,1,2,1,2,0,0,50,0,0,4,1,6,0
55,1 Oct 2025,,5104qayfydr051q69yxvq9tzo,Serdar Gözübüyük,Qarabağ Ağdam FK,FC København,D. Kotarski,0,0,0,0,0,0,0,0,29,0,4,0,0,0,0
55,1 Oct 2025,,5104qayfydr051q69yxvq9tzo,Serdar Gözübüyük,Qarabağ Ağdam FK,FC København,M. López,0,0,0,6,5,2,0,0,44,0,0,1,0,1,1
55,1 Oct 2025,,5104qayfydr051q69yxvq9tzo,Serdar Gözübüyük,Qarabağ Ağdam FK,FC København,R. Huescas,0,0,0,0,0,0,0,0,3,0,0,0,0,0,0
55,1 Oct 2025,,5104qayfydr051q69yxvq9tzo,Serdar Gözübüyük,Qarabağ Ağdam FK,FC København,T. Delaney,0,0,1,1,3,1,0,0,31,0,0,0,0,1,0
55,1 Oct 2025,,5104qayfydr051q69yxvq9tzo,Serdar Gözübüyük,Qarabağ Ağdam FK,FC København,P. Hatzidiakos,0,0,0,0,1,0,0,0,20,0,0,0,0,0,0
55,1 Oct 2025,,5104qayfydr051q69yxvq9tzo,Serdar Gözübüyük,Qarabağ Ağdam FK,FC København,M. Elyounoussi,0,2,2,5,3,0,0,0,32,0,0,4,1,4,0
55,1 Oct 2025,,5104qayfydr051q69yxvq9tzo,Serdar Gözübüyük,Qarabağ Ağdam FK,FC København,J. Larsson,0,0,1,1,1,0,0,0,17,0,0,1,1,0,0
55,1 Oct 2025,,5104qayfydr051q69yxvq9tzo,Serdar Gözübüyük,Qarabağ Ağdam FK,FC København,Y. Moukoko,0,0,0,0,1,0,0,2,5,0,0,0,0,1,0
55,1 Oct 2025,,5104qayfydr051q69yxvq9tzo,Serdar Gözübüyük,Qarabağ Ağdam FK,FC København,Robert Silva,0,0,1,3,2,1,0,1,8,0,0,0,0,2,0
55,1 Oct 2025,,5104qayfydr051q69yxvq9tzo,Serdar Gözübüyük,Qarabağ Ağdam FK,FC København,Gabriel Pereira,0,0,0,1,0,0,0,1,37,0,0,1,0,0,0
55,1 Oct 2025,,5104qayfydr051q69yxvq9tzo,Serdar Gözübüyük,Qarabağ Ağdam FK,FC København,Y. Zague,0,0,0,1,0,1,0,0,22,0,0,0,0,3,0
55,1 Oct 2025,,5104qayfydr051q69yxvq9tzo,Serdar Gözübüyük,Qarabağ Ağdam FK,FC København,V. Claesson,0,0,0,0,2,0,0,0,35,0,0,1,1,0,0
55,1 Oct 2025,,5104qayfydr051q69yxvq9tzo,Serdar Gözübüyük,Qarabağ Ağdam FK,FC København,J. Suzuki,0,0,0,0,0,0,0,0,21,0,0,0,0,2,0
55,1 Oct 2025,,5104qayfydr051q69yxvq9tzo,Serdar Gözübüyük,Qarabağ Ağdam FK,FC København,E. Achouri,0,0,1,1,1,2,0,0,11,0,0,0,0,1,0
55,1 Oct 2025,,5104qayfydr051q69yxvq9tzo,Serdar Gözübüyük,Qarabağ Ağdam FK,FC København,M. Madsen,0,0,0,0,0,0,0,0,8,0,0,0,0,1,0
56,1 Oct 2025,,51cxywc10d5578261crewjnkk,Urs Schnyder,Royale Union Saint-Gilloise,Newcastle United FC,K. Van de Perre,0,0,0,0,3,1,0,0,32,0,0,1,0,5,1
56,1 Oct 2025,,51cxywc10d5578261crewjnkk,Urs Schnyder,Royale Union Saint-Gilloise,Newcastle United FC,K. Mac Allister,0,0,0,0,2,0,0,0,22,0,0,1,0,2,1
56,1 Oct 2025,,51cxywc10d5578261crewjnkk,Urs Schnyder,Royale Union Saint-Gilloise,Newcastle United FC,A. Zorgane,0,0,2,2,1,0,0,0,63,0,0,3,3,2,0
56,1 Oct 2025,,51cxywc10d5578261crewjnkk,Urs Schnyder,Royale Union Saint-Gilloise,Newcastle United FC,A. Ait El Hadj,0,1,0,5,0,1,0,0,28,0,0,3,0,3,0
56,1 Oct 2025,,51cxywc10d5578261crewjnkk,Urs Schnyder,Royale Union Saint-Gilloise,Newcastle United FC,F. Leysen,0,1,0,0,2,1,0,0,41,0,0,2,0,2,0
56,1 Oct 2025,,51cxywc10d5578261crewjnkk,Urs Schnyder,Royale Union Saint-Gilloise,Newcastle United FC,P. David,0,0,0,0,0,0,0,0,3,0,0,0,0,0,0
56,1 Oct 2025,,51cxywc10d5578261crewjnkk,Urs Schnyder,Royale Union Saint-Gilloise,Newcastle United FC,A. Khalaili,0,0,0,2,0,2,0,0,29,0,0,1,0,3,0
56,1 Oct 2025,,51cxywc10d5578261crewjnkk,Urs Schnyder,Royale Union Saint-Gilloise,Newcastle United FC,O. Niang,0,1,1,2,2,1,0,1,23,0,0,2,1,1,0
56,1 Oct 2025,,51cxywc10d5578261crewjnkk,Urs Schnyder,Royale Union Saint-Gilloise,Newcastle United FC,C. Burgess,0,0,1,0,3,1,0,0,38,0,0,0,0,2,1
56,1 Oct 2025,,51cxywc10d5578261crewjnkk,Urs Schnyder,Royale Union Saint-Gilloise,Newcastle United FC,K. Scherpen,0,0,0,0,0,0,0,0,24,0,2,0,0,0,0
56,1 Oct 2025,,51cxywc10d5578261crewjnkk,Urs Schnyder,Royale Union Saint-Gilloise,Newcastle United FC,K. Rodríguez,0,0,1,0,1,1,0,0,15,0,0,1,0,2,0
56,1 Oct 2025,,51cxywc10d5578261crewjnkk,Urs Schnyder,Royale Union Saint-Gilloise,Newcastle United FC,M. Giger,0,1,0,0,1,0,0,0,12,0,0,2,1,2,1
56,1 Oct 2025,,51cxywc10d5578261crewjnkk,Urs Schnyder,Royale Union Saint-Gilloise,Newcastle United FC,R. Sykes,0,0,0,1,0,0,0,0,24,0,0,0,0,0,0
56,1 Oct 2025,,51cxywc10d5578261crewjnkk,Urs Schnyder,Royale Union Saint-Gilloise,Newcastle United FC,M. Rasmussen,0,0,0,2,0,0,0,0,18,0,0,0,0,1,0
56,1 Oct 2025,,51cxywc10d5578261crewjnkk,Urs Schnyder,Royale Union Saint-Gilloise,Newcastle United FC,S. Boufal,0,0,1,0,0,0,0,0,9,0,0,1,1,1,0
56,1 Oct 2025,,51cxywc10d5578261crewjnkk,Urs Schnyder,Royale Union Saint-Gilloise,Newcastle United FC,L. Patris,0,0,1,1,0,0,0,0,10,0,0,0,0,0,0
56,1 Oct 2025,,51cxywc10d5578261crewjnkk,Urs Schnyder,Royale Union Saint-Gilloise,Newcastle United FC,Bruno Guimarães,0,0,0,0,1,2,0,0,45,0,0,0,0,2,0
56,1 Oct 2025,,51cxywc10d5578261crewjnkk,Urs Schnyder,Royale Union Saint-Gilloise,Newcastle United FC,K. Trippier,0,0,0,4,1,0,0,0,57,0,0,0,0,1,0
56,1 Oct 2025,,51cxywc10d5578261crewjnkk,Urs Schnyder,Royale Union Saint-Gilloise,Newcastle United FC,A. Elanga,0,1,0,5,0,3,0,0,30,0,0,2,1,1,0
56,1 Oct 2025,,51cxywc10d5578261crewjnkk,Urs Schnyder,Royale Union Saint-Gilloise,Newcastle United FC,M. Thiaw,0,0,0,1,1,0,0,0,44,0,0,1,0,2,0
56,1 Oct 2025,,51cxywc10d5578261crewjnkk,Urs Schnyder,Royale Union Saint-Gilloise,Newcastle United FC,N. Woltemade,0,0,0,0,1,2,1,0,24,0,0,1,1,0,0
56,1 Oct 2025,,51cxywc10d5578261crewjnkk,Urs Schnyder,Royale Union Saint-Gilloise,Newcastle United FC,Joelinton,0,0,0,0,2,0,0,0,31,0,0,2,0,0,1
56,1 Oct 2025,,51cxywc10d5578261crewjnkk,Urs Schnyder,Royale Union Saint-Gilloise,Newcastle United FC,S. Botman,0,0,0,0,0,1,0,0,51,0,0,0,0,2,0
56,1 Oct 2025,,51cxywc10d5578261crewjnkk,Urs Schnyder,Royale Union Saint-Gilloise,Newcastle United FC,D. Burn,0,0,1,0,0,0,0,0,49,0,0,0,0,5,0
56,1 Oct 2025,,51cxywc10d5578261crewjnkk,Urs Schnyder,Royale Union Saint-Gilloise,Newcastle United FC,N. Pope,0,0,0,0,0,0,0,0,22,0,6,0,0,0,0
56,1 Oct 2025,,51cxywc10d5578261crewjnkk,Urs Schnyder,Royale Union Saint-Gilloise,Newcastle United FC,A. Gordon,0,0,1,2,0,3,2,0,31,0,0,3,2,1,0
56,1 Oct 2025,,51cxywc10d5578261crewjnkk,Urs Schnyder,Royale Union Saint-Gilloise,Newcastle United FC,S. Tonali,1,1,3,6,1,2,0,0,72,0,0,2,1,1,0
56,1 Oct 2025,,51cxywc10d5578261crewjnkk,Urs Schnyder,Royale Union Saint-Gilloise,Newcastle United FC,L. Miley,0,0,0,0,0,0,0,0,18,0,0,0,0,0,0
56,1 Oct 2025,,51cxywc10d5578261crewjnkk,Urs Schnyder,Royale Union Saint-Gilloise,Newcastle United FC,H. Barnes,0,0,0,0,1,1,1,0,13,0,0,1,1,0,0
56,1 Oct 2025,,51cxywc10d5578261crewjnkk,Urs Schnyder,Royale Union Saint-Gilloise,Newcastle United FC,W. Osula,1,1,0,0,0,0,0,0,2,0,0,1,0,0,0
56,1 Oct 2025,,51cxywc10d5578261crewjnkk,Urs Schnyder,Royale Union Saint-Gilloise,Newcastle United FC,L. Hall,0,0,0,0,0,0,0,0,7,0,0,0,0,1,0
56,1 Oct 2025,,51cxywc10d5578261crewjnkk,Urs Schnyder,Royale Union Saint-Gilloise,Newcastle United FC,F. Schär,0,0,0,0,0,0,0,0,15,0,0,0,0,0,0
57,1 Oct 2025,,51pmokefm21mo1i26kyokvvo4,François Letexier,Arsenal FC,Olympiakos FC,L. Trossard,0,1,0,3,0,1,0,0,24,0,0,4,1,3,0
57,1 Oct 2025,,51pmokefm21mo1i26kyokvvo4,François Letexier,Arsenal FC,Olympiakos FC,David Raya,0,0,0,0,0,0,0,0,41,0,3,0,0,0,0
57,1 Oct 2025,,51pmokefm21mo1i26kyokvvo4,François Letexier,Arsenal FC,Olympiakos FC,W. Saliba,0,0,0,0,1,0,0,0,55,0,0,0,0,0,0
57,1 Oct 2025,,51pmokefm21mo1i26kyokvvo4,François Letexier,Arsenal FC,Olympiakos FC,Gabriel Magalhães,0,0,0,0,1,0,0,0,47,0,0,0,0,0,1
57,1 Oct 2025,,51pmokefm21mo1i26kyokvvo4,François Letexier,Arsenal FC,Olympiakos FC,B. White,0,0,0,2,1,1,0,0,29,0,0,0,0,2,0
57,1 Oct 2025,,51pmokefm21mo1i26kyokvvo4,François Letexier,Arsenal FC,Olympiakos FC,Gabriel Martinelli,0,0,1,4,0,3,1,0,16,0,0,3,1,0,0
57,1 Oct 2025,,51pmokefm21mo1i26kyokvvo4,François Letexier,Arsenal FC,Olympiakos FC,V. Gyökeres,0,0,0,0,1,1,0,1,16,0,0,3,1,0,0
57,1 Oct 2025,,51pmokefm21mo1i26kyokvvo4,François Letexier,Arsenal FC,Olympiakos FC,M. Ødegaard,1,3,1,4,0,3,0,0,65,0,0,4,1,1,0
57,1 Oct 2025,,51pmokefm21mo1i26kyokvvo4,François Letexier,Arsenal FC,Olympiakos FC,Martín Zubimendi,0,0,0,0,4,1,0,0,64,0,0,0,0,1,1
57,1 Oct 2025,,51pmokefm21mo1i26kyokvvo4,François Letexier,Arsenal FC,Olympiakos FC,Mikel Merino,0,0,0,0,2,1,0,1,31,0,0,0,0,1,0
57,1 Oct 2025,,51pmokefm21mo1i26kyokvvo4,François Letexier,Arsenal FC,Olympiakos FC,M. Lewis-Skelly,0,0,0,2,3,6,0,0,47,0,0,0,0,3,0
57,1 Oct 2025,,51pmokefm21mo1i26kyokvvo4,François Letexier,Arsenal FC,Olympiakos FC,D. Rice,0,0,1,1,0,0,0,0,19,0,0,0,0,0,1
57,1 Oct 2025,,51pmokefm21mo1i26kyokvvo4,François Letexier,Arsenal FC,Olympiakos FC,J. Timber,0,0,0,0,0,0,0,0,18,0,0,0,0,1,0
57,1 Oct 2025,,51pmokefm21mo1i26kyokvvo4,François Letexier,Arsenal FC,Olympiakos FC,B. Saka,0,1,0,0,1,0,1,0,9,0,0,2,1,0,0
57,1 Oct 2025,,51pmokefm21mo1i26kyokvvo4,François Letexier,Arsenal FC,Olympiakos FC,E. Eze,0,0,0,0,0,0,0,0,10,0,0,0,0,0,0
57,1 Oct 2025,,51pmokefm21mo1i26kyokvvo4,François Letexier,Arsenal FC,Olympiakos FC,Cristhian Mosquera,0,0,0,0,0,0,0,0,5,0,0,0,0,0,0
57,1 Oct 2025,,51pmokefm21mo1i26kyokvvo4,François Letexier,Arsenal FC,Olympiakos FC,Chiquinho,0,0,2,10,1,2,0,0,20,0,0,1,0,1,0
57,1 Oct 2025,,51pmokefm21mo1i26kyokvvo4,François Letexier,Arsenal FC,Olympiakos FC,L. Pirola,0,0,0,0,1,0,0,0,35,0,0,0,0,0,0
57,1 Oct 2025,,51pmokefm21mo1i26kyokvvo4,François Letexier,Arsenal FC,Olympiakos FC,Gelson Martins,0,1,1,2,1,6,0,0,17,0,0,1,0,0,0
57,1 Oct 2025,,51pmokefm21mo1i26kyokvvo4,François Letexier,Arsenal FC,Olympiakos FC,Costinha,0,1,0,5,3,1,0,0,30,0,0,1,0,3,0
57,1 Oct 2025,,51pmokefm21mo1i26kyokvvo4,François Letexier,Arsenal FC,Olympiakos FC,F. Ortega,0,0,0,0,2,1,0,0,31,0,0,0,0,2,0
57,1 Oct 2025,,51pmokefm21mo1i26kyokvvo4,François Letexier,Arsenal FC,Olympiakos FC,Dani García,0,0,0,0,0,0,0,0,26,0,0,0,0,1,0
57,1 Oct 2025,,51pmokefm21mo1i26kyokvvo4,François Letexier,Arsenal FC,Olympiakos FC,Daniel Podence,0,1,1,2,2,0,0,1,22,0,0,2,1,1,0
57,1 Oct 2025,,51pmokefm21mo1i26kyokvvo4,François Letexier,Arsenal FC,Olympiakos FC,S. Hezze,0,1,0,0,4,0,0,0,29,0,0,1,0,0,0
57,1 Oct 2025,,51pmokefm21mo1i26kyokvvo4,François Letexier,Arsenal FC,Olympiakos FC,K. Tzolakis,0,0,0,0,0,1,0,0,27,0,2,0,0,0,0
57,1 Oct 2025,,51pmokefm21mo1i26kyokvvo4,François Letexier,Arsenal FC,Olympiakos FC,A. El Kaabi,0,1,1,0,1,0,0,3,12,0,0,3,2,0,0
57,1 Oct 2025,,51pmokefm21mo1i26kyokvvo4,François Letexier,Arsenal FC,Olympiakos FC,P. Retsos,0,0,0,0,0,0,0,0,28,0,0,0,0,2,0
57,1 Oct 2025,,51pmokefm21mo1i26kyokvvo4,François Letexier,Arsenal FC,Olympiakos FC,M. Taremi,0,0,0,0,0,1,0,0,7,0,0,1,0,0,0
57,1 Oct 2025,,51pmokefm21mo1i26kyokvvo4,François Letexier,Arsenal FC,Olympiakos FC,L. Scipioni,0,0,0,0,1,0,0,0,15,0,0,0,0,1,0
57,1 Oct 2025,,51pmokefm21mo1i26kyokvvo4,François Letexier,Arsenal FC,Olympiakos FC,C. Mouzakitis,0,0,0,1,0,0,0,0,4,0,0,0,0,0,0
57,1 Oct 2025,,51pmokefm21mo1i26kyokvvo4,François Letexier,Arsenal FC,Olympiakos FC,G. Biancone,0,0,0,0,0,0,0,0,3,0,0,0,0,1,0
57,1 Oct 2025,,51pmokefm21mo1i26kyokvvo4,François Letexier,Arsenal FC,Olympiakos FC,Gabriel Strefezza,0,0,0,1,1,0,0,0,1,0,0,0,0,0,1
58,1 Oct 2025,,5227vfuuiwhekbemsnyzbx3bo,Jesús Gil Manzano,AS Monaco FC,Manchester City FC,M. Akliouche,0,0,3,2,2,0,0,0,38,0,0,1,1,3,0
58,1 Oct 2025,,5227vfuuiwhekbemsnyzbx3bo,Jesús Gil Manzano,AS Monaco FC,Manchester City FC,E. Dier,0,0,0,0,0,2,1,0,33,0,0,1,1,0,0
58,1 Oct 2025,,5227vfuuiwhekbemsnyzbx3bo,Jesús Gil Manzano,AS Monaco FC,Manchester City FC,M. Coulibaly,0,0,0,1,0,1,0,0,23,0,0,1,0,3,0
58,1 Oct 2025,,5227vfuuiwhekbemsnyzbx3bo,Jesús Gil Manzano,AS Monaco FC,Manchester City FC,M. Salisu,0,1,0,0,1,0,0,0,27,0,0,1,0,0,0
58,1 Oct 2025,,5227vfuuiwhekbemsnyzbx3bo,Jesús Gil Manzano,AS Monaco FC,Manchester City FC,T. Kehrer,0,0,0,0,0,0,0,0,34,0,0,0,0,2,0
58,1 Oct 2025,,5227vfuuiwhekbemsnyzbx3bo,Jesús Gil Manzano,AS Monaco FC,Manchester City FC,Vanderson,0,0,1,2,1,0,0,0,7,0,0,0,0,1,0
58,1 Oct 2025,,5227vfuuiwhekbemsnyzbx3bo,Jesús Gil Manzano,AS Monaco FC,Manchester City FC,Ansu Fati,0,0,0,1,0,3,0,0,20,0,0,0,0,1,0
58,1 Oct 2025,,5227vfuuiwhekbemsnyzbx3bo,Jesús Gil Manzano,AS Monaco FC,Manchester City FC,K. Diatta,1,0,1,0,2,1,0,0,34,0,0,0,0,0,1
58,1 Oct 2025,,5227vfuuiwhekbemsnyzbx3bo,Jesús Gil Manzano,AS Monaco FC,Manchester City FC,P. Köhn,0,0,0,0,0,0,0,0,17,0,5,0,0,0,0
58,1 Oct 2025,,5227vfuuiwhekbemsnyzbx3bo,Jesús Gil Manzano,AS Monaco FC,Manchester City FC,F. Balogun,0,0,0,1,1,1,0,0,15,0,0,1,0,0,0
58,1 Oct 2025,,5227vfuuiwhekbemsnyzbx3bo,Jesús Gil Manzano,AS Monaco FC,Manchester City FC,J. Teze,0,0,0,8,2,3,1,0,26,0,0,2,1,1,0
58,1 Oct 2025,,5227vfuuiwhekbemsnyzbx3bo,Jesús Gil Manzano,AS Monaco FC,Manchester City FC,K. Ouattara,0,0,1,1,0,1,0,0,18,0,0,0,0,1,0
58,1 Oct 2025,,5227vfuuiwhekbemsnyzbx3bo,Jesús Gil Manzano,AS Monaco FC,Manchester City FC,S. Idumbo,0,0,1,0,0,1,0,0,4,0,0,0,0,0,0
58,1 Oct 2025,,5227vfuuiwhekbemsnyzbx3bo,Jesús Gil Manzano,AS Monaco FC,Manchester City FC,P. Cabral,0,1,0,0,0,0,0,0,2,0,0,1,0,0,0
58,1 Oct 2025,,5227vfuuiwhekbemsnyzbx3bo,Jesús Gil Manzano,AS Monaco FC,Manchester City FC,G. Ilenikhena,0,0,0,0,0,0,0,0,2,0,0,0,0,0,0
58,1 Oct 2025,,5227vfuuiwhekbemsnyzbx3bo,Jesús Gil Manzano,AS Monaco FC,Manchester City FC,M. Biereth,0,0,0,0,0,0,0,0,1,0,0,0,0,0,0
58,1 Oct 2025,,5227vfuuiwhekbemsnyzbx3bo,Jesús Gil Manzano,AS Monaco FC,Manchester City FC,J. Stones,0,0,0,1,0,0,0,0,72,0,0,0,0,0,0
58,1 Oct 2025,,5227vfuuiwhekbemsnyzbx3bo,Jesús Gil Manzano,AS Monaco FC,Manchester City FC,P. Foden,0,1,0,3,2,1,0,0,76,0,0,2,0,2,0
58,1 Oct 2025,,5227vfuuiwhekbemsnyzbx3bo,Jesús Gil Manzano,AS Monaco FC,Manchester City FC,N. O'Reilly,1,0,1,1,1,1,0,0,70,0,0,1,1,6,0
58,1 Oct 2025,,5227vfuuiwhekbemsnyzbx3bo,Jesús Gil Manzano,AS Monaco FC,Manchester City FC,Rodri,0,0,0,0,1,2,0,0,96,0,0,1,0,0,1
58,1 Oct 2025,,5227vfuuiwhekbemsnyzbx3bo,Jesús Gil Manzano,AS Monaco FC,Manchester City FC,J. Gvardiol,1,1,0,1,0,1,0,0,93,0,0,1,0,2,0
58,1 Oct 2025,,5227vfuuiwhekbemsnyzbx3bo,Jesús Gil Manzano,AS Monaco FC,Manchester City FC,Rúben Dias,0,0,0,0,2,0,0,0,97,0,0,0,0,3,0
58,1 Oct 2025,,5227vfuuiwhekbemsnyzbx3bo,Jesús Gil Manzano,AS Monaco FC,Manchester City FC,T. Reijnders,0,0,1,2,2,1,0,0,87,0,0,5,1,0,0
58,1 Oct 2025,,5227vfuuiwhekbemsnyzbx3bo,Jesús Gil Manzano,AS Monaco FC,Manchester City FC,J. Doku,0,0,0,1,0,1,0,1,22,0,0,0,0,1,0
58,1 Oct 2025,,5227vfuuiwhekbemsnyzbx3bo,Jesús Gil Manzano,AS Monaco FC,Manchester City FC,G. Donnarumma,0,0,0,0,0,0,0,0,13,0,1,0,0,0,1
58,1 Oct 2025,,5227vfuuiwhekbemsnyzbx3bo,Jesús Gil Manzano,AS Monaco FC,Manchester City FC,Bernardo Silva,0,1,0,3,1,0,0,0,55,0,0,2,1,1,1
58,1 Oct 2025,,5227vfuuiwhekbemsnyzbx3bo,Jesús Gil Manzano,AS Monaco FC,Manchester City FC,E. Haaland,0,0,1,0,0,0,2,1,10,0,0,4,3,0,0
58,1 Oct 2025,,5227vfuuiwhekbemsnyzbx3bo,Jesús Gil Manzano,AS Monaco FC,Manchester City FC,Nico González,0,1,0,0,3,0,0,0,56,0,0,2,0,2,1
58,1 Oct 2025,,5227vfuuiwhekbemsnyzbx3bo,Jesús Gil Manzano,AS Monaco FC,Manchester City FC,Savinho,0,0,0,0,1,2,0,0,13,0,0,0,0,0,1
58,1 Oct 2025,,5227vfuuiwhekbemsnyzbx3bo,Jesús Gil Manzano,AS Monaco FC,Manchester City FC,Matheus Nunes,0,0,0,0,0,0,0,0,18,0,0,0,0,1,0
59,1 Oct 2025,,52evszwuzn8z1gg65tqgbgh78,Glenn Nyberg,Bayer 04 Leverkusen,PSV Eindhoven,Alejandro Grimaldo,0,0,2,5,0,2,0,0,55,0,0,2,1,5,0
59,1 Oct 2025,,52evszwuzn8z1gg65tqgbgh78,Glenn Nyberg,Bayer 04 Leverkusen,PSV Eindhoven,E. Tapsoba,0,0,0,0,0,0,0,0,65,0,0,1,0,0,0
59,1 Oct 2025,,52evszwuzn8z1gg65tqgbgh78,Glenn Nyberg,Bayer 04 Leverkusen,PSV Eindhoven,M. Flekken,0,0,0,0,0,0,0,0,11,0,0,0,0,0,0
59,1 Oct 2025,,52evszwuzn8z1gg65tqgbgh78,Glenn Nyberg,Bayer 04 Leverkusen,PSV Eindhoven,E. Poku,0,1,1,0,1,0,0,1,27,0,0,3,1,2,0
59,1 Oct 2025,,52evszwuzn8z1gg65tqgbgh78,Glenn Nyberg,Bayer 04 Leverkusen,PSV Eindhoven,E. Fernández,0,0,0,0,2,0,0,0,79,0,0,0,0,1,0
59,1 Oct 2025,,52evszwuzn8z1gg65tqgbgh78,Glenn Nyberg,Bayer 04 Leverkusen,PSV Eindhoven,Aleix García,0,0,0,6,0,2,0,0,86,0,0,1,0,0,0
59,1 Oct 2025,,52evszwuzn8z1gg65tqgbgh78,Glenn Nyberg,Bayer 04 Leverkusen,PSV Eindhoven,L. Badé,0,0,0,0,2,0,0,0,58,0,0,2,0,1,0
59,1 Oct 2025,,52evszwuzn8z1gg65tqgbgh78,Glenn Nyberg,Bayer 04 Leverkusen,PSV Eindhoven,C. Kofane,0,0,1,0,1,0,1,1,10,0,0,1,1,0,0
59,1 Oct 2025,,52evszwuzn8z1gg65tqgbgh78,Glenn Nyberg,Bayer 04 Leverkusen,PSV Eindhoven,M. Tillman,0,2,2,2,1,2,0,0,32,0,0,3,1,1,0
59,1 Oct 2025,,52evszwuzn8z1gg65tqgbgh78,Glenn Nyberg,Bayer 04 Leverkusen,PSV Eindhoven,J. Quansah,0,0,0,0,1,1,0,0,46,0,0,0,0,0,0
59,1 Oct 2025,,52evszwuzn8z1gg65tqgbgh78,Glenn Nyberg,Bayer 04 Leverkusen,PSV Eindhoven,A. Tape,0,0,0,0,0,3,0,0,9,0,0,0,0,0,0
59,1 Oct 2025,,52evszwuzn8z1gg65tqgbgh78,Glenn Nyberg,Bayer 04 Leverkusen,PSV Eindhoven,Arthur,0,0,0,0,0,1,0,0,9,0,0,0,0,0,0
59,1 Oct 2025,,52evszwuzn8z1gg65tqgbgh78,Glenn Nyberg,Bayer 04 Leverkusen,PSV Eindhoven,E. Ben Seghir,0,1,1,0,0,0,0,0,7,0,0,1,0,0,0
59,1 Oct 2025,,52evszwuzn8z1gg65tqgbgh78,Glenn Nyberg,Bayer 04 Leverkusen,PSV Eindhoven,C. Echeverri,0,0,0,0,0,0,0,0,2,0,0,0,0,2,0
59,1 Oct 2025,,52evszwuzn8z1gg65tqgbgh78,Glenn Nyberg,Bayer 04 Leverkusen,PSV Eindhoven,I. Maza,0,0,0,0,0,0,0,0,3,0,0,0,0,0,0
59,1 Oct 2025,,52evszwuzn8z1gg65tqgbgh78,Glenn Nyberg,Bayer 04 Leverkusen,PSV Eindhoven,J. Veerman,0,0,0,7,1,0,0,0,77,0,0,1,0,0,0
59,1 Oct 2025,,52evszwuzn8z1gg65tqgbgh78,Glenn Nyberg,Bayer 04 Leverkusen,PSV Eindhoven,Yarek Gąsiorowski,0,0,0,0,3,0,0,0,61,0,0,0,0,2,0
59,1 Oct 2025,,52evszwuzn8z1gg65tqgbgh78,Glenn Nyberg,Bayer 04 Leverkusen,PSV Eindhoven,A. Salah-Eddine,0,0,1,1,0,0,0,0,49,0,0,0,0,1,0
59,1 Oct 2025,,52evszwuzn8z1gg65tqgbgh78,Glenn Nyberg,Bayer 04 Leverkusen,PSV Eindhoven,A. Obispo,0,0,0,0,0,1,0,0,41,0,0,0,0,1,0
59,1 Oct 2025,,52evszwuzn8z1gg65tqgbgh78,Glenn Nyberg,Bayer 04 Leverkusen,PSV Eindhoven,Mauro Júnior,0,0,0,2,1,1,0,0,65,0,0,0,0,4,0
59,1 Oct 2025,,52evszwuzn8z1gg65tqgbgh78,Glenn Nyberg,Bayer 04 Leverkusen,PSV Eindhoven,M. Kovář,0,0,0,0,0,0,0,0,44,0,3,0,0,0,0
59,1 Oct 2025,,52evszwuzn8z1gg65tqgbgh78,Glenn Nyberg,Bayer 04 Leverkusen,PSV Eindhoven,I. Perišić,0,0,0,1,1,0,0,1,28,0,0,1,0,0,0
59,1 Oct 2025,,52evszwuzn8z1gg65tqgbgh78,Glenn Nyberg,Bayer 04 Leverkusen,PSV Eindhoven,D. Man,0,0,1,1,1,1,0,1,36,0,0,0,0,0,0
59,1 Oct 2025,,52evszwuzn8z1gg65tqgbgh78,Glenn Nyberg,Bayer 04 Leverkusen,PSV Eindhoven,I. Saibari,0,2,1,1,2,4,1,0,35,0,0,4,1,3,1
59,1 Oct 2025,,52evszwuzn8z1gg65tqgbgh78,Glenn Nyberg,Bayer 04 Leverkusen,PSV Eindhoven,J. Schouten,0,0,0,0,0,0,0,0,62,0,0,0,0,3,0
59,1 Oct 2025,,52evszwuzn8z1gg65tqgbgh78,Glenn Nyberg,Bayer 04 Leverkusen,PSV Eindhoven,G. Til,1,0,0,0,1,1,0,0,24,0,0,0,0,2,1
59,1 Oct 2025,,52evszwuzn8z1gg65tqgbgh78,Glenn Nyberg,Bayer 04 Leverkusen,PSV Eindhoven,R. Flamingo,0,0,0,0,0,0,0,0,30,0,0,0,0,4,0
59,1 Oct 2025,,52evszwuzn8z1gg65tqgbgh78,Glenn Nyberg,Bayer 04 Leverkusen,PSV Eindhoven,E. Bajraktarević,0,0,0,1,0,0,0,0,13,0,0,0,0,2,0
59,1 Oct 2025,,52evszwuzn8z1gg65tqgbgh78,Glenn Nyberg,Bayer 04 Leverkusen,PSV Eindhoven,C. Driouech,0,0,1,2,1,0,0,0,8,0,0,0,0,0,0
60,1 Oct 2025,,52ria8k29x4thupus7h3zcoic,Szymon Marciniak,BV Borussia 09 Dortmund,Athletic Club,M. Sabitzer,1,0,0,1,0,2,0,0,47,0,0,2,1,1,0
60,1 Oct 2025,,52ria8k29x4thupus7h3zcoic,Szymon Marciniak,BV Borussia 09 Dortmund,Athletic Club,N. Süle,0,0,0,0,0,1,0,0,68,0,0,2,1,0,0
60,1 Oct 2025,,52ria8k29x4thupus7h3zcoic,Szymon Marciniak,BV Borussia 09 Dortmund,Athletic Club,R. Bensebaini,0,0,0,1,3,2,0,0,92,0,0,0,0,1,0
60,1 Oct 2025,,52ria8k29x4thupus7h3zcoic,Szymon Marciniak,BV Borussia 09 Dortmund,Athletic Club,K. Adeyemi,1,0,1,1,3,2,0,0,20,0,0,1,0,1,0
60,1 Oct 2025,,52ria8k29x4thupus7h3zcoic,Szymon Marciniak,BV Borussia 09 Dortmund,Athletic Club,J. Ryerson,0,0,1,6,0,2,0,1,40,0,0,0,0,6,0
60,1 Oct 2025,,52ria8k29x4thupus7h3zcoic,Szymon Marciniak,BV Borussia 09 Dortmund,Athletic Club,W. Anton,0,0,0,0,2,1,0,0,78,0,0,0,0,0,0
60,1 Oct 2025,,52ria8k29x4thupus7h3zcoic,Szymon Marciniak,BV Borussia 09 Dortmund,Athletic Club,J. Bellingham,0,1,0,0,1,1,0,0,50,0,0,1,0,1,0
60,1 Oct 2025,,52ria8k29x4thupus7h3zcoic,Szymon Marciniak,BV Borussia 09 Dortmund,Athletic Club,S. Guirassy,1,0,1,0,2,4,1,1,14,0,0,2,2,0,0
60,1 Oct 2025,,52ria8k29x4thupus7h3zcoic,Szymon Marciniak,BV Borussia 09 Dortmund,Athletic Club,D. Svensson,0,0,0,3,0,0,1,0,37,0,0,1,1,0,0
60,1 Oct 2025,,52ria8k29x4thupus7h3zcoic,Szymon Marciniak,BV Borussia 09 Dortmund,Athletic Club,C. Chukwuemeka,0,0,0,0,1,0,1,0,16,0,0,1,1,2,0
60,1 Oct 2025,,52ria8k29x4thupus7h3zcoic,Szymon Marciniak,BV Borussia 09 Dortmund,Athletic Club,G. Kobel,0,0,0,0,0,0,0,0,31,0,2,0,0,0,0
60,1 Oct 2025,,52ria8k29x4thupus7h3zcoic,Szymon Marciniak,BV Borussia 09 Dortmund,Athletic Club,J. Brandt,0,0,1,0,0,0,1,0,11,0,0,2,2,0,0
60,1 Oct 2025,,52ria8k29x4thupus7h3zcoic,Szymon Marciniak,BV Borussia 09 Dortmund,Athletic Club,M. Beier,1,1,0,0,2,0,0,0,10,0,0,1,0,1,1
60,1 Oct 2025,,52ria8k29x4thupus7h3zcoic,Szymon Marciniak,BV Borussia 09 Dortmund,Athletic Club,N. Schlotterbeck,0,0,0,0,0,0,0,0,9,0,0,0,0,0,0
60,1 Oct 2025,,52ria8k29x4thupus7h3zcoic,Szymon Marciniak,BV Borussia 09 Dortmund,Athletic Club,F. Nmecha,0,0,0,0,0,0,0,0,7,0,0,0,0,0,0
60,1 Oct 2025,,52ria8k29x4thupus7h3zcoic,Szymon Marciniak,BV Borussia 09 Dortmund,Athletic Club,Fábio Silva,0,0,0,0,0,0,0,1,1,0,0,0,0,0,0
60,1 Oct 2025,,52ria8k29x4thupus7h3zcoic,Szymon Marciniak,BV Borussia 09 Dortmund,Athletic Club,Unai Simón,0,0,0,0,0,1,0,0,33,0,4,0,0,0,0
60,1 Oct 2025,,52ria8k29x4thupus7h3zcoic,Szymon Marciniak,BV Borussia 09 Dortmund,Athletic Club,Íñigo Lekue,0,0,0,3,2,0,0,0,59,0,0,0,0,2,0
60,1 Oct 2025,,52ria8k29x4thupus7h3zcoic,Szymon Marciniak,BV Borussia 09 Dortmund,Athletic Club,Andoni Gorosabel,0,0,0,1,2,1,0,0,48,0,0,0,0,1,1
60,1 Oct 2025,,52ria8k29x4thupus7h3zcoic,Szymon Marciniak,BV Borussia 09 Dortmund,Athletic Club,Aitor Paredes,0,0,0,0,2,3,0,0,70,0,0,0,0,3,1
60,1 Oct 2025,,52ria8k29x4thupus7h3zcoic,Szymon Marciniak,BV Borussia 09 Dortmund,Athletic Club,Alejandro Rego,0,0,0,1,0,1,0,0,44,0,0,0,0,5,0
60,1 Oct 2025,,52ria8k29x4thupus7h3zcoic,Szymon Marciniak,BV Borussia 09 Dortmund,Athletic Club,Dani Vivian,0,0,0,0,0,0,0,0,23,0,0,0,0,2,0
60,1 Oct 2025,,52ria8k29x4thupus7h3zcoic,Szymon Marciniak,BV Borussia 09 Dortmund,Athletic Club,Robert Navarro,0,0,0,3,1,0,0,1,31,0,0,2,0,2,0
60,1 Oct 2025,,52ria8k29x4thupus7h3zcoic,Szymon Marciniak,BV Borussia 09 Dortmund,Athletic Club,Mikel Jauregizar,0,0,0,1,0,2,0,0,21,0,0,0,0,2,0
60,1 Oct 2025,,52ria8k29x4thupus7h3zcoic,Szymon Marciniak,BV Borussia 09 Dortmund,Athletic Club,Unai Gómez,0,0,0,1,1,1,0,0,11,0,0,1,0,1,0
60,1 Oct 2025,,52ria8k29x4thupus7h3zcoic,Szymon Marciniak,BV Borussia 09 Dortmund,Athletic Club,M. Sannadi,0,0,0,0,1,1,0,1,11,0,0,1,1,0,0
60,1 Oct 2025,,52ria8k29x4thupus7h3zcoic,Szymon Marciniak,BV Borussia 09 Dortmund,Athletic Club,I. Williams,0,0,0,1,1,1,0,0,13,0,0,0,0,0,0
60,1 Oct 2025,,52ria8k29x4thupus7h3zcoic,Szymon Marciniak,BV Borussia 09 Dortmund,Athletic Club,Gorka Guruzeta,0,0,0,0,2,1,1,1,20,0,0,1,1,2,0
60,1 Oct 2025,,52ria8k29x4thupus7h3zcoic,Szymon Marciniak,BV Borussia 09 Dortmund,Athletic Club,Íñigo Ruíz de Galarreta,0,0,0,1,0,0,0,0,43,0,0,0,0,1,0
60,1 Oct 2025,,52ria8k29x4thupus7h3zcoic,Szymon Marciniak,BV Borussia 09 Dortmund,Athletic Club,Aymeric Laporte,0,0,0,1,1,0,0,0,41,0,0,0,0,3,0
60,1 Oct 2025,,52ria8k29x4thupus7h3zcoic,Szymon Marciniak,BV Borussia 09 Dortmund,Athletic Club,Nico Serrano,0,0,0,2,0,0,0,0,11,0,0,0,0,1,0
60,1 Oct 2025,,52ria8k29x4thupus7h3zcoic,Szymon Marciniak,BV Borussia 09 Dortmund,Athletic Club,Ibon Sánchez,0,0,0,0,2,0,0,0,8,0,0,1,1,0,0
61,1 Oct 2025,,535v16ejka2ckhekin6euxg5w,Michael Oliver,FC Barcelona,Paris Saint-Germain FC,Gerard Martín,0,0,0,0,0,1,0,0,27,0,0,0,0,2,0
61,1 Oct 2025,,535v16ejka2ckhekin6euxg5w,Michael Oliver,FC Barcelona,Paris Saint-Germain FC,Eric García,0,0,0,0,2,1,0,0,60,0,0,0,0,2,0
61,1 Oct 2025,,535v16ejka2ckhekin6euxg5w,Michael Oliver,FC Barcelona,Paris Saint-Germain FC,Pau Cubarsí,0,0,0,0,1,0,0,0,46,0,0,0,0,2,0
61,1 Oct 2025,,535v16ejka2ckhekin6euxg5w,Michael Oliver,FC Barcelona,Paris Saint-Germain FC,Lamine Yamal,0,1,1,2,1,3,0,0,42,0,0,4,0,1,1
61,1 Oct 2025,,535v16ejka2ckhekin6euxg5w,Michael Oliver,FC Barcelona,Paris Saint-Germain FC,F. de Jong,0,0,0,0,2,1,0,0,40,0,0,0,0,0,1
61,1 Oct 2025,,535v16ejka2ckhekin6euxg5w,Michael Oliver,FC Barcelona,Paris Saint-Germain FC,W. Szczęsny,0,0,0,0,0,0,0,0,32,0,5,0,0,0,0
61,1 Oct 2025,,535v16ejka2ckhekin6euxg5w,Michael Oliver,FC Barcelona,Paris Saint-Germain FC,J. Koundé,0,0,0,0,0,1,0,0,40,0,0,0,0,4,0
61,1 Oct 2025,,535v16ejka2ckhekin6euxg5w,Michael Oliver,FC Barcelona,Paris Saint-Germain FC,Ferran Torres,0,1,0,0,3,1,1,0,23,0,0,3,2,1,0
61,1 Oct 2025,,535v16ejka2ckhekin6euxg5w,Michael Oliver,FC Barcelona,Paris Saint-Germain FC,M. Rashford,1,1,2,2,1,1,0,0,24,0,0,2,0,0,0
61,1 Oct 2025,,535v16ejka2ckhekin6euxg5w,Michael Oliver,FC Barcelona,Paris Saint-Germain FC,Pedri,0,0,0,1,0,4,0,0,44,0,0,0,0,3,0
61,1 Oct 2025,,535v16ejka2ckhekin6euxg5w,Michael Oliver,FC Barcelona,Paris Saint-Germain FC,Dani Olmo,0,1,1,0,1,1,0,0,24,0,0,3,1,2,1
61,1 Oct 2025,,535v16ejka2ckhekin6euxg5w,Michael Oliver,FC Barcelona,Paris Saint-Germain FC,Marc Casadó,0,0,0,0,1,0,0,0,6,0,0,0,0,1,1
61,1 Oct 2025,,535v16ejka2ckhekin6euxg5w,Michael Oliver,FC Barcelona,Paris Saint-Germain FC,Alejandro Balde,0,0,0,0,0,0,0,0,5,0,0,0,0,0,0
61,1 Oct 2025,,535v16ejka2ckhekin6euxg5w,Michael Oliver,FC Barcelona,Paris Saint-Germain FC,R. Lewandowski,0,0,0,0,0,0,0,0,2,0,0,0,0,0,0
61,1 Oct 2025,,535v16ejka2ckhekin6euxg5w,Michael Oliver,FC Barcelona,Paris Saint-Germain FC,Marc Bernal,0,0,0,0,0,0,0,0,4,0,0,0,0,0,0
61,1 Oct 2025,,535v16ejka2ckhekin6euxg5w,Michael Oliver,FC Barcelona,Paris Saint-Germain FC,A. Christensen,0,0,0,0,0,0,0,0,3,0,0,0,0,0,0
61,1 Oct 2025,,535v16ejka2ckhekin6euxg5w,Michael Oliver,FC Barcelona,Paris Saint-Germain FC,Fabián Ruiz,0,0,0,1,1,1,0,0,33,0,0,1,1,2,0
61,1 Oct 2025,,535v16ejka2ckhekin6euxg5w,Michael Oliver,FC Barcelona,Paris Saint-Germain FC,Vitinha,0,0,1,0,0,0,0,0,65,0,0,1,0,4,0
61,1 Oct 2025,,535v16ejka2ckhekin6euxg5w,Michael Oliver,FC Barcelona,Paris Saint-Germain FC,S. Mayulu,0,2,2,2,3,0,1,0,14,0,0,3,1,1,0
61,1 Oct 2025,,535v16ejka2ckhekin6euxg5w,Michael Oliver,FC Barcelona,Paris Saint-Germain FC,Nuno Mendes,1,0,0,5,4,2,0,0,43,0,0,1,1,3,1
61,1 Oct 2025,,535v16ejka2ckhekin6euxg5w,Michael Oliver,FC Barcelona,Paris Saint-Germain FC,W. Pacho,0,0,0,0,1,1,0,0,50,0,0,0,0,0,0
61,1 Oct 2025,,535v16ejka2ckhekin6euxg5w,Michael Oliver,FC Barcelona,Paris Saint-Germain FC,L. Chevalier,0,0,0,0,0,0,0,0,34,0,0,0,0,0,0
61,1 Oct 2025,,535v16ejka2ckhekin6euxg5w,Michael Oliver,FC Barcelona,Paris Saint-Germain FC,I. Zabarnyi,0,0,0,0,0,0,0,1,54,0,0,1,0,4,0
61,1 Oct 2025,,535v16ejka2ckhekin6euxg5w,Michael Oliver,FC Barcelona,Paris Saint-Germain FC,A. Hakimi,1,2,4,4,1,1,0,0,63,0,0,3,1,1,1
61,1 Oct 2025,,535v16ejka2ckhekin6euxg5w,Michael Oliver,FC Barcelona,Paris Saint-Germain FC,W. Zaïre-Emery,0,0,0,0,2,0,0,0,38,0,0,0,0,2,0
61,1 Oct 2025,,535v16ejka2ckhekin6euxg5w,Michael Oliver,FC Barcelona,Paris Saint-Germain FC,I. Mbaye,0,0,1,0,0,2,0,1,18,0,0,1,1,2,0
61,1 Oct 2025,,535v16ejka2ckhekin6euxg5w,Michael Oliver,FC Barcelona,Paris Saint-Germain FC,B. Barcola,0,0,0,1,1,0,0,0,21,0,0,2,1,2,0
61,1 Oct 2025,,535v16ejka2ckhekin6euxg5w,Michael Oliver,FC Barcelona,Paris Saint-Germain FC,L. Hernández,0,0,1,1,0,1,0,0,14,0,0,0,0,0,0
61,1 Oct 2025,,535v16ejka2ckhekin6euxg5w,Michael Oliver,FC Barcelona,Paris Saint-Germain FC,Gonçalo Ramos,0,0,0,0,0,3,1,0,5,0,0,1,1,0,0
61,1 Oct 2025,,535v16ejka2ckhekin6euxg5w,Michael Oliver,FC Barcelona,Paris Saint-Germain FC,Lee Kang-In,0,0,0,1,0,0,0,0,12,0,0,1,0,0,0
61,1 Oct 2025,,535v16ejka2ckhekin6euxg5w,Michael Oliver,FC Barcelona,Paris Saint-Germain FC,Q. Ndjantou,0,0,0,0,1,0,0,0,7,0,0,1,0,0,0
62,1 Oct 2025,,53ieurhaftrltylp7pe70795g,Danny Desmond Makkelie,SSC Napoli,Sporting Clube de Portugal,F. Anguissa,0,1,1,1,3,1,0,1,43,0,0,3,0,2,0
62,1 Oct 2025,,53ieurhaftrltylp7pe70795g,Danny Desmond Makkelie,SSC Napoli,Sporting Clube de Portugal,S. McTominay,0,1,0,0,1,1,0,0,15,0,0,1,0,1,0
62,1 Oct 2025,,53ieurhaftrltylp7pe70795g,Danny Desmond Makkelie,SSC Napoli,Sporting Clube de Portugal,Juan Jesus,0,0,1,0,1,0,0,0,72,0,0,0,0,1,0
62,1 Oct 2025,,53ieurhaftrltylp7pe70795g,Danny Desmond Makkelie,SSC Napoli,Sporting Clube de Portugal,Miguel Gutiérrez,0,1,1,0,2,1,0,0,22,0,0,1,0,2,0
62,1 Oct 2025,,53ieurhaftrltylp7pe70795g,Danny Desmond Makkelie,SSC Napoli,Sporting Clube de Portugal,M. Politano,0,0,1,4,1,1,0,0,32,0,0,2,1,0,0
62,1 Oct 2025,,53ieurhaftrltylp7pe70795g,Danny Desmond Makkelie,SSC Napoli,Sporting Clube de Portugal,V. Milinković-Savić,0,0,0,0,0,0,0,0,32,0,3,0,0,0,0
62,1 Oct 2025,,53ieurhaftrltylp7pe70795g,Danny Desmond Makkelie,SSC Napoli,Sporting Clube de Portugal,R. Højlund,0,0,0,0,2,2,2,0,16,0,0,2,2,0,0
62,1 Oct 2025,,53ieurhaftrltylp7pe70795g,Danny Desmond Makkelie,SSC Napoli,Sporting Clube de Portugal,S. Lobotka,0,0,0,0,1,1,0,0,79,0,0,0,0,2,0
62,1 Oct 2025,,53ieurhaftrltylp7pe70795g,Danny Desmond Makkelie,SSC Napoli,Sporting Clube de Portugal,S. Beukema,0,0,0,0,0,1,0,0,80,0,0,0,0,0,0
62,1 Oct 2025,,53ieurhaftrltylp7pe70795g,Danny Desmond Makkelie,SSC Napoli,Sporting Clube de Portugal,K. De Bruyne,2,1,1,6,1,1,0,0,46,0,0,2,0,2,0
62,1 Oct 2025,,53ieurhaftrltylp7pe70795g,Danny Desmond Makkelie,SSC Napoli,Sporting Clube de Portugal,L. Spinazzola,0,0,1,3,0,0,0,0,48,0,0,1,0,2,0
62,1 Oct 2025,,53ieurhaftrltylp7pe70795g,Danny Desmond Makkelie,SSC Napoli,Sporting Clube de Portugal,N. Lang,0,0,1,1,1,0,0,0,7,0,0,0,0,1,0
62,1 Oct 2025,,53ieurhaftrltylp7pe70795g,Danny Desmond Makkelie,SSC Napoli,Sporting Clube de Portugal,David Neres,0,0,0,0,1,0,0,0,8,0,0,0,0,1,0
62,1 Oct 2025,,53ieurhaftrltylp7pe70795g,Danny Desmond Makkelie,SSC Napoli,Sporting Clube de Portugal,M. Olivera,0,0,0,0,2,0,0,0,1,0,0,0,0,3,0
62,1 Oct 2025,,53ieurhaftrltylp7pe70795g,Danny Desmond Makkelie,SSC Napoli,Sporting Clube de Portugal,B. Gilmour,0,0,0,0,0,0,0,0,7,0,0,0,0,0,0
62,1 Oct 2025,,53ieurhaftrltylp7pe70795g,Danny Desmond Makkelie,SSC Napoli,Sporting Clube de Portugal,L. Lucca,0,0,0,0,0,0,0,0,0,0,0,0,0,1,0
62,1 Oct 2025,,53ieurhaftrltylp7pe70795g,Danny Desmond Makkelie,SSC Napoli,Sporting Clube de Portugal,F. Ioannidis,0,0,1,0,0,0,0,0,12,0,0,0,0,1,0
62,1 Oct 2025,,53ieurhaftrltylp7pe70795g,Danny Desmond Makkelie,SSC Napoli,Sporting Clube de Portugal,M. Hjulmand,0,0,0,0,0,1,0,0,71,0,0,1,1,4,0
62,1 Oct 2025,,53ieurhaftrltylp7pe70795g,Danny Desmond Makkelie,SSC Napoli,Sporting Clube de Portugal,Iván Fresneda,0,0,0,1,1,2,0,0,44,0,0,0,0,3,0
62,1 Oct 2025,,53ieurhaftrltylp7pe70795g,Danny Desmond Makkelie,SSC Napoli,Sporting Clube de Portugal,Eduardo Quaresma,0,0,0,0,1,0,0,0,65,0,0,0,0,3,0
62,1 Oct 2025,,53ieurhaftrltylp7pe70795g,Danny Desmond Makkelie,SSC Napoli,Sporting Clube de Portugal,Gonçalo Inácio,0,0,0,0,0,0,0,0,79,0,0,0,0,2,0
62,1 Oct 2025,,53ieurhaftrltylp7pe70795g,Danny Desmond Makkelie,SSC Napoli,Sporting Clube de Portugal,M. Araújo,0,0,0,2,2,2,0,0,29,0,0,0,0,4,0
62,1 Oct 2025,,53ieurhaftrltylp7pe70795g,Danny Desmond Makkelie,SSC Napoli,Sporting Clube de Portugal,João Simões,0,0,0,0,1,2,0,0,39,0,0,1,1,4,0
62,1 Oct 2025,,53ieurhaftrltylp7pe70795g,Danny Desmond Makkelie,SSC Napoli,Sporting Clube de Portugal,Rui Silva,0,0,0,0,0,0,0,0,28,0,1,0,0,0,0
62,1 Oct 2025,,53ieurhaftrltylp7pe70795g,Danny Desmond Makkelie,SSC Napoli,Sporting Clube de Portugal,Geovany Quenda,0,0,0,5,0,5,0,0,30,0,0,1,1,1,0
62,1 Oct 2025,,53ieurhaftrltylp7pe70795g,Danny Desmond Makkelie,SSC Napoli,Sporting Clube de Portugal,Geny Catamo,0,0,0,1,0,0,0,0,13,0,0,0,0,0,0
62,1 Oct 2025,,53ieurhaftrltylp7pe70795g,Danny Desmond Makkelie,SSC Napoli,Sporting Clube de Portugal,Trincão,0,0,0,0,2,1,0,0,13,0,0,0,0,1,0
62,1 Oct 2025,,53ieurhaftrltylp7pe70795g,Danny Desmond Makkelie,SSC Napoli,Sporting Clube de Portugal,L. Suárez,0,2,1,0,1,1,1,0,11,0,0,3,1,0,0
62,1 Oct 2025,,53ieurhaftrltylp7pe70795g,Danny Desmond Makkelie,SSC Napoli,Sporting Clube de Portugal,Pote,0,1,0,0,0,0,0,0,13,0,0,2,0,0,0
62,1 Oct 2025,,53ieurhaftrltylp7pe70795g,Danny Desmond Makkelie,SSC Napoli,Sporting Clube de Portugal,Alisson Santos,0,0,0,0,0,0,0,0,7,0,0,0,0,1,0
62,1 Oct 2025,,53ieurhaftrltylp7pe70795g,Danny Desmond Makkelie,SSC Napoli,Sporting Clube de Portugal,Z. Debast,0,0,0,0,1,1,0,0,28,0,0,0,0,1,0
62,1 Oct 2025,,53ieurhaftrltylp7pe70795g,Danny Desmond Makkelie,SSC Napoli,Sporting Clube de Portugal,H. Morita,0,0,0,0,0,0,0,0,13,0,0,0,0,1,0
64,1 Oct 2025,,53uv9nt6mmwd2snmpdhdrzbx0,István Kovács,Villarreal CF,Juventus FC,G. Mikautadze,0,0,0,0,0,2,1,0,11,0,0,2,1,0,0
64,1 Oct 2025,,53uv9nt6mmwd2snmpdhdrzbx0,István Kovács,Villarreal CF,Juventus FC,Arnau Tenas,0,0,1,0,0,0,0,0,38,0,2,0,0,0,0
64,1 Oct 2025,,53uv9nt6mmwd2snmpdhdrzbx0,István Kovács,Villarreal CF,Juventus FC,Rafa Marín,0,0,0,0,0,0,0,0,54,0,0,1,1,4,0
64,1 Oct 2025,,53uv9nt6mmwd2snmpdhdrzbx0,István Kovács,Villarreal CF,Juventus FC,S. Mouriño,0,0,0,0,0,1,0,0,30,0,0,0,0,5,0
64,1 Oct 2025,,53uv9nt6mmwd2snmpdhdrzbx0,István Kovács,Villarreal CF,Juventus FC,Renato Veiga,0,1,0,0,0,0,1,0,50,0,0,2,1,2,0
64,1 Oct 2025,,53uv9nt6mmwd2snmpdhdrzbx0,István Kovács,Villarreal CF,Juventus FC,T. Buchanan,0,0,0,0,2,2,0,0,14,0,0,1,1,0,0
64,1 Oct 2025,,53uv9nt6mmwd2snmpdhdrzbx0,István Kovács,Villarreal CF,Juventus FC,P. Gueye,0,0,1,1,3,3,0,0,39,0,0,3,1,3,0
64,1 Oct 2025,,53uv9nt6mmwd2snmpdhdrzbx0,István Kovács,Villarreal CF,Juventus FC,Santi Comesaña,0,1,0,0,1,5,0,1,23,0,0,2,0,1,0
64,1 Oct 2025,,53uv9nt6mmwd2snmpdhdrzbx0,István Kovács,Villarreal CF,Juventus FC,N. Pépé,1,1,0,3,0,4,0,0,36,0,0,1,0,3,0
64,1 Oct 2025,,53uv9nt6mmwd2snmpdhdrzbx0,István Kovács,Villarreal CF,Juventus FC,Alfonso Pedraza,0,0,0,2,1,0,0,0,24,0,0,1,1,3,0
64,1 Oct 2025,,53uv9nt6mmwd2snmpdhdrzbx0,István Kovács,Villarreal CF,Juventus FC,Dani Parejo,0,1,1,0,0,1,0,0,29,0,0,2,0,2,0
64,1 Oct 2025,,53uv9nt6mmwd2snmpdhdrzbx0,István Kovács,Villarreal CF,Juventus FC,T. Oluwaseyi,0,1,1,0,0,1,0,0,5,0,0,2,0,0,0
64,1 Oct 2025,,53uv9nt6mmwd2snmpdhdrzbx0,István Kovács,Villarreal CF,Juventus FC,Alberto Moleiro,0,0,0,1,0,0,0,0,7,0,0,0,0,0,0
64,1 Oct 2025,,53uv9nt6mmwd2snmpdhdrzbx0,István Kovács,Villarreal CF,Juventus FC,Sergi Cardona,0,0,0,1,0,0,0,0,9,0,0,0,0,0,0
64,1 Oct 2025,,53uv9nt6mmwd2snmpdhdrzbx0,István Kovács,Villarreal CF,Juventus FC,I. Akhomach,1,0,0,4,0,0,0,0,6,0,0,0,0,0,1
64,1 Oct 2025,,53uv9nt6mmwd2snmpdhdrzbx0,István Kovács,Villarreal CF,Juventus FC,F. Gatti,0,0,0,0,0,0,1,0,49,0,0,1,1,2,0
64,1 Oct 2025,,53uv9nt6mmwd2snmpdhdrzbx0,István Kovács,Villarreal CF,Juventus FC,W. McKennie,0,0,1,0,1,0,0,0,30,0,0,3,2,3,0
64,1 Oct 2025,,53uv9nt6mmwd2snmpdhdrzbx0,István Kovács,Villarreal CF,Juventus FC,J. David,0,0,0,0,2,1,0,0,15,0,0,2,0,1,0
64,1 Oct 2025,,53uv9nt6mmwd2snmpdhdrzbx0,István Kovács,Villarreal CF,Juventus FC,A. Cambiaso,0,1,0,4,2,1,0,0,46,0,0,1,0,1,1
64,1 Oct 2025,,53uv9nt6mmwd2snmpdhdrzbx0,István Kovács,Villarreal CF,Juventus FC,T. Koopmeiners,0,0,0,1,2,1,0,0,22,0,0,0,0,0,0
64,1 Oct 2025,,53uv9nt6mmwd2snmpdhdrzbx0,István Kovács,Villarreal CF,Juventus FC,P. Kalulu,0,0,0,1,1,0,0,0,59,0,0,0,0,0,0
64,1 Oct 2025,,53uv9nt6mmwd2snmpdhdrzbx0,István Kovács,Villarreal CF,Juventus FC,K. Yıldız,0,1,2,4,1,0,0,0,31,0,0,3,0,1,0
64,1 Oct 2025,,53uv9nt6mmwd2snmpdhdrzbx0,István Kovács,Villarreal CF,Juventus FC,J. Cabal,0,0,0,0,1,0,0,0,5,0,0,0,0,0,1
64,1 Oct 2025,,53uv9nt6mmwd2snmpdhdrzbx0,István Kovács,Villarreal CF,Juventus FC,M. Locatelli,0,1,0,1,1,1,0,0,77,0,0,1,0,5,0
64,1 Oct 2025,,53uv9nt6mmwd2snmpdhdrzbx0,István Kovács,Villarreal CF,Juventus FC,L. Kelly,1,0,0,0,4,0,0,0,58,0,0,0,0,4,0
64,1 Oct 2025,,53uv9nt6mmwd2snmpdhdrzbx0,István Kovács,Villarreal CF,Juventus FC,M. Perin,0,0,0,0,0,0,0,0,24,0,4,0,0,0,0
64,1 Oct 2025,,53uv9nt6mmwd2snmpdhdrzbx0,István Kovács,Villarreal CF,Juventus FC,João Mário,0,0,0,4,1,1,0,0,29,0,0,0,0,3,0
64,1 Oct 2025,,53uv9nt6mmwd2snmpdhdrzbx0,István Kovács,Villarreal CF,Juventus FC,Francisco Conceição,0,1,0,2,0,1,1,0,12,0,0,2,1,0,1
64,1 Oct 2025,,53uv9nt6mmwd2snmpdhdrzbx0,István Kovács,Villarreal CF,Juventus FC,D. Rugani,0,0,0,0,0,0,0,0,3,0,0,0,0,0,0
64,1 Oct 2025,,53uv9nt6mmwd2snmpdhdrzbx0,István Kovács,Villarreal CF,Juventus FC,V. Adžić,0,0,0,0,1,0,0,0,1,0,0,0,0,1,0
64,1 Oct 2025,,53uv9nt6mmwd2snmpdhdrzbx0,István Kovács,Villarreal CF,Juventus FC,D. Vlahović,0,0,0,0,2,0,0,1,3,0,0,0,0,0,0
65,21 Oct 2025,,547fv6pkd98zbsl3ha92ih0d0,Urs Schnyder,FC Barcelona,Olympiakos FC,M. Rashford,0,0,1,3,0,3,2,2,19,0,0,4,2,0,0
65,21 Oct 2025,,547fv6pkd98zbsl3ha92ih0d0,Urs Schnyder,FC Barcelona,Olympiakos FC,Marc Casadó,0,0,0,0,0,3,0,0,74,0,0,0,0,3,0
65,21 Oct 2025,,547fv6pkd98zbsl3ha92ih0d0,Urs Schnyder,FC Barcelona,Olympiakos FC,Pau Cubarsí,0,0,0,0,0,0,0,0,85,0,0,0,0,2,0
65,21 Oct 2025,,547fv6pkd98zbsl3ha92ih0d0,Urs Schnyder,FC Barcelona,Olympiakos FC,Eric García,0,0,0,0,2,0,0,0,77,0,0,1,0,1,0
65,21 Oct 2025,,547fv6pkd98zbsl3ha92ih0d0,Urs Schnyder,FC Barcelona,Olympiakos FC,Alejandro Balde,1,0,0,0,1,0,0,0,49,0,0,0,0,1,1
65,21 Oct 2025,,547fv6pkd98zbsl3ha92ih0d0,Urs Schnyder,FC Barcelona,Olympiakos FC,Dro Fernández,1,0,0,1,1,0,0,0,20,0,0,0,0,0,0
65,21 Oct 2025,,547fv6pkd98zbsl3ha92ih0d0,Urs Schnyder,FC Barcelona,Olympiakos FC,W. Szczęsny,0,0,0,0,0,0,0,0,36,0,1,0,0,0,0
65,21 Oct 2025,,547fv6pkd98zbsl3ha92ih0d0,Urs Schnyder,FC Barcelona,Olympiakos FC,J. Koundé,0,0,0,0,1,0,0,0,57,0,0,1,0,0,0
65,21 Oct 2025,,547fv6pkd98zbsl3ha92ih0d0,Urs Schnyder,FC Barcelona,Olympiakos FC,Fermín López,0,0,3,1,2,0,3,0,58,0,0,4,4,1,0
65,21 Oct 2025,,547fv6pkd98zbsl3ha92ih0d0,Urs Schnyder,FC Barcelona,Olympiakos FC,Pedri,1,0,0,0,0,2,0,0,75,0,0,0,0,1,0
65,21 Oct 2025,,547fv6pkd98zbsl3ha92ih0d0,Urs Schnyder,FC Barcelona,Olympiakos FC,Lamine Yamal,1,1,2,2,0,2,1,0,31,0,0,3,1,1,0
65,21 Oct 2025,,547fv6pkd98zbsl3ha92ih0d0,Urs Schnyder,FC Barcelona,Olympiakos FC,F. de Jong,0,1,1,0,0,0,0,0,25,0,0,1,0,0,0
65,21 Oct 2025,,547fv6pkd98zbsl3ha92ih0d0,Urs Schnyder,FC Barcelona,Olympiakos FC,Gerard Martín,0,0,0,1,0,0,0,0,20,0,0,0,0,0,0
65,21 Oct 2025,,547fv6pkd98zbsl3ha92ih0d0,Urs Schnyder,FC Barcelona,Olympiakos FC,R. Bardghji,1,0,0,0,0,0,0,0,10,0,0,0,0,0,0
65,21 Oct 2025,,547fv6pkd98zbsl3ha92ih0d0,Urs Schnyder,FC Barcelona,Olympiakos FC,R. Araujo,0,0,0,0,0,0,0,0,15,0,0,0,0,1,0
65,21 Oct 2025,,547fv6pkd98zbsl3ha92ih0d0,Urs Schnyder,FC Barcelona,Olympiakos FC,Marc Bernal,0,0,0,0,0,0,0,0,16,0,0,0,0,0,0
65,21 Oct 2025,,547fv6pkd98zbsl3ha92ih0d0,Urs Schnyder,FC Barcelona,Olympiakos FC,Costinha,0,0,0,3,0,2,0,0,26,0,0,0,0,7,0
65,21 Oct 2025,,547fv6pkd98zbsl3ha92ih0d0,Urs Schnyder,FC Barcelona,Olympiakos FC,Chiquinho,0,0,0,4,0,0,0,0,6,0,0,0,0,1,0
65,21 Oct 2025,,547fv6pkd98zbsl3ha92ih0d0,Urs Schnyder,FC Barcelona,Olympiakos FC,Daniel Podence,0,0,1,2,1,1,0,0,20,0,0,1,1,0,1
65,21 Oct 2025,,547fv6pkd98zbsl3ha92ih0d0,Urs Schnyder,FC Barcelona,Olympiakos FC,L. Pirola,0,0,0,0,0,0,0,0,30,0,0,1,0,1,0
65,21 Oct 2025,,547fv6pkd98zbsl3ha92ih0d0,Urs Schnyder,FC Barcelona,Olympiakos FC,F. Ortega,0,0,0,2,1,0,0,0,15,0,0,0,0,1,0
65,21 Oct 2025,,547fv6pkd98zbsl3ha92ih0d0,Urs Schnyder,FC Barcelona,Olympiakos FC,S. Hezze,0,0,0,0,2,1,0,0,11,1,0,0,0,3,2
65,21 Oct 2025,,547fv6pkd98zbsl3ha92ih0d0,Urs Schnyder,FC Barcelona,Olympiakos FC,Dani García,0,1,1,0,2,0,0,0,25,0,0,1,0,2,1
65,21 Oct 2025,,547fv6pkd98zbsl3ha92ih0d0,Urs Schnyder,FC Barcelona,Olympiakos FC,Gelson Martins,0,1,0,0,0,1,0,1,5,0,0,1,0,1,0
65,21 Oct 2025,,547fv6pkd98zbsl3ha92ih0d0,Urs Schnyder,FC Barcelona,Olympiakos FC,K. Tzolakis,0,0,0,0,1,0,0,0,23,0,1,0,0,1,0
65,21 Oct 2025,,547fv6pkd98zbsl3ha92ih0d0,Urs Schnyder,FC Barcelona,Olympiakos FC,A. El Kaabi,0,0,0,2,0,0,1,0,14,0,0,1,1,1,0
65,21 Oct 2025,,547fv6pkd98zbsl3ha92ih0d0,Urs Schnyder,FC Barcelona,Olympiakos FC,P. Retsos,0,0,0,0,1,0,0,0,23,0,0,0,0,3,0
65,21 Oct 2025,,547fv6pkd98zbsl3ha92ih0d0,Urs Schnyder,FC Barcelona,Olympiakos FC,Diogo Nascimento,0,0,0,1,2,1,0,0,13,0,0,0,0,1,0
65,21 Oct 2025,,547fv6pkd98zbsl3ha92ih0d0,Urs Schnyder,FC Barcelona,Olympiakos FC,C. Mouzakitis,0,0,0,0,0,0,0,0,13,0,0,0,0,0,0
65,21 Oct 2025,,547fv6pkd98zbsl3ha92ih0d0,Urs Schnyder,FC Barcelona,Olympiakos FC,B. Onyemaechi,0,0,0,2,0,0,0,0,6,0,0,0,0,1,0
65,21 Oct 2025,,547fv6pkd98zbsl3ha92ih0d0,Urs Schnyder,FC Barcelona,Olympiakos FC,R. Yaremchuk,0,0,0,0,0,0,0,0,5,0,0,0,0,1,0
65,21 Oct 2025,,547fv6pkd98zbsl3ha92ih0d0,Urs Schnyder,FC Barcelona,Olympiakos FC,M. Taremi,0,0,0,0,0,0,0,0,4,0,0,0,0,0,0
66,21 Oct 2025,,54jwyyjv479n2g29919th9edw,Chris Kavanagh,FK Kairat Almaty,Pafos FC,O. Arad,0,1,0,2,3,2,0,0,75,0,0,3,1,4,1
66,21 Oct 2025,,54jwyyjv479n2g29919th9edw,Chris Kavanagh,FK Kairat Almaty,Pafos FC,A. Martynovich,0,0,0,0,1,0,0,0,113,0,0,0,0,2,0
66,21 Oct 2025,,54jwyyjv479n2g29919th9edw,Chris Kavanagh,FK Kairat Almaty,Pafos FC,E. Sorokin,0,1,0,1,1,0,0,0,83,0,0,2,0,0,0
66,21 Oct 2025,,54jwyyjv479n2g29919th9edw,Chris Kavanagh,FK Kairat Almaty,Pafos FC,D. Glazer,0,0,0,0,0,1,0,0,35,0,0,0,0,1,0
66,21 Oct 2025,,54jwyyjv479n2g29919th9edw,Chris Kavanagh,FK Kairat Almaty,Pafos FC,E. Tapalov,0,0,0,2,0,0,0,0,32,0,0,0,0,2,0
66,21 Oct 2025,,54jwyyjv479n2g29919th9edw,Chris Kavanagh,FK Kairat Almaty,Pafos FC,D. Satpaev,0,2,1,1,1,0,0,0,19,0,0,3,0,0,1
66,21 Oct 2025,,54jwyyjv479n2g29919th9edw,Chris Kavanagh,FK Kairat Almaty,Pafos FC,T. Anarbekov,0,0,0,0,0,0,0,0,14,0,5,0,0,0,0
66,21 Oct 2025,,54jwyyjv479n2g29919th9edw,Chris Kavanagh,FK Kairat Almaty,Pafos FC,A. Mrynskiy,0,0,1,4,1,1,0,0,36,0,0,1,0,1,0
66,21 Oct 2025,,54jwyyjv479n2g29919th9edw,Chris Kavanagh,FK Kairat Almaty,Pafos FC,V. Gromyko,0,1,1,6,0,0,0,0,43,0,0,5,0,4,0
66,21 Oct 2025,,54jwyyjv479n2g29919th9edw,Chris Kavanagh,FK Kairat Almaty,Pafos FC,Luís Mata,0,1,1,4,1,1,0,0,41,0,0,1,0,1,0
66,21 Oct 2025,,54jwyyjv479n2g29919th9edw,Chris Kavanagh,FK Kairat Almaty,Pafos FC,Jorginho,0,0,0,1,2,1,0,1,29,0,0,3,0,1,0
66,21 Oct 2025,,54jwyyjv479n2g29919th9edw,Chris Kavanagh,FK Kairat Almaty,Pafos FC,A. Tuyakbayev,0,1,1,0,1,1,0,0,24,0,0,2,0,1,1
66,21 Oct 2025,,54jwyyjv479n2g29919th9edw,Chris Kavanagh,FK Kairat Almaty,Pafos FC,G. Zaria,0,0,1,2,0,2,0,0,18,0,0,2,1,0,0
66,21 Oct 2025,,54jwyyjv479n2g29919th9edw,Chris Kavanagh,FK Kairat Almaty,Pafos FC,D. Kasabulat,0,0,0,0,0,0,0,0,3,0,0,0,0,0,0
66,21 Oct 2025,,54jwyyjv479n2g29919th9edw,Chris Kavanagh,FK Kairat Almaty,Pafos FC,Ricardo Viana Filho,0,0,0,0,0,0,0,0,0,0,0,0,0,0,0
66,21 Oct 2025,,54jwyyjv479n2g29919th9edw,Chris Kavanagh,FK Kairat Almaty,Pafos FC,David Luiz,0,0,2,0,0,0,0,0,21,0,0,4,3,0,0
66,21 Oct 2025,,54jwyyjv479n2g29919th9edw,Chris Kavanagh,FK Kairat Almaty,Pafos FC,N. Michael,0,0,0,0,0,2,0,0,47,0,2,0,0,0,0
66,21 Oct 2025,,54jwyyjv479n2g29919th9edw,Chris Kavanagh,FK Kairat Almaty,Pafos FC,D. Luckassen,0,0,0,0,0,0,0,0,26,0,0,0,0,0,0
66,21 Oct 2025,,54jwyyjv479n2g29919th9edw,Chris Kavanagh,FK Kairat Almaty,Pafos FC,I. Šunjić,0,0,0,0,3,0,0,0,27,0,0,0,0,2,1
66,21 Oct 2025,,54jwyyjv479n2g29919th9edw,Chris Kavanagh,FK Kairat Almaty,Pafos FC,M. Oršić,0,0,0,3,0,1,0,0,20,0,0,1,1,1,0
66,21 Oct 2025,,54jwyyjv479n2g29919th9edw,Chris Kavanagh,FK Kairat Almaty,Pafos FC,K. Pileas,0,0,0,0,0,0,0,0,20,0,0,0,0,0,0
66,21 Oct 2025,,54jwyyjv479n2g29919th9edw,Chris Kavanagh,FK Kairat Almaty,Pafos FC,V. Dragomir,0,0,1,0,1,1,0,3,14,0,0,1,1,0,0
66,21 Oct 2025,,54jwyyjv479n2g29919th9edw,Chris Kavanagh,FK Kairat Almaty,Pafos FC,Bruno Felipe,0,0,1,0,1,1,0,0,15,0,0,1,1,3,0
66,21 Oct 2025,,54jwyyjv479n2g29919th9edw,Chris Kavanagh,FK Kairat Almaty,Pafos FC,João Correia,0,0,0,0,1,0,0,0,0,1,0,0,0,0,0
66,21 Oct 2025,,54jwyyjv479n2g29919th9edw,Chris Kavanagh,FK Kairat Almaty,Pafos FC,Pêpê Rodrigues,0,0,0,2,1,2,0,0,37,0,0,0,0,0,0
66,21 Oct 2025,,54jwyyjv479n2g29919th9edw,Chris Kavanagh,FK Kairat Almaty,Pafos FC,Domingos Quina,0,0,0,0,0,3,0,0,13,0,0,1,0,2,0
66,21 Oct 2025,,54jwyyjv479n2g29919th9edw,Chris Kavanagh,FK Kairat Almaty,Pafos FC,David Goldar,0,1,0,0,0,1,0,0,2,0,0,1,0,0,0
66,21 Oct 2025,,54jwyyjv479n2g29919th9edw,Chris Kavanagh,FK Kairat Almaty,Pafos FC,M. Bassouamina,0,0,0,0,0,0,0,0,1,0,0,0,0,0,0
66,21 Oct 2025,,54jwyyjv479n2g29919th9edw,Chris Kavanagh,FK Kairat Almaty,Pafos FC,L. Dimata,0,0,0,0,1,0,0,0,3,0,0,0,0,0,0
66,21 Oct 2025,,54jwyyjv479n2g29919th9edw,Chris Kavanagh,FK Kairat Almaty,Pafos FC,K. Sema,0,0,0,1,1,0,0,0,4,0,0,0,0,1,0
66,21 Oct 2025,,54jwyyjv479n2g29919th9edw,Chris Kavanagh,FK Kairat Almaty,Pafos FC,Bruno Langa,0,0,0,0,0,0,0,0,2,0,0,0,0,0,0
111,25 Nov 2025,,5klsgyaimzk0vf9kez1x7lno4,Szymon Marciniak,SSC Napoli,Qarabağ Ağdam FK,S. McTominay,0,1,1,0,2,0,1,0,63,0,0,5,2,1,0
111,25 Nov 2025,,5klsgyaimzk0vf9kez1x7lno4,Szymon Marciniak,SSC Napoli,Qarabağ Ağdam FK,S. Beukema,0,0,0,0,0,1,0,0,52,0,0,0,0,0,0
111,25 Nov 2025,,5klsgyaimzk0vf9kez1x7lno4,Szymon Marciniak,SSC Napoli,Qarabağ Ağdam FK,Amir Rrahmani,0,0,0,0,2,0,0,0,46,0,0,0,0,3,1
111,25 Nov 2025,,5klsgyaimzk0vf9kez1x7lno4,Szymon Marciniak,SSC Napoli,Qarabağ Ağdam FK,S. Lobotka,0,0,0,0,1,1,0,0,72,0,0,0,0,1,0
111,25 Nov 2025,,5klsgyaimzk0vf9kez1x7lno4,Szymon Marciniak,SSC Napoli,Qarabağ Ağdam FK,N. Lang,0,1,0,6,3,2,0,1,24,0,0,2,1,0,1
111,25 Nov 2025,,5klsgyaimzk0vf9kez1x7lno4,Szymon Marciniak,SSC Napoli,Qarabağ Ağdam FK,V. Milinković-Savić,0,0,0,0,0,0,0,0,35,0,3,0,0,0,0
111,25 Nov 2025,,5klsgyaimzk0vf9kez1x7lno4,Szymon Marciniak,SSC Napoli,Qarabağ Ağdam FK,A. Buongiorno,0,0,1,0,3,0,0,0,57,0,0,2,1,1,0
111,25 Nov 2025,,5klsgyaimzk0vf9kez1x7lno4,Szymon Marciniak,SSC Napoli,Qarabağ Ağdam FK,M. Olivera,0,0,1,1,2,0,0,0,54,0,0,1,1,3,0
111,25 Nov 2025,,5klsgyaimzk0vf9kez1x7lno4,Szymon Marciniak,SSC Napoli,Qarabağ Ağdam FK,David Neres,0,0,2,4,1,0,0,0,37,0,0,2,2,0,0
111,25 Nov 2025,,5klsgyaimzk0vf9kez1x7lno4,Szymon Marciniak,SSC Napoli,Qarabağ Ağdam FK,R. Højlund,0,2,0,1,0,1,0,0,17,0,0,4,1,2,0
111,25 Nov 2025,,5klsgyaimzk0vf9kez1x7lno4,Szymon Marciniak,SSC Napoli,Qarabağ Ağdam FK,G. Di Lorenzo,0,1,1,1,3,1,0,0,46,0,0,1,0,1,0
111,25 Nov 2025,,5klsgyaimzk0vf9kez1x7lno4,Szymon Marciniak,SSC Napoli,Qarabağ Ağdam FK,M. Politano,0,0,0,2,1,0,0,0,14,0,0,0,0,0,0
111,25 Nov 2025,,5klsgyaimzk0vf9kez1x7lno4,Szymon Marciniak,SSC Napoli,Qarabağ Ağdam FK,E. Elmas,0,0,0,0,0,0,0,0,9,0,0,0,0,0,0
111,25 Nov 2025,,5klsgyaimzk0vf9kez1x7lno4,Szymon Marciniak,SSC Napoli,Qarabağ Ağdam FK,L. Lucca,0,0,0,0,0,0,0,0,5,0,0,0,0,0,0
111,25 Nov 2025,,5klsgyaimzk0vf9kez1x7lno4,Szymon Marciniak,SSC Napoli,Qarabağ Ağdam FK,Juan Jesus,0,0,0,0,0,0,0,0,12,0,0,0,0,0,0
111,25 Nov 2025,,5klsgyaimzk0vf9kez1x7lno4,Szymon Marciniak,SSC Napoli,Qarabağ Ağdam FK,A. Vergara,0,0,0,0,0,0,0,0,2,0,0,0,0,0,0
111,25 Nov 2025,,5klsgyaimzk0vf9kez1x7lno4,Szymon Marciniak,SSC Napoli,Qarabağ Ağdam FK,A. Zoubir,0,0,0,2,0,1,0,1,66,0,0,0,0,0,0
111,25 Nov 2025,,5klsgyaimzk0vf9kez1x7lno4,Szymon Marciniak,SSC Napoli,Qarabağ Ağdam FK,M. Janković,0,1,2,3,1,3,0,0,64,0,0,2,0,0,1
111,25 Nov 2025,,5klsgyaimzk0vf9kez1x7lno4,Szymon Marciniak,SSC Napoli,Qarabağ Ağdam FK,Leandro Andrade,0,0,0,1,0,0,0,0,15,0,0,0,0,0,0
111,25 Nov 2025,,5klsgyaimzk0vf9kez1x7lno4,Szymon Marciniak,SSC Napoli,Qarabağ Ağdam FK,Matheus Silva,0,0,0,0,0,2,0,0,34,0,0,0,0,1,0
111,25 Nov 2025,,5klsgyaimzk0vf9kez1x7lno4,Szymon Marciniak,SSC Napoli,Qarabağ Ağdam FK,Pedro Bicalho,0,0,0,0,1,1,0,0,60,0,0,0,0,2,0
111,25 Nov 2025,,5klsgyaimzk0vf9kez1x7lno4,Szymon Marciniak,SSC Napoli,Qarabağ Ağdam FK,B. Mustafazadə,0,0,0,0,0,0,0,0,31,0,0,0,0,1,0
111,25 Nov 2025,,5klsgyaimzk0vf9kez1x7lno4,Szymon Marciniak,SSC Napoli,Qarabağ Ağdam FK,K. Medina,0,0,0,0,2,2,0,0,38,0,0,0,0,1,1
111,25 Nov 2025,,5klsgyaimzk0vf9kez1x7lno4,Szymon Marciniak,SSC Napoli,Qarabağ Ağdam FK,E. Cəfərquliyev,0,0,0,2,0,2,0,0,31,0,0,0,0,4,0
111,25 Nov 2025,,5klsgyaimzk0vf9kez1x7lno4,Szymon Marciniak,SSC Napoli,Qarabağ Ağdam FK,M. Kochalski,0,0,0,0,0,0,0,0,30,0,8,0,0,0,0
111,25 Nov 2025,,5klsgyaimzk0vf9kez1x7lno4,Szymon Marciniak,SSC Napoli,Qarabağ Ağdam FK,E. Addai,0,2,2,1,1,2,0,1,30,0,0,4,1,0,0
111,25 Nov 2025,,5klsgyaimzk0vf9kez1x7lno4,Szymon Marciniak,SSC Napoli,Qarabağ Ağdam FK,C. Durán,0,1,0,0,0,1,0,0,7,0,0,2,1,0,0
111,25 Nov 2025,,5klsgyaimzk0vf9kez1x7lno4,Szymon Marciniak,SSC Napoli,Qarabağ Ağdam FK,S. Mmaee,0,1,0,0,0,0,0,0,18,0,0,1,0,0,0
111,25 Nov 2025,,5klsgyaimzk0vf9kez1x7lno4,Szymon Marciniak,SSC Napoli,Qarabağ Ağdam FK,O. Kashchuk,0,0,0,1,0,3,0,0,15,0,0,0,0,0,0
111,25 Nov 2025,,5klsgyaimzk0vf9kez1x7lno4,Szymon Marciniak,SSC Napoli,Qarabağ Ağdam FK,Dani Bolt,0,0,0,1,0,0,0,0,10,0,0,1,0,0,0
111,25 Nov 2025,,5klsgyaimzk0vf9kez1x7lno4,Szymon Marciniak,SSC Napoli,Qarabağ Ağdam FK,N. Axundzadə,0,0,0,0,1,1,0,0,0,0,0,1,1,0,0
111,25 Nov 2025,,5klsgyaimzk0vf9kez1x7lno4,Szymon Marciniak,SSC Napoli,Qarabağ Ağdam FK,T. Bayramov,0,0,0,0,0,0,0,0,5,0,0,0,0,1,0
114,12 Aug 2025,,67ynklkwlxs648jughhfz9lw4,Szymon Marciniak,FC Viktoria Plzeň,Rangers FC,J. Paluska,0,0,0,1,1,0,0,0,23,0,0,0,0,2,1
114,12 Aug 2025,,67ynklkwlxs648jughhfz9lw4,Szymon Marciniak,FC Viktoria Plzeň,Rangers FC,S. Dweh,0,0,0,3,0,0,0,0,21,0,0,1,0,1,0
114,12 Aug 2025,,67ynklkwlxs648jughhfz9lw4,Szymon Marciniak,FC Viktoria Plzeň,Rangers FC,V. Jemelka,0,0,0,0,2,0,0,0,45,0,0,3,0,0,0
114,12 Aug 2025,,67ynklkwlxs648jughhfz9lw4,Szymon Marciniak,FC Viktoria Plzeň,Rangers FC,M. Vydra,0,1,0,2,3,1,0,0,18,0,0,5,1,1,0
114,12 Aug 2025,,67ynklkwlxs648jughhfz9lw4,Szymon Marciniak,FC Viktoria Plzeň,Rangers FC,P. Adu,0,1,2,4,2,3,0,1,23,0,0,6,3,1,0
114,12 Aug 2025,,67ynklkwlxs648jughhfz9lw4,Szymon Marciniak,FC Viktoria Plzeň,Rangers FC,M. Jedlička,0,0,0,0,0,0,0,0,33,0,1,0,0,0,0
114,12 Aug 2025,,67ynklkwlxs648jughhfz9lw4,Szymon Marciniak,FC Viktoria Plzeň,Rangers FC,A. Memić,1,1,2,7,0,0,0,0,23,0,0,3,0,1,0
114,12 Aug 2025,,67ynklkwlxs648jughhfz9lw4,Szymon Marciniak,FC Viktoria Plzeň,Rangers FC,K. Spáčil,0,0,1,2,2,0,0,0,31,0,0,1,1,0,0
114,12 Aug 2025,,67ynklkwlxs648jughhfz9lw4,Szymon Marciniak,FC Viktoria Plzeň,Rangers FC,L. Červ,0,0,0,3,1,3,0,0,29,0,0,2,1,3,0
114,12 Aug 2025,,67ynklkwlxs648jughhfz9lw4,Szymon Marciniak,FC Viktoria Plzeň,Rangers FC,R. Durosinmi,0,0,0,1,0,2,1,1,6,0,0,2,2,1,0
114,12 Aug 2025,,67ynklkwlxs648jughhfz9lw4,Szymon Marciniak,FC Viktoria Plzeň,Rangers FC,M. Valenta,0,0,0,4,1,1,0,0,39,0,0,0,0,1,0
114,12 Aug 2025,,67ynklkwlxs648jughhfz9lw4,Szymon Marciniak,FC Viktoria Plzeň,Rangers FC,S. Marković,0,0,0,0,0,0,1,0,9,0,0,1,1,1,0
114,12 Aug 2025,,67ynklkwlxs648jughhfz9lw4,Szymon Marciniak,FC Viktoria Plzeň,Rangers FC,M. Havel,0,0,1,0,2,0,0,0,7,0,0,1,1,0,0
114,12 Aug 2025,,67ynklkwlxs648jughhfz9lw4,Szymon Marciniak,FC Viktoria Plzeň,Rangers FC,C. Kabongo,1,1,0,1,0,0,0,0,7,0,0,2,0,0,0
114,12 Aug 2025,,67ynklkwlxs648jughhfz9lw4,Szymon Marciniak,FC Viktoria Plzeň,Rangers FC,C. Souaré,0,0,0,5,0,1,0,0,13,0,0,0,0,0,0
114,12 Aug 2025,,67ynklkwlxs648jughhfz9lw4,Szymon Marciniak,FC Viktoria Plzeň,Rangers FC,J. Panoš,0,0,0,1,1,0,0,0,4,0,0,0,0,0,0
114,12 Aug 2025,,67ynklkwlxs648jughhfz9lw4,Szymon Marciniak,FC Viktoria Plzeň,Rangers FC,N. Raskin,0,0,0,0,3,0,0,0,74,0,0,0,0,2,0
114,12 Aug 2025,,67ynklkwlxs648jughhfz9lw4,Szymon Marciniak,FC Viktoria Plzeň,Rangers FC,J. Butland,0,0,0,0,0,2,0,0,60,0,8,0,0,0,0
114,12 Aug 2025,,67ynklkwlxs648jughhfz9lw4,Szymon Marciniak,FC Viktoria Plzeň,Rangers FC,N. Djiga,0,0,0,0,2,0,0,0,41,0,0,0,0,1,1
114,12 Aug 2025,,67ynklkwlxs648jughhfz9lw4,Szymon Marciniak,FC Viktoria Plzeň,Rangers FC,M. Diomandé,0,1,1,0,1,1,0,0,30,0,0,1,0,1,0
114,12 Aug 2025,,67ynklkwlxs648jughhfz9lw4,Szymon Marciniak,FC Viktoria Plzeň,Rangers FC,J. Tavernier,0,1,0,5,2,1,0,0,45,0,0,1,0,1,0
114,12 Aug 2025,,67ynklkwlxs648jughhfz9lw4,Szymon Marciniak,FC Viktoria Plzeň,Rangers FC,O. Antman,0,1,1,0,0,3,0,0,29,0,0,1,0,3,0
114,12 Aug 2025,,67ynklkwlxs648jughhfz9lw4,Szymon Marciniak,FC Viktoria Plzeň,Rangers FC,Jefté,0,0,0,1,0,3,0,0,50,0,0,1,1,2,0
114,12 Aug 2025,,67ynklkwlxs648jughhfz9lw4,Szymon Marciniak,FC Viktoria Plzeň,Rangers FC,L. Cameron,0,0,0,1,0,1,1,0,25,0,0,2,1,2,0
114,12 Aug 2025,,67ynklkwlxs648jughhfz9lw4,Szymon Marciniak,FC Viktoria Plzeň,Rangers FC,J. Souttar,0,0,0,0,0,0,0,0,61,0,0,0,0,3,0
114,12 Aug 2025,,67ynklkwlxs648jughhfz9lw4,Szymon Marciniak,FC Viktoria Plzeň,Rangers FC,C. Dessers,0,0,0,0,0,0,0,0,10,0,0,0,0,0,0
114,12 Aug 2025,,67ynklkwlxs648jughhfz9lw4,Szymon Marciniak,FC Viktoria Plzeň,Rangers FC,D. Gassama,0,1,1,0,1,1,0,0,20,0,0,2,0,0,1
114,12 Aug 2025,,67ynklkwlxs648jughhfz9lw4,Szymon Marciniak,FC Viktoria Plzeň,Rangers FC,Danilo,1,0,0,0,0,0,0,0,19,0,0,1,0,0,0
114,12 Aug 2025,,67ynklkwlxs648jughhfz9lw4,Szymon Marciniak,FC Viktoria Plzeň,Rangers FC,J. Rothwell,0,0,0,0,0,1,0,0,25,0,0,0,0,0,0
114,12 Aug 2025,,67ynklkwlxs648jughhfz9lw4,Szymon Marciniak,FC Viktoria Plzeň,Rangers FC,K. Dowell,0,0,0,0,1,0,0,0,18,0,0,0,0,0,0
114,12 Aug 2025,,67ynklkwlxs648jughhfz9lw4,Szymon Marciniak,FC Viktoria Plzeň,Rangers FC,N. Bajrami,0,0,0,0,0,0,0,0,12,0,0,0,0,0,0
114,12 Aug 2025,,67ynklkwlxs648jughhfz9lw4,Szymon Marciniak,FC Viktoria Plzeň,Rangers FC,Ó. Cortés,0,0,0,1,1,1,0,0,4,0,0,0,0,1,0
116,22 Jul 2025,,6kaqdbacxn6vbvr8ddswl9xck,Donatas Rumšas,Rangers FC,Panathinaikos FC,J. Souttar,0,1,0,2,1,1,0,0,139,0,0,1,0,0,1
116,22 Jul 2025,,6kaqdbacxn6vbvr8ddswl9xck,Donatas Rumšas,Rangers FC,Panathinaikos FC,N. Raskin,1,1,0,3,3,0,0,0,76,0,0,4,2,1,1
116,22 Jul 2025,,6kaqdbacxn6vbvr8ddswl9xck,Donatas Rumšas,Rangers FC,Panathinaikos FC,J. Tavernier,0,0,0,5,1,1,0,0,86,0,0,0,0,1,0
116,22 Jul 2025,,6kaqdbacxn6vbvr8ddswl9xck,Donatas Rumšas,Rangers FC,Panathinaikos FC,M. Diomandé,1,1,1,1,0,2,0,1,33,0,0,3,1,2,0
116,22 Jul 2025,,6kaqdbacxn6vbvr8ddswl9xck,Donatas Rumšas,Rangers FC,Panathinaikos FC,J. Butland,0,0,0,0,0,0,0,0,23,0,4,0,0,0,0
116,22 Jul 2025,,6kaqdbacxn6vbvr8ddswl9xck,Donatas Rumšas,Rangers FC,Panathinaikos FC,J. Rothwell,0,1,0,1,1,1,0,0,60,0,0,1,0,1,0
116,22 Jul 2025,,6kaqdbacxn6vbvr8ddswl9xck,Donatas Rumšas,Rangers FC,Panathinaikos FC,M. Aarons,0,0,0,2,0,1,0,0,94,0,0,0,0,2,0
116,22 Jul 2025,,6kaqdbacxn6vbvr8ddswl9xck,Donatas Rumšas,Rangers FC,Panathinaikos FC,N. Djiga,0,0,0,0,0,1,0,0,105,0,0,1,0,2,0
116,22 Jul 2025,,6kaqdbacxn6vbvr8ddswl9xck,Donatas Rumšas,Rangers FC,Panathinaikos FC,F. Curtis,0,1,0,2,2,2,1,0,37,0,0,2,1,4,0
116,22 Jul 2025,,6kaqdbacxn6vbvr8ddswl9xck,Donatas Rumšas,Rangers FC,Panathinaikos FC,Danilo,0,1,1,0,0,1,0,0,13,0,0,1,0,0,0
116,22 Jul 2025,,6kaqdbacxn6vbvr8ddswl9xck,Donatas Rumšas,Rangers FC,Panathinaikos FC,K. Dowell,0,0,0,0,1,1,0,0,19,0,0,1,0,0,0
116,22 Jul 2025,,6kaqdbacxn6vbvr8ddswl9xck,Donatas Rumšas,Rangers FC,Panathinaikos FC,D. Gassama,0,0,1,1,0,0,1,0,10,0,0,1,1,0,0
116,22 Jul 2025,,6kaqdbacxn6vbvr8ddswl9xck,Donatas Rumšas,Rangers FC,Panathinaikos FC,H. Igamane,0,0,0,0,1,0,0,0,6,0,0,1,0,1,0
116,22 Jul 2025,,6kaqdbacxn6vbvr8ddswl9xck,Donatas Rumšas,Rangers FC,Panathinaikos FC,N. Bajrami,0,0,0,0,0,0,0,0,9,0,0,0,0,0,0
116,22 Jul 2025,,6kaqdbacxn6vbvr8ddswl9xck,Donatas Rumšas,Rangers FC,Panathinaikos FC,C. Dessers,0,0,0,0,0,0,0,0,2,0,0,0,0,0,0
116,22 Jul 2025,,6kaqdbacxn6vbvr8ddswl9xck,Donatas Rumšas,Rangers FC,Panathinaikos FC,T. Bakasetas,0,1,2,6,1,0,0,0,30,0,0,1,0,1,0
116,22 Jul 2025,,6kaqdbacxn6vbvr8ddswl9xck,Donatas Rumšas,Rangers FC,Panathinaikos FC,Pedro Chirivella,0,0,0,1,1,0,0,0,29,0,0,0,0,5,0
116,22 Jul 2025,,6kaqdbacxn6vbvr8ddswl9xck,Donatas Rumšas,Rangers FC,Panathinaikos FC,G. Vagiannidis,0,0,1,2,3,3,0,0,16,1,0,1,0,1,2
116,22 Jul 2025,,6kaqdbacxn6vbvr8ddswl9xck,Donatas Rumšas,Rangers FC,Panathinaikos FC,E. Palmer-Brown,0,0,0,0,1,0,0,0,13,0,0,1,1,2,0
116,22 Jul 2025,,6kaqdbacxn6vbvr8ddswl9xck,Donatas Rumšas,Rangers FC,Panathinaikos FC,G. Kyriakopoulos,0,0,1,6,2,1,0,0,26,0,0,1,0,0,0
116,22 Jul 2025,,6kaqdbacxn6vbvr8ddswl9xck,Donatas Rumšas,Rangers FC,Panathinaikos FC,B. Drągowski,0,0,0,0,0,0,0,0,21,0,3,0,0,0,0
116,22 Jul 2025,,6kaqdbacxn6vbvr8ddswl9xck,Donatas Rumšas,Rangers FC,Panathinaikos FC,F. Đuričić,0,0,0,1,1,1,0,0,16,0,0,3,3,2,0
116,22 Jul 2025,,6kaqdbacxn6vbvr8ddswl9xck,Donatas Rumšas,Rangers FC,Panathinaikos FC,A. Touba,0,0,0,0,0,0,0,0,14,0,0,0,0,1,0
116,22 Jul 2025,,6kaqdbacxn6vbvr8ddswl9xck,Donatas Rumšas,Rangers FC,Panathinaikos FC,F. Pellistri,0,2,1,3,0,2,0,0,14,0,0,4,0,3,0
116,22 Jul 2025,,6kaqdbacxn6vbvr8ddswl9xck,Donatas Rumšas,Rangers FC,Panathinaikos FC,F. Ioannidis,0,0,0,0,2,1,0,0,13,0,0,1,0,0,0
116,22 Jul 2025,,6kaqdbacxn6vbvr8ddswl9xck,Donatas Rumšas,Rangers FC,Panathinaikos FC,N. Maksimović,0,1,1,0,0,0,0,0,16,0,0,2,0,1,0
116,22 Jul 2025,,6kaqdbacxn6vbvr8ddswl9xck,Donatas Rumšas,Rangers FC,Panathinaikos FC,G. Kotsiras,0,0,0,1,0,0,0,0,2,0,0,0,0,0,0
116,22 Jul 2025,,6kaqdbacxn6vbvr8ddswl9xck,Donatas Rumšas,Rangers FC,Panathinaikos FC,K. Świderski,0,0,0,0,1,1,0,0,4,0,0,0,0,1,0
116,22 Jul 2025,,6kaqdbacxn6vbvr8ddswl9xck,Donatas Rumšas,Rangers FC,Panathinaikos FC,D. Mancini,0,0,0,0,0,1,0,0,3,0,0,0,0,4,0
116,22 Jul 2025,,6kaqdbacxn6vbvr8ddswl9xck,Donatas Rumšas,Rangers FC,Panathinaikos FC,Tetê,0,0,0,0,0,0,0,0,2,0,0,0,0,0,0
116,22 Jul 2025,,6kaqdbacxn6vbvr8ddswl9xck,Donatas Rumšas,Rangers FC,Panathinaikos FC,M. Siopis,0,0,0,0,0,0,0,0,3,0,0,0,0,0,0
117,30 Jul 2025,,6mfecym6un430iwg3v5qqf190,Simone Sozza,Panathinaikos FC,Rangers FC,T. Bakasetas,1,0,1,9,2,0,0,0,28,0,0,1,0,0,1
117,30 Jul 2025,,6mfecym6un430iwg3v5qqf190,Simone Sozza,Panathinaikos FC,Rangers FC,A. Touba,0,0,0,0,3,0,0,0,46,0,0,1,0,3,0
117,30 Jul 2025,,6mfecym6un430iwg3v5qqf190,Simone Sozza,Panathinaikos FC,Rangers FC,F. Ioannidis,0,1,2,0,2,2,0,0,12,0,0,4,2,0,0
117,30 Jul 2025,,6mfecym6un430iwg3v5qqf190,Simone Sozza,Panathinaikos FC,Rangers FC,G. Kyriakopoulos,0,0,1,5,0,2,0,2,29,0,0,2,2,1,0
117,30 Jul 2025,,6mfecym6un430iwg3v5qqf190,Simone Sozza,Panathinaikos FC,Rangers FC,G. Kotsiras,0,0,1,3,1,1,0,0,26,0,0,0,0,2,0
117,30 Jul 2025,,6mfecym6un430iwg3v5qqf190,Simone Sozza,Panathinaikos FC,Rangers FC,Pedro Chirivella,0,0,0,0,0,0,0,0,43,0,0,0,0,1,0
117,30 Jul 2025,,6mfecym6un430iwg3v5qqf190,Simone Sozza,Panathinaikos FC,Rangers FC,E. Palmer-Brown,0,0,0,0,0,0,0,0,25,0,0,2,0,1,0
117,30 Jul 2025,,6mfecym6un430iwg3v5qqf190,Simone Sozza,Panathinaikos FC,Rangers FC,N. Maksimović,0,1,1,0,2,0,0,0,25,0,0,2,0,1,0
117,30 Jul 2025,,6mfecym6un430iwg3v5qqf190,Simone Sozza,Panathinaikos FC,Rangers FC,F. Đuričić,0,0,1,2,0,2,1,0,22,0,0,1,1,1,0
117,30 Jul 2025,,6mfecym6un430iwg3v5qqf190,Simone Sozza,Panathinaikos FC,Rangers FC,F. Pellistri,0,0,1,5,1,2,0,0,15,0,0,2,1,0,0
117,30 Jul 2025,,6mfecym6un430iwg3v5qqf190,Simone Sozza,Panathinaikos FC,Rangers FC,B. Drągowski,0,0,0,0,0,0,0,0,22,0,2,0,0,0,0
117,30 Jul 2025,,6mfecym6un430iwg3v5qqf190,Simone Sozza,Panathinaikos FC,Rangers FC,A. Gnezda Čerin,0,1,0,0,0,0,0,0,16,0,0,2,0,2,0
117,30 Jul 2025,,6mfecym6un430iwg3v5qqf190,Simone Sozza,Panathinaikos FC,Rangers FC,Tetê,0,1,0,6,0,3,0,0,9,0,0,1,0,1,0
117,30 Jul 2025,,6mfecym6un430iwg3v5qqf190,Simone Sozza,Panathinaikos FC,Rangers FC,K. Świderski,0,2,1,0,0,1,0,0,5,0,0,2,0,1,0
117,30 Jul 2025,,6mfecym6un430iwg3v5qqf190,Simone Sozza,Panathinaikos FC,Rangers FC,T. Jedvaj,0,0,0,0,0,0,0,0,5,0,0,0,0,0,0
117,30 Jul 2025,,6mfecym6un430iwg3v5qqf190,Simone Sozza,Panathinaikos FC,Rangers FC,A. Jeremejeff,0,0,0,0,0,0,0,0,2,0,0,0,0,0,0
117,30 Jul 2025,,6mfecym6un430iwg3v5qqf190,Simone Sozza,Panathinaikos FC,Rangers FC,J. Souttar,0,0,0,0,0,0,0,0,76,0,0,1,0,3,0
117,30 Jul 2025,,6mfecym6un430iwg3v5qqf190,Simone Sozza,Panathinaikos FC,Rangers FC,K. Dowell,0,0,0,1,2,0,0,0,16,0,0,0,0,1,1
117,30 Jul 2025,,6mfecym6un430iwg3v5qqf190,Simone Sozza,Panathinaikos FC,Rangers FC,J. Butland,0,0,0,0,0,0,0,0,39,0,5,0,0,0,0
117,30 Jul 2025,,6mfecym6un430iwg3v5qqf190,Simone Sozza,Panathinaikos FC,Rangers FC,M. Diomandé,0,0,0,0,4,2,0,0,29,0,0,0,0,1,0
117,30 Jul 2025,,6mfecym6un430iwg3v5qqf190,Simone Sozza,Panathinaikos FC,Rangers FC,N. Djiga,0,0,0,0,0,0,0,0,61,0,0,0,0,1,0
117,30 Jul 2025,,6mfecym6un430iwg3v5qqf190,Simone Sozza,Panathinaikos FC,Rangers FC,M. Aarons,0,0,1,0,1,3,0,0,46,0,0,0,0,1,0
117,30 Jul 2025,,6mfecym6un430iwg3v5qqf190,Simone Sozza,Panathinaikos FC,Rangers FC,F. Curtis,0,1,2,0,0,0,0,1,12,0,0,2,0,3,0
117,30 Jul 2025,,6mfecym6un430iwg3v5qqf190,Simone Sozza,Panathinaikos FC,Rangers FC,N. Raskin,0,1,0,2,2,1,0,0,42,0,0,2,0,3,0
117,30 Jul 2025,,6mfecym6un430iwg3v5qqf190,Simone Sozza,Panathinaikos FC,Rangers FC,Danilo,0,1,0,0,0,1,0,0,16,0,0,3,1,0,0
117,30 Jul 2025,,6mfecym6un430iwg3v5qqf190,Simone Sozza,Panathinaikos FC,Rangers FC,J. Rothwell,0,0,1,4,0,0,0,0,42,0,0,0,0,1,0
117,30 Jul 2025,,6mfecym6un430iwg3v5qqf190,Simone Sozza,Panathinaikos FC,Rangers FC,J. Tavernier,0,0,0,2,3,1,0,0,59,0,0,0,0,3,0
117,30 Jul 2025,,6mfecym6un430iwg3v5qqf190,Simone Sozza,Panathinaikos FC,Rangers FC,D. Gassama,0,0,0,0,1,1,1,0,6,0,0,1,1,0,1
117,30 Jul 2025,,6mfecym6un430iwg3v5qqf190,Simone Sozza,Panathinaikos FC,Rangers FC,Jefté,0,0,1,2,0,0,0,0,5,0,0,0,0,1,0
117,30 Jul 2025,,6mfecym6un430iwg3v5qqf190,Simone Sozza,Panathinaikos FC,Rangers FC,C. Dessers,0,0,0,0,0,2,0,0,0,0,0,1,1,0,0
117,30 Jul 2025,,6mfecym6un430iwg3v5qqf190,Simone Sozza,Panathinaikos FC,Rangers FC,N. Bajrami,0,0,0,0,0,0,0,0,6,0,0,0,0,0,0
118,20 Aug 2025,,6si5xvp4wdp17unkqp0z3340k,Daniel Siebert,Fenerbahçe Spor Kulübü,SL Benfica,S. Szymański,0,0,1,3,2,4,0,1,33,0,0,2,1,2,0
118,20 Aug 2025,,6si5xvp4wdp17unkqp0z3340k,Daniel Siebert,Fenerbahçe Spor Kulübü,SL Benfica,J. Oosterwolde,0,0,0,1,2,1,0,0,61,0,0,1,1,1,1
118,20 Aug 2025,,6si5xvp4wdp17unkqp0z3340k,Daniel Siebert,Fenerbahçe Spor Kulübü,SL Benfica,Fred,0,0,0,2,1,3,0,0,43,0,0,1,0,2,0
118,20 Aug 2025,,6si5xvp4wdp17unkqp0z3340k,Daniel Siebert,Fenerbahçe Spor Kulübü,SL Benfica,M. Müldür,0,0,0,0,0,0,0,0,30,0,0,0,0,2,0
118,20 Aug 2025,,6si5xvp4wdp17unkqp0z3340k,Daniel Siebert,Fenerbahçe Spor Kulübü,SL Benfica,Nélson Semedo,0,0,1,6,0,2,0,0,37,0,0,1,0,2,0
118,20 Aug 2025,,6si5xvp4wdp17unkqp0z3340k,Daniel Siebert,Fenerbahçe Spor Kulübü,SL Benfica,M. Škriniar,0,1,0,0,0,0,0,0,75,0,0,1,0,4,0
118,20 Aug 2025,,6si5xvp4wdp17unkqp0z3340k,Daniel Siebert,Fenerbahçe Spor Kulübü,SL Benfica,S. Amrabat,0,0,0,1,5,1,0,0,78,0,0,1,0,2,0
118,20 Aug 2025,,6si5xvp4wdp17unkqp0z3340k,Daniel Siebert,Fenerbahçe Spor Kulübü,SL Benfica,J. Durán,0,0,0,0,1,4,0,0,10,0,0,1,1,0,1
118,20 Aug 2025,,6si5xvp4wdp17unkqp0z3340k,Daniel Siebert,Fenerbahçe Spor Kulübü,SL Benfica,İ. Eğribayat,0,0,0,0,0,0,0,0,24,0,3,0,0,0,0
118,20 Aug 2025,,6si5xvp4wdp17unkqp0z3340k,Daniel Siebert,Fenerbahçe Spor Kulübü,SL Benfica,Y. En-Nesyri,0,1,1,1,2,0,0,1,11,0,0,3,2,0,0
118,20 Aug 2025,,6si5xvp4wdp17unkqp0z3340k,Daniel Siebert,Fenerbahçe Spor Kulübü,SL Benfica,A. Brown,0,0,0,4,2,2,0,0,34,0,0,0,0,1,0
118,20 Aug 2025,,6si5xvp4wdp17unkqp0z3340k,Daniel Siebert,Fenerbahçe Spor Kulübü,SL Benfica,Talisca,0,1,0,1,1,1,0,0,6,0,0,2,1,0,0
118,20 Aug 2025,,6si5xvp4wdp17unkqp0z3340k,Daniel Siebert,Fenerbahçe Spor Kulübü,SL Benfica,O. Aydın,0,0,0,1,0,0,0,0,8,0,0,0,0,0,0
118,20 Aug 2025,,6si5xvp4wdp17unkqp0z3340k,Daniel Siebert,Fenerbahçe Spor Kulübü,SL Benfica,İ. Kahveci,0,1,1,2,0,0,0,0,1,0,0,1,0,0,1
118,20 Aug 2025,,6si5xvp4wdp17unkqp0z3340k,Daniel Siebert,Fenerbahçe Spor Kulübü,SL Benfica,N. Otamendi,0,0,0,0,2,0,0,0,38,0,0,1,1,0,0
118,20 Aug 2025,,6si5xvp4wdp17unkqp0z3340k,Daniel Siebert,Fenerbahçe Spor Kulübü,SL Benfica,S. Dahl,0,0,0,3,1,1,0,0,34,0,0,0,0,1,0
118,20 Aug 2025,,6si5xvp4wdp17unkqp0z3340k,Daniel Siebert,Fenerbahçe Spor Kulübü,SL Benfica,V. Pavlidis,0,0,0,0,0,1,0,0,26,0,0,0,0,0,0
118,20 Aug 2025,,6si5xvp4wdp17unkqp0z3340k,Daniel Siebert,Fenerbahçe Spor Kulübü,SL Benfica,K. Aktürkoğlu,0,1,3,1,0,2,0,0,17,0,0,3,1,1,0
118,20 Aug 2025,,6si5xvp4wdp17unkqp0z3340k,Daniel Siebert,Fenerbahçe Spor Kulübü,SL Benfica,Florentino,0,0,0,0,6,1,0,0,42,1,0,1,0,0,2
118,20 Aug 2025,,6si5xvp4wdp17unkqp0z3340k,Daniel Siebert,Fenerbahçe Spor Kulübü,SL Benfica,E. Barrenechea,0,1,0,0,1,2,0,0,37,0,0,1,0,0,1
118,20 Aug 2025,,6si5xvp4wdp17unkqp0z3340k,Daniel Siebert,Fenerbahçe Spor Kulübü,SL Benfica,F. Aursnes,0,0,1,5,1,0,0,0,43,0,0,0,0,0,0
118,20 Aug 2025,,6si5xvp4wdp17unkqp0z3340k,Daniel Siebert,Fenerbahçe Spor Kulübü,SL Benfica,A. Dedić,0,0,0,1,1,3,0,0,42,0,0,0,0,3,0
118,20 Aug 2025,,6si5xvp4wdp17unkqp0z3340k,Daniel Siebert,Fenerbahçe Spor Kulübü,SL Benfica,R. Ríos,0,1,0,0,3,2,0,0,50,0,0,2,1,4,1
118,20 Aug 2025,,6si5xvp4wdp17unkqp0z3340k,Daniel Siebert,Fenerbahçe Spor Kulübü,SL Benfica,António Silva,0,0,0,0,2,1,0,0,37,0,0,0,0,0,1
118,20 Aug 2025,,6si5xvp4wdp17unkqp0z3340k,Daniel Siebert,Fenerbahçe Spor Kulübü,SL Benfica,A. Trubin,0,0,0,0,0,0,0,0,25,0,6,0,0,0,0
118,20 Aug 2025,,6si5xvp4wdp17unkqp0z3340k,Daniel Siebert,Fenerbahçe Spor Kulübü,SL Benfica,F. Ivanović,0,0,0,0,1,0,0,0,7,0,0,1,0,3,0
118,20 Aug 2025,,6si5xvp4wdp17unkqp0z3340k,Daniel Siebert,Fenerbahçe Spor Kulübü,SL Benfica,L. Barreiro,0,0,0,0,0,2,0,0,4,0,0,0,0,1,0
118,20 Aug 2025,,6si5xvp4wdp17unkqp0z3340k,Daniel Siebert,Fenerbahçe Spor Kulübü,SL Benfica,Tiago Gouveia,0,0,0,0,0,0,0,0,1,0,0,0,0,0,0
119,27 Aug 2025,,6vj9dqngq7fccs4b4mh0t1d78,Slavko Vinčić,SL Benfica,Fenerbahçe Spor Kulübü,V. Pavlidis,0,1,2,0,0,1,0,2,19,0,0,1,0,0,0
119,27 Aug 2025,,6vj9dqngq7fccs4b4mh0t1d78,Slavko Vinčić,SL Benfica,Fenerbahçe Spor Kulübü,N. Otamendi,0,0,1,0,0,0,0,0,44,0,0,3,0,0,0
119,27 Aug 2025,,6vj9dqngq7fccs4b4mh0t1d78,Slavko Vinčić,SL Benfica,Fenerbahçe Spor Kulübü,K. Aktürkoğlu,0,2,0,5,1,2,1,0,15,0,0,4,1,0,0
119,27 Aug 2025,,6vj9dqngq7fccs4b4mh0t1d78,Slavko Vinčić,SL Benfica,Fenerbahçe Spor Kulübü,S. Dahl,0,0,0,2,0,0,0,0,32,0,0,0,0,1,0
119,27 Aug 2025,,6vj9dqngq7fccs4b4mh0t1d78,Slavko Vinčić,SL Benfica,Fenerbahçe Spor Kulübü,F. Aursnes,0,1,0,0,0,0,0,0,43,0,0,1,0,4,0
119,27 Aug 2025,,6vj9dqngq7fccs4b4mh0t1d78,Slavko Vinčić,SL Benfica,Fenerbahçe Spor Kulübü,António Silva,0,0,1,0,2,1,0,0,54,0,0,1,1,2,1
119,27 Aug 2025,,6vj9dqngq7fccs4b4mh0t1d78,Slavko Vinčić,SL Benfica,Fenerbahçe Spor Kulübü,L. Barreiro,1,0,0,0,5,3,0,1,22,0,0,2,1,0,1
119,27 Aug 2025,,6vj9dqngq7fccs4b4mh0t1d78,Slavko Vinčić,SL Benfica,Fenerbahçe Spor Kulübü,R. Ríos,0,1,0,2,0,4,0,0,53,0,0,2,0,0,0
119,27 Aug 2025,,6vj9dqngq7fccs4b4mh0t1d78,Slavko Vinčić,SL Benfica,Fenerbahçe Spor Kulübü,A. Trubin,0,0,0,0,0,0,0,0,28,0,0,0,0,0,0
119,27 Aug 2025,,6vj9dqngq7fccs4b4mh0t1d78,Slavko Vinčić,SL Benfica,Fenerbahçe Spor Kulübü,A. Dedić,0,0,0,1,0,3,0,0,44,0,0,0,0,1,0
119,27 Aug 2025,,6vj9dqngq7fccs4b4mh0t1d78,Slavko Vinčić,SL Benfica,Fenerbahçe Spor Kulübü,E. Barrenechea,0,0,0,2,1,3,0,0,55,0,0,0,0,0,0
119,27 Aug 2025,,6vj9dqngq7fccs4b4mh0t1d78,Slavko Vinčić,SL Benfica,Fenerbahçe Spor Kulübü,F. Ivanović,0,1,0,0,2,2,0,1,9,0,0,1,0,0,0
119,27 Aug 2025,,6vj9dqngq7fccs4b4mh0t1d78,Slavko Vinčić,SL Benfica,Fenerbahçe Spor Kulübü,A. Schjelderup,0,0,0,1,0,1,0,0,6,0,0,0,0,0,0
119,27 Aug 2025,,6vj9dqngq7fccs4b4mh0t1d78,Slavko Vinčić,SL Benfica,Fenerbahçe Spor Kulübü,Talisca,0,1,0,1,2,1,0,0,30,1,0,3,0,0,2
119,27 Aug 2025,,6vj9dqngq7fccs4b4mh0t1d78,Slavko Vinčić,SL Benfica,Fenerbahçe Spor Kulübü,M. Škriniar,0,0,0,0,1,2,0,0,56,0,0,0,0,7,0
119,27 Aug 2025,,6vj9dqngq7fccs4b4mh0t1d78,Slavko Vinčić,SL Benfica,Fenerbahçe Spor Kulübü,J. Oosterwolde,0,0,0,2,1,2,0,0,40,0,0,0,0,4,0
119,27 Aug 2025,,6vj9dqngq7fccs4b4mh0t1d78,Slavko Vinčić,SL Benfica,Fenerbahçe Spor Kulübü,S. Amrabat,0,1,1,0,2,0,0,0,17,0,0,1,0,1,1
119,27 Aug 2025,,6vj9dqngq7fccs4b4mh0t1d78,Slavko Vinčić,SL Benfica,Fenerbahçe Spor Kulübü,M. Müldür,0,0,0,1,0,1,0,0,32,0,0,0,0,2,0
119,27 Aug 2025,,6vj9dqngq7fccs4b4mh0t1d78,Slavko Vinčić,SL Benfica,Fenerbahçe Spor Kulübü,D. Livaković,0,0,0,0,0,0,0,0,22,0,2,0,0,0,0
119,27 Aug 2025,,6vj9dqngq7fccs4b4mh0t1d78,Slavko Vinčić,SL Benfica,Fenerbahçe Spor Kulübü,Nélson Semedo,0,0,0,0,0,0,0,0,1,0,0,0,0,0,0
119,27 Aug 2025,,6vj9dqngq7fccs4b4mh0t1d78,Slavko Vinčić,SL Benfica,Fenerbahçe Spor Kulübü,A. Brown,0,0,0,2,4,1,0,0,12,0,0,0,0,0,0
119,27 Aug 2025,,6vj9dqngq7fccs4b4mh0t1d78,Slavko Vinčić,SL Benfica,Fenerbahçe Spor Kulübü,S. Szymański,0,0,0,2,3,0,0,2,23,0,0,0,0,4,0
119,27 Aug 2025,,6vj9dqngq7fccs4b4mh0t1d78,Slavko Vinčić,SL Benfica,Fenerbahçe Spor Kulübü,Fred,0,0,0,2,2,1,0,0,37,0,0,0,0,1,0
119,27 Aug 2025,,6vj9dqngq7fccs4b4mh0t1d78,Slavko Vinčić,SL Benfica,Fenerbahçe Spor Kulübü,Y. En-Nesyri,0,0,0,2,0,1,0,2,18,0,0,1,0,0,0
119,27 Aug 2025,,6vj9dqngq7fccs4b4mh0t1d78,Slavko Vinčić,SL Benfica,Fenerbahçe Spor Kulübü,Ç. Söyüncü,0,0,0,0,3,0,0,0,48,0,0,1,0,1,1
119,27 Aug 2025,,6vj9dqngq7fccs4b4mh0t1d78,Slavko Vinčić,SL Benfica,Fenerbahçe Spor Kulübü,İ. Yüksek,0,0,0,0,1,1,0,0,27,0,0,0,0,5,0
119,27 Aug 2025,,6vj9dqngq7fccs4b4mh0t1d78,Slavko Vinčić,SL Benfica,Fenerbahçe Spor Kulübü,J. Durán,0,0,0,0,1,0,0,0,2,0,0,0,0,0,0
119,27 Aug 2025,,6vj9dqngq7fccs4b4mh0t1d78,Slavko Vinčić,SL Benfica,Fenerbahçe Spor Kulübü,O. Aydın,0,0,0,1,0,0,0,0,15,0,0,0,0,0,0
121,22 Jul 2025,,6wk4mvijr4fglpw3wk1o10zro,Ricardo De Burgos Bengoetxea,FC Noah,Ferencvárosi TC,E. Boakye,0,0,0,0,1,0,0,0,47,0,0,0,0,1,0
121,22 Jul 2025,,6wk4mvijr4fglpw3wk1o10zro,Ricardo De Burgos Bengoetxea,FC Noah,Ferencvárosi TC,Hélder Ferreira,0,0,1,1,2,0,0,0,9,0,0,0,0,2,1
121,22 Jul 2025,,6wk4mvijr4fglpw3wk1o10zro,Ricardo De Burgos Bengoetxea,FC Noah,Ferencvárosi TC,Gonçalo Gregório,0,0,0,0,1,3,0,0,24,0,0,3,1,1,0
121,22 Jul 2025,,6wk4mvijr4fglpw3wk1o10zro,Ricardo De Burgos Bengoetxea,FC Noah,Ferencvárosi TC,David Sualehe,0,0,0,0,0,0,0,0,37,0,0,1,0,0,0
121,22 Jul 2025,,6wk4mvijr4fglpw3wk1o10zro,Ricardo De Burgos Bengoetxea,FC Noah,Ferencvárosi TC,O. Čančarević,0,0,0,0,0,0,0,0,31,0,3,0,0,0,0
121,22 Jul 2025,,6wk4mvijr4fglpw3wk1o10zro,Ricardo De Burgos Bengoetxea,FC Noah,Ferencvárosi TC,Gonçalo Silva,0,0,0,0,0,2,0,0,63,0,0,0,0,1,0
121,22 Jul 2025,,6wk4mvijr4fglpw3wk1o10zro,Ricardo De Burgos Bengoetxea,FC Noah,Ferencvárosi TC,S. Muradyan,0,0,0,0,0,0,0,0,47,0,0,0,0,2,0
121,22 Jul 2025,,6wk4mvijr4fglpw3wk1o10zro,Ricardo De Burgos Bengoetxea,FC Noah,Ferencvárosi TC,I. Oulad Omar,0,0,0,2,1,0,0,1,19,0,0,3,1,1,0
121,22 Jul 2025,,6wk4mvijr4fglpw3wk1o10zro,Ricardo De Burgos Bengoetxea,FC Noah,Ferencvárosi TC,A. Grgić,0,0,0,0,1,1,0,0,13,0,0,1,0,1,1
121,22 Jul 2025,,6wk4mvijr4fglpw3wk1o10zro,Ricardo De Burgos Bengoetxea,FC Noah,Ferencvárosi TC,Y. Eteki,0,0,0,0,3,0,0,0,39,0,0,0,0,1,0
121,22 Jul 2025,,6wk4mvijr4fglpw3wk1o10zro,Ricardo De Burgos Bengoetxea,FC Noah,Ferencvárosi TC,G. Sangaré,0,0,0,0,2,1,0,0,40,0,0,0,0,2,0
121,22 Jul 2025,,6wk4mvijr4fglpw3wk1o10zro,Ricardo De Burgos Bengoetxea,FC Noah,Ferencvárosi TC,M. Jakoliš,0,1,0,2,0,0,0,0,11,0,0,1,0,1,0
121,22 Jul 2025,,6wk4mvijr4fglpw3wk1o10zro,Ricardo De Burgos Bengoetxea,FC Noah,Ferencvárosi TC,H. Hambardzumyan,0,0,1,3,0,0,0,0,11,0,0,0,0,0,0
121,22 Jul 2025,,6wk4mvijr4fglpw3wk1o10zro,Ricardo De Burgos Bengoetxea,FC Noah,Ferencvárosi TC,G. Manvelyan,0,0,0,0,0,1,0,0,17,0,0,1,1,1,0
121,22 Jul 2025,,6wk4mvijr4fglpw3wk1o10zro,Ricardo De Burgos Bengoetxea,FC Noah,Ferencvárosi TC,G. Þórarinsson,0,0,0,3,0,0,0,0,13,0,0,0,0,0,0
121,22 Jul 2025,,6wk4mvijr4fglpw3wk1o10zro,Ricardo De Burgos Bengoetxea,FC Noah,Ferencvárosi TC,Matheus Aiás,0,0,0,0,0,0,0,0,0,0,0,0,0,0,0
121,22 Jul 2025,,6wk4mvijr4fglpw3wk1o10zro,Ricardo De Burgos Bengoetxea,FC Noah,Ferencvárosi TC,J. Levi,1,0,0,4,0,3,0,0,26,0,0,0,0,3,0
121,22 Jul 2025,,6wk4mvijr4fglpw3wk1o10zro,Ricardo De Burgos Bengoetxea,FC Noah,Ferencvárosi TC,S. Gartenmann,0,0,0,0,1,0,0,0,43,0,0,0,0,1,0
121,22 Jul 2025,,6wk4mvijr4fglpw3wk1o10zro,Ricardo De Burgos Bengoetxea,FC Noah,Ferencvárosi TC,I. Cissé,0,0,0,0,2,0,0,0,31,1,0,0,0,1,0
121,22 Jul 2025,,6wk4mvijr4fglpw3wk1o10zro,Ricardo De Burgos Bengoetxea,FC Noah,Ferencvárosi TC,D. Dibusz,0,0,0,0,0,0,0,0,32,0,3,0,0,0,0
121,22 Jul 2025,,6wk4mvijr4fglpw3wk1o10zro,Ricardo De Burgos Bengoetxea,FC Noah,Ferencvárosi TC,A. Tóth,0,0,0,5,0,1,0,0,33,0,0,0,0,5,0
121,22 Jul 2025,,6wk4mvijr4fglpw3wk1o10zro,Ricardo De Burgos Bengoetxea,FC Noah,Ferencvárosi TC,N. Keïta,0,0,0,0,0,2,0,0,23,0,0,0,0,2,0
121,22 Jul 2025,,6wk4mvijr4fglpw3wk1o10zro,Ricardo De Burgos Bengoetxea,FC Noah,Ferencvárosi TC,B. Ötvös,0,0,1,1,0,2,0,0,52,0,0,2,1,0,0
121,22 Jul 2025,,6wk4mvijr4fglpw3wk1o10zro,Ricardo De Burgos Bengoetxea,FC Noah,Ferencvárosi TC,C. O'Dowda,0,0,2,5,0,0,1,0,24,0,0,1,1,1,0
121,22 Jul 2025,,6wk4mvijr4fglpw3wk1o10zro,Ricardo De Burgos Bengoetxea,FC Noah,Ferencvárosi TC,Č. Makreckis,1,0,0,2,1,1,0,0,24,0,0,0,0,0,0
121,22 Jul 2025,,6wk4mvijr4fglpw3wk1o10zro,Ricardo De Burgos Bengoetxea,FC Noah,Ferencvárosi TC,L. Joseph,0,0,1,0,1,2,0,0,13,0,0,2,1,0,0
121,22 Jul 2025,,6wk4mvijr4fglpw3wk1o10zro,Ricardo De Burgos Bengoetxea,FC Noah,Ferencvárosi TC,B. Varga,0,0,0,1,1,0,1,0,10,0,0,3,1,3,0
121,22 Jul 2025,,6wk4mvijr4fglpw3wk1o10zro,Ricardo De Burgos Bengoetxea,FC Noah,Ferencvárosi TC,A. Pešić,0,1,1,0,1,0,0,0,2,0,0,2,1,0,0
121,22 Jul 2025,,6wk4mvijr4fglpw3wk1o10zro,Ricardo De Burgos Bengoetxea,FC Noah,Ferencvárosi TC,T. Raemaekers,0,0,0,0,2,0,0,0,3,0,0,0,0,0,0
121,22 Jul 2025,,6wk4mvijr4fglpw3wk1o10zro,Ricardo De Burgos Bengoetxea,FC Noah,Ferencvárosi TC,H. Maïga,0,0,0,0,0,0,0,0,4,0,0,0,0,1,0
121,22 Jul 2025,,6wk4mvijr4fglpw3wk1o10zro,Ricardo De Burgos Bengoetxea,FC Noah,Ferencvárosi TC,E. Sevikyan,0,0,0,1,0,0,0,0,3,0,0,0,0,0,0
121,22 Jul 2025,,6wk4mvijr4fglpw3wk1o10zro,Ricardo De Burgos Bengoetxea,FC Noah,Ferencvárosi TC,Gábor Sándor Szalai,0,0,0,0,0,0,0,0,0,0,0,0,0,0,0
122,30 Jul 2025,,701azda2tmhto993kf731cowk,Robert Jones,Ferencvárosi TC,FC Noah,A. Pešić,0,0,0,0,1,0,1,2,18,0,0,2,1,0,0
122,30 Jul 2025,,701azda2tmhto993kf731cowk,Robert Jones,Ferencvárosi TC,FC Noah,T. Raemaekers,0,0,0,0,3,1,0,0,47,0,0,0,0,0,1
122,30 Jul 2025,,701azda2tmhto993kf731cowk,Robert Jones,Ferencvárosi TC,FC Noah,G. Szalai,0,1,1,0,0,0,0,0,48,0,0,3,0,0,0
122,30 Jul 2025,,701azda2tmhto993kf731cowk,Robert Jones,Ferencvárosi TC,FC Noah,A. Tóth,1,0,0,5,1,1,0,0,51,0,0,0,0,1,0
122,30 Jul 2025,,701azda2tmhto993kf731cowk,Robert Jones,Ferencvárosi TC,FC Noah,S. Gartenmann,0,0,0,0,1,1,0,0,49,0,0,0,0,2,0
122,30 Jul 2025,,701azda2tmhto993kf731cowk,Robert Jones,Ferencvárosi TC,FC Noah,J. Levi,0,1,1,1,1,0,0,0,18,0,0,3,1,0,0
122,30 Jul 2025,,701azda2tmhto993kf731cowk,Robert Jones,Ferencvárosi TC,FC Noah,Č. Makreckis,1,0,0,4,1,2,0,0,29,0,0,0,0,0,0
122,30 Jul 2025,,701azda2tmhto993kf731cowk,Robert Jones,Ferencvárosi TC,FC Noah,C. O'Dowda,0,0,0,0,2,2,0,1,27,0,0,0,0,1,1
122,30 Jul 2025,,701azda2tmhto993kf731cowk,Robert Jones,Ferencvárosi TC,FC Noah,B. Ötvös,0,0,0,0,1,0,0,0,31,0,0,1,0,2,0
122,30 Jul 2025,,701azda2tmhto993kf731cowk,Robert Jones,Ferencvárosi TC,FC Noah,L. Joseph,1,0,1,0,0,2,1,2,16,0,0,3,2,1,0
122,30 Jul 2025,,701azda2tmhto993kf731cowk,Robert Jones,Ferencvárosi TC,FC Noah,D. Dibusz,0,0,0,0,0,0,0,0,24,0,4,0,0,0,0
122,30 Jul 2025,,701azda2tmhto993kf731cowk,Robert Jones,Ferencvárosi TC,FC Noah,K. Zachariassen,0,0,0,0,4,2,1,0,9,0,0,2,1,3,0
122,30 Jul 2025,,701azda2tmhto993kf731cowk,Robert Jones,Ferencvárosi TC,FC Noah,B. Varga,0,0,0,0,0,0,1,0,13,0,0,1,1,0,0
122,30 Jul 2025,,701azda2tmhto993kf731cowk,Robert Jones,Ferencvárosi TC,FC Noah,H. Maïga,0,0,0,0,0,1,0,0,3,0,0,0,0,0,0
122,30 Jul 2025,,701azda2tmhto993kf731cowk,Robert Jones,Ferencvárosi TC,FC Noah,B. Nagy,0,0,0,0,0,1,0,0,1,0,0,0,0,0,0
122,30 Jul 2025,,701azda2tmhto993kf731cowk,Robert Jones,Ferencvárosi TC,FC Noah,Carlos Eduardo Lopes Cruz,0,0,0,0,0,0,0,0,0,0,0,0,0,0,0
122,30 Jul 2025,,701azda2tmhto993kf731cowk,Robert Jones,Ferencvárosi TC,FC Noah,E. Boakye,0,0,0,1,1,0,0,0,34,0,0,0,0,4,1
122,30 Jul 2025,,701azda2tmhto993kf731cowk,Robert Jones,Ferencvárosi TC,FC Noah,Hélder Ferreira,1,0,0,3,0,3,1,1,34,0,0,1,1,2,0
122,30 Jul 2025,,701azda2tmhto993kf731cowk,Robert Jones,Ferencvárosi TC,FC Noah,Ognjen Čančarević,0,0,0,0,1,0,0,0,30,0,2,0,0,0,0
122,30 Jul 2025,,701azda2tmhto993kf731cowk,Robert Jones,Ferencvárosi TC,FC Noah,Matheus Aiás,0,0,0,0,2,1,1,0,11,0,0,2,1,1,0
122,30 Jul 2025,,701azda2tmhto993kf731cowk,Robert Jones,Ferencvárosi TC,FC Noah,Gonçalo Silva,0,0,0,0,1,0,0,0,58,0,0,1,0,1,0
122,30 Jul 2025,,701azda2tmhto993kf731cowk,Robert Jones,Ferencvárosi TC,FC Noah,G. Manvelyan,0,0,0,0,4,2,0,0,21,0,0,2,2,0,0
122,30 Jul 2025,,701azda2tmhto993kf731cowk,Robert Jones,Ferencvárosi TC,FC Noah,Y. Eteki,0,0,0,0,0,3,0,0,29,0,0,0,0,1,0
122,30 Jul 2025,,701azda2tmhto993kf731cowk,Robert Jones,Ferencvárosi TC,FC Noah,S. Muradyan,1,0,0,0,0,0,0,0,58,0,0,0,0,5,0
122,30 Jul 2025,,701azda2tmhto993kf731cowk,Robert Jones,Ferencvárosi TC,FC Noah,G. Þórarinsson,1,0,0,2,1,1,0,0,46,0,0,0,0,3,1
122,30 Jul 2025,,701azda2tmhto993kf731cowk,Robert Jones,Ferencvárosi TC,FC Noah,G. Sangaré,0,0,0,2,2,1,0,0,29,0,0,1,1,2,1
122,30 Jul 2025,,701azda2tmhto993kf731cowk,Robert Jones,Ferencvárosi TC,FC Noah,A. Grgić,0,0,0,2,1,1,1,0,18,0,0,2,1,1,0
122,30 Jul 2025,,701azda2tmhto993kf731cowk,Robert Jones,Ferencvárosi TC,FC Noah,M. Jakoliš,0,0,1,0,0,1,0,0,10,0,0,0,0,0,0
122,30 Jul 2025,,701azda2tmhto993kf731cowk,Robert Jones,Ferencvárosi TC,FC Noah,I. Oulad Omar,0,0,0,1,0,1,0,0,14,0,0,0,0,0,0
122,30 Jul 2025,,701azda2tmhto993kf731cowk,Robert Jones,Ferencvárosi TC,FC Noah,T. Oshima,0,0,0,0,0,0,0,0,14,0,0,0,0,0,0
122,30 Jul 2025,,701azda2tmhto993kf731cowk,Robert Jones,Ferencvárosi TC,FC Noah,David Sualehe,0,0,0,1,1,0,0,0,5,0,0,1,1,0,1
122,30 Jul 2025,,701azda2tmhto993kf731cowk,Robert Jones,Ferencvárosi TC,FC Noah,H. Hambardzumyan,0,0,0,3,0,1,0,0,7,0,0,0,0,1,0
123,6 Aug 2025,,76sk56g6n6lc9khib9ei9u51w,Michael Oliver,OGC Nice Côte d'Azur,SL Benfica,Dante,0,0,0,0,1,1,0,0,24,0,0,0,0,1,0
123,6 Aug 2025,,76sk56g6n6lc9khib9ei9u51w,Michael Oliver,OGC Nice Côte d'Azur,SL Benfica,I. Jansson,0,0,1,0,0,1,0,0,22,0,0,0,0,1,0
123,6 Aug 2025,,76sk56g6n6lc9khib9ei9u51w,Michael Oliver,OGC Nice Côte d'Azur,SL Benfica,M. Bard,0,0,1,3,0,2,0,1,29,0,0,2,0,1,0
123,6 Aug 2025,,76sk56g6n6lc9khib9ei9u51w,Michael Oliver,OGC Nice Côte d'Azur,SL Benfica,J. Bah,0,0,0,0,0,0,0,0,67,0,0,0,0,0,1
123,6 Aug 2025,,76sk56g6n6lc9khib9ei9u51w,Michael Oliver,OGC Nice Côte d'Azur,SL Benfica,A. Mendy,0,0,0,0,2,1,0,0,56,0,0,0,0,2,1
123,6 Aug 2025,,76sk56g6n6lc9khib9ei9u51w,Michael Oliver,OGC Nice Côte d'Azur,SL Benfica,J. Clauss,0,0,1,4,1,0,0,0,36,0,0,1,1,0,0
123,6 Aug 2025,,76sk56g6n6lc9khib9ei9u51w,Michael Oliver,OGC Nice Côte d'Azur,SL Benfica,M. Sanson,0,0,0,0,1,3,0,0,4,0,0,0,0,0,0
123,6 Aug 2025,,76sk56g6n6lc9khib9ei9u51w,Michael Oliver,OGC Nice Côte d'Azur,SL Benfica,Y. Diouf,0,0,0,0,0,0,0,0,30,0,4,0,0,0,0
123,6 Aug 2025,,76sk56g6n6lc9khib9ei9u51w,Michael Oliver,OGC Nice Côte d'Azur,SL Benfica,T. Moffi,0,1,0,0,2,1,0,0,17,0,0,3,1,0,0
123,6 Aug 2025,,76sk56g6n6lc9khib9ei9u51w,Michael Oliver,OGC Nice Côte d'Azur,SL Benfica,B. Bouanani,0,0,1,1,1,0,0,0,21,0,0,1,0,0,0
123,6 Aug 2025,,76sk56g6n6lc9khib9ei9u51w,Michael Oliver,OGC Nice Côte d'Azur,SL Benfica,H. Boudaoui,0,0,0,1,0,1,0,0,50,0,0,3,0,3,0
123,6 Aug 2025,,76sk56g6n6lc9khib9ei9u51w,Michael Oliver,OGC Nice Côte d'Azur,SL Benfica,T. Louchet,0,0,0,1,1,0,0,0,32,0,0,0,0,1,1
123,6 Aug 2025,,76sk56g6n6lc9khib9ei9u51w,Michael Oliver,OGC Nice Côte d'Azur,SL Benfica,K. Peprah Oppong,0,0,0,0,0,2,0,0,35,0,0,0,0,1,0
123,6 Aug 2025,,76sk56g6n6lc9khib9ei9u51w,Michael Oliver,OGC Nice Côte d'Azur,SL Benfica,J. Boga,0,0,0,0,0,0,0,0,5,0,0,0,0,0,0
123,6 Aug 2025,,76sk56g6n6lc9khib9ei9u51w,Michael Oliver,OGC Nice Côte d'Azur,SL Benfica,S. Diop,0,2,0,0,0,1,0,0,5,0,0,2,0,1,0
123,6 Aug 2025,,76sk56g6n6lc9khib9ei9u51w,Michael Oliver,OGC Nice Côte d'Azur,SL Benfica,B. Nguene,0,0,0,0,0,1,0,0,1,0,0,0,0,1,0
123,6 Aug 2025,,76sk56g6n6lc9khib9ei9u51w,Michael Oliver,OGC Nice Côte d'Azur,SL Benfica,V. Pavlidis,0,0,0,0,0,0,0,1,16,0,0,2,2,0,0
123,6 Aug 2025,,76sk56g6n6lc9khib9ei9u51w,Michael Oliver,OGC Nice Côte d'Azur,SL Benfica,N. Otamendi,0,1,0,0,0,0,0,0,60,0,0,1,0,2,0
123,6 Aug 2025,,76sk56g6n6lc9khib9ei9u51w,Michael Oliver,OGC Nice Côte d'Azur,SL Benfica,A. Dedić,0,0,0,1,3,0,0,0,58,0,0,0,0,1,0
123,6 Aug 2025,,76sk56g6n6lc9khib9ei9u51w,Michael Oliver,OGC Nice Côte d'Azur,SL Benfica,E. Barrenechea,0,1,0,1,0,3,0,0,55,0,0,1,0,3,0
123,6 Aug 2025,,76sk56g6n6lc9khib9ei9u51w,Michael Oliver,OGC Nice Côte d'Azur,SL Benfica,R. Ríos,0,0,0,0,4,1,0,0,68,0,0,1,1,5,0
123,6 Aug 2025,,76sk56g6n6lc9khib9ei9u51w,Michael Oliver,OGC Nice Côte d'Azur,SL Benfica,António Silva,0,0,0,0,1,0,0,0,59,0,0,0,0,0,0
123,6 Aug 2025,,76sk56g6n6lc9khib9ei9u51w,Michael Oliver,OGC Nice Côte d'Azur,SL Benfica,S. Dahl,1,0,1,6,0,0,0,0,30,0,0,0,0,3,0
123,6 Aug 2025,,76sk56g6n6lc9khib9ei9u51w,Michael Oliver,OGC Nice Côte d'Azur,SL Benfica,F. Ivanović,0,0,2,0,1,1,1,1,26,0,0,4,2,3,0
123,6 Aug 2025,,76sk56g6n6lc9khib9ei9u51w,Michael Oliver,OGC Nice Côte d'Azur,SL Benfica,A. Trubin,0,0,0,0,0,0,0,0,34,0,2,0,0,0,0
123,6 Aug 2025,,76sk56g6n6lc9khib9ei9u51w,Michael Oliver,OGC Nice Côte d'Azur,SL Benfica,A. Schjelderup,0,2,2,1,1,2,0,1,25,0,0,2,0,2,1
123,6 Aug 2025,,76sk56g6n6lc9khib9ei9u51w,Michael Oliver,OGC Nice Côte d'Azur,SL Benfica,F. Aursnes,1,0,1,2,1,0,0,0,38,0,0,0,0,3,0
123,6 Aug 2025,,76sk56g6n6lc9khib9ei9u51w,Michael Oliver,OGC Nice Côte d'Azur,SL Benfica,G. Prestianni,0,0,0,0,1,1,0,0,6,0,0,1,0,0,0
123,6 Aug 2025,,76sk56g6n6lc9khib9ei9u51w,Michael Oliver,OGC Nice Côte d'Azur,SL Benfica,L. Barreiro,0,0,0,0,0,1,0,0,3,0,0,0,0,0,0
123,6 Aug 2025,,76sk56g6n6lc9khib9ei9u51w,Michael Oliver,OGC Nice Côte d'Azur,SL Benfica,Henrique Araújo,0,0,0,0,1,0,0,0,2,0,0,0,0,0,0
123,6 Aug 2025,,76sk56g6n6lc9khib9ei9u51w,Michael Oliver,OGC Nice Côte d'Azur,SL Benfica,Florentino,0,0,0,0,1,0,1,0,8,0,0,1,1,1,0
124,12 Aug 2025,,79nymc9y4095m09315oezjq50,Marco Guida,SL Benfica,OGC Nice Côte d'Azur,A. Trubin,0,0,0,0,0,0,0,0,34,0,0,0,0,0,0
124,12 Aug 2025,,79nymc9y4095m09315oezjq50,Marco Guida,SL Benfica,OGC Nice Côte d'Azur,N. Otamendi,0,0,1,0,2,1,0,0,76,0,0,1,1,1,0
124,12 Aug 2025,,79nymc9y4095m09315oezjq50,Marco Guida,SL Benfica,OGC Nice Côte d'Azur,S. Dahl,0,0,0,2,1,0,0,0,46,0,0,0,0,2,0
124,12 Aug 2025,,79nymc9y4095m09315oezjq50,Marco Guida,SL Benfica,OGC Nice Côte d'Azur,A. Schjelderup,1,0,1,3,0,1,1,0,21,0,0,2,1,1,0
124,12 Aug 2025,,79nymc9y4095m09315oezjq50,Marco Guida,SL Benfica,OGC Nice Côte d'Azur,E. Barrenechea,0,0,1,0,0,1,0,0,56,0,0,2,0,0,0
124,12 Aug 2025,,79nymc9y4095m09315oezjq50,Marco Guida,SL Benfica,OGC Nice Côte d'Azur,F. Ivanović,0,0,0,1,0,2,0,1,15,0,0,2,1,2,0
124,12 Aug 2025,,79nymc9y4095m09315oezjq50,Marco Guida,SL Benfica,OGC Nice Côte d'Azur,A. Dedić,0,2,0,0,1,0,0,0,47,0,0,2,0,1,0
124,12 Aug 2025,,79nymc9y4095m09315oezjq50,Marco Guida,SL Benfica,OGC Nice Côte d'Azur,R. Ríos,0,2,1,1,1,4,0,0,63,0,0,2,0,2,0
124,12 Aug 2025,,79nymc9y4095m09315oezjq50,Marco Guida,SL Benfica,OGC Nice Côte d'Azur,F. Aursnes,1,0,0,1,0,0,1,0,34,0,0,1,1,2,0
124,12 Aug 2025,,79nymc9y4095m09315oezjq50,Marco Guida,SL Benfica,OGC Nice Côte d'Azur,António Silva,0,0,0,0,1,0,0,0,74,0,0,2,1,2,0
124,12 Aug 2025,,79nymc9y4095m09315oezjq50,Marco Guida,SL Benfica,OGC Nice Côte d'Azur,V. Pavlidis,0,3,1,2,1,2,0,1,16,0,0,4,0,0,0
124,12 Aug 2025,,79nymc9y4095m09315oezjq50,Marco Guida,SL Benfica,OGC Nice Côte d'Azur,G. Prestianni,0,0,0,0,1,1,0,0,16,0,0,2,0,1,1
124,12 Aug 2025,,79nymc9y4095m09315oezjq50,Marco Guida,SL Benfica,OGC Nice Côte d'Azur,L. Barreiro,0,0,0,1,1,0,0,0,14,0,0,0,0,0,0
124,12 Aug 2025,,79nymc9y4095m09315oezjq50,Marco Guida,SL Benfica,OGC Nice Côte d'Azur,Florentino,0,0,0,0,0,0,0,0,12,0,0,0,0,2,0
124,12 Aug 2025,,79nymc9y4095m09315oezjq50,Marco Guida,SL Benfica,OGC Nice Côte d'Azur,Henrique Araújo,0,1,1,0,0,1,0,0,6,0,0,1,0,0,0
124,12 Aug 2025,,79nymc9y4095m09315oezjq50,Marco Guida,SL Benfica,OGC Nice Côte d'Azur,K. Aktürkoğlu,0,0,0,1,0,0,0,0,6,0,0,0,0,0,0
124,12 Aug 2025,,79nymc9y4095m09315oezjq50,Marco Guida,SL Benfica,OGC Nice Côte d'Azur,T. Moffi,0,0,0,0,2,0,0,0,13,0,0,1,0,1,0
124,12 Aug 2025,,79nymc9y4095m09315oezjq50,Marco Guida,SL Benfica,OGC Nice Côte d'Azur,T. Louchet,0,0,0,0,2,1,0,0,45,0,0,0,0,1,0
124,12 Aug 2025,,79nymc9y4095m09315oezjq50,Marco Guida,SL Benfica,OGC Nice Côte d'Azur,M. Bard,0,1,0,5,1,2,0,0,34,0,0,2,0,1,0
124,12 Aug 2025,,79nymc9y4095m09315oezjq50,Marco Guida,SL Benfica,OGC Nice Côte d'Azur,J. Clauss,0,1,2,9,1,0,0,0,28,0,0,2,0,0,1
124,12 Aug 2025,,79nymc9y4095m09315oezjq50,Marco Guida,SL Benfica,OGC Nice Côte d'Azur,I. Jansson,0,1,1,1,0,0,0,1,22,0,0,1,0,1,0
124,12 Aug 2025,,79nymc9y4095m09315oezjq50,Marco Guida,SL Benfica,OGC Nice Côte d'Azur,A. Mendy,0,0,1,3,2,2,0,1,35,0,0,0,0,3,0
124,12 Aug 2025,,79nymc9y4095m09315oezjq50,Marco Guida,SL Benfica,OGC Nice Côte d'Azur,K. Peprah Oppong,0,0,0,0,1,0,0,0,38,0,0,0,0,0,0
124,12 Aug 2025,,79nymc9y4095m09315oezjq50,Marco Guida,SL Benfica,OGC Nice Côte d'Azur,D. Coulibaly,0,1,0,0,0,1,0,0,19,0,0,1,0,0,0
124,12 Aug 2025,,79nymc9y4095m09315oezjq50,Marco Guida,SL Benfica,OGC Nice Côte d'Azur,J. Bah,0,0,0,0,3,0,0,0,44,0,0,0,0,4,1
124,12 Aug 2025,,79nymc9y4095m09315oezjq50,Marco Guida,SL Benfica,OGC Nice Côte d'Azur,B. Bouanani,0,1,2,0,0,0,0,0,17,0,0,1,0,0,0
124,12 Aug 2025,,79nymc9y4095m09315oezjq50,Marco Guida,SL Benfica,OGC Nice Côte d'Azur,Y. Diouf,0,0,0,0,0,0,0,0,20,0,3,0,0,0,0
124,12 Aug 2025,,79nymc9y4095m09315oezjq50,Marco Guida,SL Benfica,OGC Nice Côte d'Azur,S. Diop,0,0,0,1,1,0,0,0,27,0,0,0,0,2,0
124,12 Aug 2025,,79nymc9y4095m09315oezjq50,Marco Guida,SL Benfica,OGC Nice Côte d'Azur,H. Koutoune,0,0,0,0,0,0,0,0,6,0,0,0,0,0,0
124,12 Aug 2025,,79nymc9y4095m09315oezjq50,Marco Guida,SL Benfica,OGC Nice Côte d'Azur,G. Bernardeau,0,0,0,2,0,1,0,0,10,0,0,0,0,0,0
124,12 Aug 2025,,79nymc9y4095m09315oezjq50,Marco Guida,SL Benfica,OGC Nice Côte d'Azur,J. Boga,0,0,0,1,0,0,0,0,11,0,0,0,0,0,0
124,12 Aug 2025,,79nymc9y4095m09315oezjq50,Marco Guida,SL Benfica,OGC Nice Côte d'Azur,B. Nguene,0,0,0,0,0,1,0,0,1,0,0,1,0,2,0
126,19 Aug 2025,,83509np6cybipasjyz6nbxpg4,François Letexier,Rangers FC,Club Brugge KV,J. Meghoma,1,0,2,6,0,0,0,0,34,0,0,0,0,2,0
126,19 Aug 2025,,83509np6cybipasjyz6nbxpg4,François Letexier,Rangers FC,Club Brugge KV,J. Souttar,0,0,0,0,1,0,0,0,76,0,0,0,0,0,1
126,19 Aug 2025,,83509np6cybipasjyz6nbxpg4,François Letexier,Rangers FC,Club Brugge KV,J. Butland,0,0,0,0,0,0,0,0,23,0,4,0,0,0,0
126,19 Aug 2025,,83509np6cybipasjyz6nbxpg4,François Letexier,Rangers FC,Club Brugge KV,M. Aarons,0,0,0,1,2,2,0,0,48,0,0,0,0,1,1
126,19 Aug 2025,,83509np6cybipasjyz6nbxpg4,François Letexier,Rangers FC,Club Brugge KV,N. Djiga,0,0,0,0,0,1,0,0,73,0,0,1,0,0,0
126,19 Aug 2025,,83509np6cybipasjyz6nbxpg4,François Letexier,Rangers FC,Club Brugge KV,D. Gassama,0,1,3,2,1,2,0,0,33,0,0,3,0,1,0
126,19 Aug 2025,,83509np6cybipasjyz6nbxpg4,François Letexier,Rangers FC,Club Brugge KV,M. Diomandé,0,1,1,2,2,1,0,0,17,0,0,3,0,1,0
126,19 Aug 2025,,83509np6cybipasjyz6nbxpg4,François Letexier,Rangers FC,Club Brugge KV,J. Rothwell,0,1,1,7,0,0,0,0,31,0,0,2,0,0,0
126,19 Aug 2025,,83509np6cybipasjyz6nbxpg4,François Letexier,Rangers FC,Club Brugge KV,O. Antman,0,0,1,0,0,0,0,0,25,0,0,0,0,0,0
126,19 Aug 2025,,83509np6cybipasjyz6nbxpg4,François Letexier,Rangers FC,Club Brugge KV,Danilo,0,1,0,0,0,1,1,0,9,0,0,2,1,0,0
126,19 Aug 2025,,83509np6cybipasjyz6nbxpg4,François Letexier,Rangers FC,Club Brugge KV,N. Raskin,0,1,0,1,1,0,0,0,44,0,0,1,0,3,0
126,19 Aug 2025,,83509np6cybipasjyz6nbxpg4,François Letexier,Rangers FC,Club Brugge KV,T. Aasgaard,0,1,0,1,1,0,0,0,13,0,0,1,0,0,1
126,19 Aug 2025,,83509np6cybipasjyz6nbxpg4,François Letexier,Rangers FC,Club Brugge KV,H. Igamane,0,0,1,1,1,2,0,0,7,0,0,0,0,0,0
126,19 Aug 2025,,83509np6cybipasjyz6nbxpg4,François Letexier,Rangers FC,Club Brugge KV,J. Tavernier,0,0,0,4,2,0,0,0,7,0,0,0,0,0,0
126,19 Aug 2025,,83509np6cybipasjyz6nbxpg4,François Letexier,Rangers FC,Club Brugge KV,M. Moore,0,0,0,2,0,0,0,0,4,0,0,1,0,0,0
126,19 Aug 2025,,83509np6cybipasjyz6nbxpg4,François Letexier,Rangers FC,Club Brugge KV,L. Cameron,0,1,0,0,0,0,0,0,6,0,0,1,0,1,0
126,19 Aug 2025,,83509np6cybipasjyz6nbxpg4,François Letexier,Rangers FC,Club Brugge KV,A. Stanković,0,0,1,0,0,1,0,0,36,0,0,0,0,1,0
126,19 Aug 2025,,83509np6cybipasjyz6nbxpg4,François Letexier,Rangers FC,Club Brugge KV,B. Mechele,0,0,1,0,2,0,1,0,69,0,0,2,2,3,0
126,19 Aug 2025,,83509np6cybipasjyz6nbxpg4,François Letexier,Rangers FC,Club Brugge KV,H. Vanaken,0,0,0,0,0,0,0,1,33,0,0,0,0,2,0
126,19 Aug 2025,,83509np6cybipasjyz6nbxpg4,François Letexier,Rangers FC,Club Brugge KV,Carlos Forbs,0,0,4,1,1,0,0,0,12,0,0,1,1,3,0
126,19 Aug 2025,,83509np6cybipasjyz6nbxpg4,François Letexier,Rangers FC,Club Brugge KV,J. Seys,0,0,0,1,0,1,0,0,47,0,0,0,0,2,0
126,19 Aug 2025,,83509np6cybipasjyz6nbxpg4,François Letexier,Rangers FC,Club Brugge KV,J. Spileers,0,0,0,1,1,0,1,1,62,0,0,1,1,0,0
126,19 Aug 2025,,83509np6cybipasjyz6nbxpg4,François Letexier,Rangers FC,Club Brugge KV,C. Tzolis,2,0,3,11,1,3,0,0,26,0,0,1,0,3,0
126,19 Aug 2025,,83509np6cybipasjyz6nbxpg4,François Letexier,Rangers FC,Club Brugge KV,R. Vermant,0,0,0,0,0,0,1,0,8,0,0,2,1,0,0
126,19 Aug 2025,,83509np6cybipasjyz6nbxpg4,François Letexier,Rangers FC,Club Brugge KV,K. Sabbe,0,0,0,0,1,0,0,0,24,0,0,0,0,0,1
126,19 Aug 2025,,83509np6cybipasjyz6nbxpg4,François Letexier,Rangers FC,Club Brugge KV,R. Onyedika,0,0,0,0,2,2,0,0,48,0,0,0,0,2,0
126,19 Aug 2025,,83509np6cybipasjyz6nbxpg4,François Letexier,Rangers FC,Club Brugge KV,S. Mignolet,0,0,0,0,0,2,0,0,42,0,0,0,0,0,0
126,19 Aug 2025,,83509np6cybipasjyz6nbxpg4,François Letexier,Rangers FC,Club Brugge KV,N. Tresoldi,0,0,0,0,1,1,0,0,3,0,0,1,1,0,0
126,19 Aug 2025,,83509np6cybipasjyz6nbxpg4,François Letexier,Rangers FC,Club Brugge KV,B. Meijer,0,0,0,1,0,0,0,0,4,0,0,0,0,0,0
126,19 Aug 2025,,83509np6cybipasjyz6nbxpg4,François Letexier,Rangers FC,Club Brugge KV,H. Vetlesen,0,0,0,0,0,0,0,0,1,0,0,1,0,0,0
126,19 Aug 2025,,83509np6cybipasjyz6nbxpg4,François Letexier,Rangers FC,Club Brugge KV,L. Reis,0,0,0,0,0,0,0,0,1,0,0,0,0,1,0
126,19 Aug 2025,,83509np6cybipasjyz6nbxpg4,François Letexier,Rangers FC,Club Brugge KV,M. Diakhon,0,0,0,0,0,1,0,0,1,0,0,1,1,0,0
127,27 Aug 2025,,847pdw2q6zi71o572y4xmmjh0,Felix Zwayer,Club Brugge KV,Rangers FC,K. Sabbe,0,0,1,7,0,1,0,0,74,0,0,0,0,0,0
127,27 Aug 2025,,847pdw2q6zi71o572y4xmmjh0,Felix Zwayer,Club Brugge KV,Rangers FC,R. Onyedika,1,1,1,1,0,1,0,0,85,0,0,2,0,1,0
127,27 Aug 2025,,847pdw2q6zi71o572y4xmmjh0,Felix Zwayer,Club Brugge KV,Rangers FC,H. Vanaken,1,0,0,3,0,0,1,0,101,0,0,2,1,0,0
127,27 Aug 2025,,847pdw2q6zi71o572y4xmmjh0,Felix Zwayer,Club Brugge KV,Rangers FC,Carlos Forbs,0,0,2,0,0,2,0,0,28,0,0,2,1,0,0
127,27 Aug 2025,,847pdw2q6zi71o572y4xmmjh0,Felix Zwayer,Club Brugge KV,Rangers FC,J. Spileers,0,0,0,0,1,0,0,0,79,0,0,0,0,0,0
127,27 Aug 2025,,847pdw2q6zi71o572y4xmmjh0,Felix Zwayer,Club Brugge KV,Rangers FC,S. Mignolet,0,0,0,0,0,0,0,0,11,0,1,0,0,0,0
127,27 Aug 2025,,847pdw2q6zi71o572y4xmmjh0,Felix Zwayer,Club Brugge KV,Rangers FC,J. Seys,1,0,2,5,0,0,2,0,44,0,0,3,3,0,0
127,27 Aug 2025,,847pdw2q6zi71o572y4xmmjh0,Felix Zwayer,Club Brugge KV,Rangers FC,C. Tzolis,1,1,1,9,0,1,1,0,30,0,0,5,3,1,0
127,27 Aug 2025,,847pdw2q6zi71o572y4xmmjh0,Felix Zwayer,Club Brugge KV,Rangers FC,N. Tresoldi,1,2,1,1,0,0,1,0,15,0,0,5,1,0,0
127,27 Aug 2025,,847pdw2q6zi71o572y4xmmjh0,Felix Zwayer,Club Brugge KV,Rangers FC,A. Stanković,0,0,1,1,1,0,1,0,76,0,0,5,3,2,0
127,27 Aug 2025,,847pdw2q6zi71o572y4xmmjh0,Felix Zwayer,Club Brugge KV,Rangers FC,B. Mechele,0,1,0,0,0,0,0,0,71,0,0,4,1,1,0
127,27 Aug 2025,,847pdw2q6zi71o572y4xmmjh0,Felix Zwayer,Club Brugge KV,Rangers FC,M. Diakhon,0,0,0,3,1,1,0,0,26,0,0,0,0,0,0
127,27 Aug 2025,,847pdw2q6zi71o572y4xmmjh0,Felix Zwayer,Club Brugge KV,Rangers FC,H. Siquet,0,0,0,7,0,0,0,0,26,0,0,0,0,1,0
127,27 Aug 2025,,847pdw2q6zi71o572y4xmmjh0,Felix Zwayer,Club Brugge KV,Rangers FC,G. Nilsson,0,0,1,2,1,0,0,0,8,0,0,4,3,0,1
127,27 Aug 2025,,847pdw2q6zi71o572y4xmmjh0,Felix Zwayer,Club Brugge KV,Rangers FC,L. Audoor,0,0,0,0,0,0,0,0,12,0,0,0,0,1,0
127,27 Aug 2025,,847pdw2q6zi71o572y4xmmjh0,Felix Zwayer,Club Brugge KV,Rangers FC,K. Furo,0,0,0,0,0,0,0,0,0,0,0,0,0,0,0
127,27 Aug 2025,,847pdw2q6zi71o572y4xmmjh0,Felix Zwayer,Club Brugge KV,Rangers FC,J. Rothwell,0,0,0,1,0,0,0,0,17,0,0,0,0,1,0
127,27 Aug 2025,,847pdw2q6zi71o572y4xmmjh0,Felix Zwayer,Club Brugge KV,Rangers FC,J. Butland,0,0,0,0,0,0,0,0,47,0,10,0,0,0,0
127,27 Aug 2025,,847pdw2q6zi71o572y4xmmjh0,Felix Zwayer,Club Brugge KV,Rangers FC,D. Gassama,0,0,0,0,0,0,0,0,5,0,0,0,0,2,0
127,27 Aug 2025,,847pdw2q6zi71o572y4xmmjh0,Felix Zwayer,Club Brugge KV,Rangers FC,L. Cameron,0,0,0,1,1,0,0,0,27,0,0,0,0,2,0
127,27 Aug 2025,,847pdw2q6zi71o572y4xmmjh0,Felix Zwayer,Club Brugge KV,Rangers FC,N. Djiga,0,0,0,0,0,0,0,0,39,0,0,0,0,0,0
127,27 Aug 2025,,847pdw2q6zi71o572y4xmmjh0,Felix Zwayer,Club Brugge KV,Rangers FC,J. Souttar,0,0,0,0,0,0,0,0,28,0,0,0,0,1,0
127,27 Aug 2025,,847pdw2q6zi71o572y4xmmjh0,Felix Zwayer,Club Brugge KV,Rangers FC,M. Aarons,0,0,0,0,1,0,0,0,3,1,0,0,0,0,0
127,27 Aug 2025,,847pdw2q6zi71o572y4xmmjh0,Felix Zwayer,Club Brugge KV,Rangers FC,J. Meghoma,0,0,0,0,3,0,0,0,25,0,0,0,0,1,1
127,27 Aug 2025,,847pdw2q6zi71o572y4xmmjh0,Felix Zwayer,Club Brugge KV,Rangers FC,T. Aasgaard,0,0,0,0,0,0,0,0,7,0,0,1,0,0,0
127,27 Aug 2025,,847pdw2q6zi71o572y4xmmjh0,Felix Zwayer,Club Brugge KV,Rangers FC,O. Antman,0,0,0,0,0,0,0,0,4,0,0,0,0,0,0
127,27 Aug 2025,,847pdw2q6zi71o572y4xmmjh0,Felix Zwayer,Club Brugge KV,Rangers FC,Danilo,0,1,1,0,0,1,0,0,13,0,0,2,1,2,0
127,27 Aug 2025,,847pdw2q6zi71o572y4xmmjh0,Felix Zwayer,Club Brugge KV,Rangers FC,J. Tavernier,0,0,0,0,1,1,0,0,36,0,0,0,0,2,0
127,27 Aug 2025,,847pdw2q6zi71o572y4xmmjh0,Felix Zwayer,Club Brugge KV,Rangers FC,F. Curtis,0,0,0,0,0,1,0,0,7,0,0,0,0,0,0
127,27 Aug 2025,,847pdw2q6zi71o572y4xmmjh0,Felix Zwayer,Club Brugge KV,Rangers FC,M. Diomandé,0,0,0,0,0,1,0,0,10,0,0,0,0,0,0
127,27 Aug 2025,,847pdw2q6zi71o572y4xmmjh0,Felix Zwayer,Club Brugge KV,Rangers FC,N. Raskin,0,0,0,0,0,0,0,0,8,0,0,0,0,2,0
127,27 Aug 2025,,847pdw2q6zi71o572y4xmmjh0,Felix Zwayer,Club Brugge KV,Rangers FC,C. Barron,0,0,0,0,0,0,0,0,6,0,0,0,0,3,0
129,6 Aug 2025,,85iry6msydnvkotsa5rlkdrtg,Glenn Nyberg,Feyenoord Rotterdam,Fenerbahçe Spor Kulübü,J. Lotomba,0,0,0,0,0,2,0,0,22,0,0,0,0,0,0
129,6 Aug 2025,,85iry6msydnvkotsa5rlkdrtg,Glenn Nyberg,Feyenoord Rotterdam,Fenerbahçe Spor Kulübü,S. Steijn,0,1,0,0,1,3,0,0,23,0,0,4,1,0,0
129,6 Aug 2025,,85iry6msydnvkotsa5rlkdrtg,Glenn Nyberg,Feyenoord Rotterdam,Fenerbahçe Spor Kulübü,T. Watanabe,0,0,0,0,1,1,0,0,57,0,0,0,0,3,0
129,6 Aug 2025,,85iry6msydnvkotsa5rlkdrtg,Glenn Nyberg,Feyenoord Rotterdam,Fenerbahçe Spor Kulübü,L. Sauer,0,1,2,4,2,1,0,0,17,0,0,1,0,0,0
129,6 Aug 2025,,85iry6msydnvkotsa5rlkdrtg,Glenn Nyberg,Feyenoord Rotterdam,Fenerbahçe Spor Kulübü,Hwang In-Beom,1,0,0,5,1,0,0,0,52,0,0,0,0,1,0
129,6 Aug 2025,,85iry6msydnvkotsa5rlkdrtg,Glenn Nyberg,Feyenoord Rotterdam,Fenerbahçe Spor Kulübü,A. Ahmedhodžić,0,0,0,1,3,0,0,0,31,0,0,0,0,1,0
129,6 Aug 2025,,85iry6msydnvkotsa5rlkdrtg,Glenn Nyberg,Feyenoord Rotterdam,Fenerbahçe Spor Kulübü,T. Wellenreuther,0,0,0,0,0,0,0,0,38,0,1,0,0,0,0
129,6 Aug 2025,,85iry6msydnvkotsa5rlkdrtg,Glenn Nyberg,Feyenoord Rotterdam,Fenerbahçe Spor Kulübü,A. Hadj Moussa,0,0,1,2,2,1,1,0,14,0,0,2,1,3,0
129,6 Aug 2025,,85iry6msydnvkotsa5rlkdrtg,Glenn Nyberg,Feyenoord Rotterdam,Fenerbahçe Spor Kulübü,J. Bos,1,1,0,2,2,1,0,0,50,0,0,2,1,5,1
129,6 Aug 2025,,85iry6msydnvkotsa5rlkdrtg,Glenn Nyberg,Feyenoord Rotterdam,Fenerbahçe Spor Kulübü,A. Ueda,0,0,0,0,0,4,0,0,15,0,0,0,0,1,0
129,6 Aug 2025,,85iry6msydnvkotsa5rlkdrtg,Glenn Nyberg,Feyenoord Rotterdam,Fenerbahçe Spor Kulübü,Q. Timber,0,1,0,0,1,1,1,0,23,0,0,3,1,1,0
129,6 Aug 2025,,85iry6msydnvkotsa5rlkdrtg,Glenn Nyberg,Feyenoord Rotterdam,Fenerbahçe Spor Kulübü,L. Valente,0,0,0,0,1,0,0,0,17,0,0,0,0,0,1
129,6 Aug 2025,,85iry6msydnvkotsa5rlkdrtg,Glenn Nyberg,Feyenoord Rotterdam,Fenerbahçe Spor Kulübü,G. Diarra,0,1,0,2,1,0,0,0,7,0,0,1,0,1,0
129,6 Aug 2025,,85iry6msydnvkotsa5rlkdrtg,Glenn Nyberg,Feyenoord Rotterdam,Fenerbahçe Spor Kulübü,C. Tengstedt,0,0,0,0,1,0,0,0,3,0,0,0,0,0,0
129,6 Aug 2025,,85iry6msydnvkotsa5rlkdrtg,Glenn Nyberg,Feyenoord Rotterdam,Fenerbahçe Spor Kulübü,G. Read,0,0,0,0,0,0,0,0,4,0,0,0,0,0,0
129,6 Aug 2025,,85iry6msydnvkotsa5rlkdrtg,Glenn Nyberg,Feyenoord Rotterdam,Fenerbahçe Spor Kulübü,O. Targhalline,0,0,0,0,0,0,0,0,1,0,0,0,0,0,1
129,6 Aug 2025,,85iry6msydnvkotsa5rlkdrtg,Glenn Nyberg,Feyenoord Rotterdam,Fenerbahçe Spor Kulübü,İ. Kahveci,0,0,0,3,0,1,0,2,20,0,0,1,0,0,0
129,6 Aug 2025,,85iry6msydnvkotsa5rlkdrtg,Glenn Nyberg,Feyenoord Rotterdam,Fenerbahçe Spor Kulübü,S. Amrabat,0,0,0,0,4,1,1,0,74,0,0,1,1,1,0
129,6 Aug 2025,,85iry6msydnvkotsa5rlkdrtg,Glenn Nyberg,Feyenoord Rotterdam,Fenerbahçe Spor Kulübü,M. Škriniar,0,1,1,0,2,2,0,0,80,0,0,1,0,3,0
129,6 Aug 2025,,85iry6msydnvkotsa5rlkdrtg,Glenn Nyberg,Feyenoord Rotterdam,Fenerbahçe Spor Kulübü,O. Aydın,0,0,0,2,1,1,0,1,29,0,0,0,0,0,0
129,6 Aug 2025,,85iry6msydnvkotsa5rlkdrtg,Glenn Nyberg,Feyenoord Rotterdam,Fenerbahçe Spor Kulübü,M. Müldür,0,0,1,1,2,2,0,0,58,0,0,0,0,6,0
129,6 Aug 2025,,85iry6msydnvkotsa5rlkdrtg,Glenn Nyberg,Feyenoord Rotterdam,Fenerbahçe Spor Kulübü,Fred,0,0,0,0,1,1,0,0,42,0,0,0,0,2,0
129,6 Aug 2025,,85iry6msydnvkotsa5rlkdrtg,Glenn Nyberg,Feyenoord Rotterdam,Fenerbahçe Spor Kulübü,J. Oosterwolde,0,0,0,3,2,0,0,0,40,0,0,0,0,2,0
129,6 Aug 2025,,85iry6msydnvkotsa5rlkdrtg,Glenn Nyberg,Feyenoord Rotterdam,Fenerbahçe Spor Kulübü,İ. Eğribayat,0,0,0,0,0,0,0,0,27,0,1,0,0,0,0
129,6 Aug 2025,,85iry6msydnvkotsa5rlkdrtg,Glenn Nyberg,Feyenoord Rotterdam,Fenerbahçe Spor Kulübü,A. Brown,0,0,0,4,0,2,0,0,30,0,0,2,1,1,0
129,6 Aug 2025,,85iry6msydnvkotsa5rlkdrtg,Glenn Nyberg,Feyenoord Rotterdam,Fenerbahçe Spor Kulübü,Y. En-Nesyri,0,0,1,3,1,3,0,0,8,0,0,0,0,0,0
129,6 Aug 2025,,85iry6msydnvkotsa5rlkdrtg,Glenn Nyberg,Feyenoord Rotterdam,Fenerbahçe Spor Kulübü,S. Szymański,0,1,2,6,2,0,0,0,25,0,0,2,0,3,0
129,6 Aug 2025,,85iry6msydnvkotsa5rlkdrtg,Glenn Nyberg,Feyenoord Rotterdam,Fenerbahçe Spor Kulübü,Nélson Semedo,0,0,0,2,0,0,0,0,16,0,0,0,0,0,0
129,6 Aug 2025,,85iry6msydnvkotsa5rlkdrtg,Glenn Nyberg,Feyenoord Rotterdam,Fenerbahçe Spor Kulübü,J. Durán,0,1,0,1,0,2,0,1,3,0,0,1,0,2,0
129,6 Aug 2025,,85iry6msydnvkotsa5rlkdrtg,Glenn Nyberg,Feyenoord Rotterdam,Fenerbahçe Spor Kulübü,B. Elmaz,0,0,0,0,0,0,0,0,9,0,0,0,0,0,0
129,6 Aug 2025,,85iry6msydnvkotsa5rlkdrtg,Glenn Nyberg,Feyenoord Rotterdam,Fenerbahçe Spor Kulübü,C. Tosun,0,0,0,0,0,0,0,0,0,0,0,0,0,0,0
130,12 Aug 2025,,870twm71j86v2wd4r1wvhz2tw,István Kovács,Fenerbahçe Spor Kulübü,Feyenoord Rotterdam,J. Durán,0,1,0,0,0,2,1,0,15,0,0,4,2,1,1
130,12 Aug 2025,,870twm71j86v2wd4r1wvhz2tw,István Kovács,Fenerbahçe Spor Kulübü,Feyenoord Rotterdam,S. Amrabat,0,0,1,0,1,1,0,0,42,0,0,0,0,4,1
130,12 Aug 2025,,870twm71j86v2wd4r1wvhz2tw,István Kovács,Fenerbahçe Spor Kulübü,Feyenoord Rotterdam,M. Škriniar,0,0,0,0,3,0,0,0,47,0,0,0,0,1,0
130,12 Aug 2025,,870twm71j86v2wd4r1wvhz2tw,István Kovács,Fenerbahçe Spor Kulübü,Feyenoord Rotterdam,Fred,0,1,0,1,1,3,1,0,25,0,0,2,1,2,0
130,12 Aug 2025,,870twm71j86v2wd4r1wvhz2tw,István Kovács,Fenerbahçe Spor Kulübü,Feyenoord Rotterdam,Y. En-Nesyri,1,0,1,2,2,1,1,1,10,0,0,3,2,1,0
130,12 Aug 2025,,870twm71j86v2wd4r1wvhz2tw,István Kovács,Fenerbahçe Spor Kulübü,Feyenoord Rotterdam,M. Müldür,0,1,1,0,1,0,0,0,40,0,0,1,0,3,0
130,12 Aug 2025,,870twm71j86v2wd4r1wvhz2tw,István Kovács,Fenerbahçe Spor Kulübü,Feyenoord Rotterdam,İ. Eğribayat,0,0,0,0,1,0,0,0,30,0,6,0,0,0,0
130,12 Aug 2025,,870twm71j86v2wd4r1wvhz2tw,István Kovács,Fenerbahçe Spor Kulübü,Feyenoord Rotterdam,J. Oosterwolde,0,0,0,0,1,0,0,0,35,0,0,0,0,0,0
130,12 Aug 2025,,870twm71j86v2wd4r1wvhz2tw,István Kovács,Fenerbahçe Spor Kulübü,Feyenoord Rotterdam,A. Brown,2,0,1,2,3,0,1,0,17,0,0,2,1,1,0
130,12 Aug 2025,,870twm71j86v2wd4r1wvhz2tw,István Kovács,Fenerbahçe Spor Kulübü,Feyenoord Rotterdam,Nélson Semedo,0,0,1,1,4,1,0,0,15,0,0,0,0,5,0
130,12 Aug 2025,,870twm71j86v2wd4r1wvhz2tw,István Kovács,Fenerbahçe Spor Kulübü,Feyenoord Rotterdam,S. Szymański,1,0,0,8,0,5,0,0,18,0,0,1,1,2,0
130,12 Aug 2025,,870twm71j86v2wd4r1wvhz2tw,István Kovács,Fenerbahçe Spor Kulübü,Feyenoord Rotterdam,Talisca,0,0,0,0,0,0,1,0,9,0,0,1,1,0,0
130,12 Aug 2025,,870twm71j86v2wd4r1wvhz2tw,István Kovács,Fenerbahçe Spor Kulübü,Feyenoord Rotterdam,İ. Yüksek,0,0,0,0,1,0,0,0,1,0,0,0,0,1,0
130,12 Aug 2025,,870twm71j86v2wd4r1wvhz2tw,István Kovács,Fenerbahçe Spor Kulübü,Feyenoord Rotterdam,Y. Demir,0,0,0,0,0,0,0,0,0,0,0,0,0,0,0
130,12 Aug 2025,,870twm71j86v2wd4r1wvhz2tw,István Kovács,Fenerbahçe Spor Kulübü,Feyenoord Rotterdam,Yusuf Akçiçek,0,0,0,0,0,0,0,0,0,0,0,0,0,0,0
130,12 Aug 2025,,870twm71j86v2wd4r1wvhz2tw,István Kovács,Fenerbahçe Spor Kulübü,Feyenoord Rotterdam,T. Wellenreuther,0,0,0,0,0,0,0,0,34,0,4,0,0,0,0
130,12 Aug 2025,,870twm71j86v2wd4r1wvhz2tw,István Kovács,Fenerbahçe Spor Kulübü,Feyenoord Rotterdam,S. Steijn,0,0,0,0,1,0,0,0,18,0,0,1,0,0,0
130,12 Aug 2025,,870twm71j86v2wd4r1wvhz2tw,István Kovács,Fenerbahçe Spor Kulübü,Feyenoord Rotterdam,Q. Timber,0,1,2,0,5,1,0,0,28,0,0,1,0,2,0
130,12 Aug 2025,,870twm71j86v2wd4r1wvhz2tw,István Kovács,Fenerbahçe Spor Kulübü,Feyenoord Rotterdam,J. Bos,0,0,0,6,2,1,0,0,48,0,0,1,1,5,0
130,12 Aug 2025,,870twm71j86v2wd4r1wvhz2tw,István Kovács,Fenerbahçe Spor Kulübü,Feyenoord Rotterdam,Hwang In-Beom,1,0,2,4,1,2,0,0,38,0,0,1,1,4,0
130,12 Aug 2025,,870twm71j86v2wd4r1wvhz2tw,István Kovács,Fenerbahçe Spor Kulübü,Feyenoord Rotterdam,J. Lotomba,0,0,0,2,0,2,0,0,38,0,0,1,0,1,0
130,12 Aug 2025,,870twm71j86v2wd4r1wvhz2tw,István Kovács,Fenerbahçe Spor Kulübü,Feyenoord Rotterdam,A. Hadj Moussa,0,1,2,10,1,3,0,0,17,0,0,1,0,0,0
130,12 Aug 2025,,870twm71j86v2wd4r1wvhz2tw,István Kovács,Fenerbahçe Spor Kulübü,Feyenoord Rotterdam,T. Watanabe,0,0,0,0,1,0,2,0,46,0,0,4,4,2,0
130,12 Aug 2025,,870twm71j86v2wd4r1wvhz2tw,István Kovács,Fenerbahçe Spor Kulübü,Feyenoord Rotterdam,A. Ueda,0,0,0,0,1,3,0,0,7,0,0,1,0,0,0
130,12 Aug 2025,,870twm71j86v2wd4r1wvhz2tw,István Kovács,Fenerbahçe Spor Kulübü,Feyenoord Rotterdam,L. Sauer,0,0,1,2,1,2,0,0,7,0,0,0,0,0,1
130,12 Aug 2025,,870twm71j86v2wd4r1wvhz2tw,István Kovács,Fenerbahçe Spor Kulübü,Feyenoord Rotterdam,A. Ahmedhodžić,1,1,0,0,0,1,0,0,40,0,0,3,1,3,0
130,12 Aug 2025,,870twm71j86v2wd4r1wvhz2tw,István Kovács,Fenerbahçe Spor Kulübü,Feyenoord Rotterdam,Gonçalo Borges,0,1,0,5,0,2,0,0,9,0,0,2,1,1,1
130,12 Aug 2025,,870twm71j86v2wd4r1wvhz2tw,István Kovács,Fenerbahçe Spor Kulübü,Feyenoord Rotterdam,L. Valente,0,0,0,1,0,0,0,0,7,0,0,0,0,0,0
130,12 Aug 2025,,870twm71j86v2wd4r1wvhz2tw,István Kovács,Fenerbahçe Spor Kulübü,Feyenoord Rotterdam,C. Tengstedt,0,0,0,0,1,0,0,0,1,0,0,0,0,0,0
155,6 Aug 2025,,c3x6lvs9dk8pyp5fj76w195p0,Tobias Stieler,KKS Lech Poznań,FK Crvena zvezda Beograd,M. Ishak,0,0,0,0,0,0,1,0,28,0,0,1,1,1,0
155,6 Aug 2025,,c3x6lvs9dk8pyp5fj76w195p0,Tobias Stieler,KKS Lech Poznań,FK Crvena zvezda Beograd,F. Jagiełło,0,1,0,1,1,3,0,0,42,0,0,1,0,0,1
155,6 Aug 2025,,c3x6lvs9dk8pyp5fj76w195p0,Tobias Stieler,KKS Lech Poznań,FK Crvena zvezda Beograd,M. Skrzypczak,0,0,0,1,3,1,0,0,76,0,0,1,0,2,0
155,6 Aug 2025,,c3x6lvs9dk8pyp5fj76w195p0,Tobias Stieler,KKS Lech Poznań,FK Crvena zvezda Beograd,A. Milić,0,0,0,0,2,1,0,0,78,0,0,0,0,5,0
155,6 Aug 2025,,c3x6lvs9dk8pyp5fj76w195p0,Tobias Stieler,KKS Lech Poznań,FK Crvena zvezda Beograd,B. Mrozek,0,0,0,0,0,0,0,0,24,0,3,0,0,0,0
155,6 Aug 2025,,c3x6lvs9dk8pyp5fj76w195p0,Tobias Stieler,KKS Lech Poznań,FK Crvena zvezda Beograd,A. Kozubal,0,0,0,0,0,0,0,0,41,0,0,0,0,5,0
155,6 Aug 2025,,c3x6lvs9dk8pyp5fj76w195p0,Tobias Stieler,KKS Lech Poznań,FK Crvena zvezda Beograd,Joel Pereira,0,0,2,8,1,1,0,0,50,0,0,0,0,6,0
155,6 Aug 2025,,c3x6lvs9dk8pyp5fj76w195p0,Tobias Stieler,KKS Lech Poznań,FK Crvena zvezda Beograd,João Moutinho,1,0,0,4,1,3,0,0,51,0,0,0,0,2,0
155,6 Aug 2025,,c3x6lvs9dk8pyp5fj76w195p0,Tobias Stieler,KKS Lech Poznań,FK Crvena zvezda Beograd,L. Bengtsson,0,0,1,1,1,0,0,1,24,0,0,1,0,1,0
155,6 Aug 2025,,c3x6lvs9dk8pyp5fj76w195p0,Tobias Stieler,KKS Lech Poznań,FK Crvena zvezda Beograd,L. Palma,0,1,0,3,1,0,0,0,29,0,0,3,1,4,0
155,6 Aug 2025,,c3x6lvs9dk8pyp5fj76w195p0,Tobias Stieler,KKS Lech Poznań,FK Crvena zvezda Beograd,A. Gholizadeh,0,0,1,0,1,0,0,0,23,0,0,1,1,1,0
155,6 Aug 2025,,c3x6lvs9dk8pyp5fj76w195p0,Tobias Stieler,KKS Lech Poznań,FK Crvena zvezda Beograd,F. Szymczak,0,0,0,1,0,0,0,0,5,0,0,0,0,0,0
155,6 Aug 2025,,c3x6lvs9dk8pyp5fj76w195p0,Tobias Stieler,KKS Lech Poznań,FK Crvena zvezda Beograd,Pablo Rodríguez,0,0,0,1,2,1,0,0,8,0,0,0,0,0,0
155,6 Aug 2025,,c3x6lvs9dk8pyp5fj76w195p0,Tobias Stieler,KKS Lech Poznań,FK Crvena zvezda Beograd,T. Ouma,0,0,0,0,0,0,0,0,25,0,0,0,0,0,0
155,6 Aug 2025,,c3x6lvs9dk8pyp5fj76w195p0,Tobias Stieler,KKS Lech Poznań,FK Crvena zvezda Beograd,G. Þórðarson,0,1,0,1,0,0,0,0,7,0,0,3,1,2,0
155,6 Aug 2025,,c3x6lvs9dk8pyp5fj76w195p0,Tobias Stieler,KKS Lech Poznań,FK Crvena zvezda Beograd,R. Gumny,0,0,0,0,0,0,0,0,5,0,0,0,0,0,0
155,6 Aug 2025,,c3x6lvs9dk8pyp5fj76w195p0,Tobias Stieler,KKS Lech Poznań,FK Crvena zvezda Beograd,M. Veljković,0,0,0,0,0,1,0,0,36,0,0,1,0,2,0
155,6 Aug 2025,,c3x6lvs9dk8pyp5fj76w195p0,Tobias Stieler,KKS Lech Poznań,FK Crvena zvezda Beograd,Rodrigão,0,0,0,0,0,0,0,0,45,0,0,0,0,1,0
155,6 Aug 2025,,c3x6lvs9dk8pyp5fj76w195p0,Tobias Stieler,KKS Lech Poznań,FK Crvena zvezda Beograd,M. Ivanić,1,0,0,4,1,1,0,0,24,0,0,1,0,1,0
155,6 Aug 2025,,c3x6lvs9dk8pyp5fj76w195p0,Tobias Stieler,KKS Lech Poznań,FK Crvena zvezda Beograd,Bruno Duarte,0,0,0,0,0,0,1,0,24,0,0,3,3,2,0
155,6 Aug 2025,,c3x6lvs9dk8pyp5fj76w195p0,Tobias Stieler,KKS Lech Poznań,FK Crvena zvezda Beograd,T. Elšnik,0,0,0,6,1,1,0,0,31,0,0,2,1,1,0
155,6 Aug 2025,,c3x6lvs9dk8pyp5fj76w195p0,Tobias Stieler,KKS Lech Poznań,FK Crvena zvezda Beograd,R. Krunić,0,0,0,0,1,1,2,0,37,0,0,2,2,2,1
155,6 Aug 2025,,c3x6lvs9dk8pyp5fj76w195p0,Tobias Stieler,KKS Lech Poznań,FK Crvena zvezda Beograd,N. Tiknizyan,0,0,0,1,0,1,0,0,32,0,0,0,0,4,0
155,6 Aug 2025,,c3x6lvs9dk8pyp5fj76w195p0,Tobias Stieler,KKS Lech Poznań,FK Crvena zvezda Beograd,Matheus,0,0,0,0,0,0,0,0,23,0,3,0,0,0,0
155,6 Aug 2025,,c3x6lvs9dk8pyp5fj76w195p0,Tobias Stieler,KKS Lech Poznań,FK Crvena zvezda Beograd,Seol Young-Woo,0,0,0,0,0,2,0,0,48,0,0,0,0,3,0
155,6 Aug 2025,,c3x6lvs9dk8pyp5fj76w195p0,Tobias Stieler,KKS Lech Poznań,FK Crvena zvezda Beograd,Milson,0,0,2,2,1,1,0,0,13,0,0,1,0,1,0
155,6 Aug 2025,,c3x6lvs9dk8pyp5fj76w195p0,Tobias Stieler,KKS Lech Poznań,FK Crvena zvezda Beograd,C. Ndiaye,1,0,0,0,3,2,0,3,9,0,0,0,0,0,0
155,6 Aug 2025,,c3x6lvs9dk8pyp5fj76w195p0,Tobias Stieler,KKS Lech Poznań,FK Crvena zvezda Beograd,S. Babicka,0,1,2,1,1,0,0,0,8,0,0,1,0,0,0
155,6 Aug 2025,,c3x6lvs9dk8pyp5fj76w195p0,Tobias Stieler,KKS Lech Poznań,FK Crvena zvezda Beograd,M. Arnautović,0,0,0,0,1,1,0,0,7,0,0,0,0,0,0
155,6 Aug 2025,,c3x6lvs9dk8pyp5fj76w195p0,Tobias Stieler,KKS Lech Poznań,FK Crvena zvezda Beograd,P. Olayinka,0,0,0,1,0,1,0,0,4,0,0,1,0,1,0
155,6 Aug 2025,,c3x6lvs9dk8pyp5fj76w195p0,Tobias Stieler,KKS Lech Poznań,FK Crvena zvezda Beograd,A. Katai,0,0,0,0,2,0,0,0,8,0,0,0,0,1,0
159,19 Aug 2025,,d5b02fjhta8o2wp45d8odkbv8,João Pedro Silva Pinheiro,Ferencvárosi TC,Qarabağ Ağdam FK,A. Tóth,0,0,0,7,0,0,0,0,51,0,0,1,1,0,0
159,19 Aug 2025,,d5b02fjhta8o2wp45d8odkbv8,João Pedro Silva Pinheiro,Ferencvárosi TC,Qarabağ Ağdam FK,T. Raemaekers,0,0,0,0,0,0,0,0,23,0,0,2,0,3,0
159,19 Aug 2025,,d5b02fjhta8o2wp45d8odkbv8,João Pedro Silva Pinheiro,Ferencvárosi TC,Qarabağ Ağdam FK,G. Szalai,0,0,0,0,4,1,0,0,36,0,0,0,0,1,1
159,19 Aug 2025,,d5b02fjhta8o2wp45d8odkbv8,João Pedro Silva Pinheiro,Ferencvárosi TC,Qarabağ Ağdam FK,B. Varga,0,0,0,0,1,3,1,0,16,0,0,3,1,0,0
159,19 Aug 2025,,d5b02fjhta8o2wp45d8odkbv8,João Pedro Silva Pinheiro,Ferencvárosi TC,Qarabağ Ağdam FK,L. Joseph,0,0,1,1,3,0,0,0,14,0,0,2,1,3,0
159,19 Aug 2025,,d5b02fjhta8o2wp45d8odkbv8,João Pedro Silva Pinheiro,Ferencvárosi TC,Qarabağ Ağdam FK,C. O'Dowda,0,1,1,5,1,1,0,0,28,0,0,1,0,3,0
159,19 Aug 2025,,d5b02fjhta8o2wp45d8odkbv8,João Pedro Silva Pinheiro,Ferencvárosi TC,Qarabağ Ağdam FK,G. Kanichowsky,0,0,0,0,2,1,0,0,37,0,0,0,0,0,0
159,19 Aug 2025,,d5b02fjhta8o2wp45d8odkbv8,João Pedro Silva Pinheiro,Ferencvárosi TC,Qarabağ Ağdam FK,D. Dibusz,0,0,0,0,0,0,0,0,16,0,1,0,0,0,0
159,19 Aug 2025,,d5b02fjhta8o2wp45d8odkbv8,João Pedro Silva Pinheiro,Ferencvárosi TC,Qarabağ Ağdam FK,B. Ötvös,0,0,0,0,1,1,0,0,17,0,0,0,0,0,0
159,19 Aug 2025,,d5b02fjhta8o2wp45d8odkbv8,João Pedro Silva Pinheiro,Ferencvárosi TC,Qarabağ Ağdam FK,S. Gartenmann,0,0,0,2,0,0,0,0,22,0,0,0,0,1,0
159,19 Aug 2025,,d5b02fjhta8o2wp45d8odkbv8,João Pedro Silva Pinheiro,Ferencvárosi TC,Qarabağ Ağdam FK,Č. Makreckis,0,0,2,3,3,0,0,0,33,0,0,0,0,1,0
159,19 Aug 2025,,d5b02fjhta8o2wp45d8odkbv8,João Pedro Silva Pinheiro,Ferencvárosi TC,Qarabağ Ağdam FK,K. Zachariassen,0,0,0,1,2,0,0,0,11,0,0,0,0,1,0
159,19 Aug 2025,,d5b02fjhta8o2wp45d8odkbv8,João Pedro Silva Pinheiro,Ferencvárosi TC,Qarabağ Ağdam FK,I. Cissé,0,0,0,0,0,0,0,0,15,0,0,0,0,0,0
159,19 Aug 2025,,d5b02fjhta8o2wp45d8odkbv8,João Pedro Silva Pinheiro,Ferencvárosi TC,Qarabağ Ağdam FK,A. Pešić,0,0,0,0,0,1,0,0,5,0,0,2,1,0,1
159,19 Aug 2025,,d5b02fjhta8o2wp45d8odkbv8,João Pedro Silva Pinheiro,Ferencvárosi TC,Qarabağ Ağdam FK,Z. Gruber,0,0,0,0,2,0,0,0,4,0,0,0,0,0,0
159,19 Aug 2025,,d5b02fjhta8o2wp45d8odkbv8,João Pedro Silva Pinheiro,Ferencvárosi TC,Qarabağ Ağdam FK,J. Levi,0,0,0,3,1,0,0,0,7,0,0,1,0,0,0
159,19 Aug 2025,,d5b02fjhta8o2wp45d8odkbv8,João Pedro Silva Pinheiro,Ferencvárosi TC,Qarabağ Ağdam FK,Matheus Silva,0,0,0,2,2,3,0,0,33,0,0,0,0,1,1
159,19 Aug 2025,,d5b02fjhta8o2wp45d8odkbv8,João Pedro Silva Pinheiro,Ferencvárosi TC,Qarabağ Ağdam FK,B. Mustafazadə,1,0,0,0,1,1,0,0,44,0,0,0,0,1,0
159,19 Aug 2025,,d5b02fjhta8o2wp45d8odkbv8,João Pedro Silva Pinheiro,Ferencvárosi TC,Qarabağ Ağdam FK,Kady Borges,1,1,0,3,0,1,0,1,20,0,0,2,1,0,0
159,19 Aug 2025,,d5b02fjhta8o2wp45d8odkbv8,João Pedro Silva Pinheiro,Ferencvárosi TC,Qarabağ Ağdam FK,N. Axundzadə,0,0,0,0,0,0,0,1,8,0,0,1,0,0,0
159,19 Aug 2025,,d5b02fjhta8o2wp45d8odkbv8,João Pedro Silva Pinheiro,Ferencvárosi TC,Qarabağ Ağdam FK,A. Zoubir,0,1,1,1,0,2,0,0,48,0,0,2,0,0,0
159,19 Aug 2025,,d5b02fjhta8o2wp45d8odkbv8,João Pedro Silva Pinheiro,Ferencvárosi TC,Qarabağ Ağdam FK,Leandro Andrade,1,0,0,0,0,1,0,0,16,0,0,0,0,1,0
159,19 Aug 2025,,d5b02fjhta8o2wp45d8odkbv8,João Pedro Silva Pinheiro,Ferencvárosi TC,Qarabağ Ağdam FK,E. Cəfərquliyev,0,1,2,1,0,1,0,0,51,0,0,1,0,0,0
159,19 Aug 2025,,d5b02fjhta8o2wp45d8odkbv8,João Pedro Silva Pinheiro,Ferencvárosi TC,Qarabağ Ağdam FK,M. Janković,0,1,0,2,1,4,1,0,65,0,0,2,1,3,0
159,19 Aug 2025,,d5b02fjhta8o2wp45d8odkbv8,João Pedro Silva Pinheiro,Ferencvárosi TC,Qarabağ Ağdam FK,K. Medina,0,0,0,0,2,4,1,0,54,0,0,2,1,4,0
159,19 Aug 2025,,d5b02fjhta8o2wp45d8odkbv8,João Pedro Silva Pinheiro,Ferencvárosi TC,Qarabağ Ağdam FK,Pedro Bicalho,0,0,0,0,2,1,0,0,46,0,0,0,0,0,0
159,19 Aug 2025,,d5b02fjhta8o2wp45d8odkbv8,João Pedro Silva Pinheiro,Ferencvárosi TC,Qarabağ Ağdam FK,M. Kochalski,0,0,0,0,0,0,0,0,35,0,3,0,0,0,0
159,19 Aug 2025,,d5b02fjhta8o2wp45d8odkbv8,João Pedro Silva Pinheiro,Ferencvárosi TC,Qarabağ Ağdam FK,E. Addai,0,0,0,0,0,0,0,0,13,0,0,0,0,0,0
159,19 Aug 2025,,d5b02fjhta8o2wp45d8odkbv8,João Pedro Silva Pinheiro,Ferencvárosi TC,Qarabağ Ağdam FK,M. Qurbanlı,0,0,0,0,0,0,1,0,2,0,0,1,1,0,0
159,19 Aug 2025,,d5b02fjhta8o2wp45d8odkbv8,João Pedro Silva Pinheiro,Ferencvárosi TC,Qarabağ Ağdam FK,Dani Bolt,0,0,0,0,0,1,0,0,1,0,0,0,0,0,0
159,19 Aug 2025,,d5b02fjhta8o2wp45d8odkbv8,João Pedro Silva Pinheiro,Ferencvárosi TC,Qarabağ Ağdam FK,C. Kouakou,0,0,0,0,0,0,0,0,1,0,0,0,0,0,0
160,27 Aug 2025,,d7jv0n051zxtm2au10ni8oys4,Clément Turpin,Qarabağ Ağdam FK,Ferencvárosi TC,Leandro Andrade,1,0,0,0,0,0,1,0,11,0,0,1,1,1,0
160,27 Aug 2025,,d7jv0n051zxtm2au10ni8oys4,Clément Turpin,Qarabağ Ağdam FK,Ferencvárosi TC,Kady Borges,0,0,0,1,2,3,0,0,25,0,0,2,0,0,0
160,27 Aug 2025,,d7jv0n051zxtm2au10ni8oys4,Clément Turpin,Qarabağ Ağdam FK,Ferencvárosi TC,B. Mustafazadə,0,0,0,0,1,0,0,0,16,0,0,0,0,1,0
160,27 Aug 2025,,d7jv0n051zxtm2au10ni8oys4,Clément Turpin,Qarabağ Ağdam FK,Ferencvárosi TC,K. Medina,0,0,0,0,1,2,0,0,23,0,0,0,0,0,1
160,27 Aug 2025,,d7jv0n051zxtm2au10ni8oys4,Clément Turpin,Qarabağ Ağdam FK,Ferencvárosi TC,M. Janković,0,0,0,1,4,6,0,1,36,0,0,1,0,3,0
160,27 Aug 2025,,d7jv0n051zxtm2au10ni8oys4,Clément Turpin,Qarabağ Ağdam FK,Ferencvárosi TC,E. Cəfərquliyev,0,0,0,0,0,0,0,1,30,0,0,0,0,0,0
160,27 Aug 2025,,d7jv0n051zxtm2au10ni8oys4,Clément Turpin,Qarabağ Ağdam FK,Ferencvárosi TC,A. Zoubir,0,0,0,0,1,2,1,0,40,0,0,3,1,1,0
160,27 Aug 2025,,d7jv0n051zxtm2au10ni8oys4,Clément Turpin,Qarabağ Ağdam FK,Ferencvárosi TC,M. Kochalski,0,0,0,0,0,1,0,0,32,0,3,0,0,0,0
160,27 Aug 2025,,d7jv0n051zxtm2au10ni8oys4,Clément Turpin,Qarabağ Ağdam FK,Ferencvárosi TC,N. Axundzadə,1,0,1,0,0,3,0,1,14,0,0,1,0,0,0
160,27 Aug 2025,,d7jv0n051zxtm2au10ni8oys4,Clément Turpin,Qarabağ Ağdam FK,Ferencvárosi TC,Pedro Bicalho,0,0,0,0,2,0,0,0,34,0,0,0,0,1,1
160,27 Aug 2025,,d7jv0n051zxtm2au10ni8oys4,Clément Turpin,Qarabağ Ağdam FK,Ferencvárosi TC,Matheus Silva,0,0,0,0,3,1,0,0,19,0,0,0,0,0,1
160,27 Aug 2025,,d7jv0n051zxtm2au10ni8oys4,Clément Turpin,Qarabağ Ağdam FK,Ferencvárosi TC,E. Addai,0,0,0,0,0,0,0,0,3,0,0,1,0,1,0
160,27 Aug 2025,,d7jv0n051zxtm2au10ni8oys4,Clément Turpin,Qarabağ Ağdam FK,Ferencvárosi TC,T. Bayramov,0,0,0,0,0,0,0,0,4,0,0,1,0,0,0
160,27 Aug 2025,,d7jv0n051zxtm2au10ni8oys4,Clément Turpin,Qarabağ Ağdam FK,Ferencvárosi TC,C. Kouakou,0,0,0,0,0,0,0,0,0,0,0,0,0,0,0
160,27 Aug 2025,,d7jv0n051zxtm2au10ni8oys4,Clément Turpin,Qarabağ Ağdam FK,Ferencvárosi TC,O. Kashchuk,0,0,0,0,0,1,0,0,0,0,0,0,0,0,0
160,27 Aug 2025,,d7jv0n051zxtm2au10ni8oys4,Clément Turpin,Qarabağ Ağdam FK,Ferencvárosi TC,M. Qurbanlı,0,0,0,0,0,0,0,0,1,0,0,0,0,0,0
160,27 Aug 2025,,d7jv0n051zxtm2au10ni8oys4,Clément Turpin,Qarabağ Ağdam FK,Ferencvárosi TC,J. Levi,0,0,0,2,0,1,0,0,17,0,0,0,0,0,0
160,27 Aug 2025,,d7jv0n051zxtm2au10ni8oys4,Clément Turpin,Qarabağ Ağdam FK,Ferencvárosi TC,B. Ötvös,0,0,0,0,0,0,0,0,15,0,0,0,0,1,0
160,27 Aug 2025,,d7jv0n051zxtm2au10ni8oys4,Clément Turpin,Qarabağ Ağdam FK,Ferencvárosi TC,L. Joseph,0,0,0,0,0,4,1,0,11,0,0,2,1,1,0
160,27 Aug 2025,,d7jv0n051zxtm2au10ni8oys4,Clément Turpin,Qarabağ Ağdam FK,Ferencvárosi TC,C. O'Dowda,0,1,1,2,1,0,0,0,23,0,0,1,0,2,0
160,27 Aug 2025,,d7jv0n051zxtm2au10ni8oys4,Clément Turpin,Qarabağ Ağdam FK,Ferencvárosi TC,T. Raemaekers,0,0,0,0,1,1,0,0,51,0,0,0,0,1,0
160,27 Aug 2025,,d7jv0n051zxtm2au10ni8oys4,Clément Turpin,Qarabağ Ağdam FK,Ferencvárosi TC,G. Kanichowsky,0,0,0,5,2,3,0,0,62,0,0,1,1,1,1
160,27 Aug 2025,,d7jv0n051zxtm2au10ni8oys4,Clément Turpin,Qarabağ Ağdam FK,Ferencvárosi TC,Č. Makreckis,0,1,0,2,1,0,0,0,43,0,0,1,0,3,0
160,27 Aug 2025,,d7jv0n051zxtm2au10ni8oys4,Clément Turpin,Qarabağ Ağdam FK,Ferencvárosi TC,N. Keïta,0,0,0,1,6,3,0,0,38,0,0,1,0,7,1
160,27 Aug 2025,,d7jv0n051zxtm2au10ni8oys4,Clément Turpin,Qarabağ Ağdam FK,Ferencvárosi TC,B. Varga,1,0,0,0,3,0,1,0,20,0,0,7,3,4,0
160,27 Aug 2025,,d7jv0n051zxtm2au10ni8oys4,Clément Turpin,Qarabağ Ağdam FK,Ferencvárosi TC,D. Dibusz,0,0,0,0,0,0,0,0,23,0,0,0,0,0,0
160,27 Aug 2025,,d7jv0n051zxtm2au10ni8oys4,Clément Turpin,Qarabağ Ağdam FK,Ferencvárosi TC,I. Cissé,0,0,0,0,4,0,0,0,32,0,0,0,0,0,1
160,27 Aug 2025,,d7jv0n051zxtm2au10ni8oys4,Clément Turpin,Qarabağ Ağdam FK,Ferencvárosi TC,A. Pešić,0,0,0,0,2,0,0,1,10,0,0,1,0,0,0
160,27 Aug 2025,,d7jv0n051zxtm2au10ni8oys4,Clément Turpin,Qarabağ Ağdam FK,Ferencvárosi TC,Cadu,0,0,0,9,1,0,0,0,23,0,0,0,0,1,0
160,27 Aug 2025,,d7jv0n051zxtm2au10ni8oys4,Clément Turpin,Qarabağ Ağdam FK,Ferencvárosi TC,B. Nagy,0,0,0,2,0,1,0,0,7,0,0,0,0,0,0
160,27 Aug 2025,,d7jv0n051zxtm2au10ni8oys4,Clément Turpin,Qarabağ Ağdam FK,Ferencvárosi TC,Z. Gruber,0,1,1,4,0,0,0,0,8,0,0,2,0,0,0
160,27 Aug 2025,,d7jv0n051zxtm2au10ni8oys4,Clément Turpin,Qarabağ Ağdam FK,Ferencvárosi TC,A. Tóth,0,0,0,2,0,0,1,0,13,0,0,1,1,0,0
165,19 Aug 2025,,eklbtanrg41db9bg2oj7fnevo,Alejandro José Hernández Hernández,FK Crvena zvezda Beograd,Pafos FC,T. Elšnik,0,0,3,23,2,0,0,0,45,0,0,0,0,1,0
165,19 Aug 2025,,eklbtanrg41db9bg2oj7fnevo,Alejandro José Hernández Hernández,FK Crvena zvezda Beograd,Pafos FC,Matheus,0,0,0,0,0,1,0,0,24,0,1,0,0,0,0
165,19 Aug 2025,,eklbtanrg41db9bg2oj7fnevo,Alejandro José Hernández Hernández,FK Crvena zvezda Beograd,Pafos FC,C. Ndiaye,0,1,1,1,2,5,0,0,18,0,0,3,1,0,0
165,19 Aug 2025,,eklbtanrg41db9bg2oj7fnevo,Alejandro José Hernández Hernández,FK Crvena zvezda Beograd,Pafos FC,M. Bajo,0,0,0,1,1,1,0,0,42,0,0,2,0,0,0
165,19 Aug 2025,,eklbtanrg41db9bg2oj7fnevo,Alejandro José Hernández Hernández,FK Crvena zvezda Beograd,Pafos FC,V. Milosavljević,0,0,0,0,0,0,0,0,47,0,0,0,0,2,0
165,19 Aug 2025,,eklbtanrg41db9bg2oj7fnevo,Alejandro José Hernández Hernández,FK Crvena zvezda Beograd,Pafos FC,P. Olayinka,0,0,1,1,0,1,0,0,5,0,0,2,1,0,0
165,19 Aug 2025,,eklbtanrg41db9bg2oj7fnevo,Alejandro José Hernández Hernández,FK Crvena zvezda Beograd,Pafos FC,M. Ivanić,0,2,2,2,1,0,0,0,27,0,0,4,0,0,1
165,19 Aug 2025,,eklbtanrg41db9bg2oj7fnevo,Alejandro José Hernández Hernández,FK Crvena zvezda Beograd,Pafos FC,S. Babicka,0,0,1,5,0,2,0,0,18,0,0,4,1,1,0
165,19 Aug 2025,,eklbtanrg41db9bg2oj7fnevo,Alejandro José Hernández Hernández,FK Crvena zvezda Beograd,Pafos FC,Seol Young-Woo,0,0,0,10,1,3,0,0,44,0,0,0,0,4,0
165,19 Aug 2025,,eklbtanrg41db9bg2oj7fnevo,Alejandro José Hernández Hernández,FK Crvena zvezda Beograd,Pafos FC,M. Veljković,0,0,1,0,0,0,0,0,52,0,0,0,0,1,0
165,19 Aug 2025,,eklbtanrg41db9bg2oj7fnevo,Alejandro José Hernández Hernández,FK Crvena zvezda Beograd,Pafos FC,N. Tiknizyan,0,0,1,2,1,0,0,0,38,0,0,0,0,4,0
165,19 Aug 2025,,eklbtanrg41db9bg2oj7fnevo,Alejandro José Hernández Hernández,FK Crvena zvezda Beograd,Pafos FC,Bruno Duarte,0,3,2,4,1,0,1,0,24,0,0,7,3,0,0
165,19 Aug 2025,,eklbtanrg41db9bg2oj7fnevo,Alejandro José Hernández Hernández,FK Crvena zvezda Beograd,Pafos FC,A. Katai,0,1,1,0,0,0,0,0,3,0,0,4,0,0,0
165,19 Aug 2025,,eklbtanrg41db9bg2oj7fnevo,Alejandro José Hernández Hernández,FK Crvena zvezda Beograd,Pafos FC,Milson,0,0,0,1,0,1,0,0,5,0,0,0,0,0,0
165,19 Aug 2025,,eklbtanrg41db9bg2oj7fnevo,Alejandro José Hernández Hernández,FK Crvena zvezda Beograd,Pafos FC,K. Pileas,0,0,0,2,2,0,0,0,27,0,0,0,0,1,0
165,19 Aug 2025,,eklbtanrg41db9bg2oj7fnevo,Alejandro José Hernández Hernández,FK Crvena zvezda Beograd,Pafos FC,D. Luckassen,0,0,0,0,3,1,0,0,29,0,0,1,0,2,0
165,19 Aug 2025,,eklbtanrg41db9bg2oj7fnevo,Alejandro José Hernández Hernández,FK Crvena zvezda Beograd,Pafos FC,V. Dragomir,0,1,0,0,0,1,0,0,28,0,0,1,0,1,0
165,19 Aug 2025,,eklbtanrg41db9bg2oj7fnevo,Alejandro José Hernández Hernández,FK Crvena zvezda Beograd,Pafos FC,Anderson Silva,0,0,0,0,3,0,0,0,12,0,0,1,0,0,0
165,19 Aug 2025,,eklbtanrg41db9bg2oj7fnevo,Alejandro José Hernández Hernández,FK Crvena zvezda Beograd,Pafos FC,M. Tanković,1,0,0,0,0,0,0,0,4,0,0,0,0,0,0
165,19 Aug 2025,,eklbtanrg41db9bg2oj7fnevo,Alejandro José Hernández Hernández,FK Crvena zvezda Beograd,Pafos FC,João Correia,0,0,1,3,1,1,1,0,11,0,0,1,1,1,0
165,19 Aug 2025,,eklbtanrg41db9bg2oj7fnevo,Alejandro José Hernández Hernández,FK Crvena zvezda Beograd,Pafos FC,David Goldar,0,0,0,0,2,0,0,0,20,0,0,0,0,1,0
165,19 Aug 2025,,eklbtanrg41db9bg2oj7fnevo,Alejandro José Hernández Hernández,FK Crvena zvezda Beograd,Pafos FC,N. Michael,0,0,0,0,0,1,0,0,32,0,5,0,0,0,0
165,19 Aug 2025,,eklbtanrg41db9bg2oj7fnevo,Alejandro José Hernández Hernández,FK Crvena zvezda Beograd,Pafos FC,Pêpê Rodrigues,0,0,0,3,0,0,1,0,44,0,0,2,1,0,0
165,19 Aug 2025,,eklbtanrg41db9bg2oj7fnevo,Alejandro José Hernández Hernández,FK Crvena zvezda Beograd,Pafos FC,I. Šunjić,0,1,1,0,0,0,0,0,37,0,0,3,0,2,0
165,19 Aug 2025,,eklbtanrg41db9bg2oj7fnevo,Alejandro José Hernández Hernández,FK Crvena zvezda Beograd,Pafos FC,Bruno Felipe,0,0,0,3,2,1,0,0,35,0,0,0,0,1,0
165,19 Aug 2025,,eklbtanrg41db9bg2oj7fnevo,Alejandro José Hernández Hernández,FK Crvena zvezda Beograd,Pafos FC,K. Sema,0,0,0,0,2,2,0,0,13,0,0,0,0,1,0
165,19 Aug 2025,,eklbtanrg41db9bg2oj7fnevo,Alejandro José Hernández Hernández,FK Crvena zvezda Beograd,Pafos FC,Bruno Langa,0,0,0,0,1,0,0,0,8,0,0,0,0,1,1
165,19 Aug 2025,,eklbtanrg41db9bg2oj7fnevo,Alejandro José Hernández Hernández,FK Crvena zvezda Beograd,Pafos FC,M. Bassouamina,0,0,0,0,0,0,0,0,6,0,0,1,0,0,0
165,19 Aug 2025,,eklbtanrg41db9bg2oj7fnevo,Alejandro José Hernández Hernández,FK Crvena zvezda Beograd,Pafos FC,Jajá,0,1,0,0,0,0,0,0,9,0,0,2,0,1,0
165,19 Aug 2025,,eklbtanrg41db9bg2oj7fnevo,Alejandro José Hernández Hernández,FK Crvena zvezda Beograd,Pafos FC,M. Oršić,0,1,2,0,1,0,0,0,5,0,0,2,1,0,0
166,6 Aug 2025,,em2fiig5pck0kolfchjms2al0,Espen Eskås,PFK Ludogorets 1945 Razgrad,Ferencvárosi TC,A. Nedyalkov,0,0,0,1,2,1,0,0,29,0,0,0,0,3,0
166,6 Aug 2025,,em2fiig5pck0kolfchjms2al0,Espen Eskås,PFK Ludogorets 1945 Razgrad,Ferencvárosi TC,Caio Vidal,0,1,1,5,0,7,0,1,10,0,0,4,0,1,0
166,6 Aug 2025,,em2fiig5pck0kolfchjms2al0,Espen Eskås,PFK Ludogorets 1945 Razgrad,Ferencvárosi TC,Dinis Almeida,0,0,0,0,2,0,0,0,37,0,0,0,0,0,0
166,6 Aug 2025,,em2fiig5pck0kolfchjms2al0,Espen Eskås,PFK Ludogorets 1945 Razgrad,Ferencvárosi TC,Erick Marcus,0,0,1,0,1,2,0,0,11,0,0,2,0,1,0
166,6 Aug 2025,,em2fiig5pck0kolfchjms2al0,Espen Eskås,PFK Ludogorets 1945 Razgrad,Ferencvárosi TC,F. Kaloč,0,0,0,0,2,0,0,0,8,0,0,0,0,0,0
166,6 Aug 2025,,em2fiig5pck0kolfchjms2al0,Espen Eskås,PFK Ludogorets 1945 Razgrad,Ferencvárosi TC,B. Tekpetey,0,1,0,0,2,1,0,0,6,0,0,1,0,0,1
166,6 Aug 2025,,em2fiig5pck0kolfchjms2al0,Espen Eskås,PFK Ludogorets 1945 Razgrad,Ferencvárosi TC,Pedro Naressi,0,0,0,1,0,0,0,0,46,0,0,0,0,0,0
166,6 Aug 2025,,em2fiig5pck0kolfchjms2al0,Espen Eskås,PFK Ludogorets 1945 Razgrad,Ferencvárosi TC,E. Kurtulus,0,0,0,0,0,0,0,0,37,0,0,0,0,3,0
166,6 Aug 2025,,em2fiig5pck0kolfchjms2al0,Espen Eskås,PFK Ludogorets 1945 Razgrad,Ferencvárosi TC,P. Stanić,0,0,0,0,0,1,0,0,17,0,0,0,0,1,0
166,6 Aug 2025,,em2fiig5pck0kolfchjms2al0,Espen Eskås,PFK Ludogorets 1945 Razgrad,Ferencvárosi TC,Son,0,0,0,2,1,1,0,0,31,0,0,0,0,0,0
166,6 Aug 2025,,em2fiig5pck0kolfchjms2al0,Espen Eskås,PFK Ludogorets 1945 Razgrad,Ferencvárosi TC,H. Bonmann,0,0,0,0,0,0,0,0,29,0,2,0,0,0,0
166,6 Aug 2025,,em2fiig5pck0kolfchjms2al0,Espen Eskås,PFK Ludogorets 1945 Razgrad,Ferencvárosi TC,M. Chouiar,0,0,0,1,0,1,0,0,20,0,0,0,0,1,0
166,6 Aug 2025,,em2fiig5pck0kolfchjms2al0,Espen Eskås,PFK Ludogorets 1945 Razgrad,Ferencvárosi TC,I. Chochev,0,0,0,0,1,0,0,0,9,0,0,2,0,0,0
166,6 Aug 2025,,em2fiig5pck0kolfchjms2al0,Espen Eskås,PFK Ludogorets 1945 Razgrad,Ferencvárosi TC,Deroy Duarte,0,0,0,0,1,0,0,0,11,0,0,1,0,0,0
166,6 Aug 2025,,em2fiig5pck0kolfchjms2al0,Espen Eskås,PFK Ludogorets 1945 Razgrad,Ferencvárosi TC,J. Andersson,0,0,0,0,0,0,0,0,12,0,0,0,0,2,0
166,6 Aug 2025,,em2fiig5pck0kolfchjms2al0,Espen Eskås,PFK Ludogorets 1945 Razgrad,Ferencvárosi TC,E. Bille,0,0,0,0,0,0,0,0,1,0,0,0,0,0,0
166,6 Aug 2025,,em2fiig5pck0kolfchjms2al0,Espen Eskås,PFK Ludogorets 1945 Razgrad,Ferencvárosi TC,B. Varga,0,0,0,0,1,1,0,0,11,0,0,1,0,1,0
166,6 Aug 2025,,em2fiig5pck0kolfchjms2al0,Espen Eskås,PFK Ludogorets 1945 Razgrad,Ferencvárosi TC,B. Ötvös,0,0,0,1,1,2,0,0,51,0,0,2,1,2,1
166,6 Aug 2025,,em2fiig5pck0kolfchjms2al0,Espen Eskås,PFK Ludogorets 1945 Razgrad,Ferencvárosi TC,G. Kanichowsky,0,0,0,1,3,1,0,0,26,0,0,0,0,1,0
166,6 Aug 2025,,em2fiig5pck0kolfchjms2al0,Espen Eskås,PFK Ludogorets 1945 Razgrad,Ferencvárosi TC,G. Szalai,0,0,0,0,0,0,0,1,59,0,0,0,0,3,0
166,6 Aug 2025,,em2fiig5pck0kolfchjms2al0,Espen Eskås,PFK Ludogorets 1945 Razgrad,Ferencvárosi TC,S. Gartenmann,0,0,1,1,2,2,0,0,85,0,0,2,0,2,0
166,6 Aug 2025,,em2fiig5pck0kolfchjms2al0,Espen Eskås,PFK Ludogorets 1945 Razgrad,Ferencvárosi TC,T. Raemaekers,0,0,0,0,1,1,0,0,79,0,0,2,0,3,0
166,6 Aug 2025,,em2fiig5pck0kolfchjms2al0,Espen Eskås,PFK Ludogorets 1945 Razgrad,Ferencvárosi TC,Č. Makreckis,0,0,1,0,2,0,0,0,23,0,0,2,0,1,1
166,6 Aug 2025,,em2fiig5pck0kolfchjms2al0,Espen Eskås,PFK Ludogorets 1945 Razgrad,Ferencvárosi TC,L. Joseph,0,2,2,0,0,2,0,2,14,0,0,3,0,2,0
166,6 Aug 2025,,em2fiig5pck0kolfchjms2al0,Espen Eskås,PFK Ludogorets 1945 Razgrad,Ferencvárosi TC,A. Tóth,0,1,0,10,2,2,0,0,37,0,0,2,0,5,0
166,6 Aug 2025,,em2fiig5pck0kolfchjms2al0,Espen Eskås,PFK Ludogorets 1945 Razgrad,Ferencvárosi TC,C. O'Dowda,0,0,3,8,1,1,0,0,27,0,0,0,0,0,1
166,6 Aug 2025,,em2fiig5pck0kolfchjms2al0,Espen Eskås,PFK Ludogorets 1945 Razgrad,Ferencvárosi TC,D. Dibusz,0,0,0,0,0,0,0,0,22,0,0,0,0,0,0
166,6 Aug 2025,,em2fiig5pck0kolfchjms2al0,Espen Eskås,PFK Ludogorets 1945 Razgrad,Ferencvárosi TC,H. Maïga,0,0,0,0,0,0,0,0,7,0,0,0,0,0,0
166,6 Aug 2025,,em2fiig5pck0kolfchjms2al0,Espen Eskås,PFK Ludogorets 1945 Razgrad,Ferencvárosi TC,J. Levi,0,1,1,2,0,0,0,0,4,0,0,1,0,0,0
166,6 Aug 2025,,em2fiig5pck0kolfchjms2al0,Espen Eskås,PFK Ludogorets 1945 Razgrad,Ferencvárosi TC,Cadu,0,0,0,2,1,0,0,0,2,0,0,0,0,2,0
166,6 Aug 2025,,em2fiig5pck0kolfchjms2al0,Espen Eskås,PFK Ludogorets 1945 Razgrad,Ferencvárosi TC,Z. Gruber,0,0,1,0,0,0,0,0,0,0,0,2,1,0,0
167,26 Aug 2025,,emypvbslto43ter68roe6cc2c,Michael Oliver,Pafos FC,FK Crvena zvezda Beograd,Bruno Felipe,0,0,0,6,1,0,0,1,24,0,0,3,1,4,1
167,26 Aug 2025,,emypvbslto43ter68roe6cc2c,Michael Oliver,Pafos FC,FK Crvena zvezda Beograd,I. Šunjić,0,1,0,1,3,2,0,0,26,0,0,1,0,1,0
167,26 Aug 2025,,emypvbslto43ter68roe6cc2c,Michael Oliver,Pafos FC,FK Crvena zvezda Beograd,D. Luckassen,0,0,0,0,4,4,0,0,47,0,0,0,0,1,0
167,26 Aug 2025,,emypvbslto43ter68roe6cc2c,Michael Oliver,Pafos FC,FK Crvena zvezda Beograd,David Goldar,0,0,0,0,1,1,0,0,54,0,0,0,0,2,0
167,26 Aug 2025,,emypvbslto43ter68roe6cc2c,Michael Oliver,Pafos FC,FK Crvena zvezda Beograd,Pêpê Rodrigues,1,0,0,3,1,0,0,0,57,0,0,1,0,0,1
167,26 Aug 2025,,emypvbslto43ter68roe6cc2c,Michael Oliver,Pafos FC,FK Crvena zvezda Beograd,M. Oršić,0,0,0,2,0,1,0,0,17,0,0,0,0,3,0
167,26 Aug 2025,,emypvbslto43ter68roe6cc2c,Michael Oliver,Pafos FC,FK Crvena zvezda Beograd,K. Pileas,0,0,1,5,1,1,0,0,24,0,0,0,0,1,0
167,26 Aug 2025,,emypvbslto43ter68roe6cc2c,Michael Oliver,Pafos FC,FK Crvena zvezda Beograd,N. Michael,0,0,0,0,0,0,0,0,35,0,1,0,0,0,0
167,26 Aug 2025,,emypvbslto43ter68roe6cc2c,Michael Oliver,Pafos FC,FK Crvena zvezda Beograd,João Correia,0,0,1,2,1,4,0,0,15,0,0,2,2,1,0
167,26 Aug 2025,,emypvbslto43ter68roe6cc2c,Michael Oliver,Pafos FC,FK Crvena zvezda Beograd,Anderson Silva,0,0,1,1,2,1,0,0,9,0,0,2,1,1,0
167,26 Aug 2025,,emypvbslto43ter68roe6cc2c,Michael Oliver,Pafos FC,FK Crvena zvezda Beograd,V. Dragomir,0,0,0,0,1,2,0,0,22,0,0,0,0,2,0
167,26 Aug 2025,,emypvbslto43ter68roe6cc2c,Michael Oliver,Pafos FC,FK Crvena zvezda Beograd,Bruno Langa,0,0,0,0,0,0,0,0,14,0,0,0,0,1,0
167,26 Aug 2025,,emypvbslto43ter68roe6cc2c,Michael Oliver,Pafos FC,FK Crvena zvezda Beograd,Jajá,0,0,0,1,2,1,1,0,6,0,0,2,1,0,1
167,26 Aug 2025,,emypvbslto43ter68roe6cc2c,Michael Oliver,Pafos FC,FK Crvena zvezda Beograd,M. Bassouamina,0,0,0,0,0,0,0,0,5,0,0,0,0,0,0
167,26 Aug 2025,,emypvbslto43ter68roe6cc2c,Michael Oliver,Pafos FC,FK Crvena zvezda Beograd,Pedrão,0,0,0,0,0,0,0,0,0,0,0,0,0,0,0
167,26 Aug 2025,,emypvbslto43ter68roe6cc2c,Michael Oliver,Pafos FC,FK Crvena zvezda Beograd,R. Krunić,0,0,0,0,1,1,0,0,48,0,0,0,0,2,1
167,26 Aug 2025,,emypvbslto43ter68roe6cc2c,Michael Oliver,Pafos FC,FK Crvena zvezda Beograd,M. Ivanić,0,3,1,0,1,2,1,0,22,0,0,4,1,0,0
167,26 Aug 2025,,emypvbslto43ter68roe6cc2c,Michael Oliver,Pafos FC,FK Crvena zvezda Beograd,M. Veljković,0,0,0,1,0,1,0,0,46,0,0,2,1,0,1
167,26 Aug 2025,,emypvbslto43ter68roe6cc2c,Michael Oliver,Pafos FC,FK Crvena zvezda Beograd,V. Milosavljević,0,0,0,1,0,0,0,0,42,0,0,2,0,0,0
167,26 Aug 2025,,emypvbslto43ter68roe6cc2c,Michael Oliver,Pafos FC,FK Crvena zvezda Beograd,Bruno Duarte,0,0,1,4,1,1,0,1,21,0,0,1,1,0,0
167,26 Aug 2025,,emypvbslto43ter68roe6cc2c,Michael Oliver,Pafos FC,FK Crvena zvezda Beograd,C. Ndiaye,1,0,0,1,4,6,0,0,18,0,0,0,0,1,0
167,26 Aug 2025,,emypvbslto43ter68roe6cc2c,Michael Oliver,Pafos FC,FK Crvena zvezda Beograd,T. Elšnik,0,0,1,9,1,0,0,0,35,0,0,0,0,1,0
167,26 Aug 2025,,emypvbslto43ter68roe6cc2c,Michael Oliver,Pafos FC,FK Crvena zvezda Beograd,Seol Young-Woo,0,0,0,3,2,2,0,0,42,0,0,0,0,1,0
167,26 Aug 2025,,emypvbslto43ter68roe6cc2c,Michael Oliver,Pafos FC,FK Crvena zvezda Beograd,Matheus,0,0,0,0,0,1,0,0,22,0,4,0,0,0,0
167,26 Aug 2025,,emypvbslto43ter68roe6cc2c,Michael Oliver,Pafos FC,FK Crvena zvezda Beograd,S. Babicka,0,0,0,1,3,1,0,1,10,0,0,1,0,0,1
167,26 Aug 2025,,emypvbslto43ter68roe6cc2c,Michael Oliver,Pafos FC,FK Crvena zvezda Beograd,N. Tiknizyan,0,1,0,1,3,1,0,0,28,0,0,1,0,2,0
167,26 Aug 2025,,emypvbslto43ter68roe6cc2c,Michael Oliver,Pafos FC,FK Crvena zvezda Beograd,M. Arnautović,0,0,0,0,1,0,0,0,4,0,0,0,0,0,0
167,26 Aug 2025,,emypvbslto43ter68roe6cc2c,Michael Oliver,Pafos FC,FK Crvena zvezda Beograd,N. Radonjić,0,1,0,0,0,1,0,0,10,0,0,1,0,0,0
167,26 Aug 2025,,emypvbslto43ter68roe6cc2c,Michael Oliver,Pafos FC,FK Crvena zvezda Beograd,A. Katai,0,0,0,0,0,0,0,1,0,0,0,0,0,0,0
167,26 Aug 2025,,emypvbslto43ter68roe6cc2c,Michael Oliver,Pafos FC,FK Crvena zvezda Beograd,P. Olayinka,0,0,0,0,0,0,0,0,4,0,0,0,0,0,0
168,12 Aug 2025,,eno9wwxvff56fbsqelw6kjt3o,Alejandro José Hernández Hernández,Ferencvárosi TC,PFK Ludogorets 1945 Razgrad,B. Varga,0,0,0,0,4,2,2,0,21,0,0,2,2,0,0
168,12 Aug 2025,,eno9wwxvff56fbsqelw6kjt3o,Alejandro José Hernández Hernández,Ferencvárosi TC,PFK Ludogorets 1945 Razgrad,B. Ötvös,1,1,0,1,2,1,0,0,30,0,0,4,0,3,1
168,12 Aug 2025,,eno9wwxvff56fbsqelw6kjt3o,Alejandro José Hernández Hernández,Ferencvárosi TC,PFK Ludogorets 1945 Razgrad,S. Gartenmann,0,0,0,1,2,0,0,0,38,0,0,0,0,4,0
168,12 Aug 2025,,eno9wwxvff56fbsqelw6kjt3o,Alejandro José Hernández Hernández,Ferencvárosi TC,PFK Ludogorets 1945 Razgrad,T. Raemaekers,0,0,0,0,0,2,0,0,35,0,0,0,0,1,0
168,12 Aug 2025,,eno9wwxvff56fbsqelw6kjt3o,Alejandro José Hernández Hernández,Ferencvárosi TC,PFK Ludogorets 1945 Razgrad,G. Szalai,0,0,0,0,0,0,1,0,25,0,0,1,1,2,0
168,12 Aug 2025,,eno9wwxvff56fbsqelw6kjt3o,Alejandro José Hernández Hernández,Ferencvárosi TC,PFK Ludogorets 1945 Razgrad,A. Tóth,1,0,0,7,2,2,0,0,25,0,0,0,0,3,1
168,12 Aug 2025,,eno9wwxvff56fbsqelw6kjt3o,Alejandro José Hernández Hernández,Ferencvárosi TC,PFK Ludogorets 1945 Razgrad,L. Joseph,0,0,1,0,2,1,0,0,12,0,0,2,2,1,0
168,12 Aug 2025,,eno9wwxvff56fbsqelw6kjt3o,Alejandro José Hernández Hernández,Ferencvárosi TC,PFK Ludogorets 1945 Razgrad,Č. Makreckis,0,1,3,1,1,0,0,0,27,0,0,3,1,2,0
168,12 Aug 2025,,eno9wwxvff56fbsqelw6kjt3o,Alejandro José Hernández Hernández,Ferencvárosi TC,PFK Ludogorets 1945 Razgrad,D. Dibusz,0,0,0,0,0,0,0,0,25,0,4,0,0,0,0
168,12 Aug 2025,,eno9wwxvff56fbsqelw6kjt3o,Alejandro José Hernández Hernández,Ferencvárosi TC,PFK Ludogorets 1945 Razgrad,G. Kanichowsky,0,0,0,0,0,3,0,0,21,0,0,1,0,1,0
168,12 Aug 2025,,eno9wwxvff56fbsqelw6kjt3o,Alejandro José Hernández Hernández,Ferencvárosi TC,PFK Ludogorets 1945 Razgrad,C. O'Dowda,0,0,0,2,0,0,0,0,13,0,0,0,0,0,0
168,12 Aug 2025,,eno9wwxvff56fbsqelw6kjt3o,Alejandro José Hernández Hernández,Ferencvárosi TC,PFK Ludogorets 1945 Razgrad,Z. Gruber,1,1,1,0,1,0,0,0,3,0,0,2,0,0,0
168,12 Aug 2025,,eno9wwxvff56fbsqelw6kjt3o,Alejandro José Hernández Hernández,Ferencvárosi TC,PFK Ludogorets 1945 Razgrad,H. Maïga,0,0,0,0,1,1,0,0,1,0,0,0,0,0,1
168,12 Aug 2025,,eno9wwxvff56fbsqelw6kjt3o,Alejandro José Hernández Hernández,Ferencvárosi TC,PFK Ludogorets 1945 Razgrad,K. Zachariassen,0,0,0,0,0,1,0,0,0,0,0,0,0,1,0
168,12 Aug 2025,,eno9wwxvff56fbsqelw6kjt3o,Alejandro José Hernández Hernández,Ferencvárosi TC,PFK Ludogorets 1945 Razgrad,J. Levi,0,0,0,0,0,0,0,0,2,0,0,0,0,0,0
168,12 Aug 2025,,eno9wwxvff56fbsqelw6kjt3o,Alejandro José Hernández Hernández,Ferencvárosi TC,PFK Ludogorets 1945 Razgrad,E. Kurtulus,0,1,0,0,1,1,0,0,50,0,0,2,0,2,1
168,12 Aug 2025,,eno9wwxvff56fbsqelw6kjt3o,Alejandro José Hernández Hernández,Ferencvárosi TC,PFK Ludogorets 1945 Razgrad,H. Bonmann,0,0,0,0,0,0,0,0,38,0,3,0,0,0,0
168,12 Aug 2025,,eno9wwxvff56fbsqelw6kjt3o,Alejandro José Hernández Hernández,Ferencvárosi TC,PFK Ludogorets 1945 Razgrad,E. Bille,0,0,1,0,2,0,0,0,14,0,0,2,0,0,0
168,12 Aug 2025,,eno9wwxvff56fbsqelw6kjt3o,Alejandro José Hernández Hernández,Ferencvárosi TC,PFK Ludogorets 1945 Razgrad,O. Verdon,0,0,0,0,0,1,0,0,62,0,0,0,0,4,0
168,12 Aug 2025,,eno9wwxvff56fbsqelw6kjt3o,Alejandro José Hernández Hernández,Ferencvárosi TC,PFK Ludogorets 1945 Razgrad,Deroy Duarte,0,0,0,0,2,0,0,0,40,0,0,0,0,1,0
168,12 Aug 2025,,eno9wwxvff56fbsqelw6kjt3o,Alejandro José Hernández Hernández,Ferencvárosi TC,PFK Ludogorets 1945 Razgrad,Son,0,0,0,7,0,2,0,0,34,0,0,0,0,2,0
168,12 Aug 2025,,eno9wwxvff56fbsqelw6kjt3o,Alejandro José Hernández Hernández,Ferencvárosi TC,PFK Ludogorets 1945 Razgrad,A. Nedyalkov,0,0,1,2,1,1,0,0,44,0,0,1,1,2,1
168,12 Aug 2025,,eno9wwxvff56fbsqelw6kjt3o,Alejandro José Hernández Hernández,Ferencvárosi TC,PFK Ludogorets 1945 Razgrad,Caio Vidal,0,0,0,2,4,4,0,0,23,0,0,2,2,1,0
168,12 Aug 2025,,eno9wwxvff56fbsqelw6kjt3o,Alejandro José Hernández Hernández,Ferencvárosi TC,PFK Ludogorets 1945 Razgrad,F. Kaloč,0,0,0,0,1,0,0,0,24,0,0,0,0,2,1
168,12 Aug 2025,,eno9wwxvff56fbsqelw6kjt3o,Alejandro José Hernández Hernández,Ferencvárosi TC,PFK Ludogorets 1945 Razgrad,Erick Marcus,0,1,2,6,1,1,0,0,26,0,0,1,0,0,0
168,12 Aug 2025,,eno9wwxvff56fbsqelw6kjt3o,Alejandro José Hernández Hernández,Ferencvárosi TC,PFK Ludogorets 1945 Razgrad,I. Chochev,0,0,0,0,0,3,0,1,21,0,0,2,1,2,0
168,12 Aug 2025,,eno9wwxvff56fbsqelw6kjt3o,Alejandro José Hernández Hernández,Ferencvárosi TC,PFK Ludogorets 1945 Razgrad,M. Chouiar,0,0,0,0,2,0,0,0,9,0,0,0,0,2,1
168,12 Aug 2025,,eno9wwxvff56fbsqelw6kjt3o,Alejandro José Hernández Hernández,Ferencvárosi TC,PFK Ludogorets 1945 Razgrad,P. Stanić,0,0,0,0,0,1,0,0,11,0,0,0,0,1,0
168,12 Aug 2025,,eno9wwxvff56fbsqelw6kjt3o,Alejandro José Hernández Hernández,Ferencvárosi TC,PFK Ludogorets 1945 Razgrad,S. Ivanov,0,0,0,0,0,0,0,0,3,0,0,0,0,1,0
168,12 Aug 2025,,eno9wwxvff56fbsqelw6kjt3o,Alejandro José Hernández Hernández,Ferencvárosi TC,PFK Ludogorets 1945 Razgrad,B. Tekpetey,0,0,0,0,0,0,0,0,1,0,0,1,0,0,0
169,26 Aug 2025,,jrqj1tlsc31sq3x10bkqb4lw,Szymon Marciniak,SK Sturm Graz,FK Bodø / Glimt,W. Bøving,0,0,0,3,0,0,0,0,23,0,0,3,1,1,0
169,26 Aug 2025,,jrqj1tlsc31sq3x10bkqb4lw,Szymon Marciniak,SK Sturm Graz,FK Bodø / Glimt,E. Karić,0,0,0,5,0,0,0,0,65,0,0,0,0,1,0
169,26 Aug 2025,,jrqj1tlsc31sq3x10bkqb4lw,Szymon Marciniak,SK Sturm Graz,FK Bodø / Glimt,D. Lavalée,0,0,0,1,1,2,0,0,63,0,0,0,0,1,1
169,26 Aug 2025,,jrqj1tlsc31sq3x10bkqb4lw,Szymon Marciniak,SK Sturm Graz,FK Bodø / Glimt,A. Malić,0,0,0,0,1,0,0,0,34,0,0,0,0,8,0
169,26 Aug 2025,,jrqj1tlsc31sq3x10bkqb4lw,Szymon Marciniak,SK Sturm Graz,FK Bodø / Glimt,T. Horvat,0,1,2,2,0,1,0,0,34,0,0,5,3,2,0
169,26 Aug 2025,,jrqj1tlsc31sq3x10bkqb4lw,Szymon Marciniak,SK Sturm Graz,FK Bodø / Glimt,J. Gorenc Stankovič,0,1,0,0,1,2,0,1,42,0,0,2,0,2,0
169,26 Aug 2025,,jrqj1tlsc31sq3x10bkqb4lw,Szymon Marciniak,SK Sturm Graz,FK Bodø / Glimt,E. Aiwu,0,0,0,0,0,0,0,0,41,0,0,0,0,2,0
169,26 Aug 2025,,jrqj1tlsc31sq3x10bkqb4lw,Szymon Marciniak,SK Sturm Graz,FK Bodø / Glimt,T. Chukwuani,0,1,0,1,3,0,0,0,58,0,0,3,1,2,0
169,26 Aug 2025,,jrqj1tlsc31sq3x10bkqb4lw,Szymon Marciniak,SK Sturm Graz,FK Bodø / Glimt,O. Kiteishvili,0,0,0,1,0,0,0,0,31,0,0,0,0,1,0
169,26 Aug 2025,,jrqj1tlsc31sq3x10bkqb4lw,Szymon Marciniak,SK Sturm Graz,FK Bodø / Glimt,O. Christensen,0,0,0,0,0,1,0,0,28,0,4,0,0,0,0
169,26 Aug 2025,,jrqj1tlsc31sq3x10bkqb4lw,Szymon Marciniak,SK Sturm Graz,FK Bodø / Glimt,S. Jatta,0,0,0,0,0,3,1,1,3,0,0,1,1,1,0
169,26 Aug 2025,,jrqj1tlsc31sq3x10bkqb4lw,Szymon Marciniak,SK Sturm Graz,FK Bodø / Glimt,F. Rózga,0,0,0,2,3,0,0,0,4,0,0,1,1,2,0
169,26 Aug 2025,,jrqj1tlsc31sq3x10bkqb4lw,Szymon Marciniak,SK Sturm Graz,FK Bodø / Glimt,T. Oermann,0,0,0,0,2,0,1,0,5,0,0,1,1,1,1
169,26 Aug 2025,,jrqj1tlsc31sq3x10bkqb4lw,Szymon Marciniak,SK Sturm Graz,FK Bodø / Glimt,L. Grgić,1,0,1,0,0,1,0,1,3,0,0,1,0,0,0
169,26 Aug 2025,,jrqj1tlsc31sq3x10bkqb4lw,Szymon Marciniak,SK Sturm Graz,FK Bodø / Glimt,J. Hödl,0,0,0,0,1,2,0,0,1,0,0,1,0,0,0
169,26 Aug 2025,,jrqj1tlsc31sq3x10bkqb4lw,Szymon Marciniak,SK Sturm Graz,FK Bodø / Glimt,J. Beck,0,0,0,1,0,0,0,0,4,0,0,0,0,1,0
169,26 Aug 2025,,jrqj1tlsc31sq3x10bkqb4lw,Szymon Marciniak,SK Sturm Graz,FK Bodø / Glimt,O. Bjørtuft,0,0,0,0,2,0,0,0,69,0,0,1,0,0,0
169,26 Aug 2025,,jrqj1tlsc31sq3x10bkqb4lw,Szymon Marciniak,SK Sturm Graz,FK Bodø / Glimt,N. Haikin,0,0,0,0,0,0,0,0,36,0,6,0,0,0,0
169,26 Aug 2025,,jrqj1tlsc31sq3x10bkqb4lw,Szymon Marciniak,SK Sturm Graz,FK Bodø / Glimt,K. Høgh,0,0,0,0,1,2,0,1,22,0,0,3,2,1,0
169,26 Aug 2025,,jrqj1tlsc31sq3x10bkqb4lw,Szymon Marciniak,SK Sturm Graz,FK Bodø / Glimt,H. Evjen,0,1,0,0,2,0,0,0,28,0,0,1,0,0,0
169,26 Aug 2025,,jrqj1tlsc31sq3x10bkqb4lw,Szymon Marciniak,SK Sturm Graz,FK Bodø / Glimt,F. Sjøvold,0,0,0,0,1,2,0,0,39,0,0,0,0,1,0
169,26 Aug 2025,,jrqj1tlsc31sq3x10bkqb4lw,Szymon Marciniak,SK Sturm Graz,FK Bodø / Glimt,V. Nielsen,0,0,0,0,1,0,0,0,66,0,0,0,0,1,1
169,26 Aug 2025,,jrqj1tlsc31sq3x10bkqb4lw,Szymon Marciniak,SK Sturm Graz,FK Bodø / Glimt,F. Bjørkan,0,0,4,2,1,1,0,0,50,0,0,0,0,0,0
169,26 Aug 2025,,jrqj1tlsc31sq3x10bkqb4lw,Szymon Marciniak,SK Sturm Graz,FK Bodø / Glimt,U. Saltnes,0,0,0,0,2,0,0,0,12,0,0,0,0,1,0
169,26 Aug 2025,,jrqj1tlsc31sq3x10bkqb4lw,Szymon Marciniak,SK Sturm Graz,FK Bodø / Glimt,M. Jørgensen,0,0,1,1,1,0,1,0,22,0,0,1,1,2,0
169,26 Aug 2025,,jrqj1tlsc31sq3x10bkqb4lw,Szymon Marciniak,SK Sturm Graz,FK Bodø / Glimt,P. Berg,0,0,1,10,1,1,0,0,32,0,0,2,1,3,0
169,26 Aug 2025,,jrqj1tlsc31sq3x10bkqb4lw,Szymon Marciniak,SK Sturm Graz,FK Bodø / Glimt,J. Hauge,1,1,1,0,0,1,0,0,16,0,0,1,0,0,0
169,26 Aug 2025,,jrqj1tlsc31sq3x10bkqb4lw,Szymon Marciniak,SK Sturm Graz,FK Bodø / Glimt,D. Bassi,0,0,1,1,0,4,0,0,11,0,0,1,1,2,0
169,26 Aug 2025,,jrqj1tlsc31sq3x10bkqb4lw,Szymon Marciniak,SK Sturm Graz,FK Bodø / Glimt,A. Klynge,0,0,0,0,0,0,0,0,7,0,0,0,0,1,0
169,26 Aug 2025,,jrqj1tlsc31sq3x10bkqb4lw,Szymon Marciniak,SK Sturm Graz,FK Bodø / Glimt,M. Riisnæs,0,0,0,0,1,1,0,0,5,0,0,0,0,0,0
169,26 Aug 2025,,jrqj1tlsc31sq3x10bkqb4lw,Szymon Marciniak,SK Sturm Graz,FK Bodø / Glimt,S. Auklend,0,0,0,0,0,0,0,0,2,0,0,0,0,0,0
169,26 Aug 2025,,jrqj1tlsc31sq3x10bkqb4lw,Szymon Marciniak,SK Sturm Graz,FK Bodø / Glimt,Mikkel Bro Hansen,0,0,0,0,0,0,0,0,0,0,0,0,0,0,0
67,21 Oct 2025,,54wrukg4isygsvnewwllku3o4,Davide Massa,Arsenal FC,Club Atlético de Madrid,E. Eze,0,2,0,0,0,1,0,0,20,0,0,2,0,0,0
67,21 Oct 2025,,54wrukg4isygsvnewwllku3o4,Davide Massa,Arsenal FC,Club Atlético de Madrid,David Raya,0,0,0,0,0,0,0,0,20,0,1,0,0,1,0
67,21 Oct 2025,,54wrukg4isygsvnewwllku3o4,Davide Massa,Arsenal FC,Club Atlético de Madrid,M. Lewis-Skelly,1,0,0,1,2,1,0,0,24,0,0,1,0,0,0
67,21 Oct 2025,,54wrukg4isygsvnewwllku3o4,Davide Massa,Arsenal FC,Club Atlético de Madrid,V. Gyökeres,0,0,1,2,1,4,2,0,9,0,0,3,3,0,0
67,21 Oct 2025,,54wrukg4isygsvnewwllku3o4,Davide Massa,Arsenal FC,Club Atlético de Madrid,Gabriel Martinelli,0,0,0,1,1,1,1,2,20,0,0,2,1,0,0
67,21 Oct 2025,,54wrukg4isygsvnewwllku3o4,Davide Massa,Arsenal FC,Club Atlético de Madrid,D. Rice,1,0,0,4,2,0,0,0,46,0,0,1,0,2,0
67,21 Oct 2025,,54wrukg4isygsvnewwllku3o4,Davide Massa,Arsenal FC,Club Atlético de Madrid,W. Saliba,0,0,0,0,1,0,0,0,80,0,0,0,0,1,0
67,21 Oct 2025,,54wrukg4isygsvnewwllku3o4,Davide Massa,Arsenal FC,Club Atlético de Madrid,J. Timber,0,0,2,1,3,0,0,0,47,0,0,1,1,2,0
67,21 Oct 2025,,54wrukg4isygsvnewwllku3o4,Davide Massa,Arsenal FC,Club Atlético de Madrid,Gabriel Magalhães,1,0,0,0,0,0,1,0,47,0,0,3,1,1,0
67,21 Oct 2025,,54wrukg4isygsvnewwllku3o4,Davide Massa,Arsenal FC,Club Atlético de Madrid,B. Saka,0,3,0,5,0,0,0,0,28,0,0,5,1,1,0
67,21 Oct 2025,,54wrukg4isygsvnewwllku3o4,Davide Massa,Arsenal FC,Club Atlético de Madrid,Martín Zubimendi,0,0,0,1,2,1,0,0,46,0,0,0,0,1,1
67,21 Oct 2025,,54wrukg4isygsvnewwllku3o4,Davide Massa,Arsenal FC,Club Atlético de Madrid,Cristhian Mosquera,0,0,0,0,0,0,0,0,9,0,0,0,0,0,0
67,21 Oct 2025,,54wrukg4isygsvnewwllku3o4,Davide Massa,Arsenal FC,Club Atlético de Madrid,C. Nørgaard,0,0,0,0,1,1,0,0,13,0,0,0,0,0,0
67,21 Oct 2025,,54wrukg4isygsvnewwllku3o4,Davide Massa,Arsenal FC,Club Atlético de Madrid,E. Nwaneri,0,0,0,0,0,0,0,0,3,0,0,1,1,1,0
67,21 Oct 2025,,54wrukg4isygsvnewwllku3o4,Davide Massa,Arsenal FC,Club Atlético de Madrid,Mikel Merino,0,0,0,0,1,1,0,0,6,0,0,0,0,0,0
67,21 Oct 2025,,54wrukg4isygsvnewwllku3o4,Davide Massa,Arsenal FC,Club Atlético de Madrid,B. White,0,0,0,0,0,0,0,0,3,0,0,0,0,0,0
67,21 Oct 2025,,54wrukg4isygsvnewwllku3o4,Davide Massa,Arsenal FC,Club Atlético de Madrid,Robin Le Normand,0,0,0,0,3,1,0,0,33,0,0,0,0,1,1
67,21 Oct 2025,,54wrukg4isygsvnewwllku3o4,Davide Massa,Arsenal FC,Club Atlético de Madrid,J. Giménez,0,0,0,0,1,0,0,0,28,0,0,0,0,1,1
67,21 Oct 2025,,54wrukg4isygsvnewwllku3o4,Davide Massa,Arsenal FC,Club Atlético de Madrid,Pablo Barrios,0,0,0,1,1,3,0,0,66,0,0,0,0,1,0
67,21 Oct 2025,,54wrukg4isygsvnewwllku3o4,Davide Massa,Arsenal FC,Club Atlético de Madrid,J. Alvarez,0,0,1,6,2,1,0,0,39,0,0,3,0,0,0
67,21 Oct 2025,,54wrukg4isygsvnewwllku3o4,Davide Massa,Arsenal FC,Club Atlético de Madrid,Marcos Llorente,0,0,0,2,1,1,0,0,29,0,0,0,0,2,0
67,21 Oct 2025,,54wrukg4isygsvnewwllku3o4,Davide Massa,Arsenal FC,Club Atlético de Madrid,G. Simeone,0,2,1,1,0,2,0,0,25,0,0,2,0,4,0
67,21 Oct 2025,,54wrukg4isygsvnewwllku3o4,Davide Massa,Arsenal FC,Club Atlético de Madrid,Koke,0,0,0,1,1,0,0,0,39,0,0,0,0,2,0
67,21 Oct 2025,,54wrukg4isygsvnewwllku3o4,Davide Massa,Arsenal FC,Club Atlético de Madrid,D. Hancko,0,0,0,0,0,1,0,0,30,0,0,2,0,3,0
67,21 Oct 2025,,54wrukg4isygsvnewwllku3o4,Davide Massa,Arsenal FC,Club Atlético de Madrid,J. Oblak,0,0,0,0,0,0,0,0,20,0,4,0,0,0,0
67,21 Oct 2025,,54wrukg4isygsvnewwllku3o4,Davide Massa,Arsenal FC,Club Atlético de Madrid,A. Sørloth,0,0,0,1,0,1,0,0,11,0,0,0,0,0,0
67,21 Oct 2025,,54wrukg4isygsvnewwllku3o4,Davide Massa,Arsenal FC,Club Atlético de Madrid,N. González,0,0,0,1,0,2,0,0,16,0,0,0,0,2,0
67,21 Oct 2025,,54wrukg4isygsvnewwllku3o4,Davide Massa,Arsenal FC,Club Atlético de Madrid,C. Gallagher,0,1,1,0,0,0,0,0,9,0,0,1,0,2,0
67,21 Oct 2025,,54wrukg4isygsvnewwllku3o4,Davide Massa,Arsenal FC,Club Atlético de Madrid,Álex Baena,0,1,0,2,0,0,0,0,14,0,0,1,0,0,0
67,21 Oct 2025,,54wrukg4isygsvnewwllku3o4,Davide Massa,Arsenal FC,Club Atlético de Madrid,T. Almada,0,0,0,1,1,1,0,0,16,0,0,1,1,1,0
67,21 Oct 2025,,54wrukg4isygsvnewwllku3o4,Davide Massa,Arsenal FC,Club Atlético de Madrid,A. Griezmann,0,0,0,0,0,0,0,0,13,0,0,1,0,1,0
67,21 Oct 2025,,54wrukg4isygsvnewwllku3o4,Davide Massa,Arsenal FC,Club Atlético de Madrid,M. Ruggeri,0,0,1,2,0,0,0,0,6,0,0,0,0,1,0
68,21 Oct 2025,,559m5skeluuo83bn5qad6rggk,Jesús Gil Manzano,Bayer 04 Leverkusen,Paris Saint-Germain FC,C. Echeverri,0,0,1,0,2,0,0,0,14,0,0,0,0,0,1
68,21 Oct 2025,,559m5skeluuo83bn5qad6rggk,Jesús Gil Manzano,Bayer 04 Leverkusen,Paris Saint-Germain FC,E. Tapsoba,0,0,0,0,2,1,0,0,36,0,0,0,0,3,1
68,21 Oct 2025,,559m5skeluuo83bn5qad6rggk,Jesús Gil Manzano,Bayer 04 Leverkusen,Paris Saint-Germain FC,Arthur,0,0,0,0,0,0,0,0,29,0,0,0,0,1,0
68,21 Oct 2025,,559m5skeluuo83bn5qad6rggk,Jesús Gil Manzano,Bayer 04 Leverkusen,Paris Saint-Germain FC,R. Andrich,0,0,0,0,1,0,0,0,8,1,0,0,0,2,0
68,21 Oct 2025,,559m5skeluuo83bn5qad6rggk,Jesús Gil Manzano,Bayer 04 Leverkusen,Paris Saint-Germain FC,E. Fernández,0,0,0,0,2,2,0,0,31,0,0,0,0,2,0
68,21 Oct 2025,,559m5skeluuo83bn5qad6rggk,Jesús Gil Manzano,Bayer 04 Leverkusen,Paris Saint-Germain FC,Alejandro Grimaldo,1,0,0,0,0,0,0,0,29,0,0,1,0,2,0
68,21 Oct 2025,,559m5skeluuo83bn5qad6rggk,Jesús Gil Manzano,Bayer 04 Leverkusen,Paris Saint-Germain FC,M. Flekken,0,0,0,0,0,0,0,0,24,0,1,0,0,0,0
68,21 Oct 2025,,559m5skeluuo83bn5qad6rggk,Jesús Gil Manzano,Bayer 04 Leverkusen,Paris Saint-Germain FC,Aleix García,0,0,0,1,0,0,2,0,44,0,0,2,2,0,0
68,21 Oct 2025,,559m5skeluuo83bn5qad6rggk,Jesús Gil Manzano,Bayer 04 Leverkusen,Paris Saint-Germain FC,E. Poku,0,0,1,0,0,0,0,1,9,0,0,1,0,0,0
68,21 Oct 2025,,559m5skeluuo83bn5qad6rggk,Jesús Gil Manzano,Bayer 04 Leverkusen,Paris Saint-Germain FC,L. Badé,0,0,0,0,1,0,0,0,38,0,0,0,0,3,0
68,21 Oct 2025,,559m5skeluuo83bn5qad6rggk,Jesús Gil Manzano,Bayer 04 Leverkusen,Paris Saint-Germain FC,C. Kofane,0,0,0,0,0,1,0,0,9,0,0,1,0,0,0
68,21 Oct 2025,,559m5skeluuo83bn5qad6rggk,Jesús Gil Manzano,Bayer 04 Leverkusen,Paris Saint-Germain FC,I. Maza,0,0,0,1,0,1,0,1,11,0,0,0,0,0,0
68,21 Oct 2025,,559m5skeluuo83bn5qad6rggk,Jesús Gil Manzano,Bayer 04 Leverkusen,Paris Saint-Germain FC,J. Belocian,0,0,0,0,0,0,0,0,16,0,0,0,0,0,0
68,21 Oct 2025,,559m5skeluuo83bn5qad6rggk,Jesús Gil Manzano,Bayer 04 Leverkusen,Paris Saint-Germain FC,E. Ben Seghir,0,0,0,0,0,0,0,1,13,0,0,0,0,0,0
68,21 Oct 2025,,559m5skeluuo83bn5qad6rggk,Jesús Gil Manzano,Bayer 04 Leverkusen,Paris Saint-Germain FC,J. Mensah,0,0,1,0,0,0,0,0,4,0,0,1,1,0,0
68,21 Oct 2025,,559m5skeluuo83bn5qad6rggk,Jesús Gil Manzano,Bayer 04 Leverkusen,Paris Saint-Germain FC,W. Pacho,0,0,0,0,0,0,1,0,73,0,0,1,1,1,0
68,21 Oct 2025,,559m5skeluuo83bn5qad6rggk,Jesús Gil Manzano,Bayer 04 Leverkusen,Paris Saint-Germain FC,L. Chevalier,0,0,0,0,0,0,0,0,27,0,1,0,0,0,0
68,21 Oct 2025,,559m5skeluuo83bn5qad6rggk,Jesús Gil Manzano,Bayer 04 Leverkusen,Paris Saint-Germain FC,Nuno Mendes,1,1,1,3,0,0,1,0,75,0,0,2,1,1,0
68,21 Oct 2025,,559m5skeluuo83bn5qad6rggk,Jesús Gil Manzano,Bayer 04 Leverkusen,Paris Saint-Germain FC,D. Doué,0,0,1,0,1,1,2,0,23,0,0,2,2,1,0
68,21 Oct 2025,,559m5skeluuo83bn5qad6rggk,Jesús Gil Manzano,Bayer 04 Leverkusen,Paris Saint-Germain FC,Vitinha,1,0,0,0,0,0,1,0,128,0,0,1,1,1,0
68,21 Oct 2025,,559m5skeluuo83bn5qad6rggk,Jesús Gil Manzano,Bayer 04 Leverkusen,Paris Saint-Germain FC,S. Mayulu,0,1,0,1,0,1,0,0,43,0,0,2,0,2,0
68,21 Oct 2025,,559m5skeluuo83bn5qad6rggk,Jesús Gil Manzano,Bayer 04 Leverkusen,Paris Saint-Germain FC,B. Barcola,1,2,0,0,1,0,0,0,46,0,0,3,0,3,0
68,21 Oct 2025,,559m5skeluuo83bn5qad6rggk,Jesús Gil Manzano,Bayer 04 Leverkusen,Paris Saint-Germain FC,I. Zabarnyi,0,0,0,0,2,0,0,0,23,1,0,0,0,2,1
68,21 Oct 2025,,559m5skeluuo83bn5qad6rggk,Jesús Gil Manzano,Bayer 04 Leverkusen,Paris Saint-Germain FC,K. Kvaratskhelia,1,1,0,0,1,3,1,0,35,0,0,3,1,0,0
68,21 Oct 2025,,559m5skeluuo83bn5qad6rggk,Jesús Gil Manzano,Bayer 04 Leverkusen,Paris Saint-Germain FC,W. Zaïre-Emery,0,1,0,0,1,0,0,0,57,0,0,1,0,2,0
68,21 Oct 2025,,559m5skeluuo83bn5qad6rggk,Jesús Gil Manzano,Bayer 04 Leverkusen,Paris Saint-Germain FC,A. Hakimi,1,1,2,1,0,1,0,0,96,0,0,2,0,3,0
68,21 Oct 2025,,559m5skeluuo83bn5qad6rggk,Jesús Gil Manzano,Bayer 04 Leverkusen,Paris Saint-Germain FC,L. Hernández,0,0,0,0,0,0,0,0,56,0,0,0,0,2,0
68,21 Oct 2025,,559m5skeluuo83bn5qad6rggk,Jesús Gil Manzano,Bayer 04 Leverkusen,Paris Saint-Germain FC,Lee Kang-In,0,0,0,0,0,0,0,0,41,0,0,0,0,1,0
68,21 Oct 2025,,559m5skeluuo83bn5qad6rggk,Jesús Gil Manzano,Bayer 04 Leverkusen,Paris Saint-Germain FC,O. Dembélé,0,1,0,0,0,1,1,0,31,0,0,3,1,0,0
68,21 Oct 2025,,559m5skeluuo83bn5qad6rggk,Jesús Gil Manzano,Bayer 04 Leverkusen,Paris Saint-Germain FC,I. Mbaye,0,2,0,1,0,1,0,0,12,0,0,2,0,1,0
68,21 Oct 2025,,559m5skeluuo83bn5qad6rggk,Jesús Gil Manzano,Bayer 04 Leverkusen,Paris Saint-Germain FC,Q. Ndjantou,0,1,0,0,0,0,0,0,11,0,0,2,1,0,0
69,21 Oct 2025,,55osvvn2rt4yh5rcx8dwf8gt0,Danny Desmond Makkelie,FC København,BV Borussia 09 Dortmund,Y. Moukoko,0,1,1,0,1,3,0,0,19,0,0,3,2,4,0
69,21 Oct 2025,,55osvvn2rt4yh5rcx8dwf8gt0,Danny Desmond Makkelie,FC København,BV Borussia 09 Dortmund,D. Kotarski,0,0,0,0,0,0,0,0,21,0,1,0,0,0,0
69,21 Oct 2025,,55osvvn2rt4yh5rcx8dwf8gt0,Danny Desmond Makkelie,FC København,BV Borussia 09 Dortmund,V. Claesson,0,0,1,0,2,1,0,0,32,0,0,1,1,1,0
69,21 Oct 2025,,55osvvn2rt4yh5rcx8dwf8gt0,Danny Desmond Makkelie,FC København,BV Borussia 09 Dortmund,B. Meling,0,0,0,0,1,0,0,0,25,0,0,0,0,1,0
69,21 Oct 2025,,55osvvn2rt4yh5rcx8dwf8gt0,Danny Desmond Makkelie,FC København,BV Borussia 09 Dortmund,E. Achouri,0,1,0,2,0,1,0,0,30,0,0,1,0,2,0
69,21 Oct 2025,,55osvvn2rt4yh5rcx8dwf8gt0,Danny Desmond Makkelie,FC København,BV Borussia 09 Dortmund,L. Lerager,0,0,0,0,3,0,0,0,29,0,0,1,0,3,1
69,21 Oct 2025,,55osvvn2rt4yh5rcx8dwf8gt0,Danny Desmond Makkelie,FC København,BV Borussia 09 Dortmund,W. Clem,0,1,1,0,0,0,0,0,32,0,0,1,0,0,0
69,21 Oct 2025,,55osvvn2rt4yh5rcx8dwf8gt0,Danny Desmond Makkelie,FC København,BV Borussia 09 Dortmund,P. Hatzidiakos,0,0,0,0,1,0,0,0,37,0,0,0,0,0,0
69,21 Oct 2025,,55osvvn2rt4yh5rcx8dwf8gt0,Danny Desmond Makkelie,FC København,BV Borussia 09 Dortmund,Gabriel Pereira,0,0,0,0,1,0,0,0,42,0,0,0,0,0,0
69,21 Oct 2025,,55osvvn2rt4yh5rcx8dwf8gt0,Danny Desmond Makkelie,FC København,BV Borussia 09 Dortmund,J. Suzuki,1,0,0,1,0,1,0,0,35,0,0,1,0,0,0
69,21 Oct 2025,,55osvvn2rt4yh5rcx8dwf8gt0,Danny Desmond Makkelie,FC København,BV Borussia 09 Dortmund,J. Larsson,0,1,1,4,0,1,0,0,22,0,0,2,0,0,0
69,21 Oct 2025,,55osvvn2rt4yh5rcx8dwf8gt0,Danny Desmond Makkelie,FC København,BV Borussia 09 Dortmund,M. López,0,0,0,0,0,0,0,0,8,0,0,0,0,3,0
69,21 Oct 2025,,55osvvn2rt4yh5rcx8dwf8gt0,Danny Desmond Makkelie,FC København,BV Borussia 09 Dortmund,M. Garan'anga,0,0,0,0,0,0,0,0,5,0,0,0,0,1,0
69,21 Oct 2025,,55osvvn2rt4yh5rcx8dwf8gt0,Danny Desmond Makkelie,FC København,BV Borussia 09 Dortmund,V. Daðason,0,0,0,0,0,0,1,0,1,0,0,1,1,1,0
69,21 Oct 2025,,55osvvn2rt4yh5rcx8dwf8gt0,Danny Desmond Makkelie,FC København,BV Borussia 09 Dortmund,M. Madsen,0,0,0,0,0,0,0,0,7,0,0,0,0,0,0
69,21 Oct 2025,,55osvvn2rt4yh5rcx8dwf8gt0,Danny Desmond Makkelie,FC København,BV Borussia 09 Dortmund,Y. Zague,0,0,0,0,1,0,0,0,2,0,0,0,0,2,1
69,21 Oct 2025,,55osvvn2rt4yh5rcx8dwf8gt0,Danny Desmond Makkelie,FC København,BV Borussia 09 Dortmund,W. Anton,0,0,0,2,0,0,0,0,112,0,0,0,0,2,0
69,21 Oct 2025,,55osvvn2rt4yh5rcx8dwf8gt0,Danny Desmond Makkelie,FC København,BV Borussia 09 Dortmund,J. Brandt,0,0,0,1,0,0,0,0,34,0,0,0,0,0,0
69,21 Oct 2025,,55osvvn2rt4yh5rcx8dwf8gt0,Danny Desmond Makkelie,FC København,BV Borussia 09 Dortmund,N. Schlotterbeck,0,0,0,3,1,0,0,0,105,0,0,0,0,3,0
69,21 Oct 2025,,55osvvn2rt4yh5rcx8dwf8gt0,Danny Desmond Makkelie,FC København,BV Borussia 09 Dortmund,S. Guirassy,0,0,0,0,0,3,0,0,20,0,0,1,0,0,0
69,21 Oct 2025,,55osvvn2rt4yh5rcx8dwf8gt0,Danny Desmond Makkelie,FC København,BV Borussia 09 Dortmund,Yan Couto,0,0,3,7,2,1,0,0,46,0,0,0,0,0,0
69,21 Oct 2025,,55osvvn2rt4yh5rcx8dwf8gt0,Danny Desmond Makkelie,FC København,BV Borussia 09 Dortmund,G. Kobel,0,0,0,0,0,0,0,0,31,0,3,0,0,0,0
69,21 Oct 2025,,55osvvn2rt4yh5rcx8dwf8gt0,Danny Desmond Makkelie,FC København,BV Borussia 09 Dortmund,F. Nmecha,0,1,0,0,0,1,2,0,59,0,0,3,2,0,0
69,21 Oct 2025,,55osvvn2rt4yh5rcx8dwf8gt0,Danny Desmond Makkelie,FC København,BV Borussia 09 Dortmund,R. Bensebaini,0,0,0,0,1,2,1,0,72,0,0,1,1,3,1
69,21 Oct 2025,,55osvvn2rt4yh5rcx8dwf8gt0,Danny Desmond Makkelie,FC København,BV Borussia 09 Dortmund,D. Svensson,0,0,0,4,0,1,0,0,42,0,0,0,0,1,0
69,21 Oct 2025,,55osvvn2rt4yh5rcx8dwf8gt0,Danny Desmond Makkelie,FC København,BV Borussia 09 Dortmund,M. Beier,0,0,1,0,2,0,0,0,11,0,0,1,0,1,0
69,21 Oct 2025,,55osvvn2rt4yh5rcx8dwf8gt0,Danny Desmond Makkelie,FC København,BV Borussia 09 Dortmund,J. Bellingham,2,0,1,0,0,0,0,0,46,0,0,1,1,2,0
69,21 Oct 2025,,55osvvn2rt4yh5rcx8dwf8gt0,Danny Desmond Makkelie,FC København,BV Borussia 09 Dortmund,Fábio Silva,0,0,0,0,1,0,1,0,7,0,0,1,1,0,0
69,21 Oct 2025,,55osvvn2rt4yh5rcx8dwf8gt0,Danny Desmond Makkelie,FC København,BV Borussia 09 Dortmund,J. Ryerson,0,0,0,3,0,1,0,0,14,0,0,0,0,1,0
69,21 Oct 2025,,55osvvn2rt4yh5rcx8dwf8gt0,Danny Desmond Makkelie,FC København,BV Borussia 09 Dortmund,C. Chukwuemeka,1,1,2,0,0,0,0,0,7,0,0,1,0,0,0
69,21 Oct 2025,,55osvvn2rt4yh5rcx8dwf8gt0,Danny Desmond Makkelie,FC København,BV Borussia 09 Dortmund,M. Sabitzer,0,0,0,0,0,1,0,0,6,0,0,0,0,1,0
69,21 Oct 2025,,55osvvn2rt4yh5rcx8dwf8gt0,Danny Desmond Makkelie,FC København,BV Borussia 09 Dortmund,A. Anselmino,0,0,0,0,0,0,0,0,6,0,0,0,0,0,0
70,21 Oct 2025,,562r0ddozxsa83y9l1wfm74t0,Szymon Marciniak,Newcastle United FC,SL Benfica,D. Burn,0,1,1,0,3,0,0,0,31,0,0,3,2,2,0
70,21 Oct 2025,,562r0ddozxsa83y9l1wfm74t0,Szymon Marciniak,Newcastle United FC,SL Benfica,S. Botman,0,0,0,0,1,1,0,0,62,0,0,1,1,1,0
70,21 Oct 2025,,562r0ddozxsa83y9l1wfm74t0,Szymon Marciniak,Newcastle United FC,SL Benfica,N. Pope,1,0,0,0,0,0,0,0,22,0,2,0,0,0,0
70,21 Oct 2025,,562r0ddozxsa83y9l1wfm74t0,Szymon Marciniak,Newcastle United FC,SL Benfica,M. Thiaw,0,0,0,0,1,0,0,0,58,0,0,0,0,0,1
70,21 Oct 2025,,562r0ddozxsa83y9l1wfm74t0,Szymon Marciniak,Newcastle United FC,SL Benfica,J. Murphy,1,0,2,1,0,0,0,0,15,0,0,3,2,0,0
70,21 Oct 2025,,562r0ddozxsa83y9l1wfm74t0,Szymon Marciniak,Newcastle United FC,SL Benfica,Bruno Guimarães,0,0,3,0,3,2,0,1,37,0,0,1,1,0,0
70,21 Oct 2025,,562r0ddozxsa83y9l1wfm74t0,Szymon Marciniak,Newcastle United FC,SL Benfica,N. Woltemade,0,1,1,0,0,0,0,0,15,0,0,1,0,0,0
70,21 Oct 2025,,562r0ddozxsa83y9l1wfm74t0,Szymon Marciniak,Newcastle United FC,SL Benfica,J. Ramsey,0,0,0,0,2,1,0,0,19,0,0,0,0,2,0
70,21 Oct 2025,,562r0ddozxsa83y9l1wfm74t0,Szymon Marciniak,Newcastle United FC,SL Benfica,K. Trippier,0,0,0,11,1,0,0,0,64,0,0,0,0,3,0
70,21 Oct 2025,,562r0ddozxsa83y9l1wfm74t0,Szymon Marciniak,Newcastle United FC,SL Benfica,L. Miley,0,1,0,0,1,0,0,0,41,0,0,2,0,2,0
70,21 Oct 2025,,562r0ddozxsa83y9l1wfm74t0,Szymon Marciniak,Newcastle United FC,SL Benfica,A. Gordon,1,2,3,4,1,3,1,0,35,0,0,4,1,3,0
70,21 Oct 2025,,562r0ddozxsa83y9l1wfm74t0,Szymon Marciniak,Newcastle United FC,SL Benfica,Joelinton,0,0,1,0,2,0,0,0,9,0,0,1,1,1,0
70,21 Oct 2025,,562r0ddozxsa83y9l1wfm74t0,Szymon Marciniak,Newcastle United FC,SL Benfica,H. Barnes,0,0,0,1,1,0,2,1,5,0,0,2,2,0,0
70,21 Oct 2025,,562r0ddozxsa83y9l1wfm74t0,Szymon Marciniak,Newcastle United FC,SL Benfica,A. Elanga,0,0,1,3,0,0,0,0,2,0,0,0,0,0,0
70,21 Oct 2025,,562r0ddozxsa83y9l1wfm74t0,Szymon Marciniak,Newcastle United FC,SL Benfica,J. Willock,0,0,0,0,0,0,0,0,1,0,0,1,0,0,0
70,21 Oct 2025,,562r0ddozxsa83y9l1wfm74t0,Szymon Marciniak,Newcastle United FC,SL Benfica,W. Osula,0,0,0,0,0,0,0,0,1,0,0,0,0,0,0
70,21 Oct 2025,,562r0ddozxsa83y9l1wfm74t0,Szymon Marciniak,Newcastle United FC,SL Benfica,V. Pavlidis,0,0,1,1,1,2,0,0,20,0,0,1,0,2,0
70,21 Oct 2025,,562r0ddozxsa83y9l1wfm74t0,Szymon Marciniak,Newcastle United FC,SL Benfica,E. Barrenechea,0,0,0,0,2,3,0,0,66,0,0,1,0,6,0
70,21 Oct 2025,,562r0ddozxsa83y9l1wfm74t0,Szymon Marciniak,Newcastle United FC,SL Benfica,António Silva,0,0,0,0,0,0,0,0,45,0,0,0,0,0,0
70,21 Oct 2025,,562r0ddozxsa83y9l1wfm74t0,Szymon Marciniak,Newcastle United FC,SL Benfica,D. Lukébakio,0,1,3,7,1,3,0,0,26,0,0,4,2,2,1
70,21 Oct 2025,,562r0ddozxsa83y9l1wfm74t0,Szymon Marciniak,Newcastle United FC,SL Benfica,N. Otamendi,0,0,0,0,0,0,0,0,55,0,0,0,0,1,0
70,21 Oct 2025,,562r0ddozxsa83y9l1wfm74t0,Szymon Marciniak,Newcastle United FC,SL Benfica,F. Aursnes,0,0,0,1,0,0,0,0,29,0,0,0,0,1,0
70,21 Oct 2025,,562r0ddozxsa83y9l1wfm74t0,Szymon Marciniak,Newcastle United FC,SL Benfica,H. Sudakov,0,1,3,5,0,2,0,0,35,0,0,1,0,0,0
70,21 Oct 2025,,562r0ddozxsa83y9l1wfm74t0,Szymon Marciniak,Newcastle United FC,SL Benfica,R. Ríos,0,0,1,1,1,2,0,0,37,0,0,0,0,2,0
70,21 Oct 2025,,562r0ddozxsa83y9l1wfm74t0,Szymon Marciniak,Newcastle United FC,SL Benfica,A. Dedić,0,0,0,0,2,1,0,0,18,0,0,0,0,1,0
70,21 Oct 2025,,562r0ddozxsa83y9l1wfm74t0,Szymon Marciniak,Newcastle United FC,SL Benfica,Tomás Araújo,0,0,0,0,0,0,0,0,31,0,0,0,0,1,0
70,21 Oct 2025,,562r0ddozxsa83y9l1wfm74t0,Szymon Marciniak,Newcastle United FC,SL Benfica,A. Trubin,0,0,0,0,0,2,0,0,23,0,7,0,0,0,0
70,21 Oct 2025,,562r0ddozxsa83y9l1wfm74t0,Szymon Marciniak,Newcastle United FC,SL Benfica,F. Ivanović,0,0,0,1,0,1,0,1,3,0,0,0,0,0,0
71,21 Oct 2025,,56flul4umnrjdekx5ny22y7tg,Daniel Siebert,PSV Eindhoven,SSC Napoli,J. Veerman,1,0,0,5,1,0,0,0,70,0,0,0,0,1,1
71,21 Oct 2025,,56flul4umnrjdekx5ny22y7tg,Daniel Siebert,PSV Eindhoven,SSC Napoli,J. Schouten,0,0,0,0,0,0,0,0,68,0,0,1,0,2,0
71,21 Oct 2025,,56flul4umnrjdekx5ny22y7tg,Daniel Siebert,PSV Eindhoven,SSC Napoli,A. Salah-Eddine,0,1,0,0,3,2,0,0,35,0,0,1,0,2,0
71,21 Oct 2025,,56flul4umnrjdekx5ny22y7tg,Daniel Siebert,PSV Eindhoven,SSC Napoli,Yarek Gąsiorowski,0,0,0,0,1,0,0,0,24,0,0,0,0,1,1
71,21 Oct 2025,,56flul4umnrjdekx5ny22y7tg,Daniel Siebert,PSV Eindhoven,SSC Napoli,R. Flamingo,0,0,0,2,0,0,0,0,45,0,0,1,0,0,0
71,21 Oct 2025,,56flul4umnrjdekx5ny22y7tg,Daniel Siebert,PSV Eindhoven,SSC Napoli,D. Man,0,1,2,0,0,1,2,0,35,0,0,4,3,1,0
71,21 Oct 2025,,56flul4umnrjdekx5ny22y7tg,Daniel Siebert,PSV Eindhoven,SSC Napoli,Mauro Júnior,1,1,0,1,1,0,0,0,50,0,0,2,1,0,0
71,21 Oct 2025,,56flul4umnrjdekx5ny22y7tg,Daniel Siebert,PSV Eindhoven,SSC Napoli,M. Kovář,0,0,0,0,0,0,0,0,40,0,0,0,0,0,0
71,21 Oct 2025,,56flul4umnrjdekx5ny22y7tg,Daniel Siebert,PSV Eindhoven,SSC Napoli,I. Saibari,0,0,1,0,1,2,1,2,38,0,0,2,1,3,1
71,21 Oct 2025,,56flul4umnrjdekx5ny22y7tg,Daniel Siebert,PSV Eindhoven,SSC Napoli,I. Perišić,0,1,1,5,1,1,0,0,35,0,0,2,0,1,0
71,21 Oct 2025,,56flul4umnrjdekx5ny22y7tg,Daniel Siebert,PSV Eindhoven,SSC Napoli,G. Til,1,0,0,0,2,1,0,0,18,0,0,3,0,0,0
71,21 Oct 2025,,56flul4umnrjdekx5ny22y7tg,Daniel Siebert,PSV Eindhoven,SSC Napoli,A. Obispo,0,0,0,0,1,1,0,0,39,0,0,0,0,1,0
71,21 Oct 2025,,56flul4umnrjdekx5ny22y7tg,Daniel Siebert,PSV Eindhoven,SSC Napoli,S. Dest,0,0,0,0,0,0,0,0,7,0,0,0,0,1,0
71,21 Oct 2025,,56flul4umnrjdekx5ny22y7tg,Daniel Siebert,PSV Eindhoven,SSC Napoli,C. Driouech,1,0,0,0,0,0,1,0,8,0,0,1,1,0,1
71,21 Oct 2025,,56flul4umnrjdekx5ny22y7tg,Daniel Siebert,PSV Eindhoven,SSC Napoli,R. Pepi,1,0,0,0,0,0,1,0,3,0,0,2,2,0,0
71,21 Oct 2025,,56flul4umnrjdekx5ny22y7tg,Daniel Siebert,PSV Eindhoven,SSC Napoli,P. Wanner,0,0,0,0,0,0,0,0,1,0,0,0,0,0,0
71,21 Oct 2025,,56flul4umnrjdekx5ny22y7tg,Daniel Siebert,PSV Eindhoven,SSC Napoli,A. Buongiorno,0,0,0,0,3,0,0,0,41,0,0,0,0,1,0
71,21 Oct 2025,,56flul4umnrjdekx5ny22y7tg,Daniel Siebert,PSV Eindhoven,SSC Napoli,L. Spinazzola,1,0,1,4,1,0,0,0,17,0,0,1,0,0,1
71,21 Oct 2025,,56flul4umnrjdekx5ny22y7tg,Daniel Siebert,PSV Eindhoven,SSC Napoli,S. McTominay,0,1,0,3,0,2,2,0,24,0,0,3,2,0,0
71,21 Oct 2025,,56flul4umnrjdekx5ny22y7tg,Daniel Siebert,PSV Eindhoven,SSC Napoli,M. Politano,0,0,4,10,1,2,0,0,22,0,0,1,0,0,0
71,21 Oct 2025,,56flul4umnrjdekx5ny22y7tg,Daniel Siebert,PSV Eindhoven,SSC Napoli,G. Di Lorenzo,0,0,0,1,0,2,0,0,40,0,0,0,0,0,0
71,21 Oct 2025,,56flul4umnrjdekx5ny22y7tg,Daniel Siebert,PSV Eindhoven,SSC Napoli,S. Beukema,0,0,0,0,1,0,0,0,32,0,0,0,0,0,0
71,21 Oct 2025,,56flul4umnrjdekx5ny22y7tg,Daniel Siebert,PSV Eindhoven,SSC Napoli,B. Gilmour,0,0,0,0,1,0,0,0,43,0,0,0,0,0,0
71,21 Oct 2025,,56flul4umnrjdekx5ny22y7tg,Daniel Siebert,PSV Eindhoven,SSC Napoli,L. Lucca,0,0,0,0,1,2,0,0,13,1,0,2,0,0,0
71,21 Oct 2025,,56flul4umnrjdekx5ny22y7tg,Daniel Siebert,PSV Eindhoven,SSC Napoli,V. Milinković-Savić,0,0,0,0,0,0,0,0,34,0,3,0,0,0,0
71,21 Oct 2025,,56flul4umnrjdekx5ny22y7tg,Daniel Siebert,PSV Eindhoven,SSC Napoli,F. Anguissa,0,0,1,0,1,2,0,1,29,0,0,0,0,1,0
71,21 Oct 2025,,56flul4umnrjdekx5ny22y7tg,Daniel Siebert,PSV Eindhoven,SSC Napoli,K. De Bruyne,0,0,1,0,0,1,0,0,25,0,0,1,0,2,0
71,21 Oct 2025,,56flul4umnrjdekx5ny22y7tg,Daniel Siebert,PSV Eindhoven,SSC Napoli,Juan Jesus,0,0,0,0,0,0,0,0,9,0,0,0,0,2,0
71,21 Oct 2025,,56flul4umnrjdekx5ny22y7tg,Daniel Siebert,PSV Eindhoven,SSC Napoli,Miguel Gutiérrez,0,0,0,0,0,0,0,0,8,0,0,0,0,0,0
71,21 Oct 2025,,56flul4umnrjdekx5ny22y7tg,Daniel Siebert,PSV Eindhoven,SSC Napoli,N. Lang,0,1,0,0,0,0,0,0,8,0,0,2,0,3,0
71,21 Oct 2025,,56flul4umnrjdekx5ny22y7tg,Daniel Siebert,PSV Eindhoven,SSC Napoli,David Neres,1,0,1,1,0,0,0,0,5,0,0,0,0,1,0
71,21 Oct 2025,,56flul4umnrjdekx5ny22y7tg,Daniel Siebert,PSV Eindhoven,SSC Napoli,E. Elmas,0,0,0,0,0,0,0,0,4,0,0,0,0,0,0
72,21 Oct 2025,,56sbokbrbftomg93nof38dvro,Glenn Nyberg,Royale Union Saint-Gilloise,FC Internazionale Milano,M. Rasmussen,0,0,1,1,0,0,0,0,16,0,0,1,1,0,0
72,21 Oct 2025,,56sbokbrbftomg93nof38dvro,Glenn Nyberg,Royale Union Saint-Gilloise,FC Internazionale Milano,K. Scherpen,0,0,0,0,0,0,0,0,25,0,3,0,0,0,0
72,21 Oct 2025,,56sbokbrbftomg93nof38dvro,Glenn Nyberg,Royale Union Saint-Gilloise,FC Internazionale Milano,P. David,0,2,2,1,0,2,0,0,6,0,0,5,2,0,0
72,21 Oct 2025,,56sbokbrbftomg93nof38dvro,Glenn Nyberg,Royale Union Saint-Gilloise,FC Internazionale Milano,F. Leysen,0,0,0,0,0,1,0,0,38,0,0,0,0,4,0
72,21 Oct 2025,,56sbokbrbftomg93nof38dvro,Glenn Nyberg,Royale Union Saint-Gilloise,FC Internazionale Milano,A. Khalaili,0,0,0,2,1,0,0,0,23,0,0,1,0,1,0
72,21 Oct 2025,,56sbokbrbftomg93nof38dvro,Glenn Nyberg,Royale Union Saint-Gilloise,FC Internazionale Milano,K. Mac Allister,0,0,0,0,3,0,0,0,19,0,0,0,0,4,0
72,21 Oct 2025,,56sbokbrbftomg93nof38dvro,Glenn Nyberg,Royale Union Saint-Gilloise,FC Internazionale Milano,C. Burgess,0,0,0,0,1,0,0,1,33,0,0,1,1,3,0
72,21 Oct 2025,,56sbokbrbftomg93nof38dvro,Glenn Nyberg,Royale Union Saint-Gilloise,FC Internazionale Milano,O. Niang,0,1,0,1,3,0,0,0,16,0,0,2,0,3,0
72,21 Oct 2025,,56sbokbrbftomg93nof38dvro,Glenn Nyberg,Royale Union Saint-Gilloise,FC Internazionale Milano,A. Zorgane,0,1,0,0,1,0,0,0,44,0,0,1,0,3,0
72,21 Oct 2025,,56sbokbrbftomg93nof38dvro,Glenn Nyberg,Royale Union Saint-Gilloise,FC Internazionale Milano,K. Van de Perre,0,0,0,1,4,1,0,0,35,0,0,1,0,3,0
72,21 Oct 2025,,56sbokbrbftomg93nof38dvro,Glenn Nyberg,Royale Union Saint-Gilloise,FC Internazionale Milano,A. Ait El Hadj,0,0,0,2,0,0,0,0,15,0,0,1,1,0,0
72,21 Oct 2025,,56sbokbrbftomg93nof38dvro,Glenn Nyberg,Royale Union Saint-Gilloise,FC Internazionale Milano,R. Florucz,0,0,0,0,0,1,0,1,4,0,0,1,1,2,0
72,21 Oct 2025,,56sbokbrbftomg93nof38dvro,Glenn Nyberg,Royale Union Saint-Gilloise,FC Internazionale Milano,K. Rodríguez,0,0,0,0,0,0,0,2,4,0,0,0,0,1,0
72,21 Oct 2025,,56sbokbrbftomg93nof38dvro,Glenn Nyberg,Royale Union Saint-Gilloise,FC Internazionale Milano,M. Giger,0,1,0,0,1,0,0,0,8,0,0,1,0,0,0
72,21 Oct 2025,,56sbokbrbftomg93nof38dvro,Glenn Nyberg,Royale Union Saint-Gilloise,FC Internazionale Milano,L. Patris,0,0,0,0,0,0,0,0,5,0,0,0,0,1,0
72,21 Oct 2025,,56sbokbrbftomg93nof38dvro,Glenn Nyberg,Royale Union Saint-Gilloise,FC Internazionale Milano,R. Schoofs,0,0,0,0,1,0,0,0,2,0,0,0,0,1,1
72,21 Oct 2025,,56sbokbrbftomg93nof38dvro,Glenn Nyberg,Royale Union Saint-Gilloise,FC Internazionale Milano,Y. Bisseck,1,0,0,0,0,0,0,0,99,0,0,1,0,4,0
72,21 Oct 2025,,56sbokbrbftomg93nof38dvro,Glenn Nyberg,Royale Union Saint-Gilloise,FC Internazionale Milano,F. Esposito,1,0,1,0,2,1,1,0,27,0,0,4,1,0,0
72,21 Oct 2025,,56sbokbrbftomg93nof38dvro,Glenn Nyberg,Royale Union Saint-Gilloise,FC Internazionale Milano,L. Martínez,0,2,2,1,0,0,1,0,22,0,0,5,2,2,0
72,21 Oct 2025,,56sbokbrbftomg93nof38dvro,Glenn Nyberg,Royale Union Saint-Gilloise,FC Internazionale Milano,D. Dumfries,0,1,1,5,0,3,1,0,28,0,0,3,1,3,0
72,21 Oct 2025,,56sbokbrbftomg93nof38dvro,Glenn Nyberg,Royale Union Saint-Gilloise,FC Internazionale Milano,H. Çalhanoğlu,0,1,0,4,1,1,1,0,75,0,0,3,2,0,0
72,21 Oct 2025,,56sbokbrbftomg93nof38dvro,Glenn Nyberg,Royale Union Saint-Gilloise,FC Internazionale Milano,D. Frattesi,0,0,0,0,0,2,0,0,33,0,0,2,1,1,0
72,21 Oct 2025,,56sbokbrbftomg93nof38dvro,Glenn Nyberg,Royale Union Saint-Gilloise,FC Internazionale Milano,S. de Vrij,0,0,0,0,2,0,0,0,46,0,0,0,0,0,1
72,21 Oct 2025,,56sbokbrbftomg93nof38dvro,Glenn Nyberg,Royale Union Saint-Gilloise,FC Internazionale Milano,A. Bastoni,0,0,0,4,0,1,0,0,54,0,0,0,0,2,0
72,21 Oct 2025,,56sbokbrbftomg93nof38dvro,Glenn Nyberg,Royale Union Saint-Gilloise,FC Internazionale Milano,Carlos Augusto,0,0,0,3,1,1,0,0,80,0,0,1,0,2,0
72,21 Oct 2025,,56sbokbrbftomg93nof38dvro,Glenn Nyberg,Royale Union Saint-Gilloise,FC Internazionale Milano,P. Zieliński,0,0,0,1,0,1,0,0,62,0,0,0,0,0,0
72,21 Oct 2025,,56sbokbrbftomg93nof38dvro,Glenn Nyberg,Royale Union Saint-Gilloise,FC Internazionale Milano,Y. Sommer,0,0,0,0,0,0,0,0,27,0,5,0,0,0,0
72,21 Oct 2025,,56sbokbrbftomg93nof38dvro,Glenn Nyberg,Royale Union Saint-Gilloise,FC Internazionale Milano,M. Akanji,0,0,0,1,0,1,0,0,35,0,0,0,0,1,0
72,21 Oct 2025,,56sbokbrbftomg93nof38dvro,Glenn Nyberg,Royale Union Saint-Gilloise,FC Internazionale Milano,F. Dimarco,0,0,0,4,0,0,0,0,35,0,0,2,0,3,0
72,21 Oct 2025,,56sbokbrbftomg93nof38dvro,Glenn Nyberg,Royale Union Saint-Gilloise,FC Internazionale Milano,P. Sučić,0,0,0,0,0,1,0,0,28,0,0,0,0,1,0
72,21 Oct 2025,,56sbokbrbftomg93nof38dvro,Glenn Nyberg,Royale Union Saint-Gilloise,FC Internazionale Milano,A. Bonny,1,0,0,0,0,1,0,0,13,0,0,0,0,1,0
72,21 Oct 2025,,56sbokbrbftomg93nof38dvro,Glenn Nyberg,Royale Union Saint-Gilloise,FC Internazionale Milano,Luis Henrique,0,0,0,1,0,1,0,0,9,0,0,0,0,1,0
73,21 Oct 2025,,574tgvqb4oyjvuwcmqqar4kyc,Serdar Gözübüyük,Villarreal CF,Manchester City FC,Santi Comesaña,0,0,0,0,2,0,0,0,21,0,0,1,1,0,0
73,21 Oct 2025,,574tgvqb4oyjvuwcmqqar4kyc,Serdar Gözübüyük,Villarreal CF,Manchester City FC,J. Foyth,0,0,0,0,0,1,0,0,42,0,0,1,0,2,0
73,21 Oct 2025,,574tgvqb4oyjvuwcmqqar4kyc,Serdar Gözübüyük,Villarreal CF,Manchester City FC,T. Partey,0,0,1,1,0,0,0,0,40,0,0,0,0,3,0
73,21 Oct 2025,,574tgvqb4oyjvuwcmqqar4kyc,Serdar Gözübüyük,Villarreal CF,Manchester City FC,Luíz Júnior,0,0,0,0,0,1,0,0,21,0,5,0,0,0,0
73,21 Oct 2025,,574tgvqb4oyjvuwcmqqar4kyc,Serdar Gözübüyük,Villarreal CF,Manchester City FC,S. Mouriño,0,0,0,1,4,4,0,0,32,0,0,1,0,6,1
73,21 Oct 2025,,574tgvqb4oyjvuwcmqqar4kyc,Serdar Gözübüyük,Villarreal CF,Manchester City FC,N. Pépé,0,0,0,2,2,1,0,0,25,0,0,2,0,1,0
73,21 Oct 2025,,574tgvqb4oyjvuwcmqqar4kyc,Serdar Gözübüyük,Villarreal CF,Manchester City FC,Renato Veiga,0,0,0,1,0,0,0,0,41,0,0,0,0,2,0
73,21 Oct 2025,,574tgvqb4oyjvuwcmqqar4kyc,Serdar Gözübüyük,Villarreal CF,Manchester City FC,P. Gueye,0,0,0,0,1,3,0,0,49,0,0,2,1,0,1
73,21 Oct 2025,,574tgvqb4oyjvuwcmqqar4kyc,Serdar Gözübüyük,Villarreal CF,Manchester City FC,Alfonso Pedraza,0,0,0,2,2,0,0,0,18,0,0,0,0,0,1
73,21 Oct 2025,,574tgvqb4oyjvuwcmqqar4kyc,Serdar Gözübüyük,Villarreal CF,Manchester City FC,T. Buchanan,0,0,0,2,2,0,0,0,9,0,0,0,0,0,0
73,21 Oct 2025,,574tgvqb4oyjvuwcmqqar4kyc,Serdar Gözübüyük,Villarreal CF,Manchester City FC,G. Mikautadze,0,0,0,0,0,0,0,0,6,0,0,0,0,2,0
73,21 Oct 2025,,574tgvqb4oyjvuwcmqqar4kyc,Serdar Gözübüyük,Villarreal CF,Manchester City FC,Sergi Cardona,0,0,0,5,1,2,0,0,16,0,0,0,0,1,0
73,21 Oct 2025,,574tgvqb4oyjvuwcmqqar4kyc,Serdar Gözübüyük,Villarreal CF,Manchester City FC,Alberto Moleiro,0,1,0,1,1,0,0,0,3,0,0,1,0,0,1
73,21 Oct 2025,,574tgvqb4oyjvuwcmqqar4kyc,Serdar Gözübüyük,Villarreal CF,Manchester City FC,T. Oluwaseyi,0,1,0,0,1,0,0,0,4,0,0,2,0,0,0
73,21 Oct 2025,,574tgvqb4oyjvuwcmqqar4kyc,Serdar Gözübüyük,Villarreal CF,Manchester City FC,Ayoze Pérez,0,0,0,0,1,1,0,0,3,0,0,1,0,0,0
73,21 Oct 2025,,574tgvqb4oyjvuwcmqqar4kyc,Serdar Gözübüyük,Villarreal CF,Manchester City FC,Dani Parejo,0,0,0,0,0,1,0,0,5,0,0,0,0,0,0
73,21 Oct 2025,,574tgvqb4oyjvuwcmqqar4kyc,Serdar Gözübüyük,Villarreal CF,Manchester City FC,E. Haaland,0,0,1,0,2,0,1,0,5,0,0,4,3,0,0
73,21 Oct 2025,,574tgvqb4oyjvuwcmqqar4kyc,Serdar Gözübüyük,Villarreal CF,Manchester City FC,Rúben Dias,0,0,0,0,1,0,0,0,117,0,0,0,0,1,1
73,21 Oct 2025,,574tgvqb4oyjvuwcmqqar4kyc,Serdar Gözübüyük,Villarreal CF,Manchester City FC,Matheus Nunes,0,0,0,1,1,3,0,0,99,0,0,0,0,1,0
73,21 Oct 2025,,574tgvqb4oyjvuwcmqqar4kyc,Serdar Gözübüyük,Villarreal CF,Manchester City FC,J. Gvardiol,0,0,0,0,1,1,0,0,78,0,0,0,0,2,0
73,21 Oct 2025,,574tgvqb4oyjvuwcmqqar4kyc,Serdar Gözübüyük,Villarreal CF,Manchester City FC,J. Doku,0,0,0,0,1,5,0,0,18,0,0,2,2,1,0
73,21 Oct 2025,,574tgvqb4oyjvuwcmqqar4kyc,Serdar Gözübüyük,Villarreal CF,Manchester City FC,Savinho,1,0,1,3,1,0,0,0,43,0,0,1,1,1,0
73,21 Oct 2025,,574tgvqb4oyjvuwcmqqar4kyc,Serdar Gözübüyük,Villarreal CF,Manchester City FC,Bernardo Silva,0,0,0,7,1,0,1,0,67,0,0,1,1,2,1
73,21 Oct 2025,,574tgvqb4oyjvuwcmqqar4kyc,Serdar Gözübüyük,Villarreal CF,Manchester City FC,Nico González,0,0,0,0,1,0,0,0,56,0,0,0,0,1,0
73,21 Oct 2025,,574tgvqb4oyjvuwcmqqar4kyc,Serdar Gözübüyük,Villarreal CF,Manchester City FC,R. Lewis,1,1,0,1,2,0,0,0,20,0,0,1,0,1,0
73,21 Oct 2025,,574tgvqb4oyjvuwcmqqar4kyc,Serdar Gözübüyük,Villarreal CF,Manchester City FC,J. Stones,0,0,0,0,0,2,0,0,75,0,0,0,0,2,0
73,21 Oct 2025,,574tgvqb4oyjvuwcmqqar4kyc,Serdar Gözübüyük,Villarreal CF,Manchester City FC,G. Donnarumma,0,0,0,0,0,2,0,0,31,0,2,0,0,0,0
73,21 Oct 2025,,574tgvqb4oyjvuwcmqqar4kyc,Serdar Gözübüyük,Villarreal CF,Manchester City FC,M. Kovačić,0,0,0,0,0,1,0,0,35,0,0,1,0,1,0
73,21 Oct 2025,,574tgvqb4oyjvuwcmqqar4kyc,Serdar Gözübüyük,Villarreal CF,Manchester City FC,T. Reijnders,0,0,1,0,1,0,0,0,8,0,0,0,0,0,0
73,21 Oct 2025,,574tgvqb4oyjvuwcmqqar4kyc,Serdar Gözübüyük,Villarreal CF,Manchester City FC,O. Bobb,0,0,0,0,1,1,0,0,12,0,0,0,0,1,0
73,21 Oct 2025,,574tgvqb4oyjvuwcmqqar4kyc,Serdar Gözübüyük,Villarreal CF,Manchester City FC,R. Cherki,0,0,0,0,0,0,0,0,5,0,0,0,0,0,0
73,21 Oct 2025,,574tgvqb4oyjvuwcmqqar4kyc,Serdar Gözübüyük,Villarreal CF,Manchester City FC,Omar Marmoush,0,0,0,0,2,1,0,0,3,0,0,0,0,0,0
74,22 Oct 2025,,57hkc7sflvvd9br8rn38ahg5w,Igor Pajač,Athletic Club,Qarabağ Ağdam FK,Oihan Sancet,0,0,0,1,3,0,0,0,35,0,0,3,0,3,0
74,22 Oct 2025,,57hkc7sflvvd9br8rn38ahg5w,Igor Pajač,Athletic Club,Qarabağ Ağdam FK,Alejandro Rego,0,0,0,0,1,0,0,0,34,0,0,1,0,2,0
74,22 Oct 2025,,57hkc7sflvvd9br8rn38ahg5w,Igor Pajač,Athletic Club,Qarabağ Ağdam FK,Mikel Jauregizar,2,0,0,5,0,0,0,0,63,0,0,0,0,5,0
74,22 Oct 2025,,57hkc7sflvvd9br8rn38ahg5w,Igor Pajač,Athletic Club,Qarabağ Ağdam FK,Andoni Gorosabel,0,0,0,3,1,1,0,0,39,0,0,0,0,0,0
74,22 Oct 2025,,57hkc7sflvvd9br8rn38ahg5w,Igor Pajač,Athletic Club,Qarabağ Ağdam FK,Aitor Paredes,0,0,0,0,1,2,0,0,57,0,0,1,0,0,0
74,22 Oct 2025,,57hkc7sflvvd9br8rn38ahg5w,Igor Pajač,Athletic Club,Qarabağ Ağdam FK,Aymeric Laporte,0,0,0,0,1,0,0,0,49,0,0,0,0,0,0
74,22 Oct 2025,,57hkc7sflvvd9br8rn38ahg5w,Igor Pajač,Athletic Club,Qarabağ Ağdam FK,Nico Williams,0,3,3,3,1,1,0,0,34,0,0,4,0,1,0
74,22 Oct 2025,,57hkc7sflvvd9br8rn38ahg5w,Igor Pajač,Athletic Club,Qarabağ Ağdam FK,Unai Simón,0,0,0,0,0,0,0,0,21,0,2,0,0,0,0
74,22 Oct 2025,,57hkc7sflvvd9br8rn38ahg5w,Igor Pajač,Athletic Club,Qarabağ Ağdam FK,I. Williams,0,1,2,0,0,0,0,0,11,0,0,1,0,1,0
74,22 Oct 2025,,57hkc7sflvvd9br8rn38ahg5w,Igor Pajač,Athletic Club,Qarabağ Ağdam FK,Yuri,0,0,1,5,1,0,0,0,56,0,0,0,0,6,0
74,22 Oct 2025,,57hkc7sflvvd9br8rn38ahg5w,Igor Pajač,Athletic Club,Qarabağ Ağdam FK,Gorka Guruzeta,0,2,0,1,2,1,2,1,15,0,0,7,4,1,0
74,22 Oct 2025,,57hkc7sflvvd9br8rn38ahg5w,Igor Pajač,Athletic Club,Qarabağ Ağdam FK,Alex Berenguer,1,2,1,3,1,0,0,0,24,0,0,3,0,0,0
74,22 Oct 2025,,57hkc7sflvvd9br8rn38ahg5w,Igor Pajač,Athletic Club,Qarabağ Ağdam FK,Íñigo Ruíz de Galarreta,0,0,0,1,0,0,0,0,18,0,0,0,0,2,0
74,22 Oct 2025,,57hkc7sflvvd9br8rn38ahg5w,Igor Pajač,Athletic Club,Qarabağ Ağdam FK,Robert Navarro,0,0,1,0,0,0,1,0,12,0,0,1,1,1,0
74,22 Oct 2025,,57hkc7sflvvd9br8rn38ahg5w,Igor Pajač,Athletic Club,Qarabağ Ağdam FK,Jesús Areso,0,0,0,0,2,0,0,0,11,0,0,0,0,2,0
74,22 Oct 2025,,57hkc7sflvvd9br8rn38ahg5w,Igor Pajač,Athletic Club,Qarabağ Ağdam FK,Mikel Vesga,0,0,0,0,0,0,0,0,7,0,0,0,0,1,0
74,22 Oct 2025,,57hkc7sflvvd9br8rn38ahg5w,Igor Pajač,Athletic Club,Qarabağ Ağdam FK,Matheus Silva,0,1,2,3,1,2,0,0,22,0,0,2,1,2,0
74,22 Oct 2025,,57hkc7sflvvd9br8rn38ahg5w,Igor Pajač,Athletic Club,Qarabağ Ağdam FK,Leandro Andrade,0,0,0,3,0,0,1,0,13,0,0,1,1,1,0
74,22 Oct 2025,,57hkc7sflvvd9br8rn38ahg5w,Igor Pajač,Athletic Club,Qarabağ Ağdam FK,E. Cəfərquliyev,0,0,0,0,0,2,0,0,29,0,0,0,0,1,0
74,22 Oct 2025,,57hkc7sflvvd9br8rn38ahg5w,Igor Pajač,Athletic Club,Qarabağ Ağdam FK,Kady Borges,0,0,0,2,0,3,0,0,45,0,0,1,1,3,0
74,22 Oct 2025,,57hkc7sflvvd9br8rn38ahg5w,Igor Pajač,Athletic Club,Qarabağ Ağdam FK,K. Medina,0,0,0,0,1,1,0,0,38,0,0,0,0,2,0
74,22 Oct 2025,,57hkc7sflvvd9br8rn38ahg5w,Igor Pajač,Athletic Club,Qarabağ Ağdam FK,C. Durán,0,1,0,0,0,0,0,0,8,0,0,1,0,5,0
74,22 Oct 2025,,57hkc7sflvvd9br8rn38ahg5w,Igor Pajač,Athletic Club,Qarabağ Ağdam FK,M. Kochalski,0,0,0,0,0,0,0,0,41,0,2,0,0,0,0
74,22 Oct 2025,,57hkc7sflvvd9br8rn38ahg5w,Igor Pajač,Athletic Club,Qarabağ Ağdam FK,A. Zoubir,0,2,1,0,1,2,0,0,28,0,0,2,0,2,0
74,22 Oct 2025,,57hkc7sflvvd9br8rn38ahg5w,Igor Pajač,Athletic Club,Qarabağ Ağdam FK,Pedro Bicalho,0,0,0,0,0,0,0,0,20,0,0,0,0,1,0
74,22 Oct 2025,,57hkc7sflvvd9br8rn38ahg5w,Igor Pajač,Athletic Club,Qarabağ Ağdam FK,N. Axundzadə,0,0,0,0,1,1,0,0,8,0,0,0,0,0,0
74,22 Oct 2025,,57hkc7sflvvd9br8rn38ahg5w,Igor Pajač,Athletic Club,Qarabağ Ağdam FK,B. Mustafazadə,0,0,0,0,1,0,0,0,37,0,0,0,0,2,0
74,22 Oct 2025,,57hkc7sflvvd9br8rn38ahg5w,Igor Pajač,Athletic Club,Qarabağ Ağdam FK,E. Addai,0,0,0,0,0,1,0,0,13,0,0,1,0,1,0
74,22 Oct 2025,,57hkc7sflvvd9br8rn38ahg5w,Igor Pajač,Athletic Club,Qarabağ Ağdam FK,M. Janković,0,0,0,0,0,2,0,0,20,0,0,0,0,1,0
74,22 Oct 2025,,57hkc7sflvvd9br8rn38ahg5w,Igor Pajač,Athletic Club,Qarabağ Ağdam FK,O. Kashchuk,0,0,0,0,0,0,0,0,4,0,0,1,1,0,0
74,22 Oct 2025,,57hkc7sflvvd9br8rn38ahg5w,Igor Pajač,Athletic Club,Qarabağ Ağdam FK,T. Bayramov,0,0,0,0,0,0,0,0,6,0,0,0,0,2,0
74,22 Oct 2025,,57hkc7sflvvd9br8rn38ahg5w,Igor Pajač,Athletic Club,Qarabağ Ağdam FK,Dani Bolt,0,0,0,1,0,0,0,0,4,0,0,0,0,2,0
75,22 Oct 2025,,57vuceh50t8ljktlsz99kwh04,Michael Oliver,Galatasaray Spor Kulübü,FK Bodø / Glimt,L. Sané,0,1,2,7,2,2,0,1,29,0,0,4,2,2,0
75,22 Oct 2025,,57vuceh50t8ljktlsz99kwh04,Michael Oliver,Galatasaray Spor Kulübü,FK Bodø / Glimt,R. Sallai,0,0,0,6,0,0,0,0,29,0,0,1,0,3,0
75,22 Oct 2025,,57vuceh50t8ljktlsz99kwh04,Michael Oliver,Galatasaray Spor Kulübü,FK Bodø / Glimt,L. Torreira,0,0,0,0,1,2,0,0,42,0,0,0,0,3,0
75,22 Oct 2025,,57vuceh50t8ljktlsz99kwh04,Michael Oliver,Galatasaray Spor Kulübü,FK Bodø / Glimt,V. Osimhen,0,0,0,0,0,0,2,2,6,0,0,9,7,1,0
75,22 Oct 2025,,57vuceh50t8ljktlsz99kwh04,Michael Oliver,Galatasaray Spor Kulübü,FK Bodø / Glimt,M. Lemina,1,0,1,1,1,0,0,0,31,0,0,0,0,4,0
75,22 Oct 2025,,57vuceh50t8ljktlsz99kwh04,Michael Oliver,Galatasaray Spor Kulübü,FK Bodø / Glimt,B. Yılmaz,0,1,1,2,1,0,0,0,13,0,0,1,0,1,0
75,22 Oct 2025,,57vuceh50t8ljktlsz99kwh04,Michael Oliver,Galatasaray Spor Kulübü,FK Bodø / Glimt,Y. Akgün,0,0,1,1,0,1,1,0,19,0,0,3,2,0,0
75,22 Oct 2025,,57vuceh50t8ljktlsz99kwh04,Michael Oliver,Galatasaray Spor Kulübü,FK Bodø / Glimt,I. Jakobs,0,0,0,3,2,1,0,0,19,0,0,1,0,1,1
75,22 Oct 2025,,57vuceh50t8ljktlsz99kwh04,Michael Oliver,Galatasaray Spor Kulübü,FK Bodø / Glimt,D. Sánchez,0,0,0,0,1,0,0,0,54,0,0,0,0,3,0
75,22 Oct 2025,,57vuceh50t8ljktlsz99kwh04,Michael Oliver,Galatasaray Spor Kulübü,FK Bodø / Glimt,U. Çakır,0,0,0,0,0,0,0,0,34,0,1,0,0,0,0
75,22 Oct 2025,,57vuceh50t8ljktlsz99kwh04,Michael Oliver,Galatasaray Spor Kulübü,FK Bodø / Glimt,A. Bardakcı,0,0,0,0,0,0,0,0,46,0,0,1,0,2,0
75,22 Oct 2025,,57vuceh50t8ljktlsz99kwh04,Michael Oliver,Galatasaray Spor Kulübü,FK Bodø / Glimt,Gabriel Sara,0,0,0,2,0,0,0,0,13,0,0,0,0,0,0
75,22 Oct 2025,,57vuceh50t8ljktlsz99kwh04,Michael Oliver,Galatasaray Spor Kulübü,FK Bodø / Glimt,E. Elmalı,0,1,1,2,1,0,0,0,3,0,0,1,0,1,0
75,22 Oct 2025,,57vuceh50t8ljktlsz99kwh04,Michael Oliver,Galatasaray Spor Kulübü,FK Bodø / Glimt,K. Ayhan,0,0,0,0,0,0,0,0,7,0,0,0,0,0,0
75,22 Oct 2025,,57vuceh50t8ljktlsz99kwh04,Michael Oliver,Galatasaray Spor Kulübü,FK Bodø / Glimt,M. Icardi,0,1,1,0,1,0,0,0,3,0,0,2,0,0,0
75,22 Oct 2025,,57vuceh50t8ljktlsz99kwh04,Michael Oliver,Galatasaray Spor Kulübü,FK Bodø / Glimt,B. Kutlu,0,0,0,0,0,0,0,0,3,0,0,0,0,0,0
75,22 Oct 2025,,57vuceh50t8ljktlsz99kwh04,Michael Oliver,Galatasaray Spor Kulübü,FK Bodø / Glimt,H. Evjen,0,0,1,0,0,0,0,0,37,0,0,1,0,1,0
75,22 Oct 2025,,57vuceh50t8ljktlsz99kwh04,Michael Oliver,Galatasaray Spor Kulübü,FK Bodø / Glimt,P. Berg,0,0,0,6,1,0,0,0,93,0,0,1,0,3,0
75,22 Oct 2025,,57vuceh50t8ljktlsz99kwh04,Michael Oliver,Galatasaray Spor Kulübü,FK Bodø / Glimt,O. Bjørtuft,0,0,0,0,0,0,0,0,72,0,0,0,0,1,0
75,22 Oct 2025,,57vuceh50t8ljktlsz99kwh04,Michael Oliver,Galatasaray Spor Kulübü,FK Bodø / Glimt,F. Bjørkan,1,0,0,1,1,2,0,0,56,0,0,0,0,2,1
75,22 Oct 2025,,57vuceh50t8ljktlsz99kwh04,Michael Oliver,Galatasaray Spor Kulübü,FK Bodø / Glimt,S. Fet,0,0,0,0,2,1,0,0,29,0,0,1,1,0,0
75,22 Oct 2025,,57vuceh50t8ljktlsz99kwh04,Michael Oliver,Galatasaray Spor Kulübü,FK Bodø / Glimt,H. Aleesami,0,0,0,0,0,0,0,0,59,0,0,1,0,0,0
75,22 Oct 2025,,57vuceh50t8ljktlsz99kwh04,Michael Oliver,Galatasaray Spor Kulübü,FK Bodø / Glimt,S. Auklend,0,1,0,2,0,3,0,0,40,0,0,1,0,2,0
75,22 Oct 2025,,57vuceh50t8ljktlsz99kwh04,Michael Oliver,Galatasaray Spor Kulübü,FK Bodø / Glimt,N. Haikin,0,0,0,0,0,0,0,0,35,0,8,0,0,1,0
75,22 Oct 2025,,57vuceh50t8ljktlsz99kwh04,Michael Oliver,Galatasaray Spor Kulübü,FK Bodø / Glimt,K. Høgh,0,0,0,0,2,0,0,1,7,0,0,0,0,0,0
75,22 Oct 2025,,57vuceh50t8ljktlsz99kwh04,Michael Oliver,Galatasaray Spor Kulübü,FK Bodø / Glimt,F. Sjøvold,0,1,1,3,1,0,0,0,59,0,0,1,0,1,0
75,22 Oct 2025,,57vuceh50t8ljktlsz99kwh04,Michael Oliver,Galatasaray Spor Kulübü,FK Bodø / Glimt,J. Hauge,0,0,0,2,0,0,0,0,66,0,0,1,0,1,0
75,22 Oct 2025,,57vuceh50t8ljktlsz99kwh04,Michael Oliver,Galatasaray Spor Kulübü,FK Bodø / Glimt,V. Nielsen,0,0,1,0,0,1,0,0,17,0,0,0,0,0,0
75,22 Oct 2025,,57vuceh50t8ljktlsz99kwh04,Michael Oliver,Galatasaray Spor Kulübü,FK Bodø / Glimt,D. Bassi,0,0,0,2,0,1,0,0,10,0,0,0,0,0,0
75,22 Oct 2025,,57vuceh50t8ljktlsz99kwh04,Michael Oliver,Galatasaray Spor Kulübü,FK Bodø / Glimt,A. Helmersen,0,0,1,0,0,1,1,0,2,0,0,1,1,0,0
75,22 Oct 2025,,57vuceh50t8ljktlsz99kwh04,Michael Oliver,Galatasaray Spor Kulübü,FK Bodø / Glimt,I. Määttä,0,0,0,0,0,0,0,0,9,0,0,0,0,0,0
75,22 Oct 2025,,57vuceh50t8ljktlsz99kwh04,Michael Oliver,Galatasaray Spor Kulübü,FK Bodø / Glimt,A. Klynge,0,0,0,0,0,0,0,0,3,0,0,0,0,0,0
76,22 Oct 2025,,588thaqsgswjlauvj2gp1orh0,Marco Guida,AS Monaco FC,Tottenham Hotspur FC,K. Diatta,0,0,0,1,1,0,0,0,27,0,0,0,0,1,0
76,22 Oct 2025,,588thaqsgswjlauvj2gp1orh0,Marco Guida,AS Monaco FC,Tottenham Hotspur FC,T. Kehrer,0,0,0,0,0,1,0,0,61,0,0,2,0,2,0
76,22 Oct 2025,,588thaqsgswjlauvj2gp1orh0,Marco Guida,AS Monaco FC,Tottenham Hotspur FC,K. Ouattara,0,0,0,2,2,1,0,0,18,0,0,1,1,4,0
76,22 Oct 2025,,588thaqsgswjlauvj2gp1orh0,Marco Guida,AS Monaco FC,Tottenham Hotspur FC,Caio Henrique,0,0,1,4,1,2,0,0,57,0,0,0,0,1,0
76,22 Oct 2025,,588thaqsgswjlauvj2gp1orh0,Marco Guida,AS Monaco FC,Tottenham Hotspur FC,M. Salisu,0,0,0,0,0,2,0,0,45,0,0,1,0,0,0
76,22 Oct 2025,,588thaqsgswjlauvj2gp1orh0,Marco Guida,AS Monaco FC,Tottenham Hotspur FC,M. Coulibaly,0,1,0,1,1,2,0,0,59,0,0,1,0,2,0
76,22 Oct 2025,,588thaqsgswjlauvj2gp1orh0,Marco Guida,AS Monaco FC,Tottenham Hotspur FC,Ansu Fati,0,2,0,1,1,0,0,0,24,0,0,2,0,4,0
76,22 Oct 2025,,588thaqsgswjlauvj2gp1orh0,Marco Guida,AS Monaco FC,Tottenham Hotspur FC,J. Teze,0,1,0,3,1,1,0,0,46,0,0,2,1,4,0
76,22 Oct 2025,,588thaqsgswjlauvj2gp1orh0,Marco Guida,AS Monaco FC,Tottenham Hotspur FC,M. Akliouche,0,3,0,3,2,0,0,0,38,0,0,6,2,3,0
76,22 Oct 2025,,588thaqsgswjlauvj2gp1orh0,Marco Guida,AS Monaco FC,Tottenham Hotspur FC,P. Köhn,0,0,0,0,0,1,0,0,20,0,2,0,0,0,0
76,22 Oct 2025,,588thaqsgswjlauvj2gp1orh0,Marco Guida,AS Monaco FC,Tottenham Hotspur FC,F. Balogun,0,0,2,0,1,1,0,1,14,0,0,4,3,1,0
76,22 Oct 2025,,588thaqsgswjlauvj2gp1orh0,Marco Guida,AS Monaco FC,Tottenham Hotspur FC,A. Golovin,0,0,1,2,1,0,0,0,23,0,0,1,1,2,0
76,22 Oct 2025,,588thaqsgswjlauvj2gp1orh0,Marco Guida,AS Monaco FC,Tottenham Hotspur FC,T. Minamino,0,0,1,1,1,0,0,0,9,0,0,3,0,0,0
76,22 Oct 2025,,588thaqsgswjlauvj2gp1orh0,Marco Guida,AS Monaco FC,Tottenham Hotspur FC,C. Mawissa,0,0,0,0,0,0,0,0,11,0,0,0,0,0,0
76,22 Oct 2025,,588thaqsgswjlauvj2gp1orh0,Marco Guida,AS Monaco FC,Tottenham Hotspur FC,M. Biereth,0,0,0,0,1,0,0,0,4,0,0,0,0,0,0
76,22 Oct 2025,,588thaqsgswjlauvj2gp1orh0,Marco Guida,AS Monaco FC,Tottenham Hotspur FC,L. Bergvall,0,0,1,2,0,1,0,1,7,0,0,0,0,0,0
76,22 Oct 2025,,588thaqsgswjlauvj2gp1orh0,Marco Guida,AS Monaco FC,Tottenham Hotspur FC,G. Vicario,0,0,0,0,0,0,0,0,36,0,8,0,0,0,0
76,22 Oct 2025,,588thaqsgswjlauvj2gp1orh0,Marco Guida,AS Monaco FC,Tottenham Hotspur FC,Richarlison,0,1,0,1,1,0,0,0,7,0,0,1,0,2,1
76,22 Oct 2025,,588thaqsgswjlauvj2gp1orh0,Marco Guida,AS Monaco FC,Tottenham Hotspur FC,W. Odobert,0,1,1,4,0,0,0,0,19,0,0,1,0,0,0
76,22 Oct 2025,,588thaqsgswjlauvj2gp1orh0,Marco Guida,AS Monaco FC,Tottenham Hotspur FC,João Palhinha,0,0,0,0,1,1,0,0,28,0,0,0,0,4,0
76,22 Oct 2025,,588thaqsgswjlauvj2gp1orh0,Marco Guida,AS Monaco FC,Tottenham Hotspur FC,Pedro Porro,0,1,0,5,0,1,0,0,50,0,0,3,0,0,0
76,22 Oct 2025,,588thaqsgswjlauvj2gp1orh0,Marco Guida,AS Monaco FC,Tottenham Hotspur FC,K. Danso,0,0,0,1,1,1,0,0,47,0,0,1,0,0,0
76,22 Oct 2025,,588thaqsgswjlauvj2gp1orh0,Marco Guida,AS Monaco FC,Tottenham Hotspur FC,M. van de Ven,0,0,0,0,2,2,0,0,38,0,0,2,1,0,0
76,22 Oct 2025,,588thaqsgswjlauvj2gp1orh0,Marco Guida,AS Monaco FC,Tottenham Hotspur FC,A. Gray,0,0,0,0,1,1,0,0,31,0,0,0,0,1,0
76,22 Oct 2025,,588thaqsgswjlauvj2gp1orh0,Marco Guida,AS Monaco FC,Tottenham Hotspur FC,R. Bentancur,0,0,0,0,1,0,0,0,30,0,0,0,0,0,0
76,22 Oct 2025,,588thaqsgswjlauvj2gp1orh0,Marco Guida,AS Monaco FC,Tottenham Hotspur FC,M. Kudus,0,0,2,8,2,2,0,0,18,0,0,1,1,3,0
76,22 Oct 2025,,588thaqsgswjlauvj2gp1orh0,Marco Guida,AS Monaco FC,Tottenham Hotspur FC,P. Sarr,0,0,0,0,0,2,0,0,9,0,0,0,0,2,0
76,22 Oct 2025,,588thaqsgswjlauvj2gp1orh0,Marco Guida,AS Monaco FC,Tottenham Hotspur FC,X. Simons,0,0,0,0,2,1,0,0,11,0,0,1,0,1,0
76,22 Oct 2025,,588thaqsgswjlauvj2gp1orh0,Marco Guida,AS Monaco FC,Tottenham Hotspur FC,R. Kolo Muani,0,0,0,0,1,1,0,0,5,0,0,0,0,2,0
76,22 Oct 2025,,588thaqsgswjlauvj2gp1orh0,Marco Guida,AS Monaco FC,Tottenham Hotspur FC,D. Spence,0,0,0,1,0,0,0,0,10,0,0,0,0,0,0
76,22 Oct 2025,,588thaqsgswjlauvj2gp1orh0,Marco Guida,AS Monaco FC,Tottenham Hotspur FC,B. Johnson,0,1,0,0,0,0,0,0,1,0,0,1,0,1,0
77,22 Oct 2025,,58ls4qn0s2o0x3uzwo5lzs36c,Ricardo De Burgos Bengoetxea,Atalanta Bergamasca Calcio,SK Slavia Praha,M. de Roon,0,0,0,0,2,0,0,0,41,0,0,0,0,0,1
77,22 Oct 2025,,58ls4qn0s2o0x3uzwo5lzs36c,Ricardo De Burgos Bengoetxea,Atalanta Bergamasca Calcio,SK Slavia Praha,I. Hien,0,0,0,0,0,0,0,0,42,0,0,1,1,3,0
77,22 Oct 2025,,58ls4qn0s2o0x3uzwo5lzs36c,Ricardo De Burgos Bengoetxea,Atalanta Bergamasca Calcio,SK Slavia Praha,L. Bernasconi,0,0,0,2,1,0,0,0,16,0,0,0,0,1,1
77,22 Oct 2025,,58ls4qn0s2o0x3uzwo5lzs36c,Ricardo De Burgos Bengoetxea,Atalanta Bergamasca Calcio,SK Slavia Praha,M. Carnesecchi,0,0,0,0,0,1,0,0,35,0,4,0,0,0,0
77,22 Oct 2025,,58ls4qn0s2o0x3uzwo5lzs36c,Ricardo De Burgos Bengoetxea,Atalanta Bergamasca Calcio,SK Slavia Praha,C. De Ketelaere,0,0,1,2,1,5,0,0,44,0,0,2,1,0,0
77,22 Oct 2025,,58ls4qn0s2o0x3uzwo5lzs36c,Ricardo De Burgos Bengoetxea,Atalanta Bergamasca Calcio,SK Slavia Praha,D. Zappacosta,0,3,0,0,0,1,0,0,26,0,0,3,0,2,0
77,22 Oct 2025,,58ls4qn0s2o0x3uzwo5lzs36c,Ricardo De Burgos Bengoetxea,Atalanta Bergamasca Calcio,SK Slavia Praha,O. Kossounou,0,0,0,0,1,0,0,0,46,0,0,1,1,0,0
77,22 Oct 2025,,58ls4qn0s2o0x3uzwo5lzs36c,Ricardo De Burgos Bengoetxea,Atalanta Bergamasca Calcio,SK Slavia Praha,B. Djimsiti,0,0,0,0,1,1,0,0,41,0,0,0,0,1,1
77,22 Oct 2025,,58ls4qn0s2o0x3uzwo5lzs36c,Ricardo De Burgos Bengoetxea,Atalanta Bergamasca Calcio,SK Slavia Praha,N. Krstović,0,1,0,0,0,4,0,3,16,0,0,3,1,1,0
77,22 Oct 2025,,58ls4qn0s2o0x3uzwo5lzs36c,Ricardo De Burgos Bengoetxea,Atalanta Bergamasca Calcio,SK Slavia Praha,A. Lookman,0,2,3,1,0,1,0,2,26,0,0,3,0,0,0
77,22 Oct 2025,,58ls4qn0s2o0x3uzwo5lzs36c,Ricardo De Burgos Bengoetxea,Atalanta Bergamasca Calcio,SK Slavia Praha,Éderson,0,0,0,2,2,1,0,0,33,0,0,1,0,2,0
77,22 Oct 2025,,58ls4qn0s2o0x3uzwo5lzs36c,Ricardo De Burgos Bengoetxea,Atalanta Bergamasca Calcio,SK Slavia Praha,N. Zalewski,0,1,0,4,0,1,0,0,16,0,0,1,0,1,0
77,22 Oct 2025,,58ls4qn0s2o0x3uzwo5lzs36c,Ricardo De Burgos Bengoetxea,Atalanta Bergamasca Calcio,SK Slavia Praha,G. Scamacca,0,1,1,0,0,0,0,0,9,0,0,3,1,0,0
77,22 Oct 2025,,58ls4qn0s2o0x3uzwo5lzs36c,Ricardo De Burgos Bengoetxea,Atalanta Bergamasca Calcio,SK Slavia Praha,K. Sulemana,0,1,0,0,0,0,0,0,6,0,0,2,0,0,0
77,22 Oct 2025,,58ls4qn0s2o0x3uzwo5lzs36c,Ricardo De Burgos Bengoetxea,Atalanta Bergamasca Calcio,SK Slavia Praha,R. Bellanova,0,0,1,2,0,0,0,0,9,0,0,1,0,0,0
77,22 Oct 2025,,58ls4qn0s2o0x3uzwo5lzs36c,Ricardo De Burgos Bengoetxea,Atalanta Bergamasca Calcio,SK Slavia Praha,L. Samardžić,0,0,0,0,0,0,0,0,2,0,0,1,0,0,0
77,22 Oct 2025,,58ls4qn0s2o0x3uzwo5lzs36c,Ricardo De Burgos Bengoetxea,Atalanta Bergamasca Calcio,SK Slavia Praha,V. Kušej,0,0,0,6,0,1,0,2,22,0,0,1,0,1,0
77,22 Oct 2025,,58ls4qn0s2o0x3uzwo5lzs36c,Ricardo De Burgos Bengoetxea,Atalanta Bergamasca Calcio,SK Slavia Praha,J. Markovič,0,0,0,0,0,0,0,0,31,0,5,0,0,0,0
77,22 Oct 2025,,58ls4qn0s2o0x3uzwo5lzs36c,Ricardo De Burgos Bengoetxea,Atalanta Bergamasca Calcio,SK Slavia Praha,T. Chorý,0,0,0,0,0,0,0,0,35,0,0,5,1,0,0
77,22 Oct 2025,,58ls4qn0s2o0x3uzwo5lzs36c,Ricardo De Burgos Bengoetxea,Atalanta Bergamasca Calcio,SK Slavia Praha,C. Zafeiris,0,0,0,1,0,1,0,0,23,0,0,0,0,1,0
77,22 Oct 2025,,58ls4qn0s2o0x3uzwo5lzs36c,Ricardo De Burgos Bengoetxea,Atalanta Bergamasca Calcio,SK Slavia Praha,D. Moses,0,0,1,2,2,1,0,0,21,0,0,1,1,2,0
77,22 Oct 2025,,58ls4qn0s2o0x3uzwo5lzs36c,Ricardo De Burgos Bengoetxea,Atalanta Bergamasca Calcio,SK Slavia Praha,L. Provod,0,0,0,4,0,2,0,0,47,0,0,3,2,5,0
77,22 Oct 2025,,58ls4qn0s2o0x3uzwo5lzs36c,Ricardo De Burgos Bengoetxea,Atalanta Bergamasca Calcio,SK Slavia Praha,J. Bořil,0,0,0,2,5,0,0,0,37,0,0,0,0,4,1
77,22 Oct 2025,,58ls4qn0s2o0x3uzwo5lzs36c,Ricardo De Burgos Bengoetxea,Atalanta Bergamasca Calcio,SK Slavia Praha,Y. Mbodji,0,2,1,0,0,1,0,0,13,0,0,2,0,4,0
77,22 Oct 2025,,58ls4qn0s2o0x3uzwo5lzs36c,Ricardo De Burgos Bengoetxea,Atalanta Bergamasca Calcio,SK Slavia Praha,O. Dorley,0,1,1,1,3,1,0,0,32,0,0,2,0,4,0
77,22 Oct 2025,,58ls4qn0s2o0x3uzwo5lzs36c,Ricardo De Burgos Bengoetxea,Atalanta Bergamasca Calcio,SK Slavia Praha,T. Vlček,0,0,0,3,2,0,0,0,22,0,0,0,0,3,0
77,22 Oct 2025,,58ls4qn0s2o0x3uzwo5lzs36c,Ricardo De Burgos Bengoetxea,Atalanta Bergamasca Calcio,SK Slavia Praha,D. Zima,0,0,0,0,3,0,0,0,15,0,0,0,0,1,0
77,22 Oct 2025,,58ls4qn0s2o0x3uzwo5lzs36c,Ricardo De Burgos Bengoetxea,Atalanta Bergamasca Calcio,SK Slavia Praha,M. Sadílek,0,1,0,0,0,0,0,0,11,0,0,2,0,1,0
77,22 Oct 2025,,58ls4qn0s2o0x3uzwo5lzs36c,Ricardo De Burgos Bengoetxea,Atalanta Bergamasca Calcio,SK Slavia Praha,Š. Chaloupek,0,0,0,0,0,0,0,0,7,0,0,0,0,5,0
77,22 Oct 2025,,58ls4qn0s2o0x3uzwo5lzs36c,Ricardo De Burgos Bengoetxea,Atalanta Bergamasca Calcio,SK Slavia Praha,Y. Sanyang,0,0,0,0,0,0,0,1,0,0,0,0,0,1,0
77,22 Oct 2025,,58ls4qn0s2o0x3uzwo5lzs36c,Ricardo De Burgos Bengoetxea,Atalanta Bergamasca Calcio,SK Slavia Praha,E. Prekop,0,0,0,0,0,0,0,0,1,0,0,0,0,0,1
78,22 Oct 2025,,58ypxe2wvxq7e89u8q0k0ep04,Felix Zwayer,Chelsea FC,AFC Ajax,T. Adarabioyo,0,0,0,0,1,0,0,0,44,0,0,0,0,1,1
78,22 Oct 2025,,58ypxe2wvxq7e89u8q0k0ep04,Felix Zwayer,Chelsea FC,AFC Ajax,J. Gittens,1,0,2,5,0,0,0,1,28,0,0,2,1,1,0
78,22 Oct 2025,,58ypxe2wvxq7e89u8q0k0ep04,Felix Zwayer,Chelsea FC,AFC Ajax,J. Hato,0,1,0,0,1,0,0,0,63,0,0,1,0,3,0
78,22 Oct 2025,,58ypxe2wvxq7e89u8q0k0ep04,Felix Zwayer,Chelsea FC,AFC Ajax,M. Caicedo,0,0,0,0,2,1,1,0,44,0,0,2,1,0,0
78,22 Oct 2025,,58ypxe2wvxq7e89u8q0k0ep04,Felix Zwayer,Chelsea FC,AFC Ajax,Estêvão,0,2,5,10,2,1,1,0,37,0,0,8,3,0,1
78,22 Oct 2025,,58ypxe2wvxq7e89u8q0k0ep04,Felix Zwayer,Chelsea FC,AFC Ajax,W. Fofana,1,1,1,0,3,0,0,0,78,0,0,1,0,0,0
78,22 Oct 2025,,58ypxe2wvxq7e89u8q0k0ep04,Felix Zwayer,Chelsea FC,AFC Ajax,R. Lavia,0,1,1,0,1,0,0,0,51,0,0,1,0,2,0
78,22 Oct 2025,,58ypxe2wvxq7e89u8q0k0ep04,Felix Zwayer,Chelsea FC,AFC Ajax,E. Fernández,0,0,0,1,1,2,1,0,20,0,0,1,1,1,0
78,22 Oct 2025,,58ypxe2wvxq7e89u8q0k0ep04,Felix Zwayer,Chelsea FC,AFC Ajax,F. Buonanotte,0,1,0,1,1,2,0,0,36,0,0,1,0,1,0
78,22 Oct 2025,,58ypxe2wvxq7e89u8q0k0ep04,Felix Zwayer,Chelsea FC,AFC Ajax,F. Jörgensen,0,0,0,0,0,0,0,0,12,0,0,0,0,0,0
78,22 Oct 2025,,58ypxe2wvxq7e89u8q0k0ep04,Felix Zwayer,Chelsea FC,AFC Ajax,Marc Guiu,0,0,1,0,0,0,1,0,3,0,0,2,2,0,0
78,22 Oct 2025,,58ypxe2wvxq7e89u8q0k0ep04,Felix Zwayer,Chelsea FC,AFC Ajax,T. George,0,1,1,3,1,0,1,2,30,0,0,2,1,1,0
78,22 Oct 2025,,58ypxe2wvxq7e89u8q0k0ep04,Felix Zwayer,Chelsea FC,AFC Ajax,Andrey Santos,1,0,0,0,1,0,0,0,48,0,0,0,0,1,0
78,22 Oct 2025,,58ypxe2wvxq7e89u8q0k0ep04,Felix Zwayer,Chelsea FC,AFC Ajax,T. Chalobah,0,0,0,0,0,0,0,0,41,0,0,0,0,0,0
78,22 Oct 2025,,58ypxe2wvxq7e89u8q0k0ep04,Felix Zwayer,Chelsea FC,AFC Ajax,J. Acheampong,0,0,0,0,1,0,0,0,47,0,0,1,1,2,0
78,22 Oct 2025,,58ypxe2wvxq7e89u8q0k0ep04,Felix Zwayer,Chelsea FC,AFC Ajax,R. Walsh,0,0,0,0,0,0,0,0,19,0,0,0,0,0,0
78,22 Oct 2025,,58ypxe2wvxq7e89u8q0k0ep04,Felix Zwayer,Chelsea FC,AFC Ajax,K. Taylor,0,0,0,0,1,1,0,0,7,1,0,0,0,1,0
78,22 Oct 2025,,58ypxe2wvxq7e89u8q0k0ep04,Felix Zwayer,Chelsea FC,AFC Ajax,R. Pasveer,0,0,0,0,0,1,0,0,50,0,5,0,0,0,0
78,22 Oct 2025,,58ypxe2wvxq7e89u8q0k0ep04,Felix Zwayer,Chelsea FC,AFC Ajax,W. Weghorst,0,0,0,0,2,3,1,0,11,0,0,1,1,1,1
78,22 Oct 2025,,58ypxe2wvxq7e89u8q0k0ep04,Felix Zwayer,Chelsea FC,AFC Ajax,Lucas Rosa,0,0,0,0,0,1,0,0,23,0,0,0,0,6,0
78,22 Oct 2025,,58ypxe2wvxq7e89u8q0k0ep04,Felix Zwayer,Chelsea FC,AFC Ajax,K. Itakura,0,0,0,0,1,1,0,0,29,0,0,0,0,2,0
78,22 Oct 2025,,58ypxe2wvxq7e89u8q0k0ep04,Felix Zwayer,Chelsea FC,AFC Ajax,Raúl Moro,0,0,0,1,0,2,0,0,20,0,0,0,0,0,0
78,22 Oct 2025,,58ypxe2wvxq7e89u8q0k0ep04,Felix Zwayer,Chelsea FC,AFC Ajax,Y. Baas,0,0,0,0,2,1,0,0,41,0,0,0,0,6,0
78,22 Oct 2025,,58ypxe2wvxq7e89u8q0k0ep04,Felix Zwayer,Chelsea FC,AFC Ajax,M. Godts,0,1,0,1,0,0,0,0,16,0,0,1,0,2,0
78,22 Oct 2025,,58ypxe2wvxq7e89u8q0k0ep04,Felix Zwayer,Chelsea FC,AFC Ajax,J. Šutalo,0,0,0,0,0,1,0,1,47,0,0,0,0,1,0
78,22 Oct 2025,,58ypxe2wvxq7e89u8q0k0ep04,Felix Zwayer,Chelsea FC,AFC Ajax,J. McConnell,0,0,0,0,0,2,0,0,15,0,0,0,0,1,0
78,22 Oct 2025,,58ypxe2wvxq7e89u8q0k0ep04,Felix Zwayer,Chelsea FC,AFC Ajax,O. Gloukh,0,0,0,1,0,0,0,0,4,0,0,0,0,1,0
78,22 Oct 2025,,58ypxe2wvxq7e89u8q0k0ep04,Felix Zwayer,Chelsea FC,AFC Ajax,J. Mokio,0,0,0,1,0,0,0,0,20,0,0,0,0,1,0
78,22 Oct 2025,,58ypxe2wvxq7e89u8q0k0ep04,Felix Zwayer,Chelsea FC,AFC Ajax,D. Klaassen,0,0,0,0,0,1,0,0,9,0,0,0,0,1,0
78,22 Oct 2025,,58ypxe2wvxq7e89u8q0k0ep04,Felix Zwayer,Chelsea FC,AFC Ajax,Y. Regeer,0,0,0,0,0,0,0,0,9,0,0,0,0,0,0
78,22 Oct 2025,,58ypxe2wvxq7e89u8q0k0ep04,Felix Zwayer,Chelsea FC,AFC Ajax,K. Fitz-Jim,0,0,0,0,0,0,0,0,7,0,0,0,0,0,0
78,22 Oct 2025,,58ypxe2wvxq7e89u8q0k0ep04,Felix Zwayer,Chelsea FC,AFC Ajax,A. Gaaei,0,0,0,0,0,0,0,0,6,0,0,0,0,0,0
79,22 Oct 2025,,59bpikh36bw9pwdd7xuyp30gk,François Letexier,Eintracht Frankfurt,Liverpool FC,A. Knauff,0,0,1,0,0,0,0,0,17,0,0,0,0,1,0
79,22 Oct 2025,,59bpikh36bw9pwdd7xuyp30gk,François Letexier,Eintracht Frankfurt,Liverpool FC,A. Theate,0,0,0,0,0,1,0,0,37,0,0,1,0,1,0
79,22 Oct 2025,,59bpikh36bw9pwdd7xuyp30gk,François Letexier,Eintracht Frankfurt,Liverpool FC,H. Larsson,0,0,0,0,0,0,0,0,38,0,0,0,0,3,0
79,22 Oct 2025,,59bpikh36bw9pwdd7xuyp30gk,François Letexier,Eintracht Frankfurt,Liverpool FC,M. Götze,1,0,1,1,1,1,0,0,25,0,0,0,0,1,0
79,22 Oct 2025,,59bpikh36bw9pwdd7xuyp30gk,François Letexier,Eintracht Frankfurt,Liverpool FC,R. Doan,0,0,0,1,1,1,0,0,15,0,0,0,0,0,1
79,22 Oct 2025,,59bpikh36bw9pwdd7xuyp30gk,François Letexier,Eintracht Frankfurt,Liverpool FC,N. Brown,0,0,0,2,0,1,0,0,30,0,0,0,0,2,0
79,22 Oct 2025,,59bpikh36bw9pwdd7xuyp30gk,François Letexier,Eintracht Frankfurt,Liverpool FC,A. Amenda,0,0,0,0,2,0,0,0,50,0,0,0,0,0,1
79,22 Oct 2025,,59bpikh36bw9pwdd7xuyp30gk,François Letexier,Eintracht Frankfurt,Liverpool FC,R. Kristensen,0,0,0,1,0,0,1,0,26,0,0,1,1,2,0
79,22 Oct 2025,,59bpikh36bw9pwdd7xuyp30gk,François Letexier,Eintracht Frankfurt,Liverpool FC,M. Zetterer,0,0,0,0,0,1,0,0,33,0,9,0,0,0,0
79,22 Oct 2025,,59bpikh36bw9pwdd7xuyp30gk,François Letexier,Eintracht Frankfurt,Liverpool FC,R. Koch,0,0,0,0,0,0,0,0,33,0,0,0,0,0,0
79,22 Oct 2025,,59bpikh36bw9pwdd7xuyp30gk,François Letexier,Eintracht Frankfurt,Liverpool FC,J. Bahoya,0,1,0,0,0,0,0,1,12,0,0,1,0,0,0
79,22 Oct 2025,,59bpikh36bw9pwdd7xuyp30gk,François Letexier,Eintracht Frankfurt,Liverpool FC,J. Burkardt,0,0,0,0,0,0,0,0,5,0,0,0,0,0,0
79,22 Oct 2025,,59bpikh36bw9pwdd7xuyp30gk,François Letexier,Eintracht Frankfurt,Liverpool FC,N. Collins,0,0,0,0,0,0,0,0,15,0,0,0,0,3,0
79,22 Oct 2025,,59bpikh36bw9pwdd7xuyp30gk,François Letexier,Eintracht Frankfurt,Liverpool FC,C. Uzun,0,0,0,0,0,0,0,0,19,0,0,0,0,0,0
79,22 Oct 2025,,59bpikh36bw9pwdd7xuyp30gk,François Letexier,Eintracht Frankfurt,Liverpool FC,F. Chaïbi,0,0,0,0,0,0,0,0,13,0,0,1,0,0,0
79,22 Oct 2025,,59bpikh36bw9pwdd7xuyp30gk,François Letexier,Eintracht Frankfurt,Liverpool FC,E. Skhiri,0,0,0,0,0,0,0,0,14,0,0,0,0,0,0
79,22 Oct 2025,,59bpikh36bw9pwdd7xuyp30gk,François Letexier,Eintracht Frankfurt,Liverpool FC,A. Isak,0,0,3,0,0,0,0,0,9,0,0,2,2,0,0
79,22 Oct 2025,,59bpikh36bw9pwdd7xuyp30gk,François Letexier,Eintracht Frankfurt,Liverpool FC,C. Jones,0,0,0,2,0,2,0,1,127,0,0,0,0,2,0
79,22 Oct 2025,,59bpikh36bw9pwdd7xuyp30gk,François Letexier,Eintracht Frankfurt,Liverpool FC,V. van Dijk,0,0,0,0,0,0,1,0,88,0,0,1,1,1,0
79,22 Oct 2025,,59bpikh36bw9pwdd7xuyp30gk,François Letexier,Eintracht Frankfurt,Liverpool FC,C. Gakpo,1,0,1,9,0,1,1,0,31,0,0,1,1,0,0
79,22 Oct 2025,,59bpikh36bw9pwdd7xuyp30gk,François Letexier,Eintracht Frankfurt,Liverpool FC,I. Konaté,0,0,0,0,1,0,1,0,42,0,0,1,1,0,0
79,22 Oct 2025,,59bpikh36bw9pwdd7xuyp30gk,François Letexier,Eintracht Frankfurt,Liverpool FC,D. Szoboszlai,1,0,0,4,0,0,1,0,110,0,0,2,1,0,0
79,22 Oct 2025,,59bpikh36bw9pwdd7xuyp30gk,François Letexier,Eintracht Frankfurt,Liverpool FC,F. Wirtz,2,0,2,2,0,1,0,0,63,0,0,1,1,0,0
79,22 Oct 2025,,59bpikh36bw9pwdd7xuyp30gk,François Letexier,Eintracht Frankfurt,Liverpool FC,A. Robertson,1,0,2,5,2,0,0,0,95,0,0,0,0,1,0
79,22 Oct 2025,,59bpikh36bw9pwdd7xuyp30gk,François Letexier,Eintracht Frankfurt,Liverpool FC,G. Mamardashvili,0,0,0,0,0,0,0,0,20,0,0,0,0,0,0
79,22 Oct 2025,,59bpikh36bw9pwdd7xuyp30gk,François Letexier,Eintracht Frankfurt,Liverpool FC,H. Ekitiké,0,1,1,1,0,0,1,0,21,0,0,3,2,2,0
79,22 Oct 2025,,59bpikh36bw9pwdd7xuyp30gk,François Letexier,Eintracht Frankfurt,Liverpool FC,J. Frimpong,0,0,0,0,1,0,0,1,4,0,0,0,0,0,0
79,22 Oct 2025,,59bpikh36bw9pwdd7xuyp30gk,François Letexier,Eintracht Frankfurt,Liverpool FC,C. Bradley,0,0,1,0,1,0,0,1,40,0,0,2,2,0,0
79,22 Oct 2025,,59bpikh36bw9pwdd7xuyp30gk,François Letexier,Eintracht Frankfurt,Liverpool FC,F. Chiesa,0,0,0,0,0,0,0,0,12,0,0,2,1,1,0
79,22 Oct 2025,,59bpikh36bw9pwdd7xuyp30gk,François Letexier,Eintracht Frankfurt,Liverpool FC,J. Gomez,0,0,0,0,0,0,0,0,24,0,0,0,0,0,0
79,22 Oct 2025,,59bpikh36bw9pwdd7xuyp30gk,François Letexier,Eintracht Frankfurt,Liverpool FC,A. Mac Allister,0,0,0,0,0,0,0,0,7,0,0,0,0,0,0
79,22 Oct 2025,,59bpikh36bw9pwdd7xuyp30gk,François Letexier,Eintracht Frankfurt,Liverpool FC,Mohamed Salah,0,0,0,0,0,0,0,0,6,0,0,3,2,0,0
80,22 Oct 2025,,59okcwx8e7548yvwcxc3b1b84,Donatas Rumšas,FC Bayern München,Club Brugge KV,L. Díaz,0,0,1,1,1,0,1,0,53,0,0,4,4,1,0
80,22 Oct 2025,,59okcwx8e7548yvwcxc3b1b84,Donatas Rumšas,FC Bayern München,Club Brugge KV,M. Neuer,0,0,0,0,0,0,0,0,29,0,2,0,0,0,0
80,22 Oct 2025,,59okcwx8e7548yvwcxc3b1b84,Donatas Rumšas,FC Bayern München,Club Brugge KV,H. Kane,0,1,2,1,0,1,1,0,31,0,0,6,3,0,0
80,22 Oct 2025,,59okcwx8e7548yvwcxc3b1b84,Donatas Rumšas,FC Bayern München,Club Brugge KV,M. Olise,0,1,3,9,2,0,0,1,60,0,0,3,1,1,0
80,22 Oct 2025,,59okcwx8e7548yvwcxc3b1b84,Donatas Rumšas,FC Bayern München,Club Brugge KV,Raphaël Guerreiro,0,0,0,0,1,0,0,0,43,0,0,0,0,2,0
80,22 Oct 2025,,59okcwx8e7548yvwcxc3b1b84,Donatas Rumšas,FC Bayern München,Club Brugge KV,J. Kimmich,0,0,1,5,1,0,0,0,97,0,0,0,0,0,0
80,22 Oct 2025,,59okcwx8e7548yvwcxc3b1b84,Donatas Rumšas,FC Bayern München,Club Brugge KV,K. Laimer,2,1,1,1,0,1,0,0,77,0,0,1,0,3,0
80,22 Oct 2025,,59okcwx8e7548yvwcxc3b1b84,Donatas Rumšas,FC Bayern München,Club Brugge KV,J. Tah,1,0,0,0,1,0,0,0,72,0,0,0,0,1,0
80,22 Oct 2025,,59okcwx8e7548yvwcxc3b1b84,Donatas Rumšas,FC Bayern München,Club Brugge KV,A. Pavlović,0,0,0,2,1,1,0,0,103,0,0,3,1,3,0
80,22 Oct 2025,,59okcwx8e7548yvwcxc3b1b84,Donatas Rumšas,FC Bayern München,Club Brugge KV,D. Upamecano,0,0,0,0,2,0,0,0,63,0,0,1,1,0,0
80,22 Oct 2025,,59okcwx8e7548yvwcxc3b1b84,Donatas Rumšas,FC Bayern München,Club Brugge KV,L. Karl,0,0,0,1,0,0,1,0,38,0,0,3,2,3,0
80,22 Oct 2025,,59okcwx8e7548yvwcxc3b1b84,Donatas Rumšas,FC Bayern München,Club Brugge KV,T. Bischof,0,0,0,0,1,0,0,0,14,0,0,0,0,1,0
80,22 Oct 2025,,59okcwx8e7548yvwcxc3b1b84,Donatas Rumšas,FC Bayern München,Club Brugge KV,L. Goretzka,0,1,1,0,1,0,0,0,18,0,0,1,0,0,0
80,22 Oct 2025,,59okcwx8e7548yvwcxc3b1b84,Donatas Rumšas,FC Bayern München,Club Brugge KV,N. Jackson,0,1,0,0,1,0,1,0,6,0,0,3,1,0,0
80,22 Oct 2025,,59okcwx8e7548yvwcxc3b1b84,Donatas Rumšas,FC Bayern München,Club Brugge KV,W. Mike,0,0,0,0,1,0,0,0,4,0,0,1,0,0,0
80,22 Oct 2025,,59okcwx8e7548yvwcxc3b1b84,Donatas Rumšas,FC Bayern München,Club Brugge KV,Kim Min-Jae,0,0,0,0,1,0,0,0,10,0,0,0,0,0,1
80,22 Oct 2025,,59okcwx8e7548yvwcxc3b1b84,Donatas Rumšas,FC Bayern München,Club Brugge KV,C. Tzolis,0,1,1,2,0,0,0,0,24,0,0,2,1,1,0
80,22 Oct 2025,,59okcwx8e7548yvwcxc3b1b84,Donatas Rumšas,FC Bayern München,Club Brugge KV,A. Stanković,0,0,0,0,1,1,0,0,34,0,0,0,0,2,0
80,22 Oct 2025,,59okcwx8e7548yvwcxc3b1b84,Donatas Rumšas,FC Bayern München,Club Brugge KV,J. Ordoñez,0,0,0,0,0,1,0,0,47,0,0,0,0,3,0
80,22 Oct 2025,,59okcwx8e7548yvwcxc3b1b84,Donatas Rumšas,FC Bayern München,Club Brugge KV,N. Tresoldi,0,0,0,0,0,1,0,0,18,0,0,0,0,0,0
80,22 Oct 2025,,59okcwx8e7548yvwcxc3b1b84,Donatas Rumšas,FC Bayern München,Club Brugge KV,L. Audoor,0,0,0,0,1,1,0,0,24,0,0,0,0,1,0
80,22 Oct 2025,,59okcwx8e7548yvwcxc3b1b84,Donatas Rumšas,FC Bayern München,Club Brugge KV,B. Mechele,0,0,0,0,0,0,0,0,55,0,0,0,0,1,0
80,22 Oct 2025,,59okcwx8e7548yvwcxc3b1b84,Donatas Rumšas,FC Bayern München,Club Brugge KV,Carlos Forbs,0,0,0,0,0,1,0,0,13,0,0,0,0,0,0
80,22 Oct 2025,,59okcwx8e7548yvwcxc3b1b84,Donatas Rumšas,FC Bayern München,Club Brugge KV,K. Sabbe,0,0,0,0,0,0,0,0,22,0,0,1,1,0,0
80,22 Oct 2025,,59okcwx8e7548yvwcxc3b1b84,Donatas Rumšas,FC Bayern München,Club Brugge KV,B. Meijer,0,0,0,3,0,2,0,0,25,0,0,0,0,3,0
80,22 Oct 2025,,59okcwx8e7548yvwcxc3b1b84,Donatas Rumšas,FC Bayern München,Club Brugge KV,H. Vanaken,0,0,0,1,0,0,0,0,61,0,0,1,0,1,0
80,22 Oct 2025,,59okcwx8e7548yvwcxc3b1b84,Donatas Rumšas,FC Bayern München,Club Brugge KV,Nordin Jackers,0,0,0,0,0,1,0,0,46,0,7,0,0,1,0
80,22 Oct 2025,,59okcwx8e7548yvwcxc3b1b84,Donatas Rumšas,FC Bayern München,Club Brugge KV,H. Siquet,0,0,0,0,1,3,0,0,14,0,0,1,0,1,0
80,22 Oct 2025,,59okcwx8e7548yvwcxc3b1b84,Donatas Rumšas,FC Bayern München,Club Brugge KV,J. Spileers,0,0,0,0,0,0,0,0,20,0,0,0,0,0,0
80,22 Oct 2025,,59okcwx8e7548yvwcxc3b1b84,Donatas Rumšas,FC Bayern München,Club Brugge KV,R. Vermant,0,0,0,0,0,1,0,0,6,0,0,0,0,0,0
80,22 Oct 2025,,59okcwx8e7548yvwcxc3b1b84,Donatas Rumšas,FC Bayern München,Club Brugge KV,C. Sandra,0,0,0,0,0,0,0,0,7,0,0,0,0,1,0
80,22 Oct 2025,,59okcwx8e7548yvwcxc3b1b84,Donatas Rumšas,FC Bayern München,Club Brugge KV,M. Diakhon,0,0,0,0,0,1,0,0,3,0,0,0,0,0,0
81,22 Oct 2025,,5a1g6r8o0nw2fuy68ka0ls0es,Slavko Vinčić,Real Madrid CF,Juventus FC,Álvaro Carreras,0,0,0,0,0,3,0,0,85,0,0,0,0,4,0
81,22 Oct 2025,,5a1g6r8o0nw2fuy68ka0ls0es,Slavko Vinčić,Real Madrid CF,Juventus FC,A. Güler,0,1,1,11,2,2,0,0,71,0,0,2,1,1,0
81,22 Oct 2025,,5a1g6r8o0nw2fuy68ka0ls0es,Slavko Vinčić,Real Madrid CF,Juventus FC,Éder Militão,0,2,1,0,1,2,0,0,56,0,0,5,0,3,0
81,22 Oct 2025,,5a1g6r8o0nw2fuy68ka0ls0es,Slavko Vinčić,Real Madrid CF,Juventus FC,Raúl Asencio,0,0,0,0,2,1,0,0,56,0,0,0,0,1,0
81,22 Oct 2025,,5a1g6r8o0nw2fuy68ka0ls0es,Slavko Vinčić,Real Madrid CF,Juventus FC,Vinícius Júnior,0,2,3,1,0,2,0,0,33,0,0,4,0,1,0
81,22 Oct 2025,,5a1g6r8o0nw2fuy68ka0ls0es,Slavko Vinčić,Real Madrid CF,Juventus FC,T. Courtois,0,0,0,0,0,0,0,0,23,0,4,0,0,0,0
81,22 Oct 2025,,5a1g6r8o0nw2fuy68ka0ls0es,Slavko Vinčić,Real Madrid CF,Juventus FC,F. Valverde,0,2,4,1,0,0,0,0,75,0,0,2,0,1,0
81,22 Oct 2025,,5a1g6r8o0nw2fuy68ka0ls0es,Slavko Vinčić,Real Madrid CF,Juventus FC,Brahim Díaz,0,1,2,0,3,2,0,0,51,0,0,4,3,1,1
81,22 Oct 2025,,5a1g6r8o0nw2fuy68ka0ls0es,Slavko Vinčić,Real Madrid CF,Juventus FC,A. Tchouaméni,0,2,1,0,1,0,0,0,62,0,0,3,1,0,0
81,22 Oct 2025,,5a1g6r8o0nw2fuy68ka0ls0es,Slavko Vinčić,Real Madrid CF,Juventus FC,K. Mbappé,0,1,1,0,0,0,0,0,40,0,0,5,4,0,0
81,22 Oct 2025,,5a1g6r8o0nw2fuy68ka0ls0es,Slavko Vinčić,Real Madrid CF,Juventus FC,J. Bellingham,0,1,0,1,1,3,1,1,58,0,0,3,1,1,0
81,22 Oct 2025,,5a1g6r8o0nw2fuy68ka0ls0es,Slavko Vinčić,Real Madrid CF,Juventus FC,E. Camavinga,0,0,0,0,0,1,0,0,3,0,0,0,0,0,0
81,22 Oct 2025,,5a1g6r8o0nw2fuy68ka0ls0es,Slavko Vinčić,Real Madrid CF,Juventus FC,F. Mastantuono,0,0,0,0,0,0,0,0,2,0,0,0,0,1,0
81,22 Oct 2025,,5a1g6r8o0nw2fuy68ka0ls0es,Slavko Vinčić,Real Madrid CF,Juventus FC,Fran García,0,0,0,0,0,0,0,0,1,0,0,0,0,0,0
81,22 Oct 2025,,5a1g6r8o0nw2fuy68ka0ls0es,Slavko Vinčić,Real Madrid CF,Juventus FC,Gonzalo García,0,0,1,0,0,0,0,0,3,0,0,0,0,0,0
81,22 Oct 2025,,5a1g6r8o0nw2fuy68ka0ls0es,Slavko Vinčić,Real Madrid CF,Juventus FC,D. Vlahović,0,1,2,0,3,3,0,0,12,0,0,2,1,0,0
81,22 Oct 2025,,5a1g6r8o0nw2fuy68ka0ls0es,Slavko Vinčić,Real Madrid CF,Juventus FC,K. Thuram,0,0,0,1,1,1,0,0,26,0,0,0,0,0,0
81,22 Oct 2025,,5a1g6r8o0nw2fuy68ka0ls0es,Slavko Vinčić,Real Madrid CF,Juventus FC,M. Di Gregorio,0,0,0,0,0,0,0,0,22,0,8,0,0,0,0
81,22 Oct 2025,,5a1g6r8o0nw2fuy68ka0ls0es,Slavko Vinčić,Real Madrid CF,Juventus FC,W. McKennie,0,0,1,0,2,1,0,1,26,0,0,1,0,3,0
81,22 Oct 2025,,5a1g6r8o0nw2fuy68ka0ls0es,Slavko Vinčić,Real Madrid CF,Juventus FC,P. Kalulu,0,1,3,2,3,1,0,0,22,0,0,1,0,0,0
81,22 Oct 2025,,5a1g6r8o0nw2fuy68ka0ls0es,Slavko Vinčić,Real Madrid CF,Juventus FC,K. Yıldız,0,1,0,2,1,0,0,0,20,0,0,3,1,0,0
81,22 Oct 2025,,5a1g6r8o0nw2fuy68ka0ls0es,Slavko Vinčić,Real Madrid CF,Juventus FC,T. Koopmeiners,0,0,0,2,2,0,0,0,20,0,0,0,0,0,0
81,22 Oct 2025,,5a1g6r8o0nw2fuy68ka0ls0es,Slavko Vinčić,Real Madrid CF,Juventus FC,L. Kelly,0,0,0,0,1,2,0,0,40,0,0,0,0,1,0
81,22 Oct 2025,,5a1g6r8o0nw2fuy68ka0ls0es,Slavko Vinčić,Real Madrid CF,Juventus FC,D. Rugani,0,0,0,0,0,0,0,0,19,0,0,1,0,2,0
81,22 Oct 2025,,5a1g6r8o0nw2fuy68ka0ls0es,Slavko Vinčić,Real Madrid CF,Juventus FC,F. Gatti,0,0,0,0,1,1,0,0,28,0,0,1,1,0,0
81,22 Oct 2025,,5a1g6r8o0nw2fuy68ka0ls0es,Slavko Vinčić,Real Madrid CF,Juventus FC,A. Cambiaso,0,1,0,1,1,1,0,0,35,0,0,1,0,0,0
81,22 Oct 2025,,5a1g6r8o0nw2fuy68ka0ls0es,Slavko Vinčić,Real Madrid CF,Juventus FC,Francisco Conceição,0,0,0,1,2,0,0,0,10,0,0,0,0,1,0
81,22 Oct 2025,,5a1g6r8o0nw2fuy68ka0ls0es,Slavko Vinčić,Real Madrid CF,Juventus FC,L. Openda,0,2,1,2,1,0,0,1,3,0,0,2,0,0,0
81,22 Oct 2025,,5a1g6r8o0nw2fuy68ka0ls0es,Slavko Vinčić,Real Madrid CF,Juventus FC,M. Locatelli,0,0,0,2,0,0,0,0,20,0,0,0,0,0,0
81,22 Oct 2025,,5a1g6r8o0nw2fuy68ka0ls0es,Slavko Vinčić,Real Madrid CF,Juventus FC,J. David,0,0,0,0,0,0,0,0,6,0,0,0,0,0,0
81,22 Oct 2025,,5a1g6r8o0nw2fuy68ka0ls0es,Slavko Vinčić,Real Madrid CF,Juventus FC,F. Kostić,0,0,0,3,0,0,0,0,2,0,0,1,1,0,0
82,22 Oct 2025,,5aef6fbewvou5chh024lqfrbo,Rade Obrenović,Sporting Clube de Portugal,Olympique de Marseille,Z. Debast,0,0,0,0,0,1,0,0,48,0,0,0,0,0,0
82,22 Oct 2025,,5aef6fbewvou5chh024lqfrbo,Rade Obrenović,Sporting Clube de Portugal,Olympique de Marseille,Rui Silva,0,0,0,0,0,0,0,0,28,0,2,0,0,0,0
82,22 Oct 2025,,5aef6fbewvou5chh024lqfrbo,Rade Obrenović,Sporting Clube de Portugal,Olympique de Marseille,L. Suárez,0,1,0,0,1,3,0,1,11,0,0,4,2,1,0
82,22 Oct 2025,,5aef6fbewvou5chh024lqfrbo,Rade Obrenović,Sporting Clube de Portugal,Olympique de Marseille,Trincão,0,0,0,1,1,0,0,0,29,0,0,2,1,1,0
82,22 Oct 2025,,5aef6fbewvou5chh024lqfrbo,Rade Obrenović,Sporting Clube de Portugal,Olympique de Marseille,M. Araújo,0,0,0,4,1,2,0,0,33,0,0,0,0,1,1
82,22 Oct 2025,,5aef6fbewvou5chh024lqfrbo,Rade Obrenović,Sporting Clube de Portugal,Olympique de Marseille,M. Hjulmand,0,0,0,0,4,1,0,0,78,0,0,1,0,1,0
82,22 Oct 2025,,5aef6fbewvou5chh024lqfrbo,Rade Obrenović,Sporting Clube de Portugal,Olympique de Marseille,João Simões,0,0,0,0,0,2,0,0,37,0,0,1,1,2,0
82,22 Oct 2025,,5aef6fbewvou5chh024lqfrbo,Rade Obrenović,Sporting Clube de Portugal,Olympique de Marseille,Gonçalo Inácio,0,0,0,0,0,0,0,0,80,0,0,1,0,1,0
82,22 Oct 2025,,5aef6fbewvou5chh024lqfrbo,Rade Obrenović,Sporting Clube de Portugal,Olympique de Marseille,Iván Fresneda,0,0,1,2,2,0,0,0,37,0,0,0,0,1,0
82,22 Oct 2025,,5aef6fbewvou5chh024lqfrbo,Rade Obrenović,Sporting Clube de Portugal,Olympique de Marseille,Geovany Quenda,0,0,2,4,0,2,0,0,24,0,0,1,1,1,0
82,22 Oct 2025,,5aef6fbewvou5chh024lqfrbo,Rade Obrenović,Sporting Clube de Portugal,Olympique de Marseille,Pote,1,0,0,1,1,1,0,1,36,0,0,1,0,1,1
82,22 Oct 2025,,5aef6fbewvou5chh024lqfrbo,Rade Obrenović,Sporting Clube de Portugal,Olympique de Marseille,Geny Catamo,0,0,0,2,1,1,1,0,11,0,0,1,1,0,0
82,22 Oct 2025,,5aef6fbewvou5chh024lqfrbo,Rade Obrenović,Sporting Clube de Portugal,Olympique de Marseille,F. Ioannidis,1,1,0,0,0,1,0,0,6,0,0,1,0,2,0
82,22 Oct 2025,,5aef6fbewvou5chh024lqfrbo,Rade Obrenović,Sporting Clube de Portugal,Olympique de Marseille,O. Diomande,0,0,0,0,0,0,0,0,8,0,0,0,0,0,0
82,22 Oct 2025,,5aef6fbewvou5chh024lqfrbo,Rade Obrenović,Sporting Clube de Portugal,Olympique de Marseille,Alisson Santos,0,0,0,0,0,0,1,0,2,0,0,1,1,1,0
82,22 Oct 2025,,5aef6fbewvou5chh024lqfrbo,Rade Obrenović,Sporting Clube de Portugal,Olympique de Marseille,Matheus Reis,0,0,0,0,0,0,0,0,0,0,0,0,0,0,0
82,22 Oct 2025,,5aef6fbewvou5chh024lqfrbo,Rade Obrenović,Sporting Clube de Portugal,Olympique de Marseille,A. Vermeeren,0,0,0,0,3,0,0,0,46,0,0,0,0,0,0
82,22 Oct 2025,,5aef6fbewvou5chh024lqfrbo,Rade Obrenović,Sporting Clube de Portugal,Olympique de Marseille,L. Balerdi,0,0,0,0,3,1,0,0,47,0,0,0,0,3,1
82,22 Oct 2025,,5aef6fbewvou5chh024lqfrbo,Rade Obrenović,Sporting Clube de Portugal,Olympique de Marseille,N. Aguerd,0,0,0,0,1,0,0,0,50,0,0,0,0,2,0
82,22 Oct 2025,,5aef6fbewvou5chh024lqfrbo,Rade Obrenović,Sporting Clube de Portugal,Olympique de Marseille,G. Rulli,0,0,0,0,0,0,0,0,41,0,5,0,0,0,0
82,22 Oct 2025,,5aef6fbewvou5chh024lqfrbo,Rade Obrenović,Sporting Clube de Portugal,Olympique de Marseille,P. Højbjerg,0,0,0,0,0,3,0,0,76,0,0,1,0,4,0
82,22 Oct 2025,,5aef6fbewvou5chh024lqfrbo,Rade Obrenović,Sporting Clube de Portugal,Olympique de Marseille,T. Weah,0,0,0,2,1,0,0,0,25,0,0,0,0,0,0
82,22 Oct 2025,,5aef6fbewvou5chh024lqfrbo,Rade Obrenović,Sporting Clube de Portugal,Olympique de Marseille,Emerson,0,0,0,1,2,1,0,0,18,1,0,0,0,2,2
82,22 Oct 2025,,5aef6fbewvou5chh024lqfrbo,Rade Obrenović,Sporting Clube de Portugal,Olympique de Marseille,Igor Paixão,0,0,0,1,0,1,1,0,11,0,0,3,2,4,0
82,22 Oct 2025,,5aef6fbewvou5chh024lqfrbo,Rade Obrenović,Sporting Clube de Portugal,Olympique de Marseille,P. Aubameyang,1,1,1,1,1,0,0,0,16,0,0,1,0,0,0
82,22 Oct 2025,,5aef6fbewvou5chh024lqfrbo,Rade Obrenović,Sporting Clube de Portugal,Olympique de Marseille,B. Pavard,0,0,0,2,2,1,0,0,31,0,0,0,0,2,1
82,22 Oct 2025,,5aef6fbewvou5chh024lqfrbo,Rade Obrenović,Sporting Clube de Portugal,Olympique de Marseille,M. Greenwood,0,1,0,0,0,1,0,0,16,0,0,4,1,1,0
82,22 Oct 2025,,5aef6fbewvou5chh024lqfrbo,Rade Obrenović,Sporting Clube de Portugal,Olympique de Marseille,A. Murillo,0,0,0,1,0,0,0,0,6,0,0,0,0,3,0
82,22 Oct 2025,,5aef6fbewvou5chh024lqfrbo,Rade Obrenović,Sporting Clube de Portugal,Olympique de Marseille,M. O'Riley,0,1,0,0,2,0,0,0,18,0,0,1,0,2,0
82,22 Oct 2025,,5aef6fbewvou5chh024lqfrbo,Rade Obrenović,Sporting Clube de Portugal,Olympique de Marseille,A. Gomes,0,0,0,0,0,0,0,0,15,0,0,0,0,0,0
82,22 Oct 2025,,5aef6fbewvou5chh024lqfrbo,Rade Obrenović,Sporting Clube de Portugal,Olympique de Marseille,U. Garcia,0,0,0,1,1,2,0,0,8,0,0,0,0,0,0
82,22 Oct 2025,,5aef6fbewvou5chh024lqfrbo,Rade Obrenović,Sporting Clube de Portugal,Olympique de Marseille,R. Vaz,0,0,0,0,0,1,0,0,2,0,0,0,0,0,0
83,4 Nov 2025,,5ar7r75v5tj8t5k5c0lafex3o,Əliyar Ağayev,SK Slavia Praha,Arsenal FC,Š. Chaloupek,0,0,0,0,1,0,0,0,27,0,0,0,0,2,0
83,4 Nov 2025,,5ar7r75v5tj8t5k5c0lafex3o,Əliyar Ağayev,SK Slavia Praha,Arsenal FC,T. Vlček,0,0,0,0,2,0,0,0,17,0,0,0,0,1,0
83,4 Nov 2025,,5ar7r75v5tj8t5k5c0lafex3o,Əliyar Ağayev,SK Slavia Praha,Arsenal FC,C. Zafeiris,0,0,1,1,2,0,0,0,11,0,0,3,0,2,1
83,4 Nov 2025,,5ar7r75v5tj8t5k5c0lafex3o,Əliyar Ağayev,SK Slavia Praha,Arsenal FC,Y. Sanyang,0,1,1,1,0,3,0,2,18,0,0,1,0,6,0
83,4 Nov 2025,,5ar7r75v5tj8t5k5c0lafex3o,Əliyar Ağayev,SK Slavia Praha,Arsenal FC,J. Markovič,0,0,0,0,0,0,0,0,32,0,5,0,0,0,0
83,4 Nov 2025,,5ar7r75v5tj8t5k5c0lafex3o,Əliyar Ağayev,SK Slavia Praha,Arsenal FC,D. Moses,0,0,0,0,2,0,0,0,13,0,0,0,0,2,0
83,4 Nov 2025,,5ar7r75v5tj8t5k5c0lafex3o,Əliyar Ağayev,SK Slavia Praha,Arsenal FC,L. Provod,0,1,1,3,3,3,0,1,31,0,0,2,0,0,0
83,4 Nov 2025,,5ar7r75v5tj8t5k5c0lafex3o,Əliyar Ağayev,SK Slavia Praha,Arsenal FC,D. Zima,0,0,0,0,1,0,0,0,27,0,0,0,0,0,0
83,4 Nov 2025,,5ar7r75v5tj8t5k5c0lafex3o,Əliyar Ağayev,SK Slavia Praha,Arsenal FC,M. Sadílek,0,0,1,3,1,3,0,0,23,0,0,0,0,2,0
83,4 Nov 2025,,5ar7r75v5tj8t5k5c0lafex3o,Əliyar Ağayev,SK Slavia Praha,Arsenal FC,T. Chorý,0,0,0,1,4,0,0,2,7,0,0,0,0,0,0
83,4 Nov 2025,,5ar7r75v5tj8t5k5c0lafex3o,Əliyar Ağayev,SK Slavia Praha,Arsenal FC,Y. Mbodji,0,0,0,4,3,0,0,0,13,0,0,2,1,3,1
83,4 Nov 2025,,5ar7r75v5tj8t5k5c0lafex3o,Əliyar Ağayev,SK Slavia Praha,Arsenal FC,M. Chytil,0,1,0,0,1,1,0,0,6,0,0,1,0,1,0
83,4 Nov 2025,,5ar7r75v5tj8t5k5c0lafex3o,Əliyar Ağayev,SK Slavia Praha,Arsenal FC,M. Cham,0,0,0,0,1,0,0,0,12,0,0,0,0,1,0
83,4 Nov 2025,,5ar7r75v5tj8t5k5c0lafex3o,Əliyar Ağayev,SK Slavia Praha,Arsenal FC,V. Kušej,0,0,0,1,1,0,0,0,7,0,0,0,0,0,0
83,4 Nov 2025,,5ar7r75v5tj8t5k5c0lafex3o,Əliyar Ağayev,SK Slavia Praha,Arsenal FC,D. Douděra,0,0,0,2,1,1,0,0,7,0,0,0,0,0,1
83,4 Nov 2025,,5ar7r75v5tj8t5k5c0lafex3o,Əliyar Ağayev,SK Slavia Praha,Arsenal FC,D. Hashioka,0,0,0,0,1,0,0,0,7,0,0,0,0,0,0
83,4 Nov 2025,,5ar7r75v5tj8t5k5c0lafex3o,Əliyar Ağayev,SK Slavia Praha,Arsenal FC,E. Nwaneri,0,1,0,1,2,0,0,0,19,0,0,1,0,1,1
83,4 Nov 2025,,5ar7r75v5tj8t5k5c0lafex3o,Əliyar Ağayev,SK Slavia Praha,Arsenal FC,David Raya,0,0,0,0,0,0,0,0,42,0,1,0,0,0,0
83,4 Nov 2025,,5ar7r75v5tj8t5k5c0lafex3o,Əliyar Ağayev,SK Slavia Praha,Arsenal FC,D. Rice,1,0,1,5,0,0,0,0,52,0,0,0,0,0,0
83,4 Nov 2025,,5ar7r75v5tj8t5k5c0lafex3o,Əliyar Ağayev,SK Slavia Praha,Arsenal FC,C. Nørgaard,0,0,0,1,2,1,0,0,30,0,0,0,0,1,1
83,4 Nov 2025,,5ar7r75v5tj8t5k5c0lafex3o,Əliyar Ağayev,SK Slavia Praha,Arsenal FC,Gabriel Magalhães,0,1,0,0,2,4,0,0,45,0,0,2,0,0,0
83,4 Nov 2025,,5ar7r75v5tj8t5k5c0lafex3o,Əliyar Ağayev,SK Slavia Praha,Arsenal FC,Mikel Merino,0,0,0,0,1,3,2,0,30,0,0,2,2,1,1
83,4 Nov 2025,,5ar7r75v5tj8t5k5c0lafex3o,Əliyar Ağayev,SK Slavia Praha,Arsenal FC,L. Trossard,1,1,3,3,0,4,0,0,9,0,0,3,1,1,0
83,4 Nov 2025,,5ar7r75v5tj8t5k5c0lafex3o,Əliyar Ağayev,SK Slavia Praha,Arsenal FC,P. Hincapié,0,0,0,2,0,3,0,0,19,0,0,0,0,2,0
83,4 Nov 2025,,5ar7r75v5tj8t5k5c0lafex3o,Əliyar Ağayev,SK Slavia Praha,Arsenal FC,W. Saliba,0,0,0,0,2,1,0,0,32,0,0,0,0,1,0
83,4 Nov 2025,,5ar7r75v5tj8t5k5c0lafex3o,Əliyar Ağayev,SK Slavia Praha,Arsenal FC,J. Timber,0,0,1,0,1,1,0,0,18,0,0,0,0,1,0
83,4 Nov 2025,,5ar7r75v5tj8t5k5c0lafex3o,Əliyar Ağayev,SK Slavia Praha,Arsenal FC,B. Saka,0,1,2,3,0,1,1,0,18,0,0,6,5,1,0
83,4 Nov 2025,,5ar7r75v5tj8t5k5c0lafex3o,Əliyar Ağayev,SK Slavia Praha,Arsenal FC,E. Eze,0,0,0,0,0,0,0,0,5,0,0,0,0,0,0
83,4 Nov 2025,,5ar7r75v5tj8t5k5c0lafex3o,Əliyar Ağayev,SK Slavia Praha,Arsenal FC,M. Lewis-Skelly,0,0,0,0,1,1,0,0,11,0,0,0,0,0,1
83,4 Nov 2025,,5ar7r75v5tj8t5k5c0lafex3o,Əliyar Ağayev,SK Slavia Praha,Arsenal FC,B. White,0,0,0,0,0,0,0,0,4,0,0,0,0,0,0
83,4 Nov 2025,,5ar7r75v5tj8t5k5c0lafex3o,Əliyar Ağayev,SK Slavia Praha,Arsenal FC,M. Dowman,0,0,0,0,1,2,0,0,6,0,0,0,0,1,0
83,4 Nov 2025,,5ar7r75v5tj8t5k5c0lafex3o,Əliyar Ağayev,SK Slavia Praha,Arsenal FC,A. Harriman-Annous,0,0,0,0,0,1,0,0,4,0,0,0,0,0,0
84,4 Nov 2025,,5b46wuyejszmlnabyu6px8lxw,João Pedro Silva Pinheiro,SSC Napoli,Eintracht Frankfurt,S. Lobotka,0,0,0,0,0,0,0,0,59,0,0,0,0,1,0
84,4 Nov 2025,,5b46wuyejszmlnabyu6px8lxw,João Pedro Silva Pinheiro,SSC Napoli,Eintracht Frankfurt,V. Milinković-Savić,0,0,0,0,0,0,0,0,41,0,4,0,0,0,0
84,4 Nov 2025,,5b46wuyejszmlnabyu6px8lxw,João Pedro Silva Pinheiro,SSC Napoli,Eintracht Frankfurt,F. Anguissa,0,1,0,2,1,0,0,0,58,0,0,4,0,0,0
84,4 Nov 2025,,5b46wuyejszmlnabyu6px8lxw,João Pedro Silva Pinheiro,SSC Napoli,Eintracht Frankfurt,M. Politano,0,0,1,5,1,0,0,0,33,0,0,0,0,1,0
84,4 Nov 2025,,5b46wuyejszmlnabyu6px8lxw,João Pedro Silva Pinheiro,SSC Napoli,Eintracht Frankfurt,Miguel Gutiérrez,0,0,1,6,1,4,0,0,71,0,0,1,0,3,1
84,4 Nov 2025,,5b46wuyejszmlnabyu6px8lxw,João Pedro Silva Pinheiro,SSC Napoli,Eintracht Frankfurt,A. Buongiorno,0,0,0,0,5,1,0,0,84,0,0,0,0,4,0
84,4 Nov 2025,,5b46wuyejszmlnabyu6px8lxw,João Pedro Silva Pinheiro,SSC Napoli,Eintracht Frankfurt,Amir Rrahmani,0,1,0,0,1,0,0,0,109,0,0,1,0,1,1
84,4 Nov 2025,,5b46wuyejszmlnabyu6px8lxw,João Pedro Silva Pinheiro,SSC Napoli,Eintracht Frankfurt,G. Di Lorenzo,0,2,1,2,0,1,0,0,79,0,0,4,0,1,0
84,4 Nov 2025,,5b46wuyejszmlnabyu6px8lxw,João Pedro Silva Pinheiro,SSC Napoli,Eintracht Frankfurt,E. Elmas,0,1,0,6,1,2,0,0,51,0,0,3,2,1,0
84,4 Nov 2025,,5b46wuyejszmlnabyu6px8lxw,João Pedro Silva Pinheiro,SSC Napoli,Eintracht Frankfurt,S. McTominay,0,1,1,0,1,1,0,0,42,0,0,3,0,4,0
84,4 Nov 2025,,5b46wuyejszmlnabyu6px8lxw,João Pedro Silva Pinheiro,SSC Napoli,Eintracht Frankfurt,R. Højlund,0,1,0,0,1,1,0,0,19,0,0,2,1,0,0
84,4 Nov 2025,,5b46wuyejszmlnabyu6px8lxw,João Pedro Silva Pinheiro,SSC Napoli,Eintracht Frankfurt,David Neres,0,0,0,0,0,0,0,0,16,0,0,0,0,0,0
84,4 Nov 2025,,5b46wuyejszmlnabyu6px8lxw,João Pedro Silva Pinheiro,SSC Napoli,Eintracht Frankfurt,N. Lang,0,0,1,3,0,0,0,1,7,0,0,0,0,0,0
84,4 Nov 2025,,5b46wuyejszmlnabyu6px8lxw,João Pedro Silva Pinheiro,SSC Napoli,Eintracht Frankfurt,H. Larsson,0,0,0,0,1,0,0,0,38,0,0,0,0,1,0
84,4 Nov 2025,,5b46wuyejszmlnabyu6px8lxw,João Pedro Silva Pinheiro,SSC Napoli,Eintracht Frankfurt,R. Koch,0,0,0,0,0,1,0,0,34,0,0,0,0,1,0
84,4 Nov 2025,,5b46wuyejszmlnabyu6px8lxw,João Pedro Silva Pinheiro,SSC Napoli,Eintracht Frankfurt,F. Chaïbi,0,1,0,4,0,0,0,0,41,0,0,2,1,2,0
84,4 Nov 2025,,5b46wuyejszmlnabyu6px8lxw,João Pedro Silva Pinheiro,SSC Napoli,Eintracht Frankfurt,N. Brown,0,0,0,2,1,1,0,0,23,0,0,1,0,7,0
84,4 Nov 2025,,5b46wuyejszmlnabyu6px8lxw,João Pedro Silva Pinheiro,SSC Napoli,Eintracht Frankfurt,R. Kristensen,0,1,2,2,4,1,0,0,40,0,0,1,0,4,0
84,4 Nov 2025,,5b46wuyejszmlnabyu6px8lxw,João Pedro Silva Pinheiro,SSC Napoli,Eintracht Frankfurt,J. Burkardt,0,0,0,1,0,6,0,0,19,0,0,0,0,0,0
84,4 Nov 2025,,5b46wuyejszmlnabyu6px8lxw,João Pedro Silva Pinheiro,SSC Napoli,Eintracht Frankfurt,N. Collins,0,0,0,0,1,0,0,0,47,0,0,0,0,1,0
84,4 Nov 2025,,5b46wuyejszmlnabyu6px8lxw,João Pedro Silva Pinheiro,SSC Napoli,Eintracht Frankfurt,J. Bahoya,0,0,0,0,0,0,0,0,16,0,0,1,1,0,0
84,4 Nov 2025,,5b46wuyejszmlnabyu6px8lxw,João Pedro Silva Pinheiro,SSC Napoli,Eintracht Frankfurt,M. Götze,0,0,0,1,1,1,0,0,32,0,0,1,0,4,0
84,4 Nov 2025,,5b46wuyejszmlnabyu6px8lxw,João Pedro Silva Pinheiro,SSC Napoli,Eintracht Frankfurt,A. Theate,0,0,1,0,0,0,0,0,45,0,0,0,0,2,0
84,4 Nov 2025,,5b46wuyejszmlnabyu6px8lxw,João Pedro Silva Pinheiro,SSC Napoli,Eintracht Frankfurt,M. Zetterer,0,0,0,0,0,1,0,0,39,0,2,0,0,0,1
84,4 Nov 2025,,5b46wuyejszmlnabyu6px8lxw,João Pedro Silva Pinheiro,SSC Napoli,Eintracht Frankfurt,A. Knauff,0,0,0,0,1,0,0,0,6,0,0,1,1,0,0
84,4 Nov 2025,,5b46wuyejszmlnabyu6px8lxw,João Pedro Silva Pinheiro,SSC Napoli,Eintracht Frankfurt,E. Skhiri,0,0,0,0,0,0,0,0,5,0,0,0,0,0,0
84,4 Nov 2025,,5b46wuyejszmlnabyu6px8lxw,João Pedro Silva Pinheiro,SSC Napoli,Eintracht Frankfurt,A. Amenda,0,0,0,0,1,0,0,0,0,0,0,0,0,2,0
84,4 Nov 2025,,5b46wuyejszmlnabyu6px8lxw,João Pedro Silva Pinheiro,SSC Napoli,Eintracht Frankfurt,Mahmoud Dahoud,0,0,0,0,0,1,0,0,2,0,0,0,0,0,0
85,4 Nov 2025,,5bh296zaaweqezgf1h126snx0,Espen Eskås,Club Atlético de Madrid,Royale Union Saint-Gilloise,N. Molina,0,0,0,0,2,0,0,0,71,0,0,0,0,2,1
85,4 Nov 2025,,5bh296zaaweqezgf1h126snx0,Espen Eskås,Club Atlético de Madrid,Royale Union Saint-Gilloise,A. Griezmann,0,1,0,1,1,0,0,0,38,0,0,1,0,0,0
85,4 Nov 2025,,5bh296zaaweqezgf1h126snx0,Espen Eskås,Club Atlético de Madrid,Royale Union Saint-Gilloise,G. Simeone,1,0,2,3,0,2,0,0,35,0,0,1,0,0,0
85,4 Nov 2025,,5bh296zaaweqezgf1h126snx0,Espen Eskås,Club Atlético de Madrid,Royale Union Saint-Gilloise,M. Ruggeri,0,1,3,5,2,0,0,0,60,0,0,1,0,5,0
85,4 Nov 2025,,5bh296zaaweqezgf1h126snx0,Espen Eskås,Club Atlético de Madrid,Royale Union Saint-Gilloise,J. Oblak,0,0,0,0,0,2,0,0,27,0,2,0,0,0,0
85,4 Nov 2025,,5bh296zaaweqezgf1h126snx0,Espen Eskås,Club Atlético de Madrid,Royale Union Saint-Gilloise,D. Hancko,0,0,1,2,0,1,0,0,83,0,0,1,0,0,0
85,4 Nov 2025,,5bh296zaaweqezgf1h126snx0,Espen Eskås,Club Atlético de Madrid,Royale Union Saint-Gilloise,J. Alvarez,0,0,1,6,1,0,1,0,29,0,0,3,3,0,0
85,4 Nov 2025,,5bh296zaaweqezgf1h126snx0,Espen Eskås,Club Atlético de Madrid,Royale Union Saint-Gilloise,Robin Le Normand,0,0,0,0,0,0,0,0,25,0,0,0,0,0,0
85,4 Nov 2025,,5bh296zaaweqezgf1h126snx0,Espen Eskås,Club Atlético de Madrid,Royale Union Saint-Gilloise,Pablo Barrios,0,0,0,0,0,3,0,0,81,0,0,0,0,1,0
85,4 Nov 2025,,5bh296zaaweqezgf1h126snx0,Espen Eskås,Club Atlético de Madrid,Royale Union Saint-Gilloise,Álex Baena,0,0,1,4,2,2,0,1,43,0,0,0,0,0,0
85,4 Nov 2025,,5bh296zaaweqezgf1h126snx0,Espen Eskås,Club Atlético de Madrid,Royale Union Saint-Gilloise,Koke,0,0,0,0,0,1,0,0,68,0,0,0,0,2,0
85,4 Nov 2025,,5bh296zaaweqezgf1h126snx0,Espen Eskås,Club Atlético de Madrid,Royale Union Saint-Gilloise,J. Giménez,0,0,0,0,0,0,0,0,47,0,0,2,0,0,0
85,4 Nov 2025,,5bh296zaaweqezgf1h126snx0,Espen Eskås,Club Atlético de Madrid,Royale Union Saint-Gilloise,T. Almada,0,0,0,2,0,0,0,0,17,0,0,1,1,1,0
85,4 Nov 2025,,5bh296zaaweqezgf1h126snx0,Espen Eskås,Club Atlético de Madrid,Royale Union Saint-Gilloise,C. Gallagher,0,0,0,0,2,1,1,0,15,0,0,1,1,2,0
85,4 Nov 2025,,5bh296zaaweqezgf1h126snx0,Espen Eskås,Club Atlético de Madrid,Royale Union Saint-Gilloise,A. Sørloth,0,1,1,0,0,1,0,0,8,0,0,2,0,0,0
85,4 Nov 2025,,5bh296zaaweqezgf1h126snx0,Espen Eskås,Club Atlético de Madrid,Royale Union Saint-Gilloise,Marcos Llorente,0,0,0,0,0,0,1,0,2,0,0,1,1,0,0
85,4 Nov 2025,,5bh296zaaweqezgf1h126snx0,Espen Eskås,Club Atlético de Madrid,Royale Union Saint-Gilloise,R. Schoofs,0,0,0,0,2,0,0,0,17,0,0,1,0,0,0
85,4 Nov 2025,,5bh296zaaweqezgf1h126snx0,Espen Eskås,Club Atlético de Madrid,Royale Union Saint-Gilloise,K. Scherpen,0,0,0,0,0,0,0,0,24,0,3,0,0,0,0
85,4 Nov 2025,,5bh296zaaweqezgf1h126snx0,Espen Eskås,Club Atlético de Madrid,Royale Union Saint-Gilloise,K. Mac Allister,0,0,0,1,2,3,0,0,40,0,0,0,0,5,1
85,4 Nov 2025,,5bh296zaaweqezgf1h126snx0,Espen Eskås,Club Atlético de Madrid,Royale Union Saint-Gilloise,C. Burgess,0,0,0,0,1,0,0,0,35,0,0,0,0,1,0
85,4 Nov 2025,,5bh296zaaweqezgf1h126snx0,Espen Eskås,Club Atlético de Madrid,Royale Union Saint-Gilloise,R. Sykes,0,0,0,1,1,0,1,0,28,0,0,1,1,1,0
85,4 Nov 2025,,5bh296zaaweqezgf1h126snx0,Espen Eskås,Club Atlético de Madrid,Royale Union Saint-Gilloise,O. Niang,0,0,0,4,1,2,0,0,14,0,0,1,0,2,1
85,4 Nov 2025,,5bh296zaaweqezgf1h126snx0,Espen Eskås,Club Atlético de Madrid,Royale Union Saint-Gilloise,K. Van de Perre,0,0,0,0,3,0,0,0,25,0,0,0,0,3,1
85,4 Nov 2025,,5bh296zaaweqezgf1h126snx0,Espen Eskås,Club Atlético de Madrid,Royale Union Saint-Gilloise,A. Khalaili,0,0,0,0,0,0,0,0,24,0,0,0,0,5,0
85,4 Nov 2025,,5bh296zaaweqezgf1h126snx0,Espen Eskås,Club Atlético de Madrid,Royale Union Saint-Gilloise,A. Zorgane,0,0,0,0,1,0,0,0,55,0,0,0,0,2,0
85,4 Nov 2025,,5bh296zaaweqezgf1h126snx0,Espen Eskås,Club Atlético de Madrid,Royale Union Saint-Gilloise,A. Ait El Hadj,0,0,0,3,0,1,0,1,17,0,0,0,0,0,0
85,4 Nov 2025,,5bh296zaaweqezgf1h126snx0,Espen Eskås,Club Atlético de Madrid,Royale Union Saint-Gilloise,K. Rodríguez,0,0,0,0,1,2,0,0,17,0,0,1,0,1,0
85,4 Nov 2025,,5bh296zaaweqezgf1h126snx0,Espen Eskås,Club Atlético de Madrid,Royale Union Saint-Gilloise,P. David,0,0,1,0,0,0,0,0,3,0,0,2,1,0,0
85,4 Nov 2025,,5bh296zaaweqezgf1h126snx0,Espen Eskås,Club Atlético de Madrid,Royale Union Saint-Gilloise,M. Giger,0,0,0,1,0,0,0,0,6,0,0,0,0,1,0
85,4 Nov 2025,,5bh296zaaweqezgf1h126snx0,Espen Eskås,Club Atlético de Madrid,Royale Union Saint-Gilloise,M. Rasmussen,0,1,0,2,0,0,0,0,10,0,0,1,0,0,0
85,4 Nov 2025,,5bh296zaaweqezgf1h126snx0,Espen Eskås,Club Atlético de Madrid,Royale Union Saint-Gilloise,S. Boufal,1,0,0,1,1,1,0,0,7,0,0,0,0,2,0
85,4 Nov 2025,,5bh296zaaweqezgf1h126snx0,Espen Eskås,Club Atlético de Madrid,Royale Union Saint-Gilloise,L. Patris,0,0,0,1,0,0,0,0,2,0,0,1,1,3,0
86,4 Nov 2025,,5btub7q42mag1r6mj1qj74o44,Damian Sylwestrzak,FK Bodø / Glimt,AS Monaco FC,B. Moe,0,0,0,0,3,0,0,0,32,0,0,0,0,2,0
86,4 Nov 2025,,5btub7q42mag1r6mj1qj74o44,Damian Sylwestrzak,FK Bodø / Glimt,AS Monaco FC,F. Bjørkan,0,1,0,2,3,0,0,0,99,0,0,1,0,2,0
86,4 Nov 2025,,5btub7q42mag1r6mj1qj74o44,Damian Sylwestrzak,FK Bodø / Glimt,AS Monaco FC,S. Fet,0,1,1,0,0,4,0,0,36,0,0,1,0,1,0
86,4 Nov 2025,,5btub7q42mag1r6mj1qj74o44,Damian Sylwestrzak,FK Bodø / Glimt,AS Monaco FC,H. Evjen,0,0,0,3,2,3,0,0,36,0,0,0,0,4,0
86,4 Nov 2025,,5btub7q42mag1r6mj1qj74o44,Damian Sylwestrzak,FK Bodø / Glimt,AS Monaco FC,J. Hauge,0,0,1,4,0,1,0,0,66,0,0,1,1,1,0
86,4 Nov 2025,,5btub7q42mag1r6mj1qj74o44,Damian Sylwestrzak,FK Bodø / Glimt,AS Monaco FC,S. Auklend,0,1,0,2,1,5,0,0,48,0,0,1,0,0,1
86,4 Nov 2025,,5btub7q42mag1r6mj1qj74o44,Damian Sylwestrzak,FK Bodø / Glimt,AS Monaco FC,K. Høgh,0,0,1,0,1,0,0,0,14,0,0,6,2,0,0
86,4 Nov 2025,,5btub7q42mag1r6mj1qj74o44,Damian Sylwestrzak,FK Bodø / Glimt,AS Monaco FC,O. Bjørtuft,0,0,0,0,0,0,0,0,93,0,0,0,0,2,0
86,4 Nov 2025,,5btub7q42mag1r6mj1qj74o44,Damian Sylwestrzak,FK Bodø / Glimt,AS Monaco FC,P. Berg,0,1,1,6,0,2,0,0,74,0,0,4,1,1,0
86,4 Nov 2025,,5btub7q42mag1r6mj1qj74o44,Damian Sylwestrzak,FK Bodø / Glimt,AS Monaco FC,F. Sjøvold,0,2,0,1,0,1,0,0,83,0,0,2,0,1,0
86,4 Nov 2025,,5btub7q42mag1r6mj1qj74o44,Damian Sylwestrzak,FK Bodø / Glimt,AS Monaco FC,N. Haikin,0,0,0,0,0,0,0,0,36,0,1,0,0,0,0
86,4 Nov 2025,,5btub7q42mag1r6mj1qj74o44,Damian Sylwestrzak,FK Bodø / Glimt,AS Monaco FC,J. Gundersen,0,0,0,0,2,0,0,0,38,1,0,1,0,1,0
86,4 Nov 2025,,5btub7q42mag1r6mj1qj74o44,Damian Sylwestrzak,FK Bodø / Glimt,AS Monaco FC,O. Blomberg,0,0,0,0,1,0,0,0,5,0,0,0,0,0,0
86,4 Nov 2025,,5btub7q42mag1r6mj1qj74o44,Damian Sylwestrzak,FK Bodø / Glimt,AS Monaco FC,A. Helmersen,0,0,0,0,1,0,0,0,2,0,0,0,0,0,0
86,4 Nov 2025,,5btub7q42mag1r6mj1qj74o44,Damian Sylwestrzak,FK Bodø / Glimt,AS Monaco FC,V. Nielsen,0,0,0,0,0,0,0,0,11,0,0,0,0,0,0
86,4 Nov 2025,,5btub7q42mag1r6mj1qj74o44,Damian Sylwestrzak,FK Bodø / Glimt,AS Monaco FC,I. Määttä,0,0,0,0,0,0,0,0,10,0,0,0,0,0,0
86,4 Nov 2025,,5btub7q42mag1r6mj1qj74o44,Damian Sylwestrzak,FK Bodø / Glimt,AS Monaco FC,F. Balogun,0,0,0,0,0,2,1,0,20,0,0,2,1,0,0
86,4 Nov 2025,,5btub7q42mag1r6mj1qj74o44,Damian Sylwestrzak,FK Bodø / Glimt,AS Monaco FC,M. Coulibaly,0,0,0,0,3,1,0,0,42,0,0,1,1,5,0
86,4 Nov 2025,,5btub7q42mag1r6mj1qj74o44,Damian Sylwestrzak,FK Bodø / Glimt,AS Monaco FC,T. Kehrer,0,0,0,0,2,2,0,0,51,0,0,1,0,4,1
86,4 Nov 2025,,5btub7q42mag1r6mj1qj74o44,Damian Sylwestrzak,FK Bodø / Glimt,AS Monaco FC,J. Teze,0,0,0,3,1,1,0,0,38,0,0,0,0,3,0
86,4 Nov 2025,,5btub7q42mag1r6mj1qj74o44,Damian Sylwestrzak,FK Bodø / Glimt,AS Monaco FC,M. Akliouche,1,1,0,0,1,2,0,0,19,0,0,2,0,0,0
86,4 Nov 2025,,5btub7q42mag1r6mj1qj74o44,Damian Sylwestrzak,FK Bodø / Glimt,AS Monaco FC,T. Minamino,0,1,2,0,1,0,0,0,17,0,0,1,0,4,0
86,4 Nov 2025,,5btub7q42mag1r6mj1qj74o44,Damian Sylwestrzak,FK Bodø / Glimt,AS Monaco FC,P. Köhn,0,0,0,0,0,1,0,0,25,0,4,0,0,0,0
86,4 Nov 2025,,5btub7q42mag1r6mj1qj74o44,Damian Sylwestrzak,FK Bodø / Glimt,AS Monaco FC,Caio Henrique,0,0,0,2,1,0,0,0,46,0,0,0,0,1,0
86,4 Nov 2025,,5btub7q42mag1r6mj1qj74o44,Damian Sylwestrzak,FK Bodø / Glimt,AS Monaco FC,K. Ouattara,0,0,2,6,1,1,0,0,29,0,0,1,0,2,1
86,4 Nov 2025,,5btub7q42mag1r6mj1qj74o44,Damian Sylwestrzak,FK Bodø / Glimt,AS Monaco FC,A. Golovin,0,0,0,1,5,2,0,0,43,0,0,0,0,2,1
86,4 Nov 2025,,5btub7q42mag1r6mj1qj74o44,Damian Sylwestrzak,FK Bodø / Glimt,AS Monaco FC,M. Salisu,0,0,0,0,1,1,0,0,39,0,0,0,0,0,1
86,4 Nov 2025,,5btub7q42mag1r6mj1qj74o44,Damian Sylwestrzak,FK Bodø / Glimt,AS Monaco FC,P. Cabral,0,0,0,0,0,0,0,0,10,0,0,0,0,4,0
86,4 Nov 2025,,5btub7q42mag1r6mj1qj74o44,Damian Sylwestrzak,FK Bodø / Glimt,AS Monaco FC,M. Biereth,0,1,0,0,0,1,0,0,3,0,0,1,0,1,0
87,4 Nov 2025,,5c6o9gkconkcdrpnsx0b5k4r8,Daniel Siebert,Juventus FC,Sporting Clube de Portugal,M. Locatelli,0,1,0,0,2,2,0,0,63,0,0,2,0,2,0
87,4 Nov 2025,,5c6o9gkconkcdrpnsx0b5k4r8,Daniel Siebert,Juventus FC,Sporting Clube de Portugal,K. Yıldız,0,0,2,7,3,3,0,0,30,0,0,0,0,0,0
87,4 Nov 2025,,5c6o9gkconkcdrpnsx0b5k4r8,Daniel Siebert,Juventus FC,Sporting Clube de Portugal,T. Koopmeiners,0,0,0,1,0,1,0,0,63,0,0,0,0,2,0
87,4 Nov 2025,,5c6o9gkconkcdrpnsx0b5k4r8,Daniel Siebert,Juventus FC,Sporting Clube de Portugal,F. Gatti,0,0,0,0,2,0,0,0,46,0,0,0,0,1,0
87,4 Nov 2025,,5c6o9gkconkcdrpnsx0b5k4r8,Daniel Siebert,Juventus FC,Sporting Clube de Portugal,P. Kalulu,0,0,0,3,3,0,0,0,55,0,0,0,0,3,0
87,4 Nov 2025,,5c6o9gkconkcdrpnsx0b5k4r8,Daniel Siebert,Juventus FC,Sporting Clube de Portugal,W. McKennie,0,1,0,1,0,1,0,0,29,0,0,1,0,5,0
87,4 Nov 2025,,5c6o9gkconkcdrpnsx0b5k4r8,Daniel Siebert,Juventus FC,Sporting Clube de Portugal,K. Thuram,1,0,0,0,1,0,0,0,49,0,0,3,1,0,1
87,4 Nov 2025,,5c6o9gkconkcdrpnsx0b5k4r8,Daniel Siebert,Juventus FC,Sporting Clube de Portugal,A. Cambiaso,0,1,0,2,0,2,0,0,48,0,0,1,0,1,1
87,4 Nov 2025,,5c6o9gkconkcdrpnsx0b5k4r8,Daniel Siebert,Juventus FC,Sporting Clube de Portugal,M. Di Gregorio,0,0,0,0,0,0,0,0,26,0,0,0,0,0,0
87,4 Nov 2025,,5c6o9gkconkcdrpnsx0b5k4r8,Daniel Siebert,Juventus FC,Sporting Clube de Portugal,D. Vlahović,0,0,1,0,1,0,1,0,21,0,0,6,6,0,0
87,4 Nov 2025,,5c6o9gkconkcdrpnsx0b5k4r8,Daniel Siebert,Juventus FC,Sporting Clube de Portugal,Francisco Conceição,0,1,1,4,3,2,0,0,29,0,0,1,0,0,0
87,4 Nov 2025,,5c6o9gkconkcdrpnsx0b5k4r8,Daniel Siebert,Juventus FC,Sporting Clube de Portugal,E. Zhegrova,0,0,0,1,0,3,0,0,9,0,0,0,0,0,0
87,4 Nov 2025,,5c6o9gkconkcdrpnsx0b5k4r8,Daniel Siebert,Juventus FC,Sporting Clube de Portugal,F. Kostić,0,1,1,3,0,0,0,0,7,0,0,3,1,1,0
87,4 Nov 2025,,5c6o9gkconkcdrpnsx0b5k4r8,Daniel Siebert,Juventus FC,Sporting Clube de Portugal,V. Adžić,0,0,0,0,0,0,0,0,9,0,0,0,0,1,0
87,4 Nov 2025,,5c6o9gkconkcdrpnsx0b5k4r8,Daniel Siebert,Juventus FC,Sporting Clube de Portugal,F. Miretti,0,0,0,2,0,0,0,0,12,0,0,0,0,1,0
87,4 Nov 2025,,5c6o9gkconkcdrpnsx0b5k4r8,Daniel Siebert,Juventus FC,Sporting Clube de Portugal,J. David,0,0,1,0,0,0,0,0,4,0,0,1,1,0,0
87,4 Nov 2025,,5c6o9gkconkcdrpnsx0b5k4r8,Daniel Siebert,Juventus FC,Sporting Clube de Portugal,G. Vagiannidis,0,0,0,0,2,2,0,0,39,0,0,0,0,2,0
87,4 Nov 2025,,5c6o9gkconkcdrpnsx0b5k4r8,Daniel Siebert,Juventus FC,Sporting Clube de Portugal,M. Hjulmand,0,0,0,0,3,2,0,0,89,0,0,0,0,1,1
87,4 Nov 2025,,5c6o9gkconkcdrpnsx0b5k4r8,Daniel Siebert,Juventus FC,Sporting Clube de Portugal,Trincão,1,2,0,1,1,0,0,0,36,0,0,2,0,2,0
87,4 Nov 2025,,5c6o9gkconkcdrpnsx0b5k4r8,Daniel Siebert,Juventus FC,Sporting Clube de Portugal,Geovany Quenda,0,0,0,2,0,0,0,0,21,0,0,0,0,0,0
87,4 Nov 2025,,5c6o9gkconkcdrpnsx0b5k4r8,Daniel Siebert,Juventus FC,Sporting Clube de Portugal,O. Diomande,0,0,0,0,0,0,0,0,83,0,0,0,0,1,0
87,4 Nov 2025,,5c6o9gkconkcdrpnsx0b5k4r8,Daniel Siebert,Juventus FC,Sporting Clube de Portugal,Gonçalo Inácio,0,0,0,0,1,0,0,0,76,0,0,0,0,0,0
87,4 Nov 2025,,5c6o9gkconkcdrpnsx0b5k4r8,Daniel Siebert,Juventus FC,Sporting Clube de Portugal,João Simões,0,0,0,0,2,2,0,0,51,0,0,0,0,0,0
87,4 Nov 2025,,5c6o9gkconkcdrpnsx0b5k4r8,Daniel Siebert,Juventus FC,Sporting Clube de Portugal,F. Ioannidis,0,0,0,0,1,3,0,1,8,0,0,0,0,0,0
87,4 Nov 2025,,5c6o9gkconkcdrpnsx0b5k4r8,Daniel Siebert,Juventus FC,Sporting Clube de Portugal,Rui Silva,0,0,0,0,0,0,0,0,24,0,8,0,0,0,0
87,4 Nov 2025,,5c6o9gkconkcdrpnsx0b5k4r8,Daniel Siebert,Juventus FC,Sporting Clube de Portugal,M. Araújo,0,0,0,0,3,3,1,0,26,0,0,1,1,2,1
87,4 Nov 2025,,5c6o9gkconkcdrpnsx0b5k4r8,Daniel Siebert,Juventus FC,Sporting Clube de Portugal,Pote,0,0,0,1,0,2,0,0,35,0,0,0,0,1,1
87,4 Nov 2025,,5c6o9gkconkcdrpnsx0b5k4r8,Daniel Siebert,Juventus FC,Sporting Clube de Portugal,Eduardo Quaresma,0,0,0,0,1,0,0,0,13,0,0,0,0,0,0
87,4 Nov 2025,,5c6o9gkconkcdrpnsx0b5k4r8,Daniel Siebert,Juventus FC,Sporting Clube de Portugal,Geny Catamo,0,0,0,0,0,0,0,0,10,0,0,1,0,0,0
87,4 Nov 2025,,5c6o9gkconkcdrpnsx0b5k4r8,Daniel Siebert,Juventus FC,Sporting Clube de Portugal,L. Suárez,0,0,0,0,0,0,0,0,7,0,0,0,0,0,0
87,4 Nov 2025,,5c6o9gkconkcdrpnsx0b5k4r8,Daniel Siebert,Juventus FC,Sporting Clube de Portugal,H. Morita,0,0,0,0,0,0,0,0,4,0,0,0,0,0,0
87,4 Nov 2025,,5c6o9gkconkcdrpnsx0b5k4r8,Daniel Siebert,Juventus FC,Sporting Clube de Portugal,Alisson Santos,0,0,0,0,0,0,0,0,2,0,0,0,0,0,0
88,4 Nov 2025,,5cldkwitxdgvsmr4erkx8zyms,István Kovács,Liverpool FC,Real Madrid CF,A. Mac Allister,0,1,0,0,2,0,1,0,35,0,0,4,2,3,1
88,4 Nov 2025,,5cldkwitxdgvsmr4erkx8zyms,István Kovács,Liverpool FC,Real Madrid CF,V. van Dijk,0,0,1,0,3,0,0,0,36,0,0,2,1,0,0
88,4 Nov 2025,,5cldkwitxdgvsmr4erkx8zyms,István Kovács,Liverpool FC,Real Madrid CF,C. Bradley,0,0,0,1,1,1,0,0,32,0,0,0,0,3,0
88,4 Nov 2025,,5cldkwitxdgvsmr4erkx8zyms,István Kovács,Liverpool FC,Real Madrid CF,D. Szoboszlai,1,1,1,3,2,1,0,0,39,0,0,5,4,0,0
88,4 Nov 2025,,5cldkwitxdgvsmr4erkx8zyms,István Kovács,Liverpool FC,Real Madrid CF,G. Mamardashvili,0,0,0,0,0,0,0,0,22,0,2,0,0,0,0
88,4 Nov 2025,,5cldkwitxdgvsmr4erkx8zyms,István Kovács,Liverpool FC,Real Madrid CF,I. Konaté,0,0,0,0,1,0,0,0,30,0,0,0,0,0,0
88,4 Nov 2025,,5cldkwitxdgvsmr4erkx8zyms,István Kovács,Liverpool FC,Real Madrid CF,Mohamed Salah,0,2,1,3,1,2,0,0,17,0,0,2,0,2,0
88,4 Nov 2025,,5cldkwitxdgvsmr4erkx8zyms,István Kovács,Liverpool FC,Real Madrid CF,A. Robertson,0,0,0,3,1,0,0,0,29,0,0,0,0,3,0
88,4 Nov 2025,,5cldkwitxdgvsmr4erkx8zyms,István Kovács,Liverpool FC,Real Madrid CF,F. Wirtz,0,0,0,2,1,1,0,0,36,0,0,0,0,1,0
88,4 Nov 2025,,5cldkwitxdgvsmr4erkx8zyms,István Kovács,Liverpool FC,Real Madrid CF,R. Gravenberch,0,0,0,0,1,2,0,1,29,0,0,0,0,0,0
88,4 Nov 2025,,5cldkwitxdgvsmr4erkx8zyms,István Kovács,Liverpool FC,Real Madrid CF,H. Ekitiké,0,1,1,0,2,3,0,1,16,0,0,3,1,0,0
88,4 Nov 2025,,5cldkwitxdgvsmr4erkx8zyms,István Kovács,Liverpool FC,Real Madrid CF,C. Gakpo,0,0,0,0,1,0,0,0,4,0,0,1,1,1,0
88,4 Nov 2025,,5cldkwitxdgvsmr4erkx8zyms,István Kovács,Liverpool FC,Real Madrid CF,C. Jones,0,0,0,0,0,0,0,0,3,0,0,0,0,0,0
88,4 Nov 2025,,5cldkwitxdgvsmr4erkx8zyms,István Kovács,Liverpool FC,Real Madrid CF,M. Kerkez,0,0,0,0,0,0,0,0,2,0,0,0,0,0,0
88,4 Nov 2025,,5cldkwitxdgvsmr4erkx8zyms,István Kovács,Liverpool FC,Real Madrid CF,F. Chiesa,0,0,0,0,0,1,0,0,2,0,0,0,0,0,0
88,4 Nov 2025,,5cldkwitxdgvsmr4erkx8zyms,István Kovács,Liverpool FC,Real Madrid CF,Álvaro Carreras,0,0,0,0,2,2,0,0,49,0,0,1,0,6,1
88,4 Nov 2025,,5cldkwitxdgvsmr4erkx8zyms,István Kovács,Liverpool FC,Real Madrid CF,Éder Militão,0,1,0,0,1,3,0,0,53,0,0,1,0,1,0
88,4 Nov 2025,,5cldkwitxdgvsmr4erkx8zyms,István Kovács,Liverpool FC,Real Madrid CF,A. Güler,0,0,0,1,0,1,0,0,51,0,0,1,1,1,0
88,4 Nov 2025,,5cldkwitxdgvsmr4erkx8zyms,István Kovács,Liverpool FC,Real Madrid CF,T. Courtois,0,0,0,0,0,0,0,0,26,0,8,0,0,0,0
88,4 Nov 2025,,5cldkwitxdgvsmr4erkx8zyms,István Kovács,Liverpool FC,Real Madrid CF,F. Valverde,0,0,0,0,0,1,0,0,58,0,0,0,0,2,0
88,4 Nov 2025,,5cldkwitxdgvsmr4erkx8zyms,István Kovács,Liverpool FC,Real Madrid CF,E. Camavinga,0,0,0,0,1,1,0,0,34,0,0,0,0,2,0
88,4 Nov 2025,,5cldkwitxdgvsmr4erkx8zyms,István Kovács,Liverpool FC,Real Madrid CF,Dean Huijsen,0,0,0,0,1,0,0,0,70,0,0,0,0,2,1
88,4 Nov 2025,,5cldkwitxdgvsmr4erkx8zyms,István Kovács,Liverpool FC,Real Madrid CF,K. Mbappé,0,1,1,1,0,4,0,0,30,0,0,3,0,0,0
88,4 Nov 2025,,5cldkwitxdgvsmr4erkx8zyms,István Kovács,Liverpool FC,Real Madrid CF,A. Tchouaméni,0,0,0,0,1,1,0,0,58,0,0,1,0,2,0
88,4 Nov 2025,,5cldkwitxdgvsmr4erkx8zyms,István Kovács,Liverpool FC,Real Madrid CF,J. Bellingham,0,0,0,0,3,2,0,0,38,0,0,1,1,2,1
88,4 Nov 2025,,5cldkwitxdgvsmr4erkx8zyms,István Kovács,Liverpool FC,Real Madrid CF,Vinícius Júnior,0,0,1,4,1,1,0,0,39,0,0,0,0,0,1
88,4 Nov 2025,,5cldkwitxdgvsmr4erkx8zyms,István Kovács,Liverpool FC,Real Madrid CF,Rodrygo,0,0,0,1,1,0,0,0,13,0,0,0,0,0,0
88,4 Nov 2025,,5cldkwitxdgvsmr4erkx8zyms,István Kovács,Liverpool FC,Real Madrid CF,T. Alexander-Arnold,0,0,0,1,0,0,0,0,8,0,0,0,0,0,0
88,4 Nov 2025,,5cldkwitxdgvsmr4erkx8zyms,István Kovács,Liverpool FC,Real Madrid CF,Brahim Díaz,0,0,0,0,0,0,0,0,4,0,0,0,0,0,0
24,30 Jul 2025,,49kq24idqeokbcsr5e9ox6fpw,Rade Obrenović,FC Salzburg,SK Brann,J. Gadou,0,0,0,0,1,0,0,0,35,0,0,0,0,1,0
24,30 Jul 2025,,49kq24idqeokbcsr5e9ox6fpw,Rade Obrenović,FC Salzburg,SK Brann,A. Schlager,0,0,0,0,0,0,0,0,34,0,4,0,0,0,0
24,30 Jul 2025,,49kq24idqeokbcsr5e9ox6fpw,Rade Obrenović,FC Salzburg,SK Brann,Y. Vertessen,0,0,1,0,1,1,0,1,9,0,0,1,1,2,1
24,30 Jul 2025,,49kq24idqeokbcsr5e9ox6fpw,Rade Obrenović,FC Salzburg,SK Brann,F. Krätzig,0,0,0,0,2,1,0,0,33,0,0,0,0,3,0
24,30 Jul 2025,,49kq24idqeokbcsr5e9ox6fpw,Rade Obrenović,FC Salzburg,SK Brann,S. Lainer,0,0,0,2,2,0,0,0,33,0,0,0,0,4,0
24,30 Jul 2025,,49kq24idqeokbcsr5e9ox6fpw,Rade Obrenović,FC Salzburg,SK Brann,K. Onisiwo,0,0,0,0,2,1,0,1,15,0,0,1,0,0,0
24,30 Jul 2025,,49kq24idqeokbcsr5e9ox6fpw,Rade Obrenović,FC Salzburg,SK Brann,M. Kjærgaard,0,0,0,2,1,1,1,0,29,0,0,2,2,4,0
24,30 Jul 2025,,49kq24idqeokbcsr5e9ox6fpw,Rade Obrenović,FC Salzburg,SK Brann,D. Nene,0,0,0,1,1,2,0,0,27,0,0,0,0,1,1
24,30 Jul 2025,,49kq24idqeokbcsr5e9ox6fpw,Rade Obrenović,FC Salzburg,SK Brann,J. Rasmussen,0,0,0,0,3,0,0,0,47,0,0,0,0,6,1
24,30 Jul 2025,,49kq24idqeokbcsr5e9ox6fpw,Rade Obrenović,FC Salzburg,SK Brann,S. Kitano,0,0,0,0,1,1,0,0,24,0,0,3,0,1,0
24,30 Jul 2025,,49kq24idqeokbcsr5e9ox6fpw,Rade Obrenović,FC Salzburg,SK Brann,M. Bidstrup,0,0,0,0,2,3,0,0,27,0,0,0,0,6,1
24,30 Jul 2025,,49kq24idqeokbcsr5e9ox6fpw,Rade Obrenović,FC Salzburg,SK Brann,E. Baidoo,0,0,0,0,2,0,0,0,7,0,0,2,1,1,1
24,30 Jul 2025,,49kq24idqeokbcsr5e9ox6fpw,Rade Obrenović,FC Salzburg,SK Brann,M. Diambou,0,0,0,0,0,0,0,0,11,0,0,0,0,0,0
24,30 Jul 2025,,49kq24idqeokbcsr5e9ox6fpw,Rade Obrenović,FC Salzburg,SK Brann,A. Daghim,0,2,1,0,0,0,0,0,7,0,0,2,0,0,0
24,30 Jul 2025,,49kq24idqeokbcsr5e9ox6fpw,Rade Obrenović,FC Salzburg,SK Brann,P. Ratkov,0,0,0,0,0,0,0,0,4,0,0,0,0,0,0
24,30 Jul 2025,,49kq24idqeokbcsr5e9ox6fpw,Rade Obrenović,FC Salzburg,SK Brann,K. Alajbegović,0,0,0,1,1,0,0,0,3,0,0,0,0,0,0
24,30 Jul 2025,,49kq24idqeokbcsr5e9ox6fpw,Rade Obrenović,FC Salzburg,SK Brann,F. Myhre,0,0,0,1,0,1,0,0,43,0,0,0,0,1,0
24,30 Jul 2025,,49kq24idqeokbcsr5e9ox6fpw,Rade Obrenović,FC Salzburg,SK Brann,J. Sørensen,0,0,0,0,2,3,0,0,43,0,0,1,0,0,1
24,30 Jul 2025,,49kq24idqeokbcsr5e9ox6fpw,Rade Obrenović,FC Salzburg,SK Brann,J. Soltvedt,0,0,0,4,2,0,0,0,48,0,0,1,1,1,1
24,30 Jul 2025,,49kq24idqeokbcsr5e9ox6fpw,Rade Obrenović,FC Salzburg,SK Brann,S. Magnússon,0,0,0,1,1,1,0,0,17,0,0,2,2,1,1
24,30 Jul 2025,,49kq24idqeokbcsr5e9ox6fpw,Rade Obrenović,FC Salzburg,SK Brann,M. Dyngeland,0,0,0,0,0,1,0,0,49,0,3,0,0,0,0
24,30 Jul 2025,,49kq24idqeokbcsr5e9ox6fpw,Rade Obrenović,FC Salzburg,SK Brann,E. Helland,0,0,1,0,1,0,0,0,98,0,0,0,0,2,1
24,30 Jul 2025,,49kq24idqeokbcsr5e9ox6fpw,Rade Obrenović,FC Salzburg,SK Brann,T. Pedersen,1,0,0,0,0,3,0,0,74,0,0,0,0,4,0
24,30 Jul 2025,,49kq24idqeokbcsr5e9ox6fpw,Rade Obrenović,FC Salzburg,SK Brann,J. Sery Larsen,0,0,0,0,2,0,0,0,58,0,0,0,0,0,1
24,30 Jul 2025,,49kq24idqeokbcsr5e9ox6fpw,Rade Obrenović,FC Salzburg,SK Brann,E. Kornvig,0,0,0,0,0,1,1,0,58,0,0,3,2,1,0
24,30 Jul 2025,,49kq24idqeokbcsr5e9ox6fpw,Rade Obrenović,FC Salzburg,SK Brann,E. Guðmundsson,0,1,1,1,0,1,0,0,43,0,0,1,0,3,0
24,30 Jul 2025,,49kq24idqeokbcsr5e9ox6fpw,Rade Obrenović,FC Salzburg,SK Brann,U. Mathisen,0,0,0,1,2,3,0,0,10,0,0,0,0,2,1
24,30 Jul 2025,,49kq24idqeokbcsr5e9ox6fpw,Rade Obrenović,FC Salzburg,SK Brann,M. Haaland,0,1,0,0,1,2,0,2,11,0,0,1,0,0,0
24,30 Jul 2025,,49kq24idqeokbcsr5e9ox6fpw,Rade Obrenović,FC Salzburg,SK Brann,B. Finne,0,0,0,0,0,0,0,1,5,0,0,1,0,0,0
24,30 Jul 2025,,49kq24idqeokbcsr5e9ox6fpw,Rade Obrenović,FC Salzburg,SK Brann,D. De Roeve,0,0,0,0,0,1,0,0,18,0,0,0,0,0,0
24,30 Jul 2025,,49kq24idqeokbcsr5e9ox6fpw,Rade Obrenović,FC Salzburg,SK Brann,M. Hansen,0,0,0,4,0,1,0,0,9,0,0,0,0,0,0
24,30 Jul 2025,,49kq24idqeokbcsr5e9ox6fpw,Rade Obrenović,FC Salzburg,SK Brann,R. Holten,0,0,0,0,0,0,0,0,11,0,0,0,0,0,0
25,6 Aug 2025,,4kaoetw1v79yjhvefdf3wg7is,Srđan Jovanović,FC Salzburg,Club Brugge KV,S. Lainer,0,0,1,3,0,0,0,0,38,0,0,0,0,0,0
25,6 Aug 2025,,4kaoetw1v79yjhvefdf3wg7is,Srđan Jovanović,FC Salzburg,Club Brugge KV,M. Kjærgaard,0,1,1,5,0,0,0,0,18,0,0,2,1,2,0
25,6 Aug 2025,,4kaoetw1v79yjhvefdf3wg7is,Srđan Jovanović,FC Salzburg,Club Brugge KV,F. Krätzig,0,0,0,2,1,0,0,1,43,0,0,0,0,0,0
25,6 Aug 2025,,4kaoetw1v79yjhvefdf3wg7is,Srđan Jovanović,FC Salzburg,Club Brugge KV,J. Gadou,0,0,0,0,0,0,0,0,78,0,0,0,0,0,0
25,6 Aug 2025,,4kaoetw1v79yjhvefdf3wg7is,Srđan Jovanović,FC Salzburg,Club Brugge KV,A. Schlager,0,0,0,0,0,0,0,0,33,0,3,0,0,0,0
25,6 Aug 2025,,4kaoetw1v79yjhvefdf3wg7is,Srđan Jovanović,FC Salzburg,Club Brugge KV,M. Bidstrup,0,0,0,0,0,0,0,0,42,0,0,0,0,6,0
25,6 Aug 2025,,4kaoetw1v79yjhvefdf3wg7is,Srđan Jovanović,FC Salzburg,Club Brugge KV,S. Kitano,0,2,1,0,1,1,0,0,22,0,0,3,0,0,0
25,6 Aug 2025,,4kaoetw1v79yjhvefdf3wg7is,Srđan Jovanović,FC Salzburg,Club Brugge KV,J. Rasmussen,0,1,1,0,2,0,0,0,65,0,0,1,0,1,0
25,6 Aug 2025,,4kaoetw1v79yjhvefdf3wg7is,Srđan Jovanović,FC Salzburg,Club Brugge KV,Y. Vertessen,0,2,0,0,0,0,0,0,13,0,0,3,0,0,0
25,6 Aug 2025,,4kaoetw1v79yjhvefdf3wg7is,Srđan Jovanović,FC Salzburg,Club Brugge KV,S. Diabaté,0,0,0,0,1,2,0,0,42,0,0,2,1,3,0
25,6 Aug 2025,,4kaoetw1v79yjhvefdf3wg7is,Srđan Jovanović,FC Salzburg,Club Brugge KV,D. Nene,0,0,2,2,1,0,0,0,36,0,0,4,2,0,1
25,6 Aug 2025,,4kaoetw1v79yjhvefdf3wg7is,Srđan Jovanović,FC Salzburg,Club Brugge KV,K. Alajbegović,0,0,0,3,0,0,0,0,19,0,0,1,0,0,0
25,6 Aug 2025,,4kaoetw1v79yjhvefdf3wg7is,Srđan Jovanović,FC Salzburg,Club Brugge KV,E. Baidoo,0,1,0,3,0,0,0,0,9,0,0,1,0,1,0
25,6 Aug 2025,,4kaoetw1v79yjhvefdf3wg7is,Srđan Jovanović,FC Salzburg,Club Brugge KV,P. Ratkov,0,1,0,0,0,0,0,0,3,0,0,3,1,0,0
25,6 Aug 2025,,4kaoetw1v79yjhvefdf3wg7is,Srđan Jovanović,FC Salzburg,Club Brugge KV,L. Reis,0,0,1,6,0,0,0,1,53,0,0,1,1,0,0
25,6 Aug 2025,,4kaoetw1v79yjhvefdf3wg7is,Srđan Jovanović,FC Salzburg,Club Brugge KV,B. Mechele,0,0,0,0,1,0,0,0,81,0,0,2,0,1,0
25,6 Aug 2025,,4kaoetw1v79yjhvefdf3wg7is,Srđan Jovanović,FC Salzburg,Club Brugge KV,H. Vanaken,0,2,0,1,0,1,0,0,53,0,0,2,0,0,0
25,6 Aug 2025,,4kaoetw1v79yjhvefdf3wg7is,Srđan Jovanović,FC Salzburg,Club Brugge KV,J. Spileers,0,0,0,0,0,0,0,0,83,0,0,0,0,1,0
25,6 Aug 2025,,4kaoetw1v79yjhvefdf3wg7is,Srđan Jovanović,FC Salzburg,Club Brugge KV,H. Vetlesen,0,1,2,1,0,2,0,0,22,0,0,1,0,0,0
25,6 Aug 2025,,4kaoetw1v79yjhvefdf3wg7is,Srđan Jovanović,FC Salzburg,Club Brugge KV,R. Onyedika,0,1,0,0,1,0,0,0,51,0,0,1,0,1,1
25,6 Aug 2025,,4kaoetw1v79yjhvefdf3wg7is,Srđan Jovanović,FC Salzburg,Club Brugge KV,S. Mignolet,0,0,0,0,0,0,0,0,40,0,5,0,0,0,0
25,6 Aug 2025,,4kaoetw1v79yjhvefdf3wg7is,Srđan Jovanović,FC Salzburg,Club Brugge KV,J. Seys,0,0,0,1,0,0,0,0,59,0,0,0,0,2,0
25,6 Aug 2025,,4kaoetw1v79yjhvefdf3wg7is,Srđan Jovanović,FC Salzburg,Club Brugge KV,C. Tzolis,0,0,3,3,0,1,0,0,31,0,0,2,2,0,0
25,6 Aug 2025,,4kaoetw1v79yjhvefdf3wg7is,Srđan Jovanović,FC Salzburg,Club Brugge KV,B. Meijer,1,0,0,3,0,0,0,0,47,0,0,1,0,1,0
25,6 Aug 2025,,4kaoetw1v79yjhvefdf3wg7is,Srđan Jovanović,FC Salzburg,Club Brugge KV,R. Vermant,0,0,0,0,1,2,1,0,12,0,0,2,2,0,0
25,6 Aug 2025,,4kaoetw1v79yjhvefdf3wg7is,Srđan Jovanović,FC Salzburg,Club Brugge KV,H. Siquet,0,0,0,0,0,0,0,0,5,0,0,0,0,1,0
25,6 Aug 2025,,4kaoetw1v79yjhvefdf3wg7is,Srđan Jovanović,FC Salzburg,Club Brugge KV,A. Stanković,0,0,0,0,0,0,0,0,1,0,0,0,0,2,0
25,6 Aug 2025,,4kaoetw1v79yjhvefdf3wg7is,Srđan Jovanović,FC Salzburg,Club Brugge KV,Z. Romero,0,0,0,0,0,0,0,0,2,0,0,0,0,0,0
25,6 Aug 2025,,4kaoetw1v79yjhvefdf3wg7is,Srđan Jovanović,FC Salzburg,Club Brugge KV,Carlos Forbs,0,0,0,0,0,0,0,0,0,0,0,0,0,2,0
25,6 Aug 2025,,4kaoetw1v79yjhvefdf3wg7is,Srđan Jovanović,FC Salzburg,Club Brugge KV,N. Tresoldi,0,0,0,0,0,0,0,0,2,0,0,0,0,0,0
26,12 Aug 2025,,4mw62xq9whvjft1pqjkxh6xw4,Irfan Peljto,Club Brugge KV,FC Salzburg,C. Tzolis,1,0,3,5,1,0,0,0,35,0,0,5,3,0,0
26,12 Aug 2025,,4mw62xq9whvjft1pqjkxh6xw4,Irfan Peljto,Club Brugge KV,FC Salzburg,B. Mechele,0,0,0,0,0,0,0,0,62,0,0,1,0,4,0
26,12 Aug 2025,,4mw62xq9whvjft1pqjkxh6xw4,Irfan Peljto,Club Brugge KV,FC Salzburg,S. Mignolet,0,0,0,0,0,0,0,0,22,0,1,0,0,0,0
26,12 Aug 2025,,4mw62xq9whvjft1pqjkxh6xw4,Irfan Peljto,Club Brugge KV,FC Salzburg,L. Reis,0,0,1,7,1,0,0,0,35,0,0,1,1,1,0
26,12 Aug 2025,,4mw62xq9whvjft1pqjkxh6xw4,Irfan Peljto,Club Brugge KV,FC Salzburg,Carlos Forbs,0,0,3,2,1,0,1,0,32,0,0,3,1,1,0
26,12 Aug 2025,,4mw62xq9whvjft1pqjkxh6xw4,Irfan Peljto,Club Brugge KV,FC Salzburg,J. Spileers,0,1,1,0,1,0,0,0,69,0,0,2,1,3,1
26,12 Aug 2025,,4mw62xq9whvjft1pqjkxh6xw4,Irfan Peljto,Club Brugge KV,FC Salzburg,H. Vanaken,0,0,0,0,0,0,1,0,48,0,0,2,2,1,0
26,12 Aug 2025,,4mw62xq9whvjft1pqjkxh6xw4,Irfan Peljto,Club Brugge KV,FC Salzburg,J. Seys,0,0,0,1,0,0,1,0,62,0,0,1,1,2,0
26,12 Aug 2025,,4mw62xq9whvjft1pqjkxh6xw4,Irfan Peljto,Club Brugge KV,FC Salzburg,R. Onyedika,0,0,0,0,2,0,0,0,54,0,0,0,0,4,0
26,12 Aug 2025,,4mw62xq9whvjft1pqjkxh6xw4,Irfan Peljto,Club Brugge KV,FC Salzburg,B. Meijer,0,0,0,0,0,0,0,1,15,0,0,0,0,0,0
26,12 Aug 2025,,4mw62xq9whvjft1pqjkxh6xw4,Irfan Peljto,Club Brugge KV,FC Salzburg,R. Vermant,0,0,0,0,1,1,0,0,14,0,0,3,0,0,0
26,12 Aug 2025,,4mw62xq9whvjft1pqjkxh6xw4,Irfan Peljto,Club Brugge KV,FC Salzburg,K. Sabbe,1,0,0,3,0,0,0,0,25,0,0,2,0,0,0
26,12 Aug 2025,,4mw62xq9whvjft1pqjkxh6xw4,Irfan Peljto,Club Brugge KV,FC Salzburg,N. Tresoldi,0,1,0,0,0,2,0,0,6,0,0,2,0,0,0
26,12 Aug 2025,,4mw62xq9whvjft1pqjkxh6xw4,Irfan Peljto,Club Brugge KV,FC Salzburg,A. Stanković,0,1,0,0,0,0,0,0,12,0,0,1,0,0,0
26,12 Aug 2025,,4mw62xq9whvjft1pqjkxh6xw4,Irfan Peljto,Club Brugge KV,FC Salzburg,H. Siquet,0,0,0,1,0,0,0,0,1,0,0,0,0,0,0
26,12 Aug 2025,,4mw62xq9whvjft1pqjkxh6xw4,Irfan Peljto,Club Brugge KV,FC Salzburg,Zaid Abner Romero,0,0,0,0,0,0,0,0,0,0,0,0,0,0,0
26,12 Aug 2025,,4mw62xq9whvjft1pqjkxh6xw4,Irfan Peljto,Club Brugge KV,FC Salzburg,Y. Vertessen,0,0,0,0,0,0,0,0,18,0,0,1,0,1,0
26,12 Aug 2025,,4mw62xq9whvjft1pqjkxh6xw4,Irfan Peljto,Club Brugge KV,FC Salzburg,A. Schlager,0,0,0,0,0,0,0,0,41,0,6,0,0,0,0
26,12 Aug 2025,,4mw62xq9whvjft1pqjkxh6xw4,Irfan Peljto,Club Brugge KV,FC Salzburg,J. Rasmussen,0,0,0,0,1,1,1,0,63,0,0,1,1,0,0
26,12 Aug 2025,,4mw62xq9whvjft1pqjkxh6xw4,Irfan Peljto,Club Brugge KV,FC Salzburg,J. Gadou,0,0,0,0,0,0,0,0,50,0,0,0,0,3,0
26,12 Aug 2025,,4mw62xq9whvjft1pqjkxh6xw4,Irfan Peljto,Club Brugge KV,FC Salzburg,S. Lainer,1,0,0,1,1,1,0,0,28,0,0,0,0,1,0
26,12 Aug 2025,,4mw62xq9whvjft1pqjkxh6xw4,Irfan Peljto,Club Brugge KV,FC Salzburg,M. Bidstrup,0,1,0,0,0,0,0,0,33,0,0,1,0,2,0
26,12 Aug 2025,,4mw62xq9whvjft1pqjkxh6xw4,Irfan Peljto,Club Brugge KV,FC Salzburg,E. Baidoo,0,0,0,0,0,1,1,0,21,0,0,1,1,0,0
26,12 Aug 2025,,4mw62xq9whvjft1pqjkxh6xw4,Irfan Peljto,Club Brugge KV,FC Salzburg,A. Terzić,0,1,0,5,1,0,0,0,46,0,0,1,0,3,0
26,12 Aug 2025,,4mw62xq9whvjft1pqjkxh6xw4,Irfan Peljto,Club Brugge KV,FC Salzburg,D. Nene,0,1,1,1,0,0,0,0,33,0,0,1,0,0,0
26,12 Aug 2025,,4mw62xq9whvjft1pqjkxh6xw4,Irfan Peljto,Club Brugge KV,FC Salzburg,S. Diabaté,0,0,0,0,0,3,0,0,26,0,0,1,0,1,0
26,12 Aug 2025,,4mw62xq9whvjft1pqjkxh6xw4,Irfan Peljto,Club Brugge KV,FC Salzburg,M. Kjærgaard,1,1,1,3,0,1,0,0,29,0,0,4,1,2,0
26,12 Aug 2025,,4mw62xq9whvjft1pqjkxh6xw4,Irfan Peljto,Club Brugge KV,FC Salzburg,P. Ratkov,0,0,0,0,0,0,0,1,9,0,0,0,0,0,0
26,12 Aug 2025,,4mw62xq9whvjft1pqjkxh6xw4,Irfan Peljto,Club Brugge KV,FC Salzburg,K. Alajbegović,0,1,0,0,1,0,0,0,3,0,0,1,0,0,0
26,12 Aug 2025,,4mw62xq9whvjft1pqjkxh6xw4,Irfan Peljto,Club Brugge KV,FC Salzburg,A. Daghim,0,0,1,1,0,0,0,0,4,0,0,0,0,0,0
26,12 Aug 2025,,4mw62xq9whvjft1pqjkxh6xw4,Irfan Peljto,Club Brugge KV,FC Salzburg,J. Schuster,0,0,0,0,0,0,0,0,2,0,0,0,0,0,0
27,16 Sep 2025,,4ra5d8plwlqwcj0703hgi4rh0,Donatas Rumšas,Athletic Club,Arsenal FC,Dani Vivian,0,0,0,1,1,2,0,0,46,0,0,1,0,0,0
27,16 Sep 2025,,4ra5d8plwlqwcj0703hgi4rh0,Donatas Rumšas,Athletic Club,Arsenal FC,Adama Boiro,0,1,0,1,2,1,0,0,9,0,0,1,0,3,0
27,16 Sep 2025,,4ra5d8plwlqwcj0703hgi4rh0,Donatas Rumšas,Athletic Club,Arsenal FC,Mikel Vesga,0,0,0,1,1,1,0,0,13,0,0,0,0,3,0
27,16 Sep 2025,,4ra5d8plwlqwcj0703hgi4rh0,Donatas Rumšas,Athletic Club,Arsenal FC,Robert Navarro,0,1,1,1,2,0,0,0,10,0,0,1,0,2,0
27,16 Sep 2025,,4ra5d8plwlqwcj0703hgi4rh0,Donatas Rumšas,Athletic Club,Arsenal FC,Mikel Jauregizar,0,0,0,1,3,2,0,0,26,0,0,1,0,3,1
27,16 Sep 2025,,4ra5d8plwlqwcj0703hgi4rh0,Donatas Rumšas,Athletic Club,Arsenal FC,Oihan Sancet,0,0,0,0,1,1,0,0,21,0,0,1,0,1,0
27,16 Sep 2025,,4ra5d8plwlqwcj0703hgi4rh0,Donatas Rumšas,Athletic Club,Arsenal FC,Aitor Paredes,0,0,0,0,2,0,0,0,43,0,0,0,0,0,0
27,16 Sep 2025,,4ra5d8plwlqwcj0703hgi4rh0,Donatas Rumšas,Athletic Club,Arsenal FC,I. Williams,0,1,0,2,1,1,0,0,14,0,0,2,1,1,0
27,16 Sep 2025,,4ra5d8plwlqwcj0703hgi4rh0,Donatas Rumšas,Athletic Club,Arsenal FC,Andoni Gorosabel,0,0,0,1,2,2,0,0,32,0,0,0,0,0,0
27,16 Sep 2025,,4ra5d8plwlqwcj0703hgi4rh0,Donatas Rumšas,Athletic Club,Arsenal FC,Unai Simón,0,0,0,0,0,0,0,0,34,0,4,0,0,0,0
27,16 Sep 2025,,4ra5d8plwlqwcj0703hgi4rh0,Donatas Rumšas,Athletic Club,Arsenal FC,Alex Berenguer,0,1,1,3,1,2,0,0,21,0,0,2,0,2,0
27,16 Sep 2025,,4ra5d8plwlqwcj0703hgi4rh0,Donatas Rumšas,Athletic Club,Arsenal FC,Unai Gómez,0,0,0,0,0,0,0,0,3,0,0,1,1,0,0
27,16 Sep 2025,,4ra5d8plwlqwcj0703hgi4rh0,Donatas Rumšas,Athletic Club,Arsenal FC,Gorka Guruzeta,0,0,0,0,0,1,0,0,12,0,0,0,0,0,0
27,16 Sep 2025,,4ra5d8plwlqwcj0703hgi4rh0,Donatas Rumšas,Athletic Club,Arsenal FC,Yuri,0,1,0,0,0,0,0,0,13,0,0,1,0,1,0
27,16 Sep 2025,,4ra5d8plwlqwcj0703hgi4rh0,Donatas Rumšas,Athletic Club,Arsenal FC,Nico Serrano,0,0,0,2,2,0,0,0,2,0,0,0,0,0,0
27,16 Sep 2025,,4ra5d8plwlqwcj0703hgi4rh0,Donatas Rumšas,Athletic Club,Arsenal FC,Alejandro Rego,0,0,0,0,0,1,0,0,4,0,0,0,0,0,0
27,16 Sep 2025,,4ra5d8plwlqwcj0703hgi4rh0,Donatas Rumšas,Athletic Club,Arsenal FC,D. Rice,0,0,0,2,2,1,0,1,59,0,0,0,0,0,1
27,16 Sep 2025,,4ra5d8plwlqwcj0703hgi4rh0,Donatas Rumšas,Athletic Club,Arsenal FC,David Raya,0,0,0,0,0,0,0,0,45,0,2,0,0,0,0
27,16 Sep 2025,,4ra5d8plwlqwcj0703hgi4rh0,Donatas Rumšas,Athletic Club,Arsenal FC,Mikel Merino,0,0,0,1,3,2,0,0,28,0,0,1,1,1,0
27,16 Sep 2025,,4ra5d8plwlqwcj0703hgi4rh0,Donatas Rumšas,Athletic Club,Arsenal FC,J. Timber,0,0,0,3,1,2,0,0,49,0,0,0,0,5,0
27,16 Sep 2025,,4ra5d8plwlqwcj0703hgi4rh0,Donatas Rumšas,Athletic Club,Arsenal FC,Cristhian Mosquera,0,0,0,0,1,1,0,0,79,0,0,0,0,1,0
27,16 Sep 2025,,4ra5d8plwlqwcj0703hgi4rh0,Donatas Rumšas,Athletic Club,Arsenal FC,Gabriel Magalhães,0,0,0,0,1,1,0,0,56,0,0,0,0,3,0
27,16 Sep 2025,,4ra5d8plwlqwcj0703hgi4rh0,Donatas Rumšas,Athletic Club,Arsenal FC,N. Madueke,0,1,1,6,2,1,0,0,29,0,0,3,2,0,1
27,16 Sep 2025,,4ra5d8plwlqwcj0703hgi4rh0,Donatas Rumšas,Athletic Club,Arsenal FC,V. Gyökeres,0,0,0,0,1,3,0,1,7,0,0,4,1,0,0
27,16 Sep 2025,,4ra5d8plwlqwcj0703hgi4rh0,Donatas Rumšas,Athletic Club,Arsenal FC,Martín Zubimendi,0,0,0,0,1,0,0,0,72,0,0,0,0,1,1
27,16 Sep 2025,,4ra5d8plwlqwcj0703hgi4rh0,Donatas Rumšas,Athletic Club,Arsenal FC,E. Eze,0,0,0,1,2,1,0,0,25,0,0,0,0,4,0
27,16 Sep 2025,,4ra5d8plwlqwcj0703hgi4rh0,Donatas Rumšas,Athletic Club,Arsenal FC,R. Calafiori,0,0,0,2,0,2,0,0,31,0,0,1,0,3,0
27,16 Sep 2025,,4ra5d8plwlqwcj0703hgi4rh0,Donatas Rumšas,Athletic Club,Arsenal FC,L. Trossard,1,0,1,1,1,2,1,0,4,0,0,1,1,1,0
27,16 Sep 2025,,4ra5d8plwlqwcj0703hgi4rh0,Donatas Rumšas,Athletic Club,Arsenal FC,Gabriel Martinelli,1,0,0,0,0,0,1,0,1,0,0,1,1,0,0
27,16 Sep 2025,,4ra5d8plwlqwcj0703hgi4rh0,Donatas Rumšas,Athletic Club,Arsenal FC,C. Nørgaard,0,0,0,1,0,1,0,0,4,0,0,0,0,0,0
27,16 Sep 2025,,4ra5d8plwlqwcj0703hgi4rh0,Donatas Rumšas,Athletic Club,Arsenal FC,P. Hincapié,0,0,0,0,0,0,0,0,1,0,0,0,0,1,0
28,16 Sep 2025,,4rq18t2s467wo5dbh8iwip1jo,Anthony Taylor,PSV Eindhoven,Royale Union Saint-Gilloise,R. Flamingo,0,0,0,0,2,1,0,0,62,0,0,0,0,3,0
28,16 Sep 2025,,4rq18t2s467wo5dbh8iwip1jo,Anthony Taylor,PSV Eindhoven,Royale Union Saint-Gilloise,J. Schouten,0,0,0,0,0,1,0,0,14,0,0,0,0,2,0
28,16 Sep 2025,,4rq18t2s467wo5dbh8iwip1jo,Anthony Taylor,PSV Eindhoven,Royale Union Saint-Gilloise,M. Kovář,0,0,0,0,0,1,0,0,46,0,4,0,0,0,0
28,16 Sep 2025,,4rq18t2s467wo5dbh8iwip1jo,Anthony Taylor,PSV Eindhoven,Royale Union Saint-Gilloise,A. Obispo,0,0,0,0,0,1,0,0,32,0,0,0,0,3,0
28,16 Sep 2025,,4rq18t2s467wo5dbh8iwip1jo,Anthony Taylor,PSV Eindhoven,Royale Union Saint-Gilloise,Yarek Gąsiorowski,0,1,1,1,0,0,0,0,64,0,0,1,0,4,0
28,16 Sep 2025,,4rq18t2s467wo5dbh8iwip1jo,Anthony Taylor,PSV Eindhoven,Royale Union Saint-Gilloise,I. Perišić,0,0,2,14,0,0,0,0,36,0,0,0,0,0,0
28,16 Sep 2025,,4rq18t2s467wo5dbh8iwip1jo,Anthony Taylor,PSV Eindhoven,Royale Union Saint-Gilloise,S. Dest,0,0,1,1,4,0,0,0,62,0,0,0,0,2,0
28,16 Sep 2025,,4rq18t2s467wo5dbh8iwip1jo,Anthony Taylor,PSV Eindhoven,Royale Union Saint-Gilloise,I. Saibari,0,0,0,0,0,1,0,0,24,0,0,3,0,1,0
28,16 Sep 2025,,4rq18t2s467wo5dbh8iwip1jo,Anthony Taylor,PSV Eindhoven,Royale Union Saint-Gilloise,R. Pepi,0,0,1,0,1,0,0,0,18,0,0,2,2,0,0
28,16 Sep 2025,,4rq18t2s467wo5dbh8iwip1jo,Anthony Taylor,PSV Eindhoven,Royale Union Saint-Gilloise,J. Veerman,0,1,0,4,0,0,0,0,82,0,0,1,0,1,0
28,16 Sep 2025,,4rq18t2s467wo5dbh8iwip1jo,Anthony Taylor,PSV Eindhoven,Royale Union Saint-Gilloise,R. van Bommel,0,0,1,1,1,2,1,0,22,0,0,2,1,4,0
28,16 Sep 2025,,4rq18t2s467wo5dbh8iwip1jo,Anthony Taylor,PSV Eindhoven,Royale Union Saint-Gilloise,A. Salah-Eddine,0,0,0,1,1,2,0,0,40,0,0,0,0,0,0
28,16 Sep 2025,,4rq18t2s467wo5dbh8iwip1jo,Anthony Taylor,PSV Eindhoven,Royale Union Saint-Gilloise,G. Til,0,0,1,4,0,0,0,0,15,0,0,1,0,0,0
28,16 Sep 2025,,4rq18t2s467wo5dbh8iwip1jo,Anthony Taylor,PSV Eindhoven,Royale Union Saint-Gilloise,M. Boadu,0,0,0,0,0,0,0,0,0,0,0,0,0,0,0
28,16 Sep 2025,,4rq18t2s467wo5dbh8iwip1jo,Anthony Taylor,PSV Eindhoven,Royale Union Saint-Gilloise,P. Wanner,0,0,0,0,0,0,0,0,9,0,0,0,0,0,0
28,16 Sep 2025,,4rq18t2s467wo5dbh8iwip1jo,Anthony Taylor,PSV Eindhoven,Royale Union Saint-Gilloise,D. Man,0,0,0,0,0,0,0,0,4,0,0,0,0,1,0
28,16 Sep 2025,,4rq18t2s467wo5dbh8iwip1jo,Anthony Taylor,PSV Eindhoven,Royale Union Saint-Gilloise,M. Rasmussen,0,2,1,3,0,0,0,0,37,0,0,2,0,1,0
28,16 Sep 2025,,4rq18t2s467wo5dbh8iwip1jo,Anthony Taylor,PSV Eindhoven,Royale Union Saint-Gilloise,K. Scherpen,0,0,0,0,0,0,0,0,20,0,2,0,0,0,0
28,16 Sep 2025,,4rq18t2s467wo5dbh8iwip1jo,Anthony Taylor,PSV Eindhoven,Royale Union Saint-Gilloise,P. David,0,0,0,1,3,0,1,4,12,0,0,3,1,0,0
28,16 Sep 2025,,4rq18t2s467wo5dbh8iwip1jo,Anthony Taylor,PSV Eindhoven,Royale Union Saint-Gilloise,A. Khalaili,0,0,0,1,1,0,0,1,28,0,0,1,0,4,0
28,16 Sep 2025,,4rq18t2s467wo5dbh8iwip1jo,Anthony Taylor,PSV Eindhoven,Royale Union Saint-Gilloise,K. Rodríguez,1,1,4,1,2,0,0,1,24,0,0,5,3,0,0
28,16 Sep 2025,,4rq18t2s467wo5dbh8iwip1jo,Anthony Taylor,PSV Eindhoven,Royale Union Saint-Gilloise,A. Ait El Hadj,0,1,0,3,0,2,1,0,37,0,0,3,2,1,0
28,16 Sep 2025,,4rq18t2s467wo5dbh8iwip1jo,Anthony Taylor,PSV Eindhoven,Royale Union Saint-Gilloise,A. Zorgane,0,0,0,0,1,0,0,0,43,0,0,0,0,0,0
28,16 Sep 2025,,4rq18t2s467wo5dbh8iwip1jo,Anthony Taylor,PSV Eindhoven,Royale Union Saint-Gilloise,C. Burgess,0,0,0,0,0,1,0,0,26,0,0,0,0,4,0
28,16 Sep 2025,,4rq18t2s467wo5dbh8iwip1jo,Anthony Taylor,PSV Eindhoven,Royale Union Saint-Gilloise,O. Niang,0,0,1,4,0,4,0,1,28,0,0,3,1,3,0
28,16 Sep 2025,,4rq18t2s467wo5dbh8iwip1jo,Anthony Taylor,PSV Eindhoven,Royale Union Saint-Gilloise,K. Mac Allister,0,0,0,0,2,1,1,1,17,0,0,1,1,2,0
28,16 Sep 2025,,4rq18t2s467wo5dbh8iwip1jo,Anthony Taylor,PSV Eindhoven,Royale Union Saint-Gilloise,F. Leysen,0,0,1,0,0,0,0,0,28,0,0,0,0,7,0
28,16 Sep 2025,,4rq18t2s467wo5dbh8iwip1jo,Anthony Taylor,PSV Eindhoven,Royale Union Saint-Gilloise,M. Giger,0,0,0,0,0,1,0,0,3,0,0,0,0,1,0
28,16 Sep 2025,,4rq18t2s467wo5dbh8iwip1jo,Anthony Taylor,PSV Eindhoven,Royale Union Saint-Gilloise,K. Van de Perre,0,0,0,0,0,0,0,0,10,0,0,0,0,0,0
28,16 Sep 2025,,4rq18t2s467wo5dbh8iwip1jo,Anthony Taylor,PSV Eindhoven,Royale Union Saint-Gilloise,R. Schoofs,0,0,0,0,0,0,0,0,4,0,0,0,0,0,0
29,16 Sep 2025,,4s2m5vmbv79astpbzzz1bh8us,François Letexier,Juventus FC,BV Borussia 09 Dortmund,T. Koopmeiners,0,0,0,2,1,1,0,0,36,0,0,1,0,1,0
29,16 Sep 2025,,4s2m5vmbv79astpbzzz1bh8us,François Letexier,Juventus FC,BV Borussia 09 Dortmund,P. Kalulu,1,0,0,5,0,0,0,0,65,0,0,0,0,2,0
29,16 Sep 2025,,4s2m5vmbv79astpbzzz1bh8us,François Letexier,Juventus FC,BV Borussia 09 Dortmund,W. McKennie,0,0,0,1,2,0,0,0,18,0,0,0,0,2,0
29,16 Sep 2025,,4s2m5vmbv79astpbzzz1bh8us,François Letexier,Juventus FC,BV Borussia 09 Dortmund,M. Di Gregorio,0,0,0,0,0,0,0,0,25,0,1,0,0,0,0
29,16 Sep 2025,,4s2m5vmbv79astpbzzz1bh8us,François Letexier,Juventus FC,BV Borussia 09 Dortmund,L. Kelly,0,1,0,0,2,0,1,0,63,0,0,3,1,1,0
29,16 Sep 2025,,4s2m5vmbv79astpbzzz1bh8us,François Letexier,Juventus FC,BV Borussia 09 Dortmund,A. Cambiaso,0,1,1,2,1,0,0,0,47,0,0,1,0,2,0
29,16 Sep 2025,,4s2m5vmbv79astpbzzz1bh8us,François Letexier,Juventus FC,BV Borussia 09 Dortmund,K. Thuram,0,0,1,1,1,0,0,0,59,0,0,1,1,1,0
29,16 Sep 2025,,4s2m5vmbv79astpbzzz1bh8us,François Letexier,Juventus FC,BV Borussia 09 Dortmund,Bremer,0,0,0,0,1,0,0,0,42,0,0,1,0,0,0
29,16 Sep 2025,,4s2m5vmbv79astpbzzz1bh8us,François Letexier,Juventus FC,BV Borussia 09 Dortmund,K. Yıldız,1,2,0,4,1,1,1,0,36,0,0,4,2,1,0
29,16 Sep 2025,,4s2m5vmbv79astpbzzz1bh8us,François Letexier,Juventus FC,BV Borussia 09 Dortmund,J. David,0,1,0,0,1,1,0,1,16,0,0,2,0,0,0
29,16 Sep 2025,,4s2m5vmbv79astpbzzz1bh8us,François Letexier,Juventus FC,BV Borussia 09 Dortmund,L. Openda,0,0,2,3,1,1,0,1,12,0,0,2,1,0,0
29,16 Sep 2025,,4s2m5vmbv79astpbzzz1bh8us,François Letexier,Juventus FC,BV Borussia 09 Dortmund,João Mário,1,0,0,0,1,2,0,0,20,0,0,0,0,0,0
29,16 Sep 2025,,4s2m5vmbv79astpbzzz1bh8us,François Letexier,Juventus FC,BV Borussia 09 Dortmund,D. Vlahović,1,0,0,1,1,1,2,2,9,0,0,2,2,0,0
29,16 Sep 2025,,4s2m5vmbv79astpbzzz1bh8us,François Letexier,Juventus FC,BV Borussia 09 Dortmund,M. Locatelli,0,0,0,0,0,0,0,0,22,0,0,1,0,2,0
29,16 Sep 2025,,4s2m5vmbv79astpbzzz1bh8us,François Letexier,Juventus FC,BV Borussia 09 Dortmund,V. Adžić,0,0,0,0,0,1,0,0,9,0,0,0,0,0,0
29,16 Sep 2025,,4s2m5vmbv79astpbzzz1bh8us,François Letexier,Juventus FC,BV Borussia 09 Dortmund,E. Zhegrova,0,1,0,1,0,0,0,0,12,0,0,1,0,0,0
29,16 Sep 2025,,4s2m5vmbv79astpbzzz1bh8us,François Letexier,Juventus FC,BV Borussia 09 Dortmund,M. Sabitzer,1,0,0,1,0,0,0,0,42,0,0,0,0,5,0
29,16 Sep 2025,,4s2m5vmbv79astpbzzz1bh8us,François Letexier,Juventus FC,BV Borussia 09 Dortmund,J. Ryerson,0,0,0,0,2,1,0,0,72,0,0,0,0,1,0
29,16 Sep 2025,,4s2m5vmbv79astpbzzz1bh8us,François Letexier,Juventus FC,BV Borussia 09 Dortmund,R. Bensebaini,0,0,0,0,1,1,1,0,75,0,0,1,1,1,0
29,16 Sep 2025,,4s2m5vmbv79astpbzzz1bh8us,François Letexier,Juventus FC,BV Borussia 09 Dortmund,D. Svensson,0,0,0,1,0,1,0,0,18,0,0,0,0,1,0
29,16 Sep 2025,,4s2m5vmbv79astpbzzz1bh8us,François Letexier,Juventus FC,BV Borussia 09 Dortmund,M. Beier,0,0,0,0,0,2,0,0,18,0,0,2,0,2,0
29,16 Sep 2025,,4s2m5vmbv79astpbzzz1bh8us,François Letexier,Juventus FC,BV Borussia 09 Dortmund,S. Guirassy,1,2,0,0,0,1,0,0,26,0,0,3,1,0,0
29,16 Sep 2025,,4s2m5vmbv79astpbzzz1bh8us,François Letexier,Juventus FC,BV Borussia 09 Dortmund,F. Nmecha,0,0,0,0,1,0,1,0,45,0,0,1,1,3,0
29,16 Sep 2025,,4s2m5vmbv79astpbzzz1bh8us,François Letexier,Juventus FC,BV Borussia 09 Dortmund,Yan Couto,0,0,1,4,0,2,1,0,35,0,0,1,1,4,0
29,16 Sep 2025,,4s2m5vmbv79astpbzzz1bh8us,François Letexier,Juventus FC,BV Borussia 09 Dortmund,W. Anton,0,0,0,0,1,1,0,0,55,0,0,0,0,4,1
29,16 Sep 2025,,4s2m5vmbv79astpbzzz1bh8us,François Letexier,Juventus FC,BV Borussia 09 Dortmund,G. Kobel,0,0,1,0,0,0,0,0,40,0,3,0,0,0,0
29,16 Sep 2025,,4s2m5vmbv79astpbzzz1bh8us,François Letexier,Juventus FC,BV Borussia 09 Dortmund,K. Adeyemi,1,0,0,0,1,2,1,0,29,0,0,2,1,2,0
29,16 Sep 2025,,4s2m5vmbv79astpbzzz1bh8us,François Letexier,Juventus FC,BV Borussia 09 Dortmund,J. Brandt,0,0,0,0,1,0,0,0,6,0,0,0,0,0,0
29,16 Sep 2025,,4s2m5vmbv79astpbzzz1bh8us,François Letexier,Juventus FC,BV Borussia 09 Dortmund,J. Bellingham,0,0,0,0,1,0,0,0,5,0,0,0,0,1,0
29,16 Sep 2025,,4s2m5vmbv79astpbzzz1bh8us,François Letexier,Juventus FC,BV Borussia 09 Dortmund,P. Groß,0,0,0,0,0,0,0,0,4,0,0,0,0,0,0
30,16 Sep 2025,,4sffoari6ugnp3roi1m3k7xn8,Irfan Peljto,Real Madrid CF,Olympique de Marseille,A. Güler,0,0,0,5,0,3,0,0,37,0,0,2,1,1,0
30,16 Sep 2025,,4sffoari6ugnp3roi1m3k7xn8,Irfan Peljto,Real Madrid CF,Olympique de Marseille,A. Tchouaméni,0,0,1,0,2,0,0,0,56,0,0,1,1,0,1
30,16 Sep 2025,,4sffoari6ugnp3roi1m3k7xn8,Irfan Peljto,Real Madrid CF,Olympique de Marseille,Éder Militão,0,0,1,0,3,0,0,0,30,0,0,0,0,0,1
30,16 Sep 2025,,4sffoari6ugnp3roi1m3k7xn8,Irfan Peljto,Real Madrid CF,Olympique de Marseille,T. Alexander-Arnold,0,0,0,0,0,0,0,0,3,0,0,0,0,0,0
30,16 Sep 2025,,4sffoari6ugnp3roi1m3k7xn8,Irfan Peljto,Real Madrid CF,Olympique de Marseille,Dean Huijsen,0,0,0,0,0,2,0,0,53,0,0,2,1,0,0
30,16 Sep 2025,,4sffoari6ugnp3roi1m3k7xn8,Irfan Peljto,Real Madrid CF,Olympique de Marseille,K. Mbappé,0,3,2,0,0,1,2,1,29,0,0,10,5,0,0
30,16 Sep 2025,,4sffoari6ugnp3roi1m3k7xn8,Irfan Peljto,Real Madrid CF,Olympique de Marseille,F. Valverde,0,0,1,1,0,0,0,0,51,0,0,0,0,1,0
30,16 Sep 2025,,4sffoari6ugnp3roi1m3k7xn8,Irfan Peljto,Real Madrid CF,Olympique de Marseille,Rodrygo,0,0,1,1,0,2,0,0,20,0,0,3,2,1,0
30,16 Sep 2025,,4sffoari6ugnp3roi1m3k7xn8,Irfan Peljto,Real Madrid CF,Olympique de Marseille,Álvaro Carreras,0,0,1,1,2,2,0,0,28,0,0,0,0,2,1
30,16 Sep 2025,,4sffoari6ugnp3roi1m3k7xn8,Irfan Peljto,Real Madrid CF,Olympique de Marseille,F. Mastantuono,0,1,0,0,1,1,0,0,16,0,0,6,3,2,0
30,16 Sep 2025,,4sffoari6ugnp3roi1m3k7xn8,Irfan Peljto,Real Madrid CF,Olympique de Marseille,T. Courtois,0,0,0,0,0,0,0,0,27,0,4,0,0,0,0
30,16 Sep 2025,,4sffoari6ugnp3roi1m3k7xn8,Irfan Peljto,Real Madrid CF,Olympique de Marseille,Dani Carvajal,0,0,1,1,1,0,0,0,29,1,0,1,0,2,0
30,16 Sep 2025,,4sffoari6ugnp3roi1m3k7xn8,Irfan Peljto,Real Madrid CF,Olympique de Marseille,Brahim Díaz,0,0,0,2,0,1,0,0,10,0,0,1,1,1,0
30,16 Sep 2025,,4sffoari6ugnp3roi1m3k7xn8,Irfan Peljto,Real Madrid CF,Olympique de Marseille,Vinícius Júnior,0,1,1,0,0,0,0,0,7,0,0,2,1,0,0
30,16 Sep 2025,,4sffoari6ugnp3roi1m3k7xn8,Irfan Peljto,Real Madrid CF,Olympique de Marseille,Raúl Asencio,0,0,0,0,0,1,0,0,4,0,0,0,0,1,0
30,16 Sep 2025,,4sffoari6ugnp3roi1m3k7xn8,Irfan Peljto,Real Madrid CF,Olympique de Marseille,P. Aubameyang,0,0,0,0,1,2,0,1,24,0,0,2,1,0,0
30,16 Sep 2025,,4sffoari6ugnp3roi1m3k7xn8,Irfan Peljto,Real Madrid CF,Olympique de Marseille,M. O'Riley,0,0,0,0,1,0,0,0,30,0,0,1,0,1,0
30,16 Sep 2025,,4sffoari6ugnp3roi1m3k7xn8,Irfan Peljto,Real Madrid CF,Olympique de Marseille,B. Pavard,0,0,1,2,2,0,0,0,46,0,0,0,0,4,1
30,16 Sep 2025,,4sffoari6ugnp3roi1m3k7xn8,Irfan Peljto,Real Madrid CF,Olympique de Marseille,F. Medina,0,0,0,0,2,0,0,0,79,0,0,0,0,0,1
30,16 Sep 2025,,4sffoari6ugnp3roi1m3k7xn8,Irfan Peljto,Real Madrid CF,Olympique de Marseille,L. Balerdi,0,0,0,0,1,0,0,0,50,0,0,1,0,4,0
30,16 Sep 2025,,4sffoari6ugnp3roi1m3k7xn8,Irfan Peljto,Real Madrid CF,Olympique de Marseille,G. Kondogbia,0,1,0,0,4,1,0,0,37,0,0,1,0,0,0
30,16 Sep 2025,,4sffoari6ugnp3roi1m3k7xn8,Irfan Peljto,Real Madrid CF,Olympique de Marseille,P. Højbjerg,0,0,0,0,1,2,0,0,85,0,0,0,0,4,0
30,16 Sep 2025,,4sffoari6ugnp3roi1m3k7xn8,Irfan Peljto,Real Madrid CF,Olympique de Marseille,G. Rulli,0,0,0,0,0,1,0,0,31,0,13,0,0,0,0
30,16 Sep 2025,,4sffoari6ugnp3roi1m3k7xn8,Irfan Peljto,Real Madrid CF,Olympique de Marseille,M. Greenwood,1,1,0,4,1,0,0,0,36,0,0,6,2,2,0
30,16 Sep 2025,,4sffoari6ugnp3roi1m3k7xn8,Irfan Peljto,Real Madrid CF,Olympique de Marseille,Emerson,0,0,0,1,0,2,0,2,30,0,0,0,0,5,0
30,16 Sep 2025,,4sffoari6ugnp3roi1m3k7xn8,Irfan Peljto,Real Madrid CF,Olympique de Marseille,T. Weah,0,0,0,0,0,0,1,0,22,0,0,3,2,1,0
30,16 Sep 2025,,4sffoari6ugnp3roi1m3k7xn8,Irfan Peljto,Real Madrid CF,Olympique de Marseille,A. Vermeeren,0,0,0,0,0,0,0,0,19,0,0,0,0,0,0
30,16 Sep 2025,,4sffoari6ugnp3roi1m3k7xn8,Irfan Peljto,Real Madrid CF,Olympique de Marseille,Igor Paixão,0,0,2,2,0,0,0,0,14,0,0,1,0,0,0
30,16 Sep 2025,,4sffoari6ugnp3roi1m3k7xn8,Irfan Peljto,Real Madrid CF,Olympique de Marseille,A. Gouiri,0,0,0,2,1,0,0,0,7,0,0,0,0,0,0
30,16 Sep 2025,,4sffoari6ugnp3roi1m3k7xn8,Irfan Peljto,Real Madrid CF,Olympique de Marseille,A. Murillo,0,0,1,0,0,0,0,0,7,0,0,0,0,0,0
30,16 Sep 2025,,4sffoari6ugnp3roi1m3k7xn8,Irfan Peljto,Real Madrid CF,Olympique de Marseille,C. Egan-Riley,0,0,0,0,0,1,0,0,6,0,0,0,0,1,0
31,16 Sep 2025,,4ss3nn1l6wqkwpfcnky8m6l1w,Erik Lambrechts,SL Benfica,Qarabağ Ağdam FK,V. Pavlidis,0,0,0,0,0,0,1,0,15,0,0,2,1,1,0
31,16 Sep 2025,,4ss3nn1l6wqkwpfcnky8m6l1w,Erik Lambrechts,SL Benfica,Qarabağ Ağdam FK,N. Otamendi,0,0,0,0,3,1,0,0,60,0,0,0,0,1,0
31,16 Sep 2025,,4ss3nn1l6wqkwpfcnky8m6l1w,Erik Lambrechts,SL Benfica,Qarabağ Ağdam FK,R. Ríos,0,1,1,0,1,1,0,0,37,0,0,3,0,2,0
31,16 Sep 2025,,4ss3nn1l6wqkwpfcnky8m6l1w,Erik Lambrechts,SL Benfica,Qarabağ Ağdam FK,António Silva,0,0,0,0,0,0,0,0,42,0,0,0,0,3,0
31,16 Sep 2025,,4ss3nn1l6wqkwpfcnky8m6l1w,Erik Lambrechts,SL Benfica,Qarabağ Ağdam FK,A. Trubin,0,0,0,0,0,0,0,0,22,0,2,0,0,0,0
31,16 Sep 2025,,4ss3nn1l6wqkwpfcnky8m6l1w,Erik Lambrechts,SL Benfica,Qarabağ Ağdam FK,S. Dahl,0,0,3,6,2,0,0,0,37,0,0,0,0,0,0
31,16 Sep 2025,,4ss3nn1l6wqkwpfcnky8m6l1w,Erik Lambrechts,SL Benfica,Qarabağ Ağdam FK,F. Aursnes,0,1,2,0,0,0,0,1,28,0,0,1,0,1,0
31,16 Sep 2025,,4ss3nn1l6wqkwpfcnky8m6l1w,Erik Lambrechts,SL Benfica,Qarabağ Ağdam FK,H. Sudakov,1,1,0,6,1,1,0,0,51,0,0,2,1,1,0
31,16 Sep 2025,,4ss3nn1l6wqkwpfcnky8m6l1w,Erik Lambrechts,SL Benfica,Qarabağ Ağdam FK,E. Barrenechea,0,0,0,0,0,1,1,0,74,0,0,1,1,4,0
31,16 Sep 2025,,4ss3nn1l6wqkwpfcnky8m6l1w,Erik Lambrechts,SL Benfica,Qarabağ Ağdam FK,A. Schjelderup,0,1,1,1,4,1,0,0,27,0,0,1,0,1,0
31,16 Sep 2025,,4ss3nn1l6wqkwpfcnky8m6l1w,Erik Lambrechts,SL Benfica,Qarabağ Ağdam FK,A. Dedić,0,0,0,0,0,0,0,0,50,0,0,1,0,4,0
31,16 Sep 2025,,4ss3nn1l6wqkwpfcnky8m6l1w,Erik Lambrechts,SL Benfica,Qarabağ Ağdam FK,F. Ivanović,0,0,1,0,0,1,0,0,10,0,0,0,0,0,0
31,16 Sep 2025,,4ss3nn1l6wqkwpfcnky8m6l1w,Erik Lambrechts,SL Benfica,Qarabağ Ağdam FK,G. Prestianni,0,1,0,3,0,0,0,0,15,0,0,2,0,1,0
31,16 Sep 2025,,4ss3nn1l6wqkwpfcnky8m6l1w,Erik Lambrechts,SL Benfica,Qarabağ Ağdam FK,L. Barreiro,0,0,0,0,0,0,0,0,6,0,0,0,0,0,0
31,16 Sep 2025,,4ss3nn1l6wqkwpfcnky8m6l1w,Erik Lambrechts,SL Benfica,Qarabağ Ağdam FK,Henrique Araújo,0,1,0,0,0,0,0,0,3,0,0,1,0,0,0
31,16 Sep 2025,,4ss3nn1l6wqkwpfcnky8m6l1w,Erik Lambrechts,SL Benfica,Qarabağ Ağdam FK,Leandro Andrade,0,0,0,0,1,0,1,0,16,0,0,1,1,0,0
31,16 Sep 2025,,4ss3nn1l6wqkwpfcnky8m6l1w,Erik Lambrechts,SL Benfica,Qarabağ Ağdam FK,Kady Borges,0,0,1,4,0,1,0,0,34,0,0,1,0,1,0
31,16 Sep 2025,,4ss3nn1l6wqkwpfcnky8m6l1w,Erik Lambrechts,SL Benfica,Qarabağ Ağdam FK,Pedro Bicalho,0,0,0,0,1,0,0,0,48,0,0,0,0,2,0
31,16 Sep 2025,,4ss3nn1l6wqkwpfcnky8m6l1w,Erik Lambrechts,SL Benfica,Qarabağ Ağdam FK,Matheus Silva,0,0,0,0,1,6,0,0,30,0,0,0,0,7,0
31,16 Sep 2025,,4ss3nn1l6wqkwpfcnky8m6l1w,Erik Lambrechts,SL Benfica,Qarabağ Ağdam FK,B. Mustafazadə,0,0,0,1,0,0,0,1,38,0,0,0,0,0,0
31,16 Sep 2025,,4ss3nn1l6wqkwpfcnky8m6l1w,Erik Lambrechts,SL Benfica,Qarabağ Ağdam FK,M. Kochalski,0,0,0,0,0,0,0,0,36,0,1,0,0,0,0
31,16 Sep 2025,,4ss3nn1l6wqkwpfcnky8m6l1w,Erik Lambrechts,SL Benfica,Qarabağ Ağdam FK,K. Medina,0,0,0,0,1,0,0,0,57,0,0,0,0,0,0
31,16 Sep 2025,,4ss3nn1l6wqkwpfcnky8m6l1w,Erik Lambrechts,SL Benfica,Qarabağ Ağdam FK,A. Zoubir,1,0,0,1,0,1,0,0,50,0,0,0,0,0,0
31,16 Sep 2025,,4ss3nn1l6wqkwpfcnky8m6l1w,Erik Lambrechts,SL Benfica,Qarabağ Ağdam FK,C. Durán,1,1,1,1,1,2,1,0,11,0,0,4,2,0,0
31,16 Sep 2025,,4ss3nn1l6wqkwpfcnky8m6l1w,Erik Lambrechts,SL Benfica,Qarabağ Ağdam FK,E. Cəfərquliyev,0,0,0,1,0,0,0,0,44,0,0,0,0,4,0
31,16 Sep 2025,,4ss3nn1l6wqkwpfcnky8m6l1w,Erik Lambrechts,SL Benfica,Qarabağ Ağdam FK,M. Janković,1,0,1,0,0,1,0,0,50,0,0,2,1,1,0
31,16 Sep 2025,,4ss3nn1l6wqkwpfcnky8m6l1w,Erik Lambrechts,SL Benfica,Qarabağ Ağdam FK,E. Addai,0,0,0,0,0,0,0,0,8,0,0,0,0,0,0
31,16 Sep 2025,,4ss3nn1l6wqkwpfcnky8m6l1w,Erik Lambrechts,SL Benfica,Qarabağ Ağdam FK,T. Bayramov,0,0,0,0,0,0,0,0,5,0,0,0,0,0,0
31,16 Sep 2025,,4ss3nn1l6wqkwpfcnky8m6l1w,Erik Lambrechts,SL Benfica,Qarabağ Ağdam FK,O. Kashchuk,0,1,0,0,1,0,1,0,3,0,0,2,1,1,0
31,16 Sep 2025,,4ss3nn1l6wqkwpfcnky8m6l1w,Erik Lambrechts,SL Benfica,Qarabağ Ağdam FK,M. Qurbanlı,0,0,0,0,0,0,0,0,2,0,0,0,0,0,0
32,16 Sep 2025,,4t4v7a4pnyn93vudidzzjb6s4,Rade Obrenović,Tottenham Hotspur FC,Villarreal CF,L. Bergvall,0,1,1,2,2,2,0,0,15,0,0,2,0,0,0
32,16 Sep 2025,,4t4v7a4pnyn93vudidzzjb6s4,Rade Obrenović,Tottenham Hotspur FC,Villarreal CF,G. Vicario,0,0,0,0,0,0,0,0,47,0,0,0,0,0,0
32,16 Sep 2025,,4t4v7a4pnyn93vudidzzjb6s4,Rade Obrenović,Tottenham Hotspur FC,Villarreal CF,X. Simons,0,0,0,2,2,2,0,0,33,0,0,2,0,0,1
32,16 Sep 2025,,4t4v7a4pnyn93vudidzzjb6s4,Rade Obrenović,Tottenham Hotspur FC,Villarreal CF,M. van de Ven,0,0,0,0,3,0,0,0,69,0,0,0,0,3,1
32,16 Sep 2025,,4t4v7a4pnyn93vudidzzjb6s4,Rade Obrenović,Tottenham Hotspur FC,Villarreal CF,R. Bentancur,0,1,1,0,1,1,0,0,49,0,0,2,0,1,0
32,16 Sep 2025,,4t4v7a4pnyn93vudidzzjb6s4,Rade Obrenović,Tottenham Hotspur FC,Villarreal CF,Richarlison,0,0,1,0,1,3,0,1,9,0,0,0,0,1,1
32,16 Sep 2025,,4t4v7a4pnyn93vudidzzjb6s4,Rade Obrenović,Tottenham Hotspur FC,Villarreal CF,Pedro Porro,0,0,0,4,0,0,0,0,63,0,0,0,0,2,0
32,16 Sep 2025,,4t4v7a4pnyn93vudidzzjb6s4,Rade Obrenović,Tottenham Hotspur FC,Villarreal CF,M. Kudus,0,1,0,4,1,1,0,0,43,0,0,1,0,1,0
32,16 Sep 2025,,4t4v7a4pnyn93vudidzzjb6s4,Rade Obrenović,Tottenham Hotspur FC,Villarreal CF,D. Spence,0,0,0,2,0,0,0,0,30,0,0,0,0,1,0
32,16 Sep 2025,,4t4v7a4pnyn93vudidzzjb6s4,Rade Obrenović,Tottenham Hotspur FC,Villarreal CF,C. Romero,0,0,0,0,0,0,0,0,66,0,0,0,0,3,0
32,16 Sep 2025,,4t4v7a4pnyn93vudidzzjb6s4,Rade Obrenović,Tottenham Hotspur FC,Villarreal CF,P. Sarr,0,0,0,0,0,0,0,0,30,0,0,1,1,1,0
32,16 Sep 2025,,4t4v7a4pnyn93vudidzzjb6s4,Rade Obrenović,Tottenham Hotspur FC,Villarreal CF,João Palhinha,0,0,0,0,2,0,0,0,15,0,0,1,0,1,0
32,16 Sep 2025,,4t4v7a4pnyn93vudidzzjb6s4,Rade Obrenović,Tottenham Hotspur FC,Villarreal CF,D. Udogie,0,0,0,0,0,2,0,0,12,0,0,0,0,3,0
32,16 Sep 2025,,4t4v7a4pnyn93vudidzzjb6s4,Rade Obrenović,Tottenham Hotspur FC,Villarreal CF,R. Kolo Muani,0,0,0,0,2,0,0,0,2,0,0,0,0,0,1
32,16 Sep 2025,,4t4v7a4pnyn93vudidzzjb6s4,Rade Obrenović,Tottenham Hotspur FC,Villarreal CF,B. Johnson,0,0,0,0,0,0,0,0,8,0,0,0,0,1,0
32,16 Sep 2025,,4t4v7a4pnyn93vudidzzjb6s4,Rade Obrenović,Tottenham Hotspur FC,Villarreal CF,Kevin Danso,0,0,0,0,0,0,0,0,0,0,0,0,0,0,0
32,16 Sep 2025,,4t4v7a4pnyn93vudidzzjb6s4,Rade Obrenović,Tottenham Hotspur FC,Villarreal CF,P. Gueye,0,0,0,2,0,1,0,0,33,0,0,0,0,3,0
32,16 Sep 2025,,4t4v7a4pnyn93vudidzzjb6s4,Rade Obrenović,Tottenham Hotspur FC,Villarreal CF,Santi Comesaña,0,0,0,0,1,0,0,0,38,0,0,0,0,1,1
32,16 Sep 2025,,4t4v7a4pnyn93vudidzzjb6s4,Rade Obrenović,Tottenham Hotspur FC,Villarreal CF,N. Pépé,0,2,1,1,2,1,0,0,25,0,0,4,0,1,0
32,16 Sep 2025,,4t4v7a4pnyn93vudidzzjb6s4,Rade Obrenović,Tottenham Hotspur FC,Villarreal CF,S. Mouriño,0,0,0,0,4,3,0,0,48,0,0,0,0,3,1
32,16 Sep 2025,,4t4v7a4pnyn93vudidzzjb6s4,Rade Obrenović,Tottenham Hotspur FC,Villarreal CF,J. Foyth,0,0,0,0,2,1,0,0,56,0,0,3,0,0,0
32,16 Sep 2025,,4t4v7a4pnyn93vudidzzjb6s4,Rade Obrenović,Tottenham Hotspur FC,Villarreal CF,Luíz Júnior,0,0,0,0,0,0,0,0,21,0,2,0,0,0,0
32,16 Sep 2025,,4t4v7a4pnyn93vudidzzjb6s4,Rade Obrenović,Tottenham Hotspur FC,Villarreal CF,Sergi Cardona,0,1,1,0,1,0,0,0,18,0,0,1,0,3,0
32,16 Sep 2025,,4t4v7a4pnyn93vudidzzjb6s4,Rade Obrenović,Tottenham Hotspur FC,Villarreal CF,T. Buchanan,0,0,0,2,0,2,0,1,7,0,0,1,0,1,0
32,16 Sep 2025,,4t4v7a4pnyn93vudidzzjb6s4,Rade Obrenović,Tottenham Hotspur FC,Villarreal CF,G. Mikautadze,0,0,0,0,0,1,0,0,12,0,0,0,0,0,0
32,16 Sep 2025,,4t4v7a4pnyn93vudidzzjb6s4,Rade Obrenović,Tottenham Hotspur FC,Villarreal CF,Ayoze Pérez,0,0,1,4,0,4,0,0,13,0,0,0,0,1,0
32,16 Sep 2025,,4t4v7a4pnyn93vudidzzjb6s4,Rade Obrenović,Tottenham Hotspur FC,Villarreal CF,Renato Veiga,0,0,0,0,1,0,0,0,55,0,0,0,0,0,1
32,16 Sep 2025,,4t4v7a4pnyn93vudidzzjb6s4,Rade Obrenović,Tottenham Hotspur FC,Villarreal CF,I. Akhomach,0,0,0,1,1,0,0,0,2,0,0,0,0,0,0
32,16 Sep 2025,,4t4v7a4pnyn93vudidzzjb6s4,Rade Obrenović,Tottenham Hotspur FC,Villarreal CF,T. Partey,0,0,0,0,0,0,0,0,9,0,0,0,0,0,0
32,16 Sep 2025,,4t4v7a4pnyn93vudidzzjb6s4,Rade Obrenović,Tottenham Hotspur FC,Villarreal CF,Dani Parejo,0,0,0,0,0,0,0,0,8,0,0,0,0,0,0
32,16 Sep 2025,,4t4v7a4pnyn93vudidzzjb6s4,Rade Obrenović,Tottenham Hotspur FC,Villarreal CF,Alfonso Pedraza,0,0,0,0,1,0,0,0,5,0,0,0,0,0,0
32,16 Sep 2025,,4t4v7a4pnyn93vudidzzjb6s4,Rade Obrenović,Tottenham Hotspur FC,Villarreal CF,Alberto Moleiro,0,1,0,0,0,1,0,0,1,0,0,1,0,0,0
33,17 Sep 2025,,4thsy1pya5y11wggav6gql4wk,István Kovács,Olympiakos FC,Pafos FC,Chiquinho,0,0,1,6,1,1,0,0,43,0,0,0,0,3,0
33,17 Sep 2025,,4thsy1pya5y11wggav6gql4wk,István Kovács,Olympiakos FC,Pafos FC,L. Pirola,0,0,0,0,1,4,0,0,60,0,0,0,0,1,1
33,17 Sep 2025,,4thsy1pya5y11wggav6gql4wk,István Kovács,Olympiakos FC,Pafos FC,P. Retsos,0,1,1,1,1,0,0,0,84,0,0,3,2,1,0
33,17 Sep 2025,,4thsy1pya5y11wggav6gql4wk,István Kovács,Olympiakos FC,Pafos FC,Rodinei,0,0,0,6,0,0,0,0,33,0,0,0,0,0,0
33,17 Sep 2025,,4thsy1pya5y11wggav6gql4wk,István Kovács,Olympiakos FC,Pafos FC,S. Hezze,0,0,0,3,0,0,0,0,44,0,0,0,0,4,0
33,17 Sep 2025,,4thsy1pya5y11wggav6gql4wk,István Kovács,Olympiakos FC,Pafos FC,A. Paschalakis,0,0,0,0,0,0,0,0,21,0,1,0,0,0,0
33,17 Sep 2025,,4thsy1pya5y11wggav6gql4wk,István Kovács,Olympiakos FC,Pafos FC,A. El Kaabi,0,1,0,0,2,1,0,2,17,0,0,4,1,0,0
33,17 Sep 2025,,4thsy1pya5y11wggav6gql4wk,István Kovács,Olympiakos FC,Pafos FC,Dani García,0,0,0,0,2,0,0,0,32,0,0,0,0,0,1
33,17 Sep 2025,,4thsy1pya5y11wggav6gql4wk,István Kovács,Olympiakos FC,Pafos FC,Gabriel Strefezza,0,1,1,6,2,3,0,0,13,0,0,1,0,0,0
33,17 Sep 2025,,4thsy1pya5y11wggav6gql4wk,István Kovács,Olympiakos FC,Pafos FC,F. Ortega,0,0,0,4,3,1,0,0,59,0,0,1,0,1,0
33,17 Sep 2025,,4thsy1pya5y11wggav6gql4wk,István Kovács,Olympiakos FC,Pafos FC,Daniel Podence,0,1,2,7,2,2,0,0,50,0,0,2,0,0,0
33,17 Sep 2025,,4thsy1pya5y11wggav6gql4wk,István Kovács,Olympiakos FC,Pafos FC,C. Mouzakitis,0,1,2,5,0,0,0,0,30,0,0,2,0,0,0
33,17 Sep 2025,,4thsy1pya5y11wggav6gql4wk,István Kovács,Olympiakos FC,Pafos FC,M. Taremi,0,1,0,0,1,0,0,0,9,0,0,3,0,0,1
33,17 Sep 2025,,4thsy1pya5y11wggav6gql4wk,István Kovács,Olympiakos FC,Pafos FC,Costinha,0,0,2,6,0,0,0,0,18,0,0,0,0,0,0
33,17 Sep 2025,,4thsy1pya5y11wggav6gql4wk,István Kovács,Olympiakos FC,Pafos FC,G. Biancone,0,0,0,1,0,0,0,0,13,0,0,1,0,0,0
33,17 Sep 2025,,4thsy1pya5y11wggav6gql4wk,István Kovács,Olympiakos FC,Pafos FC,S. Pnevmonidis,0,1,0,0,0,2,0,0,7,0,0,1,0,0,0
33,17 Sep 2025,,4thsy1pya5y11wggav6gql4wk,István Kovács,Olympiakos FC,Pafos FC,V. Dragomir,0,0,0,0,3,1,0,1,14,0,0,1,0,1,0
33,17 Sep 2025,,4thsy1pya5y11wggav6gql4wk,István Kovács,Olympiakos FC,Pafos FC,N. Michael,0,0,0,0,0,0,0,0,33,0,3,0,0,0,0
33,17 Sep 2025,,4thsy1pya5y11wggav6gql4wk,István Kovács,Olympiakos FC,Pafos FC,D. Luckassen,0,0,0,0,0,1,0,0,26,0,0,0,0,0,0
33,17 Sep 2025,,4thsy1pya5y11wggav6gql4wk,István Kovács,Olympiakos FC,Pafos FC,David Goldar,0,0,0,0,0,1,0,0,26,0,0,1,0,1,0
33,17 Sep 2025,,4thsy1pya5y11wggav6gql4wk,István Kovács,Olympiakos FC,Pafos FC,David Luiz,0,0,0,0,1,0,0,0,11,0,0,0,0,2,0
33,17 Sep 2025,,4thsy1pya5y11wggav6gql4wk,István Kovács,Olympiakos FC,Pafos FC,Pêpê Rodrigues,0,0,0,1,0,3,0,0,33,0,0,0,0,1,0
33,17 Sep 2025,,4thsy1pya5y11wggav6gql4wk,István Kovács,Olympiakos FC,Pafos FC,I. Šunjić,0,0,0,0,1,0,0,0,27,0,0,0,0,4,0
33,17 Sep 2025,,4thsy1pya5y11wggav6gql4wk,István Kovács,Olympiakos FC,Pafos FC,Bruno Felipe,0,0,0,0,3,1,0,0,6,1,0,0,0,1,2
33,17 Sep 2025,,4thsy1pya5y11wggav6gql4wk,István Kovács,Olympiakos FC,Pafos FC,João Correia,0,0,0,0,2,2,0,0,16,0,0,1,0,2,0
33,17 Sep 2025,,4thsy1pya5y11wggav6gql4wk,István Kovács,Olympiakos FC,Pafos FC,Jajá,0,0,0,0,1,5,0,0,20,0,0,1,1,2,0
33,17 Sep 2025,,4thsy1pya5y11wggav6gql4wk,István Kovács,Olympiakos FC,Pafos FC,L. Dimata,0,0,0,0,0,0,0,0,1,0,0,0,0,0,0
33,17 Sep 2025,,4thsy1pya5y11wggav6gql4wk,István Kovács,Olympiakos FC,Pafos FC,K. Pileas,0,0,0,0,0,0,0,0,13,0,0,0,0,0,0
33,17 Sep 2025,,4thsy1pya5y11wggav6gql4wk,István Kovács,Olympiakos FC,Pafos FC,M. Oršić,0,0,0,0,0,0,0,0,20,0,0,2,0,1,0
33,17 Sep 2025,,4thsy1pya5y11wggav6gql4wk,István Kovács,Olympiakos FC,Pafos FC,Bruno Langa,0,0,0,0,2,0,0,0,3,0,0,0,0,1,1
33,17 Sep 2025,,4thsy1pya5y11wggav6gql4wk,István Kovács,Olympiakos FC,Pafos FC,K. Sema,0,0,0,0,0,0,0,0,2,0,0,0,0,2,0
33,17 Sep 2025,,4thsy1pya5y11wggav6gql4wk,István Kovács,Olympiakos FC,Pafos FC,Anderson Silva,0,0,0,0,1,0,0,0,0,0,0,0,0,0,0
34,17 Sep 2025,,4tvunt9ccx4cn40c8x2jlnwno,Marian Alexandru Barbu,SK Slavia Praha,FK Bodø / Glimt,T. Holeš,0,0,0,0,0,1,0,0,6,0,0,0,0,0,0
34,17 Sep 2025,,4tvunt9ccx4cn40c8x2jlnwno,Marian Alexandru Barbu,SK Slavia Praha,FK Bodø / Glimt,J. Staněk,0,0,0,0,0,0,0,0,20,0,8,0,0,0,0
34,17 Sep 2025,,4tvunt9ccx4cn40c8x2jlnwno,Marian Alexandru Barbu,SK Slavia Praha,FK Bodø / Glimt,D. Zima,0,1,0,0,1,1,0,0,35,0,0,1,0,3,0
34,17 Sep 2025,,4tvunt9ccx4cn40c8x2jlnwno,Marian Alexandru Barbu,SK Slavia Praha,FK Bodø / Glimt,Y. Mbodji,0,0,1,3,2,1,2,0,15,0,0,2,2,3,1
34,17 Sep 2025,,4tvunt9ccx4cn40c8x2jlnwno,Marian Alexandru Barbu,SK Slavia Praha,FK Bodø / Glimt,O. Dorley,0,1,0,0,1,1,0,0,23,0,0,2,1,5,0
34,17 Sep 2025,,4tvunt9ccx4cn40c8x2jlnwno,Marian Alexandru Barbu,SK Slavia Praha,FK Bodø / Glimt,T. Chorý,0,2,1,1,1,1,0,1,14,0,0,5,1,1,0
34,17 Sep 2025,,4tvunt9ccx4cn40c8x2jlnwno,Marian Alexandru Barbu,SK Slavia Praha,FK Bodø / Glimt,V. Kušej,0,1,1,3,0,0,0,3,27,0,0,2,1,3,0
34,17 Sep 2025,,4tvunt9ccx4cn40c8x2jlnwno,Marian Alexandru Barbu,SK Slavia Praha,FK Bodø / Glimt,D. Douděra,0,0,2,5,4,2,0,0,41,0,0,3,2,1,0
34,17 Sep 2025,,4tvunt9ccx4cn40c8x2jlnwno,Marian Alexandru Barbu,SK Slavia Praha,FK Bodø / Glimt,C. Zafeiris,0,0,0,2,2,2,0,0,26,0,0,1,0,1,0
34,17 Sep 2025,,4tvunt9ccx4cn40c8x2jlnwno,Marian Alexandru Barbu,SK Slavia Praha,FK Bodø / Glimt,M. Sadílek,0,0,2,7,0,0,0,1,30,0,0,1,0,1,0
34,17 Sep 2025,,4tvunt9ccx4cn40c8x2jlnwno,Marian Alexandru Barbu,SK Slavia Praha,FK Bodø / Glimt,L. Provod,2,1,0,7,2,0,0,0,38,0,0,4,1,3,0
34,17 Sep 2025,,4tvunt9ccx4cn40c8x2jlnwno,Marian Alexandru Barbu,SK Slavia Praha,FK Bodø / Glimt,Š. Chaloupek,0,0,0,1,0,0,0,0,31,0,0,0,0,2,0
34,17 Sep 2025,,4tvunt9ccx4cn40c8x2jlnwno,Marian Alexandru Barbu,SK Slavia Praha,FK Bodø / Glimt,D. Hashioka,0,0,0,0,0,1,0,0,9,0,0,1,0,1,0
34,17 Sep 2025,,4tvunt9ccx4cn40c8x2jlnwno,Marian Alexandru Barbu,SK Slavia Praha,FK Bodø / Glimt,M. Chytil,0,1,0,0,0,1,0,0,4,0,0,3,2,0,1
34,17 Sep 2025,,4tvunt9ccx4cn40c8x2jlnwno,Marian Alexandru Barbu,SK Slavia Praha,FK Bodø / Glimt,M. Cham,0,0,0,2,0,0,0,0,2,0,0,0,0,0,0
34,17 Sep 2025,,4tvunt9ccx4cn40c8x2jlnwno,Marian Alexandru Barbu,SK Slavia Praha,FK Bodø / Glimt,I. Schranz,0,0,1,0,0,0,0,0,3,0,0,1,1,0,0
34,17 Sep 2025,,4tvunt9ccx4cn40c8x2jlnwno,Marian Alexandru Barbu,SK Slavia Praha,FK Bodø / Glimt,K. Høgh,0,0,1,0,1,1,0,0,15,0,0,1,1,1,0
34,17 Sep 2025,,4tvunt9ccx4cn40c8x2jlnwno,Marian Alexandru Barbu,SK Slavia Praha,FK Bodø / Glimt,P. Berg,0,0,0,6,0,0,0,0,35,0,0,0,0,4,1
34,17 Sep 2025,,4tvunt9ccx4cn40c8x2jlnwno,Marian Alexandru Barbu,SK Slavia Praha,FK Bodø / Glimt,J. Gundersen,0,0,0,0,0,0,0,0,54,0,0,1,1,0,0
34,17 Sep 2025,,4tvunt9ccx4cn40c8x2jlnwno,Marian Alexandru Barbu,SK Slavia Praha,FK Bodø / Glimt,H. Evjen,0,0,1,0,2,1,0,0,30,0,0,2,2,1,0
34,17 Sep 2025,,4tvunt9ccx4cn40c8x2jlnwno,Marian Alexandru Barbu,SK Slavia Praha,FK Bodø / Glimt,F. Sjøvold,0,0,1,1,0,2,0,0,34,0,0,0,0,0,0
34,17 Sep 2025,,4tvunt9ccx4cn40c8x2jlnwno,Marian Alexandru Barbu,SK Slavia Praha,FK Bodø / Glimt,J. Hauge,0,0,1,1,0,2,0,0,38,0,0,1,1,1,0
34,17 Sep 2025,,4tvunt9ccx4cn40c8x2jlnwno,Marian Alexandru Barbu,SK Slavia Praha,FK Bodø / Glimt,O. Bjørtuft,0,0,0,0,2,0,0,0,51,0,0,0,0,2,1
34,17 Sep 2025,,4tvunt9ccx4cn40c8x2jlnwno,Marian Alexandru Barbu,SK Slavia Praha,FK Bodø / Glimt,H. Aleesami,0,0,0,1,1,2,0,0,36,0,0,0,0,2,1
34,17 Sep 2025,,4tvunt9ccx4cn40c8x2jlnwno,Marian Alexandru Barbu,SK Slavia Praha,FK Bodø / Glimt,M. Jørgensen,0,0,0,1,0,0,0,0,10,0,0,0,0,0,0
34,17 Sep 2025,,4tvunt9ccx4cn40c8x2jlnwno,Marian Alexandru Barbu,SK Slavia Praha,FK Bodø / Glimt,S. Auklend,0,0,0,1,1,1,0,0,21,0,0,0,0,1,0
34,17 Sep 2025,,4tvunt9ccx4cn40c8x2jlnwno,Marian Alexandru Barbu,SK Slavia Praha,FK Bodø / Glimt,N. Haikin,0,0,0,0,0,0,0,0,30,0,8,0,0,0,0
34,17 Sep 2025,,4tvunt9ccx4cn40c8x2jlnwno,Marian Alexandru Barbu,SK Slavia Praha,FK Bodø / Glimt,D. Bassi,0,0,0,1,1,3,1,0,6,0,0,2,2,2,0
34,17 Sep 2025,,4tvunt9ccx4cn40c8x2jlnwno,Marian Alexandru Barbu,SK Slavia Praha,FK Bodø / Glimt,M. Riisnæs,0,1,0,0,0,0,0,0,19,0,0,1,0,3,0
34,17 Sep 2025,,4tvunt9ccx4cn40c8x2jlnwno,Marian Alexandru Barbu,SK Slavia Praha,FK Bodø / Glimt,A. Helmersen,0,0,0,0,2,0,0,0,7,0,0,1,1,1,0
34,17 Sep 2025,,4tvunt9ccx4cn40c8x2jlnwno,Marian Alexandru Barbu,SK Slavia Praha,FK Bodø / Glimt,S. Fet,0,0,0,0,0,1,1,0,6,0,0,2,2,0,0
34,17 Sep 2025,,4tvunt9ccx4cn40c8x2jlnwno,Marian Alexandru Barbu,SK Slavia Praha,FK Bodø / Glimt,V. Nielsen,0,0,0,0,1,0,0,0,6,0,0,0,0,1,0
35,17 Sep 2025,,4u8iqbh8m9es525qyf4tsrifo,Michael Oliver,AFC Ajax,FC Internazionale Milano,O. Wijndal,0,0,0,1,0,0,0,0,44,0,0,0,0,2,0
35,17 Sep 2025,,4u8iqbh8m9es525qyf4tsrifo,Michael Oliver,AFC Ajax,FC Internazionale Milano,Y. Baas,0,0,0,0,1,3,0,0,82,0,0,0,0,3,1
35,17 Sep 2025,,4u8iqbh8m9es525qyf4tsrifo,Michael Oliver,AFC Ajax,FC Internazionale Milano,O. Edvardsen,0,0,0,1,0,5,0,0,27,0,0,1,0,0,0
35,17 Sep 2025,,4u8iqbh8m9es525qyf4tsrifo,Michael Oliver,AFC Ajax,FC Internazionale Milano,D. Klaassen,0,0,0,1,1,1,0,0,26,0,0,1,0,1,0
35,17 Sep 2025,,4u8iqbh8m9es525qyf4tsrifo,Michael Oliver,AFC Ajax,FC Internazionale Milano,K. Itakura,0,0,0,0,4,0,0,0,64,0,0,0,0,2,0
35,17 Sep 2025,,4u8iqbh8m9es525qyf4tsrifo,Michael Oliver,AFC Ajax,FC Internazionale Milano,V. Jaroš,0,0,0,0,0,0,0,0,50,0,3,0,0,0,0
35,17 Sep 2025,,4u8iqbh8m9es525qyf4tsrifo,Michael Oliver,AFC Ajax,FC Internazionale Milano,A. Gaaei,0,0,0,13,0,0,0,0,57,0,0,1,0,1,0
35,17 Sep 2025,,4u8iqbh8m9es525qyf4tsrifo,Michael Oliver,AFC Ajax,FC Internazionale Milano,W. Weghorst,0,0,0,0,1,3,0,2,20,0,0,0,0,0,0
35,17 Sep 2025,,4u8iqbh8m9es525qyf4tsrifo,Michael Oliver,AFC Ajax,FC Internazionale Milano,K. Taylor,0,0,1,2,3,2,0,0,19,0,0,0,0,3,0
35,17 Sep 2025,,4u8iqbh8m9es525qyf4tsrifo,Michael Oliver,AFC Ajax,FC Internazionale Milano,Y. Regeer,0,0,0,0,2,2,0,0,57,0,0,0,0,1,0
35,17 Sep 2025,,4u8iqbh8m9es525qyf4tsrifo,Michael Oliver,AFC Ajax,FC Internazionale Milano,M. Godts,0,1,2,3,0,0,0,0,23,0,0,2,1,0,0
35,17 Sep 2025,,4u8iqbh8m9es525qyf4tsrifo,Michael Oliver,AFC Ajax,FC Internazionale Milano,J. McConnell,0,0,0,0,1,0,0,0,16,0,0,0,0,0,0
35,17 Sep 2025,,4u8iqbh8m9es525qyf4tsrifo,Michael Oliver,AFC Ajax,FC Internazionale Milano,K. Dolberg,0,0,0,0,2,0,0,0,4,0,0,2,1,1,0
35,17 Sep 2025,,4u8iqbh8m9es525qyf4tsrifo,Michael Oliver,AFC Ajax,FC Internazionale Milano,O. Gloukh,0,0,0,0,0,0,0,0,13,0,0,0,0,0,0
35,17 Sep 2025,,4u8iqbh8m9es525qyf4tsrifo,Michael Oliver,AFC Ajax,FC Internazionale Milano,Raúl Moro,0,0,0,2,0,0,0,0,7,0,0,0,0,0,0
35,17 Sep 2025,,4u8iqbh8m9es525qyf4tsrifo,Michael Oliver,AFC Ajax,FC Internazionale Milano,J. Šutalo,0,0,0,0,0,0,0,0,9,0,0,0,0,0,0
35,17 Sep 2025,,4u8iqbh8m9es525qyf4tsrifo,Michael Oliver,AFC Ajax,FC Internazionale Milano,N. Barella,0,0,1,1,1,3,0,0,38,0,0,0,0,2,0
35,17 Sep 2025,,4u8iqbh8m9es525qyf4tsrifo,Michael Oliver,AFC Ajax,FC Internazionale Milano,Y. Sommer,0,0,0,0,0,0,0,0,35,0,2,0,0,0,0
35,17 Sep 2025,,4u8iqbh8m9es525qyf4tsrifo,Michael Oliver,AFC Ajax,FC Internazionale Milano,D. Dumfries,0,0,1,0,2,1,0,0,23,0,0,0,0,4,0
35,17 Sep 2025,,4u8iqbh8m9es525qyf4tsrifo,Michael Oliver,AFC Ajax,FC Internazionale Milano,F. Esposito,0,1,1,0,1,4,0,0,33,0,0,1,0,0,0
35,17 Sep 2025,,4u8iqbh8m9es525qyf4tsrifo,Michael Oliver,AFC Ajax,FC Internazionale Milano,M. Thuram,0,2,0,0,3,2,2,1,16,0,0,7,3,0,1
35,17 Sep 2025,,4u8iqbh8m9es525qyf4tsrifo,Michael Oliver,AFC Ajax,FC Internazionale Milano,A. Bastoni,0,0,0,1,4,0,0,0,52,0,0,0,0,1,0
35,17 Sep 2025,,4u8iqbh8m9es525qyf4tsrifo,Michael Oliver,AFC Ajax,FC Internazionale Milano,F. Dimarco,0,1,1,3,1,0,0,0,26,0,0,3,1,2,0
35,17 Sep 2025,,4u8iqbh8m9es525qyf4tsrifo,Michael Oliver,AFC Ajax,FC Internazionale Milano,H. Çalhanoğlu,2,2,1,5,1,1,0,0,59,0,0,2,0,3,0
35,17 Sep 2025,,4u8iqbh8m9es525qyf4tsrifo,Michael Oliver,AFC Ajax,FC Internazionale Milano,S. de Vrij,0,0,0,0,2,0,0,0,46,0,0,0,0,0,0
35,17 Sep 2025,,4u8iqbh8m9es525qyf4tsrifo,Michael Oliver,AFC Ajax,FC Internazionale Milano,M. Akanji,0,0,0,1,0,1,0,0,37,0,0,0,0,1,0
35,17 Sep 2025,,4u8iqbh8m9es525qyf4tsrifo,Michael Oliver,AFC Ajax,FC Internazionale Milano,H. Mkhitaryan,0,0,0,0,2,0,0,0,21,0,0,0,0,2,1
35,17 Sep 2025,,4u8iqbh8m9es525qyf4tsrifo,Michael Oliver,AFC Ajax,FC Internazionale Milano,D. Frattesi,0,0,0,0,0,0,0,0,10,0,0,1,0,0,0
35,17 Sep 2025,,4u8iqbh8m9es525qyf4tsrifo,Michael Oliver,AFC Ajax,FC Internazionale Milano,P. Zieliński,0,0,0,0,0,1,0,0,2,0,0,0,0,0,0
35,17 Sep 2025,,4u8iqbh8m9es525qyf4tsrifo,Michael Oliver,AFC Ajax,FC Internazionale Milano,Carlos Augusto,0,0,0,0,0,0,0,0,2,0,0,0,0,0,0
35,17 Sep 2025,,4u8iqbh8m9es525qyf4tsrifo,Michael Oliver,AFC Ajax,FC Internazionale Milano,A. Bonny,0,0,0,0,0,1,0,0,3,0,0,0,0,0,0
35,17 Sep 2025,,4u8iqbh8m9es525qyf4tsrifo,Michael Oliver,AFC Ajax,FC Internazionale Milano,P. Sučić,0,0,0,0,0,0,0,0,2,0,0,0,0,0,0
36,17 Sep 2025,,4ul6yr2fksq114k3r287afg9g,José María Sánchez Martínez,FC Bayern München,Chelsea FC,L. Díaz,0,0,0,1,1,0,0,1,34,0,0,2,1,0,0
36,17 Sep 2025,,4ul6yr2fksq114k3r287afg9g,José María Sánchez Martínez,FC Bayern München,Chelsea FC,M. Neuer,0,0,0,0,0,0,0,0,50,0,2,0,0,0,0
36,17 Sep 2025,,4ul6yr2fksq114k3r287afg9g,José María Sánchez Martínez,FC Bayern München,Chelsea FC,A. Pavlović,0,0,0,1,1,0,0,0,42,0,0,0,0,0,0
36,17 Sep 2025,,4ul6yr2fksq114k3r287afg9g,José María Sánchez Martínez,FC Bayern München,Chelsea FC,M. Olise,0,2,4,5,3,0,0,0,45,0,0,5,1,1,1
36,17 Sep 2025,,4ul6yr2fksq114k3r287afg9g,José María Sánchez Martínez,FC Bayern München,Chelsea FC,J. Kimmich,0,0,1,3,0,3,0,0,65,0,0,0,0,1,0
36,17 Sep 2025,,4ul6yr2fksq114k3r287afg9g,José María Sánchez Martínez,FC Bayern München,Chelsea FC,D. Upamecano,0,0,0,0,0,0,0,0,68,0,0,0,0,2,0
36,17 Sep 2025,,4ul6yr2fksq114k3r287afg9g,José María Sánchez Martínez,FC Bayern München,Chelsea FC,J. Tah,0,0,0,0,1,1,0,1,36,0,0,0,0,0,1
36,17 Sep 2025,,4ul6yr2fksq114k3r287afg9g,José María Sánchez Martínez,FC Bayern München,Chelsea FC,J. Stanišić,0,0,0,0,0,0,0,0,28,0,0,0,0,1,0
36,17 Sep 2025,,4ul6yr2fksq114k3r287afg9g,José María Sánchez Martínez,FC Bayern München,Chelsea FC,S. Gnabry,1,1,0,1,1,0,0,1,38,0,0,2,0,0,0
36,17 Sep 2025,,4ul6yr2fksq114k3r287afg9g,José María Sánchez Martínez,FC Bayern München,Chelsea FC,K. Laimer,0,0,0,0,1,0,0,0,48,0,0,1,0,1,1
36,17 Sep 2025,,4ul6yr2fksq114k3r287afg9g,José María Sánchez Martínez,FC Bayern München,Chelsea FC,H. Kane,0,1,1,0,3,1,2,0,25,0,0,5,3,1,0
36,17 Sep 2025,,4ul6yr2fksq114k3r287afg9g,José María Sánchez Martínez,FC Bayern München,Chelsea FC,Kim Min-Jae,0,0,0,0,1,0,0,0,38,0,0,0,0,1,0
36,17 Sep 2025,,4ul6yr2fksq114k3r287afg9g,José María Sánchez Martínez,FC Bayern München,Chelsea FC,S. Boey,0,0,0,1,0,0,0,1,18,0,0,0,0,2,0
36,17 Sep 2025,,4ul6yr2fksq114k3r287afg9g,José María Sánchez Martínez,FC Bayern München,Chelsea FC,L. Goretzka,0,0,0,0,0,0,0,0,17,0,0,0,0,2,0
36,17 Sep 2025,,4ul6yr2fksq114k3r287afg9g,José María Sánchez Martínez,FC Bayern München,Chelsea FC,T. Bischof,0,0,0,0,0,0,0,0,4,0,0,0,0,1,0
36,17 Sep 2025,,4ul6yr2fksq114k3r287afg9g,José María Sánchez Martínez,FC Bayern München,Chelsea FC,N. Jackson,0,0,0,0,0,1,0,0,0,0,0,1,0,0,0
36,17 Sep 2025,,4ul6yr2fksq114k3r287afg9g,José María Sánchez Martínez,FC Bayern München,Chelsea FC,T. Chalobah,0,0,0,0,0,1,0,0,49,0,0,0,0,0,0
36,17 Sep 2025,,4ul6yr2fksq114k3r287afg9g,José María Sánchez Martínez,FC Bayern München,Chelsea FC,R. James,0,0,0,0,0,0,0,0,27,0,0,1,1,0,0
36,17 Sep 2025,,4ul6yr2fksq114k3r287afg9g,José María Sánchez Martínez,FC Bayern München,Chelsea FC,M. Gusto,1,1,2,3,0,1,0,1,35,0,0,1,0,2,0
36,17 Sep 2025,,4ul6yr2fksq114k3r287afg9g,José María Sánchez Martínez,FC Bayern München,Chelsea FC,T. Adarabioyo,0,0,0,0,0,0,0,0,69,0,0,0,0,1,0
36,17 Sep 2025,,4ul6yr2fksq114k3r287afg9g,José María Sánchez Martínez,FC Bayern München,Chelsea FC,Robert Sánchez,0,0,0,0,0,0,0,0,38,0,3,0,0,0,0
36,17 Sep 2025,,4ul6yr2fksq114k3r287afg9g,José María Sánchez Martínez,FC Bayern München,Chelsea FC,Pedro Neto,0,0,0,1,0,0,0,0,14,0,0,1,0,0,0
36,17 Sep 2025,,4ul6yr2fksq114k3r287afg9g,José María Sánchez Martínez,FC Bayern München,Chelsea FC,Marc Cucurella,0,0,0,0,1,2,0,0,34,0,0,1,0,2,0
36,17 Sep 2025,,4ul6yr2fksq114k3r287afg9g,José María Sánchez Martínez,FC Bayern München,Chelsea FC,João Pedro,0,0,0,0,1,4,0,1,23,0,0,0,0,2,0
36,17 Sep 2025,,4ul6yr2fksq114k3r287afg9g,José María Sánchez Martínez,FC Bayern München,Chelsea FC,C. Palmer,0,0,0,3,0,1,1,1,27,0,0,2,1,1,0
36,17 Sep 2025,,4ul6yr2fksq114k3r287afg9g,José María Sánchez Martínez,FC Bayern München,Chelsea FC,E. Fernández,0,1,0,2,0,2,0,0,21,0,0,1,0,0,0
36,17 Sep 2025,,4ul6yr2fksq114k3r287afg9g,José María Sánchez Martínez,FC Bayern München,Chelsea FC,M. Caicedo,0,0,0,0,2,0,0,0,59,0,0,1,0,2,0
36,17 Sep 2025,,4ul6yr2fksq114k3r287afg9g,José María Sánchez Martínez,FC Bayern München,Chelsea FC,A. Garnacho,0,0,0,3,0,0,0,0,11,0,0,1,1,0,0
36,17 Sep 2025,,4ul6yr2fksq114k3r287afg9g,José María Sánchez Martínez,FC Bayern München,Chelsea FC,Andrey Santos,0,0,0,0,2,1,0,0,26,0,0,0,0,0,1
36,17 Sep 2025,,4ul6yr2fksq114k3r287afg9g,José María Sánchez Martínez,FC Bayern München,Chelsea FC,Estêvão,0,0,0,2,1,0,0,0,4,0,0,0,0,0,0
37,17 Sep 2025,,4uxttaq5aye615oo9bylytl3o,Maurizio Mariani,Liverpool FC,Club Atlético de Madrid,D. Szoboszlai,1,2,1,9,1,0,0,0,79,0,0,3,0,4,0
37,17 Sep 2025,,4uxttaq5aye615oo9bylytl3o,Maurizio Mariani,Liverpool FC,Club Atlético de Madrid,V. van Dijk,0,1,1,0,0,1,1,0,88,0,0,3,1,0,0
37,17 Sep 2025,,4uxttaq5aye615oo9bylytl3o,Maurizio Mariani,Liverpool FC,Club Atlético de Madrid,A. Isak,0,0,0,0,1,0,0,0,16,0,0,2,1,2,0
37,17 Sep 2025,,4uxttaq5aye615oo9bylytl3o,Maurizio Mariani,Liverpool FC,Club Atlético de Madrid,J. Frimpong,0,0,2,1,0,0,0,0,21,0,0,1,0,2,0
37,17 Sep 2025,,4uxttaq5aye615oo9bylytl3o,Maurizio Mariani,Liverpool FC,Club Atlético de Madrid,I. Konaté,0,0,0,0,0,0,0,0,69,0,0,1,0,2,0
37,17 Sep 2025,,4uxttaq5aye615oo9bylytl3o,Maurizio Mariani,Liverpool FC,Club Atlético de Madrid,R. Gravenberch,1,0,0,1,1,3,0,0,66,0,0,0,0,2,0
37,17 Sep 2025,,4uxttaq5aye615oo9bylytl3o,Maurizio Mariani,Liverpool FC,Club Atlético de Madrid,Mohamed Salah,1,1,0,2,1,1,1,1,38,0,0,6,3,0,0
37,17 Sep 2025,,4uxttaq5aye615oo9bylytl3o,Maurizio Mariani,Liverpool FC,Club Atlético de Madrid,A. Robertson,0,0,0,3,1,0,1,0,57,0,0,1,1,0,0
37,17 Sep 2025,,4uxttaq5aye615oo9bylytl3o,Maurizio Mariani,Liverpool FC,Club Atlético de Madrid,F. Wirtz,0,0,0,3,1,1,0,0,32,0,0,0,0,0,0
37,17 Sep 2025,,4uxttaq5aye615oo9bylytl3o,Maurizio Mariani,Liverpool FC,Club Atlético de Madrid,Alisson Becker,0,0,0,0,0,0,0,0,31,0,2,0,0,0,0
37,17 Sep 2025,,4uxttaq5aye615oo9bylytl3o,Maurizio Mariani,Liverpool FC,Club Atlético de Madrid,C. Gakpo,0,0,0,1,0,0,0,0,17,0,0,0,0,0,0
37,17 Sep 2025,,4uxttaq5aye615oo9bylytl3o,Maurizio Mariani,Liverpool FC,Club Atlético de Madrid,C. Bradley,0,0,1,0,1,2,0,0,37,0,0,0,0,0,1
37,17 Sep 2025,,4uxttaq5aye615oo9bylytl3o,Maurizio Mariani,Liverpool FC,Club Atlético de Madrid,A. Mac Allister,0,0,0,0,0,1,0,0,20,0,0,0,0,0,0
37,17 Sep 2025,,4uxttaq5aye615oo9bylytl3o,Maurizio Mariani,Liverpool FC,Club Atlético de Madrid,H. Ekitiké,0,1,1,1,0,0,0,0,10,0,0,3,0,1,0
37,17 Sep 2025,,4uxttaq5aye615oo9bylytl3o,Maurizio Mariani,Liverpool FC,Club Atlético de Madrid,R. Ngumoha,0,0,1,1,0,0,0,0,12,0,0,0,0,0,0
37,17 Sep 2025,,4uxttaq5aye615oo9bylytl3o,Maurizio Mariani,Liverpool FC,Club Atlético de Madrid,M. Kerkez,0,0,0,0,0,0,0,0,3,0,0,0,0,0,0
37,17 Sep 2025,,4uxttaq5aye615oo9bylytl3o,Maurizio Mariani,Liverpool FC,Club Atlético de Madrid,N. González,0,0,1,3,0,1,0,1,19,0,0,1,0,1,0
37,17 Sep 2025,,4uxttaq5aye615oo9bylytl3o,Maurizio Mariani,Liverpool FC,Club Atlético de Madrid,C. Gallagher,0,0,1,1,1,1,0,0,30,0,0,0,0,2,0
37,17 Sep 2025,,4uxttaq5aye615oo9bylytl3o,Maurizio Mariani,Liverpool FC,Club Atlético de Madrid,Javi Galán,0,0,1,1,1,2,0,1,34,0,0,0,0,4,0
37,17 Sep 2025,,4uxttaq5aye615oo9bylytl3o,Maurizio Mariani,Liverpool FC,Club Atlético de Madrid,C. Lenglet,0,0,0,0,3,0,0,0,47,0,0,1,0,4,1
37,17 Sep 2025,,4uxttaq5aye615oo9bylytl3o,Maurizio Mariani,Liverpool FC,Club Atlético de Madrid,Robin Le Normand,0,0,0,0,0,1,0,0,41,0,0,0,0,0,1
37,17 Sep 2025,,4uxttaq5aye615oo9bylytl3o,Maurizio Mariani,Liverpool FC,Club Atlético de Madrid,Marcos Llorente,0,0,0,5,0,0,2,0,48,0,0,3,2,1,0
37,17 Sep 2025,,4uxttaq5aye615oo9bylytl3o,Maurizio Mariani,Liverpool FC,Club Atlético de Madrid,J. Oblak,0,0,0,0,0,0,0,0,28,0,3,0,0,0,0
37,17 Sep 2025,,4uxttaq5aye615oo9bylytl3o,Maurizio Mariani,Liverpool FC,Club Atlético de Madrid,A. Griezmann,0,0,1,9,0,0,0,0,24,0,0,0,0,0,0
37,17 Sep 2025,,4uxttaq5aye615oo9bylytl3o,Maurizio Mariani,Liverpool FC,Club Atlético de Madrid,Pablo Barrios,0,1,0,0,0,0,0,0,54,0,0,1,0,3,0
37,17 Sep 2025,,4uxttaq5aye615oo9bylytl3o,Maurizio Mariani,Liverpool FC,Club Atlético de Madrid,G. Raspadori,1,0,0,2,0,1,0,0,29,0,0,2,1,0,0
37,17 Sep 2025,,4uxttaq5aye615oo9bylytl3o,Maurizio Mariani,Liverpool FC,Club Atlético de Madrid,G. Simeone,0,0,2,3,3,1,0,0,37,0,0,0,0,0,0
37,17 Sep 2025,,4uxttaq5aye615oo9bylytl3o,Maurizio Mariani,Liverpool FC,Club Atlético de Madrid,Koke,0,1,0,1,0,0,0,0,42,0,0,1,0,1,0
37,17 Sep 2025,,4uxttaq5aye615oo9bylytl3o,Maurizio Mariani,Liverpool FC,Club Atlético de Madrid,N. Molina,0,0,0,0,0,0,0,0,18,0,0,0,0,0,0
37,17 Sep 2025,,4uxttaq5aye615oo9bylytl3o,Maurizio Mariani,Liverpool FC,Club Atlético de Madrid,A. Sørloth,0,0,0,0,0,0,0,0,5,0,0,1,1,0,0
37,17 Sep 2025,,4uxttaq5aye615oo9bylytl3o,Maurizio Mariani,Liverpool FC,Club Atlético de Madrid,Marc Pubill,0,0,0,0,1,0,0,0,4,0,0,0,0,1,0
38,17 Sep 2025,,4vah0y57kbchzjav53h65uv4k,Sandro Schärer,Paris Saint-Germain FC,Atalanta Bergamasca Calcio,Marquinhos,0,0,0,0,1,2,1,0,67,0,0,2,1,1,0
38,17 Sep 2025,,4vah0y57kbchzjav53h65uv4k,Sandro Schärer,Paris Saint-Germain FC,Atalanta Bergamasca Calcio,W. Pacho,0,0,0,0,1,0,0,0,69,0,0,0,0,1,0
38,17 Sep 2025,,4vah0y57kbchzjav53h65uv4k,Sandro Schärer,Paris Saint-Germain FC,Atalanta Bergamasca Calcio,S. Mayulu,0,2,1,0,1,3,0,0,21,0,0,3,0,1,0
38,17 Sep 2025,,4vah0y57kbchzjav53h65uv4k,Sandro Schärer,Paris Saint-Germain FC,Atalanta Bergamasca Calcio,A. Hakimi,1,1,1,0,0,1,0,0,86,0,0,2,1,1,0
38,17 Sep 2025,,4vah0y57kbchzjav53h65uv4k,Sandro Schärer,Paris Saint-Germain FC,Atalanta Bergamasca Calcio,B. Barcola,1,0,0,0,0,0,0,2,37,0,0,3,3,1,0
38,17 Sep 2025,,4vah0y57kbchzjav53h65uv4k,Sandro Schärer,Paris Saint-Germain FC,Atalanta Bergamasca Calcio,Nuno Mendes,0,0,2,2,0,1,1,0,58,0,0,2,2,0,0
38,17 Sep 2025,,4vah0y57kbchzjav53h65uv4k,Sandro Schärer,Paris Saint-Germain FC,Atalanta Bergamasca Calcio,Fabián Ruiz,1,0,1,0,1,1,0,0,51,0,0,1,1,0,0
38,17 Sep 2025,,4vah0y57kbchzjav53h65uv4k,Sandro Schärer,Paris Saint-Germain FC,Atalanta Bergamasca Calcio,João Neves,0,0,0,0,0,0,0,0,41,0,0,1,0,2,0
38,17 Sep 2025,,4vah0y57kbchzjav53h65uv4k,Sandro Schärer,Paris Saint-Germain FC,Atalanta Bergamasca Calcio,Vitinha,0,0,0,2,0,2,0,0,98,0,0,1,0,0,0
38,17 Sep 2025,,4vah0y57kbchzjav53h65uv4k,Sandro Schärer,Paris Saint-Germain FC,Atalanta Bergamasca Calcio,K. Kvaratskhelia,0,1,0,3,0,1,1,0,67,0,0,2,1,2,0
38,17 Sep 2025,,4vah0y57kbchzjav53h65uv4k,Sandro Schärer,Paris Saint-Germain FC,Atalanta Bergamasca Calcio,L. Chevalier,0,0,0,0,0,0,0,0,31,0,2,0,0,0,0
38,17 Sep 2025,,4vah0y57kbchzjav53h65uv4k,Sandro Schärer,Paris Saint-Germain FC,Atalanta Bergamasca Calcio,Gonçalo Ramos,0,0,1,0,0,0,1,1,18,0,0,3,3,0,0
38,17 Sep 2025,,4vah0y57kbchzjav53h65uv4k,Sandro Schärer,Paris Saint-Germain FC,Atalanta Bergamasca Calcio,W. Zaïre-Emery,0,0,0,0,0,0,0,0,23,0,0,1,0,1,0
38,17 Sep 2025,,4vah0y57kbchzjav53h65uv4k,Sandro Schärer,Paris Saint-Germain FC,Atalanta Bergamasca Calcio,Lee Kang-In,0,0,0,0,1,0,0,0,27,0,0,0,0,1,0
38,17 Sep 2025,,4vah0y57kbchzjav53h65uv4k,Sandro Schärer,Paris Saint-Germain FC,Atalanta Bergamasca Calcio,I. Zabarnyi,0,0,0,0,0,0,0,0,13,0,0,0,0,0,0
38,17 Sep 2025,,4vah0y57kbchzjav53h65uv4k,Sandro Schärer,Paris Saint-Germain FC,Atalanta Bergamasca Calcio,I. Mbaye,0,0,0,1,0,0,0,0,4,0,0,1,1,1,0
38,17 Sep 2025,,4vah0y57kbchzjav53h65uv4k,Sandro Schärer,Paris Saint-Germain FC,Atalanta Bergamasca Calcio,M. Pašalić,0,1,0,0,0,0,0,2,26,0,0,3,1,0,0
38,17 Sep 2025,,4vah0y57kbchzjav53h65uv4k,Sandro Schärer,Paris Saint-Germain FC,Atalanta Bergamasca Calcio,M. de Roon,0,0,0,0,3,0,0,0,42,0,0,0,0,3,0
38,17 Sep 2025,,4vah0y57kbchzjav53h65uv4k,Sandro Schärer,Paris Saint-Germain FC,Atalanta Bergamasca Calcio,B. Djimsiti,0,0,0,0,0,0,0,0,29,0,0,0,0,0,0
38,17 Sep 2025,,4vah0y57kbchzjav53h65uv4k,Sandro Schärer,Paris Saint-Germain FC,Atalanta Bergamasca Calcio,L. Bernasconi,0,0,0,1,0,0,0,0,27,0,0,0,0,0,0
38,17 Sep 2025,,4vah0y57kbchzjav53h65uv4k,Sandro Schärer,Paris Saint-Germain FC,Atalanta Bergamasca Calcio,M. Carnesecchi,0,0,0,0,0,0,0,0,36,0,9,0,0,0,0
38,17 Sep 2025,,4vah0y57kbchzjav53h65uv4k,Sandro Schärer,Paris Saint-Germain FC,Atalanta Bergamasca Calcio,D. Maldini,0,0,0,1,0,1,0,0,8,0,0,0,0,1,0
38,17 Sep 2025,,4vah0y57kbchzjav53h65uv4k,Sandro Schärer,Paris Saint-Germain FC,Atalanta Bergamasca Calcio,O. Kossounou,0,0,0,1,0,0,0,0,35,0,0,1,0,4,0
38,17 Sep 2025,,4vah0y57kbchzjav53h65uv4k,Sandro Schärer,Paris Saint-Germain FC,Atalanta Bergamasca Calcio,R. Bellanova,0,0,1,4,0,0,0,0,30,0,0,0,0,1,0
38,17 Sep 2025,,4vah0y57kbchzjav53h65uv4k,Sandro Schärer,Paris Saint-Germain FC,Atalanta Bergamasca Calcio,C. De Ketelaere,0,0,0,0,1,1,0,0,15,0,0,0,0,1,0
38,17 Sep 2025,,4vah0y57kbchzjav53h65uv4k,Sandro Schärer,Paris Saint-Germain FC,Atalanta Bergamasca Calcio,Y. Musah,0,0,0,0,1,3,0,0,20,0,0,0,0,1,1
38,17 Sep 2025,,4vah0y57kbchzjav53h65uv4k,Sandro Schärer,Paris Saint-Germain FC,Atalanta Bergamasca Calcio,I. Hien,0,0,0,0,1,0,0,0,24,0,0,0,0,1,0
38,17 Sep 2025,,4vah0y57kbchzjav53h65uv4k,Sandro Schärer,Paris Saint-Germain FC,Atalanta Bergamasca Calcio,N. Krstović,0,1,0,0,2,0,0,0,15,0,0,2,1,0,0
38,17 Sep 2025,,4vah0y57kbchzjav53h65uv4k,Sandro Schärer,Paris Saint-Germain FC,Atalanta Bergamasca Calcio,L. Samardžić,0,0,0,1,2,0,0,0,20,0,0,0,0,1,0
38,17 Sep 2025,,4vah0y57kbchzjav53h65uv4k,Sandro Schärer,Paris Saint-Germain FC,Atalanta Bergamasca Calcio,G. Scalvini,0,0,0,0,0,0,0,0,6,0,0,0,0,0,0
38,17 Sep 2025,,4vah0y57kbchzjav53h65uv4k,Sandro Schärer,Paris Saint-Germain FC,Atalanta Bergamasca Calcio,M. Brescianini,0,0,0,0,1,0,0,0,8,0,0,1,0,0,0
38,17 Sep 2025,,4vah0y57kbchzjav53h65uv4k,Sandro Schärer,Paris Saint-Germain FC,Atalanta Bergamasca Calcio,H. Ahanor,0,0,0,0,0,0,0,0,2,0,0,0,0,0,0
39,18 Sep 2025,,4vn56t4pxoy4bv8dlacifua6s,Simone Sozza,Club Brugge KV,AS Monaco FC,A. Stanković,0,1,0,0,0,0,0,0,45,0,0,3,1,2,0
39,18 Sep 2025,,4vn56t4pxoy4bv8dlacifua6s,Simone Sozza,Club Brugge KV,AS Monaco FC,B. Mechele,0,0,0,0,1,0,0,0,49,0,0,0,0,2,0
39,18 Sep 2025,,4vn56t4pxoy4bv8dlacifua6s,Simone Sozza,Club Brugge KV,AS Monaco FC,H. Vanaken,1,0,0,2,3,1,1,0,56,0,0,1,1,2,1
39,18 Sep 2025,,4vn56t4pxoy4bv8dlacifua6s,Simone Sozza,Club Brugge KV,AS Monaco FC,C. Tzolis,0,2,3,5,1,4,0,0,38,0,0,6,1,1,0
39,18 Sep 2025,,4vn56t4pxoy4bv8dlacifua6s,Simone Sozza,Club Brugge KV,AS Monaco FC,N. Tresoldi,0,2,1,0,1,1,1,0,20,0,0,8,3,0,0
39,18 Sep 2025,,4vn56t4pxoy4bv8dlacifua6s,Simone Sozza,Club Brugge KV,AS Monaco FC,R. Onyedika,0,0,0,0,2,1,1,0,53,0,0,1,1,3,0
39,18 Sep 2025,,4vn56t4pxoy4bv8dlacifua6s,Simone Sozza,Club Brugge KV,AS Monaco FC,B. Meijer,0,0,0,1,1,0,0,0,23,0,0,0,0,1,0
39,18 Sep 2025,,4vn56t4pxoy4bv8dlacifua6s,Simone Sozza,Club Brugge KV,AS Monaco FC,K. Sabbe,0,0,0,4,0,0,0,0,32,0,0,0,0,1,0
39,18 Sep 2025,,4vn56t4pxoy4bv8dlacifua6s,Simone Sozza,Club Brugge KV,AS Monaco FC,Carlos Forbs,1,0,0,1,0,1,0,0,20,0,0,4,2,0,0
39,18 Sep 2025,,4vn56t4pxoy4bv8dlacifua6s,Simone Sozza,Club Brugge KV,AS Monaco FC,J. Ordoñez,0,1,0,0,0,0,0,0,42,0,0,1,0,3,0
39,18 Sep 2025,,4vn56t4pxoy4bv8dlacifua6s,Simone Sozza,Club Brugge KV,AS Monaco FC,S. Mignolet,0,0,0,0,1,0,0,0,14,0,1,0,0,0,1
39,18 Sep 2025,,4vn56t4pxoy4bv8dlacifua6s,Simone Sozza,Club Brugge KV,AS Monaco FC,N. Jackers,0,0,0,0,0,0,0,0,27,0,3,0,0,0,0
39,18 Sep 2025,,4vn56t4pxoy4bv8dlacifua6s,Simone Sozza,Club Brugge KV,AS Monaco FC,J. Seys,1,0,0,0,0,1,0,0,19,0,0,0,0,1,0
39,18 Sep 2025,,4vn56t4pxoy4bv8dlacifua6s,Simone Sozza,Club Brugge KV,AS Monaco FC,M. Diakhon,0,1,0,0,1,0,1,0,7,0,0,2,1,0,0
39,18 Sep 2025,,4vn56t4pxoy4bv8dlacifua6s,Simone Sozza,Club Brugge KV,AS Monaco FC,L. Audoor,0,0,0,0,0,0,0,0,6,0,0,0,0,0,0
39,18 Sep 2025,,4vn56t4pxoy4bv8dlacifua6s,Simone Sozza,Club Brugge KV,AS Monaco FC,J. Spileers,0,0,0,0,0,0,0,0,5,0,0,0,0,0,0
39,18 Sep 2025,,4vn56t4pxoy4bv8dlacifua6s,Simone Sozza,Club Brugge KV,AS Monaco FC,A. Bamba,0,0,0,0,0,0,0,0,23,0,0,0,0,1,0
39,18 Sep 2025,,4vn56t4pxoy4bv8dlacifua6s,Simone Sozza,Club Brugge KV,AS Monaco FC,Caio Henrique,0,0,0,2,0,0,0,0,23,0,0,0,0,0,0
39,18 Sep 2025,,4vn56t4pxoy4bv8dlacifua6s,Simone Sozza,Club Brugge KV,AS Monaco FC,M. Biereth,0,0,0,1,0,1,0,0,14,0,0,1,1,0,0
39,18 Sep 2025,,4vn56t4pxoy4bv8dlacifua6s,Simone Sozza,Club Brugge KV,AS Monaco FC,M. Akliouche,0,1,1,1,1,1,0,0,32,0,0,5,2,1,0
39,18 Sep 2025,,4vn56t4pxoy4bv8dlacifua6s,Simone Sozza,Club Brugge KV,AS Monaco FC,E. Dier,0,0,0,0,0,0,0,0,70,0,0,1,0,2,0
39,18 Sep 2025,,4vn56t4pxoy4bv8dlacifua6s,Simone Sozza,Club Brugge KV,AS Monaco FC,Vanderson,0,1,1,2,3,2,0,0,43,0,0,1,0,1,0
39,18 Sep 2025,,4vn56t4pxoy4bv8dlacifua6s,Simone Sozza,Club Brugge KV,AS Monaco FC,L. Camara,0,0,0,3,2,2,0,0,67,0,0,0,0,4,0
39,18 Sep 2025,,4vn56t4pxoy4bv8dlacifua6s,Simone Sozza,Club Brugge KV,AS Monaco FC,C. Mawissa,0,0,1,1,2,0,0,0,52,0,0,0,0,1,1
39,18 Sep 2025,,4vn56t4pxoy4bv8dlacifua6s,Simone Sozza,Club Brugge KV,AS Monaco FC,T. Minamino,1,1,1,1,0,1,0,0,38,0,0,2,0,0,0
39,18 Sep 2025,,4vn56t4pxoy4bv8dlacifua6s,Simone Sozza,Club Brugge KV,AS Monaco FC,P. Köhn,0,0,0,0,0,0,0,0,22,0,6,0,0,0,0
39,18 Sep 2025,,4vn56t4pxoy4bv8dlacifua6s,Simone Sozza,Club Brugge KV,AS Monaco FC,F. Balogun,0,0,0,0,0,2,0,0,20,0,0,0,0,1,0
39,18 Sep 2025,,4vn56t4pxoy4bv8dlacifua6s,Simone Sozza,Club Brugge KV,AS Monaco FC,M. Coulibaly,0,0,0,0,1,1,0,0,29,0,0,0,0,1,1
39,18 Sep 2025,,4vn56t4pxoy4bv8dlacifua6s,Simone Sozza,Club Brugge KV,AS Monaco FC,T. Kehrer,0,0,0,0,0,0,0,0,33,0,0,1,0,0,0
39,18 Sep 2025,,4vn56t4pxoy4bv8dlacifua6s,Simone Sozza,Club Brugge KV,AS Monaco FC,Ansu Fati,0,0,0,0,0,0,1,1,12,0,0,2,2,0,0
39,18 Sep 2025,,4vn56t4pxoy4bv8dlacifua6s,Simone Sozza,Club Brugge KV,AS Monaco FC,G. Ilenikhena,0,0,1,0,0,0,0,0,3,0,0,0,0,1,0
39,18 Sep 2025,,4vn56t4pxoy4bv8dlacifua6s,Simone Sozza,Club Brugge KV,AS Monaco FC,K. Ouattara,0,0,0,1,0,1,0,0,4,0,0,0,0,0,0
40,18 Sep 2025,,4vztu080wke11le259fjnfdp0,Əliyar Ağayev,FC København,Bayer 04 Leverkusen,Gabriel Pereira,0,0,0,0,1,0,0,0,49,0,0,2,0,2,0
40,18 Sep 2025,,4vztu080wke11le259fjnfdp0,Əliyar Ağayev,FC København,Bayer 04 Leverkusen,P. Hatzidiakos,0,0,0,0,3,1,0,0,42,0,0,0,0,1,1
40,18 Sep 2025,,4vztu080wke11le259fjnfdp0,Əliyar Ağayev,FC København,Bayer 04 Leverkusen,M. Elyounoussi,0,0,0,4,0,2,0,0,35,0,0,2,1,2,0
40,18 Sep 2025,,4vztu080wke11le259fjnfdp0,Əliyar Ağayev,FC København,Bayer 04 Leverkusen,R. Huescas,1,0,2,5,1,1,0,0,36,0,0,1,1,3,0
40,18 Sep 2025,,4vztu080wke11le259fjnfdp0,Əliyar Ağayev,FC København,Bayer 04 Leverkusen,D. Kotarski,0,0,0,0,0,0,0,0,23,0,3,0,0,0,0
40,18 Sep 2025,,4vztu080wke11le259fjnfdp0,Əliyar Ağayev,FC København,Bayer 04 Leverkusen,Y. Moukoko,0,0,0,0,2,1,0,0,13,0,0,1,1,1,0
40,18 Sep 2025,,4vztu080wke11le259fjnfdp0,Əliyar Ağayev,FC København,Bayer 04 Leverkusen,T. Delaney,0,0,0,0,2,2,0,0,24,0,0,0,0,3,1
40,18 Sep 2025,,4vztu080wke11le259fjnfdp0,Əliyar Ağayev,FC København,Bayer 04 Leverkusen,J. Larsson,0,0,1,0,0,1,1,0,29,0,0,2,2,0,0
40,18 Sep 2025,,4vztu080wke11le259fjnfdp0,Əliyar Ağayev,FC København,Bayer 04 Leverkusen,L. Lerager,0,0,0,0,0,0,0,0,40,0,0,1,1,4,0
40,18 Sep 2025,,4vztu080wke11le259fjnfdp0,Əliyar Ağayev,FC København,Bayer 04 Leverkusen,M. López,0,0,0,2,1,1,0,0,27,0,0,0,0,0,1
40,18 Sep 2025,,4vztu080wke11le259fjnfdp0,Əliyar Ağayev,FC København,Bayer 04 Leverkusen,E. Achouri,1,1,1,5,2,1,0,0,23,0,0,1,0,0,0
40,18 Sep 2025,,4vztu080wke11le259fjnfdp0,Əliyar Ağayev,FC København,Bayer 04 Leverkusen,M. Madsen,0,0,0,0,2,0,0,0,7,0,0,0,0,1,0
40,18 Sep 2025,,4vztu080wke11le259fjnfdp0,Əliyar Ağayev,FC København,Bayer 04 Leverkusen,V. Claesson,0,0,0,0,0,0,0,0,9,0,0,0,0,1,0
40,18 Sep 2025,,4vztu080wke11le259fjnfdp0,Əliyar Ağayev,FC København,Bayer 04 Leverkusen,Robert Silva,0,0,0,0,0,1,1,0,2,0,0,1,1,0,0
40,18 Sep 2025,,4vztu080wke11le259fjnfdp0,Əliyar Ağayev,FC København,Bayer 04 Leverkusen,Y. Zague,0,0,0,0,0,0,0,0,5,0,0,1,0,0,0
40,18 Sep 2025,,4vztu080wke11le259fjnfdp0,Əliyar Ağayev,FC København,Bayer 04 Leverkusen,M. Tillman,0,0,2,2,2,0,0,0,15,0,0,1,0,0,0
40,18 Sep 2025,,4vztu080wke11le259fjnfdp0,Əliyar Ağayev,FC København,Bayer 04 Leverkusen,M. Flekken,0,0,0,0,0,0,0,0,28,0,5,0,0,0,0
40,18 Sep 2025,,4vztu080wke11le259fjnfdp0,Əliyar Ağayev,FC København,Bayer 04 Leverkusen,E. Tapsoba,0,0,0,0,2,1,0,0,122,0,0,0,0,0,1
40,18 Sep 2025,,4vztu080wke11le259fjnfdp0,Əliyar Ağayev,FC København,Bayer 04 Leverkusen,J. Quansah,0,0,0,0,0,0,0,0,82,0,0,1,0,1,0
40,18 Sep 2025,,4vztu080wke11le259fjnfdp0,Əliyar Ağayev,FC København,Bayer 04 Leverkusen,L. Badé,0,0,0,0,1,0,0,0,64,0,0,0,0,0,0
40,18 Sep 2025,,4vztu080wke11le259fjnfdp0,Əliyar Ağayev,FC København,Bayer 04 Leverkusen,R. Andrich,0,0,0,0,0,1,0,0,60,0,0,1,1,0,0
40,18 Sep 2025,,4vztu080wke11le259fjnfdp0,Əliyar Ağayev,FC København,Bayer 04 Leverkusen,Lucas Vázquez,0,0,0,4,3,4,0,0,49,0,0,0,0,2,1
40,18 Sep 2025,,4vztu080wke11le259fjnfdp0,Əliyar Ağayev,FC København,Bayer 04 Leverkusen,Alejandro Grimaldo,0,0,2,8,1,0,1,0,54,0,0,3,1,2,0
40,18 Sep 2025,,4vztu080wke11le259fjnfdp0,Əliyar Ağayev,FC København,Bayer 04 Leverkusen,E. Fernández,0,0,0,0,0,0,0,0,45,0,0,0,0,0,0
40,18 Sep 2025,,4vztu080wke11le259fjnfdp0,Əliyar Ağayev,FC København,Bayer 04 Leverkusen,E. Ben Seghir,0,1,0,1,0,3,0,0,27,0,0,3,0,1,0
40,18 Sep 2025,,4vztu080wke11le259fjnfdp0,Əliyar Ağayev,FC København,Bayer 04 Leverkusen,P. Schick,0,0,1,0,1,3,0,0,8,0,0,1,1,1,0
40,18 Sep 2025,,4vztu080wke11le259fjnfdp0,Əliyar Ağayev,FC København,Bayer 04 Leverkusen,Aleix García,0,1,0,1,1,0,0,0,52,0,0,1,0,1,0
40,18 Sep 2025,,4vztu080wke11le259fjnfdp0,Əliyar Ağayev,FC København,Bayer 04 Leverkusen,I. Maza,0,1,0,1,1,1,0,0,13,0,0,2,0,1,0
40,18 Sep 2025,,4vztu080wke11le259fjnfdp0,Əliyar Ağayev,FC København,Bayer 04 Leverkusen,E. Poku,0,0,0,1,1,0,0,0,15,0,0,0,0,1,0
40,18 Sep 2025,,4vztu080wke11le259fjnfdp0,Əliyar Ağayev,FC København,Bayer 04 Leverkusen,C. Echeverri,0,1,0,1,0,1,0,0,13,0,0,2,1,0,0
40,18 Sep 2025,,4vztu080wke11le259fjnfdp0,Əliyar Ağayev,FC København,Bayer 04 Leverkusen,C. Kofane,0,0,0,0,0,0,0,0,0,0,0,0,0,0,0
41,18 Sep 2025,,4wcjch9j9nzd1cfu19oioy9sk,Marco Guida,Eintracht Frankfurt,Galatasaray Spor Kulübü,C. Uzun,0,1,1,0,1,1,1,0,22,0,0,3,2,2,0
41,18 Sep 2025,,4wcjch9j9nzd1cfu19oioy9sk,Marco Guida,Eintracht Frankfurt,Galatasaray Spor Kulübü,A. Theate,0,0,0,0,0,1,0,0,59,0,0,0,0,0,0
41,18 Sep 2025,,4wcjch9j9nzd1cfu19oioy9sk,Marco Guida,Eintracht Frankfurt,Galatasaray Spor Kulübü,F. Chaïbi,0,0,1,3,1,1,0,0,38,0,0,0,0,1,0
41,18 Sep 2025,,4wcjch9j9nzd1cfu19oioy9sk,Marco Guida,Eintracht Frankfurt,Galatasaray Spor Kulübü,H. Larsson,0,0,0,0,0,1,0,0,31,0,0,0,0,2,0
41,18 Sep 2025,,4wcjch9j9nzd1cfu19oioy9sk,Marco Guida,Eintracht Frankfurt,Galatasaray Spor Kulübü,N. Collins,0,0,0,0,0,1,0,0,31,0,0,0,0,1,0
41,18 Sep 2025,,4wcjch9j9nzd1cfu19oioy9sk,Marco Guida,Eintracht Frankfurt,Galatasaray Spor Kulübü,R. Koch,0,0,0,0,0,0,0,0,30,0,0,0,0,0,0
41,18 Sep 2025,,4wcjch9j9nzd1cfu19oioy9sk,Marco Guida,Eintracht Frankfurt,Galatasaray Spor Kulübü,M. Zetterer,0,0,0,0,0,1,0,0,35,0,4,0,0,0,0
41,18 Sep 2025,,4wcjch9j9nzd1cfu19oioy9sk,Marco Guida,Eintracht Frankfurt,Galatasaray Spor Kulübü,R. Doan,0,0,0,4,3,0,0,0,16,0,0,1,0,1,0
41,18 Sep 2025,,4wcjch9j9nzd1cfu19oioy9sk,Marco Guida,Eintracht Frankfurt,Galatasaray Spor Kulübü,J. Burkardt,1,1,0,3,2,2,1,1,8,0,0,2,1,0,1
41,18 Sep 2025,,4wcjch9j9nzd1cfu19oioy9sk,Marco Guida,Eintracht Frankfurt,Galatasaray Spor Kulübü,A. Knauff,0,1,2,1,2,2,1,0,16,0,0,4,2,1,0
41,18 Sep 2025,,4wcjch9j9nzd1cfu19oioy9sk,Marco Guida,Eintracht Frankfurt,Galatasaray Spor Kulübü,N. Brown,1,1,0,2,1,2,0,0,19,0,0,1,0,6,0
41,18 Sep 2025,,4wcjch9j9nzd1cfu19oioy9sk,Marco Guida,Eintracht Frankfurt,Galatasaray Spor Kulübü,E. Wahi,1,0,0,0,0,0,0,0,2,0,0,0,0,1,0
41,18 Sep 2025,,4wcjch9j9nzd1cfu19oioy9sk,Marco Guida,Eintracht Frankfurt,Galatasaray Spor Kulübü,J. Bahoya,0,0,0,1,0,0,0,0,4,0,0,0,0,1,0
41,18 Sep 2025,,4wcjch9j9nzd1cfu19oioy9sk,Marco Guida,Eintracht Frankfurt,Galatasaray Spor Kulübü,E. Skhiri,0,0,0,0,0,1,0,0,11,0,0,0,0,1,0
41,18 Sep 2025,,4wcjch9j9nzd1cfu19oioy9sk,Marco Guida,Eintracht Frankfurt,Galatasaray Spor Kulübü,A. Amenda,0,0,0,0,0,0,0,0,8,0,0,0,0,0,0
41,18 Sep 2025,,4wcjch9j9nzd1cfu19oioy9sk,Marco Guida,Eintracht Frankfurt,Galatasaray Spor Kulübü,M. Batshuayi,0,0,0,0,0,0,0,0,0,0,0,0,0,0,0
41,18 Sep 2025,,4wcjch9j9nzd1cfu19oioy9sk,Marco Guida,Eintracht Frankfurt,Galatasaray Spor Kulübü,E. Elmalı,0,0,1,1,0,1,0,0,20,0,0,0,0,0,0
41,18 Sep 2025,,4wcjch9j9nzd1cfu19oioy9sk,Marco Guida,Eintracht Frankfurt,Galatasaray Spor Kulübü,B. Yılmaz,0,0,1,4,1,1,0,0,20,0,0,2,1,1,0
41,18 Sep 2025,,4wcjch9j9nzd1cfu19oioy9sk,Marco Guida,Eintracht Frankfurt,Galatasaray Spor Kulübü,D. Sánchez,0,0,0,0,2,0,0,0,53,0,0,1,0,1,0
41,18 Sep 2025,,4wcjch9j9nzd1cfu19oioy9sk,Marco Guida,Eintracht Frankfurt,Galatasaray Spor Kulübü,W. Singo,0,0,0,0,0,2,0,0,92,0,0,1,0,1,0
41,18 Sep 2025,,4wcjch9j9nzd1cfu19oioy9sk,Marco Guida,Eintracht Frankfurt,Galatasaray Spor Kulübü,R. Sallai,0,0,0,2,2,2,0,0,61,0,0,0,0,1,0
41,18 Sep 2025,,4wcjch9j9nzd1cfu19oioy9sk,Marco Guida,Eintracht Frankfurt,Galatasaray Spor Kulübü,M. Lemina,0,0,0,0,1,0,0,0,41,0,0,0,0,2,0
41,18 Sep 2025,,4wcjch9j9nzd1cfu19oioy9sk,Marco Guida,Eintracht Frankfurt,Galatasaray Spor Kulübü,Y. Akgün,0,0,0,1,0,0,1,0,26,0,0,2,2,0,0
41,18 Sep 2025,,4wcjch9j9nzd1cfu19oioy9sk,Marco Guida,Eintracht Frankfurt,Galatasaray Spor Kulübü,L. Sané,1,0,0,1,2,0,0,0,34,0,0,1,0,1,0
41,18 Sep 2025,,4wcjch9j9nzd1cfu19oioy9sk,Marco Guida,Eintracht Frankfurt,Galatasaray Spor Kulübü,U. Çakır,0,0,0,0,0,0,0,0,36,0,3,0,0,0,0
41,18 Sep 2025,,4wcjch9j9nzd1cfu19oioy9sk,Marco Guida,Eintracht Frankfurt,Galatasaray Spor Kulübü,L. Torreira,0,1,0,0,0,0,0,0,64,0,0,2,0,1,0
41,18 Sep 2025,,4wcjch9j9nzd1cfu19oioy9sk,Marco Guida,Eintracht Frankfurt,Galatasaray Spor Kulübü,İ. Gündoğan,0,0,0,1,1,1,0,0,49,0,0,2,2,0,0
41,18 Sep 2025,,4wcjch9j9nzd1cfu19oioy9sk,Marco Guida,Eintracht Frankfurt,Galatasaray Spor Kulübü,M. Icardi,0,0,0,0,0,0,0,0,2,0,0,1,0,0,0
41,18 Sep 2025,,4wcjch9j9nzd1cfu19oioy9sk,Marco Guida,Eintracht Frankfurt,Galatasaray Spor Kulübü,A. Kutucu,0,1,0,1,2,0,0,0,10,0,0,1,0,0,0
41,18 Sep 2025,,4wcjch9j9nzd1cfu19oioy9sk,Marco Guida,Eintracht Frankfurt,Galatasaray Spor Kulübü,Gabriel Sara,0,1,1,2,1,0,0,0,13,0,0,1,0,0,0
41,18 Sep 2025,,4wcjch9j9nzd1cfu19oioy9sk,Marco Guida,Eintracht Frankfurt,Galatasaray Spor Kulübü,I. Jakobs,0,0,0,2,1,0,0,0,21,0,0,0,0,0,0
41,18 Sep 2025,,4wcjch9j9nzd1cfu19oioy9sk,Marco Guida,Eintracht Frankfurt,Galatasaray Spor Kulübü,K. Ayhan,0,0,0,0,0,0,0,0,13,0,0,0,0,0,0
42,18 Sep 2025,,4wp9z2tfe21drwyz966ojvpjo,Felix Zwayer,Manchester City FC,SSC Napoli,Bernardo Silva,0,0,1,2,0,0,0,0,66,0,0,0,0,3,0
42,18 Sep 2025,,4wp9z2tfe21drwyz966ojvpjo,Felix Zwayer,Manchester City FC,SSC Napoli,G. Donnarumma,0,0,0,0,0,0,0,0,19,0,1,0,0,0,0
42,18 Sep 2025,,4wp9z2tfe21drwyz966ojvpjo,Felix Zwayer,Manchester City FC,SSC Napoli,N. O'Reilly,0,1,1,2,1,0,0,0,70,0,0,2,1,1,0
42,18 Sep 2025,,4wp9z2tfe21drwyz966ojvpjo,Felix Zwayer,Manchester City FC,SSC Napoli,J. Gvardiol,0,1,0,0,0,0,0,0,80,0,0,3,1,0,0
42,18 Sep 2025,,4wp9z2tfe21drwyz966ojvpjo,Felix Zwayer,Manchester City FC,SSC Napoli,J. Doku,0,1,2,2,1,3,1,1,49,0,0,2,1,0,0
42,18 Sep 2025,,4wp9z2tfe21drwyz966ojvpjo,Felix Zwayer,Manchester City FC,SSC Napoli,Rodri,0,0,0,0,0,0,0,0,95,0,0,1,1,2,0
42,18 Sep 2025,,4wp9z2tfe21drwyz966ojvpjo,Felix Zwayer,Manchester City FC,SSC Napoli,A. Khusanov,0,1,1,2,0,0,0,0,79,0,0,1,0,2,0
42,18 Sep 2025,,4wp9z2tfe21drwyz966ojvpjo,Felix Zwayer,Manchester City FC,SSC Napoli,Rúben Dias,0,1,0,2,0,0,0,0,96,0,0,2,0,1,0
42,18 Sep 2025,,4wp9z2tfe21drwyz966ojvpjo,Felix Zwayer,Manchester City FC,SSC Napoli,P. Foden,1,0,0,11,0,0,0,0,65,0,0,2,1,0,0
42,18 Sep 2025,,4wp9z2tfe21drwyz966ojvpjo,Felix Zwayer,Manchester City FC,SSC Napoli,T. Reijnders,1,1,4,2,1,0,0,0,44,0,0,5,2,0,0
42,18 Sep 2025,,4wp9z2tfe21drwyz966ojvpjo,Felix Zwayer,Manchester City FC,SSC Napoli,E. Haaland,0,0,0,0,0,1,1,0,7,0,0,4,1,0,0
42,18 Sep 2025,,4wp9z2tfe21drwyz966ojvpjo,Felix Zwayer,Manchester City FC,SSC Napoli,Nico González,0,0,0,0,0,0,0,0,60,0,0,1,0,1,0
42,18 Sep 2025,,4wp9z2tfe21drwyz966ojvpjo,Felix Zwayer,Manchester City FC,SSC Napoli,Savinho,0,0,0,1,0,0,0,0,32,0,0,0,0,0,0
42,18 Sep 2025,,4wp9z2tfe21drwyz966ojvpjo,Felix Zwayer,Manchester City FC,SSC Napoli,N. Aké,0,0,0,0,0,0,0,0,31,0,0,0,0,0,0
42,18 Sep 2025,,4wp9z2tfe21drwyz966ojvpjo,Felix Zwayer,Manchester City FC,SSC Napoli,O. Bobb,0,0,0,0,0,0,0,0,6,0,0,0,0,0,0
42,18 Sep 2025,,4wp9z2tfe21drwyz966ojvpjo,Felix Zwayer,Manchester City FC,SSC Napoli,R. Lewis,0,0,0,0,0,0,0,0,5,0,0,0,0,1,0
42,18 Sep 2025,,4wp9z2tfe21drwyz966ojvpjo,Felix Zwayer,Manchester City FC,SSC Napoli,F. Anguissa,0,0,0,0,0,0,0,0,18,0,0,0,0,0,0
42,18 Sep 2025,,4wp9z2tfe21drwyz966ojvpjo,Felix Zwayer,Manchester City FC,SSC Napoli,M. Politano,0,0,2,3,3,1,0,0,16,0,0,0,0,2,1
42,18 Sep 2025,,4wp9z2tfe21drwyz966ojvpjo,Felix Zwayer,Manchester City FC,SSC Napoli,G. Di Lorenzo,0,0,0,0,1,0,0,0,7,1,0,0,0,0,0
42,18 Sep 2025,,4wp9z2tfe21drwyz966ojvpjo,Felix Zwayer,Manchester City FC,SSC Napoli,S. McTominay,0,0,0,0,0,1,0,0,21,0,0,0,0,1,0
42,18 Sep 2025,,4wp9z2tfe21drwyz966ojvpjo,Felix Zwayer,Manchester City FC,SSC Napoli,R. Højlund,0,0,0,0,0,0,0,1,8,0,0,0,0,0,0
42,18 Sep 2025,,4wp9z2tfe21drwyz966ojvpjo,Felix Zwayer,Manchester City FC,SSC Napoli,A. Buongiorno,0,0,0,0,0,0,0,0,29,0,0,0,0,0,0
42,18 Sep 2025,,4wp9z2tfe21drwyz966ojvpjo,Felix Zwayer,Manchester City FC,SSC Napoli,V. Milinković-Savić,0,0,0,0,0,0,0,0,40,0,6,0,0,0,0
42,18 Sep 2025,,4wp9z2tfe21drwyz966ojvpjo,Felix Zwayer,Manchester City FC,SSC Napoli,S. Beukema,0,0,0,0,0,1,0,0,45,0,0,1,1,2,0
42,18 Sep 2025,,4wp9z2tfe21drwyz966ojvpjo,Felix Zwayer,Manchester City FC,SSC Napoli,K. De Bruyne,0,0,0,0,0,0,0,0,8,0,0,0,0,0,0
42,18 Sep 2025,,4wp9z2tfe21drwyz966ojvpjo,Felix Zwayer,Manchester City FC,SSC Napoli,S. Lobotka,0,0,0,0,0,0,0,0,20,0,0,0,0,3,0
42,18 Sep 2025,,4wp9z2tfe21drwyz966ojvpjo,Felix Zwayer,Manchester City FC,SSC Napoli,L. Spinazzola,0,0,0,3,0,0,0,0,27,0,0,0,0,1,0
42,18 Sep 2025,,4wp9z2tfe21drwyz966ojvpjo,Felix Zwayer,Manchester City FC,SSC Napoli,M. Olivera,0,0,0,0,0,0,0,0,8,0,0,0,0,1,0
42,18 Sep 2025,,4wp9z2tfe21drwyz966ojvpjo,Felix Zwayer,Manchester City FC,SSC Napoli,Juan Jesus,0,0,0,0,0,0,0,0,8,0,0,0,0,1,0
42,18 Sep 2025,,4wp9z2tfe21drwyz966ojvpjo,Felix Zwayer,Manchester City FC,SSC Napoli,B. Gilmour,0,0,0,0,0,0,0,0,16,0,0,0,0,0,0
42,18 Sep 2025,,4wp9z2tfe21drwyz966ojvpjo,Felix Zwayer,Manchester City FC,SSC Napoli,E. Elmas,0,0,0,0,0,0,0,0,6,0,0,0,0,0,0
42,18 Sep 2025,,4wp9z2tfe21drwyz966ojvpjo,Felix Zwayer,Manchester City FC,SSC Napoli,David Neres,0,0,0,0,0,0,0,0,6,0,0,0,0,0,0
43,18 Sep 2025,,4x2w9j51dk7kc90orh6vkm2hg,Glenn Nyberg,Newcastle United FC,FC Barcelona,K. Trippier,0,0,1,4,0,1,0,0,30,0,0,0,0,5,0
43,18 Sep 2025,,4x2w9j51dk7kc90orh6vkm2hg,Glenn Nyberg,Newcastle United FC,FC Barcelona,F. Schär,0,0,0,1,2,0,0,0,14,0,0,0,0,1,0
43,18 Sep 2025,,4x2w9j51dk7kc90orh6vkm2hg,Glenn Nyberg,Newcastle United FC,FC Barcelona,A. Elanga,0,1,0,5,0,0,0,0,13,0,0,1,0,0,0
43,18 Sep 2025,,4x2w9j51dk7kc90orh6vkm2hg,Glenn Nyberg,Newcastle United FC,FC Barcelona,Bruno Guimarães,0,0,0,0,1,1,0,0,35,0,0,1,1,2,0
43,18 Sep 2025,,4x2w9j51dk7kc90orh6vkm2hg,Glenn Nyberg,Newcastle United FC,FC Barcelona,N. Pope,0,0,0,0,0,0,0,0,16,0,3,0,0,0,0
43,18 Sep 2025,,4x2w9j51dk7kc90orh6vkm2hg,Glenn Nyberg,Newcastle United FC,FC Barcelona,Joelinton,0,0,0,0,1,2,0,1,19,0,0,1,0,1,1
43,18 Sep 2025,,4x2w9j51dk7kc90orh6vkm2hg,Glenn Nyberg,Newcastle United FC,FC Barcelona,D. Burn,0,0,0,1,1,0,0,0,23,0,0,0,0,1,1
43,18 Sep 2025,,4x2w9j51dk7kc90orh6vkm2hg,Glenn Nyberg,Newcastle United FC,FC Barcelona,S. Tonali,0,0,0,1,2,3,0,0,37,0,0,2,2,1,0
43,18 Sep 2025,,4x2w9j51dk7kc90orh6vkm2hg,Glenn Nyberg,Newcastle United FC,FC Barcelona,A. Gordon,0,0,1,1,0,2,1,0,16,0,0,1,1,0,0
43,18 Sep 2025,,4x2w9j51dk7kc90orh6vkm2hg,Glenn Nyberg,Newcastle United FC,FC Barcelona,T. Livramento,0,0,2,3,0,1,0,1,32,0,0,0,0,1,0
43,18 Sep 2025,,4x2w9j51dk7kc90orh6vkm2hg,Glenn Nyberg,Newcastle United FC,FC Barcelona,H. Barnes,0,1,2,3,0,0,0,1,8,0,0,3,2,0,0
43,18 Sep 2025,,4x2w9j51dk7kc90orh6vkm2hg,Glenn Nyberg,Newcastle United FC,FC Barcelona,J. Willock,0,0,0,1,1,0,0,0,7,0,0,0,0,1,0
43,18 Sep 2025,,4x2w9j51dk7kc90orh6vkm2hg,Glenn Nyberg,Newcastle United FC,FC Barcelona,M. Thiaw,0,0,0,0,2,1,0,0,14,0,0,0,0,0,0
43,18 Sep 2025,,4x2w9j51dk7kc90orh6vkm2hg,Glenn Nyberg,Newcastle United FC,FC Barcelona,N. Woltemade,0,0,0,0,0,1,0,0,6,0,0,0,0,0,0
43,18 Sep 2025,,4x2w9j51dk7kc90orh6vkm2hg,Glenn Nyberg,Newcastle United FC,FC Barcelona,J. Murphy,1,0,0,2,1,0,0,0,6,0,0,0,0,0,0
43,18 Sep 2025,,4x2w9j51dk7kc90orh6vkm2hg,Glenn Nyberg,Newcastle United FC,FC Barcelona,S. Botman,0,1,0,0,0,0,0,0,9,0,0,1,0,0,0
43,18 Sep 2025,,4x2w9j51dk7kc90orh6vkm2hg,Glenn Nyberg,Newcastle United FC,FC Barcelona,Fermín López,0,1,1,1,3,0,0,0,32,0,0,3,0,3,1
43,18 Sep 2025,,4x2w9j51dk7kc90orh6vkm2hg,Glenn Nyberg,Newcastle United FC,FC Barcelona,F. de Jong,0,0,0,1,3,0,0,0,87,0,0,0,0,3,1
43,18 Sep 2025,,4x2w9j51dk7kc90orh6vkm2hg,Glenn Nyberg,Newcastle United FC,FC Barcelona,R. Araujo,0,0,0,0,1,0,0,0,42,0,0,0,0,1,0
43,18 Sep 2025,,4x2w9j51dk7kc90orh6vkm2hg,Glenn Nyberg,Newcastle United FC,FC Barcelona,M. Rashford,0,2,1,3,1,1,2,0,37,0,0,6,2,1,0
43,18 Sep 2025,,4x2w9j51dk7kc90orh6vkm2hg,Glenn Nyberg,Newcastle United FC,FC Barcelona,Pedri,0,0,0,0,0,3,0,0,94,0,0,0,0,4,0
43,18 Sep 2025,,4x2w9j51dk7kc90orh6vkm2hg,Glenn Nyberg,Newcastle United FC,FC Barcelona,J. Koundé,1,0,0,2,1,1,0,0,46,0,0,1,0,3,0
43,18 Sep 2025,,4x2w9j51dk7kc90orh6vkm2hg,Glenn Nyberg,Newcastle United FC,FC Barcelona,Joan García,0,0,0,0,0,0,0,0,29,0,5,0,0,0,0
43,18 Sep 2025,,4x2w9j51dk7kc90orh6vkm2hg,Glenn Nyberg,Newcastle United FC,FC Barcelona,Pau Cubarsí,0,0,0,0,1,0,0,0,45,0,0,0,0,1,0
43,18 Sep 2025,,4x2w9j51dk7kc90orh6vkm2hg,Glenn Nyberg,Newcastle United FC,FC Barcelona,R. Lewandowski,0,2,0,0,0,1,0,0,9,0,0,3,1,0,0
43,18 Sep 2025,,4x2w9j51dk7kc90orh6vkm2hg,Glenn Nyberg,Newcastle United FC,FC Barcelona,Gerard Martín,0,0,0,0,1,0,0,0,32,0,0,0,0,0,1
43,18 Sep 2025,,4x2w9j51dk7kc90orh6vkm2hg,Glenn Nyberg,Newcastle United FC,FC Barcelona,Raphinha,0,0,1,2,0,1,0,0,42,0,0,4,1,2,0
43,18 Sep 2025,,4x2w9j51dk7kc90orh6vkm2hg,Glenn Nyberg,Newcastle United FC,FC Barcelona,A. Christensen,0,0,0,0,0,0,0,0,10,0,0,0,0,0,0
43,18 Sep 2025,,4x2w9j51dk7kc90orh6vkm2hg,Glenn Nyberg,Newcastle United FC,FC Barcelona,Ferran Torres,0,1,1,0,0,1,0,0,6,0,0,1,0,0,0
43,18 Sep 2025,,4x2w9j51dk7kc90orh6vkm2hg,Glenn Nyberg,Newcastle United FC,FC Barcelona,Dani Olmo,0,0,0,0,0,1,0,0,11,0,0,1,1,0,0
43,18 Sep 2025,,4x2w9j51dk7kc90orh6vkm2hg,Glenn Nyberg,Newcastle United FC,FC Barcelona,Eric García,0,0,0,0,0,2,0,0,14,0,0,0,0,0,0
43,18 Sep 2025,,4x2w9j51dk7kc90orh6vkm2hg,Glenn Nyberg,Newcastle United FC,FC Barcelona,Marc Casadó,0,0,0,0,1,0,0,0,4,0,0,0,0,0,1
44,18 Sep 2025,,4xfj4wo4uaaxrxs3yo11cn7kk,Damian Sylwestrzak,Sporting Clube de Portugal,FK Kairat Almaty,L. Suárez,0,1,1,0,1,2,0,0,13,0,0,4,1,1,1
44,18 Sep 2025,,4xfj4wo4uaaxrxs3yo11cn7kk,Damian Sylwestrzak,Sporting Clube de Portugal,FK Kairat Almaty,M. Hjulmand,0,0,1,0,2,1,0,0,51,0,0,1,1,0,0
44,18 Sep 2025,,4xfj4wo4uaaxrxs3yo11cn7kk,Damian Sylwestrzak,Sporting Clube de Portugal,FK Kairat Almaty,Eduardo Quaresma,0,0,0,0,0,0,0,0,72,0,0,0,0,2,0
44,18 Sep 2025,,4xfj4wo4uaaxrxs3yo11cn7kk,Damian Sylwestrzak,Sporting Clube de Portugal,FK Kairat Almaty,Gonçalo Inácio,0,0,0,0,2,1,0,0,78,0,0,1,0,0,0
44,18 Sep 2025,,4xfj4wo4uaaxrxs3yo11cn7kk,Damian Sylwestrzak,Sporting Clube de Portugal,FK Kairat Almaty,G. Kochorashvili,1,0,1,4,3,1,0,0,54,0,0,1,0,0,1
44,18 Sep 2025,,4xfj4wo4uaaxrxs3yo11cn7kk,Damian Sylwestrzak,Sporting Clube de Portugal,FK Kairat Almaty,Iván Fresneda,0,0,1,2,0,0,0,0,55,0,0,0,0,2,0
44,18 Sep 2025,,4xfj4wo4uaaxrxs3yo11cn7kk,Damian Sylwestrzak,Sporting Clube de Portugal,FK Kairat Almaty,Pote,0,0,1,5,1,0,0,0,28,0,0,2,1,0,0
44,18 Sep 2025,,4xfj4wo4uaaxrxs3yo11cn7kk,Damian Sylwestrzak,Sporting Clube de Portugal,FK Kairat Almaty,João Virgínia,0,0,0,0,0,0,0,0,20,0,3,0,0,0,0
44,18 Sep 2025,,4xfj4wo4uaaxrxs3yo11cn7kk,Damian Sylwestrzak,Sporting Clube de Portugal,FK Kairat Almaty,M. Araújo,0,1,1,2,1,1,0,0,23,0,0,1,0,3,0
44,18 Sep 2025,,4xfj4wo4uaaxrxs3yo11cn7kk,Damian Sylwestrzak,Sporting Clube de Portugal,FK Kairat Almaty,Trincão,0,0,0,1,0,2,2,0,47,0,0,5,2,2,0
44,18 Sep 2025,,4xfj4wo4uaaxrxs3yo11cn7kk,Damian Sylwestrzak,Sporting Clube de Portugal,FK Kairat Almaty,Geovany Quenda,1,2,2,4,1,0,1,0,38,0,0,4,2,1,1
44,18 Sep 2025,,4xfj4wo4uaaxrxs3yo11cn7kk,Damian Sylwestrzak,Sporting Clube de Portugal,FK Kairat Almaty,F. Ioannidis,0,0,0,0,0,1,0,0,7,0,0,0,0,0,0
44,18 Sep 2025,,4xfj4wo4uaaxrxs3yo11cn7kk,Damian Sylwestrzak,Sporting Clube de Portugal,FK Kairat Almaty,Alisson Santos,0,0,0,0,0,0,1,0,15,0,0,1,1,0,0
44,18 Sep 2025,,4xfj4wo4uaaxrxs3yo11cn7kk,Damian Sylwestrzak,Sporting Clube de Portugal,FK Kairat Almaty,H. Morita,1,0,0,0,1,0,0,0,29,0,0,0,0,0,0
44,18 Sep 2025,,4xfj4wo4uaaxrxs3yo11cn7kk,Damian Sylwestrzak,Sporting Clube de Portugal,FK Kairat Almaty,Matheus Reis,0,0,0,0,1,0,0,0,12,0,0,0,0,0,0
44,18 Sep 2025,,4xfj4wo4uaaxrxs3yo11cn7kk,Damian Sylwestrzak,Sporting Clube de Portugal,FK Kairat Almaty,Z. Debast,0,1,0,0,1,0,0,0,18,0,0,1,0,0,1
44,18 Sep 2025,,4xfj4wo4uaaxrxs3yo11cn7kk,Damian Sylwestrzak,Sporting Clube de Portugal,FK Kairat Almaty,Luís Mata,0,0,0,0,1,0,0,0,17,0,0,0,0,4,0
44,18 Sep 2025,,4xfj4wo4uaaxrxs3yo11cn7kk,Damian Sylwestrzak,Sporting Clube de Portugal,FK Kairat Almaty,S. Kalmurza,0,0,0,0,0,1,0,0,29,0,4,0,0,0,0
44,18 Sep 2025,,4xfj4wo4uaaxrxs3yo11cn7kk,Damian Sylwestrzak,Sporting Clube de Portugal,FK Kairat Almaty,D. Satpaev,0,0,1,0,2,0,0,0,16,0,0,2,2,1,1
44,18 Sep 2025,,4xfj4wo4uaaxrxs3yo11cn7kk,Damian Sylwestrzak,Sporting Clube de Portugal,FK Kairat Almaty,Jorginho,0,0,0,0,1,4,0,0,27,0,0,2,0,4,1
44,18 Sep 2025,,4xfj4wo4uaaxrxs3yo11cn7kk,Damian Sylwestrzak,Sporting Clube de Portugal,FK Kairat Almaty,A. Mrynskiy,0,2,0,2,1,0,0,0,19,0,0,2,0,1,0
44,18 Sep 2025,,4xfj4wo4uaaxrxs3yo11cn7kk,Damian Sylwestrzak,Sporting Clube de Portugal,FK Kairat Almaty,E. Tapalov,0,0,0,1,0,0,0,0,24,0,0,0,0,1,0
44,18 Sep 2025,,4xfj4wo4uaaxrxs3yo11cn7kk,Damian Sylwestrzak,Sporting Clube de Portugal,FK Kairat Almaty,V. Gromyko,0,1,2,4,3,3,0,0,39,0,0,1,0,0,0
44,18 Sep 2025,,4xfj4wo4uaaxrxs3yo11cn7kk,Damian Sylwestrzak,Sporting Clube de Portugal,FK Kairat Almaty,O. Arad,0,0,0,0,0,1,0,0,32,0,0,1,1,0,0
44,18 Sep 2025,,4xfj4wo4uaaxrxs3yo11cn7kk,Damian Sylwestrzak,Sporting Clube de Portugal,FK Kairat Almaty,E. Sorokin,0,0,0,0,1,1,0,0,41,0,0,0,0,1,0
44,18 Sep 2025,,4xfj4wo4uaaxrxs3yo11cn7kk,Damian Sylwestrzak,Sporting Clube de Portugal,FK Kairat Almaty,D. Kasabulat,0,0,0,0,0,2,0,0,19,0,0,0,0,1,0
44,18 Sep 2025,,4xfj4wo4uaaxrxs3yo11cn7kk,Damian Sylwestrzak,Sporting Clube de Portugal,FK Kairat Almaty,A. Martynovich,0,0,0,0,2,0,0,1,29,0,0,0,0,3,0
44,18 Sep 2025,,4xfj4wo4uaaxrxs3yo11cn7kk,Damian Sylwestrzak,Sporting Clube de Portugal,FK Kairat Almaty,Edmilson,0,0,0,0,0,1,1,0,4,0,0,1,1,0,0
44,18 Sep 2025,,4xfj4wo4uaaxrxs3yo11cn7kk,Damian Sylwestrzak,Sporting Clube de Portugal,FK Kairat Almaty,J. Stanojev,0,0,0,0,0,0,0,0,5,0,0,0,0,0,0
44,18 Sep 2025,,4xfj4wo4uaaxrxs3yo11cn7kk,Damian Sylwestrzak,Sporting Clube de Portugal,FK Kairat Almaty,A. Sadybekov,0,0,0,0,0,0,0,0,11,0,0,0,0,2,0
44,18 Sep 2025,,4xfj4wo4uaaxrxs3yo11cn7kk,Damian Sylwestrzak,Sporting Clube de Portugal,FK Kairat Almaty,Ricardinho,1,0,0,1,0,0,0,0,4,0,0,0,0,0,0
44,18 Sep 2025,,4xfj4wo4uaaxrxs3yo11cn7kk,Damian Sylwestrzak,Sporting Clube de Portugal,FK Kairat Almaty,L. Kurgin,0,0,0,1,0,0,0,0,3,0,0,0,0,0,0
89,4 Nov 2025,,5cybtcdp5uzclqdyjmojazk0k,Clément Turpin,Olympiakos FC,PSV Eindhoven,Chiquinho,1,3,1,1,1,1,0,0,17,0,0,5,2,0,0
89,4 Nov 2025,,5cybtcdp5uzclqdyjmojazk0k,Clément Turpin,Olympiakos FC,PSV Eindhoven,P. Retsos,0,0,0,0,0,0,0,0,28,0,0,0,0,2,0
89,4 Nov 2025,,5cybtcdp5uzclqdyjmojazk0k,Clément Turpin,Olympiakos FC,PSV Eindhoven,A. El Kaabi,0,1,0,0,1,0,0,1,17,0,0,1,0,2,0
89,4 Nov 2025,,5cybtcdp5uzclqdyjmojazk0k,Clément Turpin,Olympiakos FC,PSV Eindhoven,F. Ortega,0,0,0,4,2,2,0,0,30,0,0,0,0,2,0
89,4 Nov 2025,,5cybtcdp5uzclqdyjmojazk0k,Clément Turpin,Olympiakos FC,PSV Eindhoven,Daniel Podence,0,0,0,1,0,1,0,0,26,0,0,1,1,8,0
89,4 Nov 2025,,5cybtcdp5uzclqdyjmojazk0k,Clément Turpin,Olympiakos FC,PSV Eindhoven,C. Mouzakitis,0,0,0,1,1,1,0,0,34,0,0,1,0,4,0
89,4 Nov 2025,,5cybtcdp5uzclqdyjmojazk0k,Clément Turpin,Olympiakos FC,PSV Eindhoven,Gelson Martins,0,0,1,3,0,3,1,0,28,0,0,7,1,0,0
89,4 Nov 2025,,5cybtcdp5uzclqdyjmojazk0k,Clément Turpin,Olympiakos FC,PSV Eindhoven,Rodinei,0,0,1,9,0,1,0,0,24,0,0,0,0,0,0
89,4 Nov 2025,,5cybtcdp5uzclqdyjmojazk0k,Clément Turpin,Olympiakos FC,PSV Eindhoven,L. Pirola,0,0,0,0,1,0,0,0,37,0,0,1,0,3,0
89,4 Nov 2025,,5cybtcdp5uzclqdyjmojazk0k,Clément Turpin,Olympiakos FC,PSV Eindhoven,K. Tzolakis,0,0,0,0,0,0,0,0,31,0,1,0,0,0,0
89,4 Nov 2025,,5cybtcdp5uzclqdyjmojazk0k,Clément Turpin,Olympiakos FC,PSV Eindhoven,Dani García,0,2,0,0,0,0,0,0,14,0,0,2,0,1,0
89,4 Nov 2025,,5cybtcdp5uzclqdyjmojazk0k,Clément Turpin,Olympiakos FC,PSV Eindhoven,Diogo Nascimento,0,0,0,0,0,0,0,0,6,0,0,0,0,0,0
89,4 Nov 2025,,5cybtcdp5uzclqdyjmojazk0k,Clément Turpin,Olympiakos FC,PSV Eindhoven,M. Taremi,0,0,0,0,0,0,0,0,6,0,0,0,0,0,0
89,4 Nov 2025,,5cybtcdp5uzclqdyjmojazk0k,Clément Turpin,Olympiakos FC,PSV Eindhoven,Costinha,0,0,0,0,0,0,0,0,1,0,0,0,0,2,0
89,4 Nov 2025,,5cybtcdp5uzclqdyjmojazk0k,Clément Turpin,Olympiakos FC,PSV Eindhoven,L. Scipioni,0,0,0,0,1,0,0,0,2,0,0,0,0,0,1
89,4 Nov 2025,,5cybtcdp5uzclqdyjmojazk0k,Clément Turpin,Olympiakos FC,PSV Eindhoven,J. Schouten,0,0,0,0,1,0,0,0,76,0,0,0,0,1,0
89,4 Nov 2025,,5cybtcdp5uzclqdyjmojazk0k,Clément Turpin,Olympiakos FC,PSV Eindhoven,J. Veerman,0,1,0,7,1,0,0,0,73,0,0,2,0,2,0
89,4 Nov 2025,,5cybtcdp5uzclqdyjmojazk0k,Clément Turpin,Olympiakos FC,PSV Eindhoven,D. Man,0,0,2,2,1,2,0,0,19,0,0,2,0,0,0
89,4 Nov 2025,,5cybtcdp5uzclqdyjmojazk0k,Clément Turpin,Olympiakos FC,PSV Eindhoven,S. Dest,0,0,2,2,0,2,0,0,44,0,0,0,0,2,0
89,4 Nov 2025,,5cybtcdp5uzclqdyjmojazk0k,Clément Turpin,Olympiakos FC,PSV Eindhoven,I. Saibari,0,0,0,2,2,1,0,1,32,0,0,0,0,0,0
89,4 Nov 2025,,5cybtcdp5uzclqdyjmojazk0k,Clément Turpin,Olympiakos FC,PSV Eindhoven,Mauro Júnior,0,1,0,1,1,1,0,0,60,0,0,1,0,1,0
89,4 Nov 2025,,5cybtcdp5uzclqdyjmojazk0k,Clément Turpin,Olympiakos FC,PSV Eindhoven,A. Salah-Eddine,0,0,0,0,0,0,0,0,23,0,0,0,0,3,0
89,4 Nov 2025,,5cybtcdp5uzclqdyjmojazk0k,Clément Turpin,Olympiakos FC,PSV Eindhoven,I. Perišić,0,0,0,2,2,0,0,1,25,0,0,1,0,0,1
89,4 Nov 2025,,5cybtcdp5uzclqdyjmojazk0k,Clément Turpin,Olympiakos FC,PSV Eindhoven,G. Til,0,0,0,0,0,0,0,0,13,0,0,0,0,1,0
89,4 Nov 2025,,5cybtcdp5uzclqdyjmojazk0k,Clément Turpin,Olympiakos FC,PSV Eindhoven,M. Kovář,0,0,0,0,0,0,0,0,26,0,3,0,0,0,0
89,4 Nov 2025,,5cybtcdp5uzclqdyjmojazk0k,Clément Turpin,Olympiakos FC,PSV Eindhoven,Yarek Gąsiorowski,0,0,0,0,0,0,0,0,33,0,0,0,0,2,0
89,4 Nov 2025,,5cybtcdp5uzclqdyjmojazk0k,Clément Turpin,Olympiakos FC,PSV Eindhoven,C. Driouech,0,0,0,1,0,0,0,1,6,0,0,1,1,1,0
89,4 Nov 2025,,5cybtcdp5uzclqdyjmojazk0k,Clément Turpin,Olympiakos FC,PSV Eindhoven,R. Pepi,0,0,0,0,0,0,1,0,9,0,0,1,1,0,0
89,4 Nov 2025,,5cybtcdp5uzclqdyjmojazk0k,Clément Turpin,Olympiakos FC,PSV Eindhoven,P. Wanner,0,0,0,1,1,1,0,0,9,0,0,1,0,1,0
89,4 Nov 2025,,5cybtcdp5uzclqdyjmojazk0k,Clément Turpin,Olympiakos FC,PSV Eindhoven,E. Bajraktarević,0,0,2,2,0,0,0,0,9,0,0,0,0,1,0
89,4 Nov 2025,,5cybtcdp5uzclqdyjmojazk0k,Clément Turpin,Olympiakos FC,PSV Eindhoven,M. Boadu,0,0,0,0,0,0,0,0,2,0,0,1,0,0,0
90,4 Nov 2025,,5db7k467yfd4salognxrxgqac,Maurizio Mariani,Paris Saint-Germain FC,FC Bayern München,Nuno Mendes,0,1,4,8,1,1,0,1,73,0,0,1,0,3,1
90,4 Nov 2025,,5db7k467yfd4salognxrxgqac,Maurizio Mariani,Paris Saint-Germain FC,FC Bayern München,K. Kvaratskhelia,0,0,0,5,0,2,0,1,52,0,0,4,2,0,0
90,4 Nov 2025,,5db7k467yfd4salognxrxgqac,Maurizio Mariani,Paris Saint-Germain FC,FC Bayern München,A. Hakimi,0,0,0,1,0,2,0,0,34,0,0,0,0,1,0
90,4 Nov 2025,,5db7k467yfd4salognxrxgqac,Maurizio Mariani,Paris Saint-Germain FC,FC Bayern München,Marquinhos,0,0,0,0,0,0,0,0,80,0,0,1,0,2,0
90,4 Nov 2025,,5db7k467yfd4salognxrxgqac,Maurizio Mariani,Paris Saint-Germain FC,FC Bayern München,W. Pacho,0,0,0,0,0,0,0,0,64,0,0,0,0,1,0
90,4 Nov 2025,,5db7k467yfd4salognxrxgqac,Maurizio Mariani,Paris Saint-Germain FC,FC Bayern München,L. Chevalier,0,0,0,0,0,0,0,0,27,0,3,0,0,0,0
90,4 Nov 2025,,5db7k467yfd4salognxrxgqac,Maurizio Mariani,Paris Saint-Germain FC,FC Bayern München,Vitinha,0,3,2,1,1,0,0,0,123,0,0,6,3,2,0
90,4 Nov 2025,,5db7k467yfd4salognxrxgqac,Maurizio Mariani,Paris Saint-Germain FC,FC Bayern München,W. Zaïre-Emery,0,0,0,1,1,2,0,0,65,0,0,1,1,3,0
90,4 Nov 2025,,5db7k467yfd4salognxrxgqac,Maurizio Mariani,Paris Saint-Germain FC,FC Bayern München,Fabián Ruiz,0,0,0,0,2,0,0,0,50,0,0,3,0,2,0
90,4 Nov 2025,,5db7k467yfd4salognxrxgqac,Maurizio Mariani,Paris Saint-Germain FC,FC Bayern München,B. Barcola,0,0,1,0,0,1,0,0,23,0,0,1,1,1,0
90,4 Nov 2025,,5db7k467yfd4salognxrxgqac,Maurizio Mariani,Paris Saint-Germain FC,FC Bayern München,O. Dembélé,0,0,0,0,0,0,0,1,6,0,0,0,0,0,0
90,4 Nov 2025,,5db7k467yfd4salognxrxgqac,Maurizio Mariani,Paris Saint-Germain FC,FC Bayern München,Lee Kang-In,0,0,2,15,1,1,0,0,48,0,0,3,1,3,0
90,4 Nov 2025,,5db7k467yfd4salognxrxgqac,Maurizio Mariani,Paris Saint-Germain FC,FC Bayern München,S. Mayulu,0,1,0,1,0,0,0,0,25,0,0,1,0,0,0
90,4 Nov 2025,,5db7k467yfd4salognxrxgqac,Maurizio Mariani,Paris Saint-Germain FC,FC Bayern München,João Neves,0,0,0,0,1,0,1,0,30,0,0,2,1,0,0
90,4 Nov 2025,,5db7k467yfd4salognxrxgqac,Maurizio Mariani,Paris Saint-Germain FC,FC Bayern München,Gonçalo Ramos,0,0,0,0,0,0,0,0,2,0,0,2,0,1,0
90,4 Nov 2025,,5db7k467yfd4salognxrxgqac,Maurizio Mariani,Paris Saint-Germain FC,FC Bayern München,L. Díaz,0,0,0,0,2,1,2,0,21,1,0,2,2,1,0
90,4 Nov 2025,,5db7k467yfd4salognxrxgqac,Maurizio Mariani,Paris Saint-Germain FC,FC Bayern München,M. Neuer,0,0,0,0,0,0,0,0,48,0,8,0,0,0,1
90,4 Nov 2025,,5db7k467yfd4salognxrxgqac,Maurizio Mariani,Paris Saint-Germain FC,FC Bayern München,K. Laimer,0,0,0,0,0,0,0,0,26,0,0,0,0,6,0
90,4 Nov 2025,,5db7k467yfd4salognxrxgqac,Maurizio Mariani,Paris Saint-Germain FC,FC Bayern München,J. Tah,0,0,0,0,2,0,0,0,22,0,0,0,0,2,0
90,4 Nov 2025,,5db7k467yfd4salognxrxgqac,Maurizio Mariani,Paris Saint-Germain FC,FC Bayern München,J. Stanišić,0,0,0,0,0,0,0,1,24,0,0,0,0,3,1
90,4 Nov 2025,,5db7k467yfd4salognxrxgqac,Maurizio Mariani,Paris Saint-Germain FC,FC Bayern München,A. Pavlović,0,1,1,0,2,0,0,0,20,0,0,1,0,1,0
90,4 Nov 2025,,5db7k467yfd4salognxrxgqac,Maurizio Mariani,Paris Saint-Germain FC,FC Bayern München,S. Gnabry,0,0,0,0,0,0,0,1,17,0,0,1,0,1,0
90,4 Nov 2025,,5db7k467yfd4salognxrxgqac,Maurizio Mariani,Paris Saint-Germain FC,FC Bayern München,H. Kane,0,0,0,0,0,3,0,1,24,0,0,1,1,0,0
90,4 Nov 2025,,5db7k467yfd4salognxrxgqac,Maurizio Mariani,Paris Saint-Germain FC,FC Bayern München,J. Kimmich,0,0,0,1,0,1,0,0,32,0,0,1,0,4,0
90,4 Nov 2025,,5db7k467yfd4salognxrxgqac,Maurizio Mariani,Paris Saint-Germain FC,FC Bayern München,D. Upamecano,0,0,0,0,1,0,0,0,33,0,0,0,0,2,0
90,4 Nov 2025,,5db7k467yfd4salognxrxgqac,Maurizio Mariani,Paris Saint-Germain FC,FC Bayern München,M. Olise,0,0,0,0,1,2,0,0,25,0,0,3,2,3,0
90,4 Nov 2025,,5db7k467yfd4salognxrxgqac,Maurizio Mariani,Paris Saint-Germain FC,FC Bayern München,T. Bischof,0,0,0,0,1,0,0,0,6,0,0,0,0,0,1
90,4 Nov 2025,,5db7k467yfd4salognxrxgqac,Maurizio Mariani,Paris Saint-Germain FC,FC Bayern München,L. Goretzka,0,0,0,0,0,0,0,0,1,0,0,0,0,0,0
90,4 Nov 2025,,5db7k467yfd4salognxrxgqac,Maurizio Mariani,Paris Saint-Germain FC,FC Bayern München,Kim Min-Jae,0,0,0,0,0,0,0,0,0,0,0,0,0,0,0
91,4 Nov 2025,,5dvbfx9w8zmqjabpmshvexs0k,Erik Lambrechts,Tottenham Hotspur FC,FC København,X. Simons,1,1,1,1,0,0,0,0,36,0,0,1,0,2,0
91,4 Nov 2025,,5dvbfx9w8zmqjabpmshvexs0k,Erik Lambrechts,Tottenham Hotspur FC,FC København,G. Vicario,0,0,0,0,0,0,0,0,30,0,4,0,0,0,0
91,4 Nov 2025,,5dvbfx9w8zmqjabpmshvexs0k,Erik Lambrechts,Tottenham Hotspur FC,FC København,R. Bentancur,0,0,0,0,0,0,0,0,68,0,0,0,0,0,0
91,4 Nov 2025,,5dvbfx9w8zmqjabpmshvexs0k,Erik Lambrechts,Tottenham Hotspur FC,FC København,P. Sarr,0,0,0,0,1,1,0,0,52,0,0,1,0,1,0
91,4 Nov 2025,,5dvbfx9w8zmqjabpmshvexs0k,Erik Lambrechts,Tottenham Hotspur FC,FC København,D. Udogie,0,0,2,1,0,2,0,1,39,0,0,1,1,1,0
91,4 Nov 2025,,5dvbfx9w8zmqjabpmshvexs0k,Erik Lambrechts,Tottenham Hotspur FC,FC København,W. Odobert,0,0,0,1,0,0,1,0,25,0,0,1,1,1,0
91,4 Nov 2025,,5dvbfx9w8zmqjabpmshvexs0k,Erik Lambrechts,Tottenham Hotspur FC,FC København,C. Romero,1,0,0,0,1,0,0,0,74,0,0,0,0,1,0
91,4 Nov 2025,,5dvbfx9w8zmqjabpmshvexs0k,Erik Lambrechts,Tottenham Hotspur FC,FC København,Pedro Porro,0,0,0,7,0,1,0,0,66,0,0,1,0,3,0
91,4 Nov 2025,,5dvbfx9w8zmqjabpmshvexs0k,Erik Lambrechts,Tottenham Hotspur FC,FC København,M. van de Ven,0,0,0,0,2,1,1,0,72,0,0,1,1,0,0
91,4 Nov 2025,,5dvbfx9w8zmqjabpmshvexs0k,Erik Lambrechts,Tottenham Hotspur FC,FC København,R. Kolo Muani,1,0,0,0,1,2,0,0,14,0,0,3,1,0,1
91,4 Nov 2025,,5dvbfx9w8zmqjabpmshvexs0k,Erik Lambrechts,Tottenham Hotspur FC,FC København,B. Johnson,0,0,0,0,3,0,1,0,16,1,0,1,1,0,0
91,4 Nov 2025,,5dvbfx9w8zmqjabpmshvexs0k,Erik Lambrechts,Tottenham Hotspur FC,FC København,João Palhinha,1,0,0,0,1,0,1,0,17,0,0,1,1,2,0
91,4 Nov 2025,,5dvbfx9w8zmqjabpmshvexs0k,Erik Lambrechts,Tottenham Hotspur FC,FC København,K. Danso,0,0,0,0,0,0,0,0,10,0,0,0,0,0,0
91,4 Nov 2025,,5dvbfx9w8zmqjabpmshvexs0k,Erik Lambrechts,Tottenham Hotspur FC,FC København,Richarlison,0,0,0,0,1,1,0,0,2,0,0,3,0,0,0
91,4 Nov 2025,,5dvbfx9w8zmqjabpmshvexs0k,Erik Lambrechts,Tottenham Hotspur FC,FC København,D. Scarlett,0,0,0,0,0,1,0,0,3,0,0,0,0,0,0
91,4 Nov 2025,,5dvbfx9w8zmqjabpmshvexs0k,Erik Lambrechts,Tottenham Hotspur FC,FC København,D. Spence,0,0,0,1,0,0,0,0,2,0,0,0,0,0,0
91,4 Nov 2025,,5dvbfx9w8zmqjabpmshvexs0k,Erik Lambrechts,Tottenham Hotspur FC,FC København,Gabriel Pereira,0,0,0,0,1,0,0,0,33,0,0,0,0,1,1
91,4 Nov 2025,,5dvbfx9w8zmqjabpmshvexs0k,Erik Lambrechts,Tottenham Hotspur FC,FC København,L. Lerager,0,0,0,0,1,1,0,1,29,0,0,1,0,1,1
91,4 Nov 2025,,5dvbfx9w8zmqjabpmshvexs0k,Erik Lambrechts,Tottenham Hotspur FC,FC København,M. Elyounoussi,0,0,0,4,0,2,0,0,25,0,0,0,0,0,0
91,4 Nov 2025,,5dvbfx9w8zmqjabpmshvexs0k,Erik Lambrechts,Tottenham Hotspur FC,FC København,P. Hatzidiakos,0,0,0,1,1,0,0,0,49,0,0,0,0,2,0
91,4 Nov 2025,,5dvbfx9w8zmqjabpmshvexs0k,Erik Lambrechts,Tottenham Hotspur FC,FC København,E. Achouri,0,0,3,3,2,0,0,0,20,0,0,1,0,0,0
91,4 Nov 2025,,5dvbfx9w8zmqjabpmshvexs0k,Erik Lambrechts,Tottenham Hotspur FC,FC København,J. Suzuki,0,0,0,3,4,0,0,0,18,0,0,1,0,4,1
91,4 Nov 2025,,5dvbfx9w8zmqjabpmshvexs0k,Erik Lambrechts,Tottenham Hotspur FC,FC København,D. Kotarski,0,0,0,0,0,0,0,0,21,0,2,0,0,0,0
91,4 Nov 2025,,5dvbfx9w8zmqjabpmshvexs0k,Erik Lambrechts,Tottenham Hotspur FC,FC København,J. Larsson,0,1,1,0,0,0,0,0,2,0,0,2,1,1,0
91,4 Nov 2025,,5dvbfx9w8zmqjabpmshvexs0k,Erik Lambrechts,Tottenham Hotspur FC,FC København,Y. Moukoko,0,1,0,0,0,2,0,0,16,0,0,3,2,0,0
91,4 Nov 2025,,5dvbfx9w8zmqjabpmshvexs0k,Erik Lambrechts,Tottenham Hotspur FC,FC København,W. Clem,0,0,0,0,1,1,0,0,46,0,0,1,0,1,0
91,4 Nov 2025,,5dvbfx9w8zmqjabpmshvexs0k,Erik Lambrechts,Tottenham Hotspur FC,FC København,M. López,0,0,1,4,1,4,0,0,32,0,0,0,0,1,0
91,4 Nov 2025,,5dvbfx9w8zmqjabpmshvexs0k,Erik Lambrechts,Tottenham Hotspur FC,FC København,V. Daðason,0,0,1,0,0,0,0,0,6,0,0,0,0,0,0
91,4 Nov 2025,,5dvbfx9w8zmqjabpmshvexs0k,Erik Lambrechts,Tottenham Hotspur FC,FC København,M. Garan'anga,0,0,0,0,0,0,0,0,11,0,0,0,0,3,0
91,4 Nov 2025,,5dvbfx9w8zmqjabpmshvexs0k,Erik Lambrechts,Tottenham Hotspur FC,FC København,A. Cornelius,0,0,0,0,0,0,0,0,5,0,0,0,0,1,0
91,4 Nov 2025,,5dvbfx9w8zmqjabpmshvexs0k,Erik Lambrechts,Tottenham Hotspur FC,FC København,Robert Silva,0,0,0,3,0,0,0,0,3,0,0,2,1,3,0
91,4 Nov 2025,,5dvbfx9w8zmqjabpmshvexs0k,Erik Lambrechts,Tottenham Hotspur FC,FC København,V. Claesson,0,0,0,1,0,0,0,0,6,0,0,1,0,1,0
92,22 Jul 2025,,5e2frjzta6hz8dzngz5upawwk,Nikola Dabanović,FC Viktoria Plzeň,Servette FC,V. Jemelka,0,0,0,5,2,0,0,0,73,0,0,1,0,1,0
92,22 Jul 2025,,5e2frjzta6hz8dzngz5upawwk,Nikola Dabanović,FC Viktoria Plzeň,Servette FC,P. Adu,0,0,0,1,1,0,0,1,13,0,0,1,1,0,0
92,22 Jul 2025,,5e2frjzta6hz8dzngz5upawwk,Nikola Dabanović,FC Viktoria Plzeň,Servette FC,K. Spáčil,0,1,2,3,0,0,0,0,40,0,0,2,1,2,0
92,22 Jul 2025,,5e2frjzta6hz8dzngz5upawwk,Nikola Dabanović,FC Viktoria Plzeň,Servette FC,T. Ladra,0,2,3,9,0,2,0,0,41,0,0,4,0,3,0
92,22 Jul 2025,,5e2frjzta6hz8dzngz5upawwk,Nikola Dabanović,FC Viktoria Plzeň,Servette FC,P. Šulc,0,0,1,2,0,1,0,0,29,0,0,1,0,0,0
92,22 Jul 2025,,5e2frjzta6hz8dzngz5upawwk,Nikola Dabanović,FC Viktoria Plzeň,Servette FC,M. Vydra,0,0,0,0,0,0,0,1,15,0,0,2,1,0,0
92,22 Jul 2025,,5e2frjzta6hz8dzngz5upawwk,Nikola Dabanović,FC Viktoria Plzeň,Servette FC,S. Dweh,0,0,1,3,2,1,0,0,69,0,0,1,0,2,0
92,22 Jul 2025,,5e2frjzta6hz8dzngz5upawwk,Nikola Dabanović,FC Viktoria Plzeň,Servette FC,L. Červ,0,1,1,2,0,2,0,0,58,0,0,1,0,1,0
92,22 Jul 2025,,5e2frjzta6hz8dzngz5upawwk,Nikola Dabanović,FC Viktoria Plzeň,Servette FC,S. Marković,0,0,0,0,0,0,0,0,51,0,0,0,0,0,0
92,22 Jul 2025,,5e2frjzta6hz8dzngz5upawwk,Nikola Dabanović,FC Viktoria Plzeň,Servette FC,M. Jedlička,0,0,0,0,0,0,0,0,26,0,1,0,0,0,0
92,22 Jul 2025,,5e2frjzta6hz8dzngz5upawwk,Nikola Dabanović,FC Viktoria Plzeň,Servette FC,A. Memić,0,0,0,3,0,1,0,0,33,0,0,2,1,0,0
92,22 Jul 2025,,5e2frjzta6hz8dzngz5upawwk,Nikola Dabanović,FC Viktoria Plzeň,Servette FC,R. Durosinmi,0,0,0,0,0,1,0,0,14,0,0,4,1,0,0
92,22 Jul 2025,,5e2frjzta6hz8dzngz5upawwk,Nikola Dabanović,FC Viktoria Plzeň,Servette FC,M. Havel,0,0,0,3,0,0,0,0,19,0,0,0,0,0,0
92,22 Jul 2025,,5e2frjzta6hz8dzngz5upawwk,Nikola Dabanović,FC Viktoria Plzeň,Servette FC,J. Panoš,0,1,0,2,0,0,0,0,11,0,0,2,1,0,0
92,22 Jul 2025,,5e2frjzta6hz8dzngz5upawwk,Nikola Dabanović,FC Viktoria Plzeň,Servette FC,C. Kabongo,0,0,1,0,0,0,0,0,4,0,0,4,3,0,0
92,22 Jul 2025,,5e2frjzta6hz8dzngz5upawwk,Nikola Dabanović,FC Viktoria Plzeň,Servette FC,T. Cognat,0,0,0,1,0,1,0,1,35,0,0,0,0,2,0
92,22 Jul 2025,,5e2frjzta6hz8dzngz5upawwk,Nikola Dabanović,FC Viktoria Plzeň,Servette FC,A. Baron,0,0,0,0,0,0,0,0,34,0,0,0,0,2,0
92,22 Jul 2025,,5e2frjzta6hz8dzngz5upawwk,Nikola Dabanović,FC Viktoria Plzeň,Servette FC,Y. Severin,0,0,0,0,0,0,0,0,18,0,0,1,0,2,0
92,22 Jul 2025,,5e2frjzta6hz8dzngz5upawwk,Nikola Dabanović,FC Viktoria Plzeň,Servette FC,M. Stevanović,0,0,1,3,1,2,0,0,28,0,0,0,0,4,0
92,22 Jul 2025,,5e2frjzta6hz8dzngz5upawwk,Nikola Dabanović,FC Viktoria Plzeň,Servette FC,S. Mráz,0,0,0,0,2,0,1,0,14,0,0,1,1,0,0
92,22 Jul 2025,,5e2frjzta6hz8dzngz5upawwk,Nikola Dabanović,FC Viktoria Plzeň,Servette FC,A. Antunes,0,0,0,0,3,0,0,1,22,0,0,0,0,2,0
92,22 Jul 2025,,5e2frjzta6hz8dzngz5upawwk,Nikola Dabanović,FC Viktoria Plzeň,Servette FC,J. Mall,0,0,0,0,0,0,0,0,46,0,6,0,0,0,0
92,22 Jul 2025,,5e2frjzta6hz8dzngz5upawwk,Nikola Dabanović,FC Viktoria Plzeň,Servette FC,T. Magnin,0,0,0,1,2,0,0,0,31,0,0,0,0,3,0
92,22 Jul 2025,,5e2frjzta6hz8dzngz5upawwk,Nikola Dabanović,FC Viktoria Plzeň,Servette FC,S. Rouiller,0,0,0,0,0,0,0,0,23,0,0,0,0,3,0
92,22 Jul 2025,,5e2frjzta6hz8dzngz5upawwk,Nikola Dabanović,FC Viktoria Plzeň,Servette FC,B. Mazikou,0,1,1,1,0,0,0,0,29,0,0,2,0,1,0
92,22 Jul 2025,,5e2frjzta6hz8dzngz5upawwk,Nikola Dabanović,FC Viktoria Plzeň,Servette FC,G. Morandi,1,0,0,2,1,1,0,1,16,0,0,0,0,0,0
92,22 Jul 2025,,5e2frjzta6hz8dzngz5upawwk,Nikola Dabanović,FC Viktoria Plzeň,Servette FC,J. Guillemenot,0,1,0,0,1,1,0,0,5,0,0,1,0,0,0
92,22 Jul 2025,,5e2frjzta6hz8dzngz5upawwk,Nikola Dabanović,FC Viktoria Plzeň,Servette FC,Keyan Varela,0,0,1,1,0,0,0,0,6,0,0,1,1,1,0
92,22 Jul 2025,,5e2frjzta6hz8dzngz5upawwk,Nikola Dabanović,FC Viktoria Plzeň,Servette FC,D. Bronn,0,0,0,0,0,0,0,0,4,0,0,0,0,1,0
92,22 Jul 2025,,5e2frjzta6hz8dzngz5upawwk,Nikola Dabanović,FC Viktoria Plzeň,Servette FC,L. Srdanovic,0,0,0,1,0,0,0,0,3,0,0,0,0,0,0
93,5 Nov 2025,,5e8c81yfj5wleflr99m651mok,Sven Jablonski,Pafos FC,Villarreal CF,D. Luckassen,0,0,1,0,2,0,1,0,46,0,0,2,1,0,1
93,5 Nov 2025,,5e8c81yfj5wleflr99m651mok,Sven Jablonski,Pafos FC,Villarreal CF,David Goldar,0,0,0,0,0,2,0,0,38,0,0,0,0,1,0
93,5 Nov 2025,,5e8c81yfj5wleflr99m651mok,Sven Jablonski,Pafos FC,Villarreal CF,Bruno Felipe,0,0,0,2,1,0,0,0,32,0,0,0,0,5,0
93,5 Nov 2025,,5e8c81yfj5wleflr99m651mok,Sven Jablonski,Pafos FC,Villarreal CF,Domingos Quina,0,0,0,0,1,3,0,0,28,0,0,2,1,3,0
93,5 Nov 2025,,5e8c81yfj5wleflr99m651mok,Sven Jablonski,Pafos FC,Villarreal CF,Pêpê Rodrigues,0,0,0,0,1,3,0,0,47,0,0,0,0,1,0
93,5 Nov 2025,,5e8c81yfj5wleflr99m651mok,Sven Jablonski,Pafos FC,Villarreal CF,K. Sema,1,0,0,3,2,0,0,0,21,0,0,0,0,3,0
93,5 Nov 2025,,5e8c81yfj5wleflr99m651mok,Sven Jablonski,Pafos FC,Villarreal CF,M. Oršić,0,0,1,3,0,1,0,0,32,0,0,0,0,0,0
93,5 Nov 2025,,5e8c81yfj5wleflr99m651mok,Sven Jablonski,Pafos FC,Villarreal CF,N. Michael,0,0,0,0,0,0,0,0,34,0,5,0,0,0,0
93,5 Nov 2025,,5e8c81yfj5wleflr99m651mok,Sven Jablonski,Pafos FC,Villarreal CF,David Luiz,0,0,0,0,1,0,0,0,46,0,0,0,0,1,0
93,5 Nov 2025,,5e8c81yfj5wleflr99m651mok,Sven Jablonski,Pafos FC,Villarreal CF,I. Šunjić,0,0,0,0,2,0,0,0,31,0,0,0,0,1,0
93,5 Nov 2025,,5e8c81yfj5wleflr99m651mok,Sven Jablonski,Pafos FC,Villarreal CF,V. Dragomir,0,0,0,0,1,2,0,1,11,0,0,0,0,0,0
93,5 Nov 2025,,5e8c81yfj5wleflr99m651mok,Sven Jablonski,Pafos FC,Villarreal CF,K. Pileas,0,0,0,0,0,0,0,0,1,0,0,0,0,1,0
93,5 Nov 2025,,5e8c81yfj5wleflr99m651mok,Sven Jablonski,Pafos FC,Villarreal CF,Anderson Silva,0,0,0,1,0,0,0,0,6,0,0,1,0,0,0
93,5 Nov 2025,,5e8c81yfj5wleflr99m651mok,Sven Jablonski,Pafos FC,Villarreal CF,Jajá,0,0,0,0,1,1,0,0,2,0,0,0,0,1,0
93,5 Nov 2025,,5e8c81yfj5wleflr99m651mok,Sven Jablonski,Pafos FC,Villarreal CF,Bruno Langa,0,0,0,1,0,0,0,0,2,0,0,0,0,0,0
93,5 Nov 2025,,5e8c81yfj5wleflr99m651mok,Sven Jablonski,Pafos FC,Villarreal CF,Ayoze Pérez,0,0,1,0,2,1,0,0,13,0,0,2,1,0,0
93,5 Nov 2025,,5e8c81yfj5wleflr99m651mok,Sven Jablonski,Pafos FC,Villarreal CF,Luíz Júnior,0,0,0,0,0,0,0,0,19,0,1,0,0,0,0
93,5 Nov 2025,,5e8c81yfj5wleflr99m651mok,Sven Jablonski,Pafos FC,Villarreal CF,P. Gueye,0,3,1,0,2,2,0,0,62,0,0,5,1,2,1
93,5 Nov 2025,,5e8c81yfj5wleflr99m651mok,Sven Jablonski,Pafos FC,Villarreal CF,Dani Parejo,0,1,0,0,0,0,0,0,45,0,0,1,0,0,0
93,5 Nov 2025,,5e8c81yfj5wleflr99m651mok,Sven Jablonski,Pafos FC,Villarreal CF,S. Mouriño,0,0,0,1,0,1,0,0,78,0,0,1,0,5,0
93,5 Nov 2025,,5e8c81yfj5wleflr99m651mok,Sven Jablonski,Pafos FC,Villarreal CF,N. Pépé,0,0,0,4,1,2,0,0,41,0,0,3,0,2,0
93,5 Nov 2025,,5e8c81yfj5wleflr99m651mok,Sven Jablonski,Pafos FC,Villarreal CF,G. Mikautadze,0,0,0,0,1,1,0,0,13,0,0,1,0,1,0
93,5 Nov 2025,,5e8c81yfj5wleflr99m651mok,Sven Jablonski,Pafos FC,Villarreal CF,Renato Veiga,0,0,0,1,1,1,0,1,83,0,0,0,0,1,1
93,5 Nov 2025,,5e8c81yfj5wleflr99m651mok,Sven Jablonski,Pafos FC,Villarreal CF,Sergi Cardona,0,0,0,5,0,0,0,0,21,0,0,0,0,0,0
93,5 Nov 2025,,5e8c81yfj5wleflr99m651mok,Sven Jablonski,Pafos FC,Villarreal CF,Alberto Moleiro,0,0,0,0,1,1,0,0,15,0,0,0,0,0,0
93,5 Nov 2025,,5e8c81yfj5wleflr99m651mok,Sven Jablonski,Pafos FC,Villarreal CF,J. Foyth,0,0,0,0,1,1,0,0,83,0,0,0,0,2,0
93,5 Nov 2025,,5e8c81yfj5wleflr99m651mok,Sven Jablonski,Pafos FC,Villarreal CF,T. Oluwaseyi,0,0,0,0,0,0,0,0,4,0,0,1,1,0,0
93,5 Nov 2025,,5e8c81yfj5wleflr99m651mok,Sven Jablonski,Pafos FC,Villarreal CF,M. Solomon,0,0,0,2,2,0,0,0,12,0,0,1,1,2,0
93,5 Nov 2025,,5e8c81yfj5wleflr99m651mok,Sven Jablonski,Pafos FC,Villarreal CF,Gerard Moreno,0,0,0,3,1,1,0,0,15,0,0,1,0,0,0
93,5 Nov 2025,,5e8c81yfj5wleflr99m651mok,Sven Jablonski,Pafos FC,Villarreal CF,Alfonso Pedraza,0,0,1,7,0,0,0,0,12,0,0,0,0,0,0
93,5 Nov 2025,,5e8c81yfj5wleflr99m651mok,Sven Jablonski,Pafos FC,Villarreal CF,Santi Comesaña,0,0,0,1,1,0,0,0,26,0,0,2,1,1,0
94,5 Nov 2025,,5eldqjhp1rtk3xd9olxavsvmc,Sebastian Gishamer,Qarabağ Ağdam FK,Chelsea FC,M. Janković,0,0,0,1,3,1,1,0,33,0,0,1,1,4,0
94,5 Nov 2025,,5eldqjhp1rtk3xd9olxavsvmc,Sebastian Gishamer,Qarabağ Ağdam FK,Chelsea FC,K. Medina,0,0,0,1,0,5,0,0,30,0,0,0,0,2,1
94,5 Nov 2025,,5eldqjhp1rtk3xd9olxavsvmc,Sebastian Gishamer,Qarabağ Ağdam FK,Chelsea FC,Matheus Silva,0,0,0,0,1,1,0,0,29,0,0,0,0,5,1
94,5 Nov 2025,,5eldqjhp1rtk3xd9olxavsvmc,Sebastian Gishamer,Qarabağ Ağdam FK,Chelsea FC,E. Cəfərquliyev,0,0,0,3,0,0,0,0,25,0,0,1,0,0,0
94,5 Nov 2025,,5eldqjhp1rtk3xd9olxavsvmc,Sebastian Gishamer,Qarabağ Ağdam FK,Chelsea FC,B. Mustafazadə,0,0,0,0,0,0,0,0,33,0,0,0,0,0,0
94,5 Nov 2025,,5eldqjhp1rtk3xd9olxavsvmc,Sebastian Gishamer,Qarabağ Ağdam FK,Chelsea FC,M. Kochalski,0,0,0,0,0,1,0,0,37,0,2,0,0,0,0
94,5 Nov 2025,,5eldqjhp1rtk3xd9olxavsvmc,Sebastian Gishamer,Qarabağ Ağdam FK,Chelsea FC,Kady Borges,0,1,0,0,0,3,0,0,6,0,0,1,0,0,0
94,5 Nov 2025,,5eldqjhp1rtk3xd9olxavsvmc,Sebastian Gishamer,Qarabağ Ağdam FK,Chelsea FC,Pedro Bicalho,0,0,0,0,2,2,0,0,36,0,0,0,0,2,0
94,5 Nov 2025,,5eldqjhp1rtk3xd9olxavsvmc,Sebastian Gishamer,Qarabağ Ağdam FK,Chelsea FC,Leandro Andrade,0,0,0,2,1,2,1,0,9,0,0,1,1,1,0
94,5 Nov 2025,,5eldqjhp1rtk3xd9olxavsvmc,Sebastian Gishamer,Qarabağ Ağdam FK,Chelsea FC,A. Zoubir,0,0,1,0,0,0,0,1,29,0,0,0,0,1,0
94,5 Nov 2025,,5eldqjhp1rtk3xd9olxavsvmc,Sebastian Gishamer,Qarabağ Ağdam FK,Chelsea FC,C. Durán,0,1,0,1,1,0,0,0,7,0,0,2,0,0,0
94,5 Nov 2025,,5eldqjhp1rtk3xd9olxavsvmc,Sebastian Gishamer,Qarabağ Ağdam FK,Chelsea FC,E. Addai,0,1,0,0,1,0,0,0,21,0,0,1,0,1,0
94,5 Nov 2025,,5eldqjhp1rtk3xd9olxavsvmc,Sebastian Gishamer,Qarabağ Ağdam FK,Chelsea FC,T. Bayramov,0,0,0,1,0,0,0,0,7,0,0,0,0,0,0
94,5 Nov 2025,,5eldqjhp1rtk3xd9olxavsvmc,Sebastian Gishamer,Qarabağ Ağdam FK,Chelsea FC,N. Axundzadə,0,0,0,1,0,2,0,0,3,0,0,1,0,0,0
94,5 Nov 2025,,5eldqjhp1rtk3xd9olxavsvmc,Sebastian Gishamer,Qarabağ Ağdam FK,Chelsea FC,Dani Bolt,0,0,1,2,0,0,0,0,3,0,0,0,0,0,0
94,5 Nov 2025,,5eldqjhp1rtk3xd9olxavsvmc,Sebastian Gishamer,Qarabağ Ağdam FK,Chelsea FC,O. Kashchuk,0,0,0,0,0,0,0,0,3,0,0,1,1,0,0
94,5 Nov 2025,,5eldqjhp1rtk3xd9olxavsvmc,Sebastian Gishamer,Qarabağ Ağdam FK,Chelsea FC,Andrey Santos,1,0,0,0,0,1,0,0,21,0,0,1,0,3,1
94,5 Nov 2025,,5eldqjhp1rtk3xd9olxavsvmc,Sebastian Gishamer,Qarabağ Ağdam FK,Chelsea FC,Robert Sánchez,0,0,0,0,0,0,0,0,34,0,1,0,0,0,0
94,5 Nov 2025,,5eldqjhp1rtk3xd9olxavsvmc,Sebastian Gishamer,Qarabağ Ağdam FK,Chelsea FC,T. George,0,1,0,0,0,0,0,0,7,0,0,1,0,0,0
94,5 Nov 2025,,5eldqjhp1rtk3xd9olxavsvmc,Sebastian Gishamer,Qarabağ Ağdam FK,Chelsea FC,J. Gittens,0,1,1,1,3,0,0,0,11,0,0,2,0,1,0
94,5 Nov 2025,,5eldqjhp1rtk3xd9olxavsvmc,Sebastian Gishamer,Qarabağ Ağdam FK,Chelsea FC,João Pedro,0,0,0,0,1,2,0,0,30,0,0,0,0,0,0
94,5 Nov 2025,,5eldqjhp1rtk3xd9olxavsvmc,Sebastian Gishamer,Qarabağ Ağdam FK,Chelsea FC,Marc Cucurella,0,0,1,1,6,0,0,0,34,0,0,0,0,2,0
94,5 Nov 2025,,5eldqjhp1rtk3xd9olxavsvmc,Sebastian Gishamer,Qarabağ Ağdam FK,Chelsea FC,J. Hato,0,0,0,0,1,1,0,0,70,0,0,0,0,1,0
94,5 Nov 2025,,5eldqjhp1rtk3xd9olxavsvmc,Sebastian Gishamer,Qarabağ Ağdam FK,Chelsea FC,T. Adarabioyo,0,0,0,0,1,0,0,0,77,0,0,0,0,3,0
94,5 Nov 2025,,5eldqjhp1rtk3xd9olxavsvmc,Sebastian Gishamer,Qarabağ Ağdam FK,Chelsea FC,R. James,0,0,0,5,1,1,0,0,60,0,0,0,0,2,1
94,5 Nov 2025,,5eldqjhp1rtk3xd9olxavsvmc,Sebastian Gishamer,Qarabağ Ağdam FK,Chelsea FC,R. Lavia,0,0,0,0,0,0,0,0,2,0,0,0,0,0,0
94,5 Nov 2025,,5eldqjhp1rtk3xd9olxavsvmc,Sebastian Gishamer,Qarabağ Ağdam FK,Chelsea FC,Estêvão,0,1,1,4,3,0,1,0,30,0,0,3,1,4,0
94,5 Nov 2025,,5eldqjhp1rtk3xd9olxavsvmc,Sebastian Gishamer,Qarabağ Ağdam FK,Chelsea FC,M. Caicedo,0,0,0,0,3,0,0,0,54,0,0,1,0,1,1
94,5 Nov 2025,,5eldqjhp1rtk3xd9olxavsvmc,Sebastian Gishamer,Qarabağ Ağdam FK,Chelsea FC,A. Garnacho,0,0,2,0,0,0,1,0,19,0,0,3,2,0,0
94,5 Nov 2025,,5eldqjhp1rtk3xd9olxavsvmc,Sebastian Gishamer,Qarabağ Ağdam FK,Chelsea FC,E. Fernández,0,1,3,3,0,2,0,0,34,0,0,3,1,0,0
94,5 Nov 2025,,5eldqjhp1rtk3xd9olxavsvmc,Sebastian Gishamer,Qarabağ Ağdam FK,Chelsea FC,L. Delap,0,0,0,0,0,0,0,1,5,0,0,1,0,0,0
94,5 Nov 2025,,5eldqjhp1rtk3xd9olxavsvmc,Sebastian Gishamer,Qarabağ Ağdam FK,Chelsea FC,F. Buonanotte,0,0,0,0,0,0,0,0,10,0,0,1,0,0,0
95,5 Nov 2025,,5eyjs5dmee4khfup2nzycajo4,Benoît Bastien,AFC Ajax,Galatasaray Spor Kulübü,J. Šutalo,0,0,0,0,0,2,0,0,72,0,0,1,0,0,0
95,5 Nov 2025,,5eyjs5dmee4khfup2nzycajo4,Benoît Bastien,AFC Ajax,Galatasaray Spor Kulübü,R. Pasveer,0,0,0,0,0,0,0,0,37,0,5,0,0,0,0
95,5 Nov 2025,,5eyjs5dmee4khfup2nzycajo4,Benoît Bastien,AFC Ajax,Galatasaray Spor Kulübü,A. Gaaei,0,0,1,4,2,0,0,0,36,0,0,1,0,3,1
95,5 Nov 2025,,5eyjs5dmee4khfup2nzycajo4,Benoît Bastien,AFC Ajax,Galatasaray Spor Kulübü,Y. Regeer,0,0,0,0,1,1,0,1,19,0,0,0,0,0,0
95,5 Nov 2025,,5eyjs5dmee4khfup2nzycajo4,Benoît Bastien,AFC Ajax,Galatasaray Spor Kulübü,Y. Baas,0,0,0,0,2,0,0,0,62,0,0,0,0,1,0
95,5 Nov 2025,,5eyjs5dmee4khfup2nzycajo4,Benoît Bastien,AFC Ajax,Galatasaray Spor Kulübü,J. Mokio,0,0,0,0,1,0,0,0,59,0,0,1,1,2,1
95,5 Nov 2025,,5eyjs5dmee4khfup2nzycajo4,Benoît Bastien,AFC Ajax,Galatasaray Spor Kulübü,W. Weghorst,0,1,2,1,3,2,0,0,11,0,0,1,0,1,0
95,5 Nov 2025,,5eyjs5dmee4khfup2nzycajo4,Benoît Bastien,AFC Ajax,Galatasaray Spor Kulübü,M. Godts,0,0,0,1,0,1,0,0,16,0,0,1,0,1,0
95,5 Nov 2025,,5eyjs5dmee4khfup2nzycajo4,Benoît Bastien,AFC Ajax,Galatasaray Spor Kulübü,D. Klaassen,0,0,0,0,1,2,0,0,47,0,0,0,0,3,1
95,5 Nov 2025,,5eyjs5dmee4khfup2nzycajo4,Benoît Bastien,AFC Ajax,Galatasaray Spor Kulübü,O. Wijndal,0,0,0,1,0,3,0,0,23,0,0,0,0,1,0
95,5 Nov 2025,,5eyjs5dmee4khfup2nzycajo4,Benoît Bastien,AFC Ajax,Galatasaray Spor Kulübü,O. Gloukh,0,0,0,3,0,1,0,0,44,0,0,2,0,0,0
95,5 Nov 2025,,5eyjs5dmee4khfup2nzycajo4,Benoît Bastien,AFC Ajax,Galatasaray Spor Kulübü,G. Alders,0,0,0,0,1,2,0,0,22,0,0,0,0,0,0
95,5 Nov 2025,,5eyjs5dmee4khfup2nzycajo4,Benoît Bastien,AFC Ajax,Galatasaray Spor Kulübü,K. Fitz-Jim,0,0,0,1,0,0,0,0,9,0,0,0,0,1,0
95,5 Nov 2025,,5eyjs5dmee4khfup2nzycajo4,Benoît Bastien,AFC Ajax,Galatasaray Spor Kulübü,R. Bounida,0,0,0,1,0,0,0,0,6,0,0,1,1,0,0
95,5 Nov 2025,,5eyjs5dmee4khfup2nzycajo4,Benoît Bastien,AFC Ajax,Galatasaray Spor Kulübü,J. McConnell,0,0,0,1,1,0,0,0,8,0,0,0,0,0,1
95,5 Nov 2025,,5eyjs5dmee4khfup2nzycajo4,Benoît Bastien,AFC Ajax,Galatasaray Spor Kulübü,M. Lemina,0,0,1,0,2,1,0,0,50,0,0,0,0,1,0
95,5 Nov 2025,,5eyjs5dmee4khfup2nzycajo4,Benoît Bastien,AFC Ajax,Galatasaray Spor Kulübü,U. Çakır,0,0,0,0,0,0,0,0,44,0,3,0,0,0,0
95,5 Nov 2025,,5eyjs5dmee4khfup2nzycajo4,Benoît Bastien,AFC Ajax,Galatasaray Spor Kulübü,V. Osimhen,0,0,1,0,1,1,3,1,9,0,0,5,5,0,0
95,5 Nov 2025,,5eyjs5dmee4khfup2nzycajo4,Benoît Bastien,AFC Ajax,Galatasaray Spor Kulübü,A. Bardakcı,0,0,0,0,2,0,0,0,72,0,0,0,0,1,0
95,5 Nov 2025,,5eyjs5dmee4khfup2nzycajo4,Benoît Bastien,AFC Ajax,Galatasaray Spor Kulübü,I. Jakobs,0,0,0,6,0,1,0,0,41,0,0,0,0,2,0
95,5 Nov 2025,,5eyjs5dmee4khfup2nzycajo4,Benoît Bastien,AFC Ajax,Galatasaray Spor Kulübü,D. Sánchez,0,0,0,0,1,2,0,0,84,0,0,0,0,0,0
95,5 Nov 2025,,5eyjs5dmee4khfup2nzycajo4,Benoît Bastien,AFC Ajax,Galatasaray Spor Kulübü,W. Singo,0,0,0,5,2,2,0,0,51,0,0,0,0,3,0
95,5 Nov 2025,,5eyjs5dmee4khfup2nzycajo4,Benoît Bastien,AFC Ajax,Galatasaray Spor Kulübü,L. Torreira,0,0,0,0,2,1,0,0,54,0,0,0,0,1,0
95,5 Nov 2025,,5eyjs5dmee4khfup2nzycajo4,Benoît Bastien,AFC Ajax,Galatasaray Spor Kulübü,R. Sallai,0,1,0,4,1,2,0,0,27,0,0,2,1,0,0
95,5 Nov 2025,,5eyjs5dmee4khfup2nzycajo4,Benoît Bastien,AFC Ajax,Galatasaray Spor Kulübü,L. Sané,1,2,0,1,2,0,0,2,31,0,0,3,1,1,0
95,5 Nov 2025,,5eyjs5dmee4khfup2nzycajo4,Benoît Bastien,AFC Ajax,Galatasaray Spor Kulübü,Gabriel Sara,0,1,0,3,0,0,0,0,14,0,0,2,0,0,0
95,5 Nov 2025,,5eyjs5dmee4khfup2nzycajo4,Benoît Bastien,AFC Ajax,Galatasaray Spor Kulübü,B. Yılmaz,0,1,0,1,1,0,0,0,14,0,0,1,0,0,0
95,5 Nov 2025,,5eyjs5dmee4khfup2nzycajo4,Benoît Bastien,AFC Ajax,Galatasaray Spor Kulübü,M. Icardi,0,0,0,0,0,0,0,0,1,0,0,1,1,0,0
95,5 Nov 2025,,5eyjs5dmee4khfup2nzycajo4,Benoît Bastien,AFC Ajax,Galatasaray Spor Kulübü,K. Ayhan,0,0,0,0,0,0,0,0,4,0,0,0,0,1,0
95,5 Nov 2025,,5eyjs5dmee4khfup2nzycajo4,Benoît Bastien,AFC Ajax,Galatasaray Spor Kulübü,E. Elmalı,0,0,0,0,0,0,0,0,4,0,0,0,0,0,0
95,5 Nov 2025,,5eyjs5dmee4khfup2nzycajo4,Benoît Bastien,AFC Ajax,Galatasaray Spor Kulübü,B. Kutlu,0,0,0,0,1,0,0,0,3,0,0,0,0,0,0
96,5 Nov 2025,,5fbfmxmdror7xvtcq3a41pkpg,Anthony Taylor,Club Brugge KV,FC Barcelona,K. Sabbe,0,0,0,1,0,1,0,0,17,0,0,0,0,2,0
96,5 Nov 2025,,5fbfmxmdror7xvtcq3a41pkpg,Anthony Taylor,Club Brugge KV,FC Barcelona,J. Seys,0,0,0,0,1,0,0,0,23,0,0,1,1,5,0
96,5 Nov 2025,,5fbfmxmdror7xvtcq3a41pkpg,Anthony Taylor,Club Brugge KV,FC Barcelona,H. Vanaken,1,0,0,0,1,0,0,0,44,0,0,0,0,2,0
96,5 Nov 2025,,5fbfmxmdror7xvtcq3a41pkpg,Anthony Taylor,Club Brugge KV,FC Barcelona,A. Stanković,0,0,0,0,1,1,0,0,23,0,0,0,0,0,0
96,5 Nov 2025,,5fbfmxmdror7xvtcq3a41pkpg,Anthony Taylor,Club Brugge KV,FC Barcelona,N. Tresoldi,0,1,0,0,1,1,1,0,13,0,0,2,1,0,0
96,5 Nov 2025,,5fbfmxmdror7xvtcq3a41pkpg,Anthony Taylor,Club Brugge KV,FC Barcelona,R. Onyedika,0,0,0,0,2,0,0,0,15,0,0,0,0,1,1
96,5 Nov 2025,,5fbfmxmdror7xvtcq3a41pkpg,Anthony Taylor,Club Brugge KV,FC Barcelona,C. Tzolis,1,1,0,3,0,1,0,1,23,0,0,3,2,3,0
96,5 Nov 2025,,5fbfmxmdror7xvtcq3a41pkpg,Anthony Taylor,Club Brugge KV,FC Barcelona,J. Ordoñez,0,0,0,0,0,0,0,0,13,0,0,0,0,1,0
96,5 Nov 2025,,5fbfmxmdror7xvtcq3a41pkpg,Anthony Taylor,Club Brugge KV,FC Barcelona,B. Mechele,0,0,0,0,0,0,0,0,12,0,0,0,0,0,0
96,5 Nov 2025,,5fbfmxmdror7xvtcq3a41pkpg,Anthony Taylor,Club Brugge KV,FC Barcelona,N. Jackers,0,0,0,0,0,0,0,0,27,0,4,0,0,0,0
96,5 Nov 2025,,5fbfmxmdror7xvtcq3a41pkpg,Anthony Taylor,Club Brugge KV,FC Barcelona,Carlos Forbs,1,0,0,0,1,1,2,0,10,0,0,3,2,2,0
96,5 Nov 2025,,5fbfmxmdror7xvtcq3a41pkpg,Anthony Taylor,Club Brugge KV,FC Barcelona,M. Diakhon,0,0,0,0,1,1,0,0,5,0,0,1,0,0,1
96,5 Nov 2025,,5fbfmxmdror7xvtcq3a41pkpg,Anthony Taylor,Club Brugge KV,FC Barcelona,R. Vermant,0,0,0,0,3,0,0,0,1,0,0,0,0,0,0
96,5 Nov 2025,,5fbfmxmdror7xvtcq3a41pkpg,Anthony Taylor,Club Brugge KV,FC Barcelona,H. Vetlesen,0,0,0,0,0,0,0,0,2,0,0,0,0,0,0
96,5 Nov 2025,,5fbfmxmdror7xvtcq3a41pkpg,Anthony Taylor,Club Brugge KV,FC Barcelona,Lynnt Audoor,0,0,0,0,0,0,0,0,0,0,0,0,0,0,0
96,5 Nov 2025,,5fbfmxmdror7xvtcq3a41pkpg,Anthony Taylor,Club Brugge KV,FC Barcelona,Ferran Torres,0,0,0,0,1,0,1,0,12,0,0,2,1,1,0
96,5 Nov 2025,,5fbfmxmdror7xvtcq3a41pkpg,Anthony Taylor,Club Brugge KV,FC Barcelona,R. Araujo,0,0,0,0,1,0,0,0,87,0,0,0,0,1,0
96,5 Nov 2025,,5fbfmxmdror7xvtcq3a41pkpg,Anthony Taylor,Club Brugge KV,FC Barcelona,Marc Casadó,0,0,0,0,0,0,0,0,63,0,0,0,0,2,0
96,5 Nov 2025,,5fbfmxmdror7xvtcq3a41pkpg,Anthony Taylor,Club Brugge KV,FC Barcelona,Lamine Yamal,0,1,2,8,0,3,1,0,63,0,0,5,3,0,1
96,5 Nov 2025,,5fbfmxmdror7xvtcq3a41pkpg,Anthony Taylor,Club Brugge KV,FC Barcelona,Eric García,0,0,0,0,1,1,0,0,102,0,0,1,0,1,0
96,5 Nov 2025,,5fbfmxmdror7xvtcq3a41pkpg,Anthony Taylor,Club Brugge KV,FC Barcelona,Alejandro Balde,0,0,0,2,0,0,0,0,63,0,0,0,0,2,0
96,5 Nov 2025,,5fbfmxmdror7xvtcq3a41pkpg,Anthony Taylor,Club Brugge KV,FC Barcelona,J. Koundé,0,0,0,1,1,2,0,0,68,0,0,1,0,1,1
96,5 Nov 2025,,5fbfmxmdror7xvtcq3a41pkpg,Anthony Taylor,Club Brugge KV,FC Barcelona,Fermín López,2,0,1,2,1,0,0,0,39,0,0,4,1,0,1
96,5 Nov 2025,,5fbfmxmdror7xvtcq3a41pkpg,Anthony Taylor,Club Brugge KV,FC Barcelona,W. Szczęsny,0,0,0,0,0,1,0,0,26,0,3,0,0,0,0
96,5 Nov 2025,,5fbfmxmdror7xvtcq3a41pkpg,Anthony Taylor,Club Brugge KV,FC Barcelona,M. Rashford,0,1,0,3,0,0,0,0,54,0,0,5,1,1,0
96,5 Nov 2025,,5fbfmxmdror7xvtcq3a41pkpg,Anthony Taylor,Club Brugge KV,FC Barcelona,F. de Jong,0,0,0,0,0,1,0,0,120,0,0,0,0,2,0
96,5 Nov 2025,,5fbfmxmdror7xvtcq3a41pkpg,Anthony Taylor,Club Brugge KV,FC Barcelona,R. Lewandowski,0,2,1,0,0,1,0,1,4,0,0,2,0,0,0
96,5 Nov 2025,,5fbfmxmdror7xvtcq3a41pkpg,Anthony Taylor,Club Brugge KV,FC Barcelona,Dani Olmo,0,1,0,0,1,0,0,0,21,0,0,2,0,0,0
96,5 Nov 2025,,5fbfmxmdror7xvtcq3a41pkpg,Anthony Taylor,Club Brugge KV,FC Barcelona,Pau Cubarsí,0,0,0,0,0,0,0,0,8,0,0,0,0,0,0
96,5 Nov 2025,,5fbfmxmdror7xvtcq3a41pkpg,Anthony Taylor,Club Brugge KV,FC Barcelona,Gerard Martín,0,0,0,0,0,0,0,0,5,0,0,0,0,1,0
96,5 Nov 2025,,5fbfmxmdror7xvtcq3a41pkpg,Anthony Taylor,Club Brugge KV,FC Barcelona,R. Bardghji,0,1,0,1,0,0,0,0,1,0,0,1,0,0,0
97,5 Nov 2025,,5fofplo2ckg0386q0t12xen84,Luís Miguel Branco Godinho,FC Internazionale Milano,FK Kairat Almaty,L. Martínez,0,1,1,0,0,1,1,0,9,0,0,5,3,0,0
97,5 Nov 2025,,5fofplo2ckg0386q0t12xen84,Luís Miguel Branco Godinho,FC Internazionale Milano,FK Kairat Almaty,N. Barella,0,0,1,7,2,1,0,0,58,0,0,0,0,3,1
97,5 Nov 2025,,5fofplo2ckg0386q0t12xen84,Luís Miguel Branco Godinho,FC Internazionale Milano,FK Kairat Almaty,Y. Bisseck,0,0,0,1,2,2,0,0,58,0,0,0,0,3,0
97,5 Nov 2025,,5fofplo2ckg0386q0t12xen84,Luís Miguel Branco Godinho,FC Internazionale Milano,FK Kairat Almaty,D. Dumfries,0,1,2,3,0,0,0,0,41,0,0,3,0,1,0
97,5 Nov 2025,,5fofplo2ckg0386q0t12xen84,Luís Miguel Branco Godinho,FC Internazionale Milano,FK Kairat Almaty,Y. Sommer,0,0,0,0,0,0,0,0,46,0,2,0,0,0,0
97,5 Nov 2025,,5fofplo2ckg0386q0t12xen84,Luís Miguel Branco Godinho,FC Internazionale Milano,FK Kairat Almaty,S. de Vrij,0,0,0,0,1,1,0,0,68,0,0,0,0,0,0
97,5 Nov 2025,,5fofplo2ckg0386q0t12xen84,Luís Miguel Branco Godinho,FC Internazionale Milano,FK Kairat Almaty,Carlos Augusto,0,0,0,0,1,0,1,0,85,0,0,3,1,3,0
97,5 Nov 2025,,5fofplo2ckg0386q0t12xen84,Luís Miguel Branco Godinho,FC Internazionale Milano,FK Kairat Almaty,F. Dimarco,0,0,4,13,0,0,0,0,62,0,0,2,1,3,0
97,5 Nov 2025,,5fofplo2ckg0386q0t12xen84,Luís Miguel Branco Godinho,FC Internazionale Milano,FK Kairat Almaty,F. Esposito,1,3,0,0,0,4,0,1,17,0,0,6,2,0,0
97,5 Nov 2025,,5fofplo2ckg0386q0t12xen84,Luís Miguel Branco Godinho,FC Internazionale Milano,FK Kairat Almaty,P. Zieliński,0,0,0,2,0,2,0,0,58,0,0,1,0,2,0
97,5 Nov 2025,,5fofplo2ckg0386q0t12xen84,Luís Miguel Branco Godinho,FC Internazionale Milano,FK Kairat Almaty,D. Frattesi,0,0,0,0,1,2,0,0,16,0,0,0,0,4,0
97,5 Nov 2025,,5fofplo2ckg0386q0t12xen84,Luís Miguel Branco Godinho,FC Internazionale Milano,FK Kairat Almaty,A. Bonny,0,0,0,0,1,1,0,0,26,0,0,0,0,1,0
97,5 Nov 2025,,5fofplo2ckg0386q0t12xen84,Luís Miguel Branco Godinho,FC Internazionale Milano,FK Kairat Almaty,P. Sučić,0,0,1,1,1,0,0,1,14,0,0,1,1,0,0
97,5 Nov 2025,,5fofplo2ckg0386q0t12xen84,Luís Miguel Branco Godinho,FC Internazionale Milano,FK Kairat Almaty,M. Thuram,0,0,0,0,0,0,0,0,8,0,0,2,1,0,0
97,5 Nov 2025,,5fofplo2ckg0386q0t12xen84,Luís Miguel Branco Godinho,FC Internazionale Milano,FK Kairat Almaty,H. Çalhanoğlu,0,0,0,0,0,2,0,0,22,0,0,0,0,0,0
97,5 Nov 2025,,5fofplo2ckg0386q0t12xen84,Luís Miguel Branco Godinho,FC Internazionale Milano,FK Kairat Almaty,M. Akanji,0,0,0,0,0,0,0,0,6,0,0,0,0,0,0
97,5 Nov 2025,,5fofplo2ckg0386q0t12xen84,Luís Miguel Branco Godinho,FC Internazionale Milano,FK Kairat Almaty,T. Anarbekov,0,0,0,0,0,0,0,0,20,0,6,0,0,0,0
97,5 Nov 2025,,5fofplo2ckg0386q0t12xen84,Luís Miguel Branco Godinho,FC Internazionale Milano,FK Kairat Almaty,A. Shirobokov,1,0,0,0,1,0,0,0,43,0,0,0,0,3,0
97,5 Nov 2025,,5fofplo2ckg0386q0t12xen84,Luís Miguel Branco Godinho,FC Internazionale Milano,FK Kairat Almaty,A. Mrynskiy,0,0,0,2,0,0,0,0,16,0,0,0,0,0,0
97,5 Nov 2025,,5fofplo2ckg0386q0t12xen84,Luís Miguel Branco Godinho,FC Internazionale Milano,FK Kairat Almaty,Jorginho,0,0,0,1,0,1,0,0,9,0,0,0,0,2,1
97,5 Nov 2025,,5fofplo2ckg0386q0t12xen84,Luís Miguel Branco Godinho,FC Internazionale Milano,FK Kairat Almaty,O. Arad,0,0,0,0,1,2,1,0,27,0,0,1,1,1,0
97,5 Nov 2025,,5fofplo2ckg0386q0t12xen84,Luís Miguel Branco Godinho,FC Internazionale Milano,FK Kairat Almaty,V. Gromyko,0,0,0,2,1,0,0,0,15,0,0,1,0,0,0
97,5 Nov 2025,,5fofplo2ckg0386q0t12xen84,Luís Miguel Branco Godinho,FC Internazionale Milano,FK Kairat Almaty,D. Satpaev,0,1,2,1,1,1,0,0,29,0,0,1,0,3,0
97,5 Nov 2025,,5fofplo2ckg0386q0t12xen84,Luís Miguel Branco Godinho,FC Internazionale Milano,FK Kairat Almaty,Luís Mata,0,0,1,3,2,0,0,0,34,0,0,0,0,2,0
97,5 Nov 2025,,5fofplo2ckg0386q0t12xen84,Luís Miguel Branco Godinho,FC Internazionale Milano,FK Kairat Almaty,D. Kasabulat,0,0,0,0,1,1,0,0,19,0,0,1,0,2,0
97,5 Nov 2025,,5fofplo2ckg0386q0t12xen84,Luís Miguel Branco Godinho,FC Internazionale Milano,FK Kairat Almaty,Edmilson,0,0,0,0,4,1,0,0,6,0,0,3,2,0,0
97,5 Nov 2025,,5fofplo2ckg0386q0t12xen84,Luís Miguel Branco Godinho,FC Internazionale Milano,FK Kairat Almaty,E. Sorokin,0,0,0,0,2,0,0,1,47,0,0,0,0,1,0
97,5 Nov 2025,,5fofplo2ckg0386q0t12xen84,Luís Miguel Branco Godinho,FC Internazionale Milano,FK Kairat Almaty,E. Tapalov,0,0,0,0,0,2,0,0,17,0,0,0,0,1,0
97,5 Nov 2025,,5fofplo2ckg0386q0t12xen84,Luís Miguel Branco Godinho,FC Internazionale Milano,FK Kairat Almaty,Ricardinho,0,0,0,0,1,0,0,0,3,0,0,0,0,0,0
97,5 Nov 2025,,5fofplo2ckg0386q0t12xen84,Luís Miguel Branco Godinho,FC Internazionale Milano,FK Kairat Almaty,O. Baybek,0,0,0,0,0,1,0,0,9,0,0,0,0,1,0
97,5 Nov 2025,,5fofplo2ckg0386q0t12xen84,Luís Miguel Branco Godinho,FC Internazionale Milano,FK Kairat Almaty,G. Zaria,0,0,0,0,0,0,0,0,7,0,0,0,0,0,0
97,5 Nov 2025,,5fofplo2ckg0386q0t12xen84,Luís Miguel Branco Godinho,FC Internazionale Milano,FK Kairat Almaty,A. Sadybekov,0,0,0,0,2,0,0,0,12,0,0,0,0,0,0
98,30 Jul 2025,,5fqhce7srss8hywz4ujj3nx1w,Alejandro Muñíz Ruiz,Servette FC,FC Viktoria Plzeň,M. Stevanović,0,0,2,4,1,0,0,0,30,0,0,2,1,1,0
98,30 Jul 2025,,5fqhce7srss8hywz4ujj3nx1w,Alejandro Muñíz Ruiz,Servette FC,FC Viktoria Plzeň,A. Baron,0,0,0,0,0,0,0,0,76,0,0,0,0,2,0
98,30 Jul 2025,,5fqhce7srss8hywz4ujj3nx1w,Alejandro Muñíz Ruiz,Servette FC,FC Viktoria Plzeň,B. Mazikou,0,0,0,1,0,3,0,0,38,0,0,1,0,3,1
98,30 Jul 2025,,5fqhce7srss8hywz4ujj3nx1w,Alejandro Muñíz Ruiz,Servette FC,FC Viktoria Plzeň,Y. Severin,0,0,0,0,2,0,0,0,24,1,0,0,0,0,2
98,30 Jul 2025,,5fqhce7srss8hywz4ujj3nx1w,Alejandro Muñíz Ruiz,Servette FC,FC Viktoria Plzeň,S. Rouiller,1,1,1,0,1,1,0,0,62,0,0,2,0,6,0
98,30 Jul 2025,,5fqhce7srss8hywz4ujj3nx1w,Alejandro Muñíz Ruiz,Servette FC,FC Viktoria Plzeň,G. Morandi,0,0,1,8,0,3,0,0,33,0,0,2,1,2,0
98,30 Jul 2025,,5fqhce7srss8hywz4ujj3nx1w,Alejandro Muñíz Ruiz,Servette FC,FC Viktoria Plzeň,T. Cognat,0,1,2,4,1,0,0,0,54,0,0,3,0,3,0
98,30 Jul 2025,,5fqhce7srss8hywz4ujj3nx1w,Alejandro Muñíz Ruiz,Servette FC,FC Viktoria Plzeň,A. Antunes,0,0,0,0,2,3,1,1,28,0,0,4,1,1,0
98,30 Jul 2025,,5fqhce7srss8hywz4ujj3nx1w,Alejandro Muñíz Ruiz,Servette FC,FC Viktoria Plzeň,S. Mráz,0,0,1,0,0,1,0,0,26,0,0,1,1,0,0
98,30 Jul 2025,,5fqhce7srss8hywz4ujj3nx1w,Alejandro Muñíz Ruiz,Servette FC,FC Viktoria Plzeň,T. Magnin,0,0,0,2,1,0,0,0,34,0,0,1,0,7,0
98,30 Jul 2025,,5fqhce7srss8hywz4ujj3nx1w,Alejandro Muñíz Ruiz,Servette FC,FC Viktoria Plzeň,J. Mall,0,0,0,0,0,0,0,0,35,0,5,0,0,0,0
98,30 Jul 2025,,5fqhce7srss8hywz4ujj3nx1w,Alejandro Muñíz Ruiz,Servette FC,FC Viktoria Plzeň,D. Bronn,0,0,0,1,1,0,0,0,16,0,0,0,0,0,0
98,30 Jul 2025,,5fqhce7srss8hywz4ujj3nx1w,Alejandro Muñíz Ruiz,Servette FC,FC Viktoria Plzeň,J. Guillemenot,0,0,0,0,0,0,0,0,4,0,0,1,1,0,0
98,30 Jul 2025,,5fqhce7srss8hywz4ujj3nx1w,Alejandro Muñíz Ruiz,Servette FC,FC Viktoria Plzeň,L. Srdanovic,0,0,1,3,0,0,0,0,7,0,0,0,0,0,0
98,30 Jul 2025,,5fqhce7srss8hywz4ujj3nx1w,Alejandro Muñíz Ruiz,Servette FC,FC Viktoria Plzeň,Keyan Varela,0,0,0,0,1,0,0,0,3,0,0,0,0,0,0
98,30 Jul 2025,,5fqhce7srss8hywz4ujj3nx1w,Alejandro Muñíz Ruiz,Servette FC,FC Viktoria Plzeň,A. Jallow,0,0,0,0,1,0,0,0,2,0,0,0,0,0,1
98,30 Jul 2025,,5fqhce7srss8hywz4ujj3nx1w,Alejandro Muñíz Ruiz,Servette FC,FC Viktoria Plzeň,L. Červ,0,1,1,5,1,4,0,0,32,0,0,2,0,2,1
98,30 Jul 2025,,5fqhce7srss8hywz4ujj3nx1w,Alejandro Muñíz Ruiz,Servette FC,FC Viktoria Plzeň,S. Dweh,1,0,0,2,2,0,0,0,36,0,0,0,0,4,0
98,30 Jul 2025,,5fqhce7srss8hywz4ujj3nx1w,Alejandro Muñíz Ruiz,Servette FC,FC Viktoria Plzeň,K. Spáčil,0,0,0,4,0,0,1,0,26,0,0,1,1,1,0
98,30 Jul 2025,,5fqhce7srss8hywz4ujj3nx1w,Alejandro Muñíz Ruiz,Servette FC,FC Viktoria Plzeň,M. Vydra,0,1,0,1,1,1,1,0,27,0,0,4,3,0,0
98,30 Jul 2025,,5fqhce7srss8hywz4ujj3nx1w,Alejandro Muñíz Ruiz,Servette FC,FC Viktoria Plzeň,P. Šulc,0,0,2,7,1,1,0,0,23,0,0,1,1,1,0
98,30 Jul 2025,,5fqhce7srss8hywz4ujj3nx1w,Alejandro Muñíz Ruiz,Servette FC,FC Viktoria Plzeň,R. Durosinmi,0,0,0,0,1,1,1,1,21,0,0,5,3,1,0
98,30 Jul 2025,,5fqhce7srss8hywz4ujj3nx1w,Alejandro Muñíz Ruiz,Servette FC,FC Viktoria Plzeň,V. Jemelka,0,0,0,5,0,1,0,0,32,0,0,0,0,5,0
98,30 Jul 2025,,5fqhce7srss8hywz4ujj3nx1w,Alejandro Muñíz Ruiz,Servette FC,FC Viktoria Plzeň,S. Marković,0,0,1,0,0,0,0,0,28,0,0,1,0,2,0
98,30 Jul 2025,,5fqhce7srss8hywz4ujj3nx1w,Alejandro Muñíz Ruiz,Servette FC,FC Viktoria Plzeň,M. Havel,0,0,0,3,0,0,0,0,20,0,0,0,0,2,0
98,30 Jul 2025,,5fqhce7srss8hywz4ujj3nx1w,Alejandro Muñíz Ruiz,Servette FC,FC Viktoria Plzeň,A. Zeljković,0,0,0,1,4,1,0,0,30,1,0,0,0,2,0
98,30 Jul 2025,,5fqhce7srss8hywz4ujj3nx1w,Alejandro Muñíz Ruiz,Servette FC,FC Viktoria Plzeň,Florian Wiegele,0,0,0,0,0,0,0,0,30,0,3,0,0,0,0
98,30 Jul 2025,,5fqhce7srss8hywz4ujj3nx1w,Alejandro Muñíz Ruiz,Servette FC,FC Viktoria Plzeň,A. Memić,0,0,0,1,1,0,0,0,8,0,0,0,0,0,0
98,30 Jul 2025,,5fqhce7srss8hywz4ujj3nx1w,Alejandro Muñíz Ruiz,Servette FC,FC Viktoria Plzeň,Merchas Doski,0,0,0,0,0,1,0,0,2,0,0,0,0,2,0
98,30 Jul 2025,,5fqhce7srss8hywz4ujj3nx1w,Alejandro Muñíz Ruiz,Servette FC,FC Viktoria Plzeň,T. Ladra,0,0,0,1,0,0,0,0,2,0,0,0,0,1,0
98,30 Jul 2025,,5fqhce7srss8hywz4ujj3nx1w,Alejandro Muñíz Ruiz,Servette FC,FC Viktoria Plzeň,D. Višinský,0,0,0,0,0,0,0,0,1,0,0,0,0,0,0
99,5 Nov 2025,,5g2fgbz3xee5qeuzcpj6giv4k,Szymon Marciniak,Manchester City FC,BV Borussia 09 Dortmund,J. Stones,0,0,0,0,0,1,0,0,47,0,0,0,0,0,0
99,5 Nov 2025,,5g2fgbz3xee5qeuzcpj6giv4k,Szymon Marciniak,Manchester City FC,BV Borussia 09 Dortmund,Matheus Nunes,0,0,0,0,0,1,0,0,58,0,0,0,0,0,0
99,5 Nov 2025,,5g2fgbz3xee5qeuzcpj6giv4k,Szymon Marciniak,Manchester City FC,BV Borussia 09 Dortmund,Savinho,0,1,2,1,2,3,0,2,30,0,0,3,1,0,1
99,5 Nov 2025,,5g2fgbz3xee5qeuzcpj6giv4k,Szymon Marciniak,Manchester City FC,BV Borussia 09 Dortmund,Nico González,0,1,0,0,0,0,0,0,69,0,0,2,0,4,0
99,5 Nov 2025,,5g2fgbz3xee5qeuzcpj6giv4k,Szymon Marciniak,Manchester City FC,BV Borussia 09 Dortmund,J. Gvardiol,0,0,0,1,5,2,0,0,62,0,0,0,0,1,0
99,5 Nov 2025,,5g2fgbz3xee5qeuzcpj6giv4k,Szymon Marciniak,Manchester City FC,BV Borussia 09 Dortmund,J. Doku,1,0,0,1,0,3,0,0,31,0,0,0,0,2,0
99,5 Nov 2025,,5g2fgbz3xee5qeuzcpj6giv4k,Szymon Marciniak,Manchester City FC,BV Borussia 09 Dortmund,N. O'Reilly,0,0,1,0,3,0,0,1,32,0,0,2,1,3,1
99,5 Nov 2025,,5g2fgbz3xee5qeuzcpj6giv4k,Szymon Marciniak,Manchester City FC,BV Borussia 09 Dortmund,G. Donnarumma,0,0,0,0,0,1,0,0,26,0,3,0,0,1,0
99,5 Nov 2025,,5g2fgbz3xee5qeuzcpj6giv4k,Szymon Marciniak,Manchester City FC,BV Borussia 09 Dortmund,T. Reijnders,2,0,0,1,0,1,0,0,32,0,0,2,1,0,0
99,5 Nov 2025,,5g2fgbz3xee5qeuzcpj6giv4k,Szymon Marciniak,Manchester City FC,BV Borussia 09 Dortmund,P. Foden,0,0,0,6,0,1,2,0,52,0,0,4,4,0,0
99,5 Nov 2025,,5g2fgbz3xee5qeuzcpj6giv4k,Szymon Marciniak,Manchester City FC,BV Borussia 09 Dortmund,E. Haaland,0,0,1,0,1,1,1,0,16,0,0,4,3,0,0
99,5 Nov 2025,,5g2fgbz3xee5qeuzcpj6giv4k,Szymon Marciniak,Manchester City FC,BV Borussia 09 Dortmund,Rúben Dias,0,0,0,0,0,1,0,0,4,0,0,0,0,0,0
99,5 Nov 2025,,5g2fgbz3xee5qeuzcpj6giv4k,Szymon Marciniak,Manchester City FC,BV Borussia 09 Dortmund,R. Cherki,0,0,0,0,0,1,1,0,6,0,0,1,1,0,0
99,5 Nov 2025,,5g2fgbz3xee5qeuzcpj6giv4k,Szymon Marciniak,Manchester City FC,BV Borussia 09 Dortmund,Bernardo Silva,0,0,0,0,0,0,0,0,12,0,0,0,0,1,0
99,5 Nov 2025,,5g2fgbz3xee5qeuzcpj6giv4k,Szymon Marciniak,Manchester City FC,BV Borussia 09 Dortmund,R. Aït-Nouri,0,0,0,0,0,1,0,0,1,0,0,0,0,0,0
99,5 Nov 2025,,5g2fgbz3xee5qeuzcpj6giv4k,Szymon Marciniak,Manchester City FC,BV Borussia 09 Dortmund,Omar Khaled Mohamed Abdelsalam Marmoush,0,0,0,0,0,0,0,0,0,0,0,0,0,0,0
99,5 Nov 2025,,5g2fgbz3xee5qeuzcpj6giv4k,Szymon Marciniak,Manchester City FC,BV Borussia 09 Dortmund,M. Sabitzer,0,0,0,3,0,0,0,0,25,0,0,0,0,1,0
99,5 Nov 2025,,5g2fgbz3xee5qeuzcpj6giv4k,Szymon Marciniak,Manchester City FC,BV Borussia 09 Dortmund,W. Anton,0,0,0,0,1,0,1,0,81,0,0,2,2,1,0
99,5 Nov 2025,,5g2fgbz3xee5qeuzcpj6giv4k,Szymon Marciniak,Manchester City FC,BV Borussia 09 Dortmund,N. Schlotterbeck,0,0,0,0,0,2,0,0,68,0,0,0,0,1,0
99,5 Nov 2025,,5g2fgbz3xee5qeuzcpj6giv4k,Szymon Marciniak,Manchester City FC,BV Borussia 09 Dortmund,D. Svensson,0,0,1,3,1,0,0,0,30,0,0,0,0,4,1
99,5 Nov 2025,,5g2fgbz3xee5qeuzcpj6giv4k,Szymon Marciniak,Manchester City FC,BV Borussia 09 Dortmund,S. Guirassy,0,1,2,0,1,2,0,0,21,0,0,3,1,0,0
99,5 Nov 2025,,5g2fgbz3xee5qeuzcpj6giv4k,Szymon Marciniak,Manchester City FC,BV Borussia 09 Dortmund,F. Nmecha,0,0,0,0,1,0,0,0,51,0,0,1,0,1,0
99,5 Nov 2025,,5g2fgbz3xee5qeuzcpj6giv4k,Szymon Marciniak,Manchester City FC,BV Borussia 09 Dortmund,R. Bensebaini,0,0,0,0,4,1,0,0,28,0,0,0,0,2,0
99,5 Nov 2025,,5g2fgbz3xee5qeuzcpj6giv4k,Szymon Marciniak,Manchester City FC,BV Borussia 09 Dortmund,M. Beier,0,0,0,3,0,0,0,0,20,0,0,0,0,0,0
99,5 Nov 2025,,5g2fgbz3xee5qeuzcpj6giv4k,Szymon Marciniak,Manchester City FC,BV Borussia 09 Dortmund,J. Ryerson,1,0,0,8,3,1,0,0,30,0,0,1,0,2,0
99,5 Nov 2025,,5g2fgbz3xee5qeuzcpj6giv4k,Szymon Marciniak,Manchester City FC,BV Borussia 09 Dortmund,K. Adeyemi,0,2,1,3,1,3,0,0,15,0,0,5,1,2,0
99,5 Nov 2025,,5g2fgbz3xee5qeuzcpj6giv4k,Szymon Marciniak,Manchester City FC,BV Borussia 09 Dortmund,G. Kobel,0,0,0,0,0,0,0,0,25,0,8,0,0,0,0
99,5 Nov 2025,,5g2fgbz3xee5qeuzcpj6giv4k,Szymon Marciniak,Manchester City FC,BV Borussia 09 Dortmund,E. Can,0,0,0,0,1,1,0,0,29,0,0,0,0,0,0
99,5 Nov 2025,,5g2fgbz3xee5qeuzcpj6giv4k,Szymon Marciniak,Manchester City FC,BV Borussia 09 Dortmund,J. Bellingham,0,0,0,0,0,0,0,0,17,0,0,0,0,0,0
99,5 Nov 2025,,5g2fgbz3xee5qeuzcpj6giv4k,Szymon Marciniak,Manchester City FC,BV Borussia 09 Dortmund,P. Groß,0,0,0,1,2,0,0,0,16,0,0,0,0,1,0
99,5 Nov 2025,,5g2fgbz3xee5qeuzcpj6giv4k,Szymon Marciniak,Manchester City FC,BV Borussia 09 Dortmund,C. Chukwuemeka,0,0,0,0,0,0,0,0,13,0,0,0,0,0,0
99,5 Nov 2025,,5g2fgbz3xee5qeuzcpj6giv4k,Szymon Marciniak,Manchester City FC,BV Borussia 09 Dortmund,Fábio Silva,0,0,0,0,2,0,0,0,3,0,0,0,0,0,0
100,5 Nov 2025,,5gj09fi5vmedayoh6kb4q08pg,Ivan Kružliak,Newcastle United FC,Athletic Club,M. Thiaw,0,0,0,0,0,0,0,0,77,0,0,0,0,1,0
100,5 Nov 2025,,5gj09fi5vmedayoh6kb4q08pg,Ivan Kružliak,Newcastle United FC,Athletic Club,K. Trippier,1,0,1,4,1,0,0,1,52,0,0,0,0,4,0
100,5 Nov 2025,,5gj09fi5vmedayoh6kb4q08pg,Ivan Kružliak,Newcastle United FC,Athletic Club,S. Botman,0,0,0,0,0,1,0,0,74,0,0,1,1,1,0
100,5 Nov 2025,,5gj09fi5vmedayoh6kb4q08pg,Ivan Kružliak,Newcastle United FC,Athletic Club,Joelinton,0,0,0,0,2,0,1,1,41,0,0,2,2,3,0
100,5 Nov 2025,,5gj09fi5vmedayoh6kb4q08pg,Ivan Kružliak,Newcastle United FC,Athletic Club,A. Gordon,0,0,0,0,0,0,0,0,8,0,0,0,0,0,0
100,5 Nov 2025,,5gj09fi5vmedayoh6kb4q08pg,Ivan Kružliak,Newcastle United FC,Athletic Club,D. Burn,0,0,0,0,0,1,1,0,49,0,0,2,1,2,0
100,5 Nov 2025,,5gj09fi5vmedayoh6kb4q08pg,Ivan Kružliak,Newcastle United FC,Athletic Club,S. Tonali,0,0,0,2,1,5,0,1,62,0,0,0,0,1,0
100,5 Nov 2025,,5gj09fi5vmedayoh6kb4q08pg,Ivan Kružliak,Newcastle United FC,Athletic Club,N. Pope,0,0,0,0,0,0,0,0,36,0,5,0,0,0,0
100,5 Nov 2025,,5gj09fi5vmedayoh6kb4q08pg,Ivan Kružliak,Newcastle United FC,Athletic Club,N. Woltemade,0,0,0,0,1,2,0,0,12,0,0,1,0,1,0
100,5 Nov 2025,,5gj09fi5vmedayoh6kb4q08pg,Ivan Kružliak,Newcastle United FC,Athletic Club,Bruno Guimarães,0,0,0,0,2,2,0,0,33,0,0,0,0,1,0
100,5 Nov 2025,,5gj09fi5vmedayoh6kb4q08pg,Ivan Kružliak,Newcastle United FC,Athletic Club,H. Barnes,1,1,0,2,0,0,0,0,17,0,0,1,0,0,0
100,5 Nov 2025,,5gj09fi5vmedayoh6kb4q08pg,Ivan Kružliak,Newcastle United FC,Athletic Club,J. Murphy,0,0,1,2,1,0,0,0,13,0,0,0,0,2,0
100,5 Nov 2025,,5gj09fi5vmedayoh6kb4q08pg,Ivan Kružliak,Newcastle United FC,Athletic Club,L. Hall,0,0,0,0,1,0,0,0,17,0,0,0,0,0,0
100,5 Nov 2025,,5gj09fi5vmedayoh6kb4q08pg,Ivan Kružliak,Newcastle United FC,Athletic Club,L. Miley,0,0,0,0,1,0,0,0,13,0,0,0,0,1,0
100,5 Nov 2025,,5gj09fi5vmedayoh6kb4q08pg,Ivan Kružliak,Newcastle United FC,Athletic Club,A. Elanga,0,1,0,0,1,1,0,0,11,0,0,1,0,0,0
100,5 Nov 2025,,5gj09fi5vmedayoh6kb4q08pg,Ivan Kružliak,Newcastle United FC,Athletic Club,J. Ramsey,0,0,0,0,0,0,0,0,1,0,0,0,0,1,0
100,5 Nov 2025,,5gj09fi5vmedayoh6kb4q08pg,Ivan Kružliak,Newcastle United FC,Athletic Club,Unai Gómez,0,1,1,0,1,0,0,0,6,0,0,3,1,0,0
100,5 Nov 2025,,5gj09fi5vmedayoh6kb4q08pg,Ivan Kružliak,Newcastle United FC,Athletic Club,Unai Simón,0,0,0,0,0,0,0,0,39,0,2,0,0,0,0
100,5 Nov 2025,,5gj09fi5vmedayoh6kb4q08pg,Ivan Kružliak,Newcastle United FC,Athletic Club,Mikel Vesga,0,0,0,0,2,0,0,0,32,0,0,0,0,1,0
100,5 Nov 2025,,5gj09fi5vmedayoh6kb4q08pg,Ivan Kružliak,Newcastle United FC,Athletic Club,Alex Berenguer,0,0,1,10,0,1,0,0,32,0,0,0,0,1,0
100,5 Nov 2025,,5gj09fi5vmedayoh6kb4q08pg,Ivan Kružliak,Newcastle United FC,Athletic Club,Adama Boiro,0,0,0,0,0,1,0,0,30,0,0,1,0,1,0
100,5 Nov 2025,,5gj09fi5vmedayoh6kb4q08pg,Ivan Kružliak,Newcastle United FC,Athletic Club,Aitor Paredes,0,0,0,0,2,2,0,0,51,0,0,0,0,2,1
100,5 Nov 2025,,5gj09fi5vmedayoh6kb4q08pg,Ivan Kružliak,Newcastle United FC,Athletic Club,Dani Vivian,0,0,0,0,0,2,0,0,45,0,0,1,0,1,0
100,5 Nov 2025,,5gj09fi5vmedayoh6kb4q08pg,Ivan Kružliak,Newcastle United FC,Athletic Club,Jesús Areso,0,0,2,1,1,0,0,0,17,0,0,0,0,7,1
100,5 Nov 2025,,5gj09fi5vmedayoh6kb4q08pg,Ivan Kružliak,Newcastle United FC,Athletic Club,Robert Navarro,0,1,0,1,2,1,0,0,14,0,0,1,0,1,0
100,5 Nov 2025,,5gj09fi5vmedayoh6kb4q08pg,Ivan Kružliak,Newcastle United FC,Athletic Club,Alejandro Rego,0,0,0,0,2,0,0,0,23,0,0,0,0,4,0
100,5 Nov 2025,,5gj09fi5vmedayoh6kb4q08pg,Ivan Kružliak,Newcastle United FC,Athletic Club,Mikel Jauregizar,0,0,0,1,2,1,0,0,22,0,0,0,0,1,0
100,5 Nov 2025,,5gj09fi5vmedayoh6kb4q08pg,Ivan Kružliak,Newcastle United FC,Athletic Club,Selton Sánchez,0,0,0,0,0,1,0,0,10,0,0,0,0,0,0
100,5 Nov 2025,,5gj09fi5vmedayoh6kb4q08pg,Ivan Kružliak,Newcastle United FC,Athletic Club,Nico Serrano,0,0,1,2,0,0,0,0,7,0,0,4,4,0,0
100,5 Nov 2025,,5gj09fi5vmedayoh6kb4q08pg,Ivan Kružliak,Newcastle United FC,Athletic Club,Asier Hierro,0,1,0,0,0,0,0,0,7,0,0,2,0,0,0
100,5 Nov 2025,,5gj09fi5vmedayoh6kb4q08pg,Ivan Kružliak,Newcastle United FC,Athletic Club,Íñigo Ruíz de Galarreta,0,0,0,0,1,0,0,0,16,0,0,0,0,0,0
100,5 Nov 2025,,5gj09fi5vmedayoh6kb4q08pg,Ivan Kružliak,Newcastle United FC,Athletic Club,Andoni Gorosabel,0,0,0,2,0,0,0,0,7,0,0,0,0,0,0
101,5 Nov 2025,,5gvvzdmzgkymkhsskiiyiwdg4,José María Sánchez Martínez,Olympique de Marseille,Atalanta Bergamasca Calcio,N. Aguerd,0,1,0,0,1,0,0,0,64,0,0,1,0,3,1
101,5 Nov 2025,,5gvvzdmzgkymkhsskiiyiwdg4,José María Sánchez Martínez,Olympique de Marseille,Atalanta Bergamasca Calcio,B. Pavard,0,0,0,0,1,1,0,0,47,0,0,1,0,1,0
101,5 Nov 2025,,5gvvzdmzgkymkhsskiiyiwdg4,José María Sánchez Martínez,Olympique de Marseille,Atalanta Bergamasca Calcio,M. O'Riley,0,1,0,0,5,1,0,0,57,0,0,1,0,3,1
101,5 Nov 2025,,5gvvzdmzgkymkhsskiiyiwdg4,José María Sánchez Martínez,Olympique de Marseille,Atalanta Bergamasca Calcio,P. Højbjerg,0,1,0,0,2,3,0,0,83,0,0,2,0,1,0
101,5 Nov 2025,,5gvvzdmzgkymkhsskiiyiwdg4,José María Sánchez Martínez,Olympique de Marseille,Atalanta Bergamasca Calcio,U. Garcia,0,0,0,2,0,0,0,0,24,0,0,1,0,3,0
101,5 Nov 2025,,5gvvzdmzgkymkhsskiiyiwdg4,José María Sánchez Martínez,Olympique de Marseille,Atalanta Bergamasca Calcio,C. Egan-Riley,0,0,0,0,0,0,0,0,46,0,0,0,0,4,0
101,5 Nov 2025,,5gvvzdmzgkymkhsskiiyiwdg4,José María Sánchez Martínez,Olympique de Marseille,Atalanta Bergamasca Calcio,G. Rulli,0,0,0,0,1,0,0,0,34,0,2,0,0,0,0
101,5 Nov 2025,,5gvvzdmzgkymkhsskiiyiwdg4,José María Sánchez Martínez,Olympique de Marseille,Atalanta Bergamasca Calcio,P. Aubameyang,0,0,2,2,0,1,0,1,24,0,0,2,1,1,0
101,5 Nov 2025,,5gvvzdmzgkymkhsskiiyiwdg4,José María Sánchez Martínez,Olympique de Marseille,Atalanta Bergamasca Calcio,A. Murillo,0,0,1,2,2,1,0,0,27,0,0,2,1,0,0
101,5 Nov 2025,,5gvvzdmzgkymkhsskiiyiwdg4,José María Sánchez Martínez,Olympique de Marseille,Atalanta Bergamasca Calcio,M. Greenwood,0,2,3,9,1,5,0,0,43,0,0,4,2,2,0
101,5 Nov 2025,,5gvvzdmzgkymkhsskiiyiwdg4,José María Sánchez Martínez,Olympique de Marseille,Atalanta Bergamasca Calcio,Igor Paixão,0,0,0,1,0,2,0,1,19,0,0,0,0,1,0
101,5 Nov 2025,,5gvvzdmzgkymkhsskiiyiwdg4,José María Sánchez Martínez,Olympique de Marseille,Atalanta Bergamasca Calcio,R. Vaz,0,0,0,0,0,1,0,1,10,0,0,0,0,0,0
101,5 Nov 2025,,5gvvzdmzgkymkhsskiiyiwdg4,José María Sánchez Martínez,Olympique de Marseille,Atalanta Bergamasca Calcio,A. Gomes,0,0,1,3,0,1,0,0,11,0,0,1,0,0,0
101,5 Nov 2025,,5gvvzdmzgkymkhsskiiyiwdg4,José María Sánchez Martínez,Olympique de Marseille,Atalanta Bergamasca Calcio,T. Mmadi,0,0,0,1,0,0,0,0,0,0,0,0,0,0,0
101,5 Nov 2025,,5gvvzdmzgkymkhsskiiyiwdg4,José María Sánchez Martínez,Olympique de Marseille,Atalanta Bergamasca Calcio,M. de Roon,0,0,0,0,0,0,0,0,38,0,0,0,0,0,0
101,5 Nov 2025,,5gvvzdmzgkymkhsskiiyiwdg4,José María Sánchez Martínez,Olympique de Marseille,Atalanta Bergamasca Calcio,M. Carnesecchi,0,0,0,0,0,0,0,0,53,0,4,0,0,0,0
101,5 Nov 2025,,5gvvzdmzgkymkhsskiiyiwdg4,José María Sánchez Martínez,Olympique de Marseille,Atalanta Bergamasca Calcio,O. Kossounou,0,0,0,0,2,0,0,0,47,0,0,0,0,0,1
101,5 Nov 2025,,5gvvzdmzgkymkhsskiiyiwdg4,José María Sánchez Martínez,Olympique de Marseille,Atalanta Bergamasca Calcio,H. Ahanor,0,0,0,0,2,3,0,0,41,0,0,0,0,1,0
101,5 Nov 2025,,5gvvzdmzgkymkhsskiiyiwdg4,José María Sánchez Martínez,Olympique de Marseille,Atalanta Bergamasca Calcio,D. Zappacosta,0,0,1,1,2,1,0,0,38,0,0,0,0,2,0
101,5 Nov 2025,,5gvvzdmzgkymkhsskiiyiwdg4,José María Sánchez Martínez,Olympique de Marseille,Atalanta Bergamasca Calcio,C. De Ketelaere,0,0,1,1,1,2,0,1,28,0,0,2,2,3,0
101,5 Nov 2025,,5gvvzdmzgkymkhsskiiyiwdg4,José María Sánchez Martínez,Olympique de Marseille,Atalanta Bergamasca Calcio,N. Krstović,0,0,0,0,1,3,0,1,20,0,0,1,0,0,0
101,5 Nov 2025,,5gvvzdmzgkymkhsskiiyiwdg4,José María Sánchez Martínez,Olympique de Marseille,Atalanta Bergamasca Calcio,B. Djimsiti,0,0,0,0,1,0,0,0,56,0,0,0,0,1,0
101,5 Nov 2025,,5gvvzdmzgkymkhsskiiyiwdg4,José María Sánchez Martínez,Olympique de Marseille,Atalanta Bergamasca Calcio,R. Bellanova,0,0,1,2,0,0,0,0,23,0,0,1,0,1,1
101,5 Nov 2025,,5gvvzdmzgkymkhsskiiyiwdg4,José María Sánchez Martínez,Olympique de Marseille,Atalanta Bergamasca Calcio,Éderson,1,0,0,0,3,3,0,0,35,0,0,1,0,1,1
101,5 Nov 2025,,5gvvzdmzgkymkhsskiiyiwdg4,José María Sánchez Martínez,Olympique de Marseille,Atalanta Bergamasca Calcio,A. Lookman,0,2,0,2,1,0,0,2,16,0,0,2,0,0,0
101,5 Nov 2025,,5gvvzdmzgkymkhsskiiyiwdg4,José María Sánchez Martínez,Olympique de Marseille,Atalanta Bergamasca Calcio,M. Pašalić,0,0,0,0,2,0,0,0,19,0,0,0,0,0,0
101,5 Nov 2025,,5gvvzdmzgkymkhsskiiyiwdg4,José María Sánchez Martínez,Olympique de Marseille,Atalanta Bergamasca Calcio,I. Hien,0,0,0,0,2,0,0,0,11,0,0,0,0,1,0
101,5 Nov 2025,,5gvvzdmzgkymkhsskiiyiwdg4,José María Sánchez Martínez,Olympique de Marseille,Atalanta Bergamasca Calcio,Y. Musah,0,0,0,0,0,0,0,0,7,0,0,0,0,0,0
101,5 Nov 2025,,5gvvzdmzgkymkhsskiiyiwdg4,José María Sánchez Martínez,Olympique de Marseille,Atalanta Bergamasca Calcio,G. Scamacca,0,0,0,0,0,0,0,0,4,0,0,0,0,0,0
101,5 Nov 2025,,5gvvzdmzgkymkhsskiiyiwdg4,José María Sánchez Martínez,Olympique de Marseille,Atalanta Bergamasca Calcio,L. Samardžić,0,0,0,0,0,0,1,0,4,0,0,1,1,0,0
102,5 Nov 2025,,5h8w7ietnomxr4a3b88ewwk5w,Simone Sozza,SL Benfica,Bayer 04 Leverkusen,N. Otamendi,0,0,0,0,4,1,0,0,83,0,0,3,1,1,1
102,5 Nov 2025,,5h8w7ietnomxr4a3b88ewwk5w,Simone Sozza,SL Benfica,Bayer 04 Leverkusen,H. Sudakov,0,1,0,5,1,1,0,0,35,0,0,1,0,2,0
102,5 Nov 2025,,5h8w7ietnomxr4a3b88ewwk5w,Simone Sozza,SL Benfica,Bayer 04 Leverkusen,E. Barrenechea,0,0,0,0,0,2,0,0,75,0,0,0,0,1,0
102,5 Nov 2025,,5h8w7ietnomxr4a3b88ewwk5w,Simone Sozza,SL Benfica,Bayer 04 Leverkusen,S. Dahl,0,0,0,0,0,1,0,0,29,0,0,1,0,5,0
102,5 Nov 2025,,5h8w7ietnomxr4a3b88ewwk5w,Simone Sozza,SL Benfica,Bayer 04 Leverkusen,Tomás Araújo,0,0,0,1,0,0,0,0,61,0,0,0,0,3,0
102,5 Nov 2025,,5h8w7ietnomxr4a3b88ewwk5w,Simone Sozza,SL Benfica,Bayer 04 Leverkusen,D. Lukébakio,0,2,0,3,1,0,0,0,38,0,0,8,3,0,1
102,5 Nov 2025,,5h8w7ietnomxr4a3b88ewwk5w,Simone Sozza,SL Benfica,Bayer 04 Leverkusen,F. Aursnes,0,0,1,6,0,0,0,0,56,0,0,1,0,3,0
102,5 Nov 2025,,5h8w7ietnomxr4a3b88ewwk5w,Simone Sozza,SL Benfica,Bayer 04 Leverkusen,L. Barreiro,0,1,1,2,0,2,0,0,14,0,0,2,0,1,0
102,5 Nov 2025,,5h8w7ietnomxr4a3b88ewwk5w,Simone Sozza,SL Benfica,Bayer 04 Leverkusen,A. Trubin,0,0,0,0,0,0,0,0,27,0,2,0,0,0,0
102,5 Nov 2025,,5h8w7ietnomxr4a3b88ewwk5w,Simone Sozza,SL Benfica,Bayer 04 Leverkusen,R. Ríos,0,1,0,2,0,0,0,0,57,0,0,2,1,1,0
102,5 Nov 2025,,5h8w7ietnomxr4a3b88ewwk5w,Simone Sozza,SL Benfica,Bayer 04 Leverkusen,V. Pavlidis,0,0,2,0,1,1,0,0,19,0,0,2,1,0,0
102,5 Nov 2025,,5h8w7ietnomxr4a3b88ewwk5w,Simone Sozza,SL Benfica,Bayer 04 Leverkusen,A. Dedić,0,0,1,1,0,0,0,0,13,0,0,0,0,0,0
102,5 Nov 2025,,5h8w7ietnomxr4a3b88ewwk5w,Simone Sozza,SL Benfica,Bayer 04 Leverkusen,A. Schjelderup,0,1,1,4,0,0,0,0,14,0,0,1,0,1,0
102,5 Nov 2025,,5h8w7ietnomxr4a3b88ewwk5w,Simone Sozza,SL Benfica,Bayer 04 Leverkusen,G. Prestianni,0,0,0,2,0,1,0,0,9,0,0,0,0,0,0
102,5 Nov 2025,,5h8w7ietnomxr4a3b88ewwk5w,Simone Sozza,SL Benfica,Bayer 04 Leverkusen,C. Echeverri,0,0,0,0,0,1,0,0,28,0,0,0,0,0,0
102,5 Nov 2025,,5h8w7ietnomxr4a3b88ewwk5w,Simone Sozza,SL Benfica,Bayer 04 Leverkusen,E. Tapsoba,0,0,0,0,2,0,0,0,66,0,0,0,0,3,1
102,5 Nov 2025,,5h8w7ietnomxr4a3b88ewwk5w,Simone Sozza,SL Benfica,Bayer 04 Leverkusen,Arthur,0,0,0,1,1,1,0,0,18,0,0,0,0,1,0
102,5 Nov 2025,,5h8w7ietnomxr4a3b88ewwk5w,Simone Sozza,SL Benfica,Bayer 04 Leverkusen,J. Quansah,0,0,0,0,0,0,0,0,52,0,0,0,0,0,0
102,5 Nov 2025,,5h8w7ietnomxr4a3b88ewwk5w,Simone Sozza,SL Benfica,Bayer 04 Leverkusen,L. Badé,0,0,0,0,0,1,0,0,75,0,0,0,0,3,0
102,5 Nov 2025,,5h8w7ietnomxr4a3b88ewwk5w,Simone Sozza,SL Benfica,Bayer 04 Leverkusen,Aleix García,0,0,0,0,0,0,0,0,60,0,0,0,0,1,0
102,5 Nov 2025,,5h8w7ietnomxr4a3b88ewwk5w,Simone Sozza,SL Benfica,Bayer 04 Leverkusen,E. Poku,0,0,0,0,0,0,0,0,19,0,0,1,0,0,0
102,5 Nov 2025,,5h8w7ietnomxr4a3b88ewwk5w,Simone Sozza,SL Benfica,Bayer 04 Leverkusen,Alejandro Grimaldo,0,0,0,2,0,1,0,0,54,0,0,1,0,5,0
102,5 Nov 2025,,5h8w7ietnomxr4a3b88ewwk5w,Simone Sozza,SL Benfica,Bayer 04 Leverkusen,M. Flekken,0,0,0,0,0,0,0,0,43,0,5,0,0,1,0
102,5 Nov 2025,,5h8w7ietnomxr4a3b88ewwk5w,Simone Sozza,SL Benfica,Bayer 04 Leverkusen,I. Maza,0,1,0,0,4,1,0,0,34,0,0,2,0,3,1
102,5 Nov 2025,,5h8w7ietnomxr4a3b88ewwk5w,Simone Sozza,SL Benfica,Bayer 04 Leverkusen,C. Kofane,0,0,0,0,1,0,0,0,8,0,0,1,1,0,0
102,5 Nov 2025,,5h8w7ietnomxr4a3b88ewwk5w,Simone Sozza,SL Benfica,Bayer 04 Leverkusen,P. Schick,0,0,0,0,0,2,1,1,10,0,0,2,2,0,0
102,5 Nov 2025,,5h8w7ietnomxr4a3b88ewwk5w,Simone Sozza,SL Benfica,Bayer 04 Leverkusen,M. Tillman,0,0,0,0,1,0,0,1,9,0,0,0,0,3,1
102,5 Nov 2025,,5h8w7ietnomxr4a3b88ewwk5w,Simone Sozza,SL Benfica,Bayer 04 Leverkusen,E. Ben Seghir,0,0,0,0,0,0,0,0,5,0,0,0,0,0,0
103,25 Nov 2025,,5hnjhjd2o2wd899g579xeg6c4,Sven Jablonski,AFC Ajax,SL Benfica,O. Wijndal,0,0,2,5,0,2,0,0,39,0,0,0,0,1,0
103,25 Nov 2025,,5hnjhjd2o2wd899g579xeg6c4,Sven Jablonski,AFC Ajax,SL Benfica,K. Itakura,0,0,0,0,3,0,0,0,79,0,0,0,0,3,0
103,25 Nov 2025,,5hnjhjd2o2wd899g579xeg6c4,Sven Jablonski,AFC Ajax,SL Benfica,W. Weghorst,0,0,1,0,4,1,0,0,17,0,0,1,0,0,1
103,25 Nov 2025,,5hnjhjd2o2wd899g579xeg6c4,Sven Jablonski,AFC Ajax,SL Benfica,Y. Baas,0,0,0,1,1,1,0,0,100,0,0,0,0,3,0
103,25 Nov 2025,,5hnjhjd2o2wd899g579xeg6c4,Sven Jablonski,AFC Ajax,SL Benfica,M. Godts,0,0,0,2,0,0,0,0,38,0,0,1,0,0,0
103,25 Nov 2025,,5hnjhjd2o2wd899g579xeg6c4,Sven Jablonski,AFC Ajax,SL Benfica,K. Taylor,0,0,3,6,1,1,0,0,53,0,0,0,0,4,0
103,25 Nov 2025,,5hnjhjd2o2wd899g579xeg6c4,Sven Jablonski,AFC Ajax,SL Benfica,D. Klaassen,0,0,0,0,2,2,0,0,24,0,0,2,1,0,0
103,25 Nov 2025,,5hnjhjd2o2wd899g579xeg6c4,Sven Jablonski,AFC Ajax,SL Benfica,R. Bounida,0,1,2,7,1,0,0,0,51,0,0,2,1,2,0
103,25 Nov 2025,,5hnjhjd2o2wd899g579xeg6c4,Sven Jablonski,AFC Ajax,SL Benfica,J. Šutalo,0,0,0,0,1,0,0,0,128,0,0,0,0,0,0
103,25 Nov 2025,,5hnjhjd2o2wd899g579xeg6c4,Sven Jablonski,AFC Ajax,SL Benfica,Y. Regeer,0,0,0,4,0,0,0,0,58,0,0,0,0,0,0
103,25 Nov 2025,,5hnjhjd2o2wd899g579xeg6c4,Sven Jablonski,AFC Ajax,SL Benfica,V. Jaroš,0,0,0,0,0,0,0,0,45,0,2,0,0,0,0
103,25 Nov 2025,,5hnjhjd2o2wd899g579xeg6c4,Sven Jablonski,AFC Ajax,SL Benfica,J. Mokio,0,0,1,2,0,0,0,0,18,0,0,0,0,1,0
103,25 Nov 2025,,5hnjhjd2o2wd899g579xeg6c4,Sven Jablonski,AFC Ajax,SL Benfica,K. Fitz-Jim,0,0,0,0,1,0,0,0,6,0,0,0,0,1,0
103,25 Nov 2025,,5hnjhjd2o2wd899g579xeg6c4,Sven Jablonski,AFC Ajax,SL Benfica,O. Gloukh,0,0,1,1,0,0,0,0,7,0,0,1,1,0,0
103,25 Nov 2025,,5hnjhjd2o2wd899g579xeg6c4,Sven Jablonski,AFC Ajax,SL Benfica,K. Dolberg,0,0,0,0,1,0,0,0,1,0,0,0,0,0,0
103,25 Nov 2025,,5hnjhjd2o2wd899g579xeg6c4,Sven Jablonski,AFC Ajax,SL Benfica,Raúl Moro,0,0,0,0,0,0,0,0,1,0,0,0,0,0,0
103,25 Nov 2025,,5hnjhjd2o2wd899g579xeg6c4,Sven Jablonski,AFC Ajax,SL Benfica,V. Pavlidis,0,1,1,0,0,1,0,0,25,0,0,4,0,0,0
103,25 Nov 2025,,5hnjhjd2o2wd899g579xeg6c4,Sven Jablonski,AFC Ajax,SL Benfica,N. Otamendi,0,0,0,0,0,2,0,0,46,0,0,0,0,3,0
103,25 Nov 2025,,5hnjhjd2o2wd899g579xeg6c4,Sven Jablonski,AFC Ajax,SL Benfica,L. Barreiro,0,1,0,0,5,2,1,0,24,0,0,2,1,1,0
103,25 Nov 2025,,5hnjhjd2o2wd899g579xeg6c4,Sven Jablonski,AFC Ajax,SL Benfica,F. Aursnes,1,0,1,2,0,0,0,0,36,0,0,0,0,1,0
103,25 Nov 2025,,5hnjhjd2o2wd899g579xeg6c4,Sven Jablonski,AFC Ajax,SL Benfica,A. Dedić,0,0,1,1,1,2,0,0,35,0,0,1,1,2,0
103,25 Nov 2025,,5hnjhjd2o2wd899g579xeg6c4,Sven Jablonski,AFC Ajax,SL Benfica,António Silva,0,0,0,0,0,1,0,0,50,0,0,0,0,1,0
103,25 Nov 2025,,5hnjhjd2o2wd899g579xeg6c4,Sven Jablonski,AFC Ajax,SL Benfica,R. Ríos,0,0,0,0,1,2,0,0,39,0,0,1,1,0,0
103,25 Nov 2025,,5hnjhjd2o2wd899g579xeg6c4,Sven Jablonski,AFC Ajax,SL Benfica,H. Sudakov,0,1,0,6,0,1,0,0,29,0,0,1,0,2,0
103,25 Nov 2025,,5hnjhjd2o2wd899g579xeg6c4,Sven Jablonski,AFC Ajax,SL Benfica,E. Barrenechea,0,0,0,0,0,2,0,0,57,0,0,1,0,0,0
103,25 Nov 2025,,5hnjhjd2o2wd899g579xeg6c4,Sven Jablonski,AFC Ajax,SL Benfica,S. Dahl,0,0,1,2,1,1,1,0,33,0,0,1,1,5,1
103,25 Nov 2025,,5hnjhjd2o2wd899g579xeg6c4,Sven Jablonski,AFC Ajax,SL Benfica,A. Trubin,0,0,0,0,0,0,0,0,21,0,4,0,0,0,0
103,25 Nov 2025,,5hnjhjd2o2wd899g579xeg6c4,Sven Jablonski,AFC Ajax,SL Benfica,Tomás Araújo,0,0,0,0,0,0,0,0,7,0,0,0,0,0,0
103,25 Nov 2025,,5hnjhjd2o2wd899g579xeg6c4,Sven Jablonski,AFC Ajax,SL Benfica,Manu Silva,0,0,0,0,0,0,0,0,3,0,0,0,0,0,0
103,25 Nov 2025,,5hnjhjd2o2wd899g579xeg6c4,Sven Jablonski,AFC Ajax,SL Benfica,Rodrigo Rêgo,0,0,0,0,0,0,0,0,0,0,0,0,0,0,0
104,25 Nov 2025,,5i0c80gxlounme20ekaqrx0yc,José María Sánchez Martínez,Galatasaray Spor Kulübü,Royale Union Saint-Gilloise,A. Bardakcı,0,0,0,1,1,0,0,0,79,0,0,1,1,4,0
104,25 Nov 2025,,5i0c80gxlounme20ekaqrx0yc,José María Sánchez Martínez,Galatasaray Spor Kulübü,Royale Union Saint-Gilloise,I. Jakobs,0,0,1,2,0,1,0,0,32,0,0,0,0,2,0
104,25 Nov 2025,,5i0c80gxlounme20ekaqrx0yc,José María Sánchez Martínez,Galatasaray Spor Kulübü,Royale Union Saint-Gilloise,İ. Gündoğan,0,0,0,0,1,1,0,0,60,0,0,0,0,0,1
104,25 Nov 2025,,5i0c80gxlounme20ekaqrx0yc,José María Sánchez Martínez,Galatasaray Spor Kulübü,Royale Union Saint-Gilloise,L. Sané,0,1,1,2,0,0,0,0,41,0,0,1,0,1,0
104,25 Nov 2025,,5i0c80gxlounme20ekaqrx0yc,José María Sánchez Martínez,Galatasaray Spor Kulübü,Royale Union Saint-Gilloise,L. Torreira,0,0,0,0,0,3,0,0,87,0,0,1,0,3,1
104,25 Nov 2025,,5i0c80gxlounme20ekaqrx0yc,José María Sánchez Martínez,Galatasaray Spor Kulübü,Royale Union Saint-Gilloise,R. Sallai,0,0,0,6,3,2,0,0,61,0,0,0,0,3,0
104,25 Nov 2025,,5i0c80gxlounme20ekaqrx0yc,José María Sánchez Martínez,Galatasaray Spor Kulübü,Royale Union Saint-Gilloise,D. Sánchez,0,0,0,2,1,1,0,0,59,0,0,2,0,3,1
104,25 Nov 2025,,5i0c80gxlounme20ekaqrx0yc,José María Sánchez Martínez,Galatasaray Spor Kulübü,Royale Union Saint-Gilloise,B. Yılmaz,0,0,0,6,1,4,0,1,20,0,0,2,1,0,0
104,25 Nov 2025,,5i0c80gxlounme20ekaqrx0yc,José María Sánchez Martínez,Galatasaray Spor Kulübü,Royale Union Saint-Gilloise,M. Icardi,0,1,0,0,0,0,0,0,8,0,0,3,0,0,0
104,25 Nov 2025,,5i0c80gxlounme20ekaqrx0yc,José María Sánchez Martínez,Galatasaray Spor Kulübü,Royale Union Saint-Gilloise,Gabriel Sara,0,0,2,9,1,1,0,0,36,0,0,4,1,2,0
104,25 Nov 2025,,5i0c80gxlounme20ekaqrx0yc,José María Sánchez Martínez,Galatasaray Spor Kulübü,Royale Union Saint-Gilloise,U. Çakır,0,0,0,0,0,1,0,0,40,0,4,0,0,0,0
104,25 Nov 2025,,5i0c80gxlounme20ekaqrx0yc,José María Sánchez Martínez,Galatasaray Spor Kulübü,Royale Union Saint-Gilloise,A. Ünyay,0,0,0,0,1,0,0,0,25,1,0,1,0,2,2
104,25 Nov 2025,,5i0c80gxlounme20ekaqrx0yc,José María Sánchez Martínez,Galatasaray Spor Kulübü,Royale Union Saint-Gilloise,A. Zorgane,1,0,1,0,0,0,0,0,51,0,0,1,1,6,0
104,25 Nov 2025,,5i0c80gxlounme20ekaqrx0yc,José María Sánchez Martínez,Galatasaray Spor Kulübü,Royale Union Saint-Gilloise,K. Scherpen,0,0,0,0,0,0,0,0,26,0,2,0,0,0,0
104,25 Nov 2025,,5i0c80gxlounme20ekaqrx0yc,José María Sánchez Martínez,Galatasaray Spor Kulübü,Royale Union Saint-Gilloise,C. Burgess,0,0,0,0,0,0,0,0,32,0,0,1,0,0,0
104,25 Nov 2025,,5i0c80gxlounme20ekaqrx0yc,José María Sánchez Martínez,Galatasaray Spor Kulübü,Royale Union Saint-Gilloise,A. Ait El Hadj,0,0,1,5,0,1,0,0,17,0,0,0,0,3,0
104,25 Nov 2025,,5i0c80gxlounme20ekaqrx0yc,José María Sánchez Martínez,Galatasaray Spor Kulübü,Royale Union Saint-Gilloise,K. Van de Perre,0,0,0,0,1,0,0,0,35,0,0,0,0,7,0
104,25 Nov 2025,,5i0c80gxlounme20ekaqrx0yc,José María Sánchez Martínez,Galatasaray Spor Kulübü,Royale Union Saint-Gilloise,O. Niang,0,2,1,2,0,1,0,1,14,0,0,2,0,2,0
104,25 Nov 2025,,5i0c80gxlounme20ekaqrx0yc,José María Sánchez Martínez,Galatasaray Spor Kulübü,Royale Union Saint-Gilloise,R. Sykes,0,1,0,0,2,1,0,0,15,0,0,2,0,1,0
104,25 Nov 2025,,5i0c80gxlounme20ekaqrx0yc,José María Sánchez Martínez,Galatasaray Spor Kulübü,Royale Union Saint-Gilloise,K. Mac Allister,0,0,1,0,3,3,0,0,29,0,0,0,0,4,0
104,25 Nov 2025,,5i0c80gxlounme20ekaqrx0yc,José María Sánchez Martínez,Galatasaray Spor Kulübü,Royale Union Saint-Gilloise,A. Khalaili,0,0,0,0,1,0,0,0,35,0,0,1,0,9,1
104,25 Nov 2025,,5i0c80gxlounme20ekaqrx0yc,José María Sánchez Martínez,Galatasaray Spor Kulübü,Royale Union Saint-Gilloise,P. David,0,0,0,0,2,0,1,2,7,0,0,3,1,1,1
104,25 Nov 2025,,5i0c80gxlounme20ekaqrx0yc,José María Sánchez Martínez,Galatasaray Spor Kulübü,Royale Union Saint-Gilloise,R. Florucz,0,1,1,4,4,0,0,0,8,0,0,2,1,1,0
104,25 Nov 2025,,5i0c80gxlounme20ekaqrx0yc,José María Sánchez Martínez,Galatasaray Spor Kulübü,Royale Union Saint-Gilloise,K. Rodríguez,0,0,0,0,3,0,0,0,3,0,0,3,2,0,0
104,25 Nov 2025,,5i0c80gxlounme20ekaqrx0yc,José María Sánchez Martínez,Galatasaray Spor Kulübü,Royale Union Saint-Gilloise,S. Boufal,0,0,0,0,1,1,0,1,6,0,0,0,0,0,0
104,25 Nov 2025,,5i0c80gxlounme20ekaqrx0yc,José María Sánchez Martínez,Galatasaray Spor Kulübü,Royale Union Saint-Gilloise,R. Schoofs,0,0,0,0,0,0,0,0,6,0,0,1,0,0,0
104,25 Nov 2025,,5i0c80gxlounme20ekaqrx0yc,José María Sánchez Martínez,Galatasaray Spor Kulübü,Royale Union Saint-Gilloise,F. Leysen,0,0,0,0,0,0,0,0,3,0,0,0,0,0,0
105,25 Nov 2025,,5ift1ypsxbwlm3fh0yqke8h04,Davide Massa,BV Borussia 09 Dortmund,Villarreal CF,F. Nmecha,0,1,0,0,0,1,0,0,59,0,0,1,0,2,0
105,25 Nov 2025,,5ift1ypsxbwlm3fh0yqke8h04,Davide Massa,BV Borussia 09 Dortmund,Villarreal CF,W. Anton,0,0,0,0,1,0,0,0,68,0,0,0,0,0,0
105,25 Nov 2025,,5ift1ypsxbwlm3fh0yqke8h04,Davide Massa,BV Borussia 09 Dortmund,Villarreal CF,D. Svensson,0,0,1,4,3,1,1,0,43,0,0,1,1,3,0
105,25 Nov 2025,,5ift1ypsxbwlm3fh0yqke8h04,Davide Massa,BV Borussia 09 Dortmund,Villarreal CF,Yan Couto,0,0,1,6,4,0,0,0,55,0,0,1,0,5,0
105,25 Nov 2025,,5ift1ypsxbwlm3fh0yqke8h04,Davide Massa,BV Borussia 09 Dortmund,Villarreal CF,N. Schlotterbeck,0,0,0,0,1,1,0,0,98,0,0,0,0,3,0
105,25 Nov 2025,,5ift1ypsxbwlm3fh0yqke8h04,Davide Massa,BV Borussia 09 Dortmund,Villarreal CF,J. Brandt,0,0,0,1,1,1,0,0,27,0,0,0,0,2,0
105,25 Nov 2025,,5ift1ypsxbwlm3fh0yqke8h04,Davide Massa,BV Borussia 09 Dortmund,Villarreal CF,A. Anselmino,1,0,0,0,2,0,0,0,85,0,0,1,1,0,0
105,25 Nov 2025,,5ift1ypsxbwlm3fh0yqke8h04,Davide Massa,BV Borussia 09 Dortmund,Villarreal CF,K. Adeyemi,0,0,1,4,3,4,1,0,41,0,0,3,2,2,1
105,25 Nov 2025,,5ift1ypsxbwlm3fh0yqke8h04,Davide Massa,BV Borussia 09 Dortmund,Villarreal CF,M. Sabitzer,0,0,0,0,1,2,0,0,56,0,0,1,1,1,0
105,25 Nov 2025,,5ift1ypsxbwlm3fh0yqke8h04,Davide Massa,BV Borussia 09 Dortmund,Villarreal CF,G. Kobel,0,0,0,0,0,0,0,0,24,0,1,0,0,0,0
105,25 Nov 2025,,5ift1ypsxbwlm3fh0yqke8h04,Davide Massa,BV Borussia 09 Dortmund,Villarreal CF,S. Guirassy,0,0,0,0,0,0,2,0,15,0,0,3,3,0,0
105,25 Nov 2025,,5ift1ypsxbwlm3fh0yqke8h04,Davide Massa,BV Borussia 09 Dortmund,Villarreal CF,Fábio Silva,0,0,0,0,0,0,0,0,8,0,0,1,0,0,0
105,25 Nov 2025,,5ift1ypsxbwlm3fh0yqke8h04,Davide Massa,BV Borussia 09 Dortmund,Villarreal CF,C. Chukwuemeka,0,1,0,0,0,0,0,0,13,0,0,1,0,1,0
105,25 Nov 2025,,5ift1ypsxbwlm3fh0yqke8h04,Davide Massa,BV Borussia 09 Dortmund,Villarreal CF,J. Bellingham,0,0,0,0,0,0,0,0,14,0,0,0,0,0,0
105,25 Nov 2025,,5ift1ypsxbwlm3fh0yqke8h04,Davide Massa,BV Borussia 09 Dortmund,Villarreal CF,P. Groß,1,0,0,3,0,0,0,0,13,0,0,0,0,0,0
105,25 Nov 2025,,5ift1ypsxbwlm3fh0yqke8h04,Davide Massa,BV Borussia 09 Dortmund,Villarreal CF,E. Can,0,0,0,0,1,0,0,0,8,0,0,0,0,0,0
105,25 Nov 2025,,5ift1ypsxbwlm3fh0yqke8h04,Davide Massa,BV Borussia 09 Dortmund,Villarreal CF,T. Partey,0,1,0,0,0,1,0,0,22,0,0,1,0,1,0
105,25 Nov 2025,,5ift1ypsxbwlm3fh0yqke8h04,Davide Massa,BV Borussia 09 Dortmund,Villarreal CF,S. Mouriño,0,0,0,0,1,2,0,0,32,0,0,0,0,5,0
105,25 Nov 2025,,5ift1ypsxbwlm3fh0yqke8h04,Davide Massa,BV Borussia 09 Dortmund,Villarreal CF,Sergi Cardona,0,1,0,2,4,1,0,0,44,0,0,1,0,3,0
105,25 Nov 2025,,5ift1ypsxbwlm3fh0yqke8h04,Davide Massa,BV Borussia 09 Dortmund,Villarreal CF,J. Foyth,0,0,0,0,1,0,0,0,22,1,0,0,0,3,0
105,25 Nov 2025,,5ift1ypsxbwlm3fh0yqke8h04,Davide Massa,BV Borussia 09 Dortmund,Villarreal CF,T. Buchanan,0,1,1,1,0,5,0,1,14,0,0,3,0,1,0
105,25 Nov 2025,,5ift1ypsxbwlm3fh0yqke8h04,Davide Massa,BV Borussia 09 Dortmund,Villarreal CF,P. Gueye,0,0,0,1,2,3,0,0,34,0,0,2,1,0,0
105,25 Nov 2025,,5ift1ypsxbwlm3fh0yqke8h04,Davide Massa,BV Borussia 09 Dortmund,Villarreal CF,Renato Veiga,0,0,0,0,0,0,0,0,46,0,0,0,0,0,0
105,25 Nov 2025,,5ift1ypsxbwlm3fh0yqke8h04,Davide Massa,BV Borussia 09 Dortmund,Villarreal CF,Luíz Júnior,0,0,0,0,0,0,0,0,10,0,3,0,0,0,0
105,25 Nov 2025,,5ift1ypsxbwlm3fh0yqke8h04,Davide Massa,BV Borussia 09 Dortmund,Villarreal CF,Santi Comesaña,0,0,0,0,1,1,0,0,22,0,0,1,0,1,0
105,25 Nov 2025,,5ift1ypsxbwlm3fh0yqke8h04,Davide Massa,BV Borussia 09 Dortmund,Villarreal CF,N. Pépé,0,0,1,0,0,1,0,0,14,0,0,1,1,0,0
105,25 Nov 2025,,5ift1ypsxbwlm3fh0yqke8h04,Davide Massa,BV Borussia 09 Dortmund,Villarreal CF,T. Oluwaseyi,0,1,0,0,1,2,0,0,12,0,0,1,0,1,0
105,25 Nov 2025,,5ift1ypsxbwlm3fh0yqke8h04,Davide Massa,BV Borussia 09 Dortmund,Villarreal CF,Alberto Moleiro,0,0,0,1,1,0,0,0,10,0,0,0,0,0,0
105,25 Nov 2025,,5ift1ypsxbwlm3fh0yqke8h04,Davide Massa,BV Borussia 09 Dortmund,Villarreal CF,Rafa Marín,0,0,0,0,0,0,0,0,12,0,0,0,0,0,0
105,25 Nov 2025,,5ift1ypsxbwlm3fh0yqke8h04,Davide Massa,BV Borussia 09 Dortmund,Villarreal CF,Dani Parejo,0,0,0,0,0,0,0,0,9,0,0,0,0,0,0
105,25 Nov 2025,,5ift1ypsxbwlm3fh0yqke8h04,Davide Massa,BV Borussia 09 Dortmund,Villarreal CF,Pau Navarro,0,0,0,0,1,0,0,0,5,0,0,0,0,0,0
105,25 Nov 2025,,5ift1ypsxbwlm3fh0yqke8h04,Davide Massa,BV Borussia 09 Dortmund,Villarreal CF,I. Akhomach,0,0,0,0,0,0,0,0,4,0,0,0,0,0,0
106,25 Nov 2025,,5iss7tc562nnymg0uiewtt0r8,Slavko Vinčić,Chelsea FC,FC Barcelona,E. Fernández,1,1,1,0,1,1,0,2,61,0,0,4,1,0,0
106,25 Nov 2025,,5iss7tc562nnymg0uiewtt0r8,Slavko Vinčić,Chelsea FC,FC Barcelona,Robert Sánchez,0,0,0,0,0,0,0,0,33,0,2,0,0,0,0
106,25 Nov 2025,,5iss7tc562nnymg0uiewtt0r8,Slavko Vinčić,Chelsea FC,FC Barcelona,M. Caicedo,0,0,0,0,0,1,0,0,73,0,0,0,0,2,0
106,25 Nov 2025,,5iss7tc562nnymg0uiewtt0r8,Slavko Vinčić,Chelsea FC,FC Barcelona,R. James,1,0,0,4,2,2,0,0,42,0,0,2,1,1,0
106,25 Nov 2025,,5iss7tc562nnymg0uiewtt0r8,Slavko Vinčić,Chelsea FC,FC Barcelona,T. Chalobah,0,0,0,0,1,1,0,1,67,0,0,0,0,1,0
106,25 Nov 2025,,5iss7tc562nnymg0uiewtt0r8,Slavko Vinčić,Chelsea FC,FC Barcelona,Marc Cucurella,0,0,0,1,4,2,0,0,63,0,0,0,0,5,0
106,25 Nov 2025,,5iss7tc562nnymg0uiewtt0r8,Slavko Vinčić,Chelsea FC,FC Barcelona,Pedro Neto,0,0,1,0,1,1,0,0,19,0,0,3,2,0,0
106,25 Nov 2025,,5iss7tc562nnymg0uiewtt0r8,Slavko Vinčić,Chelsea FC,FC Barcelona,M. Gusto,0,0,0,0,1,0,0,1,13,0,0,0,0,3,1
106,25 Nov 2025,,5iss7tc562nnymg0uiewtt0r8,Slavko Vinčić,Chelsea FC,FC Barcelona,Estêvão,0,1,1,1,2,1,1,1,29,0,0,2,1,0,0
106,25 Nov 2025,,5iss7tc562nnymg0uiewtt0r8,Slavko Vinčić,Chelsea FC,FC Barcelona,W. Fofana,0,0,0,0,2,0,0,0,45,0,0,1,0,0,0
106,25 Nov 2025,,5iss7tc562nnymg0uiewtt0r8,Slavko Vinčić,Chelsea FC,FC Barcelona,A. Garnacho,0,1,1,2,0,1,0,1,22,0,0,1,0,0,0
106,25 Nov 2025,,5iss7tc562nnymg0uiewtt0r8,Slavko Vinčić,Chelsea FC,FC Barcelona,Andrey Santos,0,0,0,1,1,0,0,0,31,0,0,0,0,1,0
106,25 Nov 2025,,5iss7tc562nnymg0uiewtt0r8,Slavko Vinčić,Chelsea FC,FC Barcelona,L. Delap,0,0,0,1,2,2,1,0,5,0,0,2,1,0,0
106,25 Nov 2025,,5iss7tc562nnymg0uiewtt0r8,Slavko Vinčić,Chelsea FC,FC Barcelona,J. Acheampong,0,0,0,0,1,0,0,0,6,0,0,0,0,0,0
106,25 Nov 2025,,5iss7tc562nnymg0uiewtt0r8,Slavko Vinčić,Chelsea FC,FC Barcelona,J. Gittens,0,0,0,1,0,0,0,0,4,0,0,0,0,0,0
106,25 Nov 2025,,5iss7tc562nnymg0uiewtt0r8,Slavko Vinčić,Chelsea FC,FC Barcelona,T. George,0,0,0,0,0,0,0,0,3,0,0,0,0,0,0
106,25 Nov 2025,,5iss7tc562nnymg0uiewtt0r8,Slavko Vinčić,Chelsea FC,FC Barcelona,R. Araujo,0,0,0,0,1,0,0,0,26,1,0,0,0,0,2
106,25 Nov 2025,,5iss7tc562nnymg0uiewtt0r8,Slavko Vinčić,Chelsea FC,FC Barcelona,Lamine Yamal,0,0,0,1,0,4,0,0,36,0,0,1,1,4,0
106,25 Nov 2025,,5iss7tc562nnymg0uiewtt0r8,Slavko Vinčić,Chelsea FC,FC Barcelona,Pau Cubarsí,0,0,0,0,2,0,0,0,60,0,0,0,0,4,0
106,25 Nov 2025,,5iss7tc562nnymg0uiewtt0r8,Slavko Vinčić,Chelsea FC,FC Barcelona,Alejandro Balde,0,0,0,0,0,3,0,0,30,0,0,0,0,2,0
106,25 Nov 2025,,5iss7tc562nnymg0uiewtt0r8,Slavko Vinčić,Chelsea FC,FC Barcelona,J. Koundé,0,0,0,0,1,1,0,0,53,0,0,0,0,4,0
106,25 Nov 2025,,5iss7tc562nnymg0uiewtt0r8,Slavko Vinčić,Chelsea FC,FC Barcelona,R. Lewandowski,0,1,0,0,1,1,0,1,13,0,0,1,0,1,0
106,25 Nov 2025,,5iss7tc562nnymg0uiewtt0r8,Slavko Vinčić,Chelsea FC,FC Barcelona,F. de Jong,0,0,0,0,3,5,0,0,52,0,0,0,0,2,0
106,25 Nov 2025,,5iss7tc562nnymg0uiewtt0r8,Slavko Vinčić,Chelsea FC,FC Barcelona,Eric García,0,0,0,0,3,1,0,0,32,0,0,0,0,3,0
106,25 Nov 2025,,5iss7tc562nnymg0uiewtt0r8,Slavko Vinčić,Chelsea FC,FC Barcelona,Joan García,0,0,0,0,0,0,0,0,36,0,3,0,0,0,0
106,25 Nov 2025,,5iss7tc562nnymg0uiewtt0r8,Slavko Vinčić,Chelsea FC,FC Barcelona,Fermín López,0,0,0,0,1,0,0,0,24,0,0,0,0,0,0
106,25 Nov 2025,,5iss7tc562nnymg0uiewtt0r8,Slavko Vinčić,Chelsea FC,FC Barcelona,Ferran Torres,0,0,0,1,0,1,0,0,8,0,0,1,0,1,0
106,25 Nov 2025,,5iss7tc562nnymg0uiewtt0r8,Slavko Vinčić,Chelsea FC,FC Barcelona,M. Rashford,0,0,0,0,0,0,0,0,13,0,0,0,0,0,0
106,25 Nov 2025,,5iss7tc562nnymg0uiewtt0r8,Slavko Vinčić,Chelsea FC,FC Barcelona,A. Christensen,0,0,0,0,0,0,0,0,9,0,0,1,0,2,0
106,25 Nov 2025,,5iss7tc562nnymg0uiewtt0r8,Slavko Vinčić,Chelsea FC,FC Barcelona,Raphinha,0,0,0,1,0,0,0,0,8,0,0,1,1,3,0
106,25 Nov 2025,,5iss7tc562nnymg0uiewtt0r8,Slavko Vinčić,Chelsea FC,FC Barcelona,Dani Olmo,0,0,0,0,0,0,0,0,7,0,0,0,0,0,0
106,25 Nov 2025,,5iss7tc562nnymg0uiewtt0r8,Slavko Vinčić,Chelsea FC,FC Barcelona,Gerard Martín,0,0,0,0,0,1,0,0,10,0,0,0,0,0,0
107,25 Nov 2025,,5j5rc4wpittutm2qulb97arro,Danny Desmond Makkelie,FK Bodø / Glimt,Juventus FC,K. Høgh,1,2,2,0,0,1,0,0,20,0,0,4,1,0,0
107,25 Nov 2025,,5j5rc4wpittutm2qulb97arro,Danny Desmond Makkelie,FK Bodø / Glimt,Juventus FC,P. Berg,0,3,0,8,0,0,0,0,94,0,0,5,2,1,0
107,25 Nov 2025,,5j5rc4wpittutm2qulb97arro,Danny Desmond Makkelie,FK Bodø / Glimt,Juventus FC,H. Aleesami,0,0,0,0,2,0,0,0,46,0,0,0,0,0,0
107,25 Nov 2025,,5j5rc4wpittutm2qulb97arro,Danny Desmond Makkelie,FK Bodø / Glimt,Juventus FC,F. Bjørkan,0,0,0,1,0,2,0,0,63,0,0,0,0,2,0
107,25 Nov 2025,,5j5rc4wpittutm2qulb97arro,Danny Desmond Makkelie,FK Bodø / Glimt,Juventus FC,O. Bjørtuft,0,1,1,0,0,1,0,0,73,0,0,1,0,1,0
107,25 Nov 2025,,5j5rc4wpittutm2qulb97arro,Danny Desmond Makkelie,FK Bodø / Glimt,Juventus FC,F. Sjøvold,0,0,0,1,1,0,0,0,51,0,0,0,0,4,0
107,25 Nov 2025,,5j5rc4wpittutm2qulb97arro,Danny Desmond Makkelie,FK Bodø / Glimt,Juventus FC,S. Fet,0,2,0,0,2,1,1,0,24,0,0,4,2,0,0
107,25 Nov 2025,,5j5rc4wpittutm2qulb97arro,Danny Desmond Makkelie,FK Bodø / Glimt,Juventus FC,H. Evjen,0,0,0,0,0,4,0,0,29,0,0,0,0,3,0
107,25 Nov 2025,,5j5rc4wpittutm2qulb97arro,Danny Desmond Makkelie,FK Bodø / Glimt,Juventus FC,I. Määttä,0,1,1,0,0,2,0,0,5,0,0,2,0,0,0
107,25 Nov 2025,,5j5rc4wpittutm2qulb97arro,Danny Desmond Makkelie,FK Bodø / Glimt,Juventus FC,O. Blomberg,0,1,1,1,0,2,1,0,28,0,0,2,1,1,0
107,25 Nov 2025,,5j5rc4wpittutm2qulb97arro,Danny Desmond Makkelie,FK Bodø / Glimt,Juventus FC,N. Haikin,0,0,0,0,0,0,0,0,43,0,12,0,0,0,0
107,25 Nov 2025,,5j5rc4wpittutm2qulb97arro,Danny Desmond Makkelie,FK Bodø / Glimt,Juventus FC,B. Moe,0,0,0,0,0,0,0,0,36,0,0,0,0,0,0
107,25 Nov 2025,,5j5rc4wpittutm2qulb97arro,Danny Desmond Makkelie,FK Bodø / Glimt,Juventus FC,S. Auklend,0,0,0,1,1,4,0,0,20,0,0,0,0,1,0
107,25 Nov 2025,,5j5rc4wpittutm2qulb97arro,Danny Desmond Makkelie,FK Bodø / Glimt,Juventus FC,M. Jørgensen,0,0,1,2,0,0,0,0,7,0,0,0,0,1,0
107,25 Nov 2025,,5j5rc4wpittutm2qulb97arro,Danny Desmond Makkelie,FK Bodø / Glimt,Juventus FC,J. Hauge,0,0,0,0,0,0,0,0,4,0,0,0,0,0,0
107,25 Nov 2025,,5j5rc4wpittutm2qulb97arro,Danny Desmond Makkelie,FK Bodø / Glimt,Juventus FC,A. Helmersen,0,0,0,0,0,0,0,0,2,0,0,0,0,0,0
107,25 Nov 2025,,5j5rc4wpittutm2qulb97arro,Danny Desmond Makkelie,FK Bodø / Glimt,Juventus FC,T. Koopmeiners,0,0,1,0,2,1,0,0,42,0,0,1,1,2,0
107,25 Nov 2025,,5j5rc4wpittutm2qulb97arro,Danny Desmond Makkelie,FK Bodø / Glimt,Juventus FC,V. Adžić,0,0,2,3,1,0,0,0,20,0,0,2,1,1,0
107,25 Nov 2025,,5j5rc4wpittutm2qulb97arro,Danny Desmond Makkelie,FK Bodø / Glimt,Juventus FC,L. Kelly,0,0,0,0,4,0,0,0,42,0,0,0,0,1,1
107,25 Nov 2025,,5j5rc4wpittutm2qulb97arro,Danny Desmond Makkelie,FK Bodø / Glimt,Juventus FC,M. Locatelli,0,0,0,1,1,0,0,0,42,0,0,1,1,1,0
107,25 Nov 2025,,5j5rc4wpittutm2qulb97arro,Danny Desmond Makkelie,FK Bodø / Glimt,Juventus FC,W. McKennie,0,0,0,1,1,0,1,0,30,0,0,1,1,5,1
107,25 Nov 2025,,5j5rc4wpittutm2qulb97arro,Danny Desmond Makkelie,FK Bodø / Glimt,Juventus FC,M. Perin,0,0,0,0,0,0,0,0,23,0,4,0,0,0,0
107,25 Nov 2025,,5j5rc4wpittutm2qulb97arro,Danny Desmond Makkelie,FK Bodø / Glimt,Juventus FC,P. Kalulu,0,1,0,0,0,1,0,0,38,0,0,1,0,2,0
107,25 Nov 2025,,5j5rc4wpittutm2qulb97arro,Danny Desmond Makkelie,FK Bodø / Glimt,Juventus FC,Francisco Conceição,0,1,3,6,0,1,0,0,27,0,0,4,3,0,0
107,25 Nov 2025,,5j5rc4wpittutm2qulb97arro,Danny Desmond Makkelie,FK Bodø / Glimt,Juventus FC,F. Miretti,1,1,0,0,3,2,0,0,32,0,0,2,1,3,1
107,25 Nov 2025,,5j5rc4wpittutm2qulb97arro,Danny Desmond Makkelie,FK Bodø / Glimt,Juventus FC,A. Cambiaso,0,1,0,1,3,0,0,1,47,0,0,1,0,1,0
107,25 Nov 2025,,5j5rc4wpittutm2qulb97arro,Danny Desmond Makkelie,FK Bodø / Glimt,Juventus FC,L. Openda,0,0,0,1,0,1,1,2,13,0,0,2,1,1,0
107,25 Nov 2025,,5j5rc4wpittutm2qulb97arro,Danny Desmond Makkelie,FK Bodø / Glimt,Juventus FC,K. Yıldız,1,1,1,1,0,0,0,0,15,0,0,4,3,0,0
107,25 Nov 2025,,5j5rc4wpittutm2qulb97arro,Danny Desmond Makkelie,FK Bodø / Glimt,Juventus FC,K. Thuram,0,0,0,0,0,0,0,0,10,0,0,0,0,2,0
107,25 Nov 2025,,5j5rc4wpittutm2qulb97arro,Danny Desmond Makkelie,FK Bodø / Glimt,Juventus FC,J. Cabal,0,0,0,1,1,0,0,0,5,0,0,0,0,0,1
107,25 Nov 2025,,5j5rc4wpittutm2qulb97arro,Danny Desmond Makkelie,FK Bodø / Glimt,Juventus FC,J. David,0,0,1,0,0,0,1,0,5,0,0,2,2,0,0
107,25 Nov 2025,,5j5rc4wpittutm2qulb97arro,Danny Desmond Makkelie,FK Bodø / Glimt,Juventus FC,E. Zhegrova,0,0,0,0,1,0,0,0,4,0,0,2,2,0,0
108,25 Nov 2025,,5jj2hoxdj3jozbpos1o0t9j4k,João Pedro Silva Pinheiro,Manchester City FC,Bayer 04 Leverkusen,J. Stones,0,0,1,0,0,0,0,0,80,0,0,0,0,0,0
108,25 Nov 2025,,5jj2hoxdj3jozbpos1o0t9j4k,João Pedro Silva Pinheiro,Manchester City FC,Bayer 04 Leverkusen,J. Trafford,0,0,0,0,0,0,0,0,17,0,0,0,0,0,0
108,25 Nov 2025,,5jj2hoxdj3jozbpos1o0t9j4k,João Pedro Silva Pinheiro,Manchester City FC,Bayer 04 Leverkusen,Nico González,0,0,0,0,0,0,0,0,65,0,0,0,0,3,0
108,25 Nov 2025,,5jj2hoxdj3jozbpos1o0t9j4k,João Pedro Silva Pinheiro,Manchester City FC,Bayer 04 Leverkusen,R. Lewis,0,0,0,0,0,1,0,0,18,0,0,1,0,0,0
108,25 Nov 2025,,5jj2hoxdj3jozbpos1o0t9j4k,João Pedro Silva Pinheiro,Manchester City FC,Bayer 04 Leverkusen,N. Aké,0,0,1,0,1,2,0,0,64,0,0,2,2,3,0
108,25 Nov 2025,,5jj2hoxdj3jozbpos1o0t9j4k,João Pedro Silva Pinheiro,Manchester City FC,Bayer 04 Leverkusen,R. Aït-Nouri,0,0,0,1,0,0,0,0,42,0,0,1,0,1,0
108,25 Nov 2025,,5jj2hoxdj3jozbpos1o0t9j4k,João Pedro Silva Pinheiro,Manchester City FC,Bayer 04 Leverkusen,A. Khusanov,0,0,0,2,0,0,0,0,68,0,0,0,0,3,0
108,25 Nov 2025,,5jj2hoxdj3jozbpos1o0t9j4k,João Pedro Silva Pinheiro,Manchester City FC,Bayer 04 Leverkusen,O. Bobb,0,0,1,0,0,0,0,0,30,0,0,0,0,0,0
108,25 Nov 2025,,5jj2hoxdj3jozbpos1o0t9j4k,João Pedro Silva Pinheiro,Manchester City FC,Bayer 04 Leverkusen,Omar Marmoush,0,0,0,0,1,1,0,0,9,0,0,0,0,0,0
108,25 Nov 2025,,5jj2hoxdj3jozbpos1o0t9j4k,João Pedro Silva Pinheiro,Manchester City FC,Bayer 04 Leverkusen,Savinho,0,0,2,7,1,1,0,0,50,0,0,1,0,0,0
108,25 Nov 2025,,5jj2hoxdj3jozbpos1o0t9j4k,João Pedro Silva Pinheiro,Manchester City FC,Bayer 04 Leverkusen,T. Reijnders,0,1,1,8,0,0,0,1,55,0,0,2,1,2,0
108,25 Nov 2025,,5jj2hoxdj3jozbpos1o0t9j4k,João Pedro Silva Pinheiro,Manchester City FC,Bayer 04 Leverkusen,N. O'Reilly,0,0,0,1,1,0,0,0,22,0,0,1,1,0,0
108,25 Nov 2025,,5jj2hoxdj3jozbpos1o0t9j4k,João Pedro Silva Pinheiro,Manchester City FC,Bayer 04 Leverkusen,P. Foden,0,1,1,2,0,0,0,0,22,0,0,1,0,0,0
108,25 Nov 2025,,5jj2hoxdj3jozbpos1o0t9j4k,João Pedro Silva Pinheiro,Manchester City FC,Bayer 04 Leverkusen,J. Doku,0,2,1,2,0,1,0,0,21,0,0,2,0,1,0
108,25 Nov 2025,,5jj2hoxdj3jozbpos1o0t9j4k,João Pedro Silva Pinheiro,Manchester City FC,Bayer 04 Leverkusen,E. Haaland,0,1,0,0,0,1,0,0,3,0,0,4,1,0,0
108,25 Nov 2025,,5jj2hoxdj3jozbpos1o0t9j4k,João Pedro Silva Pinheiro,Manchester City FC,Bayer 04 Leverkusen,R. Cherki,0,1,1,2,0,1,0,0,23,0,0,4,2,1,0
108,25 Nov 2025,,5jj2hoxdj3jozbpos1o0t9j4k,João Pedro Silva Pinheiro,Manchester City FC,Bayer 04 Leverkusen,P. Schick,0,0,0,0,0,0,1,1,21,0,0,1,1,0,0
108,25 Nov 2025,,5jj2hoxdj3jozbpos1o0t9j4k,João Pedro Silva Pinheiro,Manchester City FC,Bayer 04 Leverkusen,Aleix García,0,0,0,1,0,1,0,0,84,0,0,0,0,2,0
108,25 Nov 2025,,5jj2hoxdj3jozbpos1o0t9j4k,João Pedro Silva Pinheiro,Manchester City FC,Bayer 04 Leverkusen,E. Poku,0,1,1,0,0,0,0,0,28,0,0,1,0,4,0
108,25 Nov 2025,,5jj2hoxdj3jozbpos1o0t9j4k,João Pedro Silva Pinheiro,Manchester City FC,Bayer 04 Leverkusen,J. Quansah,0,1,0,0,0,0,0,0,54,0,0,1,0,1,0
108,25 Nov 2025,,5jj2hoxdj3jozbpos1o0t9j4k,João Pedro Silva Pinheiro,Manchester City FC,Bayer 04 Leverkusen,L. Badé,0,0,0,0,2,0,0,0,70,0,0,0,0,2,0
108,25 Nov 2025,,5jj2hoxdj3jozbpos1o0t9j4k,João Pedro Silva Pinheiro,Manchester City FC,Bayer 04 Leverkusen,M. Flekken,0,0,0,0,0,0,0,0,41,0,9,0,0,0,0
108,25 Nov 2025,,5jj2hoxdj3jozbpos1o0t9j4k,João Pedro Silva Pinheiro,Manchester City FC,Bayer 04 Leverkusen,I. Maza,1,1,1,4,0,1,0,0,42,0,0,2,0,4,0
108,25 Nov 2025,,5jj2hoxdj3jozbpos1o0t9j4k,João Pedro Silva Pinheiro,Manchester City FC,Bayer 04 Leverkusen,Alejandro Grimaldo,0,1,1,3,1,0,1,0,44,0,0,2,1,2,1
108,25 Nov 2025,,5jj2hoxdj3jozbpos1o0t9j4k,João Pedro Silva Pinheiro,Manchester City FC,Bayer 04 Leverkusen,M. Tillman,0,0,0,1,0,1,0,0,38,0,0,0,0,6,0
108,25 Nov 2025,,5jj2hoxdj3jozbpos1o0t9j4k,João Pedro Silva Pinheiro,Manchester City FC,Bayer 04 Leverkusen,J. Belocian,0,0,0,0,1,0,0,0,48,0,0,0,0,2,0
108,25 Nov 2025,,5jj2hoxdj3jozbpos1o0t9j4k,João Pedro Silva Pinheiro,Manchester City FC,Bayer 04 Leverkusen,C. Kofane,1,0,0,0,4,1,0,0,14,0,0,0,0,2,1
108,25 Nov 2025,,5jj2hoxdj3jozbpos1o0t9j4k,João Pedro Silva Pinheiro,Manchester City FC,Bayer 04 Leverkusen,N. Tella,0,0,0,0,0,0,0,0,3,0,0,0,0,0,0
109,25 Nov 2025,,5jvxlvcsjl7gv4i0tj10rqntg,Maurizio Mariani,Olympique de Marseille,Newcastle United FC,D. Bakola,1,0,0,2,1,3,0,0,24,0,0,1,0,0,1
109,25 Nov 2025,,5jvxlvcsjl7gv4i0tj10rqntg,Maurizio Mariani,Olympique de Marseille,Newcastle United FC,P. Højbjerg,0,0,1,1,1,1,0,0,83,0,0,1,1,2,0
109,25 Nov 2025,,5jvxlvcsjl7gv4i0tj10rqntg,Maurizio Mariani,Olympique de Marseille,Newcastle United FC,L. Balerdi,0,0,0,0,1,0,0,0,59,0,0,1,0,1,1
109,25 Nov 2025,,5jvxlvcsjl7gv4i0tj10rqntg,Maurizio Mariani,Olympique de Marseille,Newcastle United FC,Emerson,0,0,2,9,1,1,0,0,43,0,0,0,0,2,1
109,25 Nov 2025,,5jvxlvcsjl7gv4i0tj10rqntg,Maurizio Mariani,Olympique de Marseille,Newcastle United FC,G. Rulli,0,0,0,0,0,1,0,0,35,0,7,0,0,0,0
109,25 Nov 2025,,5jvxlvcsjl7gv4i0tj10rqntg,Maurizio Mariani,Olympique de Marseille,Newcastle United FC,A. Vermeeren,0,0,0,1,4,1,0,0,70,0,0,0,0,1,1
109,25 Nov 2025,,5jvxlvcsjl7gv4i0tj10rqntg,Maurizio Mariani,Olympique de Marseille,Newcastle United FC,B. Pavard,0,0,0,1,0,1,0,0,60,0,0,1,0,1,0
109,25 Nov 2025,,5jvxlvcsjl7gv4i0tj10rqntg,Maurizio Mariani,Olympique de Marseille,Newcastle United FC,Igor Paixão,0,0,2,2,1,0,0,0,37,0,0,1,0,0,0
109,25 Nov 2025,,5jvxlvcsjl7gv4i0tj10rqntg,Maurizio Mariani,Olympique de Marseille,Newcastle United FC,M. Greenwood,0,3,2,3,1,0,0,0,44,0,0,4,1,0,1
109,25 Nov 2025,,5jvxlvcsjl7gv4i0tj10rqntg,Maurizio Mariani,Olympique de Marseille,Newcastle United FC,P. Aubameyang,0,2,3,0,0,0,2,0,22,0,0,8,4,0,0
109,25 Nov 2025,,5jvxlvcsjl7gv4i0tj10rqntg,Maurizio Mariani,Olympique de Marseille,Newcastle United FC,T. Weah,1,0,0,6,0,0,0,1,46,0,0,0,0,2,0
109,25 Nov 2025,,5jvxlvcsjl7gv4i0tj10rqntg,Maurizio Mariani,Olympique de Marseille,Newcastle United FC,M. O'Riley,0,0,1,0,0,0,0,0,6,0,0,0,0,0,0
109,25 Nov 2025,,5jvxlvcsjl7gv4i0tj10rqntg,Maurizio Mariani,Olympique de Marseille,Newcastle United FC,A. Gomes,0,0,0,0,0,0,0,0,1,0,0,0,0,0,0
109,25 Nov 2025,,5jvxlvcsjl7gv4i0tj10rqntg,Maurizio Mariani,Olympique de Marseille,Newcastle United FC,R. Vaz,0,0,0,0,0,0,0,0,0,0,0,1,1,0,0
109,25 Nov 2025,,5jvxlvcsjl7gv4i0tj10rqntg,Maurizio Mariani,Olympique de Marseille,Newcastle United FC,M. Thiaw,0,0,0,0,0,0,0,0,44,0,0,1,1,2,0
109,25 Nov 2025,,5jvxlvcsjl7gv4i0tj10rqntg,Maurizio Mariani,Olympique de Marseille,Newcastle United FC,S. Tonali,0,1,0,7,1,1,0,0,42,0,0,3,1,0,0
109,25 Nov 2025,,5jvxlvcsjl7gv4i0tj10rqntg,Maurizio Mariani,Olympique de Marseille,Newcastle United FC,F. Schär,0,0,0,0,1,0,0,0,16,0,0,1,0,0,0
109,25 Nov 2025,,5jvxlvcsjl7gv4i0tj10rqntg,Maurizio Mariani,Olympique de Marseille,Newcastle United FC,H. Barnes,0,0,1,2,1,2,1,1,15,0,0,3,2,0,0
109,25 Nov 2025,,5jvxlvcsjl7gv4i0tj10rqntg,Maurizio Mariani,Olympique de Marseille,Newcastle United FC,Bruno Guimarães,0,1,0,1,0,2,0,0,56,0,0,1,0,1,0
109,25 Nov 2025,,5jvxlvcsjl7gv4i0tj10rqntg,Maurizio Mariani,Olympique de Marseille,Newcastle United FC,T. Livramento,0,0,0,0,0,0,0,0,19,0,0,0,0,0,0
109,25 Nov 2025,,5jvxlvcsjl7gv4i0tj10rqntg,Maurizio Mariani,Olympique de Marseille,Newcastle United FC,N. Pope,0,0,0,0,0,0,0,0,13,0,5,0,0,0,0
109,25 Nov 2025,,5jvxlvcsjl7gv4i0tj10rqntg,Maurizio Mariani,Olympique de Marseille,Newcastle United FC,J. Willock,0,1,2,3,1,2,0,0,20,0,0,5,2,1,1
109,25 Nov 2025,,5jvxlvcsjl7gv4i0tj10rqntg,Maurizio Mariani,Olympique de Marseille,Newcastle United FC,D. Burn,0,0,0,0,2,0,0,0,44,0,0,1,1,1,1
109,25 Nov 2025,,5jvxlvcsjl7gv4i0tj10rqntg,Maurizio Mariani,Olympique de Marseille,Newcastle United FC,A. Gordon,0,2,0,0,1,0,0,0,16,0,0,3,1,1,1
109,25 Nov 2025,,5jvxlvcsjl7gv4i0tj10rqntg,Maurizio Mariani,Olympique de Marseille,Newcastle United FC,J. Murphy,0,1,1,3,0,0,0,0,23,0,0,1,0,1,0
109,25 Nov 2025,,5jvxlvcsjl7gv4i0tj10rqntg,Maurizio Mariani,Olympique de Marseille,Newcastle United FC,L. Hall,0,0,0,2,0,0,0,0,19,0,0,0,0,0,0
109,25 Nov 2025,,5jvxlvcsjl7gv4i0tj10rqntg,Maurizio Mariani,Olympique de Marseille,Newcastle United FC,L. Miley,0,0,0,1,0,0,0,0,24,0,0,0,0,0,0
109,25 Nov 2025,,5jvxlvcsjl7gv4i0tj10rqntg,Maurizio Mariani,Olympique de Marseille,Newcastle United FC,A. Elanga,0,0,1,1,1,0,0,0,15,0,0,1,1,1,0
109,25 Nov 2025,,5jvxlvcsjl7gv4i0tj10rqntg,Maurizio Mariani,Olympique de Marseille,Newcastle United FC,J. Ramsey,0,0,0,0,0,2,0,0,11,0,0,0,0,0,0
109,25 Nov 2025,,5jvxlvcsjl7gv4i0tj10rqntg,Maurizio Mariani,Olympique de Marseille,Newcastle United FC,N. Woltemade,0,0,0,0,0,0,0,0,4,0,0,0,0,0,0
110,25 Nov 2025,,5k8vzrigcdi1o95w2pyfrxfys,Donatas Rumšas,SK Slavia Praha,Athletic Club,Š. Chaloupek,0,0,0,0,1,4,0,0,35,0,0,1,0,5,0
110,25 Nov 2025,,5k8vzrigcdi1o95w2pyfrxfys,Donatas Rumšas,SK Slavia Praha,Athletic Club,D. Moses,0,0,0,1,1,4,0,0,20,0,0,0,0,8,0
110,25 Nov 2025,,5k8vzrigcdi1o95w2pyfrxfys,Donatas Rumšas,SK Slavia Praha,Athletic Club,Y. Sanyang,0,1,0,0,1,0,0,1,13,0,0,1,0,2,0
110,25 Nov 2025,,5k8vzrigcdi1o95w2pyfrxfys,Donatas Rumšas,SK Slavia Praha,Athletic Club,M. Sadílek,0,0,0,3,3,3,0,1,33,0,0,0,0,2,0
110,25 Nov 2025,,5k8vzrigcdi1o95w2pyfrxfys,Donatas Rumšas,SK Slavia Praha,Athletic Club,Y. Mbodji,0,0,0,1,2,1,0,1,15,0,0,0,0,1,0
110,25 Nov 2025,,5k8vzrigcdi1o95w2pyfrxfys,Donatas Rumšas,SK Slavia Praha,Athletic Club,T. Chorý,0,1,0,0,4,1,0,0,24,0,0,3,2,0,1
110,25 Nov 2025,,5k8vzrigcdi1o95w2pyfrxfys,Donatas Rumšas,SK Slavia Praha,Athletic Club,L. Provod,0,0,0,5,1,2,0,0,40,0,0,1,0,0,1
110,25 Nov 2025,,5k8vzrigcdi1o95w2pyfrxfys,Donatas Rumšas,SK Slavia Praha,Athletic Club,C. Zafeiris,0,1,0,1,3,4,0,1,22,0,0,1,0,3,0
110,25 Nov 2025,,5k8vzrigcdi1o95w2pyfrxfys,Donatas Rumšas,SK Slavia Praha,Athletic Club,D. Douděra,0,0,1,2,0,1,0,0,8,0,0,0,0,0,0
110,25 Nov 2025,,5k8vzrigcdi1o95w2pyfrxfys,Donatas Rumšas,SK Slavia Praha,Athletic Club,J. Staněk,0,0,0,0,0,0,0,0,38,0,4,0,0,0,0
110,25 Nov 2025,,5k8vzrigcdi1o95w2pyfrxfys,Donatas Rumšas,SK Slavia Praha,Athletic Club,D. Zima,0,0,0,0,2,1,0,0,32,0,0,1,1,1,0
110,25 Nov 2025,,5k8vzrigcdi1o95w2pyfrxfys,Donatas Rumšas,SK Slavia Praha,Athletic Club,J. Bořil,0,0,1,0,0,0,0,0,10,0,0,0,0,0,0
110,25 Nov 2025,,5k8vzrigcdi1o95w2pyfrxfys,Donatas Rumšas,SK Slavia Praha,Athletic Club,V. Kušej,0,0,0,1,1,1,0,1,8,0,0,0,0,0,0
110,25 Nov 2025,,5k8vzrigcdi1o95w2pyfrxfys,Donatas Rumšas,SK Slavia Praha,Athletic Club,T. Holeš,0,0,0,1,1,0,0,0,15,0,0,0,0,0,0
110,25 Nov 2025,,5k8vzrigcdi1o95w2pyfrxfys,Donatas Rumšas,SK Slavia Praha,Athletic Club,M. Chytil,0,0,0,0,1,0,0,0,5,0,0,0,0,0,0
110,25 Nov 2025,,5k8vzrigcdi1o95w2pyfrxfys,Donatas Rumšas,SK Slavia Praha,Athletic Club,Oihan Sancet,0,0,1,0,1,1,0,0,15,0,0,2,1,0,0
110,25 Nov 2025,,5k8vzrigcdi1o95w2pyfrxfys,Donatas Rumšas,SK Slavia Praha,Athletic Club,Unai Simón,0,0,0,0,0,2,0,0,33,0,3,0,0,0,0
110,25 Nov 2025,,5k8vzrigcdi1o95w2pyfrxfys,Donatas Rumšas,SK Slavia Praha,Athletic Club,Gorka Guruzeta,0,0,0,0,4,3,0,0,11,0,0,1,0,0,1
110,25 Nov 2025,,5k8vzrigcdi1o95w2pyfrxfys,Donatas Rumšas,SK Slavia Praha,Athletic Club,Robert Navarro,0,0,1,2,3,0,0,0,26,0,0,4,3,2,0
110,25 Nov 2025,,5k8vzrigcdi1o95w2pyfrxfys,Donatas Rumšas,SK Slavia Praha,Athletic Club,Íñigo Ruíz de Galarreta,0,0,0,0,2,2,0,0,25,0,0,0,0,4,1
110,25 Nov 2025,,5k8vzrigcdi1o95w2pyfrxfys,Donatas Rumšas,SK Slavia Praha,Athletic Club,Alejandro Rego,0,2,2,0,1,1,0,0,29,0,0,3,0,5,0
110,25 Nov 2025,,5k8vzrigcdi1o95w2pyfrxfys,Donatas Rumšas,SK Slavia Praha,Athletic Club,Dani Vivian,0,0,0,0,2,3,0,0,24,0,0,0,0,0,0
110,25 Nov 2025,,5k8vzrigcdi1o95w2pyfrxfys,Donatas Rumšas,SK Slavia Praha,Athletic Club,Alex Berenguer,0,0,0,4,0,0,0,0,22,0,0,1,0,0,0
110,25 Nov 2025,,5k8vzrigcdi1o95w2pyfrxfys,Donatas Rumšas,SK Slavia Praha,Athletic Club,Jesús Areso,0,0,0,2,2,0,0,0,20,0,0,0,0,2,0
110,25 Nov 2025,,5k8vzrigcdi1o95w2pyfrxfys,Donatas Rumšas,SK Slavia Praha,Athletic Club,Aitor Paredes,0,0,0,0,2,3,0,0,27,0,0,0,0,2,1
110,25 Nov 2025,,5k8vzrigcdi1o95w2pyfrxfys,Donatas Rumšas,SK Slavia Praha,Athletic Club,Adama Boiro,0,0,0,3,5,0,0,0,22,0,0,0,0,3,0
110,25 Nov 2025,,5k8vzrigcdi1o95w2pyfrxfys,Donatas Rumšas,SK Slavia Praha,Athletic Club,Selton Sánchez,0,0,0,0,0,2,0,0,9,0,0,0,0,1,0
110,25 Nov 2025,,5k8vzrigcdi1o95w2pyfrxfys,Donatas Rumšas,SK Slavia Praha,Athletic Club,Mikel Jauregizar,0,0,0,3,0,1,0,0,13,0,0,0,0,0,0
110,25 Nov 2025,,5k8vzrigcdi1o95w2pyfrxfys,Donatas Rumšas,SK Slavia Praha,Athletic Club,Nico Williams,0,0,0,1,0,1,0,0,5,0,0,0,0,0,0
110,25 Nov 2025,,5k8vzrigcdi1o95w2pyfrxfys,Donatas Rumšas,SK Slavia Praha,Athletic Club,Íñigo Lekue,0,0,0,0,0,1,0,0,4,0,0,0,0,1,0
110,25 Nov 2025,,5k8vzrigcdi1o95w2pyfrxfys,Donatas Rumšas,SK Slavia Praha,Athletic Club,Unai Gómez,0,1,1,0,0,0,0,0,3,0,0,1,0,2,0
7,20 Aug 2025,,1u9jax6i0ynm3s9mwmfanvk0k,Espen Eskås,Celtic FC,FK Kairat Almaty,A. Idah,0,0,0,0,1,0,0,0,6,0,0,0,0,0,0
7,20 Aug 2025,,1u9jax6i0ynm3s9mwmfanvk0k,Espen Eskås,Celtic FC,FK Kairat Almaty,C. Carter-Vickers,0,1,0,1,2,0,0,0,115,0,0,1,0,1,0
7,20 Aug 2025,,1u9jax6i0ynm3s9mwmfanvk0k,Espen Eskås,Celtic FC,FK Kairat Almaty,A. Johnston,0,0,0,0,1,0,0,0,27,0,0,0,0,0,0
7,20 Aug 2025,,1u9jax6i0ynm3s9mwmfanvk0k,Espen Eskås,Celtic FC,FK Kairat Almaty,K. Schmeichel,0,0,0,0,0,0,0,0,30,0,0,0,0,0,0
7,20 Aug 2025,,1u9jax6i0ynm3s9mwmfanvk0k,Espen Eskås,Celtic FC,FK Kairat Almaty,L. Scales,0,1,1,0,1,0,0,0,99,0,0,4,0,0,0
7,20 Aug 2025,,1u9jax6i0ynm3s9mwmfanvk0k,Espen Eskås,Celtic FC,FK Kairat Almaty,K. Tierney,0,0,3,6,0,2,0,0,47,0,0,0,0,1,1
7,20 Aug 2025,,1u9jax6i0ynm3s9mwmfanvk0k,Espen Eskås,Celtic FC,FK Kairat Almaty,R. Hatate,0,1,1,3,3,0,0,0,67,0,0,2,1,0,0
7,20 Aug 2025,,1u9jax6i0ynm3s9mwmfanvk0k,Espen Eskås,Celtic FC,FK Kairat Almaty,D. Maeda,0,0,0,1,0,1,0,0,32,0,0,1,1,0,0
7,20 Aug 2025,,1u9jax6i0ynm3s9mwmfanvk0k,Espen Eskås,Celtic FC,FK Kairat Almaty,C. McGregor,0,1,1,0,1,2,0,0,60,0,0,1,0,3,1
7,20 Aug 2025,,1u9jax6i0ynm3s9mwmfanvk0k,Espen Eskås,Celtic FC,FK Kairat Almaty,J. Forrest,0,0,2,2,1,1,0,0,36,0,0,1,1,1,0
7,20 Aug 2025,,1u9jax6i0ynm3s9mwmfanvk0k,Espen Eskås,Celtic FC,FK Kairat Almaty,B. Nygren,0,1,5,11,0,0,0,0,45,0,0,1,0,2,0
7,20 Aug 2025,,1u9jax6i0ynm3s9mwmfanvk0k,Espen Eskås,Celtic FC,FK Kairat Almaty,A. Ralston,0,0,1,1,0,2,0,0,61,0,0,0,0,1,0
7,20 Aug 2025,,1u9jax6i0ynm3s9mwmfanvk0k,Espen Eskås,Celtic FC,FK Kairat Almaty,Yang Hyun-Jun,0,0,0,1,2,0,0,0,28,0,0,0,0,1,0
7,20 Aug 2025,,1u9jax6i0ynm3s9mwmfanvk0k,Espen Eskås,Celtic FC,FK Kairat Almaty,A. Engels,0,0,1,5,0,0,0,0,14,0,0,0,0,0,0
7,20 Aug 2025,,1u9jax6i0ynm3s9mwmfanvk0k,Espen Eskås,Celtic FC,FK Kairat Almaty,A. Trusty,0,0,0,0,0,0,0,0,26,0,0,0,0,0,0
7,20 Aug 2025,,1u9jax6i0ynm3s9mwmfanvk0k,Espen Eskås,Celtic FC,FK Kairat Almaty,S. Yamada,0,0,0,0,0,0,0,0,3,0,0,0,0,0,0
7,20 Aug 2025,,1u9jax6i0ynm3s9mwmfanvk0k,Espen Eskås,Celtic FC,FK Kairat Almaty,Jorginho,0,2,0,0,0,4,0,0,18,0,0,2,0,2,0
7,20 Aug 2025,,1u9jax6i0ynm3s9mwmfanvk0k,Espen Eskås,Celtic FC,FK Kairat Almaty,D. Glazer,0,0,0,0,0,0,0,0,18,0,0,0,0,2,1
7,20 Aug 2025,,1u9jax6i0ynm3s9mwmfanvk0k,Espen Eskås,Celtic FC,FK Kairat Almaty,E. Sorokin,0,0,0,0,0,0,0,0,20,0,0,0,0,3,0
7,20 Aug 2025,,1u9jax6i0ynm3s9mwmfanvk0k,Espen Eskås,Celtic FC,FK Kairat Almaty,A. Zarutskiy,0,0,0,0,0,0,0,0,22,0,2,0,0,0,0
7,20 Aug 2025,,1u9jax6i0ynm3s9mwmfanvk0k,Espen Eskås,Celtic FC,FK Kairat Almaty,Edmilson,0,1,1,0,1,0,0,0,13,0,0,3,0,0,0
7,20 Aug 2025,,1u9jax6i0ynm3s9mwmfanvk0k,Espen Eskås,Celtic FC,FK Kairat Almaty,E. Tapalov,0,0,0,1,2,2,0,0,15,0,0,0,0,1,0
7,20 Aug 2025,,1u9jax6i0ynm3s9mwmfanvk0k,Espen Eskås,Celtic FC,FK Kairat Almaty,O. Arad,0,0,0,0,0,0,0,0,25,0,0,2,0,5,0
7,20 Aug 2025,,1u9jax6i0ynm3s9mwmfanvk0k,Espen Eskås,Celtic FC,FK Kairat Almaty,D. Satpaev,0,0,0,1,2,0,0,0,12,0,0,0,0,1,1
7,20 Aug 2025,,1u9jax6i0ynm3s9mwmfanvk0k,Espen Eskås,Celtic FC,FK Kairat Almaty,A. Mrynskiy,0,0,2,3,1,0,0,0,21,0,0,0,0,1,0
7,20 Aug 2025,,1u9jax6i0ynm3s9mwmfanvk0k,Espen Eskås,Celtic FC,FK Kairat Almaty,V. Gromyko,0,0,0,4,2,3,0,1,24,0,0,0,0,1,0
7,20 Aug 2025,,1u9jax6i0ynm3s9mwmfanvk0k,Espen Eskås,Celtic FC,FK Kairat Almaty,A. Martynovich,0,0,0,0,1,1,0,1,29,0,0,0,0,0,1
7,20 Aug 2025,,1u9jax6i0ynm3s9mwmfanvk0k,Espen Eskås,Celtic FC,FK Kairat Almaty,T. Anarbekov,0,0,0,0,0,0,0,0,9,0,1,0,0,0,0
7,20 Aug 2025,,1u9jax6i0ynm3s9mwmfanvk0k,Espen Eskås,Celtic FC,FK Kairat Almaty,Ricardinho,0,0,0,0,0,0,0,1,2,0,0,1,0,0,0
8,26 Aug 2025,,1xzbxz6fpa09fpl2m14lzcdg4,Maurizio Mariani,FK Kairat Almaty,Celtic FC,E. Tapalov,0,0,0,7,0,2,0,0,18,0,0,0,0,3,0
8,26 Aug 2025,,1xzbxz6fpa09fpl2m14lzcdg4,Maurizio Mariani,FK Kairat Almaty,Celtic FC,A. Martynovich,0,0,0,0,2,3,0,0,28,0,0,1,1,0,0
8,26 Aug 2025,,1xzbxz6fpa09fpl2m14lzcdg4,Maurizio Mariani,FK Kairat Almaty,Celtic FC,T. Anarbekov,0,0,0,0,0,0,0,0,25,0,1,0,0,0,0
8,26 Aug 2025,,1xzbxz6fpa09fpl2m14lzcdg4,Maurizio Mariani,FK Kairat Almaty,Celtic FC,A. Mrynskiy,0,0,0,0,0,1,0,0,20,0,0,0,0,7,0
8,26 Aug 2025,,1xzbxz6fpa09fpl2m14lzcdg4,Maurizio Mariani,FK Kairat Almaty,Celtic FC,Jorginho,0,0,0,0,0,3,0,0,17,0,0,2,1,1,0
8,26 Aug 2025,,1xzbxz6fpa09fpl2m14lzcdg4,Maurizio Mariani,FK Kairat Almaty,Celtic FC,Luís Mata,0,0,1,5,2,0,0,0,21,0,0,0,0,3,0
8,26 Aug 2025,,1xzbxz6fpa09fpl2m14lzcdg4,Maurizio Mariani,FK Kairat Almaty,Celtic FC,V. Gromyko,0,2,2,8,1,3,0,0,35,0,0,2,0,2,0
8,26 Aug 2025,,1xzbxz6fpa09fpl2m14lzcdg4,Maurizio Mariani,FK Kairat Almaty,Celtic FC,O. Arad,0,0,1,0,2,1,0,0,31,0,0,1,1,3,0
8,26 Aug 2025,,1xzbxz6fpa09fpl2m14lzcdg4,Maurizio Mariani,FK Kairat Almaty,Celtic FC,E. Sorokin,0,0,0,0,1,0,0,0,29,0,0,0,0,3,0
8,26 Aug 2025,,1xzbxz6fpa09fpl2m14lzcdg4,Maurizio Mariani,FK Kairat Almaty,Celtic FC,Ricardinho,0,1,0,1,2,2,0,3,13,0,0,1,0,2,0
8,26 Aug 2025,,1xzbxz6fpa09fpl2m14lzcdg4,Maurizio Mariani,FK Kairat Almaty,Celtic FC,D. Glazer,0,0,0,0,0,0,0,0,20,0,0,1,0,4,0
8,26 Aug 2025,,1xzbxz6fpa09fpl2m14lzcdg4,Maurizio Mariani,FK Kairat Almaty,Celtic FC,D. Kasabulat,0,1,0,0,0,0,0,0,12,0,0,1,0,0,0
8,26 Aug 2025,,1xzbxz6fpa09fpl2m14lzcdg4,Maurizio Mariani,FK Kairat Almaty,Celtic FC,R. Bagdat,0,0,0,0,0,0,0,0,2,0,0,1,0,1,0
8,26 Aug 2025,,1xzbxz6fpa09fpl2m14lzcdg4,Maurizio Mariani,FK Kairat Almaty,Celtic FC,J. Stanojev,0,0,0,0,0,0,0,0,0,0,0,0,0,0,0
8,26 Aug 2025,,1xzbxz6fpa09fpl2m14lzcdg4,Maurizio Mariani,FK Kairat Almaty,Celtic FC,O. Baybek,0,0,0,0,0,0,0,0,0,0,0,0,0,0,0
8,26 Aug 2025,,1xzbxz6fpa09fpl2m14lzcdg4,Maurizio Mariani,FK Kairat Almaty,Celtic FC,B. Nygren,0,0,0,2,2,2,0,0,28,0,0,0,0,2,0
8,26 Aug 2025,,1xzbxz6fpa09fpl2m14lzcdg4,Maurizio Mariani,FK Kairat Almaty,Celtic FC,C. Carter-Vickers,0,0,0,0,2,2,0,0,83,0,0,0,0,1,0
8,26 Aug 2025,,1xzbxz6fpa09fpl2m14lzcdg4,Maurizio Mariani,FK Kairat Almaty,Celtic FC,L. Scales,0,0,0,0,0,1,0,0,76,0,0,0,0,0,0
8,26 Aug 2025,,1xzbxz6fpa09fpl2m14lzcdg4,Maurizio Mariani,FK Kairat Almaty,Celtic FC,K. Tierney,0,0,0,1,1,0,0,0,37,0,0,0,0,0,0
8,26 Aug 2025,,1xzbxz6fpa09fpl2m14lzcdg4,Maurizio Mariani,FK Kairat Almaty,Celtic FC,Yang Hyun-Jun,0,0,0,0,1,0,0,0,23,0,0,0,0,2,0
8,26 Aug 2025,,1xzbxz6fpa09fpl2m14lzcdg4,Maurizio Mariani,FK Kairat Almaty,Celtic FC,C. McGregor,0,1,0,0,1,0,0,0,62,0,0,1,0,2,0
8,26 Aug 2025,,1xzbxz6fpa09fpl2m14lzcdg4,Maurizio Mariani,FK Kairat Almaty,Celtic FC,J. Forrest,0,0,1,1,0,1,0,0,13,0,0,1,1,0,0
8,26 Aug 2025,,1xzbxz6fpa09fpl2m14lzcdg4,Maurizio Mariani,FK Kairat Almaty,Celtic FC,A. Ralston,0,0,1,2,2,1,0,0,42,0,0,0,0,2,0
8,26 Aug 2025,,1xzbxz6fpa09fpl2m14lzcdg4,Maurizio Mariani,FK Kairat Almaty,Celtic FC,K. Schmeichel,0,0,0,0,1,0,0,0,37,0,2,0,0,0,0
8,26 Aug 2025,,1xzbxz6fpa09fpl2m14lzcdg4,Maurizio Mariani,FK Kairat Almaty,Celtic FC,R. Hatate,0,0,0,1,2,0,0,0,55,0,0,0,0,1,0
8,26 Aug 2025,,1xzbxz6fpa09fpl2m14lzcdg4,Maurizio Mariani,FK Kairat Almaty,Celtic FC,D. Maeda,0,0,1,2,3,2,0,0,17,0,0,1,0,1,0
8,26 Aug 2025,,1xzbxz6fpa09fpl2m14lzcdg4,Maurizio Mariani,FK Kairat Almaty,Celtic FC,A. Engels,0,0,0,2,0,0,0,0,15,0,0,1,0,1,0
8,26 Aug 2025,,1xzbxz6fpa09fpl2m14lzcdg4,Maurizio Mariani,FK Kairat Almaty,Celtic FC,A. Idah,0,0,0,0,1,0,0,0,7,0,0,0,0,0,0
8,26 Aug 2025,,1xzbxz6fpa09fpl2m14lzcdg4,Maurizio Mariani,FK Kairat Almaty,Celtic FC,D. Murray,0,0,0,0,0,0,0,0,22,0,0,0,0,0,0
8,26 Aug 2025,,1xzbxz6fpa09fpl2m14lzcdg4,Maurizio Mariani,FK Kairat Almaty,Celtic FC,L. McCowan,0,0,0,0,0,0,0,0,0,0,0,0,0,0,0
8,26 Aug 2025,,1xzbxz6fpa09fpl2m14lzcdg4,Maurizio Mariani,FK Kairat Almaty,Celtic FC,C. Donovan,0,0,0,0,0,0,0,0,0,0,0,0,0,0,0
17,20 Aug 2025,,3iubkdxqqo0td0u2ib5ig8lck,Anthony Taylor,FC Basel 1893,FC København,X. Shaqiri,0,0,0,3,1,1,1,0,45,0,0,2,1,2,0
17,20 Aug 2025,,3iubkdxqqo0td0u2ib5ig8lck,Anthony Taylor,FC Basel 1893,FC København,J. Adjetey,0,0,0,0,4,0,0,0,61,1,0,0,0,0,2
17,20 Aug 2025,,3iubkdxqqo0td0u2ib5ig8lck,Anthony Taylor,FC Basel 1893,FC København,A. Barišić,0,0,0,0,1,0,0,0,56,0,0,0,0,1,1
17,20 Aug 2025,,3iubkdxqqo0td0u2ib5ig8lck,Anthony Taylor,FC Basel 1893,FC København,A. Ajeti,0,0,0,0,1,1,0,0,9,0,0,2,1,0,0
17,20 Aug 2025,,3iubkdxqqo0td0u2ib5ig8lck,Anthony Taylor,FC Basel 1893,FC København,K. Tsunemoto,0,0,1,3,2,2,0,0,40,0,0,0,0,2,1
17,20 Aug 2025,,3iubkdxqqo0td0u2ib5ig8lck,Anthony Taylor,FC Basel 1893,FC København,Metinho,0,0,0,0,1,2,0,0,55,0,0,1,0,3,0
17,20 Aug 2025,,3iubkdxqqo0td0u2ib5ig8lck,Anthony Taylor,FC Basel 1893,FC København,L. Leroy,0,0,1,0,1,4,0,0,44,0,0,3,3,1,1
17,20 Aug 2025,,3iubkdxqqo0td0u2ib5ig8lck,Anthony Taylor,FC Basel 1893,FC København,M. Hitz,0,0,0,0,0,0,0,0,29,0,3,0,0,0,0
17,20 Aug 2025,,3iubkdxqqo0td0u2ib5ig8lck,Anthony Taylor,FC Basel 1893,FC København,D. Schmid,0,0,0,4,0,1,0,0,45,0,0,0,0,0,0
17,20 Aug 2025,,3iubkdxqqo0td0u2ib5ig8lck,Anthony Taylor,FC Basel 1893,FC København,P. Otele,0,1,0,4,0,1,0,0,22,0,0,2,1,1,0
17,20 Aug 2025,,3iubkdxqqo0td0u2ib5ig8lck,Anthony Taylor,FC Basel 1893,FC København,M. Šotiček,0,0,0,0,0,0,0,0,17,0,0,0,0,2,0
17,20 Aug 2025,,3iubkdxqqo0td0u2ib5ig8lck,Anthony Taylor,FC Basel 1893,FC København,M. Broschinski,0,0,0,0,0,0,0,0,1,0,0,1,0,0,0
17,20 Aug 2025,,3iubkdxqqo0td0u2ib5ig8lck,Anthony Taylor,FC Basel 1893,FC København,K. Koindredi,0,0,0,0,0,0,0,0,5,0,0,0,0,0,0
17,20 Aug 2025,,3iubkdxqqo0td0u2ib5ig8lck,Anthony Taylor,FC Basel 1893,FC København,N. Vouilloz,0,0,0,0,0,0,0,0,1,0,0,0,0,0,0
17,20 Aug 2025,,3iubkdxqqo0td0u2ib5ig8lck,Anthony Taylor,FC Basel 1893,FC København,Gabriel Pereira,0,0,0,0,0,0,1,0,86,0,0,1,1,1,0
17,20 Aug 2025,,3iubkdxqqo0td0u2ib5ig8lck,Anthony Taylor,FC Basel 1893,FC København,M. Elyounoussi,0,0,0,1,1,2,0,0,31,0,0,0,0,1,0
17,20 Aug 2025,,3iubkdxqqo0td0u2ib5ig8lck,Anthony Taylor,FC Basel 1893,FC København,L. Lerager,0,0,0,0,4,1,0,0,48,0,0,0,0,4,1
17,20 Aug 2025,,3iubkdxqqo0td0u2ib5ig8lck,Anthony Taylor,FC Basel 1893,FC København,D. Kotarski,0,0,0,0,0,0,0,0,38,0,5,0,0,0,0
17,20 Aug 2025,,3iubkdxqqo0td0u2ib5ig8lck,Anthony Taylor,FC Basel 1893,FC København,M. López,1,1,1,3,0,0,0,0,51,0,0,2,1,0,0
17,20 Aug 2025,,3iubkdxqqo0td0u2ib5ig8lck,Anthony Taylor,FC Basel 1893,FC København,Robert Silva,0,0,0,1,1,3,0,0,15,0,0,0,0,3,0
17,20 Aug 2025,,3iubkdxqqo0td0u2ib5ig8lck,Anthony Taylor,FC Basel 1893,FC København,A. Cornelius,0,0,0,0,1,3,0,2,20,0,0,2,2,1,0
17,20 Aug 2025,,3iubkdxqqo0td0u2ib5ig8lck,Anthony Taylor,FC Basel 1893,FC København,P. Hatzidiakos,0,0,0,0,1,0,0,0,91,0,0,0,0,1,0
17,20 Aug 2025,,3iubkdxqqo0td0u2ib5ig8lck,Anthony Taylor,FC Basel 1893,FC København,W. Clem,0,0,0,0,0,0,0,0,43,0,0,1,0,1,0
17,20 Aug 2025,,3iubkdxqqo0td0u2ib5ig8lck,Anthony Taylor,FC Basel 1893,FC København,R. Huescas,0,0,0,5,2,0,0,0,55,0,0,0,0,1,1
17,20 Aug 2025,,3iubkdxqqo0td0u2ib5ig8lck,Anthony Taylor,FC Basel 1893,FC København,J. Larsson,0,3,1,1,1,0,0,0,23,0,0,4,0,1,1
17,20 Aug 2025,,3iubkdxqqo0td0u2ib5ig8lck,Anthony Taylor,FC Basel 1893,FC København,Y. Moukoko,0,0,0,1,1,1,0,0,6,0,0,0,0,0,0
17,20 Aug 2025,,3iubkdxqqo0td0u2ib5ig8lck,Anthony Taylor,FC Basel 1893,FC København,M. Mattsson,0,0,0,1,0,0,0,0,10,0,0,0,0,1,0
17,20 Aug 2025,,3iubkdxqqo0td0u2ib5ig8lck,Anthony Taylor,FC Basel 1893,FC København,V. Claesson,0,1,1,0,0,0,0,0,4,0,0,1,0,0,0
18,27 Aug 2025,,3kcpr67bjfbqjx7tkkuv1u2ok,István Kovács,FC København,FC Basel 1893,M. Elyounoussi,0,0,1,3,3,1,0,0,33,0,0,0,0,4,0
18,27 Aug 2025,,3kcpr67bjfbqjx7tkkuv1u2ok,István Kovács,FC København,FC Basel 1893,D. Kotarski,0,0,0,0,0,0,0,0,32,0,5,0,0,0,0
18,27 Aug 2025,,3kcpr67bjfbqjx7tkkuv1u2ok,István Kovács,FC København,FC Basel 1893,M. López,0,0,0,1,1,4,0,0,47,0,0,1,0,1,0
18,27 Aug 2025,,3kcpr67bjfbqjx7tkkuv1u2ok,István Kovács,FC København,FC Basel 1893,P. Hatzidiakos,0,0,0,0,1,1,0,1,39,0,0,0,0,2,0
18,27 Aug 2025,,3kcpr67bjfbqjx7tkkuv1u2ok,István Kovács,FC København,FC Basel 1893,R. Huescas,0,0,0,0,1,0,0,0,32,0,0,0,0,5,0
18,27 Aug 2025,,3kcpr67bjfbqjx7tkkuv1u2ok,István Kovács,FC København,FC Basel 1893,L. Lerager,0,1,0,0,2,2,0,0,42,0,0,1,0,9,0
18,27 Aug 2025,,3kcpr67bjfbqjx7tkkuv1u2ok,István Kovács,FC København,FC Basel 1893,E. Achouri,1,0,1,3,3,0,0,0,26,0,0,0,0,3,0
18,27 Aug 2025,,3kcpr67bjfbqjx7tkkuv1u2ok,István Kovács,FC København,FC Basel 1893,M. Mattsson,0,0,1,4,0,2,0,0,33,0,0,2,2,3,0
18,27 Aug 2025,,3kcpr67bjfbqjx7tkkuv1u2ok,István Kovács,FC København,FC Basel 1893,Gabriel Pereira,0,0,0,0,1,0,0,0,42,0,0,1,0,1,0
18,27 Aug 2025,,3kcpr67bjfbqjx7tkkuv1u2ok,István Kovács,FC København,FC Basel 1893,J. Larsson,0,0,0,2,2,0,0,0,20,0,0,2,1,1,0
18,27 Aug 2025,,3kcpr67bjfbqjx7tkkuv1u2ok,István Kovács,FC København,FC Basel 1893,A. Cornelius,0,0,0,1,2,3,1,0,24,0,0,1,1,0,0
18,27 Aug 2025,,3kcpr67bjfbqjx7tkkuv1u2ok,István Kovács,FC København,FC Basel 1893,W. Clem,0,0,0,0,1,0,0,0,15,0,0,0,0,0,0
18,27 Aug 2025,,3kcpr67bjfbqjx7tkkuv1u2ok,István Kovács,FC København,FC Basel 1893,Y. Moukoko,0,0,0,0,3,0,1,0,5,0,0,2,2,0,0
18,27 Aug 2025,,3kcpr67bjfbqjx7tkkuv1u2ok,István Kovács,FC København,FC Basel 1893,V. Claesson,0,0,0,0,2,2,0,0,8,0,0,0,0,0,1
18,27 Aug 2025,,3kcpr67bjfbqjx7tkkuv1u2ok,István Kovács,FC København,FC Basel 1893,Robert Silva,0,0,0,0,3,0,0,0,5,0,0,1,1,1,0
18,27 Aug 2025,,3kcpr67bjfbqjx7tkkuv1u2ok,István Kovács,FC København,FC Basel 1893,A. Barišić,0,0,0,1,3,0,0,0,74,0,0,0,0,2,0
18,27 Aug 2025,,3kcpr67bjfbqjx7tkkuv1u2ok,István Kovács,FC København,FC Basel 1893,L. Leroy,0,1,1,0,2,1,0,0,55,0,0,4,0,1,0
18,27 Aug 2025,,3kcpr67bjfbqjx7tkkuv1u2ok,István Kovács,FC København,FC Basel 1893,N. Vouilloz,0,0,0,0,1,2,0,0,83,0,0,0,0,2,0
18,27 Aug 2025,,3kcpr67bjfbqjx7tkkuv1u2ok,István Kovács,FC København,FC Basel 1893,M. Hitz,0,0,0,0,0,0,0,0,35,0,5,0,0,0,0
18,27 Aug 2025,,3kcpr67bjfbqjx7tkkuv1u2ok,István Kovács,FC København,FC Basel 1893,P. Otele,0,1,1,7,0,3,0,2,27,0,0,2,1,1,0
18,27 Aug 2025,,3kcpr67bjfbqjx7tkkuv1u2ok,István Kovács,FC København,FC Basel 1893,D. Schmid,0,0,1,4,0,1,0,0,51,0,0,1,1,0,0
18,27 Aug 2025,,3kcpr67bjfbqjx7tkkuv1u2ok,István Kovács,FC København,FC Basel 1893,K. Tsunemoto,0,0,0,3,1,6,0,0,50,0,0,1,0,3,0
18,27 Aug 2025,,3kcpr67bjfbqjx7tkkuv1u2ok,István Kovács,FC København,FC Basel 1893,M. Šotiček,0,1,0,1,4,0,0,0,14,0,0,1,0,1,0
18,27 Aug 2025,,3kcpr67bjfbqjx7tkkuv1u2ok,István Kovács,FC København,FC Basel 1893,X. Shaqiri,0,3,2,9,2,1,0,0,39,0,0,4,1,1,0
18,27 Aug 2025,,3kcpr67bjfbqjx7tkkuv1u2ok,István Kovács,FC København,FC Basel 1893,M. Broschinski,0,0,1,0,1,1,0,1,12,0,0,4,2,1,0
18,27 Aug 2025,,3kcpr67bjfbqjx7tkkuv1u2ok,István Kovács,FC København,FC Basel 1893,Metinho,0,2,0,1,0,7,0,0,74,0,0,2,0,0,0
18,27 Aug 2025,,3kcpr67bjfbqjx7tkkuv1u2ok,István Kovács,FC København,FC Basel 1893,A. Ajeti,0,0,0,0,0,0,0,0,3,0,0,0,0,0,0
18,27 Aug 2025,,3kcpr67bjfbqjx7tkkuv1u2ok,István Kovács,FC København,FC Basel 1893,K. Koindredi,0,0,0,2,0,2,0,0,10,0,0,0,0,1,0
18,27 Aug 2025,,3kcpr67bjfbqjx7tkkuv1u2ok,István Kovács,FC København,FC Basel 1893,J. Zé,0,1,0,0,1,1,0,0,5,0,0,1,0,0,0
18,27 Aug 2025,,3kcpr67bjfbqjx7tkkuv1u2ok,István Kovács,FC København,FC Basel 1893,Kaio Eduardo,0,0,0,0,0,0,0,0,2,0,0,0,0,1,0
22,23 Jul 2025,,48bnci3h4qtm8qeph5cm74lqs,Damian Sylwestrzak,SK Brann,FC Salzburg,S. Magnússon,0,0,0,0,1,4,1,0,25,0,0,1,1,1,0
22,23 Jul 2025,,48bnci3h4qtm8qeph5cm74lqs,Damian Sylwestrzak,SK Brann,FC Salzburg,J. Sørensen,0,0,0,0,0,0,0,0,38,0,0,0,0,1,1
22,23 Jul 2025,,48bnci3h4qtm8qeph5cm74lqs,Damian Sylwestrzak,SK Brann,FC Salzburg,U. Mathisen,0,0,0,0,3,0,0,0,12,0,0,0,0,1,1
22,23 Jul 2025,,48bnci3h4qtm8qeph5cm74lqs,Damian Sylwestrzak,SK Brann,FC Salzburg,E. Helland,1,0,0,0,0,1,0,0,50,0,0,0,0,1,0
22,23 Jul 2025,,48bnci3h4qtm8qeph5cm74lqs,Damian Sylwestrzak,SK Brann,FC Salzburg,T. Pedersen,0,0,0,0,1,1,0,0,24,0,0,0,0,1,0
22,23 Jul 2025,,48bnci3h4qtm8qeph5cm74lqs,Damian Sylwestrzak,SK Brann,FC Salzburg,E. Kornvig,0,0,0,1,0,4,0,0,34,0,0,2,1,2,0
22,23 Jul 2025,,48bnci3h4qtm8qeph5cm74lqs,Damian Sylwestrzak,SK Brann,FC Salzburg,J. Sery Larsen,0,0,0,0,1,3,0,0,44,0,0,1,0,1,1
22,23 Jul 2025,,48bnci3h4qtm8qeph5cm74lqs,Damian Sylwestrzak,SK Brann,FC Salzburg,M. Dyngeland,0,0,0,0,0,1,0,0,37,0,6,0,0,0,0
22,23 Jul 2025,,48bnci3h4qtm8qeph5cm74lqs,Damian Sylwestrzak,SK Brann,FC Salzburg,J. Soltvedt,0,0,0,5,1,2,0,0,50,0,0,0,0,1,0
22,23 Jul 2025,,48bnci3h4qtm8qeph5cm74lqs,Damian Sylwestrzak,SK Brann,FC Salzburg,F. Myhre,0,0,0,0,2,2,0,0,30,0,0,2,0,1,1
22,23 Jul 2025,,48bnci3h4qtm8qeph5cm74lqs,Damian Sylwestrzak,SK Brann,FC Salzburg,E. Guðmundsson,0,0,0,0,0,0,0,0,20,0,0,1,0,4,0
22,23 Jul 2025,,48bnci3h4qtm8qeph5cm74lqs,Damian Sylwestrzak,SK Brann,FC Salzburg,M. Sande,0,0,0,0,1,0,0,1,11,0,0,0,0,0,0
22,23 Jul 2025,,48bnci3h4qtm8qeph5cm74lqs,Damian Sylwestrzak,SK Brann,FC Salzburg,D. De Roeve,0,0,0,0,0,0,0,0,11,0,0,0,0,1,0
22,23 Jul 2025,,48bnci3h4qtm8qeph5cm74lqs,Damian Sylwestrzak,SK Brann,FC Salzburg,B. Finne,0,1,1,1,0,0,0,0,3,0,0,1,0,0,0
22,23 Jul 2025,,48bnci3h4qtm8qeph5cm74lqs,Damian Sylwestrzak,SK Brann,FC Salzburg,R. Holten,0,0,0,0,0,0,0,0,11,0,0,0,0,1,0
22,23 Jul 2025,,48bnci3h4qtm8qeph5cm74lqs,Damian Sylwestrzak,SK Brann,FC Salzburg,M. Hansen,0,0,0,1,0,0,0,0,3,0,0,0,0,1,0
22,23 Jul 2025,,48bnci3h4qtm8qeph5cm74lqs,Damian Sylwestrzak,SK Brann,FC Salzburg,M. Diambou,0,0,0,0,3,0,0,0,20,0,0,0,0,3,1
22,23 Jul 2025,,48bnci3h4qtm8qeph5cm74lqs,Damian Sylwestrzak,SK Brann,FC Salzburg,J. Rasmussen,0,0,0,0,1,0,0,0,74,0,0,0,0,1,0
22,23 Jul 2025,,48bnci3h4qtm8qeph5cm74lqs,Damian Sylwestrzak,SK Brann,FC Salzburg,A. Daghim,0,0,0,1,1,0,0,1,14,0,0,0,0,1,0
22,23 Jul 2025,,48bnci3h4qtm8qeph5cm74lqs,Damian Sylwestrzak,SK Brann,FC Salzburg,M. Bidstrup,0,0,0,1,3,2,0,0,42,0,0,0,0,4,0
22,23 Jul 2025,,48bnci3h4qtm8qeph5cm74lqs,Damian Sylwestrzak,SK Brann,FC Salzburg,E. Baidoo,0,0,1,0,1,1,0,2,16,0,0,1,1,1,0
22,23 Jul 2025,,48bnci3h4qtm8qeph5cm74lqs,Damian Sylwestrzak,SK Brann,FC Salzburg,F. Krätzig,0,0,1,4,0,1,0,0,53,0,0,2,2,1,0
22,23 Jul 2025,,48bnci3h4qtm8qeph5cm74lqs,Damian Sylwestrzak,SK Brann,FC Salzburg,A. Schlager,0,0,0,0,0,0,0,0,40,0,1,0,0,0,0
22,23 Jul 2025,,48bnci3h4qtm8qeph5cm74lqs,Damian Sylwestrzak,SK Brann,FC Salzburg,S. Lainer,1,0,1,5,0,1,0,0,36,0,0,1,0,1,0
22,23 Jul 2025,,48bnci3h4qtm8qeph5cm74lqs,Damian Sylwestrzak,SK Brann,FC Salzburg,O. Gloukh,1,2,0,4,1,2,0,0,33,0,0,3,1,0,0
22,23 Jul 2025,,48bnci3h4qtm8qeph5cm74lqs,Damian Sylwestrzak,SK Brann,FC Salzburg,J. Gadou,0,0,0,0,2,0,0,0,52,0,0,2,0,1,0
22,23 Jul 2025,,48bnci3h4qtm8qeph5cm74lqs,Damian Sylwestrzak,SK Brann,FC Salzburg,D. Nene,0,2,3,3,3,0,1,1,22,0,0,4,1,1,0
22,23 Jul 2025,,48bnci3h4qtm8qeph5cm74lqs,Damian Sylwestrzak,SK Brann,FC Salzburg,K. Onisiwo,0,0,1,0,3,0,1,1,12,0,0,3,2,0,0
22,23 Jul 2025,,48bnci3h4qtm8qeph5cm74lqs,Damian Sylwestrzak,SK Brann,FC Salzburg,M. Kjærgaard,0,0,0,4,0,2,1,0,20,0,0,2,1,0,0
22,23 Jul 2025,,48bnci3h4qtm8qeph5cm74lqs,Damian Sylwestrzak,SK Brann,FC Salzburg,Y. Vertessen,0,0,0,0,0,0,1,0,5,0,0,1,1,1,0
22,23 Jul 2025,,48bnci3h4qtm8qeph5cm74lqs,Damian Sylwestrzak,SK Brann,FC Salzburg,S. Kitano,0,1,0,0,0,0,0,0,4,0,0,3,1,0,0
22,23 Jul 2025,,48bnci3h4qtm8qeph5cm74lqs,Damian Sylwestrzak,SK Brann,FC Salzburg,K. Alajbegović,0,0,0,0,0,0,0,0,1,0,0,0,0,0,0
