Aux,Fecha,Jornada,ID_PARTIDO,Arbitro,Equipo_local,Equipo_Visitante,Jugador,Assists,Blocked shots,Corners won,Crosses,Fouls conceded,Fouls won,Goals,Offsides,Passes,Red cards,Saves,Shots,Shots on target,Tackles,Yellow cards
127,2 Nov 2025,,4xiz7c5qb9jn37kz0u16vnp5g,Miguel González Díaz,FC Andorra,Cádiz CF,Manu Nieto,0,0,0,0,0,3,0,1,16,0,0,1,0,0,0
127,2 Nov 2025,,4xiz7c5qb9jn37kz0u16vnp5g,Miguel González Díaz,FC Andorra,Cádiz CF,Sergio Molina,0,2,1,2,4,0,0,0,50,0,0,2,0,0,0
127,2 Nov 2025,,4xiz7c5qb9jn37kz0u16vnp5g,Miguel González Díaz,FC Andorra,Cádiz CF,Imanol García de Albéniz,0,0,3,10,3,0,0,0,38,0,0,0,0,1,1
127,2 Nov 2025,,4xiz7c5qb9jn37kz0u16vnp5g,Miguel González Díaz,FC Andorra,Cádiz CF,Jesús Owono,0,0,0,0,0,0,0,0,42,0,1,0,0,0,0
127,2 Nov 2025,,4xiz7c5qb9jn37kz0u16vnp5g,Miguel González Díaz,FC Andorra,Cádiz CF,Bomba,0,0,0,0,1,0,0,0,55,0,0,0,0,0,0
127,2 Nov 2025,,4xiz7c5qb9jn37kz0u16vnp5g,Miguel González Díaz,FC Andorra,Cádiz CF,Kim Min-Su,0,2,2,3,2,0,0,0,28,0,0,3,1,2,0
127,2 Nov 2025,,4xiz7c5qb9jn37kz0u16vnp5g,Miguel González Díaz,FC Andorra,Cádiz CF,Dani Villahermosa,0,1,1,2,2,0,0,0,42,0,0,1,0,2,0
127,2 Nov 2025,,4xiz7c5qb9jn37kz0u16vnp5g,Miguel González Díaz,FC Andorra,Cádiz CF,Gael Alonso,0,0,0,0,1,4,0,0,63,0,0,1,0,0,1
127,2 Nov 2025,,4xiz7c5qb9jn37kz0u16vnp5g,Miguel González Díaz,FC Andorra,Cádiz CF,T. Le Normand,0,0,1,1,2,1,0,0,15,0,0,0,0,1,0
127,2 Nov 2025,,4xiz7c5qb9jn37kz0u16vnp5g,Miguel González Díaz,FC Andorra,Cádiz CF,T. Carrique,0,1,1,2,1,4,0,0,27,0,0,1,0,1,1
127,2 Nov 2025,,4xiz7c5qb9jn37kz0u16vnp5g,Miguel González Díaz,FC Andorra,Cádiz CF,Aingeru Olabarrieta,0,0,0,2,2,1,0,0,13,0,0,2,0,0,0
127,2 Nov 2025,,4xiz7c5qb9jn37kz0u16vnp5g,Miguel González Díaz,FC Andorra,Cádiz CF,Jastin García,0,0,0,1,0,0,0,0,12,0,0,1,1,1,0
127,2 Nov 2025,,4xiz7c5qb9jn37kz0u16vnp5g,Miguel González Díaz,FC Andorra,Cádiz CF,Marc Domènech,0,1,1,2,0,0,0,1,11,0,0,2,1,2,0
127,2 Nov 2025,,4xiz7c5qb9jn37kz0u16vnp5g,Miguel González Díaz,FC Andorra,Cádiz CF,L. de León,0,0,0,0,0,0,0,0,3,0,0,1,1,0,0
127,2 Nov 2025,,4xiz7c5qb9jn37kz0u16vnp5g,Miguel González Díaz,FC Andorra,Cádiz CF,Josep Cerdà,0,0,0,2,1,0,0,0,0,0,0,0,0,0,0
127,2 Nov 2025,,4xiz7c5qb9jn37kz0u16vnp5g,Miguel González Díaz,FC Andorra,Cádiz CF,B. Kovačević,0,0,0,0,0,0,0,0,26,0,0,1,0,0,0
127,2 Nov 2025,,4xiz7c5qb9jn37kz0u16vnp5g,Miguel González Díaz,FC Andorra,Cádiz CF,Álvaro García Pascual,0,0,0,0,4,2,0,0,16,0,0,0,0,0,0
127,2 Nov 2025,,4xiz7c5qb9jn37kz0u16vnp5g,Miguel González Díaz,FC Andorra,Cádiz CF,Suso,0,0,0,2,0,0,0,0,30,0,0,1,0,0,0
127,2 Nov 2025,,4xiz7c5qb9jn37kz0u16vnp5g,Miguel González Díaz,FC Andorra,Cádiz CF,Sergio Ortuño,0,0,0,0,0,1,0,0,37,0,0,0,0,1,0
127,2 Nov 2025,,4xiz7c5qb9jn37kz0u16vnp5g,Miguel González Díaz,FC Andorra,Cádiz CF,Juan Díaz,0,0,1,0,0,2,0,0,30,0,0,0,0,0,0
127,2 Nov 2025,,4xiz7c5qb9jn37kz0u16vnp5g,Miguel González Díaz,FC Andorra,Cádiz CF,M. Diakité,0,0,0,0,1,3,0,0,29,0,0,0,0,5,0
127,2 Nov 2025,,4xiz7c5qb9jn37kz0u16vnp5g,Miguel González Díaz,FC Andorra,Cádiz CF,Pelayo Fernández,0,0,0,0,3,0,0,1,40,0,0,0,0,1,0
127,2 Nov 2025,,4xiz7c5qb9jn37kz0u16vnp5g,Miguel González Díaz,FC Andorra,Cádiz CF,Mario Climent,0,0,1,2,1,1,0,0,41,0,0,0,0,0,1
127,2 Nov 2025,,4xiz7c5qb9jn37kz0u16vnp5g,Miguel González Díaz,FC Andorra,Cádiz CF,Victor Aznar,0,0,0,0,0,0,0,0,40,0,3,0,0,0,0
127,2 Nov 2025,,4xiz7c5qb9jn37kz0u16vnp5g,Miguel González Díaz,FC Andorra,Cádiz CF,I. Tabatadze,0,0,0,1,1,0,0,0,11,0,0,1,1,0,0
127,2 Nov 2025,,4xiz7c5qb9jn37kz0u16vnp5g,Miguel González Díaz,FC Andorra,Cádiz CF,Roger,0,0,0,0,2,0,0,0,5,0,0,1,0,2,0
127,2 Nov 2025,,4xiz7c5qb9jn37kz0u16vnp5g,Miguel González Díaz,FC Andorra,Cádiz CF,Javi Ontiveros,0,0,0,0,1,3,0,0,22,0,0,1,0,0,0
127,2 Nov 2025,,4xiz7c5qb9jn37kz0u16vnp5g,Miguel González Díaz,FC Andorra,Cádiz CF,José de la Rosa,0,0,1,2,0,3,0,0,5,0,0,0,0,0,0
127,2 Nov 2025,,4xiz7c5qb9jn37kz0u16vnp5g,Miguel González Díaz,FC Andorra,Cádiz CF,D. Camara,0,0,0,0,0,1,0,0,4,0,0,0,0,0,0
127,2 Nov 2025,,4xiz7c5qb9jn37kz0u16vnp5g,Miguel González Díaz,FC Andorra,Cádiz CF,E. Ugiagbe,0,0,0,0,1,1,0,0,2,0,0,0,0,1,1
127,2 Nov 2025,,4xiz7c5qb9jn37kz0u16vnp5g,Miguel González Díaz,FC Andorra,Cádiz CF,Álex Fernández,0,0,0,0,0,0,0,0,1,0,0,0,0,0,0
128,1 Nov 2025,,4xwm1fsub4qjt4jxumm3r9tsk,Jon Ander González Esteban,CD Leganés,Burgos CF,Álex Millán,0,1,0,0,1,0,1,0,15,0,0,4,1,0,0
128,1 Nov 2025,,4xwm1fsub4qjt4jxumm3r9tsk,Jon Ander González Esteban,CD Leganés,Burgos CF,A. Diawara,0,0,0,0,1,0,0,0,57,0,0,0,0,2,0
128,1 Nov 2025,,4xwm1fsub4qjt4jxumm3r9tsk,Jon Ander González Esteban,CD Leganés,Burgos CF,S. Cissé,0,0,0,0,0,0,0,0,28,0,0,0,0,1,0
128,1 Nov 2025,,4xwm1fsub4qjt4jxumm3r9tsk,Jon Ander González Esteban,CD Leganés,Burgos CF,Jorge Sáenz,0,0,0,0,6,0,0,0,69,0,0,1,0,1,1
128,1 Nov 2025,,4xwm1fsub4qjt4jxumm3r9tsk,Jon Ander González Esteban,CD Leganés,Burgos CF,Rubén Peña,0,0,0,5,1,1,0,0,53,0,0,0,0,3,0
128,1 Nov 2025,,4xwm1fsub4qjt4jxumm3r9tsk,Jon Ander González Esteban,CD Leganés,Burgos CF,Óscar Plano,0,0,4,2,0,2,0,0,26,0,0,0,0,0,0
128,1 Nov 2025,,4xwm1fsub4qjt4jxumm3r9tsk,Jon Ander González Esteban,CD Leganés,Burgos CF,Lalo Aguilar,0,0,1,2,1,0,0,0,58,0,0,1,0,0,0
128,1 Nov 2025,,4xwm1fsub4qjt4jxumm3r9tsk,Jon Ander González Esteban,CD Leganés,Burgos CF,Ignasi Miquel,0,0,0,0,0,1,0,0,33,0,0,1,0,0,0
128,1 Nov 2025,,4xwm1fsub4qjt4jxumm3r9tsk,Jon Ander González Esteban,CD Leganés,Burgos CF,Duk,0,0,3,4,3,6,0,0,15,0,0,2,1,1,1
128,1 Nov 2025,,4xwm1fsub4qjt4jxumm3r9tsk,Jon Ander González Esteban,CD Leganés,Burgos CF,Juan Soriano,0,0,0,0,0,0,0,0,23,0,0,0,0,0,0
128,1 Nov 2025,,4xwm1fsub4qjt4jxumm3r9tsk,Jon Ander González Esteban,CD Leganés,Burgos CF,Juan Cruz,0,2,1,13,1,3,0,0,23,0,0,2,0,4,0
128,1 Nov 2025,,4xwm1fsub4qjt4jxumm3r9tsk,Jon Ander González Esteban,CD Leganés,Burgos CF,Miguel de la Fuente,0,0,0,0,2,2,0,0,6,0,0,1,0,0,1
128,1 Nov 2025,,4xwm1fsub4qjt4jxumm3r9tsk,Jon Ander González Esteban,CD Leganés,Burgos CF,Gonzalo Melero,0,0,0,0,1,1,0,0,18,0,0,0,0,1,0
128,1 Nov 2025,,4xwm1fsub4qjt4jxumm3r9tsk,Jon Ander González Esteban,CD Leganés,Burgos CF,Roberto López,0,0,0,1,0,0,0,0,10,0,0,0,0,0,0
128,1 Nov 2025,,4xwm1fsub4qjt4jxumm3r9tsk,Jon Ander González Esteban,CD Leganés,Burgos CF,B. Pauwels,0,0,0,1,0,0,0,0,6,0,0,1,1,1,0
128,1 Nov 2025,,4xwm1fsub4qjt4jxumm3r9tsk,Jon Ander González Esteban,CD Leganés,Burgos CF,Diego García,0,0,0,0,0,0,0,0,0,0,0,0,0,0,0
128,1 Nov 2025,,4xwm1fsub4qjt4jxumm3r9tsk,Jon Ander González Esteban,CD Leganés,Burgos CF,Aitor Córdoba,0,0,0,1,1,0,0,0,15,0,0,0,0,0,1
128,1 Nov 2025,,4xwm1fsub4qjt4jxumm3r9tsk,Jon Ander González Esteban,CD Leganés,Burgos CF,Curro Sánchez,0,0,1,1,2,1,0,1,39,0,0,0,0,1,0
128,1 Nov 2025,,4xwm1fsub4qjt4jxumm3r9tsk,Jon Ander González Esteban,CD Leganés,Burgos CF,Miguel Atienza,0,0,0,0,1,1,1,0,28,0,0,1,1,2,0
128,1 Nov 2025,,4xwm1fsub4qjt4jxumm3r9tsk,Jon Ander González Esteban,CD Leganés,Burgos CF,Álex Lizancos,0,0,1,2,5,0,0,0,13,0,0,0,0,5,1
128,1 Nov 2025,,4xwm1fsub4qjt4jxumm3r9tsk,Jon Ander González Esteban,CD Leganés,Burgos CF,David González,1,0,0,3,1,3,0,2,25,0,0,0,0,3,0
128,1 Nov 2025,,4xwm1fsub4qjt4jxumm3r9tsk,Jon Ander González Esteban,CD Leganés,Burgos CF,Ander Cantero,0,0,0,0,0,0,0,0,23,0,2,0,0,0,0
128,1 Nov 2025,,4xwm1fsub4qjt4jxumm3r9tsk,Jon Ander González Esteban,CD Leganés,Burgos CF,Fer Niño,0,0,0,0,0,6,1,0,14,0,0,2,1,0,0
128,1 Nov 2025,,4xwm1fsub4qjt4jxumm3r9tsk,Jon Ander González Esteban,CD Leganés,Burgos CF,F. Miguel,0,0,1,3,2,0,0,0,25,0,0,0,0,0,1
128,1 Nov 2025,,4xwm1fsub4qjt4jxumm3r9tsk,Jon Ander González Esteban,CD Leganés,Burgos CF,Iñigo Córdoba,0,0,0,0,0,3,0,0,24,0,0,1,0,1,0
128,1 Nov 2025,,4xwm1fsub4qjt4jxumm3r9tsk,Jon Ander González Esteban,CD Leganés,Burgos CF,Grego Sierra,0,0,0,0,2,0,0,0,26,0,0,0,0,2,0
128,1 Nov 2025,,4xwm1fsub4qjt4jxumm3r9tsk,Jon Ander González Esteban,CD Leganés,Burgos CF,Iván Morante,0,0,0,0,0,1,0,0,28,0,0,2,0,2,0
128,1 Nov 2025,,4xwm1fsub4qjt4jxumm3r9tsk,Jon Ander González Esteban,CD Leganés,Burgos CF,Sergio González,0,0,0,0,1,1,0,0,6,0,0,0,0,0,0
128,1 Nov 2025,,4xwm1fsub4qjt4jxumm3r9tsk,Jon Ander González Esteban,CD Leganés,Burgos CF,K. Appin,0,0,0,0,1,0,0,0,4,0,0,0,0,1,0
128,1 Nov 2025,,4xwm1fsub4qjt4jxumm3r9tsk,Jon Ander González Esteban,CD Leganés,Burgos CF,Mario Cantero,0,0,0,0,1,0,0,0,7,0,0,0,0,0,0
128,1 Nov 2025,,4xwm1fsub4qjt4jxumm3r9tsk,Jon Ander González Esteban,CD Leganés,Burgos CF,M. Mejía,0,0,0,0,0,0,0,0,0,0,0,0,0,0,0
128,1 Nov 2025,,4xwm1fsub4qjt4jxumm3r9tsk,Jon Ander González Esteban,CD Leganés,Burgos CF,Víctor Mollejo,0,0,1,0,0,1,0,0,1,0,0,0,0,0,0
129,2 Nov 2025,,4ya6ciil8ypgf4dzccgj8vpck,Marta Huerta de Aza,Córdoba FC,AD Ceuta FC,Carlos Albarrán,0,0,1,2,2,0,0,0,16,0,0,0,0,3,0
129,2 Nov 2025,,4ya6ciil8ypgf4dzccgj8vpck,Marta Huerta de Aza,Córdoba FC,AD Ceuta FC,Jacobo González,0,1,1,0,3,2,0,0,19,0,0,3,1,1,0
129,2 Nov 2025,,4ya6ciil8ypgf4dzccgj8vpck,Marta Huerta de Aza,Córdoba FC,AD Ceuta FC,Fuentes,0,0,0,1,0,2,1,2,18,0,0,2,1,0,0
129,2 Nov 2025,,4ya6ciil8ypgf4dzccgj8vpck,Marta Huerta de Aza,Córdoba FC,AD Ceuta FC,Dali,0,1,1,5,1,0,0,1,13,0,0,2,0,0,0
129,2 Nov 2025,,4ya6ciil8ypgf4dzccgj8vpck,Marta Huerta de Aza,Córdoba FC,AD Ceuta FC,Rubén Alves,0,0,0,0,1,3,0,0,34,0,0,0,0,2,1
129,2 Nov 2025,,4ya6ciil8ypgf4dzccgj8vpck,Marta Huerta de Aza,Córdoba FC,AD Ceuta FC,Carlos Isaac,0,0,0,0,3,0,0,1,32,0,0,0,0,3,0
129,2 Nov 2025,,4ya6ciil8ypgf4dzccgj8vpck,Marta Huerta de Aza,Córdoba FC,AD Ceuta FC,Dani Requena,0,1,0,0,2,0,1,0,36,0,0,2,1,5,0
129,2 Nov 2025,,4ya6ciil8ypgf4dzccgj8vpck,Marta Huerta de Aza,Córdoba FC,AD Ceuta FC,Cristian Carracedo,1,0,1,3,1,1,0,0,34,0,0,2,0,4,0
129,2 Nov 2025,,4ya6ciil8ypgf4dzccgj8vpck,Marta Huerta de Aza,Córdoba FC,AD Ceuta FC,F. Fomeyem,0,0,0,0,2,1,0,0,40,0,0,0,0,0,0
129,2 Nov 2025,,4ya6ciil8ypgf4dzccgj8vpck,Marta Huerta de Aza,Córdoba FC,AD Ceuta FC,Isma Ruiz,0,0,0,0,2,2,0,1,32,0,0,0,0,8,0
129,2 Nov 2025,,4ya6ciil8ypgf4dzccgj8vpck,Marta Huerta de Aza,Córdoba FC,AD Ceuta FC,Iker Álvarez,0,0,0,0,0,0,0,0,31,0,2,0,0,0,0
129,2 Nov 2025,,4ya6ciil8ypgf4dzccgj8vpck,Marta Huerta de Aza,Córdoba FC,AD Ceuta FC,Alberto del Moral,0,0,0,0,0,4,0,0,16,0,0,0,0,1,1
129,2 Nov 2025,,4ya6ciil8ypgf4dzccgj8vpck,Marta Huerta de Aza,Córdoba FC,AD Ceuta FC,T. Zidane,0,0,0,0,1,0,0,0,6,0,0,0,0,0,0
129,2 Nov 2025,,4ya6ciil8ypgf4dzccgj8vpck,Marta Huerta de Aza,Córdoba FC,AD Ceuta FC,Kevin Medina,0,0,0,0,0,1,0,0,0,0,0,1,1,0,0
129,2 Nov 2025,,4ya6ciil8ypgf4dzccgj8vpck,Marta Huerta de Aza,Córdoba FC,AD Ceuta FC,Diego Bri,0,0,0,0,0,0,0,0,2,0,0,0,0,1,0
129,2 Nov 2025,,4ya6ciil8ypgf4dzccgj8vpck,Marta Huerta de Aza,Córdoba FC,AD Ceuta FC,Sergi Guardiola,0,0,0,0,0,0,0,0,6,0,0,0,0,0,0
129,2 Nov 2025,,4ya6ciil8ypgf4dzccgj8vpck,Marta Huerta de Aza,Córdoba FC,AD Ceuta FC,Rubén Díez,0,0,0,3,0,0,0,0,29,0,0,0,0,1,0
129,2 Nov 2025,,4ya6ciil8ypgf4dzccgj8vpck,Marta Huerta de Aza,Córdoba FC,AD Ceuta FC,Diego González,0,0,0,0,0,1,0,0,33,0,0,0,0,3,0
129,2 Nov 2025,,4ya6ciil8ypgf4dzccgj8vpck,Marta Huerta de Aza,Córdoba FC,AD Ceuta FC,A. Tuhami,0,0,0,0,1,1,0,0,29,0,0,0,0,2,0
129,2 Nov 2025,,4ya6ciil8ypgf4dzccgj8vpck,Marta Huerta de Aza,Córdoba FC,AD Ceuta FC,Guille Vallejo,0,0,0,0,0,1,0,0,38,0,2,0,0,0,0
129,2 Nov 2025,,4ya6ciil8ypgf4dzccgj8vpck,Marta Huerta de Aza,Córdoba FC,AD Ceuta FC,Carlos Hernández,0,0,0,0,2,0,0,0,14,0,0,1,0,2,0
129,2 Nov 2025,,4ya6ciil8ypgf4dzccgj8vpck,Marta Huerta de Aza,Córdoba FC,AD Ceuta FC,Y. Lachhab,0,0,0,0,1,1,0,0,19,0,0,0,0,0,0
129,2 Nov 2025,,4ya6ciil8ypgf4dzccgj8vpck,Marta Huerta de Aza,Córdoba FC,AD Ceuta FC,Marcos Fernández,0,0,0,1,2,4,0,0,12,0,0,0,0,1,1
129,2 Nov 2025,,4ya6ciil8ypgf4dzccgj8vpck,Marta Huerta de Aza,Córdoba FC,AD Ceuta FC,Kuki Zalazar,0,0,0,2,1,3,0,0,16,0,0,2,1,0,0
129,2 Nov 2025,,4ya6ciil8ypgf4dzccgj8vpck,Marta Huerta de Aza,Córdoba FC,AD Ceuta FC,K. Koné,0,0,1,0,0,0,0,0,16,0,0,1,0,1,0
129,2 Nov 2025,,4ya6ciil8ypgf4dzccgj8vpck,Marta Huerta de Aza,Córdoba FC,AD Ceuta FC,K. de la Fuente,0,1,3,2,0,2,0,1,14,0,0,5,1,1,0
129,2 Nov 2025,,4ya6ciil8ypgf4dzccgj8vpck,Marta Huerta de Aza,Córdoba FC,AD Ceuta FC,José Matos,0,0,0,2,0,1,0,1,25,0,0,0,0,3,0
129,2 Nov 2025,,4ya6ciil8ypgf4dzccgj8vpck,Marta Huerta de Aza,Córdoba FC,AD Ceuta FC,A. Bassinga,0,1,0,1,3,1,0,0,12,0,0,1,0,4,1
129,2 Nov 2025,,4ya6ciil8ypgf4dzccgj8vpck,Marta Huerta de Aza,Córdoba FC,AD Ceuta FC,Y. Bodiger,0,0,0,1,2,0,0,0,20,0,0,1,0,1,1
129,2 Nov 2025,,4ya6ciil8ypgf4dzccgj8vpck,Marta Huerta de Aza,Córdoba FC,AD Ceuta FC,S. Obeng,0,0,0,0,2,2,0,0,1,0,0,0,0,0,1
129,2 Nov 2025,,4ya6ciil8ypgf4dzccgj8vpck,Marta Huerta de Aza,Córdoba FC,AD Ceuta FC,Salvi Sánchez,0,0,1,3,1,1,0,0,8,0,0,0,0,1,0
129,2 Nov 2025,,4ya6ciil8ypgf4dzccgj8vpck,Marta Huerta de Aza,Córdoba FC,AD Ceuta FC,Juanto Ortuño,0,1,0,0,2,0,0,0,6,0,0,1,0,0,0
130,2 Nov 2025,,4ynzdkh243swvpvzelaab27mc,Saúl Ais Reig,Real Zaragoza,RC Deportivo de La Coruña,Toni Moya,0,2,1,5,4,0,0,0,54,0,0,4,1,2,0
130,2 Nov 2025,,4ynzdkh243swvpvzelaab27mc,Saúl Ais Reig,Real Zaragoza,RC Deportivo de La Coruña,Valery,0,0,0,0,1,4,0,0,21,0,0,1,0,2,0
130,2 Nov 2025,,4ynzdkh243swvpvzelaab27mc,Saúl Ais Reig,Real Zaragoza,RC Deportivo de La Coruña,Pablo Insua,0,1,0,0,1,0,0,0,46,0,0,1,0,4,0
130,2 Nov 2025,,4ynzdkh243swvpvzelaab27mc,Saúl Ais Reig,Real Zaragoza,RC Deportivo de La Coruña,Francho Serrano,0,1,0,0,3,0,0,0,56,0,0,2,1,2,0
130,2 Nov 2025,,4ynzdkh243swvpvzelaab27mc,Saúl Ais Reig,Real Zaragoza,RC Deportivo de La Coruña,Martín Aguirregabiria,0,0,0,1,0,1,0,0,33,0,0,0,0,1,0
130,2 Nov 2025,,4ynzdkh243swvpvzelaab27mc,Saúl Ais Reig,Real Zaragoza,RC Deportivo de La Coruña,Ale Gomes,0,0,0,0,0,0,0,0,44,0,0,1,1,0,0
130,2 Nov 2025,,4ynzdkh243swvpvzelaab27mc,Saúl Ais Reig,Real Zaragoza,RC Deportivo de La Coruña,Carlos Pomares,0,0,0,3,4,1,0,0,57,0,0,0,0,4,0
130,2 Nov 2025,,4ynzdkh243swvpvzelaab27mc,Saúl Ais Reig,Real Zaragoza,RC Deportivo de La Coruña,Marcos Cuenca,0,0,0,1,3,0,0,1,3,0,0,0,0,1,0
130,2 Nov 2025,,4ynzdkh243swvpvzelaab27mc,Saúl Ais Reig,Real Zaragoza,RC Deportivo de La Coruña,Raúl Guti,0,1,0,0,2,2,0,1,22,0,0,1,0,1,0
130,2 Nov 2025,,4ynzdkh243swvpvzelaab27mc,Saúl Ais Reig,Real Zaragoza,RC Deportivo de La Coruña,Mario Soberón,0,1,0,1,1,0,0,0,14,0,0,1,0,0,1
130,2 Nov 2025,,4ynzdkh243swvpvzelaab27mc,Saúl Ais Reig,Real Zaragoza,RC Deportivo de La Coruña,A. Rodríguez,0,0,0,0,0,0,0,0,24,0,4,0,0,0,0
130,2 Nov 2025,,4ynzdkh243swvpvzelaab27mc,Saúl Ais Reig,Real Zaragoza,RC Deportivo de La Coruña,Pau Sans,0,1,2,0,1,0,0,0,13,0,0,1,0,0,0
130,2 Nov 2025,,4ynzdkh243swvpvzelaab27mc,Saúl Ais Reig,Real Zaragoza,RC Deportivo de La Coruña,S. Baždar,0,0,0,1,1,0,0,0,10,0,0,0,0,1,0
130,2 Nov 2025,,4ynzdkh243swvpvzelaab27mc,Saúl Ais Reig,Real Zaragoza,RC Deportivo de La Coruña,K. Kodro,0,0,0,0,0,0,0,0,4,0,0,0,0,1,0
130,2 Nov 2025,,4ynzdkh243swvpvzelaab27mc,Saúl Ais Reig,Real Zaragoza,RC Deportivo de La Coruña,Paulino de la Fuente,0,0,0,0,0,2,0,0,8,0,0,1,0,0,0
130,2 Nov 2025,,4ynzdkh243swvpvzelaab27mc,Saúl Ais Reig,Real Zaragoza,RC Deportivo de La Coruña,Juan Sebastián,0,0,0,0,0,0,0,0,5,0,0,0,0,0,0
130,2 Nov 2025,,4ynzdkh243swvpvzelaab27mc,Saúl Ais Reig,Real Zaragoza,RC Deportivo de La Coruña,Mario Soriano,0,1,2,1,0,2,1,0,30,0,0,4,2,1,0
130,2 Nov 2025,,4ynzdkh243swvpvzelaab27mc,Saúl Ais Reig,Real Zaragoza,RC Deportivo de La Coruña,Germán Parreño,0,0,0,0,0,1,0,0,42,0,3,0,0,0,0
130,2 Nov 2025,,4ynzdkh243swvpvzelaab27mc,Saúl Ais Reig,Real Zaragoza,RC Deportivo de La Coruña,Arnau Comas,0,0,0,0,1,0,0,0,65,0,0,0,0,1,1
130,2 Nov 2025,,4ynzdkh243swvpvzelaab27mc,Saúl Ais Reig,Real Zaragoza,RC Deportivo de La Coruña,L. Noubi,0,1,1,2,1,0,0,0,53,0,0,1,0,1,0
130,2 Nov 2025,,4ynzdkh243swvpvzelaab27mc,Saúl Ais Reig,Real Zaragoza,RC Deportivo de La Coruña,Miguel Loureiro,0,0,0,1,0,1,0,0,64,0,0,1,0,2,0
130,2 Nov 2025,,4ynzdkh243swvpvzelaab27mc,Saúl Ais Reig,Real Zaragoza,RC Deportivo de La Coruña,G. Quagliata,0,0,2,14,0,1,0,0,31,0,0,0,0,1,0
130,2 Nov 2025,,4ynzdkh243swvpvzelaab27mc,Saúl Ais Reig,Real Zaragoza,RC Deportivo de La Coruña,Diego Villares,0,0,0,0,2,1,0,0,31,0,0,0,0,3,0
130,2 Nov 2025,,4ynzdkh243swvpvzelaab27mc,Saúl Ais Reig,Real Zaragoza,RC Deportivo de La Coruña,José Gragera,0,0,0,0,3,4,0,0,48,0,0,1,0,2,0
130,2 Nov 2025,,4ynzdkh243swvpvzelaab27mc,Saúl Ais Reig,Real Zaragoza,RC Deportivo de La Coruña,Yeremay Hernández,2,1,2,4,1,4,0,0,29,0,0,3,1,1,0
130,2 Nov 2025,,4ynzdkh243swvpvzelaab27mc,Saúl Ais Reig,Real Zaragoza,RC Deportivo de La Coruña,David Mella,0,0,1,1,1,4,1,1,27,0,0,2,2,0,0
130,2 Nov 2025,,4ynzdkh243swvpvzelaab27mc,Saúl Ais Reig,Real Zaragoza,RC Deportivo de La Coruña,Z. Eddahchouri,0,0,0,1,0,0,0,0,8,0,0,2,1,0,0
130,2 Nov 2025,,4ynzdkh243swvpvzelaab27mc,Saúl Ais Reig,Real Zaragoza,RC Deportivo de La Coruña,Stoichkov,0,0,0,0,0,1,0,0,4,0,0,0,0,0,0
130,2 Nov 2025,,4ynzdkh243swvpvzelaab27mc,Saúl Ais Reig,Real Zaragoza,RC Deportivo de La Coruña,Luismi Cruz,0,0,0,3,0,2,0,0,2,0,0,0,0,1,0
130,2 Nov 2025,,4ynzdkh243swvpvzelaab27mc,Saúl Ais Reig,Real Zaragoza,RC Deportivo de La Coruña,Dani Barcia,0,0,0,0,1,0,0,0,6,0,0,0,0,0,0
130,2 Nov 2025,,4ynzdkh243swvpvzelaab27mc,Saúl Ais Reig,Real Zaragoza,RC Deportivo de La Coruña,Cristian Herrera,0,0,0,0,0,0,0,0,1,0,0,0,0,0,0
131,3 Nov 2025,,4z1soq0gh4g6z7yznwx9a7y1g,Alejandro Ojaos Valera,Real Valladolid CF,Granada CF,A. Ndiaye,0,0,1,1,1,0,1,1,26,0,0,2,2,2,1
131,3 Nov 2025,,4z1soq0gh4g6z7yznwx9a7y1g,Alejandro Ojaos Valera,Real Valladolid CF,Granada CF,Javi Sánchez,0,0,0,0,0,0,0,0,34,0,0,2,1,1,0
131,3 Nov 2025,,4z1soq0gh4g6z7yznwx9a7y1g,Alejandro Ojaos Valera,Real Valladolid CF,Granada CF,David Torres,0,0,0,0,2,0,0,0,47,0,0,0,0,0,0
131,3 Nov 2025,,4z1soq0gh4g6z7yznwx9a7y1g,Alejandro Ojaos Valera,Real Valladolid CF,Granada CF,Juanmi Latasa,0,2,2,0,2,2,0,0,16,0,0,4,0,1,0
131,3 Nov 2025,,4z1soq0gh4g6z7yznwx9a7y1g,Alejandro Ojaos Valera,Real Valladolid CF,Granada CF,S. Jurić,0,0,0,1,4,0,0,0,44,0,0,2,0,7,0
131,3 Nov 2025,,4z1soq0gh4g6z7yznwx9a7y1g,Alejandro Ojaos Valera,Real Valladolid CF,Granada CF,Guille Bueno,0,0,0,8,1,0,0,0,30,0,0,1,1,1,0
131,3 Nov 2025,,4z1soq0gh4g6z7yznwx9a7y1g,Alejandro Ojaos Valera,Real Valladolid CF,Granada CF,Iván Alejo,0,0,0,10,4,3,0,0,33,0,0,0,0,7,0
131,3 Nov 2025,,4z1soq0gh4g6z7yznwx9a7y1g,Alejandro Ojaos Valera,Real Valladolid CF,Granada CF,J. Ponceau,1,0,0,4,2,1,0,0,51,0,0,0,0,0,1
131,3 Nov 2025,,4z1soq0gh4g6z7yznwx9a7y1g,Alejandro Ojaos Valera,Real Valladolid CF,Granada CF,P. González,0,2,0,6,2,3,0,0,22,0,0,2,0,2,1
131,3 Nov 2025,,4z1soq0gh4g6z7yznwx9a7y1g,Alejandro Ojaos Valera,Real Valladolid CF,Granada CF,Guilherme Fernandes,0,0,0,0,0,0,0,0,16,0,2,0,0,0,0
131,3 Nov 2025,,4z1soq0gh4g6z7yznwx9a7y1g,Alejandro Ojaos Valera,Real Valladolid CF,Granada CF,S. Biuk,0,2,0,2,0,0,0,0,15,0,0,3,1,1,0
131,3 Nov 2025,,4z1soq0gh4g6z7yznwx9a7y1g,Alejandro Ojaos Valera,Real Valladolid CF,Granada CF,Pablo Tomeo,0,0,0,0,0,1,0,0,20,0,0,0,0,1,0
131,3 Nov 2025,,4z1soq0gh4g6z7yznwx9a7y1g,Alejandro Ojaos Valera,Real Valladolid CF,Granada CF,Jorge Delgado,0,0,0,0,2,1,0,0,5,0,0,0,0,0,0
131,3 Nov 2025,,4z1soq0gh4g6z7yznwx9a7y1g,Alejandro Ojaos Valera,Real Valladolid CF,Granada CF,Sergi Canós,0,0,0,0,0,0,0,0,5,0,0,0,0,1,0
131,3 Nov 2025,,4z1soq0gh4g6z7yznwx9a7y1g,Alejandro Ojaos Valera,Real Valladolid CF,Granada CF,Adrián Arnu,0,0,0,0,0,0,0,0,5,0,0,0,0,0,0
131,3 Nov 2025,,4z1soq0gh4g6z7yznwx9a7y1g,Alejandro Ojaos Valera,Real Valladolid CF,Granada CF,Chuki,0,0,0,0,1,0,1,0,2,0,0,1,1,0,0
131,3 Nov 2025,,4z1soq0gh4g6z7yznwx9a7y1g,Alejandro Ojaos Valera,Real Valladolid CF,Granada CF,Álex Sola,0,1,2,2,0,3,0,0,21,0,0,2,1,5,0
131,3 Nov 2025,,4z1soq0gh4g6z7yznwx9a7y1g,Alejandro Ojaos Valera,Real Valladolid CF,Granada CF,Pau Casadesús,0,0,0,0,0,1,0,0,23,0,0,0,0,2,0
131,3 Nov 2025,,4z1soq0gh4g6z7yznwx9a7y1g,Alejandro Ojaos Valera,Real Valladolid CF,Granada CF,Jorge Pascual,0,0,0,0,1,3,1,1,24,0,0,4,2,3,1
131,3 Nov 2025,,4z1soq0gh4g6z7yznwx9a7y1g,Alejandro Ojaos Valera,Real Valladolid CF,Granada CF,Rubén Alcaraz,0,0,0,0,2,1,0,0,45,0,0,0,0,1,1
131,3 Nov 2025,,4z1soq0gh4g6z7yznwx9a7y1g,Alejandro Ojaos Valera,Real Valladolid CF,Granada CF,Pedro Alemañ,0,0,0,2,2,3,0,0,26,0,0,0,0,4,1
131,3 Nov 2025,,4z1soq0gh4g6z7yznwx9a7y1g,Alejandro Ojaos Valera,Real Valladolid CF,Granada CF,B. Diallo,0,0,0,0,1,1,0,0,22,0,0,1,0,3,0
131,3 Nov 2025,,4z1soq0gh4g6z7yznwx9a7y1g,Alejandro Ojaos Valera,Real Valladolid CF,Granada CF,Sergio Ruiz,0,0,0,1,1,2,0,0,31,0,0,0,0,0,1
131,3 Nov 2025,,4z1soq0gh4g6z7yznwx9a7y1g,Alejandro Ojaos Valera,Real Valladolid CF,Granada CF,O. Oppong,0,0,0,0,3,1,0,0,32,0,0,0,0,1,0
131,3 Nov 2025,,4z1soq0gh4g6z7yznwx9a7y1g,Alejandro Ojaos Valera,Real Valladolid CF,Granada CF,S. Faye,1,0,0,1,2,0,0,1,22,0,0,0,0,1,0
131,3 Nov 2025,,4z1soq0gh4g6z7yznwx9a7y1g,Alejandro Ojaos Valera,Real Valladolid CF,Granada CF,L. Zidane,0,0,0,0,0,0,0,0,42,0,4,0,0,0,0
131,3 Nov 2025,,4z1soq0gh4g6z7yznwx9a7y1g,Alejandro Ojaos Valera,Real Valladolid CF,Granada CF,Manu Lama,0,0,0,0,1,2,0,1,31,0,0,0,0,0,0
131,3 Nov 2025,,4z1soq0gh4g6z7yznwx9a7y1g,Alejandro Ojaos Valera,Real Valladolid CF,Granada CF,Manu Trigueros,0,0,0,0,0,0,0,0,19,0,0,0,0,0,0
131,3 Nov 2025,,4z1soq0gh4g6z7yznwx9a7y1g,Alejandro Ojaos Valera,Real Valladolid CF,Granada CF,Pablo Sáenz,0,1,0,0,0,1,0,0,13,0,0,1,0,0,0
131,3 Nov 2025,,4z1soq0gh4g6z7yznwx9a7y1g,Alejandro Ojaos Valera,Real Valladolid CF,Granada CF,Diego Hormigo,0,0,0,1,0,1,0,0,8,1,0,0,0,1,0
131,3 Nov 2025,,4z1soq0gh4g6z7yznwx9a7y1g,Alejandro Ojaos Valera,Real Valladolid CF,Granada CF,L. Gagnidze,0,0,0,0,0,0,0,0,10,0,0,0,0,0,0
131,3 Nov 2025,,4z1soq0gh4g6z7yznwx9a7y1g,Alejandro Ojaos Valera,Real Valladolid CF,Granada CF,José Arnáiz,0,0,0,0,0,1,0,0,5,0,0,0,0,0,0
132,2 Nov 2025,,4zfmji0mqnpd5stgldvl01las,Sergiu Claudiu Muresan,Real Sporting de Gijón,UD Las Palmas,César Gelabert,0,0,1,4,0,2,0,0,25,0,0,0,0,0,0
132,2 Nov 2025,,4zfmji0mqnpd5stgldvl01las,Sergiu Claudiu Muresan,Real Sporting de Gijón,UD Las Palmas,Rubén Yáñez,0,0,0,0,0,0,0,0,22,0,2,0,0,0,0
132,2 Nov 2025,,4zfmji0mqnpd5stgldvl01las,Sergiu Claudiu Muresan,Real Sporting de Gijón,UD Las Palmas,A. Coundoul,0,1,0,0,3,1,0,2,14,0,0,2,0,0,0
132,2 Nov 2025,,4zfmji0mqnpd5stgldvl01las,Sergiu Claudiu Muresan,Real Sporting de Gijón,UD Las Palmas,Pablo García,0,1,1,5,4,1,0,1,19,0,0,2,0,2,0
132,2 Nov 2025,,4zfmji0mqnpd5stgldvl01las,Sergiu Claudiu Muresan,Real Sporting de Gijón,UD Las Palmas,Diego Sánchez,0,0,0,3,1,2,0,0,17,0,0,0,0,1,1
132,2 Nov 2025,,4zfmji0mqnpd5stgldvl01las,Sergiu Claudiu Muresan,Real Sporting de Gijón,UD Las Palmas,Nacho Martín,0,0,0,1,0,0,0,0,31,0,0,0,0,1,0
132,2 Nov 2025,,4zfmji0mqnpd5stgldvl01las,Sergiu Claudiu Muresan,Real Sporting de Gijón,UD Las Palmas,Kevin Vázquez,0,0,0,0,1,0,0,0,12,0,0,0,0,3,0
132,2 Nov 2025,,4zfmji0mqnpd5stgldvl01las,Sergiu Claudiu Muresan,Real Sporting de Gijón,UD Las Palmas,Guille Rosas,0,0,0,1,0,1,0,0,24,0,0,1,1,1,0
132,2 Nov 2025,,4zfmji0mqnpd5stgldvl01las,Sergiu Claudiu Muresan,Real Sporting de Gijón,UD Las Palmas,Pablo Vázquez,0,0,0,0,2,0,0,0,38,0,0,0,0,2,0
132,2 Nov 2025,,4zfmji0mqnpd5stgldvl01las,Sergiu Claudiu Muresan,Real Sporting de Gijón,UD Las Palmas,L. Perrin,0,0,0,0,2,1,0,0,30,0,0,0,0,1,0
132,2 Nov 2025,,4zfmji0mqnpd5stgldvl01las,Sergiu Claudiu Muresan,Real Sporting de Gijón,UD Las Palmas,J. Smith,0,0,0,0,6,1,0,0,16,0,0,0,0,5,1
132,2 Nov 2025,,4zfmji0mqnpd5stgldvl01las,Sergiu Claudiu Muresan,Real Sporting de Gijón,UD Las Palmas,Manu Rodríguez,0,0,0,0,0,1,0,0,7,0,0,0,0,0,0
132,2 Nov 2025,,4zfmji0mqnpd5stgldvl01las,Sergiu Claudiu Muresan,Real Sporting de Gijón,UD Las Palmas,J. Caicedo,0,0,0,0,2,0,0,0,2,0,0,0,0,0,0
132,2 Nov 2025,,4zfmji0mqnpd5stgldvl01las,Sergiu Claudiu Muresan,Real Sporting de Gijón,UD Las Palmas,Manu Fuster,0,1,0,2,1,1,0,0,39,0,0,1,0,0,0
132,2 Nov 2025,,4zfmji0mqnpd5stgldvl01las,Sergiu Claudiu Muresan,Real Sporting de Gijón,UD Las Palmas,M. Luković,0,0,1,0,2,2,0,1,12,0,0,3,1,0,1
132,2 Nov 2025,,4zfmji0mqnpd5stgldvl01las,Sergiu Claudiu Muresan,Real Sporting de Gijón,UD Las Palmas,Álex Suárez,0,0,0,0,0,0,0,0,77,0,0,0,0,2,0
132,2 Nov 2025,,4zfmji0mqnpd5stgldvl01las,Sergiu Claudiu Muresan,Real Sporting de Gijón,UD Las Palmas,Viti Rozada,0,0,1,2,1,0,0,0,29,0,0,0,0,1,0
132,2 Nov 2025,,4zfmji0mqnpd5stgldvl01las,Sergiu Claudiu Muresan,Real Sporting de Gijón,UD Las Palmas,D. Horkaš,0,0,0,0,0,1,0,0,42,0,1,0,0,0,0
132,2 Nov 2025,,4zfmji0mqnpd5stgldvl01las,Sergiu Claudiu Muresan,Real Sporting de Gijón,UD Las Palmas,Sergio Barcia,0,0,0,0,1,2,0,0,87,0,0,0,0,2,0
132,2 Nov 2025,,4zfmji0mqnpd5stgldvl01las,Sergiu Claudiu Muresan,Real Sporting de Gijón,UD Las Palmas,Enrique Clemente,0,0,0,1,0,0,0,0,80,0,0,1,0,1,0
132,2 Nov 2025,,4zfmji0mqnpd5stgldvl01las,Sergiu Claudiu Muresan,Real Sporting de Gijón,UD Las Palmas,E. Loiodice,0,0,0,1,1,3,0,0,46,0,0,0,0,1,0
132,2 Nov 2025,,4zfmji0mqnpd5stgldvl01las,Sergiu Claudiu Muresan,Real Sporting de Gijón,UD Las Palmas,L. Amatucci,0,0,0,1,2,5,0,0,63,0,0,0,0,3,0
132,2 Nov 2025,,4zfmji0mqnpd5stgldvl01las,Sergiu Claudiu Muresan,Real Sporting de Gijón,UD Las Palmas,Pejiño,0,0,1,3,0,0,0,1,18,0,0,1,0,1,0
132,2 Nov 2025,,4zfmji0mqnpd5stgldvl01las,Sergiu Claudiu Muresan,Real Sporting de Gijón,UD Las Palmas,Iván Gil,0,0,0,6,2,3,0,0,26,0,0,1,1,0,0
132,2 Nov 2025,,4zfmji0mqnpd5stgldvl01las,Sergiu Claudiu Muresan,Real Sporting de Gijón,UD Las Palmas,Ale García,0,0,0,2,1,0,0,1,13,0,0,0,0,1,0
132,2 Nov 2025,,4zfmji0mqnpd5stgldvl01las,Sergiu Claudiu Muresan,Real Sporting de Gijón,UD Las Palmas,Mika Mármol,0,0,0,0,1,0,0,0,29,0,0,0,0,0,1
132,2 Nov 2025,,4zfmji0mqnpd5stgldvl01las,Sergiu Claudiu Muresan,Real Sporting de Gijón,UD Las Palmas,Kirian Rodríguez,0,1,0,0,0,2,0,0,5,0,0,1,0,1,0
133,8 Nov 2025,,4ztczhndd44zj3c3k9lilg45w,Daniel Palencia Caballero,SD Huesca,FC Andorra,D. Luna,0,1,0,0,2,3,0,0,19,0,0,3,1,1,0
133,8 Nov 2025,,4ztczhndd44zj3c3k9lilg45w,Daniel Palencia Caballero,SD Huesca,FC Andorra,Dani Jiménez,0,0,0,0,0,0,0,0,26,0,1,0,0,0,0
133,8 Nov 2025,,4ztczhndd44zj3c3k9lilg45w,Daniel Palencia Caballero,SD Huesca,FC Andorra,Jesús Álvarez,0,0,0,2,1,0,0,0,39,0,0,0,0,7,0
133,8 Nov 2025,,4ztczhndd44zj3c3k9lilg45w,Daniel Palencia Caballero,SD Huesca,FC Andorra,Iñigo Piña,0,0,0,2,3,4,0,0,31,0,0,0,0,4,0
133,8 Nov 2025,,4ztczhndd44zj3c3k9lilg45w,Daniel Palencia Caballero,SD Huesca,FC Andorra,Iker Kortajarena,0,1,1,2,0,0,0,0,44,0,0,2,0,1,0
133,8 Nov 2025,,4ztczhndd44zj3c3k9lilg45w,Daniel Palencia Caballero,SD Huesca,FC Andorra,Rodrigo Abajas,0,0,0,1,1,0,0,0,14,0,0,0,0,0,0
133,8 Nov 2025,,4ztczhndd44zj3c3k9lilg45w,Daniel Palencia Caballero,SD Huesca,FC Andorra,Toni Abad,0,0,0,1,2,2,0,0,51,0,0,0,0,2,0
133,8 Nov 2025,,4ztczhndd44zj3c3k9lilg45w,Daniel Palencia Caballero,SD Huesca,FC Andorra,Jorge Pulido,0,0,0,0,1,2,1,0,37,0,0,1,1,4,0
133,8 Nov 2025,,4ztczhndd44zj3c3k9lilg45w,Daniel Palencia Caballero,SD Huesca,FC Andorra,S. Ntamack,0,0,0,0,3,1,0,0,4,0,0,1,0,1,0
133,8 Nov 2025,,4ztczhndd44zj3c3k9lilg45w,Daniel Palencia Caballero,SD Huesca,FC Andorra,Óscar Sielva,1,0,0,7,2,2,1,0,33,0,0,1,1,1,0
133,8 Nov 2025,,4ztczhndd44zj3c3k9lilg45w,Daniel Palencia Caballero,SD Huesca,FC Andorra,Ángel Pérez,0,0,0,4,3,2,0,0,29,0,0,0,0,0,0
133,8 Nov 2025,,4ztczhndd44zj3c3k9lilg45w,Daniel Palencia Caballero,SD Huesca,FC Andorra,Sergi Enrich,0,0,0,0,1,0,0,1,10,0,0,1,1,1,0
133,8 Nov 2025,,4ztczhndd44zj3c3k9lilg45w,Daniel Palencia Caballero,SD Huesca,FC Andorra,Liberto Beltrán,0,0,0,5,1,2,0,0,9,0,0,1,1,0,0
133,8 Nov 2025,,4ztczhndd44zj3c3k9lilg45w,Daniel Palencia Caballero,SD Huesca,FC Andorra,Portillo,0,0,0,0,1,1,0,0,12,0,0,0,0,0,0
133,8 Nov 2025,,4ztczhndd44zj3c3k9lilg45w,Daniel Palencia Caballero,SD Huesca,FC Andorra,Manu Rico,0,0,0,0,2,0,0,0,4,0,0,0,0,0,1
133,8 Nov 2025,,4ztczhndd44zj3c3k9lilg45w,Daniel Palencia Caballero,SD Huesca,FC Andorra,Julio Alonso,0,0,0,0,0,0,0,0,3,0,0,0,0,0,0
133,8 Nov 2025,,4ztczhndd44zj3c3k9lilg45w,Daniel Palencia Caballero,SD Huesca,FC Andorra,Manu Nieto,0,3,1,0,4,1,0,0,21,0,0,7,1,0,1
133,8 Nov 2025,,4ztczhndd44zj3c3k9lilg45w,Daniel Palencia Caballero,SD Huesca,FC Andorra,Sergio Molina,1,0,0,0,1,1,0,0,32,0,0,0,0,1,0
133,8 Nov 2025,,4ztczhndd44zj3c3k9lilg45w,Daniel Palencia Caballero,SD Huesca,FC Andorra,Imanol García de Albéniz,0,0,1,1,2,1,0,0,41,0,0,1,0,1,0
133,8 Nov 2025,,4ztczhndd44zj3c3k9lilg45w,Daniel Palencia Caballero,SD Huesca,FC Andorra,Bomba,0,0,0,1,1,2,0,0,53,0,0,0,0,1,0
133,8 Nov 2025,,4ztczhndd44zj3c3k9lilg45w,Daniel Palencia Caballero,SD Huesca,FC Andorra,Gael Alonso,0,0,0,0,1,1,0,0,61,0,0,0,0,0,1
133,8 Nov 2025,,4ztczhndd44zj3c3k9lilg45w,Daniel Palencia Caballero,SD Huesca,FC Andorra,T. Le Normand,0,1,1,2,3,2,0,0,25,0,0,1,0,1,0
133,8 Nov 2025,,4ztczhndd44zj3c3k9lilg45w,Daniel Palencia Caballero,SD Huesca,FC Andorra,Dani Villahermosa,0,0,0,1,2,1,1,0,46,0,0,1,1,0,0
133,8 Nov 2025,,4ztczhndd44zj3c3k9lilg45w,Daniel Palencia Caballero,SD Huesca,FC Andorra,Kim Min-Su,0,2,0,1,2,4,1,1,23,0,0,4,1,0,0
133,8 Nov 2025,,4ztczhndd44zj3c3k9lilg45w,Daniel Palencia Caballero,SD Huesca,FC Andorra,Jesús Owono,0,0,0,0,0,0,0,0,44,0,3,0,0,0,0
133,8 Nov 2025,,4ztczhndd44zj3c3k9lilg45w,Daniel Palencia Caballero,SD Huesca,FC Andorra,T. Carrique,0,1,0,1,1,3,0,0,42,0,0,1,0,0,0
133,8 Nov 2025,,4ztczhndd44zj3c3k9lilg45w,Daniel Palencia Caballero,SD Huesca,FC Andorra,Martín Merquelanz,0,1,0,1,1,0,0,0,16,0,0,2,0,0,1
133,8 Nov 2025,,4ztczhndd44zj3c3k9lilg45w,Daniel Palencia Caballero,SD Huesca,FC Andorra,Aingeru Olabarrieta,0,2,0,3,1,1,0,0,8,0,0,3,0,1,1
133,8 Nov 2025,,4ztczhndd44zj3c3k9lilg45w,Daniel Palencia Caballero,SD Huesca,FC Andorra,E. Akman,0,0,0,0,1,1,0,0,23,0,0,0,0,0,0
133,8 Nov 2025,,4ztczhndd44zj3c3k9lilg45w,Daniel Palencia Caballero,SD Huesca,FC Andorra,Marc Domènech,0,0,0,0,1,0,0,0,9,0,0,0,0,1,1
133,8 Nov 2025,,4ztczhndd44zj3c3k9lilg45w,Daniel Palencia Caballero,SD Huesca,FC Andorra,Álex Calvo,0,0,0,1,0,1,0,0,1,0,0,0,0,0,0
133,8 Nov 2025,,4ztczhndd44zj3c3k9lilg45w,Daniel Palencia Caballero,SD Huesca,FC Andorra,L. de León,0,0,0,0,0,0,0,0,1,0,0,0,0,0,0
134,10 Nov 2025,,5070jrbeqnobjbi607acjys5w,Carlos Muñiz Muñoz,Burgos CF,CD Castellón,Curro Sánchez,0,0,1,2,3,0,0,0,35,0,0,1,1,2,0
134,10 Nov 2025,,5070jrbeqnobjbi607acjys5w,Carlos Muñiz Muñoz,Burgos CF,CD Castellón,Iván Morante,0,0,0,0,0,1,0,0,32,0,0,1,1,2,0
134,10 Nov 2025,,5070jrbeqnobjbi607acjys5w,Carlos Muñiz Muñoz,Burgos CF,CD Castellón,Aitor Córdoba,0,0,0,0,0,0,0,0,32,0,0,0,0,0,0
134,10 Nov 2025,,5070jrbeqnobjbi607acjys5w,Carlos Muñiz Muñoz,Burgos CF,CD Castellón,Grego Sierra,0,0,0,0,0,0,0,0,34,0,0,0,0,0,0
134,10 Nov 2025,,5070jrbeqnobjbi607acjys5w,Carlos Muñiz Muñoz,Burgos CF,CD Castellón,Ander Cantero,0,0,0,0,0,0,0,0,30,0,1,0,0,0,0
134,10 Nov 2025,,5070jrbeqnobjbi607acjys5w,Carlos Muñiz Muñoz,Burgos CF,CD Castellón,Iñigo Córdoba,0,0,2,3,2,1,0,1,11,0,0,0,0,3,1
134,10 Nov 2025,,5070jrbeqnobjbi607acjys5w,Carlos Muñiz Muñoz,Burgos CF,CD Castellón,David González,0,0,0,1,1,2,0,0,24,0,0,0,0,4,1
134,10 Nov 2025,,5070jrbeqnobjbi607acjys5w,Carlos Muñiz Muñoz,Burgos CF,CD Castellón,Álex Lizancos,0,0,0,1,0,1,0,0,26,0,0,0,0,2,0
134,10 Nov 2025,,5070jrbeqnobjbi607acjys5w,Carlos Muñiz Muñoz,Burgos CF,CD Castellón,Fer Niño,0,0,0,1,4,3,0,0,11,0,0,4,1,1,0
134,10 Nov 2025,,5070jrbeqnobjbi607acjys5w,Carlos Muñiz Muñoz,Burgos CF,CD Castellón,Brais Martínez,0,0,0,0,1,0,0,0,16,0,0,0,0,2,0
134,10 Nov 2025,,5070jrbeqnobjbi607acjys5w,Carlos Muñiz Muñoz,Burgos CF,CD Castellón,Miguel Atienza,0,1,1,0,0,1,0,0,22,0,0,1,0,2,0
134,10 Nov 2025,,5070jrbeqnobjbi607acjys5w,Carlos Muñiz Muñoz,Burgos CF,CD Castellón,K. Appin,0,0,0,0,2,0,0,0,10,0,0,0,0,1,0
134,10 Nov 2025,,5070jrbeqnobjbi607acjys5w,Carlos Muñiz Muñoz,Burgos CF,CD Castellón,Víctor Mollejo,0,0,0,0,0,0,0,1,7,0,0,1,0,1,0
134,10 Nov 2025,,5070jrbeqnobjbi607acjys5w,Carlos Muñiz Muñoz,Burgos CF,CD Castellón,Fermín García,0,0,0,2,0,0,0,0,4,0,0,0,0,0,0
134,10 Nov 2025,,5070jrbeqnobjbi607acjys5w,Carlos Muñiz Muñoz,Burgos CF,CD Castellón,Sergio González,0,1,1,0,0,0,0,0,4,0,0,1,0,0,0
134,10 Nov 2025,,5070jrbeqnobjbi607acjys5w,Carlos Muñiz Muñoz,Burgos CF,CD Castellón,M. Mejía,0,0,0,0,1,1,0,0,2,0,0,0,0,0,0
134,10 Nov 2025,,5070jrbeqnobjbi607acjys5w,Carlos Muñiz Muñoz,Burgos CF,CD Castellón,Israel Suero,0,0,2,2,1,0,0,0,16,0,0,2,1,0,1
134,10 Nov 2025,,5070jrbeqnobjbi607acjys5w,Carlos Muñiz Muñoz,Burgos CF,CD Castellón,Cala,0,2,2,2,0,1,0,0,28,0,0,4,0,1,0
134,10 Nov 2025,,5070jrbeqnobjbi607acjys5w,Carlos Muñiz Muñoz,Burgos CF,CD Castellón,Beñat Gerenabarrena,0,0,0,5,1,2,0,0,56,0,0,0,0,1,0
134,10 Nov 2025,,5070jrbeqnobjbi607acjys5w,Carlos Muñiz Muñoz,Burgos CF,CD Castellón,Lucas Alcázar,0,0,1,1,2,1,0,0,43,0,0,0,0,0,0
134,10 Nov 2025,,5070jrbeqnobjbi607acjys5w,Carlos Muñiz Muñoz,Burgos CF,CD Castellón,Alberto Jiménez,0,0,0,0,1,2,0,0,78,0,0,0,0,0,1
134,10 Nov 2025,,5070jrbeqnobjbi607acjys5w,Carlos Muñiz Muñoz,Burgos CF,CD Castellón,R. Matthys,0,0,0,0,0,0,0,0,28,0,3,0,0,0,0
134,10 Nov 2025,,5070jrbeqnobjbi607acjys5w,Carlos Muñiz Muñoz,Burgos CF,CD Castellón,Salva Ruiz,0,0,0,0,2,0,0,0,40,0,0,0,0,1,0
134,10 Nov 2025,,5070jrbeqnobjbi607acjys5w,Carlos Muñiz Muñoz,Burgos CF,CD Castellón,J. Mellot,0,1,0,1,0,5,0,0,73,0,0,2,0,2,0
134,10 Nov 2025,,5070jrbeqnobjbi607acjys5w,Carlos Muñiz Muñoz,Burgos CF,CD Castellón,A. Mabil,0,1,1,5,1,1,0,0,36,0,0,3,1,0,0
134,10 Nov 2025,,5070jrbeqnobjbi607acjys5w,Carlos Muñiz Muñoz,Burgos CF,CD Castellón,Barri,0,0,0,0,1,1,0,0,36,0,0,0,0,5,0
134,10 Nov 2025,,5070jrbeqnobjbi607acjys5w,Carlos Muñiz Muñoz,Burgos CF,CD Castellón,O. Camara,0,0,0,1,0,0,0,3,10,0,0,0,0,1,0
134,10 Nov 2025,,5070jrbeqnobjbi607acjys5w,Carlos Muñiz Muñoz,Burgos CF,CD Castellón,Pablo Santiago,0,0,0,0,1,0,0,0,6,0,0,0,0,0,0
134,10 Nov 2025,,5070jrbeqnobjbi607acjys5w,Carlos Muñiz Muñoz,Burgos CF,CD Castellón,A. Jakobsen,0,0,0,0,0,0,0,0,2,0,0,0,0,0,0
134,10 Nov 2025,,5070jrbeqnobjbi607acjys5w,Carlos Muñiz Muñoz,Burgos CF,CD Castellón,Ronaldo,0,0,0,0,1,1,0,0,15,0,0,0,0,0,0
134,10 Nov 2025,,5070jrbeqnobjbi607acjys5w,Carlos Muñiz Muñoz,Burgos CF,CD Castellón,Douglas Aurélio,0,0,0,0,0,0,0,0,2,0,0,0,0,1,0
134,10 Nov 2025,,5070jrbeqnobjbi607acjys5w,Carlos Muñiz Muñoz,Burgos CF,CD Castellón,N. Markanich,0,0,0,0,0,0,0,0,0,0,0,0,0,0,0
135,9 Nov 2025,,50kt3sovg7hrkby8pretrhono,Lluís Bestard Servera,Cádiz CF,Real Valladolid CF,Suso,0,0,0,3,0,2,0,0,37,0,0,0,0,0,0
135,9 Nov 2025,,50kt3sovg7hrkby8pretrhono,Lluís Bestard Servera,Cádiz CF,Real Valladolid CF,Iker Recio,0,0,0,0,0,1,0,0,48,0,0,0,0,1,0
135,9 Nov 2025,,50kt3sovg7hrkby8pretrhono,Lluís Bestard Servera,Cádiz CF,Real Valladolid CF,Álvaro García Pascual,0,0,0,0,1,2,0,2,14,0,0,2,1,0,0
135,9 Nov 2025,,50kt3sovg7hrkby8pretrhono,Lluís Bestard Servera,Cádiz CF,Real Valladolid CF,I. Tabatadze,0,0,1,2,0,1,0,0,26,0,0,1,1,2,0
135,9 Nov 2025,,50kt3sovg7hrkby8pretrhono,Lluís Bestard Servera,Cádiz CF,Real Valladolid CF,M. Diakité,0,0,0,0,2,3,0,0,55,0,0,0,0,0,0
135,9 Nov 2025,,50kt3sovg7hrkby8pretrhono,Lluís Bestard Servera,Cádiz CF,Real Valladolid CF,Sergio Ortuño,0,0,0,0,2,0,0,0,32,0,0,0,0,1,1
135,9 Nov 2025,,50kt3sovg7hrkby8pretrhono,Lluís Bestard Servera,Cádiz CF,Real Valladolid CF,B. Kovačević,0,0,0,0,2,1,0,0,29,0,0,1,0,0,1
135,9 Nov 2025,,50kt3sovg7hrkby8pretrhono,Lluís Bestard Servera,Cádiz CF,Real Valladolid CF,Victor Aznar,0,0,0,0,0,0,0,0,27,0,1,0,0,0,0
135,9 Nov 2025,,50kt3sovg7hrkby8pretrhono,Lluís Bestard Servera,Cádiz CF,Real Valladolid CF,A. Caicedo,0,0,0,0,1,2,0,0,36,0,0,0,0,2,1
135,9 Nov 2025,,50kt3sovg7hrkby8pretrhono,Lluís Bestard Servera,Cádiz CF,Real Valladolid CF,B. Ocampo,0,0,0,1,2,1,0,0,37,0,0,1,0,1,1
135,9 Nov 2025,,50kt3sovg7hrkby8pretrhono,Lluís Bestard Servera,Cádiz CF,Real Valladolid CF,Mario Climent,0,0,0,3,2,1,0,0,43,0,0,0,0,3,1
135,9 Nov 2025,,50kt3sovg7hrkby8pretrhono,Lluís Bestard Servera,Cádiz CF,Real Valladolid CF,Joaquín,0,0,0,0,4,2,0,0,16,0,0,0,0,2,1
135,9 Nov 2025,,50kt3sovg7hrkby8pretrhono,Lluís Bestard Servera,Cádiz CF,Real Valladolid CF,Javi Ontiveros,0,1,1,3,0,0,0,0,4,0,0,1,0,1,0
135,9 Nov 2025,,50kt3sovg7hrkby8pretrhono,Lluís Bestard Servera,Cádiz CF,Real Valladolid CF,Roger,0,0,0,0,0,0,0,0,4,0,0,0,0,0,0
135,9 Nov 2025,,50kt3sovg7hrkby8pretrhono,Lluís Bestard Servera,Cádiz CF,Real Valladolid CF,José de la Rosa,0,0,0,0,0,1,0,0,2,0,0,0,0,0,0
135,9 Nov 2025,,50kt3sovg7hrkby8pretrhono,Lluís Bestard Servera,Cádiz CF,Real Valladolid CF,E. Ugiagbe,0,0,0,0,0,0,0,0,2,0,0,0,0,0,0
135,9 Nov 2025,,50kt3sovg7hrkby8pretrhono,Lluís Bestard Servera,Cádiz CF,Real Valladolid CF,S. Jurić,0,0,0,1,2,1,0,1,72,0,0,0,0,1,0
135,9 Nov 2025,,50kt3sovg7hrkby8pretrhono,Lluís Bestard Servera,Cádiz CF,Real Valladolid CF,Guille Bueno,0,0,0,3,1,0,0,0,38,0,0,1,0,2,0
135,9 Nov 2025,,50kt3sovg7hrkby8pretrhono,Lluís Bestard Servera,Cádiz CF,Real Valladolid CF,A. Ndiaye,0,0,0,3,2,3,0,0,37,0,0,1,1,8,0
135,9 Nov 2025,,50kt3sovg7hrkby8pretrhono,Lluís Bestard Servera,Cádiz CF,Real Valladolid CF,David Torres,0,1,0,0,3,0,0,0,39,0,0,1,0,0,0
135,9 Nov 2025,,50kt3sovg7hrkby8pretrhono,Lluís Bestard Servera,Cádiz CF,Real Valladolid CF,Marcos André,0,0,0,0,1,1,0,0,22,0,0,1,0,2,0
135,9 Nov 2025,,50kt3sovg7hrkby8pretrhono,Lluís Bestard Servera,Cádiz CF,Real Valladolid CF,Guilherme Fernandes,0,0,0,0,0,0,0,0,26,0,2,0,0,0,0
135,9 Nov 2025,,50kt3sovg7hrkby8pretrhono,Lluís Bestard Servera,Cádiz CF,Real Valladolid CF,Jorge Delgado,0,0,0,1,2,3,0,1,12,0,0,0,0,1,0
135,9 Nov 2025,,50kt3sovg7hrkby8pretrhono,Lluís Bestard Servera,Cádiz CF,Real Valladolid CF,Pablo Tomeo,0,0,0,0,1,0,0,0,41,0,0,0,0,2,0
135,9 Nov 2025,,50kt3sovg7hrkby8pretrhono,Lluís Bestard Servera,Cádiz CF,Real Valladolid CF,J. Ponceau,0,0,0,1,0,1,0,0,58,0,0,0,0,2,0
135,9 Nov 2025,,50kt3sovg7hrkby8pretrhono,Lluís Bestard Servera,Cádiz CF,Real Valladolid CF,Iván Alejo,0,0,1,5,0,2,0,0,33,0,0,1,0,0,0
135,9 Nov 2025,,50kt3sovg7hrkby8pretrhono,Lluís Bestard Servera,Cádiz CF,Real Valladolid CF,P. González,0,2,0,2,1,1,0,1,8,0,0,2,0,1,0
135,9 Nov 2025,,50kt3sovg7hrkby8pretrhono,Lluís Bestard Servera,Cádiz CF,Real Valladolid CF,S. Biuk,0,0,1,2,2,0,0,0,21,0,0,1,0,0,0
135,9 Nov 2025,,50kt3sovg7hrkby8pretrhono,Lluís Bestard Servera,Cádiz CF,Real Valladolid CF,Chuki,0,2,2,4,2,2,0,0,12,0,0,3,0,0,1
135,9 Nov 2025,,50kt3sovg7hrkby8pretrhono,Lluís Bestard Servera,Cádiz CF,Real Valladolid CF,Adrián Arnu,0,0,0,0,0,0,0,0,0,0,0,0,0,0,0
136,8 Nov 2025,,50ynvwonvi5bk75l823g86qz8,Andrés Fuentes Molina,RC Deportivo de La Coruña,Cultural y Deportiva Leonesa,G. Quagliata,0,0,1,2,0,1,0,1,34,0,0,0,0,2,0
136,8 Nov 2025,,50ynvwonvi5bk75l823g86qz8,Andrés Fuentes Molina,RC Deportivo de La Coruña,Cultural y Deportiva Leonesa,José Gragera,0,0,0,0,2,0,0,0,33,0,0,0,0,1,0
136,8 Nov 2025,,50ynvwonvi5bk75l823g86qz8,Andrés Fuentes Molina,RC Deportivo de La Coruña,Cultural y Deportiva Leonesa,L. Noubi,0,0,0,0,0,1,0,0,68,0,0,0,0,4,0
136,8 Nov 2025,,50ynvwonvi5bk75l823g86qz8,Andrés Fuentes Molina,RC Deportivo de La Coruña,Cultural y Deportiva Leonesa,Diego Villares,0,0,0,1,2,1,0,0,40,0,0,0,0,0,0
136,8 Nov 2025,,50ynvwonvi5bk75l823g86qz8,Andrés Fuentes Molina,RC Deportivo de La Coruña,Cultural y Deportiva Leonesa,Arnau Comas,0,0,0,0,0,1,0,0,71,0,0,0,0,1,0
136,8 Nov 2025,,50ynvwonvi5bk75l823g86qz8,Andrés Fuentes Molina,RC Deportivo de La Coruña,Cultural y Deportiva Leonesa,Miguel Loureiro,0,0,0,0,2,2,0,0,74,0,0,1,0,0,0
136,8 Nov 2025,,50ynvwonvi5bk75l823g86qz8,Andrés Fuentes Molina,RC Deportivo de La Coruña,Cultural y Deportiva Leonesa,Mario Soriano,0,1,0,0,1,1,1,0,55,0,0,2,1,1,0
136,8 Nov 2025,,50ynvwonvi5bk75l823g86qz8,Andrés Fuentes Molina,RC Deportivo de La Coruña,Cultural y Deportiva Leonesa,Yeremay Hernández,0,0,0,2,0,2,0,0,35,0,0,2,0,1,0
136,8 Nov 2025,,50ynvwonvi5bk75l823g86qz8,Andrés Fuentes Molina,RC Deportivo de La Coruña,Cultural y Deportiva Leonesa,Z. Eddahchouri,1,0,0,0,3,0,2,1,11,0,0,3,2,1,0
136,8 Nov 2025,,50ynvwonvi5bk75l823g86qz8,Andrés Fuentes Molina,RC Deportivo de La Coruña,Cultural y Deportiva Leonesa,Germán Parreño,0,0,0,0,0,0,0,0,47,0,5,0,0,0,0
136,8 Nov 2025,,50ynvwonvi5bk75l823g86qz8,Andrés Fuentes Molina,RC Deportivo de La Coruña,Cultural y Deportiva Leonesa,David Mella,0,0,0,3,0,1,0,0,23,0,0,0,0,0,0
136,8 Nov 2025,,50ynvwonvi5bk75l823g86qz8,Andrés Fuentes Molina,RC Deportivo de La Coruña,Cultural y Deportiva Leonesa,José Ángel,0,0,0,0,2,1,0,0,41,0,0,0,0,2,1
136,8 Nov 2025,,50ynvwonvi5bk75l823g86qz8,Andrés Fuentes Molina,RC Deportivo de La Coruña,Cultural y Deportiva Leonesa,Stoichkov,0,0,0,1,0,0,0,0,7,0,0,0,0,0,0
136,8 Nov 2025,,50ynvwonvi5bk75l823g86qz8,Andrés Fuentes Molina,RC Deportivo de La Coruña,Cultural y Deportiva Leonesa,Luismi Cruz,1,0,0,1,0,0,0,0,16,0,0,0,0,1,0
136,8 Nov 2025,,50ynvwonvi5bk75l823g86qz8,Andrés Fuentes Molina,RC Deportivo de La Coruña,Cultural y Deportiva Leonesa,Cristian Herrera,0,0,0,0,0,0,0,0,3,0,0,1,0,0,0
136,8 Nov 2025,,50ynvwonvi5bk75l823g86qz8,Andrés Fuentes Molina,RC Deportivo de La Coruña,Cultural y Deportiva Leonesa,C. Patino,0,0,0,0,0,0,0,0,1,0,0,0,0,1,0
136,8 Nov 2025,,50ynvwonvi5bk75l823g86qz8,Andrés Fuentes Molina,RC Deportivo de La Coruña,Cultural y Deportiva Leonesa,Manu Justo,0,0,0,0,1,1,0,0,10,0,0,1,1,0,0
136,8 Nov 2025,,50ynvwonvi5bk75l823g86qz8,Andrés Fuentes Molina,RC Deportivo de La Coruña,Cultural y Deportiva Leonesa,M. Barzić,0,0,0,0,0,1,0,0,70,0,0,0,0,1,0
136,8 Nov 2025,,50ynvwonvi5bk75l823g86qz8,Andrés Fuentes Molina,RC Deportivo de La Coruña,Cultural y Deportiva Leonesa,T. Ojeda,0,0,0,0,2,1,0,0,34,0,0,2,0,0,0
136,8 Nov 2025,,50ynvwonvi5bk75l823g86qz8,Andrés Fuentes Molina,RC Deportivo de La Coruña,Cultural y Deportiva Leonesa,V. García,0,0,0,4,1,0,0,0,38,0,0,0,0,2,0
136,8 Nov 2025,,50ynvwonvi5bk75l823g86qz8,Andrés Fuentes Molina,RC Deportivo de La Coruña,Cultural y Deportiva Leonesa,Rubén Sobrino,0,0,0,0,1,0,0,0,28,0,0,0,0,1,0
136,8 Nov 2025,,50ynvwonvi5bk75l823g86qz8,Andrés Fuentes Molina,RC Deportivo de La Coruña,Cultural y Deportiva Leonesa,Rodri Suárez,0,0,0,1,1,2,0,0,49,0,0,0,0,3,0
136,8 Nov 2025,,50ynvwonvi5bk75l823g86qz8,Andrés Fuentes Molina,RC Deportivo de La Coruña,Cultural y Deportiva Leonesa,Roger Hinojo,0,0,0,1,0,0,0,1,52,0,0,0,0,2,0
136,8 Nov 2025,,50ynvwonvi5bk75l823g86qz8,Andrés Fuentes Molina,RC Deportivo de La Coruña,Cultural y Deportiva Leonesa,Edgar Badia,0,0,0,0,0,0,0,0,23,0,0,0,0,0,0
136,8 Nov 2025,,50ynvwonvi5bk75l823g86qz8,Andrés Fuentes Molina,RC Deportivo de La Coruña,Cultural y Deportiva Leonesa,Jordi Mboula,0,1,1,3,0,0,0,0,12,0,0,3,2,1,0
136,8 Nov 2025,,50ynvwonvi5bk75l823g86qz8,Andrés Fuentes Molina,RC Deportivo de La Coruña,Cultural y Deportiva Leonesa,Yayo González,0,0,0,0,2,0,0,0,41,0,0,0,0,0,0
136,8 Nov 2025,,50ynvwonvi5bk75l823g86qz8,Andrés Fuentes Molina,RC Deportivo de La Coruña,Cultural y Deportiva Leonesa,S. Diallo,0,0,0,0,0,2,0,0,46,0,0,4,1,1,0
136,8 Nov 2025,,50ynvwonvi5bk75l823g86qz8,Andrés Fuentes Molina,RC Deportivo de La Coruña,Cultural y Deportiva Leonesa,Paco Cortés,0,0,0,2,0,0,0,0,12,0,0,0,0,1,0
136,8 Nov 2025,,50ynvwonvi5bk75l823g86qz8,Andrés Fuentes Molina,RC Deportivo de La Coruña,Cultural y Deportiva Leonesa,Bicho,0,0,0,0,1,1,0,0,31,0,0,0,0,2,0
136,8 Nov 2025,,50ynvwonvi5bk75l823g86qz8,Andrés Fuentes Molina,RC Deportivo de La Coruña,Cultural y Deportiva Leonesa,Rafa Tresaco,0,0,0,1,1,1,0,0,4,0,0,0,0,0,0
136,8 Nov 2025,,50ynvwonvi5bk75l823g86qz8,Andrés Fuentes Molina,RC Deportivo de La Coruña,Cultural y Deportiva Leonesa,Lucas Ribeiro Costa,0,0,0,1,1,1,0,0,5,0,0,1,1,0,0
136,8 Nov 2025,,50ynvwonvi5bk75l823g86qz8,Andrés Fuentes Molina,RC Deportivo de La Coruña,Cultural y Deportiva Leonesa,Iván Calero,0,0,0,1,0,0,0,0,6,0,0,0,0,0,0
137,9 Nov 2025,,51ceq3c3y0tk31kge3kaq9us4,Eder Mallo Fernández,Granada CF,Real Zaragoza,Jorge Pascual,0,0,0,1,2,2,1,0,16,0,0,5,4,1,0
137,9 Nov 2025,,51ceq3c3y0tk31kge3kaq9us4,Eder Mallo Fernández,Granada CF,Real Zaragoza,Rubén Alcaraz,0,1,0,1,2,1,0,0,47,0,0,1,0,3,0
137,9 Nov 2025,,51ceq3c3y0tk31kge3kaq9us4,Eder Mallo Fernández,Granada CF,Real Zaragoza,Loïc Williams,0,0,0,0,0,1,0,1,61,0,0,0,0,0,0
137,9 Nov 2025,,51ceq3c3y0tk31kge3kaq9us4,Eder Mallo Fernández,Granada CF,Real Zaragoza,L. Zidane,0,0,0,0,0,0,0,0,51,0,3,0,0,0,0
137,9 Nov 2025,,51ceq3c3y0tk31kge3kaq9us4,Eder Mallo Fernández,Granada CF,Real Zaragoza,Manu Lama,0,0,0,0,1,1,0,0,69,0,0,1,0,0,0
137,9 Nov 2025,,51ceq3c3y0tk31kge3kaq9us4,Eder Mallo Fernández,Granada CF,Real Zaragoza,B. Diallo,0,0,0,3,0,1,0,0,38,0,0,0,0,0,0
137,9 Nov 2025,,51ceq3c3y0tk31kge3kaq9us4,Eder Mallo Fernández,Granada CF,Real Zaragoza,S. Faye,1,0,1,6,0,2,0,1,33,0,0,2,1,2,0
137,9 Nov 2025,,51ceq3c3y0tk31kge3kaq9us4,Eder Mallo Fernández,Granada CF,Real Zaragoza,Álex Sola,0,1,4,6,1,3,0,0,16,0,0,2,0,2,0
137,9 Nov 2025,,51ceq3c3y0tk31kge3kaq9us4,Eder Mallo Fernández,Granada CF,Real Zaragoza,Pedro Alemañ,0,0,0,3,2,1,1,0,29,0,0,1,1,2,0
137,9 Nov 2025,,51ceq3c3y0tk31kge3kaq9us4,Eder Mallo Fernández,Granada CF,Real Zaragoza,O. Oppong,0,0,0,1,1,1,0,1,22,0,0,2,0,2,0
137,9 Nov 2025,,51ceq3c3y0tk31kge3kaq9us4,Eder Mallo Fernández,Granada CF,Real Zaragoza,Sergio Ruiz,0,0,0,6,1,0,0,0,46,0,0,0,0,1,0
137,9 Nov 2025,,51ceq3c3y0tk31kge3kaq9us4,Eder Mallo Fernández,Granada CF,Real Zaragoza,José Arnáiz,0,1,1,1,0,1,1,0,3,0,0,2,1,1,0
137,9 Nov 2025,,51ceq3c3y0tk31kge3kaq9us4,Eder Mallo Fernández,Granada CF,Real Zaragoza,Manu Trigueros,0,0,0,2,0,0,0,0,6,0,0,0,0,1,0
137,9 Nov 2025,,51ceq3c3y0tk31kge3kaq9us4,Eder Mallo Fernández,Granada CF,Real Zaragoza,Sergio Rodelas,0,0,0,1,0,1,0,0,7,0,0,0,0,1,0
137,9 Nov 2025,,51ceq3c3y0tk31kge3kaq9us4,Eder Mallo Fernández,Granada CF,Real Zaragoza,L. Gagnidze,1,0,0,0,0,0,0,0,4,0,0,0,0,1,0
137,9 Nov 2025,,51ceq3c3y0tk31kge3kaq9us4,Eder Mallo Fernández,Granada CF,Real Zaragoza,Pablo Sáenz,0,0,0,0,0,1,0,0,2,0,0,0,0,0,0
137,9 Nov 2025,,51ceq3c3y0tk31kge3kaq9us4,Eder Mallo Fernández,Granada CF,Real Zaragoza,Francho Serrano,0,0,1,1,1,0,0,0,45,0,0,0,0,1,0
137,9 Nov 2025,,51ceq3c3y0tk31kge3kaq9us4,Eder Mallo Fernández,Granada CF,Real Zaragoza,Carlos Pomares,0,0,0,0,5,0,0,0,34,0,0,0,0,1,1
137,9 Nov 2025,,51ceq3c3y0tk31kge3kaq9us4,Eder Mallo Fernández,Granada CF,Real Zaragoza,Pablo Insua,0,0,0,0,1,0,0,0,31,0,0,0,0,2,0
137,9 Nov 2025,,51ceq3c3y0tk31kge3kaq9us4,Eder Mallo Fernández,Granada CF,Real Zaragoza,Martín Aguirregabiria,0,0,0,0,2,1,0,0,19,0,0,1,0,1,1
137,9 Nov 2025,,51ceq3c3y0tk31kge3kaq9us4,Eder Mallo Fernández,Granada CF,Real Zaragoza,Mario Soberón,0,0,1,1,2,0,0,0,20,0,0,3,2,1,0
137,9 Nov 2025,,51ceq3c3y0tk31kge3kaq9us4,Eder Mallo Fernández,Granada CF,Real Zaragoza,Pau Sans,0,1,0,1,1,2,0,0,4,0,0,2,0,2,0
137,9 Nov 2025,,51ceq3c3y0tk31kge3kaq9us4,Eder Mallo Fernández,Granada CF,Real Zaragoza,Sebas Moyano,0,0,0,2,0,1,0,0,14,0,0,1,0,1,0
137,9 Nov 2025,,51ceq3c3y0tk31kge3kaq9us4,Eder Mallo Fernández,Granada CF,Real Zaragoza,Toni Moya,0,0,2,7,0,0,0,0,30,0,0,1,1,1,0
137,9 Nov 2025,,51ceq3c3y0tk31kge3kaq9us4,Eder Mallo Fernández,Granada CF,Real Zaragoza,Ale Gomes,0,0,0,0,1,1,0,0,28,0,0,0,0,2,1
137,9 Nov 2025,,51ceq3c3y0tk31kge3kaq9us4,Eder Mallo Fernández,Granada CF,Real Zaragoza,A. Rodríguez,0,0,0,0,0,0,0,0,20,0,4,0,0,0,0
137,9 Nov 2025,,51ceq3c3y0tk31kge3kaq9us4,Eder Mallo Fernández,Granada CF,Real Zaragoza,Raúl Guti,0,0,1,0,0,1,0,0,25,0,0,0,0,1,0
137,9 Nov 2025,,51ceq3c3y0tk31kge3kaq9us4,Eder Mallo Fernández,Granada CF,Real Zaragoza,Dani Tasende,0,0,0,2,0,0,0,0,12,0,0,0,0,0,0
137,9 Nov 2025,,51ceq3c3y0tk31kge3kaq9us4,Eder Mallo Fernández,Granada CF,Real Zaragoza,Paulino de la Fuente,0,0,0,2,0,0,0,0,14,0,0,0,0,1,0
137,9 Nov 2025,,51ceq3c3y0tk31kge3kaq9us4,Eder Mallo Fernández,Granada CF,Real Zaragoza,S. Bakış,0,0,0,0,2,1,0,0,6,0,0,1,0,0,1
137,9 Nov 2025,,51ceq3c3y0tk31kge3kaq9us4,Eder Mallo Fernández,Granada CF,Real Zaragoza,Juan Sebastián,0,0,0,1,1,0,0,0,6,0,0,0,0,0,0
137,9 Nov 2025,,51ceq3c3y0tk31kge3kaq9us4,Eder Mallo Fernández,Granada CF,Real Zaragoza,Dani Gómez,0,1,0,0,0,0,0,0,3,0,0,2,0,0,0
138,9 Nov 2025,,51q8iqqp4hl9iugr4r666iaz8,Gorka Etayo Herrera,UD Las Palmas,Real Racing Club,Manu Fuster,0,1,1,6,0,2,1,0,23,0,0,2,1,0,0
138,9 Nov 2025,,51q8iqqp4hl9iugr4r666iaz8,Gorka Etayo Herrera,UD Las Palmas,Real Racing Club,L. Amatucci,0,0,0,1,2,4,0,0,39,0,0,1,0,3,0
138,9 Nov 2025,,51q8iqqp4hl9iugr4r666iaz8,Gorka Etayo Herrera,UD Las Palmas,Real Racing Club,E. Loiodice,0,1,0,0,3,2,0,0,30,1,0,3,1,3,2
138,9 Nov 2025,,51q8iqqp4hl9iugr4r666iaz8,Gorka Etayo Herrera,UD Las Palmas,Real Racing Club,Mika Mármol,0,0,0,0,2,0,1,0,52,0,0,2,1,0,0
138,9 Nov 2025,,51q8iqqp4hl9iugr4r666iaz8,Gorka Etayo Herrera,UD Las Palmas,Real Racing Club,D. Horkaš,0,0,0,0,0,0,0,0,39,0,1,0,0,0,0
138,9 Nov 2025,,51q8iqqp4hl9iugr4r666iaz8,Gorka Etayo Herrera,UD Las Palmas,Real Racing Club,Sergio Barcia,0,0,0,0,2,0,0,0,59,0,0,0,0,0,0
138,9 Nov 2025,,51q8iqqp4hl9iugr4r666iaz8,Gorka Etayo Herrera,UD Las Palmas,Real Racing Club,M. Luković,0,1,1,0,1,0,0,0,5,0,0,3,1,0,0
138,9 Nov 2025,,51q8iqqp4hl9iugr4r666iaz8,Gorka Etayo Herrera,UD Las Palmas,Real Racing Club,Pejiño,1,0,0,4,1,2,0,0,13,0,0,1,1,1,1
138,9 Nov 2025,,51q8iqqp4hl9iugr4r666iaz8,Gorka Etayo Herrera,UD Las Palmas,Real Racing Club,Viti Rozada,0,0,0,2,1,1,0,0,20,0,0,0,0,0,0
138,9 Nov 2025,,51q8iqqp4hl9iugr4r666iaz8,Gorka Etayo Herrera,UD Las Palmas,Real Racing Club,Enrique Clemente,1,0,0,1,2,1,0,0,23,0,0,0,0,0,0
138,9 Nov 2025,,51q8iqqp4hl9iugr4r666iaz8,Gorka Etayo Herrera,UD Las Palmas,Real Racing Club,Ale García,0,0,3,1,1,1,1,2,9,0,0,3,2,1,0
138,9 Nov 2025,,51q8iqqp4hl9iugr4r666iaz8,Gorka Etayo Herrera,UD Las Palmas,Real Racing Club,Iván Gil,0,1,0,0,0,0,0,0,7,0,0,1,0,0,1
138,9 Nov 2025,,51q8iqqp4hl9iugr4r666iaz8,Gorka Etayo Herrera,UD Las Palmas,Real Racing Club,Marvin Park,0,0,0,0,1,0,0,0,7,0,0,0,0,0,0
138,9 Nov 2025,,51q8iqqp4hl9iugr4r666iaz8,Gorka Etayo Herrera,UD Las Palmas,Real Racing Club,Kirian Rodríguez,0,0,0,0,0,0,0,0,10,0,0,0,0,0,0
138,9 Nov 2025,,51q8iqqp4hl9iugr4r666iaz8,Gorka Etayo Herrera,UD Las Palmas,Real Racing Club,Cristian Gutiérrez,0,0,0,0,1,0,0,0,2,0,0,0,0,0,0
138,9 Nov 2025,,51q8iqqp4hl9iugr4r666iaz8,Gorka Etayo Herrera,UD Las Palmas,Real Racing Club,E. Cedeño,0,0,0,0,1,1,0,0,6,0,0,0,0,0,1
138,9 Nov 2025,,51q8iqqp4hl9iugr4r666iaz8,Gorka Etayo Herrera,UD Las Palmas,Real Racing Club,Jesé,0,0,0,0,0,0,0,0,0,0,0,0,0,1,0
138,9 Nov 2025,,51q8iqqp4hl9iugr4r666iaz8,Gorka Etayo Herrera,UD Las Palmas,Real Racing Club,Mario García,0,0,0,0,0,0,0,0,36,0,0,0,0,2,0
138,9 Nov 2025,,51q8iqqp4hl9iugr4r666iaz8,Gorka Etayo Herrera,UD Las Palmas,Real Racing Club,F. González,0,0,0,0,0,1,0,0,11,0,0,0,0,0,0
138,9 Nov 2025,,51q8iqqp4hl9iugr4r666iaz8,Gorka Etayo Herrera,UD Las Palmas,Real Racing Club,Pablo Ramón,0,0,0,1,0,0,0,0,46,0,0,1,0,1,0
138,9 Nov 2025,,51q8iqqp4hl9iugr4r666iaz8,Gorka Etayo Herrera,UD Las Palmas,Real Racing Club,G. Puerta,0,0,0,1,3,0,0,0,55,0,0,2,0,1,1
138,9 Nov 2025,,51q8iqqp4hl9iugr4r666iaz8,Gorka Etayo Herrera,UD Las Palmas,Real Racing Club,M. Gueye,0,0,0,0,2,1,0,0,17,0,0,0,0,2,0
138,9 Nov 2025,,51q8iqqp4hl9iugr4r666iaz8,Gorka Etayo Herrera,UD Las Palmas,Real Racing Club,J. Arévalo,0,0,1,0,1,3,0,0,16,0,0,1,0,2,0
138,9 Nov 2025,,51q8iqqp4hl9iugr4r666iaz8,Gorka Etayo Herrera,UD Las Palmas,Real Racing Club,Peio Canales,0,0,0,0,0,1,0,0,18,0,0,0,0,0,0
138,9 Nov 2025,,51q8iqqp4hl9iugr4r666iaz8,Gorka Etayo Herrera,UD Las Palmas,Real Racing Club,Asier Villalibre,0,0,0,0,1,2,1,1,9,0,0,1,1,0,0
138,9 Nov 2025,,51q8iqqp4hl9iugr4r666iaz8,Gorka Etayo Herrera,UD Las Palmas,Real Racing Club,Jokin Ezkieta,0,0,0,0,0,0,0,0,26,0,4,0,0,0,0
138,9 Nov 2025,,51q8iqqp4hl9iugr4r666iaz8,Gorka Etayo Herrera,UD Las Palmas,Real Racing Club,Andrés Martín,1,0,0,5,1,4,0,0,10,0,0,0,0,0,0
138,9 Nov 2025,,51q8iqqp4hl9iugr4r666iaz8,Gorka Etayo Herrera,UD Las Palmas,Real Racing Club,C. Michelin,0,1,2,9,2,1,0,0,18,0,0,2,0,1,0
138,9 Nov 2025,,51q8iqqp4hl9iugr4r666iaz8,Gorka Etayo Herrera,UD Las Palmas,Real Racing Club,Javi Castro,0,0,1,1,1,0,0,0,25,0,0,0,0,1,0
138,9 Nov 2025,,51q8iqqp4hl9iugr4r666iaz8,Gorka Etayo Herrera,UD Las Palmas,Real Racing Club,Sergio Martínez,0,0,0,0,0,0,0,0,22,0,0,0,0,0,0
138,9 Nov 2025,,51q8iqqp4hl9iugr4r666iaz8,Gorka Etayo Herrera,UD Las Palmas,Real Racing Club,S. Camara,0,0,0,2,1,4,0,1,13,0,0,0,0,1,0
138,9 Nov 2025,,51q8iqqp4hl9iugr4r666iaz8,Gorka Etayo Herrera,UD Las Palmas,Real Racing Club,Yeray Cabanzón,0,0,0,2,1,1,0,0,10,0,0,1,0,1,0
138,9 Nov 2025,,51q8iqqp4hl9iugr4r666iaz8,Gorka Etayo Herrera,UD Las Palmas,Real Racing Club,Juan Carlos Arana,0,0,1,0,1,0,0,1,2,0,0,1,1,0,0
138,9 Nov 2025,,51q8iqqp4hl9iugr4r666iaz8,Gorka Etayo Herrera,UD Las Palmas,Real Racing Club,Marco Sangalli,0,0,0,0,0,0,0,0,3,0,0,0,0,0,0
139,7 Nov 2025,,525jball3hrtkjiue8arbdyc4,Rafael Sánchez López,CD Mirandés,Real Sporting de Gijón,Pablo Pérez,0,0,1,4,0,2,0,0,29,0,0,1,1,1,0
139,7 Nov 2025,,525jball3hrtkjiue8arbdyc4,Rafael Sánchez López,CD Mirandés,Real Sporting de Gijón,Postigo,0,0,0,0,0,1,0,0,62,0,0,0,0,1,0
139,7 Nov 2025,,525jball3hrtkjiue8arbdyc4,Rafael Sánchez López,CD Mirandés,Real Sporting de Gijón,Carlos Fernández,0,2,0,0,1,0,1,1,27,0,0,7,3,0,0
139,7 Nov 2025,,525jball3hrtkjiue8arbdyc4,Rafael Sánchez López,CD Mirandés,Real Sporting de Gijón,T. Helguera,0,0,0,0,3,1,0,0,33,0,0,1,1,4,1
139,7 Nov 2025,,525jball3hrtkjiue8arbdyc4,Rafael Sánchez López,CD Mirandés,Real Sporting de Gijón,Juan Gutiérrez,0,0,1,3,1,0,0,0,45,0,0,0,0,1,1
139,7 Nov 2025,,525jball3hrtkjiue8arbdyc4,Rafael Sánchez López,CD Mirandés,Real Sporting de Gijón,Toni Tamarit,0,1,1,9,0,0,0,0,21,0,0,3,1,1,0
139,7 Nov 2025,,525jball3hrtkjiue8arbdyc4,Rafael Sánchez López,CD Mirandés,Real Sporting de Gijón,Aarón,0,0,1,0,0,0,0,0,18,0,0,0,0,0,0
139,7 Nov 2025,,525jball3hrtkjiue8arbdyc4,Rafael Sánchez López,CD Mirandés,Real Sporting de Gijón,I. Nikić,0,0,0,0,0,0,0,0,21,0,1,0,0,0,0
139,7 Nov 2025,,525jball3hrtkjiue8arbdyc4,Rafael Sánchez López,CD Mirandés,Real Sporting de Gijón,Rafel Bauzà,0,1,0,0,2,2,0,0,23,0,0,1,0,0,1
139,7 Nov 2025,,525jball3hrtkjiue8arbdyc4,Rafael Sánchez López,CD Mirandés,Real Sporting de Gijón,Alberto Marí,1,0,0,0,1,3,0,0,16,0,0,2,0,1,0
139,7 Nov 2025,,525jball3hrtkjiue8arbdyc4,Rafael Sánchez López,CD Mirandés,Real Sporting de Gijón,Martín Pascual,1,0,0,0,0,0,0,1,51,0,0,3,1,1,0
139,7 Nov 2025,,525jball3hrtkjiue8arbdyc4,Rafael Sánchez López,CD Mirandés,Real Sporting de Gijón,Álex Cardero,0,0,0,1,2,0,0,0,17,0,0,1,1,1,1
139,7 Nov 2025,,525jball3hrtkjiue8arbdyc4,Rafael Sánchez López,CD Mirandés,Real Sporting de Gijón,Ismael Barea,0,0,0,0,0,0,0,0,7,0,0,0,0,2,0
139,7 Nov 2025,,525jball3hrtkjiue8arbdyc4,Rafael Sánchez López,CD Mirandés,Real Sporting de Gijón,G. Petit,0,0,0,0,1,0,1,0,7,0,0,1,1,0,0
139,7 Nov 2025,,525jball3hrtkjiue8arbdyc4,Rafael Sánchez López,CD Mirandés,Real Sporting de Gijón,Iker Córdoba Sánchez,0,0,0,0,0,0,0,0,0,0,0,0,0,0,0
139,7 Nov 2025,,525jball3hrtkjiue8arbdyc4,Rafael Sánchez López,CD Mirandés,Real Sporting de Gijón,César Gelabert,0,0,0,1,1,3,0,0,42,0,0,0,0,2,0
139,7 Nov 2025,,525jball3hrtkjiue8arbdyc4,Rafael Sánchez López,CD Mirandés,Real Sporting de Gijón,Rubén Yáñez,0,0,0,0,0,0,0,0,33,0,7,0,0,0,0
139,7 Nov 2025,,525jball3hrtkjiue8arbdyc4,Rafael Sánchez López,CD Mirandés,Real Sporting de Gijón,Guille Rosas,0,0,1,1,0,1,0,0,51,0,0,0,0,2,0
139,7 Nov 2025,,525jball3hrtkjiue8arbdyc4,Rafael Sánchez López,CD Mirandés,Real Sporting de Gijón,Pablo Vázquez,0,0,0,1,1,2,0,0,59,0,0,0,0,4,1
139,7 Nov 2025,,525jball3hrtkjiue8arbdyc4,Rafael Sánchez López,CD Mirandés,Real Sporting de Gijón,Diego Sánchez,0,0,0,1,0,0,0,0,52,0,0,0,0,0,0
139,7 Nov 2025,,525jball3hrtkjiue8arbdyc4,Rafael Sánchez López,CD Mirandés,Real Sporting de Gijón,Jonathan Dubasin,0,1,1,2,1,3,1,0,24,0,0,3,1,0,0
139,7 Nov 2025,,525jball3hrtkjiue8arbdyc4,Rafael Sánchez López,CD Mirandés,Real Sporting de Gijón,L. Perrin,0,0,0,0,3,0,0,0,51,0,0,0,0,0,0
139,7 Nov 2025,,525jball3hrtkjiue8arbdyc4,Rafael Sánchez López,CD Mirandés,Real Sporting de Gijón,Álex Corredera,0,0,0,6,1,1,0,0,57,0,0,1,0,2,0
139,7 Nov 2025,,525jball3hrtkjiue8arbdyc4,Rafael Sánchez López,CD Mirandés,Real Sporting de Gijón,Ó. Cortés,0,0,1,0,0,0,0,0,15,0,0,2,1,2,0
139,7 Nov 2025,,525jball3hrtkjiue8arbdyc4,Rafael Sánchez López,CD Mirandés,Real Sporting de Gijón,J. Smith,0,0,0,0,1,0,0,0,32,0,0,0,0,1,0
139,7 Nov 2025,,525jball3hrtkjiue8arbdyc4,Rafael Sánchez López,CD Mirandés,Real Sporting de Gijón,Nacho Martín,0,0,0,0,2,0,0,0,23,0,0,1,0,1,1
139,7 Nov 2025,,525jball3hrtkjiue8arbdyc4,Rafael Sánchez López,CD Mirandés,Real Sporting de Gijón,Pablo García,0,0,1,2,0,0,0,1,19,0,0,0,0,0,0
139,7 Nov 2025,,525jball3hrtkjiue8arbdyc4,Rafael Sánchez López,CD Mirandés,Real Sporting de Gijón,A. Coundoul,0,0,0,0,0,0,0,1,4,0,0,0,0,0,0
139,7 Nov 2025,,525jball3hrtkjiue8arbdyc4,Rafael Sánchez López,CD Mirandés,Real Sporting de Gijón,Manu Rodríguez,0,1,0,0,0,0,0,0,1,0,0,1,0,0,0
139,7 Nov 2025,,525jball3hrtkjiue8arbdyc4,Rafael Sánchez López,CD Mirandés,Real Sporting de Gijón,J. Caicedo,0,0,0,0,0,1,0,0,1,0,0,0,0,0,0
140,8 Nov 2025,,52jb49xxf6sipbqh6dk5jto2c,Manuel Ángel Pérez Hernández,SD Eibar,Albacete Balompié,Anaitz Arbilla,0,0,0,0,0,0,0,1,75,0,0,0,0,1,0
140,8 Nov 2025,,52jb49xxf6sipbqh6dk5jto2c,Manuel Ángel Pérez Hernández,SD Eibar,Albacete Balompié,Jonmi Magunagoitia,0,0,0,0,0,0,0,0,32,0,7,0,0,0,0
140,8 Nov 2025,,52jb49xxf6sipbqh6dk5jto2c,Manuel Ángel Pérez Hernández,SD Eibar,Albacete Balompié,Jon Bautista,0,0,0,1,6,1,0,1,25,0,0,4,0,0,0
140,8 Nov 2025,,52jb49xxf6sipbqh6dk5jto2c,Manuel Ángel Pérez Hernández,SD Eibar,Albacete Balompié,José Corpas,0,1,2,6,0,0,1,0,32,0,0,6,3,0,0
140,8 Nov 2025,,52jb49xxf6sipbqh6dk5jto2c,Manuel Ángel Pérez Hernández,SD Eibar,Albacete Balompié,Javi Martón,0,1,0,2,1,4,2,0,16,0,0,5,4,0,0
140,8 Nov 2025,,52jb49xxf6sipbqh6dk5jto2c,Manuel Ángel Pérez Hernández,SD Eibar,Albacete Balompié,Lander Olaetxea,0,1,0,0,0,0,0,0,51,0,0,2,0,0,0
140,8 Nov 2025,,52jb49xxf6sipbqh6dk5jto2c,Manuel Ángel Pérez Hernández,SD Eibar,Albacete Balompié,Marco Moreno,0,0,0,0,1,1,0,0,49,0,0,0,0,1,0
140,8 Nov 2025,,52jb49xxf6sipbqh6dk5jto2c,Manuel Ángel Pérez Hernández,SD Eibar,Albacete Balompié,Toni Villa,0,0,1,4,0,0,0,0,35,0,0,1,1,1,0
140,8 Nov 2025,,52jb49xxf6sipbqh6dk5jto2c,Manuel Ángel Pérez Hernández,SD Eibar,Albacete Balompié,Sergio Cubero,0,1,1,4,1,0,0,0,28,0,0,1,0,0,0
140,8 Nov 2025,,52jb49xxf6sipbqh6dk5jto2c,Manuel Ángel Pérez Hernández,SD Eibar,Albacete Balompié,Leonardo Buta,0,1,0,4,0,1,0,0,16,0,0,1,0,1,0
140,8 Nov 2025,,52jb49xxf6sipbqh6dk5jto2c,Manuel Ángel Pérez Hernández,SD Eibar,Albacete Balompié,Aleix Garrido,1,0,0,0,0,1,0,0,52,0,0,0,0,4,0
140,8 Nov 2025,,52jb49xxf6sipbqh6dk5jto2c,Manuel Ángel Pérez Hernández,SD Eibar,Albacete Balompié,Álvaro Rodríguez,0,0,0,0,0,0,0,0,12,0,0,0,0,0,0
140,8 Nov 2025,,52jb49xxf6sipbqh6dk5jto2c,Manuel Ángel Pérez Hernández,SD Eibar,Albacete Balompié,Xeber Alkain,0,0,0,2,0,0,0,0,8,0,0,1,0,0,0
140,8 Nov 2025,,52jb49xxf6sipbqh6dk5jto2c,Manuel Ángel Pérez Hernández,SD Eibar,Albacete Balompié,Sergio Álvarez,0,0,0,0,3,1,0,0,12,0,0,0,0,0,0
140,8 Nov 2025,,52jb49xxf6sipbqh6dk5jto2c,Manuel Ángel Pérez Hernández,SD Eibar,Albacete Balompié,Javi Martínez,0,1,0,0,1,1,0,0,15,0,0,1,0,0,0
140,8 Nov 2025,,52jb49xxf6sipbqh6dk5jto2c,Manuel Ángel Pérez Hernández,SD Eibar,Albacete Balompié,Jon Magunazelaia,0,0,0,0,2,0,0,0,9,0,0,0,0,1,1
140,8 Nov 2025,,52jb49xxf6sipbqh6dk5jto2c,Manuel Ángel Pérez Hernández,SD Eibar,Albacete Balompié,Jefté Betancor,0,0,1,1,0,2,2,0,15,0,0,3,3,0,0
140,8 Nov 2025,,52jb49xxf6sipbqh6dk5jto2c,Manuel Ángel Pérez Hernández,SD Eibar,Albacete Balompié,Javi Villar,0,0,0,0,3,2,0,0,34,0,0,1,1,1,1
140,8 Nov 2025,,52jb49xxf6sipbqh6dk5jto2c,Manuel Ángel Pérez Hernández,SD Eibar,Albacete Balompié,Jon García,0,0,1,0,2,0,0,0,19,0,0,1,1,2,1
140,8 Nov 2025,,52jb49xxf6sipbqh6dk5jto2c,Manuel Ángel Pérez Hernández,SD Eibar,Albacete Balompié,Fran Gámez,1,0,1,2,0,1,0,0,38,0,0,0,0,2,0
140,8 Nov 2025,,52jb49xxf6sipbqh6dk5jto2c,Manuel Ángel Pérez Hernández,SD Eibar,Albacete Balompié,Agus Medina,0,0,0,8,1,3,0,0,34,0,0,2,1,0,0
140,8 Nov 2025,,52jb49xxf6sipbqh6dk5jto2c,Manuel Ángel Pérez Hernández,SD Eibar,Albacete Balompié,Carlos Neva,0,0,0,2,1,0,0,0,22,0,0,0,0,0,0
140,8 Nov 2025,,52jb49xxf6sipbqh6dk5jto2c,Manuel Ángel Pérez Hernández,SD Eibar,Albacete Balompié,Jesús Vallejo,0,0,0,0,0,0,0,0,35,0,0,0,0,0,0
140,8 Nov 2025,,52jb49xxf6sipbqh6dk5jto2c,Manuel Ángel Pérez Hernández,SD Eibar,Albacete Balompié,Jon Morcillo,0,1,0,4,0,0,0,0,12,0,0,3,1,0,0
140,8 Nov 2025,,52jb49xxf6sipbqh6dk5jto2c,Manuel Ángel Pérez Hernández,SD Eibar,Albacete Balompié,Antonio Pacheco,0,0,0,0,2,2,0,0,26,0,0,1,0,0,1
140,8 Nov 2025,,52jb49xxf6sipbqh6dk5jto2c,Manuel Ángel Pérez Hernández,SD Eibar,Albacete Balompié,Raúl Lizoain,0,0,0,0,1,0,0,0,34,0,5,0,0,0,0
140,8 Nov 2025,,52jb49xxf6sipbqh6dk5jto2c,Manuel Ángel Pérez Hernández,SD Eibar,Albacete Balompié,Capi,0,0,0,0,0,0,0,0,14,0,0,1,0,2,0
140,8 Nov 2025,,52jb49xxf6sipbqh6dk5jto2c,Manuel Ángel Pérez Hernández,SD Eibar,Albacete Balompié,Javi Moreno,0,0,0,0,0,2,0,0,29,0,0,0,0,0,0
140,8 Nov 2025,,52jb49xxf6sipbqh6dk5jto2c,Manuel Ángel Pérez Hernández,SD Eibar,Albacete Balompié,José Carlos Lazo,0,0,0,2,0,0,0,0,6,0,0,2,1,1,0
140,8 Nov 2025,,52jb49xxf6sipbqh6dk5jto2c,Manuel Ángel Pérez Hernández,SD Eibar,Albacete Balompié,Dani Escriche,0,0,0,1,1,1,0,0,4,0,0,0,0,0,0
140,8 Nov 2025,,52jb49xxf6sipbqh6dk5jto2c,Manuel Ángel Pérez Hernández,SD Eibar,Albacete Balompié,Higinio Marín,0,0,0,0,0,1,0,0,3,0,0,3,1,0,0
140,8 Nov 2025,,52jb49xxf6sipbqh6dk5jto2c,Manuel Ángel Pérez Hernández,SD Eibar,Albacete Balompié,Víctor Valverde,0,0,0,2,0,0,0,0,7,0,0,0,0,0,0
141,8 Nov 2025,,52x2p5lxqxh9k7fedvx9zo4yc,Manuel Jesús Orellana Cid,Málaga CF,Córdoba FC,David Larrubia,0,0,0,1,1,5,0,0,27,0,0,0,0,4,0
141,8 Nov 2025,,52x2p5lxqxh9k7fedvx9zo4yc,Manuel Jesús Orellana Cid,Málaga CF,Córdoba FC,Juanpe,0,0,0,0,0,1,0,0,4,0,0,0,0,0,0
141,8 Nov 2025,,52x2p5lxqxh9k7fedvx9zo4yc,Manuel Jesús Orellana Cid,Málaga CF,Córdoba FC,Rafita,0,0,0,1,0,3,0,0,30,0,0,0,0,3,0
141,8 Nov 2025,,52x2p5lxqxh9k7fedvx9zo4yc,Manuel Jesús Orellana Cid,Málaga CF,Córdoba FC,Carlos Dotor,0,0,0,1,2,2,0,0,18,0,0,0,0,1,1
141,8 Nov 2025,,52x2p5lxqxh9k7fedvx9zo4yc,Manuel Jesús Orellana Cid,Málaga CF,Córdoba FC,Diego Murillo,0,0,0,0,1,1,0,0,65,0,0,0,0,2,0
141,8 Nov 2025,,52x2p5lxqxh9k7fedvx9zo4yc,Manuel Jesús Orellana Cid,Málaga CF,Córdoba FC,Joaquín Muñoz,0,0,0,0,0,2,0,1,12,0,0,0,0,0,0
141,8 Nov 2025,,52x2p5lxqxh9k7fedvx9zo4yc,Manuel Jesús Orellana Cid,Málaga CF,Córdoba FC,Víctor García,1,0,0,2,0,2,0,0,34,0,0,2,2,1,0
141,8 Nov 2025,,52x2p5lxqxh9k7fedvx9zo4yc,Manuel Jesús Orellana Cid,Málaga CF,Córdoba FC,Javi Montero,0,1,1,0,1,1,0,0,77,0,0,1,0,1,1
141,8 Nov 2025,,52x2p5lxqxh9k7fedvx9zo4yc,Manuel Jesús Orellana Cid,Málaga CF,Córdoba FC,Eneko Jauregi,0,0,1,0,2,2,0,1,7,0,0,1,1,0,1
141,8 Nov 2025,,52x2p5lxqxh9k7fedvx9zo4yc,Manuel Jesús Orellana Cid,Málaga CF,Córdoba FC,Dani Lorenzo,1,0,0,1,3,2,0,0,44,0,0,0,0,4,0
141,8 Nov 2025,,52x2p5lxqxh9k7fedvx9zo4yc,Manuel Jesús Orellana Cid,Málaga CF,Córdoba FC,Alfonso Herrero,0,0,0,0,0,0,0,0,36,0,4,0,0,0,0
141,8 Nov 2025,,52x2p5lxqxh9k7fedvx9zo4yc,Manuel Jesús Orellana Cid,Málaga CF,Córdoba FC,D. Brašanac,0,0,0,1,1,0,0,0,10,0,0,0,0,2,0
141,8 Nov 2025,,52x2p5lxqxh9k7fedvx9zo4yc,Manuel Jesús Orellana Cid,Málaga CF,Córdoba FC,Rafa Rodríguez,0,1,0,0,2,0,2,0,16,0,0,5,3,0,0
141,8 Nov 2025,,52x2p5lxqxh9k7fedvx9zo4yc,Manuel Jesús Orellana Cid,Málaga CF,Córdoba FC,Julen Lobete,0,0,0,1,3,0,0,0,7,0,0,0,0,0,0
141,8 Nov 2025,,52x2p5lxqxh9k7fedvx9zo4yc,Manuel Jesús Orellana Cid,Málaga CF,Córdoba FC,Adrián Niño,0,0,0,0,0,0,0,1,5,0,0,2,1,0,0
141,8 Nov 2025,,52x2p5lxqxh9k7fedvx9zo4yc,Manuel Jesús Orellana Cid,Málaga CF,Córdoba FC,Josué Dorrio,0,0,0,3,1,0,0,0,4,0,0,0,0,0,0
141,8 Nov 2025,,52x2p5lxqxh9k7fedvx9zo4yc,Manuel Jesús Orellana Cid,Málaga CF,Córdoba FC,Dani Requena,0,0,0,0,5,0,0,0,24,0,0,0,0,4,1
141,8 Nov 2025,,52x2p5lxqxh9k7fedvx9zo4yc,Manuel Jesús Orellana Cid,Málaga CF,Córdoba FC,Carlos Isaac,0,0,1,2,1,2,0,0,34,0,0,0,0,1,0
141,8 Nov 2025,,52x2p5lxqxh9k7fedvx9zo4yc,Manuel Jesús Orellana Cid,Málaga CF,Córdoba FC,Jacobo González,0,1,0,0,7,2,0,0,12,0,0,4,2,1,0
141,8 Nov 2025,,52x2p5lxqxh9k7fedvx9zo4yc,Manuel Jesús Orellana Cid,Málaga CF,Córdoba FC,Carlos Albarrán,0,0,0,0,3,0,0,1,13,1,0,0,0,4,0
141,8 Nov 2025,,52x2p5lxqxh9k7fedvx9zo4yc,Manuel Jesús Orellana Cid,Málaga CF,Córdoba FC,Cristian Carracedo,0,0,0,0,0,2,0,0,20,0,0,2,1,0,1
141,8 Nov 2025,,52x2p5lxqxh9k7fedvx9zo4yc,Manuel Jesús Orellana Cid,Málaga CF,Córdoba FC,Isma Ruiz,0,0,0,0,0,3,0,0,28,0,0,2,0,3,0
141,8 Nov 2025,,52x2p5lxqxh9k7fedvx9zo4yc,Manuel Jesús Orellana Cid,Málaga CF,Córdoba FC,F. Fomeyem,0,0,0,0,0,1,0,0,27,0,0,0,0,2,1
141,8 Nov 2025,,52x2p5lxqxh9k7fedvx9zo4yc,Manuel Jesús Orellana Cid,Málaga CF,Córdoba FC,Fuentes,0,0,0,1,1,0,1,1,18,0,0,2,1,1,0
141,8 Nov 2025,,52x2p5lxqxh9k7fedvx9zo4yc,Manuel Jesús Orellana Cid,Málaga CF,Córdoba FC,Dali,0,1,0,2,3,0,0,0,10,0,0,1,0,2,0
141,8 Nov 2025,,52x2p5lxqxh9k7fedvx9zo4yc,Manuel Jesús Orellana Cid,Málaga CF,Córdoba FC,Rubén Alves,0,1,0,0,2,0,0,0,21,0,0,2,1,0,0
141,8 Nov 2025,,52x2p5lxqxh9k7fedvx9zo4yc,Manuel Jesús Orellana Cid,Málaga CF,Córdoba FC,Iker Álvarez,0,0,0,0,0,1,0,0,29,0,5,0,0,0,0
141,8 Nov 2025,,52x2p5lxqxh9k7fedvx9zo4yc,Manuel Jesús Orellana Cid,Málaga CF,Córdoba FC,Álex Martín,1,0,0,2,0,3,0,0,6,0,0,0,0,0,0
141,8 Nov 2025,,52x2p5lxqxh9k7fedvx9zo4yc,Manuel Jesús Orellana Cid,Málaga CF,Córdoba FC,T. Zidane,0,0,1,1,0,2,0,0,10,0,0,0,0,1,0
141,8 Nov 2025,,52x2p5lxqxh9k7fedvx9zo4yc,Manuel Jesús Orellana Cid,Málaga CF,Córdoba FC,Kevin Medina,0,0,0,1,0,0,0,0,3,0,0,1,0,0,0
141,8 Nov 2025,,52x2p5lxqxh9k7fedvx9zo4yc,Manuel Jesús Orellana Cid,Málaga CF,Córdoba FC,Diego Bri,0,0,0,0,0,1,1,0,1,0,0,1,1,1,0
142,8 Nov 2025,,53azl6ngo691u0ob2hkxxad5g,Germán Cid Camacho,Real Sociedad de Fútbol,CD Leganés,Lander Astiazarán,0,0,1,2,1,1,0,0,11,0,0,1,0,0,0
142,8 Nov 2025,,53azl6ngo691u0ob2hkxxad5g,Germán Cid Camacho,Real Sociedad de Fútbol,CD Leganés,Luken Beitia,0,0,0,0,0,0,0,0,49,0,0,1,0,4,0
142,8 Nov 2025,,53azl6ngo691u0ob2hkxxad5g,Germán Cid Camacho,Real Sociedad de Fútbol,CD Leganés,Jon Balda,0,0,0,3,0,0,0,0,30,0,0,2,0,2,0
142,8 Nov 2025,,53azl6ngo691u0ob2hkxxad5g,Germán Cid Camacho,Real Sociedad de Fútbol,CD Leganés,Joni Eceiza,0,0,1,3,0,2,0,0,15,0,0,1,0,0,0
142,8 Nov 2025,,53azl6ngo691u0ob2hkxxad5g,Germán Cid Camacho,Real Sociedad de Fútbol,CD Leganés,Jon Garro,0,0,0,0,0,0,0,0,20,0,0,0,0,1,0
142,8 Nov 2025,,53azl6ngo691u0ob2hkxxad5g,Germán Cid Camacho,Real Sociedad de Fútbol,CD Leganés,K. Kita,0,0,0,0,2,0,0,1,44,0,0,0,0,1,0
142,8 Nov 2025,,53azl6ngo691u0ob2hkxxad5g,Germán Cid Camacho,Real Sociedad de Fútbol,CD Leganés,Ibai Aguirre,0,0,0,1,2,1,0,0,32,0,0,0,0,4,1
142,8 Nov 2025,,53azl6ngo691u0ob2hkxxad5g,Germán Cid Camacho,Real Sociedad de Fútbol,CD Leganés,Aitor Fraga,0,0,0,0,0,0,0,0,28,0,2,0,0,0,0
142,8 Nov 2025,,53azl6ngo691u0ob2hkxxad5g,Germán Cid Camacho,Real Sociedad de Fútbol,CD Leganés,J. Ochieng,0,0,0,4,4,3,1,1,9,0,0,2,1,4,1
142,8 Nov 2025,,53azl6ngo691u0ob2hkxxad5g,Germán Cid Camacho,Real Sociedad de Fútbol,CD Leganés,Gorka Gorosabel,0,1,0,1,4,1,0,0,17,0,0,1,0,1,1
142,8 Nov 2025,,53azl6ngo691u0ob2hkxxad5g,Germán Cid Camacho,Real Sociedad de Fútbol,CD Leganés,Gorka Carrera,1,0,0,0,3,1,0,1,10,0,0,1,1,0,0
142,8 Nov 2025,,53azl6ngo691u0ob2hkxxad5g,Germán Cid Camacho,Real Sociedad de Fútbol,CD Leganés,Dani Díaz,0,0,0,1,0,3,1,0,2,0,0,1,1,1,0
142,8 Nov 2025,,53azl6ngo691u0ob2hkxxad5g,Germán Cid Camacho,Real Sociedad de Fútbol,CD Leganés,Arkaitz Mariezkurrena,0,1,0,1,1,0,0,0,8,0,0,1,0,0,0
142,8 Nov 2025,,53azl6ngo691u0ob2hkxxad5g,Germán Cid Camacho,Real Sociedad de Fútbol,CD Leganés,Mikel Rodríguez,0,1,0,0,1,0,0,0,9,0,0,1,0,1,1
142,8 Nov 2025,,53azl6ngo691u0ob2hkxxad5g,Germán Cid Camacho,Real Sociedad de Fútbol,CD Leganés,Alex Marchal,0,0,0,0,0,0,0,0,2,0,0,0,0,0,0
142,8 Nov 2025,,53azl6ngo691u0ob2hkxxad5g,Germán Cid Camacho,Real Sociedad de Fútbol,CD Leganés,Lalo Aguilar,0,0,0,1,2,1,0,0,56,0,0,0,0,2,1
142,8 Nov 2025,,53azl6ngo691u0ob2hkxxad5g,Germán Cid Camacho,Real Sociedad de Fútbol,CD Leganés,Juan Cruz,0,0,1,1,0,4,0,0,26,0,0,2,1,0,0
142,8 Nov 2025,,53azl6ngo691u0ob2hkxxad5g,Germán Cid Camacho,Real Sociedad de Fútbol,CD Leganés,S. Cissé,0,0,0,1,1,6,0,0,70,0,0,0,0,3,0
142,8 Nov 2025,,53azl6ngo691u0ob2hkxxad5g,Germán Cid Camacho,Real Sociedad de Fútbol,CD Leganés,Naim García,1,0,2,11,1,1,0,1,25,0,0,2,0,0,1
142,8 Nov 2025,,53azl6ngo691u0ob2hkxxad5g,Germán Cid Camacho,Real Sociedad de Fútbol,CD Leganés,Marvel,0,0,0,1,1,0,0,0,65,0,0,1,0,4,0
142,8 Nov 2025,,53azl6ngo691u0ob2hkxxad5g,Germán Cid Camacho,Real Sociedad de Fútbol,CD Leganés,Jorge Sáenz,0,0,0,0,3,0,0,0,73,0,0,1,1,1,1
142,8 Nov 2025,,53azl6ngo691u0ob2hkxxad5g,Germán Cid Camacho,Real Sociedad de Fútbol,CD Leganés,Álex Millán,0,0,2,0,0,1,0,0,7,0,0,1,0,1,0
142,8 Nov 2025,,53azl6ngo691u0ob2hkxxad5g,Germán Cid Camacho,Real Sociedad de Fútbol,CD Leganés,S. Figueredo,0,0,0,0,2,0,0,0,25,0,0,0,0,1,1
142,8 Nov 2025,,53azl6ngo691u0ob2hkxxad5g,Germán Cid Camacho,Real Sociedad de Fútbol,CD Leganés,Juan Soriano,0,0,0,0,0,1,0,0,43,0,0,0,0,0,0
142,8 Nov 2025,,53azl6ngo691u0ob2hkxxad5g,Germán Cid Camacho,Real Sociedad de Fútbol,CD Leganés,A. Diawara,0,0,0,0,0,0,1,0,57,0,0,1,1,1,0
142,8 Nov 2025,,53azl6ngo691u0ob2hkxxad5g,Germán Cid Camacho,Real Sociedad de Fútbol,CD Leganés,Óscar Plano,0,0,0,0,1,2,0,0,17,0,0,0,0,2,0
142,8 Nov 2025,,53azl6ngo691u0ob2hkxxad5g,Germán Cid Camacho,Real Sociedad de Fútbol,CD Leganés,Roberto López,0,0,0,5,0,1,0,0,9,0,0,1,1,0,0
142,8 Nov 2025,,53azl6ngo691u0ob2hkxxad5g,Germán Cid Camacho,Real Sociedad de Fútbol,CD Leganés,Rubén Peña,0,0,1,1,0,0,0,0,11,0,0,0,0,1,0
142,8 Nov 2025,,53azl6ngo691u0ob2hkxxad5g,Germán Cid Camacho,Real Sociedad de Fútbol,CD Leganés,Diego García,0,0,0,0,0,1,0,0,5,0,0,0,0,0,0
142,8 Nov 2025,,53azl6ngo691u0ob2hkxxad5g,Germán Cid Camacho,Real Sociedad de Fútbol,CD Leganés,Gonzalo Melero,0,0,0,0,2,0,0,0,3,1,0,0,0,0,2
142,8 Nov 2025,,53azl6ngo691u0ob2hkxxad5g,Germán Cid Camacho,Real Sociedad de Fútbol,CD Leganés,Carlos Guirao,0,0,0,0,0,0,0,0,1,0,0,0,0,0,0
143,26 Nov 2025,,53outd38z9p7hahqzuk9jwqok,Alejandro Morilla Turrión,AD Ceuta FC,UD Almería,Yago Cantero,0,0,0,0,1,0,0,0,62,0,0,0,0,0,0
143,26 Nov 2025,,53outd38z9p7hahqzuk9jwqok,Alejandro Morilla Turrión,AD Ceuta FC,UD Almería,José Matos,1,0,1,3,0,1,0,0,17,0,0,0,0,2,0
143,26 Nov 2025,,53outd38z9p7hahqzuk9jwqok,Alejandro Morilla Turrión,AD Ceuta FC,UD Almería,Aisar,0,0,0,4,0,2,0,0,16,0,0,1,1,0,0
143,26 Nov 2025,,53outd38z9p7hahqzuk9jwqok,Alejandro Morilla Turrión,AD Ceuta FC,UD Almería,Guille Vallejo,0,0,0,0,0,0,0,0,38,0,4,0,0,0,0
143,26 Nov 2025,,53outd38z9p7hahqzuk9jwqok,Alejandro Morilla Turrión,AD Ceuta FC,UD Almería,Y. Lachhab,0,0,0,1,2,0,0,0,25,0,0,0,0,2,0
143,26 Nov 2025,,53outd38z9p7hahqzuk9jwqok,Alejandro Morilla Turrión,AD Ceuta FC,UD Almería,A. Tuhami,0,0,0,1,3,2,0,0,18,0,0,0,0,3,1
143,26 Nov 2025,,53outd38z9p7hahqzuk9jwqok,Alejandro Morilla Turrión,AD Ceuta FC,UD Almería,Kuki Zalazar,0,0,0,1,2,3,1,0,23,0,0,1,1,3,0
143,26 Nov 2025,,53outd38z9p7hahqzuk9jwqok,Alejandro Morilla Turrión,AD Ceuta FC,UD Almería,Rubén Díez,0,0,0,3,0,1,1,0,51,0,0,2,2,1,1
143,26 Nov 2025,,53outd38z9p7hahqzuk9jwqok,Alejandro Morilla Turrión,AD Ceuta FC,UD Almería,Carlos Hernández,0,0,0,0,0,0,0,0,26,0,0,0,0,5,0
143,26 Nov 2025,,53outd38z9p7hahqzuk9jwqok,Alejandro Morilla Turrión,AD Ceuta FC,UD Almería,K. de la Fuente,1,0,0,0,1,2,0,2,17,0,0,2,0,6,0
143,26 Nov 2025,,53outd38z9p7hahqzuk9jwqok,Alejandro Morilla Turrión,AD Ceuta FC,UD Almería,Marcos Fernández,0,0,0,0,2,2,1,1,18,0,0,3,2,0,0
143,26 Nov 2025,,53outd38z9p7hahqzuk9jwqok,Alejandro Morilla Turrión,AD Ceuta FC,UD Almería,Y. Bodiger,0,0,1,0,1,1,0,0,23,0,0,1,1,0,1
143,26 Nov 2025,,53outd38z9p7hahqzuk9jwqok,Alejandro Morilla Turrión,AD Ceuta FC,UD Almería,K. Koné,0,0,0,0,0,0,0,0,1,0,0,0,0,1,0
143,26 Nov 2025,,53outd38z9p7hahqzuk9jwqok,Alejandro Morilla Turrión,AD Ceuta FC,UD Almería,Capa,0,0,0,0,0,0,0,0,0,0,0,0,0,0,0
143,26 Nov 2025,,53outd38z9p7hahqzuk9jwqok,Alejandro Morilla Turrión,AD Ceuta FC,UD Almería,Redru,0,0,0,0,0,0,0,0,1,0,0,0,0,0,0
143,26 Nov 2025,,53outd38z9p7hahqzuk9jwqok,Alejandro Morilla Turrión,AD Ceuta FC,UD Almería,Diego González,0,0,0,0,0,0,0,0,0,0,0,0,0,1,0
143,26 Nov 2025,,53outd38z9p7hahqzuk9jwqok,Alejandro Morilla Turrión,AD Ceuta FC,UD Almería,Sergio Arribas,0,1,0,3,1,1,1,0,56,0,0,3,1,1,0
143,26 Nov 2025,,53outd38z9p7hahqzuk9jwqok,Alejandro Morilla Turrión,AD Ceuta FC,UD Almería,F. Bonini,0,0,0,0,1,0,0,0,49,0,0,0,0,0,1
143,26 Nov 2025,,53outd38z9p7hahqzuk9jwqok,Alejandro Morilla Turrión,AD Ceuta FC,UD Almería,S. Džodić,0,0,0,1,2,2,0,0,21,0,0,1,0,1,1
143,26 Nov 2025,,53outd38z9p7hahqzuk9jwqok,Alejandro Morilla Turrión,AD Ceuta FC,UD Almería,D. Chirino,0,0,0,0,1,0,0,0,46,0,0,2,1,4,0
143,26 Nov 2025,,53outd38z9p7hahqzuk9jwqok,Alejandro Morilla Turrión,AD Ceuta FC,UD Almería,Álex Muñoz,0,0,0,1,1,0,0,0,36,0,0,0,0,0,0
143,26 Nov 2025,,53outd38z9p7hahqzuk9jwqok,Alejandro Morilla Turrión,AD Ceuta FC,UD Almería,Adri Embarba,1,1,0,9,2,1,1,1,24,0,0,3,1,1,1
143,26 Nov 2025,,53outd38z9p7hahqzuk9jwqok,Alejandro Morilla Turrión,AD Ceuta FC,UD Almería,Andrés Eduardo Fernández Moreno,0,0,0,0,0,0,0,0,41,0,5,0,0,0,0
143,26 Nov 2025,,53outd38z9p7hahqzuk9jwqok,Alejandro Morilla Turrión,AD Ceuta FC,UD Almería,D. Lopy,0,0,0,0,2,1,0,0,30,0,0,1,1,4,1
143,26 Nov 2025,,53outd38z9p7hahqzuk9jwqok,Alejandro Morilla Turrión,AD Ceuta FC,UD Almería,Nélson Monte,0,0,0,0,3,1,0,0,67,0,0,0,0,0,1
143,26 Nov 2025,,53outd38z9p7hahqzuk9jwqok,Alejandro Morilla Turrión,AD Ceuta FC,UD Almería,Nico Melamed,0,1,1,1,0,2,0,0,7,0,0,2,1,0,0
143,26 Nov 2025,,53outd38z9p7hahqzuk9jwqok,Alejandro Morilla Turrión,AD Ceuta FC,UD Almería,P. Soko,0,0,0,3,0,3,0,1,13,0,0,1,0,1,0
143,26 Nov 2025,,53outd38z9p7hahqzuk9jwqok,Alejandro Morilla Turrión,AD Ceuta FC,UD Almería,André Horta,0,0,0,0,1,0,0,0,13,0,0,1,1,0,0
143,26 Nov 2025,,53outd38z9p7hahqzuk9jwqok,Alejandro Morilla Turrión,AD Ceuta FC,UD Almería,I. Baba,0,1,1,0,0,0,0,0,20,0,0,1,0,1,0
143,26 Nov 2025,,53outd38z9p7hahqzuk9jwqok,Alejandro Morilla Turrión,AD Ceuta FC,UD Almería,Léo Baptistão,0,0,0,0,0,0,0,0,9,0,0,0,0,0,0
143,26 Nov 2025,,53outd38z9p7hahqzuk9jwqok,Alejandro Morilla Turrión,AD Ceuta FC,UD Almería,Arnau Puigmal,0,0,0,1,0,0,0,0,4,0,0,0,0,0,0
143,26 Nov 2025,,53outd38z9p7hahqzuk9jwqok,Alejandro Morilla Turrión,AD Ceuta FC,UD Almería,Álex Centelles,0,0,0,1,0,0,0,0,8,0,0,0,0,0,0
143,26 Nov 2025,,53outd38z9p7hahqzuk9jwqok,Alejandro Morilla Turrión,AD Ceuta FC,UD Almería,Thalys,0,0,0,0,1,0,0,0,5,0,0,0,0,0,0
144,14 Nov 2025,,542tpes7tzstl2at78ej6jllg,Miguel González Díaz,Real Valladolid CF,UD Las Palmas,Guille Bueno,0,1,3,9,0,2,0,0,39,0,0,1,0,2,0
144,14 Nov 2025,,542tpes7tzstl2at78ej6jllg,Miguel González Díaz,Real Valladolid CF,UD Las Palmas,David Torres,0,0,0,0,1,0,0,0,55,0,0,0,0,1,1
144,14 Nov 2025,,542tpes7tzstl2at78ej6jllg,Miguel González Díaz,Real Valladolid CF,UD Las Palmas,Pablo Tomeo,0,0,0,1,2,0,0,0,51,0,0,1,1,1,0
144,14 Nov 2025,,542tpes7tzstl2at78ej6jllg,Miguel González Díaz,Real Valladolid CF,UD Las Palmas,Iván Alejo,0,1,4,12,2,1,0,0,37,0,0,2,0,1,1
144,14 Nov 2025,,542tpes7tzstl2at78ej6jllg,Miguel González Díaz,Real Valladolid CF,UD Las Palmas,Marcos André,0,1,0,0,4,0,0,0,25,0,0,5,0,1,0
144,14 Nov 2025,,542tpes7tzstl2at78ej6jllg,Miguel González Díaz,Real Valladolid CF,UD Las Palmas,P. González,0,0,2,3,1,4,0,0,26,0,0,2,2,2,0
144,14 Nov 2025,,542tpes7tzstl2at78ej6jllg,Miguel González Díaz,Real Valladolid CF,UD Las Palmas,Jorge Delgado,0,0,0,0,2,0,0,2,2,0,0,1,0,0,0
144,14 Nov 2025,,542tpes7tzstl2at78ej6jllg,Miguel González Díaz,Real Valladolid CF,UD Las Palmas,S. Jurić,0,1,0,1,4,0,0,0,51,0,0,1,0,5,1
144,14 Nov 2025,,542tpes7tzstl2at78ej6jllg,Miguel González Díaz,Real Valladolid CF,UD Las Palmas,J. Ponceau,0,2,0,0,2,0,0,0,56,0,0,2,0,3,0
144,14 Nov 2025,,542tpes7tzstl2at78ej6jllg,Miguel González Díaz,Real Valladolid CF,UD Las Palmas,Guilherme Fernandes,0,0,0,0,0,0,0,0,26,0,3,0,0,0,0
144,14 Nov 2025,,542tpes7tzstl2at78ej6jllg,Miguel González Díaz,Real Valladolid CF,UD Las Palmas,A. Ndiaye,0,0,0,0,1,0,0,0,24,0,0,2,1,0,0
144,14 Nov 2025,,542tpes7tzstl2at78ej6jllg,Miguel González Díaz,Real Valladolid CF,UD Las Palmas,Chuki,0,1,1,6,1,3,0,0,16,0,0,2,0,0,0
144,14 Nov 2025,,542tpes7tzstl2at78ej6jllg,Miguel González Díaz,Real Valladolid CF,UD Las Palmas,S. Biuk,0,1,0,2,1,1,0,0,15,0,0,2,0,1,0
144,14 Nov 2025,,542tpes7tzstl2at78ej6jllg,Miguel González Díaz,Real Valladolid CF,UD Las Palmas,Adrián Arnu,0,0,0,0,1,0,0,0,3,0,0,0,0,0,0
144,14 Nov 2025,,542tpes7tzstl2at78ej6jllg,Miguel González Díaz,Real Valladolid CF,UD Las Palmas,Mario Dominguez,0,0,0,0,0,0,0,0,2,0,0,0,0,0,0
144,14 Nov 2025,,542tpes7tzstl2at78ej6jllg,Miguel González Díaz,Real Valladolid CF,UD Las Palmas,M. Lachuer,0,1,0,1,1,1,0,0,10,0,0,1,0,1,0
144,14 Nov 2025,,542tpes7tzstl2at78ej6jllg,Miguel González Díaz,Real Valladolid CF,UD Las Palmas,Manu Fuster,0,0,0,1,1,2,0,0,20,0,0,0,0,0,0
144,14 Nov 2025,,542tpes7tzstl2at78ej6jllg,Miguel González Díaz,Real Valladolid CF,UD Las Palmas,L. Amatucci,0,1,0,0,2,5,0,0,48,0,0,2,1,8,0
144,14 Nov 2025,,542tpes7tzstl2at78ej6jllg,Miguel González Díaz,Real Valladolid CF,UD Las Palmas,Marvin Park,0,0,0,2,1,1,0,0,34,0,0,0,0,3,1
144,14 Nov 2025,,542tpes7tzstl2at78ej6jllg,Miguel González Díaz,Real Valladolid CF,UD Las Palmas,Sergio Barcia,0,0,0,0,0,2,0,0,37,0,0,1,0,2,0
144,14 Nov 2025,,542tpes7tzstl2at78ej6jllg,Miguel González Díaz,Real Valladolid CF,UD Las Palmas,Mika Mármol,0,1,0,0,0,1,0,0,43,0,0,1,0,0,1
144,14 Nov 2025,,542tpes7tzstl2at78ej6jllg,Miguel González Díaz,Real Valladolid CF,UD Las Palmas,D. Horkaš,0,0,0,0,0,0,0,0,39,0,4,0,0,0,0
144,14 Nov 2025,,542tpes7tzstl2at78ej6jllg,Miguel González Díaz,Real Valladolid CF,UD Las Palmas,Kirian Rodríguez,1,0,0,0,0,1,0,0,40,0,0,0,0,0,0
144,14 Nov 2025,,542tpes7tzstl2at78ej6jllg,Miguel González Díaz,Real Valladolid CF,UD Las Palmas,Ale García,0,1,0,0,1,0,0,0,9,0,0,1,0,1,0
144,14 Nov 2025,,542tpes7tzstl2at78ej6jllg,Miguel González Díaz,Real Valladolid CF,UD Las Palmas,Enrique Clemente,0,0,1,0,3,2,0,0,34,0,0,1,1,3,0
144,14 Nov 2025,,542tpes7tzstl2at78ej6jllg,Miguel González Díaz,Real Valladolid CF,UD Las Palmas,Pejiño,0,1,0,0,0,1,1,1,12,0,0,2,1,2,0
144,14 Nov 2025,,542tpes7tzstl2at78ej6jllg,Miguel González Díaz,Real Valladolid CF,UD Las Palmas,M. Luković,0,0,0,0,0,1,0,1,6,0,0,2,1,0,0
144,14 Nov 2025,,542tpes7tzstl2at78ej6jllg,Miguel González Díaz,Real Valladolid CF,UD Las Palmas,Iván Gil,0,0,0,0,2,3,0,0,12,0,0,0,0,0,0
144,14 Nov 2025,,542tpes7tzstl2at78ej6jllg,Miguel González Díaz,Real Valladolid CF,UD Las Palmas,Viti Rozada,0,0,0,0,0,2,0,0,4,0,0,0,0,0,0
144,14 Nov 2025,,542tpes7tzstl2at78ej6jllg,Miguel González Díaz,Real Valladolid CF,UD Las Palmas,Iñaki González,0,0,0,0,0,1,0,0,7,0,0,0,0,1,0
144,14 Nov 2025,,542tpes7tzstl2at78ej6jllg,Miguel González Díaz,Real Valladolid CF,UD Las Palmas,Jesé,0,0,0,0,1,1,0,0,3,0,0,0,0,0,0
144,14 Nov 2025,,542tpes7tzstl2at78ej6jllg,Miguel González Díaz,Real Valladolid CF,UD Las Palmas,Jonathan Viera,0,0,0,2,1,0,0,0,12,0,0,1,0,1,0
145,15 Nov 2025,,54gmpjo325feum28515ey9mvo,Sergiu Claudiu Muresan,Albacete Balompié,FC Andorra,Jefté Betancor,0,0,0,1,1,1,0,0,8,0,0,2,1,0,0
145,15 Nov 2025,,54gmpjo325feum28515ey9mvo,Sergiu Claudiu Muresan,Albacete Balompié,FC Andorra,Antonio Pacheco,0,0,0,0,0,1,0,0,31,0,0,0,0,2,0
145,15 Nov 2025,,54gmpjo325feum28515ey9mvo,Sergiu Claudiu Muresan,Albacete Balompié,FC Andorra,Jesús Vallejo,0,0,0,0,0,0,0,0,21,0,0,1,0,0,0
145,15 Nov 2025,,54gmpjo325feum28515ey9mvo,Sergiu Claudiu Muresan,Albacete Balompié,FC Andorra,Fran Gámez,0,0,1,4,0,0,0,0,33,0,0,0,0,6,0
145,15 Nov 2025,,54gmpjo325feum28515ey9mvo,Sergiu Claudiu Muresan,Albacete Balompié,FC Andorra,Agus Medina,0,0,0,1,1,2,0,1,18,0,0,2,1,0,0
145,15 Nov 2025,,54gmpjo325feum28515ey9mvo,Sergiu Claudiu Muresan,Albacete Balompié,FC Andorra,Diego Mariño,0,0,0,0,0,0,0,0,21,0,6,0,0,0,0
145,15 Nov 2025,,54gmpjo325feum28515ey9mvo,Sergiu Claudiu Muresan,Albacete Balompié,FC Andorra,Jon Morcillo,0,0,1,9,1,0,0,1,27,0,0,2,0,1,0
145,15 Nov 2025,,54gmpjo325feum28515ey9mvo,Sergiu Claudiu Muresan,Albacete Balompié,FC Andorra,José Carlos Lazo,0,0,0,1,1,1,1,1,27,0,0,3,1,1,0
145,15 Nov 2025,,54gmpjo325feum28515ey9mvo,Sergiu Claudiu Muresan,Albacete Balompié,FC Andorra,Riki Rodríguez,0,2,0,0,1,0,0,0,21,0,0,3,1,0,0
145,15 Nov 2025,,54gmpjo325feum28515ey9mvo,Sergiu Claudiu Muresan,Albacete Balompié,FC Andorra,Carlos Neva,0,0,0,0,0,0,0,0,23,0,0,0,0,1,0
145,15 Nov 2025,,54gmpjo325feum28515ey9mvo,Sergiu Claudiu Muresan,Albacete Balompié,FC Andorra,J. Gómez,0,0,0,1,3,1,0,0,22,0,0,0,0,0,0
145,15 Nov 2025,,54gmpjo325feum28515ey9mvo,Sergiu Claudiu Muresan,Albacete Balompié,FC Andorra,Víctor Valverde,0,0,1,2,0,0,0,0,10,0,0,1,1,0,0
145,15 Nov 2025,,54gmpjo325feum28515ey9mvo,Sergiu Claudiu Muresan,Albacete Balompié,FC Andorra,Higinio Marín,0,0,0,0,0,0,0,0,7,0,0,1,1,0,0
145,15 Nov 2025,,54gmpjo325feum28515ey9mvo,Sergiu Claudiu Muresan,Albacete Balompié,FC Andorra,Ale Meléndez,0,0,1,1,0,0,0,0,5,0,0,0,0,2,0
145,15 Nov 2025,,54gmpjo325feum28515ey9mvo,Sergiu Claudiu Muresan,Albacete Balompié,FC Andorra,Capi,0,0,0,1,1,0,0,0,1,0,0,1,0,0,1
145,15 Nov 2025,,54gmpjo325feum28515ey9mvo,Sergiu Claudiu Muresan,Albacete Balompié,FC Andorra,Lorenzo Aguado,0,0,0,0,0,0,0,0,1,0,0,1,0,1,0
145,15 Nov 2025,,54gmpjo325feum28515ey9mvo,Sergiu Claudiu Muresan,Albacete Balompié,FC Andorra,Dani Villahermosa,0,0,0,2,1,0,0,0,46,0,0,2,1,5,0
145,15 Nov 2025,,54gmpjo325feum28515ey9mvo,Sergiu Claudiu Muresan,Albacete Balompié,FC Andorra,Kim Min-Su,0,0,0,3,0,0,0,0,33,0,0,4,1,0,0
145,15 Nov 2025,,54gmpjo325feum28515ey9mvo,Sergiu Claudiu Muresan,Albacete Balompié,FC Andorra,Imanol García de Albéniz,0,0,0,4,0,0,0,0,74,0,0,0,0,1,0
145,15 Nov 2025,,54gmpjo325feum28515ey9mvo,Sergiu Claudiu Muresan,Albacete Balompié,FC Andorra,Bomba,0,0,0,0,2,1,0,0,44,0,0,0,0,0,1
145,15 Nov 2025,,54gmpjo325feum28515ey9mvo,Sergiu Claudiu Muresan,Albacete Balompié,FC Andorra,Manu Nieto,0,1,0,0,1,1,0,0,13,0,0,2,1,0,0
145,15 Nov 2025,,54gmpjo325feum28515ey9mvo,Sergiu Claudiu Muresan,Albacete Balompié,FC Andorra,T. Carrique,0,1,0,4,2,2,0,0,46,0,0,1,0,0,0
145,15 Nov 2025,,54gmpjo325feum28515ey9mvo,Sergiu Claudiu Muresan,Albacete Balompié,FC Andorra,Álex Petxa,0,0,0,0,0,2,0,0,25,0,0,1,0,3,0
145,15 Nov 2025,,54gmpjo325feum28515ey9mvo,Sergiu Claudiu Muresan,Albacete Balompié,FC Andorra,Gael Alonso,0,0,0,0,0,1,0,0,102,0,0,0,0,0,0
145,15 Nov 2025,,54gmpjo325feum28515ey9mvo,Sergiu Claudiu Muresan,Albacete Balompié,FC Andorra,T. Le Normand,0,0,0,2,1,0,0,0,22,0,0,1,1,0,0
145,15 Nov 2025,,54gmpjo325feum28515ey9mvo,Sergiu Claudiu Muresan,Albacete Balompié,FC Andorra,Áron Yaakobishvili,0,0,0,0,0,0,0,0,42,0,5,0,0,0,0
145,15 Nov 2025,,54gmpjo325feum28515ey9mvo,Sergiu Claudiu Muresan,Albacete Balompié,FC Andorra,Sergio Molina,0,0,0,1,0,0,0,0,52,0,0,0,0,1,0
145,15 Nov 2025,,54gmpjo325feum28515ey9mvo,Sergiu Claudiu Muresan,Albacete Balompié,FC Andorra,Diego Alende,0,0,0,0,1,1,0,0,51,0,0,0,0,0,0
145,15 Nov 2025,,54gmpjo325feum28515ey9mvo,Sergiu Claudiu Muresan,Albacete Balompié,FC Andorra,L. de León,0,0,1,0,0,0,0,1,6,0,0,3,2,0,0
145,15 Nov 2025,,54gmpjo325feum28515ey9mvo,Sergiu Claudiu Muresan,Albacete Balompié,FC Andorra,Marc Domènech,0,1,0,0,0,0,0,0,25,0,0,2,0,0,0
145,15 Nov 2025,,54gmpjo325feum28515ey9mvo,Sergiu Claudiu Muresan,Albacete Balompié,FC Andorra,Aitor Uzkudun,0,1,1,0,0,1,0,0,4,0,0,1,0,0,0
145,15 Nov 2025,,54gmpjo325feum28515ey9mvo,Sergiu Claudiu Muresan,Albacete Balompié,FC Andorra,Jastin García,0,0,0,2,0,0,0,0,7,0,0,0,0,1,0
146,15 Nov 2025,,54uds2bfo3y8ts2b7a1u52lg4,Alejandro Ojaos Valera,CD Castellón,Real Sociedad de Fútbol,Cala,1,2,4,9,1,1,1,0,45,0,0,4,1,2,0
146,15 Nov 2025,,54uds2bfo3y8ts2b7a1u52lg4,Alejandro Ojaos Valera,CD Castellón,Real Sociedad de Fútbol,Israel Suero,0,0,2,3,1,2,1,1,35,0,0,3,2,0,1
146,15 Nov 2025,,54uds2bfo3y8ts2b7a1u52lg4,Alejandro Ojaos Valera,CD Castellón,Real Sociedad de Fútbol,Salva Ruiz,0,0,0,1,1,0,0,0,26,0,0,0,0,0,0
146,15 Nov 2025,,54uds2bfo3y8ts2b7a1u52lg4,Alejandro Ojaos Valera,CD Castellón,Real Sociedad de Fútbol,Alberto Jiménez,0,0,1,2,0,4,0,1,66,0,0,1,0,1,0
146,15 Nov 2025,,54uds2bfo3y8ts2b7a1u52lg4,Alejandro Ojaos Valera,CD Castellón,Real Sociedad de Fútbol,J. Mellot,0,1,0,3,0,2,0,0,62,0,0,2,0,0,0
146,15 Nov 2025,,54uds2bfo3y8ts2b7a1u52lg4,Alejandro Ojaos Valera,CD Castellón,Real Sociedad de Fútbol,Beñat Gerenabarrena,0,1,1,4,2,0,0,0,62,0,0,1,0,3,0
146,15 Nov 2025,,54uds2bfo3y8ts2b7a1u52lg4,Alejandro Ojaos Valera,CD Castellón,Real Sociedad de Fútbol,R. Matthys,0,0,0,0,0,0,0,0,37,0,5,0,0,0,0
146,15 Nov 2025,,54uds2bfo3y8ts2b7a1u52lg4,Alejandro Ojaos Valera,CD Castellón,Real Sociedad de Fútbol,A. Mabil,2,2,3,3,1,0,1,1,43,0,0,4,1,0,0
146,15 Nov 2025,,54uds2bfo3y8ts2b7a1u52lg4,Alejandro Ojaos Valera,CD Castellón,Real Sociedad de Fútbol,Lucas Alcázar,0,1,2,1,0,0,0,0,29,0,0,2,1,2,0
146,15 Nov 2025,,54uds2bfo3y8ts2b7a1u52lg4,Alejandro Ojaos Valera,CD Castellón,Real Sociedad de Fútbol,A. Jakobsen,1,0,0,0,1,2,1,1,15,0,0,4,2,0,0
146,15 Nov 2025,,54uds2bfo3y8ts2b7a1u52lg4,Alejandro Ojaos Valera,CD Castellón,Real Sociedad de Fútbol,Barri,0,0,0,0,0,0,0,0,56,0,0,0,0,2,0
146,15 Nov 2025,,54uds2bfo3y8ts2b7a1u52lg4,Alejandro Ojaos Valera,CD Castellón,Real Sociedad de Fútbol,K. Mamah,0,0,0,0,0,1,0,0,16,0,0,0,0,0,0
146,15 Nov 2025,,54uds2bfo3y8ts2b7a1u52lg4,Alejandro Ojaos Valera,CD Castellón,Real Sociedad de Fútbol,A. Sienra,0,0,1,1,0,0,0,0,13,0,0,0,0,0,0
146,15 Nov 2025,,54uds2bfo3y8ts2b7a1u52lg4,Alejandro Ojaos Valera,CD Castellón,Real Sociedad de Fútbol,Douglas Aurélio,0,0,0,0,1,0,1,0,3,0,0,2,1,0,1
146,15 Nov 2025,,54uds2bfo3y8ts2b7a1u52lg4,Alejandro Ojaos Valera,CD Castellón,Real Sociedad de Fútbol,T. De Nipoti,0,0,0,0,1,1,0,0,4,0,0,0,0,0,1
146,15 Nov 2025,,54uds2bfo3y8ts2b7a1u52lg4,Alejandro Ojaos Valera,CD Castellón,Real Sociedad de Fútbol,M. Doué,0,0,0,0,0,0,0,0,2,0,0,0,0,0,0
146,15 Nov 2025,,54uds2bfo3y8ts2b7a1u52lg4,Alejandro Ojaos Valera,CD Castellón,Real Sociedad de Fútbol,Jon Balda,0,0,0,0,1,0,0,0,18,0,0,1,1,2,1
146,15 Nov 2025,,54uds2bfo3y8ts2b7a1u52lg4,Alejandro Ojaos Valera,CD Castellón,Real Sociedad de Fútbol,Joni Eceiza,0,0,0,1,0,2,0,0,24,0,0,2,0,2,0
146,15 Nov 2025,,54uds2bfo3y8ts2b7a1u52lg4,Alejandro Ojaos Valera,CD Castellón,Real Sociedad de Fútbol,Gorka Carrera,1,0,0,0,3,1,1,1,16,0,0,4,2,2,0
146,15 Nov 2025,,54uds2bfo3y8ts2b7a1u52lg4,Alejandro Ojaos Valera,CD Castellón,Real Sociedad de Fútbol,Tomás Carbonell,0,0,0,0,0,1,0,0,21,0,0,0,0,2,0
146,15 Nov 2025,,54uds2bfo3y8ts2b7a1u52lg4,Alejandro Ojaos Valera,CD Castellón,Real Sociedad de Fútbol,Jon Garro,0,0,0,2,1,0,0,0,9,0,0,0,0,0,0
146,15 Nov 2025,,54uds2bfo3y8ts2b7a1u52lg4,Alejandro Ojaos Valera,CD Castellón,Real Sociedad de Fútbol,Luken Beitia,0,0,0,0,1,1,0,1,45,0,0,0,0,0,0
146,15 Nov 2025,,54uds2bfo3y8ts2b7a1u52lg4,Alejandro Ojaos Valera,CD Castellón,Real Sociedad de Fútbol,Egoitz Arana,0,0,0,0,0,0,0,0,22,0,2,0,0,0,0
146,15 Nov 2025,,54uds2bfo3y8ts2b7a1u52lg4,Alejandro Ojaos Valera,CD Castellón,Real Sociedad de Fútbol,Peru Rodríguez,0,1,0,0,2,0,1,0,44,0,0,2,1,0,0
146,15 Nov 2025,,54uds2bfo3y8ts2b7a1u52lg4,Alejandro Ojaos Valera,CD Castellón,Real Sociedad de Fútbol,J. Ochieng,0,0,0,3,3,0,0,0,4,0,0,0,0,2,0
146,15 Nov 2025,,54uds2bfo3y8ts2b7a1u52lg4,Alejandro Ojaos Valera,CD Castellón,Real Sociedad de Fútbol,Ibai Aguirre,0,0,0,0,1,0,0,0,20,0,0,1,1,1,0
146,15 Nov 2025,,54uds2bfo3y8ts2b7a1u52lg4,Alejandro Ojaos Valera,CD Castellón,Real Sociedad de Fútbol,Lander Astiazarán,0,1,0,1,1,1,0,0,19,0,0,2,0,1,0
146,15 Nov 2025,,54uds2bfo3y8ts2b7a1u52lg4,Alejandro Ojaos Valera,CD Castellón,Real Sociedad de Fútbol,Dani Díaz,0,1,1,4,0,0,1,0,4,0,0,4,2,0,0
146,15 Nov 2025,,54uds2bfo3y8ts2b7a1u52lg4,Alejandro Ojaos Valera,CD Castellón,Real Sociedad de Fútbol,Alex Marchal,0,0,0,0,0,1,0,0,15,0,0,1,0,0,0
146,15 Nov 2025,,54uds2bfo3y8ts2b7a1u52lg4,Alejandro Ojaos Valera,CD Castellón,Real Sociedad de Fútbol,Unax Agote,0,0,0,0,0,1,0,0,14,0,0,0,0,1,0
146,15 Nov 2025,,54uds2bfo3y8ts2b7a1u52lg4,Alejandro Ojaos Valera,CD Castellón,Real Sociedad de Fútbol,Sydney Osazuwa,0,0,0,0,0,0,1,0,0,0,0,2,2,0,0
146,15 Nov 2025,,54uds2bfo3y8ts2b7a1u52lg4,Alejandro Ojaos Valera,CD Castellón,Real Sociedad de Fútbol,Arkaitz Mariezkurrena,0,0,0,0,0,0,0,0,2,0,0,0,0,0,0
147,16 Nov 2025,,5582fmmh2dj1562wa6w3tcsus,Dámaso Arcediano Monescillo,AD Ceuta FC,CD Leganés,Marcos Fernández,0,1,0,1,1,3,0,0,19,0,0,2,0,0,0
147,16 Nov 2025,,5582fmmh2dj1562wa6w3tcsus,Dámaso Arcediano Monescillo,AD Ceuta FC,CD Leganés,Rubén Díez,0,0,0,3,0,2,0,0,45,0,0,0,0,0,0
147,16 Nov 2025,,5582fmmh2dj1562wa6w3tcsus,Dámaso Arcediano Monescillo,AD Ceuta FC,CD Leganés,José Matos,0,1,1,4,1,4,0,1,29,0,0,2,1,0,0
147,16 Nov 2025,,5582fmmh2dj1562wa6w3tcsus,Dámaso Arcediano Monescillo,AD Ceuta FC,CD Leganés,Yago Cantero,0,0,0,0,2,1,0,0,67,0,0,0,0,2,1
147,16 Nov 2025,,5582fmmh2dj1562wa6w3tcsus,Dámaso Arcediano Monescillo,AD Ceuta FC,CD Leganés,Y. Lachhab,0,0,0,1,2,0,0,0,62,0,0,0,0,2,0
147,16 Nov 2025,,5582fmmh2dj1562wa6w3tcsus,Dámaso Arcediano Monescillo,AD Ceuta FC,CD Leganés,A. Tuhami,0,0,0,0,1,0,0,0,22,0,0,0,0,2,1
147,16 Nov 2025,,5582fmmh2dj1562wa6w3tcsus,Dámaso Arcediano Monescillo,AD Ceuta FC,CD Leganés,Aisar,0,0,1,3,0,2,0,0,48,0,0,0,0,0,0
147,16 Nov 2025,,5582fmmh2dj1562wa6w3tcsus,Dámaso Arcediano Monescillo,AD Ceuta FC,CD Leganés,Carlos Hernández,0,1,0,0,2,2,0,0,47,0,0,2,0,1,0
147,16 Nov 2025,,5582fmmh2dj1562wa6w3tcsus,Dámaso Arcediano Monescillo,AD Ceuta FC,CD Leganés,Guille Vallejo,0,0,0,0,0,1,0,0,19,0,3,0,0,0,0
147,16 Nov 2025,,5582fmmh2dj1562wa6w3tcsus,Dámaso Arcediano Monescillo,AD Ceuta FC,CD Leganés,K. de la Fuente,0,1,2,5,1,1,0,0,16,0,0,1,0,1,0
147,16 Nov 2025,,5582fmmh2dj1562wa6w3tcsus,Dámaso Arcediano Monescillo,AD Ceuta FC,CD Leganés,Kuki Zalazar,0,0,0,1,3,0,0,1,21,0,0,1,0,0,0
147,16 Nov 2025,,5582fmmh2dj1562wa6w3tcsus,Dámaso Arcediano Monescillo,AD Ceuta FC,CD Leganés,K. Koné,0,1,0,3,1,0,0,0,19,0,0,1,0,1,0
147,16 Nov 2025,,5582fmmh2dj1562wa6w3tcsus,Dámaso Arcediano Monescillo,AD Ceuta FC,CD Leganés,Cristian Rodríguez,0,0,0,7,0,0,0,0,28,0,0,3,0,0,0
147,16 Nov 2025,,5582fmmh2dj1562wa6w3tcsus,Dámaso Arcediano Monescillo,AD Ceuta FC,CD Leganés,Juanto Ortuño,0,0,0,0,0,0,0,0,3,0,0,0,0,0,0
147,16 Nov 2025,,5582fmmh2dj1562wa6w3tcsus,Dámaso Arcediano Monescillo,AD Ceuta FC,CD Leganés,Y. Bodiger,0,0,0,0,0,1,0,0,18,0,0,0,0,1,0
147,16 Nov 2025,,5582fmmh2dj1562wa6w3tcsus,Dámaso Arcediano Monescillo,AD Ceuta FC,CD Leganés,Manu Vallejo,0,1,2,1,1,0,0,0,6,0,0,1,0,0,0
147,16 Nov 2025,,5582fmmh2dj1562wa6w3tcsus,Dámaso Arcediano Monescillo,AD Ceuta FC,CD Leganés,Rubén Peña,0,0,1,3,2,0,1,0,28,0,0,1,1,1,1
147,16 Nov 2025,,5582fmmh2dj1562wa6w3tcsus,Dámaso Arcediano Monescillo,AD Ceuta FC,CD Leganés,Lalo Aguilar,0,0,0,0,0,1,0,0,22,0,0,0,0,1,0
147,16 Nov 2025,,5582fmmh2dj1562wa6w3tcsus,Dámaso Arcediano Monescillo,AD Ceuta FC,CD Leganés,Marvel,0,0,0,0,2,2,0,0,21,0,0,0,0,0,1
147,16 Nov 2025,,5582fmmh2dj1562wa6w3tcsus,Dámaso Arcediano Monescillo,AD Ceuta FC,CD Leganés,S. Cissé,0,0,1,0,3,0,0,0,43,0,0,1,1,0,0
147,16 Nov 2025,,5582fmmh2dj1562wa6w3tcsus,Dámaso Arcediano Monescillo,AD Ceuta FC,CD Leganés,Juan Cruz,0,1,0,2,0,0,0,0,33,0,0,2,0,1,0
147,16 Nov 2025,,5582fmmh2dj1562wa6w3tcsus,Dámaso Arcediano Monescillo,AD Ceuta FC,CD Leganés,Duk,0,2,0,2,0,5,0,0,13,0,0,3,1,0,0
147,16 Nov 2025,,5582fmmh2dj1562wa6w3tcsus,Dámaso Arcediano Monescillo,AD Ceuta FC,CD Leganés,A. Diawara,0,1,0,0,4,3,1,0,36,0,0,2,1,0,0
147,16 Nov 2025,,5582fmmh2dj1562wa6w3tcsus,Dámaso Arcediano Monescillo,AD Ceuta FC,CD Leganés,Naim García,0,0,1,8,0,2,0,0,20,0,0,2,1,2,0
147,16 Nov 2025,,5582fmmh2dj1562wa6w3tcsus,Dámaso Arcediano Monescillo,AD Ceuta FC,CD Leganés,Jorge Sáenz,0,0,0,0,0,1,0,0,29,0,0,0,0,1,0
147,16 Nov 2025,,5582fmmh2dj1562wa6w3tcsus,Dámaso Arcediano Monescillo,AD Ceuta FC,CD Leganés,Juan Soriano,0,0,0,0,0,1,0,0,26,0,1,0,0,0,0
147,16 Nov 2025,,5582fmmh2dj1562wa6w3tcsus,Dámaso Arcediano Monescillo,AD Ceuta FC,CD Leganés,Diego García,0,0,0,0,3,0,0,0,5,0,0,1,0,0,0
147,16 Nov 2025,,5582fmmh2dj1562wa6w3tcsus,Dámaso Arcediano Monescillo,AD Ceuta FC,CD Leganés,Óscar Plano,0,0,0,0,1,0,0,0,6,0,0,0,0,0,0
147,16 Nov 2025,,5582fmmh2dj1562wa6w3tcsus,Dámaso Arcediano Monescillo,AD Ceuta FC,CD Leganés,S. Figueredo,0,0,0,0,1,0,0,0,3,0,0,0,0,0,0
147,16 Nov 2025,,5582fmmh2dj1562wa6w3tcsus,Dámaso Arcediano Monescillo,AD Ceuta FC,CD Leganés,Ignasi Miquel,0,0,0,0,1,0,0,0,4,0,0,0,0,1,0
147,16 Nov 2025,,5582fmmh2dj1562wa6w3tcsus,Dámaso Arcediano Monescillo,AD Ceuta FC,CD Leganés,Álex Millán,0,0,0,0,0,0,0,0,4,0,0,0,0,0,0
147,16 Nov 2025,,5582fmmh2dj1562wa6w3tcsus,Dámaso Arcediano Monescillo,AD Ceuta FC,CD Leganés,Carlos Guirao,0,0,0,0,0,0,0,0,2,0,0,0,0,0,0
22,24 Aug 2025,,3t5kjsbfqo8ibh9lonl6xs93o,José Antonio Sánchez Villalobos,RC Deportivo de La Coruña,Burgos CF,Z. Eddahchouri,0,0,0,0,0,1,0,1,13,0,0,1,0,0,0
22,24 Aug 2025,,3t5kjsbfqo8ibh9lonl6xs93o,José Antonio Sánchez Villalobos,RC Deportivo de La Coruña,Burgos CF,José Gragera,0,0,0,0,4,5,0,0,71,0,0,1,0,6,0
22,24 Aug 2025,,3t5kjsbfqo8ibh9lonl6xs93o,José Antonio Sánchez Villalobos,RC Deportivo de La Coruña,Burgos CF,Dani Barcia,0,1,0,0,1,0,0,0,64,0,0,2,1,1,1
22,24 Aug 2025,,3t5kjsbfqo8ibh9lonl6xs93o,José Antonio Sánchez Villalobos,RC Deportivo de La Coruña,Burgos CF,Arnau Comas,0,0,0,0,2,1,0,0,46,0,0,0,0,2,1
22,24 Aug 2025,,3t5kjsbfqo8ibh9lonl6xs93o,José Antonio Sánchez Villalobos,RC Deportivo de La Coruña,Burgos CF,Miguel Loureiro,0,0,0,0,2,0,0,0,49,0,0,0,0,2,0
22,24 Aug 2025,,3t5kjsbfqo8ibh9lonl6xs93o,José Antonio Sánchez Villalobos,RC Deportivo de La Coruña,Burgos CF,Diego Villares,0,1,0,0,0,1,0,0,34,0,0,1,0,0,0
22,24 Aug 2025,,3t5kjsbfqo8ibh9lonl6xs93o,José Antonio Sánchez Villalobos,RC Deportivo de La Coruña,Burgos CF,Luismi Cruz,0,0,0,2,2,1,0,1,30,0,0,0,0,0,0
22,24 Aug 2025,,3t5kjsbfqo8ibh9lonl6xs93o,José Antonio Sánchez Villalobos,RC Deportivo de La Coruña,Burgos CF,Mario Soriano,0,1,0,0,0,1,0,0,38,0,0,1,0,1,0
22,24 Aug 2025,,3t5kjsbfqo8ibh9lonl6xs93o,José Antonio Sánchez Villalobos,RC Deportivo de La Coruña,Burgos CF,Yeremay Hernández,0,1,1,0,1,0,0,0,24,0,0,3,1,1,0
22,24 Aug 2025,,3t5kjsbfqo8ibh9lonl6xs93o,José Antonio Sánchez Villalobos,RC Deportivo de La Coruña,Burgos CF,Sergio Escudero,0,1,0,2,0,1,0,0,33,0,0,1,0,2,0
22,24 Aug 2025,,3t5kjsbfqo8ibh9lonl6xs93o,José Antonio Sánchez Villalobos,RC Deportivo de La Coruña,Burgos CF,Germán Parreño,0,0,0,0,0,0,0,0,27,0,1,0,0,0,0
22,24 Aug 2025,,3t5kjsbfqo8ibh9lonl6xs93o,José Antonio Sánchez Villalobos,RC Deportivo de La Coruña,Burgos CF,Ximo Navarro,0,0,1,3,0,1,0,0,27,0,0,0,0,1,0
22,24 Aug 2025,,3t5kjsbfqo8ibh9lonl6xs93o,José Antonio Sánchez Villalobos,RC Deportivo de La Coruña,Burgos CF,David Mella,0,0,0,3,0,1,0,0,16,0,0,0,0,0,0
22,24 Aug 2025,,3t5kjsbfqo8ibh9lonl6xs93o,José Antonio Sánchez Villalobos,RC Deportivo de La Coruña,Burgos CF,C. Patino,0,0,0,1,0,1,0,0,19,0,0,0,0,0,0
22,24 Aug 2025,,3t5kjsbfqo8ibh9lonl6xs93o,José Antonio Sánchez Villalobos,RC Deportivo de La Coruña,Burgos CF,M. Bouldini,0,0,0,0,1,0,0,0,3,0,0,0,0,0,0
22,24 Aug 2025,,3t5kjsbfqo8ibh9lonl6xs93o,José Antonio Sánchez Villalobos,RC Deportivo de La Coruña,Burgos CF,G. Quagliata,0,0,0,0,0,0,0,0,4,0,0,0,0,0,0
22,24 Aug 2025,,3t5kjsbfqo8ibh9lonl6xs93o,José Antonio Sánchez Villalobos,RC Deportivo de La Coruña,Burgos CF,Fer Niño,0,1,0,0,3,4,0,0,34,0,0,1,0,0,0
22,24 Aug 2025,,3t5kjsbfqo8ibh9lonl6xs93o,José Antonio Sánchez Villalobos,RC Deportivo de La Coruña,Burgos CF,Aitor Córdoba,0,1,0,0,1,0,0,0,39,0,0,1,0,0,0
22,24 Aug 2025,,3t5kjsbfqo8ibh9lonl6xs93o,José Antonio Sánchez Villalobos,RC Deportivo de La Coruña,Burgos CF,Iván Morante,0,0,1,0,0,0,0,1,43,0,0,1,1,5,0
22,24 Aug 2025,,3t5kjsbfqo8ibh9lonl6xs93o,José Antonio Sánchez Villalobos,RC Deportivo de La Coruña,Burgos CF,Curro Sánchez,0,1,2,2,2,2,0,0,40,0,0,2,0,1,0
22,24 Aug 2025,,3t5kjsbfqo8ibh9lonl6xs93o,José Antonio Sánchez Villalobos,RC Deportivo de La Coruña,Burgos CF,David González,0,0,0,3,2,1,0,0,15,0,0,1,0,2,1
22,24 Aug 2025,,3t5kjsbfqo8ibh9lonl6xs93o,José Antonio Sánchez Villalobos,RC Deportivo de La Coruña,Burgos CF,A. Arroyo,0,0,1,6,0,0,0,0,35,0,0,0,0,1,0
22,24 Aug 2025,,3t5kjsbfqo8ibh9lonl6xs93o,José Antonio Sánchez Villalobos,RC Deportivo de La Coruña,Burgos CF,Grego Sierra,0,0,0,0,1,0,0,0,43,0,0,0,0,1,0
22,24 Aug 2025,,3t5kjsbfqo8ibh9lonl6xs93o,José Antonio Sánchez Villalobos,RC Deportivo de La Coruña,Burgos CF,F. Miguel,0,0,0,2,0,1,0,0,34,0,0,0,0,3,0
22,24 Aug 2025,,3t5kjsbfqo8ibh9lonl6xs93o,José Antonio Sánchez Villalobos,RC Deportivo de La Coruña,Burgos CF,Iñigo Córdoba,0,0,1,2,1,4,0,1,26,0,0,1,0,4,0
22,24 Aug 2025,,3t5kjsbfqo8ibh9lonl6xs93o,José Antonio Sánchez Villalobos,RC Deportivo de La Coruña,Burgos CF,Miguel Atienza,0,1,0,0,1,0,0,0,30,0,0,1,0,4,0
22,24 Aug 2025,,3t5kjsbfqo8ibh9lonl6xs93o,José Antonio Sánchez Villalobos,RC Deportivo de La Coruña,Burgos CF,Ander Cantero,0,0,0,0,0,0,0,0,26,0,2,0,0,0,0
22,24 Aug 2025,,3t5kjsbfqo8ibh9lonl6xs93o,José Antonio Sánchez Villalobos,RC Deportivo de La Coruña,Burgos CF,Iván Chapela,0,0,0,4,0,0,0,0,8,0,0,0,0,1,0
22,24 Aug 2025,,3t5kjsbfqo8ibh9lonl6xs93o,José Antonio Sánchez Villalobos,RC Deportivo de La Coruña,Burgos CF,Álex Lizancos,0,0,0,0,0,0,0,0,8,0,0,0,0,2,0
22,24 Aug 2025,,3t5kjsbfqo8ibh9lonl6xs93o,José Antonio Sánchez Villalobos,RC Deportivo de La Coruña,Burgos CF,K. Appin,0,2,1,0,1,1,0,0,4,0,0,2,0,1,0
22,24 Aug 2025,,3t5kjsbfqo8ibh9lonl6xs93o,José Antonio Sánchez Villalobos,RC Deportivo de La Coruña,Burgos CF,M. Mejía,0,0,0,0,2,0,0,0,1,0,0,1,0,0,0
23,30 Aug 2025,,3tj1nt3udsbvb9soqn2cs6gpg,Gorka Etayo Herrera,Real Valladolid CF,Córdoba FC,Iván Alejo,0,0,1,8,4,3,0,1,17,0,0,0,0,4,1
23,30 Aug 2025,,3tj1nt3udsbvb9soqn2cs6gpg,Gorka Etayo Herrera,Real Valladolid CF,Córdoba FC,A. Ndiaye,0,0,1,0,1,1,0,0,13,0,0,2,2,0,0
23,30 Aug 2025,,3tj1nt3udsbvb9soqn2cs6gpg,Gorka Etayo Herrera,Real Valladolid CF,Córdoba FC,Víctor Meseguer,0,0,0,0,1,1,0,0,36,0,0,0,0,3,0
23,30 Aug 2025,,3tj1nt3udsbvb9soqn2cs6gpg,Gorka Etayo Herrera,Real Valladolid CF,Córdoba FC,Chuki,0,0,3,7,2,3,0,0,16,0,0,0,0,2,0
23,30 Aug 2025,,3tj1nt3udsbvb9soqn2cs6gpg,Gorka Etayo Herrera,Real Valladolid CF,Córdoba FC,Guilherme Fernandes,0,0,0,0,0,0,0,0,25,0,1,0,0,0,0
23,30 Aug 2025,,3tj1nt3udsbvb9soqn2cs6gpg,Gorka Etayo Herrera,Real Valladolid CF,Córdoba FC,Juanmi Latasa,0,0,0,0,2,4,0,0,10,0,0,4,2,1,0
23,30 Aug 2025,,3tj1nt3udsbvb9soqn2cs6gpg,Gorka Etayo Herrera,Real Valladolid CF,Córdoba FC,S. Jurić,0,0,0,1,1,2,0,0,47,0,0,0,0,7,0
23,30 Aug 2025,,3tj1nt3udsbvb9soqn2cs6gpg,Gorka Etayo Herrera,Real Valladolid CF,Córdoba FC,Pablo Tomeo,0,0,1,0,0,1,0,0,46,0,0,3,1,2,0
23,30 Aug 2025,,3tj1nt3udsbvb9soqn2cs6gpg,Gorka Etayo Herrera,Real Valladolid CF,Córdoba FC,Guille Bueno,0,0,0,2,0,0,0,0,17,0,0,0,0,4,0
23,30 Aug 2025,,3tj1nt3udsbvb9soqn2cs6gpg,Gorka Etayo Herrera,Real Valladolid CF,Córdoba FC,S. Biuk,0,0,0,3,2,0,0,1,20,0,0,1,0,0,0
23,30 Aug 2025,,3tj1nt3udsbvb9soqn2cs6gpg,Gorka Etayo Herrera,Real Valladolid CF,Córdoba FC,David Torres,0,0,0,0,2,0,0,0,37,0,0,0,0,0,0
23,30 Aug 2025,,3tj1nt3udsbvb9soqn2cs6gpg,Gorka Etayo Herrera,Real Valladolid CF,Córdoba FC,Trilli,0,0,0,0,0,0,0,0,10,0,0,0,0,1,0
23,30 Aug 2025,,3tj1nt3udsbvb9soqn2cs6gpg,Gorka Etayo Herrera,Real Valladolid CF,Córdoba FC,J. Ponceau,0,0,0,0,2,0,0,2,9,0,0,0,0,0,1
23,30 Aug 2025,,3tj1nt3udsbvb9soqn2cs6gpg,Gorka Etayo Herrera,Real Valladolid CF,Córdoba FC,I. Alani,0,0,0,0,0,0,0,0,13,0,0,1,0,3,0
23,30 Aug 2025,,3tj1nt3udsbvb9soqn2cs6gpg,Gorka Etayo Herrera,Real Valladolid CF,Córdoba FC,Iván Garriel,0,0,1,0,0,0,0,0,8,0,0,1,1,0,0
23,30 Aug 2025,,3tj1nt3udsbvb9soqn2cs6gpg,Gorka Etayo Herrera,Real Valladolid CF,Córdoba FC,Xavi Moreno,0,0,0,0,0,0,0,0,3,0,0,0,0,0,0
23,30 Aug 2025,,3tj1nt3udsbvb9soqn2cs6gpg,Gorka Etayo Herrera,Real Valladolid CF,Córdoba FC,Sergi Guardiola,0,0,0,0,2,1,0,1,6,0,0,1,0,0,0
23,30 Aug 2025,,3tj1nt3udsbvb9soqn2cs6gpg,Gorka Etayo Herrera,Real Valladolid CF,Córdoba FC,F. Fomeyem,0,0,0,0,2,0,0,0,33,0,0,0,0,1,0
23,30 Aug 2025,,3tj1nt3udsbvb9soqn2cs6gpg,Gorka Etayo Herrera,Real Valladolid CF,Córdoba FC,Jacobo González,0,0,0,0,0,2,0,0,24,0,0,1,0,1,0
23,30 Aug 2025,,3tj1nt3udsbvb9soqn2cs6gpg,Gorka Etayo Herrera,Real Valladolid CF,Córdoba FC,Kevin Medina,0,0,0,0,3,2,0,2,10,0,0,1,1,5,1
23,30 Aug 2025,,3tj1nt3udsbvb9soqn2cs6gpg,Gorka Etayo Herrera,Real Valladolid CF,Córdoba FC,Ignasi Vilarrasa,0,0,0,3,0,3,0,0,39,0,0,1,0,3,0
23,30 Aug 2025,,3tj1nt3udsbvb9soqn2cs6gpg,Gorka Etayo Herrera,Real Valladolid CF,Córdoba FC,Cristian Carracedo,0,0,0,4,0,1,0,0,22,0,0,0,0,6,0
23,30 Aug 2025,,3tj1nt3udsbvb9soqn2cs6gpg,Gorka Etayo Herrera,Real Valladolid CF,Córdoba FC,Xavi Sintes,0,0,0,0,3,1,0,0,20,0,0,0,0,2,0
23,30 Aug 2025,,3tj1nt3udsbvb9soqn2cs6gpg,Gorka Etayo Herrera,Real Valladolid CF,Córdoba FC,Carlos Albarrán,0,0,0,2,0,2,0,0,30,0,0,0,0,1,0
23,30 Aug 2025,,3tj1nt3udsbvb9soqn2cs6gpg,Gorka Etayo Herrera,Real Valladolid CF,Córdoba FC,Pedro Ortiz,0,1,0,0,0,2,0,0,23,0,0,1,0,6,0
23,30 Aug 2025,,3tj1nt3udsbvb9soqn2cs6gpg,Gorka Etayo Herrera,Real Valladolid CF,Córdoba FC,Carlos Marín,0,0,0,0,0,1,0,0,35,0,6,0,0,1,0
23,30 Aug 2025,,3tj1nt3udsbvb9soqn2cs6gpg,Gorka Etayo Herrera,Real Valladolid CF,Córdoba FC,Isma Ruiz,0,0,0,0,2,2,0,0,28,0,0,0,0,2,1
23,30 Aug 2025,,3tj1nt3udsbvb9soqn2cs6gpg,Gorka Etayo Herrera,Real Valladolid CF,Córdoba FC,Fuentes,0,0,0,0,2,0,0,0,6,0,0,0,0,0,0
23,30 Aug 2025,,3tj1nt3udsbvb9soqn2cs6gpg,Gorka Etayo Herrera,Real Valladolid CF,Córdoba FC,T. Zidane,0,0,0,0,2,0,0,0,4,0,0,0,0,2,0
23,30 Aug 2025,,3tj1nt3udsbvb9soqn2cs6gpg,Gorka Etayo Herrera,Real Valladolid CF,Córdoba FC,Juan María Alcedo,0,0,0,0,0,0,0,0,2,0,0,0,0,0,0
23,30 Aug 2025,,3tj1nt3udsbvb9soqn2cs6gpg,Gorka Etayo Herrera,Real Valladolid CF,Córdoba FC,Dani Requena,0,0,0,0,0,0,0,0,5,0,0,0,0,0,0
24,1 Sep 2025,,3twkv90ra3vx4ezmcs1wmwu1g,Dámaso Arcediano Monescillo,CD Leganés,RC Deportivo de La Coruña,Naim García,0,2,2,8,1,1,0,1,23,0,0,3,0,0,0
24,1 Sep 2025,,3twkv90ra3vx4ezmcs1wmwu1g,Dámaso Arcediano Monescillo,CD Leganés,RC Deportivo de La Coruña,S. Cissé,0,0,0,0,0,2,0,0,56,0,0,0,0,2,0
24,1 Sep 2025,,3twkv90ra3vx4ezmcs1wmwu1g,Dámaso Arcediano Monescillo,CD Leganés,RC Deportivo de La Coruña,Duk,0,0,1,2,0,2,1,0,17,0,0,4,3,2,1
24,1 Sep 2025,,3twkv90ra3vx4ezmcs1wmwu1g,Dámaso Arcediano Monescillo,CD Leganés,RC Deportivo de La Coruña,Miguel de la Fuente,0,1,0,0,0,5,1,0,13,0,0,6,3,1,0
24,1 Sep 2025,,3twkv90ra3vx4ezmcs1wmwu1g,Dámaso Arcediano Monescillo,CD Leganés,RC Deportivo de La Coruña,Jorge Sáenz,0,0,0,0,1,2,0,0,47,0,0,0,0,0,1
24,1 Sep 2025,,3twkv90ra3vx4ezmcs1wmwu1g,Dámaso Arcediano Monescillo,CD Leganés,RC Deportivo de La Coruña,Lalo Aguilar,0,0,0,0,1,1,0,0,48,0,0,1,0,2,0
24,1 Sep 2025,,3twkv90ra3vx4ezmcs1wmwu1g,Dámaso Arcediano Monescillo,CD Leganés,RC Deportivo de La Coruña,A. Diawara,0,0,0,1,1,1,0,0,27,0,0,0,0,3,1
24,1 Sep 2025,,3twkv90ra3vx4ezmcs1wmwu1g,Dámaso Arcediano Monescillo,CD Leganés,RC Deportivo de La Coruña,Álex Millán,0,1,1,0,0,2,0,0,17,0,0,3,0,2,0
24,1 Sep 2025,,3twkv90ra3vx4ezmcs1wmwu1g,Dámaso Arcediano Monescillo,CD Leganés,RC Deportivo de La Coruña,Marvel,0,0,0,2,1,1,0,0,49,0,0,0,0,1,1
24,1 Sep 2025,,3twkv90ra3vx4ezmcs1wmwu1g,Dámaso Arcediano Monescillo,CD Leganés,RC Deportivo de La Coruña,Juan Soriano,0,0,0,0,0,0,0,0,26,0,4,0,0,0,0
24,1 Sep 2025,,3twkv90ra3vx4ezmcs1wmwu1g,Dámaso Arcediano Monescillo,CD Leganés,RC Deportivo de La Coruña,Rubén Peña,0,0,0,1,1,0,0,0,38,0,0,0,0,2,0
24,1 Sep 2025,,3twkv90ra3vx4ezmcs1wmwu1g,Dámaso Arcediano Monescillo,CD Leganés,RC Deportivo de La Coruña,Óscar Plano,0,0,0,0,1,3,0,0,11,0,0,0,0,0,0
24,1 Sep 2025,,3twkv90ra3vx4ezmcs1wmwu1g,Dámaso Arcediano Monescillo,CD Leganés,RC Deportivo de La Coruña,Juan Cruz,0,0,0,1,0,0,0,0,11,0,0,2,1,0,0
24,1 Sep 2025,,3twkv90ra3vx4ezmcs1wmwu1g,Dámaso Arcediano Monescillo,CD Leganés,RC Deportivo de La Coruña,Gonzalo Melero,0,0,0,2,0,0,0,0,13,0,0,0,0,2,0
24,1 Sep 2025,,3twkv90ra3vx4ezmcs1wmwu1g,Dámaso Arcediano Monescillo,CD Leganés,RC Deportivo de La Coruña,Diego García,0,0,0,0,1,1,0,1,7,0,0,0,0,0,0
24,1 Sep 2025,,3twkv90ra3vx4ezmcs1wmwu1g,Dámaso Arcediano Monescillo,CD Leganés,RC Deportivo de La Coruña,Carlos Guirao,0,0,0,0,0,0,0,0,3,0,0,0,0,0,0
24,1 Sep 2025,,3twkv90ra3vx4ezmcs1wmwu1g,Dámaso Arcediano Monescillo,CD Leganés,RC Deportivo de La Coruña,Mario Soriano,0,0,0,0,0,2,0,0,54,0,0,0,0,1,0
24,1 Sep 2025,,3twkv90ra3vx4ezmcs1wmwu1g,Dámaso Arcediano Monescillo,CD Leganés,RC Deportivo de La Coruña,Germán Parreño,0,0,0,0,0,0,0,0,28,0,5,0,0,0,0
24,1 Sep 2025,,3twkv90ra3vx4ezmcs1wmwu1g,Dámaso Arcediano Monescillo,CD Leganés,RC Deportivo de La Coruña,Z. Eddahchouri,0,0,0,0,1,0,0,0,6,0,0,0,0,0,0
24,1 Sep 2025,,3twkv90ra3vx4ezmcs1wmwu1g,Dámaso Arcediano Monescillo,CD Leganés,RC Deportivo de La Coruña,José Gragera,0,0,0,0,1,0,0,0,25,0,0,0,0,1,0
24,1 Sep 2025,,3twkv90ra3vx4ezmcs1wmwu1g,Dámaso Arcediano Monescillo,CD Leganés,RC Deportivo de La Coruña,Miguel Loureiro,0,1,0,0,5,0,0,0,62,0,0,3,0,2,0
24,1 Sep 2025,,3twkv90ra3vx4ezmcs1wmwu1g,Dámaso Arcediano Monescillo,CD Leganés,RC Deportivo de La Coruña,Sergio Escudero,0,0,0,5,1,0,0,0,24,0,0,1,1,1,0
24,1 Sep 2025,,3twkv90ra3vx4ezmcs1wmwu1g,Dámaso Arcediano Monescillo,CD Leganés,RC Deportivo de La Coruña,Diego Villares,0,0,1,0,1,0,0,0,26,0,0,1,1,3,0
24,1 Sep 2025,,3twkv90ra3vx4ezmcs1wmwu1g,Dámaso Arcediano Monescillo,CD Leganés,RC Deportivo de La Coruña,David Mella,1,0,0,1,1,0,0,0,27,0,0,0,0,4,0
24,1 Sep 2025,,3twkv90ra3vx4ezmcs1wmwu1g,Dámaso Arcediano Monescillo,CD Leganés,RC Deportivo de La Coruña,Dani Barcia,0,0,0,0,5,0,0,0,50,0,0,0,0,1,0
24,1 Sep 2025,,3twkv90ra3vx4ezmcs1wmwu1g,Dámaso Arcediano Monescillo,CD Leganés,RC Deportivo de La Coruña,Arnau Comas,0,0,0,0,1,0,0,0,20,0,0,0,0,0,0
24,1 Sep 2025,,3twkv90ra3vx4ezmcs1wmwu1g,Dámaso Arcediano Monescillo,CD Leganés,RC Deportivo de La Coruña,Yeremay Hernández,0,0,2,2,1,0,1,0,24,0,0,5,3,1,1
24,1 Sep 2025,,3twkv90ra3vx4ezmcs1wmwu1g,Dámaso Arcediano Monescillo,CD Leganés,RC Deportivo de La Coruña,Ximo Navarro,0,0,0,0,1,1,0,0,24,0,0,0,0,2,0
24,1 Sep 2025,,3twkv90ra3vx4ezmcs1wmwu1g,Dámaso Arcediano Monescillo,CD Leganés,RC Deportivo de La Coruña,Stoichkov,0,0,0,0,0,1,0,1,10,0,0,1,0,0,1
24,1 Sep 2025,,3twkv90ra3vx4ezmcs1wmwu1g,Dámaso Arcediano Monescillo,CD Leganés,RC Deportivo de La Coruña,S. Mulattieri,0,0,0,0,1,2,1,0,2,0,0,2,1,0,0
24,1 Sep 2025,,3twkv90ra3vx4ezmcs1wmwu1g,Dámaso Arcediano Monescillo,CD Leganés,RC Deportivo de La Coruña,C. Patino,0,0,0,0,2,1,0,0,16,0,0,0,0,2,0
24,1 Sep 2025,,3twkv90ra3vx4ezmcs1wmwu1g,Dámaso Arcediano Monescillo,CD Leganés,RC Deportivo de La Coruña,Luismi Cruz,0,0,0,1,0,1,0,0,3,0,0,0,0,0,1
25,1 Sep 2025,,3ua1g6rdy68w43x3hm4r5lvys,Sergiu Claudiu Muresan,SD Huesca,SD Eibar,Julio Alonso,0,0,2,2,1,1,0,0,21,0,0,0,0,2,0
25,1 Sep 2025,,3ua1g6rdy68w43x3hm4r5lvys,Sergiu Claudiu Muresan,SD Huesca,SD Eibar,Sergio Arribas,0,0,0,1,1,0,0,0,28,0,0,0,0,1,1
25,1 Sep 2025,,3ua1g6rdy68w43x3hm4r5lvys,Sergiu Claudiu Muresan,SD Huesca,SD Eibar,Jesús Álvarez,0,0,0,1,2,3,0,0,51,0,0,1,1,2,0
25,1 Sep 2025,,3ua1g6rdy68w43x3hm4r5lvys,Sergiu Claudiu Muresan,SD Huesca,SD Eibar,Iker Kortajarena,1,1,1,2,0,1,0,0,32,0,0,2,0,0,0
25,1 Sep 2025,,3ua1g6rdy68w43x3hm4r5lvys,Sergiu Claudiu Muresan,SD Huesca,SD Eibar,Liberto Beltrán,0,0,0,1,2,0,0,0,19,0,0,2,0,0,0
25,1 Sep 2025,,3ua1g6rdy68w43x3hm4r5lvys,Sergiu Claudiu Muresan,SD Huesca,SD Eibar,Toni Abad,0,0,0,0,1,0,0,0,23,0,0,0,0,1,0
25,1 Sep 2025,,3ua1g6rdy68w43x3hm4r5lvys,Sergiu Claudiu Muresan,SD Huesca,SD Eibar,Óscar Sielva,1,0,1,6,3,2,0,0,42,0,0,1,1,3,0
25,1 Sep 2025,,3ua1g6rdy68w43x3hm4r5lvys,Sergiu Claudiu Muresan,SD Huesca,SD Eibar,Álvaro Carrillo,0,0,0,3,1,2,1,0,31,0,0,2,1,1,1
25,1 Sep 2025,,3ua1g6rdy68w43x3hm4r5lvys,Sergiu Claudiu Muresan,SD Huesca,SD Eibar,Jorge Pulido,0,0,0,0,1,0,0,0,41,0,0,1,0,0,0
25,1 Sep 2025,,3ua1g6rdy68w43x3hm4r5lvys,Sergiu Claudiu Muresan,SD Huesca,SD Eibar,Dani Jiménez,0,0,1,0,0,0,0,0,34,0,2,0,0,0,0
25,1 Sep 2025,,3ua1g6rdy68w43x3hm4r5lvys,Sergiu Claudiu Muresan,SD Huesca,SD Eibar,S. Ntamack,0,0,0,0,1,3,0,1,8,0,0,0,0,0,0
25,1 Sep 2025,,3ua1g6rdy68w43x3hm4r5lvys,Sergiu Claudiu Muresan,SD Huesca,SD Eibar,Hugo Pérez,0,0,0,0,0,1,0,0,13,0,0,0,0,0,0
25,1 Sep 2025,,3ua1g6rdy68w43x3hm4r5lvys,Sergiu Claudiu Muresan,SD Huesca,SD Eibar,Sergi Enrich,0,0,0,0,0,0,1,0,10,0,0,1,1,1,0
25,1 Sep 2025,,3ua1g6rdy68w43x3hm4r5lvys,Sergiu Claudiu Muresan,SD Huesca,SD Eibar,Portillo,0,0,0,0,0,0,0,0,8,0,0,0,0,0,0
25,1 Sep 2025,,3ua1g6rdy68w43x3hm4r5lvys,Sergiu Claudiu Muresan,SD Huesca,SD Eibar,D. Luna,0,0,0,1,0,1,0,0,7,0,0,1,0,0,0
25,1 Sep 2025,,3ua1g6rdy68w43x3hm4r5lvys,Sergiu Claudiu Muresan,SD Huesca,SD Eibar,Rodrigo Abajas,0,0,0,0,1,0,0,0,4,0,0,0,0,0,0
25,1 Sep 2025,,3ua1g6rdy68w43x3hm4r5lvys,Sergiu Claudiu Muresan,SD Huesca,SD Eibar,Jon Magunazelaia,0,0,1,0,2,2,1,1,36,0,0,3,2,0,0
25,1 Sep 2025,,3ua1g6rdy68w43x3hm4r5lvys,Sergiu Claudiu Muresan,SD Huesca,SD Eibar,Anaitz Arbilla,0,0,0,0,0,2,0,0,51,1,0,0,0,2,0
25,1 Sep 2025,,3ua1g6rdy68w43x3hm4r5lvys,Sergiu Claudiu Muresan,SD Huesca,SD Eibar,Sergio Cubero,0,0,1,11,1,0,0,0,48,0,0,0,0,3,0
25,1 Sep 2025,,3ua1g6rdy68w43x3hm4r5lvys,Sergiu Claudiu Muresan,SD Huesca,SD Eibar,Jon Guruzeta,0,1,1,0,0,1,0,0,21,0,0,4,0,0,0
25,1 Sep 2025,,3ua1g6rdy68w43x3hm4r5lvys,Sergiu Claudiu Muresan,SD Huesca,SD Eibar,Sergio Álvarez,0,0,0,0,1,0,0,0,56,0,0,0,0,4,0
25,1 Sep 2025,,3ua1g6rdy68w43x3hm4r5lvys,Sergiu Claudiu Muresan,SD Huesca,SD Eibar,Aleix Garrido,0,0,2,6,0,1,0,0,52,0,0,1,0,0,0
25,1 Sep 2025,,3ua1g6rdy68w43x3hm4r5lvys,Sergiu Claudiu Muresan,SD Huesca,SD Eibar,Xeber Alkain,0,1,1,0,1,1,0,0,19,0,0,3,1,3,0
25,1 Sep 2025,,3ua1g6rdy68w43x3hm4r5lvys,Sergiu Claudiu Muresan,SD Huesca,SD Eibar,José Corpas,0,1,0,1,1,4,0,1,29,0,0,3,0,1,0
25,1 Sep 2025,,3ua1g6rdy68w43x3hm4r5lvys,Sergiu Claudiu Muresan,SD Huesca,SD Eibar,Leonardo Buta,0,0,0,1,0,1,0,0,25,0,0,0,0,1,0
25,1 Sep 2025,,3ua1g6rdy68w43x3hm4r5lvys,Sergiu Claudiu Muresan,SD Huesca,SD Eibar,Jonmi Magunagoitia,0,0,0,0,0,0,0,0,32,0,2,0,0,0,0
25,1 Sep 2025,,3ua1g6rdy68w43x3hm4r5lvys,Sergiu Claudiu Muresan,SD Huesca,SD Eibar,Marco Moreno,0,0,0,0,4,0,0,0,53,0,0,0,0,0,0
25,1 Sep 2025,,3ua1g6rdy68w43x3hm4r5lvys,Sergiu Claudiu Muresan,SD Huesca,SD Eibar,Jon Bautista,0,0,0,0,1,0,0,0,5,0,0,0,0,0,0
25,1 Sep 2025,,3ua1g6rdy68w43x3hm4r5lvys,Sergiu Claudiu Muresan,SD Huesca,SD Eibar,Álvaro Rodríguez,0,0,0,1,3,1,0,0,7,0,0,0,0,0,1
25,1 Sep 2025,,3ua1g6rdy68w43x3hm4r5lvys,Sergiu Claudiu Muresan,SD Huesca,SD Eibar,Hodei Arrillaga,0,0,0,1,0,1,0,0,5,0,0,0,0,0,0
25,1 Sep 2025,,3ua1g6rdy68w43x3hm4r5lvys,Sergiu Claudiu Muresan,SD Huesca,SD Eibar,Lander Olaetxea,0,0,0,0,0,0,0,0,2,0,0,0,0,1,0
25,1 Sep 2025,,3ua1g6rdy68w43x3hm4r5lvys,Sergiu Claudiu Muresan,SD Huesca,SD Eibar,Adu Ares,0,0,0,0,1,0,0,0,5,0,0,0,0,0,0
26,29 Aug 2025,,3unfi5x5cs0nornl2k6vcwaok,Daniel Palencia Caballero,Real Sporting de Gijón,Cultural y Deportiva Leonesa,Nacho Martín,0,0,0,1,2,0,0,0,49,0,0,0,0,1,0
26,29 Aug 2025,,3unfi5x5cs0nornl2k6vcwaok,Daniel Palencia Caballero,Real Sporting de Gijón,Cultural y Deportiva Leonesa,L. Perrin,0,0,0,0,1,3,1,0,57,0,0,1,1,1,0
26,29 Aug 2025,,3unfi5x5cs0nornl2k6vcwaok,Daniel Palencia Caballero,Real Sporting de Gijón,Cultural y Deportiva Leonesa,Diego Sánchez,0,0,0,4,1,1,0,0,56,0,0,0,0,1,0
26,29 Aug 2025,,3unfi5x5cs0nornl2k6vcwaok,Daniel Palencia Caballero,Real Sporting de Gijón,Cultural y Deportiva Leonesa,Pablo Vázquez,0,1,0,0,0,0,0,0,51,0,0,2,1,0,0
26,29 Aug 2025,,3unfi5x5cs0nornl2k6vcwaok,Daniel Palencia Caballero,Real Sporting de Gijón,Cultural y Deportiva Leonesa,Guille Rosas,0,0,1,3,1,1,0,0,69,0,0,0,0,0,0
26,29 Aug 2025,,3unfi5x5cs0nornl2k6vcwaok,Daniel Palencia Caballero,Real Sporting de Gijón,Cultural y Deportiva Leonesa,Álex Corredera,0,1,3,8,1,0,0,0,45,0,0,1,0,2,1
26,29 Aug 2025,,3unfi5x5cs0nornl2k6vcwaok,Daniel Palencia Caballero,Real Sporting de Gijón,Cultural y Deportiva Leonesa,Jonathan Dubasin,0,0,3,3,1,0,0,0,34,0,0,1,0,0,1
26,29 Aug 2025,,3unfi5x5cs0nornl2k6vcwaok,Daniel Palencia Caballero,Real Sporting de Gijón,Cultural y Deportiva Leonesa,J. Otero,1,2,1,2,0,5,0,0,36,0,0,4,0,1,0
26,29 Aug 2025,,3unfi5x5cs0nornl2k6vcwaok,Daniel Palencia Caballero,Real Sporting de Gijón,Cultural y Deportiva Leonesa,César Gelabert,0,1,1,4,1,0,0,0,61,0,0,3,2,0,1
26,29 Aug 2025,,3unfi5x5cs0nornl2k6vcwaok,Daniel Palencia Caballero,Real Sporting de Gijón,Cultural y Deportiva Leonesa,A. Coundoul,0,0,0,0,2,0,0,0,14,0,0,2,1,2,0
26,29 Aug 2025,,3unfi5x5cs0nornl2k6vcwaok,Daniel Palencia Caballero,Real Sporting de Gijón,Cultural y Deportiva Leonesa,Rubén Yáñez,0,0,0,0,0,0,0,0,15,0,2,0,0,0,0
26,29 Aug 2025,,3unfi5x5cs0nornl2k6vcwaok,Daniel Palencia Caballero,Real Sporting de Gijón,Cultural y Deportiva Leonesa,Gaspar Campos,0,0,0,2,0,0,0,0,16,0,0,1,1,2,1
26,29 Aug 2025,,3unfi5x5cs0nornl2k6vcwaok,Daniel Palencia Caballero,Real Sporting de Gijón,Cultural y Deportiva Leonesa,J. Smith,0,1,0,0,1,0,0,0,6,0,0,1,0,1,0
26,29 Aug 2025,,3unfi5x5cs0nornl2k6vcwaok,Daniel Palencia Caballero,Real Sporting de Gijón,Cultural y Deportiva Leonesa,Dani Queipo,0,0,0,1,1,0,0,0,2,0,0,0,0,1,0
26,29 Aug 2025,,3unfi5x5cs0nornl2k6vcwaok,Daniel Palencia Caballero,Real Sporting de Gijón,Cultural y Deportiva Leonesa,J. Caicedo,0,0,1,0,0,1,0,0,2,0,0,1,0,0,0
26,29 Aug 2025,,3unfi5x5cs0nornl2k6vcwaok,Daniel Palencia Caballero,Real Sporting de Gijón,Cultural y Deportiva Leonesa,M. Loum,0,0,0,0,0,0,0,0,5,0,0,0,0,0,0
26,29 Aug 2025,,3unfi5x5cs0nornl2k6vcwaok,Daniel Palencia Caballero,Real Sporting de Gijón,Cultural y Deportiva Leonesa,Eric Curbelo,0,0,0,0,0,0,0,0,0,0,0,0,0,0,0
26,29 Aug 2025,,3unfi5x5cs0nornl2k6vcwaok,Daniel Palencia Caballero,Real Sporting de Gijón,Cultural y Deportiva Leonesa,Luis Chacón,0,0,0,1,0,2,0,0,30,0,0,2,1,1,0
26,29 Aug 2025,,3unfi5x5cs0nornl2k6vcwaok,Daniel Palencia Caballero,Real Sporting de Gijón,Cultural y Deportiva Leonesa,M. Barzić,0,0,0,0,0,0,0,0,63,0,0,0,0,1,0
26,29 Aug 2025,,3unfi5x5cs0nornl2k6vcwaok,Daniel Palencia Caballero,Real Sporting de Gijón,Cultural y Deportiva Leonesa,D. Paraschiv,0,0,0,0,1,0,0,0,5,0,0,0,0,0,0
26,29 Aug 2025,,3unfi5x5cs0nornl2k6vcwaok,Daniel Palencia Caballero,Real Sporting de Gijón,Cultural y Deportiva Leonesa,Bicho,0,0,0,0,0,1,0,0,31,0,0,0,0,1,0
26,29 Aug 2025,,3unfi5x5cs0nornl2k6vcwaok,Daniel Palencia Caballero,Real Sporting de Gijón,Cultural y Deportiva Leonesa,Edgar Badia,0,0,0,0,0,0,0,0,22,0,5,0,0,0,0
26,29 Aug 2025,,3unfi5x5cs0nornl2k6vcwaok,Daniel Palencia Caballero,Real Sporting de Gijón,Cultural y Deportiva Leonesa,V. García,0,0,0,1,2,1,0,0,26,0,0,0,0,1,0
26,29 Aug 2025,,3unfi5x5cs0nornl2k6vcwaok,Daniel Palencia Caballero,Real Sporting de Gijón,Cultural y Deportiva Leonesa,Quique Fornos,0,0,0,0,0,1,0,0,40,0,0,0,0,2,0
26,29 Aug 2025,,3unfi5x5cs0nornl2k6vcwaok,Daniel Palencia Caballero,Real Sporting de Gijón,Cultural y Deportiva Leonesa,T. Ojeda,0,1,1,1,2,0,0,0,35,0,0,2,0,1,1
26,29 Aug 2025,,3unfi5x5cs0nornl2k6vcwaok,Daniel Palencia Caballero,Real Sporting de Gijón,Cultural y Deportiva Leonesa,Diego Collado,0,0,0,1,0,3,0,0,9,0,0,2,0,1,0
26,29 Aug 2025,,3unfi5x5cs0nornl2k6vcwaok,Daniel Palencia Caballero,Real Sporting de Gijón,Cultural y Deportiva Leonesa,Roger Hinojo,0,0,0,0,1,0,0,0,47,0,0,0,0,1,0
26,29 Aug 2025,,3unfi5x5cs0nornl2k6vcwaok,Daniel Palencia Caballero,Real Sporting de Gijón,Cultural y Deportiva Leonesa,Juan Larios,0,0,0,1,2,0,0,0,27,0,0,0,0,3,0
26,29 Aug 2025,,3unfi5x5cs0nornl2k6vcwaok,Daniel Palencia Caballero,Real Sporting de Gijón,Cultural y Deportiva Leonesa,A. Pastoriza,0,1,2,5,0,2,0,0,14,0,0,2,1,1,0
26,29 Aug 2025,,3unfi5x5cs0nornl2k6vcwaok,Daniel Palencia Caballero,Real Sporting de Gijón,Cultural y Deportiva Leonesa,Manu Justo,0,0,0,0,2,0,0,0,2,0,0,1,0,0,0
26,29 Aug 2025,,3unfi5x5cs0nornl2k6vcwaok,Daniel Palencia Caballero,Real Sporting de Gijón,Cultural y Deportiva Leonesa,S. Diallo,0,0,0,0,0,0,0,0,10,0,0,0,0,0,0
26,29 Aug 2025,,3unfi5x5cs0nornl2k6vcwaok,Daniel Palencia Caballero,Real Sporting de Gijón,Cultural y Deportiva Leonesa,Yayo González,0,0,0,0,2,1,0,0,14,0,0,0,0,0,0
26,29 Aug 2025,,3unfi5x5cs0nornl2k6vcwaok,Daniel Palencia Caballero,Real Sporting de Gijón,Cultural y Deportiva Leonesa,Guzmán Ortega,0,0,0,1,0,0,0,0,8,0,0,0,0,1,0
27,29 Aug 2025,,3v0xbdj2gyyhlk8ozw1o76xhw,Alejandro Morilla Turrión,Real Sociedad de Fútbol,UD Almería,Peru Rodríguez,0,0,0,0,2,0,0,0,67,0,0,0,0,1,1
27,29 Aug 2025,,3v0xbdj2gyyhlk8ozw1o76xhw,Alejandro Morilla Turrión,Real Sociedad de Fútbol,UD Almería,Unax Agote,0,0,0,2,0,0,0,0,32,0,0,0,0,7,0
27,29 Aug 2025,,3v0xbdj2gyyhlk8ozw1o76xhw,Alejandro Morilla Turrión,Real Sociedad de Fútbol,UD Almería,J. Ochieng,0,1,1,2,3,3,0,0,7,0,0,2,0,2,1
27,29 Aug 2025,,3v0xbdj2gyyhlk8ozw1o76xhw,Alejandro Morilla Turrión,Real Sociedad de Fútbol,UD Almería,Mikel Rodríguez,0,0,0,1,2,1,0,0,41,0,0,0,0,1,0
27,29 Aug 2025,,3v0xbdj2gyyhlk8ozw1o76xhw,Alejandro Morilla Turrión,Real Sociedad de Fútbol,UD Almería,Luken Beitia,0,0,0,0,1,0,0,0,53,0,0,0,0,1,0
27,29 Aug 2025,,3v0xbdj2gyyhlk8ozw1o76xhw,Alejandro Morilla Turrión,Real Sociedad de Fútbol,UD Almería,Alberto Dadie,0,0,0,2,4,1,0,0,31,0,0,0,0,1,0
27,29 Aug 2025,,3v0xbdj2gyyhlk8ozw1o76xhw,Alejandro Morilla Turrión,Real Sociedad de Fútbol,UD Almería,Lander Astiazarán,1,0,1,2,0,2,0,0,14,0,0,0,0,2,0
27,29 Aug 2025,,3v0xbdj2gyyhlk8ozw1o76xhw,Alejandro Morilla Turrión,Real Sociedad de Fútbol,UD Almería,Tomás Carbonell,0,0,0,1,1,1,0,0,36,0,0,0,0,0,1
27,29 Aug 2025,,3v0xbdj2gyyhlk8ozw1o76xhw,Alejandro Morilla Turrión,Real Sociedad de Fútbol,UD Almería,Aitor Fraga,0,0,0,0,0,0,0,0,27,0,3,0,0,0,0
27,29 Aug 2025,,3v0xbdj2gyyhlk8ozw1o76xhw,Alejandro Morilla Turrión,Real Sociedad de Fútbol,UD Almería,Arkaitz Mariezkurrena,0,0,0,0,5,4,1,0,21,0,0,2,1,4,0
27,29 Aug 2025,,3v0xbdj2gyyhlk8ozw1o76xhw,Alejandro Morilla Turrión,Real Sociedad de Fútbol,UD Almería,Gorka Carrera,0,0,0,0,0,0,1,0,7,0,0,3,2,0,0
27,29 Aug 2025,,3v0xbdj2gyyhlk8ozw1o76xhw,Alejandro Morilla Turrión,Real Sociedad de Fútbol,UD Almería,Gorka Gorosabel,0,0,0,2,0,0,0,0,10,0,0,0,0,1,0
27,29 Aug 2025,,3v0xbdj2gyyhlk8ozw1o76xhw,Alejandro Morilla Turrión,Real Sociedad de Fútbol,UD Almería,Ekain Orobengoa,0,1,0,0,1,1,0,0,5,0,0,1,0,0,0
27,29 Aug 2025,,3v0xbdj2gyyhlk8ozw1o76xhw,Alejandro Morilla Turrión,Real Sociedad de Fútbol,UD Almería,Jon Balda,0,0,0,0,0,0,0,0,12,0,0,0,0,0,0
27,29 Aug 2025,,3v0xbdj2gyyhlk8ozw1o76xhw,Alejandro Morilla Turrión,Real Sociedad de Fútbol,UD Almería,Alex Marchal,0,0,0,1,0,0,0,0,14,0,0,0,0,1,0
27,29 Aug 2025,,3v0xbdj2gyyhlk8ozw1o76xhw,Alejandro Morilla Turrión,Real Sociedad de Fútbol,UD Almería,A. Lebarbier,0,0,0,0,0,0,0,0,6,0,0,1,0,0,0
27,29 Aug 2025,,3v0xbdj2gyyhlk8ozw1o76xhw,Alejandro Morilla Turrión,Real Sociedad de Fútbol,UD Almería,Lázaro,0,0,0,0,0,1,0,0,13,0,0,1,0,0,0
27,29 Aug 2025,,3v0xbdj2gyyhlk8ozw1o76xhw,Alejandro Morilla Turrión,Real Sociedad de Fútbol,UD Almería,Selvi Clua,0,0,0,0,3,4,0,0,27,0,0,0,0,3,0
27,29 Aug 2025,,3v0xbdj2gyyhlk8ozw1o76xhw,Alejandro Morilla Turrión,Real Sociedad de Fútbol,UD Almería,F. Bonini,0,0,0,0,0,0,0,0,56,0,0,2,1,2,0
27,29 Aug 2025,,3v0xbdj2gyyhlk8ozw1o76xhw,Alejandro Morilla Turrión,Real Sociedad de Fútbol,UD Almería,Andrés Fernández,0,0,0,0,0,0,0,0,33,0,1,0,0,0,0
27,29 Aug 2025,,3v0xbdj2gyyhlk8ozw1o76xhw,Alejandro Morilla Turrión,Real Sociedad de Fútbol,UD Almería,Marcos Luna,0,0,1,3,3,1,0,0,63,0,0,0,0,2,0
27,29 Aug 2025,,3v0xbdj2gyyhlk8ozw1o76xhw,Alejandro Morilla Turrión,Real Sociedad de Fútbol,UD Almería,Álex Muñoz,1,1,0,1,1,2,0,0,52,0,0,2,0,1,1
27,29 Aug 2025,,3v0xbdj2gyyhlk8ozw1o76xhw,Alejandro Morilla Turrión,Real Sociedad de Fútbol,UD Almería,P. Soko,0,0,2,0,1,1,0,0,19,0,0,1,0,2,1
27,29 Aug 2025,,3v0xbdj2gyyhlk8ozw1o76xhw,Alejandro Morilla Turrión,Real Sociedad de Fútbol,UD Almería,Nico Melamed,0,1,0,4,1,2,1,0,30,0,0,3,1,0,0
27,29 Aug 2025,,3v0xbdj2gyyhlk8ozw1o76xhw,Alejandro Morilla Turrión,Real Sociedad de Fútbol,UD Almería,Arnau Puigmal,0,1,1,3,0,0,0,0,31,0,0,1,0,0,0
27,29 Aug 2025,,3v0xbdj2gyyhlk8ozw1o76xhw,Alejandro Morilla Turrión,Real Sociedad de Fútbol,UD Almería,Chumi,0,0,0,0,2,0,0,0,54,0,0,0,0,1,1
27,29 Aug 2025,,3v0xbdj2gyyhlk8ozw1o76xhw,Alejandro Morilla Turrión,Real Sociedad de Fútbol,UD Almería,D. Lopy,0,1,0,0,3,3,0,0,46,0,0,1,0,4,0
27,29 Aug 2025,,3v0xbdj2gyyhlk8ozw1o76xhw,Alejandro Morilla Turrión,Real Sociedad de Fútbol,UD Almería,Adri Embarba,0,1,1,8,0,2,1,0,17,0,0,2,1,0,1
27,29 Aug 2025,,3v0xbdj2gyyhlk8ozw1o76xhw,Alejandro Morilla Turrión,Real Sociedad de Fútbol,UD Almería,André Horta,0,0,0,1,0,1,0,0,34,0,0,1,1,2,0
27,29 Aug 2025,,3v0xbdj2gyyhlk8ozw1o76xhw,Alejandro Morilla Turrión,Real Sociedad de Fútbol,UD Almería,Sergio Arribas,0,0,0,3,0,0,0,0,17,0,0,0,0,0,0
27,29 Aug 2025,,3v0xbdj2gyyhlk8ozw1o76xhw,Alejandro Morilla Turrión,Real Sociedad de Fútbol,UD Almería,Léo Baptistão,0,0,1,0,0,0,0,0,5,0,0,2,1,0,0
27,29 Aug 2025,,3v0xbdj2gyyhlk8ozw1o76xhw,Alejandro Morilla Turrión,Real Sociedad de Fútbol,UD Almería,M. Perović,0,0,2,2,0,0,0,0,2,0,0,0,0,0,0
28,30 Aug 2025,,3vehi2cnniovc8aijlrp0f76c,Germán Cid Camacho,CD Castellón,Real Zaragoza,Israel Suero,0,0,1,1,0,0,0,0,15,0,0,0,0,0,0
28,30 Aug 2025,,3vehi2cnniovc8aijlrp0f76c,Germán Cid Camacho,CD Castellón,Real Zaragoza,A. Abedzadeh,0,0,0,0,0,1,0,0,36,0,1,0,0,0,0
28,30 Aug 2025,,3vehi2cnniovc8aijlrp0f76c,Germán Cid Camacho,CD Castellón,Real Zaragoza,O. Camara,0,0,1,1,2,1,0,1,8,0,0,3,1,1,0
28,30 Aug 2025,,3vehi2cnniovc8aijlrp0f76c,Germán Cid Camacho,CD Castellón,Real Zaragoza,J. Mellot,1,0,0,3,1,0,0,0,60,0,0,0,0,0,0
28,30 Aug 2025,,3vehi2cnniovc8aijlrp0f76c,Germán Cid Camacho,CD Castellón,Real Zaragoza,Barri,0,0,0,0,2,2,0,0,60,0,0,0,0,2,0
28,30 Aug 2025,,3vehi2cnniovc8aijlrp0f76c,Germán Cid Camacho,CD Castellón,Real Zaragoza,A. Mabil,0,1,1,2,0,1,0,1,34,0,0,1,0,0,0
28,30 Aug 2025,,3vehi2cnniovc8aijlrp0f76c,Germán Cid Camacho,CD Castellón,Real Zaragoza,Alberto Jiménez,0,0,0,2,1,2,0,2,57,0,0,1,0,1,0
28,30 Aug 2025,,3vehi2cnniovc8aijlrp0f76c,Germán Cid Camacho,CD Castellón,Real Zaragoza,A. Sienra,0,0,0,0,0,0,0,0,54,0,0,0,0,2,0
28,30 Aug 2025,,3vehi2cnniovc8aijlrp0f76c,Germán Cid Camacho,CD Castellón,Real Zaragoza,Salva Ruiz,0,1,1,1,1,0,0,0,35,0,0,2,1,2,0
28,30 Aug 2025,,3vehi2cnniovc8aijlrp0f76c,Germán Cid Camacho,CD Castellón,Real Zaragoza,B. Cipenga,0,1,0,2,1,1,1,3,18,0,0,2,1,0,1
28,30 Aug 2025,,3vehi2cnniovc8aijlrp0f76c,Germán Cid Camacho,CD Castellón,Real Zaragoza,Cala,0,1,2,5,4,4,0,0,17,0,0,3,1,1,1
28,30 Aug 2025,,3vehi2cnniovc8aijlrp0f76c,Germán Cid Camacho,CD Castellón,Real Zaragoza,Pablo Santiago,0,1,0,2,0,0,0,0,14,0,0,1,0,0,0
28,30 Aug 2025,,3vehi2cnniovc8aijlrp0f76c,Germán Cid Camacho,CD Castellón,Real Zaragoza,M. Doué,0,0,1,4,0,2,0,0,11,0,0,1,1,0,0
28,30 Aug 2025,,3vehi2cnniovc8aijlrp0f76c,Germán Cid Camacho,CD Castellón,Real Zaragoza,Beñat Gerenabarrena,0,0,0,0,1,1,0,0,12,0,0,0,0,0,0
28,30 Aug 2025,,3vehi2cnniovc8aijlrp0f76c,Germán Cid Camacho,CD Castellón,Real Zaragoza,Lucas Alcázar,0,0,0,0,1,1,0,0,4,0,0,0,0,0,0
28,30 Aug 2025,,3vehi2cnniovc8aijlrp0f76c,Germán Cid Camacho,CD Castellón,Real Zaragoza,N. Markanich,0,0,0,0,0,0,0,0,0,0,0,0,0,0,0
28,30 Aug 2025,,3vehi2cnniovc8aijlrp0f76c,Germán Cid Camacho,CD Castellón,Real Zaragoza,A. Radovanović,0,0,0,0,2,0,0,0,46,0,0,0,0,0,0
28,30 Aug 2025,,3vehi2cnniovc8aijlrp0f76c,Germán Cid Camacho,CD Castellón,Real Zaragoza,Yussif Saidu,0,0,0,0,2,1,0,0,42,0,0,1,0,5,1
28,30 Aug 2025,,3vehi2cnniovc8aijlrp0f76c,Germán Cid Camacho,CD Castellón,Real Zaragoza,Toni Moya,0,1,1,3,2,3,0,0,39,0,0,1,0,2,0
28,30 Aug 2025,,3vehi2cnniovc8aijlrp0f76c,Germán Cid Camacho,CD Castellón,Real Zaragoza,Francho Serrano,0,0,0,2,0,0,0,0,24,0,0,0,0,2,0
28,30 Aug 2025,,3vehi2cnniovc8aijlrp0f76c,Germán Cid Camacho,CD Castellón,Real Zaragoza,Ager Aketxe,0,1,1,2,1,2,0,0,22,0,0,2,0,1,0
28,30 Aug 2025,,3vehi2cnniovc8aijlrp0f76c,Germán Cid Camacho,CD Castellón,Real Zaragoza,Sebas Moyano,0,1,0,0,0,3,0,2,11,0,0,2,1,0,0
28,30 Aug 2025,,3vehi2cnniovc8aijlrp0f76c,Germán Cid Camacho,CD Castellón,Real Zaragoza,S. Baždar,0,0,1,0,1,0,0,0,2,0,0,0,0,0,0
28,30 Aug 2025,,3vehi2cnniovc8aijlrp0f76c,Germán Cid Camacho,CD Castellón,Real Zaragoza,Juan Sebastián,0,1,0,0,1,0,0,0,18,0,0,2,0,1,1
28,30 Aug 2025,,3vehi2cnniovc8aijlrp0f76c,Germán Cid Camacho,CD Castellón,Real Zaragoza,A. Rodríguez,0,0,0,0,0,0,0,0,32,0,4,0,0,0,0
28,30 Aug 2025,,3vehi2cnniovc8aijlrp0f76c,Germán Cid Camacho,CD Castellón,Real Zaragoza,Pablo Insua,0,0,0,0,1,0,0,0,32,0,0,0,0,0,1
28,30 Aug 2025,,3vehi2cnniovc8aijlrp0f76c,Germán Cid Camacho,CD Castellón,Real Zaragoza,Raúl Guti,0,0,0,0,2,1,0,0,23,0,0,1,0,2,0
28,30 Aug 2025,,3vehi2cnniovc8aijlrp0f76c,Germán Cid Camacho,CD Castellón,Real Zaragoza,Mario Soberón,0,0,0,0,3,1,0,0,12,0,0,0,0,0,0
28,30 Aug 2025,,3vehi2cnniovc8aijlrp0f76c,Germán Cid Camacho,CD Castellón,Real Zaragoza,Paulino de la Fuente,0,0,0,0,1,2,0,0,10,0,0,0,0,0,0
28,30 Aug 2025,,3vehi2cnniovc8aijlrp0f76c,Germán Cid Camacho,CD Castellón,Real Zaragoza,Valery,0,0,0,0,0,0,0,0,6,0,0,0,0,1,0
28,30 Aug 2025,,3vehi2cnniovc8aijlrp0f76c,Germán Cid Camacho,CD Castellón,Real Zaragoza,Dani Gómez,0,0,0,1,0,0,1,0,7,0,0,2,1,2,0
28,30 Aug 2025,,3vehi2cnniovc8aijlrp0f76c,Germán Cid Camacho,CD Castellón,Real Zaragoza,Pau Sans,1,1,0,0,0,0,0,0,1,0,0,1,0,1,0
29,31 Aug 2025,,3vrxgjf64nlfexohd9dt0bf9w,Marta Huerta de Aza,Granada CF,CD Mirandés,Pau Casadesús,0,0,1,4,1,0,0,0,45,0,0,0,0,2,0
29,31 Aug 2025,,3vrxgjf64nlfexohd9dt0bf9w,Marta Huerta de Aza,Granada CF,CD Mirandés,L. Zidane,0,0,0,0,0,0,0,0,48,0,2,0,0,0,0
29,31 Aug 2025,,3vrxgjf64nlfexohd9dt0bf9w,Marta Huerta de Aza,Granada CF,CD Mirandés,Pere Haro,0,0,0,4,5,1,0,0,26,1,0,1,0,1,1
29,31 Aug 2025,,3vrxgjf64nlfexohd9dt0bf9w,Marta Huerta de Aza,Granada CF,CD Mirandés,Manu Lama,0,0,0,0,1,2,0,0,60,0,0,0,0,1,0
29,31 Aug 2025,,3vrxgjf64nlfexohd9dt0bf9w,Marta Huerta de Aza,Granada CF,CD Mirandés,O. Oppong,0,0,0,0,1,1,0,0,71,0,0,1,0,0,0
29,31 Aug 2025,,3vrxgjf64nlfexohd9dt0bf9w,Marta Huerta de Aza,Granada CF,CD Mirandés,José Arnáiz,0,1,1,5,0,4,0,0,17,0,0,1,0,0,0
29,31 Aug 2025,,3vrxgjf64nlfexohd9dt0bf9w,Marta Huerta de Aza,Granada CF,CD Mirandés,S. Faye,0,3,3,5,0,4,0,1,16,0,0,7,2,0,0
29,31 Aug 2025,,3vrxgjf64nlfexohd9dt0bf9w,Marta Huerta de Aza,Granada CF,CD Mirandés,Jorge Pascual,0,0,0,0,0,2,0,0,16,0,0,1,0,0,0
29,31 Aug 2025,,3vrxgjf64nlfexohd9dt0bf9w,Marta Huerta de Aza,Granada CF,CD Mirandés,Manu Trigueros,0,0,0,0,2,2,0,0,43,0,0,0,0,2,0
29,31 Aug 2025,,3vrxgjf64nlfexohd9dt0bf9w,Marta Huerta de Aza,Granada CF,CD Mirandés,Sergio Ruiz,0,0,0,2,0,1,0,0,44,0,0,1,1,3,0
29,31 Aug 2025,,3vrxgjf64nlfexohd9dt0bf9w,Marta Huerta de Aza,Granada CF,CD Mirandés,M. Bouldini,0,0,0,0,2,1,0,0,6,0,0,0,0,0,1
29,31 Aug 2025,,3vrxgjf64nlfexohd9dt0bf9w,Marta Huerta de Aza,Granada CF,CD Mirandés,Sergio Rodelas,0,0,0,4,1,0,0,0,15,0,0,0,0,1,0
29,31 Aug 2025,,3vrxgjf64nlfexohd9dt0bf9w,Marta Huerta de Aza,Granada CF,CD Mirandés,Pedro Alemañ,1,1,0,0,0,0,0,0,13,0,0,1,0,0,0
29,31 Aug 2025,,3vrxgjf64nlfexohd9dt0bf9w,Marta Huerta de Aza,Granada CF,CD Mirandés,Pablo Sáenz,0,1,1,5,1,0,1,0,14,0,0,2,1,0,0
29,31 Aug 2025,,3vrxgjf64nlfexohd9dt0bf9w,Marta Huerta de Aza,Granada CF,CD Mirandés,Diego Hormigo,0,0,0,0,1,0,0,0,7,0,0,0,0,0,0
29,31 Aug 2025,,3vrxgjf64nlfexohd9dt0bf9w,Marta Huerta de Aza,Granada CF,CD Mirandés,S. Weissman,0,0,0,0,0,0,0,0,1,0,0,0,0,1,0
29,31 Aug 2025,,3vrxgjf64nlfexohd9dt0bf9w,Marta Huerta de Aza,Granada CF,CD Mirandés,Álex Cardero,0,1,0,1,2,3,0,0,13,0,0,2,0,0,0
29,31 Aug 2025,,3vrxgjf64nlfexohd9dt0bf9w,Marta Huerta de Aza,Granada CF,CD Mirandés,I. Nikić,0,0,0,0,0,0,0,0,13,0,1,0,0,0,0
29,31 Aug 2025,,3vrxgjf64nlfexohd9dt0bf9w,Marta Huerta de Aza,Granada CF,CD Mirandés,Iker Varela,0,1,1,1,0,3,0,0,19,0,0,2,0,1,0
29,31 Aug 2025,,3vrxgjf64nlfexohd9dt0bf9w,Marta Huerta de Aza,Granada CF,CD Mirandés,Fernando Medrano,0,0,0,1,0,0,0,0,24,0,0,1,1,3,0
29,31 Aug 2025,,3vrxgjf64nlfexohd9dt0bf9w,Marta Huerta de Aza,Granada CF,CD Mirandés,Juan Gutiérrez,1,0,0,3,4,2,0,0,24,0,0,1,0,2,0
29,31 Aug 2025,,3vrxgjf64nlfexohd9dt0bf9w,Marta Huerta de Aza,Granada CF,CD Mirandés,Martín Pascual,0,0,0,1,5,0,0,0,27,0,0,0,0,0,0
29,31 Aug 2025,,3vrxgjf64nlfexohd9dt0bf9w,Marta Huerta de Aza,Granada CF,CD Mirandés,Iker Córdoba,0,0,0,1,2,0,0,0,29,0,0,0,0,6,1
29,31 Aug 2025,,3vrxgjf64nlfexohd9dt0bf9w,Marta Huerta de Aza,Granada CF,CD Mirandés,Ismael Barea,0,0,0,0,0,2,0,0,33,0,0,0,0,0,0
29,31 Aug 2025,,3vrxgjf64nlfexohd9dt0bf9w,Marta Huerta de Aza,Granada CF,CD Mirandés,Carlos Fernández,0,0,0,0,1,2,1,0,16,0,0,2,1,1,0
29,31 Aug 2025,,3vrxgjf64nlfexohd9dt0bf9w,Marta Huerta de Aza,Granada CF,CD Mirandés,Rafel Bauzà,0,0,0,1,3,0,0,0,18,0,0,0,0,1,1
29,31 Aug 2025,,3vrxgjf64nlfexohd9dt0bf9w,Marta Huerta de Aza,Granada CF,CD Mirandés,Postigo,0,0,0,0,1,0,0,0,36,0,0,0,0,0,0
29,31 Aug 2025,,3vrxgjf64nlfexohd9dt0bf9w,Marta Huerta de Aza,Granada CF,CD Mirandés,Juanpa,0,0,0,0,0,1,0,0,18,0,2,0,0,0,0
29,31 Aug 2025,,3vrxgjf64nlfexohd9dt0bf9w,Marta Huerta de Aza,Granada CF,CD Mirandés,T. Helguera,0,0,0,0,0,0,0,0,10,0,0,0,0,0,0
29,31 Aug 2025,,3vrxgjf64nlfexohd9dt0bf9w,Marta Huerta de Aza,Granada CF,CD Mirandés,Toni Tamarit,0,0,0,1,0,0,0,0,3,0,0,2,1,0,0
29,31 Aug 2025,,3vrxgjf64nlfexohd9dt0bf9w,Marta Huerta de Aza,Granada CF,CD Mirandés,G. Petit,0,0,0,0,2,1,1,1,9,0,0,1,1,0,0
29,31 Aug 2025,,3vrxgjf64nlfexohd9dt0bf9w,Marta Huerta de Aza,Granada CF,CD Mirandés,S. El Jebari,0,0,0,0,0,1,0,0,3,0,0,0,0,1,0
30,31 Aug 2025,,3w58n57fd21q5gxvzj8y1xvdg,Eder Mallo Fernández,UD Las Palmas,Málaga CF,Mika Mármol,0,0,0,1,0,0,0,0,71,0,0,1,0,1,0
30,31 Aug 2025,,3w58n57fd21q5gxvzj8y1xvdg,Eder Mallo Fernández,UD Las Palmas,Málaga CF,Marvin Park,0,0,1,3,1,1,0,0,54,0,0,1,1,1,0
30,31 Aug 2025,,3w58n57fd21q5gxvzj8y1xvdg,Eder Mallo Fernández,UD Las Palmas,Málaga CF,Manu Fuster,0,0,1,11,0,1,0,0,52,0,0,2,2,0,0
30,31 Aug 2025,,3w58n57fd21q5gxvzj8y1xvdg,Eder Mallo Fernández,UD Las Palmas,Málaga CF,L. Amatucci,0,0,0,0,3,3,0,0,66,0,0,0,0,5,0
30,31 Aug 2025,,3w58n57fd21q5gxvzj8y1xvdg,Eder Mallo Fernández,UD Las Palmas,Málaga CF,Sergio Barcia,0,0,0,0,0,3,0,0,94,0,0,1,1,1,0
30,31 Aug 2025,,3w58n57fd21q5gxvzj8y1xvdg,Eder Mallo Fernández,UD Las Palmas,Málaga CF,Enrique Clemente,0,0,0,3,1,3,0,0,47,0,0,0,0,2,1
30,31 Aug 2025,,3w58n57fd21q5gxvzj8y1xvdg,Eder Mallo Fernández,UD Las Palmas,Málaga CF,D. Horkaš,0,0,0,0,0,0,0,0,42,0,0,0,0,0,0
30,31 Aug 2025,,3w58n57fd21q5gxvzj8y1xvdg,Eder Mallo Fernández,UD Las Palmas,Málaga CF,J. Recoba,0,0,0,0,0,0,0,0,19,0,0,2,0,0,0
30,31 Aug 2025,,3w58n57fd21q5gxvzj8y1xvdg,Eder Mallo Fernández,UD Las Palmas,Málaga CF,Ale García,0,0,2,6,0,2,0,0,44,0,0,2,0,0,0
30,31 Aug 2025,,3w58n57fd21q5gxvzj8y1xvdg,Eder Mallo Fernández,UD Las Palmas,Málaga CF,M. Luković,0,1,1,2,1,2,0,2,13,0,0,1,0,0,1
30,31 Aug 2025,,3w58n57fd21q5gxvzj8y1xvdg,Eder Mallo Fernández,UD Las Palmas,Málaga CF,E. Loiodice,0,0,0,0,0,0,0,0,65,0,0,1,1,1,0
30,31 Aug 2025,,3w58n57fd21q5gxvzj8y1xvdg,Eder Mallo Fernández,UD Las Palmas,Málaga CF,Jonathan Viera,0,1,1,2,0,1,0,0,29,0,0,3,1,0,0
30,31 Aug 2025,,3w58n57fd21q5gxvzj8y1xvdg,Eder Mallo Fernández,UD Las Palmas,Málaga CF,Cristian Gutiérrez,0,0,0,3,0,0,0,0,13,0,0,0,0,1,0
30,31 Aug 2025,,3w58n57fd21q5gxvzj8y1xvdg,Eder Mallo Fernández,UD Las Palmas,Málaga CF,E. Cedeño,0,0,0,0,2,1,0,0,17,0,0,0,0,1,0
30,31 Aug 2025,,3w58n57fd21q5gxvzj8y1xvdg,Eder Mallo Fernández,UD Las Palmas,Málaga CF,Pejiño,0,0,1,2,0,0,0,0,9,0,0,0,0,1,0
30,31 Aug 2025,,3w58n57fd21q5gxvzj8y1xvdg,Eder Mallo Fernández,UD Las Palmas,Málaga CF,Marc Cardona,0,0,0,0,0,0,0,0,1,0,0,0,0,0,0
30,31 Aug 2025,,3w58n57fd21q5gxvzj8y1xvdg,Eder Mallo Fernández,UD Las Palmas,Málaga CF,David Larrubia,0,1,0,3,0,2,0,0,30,0,0,1,0,3,0
30,31 Aug 2025,,3w58n57fd21q5gxvzj8y1xvdg,Eder Mallo Fernández,UD Las Palmas,Málaga CF,Izan Merino,0,0,0,0,0,0,0,0,31,0,0,0,0,0,0
30,31 Aug 2025,,3w58n57fd21q5gxvzj8y1xvdg,Eder Mallo Fernández,UD Las Palmas,Málaga CF,Javi Montero,0,0,0,0,2,1,0,0,29,0,0,0,0,0,1
30,31 Aug 2025,,3w58n57fd21q5gxvzj8y1xvdg,Eder Mallo Fernández,UD Las Palmas,Málaga CF,Víctor García,0,0,1,4,1,0,0,0,18,0,0,0,0,1,1
30,31 Aug 2025,,3w58n57fd21q5gxvzj8y1xvdg,Eder Mallo Fernández,UD Las Palmas,Málaga CF,Rafa Rodríguez,0,1,0,1,4,1,1,0,8,0,0,3,1,1,0
30,31 Aug 2025,,3w58n57fd21q5gxvzj8y1xvdg,Eder Mallo Fernández,UD Las Palmas,Málaga CF,Diego Murillo,0,0,0,0,0,0,0,0,44,0,0,0,0,1,1
30,31 Aug 2025,,3w58n57fd21q5gxvzj8y1xvdg,Eder Mallo Fernández,UD Las Palmas,Málaga CF,Joaquín Muñoz,0,0,0,2,0,0,0,0,14,0,0,1,0,0,0
30,31 Aug 2025,,3w58n57fd21q5gxvzj8y1xvdg,Eder Mallo Fernández,UD Las Palmas,Málaga CF,Alfonso Herrero,0,0,0,0,0,0,0,0,28,0,6,0,0,0,0
30,31 Aug 2025,,3w58n57fd21q5gxvzj8y1xvdg,Eder Mallo Fernández,UD Las Palmas,Málaga CF,Juanpe,1,2,0,0,0,1,0,0,24,0,0,2,0,4,0
30,31 Aug 2025,,3w58n57fd21q5gxvzj8y1xvdg,Eder Mallo Fernández,UD Las Palmas,Málaga CF,Carlos Puga,0,0,0,3,4,0,0,0,17,0,0,0,0,4,0
30,31 Aug 2025,,3w58n57fd21q5gxvzj8y1xvdg,Eder Mallo Fernández,UD Las Palmas,Málaga CF,Chupe,0,0,0,0,2,0,0,2,14,0,0,0,0,0,0
30,31 Aug 2025,,3w58n57fd21q5gxvzj8y1xvdg,Eder Mallo Fernández,UD Las Palmas,Málaga CF,Dani Sánchez,0,1,2,2,0,0,0,0,13,0,0,1,0,0,0
30,31 Aug 2025,,3w58n57fd21q5gxvzj8y1xvdg,Eder Mallo Fernández,UD Las Palmas,Málaga CF,Carlos Dotor,0,0,0,0,2,1,0,0,9,0,0,0,0,1,1
30,31 Aug 2025,,3w58n57fd21q5gxvzj8y1xvdg,Eder Mallo Fernández,UD Las Palmas,Málaga CF,Adrián Niño,0,0,0,0,0,0,0,0,8,0,0,0,0,1,0
30,31 Aug 2025,,3w58n57fd21q5gxvzj8y1xvdg,Eder Mallo Fernández,UD Las Palmas,Málaga CF,Julen Lobete,0,1,0,0,2,1,0,0,6,0,0,1,0,1,0
30,31 Aug 2025,,3w58n57fd21q5gxvzj8y1xvdg,Eder Mallo Fernández,UD Las Palmas,Málaga CF,Einar Galilea,0,0,0,0,0,0,0,0,0,0,0,0,0,0,0
31,31 Aug 2025,,3winkuyj8v07czphjnjlvfaj8,Álvaro Moreno Aragón,FC Andorra,Burgos CF,L. de León,0,0,0,0,0,2,0,0,14,0,0,1,1,2,0
31,31 Aug 2025,,3winkuyj8v07czphjnjlvfaj8,Álvaro Moreno Aragón,FC Andorra,Burgos CF,Sergio Molina,0,0,1,1,1,0,0,0,49,0,0,1,1,1,0
31,31 Aug 2025,,3winkuyj8v07czphjnjlvfaj8,Álvaro Moreno Aragón,FC Andorra,Burgos CF,Imanol García de Albéniz,0,0,2,9,0,0,0,0,74,0,0,1,0,1,0
31,31 Aug 2025,,3winkuyj8v07czphjnjlvfaj8,Álvaro Moreno Aragón,FC Andorra,Burgos CF,Bomba,0,0,0,0,0,0,0,0,70,0,0,0,0,1,0
31,31 Aug 2025,,3winkuyj8v07czphjnjlvfaj8,Álvaro Moreno Aragón,FC Andorra,Burgos CF,Gael Alonso,0,0,0,0,1,0,0,0,65,0,0,0,0,2,1
31,31 Aug 2025,,3winkuyj8v07czphjnjlvfaj8,Álvaro Moreno Aragón,FC Andorra,Burgos CF,Aingeru Olabarrieta,0,0,0,2,0,4,0,0,17,0,0,2,1,0,0
31,31 Aug 2025,,3winkuyj8v07czphjnjlvfaj8,Álvaro Moreno Aragón,FC Andorra,Burgos CF,Áron Yaakobishvili,0,0,0,0,0,0,0,0,38,0,3,0,0,0,0
31,31 Aug 2025,,3winkuyj8v07czphjnjlvfaj8,Álvaro Moreno Aragón,FC Andorra,Burgos CF,Kim Min-Su,1,2,1,0,1,0,1,0,35,0,0,4,1,0,0
31,31 Aug 2025,,3winkuyj8v07czphjnjlvfaj8,Álvaro Moreno Aragón,FC Andorra,Burgos CF,Álex Petxa,0,0,0,1,0,2,0,0,25,0,0,0,0,1,0
31,31 Aug 2025,,3winkuyj8v07czphjnjlvfaj8,Álvaro Moreno Aragón,FC Andorra,Burgos CF,Marc Domènech,0,0,0,1,3,0,1,0,26,0,0,1,1,2,0
31,31 Aug 2025,,3winkuyj8v07czphjnjlvfaj8,Álvaro Moreno Aragón,FC Andorra,Burgos CF,Dani Villahermosa,1,1,1,0,4,0,0,0,47,0,0,1,0,4,0
31,31 Aug 2025,,3winkuyj8v07czphjnjlvfaj8,Álvaro Moreno Aragón,FC Andorra,Burgos CF,T. Carrique,0,1,0,1,0,0,0,0,10,0,0,1,0,0,0
31,31 Aug 2025,,3winkuyj8v07czphjnjlvfaj8,Álvaro Moreno Aragón,FC Andorra,Burgos CF,Jastin García,0,0,0,0,0,1,0,0,4,0,0,1,0,0,0
31,31 Aug 2025,,3winkuyj8v07czphjnjlvfaj8,Álvaro Moreno Aragón,FC Andorra,Burgos CF,Manu Nieto,0,0,0,0,1,0,0,0,10,0,0,1,0,0,0
31,31 Aug 2025,,3winkuyj8v07czphjnjlvfaj8,Álvaro Moreno Aragón,FC Andorra,Burgos CF,T. Le Normand,0,0,0,0,0,0,0,0,3,0,0,0,0,0,0
31,31 Aug 2025,,3winkuyj8v07czphjnjlvfaj8,Álvaro Moreno Aragón,FC Andorra,Burgos CF,Antal Yaakobishvili,0,0,0,0,0,0,0,0,1,0,0,0,0,0,0
31,31 Aug 2025,,3winkuyj8v07czphjnjlvfaj8,Álvaro Moreno Aragón,FC Andorra,Burgos CF,F. Miguel,1,0,0,3,2,0,0,0,48,0,0,0,0,1,0
31,31 Aug 2025,,3winkuyj8v07czphjnjlvfaj8,Álvaro Moreno Aragón,FC Andorra,Burgos CF,Iñigo Córdoba,0,0,0,0,2,0,0,0,15,0,0,2,0,1,0
31,31 Aug 2025,,3winkuyj8v07czphjnjlvfaj8,Álvaro Moreno Aragón,FC Andorra,Burgos CF,Ander Cantero,0,0,0,0,0,0,0,0,17,0,3,0,0,0,0
31,31 Aug 2025,,3winkuyj8v07czphjnjlvfaj8,Álvaro Moreno Aragón,FC Andorra,Burgos CF,Grego Sierra,0,0,0,0,2,1,0,0,63,0,0,1,0,0,0
31,31 Aug 2025,,3winkuyj8v07czphjnjlvfaj8,Álvaro Moreno Aragón,FC Andorra,Burgos CF,Miguel Atienza,0,0,0,0,1,0,0,0,24,0,0,0,0,1,1
31,31 Aug 2025,,3winkuyj8v07czphjnjlvfaj8,Álvaro Moreno Aragón,FC Andorra,Burgos CF,A. Arroyo,0,0,1,2,1,2,0,0,49,0,0,0,0,3,0
31,31 Aug 2025,,3winkuyj8v07czphjnjlvfaj8,Álvaro Moreno Aragón,FC Andorra,Burgos CF,Curro Sánchez,0,0,1,2,0,1,0,0,38,0,0,1,0,0,0
31,31 Aug 2025,,3winkuyj8v07czphjnjlvfaj8,Álvaro Moreno Aragón,FC Andorra,Burgos CF,David González,0,2,0,1,0,3,0,0,19,0,0,2,0,3,0
31,31 Aug 2025,,3winkuyj8v07czphjnjlvfaj8,Álvaro Moreno Aragón,FC Andorra,Burgos CF,Aitor Córdoba,0,0,0,0,0,0,0,0,57,0,0,1,1,1,0
31,31 Aug 2025,,3winkuyj8v07czphjnjlvfaj8,Álvaro Moreno Aragón,FC Andorra,Burgos CF,Fer Niño,0,1,1,0,1,2,1,1,24,0,0,2,1,2,0
31,31 Aug 2025,,3winkuyj8v07czphjnjlvfaj8,Álvaro Moreno Aragón,FC Andorra,Burgos CF,Iván Morante,0,0,0,0,1,1,0,1,48,0,0,0,0,1,0
31,31 Aug 2025,,3winkuyj8v07czphjnjlvfaj8,Álvaro Moreno Aragón,FC Andorra,Burgos CF,Iván Chapela,0,1,0,2,1,0,0,0,24,0,0,2,1,1,1
31,31 Aug 2025,,3winkuyj8v07czphjnjlvfaj8,Álvaro Moreno Aragón,FC Andorra,Burgos CF,K. Appin,0,0,1,1,0,0,0,0,11,0,0,0,0,0,0
31,31 Aug 2025,,3winkuyj8v07czphjnjlvfaj8,Álvaro Moreno Aragón,FC Andorra,Burgos CF,Mario González,0,0,0,0,0,0,0,1,4,0,0,0,0,0,0
31,31 Aug 2025,,3winkuyj8v07czphjnjlvfaj8,Álvaro Moreno Aragón,FC Andorra,Burgos CF,Mario Cantero,0,0,0,0,0,0,0,0,7,0,0,1,1,0,0
31,31 Aug 2025,,3winkuyj8v07czphjnjlvfaj8,Álvaro Moreno Aragón,FC Andorra,Burgos CF,M. Mejía,0,0,0,2,0,1,0,1,1,0,0,0,0,1,0
32,31 Aug 2025,,3wwa8zb7svqx15kgtsicxzeok,Miguel González Díaz,Cádiz CF,Albacete Balompié,B. Kovačević,0,0,0,0,1,0,0,0,41,0,0,0,0,3,1
32,31 Aug 2025,,3wwa8zb7svqx15kgtsicxzeok,Miguel González Díaz,Cádiz CF,Albacete Balompié,Mario Climent,0,0,2,1,1,1,0,0,32,0,0,0,0,1,1
32,31 Aug 2025,,3wwa8zb7svqx15kgtsicxzeok,Miguel González Díaz,Cádiz CF,Albacete Balompié,B. Ocampo,0,2,1,2,2,1,1,0,28,0,0,4,1,1,0
32,31 Aug 2025,,3wwa8zb7svqx15kgtsicxzeok,Miguel González Díaz,Cádiz CF,Albacete Balompié,Iker Recio,0,0,1,0,3,2,0,0,58,0,0,0,0,0,1
32,31 Aug 2025,,3wwa8zb7svqx15kgtsicxzeok,Miguel González Díaz,Cádiz CF,Albacete Balompié,Victor Aznar,0,0,0,0,0,0,0,0,30,0,3,0,0,0,0
32,31 Aug 2025,,3wwa8zb7svqx15kgtsicxzeok,Miguel González Díaz,Cádiz CF,Albacete Balompié,Iza Carcelén,0,0,1,5,0,1,0,0,42,0,0,0,0,1,0
32,31 Aug 2025,,3wwa8zb7svqx15kgtsicxzeok,Miguel González Díaz,Cádiz CF,Albacete Balompié,M. Diakité,0,0,0,0,1,1,0,0,42,0,0,0,0,1,0
32,31 Aug 2025,,3wwa8zb7svqx15kgtsicxzeok,Miguel González Díaz,Cádiz CF,Albacete Balompié,José de la Rosa,0,0,1,0,2,1,0,0,8,0,0,0,0,0,1
32,31 Aug 2025,,3wwa8zb7svqx15kgtsicxzeok,Miguel González Díaz,Cádiz CF,Albacete Balompié,Suso,1,1,0,8,0,1,0,1,32,0,0,1,0,2,0
32,31 Aug 2025,,3wwa8zb7svqx15kgtsicxzeok,Miguel González Díaz,Cádiz CF,Albacete Balompié,Y. Diarra,0,0,0,0,2,0,0,0,29,0,0,0,0,1,0
32,31 Aug 2025,,3wwa8zb7svqx15kgtsicxzeok,Miguel González Díaz,Cádiz CF,Albacete Balompié,Álvaro García Pascual,0,0,0,0,1,4,0,1,13,0,0,0,0,1,0
32,31 Aug 2025,,3wwa8zb7svqx15kgtsicxzeok,Miguel González Díaz,Cádiz CF,Albacete Balompié,Álex Fernández,0,0,1,2,0,0,0,0,26,0,0,0,0,1,0
32,31 Aug 2025,,3wwa8zb7svqx15kgtsicxzeok,Miguel González Díaz,Cádiz CF,Albacete Balompié,Roger,0,0,0,1,1,0,0,0,5,0,0,0,0,1,0
32,31 Aug 2025,,3wwa8zb7svqx15kgtsicxzeok,Miguel González Díaz,Cádiz CF,Albacete Balompié,A. Caicedo,0,0,0,2,0,0,0,0,10,0,0,0,0,0,0
32,31 Aug 2025,,3wwa8zb7svqx15kgtsicxzeok,Miguel González Díaz,Cádiz CF,Albacete Balompié,I. Tabatadze,0,0,0,0,0,0,1,0,1,0,0,1,1,1,0
32,31 Aug 2025,,3wwa8zb7svqx15kgtsicxzeok,Miguel González Díaz,Cádiz CF,Albacete Balompié,I. Obeng,0,0,0,0,1,0,0,0,2,0,0,0,0,0,0
32,31 Aug 2025,,3wwa8zb7svqx15kgtsicxzeok,Miguel González Díaz,Cádiz CF,Albacete Balompié,Jefté Betancor,0,0,0,0,1,0,0,1,6,0,0,0,0,0,1
32,31 Aug 2025,,3wwa8zb7svqx15kgtsicxzeok,Miguel González Díaz,Cádiz CF,Albacete Balompié,Agus Medina,0,0,1,3,0,1,0,0,27,0,0,1,1,1,0
32,31 Aug 2025,,3wwa8zb7svqx15kgtsicxzeok,Miguel González Díaz,Cádiz CF,Albacete Balompié,Riki Rodríguez,0,1,0,1,0,1,0,0,41,0,0,2,0,0,0
32,31 Aug 2025,,3wwa8zb7svqx15kgtsicxzeok,Miguel González Díaz,Cádiz CF,Albacete Balompié,Javi Villar,0,0,0,0,1,1,0,0,44,0,0,0,0,1,0
32,31 Aug 2025,,3wwa8zb7svqx15kgtsicxzeok,Miguel González Díaz,Cádiz CF,Albacete Balompié,Javi Moreno,0,0,0,0,3,0,0,0,36,0,0,0,0,1,0
32,31 Aug 2025,,3wwa8zb7svqx15kgtsicxzeok,Miguel González Díaz,Cádiz CF,Albacete Balompié,J. Gómez,0,0,0,0,0,0,0,0,14,0,0,0,0,0,0
32,31 Aug 2025,,3wwa8zb7svqx15kgtsicxzeok,Miguel González Díaz,Cádiz CF,Albacete Balompié,Ale Meléndez,0,0,0,0,2,4,0,0,53,0,0,0,0,3,0
32,31 Aug 2025,,3wwa8zb7svqx15kgtsicxzeok,Miguel González Díaz,Cádiz CF,Albacete Balompié,Fran Gámez,0,0,1,11,0,0,0,0,42,0,0,0,0,5,0
32,31 Aug 2025,,3wwa8zb7svqx15kgtsicxzeok,Miguel González Díaz,Cádiz CF,Albacete Balompié,Antonio Puertas,0,0,1,2,2,2,1,0,23,0,0,2,1,0,1
32,31 Aug 2025,,3wwa8zb7svqx15kgtsicxzeok,Miguel González Díaz,Cádiz CF,Albacete Balompié,Jon Morcillo,0,0,1,12,0,1,0,0,18,0,0,2,1,0,0
32,31 Aug 2025,,3wwa8zb7svqx15kgtsicxzeok,Miguel González Díaz,Cádiz CF,Albacete Balompié,Diego Mariño,0,0,0,0,0,0,0,0,24,0,0,0,0,0,0
32,31 Aug 2025,,3wwa8zb7svqx15kgtsicxzeok,Miguel González Díaz,Cádiz CF,Albacete Balompié,Víctor Valverde,0,0,0,3,0,2,0,2,15,0,0,1,0,1,0
32,31 Aug 2025,,3wwa8zb7svqx15kgtsicxzeok,Miguel González Díaz,Cádiz CF,Albacete Balompié,Dani Escriche,0,1,0,0,2,3,0,0,7,0,0,2,0,1,1
32,31 Aug 2025,,3wwa8zb7svqx15kgtsicxzeok,Miguel González Díaz,Cádiz CF,Albacete Balompié,Higinio Marín,0,0,0,0,2,0,0,0,2,1,0,1,0,0,0
32,31 Aug 2025,,3wwa8zb7svqx15kgtsicxzeok,Miguel González Díaz,Cádiz CF,Albacete Balompié,Daniel Bernabéu,0,0,0,0,0,0,0,0,2,0,0,0,0,0,0
32,31 Aug 2025,,3wwa8zb7svqx15kgtsicxzeok,Miguel González Díaz,Cádiz CF,Albacete Balompié,José Carlos Lazo,0,0,0,0,0,0,0,0,2,0,0,1,1,0,0
33,30 Aug 2025,,3x9tx9mdkx3f9q5b3ebajsf10,Lluís Bestard Servera,Real Racing Club,AD Ceuta FC,Jorge Salinas,0,0,1,1,5,0,0,0,57,0,0,0,0,4,0
33,30 Aug 2025,,3x9tx9mdkx3f9q5b3ebajsf10,Lluís Bestard Servera,Real Racing Club,AD Ceuta FC,Manu Hernando,0,0,0,0,1,0,0,0,51,0,0,0,0,0,0
33,30 Aug 2025,,3x9tx9mdkx3f9q5b3ebajsf10,Lluís Bestard Servera,Real Racing Club,AD Ceuta FC,Marco Sangalli,0,1,1,0,3,0,0,0,46,0,0,1,0,0,0
33,30 Aug 2025,,3x9tx9mdkx3f9q5b3ebajsf10,Lluís Bestard Servera,Real Racing Club,AD Ceuta FC,Aritz Aldasoro,0,0,0,1,3,0,0,0,55,0,0,0,0,2,0
33,30 Aug 2025,,3x9tx9mdkx3f9q5b3ebajsf10,Lluís Bestard Servera,Real Racing Club,AD Ceuta FC,Iñigo Vicente,1,0,0,4,1,0,2,0,82,0,0,2,2,1,0
33,30 Aug 2025,,3x9tx9mdkx3f9q5b3ebajsf10,Lluís Bestard Servera,Real Racing Club,AD Ceuta FC,Andrés Martín,0,1,0,2,1,3,0,2,47,0,0,4,1,2,0
33,30 Aug 2025,,3x9tx9mdkx3f9q5b3ebajsf10,Lluís Bestard Servera,Real Racing Club,AD Ceuta FC,Peio Canales,1,0,0,1,0,2,0,1,101,0,0,0,0,3,0
33,30 Aug 2025,,3x9tx9mdkx3f9q5b3ebajsf10,Lluís Bestard Servera,Real Racing Club,AD Ceuta FC,Javi Castro,0,0,0,0,2,0,0,0,53,0,0,0,0,3,0
33,30 Aug 2025,,3x9tx9mdkx3f9q5b3ebajsf10,Lluís Bestard Servera,Real Racing Club,AD Ceuta FC,Asier Villalibre,1,0,0,0,1,0,1,0,11,0,0,3,2,0,0
33,30 Aug 2025,,3x9tx9mdkx3f9q5b3ebajsf10,Lluís Bestard Servera,Real Racing Club,AD Ceuta FC,Álvaro Mantilla,0,0,0,0,1,1,0,0,21,0,0,1,0,1,0
33,30 Aug 2025,,3x9tx9mdkx3f9q5b3ebajsf10,Lluís Bestard Servera,Real Racing Club,AD Ceuta FC,Jokin Ezkieta,0,0,0,0,0,0,0,0,20,0,0,0,0,0,0
33,30 Aug 2025,,3x9tx9mdkx3f9q5b3ebajsf10,Lluís Bestard Servera,Real Racing Club,AD Ceuta FC,Íñigo Sainz-Maza,0,0,0,0,0,0,0,0,20,0,0,1,0,3,0
33,30 Aug 2025,,3x9tx9mdkx3f9q5b3ebajsf10,Lluís Bestard Servera,Real Racing Club,AD Ceuta FC,J. Arévalo,0,0,0,0,0,1,1,0,6,0,0,2,2,0,0
33,30 Aug 2025,,3x9tx9mdkx3f9q5b3ebajsf10,Lluís Bestard Servera,Real Racing Club,AD Ceuta FC,Yeray Cabanzón,0,1,2,1,1,0,0,0,5,0,0,2,1,1,0
33,30 Aug 2025,,3x9tx9mdkx3f9q5b3ebajsf10,Lluís Bestard Servera,Real Racing Club,AD Ceuta FC,Sergio Martínez,0,0,1,0,0,0,0,0,21,0,0,1,1,0,0
33,30 Aug 2025,,3x9tx9mdkx3f9q5b3ebajsf10,Lluís Bestard Servera,Real Racing Club,AD Ceuta FC,Santiago Franco de la Torre,0,0,0,0,0,0,0,0,0,0,0,0,0,0,0
33,30 Aug 2025,,3x9tx9mdkx3f9q5b3ebajsf10,Lluís Bestard Servera,Real Racing Club,AD Ceuta FC,Marcos Fernández,0,0,0,0,1,1,0,0,12,0,0,1,0,1,0
33,30 Aug 2025,,3x9tx9mdkx3f9q5b3ebajsf10,Lluís Bestard Servera,Real Racing Club,AD Ceuta FC,A. Tuhami,0,0,0,0,1,3,0,0,16,1,0,0,0,2,0
33,30 Aug 2025,,3x9tx9mdkx3f9q5b3ebajsf10,Lluís Bestard Servera,Real Racing Club,AD Ceuta FC,Aisar,0,0,0,0,0,1,0,0,30,0,0,0,0,2,0
33,30 Aug 2025,,3x9tx9mdkx3f9q5b3ebajsf10,Lluís Bestard Servera,Real Racing Club,AD Ceuta FC,Gonzalo Almenara,0,0,0,0,0,0,0,0,15,0,0,1,0,1,0
33,30 Aug 2025,,3x9tx9mdkx3f9q5b3ebajsf10,Lluís Bestard Servera,Real Racing Club,AD Ceuta FC,Kuki Zalazar,0,1,0,1,1,4,0,0,28,0,0,3,0,1,0
33,30 Aug 2025,,3x9tx9mdkx3f9q5b3ebajsf10,Lluís Bestard Servera,Real Racing Club,AD Ceuta FC,Carlos Hernández,0,0,0,0,1,0,0,0,29,0,0,0,0,1,0
33,30 Aug 2025,,3x9tx9mdkx3f9q5b3ebajsf10,Lluís Bestard Servera,Real Racing Club,AD Ceuta FC,Capa,0,1,0,0,0,3,0,0,26,0,0,1,0,3,0
33,30 Aug 2025,,3x9tx9mdkx3f9q5b3ebajsf10,Lluís Bestard Servera,Real Racing Club,AD Ceuta FC,Pedro López,0,0,0,0,0,0,0,0,38,0,5,0,0,0,0
33,30 Aug 2025,,3x9tx9mdkx3f9q5b3ebajsf10,Lluís Bestard Servera,Real Racing Club,AD Ceuta FC,Rubén Díez,0,0,0,1,0,1,1,0,38,0,0,1,1,1,0
33,30 Aug 2025,,3x9tx9mdkx3f9q5b3ebajsf10,Lluís Bestard Servera,Real Racing Club,AD Ceuta FC,E. Ugiagbe,0,1,1,3,0,4,0,1,17,0,0,2,0,0,0
33,30 Aug 2025,,3x9tx9mdkx3f9q5b3ebajsf10,Lluís Bestard Servera,Real Racing Club,AD Ceuta FC,José Matos,0,0,0,0,2,1,0,0,26,0,0,0,0,0,1
33,30 Aug 2025,,3x9tx9mdkx3f9q5b3ebajsf10,Lluís Bestard Servera,Real Racing Club,AD Ceuta FC,A. Bassinga,0,0,0,0,0,1,0,0,22,0,0,1,0,2,0
33,30 Aug 2025,,3x9tx9mdkx3f9q5b3ebajsf10,Lluís Bestard Servera,Real Racing Club,AD Ceuta FC,Cristian Rodríguez,0,0,0,1,0,0,0,0,15,0,0,0,0,0,0
33,30 Aug 2025,,3x9tx9mdkx3f9q5b3ebajsf10,Lluís Bestard Servera,Real Racing Club,AD Ceuta FC,Redru,0,0,0,0,0,0,0,0,6,0,0,0,0,0,0
33,30 Aug 2025,,3x9tx9mdkx3f9q5b3ebajsf10,Lluís Bestard Servera,Real Racing Club,AD Ceuta FC,Juanto Ortuño,0,0,0,0,0,0,0,0,3,0,0,1,0,0,0
33,30 Aug 2025,,3x9tx9mdkx3f9q5b3ebajsf10,Lluís Bestard Servera,Real Racing Club,AD Ceuta FC,Yago Cantero,0,0,0,0,1,0,0,0,3,0,0,0,0,0,0
34,5 Sep 2025,,3xnbfjznzmnwml20akbgnis5w,Jon Ander González Esteban,Córdoba FC,CD Castellón,Jacobo González,0,0,2,2,4,0,1,1,31,0,0,4,3,5,1
34,5 Sep 2025,,3xnbfjznzmnwml20akbgnis5w,Jon Ander González Esteban,Córdoba FC,CD Castellón,Ignasi Vilarrasa,0,1,0,3,0,1,0,0,21,0,0,1,0,0,0
34,5 Sep 2025,,3xnbfjznzmnwml20akbgnis5w,Jon Ander González Esteban,Córdoba FC,CD Castellón,Carlos Albarrán,0,0,1,2,1,0,0,0,26,0,0,0,0,2,0
34,5 Sep 2025,,3xnbfjznzmnwml20akbgnis5w,Jon Ander González Esteban,Córdoba FC,CD Castellón,Cristian Carracedo,0,0,0,3,2,0,0,0,19,0,0,0,0,2,1
34,5 Sep 2025,,3xnbfjznzmnwml20akbgnis5w,Jon Ander González Esteban,Córdoba FC,CD Castellón,F. Fomeyem,0,0,0,0,0,0,0,0,30,0,0,1,0,1,0
34,5 Sep 2025,,3xnbfjznzmnwml20akbgnis5w,Jon Ander González Esteban,Córdoba FC,CD Castellón,Carlos Marín,0,0,0,0,0,0,0,0,38,0,1,0,0,0,0
34,5 Sep 2025,,3xnbfjznzmnwml20akbgnis5w,Jon Ander González Esteban,Córdoba FC,CD Castellón,Pedro Ortiz,0,0,0,0,0,0,0,0,6,0,0,0,0,0,0
34,5 Sep 2025,,3xnbfjznzmnwml20akbgnis5w,Jon Ander González Esteban,Córdoba FC,CD Castellón,Xavi Sintes,0,0,0,0,1,2,0,0,46,0,0,0,0,2,0
34,5 Sep 2025,,3xnbfjznzmnwml20akbgnis5w,Jon Ander González Esteban,Córdoba FC,CD Castellón,T. Zidane,0,0,0,3,1,1,0,0,22,0,0,0,0,1,0
34,5 Sep 2025,,3xnbfjznzmnwml20akbgnis5w,Jon Ander González Esteban,Córdoba FC,CD Castellón,Sergi Guardiola,0,0,0,0,1,5,0,0,21,0,0,1,1,3,0
34,5 Sep 2025,,3xnbfjznzmnwml20akbgnis5w,Jon Ander González Esteban,Córdoba FC,CD Castellón,Isma Ruiz,0,0,0,0,0,3,0,0,32,0,0,0,0,1,0
34,5 Sep 2025,,3xnbfjznzmnwml20akbgnis5w,Jon Ander González Esteban,Córdoba FC,CD Castellón,Kevin Medina,0,0,0,1,2,1,1,0,10,0,0,2,1,1,0
34,5 Sep 2025,,3xnbfjznzmnwml20akbgnis5w,Jon Ander González Esteban,Córdoba FC,CD Castellón,Juan María Alcedo,0,0,1,0,0,1,0,0,15,0,0,1,0,2,0
34,5 Sep 2025,,3xnbfjznzmnwml20akbgnis5w,Jon Ander González Esteban,Córdoba FC,CD Castellón,Dani Requena,0,0,0,1,1,1,0,0,14,0,0,0,0,5,0
34,5 Sep 2025,,3xnbfjznzmnwml20akbgnis5w,Jon Ander González Esteban,Córdoba FC,CD Castellón,Alberto del Moral,0,0,0,0,1,0,0,0,4,0,0,0,0,0,0
34,5 Sep 2025,,3xnbfjznzmnwml20akbgnis5w,Jon Ander González Esteban,Córdoba FC,CD Castellón,Fuentes,0,0,0,0,1,0,0,0,2,0,0,0,0,0,0
34,5 Sep 2025,,3xnbfjznzmnwml20akbgnis5w,Jon Ander González Esteban,Córdoba FC,CD Castellón,Pablo Santiago,0,1,1,0,1,0,0,0,18,0,0,2,0,0,0
34,5 Sep 2025,,3xnbfjznzmnwml20akbgnis5w,Jon Ander González Esteban,Córdoba FC,CD Castellón,A. Abedzadeh,0,0,0,0,0,0,0,0,35,0,3,0,0,0,0
34,5 Sep 2025,,3xnbfjznzmnwml20akbgnis5w,Jon Ander González Esteban,Córdoba FC,CD Castellón,A. Jakobsen,0,0,1,0,2,1,0,0,17,0,0,0,0,1,0
34,5 Sep 2025,,3xnbfjznzmnwml20akbgnis5w,Jon Ander González Esteban,Córdoba FC,CD Castellón,Cala,1,1,0,1,4,3,0,0,26,0,0,2,1,3,0
34,5 Sep 2025,,3xnbfjznzmnwml20akbgnis5w,Jon Ander González Esteban,Córdoba FC,CD Castellón,A. Mabil,0,0,1,2,1,0,0,2,23,0,0,0,0,3,0
34,5 Sep 2025,,3xnbfjznzmnwml20akbgnis5w,Jon Ander González Esteban,Córdoba FC,CD Castellón,J. Mellot,0,0,0,0,1,1,0,0,44,0,0,0,0,0,0
34,5 Sep 2025,,3xnbfjznzmnwml20akbgnis5w,Jon Ander González Esteban,Córdoba FC,CD Castellón,Salva Ruiz,0,0,0,0,0,1,0,0,13,0,0,0,0,2,0
34,5 Sep 2025,,3xnbfjznzmnwml20akbgnis5w,Jon Ander González Esteban,Córdoba FC,CD Castellón,B. Cipenga,0,0,1,3,0,4,1,1,21,0,0,1,1,2,0
34,5 Sep 2025,,3xnbfjznzmnwml20akbgnis5w,Jon Ander González Esteban,Córdoba FC,CD Castellón,Barri,0,0,0,0,0,1,0,0,36,0,0,0,0,1,0
34,5 Sep 2025,,3xnbfjznzmnwml20akbgnis5w,Jon Ander González Esteban,Córdoba FC,CD Castellón,A. Sienra,0,0,0,0,4,0,0,0,31,0,0,0,0,1,0
34,5 Sep 2025,,3xnbfjznzmnwml20akbgnis5w,Jon Ander González Esteban,Córdoba FC,CD Castellón,F. Brignani,0,0,0,1,1,1,0,0,21,0,0,0,0,1,0
34,5 Sep 2025,,3xnbfjznzmnwml20akbgnis5w,Jon Ander González Esteban,Córdoba FC,CD Castellón,Beñat Gerenabarrena,0,0,0,0,1,1,0,0,14,0,0,0,0,1,0
34,5 Sep 2025,,3xnbfjznzmnwml20akbgnis5w,Jon Ander González Esteban,Córdoba FC,CD Castellón,Israel Suero,0,0,0,0,0,0,0,0,11,0,0,0,0,2,0
34,5 Sep 2025,,3xnbfjznzmnwml20akbgnis5w,Jon Ander González Esteban,Córdoba FC,CD Castellón,Alberto Jiménez,0,0,0,0,0,1,0,0,12,0,0,0,0,2,0
34,5 Sep 2025,,3xnbfjznzmnwml20akbgnis5w,Jon Ander González Esteban,Córdoba FC,CD Castellón,O. Camara,0,0,0,0,1,0,0,0,3,0,0,1,0,0,0
34,5 Sep 2025,,3xnbfjznzmnwml20akbgnis5w,Jon Ander González Esteban,Córdoba FC,CD Castellón,T. De Nipoti,0,0,0,0,1,0,0,0,9,0,0,0,0,0,0
35,6 Sep 2025,,3y2bnssfqlajosiz2gpkn6xhw,Salvador Lax Franco,Málaga CF,Granada CF,David Larrubia,1,0,0,1,1,1,0,0,24,0,0,1,0,6,0
35,6 Sep 2025,,3y2bnssfqlajosiz2gpkn6xhw,Salvador Lax Franco,Málaga CF,Granada CF,Juanpe,1,0,0,0,1,2,0,0,49,0,0,0,0,2,1
35,6 Sep 2025,,3y2bnssfqlajosiz2gpkn6xhw,Salvador Lax Franco,Málaga CF,Granada CF,Javi Montero,0,0,1,0,1,1,0,0,60,0,0,0,0,3,1
35,6 Sep 2025,,3y2bnssfqlajosiz2gpkn6xhw,Salvador Lax Franco,Málaga CF,Granada CF,Dani Sánchez,0,1,1,4,0,1,0,0,29,0,0,1,0,1,0
35,6 Sep 2025,,3y2bnssfqlajosiz2gpkn6xhw,Salvador Lax Franco,Málaga CF,Granada CF,Diego Murillo,0,0,0,0,2,1,0,0,59,0,0,0,0,2,0
35,6 Sep 2025,,3y2bnssfqlajosiz2gpkn6xhw,Salvador Lax Franco,Málaga CF,Granada CF,Alfonso Herrero,0,0,0,0,0,1,0,0,36,0,5,0,0,0,0
35,6 Sep 2025,,3y2bnssfqlajosiz2gpkn6xhw,Salvador Lax Franco,Málaga CF,Granada CF,Izan Merino,0,0,0,0,0,0,0,0,37,0,0,1,1,2,0
35,6 Sep 2025,,3y2bnssfqlajosiz2gpkn6xhw,Salvador Lax Franco,Málaga CF,Granada CF,Carlos Puga,0,0,0,0,1,1,0,0,13,0,0,0,0,2,0
35,6 Sep 2025,,3y2bnssfqlajosiz2gpkn6xhw,Salvador Lax Franco,Málaga CF,Granada CF,Chupe,0,0,0,1,1,0,2,0,18,0,0,3,2,1,0
35,6 Sep 2025,,3y2bnssfqlajosiz2gpkn6xhw,Salvador Lax Franco,Málaga CF,Granada CF,Rafa Rodríguez,0,0,0,0,6,0,0,0,10,0,0,1,0,0,0
35,6 Sep 2025,,3y2bnssfqlajosiz2gpkn6xhw,Salvador Lax Franco,Málaga CF,Granada CF,Joaquín Muñoz,0,0,0,1,0,2,0,0,12,0,0,0,0,2,0
35,6 Sep 2025,,3y2bnssfqlajosiz2gpkn6xhw,Salvador Lax Franco,Málaga CF,Granada CF,Jokin Gabilondo,0,0,0,2,0,1,0,0,17,0,0,0,0,0,0
35,6 Sep 2025,,3y2bnssfqlajosiz2gpkn6xhw,Salvador Lax Franco,Málaga CF,Granada CF,Julen Lobete,0,0,0,1,1,0,0,0,11,0,0,0,0,1,0
35,6 Sep 2025,,3y2bnssfqlajosiz2gpkn6xhw,Salvador Lax Franco,Málaga CF,Granada CF,Carlos Dotor,0,0,0,0,1,0,0,0,16,0,0,1,0,1,0
35,6 Sep 2025,,3y2bnssfqlajosiz2gpkn6xhw,Salvador Lax Franco,Málaga CF,Granada CF,A. Ochoa,0,0,0,0,0,1,0,0,4,0,0,0,0,0,0
35,6 Sep 2025,,3y2bnssfqlajosiz2gpkn6xhw,Salvador Lax Franco,Málaga CF,Granada CF,Eneko Jauregi,0,0,0,0,1,0,0,0,1,0,0,0,0,1,0
35,6 Sep 2025,,3y2bnssfqlajosiz2gpkn6xhw,Salvador Lax Franco,Málaga CF,Granada CF,Álex Sola,0,1,0,3,0,1,0,0,28,0,0,1,0,4,0
35,6 Sep 2025,,3y2bnssfqlajosiz2gpkn6xhw,Salvador Lax Franco,Málaga CF,Granada CF,S. Faye,0,0,0,2,2,1,0,0,23,0,0,1,0,1,0
35,6 Sep 2025,,3y2bnssfqlajosiz2gpkn6xhw,Salvador Lax Franco,Málaga CF,Granada CF,Loïc Williams,0,0,0,0,0,2,0,0,51,0,0,0,0,3,0
35,6 Sep 2025,,3y2bnssfqlajosiz2gpkn6xhw,Salvador Lax Franco,Málaga CF,Granada CF,M. Bouldini,1,0,0,0,2,1,0,3,13,0,0,0,0,0,1
35,6 Sep 2025,,3y2bnssfqlajosiz2gpkn6xhw,Salvador Lax Franco,Málaga CF,Granada CF,Pablo Sáenz,0,2,0,1,1,1,0,0,21,0,0,6,2,0,0
35,6 Sep 2025,,3y2bnssfqlajosiz2gpkn6xhw,Salvador Lax Franco,Málaga CF,Granada CF,O. Oppong,0,0,0,2,1,3,0,0,26,0,0,1,1,1,0
35,6 Sep 2025,,3y2bnssfqlajosiz2gpkn6xhw,Salvador Lax Franco,Málaga CF,Granada CF,Manu Lama,0,0,1,0,0,1,0,0,36,0,0,0,0,4,0
35,6 Sep 2025,,3y2bnssfqlajosiz2gpkn6xhw,Salvador Lax Franco,Málaga CF,Granada CF,Sergio Ruiz,0,0,0,1,0,2,0,1,29,0,0,0,0,4,0
35,6 Sep 2025,,3y2bnssfqlajosiz2gpkn6xhw,Salvador Lax Franco,Málaga CF,Granada CF,L. Zidane,0,0,0,0,0,0,0,0,31,0,1,0,0,0,0
35,6 Sep 2025,,3y2bnssfqlajosiz2gpkn6xhw,Salvador Lax Franco,Málaga CF,Granada CF,Pedro Alemañ,0,0,0,0,2,2,1,0,23,0,0,2,1,2,0
35,6 Sep 2025,,3y2bnssfqlajosiz2gpkn6xhw,Salvador Lax Franco,Málaga CF,Granada CF,Pau Casadesús,0,0,0,1,0,0,1,0,13,0,0,1,1,0,0
35,6 Sep 2025,,3y2bnssfqlajosiz2gpkn6xhw,Salvador Lax Franco,Málaga CF,Granada CF,Jorge Pascual,0,0,0,0,1,2,0,0,15,0,0,2,1,0,0
35,6 Sep 2025,,3y2bnssfqlajosiz2gpkn6xhw,Salvador Lax Franco,Málaga CF,Granada CF,Rubén Alcaraz,0,0,0,0,1,0,0,0,13,0,0,1,0,0,0
35,6 Sep 2025,,3y2bnssfqlajosiz2gpkn6xhw,Salvador Lax Franco,Málaga CF,Granada CF,Diego Hormigo,0,1,0,0,3,0,0,0,4,0,0,1,0,1,0
35,6 Sep 2025,,3y2bnssfqlajosiz2gpkn6xhw,Salvador Lax Franco,Málaga CF,Granada CF,José Arnáiz,0,0,0,3,0,0,0,0,4,0,0,0,0,0,0
35,6 Sep 2025,,3y2bnssfqlajosiz2gpkn6xhw,Salvador Lax Franco,Málaga CF,Granada CF,Sergio Rodelas,0,0,0,2,0,0,0,0,2,0,0,2,1,0,0
36,7 Sep 2025,,3yfqaeh425kzscbspp2osd82c,Alonso de Ena Wolf,Cultural y Deportiva Leonesa,CD Leganés,Luis Chacón,0,1,1,5,2,0,0,1,30,0,0,2,1,1,0
36,7 Sep 2025,,3yfqaeh425kzscbspp2osd82c,Alonso de Ena Wolf,Cultural y Deportiva Leonesa,CD Leganés,Rodri Suárez,0,1,1,0,2,1,0,0,41,0,0,1,0,3,0
36,7 Sep 2025,,3yfqaeh425kzscbspp2osd82c,Alonso de Ena Wolf,Cultural y Deportiva Leonesa,CD Leganés,T. Ojeda,0,0,0,0,3,3,0,0,27,0,0,1,0,4,0
36,7 Sep 2025,,3yfqaeh425kzscbspp2osd82c,Alonso de Ena Wolf,Cultural y Deportiva Leonesa,CD Leganés,Roger Hinojo,0,0,0,1,0,0,0,0,41,0,0,0,0,1,0
36,7 Sep 2025,,3yfqaeh425kzscbspp2osd82c,Alonso de Ena Wolf,Cultural y Deportiva Leonesa,CD Leganés,Iván Calero,0,0,1,4,4,1,0,0,40,0,0,1,0,3,0
36,7 Sep 2025,,3yfqaeh425kzscbspp2osd82c,Alonso de Ena Wolf,Cultural y Deportiva Leonesa,CD Leganés,Edgar Badia,0,0,0,0,0,0,0,0,24,0,5,0,0,0,0
36,7 Sep 2025,,3yfqaeh425kzscbspp2osd82c,Alonso de Ena Wolf,Cultural y Deportiva Leonesa,CD Leganés,D. Paraschiv,0,0,0,0,0,0,0,1,10,0,0,0,0,0,0
36,7 Sep 2025,,3yfqaeh425kzscbspp2osd82c,Alonso de Ena Wolf,Cultural y Deportiva Leonesa,CD Leganés,Bicho,0,0,1,1,0,1,0,0,42,0,0,0,0,0,0
36,7 Sep 2025,,3yfqaeh425kzscbspp2osd82c,Alonso de Ena Wolf,Cultural y Deportiva Leonesa,CD Leganés,M. Barzić,0,0,0,0,0,2,0,0,47,0,0,0,0,4,0
36,7 Sep 2025,,3yfqaeh425kzscbspp2osd82c,Alonso de Ena Wolf,Cultural y Deportiva Leonesa,CD Leganés,Diego Collado,0,1,1,3,2,0,0,0,17,0,0,2,0,2,0
36,7 Sep 2025,,3yfqaeh425kzscbspp2osd82c,Alonso de Ena Wolf,Cultural y Deportiva Leonesa,CD Leganés,A. Pastoriza,0,1,3,7,1,1,0,2,18,0,0,1,0,2,0
36,7 Sep 2025,,3yfqaeh425kzscbspp2osd82c,Alonso de Ena Wolf,Cultural y Deportiva Leonesa,CD Leganés,S. Diallo,0,0,0,0,1,0,0,0,8,0,0,0,0,1,0
36,7 Sep 2025,,3yfqaeh425kzscbspp2osd82c,Alonso de Ena Wolf,Cultural y Deportiva Leonesa,CD Leganés,Rubén Sobrino,0,0,0,0,0,0,0,1,0,0,0,0,0,0,0
36,7 Sep 2025,,3yfqaeh425kzscbspp2osd82c,Alonso de Ena Wolf,Cultural y Deportiva Leonesa,CD Leganés,Jordi Mboula,0,0,0,1,0,0,0,0,6,0,0,0,0,0,0
36,7 Sep 2025,,3yfqaeh425kzscbspp2osd82c,Alonso de Ena Wolf,Cultural y Deportiva Leonesa,CD Leganés,Yayo González,0,0,0,0,1,0,0,0,5,0,0,0,0,1,0
36,7 Sep 2025,,3yfqaeh425kzscbspp2osd82c,Alonso de Ena Wolf,Cultural y Deportiva Leonesa,CD Leganés,Juan Larios,0,0,1,1,1,0,0,0,3,0,0,0,0,1,0
36,7 Sep 2025,,3yfqaeh425kzscbspp2osd82c,Alonso de Ena Wolf,Cultural y Deportiva Leonesa,CD Leganés,Naim García,0,0,0,5,2,0,0,0,13,0,0,0,0,2,0
36,7 Sep 2025,,3yfqaeh425kzscbspp2osd82c,Alonso de Ena Wolf,Cultural y Deportiva Leonesa,CD Leganés,Rubén Peña,0,0,0,4,0,1,0,0,25,0,0,0,0,1,0
36,7 Sep 2025,,3yfqaeh425kzscbspp2osd82c,Alonso de Ena Wolf,Cultural y Deportiva Leonesa,CD Leganés,Miguel de la Fuente,0,1,0,0,2,1,0,0,12,0,0,2,1,0,1
36,7 Sep 2025,,3yfqaeh425kzscbspp2osd82c,Alonso de Ena Wolf,Cultural y Deportiva Leonesa,CD Leganés,Gonzalo Melero,0,0,0,0,1,0,0,0,35,0,0,2,0,1,0
36,7 Sep 2025,,3yfqaeh425kzscbspp2osd82c,Alonso de Ena Wolf,Cultural y Deportiva Leonesa,CD Leganés,Duk,0,1,1,5,2,7,0,0,15,0,0,1,0,2,0
36,7 Sep 2025,,3yfqaeh425kzscbspp2osd82c,Alonso de Ena Wolf,Cultural y Deportiva Leonesa,CD Leganés,Marvel,0,0,0,2,0,2,0,0,45,0,0,0,0,2,0
36,7 Sep 2025,,3yfqaeh425kzscbspp2osd82c,Alonso de Ena Wolf,Cultural y Deportiva Leonesa,CD Leganés,Jorge Sáenz,0,0,0,0,0,0,0,1,57,0,0,1,1,1,0
36,7 Sep 2025,,3yfqaeh425kzscbspp2osd82c,Alonso de Ena Wolf,Cultural y Deportiva Leonesa,CD Leganés,A. Diawara,0,0,0,1,1,0,0,0,36,0,0,0,0,1,0
36,7 Sep 2025,,3yfqaeh425kzscbspp2osd82c,Alonso de Ena Wolf,Cultural y Deportiva Leonesa,CD Leganés,Lalo Aguilar,0,0,0,0,0,0,0,0,34,0,0,1,1,3,1
36,7 Sep 2025,,3yfqaeh425kzscbspp2osd82c,Alonso de Ena Wolf,Cultural y Deportiva Leonesa,CD Leganés,Diego García,0,1,1,1,0,1,0,0,11,0,0,3,1,1,0
36,7 Sep 2025,,3yfqaeh425kzscbspp2osd82c,Alonso de Ena Wolf,Cultural y Deportiva Leonesa,CD Leganés,Juan Soriano,0,0,0,0,0,0,0,0,15,0,2,0,0,0,0
36,7 Sep 2025,,3yfqaeh425kzscbspp2osd82c,Alonso de Ena Wolf,Cultural y Deportiva Leonesa,CD Leganés,Juan Cruz,0,1,1,3,0,4,0,0,7,0,0,2,1,1,0
36,7 Sep 2025,,3yfqaeh425kzscbspp2osd82c,Alonso de Ena Wolf,Cultural y Deportiva Leonesa,CD Leganés,Ignasi Miquel,0,0,0,0,0,0,0,0,0,0,0,0,0,0,1
36,7 Sep 2025,,3yfqaeh425kzscbspp2osd82c,Alonso de Ena Wolf,Cultural y Deportiva Leonesa,CD Leganés,Carlos Guirao,0,0,0,0,0,0,0,0,12,0,0,0,0,2,0
36,7 Sep 2025,,3yfqaeh425kzscbspp2osd82c,Alonso de Ena Wolf,Cultural y Deportiva Leonesa,CD Leganés,B. Pauwels,0,0,0,1,0,0,0,0,5,0,0,0,0,0,0
36,7 Sep 2025,,3yfqaeh425kzscbspp2osd82c,Alonso de Ena Wolf,Cultural y Deportiva Leonesa,CD Leganés,Enric Franquesa,0,0,0,1,0,0,0,0,8,0,0,0,0,0,0
36,7 Sep 2025,,3yfqaeh425kzscbspp2osd82c,Alonso de Ena Wolf,Cultural y Deportiva Leonesa,CD Leganés,Álex Millán,0,0,0,0,1,0,0,1,5,0,0,0,0,0,0
37,6 Sep 2025,,3yt7t944i6ftaok5b799fa784,José Antonio Sánchez Villalobos,Real Zaragoza,Real Valladolid CF,Sebas Moyano,0,1,0,1,1,1,0,0,17,0,0,1,0,2,0
37,6 Sep 2025,,3yt7t944i6ftaok5b799fa784,José Antonio Sánchez Villalobos,Real Zaragoza,Real Valladolid CF,A. Radovanović,0,0,0,0,0,0,0,0,2,0,0,0,0,0,0
37,6 Sep 2025,,3yt7t944i6ftaok5b799fa784,José Antonio Sánchez Villalobos,Real Zaragoza,Real Valladolid CF,Dani Gómez,0,1,0,0,3,1,1,0,12,0,0,2,1,1,1
37,6 Sep 2025,,3yt7t944i6ftaok5b799fa784,José Antonio Sánchez Villalobos,Real Zaragoza,Real Valladolid CF,Pablo Insua,0,0,0,0,1,0,0,0,26,0,0,1,1,1,1
37,6 Sep 2025,,3yt7t944i6ftaok5b799fa784,José Antonio Sánchez Villalobos,Real Zaragoza,Real Valladolid CF,Raúl Guti,0,0,0,2,2,3,0,0,41,0,0,0,0,4,0
37,6 Sep 2025,,3yt7t944i6ftaok5b799fa784,José Antonio Sánchez Villalobos,Real Zaragoza,Real Valladolid CF,Yussif Saidu,0,0,0,0,1,2,0,0,35,0,0,0,0,2,1
37,6 Sep 2025,,3yt7t944i6ftaok5b799fa784,José Antonio Sánchez Villalobos,Real Zaragoza,Real Valladolid CF,Pau Sans,0,0,0,0,3,1,0,0,8,0,0,0,0,1,1
37,6 Sep 2025,,3yt7t944i6ftaok5b799fa784,José Antonio Sánchez Villalobos,Real Zaragoza,Real Valladolid CF,A. Rodríguez,0,0,0,0,0,0,0,0,17,0,3,0,0,0,0
37,6 Sep 2025,,3yt7t944i6ftaok5b799fa784,José Antonio Sánchez Villalobos,Real Zaragoza,Real Valladolid CF,Paulino de la Fuente,0,0,0,0,0,3,0,0,14,0,0,2,0,1,0
37,6 Sep 2025,,3yt7t944i6ftaok5b799fa784,José Antonio Sánchez Villalobos,Real Zaragoza,Real Valladolid CF,Carlos Pomares,0,0,0,2,3,0,0,0,35,0,0,0,0,1,0
37,6 Sep 2025,,3yt7t944i6ftaok5b799fa784,José Antonio Sánchez Villalobos,Real Zaragoza,Real Valladolid CF,P. Akouokou,0,1,0,0,1,2,0,0,38,0,0,1,0,3,1
37,6 Sep 2025,,3yt7t944i6ftaok5b799fa784,José Antonio Sánchez Villalobos,Real Zaragoza,Real Valladolid CF,Juan Sebastián,0,0,0,1,1,3,0,0,23,0,0,0,0,3,0
37,6 Sep 2025,,3yt7t944i6ftaok5b799fa784,José Antonio Sánchez Villalobos,Real Zaragoza,Real Valladolid CF,K. Kodro,0,1,0,0,0,2,0,0,7,0,0,1,0,0,0
37,6 Sep 2025,,3yt7t944i6ftaok5b799fa784,José Antonio Sánchez Villalobos,Real Zaragoza,Real Valladolid CF,Francho Serrano,0,0,0,3,0,0,0,0,19,0,0,0,0,1,0
37,6 Sep 2025,,3yt7t944i6ftaok5b799fa784,José Antonio Sánchez Villalobos,Real Zaragoza,Real Valladolid CF,Marcos Cuenca,0,0,1,1,0,1,0,0,9,0,0,0,0,1,0
37,6 Sep 2025,,3yt7t944i6ftaok5b799fa784,José Antonio Sánchez Villalobos,Real Zaragoza,Real Valladolid CF,Mario Soberón,0,0,0,0,0,0,0,0,5,0,0,0,0,0,0
37,6 Sep 2025,,3yt7t944i6ftaok5b799fa784,José Antonio Sánchez Villalobos,Real Zaragoza,Real Valladolid CF,Hugo Pinilla,0,0,0,0,0,0,0,0,5,0,0,0,0,0,0
37,6 Sep 2025,,3yt7t944i6ftaok5b799fa784,José Antonio Sánchez Villalobos,Real Zaragoza,Real Valladolid CF,Pablo Tomeo,0,0,1,1,0,1,0,0,50,0,0,1,0,4,0
37,6 Sep 2025,,3yt7t944i6ftaok5b799fa784,José Antonio Sánchez Villalobos,Real Zaragoza,Real Valladolid CF,Víctor Meseguer,0,0,0,0,3,0,1,0,42,0,0,1,1,4,0
37,6 Sep 2025,,3yt7t944i6ftaok5b799fa784,José Antonio Sánchez Villalobos,Real Zaragoza,Real Valladolid CF,S. Jurić,0,0,0,1,4,1,0,0,56,0,0,2,1,1,1
37,6 Sep 2025,,3yt7t944i6ftaok5b799fa784,José Antonio Sánchez Villalobos,Real Zaragoza,Real Valladolid CF,Juanmi Latasa,0,0,0,0,1,1,0,0,9,0,0,0,0,0,0
37,6 Sep 2025,,3yt7t944i6ftaok5b799fa784,José Antonio Sánchez Villalobos,Real Zaragoza,Real Valladolid CF,A. Ndiaye,0,1,2,1,1,2,0,0,15,0,0,2,0,2,0
37,6 Sep 2025,,3yt7t944i6ftaok5b799fa784,José Antonio Sánchez Villalobos,Real Zaragoza,Real Valladolid CF,Iván Alejo,0,0,1,5,2,2,0,0,32,0,0,0,0,3,0
37,6 Sep 2025,,3yt7t944i6ftaok5b799fa784,José Antonio Sánchez Villalobos,Real Zaragoza,Real Valladolid CF,Guilherme Fernandes,0,0,0,0,0,0,0,0,20,0,2,0,0,0,0
37,6 Sep 2025,,3yt7t944i6ftaok5b799fa784,José Antonio Sánchez Villalobos,Real Zaragoza,Real Valladolid CF,Guille Bueno,0,0,1,2,3,0,0,0,31,0,0,0,0,2,0
37,6 Sep 2025,,3yt7t944i6ftaok5b799fa784,José Antonio Sánchez Villalobos,Real Zaragoza,Real Valladolid CF,Chuki,0,0,0,6,1,2,0,1,21,0,0,0,0,0,0
37,6 Sep 2025,,3yt7t944i6ftaok5b799fa784,José Antonio Sánchez Villalobos,Real Zaragoza,Real Valladolid CF,David Torres,0,0,0,0,1,2,0,0,32,0,0,0,0,1,0
37,6 Sep 2025,,3yt7t944i6ftaok5b799fa784,José Antonio Sánchez Villalobos,Real Zaragoza,Real Valladolid CF,S. Biuk,1,1,1,5,2,1,0,0,19,0,0,1,0,4,1
37,6 Sep 2025,,3yt7t944i6ftaok5b799fa784,José Antonio Sánchez Villalobos,Real Zaragoza,Real Valladolid CF,Jorge Delgado,0,0,0,0,1,1,0,0,6,0,0,2,1,0,0
37,6 Sep 2025,,3yt7t944i6ftaok5b799fa784,José Antonio Sánchez Villalobos,Real Zaragoza,Real Valladolid CF,Iván Garriel,0,0,0,0,1,0,0,0,3,0,0,1,1,1,1
37,6 Sep 2025,,3yt7t944i6ftaok5b799fa784,José Antonio Sánchez Villalobos,Real Zaragoza,Real Valladolid CF,J. Ponceau,0,0,0,0,0,1,0,0,9,0,0,0,0,0,0
37,6 Sep 2025,,3yt7t944i6ftaok5b799fa784,José Antonio Sánchez Villalobos,Real Zaragoza,Real Valladolid CF,Trilli,0,0,1,1,1,0,0,0,4,0,0,0,0,0,1
37,6 Sep 2025,,3yt7t944i6ftaok5b799fa784,José Antonio Sánchez Villalobos,Real Zaragoza,Real Valladolid CF,Xavi Moreno,0,0,0,0,0,0,0,0,1,0,0,0,0,0,0
38,8 Sep 2025,,3z6v7bliyb7q3zmm7kxb8q68k,Manuel Jesús Orellana Cid,SD Eibar,FC Andorra,Jon Guruzeta,0,2,3,1,3,0,0,0,19,0,0,2,0,2,0
38,8 Sep 2025,,3z6v7bliyb7q3zmm7kxb8q68k,Manuel Jesús Orellana Cid,SD Eibar,FC Andorra,Jon Magunazelaia,0,0,0,0,1,3,0,0,27,0,0,1,1,3,0
38,8 Sep 2025,,3z6v7bliyb7q3zmm7kxb8q68k,Manuel Jesús Orellana Cid,SD Eibar,FC Andorra,Aleix Garrido,0,0,0,9,1,1,0,0,39,0,0,0,0,2,1
38,8 Sep 2025,,3z6v7bliyb7q3zmm7kxb8q68k,Manuel Jesús Orellana Cid,SD Eibar,FC Andorra,Sergio Cubero,0,1,1,1,1,2,1,0,40,0,0,2,1,2,0
38,8 Sep 2025,,3z6v7bliyb7q3zmm7kxb8q68k,Manuel Jesús Orellana Cid,SD Eibar,FC Andorra,José Corpas,0,2,4,2,0,0,0,0,33,0,0,3,1,3,1
38,8 Sep 2025,,3z6v7bliyb7q3zmm7kxb8q68k,Manuel Jesús Orellana Cid,SD Eibar,FC Andorra,Sergio Álvarez,0,0,0,0,3,2,0,0,56,0,0,0,0,6,0
38,8 Sep 2025,,3z6v7bliyb7q3zmm7kxb8q68k,Manuel Jesús Orellana Cid,SD Eibar,FC Andorra,Aritz Arambarri,0,0,0,0,0,0,0,0,50,0,0,0,0,2,0
38,8 Sep 2025,,3z6v7bliyb7q3zmm7kxb8q68k,Manuel Jesús Orellana Cid,SD Eibar,FC Andorra,Leonardo Buta,0,0,0,1,3,1,0,0,38,0,0,0,0,3,1
38,8 Sep 2025,,3z6v7bliyb7q3zmm7kxb8q68k,Manuel Jesús Orellana Cid,SD Eibar,FC Andorra,Xeber Alkain,0,1,1,2,4,1,0,1,13,0,0,3,2,1,0
38,8 Sep 2025,,3z6v7bliyb7q3zmm7kxb8q68k,Manuel Jesús Orellana Cid,SD Eibar,FC Andorra,Jonmi Magunagoitia,0,0,1,0,0,0,0,0,30,0,5,0,0,0,0
38,8 Sep 2025,,3z6v7bliyb7q3zmm7kxb8q68k,Manuel Jesús Orellana Cid,SD Eibar,FC Andorra,Marco Moreno,0,0,0,0,1,0,0,0,50,0,0,1,0,1,0
38,8 Sep 2025,,3z6v7bliyb7q3zmm7kxb8q68k,Manuel Jesús Orellana Cid,SD Eibar,FC Andorra,Jon Bautista,0,0,0,0,2,0,0,1,6,0,0,1,0,0,0
38,8 Sep 2025,,3z6v7bliyb7q3zmm7kxb8q68k,Manuel Jesús Orellana Cid,SD Eibar,FC Andorra,Álvaro Rodríguez,0,0,1,2,0,0,0,0,5,0,0,0,0,2,0
38,8 Sep 2025,,3z6v7bliyb7q3zmm7kxb8q68k,Manuel Jesús Orellana Cid,SD Eibar,FC Andorra,Lander Olaetxea,1,0,0,0,0,0,0,0,8,0,0,1,0,1,0
38,8 Sep 2025,,3z6v7bliyb7q3zmm7kxb8q68k,Manuel Jesús Orellana Cid,SD Eibar,FC Andorra,Javi Martínez,0,0,0,1,1,0,1,0,3,0,0,1,1,1,0
38,8 Sep 2025,,3z6v7bliyb7q3zmm7kxb8q68k,Manuel Jesús Orellana Cid,SD Eibar,FC Andorra,Toni Villa,0,0,0,0,0,0,0,0,2,0,0,1,0,0,0
38,8 Sep 2025,,3z6v7bliyb7q3zmm7kxb8q68k,Manuel Jesús Orellana Cid,SD Eibar,FC Andorra,Antal Yaakobishvili,0,0,0,0,1,1,0,0,42,0,0,0,0,1,1
38,8 Sep 2025,,3z6v7bliyb7q3zmm7kxb8q68k,Manuel Jesús Orellana Cid,SD Eibar,FC Andorra,Kim Min-Su,0,1,1,0,1,1,0,0,25,0,0,2,1,0,0
38,8 Sep 2025,,3z6v7bliyb7q3zmm7kxb8q68k,Manuel Jesús Orellana Cid,SD Eibar,FC Andorra,Aingeru Olabarrieta,0,1,1,1,0,2,0,0,13,0,0,4,3,1,0
38,8 Sep 2025,,3z6v7bliyb7q3zmm7kxb8q68k,Manuel Jesús Orellana Cid,SD Eibar,FC Andorra,Dani Villahermosa,0,0,0,1,2,0,0,0,48,0,0,0,0,2,0
38,8 Sep 2025,,3z6v7bliyb7q3zmm7kxb8q68k,Manuel Jesús Orellana Cid,SD Eibar,FC Andorra,L. de León,0,0,0,0,1,1,0,1,13,0,0,1,1,0,1
38,8 Sep 2025,,3z6v7bliyb7q3zmm7kxb8q68k,Manuel Jesús Orellana Cid,SD Eibar,FC Andorra,Álex Petxa,0,0,1,1,1,4,0,0,40,0,0,0,0,3,0
38,8 Sep 2025,,3z6v7bliyb7q3zmm7kxb8q68k,Manuel Jesús Orellana Cid,SD Eibar,FC Andorra,N. Ratti,0,0,0,0,0,1,0,0,45,0,4,0,0,0,0
38,8 Sep 2025,,3z6v7bliyb7q3zmm7kxb8q68k,Manuel Jesús Orellana Cid,SD Eibar,FC Andorra,Sergio Molina,0,0,0,0,0,1,0,0,75,0,0,0,0,3,0
38,8 Sep 2025,,3z6v7bliyb7q3zmm7kxb8q68k,Manuel Jesús Orellana Cid,SD Eibar,FC Andorra,Gael Alonso,0,0,0,0,1,1,0,0,35,0,0,0,0,2,1
38,8 Sep 2025,,3z6v7bliyb7q3zmm7kxb8q68k,Manuel Jesús Orellana Cid,SD Eibar,FC Andorra,Marc Domènech,0,0,0,0,1,2,0,0,37,0,0,0,0,2,0
38,8 Sep 2025,,3z6v7bliyb7q3zmm7kxb8q68k,Manuel Jesús Orellana Cid,SD Eibar,FC Andorra,Imanol García de Albéniz,0,0,1,7,1,1,0,0,56,0,0,0,0,2,0
38,8 Sep 2025,,3z6v7bliyb7q3zmm7kxb8q68k,Manuel Jesús Orellana Cid,SD Eibar,FC Andorra,Manu Nieto,0,2,1,0,1,0,0,0,10,0,0,2,0,0,0
38,8 Sep 2025,,3z6v7bliyb7q3zmm7kxb8q68k,Manuel Jesús Orellana Cid,SD Eibar,FC Andorra,Bomba,0,1,1,0,0,1,0,0,26,0,0,1,0,0,0
38,8 Sep 2025,,3z6v7bliyb7q3zmm7kxb8q68k,Manuel Jesús Orellana Cid,SD Eibar,FC Andorra,Álex Calvo,0,0,0,1,1,2,0,0,12,0,0,0,0,3,0
38,8 Sep 2025,,3z6v7bliyb7q3zmm7kxb8q68k,Manuel Jesús Orellana Cid,SD Eibar,FC Andorra,Aitor Uzkudun,0,0,0,0,0,0,0,0,3,0,0,0,0,0,0
38,8 Sep 2025,,3z6v7bliyb7q3zmm7kxb8q68k,Manuel Jesús Orellana Cid,SD Eibar,FC Andorra,Álvaro Martín,0,0,0,0,0,2,0,0,3,0,0,1,0,0,1
39,5 Sep 2025,,3zkj9ogvtf6d74mvcd35lrzmc,Alejandro Ojaos Valera,Albacete Balompié,CD Mirandés,Antonio Puertas,0,0,0,1,0,1,0,0,14,0,0,2,1,0,1
39,5 Sep 2025,,3zkj9ogvtf6d74mvcd35lrzmc,Alejandro Ojaos Valera,Albacete Balompié,CD Mirandés,Agus Medina,0,0,0,4,0,2,0,0,48,0,0,1,1,1,0
39,5 Sep 2025,,3zkj9ogvtf6d74mvcd35lrzmc,Alejandro Ojaos Valera,Albacete Balompié,CD Mirandés,Riki Rodríguez,0,0,1,1,1,1,0,0,49,0,0,3,1,2,0
39,5 Sep 2025,,3zkj9ogvtf6d74mvcd35lrzmc,Alejandro Ojaos Valera,Albacete Balompié,CD Mirandés,Víctor Valverde,0,1,3,7,0,1,0,0,31,0,0,4,1,3,0
39,5 Sep 2025,,3zkj9ogvtf6d74mvcd35lrzmc,Alejandro Ojaos Valera,Albacete Balompié,CD Mirandés,Javi Moreno,0,0,0,0,3,0,0,0,23,0,0,0,0,0,0
39,5 Sep 2025,,3zkj9ogvtf6d74mvcd35lrzmc,Alejandro Ojaos Valera,Albacete Balompié,CD Mirandés,Jon García,0,0,0,0,1,0,0,0,34,1,0,0,0,0,0
39,5 Sep 2025,,3zkj9ogvtf6d74mvcd35lrzmc,Alejandro Ojaos Valera,Albacete Balompié,CD Mirandés,J. Gómez,0,0,1,2,1,1,0,0,32,0,0,0,0,0,0
39,5 Sep 2025,,3zkj9ogvtf6d74mvcd35lrzmc,Alejandro Ojaos Valera,Albacete Balompié,CD Mirandés,Jon Morcillo,0,1,0,15,1,1,0,0,33,0,0,2,0,1,0
39,5 Sep 2025,,3zkj9ogvtf6d74mvcd35lrzmc,Alejandro Ojaos Valera,Albacete Balompié,CD Mirandés,Javi Villar,0,0,0,1,0,0,0,0,56,0,0,1,0,3,0
39,5 Sep 2025,,3zkj9ogvtf6d74mvcd35lrzmc,Alejandro Ojaos Valera,Albacete Balompié,CD Mirandés,Fran Gámez,0,0,0,6,1,0,0,0,45,0,0,1,0,3,0
39,5 Sep 2025,,3zkj9ogvtf6d74mvcd35lrzmc,Alejandro Ojaos Valera,Albacete Balompié,CD Mirandés,Diego Mariño,0,0,0,0,0,0,0,0,22,0,2,0,0,0,0
39,5 Sep 2025,,3zkj9ogvtf6d74mvcd35lrzmc,Alejandro Ojaos Valera,Albacete Balompié,CD Mirandés,Ale Meléndez,0,0,0,0,1,0,0,0,34,0,0,0,0,2,0
39,5 Sep 2025,,3zkj9ogvtf6d74mvcd35lrzmc,Alejandro Ojaos Valera,Albacete Balompié,CD Mirandés,Dani Escriche,0,0,0,1,0,0,1,0,8,0,0,1,1,0,1
39,5 Sep 2025,,3zkj9ogvtf6d74mvcd35lrzmc,Alejandro Ojaos Valera,Albacete Balompié,CD Mirandés,Jefté Betancor,0,0,0,0,0,0,0,0,1,0,0,2,0,0,0
39,5 Sep 2025,,3zkj9ogvtf6d74mvcd35lrzmc,Alejandro Ojaos Valera,Albacete Balompié,CD Mirandés,Joaquín Domingo,0,0,0,5,0,0,0,0,8,0,0,0,0,0,0
39,5 Sep 2025,,3zkj9ogvtf6d74mvcd35lrzmc,Alejandro Ojaos Valera,Albacete Balompié,CD Mirandés,José Carlos Lazo,0,1,0,2,1,0,0,0,5,0,0,1,0,0,0
39,5 Sep 2025,,3zkj9ogvtf6d74mvcd35lrzmc,Alejandro Ojaos Valera,Albacete Balompié,CD Mirandés,Hugo Novoa,0,0,0,4,1,1,0,0,25,0,0,0,0,1,0
39,5 Sep 2025,,3zkj9ogvtf6d74mvcd35lrzmc,Alejandro Ojaos Valera,Albacete Balompié,CD Mirandés,T. Helguera,1,0,0,0,0,0,0,0,25,0,0,0,0,2,0
39,5 Sep 2025,,3zkj9ogvtf6d74mvcd35lrzmc,Alejandro Ojaos Valera,Albacete Balompié,CD Mirandés,Juanpa,0,0,0,0,0,0,0,0,41,0,4,0,0,0,0
39,5 Sep 2025,,3zkj9ogvtf6d74mvcd35lrzmc,Alejandro Ojaos Valera,Albacete Balompié,CD Mirandés,Carlos Fernández,1,0,0,2,0,2,1,1,23,0,0,1,1,0,0
39,5 Sep 2025,,3zkj9ogvtf6d74mvcd35lrzmc,Alejandro Ojaos Valera,Albacete Balompié,CD Mirandés,Rafel Bauzà,0,0,0,0,1,1,1,0,28,0,0,1,1,0,1
39,5 Sep 2025,,3zkj9ogvtf6d74mvcd35lrzmc,Alejandro Ojaos Valera,Albacete Balompié,CD Mirandés,Álex Cardero,0,0,0,2,1,0,0,0,27,0,0,1,0,0,0
39,5 Sep 2025,,3zkj9ogvtf6d74mvcd35lrzmc,Alejandro Ojaos Valera,Albacete Balompié,CD Mirandés,Juan Gutiérrez,0,0,2,1,0,0,0,0,26,0,0,0,0,0,0
39,5 Sep 2025,,3zkj9ogvtf6d74mvcd35lrzmc,Alejandro Ojaos Valera,Albacete Balompié,CD Mirandés,Postigo,0,0,0,0,0,0,0,0,21,0,0,3,0,0,0
39,5 Sep 2025,,3zkj9ogvtf6d74mvcd35lrzmc,Alejandro Ojaos Valera,Albacete Balompié,CD Mirandés,Iker Varela,0,1,0,0,0,3,0,0,22,0,0,3,1,1,0
39,5 Sep 2025,,3zkj9ogvtf6d74mvcd35lrzmc,Alejandro Ojaos Valera,Albacete Balompié,CD Mirandés,Fernando Medrano,0,0,0,2,1,0,0,0,14,0,0,0,0,0,0
39,5 Sep 2025,,3zkj9ogvtf6d74mvcd35lrzmc,Alejandro Ojaos Valera,Albacete Balompié,CD Mirandés,Iker Córdoba,0,0,0,0,2,0,0,0,16,0,0,0,0,1,0
39,5 Sep 2025,,3zkj9ogvtf6d74mvcd35lrzmc,Alejandro Ojaos Valera,Albacete Balompié,CD Mirandés,G. Petit,1,0,0,0,0,1,1,0,6,0,0,1,1,2,0
39,5 Sep 2025,,3zkj9ogvtf6d74mvcd35lrzmc,Alejandro Ojaos Valera,Albacete Balompié,CD Mirandés,Aarón,0,0,0,0,1,2,0,0,5,0,0,0,0,2,0
39,5 Sep 2025,,3zkj9ogvtf6d74mvcd35lrzmc,Alejandro Ojaos Valera,Albacete Balompié,CD Mirandés,Martín Pascual,0,0,0,0,0,0,0,0,3,0,0,0,0,0,0
39,5 Sep 2025,,3zkj9ogvtf6d74mvcd35lrzmc,Alejandro Ojaos Valera,Albacete Balompié,CD Mirandés,Pablo López,0,0,0,0,0,0,1,0,3,0,0,2,2,2,0
39,5 Sep 2025,,3zkj9ogvtf6d74mvcd35lrzmc,Alejandro Ojaos Valera,Albacete Balompié,CD Mirandés,Toni Tamarit,0,0,0,1,0,0,0,0,4,0,0,1,0,0,0
40,7 Sep 2025,,3zya99po8jt1kzr6c1v2tmkgk,Saúl Ais Reig,Burgos CF,UD Las Palmas,David González,0,0,0,0,2,0,0,0,13,0,0,2,1,2,1
40,7 Sep 2025,,3zya99po8jt1kzr6c1v2tmkgk,Saúl Ais Reig,Burgos CF,UD Las Palmas,Álex Lizancos,0,0,0,2,2,2,0,0,20,0,0,2,0,1,0
40,7 Sep 2025,,3zya99po8jt1kzr6c1v2tmkgk,Saúl Ais Reig,Burgos CF,UD Las Palmas,Iván Morante,0,1,1,1,2,1,0,0,44,0,0,1,0,0,1
40,7 Sep 2025,,3zya99po8jt1kzr6c1v2tmkgk,Saúl Ais Reig,Burgos CF,UD Las Palmas,Miguel Atienza,0,0,0,0,1,3,0,0,34,0,0,0,0,3,0
40,7 Sep 2025,,3zya99po8jt1kzr6c1v2tmkgk,Saúl Ais Reig,Burgos CF,UD Las Palmas,Ander Cantero,0,0,0,0,0,0,0,0,19,0,7,0,0,0,0
40,7 Sep 2025,,3zya99po8jt1kzr6c1v2tmkgk,Saúl Ais Reig,Burgos CF,UD Las Palmas,Grego Sierra,0,0,0,0,2,0,0,0,50,0,0,0,0,1,0
40,7 Sep 2025,,3zya99po8jt1kzr6c1v2tmkgk,Saúl Ais Reig,Burgos CF,UD Las Palmas,Aitor Córdoba,0,0,0,1,1,1,0,0,38,0,0,0,0,0,0
40,7 Sep 2025,,3zya99po8jt1kzr6c1v2tmkgk,Saúl Ais Reig,Burgos CF,UD Las Palmas,Curro Sánchez,0,0,0,1,2,0,0,0,34,0,0,0,0,0,0
40,7 Sep 2025,,3zya99po8jt1kzr6c1v2tmkgk,Saúl Ais Reig,Burgos CF,UD Las Palmas,Fer Niño,0,0,0,0,3,2,0,0,14,0,0,0,0,1,0
40,7 Sep 2025,,3zya99po8jt1kzr6c1v2tmkgk,Saúl Ais Reig,Burgos CF,UD Las Palmas,Iván Chapela,0,0,0,1,1,1,0,0,24,0,0,0,0,3,0
40,7 Sep 2025,,3zya99po8jt1kzr6c1v2tmkgk,Saúl Ais Reig,Burgos CF,UD Las Palmas,F. Miguel,0,0,1,5,0,2,0,0,36,0,0,1,1,3,0
40,7 Sep 2025,,3zya99po8jt1kzr6c1v2tmkgk,Saúl Ais Reig,Burgos CF,UD Las Palmas,K. Appin,0,0,0,0,0,0,0,0,2,0,0,0,0,0,0
40,7 Sep 2025,,3zya99po8jt1kzr6c1v2tmkgk,Saúl Ais Reig,Burgos CF,UD Las Palmas,Brais Martínez,0,0,0,1,0,0,0,0,0,0,0,0,0,1,0
40,7 Sep 2025,,3zya99po8jt1kzr6c1v2tmkgk,Saúl Ais Reig,Burgos CF,UD Las Palmas,Víctor Mollejo,0,0,0,0,0,0,0,0,5,0,0,0,0,0,0
40,7 Sep 2025,,3zya99po8jt1kzr6c1v2tmkgk,Saúl Ais Reig,Burgos CF,UD Las Palmas,Sergio González,0,0,0,0,0,0,0,0,2,0,0,0,0,0,0
40,7 Sep 2025,,3zya99po8jt1kzr6c1v2tmkgk,Saúl Ais Reig,Burgos CF,UD Las Palmas,José Mateo Mejía Piedrahita,0,0,0,0,0,0,0,0,0,0,0,0,0,0,0
40,7 Sep 2025,,3zya99po8jt1kzr6c1v2tmkgk,Saúl Ais Reig,Burgos CF,UD Las Palmas,Manu Fuster,0,0,0,3,1,2,0,0,16,0,0,4,2,0,0
40,7 Sep 2025,,3zya99po8jt1kzr6c1v2tmkgk,Saúl Ais Reig,Burgos CF,UD Las Palmas,Mika Mármol,0,0,0,0,1,0,0,0,83,0,0,1,0,3,0
40,7 Sep 2025,,3zya99po8jt1kzr6c1v2tmkgk,Saúl Ais Reig,Burgos CF,UD Las Palmas,Enrique Clemente,0,0,0,2,1,2,0,0,62,0,0,0,0,1,0
40,7 Sep 2025,,3zya99po8jt1kzr6c1v2tmkgk,Saúl Ais Reig,Burgos CF,UD Las Palmas,Ale García,0,0,1,6,2,2,0,0,32,0,0,1,0,4,0
40,7 Sep 2025,,3zya99po8jt1kzr6c1v2tmkgk,Saúl Ais Reig,Burgos CF,UD Las Palmas,Iñaki González,0,0,0,0,0,1,0,0,62,0,0,0,0,2,0
40,7 Sep 2025,,3zya99po8jt1kzr6c1v2tmkgk,Saúl Ais Reig,Burgos CF,UD Las Palmas,M. Luković,0,1,1,0,2,1,0,0,8,0,0,2,1,1,1
40,7 Sep 2025,,3zya99po8jt1kzr6c1v2tmkgk,Saúl Ais Reig,Burgos CF,UD Las Palmas,Sergio Barcia,0,0,0,0,2,2,0,0,68,0,0,0,0,1,0
40,7 Sep 2025,,3zya99po8jt1kzr6c1v2tmkgk,Saúl Ais Reig,Burgos CF,UD Las Palmas,E. Loiodice,0,0,0,0,1,0,0,0,59,0,0,1,1,3,1
40,7 Sep 2025,,3zya99po8jt1kzr6c1v2tmkgk,Saúl Ais Reig,Burgos CF,UD Las Palmas,Marvin Park,0,0,2,4,1,1,0,0,42,0,0,0,0,0,0
40,7 Sep 2025,,3zya99po8jt1kzr6c1v2tmkgk,Saúl Ais Reig,Burgos CF,UD Las Palmas,Marc Cardona,0,0,1,0,2,0,0,0,19,0,0,3,2,0,0
40,7 Sep 2025,,3zya99po8jt1kzr6c1v2tmkgk,Saúl Ais Reig,Burgos CF,UD Las Palmas,D. Horkaš,0,0,0,0,0,0,0,0,30,0,2,0,0,0,0
40,7 Sep 2025,,3zya99po8jt1kzr6c1v2tmkgk,Saúl Ais Reig,Burgos CF,UD Las Palmas,Jonathan Viera,0,0,1,2,0,3,0,0,22,0,0,2,1,0,0
40,7 Sep 2025,,3zya99po8jt1kzr6c1v2tmkgk,Saúl Ais Reig,Burgos CF,UD Las Palmas,Iván Gil,0,1,0,2,0,1,0,0,14,0,0,1,0,0,0
40,7 Sep 2025,,3zya99po8jt1kzr6c1v2tmkgk,Saúl Ais Reig,Burgos CF,UD Las Palmas,J. Recoba,0,0,0,0,0,0,0,0,5,0,0,0,0,0,0
40,7 Sep 2025,,3zya99po8jt1kzr6c1v2tmkgk,Saúl Ais Reig,Burgos CF,UD Las Palmas,Jesé,0,0,0,0,0,0,0,1,6,0,0,0,0,0,0
41,7 Sep 2025,,40by5idxjpg6pz846ywwyd6vo,Rafael Sánchez López,AD Ceuta FC,SD Huesca,José Matos,0,1,0,1,3,1,0,1,21,0,0,1,0,2,1
41,7 Sep 2025,,40by5idxjpg6pz846ywwyd6vo,Rafael Sánchez López,AD Ceuta FC,SD Huesca,K. Koné,0,0,0,1,3,2,1,0,29,0,0,1,1,1,0
41,7 Sep 2025,,40by5idxjpg6pz846ywwyd6vo,Rafael Sánchez López,AD Ceuta FC,SD Huesca,Marcos Fernández,0,2,2,0,2,0,0,1,21,0,0,5,2,0,0
41,7 Sep 2025,,40by5idxjpg6pz846ywwyd6vo,Rafael Sánchez López,AD Ceuta FC,SD Huesca,Y. Lachhab,0,0,1,1,2,1,0,0,48,0,0,1,0,1,0
41,7 Sep 2025,,40by5idxjpg6pz846ywwyd6vo,Rafael Sánchez López,AD Ceuta FC,SD Huesca,Gonzalo Almenara,0,0,1,2,0,1,0,0,37,0,0,2,0,0,0
41,7 Sep 2025,,40by5idxjpg6pz846ywwyd6vo,Rafael Sánchez López,AD Ceuta FC,SD Huesca,Kuki Zalazar,0,0,1,3,1,1,0,0,39,0,0,1,0,2,0
41,7 Sep 2025,,40by5idxjpg6pz846ywwyd6vo,Rafael Sánchez López,AD Ceuta FC,SD Huesca,Aisar,1,0,0,3,1,1,0,1,31,0,0,1,0,0,0
41,7 Sep 2025,,40by5idxjpg6pz846ywwyd6vo,Rafael Sánchez López,AD Ceuta FC,SD Huesca,Yago Cantero,0,0,0,0,0,0,0,0,51,0,0,0,0,0,0
41,7 Sep 2025,,40by5idxjpg6pz846ywwyd6vo,Rafael Sánchez López,AD Ceuta FC,SD Huesca,Carlos Hernández,0,0,0,0,0,0,0,0,42,0,0,0,0,3,0
41,7 Sep 2025,,40by5idxjpg6pz846ywwyd6vo,Rafael Sánchez López,AD Ceuta FC,SD Huesca,Rubén Díez,0,0,1,6,0,2,0,0,47,0,0,0,0,1,0
41,7 Sep 2025,,40by5idxjpg6pz846ywwyd6vo,Rafael Sánchez López,AD Ceuta FC,SD Huesca,Guille Vallejo,0,0,0,0,0,2,0,0,23,0,0,0,0,0,0
41,7 Sep 2025,,40by5idxjpg6pz846ywwyd6vo,Rafael Sánchez López,AD Ceuta FC,SD Huesca,A. Bassinga,0,0,0,1,0,0,0,1,9,0,0,0,0,1,0
41,7 Sep 2025,,40by5idxjpg6pz846ywwyd6vo,Rafael Sánchez López,AD Ceuta FC,SD Huesca,Cristian Rodríguez,1,0,0,5,0,0,0,0,14,0,0,0,0,0,0
41,7 Sep 2025,,40by5idxjpg6pz846ywwyd6vo,Rafael Sánchez López,AD Ceuta FC,SD Huesca,S. Obeng,0,0,1,0,1,0,1,0,5,0,0,2,1,0,0
41,7 Sep 2025,,40by5idxjpg6pz846ywwyd6vo,Rafael Sánchez López,AD Ceuta FC,SD Huesca,Manu Vallejo,0,0,1,1,0,0,0,0,1,0,0,0,0,0,0
41,7 Sep 2025,,40by5idxjpg6pz846ywwyd6vo,Rafael Sánchez López,AD Ceuta FC,SD Huesca,Diego González Cabanes,0,0,0,0,0,0,0,0,0,0,0,0,0,0,0
41,7 Sep 2025,,40by5idxjpg6pz846ywwyd6vo,Rafael Sánchez López,AD Ceuta FC,SD Huesca,Iker Kortajarena,0,0,0,0,2,2,0,0,39,0,0,1,0,1,0
41,7 Sep 2025,,40by5idxjpg6pz846ywwyd6vo,Rafael Sánchez López,AD Ceuta FC,SD Huesca,Hugo Pérez,0,1,0,0,1,0,0,0,22,0,0,1,0,0,1
41,7 Sep 2025,,40by5idxjpg6pz846ywwyd6vo,Rafael Sánchez López,AD Ceuta FC,SD Huesca,Iñigo Piña,0,0,0,0,1,1,0,0,46,0,0,0,0,1,0
41,7 Sep 2025,,40by5idxjpg6pz846ywwyd6vo,Rafael Sánchez López,AD Ceuta FC,SD Huesca,Toni Abad,0,0,0,0,0,1,0,1,39,0,0,0,0,4,0
41,7 Sep 2025,,40by5idxjpg6pz846ywwyd6vo,Rafael Sánchez López,AD Ceuta FC,SD Huesca,D. Luna,0,1,0,0,1,1,0,0,19,0,0,1,0,1,0
41,7 Sep 2025,,40by5idxjpg6pz846ywwyd6vo,Rafael Sánchez López,AD Ceuta FC,SD Huesca,Julio Alonso,0,0,0,4,0,1,0,0,24,0,0,1,0,0,1
41,7 Sep 2025,,40by5idxjpg6pz846ywwyd6vo,Rafael Sánchez López,AD Ceuta FC,SD Huesca,Jesús Álvarez,0,0,0,1,0,1,0,0,50,0,0,0,0,0,0
41,7 Sep 2025,,40by5idxjpg6pz846ywwyd6vo,Rafael Sánchez López,AD Ceuta FC,SD Huesca,Jorge Pulido,0,0,0,0,1,2,0,0,24,0,0,0,0,4,1
41,7 Sep 2025,,40by5idxjpg6pz846ywwyd6vo,Rafael Sánchez López,AD Ceuta FC,SD Huesca,Óscar Sielva,0,0,0,1,0,2,0,0,21,0,0,0,0,0,0
41,7 Sep 2025,,40by5idxjpg6pz846ywwyd6vo,Rafael Sánchez López,AD Ceuta FC,SD Huesca,Dani Jiménez,0,0,0,0,0,0,0,0,24,0,2,0,0,0,0
41,7 Sep 2025,,40by5idxjpg6pz846ywwyd6vo,Rafael Sánchez López,AD Ceuta FC,SD Huesca,Sergi Enrich,0,0,0,0,2,0,0,0,4,1,0,0,0,1,0
41,7 Sep 2025,,40by5idxjpg6pz846ywwyd6vo,Rafael Sánchez López,AD Ceuta FC,SD Huesca,Liberto Beltrán,0,0,0,1,0,0,0,0,4,0,0,1,0,1,0
41,7 Sep 2025,,40by5idxjpg6pz846ywwyd6vo,Rafael Sánchez López,AD Ceuta FC,SD Huesca,Sergio Arribas,1,0,0,0,1,0,0,0,19,0,0,0,0,0,0
41,7 Sep 2025,,40by5idxjpg6pz846ywwyd6vo,Rafael Sánchez López,AD Ceuta FC,SD Huesca,Enol Rodríguez,0,0,0,0,0,1,1,0,9,0,0,1,1,1,0
41,7 Sep 2025,,40by5idxjpg6pz846ywwyd6vo,Rafael Sánchez López,AD Ceuta FC,SD Huesca,Manu Rico,0,0,0,0,2,0,0,0,22,0,0,0,0,4,0
41,7 Sep 2025,,40by5idxjpg6pz846ywwyd6vo,Rafael Sánchez López,AD Ceuta FC,SD Huesca,Portillo,0,0,0,0,0,1,0,0,10,0,0,0,0,1,0
42,6 Sep 2025,,40pehd14s9djjtycujavbex3o,Carlos Muñiz Muñoz,RC Deportivo de La Coruña,Real Sporting de Gijón,C. Patino,0,0,0,0,1,1,0,0,63,0,0,0,0,2,0
42,6 Sep 2025,,40pehd14s9djjtycujavbex3o,Carlos Muñiz Muñoz,RC Deportivo de La Coruña,Real Sporting de Gijón,Sergio Escudero,0,0,2,3,0,1,0,0,42,0,0,2,2,2,0
42,6 Sep 2025,,40pehd14s9djjtycujavbex3o,Carlos Muñiz Muñoz,RC Deportivo de La Coruña,Real Sporting de Gijón,Dani Barcia,0,0,0,0,0,1,1,0,78,0,0,1,1,0,0
42,6 Sep 2025,,40pehd14s9djjtycujavbex3o,Carlos Muñiz Muñoz,RC Deportivo de La Coruña,Real Sporting de Gijón,Germán Parreño,0,0,0,0,0,0,0,0,44,0,3,0,0,0,0
42,6 Sep 2025,,40pehd14s9djjtycujavbex3o,Carlos Muñiz Muñoz,RC Deportivo de La Coruña,Real Sporting de Gijón,Miguel Loureiro,0,0,0,2,0,0,0,0,61,0,0,0,0,1,0
42,6 Sep 2025,,40pehd14s9djjtycujavbex3o,Carlos Muñiz Muñoz,RC Deportivo de La Coruña,Real Sporting de Gijón,S. Mulattieri,0,0,0,0,0,0,0,0,9,0,0,2,1,1,0
42,6 Sep 2025,,40pehd14s9djjtycujavbex3o,Carlos Muñiz Muñoz,RC Deportivo de La Coruña,Real Sporting de Gijón,Mario Soriano,0,0,0,2,0,2,0,0,50,0,0,0,0,0,0
42,6 Sep 2025,,40pehd14s9djjtycujavbex3o,Carlos Muñiz Muñoz,RC Deportivo de La Coruña,Real Sporting de Gijón,Yeremay Hernández,0,1,1,4,1,2,0,0,42,0,0,2,0,1,1
42,6 Sep 2025,,40pehd14s9djjtycujavbex3o,Carlos Muñiz Muñoz,RC Deportivo de La Coruña,Real Sporting de Gijón,Diego Villares,0,1,1,0,2,2,0,0,54,0,0,1,0,0,1
42,6 Sep 2025,,40pehd14s9djjtycujavbex3o,Carlos Muñiz Muñoz,RC Deportivo de La Coruña,Real Sporting de Gijón,Ximo Navarro,0,0,0,3,0,1,0,0,42,0,0,1,0,1,0
42,6 Sep 2025,,40pehd14s9djjtycujavbex3o,Carlos Muñiz Muñoz,RC Deportivo de La Coruña,Real Sporting de Gijón,Luismi Cruz,0,0,2,3,1,0,0,0,28,0,0,1,1,1,0
42,6 Sep 2025,,40pehd14s9djjtycujavbex3o,Carlos Muñiz Muñoz,RC Deportivo de La Coruña,Real Sporting de Gijón,Z. Eddahchouri,0,0,0,0,2,0,0,0,1,0,0,3,1,0,1
42,6 Sep 2025,,40pehd14s9djjtycujavbex3o,Carlos Muñiz Muñoz,RC Deportivo de La Coruña,Real Sporting de Gijón,G. Quagliata,0,0,0,4,1,1,0,0,8,0,0,0,0,2,0
42,6 Sep 2025,,40pehd14s9djjtycujavbex3o,Carlos Muñiz Muñoz,RC Deportivo de La Coruña,Real Sporting de Gijón,Stoichkov,0,0,0,0,1,1,0,0,7,0,0,1,0,3,0
42,6 Sep 2025,,40pehd14s9djjtycujavbex3o,Carlos Muñiz Muñoz,RC Deportivo de La Coruña,Real Sporting de Gijón,Arnau Comas,0,0,0,0,0,0,0,0,8,0,0,0,0,0,0
42,6 Sep 2025,,40pehd14s9djjtycujavbex3o,Carlos Muñiz Muñoz,RC Deportivo de La Coruña,Real Sporting de Gijón,Cristian Herrera,0,0,0,0,0,0,0,0,4,0,0,0,0,0,0
42,6 Sep 2025,,40pehd14s9djjtycujavbex3o,Carlos Muñiz Muñoz,RC Deportivo de La Coruña,Real Sporting de Gijón,César Gelabert,0,0,0,0,2,1,0,0,27,0,0,1,0,2,0
42,6 Sep 2025,,40pehd14s9djjtycujavbex3o,Carlos Muñiz Muñoz,RC Deportivo de La Coruña,Real Sporting de Gijón,Rubén Yáñez,0,0,0,0,0,0,0,0,18,0,5,0,0,0,0
42,6 Sep 2025,,40pehd14s9djjtycujavbex3o,Carlos Muñiz Muñoz,RC Deportivo de La Coruña,Real Sporting de Gijón,Nacho Martín,0,1,0,0,0,1,0,0,20,0,0,1,0,1,0
42,6 Sep 2025,,40pehd14s9djjtycujavbex3o,Carlos Muñiz Muñoz,RC Deportivo de La Coruña,Real Sporting de Gijón,Kevin Vázquez,0,0,0,3,2,1,0,0,18,0,0,0,0,1,0
42,6 Sep 2025,,40pehd14s9djjtycujavbex3o,Carlos Muñiz Muñoz,RC Deportivo de La Coruña,Real Sporting de Gijón,Pablo Vázquez,0,0,0,0,0,0,0,0,42,0,0,1,1,1,0
42,6 Sep 2025,,40pehd14s9djjtycujavbex3o,Carlos Muñiz Muñoz,RC Deportivo de La Coruña,Real Sporting de Gijón,L. Perrin,0,0,0,0,0,1,0,0,49,0,0,0,0,0,0
42,6 Sep 2025,,40pehd14s9djjtycujavbex3o,Carlos Muñiz Muñoz,RC Deportivo de La Coruña,Real Sporting de Gijón,Pablo García,0,0,0,0,0,0,0,0,22,0,0,0,0,3,0
42,6 Sep 2025,,40pehd14s9djjtycujavbex3o,Carlos Muñiz Muñoz,RC Deportivo de La Coruña,Real Sporting de Gijón,Jonathan Dubasin,0,0,0,1,2,0,0,0,28,0,0,1,0,0,0
42,6 Sep 2025,,40pehd14s9djjtycujavbex3o,Carlos Muñiz Muñoz,RC Deportivo de La Coruña,Real Sporting de Gijón,J. Otero,0,0,0,2,2,1,0,0,18,0,0,1,1,1,1
42,6 Sep 2025,,40pehd14s9djjtycujavbex3o,Carlos Muñiz Muñoz,RC Deportivo de La Coruña,Real Sporting de Gijón,Álex Corredera,0,0,1,5,0,4,0,0,42,0,0,1,1,1,0
42,6 Sep 2025,,40pehd14s9djjtycujavbex3o,Carlos Muñiz Muñoz,RC Deportivo de La Coruña,Real Sporting de Gijón,Guille Rosas,0,0,0,3,2,0,0,0,13,0,0,0,0,1,0
42,6 Sep 2025,,40pehd14s9djjtycujavbex3o,Carlos Muñiz Muñoz,RC Deportivo de La Coruña,Real Sporting de Gijón,Gaspar Campos,0,1,1,0,1,0,0,0,13,0,0,1,0,1,0
42,6 Sep 2025,,40pehd14s9djjtycujavbex3o,Carlos Muñiz Muñoz,RC Deportivo de La Coruña,Real Sporting de Gijón,P. Mbemba,0,0,0,0,2,0,0,0,21,0,0,1,0,0,0
42,6 Sep 2025,,40pehd14s9djjtycujavbex3o,Carlos Muñiz Muñoz,RC Deportivo de La Coruña,Real Sporting de Gijón,Diego Sánchez,0,0,0,2,0,0,0,0,10,0,0,0,0,0,0
42,6 Sep 2025,,40pehd14s9djjtycujavbex3o,Carlos Muñiz Muñoz,RC Deportivo de La Coruña,Real Sporting de Gijón,J. Smith,0,0,0,0,0,0,0,0,1,0,0,0,0,0,0
42,6 Sep 2025,,40pehd14s9djjtycujavbex3o,Carlos Muñiz Muñoz,RC Deportivo de La Coruña,Real Sporting de Gijón,Dani Queipo,0,0,1,1,1,0,0,0,4,0,0,0,0,1,0
148,16 Nov 2025,,55lwm8q75f0pk3swwfpla582c,Álvaro Moreno Aragón,Córdoba FC,RC Deportivo de La Coruña,Álex Martín,0,0,0,1,0,0,0,0,43,0,0,1,1,1,1
148,16 Nov 2025,,55lwm8q75f0pk3swwfpla582c,Álvaro Moreno Aragón,Córdoba FC,RC Deportivo de La Coruña,Fuentes,0,0,1,0,1,2,0,0,17,0,0,4,1,0,0
148,16 Nov 2025,,55lwm8q75f0pk3swwfpla582c,Álvaro Moreno Aragón,Córdoba FC,RC Deportivo de La Coruña,Isma Ruiz,0,1,1,1,0,1,0,0,66,0,0,3,2,5,0
148,16 Nov 2025,,55lwm8q75f0pk3swwfpla582c,Álvaro Moreno Aragón,Córdoba FC,RC Deportivo de La Coruña,Rubén Alves,0,0,0,0,2,2,0,0,38,1,0,0,0,3,1
148,16 Nov 2025,,55lwm8q75f0pk3swwfpla582c,Álvaro Moreno Aragón,Córdoba FC,RC Deportivo de La Coruña,Jacobo González,0,1,1,7,2,0,0,0,48,0,0,5,0,0,1
148,16 Nov 2025,,55lwm8q75f0pk3swwfpla582c,Álvaro Moreno Aragón,Córdoba FC,RC Deportivo de La Coruña,Cristian Carracedo,0,0,0,7,0,0,0,0,36,0,0,1,1,2,0
148,16 Nov 2025,,55lwm8q75f0pk3swwfpla582c,Álvaro Moreno Aragón,Córdoba FC,RC Deportivo de La Coruña,Iker Álvarez,0,0,0,0,0,0,0,0,30,0,0,0,0,0,0
148,16 Nov 2025,,55lwm8q75f0pk3swwfpla582c,Álvaro Moreno Aragón,Córdoba FC,RC Deportivo de La Coruña,T. Zidane,0,0,0,1,2,0,0,0,18,0,0,1,0,1,0
148,16 Nov 2025,,55lwm8q75f0pk3swwfpla582c,Álvaro Moreno Aragón,Córdoba FC,RC Deportivo de La Coruña,Carlos Isaac,0,0,2,7,2,1,0,0,57,0,0,0,0,0,0
148,16 Nov 2025,,55lwm8q75f0pk3swwfpla582c,Álvaro Moreno Aragón,Córdoba FC,RC Deportivo de La Coruña,Dani Requena,0,0,0,0,2,3,0,0,53,0,0,2,0,2,1
148,16 Nov 2025,,55lwm8q75f0pk3swwfpla582c,Álvaro Moreno Aragón,Córdoba FC,RC Deportivo de La Coruña,F. Fomeyem,0,0,0,0,1,0,0,0,12,0,0,0,0,0,1
148,16 Nov 2025,,55lwm8q75f0pk3swwfpla582c,Álvaro Moreno Aragón,Córdoba FC,RC Deportivo de La Coruña,Xavi Sintes,0,0,0,0,1,0,0,0,46,0,0,3,0,3,0
148,16 Nov 2025,,55lwm8q75f0pk3swwfpla582c,Álvaro Moreno Aragón,Córdoba FC,RC Deportivo de La Coruña,Diego Bri,0,0,1,3,0,1,0,0,12,0,0,0,0,1,0
148,16 Nov 2025,,55lwm8q75f0pk3swwfpla582c,Álvaro Moreno Aragón,Córdoba FC,RC Deportivo de La Coruña,Sergi Guardiola,0,0,0,0,0,0,0,0,4,0,0,2,1,0,0
148,16 Nov 2025,,55lwm8q75f0pk3swwfpla582c,Álvaro Moreno Aragón,Córdoba FC,RC Deportivo de La Coruña,Mario Soriano,0,0,0,0,1,1,0,0,33,0,0,0,0,0,0
148,16 Nov 2025,,55lwm8q75f0pk3swwfpla582c,Álvaro Moreno Aragón,Córdoba FC,RC Deportivo de La Coruña,Miguel Loureiro,0,0,0,0,2,0,0,0,43,0,0,0,0,0,1
148,16 Nov 2025,,55lwm8q75f0pk3swwfpla582c,Álvaro Moreno Aragón,Córdoba FC,RC Deportivo de La Coruña,Arnau Comas,0,0,0,0,2,0,0,0,20,0,0,0,0,0,1
148,16 Nov 2025,,55lwm8q75f0pk3swwfpla582c,Álvaro Moreno Aragón,Córdoba FC,RC Deportivo de La Coruña,L. Noubi,0,0,0,0,2,0,0,0,25,0,0,0,0,4,1
148,16 Nov 2025,,55lwm8q75f0pk3swwfpla582c,Álvaro Moreno Aragón,Córdoba FC,RC Deportivo de La Coruña,Luismi Cruz,0,1,2,5,0,1,0,0,16,0,0,1,0,0,0
148,16 Nov 2025,,55lwm8q75f0pk3swwfpla582c,Álvaro Moreno Aragón,Córdoba FC,RC Deportivo de La Coruña,Z. Eddahchouri,0,1,1,0,1,3,0,0,8,0,0,1,0,2,1
148,16 Nov 2025,,55lwm8q75f0pk3swwfpla582c,Álvaro Moreno Aragón,Córdoba FC,RC Deportivo de La Coruña,José Ángel,0,0,0,0,0,3,0,0,33,0,0,0,0,0,0
148,16 Nov 2025,,55lwm8q75f0pk3swwfpla582c,Álvaro Moreno Aragón,Córdoba FC,RC Deportivo de La Coruña,Yeremay Hernández,2,2,2,1,0,3,1,0,20,0,0,3,1,2,0
148,16 Nov 2025,,55lwm8q75f0pk3swwfpla582c,Álvaro Moreno Aragón,Córdoba FC,RC Deportivo de La Coruña,Germán Parreño,0,0,0,0,0,0,0,0,38,0,6,0,0,0,0
148,16 Nov 2025,,55lwm8q75f0pk3swwfpla582c,Álvaro Moreno Aragón,Córdoba FC,RC Deportivo de La Coruña,G. Quagliata,0,0,0,2,0,0,1,0,16,0,0,2,1,0,0
148,16 Nov 2025,,55lwm8q75f0pk3swwfpla582c,Álvaro Moreno Aragón,Córdoba FC,RC Deportivo de La Coruña,Diego Villares,0,0,0,0,1,1,0,0,21,0,0,0,0,4,1
148,16 Nov 2025,,55lwm8q75f0pk3swwfpla582c,Álvaro Moreno Aragón,Córdoba FC,RC Deportivo de La Coruña,Dani Barcia,0,0,0,0,1,0,0,0,12,0,0,0,0,1,0
148,16 Nov 2025,,55lwm8q75f0pk3swwfpla582c,Álvaro Moreno Aragón,Córdoba FC,RC Deportivo de La Coruña,David Mella,0,0,0,0,0,1,1,0,5,0,0,2,1,0,0
148,16 Nov 2025,,55lwm8q75f0pk3swwfpla582c,Álvaro Moreno Aragón,Córdoba FC,RC Deportivo de La Coruña,S. Mulattieri,0,0,0,0,0,0,0,1,3,0,0,0,0,0,0
148,16 Nov 2025,,55lwm8q75f0pk3swwfpla582c,Álvaro Moreno Aragón,Córdoba FC,RC Deportivo de La Coruña,José Gragera,0,0,0,0,0,0,0,0,1,0,0,0,0,0,0
148,16 Nov 2025,,55lwm8q75f0pk3swwfpla582c,Álvaro Moreno Aragón,Córdoba FC,RC Deportivo de La Coruña,C. Patino,0,0,0,0,0,0,0,0,1,0,0,0,0,0,0
149,17 Nov 2025,,55zo5ptqncsgslgfp0nvj2590,Jon Ander González Esteban,Cultural y Deportiva Leonesa,Málaga CF,Roger Hinojo,0,0,0,0,0,1,0,0,30,0,0,0,0,6,0
149,17 Nov 2025,,55zo5ptqncsgslgfp0nvj2590,Jon Ander González Esteban,Cultural y Deportiva Leonesa,Málaga CF,Lucas Ribeiro Costa,0,0,0,1,1,1,1,0,29,0,0,2,1,0,0
149,17 Nov 2025,,55zo5ptqncsgslgfp0nvj2590,Jon Ander González Esteban,Cultural y Deportiva Leonesa,Málaga CF,S. Diallo,0,1,0,0,2,0,0,0,34,0,0,2,0,2,0
149,17 Nov 2025,,55zo5ptqncsgslgfp0nvj2590,Jon Ander González Esteban,Cultural y Deportiva Leonesa,Málaga CF,Tomás Ribeiro,0,0,0,0,0,2,0,0,34,0,0,0,0,1,0
149,17 Nov 2025,,55zo5ptqncsgslgfp0nvj2590,Jon Ander González Esteban,Cultural y Deportiva Leonesa,Málaga CF,Edgar Badia,0,0,0,0,0,0,0,0,20,0,3,0,0,0,0
149,17 Nov 2025,,55zo5ptqncsgslgfp0nvj2590,Jon Ander González Esteban,Cultural y Deportiva Leonesa,Málaga CF,Iván Calero,1,0,0,0,1,0,0,0,29,0,0,1,0,5,0
149,17 Nov 2025,,55zo5ptqncsgslgfp0nvj2590,Jon Ander González Esteban,Cultural y Deportiva Leonesa,Málaga CF,Rodri Suárez,0,0,0,0,1,1,0,0,26,0,0,1,0,1,0
149,17 Nov 2025,,55zo5ptqncsgslgfp0nvj2590,Jon Ander González Esteban,Cultural y Deportiva Leonesa,Málaga CF,T. Ojeda,0,0,0,0,1,2,0,0,31,0,0,0,0,3,0
149,17 Nov 2025,,55zo5ptqncsgslgfp0nvj2590,Jon Ander González Esteban,Cultural y Deportiva Leonesa,Málaga CF,Luis Chacón,0,0,0,2,0,1,0,1,25,0,0,0,0,1,0
149,17 Nov 2025,,55zo5ptqncsgslgfp0nvj2590,Jon Ander González Esteban,Cultural y Deportiva Leonesa,Málaga CF,Manu Justo,0,0,0,0,0,1,0,0,6,0,0,0,0,0,0
149,17 Nov 2025,,55zo5ptqncsgslgfp0nvj2590,Jon Ander González Esteban,Cultural y Deportiva Leonesa,Málaga CF,Jordi Mboula,0,0,1,2,0,0,0,2,12,0,0,0,0,0,0
149,17 Nov 2025,,55zo5ptqncsgslgfp0nvj2590,Jon Ander González Esteban,Cultural y Deportiva Leonesa,Málaga CF,Yayo González,0,0,0,0,0,0,0,0,7,0,0,0,0,1,0
149,17 Nov 2025,,55zo5ptqncsgslgfp0nvj2590,Jon Ander González Esteban,Cultural y Deportiva Leonesa,Málaga CF,Rafa Tresaco,0,0,0,0,0,2,0,0,3,0,0,0,0,1,0
149,17 Nov 2025,,55zo5ptqncsgslgfp0nvj2590,Jon Ander González Esteban,Cultural y Deportiva Leonesa,Málaga CF,Diego Collado,0,0,0,1,0,1,0,0,1,0,0,0,0,0,0
149,17 Nov 2025,,55zo5ptqncsgslgfp0nvj2590,Jon Ander González Esteban,Cultural y Deportiva Leonesa,Málaga CF,Sergi Maestre,0,0,0,0,0,0,0,0,0,0,0,0,0,1,0
149,17 Nov 2025,,55zo5ptqncsgslgfp0nvj2590,Jon Ander González Esteban,Cultural y Deportiva Leonesa,Málaga CF,Víctor Hugo García Hernández,0,0,0,0,0,0,0,0,0,0,0,0,0,0,0
149,17 Nov 2025,,55zo5ptqncsgslgfp0nvj2590,Jon Ander González Esteban,Cultural y Deportiva Leonesa,Málaga CF,David Larrubia,0,0,1,4,1,1,0,0,24,0,0,2,1,4,0
149,17 Nov 2025,,55zo5ptqncsgslgfp0nvj2590,Jon Ander González Esteban,Cultural y Deportiva Leonesa,Málaga CF,Alfonso Herrero,0,0,0,0,0,0,0,0,25,0,0,0,0,0,0
149,17 Nov 2025,,55zo5ptqncsgslgfp0nvj2590,Jon Ander González Esteban,Cultural y Deportiva Leonesa,Málaga CF,Dani Lorenzo,0,0,0,0,0,0,0,0,74,0,0,0,0,0,0
149,17 Nov 2025,,55zo5ptqncsgslgfp0nvj2590,Jon Ander González Esteban,Cultural y Deportiva Leonesa,Málaga CF,Rafa Rodríguez,0,2,2,0,4,2,0,0,27,0,0,3,1,2,0
149,17 Nov 2025,,55zo5ptqncsgslgfp0nvj2590,Jon Ander González Esteban,Cultural y Deportiva Leonesa,Málaga CF,Javi Montero,0,0,0,0,2,0,0,0,79,0,0,1,0,0,1
149,17 Nov 2025,,55zo5ptqncsgslgfp0nvj2590,Jon Ander González Esteban,Cultural y Deportiva Leonesa,Málaga CF,Diego Murillo,0,0,0,1,1,0,0,0,83,1,0,2,0,1,0
149,17 Nov 2025,,55zo5ptqncsgslgfp0nvj2590,Jon Ander González Esteban,Cultural y Deportiva Leonesa,Málaga CF,Rafita,0,0,0,3,0,0,0,1,41,0,0,0,0,1,0
149,17 Nov 2025,,55zo5ptqncsgslgfp0nvj2590,Jon Ander González Esteban,Cultural y Deportiva Leonesa,Málaga CF,Víctor García,0,0,1,17,0,0,0,0,66,0,0,0,0,0,0
149,17 Nov 2025,,55zo5ptqncsgslgfp0nvj2590,Jon Ander González Esteban,Cultural y Deportiva Leonesa,Málaga CF,Julen Lobete,0,1,1,6,1,2,0,0,30,0,0,3,1,0,0
149,17 Nov 2025,,55zo5ptqncsgslgfp0nvj2590,Jon Ander González Esteban,Cultural y Deportiva Leonesa,Málaga CF,Izan Merino,0,0,0,0,1,0,0,0,20,0,0,0,0,0,1
149,17 Nov 2025,,55zo5ptqncsgslgfp0nvj2590,Jon Ander González Esteban,Cultural y Deportiva Leonesa,Málaga CF,Eneko Jauregi,0,0,0,0,2,0,0,1,14,0,0,1,0,0,0
149,17 Nov 2025,,55zo5ptqncsgslgfp0nvj2590,Jon Ander González Esteban,Cultural y Deportiva Leonesa,Málaga CF,Adrián Niño,0,2,1,0,1,0,0,0,9,0,0,3,0,0,0
149,17 Nov 2025,,55zo5ptqncsgslgfp0nvj2590,Jon Ander González Esteban,Cultural y Deportiva Leonesa,Málaga CF,Carlos Dotor,0,0,0,0,0,0,0,0,15,0,0,0,0,0,0
149,17 Nov 2025,,55zo5ptqncsgslgfp0nvj2590,Jon Ander González Esteban,Cultural y Deportiva Leonesa,Málaga CF,Josué Dorrio,0,0,0,3,0,0,0,0,11,0,0,0,0,1,0
149,17 Nov 2025,,55zo5ptqncsgslgfp0nvj2590,Jon Ander González Esteban,Cultural y Deportiva Leonesa,Málaga CF,Joaquín Muñoz,0,1,2,1,0,1,0,0,5,0,0,1,0,0,0
149,17 Nov 2025,,55zo5ptqncsgslgfp0nvj2590,Jon Ander González Esteban,Cultural y Deportiva Leonesa,Málaga CF,Carlos Puga,0,0,1,1,1,0,0,0,2,0,0,0,0,0,0
150,16 Nov 2025,,56dd6556zexdunt8i6mb9qyhg,Marta Huerta de Aza,UD Almería,Cádiz CF,Sergio Arribas,0,0,2,6,0,0,1,0,29,0,0,3,3,0,1
150,16 Nov 2025,,56dd6556zexdunt8i6mb9qyhg,Marta Huerta de Aza,UD Almería,Cádiz CF,D. Lopy,0,0,0,0,2,0,0,0,23,0,0,1,0,1,1
150,16 Nov 2025,,56dd6556zexdunt8i6mb9qyhg,Marta Huerta de Aza,UD Almería,Cádiz CF,Nélson Monte,0,0,1,0,3,1,0,0,33,0,0,0,0,0,1
150,16 Nov 2025,,56dd6556zexdunt8i6mb9qyhg,Marta Huerta de Aza,UD Almería,Cádiz CF,F. Bonini,0,1,2,1,0,0,0,0,36,0,0,2,1,0,0
150,16 Nov 2025,,56dd6556zexdunt8i6mb9qyhg,Marta Huerta de Aza,UD Almería,Cádiz CF,Álex Centelles,0,0,3,7,2,0,0,0,40,0,0,1,0,2,0
150,16 Nov 2025,,56dd6556zexdunt8i6mb9qyhg,Marta Huerta de Aza,UD Almería,Cádiz CF,Adri Embarba,0,2,1,9,1,1,1,0,39,0,0,3,1,0,0
150,16 Nov 2025,,56dd6556zexdunt8i6mb9qyhg,Marta Huerta de Aza,UD Almería,Cádiz CF,D. Chirino,0,0,1,0,0,0,0,0,33,0,0,0,0,2,0
150,16 Nov 2025,,56dd6556zexdunt8i6mb9qyhg,Marta Huerta de Aza,UD Almería,Cádiz CF,Arnau Puigmal,0,0,0,4,1,0,0,0,19,0,0,0,0,2,0
150,16 Nov 2025,,56dd6556zexdunt8i6mb9qyhg,Marta Huerta de Aza,UD Almería,Cádiz CF,Andrés Fernández,0,0,0,0,0,0,0,0,27,0,2,0,0,0,0
150,16 Nov 2025,,56dd6556zexdunt8i6mb9qyhg,Marta Huerta de Aza,UD Almería,Cádiz CF,Thalys,0,0,0,0,1,2,1,0,10,0,0,1,1,2,0
150,16 Nov 2025,,56dd6556zexdunt8i6mb9qyhg,Marta Huerta de Aza,UD Almería,Cádiz CF,Gui,0,1,3,2,2,2,0,0,26,0,0,1,0,1,0
150,16 Nov 2025,,56dd6556zexdunt8i6mb9qyhg,Marta Huerta de Aza,UD Almería,Cádiz CF,I. Baba,0,0,0,0,1,0,0,0,22,0,0,0,0,1,0
150,16 Nov 2025,,56dd6556zexdunt8i6mb9qyhg,Marta Huerta de Aza,UD Almería,Cádiz CF,Nico Melamed,0,0,1,1,0,1,0,0,10,0,0,3,2,0,0
150,16 Nov 2025,,56dd6556zexdunt8i6mb9qyhg,Marta Huerta de Aza,UD Almería,Cádiz CF,Marcos Luna,0,0,0,0,0,0,0,0,8,0,0,1,1,1,0
150,16 Nov 2025,,56dd6556zexdunt8i6mb9qyhg,Marta Huerta de Aza,UD Almería,Cádiz CF,P. Soko,0,0,0,0,0,1,0,0,4,0,0,0,0,0,0
150,16 Nov 2025,,56dd6556zexdunt8i6mb9qyhg,Marta Huerta de Aza,UD Almería,Cádiz CF,Selvi Clua,0,0,0,0,0,0,0,0,5,0,0,0,0,0,0
150,16 Nov 2025,,56dd6556zexdunt8i6mb9qyhg,Marta Huerta de Aza,UD Almería,Cádiz CF,Suso,0,0,2,5,1,2,0,0,20,0,0,1,1,0,0
150,16 Nov 2025,,56dd6556zexdunt8i6mb9qyhg,Marta Huerta de Aza,UD Almería,Cádiz CF,Pelayo Fernández,0,0,0,0,2,1,0,0,32,0,0,1,0,0,0
150,16 Nov 2025,,56dd6556zexdunt8i6mb9qyhg,Marta Huerta de Aza,UD Almería,Cádiz CF,José de la Rosa,0,0,1,1,0,1,0,0,9,0,0,1,1,0,0
150,16 Nov 2025,,56dd6556zexdunt8i6mb9qyhg,Marta Huerta de Aza,UD Almería,Cádiz CF,Victor Aznar,0,0,0,0,0,0,0,0,26,0,6,0,0,0,0
150,16 Nov 2025,,56dd6556zexdunt8i6mb9qyhg,Marta Huerta de Aza,UD Almería,Cádiz CF,Mario Climent,0,0,1,1,1,0,0,0,19,0,0,0,0,1,0
150,16 Nov 2025,,56dd6556zexdunt8i6mb9qyhg,Marta Huerta de Aza,UD Almería,Cádiz CF,Iker Recio,0,0,0,0,1,0,0,0,39,0,0,0,0,1,1
150,16 Nov 2025,,56dd6556zexdunt8i6mb9qyhg,Marta Huerta de Aza,UD Almería,Cádiz CF,M. Diakité,0,0,0,0,0,1,0,0,22,0,0,0,0,2,0
150,16 Nov 2025,,56dd6556zexdunt8i6mb9qyhg,Marta Huerta de Aza,UD Almería,Cádiz CF,A. Caicedo,0,0,0,1,1,0,0,0,19,0,0,0,0,6,0
150,16 Nov 2025,,56dd6556zexdunt8i6mb9qyhg,Marta Huerta de Aza,UD Almería,Cádiz CF,B. Ocampo,0,0,1,3,3,5,0,0,15,0,0,1,0,0,0
150,16 Nov 2025,,56dd6556zexdunt8i6mb9qyhg,Marta Huerta de Aza,UD Almería,Cádiz CF,Y. Diarra,0,0,0,0,1,1,0,0,23,0,0,1,0,2,0
150,16 Nov 2025,,56dd6556zexdunt8i6mb9qyhg,Marta Huerta de Aza,UD Almería,Cádiz CF,Álvaro García Pascual,0,0,0,1,1,1,0,1,9,0,0,0,0,0,0
150,16 Nov 2025,,56dd6556zexdunt8i6mb9qyhg,Marta Huerta de Aza,UD Almería,Cádiz CF,E. Ugiagbe,0,0,0,2,0,0,0,0,3,0,0,1,1,1,0
150,16 Nov 2025,,56dd6556zexdunt8i6mb9qyhg,Marta Huerta de Aza,UD Almería,Cádiz CF,D. Camara,0,0,0,0,0,1,0,2,3,0,0,0,0,0,0
150,16 Nov 2025,,56dd6556zexdunt8i6mb9qyhg,Marta Huerta de Aza,UD Almería,Cádiz CF,Sergio Ortuño,0,1,0,0,0,0,0,0,10,0,0,1,0,1,0
150,16 Nov 2025,,56dd6556zexdunt8i6mb9qyhg,Marta Huerta de Aza,UD Almería,Cádiz CF,Roger,0,0,0,0,0,0,0,0,6,0,0,0,0,0,0
150,16 Nov 2025,,56dd6556zexdunt8i6mb9qyhg,Marta Huerta de Aza,UD Almería,Cádiz CF,Álex Fernández,0,0,0,1,0,0,0,0,7,0,0,0,0,0,0
151,16 Nov 2025,,56r29n78oc16fok1fsbryr9ck,Alonso de Ena Wolf,CD Mirandés,Burgos CF,Aarón,0,0,0,0,2,3,0,0,30,0,0,0,0,1,0
151,16 Nov 2025,,56r29n78oc16fok1fsbryr9ck,Alonso de Ena Wolf,CD Mirandés,Burgos CF,Juanpa,0,0,0,0,0,0,0,0,28,0,2,0,0,0,0
151,16 Nov 2025,,56r29n78oc16fok1fsbryr9ck,Alonso de Ena Wolf,CD Mirandés,Burgos CF,Alberto Marí,0,2,2,0,4,3,0,0,13,0,0,4,0,1,0
151,16 Nov 2025,,56r29n78oc16fok1fsbryr9ck,Alonso de Ena Wolf,CD Mirandés,Burgos CF,Juan Gutiérrez,0,0,0,2,2,1,0,0,52,0,0,0,0,0,1
151,16 Nov 2025,,56r29n78oc16fok1fsbryr9ck,Alonso de Ena Wolf,CD Mirandés,Burgos CF,T. Helguera,0,0,0,0,0,0,0,0,31,0,0,0,0,1,0
151,16 Nov 2025,,56r29n78oc16fok1fsbryr9ck,Alonso de Ena Wolf,CD Mirandés,Burgos CF,Rafel Bauzà,0,0,1,4,2,2,0,0,24,0,0,2,0,0,0
151,16 Nov 2025,,56r29n78oc16fok1fsbryr9ck,Alonso de Ena Wolf,CD Mirandés,Burgos CF,Martín Pascual,0,0,0,1,2,1,0,0,43,0,0,3,2,0,1
151,16 Nov 2025,,56r29n78oc16fok1fsbryr9ck,Alonso de Ena Wolf,CD Mirandés,Burgos CF,Carlos Fernández,0,0,0,0,2,1,0,0,17,0,0,1,0,0,0
151,16 Nov 2025,,56r29n78oc16fok1fsbryr9ck,Alonso de Ena Wolf,CD Mirandés,Burgos CF,Toni Tamarit,0,0,0,6,2,1,0,0,29,0,0,1,0,0,1
151,16 Nov 2025,,56r29n78oc16fok1fsbryr9ck,Alonso de Ena Wolf,CD Mirandés,Burgos CF,Postigo,0,0,0,0,2,0,0,1,60,0,0,0,0,2,0
151,16 Nov 2025,,56r29n78oc16fok1fsbryr9ck,Alonso de Ena Wolf,CD Mirandés,Burgos CF,Pablo Pérez,0,0,2,12,2,0,0,0,34,0,0,0,0,2,1
151,16 Nov 2025,,56r29n78oc16fok1fsbryr9ck,Alonso de Ena Wolf,CD Mirandés,Burgos CF,Álex Cardero,0,1,2,2,0,0,0,0,5,0,0,1,0,0,0
151,16 Nov 2025,,56r29n78oc16fok1fsbryr9ck,Alonso de Ena Wolf,CD Mirandés,Burgos CF,G. Petit,0,0,0,0,1,0,0,0,3,0,0,0,0,0,0
151,16 Nov 2025,,56r29n78oc16fok1fsbryr9ck,Alonso de Ena Wolf,CD Mirandés,Burgos CF,S. El Jebari,0,0,0,0,0,0,0,0,2,0,0,0,0,0,0
151,16 Nov 2025,,56r29n78oc16fok1fsbryr9ck,Alonso de Ena Wolf,CD Mirandés,Burgos CF,E. Eto'o,0,0,0,0,0,0,0,0,1,0,0,0,0,0,0
151,16 Nov 2025,,56r29n78oc16fok1fsbryr9ck,Alonso de Ena Wolf,CD Mirandés,Burgos CF,Hugo Novoa,0,0,0,0,0,0,0,0,2,0,0,0,0,0,0
151,16 Nov 2025,,56r29n78oc16fok1fsbryr9ck,Alonso de Ena Wolf,CD Mirandés,Burgos CF,Sergio González,0,0,0,0,4,2,0,0,27,0,0,0,0,0,1
151,16 Nov 2025,,56r29n78oc16fok1fsbryr9ck,Alonso de Ena Wolf,CD Mirandés,Burgos CF,Álex Lizancos,0,0,1,1,1,2,0,0,22,0,0,1,1,2,0
151,16 Nov 2025,,56r29n78oc16fok1fsbryr9ck,Alonso de Ena Wolf,CD Mirandés,Burgos CF,Grego Sierra,0,0,0,1,1,0,0,0,49,0,0,0,0,1,0
151,16 Nov 2025,,56r29n78oc16fok1fsbryr9ck,Alonso de Ena Wolf,CD Mirandés,Burgos CF,Miguel Atienza,0,0,0,0,1,3,0,0,61,0,0,0,0,2,0
151,16 Nov 2025,,56r29n78oc16fok1fsbryr9ck,Alonso de Ena Wolf,CD Mirandés,Burgos CF,Iñigo Córdoba,0,0,0,1,0,1,0,0,20,0,0,0,0,1,0
151,16 Nov 2025,,56r29n78oc16fok1fsbryr9ck,Alonso de Ena Wolf,CD Mirandés,Burgos CF,Fer Niño,0,0,0,0,2,1,0,0,24,0,0,0,0,1,0
151,16 Nov 2025,,56r29n78oc16fok1fsbryr9ck,Alonso de Ena Wolf,CD Mirandés,Burgos CF,Curro Sánchez,0,0,1,5,1,2,0,0,30,0,0,0,0,0,0
151,16 Nov 2025,,56r29n78oc16fok1fsbryr9ck,Alonso de Ena Wolf,CD Mirandés,Burgos CF,Iván Morante,0,1,1,2,1,1,0,0,44,0,0,1,0,0,0
151,16 Nov 2025,,56r29n78oc16fok1fsbryr9ck,Alonso de Ena Wolf,CD Mirandés,Burgos CF,F. Miguel,0,0,0,2,0,5,0,0,42,0,0,1,1,1,0
151,16 Nov 2025,,56r29n78oc16fok1fsbryr9ck,Alonso de Ena Wolf,CD Mirandés,Burgos CF,Ander Cantero,0,0,0,0,0,1,0,0,27,0,2,0,0,0,0
151,16 Nov 2025,,56r29n78oc16fok1fsbryr9ck,Alonso de Ena Wolf,CD Mirandés,Burgos CF,David González,0,0,0,0,1,1,0,0,17,0,0,1,0,0,0
151,16 Nov 2025,,56r29n78oc16fok1fsbryr9ck,Alonso de Ena Wolf,CD Mirandés,Burgos CF,K. Appin,0,0,0,0,0,0,0,0,8,0,0,0,0,0,0
151,16 Nov 2025,,56r29n78oc16fok1fsbryr9ck,Alonso de Ena Wolf,CD Mirandés,Burgos CF,Aitor Córdoba,0,0,0,0,0,0,0,0,12,0,0,0,0,0,0
151,16 Nov 2025,,56r29n78oc16fok1fsbryr9ck,Alonso de Ena Wolf,CD Mirandés,Burgos CF,Víctor Mollejo,0,0,0,0,0,1,0,0,7,0,0,0,0,0,0
151,16 Nov 2025,,56r29n78oc16fok1fsbryr9ck,Alonso de Ena Wolf,CD Mirandés,Burgos CF,Fermín García,0,0,1,1,0,0,0,0,6,0,0,0,0,0,0
151,16 Nov 2025,,56r29n78oc16fok1fsbryr9ck,Alonso de Ena Wolf,CD Mirandés,Burgos CF,Mario González,0,0,0,0,0,0,2,0,2,0,0,2,2,0,0
152,16 Nov 2025,,576ehwhrkszg7mqqr0s1nnris,José Antonio Sánchez Villalobos,Real Sporting de Gijón,SD Eibar,Rubén Yáñez,0,0,0,0,0,0,0,0,16,0,2,0,0,0,0
152,16 Nov 2025,,576ehwhrkszg7mqqr0s1nnris,José Antonio Sánchez Villalobos,Real Sporting de Gijón,SD Eibar,L. Perrin,0,0,0,0,1,1,0,0,90,0,0,1,1,1,1
152,16 Nov 2025,,576ehwhrkszg7mqqr0s1nnris,José Antonio Sánchez Villalobos,Real Sporting de Gijón,SD Eibar,Álex Corredera,0,0,0,9,2,1,0,0,87,0,0,1,1,2,0
152,16 Nov 2025,,576ehwhrkszg7mqqr0s1nnris,José Antonio Sánchez Villalobos,Real Sporting de Gijón,SD Eibar,Pablo Vázquez,0,0,0,0,1,0,0,0,85,0,0,0,0,3,0
152,16 Nov 2025,,576ehwhrkszg7mqqr0s1nnris,José Antonio Sánchez Villalobos,Real Sporting de Gijón,SD Eibar,Diego Sánchez,0,0,0,1,1,0,0,0,65,0,0,0,0,0,0
152,16 Nov 2025,,576ehwhrkszg7mqqr0s1nnris,José Antonio Sánchez Villalobos,Real Sporting de Gijón,SD Eibar,César Gelabert,0,3,5,8,1,3,0,0,59,0,0,4,1,1,0
152,16 Nov 2025,,576ehwhrkszg7mqqr0s1nnris,José Antonio Sánchez Villalobos,Real Sporting de Gijón,SD Eibar,Jonathan Dubasin,0,0,0,2,1,1,1,0,52,0,0,2,1,2,0
152,16 Nov 2025,,576ehwhrkszg7mqqr0s1nnris,José Antonio Sánchez Villalobos,Real Sporting de Gijón,SD Eibar,Nacho Martín,0,0,0,0,2,0,0,0,59,0,0,1,0,2,0
152,16 Nov 2025,,576ehwhrkszg7mqqr0s1nnris,José Antonio Sánchez Villalobos,Real Sporting de Gijón,SD Eibar,Gaspar Campos,0,1,2,3,0,1,0,0,30,0,0,3,1,0,0
152,16 Nov 2025,,576ehwhrkszg7mqqr0s1nnris,José Antonio Sánchez Villalobos,Real Sporting de Gijón,SD Eibar,Guille Rosas,0,0,2,1,1,1,0,0,58,0,0,0,0,1,1
152,16 Nov 2025,,576ehwhrkszg7mqqr0s1nnris,José Antonio Sánchez Villalobos,Real Sporting de Gijón,SD Eibar,A. Coundoul,0,0,1,0,2,4,0,0,11,0,0,1,1,1,0
152,16 Nov 2025,,576ehwhrkszg7mqqr0s1nnris,José Antonio Sánchez Villalobos,Real Sporting de Gijón,SD Eibar,Nico Riestra,0,0,0,0,0,0,0,0,4,0,0,0,0,0,0
152,16 Nov 2025,,576ehwhrkszg7mqqr0s1nnris,José Antonio Sánchez Villalobos,Real Sporting de Gijón,SD Eibar,J. Caicedo,0,0,0,0,1,0,0,0,3,0,0,0,0,0,1
152,16 Nov 2025,,576ehwhrkszg7mqqr0s1nnris,José Antonio Sánchez Villalobos,Real Sporting de Gijón,SD Eibar,J. Smith,0,0,0,0,0,0,0,0,0,0,0,0,0,0,0
152,16 Nov 2025,,576ehwhrkszg7mqqr0s1nnris,José Antonio Sánchez Villalobos,Real Sporting de Gijón,SD Eibar,Javi Martón,0,0,1,0,0,3,0,0,18,0,0,0,0,0,0
152,16 Nov 2025,,576ehwhrkszg7mqqr0s1nnris,José Antonio Sánchez Villalobos,Real Sporting de Gijón,SD Eibar,Anaitz Arbilla,0,0,0,2,0,0,0,0,43,0,0,0,0,1,0
152,16 Nov 2025,,576ehwhrkszg7mqqr0s1nnris,José Antonio Sánchez Villalobos,Real Sporting de Gijón,SD Eibar,Jon Bautista,1,0,0,0,1,2,0,0,27,0,0,1,1,2,0
152,16 Nov 2025,,576ehwhrkszg7mqqr0s1nnris,José Antonio Sánchez Villalobos,Real Sporting de Gijón,SD Eibar,Sergio Cubero,0,0,0,2,0,3,0,0,23,0,0,0,0,5,0
152,16 Nov 2025,,576ehwhrkszg7mqqr0s1nnris,José Antonio Sánchez Villalobos,Real Sporting de Gijón,SD Eibar,Sergio Álvarez,0,0,0,0,1,0,0,0,49,0,0,1,0,3,0
152,16 Nov 2025,,576ehwhrkszg7mqqr0s1nnris,José Antonio Sánchez Villalobos,Real Sporting de Gijón,SD Eibar,Marco Moreno,0,0,0,0,0,2,0,0,38,0,0,0,0,1,0
152,16 Nov 2025,,576ehwhrkszg7mqqr0s1nnris,José Antonio Sánchez Villalobos,Real Sporting de Gijón,SD Eibar,Jonmi Magunagoitia,0,0,0,0,0,0,0,0,23,0,5,0,0,0,0
152,16 Nov 2025,,576ehwhrkszg7mqqr0s1nnris,José Antonio Sánchez Villalobos,Real Sporting de Gijón,SD Eibar,Aritz Arambarri,0,0,0,0,1,0,0,0,11,0,0,0,0,1,1
152,16 Nov 2025,,576ehwhrkszg7mqqr0s1nnris,José Antonio Sánchez Villalobos,Real Sporting de Gijón,SD Eibar,Aleix Garrido,0,1,1,1,1,0,0,0,44,0,0,1,0,1,1
152,16 Nov 2025,,576ehwhrkszg7mqqr0s1nnris,José Antonio Sánchez Villalobos,Real Sporting de Gijón,SD Eibar,José Corpas,0,0,1,2,2,1,1,0,40,0,0,3,2,0,1
152,16 Nov 2025,,576ehwhrkszg7mqqr0s1nnris,José Antonio Sánchez Villalobos,Real Sporting de Gijón,SD Eibar,Toni Villa,0,0,0,4,1,2,0,0,20,0,0,0,0,2,1
152,16 Nov 2025,,576ehwhrkszg7mqqr0s1nnris,José Antonio Sánchez Villalobos,Real Sporting de Gijón,SD Eibar,Jair Amador,0,0,0,0,4,0,0,0,17,0,0,0,0,0,1
152,16 Nov 2025,,576ehwhrkszg7mqqr0s1nnris,José Antonio Sánchez Villalobos,Real Sporting de Gijón,SD Eibar,Javi Martínez,0,0,0,0,1,0,0,0,17,0,0,0,0,0,0
152,16 Nov 2025,,576ehwhrkszg7mqqr0s1nnris,José Antonio Sánchez Villalobos,Real Sporting de Gijón,SD Eibar,Lander Olaetxea,0,0,0,0,0,0,0,0,12,0,0,0,0,0,0
152,16 Nov 2025,,576ehwhrkszg7mqqr0s1nnris,José Antonio Sánchez Villalobos,Real Sporting de Gijón,SD Eibar,Xeber Alkain,0,0,0,1,0,0,0,0,7,0,0,0,0,0,0
152,16 Nov 2025,,576ehwhrkszg7mqqr0s1nnris,José Antonio Sánchez Villalobos,Real Sporting de Gijón,SD Eibar,Álvaro Rodríguez Pérez,0,0,0,0,0,0,0,0,0,0,0,0,0,0,0
153,15 Nov 2025,,57k5k19tyab7k3mn9zgaox1jo,Saúl Ais Reig,Real Racing Club,Granada CF,Mario García,0,0,1,3,1,0,0,0,29,0,0,0,0,0,0
153,15 Nov 2025,,57k5k19tyab7k3mn9zgaox1jo,Saúl Ais Reig,Real Racing Club,Granada CF,Iñigo Vicente,1,0,1,8,2,2,0,0,46,0,0,0,0,0,0
153,15 Nov 2025,,57k5k19tyab7k3mn9zgaox1jo,Saúl Ais Reig,Real Racing Club,Granada CF,Íñigo Sainz-Maza,0,0,0,0,0,0,0,0,20,0,0,0,0,1,0
153,15 Nov 2025,,57k5k19tyab7k3mn9zgaox1jo,Saúl Ais Reig,Real Racing Club,Granada CF,Pablo Ramón,0,0,0,0,1,0,0,0,39,0,0,0,0,3,0
153,15 Nov 2025,,57k5k19tyab7k3mn9zgaox1jo,Saúl Ais Reig,Real Racing Club,Granada CF,Álvaro Mantilla,0,0,0,0,0,2,0,0,28,0,0,0,0,4,1
153,15 Nov 2025,,57k5k19tyab7k3mn9zgaox1jo,Saúl Ais Reig,Real Racing Club,Granada CF,Andrés Martín,0,1,1,4,1,1,0,1,30,0,0,2,0,1,1
153,15 Nov 2025,,57k5k19tyab7k3mn9zgaox1jo,Saúl Ais Reig,Real Racing Club,Granada CF,Javi Castro,0,1,0,0,0,1,1,0,41,0,0,2,1,3,0
153,15 Nov 2025,,57k5k19tyab7k3mn9zgaox1jo,Saúl Ais Reig,Real Racing Club,Granada CF,Marco Sangalli,1,0,1,0,0,2,0,0,22,0,0,0,0,3,0
153,15 Nov 2025,,57k5k19tyab7k3mn9zgaox1jo,Saúl Ais Reig,Real Racing Club,Granada CF,Jokin Ezkieta,0,0,0,0,0,0,0,0,26,0,3,0,0,0,0
153,15 Nov 2025,,57k5k19tyab7k3mn9zgaox1jo,Saúl Ais Reig,Real Racing Club,Granada CF,M. Gueye,0,0,0,0,2,3,0,0,34,0,0,2,0,2,1
153,15 Nov 2025,,57k5k19tyab7k3mn9zgaox1jo,Saúl Ais Reig,Real Racing Club,Granada CF,Asier Villalibre,0,0,1,0,0,1,1,1,10,0,0,2,2,0,0
153,15 Nov 2025,,57k5k19tyab7k3mn9zgaox1jo,Saúl Ais Reig,Real Racing Club,Granada CF,Sergio Martínez,0,0,0,0,1,0,0,0,18,0,0,0,0,1,1
153,15 Nov 2025,,57k5k19tyab7k3mn9zgaox1jo,Saúl Ais Reig,Real Racing Club,Granada CF,Juan Carlos Arana,0,0,1,0,1,1,0,1,4,0,0,4,2,0,1
153,15 Nov 2025,,57k5k19tyab7k3mn9zgaox1jo,Saúl Ais Reig,Real Racing Club,Granada CF,S. Camara,0,0,1,0,0,4,0,0,4,0,0,1,0,0,0
153,15 Nov 2025,,57k5k19tyab7k3mn9zgaox1jo,Saúl Ais Reig,Real Racing Club,Granada CF,Jorge Pascual,0,1,0,0,1,1,1,1,17,0,0,3,2,1,1
153,15 Nov 2025,,57k5k19tyab7k3mn9zgaox1jo,Saúl Ais Reig,Real Racing Club,Granada CF,Loïc Williams,0,1,0,0,1,1,0,0,44,0,0,1,0,2,0
153,15 Nov 2025,,57k5k19tyab7k3mn9zgaox1jo,Saúl Ais Reig,Real Racing Club,Granada CF,B. Diallo,0,0,0,4,1,0,0,0,30,0,0,2,0,0,0
153,15 Nov 2025,,57k5k19tyab7k3mn9zgaox1jo,Saúl Ais Reig,Real Racing Club,Granada CF,Manu Lama,0,0,0,0,1,0,0,0,47,0,0,0,0,1,0
153,15 Nov 2025,,57k5k19tyab7k3mn9zgaox1jo,Saúl Ais Reig,Real Racing Club,Granada CF,Pedro Alemañ,0,0,1,2,3,1,0,0,22,0,0,1,0,0,1
153,15 Nov 2025,,57k5k19tyab7k3mn9zgaox1jo,Saúl Ais Reig,Real Racing Club,Granada CF,Rubén Alcaraz,0,0,0,0,1,2,0,0,28,0,0,0,0,0,0
153,15 Nov 2025,,57k5k19tyab7k3mn9zgaox1jo,Saúl Ais Reig,Real Racing Club,Granada CF,Sergio Ruiz,0,0,0,0,3,3,0,0,41,0,0,1,0,2,0
153,15 Nov 2025,,57k5k19tyab7k3mn9zgaox1jo,Saúl Ais Reig,Real Racing Club,Granada CF,O. Oppong,0,0,1,4,1,0,0,0,24,0,0,0,0,3,0
153,15 Nov 2025,,57k5k19tyab7k3mn9zgaox1jo,Saúl Ais Reig,Real Racing Club,Granada CF,Álex Sola,0,0,1,3,3,0,0,3,12,0,0,1,0,1,1
153,15 Nov 2025,,57k5k19tyab7k3mn9zgaox1jo,Saúl Ais Reig,Real Racing Club,Granada CF,S. Faye,0,0,1,2,2,1,0,1,23,0,0,2,1,0,1
153,15 Nov 2025,,57k5k19tyab7k3mn9zgaox1jo,Saúl Ais Reig,Real Racing Club,Granada CF,Ander Astralaga,0,0,0,0,0,0,0,0,25,0,3,0,0,0,1
153,15 Nov 2025,,57k5k19tyab7k3mn9zgaox1jo,Saúl Ais Reig,Real Racing Club,Granada CF,José Arnáiz,0,0,0,3,0,0,1,0,10,0,0,2,2,1,0
153,15 Nov 2025,,57k5k19tyab7k3mn9zgaox1jo,Saúl Ais Reig,Real Racing Club,Granada CF,Manu Trigueros,0,0,0,0,0,0,0,0,2,0,0,0,0,0,0
153,15 Nov 2025,,57k5k19tyab7k3mn9zgaox1jo,Saúl Ais Reig,Real Racing Club,Granada CF,L. Gagnidze,0,0,0,0,0,0,0,0,2,0,0,0,0,0,0
153,15 Nov 2025,,57k5k19tyab7k3mn9zgaox1jo,Saúl Ais Reig,Real Racing Club,Granada CF,Pau Casadesús,0,0,0,0,0,0,0,0,0,0,0,0,0,0,0
154,16 Nov 2025,,57xwzyzn0e2swsr5azky79990,Salvador Lax Franco,Real Zaragoza,SD Huesca,Mario Soberón,0,0,0,0,0,0,0,0,23,0,0,0,0,1,0
154,16 Nov 2025,,57xwzyzn0e2swsr5azky79990,Salvador Lax Franco,Real Zaragoza,SD Huesca,Francho Serrano,0,0,1,5,1,1,0,1,37,0,0,0,0,0,0
154,16 Nov 2025,,57xwzyzn0e2swsr5azky79990,Salvador Lax Franco,Real Zaragoza,SD Huesca,K. Kodro,0,1,1,0,0,1,0,0,19,0,0,2,1,0,0
154,16 Nov 2025,,57xwzyzn0e2swsr5azky79990,Salvador Lax Franco,Real Zaragoza,SD Huesca,Martín Aguirregabiria,0,0,0,2,1,1,1,0,53,0,0,1,1,4,0
154,16 Nov 2025,,57xwzyzn0e2swsr5azky79990,Salvador Lax Franco,Real Zaragoza,SD Huesca,Raúl Guti,0,1,1,4,1,1,0,0,45,0,0,1,0,2,0
154,16 Nov 2025,,57xwzyzn0e2swsr5azky79990,Salvador Lax Franco,Real Zaragoza,SD Huesca,Pablo Insua,0,0,0,0,0,1,0,0,52,0,0,0,0,2,0
154,16 Nov 2025,,57xwzyzn0e2swsr5azky79990,Salvador Lax Franco,Real Zaragoza,SD Huesca,K. Bare,0,0,0,1,2,2,0,0,41,0,0,0,0,1,1
154,16 Nov 2025,,57xwzyzn0e2swsr5azky79990,Salvador Lax Franco,Real Zaragoza,SD Huesca,Valery,0,0,0,2,1,1,0,1,34,0,0,0,0,0,1
154,16 Nov 2025,,57xwzyzn0e2swsr5azky79990,Salvador Lax Franco,Real Zaragoza,SD Huesca,Carlos Pomares,0,1,2,2,1,0,0,0,53,0,0,1,0,4,0
154,16 Nov 2025,,57xwzyzn0e2swsr5azky79990,Salvador Lax Franco,Real Zaragoza,SD Huesca,A. Radovanović,0,0,0,0,2,0,0,0,47,1,0,1,0,2,2
154,16 Nov 2025,,57xwzyzn0e2swsr5azky79990,Salvador Lax Franco,Real Zaragoza,SD Huesca,E. Andrada,0,0,0,0,0,0,0,0,24,0,2,0,0,0,0
154,16 Nov 2025,,57xwzyzn0e2swsr5azky79990,Salvador Lax Franco,Real Zaragoza,SD Huesca,Yussif Saidu,0,0,0,0,0,0,0,0,9,0,0,0,0,0,0
154,16 Nov 2025,,57xwzyzn0e2swsr5azky79990,Salvador Lax Franco,Real Zaragoza,SD Huesca,S. Bakış,0,0,0,0,0,0,0,1,5,0,0,0,0,1,0
154,16 Nov 2025,,57xwzyzn0e2swsr5azky79990,Salvador Lax Franco,Real Zaragoza,SD Huesca,Sebas Moyano,0,0,0,1,0,0,0,0,1,0,0,0,0,1,0
154,16 Nov 2025,,57xwzyzn0e2swsr5azky79990,Salvador Lax Franco,Real Zaragoza,SD Huesca,Dani Tasende,0,0,0,0,0,1,0,0,0,0,0,0,0,0,0
154,16 Nov 2025,,57xwzyzn0e2swsr5azky79990,Salvador Lax Franco,Real Zaragoza,SD Huesca,Toni Moya,0,0,0,1,0,0,0,0,2,0,0,0,0,1,0
154,16 Nov 2025,,57xwzyzn0e2swsr5azky79990,Salvador Lax Franco,Real Zaragoza,SD Huesca,Jesús Álvarez,0,1,0,2,0,1,0,0,47,0,0,1,0,2,0
154,16 Nov 2025,,57xwzyzn0e2swsr5azky79990,Salvador Lax Franco,Real Zaragoza,SD Huesca,Julio Alonso,0,0,0,2,1,1,0,0,38,0,0,0,0,1,0
154,16 Nov 2025,,57xwzyzn0e2swsr5azky79990,Salvador Lax Franco,Real Zaragoza,SD Huesca,Portillo,0,0,1,1,0,2,0,0,40,0,0,1,1,4,0
154,16 Nov 2025,,57xwzyzn0e2swsr5azky79990,Salvador Lax Franco,Real Zaragoza,SD Huesca,Óscar Sielva,0,0,0,6,0,0,0,0,58,0,0,0,0,4,0
154,16 Nov 2025,,57xwzyzn0e2swsr5azky79990,Salvador Lax Franco,Real Zaragoza,SD Huesca,Sergi Enrich,0,0,0,0,1,2,0,2,19,0,0,0,0,1,0
154,16 Nov 2025,,57xwzyzn0e2swsr5azky79990,Salvador Lax Franco,Real Zaragoza,SD Huesca,Iker Kortajarena,0,0,0,0,2,0,0,0,25,0,0,0,0,0,0
154,16 Nov 2025,,57xwzyzn0e2swsr5azky79990,Salvador Lax Franco,Real Zaragoza,SD Huesca,D. Luna,0,2,2,3,1,1,0,0,15,0,0,3,0,3,0
154,16 Nov 2025,,57xwzyzn0e2swsr5azky79990,Salvador Lax Franco,Real Zaragoza,SD Huesca,Jorge Pulido,0,0,0,0,1,0,0,0,36,0,0,0,0,1,0
154,16 Nov 2025,,57xwzyzn0e2swsr5azky79990,Salvador Lax Franco,Real Zaragoza,SD Huesca,Álvaro Carrillo,0,1,0,3,1,1,0,0,27,0,0,1,0,0,0
154,16 Nov 2025,,57xwzyzn0e2swsr5azky79990,Salvador Lax Franco,Real Zaragoza,SD Huesca,Iñigo Piña,0,0,0,0,0,0,0,0,38,0,0,0,0,1,0
154,16 Nov 2025,,57xwzyzn0e2swsr5azky79990,Salvador Lax Franco,Real Zaragoza,SD Huesca,Dani Jiménez,0,0,0,0,0,0,0,0,22,0,1,0,0,0,0
154,16 Nov 2025,,57xwzyzn0e2swsr5azky79990,Salvador Lax Franco,Real Zaragoza,SD Huesca,Enol Rodríguez,0,0,0,0,0,0,0,0,2,0,0,1,1,0,0
154,16 Nov 2025,,57xwzyzn0e2swsr5azky79990,Salvador Lax Franco,Real Zaragoza,SD Huesca,Dani Ojeda,0,0,0,0,0,0,0,0,15,0,0,1,0,0,0
154,16 Nov 2025,,57xwzyzn0e2swsr5azky79990,Salvador Lax Franco,Real Zaragoza,SD Huesca,Ángel Pérez,0,0,0,1,1,0,0,0,7,0,0,0,0,0,1
154,16 Nov 2025,,57xwzyzn0e2swsr5azky79990,Salvador Lax Franco,Real Zaragoza,SD Huesca,Rodrigo Abajas,0,0,0,2,1,0,0,0,4,0,0,0,0,0,0
154,16 Nov 2025,,57xwzyzn0e2swsr5azky79990,Salvador Lax Franco,Real Zaragoza,SD Huesca,S. Ntamack,0,0,0,0,0,1,0,1,1,0,0,0,0,0,0
155,22 Nov 2025,,58blujhyysfes9cdz1ae01b10,Eder Mallo Fernández,CD Leganés,UD Almería,Diego García,0,0,0,1,0,0,0,0,7,0,0,0,0,1,0
155,22 Nov 2025,,58blujhyysfes9cdz1ae01b10,Eder Mallo Fernández,CD Leganés,UD Almería,Marvel,0,0,0,0,0,2,0,0,58,0,0,0,0,3,0
155,22 Nov 2025,,58blujhyysfes9cdz1ae01b10,Eder Mallo Fernández,CD Leganés,UD Almería,A. Diawara,0,0,0,1,2,1,0,0,66,0,0,0,0,2,0
155,22 Nov 2025,,58blujhyysfes9cdz1ae01b10,Eder Mallo Fernández,CD Leganés,UD Almería,Duk,0,0,0,1,3,3,0,2,11,0,0,4,2,0,0
155,22 Nov 2025,,58blujhyysfes9cdz1ae01b10,Eder Mallo Fernández,CD Leganés,UD Almería,Jorge Sáenz,0,0,0,0,1,0,0,0,64,0,0,1,0,1,0
155,22 Nov 2025,,58blujhyysfes9cdz1ae01b10,Eder Mallo Fernández,CD Leganés,UD Almería,Lalo Aguilar,0,0,0,1,1,0,0,0,41,0,0,0,0,2,1
155,22 Nov 2025,,58blujhyysfes9cdz1ae01b10,Eder Mallo Fernández,CD Leganés,UD Almería,Juan Cruz,0,1,1,7,0,1,0,0,28,0,0,4,1,1,0
155,22 Nov 2025,,58blujhyysfes9cdz1ae01b10,Eder Mallo Fernández,CD Leganés,UD Almería,Rubén Peña,0,1,0,3,1,3,0,0,22,0,0,3,1,1,0
155,22 Nov 2025,,58blujhyysfes9cdz1ae01b10,Eder Mallo Fernández,CD Leganés,UD Almería,S. Cissé,0,0,0,0,0,2,0,0,54,0,0,4,4,4,0
155,22 Nov 2025,,58blujhyysfes9cdz1ae01b10,Eder Mallo Fernández,CD Leganés,UD Almería,Naim García,0,1,2,10,0,1,0,0,11,0,0,3,2,1,0
155,22 Nov 2025,,58blujhyysfes9cdz1ae01b10,Eder Mallo Fernández,CD Leganés,UD Almería,Juan Soriano,0,0,0,0,0,0,0,0,30,0,1,0,0,0,0
155,22 Nov 2025,,58blujhyysfes9cdz1ae01b10,Eder Mallo Fernández,CD Leganés,UD Almería,Gonzalo Melero,0,0,0,0,0,0,0,1,14,0,0,1,0,1,0
155,22 Nov 2025,,58blujhyysfes9cdz1ae01b10,Eder Mallo Fernández,CD Leganés,UD Almería,Miguel de la Fuente,0,0,1,0,0,0,0,1,6,0,0,2,0,1,0
155,22 Nov 2025,,58blujhyysfes9cdz1ae01b10,Eder Mallo Fernández,CD Leganés,UD Almería,Roberto López,0,0,1,4,0,1,0,0,22,0,0,0,0,0,0
155,22 Nov 2025,,58blujhyysfes9cdz1ae01b10,Eder Mallo Fernández,CD Leganés,UD Almería,S. Figueredo,0,0,0,0,0,0,0,0,9,0,0,0,0,0,0
155,22 Nov 2025,,58blujhyysfes9cdz1ae01b10,Eder Mallo Fernández,CD Leganés,UD Almería,B. Pauwels,0,0,0,2,0,2,0,0,4,0,0,0,0,0,0
155,22 Nov 2025,,58blujhyysfes9cdz1ae01b10,Eder Mallo Fernández,CD Leganés,UD Almería,Sergio Arribas,1,0,0,1,2,0,0,0,21,0,0,0,0,1,0
155,22 Nov 2025,,58blujhyysfes9cdz1ae01b10,Eder Mallo Fernández,CD Leganés,UD Almería,Gui,0,0,0,0,2,2,0,0,31,0,0,0,0,1,0
155,22 Nov 2025,,58blujhyysfes9cdz1ae01b10,Eder Mallo Fernández,CD Leganés,UD Almería,Álex Centelles,1,0,0,2,3,1,0,0,15,0,0,0,0,0,1
155,22 Nov 2025,,58blujhyysfes9cdz1ae01b10,Eder Mallo Fernández,CD Leganés,UD Almería,F. Bonini,0,0,0,0,1,0,0,0,42,0,0,0,0,5,0
155,22 Nov 2025,,58blujhyysfes9cdz1ae01b10,Eder Mallo Fernández,CD Leganés,UD Almería,Aridane Hernández,0,0,0,0,1,0,0,0,38,0,0,0,0,0,0
155,22 Nov 2025,,58blujhyysfes9cdz1ae01b10,Eder Mallo Fernández,CD Leganés,UD Almería,Nélson Monte,0,0,0,0,1,1,0,0,37,0,0,0,0,1,0
155,22 Nov 2025,,58blujhyysfes9cdz1ae01b10,Eder Mallo Fernández,CD Leganés,UD Almería,I. Baba,0,0,0,0,2,0,0,0,15,0,0,0,0,0,1
155,22 Nov 2025,,58blujhyysfes9cdz1ae01b10,Eder Mallo Fernández,CD Leganés,UD Almería,Andrés Fernández,0,0,0,0,0,0,0,0,32,0,9,0,0,0,0
155,22 Nov 2025,,58blujhyysfes9cdz1ae01b10,Eder Mallo Fernández,CD Leganés,UD Almería,D. Chirino,0,0,0,0,1,0,1,0,25,0,0,2,1,5,1
155,22 Nov 2025,,58blujhyysfes9cdz1ae01b10,Eder Mallo Fernández,CD Leganés,UD Almería,Adri Embarba,0,0,0,2,1,1,1,3,21,0,0,4,2,0,1
155,22 Nov 2025,,58blujhyysfes9cdz1ae01b10,Eder Mallo Fernández,CD Leganés,UD Almería,Thalys,0,0,0,0,0,1,0,0,14,0,0,0,0,0,0
155,22 Nov 2025,,58blujhyysfes9cdz1ae01b10,Eder Mallo Fernández,CD Leganés,UD Almería,S. Džodić,0,0,0,0,0,0,0,0,11,0,0,0,0,1,0
155,22 Nov 2025,,58blujhyysfes9cdz1ae01b10,Eder Mallo Fernández,CD Leganés,UD Almería,Álex Muñoz,0,0,0,1,1,1,0,0,11,0,0,0,0,1,0
155,22 Nov 2025,,58blujhyysfes9cdz1ae01b10,Eder Mallo Fernández,CD Leganés,UD Almería,P. Soko,0,0,0,0,1,1,0,0,10,0,0,0,0,0,0
155,22 Nov 2025,,58blujhyysfes9cdz1ae01b10,Eder Mallo Fernández,CD Leganés,UD Almería,Arnau Puigmal,0,0,0,0,0,0,1,0,4,0,0,1,1,0,0
155,22 Nov 2025,,58blujhyysfes9cdz1ae01b10,Eder Mallo Fernández,CD Leganés,UD Almería,Léo Baptistão,1,0,0,0,1,0,0,0,4,0,0,0,0,0,0
156,23 Nov 2025,,58qkymxmum6j1566rp5y231uc,Lluís Bestard Servera,Burgos CF,Real Racing Club,Fer Niño,0,2,1,1,2,4,0,1,15,0,0,3,0,0,0
156,23 Nov 2025,,58qkymxmum6j1566rp5y231uc,Lluís Bestard Servera,Burgos CF,Real Racing Club,F. Miguel,0,0,0,5,5,0,0,0,27,0,0,0,0,1,1
156,23 Nov 2025,,58qkymxmum6j1566rp5y231uc,Lluís Bestard Servera,Burgos CF,Real Racing Club,Iñigo Córdoba,0,0,0,2,1,1,0,0,17,0,0,0,0,1,0
156,23 Nov 2025,,58qkymxmum6j1566rp5y231uc,Lluís Bestard Servera,Burgos CF,Real Racing Club,Grego Sierra,0,1,0,1,2,0,0,0,42,0,0,3,0,0,0
156,23 Nov 2025,,58qkymxmum6j1566rp5y231uc,Lluís Bestard Servera,Burgos CF,Real Racing Club,Iván Morante,0,0,0,1,2,1,0,0,42,0,0,0,0,4,1
156,23 Nov 2025,,58qkymxmum6j1566rp5y231uc,Lluís Bestard Servera,Burgos CF,Real Racing Club,Miguel Atienza,0,0,0,0,1,0,0,0,52,0,0,0,0,0,0
156,23 Nov 2025,,58qkymxmum6j1566rp5y231uc,Lluís Bestard Servera,Burgos CF,Real Racing Club,David González,0,0,0,5,1,0,0,0,24,0,0,0,0,1,1
156,23 Nov 2025,,58qkymxmum6j1566rp5y231uc,Lluís Bestard Servera,Burgos CF,Real Racing Club,Álex Lizancos,0,1,2,6,2,5,0,2,51,0,0,3,1,2,1
156,23 Nov 2025,,58qkymxmum6j1566rp5y231uc,Lluís Bestard Servera,Burgos CF,Real Racing Club,Sergio González,0,0,0,0,0,0,0,0,34,0,0,0,0,3,1
156,23 Nov 2025,,58qkymxmum6j1566rp5y231uc,Lluís Bestard Servera,Burgos CF,Real Racing Club,Curro Sánchez,0,0,1,3,0,0,0,0,31,0,0,0,0,1,0
156,23 Nov 2025,,58qkymxmum6j1566rp5y231uc,Lluís Bestard Servera,Burgos CF,Real Racing Club,Ander Cantero,0,0,0,0,0,0,0,0,30,0,2,0,0,0,0
156,23 Nov 2025,,58qkymxmum6j1566rp5y231uc,Lluís Bestard Servera,Burgos CF,Real Racing Club,K. Appin,0,0,0,1,1,3,0,2,6,0,0,0,0,0,0
156,23 Nov 2025,,58qkymxmum6j1566rp5y231uc,Lluís Bestard Servera,Burgos CF,Real Racing Club,Mario González,0,0,1,0,0,0,0,0,3,0,0,0,0,0,0
156,23 Nov 2025,,58qkymxmum6j1566rp5y231uc,Lluís Bestard Servera,Burgos CF,Real Racing Club,Aitor Córdoba,0,0,0,1,0,0,0,0,21,0,0,0,0,0,0
156,23 Nov 2025,,58qkymxmum6j1566rp5y231uc,Lluís Bestard Servera,Burgos CF,Real Racing Club,Víctor Mollejo,0,0,1,3,0,0,0,0,5,0,0,0,0,1,0
156,23 Nov 2025,,58qkymxmum6j1566rp5y231uc,Lluís Bestard Servera,Burgos CF,Real Racing Club,M. Mejía,0,0,0,0,0,1,0,1,0,0,0,0,0,0,0
156,23 Nov 2025,,58qkymxmum6j1566rp5y231uc,Lluís Bestard Servera,Burgos CF,Real Racing Club,Iñigo Vicente,0,0,0,2,1,2,0,0,28,0,0,0,0,1,0
156,23 Nov 2025,,58qkymxmum6j1566rp5y231uc,Lluís Bestard Servera,Burgos CF,Real Racing Club,Jokin Ezkieta,0,0,0,0,0,0,0,0,17,0,1,0,0,0,0
156,23 Nov 2025,,58qkymxmum6j1566rp5y231uc,Lluís Bestard Servera,Burgos CF,Real Racing Club,Javi Castro,0,0,0,0,1,0,0,0,41,0,0,1,0,2,0
156,23 Nov 2025,,58qkymxmum6j1566rp5y231uc,Lluís Bestard Servera,Burgos CF,Real Racing Club,Álvaro Mantilla,0,0,0,0,1,1,0,0,38,0,0,0,0,1,1
156,23 Nov 2025,,58qkymxmum6j1566rp5y231uc,Lluís Bestard Servera,Burgos CF,Real Racing Club,Peio Canales,0,0,0,0,2,2,0,0,30,0,0,2,1,0,1
156,23 Nov 2025,,58qkymxmum6j1566rp5y231uc,Lluís Bestard Servera,Burgos CF,Real Racing Club,M. Gueye,0,0,0,0,3,1,1,0,39,0,0,2,1,2,1
156,23 Nov 2025,,58qkymxmum6j1566rp5y231uc,Lluís Bestard Servera,Burgos CF,Real Racing Club,Andrés Martín,0,3,3,5,0,2,0,0,22,0,0,4,0,1,0
156,23 Nov 2025,,58qkymxmum6j1566rp5y231uc,Lluís Bestard Servera,Burgos CF,Real Racing Club,G. Puerta,0,1,0,2,3,2,0,0,60,0,0,2,0,1,0
156,23 Nov 2025,,58qkymxmum6j1566rp5y231uc,Lluís Bestard Servera,Burgos CF,Real Racing Club,Jorge Salinas,2,0,0,0,1,1,0,1,35,0,0,0,0,2,0
156,23 Nov 2025,,58qkymxmum6j1566rp5y231uc,Lluís Bestard Servera,Burgos CF,Real Racing Club,Pablo Ramón,0,0,0,0,1,0,0,0,31,0,0,1,0,2,1
156,23 Nov 2025,,58qkymxmum6j1566rp5y231uc,Lluís Bestard Servera,Burgos CF,Real Racing Club,Asier Villalibre,0,0,0,0,0,1,1,0,8,0,0,2,2,0,0
156,23 Nov 2025,,58qkymxmum6j1566rp5y231uc,Lluís Bestard Servera,Burgos CF,Real Racing Club,Marco Sangalli,0,0,0,0,1,0,0,0,13,0,0,0,0,1,0
156,23 Nov 2025,,58qkymxmum6j1566rp5y231uc,Lluís Bestard Servera,Burgos CF,Real Racing Club,J. Arévalo,0,0,0,0,0,2,0,0,9,0,0,1,0,0,0
156,23 Nov 2025,,58qkymxmum6j1566rp5y231uc,Lluís Bestard Servera,Burgos CF,Real Racing Club,S. Camara,0,0,0,0,1,2,0,0,4,0,0,0,0,0,0
156,23 Nov 2025,,58qkymxmum6j1566rp5y231uc,Lluís Bestard Servera,Burgos CF,Real Racing Club,F. González,0,0,0,0,0,0,0,0,4,0,0,0,0,0,0
156,23 Nov 2025,,58qkymxmum6j1566rp5y231uc,Lluís Bestard Servera,Burgos CF,Real Racing Club,Aritz Aldasoro,0,0,0,0,1,1,0,0,4,0,0,0,0,0,1
157,23 Nov 2025,,594e0y4jdj496h7d6zs0btzx0,Carlos Muñiz Muñoz,Cádiz CF,Cultural y Deportiva Leonesa,Suso,0,0,3,18,0,2,0,0,38,0,0,1,1,2,0
157,23 Nov 2025,,594e0y4jdj496h7d6zs0btzx0,Carlos Muñiz Muñoz,Cádiz CF,Cultural y Deportiva Leonesa,Iza Carcelén,0,0,1,3,1,0,0,0,54,0,0,0,0,0,0
157,23 Nov 2025,,594e0y4jdj496h7d6zs0btzx0,Carlos Muñiz Muñoz,Cádiz CF,Cultural y Deportiva Leonesa,B. Kovačević,0,0,0,0,0,0,0,0,33,0,0,0,0,0,0
157,23 Nov 2025,,594e0y4jdj496h7d6zs0btzx0,Carlos Muñiz Muñoz,Cádiz CF,Cultural y Deportiva Leonesa,Victor Aznar,0,0,0,0,0,0,0,0,14,0,5,0,0,1,0
157,23 Nov 2025,,594e0y4jdj496h7d6zs0btzx0,Carlos Muñiz Muñoz,Cádiz CF,Cultural y Deportiva Leonesa,Mario Climent,0,0,0,4,2,2,0,0,36,0,0,0,0,5,0
157,23 Nov 2025,,594e0y4jdj496h7d6zs0btzx0,Carlos Muñiz Muñoz,Cádiz CF,Cultural y Deportiva Leonesa,Sergio Ortuño,0,0,1,2,1,3,0,0,40,0,0,1,0,0,0
157,23 Nov 2025,,594e0y4jdj496h7d6zs0btzx0,Carlos Muñiz Muñoz,Cádiz CF,Cultural y Deportiva Leonesa,E. Ugiagbe,0,0,1,2,0,2,1,0,7,0,0,1,1,0,0
157,23 Nov 2025,,594e0y4jdj496h7d6zs0btzx0,Carlos Muñiz Muñoz,Cádiz CF,Cultural y Deportiva Leonesa,I. Tabatadze,0,0,0,0,2,0,0,0,6,0,0,0,0,1,0
157,23 Nov 2025,,594e0y4jdj496h7d6zs0btzx0,Carlos Muñiz Muñoz,Cádiz CF,Cultural y Deportiva Leonesa,Álvaro García Pascual,0,0,1,3,0,0,0,0,13,0,0,2,1,0,0
157,23 Nov 2025,,594e0y4jdj496h7d6zs0btzx0,Carlos Muñiz Muñoz,Cádiz CF,Cultural y Deportiva Leonesa,Iker Recio,0,0,1,0,3,1,0,0,46,0,0,0,0,1,1
157,23 Nov 2025,,594e0y4jdj496h7d6zs0btzx0,Carlos Muñiz Muñoz,Cádiz CF,Cultural y Deportiva Leonesa,Y. Diarra,0,0,0,0,0,0,0,1,5,0,0,0,0,0,0
157,23 Nov 2025,,594e0y4jdj496h7d6zs0btzx0,Carlos Muñiz Muñoz,Cádiz CF,Cultural y Deportiva Leonesa,B. Ocampo,0,0,0,9,1,0,0,0,26,0,0,3,1,0,0
157,23 Nov 2025,,594e0y4jdj496h7d6zs0btzx0,Carlos Muñiz Muñoz,Cádiz CF,Cultural y Deportiva Leonesa,M. Diakité,0,0,1,0,1,0,0,0,37,0,0,3,1,1,0
157,23 Nov 2025,,594e0y4jdj496h7d6zs0btzx0,Carlos Muñiz Muñoz,Cádiz CF,Cultural y Deportiva Leonesa,Roger,0,0,2,1,0,2,0,0,7,0,0,3,2,0,0
157,23 Nov 2025,,594e0y4jdj496h7d6zs0btzx0,Carlos Muñiz Muñoz,Cádiz CF,Cultural y Deportiva Leonesa,D. Camara,0,0,0,0,0,0,0,0,4,0,0,1,0,0,0
157,23 Nov 2025,,594e0y4jdj496h7d6zs0btzx0,Carlos Muñiz Muñoz,Cádiz CF,Cultural y Deportiva Leonesa,Javi Ontiveros,0,1,0,4,0,0,0,0,21,0,0,1,0,0,0
157,23 Nov 2025,,594e0y4jdj496h7d6zs0btzx0,Carlos Muñiz Muñoz,Cádiz CF,Cultural y Deportiva Leonesa,M. Barzić,0,0,0,0,0,0,1,0,41,0,0,1,1,0,0
157,23 Nov 2025,,594e0y4jdj496h7d6zs0btzx0,Carlos Muñiz Muñoz,Cádiz CF,Cultural y Deportiva Leonesa,Lucas Ribeiro Costa,1,0,0,0,0,2,0,0,31,0,0,1,0,0,0
157,23 Nov 2025,,594e0y4jdj496h7d6zs0btzx0,Carlos Muñiz Muñoz,Cádiz CF,Cultural y Deportiva Leonesa,T. Ojeda,0,0,0,0,3,0,0,0,50,0,0,0,0,4,1
157,23 Nov 2025,,594e0y4jdj496h7d6zs0btzx0,Carlos Muñiz Muñoz,Cádiz CF,Cultural y Deportiva Leonesa,Luis Chacón,0,0,0,1,0,0,0,0,45,0,0,3,2,2,0
157,23 Nov 2025,,594e0y4jdj496h7d6zs0btzx0,Carlos Muñiz Muñoz,Cádiz CF,Cultural y Deportiva Leonesa,Rodri Suárez,0,0,0,0,1,0,0,0,36,0,0,0,0,2,0
157,23 Nov 2025,,594e0y4jdj496h7d6zs0btzx0,Carlos Muñiz Muñoz,Cádiz CF,Cultural y Deportiva Leonesa,S. Diallo,0,0,0,0,1,1,0,0,36,0,0,2,1,1,0
157,23 Nov 2025,,594e0y4jdj496h7d6zs0btzx0,Carlos Muñiz Muñoz,Cádiz CF,Cultural y Deportiva Leonesa,Iván Calero,0,0,1,2,0,1,0,0,47,0,0,0,0,0,0
157,23 Nov 2025,,594e0y4jdj496h7d6zs0btzx0,Carlos Muñiz Muñoz,Cádiz CF,Cultural y Deportiva Leonesa,Jordi Mboula,1,1,3,6,1,2,0,0,12,0,0,2,1,1,0
157,23 Nov 2025,,594e0y4jdj496h7d6zs0btzx0,Carlos Muñiz Muñoz,Cádiz CF,Cultural y Deportiva Leonesa,Roger Hinojo,0,0,0,0,1,1,0,0,38,0,0,0,0,1,0
157,23 Nov 2025,,594e0y4jdj496h7d6zs0btzx0,Carlos Muñiz Muñoz,Cádiz CF,Cultural y Deportiva Leonesa,Edgar Badia,0,0,0,0,0,0,0,0,35,0,7,0,0,0,0
157,23 Nov 2025,,594e0y4jdj496h7d6zs0btzx0,Carlos Muñiz Muñoz,Cádiz CF,Cultural y Deportiva Leonesa,Manu Justo,0,1,1,0,2,3,1,0,12,0,0,3,2,1,0
157,23 Nov 2025,,594e0y4jdj496h7d6zs0btzx0,Carlos Muñiz Muñoz,Cádiz CF,Cultural y Deportiva Leonesa,Yayo González,0,0,0,0,1,0,0,0,13,0,0,0,0,1,0
157,23 Nov 2025,,594e0y4jdj496h7d6zs0btzx0,Carlos Muñiz Muñoz,Cádiz CF,Cultural y Deportiva Leonesa,Rafa Tresaco,0,1,1,0,2,0,0,0,6,0,0,2,0,0,0
157,23 Nov 2025,,594e0y4jdj496h7d6zs0btzx0,Carlos Muñiz Muñoz,Cádiz CF,Cultural y Deportiva Leonesa,Diego Collado,0,0,0,0,0,1,0,0,1,0,0,0,0,1,0
157,23 Nov 2025,,594e0y4jdj496h7d6zs0btzx0,Carlos Muñiz Muñoz,Cádiz CF,Cultural y Deportiva Leonesa,V. García,0,0,0,0,0,0,0,0,1,0,0,0,0,1,0
158,22 Nov 2025,,59i1mgtbvvw5ctd5u56t7v504,Andrés Fuentes Molina,SD Eibar,Real Zaragoza,Marco Moreno,0,0,0,0,1,0,0,0,35,0,0,0,0,0,1
158,22 Nov 2025,,59i1mgtbvvw5ctd5u56t7v504,Andrés Fuentes Molina,SD Eibar,Real Zaragoza,Jon Bautista,0,3,3,2,4,0,0,2,9,0,0,6,1,1,1
158,22 Nov 2025,,59i1mgtbvvw5ctd5u56t7v504,Andrés Fuentes Molina,SD Eibar,Real Zaragoza,Peru Nolaskoain,0,0,0,4,0,1,1,0,77,0,0,2,1,0,0
158,22 Nov 2025,,59i1mgtbvvw5ctd5u56t7v504,Andrés Fuentes Molina,SD Eibar,Real Zaragoza,Toni Villa,1,0,0,5,3,3,0,0,36,0,0,0,0,4,1
158,22 Nov 2025,,59i1mgtbvvw5ctd5u56t7v504,Andrés Fuentes Molina,SD Eibar,Real Zaragoza,Sergio Álvarez,0,0,0,0,1,0,0,0,24,0,0,0,0,1,1
158,22 Nov 2025,,59i1mgtbvvw5ctd5u56t7v504,Andrés Fuentes Molina,SD Eibar,Real Zaragoza,Javi Martón,0,0,2,0,1,2,0,1,17,0,0,7,4,1,0
158,22 Nov 2025,,59i1mgtbvvw5ctd5u56t7v504,Andrés Fuentes Molina,SD Eibar,Real Zaragoza,Jonmi Magunagoitia,0,0,0,0,0,0,0,0,18,0,0,0,0,0,0
158,22 Nov 2025,,59i1mgtbvvw5ctd5u56t7v504,Andrés Fuentes Molina,SD Eibar,Real Zaragoza,Aleix Garrido,0,0,0,5,0,0,0,0,83,0,0,1,1,1,0
158,22 Nov 2025,,59i1mgtbvvw5ctd5u56t7v504,Andrés Fuentes Molina,SD Eibar,Real Zaragoza,Sergio Cubero,0,0,1,4,3,0,0,0,8,0,0,0,0,0,1
158,22 Nov 2025,,59i1mgtbvvw5ctd5u56t7v504,Andrés Fuentes Molina,SD Eibar,Real Zaragoza,José Corpas,0,1,2,11,1,2,0,1,40,0,0,2,0,0,0
158,22 Nov 2025,,59i1mgtbvvw5ctd5u56t7v504,Andrés Fuentes Molina,SD Eibar,Real Zaragoza,Anaitz Arbilla,0,0,0,3,0,0,0,0,78,0,0,3,1,2,0
158,22 Nov 2025,,59i1mgtbvvw5ctd5u56t7v504,Andrés Fuentes Molina,SD Eibar,Real Zaragoza,Lander Olaetxea,0,0,0,0,0,0,0,0,45,0,0,0,0,0,0
158,22 Nov 2025,,59i1mgtbvvw5ctd5u56t7v504,Andrés Fuentes Molina,SD Eibar,Real Zaragoza,Álvaro Rodríguez,0,0,0,12,2,0,0,0,38,0,0,0,0,0,0
158,22 Nov 2025,,59i1mgtbvvw5ctd5u56t7v504,Andrés Fuentes Molina,SD Eibar,Real Zaragoza,Xeber Alkain,0,0,0,3,2,0,0,0,25,0,0,1,0,2,1
158,22 Nov 2025,,59i1mgtbvvw5ctd5u56t7v504,Andrés Fuentes Molina,SD Eibar,Real Zaragoza,Javi Martínez,0,0,0,3,0,0,0,0,25,0,0,0,0,0,0
158,22 Nov 2025,,59i1mgtbvvw5ctd5u56t7v504,Andrés Fuentes Molina,SD Eibar,Real Zaragoza,Jon Magunazelaia,0,1,0,0,0,0,0,0,3,0,0,1,0,0,0
158,22 Nov 2025,,59i1mgtbvvw5ctd5u56t7v504,Andrés Fuentes Molina,SD Eibar,Real Zaragoza,Mario Soberón,0,0,0,1,0,0,1,0,14,0,0,1,1,4,0
158,22 Nov 2025,,59i1mgtbvvw5ctd5u56t7v504,Andrés Fuentes Molina,SD Eibar,Real Zaragoza,Yussif Saidu,0,0,0,0,1,0,0,0,14,1,0,0,0,1,2
158,22 Nov 2025,,59i1mgtbvvw5ctd5u56t7v504,Andrés Fuentes Molina,SD Eibar,Real Zaragoza,Pablo Insua,0,0,0,0,0,0,0,0,12,0,0,0,0,1,0
158,22 Nov 2025,,59i1mgtbvvw5ctd5u56t7v504,Andrés Fuentes Molina,SD Eibar,Real Zaragoza,K. Bare,0,0,0,0,1,2,0,0,37,0,0,0,0,1,0
158,22 Nov 2025,,59i1mgtbvvw5ctd5u56t7v504,Andrés Fuentes Molina,SD Eibar,Real Zaragoza,Martín Aguirregabiria,0,0,0,0,2,2,0,0,31,0,0,0,0,0,0
158,22 Nov 2025,,59i1mgtbvvw5ctd5u56t7v504,Andrés Fuentes Molina,SD Eibar,Real Zaragoza,K. Kodro,0,0,0,0,2,1,0,0,27,0,0,0,0,0,0
158,22 Nov 2025,,59i1mgtbvvw5ctd5u56t7v504,Andrés Fuentes Molina,SD Eibar,Real Zaragoza,Raúl Guti,0,0,0,1,1,1,0,0,27,0,0,0,0,1,0
158,22 Nov 2025,,59i1mgtbvvw5ctd5u56t7v504,Andrés Fuentes Molina,SD Eibar,Real Zaragoza,Valery,0,0,0,0,2,0,0,0,19,0,0,0,0,1,0
158,22 Nov 2025,,59i1mgtbvvw5ctd5u56t7v504,Andrés Fuentes Molina,SD Eibar,Real Zaragoza,Carlos Pomares,0,0,0,3,1,2,0,0,34,0,0,0,0,0,1
158,22 Nov 2025,,59i1mgtbvvw5ctd5u56t7v504,Andrés Fuentes Molina,SD Eibar,Real Zaragoza,Francho Serrano,0,0,0,2,0,2,0,0,21,0,0,0,0,2,0
158,22 Nov 2025,,59i1mgtbvvw5ctd5u56t7v504,Andrés Fuentes Molina,SD Eibar,Real Zaragoza,E. Andrada,0,0,0,0,0,3,0,0,41,0,7,0,0,0,1
158,22 Nov 2025,,59i1mgtbvvw5ctd5u56t7v504,Andrés Fuentes Molina,SD Eibar,Real Zaragoza,Ale Gomes,0,0,0,0,0,2,0,0,5,0,0,0,0,1,0
158,22 Nov 2025,,59i1mgtbvvw5ctd5u56t7v504,Andrés Fuentes Molina,SD Eibar,Real Zaragoza,Juan Sebastián,0,0,0,0,0,0,0,0,3,0,0,0,0,1,0
158,22 Nov 2025,,59i1mgtbvvw5ctd5u56t7v504,Andrés Fuentes Molina,SD Eibar,Real Zaragoza,Dani Tasende,0,0,0,0,0,2,0,0,1,0,0,0,0,0,0
158,22 Nov 2025,,59i1mgtbvvw5ctd5u56t7v504,Andrés Fuentes Molina,SD Eibar,Real Zaragoza,Toni Moya,1,0,0,0,0,0,0,0,2,0,0,1,0,1,0
158,22 Nov 2025,,59i1mgtbvvw5ctd5u56t7v504,Andrés Fuentes Molina,SD Eibar,Real Zaragoza,S. Bakış,0,0,0,0,0,0,1,2,6,0,0,1,1,0,0
159,23 Nov 2025,,59vsd7a9ezlur9cqo4t56702c,Manuel Jesús Orellana Cid,SD Huesca,Real Sporting de Gijón,Álvaro Carrillo,0,0,0,3,2,0,0,0,21,0,0,0,0,0,0
159,23 Nov 2025,,59vsd7a9ezlur9cqo4t56702c,Manuel Jesús Orellana Cid,SD Huesca,Real Sporting de Gijón,Dani Ojeda,0,1,3,2,1,0,0,0,34,0,0,6,2,1,0
159,23 Nov 2025,,59vsd7a9ezlur9cqo4t56702c,Manuel Jesús Orellana Cid,SD Huesca,Real Sporting de Gijón,Sergi Enrich,0,1,0,0,0,3,0,1,20,0,0,2,0,1,0
159,23 Nov 2025,,59vsd7a9ezlur9cqo4t56702c,Manuel Jesús Orellana Cid,SD Huesca,Real Sporting de Gijón,Iker Kortajarena,0,1,2,3,1,1,1,0,29,0,0,2,1,1,0
159,23 Nov 2025,,59vsd7a9ezlur9cqo4t56702c,Manuel Jesús Orellana Cid,SD Huesca,Real Sporting de Gijón,Portillo,0,0,1,0,0,2,0,0,34,0,0,1,1,1,0
159,23 Nov 2025,,59vsd7a9ezlur9cqo4t56702c,Manuel Jesús Orellana Cid,SD Huesca,Real Sporting de Gijón,Óscar Sielva,0,0,0,3,0,2,1,0,27,0,0,1,1,0,0
159,23 Nov 2025,,59vsd7a9ezlur9cqo4t56702c,Manuel Jesús Orellana Cid,SD Huesca,Real Sporting de Gijón,Jorge Pulido,0,0,0,0,0,0,0,0,18,0,0,0,0,1,0
159,23 Nov 2025,,59vsd7a9ezlur9cqo4t56702c,Manuel Jesús Orellana Cid,SD Huesca,Real Sporting de Gijón,Julio Alonso,0,0,0,5,0,1,0,0,28,0,0,1,0,0,0
159,23 Nov 2025,,59vsd7a9ezlur9cqo4t56702c,Manuel Jesús Orellana Cid,SD Huesca,Real Sporting de Gijón,Iñigo Piña,0,0,0,0,3,1,0,0,24,0,0,0,0,0,0
159,23 Nov 2025,,59vsd7a9ezlur9cqo4t56702c,Manuel Jesús Orellana Cid,SD Huesca,Real Sporting de Gijón,Dani Jiménez,0,0,0,0,0,0,0,0,37,0,2,0,0,0,0
159,23 Nov 2025,,59vsd7a9ezlur9cqo4t56702c,Manuel Jesús Orellana Cid,SD Huesca,Real Sporting de Gijón,Jesús Álvarez,0,0,0,0,0,0,0,0,37,0,0,0,0,0,0
159,23 Nov 2025,,59vsd7a9ezlur9cqo4t56702c,Manuel Jesús Orellana Cid,SD Huesca,Real Sporting de Gijón,Enol Rodríguez,0,0,0,0,1,1,0,0,3,0,0,0,0,1,0
159,23 Nov 2025,,59vsd7a9ezlur9cqo4t56702c,Manuel Jesús Orellana Cid,SD Huesca,Real Sporting de Gijón,D. Luna,0,0,0,0,0,0,0,0,2,0,0,0,0,0,0
159,23 Nov 2025,,59vsd7a9ezlur9cqo4t56702c,Manuel Jesús Orellana Cid,SD Huesca,Real Sporting de Gijón,Ángel Pérez,0,0,0,0,0,0,0,0,2,0,0,0,0,0,0
159,23 Nov 2025,,59vsd7a9ezlur9cqo4t56702c,Manuel Jesús Orellana Cid,SD Huesca,Real Sporting de Gijón,Rodrigo Abajas,0,0,1,1,0,0,0,0,2,0,0,0,0,1,0
159,23 Nov 2025,,59vsd7a9ezlur9cqo4t56702c,Manuel Jesús Orellana Cid,SD Huesca,Real Sporting de Gijón,Álex Corredera,0,1,0,2,0,0,0,0,62,0,0,1,0,1,0
159,23 Nov 2025,,59vsd7a9ezlur9cqo4t56702c,Manuel Jesús Orellana Cid,SD Huesca,Real Sporting de Gijón,Rubén Yáñez,0,0,0,0,0,0,0,0,24,0,3,0,0,0,0
159,23 Nov 2025,,59vsd7a9ezlur9cqo4t56702c,Manuel Jesús Orellana Cid,SD Huesca,Real Sporting de Gijón,Diego Sánchez,0,1,2,3,1,1,0,0,58,0,0,1,0,1,0
159,23 Nov 2025,,59vsd7a9ezlur9cqo4t56702c,Manuel Jesús Orellana Cid,SD Huesca,Real Sporting de Gijón,A. Coundoul,0,0,0,0,1,2,0,0,5,0,0,1,1,0,0
159,23 Nov 2025,,59vsd7a9ezlur9cqo4t56702c,Manuel Jesús Orellana Cid,SD Huesca,Real Sporting de Gijón,Nacho Martín,0,0,0,0,0,0,0,0,59,0,0,0,0,0,0
159,23 Nov 2025,,59vsd7a9ezlur9cqo4t56702c,Manuel Jesús Orellana Cid,SD Huesca,Real Sporting de Gijón,L. Perrin,0,1,1,1,1,0,0,0,71,0,0,2,1,0,0
159,23 Nov 2025,,59vsd7a9ezlur9cqo4t56702c,Manuel Jesús Orellana Cid,SD Huesca,Real Sporting de Gijón,Guille Rosas,0,0,1,5,2,0,0,0,62,0,0,0,0,2,0
159,23 Nov 2025,,59vsd7a9ezlur9cqo4t56702c,Manuel Jesús Orellana Cid,SD Huesca,Real Sporting de Gijón,Eric Curbelo,0,0,0,1,4,1,0,0,63,0,0,0,0,3,1
159,23 Nov 2025,,59vsd7a9ezlur9cqo4t56702c,Manuel Jesús Orellana Cid,SD Huesca,Real Sporting de Gijón,J. Smith,0,0,0,0,1,1,0,1,13,0,0,3,0,0,0
159,23 Nov 2025,,59vsd7a9ezlur9cqo4t56702c,Manuel Jesús Orellana Cid,SD Huesca,Real Sporting de Gijón,Gaspar Campos,0,0,0,7,0,1,0,0,30,0,0,0,0,0,0
159,23 Nov 2025,,59vsd7a9ezlur9cqo4t56702c,Manuel Jesús Orellana Cid,SD Huesca,Real Sporting de Gijón,César Gelabert,0,0,1,4,2,0,0,0,47,0,0,1,0,0,0
159,23 Nov 2025,,59vsd7a9ezlur9cqo4t56702c,Manuel Jesús Orellana Cid,SD Huesca,Real Sporting de Gijón,Ó. Cortés,0,0,0,3,1,0,0,0,18,0,0,0,0,0,0
159,23 Nov 2025,,59vsd7a9ezlur9cqo4t56702c,Manuel Jesús Orellana Cid,SD Huesca,Real Sporting de Gijón,J. Caicedo,0,0,0,0,0,1,0,1,2,0,0,1,0,0,0
159,23 Nov 2025,,59vsd7a9ezlur9cqo4t56702c,Manuel Jesús Orellana Cid,SD Huesca,Real Sporting de Gijón,J. Otero,0,1,0,0,1,0,0,1,10,0,0,2,0,0,0
159,23 Nov 2025,,59vsd7a9ezlur9cqo4t56702c,Manuel Jesús Orellana Cid,SD Huesca,Real Sporting de Gijón,Jesús Bernal,0,0,0,0,0,0,0,0,9,0,0,0,0,0,0
159,23 Nov 2025,,59vsd7a9ezlur9cqo4t56702c,Manuel Jesús Orellana Cid,SD Huesca,Real Sporting de Gijón,Manu Rodríguez,0,0,0,0,0,0,0,0,16,0,0,0,0,0,0
160,23 Nov 2025,,5a9ga6f01c0w1vtcmlx9xp79w,Daniel Palencia Caballero,Málaga CF,CD Mirandés,Dani Lorenzo,0,1,0,0,2,1,0,0,38,0,0,2,1,1,0
160,23 Nov 2025,,5a9ga6f01c0w1vtcmlx9xp79w,Daniel Palencia Caballero,Málaga CF,CD Mirandés,Ángel Recio,0,0,0,0,4,0,0,0,82,0,0,0,0,1,0
160,23 Nov 2025,,5a9ga6f01c0w1vtcmlx9xp79w,Daniel Palencia Caballero,Málaga CF,CD Mirandés,Carlos Puga,0,0,0,2,5,3,0,0,41,0,0,0,0,1,0
160,23 Nov 2025,,5a9ga6f01c0w1vtcmlx9xp79w,Daniel Palencia Caballero,Málaga CF,CD Mirandés,David Larrubia,0,1,0,0,0,2,0,0,22,0,0,2,0,2,0
160,23 Nov 2025,,5a9ga6f01c0w1vtcmlx9xp79w,Daniel Palencia Caballero,Málaga CF,CD Mirandés,Izan Merino,0,0,0,0,1,2,0,0,64,0,0,1,1,1,0
160,23 Nov 2025,,5a9ga6f01c0w1vtcmlx9xp79w,Daniel Palencia Caballero,Málaga CF,CD Mirandés,Einar Galilea,0,0,0,0,2,0,1,0,62,0,0,3,3,0,0
160,23 Nov 2025,,5a9ga6f01c0w1vtcmlx9xp79w,Daniel Palencia Caballero,Málaga CF,CD Mirandés,Víctor García,0,0,0,7,2,0,0,0,56,0,0,0,0,0,1
160,23 Nov 2025,,5a9ga6f01c0w1vtcmlx9xp79w,Daniel Palencia Caballero,Málaga CF,CD Mirandés,Joaquín Muñoz,0,0,1,2,2,1,0,0,21,0,0,3,0,1,0
160,23 Nov 2025,,5a9ga6f01c0w1vtcmlx9xp79w,Daniel Palencia Caballero,Málaga CF,CD Mirandés,Alfonso Herrero,0,0,0,0,0,0,0,0,39,0,4,0,0,0,0
160,23 Nov 2025,,5a9ga6f01c0w1vtcmlx9xp79w,Daniel Palencia Caballero,Málaga CF,CD Mirandés,Carlos Dotor,1,0,0,1,1,3,0,0,26,0,0,0,0,0,0
160,23 Nov 2025,,5a9ga6f01c0w1vtcmlx9xp79w,Daniel Palencia Caballero,Málaga CF,CD Mirandés,Adrián Niño,0,0,0,0,0,0,2,0,7,0,0,4,4,0,0
160,23 Nov 2025,,5a9ga6f01c0w1vtcmlx9xp79w,Daniel Palencia Caballero,Málaga CF,CD Mirandés,Rafa Rodríguez,0,0,1,0,0,3,0,0,26,0,0,2,2,1,0
160,23 Nov 2025,,5a9ga6f01c0w1vtcmlx9xp79w,Daniel Palencia Caballero,Málaga CF,CD Mirandés,Chupe,0,0,0,0,0,0,0,0,6,0,0,0,0,0,0
160,23 Nov 2025,,5a9ga6f01c0w1vtcmlx9xp79w,Daniel Palencia Caballero,Málaga CF,CD Mirandés,Julen Lobete,0,1,0,1,0,0,0,0,8,0,0,1,0,0,0
160,23 Nov 2025,,5a9ga6f01c0w1vtcmlx9xp79w,Daniel Palencia Caballero,Málaga CF,CD Mirandés,H. Abaida,0,0,0,0,0,0,0,0,1,0,0,0,0,0,0
160,23 Nov 2025,,5a9ga6f01c0w1vtcmlx9xp79w,Daniel Palencia Caballero,Málaga CF,CD Mirandés,Eneko Jauregi,0,0,0,0,0,1,0,0,0,0,0,0,0,0,0
160,23 Nov 2025,,5a9ga6f01c0w1vtcmlx9xp79w,Daniel Palencia Caballero,Málaga CF,CD Mirandés,Aarón,0,0,0,0,3,0,0,0,8,0,0,0,0,0,0
160,23 Nov 2025,,5a9ga6f01c0w1vtcmlx9xp79w,Daniel Palencia Caballero,Málaga CF,CD Mirandés,I. Nikić,0,0,0,0,0,1,0,0,26,0,8,0,0,0,0
160,23 Nov 2025,,5a9ga6f01c0w1vtcmlx9xp79w,Daniel Palencia Caballero,Málaga CF,CD Mirandés,Alberto Marí,0,3,0,0,1,4,1,0,15,0,0,7,3,2,1
160,23 Nov 2025,,5a9ga6f01c0w1vtcmlx9xp79w,Daniel Palencia Caballero,Málaga CF,CD Mirandés,Juan Gutiérrez,0,0,0,0,1,0,0,0,31,0,0,0,0,0,1
160,23 Nov 2025,,5a9ga6f01c0w1vtcmlx9xp79w,Daniel Palencia Caballero,Málaga CF,CD Mirandés,Carlos Fernández,0,2,1,0,0,3,0,1,23,0,0,4,0,2,0
160,23 Nov 2025,,5a9ga6f01c0w1vtcmlx9xp79w,Daniel Palencia Caballero,Málaga CF,CD Mirandés,Pablo Pérez,1,0,0,3,3,2,0,0,25,0,0,0,0,2,0
160,23 Nov 2025,,5a9ga6f01c0w1vtcmlx9xp79w,Daniel Palencia Caballero,Málaga CF,CD Mirandés,Martín Pascual,0,0,0,1,1,0,0,0,24,0,0,0,0,1,0
160,23 Nov 2025,,5a9ga6f01c0w1vtcmlx9xp79w,Daniel Palencia Caballero,Málaga CF,CD Mirandés,Postigo,0,0,0,1,0,0,0,0,32,0,0,0,0,2,1
160,23 Nov 2025,,5a9ga6f01c0w1vtcmlx9xp79w,Daniel Palencia Caballero,Málaga CF,CD Mirandés,T. Helguera,0,0,0,0,0,0,0,0,34,0,0,1,1,3,0
160,23 Nov 2025,,5a9ga6f01c0w1vtcmlx9xp79w,Daniel Palencia Caballero,Málaga CF,CD Mirandés,Rafel Bauzà,0,0,0,1,4,3,0,0,35,0,0,0,0,1,0
160,23 Nov 2025,,5a9ga6f01c0w1vtcmlx9xp79w,Daniel Palencia Caballero,Málaga CF,CD Mirandés,Hugo Novoa,0,0,0,1,0,0,0,0,9,0,0,0,0,1,0
160,23 Nov 2025,,5a9ga6f01c0w1vtcmlx9xp79w,Daniel Palencia Caballero,Málaga CF,CD Mirandés,Toni Tamarit,0,0,0,1,0,0,0,0,10,0,0,1,1,0,0
160,23 Nov 2025,,5a9ga6f01c0w1vtcmlx9xp79w,Daniel Palencia Caballero,Málaga CF,CD Mirandés,Álex Cardero,0,0,0,2,1,1,0,0,20,0,0,0,0,1,0
160,23 Nov 2025,,5a9ga6f01c0w1vtcmlx9xp79w,Daniel Palencia Caballero,Málaga CF,CD Mirandés,S. El Jebari,1,0,0,1,2,3,0,1,9,0,0,0,0,0,0
160,23 Nov 2025,,5a9ga6f01c0w1vtcmlx9xp79w,Daniel Palencia Caballero,Málaga CF,CD Mirandés,Juanpa,0,0,0,0,0,0,0,0,0,1,0,0,0,0,0
160,23 Nov 2025,,5a9ga6f01c0w1vtcmlx9xp79w,Daniel Palencia Caballero,Málaga CF,CD Mirandés,Iker Córdoba,0,0,0,0,1,0,0,0,5,0,0,0,0,0,0
160,23 Nov 2025,,5a9ga6f01c0w1vtcmlx9xp79w,Daniel Palencia Caballero,Málaga CF,CD Mirandés,G. Petit,0,0,0,0,0,0,1,0,5,0,0,1,1,2,0
161,22 Nov 2025,,5an39ndd81jzj292b1f7ur0no,Germán Cid Camacho,FC Andorra,CD Castellón,L. de León,0,0,1,0,0,1,0,1,17,0,0,2,1,0,0
161,22 Nov 2025,,5an39ndd81jzj292b1f7ur0no,Germán Cid Camacho,FC Andorra,CD Castellón,Sergio Molina,0,0,0,1,0,0,0,0,51,0,0,0,0,4,0
161,22 Nov 2025,,5an39ndd81jzj292b1f7ur0no,Germán Cid Camacho,FC Andorra,CD Castellón,T. Carrique,0,0,0,3,1,2,0,0,23,0,0,0,0,0,1
161,22 Nov 2025,,5an39ndd81jzj292b1f7ur0no,Germán Cid Camacho,FC Andorra,CD Castellón,Gael Alonso,0,0,0,0,0,2,0,0,101,0,0,0,0,2,0
161,22 Nov 2025,,5an39ndd81jzj292b1f7ur0no,Germán Cid Camacho,FC Andorra,CD Castellón,Diego Alende,0,0,0,1,2,1,0,0,85,0,0,0,0,1,0
161,22 Nov 2025,,5an39ndd81jzj292b1f7ur0no,Germán Cid Camacho,FC Andorra,CD Castellón,Imanol García de Albéniz,0,1,1,2,0,1,0,0,54,0,0,1,0,4,0
161,22 Nov 2025,,5an39ndd81jzj292b1f7ur0no,Germán Cid Camacho,FC Andorra,CD Castellón,Jesús Owono,0,0,0,0,0,0,0,0,41,0,3,0,0,0,0
161,22 Nov 2025,,5an39ndd81jzj292b1f7ur0no,Germán Cid Camacho,FC Andorra,CD Castellón,Dani Villahermosa,0,0,0,0,2,0,0,0,48,0,0,0,0,6,0
161,22 Nov 2025,,5an39ndd81jzj292b1f7ur0no,Germán Cid Camacho,FC Andorra,CD Castellón,Kim Min-Su,0,1,0,0,3,3,1,1,25,0,0,3,1,0,0
161,22 Nov 2025,,5an39ndd81jzj292b1f7ur0no,Germán Cid Camacho,FC Andorra,CD Castellón,Marc Domènech,0,0,0,1,0,0,0,0,22,0,0,0,0,1,0
161,22 Nov 2025,,5an39ndd81jzj292b1f7ur0no,Germán Cid Camacho,FC Andorra,CD Castellón,T. Le Normand,0,0,0,1,4,1,0,0,12,0,0,0,0,1,0
161,22 Nov 2025,,5an39ndd81jzj292b1f7ur0no,Germán Cid Camacho,FC Andorra,CD Castellón,Aingeru Olabarrieta,0,0,0,0,0,1,0,0,19,0,0,0,0,0,0
161,22 Nov 2025,,5an39ndd81jzj292b1f7ur0no,Germán Cid Camacho,FC Andorra,CD Castellón,Manu Nieto,0,0,0,0,1,1,0,0,15,0,0,1,1,0,1
161,22 Nov 2025,,5an39ndd81jzj292b1f7ur0no,Germán Cid Camacho,FC Andorra,CD Castellón,Jastin García,1,0,0,0,0,0,0,0,7,0,0,1,0,0,0
161,22 Nov 2025,,5an39ndd81jzj292b1f7ur0no,Germán Cid Camacho,FC Andorra,CD Castellón,Aitor Uzkudun,0,0,0,0,0,0,0,0,4,0,0,0,0,0,0
161,22 Nov 2025,,5an39ndd81jzj292b1f7ur0no,Germán Cid Camacho,FC Andorra,CD Castellón,Álvaro Martín,0,0,0,0,1,0,0,0,10,0,0,2,1,0,0
161,22 Nov 2025,,5an39ndd81jzj292b1f7ur0no,Germán Cid Camacho,FC Andorra,CD Castellón,Lucas Alcázar,0,0,0,1,0,0,0,0,34,0,0,1,1,1,0
161,22 Nov 2025,,5an39ndd81jzj292b1f7ur0no,Germán Cid Camacho,FC Andorra,CD Castellón,R. Matthys,0,0,0,0,0,0,0,0,28,0,3,0,0,0,0
161,22 Nov 2025,,5an39ndd81jzj292b1f7ur0no,Germán Cid Camacho,FC Andorra,CD Castellón,J. Mellot,0,0,1,2,1,3,0,0,49,0,0,0,0,2,0
161,22 Nov 2025,,5an39ndd81jzj292b1f7ur0no,Germán Cid Camacho,FC Andorra,CD Castellón,A. Sienra,0,0,0,0,1,0,0,0,37,0,0,2,0,1,0
161,22 Nov 2025,,5an39ndd81jzj292b1f7ur0no,Germán Cid Camacho,FC Andorra,CD Castellón,Pablo Santiago,2,0,2,1,3,0,1,0,19,0,0,2,2,0,1
161,22 Nov 2025,,5an39ndd81jzj292b1f7ur0no,Germán Cid Camacho,FC Andorra,CD Castellón,A. Mabil,0,0,1,1,2,0,0,0,35,0,0,2,1,2,0
161,22 Nov 2025,,5an39ndd81jzj292b1f7ur0no,Germán Cid Camacho,FC Andorra,CD Castellón,Beñat Gerenabarrena,0,0,0,1,2,5,0,0,25,0,0,0,0,1,1
161,22 Nov 2025,,5an39ndd81jzj292b1f7ur0no,Germán Cid Camacho,FC Andorra,CD Castellón,Alberto Jiménez,0,1,0,1,2,2,1,0,43,0,0,2,1,3,0
161,22 Nov 2025,,5an39ndd81jzj292b1f7ur0no,Germán Cid Camacho,FC Andorra,CD Castellón,A. Jakobsen,1,0,0,0,0,1,1,0,11,0,0,2,1,1,0
161,22 Nov 2025,,5an39ndd81jzj292b1f7ur0no,Germán Cid Camacho,FC Andorra,CD Castellón,Cala,0,1,0,6,1,0,0,0,27,0,0,2,0,0,0
161,22 Nov 2025,,5an39ndd81jzj292b1f7ur0no,Germán Cid Camacho,FC Andorra,CD Castellón,Barri,0,0,0,0,0,2,0,0,42,0,0,0,0,2,0
161,22 Nov 2025,,5an39ndd81jzj292b1f7ur0no,Germán Cid Camacho,FC Andorra,CD Castellón,K. Mamah,0,0,0,2,1,0,0,0,19,0,0,0,0,0,0
161,22 Nov 2025,,5an39ndd81jzj292b1f7ur0no,Germán Cid Camacho,FC Andorra,CD Castellón,Israel Suero,0,1,0,0,0,0,0,0,8,0,0,2,0,0,0
161,22 Nov 2025,,5an39ndd81jzj292b1f7ur0no,Germán Cid Camacho,FC Andorra,CD Castellón,Óscar Gil,0,0,0,0,0,0,0,0,4,0,0,1,0,2,0
161,22 Nov 2025,,5an39ndd81jzj292b1f7ur0no,Germán Cid Camacho,FC Andorra,CD Castellón,Douglas Aurélio,0,0,0,0,0,0,0,0,4,0,0,0,0,0,0
161,22 Nov 2025,,5an39ndd81jzj292b1f7ur0no,Germán Cid Camacho,FC Andorra,CD Castellón,Ronaldo,0,0,0,0,0,0,0,0,7,0,0,0,0,1,0
162,24 Nov 2025,,5b0nnnhocpf1qcyvvbe5bb9xw,Rafael Sánchez López,Real Sociedad de Fútbol,Real Valladolid CF,Lander Astiazarán,0,1,0,3,0,1,0,0,38,0,0,5,0,3,0
162,24 Nov 2025,,5b0nnnhocpf1qcyvvbe5bb9xw,Rafael Sánchez López,Real Sociedad de Fútbol,Real Valladolid CF,Luken Beitia,0,0,0,0,1,1,0,0,40,0,0,0,0,4,0
162,24 Nov 2025,,5b0nnnhocpf1qcyvvbe5bb9xw,Rafael Sánchez López,Real Sociedad de Fútbol,Real Valladolid CF,J. Ochieng,0,0,0,0,2,2,0,0,19,0,0,2,0,0,1
162,24 Nov 2025,,5b0nnnhocpf1qcyvvbe5bb9xw,Rafael Sánchez López,Real Sociedad de Fútbol,Real Valladolid CF,Jon Balda,0,0,0,0,0,1,1,0,31,0,0,1,1,4,0
162,24 Nov 2025,,5b0nnnhocpf1qcyvvbe5bb9xw,Rafael Sánchez López,Real Sociedad de Fútbol,Real Valladolid CF,K. Kita,0,0,0,0,1,0,0,0,46,0,0,1,0,3,0
162,24 Nov 2025,,5b0nnnhocpf1qcyvvbe5bb9xw,Rafael Sánchez López,Real Sociedad de Fútbol,Real Valladolid CF,Arkaitz Mariezkurrena,0,0,0,0,1,2,0,0,29,0,0,2,1,1,0
162,24 Nov 2025,,5b0nnnhocpf1qcyvvbe5bb9xw,Rafael Sánchez López,Real Sociedad de Fútbol,Real Valladolid CF,Alberto Dadie,0,0,0,2,1,0,0,0,26,0,0,0,0,7,1
162,24 Nov 2025,,5b0nnnhocpf1qcyvvbe5bb9xw,Rafael Sánchez López,Real Sociedad de Fútbol,Real Valladolid CF,Ibai Aguirre,0,0,0,0,3,1,0,0,32,0,0,0,0,2,0
162,24 Nov 2025,,5b0nnnhocpf1qcyvvbe5bb9xw,Rafael Sánchez López,Real Sociedad de Fútbol,Real Valladolid CF,Aitor Fraga,0,0,0,0,0,0,0,0,40,0,3,0,0,0,0
162,24 Nov 2025,,5b0nnnhocpf1qcyvvbe5bb9xw,Rafael Sánchez López,Real Sociedad de Fútbol,Real Valladolid CF,Dani Díaz,0,0,0,2,0,0,0,0,8,0,0,0,0,0,0
162,24 Nov 2025,,5b0nnnhocpf1qcyvvbe5bb9xw,Rafael Sánchez López,Real Sociedad de Fútbol,Real Valladolid CF,Gorka Carrera,0,0,1,1,2,2,0,0,16,0,0,2,2,0,1
162,24 Nov 2025,,5b0nnnhocpf1qcyvvbe5bb9xw,Rafael Sánchez López,Real Sociedad de Fútbol,Real Valladolid CF,Alex Marchal,0,0,2,4,1,0,0,0,16,0,0,0,0,0,0
162,24 Nov 2025,,5b0nnnhocpf1qcyvvbe5bb9xw,Rafael Sánchez López,Real Sociedad de Fútbol,Real Valladolid CF,Tomás Carbonell,0,0,0,0,0,0,0,0,7,0,0,0,0,0,0
162,24 Nov 2025,,5b0nnnhocpf1qcyvvbe5bb9xw,Rafael Sánchez López,Real Sociedad de Fútbol,Real Valladolid CF,Peru Rodríguez,0,0,0,0,0,0,0,0,7,0,0,0,0,0,0
162,24 Nov 2025,,5b0nnnhocpf1qcyvvbe5bb9xw,Rafael Sánchez López,Real Sociedad de Fútbol,Real Valladolid CF,Unax Agote,0,0,0,0,0,1,0,0,2,0,0,0,0,1,0
162,24 Nov 2025,,5b0nnnhocpf1qcyvvbe5bb9xw,Rafael Sánchez López,Real Sociedad de Fútbol,Real Valladolid CF,Darío Ramírez,0,0,1,1,1,0,0,0,2,0,0,0,0,1,0
162,24 Nov 2025,,5b0nnnhocpf1qcyvvbe5bb9xw,Rafael Sánchez López,Real Sociedad de Fútbol,Real Valladolid CF,Iván Alejo,0,0,0,14,1,0,0,0,30,0,0,0,0,4,1
162,24 Nov 2025,,5b0nnnhocpf1qcyvvbe5bb9xw,Rafael Sánchez López,Real Sociedad de Fútbol,Real Valladolid CF,P. González,0,0,0,1,1,1,0,0,24,0,0,2,0,2,0
162,24 Nov 2025,,5b0nnnhocpf1qcyvvbe5bb9xw,Rafael Sánchez López,Real Sociedad de Fútbol,Real Valladolid CF,J. Ponceau,0,0,1,1,1,1,0,0,55,0,0,1,1,6,0
162,24 Nov 2025,,5b0nnnhocpf1qcyvvbe5bb9xw,Rafael Sánchez López,Real Sociedad de Fútbol,Real Valladolid CF,S. Jurić,0,1,0,1,2,0,0,0,77,0,0,3,0,7,0
162,24 Nov 2025,,5b0nnnhocpf1qcyvvbe5bb9xw,Rafael Sánchez López,Real Sociedad de Fútbol,Real Valladolid CF,Pablo Tomeo,0,0,0,0,2,1,0,0,44,0,0,3,1,0,1
162,24 Nov 2025,,5b0nnnhocpf1qcyvvbe5bb9xw,Rafael Sánchez López,Real Sociedad de Fútbol,Real Valladolid CF,A. Ndiaye,0,0,0,3,1,2,0,1,25,0,0,1,1,3,0
162,24 Nov 2025,,5b0nnnhocpf1qcyvvbe5bb9xw,Rafael Sánchez López,Real Sociedad de Fútbol,Real Valladolid CF,M. Lachuer,0,0,0,1,0,2,0,1,10,0,0,0,0,0,0
162,24 Nov 2025,,5b0nnnhocpf1qcyvvbe5bb9xw,Rafael Sánchez López,Real Sociedad de Fútbol,Real Valladolid CF,Marcos André,0,1,1,1,0,1,0,0,18,0,0,4,0,0,0
162,24 Nov 2025,,5b0nnnhocpf1qcyvvbe5bb9xw,Rafael Sánchez López,Real Sociedad de Fútbol,Real Valladolid CF,Guilherme Fernandes,0,0,0,0,0,0,0,0,24,0,3,0,0,0,0
162,24 Nov 2025,,5b0nnnhocpf1qcyvvbe5bb9xw,Rafael Sánchez López,Real Sociedad de Fútbol,Real Valladolid CF,Guille Bueno,0,0,1,8,0,4,0,1,57,0,0,0,0,4,0
162,24 Nov 2025,,5b0nnnhocpf1qcyvvbe5bb9xw,Rafael Sánchez López,Real Sociedad de Fútbol,Real Valladolid CF,David Torres,0,0,0,0,1,1,0,0,64,0,0,0,0,0,0
162,24 Nov 2025,,5b0nnnhocpf1qcyvvbe5bb9xw,Rafael Sánchez López,Real Sociedad de Fútbol,Real Valladolid CF,Juanmi Latasa,0,0,0,0,0,0,0,0,10,0,0,1,0,0,0
162,24 Nov 2025,,5b0nnnhocpf1qcyvvbe5bb9xw,Rafael Sánchez López,Real Sociedad de Fútbol,Real Valladolid CF,Chuki,0,0,1,3,1,0,0,0,11,0,0,2,0,0,1
162,24 Nov 2025,,5b0nnnhocpf1qcyvvbe5bb9xw,Rafael Sánchez López,Real Sociedad de Fútbol,Real Valladolid CF,Sergi Canós,0,0,0,1,0,0,0,0,15,0,0,2,0,0,0
162,24 Nov 2025,,5b0nnnhocpf1qcyvvbe5bb9xw,Rafael Sánchez López,Real Sociedad de Fútbol,Real Valladolid CF,S. Biuk,0,1,5,4,0,0,0,0,8,0,0,1,0,0,0
162,24 Nov 2025,,5b0nnnhocpf1qcyvvbe5bb9xw,Rafael Sánchez López,Real Sociedad de Fútbol,Real Valladolid CF,Adrián Arnu,0,0,0,0,1,0,0,0,1,0,0,0,0,0,0
163,21 Nov 2025,,5bec8cybvoc6nyl2tow0dao7o,Alejandro Morilla Turrión,UD Las Palmas,Albacete Balompié,Pejiño,0,1,1,3,0,1,0,0,16,0,0,3,0,0,0
163,21 Nov 2025,,5bec8cybvoc6nyl2tow0dao7o,Alejandro Morilla Turrión,UD Las Palmas,Albacete Balompié,Viti Rozada,0,0,0,2,0,1,0,0,22,0,0,0,0,1,0
163,21 Nov 2025,,5bec8cybvoc6nyl2tow0dao7o,Alejandro Morilla Turrión,UD Las Palmas,Albacete Balompié,E. Loiodice,0,0,0,0,2,3,0,0,72,0,0,0,0,6,0
163,21 Nov 2025,,5bec8cybvoc6nyl2tow0dao7o,Alejandro Morilla Turrión,UD Las Palmas,Albacete Balompié,Manu Fuster,1,0,1,3,1,3,1,0,44,0,0,2,1,2,0
163,21 Nov 2025,,5bec8cybvoc6nyl2tow0dao7o,Alejandro Morilla Turrión,UD Las Palmas,Albacete Balompié,M. Luković,0,0,0,1,3,0,1,0,8,0,0,2,2,1,0
163,21 Nov 2025,,5bec8cybvoc6nyl2tow0dao7o,Alejandro Morilla Turrión,UD Las Palmas,Albacete Balompié,D. Horkaš,0,0,0,0,0,0,0,0,46,0,3,0,0,0,0
163,21 Nov 2025,,5bec8cybvoc6nyl2tow0dao7o,Alejandro Morilla Turrión,UD Las Palmas,Albacete Balompié,L. Amatucci,0,0,0,0,1,2,0,0,50,0,0,0,0,4,0
163,21 Nov 2025,,5bec8cybvoc6nyl2tow0dao7o,Alejandro Morilla Turrión,UD Las Palmas,Albacete Balompié,Iván Gil,1,1,1,2,1,2,0,0,34,0,0,1,0,0,0
163,21 Nov 2025,,5bec8cybvoc6nyl2tow0dao7o,Alejandro Morilla Turrión,UD Las Palmas,Albacete Balompié,Mika Mármol,0,0,0,0,3,0,0,1,84,0,0,0,0,1,0
163,21 Nov 2025,,5bec8cybvoc6nyl2tow0dao7o,Alejandro Morilla Turrión,UD Las Palmas,Albacete Balompié,Sergio Barcia,0,0,0,0,3,2,0,0,52,0,0,0,0,0,1
163,21 Nov 2025,,5bec8cybvoc6nyl2tow0dao7o,Alejandro Morilla Turrión,UD Las Palmas,Albacete Balompié,Enrique Clemente,0,0,0,0,1,0,0,0,51,0,0,1,0,1,0
163,21 Nov 2025,,5bec8cybvoc6nyl2tow0dao7o,Alejandro Morilla Turrión,UD Las Palmas,Albacete Balompié,Álex Suárez,0,0,0,0,0,1,0,0,8,0,0,0,0,1,0
163,21 Nov 2025,,5bec8cybvoc6nyl2tow0dao7o,Alejandro Morilla Turrión,UD Las Palmas,Albacete Balompié,Jesé,0,1,2,1,1,0,0,2,6,0,0,1,0,0,0
163,21 Nov 2025,,5bec8cybvoc6nyl2tow0dao7o,Alejandro Morilla Turrión,UD Las Palmas,Albacete Balompié,Jonathan Viera,0,0,0,2,0,1,0,0,22,0,0,0,0,1,0
163,21 Nov 2025,,5bec8cybvoc6nyl2tow0dao7o,Alejandro Morilla Turrión,UD Las Palmas,Albacete Balompié,Cristian Gutiérrez,0,0,0,0,0,0,0,0,3,0,0,0,0,0,0
163,21 Nov 2025,,5bec8cybvoc6nyl2tow0dao7o,Alejandro Morilla Turrión,UD Las Palmas,Albacete Balompié,Jefté Betancor,0,0,0,0,2,1,0,1,7,0,0,1,0,0,0
163,21 Nov 2025,,5bec8cybvoc6nyl2tow0dao7o,Alejandro Morilla Turrión,UD Las Palmas,Albacete Balompié,Riki Rodríguez,0,0,0,0,2,1,0,0,28,0,0,0,0,1,0
163,21 Nov 2025,,5bec8cybvoc6nyl2tow0dao7o,Alejandro Morilla Turrión,UD Las Palmas,Albacete Balompié,Fran Gámez,0,0,2,1,1,0,0,0,26,0,0,0,0,0,1
163,21 Nov 2025,,5bec8cybvoc6nyl2tow0dao7o,Alejandro Morilla Turrión,UD Las Palmas,Albacete Balompié,Jesús Vallejo,0,0,0,0,0,0,0,0,57,0,0,0,0,1,0
163,21 Nov 2025,,5bec8cybvoc6nyl2tow0dao7o,Alejandro Morilla Turrión,UD Las Palmas,Albacete Balompié,Carlos Neva,0,0,0,2,2,1,0,0,36,0,0,0,0,2,0
163,21 Nov 2025,,5bec8cybvoc6nyl2tow0dao7o,Alejandro Morilla Turrión,UD Las Palmas,Albacete Balompié,Raúl Lizoain,0,0,0,0,0,1,0,0,40,0,1,0,0,0,0
163,21 Nov 2025,,5bec8cybvoc6nyl2tow0dao7o,Alejandro Morilla Turrión,UD Las Palmas,Albacete Balompié,José Carlos Lazo,0,0,0,1,0,1,0,0,6,0,0,2,0,0,0
163,21 Nov 2025,,5bec8cybvoc6nyl2tow0dao7o,Alejandro Morilla Turrión,UD Las Palmas,Albacete Balompié,Dani Escriche,0,0,0,2,1,5,0,0,11,0,0,1,0,1,0
163,21 Nov 2025,,5bec8cybvoc6nyl2tow0dao7o,Alejandro Morilla Turrión,UD Las Palmas,Albacete Balompié,Jon Morcillo,0,2,1,7,0,1,1,1,30,0,0,5,2,0,0
163,21 Nov 2025,,5bec8cybvoc6nyl2tow0dao7o,Alejandro Morilla Turrión,UD Las Palmas,Albacete Balompié,Pepe Sánchez,0,0,0,0,2,1,0,0,36,0,0,0,0,1,1
163,21 Nov 2025,,5bec8cybvoc6nyl2tow0dao7o,Alejandro Morilla Turrión,UD Las Palmas,Albacete Balompié,Antonio Pacheco,0,0,0,0,2,1,0,0,40,0,0,0,0,2,1
163,21 Nov 2025,,5bec8cybvoc6nyl2tow0dao7o,Alejandro Morilla Turrión,UD Las Palmas,Albacete Balompié,Víctor Valverde,0,0,0,2,0,0,0,0,10,0,0,1,1,0,0
163,21 Nov 2025,,5bec8cybvoc6nyl2tow0dao7o,Alejandro Morilla Turrión,UD Las Palmas,Albacete Balompié,Antonio Puertas,0,0,0,0,1,0,0,0,3,0,0,0,0,2,1
163,21 Nov 2025,,5bec8cybvoc6nyl2tow0dao7o,Alejandro Morilla Turrión,UD Las Palmas,Albacete Balompié,Lorenzo Aguado,1,0,0,0,1,2,0,0,9,0,0,0,0,0,1
163,21 Nov 2025,,5bec8cybvoc6nyl2tow0dao7o,Alejandro Morilla Turrión,UD Las Palmas,Albacete Balompié,J. Gómez,0,0,0,0,1,0,0,0,6,0,0,0,0,1,0
163,21 Nov 2025,,5bec8cybvoc6nyl2tow0dao7o,Alejandro Morilla Turrión,UD Las Palmas,Albacete Balompié,Alberto Morientes,0,0,0,0,1,0,0,1,0,0,0,0,0,0,0
164,23 Nov 2025,,5bs0e014jadidyw1r52tgkqac,Gorka Etayo Herrera,RC Deportivo de La Coruña,AD Ceuta FC,Mario Soriano,0,0,0,1,0,0,0,0,43,0,0,3,2,1,0
164,23 Nov 2025,,5bs0e014jadidyw1r52tgkqac,Gorka Etayo Herrera,RC Deportivo de La Coruña,AD Ceuta FC,Dani Barcia,1,0,0,0,1,0,0,0,55,0,0,0,0,1,0
164,23 Nov 2025,,5bs0e014jadidyw1r52tgkqac,Gorka Etayo Herrera,RC Deportivo de La Coruña,AD Ceuta FC,Miguel Loureiro,0,0,0,0,0,0,0,0,35,0,0,0,0,0,0
164,23 Nov 2025,,5bs0e014jadidyw1r52tgkqac,Gorka Etayo Herrera,RC Deportivo de La Coruña,AD Ceuta FC,L. Noubi,0,0,0,0,3,1,0,0,10,0,0,0,0,0,1
164,23 Nov 2025,,5bs0e014jadidyw1r52tgkqac,Gorka Etayo Herrera,RC Deportivo de La Coruña,AD Ceuta FC,Luismi Cruz,1,0,0,4,1,2,0,0,28,0,0,1,0,2,0
164,23 Nov 2025,,5bs0e014jadidyw1r52tgkqac,Gorka Etayo Herrera,RC Deportivo de La Coruña,AD Ceuta FC,José Ángel,0,1,0,0,3,1,0,0,56,0,0,2,0,1,0
164,23 Nov 2025,,5bs0e014jadidyw1r52tgkqac,Gorka Etayo Herrera,RC Deportivo de La Coruña,AD Ceuta FC,Yeremay Hernández,0,3,2,2,1,4,1,0,29,0,0,7,2,5,0
164,23 Nov 2025,,5bs0e014jadidyw1r52tgkqac,Gorka Etayo Herrera,RC Deportivo de La Coruña,AD Ceuta FC,G. Quagliata,0,0,1,1,1,0,0,0,21,0,0,0,0,1,0
164,23 Nov 2025,,5bs0e014jadidyw1r52tgkqac,Gorka Etayo Herrera,RC Deportivo de La Coruña,AD Ceuta FC,S. Mulattieri,0,0,1,1,0,0,0,0,7,0,0,1,1,0,0
164,23 Nov 2025,,5bs0e014jadidyw1r52tgkqac,Gorka Etayo Herrera,RC Deportivo de La Coruña,AD Ceuta FC,Germán Parreño,0,0,0,0,0,0,0,0,38,0,3,0,0,0,0
164,23 Nov 2025,,5bs0e014jadidyw1r52tgkqac,Gorka Etayo Herrera,RC Deportivo de La Coruña,AD Ceuta FC,Diego Villares,0,0,0,0,1,1,0,1,27,0,0,1,1,2,1
164,23 Nov 2025,,5bs0e014jadidyw1r52tgkqac,Gorka Etayo Herrera,RC Deportivo de La Coruña,AD Ceuta FC,Arnau Comas,0,0,0,0,0,0,0,0,25,0,0,0,0,0,0
164,23 Nov 2025,,5bs0e014jadidyw1r52tgkqac,Gorka Etayo Herrera,RC Deportivo de La Coruña,AD Ceuta FC,David Mella,0,0,0,0,0,0,0,0,4,0,0,0,0,0,0
164,23 Nov 2025,,5bs0e014jadidyw1r52tgkqac,Gorka Etayo Herrera,RC Deportivo de La Coruña,AD Ceuta FC,Stoichkov,0,0,0,0,1,0,1,1,2,0,0,1,1,0,0
164,23 Nov 2025,,5bs0e014jadidyw1r52tgkqac,Gorka Etayo Herrera,RC Deportivo de La Coruña,AD Ceuta FC,Cristian Herrera,0,0,0,0,1,0,0,0,3,0,0,0,0,0,1
164,23 Nov 2025,,5bs0e014jadidyw1r52tgkqac,Gorka Etayo Herrera,RC Deportivo de La Coruña,AD Ceuta FC,C. Patino,0,0,0,1,0,0,0,0,2,0,0,0,0,0,0
164,23 Nov 2025,,5bs0e014jadidyw1r52tgkqac,Gorka Etayo Herrera,RC Deportivo de La Coruña,AD Ceuta FC,José Matos,0,0,0,0,1,1,0,0,18,0,0,0,0,1,0
164,23 Nov 2025,,5bs0e014jadidyw1r52tgkqac,Gorka Etayo Herrera,RC Deportivo de La Coruña,AD Ceuta FC,Marcos Fernández,0,0,0,0,1,2,1,0,13,0,0,2,2,0,0
164,23 Nov 2025,,5bs0e014jadidyw1r52tgkqac,Gorka Etayo Herrera,RC Deportivo de La Coruña,AD Ceuta FC,Rubén Díez,0,0,1,2,0,1,0,0,40,0,0,0,0,2,0
164,23 Nov 2025,,5bs0e014jadidyw1r52tgkqac,Gorka Etayo Herrera,RC Deportivo de La Coruña,AD Ceuta FC,Y. Lachhab,0,0,0,0,2,1,0,0,29,0,0,1,0,1,0
164,23 Nov 2025,,5bs0e014jadidyw1r52tgkqac,Gorka Etayo Herrera,RC Deportivo de La Coruña,AD Ceuta FC,Diego González,0,1,0,0,0,0,0,0,46,0,0,2,0,0,0
164,23 Nov 2025,,5bs0e014jadidyw1r52tgkqac,Gorka Etayo Herrera,RC Deportivo de La Coruña,AD Ceuta FC,Guille Vallejo,0,0,0,0,0,0,0,0,39,0,5,0,0,0,0
164,23 Nov 2025,,5bs0e014jadidyw1r52tgkqac,Gorka Etayo Herrera,RC Deportivo de La Coruña,AD Ceuta FC,K. Koné,0,0,1,3,2,2,0,0,28,0,0,1,0,3,0
164,23 Nov 2025,,5bs0e014jadidyw1r52tgkqac,Gorka Etayo Herrera,RC Deportivo de La Coruña,AD Ceuta FC,Y. Bodiger,0,2,0,1,2,3,0,0,55,0,0,4,0,2,0
164,23 Nov 2025,,5bs0e014jadidyw1r52tgkqac,Gorka Etayo Herrera,RC Deportivo de La Coruña,AD Ceuta FC,A. Tuhami,1,0,0,1,0,1,0,0,41,0,0,1,1,1,0
164,23 Nov 2025,,5bs0e014jadidyw1r52tgkqac,Gorka Etayo Herrera,RC Deportivo de La Coruña,AD Ceuta FC,K. de la Fuente,0,0,0,1,0,1,0,0,20,0,0,1,1,1,0
164,23 Nov 2025,,5bs0e014jadidyw1r52tgkqac,Gorka Etayo Herrera,RC Deportivo de La Coruña,AD Ceuta FC,Carlos Hernández,0,0,0,0,1,1,0,0,42,0,0,0,0,0,0
164,23 Nov 2025,,5bs0e014jadidyw1r52tgkqac,Gorka Etayo Herrera,RC Deportivo de La Coruña,AD Ceuta FC,A. Bassinga,0,0,0,0,0,0,0,0,11,0,0,0,0,0,0
164,23 Nov 2025,,5bs0e014jadidyw1r52tgkqac,Gorka Etayo Herrera,RC Deportivo de La Coruña,AD Ceuta FC,Redru,0,0,0,0,0,0,0,0,2,0,0,0,0,0,0
164,23 Nov 2025,,5bs0e014jadidyw1r52tgkqac,Gorka Etayo Herrera,RC Deportivo de La Coruña,AD Ceuta FC,Kuki Zalazar,0,0,0,1,0,0,0,0,11,0,0,0,0,1,0
164,23 Nov 2025,,5bs0e014jadidyw1r52tgkqac,Gorka Etayo Herrera,RC Deportivo de La Coruña,AD Ceuta FC,Cristian Rodríguez,0,1,0,1,1,0,0,0,15,0,0,1,0,0,0
164,23 Nov 2025,,5bs0e014jadidyw1r52tgkqac,Gorka Etayo Herrera,RC Deportivo de La Coruña,AD Ceuta FC,Aisar,0,0,2,4,0,0,0,0,5,0,0,0,0,1,0
165,22 Nov 2025,,5c76fds5ez9g5dkjxs4olme50,Manuel Ángel Pérez Hernández,Granada CF,Córdoba FC,Rubén Alcaraz,0,0,0,0,1,1,0,0,18,0,0,0,0,0,1
165,22 Nov 2025,,5c76fds5ez9g5dkjxs4olme50,Manuel Ángel Pérez Hernández,Granada CF,Córdoba FC,O. Oppong,0,0,0,0,0,2,0,0,11,0,0,0,0,1,0
165,22 Nov 2025,,5c76fds5ez9g5dkjxs4olme50,Manuel Ángel Pérez Hernández,Granada CF,Córdoba FC,Jorge Pascual,0,0,1,1,2,1,0,0,16,0,0,6,3,0,0
165,22 Nov 2025,,5c76fds5ez9g5dkjxs4olme50,Manuel Ángel Pérez Hernández,Granada CF,Córdoba FC,Ander Astralaga,0,0,0,0,0,0,0,0,37,0,4,0,0,0,0
165,22 Nov 2025,,5c76fds5ez9g5dkjxs4olme50,Manuel Ángel Pérez Hernández,Granada CF,Córdoba FC,Manu Lama,0,0,0,0,1,1,1,0,46,0,0,2,2,3,0
165,22 Nov 2025,,5c76fds5ez9g5dkjxs4olme50,Manuel Ángel Pérez Hernández,Granada CF,Córdoba FC,Sergio Ruiz,0,0,0,2,2,1,0,0,21,0,0,0,0,2,1
165,22 Nov 2025,,5c76fds5ez9g5dkjxs4olme50,Manuel Ángel Pérez Hernández,Granada CF,Córdoba FC,S. Faye,0,1,0,4,2,1,0,0,18,0,0,2,1,1,0
165,22 Nov 2025,,5c76fds5ez9g5dkjxs4olme50,Manuel Ángel Pérez Hernández,Granada CF,Córdoba FC,B. Diallo,0,0,1,1,1,3,0,0,18,0,0,0,0,0,0
165,22 Nov 2025,,5c76fds5ez9g5dkjxs4olme50,Manuel Ángel Pérez Hernández,Granada CF,Córdoba FC,Pedro Alemañ,0,0,0,1,0,1,0,0,28,0,0,1,0,2,0
165,22 Nov 2025,,5c76fds5ez9g5dkjxs4olme50,Manuel Ángel Pérez Hernández,Granada CF,Córdoba FC,Loïc Williams,0,1,0,0,0,1,0,0,26,0,0,1,0,0,0
165,22 Nov 2025,,5c76fds5ez9g5dkjxs4olme50,Manuel Ángel Pérez Hernández,Granada CF,Córdoba FC,Álex Sola,0,2,5,3,1,6,0,0,21,0,0,3,0,1,0
165,22 Nov 2025,,5c76fds5ez9g5dkjxs4olme50,Manuel Ángel Pérez Hernández,Granada CF,Córdoba FC,José Arnáiz,0,1,0,3,1,1,0,0,8,0,0,2,1,1,1
165,22 Nov 2025,,5c76fds5ez9g5dkjxs4olme50,Manuel Ángel Pérez Hernández,Granada CF,Córdoba FC,Manu Trigueros,0,0,0,0,0,0,0,0,23,0,0,1,0,0,0
165,22 Nov 2025,,5c76fds5ez9g5dkjxs4olme50,Manuel Ángel Pérez Hernández,Granada CF,Córdoba FC,Sergio Rodelas,0,0,0,1,0,0,0,1,5,0,0,0,0,2,0
165,22 Nov 2025,,5c76fds5ez9g5dkjxs4olme50,Manuel Ángel Pérez Hernández,Granada CF,Córdoba FC,Dani Requena,0,0,1,0,1,2,0,0,30,0,0,1,0,1,1
165,22 Nov 2025,,5c76fds5ez9g5dkjxs4olme50,Manuel Ángel Pérez Hernández,Granada CF,Córdoba FC,Álex Martín,0,0,1,0,3,2,0,0,38,0,0,0,0,4,1
165,22 Nov 2025,,5c76fds5ez9g5dkjxs4olme50,Manuel Ángel Pérez Hernández,Granada CF,Córdoba FC,Jacobo González,0,0,0,1,5,2,0,0,26,0,0,3,2,3,0
165,22 Nov 2025,,5c76fds5ez9g5dkjxs4olme50,Manuel Ángel Pérez Hernández,Granada CF,Córdoba FC,Dali,0,0,2,6,0,1,0,0,20,0,0,0,0,5,0
165,22 Nov 2025,,5c76fds5ez9g5dkjxs4olme50,Manuel Ángel Pérez Hernández,Granada CF,Córdoba FC,Carlos Albarrán,0,0,0,1,4,0,0,0,17,0,0,0,0,2,0
165,22 Nov 2025,,5c76fds5ez9g5dkjxs4olme50,Manuel Ángel Pérez Hernández,Granada CF,Córdoba FC,Xavi Sintes,0,0,0,0,0,0,0,1,21,0,0,0,0,4,0
165,22 Nov 2025,,5c76fds5ez9g5dkjxs4olme50,Manuel Ángel Pérez Hernández,Granada CF,Córdoba FC,Fuentes,0,1,1,1,0,1,1,1,18,0,0,2,1,1,0
165,22 Nov 2025,,5c76fds5ez9g5dkjxs4olme50,Manuel Ángel Pérez Hernández,Granada CF,Córdoba FC,Cristian Carracedo,1,0,1,8,5,2,0,1,31,0,0,1,1,1,1
165,22 Nov 2025,,5c76fds5ez9g5dkjxs4olme50,Manuel Ángel Pérez Hernández,Granada CF,Córdoba FC,Isma Ruiz,0,0,0,0,0,1,0,0,31,0,0,1,0,3,0
165,22 Nov 2025,,5c76fds5ez9g5dkjxs4olme50,Manuel Ángel Pérez Hernández,Granada CF,Córdoba FC,Iker Álvarez,0,0,0,0,0,0,0,0,36,0,6,0,0,0,0
165,22 Nov 2025,,5c76fds5ez9g5dkjxs4olme50,Manuel Ángel Pérez Hernández,Granada CF,Córdoba FC,Carlos Isaac,0,1,2,0,1,0,0,0,23,0,0,2,1,1,1
165,22 Nov 2025,,5c76fds5ez9g5dkjxs4olme50,Manuel Ángel Pérez Hernández,Granada CF,Córdoba FC,Alberto del Moral,0,0,0,0,0,0,0,0,9,0,0,1,0,0,0
165,22 Nov 2025,,5c76fds5ez9g5dkjxs4olme50,Manuel Ángel Pérez Hernández,Granada CF,Córdoba FC,Juan María Alcedo,0,0,0,0,0,0,0,0,5,0,0,0,0,0,0
165,22 Nov 2025,,5c76fds5ez9g5dkjxs4olme50,Manuel Ángel Pérez Hernández,Granada CF,Córdoba FC,Sergi Guardiola,0,0,0,0,1,0,0,1,3,0,0,0,0,0,1
165,22 Nov 2025,,5c76fds5ez9g5dkjxs4olme50,Manuel Ángel Pérez Hernández,Granada CF,Córdoba FC,Pedro Ortiz,0,0,0,0,0,0,0,0,1,0,0,0,0,0,0
165,22 Nov 2025,,5c76fds5ez9g5dkjxs4olme50,Manuel Ángel Pérez Hernández,Granada CF,Córdoba FC,T. Zidane,0,0,0,0,0,0,0,0,0,0,0,0,0,0,0
1,18 Aug 2025,,3l3hiouou3zt21dcu96vv6qdw,Álvaro Moreno Aragón,Real Sporting de Gijón,Córdoba FC,César Gelabert,0,0,0,1,0,1,1,0,27,0,0,1,1,2,0
1,18 Aug 2025,,3l3hiouou3zt21dcu96vv6qdw,Álvaro Moreno Aragón,Real Sporting de Gijón,Córdoba FC,L. Perrin,0,0,0,0,2,0,0,0,25,0,0,0,0,4,1
1,18 Aug 2025,,3l3hiouou3zt21dcu96vv6qdw,Álvaro Moreno Aragón,Real Sporting de Gijón,Córdoba FC,Pablo Vázquez,0,0,0,0,0,0,0,0,33,0,0,0,0,0,0
1,18 Aug 2025,,3l3hiouou3zt21dcu96vv6qdw,Álvaro Moreno Aragón,Real Sporting de Gijón,Córdoba FC,Rubén Yáñez,0,0,0,0,0,0,0,0,28,0,4,0,0,0,0
1,18 Aug 2025,,3l3hiouou3zt21dcu96vv6qdw,Álvaro Moreno Aragón,Real Sporting de Gijón,Córdoba FC,Nacho Martín,0,0,0,0,3,0,0,0,27,0,0,0,0,2,0
1,18 Aug 2025,,3l3hiouou3zt21dcu96vv6qdw,Álvaro Moreno Aragón,Real Sporting de Gijón,Córdoba FC,J. Otero,2,1,1,1,2,2,0,3,19,0,0,2,0,1,0
1,18 Aug 2025,,3l3hiouou3zt21dcu96vv6qdw,Álvaro Moreno Aragón,Real Sporting de Gijón,Córdoba FC,Álex Corredera,0,1,0,3,1,0,0,1,23,0,0,1,0,5,1
1,18 Aug 2025,,3l3hiouou3zt21dcu96vv6qdw,Álvaro Moreno Aragón,Real Sporting de Gijón,Córdoba FC,Kevin Vázquez,0,0,0,1,1,0,0,0,12,0,0,0,0,0,0
1,18 Aug 2025,,3l3hiouou3zt21dcu96vv6qdw,Álvaro Moreno Aragón,Real Sporting de Gijón,Córdoba FC,Jonathan Dubasin,0,0,0,0,0,3,1,0,21,0,0,1,1,2,0
1,18 Aug 2025,,3l3hiouou3zt21dcu96vv6qdw,Álvaro Moreno Aragón,Real Sporting de Gijón,Córdoba FC,Pablo García,0,0,1,1,0,0,0,0,20,0,0,1,1,3,0
1,18 Aug 2025,,3l3hiouou3zt21dcu96vv6qdw,Álvaro Moreno Aragón,Real Sporting de Gijón,Córdoba FC,Dani Queipo,0,0,0,0,1,0,0,3,10,0,0,0,0,1,0
1,18 Aug 2025,,3l3hiouou3zt21dcu96vv6qdw,Álvaro Moreno Aragón,Real Sporting de Gijón,Córdoba FC,Diego Sánchez,0,0,0,0,2,0,0,0,5,0,0,0,0,1,0
1,18 Aug 2025,,3l3hiouou3zt21dcu96vv6qdw,Álvaro Moreno Aragón,Real Sporting de Gijón,Córdoba FC,Gaspar Campos,0,1,0,0,0,0,0,0,7,0,0,2,1,0,0
1,18 Aug 2025,,3l3hiouou3zt21dcu96vv6qdw,Álvaro Moreno Aragón,Real Sporting de Gijón,Córdoba FC,Guille Rosas,0,0,0,0,0,0,0,0,10,0,0,0,0,2,0
1,18 Aug 2025,,3l3hiouou3zt21dcu96vv6qdw,Álvaro Moreno Aragón,Real Sporting de Gijón,Córdoba FC,Eric Curbelo,0,0,0,0,0,0,0,0,2,0,0,0,0,0,0
1,18 Aug 2025,,3l3hiouou3zt21dcu96vv6qdw,Álvaro Moreno Aragón,Real Sporting de Gijón,Córdoba FC,J. Caicedo,0,0,0,0,1,0,0,0,1,0,0,1,0,0,0
1,18 Aug 2025,,3l3hiouou3zt21dcu96vv6qdw,Álvaro Moreno Aragón,Real Sporting de Gijón,Córdoba FC,Isma Ruiz,0,0,0,0,1,3,0,0,49,0,0,0,0,3,0
1,18 Aug 2025,,3l3hiouou3zt21dcu96vv6qdw,Álvaro Moreno Aragón,Real Sporting de Gijón,Córdoba FC,Ignasi Vilarrasa,0,0,0,4,2,0,0,0,33,0,0,1,0,0,0
1,18 Aug 2025,,3l3hiouou3zt21dcu96vv6qdw,Álvaro Moreno Aragón,Real Sporting de Gijón,Córdoba FC,Rubén Alves,0,0,0,0,0,1,0,0,46,0,0,0,0,2,0
1,18 Aug 2025,,3l3hiouou3zt21dcu96vv6qdw,Álvaro Moreno Aragón,Real Sporting de Gijón,Córdoba FC,Pedro Ortiz,0,0,1,2,0,0,0,0,28,0,0,0,0,1,0
1,18 Aug 2025,,3l3hiouou3zt21dcu96vv6qdw,Álvaro Moreno Aragón,Real Sporting de Gijón,Córdoba FC,Carlos Marín,0,0,0,0,0,0,0,0,33,0,2,0,0,0,0
1,18 Aug 2025,,3l3hiouou3zt21dcu96vv6qdw,Álvaro Moreno Aragón,Real Sporting de Gijón,Córdoba FC,F. Fomeyem,0,0,0,0,2,0,0,0,59,0,0,0,0,3,0
1,18 Aug 2025,,3l3hiouou3zt21dcu96vv6qdw,Álvaro Moreno Aragón,Real Sporting de Gijón,Córdoba FC,Álex Sala,1,1,1,4,1,2,0,0,53,0,0,2,1,0,0
1,18 Aug 2025,,3l3hiouou3zt21dcu96vv6qdw,Álvaro Moreno Aragón,Real Sporting de Gijón,Córdoba FC,Cristian Carracedo,0,0,0,5,0,1,0,0,45,0,0,1,1,1,1
1,18 Aug 2025,,3l3hiouou3zt21dcu96vv6qdw,Álvaro Moreno Aragón,Real Sporting de Gijón,Córdoba FC,Carlos Isaac,0,0,0,1,0,3,0,0,25,0,0,2,1,2,0
1,18 Aug 2025,,3l3hiouou3zt21dcu96vv6qdw,Álvaro Moreno Aragón,Real Sporting de Gijón,Córdoba FC,Sergi Guardiola,0,1,1,0,1,1,0,1,19,0,0,3,1,0,1
1,18 Aug 2025,,3l3hiouou3zt21dcu96vv6qdw,Álvaro Moreno Aragón,Real Sporting de Gijón,Córdoba FC,Jacobo González,0,1,1,3,0,1,1,0,36,0,0,3,1,1,0
1,18 Aug 2025,,3l3hiouou3zt21dcu96vv6qdw,Álvaro Moreno Aragón,Real Sporting de Gijón,Córdoba FC,Álex Martín,0,0,0,0,0,1,0,0,40,0,0,0,0,0,0
1,18 Aug 2025,,3l3hiouou3zt21dcu96vv6qdw,Álvaro Moreno Aragón,Real Sporting de Gijón,Córdoba FC,Kevin Medina,0,1,0,4,0,0,0,0,3,0,0,2,0,0,0
1,18 Aug 2025,,3l3hiouou3zt21dcu96vv6qdw,Álvaro Moreno Aragón,Real Sporting de Gijón,Córdoba FC,Carlos Albarrán,0,0,0,0,0,0,0,0,4,0,0,1,0,0,0
1,18 Aug 2025,,3l3hiouou3zt21dcu96vv6qdw,Álvaro Moreno Aragón,Real Sporting de Gijón,Córdoba FC,Juan María Alcedo,0,0,0,1,0,0,0,0,5,0,0,0,0,1,0
1,18 Aug 2025,,3l3hiouou3zt21dcu96vv6qdw,Álvaro Moreno Aragón,Real Sporting de Gijón,Córdoba FC,N. Obolskiy,0,0,0,0,0,0,0,0,1,0,0,0,0,0,0
2,16 Aug 2025,,3lkd1acoedsuuk1959o3xod90,Daniel Palencia Caballero,Granada CF,RC Deportivo de La Coruña,O. Oppong,0,1,1,0,0,0,0,0,25,0,0,3,0,4,0
2,16 Aug 2025,,3lkd1acoedsuuk1959o3xod90,Daniel Palencia Caballero,Granada CF,RC Deportivo de La Coruña,Pablo Sáenz,0,1,0,12,1,1,0,0,26,0,0,2,0,3,1
2,16 Aug 2025,,3lkd1acoedsuuk1959o3xod90,Daniel Palencia Caballero,Granada CF,RC Deportivo de La Coruña,Stoichkov,0,0,0,1,1,0,0,1,13,0,0,0,0,3,0
2,16 Aug 2025,,3lkd1acoedsuuk1959o3xod90,Daniel Palencia Caballero,Granada CF,RC Deportivo de La Coruña,Loïc Williams,0,0,1,0,0,2,0,0,70,0,0,0,0,0,0
2,16 Aug 2025,,3lkd1acoedsuuk1959o3xod90,Daniel Palencia Caballero,Granada CF,RC Deportivo de La Coruña,L. Zidane,0,0,0,0,0,0,0,0,37,0,4,0,0,0,0
2,16 Aug 2025,,3lkd1acoedsuuk1959o3xod90,Daniel Palencia Caballero,Granada CF,RC Deportivo de La Coruña,M. Hongla,0,2,1,0,2,1,1,0,34,0,0,3,1,1,0
2,16 Aug 2025,,3lkd1acoedsuuk1959o3xod90,Daniel Palencia Caballero,Granada CF,RC Deportivo de La Coruña,B. Diallo,0,1,2,2,1,2,0,0,28,0,0,2,0,0,0
2,16 Aug 2025,,3lkd1acoedsuuk1959o3xod90,Daniel Palencia Caballero,Granada CF,RC Deportivo de La Coruña,Sergio Rodelas,1,1,2,3,0,0,0,0,13,0,0,2,1,1,0
2,16 Aug 2025,,3lkd1acoedsuuk1959o3xod90,Daniel Palencia Caballero,Granada CF,RC Deportivo de La Coruña,Manu Trigueros,0,0,0,0,3,0,0,0,30,0,0,0,0,1,0
2,16 Aug 2025,,3lkd1acoedsuuk1959o3xod90,Daniel Palencia Caballero,Granada CF,RC Deportivo de La Coruña,Manu Lama,0,0,0,0,1,1,0,0,36,1,0,0,0,0,2
2,16 Aug 2025,,3lkd1acoedsuuk1959o3xod90,Daniel Palencia Caballero,Granada CF,RC Deportivo de La Coruña,S. Weissman,0,0,0,0,0,1,0,0,8,0,0,1,0,2,0
2,16 Aug 2025,,3lkd1acoedsuuk1959o3xod90,Daniel Palencia Caballero,Granada CF,RC Deportivo de La Coruña,Sergio Ruiz,0,0,0,0,0,2,0,0,27,0,0,1,0,1,0
2,16 Aug 2025,,3lkd1acoedsuuk1959o3xod90,Daniel Palencia Caballero,Granada CF,RC Deportivo de La Coruña,Pablo Insua,0,0,0,0,0,0,0,0,12,0,0,0,0,0,0
2,16 Aug 2025,,3lkd1acoedsuuk1959o3xod90,Daniel Palencia Caballero,Granada CF,RC Deportivo de La Coruña,Mario Jiménez,0,0,0,0,0,0,0,0,6,0,0,0,0,1,0
2,16 Aug 2025,,3lkd1acoedsuuk1959o3xod90,Daniel Palencia Caballero,Granada CF,RC Deportivo de La Coruña,Samu Cortés,0,0,0,2,0,0,0,0,3,0,0,0,0,0,0
2,16 Aug 2025,,3lkd1acoedsuuk1959o3xod90,Daniel Palencia Caballero,Granada CF,RC Deportivo de La Coruña,Z. Eddahchouri,1,0,0,0,2,0,1,1,10,0,0,3,2,0,1
2,16 Aug 2025,,3lkd1acoedsuuk1959o3xod90,Daniel Palencia Caballero,Granada CF,RC Deportivo de La Coruña,Arnau Comas,0,0,0,0,0,1,0,0,56,0,0,0,0,0,0
2,16 Aug 2025,,3lkd1acoedsuuk1959o3xod90,Daniel Palencia Caballero,Granada CF,RC Deportivo de La Coruña,Dani Barcia,0,0,0,0,0,0,0,0,62,0,0,0,0,2,0
2,16 Aug 2025,,3lkd1acoedsuuk1959o3xod90,Daniel Palencia Caballero,Granada CF,RC Deportivo de La Coruña,Germán Parreño,0,0,0,0,0,0,0,0,40,0,1,0,0,0,0
2,16 Aug 2025,,3lkd1acoedsuuk1959o3xod90,Daniel Palencia Caballero,Granada CF,RC Deportivo de La Coruña,José Gragera,0,0,0,0,3,1,0,0,50,0,0,1,0,1,0
2,16 Aug 2025,,3lkd1acoedsuuk1959o3xod90,Daniel Palencia Caballero,Granada CF,RC Deportivo de La Coruña,Diego Villares,0,0,0,0,0,1,0,0,22,0,0,0,0,2,0
2,16 Aug 2025,,3lkd1acoedsuuk1959o3xod90,Daniel Palencia Caballero,Granada CF,RC Deportivo de La Coruña,Miguel Loureiro,0,0,0,0,1,0,0,0,45,0,0,0,0,4,0
2,16 Aug 2025,,3lkd1acoedsuuk1959o3xod90,Daniel Palencia Caballero,Granada CF,RC Deportivo de La Coruña,Mario Soriano,0,0,0,0,0,1,1,0,42,0,0,2,1,2,0
2,16 Aug 2025,,3lkd1acoedsuuk1959o3xod90,Daniel Palencia Caballero,Granada CF,RC Deportivo de La Coruña,Yeremay Hernández,0,1,1,1,1,1,0,2,29,0,0,4,2,0,1
2,16 Aug 2025,,3lkd1acoedsuuk1959o3xod90,Daniel Palencia Caballero,Granada CF,RC Deportivo de La Coruña,Sergio Escudero,0,0,0,2,1,0,1,0,32,0,0,1,1,0,0
2,16 Aug 2025,,3lkd1acoedsuuk1959o3xod90,Daniel Palencia Caballero,Granada CF,RC Deportivo de La Coruña,Luismi Cruz,1,0,0,0,1,1,0,0,15,0,0,0,0,1,0
2,16 Aug 2025,,3lkd1acoedsuuk1959o3xod90,Daniel Palencia Caballero,Granada CF,RC Deportivo de La Coruña,M. Bouldini,0,0,0,0,1,2,0,0,6,0,0,1,0,1,0
2,16 Aug 2025,,3lkd1acoedsuuk1959o3xod90,Daniel Palencia Caballero,Granada CF,RC Deportivo de La Coruña,David Mella,0,0,0,0,0,1,0,0,9,0,0,1,1,2,0
2,16 Aug 2025,,3lkd1acoedsuuk1959o3xod90,Daniel Palencia Caballero,Granada CF,RC Deportivo de La Coruña,Ximo Navarro,0,1,0,0,0,0,0,0,7,0,0,1,0,0,0
2,16 Aug 2025,,3lkd1acoedsuuk1959o3xod90,Daniel Palencia Caballero,Granada CF,RC Deportivo de La Coruña,C. Patino,0,0,0,0,0,0,0,0,22,0,0,0,0,2,0
2,16 Aug 2025,,3lkd1acoedsuuk1959o3xod90,Daniel Palencia Caballero,Granada CF,RC Deportivo de La Coruña,Cristian Herrera,0,0,0,0,1,0,0,0,7,0,0,1,0,0,0
3,16 Aug 2025,,3ly0y4sffkyarelzjdcqjzcpg,Saúl Ais Reig,Málaga CF,SD Eibar,Julen Lobete,0,0,1,0,0,1,0,0,17,0,0,0,0,1,0
3,16 Aug 2025,,3ly0y4sffkyarelzjdcqjzcpg,Saúl Ais Reig,Málaga CF,SD Eibar,Javi Montero,0,0,0,0,2,0,0,0,69,0,0,0,0,0,0
3,16 Aug 2025,,3ly0y4sffkyarelzjdcqjzcpg,Saúl Ais Reig,Málaga CF,SD Eibar,Víctor García,0,0,0,10,1,0,0,0,30,0,0,0,0,0,0
3,16 Aug 2025,,3ly0y4sffkyarelzjdcqjzcpg,Saúl Ais Reig,Málaga CF,SD Eibar,Alfonso Herrero,0,0,0,0,0,0,0,0,36,0,2,0,0,0,0
3,16 Aug 2025,,3ly0y4sffkyarelzjdcqjzcpg,Saúl Ais Reig,Málaga CF,SD Eibar,Álex Pastor,0,0,0,0,1,1,0,0,53,0,0,1,0,0,1
3,16 Aug 2025,,3ly0y4sffkyarelzjdcqjzcpg,Saúl Ais Reig,Málaga CF,SD Eibar,Carlos Puga,0,0,1,2,2,0,0,0,14,0,0,1,1,0,0
3,16 Aug 2025,,3ly0y4sffkyarelzjdcqjzcpg,Saúl Ais Reig,Málaga CF,SD Eibar,Adrián Niño,0,0,1,0,1,0,1,1,15,0,0,1,1,0,0
3,16 Aug 2025,,3ly0y4sffkyarelzjdcqjzcpg,Saúl Ais Reig,Málaga CF,SD Eibar,Carlos Dotor,0,0,0,2,0,0,0,0,36,0,0,0,0,0,0
3,16 Aug 2025,,3ly0y4sffkyarelzjdcqjzcpg,Saúl Ais Reig,Málaga CF,SD Eibar,David Larrubia,0,1,3,1,0,1,0,0,28,0,0,4,1,7,0
3,16 Aug 2025,,3ly0y4sffkyarelzjdcqjzcpg,Saúl Ais Reig,Málaga CF,SD Eibar,Izan Merino,0,1,0,0,0,1,0,0,31,0,0,2,0,0,0
3,16 Aug 2025,,3ly0y4sffkyarelzjdcqjzcpg,Saúl Ais Reig,Málaga CF,SD Eibar,Luismi,0,0,0,0,1,1,0,0,14,0,0,0,0,2,0
3,16 Aug 2025,,3ly0y4sffkyarelzjdcqjzcpg,Saúl Ais Reig,Málaga CF,SD Eibar,Dani Lorenzo,0,0,0,3,1,0,0,0,31,0,0,0,0,0,0
3,16 Aug 2025,,3ly0y4sffkyarelzjdcqjzcpg,Saúl Ais Reig,Málaga CF,SD Eibar,Diego Murillo,0,0,0,0,0,0,0,0,19,0,0,0,0,0,0
3,16 Aug 2025,,3ly0y4sffkyarelzjdcqjzcpg,Saúl Ais Reig,Málaga CF,SD Eibar,Joaquín Muñoz,0,0,1,0,1,2,0,0,10,0,0,0,0,1,1
3,16 Aug 2025,,3ly0y4sffkyarelzjdcqjzcpg,Saúl Ais Reig,Málaga CF,SD Eibar,Chupe,0,0,1,1,0,0,0,0,7,0,0,2,1,0,0
3,16 Aug 2025,,3ly0y4sffkyarelzjdcqjzcpg,Saúl Ais Reig,Málaga CF,SD Eibar,Dani Sánchez,0,0,0,1,0,0,0,0,8,0,0,0,0,0,0
3,16 Aug 2025,,3ly0y4sffkyarelzjdcqjzcpg,Saúl Ais Reig,Málaga CF,SD Eibar,Rafa Rodríguez,0,0,0,1,0,0,0,0,1,0,0,0,0,0,0
3,16 Aug 2025,,3ly0y4sffkyarelzjdcqjzcpg,Saúl Ais Reig,Málaga CF,SD Eibar,Jon Magunazelaia,0,0,0,0,1,1,0,0,21,0,0,1,0,1,0
3,16 Aug 2025,,3ly0y4sffkyarelzjdcqjzcpg,Saúl Ais Reig,Málaga CF,SD Eibar,Anaitz Arbilla,0,0,0,0,0,0,0,0,62,0,0,1,0,3,0
3,16 Aug 2025,,3ly0y4sffkyarelzjdcqjzcpg,Saúl Ais Reig,Málaga CF,SD Eibar,Sergio Cubero,0,1,2,2,2,2,0,0,24,0,0,1,0,2,1
3,16 Aug 2025,,3ly0y4sffkyarelzjdcqjzcpg,Saúl Ais Reig,Málaga CF,SD Eibar,Marco Moreno,0,0,0,0,0,0,0,0,45,0,0,0,0,1,0
3,16 Aug 2025,,3ly0y4sffkyarelzjdcqjzcpg,Saúl Ais Reig,Málaga CF,SD Eibar,Jon Guruzeta,0,0,0,1,1,0,0,0,23,0,0,1,1,2,0
3,16 Aug 2025,,3ly0y4sffkyarelzjdcqjzcpg,Saúl Ais Reig,Málaga CF,SD Eibar,Peru Nolaskoain,0,0,0,0,0,0,0,0,42,0,0,1,0,1,0
3,16 Aug 2025,,3ly0y4sffkyarelzjdcqjzcpg,Saúl Ais Reig,Málaga CF,SD Eibar,Jonmi Magunagoitia,0,0,0,0,0,0,0,0,37,0,3,0,0,0,0
3,16 Aug 2025,,3ly0y4sffkyarelzjdcqjzcpg,Saúl Ais Reig,Málaga CF,SD Eibar,Aleix Garrido,1,0,0,3,1,1,0,0,37,0,0,1,1,0,0
3,16 Aug 2025,,3ly0y4sffkyarelzjdcqjzcpg,Saúl Ais Reig,Málaga CF,SD Eibar,José Corpas,0,0,1,1,2,2,0,0,21,0,0,0,0,3,1
3,16 Aug 2025,,3ly0y4sffkyarelzjdcqjzcpg,Saúl Ais Reig,Málaga CF,SD Eibar,Leonardo Buta,0,0,1,4,0,2,0,0,22,0,0,0,0,3,0
3,16 Aug 2025,,3ly0y4sffkyarelzjdcqjzcpg,Saúl Ais Reig,Málaga CF,SD Eibar,Javi Martón,0,0,0,0,0,1,1,3,3,0,0,1,1,0,0
3,16 Aug 2025,,3ly0y4sffkyarelzjdcqjzcpg,Saúl Ais Reig,Málaga CF,SD Eibar,Javi Martínez,0,0,0,3,0,1,0,0,7,0,0,0,0,0,0
3,16 Aug 2025,,3ly0y4sffkyarelzjdcqjzcpg,Saúl Ais Reig,Málaga CF,SD Eibar,Sergio Álvarez,0,0,0,0,0,0,0,0,8,0,0,0,0,1,0
3,16 Aug 2025,,3ly0y4sffkyarelzjdcqjzcpg,Saúl Ais Reig,Málaga CF,SD Eibar,Hodei Arrillaga,0,0,0,0,0,0,0,0,4,0,0,0,0,0,0
3,16 Aug 2025,,3ly0y4sffkyarelzjdcqjzcpg,Saúl Ais Reig,Málaga CF,SD Eibar,Xeber Alkain,0,0,0,0,0,0,0,0,3,0,0,0,0,0,0
3,16 Aug 2025,,3ly0y4sffkyarelzjdcqjzcpg,Saúl Ais Reig,Málaga CF,SD Eibar,Álvaro Rodríguez,0,0,0,2,0,0,0,0,5,0,0,0,0,0,0
3,16 Aug 2025,,3ly0y4sffkyarelzjdcqjzcpg,Saúl Ais Reig,Málaga CF,SD Eibar,Aritz Arambarri,0,0,0,0,0,0,0,0,1,0,0,0,0,0,0
4,17 Aug 2025,,3mbh8qu8l8uigefebe5ejmj9w,Lluís Bestard Servera,UD Las Palmas,FC Andorra,Iván Gil,0,1,0,1,0,2,0,0,36,0,0,2,0,0,0
4,17 Aug 2025,,3mbh8qu8l8uigefebe5ejmj9w,Lluís Bestard Servera,UD Las Palmas,FC Andorra,Mika Mármol,0,0,0,0,1,0,0,1,45,0,0,0,0,3,0
4,17 Aug 2025,,3mbh8qu8l8uigefebe5ejmj9w,Lluís Bestard Servera,UD Las Palmas,FC Andorra,Enrique Clemente,0,0,0,0,1,1,0,0,36,0,0,0,0,2,0
4,17 Aug 2025,,3mbh8qu8l8uigefebe5ejmj9w,Lluís Bestard Servera,UD Las Palmas,FC Andorra,E. Loiodice,0,0,0,0,2,0,0,0,39,0,0,1,0,2,0
4,17 Aug 2025,,3mbh8qu8l8uigefebe5ejmj9w,Lluís Bestard Servera,UD Las Palmas,FC Andorra,Ale García,0,1,0,0,0,1,1,2,19,0,0,2,1,1,0
4,17 Aug 2025,,3mbh8qu8l8uigefebe5ejmj9w,Lluís Bestard Servera,UD Las Palmas,FC Andorra,Sergio Barcia,0,0,0,0,3,1,0,0,62,0,0,0,0,1,0
4,17 Aug 2025,,3mbh8qu8l8uigefebe5ejmj9w,Lluís Bestard Servera,UD Las Palmas,FC Andorra,Marvin Park,0,0,1,0,2,0,0,0,48,0,0,1,0,1,0
4,17 Aug 2025,,3mbh8qu8l8uigefebe5ejmj9w,Lluís Bestard Servera,UD Las Palmas,FC Andorra,Manu Fuster,1,0,0,2,0,4,0,0,30,0,0,0,0,1,0
4,17 Aug 2025,,3mbh8qu8l8uigefebe5ejmj9w,Lluís Bestard Servera,UD Las Palmas,FC Andorra,L. Amatucci,0,0,0,0,4,5,0,0,33,0,0,1,0,4,0
4,17 Aug 2025,,3mbh8qu8l8uigefebe5ejmj9w,Lluís Bestard Servera,UD Las Palmas,FC Andorra,D. Horkaš,0,0,0,0,0,0,0,0,39,0,2,0,0,0,0
4,17 Aug 2025,,3mbh8qu8l8uigefebe5ejmj9w,Lluís Bestard Servera,UD Las Palmas,FC Andorra,Cristian Gutiérrez,0,0,0,2,0,1,0,0,11,0,0,0,0,1,0
4,17 Aug 2025,,3mbh8qu8l8uigefebe5ejmj9w,Lluís Bestard Servera,UD Las Palmas,FC Andorra,Valentín Pezzolesi,0,0,0,0,2,0,0,0,9,1,0,0,0,1,2
4,17 Aug 2025,,3mbh8qu8l8uigefebe5ejmj9w,Lluís Bestard Servera,UD Las Palmas,FC Andorra,Marc Cardona,0,0,0,0,0,2,0,0,3,0,0,1,1,0,0
4,17 Aug 2025,,3mbh8qu8l8uigefebe5ejmj9w,Lluís Bestard Servera,UD Las Palmas,FC Andorra,Pejiño,0,0,0,1,1,0,0,1,6,0,0,1,0,0,0
4,17 Aug 2025,,3mbh8qu8l8uigefebe5ejmj9w,Lluís Bestard Servera,UD Las Palmas,FC Andorra,J. Recoba,0,1,0,0,0,0,0,0,7,0,0,1,0,0,0
4,17 Aug 2025,,3mbh8qu8l8uigefebe5ejmj9w,Lluís Bestard Servera,UD Las Palmas,FC Andorra,E. Cedeño,0,0,0,1,0,0,0,0,6,0,0,0,0,2,0
4,17 Aug 2025,,3mbh8qu8l8uigefebe5ejmj9w,Lluís Bestard Servera,UD Las Palmas,FC Andorra,L. de León,0,0,0,0,1,2,0,1,10,0,0,0,0,0,0
4,17 Aug 2025,,3mbh8qu8l8uigefebe5ejmj9w,Lluís Bestard Servera,UD Las Palmas,FC Andorra,Sergio Molina,0,1,1,3,2,1,0,0,58,0,0,1,0,2,1
4,17 Aug 2025,,3mbh8qu8l8uigefebe5ejmj9w,Lluís Bestard Servera,UD Las Palmas,FC Andorra,Imanol García de Albéniz,0,0,1,4,0,1,0,0,64,0,0,0,0,1,0
4,17 Aug 2025,,3mbh8qu8l8uigefebe5ejmj9w,Lluís Bestard Servera,UD Las Palmas,FC Andorra,Bomba,0,0,0,0,2,0,0,0,99,0,0,0,0,2,0
4,17 Aug 2025,,3mbh8qu8l8uigefebe5ejmj9w,Lluís Bestard Servera,UD Las Palmas,FC Andorra,Gael Alonso,0,0,0,0,1,0,0,0,117,0,0,0,0,4,0
4,17 Aug 2025,,3mbh8qu8l8uigefebe5ejmj9w,Lluís Bestard Servera,UD Las Palmas,FC Andorra,Áron Yaakobishvili,0,0,0,0,0,0,0,0,55,0,1,0,0,1,0
4,17 Aug 2025,,3mbh8qu8l8uigefebe5ejmj9w,Lluís Bestard Servera,UD Las Palmas,FC Andorra,Marc Domènech,0,0,0,1,2,1,0,0,41,0,0,0,0,2,0
4,17 Aug 2025,,3mbh8qu8l8uigefebe5ejmj9w,Lluís Bestard Servera,UD Las Palmas,FC Andorra,T. Le Normand,0,0,0,0,4,3,0,0,29,0,0,2,0,1,1
4,17 Aug 2025,,3mbh8qu8l8uigefebe5ejmj9w,Lluís Bestard Servera,UD Las Palmas,FC Andorra,Kim Min-Su,0,0,0,0,1,2,0,0,18,0,0,0,0,0,0
4,17 Aug 2025,,3mbh8qu8l8uigefebe5ejmj9w,Lluís Bestard Servera,UD Las Palmas,FC Andorra,T. Carrique,0,0,0,5,1,1,0,0,37,0,0,0,0,0,1
4,17 Aug 2025,,3mbh8qu8l8uigefebe5ejmj9w,Lluís Bestard Servera,UD Las Palmas,FC Andorra,Manu Nieto,0,0,0,0,1,2,0,0,13,0,0,1,1,1,0
4,17 Aug 2025,,3mbh8qu8l8uigefebe5ejmj9w,Lluís Bestard Servera,UD Las Palmas,FC Andorra,Jastin García,0,0,0,0,0,2,0,0,7,0,0,1,0,1,0
4,17 Aug 2025,,3mbh8qu8l8uigefebe5ejmj9w,Lluís Bestard Servera,UD Las Palmas,FC Andorra,Aingeru Olabarrieta,0,0,0,1,0,0,0,0,13,0,0,2,1,0,0
4,17 Aug 2025,,3mbh8qu8l8uigefebe5ejmj9w,Lluís Bestard Servera,UD Las Palmas,FC Andorra,Aitor Uzkudun,0,0,0,0,1,1,0,0,2,0,0,0,0,1,0
4,17 Aug 2025,,3mbh8qu8l8uigefebe5ejmj9w,Lluís Bestard Servera,UD Las Palmas,FC Andorra,Dani Villahermosa,0,0,0,0,1,0,0,0,8,0,0,0,0,0,0
5,15 Aug 2025,,3mp0l8bxpjkrkdddv8h82sjys,Jon Ander González Esteban,Burgos CF,Cultural y Deportiva Leonesa,Fer Niño,0,2,0,0,1,0,1,1,29,0,0,4,2,2,1
5,15 Aug 2025,,3mp0l8bxpjkrkdddv8h82sjys,Jon Ander González Esteban,Burgos CF,Cultural y Deportiva Leonesa,David González,0,0,1,2,1,2,1,0,16,0,0,2,1,2,0
5,15 Aug 2025,,3mp0l8bxpjkrkdddv8h82sjys,Jon Ander González Esteban,Burgos CF,Cultural y Deportiva Leonesa,Curro Sánchez,0,0,0,2,1,1,2,0,39,0,0,2,2,0,0
5,15 Aug 2025,,3mp0l8bxpjkrkdddv8h82sjys,Jon Ander González Esteban,Burgos CF,Cultural y Deportiva Leonesa,A. Arroyo,1,0,1,2,0,3,0,1,51,0,0,0,0,0,0
5,15 Aug 2025,,3mp0l8bxpjkrkdddv8h82sjys,Jon Ander González Esteban,Burgos CF,Cultural y Deportiva Leonesa,Aitor Córdoba,0,0,0,0,2,0,0,0,78,0,0,2,0,0,0
5,15 Aug 2025,,3mp0l8bxpjkrkdddv8h82sjys,Jon Ander González Esteban,Burgos CF,Cultural y Deportiva Leonesa,Grego Sierra,1,0,0,1,0,0,0,0,79,0,0,1,0,1,0
5,15 Aug 2025,,3mp0l8bxpjkrkdddv8h82sjys,Jon Ander González Esteban,Burgos CF,Cultural y Deportiva Leonesa,Miguel Atienza,0,0,0,0,2,0,0,0,62,0,0,0,0,3,0
5,15 Aug 2025,,3mp0l8bxpjkrkdddv8h82sjys,Jon Ander González Esteban,Burgos CF,Cultural y Deportiva Leonesa,Iván Morante,0,0,1,1,1,0,0,0,71,0,0,1,1,0,0
5,15 Aug 2025,,3mp0l8bxpjkrkdddv8h82sjys,Jon Ander González Esteban,Burgos CF,Cultural y Deportiva Leonesa,F. Miguel,0,0,0,3,2,2,0,1,48,0,0,1,0,0,0
5,15 Aug 2025,,3mp0l8bxpjkrkdddv8h82sjys,Jon Ander González Esteban,Burgos CF,Cultural y Deportiva Leonesa,Iñigo Córdoba,0,0,0,2,0,1,0,0,35,0,0,1,0,2,0
5,15 Aug 2025,,3mp0l8bxpjkrkdddv8h82sjys,Jon Ander González Esteban,Burgos CF,Cultural y Deportiva Leonesa,Ander Cantero,0,0,0,0,0,0,0,0,7,0,1,0,0,0,0
5,15 Aug 2025,,3mp0l8bxpjkrkdddv8h82sjys,Jon Ander González Esteban,Burgos CF,Cultural y Deportiva Leonesa,K. Appin,0,0,0,0,2,1,0,0,10,0,0,0,0,0,0
5,15 Aug 2025,,3mp0l8bxpjkrkdddv8h82sjys,Jon Ander González Esteban,Burgos CF,Cultural y Deportiva Leonesa,Iván Chapela,1,0,0,2,0,0,0,0,14,0,0,0,0,0,0
5,15 Aug 2025,,3mp0l8bxpjkrkdddv8h82sjys,Jon Ander González Esteban,Burgos CF,Cultural y Deportiva Leonesa,Álex Lizancos,0,0,0,0,1,0,0,0,6,0,0,0,0,0,0
5,15 Aug 2025,,3mp0l8bxpjkrkdddv8h82sjys,Jon Ander González Esteban,Burgos CF,Cultural y Deportiva Leonesa,M. Mejía,0,0,0,0,0,0,1,0,2,0,0,1,1,0,0
5,15 Aug 2025,,3mp0l8bxpjkrkdddv8h82sjys,Jon Ander González Esteban,Burgos CF,Cultural y Deportiva Leonesa,Mario Cantero,0,0,0,0,0,0,0,0,3,0,0,0,0,0,0
5,15 Aug 2025,,3mp0l8bxpjkrkdddv8h82sjys,Jon Ander González Esteban,Burgos CF,Cultural y Deportiva Leonesa,Luis Chacón,0,2,0,0,0,0,0,0,36,0,0,4,0,1,0
5,15 Aug 2025,,3mp0l8bxpjkrkdddv8h82sjys,Jon Ander González Esteban,Burgos CF,Cultural y Deportiva Leonesa,S. Diallo,0,0,0,0,1,0,0,0,1,1,0,0,0,0,0
5,15 Aug 2025,,3mp0l8bxpjkrkdddv8h82sjys,Jon Ander González Esteban,Burgos CF,Cultural y Deportiva Leonesa,V. García,0,0,1,1,1,0,0,0,34,0,0,0,0,4,0
5,15 Aug 2025,,3mp0l8bxpjkrkdddv8h82sjys,Jon Ander González Esteban,Burgos CF,Cultural y Deportiva Leonesa,Quique Fornos,0,0,0,0,0,1,0,0,39,0,0,0,0,1,0
5,15 Aug 2025,,3mp0l8bxpjkrkdddv8h82sjys,Jon Ander González Esteban,Burgos CF,Cultural y Deportiva Leonesa,Eneko Satrústegui,0,0,0,0,0,0,0,0,33,0,0,0,0,0,0
5,15 Aug 2025,,3mp0l8bxpjkrkdddv8h82sjys,Jon Ander González Esteban,Burgos CF,Cultural y Deportiva Leonesa,Edgar Badia,0,0,0,0,0,0,0,0,29,0,2,0,0,0,0
5,15 Aug 2025,,3mp0l8bxpjkrkdddv8h82sjys,Jon Ander González Esteban,Burgos CF,Cultural y Deportiva Leonesa,D. Paraschiv,0,0,0,0,0,1,0,0,9,0,0,0,0,0,0
5,15 Aug 2025,,3mp0l8bxpjkrkdddv8h82sjys,Jon Ander González Esteban,Burgos CF,Cultural y Deportiva Leonesa,A. Pastoriza,0,0,0,1,0,0,0,0,4,0,0,1,0,0,0
5,15 Aug 2025,,3mp0l8bxpjkrkdddv8h82sjys,Jon Ander González Esteban,Burgos CF,Cultural y Deportiva Leonesa,T. Ojeda,0,2,2,1,1,4,0,0,31,0,0,3,1,2,0
5,15 Aug 2025,,3mp0l8bxpjkrkdddv8h82sjys,Jon Ander González Esteban,Burgos CF,Cultural y Deportiva Leonesa,Rafa Tresaco,0,0,0,4,1,2,0,0,16,0,0,0,0,1,0
5,15 Aug 2025,,3mp0l8bxpjkrkdddv8h82sjys,Jon Ander González Esteban,Burgos CF,Cultural y Deportiva Leonesa,Juan Larios,0,0,0,3,2,3,0,0,15,0,0,0,0,1,1
5,15 Aug 2025,,3mp0l8bxpjkrkdddv8h82sjys,Jon Ander González Esteban,Burgos CF,Cultural y Deportiva Leonesa,Bicho,0,0,0,0,2,1,0,0,33,0,0,0,0,3,0
5,15 Aug 2025,,3mp0l8bxpjkrkdddv8h82sjys,Jon Ander González Esteban,Burgos CF,Cultural y Deportiva Leonesa,Manu Justo,0,0,0,0,1,0,0,0,2,0,0,0,0,0,0
5,15 Aug 2025,,3mp0l8bxpjkrkdddv8h82sjys,Jon Ander González Esteban,Burgos CF,Cultural y Deportiva Leonesa,Diego Collado,0,0,0,0,1,0,0,0,4,0,0,0,0,2,0
5,15 Aug 2025,,3mp0l8bxpjkrkdddv8h82sjys,Jon Ander González Esteban,Burgos CF,Cultural y Deportiva Leonesa,Rodri Suárez,0,0,0,0,0,0,0,0,8,0,0,0,0,0,0
5,15 Aug 2025,,3mp0l8bxpjkrkdddv8h82sjys,Jon Ander González Esteban,Burgos CF,Cultural y Deportiva Leonesa,Guzmán Ortega,0,0,0,0,0,1,0,0,6,0,0,0,0,0,0
6,17 Aug 2025,,3n2ijnpebl6cs5dkfhk6p3swk,Gorka Etayo Herrera,Cádiz CF,CD Mirandés,Iza Carcelén,1,0,0,6,1,1,0,0,94,0,0,0,0,1,0
6,17 Aug 2025,,3n2ijnpebl6cs5dkfhk6p3swk,Gorka Etayo Herrera,Cádiz CF,CD Mirandés,Y. Diarra,0,2,1,1,4,1,0,0,40,0,0,5,0,3,1
6,17 Aug 2025,,3n2ijnpebl6cs5dkfhk6p3swk,Gorka Etayo Herrera,Cádiz CF,CD Mirandés,Javi Ontiveros,0,2,1,11,0,1,0,1,40,0,0,6,1,0,0
6,17 Aug 2025,,3n2ijnpebl6cs5dkfhk6p3swk,Gorka Etayo Herrera,Cádiz CF,CD Mirandés,Álvaro García Pascual,0,1,1,0,2,0,1,0,11,0,0,5,2,1,1
6,17 Aug 2025,,3n2ijnpebl6cs5dkfhk6p3swk,Gorka Etayo Herrera,Cádiz CF,CD Mirandés,Suso,0,2,2,11,2,3,0,0,39,0,0,2,0,0,0
6,17 Aug 2025,,3n2ijnpebl6cs5dkfhk6p3swk,Gorka Etayo Herrera,Cádiz CF,CD Mirandés,José de la Rosa,0,1,3,8,1,2,0,0,20,0,0,3,0,1,0
6,17 Aug 2025,,3n2ijnpebl6cs5dkfhk6p3swk,Gorka Etayo Herrera,Cádiz CF,CD Mirandés,M. Diakité,0,1,0,0,0,0,0,0,50,0,0,2,0,1,0
6,17 Aug 2025,,3n2ijnpebl6cs5dkfhk6p3swk,Gorka Etayo Herrera,Cádiz CF,CD Mirandés,B. Kovačević,0,0,0,0,0,0,0,0,75,0,0,0,0,0,0
6,17 Aug 2025,,3n2ijnpebl6cs5dkfhk6p3swk,Gorka Etayo Herrera,Cádiz CF,CD Mirandés,Iker Recio,0,0,0,0,0,0,0,0,84,0,0,0,0,1,0
6,17 Aug 2025,,3n2ijnpebl6cs5dkfhk6p3swk,Gorka Etayo Herrera,Cádiz CF,CD Mirandés,Mario Climent,0,0,0,5,2,0,0,1,47,0,0,0,0,2,1
6,17 Aug 2025,,3n2ijnpebl6cs5dkfhk6p3swk,Gorka Etayo Herrera,Cádiz CF,CD Mirandés,Victor Aznar,0,0,0,0,0,1,0,0,21,0,0,0,0,0,0
6,17 Aug 2025,,3n2ijnpebl6cs5dkfhk6p3swk,Gorka Etayo Herrera,Cádiz CF,CD Mirandés,B. Ocampo,0,0,0,3,1,0,0,0,11,0,0,1,0,1,0
6,17 Aug 2025,,3n2ijnpebl6cs5dkfhk6p3swk,Gorka Etayo Herrera,Cádiz CF,CD Mirandés,Álex Fernández,0,0,0,0,1,0,0,0,7,0,0,0,0,1,0
6,17 Aug 2025,,3n2ijnpebl6cs5dkfhk6p3swk,Gorka Etayo Herrera,Cádiz CF,CD Mirandés,Roger,0,0,0,0,0,0,0,0,1,0,0,0,0,0,0
6,17 Aug 2025,,3n2ijnpebl6cs5dkfhk6p3swk,Gorka Etayo Herrera,Cádiz CF,CD Mirandés,I. Obeng,0,0,0,0,0,0,0,0,2,0,0,0,0,0,0
6,17 Aug 2025,,3n2ijnpebl6cs5dkfhk6p3swk,Gorka Etayo Herrera,Cádiz CF,CD Mirandés,G. Petit,0,0,0,0,0,0,0,0,16,0,0,0,0,2,0
6,17 Aug 2025,,3n2ijnpebl6cs5dkfhk6p3swk,Gorka Etayo Herrera,Cádiz CF,CD Mirandés,Ismael Barea,0,0,0,0,1,3,0,0,24,0,0,0,0,0,1
6,17 Aug 2025,,3n2ijnpebl6cs5dkfhk6p3swk,Gorka Etayo Herrera,Cádiz CF,CD Mirandés,Adrián Pica,0,0,0,0,1,0,0,0,18,0,0,1,0,1,0
6,17 Aug 2025,,3n2ijnpebl6cs5dkfhk6p3swk,Gorka Etayo Herrera,Cádiz CF,CD Mirandés,Iker Córdoba,0,0,0,0,1,0,0,0,1,1,0,0,0,0,0
6,17 Aug 2025,,3n2ijnpebl6cs5dkfhk6p3swk,Gorka Etayo Herrera,Cádiz CF,CD Mirandés,Juan Gutiérrez,0,0,0,0,0,0,0,0,16,0,0,0,0,0,1
6,17 Aug 2025,,3n2ijnpebl6cs5dkfhk6p3swk,Gorka Etayo Herrera,Cádiz CF,CD Mirandés,Iker Varela,0,0,0,1,1,4,0,0,18,0,0,0,0,1,0
6,17 Aug 2025,,3n2ijnpebl6cs5dkfhk6p3swk,Gorka Etayo Herrera,Cádiz CF,CD Mirandés,Toni Tamarit,0,0,0,1,0,2,0,0,25,0,0,0,0,0,0
6,17 Aug 2025,,3n2ijnpebl6cs5dkfhk6p3swk,Gorka Etayo Herrera,Cádiz CF,CD Mirandés,Aarón,0,0,0,1,0,2,0,0,11,0,0,0,0,2,0
6,17 Aug 2025,,3n2ijnpebl6cs5dkfhk6p3swk,Gorka Etayo Herrera,Cádiz CF,CD Mirandés,Marino Illescas,0,0,0,1,2,3,0,0,39,0,0,0,0,3,0
6,17 Aug 2025,,3n2ijnpebl6cs5dkfhk6p3swk,Gorka Etayo Herrera,Cádiz CF,CD Mirandés,Fernando Medrano,0,0,0,1,3,0,0,0,22,0,0,0,0,4,0
6,17 Aug 2025,,3n2ijnpebl6cs5dkfhk6p3swk,Gorka Etayo Herrera,Cádiz CF,CD Mirandés,Juanpa,0,0,0,0,0,0,0,0,36,0,2,0,0,0,0
7,17 Aug 2025,,3nfudan6b6z43s1kx44t2rnkk,Marta Huerta de Aza,SD Huesca,CD Leganés,Dani Jiménez,0,0,0,0,0,0,0,0,29,0,2,0,0,0,0
7,17 Aug 2025,,3nfudan6b6z43s1kx44t2rnkk,Marta Huerta de Aza,SD Huesca,CD Leganés,Sergio Arribas,0,0,0,1,1,0,0,0,26,0,0,0,0,1,1
7,17 Aug 2025,,3nfudan6b6z43s1kx44t2rnkk,Marta Huerta de Aza,SD Huesca,CD Leganés,Julio Alonso,0,0,0,4,0,1,0,0,35,0,0,0,0,4,0
7,17 Aug 2025,,3nfudan6b6z43s1kx44t2rnkk,Marta Huerta de Aza,SD Huesca,CD Leganés,Iñigo Piña,0,1,0,0,4,1,0,0,43,0,0,1,0,3,1
7,17 Aug 2025,,3nfudan6b6z43s1kx44t2rnkk,Marta Huerta de Aza,SD Huesca,CD Leganés,Jorge Pulido,0,0,1,0,0,1,0,0,40,0,0,2,0,0,0
7,17 Aug 2025,,3nfudan6b6z43s1kx44t2rnkk,Marta Huerta de Aza,SD Huesca,CD Leganés,Iker Kortajarena,0,1,1,1,1,3,0,0,28,0,0,3,1,1,0
7,17 Aug 2025,,3nfudan6b6z43s1kx44t2rnkk,Marta Huerta de Aza,SD Huesca,CD Leganés,Jesús Álvarez,0,0,0,0,3,1,0,0,49,0,0,1,0,1,0
7,17 Aug 2025,,3nfudan6b6z43s1kx44t2rnkk,Marta Huerta de Aza,SD Huesca,CD Leganés,Óscar Sielva,0,0,0,7,0,1,0,0,50,0,0,2,0,0,0
7,17 Aug 2025,,3nfudan6b6z43s1kx44t2rnkk,Marta Huerta de Aza,SD Huesca,CD Leganés,Sergi Enrich,0,0,0,1,0,0,0,0,21,0,0,0,0,2,0
7,17 Aug 2025,,3nfudan6b6z43s1kx44t2rnkk,Marta Huerta de Aza,SD Huesca,CD Leganés,Toni Abad,0,0,0,0,1,0,0,0,19,0,0,0,0,1,0
7,17 Aug 2025,,3nfudan6b6z43s1kx44t2rnkk,Marta Huerta de Aza,SD Huesca,CD Leganés,Liberto Beltrán,0,0,1,1,0,2,0,0,14,0,0,2,1,0,0
7,17 Aug 2025,,3nfudan6b6z43s1kx44t2rnkk,Marta Huerta de Aza,SD Huesca,CD Leganés,Álvaro Carrillo,1,0,0,2,0,0,0,0,21,0,0,1,0,0,0
7,17 Aug 2025,,3nfudan6b6z43s1kx44t2rnkk,Marta Huerta de Aza,SD Huesca,CD Leganés,S. Ntamack,0,0,0,1,1,0,0,1,4,0,0,1,0,0,0
7,17 Aug 2025,,3nfudan6b6z43s1kx44t2rnkk,Marta Huerta de Aza,SD Huesca,CD Leganés,Dani Ojeda,0,0,1,0,0,1,1,0,8,0,0,1,1,0,0
7,17 Aug 2025,,3nfudan6b6z43s1kx44t2rnkk,Marta Huerta de Aza,SD Huesca,CD Leganés,Diego Aznar,0,0,0,0,0,0,0,0,4,0,0,0,0,0,0
7,17 Aug 2025,,3nfudan6b6z43s1kx44t2rnkk,Marta Huerta de Aza,SD Huesca,CD Leganés,W. Chatiliez,0,0,1,0,0,0,0,0,4,0,0,0,0,1,0
7,17 Aug 2025,,3nfudan6b6z43s1kx44t2rnkk,Marta Huerta de Aza,SD Huesca,CD Leganés,Diego García,1,0,0,0,1,1,0,0,14,0,0,2,0,1,0
7,17 Aug 2025,,3nfudan6b6z43s1kx44t2rnkk,Marta Huerta de Aza,SD Huesca,CD Leganés,S. Cissé,0,0,0,0,1,0,0,1,54,0,0,0,0,3,0
7,17 Aug 2025,,3nfudan6b6z43s1kx44t2rnkk,Marta Huerta de Aza,SD Huesca,CD Leganés,A. Diawara,0,0,0,0,1,0,0,0,27,0,0,0,0,0,0
7,17 Aug 2025,,3nfudan6b6z43s1kx44t2rnkk,Marta Huerta de Aza,SD Huesca,CD Leganés,Rubén Peña,0,0,0,4,2,1,0,0,28,0,0,0,0,1,0
7,17 Aug 2025,,3nfudan6b6z43s1kx44t2rnkk,Marta Huerta de Aza,SD Huesca,CD Leganés,Jorge Sáenz,0,0,0,0,0,0,0,0,39,0,0,0,0,0,0
7,17 Aug 2025,,3nfudan6b6z43s1kx44t2rnkk,Marta Huerta de Aza,SD Huesca,CD Leganés,Juan Soriano,0,0,0,0,0,0,0,0,25,0,2,0,0,0,0
7,17 Aug 2025,,3nfudan6b6z43s1kx44t2rnkk,Marta Huerta de Aza,SD Huesca,CD Leganés,Ignasi Miquel,0,0,1,0,1,0,0,0,31,0,0,0,0,1,0
7,17 Aug 2025,,3nfudan6b6z43s1kx44t2rnkk,Marta Huerta de Aza,SD Huesca,CD Leganés,Duk,0,0,1,3,2,1,0,0,9,0,0,2,2,1,0
7,17 Aug 2025,,3nfudan6b6z43s1kx44t2rnkk,Marta Huerta de Aza,SD Huesca,CD Leganés,Marvel,0,0,0,0,2,1,0,0,29,0,0,0,0,1,0
7,17 Aug 2025,,3nfudan6b6z43s1kx44t2rnkk,Marta Huerta de Aza,SD Huesca,CD Leganés,Miguel de la Fuente,0,0,0,0,0,3,1,1,5,0,0,1,1,1,0
7,17 Aug 2025,,3nfudan6b6z43s1kx44t2rnkk,Marta Huerta de Aza,SD Huesca,CD Leganés,Naim García,0,0,0,5,1,1,0,0,18,0,0,0,0,1,1
7,17 Aug 2025,,3nfudan6b6z43s1kx44t2rnkk,Marta Huerta de Aza,SD Huesca,CD Leganés,Óscar Plano,0,0,0,0,1,0,0,0,8,0,0,0,0,0,0
7,17 Aug 2025,,3nfudan6b6z43s1kx44t2rnkk,Marta Huerta de Aza,SD Huesca,CD Leganés,Roberto López,0,0,0,2,0,0,0,1,8,0,0,0,0,0,0
7,17 Aug 2025,,3nfudan6b6z43s1kx44t2rnkk,Marta Huerta de Aza,SD Huesca,CD Leganés,Álex Millán,0,1,1,0,0,1,0,0,4,0,0,1,0,0,1
7,17 Aug 2025,,3nfudan6b6z43s1kx44t2rnkk,Marta Huerta de Aza,SD Huesca,CD Leganés,Lalo Aguilar,0,1,0,0,0,0,0,0,5,0,0,1,0,0,0
7,17 Aug 2025,,3nfudan6b6z43s1kx44t2rnkk,Marta Huerta de Aza,SD Huesca,CD Leganés,Gonzalo Melero,0,0,0,0,0,1,0,0,10,0,0,0,0,0,0
8,17 Aug 2025,,3ntddppr2hy7sz1igm25yuadw,Miguel González Díaz,Real Sociedad de Fútbol,Real Zaragoza,Mikel Rodríguez,0,0,0,2,3,2,0,0,27,0,0,0,0,2,1
8,17 Aug 2025,,3ntddppr2hy7sz1igm25yuadw,Miguel González Díaz,Real Sociedad de Fútbol,Real Zaragoza,Peru Rodríguez,0,0,0,0,0,0,0,0,42,0,0,0,0,3,0
8,17 Aug 2025,,3ntddppr2hy7sz1igm25yuadw,Miguel González Díaz,Real Sociedad de Fútbol,Real Zaragoza,Gorka Gorosabel,1,0,1,0,3,1,0,0,24,0,0,2,1,1,1
8,17 Aug 2025,,3ntddppr2hy7sz1igm25yuadw,Miguel González Díaz,Real Sociedad de Fútbol,Real Zaragoza,Alberto Dadie,0,0,0,0,3,1,0,0,19,0,0,0,0,3,0
8,17 Aug 2025,,3ntddppr2hy7sz1igm25yuadw,Miguel González Díaz,Real Sociedad de Fútbol,Real Zaragoza,Arkaitz Mariezkurrena,0,0,0,0,5,1,0,0,15,0,0,0,0,0,1
8,17 Aug 2025,,3ntddppr2hy7sz1igm25yuadw,Miguel González Díaz,Real Sociedad de Fútbol,Real Zaragoza,J. Ochieng,0,0,0,1,1,0,1,0,5,0,0,1,1,0,0
8,17 Aug 2025,,3ntddppr2hy7sz1igm25yuadw,Miguel González Díaz,Real Sociedad de Fútbol,Real Zaragoza,Aitor Fraga,0,0,0,0,0,0,0,0,36,0,5,0,0,0,0
8,17 Aug 2025,,3ntddppr2hy7sz1igm25yuadw,Miguel González Díaz,Real Sociedad de Fútbol,Real Zaragoza,Unax Agote,0,0,1,2,1,2,0,0,35,0,0,0,0,1,0
8,17 Aug 2025,,3ntddppr2hy7sz1igm25yuadw,Miguel González Díaz,Real Sociedad de Fútbol,Real Zaragoza,Luken Beitia,0,0,0,0,2,1,0,0,32,0,0,0,0,0,0
8,17 Aug 2025,,3ntddppr2hy7sz1igm25yuadw,Miguel González Díaz,Real Sociedad de Fútbol,Real Zaragoza,Tomás Carbonell,0,0,0,0,3,2,0,0,35,0,0,0,0,1,1
8,17 Aug 2025,,3ntddppr2hy7sz1igm25yuadw,Miguel González Díaz,Real Sociedad de Fútbol,Real Zaragoza,Ekain Orobengoa,0,0,0,1,2,0,0,0,9,0,0,0,0,1,0
8,17 Aug 2025,,3ntddppr2hy7sz1igm25yuadw,Miguel González Díaz,Real Sociedad de Fútbol,Real Zaragoza,Gorka Carrera,0,0,0,0,1,0,0,0,5,0,0,0,0,0,0
8,17 Aug 2025,,3ntddppr2hy7sz1igm25yuadw,Miguel González Díaz,Real Sociedad de Fútbol,Real Zaragoza,A. Lebarbier,0,0,0,0,0,0,0,0,10,0,0,0,0,1,0
8,17 Aug 2025,,3ntddppr2hy7sz1igm25yuadw,Miguel González Díaz,Real Sociedad de Fútbol,Real Zaragoza,K. Kita,0,0,0,0,0,0,0,0,6,0,0,0,0,1,0
8,17 Aug 2025,,3ntddppr2hy7sz1igm25yuadw,Miguel González Díaz,Real Sociedad de Fútbol,Real Zaragoza,Lander Astiazarán,0,0,0,0,0,0,0,0,1,0,0,0,0,0,0
8,17 Aug 2025,,3ntddppr2hy7sz1igm25yuadw,Miguel González Díaz,Real Sociedad de Fútbol,Real Zaragoza,Joni Eceiza,0,0,0,0,0,1,0,0,0,0,0,0,0,0,0
8,17 Aug 2025,,3ntddppr2hy7sz1igm25yuadw,Miguel González Díaz,Real Sociedad de Fútbol,Real Zaragoza,Dani Tasende,0,1,1,5,3,2,0,0,39,0,0,1,0,2,0
8,17 Aug 2025,,3ntddppr2hy7sz1igm25yuadw,Miguel González Díaz,Real Sociedad de Fútbol,Real Zaragoza,A. Radovanović,0,0,0,0,2,1,0,0,31,0,0,1,0,1,1
8,17 Aug 2025,,3ntddppr2hy7sz1igm25yuadw,Miguel González Díaz,Real Sociedad de Fútbol,Real Zaragoza,Raúl Guti,0,0,0,3,1,5,0,0,47,0,0,0,0,3,0
8,17 Aug 2025,,3ntddppr2hy7sz1igm25yuadw,Miguel González Díaz,Real Sociedad de Fútbol,Real Zaragoza,A. Rodríguez,0,0,0,0,0,0,0,0,18,0,1,0,0,0,0
8,17 Aug 2025,,3ntddppr2hy7sz1igm25yuadw,Miguel González Díaz,Real Sociedad de Fútbol,Real Zaragoza,Paulino de la Fuente,0,1,1,4,1,3,0,1,41,0,0,2,1,2,0
8,17 Aug 2025,,3ntddppr2hy7sz1igm25yuadw,Miguel González Díaz,Real Sociedad de Fútbol,Real Zaragoza,Ager Aketxe,0,0,2,12,1,2,0,0,30,0,0,3,2,1,0
8,17 Aug 2025,,3ntddppr2hy7sz1igm25yuadw,Miguel González Díaz,Real Sociedad de Fútbol,Real Zaragoza,Juan Sebastián,0,1,1,3,2,1,0,0,39,0,0,3,0,7,0
8,17 Aug 2025,,3ntddppr2hy7sz1igm25yuadw,Miguel González Díaz,Real Sociedad de Fútbol,Real Zaragoza,Carlos Pomares,0,0,0,0,0,1,0,0,70,0,0,0,0,1,0
8,17 Aug 2025,,3ntddppr2hy7sz1igm25yuadw,Miguel González Díaz,Real Sociedad de Fútbol,Real Zaragoza,Dani Gómez,0,0,0,0,0,0,0,0,7,0,0,1,0,0,0
8,17 Aug 2025,,3ntddppr2hy7sz1igm25yuadw,Miguel González Díaz,Real Sociedad de Fútbol,Real Zaragoza,Sebas Moyano,0,1,2,1,1,5,0,0,16,0,0,4,2,0,1
8,17 Aug 2025,,3ntddppr2hy7sz1igm25yuadw,Miguel González Díaz,Real Sociedad de Fútbol,Real Zaragoza,Francho Serrano,0,1,0,2,0,1,0,0,51,0,0,1,0,2,0
8,17 Aug 2025,,3ntddppr2hy7sz1igm25yuadw,Miguel González Díaz,Real Sociedad de Fútbol,Real Zaragoza,Iván Calero,0,0,1,3,0,0,0,0,23,0,0,0,0,1,0
8,17 Aug 2025,,3ntddppr2hy7sz1igm25yuadw,Miguel González Díaz,Real Sociedad de Fútbol,Real Zaragoza,Mario Soberón,0,0,0,0,1,0,0,0,1,0,0,2,0,0,0
8,17 Aug 2025,,3ntddppr2hy7sz1igm25yuadw,Miguel González Díaz,Real Sociedad de Fútbol,Real Zaragoza,Pau Sans,0,0,1,1,0,2,0,0,10,0,0,0,0,1,0
8,17 Aug 2025,,3ntddppr2hy7sz1igm25yuadw,Miguel González Díaz,Real Sociedad de Fútbol,Real Zaragoza,Samed Baždar,0,0,0,0,0,0,0,0,0,0,0,0,0,0,0
9,18 Aug 2025,,3o8b927mdavrqnzrhyyhcxb10,Eder Mallo Fernández,UD Almería,Albacete Balompié,Álex Centelles,0,0,0,5,1,0,0,0,36,0,0,1,1,4,0
9,18 Aug 2025,,3o8b927mdavrqnzrhyyhcxb10,Eder Mallo Fernández,UD Almería,Albacete Balompié,Lázaro,0,2,2,0,0,1,0,1,12,0,0,3,0,1,0
9,18 Aug 2025,,3o8b927mdavrqnzrhyyhcxb10,Eder Mallo Fernández,UD Almería,Albacete Balompié,Andrés Eduardo Fernández Moreno,0,0,0,0,0,0,0,0,30,0,1,0,0,0,0
9,18 Aug 2025,,3o8b927mdavrqnzrhyyhcxb10,Eder Mallo Fernández,UD Almería,Albacete Balompié,Sergio Arribas,0,1,4,7,1,2,1,0,73,0,0,6,3,0,0
9,18 Aug 2025,,3o8b927mdavrqnzrhyyhcxb10,Eder Mallo Fernández,UD Almería,Albacete Balompié,D. Lopy,0,0,0,0,0,1,1,0,55,0,0,3,2,2,1
9,18 Aug 2025,,3o8b927mdavrqnzrhyyhcxb10,Eder Mallo Fernández,UD Almería,Albacete Balompié,Marcos Luna,0,0,0,4,1,0,0,0,24,0,0,0,0,2,1
9,18 Aug 2025,,3o8b927mdavrqnzrhyyhcxb10,Eder Mallo Fernández,UD Almería,Albacete Balompié,Léo Baptistão,0,1,5,4,0,1,1,0,35,0,0,7,2,1,0
9,18 Aug 2025,,3o8b927mdavrqnzrhyyhcxb10,Eder Mallo Fernández,UD Almería,Albacete Balompié,Chumi,0,0,0,0,1,0,0,0,61,0,0,1,0,1,0
9,18 Aug 2025,,3o8b927mdavrqnzrhyyhcxb10,Eder Mallo Fernández,UD Almería,Albacete Balompié,Selvi Clua,0,0,1,0,2,1,0,0,28,0,0,1,0,0,0
9,18 Aug 2025,,3o8b927mdavrqnzrhyyhcxb10,Eder Mallo Fernández,UD Almería,Albacete Balompié,Adri Embarba,1,0,1,9,1,1,1,0,15,0,0,4,3,3,0
9,18 Aug 2025,,3o8b927mdavrqnzrhyyhcxb10,Eder Mallo Fernández,UD Almería,Albacete Balompié,Álex Muñoz,0,0,0,0,2,0,0,0,43,0,0,0,0,0,0
9,18 Aug 2025,,3o8b927mdavrqnzrhyyhcxb10,Eder Mallo Fernández,UD Almería,Albacete Balompié,D. Chirino,0,1,2,2,0,1,0,0,29,0,0,1,0,0,0
9,18 Aug 2025,,3o8b927mdavrqnzrhyyhcxb10,Eder Mallo Fernández,UD Almería,Albacete Balompié,Arnau Puigmal,1,0,1,4,0,0,0,0,13,0,0,1,0,0,0
9,18 Aug 2025,,3o8b927mdavrqnzrhyyhcxb10,Eder Mallo Fernández,UD Almería,Albacete Balompié,P. Soko,0,0,1,2,0,0,0,0,4,0,0,1,0,0,0
9,18 Aug 2025,,3o8b927mdavrqnzrhyyhcxb10,Eder Mallo Fernández,UD Almería,Albacete Balompié,André Horta,0,0,0,2,0,0,0,0,27,0,0,1,0,0,1
9,18 Aug 2025,,3o8b927mdavrqnzrhyyhcxb10,Eder Mallo Fernández,UD Almería,Albacete Balompié,Nico Melamed,0,1,0,1,0,0,0,0,9,0,0,1,0,1,0
9,18 Aug 2025,,3o8b927mdavrqnzrhyyhcxb10,Eder Mallo Fernández,UD Almería,Albacete Balompié,Jefté Betancor,0,0,0,0,0,0,0,2,8,0,0,1,0,1,0
9,18 Aug 2025,,3o8b927mdavrqnzrhyyhcxb10,Eder Mallo Fernández,UD Almería,Albacete Balompié,Agus Medina,0,1,0,3,1,1,2,0,16,0,0,3,2,1,0
9,18 Aug 2025,,3o8b927mdavrqnzrhyyhcxb10,Eder Mallo Fernández,UD Almería,Albacete Balompié,Jon García,0,0,0,0,1,0,0,0,30,0,0,0,0,1,1
9,18 Aug 2025,,3o8b927mdavrqnzrhyyhcxb10,Eder Mallo Fernández,UD Almería,Albacete Balompié,Fran Gámez,1,0,0,6,0,0,0,0,26,0,0,0,0,3,0
9,18 Aug 2025,,3o8b927mdavrqnzrhyyhcxb10,Eder Mallo Fernández,UD Almería,Albacete Balompié,Antonio Puertas,1,2,3,1,0,1,1,0,11,0,0,5,2,1,0
9,18 Aug 2025,,3o8b927mdavrqnzrhyyhcxb10,Eder Mallo Fernández,UD Almería,Albacete Balompié,Javi Villar,0,1,0,1,5,1,0,0,32,0,0,3,0,1,0
9,18 Aug 2025,,3o8b927mdavrqnzrhyyhcxb10,Eder Mallo Fernández,UD Almería,Albacete Balompié,José Carlos Lazo,0,0,0,0,0,2,0,0,8,0,0,1,0,1,0
9,18 Aug 2025,,3o8b927mdavrqnzrhyyhcxb10,Eder Mallo Fernández,UD Almería,Albacete Balompié,Jesús Vallejo,0,0,0,0,0,0,0,0,22,0,0,0,0,1,0
9,18 Aug 2025,,3o8b927mdavrqnzrhyyhcxb10,Eder Mallo Fernández,UD Almería,Albacete Balompié,Ale Meléndez,0,0,0,2,1,1,0,0,35,0,0,0,0,0,0
9,18 Aug 2025,,3o8b927mdavrqnzrhyyhcxb10,Eder Mallo Fernández,UD Almería,Albacete Balompié,J. Gómez,0,0,0,1,0,1,0,0,14,0,0,0,0,2,1
9,18 Aug 2025,,3o8b927mdavrqnzrhyyhcxb10,Eder Mallo Fernández,UD Almería,Albacete Balompié,Diego Mariño,0,0,0,0,0,0,0,0,20,0,7,0,0,0,0
9,18 Aug 2025,,3o8b927mdavrqnzrhyyhcxb10,Eder Mallo Fernández,UD Almería,Albacete Balompié,Jon Morcillo,2,1,2,6,0,1,0,0,8,0,0,2,0,0,0
9,18 Aug 2025,,3o8b927mdavrqnzrhyyhcxb10,Eder Mallo Fernández,UD Almería,Albacete Balompié,Antonio Pacheco,0,0,0,0,0,0,0,0,4,0,0,0,0,1,0
9,18 Aug 2025,,3o8b927mdavrqnzrhyyhcxb10,Eder Mallo Fernández,UD Almería,Albacete Balompié,Dani Escriche,0,0,0,1,1,0,1,0,6,0,0,1,1,0,0
9,18 Aug 2025,,3o8b927mdavrqnzrhyyhcxb10,Eder Mallo Fernández,UD Almería,Albacete Balompié,Lorenzo Aguado,0,0,0,0,0,0,0,0,0,0,0,0,0,2,0
9,18 Aug 2025,,3o8b927mdavrqnzrhyyhcxb10,Eder Mallo Fernández,UD Almería,Albacete Balompié,Víctor Valverde,0,1,0,0,0,1,0,0,3,0,0,1,0,0,0
10,16 Aug 2025,,3oltaoszee44cjqdl75mspams,Dámaso Arcediano Monescillo,Real Racing Club,CD Castellón,Jorge Salinas,0,1,1,0,1,2,0,0,36,0,0,2,1,5,0
10,16 Aug 2025,,3oltaoszee44cjqdl75mspams,Dámaso Arcediano Monescillo,Real Racing Club,CD Castellón,Javi Castro,0,0,0,0,0,0,0,0,42,0,0,0,0,1,0
10,16 Aug 2025,,3oltaoszee44cjqdl75mspams,Dámaso Arcediano Monescillo,Real Racing Club,CD Castellón,Íñigo Sainz-Maza,0,0,0,0,1,1,0,0,12,0,0,0,0,1,0
10,16 Aug 2025,,3oltaoszee44cjqdl75mspams,Dámaso Arcediano Monescillo,Real Racing Club,CD Castellón,Jokin Ezkieta,0,0,0,0,0,0,0,0,17,0,7,0,0,0,0
10,16 Aug 2025,,3oltaoszee44cjqdl75mspams,Dámaso Arcediano Monescillo,Real Racing Club,CD Castellón,Manu Hernando,0,0,0,0,0,0,0,0,30,0,0,0,0,2,0
10,16 Aug 2025,,3oltaoszee44cjqdl75mspams,Dámaso Arcediano Monescillo,Real Racing Club,CD Castellón,Álvaro Mantilla,0,0,0,0,2,1,0,0,13,0,0,0,0,2,1
10,16 Aug 2025,,3oltaoszee44cjqdl75mspams,Dámaso Arcediano Monescillo,Real Racing Club,CD Castellón,Andrés Martín,0,1,0,2,1,2,2,2,9,0,0,5,2,0,0
10,16 Aug 2025,,3oltaoszee44cjqdl75mspams,Dámaso Arcediano Monescillo,Real Racing Club,CD Castellón,Aritz Aldasoro,0,0,0,0,0,2,0,0,19,0,0,0,0,5,0
10,16 Aug 2025,,3oltaoszee44cjqdl75mspams,Dámaso Arcediano Monescillo,Real Racing Club,CD Castellón,Marco Sangalli,0,0,0,0,2,0,0,0,16,0,0,0,0,1,0
10,16 Aug 2025,,3oltaoszee44cjqdl75mspams,Dámaso Arcediano Monescillo,Real Racing Club,CD Castellón,Asier Villalibre,0,0,0,1,0,2,1,0,6,0,0,1,1,1,0
10,16 Aug 2025,,3oltaoszee44cjqdl75mspams,Dámaso Arcediano Monescillo,Real Racing Club,CD Castellón,Iñigo Vicente,2,1,2,1,4,2,0,0,44,0,0,2,1,1,1
10,16 Aug 2025,,3oltaoszee44cjqdl75mspams,Dámaso Arcediano Monescillo,Real Racing Club,CD Castellón,Yeray Cabanzón,0,0,0,0,4,1,0,0,10,0,0,0,0,1,0
10,16 Aug 2025,,3oltaoszee44cjqdl75mspams,Dámaso Arcediano Monescillo,Real Racing Club,CD Castellón,Sergio Martínez,0,0,0,0,1,0,0,0,11,0,0,0,0,0,1
10,16 Aug 2025,,3oltaoszee44cjqdl75mspams,Dámaso Arcediano Monescillo,Real Racing Club,CD Castellón,Peio Canales,0,0,0,0,0,0,0,0,13,0,0,0,0,0,0
10,16 Aug 2025,,3oltaoszee44cjqdl75mspams,Dámaso Arcediano Monescillo,Real Racing Club,CD Castellón,C. Michelin,0,0,0,0,0,0,0,0,3,0,0,0,0,1,0
10,16 Aug 2025,,3oltaoszee44cjqdl75mspams,Dámaso Arcediano Monescillo,Real Racing Club,CD Castellón,J. Arévalo,0,0,0,0,0,0,0,0,2,0,0,0,0,0,0
10,16 Aug 2025,,3oltaoszee44cjqdl75mspams,Dámaso Arcediano Monescillo,Real Racing Club,CD Castellón,O. Camara,0,0,1,1,1,0,1,1,10,0,0,3,1,0,0
10,16 Aug 2025,,3oltaoszee44cjqdl75mspams,Dámaso Arcediano Monescillo,Real Racing Club,CD Castellón,Barri,0,0,0,1,1,2,0,0,62,0,0,1,0,4,0
10,16 Aug 2025,,3oltaoszee44cjqdl75mspams,Dámaso Arcediano Monescillo,Real Racing Club,CD Castellón,J. Mellot,0,0,2,1,2,2,0,0,78,0,0,0,0,4,0
10,16 Aug 2025,,3oltaoszee44cjqdl75mspams,Dámaso Arcediano Monescillo,Real Racing Club,CD Castellón,A. Mabil,0,2,4,2,3,2,0,2,28,0,0,2,0,3,0
10,16 Aug 2025,,3oltaoszee44cjqdl75mspams,Dámaso Arcediano Monescillo,Real Racing Club,CD Castellón,Cala,0,1,2,11,3,2,0,0,23,0,0,2,1,3,0
10,16 Aug 2025,,3oltaoszee44cjqdl75mspams,Dámaso Arcediano Monescillo,Real Racing Club,CD Castellón,B. Cipenga,0,0,2,2,0,1,0,0,14,0,0,1,1,1,0
10,16 Aug 2025,,3oltaoszee44cjqdl75mspams,Dámaso Arcediano Monescillo,Real Racing Club,CD Castellón,A. Sienra,0,0,1,1,0,1,0,0,24,0,0,0,0,1,0
10,16 Aug 2025,,3oltaoszee44cjqdl75mspams,Dámaso Arcediano Monescillo,Real Racing Club,CD Castellón,Salva Ruiz,0,0,0,1,0,0,0,0,43,0,0,2,1,1,0
10,16 Aug 2025,,3oltaoszee44cjqdl75mspams,Dámaso Arcediano Monescillo,Real Racing Club,CD Castellón,Alberto Jiménez,0,0,0,0,3,1,0,0,56,1,0,0,0,3,0
10,16 Aug 2025,,3oltaoszee44cjqdl75mspams,Dámaso Arcediano Monescillo,Real Racing Club,CD Castellón,A. Abedzadeh,0,0,0,0,0,0,0,0,35,0,2,0,0,0,0
10,16 Aug 2025,,3oltaoszee44cjqdl75mspams,Dámaso Arcediano Monescillo,Real Racing Club,CD Castellón,Beñat Gerenabarrena,0,0,0,2,1,3,0,1,44,0,0,0,0,3,0
10,16 Aug 2025,,3oltaoszee44cjqdl75mspams,Dámaso Arcediano Monescillo,Real Racing Club,CD Castellón,Israel Suero,0,1,0,3,0,2,0,1,20,0,0,3,2,4,0
10,16 Aug 2025,,3oltaoszee44cjqdl75mspams,Dámaso Arcediano Monescillo,Real Racing Club,CD Castellón,Tincho Conde,0,0,0,0,0,0,0,0,7,0,0,1,1,1,0
10,16 Aug 2025,,3oltaoszee44cjqdl75mspams,Dámaso Arcediano Monescillo,Real Racing Club,CD Castellón,N. Markanich,0,0,0,0,0,0,0,0,6,0,0,0,0,1,0
10,16 Aug 2025,,3oltaoszee44cjqdl75mspams,Dámaso Arcediano Monescillo,Real Racing Club,CD Castellón,Serpeta,0,0,0,1,0,0,0,0,6,0,0,2,1,2,0
10,16 Aug 2025,,3oltaoszee44cjqdl75mspams,Dámaso Arcediano Monescillo,Real Racing Club,CD Castellón,F. Brignani,0,0,0,0,0,0,0,0,13,0,0,0,0,0,0
11,15 Aug 2025,,3oz9ndj8wh2f4omx3ipojfztg,Sergiu Claudiu Muresan,Real Valladolid CF,AD Ceuta FC,S. Jurić,0,0,0,0,2,4,0,0,35,0,0,0,0,2,0
11,15 Aug 2025,,3oz9ndj8wh2f4omx3ipojfztg,Sergiu Claudiu Muresan,Real Valladolid CF,AD Ceuta FC,Pablo Tomeo,0,1,1,0,0,0,0,0,28,0,0,2,1,2,0
11,15 Aug 2025,,3oz9ndj8wh2f4omx3ipojfztg,Sergiu Claudiu Muresan,Real Valladolid CF,AD Ceuta FC,Guilherme Fernandes,0,0,0,0,0,0,0,0,21,0,0,0,0,0,0
11,15 Aug 2025,,3oz9ndj8wh2f4omx3ipojfztg,Sergiu Claudiu Muresan,Real Valladolid CF,AD Ceuta FC,Juanmi Latasa,0,0,0,0,3,2,0,3,21,0,0,6,3,1,0
11,15 Aug 2025,,3oz9ndj8wh2f4omx3ipojfztg,Sergiu Claudiu Muresan,Real Valladolid CF,AD Ceuta FC,Iván Alejo,0,0,0,6,4,2,0,0,23,0,0,0,0,6,0
11,15 Aug 2025,,3oz9ndj8wh2f4omx3ipojfztg,Sergiu Claudiu Muresan,Real Valladolid CF,AD Ceuta FC,Chuki,1,0,1,1,2,0,1,1,21,0,0,2,1,1,1
11,15 Aug 2025,,3oz9ndj8wh2f4omx3ipojfztg,Sergiu Claudiu Muresan,Real Valladolid CF,AD Ceuta FC,Víctor Meseguer,0,0,0,0,2,0,0,0,18,0,0,1,1,3,1
11,15 Aug 2025,,3oz9ndj8wh2f4omx3ipojfztg,Sergiu Claudiu Muresan,Real Valladolid CF,AD Ceuta FC,S. Biuk,1,0,3,5,2,1,0,1,20,0,0,1,1,5,1
11,15 Aug 2025,,3oz9ndj8wh2f4omx3ipojfztg,Sergiu Claudiu Muresan,Real Valladolid CF,AD Ceuta FC,Guille Bueno,0,0,0,8,0,0,0,0,21,0,0,0,0,0,0
11,15 Aug 2025,,3oz9ndj8wh2f4omx3ipojfztg,Sergiu Claudiu Muresan,Real Valladolid CF,AD Ceuta FC,David Torres,0,0,0,0,0,0,0,0,25,0,0,0,0,1,0
11,15 Aug 2025,,3oz9ndj8wh2f4omx3ipojfztg,Sergiu Claudiu Muresan,Real Valladolid CF,AD Ceuta FC,A. Ndiaye,0,1,0,2,1,0,2,1,22,0,0,4,2,7,0
11,15 Aug 2025,,3oz9ndj8wh2f4omx3ipojfztg,Sergiu Claudiu Muresan,Real Valladolid CF,AD Ceuta FC,T. Nikitscher,0,0,0,0,2,1,0,0,7,0,0,0,0,0,0
11,15 Aug 2025,,3oz9ndj8wh2f4omx3ipojfztg,Sergiu Claudiu Muresan,Real Valladolid CF,AD Ceuta FC,Xavi Moreno,0,0,0,1,0,0,0,0,2,0,0,0,0,1,0
11,15 Aug 2025,,3oz9ndj8wh2f4omx3ipojfztg,Sergiu Claudiu Muresan,Real Valladolid CF,AD Ceuta FC,Trilli,0,0,1,1,0,0,0,0,10,0,0,0,0,0,0
11,15 Aug 2025,,3oz9ndj8wh2f4omx3ipojfztg,Sergiu Claudiu Muresan,Real Valladolid CF,AD Ceuta FC,Marcos André,0,0,0,0,0,0,0,1,4,0,0,0,0,0,0
11,15 Aug 2025,,3oz9ndj8wh2f4omx3ipojfztg,Sergiu Claudiu Muresan,Real Valladolid CF,AD Ceuta FC,Iván Garriel,0,0,0,0,0,0,0,0,0,0,0,0,0,0,0
11,15 Aug 2025,,3oz9ndj8wh2f4omx3ipojfztg,Sergiu Claudiu Muresan,Real Valladolid CF,AD Ceuta FC,Manu Vallejo,0,0,0,0,0,1,0,1,8,0,0,0,0,0,0
11,15 Aug 2025,,3oz9ndj8wh2f4omx3ipojfztg,Sergiu Claudiu Muresan,Real Valladolid CF,AD Ceuta FC,Y. Bodiger,0,0,0,0,1,2,0,0,46,0,0,0,0,2,0
11,15 Aug 2025,,3oz9ndj8wh2f4omx3ipojfztg,Sergiu Claudiu Muresan,Real Valladolid CF,AD Ceuta FC,A. Bassinga,0,0,1,1,1,1,0,0,24,0,0,0,0,0,0
11,15 Aug 2025,,3oz9ndj8wh2f4omx3ipojfztg,Sergiu Claudiu Muresan,Real Valladolid CF,AD Ceuta FC,Redru,0,0,0,1,2,1,0,0,39,0,0,0,0,1,0
11,15 Aug 2025,,3oz9ndj8wh2f4omx3ipojfztg,Sergiu Claudiu Muresan,Real Valladolid CF,AD Ceuta FC,K. Koné,0,0,1,1,0,1,0,0,14,0,0,0,0,1,0
11,15 Aug 2025,,3oz9ndj8wh2f4omx3ipojfztg,Sergiu Claudiu Muresan,Real Valladolid CF,AD Ceuta FC,Guille Vallejo,0,0,0,0,0,1,0,0,28,0,5,0,0,0,0
11,15 Aug 2025,,3oz9ndj8wh2f4omx3ipojfztg,Sergiu Claudiu Muresan,Real Valladolid CF,AD Ceuta FC,Carlos Hernández,0,0,0,0,1,0,0,0,32,0,0,0,0,3,0
11,15 Aug 2025,,3oz9ndj8wh2f4omx3ipojfztg,Sergiu Claudiu Muresan,Real Valladolid CF,AD Ceuta FC,Kuki Zalazar,0,1,0,0,3,2,0,0,22,0,0,3,0,2,1
11,15 Aug 2025,,3oz9ndj8wh2f4omx3ipojfztg,Sergiu Claudiu Muresan,Real Valladolid CF,AD Ceuta FC,Gonzalo Almenara,0,0,0,3,0,3,0,0,30,0,0,1,0,4,1
11,15 Aug 2025,,3oz9ndj8wh2f4omx3ipojfztg,Sergiu Claudiu Muresan,Real Valladolid CF,AD Ceuta FC,Yago Cantero,0,0,0,0,1,0,0,0,53,0,0,0,0,1,0
11,15 Aug 2025,,3oz9ndj8wh2f4omx3ipojfztg,Sergiu Claudiu Muresan,Real Valladolid CF,AD Ceuta FC,Andy Escudero,0,0,0,6,0,1,0,1,26,0,0,0,0,0,0
11,15 Aug 2025,,3oz9ndj8wh2f4omx3ipojfztg,Sergiu Claudiu Muresan,Real Valladolid CF,AD Ceuta FC,Cristian Rodríguez,0,0,1,3,0,0,0,0,22,0,0,0,0,2,0
11,15 Aug 2025,,3oz9ndj8wh2f4omx3ipojfztg,Sergiu Claudiu Muresan,Real Valladolid CF,AD Ceuta FC,Y. Lachhab,0,0,0,1,1,1,0,0,39,0,0,0,0,0,0
11,15 Aug 2025,,3oz9ndj8wh2f4omx3ipojfztg,Sergiu Claudiu Muresan,Real Valladolid CF,AD Ceuta FC,E. Ugiagbe,0,0,1,1,0,2,0,0,11,0,0,0,0,0,0
11,15 Aug 2025,,3oz9ndj8wh2f4omx3ipojfztg,Sergiu Claudiu Muresan,Real Valladolid CF,AD Ceuta FC,Juanto Ortuño,0,0,0,0,1,0,0,0,5,0,0,1,0,1,0
11,15 Aug 2025,,3oz9ndj8wh2f4omx3ipojfztg,Sergiu Claudiu Muresan,Real Valladolid CF,AD Ceuta FC,A. Tuhami,0,0,0,0,0,1,0,0,2,0,0,0,0,0,0
12,22 Aug 2025,,3pcsn7wqkjjrn58ax0byc836c,Salvador Lax Franco,CD Leganés,Cádiz CF,Naim García,0,0,1,9,2,2,1,0,26,0,0,1,1,0,0
12,22 Aug 2025,,3pcsn7wqkjjrn58ax0byc836c,Salvador Lax Franco,CD Leganés,Cádiz CF,S. Cissé,0,0,0,1,1,0,0,0,64,0,0,0,0,0,0
12,22 Aug 2025,,3pcsn7wqkjjrn58ax0byc836c,Salvador Lax Franco,CD Leganés,Cádiz CF,Rubén Peña,0,1,1,7,1,1,0,0,35,0,0,1,0,1,0
12,22 Aug 2025,,3pcsn7wqkjjrn58ax0byc836c,Salvador Lax Franco,CD Leganés,Cádiz CF,Diego García,0,0,0,0,1,1,0,2,18,0,0,2,1,0,0
12,22 Aug 2025,,3pcsn7wqkjjrn58ax0byc836c,Salvador Lax Franco,CD Leganés,Cádiz CF,Lalo Aguilar,0,0,0,0,0,1,0,0,49,0,0,0,0,0,0
12,22 Aug 2025,,3pcsn7wqkjjrn58ax0byc836c,Salvador Lax Franco,CD Leganés,Cádiz CF,Jorge Sáenz,0,0,1,0,2,0,0,0,72,0,0,0,0,4,0
12,22 Aug 2025,,3pcsn7wqkjjrn58ax0byc836c,Salvador Lax Franco,CD Leganés,Cádiz CF,Marvel,0,0,0,0,0,2,0,0,42,0,0,0,0,1,1
12,22 Aug 2025,,3pcsn7wqkjjrn58ax0byc836c,Salvador Lax Franco,CD Leganés,Cádiz CF,Juan Soriano,0,0,0,0,0,0,0,0,20,0,2,0,0,0,0
12,22 Aug 2025,,3pcsn7wqkjjrn58ax0byc836c,Salvador Lax Franco,CD Leganés,Cádiz CF,Miguel de la Fuente,0,0,3,0,2,4,0,0,7,0,0,3,2,2,0
12,22 Aug 2025,,3pcsn7wqkjjrn58ax0byc836c,Salvador Lax Franco,CD Leganés,Cádiz CF,Duk,1,1,0,1,2,4,0,0,17,0,0,2,0,1,1
12,22 Aug 2025,,3pcsn7wqkjjrn58ax0byc836c,Salvador Lax Franco,CD Leganés,Cádiz CF,A. Diawara,0,0,0,0,2,0,0,0,31,0,0,0,0,2,0
12,22 Aug 2025,,3pcsn7wqkjjrn58ax0byc836c,Salvador Lax Franco,CD Leganés,Cádiz CF,B. Pauwels,0,0,0,0,0,1,0,0,4,0,0,0,0,1,0
12,22 Aug 2025,,3pcsn7wqkjjrn58ax0byc836c,Salvador Lax Franco,CD Leganés,Cádiz CF,Gonzalo Melero,0,0,0,0,0,0,0,0,3,0,0,0,0,0,0
12,22 Aug 2025,,3pcsn7wqkjjrn58ax0byc836c,Salvador Lax Franco,CD Leganés,Cádiz CF,Carlos Guirao,0,0,0,0,0,1,0,0,3,0,0,0,0,1,0
12,22 Aug 2025,,3pcsn7wqkjjrn58ax0byc836c,Salvador Lax Franco,CD Leganés,Cádiz CF,Óscar Plano,0,0,1,0,0,0,0,0,5,0,0,0,0,0,0
12,22 Aug 2025,,3pcsn7wqkjjrn58ax0byc836c,Salvador Lax Franco,CD Leganés,Cádiz CF,Álex Millán,0,0,0,0,0,0,0,0,1,0,0,0,0,0,0
12,22 Aug 2025,,3pcsn7wqkjjrn58ax0byc836c,Salvador Lax Franco,CD Leganés,Cádiz CF,Iker Recio,0,0,0,0,1,1,0,0,61,0,0,0,0,0,0
12,22 Aug 2025,,3pcsn7wqkjjrn58ax0byc836c,Salvador Lax Franco,CD Leganés,Cádiz CF,Mario Climent,0,0,0,4,1,0,0,0,33,0,0,0,0,1,0
12,22 Aug 2025,,3pcsn7wqkjjrn58ax0byc836c,Salvador Lax Franco,CD Leganés,Cádiz CF,José de la Rosa,0,0,1,1,3,1,0,0,11,0,0,1,0,0,0
12,22 Aug 2025,,3pcsn7wqkjjrn58ax0byc836c,Salvador Lax Franco,CD Leganés,Cádiz CF,B. Kovačević,0,0,0,0,0,0,0,0,41,0,0,1,0,2,0
12,22 Aug 2025,,3pcsn7wqkjjrn58ax0byc836c,Salvador Lax Franco,CD Leganés,Cádiz CF,Iza Carcelén,0,0,0,2,1,1,0,0,40,0,0,0,0,5,0
12,22 Aug 2025,,3pcsn7wqkjjrn58ax0byc836c,Salvador Lax Franco,CD Leganés,Cádiz CF,Suso,0,0,1,4,1,1,0,0,20,0,0,0,0,2,0
12,22 Aug 2025,,3pcsn7wqkjjrn58ax0byc836c,Salvador Lax Franco,CD Leganés,Cádiz CF,M. Diakité,0,0,0,0,2,1,0,0,43,0,0,0,0,3,0
12,22 Aug 2025,,3pcsn7wqkjjrn58ax0byc836c,Salvador Lax Franco,CD Leganés,Cádiz CF,Victor Aznar,0,0,0,0,0,0,0,0,21,0,3,0,0,0,0
12,22 Aug 2025,,3pcsn7wqkjjrn58ax0byc836c,Salvador Lax Franco,CD Leganés,Cádiz CF,Álvaro García Pascual,0,1,1,0,3,2,0,2,8,0,0,2,0,0,0
12,22 Aug 2025,,3pcsn7wqkjjrn58ax0byc836c,Salvador Lax Franco,CD Leganés,Cádiz CF,Y. Diarra,0,0,0,0,1,1,0,0,28,0,0,0,0,1,0
12,22 Aug 2025,,3pcsn7wqkjjrn58ax0byc836c,Salvador Lax Franco,CD Leganés,Cádiz CF,Sergio Ortuño,0,0,0,2,2,1,0,0,14,0,0,0,0,0,0
12,22 Aug 2025,,3pcsn7wqkjjrn58ax0byc836c,Salvador Lax Franco,CD Leganés,Cádiz CF,A. Caicedo,0,0,0,0,2,1,0,0,19,0,0,1,0,1,1
12,22 Aug 2025,,3pcsn7wqkjjrn58ax0byc836c,Salvador Lax Franco,CD Leganés,Cádiz CF,Javi Ontiveros,1,0,2,2,0,2,0,0,16,0,0,2,0,1,0
12,22 Aug 2025,,3pcsn7wqkjjrn58ax0byc836c,Salvador Lax Franco,CD Leganés,Cádiz CF,B. Ocampo,0,0,0,0,0,1,1,0,18,0,0,3,3,0,0
13,23 Aug 2025,,3pqao2z7nmzoi9a03i53qyoes,Jon Ander González Esteban,CD Mirandés,SD Huesca,Aarón,0,0,0,0,1,2,0,0,11,0,0,0,0,0,0
13,23 Aug 2025,,3pqao2z7nmzoi9a03i53qyoes,Jon Ander González Esteban,CD Mirandés,SD Huesca,Adrián Pica,0,0,0,0,1,0,0,0,49,0,0,0,0,1,0
13,23 Aug 2025,,3pqao2z7nmzoi9a03i53qyoes,Jon Ander González Esteban,CD Mirandés,SD Huesca,Juan Gutiérrez,0,0,0,1,4,0,0,0,39,0,0,0,0,1,1
13,23 Aug 2025,,3pqao2z7nmzoi9a03i53qyoes,Jon Ander González Esteban,CD Mirandés,SD Huesca,Martín Pascual,0,0,0,0,2,1,0,0,40,0,0,0,0,0,1
13,23 Aug 2025,,3pqao2z7nmzoi9a03i53qyoes,Jon Ander González Esteban,CD Mirandés,SD Huesca,Marino Illescas,0,0,1,1,3,2,0,0,57,0,0,1,0,1,1
13,23 Aug 2025,,3pqao2z7nmzoi9a03i53qyoes,Jon Ander González Esteban,CD Mirandés,SD Huesca,Iker Varela,0,0,0,0,1,0,0,0,14,0,0,1,1,0,0
13,23 Aug 2025,,3pqao2z7nmzoi9a03i53qyoes,Jon Ander González Esteban,CD Mirandés,SD Huesca,Ismael Barea,0,0,0,0,1,1,0,0,33,0,0,0,0,0,1
13,23 Aug 2025,,3pqao2z7nmzoi9a03i53qyoes,Jon Ander González Esteban,CD Mirandés,SD Huesca,I. Nikić,0,0,0,0,0,0,0,0,29,0,1,0,0,0,0
13,23 Aug 2025,,3pqao2z7nmzoi9a03i53qyoes,Jon Ander González Esteban,CD Mirandés,SD Huesca,G. Petit,0,0,0,0,0,0,0,3,9,0,0,1,0,1,0
13,23 Aug 2025,,3pqao2z7nmzoi9a03i53qyoes,Jon Ander González Esteban,CD Mirandés,SD Huesca,Toni Tamarit,0,0,0,7,1,1,0,0,38,0,0,0,0,0,0
13,23 Aug 2025,,3pqao2z7nmzoi9a03i53qyoes,Jon Ander González Esteban,CD Mirandés,SD Huesca,Fernando Medrano,0,1,0,2,0,0,0,0,35,0,0,1,0,1,0
13,23 Aug 2025,,3pqao2z7nmzoi9a03i53qyoes,Jon Ander González Esteban,CD Mirandés,SD Huesca,Álex Cardero,0,0,0,1,0,2,0,0,21,0,0,0,0,0,0
13,23 Aug 2025,,3pqao2z7nmzoi9a03i53qyoes,Jon Ander González Esteban,CD Mirandés,SD Huesca,Carlos Fernández,0,0,0,0,1,4,0,1,18,0,0,1,1,1,0
13,23 Aug 2025,,3pqao2z7nmzoi9a03i53qyoes,Jon Ander González Esteban,CD Mirandés,SD Huesca,T. Helguera,0,0,0,0,1,0,0,0,8,0,0,0,0,0,1
13,23 Aug 2025,,3pqao2z7nmzoi9a03i53qyoes,Jon Ander González Esteban,CD Mirandés,SD Huesca,Sergio Arribas,0,0,0,0,2,1,0,0,38,0,0,0,0,3,0
13,23 Aug 2025,,3pqao2z7nmzoi9a03i53qyoes,Jon Ander González Esteban,CD Mirandés,SD Huesca,Iker Kortajarena,1,0,1,2,1,4,0,0,27,0,0,0,0,2,0
13,23 Aug 2025,,3pqao2z7nmzoi9a03i53qyoes,Jon Ander González Esteban,CD Mirandés,SD Huesca,Jorge Pulido,0,0,1,0,2,1,0,0,46,0,0,1,1,0,1
13,23 Aug 2025,,3pqao2z7nmzoi9a03i53qyoes,Jon Ander González Esteban,CD Mirandés,SD Huesca,Óscar Sielva,0,0,1,5,0,0,0,0,46,0,0,0,0,2,0
13,23 Aug 2025,,3pqao2z7nmzoi9a03i53qyoes,Jon Ander González Esteban,CD Mirandés,SD Huesca,Sergi Enrich,0,0,0,0,0,1,1,0,10,0,0,2,1,0,0
13,23 Aug 2025,,3pqao2z7nmzoi9a03i53qyoes,Jon Ander González Esteban,CD Mirandés,SD Huesca,Julio Alonso,0,0,0,3,1,0,0,0,23,0,0,0,0,1,1
13,23 Aug 2025,,3pqao2z7nmzoi9a03i53qyoes,Jon Ander González Esteban,CD Mirandés,SD Huesca,Jesús Álvarez,0,0,0,0,1,2,0,0,49,0,0,0,0,3,0
13,23 Aug 2025,,3pqao2z7nmzoi9a03i53qyoes,Jon Ander González Esteban,CD Mirandés,SD Huesca,Dani Jiménez,0,0,0,0,0,1,0,0,31,0,2,0,0,0,0
13,23 Aug 2025,,3pqao2z7nmzoi9a03i53qyoes,Jon Ander González Esteban,CD Mirandés,SD Huesca,Toni Abad,0,0,1,1,0,0,0,0,41,0,0,1,0,1,0
13,23 Aug 2025,,3pqao2z7nmzoi9a03i53qyoes,Jon Ander González Esteban,CD Mirandés,SD Huesca,Liberto Beltrán,0,0,0,2,1,1,0,2,13,0,0,0,0,1,0
13,23 Aug 2025,,3pqao2z7nmzoi9a03i53qyoes,Jon Ander González Esteban,CD Mirandés,SD Huesca,Iñigo Piña,0,0,0,0,2,0,0,0,34,0,0,0,0,0,0
13,23 Aug 2025,,3pqao2z7nmzoi9a03i53qyoes,Jon Ander González Esteban,CD Mirandés,SD Huesca,Enol Rodríguez,0,0,0,0,0,1,0,0,5,0,0,0,0,1,0
13,23 Aug 2025,,3pqao2z7nmzoi9a03i53qyoes,Jon Ander González Esteban,CD Mirandés,SD Huesca,S. Ntamack,0,0,0,0,1,2,0,0,6,0,0,0,0,0,0
13,23 Aug 2025,,3pqao2z7nmzoi9a03i53qyoes,Jon Ander González Esteban,CD Mirandés,SD Huesca,Álvaro Carrillo,0,1,0,0,0,1,0,0,2,0,0,2,0,0,0
13,23 Aug 2025,,3pqao2z7nmzoi9a03i53qyoes,Jon Ander González Esteban,CD Mirandés,SD Huesca,Rodrigo Abajas,0,0,0,0,1,0,0,0,0,0,0,0,0,0,0
13,23 Aug 2025,,3pqao2z7nmzoi9a03i53qyoes,Jon Ander González Esteban,CD Mirandés,SD Huesca,Manu Rico,0,0,0,0,1,0,0,0,0,0,0,0,0,0,0
14,24 Aug 2025,,3q3rofh7qt7kpuuqnpasfj02c,Rafael Sánchez López,Cultural y Deportiva Leonesa,UD Almería,Diego Collado,0,0,0,3,0,4,0,0,12,0,0,4,4,2,0
14,24 Aug 2025,,3q3rofh7qt7kpuuqnpasfj02c,Rafael Sánchez López,Cultural y Deportiva Leonesa,UD Almería,Juan Larios,0,0,0,2,1,2,0,0,23,0,0,1,0,3,0
14,24 Aug 2025,,3q3rofh7qt7kpuuqnpasfj02c,Rafael Sánchez López,Cultural y Deportiva Leonesa,UD Almería,T. Ojeda,0,0,1,1,2,0,0,0,29,0,0,0,0,0,0
14,24 Aug 2025,,3q3rofh7qt7kpuuqnpasfj02c,Rafael Sánchez López,Cultural y Deportiva Leonesa,UD Almería,Quique Fornos,0,0,0,1,2,0,0,0,23,0,0,0,0,0,0
14,24 Aug 2025,,3q3rofh7qt7kpuuqnpasfj02c,Rafael Sánchez López,Cultural y Deportiva Leonesa,UD Almería,Rafa Tresaco,0,0,0,2,2,1,0,0,11,0,0,0,0,1,1
14,24 Aug 2025,,3q3rofh7qt7kpuuqnpasfj02c,Rafael Sánchez López,Cultural y Deportiva Leonesa,UD Almería,Rodri Suárez,0,0,1,0,1,1,0,0,45,0,0,1,1,1,0
14,24 Aug 2025,,3q3rofh7qt7kpuuqnpasfj02c,Rafael Sánchez López,Cultural y Deportiva Leonesa,UD Almería,M. Barzić,0,0,0,0,0,0,0,0,34,0,0,0,0,2,0
14,24 Aug 2025,,3q3rofh7qt7kpuuqnpasfj02c,Rafael Sánchez López,Cultural y Deportiva Leonesa,UD Almería,Luis Chacón,0,0,1,3,1,0,0,0,25,0,0,1,0,1,0
14,24 Aug 2025,,3q3rofh7qt7kpuuqnpasfj02c,Rafael Sánchez López,Cultural y Deportiva Leonesa,UD Almería,Edgar Badia,0,0,0,0,0,0,0,0,26,0,1,0,0,0,0
14,24 Aug 2025,,3q3rofh7qt7kpuuqnpasfj02c,Rafael Sánchez López,Cultural y Deportiva Leonesa,UD Almería,Bicho,0,0,0,0,1,2,0,0,34,0,0,1,0,4,0
14,24 Aug 2025,,3q3rofh7qt7kpuuqnpasfj02c,Rafael Sánchez López,Cultural y Deportiva Leonesa,UD Almería,D. Paraschiv,0,0,0,1,0,1,0,0,4,0,0,1,0,2,0
14,24 Aug 2025,,3q3rofh7qt7kpuuqnpasfj02c,Rafael Sánchez López,Cultural y Deportiva Leonesa,UD Almería,V. García,0,0,0,0,0,0,0,0,25,0,0,0,0,2,0
14,24 Aug 2025,,3q3rofh7qt7kpuuqnpasfj02c,Rafael Sánchez López,Cultural y Deportiva Leonesa,UD Almería,Manu Justo,0,0,0,0,0,2,0,0,3,0,0,0,0,0,0
14,24 Aug 2025,,3q3rofh7qt7kpuuqnpasfj02c,Rafael Sánchez López,Cultural y Deportiva Leonesa,UD Almería,A. Pastoriza,0,0,0,2,0,2,0,0,12,0,0,1,1,0,0
14,24 Aug 2025,,3q3rofh7qt7kpuuqnpasfj02c,Rafael Sánchez López,Cultural y Deportiva Leonesa,UD Almería,Nico Toca,0,0,0,0,0,0,0,0,14,0,0,0,0,0,0
14,24 Aug 2025,,3q3rofh7qt7kpuuqnpasfj02c,Rafael Sánchez López,Cultural y Deportiva Leonesa,UD Almería,Sergio Arribas,0,0,0,6,0,0,0,0,44,0,0,1,0,0,0
14,24 Aug 2025,,3q3rofh7qt7kpuuqnpasfj02c,Rafael Sánchez López,Cultural y Deportiva Leonesa,UD Almería,Gui,0,0,1,3,1,2,0,0,43,0,0,0,0,2,0
14,24 Aug 2025,,3q3rofh7qt7kpuuqnpasfj02c,Rafael Sánchez López,Cultural y Deportiva Leonesa,UD Almería,Léo Baptistão,0,0,1,1,0,2,1,0,19,0,0,2,1,3,0
14,24 Aug 2025,,3q3rofh7qt7kpuuqnpasfj02c,Rafael Sánchez López,Cultural y Deportiva Leonesa,UD Almería,Marcos Luna,0,0,0,2,2,0,0,0,65,0,0,0,0,2,0
14,24 Aug 2025,,3q3rofh7qt7kpuuqnpasfj02c,Rafael Sánchez López,Cultural y Deportiva Leonesa,UD Almería,F. Bonini,0,0,0,0,1,0,0,0,50,0,0,2,0,0,0
14,24 Aug 2025,,3q3rofh7qt7kpuuqnpasfj02c,Rafael Sánchez López,Cultural y Deportiva Leonesa,UD Almería,Álex Muñoz,1,0,0,3,4,1,0,0,46,0,0,1,0,3,0
14,24 Aug 2025,,3q3rofh7qt7kpuuqnpasfj02c,Rafael Sánchez López,Cultural y Deportiva Leonesa,UD Almería,D. Lopy,0,1,1,0,3,0,0,0,40,0,0,1,0,0,1
14,24 Aug 2025,,3q3rofh7qt7kpuuqnpasfj02c,Rafael Sánchez López,Cultural y Deportiva Leonesa,UD Almería,Chumi,0,0,0,0,2,0,0,0,49,0,0,0,0,1,0
14,24 Aug 2025,,3q3rofh7qt7kpuuqnpasfj02c,Rafael Sánchez López,Cultural y Deportiva Leonesa,UD Almería,Adri Embarba,0,1,0,2,0,1,0,1,23,0,0,2,1,1,0
14,24 Aug 2025,,3q3rofh7qt7kpuuqnpasfj02c,Rafael Sánchez López,Cultural y Deportiva Leonesa,UD Almería,Andrés Fernández,0,0,0,0,0,1,0,0,21,0,6,0,0,0,0
14,24 Aug 2025,,3q3rofh7qt7kpuuqnpasfj02c,Rafael Sánchez López,Cultural y Deportiva Leonesa,UD Almería,Lázaro,0,0,1,0,0,1,0,0,12,0,0,0,0,0,0
14,24 Aug 2025,,3q3rofh7qt7kpuuqnpasfj02c,Rafael Sánchez López,Cultural y Deportiva Leonesa,UD Almería,Arnau Puigmal,0,0,0,2,1,1,0,0,15,0,0,1,0,0,1
14,24 Aug 2025,,3q3rofh7qt7kpuuqnpasfj02c,Rafael Sánchez López,Cultural y Deportiva Leonesa,UD Almería,P. Soko,0,1,1,2,0,0,0,0,5,0,0,2,0,0,0
14,24 Aug 2025,,3q3rofh7qt7kpuuqnpasfj02c,Rafael Sánchez López,Cultural y Deportiva Leonesa,UD Almería,Selvi Clua,0,0,0,0,0,0,0,0,11,0,0,0,0,0,0
14,24 Aug 2025,,3q3rofh7qt7kpuuqnpasfj02c,Rafael Sánchez López,Cultural y Deportiva Leonesa,UD Almería,Nico Melamed,0,0,0,0,1,0,0,0,6,0,0,1,1,0,0
14,24 Aug 2025,,3q3rofh7qt7kpuuqnpasfj02c,Rafael Sánchez López,Cultural y Deportiva Leonesa,UD Almería,Álex Centelles,0,0,0,0,0,1,0,0,6,0,0,0,0,0,0
14,24 Aug 2025,,3q3rofh7qt7kpuuqnpasfj02c,Rafael Sánchez López,Cultural y Deportiva Leonesa,UD Almería,S. Džodić,0,0,0,0,0,0,0,0,4,0,0,0,0,1,0
15,23 Aug 2025,,3qhef52mgvh1hmswrsoljxj4k,Manuel Ángel Pérez Hernández,Real Zaragoza,FC Andorra,Dani Tasende,0,0,0,6,2,2,0,0,25,0,0,1,1,2,0
15,23 Aug 2025,,3qhef52mgvh1hmswrsoljxj4k,Manuel Ángel Pérez Hernández,Real Zaragoza,FC Andorra,Sebas Moyano,0,2,4,0,0,2,0,0,27,0,0,6,2,0,0
15,23 Aug 2025,,3qhef52mgvh1hmswrsoljxj4k,Manuel Ángel Pérez Hernández,Real Zaragoza,FC Andorra,Raúl Guti,0,0,0,6,1,4,0,0,42,0,0,0,0,3,0
15,23 Aug 2025,,3qhef52mgvh1hmswrsoljxj4k,Manuel Ángel Pérez Hernández,Real Zaragoza,FC Andorra,Francho Serrano,0,0,1,3,0,1,0,0,37,0,0,0,0,1,0
15,23 Aug 2025,,3qhef52mgvh1hmswrsoljxj4k,Manuel Ángel Pérez Hernández,Real Zaragoza,FC Andorra,Pau Sans,0,0,0,1,0,2,0,0,18,0,0,0,0,1,0
15,23 Aug 2025,,3qhef52mgvh1hmswrsoljxj4k,Manuel Ángel Pérez Hernández,Real Zaragoza,FC Andorra,Carlos Pomares,0,0,0,0,3,0,0,0,39,1,0,0,0,2,0
15,23 Aug 2025,,3qhef52mgvh1hmswrsoljxj4k,Manuel Ángel Pérez Hernández,Real Zaragoza,FC Andorra,Juan Sebastián,0,0,0,1,1,1,0,0,33,0,0,1,1,5,0
15,23 Aug 2025,,3qhef52mgvh1hmswrsoljxj4k,Manuel Ángel Pérez Hernández,Real Zaragoza,FC Andorra,A. Radovanović,0,0,0,0,2,0,0,0,28,0,0,0,0,2,1
15,23 Aug 2025,,3qhef52mgvh1hmswrsoljxj4k,Manuel Ángel Pérez Hernández,Real Zaragoza,FC Andorra,Mario Soberón,0,1,1,0,1,0,0,0,22,0,0,2,1,1,0
15,23 Aug 2025,,3qhef52mgvh1hmswrsoljxj4k,Manuel Ángel Pérez Hernández,Real Zaragoza,FC Andorra,Dani Gómez,0,1,0,1,1,2,0,2,18,0,0,1,0,0,0
15,23 Aug 2025,,3qhef52mgvh1hmswrsoljxj4k,Manuel Ángel Pérez Hernández,Real Zaragoza,FC Andorra,Adrián Rodríguez Giménez,0,0,0,0,0,0,0,0,19,0,7,0,0,0,0
15,23 Aug 2025,,3qhef52mgvh1hmswrsoljxj4k,Manuel Ángel Pérez Hernández,Real Zaragoza,FC Andorra,Toni Moya,0,0,0,0,1,1,0,0,17,0,0,1,0,0,0
15,23 Aug 2025,,3qhef52mgvh1hmswrsoljxj4k,Manuel Ángel Pérez Hernández,Real Zaragoza,FC Andorra,Valery,0,0,0,0,0,0,0,0,5,0,0,0,0,0,0
15,23 Aug 2025,,3qhef52mgvh1hmswrsoljxj4k,Manuel Ángel Pérez Hernández,Real Zaragoza,FC Andorra,S. Baždar,0,0,0,0,1,1,1,0,7,0,0,1,1,1,0
15,23 Aug 2025,,3qhef52mgvh1hmswrsoljxj4k,Manuel Ángel Pérez Hernández,Real Zaragoza,FC Andorra,Yussif Saidu,0,0,0,0,1,0,0,0,19,0,0,0,0,2,0
15,23 Aug 2025,,3qhef52mgvh1hmswrsoljxj4k,Manuel Ángel Pérez Hernández,Real Zaragoza,FC Andorra,Iván Calero,0,0,0,0,0,0,0,0,10,0,0,0,0,1,0
15,23 Aug 2025,,3qhef52mgvh1hmswrsoljxj4k,Manuel Ángel Pérez Hernández,Real Zaragoza,FC Andorra,L. de León,0,0,0,0,0,5,1,0,19,0,0,2,1,0,0
15,23 Aug 2025,,3qhef52mgvh1hmswrsoljxj4k,Manuel Ángel Pérez Hernández,Real Zaragoza,FC Andorra,Sergio Molina,0,1,2,1,0,1,0,0,54,0,0,4,2,2,0
15,23 Aug 2025,,3qhef52mgvh1hmswrsoljxj4k,Manuel Ángel Pérez Hernández,Real Zaragoza,FC Andorra,Imanol García de Albéniz,1,0,0,6,1,0,0,0,56,0,0,0,0,1,1
15,23 Aug 2025,,3qhef52mgvh1hmswrsoljxj4k,Manuel Ángel Pérez Hernández,Real Zaragoza,FC Andorra,Bomba,0,0,0,0,0,1,0,0,60,0,0,0,0,2,0
15,23 Aug 2025,,3qhef52mgvh1hmswrsoljxj4k,Manuel Ángel Pérez Hernández,Real Zaragoza,FC Andorra,Áron Yaakobishvili,0,0,0,0,0,0,0,0,33,0,5,0,0,0,0
15,23 Aug 2025,,3qhef52mgvh1hmswrsoljxj4k,Manuel Ángel Pérez Hernández,Real Zaragoza,FC Andorra,Marc Domènech,1,0,0,1,2,0,0,0,31,0,0,1,1,2,0
15,23 Aug 2025,,3qhef52mgvh1hmswrsoljxj4k,Manuel Ángel Pérez Hernández,Real Zaragoza,FC Andorra,T. Carrique,0,0,0,0,0,0,0,0,14,0,0,0,0,1,0
15,23 Aug 2025,,3qhef52mgvh1hmswrsoljxj4k,Manuel Ángel Pérez Hernández,Real Zaragoza,FC Andorra,T. Le Normand,0,0,0,0,4,0,0,0,11,0,0,0,0,0,0
15,23 Aug 2025,,3qhef52mgvh1hmswrsoljxj4k,Manuel Ángel Pérez Hernández,Real Zaragoza,FC Andorra,Kim Min-Su,1,0,1,0,1,1,0,0,25,0,0,2,2,1,1
15,23 Aug 2025,,3qhef52mgvh1hmswrsoljxj4k,Manuel Ángel Pérez Hernández,Real Zaragoza,FC Andorra,Gael Alonso,0,0,0,0,1,0,1,0,59,0,0,1,1,4,0
15,23 Aug 2025,,3qhef52mgvh1hmswrsoljxj4k,Manuel Ángel Pérez Hernández,Real Zaragoza,FC Andorra,Aingeru Olabarrieta,0,0,0,1,3,2,0,0,9,0,0,0,0,0,0
15,23 Aug 2025,,3qhef52mgvh1hmswrsoljxj4k,Manuel Ángel Pérez Hernández,Real Zaragoza,FC Andorra,Dani Villahermosa,0,0,0,1,2,0,1,0,24,0,0,1,1,5,0
15,23 Aug 2025,,3qhef52mgvh1hmswrsoljxj4k,Manuel Ángel Pérez Hernández,Real Zaragoza,FC Andorra,Álex Petxa,0,0,0,2,3,1,0,0,29,0,0,1,0,0,0
15,23 Aug 2025,,3qhef52mgvh1hmswrsoljxj4k,Manuel Ángel Pérez Hernández,Real Zaragoza,FC Andorra,Jastin García,0,0,0,1,0,1,0,0,14,0,0,1,1,1,0
15,23 Aug 2025,,3qhef52mgvh1hmswrsoljxj4k,Manuel Ángel Pérez Hernández,Real Zaragoza,FC Andorra,Manu Nieto,0,0,1,1,0,0,0,0,7,0,0,1,1,0,0
15,23 Aug 2025,,3qhef52mgvh1hmswrsoljxj4k,Manuel Ángel Pérez Hernández,Real Zaragoza,FC Andorra,Aitor Uzkudun,0,1,1,1,0,2,0,0,6,0,0,3,0,0,0
16,25 Aug 2025,,3quxyfxtajofln16q1so9uj9w,Alejandro Morilla Turrión,Albacete Balompié,Real Racing Club,Jefté Betancor,0,0,0,0,0,0,0,2,6,0,0,1,0,0,0
16,25 Aug 2025,,3quxyfxtajofln16q1so9uj9w,Alejandro Morilla Turrión,Albacete Balompié,Real Racing Club,Agus Medina,0,0,0,1,5,0,1,1,36,0,0,1,1,1,0
16,25 Aug 2025,,3quxyfxtajofln16q1so9uj9w,Alejandro Morilla Turrión,Albacete Balompié,Real Racing Club,Fran Gámez,0,0,0,2,1,1,0,0,18,0,0,0,0,4,0
16,25 Aug 2025,,3quxyfxtajofln16q1so9uj9w,Alejandro Morilla Turrión,Albacete Balompié,Real Racing Club,Javi Moreno,0,1,0,0,0,2,0,0,48,0,0,1,0,2,0
16,25 Aug 2025,,3quxyfxtajofln16q1so9uj9w,Alejandro Morilla Turrión,Albacete Balompié,Real Racing Club,Diego Mariño,0,0,0,0,0,0,0,0,27,0,2,0,0,0,0
16,25 Aug 2025,,3quxyfxtajofln16q1so9uj9w,Alejandro Morilla Turrión,Albacete Balompié,Real Racing Club,Jon García,0,0,0,0,1,0,0,0,33,0,0,0,0,3,0
16,25 Aug 2025,,3quxyfxtajofln16q1so9uj9w,Alejandro Morilla Turrión,Albacete Balompié,Real Racing Club,Riki Rodríguez,0,1,0,0,0,2,0,0,42,0,0,1,0,2,0
16,25 Aug 2025,,3quxyfxtajofln16q1so9uj9w,Alejandro Morilla Turrión,Albacete Balompié,Real Racing Club,Ale Meléndez,0,0,0,0,2,1,0,0,21,0,0,0,0,0,0
16,25 Aug 2025,,3quxyfxtajofln16q1so9uj9w,Alejandro Morilla Turrión,Albacete Balompié,Real Racing Club,J. Gómez,0,0,0,1,0,0,0,1,35,0,0,0,0,1,0
16,25 Aug 2025,,3quxyfxtajofln16q1so9uj9w,Alejandro Morilla Turrión,Albacete Balompié,Real Racing Club,Antonio Puertas,0,0,2,3,0,0,0,2,17,0,0,0,0,1,0
16,25 Aug 2025,,3quxyfxtajofln16q1so9uj9w,Alejandro Morilla Turrión,Albacete Balompié,Real Racing Club,Jon Morcillo,0,1,0,3,0,0,1,1,25,0,0,4,1,0,0
16,25 Aug 2025,,3quxyfxtajofln16q1so9uj9w,Alejandro Morilla Turrión,Albacete Balompié,Real Racing Club,Javi Villar,1,0,0,1,0,0,0,1,27,0,0,0,0,0,0
16,25 Aug 2025,,3quxyfxtajofln16q1so9uj9w,Alejandro Morilla Turrión,Albacete Balompié,Real Racing Club,Lorenzo Aguado,0,0,0,2,0,0,0,1,14,0,0,0,0,2,0
16,25 Aug 2025,,3quxyfxtajofln16q1so9uj9w,Alejandro Morilla Turrión,Albacete Balompié,Real Racing Club,Dani Escriche,0,0,0,0,2,1,0,0,2,0,0,0,0,0,1
16,25 Aug 2025,,3quxyfxtajofln16q1so9uj9w,Alejandro Morilla Turrión,Albacete Balompié,Real Racing Club,José Carlos Lazo,0,0,0,2,2,0,0,0,7,0,0,0,0,0,0
16,25 Aug 2025,,3quxyfxtajofln16q1so9uj9w,Alejandro Morilla Turrión,Albacete Balompié,Real Racing Club,Víctor Valverde,0,0,0,0,0,0,0,0,1,0,0,0,0,1,0
16,25 Aug 2025,,3quxyfxtajofln16q1so9uj9w,Alejandro Morilla Turrión,Albacete Balompié,Real Racing Club,Javi Castro,0,0,0,0,0,3,0,0,48,0,0,0,0,1,0
16,25 Aug 2025,,3quxyfxtajofln16q1so9uj9w,Alejandro Morilla Turrión,Albacete Balompié,Real Racing Club,Peio Canales,1,0,1,3,1,1,0,0,62,0,0,1,1,3,0
16,25 Aug 2025,,3quxyfxtajofln16q1so9uj9w,Alejandro Morilla Turrión,Albacete Balompié,Real Racing Club,Manu Hernando,0,0,0,0,0,0,0,0,42,0,0,0,0,0,0
16,25 Aug 2025,,3quxyfxtajofln16q1so9uj9w,Alejandro Morilla Turrión,Albacete Balompié,Real Racing Club,J. Arévalo,0,0,0,0,1,2,0,0,6,0,0,1,1,0,0
16,25 Aug 2025,,3quxyfxtajofln16q1so9uj9w,Alejandro Morilla Turrión,Albacete Balompié,Real Racing Club,Jorge Salinas,0,0,1,0,2,1,0,0,32,0,0,2,1,3,1
16,25 Aug 2025,,3quxyfxtajofln16q1so9uj9w,Alejandro Morilla Turrión,Albacete Balompié,Real Racing Club,Andrés Martín,0,1,2,6,1,1,1,0,32,0,0,2,1,0,1
16,25 Aug 2025,,3quxyfxtajofln16q1so9uj9w,Alejandro Morilla Turrión,Albacete Balompié,Real Racing Club,Marco Sangalli,0,1,2,0,0,1,0,1,24,0,0,2,0,0,0
16,25 Aug 2025,,3quxyfxtajofln16q1so9uj9w,Alejandro Morilla Turrión,Albacete Balompié,Real Racing Club,Jokin Ezkieta,0,0,0,0,0,0,0,0,20,0,0,0,0,0,0
16,25 Aug 2025,,3quxyfxtajofln16q1so9uj9w,Alejandro Morilla Turrión,Albacete Balompié,Real Racing Club,Iñigo Vicente,0,1,3,3,0,2,0,0,50,0,0,1,0,1,0
16,25 Aug 2025,,3quxyfxtajofln16q1so9uj9w,Alejandro Morilla Turrión,Albacete Balompié,Real Racing Club,Álvaro Mantilla,1,0,1,3,0,0,0,0,45,0,0,0,0,2,0
16,25 Aug 2025,,3quxyfxtajofln16q1so9uj9w,Alejandro Morilla Turrión,Albacete Balompié,Real Racing Club,Sergio Martínez,0,0,0,0,1,0,0,0,21,0,0,0,0,1,0
16,25 Aug 2025,,3quxyfxtajofln16q1so9uj9w,Alejandro Morilla Turrión,Albacete Balompié,Real Racing Club,Aritz Aldasoro,0,0,0,0,0,0,0,0,20,0,0,0,0,1,0
16,25 Aug 2025,,3quxyfxtajofln16q1so9uj9w,Alejandro Morilla Turrión,Albacete Balompié,Real Racing Club,Asier Villalibre,0,0,0,0,1,0,2,0,4,0,0,3,2,0,1
16,25 Aug 2025,,3quxyfxtajofln16q1so9uj9w,Alejandro Morilla Turrión,Albacete Balompié,Real Racing Club,Yeray Cabanzón,0,0,0,0,0,0,0,0,13,0,0,1,0,1,0
16,25 Aug 2025,,3quxyfxtajofln16q1so9uj9w,Alejandro Morilla Turrión,Albacete Balompié,Real Racing Club,Mario García,0,0,0,0,0,0,0,0,7,0,0,0,0,0,0
16,25 Aug 2025,,3quxyfxtajofln16q1so9uj9w,Alejandro Morilla Turrión,Albacete Balompié,Real Racing Club,Íñigo Sainz-Maza,0,0,0,0,0,1,0,0,2,0,0,0,0,0,0
17,22 Aug 2025,,3r8eqq992hsc5pvcugih47d3o,Manuel Jesús Orellana Cid,CD Castellón,Real Valladolid CF,Israel Suero,0,1,1,1,0,1,0,0,30,0,0,2,0,2,0
17,22 Aug 2025,,3r8eqq992hsc5pvcugih47d3o,Manuel Jesús Orellana Cid,CD Castellón,Real Valladolid CF,A. Abedzadeh,0,0,0,0,0,0,0,0,31,0,3,0,0,0,0
17,22 Aug 2025,,3r8eqq992hsc5pvcugih47d3o,Manuel Jesús Orellana Cid,CD Castellón,Real Valladolid CF,Salva Ruiz,0,0,1,1,1,0,0,0,33,0,0,1,0,0,1
17,22 Aug 2025,,3r8eqq992hsc5pvcugih47d3o,Manuel Jesús Orellana Cid,CD Castellón,Real Valladolid CF,O. Camara,0,1,1,2,1,0,0,0,13,0,0,1,0,1,0
17,22 Aug 2025,,3r8eqq992hsc5pvcugih47d3o,Manuel Jesús Orellana Cid,CD Castellón,Real Valladolid CF,A. Sienra,0,0,0,0,1,0,0,0,52,0,0,0,0,2,0
17,22 Aug 2025,,3r8eqq992hsc5pvcugih47d3o,Manuel Jesús Orellana Cid,CD Castellón,Real Valladolid CF,Beñat Gerenabarrena,0,0,0,3,1,5,0,0,37,0,0,0,0,2,0
17,22 Aug 2025,,3r8eqq992hsc5pvcugih47d3o,Manuel Jesús Orellana Cid,CD Castellón,Real Valladolid CF,A. Mabil,0,0,2,2,1,1,0,0,30,0,0,1,1,2,1
17,22 Aug 2025,,3r8eqq992hsc5pvcugih47d3o,Manuel Jesús Orellana Cid,CD Castellón,Real Valladolid CF,Barri,0,0,0,1,1,0,0,0,35,0,0,1,0,0,0
17,22 Aug 2025,,3r8eqq992hsc5pvcugih47d3o,Manuel Jesús Orellana Cid,CD Castellón,Real Valladolid CF,Cala,0,1,2,6,1,2,0,1,39,0,0,3,2,3,0
17,22 Aug 2025,,3r8eqq992hsc5pvcugih47d3o,Manuel Jesús Orellana Cid,CD Castellón,Real Valladolid CF,J. Mellot,0,0,1,4,2,2,0,0,64,0,0,0,0,2,0
17,22 Aug 2025,,3r8eqq992hsc5pvcugih47d3o,Manuel Jesús Orellana Cid,CD Castellón,Real Valladolid CF,Óscar Gil,0,0,0,0,3,0,0,0,51,0,0,1,0,0,1
17,22 Aug 2025,,3r8eqq992hsc5pvcugih47d3o,Manuel Jesús Orellana Cid,CD Castellón,Real Valladolid CF,M. Doué,0,0,0,1,0,1,0,0,15,0,0,0,0,1,0
17,22 Aug 2025,,3r8eqq992hsc5pvcugih47d3o,Manuel Jesús Orellana Cid,CD Castellón,Real Valladolid CF,Serpeta,0,0,0,2,0,1,0,0,7,0,0,0,0,0,0
17,22 Aug 2025,,3r8eqq992hsc5pvcugih47d3o,Manuel Jesús Orellana Cid,CD Castellón,Real Valladolid CF,Pablo Santiago,0,0,0,4,1,3,0,0,13,0,0,1,1,1,0
17,22 Aug 2025,,3r8eqq992hsc5pvcugih47d3o,Manuel Jesús Orellana Cid,CD Castellón,Real Valladolid CF,N. Markanich,0,0,0,0,1,1,0,1,4,0,0,0,0,0,0
17,22 Aug 2025,,3r8eqq992hsc5pvcugih47d3o,Manuel Jesús Orellana Cid,CD Castellón,Real Valladolid CF,K. Mamah,0,0,0,0,0,1,0,0,8,0,0,0,0,0,0
17,22 Aug 2025,,3r8eqq992hsc5pvcugih47d3o,Manuel Jesús Orellana Cid,CD Castellón,Real Valladolid CF,Iván Alejo,0,0,2,5,3,2,0,0,24,0,0,0,0,4,1
17,22 Aug 2025,,3r8eqq992hsc5pvcugih47d3o,Manuel Jesús Orellana Cid,CD Castellón,Real Valladolid CF,Pablo Tomeo,0,0,1,0,0,0,0,0,27,0,0,1,1,1,0
17,22 Aug 2025,,3r8eqq992hsc5pvcugih47d3o,Manuel Jesús Orellana Cid,CD Castellón,Real Valladolid CF,Juanmi Latasa,0,1,1,0,2,4,1,0,25,0,0,4,1,2,0
17,22 Aug 2025,,3r8eqq992hsc5pvcugih47d3o,Manuel Jesús Orellana Cid,CD Castellón,Real Valladolid CF,Guille Bueno,0,0,0,0,0,1,0,0,32,0,0,0,0,2,0
17,22 Aug 2025,,3r8eqq992hsc5pvcugih47d3o,Manuel Jesús Orellana Cid,CD Castellón,Real Valladolid CF,David Torres,0,0,0,0,1,1,0,0,26,0,0,0,0,2,0
17,22 Aug 2025,,3r8eqq992hsc5pvcugih47d3o,Manuel Jesús Orellana Cid,CD Castellón,Real Valladolid CF,Chuki,0,1,3,6,1,1,0,1,15,0,0,2,1,1,0
17,22 Aug 2025,,3r8eqq992hsc5pvcugih47d3o,Manuel Jesús Orellana Cid,CD Castellón,Real Valladolid CF,S. Biuk,1,1,2,5,1,2,0,1,20,0,0,1,0,2,0
17,22 Aug 2025,,3r8eqq992hsc5pvcugih47d3o,Manuel Jesús Orellana Cid,CD Castellón,Real Valladolid CF,A. Ndiaye,0,0,0,0,1,0,0,1,13,0,0,0,0,2,0
17,22 Aug 2025,,3r8eqq992hsc5pvcugih47d3o,Manuel Jesús Orellana Cid,CD Castellón,Real Valladolid CF,Guilherme Fernandes,0,0,0,0,0,0,0,0,27,0,4,0,0,0,0
17,22 Aug 2025,,3r8eqq992hsc5pvcugih47d3o,Manuel Jesús Orellana Cid,CD Castellón,Real Valladolid CF,S. Jurić,0,0,0,0,3,0,0,0,38,0,0,0,0,4,1
17,22 Aug 2025,,3r8eqq992hsc5pvcugih47d3o,Manuel Jesús Orellana Cid,CD Castellón,Real Valladolid CF,Víctor Meseguer,0,0,0,0,2,2,0,0,20,0,0,1,1,1,1
17,22 Aug 2025,,3r8eqq992hsc5pvcugih47d3o,Manuel Jesús Orellana Cid,CD Castellón,Real Valladolid CF,I. Alani,0,0,0,0,2,1,0,0,7,0,0,0,0,0,0
17,22 Aug 2025,,3r8eqq992hsc5pvcugih47d3o,Manuel Jesús Orellana Cid,CD Castellón,Real Valladolid CF,Xavi Moreno,0,0,0,0,0,0,0,0,1,0,0,1,0,0,0
17,22 Aug 2025,,3r8eqq992hsc5pvcugih47d3o,Manuel Jesús Orellana Cid,CD Castellón,Real Valladolid CF,Trilli,0,0,0,0,1,0,0,0,2,0,0,0,0,0,0
17,22 Aug 2025,,3r8eqq992hsc5pvcugih47d3o,Manuel Jesús Orellana Cid,CD Castellón,Real Valladolid CF,Mario Maroto,0,0,0,0,1,0,0,0,3,0,0,0,0,0,0
17,22 Aug 2025,,3r8eqq992hsc5pvcugih47d3o,Manuel Jesús Orellana Cid,CD Castellón,Real Valladolid CF,Iván Garriel,0,0,0,0,1,0,0,0,0,0,0,0,0,0,0
18,23 Aug 2025,,3rlujyx6gw80dk7wjopehx2xg,Andrés Fuentes Molina,AD Ceuta FC,Real Sporting de Gijón,A. Tuhami,0,0,0,0,0,4,0,0,60,0,0,0,0,1,0
18,23 Aug 2025,,3rlujyx6gw80dk7wjopehx2xg,Andrés Fuentes Molina,AD Ceuta FC,Real Sporting de Gijón,Juanto Ortuño,0,1,1,0,2,0,0,0,20,0,0,2,1,0,1
18,23 Aug 2025,,3rlujyx6gw80dk7wjopehx2xg,Andrés Fuentes Molina,AD Ceuta FC,Real Sporting de Gijón,Y. Bodiger,0,0,0,0,1,0,0,0,36,0,0,0,0,2,0
18,23 Aug 2025,,3rlujyx6gw80dk7wjopehx2xg,Andrés Fuentes Molina,AD Ceuta FC,Real Sporting de Gijón,Y. Lachhab,0,0,0,0,2,0,0,0,61,0,0,1,0,2,0
18,23 Aug 2025,,3rlujyx6gw80dk7wjopehx2xg,Andrés Fuentes Molina,AD Ceuta FC,Real Sporting de Gijón,Carlos Hernández,0,0,0,0,1,0,0,0,59,0,0,4,4,3,0
18,23 Aug 2025,,3rlujyx6gw80dk7wjopehx2xg,Andrés Fuentes Molina,AD Ceuta FC,Real Sporting de Gijón,Aisar,0,0,1,6,0,0,0,0,21,0,0,0,0,0,0
18,23 Aug 2025,,3rlujyx6gw80dk7wjopehx2xg,Andrés Fuentes Molina,AD Ceuta FC,Real Sporting de Gijón,José Matos,0,0,0,5,1,3,0,0,32,0,0,1,1,2,0
18,23 Aug 2025,,3rlujyx6gw80dk7wjopehx2xg,Andrés Fuentes Molina,AD Ceuta FC,Real Sporting de Gijón,Diego González,0,0,0,1,0,0,0,0,78,0,0,0,0,1,0
18,23 Aug 2025,,3rlujyx6gw80dk7wjopehx2xg,Andrés Fuentes Molina,AD Ceuta FC,Real Sporting de Gijón,Gonzalo Almenara,0,0,0,2,0,1,0,0,34,0,0,1,0,2,0
18,23 Aug 2025,,3rlujyx6gw80dk7wjopehx2xg,Andrés Fuentes Molina,AD Ceuta FC,Real Sporting de Gijón,Pedro López,0,0,0,0,0,0,0,0,40,0,3,0,0,0,0
18,23 Aug 2025,,3rlujyx6gw80dk7wjopehx2xg,Andrés Fuentes Molina,AD Ceuta FC,Real Sporting de Gijón,Kuki Zalazar,0,1,1,5,3,5,0,0,22,0,0,1,0,0,0
18,23 Aug 2025,,3rlujyx6gw80dk7wjopehx2xg,Andrés Fuentes Molina,AD Ceuta FC,Real Sporting de Gijón,E. Ugiagbe,0,1,1,4,0,2,0,0,13,0,0,1,0,0,0
18,23 Aug 2025,,3rlujyx6gw80dk7wjopehx2xg,Andrés Fuentes Molina,AD Ceuta FC,Real Sporting de Gijón,Cristian Rodríguez,0,0,0,3,0,0,0,0,11,0,0,0,0,1,0
18,23 Aug 2025,,3rlujyx6gw80dk7wjopehx2xg,Andrés Fuentes Molina,AD Ceuta FC,Real Sporting de Gijón,A. Bassinga,0,0,0,0,1,0,0,0,16,0,0,1,1,0,0
18,23 Aug 2025,,3rlujyx6gw80dk7wjopehx2xg,Andrés Fuentes Molina,AD Ceuta FC,Real Sporting de Gijón,Manu Vallejo,0,0,0,0,0,0,0,0,1,0,0,0,0,0,0
18,23 Aug 2025,,3rlujyx6gw80dk7wjopehx2xg,Andrés Fuentes Molina,AD Ceuta FC,Real Sporting de Gijón,César Gelabert,0,0,0,2,0,1,1,0,27,0,0,1,1,0,0
18,23 Aug 2025,,3rlujyx6gw80dk7wjopehx2xg,Andrés Fuentes Molina,AD Ceuta FC,Real Sporting de Gijón,L. Perrin,0,0,0,0,1,2,0,0,20,0,0,0,0,2,0
18,23 Aug 2025,,3rlujyx6gw80dk7wjopehx2xg,Andrés Fuentes Molina,AD Ceuta FC,Real Sporting de Gijón,Pablo Vázquez,0,0,0,0,0,1,0,0,27,0,0,0,0,1,0
18,23 Aug 2025,,3rlujyx6gw80dk7wjopehx2xg,Andrés Fuentes Molina,AD Ceuta FC,Real Sporting de Gijón,Gaspar Campos,0,0,0,1,2,1,0,1,29,0,0,1,0,2,0
18,23 Aug 2025,,3rlujyx6gw80dk7wjopehx2xg,Andrés Fuentes Molina,AD Ceuta FC,Real Sporting de Gijón,Guille Rosas,0,0,0,0,2,0,0,0,32,0,0,0,0,0,0
18,23 Aug 2025,,3rlujyx6gw80dk7wjopehx2xg,Andrés Fuentes Molina,AD Ceuta FC,Real Sporting de Gijón,Álex Corredera,0,0,0,0,1,1,0,0,30,0,0,0,0,2,0
18,23 Aug 2025,,3rlujyx6gw80dk7wjopehx2xg,Andrés Fuentes Molina,AD Ceuta FC,Real Sporting de Gijón,Jonathan Dubasin,0,0,1,1,1,1,0,0,31,0,0,0,0,5,0
18,23 Aug 2025,,3rlujyx6gw80dk7wjopehx2xg,Andrés Fuentes Molina,AD Ceuta FC,Real Sporting de Gijón,Nacho Martín,0,0,0,0,2,1,0,0,25,0,0,0,0,3,1
18,23 Aug 2025,,3rlujyx6gw80dk7wjopehx2xg,Andrés Fuentes Molina,AD Ceuta FC,Real Sporting de Gijón,Diego Sánchez,0,0,1,3,0,0,0,0,30,0,0,0,0,1,0
18,23 Aug 2025,,3rlujyx6gw80dk7wjopehx2xg,Andrés Fuentes Molina,AD Ceuta FC,Real Sporting de Gijón,J. Otero,1,1,0,0,2,1,0,2,20,0,0,2,1,0,0
18,23 Aug 2025,,3rlujyx6gw80dk7wjopehx2xg,Andrés Fuentes Molina,AD Ceuta FC,Real Sporting de Gijón,Rubén Yáñez,0,0,0,0,0,1,0,0,19,0,7,0,0,0,0
18,23 Aug 2025,,3rlujyx6gw80dk7wjopehx2xg,Andrés Fuentes Molina,AD Ceuta FC,Real Sporting de Gijón,Eric Curbelo,0,0,0,0,1,0,0,0,4,0,0,0,0,0,0
18,23 Aug 2025,,3rlujyx6gw80dk7wjopehx2xg,Andrés Fuentes Molina,AD Ceuta FC,Real Sporting de Gijón,J. Smith,0,0,0,0,0,1,0,1,1,0,0,1,1,0,0
18,23 Aug 2025,,3rlujyx6gw80dk7wjopehx2xg,Andrés Fuentes Molina,AD Ceuta FC,Real Sporting de Gijón,P. Mbemba,0,0,0,0,1,0,0,0,3,0,0,0,0,0,0
18,23 Aug 2025,,3rlujyx6gw80dk7wjopehx2xg,Andrés Fuentes Molina,AD Ceuta FC,Real Sporting de Gijón,A. Coundoul,0,1,1,0,1,0,0,0,1,0,0,2,1,0,1
18,23 Aug 2025,,3rlujyx6gw80dk7wjopehx2xg,Andrés Fuentes Molina,AD Ceuta FC,Real Sporting de Gijón,Enol Prendes,0,0,0,1,1,0,0,0,3,0,0,0,0,1,0
19,25 Aug 2025,,3rzah472yq1sk0lb29r3xlams,Alejandro Ojaos Valera,Córdoba FC,UD Las Palmas,Carlos Albarrán,0,0,0,1,2,1,0,0,30,0,0,0,0,2,1
19,25 Aug 2025,,3rzah472yq1sk0lb29r3xlams,Alejandro Ojaos Valera,Córdoba FC,UD Las Palmas,F. Fomeyem,0,0,0,0,4,1,0,0,50,0,0,0,0,2,1
19,25 Aug 2025,,3rzah472yq1sk0lb29r3xlams,Alejandro Ojaos Valera,Córdoba FC,UD Las Palmas,Jacobo González,0,0,1,4,1,0,0,0,22,0,0,3,2,1,0
19,25 Aug 2025,,3rzah472yq1sk0lb29r3xlams,Alejandro Ojaos Valera,Córdoba FC,UD Las Palmas,Ignasi Vilarrasa,0,1,0,7,0,0,0,0,35,0,0,1,0,4,0
19,25 Aug 2025,,3rzah472yq1sk0lb29r3xlams,Alejandro Ojaos Valera,Córdoba FC,UD Las Palmas,Sergi Guardiola,0,0,0,1,3,3,0,1,10,0,0,1,1,1,0
19,25 Aug 2025,,3rzah472yq1sk0lb29r3xlams,Alejandro Ojaos Valera,Córdoba FC,UD Las Palmas,Alberto del Moral,0,0,0,0,1,2,0,0,27,0,0,0,0,3,0
19,25 Aug 2025,,3rzah472yq1sk0lb29r3xlams,Alejandro Ojaos Valera,Córdoba FC,UD Las Palmas,Álex Martín,0,0,0,0,3,1,0,0,45,0,0,1,0,3,1
19,25 Aug 2025,,3rzah472yq1sk0lb29r3xlams,Alejandro Ojaos Valera,Córdoba FC,UD Las Palmas,Cristian Carracedo,0,0,1,5,0,0,0,0,27,0,0,2,1,2,0
19,25 Aug 2025,,3rzah472yq1sk0lb29r3xlams,Alejandro Ojaos Valera,Córdoba FC,UD Las Palmas,Dani Requena,0,0,0,1,3,1,0,1,28,0,0,0,0,0,0
19,25 Aug 2025,,3rzah472yq1sk0lb29r3xlams,Alejandro Ojaos Valera,Córdoba FC,UD Las Palmas,Carlos Marín,0,0,0,0,0,0,0,0,32,0,2,0,0,0,0
19,25 Aug 2025,,3rzah472yq1sk0lb29r3xlams,Alejandro Ojaos Valera,Córdoba FC,UD Las Palmas,Isma Ruiz,1,1,0,0,0,2,0,0,21,0,0,2,0,5,0
19,25 Aug 2025,,3rzah472yq1sk0lb29r3xlams,Alejandro Ojaos Valera,Córdoba FC,UD Las Palmas,Kevin Medina,0,0,1,1,1,2,0,0,6,0,0,1,0,0,0
19,25 Aug 2025,,3rzah472yq1sk0lb29r3xlams,Alejandro Ojaos Valera,Córdoba FC,UD Las Palmas,Fuentes,0,0,0,0,0,1,1,0,2,0,0,1,1,0,0
19,25 Aug 2025,,3rzah472yq1sk0lb29r3xlams,Alejandro Ojaos Valera,Córdoba FC,UD Las Palmas,T. Zidane,0,0,0,1,2,1,0,0,11,0,0,0,0,0,1
19,25 Aug 2025,,3rzah472yq1sk0lb29r3xlams,Alejandro Ojaos Valera,Córdoba FC,UD Las Palmas,Carlos Isaac,0,0,0,0,0,0,0,0,10,0,0,1,0,0,0
19,25 Aug 2025,,3rzah472yq1sk0lb29r3xlams,Alejandro Ojaos Valera,Córdoba FC,UD Las Palmas,N. Obolskiy,0,0,0,0,0,0,0,0,1,0,0,0,0,0,0
19,25 Aug 2025,,3rzah472yq1sk0lb29r3xlams,Alejandro Ojaos Valera,Córdoba FC,UD Las Palmas,Manu Fuster,1,0,0,3,1,0,0,0,23,0,0,1,1,3,0
19,25 Aug 2025,,3rzah472yq1sk0lb29r3xlams,Alejandro Ojaos Valera,Córdoba FC,UD Las Palmas,L. Amatucci,0,1,0,2,1,5,0,0,27,0,0,1,0,1,0
19,25 Aug 2025,,3rzah472yq1sk0lb29r3xlams,Alejandro Ojaos Valera,Córdoba FC,UD Las Palmas,E. Cedeño,0,0,0,0,2,0,0,0,13,0,0,0,0,0,0
19,25 Aug 2025,,3rzah472yq1sk0lb29r3xlams,Alejandro Ojaos Valera,Córdoba FC,UD Las Palmas,Sergio Barcia,0,0,0,0,3,1,0,0,17,0,0,1,0,1,0
19,25 Aug 2025,,3rzah472yq1sk0lb29r3xlams,Alejandro Ojaos Valera,Córdoba FC,UD Las Palmas,D. Horkaš,0,0,0,0,0,0,0,0,38,0,3,0,0,0,0
19,25 Aug 2025,,3rzah472yq1sk0lb29r3xlams,Alejandro Ojaos Valera,Córdoba FC,UD Las Palmas,Enrique Clemente,0,0,0,0,0,1,1,0,28,0,0,1,1,1,0
19,25 Aug 2025,,3rzah472yq1sk0lb29r3xlams,Alejandro Ojaos Valera,Córdoba FC,UD Las Palmas,Marvin Park,0,0,0,0,1,1,0,0,17,0,0,0,0,0,1
19,25 Aug 2025,,3rzah472yq1sk0lb29r3xlams,Alejandro Ojaos Valera,Córdoba FC,UD Las Palmas,Mika Mármol,0,0,0,0,3,0,0,0,28,0,0,0,0,2,0
19,25 Aug 2025,,3rzah472yq1sk0lb29r3xlams,Alejandro Ojaos Valera,Córdoba FC,UD Las Palmas,J. Recoba,0,1,1,0,0,3,0,0,20,0,0,2,0,1,0
19,25 Aug 2025,,3rzah472yq1sk0lb29r3xlams,Alejandro Ojaos Valera,Córdoba FC,UD Las Palmas,Ale García,0,0,0,0,1,2,1,1,13,0,0,4,1,1,0
19,25 Aug 2025,,3rzah472yq1sk0lb29r3xlams,Alejandro Ojaos Valera,Córdoba FC,UD Las Palmas,M. Luković,1,0,1,0,2,2,1,0,4,0,0,2,2,0,0
19,25 Aug 2025,,3rzah472yq1sk0lb29r3xlams,Alejandro Ojaos Valera,Córdoba FC,UD Las Palmas,E. Loiodice,0,0,0,0,2,1,0,0,15,0,0,0,0,3,0
19,25 Aug 2025,,3rzah472yq1sk0lb29r3xlams,Alejandro Ojaos Valera,Córdoba FC,UD Las Palmas,Cristian Gutiérrez,0,0,0,1,0,0,0,0,6,0,0,0,0,0,0
19,25 Aug 2025,,3rzah472yq1sk0lb29r3xlams,Alejandro Ojaos Valera,Córdoba FC,UD Las Palmas,Marc Cardona,0,0,0,0,0,3,0,2,9,0,0,0,0,0,0
19,25 Aug 2025,,3rzah472yq1sk0lb29r3xlams,Alejandro Ojaos Valera,Córdoba FC,UD Las Palmas,Álex Suárez,0,0,0,0,0,0,0,0,5,0,0,0,0,2,0
19,25 Aug 2025,,3rzah472yq1sk0lb29r3xlams,Alejandro Ojaos Valera,Córdoba FC,UD Las Palmas,Jonathan Viera,1,0,0,0,0,1,0,0,9,0,0,1,0,0,0
20,22 Aug 2025,,3scqvxyalsoz46ix32sai14b8,Carlos Muñiz Muñoz,SD Eibar,Granada CF,Anaitz Arbilla,0,0,0,0,1,0,1,0,34,0,0,1,1,2,1
20,22 Aug 2025,,3scqvxyalsoz46ix32sai14b8,Carlos Muñiz Muñoz,SD Eibar,Granada CF,Javi Martón,0,0,0,0,2,1,1,2,5,0,0,3,1,0,0
20,22 Aug 2025,,3scqvxyalsoz46ix32sai14b8,Carlos Muñiz Muñoz,SD Eibar,Granada CF,Peru Nolaskoain,0,0,0,0,3,0,0,0,40,0,0,0,0,0,0
20,22 Aug 2025,,3scqvxyalsoz46ix32sai14b8,Carlos Muñiz Muñoz,SD Eibar,Granada CF,Jon Magunazelaia,0,0,0,1,5,4,0,0,28,0,0,0,0,0,0
20,22 Aug 2025,,3scqvxyalsoz46ix32sai14b8,Carlos Muñiz Muñoz,SD Eibar,Granada CF,Aleix Garrido,1,0,0,6,3,1,0,1,56,0,0,2,0,2,0
20,22 Aug 2025,,3scqvxyalsoz46ix32sai14b8,Carlos Muñiz Muñoz,SD Eibar,Granada CF,José Corpas,1,0,3,7,2,2,0,0,16,0,0,3,1,1,1
20,22 Aug 2025,,3scqvxyalsoz46ix32sai14b8,Carlos Muñiz Muñoz,SD Eibar,Granada CF,Sergio Cubero,0,1,2,2,0,0,0,1,40,0,0,1,0,1,0
20,22 Aug 2025,,3scqvxyalsoz46ix32sai14b8,Carlos Muñiz Muñoz,SD Eibar,Granada CF,Marco Moreno,0,1,0,0,1,1,0,0,60,0,0,1,0,0,0
20,22 Aug 2025,,3scqvxyalsoz46ix32sai14b8,Carlos Muñiz Muñoz,SD Eibar,Granada CF,Jon Guruzeta,1,0,0,2,2,1,0,0,21,0,0,2,1,1,0
20,22 Aug 2025,,3scqvxyalsoz46ix32sai14b8,Carlos Muñiz Muñoz,SD Eibar,Granada CF,Jonmi Magunagoitia,0,0,0,0,0,0,0,0,34,0,0,0,0,0,0
20,22 Aug 2025,,3scqvxyalsoz46ix32sai14b8,Carlos Muñiz Muñoz,SD Eibar,Granada CF,Leonardo Buta,0,0,0,1,1,1,0,0,25,0,0,0,0,2,0
20,22 Aug 2025,,3scqvxyalsoz46ix32sai14b8,Carlos Muñiz Muñoz,SD Eibar,Granada CF,Álvaro Rodríguez,0,0,0,1,1,0,1,0,7,0,0,1,1,0,0
20,22 Aug 2025,,3scqvxyalsoz46ix32sai14b8,Carlos Muñiz Muñoz,SD Eibar,Granada CF,Javi Martínez,0,0,0,0,0,0,0,0,5,0,0,1,0,1,0
20,22 Aug 2025,,3scqvxyalsoz46ix32sai14b8,Carlos Muñiz Muñoz,SD Eibar,Granada CF,Aritz Arambarri,0,0,0,0,1,0,0,0,28,0,0,0,0,0,0
20,22 Aug 2025,,3scqvxyalsoz46ix32sai14b8,Carlos Muñiz Muñoz,SD Eibar,Granada CF,Sergio Álvarez,0,0,0,0,0,1,0,0,27,0,0,0,0,0,0
20,22 Aug 2025,,3scqvxyalsoz46ix32sai14b8,Carlos Muñiz Muñoz,SD Eibar,Granada CF,Adu Ares,0,0,1,0,1,1,0,1,8,0,0,1,1,0,0
20,22 Aug 2025,,3scqvxyalsoz46ix32sai14b8,Carlos Muñiz Muñoz,SD Eibar,Granada CF,Sergio Ruiz,0,0,0,0,2,8,0,0,55,0,0,0,0,4,0
20,22 Aug 2025,,3scqvxyalsoz46ix32sai14b8,Carlos Muñiz Muñoz,SD Eibar,Granada CF,M. Hongla,0,0,0,0,0,2,0,0,71,0,0,0,0,2,0
20,22 Aug 2025,,3scqvxyalsoz46ix32sai14b8,Carlos Muñiz Muñoz,SD Eibar,Granada CF,Manu Trigueros,0,0,0,0,1,1,0,0,39,0,0,0,0,2,0
20,22 Aug 2025,,3scqvxyalsoz46ix32sai14b8,Carlos Muñiz Muñoz,SD Eibar,Granada CF,L. Zidane,0,0,0,0,0,0,0,0,81,0,3,0,0,0,0
20,22 Aug 2025,,3scqvxyalsoz46ix32sai14b8,Carlos Muñiz Muñoz,SD Eibar,Granada CF,Loïc Williams,0,0,0,0,5,2,0,0,62,1,0,0,0,0,2
20,22 Aug 2025,,3scqvxyalsoz46ix32sai14b8,Carlos Muñiz Muñoz,SD Eibar,Granada CF,Pere Haro,0,0,0,1,1,2,0,0,26,0,0,1,0,5,0
20,22 Aug 2025,,3scqvxyalsoz46ix32sai14b8,Carlos Muñiz Muñoz,SD Eibar,Granada CF,S. Faye,0,0,2,1,0,3,0,0,18,0,0,0,0,0,0
20,22 Aug 2025,,3scqvxyalsoz46ix32sai14b8,Carlos Muñiz Muñoz,SD Eibar,Granada CF,Stoichkov,0,1,0,0,1,1,0,0,23,0,0,1,0,2,0
20,22 Aug 2025,,3scqvxyalsoz46ix32sai14b8,Carlos Muñiz Muñoz,SD Eibar,Granada CF,José Arnáiz,0,1,0,4,0,1,0,0,24,0,0,1,0,1,0
20,22 Aug 2025,,3scqvxyalsoz46ix32sai14b8,Carlos Muñiz Muñoz,SD Eibar,Granada CF,Pablo Sáenz,0,0,1,2,0,0,0,0,14,0,0,0,0,0,0
20,22 Aug 2025,,3scqvxyalsoz46ix32sai14b8,Carlos Muñiz Muñoz,SD Eibar,Granada CF,O. Oppong,0,0,0,0,1,1,0,0,14,0,0,0,0,0,1
20,22 Aug 2025,,3scqvxyalsoz46ix32sai14b8,Carlos Muñiz Muñoz,SD Eibar,Granada CF,Jorge Pascual,0,0,0,1,0,1,0,0,8,0,0,0,0,0,0
20,22 Aug 2025,,3scqvxyalsoz46ix32sai14b8,Carlos Muñiz Muñoz,SD Eibar,Granada CF,Pau Casadesús,0,0,0,0,2,0,0,0,15,0,0,0,0,2,0
20,22 Aug 2025,,3scqvxyalsoz46ix32sai14b8,Carlos Muñiz Muñoz,SD Eibar,Granada CF,Diego Hormigo,0,0,0,0,1,0,0,0,26,0,0,0,0,0,1
20,22 Aug 2025,,3scqvxyalsoz46ix32sai14b8,Carlos Muñiz Muñoz,SD Eibar,Granada CF,D. Moubeke,0,0,0,0,2,0,0,0,9,0,0,0,0,0,0
20,22 Aug 2025,,3scqvxyalsoz46ix32sai14b8,Carlos Muñiz Muñoz,SD Eibar,Granada CF,Pedro Alemañ,0,0,0,0,0,1,0,0,4,0,0,0,0,0,0
21,24 Aug 2025,,3sqbzq88vnpdz3bnq7myvy8es,Alonso de Ena Wolf,Málaga CF,Real Sociedad de Fútbol,Dani Lorenzo,0,0,0,0,0,0,0,0,12,0,0,1,0,1,0
21,24 Aug 2025,,3sqbzq88vnpdz3bnq7myvy8es,Alonso de Ena Wolf,Málaga CF,Real Sociedad de Fútbol,Alfonso Herrero,0,0,0,0,0,0,0,0,24,0,4,0,0,0,0
21,24 Aug 2025,,3sqbzq88vnpdz3bnq7myvy8es,Alonso de Ena Wolf,Málaga CF,Real Sociedad de Fútbol,Izan Merino,0,0,0,0,1,2,0,0,29,0,0,0,0,0,1
21,24 Aug 2025,,3sqbzq88vnpdz3bnq7myvy8es,Alonso de Ena Wolf,Málaga CF,Real Sociedad de Fútbol,Víctor García,0,0,0,5,0,0,0,0,51,0,0,0,0,2,0
21,24 Aug 2025,,3sqbzq88vnpdz3bnq7myvy8es,Alonso de Ena Wolf,Málaga CF,Real Sociedad de Fútbol,Carlos Dotor,0,0,0,4,3,2,0,0,39,0,0,1,0,2,0
21,24 Aug 2025,,3sqbzq88vnpdz3bnq7myvy8es,Alonso de Ena Wolf,Málaga CF,Real Sociedad de Fútbol,Álex Pastor,0,0,0,1,2,5,0,0,94,0,0,1,1,3,0
21,24 Aug 2025,,3sqbzq88vnpdz3bnq7myvy8es,Alonso de Ena Wolf,Málaga CF,Real Sociedad de Fútbol,Carlos Puga,0,0,0,4,3,2,0,0,37,0,0,1,0,2,0
21,24 Aug 2025,,3sqbzq88vnpdz3bnq7myvy8es,Alonso de Ena Wolf,Málaga CF,Real Sociedad de Fútbol,Javi Montero,0,0,0,0,0,1,0,0,86,0,0,0,0,1,0
21,24 Aug 2025,,3sqbzq88vnpdz3bnq7myvy8es,Alonso de Ena Wolf,Málaga CF,Real Sociedad de Fútbol,Adrián Niño,0,0,0,0,0,0,0,0,8,0,0,2,0,1,0
21,24 Aug 2025,,3sqbzq88vnpdz3bnq7myvy8es,Alonso de Ena Wolf,Málaga CF,Real Sociedad de Fútbol,David Larrubia,0,0,2,4,2,2,0,0,35,0,0,4,1,2,1
21,24 Aug 2025,,3sqbzq88vnpdz3bnq7myvy8es,Alonso de Ena Wolf,Málaga CF,Real Sociedad de Fútbol,Joaquín Muñoz,0,1,2,4,0,0,0,0,30,0,0,3,1,1,0
21,24 Aug 2025,,3sqbzq88vnpdz3bnq7myvy8es,Alonso de Ena Wolf,Málaga CF,Real Sociedad de Fútbol,Chupe,0,0,0,1,1,0,0,0,5,0,0,1,0,0,0
21,24 Aug 2025,,3sqbzq88vnpdz3bnq7myvy8es,Alonso de Ena Wolf,Málaga CF,Real Sociedad de Fútbol,Julen Lobete,0,2,1,0,0,0,0,0,8,0,0,4,1,0,0
21,24 Aug 2025,,3sqbzq88vnpdz3bnq7myvy8es,Alonso de Ena Wolf,Málaga CF,Real Sociedad de Fútbol,Juanpe,0,0,1,0,0,0,0,0,25,0,0,2,0,1,0
21,24 Aug 2025,,3sqbzq88vnpdz3bnq7myvy8es,Alonso de Ena Wolf,Málaga CF,Real Sociedad de Fútbol,A. Ochoa,0,0,0,1,0,1,0,0,15,0,0,0,0,0,0
21,24 Aug 2025,,3sqbzq88vnpdz3bnq7myvy8es,Alonso de Ena Wolf,Málaga CF,Real Sociedad de Fútbol,Rafa Rodríguez,0,0,0,0,0,0,1,0,4,0,0,1,1,0,0
21,24 Aug 2025,,3sqbzq88vnpdz3bnq7myvy8es,Alonso de Ena Wolf,Málaga CF,Real Sociedad de Fútbol,Tomás Carbonell,0,0,0,0,2,0,0,0,28,0,0,0,0,2,0
21,24 Aug 2025,,3sqbzq88vnpdz3bnq7myvy8es,Alonso de Ena Wolf,Málaga CF,Real Sociedad de Fútbol,J. Ochieng,0,0,0,1,1,0,0,0,9,0,0,2,1,0,0
21,24 Aug 2025,,3sqbzq88vnpdz3bnq7myvy8es,Alonso de Ena Wolf,Málaga CF,Real Sociedad de Fútbol,Alberto Dadie,0,1,1,2,0,2,0,0,33,0,0,2,0,3,0
21,24 Aug 2025,,3sqbzq88vnpdz3bnq7myvy8es,Alonso de Ena Wolf,Málaga CF,Real Sociedad de Fútbol,Gorka Gorosabel,0,0,1,0,2,1,0,1,25,0,0,2,2,3,0
21,24 Aug 2025,,3sqbzq88vnpdz3bnq7myvy8es,Alonso de Ena Wolf,Málaga CF,Real Sociedad de Fútbol,Luken Beitia,0,0,0,0,0,0,0,0,45,0,0,0,0,1,0
21,24 Aug 2025,,3sqbzq88vnpdz3bnq7myvy8es,Alonso de Ena Wolf,Málaga CF,Real Sociedad de Fútbol,Peru Rodríguez,0,0,0,0,0,0,0,0,44,0,0,0,0,2,0
21,24 Aug 2025,,3sqbzq88vnpdz3bnq7myvy8es,Alonso de Ena Wolf,Málaga CF,Real Sociedad de Fútbol,Unax Agote,0,0,0,2,0,1,0,0,38,0,0,0,0,6,0
21,24 Aug 2025,,3sqbzq88vnpdz3bnq7myvy8es,Alonso de Ena Wolf,Málaga CF,Real Sociedad de Fútbol,Mikel Rodríguez,0,0,0,1,2,3,0,0,42,0,0,1,0,2,0
21,24 Aug 2025,,3sqbzq88vnpdz3bnq7myvy8es,Alonso de Ena Wolf,Málaga CF,Real Sociedad de Fútbol,Ekain Orobengoa,0,2,0,1,2,2,0,0,23,0,0,3,1,2,0
21,24 Aug 2025,,3sqbzq88vnpdz3bnq7myvy8es,Alonso de Ena Wolf,Málaga CF,Real Sociedad de Fútbol,Aitor Fraga,0,0,0,0,0,0,0,0,29,0,4,0,0,0,0
21,24 Aug 2025,,3sqbzq88vnpdz3bnq7myvy8es,Alonso de Ena Wolf,Málaga CF,Real Sociedad de Fútbol,Arkaitz Mariezkurrena,0,0,0,0,3,2,0,0,15,0,0,0,0,0,0
21,24 Aug 2025,,3sqbzq88vnpdz3bnq7myvy8es,Alonso de Ena Wolf,Málaga CF,Real Sociedad de Fútbol,Dani Díaz,0,0,0,3,0,0,0,0,8,0,0,0,0,2,0
21,24 Aug 2025,,3sqbzq88vnpdz3bnq7myvy8es,Alonso de Ena Wolf,Málaga CF,Real Sociedad de Fútbol,Gorka Carrera,0,0,0,0,2,0,0,0,5,0,0,0,0,1,1
21,24 Aug 2025,,3sqbzq88vnpdz3bnq7myvy8es,Alonso de Ena Wolf,Málaga CF,Real Sociedad de Fútbol,A. Lebarbier,0,0,0,0,0,0,0,0,2,0,0,0,0,0,0
21,24 Aug 2025,,3sqbzq88vnpdz3bnq7myvy8es,Alonso de Ena Wolf,Málaga CF,Real Sociedad de Fútbol,Jon Garro,0,0,0,1,1,1,0,0,12,0,0,0,0,0,1
21,24 Aug 2025,,3sqbzq88vnpdz3bnq7myvy8es,Alonso de Ena Wolf,Málaga CF,Real Sociedad de Fútbol,Lander Astiazarán,0,0,0,0,0,0,0,0,0,0,0,0,0,1,0
64,22 Sep 2025,,4968erqem7ivlqkpiy8kb026s,Rafael Sánchez López,Burgos CF,Granada CF,Ander Cantero,0,0,0,0,0,0,0,0,19,0,1,0,0,0,0
64,22 Sep 2025,,4968erqem7ivlqkpiy8kb026s,Rafael Sánchez López,Burgos CF,Granada CF,Grego Sierra,0,0,0,0,0,0,1,0,56,0,0,3,1,1,0
64,22 Sep 2025,,4968erqem7ivlqkpiy8kb026s,Rafael Sánchez López,Burgos CF,Granada CF,Aitor Córdoba,0,0,1,0,0,1,0,0,50,0,0,0,0,1,0
64,22 Sep 2025,,4968erqem7ivlqkpiy8kb026s,Rafael Sánchez López,Burgos CF,Granada CF,David González,0,0,0,6,0,0,0,0,29,0,0,1,0,2,0
64,22 Sep 2025,,4968erqem7ivlqkpiy8kb026s,Rafael Sánchez López,Burgos CF,Granada CF,Miguel Atienza,0,0,0,0,2,0,0,0,49,0,0,1,0,5,0
64,22 Sep 2025,,4968erqem7ivlqkpiy8kb026s,Rafael Sánchez López,Burgos CF,Granada CF,Álex Lizancos,0,1,0,4,0,1,0,0,38,0,0,2,0,5,0
64,22 Sep 2025,,4968erqem7ivlqkpiy8kb026s,Rafael Sánchez López,Burgos CF,Granada CF,K. Appin,0,0,1,1,2,1,0,0,21,0,0,0,0,3,0
64,22 Sep 2025,,4968erqem7ivlqkpiy8kb026s,Rafael Sánchez López,Burgos CF,Granada CF,F. Miguel,0,0,1,4,0,1,0,0,35,0,0,0,0,4,0
64,22 Sep 2025,,4968erqem7ivlqkpiy8kb026s,Rafael Sánchez López,Burgos CF,Granada CF,Iván Morante,0,2,0,1,1,1,0,0,58,0,0,3,1,2,0
64,22 Sep 2025,,4968erqem7ivlqkpiy8kb026s,Rafael Sánchez López,Burgos CF,Granada CF,Fer Niño,0,1,1,0,1,2,0,0,17,0,0,2,0,2,0
64,22 Sep 2025,,4968erqem7ivlqkpiy8kb026s,Rafael Sánchez López,Burgos CF,Granada CF,M. Mejía,0,1,1,1,1,2,0,0,14,0,0,2,1,1,0
64,22 Sep 2025,,4968erqem7ivlqkpiy8kb026s,Rafael Sánchez López,Burgos CF,Granada CF,Fermín García,1,0,0,5,2,0,0,0,10,0,0,0,0,0,1
64,22 Sep 2025,,4968erqem7ivlqkpiy8kb026s,Rafael Sánchez López,Burgos CF,Granada CF,Iñigo Córdoba,0,0,0,1,0,0,0,0,9,0,0,1,0,0,0
64,22 Sep 2025,,4968erqem7ivlqkpiy8kb026s,Rafael Sánchez López,Burgos CF,Granada CF,Mario González,0,1,1,0,0,0,0,0,3,0,0,1,0,0,0
64,22 Sep 2025,,4968erqem7ivlqkpiy8kb026s,Rafael Sánchez López,Burgos CF,Granada CF,Mario Cantero,0,0,0,0,0,0,0,0,4,0,0,0,0,0,0
64,22 Sep 2025,,4968erqem7ivlqkpiy8kb026s,Rafael Sánchez López,Burgos CF,Granada CF,Pedro Alemañ,0,0,0,1,2,1,0,0,27,0,0,1,0,4,0
64,22 Sep 2025,,4968erqem7ivlqkpiy8kb026s,Rafael Sánchez López,Burgos CF,Granada CF,Manu Lama,0,0,0,0,1,0,0,0,57,0,0,0,0,2,0
64,22 Sep 2025,,4968erqem7ivlqkpiy8kb026s,Rafael Sánchez López,Burgos CF,Granada CF,Pau Casadesús,0,0,0,0,1,0,0,0,20,0,0,0,0,4,0
64,22 Sep 2025,,4968erqem7ivlqkpiy8kb026s,Rafael Sánchez López,Burgos CF,Granada CF,Álex Sola,0,0,0,1,1,2,1,0,19,0,0,2,1,2,1
64,22 Sep 2025,,4968erqem7ivlqkpiy8kb026s,Rafael Sánchez López,Burgos CF,Granada CF,L. Zidane,0,0,0,0,1,0,0,0,39,0,2,0,0,0,0
64,22 Sep 2025,,4968erqem7ivlqkpiy8kb026s,Rafael Sánchez López,Burgos CF,Granada CF,Rubén Alcaraz,0,0,0,3,1,1,0,0,53,0,0,0,0,2,0
64,22 Sep 2025,,4968erqem7ivlqkpiy8kb026s,Rafael Sánchez López,Burgos CF,Granada CF,Diego Hormigo,0,0,0,1,2,0,0,0,18,0,0,1,0,0,0
64,22 Sep 2025,,4968erqem7ivlqkpiy8kb026s,Rafael Sánchez López,Burgos CF,Granada CF,M. Hongla,0,1,1,0,1,0,0,0,18,0,0,1,0,0,1
64,22 Sep 2025,,4968erqem7ivlqkpiy8kb026s,Rafael Sánchez López,Burgos CF,Granada CF,O. Oppong,0,0,0,0,0,1,0,0,37,0,0,0,0,1,1
64,22 Sep 2025,,4968erqem7ivlqkpiy8kb026s,Rafael Sánchez López,Burgos CF,Granada CF,S. Faye,1,0,0,4,0,1,0,0,26,0,0,1,1,1,0
64,22 Sep 2025,,4968erqem7ivlqkpiy8kb026s,Rafael Sánchez López,Burgos CF,Granada CF,Jorge Pascual,0,0,0,0,1,1,0,0,14,0,0,0,0,1,0
64,22 Sep 2025,,4968erqem7ivlqkpiy8kb026s,Rafael Sánchez López,Burgos CF,Granada CF,L. Gagnidze,0,0,0,0,0,1,0,0,6,0,0,1,0,0,0
64,22 Sep 2025,,4968erqem7ivlqkpiy8kb026s,Rafael Sánchez López,Burgos CF,Granada CF,B. Diallo,0,0,0,3,1,1,0,0,10,0,0,0,0,0,0
64,22 Sep 2025,,4968erqem7ivlqkpiy8kb026s,Rafael Sánchez López,Burgos CF,Granada CF,Pablo Sáenz,0,0,0,0,1,0,0,0,2,0,0,0,0,0,0
64,22 Sep 2025,,4968erqem7ivlqkpiy8kb026s,Rafael Sánchez López,Burgos CF,Granada CF,Manu Trigueros,0,0,0,0,0,0,0,0,2,0,0,0,0,0,0
64,22 Sep 2025,,4968erqem7ivlqkpiy8kb026s,Rafael Sánchez López,Burgos CF,Granada CF,Loïc Williams Ntambue Kayumba Gironés,0,0,0,0,0,0,0,0,0,0,0,0,0,0,0
65,21 Sep 2025,,49jzzx7r65y89f4a6vldlcw0k,Alejandro Ojaos Valera,AD Ceuta FC,Real Zaragoza,Diego González,0,0,0,0,0,1,0,0,37,0,0,0,0,2,0
65,21 Sep 2025,,49jzzx7r65y89f4a6vldlcw0k,Alejandro Ojaos Valera,AD Ceuta FC,Real Zaragoza,José Matos,1,0,1,5,1,3,0,0,32,0,0,1,0,2,0
65,21 Sep 2025,,49jzzx7r65y89f4a6vldlcw0k,Alejandro Ojaos Valera,AD Ceuta FC,Real Zaragoza,Y. Lachhab,0,0,0,2,1,0,0,0,44,0,0,0,0,0,1
65,21 Sep 2025,,49jzzx7r65y89f4a6vldlcw0k,Alejandro Ojaos Valera,AD Ceuta FC,Real Zaragoza,Rubén Díez,0,0,0,5,1,1,0,0,44,0,0,1,0,1,0
65,21 Sep 2025,,49jzzx7r65y89f4a6vldlcw0k,Alejandro Ojaos Valera,AD Ceuta FC,Real Zaragoza,K. Koné,0,0,3,3,3,1,0,1,31,0,0,1,1,1,1
65,21 Sep 2025,,49jzzx7r65y89f4a6vldlcw0k,Alejandro Ojaos Valera,AD Ceuta FC,Real Zaragoza,Aisar,0,0,1,4,1,0,0,0,18,0,0,0,0,1,0
65,21 Sep 2025,,49jzzx7r65y89f4a6vldlcw0k,Alejandro Ojaos Valera,AD Ceuta FC,Real Zaragoza,Gonzalo Almenara,0,0,0,1,0,0,0,0,29,0,0,1,0,1,0
65,21 Sep 2025,,49jzzx7r65y89f4a6vldlcw0k,Alejandro Ojaos Valera,AD Ceuta FC,Real Zaragoza,Kuki Zalazar,0,1,1,3,2,1,0,1,21,0,0,2,1,1,1
65,21 Sep 2025,,49jzzx7r65y89f4a6vldlcw0k,Alejandro Ojaos Valera,AD Ceuta FC,Real Zaragoza,Carlos Hernández,0,0,0,0,1,1,0,0,35,0,0,0,0,2,1
65,21 Sep 2025,,49jzzx7r65y89f4a6vldlcw0k,Alejandro Ojaos Valera,AD Ceuta FC,Real Zaragoza,Marcos Fernández,0,0,0,0,5,1,1,0,15,0,0,1,1,1,1
65,21 Sep 2025,,49jzzx7r65y89f4a6vldlcw0k,Alejandro Ojaos Valera,AD Ceuta FC,Real Zaragoza,Guille Vallejo,0,0,0,0,0,0,0,0,27,0,3,0,0,0,0
65,21 Sep 2025,,49jzzx7r65y89f4a6vldlcw0k,Alejandro Ojaos Valera,AD Ceuta FC,Real Zaragoza,Y. Bodiger,0,0,0,0,2,0,0,0,4,0,0,0,0,1,0
65,21 Sep 2025,,49jzzx7r65y89f4a6vldlcw0k,Alejandro Ojaos Valera,AD Ceuta FC,Real Zaragoza,A. Tuhami,0,0,0,0,1,1,0,0,2,0,0,0,0,0,0
65,21 Sep 2025,,49jzzx7r65y89f4a6vldlcw0k,Alejandro Ojaos Valera,AD Ceuta FC,Real Zaragoza,Salvi Sánchez,0,0,0,0,0,0,0,0,2,0,0,0,0,0,0
65,21 Sep 2025,,49jzzx7r65y89f4a6vldlcw0k,Alejandro Ojaos Valera,AD Ceuta FC,Real Zaragoza,Cristian Rodríguez,0,0,0,0,0,0,0,0,3,0,0,0,0,0,0
65,21 Sep 2025,,49jzzx7r65y89f4a6vldlcw0k,Alejandro Ojaos Valera,AD Ceuta FC,Real Zaragoza,Capa,0,0,0,0,0,0,0,0,1,0,0,0,0,0,0
65,21 Sep 2025,,49jzzx7r65y89f4a6vldlcw0k,Alejandro Ojaos Valera,AD Ceuta FC,Real Zaragoza,Dani Gómez,0,0,1,0,2,2,0,2,8,0,0,1,0,0,0
65,21 Sep 2025,,49jzzx7r65y89f4a6vldlcw0k,Alejandro Ojaos Valera,AD Ceuta FC,Real Zaragoza,A. Radovanović,0,0,0,0,0,1,0,0,27,0,0,0,0,1,0
65,21 Sep 2025,,49jzzx7r65y89f4a6vldlcw0k,Alejandro Ojaos Valera,AD Ceuta FC,Real Zaragoza,K. Kodro,0,0,0,0,0,0,0,0,11,0,0,0,0,0,0
65,21 Sep 2025,,49jzzx7r65y89f4a6vldlcw0k,Alejandro Ojaos Valera,AD Ceuta FC,Real Zaragoza,K. Bare,0,0,0,0,1,2,0,0,31,0,0,1,0,2,0
65,21 Sep 2025,,49jzzx7r65y89f4a6vldlcw0k,Alejandro Ojaos Valera,AD Ceuta FC,Real Zaragoza,Paulino de la Fuente,0,0,1,1,2,3,0,0,21,0,0,2,1,4,1
65,21 Sep 2025,,49jzzx7r65y89f4a6vldlcw0k,Alejandro Ojaos Valera,AD Ceuta FC,Real Zaragoza,Yussif Saidu,0,0,0,0,0,1,0,0,34,0,0,0,0,3,0
65,21 Sep 2025,,49jzzx7r65y89f4a6vldlcw0k,Alejandro Ojaos Valera,AD Ceuta FC,Real Zaragoza,A. Rodríguez,0,0,0,0,0,0,0,0,17,0,2,0,0,0,0
65,21 Sep 2025,,49jzzx7r65y89f4a6vldlcw0k,Alejandro Ojaos Valera,AD Ceuta FC,Real Zaragoza,Sebas Moyano,0,1,2,6,0,2,0,0,22,0,0,3,1,1,0
65,21 Sep 2025,,49jzzx7r65y89f4a6vldlcw0k,Alejandro Ojaos Valera,AD Ceuta FC,Real Zaragoza,P. Akouokou,0,0,0,0,1,3,0,0,44,0,0,1,0,2,0
65,21 Sep 2025,,49jzzx7r65y89f4a6vldlcw0k,Alejandro Ojaos Valera,AD Ceuta FC,Real Zaragoza,Juan Sebastián,0,0,0,0,1,0,0,0,7,0,0,0,0,3,1
65,21 Sep 2025,,49jzzx7r65y89f4a6vldlcw0k,Alejandro Ojaos Valera,AD Ceuta FC,Real Zaragoza,Dani Tasende,0,1,0,3,1,2,0,0,20,0,0,2,1,0,0
65,21 Sep 2025,,49jzzx7r65y89f4a6vldlcw0k,Alejandro Ojaos Valera,AD Ceuta FC,Real Zaragoza,Francho Serrano,0,0,0,3,0,0,0,0,26,0,0,0,0,3,0
65,21 Sep 2025,,49jzzx7r65y89f4a6vldlcw0k,Alejandro Ojaos Valera,AD Ceuta FC,Real Zaragoza,S. Baždar,0,0,0,0,1,1,0,0,7,0,0,0,0,1,0
65,21 Sep 2025,,49jzzx7r65y89f4a6vldlcw0k,Alejandro Ojaos Valera,AD Ceuta FC,Real Zaragoza,Pau Sans,0,1,1,0,1,0,0,2,5,0,0,2,0,0,0
65,21 Sep 2025,,49jzzx7r65y89f4a6vldlcw0k,Alejandro Ojaos Valera,AD Ceuta FC,Real Zaragoza,Valery,0,0,0,0,0,1,0,0,6,0,0,0,0,0,0
65,21 Sep 2025,,49jzzx7r65y89f4a6vldlcw0k,Alejandro Ojaos Valera,AD Ceuta FC,Real Zaragoza,Toni Moya,0,0,0,3,0,0,0,0,10,0,0,0,0,0,0
66,21 Sep 2025,,49xruw90gtl38kurfmpdo4mc4,Carlos Muñiz Muñoz,Córdoba FC,Real Racing Club,Sergi Guardiola,0,0,2,1,0,1,0,4,18,0,0,4,1,1,0
66,21 Sep 2025,,49xruw90gtl38kurfmpdo4mc4,Carlos Muñiz Muñoz,Córdoba FC,Real Racing Club,Pedro Ortiz,0,1,1,0,1,0,0,1,22,0,0,1,0,8,0
66,21 Sep 2025,,49xruw90gtl38kurfmpdo4mc4,Carlos Muñiz Muñoz,Córdoba FC,Real Racing Club,Isma Ruiz,0,1,0,0,0,3,0,0,52,0,0,1,0,2,0
66,21 Sep 2025,,49xruw90gtl38kurfmpdo4mc4,Carlos Muñiz Muñoz,Córdoba FC,Real Racing Club,Xavi Sintes,0,0,0,0,0,0,0,0,31,0,0,0,0,1,0
66,21 Sep 2025,,49xruw90gtl38kurfmpdo4mc4,Carlos Muñiz Muñoz,Córdoba FC,Real Racing Club,F. Fomeyem,0,0,0,0,0,0,0,1,70,0,0,2,0,3,0
66,21 Sep 2025,,49xruw90gtl38kurfmpdo4mc4,Carlos Muñiz Muñoz,Córdoba FC,Real Racing Club,Iker Álvarez,0,0,0,0,0,0,0,0,41,0,3,0,0,0,0
66,21 Sep 2025,,49xruw90gtl38kurfmpdo4mc4,Carlos Muñiz Muñoz,Córdoba FC,Real Racing Club,Jacobo González,0,2,2,3,3,1,0,1,32,1,0,6,1,2,2
66,21 Sep 2025,,49xruw90gtl38kurfmpdo4mc4,Carlos Muñiz Muñoz,Córdoba FC,Real Racing Club,Ignasi Vilarrasa,0,0,3,7,1,0,1,0,50,0,0,2,2,0,0
66,21 Sep 2025,,49xruw90gtl38kurfmpdo4mc4,Carlos Muñiz Muñoz,Córdoba FC,Real Racing Club,Kevin Medina,0,0,0,5,1,2,0,0,12,0,0,1,0,1,0
66,21 Sep 2025,,49xruw90gtl38kurfmpdo4mc4,Carlos Muñiz Muñoz,Córdoba FC,Real Racing Club,Cristian Carracedo,1,0,3,8,1,1,1,1,46,0,0,2,1,5,0
66,21 Sep 2025,,49xruw90gtl38kurfmpdo4mc4,Carlos Muñiz Muñoz,Córdoba FC,Real Racing Club,Carlos Isaac,0,1,0,3,1,1,0,1,40,0,0,2,0,0,0
66,21 Sep 2025,,49xruw90gtl38kurfmpdo4mc4,Carlos Muñiz Muñoz,Córdoba FC,Real Racing Club,Rubén Alves,0,0,0,1,0,2,0,0,13,0,0,0,0,0,0
66,21 Sep 2025,,49xruw90gtl38kurfmpdo4mc4,Carlos Muñiz Muñoz,Córdoba FC,Real Racing Club,T. Zidane,0,2,0,0,0,2,0,0,17,0,0,3,0,2,0
66,21 Sep 2025,,49xruw90gtl38kurfmpdo4mc4,Carlos Muñiz Muñoz,Córdoba FC,Real Racing Club,Fuentes,0,0,0,0,0,1,0,0,2,0,0,0,0,0,0
66,21 Sep 2025,,49xruw90gtl38kurfmpdo4mc4,Carlos Muñiz Muñoz,Córdoba FC,Real Racing Club,Dani Requena,0,0,1,1,0,0,0,0,7,0,0,0,0,0,0
66,21 Sep 2025,,49xruw90gtl38kurfmpdo4mc4,Carlos Muñiz Muñoz,Córdoba FC,Real Racing Club,Javi Castro,0,0,0,0,2,1,0,0,12,0,0,0,0,1,0
66,21 Sep 2025,,49xruw90gtl38kurfmpdo4mc4,Carlos Muñiz Muñoz,Córdoba FC,Real Racing Club,Manu Hernando,0,0,0,0,2,0,0,0,15,0,0,0,0,1,1
66,21 Sep 2025,,49xruw90gtl38kurfmpdo4mc4,Carlos Muñiz Muñoz,Córdoba FC,Real Racing Club,Álvaro Mantilla,0,0,1,1,3,1,0,0,19,0,0,1,1,0,1
66,21 Sep 2025,,49xruw90gtl38kurfmpdo4mc4,Carlos Muñiz Muñoz,Córdoba FC,Real Racing Club,Aritz Aldasoro,0,0,0,0,2,0,0,0,36,0,0,0,0,3,0
66,21 Sep 2025,,49xruw90gtl38kurfmpdo4mc4,Carlos Muñiz Muñoz,Córdoba FC,Real Racing Club,Andrés Martín,1,0,0,1,2,1,1,1,22,0,0,2,2,2,0
66,21 Sep 2025,,49xruw90gtl38kurfmpdo4mc4,Carlos Muñiz Muñoz,Córdoba FC,Real Racing Club,G. Puerta,0,0,0,0,0,0,0,1,4,0,0,0,0,1,0
66,21 Sep 2025,,49xruw90gtl38kurfmpdo4mc4,Carlos Muñiz Muñoz,Córdoba FC,Real Racing Club,J. Arévalo,0,1,0,1,0,2,0,1,21,0,0,2,1,0,0
66,21 Sep 2025,,49xruw90gtl38kurfmpdo4mc4,Carlos Muñiz Muñoz,Córdoba FC,Real Racing Club,Marco Sangalli,1,0,0,0,0,2,1,1,19,0,0,2,2,0,0
66,21 Sep 2025,,49xruw90gtl38kurfmpdo4mc4,Carlos Muñiz Muñoz,Córdoba FC,Real Racing Club,Jokin Ezkieta,0,0,0,0,0,0,0,0,20,0,3,0,0,0,0
66,21 Sep 2025,,49xruw90gtl38kurfmpdo4mc4,Carlos Muñiz Muñoz,Córdoba FC,Real Racing Club,Jorge Salinas,0,0,0,0,4,0,0,0,15,0,0,0,0,3,1
66,21 Sep 2025,,49xruw90gtl38kurfmpdo4mc4,Carlos Muñiz Muñoz,Córdoba FC,Real Racing Club,Peio Canales,0,0,0,0,0,0,0,0,17,0,0,1,0,0,0
66,21 Sep 2025,,49xruw90gtl38kurfmpdo4mc4,Carlos Muñiz Muñoz,Córdoba FC,Real Racing Club,Sergio Martínez,0,0,0,0,0,0,0,0,19,0,0,1,0,0,0
66,21 Sep 2025,,49xruw90gtl38kurfmpdo4mc4,Carlos Muñiz Muñoz,Córdoba FC,Real Racing Club,Asier Villalibre,0,0,0,0,0,0,0,0,5,0,0,0,0,0,0
66,21 Sep 2025,,49xruw90gtl38kurfmpdo4mc4,Carlos Muñiz Muñoz,Córdoba FC,Real Racing Club,Iñigo Vicente,0,0,0,0,0,0,0,0,9,0,0,0,0,0,0
66,21 Sep 2025,,49xruw90gtl38kurfmpdo4mc4,Carlos Muñiz Muñoz,Córdoba FC,Real Racing Club,F. González,0,0,0,0,0,0,0,0,1,0,0,0,0,0,0
66,21 Sep 2025,,49xruw90gtl38kurfmpdo4mc4,Carlos Muñiz Muñoz,Córdoba FC,Real Racing Club,S. Camara,0,0,0,0,0,1,0,0,1,0,0,0,0,0,0
67,28 Sep 2025,,4abnq2k8dcrgd6u49c04ygm50,Andrés Fuentes Molina,Real Sporting de Gijón,Albacete Balompié,César Gelabert,0,0,0,0,0,1,1,1,31,0,0,2,2,2,0
67,28 Sep 2025,,4abnq2k8dcrgd6u49c04ygm50,Andrés Fuentes Molina,Real Sporting de Gijón,Albacete Balompié,Rubén Yáñez,0,0,0,0,0,0,0,0,26,0,3,0,0,0,0
67,28 Sep 2025,,4abnq2k8dcrgd6u49c04ygm50,Andrés Fuentes Molina,Real Sporting de Gijón,Albacete Balompié,Gaspar Campos,0,0,0,0,1,1,1,1,36,0,0,2,1,1,0
67,28 Sep 2025,,4abnq2k8dcrgd6u49c04ygm50,Andrés Fuentes Molina,Real Sporting de Gijón,Albacete Balompié,Jonathan Dubasin,0,1,0,2,0,0,1,1,38,0,0,2,1,1,0
67,28 Sep 2025,,4abnq2k8dcrgd6u49c04ygm50,Andrés Fuentes Molina,Real Sporting de Gijón,Albacete Balompié,L. Perrin,0,0,0,0,1,0,0,0,36,0,0,1,1,1,0
67,28 Sep 2025,,4abnq2k8dcrgd6u49c04ygm50,Andrés Fuentes Molina,Real Sporting de Gijón,Albacete Balompié,Kevin Vázquez,0,0,0,0,1,3,0,0,40,0,0,0,0,0,0
67,28 Sep 2025,,4abnq2k8dcrgd6u49c04ygm50,Andrés Fuentes Molina,Real Sporting de Gijón,Albacete Balompié,J. Otero,0,0,0,1,2,0,0,1,31,0,0,2,0,0,0
67,28 Sep 2025,,4abnq2k8dcrgd6u49c04ygm50,Andrés Fuentes Molina,Real Sporting de Gijón,Albacete Balompié,J. Smith,0,0,0,0,2,1,0,0,38,0,0,0,0,2,1
67,28 Sep 2025,,4abnq2k8dcrgd6u49c04ygm50,Andrés Fuentes Molina,Real Sporting de Gijón,Albacete Balompié,Diego Sánchez,1,0,0,3,2,0,0,0,51,0,0,0,0,1,0
67,28 Sep 2025,,4abnq2k8dcrgd6u49c04ygm50,Andrés Fuentes Molina,Real Sporting de Gijón,Albacete Balompié,Nacho Martín,0,0,0,0,0,0,0,0,56,0,0,0,0,4,0
67,28 Sep 2025,,4abnq2k8dcrgd6u49c04ygm50,Andrés Fuentes Molina,Real Sporting de Gijón,Albacete Balompié,Pablo Vázquez,0,0,0,0,1,1,0,0,41,0,0,2,1,0,0
67,28 Sep 2025,,4abnq2k8dcrgd6u49c04ygm50,Andrés Fuentes Molina,Real Sporting de Gijón,Albacete Balompié,Pablo García,0,0,2,4,0,1,0,0,7,0,0,0,0,1,0
67,28 Sep 2025,,4abnq2k8dcrgd6u49c04ygm50,Andrés Fuentes Molina,Real Sporting de Gijón,Albacete Balompié,Dani Queipo,0,0,0,0,1,0,0,1,8,0,0,0,0,1,0
67,28 Sep 2025,,4abnq2k8dcrgd6u49c04ygm50,Andrés Fuentes Molina,Real Sporting de Gijón,Albacete Balompié,A. Coundoul,0,0,0,0,0,0,0,0,3,0,0,0,0,0,0
67,28 Sep 2025,,4abnq2k8dcrgd6u49c04ygm50,Andrés Fuentes Molina,Real Sporting de Gijón,Albacete Balompié,P. Mbemba,0,0,0,0,1,0,0,0,6,0,0,0,0,0,0
67,28 Sep 2025,,4abnq2k8dcrgd6u49c04ygm50,Andrés Fuentes Molina,Real Sporting de Gijón,Albacete Balompié,Mamadou Loum N'Diaye,0,0,0,0,0,0,0,0,0,0,0,0,0,0,0
67,28 Sep 2025,,4abnq2k8dcrgd6u49c04ygm50,Andrés Fuentes Molina,Real Sporting de Gijón,Albacete Balompié,Riki Rodríguez,0,0,0,0,1,0,0,0,39,0,0,0,0,3,0
67,28 Sep 2025,,4abnq2k8dcrgd6u49c04ygm50,Andrés Fuentes Molina,Real Sporting de Gijón,Albacete Balompié,Ale Meléndez,1,0,0,1,0,0,0,0,39,0,0,0,0,2,0
67,28 Sep 2025,,4abnq2k8dcrgd6u49c04ygm50,Andrés Fuentes Molina,Real Sporting de Gijón,Albacete Balompié,Jon Morcillo,0,0,3,9,1,0,2,0,35,0,0,4,2,2,1
67,28 Sep 2025,,4abnq2k8dcrgd6u49c04ygm50,Andrés Fuentes Molina,Real Sporting de Gijón,Albacete Balompié,Javi Moreno,0,0,0,1,1,2,0,0,45,0,0,0,0,3,0
67,28 Sep 2025,,4abnq2k8dcrgd6u49c04ygm50,Andrés Fuentes Molina,Real Sporting de Gijón,Albacete Balompié,Antonio Puertas,1,0,1,1,2,4,1,0,29,0,0,1,1,1,1
67,28 Sep 2025,,4abnq2k8dcrgd6u49c04ygm50,Andrés Fuentes Molina,Real Sporting de Gijón,Albacete Balompié,Agus Medina,0,1,1,2,0,2,1,0,38,0,0,2,1,1,0
67,28 Sep 2025,,4abnq2k8dcrgd6u49c04ygm50,Andrés Fuentes Molina,Real Sporting de Gijón,Albacete Balompié,Carlos Neva,0,0,0,1,1,0,0,0,78,0,0,0,0,3,0
67,28 Sep 2025,,4abnq2k8dcrgd6u49c04ygm50,Andrés Fuentes Molina,Real Sporting de Gijón,Albacete Balompié,Jesús Vallejo,0,0,0,0,0,1,0,0,70,0,0,1,1,0,0
67,28 Sep 2025,,4abnq2k8dcrgd6u49c04ygm50,Andrés Fuentes Molina,Real Sporting de Gijón,Albacete Balompié,Jefté Betancor,0,0,1,1,1,0,0,0,10,0,0,1,0,0,0
67,28 Sep 2025,,4abnq2k8dcrgd6u49c04ygm50,Andrés Fuentes Molina,Real Sporting de Gijón,Albacete Balompié,Fran Gámez,0,0,0,3,0,0,0,0,30,0,0,0,0,3,0
67,28 Sep 2025,,4abnq2k8dcrgd6u49c04ygm50,Andrés Fuentes Molina,Real Sporting de Gijón,Albacete Balompié,Raúl Lizoain,0,0,0,0,0,0,0,0,25,0,3,0,0,0,0
67,28 Sep 2025,,4abnq2k8dcrgd6u49c04ygm50,Andrés Fuentes Molina,Real Sporting de Gijón,Albacete Balompié,José Carlos Lazo,1,0,1,3,1,1,0,0,10,0,0,1,1,0,0
67,28 Sep 2025,,4abnq2k8dcrgd6u49c04ygm50,Andrés Fuentes Molina,Real Sporting de Gijón,Albacete Balompié,Lorenzo Aguado,0,0,0,0,1,2,0,0,6,0,0,0,0,1,0
67,28 Sep 2025,,4abnq2k8dcrgd6u49c04ygm50,Andrés Fuentes Molina,Real Sporting de Gijón,Albacete Balompié,J. Gómez,0,0,1,1,0,0,0,0,14,0,0,0,0,1,0
67,28 Sep 2025,,4abnq2k8dcrgd6u49c04ygm50,Andrés Fuentes Molina,Real Sporting de Gijón,Albacete Balompié,Dani Escriche,0,0,0,0,0,0,0,0,4,0,0,1,1,0,0
67,28 Sep 2025,,4abnq2k8dcrgd6u49c04ygm50,Andrés Fuentes Molina,Real Sporting de Gijón,Albacete Balompié,Javi Villar,0,0,0,0,0,0,0,0,11,0,0,0,0,0,0
68,29 Sep 2025,,4aph72he23zmm1lsc3rfbf6l0,Gorka Etayo Herrera,CD Leganés,CD Castellón,Álex Millán,0,0,0,0,3,4,0,1,14,0,0,0,0,0,1
68,29 Sep 2025,,4aph72he23zmm1lsc3rfbf6l0,Gorka Etayo Herrera,CD Leganés,CD Castellón,Gonzalo Melero,0,0,0,0,0,1,0,0,22,0,0,1,0,1,0
68,29 Sep 2025,,4aph72he23zmm1lsc3rfbf6l0,Gorka Etayo Herrera,CD Leganés,CD Castellón,A. Diawara,0,0,0,0,2,0,0,0,45,0,0,0,0,5,1
68,29 Sep 2025,,4aph72he23zmm1lsc3rfbf6l0,Gorka Etayo Herrera,CD Leganés,CD Castellón,Jorge Sáenz,0,0,1,1,0,1,0,0,68,0,0,0,0,1,0
68,29 Sep 2025,,4aph72he23zmm1lsc3rfbf6l0,Gorka Etayo Herrera,CD Leganés,CD Castellón,Miguel de la Fuente,0,1,0,1,4,3,0,0,6,0,0,4,0,1,0
68,29 Sep 2025,,4aph72he23zmm1lsc3rfbf6l0,Gorka Etayo Herrera,CD Leganés,CD Castellón,Duk,0,0,1,3,1,2,0,0,7,0,0,0,0,0,0
68,29 Sep 2025,,4aph72he23zmm1lsc3rfbf6l0,Gorka Etayo Herrera,CD Leganés,CD Castellón,Lalo Aguilar,0,0,1,2,1,1,0,0,46,0,0,0,0,0,1
68,29 Sep 2025,,4aph72he23zmm1lsc3rfbf6l0,Gorka Etayo Herrera,CD Leganés,CD Castellón,Juan Soriano,0,0,0,0,0,0,0,0,32,0,0,0,0,0,0
68,29 Sep 2025,,4aph72he23zmm1lsc3rfbf6l0,Gorka Etayo Herrera,CD Leganés,CD Castellón,Juan Cruz,0,1,0,3,0,1,0,0,17,0,0,1,0,0,0
68,29 Sep 2025,,4aph72he23zmm1lsc3rfbf6l0,Gorka Etayo Herrera,CD Leganés,CD Castellón,Naim García,0,0,2,10,2,1,0,0,27,0,0,0,0,1,0
68,29 Sep 2025,,4aph72he23zmm1lsc3rfbf6l0,Gorka Etayo Herrera,CD Leganés,CD Castellón,Ignasi Miquel,0,1,0,2,1,0,0,0,66,0,0,1,0,2,0
68,29 Sep 2025,,4aph72he23zmm1lsc3rfbf6l0,Gorka Etayo Herrera,CD Leganés,CD Castellón,Andrés Campos,0,0,0,0,0,0,0,0,0,0,0,0,0,0,1
68,29 Sep 2025,,4aph72he23zmm1lsc3rfbf6l0,Gorka Etayo Herrera,CD Leganés,CD Castellón,Enric Franquesa,0,0,0,1,1,1,0,0,30,0,0,0,0,1,0
68,29 Sep 2025,,4aph72he23zmm1lsc3rfbf6l0,Gorka Etayo Herrera,CD Leganés,CD Castellón,Roberto López,0,0,0,5,2,1,0,0,10,0,0,0,0,0,0
68,29 Sep 2025,,4aph72he23zmm1lsc3rfbf6l0,Gorka Etayo Herrera,CD Leganés,CD Castellón,Carlos Guirao,0,0,0,0,0,1,0,0,19,0,0,0,0,2,0
68,29 Sep 2025,,4aph72he23zmm1lsc3rfbf6l0,Gorka Etayo Herrera,CD Leganés,CD Castellón,B. Pauwels,0,0,1,1,0,1,0,0,4,0,0,0,0,0,0
68,29 Sep 2025,,4aph72he23zmm1lsc3rfbf6l0,Gorka Etayo Herrera,CD Leganés,CD Castellón,Diego García,0,0,1,0,1,0,0,0,3,0,0,0,0,0,0
68,29 Sep 2025,,4aph72he23zmm1lsc3rfbf6l0,Gorka Etayo Herrera,CD Leganés,CD Castellón,Alberto Jiménez,0,0,0,0,2,1,0,0,40,0,0,0,0,0,0
68,29 Sep 2025,,4aph72he23zmm1lsc3rfbf6l0,Gorka Etayo Herrera,CD Leganés,CD Castellón,Lucas Alcázar,0,0,0,0,1,2,0,0,23,0,0,0,0,4,0
68,29 Sep 2025,,4aph72he23zmm1lsc3rfbf6l0,Gorka Etayo Herrera,CD Leganés,CD Castellón,A. Jakobsen,0,1,1,0,4,0,0,0,8,0,0,1,0,2,0
68,29 Sep 2025,,4aph72he23zmm1lsc3rfbf6l0,Gorka Etayo Herrera,CD Leganés,CD Castellón,B. Cipenga,0,0,0,0,1,3,1,0,27,0,0,3,1,3,0
68,29 Sep 2025,,4aph72he23zmm1lsc3rfbf6l0,Gorka Etayo Herrera,CD Leganés,CD Castellón,Ronaldo,0,0,0,4,3,6,0,0,29,0,0,0,0,2,0
68,29 Sep 2025,,4aph72he23zmm1lsc3rfbf6l0,Gorka Etayo Herrera,CD Leganés,CD Castellón,Cala,0,1,1,2,1,1,0,0,26,0,0,1,0,2,0
68,29 Sep 2025,,4aph72he23zmm1lsc3rfbf6l0,Gorka Etayo Herrera,CD Leganés,CD Castellón,M. Doué,0,0,0,0,1,2,0,0,20,0,0,1,0,2,1
68,29 Sep 2025,,4aph72he23zmm1lsc3rfbf6l0,Gorka Etayo Herrera,CD Leganés,CD Castellón,F. Brignani,0,0,0,0,0,0,0,0,16,0,0,0,0,0,0
68,29 Sep 2025,,4aph72he23zmm1lsc3rfbf6l0,Gorka Etayo Herrera,CD Leganés,CD Castellón,J. Mellot,0,1,0,1,3,1,0,0,40,0,0,1,0,3,1
68,29 Sep 2025,,4aph72he23zmm1lsc3rfbf6l0,Gorka Etayo Herrera,CD Leganés,CD Castellón,R. Matthys,0,0,0,0,0,0,0,0,33,0,0,0,0,0,0
68,29 Sep 2025,,4aph72he23zmm1lsc3rfbf6l0,Gorka Etayo Herrera,CD Leganés,CD Castellón,K. Mamah,0,1,0,0,2,0,0,0,25,0,0,1,0,1,0
68,29 Sep 2025,,4aph72he23zmm1lsc3rfbf6l0,Gorka Etayo Herrera,CD Leganés,CD Castellón,Salva Ruiz,0,0,0,0,0,1,0,0,11,0,0,0,0,0,0
68,29 Sep 2025,,4aph72he23zmm1lsc3rfbf6l0,Gorka Etayo Herrera,CD Leganés,CD Castellón,Barri,0,0,0,0,1,0,0,0,8,0,0,0,0,0,0
68,29 Sep 2025,,4aph72he23zmm1lsc3rfbf6l0,Gorka Etayo Herrera,CD Leganés,CD Castellón,O. Camara,0,0,0,0,1,0,0,0,5,0,0,1,0,1,0
68,29 Sep 2025,,4aph72he23zmm1lsc3rfbf6l0,Gorka Etayo Herrera,CD Leganés,CD Castellón,A. Mabil,0,0,0,0,0,0,0,0,8,0,0,0,0,0,0
68,29 Sep 2025,,4aph72he23zmm1lsc3rfbf6l0,Gorka Etayo Herrera,CD Leganés,CD Castellón,Beñat Gerenabarrena,0,0,0,0,0,1,0,0,3,0,0,1,0,1,0
69,28 Sep 2025,,4b3c7mye315nxdqs558sbzcpg,Lluís Bestard Servera,Real Sociedad de Fútbol,Córdoba FC,Jon Balda,0,0,2,1,4,0,0,0,27,0,0,1,1,2,0
69,28 Sep 2025,,4b3c7mye315nxdqs558sbzcpg,Lluís Bestard Servera,Real Sociedad de Fútbol,Córdoba FC,Mikel Rodríguez,0,0,2,9,1,2,0,0,25,0,0,1,1,4,1
69,28 Sep 2025,,4b3c7mye315nxdqs558sbzcpg,Lluís Bestard Servera,Real Sociedad de Fútbol,Córdoba FC,Ekain Orobengoa,0,2,2,1,1,1,0,1,11,0,0,2,0,1,0
69,28 Sep 2025,,4b3c7mye315nxdqs558sbzcpg,Lluís Bestard Servera,Real Sociedad de Fútbol,Córdoba FC,Unax Agote,0,0,1,3,3,7,0,0,40,0,0,0,0,2,1
69,28 Sep 2025,,4b3c7mye315nxdqs558sbzcpg,Lluís Bestard Servera,Real Sociedad de Fútbol,Córdoba FC,Aitor Fraga,0,0,0,0,0,0,0,0,28,0,2,0,0,0,0
69,28 Sep 2025,,4b3c7mye315nxdqs558sbzcpg,Lluís Bestard Servera,Real Sociedad de Fútbol,Córdoba FC,Gorka Carrera,0,0,0,0,2,3,0,1,16,0,0,2,1,0,0
69,28 Sep 2025,,4b3c7mye315nxdqs558sbzcpg,Lluís Bestard Servera,Real Sociedad de Fútbol,Córdoba FC,Alberto Dadie,0,0,0,0,1,0,0,0,10,0,0,0,0,1,1
69,28 Sep 2025,,4b3c7mye315nxdqs558sbzcpg,Lluís Bestard Servera,Real Sociedad de Fútbol,Córdoba FC,Lander Astiazarán,0,0,0,1,2,1,0,0,11,0,0,2,1,0,0
69,28 Sep 2025,,4b3c7mye315nxdqs558sbzcpg,Lluís Bestard Servera,Real Sociedad de Fútbol,Córdoba FC,Joni Eceiza,0,0,1,1,1,0,0,0,16,0,0,0,0,0,0
69,28 Sep 2025,,4b3c7mye315nxdqs558sbzcpg,Lluís Bestard Servera,Real Sociedad de Fútbol,Córdoba FC,Peru Rodríguez,0,0,0,0,0,1,0,0,39,0,0,1,1,1,0
69,28 Sep 2025,,4b3c7mye315nxdqs558sbzcpg,Lluís Bestard Servera,Real Sociedad de Fútbol,Córdoba FC,Tomás Carbonell,0,0,0,0,3,2,0,0,24,0,0,0,0,4,0
69,28 Sep 2025,,4b3c7mye315nxdqs558sbzcpg,Lluís Bestard Servera,Real Sociedad de Fútbol,Córdoba FC,Gorka Gorosabel,0,0,0,0,4,0,0,0,2,0,0,1,0,1,1
69,28 Sep 2025,,4b3c7mye315nxdqs558sbzcpg,Lluís Bestard Servera,Real Sociedad de Fútbol,Córdoba FC,Jon Garro,0,0,0,0,0,0,0,0,5,0,0,0,0,5,0
69,28 Sep 2025,,4b3c7mye315nxdqs558sbzcpg,Lluís Bestard Servera,Real Sociedad de Fútbol,Córdoba FC,J. Ochieng,0,0,0,1,1,1,0,0,3,0,0,0,0,0,0
69,28 Sep 2025,,4b3c7mye315nxdqs558sbzcpg,Lluís Bestard Servera,Real Sociedad de Fútbol,Córdoba FC,Arkaitz Mariezkurrena,0,0,0,0,0,0,0,0,4,0,0,0,0,1,0
69,28 Sep 2025,,4b3c7mye315nxdqs558sbzcpg,Lluís Bestard Servera,Real Sociedad de Fútbol,Córdoba FC,Alex Marchal,0,0,0,0,0,0,0,0,4,0,0,0,0,0,0
69,28 Sep 2025,,4b3c7mye315nxdqs558sbzcpg,Lluís Bestard Servera,Real Sociedad de Fútbol,Córdoba FC,Isma Ruiz,1,0,0,0,0,2,0,0,50,0,0,1,1,4,0
69,28 Sep 2025,,4b3c7mye315nxdqs558sbzcpg,Lluís Bestard Servera,Real Sociedad de Fútbol,Córdoba FC,Iker Álvarez,0,0,0,0,0,0,0,0,27,0,5,0,0,0,0
69,28 Sep 2025,,4b3c7mye315nxdqs558sbzcpg,Lluís Bestard Servera,Real Sociedad de Fútbol,Córdoba FC,Sergi Guardiola,0,1,0,0,1,2,0,0,15,0,0,3,0,0,1
69,28 Sep 2025,,4b3c7mye315nxdqs558sbzcpg,Lluís Bestard Servera,Real Sociedad de Fútbol,Córdoba FC,Pedro Ortiz,0,1,1,0,2,0,0,0,9,0,0,1,0,1,0
69,28 Sep 2025,,4b3c7mye315nxdqs558sbzcpg,Lluís Bestard Servera,Real Sociedad de Fútbol,Córdoba FC,Carlos Isaac,0,1,1,3,4,1,0,0,38,0,0,3,0,3,0
69,28 Sep 2025,,4b3c7mye315nxdqs558sbzcpg,Lluís Bestard Servera,Real Sociedad de Fútbol,Córdoba FC,Rubén Alves,0,0,0,0,3,1,0,0,48,0,0,0,0,2,1
69,28 Sep 2025,,4b3c7mye315nxdqs558sbzcpg,Lluís Bestard Servera,Real Sociedad de Fútbol,Córdoba FC,Cristian Carracedo,0,0,0,4,2,3,0,1,32,0,0,1,0,0,1
69,28 Sep 2025,,4b3c7mye315nxdqs558sbzcpg,Lluís Bestard Servera,Real Sociedad de Fútbol,Córdoba FC,Miquel Salas,0,0,0,0,0,1,0,0,6,0,0,0,0,0,0
69,28 Sep 2025,,4b3c7mye315nxdqs558sbzcpg,Lluís Bestard Servera,Real Sociedad de Fútbol,Córdoba FC,Ignasi Vilarrasa,0,0,1,4,0,1,0,0,43,0,0,0,0,0,0
69,28 Sep 2025,,4b3c7mye315nxdqs558sbzcpg,Lluís Bestard Servera,Real Sociedad de Fútbol,Córdoba FC,Kevin Medina,0,0,0,1,1,1,0,0,8,0,0,0,0,1,1
69,28 Sep 2025,,4b3c7mye315nxdqs558sbzcpg,Lluís Bestard Servera,Real Sociedad de Fútbol,Córdoba FC,F. Fomeyem,0,0,0,0,0,0,0,0,42,0,0,0,0,1,0
69,28 Sep 2025,,4b3c7mye315nxdqs558sbzcpg,Lluís Bestard Servera,Real Sociedad de Fútbol,Córdoba FC,Dani Requena,0,0,0,0,2,4,0,0,31,0,0,0,0,2,0
69,28 Sep 2025,,4b3c7mye315nxdqs558sbzcpg,Lluís Bestard Servera,Real Sociedad de Fútbol,Córdoba FC,Dali,0,0,0,0,1,1,1,0,17,0,0,2,2,1,0
69,28 Sep 2025,,4b3c7mye315nxdqs558sbzcpg,Lluís Bestard Servera,Real Sociedad de Fútbol,Córdoba FC,T. Zidane,0,1,1,0,1,0,0,0,6,0,0,1,0,0,1
69,28 Sep 2025,,4b3c7mye315nxdqs558sbzcpg,Lluís Bestard Servera,Real Sociedad de Fútbol,Córdoba FC,Fuentes,0,1,1,0,0,2,0,2,4,0,0,1,0,0,0
69,28 Sep 2025,,4b3c7mye315nxdqs558sbzcpg,Lluís Bestard Servera,Real Sociedad de Fútbol,Córdoba FC,Diego Bri,0,0,0,0,2,1,0,0,0,0,0,0,0,0,0
70,27 Sep 2025,,4bh4nr2u49rvfwjnjubgndv6c,Germán Cid Camacho,SD Eibar,RC Deportivo de La Coruña,Marco Moreno,0,0,0,0,2,0,0,0,44,0,0,0,0,0,1
70,27 Sep 2025,,4bh4nr2u49rvfwjnjubgndv6c,Germán Cid Camacho,SD Eibar,RC Deportivo de La Coruña,Sergio Álvarez,0,0,0,1,0,1,0,0,90,0,0,1,1,5,0
70,27 Sep 2025,,4bh4nr2u49rvfwjnjubgndv6c,Germán Cid Camacho,SD Eibar,RC Deportivo de La Coruña,Jon Guruzeta,0,0,0,3,0,0,0,0,30,0,0,3,1,1,0
70,27 Sep 2025,,4bh4nr2u49rvfwjnjubgndv6c,Germán Cid Camacho,SD Eibar,RC Deportivo de La Coruña,Sergio Cubero,0,0,0,2,1,0,0,0,37,0,0,0,0,0,0
70,27 Sep 2025,,4bh4nr2u49rvfwjnjubgndv6c,Germán Cid Camacho,SD Eibar,RC Deportivo de La Coruña,José Corpas,0,0,1,7,2,2,0,0,39,0,0,1,1,4,1
70,27 Sep 2025,,4bh4nr2u49rvfwjnjubgndv6c,Germán Cid Camacho,SD Eibar,RC Deportivo de La Coruña,Peru Nolaskoain,0,0,0,1,2,1,0,0,104,0,0,0,0,1,0
70,27 Sep 2025,,4bh4nr2u49rvfwjnjubgndv6c,Germán Cid Camacho,SD Eibar,RC Deportivo de La Coruña,Jon Magunazelaia,0,0,0,1,1,0,0,0,16,0,0,0,0,1,0
70,27 Sep 2025,,4bh4nr2u49rvfwjnjubgndv6c,Germán Cid Camacho,SD Eibar,RC Deportivo de La Coruña,Jon Bautista,0,0,2,0,0,1,0,0,15,0,0,7,4,0,0
70,27 Sep 2025,,4bh4nr2u49rvfwjnjubgndv6c,Germán Cid Camacho,SD Eibar,RC Deportivo de La Coruña,Leonardo Buta,0,0,1,4,1,2,0,0,29,0,0,0,0,0,1
70,27 Sep 2025,,4bh4nr2u49rvfwjnjubgndv6c,Germán Cid Camacho,SD Eibar,RC Deportivo de La Coruña,Jair Amador,0,1,1,0,0,0,0,0,74,0,0,2,0,1,0
70,27 Sep 2025,,4bh4nr2u49rvfwjnjubgndv6c,Germán Cid Camacho,SD Eibar,RC Deportivo de La Coruña,Jonmi Magunagoitia,0,0,0,0,0,0,0,0,29,0,2,0,0,0,0
70,27 Sep 2025,,4bh4nr2u49rvfwjnjubgndv6c,Germán Cid Camacho,SD Eibar,RC Deportivo de La Coruña,Adu Ares,0,1,1,4,0,1,1,0,18,0,0,5,3,0,0
70,27 Sep 2025,,4bh4nr2u49rvfwjnjubgndv6c,Germán Cid Camacho,SD Eibar,RC Deportivo de La Coruña,Aleix Garrido,0,1,0,7,2,0,0,0,38,0,0,1,0,0,1
70,27 Sep 2025,,4bh4nr2u49rvfwjnjubgndv6c,Germán Cid Camacho,SD Eibar,RC Deportivo de La Coruña,Álvaro Rodríguez,0,0,0,4,0,1,0,0,21,0,0,1,0,1,0
70,27 Sep 2025,,4bh4nr2u49rvfwjnjubgndv6c,Germán Cid Camacho,SD Eibar,RC Deportivo de La Coruña,Xeber Alkain,0,1,0,2,0,1,0,0,5,0,0,1,0,0,0
70,27 Sep 2025,,4bh4nr2u49rvfwjnjubgndv6c,Germán Cid Camacho,SD Eibar,RC Deportivo de La Coruña,Javi Martón,0,0,0,0,2,2,0,0,2,0,0,1,0,0,0
70,27 Sep 2025,,4bh4nr2u49rvfwjnjubgndv6c,Germán Cid Camacho,SD Eibar,RC Deportivo de La Coruña,Mario Soriano,0,0,0,1,0,0,0,0,23,0,0,0,0,0,0
70,27 Sep 2025,,4bh4nr2u49rvfwjnjubgndv6c,Germán Cid Camacho,SD Eibar,RC Deportivo de La Coruña,Germán Parreño,0,0,0,0,0,0,0,0,42,0,9,0,0,0,1
70,27 Sep 2025,,4bh4nr2u49rvfwjnjubgndv6c,Germán Cid Camacho,SD Eibar,RC Deportivo de La Coruña,G. Quagliata,0,0,1,4,1,2,0,0,22,0,0,0,0,3,0
70,27 Sep 2025,,4bh4nr2u49rvfwjnjubgndv6c,Germán Cid Camacho,SD Eibar,RC Deportivo de La Coruña,Yeremay Hernández,0,1,1,1,0,2,1,0,25,0,0,5,2,0,0
70,27 Sep 2025,,4bh4nr2u49rvfwjnjubgndv6c,Germán Cid Camacho,SD Eibar,RC Deportivo de La Coruña,Stoichkov,0,0,0,0,0,2,0,0,17,0,0,1,0,0,0
70,27 Sep 2025,,4bh4nr2u49rvfwjnjubgndv6c,Germán Cid Camacho,SD Eibar,RC Deportivo de La Coruña,S. Mulattieri,0,0,0,0,4,0,0,0,12,0,0,2,1,0,0
70,27 Sep 2025,,4bh4nr2u49rvfwjnjubgndv6c,Germán Cid Camacho,SD Eibar,RC Deportivo de La Coruña,Ximo Navarro,0,0,0,1,1,1,0,0,25,0,0,0,0,3,0
70,27 Sep 2025,,4bh4nr2u49rvfwjnjubgndv6c,Germán Cid Camacho,SD Eibar,RC Deportivo de La Coruña,Diego Villares,0,0,0,0,0,0,0,0,19,0,0,0,0,2,0
70,27 Sep 2025,,4bh4nr2u49rvfwjnjubgndv6c,Germán Cid Camacho,SD Eibar,RC Deportivo de La Coruña,Miguel Loureiro,0,0,0,0,3,1,0,0,41,0,0,0,0,1,1
70,27 Sep 2025,,4bh4nr2u49rvfwjnjubgndv6c,Germán Cid Camacho,SD Eibar,RC Deportivo de La Coruña,Dani Barcia,0,0,0,0,0,0,0,0,39,0,0,0,0,3,0
70,27 Sep 2025,,4bh4nr2u49rvfwjnjubgndv6c,Germán Cid Camacho,SD Eibar,RC Deportivo de La Coruña,Luismi Cruz,0,0,0,1,0,2,0,0,29,0,0,0,0,3,0
70,27 Sep 2025,,4bh4nr2u49rvfwjnjubgndv6c,Germán Cid Camacho,SD Eibar,RC Deportivo de La Coruña,C. Patino,0,0,0,0,0,1,0,0,5,0,0,0,0,1,0
70,27 Sep 2025,,4bh4nr2u49rvfwjnjubgndv6c,Germán Cid Camacho,SD Eibar,RC Deportivo de La Coruña,Z. Eddahchouri,0,0,0,0,1,1,0,1,2,0,0,1,0,0,1
70,27 Sep 2025,,4bh4nr2u49rvfwjnjubgndv6c,Germán Cid Camacho,SD Eibar,RC Deportivo de La Coruña,Arnau Comas,0,0,0,0,1,1,0,0,3,0,0,0,0,0,1
70,27 Sep 2025,,4bh4nr2u49rvfwjnjubgndv6c,Germán Cid Camacho,SD Eibar,RC Deportivo de La Coruña,Cristian Herrera,0,0,0,0,1,0,0,0,3,0,0,0,0,0,0
70,27 Sep 2025,,4bh4nr2u49rvfwjnjubgndv6c,Germán Cid Camacho,SD Eibar,RC Deportivo de La Coruña,Rubén López,0,0,0,0,1,0,0,0,6,0,0,0,0,2,1
71,28 Sep 2025,,4buyaqi3ru1y94yrc3r93getw,Dámaso Arcediano Monescillo,SD Huesca,Granada CF,Rodrigo Abajas,0,0,1,8,2,1,0,1,27,0,0,1,0,3,0
71,28 Sep 2025,,4buyaqi3ru1y94yrc3r93getw,Dámaso Arcediano Monescillo,SD Huesca,Granada CF,Sergio Arribas,0,0,0,0,1,0,0,0,27,0,0,0,0,1,0
71,28 Sep 2025,,4buyaqi3ru1y94yrc3r93getw,Dámaso Arcediano Monescillo,SD Huesca,Granada CF,Iker Kortajarena,0,1,1,1,0,3,0,0,46,0,0,2,0,0,0
71,28 Sep 2025,,4buyaqi3ru1y94yrc3r93getw,Dámaso Arcediano Monescillo,SD Huesca,Granada CF,Óscar Sielva,0,0,1,7,1,1,0,0,50,0,0,1,0,0,0
71,28 Sep 2025,,4buyaqi3ru1y94yrc3r93getw,Dámaso Arcediano Monescillo,SD Huesca,Granada CF,Sergi Enrich,0,1,1,0,1,1,0,1,10,0,0,2,1,0,0
71,28 Sep 2025,,4buyaqi3ru1y94yrc3r93getw,Dámaso Arcediano Monescillo,SD Huesca,Granada CF,D. Luna,0,0,2,8,0,2,0,0,19,0,0,0,0,2,0
71,28 Sep 2025,,4buyaqi3ru1y94yrc3r93getw,Dámaso Arcediano Monescillo,SD Huesca,Granada CF,Jorge Pulido,0,0,0,0,3,2,0,2,61,0,0,0,0,0,0
71,28 Sep 2025,,4buyaqi3ru1y94yrc3r93getw,Dámaso Arcediano Monescillo,SD Huesca,Granada CF,Dani Jiménez,0,0,0,0,0,0,0,0,22,0,2,0,0,0,0
71,28 Sep 2025,,4buyaqi3ru1y94yrc3r93getw,Dámaso Arcediano Monescillo,SD Huesca,Granada CF,Portillo,0,1,0,0,0,0,0,0,21,0,0,1,0,0,0
71,28 Sep 2025,,4buyaqi3ru1y94yrc3r93getw,Dámaso Arcediano Monescillo,SD Huesca,Granada CF,Toni Abad,0,1,1,5,2,0,0,1,47,0,0,1,0,1,0
71,28 Sep 2025,,4buyaqi3ru1y94yrc3r93getw,Dámaso Arcediano Monescillo,SD Huesca,Granada CF,Iñigo Piña,0,1,0,1,2,0,0,0,54,0,0,1,0,0,1
71,28 Sep 2025,,4buyaqi3ru1y94yrc3r93getw,Dámaso Arcediano Monescillo,SD Huesca,Granada CF,Jesús Álvarez,0,1,0,0,0,1,0,0,46,0,0,1,0,0,0
71,28 Sep 2025,,4buyaqi3ru1y94yrc3r93getw,Dámaso Arcediano Monescillo,SD Huesca,Granada CF,Liberto Beltrán,0,1,3,3,0,0,0,1,9,0,0,2,0,0,0
71,28 Sep 2025,,4buyaqi3ru1y94yrc3r93getw,Dámaso Arcediano Monescillo,SD Huesca,Granada CF,Dani Ojeda,0,0,1,5,0,0,0,0,15,0,0,0,0,0,0
71,28 Sep 2025,,4buyaqi3ru1y94yrc3r93getw,Dámaso Arcediano Monescillo,SD Huesca,Granada CF,S. Ntamack,0,1,1,0,0,0,0,0,2,0,0,2,1,0,0
71,28 Sep 2025,,4buyaqi3ru1y94yrc3r93getw,Dámaso Arcediano Monescillo,SD Huesca,Granada CF,Enol Rodríguez,0,0,1,0,0,0,0,0,3,0,0,1,0,1,0
71,28 Sep 2025,,4buyaqi3ru1y94yrc3r93getw,Dámaso Arcediano Monescillo,SD Huesca,Granada CF,Pedro Alemañ,0,2,0,1,1,1,1,0,22,0,0,4,1,0,0
71,28 Sep 2025,,4buyaqi3ru1y94yrc3r93getw,Dámaso Arcediano Monescillo,SD Huesca,Granada CF,Manu Lama,0,0,0,0,0,1,0,0,40,0,0,0,0,0,0
71,28 Sep 2025,,4buyaqi3ru1y94yrc3r93getw,Dámaso Arcediano Monescillo,SD Huesca,Granada CF,O. Oppong,0,0,0,2,0,0,0,0,26,0,0,0,0,4,0
71,28 Sep 2025,,4buyaqi3ru1y94yrc3r93getw,Dámaso Arcediano Monescillo,SD Huesca,Granada CF,L. Zidane,0,0,0,0,0,0,0,0,46,0,2,0,0,0,0
71,28 Sep 2025,,4buyaqi3ru1y94yrc3r93getw,Dámaso Arcediano Monescillo,SD Huesca,Granada CF,Sergio Ruiz,0,0,0,3,0,0,0,0,25,0,0,0,0,2,0
71,28 Sep 2025,,4buyaqi3ru1y94yrc3r93getw,Dámaso Arcediano Monescillo,SD Huesca,Granada CF,Álex Sola,0,0,1,4,0,4,0,0,14,0,0,1,1,1,0
71,28 Sep 2025,,4buyaqi3ru1y94yrc3r93getw,Dámaso Arcediano Monescillo,SD Huesca,Granada CF,Rubén Alcaraz,0,0,0,1,5,1,0,0,37,0,0,0,0,2,1
71,28 Sep 2025,,4buyaqi3ru1y94yrc3r93getw,Dámaso Arcediano Monescillo,SD Huesca,Granada CF,S. Faye,1,0,1,1,0,3,0,2,19,0,0,2,1,0,0
71,28 Sep 2025,,4buyaqi3ru1y94yrc3r93getw,Dámaso Arcediano Monescillo,SD Huesca,Granada CF,B. Diallo,0,0,0,1,2,0,0,0,22,0,0,1,0,1,0
71,28 Sep 2025,,4buyaqi3ru1y94yrc3r93getw,Dámaso Arcediano Monescillo,SD Huesca,Granada CF,Pau Casadesús,0,0,0,0,1,0,0,0,19,0,0,0,0,0,0
71,28 Sep 2025,,4buyaqi3ru1y94yrc3r93getw,Dámaso Arcediano Monescillo,SD Huesca,Granada CF,Jorge Pascual,0,1,0,0,2,1,0,0,9,0,0,1,0,1,0
71,28 Sep 2025,,4buyaqi3ru1y94yrc3r93getw,Dámaso Arcediano Monescillo,SD Huesca,Granada CF,M. Bouldini,0,0,0,0,1,0,0,1,4,0,0,0,0,0,0
71,28 Sep 2025,,4buyaqi3ru1y94yrc3r93getw,Dámaso Arcediano Monescillo,SD Huesca,Granada CF,Diego Hormigo,0,0,0,0,0,0,0,0,6,0,0,0,0,0,0
71,28 Sep 2025,,4buyaqi3ru1y94yrc3r93getw,Dámaso Arcediano Monescillo,SD Huesca,Granada CF,Pablo Sáenz,0,0,0,2,0,0,0,0,5,0,0,0,0,0,0
71,28 Sep 2025,,4buyaqi3ru1y94yrc3r93getw,Dámaso Arcediano Monescillo,SD Huesca,Granada CF,M. Hongla,0,0,0,0,0,0,0,0,7,0,0,0,0,1,0
71,28 Sep 2025,,4buyaqi3ru1y94yrc3r93getw,Dámaso Arcediano Monescillo,SD Huesca,Granada CF,Loïc Williams,0,0,0,0,0,0,0,0,3,0,0,0,0,0,0
72,28 Sep 2025,,4c8o5qdotqky0px86x51fl9g4,Álvaro Moreno Aragón,Real Valladolid CF,Cultural y Deportiva Leonesa,David Torres,0,0,0,0,2,0,0,0,84,0,0,0,0,1,0
72,28 Sep 2025,,4c8o5qdotqky0px86x51fl9g4,Álvaro Moreno Aragón,Real Valladolid CF,Cultural y Deportiva Leonesa,Iván Alejo,0,0,0,13,3,6,0,0,38,0,0,0,0,4,1
72,28 Sep 2025,,4c8o5qdotqky0px86x51fl9g4,Álvaro Moreno Aragón,Real Valladolid CF,Cultural y Deportiva Leonesa,Guilherme Fernandes,0,0,0,0,0,0,0,0,28,0,3,0,0,0,0
72,28 Sep 2025,,4c8o5qdotqky0px86x51fl9g4,Álvaro Moreno Aragón,Real Valladolid CF,Cultural y Deportiva Leonesa,Víctor Meseguer,0,0,0,0,0,1,0,0,47,0,0,1,0,1,0
72,28 Sep 2025,,4c8o5qdotqky0px86x51fl9g4,Álvaro Moreno Aragón,Real Valladolid CF,Cultural y Deportiva Leonesa,A. Ndiaye,0,1,0,0,0,4,0,0,28,0,0,1,0,0,0
72,28 Sep 2025,,4c8o5qdotqky0px86x51fl9g4,Álvaro Moreno Aragón,Real Valladolid CF,Cultural y Deportiva Leonesa,J. Ponceau,0,0,0,2,1,1,0,0,23,0,0,1,1,0,0
72,28 Sep 2025,,4c8o5qdotqky0px86x51fl9g4,Álvaro Moreno Aragón,Real Valladolid CF,Cultural y Deportiva Leonesa,Juanmi Latasa,0,1,0,0,3,4,0,0,24,0,0,4,0,1,1
72,28 Sep 2025,,4c8o5qdotqky0px86x51fl9g4,Álvaro Moreno Aragón,Real Valladolid CF,Cultural y Deportiva Leonesa,Guille Bueno,0,0,0,6,0,0,0,0,34,0,0,0,0,1,0
72,28 Sep 2025,,4c8o5qdotqky0px86x51fl9g4,Álvaro Moreno Aragón,Real Valladolid CF,Cultural y Deportiva Leonesa,M. Lachuer,0,0,0,1,2,2,0,0,46,0,0,1,0,3,0
72,28 Sep 2025,,4c8o5qdotqky0px86x51fl9g4,Álvaro Moreno Aragón,Real Valladolid CF,Cultural y Deportiva Leonesa,Pablo Tomeo,0,0,1,2,1,0,0,0,79,0,0,0,0,0,1
72,28 Sep 2025,,4c8o5qdotqky0px86x51fl9g4,Álvaro Moreno Aragón,Real Valladolid CF,Cultural y Deportiva Leonesa,S. Biuk,0,0,0,1,0,2,0,0,20,0,0,4,0,2,0
72,28 Sep 2025,,4c8o5qdotqky0px86x51fl9g4,Álvaro Moreno Aragón,Real Valladolid CF,Cultural y Deportiva Leonesa,P. González,0,0,0,1,0,0,0,0,20,0,0,1,0,1,0
72,28 Sep 2025,,4c8o5qdotqky0px86x51fl9g4,Álvaro Moreno Aragón,Real Valladolid CF,Cultural y Deportiva Leonesa,Iván Garriel,0,0,0,2,0,0,0,0,14,0,0,1,0,2,0
72,28 Sep 2025,,4c8o5qdotqky0px86x51fl9g4,Álvaro Moreno Aragón,Real Valladolid CF,Cultural y Deportiva Leonesa,Sergi Canós,0,1,0,2,1,0,0,0,19,0,0,1,0,1,0
72,28 Sep 2025,,4c8o5qdotqky0px86x51fl9g4,Álvaro Moreno Aragón,Real Valladolid CF,Cultural y Deportiva Leonesa,Jorge Delgado,0,0,0,0,1,1,0,0,2,0,0,1,0,0,0
72,28 Sep 2025,,4c8o5qdotqky0px86x51fl9g4,Álvaro Moreno Aragón,Real Valladolid CF,Cultural y Deportiva Leonesa,I. Alani,0,0,0,1,0,0,0,0,23,0,0,1,0,0,0
72,28 Sep 2025,,4c8o5qdotqky0px86x51fl9g4,Álvaro Moreno Aragón,Real Valladolid CF,Cultural y Deportiva Leonesa,Trilli,0,0,1,3,0,0,0,0,11,0,0,1,0,1,0
72,28 Sep 2025,,4c8o5qdotqky0px86x51fl9g4,Álvaro Moreno Aragón,Real Valladolid CF,Cultural y Deportiva Leonesa,Luis Chacón,0,1,0,3,2,1,0,0,19,0,0,3,1,1,0
72,28 Sep 2025,,4c8o5qdotqky0px86x51fl9g4,Álvaro Moreno Aragón,Real Valladolid CF,Cultural y Deportiva Leonesa,Tomás Ribeiro,0,0,0,0,2,0,0,0,20,0,0,0,0,3,1
72,28 Sep 2025,,4c8o5qdotqky0px86x51fl9g4,Álvaro Moreno Aragón,Real Valladolid CF,Cultural y Deportiva Leonesa,V. García,0,0,0,3,0,0,0,0,18,0,0,0,0,2,0
72,28 Sep 2025,,4c8o5qdotqky0px86x51fl9g4,Álvaro Moreno Aragón,Real Valladolid CF,Cultural y Deportiva Leonesa,Rubén Sobrino,1,0,0,1,2,4,0,0,16,0,0,2,0,0,0
72,28 Sep 2025,,4c8o5qdotqky0px86x51fl9g4,Álvaro Moreno Aragón,Real Valladolid CF,Cultural y Deportiva Leonesa,Roger Hinojo,0,0,0,1,3,1,0,0,24,0,0,0,0,1,1
72,28 Sep 2025,,4c8o5qdotqky0px86x51fl9g4,Álvaro Moreno Aragón,Real Valladolid CF,Cultural y Deportiva Leonesa,T. Ojeda,0,0,0,0,3,2,0,0,24,0,0,0,0,1,0
72,28 Sep 2025,,4c8o5qdotqky0px86x51fl9g4,Álvaro Moreno Aragón,Real Valladolid CF,Cultural y Deportiva Leonesa,Bicho,0,0,0,1,3,1,0,0,28,0,0,0,0,2,0
72,28 Sep 2025,,4c8o5qdotqky0px86x51fl9g4,Álvaro Moreno Aragón,Real Valladolid CF,Cultural y Deportiva Leonesa,Diego Collado,0,1,1,0,3,3,1,0,13,0,0,2,1,7,1
72,28 Sep 2025,,4c8o5qdotqky0px86x51fl9g4,Álvaro Moreno Aragón,Real Valladolid CF,Cultural y Deportiva Leonesa,Rodri Suárez,0,0,1,0,2,2,0,0,19,0,0,0,0,1,0
72,28 Sep 2025,,4c8o5qdotqky0px86x51fl9g4,Álvaro Moreno Aragón,Real Valladolid CF,Cultural y Deportiva Leonesa,Edgar Badia,0,0,0,0,0,0,0,0,29,0,1,0,0,0,0
72,28 Sep 2025,,4c8o5qdotqky0px86x51fl9g4,Álvaro Moreno Aragón,Real Valladolid CF,Cultural y Deportiva Leonesa,A. Pastoriza,0,0,0,1,0,0,0,0,20,0,0,1,1,2,0
72,28 Sep 2025,,4c8o5qdotqky0px86x51fl9g4,Álvaro Moreno Aragón,Real Valladolid CF,Cultural y Deportiva Leonesa,Juan Larios,0,0,0,0,0,0,0,0,2,0,0,0,0,0,0
72,28 Sep 2025,,4c8o5qdotqky0px86x51fl9g4,Álvaro Moreno Aragón,Real Valladolid CF,Cultural y Deportiva Leonesa,M. Barzić,0,0,0,0,1,0,0,0,3,0,0,0,0,0,0
72,28 Sep 2025,,4c8o5qdotqky0px86x51fl9g4,Álvaro Moreno Aragón,Real Valladolid CF,Cultural y Deportiva Leonesa,Yayo González,0,0,0,0,0,0,0,0,3,0,0,1,1,0,0
72,28 Sep 2025,,4c8o5qdotqky0px86x51fl9g4,Álvaro Moreno Aragón,Real Valladolid CF,Cultural y Deportiva Leonesa,S. Diallo,0,0,0,0,0,0,0,0,6,0,0,0,0,1,0
72,28 Sep 2025,,4c8o5qdotqky0px86x51fl9g4,Álvaro Moreno Aragón,Real Valladolid CF,Cultural y Deportiva Leonesa,Paco Cortés,0,0,0,0,0,0,0,0,2,0,0,0,0,0,0
72,28 Sep 2025,,4c8o5qdotqky0px86x51fl9g4,Álvaro Moreno Aragón,Real Valladolid CF,Cultural y Deportiva Leonesa,Manu Justo,0,0,0,0,0,0,0,0,2,0,0,0,0,0,0
73,27 Sep 2025,,4cma83vox4u0dnm0rxibry8es,Carlos Muñiz Muñoz,UD Las Palmas,UD Almería,Manu Fuster,0,2,0,0,1,5,0,0,34,0,0,2,0,2,0
73,27 Sep 2025,,4cma83vox4u0dnm0rxibry8es,Carlos Muñiz Muñoz,UD Las Palmas,UD Almería,L. Amatucci,0,0,0,0,1,2,0,0,61,0,0,0,0,2,0
73,27 Sep 2025,,4cma83vox4u0dnm0rxibry8es,Carlos Muñiz Muñoz,UD Las Palmas,UD Almería,Jonathan Viera,0,1,0,4,0,0,0,2,57,0,0,1,0,0,0
73,27 Sep 2025,,4cma83vox4u0dnm0rxibry8es,Carlos Muñiz Muñoz,UD Las Palmas,UD Almería,E. Loiodice,0,0,0,0,3,1,0,0,54,0,0,0,0,0,0
73,27 Sep 2025,,4cma83vox4u0dnm0rxibry8es,Carlos Muñiz Muñoz,UD Las Palmas,UD Almería,Ale García,0,1,2,2,2,3,0,0,20,0,0,2,1,3,0
73,27 Sep 2025,,4cma83vox4u0dnm0rxibry8es,Carlos Muñiz Muñoz,UD Las Palmas,UD Almería,Cristian Gutiérrez,0,0,0,3,0,1,0,0,47,0,0,1,1,1,0
73,27 Sep 2025,,4cma83vox4u0dnm0rxibry8es,Carlos Muñiz Muñoz,UD Las Palmas,UD Almería,Sergio Barcia,0,0,0,0,1,1,0,0,95,0,0,0,0,0,0
73,27 Sep 2025,,4cma83vox4u0dnm0rxibry8es,Carlos Muñiz Muñoz,UD Las Palmas,UD Almería,D. Horkaš,0,0,0,0,0,0,0,0,28,0,1,0,0,0,0
73,27 Sep 2025,,4cma83vox4u0dnm0rxibry8es,Carlos Muñiz Muñoz,UD Las Palmas,UD Almería,Álex Suárez,0,0,0,0,2,3,0,0,80,0,0,0,0,1,0
73,27 Sep 2025,,4cma83vox4u0dnm0rxibry8es,Carlos Muñiz Muñoz,UD Las Palmas,UD Almería,Marvin Park,0,0,1,5,1,0,0,1,38,0,0,2,0,3,1
73,27 Sep 2025,,4cma83vox4u0dnm0rxibry8es,Carlos Muñiz Muñoz,UD Las Palmas,UD Almería,M. Luković,0,0,0,0,0,0,0,2,6,1,0,0,0,0,0
73,27 Sep 2025,,4cma83vox4u0dnm0rxibry8es,Carlos Muñiz Muñoz,UD Las Palmas,UD Almería,Iván Gil,0,0,2,5,0,0,0,1,22,0,0,0,0,0,0
73,27 Sep 2025,,4cma83vox4u0dnm0rxibry8es,Carlos Muñiz Muñoz,UD Las Palmas,UD Almería,E. Cedeño,0,0,0,0,0,0,0,0,13,0,0,0,0,0,0
73,27 Sep 2025,,4cma83vox4u0dnm0rxibry8es,Carlos Muñiz Muñoz,UD Las Palmas,UD Almería,Viti Rozada,0,0,0,0,1,0,0,0,4,0,0,1,1,0,1
73,27 Sep 2025,,4cma83vox4u0dnm0rxibry8es,Carlos Muñiz Muñoz,UD Las Palmas,UD Almería,Pejiño,0,0,0,1,0,0,0,0,8,0,0,0,0,0,0
73,27 Sep 2025,,4cma83vox4u0dnm0rxibry8es,Carlos Muñiz Muñoz,UD Las Palmas,UD Almería,Jesé,0,0,0,1,0,0,0,0,1,0,0,0,0,0,0
73,27 Sep 2025,,4cma83vox4u0dnm0rxibry8es,Carlos Muñiz Muñoz,UD Las Palmas,UD Almería,Álex Muñoz,1,0,0,2,2,1,0,0,35,0,0,0,0,3,0
73,27 Sep 2025,,4cma83vox4u0dnm0rxibry8es,Carlos Muñiz Muñoz,UD Las Palmas,UD Almería,Adri Embarba,0,0,0,0,4,0,0,0,22,1,0,2,0,3,2
73,27 Sep 2025,,4cma83vox4u0dnm0rxibry8es,Carlos Muñiz Muñoz,UD Las Palmas,UD Almería,Nélson Monte,0,0,0,0,1,0,0,0,40,0,0,0,0,1,1
73,27 Sep 2025,,4cma83vox4u0dnm0rxibry8es,Carlos Muñiz Muñoz,UD Las Palmas,UD Almería,D. Chirino,0,1,1,1,0,2,0,0,39,0,0,1,0,5,0
73,27 Sep 2025,,4cma83vox4u0dnm0rxibry8es,Carlos Muñiz Muñoz,UD Las Palmas,UD Almería,S. Džodić,0,0,0,0,3,2,0,0,19,0,0,0,0,0,0
73,27 Sep 2025,,4cma83vox4u0dnm0rxibry8es,Carlos Muñiz Muñoz,UD Las Palmas,UD Almería,Sergio Arribas,0,0,0,0,1,0,1,0,19,0,0,3,1,1,0
73,27 Sep 2025,,4cma83vox4u0dnm0rxibry8es,Carlos Muñiz Muñoz,UD Las Palmas,UD Almería,Andrés Fernández,0,0,0,0,0,0,0,0,26,0,3,0,0,0,0
73,27 Sep 2025,,4cma83vox4u0dnm0rxibry8es,Carlos Muñiz Muñoz,UD Las Palmas,UD Almería,F. Bonini,0,0,0,0,0,0,0,0,41,0,0,0,0,1,0
73,27 Sep 2025,,4cma83vox4u0dnm0rxibry8es,Carlos Muñiz Muñoz,UD Las Palmas,UD Almería,Nico Melamed,0,0,0,0,1,0,0,0,27,0,0,3,0,2,0
73,27 Sep 2025,,4cma83vox4u0dnm0rxibry8es,Carlos Muñiz Muñoz,UD Las Palmas,UD Almería,Gui,0,0,0,0,2,1,0,0,18,0,0,0,0,0,1
73,27 Sep 2025,,4cma83vox4u0dnm0rxibry8es,Carlos Muñiz Muñoz,UD Las Palmas,UD Almería,P. Soko,0,0,0,0,1,1,0,0,8,0,0,1,0,1,0
73,27 Sep 2025,,4cma83vox4u0dnm0rxibry8es,Carlos Muñiz Muñoz,UD Las Palmas,UD Almería,I. Baba,0,0,0,0,0,1,0,0,16,0,0,0,0,1,0
73,27 Sep 2025,,4cma83vox4u0dnm0rxibry8es,Carlos Muñiz Muñoz,UD Las Palmas,UD Almería,Léo Baptistão,0,0,0,1,0,2,0,0,7,0,0,1,0,0,0
73,27 Sep 2025,,4cma83vox4u0dnm0rxibry8es,Carlos Muñiz Muñoz,UD Las Palmas,UD Almería,Arnau Puigmal,0,0,0,0,2,0,0,0,12,0,0,1,0,1,0
73,27 Sep 2025,,4cma83vox4u0dnm0rxibry8es,Carlos Muñiz Muñoz,UD Las Palmas,UD Almería,Selvi Clua,0,0,0,0,0,0,0,0,14,0,0,1,1,1,0
73,27 Sep 2025,,4cma83vox4u0dnm0rxibry8es,Carlos Muñiz Muñoz,UD Las Palmas,UD Almería,Álex Centelles,0,0,0,0,0,0,0,0,3,0,0,0,0,0,0
74,27 Sep 2025,,4d1mk6snjkqgvg9amtwlm1qfo,Eder Mallo Fernández,Real Racing Club,FC Andorra,Aritz Aldasoro,0,0,1,1,1,3,0,0,27,0,0,1,0,1,0
74,27 Sep 2025,,4d1mk6snjkqgvg9amtwlm1qfo,Eder Mallo Fernández,Real Racing Club,FC Andorra,Iñigo Vicente,0,0,2,9,1,0,0,0,50,0,0,1,1,3,1
74,27 Sep 2025,,4d1mk6snjkqgvg9amtwlm1qfo,Eder Mallo Fernández,Real Racing Club,FC Andorra,J. Arévalo,0,0,1,1,0,0,0,0,20,0,0,2,1,0,0
74,27 Sep 2025,,4d1mk6snjkqgvg9amtwlm1qfo,Eder Mallo Fernández,Real Racing Club,FC Andorra,Jokin Ezkieta,0,0,0,0,0,0,0,0,19,0,2,0,0,0,0
74,27 Sep 2025,,4d1mk6snjkqgvg9amtwlm1qfo,Eder Mallo Fernández,Real Racing Club,FC Andorra,Marco Sangalli,0,1,1,1,2,3,1,1,52,0,0,3,1,0,1
74,27 Sep 2025,,4d1mk6snjkqgvg9amtwlm1qfo,Eder Mallo Fernández,Real Racing Club,FC Andorra,Andrés Martín,0,1,2,11,0,2,0,0,27,0,0,1,0,2,1
74,27 Sep 2025,,4d1mk6snjkqgvg9amtwlm1qfo,Eder Mallo Fernández,Real Racing Club,FC Andorra,Jorge Salinas,0,2,1,0,0,0,0,0,53,0,0,4,0,5,0
74,27 Sep 2025,,4d1mk6snjkqgvg9amtwlm1qfo,Eder Mallo Fernández,Real Racing Club,FC Andorra,F. González,0,0,0,0,1,1,0,0,66,0,0,0,0,1,0
74,27 Sep 2025,,4d1mk6snjkqgvg9amtwlm1qfo,Eder Mallo Fernández,Real Racing Club,FC Andorra,Javi Castro,0,1,0,0,2,0,0,0,60,0,0,3,1,2,0
74,27 Sep 2025,,4d1mk6snjkqgvg9amtwlm1qfo,Eder Mallo Fernández,Real Racing Club,FC Andorra,Álvaro Mantilla,0,0,2,3,1,2,0,0,24,0,0,0,0,1,0
74,27 Sep 2025,,4d1mk6snjkqgvg9amtwlm1qfo,Eder Mallo Fernández,Real Racing Club,FC Andorra,Sergio Martínez,0,0,0,0,1,1,0,0,24,0,0,0,0,0,0
74,27 Sep 2025,,4d1mk6snjkqgvg9amtwlm1qfo,Eder Mallo Fernández,Real Racing Club,FC Andorra,Asier Villalibre,0,0,2,0,0,0,0,2,3,0,0,2,1,1,0
74,27 Sep 2025,,4d1mk6snjkqgvg9amtwlm1qfo,Eder Mallo Fernández,Real Racing Club,FC Andorra,M. Gueye,0,0,1,1,1,1,0,0,17,0,0,1,1,1,0
74,27 Sep 2025,,4d1mk6snjkqgvg9amtwlm1qfo,Eder Mallo Fernández,Real Racing Club,FC Andorra,S. Camara,0,0,3,5,0,4,0,0,8,0,0,0,0,0,0
74,27 Sep 2025,,4d1mk6snjkqgvg9amtwlm1qfo,Eder Mallo Fernández,Real Racing Club,FC Andorra,Yeray Cabanzón,0,0,0,4,1,0,0,0,8,0,0,0,0,1,0
74,27 Sep 2025,,4d1mk6snjkqgvg9amtwlm1qfo,Eder Mallo Fernández,Real Racing Club,FC Andorra,Pablo Ramón,0,0,0,0,0,0,0,0,9,0,0,0,0,0,0
74,27 Sep 2025,,4d1mk6snjkqgvg9amtwlm1qfo,Eder Mallo Fernández,Real Racing Club,FC Andorra,L. de León,0,0,0,0,0,1,1,5,6,0,0,2,1,0,0
74,27 Sep 2025,,4d1mk6snjkqgvg9amtwlm1qfo,Eder Mallo Fernández,Real Racing Club,FC Andorra,Sergio Molina,0,0,0,0,1,0,0,0,41,0,0,0,0,1,1
74,27 Sep 2025,,4d1mk6snjkqgvg9amtwlm1qfo,Eder Mallo Fernández,Real Racing Club,FC Andorra,Bomba,0,0,0,0,1,0,0,0,53,0,0,0,0,1,0
74,27 Sep 2025,,4d1mk6snjkqgvg9amtwlm1qfo,Eder Mallo Fernández,Real Racing Club,FC Andorra,Áron Yaakobishvili,0,0,0,0,0,0,0,0,35,0,5,0,0,0,0
74,27 Sep 2025,,4d1mk6snjkqgvg9amtwlm1qfo,Eder Mallo Fernández,Real Racing Club,FC Andorra,Martí Vilà,0,0,0,3,2,1,0,0,30,0,0,0,0,0,0
74,27 Sep 2025,,4d1mk6snjkqgvg9amtwlm1qfo,Eder Mallo Fernández,Real Racing Club,FC Andorra,Gael Alonso,0,1,1,0,0,0,0,0,40,0,0,1,0,4,0
74,27 Sep 2025,,4d1mk6snjkqgvg9amtwlm1qfo,Eder Mallo Fernández,Real Racing Club,FC Andorra,Dani Villahermosa,0,1,0,0,1,2,0,0,45,0,0,2,0,4,0
74,27 Sep 2025,,4d1mk6snjkqgvg9amtwlm1qfo,Eder Mallo Fernández,Real Racing Club,FC Andorra,Aingeru Olabarrieta,0,0,0,0,0,0,0,0,10,0,0,2,0,1,0
74,27 Sep 2025,,4d1mk6snjkqgvg9amtwlm1qfo,Eder Mallo Fernández,Real Racing Club,FC Andorra,T. Le Normand,0,0,0,0,2,2,0,1,11,0,0,1,0,0,0
74,27 Sep 2025,,4d1mk6snjkqgvg9amtwlm1qfo,Eder Mallo Fernández,Real Racing Club,FC Andorra,T. Carrique,0,0,1,1,1,0,0,0,23,0,0,0,0,0,0
74,27 Sep 2025,,4d1mk6snjkqgvg9amtwlm1qfo,Eder Mallo Fernández,Real Racing Club,FC Andorra,Kim Min-Su,1,0,1,1,3,2,0,0,16,0,0,2,2,1,1
74,27 Sep 2025,,4d1mk6snjkqgvg9amtwlm1qfo,Eder Mallo Fernández,Real Racing Club,FC Andorra,Álex Calvo,0,0,0,0,3,2,1,1,5,0,0,1,1,0,0
74,27 Sep 2025,,4d1mk6snjkqgvg9amtwlm1qfo,Eder Mallo Fernández,Real Racing Club,FC Andorra,Marc Domènech,0,1,0,0,2,0,0,0,15,0,0,1,0,1,0
74,27 Sep 2025,,4d1mk6snjkqgvg9amtwlm1qfo,Eder Mallo Fernández,Real Racing Club,FC Andorra,Jastin García,0,2,0,0,0,0,0,1,9,0,0,2,0,1,0
74,27 Sep 2025,,4d1mk6snjkqgvg9amtwlm1qfo,Eder Mallo Fernández,Real Racing Club,FC Andorra,Imanol García de Albéniz,0,0,0,0,0,0,0,1,6,0,0,0,0,0,0
74,27 Sep 2025,,4d1mk6snjkqgvg9amtwlm1qfo,Eder Mallo Fernández,Real Racing Club,FC Andorra,Álex Petxa,0,0,0,0,1,0,0,0,6,0,0,0,0,4,1
75,28 Sep 2025,,4dfdfh4tkvkjmr5ny7gw2a7f8,Daniel Palencia Caballero,Burgos CF,Málaga CF,Miguel Atienza,0,0,0,0,1,0,0,0,42,0,0,0,0,2,1
75,28 Sep 2025,,4dfdfh4tkvkjmr5ny7gw2a7f8,Daniel Palencia Caballero,Burgos CF,Málaga CF,F. Miguel,0,0,0,1,1,1,1,0,27,0,0,2,1,6,0
75,28 Sep 2025,,4dfdfh4tkvkjmr5ny7gw2a7f8,Daniel Palencia Caballero,Burgos CF,Málaga CF,Iván Morante,0,1,0,1,1,1,0,0,45,0,0,1,0,2,0
75,28 Sep 2025,,4dfdfh4tkvkjmr5ny7gw2a7f8,Daniel Palencia Caballero,Burgos CF,Málaga CF,Fer Niño,0,0,0,0,3,4,0,0,18,0,0,0,0,1,1
75,28 Sep 2025,,4dfdfh4tkvkjmr5ny7gw2a7f8,Daniel Palencia Caballero,Burgos CF,Málaga CF,Álex Lizancos,0,0,0,2,3,0,0,0,36,0,0,1,0,1,0
75,28 Sep 2025,,4dfdfh4tkvkjmr5ny7gw2a7f8,Daniel Palencia Caballero,Burgos CF,Málaga CF,Aitor Córdoba,0,0,0,0,0,0,0,0,54,0,0,0,0,0,1
75,28 Sep 2025,,4dfdfh4tkvkjmr5ny7gw2a7f8,Daniel Palencia Caballero,Burgos CF,Málaga CF,David González,2,0,0,7,0,2,0,0,21,0,0,1,1,0,1
75,28 Sep 2025,,4dfdfh4tkvkjmr5ny7gw2a7f8,Daniel Palencia Caballero,Burgos CF,Málaga CF,Ander Cantero,0,0,0,0,0,0,0,0,28,0,1,0,0,0,0
75,28 Sep 2025,,4dfdfh4tkvkjmr5ny7gw2a7f8,Daniel Palencia Caballero,Burgos CF,Málaga CF,Iñigo Córdoba,0,0,0,0,0,2,0,0,9,0,0,0,0,2,0
75,28 Sep 2025,,4dfdfh4tkvkjmr5ny7gw2a7f8,Daniel Palencia Caballero,Burgos CF,Málaga CF,K. Appin,0,0,0,2,2,3,1,0,22,0,0,1,1,0,0
75,28 Sep 2025,,4dfdfh4tkvkjmr5ny7gw2a7f8,Daniel Palencia Caballero,Burgos CF,Málaga CF,Grego Sierra,0,0,0,0,1,1,0,0,32,0,0,0,0,1,0
75,28 Sep 2025,,4dfdfh4tkvkjmr5ny7gw2a7f8,Daniel Palencia Caballero,Burgos CF,Málaga CF,Curro Sánchez,0,0,0,0,1,1,0,0,19,0,0,0,0,0,1
75,28 Sep 2025,,4dfdfh4tkvkjmr5ny7gw2a7f8,Daniel Palencia Caballero,Burgos CF,Málaga CF,Mario González,0,0,0,0,0,1,0,1,4,0,0,1,0,0,0
75,28 Sep 2025,,4dfdfh4tkvkjmr5ny7gw2a7f8,Daniel Palencia Caballero,Burgos CF,Málaga CF,Sergio González,0,0,0,0,0,1,0,0,12,0,0,0,0,0,0
75,28 Sep 2025,,4dfdfh4tkvkjmr5ny7gw2a7f8,Daniel Palencia Caballero,Burgos CF,Málaga CF,Fermín García,0,0,0,1,0,0,0,0,9,0,0,0,0,1,0
75,28 Sep 2025,,4dfdfh4tkvkjmr5ny7gw2a7f8,Daniel Palencia Caballero,Burgos CF,Málaga CF,Mario Cantero,0,0,0,0,0,0,0,0,1,0,0,0,0,0,0
75,28 Sep 2025,,4dfdfh4tkvkjmr5ny7gw2a7f8,Daniel Palencia Caballero,Burgos CF,Málaga CF,Julen Lobete,1,0,0,1,0,1,0,0,23,0,0,0,0,1,0
75,28 Sep 2025,,4dfdfh4tkvkjmr5ny7gw2a7f8,Daniel Palencia Caballero,Burgos CF,Málaga CF,Alfonso Herrero,0,0,0,0,0,0,0,0,24,0,1,0,0,0,0
75,28 Sep 2025,,4dfdfh4tkvkjmr5ny7gw2a7f8,Daniel Palencia Caballero,Burgos CF,Málaga CF,Chupe,0,0,1,2,2,1,0,0,10,0,0,0,0,0,0
75,28 Sep 2025,,4dfdfh4tkvkjmr5ny7gw2a7f8,Daniel Palencia Caballero,Burgos CF,Málaga CF,Rafa Rodríguez,0,2,0,0,2,3,0,0,14,0,0,3,0,2,1
75,28 Sep 2025,,4dfdfh4tkvkjmr5ny7gw2a7f8,Daniel Palencia Caballero,Burgos CF,Málaga CF,Einar Galilea,0,0,0,0,1,1,0,0,44,1,0,0,0,0,2
75,28 Sep 2025,,4dfdfh4tkvkjmr5ny7gw2a7f8,Daniel Palencia Caballero,Burgos CF,Málaga CF,Dani Lorenzo,0,0,1,0,2,0,1,0,46,0,0,1,1,2,0
75,28 Sep 2025,,4dfdfh4tkvkjmr5ny7gw2a7f8,Daniel Palencia Caballero,Burgos CF,Málaga CF,Diego Murillo,0,0,0,1,2,1,0,0,51,0,0,0,0,1,1
75,28 Sep 2025,,4dfdfh4tkvkjmr5ny7gw2a7f8,Daniel Palencia Caballero,Burgos CF,Málaga CF,David Larrubia,0,1,1,4,1,1,0,0,17,0,0,2,1,2,0
75,28 Sep 2025,,4dfdfh4tkvkjmr5ny7gw2a7f8,Daniel Palencia Caballero,Burgos CF,Málaga CF,Javi Montero,0,0,0,0,4,0,0,0,54,0,0,0,0,0,0
75,28 Sep 2025,,4dfdfh4tkvkjmr5ny7gw2a7f8,Daniel Palencia Caballero,Burgos CF,Málaga CF,Juanpe,0,0,0,1,1,0,0,0,35,0,0,0,0,3,0
75,28 Sep 2025,,4dfdfh4tkvkjmr5ny7gw2a7f8,Daniel Palencia Caballero,Burgos CF,Málaga CF,Dani Sánchez,0,0,0,1,0,1,0,0,15,0,0,0,0,0,0
75,28 Sep 2025,,4dfdfh4tkvkjmr5ny7gw2a7f8,Daniel Palencia Caballero,Burgos CF,Málaga CF,Jokin Gabilondo,0,0,0,2,1,0,0,0,23,0,0,0,0,0,0
75,28 Sep 2025,,4dfdfh4tkvkjmr5ny7gw2a7f8,Daniel Palencia Caballero,Burgos CF,Málaga CF,Carlos Dotor,0,0,0,0,0,2,0,0,18,0,0,0,0,0,0
75,28 Sep 2025,,4dfdfh4tkvkjmr5ny7gw2a7f8,Daniel Palencia Caballero,Burgos CF,Málaga CF,Eneko Jauregi,0,0,0,0,1,0,0,0,2,0,0,0,0,0,0
75,28 Sep 2025,,4dfdfh4tkvkjmr5ny7gw2a7f8,Daniel Palencia Caballero,Burgos CF,Málaga CF,Josué Dorrio,0,0,0,1,0,1,0,0,7,0,0,0,0,0,0
75,28 Sep 2025,,4dfdfh4tkvkjmr5ny7gw2a7f8,Daniel Palencia Caballero,Burgos CF,Málaga CF,H. Abaida,0,0,0,1,0,0,0,0,3,0,0,0,0,0,0
76,28 Sep 2025,,4dt2v63aoz3dhp6yaoxz9j578,Alejandro Morilla Turrión,Cádiz CF,AD Ceuta FC,Sergio Ortuño,0,0,0,0,2,1,0,0,59,0,0,1,1,2,0
76,28 Sep 2025,,4dt2v63aoz3dhp6yaoxz9j578,Alejandro Morilla Turrión,Cádiz CF,AD Ceuta FC,Iker Recio,0,0,0,0,1,0,0,0,39,0,0,0,0,0,1
76,28 Sep 2025,,4dt2v63aoz3dhp6yaoxz9j578,Alejandro Morilla Turrión,Cádiz CF,AD Ceuta FC,Álvaro García Pascual,0,0,0,0,0,2,0,2,11,0,0,1,0,3,0
76,28 Sep 2025,,4dt2v63aoz3dhp6yaoxz9j578,Alejandro Morilla Turrión,Cádiz CF,AD Ceuta FC,Iza Carcelén,0,0,0,1,0,3,0,0,33,0,0,0,0,1,0
76,28 Sep 2025,,4dt2v63aoz3dhp6yaoxz9j578,Alejandro Morilla Turrión,Cádiz CF,AD Ceuta FC,Victor Aznar,0,0,0,0,0,0,0,0,23,0,3,0,0,0,0
76,28 Sep 2025,,4dt2v63aoz3dhp6yaoxz9j578,Alejandro Morilla Turrión,Cádiz CF,AD Ceuta FC,Mario Climent,0,0,0,3,1,0,0,0,32,0,0,1,0,1,0
76,28 Sep 2025,,4dt2v63aoz3dhp6yaoxz9j578,Alejandro Morilla Turrión,Cádiz CF,AD Ceuta FC,M. Diakité,0,0,0,0,1,2,0,0,39,0,0,1,0,3,1
76,28 Sep 2025,,4dt2v63aoz3dhp6yaoxz9j578,Alejandro Morilla Turrión,Cádiz CF,AD Ceuta FC,Suso,0,0,1,3,0,4,0,0,38,0,0,0,0,0,0
76,28 Sep 2025,,4dt2v63aoz3dhp6yaoxz9j578,Alejandro Morilla Turrión,Cádiz CF,AD Ceuta FC,I. Tabatadze,0,0,0,2,2,0,0,1,15,0,0,2,1,0,0
76,28 Sep 2025,,4dt2v63aoz3dhp6yaoxz9j578,Alejandro Morilla Turrión,Cádiz CF,AD Ceuta FC,B. Kovačević,0,0,0,0,0,0,0,1,39,0,0,0,0,1,0
76,28 Sep 2025,,4dt2v63aoz3dhp6yaoxz9j578,Alejandro Morilla Turrión,Cádiz CF,AD Ceuta FC,Y. Diarra,0,0,0,1,2,2,0,0,8,0,0,1,0,0,0
76,28 Sep 2025,,4dt2v63aoz3dhp6yaoxz9j578,Alejandro Morilla Turrión,Cádiz CF,AD Ceuta FC,Javi Ontiveros,0,0,0,0,1,0,0,0,18,0,0,0,0,1,0
76,28 Sep 2025,,4dt2v63aoz3dhp6yaoxz9j578,Alejandro Morilla Turrión,Cádiz CF,AD Ceuta FC,D. Camara,0,0,0,0,0,0,0,0,3,0,0,1,1,0,0
76,28 Sep 2025,,4dt2v63aoz3dhp6yaoxz9j578,Alejandro Morilla Turrión,Cádiz CF,AD Ceuta FC,Roger,0,0,0,0,0,1,0,0,2,0,0,0,0,0,0
76,28 Sep 2025,,4dt2v63aoz3dhp6yaoxz9j578,Alejandro Morilla Turrión,Cádiz CF,AD Ceuta FC,Raúl Pereira,0,0,0,1,0,0,0,0,4,0,0,0,0,0,0
76,28 Sep 2025,,4dt2v63aoz3dhp6yaoxz9j578,Alejandro Morilla Turrión,Cádiz CF,AD Ceuta FC,Y. Lachhab,0,0,0,0,1,0,0,0,71,0,0,1,1,1,0
76,28 Sep 2025,,4dt2v63aoz3dhp6yaoxz9j578,Alejandro Morilla Turrión,Cádiz CF,AD Ceuta FC,K. Koné,0,0,1,0,1,0,0,1,38,0,0,0,0,1,0
76,28 Sep 2025,,4dt2v63aoz3dhp6yaoxz9j578,Alejandro Morilla Turrión,Cádiz CF,AD Ceuta FC,Rubén Díez,0,0,0,5,3,2,0,0,72,0,0,1,0,2,0
76,28 Sep 2025,,4dt2v63aoz3dhp6yaoxz9j578,Alejandro Morilla Turrión,Cádiz CF,AD Ceuta FC,A. Tuhami,0,1,0,3,0,2,0,0,39,0,0,1,0,0,0
76,28 Sep 2025,,4dt2v63aoz3dhp6yaoxz9j578,Alejandro Morilla Turrión,Cádiz CF,AD Ceuta FC,Guille Vallejo,0,0,0,0,0,0,0,0,43,0,3,0,0,0,0
76,28 Sep 2025,,4dt2v63aoz3dhp6yaoxz9j578,Alejandro Morilla Turrión,Cádiz CF,AD Ceuta FC,Diego González,0,0,0,0,0,0,0,0,67,0,0,0,0,0,0
76,28 Sep 2025,,4dt2v63aoz3dhp6yaoxz9j578,Alejandro Morilla Turrión,Cádiz CF,AD Ceuta FC,José Matos,0,0,0,6,3,2,0,0,35,0,0,1,0,3,0
76,28 Sep 2025,,4dt2v63aoz3dhp6yaoxz9j578,Alejandro Morilla Turrión,Cádiz CF,AD Ceuta FC,Kuki Zalazar,0,0,0,1,2,1,0,0,51,0,0,0,0,3,0
76,28 Sep 2025,,4dt2v63aoz3dhp6yaoxz9j578,Alejandro Morilla Turrión,Cádiz CF,AD Ceuta FC,Carlos Hernández,0,0,0,0,2,0,0,0,41,0,0,1,1,0,0
76,28 Sep 2025,,4dt2v63aoz3dhp6yaoxz9j578,Alejandro Morilla Turrión,Cádiz CF,AD Ceuta FC,Aisar,0,0,0,4,1,1,0,0,18,0,0,2,1,1,1
76,28 Sep 2025,,4dt2v63aoz3dhp6yaoxz9j578,Alejandro Morilla Turrión,Cádiz CF,AD Ceuta FC,Marcos Fernández,0,0,0,2,1,0,0,0,12,0,0,4,0,0,0
76,28 Sep 2025,,4dt2v63aoz3dhp6yaoxz9j578,Alejandro Morilla Turrión,Cádiz CF,AD Ceuta FC,K. de la Fuente,0,0,0,0,1,0,0,0,3,0,0,0,0,1,0
76,28 Sep 2025,,4dt2v63aoz3dhp6yaoxz9j578,Alejandro Morilla Turrión,Cádiz CF,AD Ceuta FC,Salvi Sánchez,0,0,0,2,0,0,0,0,3,0,0,0,0,0,0
76,28 Sep 2025,,4dt2v63aoz3dhp6yaoxz9j578,Alejandro Morilla Turrión,Cádiz CF,AD Ceuta FC,Cristian Rodríguez,0,0,0,1,0,1,0,0,10,0,0,0,0,0,0
76,28 Sep 2025,,4dt2v63aoz3dhp6yaoxz9j578,Alejandro Morilla Turrión,Cádiz CF,AD Ceuta FC,Capa,0,0,0,0,1,0,0,0,1,0,0,0,0,0,1
76,28 Sep 2025,,4dt2v63aoz3dhp6yaoxz9j578,Alejandro Morilla Turrión,Cádiz CF,AD Ceuta FC,Y. Bodiger,0,0,0,0,0,0,0,0,1,0,0,0,0,0,0
77,26 Sep 2025,,4e6pn8z332nks3xtupckwjfo4,Manuel Jesús Orellana Cid,CD Mirandés,Real Zaragoza,Adrián Pica,0,0,0,0,1,1,0,0,39,0,0,0,0,1,0
77,26 Sep 2025,,4e6pn8z332nks3xtupckwjfo4,Manuel Jesús Orellana Cid,CD Mirandés,Real Zaragoza,Hugo Novoa,0,0,1,3,3,1,0,1,36,0,0,1,0,1,0
77,26 Sep 2025,,4e6pn8z332nks3xtupckwjfo4,Manuel Jesús Orellana Cid,CD Mirandés,Real Zaragoza,Rafel Bauzà,0,0,0,0,3,0,0,0,51,0,0,2,0,4,1
77,26 Sep 2025,,4e6pn8z332nks3xtupckwjfo4,Manuel Jesús Orellana Cid,CD Mirandés,Real Zaragoza,Pablo López,0,2,2,6,1,2,0,0,18,0,0,2,0,0,0
77,26 Sep 2025,,4e6pn8z332nks3xtupckwjfo4,Manuel Jesús Orellana Cid,CD Mirandés,Real Zaragoza,I. Nikić,0,0,0,0,0,0,0,0,29,0,1,0,0,0,0
77,26 Sep 2025,,4e6pn8z332nks3xtupckwjfo4,Manuel Jesús Orellana Cid,CD Mirandés,Real Zaragoza,Fernando Medrano,0,0,0,6,2,1,0,1,23,0,0,0,0,0,0
77,26 Sep 2025,,4e6pn8z332nks3xtupckwjfo4,Manuel Jesús Orellana Cid,CD Mirandés,Real Zaragoza,Carlos Fernández,0,0,0,0,1,0,0,0,24,0,0,0,0,0,0
77,26 Sep 2025,,4e6pn8z332nks3xtupckwjfo4,Manuel Jesús Orellana Cid,CD Mirandés,Real Zaragoza,G. Petit,0,3,0,0,1,2,0,0,9,0,0,4,0,1,0
77,26 Sep 2025,,4e6pn8z332nks3xtupckwjfo4,Manuel Jesús Orellana Cid,CD Mirandés,Real Zaragoza,Marino Illescas,0,0,1,5,1,4,0,0,67,0,0,2,1,0,0
77,26 Sep 2025,,4e6pn8z332nks3xtupckwjfo4,Manuel Jesús Orellana Cid,CD Mirandés,Real Zaragoza,Postigo,0,0,0,0,0,3,0,0,40,0,0,0,0,0,0
77,26 Sep 2025,,4e6pn8z332nks3xtupckwjfo4,Manuel Jesús Orellana Cid,CD Mirandés,Real Zaragoza,Juan Gutiérrez,0,1,0,0,3,0,0,0,52,0,0,1,0,2,0
77,26 Sep 2025,,4e6pn8z332nks3xtupckwjfo4,Manuel Jesús Orellana Cid,CD Mirandés,Real Zaragoza,Pablo Pérez,0,0,1,3,2,1,0,0,29,0,0,0,0,1,1
77,26 Sep 2025,,4e6pn8z332nks3xtupckwjfo4,Manuel Jesús Orellana Cid,CD Mirandés,Real Zaragoza,Iker Córdoba,0,0,0,0,1,0,0,0,20,0,0,0,0,0,0
77,26 Sep 2025,,4e6pn8z332nks3xtupckwjfo4,Manuel Jesús Orellana Cid,CD Mirandés,Real Zaragoza,S. El Jebari,0,0,0,2,0,2,0,0,3,0,0,0,0,0,0
77,26 Sep 2025,,4e6pn8z332nks3xtupckwjfo4,Manuel Jesús Orellana Cid,CD Mirandés,Real Zaragoza,Alberto Marí,0,1,0,0,0,0,0,0,2,0,0,2,1,0,0
77,26 Sep 2025,,4e6pn8z332nks3xtupckwjfo4,Manuel Jesús Orellana Cid,CD Mirandés,Real Zaragoza,Iker Varela,0,0,0,0,0,1,0,0,2,0,0,0,0,0,1
77,26 Sep 2025,,4e6pn8z332nks3xtupckwjfo4,Manuel Jesús Orellana Cid,CD Mirandés,Real Zaragoza,Raúl Guti,0,1,0,1,1,1,0,0,48,0,0,1,0,1,1
77,26 Sep 2025,,4e6pn8z332nks3xtupckwjfo4,Manuel Jesús Orellana Cid,CD Mirandés,Real Zaragoza,Tachi,0,0,0,0,0,1,0,0,68,0,0,0,0,2,0
77,26 Sep 2025,,4e6pn8z332nks3xtupckwjfo4,Manuel Jesús Orellana Cid,CD Mirandés,Real Zaragoza,Marcos Cuenca,0,1,2,1,1,1,0,0,8,0,0,3,1,0,0
77,26 Sep 2025,,4e6pn8z332nks3xtupckwjfo4,Manuel Jesús Orellana Cid,CD Mirandés,Real Zaragoza,Francho Serrano,0,0,0,1,2,1,0,0,56,0,0,0,0,0,0
77,26 Sep 2025,,4e6pn8z332nks3xtupckwjfo4,Manuel Jesús Orellana Cid,CD Mirandés,Real Zaragoza,Pablo Insua,0,1,0,0,0,0,0,0,54,0,0,1,0,1,0
77,26 Sep 2025,,4e6pn8z332nks3xtupckwjfo4,Manuel Jesús Orellana Cid,CD Mirandés,Real Zaragoza,Carlos Pomares,0,0,0,3,3,1,0,0,43,0,0,1,0,3,1
77,26 Sep 2025,,4e6pn8z332nks3xtupckwjfo4,Manuel Jesús Orellana Cid,CD Mirandés,Real Zaragoza,Sebas Moyano,0,1,0,4,0,6,1,0,28,0,0,2,1,0,0
77,26 Sep 2025,,4e6pn8z332nks3xtupckwjfo4,Manuel Jesús Orellana Cid,CD Mirandés,Real Zaragoza,E. Andrada,0,0,0,0,0,0,0,0,31,0,2,0,0,0,1
77,26 Sep 2025,,4e6pn8z332nks3xtupckwjfo4,Manuel Jesús Orellana Cid,CD Mirandés,Real Zaragoza,P. Akouokou,0,0,0,0,2,0,0,0,52,0,0,0,0,0,0
77,26 Sep 2025,,4e6pn8z332nks3xtupckwjfo4,Manuel Jesús Orellana Cid,CD Mirandés,Real Zaragoza,Yussif Saidu,0,0,0,0,2,1,0,0,39,0,0,1,0,1,1
77,26 Sep 2025,,4e6pn8z332nks3xtupckwjfo4,Manuel Jesús Orellana Cid,CD Mirandés,Real Zaragoza,Dani Gómez,0,0,0,0,4,1,0,0,18,0,0,0,0,0,0
77,26 Sep 2025,,4e6pn8z332nks3xtupckwjfo4,Manuel Jesús Orellana Cid,CD Mirandés,Real Zaragoza,Paulino de la Fuente,0,0,0,1,0,3,0,0,17,0,0,1,0,1,0
77,26 Sep 2025,,4e6pn8z332nks3xtupckwjfo4,Manuel Jesús Orellana Cid,CD Mirandés,Real Zaragoza,K. Bare,0,0,0,0,1,1,0,0,4,0,0,0,0,1,0
77,26 Sep 2025,,4e6pn8z332nks3xtupckwjfo4,Manuel Jesús Orellana Cid,CD Mirandés,Real Zaragoza,Dani Tasende,0,0,0,0,1,1,0,0,1,0,0,0,0,0,0
77,26 Sep 2025,,4e6pn8z332nks3xtupckwjfo4,Manuel Jesús Orellana Cid,CD Mirandés,Real Zaragoza,S. Baždar,0,0,0,0,1,1,0,0,1,0,0,0,0,0,0
78,4 Oct 2025,,4ekfs4bpmbtgisy8qv2mjkv84,Saúl Ais Reig,FC Andorra,CD Leganés,L. de León,0,0,1,0,2,3,0,2,9,0,0,2,1,0,0
78,4 Oct 2025,,4ekfs4bpmbtgisy8qv2mjkv84,Saúl Ais Reig,FC Andorra,CD Leganés,Sergio Molina,1,0,0,1,0,1,0,0,56,0,0,0,0,1,0
78,4 Oct 2025,,4ekfs4bpmbtgisy8qv2mjkv84,Saúl Ais Reig,FC Andorra,CD Leganés,Martí Vilà,0,0,0,5,2,0,0,0,60,0,0,0,0,3,0
78,4 Oct 2025,,4ekfs4bpmbtgisy8qv2mjkv84,Saúl Ais Reig,FC Andorra,CD Leganés,Gael Alonso,0,0,0,0,1,1,1,0,100,0,0,1,1,4,0
78,4 Oct 2025,,4ekfs4bpmbtgisy8qv2mjkv84,Saúl Ais Reig,FC Andorra,CD Leganés,Aingeru Olabarrieta,0,1,4,7,0,1,0,0,26,0,0,1,0,1,0
78,4 Oct 2025,,4ekfs4bpmbtgisy8qv2mjkv84,Saúl Ais Reig,FC Andorra,CD Leganés,Marc Domènech,0,0,0,0,1,0,0,0,19,0,0,1,1,0,0
78,4 Oct 2025,,4ekfs4bpmbtgisy8qv2mjkv84,Saúl Ais Reig,FC Andorra,CD Leganés,Kim Min-Su,0,0,0,1,0,1,0,0,17,0,0,0,0,2,0
78,4 Oct 2025,,4ekfs4bpmbtgisy8qv2mjkv84,Saúl Ais Reig,FC Andorra,CD Leganés,T. Carrique,0,0,0,2,0,0,0,0,11,0,0,0,0,1,0
78,4 Oct 2025,,4ekfs4bpmbtgisy8qv2mjkv84,Saúl Ais Reig,FC Andorra,CD Leganés,Diego Alende,0,0,0,0,0,0,0,1,67,0,0,0,0,0,0
78,4 Oct 2025,,4ekfs4bpmbtgisy8qv2mjkv84,Saúl Ais Reig,FC Andorra,CD Leganés,Dani Villahermosa,0,0,1,1,0,1,0,0,38,0,0,1,0,2,0
78,4 Oct 2025,,4ekfs4bpmbtgisy8qv2mjkv84,Saúl Ais Reig,FC Andorra,CD Leganés,Jesús Owono,0,0,0,0,0,0,0,0,38,0,3,0,0,1,0
78,4 Oct 2025,,4ekfs4bpmbtgisy8qv2mjkv84,Saúl Ais Reig,FC Andorra,CD Leganés,Álex Petxa,0,0,0,0,1,1,0,0,36,1,0,0,0,0,2
78,4 Oct 2025,,4ekfs4bpmbtgisy8qv2mjkv84,Saúl Ais Reig,FC Andorra,CD Leganés,Álex Calvo,0,0,0,3,0,0,0,0,12,0,0,1,1,1,0
78,4 Oct 2025,,4ekfs4bpmbtgisy8qv2mjkv84,Saúl Ais Reig,FC Andorra,CD Leganés,Jastin García,0,0,0,0,1,0,0,1,9,0,0,0,0,1,0
78,4 Oct 2025,,4ekfs4bpmbtgisy8qv2mjkv84,Saúl Ais Reig,FC Andorra,CD Leganés,Álvaro Martín,0,0,1,2,0,0,0,0,13,0,0,1,0,0,0
78,4 Oct 2025,,4ekfs4bpmbtgisy8qv2mjkv84,Saúl Ais Reig,FC Andorra,CD Leganés,Aitor Uzkudun,0,0,0,0,1,0,0,1,1,0,0,0,0,0,0
78,4 Oct 2025,,4ekfs4bpmbtgisy8qv2mjkv84,Saúl Ais Reig,FC Andorra,CD Leganés,Juan Soriano,0,0,0,0,0,0,0,0,22,0,3,0,0,0,0
78,4 Oct 2025,,4ekfs4bpmbtgisy8qv2mjkv84,Saúl Ais Reig,FC Andorra,CD Leganés,Ignasi Miquel,0,0,0,0,3,0,0,0,32,0,0,0,0,0,0
78,4 Oct 2025,,4ekfs4bpmbtgisy8qv2mjkv84,Saúl Ais Reig,FC Andorra,CD Leganés,Marvel,0,0,0,1,1,2,0,0,39,0,0,0,0,4,1
78,4 Oct 2025,,4ekfs4bpmbtgisy8qv2mjkv84,Saúl Ais Reig,FC Andorra,CD Leganés,S. Cissé,0,0,1,0,0,2,0,0,43,0,0,0,0,0,0
78,4 Oct 2025,,4ekfs4bpmbtgisy8qv2mjkv84,Saúl Ais Reig,FC Andorra,CD Leganés,Lalo Aguilar,0,0,0,0,0,0,0,0,31,0,0,0,0,0,0
78,4 Oct 2025,,4ekfs4bpmbtgisy8qv2mjkv84,Saúl Ais Reig,FC Andorra,CD Leganés,A. Diawara,0,0,0,0,1,0,0,0,46,0,0,0,0,3,0
78,4 Oct 2025,,4ekfs4bpmbtgisy8qv2mjkv84,Saúl Ais Reig,FC Andorra,CD Leganés,Juan Cruz,0,1,0,2,0,1,0,0,31,0,0,4,1,0,0
78,4 Oct 2025,,4ekfs4bpmbtgisy8qv2mjkv84,Saúl Ais Reig,FC Andorra,CD Leganés,Duk,0,0,0,0,1,2,1,1,12,0,0,2,1,4,0
78,4 Oct 2025,,4ekfs4bpmbtgisy8qv2mjkv84,Saúl Ais Reig,FC Andorra,CD Leganés,Naim García,0,0,0,7,0,0,1,0,28,0,0,1,1,1,0
78,4 Oct 2025,,4ekfs4bpmbtgisy8qv2mjkv84,Saúl Ais Reig,FC Andorra,CD Leganés,Diego García,0,1,0,1,0,0,0,0,10,0,0,3,2,0,0
78,4 Oct 2025,,4ekfs4bpmbtgisy8qv2mjkv84,Saúl Ais Reig,FC Andorra,CD Leganés,S. Figueredo,0,0,0,1,0,1,0,0,10,0,0,0,0,3,1
78,4 Oct 2025,,4ekfs4bpmbtgisy8qv2mjkv84,Saúl Ais Reig,FC Andorra,CD Leganés,Jorge Sáenz,0,0,0,0,0,0,0,0,2,0,0,0,0,1,0
78,4 Oct 2025,,4ekfs4bpmbtgisy8qv2mjkv84,Saúl Ais Reig,FC Andorra,CD Leganés,Miguel de la Fuente,0,0,0,0,2,1,0,0,7,0,0,1,0,0,0
78,4 Oct 2025,,4ekfs4bpmbtgisy8qv2mjkv84,Saúl Ais Reig,FC Andorra,CD Leganés,Enric Franquesa,0,0,0,1,0,0,0,0,6,0,0,0,0,0,0
78,4 Oct 2025,,4ekfs4bpmbtgisy8qv2mjkv84,Saúl Ais Reig,FC Andorra,CD Leganés,Rubén Peña,0,0,0,1,0,0,0,0,3,0,0,0,0,0,0
78,4 Oct 2025,,4ekfs4bpmbtgisy8qv2mjkv84,Saúl Ais Reig,FC Andorra,CD Leganés,Gonzalo Melero,0,0,0,0,1,0,0,0,5,0,0,0,0,2,1
79,6 Oct 2025,,4ey3367bz7nkzf1755n278zro,Manuel Jesús Orellana Cid,Cultural y Deportiva Leonesa,Albacete Balompié,M. Barzić,0,0,0,0,1,0,0,1,68,0,0,0,0,4,0
79,6 Oct 2025,,4ey3367bz7nkzf1755n278zro,Manuel Jesús Orellana Cid,Cultural y Deportiva Leonesa,Albacete Balompié,T. Ojeda,0,0,0,0,1,3,0,0,56,0,0,0,0,0,1
79,6 Oct 2025,,4ey3367bz7nkzf1755n278zro,Manuel Jesús Orellana Cid,Cultural y Deportiva Leonesa,Albacete Balompié,Roger Hinojo,0,0,1,3,1,0,0,0,63,0,0,0,0,2,0
79,6 Oct 2025,,4ey3367bz7nkzf1755n278zro,Manuel Jesús Orellana Cid,Cultural y Deportiva Leonesa,Albacete Balompié,A. Pastoriza,0,1,0,7,2,1,0,0,23,0,0,1,0,1,0
79,6 Oct 2025,,4ey3367bz7nkzf1755n278zro,Manuel Jesús Orellana Cid,Cultural y Deportiva Leonesa,Albacete Balompié,V. García,0,0,1,1,1,0,0,0,39,0,0,0,0,2,0
79,6 Oct 2025,,4ey3367bz7nkzf1755n278zro,Manuel Jesús Orellana Cid,Cultural y Deportiva Leonesa,Albacete Balompié,Edgar Badia,0,0,0,0,0,0,0,0,30,0,3,0,0,0,0
79,6 Oct 2025,,4ey3367bz7nkzf1755n278zro,Manuel Jesús Orellana Cid,Cultural y Deportiva Leonesa,Albacete Balompié,Bicho,0,0,0,0,1,1,0,0,45,0,0,0,0,1,0
79,6 Oct 2025,,4ey3367bz7nkzf1755n278zro,Manuel Jesús Orellana Cid,Cultural y Deportiva Leonesa,Albacete Balompié,Diego Collado,0,1,1,2,3,0,0,1,13,0,0,1,0,2,0
79,6 Oct 2025,,4ey3367bz7nkzf1755n278zro,Manuel Jesús Orellana Cid,Cultural y Deportiva Leonesa,Albacete Balompié,Rodri Suárez,0,0,0,0,4,2,0,0,37,0,0,0,0,2,0
79,6 Oct 2025,,4ey3367bz7nkzf1755n278zro,Manuel Jesús Orellana Cid,Cultural y Deportiva Leonesa,Albacete Balompié,Rubén Sobrino,0,1,1,1,4,2,0,0,25,0,0,1,0,1,0
79,6 Oct 2025,,4ey3367bz7nkzf1755n278zro,Manuel Jesús Orellana Cid,Cultural y Deportiva Leonesa,Albacete Balompié,Luis Chacón,0,0,1,3,0,1,0,1,33,0,0,1,0,3,0
79,6 Oct 2025,,4ey3367bz7nkzf1755n278zro,Manuel Jesús Orellana Cid,Cultural y Deportiva Leonesa,Albacete Balompié,Lucas Ribeiro Costa,0,0,0,1,1,0,0,0,14,0,0,1,1,0,0
79,6 Oct 2025,,4ey3367bz7nkzf1755n278zro,Manuel Jesús Orellana Cid,Cultural y Deportiva Leonesa,Albacete Balompié,Jordi Mboula,0,1,0,2,0,0,0,0,9,0,0,1,0,0,0
79,6 Oct 2025,,4ey3367bz7nkzf1755n278zro,Manuel Jesús Orellana Cid,Cultural y Deportiva Leonesa,Albacete Balompié,Manu Justo,0,0,1,2,0,0,0,0,1,0,0,0,0,0,0
79,6 Oct 2025,,4ey3367bz7nkzf1755n278zro,Manuel Jesús Orellana Cid,Cultural y Deportiva Leonesa,Albacete Balompié,Antonio Puertas,0,0,0,0,2,3,0,1,20,1,0,1,1,0,0
79,6 Oct 2025,,4ey3367bz7nkzf1755n278zro,Manuel Jesús Orellana Cid,Cultural y Deportiva Leonesa,Albacete Balompié,Agus Medina,0,1,1,2,1,0,0,0,31,0,0,2,1,1,0
79,6 Oct 2025,,4ey3367bz7nkzf1755n278zro,Manuel Jesús Orellana Cid,Cultural y Deportiva Leonesa,Albacete Balompié,Riki Rodríguez,0,1,0,0,1,0,0,0,32,0,0,1,0,0,1
79,6 Oct 2025,,4ey3367bz7nkzf1755n278zro,Manuel Jesús Orellana Cid,Cultural y Deportiva Leonesa,Albacete Balompié,Lorenzo Aguado,0,0,0,0,1,3,0,0,32,0,0,0,0,6,0
79,6 Oct 2025,,4ey3367bz7nkzf1755n278zro,Manuel Jesús Orellana Cid,Cultural y Deportiva Leonesa,Albacete Balompié,Jesús Vallejo,0,0,0,1,0,0,0,0,58,0,0,0,0,0,0
79,6 Oct 2025,,4ey3367bz7nkzf1755n278zro,Manuel Jesús Orellana Cid,Cultural y Deportiva Leonesa,Albacete Balompié,Ale Meléndez,0,0,0,2,2,3,0,0,54,0,0,0,0,5,0
79,6 Oct 2025,,4ey3367bz7nkzf1755n278zro,Manuel Jesús Orellana Cid,Cultural y Deportiva Leonesa,Albacete Balompié,Pepe Sánchez,0,0,0,0,0,0,0,0,64,0,0,0,0,2,0
79,6 Oct 2025,,4ey3367bz7nkzf1755n278zro,Manuel Jesús Orellana Cid,Cultural y Deportiva Leonesa,Albacete Balompié,Raúl Lizoain,0,0,0,0,0,2,0,0,24,0,1,0,0,0,0
79,6 Oct 2025,,4ey3367bz7nkzf1755n278zro,Manuel Jesús Orellana Cid,Cultural y Deportiva Leonesa,Albacete Balompié,José Carlos Lazo,0,0,0,5,1,1,0,0,30,0,0,1,0,1,0
79,6 Oct 2025,,4ey3367bz7nkzf1755n278zro,Manuel Jesús Orellana Cid,Cultural y Deportiva Leonesa,Albacete Balompié,Carlos Neva,0,0,0,2,0,1,0,0,46,0,0,0,0,1,0
79,6 Oct 2025,,4ey3367bz7nkzf1755n278zro,Manuel Jesús Orellana Cid,Cultural y Deportiva Leonesa,Albacete Balompié,Jon Morcillo,0,1,0,2,1,1,0,0,22,0,0,3,0,0,0
79,6 Oct 2025,,4ey3367bz7nkzf1755n278zro,Manuel Jesús Orellana Cid,Cultural y Deportiva Leonesa,Albacete Balompié,Dani Escriche,0,0,0,0,1,1,0,0,4,0,0,1,1,0,0
79,6 Oct 2025,,4ey3367bz7nkzf1755n278zro,Manuel Jesús Orellana Cid,Cultural y Deportiva Leonesa,Albacete Balompié,J. Gómez,0,0,0,0,1,1,0,0,5,0,0,0,0,0,0
79,6 Oct 2025,,4ey3367bz7nkzf1755n278zro,Manuel Jesús Orellana Cid,Cultural y Deportiva Leonesa,Albacete Balompié,Javi Villar,0,0,0,0,0,0,0,0,1,0,0,0,0,1,0
79,6 Oct 2025,,4ey3367bz7nkzf1755n278zro,Manuel Jesús Orellana Cid,Cultural y Deportiva Leonesa,Albacete Balompié,Javi Moreno,0,0,0,0,0,0,0,0,0,0,0,0,0,1,0
79,6 Oct 2025,,4ey3367bz7nkzf1755n278zro,Manuel Jesús Orellana Cid,Cultural y Deportiva Leonesa,Albacete Balompié,Fran Gámez,0,0,0,0,0,0,0,0,2,0,0,0,0,0,0
80,4 Oct 2025,,4fbteguhgehtkto9qluulfris,Alejandro Ojaos Valera,SD Huesca,Burgos CF,Jesús Álvarez,0,0,0,1,0,1,0,0,58,0,0,2,1,3,0
80,4 Oct 2025,,4fbteguhgehtkto9qluulfris,Alejandro Ojaos Valera,SD Huesca,Burgos CF,D. Luna,0,0,0,1,3,3,1,0,24,0,0,1,1,0,0
80,4 Oct 2025,,4fbteguhgehtkto9qluulfris,Alejandro Ojaos Valera,SD Huesca,Burgos CF,Jorge Pulido,0,0,0,0,2,0,0,1,35,0,0,0,0,2,0
80,4 Oct 2025,,4fbteguhgehtkto9qluulfris,Alejandro Ojaos Valera,SD Huesca,Burgos CF,Iñigo Piña,0,0,0,0,1,0,0,0,37,0,0,0,0,0,0
80,4 Oct 2025,,4fbteguhgehtkto9qluulfris,Alejandro Ojaos Valera,SD Huesca,Burgos CF,Sergi Enrich,0,0,0,0,1,1,0,0,12,0,0,0,0,1,0
80,4 Oct 2025,,4fbteguhgehtkto9qluulfris,Alejandro Ojaos Valera,SD Huesca,Burgos CF,Iker Kortajarena,1,0,0,0,1,1,0,0,26,0,0,0,0,5,0
80,4 Oct 2025,,4fbteguhgehtkto9qluulfris,Alejandro Ojaos Valera,SD Huesca,Burgos CF,Toni Abad,0,0,0,3,1,0,0,0,29,0,0,0,0,2,1
80,4 Oct 2025,,4fbteguhgehtkto9qluulfris,Alejandro Ojaos Valera,SD Huesca,Burgos CF,Óscar Sielva,0,0,0,5,1,1,0,1,35,0,0,1,0,1,1
80,4 Oct 2025,,4fbteguhgehtkto9qluulfris,Alejandro Ojaos Valera,SD Huesca,Burgos CF,Dani Jiménez,0,0,0,0,0,0,0,0,29,0,1,0,0,0,0
80,4 Oct 2025,,4fbteguhgehtkto9qluulfris,Alejandro Ojaos Valera,SD Huesca,Burgos CF,Rodrigo Abajas,0,0,0,0,2,1,0,0,23,0,0,2,1,3,0
80,4 Oct 2025,,4fbteguhgehtkto9qluulfris,Alejandro Ojaos Valera,SD Huesca,Burgos CF,Dani Ojeda,0,1,1,1,0,2,0,0,18,0,0,1,0,0,0
80,4 Oct 2025,,4fbteguhgehtkto9qluulfris,Alejandro Ojaos Valera,SD Huesca,Burgos CF,Álvaro Carrillo,0,0,0,0,0,0,0,0,7,0,0,0,0,1,0
80,4 Oct 2025,,4fbteguhgehtkto9qluulfris,Alejandro Ojaos Valera,SD Huesca,Burgos CF,Ángel Pérez,0,0,0,1,1,1,0,0,6,0,0,0,0,0,0
80,4 Oct 2025,,4fbteguhgehtkto9qluulfris,Alejandro Ojaos Valera,SD Huesca,Burgos CF,Enol Rodríguez,0,1,0,0,1,0,0,0,6,0,0,1,0,0,0
80,4 Oct 2025,,4fbteguhgehtkto9qluulfris,Alejandro Ojaos Valera,SD Huesca,Burgos CF,Liberto Beltrán,0,0,0,0,0,0,0,0,2,0,0,0,0,2,0
80,4 Oct 2025,,4fbteguhgehtkto9qluulfris,Alejandro Ojaos Valera,SD Huesca,Burgos CF,S. Ntamack,0,0,0,0,0,0,1,0,3,0,0,1,1,0,0
80,4 Oct 2025,,4fbteguhgehtkto9qluulfris,Alejandro Ojaos Valera,SD Huesca,Burgos CF,David González,0,1,0,1,0,0,1,0,24,0,0,2,1,1,0
80,4 Oct 2025,,4fbteguhgehtkto9qluulfris,Alejandro Ojaos Valera,SD Huesca,Burgos CF,Iván Morante,0,0,0,0,2,3,0,0,54,0,0,0,0,2,0
80,4 Oct 2025,,4fbteguhgehtkto9qluulfris,Alejandro Ojaos Valera,SD Huesca,Burgos CF,Sergio González,0,0,0,0,2,0,0,0,56,0,0,0,0,3,1
80,4 Oct 2025,,4fbteguhgehtkto9qluulfris,Alejandro Ojaos Valera,SD Huesca,Burgos CF,F. Miguel,0,0,0,3,2,1,0,1,39,0,0,0,0,0,1
80,4 Oct 2025,,4fbteguhgehtkto9qluulfris,Alejandro Ojaos Valera,SD Huesca,Burgos CF,K. Appin,0,0,0,0,0,2,0,0,14,0,0,1,0,0,0
80,4 Oct 2025,,4fbteguhgehtkto9qluulfris,Alejandro Ojaos Valera,SD Huesca,Burgos CF,Mario González,0,0,0,0,0,1,0,1,11,0,0,0,0,0,0
80,4 Oct 2025,,4fbteguhgehtkto9qluulfris,Alejandro Ojaos Valera,SD Huesca,Burgos CF,Mario Cantero,0,0,0,1,1,0,0,0,15,0,0,0,0,1,0
80,4 Oct 2025,,4fbteguhgehtkto9qluulfris,Alejandro Ojaos Valera,SD Huesca,Burgos CF,Álex Lizancos,0,0,0,2,1,1,0,0,43,0,0,0,0,1,0
80,4 Oct 2025,,4fbteguhgehtkto9qluulfris,Alejandro Ojaos Valera,SD Huesca,Burgos CF,Grego Sierra,0,0,1,0,1,0,0,0,70,0,0,0,0,0,1
80,4 Oct 2025,,4fbteguhgehtkto9qluulfris,Alejandro Ojaos Valera,SD Huesca,Burgos CF,Miguel Atienza,0,0,0,0,2,2,0,0,58,0,0,0,0,4,0
80,4 Oct 2025,,4fbteguhgehtkto9qluulfris,Alejandro Ojaos Valera,SD Huesca,Burgos CF,Ander Cantero,0,0,0,0,0,0,0,0,29,0,2,0,0,0,0
80,4 Oct 2025,,4fbteguhgehtkto9qluulfris,Alejandro Ojaos Valera,SD Huesca,Burgos CF,Fer Niño,0,0,0,0,1,1,0,0,13,0,0,1,1,1,0
80,4 Oct 2025,,4fbteguhgehtkto9qluulfris,Alejandro Ojaos Valera,SD Huesca,Burgos CF,Iñigo Córdoba,0,0,0,1,1,1,0,0,6,0,0,0,0,0,0
80,4 Oct 2025,,4fbteguhgehtkto9qluulfris,Alejandro Ojaos Valera,SD Huesca,Burgos CF,Víctor Mollejo,0,0,0,3,0,0,0,0,4,0,0,0,0,0,0
80,4 Oct 2025,,4fbteguhgehtkto9qluulfris,Alejandro Ojaos Valera,SD Huesca,Burgos CF,Fermín García,0,0,0,1,0,2,0,0,4,0,0,0,0,1,0
81,5 Oct 2025,,4fpofbzjtdtargtpnel9kq5g4,Dámaso Arcediano Monescillo,UD Las Palmas,Cádiz CF,Ale García,0,0,1,2,2,1,0,0,26,0,0,3,0,0,0
81,5 Oct 2025,,4fpofbzjtdtargtpnel9kq5g4,Dámaso Arcediano Monescillo,UD Las Palmas,Cádiz CF,L. Amatucci,0,0,0,0,1,4,0,0,62,0,0,2,0,0,0
81,5 Oct 2025,,4fpofbzjtdtargtpnel9kq5g4,Dámaso Arcediano Monescillo,UD Las Palmas,Cádiz CF,E. Loiodice,0,1,0,0,2,1,0,0,48,0,0,2,0,0,0
81,5 Oct 2025,,4fpofbzjtdtargtpnel9kq5g4,Dámaso Arcediano Monescillo,UD Las Palmas,Cádiz CF,Álex Suárez,0,0,0,1,0,0,0,0,63,0,0,0,0,1,0
81,5 Oct 2025,,4fpofbzjtdtargtpnel9kq5g4,Dámaso Arcediano Monescillo,UD Las Palmas,Cádiz CF,Sergio Barcia,0,0,0,0,0,0,1,0,82,0,0,1,1,0,0
81,5 Oct 2025,,4fpofbzjtdtargtpnel9kq5g4,Dámaso Arcediano Monescillo,UD Las Palmas,Cádiz CF,Enrique Clemente,0,0,1,1,3,1,0,0,75,0,0,1,0,0,1
81,5 Oct 2025,,4fpofbzjtdtargtpnel9kq5g4,Dámaso Arcediano Monescillo,UD Las Palmas,Cádiz CF,Manu Fuster,0,0,0,1,0,0,0,0,38,0,0,2,0,0,0
81,5 Oct 2025,,4fpofbzjtdtargtpnel9kq5g4,Dámaso Arcediano Monescillo,UD Las Palmas,Cádiz CF,Iván Gil,0,0,0,9,1,2,0,0,31,0,0,1,0,0,0
81,5 Oct 2025,,4fpofbzjtdtargtpnel9kq5g4,Dámaso Arcediano Monescillo,UD Las Palmas,Cádiz CF,Viti Rozada,0,0,1,1,0,2,0,0,13,0,0,0,0,0,0
81,5 Oct 2025,,4fpofbzjtdtargtpnel9kq5g4,Dámaso Arcediano Monescillo,UD Las Palmas,Cádiz CF,Marvin Park,0,0,2,4,1,3,0,0,36,0,0,0,0,1,0
81,5 Oct 2025,,4fpofbzjtdtargtpnel9kq5g4,Dámaso Arcediano Monescillo,UD Las Palmas,Cádiz CF,D. Horkaš,0,0,0,0,0,0,0,0,24,0,3,0,0,0,0
81,5 Oct 2025,,4fpofbzjtdtargtpnel9kq5g4,Dámaso Arcediano Monescillo,UD Las Palmas,Cádiz CF,Jonathan Viera,1,0,0,1,0,0,0,0,16,0,0,1,0,0,0
81,5 Oct 2025,,4fpofbzjtdtargtpnel9kq5g4,Dámaso Arcediano Monescillo,UD Las Palmas,Cádiz CF,J. Recoba,0,0,0,0,1,2,0,0,7,0,0,1,0,0,0
81,5 Oct 2025,,4fpofbzjtdtargtpnel9kq5g4,Dámaso Arcediano Monescillo,UD Las Palmas,Cádiz CF,Kirian Rodríguez,0,0,1,0,0,1,0,0,13,0,0,0,0,1,0
81,5 Oct 2025,,4fpofbzjtdtargtpnel9kq5g4,Dámaso Arcediano Monescillo,UD Las Palmas,Cádiz CF,Juanma Herzog,0,0,0,0,0,0,0,0,4,0,0,0,0,0,0
81,5 Oct 2025,,4fpofbzjtdtargtpnel9kq5g4,Dámaso Arcediano Monescillo,UD Las Palmas,Cádiz CF,Jaime Mata,0,0,0,0,0,0,0,2,1,0,0,0,0,0,0
81,5 Oct 2025,,4fpofbzjtdtargtpnel9kq5g4,Dámaso Arcediano Monescillo,UD Las Palmas,Cádiz CF,M. Diakité,0,0,0,0,2,0,0,0,36,0,0,0,0,3,0
81,5 Oct 2025,,4fpofbzjtdtargtpnel9kq5g4,Dámaso Arcediano Monescillo,UD Las Palmas,Cádiz CF,Iza Carcelén,0,0,1,1,1,0,0,0,21,0,0,0,0,1,1
81,5 Oct 2025,,4fpofbzjtdtargtpnel9kq5g4,Dámaso Arcediano Monescillo,UD Las Palmas,Cádiz CF,Álvaro García Pascual,0,0,0,0,0,1,0,2,17,0,0,1,1,3,0
81,5 Oct 2025,,4fpofbzjtdtargtpnel9kq5g4,Dámaso Arcediano Monescillo,UD Las Palmas,Cádiz CF,I. Tabatadze,0,0,1,1,2,1,0,0,10,0,0,2,0,0,0
81,5 Oct 2025,,4fpofbzjtdtargtpnel9kq5g4,Dámaso Arcediano Monescillo,UD Las Palmas,Cádiz CF,Iker Recio,0,0,0,0,0,3,0,0,38,0,0,0,0,1,0
81,5 Oct 2025,,4fpofbzjtdtargtpnel9kq5g4,Dámaso Arcediano Monescillo,UD Las Palmas,Cádiz CF,B. Kovačević,0,0,0,0,0,0,0,0,36,0,0,0,0,0,0
81,5 Oct 2025,,4fpofbzjtdtargtpnel9kq5g4,Dámaso Arcediano Monescillo,UD Las Palmas,Cádiz CF,Sergio Ortuño,0,0,1,1,6,0,0,0,46,0,0,1,1,2,1
81,5 Oct 2025,,4fpofbzjtdtargtpnel9kq5g4,Dámaso Arcediano Monescillo,UD Las Palmas,Cádiz CF,Javi Ontiveros,0,1,0,3,0,1,0,0,21,0,0,1,0,1,0
81,5 Oct 2025,,4fpofbzjtdtargtpnel9kq5g4,Dámaso Arcediano Monescillo,UD Las Palmas,Cádiz CF,Suso,0,0,0,2,1,2,0,0,27,0,0,1,1,0,0
81,5 Oct 2025,,4fpofbzjtdtargtpnel9kq5g4,Dámaso Arcediano Monescillo,UD Las Palmas,Cádiz CF,Mario Climent,0,0,0,3,1,2,0,0,26,0,0,0,0,1,1
81,5 Oct 2025,,4fpofbzjtdtargtpnel9kq5g4,Dámaso Arcediano Monescillo,UD Las Palmas,Cádiz CF,Victor Aznar,0,0,1,0,0,0,0,0,32,0,0,0,0,0,0
81,5 Oct 2025,,4fpofbzjtdtargtpnel9kq5g4,Dámaso Arcediano Monescillo,UD Las Palmas,Cádiz CF,A. Caicedo,0,0,1,2,2,0,0,0,14,0,0,1,0,2,1
81,5 Oct 2025,,4fpofbzjtdtargtpnel9kq5g4,Dámaso Arcediano Monescillo,UD Las Palmas,Cádiz CF,Y. Diarra,0,0,0,1,2,1,0,0,9,0,0,0,0,0,0
81,5 Oct 2025,,4fpofbzjtdtargtpnel9kq5g4,Dámaso Arcediano Monescillo,UD Las Palmas,Cádiz CF,Raúl Pereira,0,0,0,2,1,0,0,0,3,0,0,0,0,0,0
81,5 Oct 2025,,4fpofbzjtdtargtpnel9kq5g4,Dámaso Arcediano Monescillo,UD Las Palmas,Cádiz CF,Álex Fernández,0,0,0,0,0,0,0,0,5,0,0,0,0,0,0
81,5 Oct 2025,,4fpofbzjtdtargtpnel9kq5g4,Dámaso Arcediano Monescillo,UD Las Palmas,Cádiz CF,D. Camara,0,1,0,0,0,0,0,0,1,0,0,1,0,0,0
82,5 Oct 2025,,4g38o3hlcclrl9ynxf2o51xqs,Rafael Sánchez López,Real Zaragoza,Córdoba FC,Raúl Guti,0,0,0,3,2,2,0,0,32,0,0,0,0,2,1
82,5 Oct 2025,,4g38o3hlcclrl9ynxf2o51xqs,Rafael Sánchez López,Real Zaragoza,Córdoba FC,Tachi,0,0,0,0,1,0,0,0,37,0,0,0,0,1,1
82,5 Oct 2025,,4g38o3hlcclrl9ynxf2o51xqs,Rafael Sánchez López,Real Zaragoza,Córdoba FC,Sebas Moyano,0,0,0,1,1,3,0,0,6,0,0,1,0,1,0
82,5 Oct 2025,,4g38o3hlcclrl9ynxf2o51xqs,Rafael Sánchez López,Real Zaragoza,Córdoba FC,Marcos Cuenca,0,0,2,0,1,2,0,0,14,0,0,4,1,0,0
82,5 Oct 2025,,4g38o3hlcclrl9ynxf2o51xqs,Rafael Sánchez López,Real Zaragoza,Córdoba FC,Dani Tasende,0,0,0,9,0,0,0,0,21,0,0,1,1,1,0
82,5 Oct 2025,,4g38o3hlcclrl9ynxf2o51xqs,Rafael Sánchez López,Real Zaragoza,Córdoba FC,Yussif Saidu,0,0,0,0,1,2,0,0,24,0,0,0,0,4,0
82,5 Oct 2025,,4g38o3hlcclrl9ynxf2o51xqs,Rafael Sánchez López,Real Zaragoza,Córdoba FC,E. Andrada,0,0,0,0,1,0,0,0,29,0,2,0,0,0,1
82,5 Oct 2025,,4g38o3hlcclrl9ynxf2o51xqs,Rafael Sánchez López,Real Zaragoza,Córdoba FC,Dani Gómez,0,0,1,1,1,1,0,2,6,0,0,2,1,1,1
82,5 Oct 2025,,4g38o3hlcclrl9ynxf2o51xqs,Rafael Sánchez López,Real Zaragoza,Córdoba FC,P. Akouokou,0,0,0,0,3,1,0,0,41,1,0,1,1,4,2
82,5 Oct 2025,,4g38o3hlcclrl9ynxf2o51xqs,Rafael Sánchez López,Real Zaragoza,Córdoba FC,Pablo Insua,0,1,0,0,0,1,0,0,33,0,0,1,0,1,0
82,5 Oct 2025,,4g38o3hlcclrl9ynxf2o51xqs,Rafael Sánchez López,Real Zaragoza,Córdoba FC,Francho Serrano,0,0,1,1,0,2,0,0,31,0,0,0,0,1,0
82,5 Oct 2025,,4g38o3hlcclrl9ynxf2o51xqs,Rafael Sánchez López,Real Zaragoza,Córdoba FC,Valery,0,0,0,1,0,1,0,0,8,0,0,0,0,1,0
82,5 Oct 2025,,4g38o3hlcclrl9ynxf2o51xqs,Rafael Sánchez López,Real Zaragoza,Córdoba FC,Pau Sans,0,0,2,1,0,0,0,0,4,0,0,0,0,2,0
82,5 Oct 2025,,4g38o3hlcclrl9ynxf2o51xqs,Rafael Sánchez López,Real Zaragoza,Córdoba FC,K. Kodro,0,0,0,0,1,0,0,1,3,0,0,0,0,0,0
82,5 Oct 2025,,4g38o3hlcclrl9ynxf2o51xqs,Rafael Sánchez López,Real Zaragoza,Córdoba FC,S. Baždar,0,0,1,0,0,1,0,0,5,0,0,0,0,0,0
82,5 Oct 2025,,4g38o3hlcclrl9ynxf2o51xqs,Rafael Sánchez López,Real Zaragoza,Córdoba FC,Mario Soberón,0,0,0,1,0,0,0,1,0,0,0,0,0,0,0
82,5 Oct 2025,,4g38o3hlcclrl9ynxf2o51xqs,Rafael Sánchez López,Real Zaragoza,Córdoba FC,A. Radovanović,0,0,0,0,0,0,0,0,0,0,0,0,0,0,0
82,5 Oct 2025,,4g38o3hlcclrl9ynxf2o51xqs,Rafael Sánchez López,Real Zaragoza,Córdoba FC,Rubén Alves,0,0,0,0,3,1,0,0,21,0,0,0,0,0,1
82,5 Oct 2025,,4g38o3hlcclrl9ynxf2o51xqs,Rafael Sánchez López,Real Zaragoza,Córdoba FC,Iker Álvarez,0,0,0,0,0,0,0,0,27,0,4,0,0,0,0
82,5 Oct 2025,,4g38o3hlcclrl9ynxf2o51xqs,Rafael Sánchez López,Real Zaragoza,Córdoba FC,F. Fomeyem,0,0,0,0,0,0,0,0,30,0,0,0,0,1,0
82,5 Oct 2025,,4g38o3hlcclrl9ynxf2o51xqs,Rafael Sánchez López,Real Zaragoza,Córdoba FC,Dani Requena,0,1,0,2,1,1,0,0,27,0,0,2,0,1,1
82,5 Oct 2025,,4g38o3hlcclrl9ynxf2o51xqs,Rafael Sánchez López,Real Zaragoza,Córdoba FC,Carlos Isaac,0,0,1,2,1,2,0,0,19,0,0,1,1,1,0
82,5 Oct 2025,,4g38o3hlcclrl9ynxf2o51xqs,Rafael Sánchez López,Real Zaragoza,Córdoba FC,Isma Ruiz,0,0,0,0,2,2,0,0,39,0,0,0,0,4,0
82,5 Oct 2025,,4g38o3hlcclrl9ynxf2o51xqs,Rafael Sánchez López,Real Zaragoza,Córdoba FC,Kevin Medina,0,0,0,3,1,0,0,0,11,0,0,0,0,1,0
82,5 Oct 2025,,4g38o3hlcclrl9ynxf2o51xqs,Rafael Sánchez López,Real Zaragoza,Córdoba FC,Fuentes,0,0,0,0,0,1,0,1,11,0,0,1,0,0,0
82,5 Oct 2025,,4g38o3hlcclrl9ynxf2o51xqs,Rafael Sánchez López,Real Zaragoza,Córdoba FC,Ignasi Vilarrasa,0,0,0,2,3,1,0,0,13,0,0,0,0,1,1
82,5 Oct 2025,,4g38o3hlcclrl9ynxf2o51xqs,Rafael Sánchez López,Real Zaragoza,Córdoba FC,Jacobo González,0,3,2,2,1,2,0,0,23,0,0,6,1,0,0
82,5 Oct 2025,,4g38o3hlcclrl9ynxf2o51xqs,Rafael Sánchez López,Real Zaragoza,Córdoba FC,Dali,0,0,0,3,1,0,0,0,19,0,0,0,0,3,0
82,5 Oct 2025,,4g38o3hlcclrl9ynxf2o51xqs,Rafael Sánchez López,Real Zaragoza,Córdoba FC,M. Timorán,0,0,0,0,1,0,0,0,12,0,0,0,0,2,1
82,5 Oct 2025,,4g38o3hlcclrl9ynxf2o51xqs,Rafael Sánchez López,Real Zaragoza,Córdoba FC,Sergi Guardiola,0,0,0,0,2,0,0,0,4,0,0,0,0,0,1
82,5 Oct 2025,,4g38o3hlcclrl9ynxf2o51xqs,Rafael Sánchez López,Real Zaragoza,Córdoba FC,Diego Bri,0,0,0,0,1,0,0,0,6,0,0,0,0,1,0
82,5 Oct 2025,,4g38o3hlcclrl9ynxf2o51xqs,Rafael Sánchez López,Real Zaragoza,Córdoba FC,Alberto del Moral,0,1,1,0,1,1,0,0,8,0,0,1,0,0,0
83,5 Oct 2025,,4ggz1uw5xeavf5chyaccpxvdg,Marta Huerta de Aza,Real Racing Club,Málaga CF,F. González,0,1,1,0,1,2,0,0,47,0,0,4,0,1,0
83,5 Oct 2025,,4ggz1uw5xeavf5chyaccpxvdg,Marta Huerta de Aza,Real Racing Club,Málaga CF,Jorge Salinas,1,0,0,0,0,1,0,0,40,0,0,0,0,5,0
83,5 Oct 2025,,4ggz1uw5xeavf5chyaccpxvdg,Marta Huerta de Aza,Real Racing Club,Málaga CF,M. Gueye,0,0,0,0,2,1,0,0,48,0,0,1,1,3,0
83,5 Oct 2025,,4ggz1uw5xeavf5chyaccpxvdg,Marta Huerta de Aza,Real Racing Club,Málaga CF,Marco Sangalli,1,0,0,0,1,1,0,0,44,0,0,1,1,1,1
83,5 Oct 2025,,4ggz1uw5xeavf5chyaccpxvdg,Marta Huerta de Aza,Real Racing Club,Málaga CF,Aritz Aldasoro,0,0,1,0,4,2,0,0,47,0,0,0,0,1,1
83,5 Oct 2025,,4ggz1uw5xeavf5chyaccpxvdg,Marta Huerta de Aza,Real Racing Club,Málaga CF,Pablo Ramón,0,0,0,0,2,2,0,0,65,0,0,0,0,0,0
83,5 Oct 2025,,4ggz1uw5xeavf5chyaccpxvdg,Marta Huerta de Aza,Real Racing Club,Málaga CF,Álvaro Mantilla,0,0,2,1,3,1,0,1,22,0,0,0,0,1,0
83,5 Oct 2025,,4ggz1uw5xeavf5chyaccpxvdg,Marta Huerta de Aza,Real Racing Club,Málaga CF,Asier Villalibre,0,1,0,0,1,1,1,0,7,0,0,2,1,0,0
83,5 Oct 2025,,4ggz1uw5xeavf5chyaccpxvdg,Marta Huerta de Aza,Real Racing Club,Málaga CF,Andrés Martín,0,0,2,12,0,3,1,1,41,0,0,1,1,0,0
83,5 Oct 2025,,4ggz1uw5xeavf5chyaccpxvdg,Marta Huerta de Aza,Real Racing Club,Málaga CF,Iñigo Vicente,1,0,0,2,2,0,0,1,60,0,0,2,0,1,0
83,5 Oct 2025,,4ggz1uw5xeavf5chyaccpxvdg,Marta Huerta de Aza,Real Racing Club,Málaga CF,Jokin Ezkieta,0,0,0,0,0,0,0,0,28,0,5,0,0,0,0
83,5 Oct 2025,,4ggz1uw5xeavf5chyaccpxvdg,Marta Huerta de Aza,Real Racing Club,Málaga CF,C. Michelin,0,0,2,3,0,0,0,1,19,0,0,1,1,0,0
83,5 Oct 2025,,4ggz1uw5xeavf5chyaccpxvdg,Marta Huerta de Aza,Real Racing Club,Málaga CF,G. Puerta,0,0,0,0,0,0,0,0,16,0,0,1,0,1,0
83,5 Oct 2025,,4ggz1uw5xeavf5chyaccpxvdg,Marta Huerta de Aza,Real Racing Club,Málaga CF,J. Arévalo,0,0,3,0,0,1,1,0,2,0,0,3,3,1,0
83,5 Oct 2025,,4ggz1uw5xeavf5chyaccpxvdg,Marta Huerta de Aza,Real Racing Club,Málaga CF,Íñigo Sainz-Maza,0,0,0,0,0,0,0,0,7,0,0,0,0,0,0
83,5 Oct 2025,,4ggz1uw5xeavf5chyaccpxvdg,Marta Huerta de Aza,Real Racing Club,Málaga CF,Suleiman Camara Sanneh,0,0,0,0,0,0,0,0,0,0,0,0,0,0,0
83,5 Oct 2025,,4ggz1uw5xeavf5chyaccpxvdg,Marta Huerta de Aza,Real Racing Club,Málaga CF,Chupe,0,1,0,0,5,1,0,0,16,0,0,1,0,1,0
83,5 Oct 2025,,4ggz1uw5xeavf5chyaccpxvdg,Marta Huerta de Aza,Real Racing Club,Málaga CF,Juanpe,0,0,0,0,1,2,0,0,53,0,0,0,0,7,0
83,5 Oct 2025,,4ggz1uw5xeavf5chyaccpxvdg,Marta Huerta de Aza,Real Racing Club,Málaga CF,Alfonso Herrero,0,0,0,0,0,0,0,0,33,0,4,0,0,0,0
83,5 Oct 2025,,4ggz1uw5xeavf5chyaccpxvdg,Marta Huerta de Aza,Real Racing Club,Málaga CF,Diego Murillo,0,0,0,0,2,1,0,0,53,0,0,0,0,1,0
83,5 Oct 2025,,4ggz1uw5xeavf5chyaccpxvdg,Marta Huerta de Aza,Real Racing Club,Málaga CF,Dani Lorenzo,0,0,0,0,1,2,0,0,45,0,0,1,0,1,0
83,5 Oct 2025,,4ggz1uw5xeavf5chyaccpxvdg,Marta Huerta de Aza,Real Racing Club,Málaga CF,Rafa Rodríguez,0,0,1,0,2,5,0,0,21,0,0,2,1,0,0
83,5 Oct 2025,,4ggz1uw5xeavf5chyaccpxvdg,Marta Huerta de Aza,Real Racing Club,Málaga CF,Javi Montero,0,0,0,0,1,0,0,0,30,1,0,0,0,0,0
83,5 Oct 2025,,4ggz1uw5xeavf5chyaccpxvdg,Marta Huerta de Aza,Real Racing Club,Málaga CF,Víctor García,0,1,1,2,0,0,0,0,29,0,0,1,0,1,0
83,5 Oct 2025,,4ggz1uw5xeavf5chyaccpxvdg,Marta Huerta de Aza,Real Racing Club,Málaga CF,Jokin Gabilondo,0,1,0,1,1,1,0,1,36,0,0,1,0,0,0
83,5 Oct 2025,,4ggz1uw5xeavf5chyaccpxvdg,Marta Huerta de Aza,Real Racing Club,Málaga CF,David Larrubia,0,0,1,0,1,0,0,0,24,0,0,1,1,5,0
83,5 Oct 2025,,4ggz1uw5xeavf5chyaccpxvdg,Marta Huerta de Aza,Real Racing Club,Málaga CF,Julen Lobete,0,0,0,1,0,2,0,1,12,0,0,1,1,1,0
83,5 Oct 2025,,4ggz1uw5xeavf5chyaccpxvdg,Marta Huerta de Aza,Real Racing Club,Málaga CF,Dani Sánchez,0,0,0,0,0,0,0,0,5,0,0,1,1,0,0
83,5 Oct 2025,,4ggz1uw5xeavf5chyaccpxvdg,Marta Huerta de Aza,Real Racing Club,Málaga CF,A. Ochoa,0,0,0,1,0,1,0,0,4,0,0,1,1,0,0
83,5 Oct 2025,,4ggz1uw5xeavf5chyaccpxvdg,Marta Huerta de Aza,Real Racing Club,Málaga CF,Eneko Jauregi,0,0,0,0,0,0,0,0,3,0,0,0,0,0,0
83,5 Oct 2025,,4ggz1uw5xeavf5chyaccpxvdg,Marta Huerta de Aza,Real Racing Club,Málaga CF,Rafita,0,0,0,1,1,0,0,0,5,0,0,0,0,0,0
83,5 Oct 2025,,4ggz1uw5xeavf5chyaccpxvdg,Marta Huerta de Aza,Real Racing Club,Málaga CF,D. Brašanac,0,0,0,0,0,0,0,0,7,0,0,0,0,0,0
84,4 Oct 2025,,4gus49xbxm3cvr3ram4k0o6c4,Jon Ander González Esteban,RC Deportivo de La Coruña,UD Almería,Miguel Loureiro,0,0,0,0,0,0,0,1,74,0,0,1,0,1,0
84,4 Oct 2025,,4gus49xbxm3cvr3ram4k0o6c4,Jon Ander González Esteban,RC Deportivo de La Coruña,UD Almería,Dani Barcia,0,0,0,0,0,0,0,0,77,0,0,0,0,1,0
84,4 Oct 2025,,4gus49xbxm3cvr3ram4k0o6c4,Jon Ander González Esteban,RC Deportivo de La Coruña,UD Almería,Yeremay Hernández,0,0,0,5,1,1,1,2,27,0,0,1,1,3,0
84,4 Oct 2025,,4gus49xbxm3cvr3ram4k0o6c4,Jon Ander González Esteban,RC Deportivo de La Coruña,UD Almería,C. Patino,0,0,0,0,1,1,0,0,28,0,0,0,0,1,0
84,4 Oct 2025,,4gus49xbxm3cvr3ram4k0o6c4,Jon Ander González Esteban,RC Deportivo de La Coruña,UD Almería,Ximo Navarro,0,0,1,5,1,0,0,0,28,0,0,1,0,1,1
84,4 Oct 2025,,4gus49xbxm3cvr3ram4k0o6c4,Jon Ander González Esteban,RC Deportivo de La Coruña,UD Almería,Mario Soriano,0,0,0,0,1,0,0,0,57,0,0,2,0,0,0
84,4 Oct 2025,,4gus49xbxm3cvr3ram4k0o6c4,Jon Ander González Esteban,RC Deportivo de La Coruña,UD Almería,S. Mulattieri,0,1,0,0,0,0,0,0,7,0,0,4,0,0,0
84,4 Oct 2025,,4gus49xbxm3cvr3ram4k0o6c4,Jon Ander González Esteban,RC Deportivo de La Coruña,UD Almería,Luismi Cruz,0,1,1,7,2,3,0,0,23,0,0,2,0,0,1
84,4 Oct 2025,,4gus49xbxm3cvr3ram4k0o6c4,Jon Ander González Esteban,RC Deportivo de La Coruña,UD Almería,Diego Villares,0,0,1,0,2,0,0,2,45,0,0,2,1,0,1
84,4 Oct 2025,,4gus49xbxm3cvr3ram4k0o6c4,Jon Ander González Esteban,RC Deportivo de La Coruña,UD Almería,G. Quagliata,0,0,0,6,1,5,0,0,31,0,0,0,0,1,0
84,4 Oct 2025,,4gus49xbxm3cvr3ram4k0o6c4,Jon Ander González Esteban,RC Deportivo de La Coruña,UD Almería,Germán Parreño,0,0,0,0,0,1,0,0,20,0,2,0,0,0,0
84,4 Oct 2025,,4gus49xbxm3cvr3ram4k0o6c4,Jon Ander González Esteban,RC Deportivo de La Coruña,UD Almería,Z. Eddahchouri,1,0,1,0,0,0,0,3,2,0,0,1,1,0,0
84,4 Oct 2025,,4gus49xbxm3cvr3ram4k0o6c4,Jon Ander González Esteban,RC Deportivo de La Coruña,UD Almería,Stoichkov,0,0,1,0,0,0,0,0,6,0,0,1,1,1,0
84,4 Oct 2025,,4gus49xbxm3cvr3ram4k0o6c4,Jon Ander González Esteban,RC Deportivo de La Coruña,UD Almería,L. Noubi,0,0,0,1,2,1,0,0,8,0,0,0,0,1,0
84,4 Oct 2025,,4gus49xbxm3cvr3ram4k0o6c4,Jon Ander González Esteban,RC Deportivo de La Coruña,UD Almería,José Ángel,0,0,0,0,0,0,0,0,4,0,0,0,0,0,0
84,4 Oct 2025,,4gus49xbxm3cvr3ram4k0o6c4,Jon Ander González Esteban,RC Deportivo de La Coruña,UD Almería,Cristian Herrera,0,0,0,0,0,0,0,0,1,0,0,0,0,1,0
84,4 Oct 2025,,4gus49xbxm3cvr3ram4k0o6c4,Jon Ander González Esteban,RC Deportivo de La Coruña,UD Almería,Sergio Arribas,0,1,0,2,1,2,0,0,55,0,0,1,0,1,0
84,4 Oct 2025,,4gus49xbxm3cvr3ram4k0o6c4,Jon Ander González Esteban,RC Deportivo de La Coruña,UD Almería,Léo Baptistão,0,1,0,0,3,1,0,0,24,0,0,1,0,1,0
84,4 Oct 2025,,4gus49xbxm3cvr3ram4k0o6c4,Jon Ander González Esteban,RC Deportivo de La Coruña,UD Almería,S. Džodić,0,0,0,1,1,0,0,0,34,0,0,0,0,2,1
84,4 Oct 2025,,4gus49xbxm3cvr3ram4k0o6c4,Jon Ander González Esteban,RC Deportivo de La Coruña,UD Almería,André Horta,0,0,0,0,0,0,0,0,43,0,0,0,0,1,0
84,4 Oct 2025,,4gus49xbxm3cvr3ram4k0o6c4,Jon Ander González Esteban,RC Deportivo de La Coruña,UD Almería,Álex Muñoz,0,0,0,2,3,1,0,1,45,0,0,0,0,1,1
84,4 Oct 2025,,4gus49xbxm3cvr3ram4k0o6c4,Jon Ander González Esteban,RC Deportivo de La Coruña,UD Almería,F. Bonini,0,0,0,0,1,0,1,0,65,0,0,1,1,1,0
84,4 Oct 2025,,4gus49xbxm3cvr3ram4k0o6c4,Jon Ander González Esteban,RC Deportivo de La Coruña,UD Almería,Nélson Monte,0,0,0,0,0,0,0,0,55,0,0,0,0,1,0
84,4 Oct 2025,,4gus49xbxm3cvr3ram4k0o6c4,Jon Ander González Esteban,RC Deportivo de La Coruña,UD Almería,Andrés Fernández,0,0,0,0,0,0,0,0,31,0,3,0,0,0,0
84,4 Oct 2025,,4gus49xbxm3cvr3ram4k0o6c4,Jon Ander González Esteban,RC Deportivo de La Coruña,UD Almería,Arnau Puigmal,0,0,1,1,1,1,0,0,14,0,0,0,0,1,0
84,4 Oct 2025,,4gus49xbxm3cvr3ram4k0o6c4,Jon Ander González Esteban,RC Deportivo de La Coruña,UD Almería,Nico Melamed,1,2,1,1,0,3,0,0,34,0,0,4,2,0,0
84,4 Oct 2025,,4gus49xbxm3cvr3ram4k0o6c4,Jon Ander González Esteban,RC Deportivo de La Coruña,UD Almería,D. Chirino,0,0,0,0,1,0,0,0,50,0,0,0,0,2,0
84,4 Oct 2025,,4gus49xbxm3cvr3ram4k0o6c4,Jon Ander González Esteban,RC Deportivo de La Coruña,UD Almería,P. Soko,0,1,0,0,0,0,0,0,10,0,0,1,0,0,0
84,4 Oct 2025,,4gus49xbxm3cvr3ram4k0o6c4,Jon Ander González Esteban,RC Deportivo de La Coruña,UD Almería,Marcos Luna,0,0,0,0,0,0,0,0,17,0,0,0,0,1,0
84,4 Oct 2025,,4gus49xbxm3cvr3ram4k0o6c4,Jon Ander González Esteban,RC Deportivo de La Coruña,UD Almería,I. Baba,0,1,0,0,2,1,0,0,19,0,0,2,0,0,1
84,4 Oct 2025,,4gus49xbxm3cvr3ram4k0o6c4,Jon Ander González Esteban,RC Deportivo de La Coruña,UD Almería,Gui,0,0,0,0,0,1,0,0,22,0,0,0,0,0,0
84,4 Oct 2025,,4gus49xbxm3cvr3ram4k0o6c4,Jon Ander González Esteban,RC Deportivo de La Coruña,UD Almería,M. Perović,0,0,0,0,0,1,0,0,0,0,0,0,0,0,0
106,18 Oct 2025,,4pdxzgnhwapyn1hqcu1zpjrbo,Dámaso Arcediano Monescillo,Real Zaragoza,Cultural y Deportiva Leonesa,Raúl Guti,0,0,1,0,0,1,0,0,46,0,0,1,0,2,0
106,18 Oct 2025,,4pdxzgnhwapyn1hqcu1zpjrbo,Dámaso Arcediano Monescillo,Real Zaragoza,Cultural y Deportiva Leonesa,A. Radovanović,0,0,0,0,1,0,0,0,43,0,0,1,0,1,1
106,18 Oct 2025,,4pdxzgnhwapyn1hqcu1zpjrbo,Dámaso Arcediano Monescillo,Real Zaragoza,Cultural y Deportiva Leonesa,S. Baždar,0,2,1,0,1,0,0,0,23,0,0,4,2,2,0
106,18 Oct 2025,,4pdxzgnhwapyn1hqcu1zpjrbo,Dámaso Arcediano Monescillo,Real Zaragoza,Cultural y Deportiva Leonesa,Juan Sebastián,0,1,1,0,1,0,0,0,16,1,0,1,0,1,0
106,18 Oct 2025,,4pdxzgnhwapyn1hqcu1zpjrbo,Dámaso Arcediano Monescillo,Real Zaragoza,Cultural y Deportiva Leonesa,P. Akouokou,0,0,0,0,2,0,0,0,25,1,0,0,0,0,1
106,18 Oct 2025,,4pdxzgnhwapyn1hqcu1zpjrbo,Dámaso Arcediano Monescillo,Real Zaragoza,Cultural y Deportiva Leonesa,Carlos Pomares,0,0,0,4,1,1,0,0,19,0,0,0,0,0,1
106,18 Oct 2025,,4pdxzgnhwapyn1hqcu1zpjrbo,Dámaso Arcediano Monescillo,Real Zaragoza,Cultural y Deportiva Leonesa,Sebas Moyano,0,0,0,4,0,1,0,0,10,0,0,0,0,0,0
106,18 Oct 2025,,4pdxzgnhwapyn1hqcu1zpjrbo,Dámaso Arcediano Monescillo,Real Zaragoza,Cultural y Deportiva Leonesa,Dani Gómez,0,0,0,0,1,2,0,0,8,0,0,0,0,0,0
106,18 Oct 2025,,4pdxzgnhwapyn1hqcu1zpjrbo,Dámaso Arcediano Monescillo,Real Zaragoza,Cultural y Deportiva Leonesa,Pablo Insua,0,0,0,0,2,0,0,0,44,0,0,0,0,3,1
106,18 Oct 2025,,4pdxzgnhwapyn1hqcu1zpjrbo,Dámaso Arcediano Monescillo,Real Zaragoza,Cultural y Deportiva Leonesa,E. Andrada,0,0,0,0,0,0,0,0,35,0,7,0,0,0,1
106,18 Oct 2025,,4pdxzgnhwapyn1hqcu1zpjrbo,Dámaso Arcediano Monescillo,Real Zaragoza,Cultural y Deportiva Leonesa,Francho Serrano,0,0,0,1,0,0,0,0,19,0,0,0,0,1,0
106,18 Oct 2025,,4pdxzgnhwapyn1hqcu1zpjrbo,Dámaso Arcediano Monescillo,Real Zaragoza,Cultural y Deportiva Leonesa,Toni Moya,0,0,0,1,0,1,0,0,26,0,0,0,0,1,0
106,18 Oct 2025,,4pdxzgnhwapyn1hqcu1zpjrbo,Dámaso Arcediano Monescillo,Real Zaragoza,Cultural y Deportiva Leonesa,Dani Tasende,0,0,0,1,1,3,0,1,11,0,0,1,0,0,0
106,18 Oct 2025,,4pdxzgnhwapyn1hqcu1zpjrbo,Dámaso Arcediano Monescillo,Real Zaragoza,Cultural y Deportiva Leonesa,Martín Aguirregabiria,0,0,0,2,0,0,0,0,19,0,0,0,0,0,0
106,18 Oct 2025,,4pdxzgnhwapyn1hqcu1zpjrbo,Dámaso Arcediano Monescillo,Real Zaragoza,Cultural y Deportiva Leonesa,Yussif Saidu,0,0,0,0,0,1,0,0,6,0,0,1,0,0,0
106,18 Oct 2025,,4pdxzgnhwapyn1hqcu1zpjrbo,Dámaso Arcediano Monescillo,Real Zaragoza,Cultural y Deportiva Leonesa,Mario Soberón,0,0,0,0,0,0,0,0,5,0,0,0,0,0,0
106,18 Oct 2025,,4pdxzgnhwapyn1hqcu1zpjrbo,Dámaso Arcediano Monescillo,Real Zaragoza,Cultural y Deportiva Leonesa,S. Diallo,0,0,0,0,0,1,0,0,30,0,0,0,0,4,0
106,18 Oct 2025,,4pdxzgnhwapyn1hqcu1zpjrbo,Dámaso Arcediano Monescillo,Real Zaragoza,Cultural y Deportiva Leonesa,Luis Chacón,1,0,1,5,0,0,1,0,47,0,0,6,3,3,0
106,18 Oct 2025,,4pdxzgnhwapyn1hqcu1zpjrbo,Dámaso Arcediano Monescillo,Real Zaragoza,Cultural y Deportiva Leonesa,Edgar Badia,0,0,0,0,0,0,0,0,17,0,2,0,0,0,0
106,18 Oct 2025,,4pdxzgnhwapyn1hqcu1zpjrbo,Dámaso Arcediano Monescillo,Real Zaragoza,Cultural y Deportiva Leonesa,Rodri Suárez,0,0,0,0,2,0,0,0,36,0,0,0,0,0,1
106,18 Oct 2025,,4pdxzgnhwapyn1hqcu1zpjrbo,Dámaso Arcediano Monescillo,Real Zaragoza,Cultural y Deportiva Leonesa,Iván Calero,1,0,1,3,2,0,0,0,65,0,0,2,2,0,0
106,18 Oct 2025,,4pdxzgnhwapyn1hqcu1zpjrbo,Dámaso Arcediano Monescillo,Real Zaragoza,Cultural y Deportiva Leonesa,T. Ojeda,1,0,0,0,1,2,0,0,64,0,0,0,0,3,0
106,18 Oct 2025,,4pdxzgnhwapyn1hqcu1zpjrbo,Dámaso Arcediano Monescillo,Real Zaragoza,Cultural y Deportiva Leonesa,Roger Hinojo,0,0,1,4,1,1,0,0,55,0,0,1,1,1,0
106,18 Oct 2025,,4pdxzgnhwapyn1hqcu1zpjrbo,Dámaso Arcediano Monescillo,Real Zaragoza,Cultural y Deportiva Leonesa,Manu Justo,0,0,1,0,0,2,2,0,8,0,0,3,3,2,0
106,18 Oct 2025,,4pdxzgnhwapyn1hqcu1zpjrbo,Dámaso Arcediano Monescillo,Real Zaragoza,Cultural y Deportiva Leonesa,Rubén Sobrino,0,0,0,1,2,1,0,0,13,0,0,1,0,1,1
106,18 Oct 2025,,4pdxzgnhwapyn1hqcu1zpjrbo,Dámaso Arcediano Monescillo,Real Zaragoza,Cultural y Deportiva Leonesa,Bicho,0,0,0,0,1,2,0,0,74,0,0,2,1,2,0
106,18 Oct 2025,,4pdxzgnhwapyn1hqcu1zpjrbo,Dámaso Arcediano Monescillo,Real Zaragoza,Cultural y Deportiva Leonesa,M. Barzić,0,0,0,0,1,0,0,0,37,0,0,0,0,0,0
106,18 Oct 2025,,4pdxzgnhwapyn1hqcu1zpjrbo,Dámaso Arcediano Monescillo,Real Zaragoza,Cultural y Deportiva Leonesa,Lucas Ribeiro Costa,0,0,0,1,0,0,0,0,20,0,0,0,0,2,0
106,18 Oct 2025,,4pdxzgnhwapyn1hqcu1zpjrbo,Dámaso Arcediano Monescillo,Real Zaragoza,Cultural y Deportiva Leonesa,Paco Cortés,0,0,0,1,0,0,2,0,12,0,0,2,2,0,0
106,18 Oct 2025,,4pdxzgnhwapyn1hqcu1zpjrbo,Dámaso Arcediano Monescillo,Real Zaragoza,Cultural y Deportiva Leonesa,Diego Collado,0,0,1,1,0,0,0,1,2,0,0,2,1,0,0
106,18 Oct 2025,,4pdxzgnhwapyn1hqcu1zpjrbo,Dámaso Arcediano Monescillo,Real Zaragoza,Cultural y Deportiva Leonesa,Quique Fornos,0,0,0,0,0,0,0,0,1,0,0,0,0,0,0
106,18 Oct 2025,,4pdxzgnhwapyn1hqcu1zpjrbo,Dámaso Arcediano Monescillo,Real Zaragoza,Cultural y Deportiva Leonesa,Sergi Maestre,0,0,0,0,0,0,0,0,4,0,0,0,0,0,0
107,19 Oct 2025,,4proiset1wnnau64kwdyjo7bo,Jon Ander González Esteban,Real Valladolid CF,Real Sporting de Gijón,Trilli,0,0,1,3,0,1,0,0,55,0,0,0,0,2,0
107,19 Oct 2025,,4proiset1wnnau64kwdyjo7bo,Jon Ander González Esteban,Real Valladolid CF,Real Sporting de Gijón,S. Jurić,0,0,0,0,1,0,0,0,91,0,0,0,0,5,0
107,19 Oct 2025,,4proiset1wnnau64kwdyjo7bo,Jon Ander González Esteban,Real Valladolid CF,Real Sporting de Gijón,P. González,0,1,0,6,2,4,1,0,43,0,0,3,1,3,0
107,19 Oct 2025,,4proiset1wnnau64kwdyjo7bo,Jon Ander González Esteban,Real Valladolid CF,Real Sporting de Gijón,Juanmi Latasa,0,0,0,0,3,1,0,0,16,0,0,4,2,2,0
107,19 Oct 2025,,4proiset1wnnau64kwdyjo7bo,Jon Ander González Esteban,Real Valladolid CF,Real Sporting de Gijón,Pablo Tomeo,0,0,0,0,0,0,0,0,77,0,0,0,0,0,0
107,19 Oct 2025,,4proiset1wnnau64kwdyjo7bo,Jon Ander González Esteban,Real Valladolid CF,Real Sporting de Gijón,Chuki,0,1,1,1,1,2,0,0,24,0,0,2,0,0,0
107,19 Oct 2025,,4proiset1wnnau64kwdyjo7bo,Jon Ander González Esteban,Real Valladolid CF,Real Sporting de Gijón,David Torres,0,0,0,0,1,0,0,0,94,0,0,0,0,0,0
107,19 Oct 2025,,4proiset1wnnau64kwdyjo7bo,Jon Ander González Esteban,Real Valladolid CF,Real Sporting de Gijón,Guille Bueno,0,0,1,5,1,0,0,0,59,0,0,1,0,3,0
107,19 Oct 2025,,4proiset1wnnau64kwdyjo7bo,Jon Ander González Esteban,Real Valladolid CF,Real Sporting de Gijón,S. Biuk,0,2,1,8,1,0,0,0,36,0,0,2,0,2,0
107,19 Oct 2025,,4proiset1wnnau64kwdyjo7bo,Jon Ander González Esteban,Real Valladolid CF,Real Sporting de Gijón,Guilherme Fernandes,0,0,0,0,1,0,0,0,27,0,2,0,0,0,0
107,19 Oct 2025,,4proiset1wnnau64kwdyjo7bo,Jon Ander González Esteban,Real Valladolid CF,Real Sporting de Gijón,Víctor Meseguer,0,0,0,0,1,0,0,0,41,0,0,1,0,3,0
107,19 Oct 2025,,4proiset1wnnau64kwdyjo7bo,Jon Ander González Esteban,Real Valladolid CF,Real Sporting de Gijón,J. Ponceau,1,0,0,2,0,0,0,0,28,0,0,0,0,0,0
107,19 Oct 2025,,4proiset1wnnau64kwdyjo7bo,Jon Ander González Esteban,Real Valladolid CF,Real Sporting de Gijón,Marcos André,0,2,0,0,0,0,0,0,12,0,0,3,1,0,0
107,19 Oct 2025,,4proiset1wnnau64kwdyjo7bo,Jon Ander González Esteban,Real Valladolid CF,Real Sporting de Gijón,M. Lachuer,0,0,1,2,0,0,0,0,4,0,0,0,0,1,0
107,19 Oct 2025,,4proiset1wnnau64kwdyjo7bo,Jon Ander González Esteban,Real Valladolid CF,Real Sporting de Gijón,Jorge Delgado,0,0,0,0,0,0,1,0,3,0,0,1,1,0,0
107,19 Oct 2025,,4proiset1wnnau64kwdyjo7bo,Jon Ander González Esteban,Real Valladolid CF,Real Sporting de Gijón,Jonathan Dubasin,1,0,0,0,2,1,1,0,25,0,0,1,1,3,0
107,19 Oct 2025,,4proiset1wnnau64kwdyjo7bo,Jon Ander González Esteban,Real Valladolid CF,Real Sporting de Gijón,Pablo Vázquez,0,0,0,0,1,1,0,0,31,0,0,0,0,4,0
107,19 Oct 2025,,4proiset1wnnau64kwdyjo7bo,Jon Ander González Esteban,Real Valladolid CF,Real Sporting de Gijón,Diego Sánchez,0,0,0,1,0,0,0,0,28,0,0,0,0,2,0
107,19 Oct 2025,,4proiset1wnnau64kwdyjo7bo,Jon Ander González Esteban,Real Valladolid CF,Real Sporting de Gijón,L. Perrin,0,0,0,0,1,1,0,0,28,0,0,0,0,5,0
107,19 Oct 2025,,4proiset1wnnau64kwdyjo7bo,Jon Ander González Esteban,Real Valladolid CF,Real Sporting de Gijón,J. Smith,0,0,0,0,1,3,0,0,38,0,0,0,0,3,0
107,19 Oct 2025,,4proiset1wnnau64kwdyjo7bo,Jon Ander González Esteban,Real Valladolid CF,Real Sporting de Gijón,J. Otero,0,1,0,1,1,2,2,0,26,0,0,3,2,2,0
107,19 Oct 2025,,4proiset1wnnau64kwdyjo7bo,Jon Ander González Esteban,Real Valladolid CF,Real Sporting de Gijón,Gaspar Campos,0,0,0,1,2,0,0,0,20,0,0,0,0,2,1
107,19 Oct 2025,,4proiset1wnnau64kwdyjo7bo,Jon Ander González Esteban,Real Valladolid CF,Real Sporting de Gijón,César Gelabert,1,0,1,2,0,1,0,0,37,0,0,2,1,2,0
107,19 Oct 2025,,4proiset1wnnau64kwdyjo7bo,Jon Ander González Esteban,Real Valladolid CF,Real Sporting de Gijón,Álex Corredera,0,0,0,3,0,1,0,0,44,0,0,0,0,2,1
107,19 Oct 2025,,4proiset1wnnau64kwdyjo7bo,Jon Ander González Esteban,Real Valladolid CF,Real Sporting de Gijón,Rubén Yáñez,0,0,0,0,0,0,0,0,27,0,3,0,0,0,0
107,19 Oct 2025,,4proiset1wnnau64kwdyjo7bo,Jon Ander González Esteban,Real Valladolid CF,Real Sporting de Gijón,Guille Rosas,0,0,0,1,0,0,0,0,36,0,0,0,0,8,0
107,19 Oct 2025,,4proiset1wnnau64kwdyjo7bo,Jon Ander González Esteban,Real Valladolid CF,Real Sporting de Gijón,Pablo García,0,0,0,0,1,0,0,0,12,0,0,0,0,0,1
107,19 Oct 2025,,4proiset1wnnau64kwdyjo7bo,Jon Ander González Esteban,Real Valladolid CF,Real Sporting de Gijón,Nacho Martín,0,0,0,0,0,0,0,0,5,0,0,1,1,0,0
108,19 Oct 2025,,4q5madux6h4l7cs4jge9zwh78,Saúl Ais Reig,Córdoba FC,UD Almería,Jacobo González,0,1,1,4,3,0,1,0,33,0,0,4,1,0,0
108,19 Oct 2025,,4q5madux6h4l7cs4jge9zwh78,Saúl Ais Reig,Córdoba FC,UD Almería,Dali,0,0,0,3,0,0,0,0,19,0,0,1,0,1,0
108,19 Oct 2025,,4q5madux6h4l7cs4jge9zwh78,Saúl Ais Reig,Córdoba FC,UD Almería,Rubén Alves,0,0,0,0,2,0,0,0,27,0,0,0,0,1,0
108,19 Oct 2025,,4q5madux6h4l7cs4jge9zwh78,Saúl Ais Reig,Córdoba FC,UD Almería,Carlos Albarrán,0,0,0,1,3,1,0,0,21,0,0,1,1,1,1
108,19 Oct 2025,,4q5madux6h4l7cs4jge9zwh78,Saúl Ais Reig,Córdoba FC,UD Almería,Dani Requena,0,0,1,0,2,1,0,0,20,0,0,1,0,5,0
108,19 Oct 2025,,4q5madux6h4l7cs4jge9zwh78,Saúl Ais Reig,Córdoba FC,UD Almería,F. Fomeyem,0,0,0,0,1,0,0,0,39,0,0,0,0,3,0
108,19 Oct 2025,,4q5madux6h4l7cs4jge9zwh78,Saúl Ais Reig,Córdoba FC,UD Almería,Isma Ruiz,0,0,0,0,1,0,0,0,22,0,0,1,0,3,0
108,19 Oct 2025,,4q5madux6h4l7cs4jge9zwh78,Saúl Ais Reig,Córdoba FC,UD Almería,Carlos Isaac,0,0,0,1,2,1,0,1,24,0,0,2,1,2,0
108,19 Oct 2025,,4q5madux6h4l7cs4jge9zwh78,Saúl Ais Reig,Córdoba FC,UD Almería,Cristian Carracedo,0,0,0,7,1,0,0,1,21,0,0,0,0,1,0
108,19 Oct 2025,,4q5madux6h4l7cs4jge9zwh78,Saúl Ais Reig,Córdoba FC,UD Almería,Fuentes,0,0,0,0,0,1,0,0,5,0,0,2,1,0,0
108,19 Oct 2025,,4q5madux6h4l7cs4jge9zwh78,Saúl Ais Reig,Córdoba FC,UD Almería,Iker Álvarez,0,0,0,0,0,1,0,0,38,0,3,0,0,0,0
108,19 Oct 2025,,4q5madux6h4l7cs4jge9zwh78,Saúl Ais Reig,Córdoba FC,UD Almería,T. Zidane,0,0,0,0,2,1,0,0,5,0,0,1,1,0,0
108,19 Oct 2025,,4q5madux6h4l7cs4jge9zwh78,Saúl Ais Reig,Córdoba FC,UD Almería,Kevin Medina,0,1,1,0,0,3,0,0,4,0,0,1,0,0,1
108,19 Oct 2025,,4q5madux6h4l7cs4jge9zwh78,Saúl Ais Reig,Córdoba FC,UD Almería,Pedro Ortiz,0,0,0,0,0,0,0,0,4,0,0,0,0,0,0
108,19 Oct 2025,,4q5madux6h4l7cs4jge9zwh78,Saúl Ais Reig,Córdoba FC,UD Almería,Álex Martín,0,0,0,0,0,1,0,0,5,0,0,0,0,0,0
108,19 Oct 2025,,4q5madux6h4l7cs4jge9zwh78,Saúl Ais Reig,Córdoba FC,UD Almería,Sergi Guardiola,0,0,0,0,0,0,0,0,2,0,0,0,0,0,0
108,19 Oct 2025,,4q5madux6h4l7cs4jge9zwh78,Saúl Ais Reig,Córdoba FC,UD Almería,Sergio Arribas,1,0,0,4,1,1,0,0,26,0,0,2,1,1,0
108,19 Oct 2025,,4q5madux6h4l7cs4jge9zwh78,Saúl Ais Reig,Córdoba FC,UD Almería,Léo Baptistão,0,0,0,0,0,2,0,1,21,0,0,2,0,2,0
108,19 Oct 2025,,4q5madux6h4l7cs4jge9zwh78,Saúl Ais Reig,Córdoba FC,UD Almería,F. Bonini,0,0,0,0,0,2,0,0,42,0,0,0,0,1,0
108,19 Oct 2025,,4q5madux6h4l7cs4jge9zwh78,Saúl Ais Reig,Córdoba FC,UD Almería,Chumi,0,0,0,0,0,0,0,0,11,0,0,0,0,0,0
108,19 Oct 2025,,4q5madux6h4l7cs4jge9zwh78,Saúl Ais Reig,Córdoba FC,UD Almería,D. Chirino,0,0,0,1,2,2,0,1,35,0,0,0,0,2,0
108,19 Oct 2025,,4q5madux6h4l7cs4jge9zwh78,Saúl Ais Reig,Córdoba FC,UD Almería,Andrés Fernández,0,0,0,0,0,0,0,0,39,0,4,0,0,0,0
108,19 Oct 2025,,4q5madux6h4l7cs4jge9zwh78,Saúl Ais Reig,Córdoba FC,UD Almería,I. Baba,0,0,0,0,1,1,0,0,27,0,0,0,0,0,0
108,19 Oct 2025,,4q5madux6h4l7cs4jge9zwh78,Saúl Ais Reig,Córdoba FC,UD Almería,D. Lopy,0,0,0,0,0,2,0,0,25,0,0,1,0,3,0
108,19 Oct 2025,,4q5madux6h4l7cs4jge9zwh78,Saúl Ais Reig,Córdoba FC,UD Almería,Álex Centelles,0,0,0,2,1,2,0,1,15,0,0,1,0,0,1
108,19 Oct 2025,,4q5madux6h4l7cs4jge9zwh78,Saúl Ais Reig,Córdoba FC,UD Almería,Adri Embarba,0,0,2,5,2,2,0,2,23,0,0,1,0,1,0
108,19 Oct 2025,,4q5madux6h4l7cs4jge9zwh78,Saúl Ais Reig,Córdoba FC,UD Almería,Arnau Puigmal,0,0,0,2,2,2,1,0,21,0,0,4,3,0,0
108,19 Oct 2025,,4q5madux6h4l7cs4jge9zwh78,Saúl Ais Reig,Córdoba FC,UD Almería,Aridane Hernández,0,0,0,0,1,0,0,0,31,0,0,0,0,0,1
108,19 Oct 2025,,4q5madux6h4l7cs4jge9zwh78,Saúl Ais Reig,Córdoba FC,UD Almería,P. Soko,0,0,0,0,0,0,0,0,3,0,0,0,0,0,0
108,19 Oct 2025,,4q5madux6h4l7cs4jge9zwh78,Saúl Ais Reig,Córdoba FC,UD Almería,Nico Melamed,0,0,0,0,1,1,0,0,6,0,0,0,0,0,0
108,19 Oct 2025,,4q5madux6h4l7cs4jge9zwh78,Saúl Ais Reig,Córdoba FC,UD Almería,S. Džodić,0,0,0,0,0,0,0,0,4,0,0,1,0,1,0
108,19 Oct 2025,,4q5madux6h4l7cs4jge9zwh78,Saúl Ais Reig,Córdoba FC,UD Almería,M. Perović,0,1,0,0,0,0,0,0,0,0,0,1,0,0,0
109,18 Oct 2025,,4qjirix1173tscxa26p4cgaok,Miguel González Díaz,AD Ceuta FC,CD Mirandés,Marcos Fernández,1,0,2,2,0,2,0,0,22,0,0,3,1,1,0
109,18 Oct 2025,,4qjirix1173tscxa26p4cgaok,Miguel González Díaz,AD Ceuta FC,CD Mirandés,Diego González,0,0,0,0,1,2,0,0,52,0,0,0,0,2,0
109,18 Oct 2025,,4qjirix1173tscxa26p4cgaok,Miguel González Díaz,AD Ceuta FC,CD Mirandés,Y. Lachhab,0,1,0,3,1,2,0,0,65,0,0,1,0,4,0
109,18 Oct 2025,,4qjirix1173tscxa26p4cgaok,Miguel González Díaz,AD Ceuta FC,CD Mirandés,Aisar,0,0,0,0,2,1,0,0,20,0,0,1,0,1,0
109,18 Oct 2025,,4qjirix1173tscxa26p4cgaok,Miguel González Díaz,AD Ceuta FC,CD Mirandés,Rubén Díez,0,0,0,7,3,2,0,0,37,0,0,0,0,1,1
109,18 Oct 2025,,4qjirix1173tscxa26p4cgaok,Miguel González Díaz,AD Ceuta FC,CD Mirandés,Kuki Zalazar,0,1,1,0,1,2,0,0,30,0,0,2,1,1,0
109,18 Oct 2025,,4qjirix1173tscxa26p4cgaok,Miguel González Díaz,AD Ceuta FC,CD Mirandés,A. Tuhami,0,0,0,1,2,2,0,0,41,0,0,0,0,2,1
109,18 Oct 2025,,4qjirix1173tscxa26p4cgaok,Miguel González Díaz,AD Ceuta FC,CD Mirandés,Carlos Hernández,0,0,0,0,2,0,0,0,33,0,0,1,1,1,0
109,18 Oct 2025,,4qjirix1173tscxa26p4cgaok,Miguel González Díaz,AD Ceuta FC,CD Mirandés,Guille Vallejo,0,0,0,0,0,0,0,0,31,0,0,0,0,0,0
109,18 Oct 2025,,4qjirix1173tscxa26p4cgaok,Miguel González Díaz,AD Ceuta FC,CD Mirandés,José Matos,0,0,0,1,1,2,1,0,44,0,0,1,1,3,0
109,18 Oct 2025,,4qjirix1173tscxa26p4cgaok,Miguel González Díaz,AD Ceuta FC,CD Mirandés,K. Koné,1,0,0,0,0,1,0,1,7,0,0,0,0,0,0
109,18 Oct 2025,,4qjirix1173tscxa26p4cgaok,Miguel González Díaz,AD Ceuta FC,CD Mirandés,K. de la Fuente,0,1,1,1,0,0,1,0,19,0,0,2,1,1,0
109,18 Oct 2025,,4qjirix1173tscxa26p4cgaok,Miguel González Díaz,AD Ceuta FC,CD Mirandés,Salvi Sánchez,0,0,1,2,0,0,0,1,5,0,0,0,0,0,0
109,18 Oct 2025,,4qjirix1173tscxa26p4cgaok,Miguel González Díaz,AD Ceuta FC,CD Mirandés,A. Bassinga,0,0,0,0,1,0,0,0,11,0,0,0,0,0,0
109,18 Oct 2025,,4qjirix1173tscxa26p4cgaok,Miguel González Díaz,AD Ceuta FC,CD Mirandés,Y. Bodiger,0,0,0,0,0,0,0,0,9,0,0,1,0,0,0
109,18 Oct 2025,,4qjirix1173tscxa26p4cgaok,Miguel González Díaz,AD Ceuta FC,CD Mirandés,S. Obeng,0,0,0,0,1,0,0,0,0,0,0,0,0,0,0
109,18 Oct 2025,,4qjirix1173tscxa26p4cgaok,Miguel González Díaz,AD Ceuta FC,CD Mirandés,Marino Illescas,0,1,1,4,1,3,0,0,39,0,0,1,0,0,0
109,18 Oct 2025,,4qjirix1173tscxa26p4cgaok,Miguel González Díaz,AD Ceuta FC,CD Mirandés,Pablo Pérez,0,1,0,3,2,2,0,0,18,0,0,1,0,2,0
109,18 Oct 2025,,4qjirix1173tscxa26p4cgaok,Miguel González Díaz,AD Ceuta FC,CD Mirandés,Hugo Novoa,0,0,1,6,2,1,0,0,14,0,0,0,0,5,0
109,18 Oct 2025,,4qjirix1173tscxa26p4cgaok,Miguel González Díaz,AD Ceuta FC,CD Mirandés,Rafel Bauzà,0,0,0,1,5,2,0,0,38,0,0,0,0,1,1
109,18 Oct 2025,,4qjirix1173tscxa26p4cgaok,Miguel González Díaz,AD Ceuta FC,CD Mirandés,Ismael Barea,0,0,0,0,0,2,0,0,17,0,0,0,0,2,0
109,18 Oct 2025,,4qjirix1173tscxa26p4cgaok,Miguel González Díaz,AD Ceuta FC,CD Mirandés,Iker Córdoba,0,0,0,0,0,0,0,0,38,0,0,0,0,2,0
109,18 Oct 2025,,4qjirix1173tscxa26p4cgaok,Miguel González Díaz,AD Ceuta FC,CD Mirandés,Juanpa,0,0,0,0,0,0,0,0,32,0,3,0,0,0,0
109,18 Oct 2025,,4qjirix1173tscxa26p4cgaok,Miguel González Díaz,AD Ceuta FC,CD Mirandés,Martín Pascual,0,0,0,0,2,0,0,0,48,0,0,0,0,1,0
109,18 Oct 2025,,4qjirix1173tscxa26p4cgaok,Miguel González Díaz,AD Ceuta FC,CD Mirandés,Juan Gutiérrez,0,0,0,2,1,0,0,0,39,0,0,0,0,1,0
109,18 Oct 2025,,4qjirix1173tscxa26p4cgaok,Miguel González Díaz,AD Ceuta FC,CD Mirandés,Alberto Marí,0,0,0,1,1,1,0,0,10,0,0,1,0,1,0
109,18 Oct 2025,,4qjirix1173tscxa26p4cgaok,Miguel González Díaz,AD Ceuta FC,CD Mirandés,S. El Jebari,0,1,1,0,1,2,0,1,10,0,0,1,0,0,0
109,18 Oct 2025,,4qjirix1173tscxa26p4cgaok,Miguel González Díaz,AD Ceuta FC,CD Mirandés,Iker Varela,0,0,0,2,1,0,0,0,14,0,0,0,0,1,0
109,18 Oct 2025,,4qjirix1173tscxa26p4cgaok,Miguel González Díaz,AD Ceuta FC,CD Mirandés,T. Helguera,0,0,0,0,0,1,0,0,18,0,0,0,0,2,0
109,18 Oct 2025,,4qjirix1173tscxa26p4cgaok,Miguel González Díaz,AD Ceuta FC,CD Mirandés,Carlos Fernández,0,0,0,0,1,0,0,0,8,0,0,0,0,0,0
109,18 Oct 2025,,4qjirix1173tscxa26p4cgaok,Miguel González Díaz,AD Ceuta FC,CD Mirandés,E. Eto'o,0,1,2,0,0,1,0,0,7,0,0,2,0,0,0
109,18 Oct 2025,,4qjirix1173tscxa26p4cgaok,Miguel González Díaz,AD Ceuta FC,CD Mirandés,Fernando Medrano,0,0,0,1,0,0,0,0,13,0,0,0,0,1,0
109,18 Oct 2025,,4qjirix1173tscxa26p4cgaok,Miguel González Díaz,AD Ceuta FC,CD Mirandés,Aarón,0,0,0,0,0,0,0,0,0,0,0,0,0,0,0
110,19 Oct 2025,,4qxbzr9jqcgnt6nyes9xmpm38,Rafael Sánchez López,CD Leganés,Málaga CF,Juan Cruz,0,0,1,10,0,0,0,0,20,0,0,2,1,0,0
110,19 Oct 2025,,4qxbzr9jqcgnt6nyes9xmpm38,Rafael Sánchez López,CD Leganés,Málaga CF,S. Cissé,0,1,0,0,1,0,0,0,38,0,0,2,0,3,0
110,19 Oct 2025,,4qxbzr9jqcgnt6nyes9xmpm38,Rafael Sánchez López,CD Leganés,Málaga CF,A. Diawara,0,1,0,0,1,1,0,0,34,0,0,1,0,2,0
110,19 Oct 2025,,4qxbzr9jqcgnt6nyes9xmpm38,Rafael Sánchez López,CD Leganés,Málaga CF,Rubén Peña,1,0,1,2,0,0,0,0,34,0,0,1,1,3,0
110,19 Oct 2025,,4qxbzr9jqcgnt6nyes9xmpm38,Rafael Sánchez López,CD Leganés,Málaga CF,Juan Soriano,0,0,0,0,0,0,0,0,24,0,4,0,0,0,0
110,19 Oct 2025,,4qxbzr9jqcgnt6nyes9xmpm38,Rafael Sánchez López,CD Leganés,Málaga CF,Lalo Aguilar,0,1,0,0,0,0,0,0,39,0,0,1,0,4,0
110,19 Oct 2025,,4qxbzr9jqcgnt6nyes9xmpm38,Rafael Sánchez López,CD Leganés,Málaga CF,Diego García,0,0,0,1,1,1,1,0,11,0,0,2,2,0,0
110,19 Oct 2025,,4qxbzr9jqcgnt6nyes9xmpm38,Rafael Sánchez López,CD Leganés,Málaga CF,Ignasi Miquel,0,0,0,0,1,0,0,0,29,0,0,1,1,2,0
110,19 Oct 2025,,4qxbzr9jqcgnt6nyes9xmpm38,Rafael Sánchez López,CD Leganés,Málaga CF,Miguel de la Fuente,0,0,0,1,1,2,0,0,5,0,0,0,0,0,0
110,19 Oct 2025,,4qxbzr9jqcgnt6nyes9xmpm38,Rafael Sánchez López,CD Leganés,Málaga CF,Duk,0,0,3,1,1,1,0,1,15,0,0,1,1,0,0
110,19 Oct 2025,,4qxbzr9jqcgnt6nyes9xmpm38,Rafael Sánchez López,CD Leganés,Málaga CF,Marvel,0,0,0,2,0,0,0,0,25,0,0,1,0,4,0
110,19 Oct 2025,,4qxbzr9jqcgnt6nyes9xmpm38,Rafael Sánchez López,CD Leganés,Málaga CF,Álex Millán,0,0,0,0,0,1,1,0,6,0,0,1,1,0,0
110,19 Oct 2025,,4qxbzr9jqcgnt6nyes9xmpm38,Rafael Sánchez López,CD Leganés,Málaga CF,Naim García,0,0,2,3,3,0,0,1,9,0,0,2,1,0,1
110,19 Oct 2025,,4qxbzr9jqcgnt6nyes9xmpm38,Rafael Sánchez López,CD Leganés,Málaga CF,Óscar Plano,0,0,0,1,0,0,0,0,14,0,0,0,0,0,0
110,19 Oct 2025,,4qxbzr9jqcgnt6nyes9xmpm38,Rafael Sánchez López,CD Leganés,Málaga CF,Jorge Sáenz,0,0,0,0,0,0,0,0,7,0,0,0,0,1,0
110,19 Oct 2025,,4qxbzr9jqcgnt6nyes9xmpm38,Rafael Sánchez López,CD Leganés,Málaga CF,Gonzalo Melero,0,0,0,0,0,0,0,0,2,0,0,0,0,1,0
110,19 Oct 2025,,4qxbzr9jqcgnt6nyes9xmpm38,Rafael Sánchez López,CD Leganés,Málaga CF,Dani Sánchez,0,0,2,6,1,0,0,0,33,0,0,0,0,1,0
110,19 Oct 2025,,4qxbzr9jqcgnt6nyes9xmpm38,Rafael Sánchez López,CD Leganés,Málaga CF,Joaquín Muñoz,0,0,0,4,0,1,0,1,31,0,0,0,0,1,0
110,19 Oct 2025,,4qxbzr9jqcgnt6nyes9xmpm38,Rafael Sánchez López,CD Leganés,Málaga CF,Juanpe,0,0,0,0,3,1,0,0,50,0,0,0,0,4,0
110,19 Oct 2025,,4qxbzr9jqcgnt6nyes9xmpm38,Rafael Sánchez López,CD Leganés,Málaga CF,Dani Lorenzo,0,0,0,3,1,1,0,0,62,0,0,2,0,2,0
110,19 Oct 2025,,4qxbzr9jqcgnt6nyes9xmpm38,Rafael Sánchez López,CD Leganés,Málaga CF,Diego Murillo,0,0,0,0,0,0,0,0,70,0,0,1,0,4,0
110,19 Oct 2025,,4qxbzr9jqcgnt6nyes9xmpm38,Rafael Sánchez López,CD Leganés,Málaga CF,Chupe,0,1,2,0,0,1,0,1,7,0,0,1,0,1,0
110,19 Oct 2025,,4qxbzr9jqcgnt6nyes9xmpm38,Rafael Sánchez López,CD Leganés,Málaga CF,Alfonso Herrero,0,0,0,0,0,0,0,0,28,0,5,0,0,0,0
110,19 Oct 2025,,4qxbzr9jqcgnt6nyes9xmpm38,Rafael Sánchez López,CD Leganés,Málaga CF,Rafita,0,0,1,1,1,2,0,0,40,0,0,1,1,0,0
110,19 Oct 2025,,4qxbzr9jqcgnt6nyes9xmpm38,Rafael Sánchez López,CD Leganés,Málaga CF,David Larrubia,0,2,0,1,0,2,0,0,25,0,0,5,3,6,0
110,19 Oct 2025,,4qxbzr9jqcgnt6nyes9xmpm38,Rafael Sánchez López,CD Leganés,Málaga CF,Einar Galilea,0,0,0,0,0,0,0,0,36,0,0,0,0,0,0
110,19 Oct 2025,,4qxbzr9jqcgnt6nyes9xmpm38,Rafael Sánchez López,CD Leganés,Málaga CF,Rafa Rodríguez,0,1,0,0,1,0,0,1,18,0,0,2,0,0,0
110,19 Oct 2025,,4qxbzr9jqcgnt6nyes9xmpm38,Rafael Sánchez López,CD Leganés,Málaga CF,Izan Merino,0,0,0,0,0,0,0,0,32,0,0,0,0,0,0
110,19 Oct 2025,,4qxbzr9jqcgnt6nyes9xmpm38,Rafael Sánchez López,CD Leganés,Málaga CF,Eneko Jauregi,0,0,0,0,0,0,0,0,3,0,0,0,0,0,0
110,19 Oct 2025,,4qxbzr9jqcgnt6nyes9xmpm38,Rafael Sánchez López,CD Leganés,Málaga CF,D. Brašanac,0,0,0,0,0,0,0,0,11,0,0,0,0,0,0
110,19 Oct 2025,,4qxbzr9jqcgnt6nyes9xmpm38,Rafael Sánchez López,CD Leganés,Málaga CF,Julen Lobete,0,0,0,0,0,0,0,0,7,0,0,1,1,0,0
110,19 Oct 2025,,4qxbzr9jqcgnt6nyes9xmpm38,Rafael Sánchez López,CD Leganés,Málaga CF,H. Abaida,0,0,0,1,0,1,0,0,7,0,0,1,0,0,0
111,25 Oct 2025,,4rb5jsn7m71gh8kxmze79nvv8,Carlos Muñiz Muñoz,Albacete Balompié,Córdoba FC,Dani Escriche,0,2,1,2,3,2,0,1,22,0,0,3,0,2,0
111,25 Oct 2025,,4rb5jsn7m71gh8kxmze79nvv8,Carlos Muñiz Muñoz,Albacete Balompié,Córdoba FC,Agus Medina,0,1,0,2,0,0,0,0,32,0,0,3,1,2,0
111,25 Oct 2025,,4rb5jsn7m71gh8kxmze79nvv8,Carlos Muñiz Muñoz,Albacete Balompié,Córdoba FC,Fran Gámez,0,1,2,10,0,0,0,0,34,0,0,2,0,4,0
111,25 Oct 2025,,4rb5jsn7m71gh8kxmze79nvv8,Carlos Muñiz Muñoz,Albacete Balompié,Córdoba FC,Ale Meléndez,0,0,0,1,1,1,0,0,33,0,0,0,0,3,0
111,25 Oct 2025,,4rb5jsn7m71gh8kxmze79nvv8,Carlos Muñiz Muñoz,Albacete Balompié,Córdoba FC,Javi Moreno,0,0,0,0,0,0,0,0,23,0,0,0,0,2,0
111,25 Oct 2025,,4rb5jsn7m71gh8kxmze79nvv8,Carlos Muñiz Muñoz,Albacete Balompié,Córdoba FC,José Carlos Lazo,0,2,2,2,0,1,0,0,9,0,0,5,0,1,0
111,25 Oct 2025,,4rb5jsn7m71gh8kxmze79nvv8,Carlos Muñiz Muñoz,Albacete Balompié,Córdoba FC,Carlos Neva,0,0,0,3,0,0,0,0,26,0,0,0,0,0,0
111,25 Oct 2025,,4rb5jsn7m71gh8kxmze79nvv8,Carlos Muñiz Muñoz,Albacete Balompié,Córdoba FC,Jon García,0,1,0,0,1,0,0,0,16,0,0,3,0,0,0
111,25 Oct 2025,,4rb5jsn7m71gh8kxmze79nvv8,Carlos Muñiz Muñoz,Albacete Balompié,Córdoba FC,Antonio Puertas,0,0,2,4,1,1,0,0,14,0,0,2,1,2,0
111,25 Oct 2025,,4rb5jsn7m71gh8kxmze79nvv8,Carlos Muñiz Muñoz,Albacete Balompié,Córdoba FC,Javi Villar,0,0,0,0,2,1,0,0,22,0,0,0,0,1,0
111,25 Oct 2025,,4rb5jsn7m71gh8kxmze79nvv8,Carlos Muñiz Muñoz,Albacete Balompié,Córdoba FC,Raúl Lizoain Cruz,0,0,0,0,0,0,0,0,20,0,6,0,0,0,0
111,25 Oct 2025,,4rb5jsn7m71gh8kxmze79nvv8,Carlos Muñiz Muñoz,Albacete Balompié,Córdoba FC,Jon Morcillo,0,0,2,9,0,1,1,0,10,0,0,2,2,0,0
111,25 Oct 2025,,4rb5jsn7m71gh8kxmze79nvv8,Carlos Muñiz Muñoz,Albacete Balompié,Córdoba FC,Antonio Pacheco,0,0,0,0,0,1,0,0,11,0,0,0,0,1,0
111,25 Oct 2025,,4rb5jsn7m71gh8kxmze79nvv8,Carlos Muñiz Muñoz,Albacete Balompié,Córdoba FC,Jefté Betancor,0,0,0,0,0,0,0,0,3,0,0,1,0,0,0
111,25 Oct 2025,,4rb5jsn7m71gh8kxmze79nvv8,Carlos Muñiz Muñoz,Albacete Balompié,Córdoba FC,Capi,0,0,0,1,0,0,0,0,12,0,0,0,0,0,0
111,25 Oct 2025,,4rb5jsn7m71gh8kxmze79nvv8,Carlos Muñiz Muñoz,Albacete Balompié,Córdoba FC,Lorenzo Aguado,0,0,0,1,0,0,0,0,6,0,0,0,0,1,0
111,25 Oct 2025,,4rb5jsn7m71gh8kxmze79nvv8,Carlos Muñiz Muñoz,Albacete Balompié,Córdoba FC,Dali,1,1,0,4,0,1,0,0,11,0,0,1,0,1,0
111,25 Oct 2025,,4rb5jsn7m71gh8kxmze79nvv8,Carlos Muñiz Muñoz,Albacete Balompié,Córdoba FC,Rubén Alves,0,0,0,0,1,0,1,0,31,0,0,1,1,0,0
111,25 Oct 2025,,4rb5jsn7m71gh8kxmze79nvv8,Carlos Muñiz Muñoz,Albacete Balompié,Córdoba FC,Dani Requena,0,0,1,1,1,3,0,0,32,0,0,0,0,3,0
111,25 Oct 2025,,4rb5jsn7m71gh8kxmze79nvv8,Carlos Muñiz Muñoz,Albacete Balompié,Córdoba FC,Fuentes,0,0,1,0,0,0,2,0,8,0,0,5,4,0,0
111,25 Oct 2025,,4rb5jsn7m71gh8kxmze79nvv8,Carlos Muñiz Muñoz,Albacete Balompié,Córdoba FC,Carlos Albarrán,0,0,0,0,1,0,0,0,20,0,0,0,0,2,0
111,25 Oct 2025,,4rb5jsn7m71gh8kxmze79nvv8,Carlos Muñiz Muñoz,Albacete Balompié,Córdoba FC,Carlos Isaac,1,0,1,2,1,0,0,0,27,0,0,0,0,4,0
111,25 Oct 2025,,4rb5jsn7m71gh8kxmze79nvv8,Carlos Muñiz Muñoz,Albacete Balompié,Córdoba FC,Cristian Carracedo,1,0,0,1,1,0,0,0,23,0,0,2,1,3,0
111,25 Oct 2025,,4rb5jsn7m71gh8kxmze79nvv8,Carlos Muñiz Muñoz,Albacete Balompié,Córdoba FC,F. Fomeyem,0,0,0,0,1,0,0,0,28,0,0,0,0,1,0
111,25 Oct 2025,,4rb5jsn7m71gh8kxmze79nvv8,Carlos Muñiz Muñoz,Albacete Balompié,Córdoba FC,Isma Ruiz,0,0,0,0,1,1,0,0,39,0,0,0,0,3,0
111,25 Oct 2025,,4rb5jsn7m71gh8kxmze79nvv8,Carlos Muñiz Muñoz,Albacete Balompié,Córdoba FC,Iker Álvarez,0,0,0,0,0,0,0,0,46,0,3,0,0,0,0
111,25 Oct 2025,,4rb5jsn7m71gh8kxmze79nvv8,Carlos Muñiz Muñoz,Albacete Balompié,Córdoba FC,Jacobo González,0,1,0,3,1,2,0,0,24,0,0,2,1,2,0
111,25 Oct 2025,,4rb5jsn7m71gh8kxmze79nvv8,Carlos Muñiz Muñoz,Albacete Balompié,Córdoba FC,Alberto del Moral,0,0,0,0,1,0,0,0,14,0,0,0,0,0,0
111,25 Oct 2025,,4rb5jsn7m71gh8kxmze79nvv8,Carlos Muñiz Muñoz,Albacete Balompié,Córdoba FC,Álex Martín,0,0,0,0,0,1,0,0,10,0,0,0,0,1,0
111,25 Oct 2025,,4rb5jsn7m71gh8kxmze79nvv8,Carlos Muñiz Muñoz,Albacete Balompié,Córdoba FC,Sergi Guardiola,0,0,1,0,0,0,0,0,6,0,0,1,1,2,0
111,25 Oct 2025,,4rb5jsn7m71gh8kxmze79nvv8,Carlos Muñiz Muñoz,Albacete Balompié,Córdoba FC,Kevin Medina,0,0,0,0,1,0,0,0,3,0,0,1,1,0,0
111,25 Oct 2025,,4rb5jsn7m71gh8kxmze79nvv8,Carlos Muñiz Muñoz,Albacete Balompié,Córdoba FC,T. Zidane,0,0,0,1,0,0,0,0,4,0,0,0,0,1,0
112,25 Oct 2025,,4rovo0y99n2scb8v0y3eqt638,Manuel Jesús Orellana Cid,Burgos CF,Real Sociedad de Fútbol,Curro Sánchez,0,0,0,3,0,1,0,0,38,0,0,0,0,1,0
112,25 Oct 2025,,4rovo0y99n2scb8v0y3eqt638,Manuel Jesús Orellana Cid,Burgos CF,Real Sociedad de Fútbol,Iván Morante,0,0,0,1,1,1,0,0,51,0,0,1,0,1,1
112,25 Oct 2025,,4rovo0y99n2scb8v0y3eqt638,Manuel Jesús Orellana Cid,Burgos CF,Real Sociedad de Fútbol,Grego Sierra,0,0,0,1,2,1,0,0,51,0,0,0,0,0,1
112,25 Oct 2025,,4rovo0y99n2scb8v0y3eqt638,Manuel Jesús Orellana Cid,Burgos CF,Real Sociedad de Fútbol,Fer Niño,0,3,3,1,2,1,0,0,18,0,0,5,0,1,0
112,25 Oct 2025,,4rovo0y99n2scb8v0y3eqt638,Manuel Jesús Orellana Cid,Burgos CF,Real Sociedad de Fútbol,Ander Cantero,0,0,0,0,0,0,0,0,19,0,1,0,0,0,0
112,25 Oct 2025,,4rovo0y99n2scb8v0y3eqt638,Manuel Jesús Orellana Cid,Burgos CF,Real Sociedad de Fútbol,Álex Lizancos,0,0,0,4,1,0,0,0,32,0,0,2,1,4,0
112,25 Oct 2025,,4rovo0y99n2scb8v0y3eqt638,Manuel Jesús Orellana Cid,Burgos CF,Real Sociedad de Fútbol,Aitor Córdoba,0,0,0,0,2,1,0,0,44,0,0,0,0,1,1
112,25 Oct 2025,,4rovo0y99n2scb8v0y3eqt638,Manuel Jesús Orellana Cid,Burgos CF,Real Sociedad de Fútbol,Miguel Atienza,0,0,0,0,2,1,0,0,47,0,0,0,0,4,0
112,25 Oct 2025,,4rovo0y99n2scb8v0y3eqt638,Manuel Jesús Orellana Cid,Burgos CF,Real Sociedad de Fútbol,F. Miguel,0,0,0,3,0,0,0,0,16,0,0,0,0,0,1
112,25 Oct 2025,,4rovo0y99n2scb8v0y3eqt638,Manuel Jesús Orellana Cid,Burgos CF,Real Sociedad de Fútbol,David González,0,0,0,6,1,3,1,0,29,0,0,3,2,2,0
112,25 Oct 2025,,4rovo0y99n2scb8v0y3eqt638,Manuel Jesús Orellana Cid,Burgos CF,Real Sociedad de Fútbol,Iñigo Córdoba,0,1,2,4,0,2,0,0,17,0,0,2,0,1,0
112,25 Oct 2025,,4rovo0y99n2scb8v0y3eqt638,Manuel Jesús Orellana Cid,Burgos CF,Real Sociedad de Fútbol,Brais Martínez,0,0,0,2,0,0,0,0,11,0,0,0,0,2,0
112,25 Oct 2025,,4rovo0y99n2scb8v0y3eqt638,Manuel Jesús Orellana Cid,Burgos CF,Real Sociedad de Fútbol,K. Appin,0,0,0,1,1,1,0,0,12,0,0,0,0,3,0
112,25 Oct 2025,,4rovo0y99n2scb8v0y3eqt638,Manuel Jesús Orellana Cid,Burgos CF,Real Sociedad de Fútbol,M. Mejía,0,0,0,0,0,0,0,0,4,0,0,1,0,0,0
112,25 Oct 2025,,4rovo0y99n2scb8v0y3eqt638,Manuel Jesús Orellana Cid,Burgos CF,Real Sociedad de Fútbol,Sergio González,0,0,1,1,1,0,0,0,7,0,0,0,0,0,0
112,25 Oct 2025,,4rovo0y99n2scb8v0y3eqt638,Manuel Jesús Orellana Cid,Burgos CF,Real Sociedad de Fútbol,Mario González,0,0,0,0,0,0,0,0,2,0,0,0,0,0,0
112,25 Oct 2025,,4rovo0y99n2scb8v0y3eqt638,Manuel Jesús Orellana Cid,Burgos CF,Real Sociedad de Fútbol,Peru Rodríguez,0,0,0,0,1,0,0,0,69,0,0,0,0,3,0
112,25 Oct 2025,,4rovo0y99n2scb8v0y3eqt638,Manuel Jesús Orellana Cid,Burgos CF,Real Sociedad de Fútbol,Jon Garro,0,1,0,4,1,0,0,0,30,0,0,1,0,2,1
112,25 Oct 2025,,4rovo0y99n2scb8v0y3eqt638,Manuel Jesús Orellana Cid,Burgos CF,Real Sociedad de Fútbol,Gorka Carrera,0,0,0,1,3,2,0,0,8,0,0,0,0,0,0
112,25 Oct 2025,,4rovo0y99n2scb8v0y3eqt638,Manuel Jesús Orellana Cid,Burgos CF,Real Sociedad de Fútbol,Luken Beitia,0,0,0,0,1,0,0,0,56,0,0,0,0,1,0
112,25 Oct 2025,,4rovo0y99n2scb8v0y3eqt638,Manuel Jesús Orellana Cid,Burgos CF,Real Sociedad de Fútbol,Arkaitz Mariezkurrena,0,0,1,2,2,3,0,0,21,0,0,1,0,2,1
112,25 Oct 2025,,4rovo0y99n2scb8v0y3eqt638,Manuel Jesús Orellana Cid,Burgos CF,Real Sociedad de Fútbol,K. Kita,0,0,0,0,2,0,0,0,52,0,0,0,0,4,0
112,25 Oct 2025,,4rovo0y99n2scb8v0y3eqt638,Manuel Jesús Orellana Cid,Burgos CF,Real Sociedad de Fútbol,Tomás Carbonell,0,0,0,0,0,2,0,0,55,0,0,0,0,0,0
112,25 Oct 2025,,4rovo0y99n2scb8v0y3eqt638,Manuel Jesús Orellana Cid,Burgos CF,Real Sociedad de Fútbol,Jon Balda,0,0,1,5,1,1,0,0,29,0,0,2,1,6,0
112,25 Oct 2025,,4rovo0y99n2scb8v0y3eqt638,Manuel Jesús Orellana Cid,Burgos CF,Real Sociedad de Fútbol,Aitor Fraga,0,0,0,0,0,0,0,0,27,0,1,0,0,0,0
112,25 Oct 2025,,4rovo0y99n2scb8v0y3eqt638,Manuel Jesús Orellana Cid,Burgos CF,Real Sociedad de Fútbol,Mikel Rodríguez,0,0,0,1,1,3,0,0,40,0,0,0,0,0,0
112,25 Oct 2025,,4rovo0y99n2scb8v0y3eqt638,Manuel Jesús Orellana Cid,Burgos CF,Real Sociedad de Fútbol,Lander Astiazarán,0,0,0,3,0,0,0,0,15,0,0,1,0,0,0
112,25 Oct 2025,,4rovo0y99n2scb8v0y3eqt638,Manuel Jesús Orellana Cid,Burgos CF,Real Sociedad de Fútbol,Gorka Gorosabel,0,0,0,0,0,1,0,0,7,0,0,0,0,0,0
112,25 Oct 2025,,4rovo0y99n2scb8v0y3eqt638,Manuel Jesús Orellana Cid,Burgos CF,Real Sociedad de Fútbol,Joni Eceiza,0,0,1,0,0,0,0,0,4,0,0,0,0,1,0
112,25 Oct 2025,,4rovo0y99n2scb8v0y3eqt638,Manuel Jesús Orellana Cid,Burgos CF,Real Sociedad de Fútbol,Alberto Dadie,0,0,0,2,0,0,0,0,2,0,0,0,0,0,0
112,25 Oct 2025,,4rovo0y99n2scb8v0y3eqt638,Manuel Jesús Orellana Cid,Burgos CF,Real Sociedad de Fútbol,Dani Díaz,0,0,0,1,0,0,0,0,1,0,0,0,0,1,0
112,25 Oct 2025,,4rovo0y99n2scb8v0y3eqt638,Manuel Jesús Orellana Cid,Burgos CF,Real Sociedad de Fútbol,Sydney Osazuwa,0,0,0,0,1,0,0,0,0,0,0,0,0,0,0
113,26 Oct 2025,,4s4b77abvj2r2oz8gfbc6i32s,Daniel Palencia Caballero,RC Deportivo de La Coruña,Real Valladolid CF,L. Noubi,0,0,0,2,2,3,0,0,56,0,0,1,0,1,0
113,26 Oct 2025,,4s4b77abvj2r2oz8gfbc6i32s,Daniel Palencia Caballero,RC Deportivo de La Coruña,Real Valladolid CF,Miguel Loureiro,0,0,1,3,1,1,0,0,60,0,0,2,2,1,0
113,26 Oct 2025,,4s4b77abvj2r2oz8gfbc6i32s,Daniel Palencia Caballero,RC Deportivo de La Coruña,Real Valladolid CF,David Mella,0,0,0,4,0,1,0,0,33,0,0,1,0,2,0
113,26 Oct 2025,,4s4b77abvj2r2oz8gfbc6i32s,Daniel Palencia Caballero,RC Deportivo de La Coruña,Real Valladolid CF,Stoichkov,0,0,0,0,0,0,0,0,16,0,0,0,0,1,0
113,26 Oct 2025,,4s4b77abvj2r2oz8gfbc6i32s,Daniel Palencia Caballero,RC Deportivo de La Coruña,Real Valladolid CF,Mario Soriano,0,0,0,0,1,1,0,0,70,0,0,1,0,4,0
113,26 Oct 2025,,4s4b77abvj2r2oz8gfbc6i32s,Daniel Palencia Caballero,RC Deportivo de La Coruña,Real Valladolid CF,G. Quagliata,0,0,1,2,2,3,0,0,22,0,0,1,0,0,1
113,26 Oct 2025,,4s4b77abvj2r2oz8gfbc6i32s,Daniel Palencia Caballero,RC Deportivo de La Coruña,Real Valladolid CF,Diego Villares,0,0,0,0,0,1,0,0,37,0,0,0,0,2,0
113,26 Oct 2025,,4s4b77abvj2r2oz8gfbc6i32s,Daniel Palencia Caballero,RC Deportivo de La Coruña,Real Valladolid CF,Germán Parreño,0,0,0,0,0,0,0,0,40,0,4,0,0,0,0
113,26 Oct 2025,,4s4b77abvj2r2oz8gfbc6i32s,Daniel Palencia Caballero,RC Deportivo de La Coruña,Real Valladolid CF,Dani Barcia,0,0,0,0,3,0,0,0,29,0,0,0,0,0,1
113,26 Oct 2025,,4s4b77abvj2r2oz8gfbc6i32s,Daniel Palencia Caballero,RC Deportivo de La Coruña,Real Valladolid CF,Yeremay Hernández,0,0,0,1,4,4,1,0,35,0,0,1,1,1,0
113,26 Oct 2025,,4s4b77abvj2r2oz8gfbc6i32s,Daniel Palencia Caballero,RC Deportivo de La Coruña,Real Valladolid CF,S. Mulattieri,0,1,2,0,1,0,0,0,18,0,0,2,1,2,1
113,26 Oct 2025,,4s4b77abvj2r2oz8gfbc6i32s,Daniel Palencia Caballero,RC Deportivo de La Coruña,Real Valladolid CF,Arnau Comas,0,0,0,0,2,0,0,0,36,0,0,0,0,1,0
113,26 Oct 2025,,4s4b77abvj2r2oz8gfbc6i32s,Daniel Palencia Caballero,RC Deportivo de La Coruña,Real Valladolid CF,Luismi Cruz,0,0,0,5,0,2,0,0,16,0,0,0,0,0,0
113,26 Oct 2025,,4s4b77abvj2r2oz8gfbc6i32s,Daniel Palencia Caballero,RC Deportivo de La Coruña,Real Valladolid CF,Z. Eddahchouri,0,0,0,0,2,1,0,0,2,0,0,0,0,0,0
113,26 Oct 2025,,4s4b77abvj2r2oz8gfbc6i32s,Daniel Palencia Caballero,RC Deportivo de La Coruña,Real Valladolid CF,Cristian Herrera,0,0,0,0,0,0,0,0,6,0,0,1,0,0,0
113,26 Oct 2025,,4s4b77abvj2r2oz8gfbc6i32s,Daniel Palencia Caballero,RC Deportivo de La Coruña,Real Valladolid CF,Marcos André,0,0,0,0,4,2,0,0,19,1,0,3,3,0,2
113,26 Oct 2025,,4s4b77abvj2r2oz8gfbc6i32s,Daniel Palencia Caballero,RC Deportivo de La Coruña,Real Valladolid CF,Pablo Tomeo,0,0,0,0,1,1,0,0,52,0,0,0,0,3,0
113,26 Oct 2025,,4s4b77abvj2r2oz8gfbc6i32s,Daniel Palencia Caballero,RC Deportivo de La Coruña,Real Valladolid CF,Juanmi Latasa,0,0,0,0,4,2,1,0,24,0,0,2,1,0,1
113,26 Oct 2025,,4s4b77abvj2r2oz8gfbc6i32s,Daniel Palencia Caballero,RC Deportivo de La Coruña,Real Valladolid CF,S. Biuk,0,1,0,4,2,1,0,0,24,0,0,3,1,1,0
113,26 Oct 2025,,4s4b77abvj2r2oz8gfbc6i32s,Daniel Palencia Caballero,RC Deportivo de La Coruña,Real Valladolid CF,Guille Bueno,0,0,0,1,0,0,0,0,22,0,0,0,0,3,0
113,26 Oct 2025,,4s4b77abvj2r2oz8gfbc6i32s,Daniel Palencia Caballero,RC Deportivo de La Coruña,Real Valladolid CF,S. Jurić,0,1,1,0,2,1,0,0,39,0,0,1,0,5,0
113,26 Oct 2025,,4s4b77abvj2r2oz8gfbc6i32s,Daniel Palencia Caballero,RC Deportivo de La Coruña,Real Valladolid CF,Guilherme Fernandes,0,0,0,0,0,0,0,0,26,0,3,0,0,0,0
113,26 Oct 2025,,4s4b77abvj2r2oz8gfbc6i32s,Daniel Palencia Caballero,RC Deportivo de La Coruña,Real Valladolid CF,David Torres,0,0,0,0,0,2,0,0,37,0,0,0,0,2,0
113,26 Oct 2025,,4s4b77abvj2r2oz8gfbc6i32s,Daniel Palencia Caballero,RC Deportivo de La Coruña,Real Valladolid CF,Iván Alejo,0,3,2,2,1,3,0,0,34,0,0,4,0,7,0
113,26 Oct 2025,,4s4b77abvj2r2oz8gfbc6i32s,Daniel Palencia Caballero,RC Deportivo de La Coruña,Real Valladolid CF,J. Ponceau,0,0,0,0,2,0,0,0,46,0,0,0,0,3,0
113,26 Oct 2025,,4s4b77abvj2r2oz8gfbc6i32s,Daniel Palencia Caballero,RC Deportivo de La Coruña,Real Valladolid CF,P. González,0,2,2,3,1,6,0,0,22,0,0,2,0,2,0
113,26 Oct 2025,,4s4b77abvj2r2oz8gfbc6i32s,Daniel Palencia Caballero,RC Deportivo de La Coruña,Real Valladolid CF,I. Alani,0,0,0,0,0,0,0,0,4,0,0,0,0,1,0
113,26 Oct 2025,,4s4b77abvj2r2oz8gfbc6i32s,Daniel Palencia Caballero,RC Deportivo de La Coruña,Real Valladolid CF,Javi Sánchez,0,0,0,0,0,0,0,0,3,0,0,0,0,0,0
113,26 Oct 2025,,4s4b77abvj2r2oz8gfbc6i32s,Daniel Palencia Caballero,RC Deportivo de La Coruña,Real Valladolid CF,A. Ndiaye,0,0,0,0,0,0,0,0,2,0,0,0,0,1,0
113,26 Oct 2025,,4s4b77abvj2r2oz8gfbc6i32s,Daniel Palencia Caballero,RC Deportivo de La Coruña,Real Valladolid CF,Chuki,0,0,0,1,0,0,0,0,2,0,0,0,0,0,0
114,25 Oct 2025,,4si8a49itok6k1zthgjcnivbo,Eder Mallo Fernández,SD Eibar,CD Leganés,Javi Martón,0,0,0,0,0,0,0,0,15,0,0,0,0,0,0
114,25 Oct 2025,,4si8a49itok6k1zthgjcnivbo,Eder Mallo Fernández,SD Eibar,CD Leganés,Anaitz Arbilla,0,1,2,0,1,0,0,0,74,0,0,2,0,1,0
114,25 Oct 2025,,4si8a49itok6k1zthgjcnivbo,Eder Mallo Fernández,SD Eibar,CD Leganés,Jon Bautista,0,0,0,1,0,1,0,1,15,0,0,1,1,0,0
114,25 Oct 2025,,4si8a49itok6k1zthgjcnivbo,Eder Mallo Fernández,SD Eibar,CD Leganés,Marco Moreno,0,0,0,0,1,1,0,0,39,0,0,0,0,1,0
114,25 Oct 2025,,4si8a49itok6k1zthgjcnivbo,Eder Mallo Fernández,SD Eibar,CD Leganés,Peru Nolaskoain,0,0,0,0,2,1,0,1,70,0,0,0,0,1,1
114,25 Oct 2025,,4si8a49itok6k1zthgjcnivbo,Eder Mallo Fernández,SD Eibar,CD Leganés,Lander Olaetxea,0,0,0,0,4,2,0,0,25,0,0,0,0,0,1
114,25 Oct 2025,,4si8a49itok6k1zthgjcnivbo,Eder Mallo Fernández,SD Eibar,CD Leganés,Jon Guruzeta,0,0,1,7,1,0,0,0,20,0,0,4,1,0,0
114,25 Oct 2025,,4si8a49itok6k1zthgjcnivbo,Eder Mallo Fernández,SD Eibar,CD Leganés,Leonardo Buta,0,1,2,5,0,2,0,0,26,0,0,1,0,1,0
114,25 Oct 2025,,4si8a49itok6k1zthgjcnivbo,Eder Mallo Fernández,SD Eibar,CD Leganés,José Corpas,0,2,0,9,1,0,0,0,36,0,0,2,0,3,0
114,25 Oct 2025,,4si8a49itok6k1zthgjcnivbo,Eder Mallo Fernández,SD Eibar,CD Leganés,Xeber Alkain,0,0,1,3,2,0,0,1,19,0,0,1,1,2,0
114,25 Oct 2025,,4si8a49itok6k1zthgjcnivbo,Eder Mallo Fernández,SD Eibar,CD Leganés,Jonmi Magunagoitia,0,0,0,0,0,0,0,0,23,0,3,0,0,0,0
114,25 Oct 2025,,4si8a49itok6k1zthgjcnivbo,Eder Mallo Fernández,SD Eibar,CD Leganés,Javi Martínez,0,0,0,2,0,0,0,0,38,0,0,0,0,0,0
114,25 Oct 2025,,4si8a49itok6k1zthgjcnivbo,Eder Mallo Fernández,SD Eibar,CD Leganés,Aritz Arambarri,0,0,0,0,1,0,0,0,25,0,0,0,0,2,0
114,25 Oct 2025,,4si8a49itok6k1zthgjcnivbo,Eder Mallo Fernández,SD Eibar,CD Leganés,Álvaro Rodríguez,0,0,1,6,0,0,0,0,8,0,0,0,0,2,0
114,25 Oct 2025,,4si8a49itok6k1zthgjcnivbo,Eder Mallo Fernández,SD Eibar,CD Leganés,Jon Magunazelaia,0,0,0,2,0,1,0,0,8,0,0,0,0,1,0
114,25 Oct 2025,,4si8a49itok6k1zthgjcnivbo,Eder Mallo Fernández,SD Eibar,CD Leganés,Toni Villa,0,0,0,2,0,0,0,0,12,0,0,1,0,2,0
114,25 Oct 2025,,4si8a49itok6k1zthgjcnivbo,Eder Mallo Fernández,SD Eibar,CD Leganés,Duk,0,0,1,1,1,2,0,1,10,0,0,1,0,0,0
114,25 Oct 2025,,4si8a49itok6k1zthgjcnivbo,Eder Mallo Fernández,SD Eibar,CD Leganés,A. Diawara,0,0,0,0,1,0,0,0,48,0,0,1,1,2,1
114,25 Oct 2025,,4si8a49itok6k1zthgjcnivbo,Eder Mallo Fernández,SD Eibar,CD Leganés,Diego García,0,0,0,0,0,1,0,0,15,0,0,2,0,0,1
114,25 Oct 2025,,4si8a49itok6k1zthgjcnivbo,Eder Mallo Fernández,SD Eibar,CD Leganés,S. Cissé,0,0,0,0,0,1,0,0,61,0,0,0,0,0,0
114,25 Oct 2025,,4si8a49itok6k1zthgjcnivbo,Eder Mallo Fernández,SD Eibar,CD Leganés,Ignasi Miquel,0,0,0,0,0,0,0,0,52,0,0,0,0,0,1
114,25 Oct 2025,,4si8a49itok6k1zthgjcnivbo,Eder Mallo Fernández,SD Eibar,CD Leganés,Marvel,0,0,0,1,1,1,0,0,45,0,0,0,0,2,1
114,25 Oct 2025,,4si8a49itok6k1zthgjcnivbo,Eder Mallo Fernández,SD Eibar,CD Leganés,Juan Soriano,0,0,0,0,0,0,0,0,33,0,3,0,0,0,0
114,25 Oct 2025,,4si8a49itok6k1zthgjcnivbo,Eder Mallo Fernández,SD Eibar,CD Leganés,Lalo Aguilar,0,0,0,0,1,0,0,0,62,0,0,0,0,4,0
114,25 Oct 2025,,4si8a49itok6k1zthgjcnivbo,Eder Mallo Fernández,SD Eibar,CD Leganés,Juan Cruz,0,0,0,2,1,3,0,0,26,0,0,1,0,2,0
114,25 Oct 2025,,4si8a49itok6k1zthgjcnivbo,Eder Mallo Fernández,SD Eibar,CD Leganés,Rubén Peña,0,0,0,3,2,0,0,0,15,0,0,0,0,0,1
114,25 Oct 2025,,4si8a49itok6k1zthgjcnivbo,Eder Mallo Fernández,SD Eibar,CD Leganés,Naim García,0,0,0,6,3,1,0,0,30,0,0,3,2,1,0
114,25 Oct 2025,,4si8a49itok6k1zthgjcnivbo,Eder Mallo Fernández,SD Eibar,CD Leganés,S. Figueredo,0,0,0,0,0,0,0,0,10,0,0,0,0,0,0
114,25 Oct 2025,,4si8a49itok6k1zthgjcnivbo,Eder Mallo Fernández,SD Eibar,CD Leganés,Álex Millán,0,0,1,0,0,1,0,0,10,0,0,0,0,0,0
114,25 Oct 2025,,4si8a49itok6k1zthgjcnivbo,Eder Mallo Fernández,SD Eibar,CD Leganés,Óscar Plano,0,0,0,0,0,1,0,0,15,0,0,0,0,0,0
114,25 Oct 2025,,4si8a49itok6k1zthgjcnivbo,Eder Mallo Fernández,SD Eibar,CD Leganés,Miguel de la Fuente,0,1,0,0,0,0,0,0,4,0,0,1,0,0,0
114,25 Oct 2025,,4si8a49itok6k1zthgjcnivbo,Eder Mallo Fernández,SD Eibar,CD Leganés,Gonzalo Melero,0,0,0,0,0,1,0,0,5,0,0,0,0,0,0
115,24 Oct 2025,,4svvxt1o3u1i3jvxg9qzriyhg,Lluís Bestard Servera,SD Huesca,UD Las Palmas,Dani Jiménez,0,0,0,0,0,1,0,0,34,0,0,0,0,0,0
115,24 Oct 2025,,4svvxt1o3u1i3jvxg9qzriyhg,Lluís Bestard Servera,SD Huesca,UD Las Palmas,Jorge Pulido,0,0,0,0,0,0,0,0,25,0,0,0,0,2,0
115,24 Oct 2025,,4svvxt1o3u1i3jvxg9qzriyhg,Lluís Bestard Servera,SD Huesca,UD Las Palmas,Rodrigo Abajas,0,0,0,0,5,0,0,0,25,0,0,0,0,2,0
115,24 Oct 2025,,4svvxt1o3u1i3jvxg9qzriyhg,Lluís Bestard Servera,SD Huesca,UD Las Palmas,Hugo Pérez,0,0,0,0,0,0,0,0,31,0,0,0,0,0,0
115,24 Oct 2025,,4svvxt1o3u1i3jvxg9qzriyhg,Lluís Bestard Servera,SD Huesca,UD Las Palmas,Ángel Pérez,0,0,1,2,1,1,0,0,8,0,0,1,0,0,0
115,24 Oct 2025,,4svvxt1o3u1i3jvxg9qzriyhg,Lluís Bestard Servera,SD Huesca,UD Las Palmas,Enol Rodríguez,0,1,0,0,2,1,1,1,5,0,0,3,1,0,0
115,24 Oct 2025,,4svvxt1o3u1i3jvxg9qzriyhg,Lluís Bestard Servera,SD Huesca,UD Las Palmas,Portillo,0,0,0,1,1,0,0,0,22,0,0,0,0,1,1
115,24 Oct 2025,,4svvxt1o3u1i3jvxg9qzriyhg,Lluís Bestard Servera,SD Huesca,UD Las Palmas,Iker Kortajarena,0,0,0,0,4,3,0,0,23,0,0,1,0,0,0
115,24 Oct 2025,,4svvxt1o3u1i3jvxg9qzriyhg,Lluís Bestard Servera,SD Huesca,UD Las Palmas,D. Luna,0,1,1,3,2,1,0,0,9,0,0,2,0,1,1
115,24 Oct 2025,,4svvxt1o3u1i3jvxg9qzriyhg,Lluís Bestard Servera,SD Huesca,UD Las Palmas,Jesús Álvarez,0,0,0,0,1,0,0,0,22,0,0,1,0,1,0
115,24 Oct 2025,,4svvxt1o3u1i3jvxg9qzriyhg,Lluís Bestard Servera,SD Huesca,UD Las Palmas,Toni Abad,1,0,1,3,1,0,0,0,21,0,0,0,0,0,0
115,24 Oct 2025,,4svvxt1o3u1i3jvxg9qzriyhg,Lluís Bestard Servera,SD Huesca,UD Las Palmas,Dani Ojeda,0,0,0,2,0,0,0,0,8,0,0,1,1,0,1
115,24 Oct 2025,,4svvxt1o3u1i3jvxg9qzriyhg,Lluís Bestard Servera,SD Huesca,UD Las Palmas,Sergio Arribas,0,1,1,0,0,0,0,0,5,0,0,2,1,2,0
115,24 Oct 2025,,4svvxt1o3u1i3jvxg9qzriyhg,Lluís Bestard Servera,SD Huesca,UD Las Palmas,Manu Rico,0,1,1,0,0,0,0,0,8,0,0,2,0,1,0
115,24 Oct 2025,,4svvxt1o3u1i3jvxg9qzriyhg,Lluís Bestard Servera,SD Huesca,UD Las Palmas,Óscar Sielva,0,0,0,2,0,0,0,0,4,0,0,0,0,0,0
115,24 Oct 2025,,4svvxt1o3u1i3jvxg9qzriyhg,Lluís Bestard Servera,SD Huesca,UD Las Palmas,Sergi Enrich,0,0,0,1,2,0,0,0,6,0,0,0,0,0,0
115,24 Oct 2025,,4svvxt1o3u1i3jvxg9qzriyhg,Lluís Bestard Servera,SD Huesca,UD Las Palmas,Manu Fuster,0,0,0,0,0,5,0,0,40,0,0,1,0,0,0
115,24 Oct 2025,,4svvxt1o3u1i3jvxg9qzriyhg,Lluís Bestard Servera,SD Huesca,UD Las Palmas,Kirian Rodríguez,0,0,0,0,0,0,0,0,46,0,0,1,0,0,0
115,24 Oct 2025,,4svvxt1o3u1i3jvxg9qzriyhg,Lluís Bestard Servera,SD Huesca,UD Las Palmas,L. Amatucci,0,0,0,2,4,4,0,0,51,0,0,0,0,4,0
115,24 Oct 2025,,4svvxt1o3u1i3jvxg9qzriyhg,Lluís Bestard Servera,SD Huesca,UD Las Palmas,Álex Suárez,0,1,0,0,0,3,0,0,95,0,0,1,0,1,0
115,24 Oct 2025,,4svvxt1o3u1i3jvxg9qzriyhg,Lluís Bestard Servera,SD Huesca,UD Las Palmas,Ale García,1,2,1,4,0,0,0,0,25,0,0,3,0,1,0
115,24 Oct 2025,,4svvxt1o3u1i3jvxg9qzriyhg,Lluís Bestard Servera,SD Huesca,UD Las Palmas,Enrique Clemente,0,1,1,2,1,2,0,0,64,0,0,1,0,1,0
115,24 Oct 2025,,4svvxt1o3u1i3jvxg9qzriyhg,Lluís Bestard Servera,SD Huesca,UD Las Palmas,Sergio Barcia,0,0,0,0,0,3,0,0,106,0,0,1,0,0,0
115,24 Oct 2025,,4svvxt1o3u1i3jvxg9qzriyhg,Lluís Bestard Servera,SD Huesca,UD Las Palmas,D. Horkaš,0,0,0,0,0,0,0,0,47,0,2,0,0,0,0
115,24 Oct 2025,,4svvxt1o3u1i3jvxg9qzriyhg,Lluís Bestard Servera,SD Huesca,UD Las Palmas,M. Luković,0,0,0,0,0,0,1,1,18,0,0,1,1,1,0
115,24 Oct 2025,,4svvxt1o3u1i3jvxg9qzriyhg,Lluís Bestard Servera,SD Huesca,UD Las Palmas,Marvin Park,0,0,0,2,1,1,0,0,28,0,0,0,0,1,0
115,24 Oct 2025,,4svvxt1o3u1i3jvxg9qzriyhg,Lluís Bestard Servera,SD Huesca,UD Las Palmas,Iván Gil,0,0,2,7,1,0,0,0,49,0,0,1,0,0,1
115,24 Oct 2025,,4svvxt1o3u1i3jvxg9qzriyhg,Lluís Bestard Servera,SD Huesca,UD Las Palmas,E. Loiodice,0,1,0,0,0,0,0,0,19,0,0,1,0,1,0
115,24 Oct 2025,,4svvxt1o3u1i3jvxg9qzriyhg,Lluís Bestard Servera,SD Huesca,UD Las Palmas,Viti Rozada,0,0,0,2,0,1,0,1,11,0,0,0,0,1,0
115,24 Oct 2025,,4svvxt1o3u1i3jvxg9qzriyhg,Lluís Bestard Servera,SD Huesca,UD Las Palmas,Jaime Mata,0,0,0,0,0,0,0,0,11,0,0,1,0,0,0
115,24 Oct 2025,,4svvxt1o3u1i3jvxg9qzriyhg,Lluís Bestard Servera,SD Huesca,UD Las Palmas,Iñaki González,0,0,0,1,0,0,0,0,2,0,0,0,0,0,0
115,24 Oct 2025,,4svvxt1o3u1i3jvxg9qzriyhg,Lluís Bestard Servera,SD Huesca,UD Las Palmas,Pejiño,0,0,0,0,0,0,0,0,2,0,0,0,0,0,0
116,26 Oct 2025,,4t9jc5rru3rfqwvy4qjezl7v8,Germán Cid Camacho,Real Sporting de Gijón,Real Zaragoza,Pablo Vázquez,0,0,0,0,1,2,0,0,25,0,0,0,0,1,0
116,26 Oct 2025,,4t9jc5rru3rfqwvy4qjezl7v8,Germán Cid Camacho,Real Sporting de Gijón,Real Zaragoza,Jonathan Dubasin,0,0,0,0,1,0,0,0,8,1,0,1,1,1,0
116,26 Oct 2025,,4t9jc5rru3rfqwvy4qjezl7v8,Germán Cid Camacho,Real Sporting de Gijón,Real Zaragoza,Gaspar Campos,0,0,1,1,0,0,0,0,10,0,0,2,1,1,0
116,26 Oct 2025,,4t9jc5rru3rfqwvy4qjezl7v8,Germán Cid Camacho,Real Sporting de Gijón,Real Zaragoza,Diego Sánchez,0,0,0,0,0,3,0,0,25,0,0,0,0,3,0
116,26 Oct 2025,,4t9jc5rru3rfqwvy4qjezl7v8,Germán Cid Camacho,Real Sporting de Gijón,Real Zaragoza,L. Perrin,0,0,0,0,2,3,0,0,29,0,0,0,0,2,0
116,26 Oct 2025,,4t9jc5rru3rfqwvy4qjezl7v8,Germán Cid Camacho,Real Sporting de Gijón,Real Zaragoza,J. Otero,0,0,0,0,1,1,1,1,10,0,0,1,1,1,0
116,26 Oct 2025,,4t9jc5rru3rfqwvy4qjezl7v8,Germán Cid Camacho,Real Sporting de Gijón,Real Zaragoza,Álex Corredera,0,0,0,3,2,1,0,1,33,0,0,0,0,0,1
116,26 Oct 2025,,4t9jc5rru3rfqwvy4qjezl7v8,Germán Cid Camacho,Real Sporting de Gijón,Real Zaragoza,Guille Rosas,0,0,0,0,0,0,0,0,16,0,0,0,0,0,0
116,26 Oct 2025,,4t9jc5rru3rfqwvy4qjezl7v8,Germán Cid Camacho,Real Sporting de Gijón,Real Zaragoza,J. Smith,0,0,0,0,3,0,0,0,17,0,0,0,0,2,0
116,26 Oct 2025,,4t9jc5rru3rfqwvy4qjezl7v8,Germán Cid Camacho,Real Sporting de Gijón,Real Zaragoza,Rubén Yáñez,0,0,0,0,0,1,0,0,32,0,3,0,0,0,0
116,26 Oct 2025,,4t9jc5rru3rfqwvy4qjezl7v8,Germán Cid Camacho,Real Sporting de Gijón,Real Zaragoza,César Gelabert,1,0,1,1,0,0,0,0,14,0,0,0,0,2,0
116,26 Oct 2025,,4t9jc5rru3rfqwvy4qjezl7v8,Germán Cid Camacho,Real Sporting de Gijón,Real Zaragoza,Pablo García,0,0,0,0,1,0,0,0,3,0,0,0,0,1,0
116,26 Oct 2025,,4t9jc5rru3rfqwvy4qjezl7v8,Germán Cid Camacho,Real Sporting de Gijón,Real Zaragoza,Nacho Martín,0,0,0,0,0,0,0,0,8,0,0,0,0,0,0
116,26 Oct 2025,,4t9jc5rru3rfqwvy4qjezl7v8,Germán Cid Camacho,Real Sporting de Gijón,Real Zaragoza,A. Coundoul,0,0,0,0,1,4,0,0,7,0,0,0,0,0,0
116,26 Oct 2025,,4t9jc5rru3rfqwvy4qjezl7v8,Germán Cid Camacho,Real Sporting de Gijón,Real Zaragoza,Kevin Vázquez,0,0,0,0,0,0,0,0,1,0,0,0,0,0,0
116,26 Oct 2025,,4t9jc5rru3rfqwvy4qjezl7v8,Germán Cid Camacho,Real Sporting de Gijón,Real Zaragoza,M. Loum,0,0,0,0,0,0,0,0,0,0,0,0,0,0,0
116,26 Oct 2025,,4t9jc5rru3rfqwvy4qjezl7v8,Germán Cid Camacho,Real Sporting de Gijón,Real Zaragoza,Mario Soberón,0,0,2,1,4,1,0,0,17,0,0,1,1,0,0
116,26 Oct 2025,,4t9jc5rru3rfqwvy4qjezl7v8,Germán Cid Camacho,Real Sporting de Gijón,Real Zaragoza,Tachi,0,0,0,0,0,0,0,0,40,0,0,2,0,2,0
116,26 Oct 2025,,4t9jc5rru3rfqwvy4qjezl7v8,Germán Cid Camacho,Real Sporting de Gijón,Real Zaragoza,A. Radovanović,0,0,0,0,0,0,0,0,15,0,0,0,0,0,0
116,26 Oct 2025,,4t9jc5rru3rfqwvy4qjezl7v8,Germán Cid Camacho,Real Sporting de Gijón,Real Zaragoza,Pablo Insua,0,0,2,1,3,0,0,0,53,0,0,0,0,0,0
116,26 Oct 2025,,4t9jc5rru3rfqwvy4qjezl7v8,Germán Cid Camacho,Real Sporting de Gijón,Real Zaragoza,Francho Serrano,0,0,1,4,0,1,0,0,54,0,0,2,1,1,0
116,26 Oct 2025,,4t9jc5rru3rfqwvy4qjezl7v8,Germán Cid Camacho,Real Sporting de Gijón,Real Zaragoza,Carlos Pomares,0,2,1,2,1,2,0,0,58,0,0,2,0,1,0
116,26 Oct 2025,,4t9jc5rru3rfqwvy4qjezl7v8,Germán Cid Camacho,Real Sporting de Gijón,Real Zaragoza,Valery,0,0,2,1,0,0,0,0,29,0,0,0,0,2,0
116,26 Oct 2025,,4t9jc5rru3rfqwvy4qjezl7v8,Germán Cid Camacho,Real Sporting de Gijón,Real Zaragoza,Raúl Guti,0,1,0,17,2,3,0,1,39,0,0,3,0,1,0
116,26 Oct 2025,,4t9jc5rru3rfqwvy4qjezl7v8,Germán Cid Camacho,Real Sporting de Gijón,Real Zaragoza,Martín Aguirregabiria,0,2,1,6,2,2,0,0,49,0,0,2,0,2,1
116,26 Oct 2025,,4t9jc5rru3rfqwvy4qjezl7v8,Germán Cid Camacho,Real Sporting de Gijón,Real Zaragoza,Marcos Cuenca,0,1,2,2,2,0,0,0,18,0,0,3,0,0,0
116,26 Oct 2025,,4t9jc5rru3rfqwvy4qjezl7v8,Germán Cid Camacho,Real Sporting de Gijón,Real Zaragoza,A. Rodríguez,0,0,0,0,0,0,0,0,21,0,2,0,0,0,0
116,26 Oct 2025,,4t9jc5rru3rfqwvy4qjezl7v8,Germán Cid Camacho,Real Sporting de Gijón,Real Zaragoza,Yussif Saidu,0,2,1,1,0,2,0,0,38,0,0,3,1,1,0
116,26 Oct 2025,,4t9jc5rru3rfqwvy4qjezl7v8,Germán Cid Camacho,Real Sporting de Gijón,Real Zaragoza,Sebas Moyano,0,1,1,5,0,0,0,0,10,0,0,2,0,0,0
116,26 Oct 2025,,4t9jc5rru3rfqwvy4qjezl7v8,Germán Cid Camacho,Real Sporting de Gijón,Real Zaragoza,Pau Sans,0,0,3,0,2,1,0,0,10,0,0,1,0,1,0
116,26 Oct 2025,,4t9jc5rru3rfqwvy4qjezl7v8,Germán Cid Camacho,Real Sporting de Gijón,Real Zaragoza,Dani Gómez,0,0,0,0,2,0,0,0,2,0,0,1,0,0,0
116,26 Oct 2025,,4t9jc5rru3rfqwvy4qjezl7v8,Germán Cid Camacho,Real Sporting de Gijón,Real Zaragoza,K. Kodro,0,0,0,0,0,0,0,0,3,0,0,0,0,0,0
117,26 Oct 2025,,4tn6rmtn41gc6lztg1mazyql0,Rafael Sánchez López,UD Almería,CD Castellón,S. Džodić,0,0,0,0,1,0,0,0,46,0,0,2,1,0,0
117,26 Oct 2025,,4tn6rmtn41gc6lztg1mazyql0,Rafael Sánchez López,UD Almería,CD Castellón,Álex Muñoz,0,0,0,1,1,0,0,0,39,0,0,0,0,1,0
117,26 Oct 2025,,4tn6rmtn41gc6lztg1mazyql0,Rafael Sánchez López,UD Almería,CD Castellón,D. Chirino,0,0,1,2,0,1,1,0,27,0,0,1,1,0,0
117,26 Oct 2025,,4tn6rmtn41gc6lztg1mazyql0,Rafael Sánchez López,UD Almería,CD Castellón,Sergio Arribas,1,1,0,4,0,0,0,1,29,0,0,3,0,2,0
117,26 Oct 2025,,4tn6rmtn41gc6lztg1mazyql0,Rafael Sánchez López,UD Almería,CD Castellón,Nico Melamed,0,0,1,4,1,2,0,0,21,0,0,0,0,1,0
117,26 Oct 2025,,4tn6rmtn41gc6lztg1mazyql0,Rafael Sánchez López,UD Almería,CD Castellón,Léo Baptistão,0,0,1,1,2,1,0,1,15,0,0,1,1,3,0
117,26 Oct 2025,,4tn6rmtn41gc6lztg1mazyql0,Rafael Sánchez López,UD Almería,CD Castellón,Nélson Monte,0,0,0,2,0,0,0,0,50,0,0,0,0,1,0
117,26 Oct 2025,,4tn6rmtn41gc6lztg1mazyql0,Rafael Sánchez López,UD Almería,CD Castellón,Andrés Fernández,0,0,0,0,0,0,0,0,28,0,4,0,0,0,0
117,26 Oct 2025,,4tn6rmtn41gc6lztg1mazyql0,Rafael Sánchez López,UD Almería,CD Castellón,F. Bonini,0,0,0,0,2,0,0,0,63,0,0,0,0,2,0
117,26 Oct 2025,,4tn6rmtn41gc6lztg1mazyql0,Rafael Sánchez López,UD Almería,CD Castellón,D. Lopy,0,0,0,1,2,2,0,0,30,0,0,2,0,7,1
117,26 Oct 2025,,4tn6rmtn41gc6lztg1mazyql0,Rafael Sánchez López,UD Almería,CD Castellón,P. Soko,0,2,1,0,1,0,0,0,9,0,0,3,0,0,0
117,26 Oct 2025,,4tn6rmtn41gc6lztg1mazyql0,Rafael Sánchez López,UD Almería,CD Castellón,Adri Embarba,0,0,1,3,0,0,0,0,15,0,0,1,0,1,0
117,26 Oct 2025,,4tn6rmtn41gc6lztg1mazyql0,Rafael Sánchez López,UD Almería,CD Castellón,Arnau Puigmal,0,0,1,0,0,0,0,2,10,0,0,2,1,1,0
117,26 Oct 2025,,4tn6rmtn41gc6lztg1mazyql0,Rafael Sánchez López,UD Almería,CD Castellón,Thalys,0,0,0,0,0,2,0,0,4,0,0,0,0,0,0
117,26 Oct 2025,,4tn6rmtn41gc6lztg1mazyql0,Rafael Sánchez López,UD Almería,CD Castellón,Gui,0,0,0,0,1,1,0,0,3,0,0,0,0,0,0
117,26 Oct 2025,,4tn6rmtn41gc6lztg1mazyql0,Rafael Sánchez López,UD Almería,CD Castellón,Selvi Clua,0,0,0,0,0,0,0,0,1,0,0,0,0,0,0
117,26 Oct 2025,,4tn6rmtn41gc6lztg1mazyql0,Rafael Sánchez López,UD Almería,CD Castellón,Cala,0,0,2,2,2,2,0,0,22,0,0,0,0,0,1
117,26 Oct 2025,,4tn6rmtn41gc6lztg1mazyql0,Rafael Sánchez López,UD Almería,CD Castellón,R. Matthys,0,0,0,0,0,0,0,0,37,0,3,0,0,0,0
117,26 Oct 2025,,4tn6rmtn41gc6lztg1mazyql0,Rafael Sánchez López,UD Almería,CD Castellón,A. Jakobsen,0,0,0,0,2,1,0,0,11,0,0,0,0,0,0
117,26 Oct 2025,,4tn6rmtn41gc6lztg1mazyql0,Rafael Sánchez López,UD Almería,CD Castellón,J. Mellot,0,0,0,0,0,3,0,0,62,0,0,0,0,2,0
117,26 Oct 2025,,4tn6rmtn41gc6lztg1mazyql0,Rafael Sánchez López,UD Almería,CD Castellón,Beñat Gerenabarrena,0,0,0,0,1,1,0,0,26,0,0,0,0,2,0
117,26 Oct 2025,,4tn6rmtn41gc6lztg1mazyql0,Rafael Sánchez López,UD Almería,CD Castellón,Salva Ruiz,0,0,0,0,0,0,0,0,55,0,0,0,0,0,0
117,26 Oct 2025,,4tn6rmtn41gc6lztg1mazyql0,Rafael Sánchez López,UD Almería,CD Castellón,Barri,0,0,0,0,0,2,0,0,38,0,0,2,2,1,0
117,26 Oct 2025,,4tn6rmtn41gc6lztg1mazyql0,Rafael Sánchez López,UD Almería,CD Castellón,F. Brignani,0,0,0,0,2,1,0,0,54,0,0,3,0,2,1
117,26 Oct 2025,,4tn6rmtn41gc6lztg1mazyql0,Rafael Sánchez López,UD Almería,CD Castellón,Lucas Alcázar,0,0,0,2,2,0,0,0,29,0,0,0,0,1,0
117,26 Oct 2025,,4tn6rmtn41gc6lztg1mazyql0,Rafael Sánchez López,UD Almería,CD Castellón,B. Cipenga,0,0,0,2,1,0,0,0,14,0,0,1,1,5,0
117,26 Oct 2025,,4tn6rmtn41gc6lztg1mazyql0,Rafael Sánchez López,UD Almería,CD Castellón,A. Mabil,0,0,0,1,0,0,0,2,9,0,0,0,0,1,0
117,26 Oct 2025,,4tn6rmtn41gc6lztg1mazyql0,Rafael Sánchez López,UD Almería,CD Castellón,K. Mamah,0,0,0,0,1,1,0,0,24,0,0,0,0,1,0
117,26 Oct 2025,,4tn6rmtn41gc6lztg1mazyql0,Rafael Sánchez López,UD Almería,CD Castellón,Israel Suero,0,0,0,2,0,0,0,0,16,0,0,0,0,0,0
117,26 Oct 2025,,4tn6rmtn41gc6lztg1mazyql0,Rafael Sánchez López,UD Almería,CD Castellón,T. De Nipoti,0,0,0,1,0,0,0,0,8,0,0,1,1,1,0
117,26 Oct 2025,,4tn6rmtn41gc6lztg1mazyql0,Rafael Sánchez López,UD Almería,CD Castellón,M. Doué,0,0,1,1,0,0,0,0,10,0,0,0,0,4,0
117,26 Oct 2025,,4tn6rmtn41gc6lztg1mazyql0,Rafael Sánchez López,UD Almería,CD Castellón,N. Markanich,0,0,0,0,0,0,0,0,2,0,0,2,0,1,0
118,25 Oct 2025,,4u0nxsuof3uah23f6cmxy41ec,Andrés Fuentes Molina,CD Mirandés,Real Racing Club,Álex Cardero,0,3,1,5,5,2,1,0,31,0,0,6,1,0,0
118,25 Oct 2025,,4u0nxsuof3uah23f6cmxy41ec,Andrés Fuentes Molina,CD Mirandés,Real Racing Club,I. Nikić,0,0,0,0,0,0,0,0,36,0,4,0,0,0,0
118,25 Oct 2025,,4u0nxsuof3uah23f6cmxy41ec,Andrés Fuentes Molina,CD Mirandés,Real Racing Club,Carlos Fernández,1,0,1,1,7,2,0,1,26,0,0,0,0,1,1
118,25 Oct 2025,,4u0nxsuof3uah23f6cmxy41ec,Andrés Fuentes Molina,CD Mirandés,Real Racing Club,Hugo Novoa,0,0,1,3,0,0,0,0,22,0,0,0,0,1,0
118,25 Oct 2025,,4u0nxsuof3uah23f6cmxy41ec,Andrés Fuentes Molina,CD Mirandés,Real Racing Club,Iker Córdoba,0,0,0,0,1,2,0,0,44,0,0,0,0,1,1
118,25 Oct 2025,,4u0nxsuof3uah23f6cmxy41ec,Andrés Fuentes Molina,CD Mirandés,Real Racing Club,Ismael Barea,0,0,0,0,2,1,0,0,30,0,0,0,0,1,0
118,25 Oct 2025,,4u0nxsuof3uah23f6cmxy41ec,Andrés Fuentes Molina,CD Mirandés,Real Racing Club,Pablo Pérez,0,0,0,6,1,1,0,0,32,0,0,0,0,4,1
118,25 Oct 2025,,4u0nxsuof3uah23f6cmxy41ec,Andrés Fuentes Molina,CD Mirandés,Real Racing Club,Martín Pascual,0,0,0,0,2,0,0,0,40,0,0,2,0,1,0
118,25 Oct 2025,,4u0nxsuof3uah23f6cmxy41ec,Andrés Fuentes Molina,CD Mirandés,Real Racing Club,Alberto Marí,0,1,0,1,4,1,0,0,19,0,0,4,0,0,1
118,25 Oct 2025,,4u0nxsuof3uah23f6cmxy41ec,Andrés Fuentes Molina,CD Mirandés,Real Racing Club,T. Helguera,0,0,0,0,1,1,0,0,52,0,0,1,1,1,0
118,25 Oct 2025,,4u0nxsuof3uah23f6cmxy41ec,Andrés Fuentes Molina,CD Mirandés,Real Racing Club,Juan Gutiérrez,0,0,1,2,4,0,0,1,42,0,0,0,0,0,1
118,25 Oct 2025,,4u0nxsuof3uah23f6cmxy41ec,Andrés Fuentes Molina,CD Mirandés,Real Racing Club,Marino Illescas,0,0,0,3,1,1,0,0,16,0,0,0,0,0,0
118,25 Oct 2025,,4u0nxsuof3uah23f6cmxy41ec,Andrés Fuentes Molina,CD Mirandés,Real Racing Club,Toni Tamarit,0,0,1,3,0,1,0,0,6,0,0,0,0,0,0
118,25 Oct 2025,,4u0nxsuof3uah23f6cmxy41ec,Andrés Fuentes Molina,CD Mirandés,Real Racing Club,S. El Jebari,0,0,0,2,0,1,0,0,3,0,0,0,0,1,0
118,25 Oct 2025,,4u0nxsuof3uah23f6cmxy41ec,Andrés Fuentes Molina,CD Mirandés,Real Racing Club,G. Petit,0,0,0,0,0,1,0,0,2,0,0,1,1,2,0
118,25 Oct 2025,,4u0nxsuof3uah23f6cmxy41ec,Andrés Fuentes Molina,CD Mirandés,Real Racing Club,E. Eto'o,0,0,0,0,0,0,0,0,1,0,0,0,0,0,0
118,25 Oct 2025,,4u0nxsuof3uah23f6cmxy41ec,Andrés Fuentes Molina,CD Mirandés,Real Racing Club,F. González,0,0,0,0,0,2,0,0,43,0,0,0,0,2,0
118,25 Oct 2025,,4u0nxsuof3uah23f6cmxy41ec,Andrés Fuentes Molina,CD Mirandés,Real Racing Club,M. Gueye,0,2,0,0,2,4,0,0,37,0,0,3,0,3,1
118,25 Oct 2025,,4u0nxsuof3uah23f6cmxy41ec,Andrés Fuentes Molina,CD Mirandés,Real Racing Club,Andrés Martín,0,2,4,3,2,3,0,0,27,0,0,3,0,1,0
118,25 Oct 2025,,4u0nxsuof3uah23f6cmxy41ec,Andrés Fuentes Molina,CD Mirandés,Real Racing Club,Álvaro Mantilla,0,0,0,1,1,1,0,0,33,0,0,0,0,0,0
118,25 Oct 2025,,4u0nxsuof3uah23f6cmxy41ec,Andrés Fuentes Molina,CD Mirandés,Real Racing Club,Pablo Ramón,0,0,0,0,0,1,0,0,45,0,0,1,0,2,0
118,25 Oct 2025,,4u0nxsuof3uah23f6cmxy41ec,Andrés Fuentes Molina,CD Mirandés,Real Racing Club,Iñigo Vicente,1,0,0,0,0,3,0,0,45,0,0,3,2,1,0
118,25 Oct 2025,,4u0nxsuof3uah23f6cmxy41ec,Andrés Fuentes Molina,CD Mirandés,Real Racing Club,Peio Canales,1,0,0,0,3,4,1,0,45,0,0,2,2,3,0
118,25 Oct 2025,,4u0nxsuof3uah23f6cmxy41ec,Andrés Fuentes Molina,CD Mirandés,Real Racing Club,Mario García,0,0,0,0,2,3,0,0,30,0,0,0,0,3,0
118,25 Oct 2025,,4u0nxsuof3uah23f6cmxy41ec,Andrés Fuentes Molina,CD Mirandés,Real Racing Club,Jokin Ezkieta,0,0,0,0,0,0,0,0,27,0,2,0,0,0,0
118,25 Oct 2025,,4u0nxsuof3uah23f6cmxy41ec,Andrés Fuentes Molina,CD Mirandés,Real Racing Club,G. Puerta,0,1,0,1,4,4,0,0,57,0,0,1,0,0,1
118,25 Oct 2025,,4u0nxsuof3uah23f6cmxy41ec,Andrés Fuentes Molina,CD Mirandés,Real Racing Club,J. Arévalo,0,0,0,1,0,1,1,0,11,0,0,2,2,0,0
118,25 Oct 2025,,4u0nxsuof3uah23f6cmxy41ec,Andrés Fuentes Molina,CD Mirandés,Real Racing Club,Íñigo Sainz-Maza,0,0,0,0,0,0,0,0,9,0,0,0,0,2,0
118,25 Oct 2025,,4u0nxsuof3uah23f6cmxy41ec,Andrés Fuentes Molina,CD Mirandés,Real Racing Club,Asier Villalibre,0,0,0,0,0,0,1,0,5,0,0,1,1,0,0
118,25 Oct 2025,,4u0nxsuof3uah23f6cmxy41ec,Andrés Fuentes Molina,CD Mirandés,Real Racing Club,Javi Castro,0,0,0,0,0,0,0,0,0,0,0,0,0,0,0
118,25 Oct 2025,,4u0nxsuof3uah23f6cmxy41ec,Andrés Fuentes Molina,CD Mirandés,Real Racing Club,Yeray Cabanzón,0,0,0,1,1,0,0,0,3,0,0,0,0,0,0
118,25 Oct 2025,,4u0nxsuof3uah23f6cmxy41ec,Andrés Fuentes Molina,CD Mirandés,Real Racing Club,S. Camara,0,0,0,0,0,2,0,0,0,0,0,0,0,0,0
119,25 Oct 2025,,4uee095c26yz4aonxrttmw0t0,Gorka Etayo Herrera,Granada CF,Cádiz CF,Jorge Pascual,0,3,1,0,0,3,0,0,12,0,0,6,0,0,1
119,25 Oct 2025,,4uee095c26yz4aonxrttmw0t0,Gorka Etayo Herrera,Granada CF,Cádiz CF,Manu Lama,0,0,0,1,1,2,0,0,56,0,0,3,0,2,0
119,25 Oct 2025,,4uee095c26yz4aonxrttmw0t0,Gorka Etayo Herrera,Granada CF,Cádiz CF,Rubén Alcaraz,0,1,1,1,2,2,0,0,45,0,0,2,0,4,0
119,25 Oct 2025,,4uee095c26yz4aonxrttmw0t0,Gorka Etayo Herrera,Granada CF,Cádiz CF,L. Zidane,0,0,0,0,0,0,0,0,43,0,1,0,0,0,0
119,25 Oct 2025,,4uee095c26yz4aonxrttmw0t0,Gorka Etayo Herrera,Granada CF,Cádiz CF,O. Oppong,0,0,0,0,0,1,0,0,50,0,0,2,1,0,0
119,25 Oct 2025,,4uee095c26yz4aonxrttmw0t0,Gorka Etayo Herrera,Granada CF,Cádiz CF,Pedro Alemañ,0,0,1,3,0,1,0,0,26,0,0,0,0,0,0
119,25 Oct 2025,,4uee095c26yz4aonxrttmw0t0,Gorka Etayo Herrera,Granada CF,Cádiz CF,S. Faye,0,1,2,1,0,1,0,0,24,0,0,2,0,2,0
119,25 Oct 2025,,4uee095c26yz4aonxrttmw0t0,Gorka Etayo Herrera,Granada CF,Cádiz CF,B. Diallo,0,0,0,4,2,3,0,1,32,0,0,0,0,1,0
119,25 Oct 2025,,4uee095c26yz4aonxrttmw0t0,Gorka Etayo Herrera,Granada CF,Cádiz CF,Álex Sola,0,0,1,10,1,2,0,0,9,0,0,2,0,1,0
119,25 Oct 2025,,4uee095c26yz4aonxrttmw0t0,Gorka Etayo Herrera,Granada CF,Cádiz CF,Pau Casadesús,0,0,0,1,0,0,0,2,19,0,0,0,0,0,0
119,25 Oct 2025,,4uee095c26yz4aonxrttmw0t0,Gorka Etayo Herrera,Granada CF,Cádiz CF,Sergio Ruiz,0,0,0,6,1,0,0,0,42,0,0,0,0,1,0
119,25 Oct 2025,,4uee095c26yz4aonxrttmw0t0,Gorka Etayo Herrera,Granada CF,Cádiz CF,Sergio Rodelas,0,0,1,2,0,1,0,0,8,0,0,1,0,0,0
119,25 Oct 2025,,4uee095c26yz4aonxrttmw0t0,Gorka Etayo Herrera,Granada CF,Cádiz CF,L. Gagnidze,0,0,0,0,0,0,0,0,9,0,0,0,0,1,0
119,25 Oct 2025,,4uee095c26yz4aonxrttmw0t0,Gorka Etayo Herrera,Granada CF,Cádiz CF,Pablo Sáenz,0,0,1,5,0,0,0,0,3,0,0,0,0,0,0
119,25 Oct 2025,,4uee095c26yz4aonxrttmw0t0,Gorka Etayo Herrera,Granada CF,Cádiz CF,B. Kovačević,0,0,0,0,1,0,0,0,29,0,0,0,0,1,0
119,25 Oct 2025,,4uee095c26yz4aonxrttmw0t0,Gorka Etayo Herrera,Granada CF,Cádiz CF,Iza Carcelén,0,0,0,0,0,1,0,0,17,0,0,0,0,4,0
119,25 Oct 2025,,4uee095c26yz4aonxrttmw0t0,Gorka Etayo Herrera,Granada CF,Cádiz CF,José de la Rosa,0,0,1,1,3,2,0,0,8,0,0,0,0,2,0
119,25 Oct 2025,,4uee095c26yz4aonxrttmw0t0,Gorka Etayo Herrera,Granada CF,Cádiz CF,Victor Aznar,0,0,1,0,0,0,0,0,27,0,1,0,0,0,0
119,25 Oct 2025,,4uee095c26yz4aonxrttmw0t0,Gorka Etayo Herrera,Granada CF,Cádiz CF,Suso,0,2,1,6,2,2,0,0,30,0,0,3,0,2,0
119,25 Oct 2025,,4uee095c26yz4aonxrttmw0t0,Gorka Etayo Herrera,Granada CF,Cádiz CF,D. Camara,0,1,0,0,0,0,0,0,10,0,0,2,0,0,0
119,25 Oct 2025,,4uee095c26yz4aonxrttmw0t0,Gorka Etayo Herrera,Granada CF,Cádiz CF,Mario Climent,0,0,0,1,1,0,0,0,25,0,0,0,0,2,0
119,25 Oct 2025,,4uee095c26yz4aonxrttmw0t0,Gorka Etayo Herrera,Granada CF,Cádiz CF,Álex Fernández,0,0,0,0,1,0,0,0,18,0,0,0,0,0,0
119,25 Oct 2025,,4uee095c26yz4aonxrttmw0t0,Gorka Etayo Herrera,Granada CF,Cádiz CF,Sergio Ortuño,0,0,0,0,1,0,0,0,44,0,0,1,1,0,0
119,25 Oct 2025,,4uee095c26yz4aonxrttmw0t0,Gorka Etayo Herrera,Granada CF,Cádiz CF,Iker Recio,0,0,0,0,2,0,0,0,27,0,0,1,0,0,1
119,25 Oct 2025,,4uee095c26yz4aonxrttmw0t0,Gorka Etayo Herrera,Granada CF,Cádiz CF,Javi Ontiveros,0,0,0,2,1,2,0,0,12,0,0,1,0,0,0
119,25 Oct 2025,,4uee095c26yz4aonxrttmw0t0,Gorka Etayo Herrera,Granada CF,Cádiz CF,I. Tabatadze,0,1,0,1,2,0,0,0,6,0,0,2,0,1,0
119,25 Oct 2025,,4uee095c26yz4aonxrttmw0t0,Gorka Etayo Herrera,Granada CF,Cádiz CF,M. Diakité,0,0,0,0,0,0,0,0,15,0,0,0,0,0,0
119,25 Oct 2025,,4uee095c26yz4aonxrttmw0t0,Gorka Etayo Herrera,Granada CF,Cádiz CF,Y. Diarra,0,1,0,0,1,0,0,0,5,0,0,1,0,0,1
119,25 Oct 2025,,4uee095c26yz4aonxrttmw0t0,Gorka Etayo Herrera,Granada CF,Cádiz CF,Jorge Moreno,0,0,1,2,1,0,0,0,5,0,0,0,0,0,0
119,25 Oct 2025,,4uee095c26yz4aonxrttmw0t0,Gorka Etayo Herrera,Granada CF,Cádiz CF,Roger,0,0,0,0,1,0,0,0,0,0,0,0,0,0,0
120,25 Oct 2025,,4us4znkbmkayy4ilqqitwzqqc,Manuel Ángel Pérez Hernández,Cultural y Deportiva Leonesa,AD Ceuta FC,Luis Chacón,0,0,3,10,0,0,0,0,38,0,0,3,1,1,0
120,25 Oct 2025,,4us4znkbmkayy4ilqqitwzqqc,Manuel Ángel Pérez Hernández,Cultural y Deportiva Leonesa,AD Ceuta FC,M. Barzić,0,0,0,0,2,1,0,0,64,0,0,0,0,2,1
120,25 Oct 2025,,4us4znkbmkayy4ilqqitwzqqc,Manuel Ángel Pérez Hernández,Cultural y Deportiva Leonesa,AD Ceuta FC,Iván Calero,0,1,0,5,1,3,0,0,66,0,0,2,0,3,0
120,25 Oct 2025,,4us4znkbmkayy4ilqqitwzqqc,Manuel Ángel Pérez Hernández,Cultural y Deportiva Leonesa,AD Ceuta FC,T. Ojeda,0,2,2,0,4,0,0,0,82,0,0,4,0,5,1
120,25 Oct 2025,,4us4znkbmkayy4ilqqitwzqqc,Manuel Ángel Pérez Hernández,Cultural y Deportiva Leonesa,AD Ceuta FC,Edgar Badia,0,0,0,0,0,0,0,0,22,0,0,0,0,0,0
120,25 Oct 2025,,4us4znkbmkayy4ilqqitwzqqc,Manuel Ángel Pérez Hernández,Cultural y Deportiva Leonesa,AD Ceuta FC,Rodri Suárez,0,0,0,0,0,0,0,1,59,0,0,1,1,0,0
120,25 Oct 2025,,4us4znkbmkayy4ilqqitwzqqc,Manuel Ángel Pérez Hernández,Cultural y Deportiva Leonesa,AD Ceuta FC,Rubén Sobrino,0,0,0,1,2,1,0,0,26,0,0,0,0,0,0
120,25 Oct 2025,,4us4znkbmkayy4ilqqitwzqqc,Manuel Ángel Pérez Hernández,Cultural y Deportiva Leonesa,AD Ceuta FC,Manu Justo,0,0,0,1,1,1,0,0,7,0,0,0,0,0,0
120,25 Oct 2025,,4us4znkbmkayy4ilqqitwzqqc,Manuel Ángel Pérez Hernández,Cultural y Deportiva Leonesa,AD Ceuta FC,S. Diallo,0,2,1,0,1,2,0,0,36,0,0,2,0,3,0
120,25 Oct 2025,,4us4znkbmkayy4ilqqitwzqqc,Manuel Ángel Pérez Hernández,Cultural y Deportiva Leonesa,AD Ceuta FC,Bicho,0,0,0,1,0,0,0,0,90,0,0,1,0,1,0
120,25 Oct 2025,,4us4znkbmkayy4ilqqitwzqqc,Manuel Ángel Pérez Hernández,Cultural y Deportiva Leonesa,AD Ceuta FC,Roger Hinojo,0,0,1,3,2,1,0,0,49,0,0,0,0,0,0
120,25 Oct 2025,,4us4znkbmkayy4ilqqitwzqqc,Manuel Ángel Pérez Hernández,Cultural y Deportiva Leonesa,AD Ceuta FC,Lucas Ribeiro Costa,0,0,0,1,0,0,0,0,20,0,0,1,0,1,0
120,25 Oct 2025,,4us4znkbmkayy4ilqqitwzqqc,Manuel Ángel Pérez Hernández,Cultural y Deportiva Leonesa,AD Ceuta FC,Diego Collado,0,0,1,1,1,0,0,0,7,0,0,0,0,0,0
120,25 Oct 2025,,4us4znkbmkayy4ilqqitwzqqc,Manuel Ángel Pérez Hernández,Cultural y Deportiva Leonesa,AD Ceuta FC,Paco Cortés,0,1,0,4,0,0,0,0,15,0,0,1,0,0,0
120,25 Oct 2025,,4us4znkbmkayy4ilqqitwzqqc,Manuel Ángel Pérez Hernández,Cultural y Deportiva Leonesa,AD Ceuta FC,Juan Larios,0,0,0,0,0,0,0,0,11,0,0,0,0,1,0
120,25 Oct 2025,,4us4znkbmkayy4ilqqitwzqqc,Manuel Ángel Pérez Hernández,Cultural y Deportiva Leonesa,AD Ceuta FC,D. Paraschiv,0,0,0,0,1,0,0,0,1,0,0,0,0,0,0
120,25 Oct 2025,,4us4znkbmkayy4ilqqitwzqqc,Manuel Ángel Pérez Hernández,Cultural y Deportiva Leonesa,AD Ceuta FC,Diego González,0,0,0,0,0,0,0,0,36,0,0,0,0,1,0
120,25 Oct 2025,,4us4znkbmkayy4ilqqitwzqqc,Manuel Ángel Pérez Hernández,Cultural y Deportiva Leonesa,AD Ceuta FC,K. de la Fuente,0,1,2,1,1,1,0,0,8,0,0,2,0,0,1
120,25 Oct 2025,,4us4znkbmkayy4ilqqitwzqqc,Manuel Ángel Pérez Hernández,Cultural y Deportiva Leonesa,AD Ceuta FC,José Matos,0,0,0,4,0,2,0,0,22,0,0,1,0,1,0
120,25 Oct 2025,,4us4znkbmkayy4ilqqitwzqqc,Manuel Ángel Pérez Hernández,Cultural y Deportiva Leonesa,AD Ceuta FC,Rubén Díez,0,0,0,2,0,4,1,0,40,0,0,1,1,1,0
120,25 Oct 2025,,4us4znkbmkayy4ilqqitwzqqc,Manuel Ángel Pérez Hernández,Cultural y Deportiva Leonesa,AD Ceuta FC,Carlos Hernández,0,0,0,0,1,1,0,1,21,0,0,0,0,0,0
120,25 Oct 2025,,4us4znkbmkayy4ilqqitwzqqc,Manuel Ángel Pérez Hernández,Cultural y Deportiva Leonesa,AD Ceuta FC,Y. Lachhab,0,0,0,0,1,1,0,0,36,0,0,0,0,2,0
120,25 Oct 2025,,4us4znkbmkayy4ilqqitwzqqc,Manuel Ángel Pérez Hernández,Cultural y Deportiva Leonesa,AD Ceuta FC,Guille Vallejo,0,0,0,0,0,1,0,0,29,0,2,0,0,1,0
120,25 Oct 2025,,4us4znkbmkayy4ilqqitwzqqc,Manuel Ángel Pérez Hernández,Cultural y Deportiva Leonesa,AD Ceuta FC,Marcos Fernández,0,0,0,0,5,1,0,1,17,0,0,0,0,1,0
120,25 Oct 2025,,4us4znkbmkayy4ilqqitwzqqc,Manuel Ángel Pérez Hernández,Cultural y Deportiva Leonesa,AD Ceuta FC,Aisar,0,0,0,1,2,0,0,0,10,0,0,0,0,1,0
120,25 Oct 2025,,4us4znkbmkayy4ilqqitwzqqc,Manuel Ángel Pérez Hernández,Cultural y Deportiva Leonesa,AD Ceuta FC,A. Tuhami,0,0,0,0,0,1,0,0,16,0,0,0,0,0,0
120,25 Oct 2025,,4us4znkbmkayy4ilqqitwzqqc,Manuel Ángel Pérez Hernández,Cultural y Deportiva Leonesa,AD Ceuta FC,Kuki Zalazar,0,0,0,1,1,2,0,1,29,0,0,0,0,1,0
120,25 Oct 2025,,4us4znkbmkayy4ilqqitwzqqc,Manuel Ángel Pérez Hernández,Cultural y Deportiva Leonesa,AD Ceuta FC,K. Koné,0,0,0,0,0,1,0,0,13,0,0,0,0,0,0
120,25 Oct 2025,,4us4znkbmkayy4ilqqitwzqqc,Manuel Ángel Pérez Hernández,Cultural y Deportiva Leonesa,AD Ceuta FC,Salvi Sánchez,0,0,0,0,0,0,0,0,3,0,0,1,0,1,0
120,25 Oct 2025,,4us4znkbmkayy4ilqqitwzqqc,Manuel Ángel Pérez Hernández,Cultural y Deportiva Leonesa,AD Ceuta FC,Y. Bodiger,0,0,0,0,0,0,0,0,9,0,0,0,0,0,0
120,25 Oct 2025,,4us4znkbmkayy4ilqqitwzqqc,Manuel Ángel Pérez Hernández,Cultural y Deportiva Leonesa,AD Ceuta FC,A. Bassinga,0,0,0,0,0,0,0,0,7,0,0,0,0,0,0
120,25 Oct 2025,,4us4znkbmkayy4ilqqitwzqqc,Manuel Ángel Pérez Hernández,Cultural y Deportiva Leonesa,AD Ceuta FC,Capa,0,0,0,0,0,0,0,0,0,0,0,0,0,0,0
121,26 Oct 2025,,4v61ec2owe11tagfzvu4cwd1w,Alejandro Morilla Turrión,Málaga CF,FC Andorra,Javi Montero,0,0,0,0,1,2,0,0,39,0,0,0,0,2,0
121,26 Oct 2025,,4v61ec2owe11tagfzvu4cwd1w,Alejandro Morilla Turrión,Málaga CF,FC Andorra,Diego Murillo,0,0,0,0,1,1,0,0,66,0,0,1,1,3,0
121,26 Oct 2025,,4v61ec2owe11tagfzvu4cwd1w,Alejandro Morilla Turrión,Málaga CF,FC Andorra,Chupe,0,2,0,1,2,2,0,0,18,0,0,2,0,0,1
121,26 Oct 2025,,4v61ec2owe11tagfzvu4cwd1w,Alejandro Morilla Turrión,Málaga CF,FC Andorra,Dani Lorenzo,0,0,1,0,1,1,0,0,45,0,0,1,0,2,0
121,26 Oct 2025,,4v61ec2owe11tagfzvu4cwd1w,Alejandro Morilla Turrión,Málaga CF,FC Andorra,David Larrubia,0,1,0,0,0,1,1,0,35,0,0,4,2,4,0
121,26 Oct 2025,,4v61ec2owe11tagfzvu4cwd1w,Alejandro Morilla Turrión,Málaga CF,FC Andorra,D. Brašanac,0,0,0,0,2,0,0,0,34,1,0,0,0,0,0
121,26 Oct 2025,,4v61ec2owe11tagfzvu4cwd1w,Alejandro Morilla Turrión,Málaga CF,FC Andorra,Víctor García,0,0,0,2,1,1,0,0,23,0,0,0,0,1,0
121,26 Oct 2025,,4v61ec2owe11tagfzvu4cwd1w,Alejandro Morilla Turrión,Málaga CF,FC Andorra,Carlos Dotor,0,0,0,0,1,2,0,0,31,0,0,1,0,1,0
121,26 Oct 2025,,4v61ec2owe11tagfzvu4cwd1w,Alejandro Morilla Turrión,Málaga CF,FC Andorra,Rafita,0,0,1,0,0,0,0,1,49,0,0,0,0,1,0
121,26 Oct 2025,,4v61ec2owe11tagfzvu4cwd1w,Alejandro Morilla Turrión,Málaga CF,FC Andorra,Joaquín Muñoz,0,1,0,1,0,0,0,0,12,0,0,2,0,0,0
121,26 Oct 2025,,4v61ec2owe11tagfzvu4cwd1w,Alejandro Morilla Turrión,Málaga CF,FC Andorra,Alfonso Herrero,0,0,0,0,0,0,0,0,25,0,3,0,0,0,0
121,26 Oct 2025,,4v61ec2owe11tagfzvu4cwd1w,Alejandro Morilla Turrión,Málaga CF,FC Andorra,Julen Lobete,2,0,0,0,1,1,1,0,6,0,0,3,2,1,0
121,26 Oct 2025,,4v61ec2owe11tagfzvu4cwd1w,Alejandro Morilla Turrión,Málaga CF,FC Andorra,Juanpe,0,0,0,0,1,0,0,0,15,0,0,0,0,3,1
121,26 Oct 2025,,4v61ec2owe11tagfzvu4cwd1w,Alejandro Morilla Turrión,Málaga CF,FC Andorra,Izan Merino,0,0,0,0,1,0,0,0,2,0,0,0,0,0,0
121,26 Oct 2025,,4v61ec2owe11tagfzvu4cwd1w,Alejandro Morilla Turrión,Málaga CF,FC Andorra,Rafa Rodríguez,0,0,0,0,0,1,0,0,4,0,0,0,0,0,0
121,26 Oct 2025,,4v61ec2owe11tagfzvu4cwd1w,Alejandro Morilla Turrión,Málaga CF,FC Andorra,Eneko Jauregi,0,0,0,0,0,1,2,0,2,0,0,2,2,1,0
121,26 Oct 2025,,4v61ec2owe11tagfzvu4cwd1w,Alejandro Morilla Turrión,Málaga CF,FC Andorra,Kim Min-Su,0,1,0,0,2,3,0,0,25,0,0,1,0,0,1
121,26 Oct 2025,,4v61ec2owe11tagfzvu4cwd1w,Alejandro Morilla Turrión,Málaga CF,FC Andorra,Sergio Molina,0,0,0,1,0,1,0,0,52,0,0,1,1,0,0
121,26 Oct 2025,,4v61ec2owe11tagfzvu4cwd1w,Alejandro Morilla Turrión,Málaga CF,FC Andorra,T. Carrique,0,0,1,4,0,0,0,0,61,0,0,0,0,1,0
121,26 Oct 2025,,4v61ec2owe11tagfzvu4cwd1w,Alejandro Morilla Turrión,Málaga CF,FC Andorra,Gael Alonso,0,1,0,0,0,1,0,0,52,0,0,1,0,2,0
121,26 Oct 2025,,4v61ec2owe11tagfzvu4cwd1w,Alejandro Morilla Turrión,Málaga CF,FC Andorra,Diego Alende,0,1,0,0,2,0,0,0,57,0,0,1,0,4,0
121,26 Oct 2025,,4v61ec2owe11tagfzvu4cwd1w,Alejandro Morilla Turrión,Málaga CF,FC Andorra,Áron Yaakobishvili,0,0,0,0,0,0,0,0,31,0,3,0,0,0,0
121,26 Oct 2025,,4v61ec2owe11tagfzvu4cwd1w,Alejandro Morilla Turrión,Málaga CF,FC Andorra,Martí Vilà,0,0,0,3,0,0,0,0,16,0,0,0,0,1,0
121,26 Oct 2025,,4v61ec2owe11tagfzvu4cwd1w,Alejandro Morilla Turrión,Málaga CF,FC Andorra,Jastin García,0,1,0,0,1,1,0,0,21,0,0,2,0,4,0
121,26 Oct 2025,,4v61ec2owe11tagfzvu4cwd1w,Alejandro Morilla Turrión,Málaga CF,FC Andorra,Marc Domènech,0,0,0,0,1,0,0,0,16,0,0,1,0,1,0
121,26 Oct 2025,,4v61ec2owe11tagfzvu4cwd1w,Alejandro Morilla Turrión,Málaga CF,FC Andorra,Aingeru Olabarrieta,0,2,1,6,1,2,0,0,28,0,0,5,1,0,0
121,26 Oct 2025,,4v61ec2owe11tagfzvu4cwd1w,Alejandro Morilla Turrión,Málaga CF,FC Andorra,T. Le Normand,0,0,0,0,1,2,0,0,10,0,0,1,1,1,0
121,26 Oct 2025,,4v61ec2owe11tagfzvu4cwd1w,Alejandro Morilla Turrión,Málaga CF,FC Andorra,Álex Calvo,0,0,3,4,0,0,0,1,17,0,0,3,1,0,0
121,26 Oct 2025,,4v61ec2owe11tagfzvu4cwd1w,Alejandro Morilla Turrión,Málaga CF,FC Andorra,Dani Villahermosa,1,1,1,3,2,0,0,0,38,0,0,2,0,0,1
121,26 Oct 2025,,4v61ec2owe11tagfzvu4cwd1w,Alejandro Morilla Turrión,Málaga CF,FC Andorra,L. de León,0,0,0,0,1,1,0,1,6,0,0,0,0,0,0
121,26 Oct 2025,,4v61ec2owe11tagfzvu4cwd1w,Alejandro Morilla Turrión,Málaga CF,FC Andorra,Aitor Uzkudun,0,2,0,0,1,0,0,0,4,0,0,2,0,1,1
121,26 Oct 2025,,4v61ec2owe11tagfzvu4cwd1w,Alejandro Morilla Turrión,Málaga CF,FC Andorra,Manu Nieto,0,2,1,0,1,1,1,0,5,0,0,3,1,0,0
122,1 Nov 2025,,4vjt716bxy3q40qizxz56pses,Álvaro Moreno Aragón,Albacete Balompié,SD Huesca,Dani Escriche,1,0,1,0,1,0,0,0,16,0,0,3,1,0,0
122,1 Nov 2025,,4vjt716bxy3q40qizxz56pses,Álvaro Moreno Aragón,Albacete Balompié,SD Huesca,Agus Medina,0,1,1,4,1,1,0,0,23,0,0,1,0,0,0
122,1 Nov 2025,,4vjt716bxy3q40qizxz56pses,Álvaro Moreno Aragón,Albacete Balompié,SD Huesca,Jesús Vallejo,0,0,0,0,0,0,0,0,39,0,0,0,0,2,0
122,1 Nov 2025,,4vjt716bxy3q40qizxz56pses,Álvaro Moreno Aragón,Albacete Balompié,SD Huesca,Antonio Puertas,0,1,0,1,2,1,2,0,21,0,0,6,3,1,0
122,1 Nov 2025,,4vjt716bxy3q40qizxz56pses,Álvaro Moreno Aragón,Albacete Balompié,SD Huesca,Javi Villar,0,0,0,0,5,0,0,0,43,0,0,1,1,0,1
122,1 Nov 2025,,4vjt716bxy3q40qizxz56pses,Álvaro Moreno Aragón,Albacete Balompié,SD Huesca,Jon Morcillo,0,0,2,16,0,1,0,1,18,0,0,1,1,0,0
122,1 Nov 2025,,4vjt716bxy3q40qizxz56pses,Álvaro Moreno Aragón,Albacete Balompié,SD Huesca,Carlos Neva,0,0,0,1,1,1,0,0,17,0,0,0,0,0,0
122,1 Nov 2025,,4vjt716bxy3q40qizxz56pses,Álvaro Moreno Aragón,Albacete Balompié,SD Huesca,Fran Gámez,0,0,1,4,1,0,0,0,27,0,0,0,0,1,1
122,1 Nov 2025,,4vjt716bxy3q40qizxz56pses,Álvaro Moreno Aragón,Albacete Balompié,SD Huesca,Jon García,0,0,1,1,0,0,0,0,39,0,0,0,0,1,0
122,1 Nov 2025,,4vjt716bxy3q40qizxz56pses,Álvaro Moreno Aragón,Albacete Balompié,SD Huesca,Ale Meléndez,0,0,0,0,0,0,0,0,26,0,0,0,0,2,0
122,1 Nov 2025,,4vjt716bxy3q40qizxz56pses,Álvaro Moreno Aragón,Albacete Balompié,SD Huesca,Raúl Lizoain,0,0,0,0,0,1,0,0,26,0,3,0,0,0,0
122,1 Nov 2025,,4vjt716bxy3q40qizxz56pses,Álvaro Moreno Aragón,Albacete Balompié,SD Huesca,Antonio Pacheco,0,0,0,0,1,0,0,0,13,0,0,0,0,2,1
122,1 Nov 2025,,4vjt716bxy3q40qizxz56pses,Álvaro Moreno Aragón,Albacete Balompié,SD Huesca,Javi Moreno,0,0,0,0,1,0,0,0,3,0,0,0,0,0,0
122,1 Nov 2025,,4vjt716bxy3q40qizxz56pses,Álvaro Moreno Aragón,Albacete Balompié,SD Huesca,José Carlos Lazo,0,0,1,0,0,1,0,0,3,0,0,1,0,0,0
122,1 Nov 2025,,4vjt716bxy3q40qizxz56pses,Álvaro Moreno Aragón,Albacete Balompié,SD Huesca,Capi,0,1,0,0,0,0,0,0,3,0,0,1,0,0,0
122,1 Nov 2025,,4vjt716bxy3q40qizxz56pses,Álvaro Moreno Aragón,Albacete Balompié,SD Huesca,J. Gómez,0,0,0,0,0,0,0,0,2,0,0,0,0,0,0
122,1 Nov 2025,,4vjt716bxy3q40qizxz56pses,Álvaro Moreno Aragón,Albacete Balompié,SD Huesca,Julio Alonso,0,0,1,5,2,2,0,0,49,0,0,0,0,1,0
122,1 Nov 2025,,4vjt716bxy3q40qizxz56pses,Álvaro Moreno Aragón,Albacete Balompié,SD Huesca,Dani Jiménez,0,0,0,0,0,0,0,0,31,0,4,0,0,0,0
122,1 Nov 2025,,4vjt716bxy3q40qizxz56pses,Álvaro Moreno Aragón,Albacete Balompié,SD Huesca,Hugo Pérez,0,0,0,0,0,0,0,0,46,0,0,0,0,3,0
122,1 Nov 2025,,4vjt716bxy3q40qizxz56pses,Álvaro Moreno Aragón,Albacete Balompié,SD Huesca,Iker Kortajarena,0,1,1,1,0,2,0,0,53,0,0,2,1,2,0
122,1 Nov 2025,,4vjt716bxy3q40qizxz56pses,Álvaro Moreno Aragón,Albacete Balompié,SD Huesca,Jesús Álvarez,0,1,1,0,0,0,0,0,64,0,0,2,0,2,0
122,1 Nov 2025,,4vjt716bxy3q40qizxz56pses,Álvaro Moreno Aragón,Albacete Balompié,SD Huesca,Toni Abad,0,0,0,0,0,0,0,0,35,0,0,0,0,0,0
122,1 Nov 2025,,4vjt716bxy3q40qizxz56pses,Álvaro Moreno Aragón,Albacete Balompié,SD Huesca,Portillo,0,1,0,3,0,0,0,0,29,0,0,1,0,0,0
122,1 Nov 2025,,4vjt716bxy3q40qizxz56pses,Álvaro Moreno Aragón,Albacete Balompié,SD Huesca,Enol Rodríguez,0,0,0,0,0,0,1,1,9,0,0,1,1,0,0
122,1 Nov 2025,,4vjt716bxy3q40qizxz56pses,Álvaro Moreno Aragón,Albacete Balompié,SD Huesca,Jorge Pulido,0,0,0,0,0,1,0,0,46,0,0,0,0,1,0
122,1 Nov 2025,,4vjt716bxy3q40qizxz56pses,Álvaro Moreno Aragón,Albacete Balompié,SD Huesca,Dani Ojeda,1,0,1,0,0,0,0,0,32,0,0,1,0,0,0
122,1 Nov 2025,,4vjt716bxy3q40qizxz56pses,Álvaro Moreno Aragón,Albacete Balompié,SD Huesca,Ángel Pérez,0,2,0,5,1,0,0,0,27,0,0,5,1,1,0
122,1 Nov 2025,,4vjt716bxy3q40qizxz56pses,Álvaro Moreno Aragón,Albacete Balompié,SD Huesca,Liberto Beltrán,0,2,2,7,0,4,0,0,10,0,0,2,0,1,0
122,1 Nov 2025,,4vjt716bxy3q40qizxz56pses,Álvaro Moreno Aragón,Albacete Balompié,SD Huesca,Sergi Enrich,0,1,0,0,0,1,0,0,13,0,0,5,1,1,0
122,1 Nov 2025,,4vjt716bxy3q40qizxz56pses,Álvaro Moreno Aragón,Albacete Balompié,SD Huesca,Manu Rico,0,0,0,0,1,2,0,0,28,0,0,1,0,0,0
122,1 Nov 2025,,4vjt716bxy3q40qizxz56pses,Álvaro Moreno Aragón,Albacete Balompié,SD Huesca,S. Ntamack,0,1,1,0,1,0,0,0,9,0,0,1,0,0,0
122,1 Nov 2025,,4vjt716bxy3q40qizxz56pses,Álvaro Moreno Aragón,Albacete Balompié,SD Huesca,D. Luna,0,0,0,3,1,0,0,0,4,0,0,0,0,0,0
123,2 Nov 2025,,4vybibz2bi7smkiw3a11kuw44,Dámaso Arcediano Monescillo,CD Castellón,Málaga CF,Cala,0,3,2,3,2,3,0,0,27,0,0,5,0,2,0
123,2 Nov 2025,,4vybibz2bi7smkiw3a11kuw44,Dámaso Arcediano Monescillo,CD Castellón,Málaga CF,R. Matthys,0,0,0,0,0,0,0,0,27,0,0,0,0,0,0
123,2 Nov 2025,,4vybibz2bi7smkiw3a11kuw44,Dámaso Arcediano Monescillo,CD Castellón,Málaga CF,Ronaldo,0,0,0,4,1,1,0,0,21,0,0,0,0,1,0
123,2 Nov 2025,,4vybibz2bi7smkiw3a11kuw44,Dámaso Arcediano Monescillo,CD Castellón,Málaga CF,J. Mellot,0,0,0,0,2,1,0,0,39,0,0,0,0,2,1
123,2 Nov 2025,,4vybibz2bi7smkiw3a11kuw44,Dámaso Arcediano Monescillo,CD Castellón,Málaga CF,Salva Ruiz,0,0,0,0,2,1,0,0,40,0,0,0,0,0,1
123,2 Nov 2025,,4vybibz2bi7smkiw3a11kuw44,Dámaso Arcediano Monescillo,CD Castellón,Málaga CF,F. Brignani,0,0,0,0,1,2,0,0,29,0,0,0,0,1,1
123,2 Nov 2025,,4vybibz2bi7smkiw3a11kuw44,Dámaso Arcediano Monescillo,CD Castellón,Málaga CF,Pablo Santiago,0,0,1,2,1,3,0,0,12,0,0,1,1,1,0
123,2 Nov 2025,,4vybibz2bi7smkiw3a11kuw44,Dámaso Arcediano Monescillo,CD Castellón,Málaga CF,A. Jakobsen,0,1,2,0,1,2,0,0,9,0,0,2,0,0,0
123,2 Nov 2025,,4vybibz2bi7smkiw3a11kuw44,Dámaso Arcediano Monescillo,CD Castellón,Málaga CF,Lucas Alcázar,1,0,1,5,2,0,0,1,36,0,0,0,0,0,0
123,2 Nov 2025,,4vybibz2bi7smkiw3a11kuw44,Dámaso Arcediano Monescillo,CD Castellón,Málaga CF,B. Cipenga,0,0,1,4,0,0,0,0,26,0,0,3,3,1,0
123,2 Nov 2025,,4vybibz2bi7smkiw3a11kuw44,Dámaso Arcediano Monescillo,CD Castellón,Málaga CF,Barri,0,0,0,0,1,0,0,0,23,0,0,1,0,1,0
123,2 Nov 2025,,4vybibz2bi7smkiw3a11kuw44,Dámaso Arcediano Monescillo,CD Castellón,Málaga CF,M. Doué,0,0,0,0,2,0,1,1,20,1,0,1,1,0,2
123,2 Nov 2025,,4vybibz2bi7smkiw3a11kuw44,Dámaso Arcediano Monescillo,CD Castellón,Málaga CF,A. Sienra,0,0,0,0,1,0,0,0,21,0,0,0,0,3,1
123,2 Nov 2025,,4vybibz2bi7smkiw3a11kuw44,Dámaso Arcediano Monescillo,CD Castellón,Málaga CF,Israel Suero,1,3,0,3,0,0,0,0,18,0,0,3,0,1,0
123,2 Nov 2025,,4vybibz2bi7smkiw3a11kuw44,Dámaso Arcediano Monescillo,CD Castellón,Málaga CF,K. Mamah,0,0,0,0,0,0,0,0,12,0,0,2,0,0,0
123,2 Nov 2025,,4vybibz2bi7smkiw3a11kuw44,Dámaso Arcediano Monescillo,CD Castellón,Málaga CF,O. Camara,0,0,0,0,0,0,1,2,2,0,0,1,1,0,0
123,2 Nov 2025,,4vybibz2bi7smkiw3a11kuw44,Dámaso Arcediano Monescillo,CD Castellón,Málaga CF,Juanpe,0,0,0,0,2,0,0,0,55,0,0,0,0,9,0
123,2 Nov 2025,,4vybibz2bi7smkiw3a11kuw44,Dámaso Arcediano Monescillo,CD Castellón,Málaga CF,Carlos Dotor,0,0,0,0,3,1,0,0,23,0,0,0,0,2,0
123,2 Nov 2025,,4vybibz2bi7smkiw3a11kuw44,Dámaso Arcediano Monescillo,CD Castellón,Málaga CF,Eneko Jauregi,0,1,0,0,3,2,1,1,13,0,0,2,1,0,0
123,2 Nov 2025,,4vybibz2bi7smkiw3a11kuw44,Dámaso Arcediano Monescillo,CD Castellón,Málaga CF,Javi Montero,0,0,0,0,2,0,0,1,56,0,0,1,0,0,1
123,2 Nov 2025,,4vybibz2bi7smkiw3a11kuw44,Dámaso Arcediano Monescillo,CD Castellón,Málaga CF,Víctor García,0,2,1,6,0,0,0,0,27,0,0,2,0,4,0
123,2 Nov 2025,,4vybibz2bi7smkiw3a11kuw44,Dámaso Arcediano Monescillo,CD Castellón,Málaga CF,Rafita,0,0,1,0,1,2,0,0,29,0,0,0,0,3,1
123,2 Nov 2025,,4vybibz2bi7smkiw3a11kuw44,Dámaso Arcediano Monescillo,CD Castellón,Málaga CF,Diego Murillo,0,0,0,0,1,0,0,0,36,0,0,1,0,1,0
123,2 Nov 2025,,4vybibz2bi7smkiw3a11kuw44,Dámaso Arcediano Monescillo,CD Castellón,Málaga CF,Dani Lorenzo,0,0,0,1,1,2,0,0,36,0,0,2,0,1,1
123,2 Nov 2025,,4vybibz2bi7smkiw3a11kuw44,Dámaso Arcediano Monescillo,CD Castellón,Málaga CF,David Larrubia,0,0,1,0,0,2,0,0,11,0,0,0,0,0,0
123,2 Nov 2025,,4vybibz2bi7smkiw3a11kuw44,Dámaso Arcediano Monescillo,CD Castellón,Málaga CF,Alfonso Herrero,0,0,0,0,0,1,0,0,32,0,4,0,0,0,0
123,2 Nov 2025,,4vybibz2bi7smkiw3a11kuw44,Dámaso Arcediano Monescillo,CD Castellón,Málaga CF,Julen Lobete,0,0,0,1,1,3,0,1,19,0,0,0,0,0,0
123,2 Nov 2025,,4vybibz2bi7smkiw3a11kuw44,Dámaso Arcediano Monescillo,CD Castellón,Málaga CF,Rafa Rodríguez,0,0,0,0,0,1,0,0,6,0,0,0,0,1,0
123,2 Nov 2025,,4vybibz2bi7smkiw3a11kuw44,Dámaso Arcediano Monescillo,CD Castellón,Málaga CF,Joaquín Muñoz,0,0,0,1,0,0,0,0,6,0,0,1,0,0,0
123,2 Nov 2025,,4vybibz2bi7smkiw3a11kuw44,Dámaso Arcediano Monescillo,CD Castellón,Málaga CF,Josué Dorrio,0,0,1,1,0,1,0,0,4,0,0,0,0,0,0
123,2 Nov 2025,,4vybibz2bi7smkiw3a11kuw44,Dámaso Arcediano Monescillo,CD Castellón,Málaga CF,Einar Galilea,0,0,0,0,0,0,0,0,2,0,0,0,0,1,0
124,1 Nov 2025,,4wc0rz2xo81x88ysy33vme8t0,José Antonio Sánchez Villalobos,Cultural y Deportiva Leonesa,CD Mirandés,M. Barzić,0,0,0,1,1,3,0,0,55,0,0,1,0,2,0
124,1 Nov 2025,,4wc0rz2xo81x88ysy33vme8t0,José Antonio Sánchez Villalobos,Cultural y Deportiva Leonesa,CD Mirandés,Rubén Sobrino,0,1,0,0,1,0,0,0,19,0,0,3,1,3,0
124,1 Nov 2025,,4wc0rz2xo81x88ysy33vme8t0,José Antonio Sánchez Villalobos,Cultural y Deportiva Leonesa,CD Mirandés,T. Ojeda,0,0,1,1,1,3,0,1,54,0,0,0,0,2,0
124,1 Nov 2025,,4wc0rz2xo81x88ysy33vme8t0,José Antonio Sánchez Villalobos,Cultural y Deportiva Leonesa,CD Mirandés,Roger Hinojo,0,0,0,4,0,1,0,0,61,0,0,1,0,1,0
124,1 Nov 2025,,4wc0rz2xo81x88ysy33vme8t0,José Antonio Sánchez Villalobos,Cultural y Deportiva Leonesa,CD Mirandés,Rodri Suárez,0,0,0,0,1,0,0,0,50,0,0,0,0,2,0
124,1 Nov 2025,,4wc0rz2xo81x88ysy33vme8t0,José Antonio Sánchez Villalobos,Cultural y Deportiva Leonesa,CD Mirandés,Iván Calero,2,0,1,3,2,1,0,0,62,0,0,1,0,0,0
124,1 Nov 2025,,4wc0rz2xo81x88ysy33vme8t0,José Antonio Sánchez Villalobos,Cultural y Deportiva Leonesa,CD Mirandés,S. Diallo,1,1,0,1,2,0,0,0,51,0,0,2,0,1,0
124,1 Nov 2025,,4wc0rz2xo81x88ysy33vme8t0,José Antonio Sánchez Villalobos,Cultural y Deportiva Leonesa,CD Mirandés,Edgar Badia,0,0,0,0,0,0,0,0,33,0,3,0,0,0,0
124,1 Nov 2025,,4wc0rz2xo81x88ysy33vme8t0,José Antonio Sánchez Villalobos,Cultural y Deportiva Leonesa,CD Mirandés,Manu Justo,0,0,0,0,0,2,0,1,9,0,0,1,1,0,0
124,1 Nov 2025,,4wc0rz2xo81x88ysy33vme8t0,José Antonio Sánchez Villalobos,Cultural y Deportiva Leonesa,CD Mirandés,A. Pastoriza,0,0,1,9,2,0,1,0,27,0,0,3,3,2,0
124,1 Nov 2025,,4wc0rz2xo81x88ysy33vme8t0,José Antonio Sánchez Villalobos,Cultural y Deportiva Leonesa,CD Mirandés,Luis Chacón,0,0,1,3,1,1,1,0,38,0,0,4,1,2,0
124,1 Nov 2025,,4wc0rz2xo81x88ysy33vme8t0,José Antonio Sánchez Villalobos,Cultural y Deportiva Leonesa,CD Mirandés,Jordi Mboula,0,1,2,1,0,0,0,0,8,0,0,1,0,0,0
124,1 Nov 2025,,4wc0rz2xo81x88ysy33vme8t0,José Antonio Sánchez Villalobos,Cultural y Deportiva Leonesa,CD Mirandés,Lucas Ribeiro Costa,0,0,0,0,0,0,1,0,5,0,0,1,1,0,0
124,1 Nov 2025,,4wc0rz2xo81x88ysy33vme8t0,José Antonio Sánchez Villalobos,Cultural y Deportiva Leonesa,CD Mirandés,Diego Collado,0,0,0,0,0,0,0,0,2,0,0,0,0,0,0
124,1 Nov 2025,,4wc0rz2xo81x88ysy33vme8t0,José Antonio Sánchez Villalobos,Cultural y Deportiva Leonesa,CD Mirandés,Yayo González,0,0,0,0,0,0,0,0,3,0,0,0,0,1,0
124,1 Nov 2025,,4wc0rz2xo81x88ysy33vme8t0,José Antonio Sánchez Villalobos,Cultural y Deportiva Leonesa,CD Mirandés,Álex Cardero,1,0,0,4,2,1,0,0,17,0,0,0,0,1,1
124,1 Nov 2025,,4wc0rz2xo81x88ysy33vme8t0,José Antonio Sánchez Villalobos,Cultural y Deportiva Leonesa,CD Mirandés,I. Nikić,0,0,0,0,0,0,0,0,38,0,4,0,0,0,0
124,1 Nov 2025,,4wc0rz2xo81x88ysy33vme8t0,José Antonio Sánchez Villalobos,Cultural y Deportiva Leonesa,CD Mirandés,T. Helguera,0,0,0,0,0,0,0,0,24,0,0,0,0,1,0
124,1 Nov 2025,,4wc0rz2xo81x88ysy33vme8t0,José Antonio Sánchez Villalobos,Cultural y Deportiva Leonesa,CD Mirandés,Martín Pascual,0,0,0,0,1,0,0,0,44,0,0,1,1,1,0
124,1 Nov 2025,,4wc0rz2xo81x88ysy33vme8t0,José Antonio Sánchez Villalobos,Cultural y Deportiva Leonesa,CD Mirandés,Rafel Bauzà,0,0,0,0,2,2,0,0,27,0,0,2,2,1,1
124,1 Nov 2025,,4wc0rz2xo81x88ysy33vme8t0,José Antonio Sánchez Villalobos,Cultural y Deportiva Leonesa,CD Mirandés,Iker Córdoba,0,0,1,2,0,0,0,0,41,0,0,0,0,2,0
124,1 Nov 2025,,4wc0rz2xo81x88ysy33vme8t0,José Antonio Sánchez Villalobos,Cultural y Deportiva Leonesa,CD Mirandés,Pablo Pérez,0,1,1,7,0,2,0,0,27,0,0,1,0,0,0
124,1 Nov 2025,,4wc0rz2xo81x88ysy33vme8t0,José Antonio Sánchez Villalobos,Cultural y Deportiva Leonesa,CD Mirandés,Adrián Pica,0,0,0,0,1,0,0,0,35,0,0,0,0,4,0
124,1 Nov 2025,,4wc0rz2xo81x88ysy33vme8t0,José Antonio Sánchez Villalobos,Cultural y Deportiva Leonesa,CD Mirandés,Alberto Marí,0,0,0,0,3,2,0,0,14,0,0,1,1,1,0
124,1 Nov 2025,,4wc0rz2xo81x88ysy33vme8t0,José Antonio Sánchez Villalobos,Cultural y Deportiva Leonesa,CD Mirandés,Carlos Fernández,0,0,0,1,3,1,2,0,24,0,0,3,2,1,1
124,1 Nov 2025,,4wc0rz2xo81x88ysy33vme8t0,José Antonio Sánchez Villalobos,Cultural y Deportiva Leonesa,CD Mirandés,Hugo Novoa,0,0,0,1,0,0,0,0,10,0,0,0,0,0,0
124,1 Nov 2025,,4wc0rz2xo81x88ysy33vme8t0,José Antonio Sánchez Villalobos,Cultural y Deportiva Leonesa,CD Mirandés,Toni Tamarit,1,0,0,2,0,0,0,0,8,0,0,0,0,1,0
124,1 Nov 2025,,4wc0rz2xo81x88ysy33vme8t0,José Antonio Sánchez Villalobos,Cultural y Deportiva Leonesa,CD Mirandés,Aarón,0,0,0,0,0,1,0,0,13,0,0,1,0,0,0
124,1 Nov 2025,,4wc0rz2xo81x88ysy33vme8t0,José Antonio Sánchez Villalobos,Cultural y Deportiva Leonesa,CD Mirandés,Ismael Barea,0,0,0,0,0,1,0,0,6,0,0,0,0,0,0
124,1 Nov 2025,,4wc0rz2xo81x88ysy33vme8t0,José Antonio Sánchez Villalobos,Cultural y Deportiva Leonesa,CD Mirandés,E. Eto'o,0,0,0,0,1,0,0,1,3,0,0,0,0,0,0
124,1 Nov 2025,,4wc0rz2xo81x88ysy33vme8t0,José Antonio Sánchez Villalobos,Cultural y Deportiva Leonesa,CD Mirandés,G. Petit,0,0,0,0,0,0,0,0,1,0,0,2,0,0,0
125,31 Oct 2025,,4wptmmllp9vuwmzxydp91n9qs,Alonso de Ena Wolf,Real Racing Club,Real Sociedad de Fútbol,Iñigo Vicente,0,0,1,3,1,2,0,0,58,0,0,1,0,0,1
125,31 Oct 2025,,4wptmmllp9vuwmzxydp91n9qs,Alonso de Ena Wolf,Real Racing Club,Real Sociedad de Fútbol,Jokin Ezkieta,0,0,0,0,0,0,0,0,23,0,4,0,0,0,0
125,31 Oct 2025,,4wptmmllp9vuwmzxydp91n9qs,Alonso de Ena Wolf,Real Racing Club,Real Sociedad de Fútbol,F. González,0,0,0,0,2,0,0,0,51,0,0,0,0,0,0
125,31 Oct 2025,,4wptmmllp9vuwmzxydp91n9qs,Alonso de Ena Wolf,Real Racing Club,Real Sociedad de Fútbol,Álvaro Mantilla,0,0,1,0,1,0,0,1,38,0,0,0,0,1,1
125,31 Oct 2025,,4wptmmllp9vuwmzxydp91n9qs,Alonso de Ena Wolf,Real Racing Club,Real Sociedad de Fútbol,Andrés Martín,0,4,2,9,0,2,0,0,33,0,0,7,0,0,0
125,31 Oct 2025,,4wptmmllp9vuwmzxydp91n9qs,Alonso de Ena Wolf,Real Racing Club,Real Sociedad de Fútbol,Mario García,0,0,0,1,0,0,0,0,53,0,0,0,0,0,0
125,31 Oct 2025,,4wptmmllp9vuwmzxydp91n9qs,Alonso de Ena Wolf,Real Racing Club,Real Sociedad de Fútbol,G. Puerta,0,0,0,0,4,3,0,0,87,0,0,0,0,3,1
125,31 Oct 2025,,4wptmmllp9vuwmzxydp91n9qs,Alonso de Ena Wolf,Real Racing Club,Real Sociedad de Fútbol,Pablo Ramón,0,0,0,0,0,2,0,0,57,0,0,0,0,1,0
125,31 Oct 2025,,4wptmmllp9vuwmzxydp91n9qs,Alonso de Ena Wolf,Real Racing Club,Real Sociedad de Fútbol,M. Gueye,0,1,0,0,1,2,0,0,51,0,0,2,0,2,1
125,31 Oct 2025,,4wptmmllp9vuwmzxydp91n9qs,Alonso de Ena Wolf,Real Racing Club,Real Sociedad de Fútbol,Peio Canales,0,0,1,0,0,1,1,0,48,0,0,1,1,0,0
125,31 Oct 2025,,4wptmmllp9vuwmzxydp91n9qs,Alonso de Ena Wolf,Real Racing Club,Real Sociedad de Fútbol,J. Arévalo,0,0,0,1,3,3,0,0,22,0,0,2,0,1,0
125,31 Oct 2025,,4wptmmllp9vuwmzxydp91n9qs,Alonso de Ena Wolf,Real Racing Club,Real Sociedad de Fútbol,C. Michelin,0,0,0,1,0,1,0,0,14,0,0,0,0,2,0
125,31 Oct 2025,,4wptmmllp9vuwmzxydp91n9qs,Alonso de Ena Wolf,Real Racing Club,Real Sociedad de Fútbol,Íñigo Sainz-Maza,0,0,0,0,1,1,0,0,12,0,0,0,0,3,1
125,31 Oct 2025,,4wptmmllp9vuwmzxydp91n9qs,Alonso de Ena Wolf,Real Racing Club,Real Sociedad de Fútbol,Marco Sangalli,0,0,0,0,1,0,0,0,10,0,0,0,0,0,0
125,31 Oct 2025,,4wptmmllp9vuwmzxydp91n9qs,Alonso de Ena Wolf,Real Racing Club,Real Sociedad de Fútbol,Asier Villalibre,0,0,0,0,0,0,0,0,0,0,0,0,0,0,0
125,31 Oct 2025,,4wptmmllp9vuwmzxydp91n9qs,Alonso de Ena Wolf,Real Racing Club,Real Sociedad de Fútbol,Javi Castro,0,0,0,0,0,0,0,0,2,0,0,0,0,0,0
125,31 Oct 2025,,4wptmmllp9vuwmzxydp91n9qs,Alonso de Ena Wolf,Real Racing Club,Real Sociedad de Fútbol,Jon Balda,0,1,2,3,2,2,0,0,33,0,0,3,1,3,0
125,31 Oct 2025,,4wptmmllp9vuwmzxydp91n9qs,Alonso de Ena Wolf,Real Racing Club,Real Sociedad de Fútbol,Alex Marchal,0,0,1,2,0,1,0,0,17,0,0,1,1,0,0
125,31 Oct 2025,,4wptmmllp9vuwmzxydp91n9qs,Alonso de Ena Wolf,Real Racing Club,Real Sociedad de Fútbol,Tomás Carbonell,0,0,0,0,4,3,0,0,38,0,0,0,0,3,0
125,31 Oct 2025,,4wptmmllp9vuwmzxydp91n9qs,Alonso de Ena Wolf,Real Racing Club,Real Sociedad de Fútbol,K. Kita,0,0,0,0,0,0,0,0,52,0,0,0,0,1,0
125,31 Oct 2025,,4wptmmllp9vuwmzxydp91n9qs,Alonso de Ena Wolf,Real Racing Club,Real Sociedad de Fútbol,Gorka Gorosabel,0,2,1,1,3,1,0,0,21,0,0,3,0,3,0
125,31 Oct 2025,,4wptmmllp9vuwmzxydp91n9qs,Alonso de Ena Wolf,Real Racing Club,Real Sociedad de Fútbol,Jon Garro,0,0,0,3,0,1,0,0,36,0,0,0,0,1,0
125,31 Oct 2025,,4wptmmllp9vuwmzxydp91n9qs,Alonso de Ena Wolf,Real Racing Club,Real Sociedad de Fútbol,Luken Beitia,0,2,0,0,0,0,0,0,71,0,0,3,1,3,0
125,31 Oct 2025,,4wptmmllp9vuwmzxydp91n9qs,Alonso de Ena Wolf,Real Racing Club,Real Sociedad de Fútbol,Lander Astiazarán,0,0,1,5,1,2,0,1,19,0,0,0,0,3,0
125,31 Oct 2025,,4wptmmllp9vuwmzxydp91n9qs,Alonso de Ena Wolf,Real Racing Club,Real Sociedad de Fútbol,Dani Díaz,0,0,1,3,0,2,0,1,5,0,0,1,1,0,0
125,31 Oct 2025,,4wptmmllp9vuwmzxydp91n9qs,Alonso de Ena Wolf,Real Racing Club,Real Sociedad de Fútbol,Gorka Carrera,0,0,0,0,1,0,0,2,7,0,0,0,0,2,0
125,31 Oct 2025,,4wptmmllp9vuwmzxydp91n9qs,Alonso de Ena Wolf,Real Racing Club,Real Sociedad de Fútbol,Aitor Fraga,0,0,0,0,0,0,0,0,30,0,1,0,0,0,0
125,31 Oct 2025,,4wptmmllp9vuwmzxydp91n9qs,Alonso de Ena Wolf,Real Racing Club,Real Sociedad de Fútbol,J. Ochieng,0,0,2,1,3,0,0,0,8,0,0,1,0,0,0
125,31 Oct 2025,,4wptmmllp9vuwmzxydp91n9qs,Alonso de Ena Wolf,Real Racing Club,Real Sociedad de Fútbol,Arkaitz Mariezkurrena,0,0,0,0,5,0,0,0,5,0,0,0,0,0,1
125,31 Oct 2025,,4wptmmllp9vuwmzxydp91n9qs,Alonso de Ena Wolf,Real Racing Club,Real Sociedad de Fútbol,Joni Eceiza,0,0,0,1,0,1,0,0,8,0,0,0,0,0,0
125,31 Oct 2025,,4wptmmllp9vuwmzxydp91n9qs,Alonso de Ena Wolf,Real Racing Club,Real Sociedad de Fútbol,Sydney Osazuwa,0,0,0,0,0,0,0,0,0,0,0,0,0,0,0
126,1 Nov 2025,,4x571wbav4z0ebrnj82tkiyac,Salvador Lax Franco,UD Almería,SD Eibar,Álex Muñoz,0,0,0,0,2,1,1,0,38,0,0,1,1,4,1
126,1 Nov 2025,,4x571wbav4z0ebrnj82tkiyac,Salvador Lax Franco,UD Almería,SD Eibar,Nico Melamed,1,1,1,3,0,1,0,0,20,0,0,3,1,1,0
126,1 Nov 2025,,4x571wbav4z0ebrnj82tkiyac,Salvador Lax Franco,UD Almería,SD Eibar,P. Soko,0,1,0,0,0,0,0,0,11,0,0,2,0,0,0
126,1 Nov 2025,,4x571wbav4z0ebrnj82tkiyac,Salvador Lax Franco,UD Almería,SD Eibar,Andrés Fernández,0,0,0,0,0,0,0,0,41,0,4,0,0,0,0
126,1 Nov 2025,,4x571wbav4z0ebrnj82tkiyac,Salvador Lax Franco,UD Almería,SD Eibar,F. Bonini,0,0,0,0,1,0,0,0,65,0,0,0,0,2,0
126,1 Nov 2025,,4x571wbav4z0ebrnj82tkiyac,Salvador Lax Franco,UD Almería,SD Eibar,Nélson Monte,0,0,0,0,1,1,0,0,41,0,0,0,0,0,0
126,1 Nov 2025,,4x571wbav4z0ebrnj82tkiyac,Salvador Lax Franco,UD Almería,SD Eibar,D. Chirino,0,0,0,2,1,2,0,0,30,0,0,0,0,1,0
126,1 Nov 2025,,4x571wbav4z0ebrnj82tkiyac,Salvador Lax Franco,UD Almería,SD Eibar,S. Džodić,1,0,0,0,1,0,0,0,33,0,0,1,0,1,0
126,1 Nov 2025,,4x571wbav4z0ebrnj82tkiyac,Salvador Lax Franco,UD Almería,SD Eibar,Sergio Arribas,0,0,0,0,0,0,1,0,34,0,0,2,1,2,0
126,1 Nov 2025,,4x571wbav4z0ebrnj82tkiyac,Salvador Lax Franco,UD Almería,SD Eibar,Adri Embarba,0,0,2,4,4,2,1,0,23,0,0,2,2,3,0
126,1 Nov 2025,,4x571wbav4z0ebrnj82tkiyac,Salvador Lax Franco,UD Almería,SD Eibar,D. Lopy,0,0,0,0,2,0,0,0,16,0,0,0,0,3,1
126,1 Nov 2025,,4x571wbav4z0ebrnj82tkiyac,Salvador Lax Franco,UD Almería,SD Eibar,Gui,0,0,0,0,1,0,0,0,14,0,0,0,0,0,0
126,1 Nov 2025,,4x571wbav4z0ebrnj82tkiyac,Salvador Lax Franco,UD Almería,SD Eibar,Arnau Puigmal,0,0,0,0,0,0,0,0,9,0,0,0,0,0,0
126,1 Nov 2025,,4x571wbav4z0ebrnj82tkiyac,Salvador Lax Franco,UD Almería,SD Eibar,Thalys,0,0,0,0,0,0,0,0,8,0,0,0,0,2,0
126,1 Nov 2025,,4x571wbav4z0ebrnj82tkiyac,Salvador Lax Franco,UD Almería,SD Eibar,M. Perović,0,0,0,0,1,0,0,0,5,0,0,0,0,1,0
126,1 Nov 2025,,4x571wbav4z0ebrnj82tkiyac,Salvador Lax Franco,UD Almería,SD Eibar,Selvi Clua,0,0,0,0,1,0,0,0,5,0,0,0,0,0,0
126,1 Nov 2025,,4x571wbav4z0ebrnj82tkiyac,Salvador Lax Franco,UD Almería,SD Eibar,Javi Martínez,0,0,0,0,0,6,0,0,55,0,0,3,1,4,0
126,1 Nov 2025,,4x571wbav4z0ebrnj82tkiyac,Salvador Lax Franco,UD Almería,SD Eibar,Anaitz Arbilla,0,1,1,0,1,0,1,0,68,0,0,2,1,1,1
126,1 Nov 2025,,4x571wbav4z0ebrnj82tkiyac,Salvador Lax Franco,UD Almería,SD Eibar,Álvaro Rodríguez,0,0,0,5,1,1,0,0,36,0,0,0,0,1,0
126,1 Nov 2025,,4x571wbav4z0ebrnj82tkiyac,Salvador Lax Franco,UD Almería,SD Eibar,Aleix Garrido,0,0,0,2,0,0,0,0,70,0,0,0,0,1,0
126,1 Nov 2025,,4x571wbav4z0ebrnj82tkiyac,Salvador Lax Franco,UD Almería,SD Eibar,Xeber Alkain,0,0,1,9,1,1,0,0,31,0,0,2,1,3,0
126,1 Nov 2025,,4x571wbav4z0ebrnj82tkiyac,Salvador Lax Franco,UD Almería,SD Eibar,Leonardo Buta,0,0,1,2,0,2,0,0,33,0,0,0,0,1,0
126,1 Nov 2025,,4x571wbav4z0ebrnj82tkiyac,Salvador Lax Franco,UD Almería,SD Eibar,Jonmi Magunagoitia,0,0,0,0,0,0,0,0,25,0,2,0,0,0,0
126,1 Nov 2025,,4x571wbav4z0ebrnj82tkiyac,Salvador Lax Franco,UD Almería,SD Eibar,Marco Moreno,0,0,0,0,1,0,0,0,78,0,0,0,0,1,0
126,1 Nov 2025,,4x571wbav4z0ebrnj82tkiyac,Salvador Lax Franco,UD Almería,SD Eibar,Lander Olaetxea,0,0,0,0,2,0,0,0,47,0,0,0,0,3,1
126,1 Nov 2025,,4x571wbav4z0ebrnj82tkiyac,Salvador Lax Franco,UD Almería,SD Eibar,Jon Bautista,0,0,0,1,0,0,0,1,13,0,0,2,1,1,0
126,1 Nov 2025,,4x571wbav4z0ebrnj82tkiyac,Salvador Lax Franco,UD Almería,SD Eibar,José Corpas,0,0,1,2,1,1,0,0,24,0,0,0,0,1,1
126,1 Nov 2025,,4x571wbav4z0ebrnj82tkiyac,Salvador Lax Franco,UD Almería,SD Eibar,Javi Martón,0,0,1,0,0,1,0,0,3,0,0,1,0,0,0
126,1 Nov 2025,,4x571wbav4z0ebrnj82tkiyac,Salvador Lax Franco,UD Almería,SD Eibar,Toni Villa,1,1,1,5,0,1,0,0,16,0,0,1,0,1,0
126,1 Nov 2025,,4x571wbav4z0ebrnj82tkiyac,Salvador Lax Franco,UD Almería,SD Eibar,Aritz Arambarri,0,0,0,0,0,0,0,0,15,0,0,0,0,1,0
126,1 Nov 2025,,4x571wbav4z0ebrnj82tkiyac,Salvador Lax Franco,UD Almería,SD Eibar,Jon Magunazelaia,0,0,1,0,0,1,0,0,8,0,0,1,1,0,0
126,1 Nov 2025,,4x571wbav4z0ebrnj82tkiyac,Salvador Lax Franco,UD Almería,SD Eibar,Hugo García,0,0,0,1,0,0,0,0,3,0,0,0,0,0,0
43,7 Sep 2025,,412sjx3nt28rtumubbqew1tzo,Andrés Fuentes Molina,UD Almería,Real Racing Club,Marcos Luna,0,0,1,1,1,2,0,0,20,0,0,0,0,2,0
43,7 Sep 2025,,412sjx3nt28rtumubbqew1tzo,Andrés Fuentes Molina,UD Almería,Real Racing Club,I. Baba,0,0,0,0,0,2,0,0,33,0,0,2,0,1,0
43,7 Sep 2025,,412sjx3nt28rtumubbqew1tzo,Andrés Fuentes Molina,UD Almería,Real Racing Club,Andrés Fernández,0,0,0,0,0,1,0,0,35,0,4,0,0,0,0
43,7 Sep 2025,,412sjx3nt28rtumubbqew1tzo,Andrés Fuentes Molina,UD Almería,Real Racing Club,Álex Muñoz,0,0,0,0,2,2,0,0,60,0,0,1,0,3,1
43,7 Sep 2025,,412sjx3nt28rtumubbqew1tzo,Andrés Fuentes Molina,UD Almería,Real Racing Club,Nico Melamed,0,1,1,1,2,0,1,0,14,0,0,3,1,0,0
43,7 Sep 2025,,412sjx3nt28rtumubbqew1tzo,Andrés Fuentes Molina,UD Almería,Real Racing Club,Gui,0,0,0,0,3,0,0,0,33,0,0,0,0,3,0
43,7 Sep 2025,,412sjx3nt28rtumubbqew1tzo,Andrés Fuentes Molina,UD Almería,Real Racing Club,F. Bonini,0,0,0,1,0,1,0,0,46,0,0,0,0,2,0
43,7 Sep 2025,,412sjx3nt28rtumubbqew1tzo,Andrés Fuentes Molina,UD Almería,Real Racing Club,Sergio Arribas,1,0,0,5,0,0,0,0,39,0,0,2,1,2,0
43,7 Sep 2025,,412sjx3nt28rtumubbqew1tzo,Andrés Fuentes Molina,UD Almería,Real Racing Club,Adri Embarba,0,0,0,2,2,4,1,2,18,0,0,3,1,2,0
43,7 Sep 2025,,412sjx3nt28rtumubbqew1tzo,Andrés Fuentes Molina,UD Almería,Real Racing Club,D. Lopy,0,0,0,0,1,0,0,0,13,1,0,0,0,3,0
43,7 Sep 2025,,412sjx3nt28rtumubbqew1tzo,Andrés Fuentes Molina,UD Almería,Real Racing Club,Léo Baptistão,1,0,2,0,1,1,0,1,22,0,0,3,1,1,1
43,7 Sep 2025,,412sjx3nt28rtumubbqew1tzo,Andrés Fuentes Molina,UD Almería,Real Racing Club,Selvi Clua,0,0,0,0,0,1,0,0,24,0,0,1,1,0,0
43,7 Sep 2025,,412sjx3nt28rtumubbqew1tzo,Andrés Fuentes Molina,UD Almería,Real Racing Club,Lázaro,0,0,0,0,2,0,0,1,5,0,0,0,0,1,0
43,7 Sep 2025,,412sjx3nt28rtumubbqew1tzo,Andrés Fuentes Molina,UD Almería,Real Racing Club,D. Chirino,0,0,0,0,1,0,0,0,9,0,0,0,0,1,1
43,7 Sep 2025,,412sjx3nt28rtumubbqew1tzo,Andrés Fuentes Molina,UD Almería,Real Racing Club,Arnau Puigmal,0,0,0,0,0,1,0,0,12,0,0,0,0,1,0
43,7 Sep 2025,,412sjx3nt28rtumubbqew1tzo,Andrés Fuentes Molina,UD Almería,Real Racing Club,Álex Centelles,0,0,1,3,0,2,0,0,16,0,0,0,0,0,0
43,7 Sep 2025,,412sjx3nt28rtumubbqew1tzo,Andrés Fuentes Molina,UD Almería,Real Racing Club,Andrés Martín,0,0,1,5,3,2,0,1,29,0,0,0,0,2,0
43,7 Sep 2025,,412sjx3nt28rtumubbqew1tzo,Andrés Fuentes Molina,UD Almería,Real Racing Club,Jokin Ezkieta,0,0,0,0,0,0,0,0,23,0,3,0,0,0,0
43,7 Sep 2025,,412sjx3nt28rtumubbqew1tzo,Andrés Fuentes Molina,UD Almería,Real Racing Club,Manu Hernando,0,0,0,0,1,0,0,0,68,0,0,0,0,2,0
43,7 Sep 2025,,412sjx3nt28rtumubbqew1tzo,Andrés Fuentes Molina,UD Almería,Real Racing Club,Javi Castro,0,0,0,0,2,2,0,0,79,0,0,1,0,0,0
43,7 Sep 2025,,412sjx3nt28rtumubbqew1tzo,Andrés Fuentes Molina,UD Almería,Real Racing Club,Mario García,0,0,0,1,1,1,0,0,24,0,0,0,0,1,0
43,7 Sep 2025,,412sjx3nt28rtumubbqew1tzo,Andrés Fuentes Molina,UD Almería,Real Racing Club,Aritz Aldasoro,0,0,0,0,1,0,0,0,54,0,0,0,0,2,1
43,7 Sep 2025,,412sjx3nt28rtumubbqew1tzo,Andrés Fuentes Molina,UD Almería,Real Racing Club,Álvaro Mantilla,0,0,1,1,1,2,0,0,11,0,0,1,1,0,1
43,7 Sep 2025,,412sjx3nt28rtumubbqew1tzo,Andrés Fuentes Molina,UD Almería,Real Racing Club,Asier Villalibre,0,0,0,0,2,0,0,0,6,0,0,2,2,0,0
43,7 Sep 2025,,412sjx3nt28rtumubbqew1tzo,Andrés Fuentes Molina,UD Almería,Real Racing Club,Marco Sangalli,0,1,0,0,1,4,0,2,47,0,0,2,0,0,0
43,7 Sep 2025,,412sjx3nt28rtumubbqew1tzo,Andrés Fuentes Molina,UD Almería,Real Racing Club,G. Puerta,0,0,0,1,3,2,1,1,69,0,0,1,1,2,0
43,7 Sep 2025,,412sjx3nt28rtumubbqew1tzo,Andrés Fuentes Molina,UD Almería,Real Racing Club,Iñigo Vicente,1,0,0,4,0,1,0,0,63,0,0,1,1,0,1
43,7 Sep 2025,,412sjx3nt28rtumubbqew1tzo,Andrés Fuentes Molina,UD Almería,Real Racing Club,Pablo Ramón,0,0,0,0,1,0,0,0,39,0,0,1,0,0,0
43,7 Sep 2025,,412sjx3nt28rtumubbqew1tzo,Andrés Fuentes Molina,UD Almería,Real Racing Club,C. Michelin,1,0,0,1,1,0,0,0,14,0,0,0,0,2,0
43,7 Sep 2025,,412sjx3nt28rtumubbqew1tzo,Andrés Fuentes Molina,UD Almería,Real Racing Club,J. Arévalo,0,0,0,0,1,0,2,0,20,0,0,2,2,2,0
43,7 Sep 2025,,412sjx3nt28rtumubbqew1tzo,Andrés Fuentes Molina,UD Almería,Real Racing Club,Santi Franco,0,0,0,0,0,0,0,0,2,0,0,0,0,0,0
43,7 Sep 2025,,412sjx3nt28rtumubbqew1tzo,Andrés Fuentes Molina,UD Almería,Real Racing Club,S. Camara,0,0,0,0,0,1,0,0,5,0,0,0,0,0,0
44,7 Sep 2025,,41ga4r7wp341nxul7lp938v10,Manuel Ángel Pérez Hernández,Real Sociedad de Fútbol,Cádiz CF,Gorka Gorosabel,0,1,0,0,3,1,0,0,34,0,0,3,1,3,0
44,7 Sep 2025,,41ga4r7wp341nxul7lp938v10,Manuel Ángel Pérez Hernández,Real Sociedad de Fútbol,Cádiz CF,Unax Agote,0,1,0,5,2,1,0,0,45,0,0,1,0,3,0
44,7 Sep 2025,,41ga4r7wp341nxul7lp938v10,Manuel Ángel Pérez Hernández,Real Sociedad de Fútbol,Cádiz CF,Alberto Dadie,0,1,0,4,3,1,0,0,38,0,0,4,0,3,1
44,7 Sep 2025,,41ga4r7wp341nxul7lp938v10,Manuel Ángel Pérez Hernández,Real Sociedad de Fútbol,Cádiz CF,Lander Astiazarán,0,1,0,2,1,1,1,0,22,0,0,2,1,1,0
44,7 Sep 2025,,41ga4r7wp341nxul7lp938v10,Manuel Ángel Pérez Hernández,Real Sociedad de Fútbol,Cádiz CF,Luken Beitia,1,0,0,0,1,0,0,0,56,0,0,0,0,1,0
44,7 Sep 2025,,41ga4r7wp341nxul7lp938v10,Manuel Ángel Pérez Hernández,Real Sociedad de Fútbol,Cádiz CF,Peru Rodríguez,1,0,0,0,1,1,0,0,69,0,0,1,0,1,1
44,7 Sep 2025,,41ga4r7wp341nxul7lp938v10,Manuel Ángel Pérez Hernández,Real Sociedad de Fútbol,Cádiz CF,Alex Marchal,0,0,0,3,2,0,0,0,21,0,0,1,0,2,0
44,7 Sep 2025,,41ga4r7wp341nxul7lp938v10,Manuel Ángel Pérez Hernández,Real Sociedad de Fútbol,Cádiz CF,Mikel Rodríguez,0,0,1,0,2,3,0,0,51,0,0,0,0,1,0
44,7 Sep 2025,,41ga4r7wp341nxul7lp938v10,Manuel Ángel Pérez Hernández,Real Sociedad de Fútbol,Cádiz CF,Gorka Carrera,0,0,0,1,1,1,1,0,15,0,0,3,2,0,0
44,7 Sep 2025,,41ga4r7wp341nxul7lp938v10,Manuel Ángel Pérez Hernández,Real Sociedad de Fútbol,Cádiz CF,A. Lebarbier,0,0,0,0,2,1,1,0,48,0,0,1,1,2,1
44,7 Sep 2025,,41ga4r7wp341nxul7lp938v10,Manuel Ángel Pérez Hernández,Real Sociedad de Fútbol,Cádiz CF,Aitor Fraga,0,0,0,0,0,1,0,0,28,0,0,0,0,0,0
44,7 Sep 2025,,41ga4r7wp341nxul7lp938v10,Manuel Ángel Pérez Hernández,Real Sociedad de Fútbol,Cádiz CF,Ekain Orobengoa,0,0,0,0,1,0,0,0,4,0,0,0,0,0,0
44,7 Sep 2025,,41ga4r7wp341nxul7lp938v10,Manuel Ángel Pérez Hernández,Real Sociedad de Fútbol,Cádiz CF,Jon Balda,0,0,0,0,0,1,0,0,9,0,0,0,0,0,0
44,7 Sep 2025,,41ga4r7wp341nxul7lp938v10,Manuel Ángel Pérez Hernández,Real Sociedad de Fútbol,Cádiz CF,Dani Díaz,0,0,0,0,0,1,0,0,5,0,0,1,0,0,1
44,7 Sep 2025,,41ga4r7wp341nxul7lp938v10,Manuel Ángel Pérez Hernández,Real Sociedad de Fútbol,Cádiz CF,K. Kita,0,0,0,0,1,0,0,0,8,0,0,0,0,1,0
44,7 Sep 2025,,41ga4r7wp341nxul7lp938v10,Manuel Ángel Pérez Hernández,Real Sociedad de Fútbol,Cádiz CF,Y. Diarra,0,0,0,0,1,0,0,0,23,0,0,0,0,1,0
44,7 Sep 2025,,41ga4r7wp341nxul7lp938v10,Manuel Ángel Pérez Hernández,Real Sociedad de Fútbol,Cádiz CF,M. Diakité,0,0,0,1,1,2,0,0,51,0,0,0,0,4,0
44,7 Sep 2025,,41ga4r7wp341nxul7lp938v10,Manuel Ángel Pérez Hernández,Real Sociedad de Fútbol,Cádiz CF,Suso,0,0,1,3,0,3,0,1,28,0,0,0,0,0,0
44,7 Sep 2025,,41ga4r7wp341nxul7lp938v10,Manuel Ángel Pérez Hernández,Real Sociedad de Fútbol,Cádiz CF,B. Ocampo,0,0,0,0,1,0,0,0,12,0,0,0,0,0,0
44,7 Sep 2025,,41ga4r7wp341nxul7lp938v10,Manuel Ángel Pérez Hernández,Real Sociedad de Fútbol,Cádiz CF,Iker Recio,0,0,0,0,3,0,0,0,51,0,0,0,0,2,1
44,7 Sep 2025,,41ga4r7wp341nxul7lp938v10,Manuel Ángel Pérez Hernández,Real Sociedad de Fútbol,Cádiz CF,Iza Carcelén,1,0,0,2,0,1,0,0,45,0,0,0,0,4,0
44,7 Sep 2025,,41ga4r7wp341nxul7lp938v10,Manuel Ángel Pérez Hernández,Real Sociedad de Fútbol,Cádiz CF,A. Caicedo,0,0,0,0,0,1,0,0,28,0,0,0,0,0,0
44,7 Sep 2025,,41ga4r7wp341nxul7lp938v10,Manuel Ángel Pérez Hernández,Real Sociedad de Fútbol,Cádiz CF,Victor Aznar,0,0,0,0,0,1,0,0,35,0,2,0,0,0,0
44,7 Sep 2025,,41ga4r7wp341nxul7lp938v10,Manuel Ángel Pérez Hernández,Real Sociedad de Fútbol,Cádiz CF,Álvaro García Pascual,1,1,2,0,0,3,0,1,11,0,0,2,0,0,0
44,7 Sep 2025,,41ga4r7wp341nxul7lp938v10,Manuel Ángel Pérez Hernández,Real Sociedad de Fútbol,Cádiz CF,Pelayo Fernández,0,0,0,0,1,1,0,0,39,0,0,2,0,2,0
44,7 Sep 2025,,41ga4r7wp341nxul7lp938v10,Manuel Ángel Pérez Hernández,Real Sociedad de Fútbol,Cádiz CF,Mario Climent,0,0,0,3,1,2,0,0,41,0,0,0,0,2,1
44,7 Sep 2025,,41ga4r7wp341nxul7lp938v10,Manuel Ángel Pérez Hernández,Real Sociedad de Fútbol,Cádiz CF,I. Tabatadze,0,0,0,1,3,0,2,0,8,0,0,5,2,0,1
44,7 Sep 2025,,41ga4r7wp341nxul7lp938v10,Manuel Ángel Pérez Hernández,Real Sociedad de Fútbol,Cádiz CF,Sergio Ortuño,0,0,1,1,1,0,0,0,22,0,0,0,0,1,0
44,7 Sep 2025,,41ga4r7wp341nxul7lp938v10,Manuel Ángel Pérez Hernández,Real Sociedad de Fútbol,Cádiz CF,E. Ugiagbe,0,0,0,1,0,3,0,0,16,0,0,0,0,1,0
44,7 Sep 2025,,41ga4r7wp341nxul7lp938v10,Manuel Ángel Pérez Hernández,Real Sociedad de Fútbol,Cádiz CF,D. Camara,0,0,1,0,1,1,0,0,5,0,0,0,0,0,0
44,7 Sep 2025,,41ga4r7wp341nxul7lp938v10,Manuel Ángel Pérez Hernández,Real Sociedad de Fútbol,Cádiz CF,Álex Fernández,0,0,0,1,0,0,0,0,5,0,0,0,0,0,0
45,15 Sep 2025,,41tvy8vn9nflgbpetql8rtams,Daniel Palencia Caballero,Real Zaragoza,Albacete Balompié,Dani Gómez,0,2,1,0,2,2,0,1,13,0,0,3,0,0,0
45,15 Sep 2025,,41tvy8vn9nflgbpetql8rtams,Daniel Palencia Caballero,Real Zaragoza,Albacete Balompié,Yussif Saidu,0,0,0,0,0,1,0,1,73,0,0,1,0,1,0
45,15 Sep 2025,,41tvy8vn9nflgbpetql8rtams,Daniel Palencia Caballero,Real Zaragoza,Albacete Balompié,K. Kodro,0,0,0,0,0,0,0,2,12,0,0,0,0,0,0
45,15 Sep 2025,,41tvy8vn9nflgbpetql8rtams,Daniel Palencia Caballero,Real Zaragoza,Albacete Balompié,Francho Serrano,0,0,1,2,1,0,0,0,39,0,0,3,1,0,0
45,15 Sep 2025,,41tvy8vn9nflgbpetql8rtams,Daniel Palencia Caballero,Real Zaragoza,Albacete Balompié,Pablo Insua,0,1,0,0,0,0,0,0,56,0,0,1,0,1,0
45,15 Sep 2025,,41tvy8vn9nflgbpetql8rtams,Daniel Palencia Caballero,Real Zaragoza,Albacete Balompié,Carlos Pomares,0,0,0,3,1,0,0,0,35,0,0,0,0,1,0
45,15 Sep 2025,,41tvy8vn9nflgbpetql8rtams,Daniel Palencia Caballero,Real Zaragoza,Albacete Balompié,Sebas Moyano,0,0,0,5,0,4,0,0,22,0,0,0,0,1,0
45,15 Sep 2025,,41tvy8vn9nflgbpetql8rtams,Daniel Palencia Caballero,Real Zaragoza,Albacete Balompié,Paulino de la Fuente,0,0,0,1,0,1,0,0,32,0,0,1,0,1,0
45,15 Sep 2025,,41tvy8vn9nflgbpetql8rtams,Daniel Palencia Caballero,Real Zaragoza,Albacete Balompié,A. Rodríguez,0,0,0,0,0,0,0,0,25,0,1,0,0,0,0
45,15 Sep 2025,,41tvy8vn9nflgbpetql8rtams,Daniel Palencia Caballero,Real Zaragoza,Albacete Balompié,P. Akouokou,0,0,0,0,1,1,0,0,64,0,0,0,0,1,1
45,15 Sep 2025,,41tvy8vn9nflgbpetql8rtams,Daniel Palencia Caballero,Real Zaragoza,Albacete Balompié,Raúl Guti,0,1,1,1,0,1,0,0,35,0,0,1,0,1,0
45,15 Sep 2025,,41tvy8vn9nflgbpetql8rtams,Daniel Palencia Caballero,Real Zaragoza,Albacete Balompié,K. Bare,0,0,0,0,1,2,0,0,42,0,0,0,0,1,0
45,15 Sep 2025,,41tvy8vn9nflgbpetql8rtams,Daniel Palencia Caballero,Real Zaragoza,Albacete Balompié,Valery,0,0,0,1,0,0,0,0,12,0,0,0,0,0,0
45,15 Sep 2025,,41tvy8vn9nflgbpetql8rtams,Daniel Palencia Caballero,Real Zaragoza,Albacete Balompié,Mario Soberón,0,0,0,0,1,1,0,0,8,0,0,0,0,0,0
45,15 Sep 2025,,41tvy8vn9nflgbpetql8rtams,Daniel Palencia Caballero,Real Zaragoza,Albacete Balompié,Pau Sans,0,0,0,0,0,1,0,0,5,0,0,0,0,0,0
45,15 Sep 2025,,41tvy8vn9nflgbpetql8rtams,Daniel Palencia Caballero,Real Zaragoza,Albacete Balompié,Juan Sebastián,0,0,0,3,0,0,0,0,10,0,0,0,0,0,0
45,15 Sep 2025,,41tvy8vn9nflgbpetql8rtams,Daniel Palencia Caballero,Real Zaragoza,Albacete Balompié,Jesús Vallejo,0,0,0,0,0,0,0,0,29,0,0,0,0,1,1
45,15 Sep 2025,,41tvy8vn9nflgbpetql8rtams,Daniel Palencia Caballero,Real Zaragoza,Albacete Balompié,Pepe Sánchez,0,0,0,0,1,1,0,0,8,0,0,1,0,0,1
45,15 Sep 2025,,41tvy8vn9nflgbpetql8rtams,Daniel Palencia Caballero,Real Zaragoza,Albacete Balompié,Fran Gámez,0,1,3,4,4,0,0,0,26,0,0,1,0,2,0
45,15 Sep 2025,,41tvy8vn9nflgbpetql8rtams,Daniel Palencia Caballero,Real Zaragoza,Albacete Balompié,Dani Escriche,0,0,0,0,3,1,0,0,12,0,0,0,0,0,0
45,15 Sep 2025,,41tvy8vn9nflgbpetql8rtams,Daniel Palencia Caballero,Real Zaragoza,Albacete Balompié,Jon Morcillo,0,1,1,4,0,1,0,0,18,0,0,2,1,0,0
45,15 Sep 2025,,41tvy8vn9nflgbpetql8rtams,Daniel Palencia Caballero,Real Zaragoza,Albacete Balompié,Carlos Neva,0,1,0,0,1,1,0,0,41,0,0,2,0,0,1
45,15 Sep 2025,,41tvy8vn9nflgbpetql8rtams,Daniel Palencia Caballero,Real Zaragoza,Albacete Balompié,Raúl Lizoain,0,0,0,0,0,0,0,0,24,0,1,0,0,0,0
45,15 Sep 2025,,41tvy8vn9nflgbpetql8rtams,Daniel Palencia Caballero,Real Zaragoza,Albacete Balompié,Ale Meléndez,0,0,0,0,2,1,0,0,44,0,0,0,0,2,0
45,15 Sep 2025,,41tvy8vn9nflgbpetql8rtams,Daniel Palencia Caballero,Real Zaragoza,Albacete Balompié,Riki Rodríguez,0,0,0,0,0,2,0,0,32,0,0,0,0,1,0
45,15 Sep 2025,,41tvy8vn9nflgbpetql8rtams,Daniel Palencia Caballero,Real Zaragoza,Albacete Balompié,José Carlos Lazo,0,0,2,5,1,0,0,0,16,0,0,0,0,2,0
45,15 Sep 2025,,41tvy8vn9nflgbpetql8rtams,Daniel Palencia Caballero,Real Zaragoza,Albacete Balompié,Agus Medina,0,0,0,2,0,0,0,0,23,0,0,0,0,0,0
45,15 Sep 2025,,41tvy8vn9nflgbpetql8rtams,Daniel Palencia Caballero,Real Zaragoza,Albacete Balompié,Javi Moreno,0,0,0,0,1,0,0,0,17,0,0,0,0,2,0
45,15 Sep 2025,,41tvy8vn9nflgbpetql8rtams,Daniel Palencia Caballero,Real Zaragoza,Albacete Balompié,Antonio Puertas,0,0,0,0,0,0,0,0,10,0,0,0,0,2,0
45,15 Sep 2025,,41tvy8vn9nflgbpetql8rtams,Daniel Palencia Caballero,Real Zaragoza,Albacete Balompié,Jefté Betancor,0,0,0,0,1,0,0,1,6,0,0,0,0,0,0
45,15 Sep 2025,,41tvy8vn9nflgbpetql8rtams,Daniel Palencia Caballero,Real Zaragoza,Albacete Balompié,Víctor Valverde,0,0,0,1,1,0,0,0,3,0,0,0,0,0,0
45,15 Sep 2025,,41tvy8vn9nflgbpetql8rtams,Daniel Palencia Caballero,Real Zaragoza,Albacete Balompié,Javi Villar,0,0,0,0,1,0,0,0,1,0,0,0,0,0,0
46,14 Sep 2025,,427p4cu9eowo901d5cvy2jdp0,Salvador Lax Franco,Real Sporting de Gijón,Burgos CF,César Gelabert,0,2,0,4,0,1,1,0,49,0,0,3,1,1,0
46,14 Sep 2025,,427p4cu9eowo901d5cvy2jdp0,Salvador Lax Franco,Real Sporting de Gijón,Burgos CF,Rubén Yáñez,0,0,0,0,0,0,0,0,18,0,2,0,0,0,0
46,14 Sep 2025,,427p4cu9eowo901d5cvy2jdp0,Salvador Lax Franco,Real Sporting de Gijón,Burgos CF,J. Otero,1,2,2,1,0,0,0,0,26,0,0,10,2,3,0
46,14 Sep 2025,,427p4cu9eowo901d5cvy2jdp0,Salvador Lax Franco,Real Sporting de Gijón,Burgos CF,Guille Rosas,0,0,0,2,0,0,1,0,42,0,0,2,2,2,0
46,14 Sep 2025,,427p4cu9eowo901d5cvy2jdp0,Salvador Lax Franco,Real Sporting de Gijón,Burgos CF,Pablo Vázquez,0,0,0,0,0,1,0,0,51,0,0,1,0,1,0
46,14 Sep 2025,,427p4cu9eowo901d5cvy2jdp0,Salvador Lax Franco,Real Sporting de Gijón,Burgos CF,Jonathan Dubasin,1,0,1,8,0,3,0,0,38,0,0,3,2,0,0
46,14 Sep 2025,,427p4cu9eowo901d5cvy2jdp0,Salvador Lax Franco,Real Sporting de Gijón,Burgos CF,Nacho Martín,0,0,0,0,0,0,0,0,26,0,0,0,0,2,0
46,14 Sep 2025,,427p4cu9eowo901d5cvy2jdp0,Salvador Lax Franco,Real Sporting de Gijón,Burgos CF,Álex Corredera,0,0,0,8,0,0,0,0,59,0,0,0,0,3,0
46,14 Sep 2025,,427p4cu9eowo901d5cvy2jdp0,Salvador Lax Franco,Real Sporting de Gijón,Burgos CF,L. Perrin,0,0,0,0,4,1,0,0,46,0,0,0,0,2,1
46,14 Sep 2025,,427p4cu9eowo901d5cvy2jdp0,Salvador Lax Franco,Real Sporting de Gijón,Burgos CF,Diego Sánchez,0,0,1,2,2,0,0,0,44,0,0,0,0,1,0
46,14 Sep 2025,,427p4cu9eowo901d5cvy2jdp0,Salvador Lax Franco,Real Sporting de Gijón,Burgos CF,Gaspar Campos,0,3,2,3,0,2,0,0,27,0,0,5,1,1,0
46,14 Sep 2025,,427p4cu9eowo901d5cvy2jdp0,Salvador Lax Franco,Real Sporting de Gijón,Burgos CF,J. Caicedo,0,1,1,0,0,1,0,0,7,0,0,2,1,0,0
46,14 Sep 2025,,427p4cu9eowo901d5cvy2jdp0,Salvador Lax Franco,Real Sporting de Gijón,Burgos CF,Enol Prendes,0,1,0,1,1,1,0,0,5,0,0,1,0,0,0
46,14 Sep 2025,,427p4cu9eowo901d5cvy2jdp0,Salvador Lax Franco,Real Sporting de Gijón,Burgos CF,Kevin Vázquez,0,0,0,0,1,0,0,0,10,0,0,1,0,0,0
46,14 Sep 2025,,427p4cu9eowo901d5cvy2jdp0,Salvador Lax Franco,Real Sporting de Gijón,Burgos CF,Ó. Cortés,0,0,0,1,0,0,0,0,3,0,0,0,0,0,0
46,14 Sep 2025,,427p4cu9eowo901d5cvy2jdp0,Salvador Lax Franco,Real Sporting de Gijón,Burgos CF,Pablo García,0,1,1,2,0,0,0,0,7,0,0,1,0,1,0
46,14 Sep 2025,,427p4cu9eowo901d5cvy2jdp0,Salvador Lax Franco,Real Sporting de Gijón,Burgos CF,Miguel Atienza,0,0,0,0,0,0,0,0,39,0,0,1,0,1,0
46,14 Sep 2025,,427p4cu9eowo901d5cvy2jdp0,Salvador Lax Franco,Real Sporting de Gijón,Burgos CF,K. Appin,0,0,1,2,0,0,1,0,26,0,0,1,1,0,0
46,14 Sep 2025,,427p4cu9eowo901d5cvy2jdp0,Salvador Lax Franco,Real Sporting de Gijón,Burgos CF,F. Miguel,1,0,1,3,2,1,0,0,33,0,0,0,0,2,0
46,14 Sep 2025,,427p4cu9eowo901d5cvy2jdp0,Salvador Lax Franco,Real Sporting de Gijón,Burgos CF,Grego Sierra,0,0,0,0,1,0,0,0,33,0,0,0,0,2,0
46,14 Sep 2025,,427p4cu9eowo901d5cvy2jdp0,Salvador Lax Franco,Real Sporting de Gijón,Burgos CF,Fer Niño,0,0,0,0,2,1,1,1,25,0,0,2,1,4,0
46,14 Sep 2025,,427p4cu9eowo901d5cvy2jdp0,Salvador Lax Franco,Real Sporting de Gijón,Burgos CF,David González,1,0,0,1,0,4,0,0,28,0,0,0,0,4,0
46,14 Sep 2025,,427p4cu9eowo901d5cvy2jdp0,Salvador Lax Franco,Real Sporting de Gijón,Burgos CF,Álex Lizancos,0,0,0,2,1,1,0,0,32,0,0,0,0,0,0
46,14 Sep 2025,,427p4cu9eowo901d5cvy2jdp0,Salvador Lax Franco,Real Sporting de Gijón,Burgos CF,Curro Sánchez,0,0,1,2,0,0,0,0,68,0,0,1,1,1,0
46,14 Sep 2025,,427p4cu9eowo901d5cvy2jdp0,Salvador Lax Franco,Real Sporting de Gijón,Burgos CF,Aitor Córdoba,0,0,0,0,1,0,0,0,36,0,0,1,0,0,0
46,14 Sep 2025,,427p4cu9eowo901d5cvy2jdp0,Salvador Lax Franco,Real Sporting de Gijón,Burgos CF,Ander Cantero,0,0,0,0,0,0,0,0,24,0,6,0,0,0,1
46,14 Sep 2025,,427p4cu9eowo901d5cvy2jdp0,Salvador Lax Franco,Real Sporting de Gijón,Burgos CF,Iván Morante,1,0,1,0,0,0,0,0,52,0,0,3,1,2,0
46,14 Sep 2025,,427p4cu9eowo901d5cvy2jdp0,Salvador Lax Franco,Real Sporting de Gijón,Burgos CF,Sergio González,0,0,0,1,3,0,0,0,11,0,0,0,0,2,0
46,14 Sep 2025,,427p4cu9eowo901d5cvy2jdp0,Salvador Lax Franco,Real Sporting de Gijón,Burgos CF,M. Mejía,0,0,0,0,0,1,1,0,4,0,0,1,1,2,1
46,14 Sep 2025,,427p4cu9eowo901d5cvy2jdp0,Salvador Lax Franco,Real Sporting de Gijón,Burgos CF,Mario González,0,0,0,0,0,0,0,0,4,0,0,0,0,1,0
46,14 Sep 2025,,427p4cu9eowo901d5cvy2jdp0,Salvador Lax Franco,Real Sporting de Gijón,Burgos CF,Mario Cantero,0,0,0,0,0,0,0,0,1,0,0,0,0,0,0
46,14 Sep 2025,,427p4cu9eowo901d5cvy2jdp0,Salvador Lax Franco,Real Sporting de Gijón,Burgos CF,Saúl del Cerro,0,0,0,0,0,0,0,0,0,0,0,0,0,0,0
47,13 Sep 2025,,42lc5e4hn5mwbh3lm9jxpzs44,Lluís Bestard Servera,CD Mirandés,RC Deportivo de La Coruña,Carlos Fernández,0,0,0,0,0,1,0,2,32,0,0,1,1,0,0
47,13 Sep 2025,,42lc5e4hn5mwbh3lm9jxpzs44,Lluís Bestard Servera,CD Mirandés,RC Deportivo de La Coruña,I. Nikić,0,0,0,0,0,0,0,0,27,0,4,0,0,0,0
47,13 Sep 2025,,42lc5e4hn5mwbh3lm9jxpzs44,Lluís Bestard Servera,CD Mirandés,RC Deportivo de La Coruña,Rafel Bauzà,0,1,0,0,2,0,1,0,44,0,0,3,2,1,0
47,13 Sep 2025,,42lc5e4hn5mwbh3lm9jxpzs44,Lluís Bestard Servera,CD Mirandés,RC Deportivo de La Coruña,T. Helguera,0,0,0,0,0,0,0,0,25,0,0,0,0,1,0
47,13 Sep 2025,,42lc5e4hn5mwbh3lm9jxpzs44,Lluís Bestard Servera,CD Mirandés,RC Deportivo de La Coruña,Fernando Medrano,0,0,0,2,2,0,0,0,27,0,0,0,0,0,0
47,13 Sep 2025,,42lc5e4hn5mwbh3lm9jxpzs44,Lluís Bestard Servera,CD Mirandés,RC Deportivo de La Coruña,Iker Varela,0,0,0,1,0,2,0,1,14,0,0,1,1,1,0
47,13 Sep 2025,,42lc5e4hn5mwbh3lm9jxpzs44,Lluís Bestard Servera,CD Mirandés,RC Deportivo de La Coruña,Iker Córdoba,0,0,0,1,3,1,0,0,48,0,0,0,0,2,0
47,13 Sep 2025,,42lc5e4hn5mwbh3lm9jxpzs44,Lluís Bestard Servera,CD Mirandés,RC Deportivo de La Coruña,Postigo,0,0,0,0,0,1,0,0,43,0,0,1,1,0,0
47,13 Sep 2025,,42lc5e4hn5mwbh3lm9jxpzs44,Lluís Bestard Servera,CD Mirandés,RC Deportivo de La Coruña,Juan Gutiérrez,0,0,0,1,2,0,0,0,46,0,0,0,0,1,1
47,13 Sep 2025,,42lc5e4hn5mwbh3lm9jxpzs44,Lluís Bestard Servera,CD Mirandés,RC Deportivo de La Coruña,Hugo Novoa,0,0,0,5,3,1,0,0,22,0,0,0,0,3,1
47,13 Sep 2025,,42lc5e4hn5mwbh3lm9jxpzs44,Lluís Bestard Servera,CD Mirandés,RC Deportivo de La Coruña,Ismael Barea,0,0,0,2,0,1,0,0,13,0,0,0,0,1,0
47,13 Sep 2025,,42lc5e4hn5mwbh3lm9jxpzs44,Lluís Bestard Servera,CD Mirandés,RC Deportivo de La Coruña,Marino Illescas,0,0,0,1,1,1,0,0,41,0,0,0,0,2,0
47,13 Sep 2025,,42lc5e4hn5mwbh3lm9jxpzs44,Lluís Bestard Servera,CD Mirandés,RC Deportivo de La Coruña,Pablo López,0,0,1,1,0,2,0,0,20,0,0,3,1,0,0
47,13 Sep 2025,,42lc5e4hn5mwbh3lm9jxpzs44,Lluís Bestard Servera,CD Mirandés,RC Deportivo de La Coruña,S. El Jebari,1,0,0,2,0,0,0,0,10,0,0,0,0,0,0
47,13 Sep 2025,,42lc5e4hn5mwbh3lm9jxpzs44,Lluís Bestard Servera,CD Mirandés,RC Deportivo de La Coruña,G. Petit,0,0,0,0,0,0,0,0,4,0,0,0,0,0,0
47,13 Sep 2025,,42lc5e4hn5mwbh3lm9jxpzs44,Lluís Bestard Servera,CD Mirandés,RC Deportivo de La Coruña,Álex Cardero,0,0,0,1,0,0,0,0,3,0,0,0,0,0,0
47,13 Sep 2025,,42lc5e4hn5mwbh3lm9jxpzs44,Lluís Bestard Servera,CD Mirandés,RC Deportivo de La Coruña,Diego Villares,0,0,0,0,2,0,0,0,47,0,0,1,1,2,0
47,13 Sep 2025,,42lc5e4hn5mwbh3lm9jxpzs44,Lluís Bestard Servera,CD Mirandés,RC Deportivo de La Coruña,Luismi Cruz,0,0,1,6,1,5,2,0,27,0,0,2,2,3,0
47,13 Sep 2025,,42lc5e4hn5mwbh3lm9jxpzs44,Lluís Bestard Servera,CD Mirandés,RC Deportivo de La Coruña,Dani Barcia,0,0,0,0,2,0,0,0,58,0,0,0,0,4,0
47,13 Sep 2025,,42lc5e4hn5mwbh3lm9jxpzs44,Lluís Bestard Servera,CD Mirandés,RC Deportivo de La Coruña,David Mella,0,0,0,2,0,0,0,1,24,0,0,3,1,1,0
47,13 Sep 2025,,42lc5e4hn5mwbh3lm9jxpzs44,Lluís Bestard Servera,CD Mirandés,RC Deportivo de La Coruña,Ximo Navarro,0,0,0,0,1,1,0,0,50,0,0,0,0,0,1
47,13 Sep 2025,,42lc5e4hn5mwbh3lm9jxpzs44,Lluís Bestard Servera,CD Mirandés,RC Deportivo de La Coruña,S. Mulattieri,0,4,3,0,1,1,0,0,12,0,0,6,0,1,0
47,13 Sep 2025,,42lc5e4hn5mwbh3lm9jxpzs44,Lluís Bestard Servera,CD Mirandés,RC Deportivo de La Coruña,Yeremay Hernández,0,1,2,1,0,4,0,0,24,0,0,1,0,0,0
47,13 Sep 2025,,42lc5e4hn5mwbh3lm9jxpzs44,Lluís Bestard Servera,CD Mirandés,RC Deportivo de La Coruña,Mario Soriano,3,1,0,0,0,0,0,0,42,0,0,2,0,1,0
47,13 Sep 2025,,42lc5e4hn5mwbh3lm9jxpzs44,Lluís Bestard Servera,CD Mirandés,RC Deportivo de La Coruña,Miguel Loureiro,0,0,0,0,0,0,0,0,59,0,0,1,1,1,0
47,13 Sep 2025,,42lc5e4hn5mwbh3lm9jxpzs44,Lluís Bestard Servera,CD Mirandés,RC Deportivo de La Coruña,Germán Parreño,0,0,0,0,0,0,0,0,34,0,5,0,0,0,0
47,13 Sep 2025,,42lc5e4hn5mwbh3lm9jxpzs44,Lluís Bestard Servera,CD Mirandés,RC Deportivo de La Coruña,G. Quagliata,0,0,0,3,2,1,0,0,17,0,0,1,0,0,1
47,13 Sep 2025,,42lc5e4hn5mwbh3lm9jxpzs44,Lluís Bestard Servera,CD Mirandés,RC Deportivo de La Coruña,Sergio Escudero,1,0,0,0,1,0,0,0,12,0,0,0,0,0,1
47,13 Sep 2025,,42lc5e4hn5mwbh3lm9jxpzs44,Lluís Bestard Servera,CD Mirandés,RC Deportivo de La Coruña,Stoichkov,0,0,0,0,0,1,0,0,7,0,0,0,0,0,0
47,13 Sep 2025,,42lc5e4hn5mwbh3lm9jxpzs44,Lluís Bestard Servera,CD Mirandés,RC Deportivo de La Coruña,Z. Eddahchouri,0,0,0,0,0,0,3,0,4,0,0,4,3,0,0
47,13 Sep 2025,,42lc5e4hn5mwbh3lm9jxpzs44,Lluís Bestard Servera,CD Mirandés,RC Deportivo de La Coruña,L. Noubi,0,0,0,0,0,0,0,0,12,0,0,0,0,0,0
47,13 Sep 2025,,42lc5e4hn5mwbh3lm9jxpzs44,Lluís Bestard Servera,CD Mirandés,RC Deportivo de La Coruña,C. Patino,0,0,0,0,0,0,0,0,18,0,0,1,1,0,0
48,14 Sep 2025,,430sfajj52nwz0t9wdzuhpvro,Sergiu Claudiu Muresan,Real Racing Club,Cultural y Deportiva Leonesa,Manu Hernando,0,0,0,0,0,0,0,0,26,0,0,0,0,0,0
48,14 Sep 2025,,430sfajj52nwz0t9wdzuhpvro,Sergiu Claudiu Muresan,Real Racing Club,Cultural y Deportiva Leonesa,C. Michelin,0,0,4,11,1,1,0,0,35,0,0,2,1,2,0
48,14 Sep 2025,,430sfajj52nwz0t9wdzuhpvro,Sergiu Claudiu Muresan,Real Racing Club,Cultural y Deportiva Leonesa,Jorge Salinas,0,1,2,1,2,1,0,0,77,0,0,1,0,3,0
48,14 Sep 2025,,430sfajj52nwz0t9wdzuhpvro,Sergiu Claudiu Muresan,Real Racing Club,Cultural y Deportiva Leonesa,Iñigo Vicente,0,1,1,5,0,0,0,0,30,0,0,1,0,0,0
48,14 Sep 2025,,430sfajj52nwz0t9wdzuhpvro,Sergiu Claudiu Muresan,Real Racing Club,Cultural y Deportiva Leonesa,Pablo Ramón,0,0,0,1,0,1,0,0,45,0,0,0,0,2,0
48,14 Sep 2025,,430sfajj52nwz0t9wdzuhpvro,Sergiu Claudiu Muresan,Real Racing Club,Cultural y Deportiva Leonesa,Jokin Ezkieta,0,0,0,0,0,0,0,0,24,0,1,0,0,0,0
48,14 Sep 2025,,430sfajj52nwz0t9wdzuhpvro,Sergiu Claudiu Muresan,Real Racing Club,Cultural y Deportiva Leonesa,G. Puerta,0,0,0,2,2,2,0,0,51,0,0,0,0,1,0
48,14 Sep 2025,,430sfajj52nwz0t9wdzuhpvro,Sergiu Claudiu Muresan,Real Racing Club,Cultural y Deportiva Leonesa,Andrés Martín,0,1,3,9,0,0,1,0,30,0,0,3,2,1,0
48,14 Sep 2025,,430sfajj52nwz0t9wdzuhpvro,Sergiu Claudiu Muresan,Real Racing Club,Cultural y Deportiva Leonesa,Peio Canales,0,1,0,1,1,1,1,0,72,0,0,2,1,1,0
48,14 Sep 2025,,430sfajj52nwz0t9wdzuhpvro,Sergiu Claudiu Muresan,Real Racing Club,Cultural y Deportiva Leonesa,Yeray Cabanzón,0,1,0,1,0,0,0,0,10,0,0,2,0,0,0
48,14 Sep 2025,,430sfajj52nwz0t9wdzuhpvro,Sergiu Claudiu Muresan,Real Racing Club,Cultural y Deportiva Leonesa,Asier Villalibre,0,0,1,0,2,2,0,1,9,0,0,3,2,1,0
48,14 Sep 2025,,430sfajj52nwz0t9wdzuhpvro,Sergiu Claudiu Muresan,Real Racing Club,Cultural y Deportiva Leonesa,J. Arévalo,0,1,0,1,0,1,0,0,7,0,0,2,0,2,0
48,14 Sep 2025,,430sfajj52nwz0t9wdzuhpvro,Sergiu Claudiu Muresan,Real Racing Club,Cultural y Deportiva Leonesa,F. González,0,0,0,0,0,0,0,0,29,0,0,0,0,0,0
48,14 Sep 2025,,430sfajj52nwz0t9wdzuhpvro,Sergiu Claudiu Muresan,Real Racing Club,Cultural y Deportiva Leonesa,Marco Sangalli,0,0,0,1,0,3,0,0,26,0,0,1,1,1,0
48,14 Sep 2025,,430sfajj52nwz0t9wdzuhpvro,Sergiu Claudiu Muresan,Real Racing Club,Cultural y Deportiva Leonesa,Javi Castro,0,0,0,0,0,0,0,0,15,0,0,2,0,0,0
48,14 Sep 2025,,430sfajj52nwz0t9wdzuhpvro,Sergiu Claudiu Muresan,Real Racing Club,Cultural y Deportiva Leonesa,S. Camara,0,0,0,3,0,3,0,0,7,0,0,1,1,1,0
48,14 Sep 2025,,430sfajj52nwz0t9wdzuhpvro,Sergiu Claudiu Muresan,Real Racing Club,Cultural y Deportiva Leonesa,Luis Chacón,1,0,0,1,0,1,1,1,34,0,0,3,2,1,0
48,14 Sep 2025,,430sfajj52nwz0t9wdzuhpvro,Sergiu Claudiu Muresan,Real Racing Club,Cultural y Deportiva Leonesa,Rodri Suárez,0,0,0,0,3,0,0,0,33,0,0,0,0,2,0
48,14 Sep 2025,,430sfajj52nwz0t9wdzuhpvro,Sergiu Claudiu Muresan,Real Racing Club,Cultural y Deportiva Leonesa,Roger Hinojo,0,0,0,0,1,0,1,0,28,0,0,2,1,2,0
48,14 Sep 2025,,430sfajj52nwz0t9wdzuhpvro,Sergiu Claudiu Muresan,Real Racing Club,Cultural y Deportiva Leonesa,M. Barzić,0,1,0,0,0,0,0,0,31,0,0,1,0,0,0
48,14 Sep 2025,,430sfajj52nwz0t9wdzuhpvro,Sergiu Claudiu Muresan,Real Racing Club,Cultural y Deportiva Leonesa,Edgar Badia,0,0,0,0,1,0,0,0,26,0,6,0,0,0,1
48,14 Sep 2025,,430sfajj52nwz0t9wdzuhpvro,Sergiu Claudiu Muresan,Real Racing Club,Cultural y Deportiva Leonesa,Bicho,0,0,0,0,1,1,0,0,55,0,0,0,0,5,0
48,14 Sep 2025,,430sfajj52nwz0t9wdzuhpvro,Sergiu Claudiu Muresan,Real Racing Club,Cultural y Deportiva Leonesa,T. Ojeda,0,0,0,0,2,1,0,0,36,0,0,2,0,1,0
48,14 Sep 2025,,430sfajj52nwz0t9wdzuhpvro,Sergiu Claudiu Muresan,Real Racing Club,Cultural y Deportiva Leonesa,Iván Calero,1,0,0,1,0,1,0,0,34,0,0,0,0,4,0
48,14 Sep 2025,,430sfajj52nwz0t9wdzuhpvro,Sergiu Claudiu Muresan,Real Racing Club,Cultural y Deportiva Leonesa,S. Diallo,0,0,0,0,0,0,0,0,32,0,0,0,0,1,0
48,14 Sep 2025,,430sfajj52nwz0t9wdzuhpvro,Sergiu Claudiu Muresan,Real Racing Club,Cultural y Deportiva Leonesa,A. Pastoriza,1,1,0,2,2,1,0,0,17,0,0,1,0,1,1
48,14 Sep 2025,,430sfajj52nwz0t9wdzuhpvro,Sergiu Claudiu Muresan,Real Racing Club,Cultural y Deportiva Leonesa,Rubén Sobrino,1,0,0,1,2,0,1,0,13,0,0,1,1,0,0
48,14 Sep 2025,,430sfajj52nwz0t9wdzuhpvro,Sergiu Claudiu Muresan,Real Racing Club,Cultural y Deportiva Leonesa,Diego Collado,0,0,0,0,1,0,1,1,5,0,0,1,1,2,1
48,14 Sep 2025,,430sfajj52nwz0t9wdzuhpvro,Sergiu Claudiu Muresan,Real Racing Club,Cultural y Deportiva Leonesa,Jordi Mboula,0,0,1,1,1,1,0,0,2,0,0,0,0,0,0
48,14 Sep 2025,,430sfajj52nwz0t9wdzuhpvro,Sergiu Claudiu Muresan,Real Racing Club,Cultural y Deportiva Leonesa,Yayo González,0,0,0,0,0,0,0,0,3,0,0,0,0,0,0
48,14 Sep 2025,,430sfajj52nwz0t9wdzuhpvro,Sergiu Claudiu Muresan,Real Racing Club,Cultural y Deportiva Leonesa,Juan Larios,0,0,0,0,0,0,0,0,5,0,0,0,0,0,0
48,14 Sep 2025,,430sfajj52nwz0t9wdzuhpvro,Sergiu Claudiu Muresan,Real Racing Club,Cultural y Deportiva Leonesa,Quique Fornos,0,0,0,0,1,2,0,0,3,0,0,0,0,0,0
49,13 Sep 2025,,43eb54yo9luhn80a9zwp4g55g,Dámaso Arcediano Monescillo,Real Valladolid CF,UD Almería,S. Jurić,0,0,1,1,6,0,0,0,46,0,0,0,0,5,0
49,13 Sep 2025,,43eb54yo9luhn80a9zwp4g55g,Dámaso Arcediano Monescillo,Real Valladolid CF,UD Almería,Víctor Meseguer,0,0,0,0,1,1,0,0,30,0,0,0,0,1,1
49,13 Sep 2025,,43eb54yo9luhn80a9zwp4g55g,Dámaso Arcediano Monescillo,Real Valladolid CF,UD Almería,Iván Alejo,0,0,2,6,2,4,0,0,29,0,0,0,0,2,1
49,13 Sep 2025,,43eb54yo9luhn80a9zwp4g55g,Dámaso Arcediano Monescillo,Real Valladolid CF,UD Almería,Pablo Tomeo,0,0,0,1,1,0,0,0,22,0,0,0,0,1,0
49,13 Sep 2025,,43eb54yo9luhn80a9zwp4g55g,Dámaso Arcediano Monescillo,Real Valladolid CF,UD Almería,David Torres,0,0,0,0,0,0,0,0,28,0,0,0,0,1,0
49,13 Sep 2025,,43eb54yo9luhn80a9zwp4g55g,Dámaso Arcediano Monescillo,Real Valladolid CF,UD Almería,S. Biuk,0,1,0,8,3,1,0,0,17,0,0,2,1,4,0
49,13 Sep 2025,,43eb54yo9luhn80a9zwp4g55g,Dámaso Arcediano Monescillo,Real Valladolid CF,UD Almería,Guille Bueno,0,1,2,5,0,0,0,0,24,0,0,2,1,0,0
49,13 Sep 2025,,43eb54yo9luhn80a9zwp4g55g,Dámaso Arcediano Monescillo,Real Valladolid CF,UD Almería,J. Ponceau,0,0,0,0,3,1,0,0,27,0,0,0,0,0,0
49,13 Sep 2025,,43eb54yo9luhn80a9zwp4g55g,Dámaso Arcediano Monescillo,Real Valladolid CF,UD Almería,A. Ndiaye,0,0,1,1,2,0,0,0,22,0,0,1,1,2,0
49,13 Sep 2025,,43eb54yo9luhn80a9zwp4g55g,Dámaso Arcediano Monescillo,Real Valladolid CF,UD Almería,Marcos André,0,0,1,0,3,2,1,0,10,0,0,1,1,1,0
49,13 Sep 2025,,43eb54yo9luhn80a9zwp4g55g,Dámaso Arcediano Monescillo,Real Valladolid CF,UD Almería,Guilherme Fernandes,0,0,0,0,1,0,0,0,22,0,2,0,0,0,1
49,13 Sep 2025,,43eb54yo9luhn80a9zwp4g55g,Dámaso Arcediano Monescillo,Real Valladolid CF,UD Almería,P. González,0,0,0,2,1,0,0,0,7,0,0,0,0,0,1
49,13 Sep 2025,,43eb54yo9luhn80a9zwp4g55g,Dámaso Arcediano Monescillo,Real Valladolid CF,UD Almería,Trilli,0,0,0,0,1,0,0,0,5,0,0,0,0,0,0
49,13 Sep 2025,,43eb54yo9luhn80a9zwp4g55g,Dámaso Arcediano Monescillo,Real Valladolid CF,UD Almería,Juanmi Latasa,0,0,1,0,2,2,1,0,4,0,0,3,3,0,1
49,13 Sep 2025,,43eb54yo9luhn80a9zwp4g55g,Dámaso Arcediano Monescillo,Real Valladolid CF,UD Almería,I. Alani,0,0,0,0,1,0,0,0,1,0,0,0,0,0,0
49,13 Sep 2025,,43eb54yo9luhn80a9zwp4g55g,Dámaso Arcediano Monescillo,Real Valladolid CF,UD Almería,Mario Maroto,0,0,0,0,1,1,1,0,3,0,0,2,1,0,0
49,13 Sep 2025,,43eb54yo9luhn80a9zwp4g55g,Dámaso Arcediano Monescillo,Real Valladolid CF,UD Almería,Sergio Arribas,0,0,0,2,0,6,1,0,60,0,0,1,1,1,0
49,13 Sep 2025,,43eb54yo9luhn80a9zwp4g55g,Dámaso Arcediano Monescillo,Real Valladolid CF,UD Almería,S. Džodić,0,0,0,1,2,3,0,0,44,0,0,0,0,3,1
49,13 Sep 2025,,43eb54yo9luhn80a9zwp4g55g,Dámaso Arcediano Monescillo,Real Valladolid CF,UD Almería,Gui,0,0,0,0,1,1,0,1,19,0,0,0,0,1,1
49,13 Sep 2025,,43eb54yo9luhn80a9zwp4g55g,Dámaso Arcediano Monescillo,Real Valladolid CF,UD Almería,Álex Muñoz,0,0,0,1,2,3,0,0,44,0,0,1,0,3,0
49,13 Sep 2025,,43eb54yo9luhn80a9zwp4g55g,Dámaso Arcediano Monescillo,Real Valladolid CF,UD Almería,Nico Melamed,0,2,0,0,1,5,0,0,29,0,0,4,1,0,0
49,13 Sep 2025,,43eb54yo9luhn80a9zwp4g55g,Dámaso Arcediano Monescillo,Real Valladolid CF,UD Almería,Adri Embarba,0,0,0,1,0,3,0,0,23,0,0,2,1,3,0
49,13 Sep 2025,,43eb54yo9luhn80a9zwp4g55g,Dámaso Arcediano Monescillo,Real Valladolid CF,UD Almería,D. Chirino,0,0,0,1,0,1,0,0,38,0,0,0,0,0,0
49,13 Sep 2025,,43eb54yo9luhn80a9zwp4g55g,Dámaso Arcediano Monescillo,Real Valladolid CF,UD Almería,Nélson Monte,0,0,1,0,1,1,0,0,40,0,0,1,0,0,1
49,13 Sep 2025,,43eb54yo9luhn80a9zwp4g55g,Dámaso Arcediano Monescillo,Real Valladolid CF,UD Almería,Andrés Fernández,0,0,0,0,0,0,0,0,29,0,5,0,0,0,0
49,13 Sep 2025,,43eb54yo9luhn80a9zwp4g55g,Dámaso Arcediano Monescillo,Real Valladolid CF,UD Almería,F. Bonini,0,0,0,0,2,0,0,0,51,0,0,0,0,0,1
49,13 Sep 2025,,43eb54yo9luhn80a9zwp4g55g,Dámaso Arcediano Monescillo,Real Valladolid CF,UD Almería,Léo Baptistão,0,0,0,0,2,1,0,0,18,0,0,1,0,1,1
49,13 Sep 2025,,43eb54yo9luhn80a9zwp4g55g,Dámaso Arcediano Monescillo,Real Valladolid CF,UD Almería,André Horta,0,1,0,1,0,1,0,0,31,0,0,1,0,1,0
49,13 Sep 2025,,43eb54yo9luhn80a9zwp4g55g,Dámaso Arcediano Monescillo,Real Valladolid CF,UD Almería,Arnau Puigmal,0,1,2,4,1,0,0,0,10,0,0,2,0,0,0
49,13 Sep 2025,,43eb54yo9luhn80a9zwp4g55g,Dámaso Arcediano Monescillo,Real Valladolid CF,UD Almería,Marcos Luna,0,0,0,1,0,0,0,1,13,0,0,0,0,0,0
49,13 Sep 2025,,43eb54yo9luhn80a9zwp4g55g,Dámaso Arcediano Monescillo,Real Valladolid CF,UD Almería,Thalys,0,0,0,0,0,1,0,0,4,0,0,1,0,0,0
49,13 Sep 2025,,43eb54yo9luhn80a9zwp4g55g,Dámaso Arcediano Monescillo,Real Valladolid CF,UD Almería,Aridane Hernández,0,0,0,0,1,1,0,0,13,0,0,0,0,0,0
50,13 Sep 2025,,43s39k3x4ep7cewdvyoee70us,Eder Mallo Fernández,Cádiz CF,SD Eibar,Iza Carcelén,0,0,1,2,2,1,0,0,31,0,0,1,0,7,1
50,13 Sep 2025,,43s39k3x4ep7cewdvyoee70us,Eder Mallo Fernández,Cádiz CF,SD Eibar,B. Kovačević,0,0,0,0,0,0,0,0,46,0,0,0,0,0,0
50,13 Sep 2025,,43s39k3x4ep7cewdvyoee70us,Eder Mallo Fernández,Cádiz CF,SD Eibar,Y. Diarra,1,0,0,1,2,1,0,0,21,0,0,1,1,1,0
50,13 Sep 2025,,43s39k3x4ep7cewdvyoee70us,Eder Mallo Fernández,Cádiz CF,SD Eibar,Suso,0,2,1,9,0,0,1,0,30,0,0,4,2,1,0
50,13 Sep 2025,,43s39k3x4ep7cewdvyoee70us,Eder Mallo Fernández,Cádiz CF,SD Eibar,Mario Climent,0,0,0,1,1,0,0,0,33,0,0,0,0,1,0
50,13 Sep 2025,,43s39k3x4ep7cewdvyoee70us,Eder Mallo Fernández,Cádiz CF,SD Eibar,Victor Aznar,0,0,0,0,0,0,0,0,37,0,4,0,0,0,0
50,13 Sep 2025,,43s39k3x4ep7cewdvyoee70us,Eder Mallo Fernández,Cádiz CF,SD Eibar,Iker Recio,0,0,0,0,1,2,0,0,54,0,0,0,0,2,0
50,13 Sep 2025,,43s39k3x4ep7cewdvyoee70us,Eder Mallo Fernández,Cádiz CF,SD Eibar,M. Diakité,0,0,0,0,0,1,0,0,35,0,0,0,0,3,0
50,13 Sep 2025,,43s39k3x4ep7cewdvyoee70us,Eder Mallo Fernández,Cádiz CF,SD Eibar,Sergio Ortuño,0,0,0,0,1,0,0,0,40,0,0,0,0,4,0
50,13 Sep 2025,,43s39k3x4ep7cewdvyoee70us,Eder Mallo Fernández,Cádiz CF,SD Eibar,I. Tabatadze,0,2,0,3,2,2,0,0,10,0,0,3,0,2,0
50,13 Sep 2025,,43s39k3x4ep7cewdvyoee70us,Eder Mallo Fernández,Cádiz CF,SD Eibar,Álvaro García Pascual,0,0,1,0,2,3,0,0,11,0,0,1,1,0,1
50,13 Sep 2025,,43s39k3x4ep7cewdvyoee70us,Eder Mallo Fernández,Cádiz CF,SD Eibar,D. Camara,0,0,0,0,4,0,0,0,8,0,0,2,0,0,0
50,13 Sep 2025,,43s39k3x4ep7cewdvyoee70us,Eder Mallo Fernández,Cádiz CF,SD Eibar,E. Ugiagbe,0,0,2,1,0,1,0,0,3,0,0,0,0,0,0
50,13 Sep 2025,,43s39k3x4ep7cewdvyoee70us,Eder Mallo Fernández,Cádiz CF,SD Eibar,Álex Fernández,0,0,0,0,0,1,0,0,4,0,0,0,0,0,0
50,13 Sep 2025,,43s39k3x4ep7cewdvyoee70us,Eder Mallo Fernández,Cádiz CF,SD Eibar,Jorge Moreno,0,0,0,0,0,0,0,0,0,0,0,0,0,0,0
50,13 Sep 2025,,43s39k3x4ep7cewdvyoee70us,Eder Mallo Fernández,Cádiz CF,SD Eibar,Jon Magunazelaia,0,0,0,0,3,2,0,0,29,0,0,1,0,0,0
50,13 Sep 2025,,43s39k3x4ep7cewdvyoee70us,Eder Mallo Fernández,Cádiz CF,SD Eibar,Aleix Garrido,0,0,0,5,0,1,0,0,84,0,0,1,0,3,0
50,13 Sep 2025,,43s39k3x4ep7cewdvyoee70us,Eder Mallo Fernández,Cádiz CF,SD Eibar,Lander Olaetxea,0,1,0,1,3,2,0,0,51,0,0,1,0,4,0
50,13 Sep 2025,,43s39k3x4ep7cewdvyoee70us,Eder Mallo Fernández,Cádiz CF,SD Eibar,Marco Moreno,0,0,0,0,1,3,0,0,61,0,0,1,0,0,0
50,13 Sep 2025,,43s39k3x4ep7cewdvyoee70us,Eder Mallo Fernández,Cádiz CF,SD Eibar,Adu Ares,0,1,0,0,1,1,0,0,24,0,0,2,1,1,0
50,13 Sep 2025,,43s39k3x4ep7cewdvyoee70us,Eder Mallo Fernández,Cádiz CF,SD Eibar,Hodei Arrillaga,0,0,0,1,0,0,0,0,41,0,0,1,0,1,0
50,13 Sep 2025,,43s39k3x4ep7cewdvyoee70us,Eder Mallo Fernández,Cádiz CF,SD Eibar,Álvaro Rodríguez,0,0,2,6,1,1,0,0,29,0,0,0,0,2,1
50,13 Sep 2025,,43s39k3x4ep7cewdvyoee70us,Eder Mallo Fernández,Cádiz CF,SD Eibar,José Corpas,0,0,1,1,0,2,0,0,31,0,0,2,1,0,0
50,13 Sep 2025,,43s39k3x4ep7cewdvyoee70us,Eder Mallo Fernández,Cádiz CF,SD Eibar,Jon Guruzeta,0,0,1,0,0,1,0,0,28,0,0,1,0,1,0
50,13 Sep 2025,,43s39k3x4ep7cewdvyoee70us,Eder Mallo Fernández,Cádiz CF,SD Eibar,Aritz Arambarri,0,1,0,0,1,0,0,0,60,0,0,2,0,1,0
50,13 Sep 2025,,43s39k3x4ep7cewdvyoee70us,Eder Mallo Fernández,Cádiz CF,SD Eibar,Jonmi Magunagoitia,0,0,0,0,0,0,0,0,28,0,3,0,0,0,0
50,13 Sep 2025,,43s39k3x4ep7cewdvyoee70us,Eder Mallo Fernández,Cádiz CF,SD Eibar,Xeber Alkain,0,1,0,0,0,0,0,0,4,0,0,2,0,0,0
50,13 Sep 2025,,43s39k3x4ep7cewdvyoee70us,Eder Mallo Fernández,Cádiz CF,SD Eibar,Sergio Cubero,0,0,0,3,1,0,0,0,12,0,0,0,0,0,0
50,13 Sep 2025,,43s39k3x4ep7cewdvyoee70us,Eder Mallo Fernández,Cádiz CF,SD Eibar,Jon Bautista,0,0,1,0,0,0,0,0,2,0,0,3,2,0,0
50,13 Sep 2025,,43s39k3x4ep7cewdvyoee70us,Eder Mallo Fernández,Cádiz CF,SD Eibar,Javi Martínez,0,0,0,0,0,0,0,0,10,0,0,0,0,1,0
50,13 Sep 2025,,43s39k3x4ep7cewdvyoee70us,Eder Mallo Fernández,Cádiz CF,SD Eibar,Leonardo Buta,0,0,0,0,1,1,0,0,9,0,0,0,0,1,1
50,13 Sep 2025,,43s39k3x4ep7cewdvyoee70us,Eder Mallo Fernández,Cádiz CF,SD Eibar,Peru Nolaskoain,0,0,0,0,0,0,0,0,0,0,0,0,0,0,1
51,14 Sep 2025,,445vsmx0i8ttjztqc89mcvpck,Álvaro Moreno Aragón,CD Castellón,AD Ceuta FC,A. Sienra,0,0,0,0,1,1,1,1,46,0,0,2,1,0,0
51,14 Sep 2025,,445vsmx0i8ttjztqc89mcvpck,Álvaro Moreno Aragón,CD Castellón,AD Ceuta FC,B. Cipenga,1,0,2,13,1,2,0,0,21,0,0,1,0,4,0
51,14 Sep 2025,,445vsmx0i8ttjztqc89mcvpck,Álvaro Moreno Aragón,CD Castellón,AD Ceuta FC,Salva Ruiz,0,0,0,2,1,0,0,0,30,0,0,0,0,1,0
51,14 Sep 2025,,445vsmx0i8ttjztqc89mcvpck,Álvaro Moreno Aragón,CD Castellón,AD Ceuta FC,Pablo Santiago,0,0,0,0,1,1,0,0,20,0,0,0,0,1,1
51,14 Sep 2025,,445vsmx0i8ttjztqc89mcvpck,Álvaro Moreno Aragón,CD Castellón,AD Ceuta FC,J. Mellot,0,0,0,1,0,1,0,0,67,0,0,0,0,2,0
51,14 Sep 2025,,445vsmx0i8ttjztqc89mcvpck,Álvaro Moreno Aragón,CD Castellón,AD Ceuta FC,A. Mabil,0,1,0,3,0,1,0,0,16,0,0,2,1,2,0
51,14 Sep 2025,,445vsmx0i8ttjztqc89mcvpck,Álvaro Moreno Aragón,CD Castellón,AD Ceuta FC,R. Matthys,0,0,0,0,0,0,0,0,23,0,1,0,0,0,0
51,14 Sep 2025,,445vsmx0i8ttjztqc89mcvpck,Álvaro Moreno Aragón,CD Castellón,AD Ceuta FC,F. Brignani,0,1,0,0,1,0,0,0,25,0,0,1,0,0,1
51,14 Sep 2025,,445vsmx0i8ttjztqc89mcvpck,Álvaro Moreno Aragón,CD Castellón,AD Ceuta FC,Barri,1,0,1,1,1,1,0,0,27,0,0,0,0,4,0
51,14 Sep 2025,,445vsmx0i8ttjztqc89mcvpck,Álvaro Moreno Aragón,CD Castellón,AD Ceuta FC,Cala,0,1,1,3,2,2,1,0,43,0,0,3,2,1,0
51,14 Sep 2025,,445vsmx0i8ttjztqc89mcvpck,Álvaro Moreno Aragón,CD Castellón,AD Ceuta FC,A. Jakobsen,0,0,0,2,0,1,0,0,13,0,0,1,0,2,0
51,14 Sep 2025,,445vsmx0i8ttjztqc89mcvpck,Álvaro Moreno Aragón,CD Castellón,AD Ceuta FC,M. Doué,0,0,0,1,1,0,0,0,23,0,0,0,0,2,1
51,14 Sep 2025,,445vsmx0i8ttjztqc89mcvpck,Álvaro Moreno Aragón,CD Castellón,AD Ceuta FC,Israel Suero,0,0,1,4,1,0,1,0,22,0,0,2,2,0,0
51,14 Sep 2025,,445vsmx0i8ttjztqc89mcvpck,Álvaro Moreno Aragón,CD Castellón,AD Ceuta FC,Serpeta,0,0,1,3,0,0,0,0,9,0,0,0,0,0,0
51,14 Sep 2025,,445vsmx0i8ttjztqc89mcvpck,Álvaro Moreno Aragón,CD Castellón,AD Ceuta FC,N. Markanich,0,0,4,0,0,1,0,0,2,0,0,3,1,0,0
51,14 Sep 2025,,445vsmx0i8ttjztqc89mcvpck,Álvaro Moreno Aragón,CD Castellón,AD Ceuta FC,Tincho Conde,0,0,0,2,1,0,0,0,9,0,0,0,0,0,0
51,14 Sep 2025,,445vsmx0i8ttjztqc89mcvpck,Álvaro Moreno Aragón,CD Castellón,AD Ceuta FC,Marcos Fernández,0,1,0,0,1,2,2,0,14,0,0,4,3,2,1
51,14 Sep 2025,,445vsmx0i8ttjztqc89mcvpck,Álvaro Moreno Aragón,CD Castellón,AD Ceuta FC,Yago Cantero,0,0,0,0,2,0,0,0,40,1,0,0,0,3,2
51,14 Sep 2025,,445vsmx0i8ttjztqc89mcvpck,Álvaro Moreno Aragón,CD Castellón,AD Ceuta FC,Capa,0,0,1,1,1,0,0,1,13,0,0,0,0,4,1
51,14 Sep 2025,,445vsmx0i8ttjztqc89mcvpck,Álvaro Moreno Aragón,CD Castellón,AD Ceuta FC,Y. Lachhab,0,0,0,0,0,0,0,0,39,0,0,1,0,2,0
51,14 Sep 2025,,445vsmx0i8ttjztqc89mcvpck,Álvaro Moreno Aragón,CD Castellón,AD Ceuta FC,Aisar,1,0,2,3,2,0,0,0,13,0,0,1,0,2,0
51,14 Sep 2025,,445vsmx0i8ttjztqc89mcvpck,Álvaro Moreno Aragón,CD Castellón,AD Ceuta FC,Guille Vallejo,0,0,0,0,0,0,0,0,33,0,4,0,0,1,0
51,14 Sep 2025,,445vsmx0i8ttjztqc89mcvpck,Álvaro Moreno Aragón,CD Castellón,AD Ceuta FC,Carlos Hernández,0,0,0,0,0,0,0,1,20,0,0,0,0,2,0
51,14 Sep 2025,,445vsmx0i8ttjztqc89mcvpck,Álvaro Moreno Aragón,CD Castellón,AD Ceuta FC,Kuki Zalazar,0,2,1,5,3,2,0,0,22,0,0,2,0,0,0
51,14 Sep 2025,,445vsmx0i8ttjztqc89mcvpck,Álvaro Moreno Aragón,CD Castellón,AD Ceuta FC,K. Koné,0,0,1,3,0,0,0,0,14,0,0,0,0,1,0
51,14 Sep 2025,,445vsmx0i8ttjztqc89mcvpck,Álvaro Moreno Aragón,CD Castellón,AD Ceuta FC,José Matos,0,0,0,2,0,2,1,1,20,0,0,1,1,0,0
51,14 Sep 2025,,445vsmx0i8ttjztqc89mcvpck,Álvaro Moreno Aragón,CD Castellón,AD Ceuta FC,Rubén Díez,1,0,0,4,0,0,0,0,22,0,0,0,0,1,0
51,14 Sep 2025,,445vsmx0i8ttjztqc89mcvpck,Álvaro Moreno Aragón,CD Castellón,AD Ceuta FC,A. Tuhami,0,0,0,0,2,4,0,0,6,0,0,1,1,2,0
51,14 Sep 2025,,445vsmx0i8ttjztqc89mcvpck,Álvaro Moreno Aragón,CD Castellón,AD Ceuta FC,Y. Bodiger,0,0,0,0,0,0,0,0,4,0,0,0,0,0,0
51,14 Sep 2025,,445vsmx0i8ttjztqc89mcvpck,Álvaro Moreno Aragón,CD Castellón,AD Ceuta FC,Diego González,0,0,0,0,0,0,0,0,0,0,0,0,0,0,0
51,14 Sep 2025,,445vsmx0i8ttjztqc89mcvpck,Álvaro Moreno Aragón,CD Castellón,AD Ceuta FC,S. Obeng,0,0,1,0,1,0,0,0,3,0,0,0,0,0,1
51,14 Sep 2025,,445vsmx0i8ttjztqc89mcvpck,Álvaro Moreno Aragón,CD Castellón,AD Ceuta FC,Gonzalo Almenara,0,0,0,0,0,0,0,0,0,0,0,0,0,0,0
52,14 Sep 2025,,44joi87uqfofdohgxbbp9j6s4,Andrés Fuentes Molina,Granada CF,CD Leganés,Pablo Sáenz,0,0,1,4,1,1,0,0,20,0,0,2,1,2,0
52,14 Sep 2025,,44joi87uqfofdohgxbbp9j6s4,Andrés Fuentes Molina,Granada CF,CD Leganés,Loïc Williams,0,0,0,0,1,2,0,0,63,0,0,1,1,0,0
52,14 Sep 2025,,44joi87uqfofdohgxbbp9j6s4,Andrés Fuentes Molina,Granada CF,CD Leganés,Jorge Pascual,0,0,1,0,1,3,0,0,13,0,0,0,0,1,0
52,14 Sep 2025,,44joi87uqfofdohgxbbp9j6s4,Andrés Fuentes Molina,Granada CF,CD Leganés,Pau Casadesús,0,0,1,0,0,0,0,1,14,0,0,2,1,0,0
52,14 Sep 2025,,44joi87uqfofdohgxbbp9j6s4,Andrés Fuentes Molina,Granada CF,CD Leganés,O. Oppong,0,0,0,0,1,0,0,0,37,0,0,0,0,0,1
52,14 Sep 2025,,44joi87uqfofdohgxbbp9j6s4,Andrés Fuentes Molina,Granada CF,CD Leganés,Álex Sola,0,0,0,3,2,3,0,0,20,0,0,2,1,1,0
52,14 Sep 2025,,44joi87uqfofdohgxbbp9j6s4,Andrés Fuentes Molina,Granada CF,CD Leganés,Manu Lama,0,0,0,0,2,2,0,0,32,0,0,0,0,1,1
52,14 Sep 2025,,44joi87uqfofdohgxbbp9j6s4,Andrés Fuentes Molina,Granada CF,CD Leganés,Sergio Ruiz,0,0,0,1,0,2,0,0,27,0,0,0,0,0,0
52,14 Sep 2025,,44joi87uqfofdohgxbbp9j6s4,Andrés Fuentes Molina,Granada CF,CD Leganés,S. Faye,0,0,0,2,1,2,0,0,15,0,0,1,0,2,0
52,14 Sep 2025,,44joi87uqfofdohgxbbp9j6s4,Andrés Fuentes Molina,Granada CF,CD Leganés,Pedro Alemañ,0,0,1,1,0,1,0,0,18,0,0,0,0,2,0
52,14 Sep 2025,,44joi87uqfofdohgxbbp9j6s4,Andrés Fuentes Molina,Granada CF,CD Leganés,Ander Astralaga,0,0,0,0,0,0,0,0,30,0,1,0,0,0,0
52,14 Sep 2025,,44joi87uqfofdohgxbbp9j6s4,Andrés Fuentes Molina,Granada CF,CD Leganés,José Arnáiz,0,0,0,3,1,1,0,0,11,0,0,2,0,1,0
52,14 Sep 2025,,44joi87uqfofdohgxbbp9j6s4,Andrés Fuentes Molina,Granada CF,CD Leganés,Rubén Alcaraz,0,0,0,0,1,0,0,0,22,0,0,0,0,0,0
52,14 Sep 2025,,44joi87uqfofdohgxbbp9j6s4,Andrés Fuentes Molina,Granada CF,CD Leganés,Sergio Rodelas,0,0,0,5,0,0,0,0,15,0,0,1,0,0,0
52,14 Sep 2025,,44joi87uqfofdohgxbbp9j6s4,Andrés Fuentes Molina,Granada CF,CD Leganés,Samu Cortés,0,0,0,0,0,1,0,0,4,0,0,1,0,0,0
52,14 Sep 2025,,44joi87uqfofdohgxbbp9j6s4,Andrés Fuentes Molina,Granada CF,CD Leganés,L. Gagnidze,0,1,1,0,1,0,0,0,14,0,0,1,0,0,0
52,14 Sep 2025,,44joi87uqfofdohgxbbp9j6s4,Andrés Fuentes Molina,Granada CF,CD Leganés,S. Cissé,1,0,0,1,1,1,0,0,29,0,0,1,1,2,0
52,14 Sep 2025,,44joi87uqfofdohgxbbp9j6s4,Andrés Fuentes Molina,Granada CF,CD Leganés,Naim García,0,0,1,6,0,1,0,0,12,0,0,0,0,2,0
52,14 Sep 2025,,44joi87uqfofdohgxbbp9j6s4,Andrés Fuentes Molina,Granada CF,CD Leganés,Marvel,0,0,0,0,1,2,0,0,38,0,0,0,0,1,1
52,14 Sep 2025,,44joi87uqfofdohgxbbp9j6s4,Andrés Fuentes Molina,Granada CF,CD Leganés,Juan Soriano,0,0,0,0,0,0,0,0,39,0,3,0,0,0,0
52,14 Sep 2025,,44joi87uqfofdohgxbbp9j6s4,Andrés Fuentes Molina,Granada CF,CD Leganés,Lalo Aguilar,0,0,0,0,1,1,0,0,35,0,0,0,0,2,0
52,14 Sep 2025,,44joi87uqfofdohgxbbp9j6s4,Andrés Fuentes Molina,Granada CF,CD Leganés,Gonzalo Melero,0,0,0,0,2,0,0,0,20,0,0,1,0,1,0
52,14 Sep 2025,,44joi87uqfofdohgxbbp9j6s4,Andrés Fuentes Molina,Granada CF,CD Leganés,Diego García,0,0,0,0,2,1,1,2,10,0,0,1,1,0,0
52,14 Sep 2025,,44joi87uqfofdohgxbbp9j6s4,Andrés Fuentes Molina,Granada CF,CD Leganés,Jorge Sáenz,0,0,0,0,3,0,0,0,53,0,0,0,0,5,0
52,14 Sep 2025,,44joi87uqfofdohgxbbp9j6s4,Andrés Fuentes Molina,Granada CF,CD Leganés,A. Diawara,0,0,0,0,2,0,0,0,40,0,0,0,0,2,0
52,14 Sep 2025,,44joi87uqfofdohgxbbp9j6s4,Andrés Fuentes Molina,Granada CF,CD Leganés,Juan Cruz,0,0,0,0,1,0,0,0,16,0,0,0,0,0,1
52,14 Sep 2025,,44joi87uqfofdohgxbbp9j6s4,Andrés Fuentes Molina,Granada CF,CD Leganés,Duk,0,0,0,3,2,2,0,0,10,0,0,0,0,3,1
52,14 Sep 2025,,44joi87uqfofdohgxbbp9j6s4,Andrés Fuentes Molina,Granada CF,CD Leganés,Miguel de la Fuente,0,0,0,0,1,1,0,0,6,0,0,0,0,0,0
52,14 Sep 2025,,44joi87uqfofdohgxbbp9j6s4,Andrés Fuentes Molina,Granada CF,CD Leganés,Roberto López,0,0,0,0,0,0,1,0,7,0,0,2,1,1,0
52,14 Sep 2025,,44joi87uqfofdohgxbbp9j6s4,Andrés Fuentes Molina,Granada CF,CD Leganés,Álex Millán,0,0,0,0,1,1,0,0,3,0,0,0,0,0,0
52,14 Sep 2025,,44joi87uqfofdohgxbbp9j6s4,Andrés Fuentes Molina,Granada CF,CD Leganés,Andrés Campos,0,0,0,0,1,1,0,0,5,0,0,0,0,0,0
52,14 Sep 2025,,44joi87uqfofdohgxbbp9j6s4,Andrés Fuentes Molina,Granada CF,CD Leganés,S. Imigene,0,0,0,0,0,0,0,0,1,0,0,0,0,0,0
53,13 Sep 2025,,44xhbivi5df1kosstd0yqadqs,Gorka Etayo Herrera,SD Huesca,Málaga CF,Jesús Álvarez,0,0,0,0,1,0,0,0,42,0,0,1,0,2,0
53,13 Sep 2025,,44xhbivi5df1kosstd0yqadqs,Gorka Etayo Herrera,SD Huesca,Málaga CF,Sergio Arribas,0,0,0,0,3,0,0,0,40,0,0,0,0,4,0
53,13 Sep 2025,,44xhbivi5df1kosstd0yqadqs,Gorka Etayo Herrera,SD Huesca,Málaga CF,Iker Kortajarena,0,1,1,0,2,2,0,0,38,0,0,3,1,1,1
53,13 Sep 2025,,44xhbivi5df1kosstd0yqadqs,Gorka Etayo Herrera,SD Huesca,Málaga CF,Jorge Pulido,0,0,0,0,2,1,0,1,35,0,0,0,0,1,0
53,13 Sep 2025,,44xhbivi5df1kosstd0yqadqs,Gorka Etayo Herrera,SD Huesca,Málaga CF,Iñigo Piña,0,0,0,0,5,0,0,0,23,0,0,1,0,0,1
53,13 Sep 2025,,44xhbivi5df1kosstd0yqadqs,Gorka Etayo Herrera,SD Huesca,Málaga CF,Dani Jiménez,0,0,0,0,0,0,0,0,24,0,3,0,0,0,0
53,13 Sep 2025,,44xhbivi5df1kosstd0yqadqs,Gorka Etayo Herrera,SD Huesca,Málaga CF,Enol Rodríguez,0,0,0,0,0,0,0,0,19,0,0,3,0,0,0
53,13 Sep 2025,,44xhbivi5df1kosstd0yqadqs,Gorka Etayo Herrera,SD Huesca,Málaga CF,Ángel Pérez,0,1,3,2,0,1,0,0,22,0,0,2,1,1,0
53,13 Sep 2025,,44xhbivi5df1kosstd0yqadqs,Gorka Etayo Herrera,SD Huesca,Málaga CF,Portillo,0,0,0,4,0,3,0,1,33,0,0,0,0,0,0
53,13 Sep 2025,,44xhbivi5df1kosstd0yqadqs,Gorka Etayo Herrera,SD Huesca,Málaga CF,D. Luna,0,0,0,3,2,1,0,1,10,0,0,0,0,0,0
53,13 Sep 2025,,44xhbivi5df1kosstd0yqadqs,Gorka Etayo Herrera,SD Huesca,Málaga CF,Julio Alonso,0,0,0,3,1,2,0,0,32,0,0,0,0,3,1
53,13 Sep 2025,,44xhbivi5df1kosstd0yqadqs,Gorka Etayo Herrera,SD Huesca,Málaga CF,Óscar Sielva,0,0,0,1,0,0,0,0,10,0,0,0,0,1,0
53,13 Sep 2025,,44xhbivi5df1kosstd0yqadqs,Gorka Etayo Herrera,SD Huesca,Málaga CF,Álvaro Carrillo,0,0,0,1,0,0,0,0,7,0,0,0,0,3,0
53,13 Sep 2025,,44xhbivi5df1kosstd0yqadqs,Gorka Etayo Herrera,SD Huesca,Málaga CF,Liberto Beltrán,0,0,0,1,1,0,1,0,6,0,0,1,1,0,1
53,13 Sep 2025,,44xhbivi5df1kosstd0yqadqs,Gorka Etayo Herrera,SD Huesca,Málaga CF,Manu Rico,0,0,0,0,0,1,0,0,9,0,0,0,0,1,0
53,13 Sep 2025,,44xhbivi5df1kosstd0yqadqs,Gorka Etayo Herrera,SD Huesca,Málaga CF,S. Ntamack,0,1,0,0,0,0,0,0,0,0,0,1,0,0,0
53,13 Sep 2025,,44xhbivi5df1kosstd0yqadqs,Gorka Etayo Herrera,SD Huesca,Málaga CF,David Larrubia,0,0,1,3,1,2,0,0,19,0,0,1,1,2,0
53,13 Sep 2025,,44xhbivi5df1kosstd0yqadqs,Gorka Etayo Herrera,SD Huesca,Málaga CF,Alfonso Herrero,0,0,0,0,0,0,0,0,26,0,2,0,0,0,0
53,13 Sep 2025,,44xhbivi5df1kosstd0yqadqs,Gorka Etayo Herrera,SD Huesca,Málaga CF,Chupe,0,0,1,0,1,1,0,0,10,0,0,0,0,0,0
53,13 Sep 2025,,44xhbivi5df1kosstd0yqadqs,Gorka Etayo Herrera,SD Huesca,Málaga CF,Diego Murillo,0,0,0,0,2,1,0,0,44,0,0,0,0,4,1
53,13 Sep 2025,,44xhbivi5df1kosstd0yqadqs,Gorka Etayo Herrera,SD Huesca,Málaga CF,Julen Lobete,0,0,0,1,0,5,0,0,6,0,0,2,0,0,0
53,13 Sep 2025,,44xhbivi5df1kosstd0yqadqs,Gorka Etayo Herrera,SD Huesca,Málaga CF,Juanpe,0,0,0,0,2,0,0,0,44,0,0,1,1,2,0
53,13 Sep 2025,,44xhbivi5df1kosstd0yqadqs,Gorka Etayo Herrera,SD Huesca,Málaga CF,Víctor García,0,0,1,7,0,1,0,0,37,0,0,0,0,5,0
53,13 Sep 2025,,44xhbivi5df1kosstd0yqadqs,Gorka Etayo Herrera,SD Huesca,Málaga CF,Javi Montero,0,0,0,0,1,1,0,0,61,0,0,0,0,1,0
53,13 Sep 2025,,44xhbivi5df1kosstd0yqadqs,Gorka Etayo Herrera,SD Huesca,Málaga CF,Carlos Dotor,0,0,0,1,0,3,0,0,19,0,0,1,0,2,0
53,13 Sep 2025,,44xhbivi5df1kosstd0yqadqs,Gorka Etayo Herrera,SD Huesca,Málaga CF,Joaquín Muñoz,0,0,0,1,2,1,0,0,16,0,0,1,0,0,1
53,13 Sep 2025,,44xhbivi5df1kosstd0yqadqs,Gorka Etayo Herrera,SD Huesca,Málaga CF,Ángel Recio,0,0,0,0,0,1,0,0,46,0,0,0,0,1,0
53,13 Sep 2025,,44xhbivi5df1kosstd0yqadqs,Gorka Etayo Herrera,SD Huesca,Málaga CF,D. Brašanac,0,0,0,0,1,1,0,1,20,0,0,0,0,2,0
53,13 Sep 2025,,44xhbivi5df1kosstd0yqadqs,Gorka Etayo Herrera,SD Huesca,Málaga CF,Dani Lorenzo,0,0,0,0,0,0,0,0,17,0,0,0,0,0,0
53,13 Sep 2025,,44xhbivi5df1kosstd0yqadqs,Gorka Etayo Herrera,SD Huesca,Málaga CF,Adrián Niño,0,0,0,0,1,0,0,0,4,0,0,0,0,0,0
53,13 Sep 2025,,44xhbivi5df1kosstd0yqadqs,Gorka Etayo Herrera,SD Huesca,Málaga CF,Rafa Rodríguez,0,0,0,0,0,0,0,0,9,0,0,1,1,0,0
53,13 Sep 2025,,44xhbivi5df1kosstd0yqadqs,Gorka Etayo Herrera,SD Huesca,Málaga CF,Eneko Jauregi,0,0,0,0,0,0,0,0,1,0,0,0,0,0,0
54,12 Sep 2025,,45b9jnsx8ud6ogfe1ykj48wes,Germán Cid Camacho,UD Las Palmas,Real Sociedad de Fútbol,Mika Mármol,0,0,0,0,1,2,0,0,77,0,0,0,0,1,0
54,12 Sep 2025,,45b9jnsx8ud6ogfe1ykj48wes,Germán Cid Camacho,UD Las Palmas,Real Sociedad de Fútbol,L. Amatucci,0,0,1,0,2,6,0,0,62,0,0,2,1,5,0
54,12 Sep 2025,,45b9jnsx8ud6ogfe1ykj48wes,Germán Cid Camacho,UD Las Palmas,Real Sociedad de Fútbol,M. Luković,0,1,0,1,2,0,0,0,13,0,0,3,0,1,0
54,12 Sep 2025,,45b9jnsx8ud6ogfe1ykj48wes,Germán Cid Camacho,UD Las Palmas,Real Sociedad de Fútbol,E. Loiodice,0,1,1,0,1,1,0,0,63,0,0,2,0,2,0
54,12 Sep 2025,,45b9jnsx8ud6ogfe1ykj48wes,Germán Cid Camacho,UD Las Palmas,Real Sociedad de Fútbol,Pejiño,1,0,0,4,2,2,0,1,24,0,0,1,1,1,1
54,12 Sep 2025,,45b9jnsx8ud6ogfe1ykj48wes,Germán Cid Camacho,UD Las Palmas,Real Sociedad de Fútbol,Iván Gil,0,1,0,3,0,2,2,0,29,0,0,4,2,1,0
54,12 Sep 2025,,45b9jnsx8ud6ogfe1ykj48wes,Germán Cid Camacho,UD Las Palmas,Real Sociedad de Fútbol,Enrique Clemente,0,0,0,1,1,1,0,0,49,0,0,1,0,0,0
54,12 Sep 2025,,45b9jnsx8ud6ogfe1ykj48wes,Germán Cid Camacho,UD Las Palmas,Real Sociedad de Fútbol,Sergio Barcia,0,0,0,0,0,1,0,0,69,0,0,0,0,1,0
54,12 Sep 2025,,45b9jnsx8ud6ogfe1ykj48wes,Germán Cid Camacho,UD Las Palmas,Real Sociedad de Fútbol,D. Horkaš,0,0,0,0,0,1,0,0,40,0,1,0,0,0,0
54,12 Sep 2025,,45b9jnsx8ud6ogfe1ykj48wes,Germán Cid Camacho,UD Las Palmas,Real Sociedad de Fútbol,Ale García,1,0,0,4,1,1,0,0,21,0,0,0,0,1,0
54,12 Sep 2025,,45b9jnsx8ud6ogfe1ykj48wes,Germán Cid Camacho,UD Las Palmas,Real Sociedad de Fútbol,Marvin Park,0,0,1,3,1,0,0,0,36,0,0,0,0,1,0
54,12 Sep 2025,,45b9jnsx8ud6ogfe1ykj48wes,Germán Cid Camacho,UD Las Palmas,Real Sociedad de Fútbol,Jonathan Viera,0,0,0,0,1,1,0,0,24,0,0,1,1,0,0
54,12 Sep 2025,,45b9jnsx8ud6ogfe1ykj48wes,Germán Cid Camacho,UD Las Palmas,Real Sociedad de Fútbol,Marc Cardona,0,0,0,0,0,1,0,1,12,0,0,1,0,0,0
54,12 Sep 2025,,45b9jnsx8ud6ogfe1ykj48wes,Germán Cid Camacho,UD Las Palmas,Real Sociedad de Fútbol,Manu Fuster,0,1,1,1,2,0,0,0,11,0,0,1,0,1,0
54,12 Sep 2025,,45b9jnsx8ud6ogfe1ykj48wes,Germán Cid Camacho,UD Las Palmas,Real Sociedad de Fútbol,Iñaki González,0,0,0,0,0,0,0,0,7,0,0,0,0,2,0
54,12 Sep 2025,,45b9jnsx8ud6ogfe1ykj48wes,Germán Cid Camacho,UD Las Palmas,Real Sociedad de Fútbol,Álex Suárez,0,0,0,0,0,0,0,0,5,0,0,0,0,0,0
54,12 Sep 2025,,45b9jnsx8ud6ogfe1ykj48wes,Germán Cid Camacho,UD Las Palmas,Real Sociedad de Fútbol,Lander Astiazarán,0,0,0,0,0,0,0,0,13,0,0,0,0,2,0
54,12 Sep 2025,,45b9jnsx8ud6ogfe1ykj48wes,Germán Cid Camacho,UD Las Palmas,Real Sociedad de Fútbol,Peru Rodríguez,0,0,0,0,1,0,0,0,58,0,0,0,0,1,1
54,12 Sep 2025,,45b9jnsx8ud6ogfe1ykj48wes,Germán Cid Camacho,UD Las Palmas,Real Sociedad de Fútbol,Ekain Orobengoa,0,0,0,0,1,0,0,0,14,0,0,2,1,1,0
54,12 Sep 2025,,45b9jnsx8ud6ogfe1ykj48wes,Germán Cid Camacho,UD Las Palmas,Real Sociedad de Fútbol,Arkaitz Mariezkurrena,0,0,0,0,4,1,0,0,17,0,0,1,0,0,0
54,12 Sep 2025,,45b9jnsx8ud6ogfe1ykj48wes,Germán Cid Camacho,UD Las Palmas,Real Sociedad de Fútbol,Gorka Carrera,0,0,0,0,4,1,0,0,7,0,0,0,0,1,1
54,12 Sep 2025,,45b9jnsx8ud6ogfe1ykj48wes,Germán Cid Camacho,UD Las Palmas,Real Sociedad de Fútbol,Alberto Dadie,0,0,0,2,1,1,0,0,25,0,0,0,0,2,0
54,12 Sep 2025,,45b9jnsx8ud6ogfe1ykj48wes,Germán Cid Camacho,UD Las Palmas,Real Sociedad de Fútbol,Gorka Gorosabel,0,0,0,1,2,2,0,0,7,0,0,0,0,0,0
54,12 Sep 2025,,45b9jnsx8ud6ogfe1ykj48wes,Germán Cid Camacho,UD Las Palmas,Real Sociedad de Fútbol,K. Kita,0,0,0,0,2,1,0,0,40,0,0,0,0,2,1
54,12 Sep 2025,,45b9jnsx8ud6ogfe1ykj48wes,Germán Cid Camacho,UD Las Palmas,Real Sociedad de Fútbol,Unax Agote,0,0,0,3,1,2,0,0,31,0,0,0,0,3,0
54,12 Sep 2025,,45b9jnsx8ud6ogfe1ykj48wes,Germán Cid Camacho,UD Las Palmas,Real Sociedad de Fútbol,Egoitz Arana,0,0,0,0,0,0,0,0,27,0,3,0,0,0,0
54,12 Sep 2025,,45b9jnsx8ud6ogfe1ykj48wes,Germán Cid Camacho,UD Las Palmas,Real Sociedad de Fútbol,Tomás Carbonell,0,0,0,0,1,0,0,0,14,0,0,0,0,0,1
54,12 Sep 2025,,45b9jnsx8ud6ogfe1ykj48wes,Germán Cid Camacho,UD Las Palmas,Real Sociedad de Fútbol,Mikel Rodríguez,0,0,1,3,0,2,0,0,16,0,0,0,0,1,0
54,12 Sep 2025,,45b9jnsx8ud6ogfe1ykj48wes,Germán Cid Camacho,UD Las Palmas,Real Sociedad de Fútbol,A. Lebarbier,0,0,0,0,2,0,0,0,22,0,0,0,0,0,1
54,12 Sep 2025,,45b9jnsx8ud6ogfe1ykj48wes,Germán Cid Camacho,UD Las Palmas,Real Sociedad de Fútbol,J. Ochieng,0,0,1,1,1,2,0,0,7,0,0,0,0,1,1
54,12 Sep 2025,,45b9jnsx8ud6ogfe1ykj48wes,Germán Cid Camacho,UD Las Palmas,Real Sociedad de Fútbol,Jon Balda,0,0,0,0,0,1,0,0,7,0,0,0,0,0,0
54,12 Sep 2025,,45b9jnsx8ud6ogfe1ykj48wes,Germán Cid Camacho,UD Las Palmas,Real Sociedad de Fútbol,Dani Díaz,0,0,0,0,0,0,0,0,1,0,0,0,0,0,0
55,14 Sep 2025,,45ozd1uvk9h38cz6zgbvrlez8,Alejandro Morilla Turrión,FC Andorra,Córdoba FC,Imanol García de Albéniz,0,0,0,1,0,1,0,0,15,0,0,1,1,2,0
55,14 Sep 2025,,45ozd1uvk9h38cz6zgbvrlez8,Alejandro Morilla Turrión,FC Andorra,Córdoba FC,L. de León,0,1,0,0,2,4,0,4,16,0,0,1,0,0,0
55,14 Sep 2025,,45ozd1uvk9h38cz6zgbvrlez8,Alejandro Morilla Turrión,FC Andorra,Córdoba FC,Bomba,0,0,0,0,1,1,0,0,33,0,0,1,0,4,0
55,14 Sep 2025,,45ozd1uvk9h38cz6zgbvrlez8,Alejandro Morilla Turrión,FC Andorra,Córdoba FC,Áron Yaakobishvili,0,0,0,0,0,0,0,0,36,0,5,0,0,0,1
55,14 Sep 2025,,45ozd1uvk9h38cz6zgbvrlez8,Alejandro Morilla Turrión,FC Andorra,Córdoba FC,Aingeru Olabarrieta,0,0,0,0,0,3,1,1,10,0,0,1,1,1,0
55,14 Sep 2025,,45ozd1uvk9h38cz6zgbvrlez8,Alejandro Morilla Turrión,FC Andorra,Córdoba FC,Gael Alonso,0,0,0,0,1,1,0,0,42,0,0,0,0,2,0
55,14 Sep 2025,,45ozd1uvk9h38cz6zgbvrlez8,Alejandro Morilla Turrión,FC Andorra,Córdoba FC,Sergio Molina,0,0,0,0,1,1,0,0,37,0,0,0,0,3,0
55,14 Sep 2025,,45ozd1uvk9h38cz6zgbvrlez8,Alejandro Morilla Turrión,FC Andorra,Córdoba FC,T. Le Normand,0,0,1,1,1,0,0,0,13,0,0,2,1,0,0
55,14 Sep 2025,,45ozd1uvk9h38cz6zgbvrlez8,Alejandro Morilla Turrión,FC Andorra,Córdoba FC,Álex Petxa,0,0,0,0,3,2,0,0,17,0,0,0,0,3,1
55,14 Sep 2025,,45ozd1uvk9h38cz6zgbvrlez8,Alejandro Morilla Turrión,FC Andorra,Córdoba FC,Marc Domènech,1,0,0,0,1,1,0,0,21,0,0,0,0,2,0
55,14 Sep 2025,,45ozd1uvk9h38cz6zgbvrlez8,Alejandro Morilla Turrión,FC Andorra,Córdoba FC,Kim Min-Su,0,0,2,2,1,2,1,0,15,0,0,3,2,2,0
55,14 Sep 2025,,45ozd1uvk9h38cz6zgbvrlez8,Alejandro Morilla Turrión,FC Andorra,Córdoba FC,T. Carrique,0,0,0,1,2,1,0,0,7,0,0,1,1,0,0
55,14 Sep 2025,,45ozd1uvk9h38cz6zgbvrlez8,Alejandro Morilla Turrión,FC Andorra,Córdoba FC,Álex Calvo,0,0,0,2,1,1,0,0,5,0,0,2,1,0,0
55,14 Sep 2025,,45ozd1uvk9h38cz6zgbvrlez8,Alejandro Morilla Turrión,FC Andorra,Córdoba FC,Martí Vilà,0,0,0,0,1,0,0,0,7,0,0,0,0,1,0
55,14 Sep 2025,,45ozd1uvk9h38cz6zgbvrlez8,Alejandro Morilla Turrión,FC Andorra,Córdoba FC,Dani Villahermosa,0,0,0,0,0,0,1,0,9,0,0,1,1,0,0
55,14 Sep 2025,,45ozd1uvk9h38cz6zgbvrlez8,Alejandro Morilla Turrión,FC Andorra,Córdoba FC,Álvaro Martín,0,0,0,1,1,2,0,0,6,0,0,1,0,0,0
55,14 Sep 2025,,45ozd1uvk9h38cz6zgbvrlez8,Alejandro Morilla Turrión,FC Andorra,Córdoba FC,Sergi Guardiola,0,0,0,0,1,1,0,1,18,0,0,2,0,2,0
55,14 Sep 2025,,45ozd1uvk9h38cz6zgbvrlez8,Alejandro Morilla Turrión,FC Andorra,Córdoba FC,Xavi Sintes,0,0,0,0,3,0,0,0,50,0,0,0,0,2,0
55,14 Sep 2025,,45ozd1uvk9h38cz6zgbvrlez8,Alejandro Morilla Turrión,FC Andorra,Córdoba FC,Jacobo González,0,2,1,1,1,0,0,0,23,0,0,5,2,1,0
55,14 Sep 2025,,45ozd1uvk9h38cz6zgbvrlez8,Alejandro Morilla Turrión,FC Andorra,Córdoba FC,T. Zidane,0,0,2,1,1,0,0,0,8,0,0,2,2,1,0
55,14 Sep 2025,,45ozd1uvk9h38cz6zgbvrlez8,Alejandro Morilla Turrión,FC Andorra,Córdoba FC,Ignasi Vilarrasa,0,0,0,11,1,0,0,0,49,0,0,1,0,3,0
55,14 Sep 2025,,45ozd1uvk9h38cz6zgbvrlez8,Alejandro Morilla Turrión,FC Andorra,Córdoba FC,Dani Requena,0,1,0,0,0,1,0,0,22,0,0,2,0,0,0
55,14 Sep 2025,,45ozd1uvk9h38cz6zgbvrlez8,Alejandro Morilla Turrión,FC Andorra,Córdoba FC,Carlos Isaac,0,2,2,2,4,4,0,0,52,0,0,3,0,0,1
55,14 Sep 2025,,45ozd1uvk9h38cz6zgbvrlez8,Alejandro Morilla Turrión,FC Andorra,Córdoba FC,F. Fomeyem,0,0,0,0,2,1,0,0,59,0,0,0,0,0,1
55,14 Sep 2025,,45ozd1uvk9h38cz6zgbvrlez8,Alejandro Morilla Turrión,FC Andorra,Córdoba FC,Isma Ruiz,0,0,0,0,1,1,0,0,41,0,0,1,0,3,0
55,14 Sep 2025,,45ozd1uvk9h38cz6zgbvrlez8,Alejandro Morilla Turrión,FC Andorra,Córdoba FC,Kevin Medina,0,0,1,2,3,4,0,2,8,0,0,2,2,0,0
55,14 Sep 2025,,45ozd1uvk9h38cz6zgbvrlez8,Alejandro Morilla Turrión,FC Andorra,Córdoba FC,Carlos Marín,0,0,1,0,0,0,0,0,30,0,5,0,0,0,0
55,14 Sep 2025,,45ozd1uvk9h38cz6zgbvrlez8,Alejandro Morilla Turrión,FC Andorra,Córdoba FC,Cristian Carracedo,0,0,0,1,1,2,0,0,18,0,0,0,0,2,0
55,14 Sep 2025,,45ozd1uvk9h38cz6zgbvrlez8,Alejandro Morilla Turrión,FC Andorra,Córdoba FC,Miquel Salas,0,0,0,0,1,0,0,0,27,0,0,0,0,1,0
55,14 Sep 2025,,45ozd1uvk9h38cz6zgbvrlez8,Alejandro Morilla Turrión,FC Andorra,Córdoba FC,Diego Bri,0,0,0,2,1,1,0,0,6,0,0,0,0,0,0
55,14 Sep 2025,,45ozd1uvk9h38cz6zgbvrlez8,Alejandro Morilla Turrión,FC Andorra,Córdoba FC,Dali,0,0,0,0,2,1,0,0,7,0,0,1,0,0,1
55,14 Sep 2025,,45ozd1uvk9h38cz6zgbvrlez8,Alejandro Morilla Turrión,FC Andorra,Córdoba FC,Fuentes,0,0,0,0,1,0,0,0,3,0,0,0,0,0,0
55,14 Sep 2025,,45ozd1uvk9h38cz6zgbvrlez8,Alejandro Morilla Turrión,FC Andorra,Córdoba FC,Pedro Ortiz,0,0,0,0,0,0,0,0,0,0,0,0,0,0,1
56,19 Sep 2025,,462opoafugmr2z5xdc4aaktuc,Miguel González Díaz,RC Deportivo de La Coruña,SD Huesca,Luismi Cruz,1,1,1,4,2,1,0,0,15,0,0,1,0,0,0
56,19 Sep 2025,,462opoafugmr2z5xdc4aaktuc,Miguel González Díaz,RC Deportivo de La Coruña,SD Huesca,Germán Parreño,0,0,0,0,0,0,0,0,42,0,0,0,0,0,0
56,19 Sep 2025,,462opoafugmr2z5xdc4aaktuc,Miguel González Díaz,RC Deportivo de La Coruña,SD Huesca,David Mella,0,0,1,5,1,0,2,1,20,0,0,2,2,1,0
56,19 Sep 2025,,462opoafugmr2z5xdc4aaktuc,Miguel González Díaz,RC Deportivo de La Coruña,SD Huesca,Diego Villares,0,0,0,0,2,0,0,0,37,0,0,1,0,0,0
56,19 Sep 2025,,462opoafugmr2z5xdc4aaktuc,Miguel González Díaz,RC Deportivo de La Coruña,SD Huesca,Ximo Navarro,0,0,0,1,1,1,0,0,21,0,0,0,0,3,0
56,19 Sep 2025,,462opoafugmr2z5xdc4aaktuc,Miguel González Díaz,RC Deportivo de La Coruña,SD Huesca,Mario Soriano,0,1,0,0,3,0,0,0,32,0,0,1,0,1,0
56,19 Sep 2025,,462opoafugmr2z5xdc4aaktuc,Miguel González Díaz,RC Deportivo de La Coruña,SD Huesca,Miguel Loureiro,0,0,0,0,2,1,0,0,48,0,0,2,0,2,0
56,19 Sep 2025,,462opoafugmr2z5xdc4aaktuc,Miguel González Díaz,RC Deportivo de La Coruña,SD Huesca,Dani Barcia,0,0,0,0,0,0,0,0,62,0,0,0,0,1,0
56,19 Sep 2025,,462opoafugmr2z5xdc4aaktuc,Miguel González Díaz,RC Deportivo de La Coruña,SD Huesca,S. Mulattieri,0,1,1,0,1,1,0,1,10,0,0,2,0,0,1
56,19 Sep 2025,,462opoafugmr2z5xdc4aaktuc,Miguel González Díaz,RC Deportivo de La Coruña,SD Huesca,Yeremay Hernández,0,0,1,1,1,1,0,2,30,0,0,2,2,1,0
56,19 Sep 2025,,462opoafugmr2z5xdc4aaktuc,Miguel González Díaz,RC Deportivo de La Coruña,SD Huesca,G. Quagliata,0,0,0,2,1,2,0,1,25,0,0,0,0,1,0
56,19 Sep 2025,,462opoafugmr2z5xdc4aaktuc,Miguel González Díaz,RC Deportivo de La Coruña,SD Huesca,Z. Eddahchouri,0,0,0,1,0,1,1,0,3,0,0,3,2,1,0
56,19 Sep 2025,,462opoafugmr2z5xdc4aaktuc,Miguel González Díaz,RC Deportivo de La Coruña,SD Huesca,Stoichkov,1,0,0,1,0,0,0,0,8,0,0,1,0,0,0
56,19 Sep 2025,,462opoafugmr2z5xdc4aaktuc,Miguel González Díaz,RC Deportivo de La Coruña,SD Huesca,C. Patino,0,0,0,0,0,0,0,0,10,0,0,0,0,1,0
56,19 Sep 2025,,462opoafugmr2z5xdc4aaktuc,Miguel González Díaz,RC Deportivo de La Coruña,SD Huesca,Sergio Escudero,0,0,2,4,0,0,0,0,4,0,0,0,0,0,0
56,19 Sep 2025,,462opoafugmr2z5xdc4aaktuc,Miguel González Díaz,RC Deportivo de La Coruña,SD Huesca,L. Noubi,0,1,0,0,0,0,0,0,2,0,0,1,0,0,0
56,19 Sep 2025,,462opoafugmr2z5xdc4aaktuc,Miguel González Díaz,RC Deportivo de La Coruña,SD Huesca,Julio Alonso,0,0,0,0,1,2,0,0,35,0,0,0,0,2,0
56,19 Sep 2025,,462opoafugmr2z5xdc4aaktuc,Miguel González Díaz,RC Deportivo de La Coruña,SD Huesca,Enol Rodríguez,0,0,0,1,1,3,0,0,15,0,0,0,0,1,0
56,19 Sep 2025,,462opoafugmr2z5xdc4aaktuc,Miguel González Díaz,RC Deportivo de La Coruña,SD Huesca,Sergio Arribas,0,0,0,0,0,1,0,0,65,0,0,0,0,2,0
56,19 Sep 2025,,462opoafugmr2z5xdc4aaktuc,Miguel González Díaz,RC Deportivo de La Coruña,SD Huesca,Óscar Sielva,0,0,0,2,1,1,0,0,75,0,0,0,0,2,0
56,19 Sep 2025,,462opoafugmr2z5xdc4aaktuc,Miguel González Díaz,RC Deportivo de La Coruña,SD Huesca,Dani Jiménez,0,0,0,0,0,0,0,0,22,0,3,0,0,0,0
56,19 Sep 2025,,462opoafugmr2z5xdc4aaktuc,Miguel González Díaz,RC Deportivo de La Coruña,SD Huesca,Álvaro Carrillo,0,0,0,0,0,0,0,0,21,0,0,0,0,0,0
56,19 Sep 2025,,462opoafugmr2z5xdc4aaktuc,Miguel González Díaz,RC Deportivo de La Coruña,SD Huesca,Iñigo Piña,0,0,0,0,1,0,0,0,59,0,0,0,0,0,1
56,19 Sep 2025,,462opoafugmr2z5xdc4aaktuc,Miguel González Díaz,RC Deportivo de La Coruña,SD Huesca,Iker Kortajarena,0,0,0,2,1,2,0,0,50,0,0,2,0,0,0
56,19 Sep 2025,,462opoafugmr2z5xdc4aaktuc,Miguel González Díaz,RC Deportivo de La Coruña,SD Huesca,Ángel Pérez,0,0,0,1,2,0,0,0,5,0,0,0,0,0,0
56,19 Sep 2025,,462opoafugmr2z5xdc4aaktuc,Miguel González Díaz,RC Deportivo de La Coruña,SD Huesca,Jesús Álvarez,0,0,0,0,0,1,0,0,39,0,0,0,0,0,1
56,19 Sep 2025,,462opoafugmr2z5xdc4aaktuc,Miguel González Díaz,RC Deportivo de La Coruña,SD Huesca,Sergi Enrich,0,0,0,0,0,0,0,0,11,0,0,1,0,1,0
56,19 Sep 2025,,462opoafugmr2z5xdc4aaktuc,Miguel González Díaz,RC Deportivo de La Coruña,SD Huesca,Toni Abad,0,0,1,3,0,0,0,0,30,0,0,0,0,1,0
56,19 Sep 2025,,462opoafugmr2z5xdc4aaktuc,Miguel González Díaz,RC Deportivo de La Coruña,SD Huesca,D. Luna,0,0,0,3,1,3,0,0,16,0,0,0,0,0,0
56,19 Sep 2025,,462opoafugmr2z5xdc4aaktuc,Miguel González Díaz,RC Deportivo de La Coruña,SD Huesca,Liberto Beltrán,0,1,1,2,1,0,0,0,8,0,0,3,0,1,0
56,19 Sep 2025,,462opoafugmr2z5xdc4aaktuc,Miguel González Díaz,RC Deportivo de La Coruña,SD Huesca,Rodrigo Abajas,0,0,1,0,0,0,0,0,15,0,0,0,0,1,0
56,19 Sep 2025,,462opoafugmr2z5xdc4aaktuc,Miguel González Díaz,RC Deportivo de La Coruña,SD Huesca,Portillo,0,0,0,0,0,0,0,0,14,0,0,0,0,0,0
57,21 Sep 2025,,46ghtg6mgsik0ymztwsljsys4,Álvaro Moreno Aragón,SD Eibar,Real Sociedad de Fútbol,Jon Guruzeta,0,1,1,2,1,2,0,0,37,0,0,1,0,4,1
57,21 Sep 2025,,46ghtg6mgsik0ymztwsljsys4,Álvaro Moreno Aragón,SD Eibar,Real Sociedad de Fútbol,Sergio Álvarez,0,0,0,1,3,1,0,0,62,0,0,0,0,6,0
57,21 Sep 2025,,46ghtg6mgsik0ymztwsljsys4,Álvaro Moreno Aragón,SD Eibar,Real Sociedad de Fútbol,Aleix Garrido,0,0,0,4,0,1,0,0,44,0,0,0,0,1,0
57,21 Sep 2025,,46ghtg6mgsik0ymztwsljsys4,Álvaro Moreno Aragón,SD Eibar,Real Sociedad de Fútbol,Leonardo Buta,0,0,0,2,1,0,0,0,44,0,0,0,0,2,0
57,21 Sep 2025,,46ghtg6mgsik0ymztwsljsys4,Álvaro Moreno Aragón,SD Eibar,Real Sociedad de Fútbol,Marco Moreno,0,0,0,0,2,1,0,0,54,0,0,0,0,0,1
57,21 Sep 2025,,46ghtg6mgsik0ymztwsljsys4,Álvaro Moreno Aragón,SD Eibar,Real Sociedad de Fútbol,Aritz Arambarri,0,0,0,0,0,0,0,0,41,0,0,0,0,0,0
57,21 Sep 2025,,46ghtg6mgsik0ymztwsljsys4,Álvaro Moreno Aragón,SD Eibar,Real Sociedad de Fútbol,Jonmi Magunagoitia,0,0,0,0,0,0,0,0,42,0,3,0,0,0,0
57,21 Sep 2025,,46ghtg6mgsik0ymztwsljsys4,Álvaro Moreno Aragón,SD Eibar,Real Sociedad de Fútbol,Jon Magunazelaia,0,0,0,3,0,1,0,0,14,0,0,1,1,1,0
57,21 Sep 2025,,46ghtg6mgsik0ymztwsljsys4,Álvaro Moreno Aragón,SD Eibar,Real Sociedad de Fútbol,José Corpas,0,0,0,0,1,4,0,0,27,0,0,3,1,0,0
57,21 Sep 2025,,46ghtg6mgsik0ymztwsljsys4,Álvaro Moreno Aragón,SD Eibar,Real Sociedad de Fútbol,Jon Bautista,0,0,1,0,0,1,1,1,16,0,0,3,2,0,0
57,21 Sep 2025,,46ghtg6mgsik0ymztwsljsys4,Álvaro Moreno Aragón,SD Eibar,Real Sociedad de Fútbol,Sergio Cubero,0,1,0,5,3,2,0,0,22,0,0,2,1,3,0
57,21 Sep 2025,,46ghtg6mgsik0ymztwsljsys4,Álvaro Moreno Aragón,SD Eibar,Real Sociedad de Fútbol,Jair Amador,0,0,0,0,1,1,0,0,25,0,0,0,0,1,0
57,21 Sep 2025,,46ghtg6mgsik0ymztwsljsys4,Álvaro Moreno Aragón,SD Eibar,Real Sociedad de Fútbol,Lander Olaetxea,0,0,0,0,2,1,0,0,10,0,0,0,0,2,0
57,21 Sep 2025,,46ghtg6mgsik0ymztwsljsys4,Álvaro Moreno Aragón,SD Eibar,Real Sociedad de Fútbol,Javi Martínez,0,0,0,1,0,2,0,0,8,0,0,0,0,2,0
57,21 Sep 2025,,46ghtg6mgsik0ymztwsljsys4,Álvaro Moreno Aragón,SD Eibar,Real Sociedad de Fútbol,Adu Ares,0,0,0,0,0,0,0,0,5,0,0,0,0,0,0
57,21 Sep 2025,,46ghtg6mgsik0ymztwsljsys4,Álvaro Moreno Aragón,SD Eibar,Real Sociedad de Fútbol,Javi Martón,0,0,0,0,0,0,0,0,4,0,0,2,1,1,0
57,21 Sep 2025,,46ghtg6mgsik0ymztwsljsys4,Álvaro Moreno Aragón,SD Eibar,Real Sociedad de Fútbol,Mikel Rodríguez,0,1,0,0,4,5,1,0,35,0,0,3,2,2,1
57,21 Sep 2025,,46ghtg6mgsik0ymztwsljsys4,Álvaro Moreno Aragón,SD Eibar,Real Sociedad de Fútbol,K. Kita,0,0,0,0,0,0,0,0,33,0,0,0,0,1,0
57,21 Sep 2025,,46ghtg6mgsik0ymztwsljsys4,Álvaro Moreno Aragón,SD Eibar,Real Sociedad de Fútbol,Gorka Gorosabel,0,0,0,2,5,1,0,1,32,0,0,1,0,1,0
57,21 Sep 2025,,46ghtg6mgsik0ymztwsljsys4,Álvaro Moreno Aragón,SD Eibar,Real Sociedad de Fútbol,Alberto Dadie,0,2,1,4,2,2,0,0,34,0,0,2,0,3,0
57,21 Sep 2025,,46ghtg6mgsik0ymztwsljsys4,Álvaro Moreno Aragón,SD Eibar,Real Sociedad de Fútbol,Peru Rodríguez,0,0,0,0,0,0,0,0,75,0,0,0,0,0,0
57,21 Sep 2025,,46ghtg6mgsik0ymztwsljsys4,Álvaro Moreno Aragón,SD Eibar,Real Sociedad de Fútbol,A. Lebarbier,0,0,0,0,1,0,0,0,59,0,0,0,0,5,0
57,21 Sep 2025,,46ghtg6mgsik0ymztwsljsys4,Álvaro Moreno Aragón,SD Eibar,Real Sociedad de Fútbol,Arkaitz Mariezkurrena,0,0,0,0,0,2,0,1,17,0,0,0,0,0,0
57,21 Sep 2025,,46ghtg6mgsik0ymztwsljsys4,Álvaro Moreno Aragón,SD Eibar,Real Sociedad de Fútbol,Aitor Fraga,0,0,0,0,0,0,0,0,37,0,3,0,0,0,0
57,21 Sep 2025,,46ghtg6mgsik0ymztwsljsys4,Álvaro Moreno Aragón,SD Eibar,Real Sociedad de Fútbol,Alex Marchal,0,0,1,2,1,2,0,0,13,0,0,0,0,0,0
57,21 Sep 2025,,46ghtg6mgsik0ymztwsljsys4,Álvaro Moreno Aragón,SD Eibar,Real Sociedad de Fútbol,Jon Balda,0,0,0,3,2,0,0,0,50,0,0,3,1,0,0
57,21 Sep 2025,,46ghtg6mgsik0ymztwsljsys4,Álvaro Moreno Aragón,SD Eibar,Real Sociedad de Fútbol,Dani Díaz,0,0,0,3,0,1,0,0,10,0,0,0,0,0,0
57,21 Sep 2025,,46ghtg6mgsik0ymztwsljsys4,Álvaro Moreno Aragón,SD Eibar,Real Sociedad de Fútbol,Lander Astiazarán,0,0,0,3,1,0,0,0,12,0,0,2,1,0,1
57,21 Sep 2025,,46ghtg6mgsik0ymztwsljsys4,Álvaro Moreno Aragón,SD Eibar,Real Sociedad de Fútbol,Gorka Carrera,0,0,0,0,0,0,0,0,7,0,0,2,0,1,0
57,21 Sep 2025,,46ghtg6mgsik0ymztwsljsys4,Álvaro Moreno Aragón,SD Eibar,Real Sociedad de Fútbol,J. Ochieng,1,2,0,3,2,0,0,0,8,0,0,2,0,0,0
57,21 Sep 2025,,46ghtg6mgsik0ymztwsljsys4,Álvaro Moreno Aragón,SD Eibar,Real Sociedad de Fútbol,Joni Eceiza,0,1,1,0,0,0,0,0,9,0,0,1,0,0,0
57,21 Sep 2025,,46ghtg6mgsik0ymztwsljsys4,Álvaro Moreno Aragón,SD Eibar,Real Sociedad de Fútbol,Ekain Orobengoa Arbelaiz,0,0,0,0,0,0,0,0,0,0,0,0,0,0,0
58,20 Sep 2025,,46u86wx4ps27zj0dr0t85yolw,José Antonio Sánchez Villalobos,CD Leganés,UD Las Palmas,Diego García,0,0,0,0,3,0,0,1,10,0,0,2,0,0,1
58,20 Sep 2025,,46u86wx4ps27zj0dr0t85yolw,José Antonio Sánchez Villalobos,CD Leganés,UD Las Palmas,S. Cissé,0,0,0,1,3,1,0,0,41,1,0,1,1,0,2
58,20 Sep 2025,,46u86wx4ps27zj0dr0t85yolw,José Antonio Sánchez Villalobos,CD Leganés,UD Las Palmas,A. Diawara,0,0,0,0,6,1,0,0,43,0,0,0,0,3,1
58,20 Sep 2025,,46u86wx4ps27zj0dr0t85yolw,José Antonio Sánchez Villalobos,CD Leganés,UD Las Palmas,Jorge Sáenz,0,0,0,0,2,1,0,0,57,0,0,0,0,0,1
58,20 Sep 2025,,46u86wx4ps27zj0dr0t85yolw,José Antonio Sánchez Villalobos,CD Leganés,UD Las Palmas,Miguel de la Fuente,0,0,0,0,1,2,0,0,14,0,0,2,2,0,0
58,20 Sep 2025,,46u86wx4ps27zj0dr0t85yolw,José Antonio Sánchez Villalobos,CD Leganés,UD Las Palmas,Duk,0,0,0,1,2,5,0,0,17,0,0,0,0,1,0
58,20 Sep 2025,,46u86wx4ps27zj0dr0t85yolw,José Antonio Sánchez Villalobos,CD Leganés,UD Las Palmas,Naim García,0,0,1,9,0,0,0,1,17,0,0,0,0,0,0
58,20 Sep 2025,,46u86wx4ps27zj0dr0t85yolw,José Antonio Sánchez Villalobos,CD Leganés,UD Las Palmas,Marvel,0,0,0,2,2,2,0,0,43,0,0,0,0,0,0
58,20 Sep 2025,,46u86wx4ps27zj0dr0t85yolw,José Antonio Sánchez Villalobos,CD Leganés,UD Las Palmas,Juan Cruz,0,2,0,0,1,0,0,0,26,0,0,2,0,0,0
58,20 Sep 2025,,46u86wx4ps27zj0dr0t85yolw,José Antonio Sánchez Villalobos,CD Leganés,UD Las Palmas,Lalo Aguilar,0,0,0,0,1,0,0,0,45,0,0,0,0,1,0
58,20 Sep 2025,,46u86wx4ps27zj0dr0t85yolw,José Antonio Sánchez Villalobos,CD Leganés,UD Las Palmas,Juan Soriano,0,0,0,0,0,0,0,0,27,0,0,0,0,0,0
58,20 Sep 2025,,46u86wx4ps27zj0dr0t85yolw,José Antonio Sánchez Villalobos,CD Leganés,UD Las Palmas,Gonzalo Melero,0,0,0,0,1,1,0,0,3,0,0,0,0,1,0
58,20 Sep 2025,,46u86wx4ps27zj0dr0t85yolw,José Antonio Sánchez Villalobos,CD Leganés,UD Las Palmas,Álex Millán,0,0,0,1,1,2,0,0,1,0,0,0,0,0,1
58,20 Sep 2025,,46u86wx4ps27zj0dr0t85yolw,José Antonio Sánchez Villalobos,CD Leganés,UD Las Palmas,B. Pauwels,0,0,0,0,0,0,0,1,2,0,0,0,0,1,0
58,20 Sep 2025,,46u86wx4ps27zj0dr0t85yolw,José Antonio Sánchez Villalobos,CD Leganés,UD Las Palmas,Roberto López,0,0,1,2,0,0,0,1,8,0,0,0,0,0,1
58,20 Sep 2025,,46u86wx4ps27zj0dr0t85yolw,José Antonio Sánchez Villalobos,CD Leganés,UD Las Palmas,S. Figueredo,0,1,0,0,0,1,0,0,2,0,0,1,0,1,0
58,20 Sep 2025,,46u86wx4ps27zj0dr0t85yolw,José Antonio Sánchez Villalobos,CD Leganés,UD Las Palmas,L. Amatucci,0,0,0,0,3,5,0,0,57,0,0,0,0,2,0
58,20 Sep 2025,,46u86wx4ps27zj0dr0t85yolw,José Antonio Sánchez Villalobos,CD Leganés,UD Las Palmas,Álex Suárez,0,0,0,0,1,1,0,0,35,0,0,0,0,2,0
58,20 Sep 2025,,46u86wx4ps27zj0dr0t85yolw,José Antonio Sánchez Villalobos,CD Leganés,UD Las Palmas,D. Horkaš,0,0,0,0,0,0,0,0,41,0,3,0,0,0,0
58,20 Sep 2025,,46u86wx4ps27zj0dr0t85yolw,José Antonio Sánchez Villalobos,CD Leganés,UD Las Palmas,M. Luković,0,1,1,0,1,2,0,5,11,0,0,1,0,0,1
58,20 Sep 2025,,46u86wx4ps27zj0dr0t85yolw,José Antonio Sánchez Villalobos,CD Leganés,UD Las Palmas,Ale García,0,0,1,2,2,0,1,0,17,0,0,2,1,3,1
58,20 Sep 2025,,46u86wx4ps27zj0dr0t85yolw,José Antonio Sánchez Villalobos,CD Leganés,UD Las Palmas,Marvin Park,0,0,2,1,2,1,0,1,29,0,0,0,0,0,1
58,20 Sep 2025,,46u86wx4ps27zj0dr0t85yolw,José Antonio Sánchez Villalobos,CD Leganés,UD Las Palmas,E. Loiodice,0,0,0,0,2,3,0,0,40,0,0,0,0,1,0
58,20 Sep 2025,,46u86wx4ps27zj0dr0t85yolw,José Antonio Sánchez Villalobos,CD Leganés,UD Las Palmas,Iván Gil,0,0,0,1,1,1,0,0,13,0,0,0,0,0,0
58,20 Sep 2025,,46u86wx4ps27zj0dr0t85yolw,José Antonio Sánchez Villalobos,CD Leganés,UD Las Palmas,Mika Mármol,0,0,0,1,1,1,0,0,65,0,0,0,0,1,1
58,20 Sep 2025,,46u86wx4ps27zj0dr0t85yolw,José Antonio Sánchez Villalobos,CD Leganés,UD Las Palmas,Manu Fuster,1,0,0,1,0,2,0,0,34,0,0,0,0,0,0
58,20 Sep 2025,,46u86wx4ps27zj0dr0t85yolw,José Antonio Sánchez Villalobos,CD Leganés,UD Las Palmas,Sergio Barcia,0,0,0,0,1,2,0,0,62,0,0,0,0,0,1
58,20 Sep 2025,,46u86wx4ps27zj0dr0t85yolw,José Antonio Sánchez Villalobos,CD Leganés,UD Las Palmas,Jonathan Viera,0,0,0,2,1,3,0,0,46,0,0,0,0,0,0
58,20 Sep 2025,,46u86wx4ps27zj0dr0t85yolw,José Antonio Sánchez Villalobos,CD Leganés,UD Las Palmas,Jesé,0,0,0,0,0,0,0,0,10,0,0,0,0,1,0
58,20 Sep 2025,,46u86wx4ps27zj0dr0t85yolw,José Antonio Sánchez Villalobos,CD Leganés,UD Las Palmas,E. Cedeño,0,0,0,0,1,0,0,0,7,0,0,0,0,0,0
58,20 Sep 2025,,46u86wx4ps27zj0dr0t85yolw,José Antonio Sánchez Villalobos,CD Leganés,UD Las Palmas,Cristian Gutiérrez,0,0,0,0,0,0,0,0,8,0,0,0,0,0,0
58,20 Sep 2025,,46u86wx4ps27zj0dr0t85yolw,José Antonio Sánchez Villalobos,CD Leganés,UD Las Palmas,Juanma Herzog,0,0,0,0,0,0,0,0,7,0,0,0,0,0,0
59,20 Sep 2025,,477zi50b1qfb0gmyx38pmx91w,Manuel Ángel Pérez Hernández,UD Almería,Real Sporting de Gijón,D. Chirino,0,0,3,8,1,1,0,0,66,0,0,0,0,3,0
59,20 Sep 2025,,477zi50b1qfb0gmyx38pmx91w,Manuel Ángel Pérez Hernández,UD Almería,Real Sporting de Gijón,Léo Baptistão,0,1,1,0,2,0,0,0,12,0,0,3,1,0,0
59,20 Sep 2025,,477zi50b1qfb0gmyx38pmx91w,Manuel Ángel Pérez Hernández,UD Almería,Real Sporting de Gijón,Álex Muñoz,0,0,0,0,2,0,0,0,53,0,0,1,1,2,1
59,20 Sep 2025,,477zi50b1qfb0gmyx38pmx91w,Manuel Ángel Pérez Hernández,UD Almería,Real Sporting de Gijón,F. Bonini,0,1,0,1,1,0,0,0,65,0,0,2,0,0,1
59,20 Sep 2025,,477zi50b1qfb0gmyx38pmx91w,Manuel Ángel Pérez Hernández,UD Almería,Real Sporting de Gijón,Nélson Monte,0,0,0,0,2,1,0,0,84,0,0,0,0,0,0
59,20 Sep 2025,,477zi50b1qfb0gmyx38pmx91w,Manuel Ángel Pérez Hernández,UD Almería,Real Sporting de Gijón,D. Lopy,0,1,0,0,0,0,0,0,25,0,0,1,0,1,0
59,20 Sep 2025,,477zi50b1qfb0gmyx38pmx91w,Manuel Ángel Pérez Hernández,UD Almería,Real Sporting de Gijón,Sergio Arribas,0,2,0,5,2,0,1,0,64,0,0,6,2,1,0
59,20 Sep 2025,,477zi50b1qfb0gmyx38pmx91w,Manuel Ángel Pérez Hernández,UD Almería,Real Sporting de Gijón,I. Baba,0,0,0,0,1,0,0,0,49,0,0,2,1,1,0
59,20 Sep 2025,,477zi50b1qfb0gmyx38pmx91w,Manuel Ángel Pérez Hernández,UD Almería,Real Sporting de Gijón,Adri Embarba,0,1,0,9,1,2,1,1,40,0,0,4,1,2,0
59,20 Sep 2025,,477zi50b1qfb0gmyx38pmx91w,Manuel Ángel Pérez Hernández,UD Almería,Real Sporting de Gijón,Andrés Fernández,0,0,0,0,0,0,0,0,23,0,4,0,0,0,0
59,20 Sep 2025,,477zi50b1qfb0gmyx38pmx91w,Manuel Ángel Pérez Hernández,UD Almería,Real Sporting de Gijón,Nico Melamed,0,1,1,1,0,0,0,0,17,0,0,4,2,0,0
59,20 Sep 2025,,477zi50b1qfb0gmyx38pmx91w,Manuel Ángel Pérez Hernández,UD Almería,Real Sporting de Gijón,Gui,0,0,0,1,2,0,0,0,64,0,0,0,0,1,0
59,20 Sep 2025,,477zi50b1qfb0gmyx38pmx91w,Manuel Ángel Pérez Hernández,UD Almería,Real Sporting de Gijón,Arnau Puigmal,2,0,1,7,0,0,0,0,32,0,0,0,0,0,0
59,20 Sep 2025,,477zi50b1qfb0gmyx38pmx91w,Manuel Ángel Pérez Hernández,UD Almería,Real Sporting de Gijón,Thalys,0,0,0,0,0,2,0,0,1,0,0,1,1,0,0
59,20 Sep 2025,,477zi50b1qfb0gmyx38pmx91w,Manuel Ángel Pérez Hernández,UD Almería,Real Sporting de Gijón,André Horta,0,0,0,0,1,0,0,0,25,0,0,0,0,0,1
59,20 Sep 2025,,477zi50b1qfb0gmyx38pmx91w,Manuel Ángel Pérez Hernández,UD Almería,Real Sporting de Gijón,Álex Centelles,0,0,0,0,0,0,0,0,3,0,0,0,0,0,0
59,20 Sep 2025,,477zi50b1qfb0gmyx38pmx91w,Manuel Ángel Pérez Hernández,UD Almería,Real Sporting de Gijón,César Gelabert,0,0,0,0,0,2,0,0,22,0,0,0,0,1,0
59,20 Sep 2025,,477zi50b1qfb0gmyx38pmx91w,Manuel Ángel Pérez Hernández,UD Almería,Real Sporting de Gijón,L. Perrin,0,0,1,0,1,1,0,0,37,0,0,0,0,1,1
59,20 Sep 2025,,477zi50b1qfb0gmyx38pmx91w,Manuel Ángel Pérez Hernández,UD Almería,Real Sporting de Gijón,J. Smith,0,0,0,0,1,1,0,0,20,0,0,0,0,2,0
59,20 Sep 2025,,477zi50b1qfb0gmyx38pmx91w,Manuel Ángel Pérez Hernández,UD Almería,Real Sporting de Gijón,Pablo Vázquez,0,0,0,0,0,1,0,0,32,0,0,0,0,1,1
59,20 Sep 2025,,477zi50b1qfb0gmyx38pmx91w,Manuel Ángel Pérez Hernández,UD Almería,Real Sporting de Gijón,J. Otero,1,2,0,1,1,3,0,1,22,0,0,3,1,1,1
59,20 Sep 2025,,477zi50b1qfb0gmyx38pmx91w,Manuel Ángel Pérez Hernández,UD Almería,Real Sporting de Gijón,Álex Corredera,0,0,0,2,0,1,0,0,30,1,0,1,0,2,2
59,20 Sep 2025,,477zi50b1qfb0gmyx38pmx91w,Manuel Ángel Pérez Hernández,UD Almería,Real Sporting de Gijón,Guille Rosas,0,0,0,0,1,2,0,0,17,1,0,0,0,0,2
59,20 Sep 2025,,477zi50b1qfb0gmyx38pmx91w,Manuel Ángel Pérez Hernández,UD Almería,Real Sporting de Gijón,Rubén Yáñez,0,0,0,0,0,1,0,0,29,0,7,0,0,0,0
59,20 Sep 2025,,477zi50b1qfb0gmyx38pmx91w,Manuel Ángel Pérez Hernández,UD Almería,Real Sporting de Gijón,Diego Sánchez,0,0,0,3,0,1,0,0,29,0,0,0,0,0,0
59,20 Sep 2025,,477zi50b1qfb0gmyx38pmx91w,Manuel Ángel Pérez Hernández,UD Almería,Real Sporting de Gijón,Gaspar Campos,0,0,0,0,1,0,1,0,23,0,0,4,3,2,0
59,20 Sep 2025,,477zi50b1qfb0gmyx38pmx91w,Manuel Ángel Pérez Hernández,UD Almería,Real Sporting de Gijón,Jonathan Dubasin,0,0,0,0,0,0,0,2,10,0,0,1,1,0,0
59,20 Sep 2025,,477zi50b1qfb0gmyx38pmx91w,Manuel Ángel Pérez Hernández,UD Almería,Real Sporting de Gijón,Kevin Vázquez,0,0,0,0,1,0,0,0,9,0,0,0,0,0,1
59,20 Sep 2025,,477zi50b1qfb0gmyx38pmx91w,Manuel Ángel Pérez Hernández,UD Almería,Real Sporting de Gijón,Nacho Martín,0,0,0,0,0,0,0,0,12,0,0,0,0,0,0
59,20 Sep 2025,,477zi50b1qfb0gmyx38pmx91w,Manuel Ángel Pérez Hernández,UD Almería,Real Sporting de Gijón,Ó. Cortés,0,0,0,1,0,1,0,1,3,0,0,0,0,0,0
59,20 Sep 2025,,477zi50b1qfb0gmyx38pmx91w,Manuel Ángel Pérez Hernández,UD Almería,Real Sporting de Gijón,Pablo García,0,0,0,1,0,0,0,0,3,0,0,0,0,0,0
59,20 Sep 2025,,477zi50b1qfb0gmyx38pmx91w,Manuel Ángel Pérez Hernández,UD Almería,Real Sporting de Gijón,J. Caicedo,0,0,0,0,1,0,0,0,0,0,0,0,0,0,0
60,20 Sep 2025,,47lq2x1j8u3nfnocuri8weyhg,Alonso de Ena Wolf,FC Andorra,CD Mirandés,Dani Villahermosa,0,0,1,0,1,1,1,0,34,0,0,1,1,0,0
60,20 Sep 2025,,47lq2x1j8u3nfnocuri8weyhg,Alonso de Ena Wolf,FC Andorra,CD Mirandés,Sergio Molina,0,0,0,2,1,0,0,0,64,0,0,1,1,2,0
60,20 Sep 2025,,47lq2x1j8u3nfnocuri8weyhg,Alonso de Ena Wolf,FC Andorra,CD Mirandés,Marc Domènech,0,1,0,1,3,2,0,0,11,0,0,1,0,1,0
60,20 Sep 2025,,47lq2x1j8u3nfnocuri8weyhg,Alonso de Ena Wolf,FC Andorra,CD Mirandés,Martí Vilà,0,0,0,5,5,0,0,0,67,0,0,1,0,2,1
60,20 Sep 2025,,47lq2x1j8u3nfnocuri8weyhg,Alonso de Ena Wolf,FC Andorra,CD Mirandés,Áron Yaakobishvili,0,0,0,0,0,0,0,0,27,0,1,0,0,0,0
60,20 Sep 2025,,47lq2x1j8u3nfnocuri8weyhg,Alonso de Ena Wolf,FC Andorra,CD Mirandés,T. Carrique,1,0,1,5,0,2,0,0,67,0,0,0,0,0,0
60,20 Sep 2025,,47lq2x1j8u3nfnocuri8weyhg,Alonso de Ena Wolf,FC Andorra,CD Mirandés,Gael Alonso,0,0,0,0,1,1,0,0,109,0,0,2,0,3,0
60,20 Sep 2025,,47lq2x1j8u3nfnocuri8weyhg,Alonso de Ena Wolf,FC Andorra,CD Mirandés,L. de León,0,0,0,0,0,3,0,0,12,0,0,0,0,1,0
60,20 Sep 2025,,47lq2x1j8u3nfnocuri8weyhg,Alonso de Ena Wolf,FC Andorra,CD Mirandés,Bomba,0,1,0,0,2,1,0,0,109,0,0,1,0,1,0
60,20 Sep 2025,,47lq2x1j8u3nfnocuri8weyhg,Alonso de Ena Wolf,FC Andorra,CD Mirandés,Kim Min-Su,0,1,4,1,1,4,0,0,34,0,0,5,3,0,1
60,20 Sep 2025,,47lq2x1j8u3nfnocuri8weyhg,Alonso de Ena Wolf,FC Andorra,CD Mirandés,Aingeru Olabarrieta,0,0,1,5,0,2,0,0,27,0,0,3,0,0,0
60,20 Sep 2025,,47lq2x1j8u3nfnocuri8weyhg,Alonso de Ena Wolf,FC Andorra,CD Mirandés,Jastin García,0,0,1,1,1,4,0,0,11,0,0,2,1,0,0
60,20 Sep 2025,,47lq2x1j8u3nfnocuri8weyhg,Alonso de Ena Wolf,FC Andorra,CD Mirandés,Álvaro Martín,0,0,0,2,0,2,0,0,19,0,0,1,0,1,0
60,20 Sep 2025,,47lq2x1j8u3nfnocuri8weyhg,Alonso de Ena Wolf,FC Andorra,CD Mirandés,Aitor Uzkudun,0,0,0,0,0,0,0,0,0,0,0,0,0,0,0
60,20 Sep 2025,,47lq2x1j8u3nfnocuri8weyhg,Alonso de Ena Wolf,FC Andorra,CD Mirandés,Iker Varela,0,0,1,2,0,0,0,0,9,0,0,0,0,2,0
60,20 Sep 2025,,47lq2x1j8u3nfnocuri8weyhg,Alonso de Ena Wolf,FC Andorra,CD Mirandés,I. Nikić,0,0,1,0,0,0,0,0,36,0,5,0,0,0,1
60,20 Sep 2025,,47lq2x1j8u3nfnocuri8weyhg,Alonso de Ena Wolf,FC Andorra,CD Mirandés,Carlos Fernández,0,0,0,0,4,2,1,0,17,0,0,1,1,0,0
60,20 Sep 2025,,47lq2x1j8u3nfnocuri8weyhg,Alonso de Ena Wolf,FC Andorra,CD Mirandés,T. Helguera,0,0,0,0,1,0,0,0,14,0,0,0,0,0,0
60,20 Sep 2025,,47lq2x1j8u3nfnocuri8weyhg,Alonso de Ena Wolf,FC Andorra,CD Mirandés,Pablo López,0,0,2,2,1,1,0,0,5,0,0,2,1,0,0
60,20 Sep 2025,,47lq2x1j8u3nfnocuri8weyhg,Alonso de Ena Wolf,FC Andorra,CD Mirandés,Iker Córdoba,0,1,0,0,2,1,0,0,8,0,0,1,0,1,1
60,20 Sep 2025,,47lq2x1j8u3nfnocuri8weyhg,Alonso de Ena Wolf,FC Andorra,CD Mirandés,Rafel Bauzà,0,1,0,0,6,2,0,0,10,0,0,1,0,5,1
60,20 Sep 2025,,47lq2x1j8u3nfnocuri8weyhg,Alonso de Ena Wolf,FC Andorra,CD Mirandés,Martín Pascual,0,1,0,0,4,0,0,0,14,0,0,2,0,1,1
60,20 Sep 2025,,47lq2x1j8u3nfnocuri8weyhg,Alonso de Ena Wolf,FC Andorra,CD Mirandés,Fernando Medrano,0,0,0,2,1,1,0,0,18,0,0,0,0,3,1
60,20 Sep 2025,,47lq2x1j8u3nfnocuri8weyhg,Alonso de Ena Wolf,FC Andorra,CD Mirandés,Hugo Novoa,0,0,0,1,0,3,0,0,2,0,0,0,0,2,0
60,20 Sep 2025,,47lq2x1j8u3nfnocuri8weyhg,Alonso de Ena Wolf,FC Andorra,CD Mirandés,Juan Gutiérrez,0,0,0,2,2,2,0,0,14,0,0,0,0,2,0
60,20 Sep 2025,,47lq2x1j8u3nfnocuri8weyhg,Alonso de Ena Wolf,FC Andorra,CD Mirandés,Adrián Pica,0,0,0,0,0,1,0,0,11,0,0,0,0,2,0
60,20 Sep 2025,,47lq2x1j8u3nfnocuri8weyhg,Alonso de Ena Wolf,FC Andorra,CD Mirandés,Postigo,0,0,0,0,0,0,0,0,4,0,0,0,0,0,0
60,20 Sep 2025,,47lq2x1j8u3nfnocuri8weyhg,Alonso de Ena Wolf,FC Andorra,CD Mirandés,S. El Jebari,0,0,0,1,0,1,0,0,2,0,0,0,0,0,0
60,20 Sep 2025,,47lq2x1j8u3nfnocuri8weyhg,Alonso de Ena Wolf,FC Andorra,CD Mirandés,Aarón,0,0,0,0,0,0,0,0,5,0,0,0,0,2,0
60,20 Sep 2025,,47lq2x1j8u3nfnocuri8weyhg,Alonso de Ena Wolf,FC Andorra,CD Mirandés,G. Petit,0,0,0,0,1,0,0,0,2,0,0,0,0,0,0
61,21 Sep 2025,,48111v4jiyy0qxnv0csve64gk,Jon Ander González Esteban,Málaga CF,Cádiz CF,Dani Lorenzo,0,2,0,1,1,4,0,0,54,0,0,4,1,2,0
61,21 Sep 2025,,48111v4jiyy0qxnv0csve64gk,Jon Ander González Esteban,Málaga CF,Cádiz CF,Alfonso Herrero,0,0,0,0,0,0,0,0,23,0,2,0,0,0,0
61,21 Sep 2025,,48111v4jiyy0qxnv0csve64gk,Jon Ander González Esteban,Málaga CF,Cádiz CF,Chupe,0,0,0,0,1,0,0,1,21,0,0,1,1,0,0
61,21 Sep 2025,,48111v4jiyy0qxnv0csve64gk,Jon Ander González Esteban,Málaga CF,Cádiz CF,Javi Montero,0,0,0,0,0,0,0,0,53,0,0,0,0,1,0
61,21 Sep 2025,,48111v4jiyy0qxnv0csve64gk,Jon Ander González Esteban,Málaga CF,Cádiz CF,Víctor García,0,0,0,1,0,0,0,0,19,0,0,0,0,4,0
61,21 Sep 2025,,48111v4jiyy0qxnv0csve64gk,Jon Ander González Esteban,Málaga CF,Cádiz CF,Juanpe,0,1,0,1,1,0,0,0,43,0,0,1,0,1,0
61,21 Sep 2025,,48111v4jiyy0qxnv0csve64gk,Jon Ander González Esteban,Málaga CF,Cádiz CF,Diego Murillo,0,0,0,1,2,0,0,0,66,0,0,0,0,7,0
61,21 Sep 2025,,48111v4jiyy0qxnv0csve64gk,Jon Ander González Esteban,Málaga CF,Cádiz CF,Einar Galilea,0,0,0,0,2,0,0,0,60,0,0,1,0,3,1
61,21 Sep 2025,,48111v4jiyy0qxnv0csve64gk,Jon Ander González Esteban,Málaga CF,Cádiz CF,David Larrubia,0,0,0,8,0,1,0,0,36,0,0,1,1,6,0
61,21 Sep 2025,,48111v4jiyy0qxnv0csve64gk,Jon Ander González Esteban,Málaga CF,Cádiz CF,D. Brašanac,0,1,0,1,1,0,0,0,10,0,0,1,0,3,0
61,21 Sep 2025,,48111v4jiyy0qxnv0csve64gk,Jon Ander González Esteban,Málaga CF,Cádiz CF,Adrián Niño,0,0,0,0,0,0,0,1,4,0,0,0,0,0,0
61,21 Sep 2025,,48111v4jiyy0qxnv0csve64gk,Jon Ander González Esteban,Málaga CF,Cádiz CF,Julen Lobete,0,1,1,2,2,2,0,2,26,0,0,2,1,0,0
61,21 Sep 2025,,48111v4jiyy0qxnv0csve64gk,Jon Ander González Esteban,Málaga CF,Cádiz CF,Dani Sánchez,0,1,3,10,0,0,0,1,14,0,0,1,0,0,0
61,21 Sep 2025,,48111v4jiyy0qxnv0csve64gk,Jon Ander González Esteban,Málaga CF,Cádiz CF,Carlos Dotor,0,0,1,1,0,0,0,0,32,0,0,0,0,1,0
61,21 Sep 2025,,48111v4jiyy0qxnv0csve64gk,Jon Ander González Esteban,Málaga CF,Cádiz CF,Rafa Rodríguez,0,1,0,1,0,1,0,0,11,0,0,2,0,2,0
61,21 Sep 2025,,48111v4jiyy0qxnv0csve64gk,Jon Ander González Esteban,Málaga CF,Cádiz CF,Eneko Jauregi,0,1,0,0,0,0,0,0,0,0,0,3,1,0,0
61,21 Sep 2025,,48111v4jiyy0qxnv0csve64gk,Jon Ander González Esteban,Málaga CF,Cádiz CF,M. Diakité,0,0,0,0,3,1,0,0,39,0,0,0,0,6,0
61,21 Sep 2025,,48111v4jiyy0qxnv0csve64gk,Jon Ander González Esteban,Málaga CF,Cádiz CF,B. Kovačević,0,0,0,0,1,0,0,0,17,0,0,1,0,1,0
61,21 Sep 2025,,48111v4jiyy0qxnv0csve64gk,Jon Ander González Esteban,Málaga CF,Cádiz CF,Mario Climent,0,0,0,1,1,0,0,0,24,0,0,0,0,2,1
61,21 Sep 2025,,48111v4jiyy0qxnv0csve64gk,Jon Ander González Esteban,Málaga CF,Cádiz CF,E. Ugiagbe,0,1,0,0,2,3,0,0,12,0,0,1,0,2,0
61,21 Sep 2025,,48111v4jiyy0qxnv0csve64gk,Jon Ander González Esteban,Málaga CF,Cádiz CF,Victor Aznar,0,0,0,0,0,0,0,0,33,0,5,0,0,0,0
61,21 Sep 2025,,48111v4jiyy0qxnv0csve64gk,Jon Ander González Esteban,Málaga CF,Cádiz CF,Álvaro García Pascual,0,0,1,0,0,1,0,0,15,0,0,3,1,0,0
61,21 Sep 2025,,48111v4jiyy0qxnv0csve64gk,Jon Ander González Esteban,Málaga CF,Cádiz CF,Iker Recio,0,0,0,0,0,2,0,0,26,0,0,0,0,2,0
61,21 Sep 2025,,48111v4jiyy0qxnv0csve64gk,Jon Ander González Esteban,Málaga CF,Cádiz CF,Sergio Ortuño,0,0,0,1,1,0,1,0,43,0,0,1,1,2,0
61,21 Sep 2025,,48111v4jiyy0qxnv0csve64gk,Jon Ander González Esteban,Málaga CF,Cádiz CF,Suso,0,0,0,1,1,0,0,0,34,0,0,0,0,1,0
61,21 Sep 2025,,48111v4jiyy0qxnv0csve64gk,Jon Ander González Esteban,Málaga CF,Cádiz CF,Iza Carcelén,0,0,1,1,2,2,0,0,38,0,0,0,0,5,1
61,21 Sep 2025,,48111v4jiyy0qxnv0csve64gk,Jon Ander González Esteban,Málaga CF,Cádiz CF,I. Tabatadze,0,0,0,1,0,0,0,0,6,0,0,1,1,1,0
61,21 Sep 2025,,48111v4jiyy0qxnv0csve64gk,Jon Ander González Esteban,Málaga CF,Cádiz CF,B. Ocampo,0,0,0,0,0,0,0,0,5,0,0,0,0,1,0
61,21 Sep 2025,,48111v4jiyy0qxnv0csve64gk,Jon Ander González Esteban,Málaga CF,Cádiz CF,Álex Fernández,0,0,0,2,0,0,0,0,13,0,0,0,0,0,0
61,21 Sep 2025,,48111v4jiyy0qxnv0csve64gk,Jon Ander González Esteban,Málaga CF,Cádiz CF,Y. Diarra,0,0,0,1,0,0,0,0,4,0,0,0,0,0,0
61,21 Sep 2025,,48111v4jiyy0qxnv0csve64gk,Jon Ander González Esteban,Málaga CF,Cádiz CF,D. Camara,0,0,0,0,0,0,0,0,5,0,0,0,0,0,0
62,20 Sep 2025,,48eug2jt505cavz2qrxi7fhn8,Marta Huerta de Aza,Cultural y Deportiva Leonesa,CD Castellón,Luis Chacón,0,1,0,2,2,0,0,0,33,0,0,3,1,3,0
62,20 Sep 2025,,48eug2jt505cavz2qrxi7fhn8,Marta Huerta de Aza,Cultural y Deportiva Leonesa,CD Castellón,Rodri Suárez,0,0,0,0,1,0,0,0,58,0,0,1,0,0,1
62,20 Sep 2025,,48eug2jt505cavz2qrxi7fhn8,Marta Huerta de Aza,Cultural y Deportiva Leonesa,CD Castellón,S. Diallo,0,0,0,0,2,0,0,0,29,0,0,0,0,3,0
62,20 Sep 2025,,48eug2jt505cavz2qrxi7fhn8,Marta Huerta de Aza,Cultural y Deportiva Leonesa,CD Castellón,Roger Hinojo,0,0,0,0,0,0,0,0,33,0,0,0,0,2,0
62,20 Sep 2025,,48eug2jt505cavz2qrxi7fhn8,Marta Huerta de Aza,Cultural y Deportiva Leonesa,CD Castellón,T. Ojeda,0,0,0,0,3,3,0,0,44,0,0,0,0,2,1
62,20 Sep 2025,,48eug2jt505cavz2qrxi7fhn8,Marta Huerta de Aza,Cultural y Deportiva Leonesa,CD Castellón,A. Pastoriza,0,0,0,0,0,3,0,0,20,0,0,2,0,1,0
62,20 Sep 2025,,48eug2jt505cavz2qrxi7fhn8,Marta Huerta de Aza,Cultural y Deportiva Leonesa,CD Castellón,Quique Fornos,0,0,0,0,0,1,0,0,4,0,0,0,0,0,0
62,20 Sep 2025,,48eug2jt505cavz2qrxi7fhn8,Marta Huerta de Aza,Cultural y Deportiva Leonesa,CD Castellón,Edgar Badia,0,0,0,0,0,0,0,0,29,0,5,0,0,0,0
62,20 Sep 2025,,48eug2jt505cavz2qrxi7fhn8,Marta Huerta de Aza,Cultural y Deportiva Leonesa,CD Castellón,Rubén Sobrino,0,1,0,1,2,1,0,0,8,0,0,1,0,1,0
62,20 Sep 2025,,48eug2jt505cavz2qrxi7fhn8,Marta Huerta de Aza,Cultural y Deportiva Leonesa,CD Castellón,Bicho,0,1,0,0,1,1,0,0,52,0,0,1,0,4,0
62,20 Sep 2025,,48eug2jt505cavz2qrxi7fhn8,Marta Huerta de Aza,Cultural y Deportiva Leonesa,CD Castellón,Iván Calero,0,0,0,2,2,0,0,0,48,1,0,0,0,3,0
62,20 Sep 2025,,48eug2jt505cavz2qrxi7fhn8,Marta Huerta de Aza,Cultural y Deportiva Leonesa,CD Castellón,Tomás Ribeiro,0,0,0,0,0,0,0,0,54,0,0,1,0,0,0
62,20 Sep 2025,,48eug2jt505cavz2qrxi7fhn8,Marta Huerta de Aza,Cultural y Deportiva Leonesa,CD Castellón,Paco Cortés,0,0,1,2,0,0,0,0,11,0,0,0,0,0,0
62,20 Sep 2025,,48eug2jt505cavz2qrxi7fhn8,Marta Huerta de Aza,Cultural y Deportiva Leonesa,CD Castellón,Jordi Mboula,0,0,0,0,2,1,0,0,8,0,0,0,0,1,0
62,20 Sep 2025,,48eug2jt505cavz2qrxi7fhn8,Marta Huerta de Aza,Cultural y Deportiva Leonesa,CD Castellón,Manu Justo,0,0,0,0,0,1,1,0,6,0,0,1,1,0,0
62,20 Sep 2025,,48eug2jt505cavz2qrxi7fhn8,Marta Huerta de Aza,Cultural y Deportiva Leonesa,CD Castellón,Juan Larios,0,0,0,0,0,0,0,0,6,0,0,0,0,2,0
62,20 Sep 2025,,48eug2jt505cavz2qrxi7fhn8,Marta Huerta de Aza,Cultural y Deportiva Leonesa,CD Castellón,J. Mellot,0,0,0,0,0,2,0,0,39,0,0,0,0,1,0
62,20 Sep 2025,,48eug2jt505cavz2qrxi7fhn8,Marta Huerta de Aza,Cultural y Deportiva Leonesa,CD Castellón,Barri,0,0,0,0,3,0,1,0,26,0,0,2,1,0,1
62,20 Sep 2025,,48eug2jt505cavz2qrxi7fhn8,Marta Huerta de Aza,Cultural y Deportiva Leonesa,CD Castellón,A. Sienra,0,0,0,0,0,0,0,0,33,0,0,0,0,4,0
62,20 Sep 2025,,48eug2jt505cavz2qrxi7fhn8,Marta Huerta de Aza,Cultural y Deportiva Leonesa,CD Castellón,Lucas Alcázar,0,0,0,1,1,0,0,0,24,0,0,0,0,1,1
62,20 Sep 2025,,48eug2jt505cavz2qrxi7fhn8,Marta Huerta de Aza,Cultural y Deportiva Leonesa,CD Castellón,Pablo Santiago,0,1,1,3,1,3,0,0,23,0,0,2,1,0,0
62,20 Sep 2025,,48eug2jt505cavz2qrxi7fhn8,Marta Huerta de Aza,Cultural y Deportiva Leonesa,CD Castellón,Alberto Jiménez,0,0,0,0,0,4,0,0,52,0,0,0,0,2,1
62,20 Sep 2025,,48eug2jt505cavz2qrxi7fhn8,Marta Huerta de Aza,Cultural y Deportiva Leonesa,CD Castellón,B. Cipenga,0,0,3,3,0,0,0,0,18,0,0,1,1,3,0
62,20 Sep 2025,,48eug2jt505cavz2qrxi7fhn8,Marta Huerta de Aza,Cultural y Deportiva Leonesa,CD Castellón,Ronaldo,0,0,0,2,2,3,0,0,28,0,0,1,0,1,1
62,20 Sep 2025,,48eug2jt505cavz2qrxi7fhn8,Marta Huerta de Aza,Cultural y Deportiva Leonesa,CD Castellón,Cala,1,0,0,2,1,1,1,0,26,0,0,3,2,1,0
62,20 Sep 2025,,48eug2jt505cavz2qrxi7fhn8,Marta Huerta de Aza,Cultural y Deportiva Leonesa,CD Castellón,A. Jakobsen,0,0,0,0,1,1,0,1,20,0,0,3,2,2,1
62,20 Sep 2025,,48eug2jt505cavz2qrxi7fhn8,Marta Huerta de Aza,Cultural y Deportiva Leonesa,CD Castellón,R. Matthys,0,0,0,0,0,0,0,0,35,0,1,0,0,0,0
62,20 Sep 2025,,48eug2jt505cavz2qrxi7fhn8,Marta Huerta de Aza,Cultural y Deportiva Leonesa,CD Castellón,Salva Ruiz,0,0,0,2,1,0,0,1,14,0,0,0,0,0,0
62,20 Sep 2025,,48eug2jt505cavz2qrxi7fhn8,Marta Huerta de Aza,Cultural y Deportiva Leonesa,CD Castellón,Beñat Gerenabarrena,0,0,0,0,0,0,0,0,15,0,0,0,0,1,0
62,20 Sep 2025,,48eug2jt505cavz2qrxi7fhn8,Marta Huerta de Aza,Cultural y Deportiva Leonesa,CD Castellón,M. Doué,0,0,0,0,0,0,0,0,9,0,0,0,0,1,0
62,20 Sep 2025,,48eug2jt505cavz2qrxi7fhn8,Marta Huerta de Aza,Cultural y Deportiva Leonesa,CD Castellón,F. Brignani,0,0,0,0,1,0,0,0,15,0,0,0,0,1,0
62,20 Sep 2025,,48eug2jt505cavz2qrxi7fhn8,Marta Huerta de Aza,Cultural y Deportiva Leonesa,CD Castellón,K. Mamah,0,0,0,1,0,0,1,0,9,0,0,1,1,0,0
63,21 Sep 2025,,48sew12y2v0b8sz1sncztzz84,Saúl Ais Reig,Albacete Balompié,Real Valladolid CF,Jefté Betancor,0,0,0,0,0,0,0,1,6,0,0,3,1,0,0
63,21 Sep 2025,,48sew12y2v0b8sz1sncztzz84,Saúl Ais Reig,Albacete Balompié,Real Valladolid CF,Agus Medina,0,0,1,2,2,2,1,0,24,0,0,5,4,2,0
63,21 Sep 2025,,48sew12y2v0b8sz1sncztzz84,Saúl Ais Reig,Albacete Balompié,Real Valladolid CF,Antonio Puertas,0,1,1,1,1,0,0,0,27,0,0,3,1,2,0
63,21 Sep 2025,,48sew12y2v0b8sz1sncztzz84,Saúl Ais Reig,Albacete Balompié,Real Valladolid CF,Pepe Sánchez,0,0,0,0,0,0,0,0,11,0,0,0,0,0,0
63,21 Sep 2025,,48sew12y2v0b8sz1sncztzz84,Saúl Ais Reig,Albacete Balompié,Real Valladolid CF,Fran Gámez,0,0,0,5,1,0,0,0,29,0,0,1,0,3,1
63,21 Sep 2025,,48sew12y2v0b8sz1sncztzz84,Saúl Ais Reig,Albacete Balompié,Real Valladolid CF,Carlos Neva,0,0,0,0,0,2,0,0,19,0,0,0,0,6,0
63,21 Sep 2025,,48sew12y2v0b8sz1sncztzz84,Saúl Ais Reig,Albacete Balompié,Real Valladolid CF,J. Gómez,0,2,0,2,0,2,0,0,20,0,0,2,0,3,0
63,21 Sep 2025,,48sew12y2v0b8sz1sncztzz84,Saúl Ais Reig,Albacete Balompié,Real Valladolid CF,Riki Rodríguez,1,0,0,0,0,3,0,0,28,0,0,1,0,2,0
63,21 Sep 2025,,48sew12y2v0b8sz1sncztzz84,Saúl Ais Reig,Albacete Balompié,Real Valladolid CF,Raúl Lizoain,0,0,0,0,0,0,0,0,19,0,5,0,0,0,0
63,21 Sep 2025,,48sew12y2v0b8sz1sncztzz84,Saúl Ais Reig,Albacete Balompié,Real Valladolid CF,Jesús Vallejo,0,0,0,0,1,0,0,0,21,0,0,0,0,0,0
63,21 Sep 2025,,48sew12y2v0b8sz1sncztzz84,Saúl Ais Reig,Albacete Balompié,Real Valladolid CF,Ale Meléndez,0,0,0,1,1,0,0,0,22,0,0,0,0,0,1
63,21 Sep 2025,,48sew12y2v0b8sz1sncztzz84,Saúl Ais Reig,Albacete Balompié,Real Valladolid CF,Javi Villar,0,0,0,0,1,0,0,1,13,0,0,1,0,2,0
63,21 Sep 2025,,48sew12y2v0b8sz1sncztzz84,Saúl Ais Reig,Albacete Balompié,Real Valladolid CF,Javi Moreno,0,0,0,0,0,0,0,0,2,0,0,0,0,0,0
63,21 Sep 2025,,48sew12y2v0b8sz1sncztzz84,Saúl Ais Reig,Albacete Balompié,Real Valladolid CF,Jon Morcillo,1,0,0,2,0,0,0,0,4,0,0,2,1,0,0
63,21 Sep 2025,,48sew12y2v0b8sz1sncztzz84,Saúl Ais Reig,Albacete Balompié,Real Valladolid CF,José Carlos Lazo,0,0,0,0,1,1,1,0,2,0,0,1,1,0,1
63,21 Sep 2025,,48sew12y2v0b8sz1sncztzz84,Saúl Ais Reig,Albacete Balompié,Real Valladolid CF,Lorenzo Aguado,0,0,0,1,0,1,0,0,2,0,0,0,0,0,0
63,21 Sep 2025,,48sew12y2v0b8sz1sncztzz84,Saúl Ais Reig,Albacete Balompié,Real Valladolid CF,S. Biuk,0,1,1,4,0,1,0,0,36,0,0,2,1,2,0
63,21 Sep 2025,,48sew12y2v0b8sz1sncztzz84,Saúl Ais Reig,Albacete Balompié,Real Valladolid CF,S. Jurić,0,0,0,0,1,0,0,0,75,0,0,0,0,2,0
63,21 Sep 2025,,48sew12y2v0b8sz1sncztzz84,Saúl Ais Reig,Albacete Balompié,Real Valladolid CF,Guille Bueno,0,0,0,7,0,1,0,1,32,0,0,0,0,2,0
63,21 Sep 2025,,48sew12y2v0b8sz1sncztzz84,Saúl Ais Reig,Albacete Balompié,Real Valladolid CF,David Torres,0,0,0,0,0,0,0,0,44,0,0,0,0,1,0
63,21 Sep 2025,,48sew12y2v0b8sz1sncztzz84,Saúl Ais Reig,Albacete Balompié,Real Valladolid CF,Guilherme Fernandes,0,0,0,0,0,0,0,0,21,0,6,0,0,0,0
63,21 Sep 2025,,48sew12y2v0b8sz1sncztzz84,Saúl Ais Reig,Albacete Balompié,Real Valladolid CF,Pablo Tomeo,0,0,0,1,1,1,0,0,34,0,0,1,0,0,1
63,21 Sep 2025,,48sew12y2v0b8sz1sncztzz84,Saúl Ais Reig,Albacete Balompié,Real Valladolid CF,Víctor Meseguer,0,0,0,0,2,0,0,0,39,0,0,2,1,1,0
63,21 Sep 2025,,48sew12y2v0b8sz1sncztzz84,Saúl Ais Reig,Albacete Balompié,Real Valladolid CF,J. Ponceau,0,1,2,2,0,2,0,0,34,0,0,1,0,0,0
63,21 Sep 2025,,48sew12y2v0b8sz1sncztzz84,Saúl Ais Reig,Albacete Balompié,Real Valladolid CF,A. Ndiaye,0,0,0,1,2,0,0,0,14,0,0,1,1,1,0
63,21 Sep 2025,,48sew12y2v0b8sz1sncztzz84,Saúl Ais Reig,Albacete Balompié,Real Valladolid CF,Juanmi Latasa,0,0,0,0,2,1,0,0,21,0,0,3,1,0,0
63,21 Sep 2025,,48sew12y2v0b8sz1sncztzz84,Saúl Ais Reig,Albacete Balompié,Real Valladolid CF,Iván Alejo,0,0,1,3,0,1,0,0,25,0,0,0,0,3,0
63,21 Sep 2025,,48sew12y2v0b8sz1sncztzz84,Saúl Ais Reig,Albacete Balompié,Real Valladolid CF,P. González,0,1,2,6,2,1,0,0,12,0,0,1,0,0,0
63,21 Sep 2025,,48sew12y2v0b8sz1sncztzz84,Saúl Ais Reig,Albacete Balompié,Real Valladolid CF,Adrián Arnu,0,0,0,0,1,0,0,0,8,0,0,0,0,0,0
63,21 Sep 2025,,48sew12y2v0b8sz1sncztzz84,Saúl Ais Reig,Albacete Balompié,Real Valladolid CF,M. Lachuer,0,1,0,0,1,0,0,0,17,0,0,3,1,0,0
63,21 Sep 2025,,48sew12y2v0b8sz1sncztzz84,Saúl Ais Reig,Albacete Balompié,Real Valladolid CF,Trilli,0,0,0,1,0,0,0,0,9,0,0,0,0,0,0
63,21 Sep 2025,,48sew12y2v0b8sz1sncztzz84,Saúl Ais Reig,Albacete Balompié,Real Valladolid CF,Iván Garriel,0,0,0,1,0,0,0,0,9,0,0,1,0,0,0
63,21 Sep 2025,,48sew12y2v0b8sz1sncztzz84,Saúl Ais Reig,Albacete Balompié,Real Valladolid CF,Sergi Canós,0,0,0,0,0,0,0,0,0,0,0,0,0,0,0
63,21 Sep 2025,,48sew12y2v0b8sz1sncztzz84,Saúl Ais Reig,Albacete Balompié,Real Valladolid CF,Álvaro Aceves,0,0,0,0,0,0,0,0,0,0,0,0,0,0,0
85,5 Oct 2025,,4h8xa206oewyduter4pmtgopg,Salvador Lax Franco,Real Valladolid CF,CD Mirandés,P. González,0,2,2,7,0,2,0,0,25,0,0,3,1,1,0
85,5 Oct 2025,,4h8xa206oewyduter4pmtgopg,Salvador Lax Franco,Real Valladolid CF,CD Mirandés,Pablo Tomeo,1,0,1,2,0,0,0,0,68,0,0,3,0,3,0
85,5 Oct 2025,,4h8xa206oewyduter4pmtgopg,Salvador Lax Franco,Real Valladolid CF,CD Mirandés,Juanmi Latasa,0,0,0,0,1,1,0,2,29,0,0,2,1,0,0
85,5 Oct 2025,,4h8xa206oewyduter4pmtgopg,Salvador Lax Franco,Real Valladolid CF,CD Mirandés,Iván Alejo,0,0,3,17,1,1,0,0,61,0,0,0,0,2,0
85,5 Oct 2025,,4h8xa206oewyduter4pmtgopg,Salvador Lax Franco,Real Valladolid CF,CD Mirandés,Sergi Canós,0,1,3,11,1,2,0,1,28,0,0,4,1,1,0
85,5 Oct 2025,,4h8xa206oewyduter4pmtgopg,Salvador Lax Franco,Real Valladolid CF,CD Mirandés,Víctor Meseguer,0,0,0,0,1,2,0,0,28,0,0,2,0,1,0
85,5 Oct 2025,,4h8xa206oewyduter4pmtgopg,Salvador Lax Franco,Real Valladolid CF,CD Mirandés,David Torres,0,0,0,0,1,0,0,0,68,0,0,0,0,1,0
85,5 Oct 2025,,4h8xa206oewyduter4pmtgopg,Salvador Lax Franco,Real Valladolid CF,CD Mirandés,Iván Garriel,0,0,1,7,1,0,0,0,55,0,0,0,0,0,0
85,5 Oct 2025,,4h8xa206oewyduter4pmtgopg,Salvador Lax Franco,Real Valladolid CF,CD Mirandés,S. Biuk,0,0,2,3,1,0,0,1,22,0,0,3,0,3,0
85,5 Oct 2025,,4h8xa206oewyduter4pmtgopg,Salvador Lax Franco,Real Valladolid CF,CD Mirandés,M. Lachuer,0,0,0,0,1,0,0,0,18,0,0,0,0,2,0
85,5 Oct 2025,,4h8xa206oewyduter4pmtgopg,Salvador Lax Franco,Real Valladolid CF,CD Mirandés,Guilherme Fernandes,0,0,0,0,0,0,0,0,35,0,1,0,0,0,0
85,5 Oct 2025,,4h8xa206oewyduter4pmtgopg,Salvador Lax Franco,Real Valladolid CF,CD Mirandés,I. Alani,0,0,0,2,0,3,0,0,28,0,0,0,0,1,0
85,5 Oct 2025,,4h8xa206oewyduter4pmtgopg,Salvador Lax Franco,Real Valladolid CF,CD Mirandés,Jorge Delgado,0,1,1,0,1,0,0,0,7,0,0,1,0,0,0
85,5 Oct 2025,,4h8xa206oewyduter4pmtgopg,Salvador Lax Franco,Real Valladolid CF,CD Mirandés,Chuki,0,0,1,5,0,0,0,0,10,0,0,2,1,0,0
85,5 Oct 2025,,4h8xa206oewyduter4pmtgopg,Salvador Lax Franco,Real Valladolid CF,CD Mirandés,J. Ponceau,0,0,0,0,0,0,1,0,19,0,0,2,1,1,0
85,5 Oct 2025,,4h8xa206oewyduter4pmtgopg,Salvador Lax Franco,Real Valladolid CF,CD Mirandés,Adrián Arnuncio Baquerín,0,0,0,0,0,0,0,0,0,0,0,0,0,0,0
85,5 Oct 2025,,4h8xa206oewyduter4pmtgopg,Salvador Lax Franco,Real Valladolid CF,CD Mirandés,Juan Gutiérrez,0,0,0,0,0,2,0,0,19,0,0,0,0,1,0
85,5 Oct 2025,,4h8xa206oewyduter4pmtgopg,Salvador Lax Franco,Real Valladolid CF,CD Mirandés,Hugo Novoa,0,1,1,2,1,1,0,0,14,0,0,1,0,3,0
85,5 Oct 2025,,4h8xa206oewyduter4pmtgopg,Salvador Lax Franco,Real Valladolid CF,CD Mirandés,Iker Córdoba,0,0,0,0,2,0,0,0,21,0,0,0,0,2,0
85,5 Oct 2025,,4h8xa206oewyduter4pmtgopg,Salvador Lax Franco,Real Valladolid CF,CD Mirandés,Marino Illescas,0,1,0,1,2,1,0,0,15,0,0,3,0,1,1
85,5 Oct 2025,,4h8xa206oewyduter4pmtgopg,Salvador Lax Franco,Real Valladolid CF,CD Mirandés,S. El Jebari,0,0,0,0,0,1,0,0,3,0,0,0,0,1,0
85,5 Oct 2025,,4h8xa206oewyduter4pmtgopg,Salvador Lax Franco,Real Valladolid CF,CD Mirandés,Martín Pascual,1,0,0,0,1,0,0,0,20,0,0,0,0,1,0
85,5 Oct 2025,,4h8xa206oewyduter4pmtgopg,Salvador Lax Franco,Real Valladolid CF,CD Mirandés,Ismael Barea,0,0,0,0,2,2,1,0,25,0,0,1,1,3,0
85,5 Oct 2025,,4h8xa206oewyduter4pmtgopg,Salvador Lax Franco,Real Valladolid CF,CD Mirandés,I. Nikić,0,0,0,0,0,0,0,0,38,0,4,0,0,0,0
85,5 Oct 2025,,4h8xa206oewyduter4pmtgopg,Salvador Lax Franco,Real Valladolid CF,CD Mirandés,G. Petit,0,0,1,0,0,0,0,0,14,0,0,1,0,0,0
85,5 Oct 2025,,4h8xa206oewyduter4pmtgopg,Salvador Lax Franco,Real Valladolid CF,CD Mirandés,Pablo Pérez,0,0,0,3,0,0,0,1,9,0,0,0,0,1,0
85,5 Oct 2025,,4h8xa206oewyduter4pmtgopg,Salvador Lax Franco,Real Valladolid CF,CD Mirandés,Rafel Bauzà,0,0,0,1,0,0,0,0,22,0,0,0,0,2,0
85,5 Oct 2025,,4h8xa206oewyduter4pmtgopg,Salvador Lax Franco,Real Valladolid CF,CD Mirandés,Fernando Medrano,0,0,0,0,0,0,0,0,11,0,0,0,0,1,0
85,5 Oct 2025,,4h8xa206oewyduter4pmtgopg,Salvador Lax Franco,Real Valladolid CF,CD Mirandés,T. Helguera,0,0,0,0,0,0,0,0,4,0,0,0,0,0,0
85,5 Oct 2025,,4h8xa206oewyduter4pmtgopg,Salvador Lax Franco,Real Valladolid CF,CD Mirandés,E. Eto'o,0,1,1,0,1,1,0,1,10,0,0,2,1,0,0
85,5 Oct 2025,,4h8xa206oewyduter4pmtgopg,Salvador Lax Franco,Real Valladolid CF,CD Mirandés,Carlos Fernández,0,1,0,0,2,0,0,0,4,0,0,2,0,0,0
85,5 Oct 2025,,4h8xa206oewyduter4pmtgopg,Salvador Lax Franco,Real Valladolid CF,CD Mirandés,Álex Cardero,0,0,0,1,0,1,0,0,6,0,0,0,0,0,0
85,5 Oct 2025,,4h8xa206oewyduter4pmtgopg,Salvador Lax Franco,Real Valladolid CF,CD Mirandés,Adrián Pica,0,0,0,0,0,0,0,0,0,0,0,0,0,0,1
86,5 Oct 2025,,4hmuitd4yaza0kinlm1yoaaz8,José Antonio Sánchez Villalobos,CD Castellón,Real Sporting de Gijón,Cala,0,2,1,5,2,2,1,0,51,0,0,3,1,2,0
86,5 Oct 2025,,4hmuitd4yaza0kinlm1yoaaz8,José Antonio Sánchez Villalobos,CD Castellón,Real Sporting de Gijón,Alberto Jiménez,0,0,0,0,0,3,0,0,73,0,0,0,0,1,0
86,5 Oct 2025,,4hmuitd4yaza0kinlm1yoaaz8,José Antonio Sánchez Villalobos,CD Castellón,Real Sporting de Gijón,J. Mellot,0,0,0,3,0,1,0,0,40,0,0,0,0,1,0
86,5 Oct 2025,,4hmuitd4yaza0kinlm1yoaaz8,José Antonio Sánchez Villalobos,CD Castellón,Real Sporting de Gijón,Ronaldo,0,2,0,5,1,3,0,0,46,0,0,3,0,2,0
86,5 Oct 2025,,4hmuitd4yaza0kinlm1yoaaz8,José Antonio Sánchez Villalobos,CD Castellón,Real Sporting de Gijón,B. Cipenga,1,0,0,4,0,1,0,0,31,0,0,2,1,2,0
86,5 Oct 2025,,4hmuitd4yaza0kinlm1yoaaz8,José Antonio Sánchez Villalobos,CD Castellón,Real Sporting de Gijón,Barri,0,0,0,0,1,0,0,0,42,0,0,0,0,2,0
86,5 Oct 2025,,4hmuitd4yaza0kinlm1yoaaz8,José Antonio Sánchez Villalobos,CD Castellón,Real Sporting de Gijón,Salva Ruiz,0,0,0,0,1,1,0,0,66,0,0,1,0,1,1
86,5 Oct 2025,,4hmuitd4yaza0kinlm1yoaaz8,José Antonio Sánchez Villalobos,CD Castellón,Real Sporting de Gijón,Lucas Alcázar,0,0,1,2,3,3,0,0,33,0,0,0,0,0,1
86,5 Oct 2025,,4hmuitd4yaza0kinlm1yoaaz8,José Antonio Sánchez Villalobos,CD Castellón,Real Sporting de Gijón,K. Mamah,0,0,0,0,0,0,0,0,20,0,0,0,0,0,0
86,5 Oct 2025,,4hmuitd4yaza0kinlm1yoaaz8,José Antonio Sánchez Villalobos,CD Castellón,Real Sporting de Gijón,A. Jakobsen,0,0,0,0,2,0,1,0,13,0,0,1,1,0,0
86,5 Oct 2025,,4hmuitd4yaza0kinlm1yoaaz8,José Antonio Sánchez Villalobos,CD Castellón,Real Sporting de Gijón,R. Matthys,0,0,0,0,0,0,0,0,25,0,3,0,0,0,0
86,5 Oct 2025,,4hmuitd4yaza0kinlm1yoaaz8,José Antonio Sánchez Villalobos,CD Castellón,Real Sporting de Gijón,M. Doué,0,0,1,0,1,2,0,0,17,0,0,1,1,0,0
86,5 Oct 2025,,4hmuitd4yaza0kinlm1yoaaz8,José Antonio Sánchez Villalobos,CD Castellón,Real Sporting de Gijón,Pablo Santiago,0,0,0,0,1,0,0,0,4,0,0,0,0,0,0
86,5 Oct 2025,,4hmuitd4yaza0kinlm1yoaaz8,José Antonio Sánchez Villalobos,CD Castellón,Real Sporting de Gijón,Tincho Conde,1,0,0,0,1,1,0,0,15,0,0,0,0,2,1
86,5 Oct 2025,,4hmuitd4yaza0kinlm1yoaaz8,José Antonio Sánchez Villalobos,CD Castellón,Real Sporting de Gijón,Beñat Gerenabarrena,0,0,0,0,0,0,0,0,6,0,0,0,0,1,0
86,5 Oct 2025,,4hmuitd4yaza0kinlm1yoaaz8,José Antonio Sánchez Villalobos,CD Castellón,Real Sporting de Gijón,O. Camara,0,0,0,0,0,0,1,0,4,0,0,1,1,0,0
86,5 Oct 2025,,4hmuitd4yaza0kinlm1yoaaz8,José Antonio Sánchez Villalobos,CD Castellón,Real Sporting de Gijón,Gaspar Campos,0,0,0,1,4,1,0,0,18,0,0,0,0,1,1
86,5 Oct 2025,,4hmuitd4yaza0kinlm1yoaaz8,José Antonio Sánchez Villalobos,CD Castellón,Real Sporting de Gijón,Guille Rosas,0,0,0,0,0,0,0,0,25,0,0,0,0,6,0
86,5 Oct 2025,,4hmuitd4yaza0kinlm1yoaaz8,José Antonio Sánchez Villalobos,CD Castellón,Real Sporting de Gijón,Pablo Vázquez,0,0,0,0,2,0,0,0,37,0,0,1,1,5,1
86,5 Oct 2025,,4hmuitd4yaza0kinlm1yoaaz8,José Antonio Sánchez Villalobos,CD Castellón,Real Sporting de Gijón,Rubén Yáñez,0,0,0,0,0,0,0,0,31,0,2,0,0,0,0
86,5 Oct 2025,,4hmuitd4yaza0kinlm1yoaaz8,José Antonio Sánchez Villalobos,CD Castellón,Real Sporting de Gijón,M. Loum,0,0,0,0,0,1,0,0,10,0,0,0,0,0,0
86,5 Oct 2025,,4hmuitd4yaza0kinlm1yoaaz8,José Antonio Sánchez Villalobos,CD Castellón,Real Sporting de Gijón,J. Otero,1,0,0,2,2,4,0,0,20,0,0,2,2,2,0
86,5 Oct 2025,,4hmuitd4yaza0kinlm1yoaaz8,José Antonio Sánchez Villalobos,CD Castellón,Real Sporting de Gijón,Álex Corredera,0,1,0,2,1,1,0,0,12,0,0,1,0,2,1
86,5 Oct 2025,,4hmuitd4yaza0kinlm1yoaaz8,José Antonio Sánchez Villalobos,CD Castellón,Real Sporting de Gijón,César Gelabert,0,0,1,3,0,0,0,0,34,0,0,0,0,4,0
86,5 Oct 2025,,4hmuitd4yaza0kinlm1yoaaz8,José Antonio Sánchez Villalobos,CD Castellón,Real Sporting de Gijón,L. Perrin,0,0,0,0,1,2,0,0,16,0,0,0,0,1,0
86,5 Oct 2025,,4hmuitd4yaza0kinlm1yoaaz8,José Antonio Sánchez Villalobos,CD Castellón,Real Sporting de Gijón,Jonathan Dubasin,0,0,0,0,4,3,1,0,15,0,0,1,1,0,0
86,5 Oct 2025,,4hmuitd4yaza0kinlm1yoaaz8,José Antonio Sánchez Villalobos,CD Castellón,Real Sporting de Gijón,Diego Sánchez,0,0,0,0,1,0,0,0,7,0,0,0,0,1,0
86,5 Oct 2025,,4hmuitd4yaza0kinlm1yoaaz8,José Antonio Sánchez Villalobos,CD Castellón,Real Sporting de Gijón,Y. Kembo,0,0,0,0,0,1,0,0,27,0,0,0,0,1,1
86,5 Oct 2025,,4hmuitd4yaza0kinlm1yoaaz8,José Antonio Sánchez Villalobos,CD Castellón,Real Sporting de Gijón,Pablo García,0,0,0,4,0,0,0,0,19,0,0,0,0,2,0
86,5 Oct 2025,,4hmuitd4yaza0kinlm1yoaaz8,José Antonio Sánchez Villalobos,CD Castellón,Real Sporting de Gijón,Ó. Cortés,0,0,0,1,1,0,0,0,6,0,0,0,0,0,1
86,5 Oct 2025,,4hmuitd4yaza0kinlm1yoaaz8,José Antonio Sánchez Villalobos,CD Castellón,Real Sporting de Gijón,J. Smith,0,0,0,0,1,0,0,0,8,0,0,0,0,1,1
86,5 Oct 2025,,4hmuitd4yaza0kinlm1yoaaz8,José Antonio Sánchez Villalobos,CD Castellón,Real Sporting de Gijón,A. Coundoul,0,0,0,0,1,0,0,0,1,0,0,0,0,0,0
87,3 Oct 2025,,4i2mjgcpbglmnzggr2s81ukus,Alonso de Ena Wolf,AD Ceuta FC,SD Eibar,Carlos Hernández,0,0,0,0,1,2,0,0,57,0,0,0,0,1,0
87,3 Oct 2025,,4i2mjgcpbglmnzggr2s81ukus,Alonso de Ena Wolf,AD Ceuta FC,SD Eibar,Diego González,0,0,0,0,0,1,0,0,74,0,0,2,1,1,0
87,3 Oct 2025,,4i2mjgcpbglmnzggr2s81ukus,Alonso de Ena Wolf,AD Ceuta FC,SD Eibar,A. Tuhami,0,0,0,1,2,1,0,0,46,0,0,0,0,0,1
87,3 Oct 2025,,4i2mjgcpbglmnzggr2s81ukus,Alonso de Ena Wolf,AD Ceuta FC,SD Eibar,Rubén Díez,0,1,1,3,3,1,0,0,64,0,0,1,0,4,1
87,3 Oct 2025,,4i2mjgcpbglmnzggr2s81ukus,Alonso de Ena Wolf,AD Ceuta FC,SD Eibar,José Matos,0,0,0,5,2,1,0,1,31,0,0,1,0,2,0
87,3 Oct 2025,,4i2mjgcpbglmnzggr2s81ukus,Alonso de Ena Wolf,AD Ceuta FC,SD Eibar,K. Koné,0,0,1,5,1,1,0,1,34,0,0,0,0,0,0
87,3 Oct 2025,,4i2mjgcpbglmnzggr2s81ukus,Alonso de Ena Wolf,AD Ceuta FC,SD Eibar,Kuki Zalazar,1,1,2,4,0,0,0,0,32,0,0,2,1,1,0
87,3 Oct 2025,,4i2mjgcpbglmnzggr2s81ukus,Alonso de Ena Wolf,AD Ceuta FC,SD Eibar,Marcos Fernández,0,1,1,0,2,0,0,0,20,0,0,3,0,2,0
87,3 Oct 2025,,4i2mjgcpbglmnzggr2s81ukus,Alonso de Ena Wolf,AD Ceuta FC,SD Eibar,Y. Lachhab,0,0,0,0,1,0,1,0,72,0,0,1,1,5,0
87,3 Oct 2025,,4i2mjgcpbglmnzggr2s81ukus,Alonso de Ena Wolf,AD Ceuta FC,SD Eibar,Guille Vallejo,0,0,0,0,0,0,0,0,26,0,1,0,0,0,0
87,3 Oct 2025,,4i2mjgcpbglmnzggr2s81ukus,Alonso de Ena Wolf,AD Ceuta FC,SD Eibar,Aisar,0,1,1,6,0,1,0,0,31,0,0,1,0,0,0
87,3 Oct 2025,,4i2mjgcpbglmnzggr2s81ukus,Alonso de Ena Wolf,AD Ceuta FC,SD Eibar,Salvi Sánchez,0,1,1,0,1,0,0,0,7,0,0,1,0,0,1
87,3 Oct 2025,,4i2mjgcpbglmnzggr2s81ukus,Alonso de Ena Wolf,AD Ceuta FC,SD Eibar,K. de la Fuente,0,0,0,0,0,1,0,0,5,0,0,0,0,0,1
87,3 Oct 2025,,4i2mjgcpbglmnzggr2s81ukus,Alonso de Ena Wolf,AD Ceuta FC,SD Eibar,Andy Escudero,0,0,0,1,0,0,0,0,8,0,0,0,0,0,0
87,3 Oct 2025,,4i2mjgcpbglmnzggr2s81ukus,Alonso de Ena Wolf,AD Ceuta FC,SD Eibar,S. Obeng,0,0,0,0,0,0,0,0,1,0,0,0,0,0,0
87,3 Oct 2025,,4i2mjgcpbglmnzggr2s81ukus,Alonso de Ena Wolf,AD Ceuta FC,SD Eibar,Y. Bodiger,0,0,0,0,0,0,0,0,6,0,0,0,0,0,0
87,3 Oct 2025,,4i2mjgcpbglmnzggr2s81ukus,Alonso de Ena Wolf,AD Ceuta FC,SD Eibar,Jon Magunazelaia,0,0,0,0,1,0,0,0,16,0,0,0,0,0,0
87,3 Oct 2025,,4i2mjgcpbglmnzggr2s81ukus,Alonso de Ena Wolf,AD Ceuta FC,SD Eibar,Jonmi Magunagoitia,0,0,0,0,0,0,0,0,38,0,2,0,0,0,0
87,3 Oct 2025,,4i2mjgcpbglmnzggr2s81ukus,Alonso de Ena Wolf,AD Ceuta FC,SD Eibar,Sergio Cubero,0,0,0,3,1,0,0,0,16,0,0,0,0,4,0
87,3 Oct 2025,,4i2mjgcpbglmnzggr2s81ukus,Alonso de Ena Wolf,AD Ceuta FC,SD Eibar,Jon Bautista,0,0,1,1,4,1,0,0,16,0,0,2,0,0,0
87,3 Oct 2025,,4i2mjgcpbglmnzggr2s81ukus,Alonso de Ena Wolf,AD Ceuta FC,SD Eibar,Peru Nolaskoain,0,0,0,0,1,2,0,0,52,0,0,1,0,3,0
87,3 Oct 2025,,4i2mjgcpbglmnzggr2s81ukus,Alonso de Ena Wolf,AD Ceuta FC,SD Eibar,José Corpas,0,0,0,2,1,2,0,0,17,0,0,0,0,1,1
87,3 Oct 2025,,4i2mjgcpbglmnzggr2s81ukus,Alonso de Ena Wolf,AD Ceuta FC,SD Eibar,Marco Moreno,0,0,0,0,0,2,0,0,34,0,0,0,0,0,0
87,3 Oct 2025,,4i2mjgcpbglmnzggr2s81ukus,Alonso de Ena Wolf,AD Ceuta FC,SD Eibar,Leonardo Buta,0,0,0,0,1,0,0,0,7,1,0,0,0,0,0
87,3 Oct 2025,,4i2mjgcpbglmnzggr2s81ukus,Alonso de Ena Wolf,AD Ceuta FC,SD Eibar,Adu Ares,0,0,0,0,1,0,0,0,5,0,0,0,0,0,0
87,3 Oct 2025,,4i2mjgcpbglmnzggr2s81ukus,Alonso de Ena Wolf,AD Ceuta FC,SD Eibar,Sergio Álvarez,0,0,0,1,0,1,0,0,35,0,0,0,0,4,0
87,3 Oct 2025,,4i2mjgcpbglmnzggr2s81ukus,Alonso de Ena Wolf,AD Ceuta FC,SD Eibar,Aleix Garrido,0,0,0,0,0,1,0,0,11,0,0,0,0,1,0
87,3 Oct 2025,,4i2mjgcpbglmnzggr2s81ukus,Alonso de Ena Wolf,AD Ceuta FC,SD Eibar,Álvaro Rodríguez,0,0,1,4,0,1,0,0,15,0,0,0,0,0,0
87,3 Oct 2025,,4i2mjgcpbglmnzggr2s81ukus,Alonso de Ena Wolf,AD Ceuta FC,SD Eibar,Javi Martínez,0,1,1,3,0,1,0,0,24,0,0,1,0,0,0
87,3 Oct 2025,,4i2mjgcpbglmnzggr2s81ukus,Alonso de Ena Wolf,AD Ceuta FC,SD Eibar,Javi Martón,0,0,0,0,0,1,0,0,9,0,0,1,1,0,0
87,3 Oct 2025,,4i2mjgcpbglmnzggr2s81ukus,Alonso de Ena Wolf,AD Ceuta FC,SD Eibar,Jon Guruzeta,0,0,0,0,0,1,0,0,6,0,0,0,0,1,0
87,3 Oct 2025,,4i2mjgcpbglmnzggr2s81ukus,Alonso de Ena Wolf,AD Ceuta FC,SD Eibar,Anaitz Arbilla,0,0,0,0,0,0,0,0,7,0,0,0,0,2,0
88,4 Oct 2025,,4igk8fx1p3qox0cxe66gm2jo4,Miguel González Díaz,Granada CF,Real Sociedad de Fútbol,Pedro Alemañ,1,1,1,4,2,2,0,0,23,0,0,1,0,2,0
88,4 Oct 2025,,4igk8fx1p3qox0cxe66gm2jo4,Miguel González Díaz,Granada CF,Real Sociedad de Fútbol,Manu Lama,0,0,0,0,1,2,0,0,51,0,0,0,0,1,0
88,4 Oct 2025,,4igk8fx1p3qox0cxe66gm2jo4,Miguel González Díaz,Granada CF,Real Sociedad de Fútbol,O. Oppong,0,0,0,1,2,1,1,0,29,0,0,1,1,1,0
88,4 Oct 2025,,4igk8fx1p3qox0cxe66gm2jo4,Miguel González Díaz,Granada CF,Real Sociedad de Fútbol,L. Zidane,0,0,0,0,0,0,0,0,43,0,6,0,0,0,0
88,4 Oct 2025,,4igk8fx1p3qox0cxe66gm2jo4,Miguel González Díaz,Granada CF,Real Sociedad de Fútbol,Álex Sola,1,0,0,3,4,5,1,0,21,0,0,1,1,4,0
88,4 Oct 2025,,4igk8fx1p3qox0cxe66gm2jo4,Miguel González Díaz,Granada CF,Real Sociedad de Fútbol,Pau Casadesús,0,0,0,0,1,0,0,0,14,0,0,0,0,3,1
88,4 Oct 2025,,4igk8fx1p3qox0cxe66gm2jo4,Miguel González Díaz,Granada CF,Real Sociedad de Fútbol,Sergio Ruiz,0,0,0,1,1,4,0,0,39,0,0,0,0,3,0
88,4 Oct 2025,,4igk8fx1p3qox0cxe66gm2jo4,Miguel González Díaz,Granada CF,Real Sociedad de Fútbol,Jorge Pascual,0,1,1,0,0,0,0,0,17,0,0,3,0,1,0
88,4 Oct 2025,,4igk8fx1p3qox0cxe66gm2jo4,Miguel González Díaz,Granada CF,Real Sociedad de Fútbol,S. Faye,0,0,0,0,0,2,2,0,12,0,0,2,2,2,0
88,4 Oct 2025,,4igk8fx1p3qox0cxe66gm2jo4,Miguel González Díaz,Granada CF,Real Sociedad de Fútbol,Rubén Alcaraz,0,0,0,1,2,1,1,0,17,0,0,1,1,1,0
88,4 Oct 2025,,4igk8fx1p3qox0cxe66gm2jo4,Miguel González Díaz,Granada CF,Real Sociedad de Fútbol,B. Diallo,0,0,0,2,2,1,0,0,17,0,0,0,0,1,1
88,4 Oct 2025,,4igk8fx1p3qox0cxe66gm2jo4,Miguel González Díaz,Granada CF,Real Sociedad de Fútbol,Diego Hormigo,0,0,0,1,0,0,0,0,12,0,0,1,0,0,0
88,4 Oct 2025,,4igk8fx1p3qox0cxe66gm2jo4,Miguel González Díaz,Granada CF,Real Sociedad de Fútbol,Manu Trigueros,0,0,0,0,0,0,0,0,17,0,0,1,0,1,0
88,4 Oct 2025,,4igk8fx1p3qox0cxe66gm2jo4,Miguel González Díaz,Granada CF,Real Sociedad de Fútbol,José Arnáiz,0,0,0,0,2,0,0,0,7,0,0,1,0,1,0
88,4 Oct 2025,,4igk8fx1p3qox0cxe66gm2jo4,Miguel González Díaz,Granada CF,Real Sociedad de Fútbol,Loïc Williams,0,1,0,0,0,0,0,0,6,0,0,1,0,0,0
88,4 Oct 2025,,4igk8fx1p3qox0cxe66gm2jo4,Miguel González Díaz,Granada CF,Real Sociedad de Fútbol,M. Bouldini,0,0,0,0,1,0,0,1,5,0,0,0,0,0,0
88,4 Oct 2025,,4igk8fx1p3qox0cxe66gm2jo4,Miguel González Díaz,Granada CF,Real Sociedad de Fútbol,Alberto Dadie,0,0,0,0,1,0,0,0,19,0,0,0,0,0,0
88,4 Oct 2025,,4igk8fx1p3qox0cxe66gm2jo4,Miguel González Díaz,Granada CF,Real Sociedad de Fútbol,Peru Rodríguez,0,0,0,0,0,0,0,0,77,0,0,0,0,4,0
88,4 Oct 2025,,4igk8fx1p3qox0cxe66gm2jo4,Miguel González Díaz,Granada CF,Real Sociedad de Fútbol,J. Ochieng,1,0,0,1,2,2,0,1,8,0,0,0,0,0,1
88,4 Oct 2025,,4igk8fx1p3qox0cxe66gm2jo4,Miguel González Díaz,Granada CF,Real Sociedad de Fútbol,Unax Agote,0,0,0,1,1,1,0,0,13,0,0,0,0,0,1
88,4 Oct 2025,,4igk8fx1p3qox0cxe66gm2jo4,Miguel González Díaz,Granada CF,Real Sociedad de Fútbol,Aitor Fraga,0,0,0,0,0,0,0,0,24,0,0,0,0,0,0
88,4 Oct 2025,,4igk8fx1p3qox0cxe66gm2jo4,Miguel González Díaz,Granada CF,Real Sociedad de Fútbol,Tomás Carbonell,0,0,0,0,2,2,0,0,53,0,0,1,1,3,1
88,4 Oct 2025,,4igk8fx1p3qox0cxe66gm2jo4,Miguel González Díaz,Granada CF,Real Sociedad de Fútbol,Jon Balda,0,0,0,1,0,2,0,0,59,0,0,1,0,1,0
88,4 Oct 2025,,4igk8fx1p3qox0cxe66gm2jo4,Miguel González Díaz,Granada CF,Real Sociedad de Fútbol,Gorka Carrera,0,0,0,0,2,3,1,0,24,0,0,2,2,1,0
88,4 Oct 2025,,4igk8fx1p3qox0cxe66gm2jo4,Miguel González Díaz,Granada CF,Real Sociedad de Fútbol,Mikel Rodríguez,0,1,1,2,3,3,1,0,25,0,0,2,1,1,0
88,4 Oct 2025,,4igk8fx1p3qox0cxe66gm2jo4,Miguel González Díaz,Granada CF,Real Sociedad de Fútbol,Ekain Orobengoa,0,0,0,0,1,0,0,0,10,0,0,2,1,1,0
88,4 Oct 2025,,4igk8fx1p3qox0cxe66gm2jo4,Miguel González Díaz,Granada CF,Real Sociedad de Fútbol,Gorka Gorosabel,1,0,1,4,5,0,0,1,20,0,0,0,0,6,1
88,4 Oct 2025,,4igk8fx1p3qox0cxe66gm2jo4,Miguel González Díaz,Granada CF,Real Sociedad de Fútbol,Jon Garro,0,0,0,3,0,2,0,0,20,0,0,0,0,1,0
88,4 Oct 2025,,4igk8fx1p3qox0cxe66gm2jo4,Miguel González Díaz,Granada CF,Real Sociedad de Fútbol,A. Lebarbier,0,0,0,0,0,0,0,0,45,0,0,1,0,1,0
88,4 Oct 2025,,4igk8fx1p3qox0cxe66gm2jo4,Miguel González Díaz,Granada CF,Real Sociedad de Fútbol,Dani Díaz,0,1,3,6,0,0,0,0,11,0,0,3,2,1,0
88,4 Oct 2025,,4igk8fx1p3qox0cxe66gm2jo4,Miguel González Díaz,Granada CF,Real Sociedad de Fútbol,Arkaitz Mariezkurrena,0,1,0,0,1,0,0,0,10,0,0,2,1,0,0
88,4 Oct 2025,,4igk8fx1p3qox0cxe66gm2jo4,Miguel González Díaz,Granada CF,Real Sociedad de Fútbol,Alex Marchal,0,0,0,1,0,2,0,0,4,0,0,0,0,1,0
88,4 Oct 2025,,4igk8fx1p3qox0cxe66gm2jo4,Miguel González Díaz,Granada CF,Real Sociedad de Fútbol,Lander Astiazarán,0,0,0,0,0,0,0,0,0,0,0,0,0,0,0
89,13 Oct 2025,,4iur6fn2phpluh4gwlaxa0npw,Gorka Etayo Herrera,Córdoba FC,Cultural y Deportiva Leonesa,Dani Requena,0,0,0,1,1,1,0,0,25,0,0,0,0,3,1
89,13 Oct 2025,,4iur6fn2phpluh4gwlaxa0npw,Gorka Etayo Herrera,Córdoba FC,Cultural y Deportiva Leonesa,Carlos Isaac,0,1,0,0,1,0,0,1,32,0,0,3,0,6,1
89,13 Oct 2025,,4iur6fn2phpluh4gwlaxa0npw,Gorka Etayo Herrera,Córdoba FC,Cultural y Deportiva Leonesa,Jacobo González,0,0,0,1,2,0,0,0,22,0,0,1,1,5,0
89,13 Oct 2025,,4iur6fn2phpluh4gwlaxa0npw,Gorka Etayo Herrera,Córdoba FC,Cultural y Deportiva Leonesa,Rubén Alves,0,0,0,0,6,2,0,0,46,0,0,0,0,1,1
89,13 Oct 2025,,4iur6fn2phpluh4gwlaxa0npw,Gorka Etayo Herrera,Córdoba FC,Cultural y Deportiva Leonesa,Dali,1,1,1,3,2,1,0,0,21,0,0,2,0,1,0
89,13 Oct 2025,,4iur6fn2phpluh4gwlaxa0npw,Gorka Etayo Herrera,Córdoba FC,Cultural y Deportiva Leonesa,Isma Ruiz,0,1,0,0,2,2,0,0,45,0,0,1,0,5,0
89,13 Oct 2025,,4iur6fn2phpluh4gwlaxa0npw,Gorka Etayo Herrera,Córdoba FC,Cultural y Deportiva Leonesa,Cristian Carracedo,0,0,0,6,0,2,0,0,34,0,0,1,0,2,0
89,13 Oct 2025,,4iur6fn2phpluh4gwlaxa0npw,Gorka Etayo Herrera,Córdoba FC,Cultural y Deportiva Leonesa,Ignasi Vilarrasa,0,0,1,0,1,1,0,0,41,0,0,3,0,2,0
89,13 Oct 2025,,4iur6fn2phpluh4gwlaxa0npw,Gorka Etayo Herrera,Córdoba FC,Cultural y Deportiva Leonesa,Carlos Marín,0,0,0,0,0,0,0,0,30,0,5,0,0,0,0
89,13 Oct 2025,,4iur6fn2phpluh4gwlaxa0npw,Gorka Etayo Herrera,Córdoba FC,Cultural y Deportiva Leonesa,F. Fomeyem,0,0,0,0,1,1,0,0,55,0,0,0,0,1,0
89,13 Oct 2025,,4iur6fn2phpluh4gwlaxa0npw,Gorka Etayo Herrera,Córdoba FC,Cultural y Deportiva Leonesa,Fuentes,0,0,0,0,1,0,1,1,10,0,0,4,1,0,0
89,13 Oct 2025,,4iur6fn2phpluh4gwlaxa0npw,Gorka Etayo Herrera,Córdoba FC,Cultural y Deportiva Leonesa,Alberto del Moral,0,1,1,0,0,1,0,0,13,0,0,1,0,2,0
89,13 Oct 2025,,4iur6fn2phpluh4gwlaxa0npw,Gorka Etayo Herrera,Córdoba FC,Cultural y Deportiva Leonesa,Sergi Guardiola,0,0,0,0,0,1,0,0,6,0,0,1,1,1,0
89,13 Oct 2025,,4iur6fn2phpluh4gwlaxa0npw,Gorka Etayo Herrera,Córdoba FC,Cultural y Deportiva Leonesa,T. Zidane,0,0,0,0,1,1,0,0,8,0,0,0,0,0,0
89,13 Oct 2025,,4iur6fn2phpluh4gwlaxa0npw,Gorka Etayo Herrera,Córdoba FC,Cultural y Deportiva Leonesa,Diego Bri,0,0,0,1,1,0,0,0,4,0,0,0,0,0,0
89,13 Oct 2025,,4iur6fn2phpluh4gwlaxa0npw,Gorka Etayo Herrera,Córdoba FC,Cultural y Deportiva Leonesa,Kevin Medina,0,0,1,2,0,0,0,0,4,0,0,2,2,0,1
89,13 Oct 2025,,4iur6fn2phpluh4gwlaxa0npw,Gorka Etayo Herrera,Córdoba FC,Cultural y Deportiva Leonesa,T. Ojeda,0,0,0,1,2,1,0,0,45,0,0,0,0,4,0
89,13 Oct 2025,,4iur6fn2phpluh4gwlaxa0npw,Gorka Etayo Herrera,Córdoba FC,Cultural y Deportiva Leonesa,Roger Hinojo,0,0,0,2,1,2,0,0,24,0,0,1,0,3,1
89,13 Oct 2025,,4iur6fn2phpluh4gwlaxa0npw,Gorka Etayo Herrera,Córdoba FC,Cultural y Deportiva Leonesa,V. García,0,0,0,1,0,3,0,0,38,0,0,0,0,2,0
89,13 Oct 2025,,4iur6fn2phpluh4gwlaxa0npw,Gorka Etayo Herrera,Córdoba FC,Cultural y Deportiva Leonesa,Luis Chacón,0,1,1,3,1,1,0,1,27,0,0,2,1,1,0
89,13 Oct 2025,,4iur6fn2phpluh4gwlaxa0npw,Gorka Etayo Herrera,Córdoba FC,Cultural y Deportiva Leonesa,Edgar Badia,0,0,0,0,0,0,0,0,29,0,3,0,0,0,0
89,13 Oct 2025,,4iur6fn2phpluh4gwlaxa0npw,Gorka Etayo Herrera,Córdoba FC,Cultural y Deportiva Leonesa,M. Barzić,0,0,1,0,0,0,0,0,27,0,0,1,1,1,0
89,13 Oct 2025,,4iur6fn2phpluh4gwlaxa0npw,Gorka Etayo Herrera,Córdoba FC,Cultural y Deportiva Leonesa,Rodri Suárez,0,0,0,0,1,0,0,0,33,0,0,1,1,3,0
89,13 Oct 2025,,4iur6fn2phpluh4gwlaxa0npw,Gorka Etayo Herrera,Córdoba FC,Cultural y Deportiva Leonesa,Manu Justo,0,0,0,0,0,3,0,1,6,0,0,3,1,1,0
89,13 Oct 2025,,4iur6fn2phpluh4gwlaxa0npw,Gorka Etayo Herrera,Córdoba FC,Cultural y Deportiva Leonesa,Rubén Sobrino,0,0,0,3,3,3,0,1,25,0,0,1,0,4,0
89,13 Oct 2025,,4iur6fn2phpluh4gwlaxa0npw,Gorka Etayo Herrera,Córdoba FC,Cultural y Deportiva Leonesa,Diego Collado,0,0,1,3,1,1,0,0,6,0,0,0,0,2,0
89,13 Oct 2025,,4iur6fn2phpluh4gwlaxa0npw,Gorka Etayo Herrera,Córdoba FC,Cultural y Deportiva Leonesa,Bicho,0,0,0,0,1,0,0,0,22,0,0,0,0,1,0
89,13 Oct 2025,,4iur6fn2phpluh4gwlaxa0npw,Gorka Etayo Herrera,Córdoba FC,Cultural y Deportiva Leonesa,S. Diallo,0,0,1,1,2,1,0,0,13,0,0,0,0,0,0
89,13 Oct 2025,,4iur6fn2phpluh4gwlaxa0npw,Gorka Etayo Herrera,Córdoba FC,Cultural y Deportiva Leonesa,Lucas Ribeiro Costa,0,0,1,2,0,1,0,1,7,0,0,2,1,0,0
89,13 Oct 2025,,4iur6fn2phpluh4gwlaxa0npw,Gorka Etayo Herrera,Córdoba FC,Cultural y Deportiva Leonesa,Paco Cortés,0,3,1,2,0,3,0,0,3,0,0,4,0,0,1
89,13 Oct 2025,,4iur6fn2phpluh4gwlaxa0npw,Gorka Etayo Herrera,Córdoba FC,Cultural y Deportiva Leonesa,Iván Calero,0,0,0,1,1,0,0,0,5,0,0,0,0,0,0
89,13 Oct 2025,,4iur6fn2phpluh4gwlaxa0npw,Gorka Etayo Herrera,Córdoba FC,Cultural y Deportiva Leonesa,D. Paraschiv,0,0,0,0,0,0,0,0,4,0,0,0,0,1,0
90,10 Oct 2025,,4j8i3imoc19gdhpvc0kkcsbo4,Álvaro Moreno Aragón,Granada CF,UD Las Palmas,Álex Sola,0,0,2,6,0,1,0,0,17,0,0,2,1,3,0
90,10 Oct 2025,,4j8i3imoc19gdhpvc0kkcsbo4,Álvaro Moreno Aragón,Granada CF,UD Las Palmas,Rubén Alcaraz,0,0,1,1,5,0,0,0,26,0,0,0,0,2,0
90,10 Oct 2025,,4j8i3imoc19gdhpvc0kkcsbo4,Álvaro Moreno Aragón,Granada CF,UD Las Palmas,Sergio Ruiz,0,0,0,3,2,0,0,0,26,0,0,2,0,2,0
90,10 Oct 2025,,4j8i3imoc19gdhpvc0kkcsbo4,Álvaro Moreno Aragón,Granada CF,UD Las Palmas,S. Faye,0,0,1,2,2,1,0,1,20,0,0,3,0,0,0
90,10 Oct 2025,,4j8i3imoc19gdhpvc0kkcsbo4,Álvaro Moreno Aragón,Granada CF,UD Las Palmas,B. Diallo,0,0,1,4,1,1,0,0,20,0,0,0,0,1,1
90,10 Oct 2025,,4j8i3imoc19gdhpvc0kkcsbo4,Álvaro Moreno Aragón,Granada CF,UD Las Palmas,Pau Casadesús,0,0,0,0,1,0,0,0,24,0,0,0,0,0,0
90,10 Oct 2025,,4j8i3imoc19gdhpvc0kkcsbo4,Álvaro Moreno Aragón,Granada CF,UD Las Palmas,O. Oppong,0,0,0,1,0,2,0,0,45,0,0,1,0,3,0
90,10 Oct 2025,,4j8i3imoc19gdhpvc0kkcsbo4,Álvaro Moreno Aragón,Granada CF,UD Las Palmas,Pedro Alemañ,0,1,0,1,3,3,0,0,21,0,0,1,0,0,0
90,10 Oct 2025,,4j8i3imoc19gdhpvc0kkcsbo4,Álvaro Moreno Aragón,Granada CF,UD Las Palmas,Manu Lama,0,0,0,0,3,1,0,0,38,0,0,0,0,0,0
90,10 Oct 2025,,4j8i3imoc19gdhpvc0kkcsbo4,Álvaro Moreno Aragón,Granada CF,UD Las Palmas,Jorge Pascual,0,1,0,1,1,0,0,0,5,0,0,2,0,1,0
90,10 Oct 2025,,4j8i3imoc19gdhpvc0kkcsbo4,Álvaro Moreno Aragón,Granada CF,UD Las Palmas,Íker García,0,0,0,0,0,0,0,0,28,0,1,0,0,0,0
90,10 Oct 2025,,4j8i3imoc19gdhpvc0kkcsbo4,Álvaro Moreno Aragón,Granada CF,UD Las Palmas,M. Bouldini,0,0,0,0,0,0,0,0,0,0,0,0,0,0,0
90,10 Oct 2025,,4j8i3imoc19gdhpvc0kkcsbo4,Álvaro Moreno Aragón,Granada CF,UD Las Palmas,Pablo Sáenz,0,0,2,4,0,1,0,0,0,0,0,0,0,1,0
90,10 Oct 2025,,4j8i3imoc19gdhpvc0kkcsbo4,Álvaro Moreno Aragón,Granada CF,UD Las Palmas,L. Gagnidze,0,0,0,0,0,0,0,0,4,0,0,0,0,0,0
90,10 Oct 2025,,4j8i3imoc19gdhpvc0kkcsbo4,Álvaro Moreno Aragón,Granada CF,UD Las Palmas,Manu Trigueros,0,0,0,0,0,0,0,0,2,0,0,0,0,0,0
90,10 Oct 2025,,4j8i3imoc19gdhpvc0kkcsbo4,Álvaro Moreno Aragón,Granada CF,UD Las Palmas,Samu Cortés,0,0,0,0,0,0,0,0,1,0,0,0,0,0,0
90,10 Oct 2025,,4j8i3imoc19gdhpvc0kkcsbo4,Álvaro Moreno Aragón,Granada CF,UD Las Palmas,Manu Fuster,0,0,0,0,1,4,0,0,27,0,0,0,0,4,0
90,10 Oct 2025,,4j8i3imoc19gdhpvc0kkcsbo4,Álvaro Moreno Aragón,Granada CF,UD Las Palmas,L. Amatucci,0,1,1,1,2,3,0,0,27,0,0,1,0,3,0
90,10 Oct 2025,,4j8i3imoc19gdhpvc0kkcsbo4,Álvaro Moreno Aragón,Granada CF,UD Las Palmas,E. Loiodice,0,0,0,0,0,2,0,0,36,0,0,0,0,1,0
90,10 Oct 2025,,4j8i3imoc19gdhpvc0kkcsbo4,Álvaro Moreno Aragón,Granada CF,UD Las Palmas,Juanma Herzog,0,2,1,0,1,0,0,0,55,0,0,2,0,1,0
90,10 Oct 2025,,4j8i3imoc19gdhpvc0kkcsbo4,Álvaro Moreno Aragón,Granada CF,UD Las Palmas,Sergio Barcia,0,0,0,0,0,2,0,0,72,0,0,0,0,0,0
90,10 Oct 2025,,4j8i3imoc19gdhpvc0kkcsbo4,Álvaro Moreno Aragón,Granada CF,UD Las Palmas,D. Horkaš,0,0,0,0,0,0,0,0,41,0,1,0,0,0,0
90,10 Oct 2025,,4j8i3imoc19gdhpvc0kkcsbo4,Álvaro Moreno Aragón,Granada CF,UD Las Palmas,Enrique Clemente,0,0,0,2,0,1,0,0,58,0,0,1,0,0,1
90,10 Oct 2025,,4j8i3imoc19gdhpvc0kkcsbo4,Álvaro Moreno Aragón,Granada CF,UD Las Palmas,Viti Rozada,0,0,1,0,0,0,0,0,6,0,0,0,0,0,0
90,10 Oct 2025,,4j8i3imoc19gdhpvc0kkcsbo4,Álvaro Moreno Aragón,Granada CF,UD Las Palmas,Iván Gil,0,2,2,8,1,0,0,0,19,0,0,2,0,0,0
90,10 Oct 2025,,4j8i3imoc19gdhpvc0kkcsbo4,Álvaro Moreno Aragón,Granada CF,UD Las Palmas,Ale García,0,0,2,1,1,1,0,0,14,0,0,2,1,1,0
90,10 Oct 2025,,4j8i3imoc19gdhpvc0kkcsbo4,Álvaro Moreno Aragón,Granada CF,UD Las Palmas,Marvin Park,0,0,0,3,1,1,0,0,34,0,0,0,0,2,0
90,10 Oct 2025,,4j8i3imoc19gdhpvc0kkcsbo4,Álvaro Moreno Aragón,Granada CF,UD Las Palmas,J. Recoba,0,0,0,0,1,2,0,0,1,0,0,0,0,0,0
90,10 Oct 2025,,4j8i3imoc19gdhpvc0kkcsbo4,Álvaro Moreno Aragón,Granada CF,UD Las Palmas,Álex Suárez,0,0,0,0,0,0,0,0,22,0,0,0,0,0,0
90,10 Oct 2025,,4j8i3imoc19gdhpvc0kkcsbo4,Álvaro Moreno Aragón,Granada CF,UD Las Palmas,Pejiño,0,0,0,0,1,1,0,0,4,0,0,0,0,2,0
90,10 Oct 2025,,4j8i3imoc19gdhpvc0kkcsbo4,Álvaro Moreno Aragón,Granada CF,UD Las Palmas,Kirian Rodríguez,0,0,0,0,0,0,0,0,21,0,0,0,0,0,0
90,10 Oct 2025,,4j8i3imoc19gdhpvc0kkcsbo4,Álvaro Moreno Aragón,Granada CF,UD Las Palmas,Jaime Mata,0,0,0,0,1,0,0,1,3,0,0,1,0,0,0
91,11 Oct 2025,,4jmb6khqp3ks73a60pb9jct90,Lluís Bestard Servera,UD Almería,Real Zaragoza,Léo Baptistão,0,0,0,0,2,0,0,0,22,0,0,2,1,0,0
91,11 Oct 2025,,4jmb6khqp3ks73a60pb9jct90,Lluís Bestard Servera,UD Almería,Real Zaragoza,Sergio Arribas,1,2,1,5,1,1,0,0,55,0,0,5,3,3,0
91,11 Oct 2025,,4jmb6khqp3ks73a60pb9jct90,Lluís Bestard Servera,UD Almería,Real Zaragoza,I. Baba,1,0,0,0,2,3,0,0,61,0,0,0,0,2,0
91,11 Oct 2025,,4jmb6khqp3ks73a60pb9jct90,Lluís Bestard Servera,UD Almería,Real Zaragoza,Gui,0,0,0,0,2,1,0,0,37,0,0,0,0,1,0
91,11 Oct 2025,,4jmb6khqp3ks73a60pb9jct90,Lluís Bestard Servera,UD Almería,Real Zaragoza,Álex Muñoz,0,1,1,1,1,0,0,0,31,0,0,1,0,1,1
91,11 Oct 2025,,4jmb6khqp3ks73a60pb9jct90,Lluís Bestard Servera,UD Almería,Real Zaragoza,Nélson Monte,0,0,0,0,2,2,0,0,66,0,0,0,0,0,0
91,11 Oct 2025,,4jmb6khqp3ks73a60pb9jct90,Lluís Bestard Servera,UD Almería,Real Zaragoza,F. Bonini,0,0,0,0,1,1,0,0,65,0,0,0,0,1,0
91,11 Oct 2025,,4jmb6khqp3ks73a60pb9jct90,Lluís Bestard Servera,UD Almería,Real Zaragoza,D. Chirino,0,0,1,2,2,2,1,0,47,0,0,1,1,2,0
91,11 Oct 2025,,4jmb6khqp3ks73a60pb9jct90,Lluís Bestard Servera,UD Almería,Real Zaragoza,Andrés Fernández,0,0,0,0,0,0,0,0,35,0,3,0,0,0,0
91,11 Oct 2025,,4jmb6khqp3ks73a60pb9jct90,Lluís Bestard Servera,UD Almería,Real Zaragoza,Nico Melamed,0,0,1,3,1,1,0,0,22,0,0,4,2,0,0
91,11 Oct 2025,,4jmb6khqp3ks73a60pb9jct90,Lluís Bestard Servera,UD Almería,Real Zaragoza,Adri Embarba,1,0,2,5,1,0,1,0,31,0,0,6,4,2,0
91,11 Oct 2025,,4jmb6khqp3ks73a60pb9jct90,Lluís Bestard Servera,UD Almería,Real Zaragoza,Álex Centelles,0,0,0,1,3,0,0,0,15,0,0,0,0,2,1
91,11 Oct 2025,,4jmb6khqp3ks73a60pb9jct90,Lluís Bestard Servera,UD Almería,Real Zaragoza,D. Lopy,0,0,0,0,0,0,1,0,15,0,0,1,1,1,0
91,11 Oct 2025,,4jmb6khqp3ks73a60pb9jct90,Lluís Bestard Servera,UD Almería,Real Zaragoza,Thalys,0,0,0,0,0,0,0,0,3,0,0,1,1,0,0
91,11 Oct 2025,,4jmb6khqp3ks73a60pb9jct90,Lluís Bestard Servera,UD Almería,Real Zaragoza,Marcos Luna,0,0,1,1,0,0,0,0,10,0,0,0,0,0,0
91,11 Oct 2025,,4jmb6khqp3ks73a60pb9jct90,Lluís Bestard Servera,UD Almería,Real Zaragoza,Arnau Puigmal,0,0,0,0,0,1,1,0,11,0,0,1,1,0,0
91,11 Oct 2025,,4jmb6khqp3ks73a60pb9jct90,Lluís Bestard Servera,UD Almería,Real Zaragoza,Marcos Cuenca,0,0,0,2,1,1,0,0,7,0,0,0,0,0,0
91,11 Oct 2025,,4jmb6khqp3ks73a60pb9jct90,Lluís Bestard Servera,UD Almería,Real Zaragoza,Pablo Insua,0,0,0,0,0,0,0,0,42,0,0,0,0,0,0
91,11 Oct 2025,,4jmb6khqp3ks73a60pb9jct90,Lluís Bestard Servera,UD Almería,Real Zaragoza,Dani Gómez,0,0,0,0,2,2,0,0,1,0,0,0,0,1,0
91,11 Oct 2025,,4jmb6khqp3ks73a60pb9jct90,Lluís Bestard Servera,UD Almería,Real Zaragoza,Sebas Moyano,0,1,1,2,0,3,0,1,23,0,0,2,0,3,0
91,11 Oct 2025,,4jmb6khqp3ks73a60pb9jct90,Lluís Bestard Servera,UD Almería,Real Zaragoza,Toni Moya,0,0,0,2,1,1,0,0,11,0,0,0,0,0,1
91,11 Oct 2025,,4jmb6khqp3ks73a60pb9jct90,Lluís Bestard Servera,UD Almería,Real Zaragoza,K. Bare,0,0,0,1,1,3,0,0,53,0,0,0,0,2,0
91,11 Oct 2025,,4jmb6khqp3ks73a60pb9jct90,Lluís Bestard Servera,UD Almería,Real Zaragoza,E. Andrada,0,0,0,0,0,0,0,0,28,0,9,0,0,0,0
91,11 Oct 2025,,4jmb6khqp3ks73a60pb9jct90,Lluís Bestard Servera,UD Almería,Real Zaragoza,Tachi,0,0,0,0,0,1,0,1,59,0,0,1,0,1,0
91,11 Oct 2025,,4jmb6khqp3ks73a60pb9jct90,Lluís Bestard Servera,UD Almería,Real Zaragoza,Dani Tasende,0,1,1,3,1,1,0,0,26,0,0,1,0,5,0
91,11 Oct 2025,,4jmb6khqp3ks73a60pb9jct90,Lluís Bestard Servera,UD Almería,Real Zaragoza,Raúl Guti,0,0,0,0,1,1,0,0,35,0,0,1,0,3,1
91,11 Oct 2025,,4jmb6khqp3ks73a60pb9jct90,Lluís Bestard Servera,UD Almería,Real Zaragoza,Francho Serrano,1,0,0,3,0,1,0,0,30,0,0,0,0,0,0
91,11 Oct 2025,,4jmb6khqp3ks73a60pb9jct90,Lluís Bestard Servera,UD Almería,Real Zaragoza,K. Kodro,0,0,2,0,1,1,1,0,13,0,0,4,3,0,0
91,11 Oct 2025,,4jmb6khqp3ks73a60pb9jct90,Lluís Bestard Servera,UD Almería,Real Zaragoza,Mario Soberón,0,0,0,3,2,0,1,0,12,0,0,1,1,0,0
91,11 Oct 2025,,4jmb6khqp3ks73a60pb9jct90,Lluís Bestard Servera,UD Almería,Real Zaragoza,Pau Sans,0,1,1,2,1,2,0,0,10,0,0,3,0,0,0
91,11 Oct 2025,,4jmb6khqp3ks73a60pb9jct90,Lluís Bestard Servera,UD Almería,Real Zaragoza,Valery,0,0,0,0,1,0,0,0,18,0,0,0,0,0,0
91,11 Oct 2025,,4jmb6khqp3ks73a60pb9jct90,Lluís Bestard Servera,UD Almería,Real Zaragoza,Hugo Pinilla,0,0,0,0,0,0,0,0,7,0,0,1,1,0,0
92,12 Oct 2025,,4k020fmebpoqs4isfn9oyhudw,Alejandro Morilla Turrión,SD Eibar,CD Castellón,Anaitz Arbilla,0,0,0,0,0,1,0,0,74,0,0,0,0,4,0
92,12 Oct 2025,,4k020fmebpoqs4isfn9oyhudw,Alejandro Morilla Turrión,SD Eibar,CD Castellón,Sergio Álvarez,0,1,0,0,2,0,0,0,46,0,0,1,0,5,0
92,12 Oct 2025,,4k020fmebpoqs4isfn9oyhudw,Alejandro Morilla Turrión,SD Eibar,CD Castellón,Álvaro Rodríguez,0,0,0,2,0,0,0,0,27,0,0,0,0,0,1
92,12 Oct 2025,,4k020fmebpoqs4isfn9oyhudw,Alejandro Morilla Turrión,SD Eibar,CD Castellón,Adu Ares,0,1,0,0,1,1,0,0,27,0,0,2,0,3,0
92,12 Oct 2025,,4k020fmebpoqs4isfn9oyhudw,Alejandro Morilla Turrión,SD Eibar,CD Castellón,Aleix Garrido,0,1,0,0,0,0,0,0,42,0,0,1,0,0,0
92,12 Oct 2025,,4k020fmebpoqs4isfn9oyhudw,Alejandro Morilla Turrión,SD Eibar,CD Castellón,Marco Moreno,0,0,0,0,3,0,0,0,50,0,0,0,0,0,0
92,12 Oct 2025,,4k020fmebpoqs4isfn9oyhudw,Alejandro Morilla Turrión,SD Eibar,CD Castellón,Jon Magunazelaia,0,0,0,1,0,0,0,1,20,0,0,1,0,3,0
92,12 Oct 2025,,4k020fmebpoqs4isfn9oyhudw,Alejandro Morilla Turrión,SD Eibar,CD Castellón,Jon Bautista,0,1,0,1,3,0,0,1,9,0,0,2,0,1,0
92,12 Oct 2025,,4k020fmebpoqs4isfn9oyhudw,Alejandro Morilla Turrión,SD Eibar,CD Castellón,Sergio Cubero,0,0,0,4,1,0,0,0,19,0,0,0,0,0,0
92,12 Oct 2025,,4k020fmebpoqs4isfn9oyhudw,Alejandro Morilla Turrión,SD Eibar,CD Castellón,Xeber Alkain,0,0,0,0,0,0,0,0,11,0,0,0,0,1,0
92,12 Oct 2025,,4k020fmebpoqs4isfn9oyhudw,Alejandro Morilla Turrión,SD Eibar,CD Castellón,Jonmi Magunagoitia,0,0,0,0,0,0,0,0,38,0,5,0,0,0,0
92,12 Oct 2025,,4k020fmebpoqs4isfn9oyhudw,Alejandro Morilla Turrión,SD Eibar,CD Castellón,Javi Martínez,0,0,0,3,0,0,0,0,15,0,0,0,0,6,0
92,12 Oct 2025,,4k020fmebpoqs4isfn9oyhudw,Alejandro Morilla Turrión,SD Eibar,CD Castellón,Jon Guruzeta,0,0,0,1,2,0,0,0,7,0,0,0,0,1,0
92,12 Oct 2025,,4k020fmebpoqs4isfn9oyhudw,Alejandro Morilla Turrión,SD Eibar,CD Castellón,Peru Nolaskoain,0,0,0,0,0,0,0,0,14,0,0,0,0,0,0
92,12 Oct 2025,,4k020fmebpoqs4isfn9oyhudw,Alejandro Morilla Turrión,SD Eibar,CD Castellón,Javi Martón,0,0,0,0,1,1,0,1,9,0,0,0,0,0,0
92,12 Oct 2025,,4k020fmebpoqs4isfn9oyhudw,Alejandro Morilla Turrión,SD Eibar,CD Castellón,Aritz Arambarri,0,0,0,0,0,0,0,0,9,0,0,0,0,0,0
92,12 Oct 2025,,4k020fmebpoqs4isfn9oyhudw,Alejandro Morilla Turrión,SD Eibar,CD Castellón,Toni Villa,0,0,1,1,0,0,0,1,6,0,0,0,0,0,0
92,12 Oct 2025,,4k020fmebpoqs4isfn9oyhudw,Alejandro Morilla Turrión,SD Eibar,CD Castellón,Cala,0,2,2,6,2,0,0,0,27,0,0,5,1,3,0
92,12 Oct 2025,,4k020fmebpoqs4isfn9oyhudw,Alejandro Morilla Turrión,SD Eibar,CD Castellón,Alberto Jiménez,0,0,0,0,0,3,0,1,79,0,0,1,0,2,0
92,12 Oct 2025,,4k020fmebpoqs4isfn9oyhudw,Alejandro Morilla Turrión,SD Eibar,CD Castellón,J. Mellot,0,1,2,1,0,1,0,0,39,0,0,1,0,2,0
92,12 Oct 2025,,4k020fmebpoqs4isfn9oyhudw,Alejandro Morilla Turrión,SD Eibar,CD Castellón,R. Matthys,0,0,0,0,0,0,0,0,47,0,0,0,0,1,0
92,12 Oct 2025,,4k020fmebpoqs4isfn9oyhudw,Alejandro Morilla Turrión,SD Eibar,CD Castellón,A. Jakobsen,0,0,0,0,0,2,0,0,9,0,0,2,1,0,0
92,12 Oct 2025,,4k020fmebpoqs4isfn9oyhudw,Alejandro Morilla Turrión,SD Eibar,CD Castellón,Lucas Alcázar,0,0,0,2,0,1,0,1,39,0,0,0,0,2,0
92,12 Oct 2025,,4k020fmebpoqs4isfn9oyhudw,Alejandro Morilla Turrión,SD Eibar,CD Castellón,Salva Ruiz,0,0,0,1,0,1,0,0,43,0,0,0,0,0,0
92,12 Oct 2025,,4k020fmebpoqs4isfn9oyhudw,Alejandro Morilla Turrión,SD Eibar,CD Castellón,A. Mabil,0,2,2,0,0,0,0,1,22,0,0,3,1,3,0
92,12 Oct 2025,,4k020fmebpoqs4isfn9oyhudw,Alejandro Morilla Turrión,SD Eibar,CD Castellón,Ronaldo,0,1,0,3,1,1,0,0,31,0,0,1,0,0,1
92,12 Oct 2025,,4k020fmebpoqs4isfn9oyhudw,Alejandro Morilla Turrión,SD Eibar,CD Castellón,M. Doué,0,0,0,0,0,0,0,0,36,0,0,0,0,2,1
92,12 Oct 2025,,4k020fmebpoqs4isfn9oyhudw,Alejandro Morilla Turrión,SD Eibar,CD Castellón,K. Mamah,0,0,1,0,0,2,0,0,24,0,0,3,2,3,1
92,12 Oct 2025,,4k020fmebpoqs4isfn9oyhudw,Alejandro Morilla Turrión,SD Eibar,CD Castellón,T. De Nipoti,0,0,0,0,1,1,0,0,3,0,0,0,0,0,1
92,12 Oct 2025,,4k020fmebpoqs4isfn9oyhudw,Alejandro Morilla Turrión,SD Eibar,CD Castellón,Pablo Santiago,0,0,0,0,0,0,0,0,7,0,0,0,0,0,0
92,12 Oct 2025,,4k020fmebpoqs4isfn9oyhudw,Alejandro Morilla Turrión,SD Eibar,CD Castellón,Beñat Gerenabarrena,0,0,0,0,1,1,0,0,6,0,0,0,0,1,0
92,12 Oct 2025,,4k020fmebpoqs4isfn9oyhudw,Alejandro Morilla Turrión,SD Eibar,CD Castellón,N. Markanich,0,0,0,0,1,0,0,0,3,0,0,0,0,0,0
93,12 Oct 2025,,4kdujs8txrjysiascbulrovtg,Carlos Muñiz Muñoz,Málaga CF,RC Deportivo de La Coruña,Einar Galilea,0,0,0,0,0,0,0,0,47,0,0,0,0,2,0
93,12 Oct 2025,,4kdujs8txrjysiascbulrovtg,Carlos Muñiz Muñoz,Málaga CF,RC Deportivo de La Coruña,Dani Lorenzo,0,0,0,0,0,0,0,0,43,0,0,0,0,3,0
93,12 Oct 2025,,4kdujs8txrjysiascbulrovtg,Carlos Muñiz Muñoz,Málaga CF,RC Deportivo de La Coruña,Juanpe,0,0,0,0,3,0,0,0,37,0,0,0,0,1,0
93,12 Oct 2025,,4kdujs8txrjysiascbulrovtg,Carlos Muñiz Muñoz,Málaga CF,RC Deportivo de La Coruña,David Larrubia,0,1,1,0,2,2,0,0,30,0,0,5,0,1,0
93,12 Oct 2025,,4kdujs8txrjysiascbulrovtg,Carlos Muñiz Muñoz,Málaga CF,RC Deportivo de La Coruña,Diego Murillo,0,0,0,0,2,1,0,0,47,0,0,0,0,2,0
93,12 Oct 2025,,4kdujs8txrjysiascbulrovtg,Carlos Muñiz Muñoz,Málaga CF,RC Deportivo de La Coruña,Alfonso Herrero,0,0,0,0,0,0,0,0,35,0,4,0,0,1,0
93,12 Oct 2025,,4kdujs8txrjysiascbulrovtg,Carlos Muñiz Muñoz,Málaga CF,RC Deportivo de La Coruña,Joaquín Muñoz,1,0,0,1,2,2,0,0,14,0,0,1,0,0,0
93,12 Oct 2025,,4kdujs8txrjysiascbulrovtg,Carlos Muñiz Muñoz,Málaga CF,RC Deportivo de La Coruña,Rafita,0,0,0,3,0,0,0,0,17,0,0,0,0,1,0
93,12 Oct 2025,,4kdujs8txrjysiascbulrovtg,Carlos Muñiz Muñoz,Málaga CF,RC Deportivo de La Coruña,Rafa Rodríguez,1,0,0,0,1,2,1,0,17,0,0,1,1,0,0
93,12 Oct 2025,,4kdujs8txrjysiascbulrovtg,Carlos Muñiz Muñoz,Málaga CF,RC Deportivo de La Coruña,Dani Sánchez,0,0,0,2,1,0,0,0,41,0,0,2,1,0,0
93,12 Oct 2025,,4kdujs8txrjysiascbulrovtg,Carlos Muñiz Muñoz,Málaga CF,RC Deportivo de La Coruña,Chupe,1,0,0,0,1,2,2,1,11,0,0,2,2,0,1
93,12 Oct 2025,,4kdujs8txrjysiascbulrovtg,Carlos Muñiz Muñoz,Málaga CF,RC Deportivo de La Coruña,Julen Lobete,0,1,0,0,0,1,0,0,11,0,0,3,1,1,0
93,12 Oct 2025,,4kdujs8txrjysiascbulrovtg,Carlos Muñiz Muñoz,Málaga CF,RC Deportivo de La Coruña,D. Brašanac,0,0,0,0,0,0,0,1,17,0,0,0,0,1,0
93,12 Oct 2025,,4kdujs8txrjysiascbulrovtg,Carlos Muñiz Muñoz,Málaga CF,RC Deportivo de La Coruña,Carlos Dotor,0,0,0,0,2,0,0,0,14,0,0,0,0,1,0
93,12 Oct 2025,,4kdujs8txrjysiascbulrovtg,Carlos Muñiz Muñoz,Málaga CF,RC Deportivo de La Coruña,Jokin Gabilondo,0,0,0,0,1,0,0,0,9,0,0,0,0,1,0
93,12 Oct 2025,,4kdujs8txrjysiascbulrovtg,Carlos Muñiz Muñoz,Málaga CF,RC Deportivo de La Coruña,Eneko Jauregi,0,0,0,0,0,0,0,1,1,0,0,1,0,0,0
93,12 Oct 2025,,4kdujs8txrjysiascbulrovtg,Carlos Muñiz Muñoz,Málaga CF,RC Deportivo de La Coruña,Mario Soriano,0,0,1,1,1,3,0,0,37,0,0,2,1,0,0
93,12 Oct 2025,,4kdujs8txrjysiascbulrovtg,Carlos Muñiz Muñoz,Málaga CF,RC Deportivo de La Coruña,Germán Parreño,0,0,0,0,0,0,0,0,43,0,2,0,0,0,0
93,12 Oct 2025,,4kdujs8txrjysiascbulrovtg,Carlos Muñiz Muñoz,Málaga CF,RC Deportivo de La Coruña,Z. Eddahchouri,0,0,3,1,2,1,0,2,6,0,0,2,1,0,0
93,12 Oct 2025,,4kdujs8txrjysiascbulrovtg,Carlos Muñiz Muñoz,Málaga CF,RC Deportivo de La Coruña,Diego Villares,0,0,0,0,0,1,0,0,28,0,0,0,0,1,0
93,12 Oct 2025,,4kdujs8txrjysiascbulrovtg,Carlos Muñiz Muñoz,Málaga CF,RC Deportivo de La Coruña,Arnau Comas,0,0,0,0,0,0,0,0,76,0,0,0,0,2,0
93,12 Oct 2025,,4kdujs8txrjysiascbulrovtg,Carlos Muñiz Muñoz,Málaga CF,RC Deportivo de La Coruña,Dani Barcia,0,0,0,0,3,0,0,0,68,0,0,0,0,3,1
93,12 Oct 2025,,4kdujs8txrjysiascbulrovtg,Carlos Muñiz Muñoz,Málaga CF,RC Deportivo de La Coruña,Luismi Cruz,0,0,1,11,0,1,0,0,30,0,0,1,0,0,0
93,12 Oct 2025,,4kdujs8txrjysiascbulrovtg,Carlos Muñiz Muñoz,Málaga CF,RC Deportivo de La Coruña,Yeremay Hernández,0,1,0,2,0,4,0,0,29,0,0,1,0,4,0
93,12 Oct 2025,,4kdujs8txrjysiascbulrovtg,Carlos Muñiz Muñoz,Málaga CF,RC Deportivo de La Coruña,José Gragera,0,0,2,1,1,0,0,0,53,0,0,1,1,2,0
93,12 Oct 2025,,4kdujs8txrjysiascbulrovtg,Carlos Muñiz Muñoz,Málaga CF,RC Deportivo de La Coruña,Miguel Loureiro,0,0,0,5,1,1,0,0,41,0,0,2,1,3,1
93,12 Oct 2025,,4kdujs8txrjysiascbulrovtg,Carlos Muñiz Muñoz,Málaga CF,RC Deportivo de La Coruña,Sergio Escudero,0,0,2,1,0,0,0,1,25,0,0,0,0,1,0
93,12 Oct 2025,,4kdujs8txrjysiascbulrovtg,Carlos Muñiz Muñoz,Málaga CF,RC Deportivo de La Coruña,Stoichkov,0,0,0,0,0,0,0,0,11,0,0,0,0,0,0
93,12 Oct 2025,,4kdujs8txrjysiascbulrovtg,Carlos Muñiz Muñoz,Málaga CF,RC Deportivo de La Coruña,Rubén López,0,0,0,0,1,1,0,0,18,0,0,0,0,3,1
93,12 Oct 2025,,4kdujs8txrjysiascbulrovtg,Carlos Muñiz Muñoz,Málaga CF,RC Deportivo de La Coruña,C. Patino,0,0,0,0,1,1,0,0,20,0,0,0,0,1,0
93,12 Oct 2025,,4kdujs8txrjysiascbulrovtg,Carlos Muñiz Muñoz,Málaga CF,RC Deportivo de La Coruña,S. Mulattieri,0,0,0,0,0,0,0,1,6,0,0,1,0,1,0
93,12 Oct 2025,,4kdujs8txrjysiascbulrovtg,Carlos Muñiz Muñoz,Málaga CF,RC Deportivo de La Coruña,José Ángel,0,0,0,0,1,1,0,0,18,0,0,0,0,0,0
94,11 Oct 2025,,4krpjqyc8n7pbzbzm6p6aoowk,Daniel Palencia Caballero,CD Mirandés,CD Leganés,Rafel Bauzà,0,0,0,1,2,0,0,0,19,0,0,2,1,1,0
94,11 Oct 2025,,4krpjqyc8n7pbzbzm6p6aoowk,Daniel Palencia Caballero,CD Mirandés,CD Leganés,Juanpa,0,0,0,0,0,0,0,0,25,0,7,0,0,0,0
94,11 Oct 2025,,4krpjqyc8n7pbzbzm6p6aoowk,Daniel Palencia Caballero,CD Mirandés,CD Leganés,Ismael Barea,0,1,0,0,1,3,0,0,20,0,0,1,0,0,1
94,11 Oct 2025,,4krpjqyc8n7pbzbzm6p6aoowk,Daniel Palencia Caballero,CD Mirandés,CD Leganés,Juan Gutiérrez,0,1,0,1,3,1,0,0,20,0,0,1,0,2,1
94,11 Oct 2025,,4krpjqyc8n7pbzbzm6p6aoowk,Daniel Palencia Caballero,CD Mirandés,CD Leganés,Martín Pascual,0,1,0,0,3,0,0,0,29,0,0,1,0,0,1
94,11 Oct 2025,,4krpjqyc8n7pbzbzm6p6aoowk,Daniel Palencia Caballero,CD Mirandés,CD Leganés,Iker Córdoba,0,0,0,0,3,0,0,0,22,0,0,1,1,1,0
94,11 Oct 2025,,4krpjqyc8n7pbzbzm6p6aoowk,Daniel Palencia Caballero,CD Mirandés,CD Leganés,Marino Illescas,0,1,0,4,0,0,0,0,28,0,0,1,0,0,1
94,11 Oct 2025,,4krpjqyc8n7pbzbzm6p6aoowk,Daniel Palencia Caballero,CD Mirandés,CD Leganés,S. El Jebari,0,1,1,0,0,0,0,0,9,0,0,2,0,0,0
94,11 Oct 2025,,4krpjqyc8n7pbzbzm6p6aoowk,Daniel Palencia Caballero,CD Mirandés,CD Leganés,Pablo Pérez,0,1,1,4,0,1,0,2,10,0,0,3,1,0,0
94,11 Oct 2025,,4krpjqyc8n7pbzbzm6p6aoowk,Daniel Palencia Caballero,CD Mirandés,CD Leganés,Hugo Novoa,0,0,0,3,1,1,0,0,13,0,0,0,0,5,1
94,11 Oct 2025,,4krpjqyc8n7pbzbzm6p6aoowk,Daniel Palencia Caballero,CD Mirandés,CD Leganés,G. Petit,0,0,0,0,1,0,0,0,7,0,0,0,0,0,0
94,11 Oct 2025,,4krpjqyc8n7pbzbzm6p6aoowk,Daniel Palencia Caballero,CD Mirandés,CD Leganés,E. Eto'o,0,0,1,0,2,0,0,0,4,0,0,0,0,0,1
94,11 Oct 2025,,4krpjqyc8n7pbzbzm6p6aoowk,Daniel Palencia Caballero,CD Mirandés,CD Leganés,Alberto Marí,0,0,0,0,0,1,0,0,5,0,0,1,1,1,0
94,11 Oct 2025,,4krpjqyc8n7pbzbzm6p6aoowk,Daniel Palencia Caballero,CD Mirandés,CD Leganés,T. Helguera,0,0,0,0,0,0,0,0,4,0,0,0,0,0,0
94,11 Oct 2025,,4krpjqyc8n7pbzbzm6p6aoowk,Daniel Palencia Caballero,CD Mirandés,CD Leganés,Álex Cardero,0,0,0,0,0,0,0,0,2,0,0,0,0,0,0
94,11 Oct 2025,,4krpjqyc8n7pbzbzm6p6aoowk,Daniel Palencia Caballero,CD Mirandés,CD Leganés,Ignasi Miquel,0,0,0,0,0,0,0,0,69,0,0,0,0,1,0
94,11 Oct 2025,,4krpjqyc8n7pbzbzm6p6aoowk,Daniel Palencia Caballero,CD Mirandés,CD Leganés,Duk,0,0,2,2,1,3,0,0,8,0,0,1,1,0,1
94,11 Oct 2025,,4krpjqyc8n7pbzbzm6p6aoowk,Daniel Palencia Caballero,CD Mirandés,CD Leganés,Miguel de la Fuente,0,0,1,0,0,3,0,1,8,0,0,2,1,0,0
94,11 Oct 2025,,4krpjqyc8n7pbzbzm6p6aoowk,Daniel Palencia Caballero,CD Mirandés,CD Leganés,Juan Cruz,0,0,3,9,0,4,0,0,63,0,0,3,0,0,0
94,11 Oct 2025,,4krpjqyc8n7pbzbzm6p6aoowk,Daniel Palencia Caballero,CD Mirandés,CD Leganés,Naim García,0,2,1,7,0,1,0,0,20,0,0,3,0,2,0
94,11 Oct 2025,,4krpjqyc8n7pbzbzm6p6aoowk,Daniel Palencia Caballero,CD Mirandés,CD Leganés,Lalo Aguilar,0,0,1,0,0,1,0,0,75,0,0,1,0,1,0
94,11 Oct 2025,,4krpjqyc8n7pbzbzm6p6aoowk,Daniel Palencia Caballero,CD Mirandés,CD Leganés,A. Diawara,0,0,0,0,0,0,0,0,42,0,0,3,1,3,0
94,11 Oct 2025,,4krpjqyc8n7pbzbzm6p6aoowk,Daniel Palencia Caballero,CD Mirandés,CD Leganés,Marvel,0,0,0,0,1,3,0,0,59,0,0,0,0,1,0
94,11 Oct 2025,,4krpjqyc8n7pbzbzm6p6aoowk,Daniel Palencia Caballero,CD Mirandés,CD Leganés,Juan Soriano,0,0,0,0,0,0,0,0,24,0,4,0,0,0,0
94,11 Oct 2025,,4krpjqyc8n7pbzbzm6p6aoowk,Daniel Palencia Caballero,CD Mirandés,CD Leganés,Carlos Guirao,0,0,0,0,3,0,0,0,39,0,0,2,2,1,0
94,11 Oct 2025,,4krpjqyc8n7pbzbzm6p6aoowk,Daniel Palencia Caballero,CD Mirandés,CD Leganés,Rubén Peña,0,0,1,8,1,0,0,0,39,0,0,1,1,1,0
94,11 Oct 2025,,4krpjqyc8n7pbzbzm6p6aoowk,Daniel Palencia Caballero,CD Mirandés,CD Leganés,Óscar Plano,0,0,0,0,0,1,0,0,16,0,0,0,0,0,0
94,11 Oct 2025,,4krpjqyc8n7pbzbzm6p6aoowk,Daniel Palencia Caballero,CD Mirandés,CD Leganés,Diego García,0,0,0,0,0,0,0,0,2,0,0,0,0,0,0
94,11 Oct 2025,,4krpjqyc8n7pbzbzm6p6aoowk,Daniel Palencia Caballero,CD Mirandés,CD Leganés,Gonzalo Melero,0,0,0,0,1,0,0,0,14,0,0,1,1,1,0
94,11 Oct 2025,,4krpjqyc8n7pbzbzm6p6aoowk,Daniel Palencia Caballero,CD Mirandés,CD Leganés,Enric Franquesa,0,0,0,0,0,0,0,0,5,0,0,0,0,0,0
94,11 Oct 2025,,4krpjqyc8n7pbzbzm6p6aoowk,Daniel Palencia Caballero,CD Mirandés,CD Leganés,B. Pauwels,0,0,1,1,0,0,0,0,4,0,0,0,0,0,0
95,12 Oct 2025,,4l5dfyzjyx1px36kzljzl9f6c,Manuel Jesús Orellana Cid,Real Sporting de Gijón,Real Racing Club,Jonathan Dubasin,0,0,1,2,0,1,1,2,28,0,0,3,1,4,0
95,12 Oct 2025,,4l5dfyzjyx1px36kzljzl9f6c,Manuel Jesús Orellana Cid,Real Sporting de Gijón,Real Racing Club,Pablo Vázquez,0,0,0,0,3,1,1,0,36,0,0,1,1,1,0
95,12 Oct 2025,,4l5dfyzjyx1px36kzljzl9f6c,Manuel Jesús Orellana Cid,Real Sporting de Gijón,Real Racing Club,J. Otero,0,0,0,1,6,2,0,1,21,0,0,1,0,3,1
95,12 Oct 2025,,4l5dfyzjyx1px36kzljzl9f6c,Manuel Jesús Orellana Cid,Real Sporting de Gijón,Real Racing Club,L. Perrin,0,1,0,0,0,1,0,0,30,0,0,1,0,1,0
95,12 Oct 2025,,4l5dfyzjyx1px36kzljzl9f6c,Manuel Jesús Orellana Cid,Real Sporting de Gijón,Real Racing Club,Diego Sánchez,0,0,0,0,1,0,0,0,36,0,0,0,0,0,0
95,12 Oct 2025,,4l5dfyzjyx1px36kzljzl9f6c,Manuel Jesús Orellana Cid,Real Sporting de Gijón,Real Racing Club,Rubén Yáñez,0,0,0,0,0,1,0,0,31,0,2,0,0,0,0
95,12 Oct 2025,,4l5dfyzjyx1px36kzljzl9f6c,Manuel Jesús Orellana Cid,Real Sporting de Gijón,Real Racing Club,J. Smith,0,0,1,0,1,3,0,0,29,0,0,1,1,2,0
95,12 Oct 2025,,4l5dfyzjyx1px36kzljzl9f6c,Manuel Jesús Orellana Cid,Real Sporting de Gijón,Real Racing Club,Álex Corredera,0,0,0,2,2,2,0,0,43,0,0,0,0,3,0
95,12 Oct 2025,,4l5dfyzjyx1px36kzljzl9f6c,Manuel Jesús Orellana Cid,Real Sporting de Gijón,Real Racing Club,César Gelabert,0,0,1,3,1,2,0,0,23,0,0,0,0,1,0
95,12 Oct 2025,,4l5dfyzjyx1px36kzljzl9f6c,Manuel Jesús Orellana Cid,Real Sporting de Gijón,Real Racing Club,Gaspar Campos,0,1,1,2,0,0,0,0,26,0,0,2,1,2,0
95,12 Oct 2025,,4l5dfyzjyx1px36kzljzl9f6c,Manuel Jesús Orellana Cid,Real Sporting de Gijón,Real Racing Club,Guille Rosas,1,0,0,1,1,0,0,0,29,0,0,0,0,5,0
95,12 Oct 2025,,4l5dfyzjyx1px36kzljzl9f6c,Manuel Jesús Orellana Cid,Real Sporting de Gijón,Real Racing Club,Pablo García,0,0,0,0,0,0,0,1,7,0,0,0,0,1,0
95,12 Oct 2025,,4l5dfyzjyx1px36kzljzl9f6c,Manuel Jesús Orellana Cid,Real Sporting de Gijón,Real Racing Club,Nacho Martín,0,0,0,0,0,0,0,0,3,0,0,0,0,2,0
95,12 Oct 2025,,4l5dfyzjyx1px36kzljzl9f6c,Manuel Jesús Orellana Cid,Real Sporting de Gijón,Real Racing Club,M. Loum,0,0,0,0,0,0,0,0,1,0,0,0,0,0,0
95,12 Oct 2025,,4l5dfyzjyx1px36kzljzl9f6c,Manuel Jesús Orellana Cid,Real Sporting de Gijón,Real Racing Club,J. Caicedo,0,0,0,0,0,0,0,0,0,0,0,0,0,0,0
95,12 Oct 2025,,4l5dfyzjyx1px36kzljzl9f6c,Manuel Jesús Orellana Cid,Real Sporting de Gijón,Real Racing Club,Kevin Vázquez,0,0,0,0,1,0,0,0,0,1,0,0,0,0,0
95,12 Oct 2025,,4l5dfyzjyx1px36kzljzl9f6c,Manuel Jesús Orellana Cid,Real Sporting de Gijón,Real Racing Club,Pablo Ramón,0,0,0,0,1,2,0,0,58,0,0,0,0,1,1
95,12 Oct 2025,,4l5dfyzjyx1px36kzljzl9f6c,Manuel Jesús Orellana Cid,Real Sporting de Gijón,Real Racing Club,Andrés Martín,1,1,0,7,0,2,0,0,30,0,0,3,0,1,0
95,12 Oct 2025,,4l5dfyzjyx1px36kzljzl9f6c,Manuel Jesús Orellana Cid,Real Sporting de Gijón,Real Racing Club,Jorge Salinas,0,0,0,0,3,0,0,0,48,0,0,0,0,3,1
95,12 Oct 2025,,4l5dfyzjyx1px36kzljzl9f6c,Manuel Jesús Orellana Cid,Real Sporting de Gijón,Real Racing Club,Iñigo Vicente,0,0,1,2,0,0,0,0,65,0,0,0,0,1,1
95,12 Oct 2025,,4l5dfyzjyx1px36kzljzl9f6c,Manuel Jesús Orellana Cid,Real Sporting de Gijón,Real Racing Club,Jokin Ezkieta,0,0,0,0,0,0,0,0,17,0,2,0,0,0,0
95,12 Oct 2025,,4l5dfyzjyx1px36kzljzl9f6c,Manuel Jesús Orellana Cid,Real Sporting de Gijón,Real Racing Club,F. González,0,0,0,0,1,1,0,0,55,0,0,0,0,3,0
95,12 Oct 2025,,4l5dfyzjyx1px36kzljzl9f6c,Manuel Jesús Orellana Cid,Real Sporting de Gijón,Real Racing Club,Asier Villalibre,0,0,1,0,2,2,0,0,5,0,0,1,0,0,0
95,12 Oct 2025,,4l5dfyzjyx1px36kzljzl9f6c,Manuel Jesús Orellana Cid,Real Sporting de Gijón,Real Racing Club,Aritz Aldasoro,0,0,0,0,0,0,0,0,25,0,0,1,0,1,0
95,12 Oct 2025,,4l5dfyzjyx1px36kzljzl9f6c,Manuel Jesús Orellana Cid,Real Sporting de Gijón,Real Racing Club,M. Gueye,0,0,0,0,1,2,0,0,41,0,0,1,0,1,0
95,12 Oct 2025,,4l5dfyzjyx1px36kzljzl9f6c,Manuel Jesús Orellana Cid,Real Sporting de Gijón,Real Racing Club,C. Michelin,0,0,1,7,1,2,0,0,22,1,0,1,1,2,1
95,12 Oct 2025,,4l5dfyzjyx1px36kzljzl9f6c,Manuel Jesús Orellana Cid,Real Sporting de Gijón,Real Racing Club,Marco Sangalli,0,0,1,0,1,1,0,0,56,1,0,0,0,1,0
95,12 Oct 2025,,4l5dfyzjyx1px36kzljzl9f6c,Manuel Jesús Orellana Cid,Real Sporting de Gijón,Real Racing Club,G. Puerta,0,0,0,0,3,2,0,0,49,0,0,1,0,2,1
95,12 Oct 2025,,4l5dfyzjyx1px36kzljzl9f6c,Manuel Jesús Orellana Cid,Real Sporting de Gijón,Real Racing Club,J. Arévalo,0,0,0,0,0,0,1,0,7,0,0,2,1,0,1
95,12 Oct 2025,,4l5dfyzjyx1px36kzljzl9f6c,Manuel Jesús Orellana Cid,Real Sporting de Gijón,Real Racing Club,Mario García,0,0,1,5,0,1,0,1,12,0,0,0,0,2,0
95,12 Oct 2025,,4l5dfyzjyx1px36kzljzl9f6c,Manuel Jesús Orellana Cid,Real Sporting de Gijón,Real Racing Club,Juan Carlos Arana,0,1,1,0,0,1,0,0,0,0,0,1,0,0,0
95,12 Oct 2025,,4l5dfyzjyx1px36kzljzl9f6c,Manuel Jesús Orellana Cid,Real Sporting de Gijón,Real Racing Club,Yeray Cabanzón,0,0,0,0,0,0,0,0,5,0,0,2,1,1,0
96,11 Oct 2025,,4lix83zk3qcygmx8m1mmqj8yc,Andrés Fuentes Molina,Real Sociedad de Fútbol,FC Andorra,Jon Balda,0,0,0,2,1,1,0,1,46,0,0,0,0,2,1
96,11 Oct 2025,,4lix83zk3qcygmx8m1mmqj8yc,Andrés Fuentes Molina,Real Sociedad de Fútbol,FC Andorra,Alex Marchal,0,0,1,0,0,2,0,0,17,0,0,0,0,3,0
96,11 Oct 2025,,4lix83zk3qcygmx8m1mmqj8yc,Andrés Fuentes Molina,Real Sociedad de Fútbol,FC Andorra,Tomás Carbonell,0,0,0,0,2,1,0,0,25,0,0,0,0,1,0
96,11 Oct 2025,,4lix83zk3qcygmx8m1mmqj8yc,Andrés Fuentes Molina,Real Sociedad de Fútbol,FC Andorra,Peru Rodríguez,0,0,0,0,1,0,0,0,57,0,0,0,0,2,0
96,11 Oct 2025,,4lix83zk3qcygmx8m1mmqj8yc,Andrés Fuentes Molina,Real Sociedad de Fútbol,FC Andorra,Aitor Fraga,0,0,0,0,0,0,0,0,24,0,3,0,0,0,0
96,11 Oct 2025,,4lix83zk3qcygmx8m1mmqj8yc,Andrés Fuentes Molina,Real Sociedad de Fútbol,FC Andorra,Mikel Rodríguez,0,0,0,2,4,4,0,0,24,0,0,0,0,3,1
96,11 Oct 2025,,4lix83zk3qcygmx8m1mmqj8yc,Andrés Fuentes Molina,Real Sociedad de Fútbol,FC Andorra,Dani Díaz,0,0,0,2,1,0,0,0,9,0,0,0,0,0,0
96,11 Oct 2025,,4lix83zk3qcygmx8m1mmqj8yc,Andrés Fuentes Molina,Real Sociedad de Fútbol,FC Andorra,Luken Beitia,0,0,0,0,2,0,0,0,32,0,0,0,0,2,0
96,11 Oct 2025,,4lix83zk3qcygmx8m1mmqj8yc,Andrés Fuentes Molina,Real Sociedad de Fútbol,FC Andorra,Gorka Carrera,0,0,0,0,2,2,2,2,6,0,0,4,3,1,1
96,11 Oct 2025,,4lix83zk3qcygmx8m1mmqj8yc,Andrés Fuentes Molina,Real Sociedad de Fútbol,FC Andorra,Jon Garro,0,0,0,2,0,0,0,0,16,0,0,0,0,2,0
96,11 Oct 2025,,4lix83zk3qcygmx8m1mmqj8yc,Andrés Fuentes Molina,Real Sociedad de Fútbol,FC Andorra,Gorka Gorosabel,1,0,0,0,2,0,0,0,23,0,0,1,0,2,1
96,11 Oct 2025,,4lix83zk3qcygmx8m1mmqj8yc,Andrés Fuentes Molina,Real Sociedad de Fútbol,FC Andorra,Lander Astiazarán,0,0,0,3,0,1,1,0,14,0,0,1,1,0,0
96,11 Oct 2025,,4lix83zk3qcygmx8m1mmqj8yc,Andrés Fuentes Molina,Real Sociedad de Fútbol,FC Andorra,Alberto Dadie,0,0,0,0,1,0,0,0,14,0,0,0,0,0,0
96,11 Oct 2025,,4lix83zk3qcygmx8m1mmqj8yc,Andrés Fuentes Molina,Real Sociedad de Fútbol,FC Andorra,A. Lebarbier,0,0,0,0,1,0,0,0,12,0,0,0,0,1,0
96,11 Oct 2025,,4lix83zk3qcygmx8m1mmqj8yc,Andrés Fuentes Molina,Real Sociedad de Fútbol,FC Andorra,Darío Ramírez,0,0,1,1,0,0,0,0,7,0,0,1,0,1,0
96,11 Oct 2025,,4lix83zk3qcygmx8m1mmqj8yc,Andrés Fuentes Molina,Real Sociedad de Fútbol,FC Andorra,Arkaitz Mariezkurrena,0,0,0,0,1,0,0,2,4,0,0,1,0,0,0
96,11 Oct 2025,,4lix83zk3qcygmx8m1mmqj8yc,Andrés Fuentes Molina,Real Sociedad de Fútbol,FC Andorra,Manu Nieto,0,1,2,0,2,3,0,0,12,0,0,2,0,1,0
96,11 Oct 2025,,4lix83zk3qcygmx8m1mmqj8yc,Andrés Fuentes Molina,Real Sociedad de Fútbol,FC Andorra,Sergio Molina,0,0,0,2,1,1,0,0,38,0,0,1,0,2,0
96,11 Oct 2025,,4lix83zk3qcygmx8m1mmqj8yc,Andrés Fuentes Molina,Real Sociedad de Fútbol,FC Andorra,Imanol García de Albéniz,0,0,1,6,1,1,0,1,39,0,0,0,0,5,0
96,11 Oct 2025,,4lix83zk3qcygmx8m1mmqj8yc,Andrés Fuentes Molina,Real Sociedad de Fútbol,FC Andorra,Áron Yaakobishvili,0,0,0,0,0,0,0,0,40,0,1,0,0,0,0
96,11 Oct 2025,,4lix83zk3qcygmx8m1mmqj8yc,Andrés Fuentes Molina,Real Sociedad de Fútbol,FC Andorra,Bomba,0,0,0,0,0,0,0,0,99,0,0,0,0,0,0
96,11 Oct 2025,,4lix83zk3qcygmx8m1mmqj8yc,Andrés Fuentes Molina,Real Sociedad de Fútbol,FC Andorra,Gael Alonso,0,0,0,0,2,1,0,0,66,1,0,0,0,1,0
96,11 Oct 2025,,4lix83zk3qcygmx8m1mmqj8yc,Andrés Fuentes Molina,Real Sociedad de Fútbol,FC Andorra,Dani Villahermosa,0,1,0,3,1,2,0,0,28,0,0,1,0,3,0
96,11 Oct 2025,,4lix83zk3qcygmx8m1mmqj8yc,Andrés Fuentes Molina,Real Sociedad de Fútbol,FC Andorra,T. Le Normand,0,0,0,0,2,2,0,0,15,0,0,0,0,0,1
96,11 Oct 2025,,4lix83zk3qcygmx8m1mmqj8yc,Andrés Fuentes Molina,Real Sociedad de Fútbol,FC Andorra,Kim Min-Su,0,2,0,2,0,2,0,0,36,0,0,3,0,0,0
96,11 Oct 2025,,4lix83zk3qcygmx8m1mmqj8yc,Andrés Fuentes Molina,Real Sociedad de Fútbol,FC Andorra,T. Carrique,0,0,0,0,2,1,0,0,61,0,0,0,0,3,0
96,11 Oct 2025,,4lix83zk3qcygmx8m1mmqj8yc,Andrés Fuentes Molina,Real Sociedad de Fútbol,FC Andorra,Jastin García,0,0,1,1,1,4,0,0,34,0,0,1,1,1,1
96,11 Oct 2025,,4lix83zk3qcygmx8m1mmqj8yc,Andrés Fuentes Molina,Real Sociedad de Fútbol,FC Andorra,Álex Calvo,0,0,0,1,0,0,0,0,20,0,0,2,2,1,0
96,11 Oct 2025,,4lix83zk3qcygmx8m1mmqj8yc,Andrés Fuentes Molina,Real Sociedad de Fútbol,FC Andorra,Marc Domènech,0,0,0,0,1,1,0,0,31,0,0,0,0,1,0
96,11 Oct 2025,,4lix83zk3qcygmx8m1mmqj8yc,Andrés Fuentes Molina,Real Sociedad de Fútbol,FC Andorra,Aingeru Olabarrieta,0,0,0,1,0,0,0,0,8,0,0,0,0,0,0
96,11 Oct 2025,,4lix83zk3qcygmx8m1mmqj8yc,Andrés Fuentes Molina,Real Sociedad de Fútbol,FC Andorra,Aitor Uzkudun,0,0,0,0,0,0,0,0,4,0,0,0,0,0,0
96,11 Oct 2025,,4lix83zk3qcygmx8m1mmqj8yc,Andrés Fuentes Molina,Real Sociedad de Fútbol,FC Andorra,L. de León,0,0,0,0,0,0,0,0,4,0,0,0,0,0,0
97,12 Oct 2025,,4lwo7j99ry3scywz2cl04utqs,Eder Mallo Fernández,Albacete Balompié,AD Ceuta FC,Dani Escriche,0,0,0,0,2,2,0,0,12,0,0,1,1,0,0
97,12 Oct 2025,,4lwo7j99ry3scywz2cl04utqs,Eder Mallo Fernández,Albacete Balompié,AD Ceuta FC,Agus Medina,0,1,2,4,1,1,0,0,30,0,0,3,1,2,0
97,12 Oct 2025,,4lwo7j99ry3scywz2cl04utqs,Eder Mallo Fernández,Albacete Balompié,AD Ceuta FC,Riki Rodríguez,0,1,0,0,0,4,0,0,31,0,0,2,0,1,0
97,12 Oct 2025,,4lwo7j99ry3scywz2cl04utqs,Eder Mallo Fernández,Albacete Balompié,AD Ceuta FC,Carlos Neva,0,0,0,0,0,0,0,0,23,0,0,1,0,2,0
97,12 Oct 2025,,4lwo7j99ry3scywz2cl04utqs,Eder Mallo Fernández,Albacete Balompié,AD Ceuta FC,Jon Morcillo,0,2,2,11,0,0,0,1,21,0,0,3,1,2,0
97,12 Oct 2025,,4lwo7j99ry3scywz2cl04utqs,Eder Mallo Fernández,Albacete Balompié,AD Ceuta FC,Fran Gámez,0,0,2,6,0,1,0,0,25,0,0,0,0,2,0
97,12 Oct 2025,,4lwo7j99ry3scywz2cl04utqs,Eder Mallo Fernández,Albacete Balompié,AD Ceuta FC,Ale Meléndez,0,0,0,1,3,3,0,0,41,0,0,0,0,6,0
97,12 Oct 2025,,4lwo7j99ry3scywz2cl04utqs,Eder Mallo Fernández,Albacete Balompié,AD Ceuta FC,Jesús Vallejo,0,0,0,0,0,0,0,0,26,0,0,0,0,0,0
97,12 Oct 2025,,4lwo7j99ry3scywz2cl04utqs,Eder Mallo Fernández,Albacete Balompié,AD Ceuta FC,Raúl Lizoain,0,0,0,0,0,1,0,0,18,0,1,0,0,0,0
97,12 Oct 2025,,4lwo7j99ry3scywz2cl04utqs,Eder Mallo Fernández,Albacete Balompié,AD Ceuta FC,José Carlos Lazo,0,1,0,4,1,0,0,2,16,0,0,2,0,0,0
97,12 Oct 2025,,4lwo7j99ry3scywz2cl04utqs,Eder Mallo Fernández,Albacete Balompié,AD Ceuta FC,Pepe Sánchez,0,0,0,0,1,0,0,0,29,0,0,0,0,2,0
97,12 Oct 2025,,4lwo7j99ry3scywz2cl04utqs,Eder Mallo Fernández,Albacete Balompié,AD Ceuta FC,Antonio Pacheco,0,0,0,0,0,0,0,0,3,0,0,0,0,0,0
97,12 Oct 2025,,4lwo7j99ry3scywz2cl04utqs,Eder Mallo Fernández,Albacete Balompié,AD Ceuta FC,Jefté Betancor,0,0,0,0,0,0,0,0,1,0,0,1,1,0,1
97,12 Oct 2025,,4lwo7j99ry3scywz2cl04utqs,Eder Mallo Fernández,Albacete Balompié,AD Ceuta FC,J. Gómez,0,0,0,0,0,1,0,0,2,0,0,0,0,0,0
97,12 Oct 2025,,4lwo7j99ry3scywz2cl04utqs,Eder Mallo Fernández,Albacete Balompié,AD Ceuta FC,Javi Villar,0,0,0,0,0,1,0,0,4,0,0,0,0,0,0
97,12 Oct 2025,,4lwo7j99ry3scywz2cl04utqs,Eder Mallo Fernández,Albacete Balompié,AD Ceuta FC,Javi Moreno,0,0,0,0,0,0,0,0,3,0,0,0,0,0,0
97,12 Oct 2025,,4lwo7j99ry3scywz2cl04utqs,Eder Mallo Fernández,Albacete Balompié,AD Ceuta FC,Carlos Hernández,0,0,0,0,2,0,0,0,59,0,0,0,0,1,0
97,12 Oct 2025,,4lwo7j99ry3scywz2cl04utqs,Eder Mallo Fernández,Albacete Balompié,AD Ceuta FC,Rubén Díez,0,0,1,8,2,2,0,1,54,0,0,0,0,1,1
97,12 Oct 2025,,4lwo7j99ry3scywz2cl04utqs,Eder Mallo Fernández,Albacete Balompié,AD Ceuta FC,Diego González,0,0,0,0,1,1,0,0,69,0,0,1,0,1,0
97,12 Oct 2025,,4lwo7j99ry3scywz2cl04utqs,Eder Mallo Fernández,Albacete Balompié,AD Ceuta FC,A. Tuhami,0,0,0,0,1,1,0,0,30,0,0,0,0,5,0
97,12 Oct 2025,,4lwo7j99ry3scywz2cl04utqs,Eder Mallo Fernández,Albacete Balompié,AD Ceuta FC,Guille Vallejo,0,0,0,0,0,0,0,0,51,0,4,0,0,0,0
97,12 Oct 2025,,4lwo7j99ry3scywz2cl04utqs,Eder Mallo Fernández,Albacete Balompié,AD Ceuta FC,Aisar,0,0,1,2,0,0,0,0,16,0,0,0,0,2,0
97,12 Oct 2025,,4lwo7j99ry3scywz2cl04utqs,Eder Mallo Fernández,Albacete Balompié,AD Ceuta FC,Marcos Fernández,0,0,0,0,1,1,0,1,21,0,0,1,1,1,0
97,12 Oct 2025,,4lwo7j99ry3scywz2cl04utqs,Eder Mallo Fernández,Albacete Balompié,AD Ceuta FC,Kuki Zalazar,0,0,0,2,1,1,0,0,18,0,0,0,0,0,0
97,12 Oct 2025,,4lwo7j99ry3scywz2cl04utqs,Eder Mallo Fernández,Albacete Balompié,AD Ceuta FC,Y. Lachhab,0,0,0,0,2,0,0,0,59,0,0,0,0,0,1
97,12 Oct 2025,,4lwo7j99ry3scywz2cl04utqs,Eder Mallo Fernández,Albacete Balompié,AD Ceuta FC,José Matos,0,0,0,1,1,1,0,0,24,0,0,0,0,1,0
97,12 Oct 2025,,4lwo7j99ry3scywz2cl04utqs,Eder Mallo Fernández,Albacete Balompié,AD Ceuta FC,K. Koné,0,1,0,0,2,0,0,0,19,0,0,1,0,0,0
97,12 Oct 2025,,4lwo7j99ry3scywz2cl04utqs,Eder Mallo Fernández,Albacete Balompié,AD Ceuta FC,Y. Bodiger,0,0,0,0,1,1,0,0,11,0,0,0,0,0,0
97,12 Oct 2025,,4lwo7j99ry3scywz2cl04utqs,Eder Mallo Fernández,Albacete Balompié,AD Ceuta FC,Salvi Sánchez,0,0,1,2,0,0,0,0,7,0,0,0,0,1,0
97,12 Oct 2025,,4lwo7j99ry3scywz2cl04utqs,Eder Mallo Fernández,Albacete Balompié,AD Ceuta FC,K. de la Fuente,0,0,0,0,1,0,0,0,1,0,0,0,0,0,0
97,12 Oct 2025,,4lwo7j99ry3scywz2cl04utqs,Eder Mallo Fernández,Albacete Balompié,AD Ceuta FC,A. Bassinga,0,0,0,0,2,0,0,0,10,0,0,0,0,0,1
98,12 Oct 2025,,4machttvw3ij8hbd8dtkgyvx0,Manuel Ángel Pérez Hernández,Burgos CF,Real Valladolid CF,David González,0,0,0,1,0,0,0,0,17,0,0,0,0,1,0
98,12 Oct 2025,,4machttvw3ij8hbd8dtkgyvx0,Manuel Ángel Pérez Hernández,Burgos CF,Real Valladolid CF,Iván Morante,0,0,0,1,0,0,0,0,19,0,0,0,0,1,1
98,12 Oct 2025,,4machttvw3ij8hbd8dtkgyvx0,Manuel Ángel Pérez Hernández,Burgos CF,Real Valladolid CF,Grego Sierra,0,0,0,0,1,0,0,1,37,0,0,0,0,1,0
98,12 Oct 2025,,4machttvw3ij8hbd8dtkgyvx0,Manuel Ángel Pérez Hernández,Burgos CF,Real Valladolid CF,F. Miguel,0,0,0,4,3,8,0,0,32,0,0,0,0,2,1
98,12 Oct 2025,,4machttvw3ij8hbd8dtkgyvx0,Manuel Ángel Pérez Hernández,Burgos CF,Real Valladolid CF,K. Appin,0,0,0,1,2,1,0,1,12,0,0,0,0,0,1
98,12 Oct 2025,,4machttvw3ij8hbd8dtkgyvx0,Manuel Ángel Pérez Hernández,Burgos CF,Real Valladolid CF,Fer Niño,0,0,0,1,2,2,0,0,22,0,0,2,0,1,1
98,12 Oct 2025,,4machttvw3ij8hbd8dtkgyvx0,Manuel Ángel Pérez Hernández,Burgos CF,Real Valladolid CF,Mario González,0,0,0,0,0,1,0,2,12,0,0,0,0,1,1
98,12 Oct 2025,,4machttvw3ij8hbd8dtkgyvx0,Manuel Ángel Pérez Hernández,Burgos CF,Real Valladolid CF,Álex Lizancos,0,0,0,3,2,6,0,0,26,0,0,1,0,4,1
98,12 Oct 2025,,4machttvw3ij8hbd8dtkgyvx0,Manuel Ángel Pérez Hernández,Burgos CF,Real Valladolid CF,Sergio González,0,0,1,0,1,5,0,0,36,0,0,2,1,2,1
98,12 Oct 2025,,4machttvw3ij8hbd8dtkgyvx0,Manuel Ángel Pérez Hernández,Burgos CF,Real Valladolid CF,Ander Cantero,0,0,0,0,0,0,0,0,20,0,2,0,0,0,0
98,12 Oct 2025,,4machttvw3ij8hbd8dtkgyvx0,Manuel Ángel Pérez Hernández,Burgos CF,Real Valladolid CF,Miguel Atienza,0,0,0,0,2,1,0,0,34,0,0,0,0,0,1
98,12 Oct 2025,,4machttvw3ij8hbd8dtkgyvx0,Manuel Ángel Pérez Hernández,Burgos CF,Real Valladolid CF,Aitor Córdoba,0,0,0,0,1,0,0,0,14,0,0,0,0,0,0
98,12 Oct 2025,,4machttvw3ij8hbd8dtkgyvx0,Manuel Ángel Pérez Hernández,Burgos CF,Real Valladolid CF,Iñigo Córdoba,0,0,1,5,2,2,0,0,16,0,0,1,0,0,0
98,12 Oct 2025,,4machttvw3ij8hbd8dtkgyvx0,Manuel Ángel Pérez Hernández,Burgos CF,Real Valladolid CF,Fermín García,0,0,0,5,0,0,0,0,11,0,0,0,0,1,0
98,12 Oct 2025,,4machttvw3ij8hbd8dtkgyvx0,Manuel Ángel Pérez Hernández,Burgos CF,Real Valladolid CF,M. Mejía,0,0,0,0,0,2,0,0,0,0,0,1,0,0,0
98,12 Oct 2025,,4machttvw3ij8hbd8dtkgyvx0,Manuel Ángel Pérez Hernández,Burgos CF,Real Valladolid CF,S. Jurić,0,0,0,1,3,0,0,0,56,0,0,0,0,2,1
98,12 Oct 2025,,4machttvw3ij8hbd8dtkgyvx0,Manuel Ángel Pérez Hernández,Burgos CF,Real Valladolid CF,David Torres,0,0,0,0,2,0,0,0,33,0,0,0,0,1,1
98,12 Oct 2025,,4machttvw3ij8hbd8dtkgyvx0,Manuel Ángel Pérez Hernández,Burgos CF,Real Valladolid CF,Guilherme Fernandes,0,0,0,0,0,0,0,0,24,0,1,0,0,0,0
98,12 Oct 2025,,4machttvw3ij8hbd8dtkgyvx0,Manuel Ángel Pérez Hernández,Burgos CF,Real Valladolid CF,Juanmi Latasa,0,0,0,0,2,2,0,1,30,0,0,3,0,0,0
98,12 Oct 2025,,4machttvw3ij8hbd8dtkgyvx0,Manuel Ángel Pérez Hernández,Burgos CF,Real Valladolid CF,S. Biuk,0,2,1,0,2,2,0,0,20,0,0,2,0,4,1
98,12 Oct 2025,,4machttvw3ij8hbd8dtkgyvx0,Manuel Ángel Pérez Hernández,Burgos CF,Real Valladolid CF,Sergi Canós,0,0,0,2,1,0,0,0,11,0,0,1,0,1,0
98,12 Oct 2025,,4machttvw3ij8hbd8dtkgyvx0,Manuel Ángel Pérez Hernández,Burgos CF,Real Valladolid CF,Iván Garriel,0,0,0,0,4,0,0,0,21,0,0,0,0,0,1
98,12 Oct 2025,,4machttvw3ij8hbd8dtkgyvx0,Manuel Ángel Pérez Hernández,Burgos CF,Real Valladolid CF,Pablo Tomeo,0,0,0,0,1,2,0,0,33,0,0,0,0,2,0
98,12 Oct 2025,,4machttvw3ij8hbd8dtkgyvx0,Manuel Ángel Pérez Hernández,Burgos CF,Real Valladolid CF,Iván Alejo,0,0,1,5,2,3,0,0,33,0,0,1,1,2,1
98,12 Oct 2025,,4machttvw3ij8hbd8dtkgyvx0,Manuel Ángel Pérez Hernández,Burgos CF,Real Valladolid CF,P. González,0,0,0,2,2,3,0,0,15,0,0,1,1,0,0
98,12 Oct 2025,,4machttvw3ij8hbd8dtkgyvx0,Manuel Ángel Pérez Hernández,Burgos CF,Real Valladolid CF,Víctor Meseguer,0,0,0,0,1,0,0,0,29,0,0,0,0,2,1
98,12 Oct 2025,,4machttvw3ij8hbd8dtkgyvx0,Manuel Ángel Pérez Hernández,Burgos CF,Real Valladolid CF,Chuki,0,1,0,0,5,1,1,0,17,0,0,2,1,0,1
98,12 Oct 2025,,4machttvw3ij8hbd8dtkgyvx0,Manuel Ángel Pérez Hernández,Burgos CF,Real Valladolid CF,Guille Bueno,0,0,0,1,1,0,0,0,6,0,0,0,0,2,0
98,12 Oct 2025,,4machttvw3ij8hbd8dtkgyvx0,Manuel Ángel Pérez Hernández,Burgos CF,Real Valladolid CF,Marcos André,0,0,0,0,2,2,0,1,2,0,0,1,0,1,0
98,12 Oct 2025,,4machttvw3ij8hbd8dtkgyvx0,Manuel Ángel Pérez Hernández,Burgos CF,Real Valladolid CF,I. Alani,0,0,0,0,0,0,0,0,10,0,0,0,0,1,0
98,12 Oct 2025,,4machttvw3ij8hbd8dtkgyvx0,Manuel Ángel Pérez Hernández,Burgos CF,Real Valladolid CF,J. Ponceau,0,0,0,0,0,0,0,0,2,0,0,0,0,0,0
99,12 Oct 2025,,4mo61a33mse5ojqwewi2giot0,Germán Cid Camacho,Cádiz CF,SD Huesca,Iker Recio,0,0,1,1,3,0,0,0,62,0,0,0,0,3,1
99,12 Oct 2025,,4mo61a33mse5ojqwewi2giot0,Germán Cid Camacho,Cádiz CF,SD Huesca,Sergio Ortuño,1,0,0,3,1,2,0,0,62,0,0,0,0,1,0
99,12 Oct 2025,,4mo61a33mse5ojqwewi2giot0,Germán Cid Camacho,Cádiz CF,SD Huesca,Y. Diarra,0,0,0,2,0,0,0,1,16,0,0,0,0,0,0
99,12 Oct 2025,,4mo61a33mse5ojqwewi2giot0,Germán Cid Camacho,Cádiz CF,SD Huesca,Álvaro García Pascual,0,0,1,0,0,2,0,0,12,0,0,1,0,0,0
99,12 Oct 2025,,4mo61a33mse5ojqwewi2giot0,Germán Cid Camacho,Cádiz CF,SD Huesca,Javi Ontiveros,0,1,5,13,1,0,0,0,40,0,0,2,0,0,0
99,12 Oct 2025,,4mo61a33mse5ojqwewi2giot0,Germán Cid Camacho,Cádiz CF,SD Huesca,Iza Carcelén,0,0,0,0,2,2,0,0,63,0,0,2,0,2,1
99,12 Oct 2025,,4mo61a33mse5ojqwewi2giot0,Germán Cid Camacho,Cádiz CF,SD Huesca,Victor Aznar,0,0,0,0,0,0,0,0,29,0,1,0,0,0,0
99,12 Oct 2025,,4mo61a33mse5ojqwewi2giot0,Germán Cid Camacho,Cádiz CF,SD Huesca,Raúl Pereira,0,0,1,4,1,0,0,0,28,0,0,0,0,2,0
99,12 Oct 2025,,4mo61a33mse5ojqwewi2giot0,Germán Cid Camacho,Cádiz CF,SD Huesca,Álex Fernández,0,1,2,1,1,0,0,0,60,0,0,2,1,1,0
99,12 Oct 2025,,4mo61a33mse5ojqwewi2giot0,Germán Cid Camacho,Cádiz CF,SD Huesca,Jorge Moreno,0,0,0,0,1,0,0,0,56,0,0,0,0,1,0
99,12 Oct 2025,,4mo61a33mse5ojqwewi2giot0,Germán Cid Camacho,Cádiz CF,SD Huesca,I. Tabatadze,0,0,2,1,1,3,1,0,13,0,0,2,1,0,0
99,12 Oct 2025,,4mo61a33mse5ojqwewi2giot0,Germán Cid Camacho,Cádiz CF,SD Huesca,B. Ocampo,0,0,1,0,0,0,0,0,17,0,0,1,0,1,0
99,12 Oct 2025,,4mo61a33mse5ojqwewi2giot0,Germán Cid Camacho,Cádiz CF,SD Huesca,A. Caicedo,0,0,0,0,0,0,0,0,6,0,0,0,0,1,0
99,12 Oct 2025,,4mo61a33mse5ojqwewi2giot0,Germán Cid Camacho,Cádiz CF,SD Huesca,Roger,0,0,0,0,1,0,0,0,5,0,0,0,0,1,0
99,12 Oct 2025,,4mo61a33mse5ojqwewi2giot0,Germán Cid Camacho,Cádiz CF,SD Huesca,E. Ugiagbe,0,1,0,0,0,1,0,0,5,0,0,1,0,1,0
99,12 Oct 2025,,4mo61a33mse5ojqwewi2giot0,Germán Cid Camacho,Cádiz CF,SD Huesca,M. Diakité,0,0,0,0,0,0,0,0,8,0,0,0,0,0,0
99,12 Oct 2025,,4mo61a33mse5ojqwewi2giot0,Germán Cid Camacho,Cádiz CF,SD Huesca,Portillo,0,1,0,1,0,1,0,0,20,0,0,1,0,1,0
99,12 Oct 2025,,4mo61a33mse5ojqwewi2giot0,Germán Cid Camacho,Cádiz CF,SD Huesca,Iñigo Piña,0,0,0,0,1,3,0,0,36,0,0,0,0,3,0
99,12 Oct 2025,,4mo61a33mse5ojqwewi2giot0,Germán Cid Camacho,Cádiz CF,SD Huesca,Enol Rodríguez,0,0,0,0,2,1,0,1,12,0,0,1,0,0,0
99,12 Oct 2025,,4mo61a33mse5ojqwewi2giot0,Germán Cid Camacho,Cádiz CF,SD Huesca,Toni Abad,0,0,0,2,1,0,0,1,30,0,0,0,0,0,0
99,12 Oct 2025,,4mo61a33mse5ojqwewi2giot0,Germán Cid Camacho,Cádiz CF,SD Huesca,D. Luna,0,0,0,1,1,2,0,0,17,0,0,0,0,3,1
99,12 Oct 2025,,4mo61a33mse5ojqwewi2giot0,Germán Cid Camacho,Cádiz CF,SD Huesca,Dani Jiménez,0,0,0,0,0,0,0,0,30,0,1,0,0,0,0
99,12 Oct 2025,,4mo61a33mse5ojqwewi2giot0,Germán Cid Camacho,Cádiz CF,SD Huesca,Liberto Beltrán,0,0,1,0,1,1,0,0,8,0,0,1,0,3,0
99,12 Oct 2025,,4mo61a33mse5ojqwewi2giot0,Germán Cid Camacho,Cádiz CF,SD Huesca,Rodrigo Abajas,0,0,0,1,3,1,0,0,8,0,0,1,1,1,1
99,12 Oct 2025,,4mo61a33mse5ojqwewi2giot0,Germán Cid Camacho,Cádiz CF,SD Huesca,Jesús Álvarez,0,0,0,1,0,0,0,0,48,0,0,0,0,0,0
99,12 Oct 2025,,4mo61a33mse5ojqwewi2giot0,Germán Cid Camacho,Cádiz CF,SD Huesca,Jorge Pulido,0,0,0,0,0,0,0,0,31,0,0,0,0,0,0
99,12 Oct 2025,,4mo61a33mse5ojqwewi2giot0,Germán Cid Camacho,Cádiz CF,SD Huesca,Iker Kortajarena,0,0,1,1,1,0,0,0,37,0,0,1,0,0,0
99,12 Oct 2025,,4mo61a33mse5ojqwewi2giot0,Germán Cid Camacho,Cádiz CF,SD Huesca,Julio Alonso,0,0,0,1,1,1,0,1,20,0,0,0,0,1,1
99,12 Oct 2025,,4mo61a33mse5ojqwewi2giot0,Germán Cid Camacho,Cádiz CF,SD Huesca,Óscar Sielva,0,0,0,3,0,0,0,0,20,0,0,0,0,2,0
99,12 Oct 2025,,4mo61a33mse5ojqwewi2giot0,Germán Cid Camacho,Cádiz CF,SD Huesca,Dani Ojeda,0,1,0,0,1,0,0,0,14,0,0,2,0,0,0
99,12 Oct 2025,,4mo61a33mse5ojqwewi2giot0,Germán Cid Camacho,Cádiz CF,SD Huesca,Ángel Pérez,0,1,0,0,0,1,0,0,6,0,0,3,0,1,0
99,12 Oct 2025,,4mo61a33mse5ojqwewi2giot0,Germán Cid Camacho,Cádiz CF,SD Huesca,S. Ntamack,0,0,0,0,0,1,0,0,3,0,0,0,0,0,0
100,17 Oct 2025,,4n3elfsvg56btkvh4jk39a3o4,Marta Huerta de Aza,FC Andorra,Granada CF,T. Carrique,0,0,1,3,1,2,0,0,32,0,0,0,0,1,0
100,17 Oct 2025,,4n3elfsvg56btkvh4jk39a3o4,Marta Huerta de Aza,FC Andorra,Granada CF,Áron Yaakobishvili,0,0,0,0,0,0,0,0,38,0,4,0,0,0,0
100,17 Oct 2025,,4n3elfsvg56btkvh4jk39a3o4,Marta Huerta de Aza,FC Andorra,Granada CF,Bomba,0,0,0,0,1,0,0,0,73,0,0,1,0,1,1
100,17 Oct 2025,,4n3elfsvg56btkvh4jk39a3o4,Marta Huerta de Aza,FC Andorra,Granada CF,Diego Alende,0,1,1,1,1,1,0,0,83,0,0,2,0,1,0
100,17 Oct 2025,,4n3elfsvg56btkvh4jk39a3o4,Marta Huerta de Aza,FC Andorra,Granada CF,Kim Min-Su,0,0,0,0,0,3,0,0,24,0,0,1,0,0,0
100,17 Oct 2025,,4n3elfsvg56btkvh4jk39a3o4,Marta Huerta de Aza,FC Andorra,Granada CF,Martí Vilà,0,0,1,4,4,0,0,0,21,0,0,1,0,2,0
100,17 Oct 2025,,4n3elfsvg56btkvh4jk39a3o4,Marta Huerta de Aza,FC Andorra,Granada CF,Jastin García,0,1,1,1,2,3,0,0,21,0,0,3,2,2,1
100,17 Oct 2025,,4n3elfsvg56btkvh4jk39a3o4,Marta Huerta de Aza,FC Andorra,Granada CF,Manu Nieto,0,1,0,0,1,2,0,0,17,0,0,4,1,1,0
100,17 Oct 2025,,4n3elfsvg56btkvh4jk39a3o4,Marta Huerta de Aza,FC Andorra,Granada CF,Dani Villahermosa,0,0,0,1,1,0,0,0,25,0,0,0,0,3,0
100,17 Oct 2025,,4n3elfsvg56btkvh4jk39a3o4,Marta Huerta de Aza,FC Andorra,Granada CF,Aingeru Olabarrieta,0,0,0,3,2,0,0,0,16,0,0,0,0,0,1
100,17 Oct 2025,,4n3elfsvg56btkvh4jk39a3o4,Marta Huerta de Aza,FC Andorra,Granada CF,Sergio Molina,0,0,0,1,1,0,0,0,63,0,0,0,0,4,1
100,17 Oct 2025,,4n3elfsvg56btkvh4jk39a3o4,Marta Huerta de Aza,FC Andorra,Granada CF,Álex Calvo,0,0,1,2,1,3,0,0,11,0,0,0,0,3,0
100,17 Oct 2025,,4n3elfsvg56btkvh4jk39a3o4,Marta Huerta de Aza,FC Andorra,Granada CF,Marc Domènech,0,0,0,1,0,0,0,0,17,0,0,0,0,0,0
100,17 Oct 2025,,4n3elfsvg56btkvh4jk39a3o4,Marta Huerta de Aza,FC Andorra,Granada CF,T. Le Normand,0,0,0,1,1,0,0,0,7,0,0,0,0,0,0
100,17 Oct 2025,,4n3elfsvg56btkvh4jk39a3o4,Marta Huerta de Aza,FC Andorra,Granada CF,L. de León,0,0,0,0,0,0,0,0,5,0,0,1,0,0,0
100,17 Oct 2025,,4n3elfsvg56btkvh4jk39a3o4,Marta Huerta de Aza,FC Andorra,Granada CF,Antal Yaakobishvili,0,0,0,0,0,0,0,0,3,0,0,0,0,0,0
100,17 Oct 2025,,4n3elfsvg56btkvh4jk39a3o4,Marta Huerta de Aza,FC Andorra,Granada CF,Pedro Alemañ,0,0,1,1,0,2,0,0,15,0,0,0,0,4,0
100,17 Oct 2025,,4n3elfsvg56btkvh4jk39a3o4,Marta Huerta de Aza,FC Andorra,Granada CF,Rubén Alcaraz,0,0,0,1,6,4,0,0,32,0,0,0,0,5,1
100,17 Oct 2025,,4n3elfsvg56btkvh4jk39a3o4,Marta Huerta de Aza,FC Andorra,Granada CF,B. Diallo,0,0,0,7,1,0,0,0,17,0,0,0,0,1,0
100,17 Oct 2025,,4n3elfsvg56btkvh4jk39a3o4,Marta Huerta de Aza,FC Andorra,Granada CF,S. Faye,0,0,1,1,1,2,0,1,17,0,0,3,2,2,1
100,17 Oct 2025,,4n3elfsvg56btkvh4jk39a3o4,Marta Huerta de Aza,FC Andorra,Granada CF,Manu Lama,0,0,0,0,0,0,0,0,34,0,0,3,1,1,0
100,17 Oct 2025,,4n3elfsvg56btkvh4jk39a3o4,Marta Huerta de Aza,FC Andorra,Granada CF,O. Oppong,0,1,0,0,2,1,0,1,37,0,0,2,0,1,0
100,17 Oct 2025,,4n3elfsvg56btkvh4jk39a3o4,Marta Huerta de Aza,FC Andorra,Granada CF,Pau Casadesús,0,0,0,0,0,0,0,0,20,0,0,0,0,7,0
100,17 Oct 2025,,4n3elfsvg56btkvh4jk39a3o4,Marta Huerta de Aza,FC Andorra,Granada CF,Álex Sola,0,0,0,3,2,2,0,0,25,0,0,1,0,3,0
100,17 Oct 2025,,4n3elfsvg56btkvh4jk39a3o4,Marta Huerta de Aza,FC Andorra,Granada CF,L. Zidane,0,0,0,0,0,1,0,0,33,0,3,0,0,0,0
100,17 Oct 2025,,4n3elfsvg56btkvh4jk39a3o4,Marta Huerta de Aza,FC Andorra,Granada CF,Jorge Pascual,0,0,0,1,2,0,0,0,7,0,0,1,1,0,0
100,17 Oct 2025,,4n3elfsvg56btkvh4jk39a3o4,Marta Huerta de Aza,FC Andorra,Granada CF,Sergio Ruiz,0,1,0,2,0,1,0,0,33,0,0,1,0,1,0
100,17 Oct 2025,,4n3elfsvg56btkvh4jk39a3o4,Marta Huerta de Aza,FC Andorra,Granada CF,Sergio Rodelas,0,1,0,1,0,0,0,0,0,0,0,2,0,2,0
100,17 Oct 2025,,4n3elfsvg56btkvh4jk39a3o4,Marta Huerta de Aza,FC Andorra,Granada CF,Loïc Williams,0,0,0,0,1,0,0,0,5,0,0,0,0,1,0
100,17 Oct 2025,,4n3elfsvg56btkvh4jk39a3o4,Marta Huerta de Aza,FC Andorra,Granada CF,L. Gagnidze,0,0,0,0,0,0,0,0,4,0,0,0,0,1,0
100,17 Oct 2025,,4n3elfsvg56btkvh4jk39a3o4,Marta Huerta de Aza,FC Andorra,Granada CF,Pablo Sáenz,0,0,1,2,0,2,0,0,1,0,0,0,0,0,0
101,19 Oct 2025,,4nh1vs2qlone724k2mbleeiac,Alonso de Ena Wolf,CD Castellón,Albacete Balompié,Lucas Alcázar,0,0,3,4,1,1,0,0,28,0,0,1,0,2,1
101,19 Oct 2025,,4nh1vs2qlone724k2mbleeiac,Alonso de Ena Wolf,CD Castellón,Albacete Balompié,M. Doué,0,1,1,0,0,1,0,0,19,0,0,1,0,1,0
101,19 Oct 2025,,4nh1vs2qlone724k2mbleeiac,Alonso de Ena Wolf,CD Castellón,Albacete Balompié,K. Mamah,0,0,0,1,1,0,0,0,8,0,0,0,0,1,0
101,19 Oct 2025,,4nh1vs2qlone724k2mbleeiac,Alonso de Ena Wolf,CD Castellón,Albacete Balompié,R. Matthys,0,0,0,0,0,0,0,0,24,0,7,0,0,0,0
101,19 Oct 2025,,4nh1vs2qlone724k2mbleeiac,Alonso de Ena Wolf,CD Castellón,Albacete Balompié,Ronaldo,0,1,0,4,2,3,0,0,28,1,0,3,0,0,2
101,19 Oct 2025,,4nh1vs2qlone724k2mbleeiac,Alonso de Ena Wolf,CD Castellón,Albacete Balompié,Salva Ruiz,0,0,0,1,1,0,0,0,48,0,0,0,0,2,1
101,19 Oct 2025,,4nh1vs2qlone724k2mbleeiac,Alonso de Ena Wolf,CD Castellón,Albacete Balompié,Alberto Jiménez,0,1,0,0,1,3,0,0,72,1,0,3,1,1,0
101,19 Oct 2025,,4nh1vs2qlone724k2mbleeiac,Alonso de Ena Wolf,CD Castellón,Albacete Balompié,J. Mellot,0,0,0,0,2,3,0,0,77,0,0,0,0,1,0
101,19 Oct 2025,,4nh1vs2qlone724k2mbleeiac,Alonso de Ena Wolf,CD Castellón,Albacete Balompié,B. Cipenga,0,2,2,2,0,2,0,0,25,0,0,6,1,0,0
101,19 Oct 2025,,4nh1vs2qlone724k2mbleeiac,Alonso de Ena Wolf,CD Castellón,Albacete Balompié,Cala,0,0,2,9,1,1,0,0,44,0,0,2,1,0,0
101,19 Oct 2025,,4nh1vs2qlone724k2mbleeiac,Alonso de Ena Wolf,CD Castellón,Albacete Balompié,A. Jakobsen,0,0,1,0,1,0,0,0,8,0,0,2,1,1,0
101,19 Oct 2025,,4nh1vs2qlone724k2mbleeiac,Alonso de Ena Wolf,CD Castellón,Albacete Balompié,T. De Nipoti,0,0,0,0,3,2,0,0,19,0,0,1,1,1,1
101,19 Oct 2025,,4nh1vs2qlone724k2mbleeiac,Alonso de Ena Wolf,CD Castellón,Albacete Balompié,Barri,0,0,0,0,0,0,0,0,17,0,0,2,0,0,0
101,19 Oct 2025,,4nh1vs2qlone724k2mbleeiac,Alonso de Ena Wolf,CD Castellón,Albacete Balompié,O. Camara,0,0,0,0,0,0,0,0,3,0,0,0,0,0,0
101,19 Oct 2025,,4nh1vs2qlone724k2mbleeiac,Alonso de Ena Wolf,CD Castellón,Albacete Balompié,Israel Suero,0,0,0,2,1,0,0,0,14,0,0,1,0,1,0
101,19 Oct 2025,,4nh1vs2qlone724k2mbleeiac,Alonso de Ena Wolf,CD Castellón,Albacete Balompié,Tincho Conde,0,0,0,1,0,0,0,0,6,0,0,0,0,1,0
101,19 Oct 2025,,4nh1vs2qlone724k2mbleeiac,Alonso de Ena Wolf,CD Castellón,Albacete Balompié,Dani Escriche,0,0,1,2,2,4,0,1,11,0,0,0,0,0,0
101,19 Oct 2025,,4nh1vs2qlone724k2mbleeiac,Alonso de Ena Wolf,CD Castellón,Albacete Balompié,Agus Medina,0,1,0,3,3,2,1,0,19,0,0,4,2,1,1
101,19 Oct 2025,,4nh1vs2qlone724k2mbleeiac,Alonso de Ena Wolf,CD Castellón,Albacete Balompié,Javi Villar,0,0,0,0,2,0,0,0,19,0,0,1,1,0,0
101,19 Oct 2025,,4nh1vs2qlone724k2mbleeiac,Alonso de Ena Wolf,CD Castellón,Albacete Balompié,Fran Gámez,0,0,1,1,0,0,0,0,23,0,0,0,0,2,1
101,19 Oct 2025,,4nh1vs2qlone724k2mbleeiac,Alonso de Ena Wolf,CD Castellón,Albacete Balompié,Antonio Puertas,0,0,0,0,1,2,0,0,12,0,0,0,0,0,0
101,19 Oct 2025,,4nh1vs2qlone724k2mbleeiac,Alonso de Ena Wolf,CD Castellón,Albacete Balompié,Ale Meléndez,0,0,0,0,1,1,0,0,21,0,0,1,1,2,0
101,19 Oct 2025,,4nh1vs2qlone724k2mbleeiac,Alonso de Ena Wolf,CD Castellón,Albacete Balompié,José Carlos Lazo,0,0,0,2,3,0,0,0,21,0,0,1,1,1,0
101,19 Oct 2025,,4nh1vs2qlone724k2mbleeiac,Alonso de Ena Wolf,CD Castellón,Albacete Balompié,Pepe Sánchez,0,0,0,0,0,0,0,0,9,0,0,0,0,1,1
101,19 Oct 2025,,4nh1vs2qlone724k2mbleeiac,Alonso de Ena Wolf,CD Castellón,Albacete Balompié,Javi Moreno,0,0,0,0,0,1,0,0,23,0,0,1,1,4,0
101,19 Oct 2025,,4nh1vs2qlone724k2mbleeiac,Alonso de Ena Wolf,CD Castellón,Albacete Balompié,Carlos Neva,1,0,0,3,1,1,0,0,16,0,0,0,0,3,0
101,19 Oct 2025,,4nh1vs2qlone724k2mbleeiac,Alonso de Ena Wolf,CD Castellón,Albacete Balompié,Raúl Lizoain,0,0,0,0,0,0,0,0,28,0,5,0,0,0,0
101,19 Oct 2025,,4nh1vs2qlone724k2mbleeiac,Alonso de Ena Wolf,CD Castellón,Albacete Balompié,Jon García,0,0,0,0,0,0,0,0,25,0,0,1,0,0,0
101,19 Oct 2025,,4nh1vs2qlone724k2mbleeiac,Alonso de Ena Wolf,CD Castellón,Albacete Balompié,Jon Morcillo,0,0,1,2,1,1,0,0,13,0,0,1,1,1,0
101,19 Oct 2025,,4nh1vs2qlone724k2mbleeiac,Alonso de Ena Wolf,CD Castellón,Albacete Balompié,Antonio Pacheco,0,0,0,0,0,0,0,0,6,0,0,0,0,0,0
101,19 Oct 2025,,4nh1vs2qlone724k2mbleeiac,Alonso de Ena Wolf,CD Castellón,Albacete Balompié,Capi,0,0,0,0,1,0,0,0,6,0,0,1,1,1,0
101,19 Oct 2025,,4nh1vs2qlone724k2mbleeiac,Alonso de Ena Wolf,CD Castellón,Albacete Balompié,Higinio Marín,0,0,0,0,3,0,0,1,0,1,0,0,0,0,0
102,20 Oct 2025,,4nuuesbnnzji74kikv4q0fm6s,Sergiu Claudiu Muresan,Cádiz CF,Burgos CF,Álex Fernández,0,0,0,1,0,2,0,0,56,0,0,0,0,4,0
102,20 Oct 2025,,4nuuesbnnzji74kikv4q0fm6s,Sergiu Claudiu Muresan,Cádiz CF,Burgos CF,Iker Recio,0,0,0,1,2,2,0,0,49,0,0,0,0,0,0
102,20 Oct 2025,,4nuuesbnnzji74kikv4q0fm6s,Sergiu Claudiu Muresan,Cádiz CF,Burgos CF,Álvaro García Pascual,1,0,0,0,1,1,0,1,10,0,0,1,0,0,0
102,20 Oct 2025,,4nuuesbnnzji74kikv4q0fm6s,Sergiu Claudiu Muresan,Cádiz CF,Burgos CF,Sergio Ortuño,0,0,0,0,2,0,0,0,65,0,0,0,0,3,1
102,20 Oct 2025,,4nuuesbnnzji74kikv4q0fm6s,Sergiu Claudiu Muresan,Cádiz CF,Burgos CF,Iza Carcelén,0,0,0,3,1,2,0,0,54,0,0,0,0,3,0
102,20 Oct 2025,,4nuuesbnnzji74kikv4q0fm6s,Sergiu Claudiu Muresan,Cádiz CF,Burgos CF,Suso,0,1,0,5,2,2,0,0,49,0,0,3,1,0,1
102,20 Oct 2025,,4nuuesbnnzji74kikv4q0fm6s,Sergiu Claudiu Muresan,Cádiz CF,Burgos CF,B. Kovačević,0,0,0,0,1,0,0,1,30,0,0,0,0,2,0
102,20 Oct 2025,,4nuuesbnnzji74kikv4q0fm6s,Sergiu Claudiu Muresan,Cádiz CF,Burgos CF,Javi Ontiveros,0,0,1,5,0,3,1,0,40,0,0,1,1,2,0
102,20 Oct 2025,,4nuuesbnnzji74kikv4q0fm6s,Sergiu Claudiu Muresan,Cádiz CF,Burgos CF,Victor Aznar,0,0,0,0,0,0,0,0,32,0,1,0,0,0,0
102,20 Oct 2025,,4nuuesbnnzji74kikv4q0fm6s,Sergiu Claudiu Muresan,Cádiz CF,Burgos CF,Raúl Pereira,0,0,0,1,0,0,0,0,13,0,0,0,0,2,0
102,20 Oct 2025,,4nuuesbnnzji74kikv4q0fm6s,Sergiu Claudiu Muresan,Cádiz CF,Burgos CF,I. Tabatadze,0,0,0,0,0,0,0,0,8,0,0,0,0,1,0
102,20 Oct 2025,,4nuuesbnnzji74kikv4q0fm6s,Sergiu Claudiu Muresan,Cádiz CF,Burgos CF,E. Ugiagbe,0,0,0,0,2,3,0,0,10,0,0,1,0,0,0
102,20 Oct 2025,,4nuuesbnnzji74kikv4q0fm6s,Sergiu Claudiu Muresan,Cádiz CF,Burgos CF,Mario Climent,0,0,0,1,1,1,0,0,25,0,0,0,0,1,0
102,20 Oct 2025,,4nuuesbnnzji74kikv4q0fm6s,Sergiu Claudiu Muresan,Cádiz CF,Burgos CF,D. Camara,0,0,0,0,1,3,0,1,3,0,0,1,0,0,1
102,20 Oct 2025,,4nuuesbnnzji74kikv4q0fm6s,Sergiu Claudiu Muresan,Cádiz CF,Burgos CF,Roger,0,0,0,0,1,0,0,0,0,0,0,2,1,0,0
102,20 Oct 2025,,4nuuesbnnzji74kikv4q0fm6s,Sergiu Claudiu Muresan,Cádiz CF,Burgos CF,José de la Rosa,0,0,0,1,0,0,0,0,1,0,0,0,0,0,0
102,20 Oct 2025,,4nuuesbnnzji74kikv4q0fm6s,Sergiu Claudiu Muresan,Cádiz CF,Burgos CF,Miguel Atienza,0,0,0,0,0,1,0,0,35,0,0,2,1,0,0
102,20 Oct 2025,,4nuuesbnnzji74kikv4q0fm6s,Sergiu Claudiu Muresan,Cádiz CF,Burgos CF,Grego Sierra,0,0,0,0,4,1,1,0,34,0,0,1,1,2,0
102,20 Oct 2025,,4nuuesbnnzji74kikv4q0fm6s,Sergiu Claudiu Muresan,Cádiz CF,Burgos CF,Iñigo Córdoba,0,0,1,4,0,3,0,0,25,0,0,1,0,0,0
102,20 Oct 2025,,4nuuesbnnzji74kikv4q0fm6s,Sergiu Claudiu Muresan,Cádiz CF,Burgos CF,F. Miguel,0,0,0,3,2,0,0,0,18,0,0,1,0,1,1
102,20 Oct 2025,,4nuuesbnnzji74kikv4q0fm6s,Sergiu Claudiu Muresan,Cádiz CF,Burgos CF,Fer Niño,0,0,1,0,1,1,0,0,16,0,0,0,0,0,0
102,20 Oct 2025,,4nuuesbnnzji74kikv4q0fm6s,Sergiu Claudiu Muresan,Cádiz CF,Burgos CF,Aitor Córdoba,0,0,0,0,1,0,0,0,30,0,0,1,0,1,0
102,20 Oct 2025,,4nuuesbnnzji74kikv4q0fm6s,Sergiu Claudiu Muresan,Cádiz CF,Burgos CF,Ander Cantero,0,0,0,0,0,0,0,0,21,0,2,0,0,0,0
102,20 Oct 2025,,4nuuesbnnzji74kikv4q0fm6s,Sergiu Claudiu Muresan,Cádiz CF,Burgos CF,Curro Sánchez,0,0,0,4,1,1,0,0,35,0,0,0,0,2,0
102,20 Oct 2025,,4nuuesbnnzji74kikv4q0fm6s,Sergiu Claudiu Muresan,Cádiz CF,Burgos CF,Álex Lizancos,2,1,1,3,2,2,0,0,23,0,0,2,0,7,0
102,20 Oct 2025,,4nuuesbnnzji74kikv4q0fm6s,Sergiu Claudiu Muresan,Cádiz CF,Burgos CF,Iván Morante,0,1,1,0,1,1,0,0,32,0,0,1,0,1,1
102,20 Oct 2025,,4nuuesbnnzji74kikv4q0fm6s,Sergiu Claudiu Muresan,Cádiz CF,Burgos CF,David González,0,0,0,1,1,1,1,0,20,0,0,2,1,1,0
102,20 Oct 2025,,4nuuesbnnzji74kikv4q0fm6s,Sergiu Claudiu Muresan,Cádiz CF,Burgos CF,Sergio González,0,0,0,0,2,1,0,0,4,0,0,0,0,0,1
102,20 Oct 2025,,4nuuesbnnzji74kikv4q0fm6s,Sergiu Claudiu Muresan,Cádiz CF,Burgos CF,M. Mejía,0,0,0,0,1,2,1,1,2,0,0,1,1,0,1
102,20 Oct 2025,,4nuuesbnnzji74kikv4q0fm6s,Sergiu Claudiu Muresan,Cádiz CF,Burgos CF,K. Appin,0,0,0,0,3,0,0,0,4,0,0,1,0,0,0
102,20 Oct 2025,,4nuuesbnnzji74kikv4q0fm6s,Sergiu Claudiu Muresan,Cádiz CF,Burgos CF,Mario Cantero,0,0,0,0,0,0,0,0,1,0,0,0,0,0,0
103,19 Oct 2025,,4o8lprnwej6j0e1p3ow815n9w,Salvador Lax Franco,Real Racing Club,RC Deportivo de La Coruña,F. González,0,0,0,0,1,1,1,0,36,0,0,1,1,0,0
103,19 Oct 2025,,4o8lprnwej6j0e1p3ow815n9w,Salvador Lax Franco,Real Racing Club,RC Deportivo de La Coruña,G. Puerta,0,1,0,0,1,1,0,0,82,0,0,3,1,2,0
103,19 Oct 2025,,4o8lprnwej6j0e1p3ow815n9w,Salvador Lax Franco,Real Racing Club,RC Deportivo de La Coruña,J. Arévalo,0,0,0,0,1,2,1,0,8,0,0,4,3,0,0
103,19 Oct 2025,,4o8lprnwej6j0e1p3ow815n9w,Salvador Lax Franco,Real Racing Club,RC Deportivo de La Coruña,Pablo Ramón,0,1,0,0,1,0,0,0,49,0,0,2,0,1,1
103,19 Oct 2025,,4o8lprnwej6j0e1p3ow815n9w,Salvador Lax Franco,Real Racing Club,RC Deportivo de La Coruña,Mario García,0,0,0,3,1,0,0,0,36,0,0,0,0,1,0
103,19 Oct 2025,,4o8lprnwej6j0e1p3ow815n9w,Salvador Lax Franco,Real Racing Club,RC Deportivo de La Coruña,Álvaro Mantilla,0,0,0,0,1,0,0,0,23,0,0,0,0,0,1
103,19 Oct 2025,,4o8lprnwej6j0e1p3ow815n9w,Salvador Lax Franco,Real Racing Club,RC Deportivo de La Coruña,Iñigo Vicente,0,1,2,8,0,2,0,0,71,0,0,2,0,2,0
103,19 Oct 2025,,4o8lprnwej6j0e1p3ow815n9w,Salvador Lax Franco,Real Racing Club,RC Deportivo de La Coruña,Peio Canales,1,0,1,0,0,1,0,0,65,0,0,4,1,0,0
103,19 Oct 2025,,4o8lprnwej6j0e1p3ow815n9w,Salvador Lax Franco,Real Racing Club,RC Deportivo de La Coruña,M. Gueye,0,0,1,0,1,1,0,0,53,0,0,0,0,2,1
103,19 Oct 2025,,4o8lprnwej6j0e1p3ow815n9w,Salvador Lax Franco,Real Racing Club,RC Deportivo de La Coruña,Andrés Martín,0,0,2,7,1,1,0,0,32,0,0,4,0,1,0
103,19 Oct 2025,,4o8lprnwej6j0e1p3ow815n9w,Salvador Lax Franco,Real Racing Club,RC Deportivo de La Coruña,Jokin Ezkieta,0,0,0,0,0,0,0,0,18,0,5,0,0,0,0
103,19 Oct 2025,,4o8lprnwej6j0e1p3ow815n9w,Salvador Lax Franco,Real Racing Club,RC Deportivo de La Coruña,Javi Castro,0,0,0,0,0,1,0,0,18,0,0,1,0,0,0
103,19 Oct 2025,,4o8lprnwej6j0e1p3ow815n9w,Salvador Lax Franco,Real Racing Club,RC Deportivo de La Coruña,Íñigo Sainz-Maza,0,0,0,0,0,0,0,0,7,0,0,0,0,0,0
103,19 Oct 2025,,4o8lprnwej6j0e1p3ow815n9w,Salvador Lax Franco,Real Racing Club,RC Deportivo de La Coruña,Asier Villalibre,0,0,0,0,0,0,0,0,2,0,0,0,0,0,0
103,19 Oct 2025,,4o8lprnwej6j0e1p3ow815n9w,Salvador Lax Franco,Real Racing Club,RC Deportivo de La Coruña,S. Camara,0,0,0,0,1,0,0,0,2,0,0,0,0,0,0
103,19 Oct 2025,,4o8lprnwej6j0e1p3ow815n9w,Salvador Lax Franco,Real Racing Club,RC Deportivo de La Coruña,Yeray Cabanzón,0,0,0,0,0,0,0,0,0,0,0,0,0,0,0
103,19 Oct 2025,,4o8lprnwej6j0e1p3ow815n9w,Salvador Lax Franco,Real Racing Club,RC Deportivo de La Coruña,Mario Soriano,0,0,0,0,0,0,0,0,27,0,0,0,0,2,0
103,19 Oct 2025,,4o8lprnwej6j0e1p3ow815n9w,Salvador Lax Franco,Real Racing Club,RC Deportivo de La Coruña,Germán Parreño,0,0,0,0,0,0,0,0,39,0,4,0,0,0,0
103,19 Oct 2025,,4o8lprnwej6j0e1p3ow815n9w,Salvador Lax Franco,Real Racing Club,RC Deportivo de La Coruña,Z. Eddahchouri,0,0,0,0,2,0,0,0,7,0,0,1,0,0,0
103,19 Oct 2025,,4o8lprnwej6j0e1p3ow815n9w,Salvador Lax Franco,Real Racing Club,RC Deportivo de La Coruña,David Mella,0,0,0,3,1,2,0,0,25,0,0,1,1,1,0
103,19 Oct 2025,,4o8lprnwej6j0e1p3ow815n9w,Salvador Lax Franco,Real Racing Club,RC Deportivo de La Coruña,Dani Barcia,0,0,0,0,0,0,0,0,47,0,0,0,0,2,0
103,19 Oct 2025,,4o8lprnwej6j0e1p3ow815n9w,Salvador Lax Franco,Real Racing Club,RC Deportivo de La Coruña,Miguel Loureiro,0,0,0,0,0,0,0,0,55,0,0,1,0,2,1
103,19 Oct 2025,,4o8lprnwej6j0e1p3ow815n9w,Salvador Lax Franco,Real Racing Club,RC Deportivo de La Coruña,José Gragera,0,0,0,0,2,0,0,0,33,0,0,0,0,1,0
103,19 Oct 2025,,4o8lprnwej6j0e1p3ow815n9w,Salvador Lax Franco,Real Racing Club,RC Deportivo de La Coruña,Diego Villares,0,0,0,0,0,0,0,0,49,0,0,0,0,1,0
103,19 Oct 2025,,4o8lprnwej6j0e1p3ow815n9w,Salvador Lax Franco,Real Racing Club,RC Deportivo de La Coruña,G. Quagliata,0,0,1,2,1,2,0,0,29,0,0,0,0,0,0
103,19 Oct 2025,,4o8lprnwej6j0e1p3ow815n9w,Salvador Lax Franco,Real Racing Club,RC Deportivo de La Coruña,Luismi Cruz,0,0,0,6,1,0,0,0,32,0,0,0,0,2,0
103,19 Oct 2025,,4o8lprnwej6j0e1p3ow815n9w,Salvador Lax Franco,Real Racing Club,RC Deportivo de La Coruña,Yeremay Hernández,0,2,2,4,1,4,0,0,25,0,0,2,0,0,0
103,19 Oct 2025,,4o8lprnwej6j0e1p3ow815n9w,Salvador Lax Franco,Real Racing Club,RC Deportivo de La Coruña,S. Mulattieri,0,1,0,0,0,1,0,0,7,0,0,3,0,0,0
103,19 Oct 2025,,4o8lprnwej6j0e1p3ow815n9w,Salvador Lax Franco,Real Racing Club,RC Deportivo de La Coruña,L. Noubi,0,0,1,0,0,0,0,0,17,0,0,1,1,1,0
103,19 Oct 2025,,4o8lprnwej6j0e1p3ow815n9w,Salvador Lax Franco,Real Racing Club,RC Deportivo de La Coruña,Sergio Escudero,0,0,0,1,0,0,0,0,19,0,0,0,0,0,0
103,19 Oct 2025,,4o8lprnwej6j0e1p3ow815n9w,Salvador Lax Franco,Real Racing Club,RC Deportivo de La Coruña,Rubén López,0,0,1,1,2,0,0,0,10,0,0,0,0,1,0
103,19 Oct 2025,,4o8lprnwej6j0e1p3ow815n9w,Salvador Lax Franco,Real Racing Club,RC Deportivo de La Coruña,Stoichkov,0,0,1,2,1,0,0,1,3,0,0,3,3,0,0
104,19 Oct 2025,,4omcfcqnr5wq1d86hnwdswff8,Alejandro Ojaos Valera,UD Las Palmas,SD Eibar,E. Loiodice,0,0,0,0,0,1,0,0,35,0,0,0,0,0,0
104,19 Oct 2025,,4omcfcqnr5wq1d86hnwdswff8,Alejandro Ojaos Valera,UD Las Palmas,SD Eibar,Sergio Barcia,0,0,0,0,3,2,0,0,50,0,0,0,0,0,0
104,19 Oct 2025,,4omcfcqnr5wq1d86hnwdswff8,Alejandro Ojaos Valera,UD Las Palmas,SD Eibar,Iván Gil,0,0,0,4,0,2,0,0,20,0,0,0,0,0,0
104,19 Oct 2025,,4omcfcqnr5wq1d86hnwdswff8,Alejandro Ojaos Valera,UD Las Palmas,SD Eibar,L. Amatucci,1,1,0,0,5,1,0,0,38,0,0,2,1,3,0
104,19 Oct 2025,,4omcfcqnr5wq1d86hnwdswff8,Alejandro Ojaos Valera,UD Las Palmas,SD Eibar,Álex Suárez,0,0,0,0,2,1,0,0,36,0,0,0,0,1,1
104,19 Oct 2025,,4omcfcqnr5wq1d86hnwdswff8,Alejandro Ojaos Valera,UD Las Palmas,SD Eibar,Marvin Park,1,0,0,0,2,1,0,0,26,0,0,0,0,0,1
104,19 Oct 2025,,4omcfcqnr5wq1d86hnwdswff8,Alejandro Ojaos Valera,UD Las Palmas,SD Eibar,D. Horkaš,0,0,0,0,0,0,0,0,42,0,1,0,0,0,0
104,19 Oct 2025,,4omcfcqnr5wq1d86hnwdswff8,Alejandro Ojaos Valera,UD Las Palmas,SD Eibar,Viti Rozada,0,0,1,1,1,3,0,0,11,0,0,0,0,2,0
104,19 Oct 2025,,4omcfcqnr5wq1d86hnwdswff8,Alejandro Ojaos Valera,UD Las Palmas,SD Eibar,M. Luković,0,0,0,1,2,2,1,0,9,0,0,4,4,0,0
104,19 Oct 2025,,4omcfcqnr5wq1d86hnwdswff8,Alejandro Ojaos Valera,UD Las Palmas,SD Eibar,Enrique Clemente,0,0,0,3,0,0,1,0,29,0,0,1,1,3,0
104,19 Oct 2025,,4omcfcqnr5wq1d86hnwdswff8,Alejandro Ojaos Valera,UD Las Palmas,SD Eibar,Ale García,0,1,0,0,1,2,1,0,11,0,0,2,1,0,0
104,19 Oct 2025,,4omcfcqnr5wq1d86hnwdswff8,Alejandro Ojaos Valera,UD Las Palmas,SD Eibar,Manu Fuster,0,0,0,0,0,1,0,0,8,0,0,1,1,1,0
104,19 Oct 2025,,4omcfcqnr5wq1d86hnwdswff8,Alejandro Ojaos Valera,UD Las Palmas,SD Eibar,Marc Cardona,0,0,0,0,0,0,0,0,5,0,0,1,1,0,0
104,19 Oct 2025,,4omcfcqnr5wq1d86hnwdswff8,Alejandro Ojaos Valera,UD Las Palmas,SD Eibar,Kirian Rodríguez,1,0,0,0,0,0,0,0,10,0,0,0,0,0,0
104,19 Oct 2025,,4omcfcqnr5wq1d86hnwdswff8,Alejandro Ojaos Valera,UD Las Palmas,SD Eibar,Iñaki González,0,0,0,0,0,0,0,0,3,0,0,0,0,0,0
104,19 Oct 2025,,4omcfcqnr5wq1d86hnwdswff8,Alejandro Ojaos Valera,UD Las Palmas,SD Eibar,Juanma Herzog,0,0,0,0,0,0,0,0,1,0,0,0,0,0,0
104,19 Oct 2025,,4omcfcqnr5wq1d86hnwdswff8,Alejandro Ojaos Valera,UD Las Palmas,SD Eibar,Jon Magunazelaia,0,0,0,2,0,3,0,1,28,0,0,0,0,2,0
104,19 Oct 2025,,4omcfcqnr5wq1d86hnwdswff8,Alejandro Ojaos Valera,UD Las Palmas,SD Eibar,Jonmi Magunagoitia,0,0,0,0,0,0,0,0,38,0,6,0,0,0,0
104,19 Oct 2025,,4omcfcqnr5wq1d86hnwdswff8,Alejandro Ojaos Valera,UD Las Palmas,SD Eibar,Aritz Arambarri,0,0,0,2,1,0,0,0,50,0,0,0,0,1,0
104,19 Oct 2025,,4omcfcqnr5wq1d86hnwdswff8,Alejandro Ojaos Valera,UD Las Palmas,SD Eibar,José Corpas,0,2,2,2,1,1,0,0,28,0,0,2,0,0,0
104,19 Oct 2025,,4omcfcqnr5wq1d86hnwdswff8,Alejandro Ojaos Valera,UD Las Palmas,SD Eibar,Lander Olaetxea,0,0,0,0,2,1,0,0,56,0,0,0,0,3,0
104,19 Oct 2025,,4omcfcqnr5wq1d86hnwdswff8,Alejandro Ojaos Valera,UD Las Palmas,SD Eibar,Jon Bautista,0,1,0,1,3,1,0,2,25,0,0,2,0,1,0
104,19 Oct 2025,,4omcfcqnr5wq1d86hnwdswff8,Alejandro Ojaos Valera,UD Las Palmas,SD Eibar,Anaitz Arbilla,0,0,0,0,2,1,0,0,65,0,0,1,0,0,1
104,19 Oct 2025,,4omcfcqnr5wq1d86hnwdswff8,Alejandro Ojaos Valera,UD Las Palmas,SD Eibar,Marco Moreno,0,0,0,0,0,1,0,0,61,0,0,0,0,0,0
104,19 Oct 2025,,4omcfcqnr5wq1d86hnwdswff8,Alejandro Ojaos Valera,UD Las Palmas,SD Eibar,Leonardo Buta,0,0,1,4,2,1,0,0,30,0,0,1,0,2,0
104,19 Oct 2025,,4omcfcqnr5wq1d86hnwdswff8,Alejandro Ojaos Valera,UD Las Palmas,SD Eibar,Peru Nolaskoain,0,0,0,0,2,1,0,0,40,0,0,0,0,4,0
104,19 Oct 2025,,4omcfcqnr5wq1d86hnwdswff8,Alejandro Ojaos Valera,UD Las Palmas,SD Eibar,Jon Guruzeta,0,0,2,7,1,1,0,0,18,0,0,1,1,1,0
104,19 Oct 2025,,4omcfcqnr5wq1d86hnwdswff8,Alejandro Ojaos Valera,UD Las Palmas,SD Eibar,Aleix Garrido,0,0,0,3,0,0,0,0,17,0,0,0,0,1,0
104,19 Oct 2025,,4omcfcqnr5wq1d86hnwdswff8,Alejandro Ojaos Valera,UD Las Palmas,SD Eibar,Javi Martón,0,0,0,0,0,3,1,0,6,0,0,2,1,0,0
104,19 Oct 2025,,4omcfcqnr5wq1d86hnwdswff8,Alejandro Ojaos Valera,UD Las Palmas,SD Eibar,Adu Ares,0,0,0,1,1,1,0,0,10,0,0,0,0,0,0
104,19 Oct 2025,,4omcfcqnr5wq1d86hnwdswff8,Alejandro Ojaos Valera,UD Las Palmas,SD Eibar,Xeber Alkain,1,0,0,0,1,1,0,0,10,0,0,0,0,1,0
104,19 Oct 2025,,4omcfcqnr5wq1d86hnwdswff8,Alejandro Ojaos Valera,UD Las Palmas,SD Eibar,Javi Martínez,0,0,0,1,1,0,0,0,13,0,0,0,0,1,0
105,5 Nov 2025,,4p08h7b0q037qzj1tqf7ko9hw,José Antonio Sánchez Villalobos,Real Sociedad de Fútbol,SD Huesca,Unax Agote,0,0,0,1,1,0,0,0,21,0,0,0,0,0,1
105,5 Nov 2025,,4p08h7b0q037qzj1tqf7ko9hw,José Antonio Sánchez Villalobos,Real Sociedad de Fútbol,SD Huesca,Tomás Carbonell,0,0,0,0,2,1,0,0,51,0,0,0,0,1,0
105,5 Nov 2025,,4p08h7b0q037qzj1tqf7ko9hw,José Antonio Sánchez Villalobos,Real Sociedad de Fútbol,SD Huesca,Lander Astiazarán,0,0,0,1,2,1,1,0,21,0,0,2,1,1,1
105,5 Nov 2025,,4p08h7b0q037qzj1tqf7ko9hw,José Antonio Sánchez Villalobos,Real Sociedad de Fútbol,SD Huesca,Arkaitz Mariezkurrena,0,1,1,1,1,3,0,0,13,0,0,2,0,1,0
105,5 Nov 2025,,4p08h7b0q037qzj1tqf7ko9hw,José Antonio Sánchez Villalobos,Real Sociedad de Fútbol,SD Huesca,Alberto Dadie,0,0,0,1,2,1,0,0,41,0,0,1,0,1,0
105,5 Nov 2025,,4p08h7b0q037qzj1tqf7ko9hw,José Antonio Sánchez Villalobos,Real Sociedad de Fútbol,SD Huesca,Luken Beitia,0,0,0,0,1,0,0,0,89,0,0,0,0,0,0
105,5 Nov 2025,,4p08h7b0q037qzj1tqf7ko9hw,José Antonio Sánchez Villalobos,Real Sociedad de Fútbol,SD Huesca,J. Ochieng,0,0,1,0,2,0,0,1,11,0,0,0,0,0,0
105,5 Nov 2025,,4p08h7b0q037qzj1tqf7ko9hw,José Antonio Sánchez Villalobos,Real Sociedad de Fútbol,SD Huesca,Ibai Aguirre,0,0,0,0,1,0,0,0,14,0,0,1,0,2,0
105,5 Nov 2025,,4p08h7b0q037qzj1tqf7ko9hw,José Antonio Sánchez Villalobos,Real Sociedad de Fútbol,SD Huesca,Peru Rodríguez,0,0,0,0,1,1,1,0,81,0,0,1,1,0,0
105,5 Nov 2025,,4p08h7b0q037qzj1tqf7ko9hw,José Antonio Sánchez Villalobos,Real Sociedad de Fútbol,SD Huesca,Joni Eceiza,0,0,0,0,3,4,0,0,14,0,0,1,1,3,0
105,5 Nov 2025,,4p08h7b0q037qzj1tqf7ko9hw,José Antonio Sánchez Villalobos,Real Sociedad de Fútbol,SD Huesca,Egoitz Arana,0,0,0,0,0,1,0,0,29,0,1,0,0,0,0
105,5 Nov 2025,,4p08h7b0q037qzj1tqf7ko9hw,José Antonio Sánchez Villalobos,Real Sociedad de Fútbol,SD Huesca,Alex Marchal,0,0,1,1,1,0,0,0,11,0,0,1,1,1,0
105,5 Nov 2025,,4p08h7b0q037qzj1tqf7ko9hw,José Antonio Sánchez Villalobos,Real Sociedad de Fútbol,SD Huesca,Jon Balda,0,0,0,0,1,2,0,0,32,0,0,1,0,0,0
105,5 Nov 2025,,4p08h7b0q037qzj1tqf7ko9hw,José Antonio Sánchez Villalobos,Real Sociedad de Fútbol,SD Huesca,Gorka Carrera,1,0,0,0,0,0,0,1,2,0,0,2,0,0,0
105,5 Nov 2025,,4p08h7b0q037qzj1tqf7ko9hw,José Antonio Sánchez Villalobos,Real Sociedad de Fútbol,SD Huesca,Gorka Gorosabel,0,0,0,0,1,0,0,0,5,0,0,1,1,1,0
105,5 Nov 2025,,4p08h7b0q037qzj1tqf7ko9hw,José Antonio Sánchez Villalobos,Real Sociedad de Fútbol,SD Huesca,Jon Garro,0,0,0,0,0,0,0,0,11,0,0,0,0,0,0
105,5 Nov 2025,,4p08h7b0q037qzj1tqf7ko9hw,José Antonio Sánchez Villalobos,Real Sociedad de Fútbol,SD Huesca,Portillo,0,0,0,4,2,0,0,0,42,0,0,3,1,3,0
105,5 Nov 2025,,4p08h7b0q037qzj1tqf7ko9hw,José Antonio Sánchez Villalobos,Real Sociedad de Fútbol,SD Huesca,Sergio Arribas,0,0,0,0,2,1,0,0,48,0,0,0,0,1,1
105,5 Nov 2025,,4p08h7b0q037qzj1tqf7ko9hw,José Antonio Sánchez Villalobos,Real Sociedad de Fútbol,SD Huesca,Iker Kortajarena,0,0,1,0,1,1,0,0,34,0,0,0,0,0,0
105,5 Nov 2025,,4p08h7b0q037qzj1tqf7ko9hw,José Antonio Sánchez Villalobos,Real Sociedad de Fútbol,SD Huesca,Álvaro Carrillo,0,1,1,2,0,1,0,0,18,0,0,1,0,1,0
105,5 Nov 2025,,4p08h7b0q037qzj1tqf7ko9hw,José Antonio Sánchez Villalobos,Real Sociedad de Fútbol,SD Huesca,Jesús Álvarez,0,0,0,0,2,0,0,0,44,0,0,1,0,3,0
105,5 Nov 2025,,4p08h7b0q037qzj1tqf7ko9hw,José Antonio Sánchez Villalobos,Real Sociedad de Fútbol,SD Huesca,Iñigo Piña,0,0,0,0,2,2,0,0,40,0,0,0,0,1,0
105,5 Nov 2025,,4p08h7b0q037qzj1tqf7ko9hw,José Antonio Sánchez Villalobos,Real Sociedad de Fútbol,SD Huesca,Julio Alonso,0,0,1,2,1,3,0,0,21,0,0,0,0,1,0
105,5 Nov 2025,,4p08h7b0q037qzj1tqf7ko9hw,José Antonio Sánchez Villalobos,Real Sociedad de Fútbol,SD Huesca,Sergi Enrich,0,0,0,1,1,1,0,0,8,0,0,0,0,0,0
105,5 Nov 2025,,4p08h7b0q037qzj1tqf7ko9hw,José Antonio Sánchez Villalobos,Real Sociedad de Fútbol,SD Huesca,Liberto Beltrán,0,1,2,2,2,2,0,0,7,0,0,2,0,1,1
105,5 Nov 2025,,4p08h7b0q037qzj1tqf7ko9hw,José Antonio Sánchez Villalobos,Real Sociedad de Fútbol,SD Huesca,Dani Jiménez,0,0,0,0,0,0,0,0,24,0,3,0,0,0,0
105,5 Nov 2025,,4p08h7b0q037qzj1tqf7ko9hw,José Antonio Sánchez Villalobos,Real Sociedad de Fútbol,SD Huesca,D. Luna,0,0,0,4,0,3,0,0,21,0,0,2,0,1,0
105,5 Nov 2025,,4p08h7b0q037qzj1tqf7ko9hw,José Antonio Sánchez Villalobos,Real Sociedad de Fútbol,SD Huesca,Ángel Pérez,0,0,1,1,2,1,0,0,12,0,0,1,0,0,0
105,5 Nov 2025,,4p08h7b0q037qzj1tqf7ko9hw,José Antonio Sánchez Villalobos,Real Sociedad de Fútbol,SD Huesca,Rodrigo Abajas,0,0,0,3,0,1,0,0,11,0,0,0,0,1,0
105,5 Nov 2025,,4p08h7b0q037qzj1tqf7ko9hw,José Antonio Sánchez Villalobos,Real Sociedad de Fútbol,SD Huesca,S. Ntamack,0,0,0,0,1,0,0,1,1,0,0,0,0,0,0
105,5 Nov 2025,,4p08h7b0q037qzj1tqf7ko9hw,José Antonio Sánchez Villalobos,Real Sociedad de Fútbol,SD Huesca,Diego Aznar,0,0,0,0,0,0,0,0,0,0,0,0,0,0,0
105,5 Nov 2025,,4p08h7b0q037qzj1tqf7ko9hw,José Antonio Sánchez Villalobos,Real Sociedad de Fútbol,SD Huesca,Óscar Sielva,0,0,0,1,0,2,0,0,11,0,0,0,0,0,1
