Aux,Fecha,Jornada,ID_PARTIDO,Arbitro,Equipo_local,Equipo_Visitante,Jugador,Assists,Blocked shots,Corners won,Crosses,Fouls conceded,Fouls won,Goals,Offsides,Passes,Red cards,Saves,Shots,Shots on target,Tackles,Yellow cards
61,4 Oct 2025,,7pwcv40os2bpgrh3td8elxhxw,Gaël Angoula,Stade Brestois 29,FC Nantes,K. Lala,0,1,0,7,1,3,0,0,38,0,0,1,0,3,0
61,4 Oct 2025,,7pwcv40os2bpgrh3td8elxhxw,Gaël Angoula,Stade Brestois 29,FC Nantes,R. Majecki,0,0,0,0,0,0,0,0,29,0,0,0,0,0,0
61,4 Oct 2025,,7pwcv40os2bpgrh3td8elxhxw,Gaël Angoula,Stade Brestois 29,FC Nantes,L. Ajorque,0,1,3,0,4,1,0,0,30,0,0,3,2,1,1
61,4 Oct 2025,,7pwcv40os2bpgrh3td8elxhxw,Gaël Angoula,Stade Brestois 29,FC Nantes,B. Chardonnet,0,0,0,0,0,0,0,0,52,0,0,1,0,1,0
61,4 Oct 2025,,7pwcv40os2bpgrh3td8elxhxw,Gaël Angoula,Stade Brestois 29,FC Nantes,B. Locko,0,0,1,7,0,0,0,0,28,0,0,1,1,3,0
61,4 Oct 2025,,7pwcv40os2bpgrh3td8elxhxw,Gaël Angoula,Stade Brestois 29,FC Nantes,P. Mboup,0,0,2,0,2,4,0,0,15,0,0,1,1,2,1
61,4 Oct 2025,,7pwcv40os2bpgrh3td8elxhxw,Gaël Angoula,Stade Brestois 29,FC Nantes,H. Magnetti,0,1,0,1,1,1,0,0,55,0,0,3,0,5,0
61,4 Oct 2025,,7pwcv40os2bpgrh3td8elxhxw,Gaël Angoula,Stade Brestois 29,FC Nantes,J. Diaz,0,0,0,0,0,0,0,0,46,0,0,0,0,1,0
61,4 Oct 2025,,7pwcv40os2bpgrh3td8elxhxw,Gaël Angoula,Stade Brestois 29,FC Nantes,J. Chotard,0,0,0,2,0,0,0,0,51,0,0,1,0,1,0
61,4 Oct 2025,,7pwcv40os2bpgrh3td8elxhxw,Gaël Angoula,Stade Brestois 29,FC Nantes,K. Doumbia,0,4,5,11,2,2,0,0,33,0,0,5,0,3,0
61,4 Oct 2025,,7pwcv40os2bpgrh3td8elxhxw,Gaël Angoula,Stade Brestois 29,FC Nantes,J. Dina Ebimbe,0,0,1,1,1,0,0,1,7,0,0,1,1,3,0
61,4 Oct 2025,,7pwcv40os2bpgrh3td8elxhxw,Gaël Angoula,Stade Brestois 29,FC Nantes,H. Makalou,0,0,0,0,0,0,0,0,1,0,0,0,0,1,0
61,4 Oct 2025,,7pwcv40os2bpgrh3td8elxhxw,Gaël Angoula,Stade Brestois 29,FC Nantes,D. Guindo,0,0,0,0,0,0,0,0,3,0,0,0,0,0,0
61,4 Oct 2025,,7pwcv40os2bpgrh3td8elxhxw,Gaël Angoula,Stade Brestois 29,FC Nantes,Mostafa Mohamed,0,1,0,0,2,0,0,0,7,0,0,3,0,1,0
61,4 Oct 2025,,7pwcv40os2bpgrh3td8elxhxw,Gaël Angoula,Stade Brestois 29,FC Nantes,Hong Hyun-Seok,0,0,0,3,0,1,0,1,15,0,0,0,0,3,0
61,4 Oct 2025,,7pwcv40os2bpgrh3td8elxhxw,Gaël Angoula,Stade Brestois 29,FC Nantes,M. Lahdo,0,0,0,0,2,0,0,0,27,0,0,0,0,2,0
61,4 Oct 2025,,7pwcv40os2bpgrh3td8elxhxw,Gaël Angoula,Stade Brestois 29,FC Nantes,Kwon Hyeok-Kyu,0,0,0,0,2,2,0,0,35,0,0,0,0,1,0
61,4 Oct 2025,,7pwcv40os2bpgrh3td8elxhxw,Gaël Angoula,Stade Brestois 29,FC Nantes,L. Leroux,0,0,1,3,0,0,0,0,33,0,0,0,0,0,0
61,4 Oct 2025,,7pwcv40os2bpgrh3td8elxhxw,Gaël Angoula,Stade Brestois 29,FC Nantes,J. Mwanga,0,0,0,0,0,0,0,0,54,0,0,0,0,1,0
61,4 Oct 2025,,7pwcv40os2bpgrh3td8elxhxw,Gaël Angoula,Stade Brestois 29,FC Nantes,C. Awaziem,0,0,0,0,1,2,0,0,71,0,0,0,0,0,1
61,4 Oct 2025,,7pwcv40os2bpgrh3td8elxhxw,Gaël Angoula,Stade Brestois 29,FC Nantes,M. Abline,0,1,2,0,2,1,0,0,18,0,0,3,0,1,0
61,4 Oct 2025,,7pwcv40os2bpgrh3td8elxhxw,Gaël Angoula,Stade Brestois 29,FC Nantes,D. Tabibou,0,0,0,4,1,1,0,0,42,0,0,0,0,4,0
61,4 Oct 2025,,7pwcv40os2bpgrh3td8elxhxw,Gaël Angoula,Stade Brestois 29,FC Nantes,K. Amian,0,0,0,1,1,1,0,0,48,0,0,0,0,0,0
61,4 Oct 2025,,7pwcv40os2bpgrh3td8elxhxw,Gaël Angoula,Stade Brestois 29,FC Nantes,Anthony Lopes,0,0,0,0,0,2,0,0,30,0,5,0,0,0,0
61,4 Oct 2025,,7pwcv40os2bpgrh3td8elxhxw,Gaël Angoula,Stade Brestois 29,FC Nantes,H. Guirassy,0,0,0,1,0,0,0,1,8,0,0,0,0,0,0
61,4 Oct 2025,,7pwcv40os2bpgrh3td8elxhxw,Gaël Angoula,Stade Brestois 29,FC Nantes,B. Deuff,0,0,0,0,0,0,0,0,1,0,0,0,0,0,0
61,4 Oct 2025,,7pwcv40os2bpgrh3td8elxhxw,Gaël Angoula,Stade Brestois 29,FC Nantes,Y. El-Arabi,0,0,0,0,1,0,0,1,1,0,0,0,0,0,0
61,4 Oct 2025,,7pwcv40os2bpgrh3td8elxhxw,Gaël Angoula,Stade Brestois 29,FC Nantes,N. Cozza,0,0,0,0,0,0,0,0,0,0,0,0,0,0,0
62,4 Oct 2025,,7q9habd412g1giclzyhxwqm1g,François Letexier,Association Jeunesse Auxerroise,Racing Club de Lens,M. Senaya,0,1,0,1,1,1,0,0,57,0,0,2,1,0,0
62,4 Oct 2025,,7q9habd412g1giclzyhxwqm1g,François Letexier,Association Jeunesse Auxerroise,Racing Club de Lens,L. Sinayoko,0,2,1,1,0,1,0,0,24,0,0,3,0,1,0
62,4 Oct 2025,,7q9habd412g1giclzyhxwqm1g,François Letexier,Association Jeunesse Auxerroise,Racing Club de Lens,J. Casimir,0,0,0,7,3,3,0,0,44,0,0,0,0,1,0
62,4 Oct 2025,,7q9habd412g1giclzyhxwqm1g,François Letexier,Association Jeunesse Auxerroise,Racing Club de Lens,K. Danois,0,1,0,0,0,1,0,0,72,0,0,1,0,6,0
62,4 Oct 2025,,7q9habd412g1giclzyhxwqm1g,François Letexier,Association Jeunesse Auxerroise,Racing Club de Lens,C. Akpa,0,0,0,6,0,4,0,0,64,0,0,2,0,5,0
62,4 Oct 2025,,7q9habd412g1giclzyhxwqm1g,François Letexier,Association Jeunesse Auxerroise,Racing Club de Lens,D. Léon,0,0,0,0,0,0,0,0,28,0,2,0,0,0,0
62,4 Oct 2025,,7q9habd412g1giclzyhxwqm1g,François Letexier,Association Jeunesse Auxerroise,Racing Club de Lens,E. Owusu,0,0,0,0,2,0,0,0,49,0,0,0,0,3,1
62,4 Oct 2025,,7q9habd412g1giclzyhxwqm1g,François Letexier,Association Jeunesse Auxerroise,Racing Club de Lens,S. Mara,0,3,0,0,2,3,0,0,17,0,0,4,0,2,0
62,4 Oct 2025,,7q9habd412g1giclzyhxwqm1g,François Letexier,Association Jeunesse Auxerroise,Racing Club de Lens,D. Namaso,0,0,0,1,2,2,0,0,36,0,0,2,0,0,1
62,4 Oct 2025,,7q9habd412g1giclzyhxwqm1g,François Letexier,Association Jeunesse Auxerroise,Racing Club de Lens,G. Mensah,0,0,0,3,0,1,0,0,51,0,0,0,0,1,1
62,4 Oct 2025,,7q9habd412g1giclzyhxwqm1g,François Letexier,Association Jeunesse Auxerroise,Racing Club de Lens,F. Sierralta,0,2,0,0,0,0,1,0,52,0,0,4,1,1,0
62,4 Oct 2025,,7q9habd412g1giclzyhxwqm1g,François Letexier,Association Jeunesse Auxerroise,Racing Club de Lens,I. Osman,0,0,1,0,0,0,0,0,10,0,0,0,0,0,0
62,4 Oct 2025,,7q9habd412g1giclzyhxwqm1g,François Letexier,Association Jeunesse Auxerroise,Racing Club de Lens,R. Matondo,0,0,0,0,0,1,0,0,7,0,0,0,0,0,0
62,4 Oct 2025,,7q9habd412g1giclzyhxwqm1g,François Letexier,Association Jeunesse Auxerroise,Racing Club de Lens,L. Sy,0,0,0,0,0,1,0,0,3,0,0,0,0,0,0
62,4 Oct 2025,,7q9habd412g1giclzyhxwqm1g,François Letexier,Association Jeunesse Auxerroise,Racing Club de Lens,O. Édouard,0,0,0,0,0,0,1,0,5,0,0,2,2,0,0
62,4 Oct 2025,,7q9habd412g1giclzyhxwqm1g,François Letexier,Association Jeunesse Auxerroise,Racing Club de Lens,A. Thomasson,2,0,0,2,4,1,0,0,44,0,0,0,0,3,1
62,4 Oct 2025,,7q9habd412g1giclzyhxwqm1g,François Letexier,Association Jeunesse Auxerroise,Racing Club de Lens,W. Saïd,0,1,0,0,3,0,0,1,29,0,0,1,0,0,0
62,4 Oct 2025,,7q9habd412g1giclzyhxwqm1g,François Letexier,Association Jeunesse Auxerroise,Racing Club de Lens,M. Sarr,0,0,0,0,1,1,0,0,46,0,0,1,0,4,1
62,4 Oct 2025,,7q9habd412g1giclzyhxwqm1g,François Letexier,Association Jeunesse Auxerroise,Racing Club de Lens,S. Baidoo,0,0,1,0,1,1,0,0,35,0,0,1,1,1,1
62,4 Oct 2025,,7q9habd412g1giclzyhxwqm1g,François Letexier,Association Jeunesse Auxerroise,Racing Club de Lens,P. Ganiou,0,0,0,1,4,1,0,0,44,1,0,0,0,1,2
62,4 Oct 2025,,7q9habd412g1giclzyhxwqm1g,François Letexier,Association Jeunesse Auxerroise,Racing Club de Lens,R. Aguilar,0,0,0,1,2,1,0,0,34,0,0,0,0,1,0
62,4 Oct 2025,,7q9habd412g1giclzyhxwqm1g,François Letexier,Association Jeunesse Auxerroise,Racing Club de Lens,M. Sangaré,0,0,0,0,1,1,0,0,47,0,0,0,0,3,0
62,4 Oct 2025,,7q9habd412g1giclzyhxwqm1g,François Letexier,Association Jeunesse Auxerroise,Racing Club de Lens,R. Risser,0,0,0,0,0,0,0,0,25,0,1,0,0,0,1
62,4 Oct 2025,,7q9habd412g1giclzyhxwqm1g,François Letexier,Association Jeunesse Auxerroise,Racing Club de Lens,M. Udol,0,0,1,0,2,2,0,0,33,0,0,0,0,1,0
62,4 Oct 2025,,7q9habd412g1giclzyhxwqm1g,François Letexier,Association Jeunesse Auxerroise,Racing Club de Lens,F. Thauvin,0,0,0,0,1,0,0,0,33,0,0,0,0,0,1
62,4 Oct 2025,,7q9habd412g1giclzyhxwqm1g,François Letexier,Association Jeunesse Auxerroise,Racing Club de Lens,R. Fofana,0,1,0,0,2,1,0,1,13,0,0,1,0,0,0
62,4 Oct 2025,,7q9habd412g1giclzyhxwqm1g,François Letexier,Association Jeunesse Auxerroise,Racing Club de Lens,A. Sima,0,0,0,0,0,0,1,0,2,0,0,1,1,1,0
62,4 Oct 2025,,7q9habd412g1giclzyhxwqm1g,François Letexier,Association Jeunesse Auxerroise,Racing Club de Lens,M. Guilavogui,0,0,0,0,0,0,0,0,7,0,0,0,0,1,0
63,5 Oct 2025,,7qmk3hlyd0dcnxnh6p1unaxas,Benoît Bastien,Lille OSC,Paris Saint-Germain FC,R. Perraud,0,0,0,5,0,3,0,0,33,0,0,0,0,2,0
63,5 Oct 2025,,7qmk3hlyd0dcnxnh6p1unaxas,Benoît Bastien,Lille OSC,Paris Saint-Germain FC,O. Giroud,0,0,0,0,1,2,0,0,17,0,0,2,1,0,0
63,5 Oct 2025,,7qmk3hlyd0dcnxnh6p1unaxas,Benoît Bastien,Lille OSC,Paris Saint-Germain FC,B. André,0,0,0,2,2,1,0,0,39,0,0,0,0,1,1
63,5 Oct 2025,,7qmk3hlyd0dcnxnh6p1unaxas,Benoît Bastien,Lille OSC,Paris Saint-Germain FC,A. Mandi,0,0,0,0,1,1,0,0,55,0,0,0,0,1,0
63,5 Oct 2025,,7qmk3hlyd0dcnxnh6p1unaxas,Benoît Bastien,Lille OSC,Paris Saint-Germain FC,H. Haraldsson,0,0,0,1,1,1,0,0,21,0,0,0,0,2,0
63,5 Oct 2025,,7qmk3hlyd0dcnxnh6p1unaxas,Benoît Bastien,Lille OSC,Paris Saint-Germain FC,T. Meunier,0,2,2,2,0,0,0,0,21,0,0,2,0,1,0
63,5 Oct 2025,,7qmk3hlyd0dcnxnh6p1unaxas,Benoît Bastien,Lille OSC,Paris Saint-Germain FC,B. Özer,0,0,0,0,0,0,0,0,39,0,4,0,0,0,0
63,5 Oct 2025,,7qmk3hlyd0dcnxnh6p1unaxas,Benoît Bastien,Lille OSC,Paris Saint-Germain FC,N. Bentaleb,0,1,0,0,1,1,0,0,30,0,0,2,1,0,0
63,5 Oct 2025,,7qmk3hlyd0dcnxnh6p1unaxas,Benoît Bastien,Lille OSC,Paris Saint-Germain FC,N. Ngoy,0,0,0,1,1,0,0,0,33,0,0,0,0,5,0
63,5 Oct 2025,,7qmk3hlyd0dcnxnh6p1unaxas,Benoît Bastien,Lille OSC,Paris Saint-Germain FC,Matías Fernández,0,0,1,2,0,1,0,1,32,0,0,1,0,1,0
63,5 Oct 2025,,7qmk3hlyd0dcnxnh6p1unaxas,Benoît Bastien,Lille OSC,Paris Saint-Germain FC,A. Bouaddi,0,0,0,0,3,0,0,0,25,0,0,0,0,3,0
63,5 Oct 2025,,7qmk3hlyd0dcnxnh6p1unaxas,Benoît Bastien,Lille OSC,Paris Saint-Germain FC,O. Sahraoui,0,0,0,0,0,1,0,0,12,0,0,0,0,0,0
63,5 Oct 2025,,7qmk3hlyd0dcnxnh6p1unaxas,Benoît Bastien,Lille OSC,Paris Saint-Germain FC,Félix Correia,0,0,0,1,0,0,0,0,11,0,0,0,0,2,0
63,5 Oct 2025,,7qmk3hlyd0dcnxnh6p1unaxas,Benoît Bastien,Lille OSC,Paris Saint-Germain FC,H. Igamane,1,0,0,0,0,1,0,0,5,0,0,0,0,0,0
63,5 Oct 2025,,7qmk3hlyd0dcnxnh6p1unaxas,Benoît Bastien,Lille OSC,Paris Saint-Germain FC,E. Mbappé,0,1,0,0,0,0,1,0,8,0,0,2,1,0,0
63,5 Oct 2025,,7qmk3hlyd0dcnxnh6p1unaxas,Benoît Bastien,Lille OSC,Paris Saint-Germain FC,Tiago Santos,0,0,0,0,1,0,0,0,8,0,0,0,0,1,0
63,5 Oct 2025,,7qmk3hlyd0dcnxnh6p1unaxas,Benoît Bastien,Lille OSC,Paris Saint-Germain FC,Lee Kang-In,0,1,1,1,0,1,0,0,67,0,0,4,2,0,0
63,5 Oct 2025,,7qmk3hlyd0dcnxnh6p1unaxas,Benoît Bastien,Lille OSC,Paris Saint-Germain FC,W. Zaïre-Emery,0,1,0,0,1,0,0,0,72,0,0,1,0,1,0
63,5 Oct 2025,,7qmk3hlyd0dcnxnh6p1unaxas,Benoît Bastien,Lille OSC,Paris Saint-Germain FC,Beraldo,0,0,0,0,0,0,0,0,94,0,0,0,0,2,0
63,5 Oct 2025,,7qmk3hlyd0dcnxnh6p1unaxas,Benoît Bastien,Lille OSC,Paris Saint-Germain FC,W. Pacho,0,0,0,0,1,0,0,0,94,0,0,0,0,3,0
63,5 Oct 2025,,7qmk3hlyd0dcnxnh6p1unaxas,Benoît Bastien,Lille OSC,Paris Saint-Germain FC,I. Mbaye,0,0,1,1,2,0,0,0,32,0,0,0,0,0,0
63,5 Oct 2025,,7qmk3hlyd0dcnxnh6p1unaxas,Benoît Bastien,Lille OSC,Paris Saint-Germain FC,S. Mayulu,0,1,0,4,1,1,0,0,27,0,0,1,0,1,0
63,5 Oct 2025,,7qmk3hlyd0dcnxnh6p1unaxas,Benoît Bastien,Lille OSC,Paris Saint-Germain FC,B. Barcola,0,1,2,0,0,1,0,0,23,0,0,5,2,1,0
63,5 Oct 2025,,7qmk3hlyd0dcnxnh6p1unaxas,Benoît Bastien,Lille OSC,Paris Saint-Germain FC,Q. Ndjantou,0,0,0,1,2,0,0,0,44,0,0,0,0,0,0
63,5 Oct 2025,,7qmk3hlyd0dcnxnh6p1unaxas,Benoît Bastien,Lille OSC,Paris Saint-Germain FC,L. Hernández,0,1,1,0,2,1,0,0,69,0,0,2,0,0,1
63,5 Oct 2025,,7qmk3hlyd0dcnxnh6p1unaxas,Benoît Bastien,Lille OSC,Paris Saint-Germain FC,L. Chevalier,0,0,0,0,0,0,0,0,25,0,2,0,0,0,0
63,5 Oct 2025,,7qmk3hlyd0dcnxnh6p1unaxas,Benoît Bastien,Lille OSC,Paris Saint-Germain FC,Gonçalo Ramos,0,0,0,0,0,3,0,0,20,0,0,2,0,0,0
63,5 Oct 2025,,7qmk3hlyd0dcnxnh6p1unaxas,Benoît Bastien,Lille OSC,Paris Saint-Germain FC,Nuno Mendes,0,0,0,2,0,1,1,0,15,0,0,1,1,0,0
63,5 Oct 2025,,7qmk3hlyd0dcnxnh6p1unaxas,Benoît Bastien,Lille OSC,Paris Saint-Germain FC,Vitinha,0,0,0,1,1,1,0,0,40,0,0,0,0,0,0
63,5 Oct 2025,,7qmk3hlyd0dcnxnh6p1unaxas,Benoît Bastien,Lille OSC,Paris Saint-Germain FC,A. Hakimi,0,0,0,0,1,1,0,0,20,0,0,1,0,1,0
63,5 Oct 2025,,7qmk3hlyd0dcnxnh6p1unaxas,Benoît Bastien,Lille OSC,Paris Saint-Germain FC,I. Zabarnyi,0,0,0,0,1,0,0,0,14,0,0,0,0,0,0
64,18 Oct 2025,,7r005fpphen9xjmizqrub6904,Bastien Dechepy,Olympique de Marseille,Le Havre AC,M. O'Riley,0,0,1,0,1,0,0,0,45,0,0,0,0,1,0
64,18 Oct 2025,,7r005fpphen9xjmizqrub6904,Bastien Dechepy,Olympique de Marseille,Le Havre AC,N. Aguerd,0,0,0,0,3,2,0,0,94,0,0,0,0,1,0
64,18 Oct 2025,,7r005fpphen9xjmizqrub6904,Bastien Dechepy,Olympique de Marseille,Le Havre AC,Emerson,0,1,0,1,0,0,0,0,39,0,0,2,1,0,0
64,18 Oct 2025,,7r005fpphen9xjmizqrub6904,Bastien Dechepy,Olympique de Marseille,Le Havre AC,Igor Paixão,1,1,1,0,1,1,0,0,33,0,0,4,0,0,0
64,18 Oct 2025,,7r005fpphen9xjmizqrub6904,Bastien Dechepy,Olympique de Marseille,Le Havre AC,P. Aubameyang,1,0,0,3,2,0,0,3,9,0,0,1,1,0,0
64,18 Oct 2025,,7r005fpphen9xjmizqrub6904,Bastien Dechepy,Olympique de Marseille,Le Havre AC,A. Gomes,0,0,0,1,2,1,0,0,36,0,0,1,1,0,0
64,18 Oct 2025,,7r005fpphen9xjmizqrub6904,Bastien Dechepy,Olympique de Marseille,Le Havre AC,B. Pavard,1,0,0,1,1,1,0,0,96,0,0,0,0,3,0
64,18 Oct 2025,,7r005fpphen9xjmizqrub6904,Bastien Dechepy,Olympique de Marseille,Le Havre AC,L. Balerdi,0,0,0,0,2,0,0,0,99,0,0,0,0,3,0
64,18 Oct 2025,,7r005fpphen9xjmizqrub6904,Bastien Dechepy,Olympique de Marseille,Le Havre AC,M. Greenwood,0,1,0,7,0,2,4,0,62,0,0,6,4,0,0
64,18 Oct 2025,,7r005fpphen9xjmizqrub6904,Bastien Dechepy,Olympique de Marseille,Le Havre AC,P. Højbjerg,0,0,0,0,1,2,0,0,90,0,0,2,2,0,0
64,18 Oct 2025,,7r005fpphen9xjmizqrub6904,Bastien Dechepy,Olympique de Marseille,Le Havre AC,J. de Lange,0,0,0,0,0,0,0,0,24,0,1,0,0,0,0
64,18 Oct 2025,,7r005fpphen9xjmizqrub6904,Bastien Dechepy,Olympique de Marseille,Le Havre AC,A. Murillo,0,0,0,0,1,1,1,0,10,0,0,1,1,0,1
64,18 Oct 2025,,7r005fpphen9xjmizqrub6904,Bastien Dechepy,Olympique de Marseille,Le Havre AC,R. Vaz,1,0,0,0,0,0,1,0,4,0,0,1,1,1,0
64,18 Oct 2025,,7r005fpphen9xjmizqrub6904,Bastien Dechepy,Olympique de Marseille,Le Havre AC,B. Nadir,1,0,0,2,2,0,0,0,17,0,0,0,0,0,1
64,18 Oct 2025,,7r005fpphen9xjmizqrub6904,Bastien Dechepy,Olympique de Marseille,Le Havre AC,T. Weah,0,0,0,1,0,0,0,0,13,0,0,0,0,0,0
64,18 Oct 2025,,7r005fpphen9xjmizqrub6904,Bastien Dechepy,Olympique de Marseille,Le Havre AC,D. Bakola,0,0,0,0,1,0,0,0,13,0,0,0,0,0,0
64,18 Oct 2025,,7r005fpphen9xjmizqrub6904,Bastien Dechepy,Olympique de Marseille,Le Havre AC,F. Doucouré,0,0,1,0,0,1,0,0,10,0,0,2,1,2,0
64,18 Oct 2025,,7r005fpphen9xjmizqrub6904,Bastien Dechepy,Olympique de Marseille,Le Havre AC,L. Nego,0,0,0,2,1,1,0,0,25,0,0,0,0,0,0
64,18 Oct 2025,,7r005fpphen9xjmizqrub6904,Bastien Dechepy,Olympique de Marseille,Le Havre AC,I. Soumaré,1,0,0,1,2,4,0,1,18,0,0,1,0,1,0
64,18 Oct 2025,,7r005fpphen9xjmizqrub6904,Bastien Dechepy,Olympique de Marseille,Le Havre AC,R. Ndiaye,0,0,0,0,0,1,0,0,18,0,0,0,0,4,0
64,18 Oct 2025,,7r005fpphen9xjmizqrub6904,Bastien Dechepy,Olympique de Marseille,Le Havre AC,M. Diaw,0,0,0,0,0,0,0,0,25,0,5,0,0,0,0
64,18 Oct 2025,,7r005fpphen9xjmizqrub6904,Bastien Dechepy,Olympique de Marseille,Le Havre AC,G. Lloris,0,0,0,0,2,0,0,0,13,1,0,0,0,0,0
64,18 Oct 2025,,7r005fpphen9xjmizqrub6904,Bastien Dechepy,Olympique de Marseille,Le Havre AC,Y. Kechta,0,0,0,1,2,2,1,0,18,0,0,1,1,0,1
64,18 Oct 2025,,7r005fpphen9xjmizqrub6904,Bastien Dechepy,Olympique de Marseille,Le Havre AC,M. Samatta,0,0,0,0,1,0,0,1,3,0,0,0,0,0,0
64,18 Oct 2025,,7r005fpphen9xjmizqrub6904,Bastien Dechepy,Olympique de Marseille,Le Havre AC,A. Sangante,0,0,0,0,1,1,0,0,30,0,0,0,0,1,0
64,18 Oct 2025,,7r005fpphen9xjmizqrub6904,Bastien Dechepy,Olympique de Marseille,Le Havre AC,A. Seko,0,0,0,0,1,0,0,0,19,0,0,0,0,0,0
64,18 Oct 2025,,7r005fpphen9xjmizqrub6904,Bastien Dechepy,Olympique de Marseille,Le Havre AC,Y. Zouaoui,0,2,0,3,1,1,0,1,15,0,0,3,0,0,1
64,18 Oct 2025,,7r005fpphen9xjmizqrub6904,Bastien Dechepy,Olympique de Marseille,Le Havre AC,É. Youté,0,0,0,0,0,0,0,0,12,0,0,0,0,1,0
64,18 Oct 2025,,7r005fpphen9xjmizqrub6904,Bastien Dechepy,Olympique de Marseille,Le Havre AC,A. Touré,0,0,0,0,0,1,1,0,17,0,0,1,1,0,0
64,18 Oct 2025,,7r005fpphen9xjmizqrub6904,Bastien Dechepy,Olympique de Marseille,Le Havre AC,S. Ebonog,0,0,0,0,2,1,0,0,9,0,0,0,0,1,0
64,18 Oct 2025,,7r005fpphen9xjmizqrub6904,Bastien Dechepy,Olympique de Marseille,Le Havre AC,Y. Namli,1,0,0,1,0,1,0,0,3,0,0,0,0,0,0
64,18 Oct 2025,,7r005fpphen9xjmizqrub6904,Bastien Dechepy,Olympique de Marseille,Le Havre AC,G. Kyeremeh,0,0,0,0,0,2,0,0,3,0,0,0,0,0,0
65,18 Oct 2025,,7rdc1a8lxjdf8pszxvlov6sr8,Jérôme Brisard,OGC Nice Côte d'Azur,Olympique Lyonnais,H. Boudaoui,0,0,0,1,1,1,1,0,24,0,0,1,1,2,0
65,18 Oct 2025,,7rdc1a8lxjdf8pszxvlov6sr8,Jérôme Brisard,OGC Nice Côte d'Azur,Olympique Lyonnais,M. Bard,0,0,0,1,0,1,1,0,22,0,0,1,1,1,0
65,18 Oct 2025,,7rdc1a8lxjdf8pszxvlov6sr8,Jérôme Brisard,OGC Nice Côte d'Azur,Olympique Lyonnais,J. Boga,1,0,0,1,0,1,0,0,18,0,0,1,0,0,0
65,18 Oct 2025,,7rdc1a8lxjdf8pszxvlov6sr8,Jérôme Brisard,OGC Nice Côte d'Azur,Olympique Lyonnais,S. Diop,1,0,0,1,1,4,1,1,24,0,0,1,1,0,0
65,18 Oct 2025,,7rdc1a8lxjdf8pszxvlov6sr8,Jérôme Brisard,OGC Nice Côte d'Azur,Olympique Lyonnais,J. Clauss,1,0,0,3,2,0,0,0,29,0,0,0,0,0,0
65,18 Oct 2025,,7rdc1a8lxjdf8pszxvlov6sr8,Jérôme Brisard,OGC Nice Côte d'Azur,Olympique Lyonnais,M. Cho,0,0,0,1,1,0,0,1,9,0,0,0,0,0,0
65,18 Oct 2025,,7rdc1a8lxjdf8pszxvlov6sr8,Jérôme Brisard,OGC Nice Côte d'Azur,Olympique Lyonnais,A. Mendy,0,0,0,0,0,1,0,0,17,0,0,0,0,4,0
65,18 Oct 2025,,7rdc1a8lxjdf8pszxvlov6sr8,Jérôme Brisard,OGC Nice Côte d'Azur,Olympique Lyonnais,Y. Diouf,0,0,0,0,0,0,0,0,30,0,5,0,0,0,0
65,18 Oct 2025,,7rdc1a8lxjdf8pszxvlov6sr8,Jérôme Brisard,OGC Nice Côte d'Azur,Olympique Lyonnais,Dante,0,0,0,0,1,1,0,0,25,0,0,0,0,0,0
65,18 Oct 2025,,7rdc1a8lxjdf8pszxvlov6sr8,Jérôme Brisard,OGC Nice Côte d'Azur,Olympique Lyonnais,K. Peprah Oppong,0,0,0,0,2,0,0,0,16,0,0,0,0,2,0
65,18 Oct 2025,,7rdc1a8lxjdf8pszxvlov6sr8,Jérôme Brisard,OGC Nice Côte d'Azur,Olympique Lyonnais,C. Vanhoutte,0,0,0,0,2,0,0,0,28,0,0,0,0,1,1
65,18 Oct 2025,,7rdc1a8lxjdf8pszxvlov6sr8,Jérôme Brisard,OGC Nice Côte d'Azur,Olympique Lyonnais,J. Bah,0,0,0,0,0,0,0,0,0,0,0,0,0,1,0
65,18 Oct 2025,,7rdc1a8lxjdf8pszxvlov6sr8,Jérôme Brisard,OGC Nice Côte d'Azur,Olympique Lyonnais,T. Louchet,0,0,0,0,0,1,0,0,7,0,0,0,0,2,0
65,18 Oct 2025,,7rdc1a8lxjdf8pszxvlov6sr8,Jérôme Brisard,OGC Nice Côte d'Azur,Olympique Lyonnais,Tiago Gouveia,0,0,1,0,0,1,0,0,0,0,0,1,1,2,0
65,18 Oct 2025,,7rdc1a8lxjdf8pszxvlov6sr8,Jérôme Brisard,OGC Nice Côte d'Azur,Olympique Lyonnais,M. Sanson,0,0,0,0,0,0,0,0,3,0,0,0,0,0,0
65,18 Oct 2025,,7rdc1a8lxjdf8pszxvlov6sr8,Jérôme Brisard,OGC Nice Côte d'Azur,Olympique Lyonnais,M. Satriano,0,1,1,1,1,1,0,0,25,0,0,2,0,0,0
65,18 Oct 2025,,7rdc1a8lxjdf8pszxvlov6sr8,Jérôme Brisard,OGC Nice Côte d'Azur,Olympique Lyonnais,C. Tolisso,0,4,3,3,2,0,0,0,69,0,0,5,1,2,0
65,18 Oct 2025,,7rdc1a8lxjdf8pszxvlov6sr8,Jérôme Brisard,OGC Nice Côte d'Azur,Olympique Lyonnais,Abner,0,2,0,1,0,1,0,0,40,0,0,2,0,0,0
65,18 Oct 2025,,7rdc1a8lxjdf8pszxvlov6sr8,Jérôme Brisard,OGC Nice Côte d'Azur,Olympique Lyonnais,R. Kluivert,1,0,0,1,2,1,0,0,71,0,0,0,0,4,0
65,18 Oct 2025,,7rdc1a8lxjdf8pszxvlov6sr8,Jérôme Brisard,OGC Nice Côte d'Azur,Olympique Lyonnais,Clinton Mata,0,0,0,1,1,1,0,0,87,0,0,0,0,1,1
65,18 Oct 2025,,7rdc1a8lxjdf8pszxvlov6sr8,Jérôme Brisard,OGC Nice Côte d'Azur,Olympique Lyonnais,A. Maitland-Niles,0,0,1,9,0,0,0,0,57,0,0,2,1,0,0
65,18 Oct 2025,,7rdc1a8lxjdf8pszxvlov6sr8,Jérôme Brisard,OGC Nice Côte d'Azur,Olympique Lyonnais,P. Šulc,0,2,0,0,0,1,2,0,30,0,0,5,2,0,0
65,18 Oct 2025,,7rdc1a8lxjdf8pszxvlov6sr8,Jérôme Brisard,OGC Nice Côte d'Azur,Olympique Lyonnais,M. Fofana,0,2,3,4,0,2,0,0,22,0,0,3,1,2,0
65,18 Oct 2025,,7rdc1a8lxjdf8pszxvlov6sr8,Jérôme Brisard,OGC Nice Côte d'Azur,Olympique Lyonnais,A. Karabec,0,0,2,9,2,1,0,0,16,0,0,1,0,0,0
65,18 Oct 2025,,7rdc1a8lxjdf8pszxvlov6sr8,Jérôme Brisard,OGC Nice Côte d'Azur,Olympique Lyonnais,D. Greif,0,0,0,0,0,0,0,0,25,0,1,0,0,0,0
65,18 Oct 2025,,7rdc1a8lxjdf8pszxvlov6sr8,Jérôme Brisard,OGC Nice Côte d'Azur,Olympique Lyonnais,T. Morton,0,2,1,6,2,0,0,0,37,0,0,3,0,5,0
65,18 Oct 2025,,7rdc1a8lxjdf8pszxvlov6sr8,Jérôme Brisard,OGC Nice Côte d'Azur,Olympique Lyonnais,R. Ghezzal,0,0,3,5,1,0,0,0,17,0,0,1,1,2,0
65,18 Oct 2025,,7rdc1a8lxjdf8pszxvlov6sr8,Jérôme Brisard,OGC Nice Côte d'Azur,Olympique Lyonnais,N. Tagliafico,0,1,0,2,0,0,0,0,13,0,0,2,0,2,0
65,18 Oct 2025,,7rdc1a8lxjdf8pszxvlov6sr8,Jérôme Brisard,OGC Nice Côte d'Azur,Olympique Lyonnais,Afonso Moreira,0,0,0,5,0,0,0,0,5,0,0,1,0,0,0
65,18 Oct 2025,,7rdc1a8lxjdf8pszxvlov6sr8,Jérôme Brisard,OGC Nice Côte d'Azur,Olympique Lyonnais,T. Tessmann,0,1,2,2,0,1,0,0,12,0,0,2,1,2,0
65,18 Oct 2025,,7rdc1a8lxjdf8pszxvlov6sr8,Jérôme Brisard,OGC Nice Côte d'Azur,Olympique Lyonnais,M. Niakhaté,0,0,0,0,0,0,0,0,18,0,0,0,0,0,1
66,17 Oct 2025,,7rqqx5f5hg6r0w0ixflxjncic,Clément Turpin,Paris Saint-Germain FC,RC Strasbourg Alsace,D. Doué,1,1,1,0,0,2,0,0,49,0,0,2,1,3,0
66,17 Oct 2025,,7rqqx5f5hg6r0w0ixflxjncic,Clément Turpin,Paris Saint-Germain FC,RC Strasbourg Alsace,Beraldo,0,0,0,0,0,1,0,0,93,0,0,0,0,0,0
66,17 Oct 2025,,7rqqx5f5hg6r0w0ixflxjncic,Clément Turpin,Paris Saint-Germain FC,RC Strasbourg Alsace,I. Zabarnyi,0,0,0,0,1,0,0,0,118,0,0,0,0,3,0
66,17 Oct 2025,,7rqqx5f5hg6r0w0ixflxjncic,Clément Turpin,Paris Saint-Germain FC,RC Strasbourg Alsace,S. Mayulu,0,0,0,2,0,1,1,0,53,0,0,3,2,4,0
66,17 Oct 2025,,7rqqx5f5hg6r0w0ixflxjncic,Clément Turpin,Paris Saint-Germain FC,RC Strasbourg Alsace,L. Chevalier,0,0,0,0,0,0,0,0,35,0,4,0,0,0,0
66,17 Oct 2025,,7rqqx5f5hg6r0w0ixflxjncic,Clément Turpin,Paris Saint-Germain FC,RC Strasbourg Alsace,L. Hernández,0,0,0,0,3,0,0,0,91,0,0,0,0,1,1
66,17 Oct 2025,,7rqqx5f5hg6r0w0ixflxjncic,Clément Turpin,Paris Saint-Germain FC,RC Strasbourg Alsace,B. Barcola,0,0,0,0,1,2,1,0,37,0,0,2,2,4,0
66,17 Oct 2025,,7rqqx5f5hg6r0w0ixflxjncic,Clément Turpin,Paris Saint-Germain FC,RC Strasbourg Alsace,Gonçalo Ramos,0,1,2,0,1,2,1,0,22,0,0,5,3,0,0
66,17 Oct 2025,,7rqqx5f5hg6r0w0ixflxjncic,Clément Turpin,Paris Saint-Germain FC,RC Strasbourg Alsace,W. Zaïre-Emery,0,0,1,2,2,2,0,0,84,0,0,0,0,2,0
66,17 Oct 2025,,7rqqx5f5hg6r0w0ixflxjncic,Clément Turpin,Paris Saint-Germain FC,RC Strasbourg Alsace,I. Mbaye,0,0,0,1,2,3,0,0,57,0,0,0,0,2,0
66,17 Oct 2025,,7rqqx5f5hg6r0w0ixflxjncic,Clément Turpin,Paris Saint-Germain FC,RC Strasbourg Alsace,Lee Kang-In,0,1,0,6,1,0,0,0,61,0,0,2,0,0,1
66,17 Oct 2025,,7rqqx5f5hg6r0w0ixflxjncic,Clément Turpin,Paris Saint-Germain FC,RC Strasbourg Alsace,W. Pacho,0,0,0,0,0,0,0,0,32,0,0,1,0,2,0
66,17 Oct 2025,,7rqqx5f5hg6r0w0ixflxjncic,Clément Turpin,Paris Saint-Germain FC,RC Strasbourg Alsace,Q. Ndjantou,0,1,0,2,1,1,0,0,25,0,0,2,0,0,0
66,17 Oct 2025,,7rqqx5f5hg6r0w0ixflxjncic,Clément Turpin,Paris Saint-Germain FC,RC Strasbourg Alsace,K. Kvaratskhelia,0,1,0,0,0,1,0,0,23,0,0,4,1,0,0
66,17 Oct 2025,,7rqqx5f5hg6r0w0ixflxjncic,Clément Turpin,Paris Saint-Germain FC,RC Strasbourg Alsace,Nuno Mendes,0,0,0,0,0,0,0,0,3,0,0,0,0,0,0
66,17 Oct 2025,,7rqqx5f5hg6r0w0ixflxjncic,Clément Turpin,Paris Saint-Germain FC,RC Strasbourg Alsace,G. Doué,1,0,0,5,3,4,0,0,22,0,0,0,0,3,0
66,17 Oct 2025,,7rqqx5f5hg6r0w0ixflxjncic,Clément Turpin,Paris Saint-Germain FC,RC Strasbourg Alsace,J. Panichelli,0,1,0,0,3,2,2,0,31,0,0,5,3,3,0
66,17 Oct 2025,,7rqqx5f5hg6r0w0ixflxjncic,Clément Turpin,Paris Saint-Germain FC,RC Strasbourg Alsace,S. El Mourabet,0,0,0,0,0,0,0,0,19,0,0,0,0,3,0
66,17 Oct 2025,,7rqqx5f5hg6r0w0ixflxjncic,Clément Turpin,Paris Saint-Germain FC,RC Strasbourg Alsace,L. Høgsberg,0,0,0,0,3,0,0,0,34,0,0,0,0,0,0
66,17 Oct 2025,,7rqqx5f5hg6r0w0ixflxjncic,Clément Turpin,Paris Saint-Germain FC,RC Strasbourg Alsace,J. Enciso,0,1,1,0,1,0,0,0,20,0,0,6,3,1,0
66,17 Oct 2025,,7rqqx5f5hg6r0w0ixflxjncic,Clément Turpin,Paris Saint-Germain FC,RC Strasbourg Alsace,V. Barco,1,0,0,1,0,3,0,0,39,0,0,0,0,3,0
66,17 Oct 2025,,7rqqx5f5hg6r0w0ixflxjncic,Clément Turpin,Paris Saint-Germain FC,RC Strasbourg Alsace,B. Chilwell,0,0,0,0,2,1,0,0,27,0,0,0,0,1,0
66,17 Oct 2025,,7rqqx5f5hg6r0w0ixflxjncic,Clément Turpin,Paris Saint-Germain FC,RC Strasbourg Alsace,M. Penders,0,0,0,0,1,0,0,0,30,0,6,0,0,0,1
66,17 Oct 2025,,7rqqx5f5hg6r0w0ixflxjncic,Clément Turpin,Paris Saint-Germain FC,RC Strasbourg Alsace,I. Doukouré,0,0,0,0,1,0,0,0,27,0,0,0,0,0,0
66,17 Oct 2025,,7rqqx5f5hg6r0w0ixflxjncic,Clément Turpin,Paris Saint-Germain FC,RC Strasbourg Alsace,A. Ouattara,0,0,0,0,0,0,0,0,13,0,0,0,0,2,0
66,17 Oct 2025,,7rqqx5f5hg6r0w0ixflxjncic,Clément Turpin,Paris Saint-Germain FC,RC Strasbourg Alsace,D. Moreira,1,0,0,2,0,0,1,0,24,0,0,1,1,2,0
66,17 Oct 2025,,7rqqx5f5hg6r0w0ixflxjncic,Clément Turpin,Paris Saint-Germain FC,RC Strasbourg Alsace,F. Lemaréchal,0,0,0,0,1,0,0,0,11,0,0,0,0,2,0
66,17 Oct 2025,,7rqqx5f5hg6r0w0ixflxjncic,Clément Turpin,Paris Saint-Germain FC,RC Strasbourg Alsace,A. Omobamidele,0,0,0,0,0,0,0,0,9,0,0,0,0,0,0
66,17 Oct 2025,,7rqqx5f5hg6r0w0ixflxjncic,Clément Turpin,Paris Saint-Germain FC,RC Strasbourg Alsace,M. Godo,0,0,0,0,0,1,0,0,3,0,0,0,0,0,0
66,17 Oct 2025,,7rqqx5f5hg6r0w0ixflxjncic,Clément Turpin,Paris Saint-Germain FC,RC Strasbourg Alsace,Rafael Filipe Gonçalves Soares Luís,0,0,0,0,0,0,0,0,0,0,0,0,0,0,0
67,19 Oct 2025,,7s40axsqq7zfk748ymaw8jtw4,François Letexier,Toulouse FC,FC Metz,D. Sidibé,0,0,0,3,1,0,0,1,23,0,0,0,0,0,0
67,19 Oct 2025,,7s40axsqq7zfk748ymaw8jtw4,François Letexier,Toulouse FC,FC Metz,Emersonn,1,1,0,0,2,1,0,0,11,0,0,4,1,0,1
67,19 Oct 2025,,7s40axsqq7zfk748ymaw8jtw4,François Letexier,Toulouse FC,FC Metz,A. Francis,0,1,0,0,0,0,0,0,37,0,0,1,0,2,0
67,19 Oct 2025,,7s40axsqq7zfk748ymaw8jtw4,François Letexier,Toulouse FC,FC Metz,C. Cresswell,1,0,0,0,2,0,1,0,53,0,0,2,1,2,0
67,19 Oct 2025,,7s40axsqq7zfk748ymaw8jtw4,François Letexier,Toulouse FC,FC Metz,G. Restes,0,0,0,0,0,0,0,0,18,0,2,0,0,0,0
67,19 Oct 2025,,7s40axsqq7zfk748ymaw8jtw4,François Letexier,Toulouse FC,FC Metz,F. Magri,0,0,0,1,3,1,1,0,12,0,0,2,1,1,1
67,19 Oct 2025,,7s40axsqq7zfk748ymaw8jtw4,François Letexier,Toulouse FC,FC Metz,A. Dønnum,1,0,1,5,1,1,1,0,30,0,0,2,2,5,0
67,19 Oct 2025,,7s40axsqq7zfk748ymaw8jtw4,François Letexier,Toulouse FC,FC Metz,C. Cásseres,0,0,0,1,0,4,0,0,41,0,0,0,0,0,0
67,19 Oct 2025,,7s40axsqq7zfk748ymaw8jtw4,François Letexier,Toulouse FC,FC Metz,Y. Gboho,0,0,1,2,0,2,1,0,24,0,0,4,2,1,0
67,19 Oct 2025,,7s40axsqq7zfk748ymaw8jtw4,François Letexier,Toulouse FC,FC Metz,D. Méthalie,0,1,1,2,2,0,0,0,17,0,0,1,0,0,0
67,19 Oct 2025,,7s40axsqq7zfk748ymaw8jtw4,François Letexier,Toulouse FC,FC Metz,R. Nicolaisen,0,0,0,0,1,1,0,0,34,0,0,0,0,1,0
67,19 Oct 2025,,7s40axsqq7zfk748ymaw8jtw4,François Letexier,Toulouse FC,FC Metz,M. McKenzie,0,0,0,0,0,0,0,0,11,0,0,0,0,0,0
67,19 Oct 2025,,7s40axsqq7zfk748ymaw8jtw4,François Letexier,Toulouse FC,FC Metz,M. Sauer,0,0,2,1,1,0,0,0,10,0,0,0,0,1,0
67,19 Oct 2025,,7s40axsqq7zfk748ymaw8jtw4,François Letexier,Toulouse FC,FC Metz,W. Kamanzi,0,0,0,0,0,1,0,0,2,0,0,0,0,0,0
67,19 Oct 2025,,7s40axsqq7zfk748ymaw8jtw4,François Letexier,Toulouse FC,FC Metz,S. Hidalgo,0,0,0,0,0,0,0,0,1,0,0,0,0,0,0
67,19 Oct 2025,,7s40axsqq7zfk748ymaw8jtw4,François Letexier,Toulouse FC,FC Metz,J. Vignolo,0,0,0,0,1,0,0,0,1,0,0,0,0,0,0
67,19 Oct 2025,,7s40axsqq7zfk748ymaw8jtw4,François Letexier,Toulouse FC,FC Metz,G. Hein,0,0,0,2,0,2,0,0,52,0,0,0,0,0,0
67,19 Oct 2025,,7s40axsqq7zfk748ymaw8jtw4,François Letexier,Toulouse FC,FC Metz,J. Gbamin,0,0,0,0,0,0,0,0,91,0,0,0,0,1,0
67,19 Oct 2025,,7s40axsqq7zfk748ymaw8jtw4,François Letexier,Toulouse FC,FC Metz,F. Ballo-Touré,0,0,0,0,1,5,0,0,66,0,0,0,0,1,0
67,19 Oct 2025,,7s40axsqq7zfk748ymaw8jtw4,François Letexier,Toulouse FC,FC Metz,S. Sané,0,0,0,0,2,0,0,0,80,1,0,0,0,1,0
67,19 Oct 2025,,7s40axsqq7zfk748ymaw8jtw4,François Letexier,Toulouse FC,FC Metz,J. Fischer,0,0,0,0,0,1,0,0,55,0,3,0,0,0,0
67,19 Oct 2025,,7s40axsqq7zfk748ymaw8jtw4,François Letexier,Toulouse FC,FC Metz,A. Touré,0,0,0,0,2,2,0,0,56,0,0,0,0,3,0
67,19 Oct 2025,,7s40axsqq7zfk748ymaw8jtw4,François Letexier,Toulouse FC,FC Metz,B. Traoré,0,0,0,0,3,0,0,0,44,0,0,0,0,5,0
67,19 Oct 2025,,7s40axsqq7zfk748ymaw8jtw4,François Letexier,Toulouse FC,FC Metz,G. Abuashvili,0,0,0,4,1,0,0,0,28,0,0,1,1,0,1
67,19 Oct 2025,,7s40axsqq7zfk748ymaw8jtw4,François Letexier,Toulouse FC,FC Metz,K. Kouao,0,0,0,1,0,1,0,0,45,0,0,0,0,4,0
67,19 Oct 2025,,7s40axsqq7zfk748ymaw8jtw4,François Letexier,Toulouse FC,FC Metz,C. Sabaly,0,0,0,0,0,2,0,1,18,0,0,0,0,3,0
67,19 Oct 2025,,7s40axsqq7zfk748ymaw8jtw4,François Letexier,Toulouse FC,FC Metz,H. Diallo,0,0,1,0,0,0,0,0,7,0,0,1,1,0,0
67,19 Oct 2025,,7s40axsqq7zfk748ymaw8jtw4,François Letexier,Toulouse FC,FC Metz,T. Yegbe,0,0,0,0,0,0,0,0,38,0,0,0,0,0,0
67,19 Oct 2025,,7s40axsqq7zfk748ymaw8jtw4,François Letexier,Toulouse FC,FC Metz,J. Deminguet,0,0,0,0,1,0,0,0,18,0,0,0,0,0,0
67,19 Oct 2025,,7s40axsqq7zfk748ymaw8jtw4,François Letexier,Toulouse FC,FC Metz,G. Tsitaishvili,0,0,0,0,0,1,0,0,4,0,0,0,0,1,0
67,19 Oct 2025,,7s40axsqq7zfk748ymaw8jtw4,François Letexier,Toulouse FC,FC Metz,J. Asoro,0,0,0,0,0,0,0,0,3,0,0,0,0,0,0
67,19 Oct 2025,,7s40axsqq7zfk748ymaw8jtw4,François Letexier,Toulouse FC,FC Metz,I. Sané,0,0,0,0,1,0,0,0,3,0,0,0,0,0,0
68,19 Oct 2025,,7sh3gud0et7a4ivgb8jgwbj84,Gaël Angoula,Racing Club de Lens,Paris FC,F. Thauvin,0,1,6,8,1,1,0,0,37,0,0,2,1,2,1
68,19 Oct 2025,,7sh3gud0et7a4ivgb8jgwbj84,Gaël Angoula,Racing Club de Lens,Paris FC,A. Thomasson,2,1,1,10,3,1,0,0,40,0,0,1,0,3,0
68,19 Oct 2025,,7sh3gud0et7a4ivgb8jgwbj84,Gaël Angoula,Racing Club de Lens,Paris FC,S. Baidoo,0,1,0,0,2,0,1,1,43,0,0,4,1,0,0
68,19 Oct 2025,,7sh3gud0et7a4ivgb8jgwbj84,Gaël Angoula,Racing Club de Lens,Paris FC,M. Sarr,0,0,0,0,0,0,0,0,49,0,0,1,0,4,0
68,19 Oct 2025,,7sh3gud0et7a4ivgb8jgwbj84,Gaël Angoula,Racing Club de Lens,Paris FC,O. Édouard,0,0,1,0,0,0,1,0,16,0,0,1,1,0,0
68,19 Oct 2025,,7sh3gud0et7a4ivgb8jgwbj84,Gaël Angoula,Racing Club de Lens,Paris FC,M. Udol,0,0,1,3,1,0,0,0,29,0,0,0,0,1,0
68,19 Oct 2025,,7sh3gud0et7a4ivgb8jgwbj84,Gaël Angoula,Racing Club de Lens,Paris FC,M. Sangaré,0,1,0,0,0,1,0,1,44,0,0,1,0,5,0
68,19 Oct 2025,,7sh3gud0et7a4ivgb8jgwbj84,Gaël Angoula,Racing Club de Lens,Paris FC,R. Aguilar,0,0,1,10,1,1,0,0,40,0,0,0,0,1,0
68,19 Oct 2025,,7sh3gud0et7a4ivgb8jgwbj84,Gaël Angoula,Racing Club de Lens,Paris FC,R. Risser,0,0,0,0,0,0,0,0,16,0,2,0,0,0,0
68,19 Oct 2025,,7sh3gud0et7a4ivgb8jgwbj84,Gaël Angoula,Racing Club de Lens,Paris FC,J. Gradit,0,0,0,0,1,1,0,0,34,0,0,0,0,4,0
68,19 Oct 2025,,7sh3gud0et7a4ivgb8jgwbj84,Gaël Angoula,Racing Club de Lens,Paris FC,M. Guilavogui,0,0,1,1,1,3,0,0,35,0,0,0,0,2,0
68,19 Oct 2025,,7sh3gud0et7a4ivgb8jgwbj84,Gaël Angoula,Racing Club de Lens,Paris FC,A. Sima,0,0,0,1,1,0,0,0,3,0,0,0,0,0,1
68,19 Oct 2025,,7sh3gud0et7a4ivgb8jgwbj84,Gaël Angoula,Racing Club de Lens,Paris FC,Saud Abdulhamid,0,0,0,0,0,0,0,0,10,0,0,0,0,2,0
68,19 Oct 2025,,7sh3gud0et7a4ivgb8jgwbj84,Gaël Angoula,Racing Club de Lens,Paris FC,W. Saïd,0,0,0,0,0,0,0,0,6,0,0,1,0,0,0
68,19 Oct 2025,,7sh3gud0et7a4ivgb8jgwbj84,Gaël Angoula,Racing Club de Lens,Paris FC,Florian Sotoca,0,0,0,0,0,0,0,0,0,0,0,0,0,0,0
68,19 Oct 2025,,7sh3gud0et7a4ivgb8jgwbj84,Gaël Angoula,Racing Club de Lens,Paris FC,J. Krasso,0,0,0,0,0,2,0,0,18,0,0,0,0,0,0
68,19 Oct 2025,,7sh3gud0et7a4ivgb8jgwbj84,Gaël Angoula,Racing Club de Lens,Paris FC,M. Lopez,0,0,0,2,1,0,0,0,85,0,0,1,1,3,0
68,19 Oct 2025,,7sh3gud0et7a4ivgb8jgwbj84,Gaël Angoula,Racing Club de Lens,Paris FC,P. Lees-Melou,0,0,0,0,1,1,1,0,45,0,0,2,1,1,0
68,19 Oct 2025,,7sh3gud0et7a4ivgb8jgwbj84,Gaël Angoula,Racing Club de Lens,Paris FC,Otávio,0,0,0,0,1,2,0,0,86,0,0,0,0,2,0
68,19 Oct 2025,,7sh3gud0et7a4ivgb8jgwbj84,Gaël Angoula,Racing Club de Lens,Paris FC,T. De Smet,0,0,0,0,0,1,0,0,38,0,0,0,0,2,0
68,19 Oct 2025,,7sh3gud0et7a4ivgb8jgwbj84,Gaël Angoula,Racing Club de Lens,Paris FC,O. Nkambadio,0,0,0,0,0,0,0,0,46,0,1,0,0,0,0
68,19 Oct 2025,,7sh3gud0et7a4ivgb8jgwbj84,Gaël Angoula,Racing Club de Lens,Paris FC,S. Chergui,0,2,0,0,0,0,0,0,58,0,0,2,0,1,0
68,19 Oct 2025,,7sh3gud0et7a4ivgb8jgwbj84,Gaël Angoula,Racing Club de Lens,Paris FC,A. Camara,0,1,1,0,1,0,0,0,29,0,0,2,1,1,0
68,19 Oct 2025,,7sh3gud0et7a4ivgb8jgwbj84,Gaël Angoula,Racing Club de Lens,Paris FC,H. Traoré,0,1,0,2,2,0,0,0,51,0,0,1,0,0,1
68,19 Oct 2025,,7sh3gud0et7a4ivgb8jgwbj84,Gaël Angoula,Racing Club de Lens,Paris FC,I. Kebbal,1,0,1,2,0,3,0,1,50,0,0,0,0,1,1
68,19 Oct 2025,,7sh3gud0et7a4ivgb8jgwbj84,Gaël Angoula,Racing Club de Lens,Paris FC,M. Simon,0,0,0,4,1,1,0,0,12,0,0,0,0,0,0
68,19 Oct 2025,,7sh3gud0et7a4ivgb8jgwbj84,Gaël Angoula,Racing Club de Lens,Paris FC,N. Sangui,0,0,0,1,0,0,0,0,24,0,0,0,0,2,0
68,19 Oct 2025,,7sh3gud0et7a4ivgb8jgwbj84,Gaël Angoula,Racing Club de Lens,Paris FC,W. Geubbels,0,0,0,0,0,0,0,0,6,0,0,1,0,0,0
68,19 Oct 2025,,7sh3gud0et7a4ivgb8jgwbj84,Gaël Angoula,Racing Club de Lens,Paris FC,A. Gory,0,0,1,1,1,0,0,1,4,0,0,0,0,0,0
68,19 Oct 2025,,7sh3gud0et7a4ivgb8jgwbj84,Gaël Angoula,Racing Club de Lens,Paris FC,J. Ikoné,0,0,0,0,0,0,0,0,9,0,0,0,0,0,0
68,19 Oct 2025,,7sh3gud0et7a4ivgb8jgwbj84,Gaël Angoula,Racing Club de Lens,Paris FC,V. Marchetti,0,0,0,0,0,0,0,0,6,0,0,0,0,0,0
69,19 Oct 2025,,7suiizi1qmm8tr7ey7exckb9w,Marc Bollengier,FC Lorient,Stade Brestois 29,A. Avom,0,1,0,2,3,3,0,0,43,0,0,2,0,3,0
69,19 Oct 2025,,7suiizi1qmm8tr7ey7exckb9w,Marc Bollengier,FC Lorient,Stade Brestois 29,M. Talbi,0,0,0,0,0,1,0,0,40,0,0,0,0,0,0
69,19 Oct 2025,,7suiizi1qmm8tr7ey7exckb9w,Marc Bollengier,FC Lorient,Stade Brestois 29,M. Bamba,0,0,0,0,0,3,0,2,8,0,0,0,0,0,0
69,19 Oct 2025,,7suiizi1qmm8tr7ey7exckb9w,Marc Bollengier,FC Lorient,Stade Brestois 29,A. Kouassi,1,0,0,6,1,1,1,0,25,0,0,1,1,0,0
69,19 Oct 2025,,7suiizi1qmm8tr7ey7exckb9w,Marc Bollengier,FC Lorient,Stade Brestois 29,L. Abergel,0,0,1,0,1,1,0,0,53,0,0,0,0,0,0
69,19 Oct 2025,,7suiizi1qmm8tr7ey7exckb9w,Marc Bollengier,FC Lorient,Stade Brestois 29,A. Faye,0,0,1,0,3,1,0,0,50,0,0,2,1,2,1
69,19 Oct 2025,,7suiizi1qmm8tr7ey7exckb9w,Marc Bollengier,FC Lorient,Stade Brestois 29,B. Meïté,0,0,0,1,1,1,0,0,52,0,0,0,0,3,1
69,19 Oct 2025,,7suiizi1qmm8tr7ey7exckb9w,Marc Bollengier,FC Lorient,Stade Brestois 29,T. Le Bris,1,0,0,4,0,0,1,0,34,0,0,1,1,2,0
69,19 Oct 2025,,7suiizi1qmm8tr7ey7exckb9w,Marc Bollengier,FC Lorient,Stade Brestois 29,J. Makengo,0,1,0,1,1,0,0,0,24,0,0,2,1,1,0
69,19 Oct 2025,,7suiizi1qmm8tr7ey7exckb9w,Marc Bollengier,FC Lorient,Stade Brestois 29,P. Pagis,0,0,1,3,1,1,0,1,22,0,0,0,0,0,0
69,19 Oct 2025,,7suiizi1qmm8tr7ey7exckb9w,Marc Bollengier,FC Lorient,Stade Brestois 29,Y. Mvogo,0,0,0,0,0,1,0,0,21,0,2,0,0,0,0
69,19 Oct 2025,,7suiizi1qmm8tr7ey7exckb9w,Marc Bollengier,FC Lorient,Stade Brestois 29,A. Tosin,0,0,0,0,1,1,0,1,7,0,0,1,1,0,1
69,19 Oct 2025,,7suiizi1qmm8tr7ey7exckb9w,Marc Bollengier,FC Lorient,Stade Brestois 29,S. Soumano,0,0,0,0,1,1,1,0,4,0,0,1,1,0,0
69,19 Oct 2025,,7suiizi1qmm8tr7ey7exckb9w,Marc Bollengier,FC Lorient,Stade Brestois 29,B. Dieng,1,0,1,0,0,0,0,0,1,0,0,2,1,0,0
69,19 Oct 2025,,7suiizi1qmm8tr7ey7exckb9w,Marc Bollengier,FC Lorient,Stade Brestois 29,J. Mvuka,0,0,0,1,0,0,0,0,5,0,0,0,0,0,0
69,19 Oct 2025,,7suiizi1qmm8tr7ey7exckb9w,Marc Bollengier,FC Lorient,Stade Brestois 29,D. Yongwa,0,0,1,2,0,0,0,0,1,0,0,0,0,0,0
69,19 Oct 2025,,7suiizi1qmm8tr7ey7exckb9w,Marc Bollengier,FC Lorient,Stade Brestois 29,B. Chardonnet,0,0,0,0,1,1,0,0,53,0,0,0,0,0,0
69,19 Oct 2025,,7suiizi1qmm8tr7ey7exckb9w,Marc Bollengier,FC Lorient,Stade Brestois 29,R. Del Castillo,0,0,1,6,2,2,1,0,27,0,0,1,1,3,0
69,19 Oct 2025,,7suiizi1qmm8tr7ey7exckb9w,Marc Bollengier,FC Lorient,Stade Brestois 29,K. Lala,0,0,0,2,1,0,0,0,39,0,0,0,0,0,0
69,19 Oct 2025,,7suiizi1qmm8tr7ey7exckb9w,Marc Bollengier,FC Lorient,Stade Brestois 29,Radosław Majecki,0,0,0,0,0,1,0,0,27,0,4,0,0,0,0
69,19 Oct 2025,,7suiizi1qmm8tr7ey7exckb9w,Marc Bollengier,FC Lorient,Stade Brestois 29,L. Ajorque,0,0,1,0,0,2,0,0,21,0,0,1,0,2,1
69,19 Oct 2025,,7suiizi1qmm8tr7ey7exckb9w,Marc Bollengier,FC Lorient,Stade Brestois 29,K. Doumbia,0,1,0,0,0,1,0,0,18,0,0,1,0,5,0
69,19 Oct 2025,,7suiizi1qmm8tr7ey7exckb9w,Marc Bollengier,FC Lorient,Stade Brestois 29,B. Locko,1,0,0,5,0,0,0,0,39,0,0,0,0,2,0
69,19 Oct 2025,,7suiizi1qmm8tr7ey7exckb9w,Marc Bollengier,FC Lorient,Stade Brestois 29,H. Magnetti,0,0,0,0,5,0,0,0,53,0,0,0,0,2,0
69,19 Oct 2025,,7suiizi1qmm8tr7ey7exckb9w,Marc Bollengier,FC Lorient,Stade Brestois 29,J. Chotard,0,0,0,0,1,1,0,0,43,0,0,1,1,2,0
69,19 Oct 2025,,7suiizi1qmm8tr7ey7exckb9w,Marc Bollengier,FC Lorient,Stade Brestois 29,S. Coulibaly,0,0,0,0,1,3,0,0,63,0,0,1,1,1,0
69,19 Oct 2025,,7suiizi1qmm8tr7ey7exckb9w,Marc Bollengier,FC Lorient,Stade Brestois 29,J. Dina Ebimbe,0,0,0,0,2,1,1,0,7,0,0,3,1,0,0
69,19 Oct 2025,,7suiizi1qmm8tr7ey7exckb9w,Marc Bollengier,FC Lorient,Stade Brestois 29,L. Tousart,0,0,0,0,2,0,0,0,9,0,0,0,0,4,0
69,19 Oct 2025,,7suiizi1qmm8tr7ey7exckb9w,Marc Bollengier,FC Lorient,Stade Brestois 29,R. Labeau Lascary,0,0,0,1,1,0,0,0,3,0,0,0,0,0,0
69,19 Oct 2025,,7suiizi1qmm8tr7ey7exckb9w,Marc Bollengier,FC Lorient,Stade Brestois 29,J. Le Cardinal,0,0,0,0,0,0,0,0,3,0,0,0,0,0,1
69,19 Oct 2025,,7suiizi1qmm8tr7ey7exckb9w,Marc Bollengier,FC Lorient,Stade Brestois 29,P. Mboup,0,0,0,0,0,0,0,0,0,0,0,0,0,0,0
70,18 Oct 2025,,7t7yxocl9le4hipp8sy9hqyhg,Jeremy Stinat,Angers Sporting Club de l'Ouest,AS Monaco FC,H. Abdelli,0,0,2,0,1,0,0,0,32,0,0,1,0,3,0
70,18 Oct 2025,,7t7yxocl9le4hipp8sy9hqyhg,Jeremy Stinat,Angers Sporting Club de l'Ouest,AS Monaco FC,J. Lefort,0,0,0,0,0,0,0,0,47,0,0,0,0,1,0
70,18 Oct 2025,,7t7yxocl9le4hipp8sy9hqyhg,Jeremy Stinat,Angers Sporting Club de l'Ouest,AS Monaco FC,H. Koffi,0,0,0,0,0,1,0,0,37,0,3,0,0,0,0
70,18 Oct 2025,,7t7yxocl9le4hipp8sy9hqyhg,Jeremy Stinat,Angers Sporting Club de l'Ouest,AS Monaco FC,Y. Belkhdim,0,1,1,4,2,1,0,0,30,0,0,2,1,2,0
70,18 Oct 2025,,7t7yxocl9le4hipp8sy9hqyhg,Jeremy Stinat,Angers Sporting Club de l'Ouest,AS Monaco FC,C. Arcus,0,0,0,0,3,2,0,0,45,0,0,1,0,3,1
70,18 Oct 2025,,7t7yxocl9le4hipp8sy9hqyhg,Jeremy Stinat,Angers Sporting Club de l'Ouest,AS Monaco FC,P. Peter,0,0,0,0,2,4,0,0,8,0,0,1,0,0,0
70,18 Oct 2025,,7t7yxocl9le4hipp8sy9hqyhg,Jeremy Stinat,Angers Sporting Club de l'Ouest,AS Monaco FC,F. Hanin,0,2,1,1,1,0,0,0,35,0,0,2,0,0,0
70,18 Oct 2025,,7t7yxocl9le4hipp8sy9hqyhg,Jeremy Stinat,Angers Sporting Club de l'Ouest,AS Monaco FC,H. Belkebla,0,1,0,0,0,1,0,0,46,0,0,1,0,3,0
70,18 Oct 2025,,7t7yxocl9le4hipp8sy9hqyhg,Jeremy Stinat,Angers Sporting Club de l'Ouest,AS Monaco FC,O. Camara,0,0,0,0,1,1,0,0,37,0,0,0,0,3,0
70,18 Oct 2025,,7t7yxocl9le4hipp8sy9hqyhg,Jeremy Stinat,Angers Sporting Club de l'Ouest,AS Monaco FC,A. Sbaï,0,3,3,6,0,1,0,0,17,0,0,3,0,0,0
70,18 Oct 2025,,7t7yxocl9le4hipp8sy9hqyhg,Jeremy Stinat,Angers Sporting Club de l'Ouest,AS Monaco FC,L. Mouton,0,0,0,4,2,1,0,0,28,0,0,1,0,0,0
70,18 Oct 2025,,7t7yxocl9le4hipp8sy9hqyhg,Jeremy Stinat,Angers Sporting Club de l'Ouest,AS Monaco FC,S. Cherif,0,2,2,0,2,0,1,0,5,0,0,4,2,0,1
70,18 Oct 2025,,7t7yxocl9le4hipp8sy9hqyhg,Jeremy Stinat,Angers Sporting Club de l'Ouest,AS Monaco FC,L. Raolisoa,1,0,0,5,0,0,0,0,13,0,0,0,0,0,0
70,18 Oct 2025,,7t7yxocl9le4hipp8sy9hqyhg,Jeremy Stinat,Angers Sporting Club de l'Ouest,AS Monaco FC,J. Ekomié,0,0,0,1,0,0,0,0,6,0,0,0,0,2,0
70,18 Oct 2025,,7t7yxocl9le4hipp8sy9hqyhg,Jeremy Stinat,Angers Sporting Club de l'Ouest,AS Monaco FC,L. Machine,0,0,0,0,0,0,0,0,6,0,0,0,0,0,0
70,18 Oct 2025,,7t7yxocl9le4hipp8sy9hqyhg,Jeremy Stinat,Angers Sporting Club de l'Ouest,AS Monaco FC,D. Harouna,0,0,1,1,1,0,0,0,5,0,0,0,0,1,0
70,18 Oct 2025,,7t7yxocl9le4hipp8sy9hqyhg,Jeremy Stinat,Angers Sporting Club de l'Ouest,AS Monaco FC,K. Ouattara,0,1,2,3,1,3,0,0,25,0,0,1,0,0,0
70,18 Oct 2025,,7t7yxocl9le4hipp8sy9hqyhg,Jeremy Stinat,Angers Sporting Club de l'Ouest,AS Monaco FC,M. Coulibaly,0,0,0,0,3,3,0,0,65,0,0,0,0,6,0
70,18 Oct 2025,,7t7yxocl9le4hipp8sy9hqyhg,Jeremy Stinat,Angers Sporting Club de l'Ouest,AS Monaco FC,M. Salisu,0,0,0,0,3,0,0,0,108,0,0,1,0,2,1
70,18 Oct 2025,,7t7yxocl9le4hipp8sy9hqyhg,Jeremy Stinat,Angers Sporting Club de l'Ouest,AS Monaco FC,K. Diatta,0,0,0,3,0,1,0,0,43,0,0,1,0,4,0
70,18 Oct 2025,,7t7yxocl9le4hipp8sy9hqyhg,Jeremy Stinat,Angers Sporting Club de l'Ouest,AS Monaco FC,M. Akliouche,0,0,1,1,1,2,0,0,35,0,0,1,1,2,0
70,18 Oct 2025,,7t7yxocl9le4hipp8sy9hqyhg,Jeremy Stinat,Angers Sporting Club de l'Ouest,AS Monaco FC,J. Teze,0,0,0,2,2,1,0,0,39,0,0,1,0,0,1
70,18 Oct 2025,,7t7yxocl9le4hipp8sy9hqyhg,Jeremy Stinat,Angers Sporting Club de l'Ouest,AS Monaco FC,Caio Henrique,0,0,0,2,0,0,0,0,63,0,0,0,0,0,0
70,18 Oct 2025,,7t7yxocl9le4hipp8sy9hqyhg,Jeremy Stinat,Angers Sporting Club de l'Ouest,AS Monaco FC,T. Kehrer,0,0,0,0,0,2,0,0,101,0,0,1,1,4,0
70,18 Oct 2025,,7t7yxocl9le4hipp8sy9hqyhg,Jeremy Stinat,Angers Sporting Club de l'Ouest,AS Monaco FC,P. Köhn,0,0,0,0,0,1,0,0,35,0,2,0,0,0,0
70,18 Oct 2025,,7t7yxocl9le4hipp8sy9hqyhg,Jeremy Stinat,Angers Sporting Club de l'Ouest,AS Monaco FC,M. Biereth,0,1,0,0,2,0,0,0,14,0,0,1,0,0,0
70,18 Oct 2025,,7t7yxocl9le4hipp8sy9hqyhg,Jeremy Stinat,Angers Sporting Club de l'Ouest,AS Monaco FC,Ansu Fati,0,1,0,0,0,0,0,0,19,0,0,2,0,0,0
70,18 Oct 2025,,7t7yxocl9le4hipp8sy9hqyhg,Jeremy Stinat,Angers Sporting Club de l'Ouest,AS Monaco FC,F. Balogun,0,0,0,0,0,0,1,0,3,0,0,2,2,0,0
70,18 Oct 2025,,7t7yxocl9le4hipp8sy9hqyhg,Jeremy Stinat,Angers Sporting Club de l'Ouest,AS Monaco FC,T. Minamino,1,0,0,0,0,0,0,0,4,0,0,0,0,0,0
70,18 Oct 2025,,7t7yxocl9le4hipp8sy9hqyhg,Jeremy Stinat,Angers Sporting Club de l'Ouest,AS Monaco FC,S. Idumbo,0,0,0,0,2,1,0,0,6,0,0,0,0,0,0
70,18 Oct 2025,,7t7yxocl9le4hipp8sy9hqyhg,Jeremy Stinat,Angers Sporting Club de l'Ouest,AS Monaco FC,A. Bamba,0,0,0,0,0,0,0,0,7,0,0,0,0,0,0
70,18 Oct 2025,,7t7yxocl9le4hipp8sy9hqyhg,Jeremy Stinat,Angers Sporting Club de l'Ouest,AS Monaco FC,G. Ilenikhena,0,0,0,0,0,0,0,0,1,0,0,0,0,0,0
71,19 Oct 2025,,7tlbjk7fi973p87e8pgizgtuc,Thomas Léonard,FC Nantes,Lille OSC,K. Amian,0,0,0,1,3,0,0,0,28,0,0,0,0,2,0
71,19 Oct 2025,,7tlbjk7fi973p87e8pgizgtuc,Thomas Léonard,FC Nantes,Lille OSC,D. Tabibou,0,0,0,5,0,1,0,0,17,0,0,0,0,0,0
71,19 Oct 2025,,7tlbjk7fi973p87e8pgizgtuc,Thomas Léonard,FC Nantes,Lille OSC,C. Awaziem,0,0,1,0,2,0,0,0,50,0,0,1,1,1,1
71,19 Oct 2025,,7tlbjk7fi973p87e8pgizgtuc,Thomas Léonard,FC Nantes,Lille OSC,L. Leroux,0,0,0,4,0,0,0,0,27,0,0,0,0,0,0
71,19 Oct 2025,,7tlbjk7fi973p87e8pgizgtuc,Thomas Léonard,FC Nantes,Lille OSC,M. Abline,0,1,0,1,1,1,0,0,12,0,0,5,2,3,0
71,19 Oct 2025,,7tlbjk7fi973p87e8pgizgtuc,Thomas Léonard,FC Nantes,Lille OSC,J. Mwanga,0,0,0,0,2,1,0,0,19,0,0,0,0,3,0
71,19 Oct 2025,,7tlbjk7fi973p87e8pgizgtuc,Thomas Léonard,FC Nantes,Lille OSC,Anthony Lopes,0,0,0,0,0,1,0,0,34,0,3,0,0,0,0
71,19 Oct 2025,,7tlbjk7fi973p87e8pgizgtuc,Thomas Léonard,FC Nantes,Lille OSC,T. Tati,0,0,0,1,0,1,0,0,45,0,0,0,0,2,0
71,19 Oct 2025,,7tlbjk7fi973p87e8pgizgtuc,Thomas Léonard,FC Nantes,Lille OSC,H. Guirassy,0,0,1,4,0,0,0,0,18,0,0,0,0,1,0
71,19 Oct 2025,,7tlbjk7fi973p87e8pgizgtuc,Thomas Léonard,FC Nantes,Lille OSC,Kwon Hyeok-Kyu,0,1,0,0,1,4,0,0,14,0,0,2,0,2,0
71,19 Oct 2025,,7tlbjk7fi973p87e8pgizgtuc,Thomas Léonard,FC Nantes,Lille OSC,Mostafa Mohamed,0,0,1,1,1,0,0,0,4,0,0,0,0,1,0
71,19 Oct 2025,,7tlbjk7fi973p87e8pgizgtuc,Thomas Léonard,FC Nantes,Lille OSC,Y. Benhattab,0,0,1,4,0,2,0,0,11,0,0,0,0,2,0
71,19 Oct 2025,,7tlbjk7fi973p87e8pgizgtuc,Thomas Léonard,FC Nantes,Lille OSC,Y. El-Arabi,0,0,0,0,0,1,0,0,6,0,0,0,0,0,0
71,19 Oct 2025,,7tlbjk7fi973p87e8pgizgtuc,Thomas Léonard,FC Nantes,Lille OSC,B. Deuff,0,0,1,0,1,1,0,0,7,0,0,0,0,0,0
71,19 Oct 2025,,7tlbjk7fi973p87e8pgizgtuc,Thomas Léonard,FC Nantes,Lille OSC,U. Radaković,0,0,0,0,1,0,0,0,3,0,0,0,0,0,0
71,19 Oct 2025,,7tlbjk7fi973p87e8pgizgtuc,Thomas Léonard,FC Nantes,Lille OSC,H. Haraldsson,0,0,1,2,5,1,1,0,48,0,0,3,1,2,0
71,19 Oct 2025,,7tlbjk7fi973p87e8pgizgtuc,Thomas Léonard,FC Nantes,Lille OSC,B. Özer,0,0,0,0,0,2,0,0,48,0,2,0,0,0,0
71,19 Oct 2025,,7tlbjk7fi973p87e8pgizgtuc,Thomas Léonard,FC Nantes,Lille OSC,B. André,0,0,0,0,1,1,0,0,67,0,0,2,0,2,1
71,19 Oct 2025,,7tlbjk7fi973p87e8pgizgtuc,Thomas Léonard,FC Nantes,Lille OSC,Matías Fernández,0,3,4,3,1,2,0,0,34,0,0,6,3,1,0
71,19 Oct 2025,,7tlbjk7fi973p87e8pgizgtuc,Thomas Léonard,FC Nantes,Lille OSC,R. Perraud,0,1,3,7,1,1,0,0,51,0,0,2,0,1,1
71,19 Oct 2025,,7tlbjk7fi973p87e8pgizgtuc,Thomas Léonard,FC Nantes,Lille OSC,Félix Correia,0,1,0,7,0,0,0,0,39,0,0,1,0,1,0
71,19 Oct 2025,,7tlbjk7fi973p87e8pgizgtuc,Thomas Léonard,FC Nantes,Lille OSC,A. Bouaddi,0,1,0,0,2,2,0,0,32,0,0,2,0,0,1
71,19 Oct 2025,,7tlbjk7fi973p87e8pgizgtuc,Thomas Léonard,FC Nantes,Lille OSC,C. Mbemba,0,0,0,0,0,2,0,0,60,0,0,0,0,4,0
71,19 Oct 2025,,7tlbjk7fi973p87e8pgizgtuc,Thomas Léonard,FC Nantes,Lille OSC,T. Meunier,0,0,1,5,1,0,0,0,38,0,0,1,0,0,1
71,19 Oct 2025,,7tlbjk7fi973p87e8pgizgtuc,Thomas Léonard,FC Nantes,Lille OSC,A. Mandi,0,1,0,0,0,0,0,0,75,0,0,1,0,1,0
71,19 Oct 2025,,7tlbjk7fi973p87e8pgizgtuc,Thomas Léonard,FC Nantes,Lille OSC,O. Giroud,1,0,0,0,2,0,0,0,22,0,0,2,0,1,0
71,19 Oct 2025,,7tlbjk7fi973p87e8pgizgtuc,Thomas Léonard,FC Nantes,Lille OSC,H. Igamane,0,0,0,0,0,0,1,0,8,0,0,2,1,1,0
71,19 Oct 2025,,7tlbjk7fi973p87e8pgizgtuc,Thomas Léonard,FC Nantes,Lille OSC,C. Verdonk,0,0,0,0,1,0,0,0,4,0,0,0,0,0,0
71,19 Oct 2025,,7tlbjk7fi973p87e8pgizgtuc,Thomas Léonard,FC Nantes,Lille OSC,O. Sahraoui,1,0,0,0,0,1,0,0,3,0,0,0,0,0,0
71,19 Oct 2025,,7tlbjk7fi973p87e8pgizgtuc,Thomas Léonard,FC Nantes,Lille OSC,André Gomes,0,0,0,0,1,0,0,0,2,0,0,0,0,0,0
71,19 Oct 2025,,7tlbjk7fi973p87e8pgizgtuc,Thomas Léonard,FC Nantes,Lille OSC,E. Mbappé,0,1,0,0,0,0,0,0,0,0,0,1,0,0,0
72,19 Oct 2025,,7tyy0bjxwgzgrr2s7lnn698no,Eric Wattellier,Stade Rennais FC,Association Jeunesse Auxerroise,E. Lepaul,1,1,1,1,1,0,0,0,22,0,0,4,1,2,0
72,19 Oct 2025,,7tyy0bjxwgzgrr2s7lnn698no,Eric Wattellier,Stade Rennais FC,Association Jeunesse Auxerroise,M. Camara,0,0,0,2,0,3,0,0,31,0,0,1,1,4,0
72,19 Oct 2025,,7tyy0bjxwgzgrr2s7lnn698no,Eric Wattellier,Stade Rennais FC,Association Jeunesse Auxerroise,J. Jacquet,0,0,1,0,2,1,0,0,58,0,0,1,0,3,0
72,19 Oct 2025,,7tyy0bjxwgzgrr2s7lnn698no,Eric Wattellier,Stade Rennais FC,Association Jeunesse Auxerroise,Q. Merlin,0,0,0,4,1,2,0,0,43,0,0,0,0,1,0
72,19 Oct 2025,,7tyy0bjxwgzgrr2s7lnn698no,Eric Wattellier,Stade Rennais FC,Association Jeunesse Auxerroise,V. Rongier,0,1,0,0,1,0,0,0,63,0,0,1,0,2,0
72,19 Oct 2025,,7tyy0bjxwgzgrr2s7lnn698no,Eric Wattellier,Stade Rennais FC,Association Jeunesse Auxerroise,S. Fofana,0,1,0,1,1,3,1,0,29,0,0,3,1,1,0
72,19 Oct 2025,,7tyy0bjxwgzgrr2s7lnn698no,Eric Wattellier,Stade Rennais FC,Association Jeunesse Auxerroise,A. Rouault,0,2,0,0,2,0,0,0,43,0,0,2,0,0,1
72,19 Oct 2025,,7tyy0bjxwgzgrr2s7lnn698no,Eric Wattellier,Stade Rennais FC,Association Jeunesse Auxerroise,A. Seidu,0,0,0,1,0,1,0,0,48,0,0,0,0,8,0
72,19 Oct 2025,,7tyy0bjxwgzgrr2s7lnn698no,Eric Wattellier,Stade Rennais FC,Association Jeunesse Auxerroise,L. Blas,1,1,2,7,0,3,0,0,33,0,0,3,1,0,0
72,19 Oct 2025,,7tyy0bjxwgzgrr2s7lnn698no,Eric Wattellier,Stade Rennais FC,Association Jeunesse Auxerroise,B. Embolo,0,0,1,0,2,0,1,2,19,0,0,4,3,1,0
72,19 Oct 2025,,7tyy0bjxwgzgrr2s7lnn698no,Eric Wattellier,Stade Rennais FC,Association Jeunesse Auxerroise,B. Samba,0,0,0,0,0,0,0,0,20,0,2,0,0,1,0
72,19 Oct 2025,,7tyy0bjxwgzgrr2s7lnn698no,Eric Wattellier,Stade Rennais FC,Association Jeunesse Auxerroise,M. Meïté,0,0,1,0,0,1,0,0,4,0,0,0,0,0,0
72,19 Oct 2025,,7tyy0bjxwgzgrr2s7lnn698no,Eric Wattellier,Stade Rennais FC,Association Jeunesse Auxerroise,Mousa Tamari,0,0,0,1,1,1,0,0,5,0,0,0,0,0,0
72,19 Oct 2025,,7tyy0bjxwgzgrr2s7lnn698no,Eric Wattellier,Stade Rennais FC,Association Jeunesse Auxerroise,J. Casimir,0,0,0,2,1,1,0,0,23,0,0,0,0,2,1
72,19 Oct 2025,,7tyy0bjxwgzgrr2s7lnn698no,Eric Wattellier,Stade Rennais FC,Association Jeunesse Auxerroise,D. Léon,0,0,0,0,0,0,0,0,32,0,5,0,0,0,0
72,19 Oct 2025,,7tyy0bjxwgzgrr2s7lnn698no,Eric Wattellier,Stade Rennais FC,Association Jeunesse Auxerroise,C. Akpa,0,0,0,1,1,1,0,0,58,0,0,0,0,3,1
72,19 Oct 2025,,7tyy0bjxwgzgrr2s7lnn698no,Eric Wattellier,Stade Rennais FC,Association Jeunesse Auxerroise,I. Osman,0,1,1,0,0,2,0,0,17,0,0,2,0,1,0
72,19 Oct 2025,,7tyy0bjxwgzgrr2s7lnn698no,Eric Wattellier,Stade Rennais FC,Association Jeunesse Auxerroise,M. Senaya,0,0,0,1,1,1,0,0,44,0,0,0,0,1,0
72,19 Oct 2025,,7tyy0bjxwgzgrr2s7lnn698no,Eric Wattellier,Stade Rennais FC,Association Jeunesse Auxerroise,O. El Azzouzi,0,0,0,0,2,1,0,0,38,0,0,0,0,4,0
72,19 Oct 2025,,7tyy0bjxwgzgrr2s7lnn698no,Eric Wattellier,Stade Rennais FC,Association Jeunesse Auxerroise,G. Mensah,0,0,1,4,3,1,0,1,39,0,0,0,0,4,0
72,19 Oct 2025,,7tyy0bjxwgzgrr2s7lnn698no,Eric Wattellier,Stade Rennais FC,Association Jeunesse Auxerroise,D. Namaso,0,0,0,1,4,1,1,1,22,0,0,1,1,1,0
72,19 Oct 2025,,7tyy0bjxwgzgrr2s7lnn698no,Eric Wattellier,Stade Rennais FC,Association Jeunesse Auxerroise,K. Danois,0,0,0,0,0,0,0,0,31,0,0,0,0,0,0
72,19 Oct 2025,,7tyy0bjxwgzgrr2s7lnn698no,Eric Wattellier,Stade Rennais FC,Association Jeunesse Auxerroise,L. Sinayoko,0,0,1,2,0,2,1,0,27,0,0,3,3,1,0
72,19 Oct 2025,,7tyy0bjxwgzgrr2s7lnn698no,Eric Wattellier,Stade Rennais FC,Association Jeunesse Auxerroise,F. Sierralta,0,0,0,0,0,0,0,0,34,0,0,0,0,1,0
72,19 Oct 2025,,7tyy0bjxwgzgrr2s7lnn698no,Eric Wattellier,Stade Rennais FC,Association Jeunesse Auxerroise,S. Mara,0,0,0,0,0,1,0,0,9,0,0,0,0,0,0
72,19 Oct 2025,,7tyy0bjxwgzgrr2s7lnn698no,Eric Wattellier,Stade Rennais FC,Association Jeunesse Auxerroise,L. Coulibaly,0,0,0,0,0,0,0,0,6,0,0,0,0,1,0
72,19 Oct 2025,,7tyy0bjxwgzgrr2s7lnn698no,Eric Wattellier,Stade Rennais FC,Association Jeunesse Auxerroise,E. Owusu,0,0,0,0,0,0,0,0,7,0,0,0,0,1,0
72,19 Oct 2025,,7tyy0bjxwgzgrr2s7lnn698no,Eric Wattellier,Stade Rennais FC,Association Jeunesse Auxerroise,A. Dioussé,0,0,0,0,3,0,0,0,8,0,0,1,0,0,1
73,26 Oct 2025,,7uez0go2lksfpxv0envcy2txw,Eric Wattellier,Olympique Lyonnais,RC Strasbourg Alsace,P. Šulc,0,0,0,0,3,1,0,1,8,0,0,2,1,1,0
73,26 Oct 2025,,7uez0go2lksfpxv0envcy2txw,Eric Wattellier,Olympique Lyonnais,RC Strasbourg Alsace,T. Tessmann,0,0,0,1,0,0,0,0,43,0,0,0,0,1,0
73,26 Oct 2025,,7uez0go2lksfpxv0envcy2txw,Eric Wattellier,Olympique Lyonnais,RC Strasbourg Alsace,N. Tagliafico,0,0,0,0,3,6,0,0,27,0,0,0,0,1,0
73,26 Oct 2025,,7uez0go2lksfpxv0envcy2txw,Eric Wattellier,Olympique Lyonnais,RC Strasbourg Alsace,Clinton Mata,0,0,0,1,2,0,0,0,51,0,0,0,0,0,0
73,26 Oct 2025,,7uez0go2lksfpxv0envcy2txw,Eric Wattellier,Olympique Lyonnais,RC Strasbourg Alsace,A. Maitland-Niles,0,0,0,1,2,1,0,0,34,0,0,0,0,0,0
73,26 Oct 2025,,7uez0go2lksfpxv0envcy2txw,Eric Wattellier,Olympique Lyonnais,RC Strasbourg Alsace,A. Karabec,0,0,1,4,0,0,0,0,14,0,0,0,0,0,0
73,26 Oct 2025,,7uez0go2lksfpxv0envcy2txw,Eric Wattellier,Olympique Lyonnais,RC Strasbourg Alsace,D. Greif,0,0,0,0,0,1,0,0,32,0,1,0,0,0,0
73,26 Oct 2025,,7uez0go2lksfpxv0envcy2txw,Eric Wattellier,Olympique Lyonnais,RC Strasbourg Alsace,M. Niakhaté,1,0,0,0,1,1,0,0,69,0,0,0,0,2,0
73,26 Oct 2025,,7uez0go2lksfpxv0envcy2txw,Eric Wattellier,Olympique Lyonnais,RC Strasbourg Alsace,T. Morton,0,0,0,3,1,0,0,0,38,0,0,0,0,4,0
73,26 Oct 2025,,7uez0go2lksfpxv0envcy2txw,Eric Wattellier,Olympique Lyonnais,RC Strasbourg Alsace,C. Tolisso,0,0,1,1,2,4,0,0,30,0,0,1,1,2,0
73,26 Oct 2025,,7uez0go2lksfpxv0envcy2txw,Eric Wattellier,Olympique Lyonnais,RC Strasbourg Alsace,M. Fofana,0,1,1,1,0,2,0,0,17,0,0,1,0,3,0
73,26 Oct 2025,,7uez0go2lksfpxv0envcy2txw,Eric Wattellier,Olympique Lyonnais,RC Strasbourg Alsace,Afonso Moreira,0,1,1,5,0,2,1,0,12,0,0,2,1,0,0
73,26 Oct 2025,,7uez0go2lksfpxv0envcy2txw,Eric Wattellier,Olympique Lyonnais,RC Strasbourg Alsace,R. Ghezzal,0,1,0,1,1,0,0,0,5,0,0,1,0,1,0
73,26 Oct 2025,,7uez0go2lksfpxv0envcy2txw,Eric Wattellier,Olympique Lyonnais,RC Strasbourg Alsace,M. Satriano,0,0,0,0,0,0,0,1,5,0,0,1,0,0,0
73,26 Oct 2025,,7uez0go2lksfpxv0envcy2txw,Eric Wattellier,Olympique Lyonnais,RC Strasbourg Alsace,Mathys de Carvalho Soares,0,0,0,0,0,0,0,0,0,0,0,0,0,0,0
73,26 Oct 2025,,7uez0go2lksfpxv0envcy2txw,Eric Wattellier,Olympique Lyonnais,RC Strasbourg Alsace,M. Penders,0,0,0,0,0,0,0,0,61,0,2,0,0,0,0
73,26 Oct 2025,,7uez0go2lksfpxv0envcy2txw,Eric Wattellier,Olympique Lyonnais,RC Strasbourg Alsace,J. Panichelli,0,0,1,0,3,1,1,1,27,0,0,1,1,1,0
73,26 Oct 2025,,7uez0go2lksfpxv0envcy2txw,Eric Wattellier,Olympique Lyonnais,RC Strasbourg Alsace,M. Sarr,0,0,0,0,2,2,0,0,73,0,0,0,0,0,1
73,26 Oct 2025,,7uez0go2lksfpxv0envcy2txw,Eric Wattellier,Olympique Lyonnais,RC Strasbourg Alsace,L. Høgsberg,0,0,0,0,0,1,0,0,47,0,0,0,0,1,0
73,26 Oct 2025,,7uez0go2lksfpxv0envcy2txw,Eric Wattellier,Olympique Lyonnais,RC Strasbourg Alsace,I. Doukouré,0,0,0,0,1,0,0,0,38,1,0,0,0,0,0
73,26 Oct 2025,,7uez0go2lksfpxv0envcy2txw,Eric Wattellier,Olympique Lyonnais,RC Strasbourg Alsace,G. Doué,1,0,0,1,5,3,0,0,24,0,0,0,0,1,1
73,26 Oct 2025,,7uez0go2lksfpxv0envcy2txw,Eric Wattellier,Olympique Lyonnais,RC Strasbourg Alsace,A. Ouattara,0,1,0,1,1,1,0,0,17,0,0,2,0,1,0
73,26 Oct 2025,,7uez0go2lksfpxv0envcy2txw,Eric Wattellier,Olympique Lyonnais,RC Strasbourg Alsace,D. Moreira,0,0,0,3,2,1,0,0,32,0,0,1,0,1,1
73,26 Oct 2025,,7uez0go2lksfpxv0envcy2txw,Eric Wattellier,Olympique Lyonnais,RC Strasbourg Alsace,V. Barco,0,0,1,1,1,3,0,0,45,0,0,0,0,1,0
73,26 Oct 2025,,7uez0go2lksfpxv0envcy2txw,Eric Wattellier,Olympique Lyonnais,RC Strasbourg Alsace,S. El Mourabet,0,0,0,0,2,0,0,0,35,0,0,0,0,1,0
73,26 Oct 2025,,7uez0go2lksfpxv0envcy2txw,Eric Wattellier,Olympique Lyonnais,RC Strasbourg Alsace,J. Enciso,0,1,0,1,1,1,0,0,30,0,0,3,1,0,0
73,26 Oct 2025,,7uez0go2lksfpxv0envcy2txw,Eric Wattellier,Olympique Lyonnais,RC Strasbourg Alsace,A. Omobamidele,0,0,0,0,0,0,0,0,1,0,0,0,0,1,0
73,26 Oct 2025,,7uez0go2lksfpxv0envcy2txw,Eric Wattellier,Olympique Lyonnais,RC Strasbourg Alsace,F. Lemaréchal,0,0,0,1,1,0,0,0,4,0,0,0,0,0,1
73,26 Oct 2025,,7uez0go2lksfpxv0envcy2txw,Eric Wattellier,Olympique Lyonnais,RC Strasbourg Alsace,Ray Kendry Páez Andrade,0,0,0,0,0,0,0,0,0,0,0,0,0,0,0
73,26 Oct 2025,,7uez0go2lksfpxv0envcy2txw,Eric Wattellier,Olympique Lyonnais,RC Strasbourg Alsace,Becket Fabrice-Martial Godo,0,0,0,0,0,0,0,0,0,0,0,0,0,0,0
74,26 Oct 2025,,7us1vqvgfpe349hpapkp42g44,Benoît Bastien,Angers Sporting Club de l'Ouest,FC Lorient,H. Abdelli,0,1,1,0,1,0,0,0,50,0,0,1,0,4,0
74,26 Oct 2025,,7us1vqvgfpe349hpapkp42g44,Benoît Bastien,Angers Sporting Club de l'Ouest,FC Lorient,J. Lefort,0,0,0,0,2,0,0,0,45,0,0,0,0,0,1
74,26 Oct 2025,,7us1vqvgfpe349hpapkp42g44,Benoît Bastien,Angers Sporting Club de l'Ouest,FC Lorient,Y. Belkhdim,1,0,0,0,2,1,0,0,23,0,0,0,0,2,0
74,26 Oct 2025,,7us1vqvgfpe349hpapkp42g44,Benoît Bastien,Angers Sporting Club de l'Ouest,FC Lorient,C. Arcus,0,0,0,0,1,0,0,0,37,0,0,0,0,0,0
74,26 Oct 2025,,7us1vqvgfpe349hpapkp42g44,Benoît Bastien,Angers Sporting Club de l'Ouest,FC Lorient,O. Camara,0,0,0,0,1,0,0,0,38,0,0,0,0,0,0
74,26 Oct 2025,,7us1vqvgfpe349hpapkp42g44,Benoît Bastien,Angers Sporting Club de l'Ouest,FC Lorient,H. Belkebla,0,0,0,0,0,1,0,0,31,0,0,0,0,3,0
74,26 Oct 2025,,7us1vqvgfpe349hpapkp42g44,Benoît Bastien,Angers Sporting Club de l'Ouest,FC Lorient,F. Hanin,0,0,0,1,2,1,0,0,41,0,0,0,0,1,0
74,26 Oct 2025,,7us1vqvgfpe349hpapkp42g44,Benoît Bastien,Angers Sporting Club de l'Ouest,FC Lorient,H. Koffi,0,0,0,0,0,1,0,0,34,0,4,0,0,0,0
74,26 Oct 2025,,7us1vqvgfpe349hpapkp42g44,Benoît Bastien,Angers Sporting Club de l'Ouest,FC Lorient,L. Mouton,0,0,0,0,0,0,0,0,24,0,0,0,0,3,0
74,26 Oct 2025,,7us1vqvgfpe349hpapkp42g44,Benoît Bastien,Angers Sporting Club de l'Ouest,FC Lorient,A. Sbaï,1,0,0,1,0,0,0,0,19,0,0,2,2,0,0
74,26 Oct 2025,,7us1vqvgfpe349hpapkp42g44,Benoît Bastien,Angers Sporting Club de l'Ouest,FC Lorient,P. Peter,0,0,0,0,2,0,1,0,1,0,0,1,1,0,0
74,26 Oct 2025,,7us1vqvgfpe349hpapkp42g44,Benoît Bastien,Angers Sporting Club de l'Ouest,FC Lorient,S. Cherif,0,0,0,0,2,1,1,0,12,0,0,1,1,0,0
74,26 Oct 2025,,7us1vqvgfpe349hpapkp42g44,Benoît Bastien,Angers Sporting Club de l'Ouest,FC Lorient,L. Machine,0,0,0,0,1,0,0,0,8,0,0,1,0,0,0
74,26 Oct 2025,,7us1vqvgfpe349hpapkp42g44,Benoît Bastien,Angers Sporting Club de l'Ouest,FC Lorient,L. Raolisoa,0,1,0,0,0,0,0,0,12,0,0,1,0,2,0
74,26 Oct 2025,,7us1vqvgfpe349hpapkp42g44,Benoît Bastien,Angers Sporting Club de l'Ouest,FC Lorient,M. Courcoul,0,0,0,0,0,0,0,0,2,0,0,0,0,1,0
74,26 Oct 2025,,7us1vqvgfpe349hpapkp42g44,Benoît Bastien,Angers Sporting Club de l'Ouest,FC Lorient,J. Ekomié,0,0,0,0,0,0,0,0,3,0,0,0,0,0,0
74,26 Oct 2025,,7us1vqvgfpe349hpapkp42g44,Benoît Bastien,Angers Sporting Club de l'Ouest,FC Lorient,A. Kouassi,0,0,1,4,1,1,0,0,40,0,0,1,0,1,0
74,26 Oct 2025,,7us1vqvgfpe349hpapkp42g44,Benoît Bastien,Angers Sporting Club de l'Ouest,FC Lorient,D. Yongwa,0,2,0,3,0,1,0,0,86,0,0,3,0,2,0
74,26 Oct 2025,,7us1vqvgfpe349hpapkp42g44,Benoît Bastien,Angers Sporting Club de l'Ouest,FC Lorient,P. Pagis,0,1,1,7,0,0,0,0,21,0,0,2,0,1,0
74,26 Oct 2025,,7us1vqvgfpe349hpapkp42g44,Benoît Bastien,Angers Sporting Club de l'Ouest,FC Lorient,L. Abergel,0,2,0,0,1,0,0,0,75,0,0,2,0,1,0
74,26 Oct 2025,,7us1vqvgfpe349hpapkp42g44,Benoît Bastien,Angers Sporting Club de l'Ouest,FC Lorient,J. Makengo,0,2,2,1,0,2,0,0,25,0,0,3,1,0,0
74,26 Oct 2025,,7us1vqvgfpe349hpapkp42g44,Benoît Bastien,Angers Sporting Club de l'Ouest,FC Lorient,Y. Mvogo,0,0,0,0,0,0,0,0,49,0,2,0,0,0,0
74,26 Oct 2025,,7us1vqvgfpe349hpapkp42g44,Benoît Bastien,Angers Sporting Club de l'Ouest,FC Lorient,M. Talbi,0,1,0,0,0,1,0,0,78,0,0,1,0,1,0
74,26 Oct 2025,,7us1vqvgfpe349hpapkp42g44,Benoît Bastien,Angers Sporting Club de l'Ouest,FC Lorient,B. Meïté,0,0,0,0,0,0,0,0,42,0,0,0,0,0,0
74,26 Oct 2025,,7us1vqvgfpe349hpapkp42g44,Benoît Bastien,Angers Sporting Club de l'Ouest,FC Lorient,A. Avom,0,2,1,2,1,2,0,0,72,0,0,3,0,5,0
74,26 Oct 2025,,7us1vqvgfpe349hpapkp42g44,Benoît Bastien,Angers Sporting Club de l'Ouest,FC Lorient,T. Le Bris,0,0,0,9,1,1,0,0,48,0,0,2,0,2,0
74,26 Oct 2025,,7us1vqvgfpe349hpapkp42g44,Benoît Bastien,Angers Sporting Club de l'Ouest,FC Lorient,A. Tosin,0,0,0,0,1,1,0,0,7,0,0,1,1,0,0
74,26 Oct 2025,,7us1vqvgfpe349hpapkp42g44,Benoît Bastien,Angers Sporting Club de l'Ouest,FC Lorient,Igor Silva,0,0,1,3,0,0,0,0,31,0,0,0,0,2,0
74,26 Oct 2025,,7us1vqvgfpe349hpapkp42g44,Benoît Bastien,Angers Sporting Club de l'Ouest,FC Lorient,S. Soumano,0,1,0,0,0,0,0,1,6,0,0,1,0,1,0
74,26 Oct 2025,,7us1vqvgfpe349hpapkp42g44,Benoît Bastien,Angers Sporting Club de l'Ouest,FC Lorient,D. Karim,0,0,0,0,1,1,0,0,16,0,0,1,0,0,0
74,26 Oct 2025,,7us1vqvgfpe349hpapkp42g44,Benoît Bastien,Angers Sporting Club de l'Ouest,FC Lorient,M. Bamba,0,0,0,1,0,1,0,0,9,0,0,2,1,0,0
74,26 Oct 2025,,7us1vqvgfpe349hpapkp42g44,Benoît Bastien,Angers Sporting Club de l'Ouest,FC Lorient,N. Cadiou,0,0,0,1,0,1,0,0,11,0,0,1,1,1,0
75,25 Oct 2025,,7v573renz2sz5kijdwya246xg,Guillaume Paradis,AS Monaco FC,Toulouse FC,F. Balogun,0,0,0,0,3,2,0,0,9,0,0,2,1,1,0
75,25 Oct 2025,,7v573renz2sz5kijdwya246xg,Guillaume Paradis,AS Monaco FC,Toulouse FC,M. Coulibaly,0,0,0,0,1,0,0,0,27,0,0,0,0,0,1
75,25 Oct 2025,,7v573renz2sz5kijdwya246xg,Guillaume Paradis,AS Monaco FC,Toulouse FC,K. Diatta,0,0,0,1,1,0,0,0,33,0,0,0,0,5,0
75,25 Oct 2025,,7v573renz2sz5kijdwya246xg,Guillaume Paradis,AS Monaco FC,Toulouse FC,T. Kehrer,0,0,0,0,3,5,0,0,49,0,0,1,0,7,1
75,25 Oct 2025,,7v573renz2sz5kijdwya246xg,Guillaume Paradis,AS Monaco FC,Toulouse FC,M. Salisu,0,0,0,0,1,0,1,0,64,0,0,1,1,2,0
75,25 Oct 2025,,7v573renz2sz5kijdwya246xg,Guillaume Paradis,AS Monaco FC,Toulouse FC,T. Minamino,0,3,0,0,0,2,0,0,20,0,0,3,0,0,0
75,25 Oct 2025,,7v573renz2sz5kijdwya246xg,Guillaume Paradis,AS Monaco FC,Toulouse FC,A. Golovin,0,0,0,1,2,1,0,0,27,0,0,0,0,1,1
75,25 Oct 2025,,7v573renz2sz5kijdwya246xg,Guillaume Paradis,AS Monaco FC,Toulouse FC,K. Ouattara,1,1,1,5,1,0,0,0,47,0,0,2,0,2,0
75,25 Oct 2025,,7v573renz2sz5kijdwya246xg,Guillaume Paradis,AS Monaco FC,Toulouse FC,C. Mawissa,0,0,0,0,1,2,0,0,58,0,0,0,0,2,0
75,25 Oct 2025,,7v573renz2sz5kijdwya246xg,Guillaume Paradis,AS Monaco FC,Toulouse FC,Ansu Fati,0,0,0,1,0,2,0,0,11,0,0,2,1,0,0
75,25 Oct 2025,,7v573renz2sz5kijdwya246xg,Guillaume Paradis,AS Monaco FC,Toulouse FC,P. Köhn,0,0,0,0,0,0,0,0,35,0,2,0,0,0,0
75,25 Oct 2025,,7v573renz2sz5kijdwya246xg,Guillaume Paradis,AS Monaco FC,Toulouse FC,J. Teze,0,0,0,1,0,2,0,0,17,0,0,0,0,1,0
75,25 Oct 2025,,7v573renz2sz5kijdwya246xg,Guillaume Paradis,AS Monaco FC,Toulouse FC,G. Ilenikhena,0,1,1,0,0,2,0,0,3,0,0,2,1,0,0
75,25 Oct 2025,,7v573renz2sz5kijdwya246xg,Guillaume Paradis,AS Monaco FC,Toulouse FC,M. Akliouche,0,0,0,0,2,0,0,0,9,0,0,0,0,1,0
75,25 Oct 2025,,7v573renz2sz5kijdwya246xg,Guillaume Paradis,AS Monaco FC,Toulouse FC,P. Cabral,0,0,0,0,0,0,0,0,9,0,0,1,1,1,0
75,25 Oct 2025,,7v573renz2sz5kijdwya246xg,Guillaume Paradis,AS Monaco FC,Toulouse FC,C. Cásseres,0,0,0,3,2,1,0,0,37,0,0,0,0,0,0
75,25 Oct 2025,,7v573renz2sz5kijdwya246xg,Guillaume Paradis,AS Monaco FC,Toulouse FC,A. Francis,0,0,0,0,2,0,0,0,25,0,0,0,0,2,1
75,25 Oct 2025,,7v573renz2sz5kijdwya246xg,Guillaume Paradis,AS Monaco FC,Toulouse FC,R. Nicolaisen,0,0,0,0,2,0,0,0,30,0,0,1,0,1,0
75,25 Oct 2025,,7v573renz2sz5kijdwya246xg,Guillaume Paradis,AS Monaco FC,Toulouse FC,C. Cresswell,0,0,0,0,2,2,0,0,38,0,0,2,0,0,1
75,25 Oct 2025,,7v573renz2sz5kijdwya246xg,Guillaume Paradis,AS Monaco FC,Toulouse FC,F. Magri,0,0,1,2,2,3,0,0,18,0,0,0,0,0,0
75,25 Oct 2025,,7v573renz2sz5kijdwya246xg,Guillaume Paradis,AS Monaco FC,Toulouse FC,A. Dønnum,0,1,0,5,1,4,0,0,34,0,0,1,0,3,0
75,25 Oct 2025,,7v573renz2sz5kijdwya246xg,Guillaume Paradis,AS Monaco FC,Toulouse FC,D. Méthalie,0,0,1,3,1,1,0,0,23,0,0,0,0,1,1
75,25 Oct 2025,,7v573renz2sz5kijdwya246xg,Guillaume Paradis,AS Monaco FC,Toulouse FC,G. Restes,0,0,0,0,0,0,0,0,29,0,4,0,0,0,0
75,25 Oct 2025,,7v573renz2sz5kijdwya246xg,Guillaume Paradis,AS Monaco FC,Toulouse FC,Emersonn,0,0,0,1,3,0,0,0,13,0,0,1,0,2,1
75,25 Oct 2025,,7v573renz2sz5kijdwya246xg,Guillaume Paradis,AS Monaco FC,Toulouse FC,Y. Gboho,0,1,1,2,1,4,0,0,27,0,0,3,2,1,0
75,25 Oct 2025,,7v573renz2sz5kijdwya246xg,Guillaume Paradis,AS Monaco FC,Toulouse FC,M. McKenzie,0,0,1,0,1,0,0,0,47,0,0,0,0,1,0
75,25 Oct 2025,,7v573renz2sz5kijdwya246xg,Guillaume Paradis,AS Monaco FC,Toulouse FC,A. Vossah,0,0,0,1,0,0,0,0,11,0,0,1,0,1,0
75,25 Oct 2025,,7v573renz2sz5kijdwya246xg,Guillaume Paradis,AS Monaco FC,Toulouse FC,S. Hidalgo,0,0,0,0,0,0,0,0,5,0,0,0,0,1,0
75,25 Oct 2025,,7v573renz2sz5kijdwya246xg,Guillaume Paradis,AS Monaco FC,Toulouse FC,D. Sidibé,0,0,0,0,0,0,0,0,4,0,0,0,0,0,0
75,25 Oct 2025,,7v573renz2sz5kijdwya246xg,Guillaume Paradis,AS Monaco FC,Toulouse FC,W. Kamanzi,0,0,0,1,1,0,0,0,5,0,0,0,0,0,0
75,25 Oct 2025,,7v573renz2sz5kijdwya246xg,Guillaume Paradis,AS Monaco FC,Toulouse FC,M. Sauer,0,1,1,0,0,0,0,0,4,0,0,1,0,1,0
46,26 Sep 2025,,7k9jcd1dxbz7xnp5qbhjbqiac,Jérémie Pignard,RC Strasbourg Alsace,Olympique de Marseille,L. Høgsberg,0,0,0,0,2,2,0,0,46,0,0,0,0,2,0
46,26 Sep 2025,,7k9jcd1dxbz7xnp5qbhjbqiac,Jérémie Pignard,RC Strasbourg Alsace,Olympique de Marseille,G. Doué,0,0,0,3,1,2,0,0,11,0,0,0,0,1,0
46,26 Sep 2025,,7k9jcd1dxbz7xnp5qbhjbqiac,Jérémie Pignard,RC Strasbourg Alsace,Olympique de Marseille,M. Penders,0,0,0,0,0,0,0,0,40,0,7,0,0,0,0
46,26 Sep 2025,,7k9jcd1dxbz7xnp5qbhjbqiac,Jérémie Pignard,RC Strasbourg Alsace,Olympique de Marseille,I. Doukouré,0,0,1,0,0,1,0,0,53,0,0,0,0,4,0
46,26 Sep 2025,,7k9jcd1dxbz7xnp5qbhjbqiac,Jérémie Pignard,RC Strasbourg Alsace,Olympique de Marseille,V. Barco,0,0,1,2,0,3,0,0,50,0,0,1,0,3,0
46,26 Sep 2025,,7k9jcd1dxbz7xnp5qbhjbqiac,Jérémie Pignard,RC Strasbourg Alsace,Olympique de Marseille,F. Lemaréchal,0,0,0,1,0,0,0,0,15,0,0,0,0,1,0
46,26 Sep 2025,,7k9jcd1dxbz7xnp5qbhjbqiac,Jérémie Pignard,RC Strasbourg Alsace,Olympique de Marseille,B. Chilwell,0,0,0,0,1,3,0,0,38,0,0,0,0,0,0
46,26 Sep 2025,,7k9jcd1dxbz7xnp5qbhjbqiac,Jérémie Pignard,RC Strasbourg Alsace,Olympique de Marseille,M. Sarr,0,0,0,0,1,0,0,0,38,0,0,0,0,1,0
46,26 Sep 2025,,7k9jcd1dxbz7xnp5qbhjbqiac,Jérémie Pignard,RC Strasbourg Alsace,Olympique de Marseille,D. Moreira,0,1,2,4,1,1,0,0,26,0,0,1,0,0,0
46,26 Sep 2025,,7k9jcd1dxbz7xnp5qbhjbqiac,Jérémie Pignard,RC Strasbourg Alsace,Olympique de Marseille,K. Páez,0,0,0,0,2,0,0,0,12,0,0,1,0,0,0
46,26 Sep 2025,,7k9jcd1dxbz7xnp5qbhjbqiac,Jérémie Pignard,RC Strasbourg Alsace,Olympique de Marseille,E. Emegha,1,0,0,0,2,2,0,1,7,0,0,1,0,0,1
46,26 Sep 2025,,7k9jcd1dxbz7xnp5qbhjbqiac,Jérémie Pignard,RC Strasbourg Alsace,Olympique de Marseille,A. Ouattara,0,0,0,1,0,0,1,0,19,0,0,1,1,1,0
46,26 Sep 2025,,7k9jcd1dxbz7xnp5qbhjbqiac,Jérémie Pignard,RC Strasbourg Alsace,Olympique de Marseille,S. Amo-Ameyaw,0,0,0,0,1,0,0,0,15,0,0,0,0,0,1
46,26 Sep 2025,,7k9jcd1dxbz7xnp5qbhjbqiac,Jérémie Pignard,RC Strasbourg Alsace,Olympique de Marseille,J. Panichelli,0,1,1,0,2,1,0,1,10,0,0,4,0,0,0
46,26 Sep 2025,,7k9jcd1dxbz7xnp5qbhjbqiac,Jérémie Pignard,RC Strasbourg Alsace,Olympique de Marseille,S. El Mourabet,0,0,0,2,0,0,0,0,8,0,0,0,0,0,0
46,26 Sep 2025,,7k9jcd1dxbz7xnp5qbhjbqiac,Jérémie Pignard,RC Strasbourg Alsace,Olympique de Marseille,A. Omobamidele,0,0,0,0,0,0,0,0,5,0,0,0,0,0,0
46,26 Sep 2025,,7k9jcd1dxbz7xnp5qbhjbqiac,Jérémie Pignard,RC Strasbourg Alsace,Olympique de Marseille,M. O'Riley,0,0,0,0,2,0,0,0,65,0,0,0,0,0,1
46,26 Sep 2025,,7k9jcd1dxbz7xnp5qbhjbqiac,Jérémie Pignard,RC Strasbourg Alsace,Olympique de Marseille,N. Aguerd,0,0,0,0,1,1,0,0,92,0,0,0,0,0,1
46,26 Sep 2025,,7k9jcd1dxbz7xnp5qbhjbqiac,Jérémie Pignard,RC Strasbourg Alsace,Olympique de Marseille,A. Gouiri,0,0,1,1,0,0,0,1,13,0,0,3,2,0,0
46,26 Sep 2025,,7k9jcd1dxbz7xnp5qbhjbqiac,Jérémie Pignard,RC Strasbourg Alsace,Olympique de Marseille,T. Weah,0,0,0,1,1,1,0,0,18,0,0,1,1,0,0
46,26 Sep 2025,,7k9jcd1dxbz7xnp5qbhjbqiac,Jérémie Pignard,RC Strasbourg Alsace,Olympique de Marseille,A. Gomes,0,0,0,0,3,1,0,0,48,0,0,0,0,1,0
46,26 Sep 2025,,7k9jcd1dxbz7xnp5qbhjbqiac,Jérémie Pignard,RC Strasbourg Alsace,Olympique de Marseille,F. Medina,0,0,0,0,0,3,0,0,58,0,0,0,0,3,0
46,26 Sep 2025,,7k9jcd1dxbz7xnp5qbhjbqiac,Jérémie Pignard,RC Strasbourg Alsace,Olympique de Marseille,P. Højbjerg,0,1,0,1,3,0,0,0,74,0,0,2,0,1,0
46,26 Sep 2025,,7k9jcd1dxbz7xnp5qbhjbqiac,Jérémie Pignard,RC Strasbourg Alsace,Olympique de Marseille,A. Murillo,0,0,2,7,3,2,1,0,37,0,0,1,1,2,1
46,26 Sep 2025,,7k9jcd1dxbz7xnp5qbhjbqiac,Jérémie Pignard,RC Strasbourg Alsace,Olympique de Marseille,L. Balerdi,0,1,1,1,1,3,0,0,69,0,0,3,0,3,1
46,26 Sep 2025,,7k9jcd1dxbz7xnp5qbhjbqiac,Jérémie Pignard,RC Strasbourg Alsace,Olympique de Marseille,G. Rulli,0,0,0,0,0,1,0,0,39,0,0,0,0,0,0
46,26 Sep 2025,,7k9jcd1dxbz7xnp5qbhjbqiac,Jérémie Pignard,RC Strasbourg Alsace,Olympique de Marseille,Igor Paixão,0,0,0,2,0,1,0,0,15,0,0,2,1,1,0
46,26 Sep 2025,,7k9jcd1dxbz7xnp5qbhjbqiac,Jérémie Pignard,RC Strasbourg Alsace,Olympique de Marseille,M. Greenwood,0,0,0,3,0,0,0,0,24,0,0,1,1,0,0
46,26 Sep 2025,,7k9jcd1dxbz7xnp5qbhjbqiac,Jérémie Pignard,RC Strasbourg Alsace,Olympique de Marseille,P. Aubameyang,0,0,0,1,0,0,1,0,11,0,0,2,2,1,0
46,26 Sep 2025,,7k9jcd1dxbz7xnp5qbhjbqiac,Jérémie Pignard,RC Strasbourg Alsace,Olympique de Marseille,Emerson,0,0,0,5,0,0,0,0,21,0,0,0,0,2,0
46,26 Sep 2025,,7k9jcd1dxbz7xnp5qbhjbqiac,Jérémie Pignard,RC Strasbourg Alsace,Olympique de Marseille,B. Pavard,0,0,0,1,0,0,0,0,3,0,0,0,0,0,0
46,26 Sep 2025,,7k9jcd1dxbz7xnp5qbhjbqiac,Jérémie Pignard,RC Strasbourg Alsace,Olympique de Marseille,R. Vaz,0,0,0,0,1,0,0,0,1,0,0,1,1,0,0
47,28 Sep 2025,,7kofummfmha2cguoivv9vyvbo,Willy Delajod,Angers Sporting Club de l'Ouest,Stade Brestois 29,P. Peter,0,0,1,0,2,0,0,1,17,0,0,1,1,0,0
47,28 Sep 2025,,7kofummfmha2cguoivv9vyvbo,Willy Delajod,Angers Sporting Club de l'Ouest,Stade Brestois 29,J. Lefort,0,0,0,1,0,0,0,0,56,0,0,1,0,1,0
47,28 Sep 2025,,7kofummfmha2cguoivv9vyvbo,Willy Delajod,Angers Sporting Club de l'Ouest,Stade Brestois 29,O. Camara,0,0,0,0,0,0,0,0,36,0,0,0,0,0,0
47,28 Sep 2025,,7kofummfmha2cguoivv9vyvbo,Willy Delajod,Angers Sporting Club de l'Ouest,Stade Brestois 29,H. Abdelli,0,1,1,6,1,0,0,0,36,0,0,1,0,0,0
47,28 Sep 2025,,7kofummfmha2cguoivv9vyvbo,Willy Delajod,Angers Sporting Club de l'Ouest,Stade Brestois 29,J. Ekomié,0,0,2,8,4,1,0,0,24,0,0,0,0,0,1
47,28 Sep 2025,,7kofummfmha2cguoivv9vyvbo,Willy Delajod,Angers Sporting Club de l'Ouest,Stade Brestois 29,H. Belkebla,0,1,0,1,1,5,0,0,48,0,0,1,0,1,0
47,28 Sep 2025,,7kofummfmha2cguoivv9vyvbo,Willy Delajod,Angers Sporting Club de l'Ouest,Stade Brestois 29,C. Arcus,0,0,0,0,0,0,0,0,59,0,0,1,1,1,0
47,28 Sep 2025,,7kofummfmha2cguoivv9vyvbo,Willy Delajod,Angers Sporting Club de l'Ouest,Stade Brestois 29,H. Koffi,0,0,0,0,0,0,0,0,16,0,1,0,0,0,0
47,28 Sep 2025,,7kofummfmha2cguoivv9vyvbo,Willy Delajod,Angers Sporting Club de l'Ouest,Stade Brestois 29,J. Kalumba,0,1,2,8,2,2,0,0,39,0,0,1,0,0,0
47,28 Sep 2025,,7kofummfmha2cguoivv9vyvbo,Willy Delajod,Angers Sporting Club de l'Ouest,Stade Brestois 29,S. Cherif,0,1,1,3,0,0,0,1,13,0,0,3,0,0,0
47,28 Sep 2025,,7kofummfmha2cguoivv9vyvbo,Willy Delajod,Angers Sporting Club de l'Ouest,Stade Brestois 29,Y. Belkhdim,0,0,2,5,1,2,0,0,40,0,0,0,0,2,0
47,28 Sep 2025,,7kofummfmha2cguoivv9vyvbo,Willy Delajod,Angers Sporting Club de l'Ouest,Stade Brestois 29,E. Biumla,0,0,0,0,0,0,0,0,27,0,0,0,0,0,0
47,28 Sep 2025,,7kofummfmha2cguoivv9vyvbo,Willy Delajod,Angers Sporting Club de l'Ouest,Stade Brestois 29,F. Hanin,0,0,0,4,0,0,0,0,9,0,0,0,0,2,0
47,28 Sep 2025,,7kofummfmha2cguoivv9vyvbo,Willy Delajod,Angers Sporting Club de l'Ouest,Stade Brestois 29,L. Mouton,0,0,1,4,1,0,0,0,10,0,0,0,0,0,0
47,28 Sep 2025,,7kofummfmha2cguoivv9vyvbo,Willy Delajod,Angers Sporting Club de l'Ouest,Stade Brestois 29,L. Machine,0,0,0,1,1,1,0,0,2,0,0,2,0,0,0
47,28 Sep 2025,,7kofummfmha2cguoivv9vyvbo,Willy Delajod,Angers Sporting Club de l'Ouest,Stade Brestois 29,M. Louãr,0,0,0,2,0,0,0,0,10,0,0,0,0,0,0
47,28 Sep 2025,,7kofummfmha2cguoivv9vyvbo,Willy Delajod,Angers Sporting Club de l'Ouest,Stade Brestois 29,M. Courcoul,0,0,1,0,0,1,0,0,10,0,0,0,0,1,0
47,28 Sep 2025,,7kofummfmha2cguoivv9vyvbo,Willy Delajod,Angers Sporting Club de l'Ouest,Stade Brestois 29,R. Majecki,0,0,0,0,0,0,0,0,46,0,2,0,0,0,0
47,28 Sep 2025,,7kofummfmha2cguoivv9vyvbo,Willy Delajod,Angers Sporting Club de l'Ouest,Stade Brestois 29,L. Ajorque,0,0,0,0,2,0,0,1,32,0,0,1,0,1,0
47,28 Sep 2025,,7kofummfmha2cguoivv9vyvbo,Willy Delajod,Angers Sporting Club de l'Ouest,Stade Brestois 29,K. Lala,0,0,1,3,0,1,0,0,49,0,0,0,0,2,0
47,28 Sep 2025,,7kofummfmha2cguoivv9vyvbo,Willy Delajod,Angers Sporting Club de l'Ouest,Stade Brestois 29,J. Chotard,0,0,0,1,3,0,0,0,27,0,0,0,0,2,0
47,28 Sep 2025,,7kofummfmha2cguoivv9vyvbo,Willy Delajod,Angers Sporting Club de l'Ouest,Stade Brestois 29,B. Chardonnet,0,0,0,0,0,1,0,0,33,0,0,0,0,1,0
47,28 Sep 2025,,7kofummfmha2cguoivv9vyvbo,Willy Delajod,Angers Sporting Club de l'Ouest,Stade Brestois 29,R. Labeau Lascary,0,0,1,0,1,3,1,0,13,0,0,2,1,0,0
47,28 Sep 2025,,7kofummfmha2cguoivv9vyvbo,Willy Delajod,Angers Sporting Club de l'Ouest,Stade Brestois 29,R. Del Castillo,1,0,1,4,3,1,1,0,34,0,0,1,1,3,0
47,28 Sep 2025,,7kofummfmha2cguoivv9vyvbo,Willy Delajod,Angers Sporting Club de l'Ouest,Stade Brestois 29,K. Doumbia,0,0,0,0,1,1,0,0,24,0,0,2,1,3,0
47,28 Sep 2025,,7kofummfmha2cguoivv9vyvbo,Willy Delajod,Angers Sporting Club de l'Ouest,Stade Brestois 29,J. Diaz,0,0,0,0,0,0,0,0,32,0,0,0,0,1,0
47,28 Sep 2025,,7kofummfmha2cguoivv9vyvbo,Willy Delajod,Angers Sporting Club de l'Ouest,Stade Brestois 29,H. Magnetti,0,1,0,0,1,1,0,0,35,0,0,1,0,1,1
47,28 Sep 2025,,7kofummfmha2cguoivv9vyvbo,Willy Delajod,Angers Sporting Club de l'Ouest,Stade Brestois 29,B. Locko,0,0,1,1,0,2,0,0,35,0,0,0,0,4,0
47,28 Sep 2025,,7kofummfmha2cguoivv9vyvbo,Willy Delajod,Angers Sporting Club de l'Ouest,Stade Brestois 29,P. Mboup,0,0,0,0,1,0,0,0,4,0,0,0,0,0,0
47,28 Sep 2025,,7kofummfmha2cguoivv9vyvbo,Willy Delajod,Angers Sporting Club de l'Ouest,Stade Brestois 29,J. Dina Ebimbe,0,0,0,0,0,0,0,0,1,0,0,0,0,0,0
47,28 Sep 2025,,7kofummfmha2cguoivv9vyvbo,Willy Delajod,Angers Sporting Club de l'Ouest,Stade Brestois 29,L. Zogbé,0,0,0,0,1,0,0,0,1,0,0,0,0,0,0
48,28 Sep 2025,,7l1n57rq3lxa7la5ztggwjvh0,Bastien Dechepy,Stade Rennais FC,Racing Club de Lens,J. Jacquet,0,0,0,0,3,2,0,0,74,0,0,0,0,4,1
48,28 Sep 2025,,7l1n57rq3lxa7la5ztggwjvh0,Bastien Dechepy,Stade Rennais FC,Racing Club de Lens,S. Fofana,0,0,0,1,0,2,0,0,50,0,0,2,0,1,0
48,28 Sep 2025,,7l1n57rq3lxa7la5ztggwjvh0,Bastien Dechepy,Stade Rennais FC,Racing Club de Lens,D. Cissé,0,0,0,0,0,0,0,0,19,0,0,0,0,1,0
48,28 Sep 2025,,7l1n57rq3lxa7la5ztggwjvh0,Bastien Dechepy,Stade Rennais FC,Racing Club de Lens,B. Embolo,0,0,0,0,1,1,0,0,9,0,0,0,0,0,0
48,28 Sep 2025,,7l1n57rq3lxa7la5ztggwjvh0,Bastien Dechepy,Stade Rennais FC,Racing Club de Lens,L. Blas,0,0,1,1,0,1,0,0,33,0,0,0,0,1,0
48,28 Sep 2025,,7l1n57rq3lxa7la5ztggwjvh0,Bastien Dechepy,Stade Rennais FC,Racing Club de Lens,Q. Merlin,0,0,1,13,0,0,0,1,56,0,0,0,0,0,0
48,28 Sep 2025,,7l1n57rq3lxa7la5ztggwjvh0,Bastien Dechepy,Stade Rennais FC,Racing Club de Lens,A. Seidu,0,0,1,3,0,2,0,0,67,0,0,0,0,2,0
48,28 Sep 2025,,7l1n57rq3lxa7la5ztggwjvh0,Bastien Dechepy,Stade Rennais FC,Racing Club de Lens,A. Rouault,0,1,1,0,1,0,0,0,85,0,0,1,0,1,0
48,28 Sep 2025,,7l1n57rq3lxa7la5ztggwjvh0,Bastien Dechepy,Stade Rennais FC,Racing Club de Lens,B. Samba,0,0,0,0,0,0,0,0,19,0,2,0,0,0,0
48,28 Sep 2025,,7l1n57rq3lxa7la5ztggwjvh0,Bastien Dechepy,Stade Rennais FC,Racing Club de Lens,M. Camara,0,1,0,0,3,1,0,0,55,0,0,1,0,5,1
48,28 Sep 2025,,7l1n57rq3lxa7la5ztggwjvh0,Bastien Dechepy,Stade Rennais FC,Racing Club de Lens,E. Lepaul,0,0,1,0,0,0,0,0,14,0,0,3,1,0,0
48,28 Sep 2025,,7l1n57rq3lxa7la5ztggwjvh0,Bastien Dechepy,Stade Rennais FC,Racing Club de Lens,Mousa Tamari,0,1,1,3,2,0,0,0,25,0,0,4,1,2,0
48,28 Sep 2025,,7l1n57rq3lxa7la5ztggwjvh0,Bastien Dechepy,Stade Rennais FC,Racing Club de Lens,M. Meïté,0,1,1,0,2,0,0,0,6,0,0,1,0,0,0
48,28 Sep 2025,,7l1n57rq3lxa7la5ztggwjvh0,Bastien Dechepy,Stade Rennais FC,Racing Club de Lens,N. Mukiele,0,2,1,1,3,0,0,0,11,0,0,2,0,0,0
48,28 Sep 2025,,7l1n57rq3lxa7la5ztggwjvh0,Bastien Dechepy,Stade Rennais FC,Racing Club de Lens,A. Nagida,0,0,0,2,1,0,0,0,6,0,0,0,0,0,1
48,28 Sep 2025,,7l1n57rq3lxa7la5ztggwjvh0,Bastien Dechepy,Stade Rennais FC,Racing Club de Lens,F. Thauvin,0,1,0,7,0,5,0,0,36,0,0,1,0,0,0
48,28 Sep 2025,,7l1n57rq3lxa7la5ztggwjvh0,Bastien Dechepy,Stade Rennais FC,Racing Club de Lens,A. Thomasson,0,1,0,1,2,5,0,0,21,0,0,4,1,9,1
48,28 Sep 2025,,7l1n57rq3lxa7la5ztggwjvh0,Bastien Dechepy,Stade Rennais FC,Racing Club de Lens,R. Aguilar,0,0,1,5,1,0,0,0,28,0,0,1,0,0,0
48,28 Sep 2025,,7l1n57rq3lxa7la5ztggwjvh0,Bastien Dechepy,Stade Rennais FC,Racing Club de Lens,J. Gradit,0,0,0,0,1,0,0,0,1,1,0,0,0,0,0
48,28 Sep 2025,,7l1n57rq3lxa7la5ztggwjvh0,Bastien Dechepy,Stade Rennais FC,Racing Club de Lens,M. Sangaré,0,0,1,0,0,1,0,0,34,0,0,1,0,8,0
48,28 Sep 2025,,7l1n57rq3lxa7la5ztggwjvh0,Bastien Dechepy,Stade Rennais FC,Racing Club de Lens,W. Saïd,0,1,0,0,0,0,0,0,19,0,0,1,0,4,0
48,28 Sep 2025,,7l1n57rq3lxa7la5ztggwjvh0,Bastien Dechepy,Stade Rennais FC,Racing Club de Lens,O. Édouard,0,0,0,0,2,2,0,0,9,0,0,0,0,0,0
48,28 Sep 2025,,7l1n57rq3lxa7la5ztggwjvh0,Bastien Dechepy,Stade Rennais FC,Racing Club de Lens,M. Sarr,0,0,0,0,0,0,0,0,17,0,0,0,0,1,0
48,28 Sep 2025,,7l1n57rq3lxa7la5ztggwjvh0,Bastien Dechepy,Stade Rennais FC,Racing Club de Lens,S. Baidoo,0,0,0,0,0,0,0,0,19,0,0,0,0,0,0
48,28 Sep 2025,,7l1n57rq3lxa7la5ztggwjvh0,Bastien Dechepy,Stade Rennais FC,Racing Club de Lens,R. Risser,0,0,0,0,0,0,0,0,32,0,2,0,0,0,0
48,28 Sep 2025,,7l1n57rq3lxa7la5ztggwjvh0,Bastien Dechepy,Stade Rennais FC,Racing Club de Lens,M. Udol,0,0,1,1,3,0,0,0,22,0,0,2,1,4,0
48,28 Sep 2025,,7l1n57rq3lxa7la5ztggwjvh0,Bastien Dechepy,Stade Rennais FC,Racing Club de Lens,M. Guilavogui,0,0,0,0,0,2,0,0,12,0,0,2,0,2,1
48,28 Sep 2025,,7l1n57rq3lxa7la5ztggwjvh0,Bastien Dechepy,Stade Rennais FC,Racing Club de Lens,R. Fofana,0,0,1,0,0,1,0,0,3,0,0,1,0,1,0
48,28 Sep 2025,,7l1n57rq3lxa7la5ztggwjvh0,Bastien Dechepy,Stade Rennais FC,Racing Club de Lens,Saud Abdulhamid,0,0,0,0,0,0,0,0,4,0,0,0,0,0,0
48,28 Sep 2025,,7l1n57rq3lxa7la5ztggwjvh0,Bastien Dechepy,Stade Rennais FC,Racing Club de Lens,F. Sotoca,0,0,0,0,0,0,0,0,0,0,0,0,0,0,1
49,27 Sep 2025,,7letvduy3f5mnqk12p0lr5qtw,Benoît Millot,Toulouse FC,FC Nantes,A. Dønnum,1,1,1,4,2,1,1,0,46,0,0,4,2,2,1
49,27 Sep 2025,,7letvduy3f5mnqk12p0lr5qtw,Benoît Millot,Toulouse FC,FC Nantes,A. Francis,0,2,0,0,1,0,0,0,33,0,0,3,0,3,0
49,27 Sep 2025,,7letvduy3f5mnqk12p0lr5qtw,Benoît Millot,Toulouse FC,FC Nantes,M. Sauer,0,1,0,1,0,1,0,0,37,0,0,1,0,2,0
49,27 Sep 2025,,7letvduy3f5mnqk12p0lr5qtw,Benoît Millot,Toulouse FC,FC Nantes,M. McKenzie,0,0,0,1,2,1,0,0,51,0,0,0,0,2,0
49,27 Sep 2025,,7letvduy3f5mnqk12p0lr5qtw,Benoît Millot,Toulouse FC,FC Nantes,C. Cresswell,0,0,0,0,3,1,0,0,59,0,0,1,1,0,1
49,27 Sep 2025,,7letvduy3f5mnqk12p0lr5qtw,Benoît Millot,Toulouse FC,FC Nantes,G. Restes,0,0,0,0,0,0,0,0,23,0,0,0,0,0,0
49,27 Sep 2025,,7letvduy3f5mnqk12p0lr5qtw,Benoît Millot,Toulouse FC,FC Nantes,Emersonn,0,0,0,0,1,1,0,0,8,0,0,1,0,0,0
49,27 Sep 2025,,7letvduy3f5mnqk12p0lr5qtw,Benoît Millot,Toulouse FC,FC Nantes,W. Kamanzi,0,1,0,3,1,1,0,0,16,0,0,2,1,0,0
49,27 Sep 2025,,7letvduy3f5mnqk12p0lr5qtw,Benoît Millot,Toulouse FC,FC Nantes,F. Magri,0,0,0,1,3,1,0,1,17,0,0,3,1,1,0
49,27 Sep 2025,,7letvduy3f5mnqk12p0lr5qtw,Benoît Millot,Toulouse FC,FC Nantes,R. Nicolaisen,0,0,0,1,1,1,0,0,40,0,0,3,1,2,0
49,27 Sep 2025,,7letvduy3f5mnqk12p0lr5qtw,Benoît Millot,Toulouse FC,FC Nantes,D. Sidibé,0,0,0,5,1,0,0,1,29,0,0,1,0,3,0
49,27 Sep 2025,,7letvduy3f5mnqk12p0lr5qtw,Benoît Millot,Toulouse FC,FC Nantes,Y. Gboho,0,0,0,3,1,3,1,0,12,0,0,1,1,0,0
49,27 Sep 2025,,7letvduy3f5mnqk12p0lr5qtw,Benoît Millot,Toulouse FC,FC Nantes,C. Cásseres,0,0,0,1,1,0,0,0,26,0,0,0,0,0,0
49,27 Sep 2025,,7letvduy3f5mnqk12p0lr5qtw,Benoît Millot,Toulouse FC,FC Nantes,D. Méthalie,0,0,0,2,1,1,0,0,5,0,0,0,0,0,0
49,27 Sep 2025,,7letvduy3f5mnqk12p0lr5qtw,Benoît Millot,Toulouse FC,FC Nantes,N. Edjouma,0,0,0,0,0,0,0,0,2,0,0,0,0,0,0
49,27 Sep 2025,,7letvduy3f5mnqk12p0lr5qtw,Benoît Millot,Toulouse FC,FC Nantes,J. Lepenant,1,0,0,2,0,3,0,0,44,0,0,0,0,4,0
49,27 Sep 2025,,7letvduy3f5mnqk12p0lr5qtw,Benoît Millot,Toulouse FC,FC Nantes,J. Mwanga,0,0,0,0,0,1,0,0,48,0,0,0,0,4,0
49,27 Sep 2025,,7letvduy3f5mnqk12p0lr5qtw,Benoît Millot,Toulouse FC,FC Nantes,T. Tati,0,1,0,0,2,1,0,0,90,0,0,1,0,0,0
49,27 Sep 2025,,7letvduy3f5mnqk12p0lr5qtw,Benoît Millot,Toulouse FC,FC Nantes,C. Awaziem,0,0,0,0,1,1,0,0,89,0,0,0,0,0,0
49,27 Sep 2025,,7letvduy3f5mnqk12p0lr5qtw,Benoît Millot,Toulouse FC,FC Nantes,K. Amian,0,0,0,1,2,4,0,1,59,0,0,0,0,2,1
49,27 Sep 2025,,7letvduy3f5mnqk12p0lr5qtw,Benoît Millot,Toulouse FC,FC Nantes,A. Camara,0,2,1,2,0,0,0,0,13,0,0,2,0,1,0
49,27 Sep 2025,,7letvduy3f5mnqk12p0lr5qtw,Benoît Millot,Toulouse FC,FC Nantes,L. Leroux,0,0,0,1,1,0,1,0,34,0,0,1,1,3,1
49,27 Sep 2025,,7letvduy3f5mnqk12p0lr5qtw,Benoît Millot,Toulouse FC,FC Nantes,D. Tabibou,0,0,1,2,1,3,0,0,21,0,0,2,0,1,0
49,27 Sep 2025,,7letvduy3f5mnqk12p0lr5qtw,Benoît Millot,Toulouse FC,FC Nantes,Anthony Lopes,0,0,0,0,0,1,0,0,38,0,5,0,0,0,1
49,27 Sep 2025,,7letvduy3f5mnqk12p0lr5qtw,Benoît Millot,Toulouse FC,FC Nantes,M. Lahdo,0,0,0,0,0,0,1,0,11,0,0,2,1,0,0
49,27 Sep 2025,,7letvduy3f5mnqk12p0lr5qtw,Benoît Millot,Toulouse FC,FC Nantes,M. Abline,0,1,0,0,2,1,0,0,21,0,0,1,0,1,0
49,27 Sep 2025,,7letvduy3f5mnqk12p0lr5qtw,Benoît Millot,Toulouse FC,FC Nantes,Y. Benhattab,0,1,1,2,0,0,0,0,14,0,0,1,0,1,0
49,27 Sep 2025,,7letvduy3f5mnqk12p0lr5qtw,Benoît Millot,Toulouse FC,FC Nantes,Hong Hyun-Seok,0,1,1,1,0,0,0,0,6,0,0,1,0,0,0
49,27 Sep 2025,,7letvduy3f5mnqk12p0lr5qtw,Benoît Millot,Toulouse FC,FC Nantes,H. Guirassy,0,0,0,0,1,0,0,0,6,0,0,1,0,0,0
49,27 Sep 2025,,7letvduy3f5mnqk12p0lr5qtw,Benoît Millot,Toulouse FC,FC Nantes,Kwon Hyeok-Kyu,0,0,0,0,1,0,0,0,2,0,0,0,0,0,0
49,27 Sep 2025,,7letvduy3f5mnqk12p0lr5qtw,Benoît Millot,Toulouse FC,FC Nantes,Y. El-Arabi,0,0,0,0,1,0,0,0,2,0,0,0,0,0,0
50,28 Sep 2025,,7lt407efe035jm3gv41dg8vmc,Guillaume Paradis,FC Metz,Le Havre AC,G. Hein,0,0,1,8,1,1,0,0,38,0,0,0,0,0,0
50,28 Sep 2025,,7lt407efe035jm3gv41dg8vmc,Guillaume Paradis,FC Metz,Le Havre AC,J. Gbamin,0,0,0,0,2,0,0,0,58,0,0,0,0,6,0
50,28 Sep 2025,,7lt407efe035jm3gv41dg8vmc,Guillaume Paradis,FC Metz,Le Havre AC,H. Diallo,0,1,0,1,3,2,0,0,8,0,0,2,0,0,0
50,28 Sep 2025,,7lt407efe035jm3gv41dg8vmc,Guillaume Paradis,FC Metz,Le Havre AC,T. Yegbe,0,0,0,0,0,1,0,0,56,0,0,0,0,0,0
50,28 Sep 2025,,7lt407efe035jm3gv41dg8vmc,Guillaume Paradis,FC Metz,Le Havre AC,M. Mboula,0,0,0,0,1,1,0,0,22,0,0,0,0,1,0
50,28 Sep 2025,,7lt407efe035jm3gv41dg8vmc,Guillaume Paradis,FC Metz,Le Havre AC,K. Kouao,0,0,0,0,1,3,0,0,61,0,0,0,0,1,0
50,28 Sep 2025,,7lt407efe035jm3gv41dg8vmc,Guillaume Paradis,FC Metz,Le Havre AC,B. Traoré,0,0,1,0,5,1,0,0,42,0,0,3,0,3,1
50,28 Sep 2025,,7lt407efe035jm3gv41dg8vmc,Guillaume Paradis,FC Metz,Le Havre AC,J. Deminguet,0,0,0,1,1,1,0,0,42,0,0,0,0,3,1
50,28 Sep 2025,,7lt407efe035jm3gv41dg8vmc,Guillaume Paradis,FC Metz,Le Havre AC,J. Fischer,0,0,0,0,0,0,0,0,25,0,2,0,0,0,0
50,28 Sep 2025,,7lt407efe035jm3gv41dg8vmc,Guillaume Paradis,FC Metz,Le Havre AC,M. Bokele Mputu,0,0,1,3,0,4,0,0,30,0,0,0,0,1,0
50,28 Sep 2025,,7lt407efe035jm3gv41dg8vmc,Guillaume Paradis,FC Metz,Le Havre AC,C. Sabaly,0,0,0,0,0,0,0,1,14,0,0,0,0,2,0
50,28 Sep 2025,,7lt407efe035jm3gv41dg8vmc,Guillaume Paradis,FC Metz,Le Havre AC,G. Tsitaishvili,0,0,0,4,0,0,0,0,16,0,0,1,0,0,0
50,28 Sep 2025,,7lt407efe035jm3gv41dg8vmc,Guillaume Paradis,FC Metz,Le Havre AC,G. Abuashvili,0,1,1,0,1,1,0,0,5,0,0,1,0,1,0
50,28 Sep 2025,,7lt407efe035jm3gv41dg8vmc,Guillaume Paradis,FC Metz,Le Havre AC,I. Sané,0,0,0,1,1,0,0,0,3,0,0,0,0,0,0
50,28 Sep 2025,,7lt407efe035jm3gv41dg8vmc,Guillaume Paradis,FC Metz,Le Havre AC,A. Touré,0,0,0,0,0,0,0,0,1,0,0,0,0,0,0
50,28 Sep 2025,,7lt407efe035jm3gv41dg8vmc,Guillaume Paradis,FC Metz,Le Havre AC,F. Ballo-Touré,0,0,0,0,0,0,0,0,0,0,0,0,0,0,0
50,28 Sep 2025,,7lt407efe035jm3gv41dg8vmc,Guillaume Paradis,FC Metz,Le Havre AC,M. Samatta,0,0,0,0,0,0,0,0,5,0,0,0,0,0,0
50,28 Sep 2025,,7lt407efe035jm3gv41dg8vmc,Guillaume Paradis,FC Metz,Le Havre AC,A. Seko,0,0,0,0,3,4,0,0,42,0,0,0,0,3,0
50,28 Sep 2025,,7lt407efe035jm3gv41dg8vmc,Guillaume Paradis,FC Metz,Le Havre AC,L. Nego,0,1,1,3,1,1,0,0,35,0,0,2,0,1,0
50,28 Sep 2025,,7lt407efe035jm3gv41dg8vmc,Guillaume Paradis,FC Metz,Le Havre AC,É. Youté,0,0,0,0,2,0,0,0,47,0,0,0,0,0,1
50,28 Sep 2025,,7lt407efe035jm3gv41dg8vmc,Guillaume Paradis,FC Metz,Le Havre AC,M. Diaw,0,0,0,0,0,0,0,0,40,0,0,0,0,1,0
50,28 Sep 2025,,7lt407efe035jm3gv41dg8vmc,Guillaume Paradis,FC Metz,Le Havre AC,G. Lloris,0,0,0,0,0,1,0,0,66,0,0,0,0,1,0
50,28 Sep 2025,,7lt407efe035jm3gv41dg8vmc,Guillaume Paradis,FC Metz,Le Havre AC,Y. Zouaoui,0,1,1,5,4,1,0,0,27,0,0,1,0,1,1
50,28 Sep 2025,,7lt407efe035jm3gv41dg8vmc,Guillaume Paradis,FC Metz,Le Havre AC,R. Khadra,0,1,0,4,2,0,0,0,17,0,0,3,2,0,0
50,28 Sep 2025,,7lt407efe035jm3gv41dg8vmc,Guillaume Paradis,FC Metz,Le Havre AC,A. Touré,0,1,1,2,2,4,0,0,23,0,0,1,0,1,0
50,28 Sep 2025,,7lt407efe035jm3gv41dg8vmc,Guillaume Paradis,FC Metz,Le Havre AC,I. Soumaré,0,1,2,4,2,4,0,2,21,0,0,1,0,1,0
50,28 Sep 2025,,7lt407efe035jm3gv41dg8vmc,Guillaume Paradis,FC Metz,Le Havre AC,S. Ebonog,0,1,1,0,0,0,0,0,14,0,0,1,0,1,0
50,28 Sep 2025,,7lt407efe035jm3gv41dg8vmc,Guillaume Paradis,FC Metz,Le Havre AC,F. Doucouré,0,0,0,1,0,0,0,0,17,0,0,0,0,1,0
50,28 Sep 2025,,7lt407efe035jm3gv41dg8vmc,Guillaume Paradis,FC Metz,Le Havre AC,R. Ndiaye,0,0,0,1,0,1,0,0,7,0,0,0,0,1,0
50,28 Sep 2025,,7lt407efe035jm3gv41dg8vmc,Guillaume Paradis,FC Metz,Le Havre AC,T. Delaine,0,0,0,2,0,0,0,0,4,0,0,1,0,0,0
50,28 Sep 2025,,7lt407efe035jm3gv41dg8vmc,Guillaume Paradis,FC Metz,Le Havre AC,Y. Namli,0,0,0,0,0,0,0,0,2,0,0,0,0,0,0
50,28 Sep 2025,,7lt407efe035jm3gv41dg8vmc,Guillaume Paradis,FC Metz,Le Havre AC,F. Mambimbi,0,0,0,0,0,0,0,0,0,0,0,0,0,0,0
51,28 Sep 2025,,7m62w9j9iun95smcx0a8hocgk,Abdelatif Kherradji,OGC Nice Côte d'Azur,Paris FC,S. Diop,0,1,0,0,1,4,1,0,31,0,0,3,1,1,0
51,28 Sep 2025,,7m62w9j9iun95smcx0a8hocgk,Abdelatif Kherradji,OGC Nice Côte d'Azur,Paris FC,M. Bombito,0,0,0,0,2,1,0,0,45,0,0,0,0,2,0
51,28 Sep 2025,,7m62w9j9iun95smcx0a8hocgk,Abdelatif Kherradji,OGC Nice Côte d'Azur,Paris FC,S. Abdul Samed,0,0,0,0,2,1,0,0,17,0,0,0,0,0,1
51,28 Sep 2025,,7m62w9j9iun95smcx0a8hocgk,Abdelatif Kherradji,OGC Nice Côte d'Azur,Paris FC,K. Peprah Oppong,0,1,0,1,1,0,0,0,39,0,0,1,0,1,0
51,28 Sep 2025,,7m62w9j9iun95smcx0a8hocgk,Abdelatif Kherradji,OGC Nice Côte d'Azur,Paris FC,A. Abdi,0,0,0,0,0,1,0,0,12,0,0,0,0,0,0
51,28 Sep 2025,,7m62w9j9iun95smcx0a8hocgk,Abdelatif Kherradji,OGC Nice Côte d'Azur,Paris FC,A. Mendy,0,0,1,1,3,2,0,0,64,0,0,1,1,4,0
51,28 Sep 2025,,7m62w9j9iun95smcx0a8hocgk,Abdelatif Kherradji,OGC Nice Côte d'Azur,Paris FC,J. Clauss,0,0,1,9,1,0,0,0,43,0,0,1,1,4,0
51,28 Sep 2025,,7m62w9j9iun95smcx0a8hocgk,Abdelatif Kherradji,OGC Nice Côte d'Azur,Paris FC,M. Cho,1,0,1,1,1,1,0,0,19,0,0,0,0,0,0
51,28 Sep 2025,,7m62w9j9iun95smcx0a8hocgk,Abdelatif Kherradji,OGC Nice Côte d'Azur,Paris FC,T. Moffi,0,0,0,0,0,1,0,1,8,0,0,1,1,0,0
51,28 Sep 2025,,7m62w9j9iun95smcx0a8hocgk,Abdelatif Kherradji,OGC Nice Côte d'Azur,Paris FC,C. Vanhoutte,0,1,0,2,1,0,0,0,44,0,0,1,0,0,0
51,28 Sep 2025,,7m62w9j9iun95smcx0a8hocgk,Abdelatif Kherradji,OGC Nice Côte d'Azur,Paris FC,Y. Diouf,0,0,0,0,0,0,0,0,27,0,2,0,0,0,0
51,28 Sep 2025,,7m62w9j9iun95smcx0a8hocgk,Abdelatif Kherradji,OGC Nice Côte d'Azur,Paris FC,M. Bard,0,1,1,1,0,0,0,0,22,0,0,1,0,1,0
51,28 Sep 2025,,7m62w9j9iun95smcx0a8hocgk,Abdelatif Kherradji,OGC Nice Côte d'Azur,Paris FC,H. Boudaoui,0,0,0,0,1,1,0,0,12,0,0,1,0,0,0
51,28 Sep 2025,,7m62w9j9iun95smcx0a8hocgk,Abdelatif Kherradji,OGC Nice Côte d'Azur,Paris FC,I. Jansson,0,0,1,0,0,0,0,0,2,0,0,1,1,1,0
51,28 Sep 2025,,7m62w9j9iun95smcx0a8hocgk,Abdelatif Kherradji,OGC Nice Côte d'Azur,Paris FC,M. Sanson,0,0,0,0,1,0,0,0,3,0,0,0,0,1,0
51,28 Sep 2025,,7m62w9j9iun95smcx0a8hocgk,Abdelatif Kherradji,OGC Nice Côte d'Azur,Paris FC,J. Boga,0,0,0,0,0,1,0,0,4,0,0,0,0,0,0
51,28 Sep 2025,,7m62w9j9iun95smcx0a8hocgk,Abdelatif Kherradji,OGC Nice Côte d'Azur,Paris FC,P. Lees-Melou,0,2,0,0,5,1,0,0,46,0,0,2,0,3,0
51,28 Sep 2025,,7m62w9j9iun95smcx0a8hocgk,Abdelatif Kherradji,OGC Nice Côte d'Azur,Paris FC,M. Simon,0,1,2,4,1,3,0,0,18,0,0,2,1,0,0
51,28 Sep 2025,,7m62w9j9iun95smcx0a8hocgk,Abdelatif Kherradji,OGC Nice Côte d'Azur,Paris FC,T. De Smet,0,0,0,0,1,0,0,0,61,0,0,0,0,0,0
51,28 Sep 2025,,7m62w9j9iun95smcx0a8hocgk,Abdelatif Kherradji,OGC Nice Côte d'Azur,Paris FC,O. Nkambadio,0,0,0,0,0,0,0,0,53,0,4,0,0,0,0
51,28 Sep 2025,,7m62w9j9iun95smcx0a8hocgk,Abdelatif Kherradji,OGC Nice Côte d'Azur,Paris FC,Otávio,0,0,0,0,0,1,0,0,66,0,0,0,0,4,0
51,28 Sep 2025,,7m62w9j9iun95smcx0a8hocgk,Abdelatif Kherradji,OGC Nice Côte d'Azur,Paris FC,M. Lopez,0,0,0,6,3,0,0,0,65,0,0,0,0,2,0
51,28 Sep 2025,,7m62w9j9iun95smcx0a8hocgk,Abdelatif Kherradji,OGC Nice Côte d'Azur,Paris FC,A. Camara,0,1,0,1,0,1,0,0,29,0,0,1,0,2,0
51,28 Sep 2025,,7m62w9j9iun95smcx0a8hocgk,Abdelatif Kherradji,OGC Nice Côte d'Azur,Paris FC,H. Traoré,0,0,0,2,0,1,0,0,43,0,0,0,0,3,0
51,28 Sep 2025,,7m62w9j9iun95smcx0a8hocgk,Abdelatif Kherradji,OGC Nice Côte d'Azur,Paris FC,M. Mbow,0,0,0,0,1,0,0,0,48,0,0,1,0,0,1
51,28 Sep 2025,,7m62w9j9iun95smcx0a8hocgk,Abdelatif Kherradji,OGC Nice Côte d'Azur,Paris FC,I. Kebbal,0,0,0,3,0,3,0,0,44,0,0,0,0,1,0
51,28 Sep 2025,,7m62w9j9iun95smcx0a8hocgk,Abdelatif Kherradji,OGC Nice Côte d'Azur,Paris FC,W. Geubbels,0,2,2,0,2,1,0,1,21,0,0,5,1,0,0
51,28 Sep 2025,,7m62w9j9iun95smcx0a8hocgk,Abdelatif Kherradji,OGC Nice Côte d'Azur,Paris FC,J. Ikoné,0,0,1,0,0,0,0,0,8,0,0,0,0,1,0
51,28 Sep 2025,,7m62w9j9iun95smcx0a8hocgk,Abdelatif Kherradji,OGC Nice Côte d'Azur,Paris FC,J. Krasso,0,1,0,0,0,1,1,0,4,0,0,2,1,0,0
51,28 Sep 2025,,7m62w9j9iun95smcx0a8hocgk,Abdelatif Kherradji,OGC Nice Côte d'Azur,Paris FC,N. Dicko,0,0,0,0,1,0,0,0,2,0,0,0,0,0,0
51,28 Sep 2025,,7m62w9j9iun95smcx0a8hocgk,Abdelatif Kherradji,OGC Nice Côte d'Azur,Paris FC,M. Cafaro,0,0,0,0,0,1,0,0,2,0,0,0,0,0,0
51,28 Sep 2025,,7m62w9j9iun95smcx0a8hocgk,Abdelatif Kherradji,OGC Nice Côte d'Azur,Paris FC,N. Sangui,0,0,0,0,0,0,0,0,2,0,0,0,0,0,0
52,27 Sep 2025,,7mjfw1yfeh546dja65cp7ejo4,Ruddy Buquet,FC Lorient,AS Monaco FC,A. Avom,0,0,0,1,0,1,0,0,46,0,0,0,0,1,0
52,27 Sep 2025,,7mjfw1yfeh546dja65cp7ejo4,Ruddy Buquet,FC Lorient,AS Monaco FC,L. Abergel,0,1,1,0,0,1,0,0,75,0,0,1,0,1,0
52,27 Sep 2025,,7mjfw1yfeh546dja65cp7ejo4,Ruddy Buquet,FC Lorient,AS Monaco FC,D. Karim,0,0,0,0,1,1,0,0,34,0,0,1,0,3,1
52,27 Sep 2025,,7mjfw1yfeh546dja65cp7ejo4,Ruddy Buquet,FC Lorient,AS Monaco FC,B. Meïté,0,0,0,2,2,1,0,0,62,0,0,1,0,0,0
52,27 Sep 2025,,7mjfw1yfeh546dja65cp7ejo4,Ruddy Buquet,FC Lorient,AS Monaco FC,T. Le Bris,0,1,0,4,0,1,0,0,35,0,0,3,1,0,0
52,27 Sep 2025,,7mjfw1yfeh546dja65cp7ejo4,Ruddy Buquet,FC Lorient,AS Monaco FC,A. Faye,0,0,0,0,1,0,0,0,68,0,0,0,0,1,0
52,27 Sep 2025,,7mjfw1yfeh546dja65cp7ejo4,Ruddy Buquet,FC Lorient,AS Monaco FC,Y. Mvogo,0,0,0,0,0,0,0,0,31,0,1,0,0,0,0
52,27 Sep 2025,,7mjfw1yfeh546dja65cp7ejo4,Ruddy Buquet,FC Lorient,AS Monaco FC,A. Kouassi,0,0,0,9,2,2,0,0,40,0,0,0,0,0,0
52,27 Sep 2025,,7mjfw1yfeh546dja65cp7ejo4,Ruddy Buquet,FC Lorient,AS Monaco FC,A. Tosin,0,0,0,0,0,1,0,0,21,0,0,2,1,2,0
52,27 Sep 2025,,7mjfw1yfeh546dja65cp7ejo4,Ruddy Buquet,FC Lorient,AS Monaco FC,M. Talbi,0,0,0,0,0,0,0,0,40,0,0,0,0,2,0
52,27 Sep 2025,,7mjfw1yfeh546dja65cp7ejo4,Ruddy Buquet,FC Lorient,AS Monaco FC,M. Bamba,0,0,1,1,2,1,1,0,10,0,0,4,3,1,1
52,27 Sep 2025,,7mjfw1yfeh546dja65cp7ejo4,Ruddy Buquet,FC Lorient,AS Monaco FC,J. Makengo,1,1,0,0,1,0,0,0,11,0,0,1,0,3,0
52,27 Sep 2025,,7mjfw1yfeh546dja65cp7ejo4,Ruddy Buquet,FC Lorient,AS Monaco FC,S. Soumano,1,3,0,0,1,0,0,0,7,0,0,3,0,0,0
52,27 Sep 2025,,7mjfw1yfeh546dja65cp7ejo4,Ruddy Buquet,FC Lorient,AS Monaco FC,P. Pagis,0,0,0,0,0,0,2,0,14,0,0,3,3,0,0
52,27 Sep 2025,,7mjfw1yfeh546dja65cp7ejo4,Ruddy Buquet,FC Lorient,AS Monaco FC,J. Mvuka,0,0,0,0,0,1,0,0,6,0,0,0,0,1,0
52,27 Sep 2025,,7mjfw1yfeh546dja65cp7ejo4,Ruddy Buquet,FC Lorient,AS Monaco FC,N. Cadiou,0,0,0,0,0,0,0,0,11,0,0,0,0,1,0
52,27 Sep 2025,,7mjfw1yfeh546dja65cp7ejo4,Ruddy Buquet,FC Lorient,AS Monaco FC,M. Coulibaly,0,0,0,1,2,1,0,0,56,0,0,0,0,3,0
52,27 Sep 2025,,7mjfw1yfeh546dja65cp7ejo4,Ruddy Buquet,FC Lorient,AS Monaco FC,Caio Henrique,0,0,0,7,1,1,0,0,40,0,0,0,0,1,0
52,27 Sep 2025,,7mjfw1yfeh546dja65cp7ejo4,Ruddy Buquet,FC Lorient,AS Monaco FC,M. Biereth,0,0,0,1,0,1,0,1,3,0,0,0,0,0,0
52,27 Sep 2025,,7mjfw1yfeh546dja65cp7ejo4,Ruddy Buquet,FC Lorient,AS Monaco FC,J. Teze,0,0,0,2,2,1,0,0,43,0,0,0,0,1,0
52,27 Sep 2025,,7mjfw1yfeh546dja65cp7ejo4,Ruddy Buquet,FC Lorient,AS Monaco FC,E. Dier,0,0,0,1,1,1,0,0,123,0,0,0,0,2,0
52,27 Sep 2025,,7mjfw1yfeh546dja65cp7ejo4,Ruddy Buquet,FC Lorient,AS Monaco FC,Vanderson,0,0,4,5,1,1,0,0,29,0,0,0,0,0,1
52,27 Sep 2025,,7mjfw1yfeh546dja65cp7ejo4,Ruddy Buquet,FC Lorient,AS Monaco FC,C. Mawissa,0,0,0,0,1,0,0,0,106,0,0,0,0,0,0
52,27 Sep 2025,,7mjfw1yfeh546dja65cp7ejo4,Ruddy Buquet,FC Lorient,AS Monaco FC,P. Köhn,0,0,0,0,0,0,0,0,13,0,5,0,0,0,0
52,27 Sep 2025,,7mjfw1yfeh546dja65cp7ejo4,Ruddy Buquet,FC Lorient,AS Monaco FC,T. Minamino,0,0,0,1,0,0,0,0,27,0,0,2,0,1,0
52,27 Sep 2025,,7mjfw1yfeh546dja65cp7ejo4,Ruddy Buquet,FC Lorient,AS Monaco FC,T. Kehrer,0,0,0,0,2,0,0,0,41,1,0,0,0,1,2
52,27 Sep 2025,,7mjfw1yfeh546dja65cp7ejo4,Ruddy Buquet,FC Lorient,AS Monaco FC,G. Ilenikhena,0,0,0,0,0,0,0,0,6,0,0,0,0,0,0
52,27 Sep 2025,,7mjfw1yfeh546dja65cp7ejo4,Ruddy Buquet,FC Lorient,AS Monaco FC,K. Diatta,0,0,0,4,0,1,0,0,30,0,0,0,0,2,0
52,27 Sep 2025,,7mjfw1yfeh546dja65cp7ejo4,Ruddy Buquet,FC Lorient,AS Monaco FC,F. Balogun,0,0,0,0,0,0,0,0,12,0,0,1,0,1,0
52,27 Sep 2025,,7mjfw1yfeh546dja65cp7ejo4,Ruddy Buquet,FC Lorient,AS Monaco FC,Ansu Fati,0,0,0,0,1,0,1,0,15,0,0,1,1,1,0
52,27 Sep 2025,,7mjfw1yfeh546dja65cp7ejo4,Ruddy Buquet,FC Lorient,AS Monaco FC,S. Idumbo,0,0,0,0,0,1,0,0,13,0,0,0,0,1,0
52,27 Sep 2025,,7mjfw1yfeh546dja65cp7ejo4,Ruddy Buquet,FC Lorient,AS Monaco FC,P. Cabral,0,0,0,0,0,0,0,0,13,0,0,1,1,1,0
53,28 Sep 2025,,7mwwqwnv8mcxrkauh686zdxjo,Mathieu Vernice,Lille OSC,Olympique Lyonnais,C. Verdonk,0,0,0,5,1,1,0,0,51,0,0,0,0,1,0
53,28 Sep 2025,,7mwwqwnv8mcxrkauh686zdxjo,Mathieu Vernice,Lille OSC,Olympique Lyonnais,A. Bouaddi,0,1,0,0,2,0,0,0,21,0,0,1,0,1,1
53,28 Sep 2025,,7mwwqwnv8mcxrkauh686zdxjo,Mathieu Vernice,Lille OSC,Olympique Lyonnais,Tiago Santos,0,1,0,7,2,6,0,0,24,0,0,1,0,1,0
53,28 Sep 2025,,7mwwqwnv8mcxrkauh686zdxjo,Mathieu Vernice,Lille OSC,Olympique Lyonnais,A. Bodart,0,0,0,0,0,0,0,0,31,0,1,0,0,0,0
53,28 Sep 2025,,7mwwqwnv8mcxrkauh686zdxjo,Mathieu Vernice,Lille OSC,Olympique Lyonnais,N. Ngoy,0,1,0,0,3,0,0,0,54,0,0,1,0,1,0
53,28 Sep 2025,,7mwwqwnv8mcxrkauh686zdxjo,Mathieu Vernice,Lille OSC,Olympique Lyonnais,H. Haraldsson,0,3,2,0,2,2,0,0,49,0,0,4,0,1,0
53,28 Sep 2025,,7mwwqwnv8mcxrkauh686zdxjo,Mathieu Vernice,Lille OSC,Olympique Lyonnais,A. Mandi,0,0,0,0,1,1,0,0,68,0,0,0,0,0,1
53,28 Sep 2025,,7mwwqwnv8mcxrkauh686zdxjo,Mathieu Vernice,Lille OSC,Olympique Lyonnais,O. Giroud,0,0,0,0,3,3,0,1,20,0,0,0,0,0,0
53,28 Sep 2025,,7mwwqwnv8mcxrkauh686zdxjo,Mathieu Vernice,Lille OSC,Olympique Lyonnais,Matías Fernández,0,1,1,3,1,3,0,0,27,0,0,2,1,1,1
53,28 Sep 2025,,7mwwqwnv8mcxrkauh686zdxjo,Mathieu Vernice,Lille OSC,Olympique Lyonnais,Félix Correia,0,0,0,6,3,3,0,0,22,0,0,1,0,0,0
53,28 Sep 2025,,7mwwqwnv8mcxrkauh686zdxjo,Mathieu Vernice,Lille OSC,Olympique Lyonnais,N. Mukau,0,0,0,0,0,2,0,0,21,0,0,1,1,1,0
53,28 Sep 2025,,7mwwqwnv8mcxrkauh686zdxjo,Mathieu Vernice,Lille OSC,Olympique Lyonnais,N. Bentaleb,0,0,0,1,0,2,0,0,24,0,0,1,0,0,0
53,28 Sep 2025,,7mwwqwnv8mcxrkauh686zdxjo,Mathieu Vernice,Lille OSC,Olympique Lyonnais,O. Sahraoui,0,0,0,1,1,0,0,0,12,0,0,1,1,0,0
53,28 Sep 2025,,7mwwqwnv8mcxrkauh686zdxjo,Mathieu Vernice,Lille OSC,Olympique Lyonnais,H. Igamane,0,0,0,0,1,0,0,0,4,0,0,1,0,0,1
53,28 Sep 2025,,7mwwqwnv8mcxrkauh686zdxjo,Mathieu Vernice,Lille OSC,Olympique Lyonnais,E. Mbappé,0,0,0,0,0,0,0,0,1,0,0,0,0,0,0
53,28 Sep 2025,,7mwwqwnv8mcxrkauh686zdxjo,Mathieu Vernice,Lille OSC,Olympique Lyonnais,C. Tolisso,0,0,0,0,2,2,0,0,39,0,0,0,0,0,0
53,28 Sep 2025,,7mwwqwnv8mcxrkauh686zdxjo,Mathieu Vernice,Lille OSC,Olympique Lyonnais,K. Merah,0,0,1,1,2,0,0,0,26,0,0,0,0,1,0
53,28 Sep 2025,,7mwwqwnv8mcxrkauh686zdxjo,Mathieu Vernice,Lille OSC,Olympique Lyonnais,T. Tessmann,0,0,1,1,4,2,0,0,34,0,0,0,0,0,0
53,28 Sep 2025,,7mwwqwnv8mcxrkauh686zdxjo,Mathieu Vernice,Lille OSC,Olympique Lyonnais,T. Morton,0,0,0,3,2,0,1,0,30,0,0,1,1,2,0
53,28 Sep 2025,,7mwwqwnv8mcxrkauh686zdxjo,Mathieu Vernice,Lille OSC,Olympique Lyonnais,M. Niakhaté,0,0,0,0,2,0,0,0,59,0,0,0,0,0,0
53,28 Sep 2025,,7mwwqwnv8mcxrkauh686zdxjo,Mathieu Vernice,Lille OSC,Olympique Lyonnais,A. Karabec,0,0,1,3,1,1,0,1,13,0,0,0,0,0,0
53,28 Sep 2025,,7mwwqwnv8mcxrkauh686zdxjo,Mathieu Vernice,Lille OSC,Olympique Lyonnais,M. Fofana,0,2,1,0,5,4,0,0,22,0,0,3,1,2,1
53,28 Sep 2025,,7mwwqwnv8mcxrkauh686zdxjo,Mathieu Vernice,Lille OSC,Olympique Lyonnais,Clinton Mata,0,0,0,0,0,2,0,0,39,0,0,0,0,0,0
53,28 Sep 2025,,7mwwqwnv8mcxrkauh686zdxjo,Mathieu Vernice,Lille OSC,Olympique Lyonnais,A. Maitland-Niles,0,0,0,1,1,0,0,0,24,0,0,0,0,2,0
53,28 Sep 2025,,7mwwqwnv8mcxrkauh686zdxjo,Mathieu Vernice,Lille OSC,Olympique Lyonnais,D. Greif,0,0,0,0,0,1,0,0,45,0,3,0,0,0,0
53,28 Sep 2025,,7mwwqwnv8mcxrkauh686zdxjo,Mathieu Vernice,Lille OSC,Olympique Lyonnais,N. Tagliafico,1,0,0,1,1,5,0,0,32,0,0,0,0,3,1
53,28 Sep 2025,,7mwwqwnv8mcxrkauh686zdxjo,Mathieu Vernice,Lille OSC,Olympique Lyonnais,Afonso Moreira,0,0,0,1,1,0,0,0,0,0,0,0,0,0,1
53,28 Sep 2025,,7mwwqwnv8mcxrkauh686zdxjo,Mathieu Vernice,Lille OSC,Olympique Lyonnais,P. Šulc,0,0,0,0,3,0,0,0,6,0,0,1,0,1,1
53,28 Sep 2025,,7mwwqwnv8mcxrkauh686zdxjo,Mathieu Vernice,Lille OSC,Olympique Lyonnais,M. de Carvalho,0,0,0,0,0,0,0,0,0,0,0,0,0,0,0
54,27 Sep 2025,,7na0v7epd0x1r94af3u4dso44,Thomas Léonard,Paris Saint-Germain FC,Association Jeunesse Auxerroise,K. Kvaratskhelia,0,0,1,0,0,1,0,0,28,0,0,2,1,1,0
54,27 Sep 2025,,7na0v7epd0x1r94af3u4dso44,Thomas Léonard,Paris Saint-Germain FC,Association Jeunesse Auxerroise,L. Hernández,0,0,0,0,2,2,0,0,72,0,0,0,0,1,0
54,27 Sep 2025,,7na0v7epd0x1r94af3u4dso44,Thomas Léonard,Paris Saint-Germain FC,Association Jeunesse Auxerroise,Lee Kang-In,0,0,0,3,1,1,0,0,72,0,0,1,1,3,0
54,27 Sep 2025,,7na0v7epd0x1r94af3u4dso44,Thomas Léonard,Paris Saint-Germain FC,Association Jeunesse Auxerroise,Vitinha,1,0,0,2,0,0,0,0,57,0,0,0,0,0,0
54,27 Sep 2025,,7na0v7epd0x1r94af3u4dso44,Thomas Léonard,Paris Saint-Germain FC,Association Jeunesse Auxerroise,L. Chevalier,0,0,0,0,0,0,0,0,27,0,2,0,0,0,0
54,27 Sep 2025,,7na0v7epd0x1r94af3u4dso44,Thomas Léonard,Paris Saint-Germain FC,Association Jeunesse Auxerroise,Beraldo,0,0,0,0,1,0,1,0,89,0,0,2,1,3,0
54,27 Sep 2025,,7na0v7epd0x1r94af3u4dso44,Thomas Léonard,Paris Saint-Germain FC,Association Jeunesse Auxerroise,W. Zaïre-Emery,0,0,0,0,1,0,0,0,70,0,0,1,1,1,0
54,27 Sep 2025,,7na0v7epd0x1r94af3u4dso44,Thomas Léonard,Paris Saint-Germain FC,Association Jeunesse Auxerroise,I. Zabarnyi,0,0,0,0,1,0,1,0,80,0,0,1,1,1,0
54,27 Sep 2025,,7na0v7epd0x1r94af3u4dso44,Thomas Léonard,Paris Saint-Germain FC,Association Jeunesse Auxerroise,I. Mbaye,0,1,1,0,3,0,0,0,40,0,0,1,0,2,0
54,27 Sep 2025,,7na0v7epd0x1r94af3u4dso44,Thomas Léonard,Paris Saint-Germain FC,Association Jeunesse Auxerroise,S. Mayulu,1,0,0,1,2,0,0,0,27,0,0,0,0,6,0
54,27 Sep 2025,,7na0v7epd0x1r94af3u4dso44,Thomas Léonard,Paris Saint-Germain FC,Association Jeunesse Auxerroise,Gonçalo Ramos,0,1,2,0,1,2,0,0,22,0,0,2,1,0,0
54,27 Sep 2025,,7na0v7epd0x1r94af3u4dso44,Thomas Léonard,Paris Saint-Germain FC,Association Jeunesse Auxerroise,A. Hakimi,0,1,0,1,1,1,0,1,46,0,0,1,0,2,0
54,27 Sep 2025,,7na0v7epd0x1r94af3u4dso44,Thomas Léonard,Paris Saint-Germain FC,Association Jeunesse Auxerroise,B. Barcola,0,0,0,0,2,1,0,0,14,0,0,2,1,0,1
54,27 Sep 2025,,7na0v7epd0x1r94af3u4dso44,Thomas Léonard,Paris Saint-Germain FC,Association Jeunesse Auxerroise,Q. Ndjantou,0,0,1,0,1,0,0,0,19,0,0,2,1,1,0
54,27 Sep 2025,,7na0v7epd0x1r94af3u4dso44,Thomas Léonard,Paris Saint-Germain FC,Association Jeunesse Auxerroise,M. Jangéal,0,0,0,0,1,0,0,0,9,0,0,0,0,0,0
54,27 Sep 2025,,7na0v7epd0x1r94af3u4dso44,Thomas Léonard,Paris Saint-Germain FC,Association Jeunesse Auxerroise,K. Danois,0,0,0,1,0,0,0,0,30,0,0,1,0,3,0
54,27 Sep 2025,,7na0v7epd0x1r94af3u4dso44,Thomas Léonard,Paris Saint-Germain FC,Association Jeunesse Auxerroise,D. Léon,0,0,0,0,0,0,0,0,25,0,6,0,0,0,0
54,27 Sep 2025,,7na0v7epd0x1r94af3u4dso44,Thomas Léonard,Paris Saint-Germain FC,Association Jeunesse Auxerroise,M. Senaya,0,1,1,3,1,1,0,0,22,0,0,1,0,5,1
54,27 Sep 2025,,7na0v7epd0x1r94af3u4dso44,Thomas Léonard,Paris Saint-Germain FC,Association Jeunesse Auxerroise,D. Namaso,0,0,2,0,0,2,0,0,25,0,0,1,1,3,0
54,27 Sep 2025,,7na0v7epd0x1r94af3u4dso44,Thomas Léonard,Paris Saint-Germain FC,Association Jeunesse Auxerroise,E. Owusu,0,0,0,1,3,1,0,0,30,0,0,0,0,3,0
54,27 Sep 2025,,7na0v7epd0x1r94af3u4dso44,Thomas Léonard,Paris Saint-Germain FC,Association Jeunesse Auxerroise,L. Sinayoko,0,1,1,2,0,2,0,1,23,0,0,2,0,1,0
54,27 Sep 2025,,7na0v7epd0x1r94af3u4dso44,Thomas Léonard,Paris Saint-Germain FC,Association Jeunesse Auxerroise,F. Sierralta,0,1,0,0,0,2,0,0,30,0,0,1,0,1,0
54,27 Sep 2025,,7na0v7epd0x1r94af3u4dso44,Thomas Léonard,Paris Saint-Germain FC,Association Jeunesse Auxerroise,J. Casimir,0,0,0,3,1,3,0,0,23,0,0,1,0,2,0
54,27 Sep 2025,,7na0v7epd0x1r94af3u4dso44,Thomas Léonard,Paris Saint-Germain FC,Association Jeunesse Auxerroise,T. Siwe,0,0,1,0,1,0,0,0,13,0,0,0,0,0,0
54,27 Sep 2025,,7na0v7epd0x1r94af3u4dso44,Thomas Léonard,Paris Saint-Germain FC,Association Jeunesse Auxerroise,G. Mensah,0,0,0,1,0,1,0,0,43,0,0,0,0,1,0
54,27 Sep 2025,,7na0v7epd0x1r94af3u4dso44,Thomas Léonard,Paris Saint-Germain FC,Association Jeunesse Auxerroise,C. Akpa,0,0,0,0,1,2,0,1,23,0,0,0,0,2,0
54,27 Sep 2025,,7na0v7epd0x1r94af3u4dso44,Thomas Léonard,Paris Saint-Germain FC,Association Jeunesse Auxerroise,S. Mara,0,1,0,0,2,0,0,1,8,0,0,3,2,0,0
54,27 Sep 2025,,7na0v7epd0x1r94af3u4dso44,Thomas Léonard,Paris Saint-Germain FC,Association Jeunesse Auxerroise,L. Coulibaly,0,0,0,0,0,3,0,1,9,0,0,0,0,3,0
54,27 Sep 2025,,7na0v7epd0x1r94af3u4dso44,Thomas Léonard,Paris Saint-Germain FC,Association Jeunesse Auxerroise,R. Matondo,0,0,0,0,1,0,0,0,15,0,0,0,0,1,1
54,27 Sep 2025,,7na0v7epd0x1r94af3u4dso44,Thomas Léonard,Paris Saint-Germain FC,Association Jeunesse Auxerroise,I. Osman,0,0,0,0,0,0,0,0,7,0,0,1,0,0,0
54,27 Sep 2025,,7na0v7epd0x1r94af3u4dso44,Thomas Léonard,Paris Saint-Germain FC,Association Jeunesse Auxerroise,A. Dioussé,0,1,0,0,0,0,0,0,7,0,0,1,0,0,0
55,5 Oct 2025,,7nn5sww4yvob1qnen04jmyfpw,Willy Delajod,AS Monaco FC,OGC Nice Côte d'Azur,M. Coulibaly,0,1,1,0,1,0,0,0,25,0,0,1,0,2,0
55,5 Oct 2025,,7nn5sww4yvob1qnen04jmyfpw,Willy Delajod,AS Monaco FC,OGC Nice Côte d'Azur,M. Salisu,0,0,0,0,2,0,0,1,96,0,0,1,0,2,1
55,5 Oct 2025,,7nn5sww4yvob1qnen04jmyfpw,Willy Delajod,AS Monaco FC,OGC Nice Côte d'Azur,T. Minamino,0,0,1,1,1,1,0,0,32,0,0,0,0,0,0
55,5 Oct 2025,,7nn5sww4yvob1qnen04jmyfpw,Willy Delajod,AS Monaco FC,OGC Nice Côte d'Azur,K. Ouattara,0,0,0,1,1,1,0,0,27,0,0,3,0,1,0
55,5 Oct 2025,,7nn5sww4yvob1qnen04jmyfpw,Willy Delajod,AS Monaco FC,OGC Nice Côte d'Azur,E. Dier,0,0,0,1,0,0,0,0,90,0,0,1,1,3,0
55,5 Oct 2025,,7nn5sww4yvob1qnen04jmyfpw,Willy Delajod,AS Monaco FC,OGC Nice Côte d'Azur,K. Diatta,0,0,1,8,1,1,0,0,51,0,0,0,0,2,0
55,5 Oct 2025,,7nn5sww4yvob1qnen04jmyfpw,Willy Delajod,AS Monaco FC,OGC Nice Côte d'Azur,M. Biereth,0,1,0,2,0,1,0,0,3,0,0,1,0,0,0
55,5 Oct 2025,,7nn5sww4yvob1qnen04jmyfpw,Willy Delajod,AS Monaco FC,OGC Nice Côte d'Azur,M. Akliouche,0,0,2,3,0,2,0,1,45,0,0,1,0,0,0
55,5 Oct 2025,,7nn5sww4yvob1qnen04jmyfpw,Willy Delajod,AS Monaco FC,OGC Nice Côte d'Azur,J. Teze,0,1,0,6,2,0,0,0,62,0,0,2,1,1,0
55,5 Oct 2025,,7nn5sww4yvob1qnen04jmyfpw,Willy Delajod,AS Monaco FC,OGC Nice Côte d'Azur,P. Köhn,0,0,0,0,0,0,0,0,22,0,0,0,0,0,0
55,5 Oct 2025,,7nn5sww4yvob1qnen04jmyfpw,Willy Delajod,AS Monaco FC,OGC Nice Côte d'Azur,Ansu Fati,0,0,0,0,0,0,2,1,38,0,0,3,2,1,0
55,5 Oct 2025,,7nn5sww4yvob1qnen04jmyfpw,Willy Delajod,AS Monaco FC,OGC Nice Côte d'Azur,F. Balogun,0,0,1,0,2,1,0,0,10,0,0,1,1,0,0
55,5 Oct 2025,,7nn5sww4yvob1qnen04jmyfpw,Willy Delajod,AS Monaco FC,OGC Nice Côte d'Azur,S. Idumbo,0,1,0,1,0,0,0,0,9,0,0,3,0,0,0
55,5 Oct 2025,,7nn5sww4yvob1qnen04jmyfpw,Willy Delajod,AS Monaco FC,OGC Nice Côte d'Azur,Caio Henrique,0,0,0,3,0,0,0,0,14,0,0,0,0,0,0
55,5 Oct 2025,,7nn5sww4yvob1qnen04jmyfpw,Willy Delajod,AS Monaco FC,OGC Nice Côte d'Azur,G. Ilenikhena,0,0,0,0,0,1,0,1,3,0,0,3,1,0,0
55,5 Oct 2025,,7nn5sww4yvob1qnen04jmyfpw,Willy Delajod,AS Monaco FC,OGC Nice Côte d'Azur,C. Vanhoutte,0,1,0,0,1,0,0,0,38,0,0,1,0,4,0
55,5 Oct 2025,,7nn5sww4yvob1qnen04jmyfpw,Willy Delajod,AS Monaco FC,OGC Nice Côte d'Azur,T. Moffi,0,1,1,0,0,0,0,0,6,0,0,2,0,0,0
55,5 Oct 2025,,7nn5sww4yvob1qnen04jmyfpw,Willy Delajod,AS Monaco FC,OGC Nice Côte d'Azur,H. Boudaoui,0,0,0,1,0,0,0,0,12,0,0,0,0,0,0
55,5 Oct 2025,,7nn5sww4yvob1qnen04jmyfpw,Willy Delajod,AS Monaco FC,OGC Nice Côte d'Azur,A. Abdi,0,0,1,2,2,0,0,0,8,1,0,0,0,1,2
55,5 Oct 2025,,7nn5sww4yvob1qnen04jmyfpw,Willy Delajod,AS Monaco FC,OGC Nice Côte d'Azur,S. Diop,0,0,0,0,0,2,2,1,21,0,0,2,2,0,0
55,5 Oct 2025,,7nn5sww4yvob1qnen04jmyfpw,Willy Delajod,AS Monaco FC,OGC Nice Côte d'Azur,M. Bard,0,0,0,3,1,1,0,0,28,0,0,0,0,4,0
55,5 Oct 2025,,7nn5sww4yvob1qnen04jmyfpw,Willy Delajod,AS Monaco FC,OGC Nice Côte d'Azur,M. Bombito,0,0,0,0,1,0,0,0,19,0,0,0,0,0,1
55,5 Oct 2025,,7nn5sww4yvob1qnen04jmyfpw,Willy Delajod,AS Monaco FC,OGC Nice Côte d'Azur,A. Mendy,0,0,0,2,1,1,0,1,25,0,0,0,0,1,0
55,5 Oct 2025,,7nn5sww4yvob1qnen04jmyfpw,Willy Delajod,AS Monaco FC,OGC Nice Côte d'Azur,J. Clauss,0,1,0,5,2,0,0,0,32,0,0,2,0,2,0
55,5 Oct 2025,,7nn5sww4yvob1qnen04jmyfpw,Willy Delajod,AS Monaco FC,OGC Nice Côte d'Azur,Y. Diouf,0,0,0,0,0,0,0,0,35,0,4,0,0,0,0
55,5 Oct 2025,,7nn5sww4yvob1qnen04jmyfpw,Willy Delajod,AS Monaco FC,OGC Nice Côte d'Azur,M. Cho,1,1,3,3,0,3,0,0,11,0,0,1,0,1,0
55,5 Oct 2025,,7nn5sww4yvob1qnen04jmyfpw,Willy Delajod,AS Monaco FC,OGC Nice Côte d'Azur,K. Peprah Oppong,0,0,0,0,0,0,0,0,11,0,0,0,0,1,0
55,5 Oct 2025,,7nn5sww4yvob1qnen04jmyfpw,Willy Delajod,AS Monaco FC,OGC Nice Côte d'Azur,T. Louchet,0,0,0,1,1,0,0,0,8,0,0,0,0,0,0
55,5 Oct 2025,,7nn5sww4yvob1qnen04jmyfpw,Willy Delajod,AS Monaco FC,OGC Nice Côte d'Azur,M. Sanson,0,0,0,0,0,0,0,0,6,0,0,0,0,0,0
55,5 Oct 2025,,7nn5sww4yvob1qnen04jmyfpw,Willy Delajod,AS Monaco FC,OGC Nice Côte d'Azur,J. Boga,0,1,1,0,0,0,0,0,8,0,0,1,0,0,0
55,5 Oct 2025,,7nn5sww4yvob1qnen04jmyfpw,Willy Delajod,AS Monaco FC,OGC Nice Côte d'Azur,S. Abdul Samed,0,0,1,0,0,1,0,0,4,0,0,0,0,0,0
56,4 Oct 2025,,7o0gmehom5mzsocak42ultt78,Clément Turpin,FC Metz,Olympique de Marseille,F. Ballo-Touré,0,0,0,2,0,1,0,0,26,0,0,1,0,3,0
56,4 Oct 2025,,7o0gmehom5mzsocak42ultt78,Clément Turpin,FC Metz,Olympique de Marseille,J. Gbamin,0,0,0,0,1,0,0,0,15,0,0,0,0,0,0
56,4 Oct 2025,,7o0gmehom5mzsocak42ultt78,Clément Turpin,FC Metz,Olympique de Marseille,J. Fischer,0,0,0,0,0,0,0,0,43,0,6,0,0,0,0
56,4 Oct 2025,,7o0gmehom5mzsocak42ultt78,Clément Turpin,FC Metz,Olympique de Marseille,G. Hein,0,0,1,5,0,0,0,0,42,0,0,1,1,0,0
56,4 Oct 2025,,7o0gmehom5mzsocak42ultt78,Clément Turpin,FC Metz,Olympique de Marseille,S. Sané,0,0,0,0,0,1,0,0,49,0,0,0,0,2,0
56,4 Oct 2025,,7o0gmehom5mzsocak42ultt78,Clément Turpin,FC Metz,Olympique de Marseille,H. Diallo,0,1,0,1,1,1,0,0,8,0,0,1,0,0,0
56,4 Oct 2025,,7o0gmehom5mzsocak42ultt78,Clément Turpin,FC Metz,Olympique de Marseille,K. Kouao,0,0,2,2,1,1,0,0,24,0,0,0,0,2,0
56,4 Oct 2025,,7o0gmehom5mzsocak42ultt78,Clément Turpin,FC Metz,Olympique de Marseille,T. Yegbe,0,0,0,0,0,0,0,0,43,0,0,0,0,0,0
56,4 Oct 2025,,7o0gmehom5mzsocak42ultt78,Clément Turpin,FC Metz,Olympique de Marseille,C. Sabaly,0,0,0,0,2,2,0,1,20,0,0,0,0,1,0
56,4 Oct 2025,,7o0gmehom5mzsocak42ultt78,Clément Turpin,FC Metz,Olympique de Marseille,B. Traoré,0,0,0,0,2,0,0,0,39,0,0,0,0,1,0
56,4 Oct 2025,,7o0gmehom5mzsocak42ultt78,Clément Turpin,FC Metz,Olympique de Marseille,J. Deminguet,0,0,1,3,0,1,0,0,21,0,0,0,0,1,0
56,4 Oct 2025,,7o0gmehom5mzsocak42ultt78,Clément Turpin,FC Metz,Olympique de Marseille,M. Colin,0,0,0,0,0,0,0,0,30,0,0,0,0,0,0
56,4 Oct 2025,,7o0gmehom5mzsocak42ultt78,Clément Turpin,FC Metz,Olympique de Marseille,A. Touré,0,0,0,0,1,0,0,0,9,0,0,0,0,0,0
56,4 Oct 2025,,7o0gmehom5mzsocak42ultt78,Clément Turpin,FC Metz,Olympique de Marseille,G. Tsitaishvili,0,0,0,0,0,0,0,0,6,0,0,1,0,0,0
56,4 Oct 2025,,7o0gmehom5mzsocak42ultt78,Clément Turpin,FC Metz,Olympique de Marseille,B. Madjo,0,0,0,0,0,0,0,1,0,0,0,0,0,0,0
56,4 Oct 2025,,7o0gmehom5mzsocak42ultt78,Clément Turpin,FC Metz,Olympique de Marseille,P. Højbjerg,0,0,0,0,1,1,0,0,83,0,0,0,0,0,0
56,4 Oct 2025,,7o0gmehom5mzsocak42ultt78,Clément Turpin,FC Metz,Olympique de Marseille,N. Aguerd,0,0,0,0,1,0,0,0,91,0,0,0,0,1,0
56,4 Oct 2025,,7o0gmehom5mzsocak42ultt78,Clément Turpin,FC Metz,Olympique de Marseille,T. Weah,0,0,1,0,0,0,0,0,49,0,0,1,0,4,0
56,4 Oct 2025,,7o0gmehom5mzsocak42ultt78,Clément Turpin,FC Metz,Olympique de Marseille,M. Greenwood,0,0,0,1,0,1,0,0,57,0,0,5,2,0,0
56,4 Oct 2025,,7o0gmehom5mzsocak42ultt78,Clément Turpin,FC Metz,Olympique de Marseille,B. Pavard,0,0,0,1,0,1,0,1,69,0,0,1,0,1,0
56,4 Oct 2025,,7o0gmehom5mzsocak42ultt78,Clément Turpin,FC Metz,Olympique de Marseille,M. O'Riley,1,0,1,1,0,0,1,0,64,0,0,3,2,0,0
56,4 Oct 2025,,7o0gmehom5mzsocak42ultt78,Clément Turpin,FC Metz,Olympique de Marseille,Emerson,0,0,0,4,1,0,0,0,75,0,0,2,0,1,0
56,4 Oct 2025,,7o0gmehom5mzsocak42ultt78,Clément Turpin,FC Metz,Olympique de Marseille,A. Gomes,0,0,0,0,1,1,0,0,30,0,0,2,0,1,0
56,4 Oct 2025,,7o0gmehom5mzsocak42ultt78,Clément Turpin,FC Metz,Olympique de Marseille,R. Vaz,1,0,0,1,2,2,0,0,6,0,0,1,1,1,0
56,4 Oct 2025,,7o0gmehom5mzsocak42ultt78,Clément Turpin,FC Metz,Olympique de Marseille,Igor Paixão,0,1,1,1,0,1,1,1,33,0,0,3,2,2,0
56,4 Oct 2025,,7o0gmehom5mzsocak42ultt78,Clément Turpin,FC Metz,Olympique de Marseille,G. Rulli,0,0,0,0,0,1,0,0,19,0,1,0,0,1,0
56,4 Oct 2025,,7o0gmehom5mzsocak42ultt78,Clément Turpin,FC Metz,Olympique de Marseille,L. Balerdi,0,0,0,0,0,0,0,0,29,0,0,0,0,1,0
56,4 Oct 2025,,7o0gmehom5mzsocak42ultt78,Clément Turpin,FC Metz,Olympique de Marseille,A. Gouiri,1,0,0,0,0,0,1,0,5,0,0,1,1,0,0
56,4 Oct 2025,,7o0gmehom5mzsocak42ultt78,Clément Turpin,FC Metz,Olympique de Marseille,B. Nadir,0,0,1,0,1,0,0,0,8,0,0,1,1,0,0
56,4 Oct 2025,,7o0gmehom5mzsocak42ultt78,Clément Turpin,FC Metz,Olympique de Marseille,A. Murillo,0,1,0,0,0,0,0,0,8,0,0,1,0,0,0
56,4 Oct 2025,,7o0gmehom5mzsocak42ultt78,Clément Turpin,FC Metz,Olympique de Marseille,A. Vermeeren,0,0,0,0,0,0,0,0,13,0,0,0,0,0,0
57,5 Oct 2025,,7odp3g03ubqgqokl25ha79ces,Thomas Léonard,Olympique Lyonnais,Toulouse FC,A. Maitland-Niles,0,0,1,1,1,1,0,0,55,0,0,1,0,5,0
57,5 Oct 2025,,7odp3g03ubqgqokl25ha79ces,Thomas Léonard,Olympique Lyonnais,Toulouse FC,M. Satriano,1,1,2,2,1,0,0,0,22,0,0,1,0,0,0
57,5 Oct 2025,,7odp3g03ubqgqokl25ha79ces,Thomas Léonard,Olympique Lyonnais,Toulouse FC,N. Tagliafico,0,0,0,1,3,4,0,0,64,0,0,1,0,2,0
57,5 Oct 2025,,7odp3g03ubqgqokl25ha79ces,Thomas Léonard,Olympique Lyonnais,Toulouse FC,M. Niakhaté,0,0,0,0,2,1,0,0,100,0,0,0,0,0,0
57,5 Oct 2025,,7odp3g03ubqgqokl25ha79ces,Thomas Léonard,Olympique Lyonnais,Toulouse FC,C. Tolisso,0,1,0,0,2,2,0,0,54,0,0,3,1,1,0
57,5 Oct 2025,,7odp3g03ubqgqokl25ha79ces,Thomas Léonard,Olympique Lyonnais,Toulouse FC,M. Fofana,0,1,4,5,2,1,1,2,19,0,0,5,2,1,0
57,5 Oct 2025,,7odp3g03ubqgqokl25ha79ces,Thomas Léonard,Olympique Lyonnais,Toulouse FC,D. Greif,0,0,0,0,0,0,0,0,51,0,2,0,0,0,0
57,5 Oct 2025,,7odp3g03ubqgqokl25ha79ces,Thomas Léonard,Olympique Lyonnais,Toulouse FC,Clinton Mata,0,0,0,1,0,0,0,0,77,0,0,1,0,1,0
57,5 Oct 2025,,7odp3g03ubqgqokl25ha79ces,Thomas Léonard,Olympique Lyonnais,Toulouse FC,T. Morton,0,0,1,5,0,1,0,0,69,0,0,0,0,1,0
57,5 Oct 2025,,7odp3g03ubqgqokl25ha79ces,Thomas Léonard,Olympique Lyonnais,Toulouse FC,T. Tessmann,0,0,0,0,0,3,0,0,48,0,0,0,0,0,0
57,5 Oct 2025,,7odp3g03ubqgqokl25ha79ces,Thomas Léonard,Olympique Lyonnais,Toulouse FC,A. Karabec,0,0,0,6,1,3,0,0,22,0,0,0,0,0,0
57,5 Oct 2025,,7odp3g03ubqgqokl25ha79ces,Thomas Léonard,Olympique Lyonnais,Toulouse FC,Afonso Moreira,0,0,0,1,1,1,0,0,2,0,0,1,0,0,1
57,5 Oct 2025,,7odp3g03ubqgqokl25ha79ces,Thomas Léonard,Olympique Lyonnais,Toulouse FC,Pavel Šulc,0,0,0,0,0,0,0,0,0,0,0,0,0,0,0
57,5 Oct 2025,,7odp3g03ubqgqokl25ha79ces,Thomas Léonard,Olympique Lyonnais,Toulouse FC,M. Sauer,0,1,0,0,0,0,0,0,17,0,0,1,0,0,0
57,5 Oct 2025,,7odp3g03ubqgqokl25ha79ces,Thomas Léonard,Olympique Lyonnais,Toulouse FC,C. Cresswell,0,0,0,0,0,0,0,0,32,0,0,0,0,0,0
57,5 Oct 2025,,7odp3g03ubqgqokl25ha79ces,Thomas Léonard,Olympique Lyonnais,Toulouse FC,F. Magri,0,0,0,0,1,2,0,0,10,0,0,2,1,2,0
57,5 Oct 2025,,7odp3g03ubqgqokl25ha79ces,Thomas Léonard,Olympique Lyonnais,Toulouse FC,W. Kamanzi,0,1,1,0,0,0,0,0,11,0,0,1,0,1,0
57,5 Oct 2025,,7odp3g03ubqgqokl25ha79ces,Thomas Léonard,Olympique Lyonnais,Toulouse FC,R. Nicolaisen,0,0,0,0,4,1,0,0,25,0,0,0,0,2,0
57,5 Oct 2025,,7odp3g03ubqgqokl25ha79ces,Thomas Léonard,Olympique Lyonnais,Toulouse FC,D. Sidibé,0,0,1,1,1,2,0,0,25,0,0,0,0,0,0
57,5 Oct 2025,,7odp3g03ubqgqokl25ha79ces,Thomas Léonard,Olympique Lyonnais,Toulouse FC,A. Dønnum,0,1,2,6,1,3,0,0,22,0,0,1,0,0,1
57,5 Oct 2025,,7odp3g03ubqgqokl25ha79ces,Thomas Léonard,Olympique Lyonnais,Toulouse FC,G. Restes,0,0,0,0,0,0,0,0,26,0,2,0,0,0,0
57,5 Oct 2025,,7odp3g03ubqgqokl25ha79ces,Thomas Léonard,Olympique Lyonnais,Toulouse FC,C. Cásseres,0,0,0,4,1,0,0,0,22,0,0,1,0,1,0
57,5 Oct 2025,,7odp3g03ubqgqokl25ha79ces,Thomas Léonard,Olympique Lyonnais,Toulouse FC,Y. Gboho,0,2,1,0,1,0,0,0,15,0,0,2,0,2,0
57,5 Oct 2025,,7odp3g03ubqgqokl25ha79ces,Thomas Léonard,Olympique Lyonnais,Toulouse FC,M. McKenzie,0,0,0,0,2,0,0,0,19,0,0,0,0,1,1
57,5 Oct 2025,,7odp3g03ubqgqokl25ha79ces,Thomas Léonard,Olympique Lyonnais,Toulouse FC,A. Francis,0,0,0,0,1,1,0,0,17,0,0,0,0,2,1
57,5 Oct 2025,,7odp3g03ubqgqokl25ha79ces,Thomas Léonard,Olympique Lyonnais,Toulouse FC,D. Méthalie,0,0,0,0,3,2,0,0,7,0,0,2,1,1,0
57,5 Oct 2025,,7odp3g03ubqgqokl25ha79ces,Thomas Léonard,Olympique Lyonnais,Toulouse FC,Emersonn,0,0,0,0,1,0,1,0,3,0,0,3,1,0,0
57,5 Oct 2025,,7odp3g03ubqgqokl25ha79ces,Thomas Léonard,Olympique Lyonnais,Toulouse FC,S. Hidalgo,0,0,0,0,1,1,0,0,4,0,0,0,0,0,0
57,5 Oct 2025,,7odp3g03ubqgqokl25ha79ces,Thomas Léonard,Olympique Lyonnais,Toulouse FC,A. Vossah,1,1,0,1,0,0,0,0,2,0,0,1,0,0,0
58,5 Oct 2025,,7oqwklcldhxccx21yl22e8v84,Jérémie Pignard,Le Havre AC,Stade Rennais FC,S. Ebonog,0,0,0,1,1,0,0,0,20,0,0,1,0,1,1
58,5 Oct 2025,,7oqwklcldhxccx21yl22e8v84,Jérémie Pignard,Le Havre AC,Stade Rennais FC,L. Nego,0,1,2,7,2,0,0,0,44,0,0,2,0,0,0
58,5 Oct 2025,,7oqwklcldhxccx21yl22e8v84,Jérémie Pignard,Le Havre AC,Stade Rennais FC,G. Lloris,0,0,0,0,1,0,0,0,48,0,0,0,0,0,0
58,5 Oct 2025,,7oqwklcldhxccx21yl22e8v84,Jérémie Pignard,Le Havre AC,Stade Rennais FC,M. Diaw,0,0,0,0,0,0,0,0,29,0,1,0,0,0,0
58,5 Oct 2025,,7oqwklcldhxccx21yl22e8v84,Jérémie Pignard,Le Havre AC,Stade Rennais FC,Y. Namli,0,0,0,5,1,0,0,1,26,0,0,0,0,2,0
58,5 Oct 2025,,7oqwklcldhxccx21yl22e8v84,Jérémie Pignard,Le Havre AC,Stade Rennais FC,A. Sangante,0,0,0,0,0,1,0,0,63,0,0,0,0,1,0
58,5 Oct 2025,,7oqwklcldhxccx21yl22e8v84,Jérémie Pignard,Le Havre AC,Stade Rennais FC,Y. Zouaoui,0,0,0,9,0,0,0,0,36,0,0,0,0,1,0
58,5 Oct 2025,,7oqwklcldhxccx21yl22e8v84,Jérémie Pignard,Le Havre AC,Stade Rennais FC,R. Ndiaye,0,0,1,4,1,2,1,0,33,0,0,3,1,1,0
58,5 Oct 2025,,7oqwklcldhxccx21yl22e8v84,Jérémie Pignard,Le Havre AC,Stade Rennais FC,A. Seko,0,0,0,0,1,0,0,0,33,0,0,0,0,0,0
58,5 Oct 2025,,7oqwklcldhxccx21yl22e8v84,Jérémie Pignard,Le Havre AC,Stade Rennais FC,I. Soumaré,0,0,0,0,1,4,1,0,23,0,0,1,1,3,0
58,5 Oct 2025,,7oqwklcldhxccx21yl22e8v84,Jérémie Pignard,Le Havre AC,Stade Rennais FC,F. Mambimbi,0,0,0,0,3,0,0,1,10,0,0,1,0,1,0
58,5 Oct 2025,,7oqwklcldhxccx21yl22e8v84,Jérémie Pignard,Le Havre AC,Stade Rennais FC,G. Kyeremeh,1,0,0,2,0,2,0,0,2,0,0,1,0,1,0
58,5 Oct 2025,,7oqwklcldhxccx21yl22e8v84,Jérémie Pignard,Le Havre AC,Stade Rennais FC,F. Doucouré,0,0,0,2,0,0,0,0,15,0,0,0,0,1,0
58,5 Oct 2025,,7oqwklcldhxccx21yl22e8v84,Jérémie Pignard,Le Havre AC,Stade Rennais FC,Y. Kechta,0,0,0,0,1,0,0,0,7,0,0,1,0,1,0
58,5 Oct 2025,,7oqwklcldhxccx21yl22e8v84,Jérémie Pignard,Le Havre AC,Stade Rennais FC,D. Pizarro,0,0,0,0,1,0,0,1,1,0,0,0,0,0,0
58,5 Oct 2025,,7oqwklcldhxccx21yl22e8v84,Jérémie Pignard,Le Havre AC,Stade Rennais FC,E. Koffi Vinette,0,0,0,0,0,0,0,0,0,0,0,0,0,0,0
58,5 Oct 2025,,7oqwklcldhxccx21yl22e8v84,Jérémie Pignard,Le Havre AC,Stade Rennais FC,E. Lepaul,1,0,0,0,1,0,1,0,29,0,0,1,1,0,0
58,5 Oct 2025,,7oqwklcldhxccx21yl22e8v84,Jérémie Pignard,Le Havre AC,Stade Rennais FC,V. Rongier,0,0,0,1,3,0,0,0,86,0,0,0,0,1,1
58,5 Oct 2025,,7oqwklcldhxccx21yl22e8v84,Jérémie Pignard,Le Havre AC,Stade Rennais FC,L. Brassier,0,0,0,3,0,1,0,0,73,0,0,0,0,3,0
58,5 Oct 2025,,7oqwklcldhxccx21yl22e8v84,Jérémie Pignard,Le Havre AC,Stade Rennais FC,J. Jacquet,0,0,0,0,3,3,0,0,58,0,0,0,0,1,1
58,5 Oct 2025,,7oqwklcldhxccx21yl22e8v84,Jérémie Pignard,Le Havre AC,Stade Rennais FC,A. Seidu,0,0,1,2,0,2,0,0,69,0,0,1,0,2,0
58,5 Oct 2025,,7oqwklcldhxccx21yl22e8v84,Jérémie Pignard,Le Havre AC,Stade Rennais FC,Q. Merlin,0,2,2,8,0,2,0,1,45,0,0,4,0,1,0
58,5 Oct 2025,,7oqwklcldhxccx21yl22e8v84,Jérémie Pignard,Le Havre AC,Stade Rennais FC,B. Embolo,0,0,0,0,0,3,1,1,13,0,0,1,1,2,0
58,5 Oct 2025,,7oqwklcldhxccx21yl22e8v84,Jérémie Pignard,Le Havre AC,Stade Rennais FC,P. Frankowski,0,0,0,7,0,0,0,0,51,0,0,0,0,4,0
58,5 Oct 2025,,7oqwklcldhxccx21yl22e8v84,Jérémie Pignard,Le Havre AC,Stade Rennais FC,M. Camara,0,0,1,4,1,1,0,0,40,0,0,0,0,1,0
58,5 Oct 2025,,7oqwklcldhxccx21yl22e8v84,Jérémie Pignard,Le Havre AC,Stade Rennais FC,D. Cissé,0,0,0,0,1,0,0,0,25,0,0,1,1,1,0
58,5 Oct 2025,,7oqwklcldhxccx21yl22e8v84,Jérémie Pignard,Le Havre AC,Stade Rennais FC,B. Samba,0,0,0,0,0,0,0,0,35,0,0,0,0,0,0
58,5 Oct 2025,,7oqwklcldhxccx21yl22e8v84,Jérémie Pignard,Le Havre AC,Stade Rennais FC,S. Fofana,0,0,0,1,0,1,0,0,18,0,0,0,0,0,0
58,5 Oct 2025,,7oqwklcldhxccx21yl22e8v84,Jérémie Pignard,Le Havre AC,Stade Rennais FC,Mousa Tamari,0,0,0,0,0,0,0,0,1,0,0,1,0,0,0
59,3 Oct 2025,,7p43li2bqzu2bl9eqqg9bq42c,Benoît Millot,Paris FC,FC Lorient,M. Mbow,0,0,0,0,1,0,0,0,87,0,0,0,0,1,0
59,3 Oct 2025,,7p43li2bqzu2bl9eqqg9bq42c,Benoît Millot,Paris FC,FC Lorient,P. Lees-Melou,0,1,0,0,1,2,0,0,64,0,0,1,0,5,0
59,3 Oct 2025,,7p43li2bqzu2bl9eqqg9bq42c,Benoît Millot,Paris FC,FC Lorient,H. Traoré,0,0,0,4,1,0,0,0,45,0,0,0,0,2,0
59,3 Oct 2025,,7p43li2bqzu2bl9eqqg9bq42c,Benoît Millot,Paris FC,FC Lorient,T. De Smet,0,0,0,1,2,1,0,0,58,0,0,0,0,0,0
59,3 Oct 2025,,7p43li2bqzu2bl9eqqg9bq42c,Benoît Millot,Paris FC,FC Lorient,Otávio,0,0,0,0,1,5,0,1,94,0,0,1,0,4,0
59,3 Oct 2025,,7p43li2bqzu2bl9eqqg9bq42c,Benoît Millot,Paris FC,FC Lorient,M. Lopez,0,0,0,0,4,0,0,1,94,0,0,0,0,1,0
59,3 Oct 2025,,7p43li2bqzu2bl9eqqg9bq42c,Benoît Millot,Paris FC,FC Lorient,I. Kebbal,0,0,0,2,2,0,1,0,82,0,0,2,1,2,0
59,3 Oct 2025,,7p43li2bqzu2bl9eqqg9bq42c,Benoît Millot,Paris FC,FC Lorient,A. Camara,0,0,0,0,2,1,0,0,29,0,0,0,0,2,0
59,3 Oct 2025,,7p43li2bqzu2bl9eqqg9bq42c,Benoît Millot,Paris FC,FC Lorient,J. Krasso,1,0,0,0,2,0,1,1,11,0,0,3,1,0,0
59,3 Oct 2025,,7p43li2bqzu2bl9eqqg9bq42c,Benoît Millot,Paris FC,FC Lorient,M. Simon,1,1,1,6,0,0,0,0,24,0,0,1,0,0,0
59,3 Oct 2025,,7p43li2bqzu2bl9eqqg9bq42c,Benoît Millot,Paris FC,FC Lorient,O. Nkambadio,0,0,0,0,0,0,0,0,32,0,3,0,0,0,0
59,3 Oct 2025,,7p43li2bqzu2bl9eqqg9bq42c,Benoît Millot,Paris FC,FC Lorient,S. Chergui,0,0,0,0,1,0,0,0,15,0,0,0,0,0,0
59,3 Oct 2025,,7p43li2bqzu2bl9eqqg9bq42c,Benoît Millot,Paris FC,FC Lorient,J. Ikoné,0,0,0,0,0,1,0,0,9,0,0,0,0,0,0
59,3 Oct 2025,,7p43li2bqzu2bl9eqqg9bq42c,Benoît Millot,Paris FC,FC Lorient,W. Geubbels,0,0,0,0,2,0,0,0,7,0,0,1,0,0,0
59,3 Oct 2025,,7p43li2bqzu2bl9eqqg9bq42c,Benoît Millot,Paris FC,FC Lorient,N. Sangui,0,0,0,0,0,0,0,0,2,0,0,1,0,0,0
59,3 Oct 2025,,7p43li2bqzu2bl9eqqg9bq42c,Benoît Millot,Paris FC,FC Lorient,Julien Yves Rémi Lopez Baila,0,0,0,0,0,0,0,0,0,0,0,0,0,0,0
59,3 Oct 2025,,7p43li2bqzu2bl9eqqg9bq42c,Benoît Millot,Paris FC,FC Lorient,A. Avom,0,0,1,6,0,3,0,0,43,0,0,0,0,1,0
59,3 Oct 2025,,7p43li2bqzu2bl9eqqg9bq42c,Benoît Millot,Paris FC,FC Lorient,L. Abergel,0,0,0,0,0,1,0,0,65,0,0,1,0,2,0
59,3 Oct 2025,,7p43li2bqzu2bl9eqqg9bq42c,Benoît Millot,Paris FC,FC Lorient,A. Kouassi,0,0,1,4,0,1,0,0,35,0,0,0,0,0,1
59,3 Oct 2025,,7p43li2bqzu2bl9eqqg9bq42c,Benoît Millot,Paris FC,FC Lorient,P. Pagis,0,0,1,5,0,0,0,0,19,0,0,2,1,1,0
59,3 Oct 2025,,7p43li2bqzu2bl9eqqg9bq42c,Benoît Millot,Paris FC,FC Lorient,T. Le Bris,0,0,0,4,2,0,0,0,29,0,0,0,0,4,0
59,3 Oct 2025,,7p43li2bqzu2bl9eqqg9bq42c,Benoît Millot,Paris FC,FC Lorient,B. Meïté,0,0,0,0,1,1,0,0,58,0,0,0,0,0,0
59,3 Oct 2025,,7p43li2bqzu2bl9eqqg9bq42c,Benoît Millot,Paris FC,FC Lorient,M. Talbi,0,0,0,0,0,1,0,0,50,0,0,1,0,0,0
59,3 Oct 2025,,7p43li2bqzu2bl9eqqg9bq42c,Benoît Millot,Paris FC,FC Lorient,Y. Mvogo,0,0,0,0,0,0,0,0,36,0,0,0,0,0,0
59,3 Oct 2025,,7p43li2bqzu2bl9eqqg9bq42c,Benoît Millot,Paris FC,FC Lorient,A. Faye,0,0,0,0,1,3,0,0,64,0,0,0,0,4,1
59,3 Oct 2025,,7p43li2bqzu2bl9eqqg9bq42c,Benoît Millot,Paris FC,FC Lorient,J. Makengo,0,0,0,0,1,4,0,0,28,0,0,0,0,0,0
59,3 Oct 2025,,7p43li2bqzu2bl9eqqg9bq42c,Benoît Millot,Paris FC,FC Lorient,M. Bamba,0,0,0,0,1,1,0,2,10,0,0,0,0,0,0
59,3 Oct 2025,,7p43li2bqzu2bl9eqqg9bq42c,Benoît Millot,Paris FC,FC Lorient,A. Tosin,0,0,0,1,0,0,0,0,6,0,0,1,0,0,0
59,3 Oct 2025,,7p43li2bqzu2bl9eqqg9bq42c,Benoît Millot,Paris FC,FC Lorient,S. Soumano,0,0,0,0,1,0,0,0,5,0,0,0,0,0,0
59,3 Oct 2025,,7p43li2bqzu2bl9eqqg9bq42c,Benoît Millot,Paris FC,FC Lorient,J. Mvuka,0,1,1,0,0,2,0,0,0,0,0,1,0,0,0
59,3 Oct 2025,,7p43li2bqzu2bl9eqqg9bq42c,Benoît Millot,Paris FC,FC Lorient,D. Yongwa,0,0,0,0,0,1,0,0,3,0,0,0,0,1,0
59,3 Oct 2025,,7p43li2bqzu2bl9eqqg9bq42c,Benoît Millot,Paris FC,FC Lorient,B. Dieng,0,0,1,0,3,0,0,0,1,0,0,2,2,0,1
60,5 Oct 2025,,7pj6sxncv64nf54kv4x0c795g,Guillaume Paradis,RC Strasbourg Alsace,Angers Sporting Club de l'Ouest,G. Doué,1,0,0,0,2,2,0,0,116,0,0,0,0,4,0
60,5 Oct 2025,,7pj6sxncv64nf54kv4x0c795g,Guillaume Paradis,RC Strasbourg Alsace,Angers Sporting Club de l'Ouest,A. Ouattara,0,0,0,0,4,0,1,0,46,0,0,2,2,2,0
60,5 Oct 2025,,7pj6sxncv64nf54kv4x0c795g,Guillaume Paradis,RC Strasbourg Alsace,Angers Sporting Club de l'Ouest,M. Penders,0,0,0,0,0,0,0,0,61,0,1,0,0,0,0
60,5 Oct 2025,,7pj6sxncv64nf54kv4x0c795g,Guillaume Paradis,RC Strasbourg Alsace,Angers Sporting Club de l'Ouest,I. Doukouré,0,0,0,0,0,1,0,0,91,0,0,0,0,0,0
60,5 Oct 2025,,7pj6sxncv64nf54kv4x0c795g,Guillaume Paradis,RC Strasbourg Alsace,Angers Sporting Club de l'Ouest,V. Barco,1,0,0,3,1,3,0,0,79,0,0,1,0,3,1
60,5 Oct 2025,,7pj6sxncv64nf54kv4x0c795g,Guillaume Paradis,RC Strasbourg Alsace,Angers Sporting Club de l'Ouest,L. Høgsberg,0,1,0,0,0,0,0,0,97,0,0,1,0,0,0
60,5 Oct 2025,,7pj6sxncv64nf54kv4x0c795g,Guillaume Paradis,RC Strasbourg Alsace,Angers Sporting Club de l'Ouest,S. El Mourabet,0,1,0,0,2,0,0,0,92,0,0,1,0,4,0
60,5 Oct 2025,,7pj6sxncv64nf54kv4x0c795g,Guillaume Paradis,RC Strasbourg Alsace,Angers Sporting Club de l'Ouest,D. Moreira,0,0,0,5,1,1,0,0,41,0,0,0,0,1,1
60,5 Oct 2025,,7pj6sxncv64nf54kv4x0c795g,Guillaume Paradis,RC Strasbourg Alsace,Angers Sporting Club de l'Ouest,F. Lemaréchal,2,0,0,1,0,0,0,0,30,0,0,2,1,6,0
60,5 Oct 2025,,7pj6sxncv64nf54kv4x0c795g,Guillaume Paradis,RC Strasbourg Alsace,Angers Sporting Club de l'Ouest,M. Godo,0,0,1,3,0,1,2,0,39,0,0,3,3,0,0
60,5 Oct 2025,,7pj6sxncv64nf54kv4x0c795g,Guillaume Paradis,RC Strasbourg Alsace,Angers Sporting Club de l'Ouest,J. Panichelli,0,0,0,0,1,1,2,1,10,0,0,6,5,0,0
60,5 Oct 2025,,7pj6sxncv64nf54kv4x0c795g,Guillaume Paradis,RC Strasbourg Alsace,Angers Sporting Club de l'Ouest,J. Enciso,0,1,0,0,0,1,0,0,7,0,0,2,1,0,0
60,5 Oct 2025,,7pj6sxncv64nf54kv4x0c795g,Guillaume Paradis,RC Strasbourg Alsace,Angers Sporting Club de l'Ouest,Rafael Luís,0,0,0,0,0,0,0,0,20,0,0,0,0,1,0
60,5 Oct 2025,,7pj6sxncv64nf54kv4x0c795g,Guillaume Paradis,RC Strasbourg Alsace,Angers Sporting Club de l'Ouest,S. Amo-Ameyaw,0,0,1,1,0,0,0,0,17,0,0,0,0,0,0
60,5 Oct 2025,,7pj6sxncv64nf54kv4x0c795g,Guillaume Paradis,RC Strasbourg Alsace,Angers Sporting Club de l'Ouest,A. Omobamidele,0,0,0,0,0,0,0,0,32,0,0,0,0,0,0
60,5 Oct 2025,,7pj6sxncv64nf54kv4x0c795g,Guillaume Paradis,RC Strasbourg Alsace,Angers Sporting Club de l'Ouest,K. Páez,0,0,0,0,1,0,0,1,3,0,0,0,0,0,0
60,5 Oct 2025,,7pj6sxncv64nf54kv4x0c795g,Guillaume Paradis,RC Strasbourg Alsace,Angers Sporting Club de l'Ouest,P. Peter,0,0,0,0,1,0,0,2,15,0,0,2,1,0,0
60,5 Oct 2025,,7pj6sxncv64nf54kv4x0c795g,Guillaume Paradis,RC Strasbourg Alsace,Angers Sporting Club de l'Ouest,H. Abdelli,0,0,0,0,1,2,0,0,34,0,0,0,0,1,0
60,5 Oct 2025,,7pj6sxncv64nf54kv4x0c795g,Guillaume Paradis,RC Strasbourg Alsace,Angers Sporting Club de l'Ouest,J. Ekomié,0,0,0,3,0,2,0,0,22,0,0,0,0,1,0
60,5 Oct 2025,,7pj6sxncv64nf54kv4x0c795g,Guillaume Paradis,RC Strasbourg Alsace,Angers Sporting Club de l'Ouest,J. Kalumba,0,0,1,5,1,0,0,0,17,0,0,0,0,4,0
60,5 Oct 2025,,7pj6sxncv64nf54kv4x0c795g,Guillaume Paradis,RC Strasbourg Alsace,Angers Sporting Club de l'Ouest,J. Lefort,0,0,0,2,0,1,0,0,50,0,0,0,0,1,0
60,5 Oct 2025,,7pj6sxncv64nf54kv4x0c795g,Guillaume Paradis,RC Strasbourg Alsace,Angers Sporting Club de l'Ouest,E. Biumla,0,0,0,0,0,1,0,0,44,0,0,0,0,4,0
60,5 Oct 2025,,7pj6sxncv64nf54kv4x0c795g,Guillaume Paradis,RC Strasbourg Alsace,Angers Sporting Club de l'Ouest,C. Arcus,0,0,2,1,2,1,0,0,53,0,0,0,0,2,0
60,5 Oct 2025,,7pj6sxncv64nf54kv4x0c795g,Guillaume Paradis,RC Strasbourg Alsace,Angers Sporting Club de l'Ouest,L. Raolisoa,0,1,1,0,1,2,0,0,17,0,0,1,0,1,0
60,5 Oct 2025,,7pj6sxncv64nf54kv4x0c795g,Guillaume Paradis,RC Strasbourg Alsace,Angers Sporting Club de l'Ouest,Y. Belkhdim,0,1,1,0,2,2,0,0,30,0,0,1,0,3,0
60,5 Oct 2025,,7pj6sxncv64nf54kv4x0c795g,Guillaume Paradis,RC Strasbourg Alsace,Angers Sporting Club de l'Ouest,H. Belkebla,0,0,0,0,1,0,0,0,40,0,0,0,0,1,1
60,5 Oct 2025,,7pj6sxncv64nf54kv4x0c795g,Guillaume Paradis,RC Strasbourg Alsace,Angers Sporting Club de l'Ouest,H. Koffi,0,0,0,0,0,0,0,0,31,0,7,0,0,0,0
60,5 Oct 2025,,7pj6sxncv64nf54kv4x0c795g,Guillaume Paradis,RC Strasbourg Alsace,Angers Sporting Club de l'Ouest,F. Hanin,0,0,0,2,1,0,0,0,15,0,0,0,0,1,0
60,5 Oct 2025,,7pj6sxncv64nf54kv4x0c795g,Guillaume Paradis,RC Strasbourg Alsace,Angers Sporting Club de l'Ouest,S. Cherif,0,0,0,0,0,0,0,0,6,0,0,0,0,1,0
60,5 Oct 2025,,7pj6sxncv64nf54kv4x0c795g,Guillaume Paradis,RC Strasbourg Alsace,Angers Sporting Club de l'Ouest,O. Camara,0,0,0,0,1,0,0,0,14,0,0,0,0,0,1
60,5 Oct 2025,,7pj6sxncv64nf54kv4x0c795g,Guillaume Paradis,RC Strasbourg Alsace,Angers Sporting Club de l'Ouest,L. Mouton,0,1,0,0,0,0,0,0,4,0,0,1,0,0,0
60,5 Oct 2025,,7pj6sxncv64nf54kv4x0c795g,Guillaume Paradis,RC Strasbourg Alsace,Angers Sporting Club de l'Ouest,M. Courcoul,0,0,0,0,0,0,0,0,8,0,0,0,0,0,0
91,1 Nov 2025,,81aediyh85oa7ux7qj50va4us,François Letexier,Paris Saint-Germain FC,OGC Nice Côte d'Azur,Vitinha,0,1,2,1,0,0,0,0,140,0,0,3,1,1,0
91,1 Nov 2025,,81aediyh85oa7ux7qj50va4us,François Letexier,Paris Saint-Germain FC,OGC Nice Côte d'Azur,João Neves,0,1,1,0,2,0,0,0,64,0,0,2,0,1,0
91,1 Nov 2025,,81aediyh85oa7ux7qj50va4us,François Letexier,Paris Saint-Germain FC,OGC Nice Côte d'Azur,W. Pacho,0,0,0,0,1,0,0,0,81,0,0,0,0,1,0
91,1 Nov 2025,,81aediyh85oa7ux7qj50va4us,François Letexier,Paris Saint-Germain FC,OGC Nice Côte d'Azur,Nuno Mendes,0,2,1,6,2,1,0,0,79,0,0,2,0,2,0
91,1 Nov 2025,,81aediyh85oa7ux7qj50va4us,François Letexier,Paris Saint-Germain FC,OGC Nice Côte d'Azur,I. Zabarnyi,0,0,1,0,1,1,0,0,92,0,0,0,0,0,1
91,1 Nov 2025,,81aediyh85oa7ux7qj50va4us,François Letexier,Paris Saint-Germain FC,OGC Nice Côte d'Azur,W. Zaïre-Emery,0,1,0,0,2,0,0,0,64,0,0,2,1,1,0
91,1 Nov 2025,,81aediyh85oa7ux7qj50va4us,François Letexier,Paris Saint-Germain FC,OGC Nice Côte d'Azur,K. Kvaratskhelia,1,1,2,11,2,1,0,0,78,0,0,2,0,5,1
91,1 Nov 2025,,81aediyh85oa7ux7qj50va4us,François Letexier,Paris Saint-Germain FC,OGC Nice Côte d'Azur,A. Hakimi,0,2,1,5,0,1,0,1,87,0,0,2,0,1,0
91,1 Nov 2025,,81aediyh85oa7ux7qj50va4us,François Letexier,Paris Saint-Germain FC,OGC Nice Côte d'Azur,S. Mayulu,0,1,0,0,1,0,0,0,19,0,0,3,0,1,0
91,1 Nov 2025,,81aediyh85oa7ux7qj50va4us,François Letexier,Paris Saint-Germain FC,OGC Nice Côte d'Azur,B. Barcola,0,1,1,2,1,1,0,0,24,0,0,4,2,0,0
91,1 Nov 2025,,81aediyh85oa7ux7qj50va4us,François Letexier,Paris Saint-Germain FC,OGC Nice Côte d'Azur,L. Chevalier,0,0,0,0,0,0,0,0,17,0,2,0,0,0,0
91,1 Nov 2025,,81aediyh85oa7ux7qj50va4us,François Letexier,Paris Saint-Germain FC,OGC Nice Côte d'Azur,Lee Kang-In,0,1,1,5,0,0,0,0,21,0,0,1,0,0,1
91,1 Nov 2025,,81aediyh85oa7ux7qj50va4us,François Letexier,Paris Saint-Germain FC,OGC Nice Côte d'Azur,Fabián Ruiz,0,0,0,2,0,0,0,0,25,0,0,1,0,0,0
91,1 Nov 2025,,81aediyh85oa7ux7qj50va4us,François Letexier,Paris Saint-Germain FC,OGC Nice Côte d'Azur,O. Dembélé,0,0,0,3,0,0,0,1,14,0,0,2,1,0,0
91,1 Nov 2025,,81aediyh85oa7ux7qj50va4us,François Letexier,Paris Saint-Germain FC,OGC Nice Côte d'Azur,Gonçalo Ramos,0,0,1,0,0,0,1,0,0,0,0,4,3,0,0
91,1 Nov 2025,,81aediyh85oa7ux7qj50va4us,François Letexier,Paris Saint-Germain FC,OGC Nice Côte d'Azur,M. Bard,0,0,0,0,1,1,0,0,14,0,0,0,0,1,0
91,1 Nov 2025,,81aediyh85oa7ux7qj50va4us,François Letexier,Paris Saint-Germain FC,OGC Nice Côte d'Azur,M. Sanson,0,1,1,0,0,1,0,0,4,0,0,1,0,0,0
91,1 Nov 2025,,81aediyh85oa7ux7qj50va4us,François Letexier,Paris Saint-Germain FC,OGC Nice Côte d'Azur,J. Bah,0,1,0,0,1,0,0,1,25,0,0,1,0,1,1
91,1 Nov 2025,,81aediyh85oa7ux7qj50va4us,François Letexier,Paris Saint-Germain FC,OGC Nice Côte d'Azur,T. Louchet,0,0,0,1,0,0,0,0,25,0,0,0,0,3,0
91,1 Nov 2025,,81aediyh85oa7ux7qj50va4us,François Letexier,Paris Saint-Germain FC,OGC Nice Côte d'Azur,A. Abdi,0,0,0,1,2,1,0,0,20,0,0,0,0,3,0
91,1 Nov 2025,,81aediyh85oa7ux7qj50va4us,François Letexier,Paris Saint-Germain FC,OGC Nice Côte d'Azur,I. Jansson,0,0,0,0,0,0,0,0,5,0,0,0,0,0,0
91,1 Nov 2025,,81aediyh85oa7ux7qj50va4us,François Letexier,Paris Saint-Germain FC,OGC Nice Côte d'Azur,A. Mendy,0,0,0,0,1,2,0,0,19,0,0,1,1,4,0
91,1 Nov 2025,,81aediyh85oa7ux7qj50va4us,François Letexier,Paris Saint-Germain FC,OGC Nice Côte d'Azur,H. Boudaoui,0,0,0,1,0,0,0,0,16,0,0,0,0,2,0
91,1 Nov 2025,,81aediyh85oa7ux7qj50va4us,François Letexier,Paris Saint-Germain FC,OGC Nice Côte d'Azur,K. Peprah Oppong,0,1,0,0,0,0,0,0,27,0,0,1,0,4,0
91,1 Nov 2025,,81aediyh85oa7ux7qj50va4us,François Letexier,Paris Saint-Germain FC,OGC Nice Côte d'Azur,Tiago Gouveia,0,0,0,0,0,3,0,0,28,0,0,0,0,2,0
91,1 Nov 2025,,81aediyh85oa7ux7qj50va4us,François Letexier,Paris Saint-Germain FC,OGC Nice Côte d'Azur,Y. Diouf,0,0,0,0,0,0,0,0,35,0,7,0,0,0,0
91,1 Nov 2025,,81aediyh85oa7ux7qj50va4us,François Letexier,Paris Saint-Germain FC,OGC Nice Côte d'Azur,S. Diop,0,0,0,1,0,2,0,0,8,0,0,0,0,0,0
91,1 Nov 2025,,81aediyh85oa7ux7qj50va4us,François Letexier,Paris Saint-Germain FC,OGC Nice Côte d'Azur,J. Boga,0,0,0,0,0,1,0,0,9,0,0,1,1,0,0
91,1 Nov 2025,,81aediyh85oa7ux7qj50va4us,François Letexier,Paris Saint-Germain FC,OGC Nice Côte d'Azur,C. Vanhoutte,0,0,0,0,0,0,0,0,9,0,0,0,0,0,0
91,1 Nov 2025,,81aediyh85oa7ux7qj50va4us,François Letexier,Paris Saint-Germain FC,OGC Nice Côte d'Azur,S. Abdul Samed,0,0,0,0,0,0,0,0,3,0,0,0,0,0,0
92,2 Nov 2025,,81nmz4z6jep92lon7gofss650,Jeremy Stinat,Toulouse FC,Le Havre AC,D. Sidibé,0,1,0,5,1,2,0,0,38,0,0,1,0,3,0
92,2 Nov 2025,,81nmz4z6jep92lon7gofss650,Jeremy Stinat,Toulouse FC,Le Havre AC,Emersonn,0,2,0,0,5,0,0,0,13,0,0,5,0,1,0
92,2 Nov 2025,,81nmz4z6jep92lon7gofss650,Jeremy Stinat,Toulouse FC,Le Havre AC,A. Dønnum,0,0,2,10,0,1,0,0,44,0,0,2,0,1,0
92,2 Nov 2025,,81nmz4z6jep92lon7gofss650,Jeremy Stinat,Toulouse FC,Le Havre AC,Y. Gboho,0,3,4,6,0,1,0,0,27,0,0,4,0,0,0
92,2 Nov 2025,,81nmz4z6jep92lon7gofss650,Jeremy Stinat,Toulouse FC,Le Havre AC,F. Magri,0,0,1,0,0,4,0,0,17,0,0,1,1,1,0
92,2 Nov 2025,,81nmz4z6jep92lon7gofss650,Jeremy Stinat,Toulouse FC,Le Havre AC,C. Cresswell,0,0,0,0,1,0,0,0,36,0,0,1,0,2,0
92,2 Nov 2025,,81nmz4z6jep92lon7gofss650,Jeremy Stinat,Toulouse FC,Le Havre AC,C. Cásseres,0,0,2,10,0,0,0,0,44,0,0,1,0,0,0
92,2 Nov 2025,,81nmz4z6jep92lon7gofss650,Jeremy Stinat,Toulouse FC,Le Havre AC,M. Sauer,0,0,0,0,0,0,0,0,16,0,0,1,0,0,0
92,2 Nov 2025,,81nmz4z6jep92lon7gofss650,Jeremy Stinat,Toulouse FC,Le Havre AC,R. Nicolaisen,0,0,0,1,1,3,0,0,30,0,0,0,0,0,1
92,2 Nov 2025,,81nmz4z6jep92lon7gofss650,Jeremy Stinat,Toulouse FC,Le Havre AC,G. Restes,0,0,0,0,0,0,0,0,23,0,3,0,0,0,0
92,2 Nov 2025,,81nmz4z6jep92lon7gofss650,Jeremy Stinat,Toulouse FC,Le Havre AC,D. Méthalie,0,0,0,5,2,0,0,0,27,0,0,0,0,1,0
92,2 Nov 2025,,81nmz4z6jep92lon7gofss650,Jeremy Stinat,Toulouse FC,Le Havre AC,A. Vossah,0,0,0,0,1,1,0,0,11,0,0,1,1,0,0
92,2 Nov 2025,,81nmz4z6jep92lon7gofss650,Jeremy Stinat,Toulouse FC,Le Havre AC,W. Kamanzi,0,1,1,1,1,0,0,0,7,0,0,1,0,0,0
92,2 Nov 2025,,81nmz4z6jep92lon7gofss650,Jeremy Stinat,Toulouse FC,Le Havre AC,N. Edjouma,0,0,0,0,0,0,0,0,2,0,0,0,0,0,0
92,2 Nov 2025,,81nmz4z6jep92lon7gofss650,Jeremy Stinat,Toulouse FC,Le Havre AC,Y. Kechta,0,0,0,2,4,0,0,0,23,0,0,1,0,2,0
92,2 Nov 2025,,81nmz4z6jep92lon7gofss650,Jeremy Stinat,Toulouse FC,Le Havre AC,A. Seko,0,1,0,0,1,0,0,0,28,0,0,1,0,4,0
92,2 Nov 2025,,81nmz4z6jep92lon7gofss650,Jeremy Stinat,Toulouse FC,Le Havre AC,A. Touré,0,0,0,2,2,3,0,0,31,0,0,2,1,5,1
92,2 Nov 2025,,81nmz4z6jep92lon7gofss650,Jeremy Stinat,Toulouse FC,Le Havre AC,I. Soumaré,0,0,1,2,0,2,0,0,23,0,0,3,1,2,0
92,2 Nov 2025,,81nmz4z6jep92lon7gofss650,Jeremy Stinat,Toulouse FC,Le Havre AC,Y. Zouaoui,0,0,0,6,0,0,0,0,41,0,0,0,0,1,0
92,2 Nov 2025,,81nmz4z6jep92lon7gofss650,Jeremy Stinat,Toulouse FC,Le Havre AC,G. Lloris,0,0,0,0,3,1,0,0,66,0,0,0,0,0,0
92,2 Nov 2025,,81nmz4z6jep92lon7gofss650,Jeremy Stinat,Toulouse FC,Le Havre AC,A. Sangante,0,0,0,0,0,4,0,0,65,0,0,1,1,3,0
92,2 Nov 2025,,81nmz4z6jep92lon7gofss650,Jeremy Stinat,Toulouse FC,Le Havre AC,L. Nego,0,0,0,2,1,1,0,0,50,0,0,0,0,5,0
92,2 Nov 2025,,81nmz4z6jep92lon7gofss650,Jeremy Stinat,Toulouse FC,Le Havre AC,M. Diaw,0,0,0,0,0,0,0,0,46,0,2,0,0,0,0
92,2 Nov 2025,,81nmz4z6jep92lon7gofss650,Jeremy Stinat,Toulouse FC,Le Havre AC,F. Mambimbi,0,0,0,0,2,1,0,2,7,0,0,0,0,0,0
92,2 Nov 2025,,81nmz4z6jep92lon7gofss650,Jeremy Stinat,Toulouse FC,Le Havre AC,R. Ndiaye,0,0,1,1,0,0,0,0,37,0,0,0,0,3,0
92,2 Nov 2025,,81nmz4z6jep92lon7gofss650,Jeremy Stinat,Toulouse FC,Le Havre AC,S. Ebonog,0,1,0,0,1,0,0,0,4,0,0,1,0,1,1
92,2 Nov 2025,,81nmz4z6jep92lon7gofss650,Jeremy Stinat,Toulouse FC,Le Havre AC,R. Khadra,0,0,0,0,0,0,0,0,2,0,0,0,0,1,0
92,2 Nov 2025,,81nmz4z6jep92lon7gofss650,Jeremy Stinat,Toulouse FC,Le Havre AC,T. Delaine,0,0,0,1,0,0,0,0,4,0,0,0,0,0,0
93,2 Nov 2025,,820yilruplpojta9jznqwt82c,Jérôme Brisard,Lille OSC,Angers Sporting Club de l'Ouest,B. André,0,1,0,0,2,1,0,0,59,0,0,3,0,2,0
93,2 Nov 2025,,820yilruplpojta9jznqwt82c,Jérôme Brisard,Lille OSC,Angers Sporting Club de l'Ouest,C. Mbemba,0,0,0,0,0,1,0,0,51,0,0,0,0,2,0
93,2 Nov 2025,,820yilruplpojta9jznqwt82c,Jérôme Brisard,Lille OSC,Angers Sporting Club de l'Ouest,A. Mandi,0,0,0,0,0,1,0,0,75,0,0,0,0,2,0
93,2 Nov 2025,,820yilruplpojta9jznqwt82c,Jérôme Brisard,Lille OSC,Angers Sporting Club de l'Ouest,T. Meunier,0,0,1,3,1,0,0,0,59,0,0,0,0,3,0
93,2 Nov 2025,,820yilruplpojta9jznqwt82c,Jérôme Brisard,Lille OSC,Angers Sporting Club de l'Ouest,B. Özer,0,0,0,0,0,0,0,0,39,0,1,0,0,0,0
93,2 Nov 2025,,820yilruplpojta9jznqwt82c,Jérôme Brisard,Lille OSC,Angers Sporting Club de l'Ouest,H. Haraldsson,0,2,2,8,0,1,0,0,33,0,0,2,0,0,0
93,2 Nov 2025,,820yilruplpojta9jznqwt82c,Jérôme Brisard,Lille OSC,Angers Sporting Club de l'Ouest,Félix Correia,0,0,1,3,1,0,1,0,44,0,0,5,1,1,0
93,2 Nov 2025,,820yilruplpojta9jznqwt82c,Jérôme Brisard,Lille OSC,Angers Sporting Club de l'Ouest,Matías Fernández,0,0,2,1,0,2,0,1,17,0,0,0,0,1,0
93,2 Nov 2025,,820yilruplpojta9jznqwt82c,Jérôme Brisard,Lille OSC,Angers Sporting Club de l'Ouest,A. Bouaddi,1,0,0,0,1,1,0,0,48,0,0,1,1,4,0
93,2 Nov 2025,,820yilruplpojta9jznqwt82c,Jérôme Brisard,Lille OSC,Angers Sporting Club de l'Ouest,C. Verdonk,0,0,1,4,3,0,0,0,52,0,0,0,0,1,1
93,2 Nov 2025,,820yilruplpojta9jznqwt82c,Jérôme Brisard,Lille OSC,Angers Sporting Club de l'Ouest,O. Giroud,0,0,0,0,2,0,0,0,19,0,0,2,1,0,0
93,2 Nov 2025,,820yilruplpojta9jznqwt82c,Jérôme Brisard,Lille OSC,Angers Sporting Club de l'Ouest,H. Igamane,0,0,1,0,0,0,0,0,12,0,0,1,1,0,0
93,2 Nov 2025,,820yilruplpojta9jznqwt82c,Jérôme Brisard,Lille OSC,Angers Sporting Club de l'Ouest,N. Bentaleb,0,0,1,1,0,0,0,0,17,0,0,1,0,0,0
93,2 Nov 2025,,820yilruplpojta9jznqwt82c,Jérôme Brisard,Lille OSC,Angers Sporting Club de l'Ouest,O. Sahraoui,0,0,0,0,0,1,0,0,14,0,0,0,0,0,0
93,2 Nov 2025,,820yilruplpojta9jznqwt82c,Jérôme Brisard,Lille OSC,Angers Sporting Club de l'Ouest,N. Mukau,0,0,0,0,0,0,0,0,6,0,0,0,0,0,0
93,2 Nov 2025,,820yilruplpojta9jznqwt82c,Jérôme Brisard,Lille OSC,Angers Sporting Club de l'Ouest,S. Cherif,0,2,0,0,0,0,0,2,15,0,0,2,0,0,0
93,2 Nov 2025,,820yilruplpojta9jznqwt82c,Jérôme Brisard,Lille OSC,Angers Sporting Club de l'Ouest,J. Lefort,0,0,0,0,1,0,0,0,67,0,0,1,0,2,0
93,2 Nov 2025,,820yilruplpojta9jznqwt82c,Jérôme Brisard,Lille OSC,Angers Sporting Club de l'Ouest,L. Raolisoa,0,0,1,3,0,1,0,0,19,0,0,1,1,1,0
93,2 Nov 2025,,820yilruplpojta9jznqwt82c,Jérôme Brisard,Lille OSC,Angers Sporting Club de l'Ouest,H. Koffi,0,0,0,0,0,0,0,0,30,0,2,0,0,0,0
93,2 Nov 2025,,820yilruplpojta9jznqwt82c,Jérôme Brisard,Lille OSC,Angers Sporting Club de l'Ouest,C. Arcus,0,1,0,1,3,1,0,0,42,0,0,1,0,2,0
93,2 Nov 2025,,820yilruplpojta9jznqwt82c,Jérôme Brisard,Lille OSC,Angers Sporting Club de l'Ouest,O. Camara,0,0,0,0,0,0,0,0,56,0,0,0,0,2,0
93,2 Nov 2025,,820yilruplpojta9jznqwt82c,Jérôme Brisard,Lille OSC,Angers Sporting Club de l'Ouest,J. Ekomié,0,0,0,1,0,1,0,0,49,0,0,0,0,1,0
93,2 Nov 2025,,820yilruplpojta9jznqwt82c,Jérôme Brisard,Lille OSC,Angers Sporting Club de l'Ouest,H. Abdelli,0,0,0,1,2,1,0,1,66,0,0,0,0,1,0
93,2 Nov 2025,,820yilruplpojta9jznqwt82c,Jérôme Brisard,Lille OSC,Angers Sporting Club de l'Ouest,A. Sbaï,0,0,0,2,1,1,0,0,35,0,0,0,0,1,0
93,2 Nov 2025,,820yilruplpojta9jznqwt82c,Jérôme Brisard,Lille OSC,Angers Sporting Club de l'Ouest,L. Mouton,0,1,1,1,1,0,0,0,34,0,0,1,0,0,0
93,2 Nov 2025,,820yilruplpojta9jznqwt82c,Jérôme Brisard,Lille OSC,Angers Sporting Club de l'Ouest,H. Belkebla,0,0,0,0,0,3,0,0,32,0,0,0,0,3,0
93,2 Nov 2025,,820yilruplpojta9jznqwt82c,Jérôme Brisard,Lille OSC,Angers Sporting Club de l'Ouest,D. Harouna,0,0,0,0,0,1,0,0,3,0,0,0,0,0,0
93,2 Nov 2025,,820yilruplpojta9jznqwt82c,Jérôme Brisard,Lille OSC,Angers Sporting Club de l'Ouest,Y. Belkhdim,0,0,0,1,0,1,0,0,9,0,0,0,0,0,0
93,2 Nov 2025,,820yilruplpojta9jznqwt82c,Jérôme Brisard,Lille OSC,Angers Sporting Club de l'Ouest,P. Peter,0,0,0,0,2,0,0,0,0,0,0,0,0,0,0
93,2 Nov 2025,,820yilruplpojta9jznqwt82c,Jérôme Brisard,Lille OSC,Angers Sporting Club de l'Ouest,L. Machine,0,0,0,0,0,0,0,0,7,0,0,0,0,0,0
93,2 Nov 2025,,820yilruplpojta9jznqwt82c,Jérôme Brisard,Lille OSC,Angers Sporting Club de l'Ouest,M. Courcoul,0,0,0,0,0,0,0,0,5,0,0,0,0,0,0
94,2 Nov 2025,,82ebxmrmqgkws56fj9x5otq8k,Thomas Léonard,Stade Rennais FC,RC Strasbourg Alsace,M. Camara,0,0,0,1,3,1,0,0,33,0,0,0,0,2,0
94,2 Nov 2025,,82ebxmrmqgkws56fj9x5otq8k,Thomas Léonard,Stade Rennais FC,RC Strasbourg Alsace,J. Jacquet,0,0,0,0,0,1,0,0,46,0,0,1,0,1,0
94,2 Nov 2025,,82ebxmrmqgkws56fj9x5otq8k,Thomas Léonard,Stade Rennais FC,RC Strasbourg Alsace,E. Lepaul,0,0,1,1,1,0,3,0,22,0,0,5,4,0,0
94,2 Nov 2025,,82ebxmrmqgkws56fj9x5otq8k,Thomas Léonard,Stade Rennais FC,RC Strasbourg Alsace,D. Cissé,0,3,1,3,1,0,0,0,21,0,0,3,0,1,0
94,2 Nov 2025,,82ebxmrmqgkws56fj9x5otq8k,Thomas Léonard,Stade Rennais FC,RC Strasbourg Alsace,V. Rongier,1,0,0,0,4,2,0,0,58,0,0,1,1,6,0
94,2 Nov 2025,,82ebxmrmqgkws56fj9x5otq8k,Thomas Léonard,Stade Rennais FC,RC Strasbourg Alsace,Mousa Tamari,1,1,2,4,0,1,0,1,15,0,0,1,0,0,0
94,2 Nov 2025,,82ebxmrmqgkws56fj9x5otq8k,Thomas Léonard,Stade Rennais FC,RC Strasbourg Alsace,P. Frankowski,0,0,1,4,1,0,0,0,48,0,0,0,0,5,1
94,2 Nov 2025,,82ebxmrmqgkws56fj9x5otq8k,Thomas Léonard,Stade Rennais FC,RC Strasbourg Alsace,A. Aït Boudlal,1,0,0,0,1,0,0,0,35,0,0,0,0,3,0
94,2 Nov 2025,,82ebxmrmqgkws56fj9x5otq8k,Thomas Léonard,Stade Rennais FC,RC Strasbourg Alsace,M. Meïté,1,0,0,1,3,0,1,1,8,0,0,1,1,1,0
94,2 Nov 2025,,82ebxmrmqgkws56fj9x5otq8k,Thomas Léonard,Stade Rennais FC,RC Strasbourg Alsace,L. Brassier,0,0,0,1,0,1,0,0,46,0,0,0,0,1,0
94,2 Nov 2025,,82ebxmrmqgkws56fj9x5otq8k,Thomas Léonard,Stade Rennais FC,RC Strasbourg Alsace,B. Samba,0,0,0,0,0,0,0,0,28,0,1,0,0,0,0
94,2 Nov 2025,,82ebxmrmqgkws56fj9x5otq8k,Thomas Léonard,Stade Rennais FC,RC Strasbourg Alsace,Q. Merlin,0,0,1,2,0,1,0,0,18,0,0,0,0,1,0
94,2 Nov 2025,,82ebxmrmqgkws56fj9x5otq8k,Thomas Léonard,Stade Rennais FC,RC Strasbourg Alsace,L. Blas,0,0,0,1,0,1,0,0,16,0,0,1,0,0,0
94,2 Nov 2025,,82ebxmrmqgkws56fj9x5otq8k,Thomas Léonard,Stade Rennais FC,RC Strasbourg Alsace,B. Embolo,0,0,0,0,1,1,0,0,6,0,0,0,0,1,0
94,2 Nov 2025,,82ebxmrmqgkws56fj9x5otq8k,Thomas Léonard,Stade Rennais FC,RC Strasbourg Alsace,Lucas Rosier,0,0,0,0,0,0,0,0,0,0,0,0,0,0,0
94,2 Nov 2025,,82ebxmrmqgkws56fj9x5otq8k,Thomas Léonard,Stade Rennais FC,RC Strasbourg Alsace,G. Doué,0,0,0,1,0,1,0,0,75,0,0,1,0,2,0
94,2 Nov 2025,,82ebxmrmqgkws56fj9x5otq8k,Thomas Léonard,Stade Rennais FC,RC Strasbourg Alsace,S. El Mourabet,0,1,0,0,0,1,0,0,30,0,0,1,0,5,0
94,2 Nov 2025,,82ebxmrmqgkws56fj9x5otq8k,Thomas Léonard,Stade Rennais FC,RC Strasbourg Alsace,S. Amo-Ameyaw,0,0,0,1,1,2,0,0,21,0,0,1,0,3,0
94,2 Nov 2025,,82ebxmrmqgkws56fj9x5otq8k,Thomas Léonard,Stade Rennais FC,RC Strasbourg Alsace,A. Ouattara,0,0,0,0,0,0,0,0,31,0,0,4,0,0,0
94,2 Nov 2025,,82ebxmrmqgkws56fj9x5otq8k,Thomas Léonard,Stade Rennais FC,RC Strasbourg Alsace,J. Panichelli,0,1,0,0,2,2,0,2,9,0,0,2,0,0,0
94,2 Nov 2025,,82ebxmrmqgkws56fj9x5otq8k,Thomas Léonard,Stade Rennais FC,RC Strasbourg Alsace,V. Barco,1,1,3,7,2,4,0,0,61,0,0,4,1,3,0
94,2 Nov 2025,,82ebxmrmqgkws56fj9x5otq8k,Thomas Léonard,Stade Rennais FC,RC Strasbourg Alsace,M. Penders,0,0,0,0,0,0,0,0,44,0,2,0,0,0,0
94,2 Nov 2025,,82ebxmrmqgkws56fj9x5otq8k,Thomas Léonard,Stade Rennais FC,RC Strasbourg Alsace,J. Enciso,0,3,1,0,0,0,0,0,42,0,0,3,0,1,0
94,2 Nov 2025,,82ebxmrmqgkws56fj9x5otq8k,Thomas Léonard,Stade Rennais FC,RC Strasbourg Alsace,B. Chilwell,0,0,0,0,1,2,0,0,69,0,0,0,0,2,1
94,2 Nov 2025,,82ebxmrmqgkws56fj9x5otq8k,Thomas Léonard,Stade Rennais FC,RC Strasbourg Alsace,D. Moreira,0,0,0,4,0,1,0,1,54,0,0,0,0,1,0
94,2 Nov 2025,,82ebxmrmqgkws56fj9x5otq8k,Thomas Léonard,Stade Rennais FC,RC Strasbourg Alsace,L. Høgsberg,0,0,0,0,0,1,0,0,79,0,0,1,0,2,0
94,2 Nov 2025,,82ebxmrmqgkws56fj9x5otq8k,Thomas Léonard,Stade Rennais FC,RC Strasbourg Alsace,M. Amougou,0,0,0,0,0,0,0,0,37,0,0,0,0,1,0
94,2 Nov 2025,,82ebxmrmqgkws56fj9x5otq8k,Thomas Léonard,Stade Rennais FC,RC Strasbourg Alsace,S. Nanasi,0,0,0,1,0,0,1,0,14,0,0,1,1,0,0
94,2 Nov 2025,,82ebxmrmqgkws56fj9x5otq8k,Thomas Léonard,Stade Rennais FC,RC Strasbourg Alsace,R. Nzingoula,0,1,1,0,2,1,0,0,15,0,0,1,0,1,0
94,2 Nov 2025,,82ebxmrmqgkws56fj9x5otq8k,Thomas Léonard,Stade Rennais FC,RC Strasbourg Alsace,K. Páez,0,0,0,0,1,0,0,0,4,0,0,0,0,0,0
94,2 Nov 2025,,82ebxmrmqgkws56fj9x5otq8k,Thomas Léonard,Stade Rennais FC,RC Strasbourg Alsace,M. Godo,0,1,0,0,0,0,0,0,1,0,0,1,0,0,0
95,2 Nov 2025,,82rnrjb2fbikdy5nbhf4mxz4k,Jérémie Pignard,Racing Club de Lens,FC Lorient,R. Aguilar,0,0,1,4,0,0,0,0,42,0,0,1,0,1,0
95,2 Nov 2025,,82rnrjb2fbikdy5nbhf4mxz4k,Jérémie Pignard,Racing Club de Lens,FC Lorient,M. Sangaré,1,0,0,0,2,1,0,2,32,0,0,0,0,3,1
95,2 Nov 2025,,82rnrjb2fbikdy5nbhf4mxz4k,Jérémie Pignard,Racing Club de Lens,FC Lorient,O. Édouard,0,0,0,0,1,0,1,0,10,0,0,2,2,0,0
95,2 Nov 2025,,82rnrjb2fbikdy5nbhf4mxz4k,Jérémie Pignard,Racing Club de Lens,FC Lorient,J. Gradit,0,0,0,0,3,1,0,0,97,0,0,0,0,0,1
95,2 Nov 2025,,82rnrjb2fbikdy5nbhf4mxz4k,Jérémie Pignard,Racing Club de Lens,FC Lorient,S. Baidoo,0,0,0,0,0,1,1,0,94,0,0,1,1,2,0
95,2 Nov 2025,,82rnrjb2fbikdy5nbhf4mxz4k,Jérémie Pignard,Racing Club de Lens,FC Lorient,W. Saïd,0,0,0,0,0,0,1,0,37,0,0,2,1,0,0
95,2 Nov 2025,,82rnrjb2fbikdy5nbhf4mxz4k,Jérémie Pignard,Racing Club de Lens,FC Lorient,M. Udol,1,0,3,1,0,0,0,0,51,0,0,1,1,0,0
95,2 Nov 2025,,82rnrjb2fbikdy5nbhf4mxz4k,Jérémie Pignard,Racing Club de Lens,FC Lorient,A. Thomasson,0,0,1,3,1,1,0,0,48,0,0,0,0,3,0
95,2 Nov 2025,,82rnrjb2fbikdy5nbhf4mxz4k,Jérémie Pignard,Racing Club de Lens,FC Lorient,F. Thauvin,0,0,1,5,0,0,0,0,39,0,0,1,1,1,0
95,2 Nov 2025,,82rnrjb2fbikdy5nbhf4mxz4k,Jérémie Pignard,Racing Club de Lens,FC Lorient,M. Sarr,0,1,0,0,0,0,0,0,96,0,0,1,0,0,0
95,2 Nov 2025,,82rnrjb2fbikdy5nbhf4mxz4k,Jérémie Pignard,Racing Club de Lens,FC Lorient,R. Risser,0,0,0,0,0,2,0,0,20,0,3,0,0,0,0
95,2 Nov 2025,,82rnrjb2fbikdy5nbhf4mxz4k,Jérémie Pignard,Racing Club de Lens,FC Lorient,A. Bulatović,1,0,0,2,0,1,0,0,16,0,0,0,0,3,0
95,2 Nov 2025,,82rnrjb2fbikdy5nbhf4mxz4k,Jérémie Pignard,Racing Club de Lens,FC Lorient,R. Fofana,0,0,0,1,1,1,0,0,6,0,0,0,0,0,0
95,2 Nov 2025,,82rnrjb2fbikdy5nbhf4mxz4k,Jérémie Pignard,Racing Club de Lens,FC Lorient,M. Guilavogui,0,0,0,0,0,0,0,0,18,0,0,0,0,0,0
95,2 Nov 2025,,82rnrjb2fbikdy5nbhf4mxz4k,Jérémie Pignard,Racing Club de Lens,FC Lorient,F. Sotoca,0,0,1,1,0,1,0,0,10,0,0,0,0,0,0
95,2 Nov 2025,,82rnrjb2fbikdy5nbhf4mxz4k,Jérémie Pignard,Racing Club de Lens,FC Lorient,Saud Abdulhamid,0,0,0,0,0,0,0,0,11,0,0,0,0,0,0
95,2 Nov 2025,,82rnrjb2fbikdy5nbhf4mxz4k,Jérémie Pignard,Racing Club de Lens,FC Lorient,A. Avom,0,0,0,1,1,1,0,0,43,0,0,0,0,3,1
95,2 Nov 2025,,82rnrjb2fbikdy5nbhf4mxz4k,Jérémie Pignard,Racing Club de Lens,FC Lorient,Y. Mvogo,0,0,0,0,0,0,0,0,31,0,2,0,0,0,0
95,2 Nov 2025,,82rnrjb2fbikdy5nbhf4mxz4k,Jérémie Pignard,Racing Club de Lens,FC Lorient,D. Yongwa,0,1,0,2,1,1,0,0,62,0,0,1,0,1,0
95,2 Nov 2025,,82rnrjb2fbikdy5nbhf4mxz4k,Jérémie Pignard,Racing Club de Lens,FC Lorient,Igor Silva,0,2,0,3,0,1,0,0,37,0,0,2,0,0,0
95,2 Nov 2025,,82rnrjb2fbikdy5nbhf4mxz4k,Jérémie Pignard,Racing Club de Lens,FC Lorient,M. Bamba,0,0,1,0,1,1,0,0,15,0,0,1,0,0,0
95,2 Nov 2025,,82rnrjb2fbikdy5nbhf4mxz4k,Jérémie Pignard,Racing Club de Lens,FC Lorient,L. Abergel,0,1,0,0,2,1,0,0,79,0,0,2,1,3,1
95,2 Nov 2025,,82rnrjb2fbikdy5nbhf4mxz4k,Jérémie Pignard,Racing Club de Lens,FC Lorient,D. Karim,0,0,0,2,1,1,0,0,30,0,0,1,0,1,0
95,2 Nov 2025,,82rnrjb2fbikdy5nbhf4mxz4k,Jérémie Pignard,Racing Club de Lens,FC Lorient,T. Le Bris,0,0,1,3,0,0,0,0,20,0,0,1,0,3,0
95,2 Nov 2025,,82rnrjb2fbikdy5nbhf4mxz4k,Jérémie Pignard,Racing Club de Lens,FC Lorient,M. Talbi,0,0,0,1,0,1,0,0,51,0,0,0,0,1,0
95,2 Nov 2025,,82rnrjb2fbikdy5nbhf4mxz4k,Jérémie Pignard,Racing Club de Lens,FC Lorient,A. Kouassi,0,0,1,9,0,0,0,0,16,0,0,0,0,1,0
95,2 Nov 2025,,82rnrjb2fbikdy5nbhf4mxz4k,Jérémie Pignard,Racing Club de Lens,FC Lorient,A. Tosin,0,0,3,1,2,0,0,0,13,0,0,3,2,0,0
95,2 Nov 2025,,82rnrjb2fbikdy5nbhf4mxz4k,Jérémie Pignard,Racing Club de Lens,FC Lorient,N. Cadiou,0,0,0,0,1,0,0,0,21,0,0,0,0,0,0
95,2 Nov 2025,,82rnrjb2fbikdy5nbhf4mxz4k,Jérémie Pignard,Racing Club de Lens,FC Lorient,P. Pagis,0,0,0,1,1,0,0,0,9,0,0,0,0,0,0
95,2 Nov 2025,,82rnrjb2fbikdy5nbhf4mxz4k,Jérémie Pignard,Racing Club de Lens,FC Lorient,S. Soumano,0,1,0,0,0,0,0,0,3,0,0,1,0,0,0
95,2 Nov 2025,,82rnrjb2fbikdy5nbhf4mxz4k,Jérémie Pignard,Racing Club de Lens,FC Lorient,J. Mvuka,0,0,0,1,0,0,0,0,2,0,0,0,0,0,0
95,2 Nov 2025,,82rnrjb2fbikdy5nbhf4mxz4k,Jérémie Pignard,Racing Club de Lens,FC Lorient,J. Makengo,0,0,0,1,0,0,0,0,2,0,0,0,0,1,0
96,2 Nov 2025,,836cqx23u09nwnsi2tnmdcduc,Clément Turpin,Stade Brestois 29,Olympique Lyonnais,K. Lala,0,0,1,3,1,0,0,0,44,0,0,0,0,0,0
96,2 Nov 2025,,836cqx23u09nwnsi2tnmdcduc,Clément Turpin,Stade Brestois 29,Olympique Lyonnais,J. Chotard,0,0,0,1,0,0,0,0,43,0,0,0,0,1,0
96,2 Nov 2025,,836cqx23u09nwnsi2tnmdcduc,Clément Turpin,Stade Brestois 29,Olympique Lyonnais,B. Chardonnet,0,0,0,1,2,1,0,0,64,0,0,0,0,0,0
96,2 Nov 2025,,836cqx23u09nwnsi2tnmdcduc,Clément Turpin,Stade Brestois 29,Olympique Lyonnais,R. Del Castillo,0,0,4,20,0,0,0,0,36,0,0,0,0,2,0
96,2 Nov 2025,,836cqx23u09nwnsi2tnmdcduc,Clément Turpin,Stade Brestois 29,Olympique Lyonnais,L. Tousart,0,0,0,1,2,0,0,0,19,0,0,1,0,4,0
96,2 Nov 2025,,836cqx23u09nwnsi2tnmdcduc,Clément Turpin,Stade Brestois 29,Olympique Lyonnais,P. Mboup,0,0,2,0,4,1,0,1,14,0,0,1,1,2,1
96,2 Nov 2025,,836cqx23u09nwnsi2tnmdcduc,Clément Turpin,Stade Brestois 29,Olympique Lyonnais,R. Majecki,0,0,0,0,0,0,0,0,27,0,2,0,0,0,0
96,2 Nov 2025,,836cqx23u09nwnsi2tnmdcduc,Clément Turpin,Stade Brestois 29,Olympique Lyonnais,S. Coulibaly,0,0,0,0,2,0,0,0,53,0,0,1,0,0,0
96,2 Nov 2025,,836cqx23u09nwnsi2tnmdcduc,Clément Turpin,Stade Brestois 29,Olympique Lyonnais,B. Locko,0,0,1,2,1,1,0,0,35,0,0,0,0,1,0
96,2 Nov 2025,,836cqx23u09nwnsi2tnmdcduc,Clément Turpin,Stade Brestois 29,Olympique Lyonnais,Mama Baldé,0,1,1,1,2,1,0,0,17,0,0,3,0,0,0
96,2 Nov 2025,,836cqx23u09nwnsi2tnmdcduc,Clément Turpin,Stade Brestois 29,Olympique Lyonnais,L. Ajorque,0,1,2,1,3,1,0,0,13,0,0,3,1,1,0
96,2 Nov 2025,,836cqx23u09nwnsi2tnmdcduc,Clément Turpin,Stade Brestois 29,Olympique Lyonnais,R. Labeau Lascary,0,0,1,2,1,0,0,1,3,0,0,1,1,2,0
96,2 Nov 2025,,836cqx23u09nwnsi2tnmdcduc,Clément Turpin,Stade Brestois 29,Olympique Lyonnais,H. Magnetti,0,0,0,0,1,0,0,0,12,0,0,1,0,0,0
96,2 Nov 2025,,836cqx23u09nwnsi2tnmdcduc,Clément Turpin,Stade Brestois 29,Olympique Lyonnais,J. Dina Ebimbe,0,2,0,0,0,0,0,0,3,0,0,2,0,0,0
96,2 Nov 2025,,836cqx23u09nwnsi2tnmdcduc,Clément Turpin,Stade Brestois 29,Olympique Lyonnais,M. Satriano,0,0,0,1,0,2,0,0,27,0,0,0,0,0,0
96,2 Nov 2025,,836cqx23u09nwnsi2tnmdcduc,Clément Turpin,Stade Brestois 29,Olympique Lyonnais,T. Tessmann,0,0,0,0,0,0,0,0,14,0,0,0,0,1,0
96,2 Nov 2025,,836cqx23u09nwnsi2tnmdcduc,Clément Turpin,Stade Brestois 29,Olympique Lyonnais,T. Morton,0,0,2,3,0,1,0,0,47,0,0,2,1,1,0
96,2 Nov 2025,,836cqx23u09nwnsi2tnmdcduc,Clément Turpin,Stade Brestois 29,Olympique Lyonnais,Clinton Mata,0,0,0,0,1,0,0,0,43,0,0,0,0,3,0
96,2 Nov 2025,,836cqx23u09nwnsi2tnmdcduc,Clément Turpin,Stade Brestois 29,Olympique Lyonnais,M. Niakhaté,0,0,0,0,0,0,0,0,64,0,0,0,0,1,0
96,2 Nov 2025,,836cqx23u09nwnsi2tnmdcduc,Clément Turpin,Stade Brestois 29,Olympique Lyonnais,N. Tagliafico,0,0,0,0,0,3,0,1,35,0,0,0,0,3,0
96,2 Nov 2025,,836cqx23u09nwnsi2tnmdcduc,Clément Turpin,Stade Brestois 29,Olympique Lyonnais,P. Šulc,0,1,0,1,1,1,0,0,31,0,0,1,0,5,0
96,2 Nov 2025,,836cqx23u09nwnsi2tnmdcduc,Clément Turpin,Stade Brestois 29,Olympique Lyonnais,C. Tolisso,0,0,0,0,2,5,0,0,48,0,0,1,1,2,0
96,2 Nov 2025,,836cqx23u09nwnsi2tnmdcduc,Clément Turpin,Stade Brestois 29,Olympique Lyonnais,H. Hateboer,0,0,0,1,1,0,0,0,2,1,0,0,0,0,0
96,2 Nov 2025,,836cqx23u09nwnsi2tnmdcduc,Clément Turpin,Stade Brestois 29,Olympique Lyonnais,Afonso Moreira,0,0,0,1,1,3,0,0,22,0,0,0,0,5,0
96,2 Nov 2025,,836cqx23u09nwnsi2tnmdcduc,Clément Turpin,Stade Brestois 29,Olympique Lyonnais,D. Greif,0,0,0,0,0,0,0,0,45,0,3,0,0,0,0
96,2 Nov 2025,,836cqx23u09nwnsi2tnmdcduc,Clément Turpin,Stade Brestois 29,Olympique Lyonnais,A. Maitland-Niles,0,0,0,3,0,1,0,0,24,0,0,0,0,2,0
96,2 Nov 2025,,836cqx23u09nwnsi2tnmdcduc,Clément Turpin,Stade Brestois 29,Olympique Lyonnais,R. Ghezzal,0,0,0,1,0,0,0,0,6,0,0,0,0,0,0
96,2 Nov 2025,,836cqx23u09nwnsi2tnmdcduc,Clément Turpin,Stade Brestois 29,Olympique Lyonnais,M. de Carvalho,0,0,0,0,0,1,0,0,3,0,0,0,0,0,0
97,2 Nov 2025,,83jr3gvavdtyibbwtnq8tz5zo,Gaël Angoula,FC Nantes,FC Metz,K. Amian,0,0,0,2,2,0,0,0,32,0,0,0,0,1,0
97,2 Nov 2025,,83jr3gvavdtyibbwtnq8tz5zo,Gaël Angoula,FC Nantes,FC Metz,H. Guirassy,0,0,0,2,0,0,0,0,16,0,0,0,0,1,0
97,2 Nov 2025,,83jr3gvavdtyibbwtnq8tz5zo,Gaël Angoula,FC Nantes,FC Metz,D. Tabibou,0,1,4,9,1,2,0,0,24,0,0,3,1,0,1
97,2 Nov 2025,,83jr3gvavdtyibbwtnq8tz5zo,Gaël Angoula,FC Nantes,FC Metz,T. Tati,0,0,0,0,1,0,0,0,65,0,0,0,0,0,0
97,2 Nov 2025,,83jr3gvavdtyibbwtnq8tz5zo,Gaël Angoula,FC Nantes,FC Metz,J. Mwanga,0,1,0,1,1,1,0,0,41,0,0,1,0,3,0
97,2 Nov 2025,,83jr3gvavdtyibbwtnq8tz5zo,Gaël Angoula,FC Nantes,FC Metz,Y. El-Arabi,0,0,0,0,0,2,0,0,19,0,0,1,0,1,0
97,2 Nov 2025,,83jr3gvavdtyibbwtnq8tz5zo,Gaël Angoula,FC Nantes,FC Metz,M. Abline,0,1,1,1,2,1,0,0,14,0,0,5,2,1,0
97,2 Nov 2025,,83jr3gvavdtyibbwtnq8tz5zo,Gaël Angoula,FC Nantes,FC Metz,C. Awaziem,0,2,0,0,1,1,0,0,67,0,0,3,1,0,0
97,2 Nov 2025,,83jr3gvavdtyibbwtnq8tz5zo,Gaël Angoula,FC Nantes,FC Metz,Anthony Lopes,0,0,0,0,0,0,0,0,23,0,5,0,0,1,0
97,2 Nov 2025,,83jr3gvavdtyibbwtnq8tz5zo,Gaël Angoula,FC Nantes,FC Metz,N. Cozza,0,0,2,2,0,0,0,0,22,0,0,1,0,2,0
97,2 Nov 2025,,83jr3gvavdtyibbwtnq8tz5zo,Gaël Angoula,FC Nantes,FC Metz,L. Leroux,0,1,1,1,0,0,0,1,26,0,0,1,0,0,0
97,2 Nov 2025,,83jr3gvavdtyibbwtnq8tz5zo,Gaël Angoula,FC Nantes,FC Metz,Y. Benhattab,0,0,0,3,0,0,0,0,5,0,0,0,0,1,0
97,2 Nov 2025,,83jr3gvavdtyibbwtnq8tz5zo,Gaël Angoula,FC Nantes,FC Metz,B. Deuff,0,0,0,0,0,0,0,0,4,0,0,1,0,0,0
97,2 Nov 2025,,83jr3gvavdtyibbwtnq8tz5zo,Gaël Angoula,FC Nantes,FC Metz,Mostafa Mohamed,0,0,0,0,0,0,0,0,2,0,0,0,0,0,0
97,2 Nov 2025,,83jr3gvavdtyibbwtnq8tz5zo,Gaël Angoula,FC Nantes,FC Metz,Patrik Ulf Anders Carlgren,0,0,0,0,0,0,0,0,2,0,0,0,0,0,0
97,2 Nov 2025,,83jr3gvavdtyibbwtnq8tz5zo,Gaël Angoula,FC Nantes,FC Metz,U. Radaković,0,0,0,0,0,0,0,0,1,0,0,0,0,0,0
97,2 Nov 2025,,83jr3gvavdtyibbwtnq8tz5zo,Gaël Angoula,FC Nantes,FC Metz,I. Sané,0,0,1,1,2,0,0,0,18,0,0,1,1,1,1
97,2 Nov 2025,,83jr3gvavdtyibbwtnq8tz5zo,Gaël Angoula,FC Nantes,FC Metz,J. Gbamin,0,0,0,0,0,0,0,0,55,0,0,0,0,1,0
97,2 Nov 2025,,83jr3gvavdtyibbwtnq8tz5zo,Gaël Angoula,FC Nantes,FC Metz,H. Diallo,0,0,0,1,0,2,1,2,15,0,0,4,2,1,0
97,2 Nov 2025,,83jr3gvavdtyibbwtnq8tz5zo,Gaël Angoula,FC Nantes,FC Metz,K. Kouao,0,0,2,2,1,1,0,0,36,0,0,3,1,5,1
97,2 Nov 2025,,83jr3gvavdtyibbwtnq8tz5zo,Gaël Angoula,FC Nantes,FC Metz,C. Sabaly,1,0,1,3,1,1,0,0,22,0,0,1,1,5,0
97,2 Nov 2025,,83jr3gvavdtyibbwtnq8tz5zo,Gaël Angoula,FC Nantes,FC Metz,J. Deminguet,0,0,0,0,0,0,0,0,25,0,0,0,0,1,0
97,2 Nov 2025,,83jr3gvavdtyibbwtnq8tz5zo,Gaël Angoula,FC Nantes,FC Metz,A. Touré,0,0,0,0,3,0,0,0,35,0,0,1,1,4,1
97,2 Nov 2025,,83jr3gvavdtyibbwtnq8tz5zo,Gaël Angoula,FC Nantes,FC Metz,T. Yegbe,0,0,0,0,1,0,0,0,50,0,0,1,0,0,0
97,2 Nov 2025,,83jr3gvavdtyibbwtnq8tz5zo,Gaël Angoula,FC Nantes,FC Metz,M. Colin,0,0,0,0,0,0,0,0,31,0,0,1,0,3,0
97,2 Nov 2025,,83jr3gvavdtyibbwtnq8tz5zo,Gaël Angoula,FC Nantes,FC Metz,G. Tsitaishvili,0,0,1,9,0,2,0,1,9,0,0,0,0,2,0
97,2 Nov 2025,,83jr3gvavdtyibbwtnq8tz5zo,Gaël Angoula,FC Nantes,FC Metz,J. Fischer,0,0,0,0,0,0,0,0,36,0,4,0,0,0,0
97,2 Nov 2025,,83jr3gvavdtyibbwtnq8tz5zo,Gaël Angoula,FC Nantes,FC Metz,G. Abuashvili,0,0,0,0,0,0,1,0,0,0,0,1,1,1,0
97,2 Nov 2025,,83jr3gvavdtyibbwtnq8tz5zo,Gaël Angoula,FC Nantes,FC Metz,B. Traoré,0,0,0,0,0,0,0,0,3,0,0,0,0,1,0
97,2 Nov 2025,,83jr3gvavdtyibbwtnq8tz5zo,Gaël Angoula,FC Nantes,FC Metz,M. Bokele Mputu,0,0,0,0,0,1,0,0,1,0,0,0,0,0,0
97,2 Nov 2025,,83jr3gvavdtyibbwtnq8tz5zo,Gaël Angoula,FC Nantes,FC Metz,B. Stambouli,0,0,0,0,0,0,0,0,0,0,0,0,0,0,0
97,2 Nov 2025,,83jr3gvavdtyibbwtnq8tz5zo,Gaël Angoula,FC Nantes,FC Metz,J. Asoro,0,0,0,0,0,0,0,0,0,0,0,1,0,0,0
98,1 Nov 2025,,83wy5m6fbrrtlug3hcpq4uyhg,Eric Wattellier,AS Monaco FC,Paris FC,T. Kehrer,0,0,0,0,0,3,0,0,82,0,0,0,0,1,0
98,1 Nov 2025,,83wy5m6fbrrtlug3hcpq4uyhg,Eric Wattellier,AS Monaco FC,Paris FC,M. Akliouche,0,1,1,0,0,0,0,0,30,0,0,2,1,1,0
98,1 Nov 2025,,83wy5m6fbrrtlug3hcpq4uyhg,Eric Wattellier,AS Monaco FC,Paris FC,J. Teze,0,0,0,3,0,3,0,0,67,0,0,0,0,2,0
98,1 Nov 2025,,83wy5m6fbrrtlug3hcpq4uyhg,Eric Wattellier,AS Monaco FC,Paris FC,M. Salisu,0,0,0,0,1,0,0,2,80,0,0,0,0,1,0
98,1 Nov 2025,,83wy5m6fbrrtlug3hcpq4uyhg,Eric Wattellier,AS Monaco FC,Paris FC,Caio Henrique,0,0,0,1,0,2,0,0,73,0,0,0,0,1,0
98,1 Nov 2025,,83wy5m6fbrrtlug3hcpq4uyhg,Eric Wattellier,AS Monaco FC,Paris FC,K. Ouattara,0,0,0,2,0,1,0,0,15,0,0,0,0,1,0
98,1 Nov 2025,,83wy5m6fbrrtlug3hcpq4uyhg,Eric Wattellier,AS Monaco FC,Paris FC,K. Diatta,0,1,0,4,2,1,0,1,41,0,0,2,0,5,0
98,1 Nov 2025,,83wy5m6fbrrtlug3hcpq4uyhg,Eric Wattellier,AS Monaco FC,Paris FC,M. Coulibaly,0,0,0,0,2,0,0,0,41,0,0,0,0,1,1
98,1 Nov 2025,,83wy5m6fbrrtlug3hcpq4uyhg,Eric Wattellier,AS Monaco FC,Paris FC,M. Biereth,0,1,1,1,1,0,0,0,8,0,0,1,0,0,0
98,1 Nov 2025,,83wy5m6fbrrtlug3hcpq4uyhg,Eric Wattellier,AS Monaco FC,Paris FC,P. Köhn,0,0,0,0,0,0,0,0,21,0,0,0,0,0,0
98,1 Nov 2025,,83wy5m6fbrrtlug3hcpq4uyhg,Eric Wattellier,AS Monaco FC,Paris FC,A. Golovin,0,0,0,0,1,1,0,0,26,0,0,2,0,1,0
98,1 Nov 2025,,83wy5m6fbrrtlug3hcpq4uyhg,Eric Wattellier,AS Monaco FC,Paris FC,F. Balogun,0,0,1,0,0,0,0,0,6,0,0,1,0,0,0
98,1 Nov 2025,,83wy5m6fbrrtlug3hcpq4uyhg,Eric Wattellier,AS Monaco FC,Paris FC,S. Idumbo,0,0,0,0,0,0,0,0,5,0,0,0,0,0,0
98,1 Nov 2025,,83wy5m6fbrrtlug3hcpq4uyhg,Eric Wattellier,AS Monaco FC,Paris FC,Ansu Fati,0,1,0,0,2,0,0,0,10,0,0,1,0,0,1
98,1 Nov 2025,,83wy5m6fbrrtlug3hcpq4uyhg,Eric Wattellier,AS Monaco FC,Paris FC,T. Minamino,0,0,0,0,1,0,0,0,12,0,0,1,0,0,1
98,1 Nov 2025,,83wy5m6fbrrtlug3hcpq4uyhg,Eric Wattellier,AS Monaco FC,Paris FC,G. Ilenikhena,0,0,0,0,0,0,0,0,0,0,0,0,0,1,0
98,1 Nov 2025,,83wy5m6fbrrtlug3hcpq4uyhg,Eric Wattellier,AS Monaco FC,Paris FC,J. Krasso,0,0,0,0,2,2,0,0,19,0,0,1,0,0,0
98,1 Nov 2025,,83wy5m6fbrrtlug3hcpq4uyhg,Eric Wattellier,AS Monaco FC,Paris FC,M. Lopez,1,0,0,2,0,1,0,0,73,0,0,0,0,1,0
98,1 Nov 2025,,83wy5m6fbrrtlug3hcpq4uyhg,Eric Wattellier,AS Monaco FC,Paris FC,S. Chergui,0,2,0,0,1,0,0,0,40,0,0,2,0,0,0
98,1 Nov 2025,,83wy5m6fbrrtlug3hcpq4uyhg,Eric Wattellier,AS Monaco FC,Paris FC,M. Mbow,0,0,0,1,0,2,0,0,40,0,0,1,0,1,0
98,1 Nov 2025,,83wy5m6fbrrtlug3hcpq4uyhg,Eric Wattellier,AS Monaco FC,Paris FC,Otávio,0,0,0,0,2,0,0,0,34,0,0,0,0,1,1
98,1 Nov 2025,,83wy5m6fbrrtlug3hcpq4uyhg,Eric Wattellier,AS Monaco FC,Paris FC,T. Ollila,0,0,0,1,0,3,0,0,26,0,0,0,0,0,0
98,1 Nov 2025,,83wy5m6fbrrtlug3hcpq4uyhg,Eric Wattellier,AS Monaco FC,Paris FC,K. Trapp,0,0,0,0,0,0,0,0,49,0,3,0,0,0,0
98,1 Nov 2025,,83wy5m6fbrrtlug3hcpq4uyhg,Eric Wattellier,AS Monaco FC,Paris FC,P. Lees-Melou,0,2,2,1,2,1,0,0,39,0,0,3,0,2,0
98,1 Nov 2025,,83wy5m6fbrrtlug3hcpq4uyhg,Eric Wattellier,AS Monaco FC,Paris FC,I. Kebbal,0,0,0,1,1,1,0,0,47,0,0,1,0,1,0
98,1 Nov 2025,,83wy5m6fbrrtlug3hcpq4uyhg,Eric Wattellier,AS Monaco FC,Paris FC,M. Simon,0,0,0,4,2,0,1,0,10,0,0,1,1,1,0
98,1 Nov 2025,,83wy5m6fbrrtlug3hcpq4uyhg,Eric Wattellier,AS Monaco FC,Paris FC,A. Camara,0,0,0,0,0,0,0,0,33,0,0,0,0,2,1
98,1 Nov 2025,,83wy5m6fbrrtlug3hcpq4uyhg,Eric Wattellier,AS Monaco FC,Paris FC,W. Geubbels,0,0,0,0,2,0,0,0,4,0,0,0,0,0,0
98,1 Nov 2025,,83wy5m6fbrrtlug3hcpq4uyhg,Eric Wattellier,AS Monaco FC,Paris FC,N. Dicko,0,0,0,0,0,0,0,0,2,0,0,0,0,0,0
98,1 Nov 2025,,83wy5m6fbrrtlug3hcpq4uyhg,Eric Wattellier,AS Monaco FC,Paris FC,T. Kolodziejczak,0,0,0,0,0,0,0,0,3,0,0,0,0,0,0
98,1 Nov 2025,,83wy5m6fbrrtlug3hcpq4uyhg,Eric Wattellier,AS Monaco FC,Paris FC,L. Doucet,0,0,0,0,0,0,0,0,1,0,0,0,0,0,0
99,1 Nov 2025,,84cd9y0ujv779suuvt17xv7ro,Benoît Bastien,Association Jeunesse Auxerroise,Olympique de Marseille,K. Danois,0,0,0,1,0,0,0,0,61,0,0,0,0,3,0
99,1 Nov 2025,,84cd9y0ujv779suuvt17xv7ro,Benoît Bastien,Association Jeunesse Auxerroise,Olympique de Marseille,C. Akpa,0,0,0,1,0,3,0,0,67,0,0,0,0,1,0
99,1 Nov 2025,,84cd9y0ujv779suuvt17xv7ro,Benoît Bastien,Association Jeunesse Auxerroise,Olympique de Marseille,E. Owusu,0,0,0,0,0,1,0,0,41,0,0,0,0,0,0
99,1 Nov 2025,,84cd9y0ujv779suuvt17xv7ro,Benoît Bastien,Association Jeunesse Auxerroise,Olympique de Marseille,D. Léon,0,0,0,0,0,0,0,0,17,0,1,0,0,0,0
99,1 Nov 2025,,84cd9y0ujv779suuvt17xv7ro,Benoît Bastien,Association Jeunesse Auxerroise,Olympique de Marseille,S. Diomandé,0,0,0,0,3,0,0,0,60,1,0,0,0,0,2
99,1 Nov 2025,,84cd9y0ujv779suuvt17xv7ro,Benoît Bastien,Association Jeunesse Auxerroise,Olympique de Marseille,D. Namaso,0,0,1,1,1,1,0,1,23,0,0,2,1,0,1
99,1 Nov 2025,,84cd9y0ujv779suuvt17xv7ro,Benoît Bastien,Association Jeunesse Auxerroise,Olympique de Marseille,L. Sinayoko,0,1,1,1,1,2,0,0,29,0,0,2,0,1,0
99,1 Nov 2025,,84cd9y0ujv779suuvt17xv7ro,Benoît Bastien,Association Jeunesse Auxerroise,Olympique de Marseille,G. Mensah,0,0,0,4,1,0,0,0,27,0,0,0,0,1,0
99,1 Nov 2025,,84cd9y0ujv779suuvt17xv7ro,Benoît Bastien,Association Jeunesse Auxerroise,Olympique de Marseille,M. Senaya,0,0,0,1,2,0,0,0,40,0,0,0,0,1,0
99,1 Nov 2025,,84cd9y0ujv779suuvt17xv7ro,Benoît Bastien,Association Jeunesse Auxerroise,Olympique de Marseille,J. Casimir,0,1,1,3,1,2,0,0,21,0,0,1,0,1,0
99,1 Nov 2025,,84cd9y0ujv779suuvt17xv7ro,Benoît Bastien,Association Jeunesse Auxerroise,Olympique de Marseille,L. Coulibaly,0,0,0,1,1,2,0,0,11,0,0,1,1,0,0
99,1 Nov 2025,,84cd9y0ujv779suuvt17xv7ro,Benoît Bastien,Association Jeunesse Auxerroise,Olympique de Marseille,I. Osman,0,0,0,2,1,1,0,1,19,0,0,2,1,0,0
99,1 Nov 2025,,84cd9y0ujv779suuvt17xv7ro,Benoît Bastien,Association Jeunesse Auxerroise,Olympique de Marseille,F. Oppegård,0,0,0,0,0,1,0,0,14,0,0,1,1,1,0
99,1 Nov 2025,,84cd9y0ujv779suuvt17xv7ro,Benoît Bastien,Association Jeunesse Auxerroise,Olympique de Marseille,S. Mara,0,0,0,0,1,1,0,0,6,0,0,0,0,0,0
99,1 Nov 2025,,84cd9y0ujv779suuvt17xv7ro,Benoît Bastien,Association Jeunesse Auxerroise,Olympique de Marseille,L. Sy,0,0,0,1,0,0,0,0,8,0,0,0,0,0,0
99,1 Nov 2025,,84cd9y0ujv779suuvt17xv7ro,Benoît Bastien,Association Jeunesse Auxerroise,Olympique de Marseille,R. Matondo,0,0,0,0,0,0,0,0,6,0,0,0,0,1,0
99,1 Nov 2025,,84cd9y0ujv779suuvt17xv7ro,Benoît Bastien,Association Jeunesse Auxerroise,Olympique de Marseille,B. Pavard,0,0,0,0,1,0,0,0,60,0,0,1,0,2,0
99,1 Nov 2025,,84cd9y0ujv779suuvt17xv7ro,Benoît Bastien,Association Jeunesse Auxerroise,Olympique de Marseille,P. Aubameyang,0,0,0,0,1,0,0,0,17,0,0,1,0,0,0
99,1 Nov 2025,,84cd9y0ujv779suuvt17xv7ro,Benoît Bastien,Association Jeunesse Auxerroise,Olympique de Marseille,M. O'Riley,0,0,0,0,1,0,0,0,40,0,0,0,0,2,1
99,1 Nov 2025,,84cd9y0ujv779suuvt17xv7ro,Benoît Bastien,Association Jeunesse Auxerroise,Olympique de Marseille,Emerson,0,0,0,2,1,1,0,0,48,0,0,0,0,2,1
99,1 Nov 2025,,84cd9y0ujv779suuvt17xv7ro,Benoît Bastien,Association Jeunesse Auxerroise,Olympique de Marseille,C. Egan-Riley,0,0,0,0,0,1,0,0,87,0,0,0,0,0,0
99,1 Nov 2025,,84cd9y0ujv779suuvt17xv7ro,Benoît Bastien,Association Jeunesse Auxerroise,Olympique de Marseille,R. Vaz,0,0,0,0,2,3,0,1,10,0,0,0,0,1,1
99,1 Nov 2025,,84cd9y0ujv779suuvt17xv7ro,Benoît Bastien,Association Jeunesse Auxerroise,Olympique de Marseille,P. Højbjerg,0,0,0,0,1,0,0,0,64,0,0,0,0,0,0
99,1 Nov 2025,,84cd9y0ujv779suuvt17xv7ro,Benoît Bastien,Association Jeunesse Auxerroise,Olympique de Marseille,A. Murillo,0,0,2,1,3,2,0,1,32,0,0,1,0,4,0
99,1 Nov 2025,,84cd9y0ujv779suuvt17xv7ro,Benoît Bastien,Association Jeunesse Auxerroise,Olympique de Marseille,U. Garcia,0,0,0,0,2,1,0,0,23,1,0,1,1,0,0
99,1 Nov 2025,,84cd9y0ujv779suuvt17xv7ro,Benoît Bastien,Association Jeunesse Auxerroise,Olympique de Marseille,A. Gomes,0,0,1,3,1,0,1,0,41,0,0,1,1,1,1
99,1 Nov 2025,,84cd9y0ujv779suuvt17xv7ro,Benoît Bastien,Association Jeunesse Auxerroise,Olympique de Marseille,G. Rulli,0,0,0,0,0,2,0,0,31,0,4,0,0,0,0
99,1 Nov 2025,,84cd9y0ujv779suuvt17xv7ro,Benoît Bastien,Association Jeunesse Auxerroise,Olympique de Marseille,Igor Paixão,0,0,0,0,0,1,0,0,7,0,0,1,0,0,0
99,1 Nov 2025,,84cd9y0ujv779suuvt17xv7ro,Benoît Bastien,Association Jeunesse Auxerroise,Olympique de Marseille,A. Vermeeren,0,0,0,0,1,0,0,0,12,0,0,0,0,2,0
99,1 Nov 2025,,84cd9y0ujv779suuvt17xv7ro,Benoît Bastien,Association Jeunesse Auxerroise,Olympique de Marseille,Pol Lirola,0,0,0,0,0,1,0,0,5,0,0,0,0,0,0
100,8 Nov 2025,,84pk71yvb8kkl4rfrmqrudbmc,Willy Delajod,Olympique de Marseille,Stade Brestois 29,A. Vermeeren,0,1,0,0,3,0,0,0,104,0,0,1,0,3,0
100,8 Nov 2025,,84pk71yvb8kkl4rfrmqrudbmc,Willy Delajod,Olympique de Marseille,Stade Brestois 29,A. Murillo,0,0,3,7,1,0,0,0,46,0,0,0,0,1,0
100,8 Nov 2025,,84pk71yvb8kkl4rfrmqrudbmc,Willy Delajod,Olympique de Marseille,Stade Brestois 29,M. Greenwood,0,2,3,2,0,0,1,0,54,0,0,5,2,1,0
100,8 Nov 2025,,84pk71yvb8kkl4rfrmqrudbmc,Willy Delajod,Olympique de Marseille,Stade Brestois 29,B. Pavard,0,0,0,0,0,1,0,0,86,0,0,0,0,2,0
100,8 Nov 2025,,84pk71yvb8kkl4rfrmqrudbmc,Willy Delajod,Olympique de Marseille,Stade Brestois 29,Igor Paixão,0,0,0,0,1,1,0,0,35,0,0,2,1,2,0
100,8 Nov 2025,,84pk71yvb8kkl4rfrmqrudbmc,Willy Delajod,Olympique de Marseille,Stade Brestois 29,P. Aubameyang,0,0,0,1,1,2,1,0,25,0,0,5,1,0,0
100,8 Nov 2025,,84pk71yvb8kkl4rfrmqrudbmc,Willy Delajod,Olympique de Marseille,Stade Brestois 29,N. Aguerd,0,0,0,0,2,0,0,0,59,0,0,0,0,2,0
100,8 Nov 2025,,84pk71yvb8kkl4rfrmqrudbmc,Willy Delajod,Olympique de Marseille,Stade Brestois 29,Emerson,0,0,0,3,2,0,0,0,56,0,0,0,0,2,0
100,8 Nov 2025,,84pk71yvb8kkl4rfrmqrudbmc,Willy Delajod,Olympique de Marseille,Stade Brestois 29,P. Højbjerg,0,0,0,0,0,1,0,0,99,0,0,1,1,2,0
100,8 Nov 2025,,84pk71yvb8kkl4rfrmqrudbmc,Willy Delajod,Olympique de Marseille,Stade Brestois 29,A. Gomes,0,1,0,1,1,1,1,0,32,0,0,3,1,0,0
100,8 Nov 2025,,84pk71yvb8kkl4rfrmqrudbmc,Willy Delajod,Olympique de Marseille,Stade Brestois 29,G. Rulli,0,0,0,0,0,1,0,0,29,0,2,0,0,0,0
100,8 Nov 2025,,84pk71yvb8kkl4rfrmqrudbmc,Willy Delajod,Olympique de Marseille,Stade Brestois 29,M. O'Riley,1,0,0,2,0,1,0,0,11,0,0,0,0,0,0
100,8 Nov 2025,,84pk71yvb8kkl4rfrmqrudbmc,Willy Delajod,Olympique de Marseille,Stade Brestois 29,R. Vaz,0,0,0,0,0,0,0,0,3,0,0,0,0,0,0
100,8 Nov 2025,,84pk71yvb8kkl4rfrmqrudbmc,Willy Delajod,Olympique de Marseille,Stade Brestois 29,C. Egan-Riley,0,0,0,0,0,0,0,0,14,0,0,0,0,0,0
100,8 Nov 2025,,84pk71yvb8kkl4rfrmqrudbmc,Willy Delajod,Olympique de Marseille,Stade Brestois 29,T. Mmadi,0,0,0,0,0,0,0,0,2,0,0,0,0,1,0
100,8 Nov 2025,,84pk71yvb8kkl4rfrmqrudbmc,Willy Delajod,Olympique de Marseille,Stade Brestois 29,D. Bakola,0,0,0,0,1,0,0,0,3,0,0,2,1,0,0
100,8 Nov 2025,,84pk71yvb8kkl4rfrmqrudbmc,Willy Delajod,Olympique de Marseille,Stade Brestois 29,R. Del Castillo,0,0,1,4,0,3,0,0,34,0,0,0,0,0,0
100,8 Nov 2025,,84pk71yvb8kkl4rfrmqrudbmc,Willy Delajod,Olympique de Marseille,Stade Brestois 29,B. Chardonnet,0,0,0,0,1,1,0,0,43,0,0,0,0,2,0
100,8 Nov 2025,,84pk71yvb8kkl4rfrmqrudbmc,Willy Delajod,Olympique de Marseille,Stade Brestois 29,J. Chotard,0,0,0,0,2,0,0,0,32,0,0,1,0,2,0
100,8 Nov 2025,,84pk71yvb8kkl4rfrmqrudbmc,Willy Delajod,Olympique de Marseille,Stade Brestois 29,L. Ajorque,0,0,1,1,0,1,0,0,16,0,0,0,0,0,0
100,8 Nov 2025,,84pk71yvb8kkl4rfrmqrudbmc,Willy Delajod,Olympique de Marseille,Stade Brestois 29,Mama Baldé,0,0,0,0,0,2,0,0,4,0,0,0,0,1,0
100,8 Nov 2025,,84pk71yvb8kkl4rfrmqrudbmc,Willy Delajod,Olympique de Marseille,Stade Brestois 29,R. Majecki,0,0,0,0,0,0,0,0,42,0,4,0,0,0,0
100,8 Nov 2025,,84pk71yvb8kkl4rfrmqrudbmc,Willy Delajod,Olympique de Marseille,Stade Brestois 29,K. Lala,0,0,0,0,1,0,0,0,38,0,0,0,0,2,0
100,8 Nov 2025,,84pk71yvb8kkl4rfrmqrudbmc,Willy Delajod,Olympique de Marseille,Stade Brestois 29,S. Coulibaly,0,0,0,0,2,0,0,0,51,0,0,0,0,1,0
100,8 Nov 2025,,84pk71yvb8kkl4rfrmqrudbmc,Willy Delajod,Olympique de Marseille,Stade Brestois 29,H. Magnetti,0,0,0,0,0,2,0,0,34,0,0,0,0,0,0
100,8 Nov 2025,,84pk71yvb8kkl4rfrmqrudbmc,Willy Delajod,Olympique de Marseille,Stade Brestois 29,B. Locko,0,0,0,0,0,0,0,1,15,0,0,0,0,3,0
100,8 Nov 2025,,84pk71yvb8kkl4rfrmqrudbmc,Willy Delajod,Olympique de Marseille,Stade Brestois 29,P. Mboup,0,0,0,0,1,0,0,1,12,0,0,1,1,1,1
100,8 Nov 2025,,84pk71yvb8kkl4rfrmqrudbmc,Willy Delajod,Olympique de Marseille,Stade Brestois 29,D. Guindo,0,0,0,0,0,1,0,0,23,0,0,1,0,0,0
100,8 Nov 2025,,84pk71yvb8kkl4rfrmqrudbmc,Willy Delajod,Olympique de Marseille,Stade Brestois 29,L. Tousart,0,0,0,0,2,1,0,0,11,0,0,0,0,0,0
100,8 Nov 2025,,84pk71yvb8kkl4rfrmqrudbmc,Willy Delajod,Olympique de Marseille,Stade Brestois 29,R. Labeau Lascary,0,0,0,0,1,0,0,0,8,0,0,1,1,0,0
100,8 Nov 2025,,84pk71yvb8kkl4rfrmqrudbmc,Willy Delajod,Olympique de Marseille,Stade Brestois 29,H. Makalou,0,0,0,1,0,0,0,0,9,0,0,0,0,0,0
100,8 Nov 2025,,84pk71yvb8kkl4rfrmqrudbmc,Willy Delajod,Olympique de Marseille,Stade Brestois 29,J. Dina Ebimbe,0,0,0,0,0,0,0,0,3,0,0,0,0,0,0
101,9 Nov 2025,,852q11gnbre1lghipp6s4outw,Benoît Bastien,Olympique Lyonnais,Paris Saint-Germain FC,R. Ghezzal,0,0,0,3,0,0,0,1,20,0,0,0,0,0,0
101,9 Nov 2025,,852q11gnbre1lghipp6s4outw,Benoît Bastien,Olympique Lyonnais,Paris Saint-Germain FC,T. Morton,1,1,1,0,1,0,0,0,23,0,0,2,0,1,1
101,9 Nov 2025,,852q11gnbre1lghipp6s4outw,Benoît Bastien,Olympique Lyonnais,Paris Saint-Germain FC,M. Niakhaté,1,0,0,0,0,2,0,0,29,0,0,0,0,0,0
101,9 Nov 2025,,852q11gnbre1lghipp6s4outw,Benoît Bastien,Olympique Lyonnais,Paris Saint-Germain FC,Clinton Mata,0,0,0,0,1,4,0,0,29,0,0,0,0,0,1
101,9 Nov 2025,,852q11gnbre1lghipp6s4outw,Benoît Bastien,Olympique Lyonnais,Paris Saint-Germain FC,D. Greif,0,0,0,0,0,0,0,0,33,0,1,0,0,0,0
101,9 Nov 2025,,852q11gnbre1lghipp6s4outw,Benoît Bastien,Olympique Lyonnais,Paris Saint-Germain FC,Afonso Moreira,0,1,1,7,2,2,1,0,11,0,0,3,1,2,0
101,9 Nov 2025,,852q11gnbre1lghipp6s4outw,Benoît Bastien,Olympique Lyonnais,Paris Saint-Germain FC,N. Tagliafico,0,0,1,1,2,0,0,0,23,1,0,2,0,1,2
101,9 Nov 2025,,852q11gnbre1lghipp6s4outw,Benoît Bastien,Olympique Lyonnais,Paris Saint-Germain FC,R. Kluivert,0,0,0,0,3,0,0,0,31,0,0,0,0,2,0
101,9 Nov 2025,,852q11gnbre1lghipp6s4outw,Benoît Bastien,Olympique Lyonnais,Paris Saint-Germain FC,T. Tessmann,0,0,0,0,0,0,0,1,25,0,0,0,0,1,0
101,9 Nov 2025,,852q11gnbre1lghipp6s4outw,Benoît Bastien,Olympique Lyonnais,Paris Saint-Germain FC,A. Maitland-Niles,0,1,1,2,1,0,1,0,14,0,0,2,1,2,0
101,9 Nov 2025,,852q11gnbre1lghipp6s4outw,Benoît Bastien,Olympique Lyonnais,Paris Saint-Germain FC,K. Merah,0,0,0,0,0,0,0,0,14,0,0,0,0,1,0
101,9 Nov 2025,,852q11gnbre1lghipp6s4outw,Benoît Bastien,Olympique Lyonnais,Paris Saint-Germain FC,A. Karabec,0,0,0,3,0,0,0,0,10,0,0,0,0,0,0
101,9 Nov 2025,,852q11gnbre1lghipp6s4outw,Benoît Bastien,Olympique Lyonnais,Paris Saint-Germain FC,C. Tolisso,0,0,1,0,0,0,0,0,9,0,0,0,0,0,1
101,9 Nov 2025,,852q11gnbre1lghipp6s4outw,Benoît Bastien,Olympique Lyonnais,Paris Saint-Germain FC,M. Satriano,0,0,0,0,0,0,0,0,0,0,0,0,0,0,1
101,9 Nov 2025,,852q11gnbre1lghipp6s4outw,Benoît Bastien,Olympique Lyonnais,Paris Saint-Germain FC,I. Zabarnyi,0,0,0,0,2,0,0,0,85,0,0,0,0,0,0
101,9 Nov 2025,,852q11gnbre1lghipp6s4outw,Benoît Bastien,Olympique Lyonnais,Paris Saint-Germain FC,João Neves,0,0,0,0,0,0,1,0,67,0,0,2,1,1,0
101,9 Nov 2025,,852q11gnbre1lghipp6s4outw,Benoît Bastien,Olympique Lyonnais,Paris Saint-Germain FC,W. Zaïre-Emery,0,0,1,0,0,1,1,0,54,0,0,1,1,2,0
101,9 Nov 2025,,852q11gnbre1lghipp6s4outw,Benoît Bastien,Olympique Lyonnais,Paris Saint-Germain FC,Lee Kang-In,1,0,1,6,1,3,0,1,50,0,0,1,1,1,0
101,9 Nov 2025,,852q11gnbre1lghipp6s4outw,Benoît Bastien,Olympique Lyonnais,Paris Saint-Germain FC,W. Pacho,0,0,0,0,0,2,0,0,104,0,0,1,0,0,0
101,9 Nov 2025,,852q11gnbre1lghipp6s4outw,Benoît Bastien,Olympique Lyonnais,Paris Saint-Germain FC,L. Hernández,0,0,0,3,1,0,0,0,65,0,0,0,0,0,0
101,9 Nov 2025,,852q11gnbre1lghipp6s4outw,Benoît Bastien,Olympique Lyonnais,Paris Saint-Germain FC,K. Kvaratskhelia,0,1,2,2,0,2,1,1,40,0,0,2,1,2,0
101,9 Nov 2025,,852q11gnbre1lghipp6s4outw,Benoît Bastien,Olympique Lyonnais,Paris Saint-Germain FC,Vitinha,2,0,1,1,0,1,0,0,128,0,0,1,0,3,0
101,9 Nov 2025,,852q11gnbre1lghipp6s4outw,Benoît Bastien,Olympique Lyonnais,Paris Saint-Germain FC,Fabián Ruiz,0,0,0,3,0,0,0,0,57,0,0,0,0,0,0
101,9 Nov 2025,,852q11gnbre1lghipp6s4outw,Benoît Bastien,Olympique Lyonnais,Paris Saint-Germain FC,S. Mayulu,0,0,0,0,3,1,0,0,18,0,0,1,0,3,1
101,9 Nov 2025,,852q11gnbre1lghipp6s4outw,Benoît Bastien,Olympique Lyonnais,Paris Saint-Germain FC,L. Chevalier,0,0,0,0,0,0,0,0,22,0,0,0,0,0,0
101,9 Nov 2025,,852q11gnbre1lghipp6s4outw,Benoît Bastien,Olympique Lyonnais,Paris Saint-Germain FC,Q. Ndjantou,0,0,0,0,0,0,0,0,4,0,0,0,0,0,0
101,9 Nov 2025,,852q11gnbre1lghipp6s4outw,Benoît Bastien,Olympique Lyonnais,Paris Saint-Germain FC,Gonçalo Ramos,0,0,0,0,1,0,0,0,2,0,0,0,0,1,1
101,9 Nov 2025,,852q11gnbre1lghipp6s4outw,Benoît Bastien,Olympique Lyonnais,Paris Saint-Germain FC,Marquinhos,0,0,0,0,0,0,0,0,21,0,0,0,0,0,0
101,9 Nov 2025,,852q11gnbre1lghipp6s4outw,Benoît Bastien,Olympique Lyonnais,Paris Saint-Germain FC,I. Mbaye,0,0,0,0,0,0,0,0,12,0,0,0,0,0,0
102,9 Nov 2025,,85g24yt5o01b410wl4njd2sk4,Stéphanie Frappart,FC Metz,OGC Nice Côte d'Azur,A. Touré,0,1,0,0,1,2,0,0,35,0,0,1,0,5,0
102,9 Nov 2025,,85g24yt5o01b410wl4njd2sk4,Stéphanie Frappart,FC Metz,OGC Nice Côte d'Azur,M. Colin,0,0,0,0,1,0,0,0,42,0,0,0,0,2,0
102,9 Nov 2025,,85g24yt5o01b410wl4njd2sk4,Stéphanie Frappart,FC Metz,OGC Nice Côte d'Azur,T. Yegbe,0,0,0,0,0,1,0,0,50,0,0,0,0,0,0
102,9 Nov 2025,,85g24yt5o01b410wl4njd2sk4,Stéphanie Frappart,FC Metz,OGC Nice Côte d'Azur,J. Fischer,0,0,0,0,0,0,0,0,45,0,3,0,0,0,0
102,9 Nov 2025,,85g24yt5o01b410wl4njd2sk4,Stéphanie Frappart,FC Metz,OGC Nice Côte d'Azur,K. Kouao,0,0,0,2,0,2,0,0,51,0,0,1,0,2,0
102,9 Nov 2025,,85g24yt5o01b410wl4njd2sk4,Stéphanie Frappart,FC Metz,OGC Nice Côte d'Azur,J. Gbamin,1,0,0,0,1,1,0,0,54,0,0,0,0,2,0
102,9 Nov 2025,,85g24yt5o01b410wl4njd2sk4,Stéphanie Frappart,FC Metz,OGC Nice Côte d'Azur,C. Sabaly,0,0,0,6,3,3,0,0,24,0,0,1,0,0,1
102,9 Nov 2025,,85g24yt5o01b410wl4njd2sk4,Stéphanie Frappart,FC Metz,OGC Nice Côte d'Azur,G. Hein,0,0,3,10,1,1,1,0,51,0,0,1,1,2,1
102,9 Nov 2025,,85g24yt5o01b410wl4njd2sk4,Stéphanie Frappart,FC Metz,OGC Nice Côte d'Azur,G. Tsitaishvili,0,1,1,5,1,3,0,0,18,0,0,2,0,0,0
102,9 Nov 2025,,85g24yt5o01b410wl4njd2sk4,Stéphanie Frappart,FC Metz,OGC Nice Côte d'Azur,J. Deminguet,0,1,1,1,0,2,0,0,21,0,0,1,0,2,0
102,9 Nov 2025,,85g24yt5o01b410wl4njd2sk4,Stéphanie Frappart,FC Metz,OGC Nice Côte d'Azur,H. Diallo,0,0,1,0,3,3,1,0,17,0,0,2,1,1,0
102,9 Nov 2025,,85g24yt5o01b410wl4njd2sk4,Stéphanie Frappart,FC Metz,OGC Nice Côte d'Azur,B. Traoré,0,0,0,0,0,0,0,0,9,0,0,0,0,0,0
102,9 Nov 2025,,85g24yt5o01b410wl4njd2sk4,Stéphanie Frappart,FC Metz,OGC Nice Côte d'Azur,I. Sané,0,0,0,0,0,0,0,0,2,0,0,0,0,0,0
102,9 Nov 2025,,85g24yt5o01b410wl4njd2sk4,Stéphanie Frappart,FC Metz,OGC Nice Côte d'Azur,J. Asoro,0,0,0,0,1,0,0,0,2,0,0,0,0,0,0
102,9 Nov 2025,,85g24yt5o01b410wl4njd2sk4,Stéphanie Frappart,FC Metz,OGC Nice Côte d'Azur,B. Stambouli,0,0,0,0,0,0,0,0,0,0,0,0,0,0,0
102,9 Nov 2025,,85g24yt5o01b410wl4njd2sk4,Stéphanie Frappart,FC Metz,OGC Nice Côte d'Azur,Cléo Mélières,0,0,0,0,0,0,0,0,0,0,0,0,0,0,0
102,9 Nov 2025,,85g24yt5o01b410wl4njd2sk4,Stéphanie Frappart,FC Metz,OGC Nice Côte d'Azur,Kevin Carlos,0,0,0,1,4,0,0,0,7,0,0,2,1,0,0
102,9 Nov 2025,,85g24yt5o01b410wl4njd2sk4,Stéphanie Frappart,FC Metz,OGC Nice Côte d'Azur,C. Vanhoutte,1,0,0,0,3,0,0,0,59,0,0,0,0,1,0
102,9 Nov 2025,,85g24yt5o01b410wl4njd2sk4,Stéphanie Frappart,FC Metz,OGC Nice Côte d'Azur,K. Peprah Oppong,0,0,0,0,0,2,0,0,58,0,0,1,0,2,0
102,9 Nov 2025,,85g24yt5o01b410wl4njd2sk4,Stéphanie Frappart,FC Metz,OGC Nice Côte d'Azur,J. Bah,0,0,1,0,2,1,0,0,61,0,0,1,1,0,1
102,9 Nov 2025,,85g24yt5o01b410wl4njd2sk4,Stéphanie Frappart,FC Metz,OGC Nice Côte d'Azur,A. Mendy,0,0,0,1,3,2,0,0,64,0,0,0,0,1,1
102,9 Nov 2025,,85g24yt5o01b410wl4njd2sk4,Stéphanie Frappart,FC Metz,OGC Nice Côte d'Azur,M. Cho,0,0,0,2,0,0,1,0,26,0,0,3,1,1,0
102,9 Nov 2025,,85g24yt5o01b410wl4njd2sk4,Stéphanie Frappart,FC Metz,OGC Nice Côte d'Azur,J. Clauss,0,0,1,6,1,2,0,0,35,0,0,0,0,2,0
102,9 Nov 2025,,85g24yt5o01b410wl4njd2sk4,Stéphanie Frappart,FC Metz,OGC Nice Côte d'Azur,A. Abdi,0,0,0,0,1,1,0,0,9,0,0,0,0,2,0
102,9 Nov 2025,,85g24yt5o01b410wl4njd2sk4,Stéphanie Frappart,FC Metz,OGC Nice Côte d'Azur,Y. Diouf,0,0,0,0,0,0,0,0,32,0,0,0,0,0,0
102,9 Nov 2025,,85g24yt5o01b410wl4njd2sk4,Stéphanie Frappart,FC Metz,OGC Nice Côte d'Azur,H. Boudaoui,0,0,0,0,1,2,0,0,38,0,0,0,0,3,1
102,9 Nov 2025,,85g24yt5o01b410wl4njd2sk4,Stéphanie Frappart,FC Metz,OGC Nice Côte d'Azur,S. Diop,0,1,0,1,1,1,0,0,21,0,0,3,1,0,0
102,9 Nov 2025,,85g24yt5o01b410wl4njd2sk4,Stéphanie Frappart,FC Metz,OGC Nice Côte d'Azur,M. Bard,0,0,1,5,2,0,0,0,8,0,0,0,0,0,1
102,9 Nov 2025,,85g24yt5o01b410wl4njd2sk4,Stéphanie Frappart,FC Metz,OGC Nice Côte d'Azur,J. Boga,0,0,0,0,0,0,0,0,7,0,0,0,0,0,0
102,9 Nov 2025,,85g24yt5o01b410wl4njd2sk4,Stéphanie Frappart,FC Metz,OGC Nice Côte d'Azur,T. Moffi,0,1,0,0,0,0,0,0,2,0,0,1,0,0,0
102,9 Nov 2025,,85g24yt5o01b410wl4njd2sk4,Stéphanie Frappart,FC Metz,OGC Nice Côte d'Azur,M. Sanson,0,0,0,1,1,1,0,0,6,0,0,0,0,1,0
102,9 Nov 2025,,85g24yt5o01b410wl4njd2sk4,Stéphanie Frappart,FC Metz,OGC Nice Côte d'Azur,Tiago Gouveia,0,0,0,1,0,0,0,0,2,0,0,0,0,0,0
103,9 Nov 2025,,85tfgt0ebqh6zi9jd3xfvqhhw,Abdelatif Kherradji,Angers Sporting Club de l'Ouest,Association Jeunesse Auxerroise,S. Cherif,0,0,1,1,1,3,0,0,18,0,0,0,0,0,1
103,9 Nov 2025,,85tfgt0ebqh6zi9jd3xfvqhhw,Abdelatif Kherradji,Angers Sporting Club de l'Ouest,Association Jeunesse Auxerroise,H. Belkebla,0,0,1,0,0,3,0,0,38,0,0,0,0,3,0
103,9 Nov 2025,,85tfgt0ebqh6zi9jd3xfvqhhw,Abdelatif Kherradji,Angers Sporting Club de l'Ouest,Association Jeunesse Auxerroise,O. Camara,0,0,0,0,0,0,0,0,60,0,0,0,0,2,0
103,9 Nov 2025,,85tfgt0ebqh6zi9jd3xfvqhhw,Abdelatif Kherradji,Angers Sporting Club de l'Ouest,Association Jeunesse Auxerroise,H. Abdelli,0,0,0,0,3,0,0,0,55,0,0,2,1,1,0
103,9 Nov 2025,,85tfgt0ebqh6zi9jd3xfvqhhw,Abdelatif Kherradji,Angers Sporting Club de l'Ouest,Association Jeunesse Auxerroise,J. Ekomié,0,0,0,3,1,0,0,0,25,0,0,0,0,1,0
103,9 Nov 2025,,85tfgt0ebqh6zi9jd3xfvqhhw,Abdelatif Kherradji,Angers Sporting Club de l'Ouest,Association Jeunesse Auxerroise,A. Sbaï,0,0,1,5,1,0,0,0,26,0,0,2,1,2,1
103,9 Nov 2025,,85tfgt0ebqh6zi9jd3xfvqhhw,Abdelatif Kherradji,Angers Sporting Club de l'Ouest,Association Jeunesse Auxerroise,J. Lefort,0,0,0,1,3,1,0,0,65,0,0,0,0,1,0
103,9 Nov 2025,,85tfgt0ebqh6zi9jd3xfvqhhw,Abdelatif Kherradji,Angers Sporting Club de l'Ouest,Association Jeunesse Auxerroise,C. Arcus,0,0,0,2,1,0,0,0,60,0,0,1,0,2,0
103,9 Nov 2025,,85tfgt0ebqh6zi9jd3xfvqhhw,Abdelatif Kherradji,Angers Sporting Club de l'Ouest,Association Jeunesse Auxerroise,Y. Belkhdim,0,0,0,1,3,3,0,1,19,0,0,0,0,1,0
103,9 Nov 2025,,85tfgt0ebqh6zi9jd3xfvqhhw,Abdelatif Kherradji,Angers Sporting Club de l'Ouest,Association Jeunesse Auxerroise,H. Koffi,0,0,0,0,0,0,0,0,28,0,5,0,0,0,0
103,9 Nov 2025,,85tfgt0ebqh6zi9jd3xfvqhhw,Abdelatif Kherradji,Angers Sporting Club de l'Ouest,Association Jeunesse Auxerroise,L. Mouton,0,1,0,0,1,1,0,1,22,0,0,2,1,0,0
103,9 Nov 2025,,85tfgt0ebqh6zi9jd3xfvqhhw,Abdelatif Kherradji,Angers Sporting Club de l'Ouest,Association Jeunesse Auxerroise,L. Raolisoa,0,0,0,3,1,0,0,0,9,0,0,0,0,0,0
103,9 Nov 2025,,85tfgt0ebqh6zi9jd3xfvqhhw,Abdelatif Kherradji,Angers Sporting Club de l'Ouest,Association Jeunesse Auxerroise,M. Courcoul,0,0,0,0,0,0,0,0,7,0,0,0,0,1,0
103,9 Nov 2025,,85tfgt0ebqh6zi9jd3xfvqhhw,Abdelatif Kherradji,Angers Sporting Club de l'Ouest,Association Jeunesse Auxerroise,F. Hanin,0,0,0,0,0,2,0,0,6,0,0,0,0,0,0
103,9 Nov 2025,,85tfgt0ebqh6zi9jd3xfvqhhw,Abdelatif Kherradji,Angers Sporting Club de l'Ouest,Association Jeunesse Auxerroise,P. Peter,0,0,0,0,2,0,1,0,2,0,0,1,1,0,0
103,9 Nov 2025,,85tfgt0ebqh6zi9jd3xfvqhhw,Abdelatif Kherradji,Angers Sporting Club de l'Ouest,Association Jeunesse Auxerroise,D. Harouna,0,0,0,0,2,0,0,0,4,0,0,1,1,0,0
103,9 Nov 2025,,85tfgt0ebqh6zi9jd3xfvqhhw,Abdelatif Kherradji,Angers Sporting Club de l'Ouest,Association Jeunesse Auxerroise,D. Léon,0,0,0,0,0,1,0,0,29,0,4,0,0,0,0
103,9 Nov 2025,,85tfgt0ebqh6zi9jd3xfvqhhw,Abdelatif Kherradji,Angers Sporting Club de l'Ouest,Association Jeunesse Auxerroise,C. Akpa,0,0,0,0,0,1,0,0,63,0,0,0,0,1,0
103,9 Nov 2025,,85tfgt0ebqh6zi9jd3xfvqhhw,Abdelatif Kherradji,Angers Sporting Club de l'Ouest,Association Jeunesse Auxerroise,F. Sierralta,0,0,0,0,2,1,0,0,40,0,0,1,1,3,1
103,9 Nov 2025,,85tfgt0ebqh6zi9jd3xfvqhhw,Abdelatif Kherradji,Angers Sporting Club de l'Ouest,Association Jeunesse Auxerroise,M. Senaya,0,0,0,1,0,1,0,0,33,0,0,1,1,4,0
103,9 Nov 2025,,85tfgt0ebqh6zi9jd3xfvqhhw,Abdelatif Kherradji,Angers Sporting Club de l'Ouest,Association Jeunesse Auxerroise,I. Osman,0,0,0,1,0,3,0,0,9,0,0,2,1,1,0
103,9 Nov 2025,,85tfgt0ebqh6zi9jd3xfvqhhw,Abdelatif Kherradji,Angers Sporting Club de l'Ouest,Association Jeunesse Auxerroise,K. Danois,0,0,1,1,2,2,0,0,67,0,0,2,0,1,0
103,9 Nov 2025,,85tfgt0ebqh6zi9jd3xfvqhhw,Abdelatif Kherradji,Angers Sporting Club de l'Ouest,Association Jeunesse Auxerroise,E. Owusu,0,0,0,0,1,0,0,0,39,0,0,0,0,1,1
103,9 Nov 2025,,85tfgt0ebqh6zi9jd3xfvqhhw,Abdelatif Kherradji,Angers Sporting Club de l'Ouest,Association Jeunesse Auxerroise,F. Oppegård,0,0,1,7,2,1,0,0,47,0,0,0,0,0,0
103,9 Nov 2025,,85tfgt0ebqh6zi9jd3xfvqhhw,Abdelatif Kherradji,Angers Sporting Club de l'Ouest,Association Jeunesse Auxerroise,L. Sinayoko,0,1,1,1,1,1,0,1,20,0,0,2,1,0,0
103,9 Nov 2025,,85tfgt0ebqh6zi9jd3xfvqhhw,Abdelatif Kherradji,Angers Sporting Club de l'Ouest,Association Jeunesse Auxerroise,D. Namaso,0,1,0,0,2,2,0,0,26,0,0,2,0,1,0
103,9 Nov 2025,,85tfgt0ebqh6zi9jd3xfvqhhw,Abdelatif Kherradji,Angers Sporting Club de l'Ouest,Association Jeunesse Auxerroise,R. Matondo,0,0,0,0,1,4,0,1,29,0,0,1,0,2,0
103,9 Nov 2025,,85tfgt0ebqh6zi9jd3xfvqhhw,Abdelatif Kherradji,Angers Sporting Club de l'Ouest,Association Jeunesse Auxerroise,J. Casimir,0,0,0,0,2,0,0,0,19,0,0,0,0,0,0
103,9 Nov 2025,,85tfgt0ebqh6zi9jd3xfvqhhw,Abdelatif Kherradji,Angers Sporting Club de l'Ouest,Association Jeunesse Auxerroise,S. Mara,0,0,0,0,0,0,0,0,6,0,0,1,1,0,0
103,9 Nov 2025,,85tfgt0ebqh6zi9jd3xfvqhhw,Abdelatif Kherradji,Angers Sporting Club de l'Ouest,Association Jeunesse Auxerroise,G. Mensah,0,0,0,1,0,1,0,0,21,0,0,0,0,0,0
103,9 Nov 2025,,85tfgt0ebqh6zi9jd3xfvqhhw,Abdelatif Kherradji,Angers Sporting Club de l'Ouest,Association Jeunesse Auxerroise,A. Dioussé,0,0,0,1,0,0,0,0,13,0,0,0,0,1,0
103,9 Nov 2025,,85tfgt0ebqh6zi9jd3xfvqhhw,Abdelatif Kherradji,Angers Sporting Club de l'Ouest,Association Jeunesse Auxerroise,L. Sy,0,0,0,0,1,0,0,0,4,0,0,0,0,0,0
104,8 Nov 2025,,866rrtjqlkc7awxv3d655drmc,Romain Lissorgue,Le Havre AC,FC Nantes,M. Diaw,0,0,0,0,0,1,0,0,25,0,1,0,0,0,0
104,8 Nov 2025,,866rrtjqlkc7awxv3d655drmc,Romain Lissorgue,Le Havre AC,FC Nantes,I. Soumaré,0,0,1,2,1,0,0,1,12,0,0,4,1,0,0
104,8 Nov 2025,,866rrtjqlkc7awxv3d655drmc,Romain Lissorgue,Le Havre AC,FC Nantes,F. Mambimbi,0,0,1,3,1,0,0,1,17,0,0,0,0,2,0
104,8 Nov 2025,,866rrtjqlkc7awxv3d655drmc,Romain Lissorgue,Le Havre AC,FC Nantes,A. Touré,0,1,0,4,2,0,0,0,39,0,0,1,0,1,0
104,8 Nov 2025,,866rrtjqlkc7awxv3d655drmc,Romain Lissorgue,Le Havre AC,FC Nantes,L. Nego,0,1,0,4,3,1,0,2,35,0,0,1,0,1,1
104,8 Nov 2025,,866rrtjqlkc7awxv3d655drmc,Romain Lissorgue,Le Havre AC,FC Nantes,G. Lloris,0,0,0,0,1,3,1,0,80,0,0,1,1,3,0
104,8 Nov 2025,,866rrtjqlkc7awxv3d655drmc,Romain Lissorgue,Le Havre AC,FC Nantes,R. Ndiaye,0,1,2,4,1,1,0,0,23,0,0,3,1,0,0
104,8 Nov 2025,,866rrtjqlkc7awxv3d655drmc,Romain Lissorgue,Le Havre AC,FC Nantes,A. Seko,0,0,0,1,0,1,0,0,54,0,0,1,0,1,0
104,8 Nov 2025,,866rrtjqlkc7awxv3d655drmc,Romain Lissorgue,Le Havre AC,FC Nantes,A. Sangante,0,0,0,0,3,1,0,0,71,0,0,1,1,1,0
104,8 Nov 2025,,866rrtjqlkc7awxv3d655drmc,Romain Lissorgue,Le Havre AC,FC Nantes,Y. Kechta,0,0,0,2,2,1,0,0,27,0,0,1,0,0,1
104,8 Nov 2025,,866rrtjqlkc7awxv3d655drmc,Romain Lissorgue,Le Havre AC,FC Nantes,Y. Zouaoui,0,0,0,11,0,1,0,0,44,0,0,0,0,3,0
104,8 Nov 2025,,866rrtjqlkc7awxv3d655drmc,Romain Lissorgue,Le Havre AC,FC Nantes,F. Doucouré,1,1,0,5,0,0,0,0,23,0,0,1,0,2,0
104,8 Nov 2025,,866rrtjqlkc7awxv3d655drmc,Romain Lissorgue,Le Havre AC,FC Nantes,R. Khadra,0,1,1,2,0,0,0,0,8,0,0,2,0,2,0
104,8 Nov 2025,,866rrtjqlkc7awxv3d655drmc,Romain Lissorgue,Le Havre AC,FC Nantes,G. Kyeremeh,0,0,1,4,0,1,0,0,4,0,0,0,0,0,0
104,8 Nov 2025,,866rrtjqlkc7awxv3d655drmc,Romain Lissorgue,Le Havre AC,FC Nantes,Y. Namli,0,1,2,7,1,1,0,0,8,0,0,1,0,0,1
104,8 Nov 2025,,866rrtjqlkc7awxv3d655drmc,Romain Lissorgue,Le Havre AC,FC Nantes,Y. El-Arabi,0,0,0,0,5,2,0,1,15,0,0,0,0,0,0
104,8 Nov 2025,,866rrtjqlkc7awxv3d655drmc,Romain Lissorgue,Le Havre AC,FC Nantes,T. Tati,0,0,0,0,1,0,0,0,22,0,0,0,0,0,1
104,8 Nov 2025,,866rrtjqlkc7awxv3d655drmc,Romain Lissorgue,Le Havre AC,FC Nantes,L. Leroux,0,1,0,1,1,4,0,0,37,0,0,1,0,5,0
104,8 Nov 2025,,866rrtjqlkc7awxv3d655drmc,Romain Lissorgue,Le Havre AC,FC Nantes,C. Awaziem,0,0,0,0,0,1,0,0,26,0,0,1,1,1,0
104,8 Nov 2025,,866rrtjqlkc7awxv3d655drmc,Romain Lissorgue,Le Havre AC,FC Nantes,J. Mwanga,0,0,0,0,1,0,0,0,28,0,0,0,0,2,0
104,8 Nov 2025,,866rrtjqlkc7awxv3d655drmc,Romain Lissorgue,Le Havre AC,FC Nantes,M. Abline,0,2,2,0,2,2,1,1,18,0,0,3,1,0,1
104,8 Nov 2025,,866rrtjqlkc7awxv3d655drmc,Romain Lissorgue,Le Havre AC,FC Nantes,P. Carlgren,0,0,0,0,0,0,0,0,28,0,3,0,0,0,0
104,8 Nov 2025,,866rrtjqlkc7awxv3d655drmc,Romain Lissorgue,Le Havre AC,FC Nantes,H. Guirassy,0,0,1,4,0,1,0,1,17,0,0,0,0,1,0
104,8 Nov 2025,,866rrtjqlkc7awxv3d655drmc,Romain Lissorgue,Le Havre AC,FC Nantes,K. Amian,1,0,0,0,0,1,0,0,29,0,0,0,0,2,0
104,8 Nov 2025,,866rrtjqlkc7awxv3d655drmc,Romain Lissorgue,Le Havre AC,FC Nantes,D. Tabibou,0,0,0,3,2,0,0,0,16,0,0,0,0,0,0
104,8 Nov 2025,,866rrtjqlkc7awxv3d655drmc,Romain Lissorgue,Le Havre AC,FC Nantes,Kwon Hyeok-Kyu,0,0,0,0,1,1,0,0,20,0,0,0,0,3,1
104,8 Nov 2025,,866rrtjqlkc7awxv3d655drmc,Romain Lissorgue,Le Havre AC,FC Nantes,B. Deuff,0,0,0,0,0,0,0,0,6,0,0,0,0,1,0
104,8 Nov 2025,,866rrtjqlkc7awxv3d655drmc,Romain Lissorgue,Le Havre AC,FC Nantes,Mostafa Mohamed,0,0,0,0,0,2,0,0,2,0,0,0,0,1,0
104,8 Nov 2025,,866rrtjqlkc7awxv3d655drmc,Romain Lissorgue,Le Havre AC,FC Nantes,Y. Benhattab,0,0,0,1,0,1,0,0,2,0,0,0,0,0,0
104,8 Nov 2025,,866rrtjqlkc7awxv3d655drmc,Romain Lissorgue,Le Havre AC,FC Nantes,F. Centonze,0,0,0,0,0,0,0,0,0,0,0,0,0,0,0
105,7 Nov 2025,,86k0uxuzs6p0j7lhdat542g44,Guillaume Paradis,Paris FC,Stade Rennais FC,M. Mbow,0,0,0,0,0,2,0,0,39,0,0,1,1,3,0
105,7 Nov 2025,,86k0uxuzs6p0j7lhdat542g44,Guillaume Paradis,Paris FC,Stade Rennais FC,S. Chergui,0,0,1,0,0,1,0,0,35,0,0,2,1,0,0
105,7 Nov 2025,,86k0uxuzs6p0j7lhdat542g44,Guillaume Paradis,Paris FC,Stade Rennais FC,O. Nkambadio,0,0,0,0,0,0,0,0,45,0,2,0,0,0,0
105,7 Nov 2025,,86k0uxuzs6p0j7lhdat542g44,Guillaume Paradis,Paris FC,Stade Rennais FC,Otávio,0,1,0,0,0,2,0,0,62,0,0,1,0,0,1
105,7 Nov 2025,,86k0uxuzs6p0j7lhdat542g44,Guillaume Paradis,Paris FC,Stade Rennais FC,I. Kebbal,0,1,0,3,0,1,0,1,46,0,0,4,0,1,1
105,7 Nov 2025,,86k0uxuzs6p0j7lhdat542g44,Guillaume Paradis,Paris FC,Stade Rennais FC,J. Krasso,0,0,3,1,1,2,0,2,15,0,0,1,1,0,0
105,7 Nov 2025,,86k0uxuzs6p0j7lhdat542g44,Guillaume Paradis,Paris FC,Stade Rennais FC,M. Lopez,0,0,1,6,3,1,0,0,73,0,0,0,0,3,1
105,7 Nov 2025,,86k0uxuzs6p0j7lhdat542g44,Guillaume Paradis,Paris FC,Stade Rennais FC,T. De Smet,0,1,0,2,1,1,0,1,36,0,0,2,0,0,1
105,7 Nov 2025,,86k0uxuzs6p0j7lhdat542g44,Guillaume Paradis,Paris FC,Stade Rennais FC,A. Camara,0,1,1,0,0,1,0,0,37,0,0,1,0,3,0
105,7 Nov 2025,,86k0uxuzs6p0j7lhdat542g44,Guillaume Paradis,Paris FC,Stade Rennais FC,P. Lees-Melou,0,1,1,1,1,1,0,0,24,0,0,2,1,3,0
105,7 Nov 2025,,86k0uxuzs6p0j7lhdat542g44,Guillaume Paradis,Paris FC,Stade Rennais FC,M. Simon,0,0,0,2,1,0,0,0,15,0,0,1,0,0,0
105,7 Nov 2025,,86k0uxuzs6p0j7lhdat542g44,Guillaume Paradis,Paris FC,Stade Rennais FC,W. Geubbels,0,1,1,1,2,0,0,0,3,0,0,3,0,0,0
105,7 Nov 2025,,86k0uxuzs6p0j7lhdat542g44,Guillaume Paradis,Paris FC,Stade Rennais FC,M. Cafaro,0,0,0,0,0,0,0,0,4,0,0,0,0,0,0
105,7 Nov 2025,,86k0uxuzs6p0j7lhdat542g44,Guillaume Paradis,Paris FC,Stade Rennais FC,T. Ollila,0,0,0,0,0,0,0,0,6,0,0,0,0,0,0
105,7 Nov 2025,,86k0uxuzs6p0j7lhdat542g44,Guillaume Paradis,Paris FC,Stade Rennais FC,V. Marchetti,0,1,0,0,0,1,0,0,2,0,0,2,0,0,0
105,7 Nov 2025,,86k0uxuzs6p0j7lhdat542g44,Guillaume Paradis,Paris FC,Stade Rennais FC,N. Dicko,0,0,0,1,0,0,0,0,0,0,0,0,0,0,0
105,7 Nov 2025,,86k0uxuzs6p0j7lhdat542g44,Guillaume Paradis,Paris FC,Stade Rennais FC,M. Camara,0,0,1,0,2,0,0,1,34,0,0,0,0,2,1
105,7 Nov 2025,,86k0uxuzs6p0j7lhdat542g44,Guillaume Paradis,Paris FC,Stade Rennais FC,A. Rouault,0,0,0,0,2,1,0,0,55,0,0,0,0,0,1
105,7 Nov 2025,,86k0uxuzs6p0j7lhdat542g44,Guillaume Paradis,Paris FC,Stade Rennais FC,M. Meïté,0,0,1,0,2,0,0,1,14,0,0,2,1,0,0
105,7 Nov 2025,,86k0uxuzs6p0j7lhdat542g44,Guillaume Paradis,Paris FC,Stade Rennais FC,Q. Merlin,0,0,1,8,1,2,0,0,40,0,0,1,0,2,0
105,7 Nov 2025,,86k0uxuzs6p0j7lhdat542g44,Guillaume Paradis,Paris FC,Stade Rennais FC,D. Cissé,0,0,1,6,2,0,0,0,30,0,0,1,1,1,0
105,7 Nov 2025,,86k0uxuzs6p0j7lhdat542g44,Guillaume Paradis,Paris FC,Stade Rennais FC,J. Jacquet,0,1,0,0,1,2,0,0,59,0,0,1,0,2,0
105,7 Nov 2025,,86k0uxuzs6p0j7lhdat542g44,Guillaume Paradis,Paris FC,Stade Rennais FC,V. Rongier,1,0,0,0,1,1,0,0,59,0,0,0,0,2,0
105,7 Nov 2025,,86k0uxuzs6p0j7lhdat542g44,Guillaume Paradis,Paris FC,Stade Rennais FC,L. Brassier,0,0,1,1,0,1,0,0,49,0,0,0,0,2,0
105,7 Nov 2025,,86k0uxuzs6p0j7lhdat542g44,Guillaume Paradis,Paris FC,Stade Rennais FC,B. Samba,0,0,0,0,0,0,0,0,33,0,4,0,0,0,0
105,7 Nov 2025,,86k0uxuzs6p0j7lhdat542g44,Guillaume Paradis,Paris FC,Stade Rennais FC,E. Lepaul,0,0,2,1,0,0,0,0,6,0,0,2,0,0,0
105,7 Nov 2025,,86k0uxuzs6p0j7lhdat542g44,Guillaume Paradis,Paris FC,Stade Rennais FC,Mousa Tamari,0,0,2,5,1,1,0,0,9,0,0,0,0,1,0
105,7 Nov 2025,,86k0uxuzs6p0j7lhdat542g44,Guillaume Paradis,Paris FC,Stade Rennais FC,L. Blas,0,1,0,1,0,1,0,0,7,0,0,2,0,0,0
105,7 Nov 2025,,86k0uxuzs6p0j7lhdat542g44,Guillaume Paradis,Paris FC,Stade Rennais FC,B. Embolo,0,0,0,0,1,0,1,0,2,0,0,1,1,1,0
105,7 Nov 2025,,86k0uxuzs6p0j7lhdat542g44,Guillaume Paradis,Paris FC,Stade Rennais FC,S. Fofana,0,0,0,0,0,0,0,0,1,0,0,0,0,0,0
105,7 Nov 2025,,86k0uxuzs6p0j7lhdat542g44,Guillaume Paradis,Paris FC,Stade Rennais FC,P. Frankowski,0,0,0,0,0,0,0,0,0,0,0,0,0,0,0
1,15 Aug 2025,,72ywjmxfsozasbdhr12v63vv8,Jérémie Pignard,Stade Rennais FC,Olympique de Marseille,F. Rieder,0,0,0,1,1,0,0,0,18,0,0,1,0,1,0
1,15 Aug 2025,,72ywjmxfsozasbdhr12v63vv8,Jérémie Pignard,Stade Rennais FC,Olympique de Marseille,P. Frankowski,0,0,0,0,0,2,0,0,30,0,0,0,0,1,0
1,15 Aug 2025,,72ywjmxfsozasbdhr12v63vv8,Jérémie Pignard,Stade Rennais FC,Olympique de Marseille,A. Aït Boudlal,0,0,0,0,1,0,0,0,12,1,0,0,0,0,0
1,15 Aug 2025,,72ywjmxfsozasbdhr12v63vv8,Jérémie Pignard,Stade Rennais FC,Olympique de Marseille,V. Rongier,0,0,0,0,1,0,0,0,26,0,0,1,1,1,1
1,15 Aug 2025,,72ywjmxfsozasbdhr12v63vv8,Jérémie Pignard,Stade Rennais FC,Olympique de Marseille,J. Jacquet,0,0,0,0,0,1,0,0,28,0,0,0,0,1,0
1,15 Aug 2025,,72ywjmxfsozasbdhr12v63vv8,Jérémie Pignard,Stade Rennais FC,Olympique de Marseille,B. Samba,0,0,0,0,0,0,0,0,34,0,2,0,0,0,0
1,15 Aug 2025,,72ywjmxfsozasbdhr12v63vv8,Jérémie Pignard,Stade Rennais FC,Olympique de Marseille,M. Meïté,0,0,0,0,1,0,0,3,3,0,0,0,0,0,0
1,15 Aug 2025,,72ywjmxfsozasbdhr12v63vv8,Jérémie Pignard,Stade Rennais FC,Olympique de Marseille,S. Fofana,0,0,0,0,0,0,0,0,33,0,0,0,0,1,0
1,15 Aug 2025,,72ywjmxfsozasbdhr12v63vv8,Jérémie Pignard,Stade Rennais FC,Olympique de Marseille,Q. Merlin,1,1,0,1,0,3,0,0,28,0,0,1,0,3,0
1,15 Aug 2025,,72ywjmxfsozasbdhr12v63vv8,Jérémie Pignard,Stade Rennais FC,Olympique de Marseille,Mousa Tamari,0,3,1,0,2,2,0,2,10,0,0,6,3,0,1
1,15 Aug 2025,,72ywjmxfsozasbdhr12v63vv8,Jérémie Pignard,Stade Rennais FC,Olympique de Marseille,A. Rouault,0,0,0,0,1,1,0,0,31,0,0,0,0,1,0
1,15 Aug 2025,,72ywjmxfsozasbdhr12v63vv8,Jérémie Pignard,Stade Rennais FC,Olympique de Marseille,C. Wooh,0,0,0,0,0,0,0,0,11,0,0,0,0,0,0
1,15 Aug 2025,,72ywjmxfsozasbdhr12v63vv8,Jérémie Pignard,Stade Rennais FC,Olympique de Marseille,M. Camara,0,0,0,0,1,0,0,0,8,0,0,0,0,0,0
1,15 Aug 2025,,72ywjmxfsozasbdhr12v63vv8,Jérémie Pignard,Stade Rennais FC,Olympique de Marseille,I. Salah,0,1,0,0,0,0,0,0,3,0,0,1,0,0,0
1,15 Aug 2025,,72ywjmxfsozasbdhr12v63vv8,Jérémie Pignard,Stade Rennais FC,Olympique de Marseille,A. Nagida,0,0,0,0,0,0,0,0,2,0,0,1,0,0,0
1,15 Aug 2025,,72ywjmxfsozasbdhr12v63vv8,Jérémie Pignard,Stade Rennais FC,Olympique de Marseille,L. Blas,0,0,0,0,0,1,1,0,7,0,0,1,1,0,0
1,15 Aug 2025,,72ywjmxfsozasbdhr12v63vv8,Jérémie Pignard,Stade Rennais FC,Olympique de Marseille,A. Gouiri,0,2,3,7,0,0,0,0,32,0,0,3,1,0,0
1,15 Aug 2025,,72ywjmxfsozasbdhr12v63vv8,Jérémie Pignard,Stade Rennais FC,Olympique de Marseille,L. Balerdi,0,1,0,0,1,1,0,0,94,0,0,3,1,5,1
1,15 Aug 2025,,72ywjmxfsozasbdhr12v63vv8,Jérémie Pignard,Stade Rennais FC,Olympique de Marseille,C. Egan-Riley,0,0,0,1,0,0,0,0,83,0,0,0,0,4,0
1,15 Aug 2025,,72ywjmxfsozasbdhr12v63vv8,Jérémie Pignard,Stade Rennais FC,Olympique de Marseille,A. Gomes,0,0,0,0,0,1,0,0,100,0,0,1,0,1,0
1,15 Aug 2025,,72ywjmxfsozasbdhr12v63vv8,Jérémie Pignard,Stade Rennais FC,Olympique de Marseille,G. Kondogbia,0,0,0,0,0,0,0,0,40,0,0,0,0,0,0
1,15 Aug 2025,,72ywjmxfsozasbdhr12v63vv8,Jérémie Pignard,Stade Rennais FC,Olympique de Marseille,A. Murillo,0,0,0,1,1,1,0,0,37,0,0,1,0,0,0
1,15 Aug 2025,,72ywjmxfsozasbdhr12v63vv8,Jérémie Pignard,Stade Rennais FC,Olympique de Marseille,P. Højbjerg,0,0,0,0,0,1,0,0,115,0,0,3,0,1,0
1,15 Aug 2025,,72ywjmxfsozasbdhr12v63vv8,Jérémie Pignard,Stade Rennais FC,Olympique de Marseille,G. Rulli,0,0,0,0,0,0,0,0,27,0,4,0,0,0,0
1,15 Aug 2025,,72ywjmxfsozasbdhr12v63vv8,Jérémie Pignard,Stade Rennais FC,Olympique de Marseille,M. Greenwood,0,4,2,5,1,0,0,0,65,0,0,6,0,0,0
1,15 Aug 2025,,72ywjmxfsozasbdhr12v63vv8,Jérémie Pignard,Stade Rennais FC,Olympique de Marseille,J. Rowe,0,1,2,4,2,2,0,0,24,0,0,5,0,0,0
1,15 Aug 2025,,72ywjmxfsozasbdhr12v63vv8,Jérémie Pignard,Stade Rennais FC,Olympique de Marseille,A. Rabiot,0,0,4,9,2,1,0,0,41,0,0,1,0,0,1
1,15 Aug 2025,,72ywjmxfsozasbdhr12v63vv8,Jérémie Pignard,Stade Rennais FC,Olympique de Marseille,T. Weah,0,1,0,4,2,0,0,0,31,0,0,1,0,3,0
1,15 Aug 2025,,72ywjmxfsozasbdhr12v63vv8,Jérémie Pignard,Stade Rennais FC,Olympique de Marseille,P. Aubameyang,0,0,1,0,1,0,0,0,7,0,0,0,0,0,0
1,15 Aug 2025,,72ywjmxfsozasbdhr12v63vv8,Jérémie Pignard,Stade Rennais FC,Olympique de Marseille,U. Garcia,0,0,0,1,1,0,0,0,12,0,0,0,0,1,1
1,15 Aug 2025,,72ywjmxfsozasbdhr12v63vv8,Jérémie Pignard,Stade Rennais FC,Olympique de Marseille,R. Vaz,0,0,0,0,0,0,0,0,2,0,0,0,0,0,0
1,15 Aug 2025,,72ywjmxfsozasbdhr12v63vv8,Jérémie Pignard,Stade Rennais FC,Olympique de Marseille,D. Bakola,0,0,0,1,0,1,0,0,8,0,0,0,0,0,0
2,16 Aug 2025,,73l4er9v8jty4j1755iq9l6ok,Romain Lissorgue,Racing Club de Lens,Olympique Lyonnais,R. Aguilar,0,0,1,9,0,0,0,2,43,0,0,1,0,0,0
2,16 Aug 2025,,73l4er9v8jty4j1755iq9l6ok,Romain Lissorgue,Racing Club de Lens,Olympique Lyonnais,S. Baidoo,0,0,0,0,4,0,0,0,51,0,0,0,0,2,1
2,16 Aug 2025,,73l4er9v8jty4j1755iq9l6ok,Romain Lissorgue,Racing Club de Lens,Olympique Lyonnais,R. Risser,0,0,0,0,0,0,0,0,31,0,2,0,0,0,0
2,16 Aug 2025,,73l4er9v8jty4j1755iq9l6ok,Romain Lissorgue,Racing Club de Lens,Olympique Lyonnais,A. Thomasson,0,1,0,10,0,2,0,0,54,0,0,2,1,1,0
2,16 Aug 2025,,73l4er9v8jty4j1755iq9l6ok,Romain Lissorgue,Racing Club de Lens,Olympique Lyonnais,R. Fofana,0,1,1,1,0,4,0,0,12,0,0,2,0,0,0
2,16 Aug 2025,,73l4er9v8jty4j1755iq9l6ok,Romain Lissorgue,Racing Club de Lens,Olympique Lyonnais,M. Sarr,0,0,0,0,1,1,0,0,56,0,0,1,0,2,1
2,16 Aug 2025,,73l4er9v8jty4j1755iq9l6ok,Romain Lissorgue,Racing Club de Lens,Olympique Lyonnais,M. Guilavogui,0,1,1,1,3,2,0,0,30,0,0,1,0,3,0
2,16 Aug 2025,,73l4er9v8jty4j1755iq9l6ok,Romain Lissorgue,Racing Club de Lens,Olympique Lyonnais,W. Saïd,0,0,2,0,3,0,0,3,12,0,0,4,2,0,0
2,16 Aug 2025,,73l4er9v8jty4j1755iq9l6ok,Romain Lissorgue,Racing Club de Lens,Olympique Lyonnais,A. Diouf,0,1,2,0,0,1,0,0,40,0,0,3,1,1,0
2,16 Aug 2025,,73l4er9v8jty4j1755iq9l6ok,Romain Lissorgue,Racing Club de Lens,Olympique Lyonnais,M. Udol,0,0,2,5,0,2,0,0,46,0,0,0,0,1,0
2,16 Aug 2025,,73l4er9v8jty4j1755iq9l6ok,Romain Lissorgue,Racing Club de Lens,Olympique Lyonnais,D. Machado,0,0,1,3,1,5,0,0,27,0,0,4,1,1,0
2,16 Aug 2025,,73l4er9v8jty4j1755iq9l6ok,Romain Lissorgue,Racing Club de Lens,Olympique Lyonnais,F. Thauvin,0,0,1,6,0,1,0,0,21,0,0,0,0,1,0
2,16 Aug 2025,,73l4er9v8jty4j1755iq9l6ok,Romain Lissorgue,Racing Club de Lens,Olympique Lyonnais,A. Bermont,0,0,1,2,0,0,0,0,14,0,0,0,0,0,0
2,16 Aug 2025,,73l4er9v8jty4j1755iq9l6ok,Romain Lissorgue,Racing Club de Lens,Olympique Lyonnais,Saud Abdulhamid,0,0,0,1,0,1,0,0,4,0,0,0,0,0,0
2,16 Aug 2025,,73l4er9v8jty4j1755iq9l6ok,Romain Lissorgue,Racing Club de Lens,Olympique Lyonnais,F. Sotoca,0,0,0,0,1,0,0,0,3,0,0,0,0,0,0
2,16 Aug 2025,,73l4er9v8jty4j1755iq9l6ok,Romain Lissorgue,Racing Club de Lens,Olympique Lyonnais,T. Morton,0,0,0,8,2,0,0,0,42,0,0,0,0,3,0
2,16 Aug 2025,,73l4er9v8jty4j1755iq9l6ok,Romain Lissorgue,Racing Club de Lens,Olympique Lyonnais,M. Niakhaté,0,0,0,0,1,2,0,0,41,0,0,0,0,3,0
2,16 Aug 2025,,73l4er9v8jty4j1755iq9l6ok,Romain Lissorgue,Racing Club de Lens,Olympique Lyonnais,Abner,0,0,0,0,2,0,0,0,37,0,0,1,0,2,1
2,16 Aug 2025,,73l4er9v8jty4j1755iq9l6ok,Romain Lissorgue,Racing Club de Lens,Olympique Lyonnais,T. Tessmann,0,0,1,0,0,1,0,0,39,0,0,1,0,3,0
2,16 Aug 2025,,73l4er9v8jty4j1755iq9l6ok,Romain Lissorgue,Racing Club de Lens,Olympique Lyonnais,Clinton Mata,0,0,0,0,0,2,0,0,43,0,0,0,0,1,0
2,16 Aug 2025,,73l4er9v8jty4j1755iq9l6ok,Romain Lissorgue,Racing Club de Lens,Olympique Lyonnais,S. Kumbedi,0,0,0,1,4,2,0,0,13,0,0,1,0,1,1
2,16 Aug 2025,,73l4er9v8jty4j1755iq9l6ok,Romain Lissorgue,Racing Club de Lens,Olympique Lyonnais,M. Fofana,1,0,3,4,0,1,0,0,26,0,0,1,1,1,0
2,16 Aug 2025,,73l4er9v8jty4j1755iq9l6ok,Romain Lissorgue,Racing Club de Lens,Olympique Lyonnais,C. Tolisso,0,0,2,1,5,2,0,0,43,0,0,2,1,1,0
2,16 Aug 2025,,73l4er9v8jty4j1755iq9l6ok,Romain Lissorgue,Racing Club de Lens,Olympique Lyonnais,R. Descamps,0,0,0,0,0,0,0,0,37,0,4,0,0,0,0
2,16 Aug 2025,,73l4er9v8jty4j1755iq9l6ok,Romain Lissorgue,Racing Club de Lens,Olympique Lyonnais,A. Maitland-Niles,0,0,0,1,3,1,0,0,23,0,0,0,0,1,0
2,16 Aug 2025,,73l4er9v8jty4j1755iq9l6ok,Romain Lissorgue,Racing Club de Lens,Olympique Lyonnais,G. Mikautadze,0,1,2,0,0,1,1,1,15,0,0,5,1,0,0
2,16 Aug 2025,,73l4er9v8jty4j1755iq9l6ok,Romain Lissorgue,Racing Club de Lens,Olympique Lyonnais,K. Merah,0,0,0,0,2,1,0,0,12,0,0,0,0,1,0
2,16 Aug 2025,,73l4er9v8jty4j1755iq9l6ok,Romain Lissorgue,Racing Club de Lens,Olympique Lyonnais,P. Šulc,0,0,0,0,0,0,0,0,0,0,0,0,0,0,0
2,16 Aug 2025,,73l4er9v8jty4j1755iq9l6ok,Romain Lissorgue,Racing Club de Lens,Olympique Lyonnais,A. Karabec,0,0,0,0,1,0,0,0,0,0,0,0,0,0,1
3,16 Aug 2025,,7418rio2sxr1iuexz55zxuyac,Thomas Léonard,OGC Nice Côte d'Azur,Toulouse FC,H. Boudaoui,0,1,3,0,3,3,0,0,44,0,0,2,1,0,1
3,16 Aug 2025,,7418rio2sxr1iuexz55zxuyac,Thomas Léonard,OGC Nice Côte d'Azur,Toulouse FC,A. Mendy,0,1,0,3,2,3,0,0,59,0,0,1,0,3,0
3,16 Aug 2025,,7418rio2sxr1iuexz55zxuyac,Thomas Léonard,OGC Nice Côte d'Azur,Toulouse FC,T. Louchet,0,2,0,0,2,1,0,0,29,0,0,2,0,3,0
3,16 Aug 2025,,7418rio2sxr1iuexz55zxuyac,Thomas Léonard,OGC Nice Côte d'Azur,Toulouse FC,T. Moffi,0,0,0,0,0,1,0,0,16,0,0,0,0,0,0
3,16 Aug 2025,,7418rio2sxr1iuexz55zxuyac,Thomas Léonard,OGC Nice Côte d'Azur,Toulouse FC,B. Bouanani,0,0,0,3,0,2,0,0,30,0,0,1,0,0,0
3,16 Aug 2025,,7418rio2sxr1iuexz55zxuyac,Thomas Léonard,OGC Nice Côte d'Azur,Toulouse FC,J. Bah,0,0,0,0,1,0,0,0,75,0,0,0,0,2,0
3,16 Aug 2025,,7418rio2sxr1iuexz55zxuyac,Thomas Léonard,OGC Nice Côte d'Azur,Toulouse FC,K. Peprah Oppong,0,0,1,0,1,1,0,0,53,0,0,0,0,4,0
3,16 Aug 2025,,7418rio2sxr1iuexz55zxuyac,Thomas Léonard,OGC Nice Côte d'Azur,Toulouse FC,J. Clauss,0,0,1,6,0,2,0,0,57,0,0,2,0,1,0
3,16 Aug 2025,,7418rio2sxr1iuexz55zxuyac,Thomas Léonard,OGC Nice Côte d'Azur,Toulouse FC,M. Bard,0,0,2,6,0,0,0,0,30,0,0,2,0,1,0
3,16 Aug 2025,,7418rio2sxr1iuexz55zxuyac,Thomas Léonard,OGC Nice Côte d'Azur,Toulouse FC,I. Jansson,0,0,0,1,2,0,0,0,16,0,0,0,0,0,0
3,16 Aug 2025,,7418rio2sxr1iuexz55zxuyac,Thomas Léonard,OGC Nice Côte d'Azur,Toulouse FC,Y. Diouf,0,0,0,0,0,0,0,0,24,0,1,0,0,0,0
3,16 Aug 2025,,7418rio2sxr1iuexz55zxuyac,Thomas Léonard,OGC Nice Côte d'Azur,Toulouse FC,S. Abdul Samed,0,0,0,0,0,0,0,0,13,0,0,0,0,1,0
3,16 Aug 2025,,7418rio2sxr1iuexz55zxuyac,Thomas Léonard,OGC Nice Côte d'Azur,Toulouse FC,S. Diop,0,2,1,1,0,0,0,0,7,0,0,2,0,0,0
3,16 Aug 2025,,7418rio2sxr1iuexz55zxuyac,Thomas Léonard,OGC Nice Côte d'Azur,Toulouse FC,B. Nguene,0,0,0,1,1,0,0,0,4,0,0,0,0,0,1
3,16 Aug 2025,,7418rio2sxr1iuexz55zxuyac,Thomas Léonard,OGC Nice Côte d'Azur,Toulouse FC,J. Boga,0,0,1,1,0,0,0,0,12,0,0,1,1,2,0
3,16 Aug 2025,,7418rio2sxr1iuexz55zxuyac,Thomas Léonard,OGC Nice Côte d'Azur,Toulouse FC,B. Brahimi,0,0,0,2,0,0,0,0,3,0,0,0,0,0,0
3,16 Aug 2025,,7418rio2sxr1iuexz55zxuyac,Thomas Léonard,OGC Nice Côte d'Azur,Toulouse FC,M. Sauer,0,0,0,2,2,1,0,0,19,0,0,0,0,3,1
3,16 Aug 2025,,7418rio2sxr1iuexz55zxuyac,Thomas Léonard,OGC Nice Côte d'Azur,Toulouse FC,C. Cresswell,0,0,0,0,1,0,0,0,55,0,0,1,0,1,0
3,16 Aug 2025,,7418rio2sxr1iuexz55zxuyac,Thomas Léonard,OGC Nice Côte d'Azur,Toulouse FC,D. Méthalie,0,0,1,3,4,0,0,0,19,0,0,0,0,4,1
3,16 Aug 2025,,7418rio2sxr1iuexz55zxuyac,Thomas Léonard,OGC Nice Côte d'Azur,Toulouse FC,Y. Gboho,0,1,1,1,1,3,0,0,16,0,0,2,0,1,0
3,16 Aug 2025,,7418rio2sxr1iuexz55zxuyac,Thomas Léonard,OGC Nice Côte d'Azur,Toulouse FC,J. Canvot,0,0,0,0,1,0,0,0,45,0,0,2,0,1,1
3,16 Aug 2025,,7418rio2sxr1iuexz55zxuyac,Thomas Léonard,OGC Nice Côte d'Azur,Toulouse FC,A. Dønnum,0,0,0,6,0,2,0,0,31,0,0,1,1,2,0
3,16 Aug 2025,,7418rio2sxr1iuexz55zxuyac,Thomas Léonard,OGC Nice Côte d'Azur,Toulouse FC,G. Restes,0,0,0,0,0,2,0,0,26,0,2,0,0,0,0
3,16 Aug 2025,,7418rio2sxr1iuexz55zxuyac,Thomas Léonard,OGC Nice Côte d'Azur,Toulouse FC,D. Sidibé,0,0,0,2,1,0,1,0,47,0,0,1,1,3,0
3,16 Aug 2025,,7418rio2sxr1iuexz55zxuyac,Thomas Léonard,OGC Nice Côte d'Azur,Toulouse FC,M. McKenzie,0,0,0,0,0,0,0,0,45,0,0,0,0,1,0
3,16 Aug 2025,,7418rio2sxr1iuexz55zxuyac,Thomas Léonard,OGC Nice Côte d'Azur,Toulouse FC,F. Magri,0,1,1,0,2,1,0,0,14,0,0,2,0,0,0
3,16 Aug 2025,,7418rio2sxr1iuexz55zxuyac,Thomas Léonard,OGC Nice Côte d'Azur,Toulouse FC,N. Edjouma,0,0,1,3,1,2,0,0,17,0,0,0,0,0,0
3,16 Aug 2025,,7418rio2sxr1iuexz55zxuyac,Thomas Léonard,OGC Nice Côte d'Azur,Toulouse FC,W. Kamanzi,0,0,0,0,0,1,0,0,9,0,0,0,0,0,0
3,16 Aug 2025,,7418rio2sxr1iuexz55zxuyac,Thomas Léonard,OGC Nice Côte d'Azur,Toulouse FC,A. Vossah,0,0,0,0,0,0,0,0,9,0,0,1,0,1,0
3,16 Aug 2025,,7418rio2sxr1iuexz55zxuyac,Thomas Léonard,OGC Nice Côte d'Azur,Toulouse FC,S. Hidalgo,1,0,0,0,0,0,0,0,5,0,0,0,0,0,0
3,16 Aug 2025,,7418rio2sxr1iuexz55zxuyac,Thomas Léonard,OGC Nice Côte d'Azur,Toulouse FC,R. Nicolaisen,0,0,0,0,0,0,0,0,5,0,0,0,0,1,0
4,17 Aug 2025,,74h5os2atpg4gkrdbrss9gefo,Abdelatif Kherradji,Association Jeunesse Auxerroise,FC Lorient,M. Senaya,0,0,0,0,3,3,0,0,21,0,0,2,1,6,1
4,17 Aug 2025,,74h5os2atpg4gkrdbrss9gefo,Abdelatif Kherradji,Association Jeunesse Auxerroise,FC Lorient,G. Mensah,0,0,0,1,1,1,0,0,32,0,0,0,0,2,0
4,17 Aug 2025,,74h5os2atpg4gkrdbrss9gefo,Abdelatif Kherradji,Association Jeunesse Auxerroise,FC Lorient,C. Akpa,0,0,0,0,0,2,0,0,56,0,0,0,0,2,0
4,17 Aug 2025,,74h5os2atpg4gkrdbrss9gefo,Abdelatif Kherradji,Association Jeunesse Auxerroise,FC Lorient,J. Casimir,0,1,4,7,2,2,0,0,17,0,0,3,1,0,0
4,17 Aug 2025,,74h5os2atpg4gkrdbrss9gefo,Abdelatif Kherradji,Association Jeunesse Auxerroise,FC Lorient,L. Sinayoko,0,0,0,0,0,2,1,0,13,0,0,1,1,2,0
4,17 Aug 2025,,74h5os2atpg4gkrdbrss9gefo,Abdelatif Kherradji,Association Jeunesse Auxerroise,FC Lorient,E. Owusu,0,0,0,0,2,2,0,0,26,0,0,0,0,4,1
4,17 Aug 2025,,74h5os2atpg4gkrdbrss9gefo,Abdelatif Kherradji,Association Jeunesse Auxerroise,FC Lorient,K. Danois,0,0,0,0,3,0,0,0,41,0,0,1,0,3,0
4,17 Aug 2025,,74h5os2atpg4gkrdbrss9gefo,Abdelatif Kherradji,Association Jeunesse Auxerroise,FC Lorient,F. Sierralta,0,0,0,0,0,0,0,0,55,0,0,0,0,1,0
4,17 Aug 2025,,74h5os2atpg4gkrdbrss9gefo,Abdelatif Kherradji,Association Jeunesse Auxerroise,FC Lorient,G. Osho,0,0,0,0,2,1,0,0,48,0,0,0,0,2,0
4,17 Aug 2025,,74h5os2atpg4gkrdbrss9gefo,Abdelatif Kherradji,Association Jeunesse Auxerroise,FC Lorient,I. Osman,1,0,0,0,1,0,0,0,13,0,0,0,0,2,0
4,17 Aug 2025,,74h5os2atpg4gkrdbrss9gefo,Abdelatif Kherradji,Association Jeunesse Auxerroise,FC Lorient,D. Léon,0,0,0,0,0,0,0,0,30,0,3,0,0,0,0
4,17 Aug 2025,,74h5os2atpg4gkrdbrss9gefo,Abdelatif Kherradji,Association Jeunesse Auxerroise,FC Lorient,L. Coulibaly,0,0,0,0,3,0,0,0,3,0,0,0,0,0,0
4,17 Aug 2025,,74h5os2atpg4gkrdbrss9gefo,Abdelatif Kherradji,Association Jeunesse Auxerroise,FC Lorient,R. Matondo,0,0,0,0,0,0,0,0,1,0,0,0,0,0,0
4,17 Aug 2025,,74h5os2atpg4gkrdbrss9gefo,Abdelatif Kherradji,Association Jeunesse Auxerroise,FC Lorient,T. Bair,0,0,0,0,0,0,0,0,3,0,0,0,0,0,0
4,17 Aug 2025,,74h5os2atpg4gkrdbrss9gefo,Abdelatif Kherradji,Association Jeunesse Auxerroise,FC Lorient,F. Oppegård,0,0,0,0,1,0,0,0,2,0,0,0,0,3,1
4,17 Aug 2025,,74h5os2atpg4gkrdbrss9gefo,Abdelatif Kherradji,Association Jeunesse Auxerroise,FC Lorient,M. Bamba,0,0,0,0,2,0,0,1,11,0,0,0,0,1,0
4,17 Aug 2025,,74h5os2atpg4gkrdbrss9gefo,Abdelatif Kherradji,Association Jeunesse Auxerroise,FC Lorient,A. Avom,0,0,0,3,0,2,0,0,50,0,0,0,0,2,0
4,17 Aug 2025,,74h5os2atpg4gkrdbrss9gefo,Abdelatif Kherradji,Association Jeunesse Auxerroise,FC Lorient,J. Mvuka,0,1,0,0,2,0,0,0,17,0,0,1,0,2,0
4,17 Aug 2025,,74h5os2atpg4gkrdbrss9gefo,Abdelatif Kherradji,Association Jeunesse Auxerroise,FC Lorient,F. Mendy,0,0,0,1,0,3,0,0,64,0,0,0,0,3,0
4,17 Aug 2025,,74h5os2atpg4gkrdbrss9gefo,Abdelatif Kherradji,Association Jeunesse Auxerroise,FC Lorient,M. Talbi,0,0,0,0,0,2,0,0,78,0,0,2,0,3,0
4,17 Aug 2025,,74h5os2atpg4gkrdbrss9gefo,Abdelatif Kherradji,Association Jeunesse Auxerroise,FC Lorient,Igor Silva,0,0,0,2,3,2,0,0,55,0,0,0,0,0,1
4,17 Aug 2025,,74h5os2atpg4gkrdbrss9gefo,Abdelatif Kherradji,Association Jeunesse Auxerroise,FC Lorient,A. Kouassi,0,0,1,1,0,2,0,0,18,0,0,0,0,0,0
4,17 Aug 2025,,74h5os2atpg4gkrdbrss9gefo,Abdelatif Kherradji,Association Jeunesse Auxerroise,FC Lorient,A. Tosin,0,1,0,0,1,0,0,0,16,0,0,4,0,0,0
4,17 Aug 2025,,74h5os2atpg4gkrdbrss9gefo,Abdelatif Kherradji,Association Jeunesse Auxerroise,FC Lorient,L. Abergel,0,1,1,0,2,2,0,0,71,0,0,2,1,3,0
4,17 Aug 2025,,74h5os2atpg4gkrdbrss9gefo,Abdelatif Kherradji,Association Jeunesse Auxerroise,FC Lorient,B. Kamara,0,0,0,0,0,0,0,0,29,0,2,0,0,0,0
4,17 Aug 2025,,74h5os2atpg4gkrdbrss9gefo,Abdelatif Kherradji,Association Jeunesse Auxerroise,FC Lorient,P. Pagis,0,0,0,1,2,1,0,0,27,0,0,0,0,1,1
4,17 Aug 2025,,74h5os2atpg4gkrdbrss9gefo,Abdelatif Kherradji,Association Jeunesse Auxerroise,FC Lorient,P. Katseris,0,1,1,3,0,3,0,0,9,0,0,1,0,0,0
4,17 Aug 2025,,74h5os2atpg4gkrdbrss9gefo,Abdelatif Kherradji,Association Jeunesse Auxerroise,FC Lorient,D. Karim,0,0,0,0,1,0,0,0,13,0,0,1,0,1,0
4,17 Aug 2025,,74h5os2atpg4gkrdbrss9gefo,Abdelatif Kherradji,Association Jeunesse Auxerroise,FC Lorient,S. Soumano,0,0,2,0,0,0,0,1,3,0,0,2,2,0,0
4,17 Aug 2025,,74h5os2atpg4gkrdbrss9gefo,Abdelatif Kherradji,Association Jeunesse Auxerroise,FC Lorient,D. Yongwa,0,1,0,1,1,0,0,0,4,0,0,1,0,0,0
5,17 Aug 2025,,74zpn9q4fwxv9jgn3a7ijslck,Clément Turpin,Stade Brestois 29,Lille OSC,B. Locko,0,0,0,0,0,1,0,0,33,0,0,0,0,5,0
5,17 Aug 2025,,74zpn9q4fwxv9jgn3a7ijslck,Clément Turpin,Stade Brestois 29,Lille OSC,P. Lees-Melou,0,0,0,1,2,3,0,0,37,0,0,2,0,3,0
5,17 Aug 2025,,74zpn9q4fwxv9jgn3a7ijslck,Clément Turpin,Stade Brestois 29,Lille OSC,J. Le Cardinal,0,0,0,0,2,1,1,0,43,0,0,3,1,1,0
5,17 Aug 2025,,74zpn9q4fwxv9jgn3a7ijslck,Clément Turpin,Stade Brestois 29,Lille OSC,K. Doumbia,0,2,0,0,1,1,2,0,38,0,0,5,2,2,1
5,17 Aug 2025,,74zpn9q4fwxv9jgn3a7ijslck,Clément Turpin,Stade Brestois 29,Lille OSC,R. Del Castillo,0,0,2,15,0,1,0,0,29,0,0,1,1,5,0
5,17 Aug 2025,,74zpn9q4fwxv9jgn3a7ijslck,Clément Turpin,Stade Brestois 29,Lille OSC,K. Lala,1,0,0,0,0,0,0,0,41,0,0,0,0,1,0
5,17 Aug 2025,,74zpn9q4fwxv9jgn3a7ijslck,Clément Turpin,Stade Brestois 29,Lille OSC,H. Magnetti,0,0,0,0,1,0,0,0,27,0,0,2,1,2,0
5,17 Aug 2025,,74zpn9q4fwxv9jgn3a7ijslck,Clément Turpin,Stade Brestois 29,Lille OSC,B. Chardonnet,0,0,0,0,1,0,0,0,44,0,0,0,0,1,1
5,17 Aug 2025,,74zpn9q4fwxv9jgn3a7ijslck,Clément Turpin,Stade Brestois 29,Lille OSC,R. Majecki,0,0,0,0,0,0,0,0,29,0,3,0,0,0,0
5,17 Aug 2025,,74zpn9q4fwxv9jgn3a7ijslck,Clément Turpin,Stade Brestois 29,Lille OSC,Mama Baldé,1,2,0,1,3,3,0,0,26,0,0,4,0,4,0
5,17 Aug 2025,,74zpn9q4fwxv9jgn3a7ijslck,Clément Turpin,Stade Brestois 29,Lille OSC,L. Ajorque,0,1,0,0,1,2,0,1,18,0,0,1,0,0,0
5,17 Aug 2025,,74zpn9q4fwxv9jgn3a7ijslck,Clément Turpin,Stade Brestois 29,Lille OSC,H. Makalou,0,0,0,0,0,1,0,0,1,0,0,0,0,0,0
5,17 Aug 2025,,74zpn9q4fwxv9jgn3a7ijslck,Clément Turpin,Stade Brestois 29,Lille OSC,L. Zogbé,0,0,0,0,0,0,0,0,0,0,0,0,0,0,0
5,17 Aug 2025,,74zpn9q4fwxv9jgn3a7ijslck,Clément Turpin,Stade Brestois 29,Lille OSC,H. Haraldsson,0,0,0,2,1,0,1,0,42,0,0,1,1,1,0
5,17 Aug 2025,,74zpn9q4fwxv9jgn3a7ijslck,Clément Turpin,Stade Brestois 29,Lille OSC,B. Özer,0,0,0,0,0,0,0,0,31,0,2,0,0,0,0
5,17 Aug 2025,,74zpn9q4fwxv9jgn3a7ijslck,Clément Turpin,Stade Brestois 29,Lille OSC,O. Touré,0,0,0,0,0,0,0,0,21,0,0,0,0,1,0
5,17 Aug 2025,,74zpn9q4fwxv9jgn3a7ijslck,Clément Turpin,Stade Brestois 29,Lille OSC,N. Ngoy,1,0,0,0,2,0,0,0,56,0,0,0,0,1,1
5,17 Aug 2025,,74zpn9q4fwxv9jgn3a7ijslck,Clément Turpin,Stade Brestois 29,Lille OSC,Alexsandro Ribeiro,0,0,0,0,2,1,0,0,56,0,0,0,0,0,0
5,17 Aug 2025,,74zpn9q4fwxv9jgn3a7ijslck,Clément Turpin,Stade Brestois 29,Lille OSC,B. André,0,0,0,0,0,1,0,0,42,0,0,0,0,3,0
5,17 Aug 2025,,74zpn9q4fwxv9jgn3a7ijslck,Clément Turpin,Stade Brestois 29,Lille OSC,N. Mukau,0,1,0,0,3,1,1,0,21,0,0,2,1,1,0
5,17 Aug 2025,,74zpn9q4fwxv9jgn3a7ijslck,Clément Turpin,Stade Brestois 29,Lille OSC,O. Giroud,0,2,1,0,2,3,1,0,25,0,0,4,2,2,0
5,17 Aug 2025,,74zpn9q4fwxv9jgn3a7ijslck,Clément Turpin,Stade Brestois 29,Lille OSC,M. Broholm,0,0,0,1,0,0,0,0,12,0,0,0,0,1,0
5,17 Aug 2025,,74zpn9q4fwxv9jgn3a7ijslck,Clément Turpin,Stade Brestois 29,Lille OSC,R. Perraud,0,0,1,1,0,3,0,0,20,0,0,1,1,1,0
5,17 Aug 2025,,74zpn9q4fwxv9jgn3a7ijslck,Clément Turpin,Stade Brestois 29,Lille OSC,Félix Correia,1,0,0,3,0,0,0,0,38,0,0,0,0,1,0
5,17 Aug 2025,,74zpn9q4fwxv9jgn3a7ijslck,Clément Turpin,Stade Brestois 29,Lille OSC,Matías Fernández,0,0,0,2,0,0,0,2,15,0,0,0,0,0,0
5,17 Aug 2025,,74zpn9q4fwxv9jgn3a7ijslck,Clément Turpin,Stade Brestois 29,Lille OSC,M. Goffi,0,0,0,1,1,0,0,0,22,0,0,0,0,1,0
5,17 Aug 2025,,74zpn9q4fwxv9jgn3a7ijslck,Clément Turpin,Stade Brestois 29,Lille OSC,V. Burlet,0,0,0,1,0,0,0,0,14,0,0,0,0,0,0
5,17 Aug 2025,,74zpn9q4fwxv9jgn3a7ijslck,Clément Turpin,Stade Brestois 29,Lille OSC,N. Bentaleb,0,1,0,2,1,0,0,0,16,0,0,1,0,2,0
5,17 Aug 2025,,74zpn9q4fwxv9jgn3a7ijslck,Clément Turpin,Stade Brestois 29,Lille OSC,A. Bouaddi,0,0,0,1,1,0,0,0,10,0,0,1,1,0,0
6,17 Aug 2025,,75fp0z0nvmxwq7e93v82hludw,François Letexier,Angers Sporting Club de l'Ouest,Paris FC,E. Lepaul,0,0,0,0,1,1,1,0,16,0,0,2,1,0,0
6,17 Aug 2025,,75fp0z0nvmxwq7e93v82hludw,François Letexier,Angers Sporting Club de l'Ouest,Paris FC,H. Belkebla,0,0,0,0,2,1,0,0,25,0,0,0,0,2,0
6,17 Aug 2025,,75fp0z0nvmxwq7e93v82hludw,François Letexier,Angers Sporting Club de l'Ouest,Paris FC,J. Lefort,1,0,0,0,0,2,0,0,42,0,0,0,0,1,0
6,17 Aug 2025,,75fp0z0nvmxwq7e93v82hludw,François Letexier,Angers Sporting Club de l'Ouest,Paris FC,S. Cherif,0,1,3,2,1,1,0,0,6,0,0,2,1,1,0
6,17 Aug 2025,,75fp0z0nvmxwq7e93v82hludw,François Letexier,Angers Sporting Club de l'Ouest,Paris FC,O. Camara,0,0,0,0,0,1,0,0,26,0,0,0,0,2,0
6,17 Aug 2025,,75fp0z0nvmxwq7e93v82hludw,François Letexier,Angers Sporting Club de l'Ouest,Paris FC,C. Arcus,0,0,0,1,2,1,0,0,34,0,0,0,0,3,1
6,17 Aug 2025,,75fp0z0nvmxwq7e93v82hludw,François Letexier,Angers Sporting Club de l'Ouest,Paris FC,L. Raolisoa,0,1,0,5,2,0,0,0,16,0,0,1,0,3,0
6,17 Aug 2025,,75fp0z0nvmxwq7e93v82hludw,François Letexier,Angers Sporting Club de l'Ouest,Paris FC,L. Mouton,0,0,0,1,2,0,0,0,15,1,0,1,0,1,0
6,17 Aug 2025,,75fp0z0nvmxwq7e93v82hludw,François Letexier,Angers Sporting Club de l'Ouest,Paris FC,H. Koffi,0,0,0,0,0,0,0,0,41,0,7,0,0,0,0
6,17 Aug 2025,,75fp0z0nvmxwq7e93v82hludw,François Letexier,Angers Sporting Club de l'Ouest,Paris FC,F. Hanin,0,0,0,0,0,0,0,0,20,0,0,0,0,1,0
6,17 Aug 2025,,75fp0z0nvmxwq7e93v82hludw,François Letexier,Angers Sporting Club de l'Ouest,Paris FC,Y. Belkhdim,0,0,0,0,1,1,0,0,23,0,0,0,0,2,1
6,17 Aug 2025,,75fp0z0nvmxwq7e93v82hludw,François Letexier,Angers Sporting Club de l'Ouest,Paris FC,J. Allevinah,0,1,0,1,0,1,0,0,3,0,0,2,0,1,0
6,17 Aug 2025,,75fp0z0nvmxwq7e93v82hludw,François Letexier,Angers Sporting Club de l'Ouest,Paris FC,L. Machine,0,0,0,0,1,0,0,0,4,0,0,0,0,1,0
6,17 Aug 2025,,75fp0z0nvmxwq7e93v82hludw,François Letexier,Angers Sporting Club de l'Ouest,Paris FC,J. Ekomié,0,0,0,0,1,1,0,0,4,0,0,0,0,1,0
6,17 Aug 2025,,75fp0z0nvmxwq7e93v82hludw,François Letexier,Angers Sporting Club de l'Ouest,Paris FC,P. Peter,0,0,0,0,1,0,0,0,1,0,0,0,0,0,0
6,17 Aug 2025,,75fp0z0nvmxwq7e93v82hludw,François Letexier,Angers Sporting Club de l'Ouest,Paris FC,M. Courcoul,0,0,0,0,0,0,0,0,1,0,0,0,0,1,0
6,17 Aug 2025,,75fp0z0nvmxwq7e93v82hludw,François Letexier,Angers Sporting Club de l'Ouest,Paris FC,N. Sangui,0,0,1,2,0,3,0,0,48,0,0,0,0,1,0
6,17 Aug 2025,,75fp0z0nvmxwq7e93v82hludw,François Letexier,Angers Sporting Club de l'Ouest,Paris FC,M. Lopez,0,1,1,6,0,2,0,0,124,0,0,2,1,2,0
6,17 Aug 2025,,75fp0z0nvmxwq7e93v82hludw,François Letexier,Angers Sporting Club de l'Ouest,Paris FC,M. Simon,0,1,1,5,0,0,0,0,25,0,0,2,0,0,0
6,17 Aug 2025,,75fp0z0nvmxwq7e93v82hludw,François Letexier,Angers Sporting Club de l'Ouest,Paris FC,O. Nkambadio,0,0,0,0,0,0,0,0,27,0,1,0,0,0,0
6,17 Aug 2025,,75fp0z0nvmxwq7e93v82hludw,François Letexier,Angers Sporting Club de l'Ouest,Paris FC,T. Kolodziejczak,0,0,0,0,0,1,0,0,81,0,0,0,0,0,0
6,17 Aug 2025,,75fp0z0nvmxwq7e93v82hludw,François Letexier,Angers Sporting Club de l'Ouest,Paris FC,M. Mbow,0,0,0,0,1,3,0,1,75,0,0,0,0,5,0
6,17 Aug 2025,,75fp0z0nvmxwq7e93v82hludw,François Letexier,Angers Sporting Club de l'Ouest,Paris FC,I. Kebbal,0,1,2,8,1,2,0,0,68,0,0,4,2,1,0
6,17 Aug 2025,,75fp0z0nvmxwq7e93v82hludw,François Letexier,Angers Sporting Club de l'Ouest,Paris FC,L. Doucet,0,0,0,0,3,0,0,0,31,0,0,1,0,0,1
6,17 Aug 2025,,75fp0z0nvmxwq7e93v82hludw,François Letexier,Angers Sporting Club de l'Ouest,Paris FC,S. Chergui,0,0,0,2,0,0,0,0,54,0,0,0,0,3,0
6,17 Aug 2025,,75fp0z0nvmxwq7e93v82hludw,François Letexier,Angers Sporting Club de l'Ouest,Paris FC,J. Krasso,0,0,1,0,0,0,0,1,10,0,0,3,3,0,0
6,17 Aug 2025,,75fp0z0nvmxwq7e93v82hludw,François Letexier,Angers Sporting Club de l'Ouest,Paris FC,P. Hamel,0,0,0,0,2,0,0,0,9,0,0,0,0,0,0
6,17 Aug 2025,,75fp0z0nvmxwq7e93v82hludw,François Letexier,Angers Sporting Club de l'Ouest,Paris FC,V. Marchetti,0,1,0,0,1,0,0,0,15,0,0,2,0,0,0
6,17 Aug 2025,,75fp0z0nvmxwq7e93v82hludw,François Letexier,Angers Sporting Club de l'Ouest,Paris FC,A. Gory,0,0,1,1,0,1,0,1,8,0,0,0,0,0,0
6,17 Aug 2025,,75fp0z0nvmxwq7e93v82hludw,François Letexier,Angers Sporting Club de l'Ouest,Paris FC,M. Cafaro,0,0,0,1,0,0,0,0,10,0,0,3,1,0,0
6,17 Aug 2025,,75fp0z0nvmxwq7e93v82hludw,François Letexier,Angers Sporting Club de l'Ouest,Paris FC,J. Lopez,0,0,0,1,0,0,0,0,3,0,0,0,0,0,0
6,17 Aug 2025,,75fp0z0nvmxwq7e93v82hludw,François Letexier,Angers Sporting Club de l'Ouest,Paris FC,N. Dicko,0,0,0,0,2,0,0,0,1,0,0,0,0,0,0
7,17 Aug 2025,,75vj2kkzx3rsh4sljwh5yv2tw,Mathieu Vernice,FC Metz,RC Strasbourg Alsace,J. Deminguet,0,0,0,2,2,2,0,0,15,0,0,0,0,3,1
7,17 Aug 2025,,75vj2kkzx3rsh4sljwh5yv2tw,Mathieu Vernice,FC Metz,RC Strasbourg Alsace,S. Sané,0,0,0,0,0,0,0,0,48,0,0,0,0,4,0
7,17 Aug 2025,,75vj2kkzx3rsh4sljwh5yv2tw,Mathieu Vernice,FC Metz,RC Strasbourg Alsace,M. Mboula,0,0,0,0,0,1,0,0,45,0,0,0,0,1,0
7,17 Aug 2025,,75vj2kkzx3rsh4sljwh5yv2tw,Mathieu Vernice,FC Metz,RC Strasbourg Alsace,G. Tsitaishvili,0,0,1,7,3,1,0,0,23,0,0,0,0,2,0
7,17 Aug 2025,,75vj2kkzx3rsh4sljwh5yv2tw,Mathieu Vernice,FC Metz,RC Strasbourg Alsace,J. Gbamin,0,0,0,0,1,0,0,0,53,0,0,0,0,1,0
7,17 Aug 2025,,75vj2kkzx3rsh4sljwh5yv2tw,Mathieu Vernice,FC Metz,RC Strasbourg Alsace,J. Fischer,0,0,0,0,0,0,0,0,23,0,2,0,0,0,0
7,17 Aug 2025,,75vj2kkzx3rsh4sljwh5yv2tw,Mathieu Vernice,FC Metz,RC Strasbourg Alsace,B. Stambouli,0,0,0,1,3,0,0,0,41,0,0,0,0,3,0
7,17 Aug 2025,,75vj2kkzx3rsh4sljwh5yv2tw,Mathieu Vernice,FC Metz,RC Strasbourg Alsace,K. Kouao,0,0,0,0,3,3,0,0,19,0,0,1,0,4,1
7,17 Aug 2025,,75vj2kkzx3rsh4sljwh5yv2tw,Mathieu Vernice,FC Metz,RC Strasbourg Alsace,B. Madjo,0,0,0,0,1,2,0,1,5,0,0,1,0,0,0
7,17 Aug 2025,,75vj2kkzx3rsh4sljwh5yv2tw,Mathieu Vernice,FC Metz,RC Strasbourg Alsace,C. Sabaly,0,0,1,0,0,2,0,0,18,0,0,0,0,2,0
7,17 Aug 2025,,75vj2kkzx3rsh4sljwh5yv2tw,Mathieu Vernice,FC Metz,RC Strasbourg Alsace,B. Traoré,0,0,0,0,0,0,0,0,23,0,0,0,0,3,0
7,17 Aug 2025,,75vj2kkzx3rsh4sljwh5yv2tw,Mathieu Vernice,FC Metz,RC Strasbourg Alsace,I. Gueye,0,0,1,0,3,0,0,0,5,0,0,0,0,1,0
7,17 Aug 2025,,75vj2kkzx3rsh4sljwh5yv2tw,Mathieu Vernice,FC Metz,RC Strasbourg Alsace,A. Touré,0,0,0,0,0,0,0,0,14,0,0,0,0,1,0
7,17 Aug 2025,,75vj2kkzx3rsh4sljwh5yv2tw,Mathieu Vernice,FC Metz,RC Strasbourg Alsace,I. Sané,0,0,0,0,0,1,0,0,4,0,0,0,0,0,0
7,17 Aug 2025,,75vj2kkzx3rsh4sljwh5yv2tw,Mathieu Vernice,FC Metz,RC Strasbourg Alsace,M. Colin,0,0,0,2,0,0,0,0,10,0,0,0,0,0,0
7,17 Aug 2025,,75vj2kkzx3rsh4sljwh5yv2tw,Mathieu Vernice,FC Metz,RC Strasbourg Alsace,J. Nduquidi,0,0,0,1,0,0,0,0,3,0,0,0,0,0,0
7,17 Aug 2025,,75vj2kkzx3rsh4sljwh5yv2tw,Mathieu Vernice,FC Metz,RC Strasbourg Alsace,A. Ouattara,0,0,1,2,1,0,0,0,37,0,0,0,0,0,1
7,17 Aug 2025,,75vj2kkzx3rsh4sljwh5yv2tw,Mathieu Vernice,FC Metz,RC Strasbourg Alsace,V. Barco,0,0,0,6,1,5,0,0,65,0,0,0,0,1,0
7,17 Aug 2025,,75vj2kkzx3rsh4sljwh5yv2tw,Mathieu Vernice,FC Metz,RC Strasbourg Alsace,S. El Mourabet,0,1,0,1,2,0,0,0,62,0,0,1,0,3,0
7,17 Aug 2025,,75vj2kkzx3rsh4sljwh5yv2tw,Mathieu Vernice,FC Metz,RC Strasbourg Alsace,E. Emegha,0,1,0,0,1,2,0,0,7,0,0,3,2,0,0
7,17 Aug 2025,,75vj2kkzx3rsh4sljwh5yv2tw,Mathieu Vernice,FC Metz,RC Strasbourg Alsace,J. Mwanga,0,0,0,2,2,1,0,0,88,0,0,0,0,4,0
7,17 Aug 2025,,75vj2kkzx3rsh4sljwh5yv2tw,Mathieu Vernice,FC Metz,RC Strasbourg Alsace,L. Høgsberg,0,0,1,0,0,0,0,0,89,0,0,0,0,2,0
7,17 Aug 2025,,75vj2kkzx3rsh4sljwh5yv2tw,Mathieu Vernice,FC Metz,RC Strasbourg Alsace,M. Penders,0,0,0,0,0,0,0,0,23,0,0,0,0,0,0
7,17 Aug 2025,,75vj2kkzx3rsh4sljwh5yv2tw,Mathieu Vernice,FC Metz,RC Strasbourg Alsace,M. Sarr,0,0,0,0,0,2,0,0,84,0,0,0,0,2,1
7,17 Aug 2025,,75vj2kkzx3rsh4sljwh5yv2tw,Mathieu Vernice,FC Metz,RC Strasbourg Alsace,F. Lemaréchal,0,1,1,3,2,0,0,0,44,0,0,4,1,3,0
7,17 Aug 2025,,75vj2kkzx3rsh4sljwh5yv2tw,Mathieu Vernice,FC Metz,RC Strasbourg Alsace,S. Amo-Ameyaw,0,0,0,8,3,2,0,1,27,0,0,0,0,3,0
7,17 Aug 2025,,75vj2kkzx3rsh4sljwh5yv2tw,Mathieu Vernice,FC Metz,RC Strasbourg Alsace,J. Panichelli,0,0,0,0,0,2,1,0,28,0,0,1,1,3,0
7,17 Aug 2025,,75vj2kkzx3rsh4sljwh5yv2tw,Mathieu Vernice,FC Metz,RC Strasbourg Alsace,D. Bakwa,1,0,0,1,0,0,0,0,19,0,0,0,0,1,0
7,17 Aug 2025,,75vj2kkzx3rsh4sljwh5yv2tw,Mathieu Vernice,FC Metz,RC Strasbourg Alsace,S. Nanasi,0,0,0,1,1,0,0,0,5,0,0,0,0,1,0
7,17 Aug 2025,,75vj2kkzx3rsh4sljwh5yv2tw,Mathieu Vernice,FC Metz,RC Strasbourg Alsace,K. Páez,0,0,0,0,0,0,0,0,7,0,0,0,0,0,0
8,16 Aug 2025,,76d9cbhb0m7r4hvrr0ma22fpw,Ruddy Buquet,AS Monaco FC,Le Havre AC,M. Biereth,0,0,0,0,0,1,0,0,21,0,0,1,0,1,0
8,16 Aug 2025,,76d9cbhb0m7r4hvrr0ma22fpw,Ruddy Buquet,AS Monaco FC,Le Havre AC,D. Zakaria,1,0,0,0,0,1,0,0,73,0,0,0,0,1,0
8,16 Aug 2025,,76d9cbhb0m7r4hvrr0ma22fpw,Ruddy Buquet,AS Monaco FC,Le Havre AC,C. Mawissa,0,0,1,1,0,3,0,0,111,0,0,0,0,0,0
8,16 Aug 2025,,76d9cbhb0m7r4hvrr0ma22fpw,Ruddy Buquet,AS Monaco FC,Le Havre AC,E. Dier,0,0,0,0,0,0,1,0,109,0,0,1,1,0,0
8,16 Aug 2025,,76d9cbhb0m7r4hvrr0ma22fpw,Ruddy Buquet,AS Monaco FC,Le Havre AC,T. Minamino,0,1,1,0,0,0,0,0,20,0,0,2,1,0,0
8,16 Aug 2025,,76d9cbhb0m7r4hvrr0ma22fpw,Ruddy Buquet,AS Monaco FC,Le Havre AC,L. Hrádecký,0,0,0,0,0,0,0,0,30,0,3,0,0,0,0
8,16 Aug 2025,,76d9cbhb0m7r4hvrr0ma22fpw,Ruddy Buquet,AS Monaco FC,Le Havre AC,M. Akliouche,0,0,1,3,0,0,1,2,67,0,0,2,1,1,0
8,16 Aug 2025,,76d9cbhb0m7r4hvrr0ma22fpw,Ruddy Buquet,AS Monaco FC,Le Havre AC,J. Teze,0,1,1,5,0,1,0,0,61,0,0,2,0,1,0
8,16 Aug 2025,,76d9cbhb0m7r4hvrr0ma22fpw,Ruddy Buquet,AS Monaco FC,Le Havre AC,A. Golovin,0,2,0,2,2,0,0,0,57,0,0,2,0,1,0
8,16 Aug 2025,,76d9cbhb0m7r4hvrr0ma22fpw,Ruddy Buquet,AS Monaco FC,Le Havre AC,Caio Henrique,0,0,1,5,0,2,0,1,50,0,0,0,0,1,0
8,16 Aug 2025,,76d9cbhb0m7r4hvrr0ma22fpw,Ruddy Buquet,AS Monaco FC,Le Havre AC,L. Camara,1,1,0,5,0,2,0,0,82,0,0,2,0,0,0
8,16 Aug 2025,,76d9cbhb0m7r4hvrr0ma22fpw,Ruddy Buquet,AS Monaco FC,Le Havre AC,E. Ben Seghir,0,0,0,0,1,1,0,0,11,0,0,1,0,2,0
8,16 Aug 2025,,76d9cbhb0m7r4hvrr0ma22fpw,Ruddy Buquet,AS Monaco FC,Le Havre AC,Vanderson,0,0,0,1,1,0,0,0,14,0,0,0,0,3,0
8,16 Aug 2025,,76d9cbhb0m7r4hvrr0ma22fpw,Ruddy Buquet,AS Monaco FC,Le Havre AC,P. Brunner,0,0,0,0,0,0,0,1,2,0,0,0,0,0,0
8,16 Aug 2025,,76d9cbhb0m7r4hvrr0ma22fpw,Ruddy Buquet,AS Monaco FC,Le Havre AC,A. Bamba,0,0,0,0,1,1,0,0,14,0,0,0,0,0,0
8,16 Aug 2025,,76d9cbhb0m7r4hvrr0ma22fpw,Ruddy Buquet,AS Monaco FC,Le Havre AC,G. Ilenikhena,0,0,0,0,0,0,0,1,3,0,0,0,0,0,0
8,16 Aug 2025,,76d9cbhb0m7r4hvrr0ma22fpw,Ruddy Buquet,AS Monaco FC,Le Havre AC,I. Soumaré,0,0,0,1,2,1,0,0,13,0,0,1,1,1,0
8,16 Aug 2025,,76d9cbhb0m7r4hvrr0ma22fpw,Ruddy Buquet,AS Monaco FC,Le Havre AC,Y. Namli,0,1,0,0,2,0,0,0,9,0,0,1,0,2,0
8,16 Aug 2025,,76d9cbhb0m7r4hvrr0ma22fpw,Ruddy Buquet,AS Monaco FC,Le Havre AC,G. Lloris,0,0,0,0,2,0,0,0,21,0,0,0,0,0,1
8,16 Aug 2025,,76d9cbhb0m7r4hvrr0ma22fpw,Ruddy Buquet,AS Monaco FC,Le Havre AC,Y. Zouaoui,0,0,1,7,0,2,0,0,21,0,0,0,0,2,0
8,16 Aug 2025,,76d9cbhb0m7r4hvrr0ma22fpw,Ruddy Buquet,AS Monaco FC,Le Havre AC,Y. Kechta,1,0,0,2,3,1,0,0,31,0,0,0,0,1,0
8,16 Aug 2025,,76d9cbhb0m7r4hvrr0ma22fpw,Ruddy Buquet,AS Monaco FC,Le Havre AC,S. Ebonog,0,0,0,0,0,0,0,0,8,0,0,0,0,1,0
8,16 Aug 2025,,76d9cbhb0m7r4hvrr0ma22fpw,Ruddy Buquet,AS Monaco FC,Le Havre AC,A. Seko,0,0,0,0,0,0,0,0,19,0,0,1,0,0,0
8,16 Aug 2025,,76d9cbhb0m7r4hvrr0ma22fpw,Ruddy Buquet,AS Monaco FC,Le Havre AC,A. Sangante,0,0,0,0,3,1,0,0,21,0,0,0,0,0,0
8,16 Aug 2025,,76d9cbhb0m7r4hvrr0ma22fpw,Ruddy Buquet,AS Monaco FC,Le Havre AC,M. Diaw,0,0,0,0,0,0,0,0,26,0,1,0,0,0,0
8,16 Aug 2025,,76d9cbhb0m7r4hvrr0ma22fpw,Ruddy Buquet,AS Monaco FC,Le Havre AC,R. Ndiaye,0,0,1,2,1,0,1,0,21,0,0,1,1,3,0
8,16 Aug 2025,,76d9cbhb0m7r4hvrr0ma22fpw,Ruddy Buquet,AS Monaco FC,Le Havre AC,É. Youté,0,0,0,0,0,0,0,0,20,0,0,0,0,2,0
8,16 Aug 2025,,76d9cbhb0m7r4hvrr0ma22fpw,Ruddy Buquet,AS Monaco FC,Le Havre AC,F. Doucouré,0,0,1,0,1,0,0,0,10,0,0,1,0,1,0
8,16 Aug 2025,,76d9cbhb0m7r4hvrr0ma22fpw,Ruddy Buquet,AS Monaco FC,Le Havre AC,M. Samatta,0,1,1,0,0,0,0,1,12,0,0,3,1,1,0
8,16 Aug 2025,,76d9cbhb0m7r4hvrr0ma22fpw,Ruddy Buquet,AS Monaco FC,Le Havre AC,D. Mosengo,0,0,0,0,0,0,0,0,7,0,0,0,0,1,0
8,16 Aug 2025,,76d9cbhb0m7r4hvrr0ma22fpw,Ruddy Buquet,AS Monaco FC,Le Havre AC,G. Kyeremeh,0,0,0,1,0,0,0,0,4,0,0,0,0,1,0
8,16 Aug 2025,,76d9cbhb0m7r4hvrr0ma22fpw,Ruddy Buquet,AS Monaco FC,Le Havre AC,F. Mambimbi,0,0,0,0,0,0,0,0,0,0,0,1,1,0,0
9,17 Aug 2025,,76t6m3q3ye3kb7rtlansiyivo,Benoît Bastien,FC Nantes,Paris Saint-Germain FC,J. Lepenant,0,0,0,0,2,2,0,0,30,0,0,1,0,1,0
9,17 Aug 2025,,76t6m3q3ye3kb7rtlansiyivo,Benoît Bastien,FC Nantes,Paris Saint-Germain FC,C. Awaziem,0,0,0,0,0,0,0,0,48,0,0,0,0,2,0
9,17 Aug 2025,,76t6m3q3ye3kb7rtlansiyivo,Benoît Bastien,FC Nantes,Paris Saint-Germain FC,T. Tati,0,0,0,0,0,0,0,0,33,0,0,0,0,0,0
9,17 Aug 2025,,76t6m3q3ye3kb7rtlansiyivo,Benoît Bastien,FC Nantes,Paris Saint-Germain FC,Kwon Hyeok-Kyu,0,0,0,0,0,0,0,0,15,0,0,0,0,3,0
9,17 Aug 2025,,76t6m3q3ye3kb7rtlansiyivo,Benoît Bastien,FC Nantes,Paris Saint-Germain FC,Y. Benhattab,0,0,0,2,0,0,0,0,19,0,0,1,0,0,0
9,17 Aug 2025,,76t6m3q3ye3kb7rtlansiyivo,Benoît Bastien,FC Nantes,Paris Saint-Germain FC,Mostafa Mohamed,0,0,1,1,1,1,0,0,13,0,0,0,0,0,0
9,17 Aug 2025,,76t6m3q3ye3kb7rtlansiyivo,Benoît Bastien,FC Nantes,Paris Saint-Germain FC,K. Amian,0,0,1,0,1,2,0,0,16,0,0,0,0,2,1
9,17 Aug 2025,,76t6m3q3ye3kb7rtlansiyivo,Benoît Bastien,FC Nantes,Paris Saint-Germain FC,Anthony Lopes,0,0,0,0,0,0,0,0,48,0,3,0,0,0,0
9,17 Aug 2025,,76t6m3q3ye3kb7rtlansiyivo,Benoît Bastien,FC Nantes,Paris Saint-Germain FC,N. Cozza,0,0,0,0,0,1,0,0,22,0,0,0,0,2,0
9,17 Aug 2025,,76t6m3q3ye3kb7rtlansiyivo,Benoît Bastien,FC Nantes,Paris Saint-Germain FC,H. Guirassy,0,0,0,0,0,0,0,0,13,0,0,1,0,6,0
9,17 Aug 2025,,76t6m3q3ye3kb7rtlansiyivo,Benoît Bastien,FC Nantes,Paris Saint-Germain FC,L. Leroux,0,0,0,2,1,0,0,0,21,0,0,0,0,4,0
9,17 Aug 2025,,76t6m3q3ye3kb7rtlansiyivo,Benoît Bastien,FC Nantes,Paris Saint-Germain FC,M. Abline,0,0,0,0,1,0,0,0,4,0,0,0,0,1,0
9,17 Aug 2025,,76t6m3q3ye3kb7rtlansiyivo,Benoît Bastien,FC Nantes,Paris Saint-Germain FC,Hong Hyun-Seok,0,0,0,0,0,0,0,0,8,0,0,1,0,1,0
9,17 Aug 2025,,76t6m3q3ye3kb7rtlansiyivo,Benoît Bastien,FC Nantes,Paris Saint-Germain FC,F. Coquelin,0,0,0,0,0,0,0,0,9,0,0,0,0,1,0
9,17 Aug 2025,,76t6m3q3ye3kb7rtlansiyivo,Benoît Bastien,FC Nantes,Paris Saint-Germain FC,A. Camara,0,0,0,1,0,0,0,0,4,0,0,0,0,0,0
9,17 Aug 2025,,76t6m3q3ye3kb7rtlansiyivo,Benoît Bastien,FC Nantes,Paris Saint-Germain FC,D. Tabibou,0,0,0,0,0,0,0,0,1,0,0,1,0,0,0
9,17 Aug 2025,,76t6m3q3ye3kb7rtlansiyivo,Benoît Bastien,FC Nantes,Paris Saint-Germain FC,Vitinha,0,0,1,0,0,0,1,0,121,0,0,2,1,3,0
9,17 Aug 2025,,76t6m3q3ye3kb7rtlansiyivo,Benoît Bastien,FC Nantes,Paris Saint-Germain FC,Fabián Ruiz,0,1,2,0,0,0,0,0,62,0,0,1,0,0,0
9,17 Aug 2025,,76t6m3q3ye3kb7rtlansiyivo,Benoît Bastien,FC Nantes,Paris Saint-Germain FC,Lee Kang-In,0,2,1,10,0,0,0,0,61,0,0,2,0,0,0
9,17 Aug 2025,,76t6m3q3ye3kb7rtlansiyivo,Benoît Bastien,FC Nantes,Paris Saint-Germain FC,I. Mbaye,0,0,0,2,0,1,0,0,52,0,0,0,0,1,0
9,17 Aug 2025,,76t6m3q3ye3kb7rtlansiyivo,Benoît Bastien,FC Nantes,Paris Saint-Germain FC,Beraldo,0,0,0,0,1,1,0,0,73,0,0,0,0,1,0
9,17 Aug 2025,,76t6m3q3ye3kb7rtlansiyivo,Benoît Bastien,FC Nantes,Paris Saint-Germain FC,L. Hernández,0,0,0,0,0,1,0,0,50,0,0,1,1,0,0
9,17 Aug 2025,,76t6m3q3ye3kb7rtlansiyivo,Benoît Bastien,FC Nantes,Paris Saint-Germain FC,B. Barcola,0,2,0,3,2,0,0,0,42,0,0,5,1,0,0
9,17 Aug 2025,,76t6m3q3ye3kb7rtlansiyivo,Benoît Bastien,FC Nantes,Paris Saint-Germain FC,I. Zabarnyi,0,0,0,0,0,0,0,0,65,0,0,0,0,2,0
9,17 Aug 2025,,76t6m3q3ye3kb7rtlansiyivo,Benoît Bastien,FC Nantes,Paris Saint-Germain FC,Gonçalo Ramos,0,2,1,0,0,0,0,1,13,0,0,5,0,1,0
9,17 Aug 2025,,76t6m3q3ye3kb7rtlansiyivo,Benoît Bastien,FC Nantes,Paris Saint-Germain FC,W. Zaïre-Emery,0,0,1,1,2,1,0,0,89,0,0,0,0,2,0
9,17 Aug 2025,,76t6m3q3ye3kb7rtlansiyivo,Benoît Bastien,FC Nantes,Paris Saint-Germain FC,L. Chevalier,0,0,0,0,0,0,0,0,15,0,0,0,0,0,0
9,17 Aug 2025,,76t6m3q3ye3kb7rtlansiyivo,Benoît Bastien,FC Nantes,Paris Saint-Germain FC,O. Dembélé,0,0,0,2,0,1,0,0,28,0,0,1,0,0,0
9,17 Aug 2025,,76t6m3q3ye3kb7rtlansiyivo,Benoît Bastien,FC Nantes,Paris Saint-Germain FC,A. Hakimi,0,0,1,2,1,0,0,0,28,0,0,0,0,1,1
9,17 Aug 2025,,76t6m3q3ye3kb7rtlansiyivo,Benoît Bastien,FC Nantes,Paris Saint-Germain FC,Nuno Mendes,1,0,0,0,0,0,0,0,20,0,0,0,0,1,0
9,17 Aug 2025,,76t6m3q3ye3kb7rtlansiyivo,Benoît Bastien,FC Nantes,Paris Saint-Germain FC,D. Doué,0,0,0,1,0,1,0,0,19,0,0,0,0,2,0
9,17 Aug 2025,,76t6m3q3ye3kb7rtlansiyivo,Benoît Bastien,FC Nantes,Paris Saint-Germain FC,K. Kvaratskhelia,0,0,0,0,0,0,0,0,6,0,0,1,1,0,0
10,23 Aug 2025,,7760a973lifciy9atx6ougq38,Marc Bollengier,Olympique de Marseille,Paris FC,P. Aubameyang,0,0,0,1,0,1,2,0,14,0,0,3,2,0,0
10,23 Aug 2025,,7760a973lifciy9atx6ougq38,Marc Bollengier,Olympique de Marseille,Paris FC,A. Gouiri,0,0,0,4,0,2,0,0,25,0,0,1,1,2,0
10,23 Aug 2025,,7760a973lifciy9atx6ougq38,Marc Bollengier,Olympique de Marseille,Paris FC,A. Gomes,0,0,1,0,2,0,0,0,80,0,0,0,0,2,0
10,23 Aug 2025,,7760a973lifciy9atx6ougq38,Marc Bollengier,Olympique de Marseille,Paris FC,P. Højbjerg,0,0,0,1,1,1,1,0,96,0,0,2,1,0,0
10,23 Aug 2025,,7760a973lifciy9atx6ougq38,Marc Bollengier,Olympique de Marseille,Paris FC,A. Murillo,0,0,1,3,3,0,0,0,49,0,0,0,0,2,0
10,23 Aug 2025,,7760a973lifciy9atx6ougq38,Marc Bollengier,Olympique de Marseille,Paris FC,L. Balerdi,0,0,1,0,0,1,0,0,97,0,0,1,1,0,0
10,23 Aug 2025,,7760a973lifciy9atx6ougq38,Marc Bollengier,Olympique de Marseille,Paris FC,C. Egan-Riley,0,0,0,0,0,2,0,0,93,0,0,0,0,0,0
10,23 Aug 2025,,7760a973lifciy9atx6ougq38,Marc Bollengier,Olympique de Marseille,Paris FC,M. Greenwood,2,0,0,2,1,3,1,0,43,0,0,2,1,1,0
10,23 Aug 2025,,7760a973lifciy9atx6ougq38,Marc Bollengier,Olympique de Marseille,Paris FC,T. Weah,0,0,0,0,0,1,0,0,20,0,0,0,0,1,0
10,23 Aug 2025,,7760a973lifciy9atx6ougq38,Marc Bollengier,Olympique de Marseille,Paris FC,U. Garcia,0,0,0,0,1,0,0,0,35,0,0,1,0,1,0
10,23 Aug 2025,,7760a973lifciy9atx6ougq38,Marc Bollengier,Olympique de Marseille,Paris FC,G. Rulli,0,0,0,0,0,0,0,0,27,0,2,0,0,0,0
10,23 Aug 2025,,7760a973lifciy9atx6ougq38,Marc Bollengier,Olympique de Marseille,Paris FC,B. Nadir,2,0,1,0,0,0,0,1,9,0,0,0,0,2,0
10,23 Aug 2025,,7760a973lifciy9atx6ougq38,Marc Bollengier,Olympique de Marseille,Paris FC,R. Vaz,0,0,1,1,1,1,1,0,1,0,0,1,1,1,1
10,23 Aug 2025,,7760a973lifciy9atx6ougq38,Marc Bollengier,Olympique de Marseille,Paris FC,D. Bakola,0,0,0,0,0,0,0,0,1,0,0,0,0,0,0
10,23 Aug 2025,,7760a973lifciy9atx6ougq38,Marc Bollengier,Olympique de Marseille,Paris FC,Derek Austin Cornelius,0,0,0,0,0,0,0,0,0,0,0,0,0,0,0
10,23 Aug 2025,,7760a973lifciy9atx6ougq38,Marc Bollengier,Olympique de Marseille,Paris FC,Otávio,0,0,0,0,2,2,0,0,60,0,0,0,0,3,0
10,23 Aug 2025,,7760a973lifciy9atx6ougq38,Marc Bollengier,Olympique de Marseille,Paris FC,M. Mbow,0,0,0,0,2,0,0,0,46,0,0,0,0,1,0
10,23 Aug 2025,,7760a973lifciy9atx6ougq38,Marc Bollengier,Olympique de Marseille,Paris FC,M. Simon,0,0,0,1,0,0,1,0,5,0,0,3,2,0,0
10,23 Aug 2025,,7760a973lifciy9atx6ougq38,Marc Bollengier,Olympique de Marseille,Paris FC,N. Sangui,0,0,1,2,1,1,0,0,32,0,0,0,0,1,0
10,23 Aug 2025,,7760a973lifciy9atx6ougq38,Marc Bollengier,Olympique de Marseille,Paris FC,M. Lopez,0,0,0,1,2,0,0,0,64,0,0,0,0,0,0
10,23 Aug 2025,,7760a973lifciy9atx6ougq38,Marc Bollengier,Olympique de Marseille,Paris FC,V. Marchetti,0,0,0,0,0,0,0,0,35,0,0,2,1,1,0
10,23 Aug 2025,,7760a973lifciy9atx6ougq38,Marc Bollengier,Olympique de Marseille,Paris FC,S. Chergui,0,0,0,0,1,0,0,0,23,0,0,0,0,0,0
10,23 Aug 2025,,7760a973lifciy9atx6ougq38,Marc Bollengier,Olympique de Marseille,Paris FC,I. Kebbal,1,0,1,4,0,2,1,0,40,0,0,2,1,0,0
10,23 Aug 2025,,7760a973lifciy9atx6ougq38,Marc Bollengier,Olympique de Marseille,Paris FC,W. Geubbels,0,0,0,0,2,0,0,1,6,0,0,1,0,0,0
10,23 Aug 2025,,7760a973lifciy9atx6ougq38,Marc Bollengier,Olympique de Marseille,Paris FC,O. Nkambadio,0,0,0,0,0,0,0,0,30,0,2,0,0,0,0
10,23 Aug 2025,,7760a973lifciy9atx6ougq38,Marc Bollengier,Olympique de Marseille,Paris FC,A. Camara,0,0,0,0,0,0,0,0,19,0,0,0,0,3,0
10,23 Aug 2025,,7760a973lifciy9atx6ougq38,Marc Bollengier,Olympique de Marseille,Paris FC,A. Gory,0,0,0,0,0,2,0,0,2,0,0,0,0,1,0
10,23 Aug 2025,,7760a973lifciy9atx6ougq38,Marc Bollengier,Olympique de Marseille,Paris FC,L. Doucet,0,0,0,0,1,1,0,0,9,0,0,0,0,0,0
10,23 Aug 2025,,7760a973lifciy9atx6ougq38,Marc Bollengier,Olympique de Marseille,Paris FC,J. Krasso,0,0,0,0,1,0,0,0,5,0,0,0,0,0,0
10,23 Aug 2025,,7760a973lifciy9atx6ougq38,Marc Bollengier,Olympique de Marseille,Paris FC,J. Lopez,0,0,0,0,0,0,0,0,4,0,0,0,0,0,0
10,23 Aug 2025,,7760a973lifciy9atx6ougq38,Marc Bollengier,Olympique de Marseille,Paris FC,P. Hamel,0,0,0,0,0,0,0,0,0,0,0,0,0,0,0
11,24 Aug 2025,,77j13otir5d57ue444m10kqac,Willy Delajod,Lille OSC,AS Monaco FC,H. Haraldsson,0,1,0,4,2,2,0,0,42,0,0,3,0,0,0
11,24 Aug 2025,,77j13otir5d57ue444m10kqac,Willy Delajod,Lille OSC,AS Monaco FC,N. Ngoy,0,0,0,0,1,0,0,0,52,0,0,4,0,1,0
11,24 Aug 2025,,77j13otir5d57ue444m10kqac,Willy Delajod,Lille OSC,AS Monaco FC,O. Giroud,0,0,0,0,1,4,1,2,18,0,0,4,1,1,0
11,24 Aug 2025,,77j13otir5d57ue444m10kqac,Willy Delajod,Lille OSC,AS Monaco FC,T. Meunier,0,0,2,3,0,0,0,0,39,0,0,2,0,0,0
11,24 Aug 2025,,77j13otir5d57ue444m10kqac,Willy Delajod,Lille OSC,AS Monaco FC,Alexsandro Ribeiro,0,0,0,0,0,1,0,0,68,0,0,0,0,3,0
11,24 Aug 2025,,77j13otir5d57ue444m10kqac,Willy Delajod,Lille OSC,AS Monaco FC,Félix Correia,0,0,3,8,0,0,0,0,20,0,0,0,0,1,0
11,24 Aug 2025,,77j13otir5d57ue444m10kqac,Willy Delajod,Lille OSC,AS Monaco FC,A. Bouaddi,0,2,2,1,1,2,0,0,26,0,0,2,0,2,0
11,24 Aug 2025,,77j13otir5d57ue444m10kqac,Willy Delajod,Lille OSC,AS Monaco FC,B. Özer,0,0,0,0,0,1,0,0,29,0,2,0,0,1,0
11,24 Aug 2025,,77j13otir5d57ue444m10kqac,Willy Delajod,Lille OSC,AS Monaco FC,R. Perraud,0,1,1,10,1,3,0,0,38,0,0,2,0,3,0
11,24 Aug 2025,,77j13otir5d57ue444m10kqac,Willy Delajod,Lille OSC,AS Monaco FC,B. André,0,0,0,1,0,0,0,0,51,0,0,1,0,2,0
11,24 Aug 2025,,77j13otir5d57ue444m10kqac,Willy Delajod,Lille OSC,AS Monaco FC,N. Mukau,0,0,0,0,1,0,0,0,15,0,0,0,0,1,0
11,24 Aug 2025,,77j13otir5d57ue444m10kqac,Willy Delajod,Lille OSC,AS Monaco FC,Matías Fernández,1,0,0,1,0,1,0,0,8,0,0,0,0,0,0
11,24 Aug 2025,,77j13otir5d57ue444m10kqac,Willy Delajod,Lille OSC,AS Monaco FC,N. Bentaleb,0,0,0,0,0,0,0,0,11,0,0,0,0,0,1
11,24 Aug 2025,,77j13otir5d57ue444m10kqac,Willy Delajod,Lille OSC,AS Monaco FC,E. Dier,0,0,0,0,3,1,0,0,53,0,0,0,0,0,0
11,24 Aug 2025,,77j13otir5d57ue444m10kqac,Willy Delajod,Lille OSC,AS Monaco FC,L. Hrádecký,0,0,0,0,0,0,0,0,39,0,0,0,0,0,0
11,24 Aug 2025,,77j13otir5d57ue444m10kqac,Willy Delajod,Lille OSC,AS Monaco FC,L. Camara,0,0,0,0,2,2,0,0,44,0,0,0,0,1,1
11,24 Aug 2025,,77j13otir5d57ue444m10kqac,Willy Delajod,Lille OSC,AS Monaco FC,M. Akliouche,0,1,0,1,1,0,0,0,40,0,0,3,1,2,0
11,24 Aug 2025,,77j13otir5d57ue444m10kqac,Willy Delajod,Lille OSC,AS Monaco FC,J. Teze,0,0,0,1,1,0,0,0,27,0,0,0,0,2,0
11,24 Aug 2025,,77j13otir5d57ue444m10kqac,Willy Delajod,Lille OSC,AS Monaco FC,C. Mawissa,0,0,0,0,1,0,0,0,57,0,0,0,0,3,1
11,24 Aug 2025,,77j13otir5d57ue444m10kqac,Willy Delajod,Lille OSC,AS Monaco FC,Caio Henrique,0,0,1,3,0,1,0,0,37,0,0,0,0,1,0
11,24 Aug 2025,,77j13otir5d57ue444m10kqac,Willy Delajod,Lille OSC,AS Monaco FC,T. Minamino,0,0,0,1,1,0,0,0,10,0,0,0,0,0,0
11,24 Aug 2025,,77j13otir5d57ue444m10kqac,Willy Delajod,Lille OSC,AS Monaco FC,D. Zakaria,0,0,0,1,2,0,0,0,34,0,0,0,0,1,0
11,24 Aug 2025,,77j13otir5d57ue444m10kqac,Willy Delajod,Lille OSC,AS Monaco FC,A. Golovin,0,0,1,1,1,2,0,0,36,0,0,0,0,3,0
11,24 Aug 2025,,77j13otir5d57ue444m10kqac,Willy Delajod,Lille OSC,AS Monaco FC,F. Balogun,0,0,0,2,1,1,0,0,15,0,0,1,0,0,0
11,24 Aug 2025,,77j13otir5d57ue444m10kqac,Willy Delajod,Lille OSC,AS Monaco FC,M. Biereth,0,0,0,0,1,0,0,0,3,0,0,1,0,0,0
11,24 Aug 2025,,77j13otir5d57ue444m10kqac,Willy Delajod,Lille OSC,AS Monaco FC,Vanderson,0,0,1,1,0,0,0,0,12,0,0,1,0,0,0
11,24 Aug 2025,,77j13otir5d57ue444m10kqac,Willy Delajod,Lille OSC,AS Monaco FC,E. Ben Seghir,0,0,0,1,0,0,0,0,14,0,0,0,0,0,0
11,24 Aug 2025,,77j13otir5d57ue444m10kqac,Willy Delajod,Lille OSC,AS Monaco FC,K. Ouattara,0,0,0,2,0,0,0,0,4,0,0,0,0,1,0
12,24 Aug 2025,,77vwwullt2rkwqbrcq2q71j4k,Guillaume Paradis,Le Havre AC,Racing Club de Lens,M. Samatta,0,1,0,0,3,1,0,0,15,0,0,4,1,0,1
12,24 Aug 2025,,77vwwullt2rkwqbrcq2q71j4k,Guillaume Paradis,Le Havre AC,Racing Club de Lens,A. Seko,0,0,0,1,2,0,0,0,40,0,0,1,0,1,0
12,24 Aug 2025,,77vwwullt2rkwqbrcq2q71j4k,Guillaume Paradis,Le Havre AC,Racing Club de Lens,I. Soumaré,0,1,0,3,1,1,0,0,26,0,0,4,1,0,0
12,24 Aug 2025,,77vwwullt2rkwqbrcq2q71j4k,Guillaume Paradis,Le Havre AC,Racing Club de Lens,G. Lloris,0,0,0,0,1,0,0,0,87,0,0,0,0,3,0
12,24 Aug 2025,,77vwwullt2rkwqbrcq2q71j4k,Guillaume Paradis,Le Havre AC,Racing Club de Lens,M. Diaw,0,0,0,0,0,1,0,0,31,0,1,0,0,0,0
12,24 Aug 2025,,77vwwullt2rkwqbrcq2q71j4k,Guillaume Paradis,Le Havre AC,Racing Club de Lens,A. Sangante,0,0,0,0,4,4,0,0,88,0,0,0,0,2,1
12,24 Aug 2025,,77vwwullt2rkwqbrcq2q71j4k,Guillaume Paradis,Le Havre AC,Racing Club de Lens,L. Nego,0,0,1,4,0,3,0,0,63,0,0,2,1,2,0
12,24 Aug 2025,,77vwwullt2rkwqbrcq2q71j4k,Guillaume Paradis,Le Havre AC,Racing Club de Lens,Y. Zouaoui,0,0,2,13,2,0,0,0,63,0,0,1,1,0,1
12,24 Aug 2025,,77vwwullt2rkwqbrcq2q71j4k,Guillaume Paradis,Le Havre AC,Racing Club de Lens,Y. Kechta,0,0,0,0,1,1,0,0,27,0,0,0,0,3,0
12,24 Aug 2025,,77vwwullt2rkwqbrcq2q71j4k,Guillaume Paradis,Le Havre AC,Racing Club de Lens,F. Doucouré,0,1,1,5,0,0,1,0,23,0,0,4,2,2,0
12,24 Aug 2025,,77vwwullt2rkwqbrcq2q71j4k,Guillaume Paradis,Le Havre AC,Racing Club de Lens,R. Ndiaye,0,1,1,3,1,1,0,0,19,0,0,1,0,0,0
12,24 Aug 2025,,77vwwullt2rkwqbrcq2q71j4k,Guillaume Paradis,Le Havre AC,Racing Club de Lens,A. Touré,0,1,0,1,0,0,0,0,18,0,0,1,0,0,0
12,24 Aug 2025,,77vwwullt2rkwqbrcq2q71j4k,Guillaume Paradis,Le Havre AC,Racing Club de Lens,Y. Namli,0,0,1,1,0,1,0,0,14,0,0,0,0,1,0
12,24 Aug 2025,,77vwwullt2rkwqbrcq2q71j4k,Guillaume Paradis,Le Havre AC,Racing Club de Lens,F. Mambimbi,0,0,0,0,1,0,0,0,6,0,0,0,0,0,0
12,24 Aug 2025,,77vwwullt2rkwqbrcq2q71j4k,Guillaume Paradis,Le Havre AC,Racing Club de Lens,S. Ebonog,0,0,1,0,1,1,0,0,4,0,0,0,0,0,0
12,24 Aug 2025,,77vwwullt2rkwqbrcq2q71j4k,Guillaume Paradis,Le Havre AC,Racing Club de Lens,G. Kyeremeh,0,0,0,0,0,1,0,2,2,0,0,0,0,0,0
12,24 Aug 2025,,77vwwullt2rkwqbrcq2q71j4k,Guillaume Paradis,Le Havre AC,Racing Club de Lens,R. Aguilar,0,0,0,4,0,0,0,0,27,0,0,0,0,3,0
12,24 Aug 2025,,77vwwullt2rkwqbrcq2q71j4k,Guillaume Paradis,Le Havre AC,Racing Club de Lens,J. Gradit,0,0,0,0,2,0,0,0,47,0,0,0,0,3,0
12,24 Aug 2025,,77vwwullt2rkwqbrcq2q71j4k,Guillaume Paradis,Le Havre AC,Racing Club de Lens,F. Thauvin,0,0,0,3,0,1,0,0,28,0,0,0,0,0,0
12,24 Aug 2025,,77vwwullt2rkwqbrcq2q71j4k,Guillaume Paradis,Le Havre AC,Racing Club de Lens,A. Thomasson,0,1,0,3,1,1,0,0,47,0,0,1,0,0,1
12,24 Aug 2025,,77vwwullt2rkwqbrcq2q71j4k,Guillaume Paradis,Le Havre AC,Racing Club de Lens,R. Fofana,0,0,0,0,2,6,1,0,11,0,0,2,1,0,0
12,24 Aug 2025,,77vwwullt2rkwqbrcq2q71j4k,Guillaume Paradis,Le Havre AC,Racing Club de Lens,F. Sylla,0,0,0,0,2,0,0,0,40,0,0,0,0,5,0
12,24 Aug 2025,,77vwwullt2rkwqbrcq2q71j4k,Guillaume Paradis,Le Havre AC,Racing Club de Lens,M. Udol,0,0,0,2,1,2,0,0,47,0,0,0,0,3,0
12,24 Aug 2025,,77vwwullt2rkwqbrcq2q71j4k,Guillaume Paradis,Le Havre AC,Racing Club de Lens,D. Machado,0,0,0,0,2,0,0,0,24,0,0,0,0,0,0
12,24 Aug 2025,,77vwwullt2rkwqbrcq2q71j4k,Guillaume Paradis,Le Havre AC,Racing Club de Lens,R. Risser,0,0,0,0,0,0,0,0,28,0,5,0,0,0,0
12,24 Aug 2025,,77vwwullt2rkwqbrcq2q71j4k,Guillaume Paradis,Le Havre AC,Racing Club de Lens,M. Sarr,0,0,0,0,0,2,0,0,39,0,0,0,0,0,0
12,24 Aug 2025,,77vwwullt2rkwqbrcq2q71j4k,Guillaume Paradis,Le Havre AC,Racing Club de Lens,W. Saïd,1,0,0,0,4,0,1,0,22,0,0,3,2,0,0
12,24 Aug 2025,,77vwwullt2rkwqbrcq2q71j4k,Guillaume Paradis,Le Havre AC,Racing Club de Lens,M. Sangaré,0,0,0,0,1,2,0,0,32,0,0,0,0,1,0
12,24 Aug 2025,,77vwwullt2rkwqbrcq2q71j4k,Guillaume Paradis,Le Havre AC,Racing Club de Lens,F. Sotoca,0,0,0,0,0,1,0,0,4,0,0,0,0,0,0
12,24 Aug 2025,,77vwwullt2rkwqbrcq2q71j4k,Guillaume Paradis,Le Havre AC,Racing Club de Lens,M. Guilavogui,0,0,0,0,0,1,0,0,8,0,0,0,0,2,0
12,24 Aug 2025,,77vwwullt2rkwqbrcq2q71j4k,Guillaume Paradis,Le Havre AC,Racing Club de Lens,A. Bulatović,0,0,0,0,1,0,0,0,3,0,0,0,0,2,0
13,24 Aug 2025,,788vfzsw9hc64lne7umcnkpp0,Jérôme Brisard,FC Lorient,Stade Rennais FC,S. Soumano,0,1,0,0,1,1,1,2,8,0,0,3,1,0,1
13,24 Aug 2025,,788vfzsw9hc64lne7umcnkpp0,Jérôme Brisard,FC Lorient,Stade Rennais FC,A. Avom,1,0,0,1,1,1,0,0,53,0,0,4,0,0,0
13,24 Aug 2025,,788vfzsw9hc64lne7umcnkpp0,Jérôme Brisard,FC Lorient,Stade Rennais FC,F. Mendy,0,0,0,0,2,0,0,0,22,0,0,0,0,0,1
13,24 Aug 2025,,788vfzsw9hc64lne7umcnkpp0,Jérôme Brisard,FC Lorient,Stade Rennais FC,M. Talbi,0,0,0,0,0,0,0,0,57,0,0,0,0,0,0
13,24 Aug 2025,,788vfzsw9hc64lne7umcnkpp0,Jérôme Brisard,FC Lorient,Stade Rennais FC,Igor Silva,0,0,1,3,0,1,0,0,62,0,0,0,0,2,0
13,24 Aug 2025,,788vfzsw9hc64lne7umcnkpp0,Jérôme Brisard,FC Lorient,Stade Rennais FC,A. Kouassi,1,1,0,8,1,1,0,2,31,0,0,1,0,0,1
13,24 Aug 2025,,788vfzsw9hc64lne7umcnkpp0,Jérôme Brisard,FC Lorient,Stade Rennais FC,A. Tosin,0,2,0,0,2,1,1,0,14,0,0,4,2,0,0
13,24 Aug 2025,,788vfzsw9hc64lne7umcnkpp0,Jérôme Brisard,FC Lorient,Stade Rennais FC,P. Katseris,0,1,1,8,1,0,0,0,48,0,0,3,1,1,1
13,24 Aug 2025,,788vfzsw9hc64lne7umcnkpp0,Jérôme Brisard,FC Lorient,Stade Rennais FC,L. Abergel,0,1,0,2,3,1,0,0,77,0,0,2,0,2,1
13,24 Aug 2025,,788vfzsw9hc64lne7umcnkpp0,Jérôme Brisard,FC Lorient,Stade Rennais FC,B. Kamara,0,0,0,0,0,0,0,0,11,0,1,0,0,0,0
13,24 Aug 2025,,788vfzsw9hc64lne7umcnkpp0,Jérôme Brisard,FC Lorient,Stade Rennais FC,D. Karim,0,0,1,1,2,1,0,0,14,0,0,1,0,0,1
13,24 Aug 2025,,788vfzsw9hc64lne7umcnkpp0,Jérôme Brisard,FC Lorient,Stade Rennais FC,A. Faye,0,0,0,0,3,0,0,0,37,0,0,0,0,2,0
13,24 Aug 2025,,788vfzsw9hc64lne7umcnkpp0,Jérôme Brisard,FC Lorient,Stade Rennais FC,P. Pagis,0,0,0,0,1,0,1,0,22,0,0,2,2,0,0
13,24 Aug 2025,,788vfzsw9hc64lne7umcnkpp0,Jérôme Brisard,FC Lorient,Stade Rennais FC,M. Bamba,1,0,0,0,0,0,0,0,2,0,0,1,0,0,0
13,24 Aug 2025,,788vfzsw9hc64lne7umcnkpp0,Jérôme Brisard,FC Lorient,Stade Rennais FC,T. Le Bris,0,0,0,0,0,0,1,0,10,0,0,1,1,0,0
13,24 Aug 2025,,788vfzsw9hc64lne7umcnkpp0,Jérôme Brisard,FC Lorient,Stade Rennais FC,D. Yongwa,0,0,0,2,1,0,0,0,18,0,0,0,0,0,0
13,24 Aug 2025,,788vfzsw9hc64lne7umcnkpp0,Jérôme Brisard,FC Lorient,Stade Rennais FC,S. Fofana,0,0,0,0,1,2,0,0,62,0,0,1,0,0,0
13,24 Aug 2025,,788vfzsw9hc64lne7umcnkpp0,Jérôme Brisard,FC Lorient,Stade Rennais FC,M. Camara,0,0,0,0,1,0,0,0,2,1,0,0,0,0,0
13,24 Aug 2025,,788vfzsw9hc64lne7umcnkpp0,Jérôme Brisard,FC Lorient,Stade Rennais FC,C. Wooh,0,0,0,0,1,0,0,0,8,1,0,0,0,0,0
13,24 Aug 2025,,788vfzsw9hc64lne7umcnkpp0,Jérôme Brisard,FC Lorient,Stade Rennais FC,A. Rouault,0,0,0,0,0,1,0,0,66,0,0,0,0,5,0
13,24 Aug 2025,,788vfzsw9hc64lne7umcnkpp0,Jérôme Brisard,FC Lorient,Stade Rennais FC,J. Jacquet,0,0,0,0,1,0,0,0,75,0,0,0,0,1,0
13,24 Aug 2025,,788vfzsw9hc64lne7umcnkpp0,Jérôme Brisard,FC Lorient,Stade Rennais FC,B. Samba,0,0,0,0,0,0,0,0,64,0,3,0,0,0,0
13,24 Aug 2025,,788vfzsw9hc64lne7umcnkpp0,Jérôme Brisard,FC Lorient,Stade Rennais FC,F. Rieder,0,0,0,0,1,1,0,0,10,0,0,0,0,0,0
13,24 Aug 2025,,788vfzsw9hc64lne7umcnkpp0,Jérôme Brisard,FC Lorient,Stade Rennais FC,V. Rongier,0,0,0,0,0,3,0,0,64,0,0,0,0,1,0
13,24 Aug 2025,,788vfzsw9hc64lne7umcnkpp0,Jérôme Brisard,FC Lorient,Stade Rennais FC,Q. Merlin,0,0,1,5,0,0,0,1,41,0,0,0,0,1,0
13,24 Aug 2025,,788vfzsw9hc64lne7umcnkpp0,Jérôme Brisard,FC Lorient,Stade Rennais FC,L. Blas,0,0,0,1,0,2,0,0,14,0,0,1,0,0,0
13,24 Aug 2025,,788vfzsw9hc64lne7umcnkpp0,Jérôme Brisard,FC Lorient,Stade Rennais FC,M. Meïté,0,0,0,0,0,0,0,0,1,0,0,0,0,0,0
13,24 Aug 2025,,788vfzsw9hc64lne7umcnkpp0,Jérôme Brisard,FC Lorient,Stade Rennais FC,A. Nagida,0,0,1,1,1,1,0,0,23,0,0,2,1,1,0
13,24 Aug 2025,,788vfzsw9hc64lne7umcnkpp0,Jérôme Brisard,FC Lorient,Stade Rennais FC,I. Salah,0,0,0,0,0,2,0,1,19,0,0,0,0,1,0
13,24 Aug 2025,,788vfzsw9hc64lne7umcnkpp0,Jérôme Brisard,FC Lorient,Stade Rennais FC,D. Cissé,0,0,0,0,1,3,0,0,12,0,0,0,0,0,0
13,24 Aug 2025,,788vfzsw9hc64lne7umcnkpp0,Jérôme Brisard,FC Lorient,Stade Rennais FC,A. Seidu,0,0,0,0,0,2,0,0,15,0,0,0,0,1,0
14,23 Aug 2025,,78ltzch15j0kgdvqr7fww0nbo,Jeremy Stinat,OGC Nice Côte d'Azur,Association Jeunesse Auxerroise,Kevin Carlos,0,0,1,0,0,3,0,0,8,0,0,3,0,0,0
14,23 Aug 2025,,78ltzch15j0kgdvqr7fww0nbo,Jeremy Stinat,OGC Nice Côte d'Azur,Association Jeunesse Auxerroise,A. Mendy,0,0,0,0,0,1,0,0,83,0,0,0,0,3,0
14,23 Aug 2025,,78ltzch15j0kgdvqr7fww0nbo,Jeremy Stinat,OGC Nice Côte d'Azur,Association Jeunesse Auxerroise,M. Bard,0,0,0,5,3,3,0,0,38,0,0,1,1,0,0
14,23 Aug 2025,,78ltzch15j0kgdvqr7fww0nbo,Jeremy Stinat,OGC Nice Côte d'Azur,Association Jeunesse Auxerroise,J. Boga,0,0,1,4,0,1,1,0,25,0,0,1,1,0,0
14,23 Aug 2025,,78ltzch15j0kgdvqr7fww0nbo,Jeremy Stinat,OGC Nice Côte d'Azur,Association Jeunesse Auxerroise,K. Peprah Oppong,0,0,0,0,1,0,0,0,52,0,0,0,0,2,1
14,23 Aug 2025,,78ltzch15j0kgdvqr7fww0nbo,Jeremy Stinat,OGC Nice Côte d'Azur,Association Jeunesse Auxerroise,S. Abdul Samed,0,0,0,0,0,0,0,0,26,0,0,0,0,1,0
14,23 Aug 2025,,78ltzch15j0kgdvqr7fww0nbo,Jeremy Stinat,OGC Nice Côte d'Azur,Association Jeunesse Auxerroise,J. Bah,0,0,0,0,3,0,0,0,69,0,0,0,0,1,0
14,23 Aug 2025,,78ltzch15j0kgdvqr7fww0nbo,Jeremy Stinat,OGC Nice Côte d'Azur,Association Jeunesse Auxerroise,T. Louchet,2,0,2,4,0,2,0,0,41,0,0,2,0,1,0
14,23 Aug 2025,,78ltzch15j0kgdvqr7fww0nbo,Jeremy Stinat,OGC Nice Côte d'Azur,Association Jeunesse Auxerroise,I. Jansson,0,0,0,0,1,3,0,0,10,0,0,2,1,1,1
14,23 Aug 2025,,78ltzch15j0kgdvqr7fww0nbo,Jeremy Stinat,OGC Nice Côte d'Azur,Association Jeunesse Auxerroise,Y. Diouf,0,0,0,0,0,0,0,0,20,0,7,0,0,0,0
14,23 Aug 2025,,78ltzch15j0kgdvqr7fww0nbo,Jeremy Stinat,OGC Nice Côte d'Azur,Association Jeunesse Auxerroise,H. Boudaoui,0,1,1,2,2,2,0,0,42,0,0,2,1,1,0
14,23 Aug 2025,,78ltzch15j0kgdvqr7fww0nbo,Jeremy Stinat,OGC Nice Côte d'Azur,Association Jeunesse Auxerroise,P. Rosario,0,0,0,0,0,0,0,0,16,0,0,2,1,1,0
14,23 Aug 2025,,78ltzch15j0kgdvqr7fww0nbo,Jeremy Stinat,OGC Nice Côte d'Azur,Association Jeunesse Auxerroise,S. Diop,0,0,0,1,0,0,0,0,20,0,0,1,0,1,0
14,23 Aug 2025,,78ltzch15j0kgdvqr7fww0nbo,Jeremy Stinat,OGC Nice Côte d'Azur,Association Jeunesse Auxerroise,B. Bouanani,0,0,0,2,0,0,0,0,17,0,0,0,0,0,0
14,23 Aug 2025,,78ltzch15j0kgdvqr7fww0nbo,Jeremy Stinat,OGC Nice Côte d'Azur,Association Jeunesse Auxerroise,T. Moffi,0,0,0,0,0,0,1,1,6,0,0,2,1,0,0
14,23 Aug 2025,,78ltzch15j0kgdvqr7fww0nbo,Jeremy Stinat,OGC Nice Côte d'Azur,Association Jeunesse Auxerroise,H. Koutoune,0,0,0,1,0,0,0,0,5,0,0,0,0,0,0
14,23 Aug 2025,,78ltzch15j0kgdvqr7fww0nbo,Jeremy Stinat,OGC Nice Côte d'Azur,Association Jeunesse Auxerroise,G. Osho,0,0,0,2,0,0,0,0,26,0,0,0,0,1,0
14,23 Aug 2025,,78ltzch15j0kgdvqr7fww0nbo,Jeremy Stinat,OGC Nice Côte d'Azur,Association Jeunesse Auxerroise,F. Sierralta,0,0,0,0,2,1,0,0,53,0,0,0,0,1,1
14,23 Aug 2025,,78ltzch15j0kgdvqr7fww0nbo,Jeremy Stinat,OGC Nice Côte d'Azur,Association Jeunesse Auxerroise,E. Owusu,0,0,0,0,1,1,0,0,33,0,0,1,0,3,0
14,23 Aug 2025,,78ltzch15j0kgdvqr7fww0nbo,Jeremy Stinat,OGC Nice Côte d'Azur,Association Jeunesse Auxerroise,C. Akpa,0,0,0,0,0,2,0,0,57,0,0,0,0,1,0
14,23 Aug 2025,,78ltzch15j0kgdvqr7fww0nbo,Jeremy Stinat,OGC Nice Côte d'Azur,Association Jeunesse Auxerroise,I. Osman,1,1,1,0,2,0,0,0,17,0,0,2,1,0,0
14,23 Aug 2025,,78ltzch15j0kgdvqr7fww0nbo,Jeremy Stinat,OGC Nice Côte d'Azur,Association Jeunesse Auxerroise,K. Danois,0,0,0,2,2,0,0,0,45,0,0,2,2,3,0
14,23 Aug 2025,,78ltzch15j0kgdvqr7fww0nbo,Jeremy Stinat,OGC Nice Côte d'Azur,Association Jeunesse Auxerroise,L. Sinayoko,0,1,2,0,1,2,1,0,15,0,0,5,3,0,0
14,23 Aug 2025,,78ltzch15j0kgdvqr7fww0nbo,Jeremy Stinat,OGC Nice Côte d'Azur,Association Jeunesse Auxerroise,Donovan René Léon,0,0,0,0,1,0,0,0,23,1,0,0,0,0,0
14,23 Aug 2025,,78ltzch15j0kgdvqr7fww0nbo,Jeremy Stinat,OGC Nice Côte d'Azur,Association Jeunesse Auxerroise,M. Senaya,0,0,0,5,2,2,0,0,21,0,0,0,0,1,1
14,23 Aug 2025,,78ltzch15j0kgdvqr7fww0nbo,Jeremy Stinat,OGC Nice Côte d'Azur,Association Jeunesse Auxerroise,J. Casimir,0,0,0,2,2,1,0,0,24,0,0,2,2,6,0
14,23 Aug 2025,,78ltzch15j0kgdvqr7fww0nbo,Jeremy Stinat,OGC Nice Côte d'Azur,Association Jeunesse Auxerroise,G. Mensah,0,0,0,1,1,0,0,0,27,0,0,0,0,1,0
14,23 Aug 2025,,78ltzch15j0kgdvqr7fww0nbo,Jeremy Stinat,OGC Nice Côte d'Azur,Association Jeunesse Auxerroise,T. De Percin,0,0,0,0,0,0,0,0,21,0,4,0,0,0,0
14,23 Aug 2025,,78ltzch15j0kgdvqr7fww0nbo,Jeremy Stinat,OGC Nice Côte d'Azur,Association Jeunesse Auxerroise,D. Namaso,0,0,0,0,1,1,0,0,5,0,0,0,0,0,0
14,23 Aug 2025,,78ltzch15j0kgdvqr7fww0nbo,Jeremy Stinat,OGC Nice Côte d'Azur,Association Jeunesse Auxerroise,F. Oppegård,0,0,0,1,0,0,0,0,7,0,0,0,0,0,0
14,23 Aug 2025,,78ltzch15j0kgdvqr7fww0nbo,Jeremy Stinat,OGC Nice Côte d'Azur,Association Jeunesse Auxerroise,L. Sy,0,0,0,1,0,0,0,0,9,0,0,0,0,2,0
14,23 Aug 2025,,78ltzch15j0kgdvqr7fww0nbo,Jeremy Stinat,OGC Nice Côte d'Azur,Association Jeunesse Auxerroise,L. Coulibaly,0,0,1,0,0,0,0,0,6,0,0,0,0,0,0
15,24 Aug 2025,,78yvd6345ocoz4gxmaklttyqc,Benoît Millot,Toulouse FC,Stade Brestois 29,G. Restes,0,0,0,0,0,1,0,0,27,0,2,0,0,0,0
15,24 Aug 2025,,78yvd6345ocoz4gxmaklttyqc,Benoît Millot,Toulouse FC,Stade Brestois 29,C. Cresswell,0,0,0,0,0,1,0,0,58,0,0,1,0,0,0
15,24 Aug 2025,,78yvd6345ocoz4gxmaklttyqc,Benoît Millot,Toulouse FC,Stade Brestois 29,F. Magri,0,0,0,1,2,2,2,2,13,0,0,3,3,0,0
15,24 Aug 2025,,78yvd6345ocoz4gxmaklttyqc,Benoît Millot,Toulouse FC,Stade Brestois 29,J. Canvot,0,0,0,0,0,0,0,0,61,0,0,0,0,1,0
15,24 Aug 2025,,78yvd6345ocoz4gxmaklttyqc,Benoît Millot,Toulouse FC,Stade Brestois 29,D. Méthalie,0,0,1,0,2,1,0,0,24,0,0,0,0,5,0
15,24 Aug 2025,,78yvd6345ocoz4gxmaklttyqc,Benoît Millot,Toulouse FC,Stade Brestois 29,C. Cásseres,0,0,1,4,1,3,0,1,38,0,0,0,0,3,0
15,24 Aug 2025,,78yvd6345ocoz4gxmaklttyqc,Benoît Millot,Toulouse FC,Stade Brestois 29,D. Sidibé,0,0,0,3,1,0,0,0,35,0,0,0,0,1,0
15,24 Aug 2025,,78yvd6345ocoz4gxmaklttyqc,Benoît Millot,Toulouse FC,Stade Brestois 29,M. Sauer,0,0,0,0,1,0,0,0,17,0,0,0,0,2,0
15,24 Aug 2025,,78yvd6345ocoz4gxmaklttyqc,Benoît Millot,Toulouse FC,Stade Brestois 29,M. McKenzie,0,0,0,0,0,0,0,0,44,0,0,0,0,1,0
15,24 Aug 2025,,78yvd6345ocoz4gxmaklttyqc,Benoît Millot,Toulouse FC,Stade Brestois 29,A. Dønnum,0,0,1,1,3,0,0,0,28,0,0,1,0,2,0
15,24 Aug 2025,,78yvd6345ocoz4gxmaklttyqc,Benoît Millot,Toulouse FC,Stade Brestois 29,Y. Gboho,0,0,0,1,1,0,0,0,11,0,0,0,0,2,0
15,24 Aug 2025,,78yvd6345ocoz4gxmaklttyqc,Benoît Millot,Toulouse FC,Stade Brestois 29,W. Kamanzi,0,0,0,0,0,0,0,0,10,0,0,0,0,0,0
15,24 Aug 2025,,78yvd6345ocoz4gxmaklttyqc,Benoît Millot,Toulouse FC,Stade Brestois 29,N. Edjouma,0,0,0,0,0,0,0,0,4,0,0,0,0,1,0
15,24 Aug 2025,,78yvd6345ocoz4gxmaklttyqc,Benoît Millot,Toulouse FC,Stade Brestois 29,R. Nicolaisen,0,0,0,0,0,0,0,0,7,0,0,0,0,0,0
15,24 Aug 2025,,78yvd6345ocoz4gxmaklttyqc,Benoît Millot,Toulouse FC,Stade Brestois 29,S. Hidalgo,0,0,0,0,2,1,0,0,5,0,0,1,0,0,0
15,24 Aug 2025,,78yvd6345ocoz4gxmaklttyqc,Benoît Millot,Toulouse FC,Stade Brestois 29,M. Saka,0,0,0,0,1,0,0,0,5,0,0,0,0,0,0
15,24 Aug 2025,,78yvd6345ocoz4gxmaklttyqc,Benoît Millot,Toulouse FC,Stade Brestois 29,P. Lees-Melou,0,1,2,4,0,2,0,0,60,0,0,2,0,5,0
15,24 Aug 2025,,78yvd6345ocoz4gxmaklttyqc,Benoît Millot,Toulouse FC,Stade Brestois 29,B. Chardonnet,0,0,0,0,2,0,0,0,33,0,0,0,0,1,1
15,24 Aug 2025,,78yvd6345ocoz4gxmaklttyqc,Benoît Millot,Toulouse FC,Stade Brestois 29,K. Lala,0,0,2,6,0,1,0,0,54,0,0,0,0,1,0
15,24 Aug 2025,,78yvd6345ocoz4gxmaklttyqc,Benoît Millot,Toulouse FC,Stade Brestois 29,L. Ajorque,0,0,0,0,4,0,0,1,23,0,0,3,0,0,0
15,24 Aug 2025,,78yvd6345ocoz4gxmaklttyqc,Benoît Millot,Toulouse FC,Stade Brestois 29,H. Magnetti,0,0,0,0,1,1,0,0,37,0,0,0,0,3,0
15,24 Aug 2025,,78yvd6345ocoz4gxmaklttyqc,Benoît Millot,Toulouse FC,Stade Brestois 29,K. Doumbia,0,0,0,1,0,0,0,1,30,0,0,0,0,2,0
15,24 Aug 2025,,78yvd6345ocoz4gxmaklttyqc,Benoît Millot,Toulouse FC,Stade Brestois 29,B. Locko,0,0,0,2,0,0,0,0,33,0,0,1,0,2,0
15,24 Aug 2025,,78yvd6345ocoz4gxmaklttyqc,Benoît Millot,Toulouse FC,Stade Brestois 29,J. Le Cardinal,0,0,0,0,0,3,0,0,46,0,0,1,1,2,0
15,24 Aug 2025,,78yvd6345ocoz4gxmaklttyqc,Benoît Millot,Toulouse FC,Stade Brestois 29,R. Del Castillo,0,2,0,3,2,0,0,0,30,0,0,2,0,5,0
15,24 Aug 2025,,78yvd6345ocoz4gxmaklttyqc,Benoît Millot,Toulouse FC,Stade Brestois 29,R. Majecki,0,0,0,0,0,0,0,0,19,0,1,0,0,0,0
15,24 Aug 2025,,78yvd6345ocoz4gxmaklttyqc,Benoît Millot,Toulouse FC,Stade Brestois 29,Mama Baldé,0,2,1,0,1,2,0,0,16,0,0,4,1,2,0
15,24 Aug 2025,,78yvd6345ocoz4gxmaklttyqc,Benoît Millot,Toulouse FC,Stade Brestois 29,J. Chotard,0,0,1,0,0,2,0,0,9,0,0,0,0,2,0
15,24 Aug 2025,,78yvd6345ocoz4gxmaklttyqc,Benoît Millot,Toulouse FC,Stade Brestois 29,J. Diaz,0,2,1,0,0,1,0,0,14,0,0,2,0,0,0
15,24 Aug 2025,,78yvd6345ocoz4gxmaklttyqc,Benoît Millot,Toulouse FC,Stade Brestois 29,H. Makalou,0,0,2,5,0,0,0,0,9,0,0,0,0,0,0
15,24 Aug 2025,,78yvd6345ocoz4gxmaklttyqc,Benoît Millot,Toulouse FC,Stade Brestois 29,A. Camblan,0,0,0,0,0,0,0,0,3,0,0,0,0,0,0
15,24 Aug 2025,,78yvd6345ocoz4gxmaklttyqc,Benoît Millot,Toulouse FC,Stade Brestois 29,S. Diop,0,1,0,1,0,0,0,0,1,0,0,1,0,0,0
106,9 Nov 2025,,86x27wjaeyld15ukqaidjyxp0,Hakim Ben El Hadj Salem,FC Lorient,Toulouse FC,A. Avom,0,0,0,3,1,2,0,0,56,0,0,0,0,5,0
106,9 Nov 2025,,86x27wjaeyld15ukqaidjyxp0,Hakim Ben El Hadj Salem,FC Lorient,Toulouse FC,Y. Mvogo,0,0,0,0,0,0,0,0,32,0,1,0,0,0,0
106,9 Nov 2025,,86x27wjaeyld15ukqaidjyxp0,Hakim Ben El Hadj Salem,FC Lorient,Toulouse FC,A. Tosin,0,0,0,0,0,2,0,0,5,0,0,0,0,0,0
106,9 Nov 2025,,86x27wjaeyld15ukqaidjyxp0,Hakim Ben El Hadj Salem,FC Lorient,Toulouse FC,D. Karim,0,0,0,1,0,3,0,0,21,0,0,0,0,3,0
106,9 Nov 2025,,86x27wjaeyld15ukqaidjyxp0,Hakim Ben El Hadj Salem,FC Lorient,Toulouse FC,Igor Silva,0,0,0,2,0,3,0,0,36,0,0,1,0,1,0
106,9 Nov 2025,,86x27wjaeyld15ukqaidjyxp0,Hakim Ben El Hadj Salem,FC Lorient,Toulouse FC,M. Talbi,0,1,0,0,0,0,0,0,58,0,0,1,0,1,0
106,9 Nov 2025,,86x27wjaeyld15ukqaidjyxp0,Hakim Ben El Hadj Salem,FC Lorient,Toulouse FC,P. Pagis,0,0,1,2,2,0,1,0,18,0,0,3,1,0,0
106,9 Nov 2025,,86x27wjaeyld15ukqaidjyxp0,Hakim Ben El Hadj Salem,FC Lorient,Toulouse FC,D. Yongwa,0,0,0,0,1,2,0,0,46,0,0,0,0,1,0
106,9 Nov 2025,,86x27wjaeyld15ukqaidjyxp0,Hakim Ben El Hadj Salem,FC Lorient,Toulouse FC,J. Mvuka,0,0,0,2,1,0,0,1,15,0,0,1,0,5,0
106,9 Nov 2025,,86x27wjaeyld15ukqaidjyxp0,Hakim Ben El Hadj Salem,FC Lorient,Toulouse FC,L. Abergel,0,0,0,0,0,0,0,0,30,0,0,0,0,1,0
106,9 Nov 2025,,86x27wjaeyld15ukqaidjyxp0,Hakim Ben El Hadj Salem,FC Lorient,Toulouse FC,A. Kouassi,0,0,4,8,0,4,0,0,35,0,0,0,0,0,0
106,9 Nov 2025,,86x27wjaeyld15ukqaidjyxp0,Hakim Ben El Hadj Salem,FC Lorient,Toulouse FC,N. Cadiou,0,1,0,0,1,0,0,0,23,0,0,1,0,1,0
106,9 Nov 2025,,86x27wjaeyld15ukqaidjyxp0,Hakim Ben El Hadj Salem,FC Lorient,Toulouse FC,S. Soumano,0,0,0,0,0,0,0,0,5,0,0,1,0,1,0
106,9 Nov 2025,,86x27wjaeyld15ukqaidjyxp0,Hakim Ben El Hadj Salem,FC Lorient,Toulouse FC,J. Makengo,0,0,0,1,0,0,0,0,9,0,0,1,0,0,0
106,9 Nov 2025,,86x27wjaeyld15ukqaidjyxp0,Hakim Ben El Hadj Salem,FC Lorient,Toulouse FC,T. Le Bris,0,0,0,1,0,0,0,0,4,0,0,0,0,0,0
106,9 Nov 2025,,86x27wjaeyld15ukqaidjyxp0,Hakim Ben El Hadj Salem,FC Lorient,Toulouse FC,M. Bamba,0,0,1,1,0,1,0,0,6,0,0,1,1,0,0
106,9 Nov 2025,,86x27wjaeyld15ukqaidjyxp0,Hakim Ben El Hadj Salem,FC Lorient,Toulouse FC,R. Nicolaisen,0,0,0,0,1,0,0,0,63,0,0,0,0,0,0
106,9 Nov 2025,,86x27wjaeyld15ukqaidjyxp0,Hakim Ben El Hadj Salem,FC Lorient,Toulouse FC,F. Magri,0,2,0,0,4,0,0,0,16,0,0,2,0,0,0
106,9 Nov 2025,,86x27wjaeyld15ukqaidjyxp0,Hakim Ben El Hadj Salem,FC Lorient,Toulouse FC,G. Restes,0,0,0,0,0,0,0,0,28,0,1,0,0,0,0
106,9 Nov 2025,,86x27wjaeyld15ukqaidjyxp0,Hakim Ben El Hadj Salem,FC Lorient,Toulouse FC,M. McKenzie,0,0,0,0,0,0,0,0,48,0,0,0,0,3,0
106,9 Nov 2025,,86x27wjaeyld15ukqaidjyxp0,Hakim Ben El Hadj Salem,FC Lorient,Toulouse FC,C. Cresswell,0,0,0,0,2,0,0,1,69,0,0,0,0,0,1
106,9 Nov 2025,,86x27wjaeyld15ukqaidjyxp0,Hakim Ben El Hadj Salem,FC Lorient,Toulouse FC,C. Cásseres,0,0,1,6,2,1,0,0,52,0,0,0,0,2,1
106,9 Nov 2025,,86x27wjaeyld15ukqaidjyxp0,Hakim Ben El Hadj Salem,FC Lorient,Toulouse FC,Y. Gboho,0,0,0,1,0,0,0,0,37,0,0,0,0,0,0
106,9 Nov 2025,,86x27wjaeyld15ukqaidjyxp0,Hakim Ben El Hadj Salem,FC Lorient,Toulouse FC,D. Méthalie,0,0,1,2,1,2,0,0,12,0,0,1,0,4,0
106,9 Nov 2025,,86x27wjaeyld15ukqaidjyxp0,Hakim Ben El Hadj Salem,FC Lorient,Toulouse FC,Emersonn,0,1,1,2,3,1,0,0,15,0,0,2,1,5,0
106,9 Nov 2025,,86x27wjaeyld15ukqaidjyxp0,Hakim Ben El Hadj Salem,FC Lorient,Toulouse FC,A. Francis,0,0,0,0,0,0,0,0,40,0,0,0,0,1,0
106,9 Nov 2025,,86x27wjaeyld15ukqaidjyxp0,Hakim Ben El Hadj Salem,FC Lorient,Toulouse FC,D. Sidibé,0,0,1,4,2,1,1,1,25,0,0,1,1,2,0
106,9 Nov 2025,,86x27wjaeyld15ukqaidjyxp0,Hakim Ben El Hadj Salem,FC Lorient,Toulouse FC,A. Vossah,0,0,0,0,2,0,0,0,5,0,0,0,0,2,1
106,9 Nov 2025,,86x27wjaeyld15ukqaidjyxp0,Hakim Ben El Hadj Salem,FC Lorient,Toulouse FC,R. Messali,0,0,0,0,1,1,0,0,2,0,0,0,0,1,1
106,9 Nov 2025,,86x27wjaeyld15ukqaidjyxp0,Hakim Ben El Hadj Salem,FC Lorient,Toulouse FC,S. Hidalgo,0,0,0,0,0,0,0,1,1,0,0,0,0,1,0
106,9 Nov 2025,,86x27wjaeyld15ukqaidjyxp0,Hakim Ben El Hadj Salem,FC Lorient,Toulouse FC,Mário Sauer,0,0,0,0,0,0,0,0,0,0,0,0,0,0,0
107,8 Nov 2025,,87a9ay9yxg6yrv300xdpb5b10,Bastien Dechepy,AS Monaco FC,Racing Club de Lens,M. Biereth,0,0,0,1,0,1,0,0,12,0,0,0,0,0,0
107,8 Nov 2025,,87a9ay9yxg6yrv300xdpb5b10,Bastien Dechepy,AS Monaco FC,Racing Club de Lens,M. Coulibaly,0,0,0,1,2,3,0,0,54,0,0,0,0,4,0
107,8 Nov 2025,,87a9ay9yxg6yrv300xdpb5b10,Bastien Dechepy,AS Monaco FC,Racing Club de Lens,Caio Henrique,0,0,1,11,1,0,0,0,72,0,0,0,0,2,0
107,8 Nov 2025,,87a9ay9yxg6yrv300xdpb5b10,Bastien Dechepy,AS Monaco FC,Racing Club de Lens,K. Ouattara,0,1,0,2,3,2,0,0,25,0,0,1,0,3,0
107,8 Nov 2025,,87a9ay9yxg6yrv300xdpb5b10,Bastien Dechepy,AS Monaco FC,Racing Club de Lens,M. Salisu,0,1,0,0,2,1,0,0,52,0,0,2,0,3,0
107,8 Nov 2025,,87a9ay9yxg6yrv300xdpb5b10,Bastien Dechepy,AS Monaco FC,Racing Club de Lens,M. Akliouche,0,2,1,0,0,1,0,0,32,0,0,3,1,1,0
107,8 Nov 2025,,87a9ay9yxg6yrv300xdpb5b10,Bastien Dechepy,AS Monaco FC,Racing Club de Lens,A. Golovin,0,0,1,1,1,1,0,1,15,0,0,0,0,3,0
107,8 Nov 2025,,87a9ay9yxg6yrv300xdpb5b10,Bastien Dechepy,AS Monaco FC,Racing Club de Lens,J. Teze,0,0,0,4,1,1,0,0,31,0,0,0,0,1,0
107,8 Nov 2025,,87a9ay9yxg6yrv300xdpb5b10,Bastien Dechepy,AS Monaco FC,Racing Club de Lens,P. Köhn,0,0,0,0,0,0,0,0,33,0,7,0,0,0,0
107,8 Nov 2025,,87a9ay9yxg6yrv300xdpb5b10,Bastien Dechepy,AS Monaco FC,Racing Club de Lens,T. Kehrer,0,0,1,0,2,1,0,0,59,0,0,1,0,2,0
107,8 Nov 2025,,87a9ay9yxg6yrv300xdpb5b10,Bastien Dechepy,AS Monaco FC,Racing Club de Lens,F. Balogun,0,0,0,0,1,2,1,0,6,1,0,3,2,1,0
107,8 Nov 2025,,87a9ay9yxg6yrv300xdpb5b10,Bastien Dechepy,AS Monaco FC,Racing Club de Lens,L. Michal,0,0,0,1,1,1,0,0,19,0,0,1,0,0,0
107,8 Nov 2025,,87a9ay9yxg6yrv300xdpb5b10,Bastien Dechepy,AS Monaco FC,Racing Club de Lens,G. Ilenikhena,0,0,0,0,0,0,0,1,2,0,0,3,2,0,0
107,8 Nov 2025,,87a9ay9yxg6yrv300xdpb5b10,Bastien Dechepy,AS Monaco FC,Racing Club de Lens,P. Cabral,0,0,0,0,1,1,0,0,21,0,0,0,0,0,0
107,8 Nov 2025,,87a9ay9yxg6yrv300xdpb5b10,Bastien Dechepy,AS Monaco FC,Racing Club de Lens,Ansu Fati,0,0,1,0,0,1,0,0,10,0,0,2,1,0,0
107,8 Nov 2025,,87a9ay9yxg6yrv300xdpb5b10,Bastien Dechepy,AS Monaco FC,Racing Club de Lens,D. Zakaria,0,0,0,0,0,1,0,0,17,0,0,0,0,0,1
107,8 Nov 2025,,87a9ay9yxg6yrv300xdpb5b10,Bastien Dechepy,AS Monaco FC,Racing Club de Lens,R. Aguilar,0,0,1,4,1,2,0,1,44,0,0,0,0,1,1
107,8 Nov 2025,,87a9ay9yxg6yrv300xdpb5b10,Bastien Dechepy,AS Monaco FC,Racing Club de Lens,A. Thomasson,0,0,0,2,5,4,0,0,41,0,0,2,2,6,0
107,8 Nov 2025,,87a9ay9yxg6yrv300xdpb5b10,Bastien Dechepy,AS Monaco FC,Racing Club de Lens,O. Édouard,1,0,0,1,2,0,1,0,18,0,0,2,2,1,0
107,8 Nov 2025,,87a9ay9yxg6yrv300xdpb5b10,Bastien Dechepy,AS Monaco FC,Racing Club de Lens,J. Gradit,0,1,0,1,1,1,0,0,61,0,0,1,0,0,1
107,8 Nov 2025,,87a9ay9yxg6yrv300xdpb5b10,Bastien Dechepy,AS Monaco FC,Racing Club de Lens,M. Sangaré,0,2,0,0,3,4,1,0,29,0,0,3,1,2,0
107,8 Nov 2025,,87a9ay9yxg6yrv300xdpb5b10,Bastien Dechepy,AS Monaco FC,Racing Club de Lens,W. Saïd,0,0,0,0,1,0,2,0,33,0,0,4,4,0,0
107,8 Nov 2025,,87a9ay9yxg6yrv300xdpb5b10,Bastien Dechepy,AS Monaco FC,Racing Club de Lens,F. Thauvin,2,1,2,7,0,2,0,1,42,0,0,2,0,2,0
107,8 Nov 2025,,87a9ay9yxg6yrv300xdpb5b10,Bastien Dechepy,AS Monaco FC,Racing Club de Lens,M. Sarr,0,0,0,0,0,0,0,0,51,0,0,0,0,1,0
107,8 Nov 2025,,87a9ay9yxg6yrv300xdpb5b10,Bastien Dechepy,AS Monaco FC,Racing Club de Lens,R. Risser,0,0,0,0,0,0,0,0,34,0,5,0,0,0,0
107,8 Nov 2025,,87a9ay9yxg6yrv300xdpb5b10,Bastien Dechepy,AS Monaco FC,Racing Club de Lens,S. Baidoo,0,0,0,0,0,0,0,0,38,0,0,1,0,1,0
107,8 Nov 2025,,87a9ay9yxg6yrv300xdpb5b10,Bastien Dechepy,AS Monaco FC,Racing Club de Lens,M. Udol,0,1,1,4,2,2,0,0,29,0,0,3,2,1,0
107,8 Nov 2025,,87a9ay9yxg6yrv300xdpb5b10,Bastien Dechepy,AS Monaco FC,Racing Club de Lens,A. Bulatović,0,0,0,0,2,0,0,0,17,0,0,0,0,0,0
107,8 Nov 2025,,87a9ay9yxg6yrv300xdpb5b10,Bastien Dechepy,AS Monaco FC,Racing Club de Lens,R. Fofana,0,0,0,0,1,0,0,0,1,0,0,2,1,1,0
107,8 Nov 2025,,87a9ay9yxg6yrv300xdpb5b10,Bastien Dechepy,AS Monaco FC,Racing Club de Lens,M. Guilavogui,0,0,0,0,0,0,0,0,9,0,0,0,0,1,0
107,8 Nov 2025,,87a9ay9yxg6yrv300xdpb5b10,Bastien Dechepy,AS Monaco FC,Racing Club de Lens,A. Bermont,0,0,0,0,1,0,0,0,8,0,0,0,0,0,0
107,8 Nov 2025,,87a9ay9yxg6yrv300xdpb5b10,Bastien Dechepy,AS Monaco FC,Racing Club de Lens,F. Sotoca,0,0,0,0,0,0,0,0,4,0,0,0,0,0,0
108,9 Nov 2025,,87nkivfh38imdea2mlokcvu38,François Letexier,RC Strasbourg Alsace,Lille OSC,M. Penders,0,0,0,0,0,0,0,0,60,0,4,0,0,0,1
108,9 Nov 2025,,87nkivfh38imdea2mlokcvu38,François Letexier,RC Strasbourg Alsace,Lille OSC,M. Sarr,0,0,0,0,0,1,0,0,45,0,0,0,0,1,0
108,9 Nov 2025,,87nkivfh38imdea2mlokcvu38,François Letexier,RC Strasbourg Alsace,Lille OSC,B. Chilwell,0,0,0,1,0,3,0,0,33,0,0,0,0,1,1
108,9 Nov 2025,,87nkivfh38imdea2mlokcvu38,François Letexier,RC Strasbourg Alsace,Lille OSC,D. Moreira,0,0,0,3,0,0,0,0,25,0,0,1,0,3,0
108,9 Nov 2025,,87nkivfh38imdea2mlokcvu38,François Letexier,RC Strasbourg Alsace,Lille OSC,J. Panichelli,0,0,0,0,4,2,0,0,22,0,0,0,0,4,1
108,9 Nov 2025,,87nkivfh38imdea2mlokcvu38,François Letexier,RC Strasbourg Alsace,Lille OSC,L. Høgsberg,0,0,0,0,1,0,0,0,52,0,0,0,0,2,0
108,9 Nov 2025,,87nkivfh38imdea2mlokcvu38,François Letexier,RC Strasbourg Alsace,Lille OSC,G. Doué,0,0,0,0,1,1,0,0,37,0,0,0,0,2,0
108,9 Nov 2025,,87nkivfh38imdea2mlokcvu38,François Letexier,RC Strasbourg Alsace,Lille OSC,E. Emegha,0,1,1,0,3,2,2,1,9,0,0,3,2,0,0
108,9 Nov 2025,,87nkivfh38imdea2mlokcvu38,François Letexier,RC Strasbourg Alsace,Lille OSC,A. Ouattara,0,0,0,1,0,1,0,0,27,0,0,0,0,2,0
108,9 Nov 2025,,87nkivfh38imdea2mlokcvu38,François Letexier,RC Strasbourg Alsace,Lille OSC,V. Barco,0,0,0,4,0,4,0,0,30,0,0,1,0,2,0
108,9 Nov 2025,,87nkivfh38imdea2mlokcvu38,François Letexier,RC Strasbourg Alsace,Lille OSC,J. Enciso,0,0,0,0,0,3,0,0,13,0,0,0,0,0,1
108,9 Nov 2025,,87nkivfh38imdea2mlokcvu38,François Letexier,RC Strasbourg Alsace,Lille OSC,R. Nzingoula,0,0,0,1,0,1,0,0,1,0,0,0,0,1,0
108,9 Nov 2025,,87nkivfh38imdea2mlokcvu38,François Letexier,RC Strasbourg Alsace,Lille OSC,S. El Mourabet,0,0,0,0,0,0,0,0,3,0,0,0,0,0,0
108,9 Nov 2025,,87nkivfh38imdea2mlokcvu38,François Letexier,RC Strasbourg Alsace,Lille OSC,A. Omobamidele,0,0,0,0,0,0,0,0,0,0,0,0,0,0,0
108,9 Nov 2025,,87nkivfh38imdea2mlokcvu38,François Letexier,RC Strasbourg Alsace,Lille OSC,M. Godo,0,0,0,0,0,1,0,0,0,0,0,0,0,0,0
108,9 Nov 2025,,87nkivfh38imdea2mlokcvu38,François Letexier,RC Strasbourg Alsace,Lille OSC,Mathis Amougou,0,0,0,0,0,0,0,0,0,0,0,0,0,0,0
108,9 Nov 2025,,87nkivfh38imdea2mlokcvu38,François Letexier,RC Strasbourg Alsace,Lille OSC,H. Haraldsson,0,0,0,1,1,1,0,0,44,0,0,2,2,1,0
108,9 Nov 2025,,87nkivfh38imdea2mlokcvu38,François Letexier,RC Strasbourg Alsace,Lille OSC,B. Özer,0,0,0,0,0,0,0,0,32,0,0,0,0,0,0
108,9 Nov 2025,,87nkivfh38imdea2mlokcvu38,François Letexier,RC Strasbourg Alsace,Lille OSC,Matías Fernández,0,0,1,2,2,0,0,1,20,0,0,0,0,0,0
108,9 Nov 2025,,87nkivfh38imdea2mlokcvu38,François Letexier,RC Strasbourg Alsace,Lille OSC,O. Giroud,0,0,0,1,0,1,0,0,21,0,0,1,0,0,0
108,9 Nov 2025,,87nkivfh38imdea2mlokcvu38,François Letexier,RC Strasbourg Alsace,Lille OSC,B. André,0,0,0,0,3,3,0,0,53,0,0,1,0,2,1
108,9 Nov 2025,,87nkivfh38imdea2mlokcvu38,François Letexier,RC Strasbourg Alsace,Lille OSC,N. Ngoy,0,0,0,0,1,0,0,0,74,0,0,2,2,0,0
108,9 Nov 2025,,87nkivfh38imdea2mlokcvu38,François Letexier,RC Strasbourg Alsace,Lille OSC,T. Meunier,0,0,0,2,2,0,0,0,54,0,0,0,0,2,0
108,9 Nov 2025,,87nkivfh38imdea2mlokcvu38,François Letexier,RC Strasbourg Alsace,Lille OSC,A. Bouaddi,0,0,0,0,1,1,0,0,34,0,0,0,0,1,0
108,9 Nov 2025,,87nkivfh38imdea2mlokcvu38,François Letexier,RC Strasbourg Alsace,Lille OSC,A. Mandi,0,0,0,0,2,0,0,0,70,0,0,0,0,2,0
108,9 Nov 2025,,87nkivfh38imdea2mlokcvu38,François Letexier,RC Strasbourg Alsace,Lille OSC,R. Perraud,0,0,1,5,3,1,0,0,27,0,0,0,0,1,1
108,9 Nov 2025,,87nkivfh38imdea2mlokcvu38,François Letexier,RC Strasbourg Alsace,Lille OSC,Félix Correia,0,0,1,3,1,0,0,0,26,0,0,0,0,1,0
108,9 Nov 2025,,87nkivfh38imdea2mlokcvu38,François Letexier,RC Strasbourg Alsace,Lille OSC,H. Igamane,0,0,0,0,1,1,0,0,5,0,0,0,0,0,0
108,9 Nov 2025,,87nkivfh38imdea2mlokcvu38,François Letexier,RC Strasbourg Alsace,Lille OSC,O. Sahraoui,0,0,1,0,0,1,0,0,9,0,0,0,0,1,0
108,9 Nov 2025,,87nkivfh38imdea2mlokcvu38,François Letexier,RC Strasbourg Alsace,Lille OSC,M. Broholm,0,0,0,2,0,0,0,0,7,0,0,0,0,0,0
108,9 Nov 2025,,87nkivfh38imdea2mlokcvu38,François Letexier,RC Strasbourg Alsace,Lille OSC,N. Mukau,0,0,0,0,2,0,0,0,4,0,0,0,0,0,1
108,9 Nov 2025,,87nkivfh38imdea2mlokcvu38,François Letexier,RC Strasbourg Alsace,Lille OSC,C. Verdonk,0,0,0,2,1,0,0,0,4,1,0,0,0,0,0
109,22 Nov 2025,,880t6lepwo7xf1dbsudept6ac,Jérôme Brisard,Racing Club de Lens,RC Strasbourg Alsace,O. Édouard,0,1,0,0,1,0,0,0,10,0,0,3,2,0,0
109,22 Nov 2025,,880t6lepwo7xf1dbsudept6ac,Jérôme Brisard,Racing Club de Lens,RC Strasbourg Alsace,A. Thomasson,0,2,2,4,2,3,0,0,53,0,0,2,0,5,1
109,22 Nov 2025,,880t6lepwo7xf1dbsudept6ac,Jérôme Brisard,Racing Club de Lens,RC Strasbourg Alsace,W. Saïd,0,0,0,3,1,0,0,1,28,0,0,0,0,2,0
109,22 Nov 2025,,880t6lepwo7xf1dbsudept6ac,Jérôme Brisard,Racing Club de Lens,RC Strasbourg Alsace,M. Sarr,0,0,0,0,2,1,0,0,86,0,0,0,0,1,0
109,22 Nov 2025,,880t6lepwo7xf1dbsudept6ac,Jérôme Brisard,Racing Club de Lens,RC Strasbourg Alsace,S. Baidoo,0,0,0,0,0,0,0,0,58,0,0,0,0,0,0
109,22 Nov 2025,,880t6lepwo7xf1dbsudept6ac,Jérôme Brisard,Racing Club de Lens,RC Strasbourg Alsace,R. Risser,0,0,0,0,0,0,0,0,34,0,1,0,0,0,0
109,22 Nov 2025,,880t6lepwo7xf1dbsudept6ac,Jérôme Brisard,Racing Club de Lens,RC Strasbourg Alsace,F. Thauvin,0,2,1,2,0,1,0,0,24,0,0,5,1,1,0
109,22 Nov 2025,,880t6lepwo7xf1dbsudept6ac,Jérôme Brisard,Racing Club de Lens,RC Strasbourg Alsace,M. Udol,1,0,0,3,0,2,0,0,51,0,0,0,0,2,0
109,22 Nov 2025,,880t6lepwo7xf1dbsudept6ac,Jérôme Brisard,Racing Club de Lens,RC Strasbourg Alsace,M. Sangaré,0,0,0,0,1,3,0,0,68,0,0,0,0,5,0
109,22 Nov 2025,,880t6lepwo7xf1dbsudept6ac,Jérôme Brisard,Racing Club de Lens,RC Strasbourg Alsace,R. Aguilar,0,0,0,4,4,1,0,2,45,0,0,0,0,2,0
109,22 Nov 2025,,880t6lepwo7xf1dbsudept6ac,Jérôme Brisard,Racing Club de Lens,RC Strasbourg Alsace,P. Ganiou,0,0,0,0,0,0,1,0,70,0,0,1,1,1,0
109,22 Nov 2025,,880t6lepwo7xf1dbsudept6ac,Jérôme Brisard,Racing Club de Lens,RC Strasbourg Alsace,M. Guilavogui,0,0,0,0,1,1,0,0,11,1,0,1,0,0,0
109,22 Nov 2025,,880t6lepwo7xf1dbsudept6ac,Jérôme Brisard,Racing Club de Lens,RC Strasbourg Alsace,A. Sima,0,0,0,1,1,0,0,0,8,0,0,1,1,1,0
109,22 Nov 2025,,880t6lepwo7xf1dbsudept6ac,Jérôme Brisard,Racing Club de Lens,RC Strasbourg Alsace,F. Sotoca,0,0,0,0,0,0,0,0,6,0,0,0,0,0,1
109,22 Nov 2025,,880t6lepwo7xf1dbsudept6ac,Jérôme Brisard,Racing Club de Lens,RC Strasbourg Alsace,B. Chilwell,0,0,0,5,1,0,0,0,51,0,0,0,0,1,0
109,22 Nov 2025,,880t6lepwo7xf1dbsudept6ac,Jérôme Brisard,Racing Club de Lens,RC Strasbourg Alsace,D. Moreira,0,0,1,2,1,3,0,1,38,0,0,0,0,2,0
109,22 Nov 2025,,880t6lepwo7xf1dbsudept6ac,Jérôme Brisard,Racing Club de Lens,RC Strasbourg Alsace,L. Høgsberg,0,0,0,0,0,0,0,0,31,0,0,0,0,2,0
109,22 Nov 2025,,880t6lepwo7xf1dbsudept6ac,Jérôme Brisard,Racing Club de Lens,RC Strasbourg Alsace,M. Penders,0,0,0,0,0,0,0,0,42,0,4,0,0,0,0
109,22 Nov 2025,,880t6lepwo7xf1dbsudept6ac,Jérôme Brisard,Racing Club de Lens,RC Strasbourg Alsace,G. Doué,0,0,0,3,3,0,0,0,28,0,0,1,1,2,1
109,22 Nov 2025,,880t6lepwo7xf1dbsudept6ac,Jérôme Brisard,Racing Club de Lens,RC Strasbourg Alsace,E. Emegha,0,1,0,0,1,2,0,0,12,0,0,2,0,0,1
109,22 Nov 2025,,880t6lepwo7xf1dbsudept6ac,Jérôme Brisard,Racing Club de Lens,RC Strasbourg Alsace,S. El Mourabet,0,0,0,0,2,1,0,0,31,0,0,0,0,4,1
109,22 Nov 2025,,880t6lepwo7xf1dbsudept6ac,Jérôme Brisard,Racing Club de Lens,RC Strasbourg Alsace,M. Sarr,0,0,0,0,0,2,0,0,59,0,0,1,0,0,0
109,22 Nov 2025,,880t6lepwo7xf1dbsudept6ac,Jérôme Brisard,Racing Club de Lens,RC Strasbourg Alsace,V. Barco,0,2,0,0,2,1,0,0,51,1,0,2,0,0,0
109,22 Nov 2025,,880t6lepwo7xf1dbsudept6ac,Jérôme Brisard,Racing Club de Lens,RC Strasbourg Alsace,F. Lemaréchal,0,0,0,1,0,0,0,0,28,0,0,1,0,1,0
109,22 Nov 2025,,880t6lepwo7xf1dbsudept6ac,Jérôme Brisard,Racing Club de Lens,RC Strasbourg Alsace,J. Panichelli,0,0,0,0,1,1,0,1,28,0,0,0,0,3,0
109,22 Nov 2025,,880t6lepwo7xf1dbsudept6ac,Jérôme Brisard,Racing Club de Lens,RC Strasbourg Alsace,A. Omobamidele,0,0,0,0,0,0,0,0,31,0,0,0,0,0,0
109,22 Nov 2025,,880t6lepwo7xf1dbsudept6ac,Jérôme Brisard,Racing Club de Lens,RC Strasbourg Alsace,J. Enciso,0,0,0,0,0,2,0,0,10,0,0,0,0,3,0
109,22 Nov 2025,,880t6lepwo7xf1dbsudept6ac,Jérôme Brisard,Racing Club de Lens,RC Strasbourg Alsace,M. Amougou,0,0,0,0,1,0,0,0,19,0,0,0,0,0,0
109,22 Nov 2025,,880t6lepwo7xf1dbsudept6ac,Jérôme Brisard,Racing Club de Lens,RC Strasbourg Alsace,R. Nzingoula,0,0,0,0,0,0,0,0,1,0,0,0,0,0,0
109,22 Nov 2025,,880t6lepwo7xf1dbsudept6ac,Jérôme Brisard,Racing Club de Lens,RC Strasbourg Alsace,S. Amo-Ameyaw,0,0,0,0,1,0,0,0,1,0,0,0,0,0,0
110,22 Nov 2025,,88dya81roreal0lxy1mkzhb84,Hakim Ben El Hadj Salem,Stade Rennais FC,AS Monaco FC,M. Camara,1,0,0,1,1,3,1,0,32,0,0,2,2,1,0
110,22 Nov 2025,,88dya81roreal0lxy1mkzhb84,Hakim Ben El Hadj Salem,Stade Rennais FC,AS Monaco FC,J. Jacquet,0,0,0,0,0,0,0,0,41,0,0,0,0,4,0
110,22 Nov 2025,,88dya81roreal0lxy1mkzhb84,Hakim Ben El Hadj Salem,Stade Rennais FC,AS Monaco FC,Mousa Tamari,0,0,2,2,0,1,0,0,22,0,0,3,3,2,0
110,22 Nov 2025,,88dya81roreal0lxy1mkzhb84,Hakim Ben El Hadj Salem,Stade Rennais FC,AS Monaco FC,D. Cissé,0,2,0,5,0,0,0,0,44,0,0,4,0,2,0
110,22 Nov 2025,,88dya81roreal0lxy1mkzhb84,Hakim Ben El Hadj Salem,Stade Rennais FC,AS Monaco FC,A. Aït Boudlal,0,0,0,1,0,0,1,0,54,0,0,1,1,2,0
110,22 Nov 2025,,88dya81roreal0lxy1mkzhb84,Hakim Ben El Hadj Salem,Stade Rennais FC,AS Monaco FC,P. Frankowski,1,0,2,4,0,1,0,0,52,0,0,0,0,3,0
110,22 Nov 2025,,88dya81roreal0lxy1mkzhb84,Hakim Ben El Hadj Salem,Stade Rennais FC,AS Monaco FC,E. Lepaul,0,3,0,0,0,2,0,1,8,0,0,3,0,0,0
110,22 Nov 2025,,88dya81roreal0lxy1mkzhb84,Hakim Ben El Hadj Salem,Stade Rennais FC,AS Monaco FC,V. Rongier,0,0,0,0,0,1,0,0,92,0,0,1,0,1,0
110,22 Nov 2025,,88dya81roreal0lxy1mkzhb84,Hakim Ben El Hadj Salem,Stade Rennais FC,AS Monaco FC,L. Brassier,0,0,0,2,0,5,0,0,54,0,0,0,0,1,0
110,22 Nov 2025,,88dya81roreal0lxy1mkzhb84,Hakim Ben El Hadj Salem,Stade Rennais FC,AS Monaco FC,B. Embolo,0,0,0,0,1,0,1,0,19,0,0,2,2,3,0
110,22 Nov 2025,,88dya81roreal0lxy1mkzhb84,Hakim Ben El Hadj Salem,Stade Rennais FC,AS Monaco FC,B. Samba,0,0,0,0,0,0,0,0,38,0,2,0,0,0,0
110,22 Nov 2025,,88dya81roreal0lxy1mkzhb84,Hakim Ben El Hadj Salem,Stade Rennais FC,AS Monaco FC,L. Blas,0,0,0,0,1,0,1,0,13,0,0,1,1,1,0
110,22 Nov 2025,,88dya81roreal0lxy1mkzhb84,Hakim Ben El Hadj Salem,Stade Rennais FC,AS Monaco FC,Q. Merlin,0,0,0,0,0,0,0,0,23,0,0,0,0,1,0
110,22 Nov 2025,,88dya81roreal0lxy1mkzhb84,Hakim Ben El Hadj Salem,Stade Rennais FC,AS Monaco FC,G. Kamara,0,0,0,0,0,0,0,0,4,0,0,0,0,0,0
110,22 Nov 2025,,88dya81roreal0lxy1mkzhb84,Hakim Ben El Hadj Salem,Stade Rennais FC,AS Monaco FC,A. Seidu,0,0,0,0,0,0,0,0,1,0,0,0,0,0,0
110,22 Nov 2025,,88dya81roreal0lxy1mkzhb84,Hakim Ben El Hadj Salem,Stade Rennais FC,AS Monaco FC,L. Rosier,0,0,0,0,0,0,0,0,0,0,0,0,0,0,0
110,22 Nov 2025,,88dya81roreal0lxy1mkzhb84,Hakim Ben El Hadj Salem,Stade Rennais FC,AS Monaco FC,J. Teze,0,0,0,5,0,1,0,0,63,0,0,0,0,1,0
110,22 Nov 2025,,88dya81roreal0lxy1mkzhb84,Hakim Ben El Hadj Salem,Stade Rennais FC,AS Monaco FC,M. Akliouche,0,1,0,1,2,0,0,1,28,0,0,2,0,1,1
110,22 Nov 2025,,88dya81roreal0lxy1mkzhb84,Hakim Ben El Hadj Salem,Stade Rennais FC,AS Monaco FC,Ansu Fati,0,1,2,1,2,1,0,0,30,0,0,4,2,0,0
110,22 Nov 2025,,88dya81roreal0lxy1mkzhb84,Hakim Ben El Hadj Salem,Stade Rennais FC,AS Monaco FC,K. Ouattara,0,1,0,10,2,0,0,0,35,0,0,1,0,5,0
110,22 Nov 2025,,88dya81roreal0lxy1mkzhb84,Hakim Ben El Hadj Salem,Stade Rennais FC,AS Monaco FC,M. Salisu,0,0,0,0,1,0,0,0,80,0,0,0,0,1,0
110,22 Nov 2025,,88dya81roreal0lxy1mkzhb84,Hakim Ben El Hadj Salem,Stade Rennais FC,AS Monaco FC,T. Kehrer,0,1,0,0,0,1,0,0,82,0,0,1,0,1,0
110,22 Nov 2025,,88dya81roreal0lxy1mkzhb84,Hakim Ben El Hadj Salem,Stade Rennais FC,AS Monaco FC,K. Diatta,0,0,1,1,0,0,0,2,25,0,0,0,0,1,0
110,22 Nov 2025,,88dya81roreal0lxy1mkzhb84,Hakim Ben El Hadj Salem,Stade Rennais FC,AS Monaco FC,L. Hrádecký,0,0,0,0,0,0,0,0,14,0,4,0,0,0,0
110,22 Nov 2025,,88dya81roreal0lxy1mkzhb84,Hakim Ben El Hadj Salem,Stade Rennais FC,AS Monaco FC,M. Coulibaly,0,0,1,0,1,0,0,0,35,0,0,0,0,2,0
110,22 Nov 2025,,88dya81roreal0lxy1mkzhb84,Hakim Ben El Hadj Salem,Stade Rennais FC,AS Monaco FC,D. Zakaria,0,1,0,0,4,0,0,0,31,1,0,1,0,2,0
110,22 Nov 2025,,88dya81roreal0lxy1mkzhb84,Hakim Ben El Hadj Salem,Stade Rennais FC,AS Monaco FC,G. Ilenikhena,0,1,1,0,0,0,0,2,7,0,0,1,0,0,0
110,22 Nov 2025,,88dya81roreal0lxy1mkzhb84,Hakim Ben El Hadj Salem,Stade Rennais FC,AS Monaco FC,M. Biereth,0,2,1,0,0,0,1,0,4,0,0,3,1,1,0
110,22 Nov 2025,,88dya81roreal0lxy1mkzhb84,Hakim Ben El Hadj Salem,Stade Rennais FC,AS Monaco FC,T. Minamino,0,0,0,0,0,0,0,0,11,0,0,0,0,0,0
110,22 Nov 2025,,88dya81roreal0lxy1mkzhb84,Hakim Ben El Hadj Salem,Stade Rennais FC,AS Monaco FC,Vanderson,1,0,0,0,1,0,0,0,8,0,0,0,0,0,0
110,22 Nov 2025,,88dya81roreal0lxy1mkzhb84,Hakim Ben El Hadj Salem,Stade Rennais FC,AS Monaco FC,L. Camara,0,0,0,1,0,0,0,0,18,0,0,0,0,0,0
110,22 Nov 2025,,88dya81roreal0lxy1mkzhb84,Hakim Ben El Hadj Salem,Stade Rennais FC,AS Monaco FC,P. Pogba,0,0,0,0,0,0,0,0,15,0,0,0,0,1,0
111,23 Nov 2025,,88r8mh63ovrqr79aikgzroefo,Ruddy Buquet,FC Nantes,FC Lorient,N. Cozza,0,0,0,2,1,0,0,0,56,0,0,0,0,1,0
111,23 Nov 2025,,88r8mh63ovrqr79aikgzroefo,Ruddy Buquet,FC Nantes,FC Lorient,T. Tati,0,0,0,0,1,0,0,0,89,0,0,0,0,1,0
111,23 Nov 2025,,88r8mh63ovrqr79aikgzroefo,Ruddy Buquet,FC Nantes,FC Lorient,C. Awaziem,0,0,0,0,2,2,1,0,100,0,0,1,1,0,0
111,23 Nov 2025,,88r8mh63ovrqr79aikgzroefo,Ruddy Buquet,FC Nantes,FC Lorient,Kwon Hyeok-Kyu,0,1,0,1,1,0,0,0,33,0,0,1,0,1,0
111,23 Nov 2025,,88r8mh63ovrqr79aikgzroefo,Ruddy Buquet,FC Nantes,FC Lorient,K. Amian,0,0,0,3,1,0,0,0,59,0,0,0,0,3,0
111,23 Nov 2025,,88r8mh63ovrqr79aikgzroefo,Ruddy Buquet,FC Nantes,FC Lorient,Anthony Lopes,0,0,0,0,0,0,0,0,22,0,1,0,0,0,1
111,23 Nov 2025,,88r8mh63ovrqr79aikgzroefo,Ruddy Buquet,FC Nantes,FC Lorient,M. Lahdo,0,1,0,1,0,1,0,0,14,0,0,1,0,0,0
111,23 Nov 2025,,88r8mh63ovrqr79aikgzroefo,Ruddy Buquet,FC Nantes,FC Lorient,D. Tabibou,0,0,1,5,2,3,0,0,26,0,0,1,0,3,0
111,23 Nov 2025,,88r8mh63ovrqr79aikgzroefo,Ruddy Buquet,FC Nantes,FC Lorient,Y. El-Arabi,0,0,0,0,3,1,0,0,15,0,0,0,0,0,0
111,23 Nov 2025,,88r8mh63ovrqr79aikgzroefo,Ruddy Buquet,FC Nantes,FC Lorient,M. Abline,0,0,0,4,1,3,0,0,9,0,0,2,0,0,0
111,23 Nov 2025,,88r8mh63ovrqr79aikgzroefo,Ruddy Buquet,FC Nantes,FC Lorient,J. Mwanga,0,0,0,0,1,2,0,0,40,0,0,1,0,1,0
111,23 Nov 2025,,88r8mh63ovrqr79aikgzroefo,Ruddy Buquet,FC Nantes,FC Lorient,J. Lepenant,0,0,0,2,1,0,0,0,12,0,0,0,0,1,0
111,23 Nov 2025,,88r8mh63ovrqr79aikgzroefo,Ruddy Buquet,FC Nantes,FC Lorient,H. Guirassy,0,0,0,3,1,2,0,0,9,0,0,0,0,0,0
111,23 Nov 2025,,88r8mh63ovrqr79aikgzroefo,Ruddy Buquet,FC Nantes,FC Lorient,Mostafa Mohamed,0,1,0,0,2,1,0,0,9,0,0,2,0,0,0
111,23 Nov 2025,,88r8mh63ovrqr79aikgzroefo,Ruddy Buquet,FC Nantes,FC Lorient,A. Camara,0,0,0,4,0,1,0,0,3,0,0,0,0,1,0
111,23 Nov 2025,,88r8mh63ovrqr79aikgzroefo,Ruddy Buquet,FC Nantes,FC Lorient,A. Avom,0,0,0,2,0,3,0,0,58,0,0,1,0,0,0
111,23 Nov 2025,,88r8mh63ovrqr79aikgzroefo,Ruddy Buquet,FC Nantes,FC Lorient,M. Talbi,0,0,0,0,0,1,0,0,49,0,0,0,0,0,0
111,23 Nov 2025,,88r8mh63ovrqr79aikgzroefo,Ruddy Buquet,FC Nantes,FC Lorient,D. Yongwa,0,0,0,0,0,1,0,0,52,0,0,0,0,2,1
111,23 Nov 2025,,88r8mh63ovrqr79aikgzroefo,Ruddy Buquet,FC Nantes,FC Lorient,B. Meïté,0,0,0,2,4,2,0,0,37,0,0,0,0,0,0
111,23 Nov 2025,,88r8mh63ovrqr79aikgzroefo,Ruddy Buquet,FC Nantes,FC Lorient,Y. Mvogo,0,0,0,0,0,0,0,0,33,0,0,0,0,0,0
111,23 Nov 2025,,88r8mh63ovrqr79aikgzroefo,Ruddy Buquet,FC Nantes,FC Lorient,T. Le Bris,0,0,0,1,2,0,0,0,32,0,0,0,0,2,0
111,23 Nov 2025,,88r8mh63ovrqr79aikgzroefo,Ruddy Buquet,FC Nantes,FC Lorient,A. Kouassi,0,0,0,4,2,3,0,0,30,0,0,0,0,3,0
111,23 Nov 2025,,88r8mh63ovrqr79aikgzroefo,Ruddy Buquet,FC Nantes,FC Lorient,S. Soumano,0,0,0,0,1,3,0,0,14,0,0,0,0,0,0
111,23 Nov 2025,,88r8mh63ovrqr79aikgzroefo,Ruddy Buquet,FC Nantes,FC Lorient,A. Tosin,0,1,1,1,0,1,0,0,11,0,0,1,0,1,0
111,23 Nov 2025,,88r8mh63ovrqr79aikgzroefo,Ruddy Buquet,FC Nantes,FC Lorient,N. Cadiou,0,0,0,0,3,0,0,0,45,0,0,1,0,3,0
111,23 Nov 2025,,88r8mh63ovrqr79aikgzroefo,Ruddy Buquet,FC Nantes,FC Lorient,D. Karim,0,0,0,0,1,0,0,0,15,0,0,1,0,2,0
111,23 Nov 2025,,88r8mh63ovrqr79aikgzroefo,Ruddy Buquet,FC Nantes,FC Lorient,J. Makengo,0,1,0,1,1,0,0,0,8,0,0,2,0,1,0
111,23 Nov 2025,,88r8mh63ovrqr79aikgzroefo,Ruddy Buquet,FC Nantes,FC Lorient,P. Pagis,0,0,0,1,1,2,0,0,9,0,0,1,1,0,0
111,23 Nov 2025,,88r8mh63ovrqr79aikgzroefo,Ruddy Buquet,FC Nantes,FC Lorient,M. Bamba,0,0,0,0,2,0,0,2,6,0,0,0,0,0,0
111,23 Nov 2025,,88r8mh63ovrqr79aikgzroefo,Ruddy Buquet,FC Nantes,FC Lorient,Nathaniel Adjei,0,0,0,0,0,0,0,0,0,0,0,0,0,0,0
112,23 Nov 2025,,89656oqm5av2vdm2h26lxt2c4,Marc Bollengier,Toulouse FC,Angers Sporting Club de l'Ouest,C. Cásseres,0,0,0,3,2,1,0,0,57,0,0,3,0,5,0
112,23 Nov 2025,,89656oqm5av2vdm2h26lxt2c4,Marc Bollengier,Toulouse FC,Angers Sporting Club de l'Ouest,G. Restes,0,0,0,0,0,0,0,0,28,0,1,0,0,0,0
112,23 Nov 2025,,89656oqm5av2vdm2h26lxt2c4,Marc Bollengier,Toulouse FC,Angers Sporting Club de l'Ouest,M. McKenzie,0,1,1,0,2,0,0,1,47,0,0,3,0,3,0
112,23 Nov 2025,,89656oqm5av2vdm2h26lxt2c4,Marc Bollengier,Toulouse FC,Angers Sporting Club de l'Ouest,C. Cresswell,0,0,1,0,1,3,0,0,70,0,0,4,1,2,0
112,23 Nov 2025,,89656oqm5av2vdm2h26lxt2c4,Marc Bollengier,Toulouse FC,Angers Sporting Club de l'Ouest,R. Nicolaisen,0,0,0,0,0,1,0,0,76,0,0,2,0,1,0
112,23 Nov 2025,,89656oqm5av2vdm2h26lxt2c4,Marc Bollengier,Toulouse FC,Angers Sporting Club de l'Ouest,Emersonn,0,0,1,1,2,1,0,0,12,0,0,3,1,1,1
112,23 Nov 2025,,89656oqm5av2vdm2h26lxt2c4,Marc Bollengier,Toulouse FC,Angers Sporting Club de l'Ouest,F. Magri,0,1,2,5,2,1,0,0,10,0,0,1,0,1,0
112,23 Nov 2025,,89656oqm5av2vdm2h26lxt2c4,Marc Bollengier,Toulouse FC,Angers Sporting Club de l'Ouest,A. Dønnum,0,0,3,14,1,3,0,0,35,0,0,0,0,0,0
112,23 Nov 2025,,89656oqm5av2vdm2h26lxt2c4,Marc Bollengier,Toulouse FC,Angers Sporting Club de l'Ouest,D. Méthalie,0,0,1,0,0,0,0,0,24,0,0,3,2,1,0
112,23 Nov 2025,,89656oqm5av2vdm2h26lxt2c4,Marc Bollengier,Toulouse FC,Angers Sporting Club de l'Ouest,A. Vossah,0,0,0,2,1,1,0,0,32,0,0,2,0,1,0
112,23 Nov 2025,,89656oqm5av2vdm2h26lxt2c4,Marc Bollengier,Toulouse FC,Angers Sporting Club de l'Ouest,Y. Gboho,0,1,1,2,1,3,0,0,41,0,0,1,0,0,0
112,23 Nov 2025,,89656oqm5av2vdm2h26lxt2c4,Marc Bollengier,Toulouse FC,Angers Sporting Club de l'Ouest,R. Messali,0,0,0,2,1,1,0,0,11,0,0,0,0,0,0
112,23 Nov 2025,,89656oqm5av2vdm2h26lxt2c4,Marc Bollengier,Toulouse FC,Angers Sporting Club de l'Ouest,D. Sidibé,0,0,0,1,0,0,0,0,19,0,0,0,0,0,0
112,23 Nov 2025,,89656oqm5av2vdm2h26lxt2c4,Marc Bollengier,Toulouse FC,Angers Sporting Club de l'Ouest,N. Edjouma,0,1,1,0,1,0,0,0,2,0,0,3,2,0,0
112,23 Nov 2025,,89656oqm5av2vdm2h26lxt2c4,Marc Bollengier,Toulouse FC,Angers Sporting Club de l'Ouest,J. Vignolo,0,0,0,0,1,0,0,0,0,0,0,0,0,0,0
112,23 Nov 2025,,89656oqm5av2vdm2h26lxt2c4,Marc Bollengier,Toulouse FC,Angers Sporting Club de l'Ouest,L. Mouton,0,1,0,0,0,0,0,0,33,0,0,2,1,3,0
112,23 Nov 2025,,89656oqm5av2vdm2h26lxt2c4,Marc Bollengier,Toulouse FC,Angers Sporting Club de l'Ouest,H. Abdelli,0,0,0,0,3,2,0,0,65,0,0,0,0,3,0
112,23 Nov 2025,,89656oqm5av2vdm2h26lxt2c4,Marc Bollengier,Toulouse FC,Angers Sporting Club de l'Ouest,J. Ekomié,0,0,0,1,1,1,0,0,23,0,0,0,0,2,1
112,23 Nov 2025,,89656oqm5av2vdm2h26lxt2c4,Marc Bollengier,Toulouse FC,Angers Sporting Club de l'Ouest,J. Lefort,0,0,0,0,0,1,0,0,61,0,0,0,0,0,0
112,23 Nov 2025,,89656oqm5av2vdm2h26lxt2c4,Marc Bollengier,Toulouse FC,Angers Sporting Club de l'Ouest,O. Camara,0,0,0,0,3,1,0,0,53,0,0,0,0,0,0
112,23 Nov 2025,,89656oqm5av2vdm2h26lxt2c4,Marc Bollengier,Toulouse FC,Angers Sporting Club de l'Ouest,L. Raolisoa,0,0,0,2,0,1,0,0,34,0,0,0,0,2,0
112,23 Nov 2025,,89656oqm5av2vdm2h26lxt2c4,Marc Bollengier,Toulouse FC,Angers Sporting Club de l'Ouest,S. Cherif,0,0,0,0,1,1,0,0,10,0,0,0,0,0,0
112,23 Nov 2025,,89656oqm5av2vdm2h26lxt2c4,Marc Bollengier,Toulouse FC,Angers Sporting Club de l'Ouest,A. Sbaï,0,0,0,2,3,1,0,1,27,0,0,1,0,2,0
112,23 Nov 2025,,89656oqm5av2vdm2h26lxt2c4,Marc Bollengier,Toulouse FC,Angers Sporting Club de l'Ouest,H. Koffi,0,0,0,0,0,0,0,0,48,0,6,0,0,0,0
112,23 Nov 2025,,89656oqm5av2vdm2h26lxt2c4,Marc Bollengier,Toulouse FC,Angers Sporting Club de l'Ouest,H. Belkebla,0,0,0,0,1,3,0,0,32,0,0,0,0,2,1
112,23 Nov 2025,,89656oqm5av2vdm2h26lxt2c4,Marc Bollengier,Toulouse FC,Angers Sporting Club de l'Ouest,Y. Belkhdim,0,0,0,2,0,2,1,0,26,0,0,3,1,7,0
112,23 Nov 2025,,89656oqm5av2vdm2h26lxt2c4,Marc Bollengier,Toulouse FC,Angers Sporting Club de l'Ouest,P. Peter,0,0,0,0,2,0,0,0,3,0,0,0,0,0,0
112,23 Nov 2025,,89656oqm5av2vdm2h26lxt2c4,Marc Bollengier,Toulouse FC,Angers Sporting Club de l'Ouest,D. Harouna,0,0,1,1,1,1,0,0,2,0,0,0,0,0,1
112,23 Nov 2025,,89656oqm5av2vdm2h26lxt2c4,Marc Bollengier,Toulouse FC,Angers Sporting Club de l'Ouest,M. Courcoul,0,0,0,0,0,0,0,0,1,0,0,0,0,0,0
112,23 Nov 2025,,89656oqm5av2vdm2h26lxt2c4,Marc Bollengier,Toulouse FC,Angers Sporting Club de l'Ouest,Florent Olivier Sylvain Hanin,0,0,0,0,0,0,0,0,0,0,0,0,0,0,0
113,23 Nov 2025,,89jasaj1ep0aadfc88obaz11w,Gaël Angoula,Stade Brestois 29,FC Metz,K. Lala,0,0,0,3,0,0,0,0,49,0,0,0,0,1,0
113,23 Nov 2025,,89jasaj1ep0aadfc88obaz11w,Gaël Angoula,Stade Brestois 29,FC Metz,R. Del Castillo,0,0,1,14,0,1,1,0,39,0,0,3,2,2,0
113,23 Nov 2025,,89jasaj1ep0aadfc88obaz11w,Gaël Angoula,Stade Brestois 29,FC Metz,B. Chardonnet,1,0,0,0,1,1,0,0,83,0,0,1,1,0,0
113,23 Nov 2025,,89jasaj1ep0aadfc88obaz11w,Gaël Angoula,Stade Brestois 29,FC Metz,K. Doumbia,0,2,2,1,1,0,1,0,37,0,0,4,2,2,1
113,23 Nov 2025,,89jasaj1ep0aadfc88obaz11w,Gaël Angoula,Stade Brestois 29,FC Metz,S. Coulibaly,0,0,0,0,1,0,0,0,94,0,0,1,0,0,1
113,23 Nov 2025,,89jasaj1ep0aadfc88obaz11w,Gaël Angoula,Stade Brestois 29,FC Metz,G. Coudert,0,0,0,0,0,0,0,0,27,0,2,0,0,0,0
113,23 Nov 2025,,89jasaj1ep0aadfc88obaz11w,Gaël Angoula,Stade Brestois 29,FC Metz,P. Mboup,0,0,0,0,3,1,1,0,22,0,0,3,1,4,0
113,23 Nov 2025,,89jasaj1ep0aadfc88obaz11w,Gaël Angoula,Stade Brestois 29,FC Metz,L. Ajorque,1,0,1,1,1,1,0,0,30,0,0,3,0,0,0
113,23 Nov 2025,,89jasaj1ep0aadfc88obaz11w,Gaël Angoula,Stade Brestois 29,FC Metz,D. Guindo,0,0,0,1,2,0,0,0,33,0,0,1,0,3,0
113,23 Nov 2025,,89jasaj1ep0aadfc88obaz11w,Gaël Angoula,Stade Brestois 29,FC Metz,H. Magnetti,0,0,1,2,0,0,0,0,49,0,0,1,1,2,0
113,23 Nov 2025,,89jasaj1ep0aadfc88obaz11w,Gaël Angoula,Stade Brestois 29,FC Metz,J. Chotard,0,0,0,1,0,1,0,0,45,0,0,3,0,1,0
113,23 Nov 2025,,89jasaj1ep0aadfc88obaz11w,Gaël Angoula,Stade Brestois 29,FC Metz,R. Labeau Lascary,0,0,0,0,1,1,0,0,4,0,0,0,0,0,0
113,23 Nov 2025,,89jasaj1ep0aadfc88obaz11w,Gaël Angoula,Stade Brestois 29,FC Metz,L. Tousart,0,0,0,0,1,1,0,0,2,0,0,0,0,0,0
113,23 Nov 2025,,89jasaj1ep0aadfc88obaz11w,Gaël Angoula,Stade Brestois 29,FC Metz,Mama Baldé,0,0,0,0,0,0,0,0,2,0,0,0,0,0,0
113,23 Nov 2025,,89jasaj1ep0aadfc88obaz11w,Gaël Angoula,Stade Brestois 29,FC Metz,G. Hein,0,1,0,3,0,1,0,0,40,0,0,3,0,0,0
113,23 Nov 2025,,89jasaj1ep0aadfc88obaz11w,Gaël Angoula,Stade Brestois 29,FC Metz,J. Gbamin,0,0,0,0,0,1,0,0,63,0,0,0,0,0,0
113,23 Nov 2025,,89jasaj1ep0aadfc88obaz11w,Gaël Angoula,Stade Brestois 29,FC Metz,J. Asoro,0,0,0,0,1,0,0,0,10,0,0,1,0,0,0
113,23 Nov 2025,,89jasaj1ep0aadfc88obaz11w,Gaël Angoula,Stade Brestois 29,FC Metz,M. Colin,0,0,1,1,1,1,0,0,35,0,0,1,1,4,0
113,23 Nov 2025,,89jasaj1ep0aadfc88obaz11w,Gaël Angoula,Stade Brestois 29,FC Metz,A. Touré,0,0,0,1,1,0,0,0,44,0,0,0,0,1,1
113,23 Nov 2025,,89jasaj1ep0aadfc88obaz11w,Gaël Angoula,Stade Brestois 29,FC Metz,J. Fischer,0,0,0,0,0,1,0,0,36,0,4,0,0,0,0
113,23 Nov 2025,,89jasaj1ep0aadfc88obaz11w,Gaël Angoula,Stade Brestois 29,FC Metz,K. Kouao,0,0,1,2,1,1,0,0,32,0,0,0,0,1,0
113,23 Nov 2025,,89jasaj1ep0aadfc88obaz11w,Gaël Angoula,Stade Brestois 29,FC Metz,T. Yegbe,1,0,0,1,1,0,0,0,59,0,0,0,0,0,0
113,23 Nov 2025,,89jasaj1ep0aadfc88obaz11w,Gaël Angoula,Stade Brestois 29,FC Metz,J. Deminguet,0,0,0,0,0,0,0,0,21,0,0,0,0,1,0
113,23 Nov 2025,,89jasaj1ep0aadfc88obaz11w,Gaël Angoula,Stade Brestois 29,FC Metz,C. Sabaly,0,0,0,1,1,2,0,0,19,0,0,1,1,0,1
113,23 Nov 2025,,89jasaj1ep0aadfc88obaz11w,Gaël Angoula,Stade Brestois 29,FC Metz,G. Tsitaishvili,0,0,0,3,0,0,1,0,14,0,0,1,1,0,0
113,23 Nov 2025,,89jasaj1ep0aadfc88obaz11w,Gaël Angoula,Stade Brestois 29,FC Metz,F. Ballo-Touré,0,0,0,0,2,1,0,0,12,0,0,0,0,0,1
113,23 Nov 2025,,89jasaj1ep0aadfc88obaz11w,Gaël Angoula,Stade Brestois 29,FC Metz,B. Traoré,0,0,0,0,0,0,0,0,8,0,0,0,0,0,0
113,23 Nov 2025,,89jasaj1ep0aadfc88obaz11w,Gaël Angoula,Stade Brestois 29,FC Metz,M. Bokele Mputu,0,0,0,0,0,0,0,0,9,0,0,0,0,1,0
113,23 Nov 2025,,89jasaj1ep0aadfc88obaz11w,Gaël Angoula,Stade Brestois 29,FC Metz,I. Sané,0,0,0,1,0,0,0,0,4,0,0,0,0,0,0
114,23 Nov 2025,,89wmzpjtz2u1jq65kkfz1hyj8,Benoît Millot,Lille OSC,Paris FC,O. Giroud,0,0,0,0,0,1,2,0,21,0,0,4,4,0,0
114,23 Nov 2025,,89wmzpjtz2u1jq65kkfz1hyj8,Benoît Millot,Lille OSC,Paris FC,H. Igamane,0,1,1,2,2,0,0,1,15,0,0,4,1,1,1
114,23 Nov 2025,,89wmzpjtz2u1jq65kkfz1hyj8,Benoît Millot,Lille OSC,Paris FC,N. Bentaleb,0,0,0,4,0,2,0,0,46,0,0,2,1,0,0
114,23 Nov 2025,,89wmzpjtz2u1jq65kkfz1hyj8,Benoît Millot,Lille OSC,Paris FC,O. Sahraoui,0,0,0,0,0,5,0,0,36,0,0,0,0,1,0
114,23 Nov 2025,,89wmzpjtz2u1jq65kkfz1hyj8,Benoît Millot,Lille OSC,Paris FC,R. Perraud,1,0,1,2,1,0,0,0,44,0,0,1,1,5,0
114,23 Nov 2025,,89wmzpjtz2u1jq65kkfz1hyj8,Benoît Millot,Lille OSC,Paris FC,A. Mandi,0,0,0,0,0,0,1,0,76,0,0,1,1,1,0
114,23 Nov 2025,,89wmzpjtz2u1jq65kkfz1hyj8,Benoît Millot,Lille OSC,Paris FC,C. Mbemba,0,0,0,0,0,2,0,0,55,0,0,1,1,0,0
114,23 Nov 2025,,89wmzpjtz2u1jq65kkfz1hyj8,Benoît Millot,Lille OSC,Paris FC,T. Meunier,0,0,1,2,0,0,0,0,46,0,0,0,0,1,0
114,23 Nov 2025,,89wmzpjtz2u1jq65kkfz1hyj8,Benoît Millot,Lille OSC,Paris FC,A. Bouaddi,0,1,2,0,2,0,0,0,38,0,0,1,0,1,0
114,23 Nov 2025,,89wmzpjtz2u1jq65kkfz1hyj8,Benoît Millot,Lille OSC,Paris FC,Félix Correia,0,1,4,10,1,0,0,0,39,0,0,1,0,0,0
114,23 Nov 2025,,89wmzpjtz2u1jq65kkfz1hyj8,Benoît Millot,Lille OSC,Paris FC,B. Özer,0,0,0,0,0,0,0,0,27,0,1,0,0,0,0
114,23 Nov 2025,,89wmzpjtz2u1jq65kkfz1hyj8,Benoît Millot,Lille OSC,Paris FC,H. Haraldsson,0,0,0,1,1,1,0,0,11,0,0,0,0,1,0
114,23 Nov 2025,,89wmzpjtz2u1jq65kkfz1hyj8,Benoît Millot,Lille OSC,Paris FC,M. Broholm,0,1,0,1,1,0,1,0,8,0,0,2,1,0,0
114,23 Nov 2025,,89wmzpjtz2u1jq65kkfz1hyj8,Benoît Millot,Lille OSC,Paris FC,N. Mukau,0,0,0,0,1,0,0,0,9,0,0,0,0,1,0
114,23 Nov 2025,,89wmzpjtz2u1jq65kkfz1hyj8,Benoît Millot,Lille OSC,Paris FC,N. Ngoy,0,0,0,0,0,0,0,0,2,0,0,0,0,0,0
114,23 Nov 2025,,89wmzpjtz2u1jq65kkfz1hyj8,Benoît Millot,Lille OSC,Paris FC,E. Mbappé,0,0,0,0,0,0,0,0,2,0,0,0,0,0,0
114,23 Nov 2025,,89wmzpjtz2u1jq65kkfz1hyj8,Benoît Millot,Lille OSC,Paris FC,W. Geubbels,0,0,2,1,2,0,1,3,12,0,0,2,1,0,0
114,23 Nov 2025,,89wmzpjtz2u1jq65kkfz1hyj8,Benoît Millot,Lille OSC,Paris FC,V. Marchetti,0,2,1,0,1,0,0,0,35,0,0,3,1,2,0
114,23 Nov 2025,,89wmzpjtz2u1jq65kkfz1hyj8,Benoît Millot,Lille OSC,Paris FC,H. Traoré,0,0,0,1,4,0,0,0,45,0,0,0,0,1,1
114,23 Nov 2025,,89wmzpjtz2u1jq65kkfz1hyj8,Benoît Millot,Lille OSC,Paris FC,I. Kebbal,0,0,0,6,0,3,0,0,51,0,0,0,0,2,0
114,23 Nov 2025,,89wmzpjtz2u1jq65kkfz1hyj8,Benoît Millot,Lille OSC,Paris FC,K. Trapp,0,0,0,0,0,0,0,0,44,0,7,0,0,0,0
114,23 Nov 2025,,89wmzpjtz2u1jq65kkfz1hyj8,Benoît Millot,Lille OSC,Paris FC,M. Mbow,0,0,0,0,1,0,0,0,48,0,0,0,0,2,0
114,23 Nov 2025,,89wmzpjtz2u1jq65kkfz1hyj8,Benoît Millot,Lille OSC,Paris FC,M. Cafaro,0,0,0,2,1,2,0,0,13,0,0,0,0,0,0
114,23 Nov 2025,,89wmzpjtz2u1jq65kkfz1hyj8,Benoît Millot,Lille OSC,Paris FC,A. Camara,0,0,0,1,1,0,0,0,32,0,0,0,0,1,0
114,23 Nov 2025,,89wmzpjtz2u1jq65kkfz1hyj8,Benoît Millot,Lille OSC,Paris FC,T. De Smet,0,0,0,1,0,1,0,0,41,0,0,0,0,1,0
114,23 Nov 2025,,89wmzpjtz2u1jq65kkfz1hyj8,Benoît Millot,Lille OSC,Paris FC,P. Lees-Melou,0,0,0,2,0,1,0,0,35,0,0,0,0,4,0
114,23 Nov 2025,,89wmzpjtz2u1jq65kkfz1hyj8,Benoît Millot,Lille OSC,Paris FC,S. Chergui,0,0,0,0,0,1,0,0,30,0,0,0,0,1,0
114,23 Nov 2025,,89wmzpjtz2u1jq65kkfz1hyj8,Benoît Millot,Lille OSC,Paris FC,T. Kolodziejczak,0,0,0,0,1,0,0,0,26,0,0,0,0,0,0
114,23 Nov 2025,,89wmzpjtz2u1jq65kkfz1hyj8,Benoît Millot,Lille OSC,Paris FC,M. Simon,0,0,0,2,0,1,0,0,9,0,0,0,0,0,0
114,23 Nov 2025,,89wmzpjtz2u1jq65kkfz1hyj8,Benoît Millot,Lille OSC,Paris FC,J. Krasso,1,0,1,0,1,0,0,0,10,0,0,0,0,0,0
114,23 Nov 2025,,89wmzpjtz2u1jq65kkfz1hyj8,Benoît Millot,Lille OSC,Paris FC,A. Gory,0,0,0,0,0,0,0,0,5,0,0,0,0,0,0
114,23 Nov 2025,,89wmzpjtz2u1jq65kkfz1hyj8,Benoît Millot,Lille OSC,Paris FC,L. Doucet,0,0,0,0,0,0,1,0,4,0,0,1,1,0,1
115,23 Nov 2025,,8a9wa7pzfck1g5z5t33z06784,Thomas Léonard,Association Jeunesse Auxerroise,Olympique Lyonnais,S. Diomandé,0,0,0,0,0,2,0,0,16,0,0,0,0,3,0
115,23 Nov 2025,,8a9wa7pzfck1g5z5t33z06784,Thomas Léonard,Association Jeunesse Auxerroise,Olympique Lyonnais,C. Akpa,0,0,0,0,0,0,0,0,21,0,0,0,0,2,0
115,23 Nov 2025,,8a9wa7pzfck1g5z5t33z06784,Thomas Léonard,Association Jeunesse Auxerroise,Olympique Lyonnais,D. Namaso,0,2,1,1,2,2,0,0,15,0,0,4,1,0,0
115,23 Nov 2025,,8a9wa7pzfck1g5z5t33z06784,Thomas Léonard,Association Jeunesse Auxerroise,Olympique Lyonnais,D. Léon,0,0,0,0,0,1,0,0,30,0,7,0,0,0,0
115,23 Nov 2025,,8a9wa7pzfck1g5z5t33z06784,Thomas Léonard,Association Jeunesse Auxerroise,Olympique Lyonnais,L. Sy,0,0,1,4,1,1,0,1,16,0,0,0,0,2,0
115,23 Nov 2025,,8a9wa7pzfck1g5z5t33z06784,Thomas Léonard,Association Jeunesse Auxerroise,Olympique Lyonnais,L. Sinayoko,0,0,2,1,0,0,0,0,24,0,0,4,3,0,0
115,23 Nov 2025,,8a9wa7pzfck1g5z5t33z06784,Thomas Léonard,Association Jeunesse Auxerroise,Olympique Lyonnais,R. Matondo,0,0,0,0,2,0,0,0,14,0,0,0,0,1,0
115,23 Nov 2025,,8a9wa7pzfck1g5z5t33z06784,Thomas Léonard,Association Jeunesse Auxerroise,Olympique Lyonnais,G. Mensah,0,0,1,3,2,2,0,0,25,0,0,0,0,2,1
115,23 Nov 2025,,8a9wa7pzfck1g5z5t33z06784,Thomas Léonard,Association Jeunesse Auxerroise,Olympique Lyonnais,S. Mara,0,1,1,0,2,2,0,1,14,0,0,3,1,0,0
115,23 Nov 2025,,8a9wa7pzfck1g5z5t33z06784,Thomas Léonard,Association Jeunesse Auxerroise,Olympique Lyonnais,O. El Azzouzi,0,0,0,0,0,0,0,0,24,0,0,0,0,2,0
115,23 Nov 2025,,8a9wa7pzfck1g5z5t33z06784,Thomas Léonard,Association Jeunesse Auxerroise,Olympique Lyonnais,K. Danois,0,0,1,6,1,0,0,0,31,0,0,0,0,0,0
115,23 Nov 2025,,8a9wa7pzfck1g5z5t33z06784,Thomas Léonard,Association Jeunesse Auxerroise,Olympique Lyonnais,J. Casimir,0,1,0,0,0,0,0,0,5,0,0,1,0,0,0
115,23 Nov 2025,,8a9wa7pzfck1g5z5t33z06784,Thomas Léonard,Association Jeunesse Auxerroise,Olympique Lyonnais,F. Oppegård,0,0,0,0,0,1,0,0,2,0,0,0,0,1,0
115,23 Nov 2025,,8a9wa7pzfck1g5z5t33z06784,Thomas Léonard,Association Jeunesse Auxerroise,Olympique Lyonnais,I. Osman,0,0,0,0,0,0,0,0,0,0,0,0,0,0,0
115,23 Nov 2025,,8a9wa7pzfck1g5z5t33z06784,Thomas Léonard,Association Jeunesse Auxerroise,Olympique Lyonnais,A. Dioussé,0,0,0,0,0,0,0,0,0,0,0,0,0,0,0
115,23 Nov 2025,,8a9wa7pzfck1g5z5t33z06784,Thomas Léonard,Association Jeunesse Auxerroise,Olympique Lyonnais,M. Satriano,0,0,2,0,2,0,0,1,12,0,0,3,3,2,0
115,23 Nov 2025,,8a9wa7pzfck1g5z5t33z06784,Thomas Léonard,Association Jeunesse Auxerroise,Olympique Lyonnais,T. Tessmann,0,0,0,0,1,0,0,0,67,0,0,3,1,2,0
115,23 Nov 2025,,8a9wa7pzfck1g5z5t33z06784,Thomas Léonard,Association Jeunesse Auxerroise,Olympique Lyonnais,C. Tolisso,0,0,0,2,2,1,0,0,65,0,0,2,0,0,1
115,23 Nov 2025,,8a9wa7pzfck1g5z5t33z06784,Thomas Léonard,Association Jeunesse Auxerroise,Olympique Lyonnais,Clinton Mata,0,0,0,0,1,3,0,0,65,0,0,0,0,3,0
115,23 Nov 2025,,8a9wa7pzfck1g5z5t33z06784,Thomas Léonard,Association Jeunesse Auxerroise,Olympique Lyonnais,A. Maitland-Niles,0,0,0,1,2,1,0,0,52,0,0,0,0,1,1
115,23 Nov 2025,,8a9wa7pzfck1g5z5t33z06784,Thomas Léonard,Association Jeunesse Auxerroise,Olympique Lyonnais,D. Greif,0,0,0,0,0,1,0,0,40,0,5,0,0,0,0
115,23 Nov 2025,,8a9wa7pzfck1g5z5t33z06784,Thomas Léonard,Association Jeunesse Auxerroise,Olympique Lyonnais,M. Niakhaté,0,1,0,0,1,0,0,0,79,0,0,1,0,1,0
115,23 Nov 2025,,8a9wa7pzfck1g5z5t33z06784,Thomas Léonard,Association Jeunesse Auxerroise,Olympique Lyonnais,Abner,0,1,2,2,1,0,0,0,39,0,0,1,0,0,0
115,23 Nov 2025,,8a9wa7pzfck1g5z5t33z06784,Thomas Léonard,Association Jeunesse Auxerroise,Olympique Lyonnais,Afonso Moreira,0,1,6,16,0,1,0,0,38,0,0,4,2,2,0
115,23 Nov 2025,,8a9wa7pzfck1g5z5t33z06784,Thomas Léonard,Association Jeunesse Auxerroise,Olympique Lyonnais,A. Karabec,0,0,1,10,0,2,0,1,28,0,0,0,0,0,0
115,23 Nov 2025,,8a9wa7pzfck1g5z5t33z06784,Thomas Léonard,Association Jeunesse Auxerroise,Olympique Lyonnais,K. Merah,0,0,0,0,1,1,0,0,20,0,0,0,0,1,1
115,23 Nov 2025,,8a9wa7pzfck1g5z5t33z06784,Thomas Léonard,Association Jeunesse Auxerroise,Olympique Lyonnais,P. Šulc,0,0,0,0,0,0,0,1,13,0,0,0,0,0,0
115,23 Nov 2025,,8a9wa7pzfck1g5z5t33z06784,Thomas Léonard,Association Jeunesse Auxerroise,Olympique Lyonnais,M. de Carvalho,0,0,0,0,0,0,0,0,28,0,0,1,1,1,0
115,23 Nov 2025,,8a9wa7pzfck1g5z5t33z06784,Thomas Léonard,Association Jeunesse Auxerroise,Olympique Lyonnais,A. Hamdani,0,1,0,1,0,0,0,0,2,0,0,1,0,0,0
116,21 Nov 2025,,8an0jlr1zf40vov8zekwbgavo,Jérémie Pignard,OGC Nice Côte d'Azur,Olympique de Marseille,J. Clauss,0,2,3,14,1,0,0,0,63,0,0,2,0,0,0
116,21 Nov 2025,,8an0jlr1zf40vov8zekwbgavo,Jérémie Pignard,OGC Nice Côte d'Azur,Olympique de Marseille,S. Diop,1,2,0,0,1,3,0,0,31,0,0,2,0,1,0
116,21 Nov 2025,,8an0jlr1zf40vov8zekwbgavo,Jérémie Pignard,OGC Nice Côte d'Azur,Olympique de Marseille,M. Bard,0,0,1,5,1,1,0,2,35,0,0,2,1,0,0
116,21 Nov 2025,,8an0jlr1zf40vov8zekwbgavo,Jérémie Pignard,OGC Nice Côte d'Azur,Olympique de Marseille,T. Moffi,0,0,2,0,1,0,0,1,9,0,0,4,4,1,0
116,21 Nov 2025,,8an0jlr1zf40vov8zekwbgavo,Jérémie Pignard,OGC Nice Côte d'Azur,Olympique de Marseille,J. Bah,0,0,0,0,0,0,0,0,71,0,0,0,0,0,0
116,21 Nov 2025,,8an0jlr1zf40vov8zekwbgavo,Jérémie Pignard,OGC Nice Côte d'Azur,Olympique de Marseille,S. Abdul Samed,0,0,0,0,4,1,0,0,41,0,0,0,0,3,0
116,21 Nov 2025,,8an0jlr1zf40vov8zekwbgavo,Jérémie Pignard,OGC Nice Côte d'Azur,Olympique de Marseille,K. Peprah Oppong,0,1,1,0,0,0,0,0,46,0,0,1,0,0,0
116,21 Nov 2025,,8an0jlr1zf40vov8zekwbgavo,Jérémie Pignard,OGC Nice Côte d'Azur,Olympique de Marseille,A. Mendy,0,0,0,2,1,1,0,0,82,0,0,1,0,0,1
116,21 Nov 2025,,8an0jlr1zf40vov8zekwbgavo,Jérémie Pignard,OGC Nice Côte d'Azur,Olympique de Marseille,M. Cho,0,0,1,3,0,3,1,0,31,0,0,2,2,0,0
116,21 Nov 2025,,8an0jlr1zf40vov8zekwbgavo,Jérémie Pignard,OGC Nice Côte d'Azur,Olympique de Marseille,C. Vanhoutte,0,0,0,2,0,0,0,0,59,0,0,0,0,2,0
116,21 Nov 2025,,8an0jlr1zf40vov8zekwbgavo,Jérémie Pignard,OGC Nice Côte d'Azur,Olympique de Marseille,Y. Diouf,0,0,0,0,0,0,0,0,20,0,6,0,0,0,0
116,21 Nov 2025,,8an0jlr1zf40vov8zekwbgavo,Jérémie Pignard,OGC Nice Côte d'Azur,Olympique de Marseille,A. Abdi,0,0,0,1,0,1,0,0,6,0,0,0,0,0,1
116,21 Nov 2025,,8an0jlr1zf40vov8zekwbgavo,Jérémie Pignard,OGC Nice Côte d'Azur,Olympique de Marseille,M. Sanson,0,0,0,0,0,0,0,0,6,0,0,0,0,0,0
116,21 Nov 2025,,8an0jlr1zf40vov8zekwbgavo,Jérémie Pignard,OGC Nice Côte d'Azur,Olympique de Marseille,J. Boga,0,0,0,0,0,0,0,0,5,0,0,1,0,1,0
116,21 Nov 2025,,8an0jlr1zf40vov8zekwbgavo,Jérémie Pignard,OGC Nice Côte d'Azur,Olympique de Marseille,I. Jansson,0,0,0,0,0,0,0,0,2,0,0,0,0,0,0
116,21 Nov 2025,,8an0jlr1zf40vov8zekwbgavo,Jérémie Pignard,OGC Nice Côte d'Azur,Olympique de Marseille,B. Nguene,0,0,0,0,0,0,0,0,0,0,0,0,0,0,0
116,21 Nov 2025,,8an0jlr1zf40vov8zekwbgavo,Jérémie Pignard,OGC Nice Côte d'Azur,Olympique de Marseille,P. Aubameyang,2,0,3,0,1,0,1,0,22,0,0,2,2,0,0
116,21 Nov 2025,,8an0jlr1zf40vov8zekwbgavo,Jérémie Pignard,OGC Nice Côte d'Azur,Olympique de Marseille,A. Vermeeren,0,0,0,1,3,0,0,0,37,0,0,0,0,3,0
116,21 Nov 2025,,8an0jlr1zf40vov8zekwbgavo,Jérémie Pignard,OGC Nice Côte d'Azur,Olympique de Marseille,B. Pavard,1,1,2,0,1,0,0,0,57,0,0,2,1,0,0
116,21 Nov 2025,,8an0jlr1zf40vov8zekwbgavo,Jérémie Pignard,OGC Nice Côte d'Azur,Olympique de Marseille,G. Kondogbia,0,0,0,0,2,1,0,0,40,0,0,0,0,1,1
116,21 Nov 2025,,8an0jlr1zf40vov8zekwbgavo,Jérémie Pignard,OGC Nice Côte d'Azur,Olympique de Marseille,L. Balerdi,1,0,0,0,0,2,0,0,63,0,0,0,0,1,0
116,21 Nov 2025,,8an0jlr1zf40vov8zekwbgavo,Jérémie Pignard,OGC Nice Côte d'Azur,Olympique de Marseille,T. Weah,0,0,0,1,0,0,1,0,28,0,0,1,1,2,0
116,21 Nov 2025,,8an0jlr1zf40vov8zekwbgavo,Jérémie Pignard,OGC Nice Côte d'Azur,Olympique de Marseille,J. de Lange,0,0,0,0,0,0,0,0,50,0,6,0,0,0,0
116,21 Nov 2025,,8an0jlr1zf40vov8zekwbgavo,Jérémie Pignard,OGC Nice Côte d'Azur,Olympique de Marseille,M. Greenwood,0,0,1,2,0,0,2,0,40,0,0,5,5,0,0
116,21 Nov 2025,,8an0jlr1zf40vov8zekwbgavo,Jérémie Pignard,OGC Nice Côte d'Azur,Olympique de Marseille,A. Gomes,0,0,0,0,2,3,0,0,24,0,0,0,0,3,0
116,21 Nov 2025,,8an0jlr1zf40vov8zekwbgavo,Jérémie Pignard,OGC Nice Côte d'Azur,Olympique de Marseille,Emerson,0,0,0,3,0,1,0,0,44,0,0,0,0,0,0
116,21 Nov 2025,,8an0jlr1zf40vov8zekwbgavo,Jérémie Pignard,OGC Nice Côte d'Azur,Olympique de Marseille,Igor Paixão,0,0,0,0,0,2,1,0,21,0,0,3,2,0,0
116,21 Nov 2025,,8an0jlr1zf40vov8zekwbgavo,Jérémie Pignard,OGC Nice Côte d'Azur,Olympique de Marseille,G. Rulli,0,0,0,0,0,0,0,0,0,0,0,0,0,0,1
116,21 Nov 2025,,8an0jlr1zf40vov8zekwbgavo,Jérémie Pignard,OGC Nice Côte d'Azur,Olympique de Marseille,M. O'Riley,0,0,0,0,0,0,0,0,11,0,0,0,0,2,0
116,21 Nov 2025,,8an0jlr1zf40vov8zekwbgavo,Jérémie Pignard,OGC Nice Côte d'Azur,Olympique de Marseille,B. Nadir,0,0,0,0,1,0,0,0,11,0,0,0,0,0,0
116,21 Nov 2025,,8an0jlr1zf40vov8zekwbgavo,Jérémie Pignard,OGC Nice Côte d'Azur,Olympique de Marseille,C. Egan-Riley,0,0,0,0,0,0,0,0,15,0,0,0,0,0,0
116,21 Nov 2025,,8an0jlr1zf40vov8zekwbgavo,Jérémie Pignard,OGC Nice Côte d'Azur,Olympique de Marseille,R. Vaz,0,0,0,0,0,0,0,1,4,0,0,0,0,0,0
116,21 Nov 2025,,8an0jlr1zf40vov8zekwbgavo,Jérémie Pignard,OGC Nice Côte d'Azur,Olympique de Marseille,N. Maupay,0,0,0,0,0,0,0,0,1,0,0,0,0,0,0
117,22 Nov 2025,,8b07eq7uasgxv9sfkgi6nocus,Mathieu Vernice,Paris Saint-Germain FC,Le Havre AC,Vitinha,0,1,0,0,0,0,0,0,59,0,0,1,0,1,0
117,22 Nov 2025,,8b07eq7uasgxv9sfkgi6nocus,Mathieu Vernice,Paris Saint-Germain FC,Le Havre AC,S. Mayulu,0,0,0,0,0,1,0,0,20,0,0,1,0,1,0
117,22 Nov 2025,,8b07eq7uasgxv9sfkgi6nocus,Mathieu Vernice,Paris Saint-Germain FC,Le Havre AC,W. Zaïre-Emery,0,0,1,1,0,1,0,0,74,0,0,0,0,4,0
117,22 Nov 2025,,8b07eq7uasgxv9sfkgi6nocus,Mathieu Vernice,Paris Saint-Germain FC,Le Havre AC,João Neves,0,1,0,0,1,1,1,0,55,0,0,3,1,3,0
117,22 Nov 2025,,8b07eq7uasgxv9sfkgi6nocus,Mathieu Vernice,Paris Saint-Germain FC,Le Havre AC,I. Zabarnyi,0,0,0,0,0,0,0,0,65,0,0,0,0,1,0
117,22 Nov 2025,,8b07eq7uasgxv9sfkgi6nocus,Mathieu Vernice,Paris Saint-Germain FC,Le Havre AC,Beraldo,0,0,0,0,1,0,0,0,35,0,0,0,0,0,0
117,22 Nov 2025,,8b07eq7uasgxv9sfkgi6nocus,Mathieu Vernice,Paris Saint-Germain FC,Le Havre AC,Nuno Mendes,1,0,1,2,1,2,0,0,80,0,0,2,1,2,1
117,22 Nov 2025,,8b07eq7uasgxv9sfkgi6nocus,Mathieu Vernice,Paris Saint-Germain FC,Le Havre AC,Lee Kang-In,0,0,0,4,0,0,1,0,36,0,0,2,2,1,0
117,22 Nov 2025,,8b07eq7uasgxv9sfkgi6nocus,Mathieu Vernice,Paris Saint-Germain FC,Le Havre AC,I. Mbaye,0,0,1,1,1,1,0,0,46,0,0,5,2,1,0
117,22 Nov 2025,,8b07eq7uasgxv9sfkgi6nocus,Mathieu Vernice,Paris Saint-Germain FC,Le Havre AC,Gonçalo Ramos,0,1,0,0,2,1,0,2,15,0,0,6,2,2,0
117,22 Nov 2025,,8b07eq7uasgxv9sfkgi6nocus,Mathieu Vernice,Paris Saint-Germain FC,Le Havre AC,L. Chevalier,0,0,0,0,0,0,0,0,32,0,3,0,0,0,0
117,22 Nov 2025,,8b07eq7uasgxv9sfkgi6nocus,Mathieu Vernice,Paris Saint-Germain FC,Le Havre AC,B. Barcola,0,1,0,1,1,0,1,1,17,0,0,4,2,0,0
117,22 Nov 2025,,8b07eq7uasgxv9sfkgi6nocus,Mathieu Vernice,Paris Saint-Germain FC,Le Havre AC,L. Hernández,0,0,0,0,1,0,0,0,17,0,0,0,0,1,0
117,22 Nov 2025,,8b07eq7uasgxv9sfkgi6nocus,Mathieu Vernice,Paris Saint-Germain FC,Le Havre AC,Q. Ndjantou,0,1,0,0,1,1,0,0,16,0,0,2,0,1,1
117,22 Nov 2025,,8b07eq7uasgxv9sfkgi6nocus,Mathieu Vernice,Paris Saint-Germain FC,Le Havre AC,Fabián Ruiz,0,0,0,0,0,0,0,0,21,0,0,0,0,0,0
117,22 Nov 2025,,8b07eq7uasgxv9sfkgi6nocus,Mathieu Vernice,Paris Saint-Germain FC,Le Havre AC,K. Kvaratskhelia,1,2,3,5,1,0,0,0,11,0,0,5,1,0,0
117,22 Nov 2025,,8b07eq7uasgxv9sfkgi6nocus,Mathieu Vernice,Paris Saint-Germain FC,Le Havre AC,M. Diaw,0,0,0,0,0,0,0,0,37,0,8,0,0,0,0
117,22 Nov 2025,,8b07eq7uasgxv9sfkgi6nocus,Mathieu Vernice,Paris Saint-Germain FC,Le Havre AC,Y. Zouaoui,0,0,1,7,0,1,0,0,31,0,0,1,1,0,0
117,22 Nov 2025,,8b07eq7uasgxv9sfkgi6nocus,Mathieu Vernice,Paris Saint-Germain FC,Le Havre AC,R. Ndiaye,0,0,1,2,1,0,0,0,21,0,0,1,0,4,0
117,22 Nov 2025,,8b07eq7uasgxv9sfkgi6nocus,Mathieu Vernice,Paris Saint-Germain FC,Le Havre AC,Y. Kechta,0,1,1,0,1,1,0,2,28,0,0,3,2,3,0
117,22 Nov 2025,,8b07eq7uasgxv9sfkgi6nocus,Mathieu Vernice,Paris Saint-Germain FC,Le Havre AC,G. Lloris,0,0,0,0,0,0,0,0,26,0,0,0,0,3,0
117,22 Nov 2025,,8b07eq7uasgxv9sfkgi6nocus,Mathieu Vernice,Paris Saint-Germain FC,Le Havre AC,A. Seko,0,0,0,0,0,2,0,0,30,0,0,1,0,2,0
117,22 Nov 2025,,8b07eq7uasgxv9sfkgi6nocus,Mathieu Vernice,Paris Saint-Germain FC,Le Havre AC,A. Touré,0,0,0,0,1,2,0,0,17,0,0,1,0,1,1
117,22 Nov 2025,,8b07eq7uasgxv9sfkgi6nocus,Mathieu Vernice,Paris Saint-Germain FC,Le Havre AC,L. Nego,0,0,0,1,1,0,0,0,18,0,0,0,0,2,0
117,22 Nov 2025,,8b07eq7uasgxv9sfkgi6nocus,Mathieu Vernice,Paris Saint-Germain FC,Le Havre AC,I. Soumaré,0,1,1,1,3,2,0,1,28,0,0,3,0,2,0
117,22 Nov 2025,,8b07eq7uasgxv9sfkgi6nocus,Mathieu Vernice,Paris Saint-Germain FC,Le Havre AC,S. Ebonog,0,0,0,0,0,1,0,0,19,0,0,1,1,4,0
117,22 Nov 2025,,8b07eq7uasgxv9sfkgi6nocus,Mathieu Vernice,Paris Saint-Germain FC,Le Havre AC,A. Sangante,0,0,0,0,0,0,0,0,37,0,0,0,0,1,0
117,22 Nov 2025,,8b07eq7uasgxv9sfkgi6nocus,Mathieu Vernice,Paris Saint-Germain FC,Le Havre AC,R. Khadra,0,0,0,1,1,0,0,0,4,0,0,0,0,1,0
117,22 Nov 2025,,8b07eq7uasgxv9sfkgi6nocus,Mathieu Vernice,Paris Saint-Germain FC,Le Havre AC,F. Doucouré,0,0,0,0,0,0,0,0,5,0,0,0,0,1,0
117,22 Nov 2025,,8b07eq7uasgxv9sfkgi6nocus,Mathieu Vernice,Paris Saint-Germain FC,Le Havre AC,Y. Namli,0,0,0,0,0,1,0,0,5,0,0,0,0,0,0
117,22 Nov 2025,,8b07eq7uasgxv9sfkgi6nocus,Mathieu Vernice,Paris Saint-Germain FC,Le Havre AC,F. Mambimbi,0,0,0,0,0,0,0,0,7,0,0,1,0,1,0
76,26 Oct 2025,,7vkdtkvofryd4gn1uu4gq4t1w,Marc Bollengier,Stade Rennais FC,OGC Nice Côte d'Azur,E. Lepaul,0,0,0,0,0,1,0,0,7,0,0,1,0,1,0
76,26 Oct 2025,,7vkdtkvofryd4gn1uu4gq4t1w,Marc Bollengier,Stade Rennais FC,OGC Nice Côte d'Azur,M. Camara,0,0,0,0,1,1,0,0,34,0,0,1,0,1,1
76,26 Oct 2025,,7vkdtkvofryd4gn1uu4gq4t1w,Marc Bollengier,Stade Rennais FC,OGC Nice Côte d'Azur,A. Seidu,0,0,1,1,1,1,0,0,31,0,0,0,0,1,0
76,26 Oct 2025,,7vkdtkvofryd4gn1uu4gq4t1w,Marc Bollengier,Stade Rennais FC,OGC Nice Côte d'Azur,J. Jacquet,0,0,0,0,0,0,0,1,62,0,0,2,1,1,0
76,26 Oct 2025,,7vkdtkvofryd4gn1uu4gq4t1w,Marc Bollengier,Stade Rennais FC,OGC Nice Côte d'Azur,L. Brassier,0,0,0,1,2,1,0,0,67,0,0,0,0,1,0
76,26 Oct 2025,,7vkdtkvofryd4gn1uu4gq4t1w,Marc Bollengier,Stade Rennais FC,OGC Nice Côte d'Azur,Q. Merlin,0,0,0,2,0,3,0,0,40,0,0,0,0,0,0
76,26 Oct 2025,,7vkdtkvofryd4gn1uu4gq4t1w,Marc Bollengier,Stade Rennais FC,OGC Nice Côte d'Azur,B. Samba,0,0,0,0,0,1,0,0,33,0,1,0,0,0,1
76,26 Oct 2025,,7vkdtkvofryd4gn1uu4gq4t1w,Marc Bollengier,Stade Rennais FC,OGC Nice Côte d'Azur,B. Embolo,0,0,1,1,2,6,0,0,15,0,0,2,1,2,1
76,26 Oct 2025,,7vkdtkvofryd4gn1uu4gq4t1w,Marc Bollengier,Stade Rennais FC,OGC Nice Côte d'Azur,V. Rongier,0,1,1,1,1,0,0,0,62,0,0,2,1,1,0
76,26 Oct 2025,,7vkdtkvofryd4gn1uu4gq4t1w,Marc Bollengier,Stade Rennais FC,OGC Nice Côte d'Azur,S. Fofana,0,0,1,2,0,1,0,0,31,0,0,0,0,0,0
76,26 Oct 2025,,7vkdtkvofryd4gn1uu4gq4t1w,Marc Bollengier,Stade Rennais FC,OGC Nice Côte d'Azur,L. Blas,0,2,0,5,3,1,0,1,23,0,0,3,1,0,0
76,26 Oct 2025,,7vkdtkvofryd4gn1uu4gq4t1w,Marc Bollengier,Stade Rennais FC,OGC Nice Côte d'Azur,P. Frankowski,1,0,0,11,2,1,0,0,12,0,0,0,0,2,1
76,26 Oct 2025,,7vkdtkvofryd4gn1uu4gq4t1w,Marc Bollengier,Stade Rennais FC,OGC Nice Côte d'Azur,Mousa Tamari,0,0,2,6,0,2,0,0,18,0,0,0,0,1,0
76,26 Oct 2025,,7vkdtkvofryd4gn1uu4gq4t1w,Marc Bollengier,Stade Rennais FC,OGC Nice Côte d'Azur,D. Cissé,0,1,0,1,1,1,0,0,26,0,0,4,2,1,1
76,26 Oct 2025,,7vkdtkvofryd4gn1uu4gq4t1w,Marc Bollengier,Stade Rennais FC,OGC Nice Côte d'Azur,A. Aït Boudlal,0,0,1,1,0,0,1,0,14,0,0,1,1,0,0
76,26 Oct 2025,,7vkdtkvofryd4gn1uu4gq4t1w,Marc Bollengier,Stade Rennais FC,OGC Nice Côte d'Azur,M. Meïté,0,3,0,0,0,1,0,1,5,0,0,3,0,1,0
76,26 Oct 2025,,7vkdtkvofryd4gn1uu4gq4t1w,Marc Bollengier,Stade Rennais FC,OGC Nice Côte d'Azur,A. Abdi,0,0,0,2,1,3,0,0,18,0,0,0,0,1,0
76,26 Oct 2025,,7vkdtkvofryd4gn1uu4gq4t1w,Marc Bollengier,Stade Rennais FC,OGC Nice Côte d'Azur,C. Vanhoutte,0,0,2,1,3,0,0,0,43,0,0,0,0,2,1
76,26 Oct 2025,,7vkdtkvofryd4gn1uu4gq4t1w,Marc Bollengier,Stade Rennais FC,OGC Nice Côte d'Azur,J. Boga,1,2,0,0,2,1,0,0,18,0,0,3,1,0,0
76,26 Oct 2025,,7vkdtkvofryd4gn1uu4gq4t1w,Marc Bollengier,Stade Rennais FC,OGC Nice Côte d'Azur,Kevin Carlos,0,0,0,0,2,0,0,1,13,0,0,0,0,0,0
76,26 Oct 2025,,7vkdtkvofryd4gn1uu4gq4t1w,Marc Bollengier,Stade Rennais FC,OGC Nice Côte d'Azur,J. Clauss,1,0,0,5,1,0,1,0,25,0,0,1,1,2,0
76,26 Oct 2025,,7vkdtkvofryd4gn1uu4gq4t1w,Marc Bollengier,Stade Rennais FC,OGC Nice Côte d'Azur,M. Bard,0,0,0,0,0,2,0,0,42,0,0,0,0,2,0
76,26 Oct 2025,,7vkdtkvofryd4gn1uu4gq4t1w,Marc Bollengier,Stade Rennais FC,OGC Nice Côte d'Azur,A. Mendy,0,0,0,0,4,0,0,0,46,0,0,1,0,4,0
76,26 Oct 2025,,7vkdtkvofryd4gn1uu4gq4t1w,Marc Bollengier,Stade Rennais FC,OGC Nice Côte d'Azur,S. Abdul Samed,0,0,0,0,0,0,0,0,27,0,0,0,0,1,0
76,26 Oct 2025,,7vkdtkvofryd4gn1uu4gq4t1w,Marc Bollengier,Stade Rennais FC,OGC Nice Côte d'Azur,Y. Diouf,0,0,0,0,0,0,0,0,29,0,6,0,0,0,0
76,26 Oct 2025,,7vkdtkvofryd4gn1uu4gq4t1w,Marc Bollengier,Stade Rennais FC,OGC Nice Côte d'Azur,S. Diop,0,0,1,1,1,2,1,0,23,0,0,3,1,0,0
76,26 Oct 2025,,7vkdtkvofryd4gn1uu4gq4t1w,Marc Bollengier,Stade Rennais FC,OGC Nice Côte d'Azur,K. Peprah Oppong,0,0,0,0,3,0,0,0,44,0,0,0,0,0,0
76,26 Oct 2025,,7vkdtkvofryd4gn1uu4gq4t1w,Marc Bollengier,Stade Rennais FC,OGC Nice Côte d'Azur,T. Louchet,0,0,0,3,2,1,0,0,11,0,0,0,0,0,1
76,26 Oct 2025,,7vkdtkvofryd4gn1uu4gq4t1w,Marc Bollengier,Stade Rennais FC,OGC Nice Côte d'Azur,B. Nguene,0,0,0,0,1,1,0,1,4,0,0,0,0,1,0
76,26 Oct 2025,,7vkdtkvofryd4gn1uu4gq4t1w,Marc Bollengier,Stade Rennais FC,OGC Nice Côte d'Azur,J. Bah,0,0,0,0,2,1,0,0,1,0,0,0,0,0,0
76,26 Oct 2025,,7vkdtkvofryd4gn1uu4gq4t1w,Marc Bollengier,Stade Rennais FC,OGC Nice Côte d'Azur,Tiago Gouveia,0,0,0,0,0,1,0,0,3,0,0,0,0,0,0
76,26 Oct 2025,,7vkdtkvofryd4gn1uu4gq4t1w,Marc Bollengier,Stade Rennais FC,OGC Nice Côte d'Azur,M. Sanson,0,0,0,0,0,0,0,0,2,0,0,0,0,1,0
77,26 Oct 2025,,7vxtdk1qltv5nokw7qo9kk9p0,Hakim Ben El Hadj Salem,Association Jeunesse Auxerroise,Le Havre AC,S. Mara,0,0,0,0,3,1,0,0,8,0,0,0,0,0,0
77,26 Oct 2025,,7vxtdk1qltv5nokw7qo9kk9p0,Hakim Ben El Hadj Salem,Association Jeunesse Auxerroise,Le Havre AC,C. Akpa,0,0,2,13,0,3,0,0,32,0,0,0,0,0,0
77,26 Oct 2025,,7vxtdk1qltv5nokw7qo9kk9p0,Hakim Ben El Hadj Salem,Association Jeunesse Auxerroise,Le Havre AC,M. Senaya,0,0,0,2,0,2,0,0,24,0,0,0,0,1,0
77,26 Oct 2025,,7vxtdk1qltv5nokw7qo9kk9p0,Hakim Ben El Hadj Salem,Association Jeunesse Auxerroise,Le Havre AC,O. El Azzouzi,0,1,1,0,5,1,0,0,47,0,0,1,0,0,0
77,26 Oct 2025,,7vxtdk1qltv5nokw7qo9kk9p0,Hakim Ben El Hadj Salem,Association Jeunesse Auxerroise,Le Havre AC,J. Casimir,0,0,1,2,2,1,0,0,25,0,0,1,1,0,0
77,26 Oct 2025,,7vxtdk1qltv5nokw7qo9kk9p0,Hakim Ben El Hadj Salem,Association Jeunesse Auxerroise,Le Havre AC,D. Léon,0,0,0,0,0,0,0,0,19,0,3,0,0,0,0
77,26 Oct 2025,,7vxtdk1qltv5nokw7qo9kk9p0,Hakim Ben El Hadj Salem,Association Jeunesse Auxerroise,Le Havre AC,F. Sierralta,0,0,0,0,1,0,0,0,31,0,0,1,0,3,0
77,26 Oct 2025,,7vxtdk1qltv5nokw7qo9kk9p0,Hakim Ben El Hadj Salem,Association Jeunesse Auxerroise,Le Havre AC,L. Sinayoko,0,1,3,1,2,0,0,0,18,0,0,1,0,0,1
77,26 Oct 2025,,7vxtdk1qltv5nokw7qo9kk9p0,Hakim Ben El Hadj Salem,Association Jeunesse Auxerroise,Le Havre AC,G. Mensah,0,0,1,4,4,0,0,0,49,0,0,0,0,1,0
77,26 Oct 2025,,7vxtdk1qltv5nokw7qo9kk9p0,Hakim Ben El Hadj Salem,Association Jeunesse Auxerroise,Le Havre AC,D. Namaso,0,2,2,1,1,2,0,0,20,0,0,6,2,0,1
77,26 Oct 2025,,7vxtdk1qltv5nokw7qo9kk9p0,Hakim Ben El Hadj Salem,Association Jeunesse Auxerroise,Le Havre AC,E. Owusu,0,0,0,0,1,0,0,0,11,0,0,0,0,0,0
77,26 Oct 2025,,7vxtdk1qltv5nokw7qo9kk9p0,Hakim Ben El Hadj Salem,Association Jeunesse Auxerroise,Le Havre AC,A. Dioussé,0,1,0,2,1,1,0,0,32,0,0,1,0,1,0
77,26 Oct 2025,,7vxtdk1qltv5nokw7qo9kk9p0,Hakim Ben El Hadj Salem,Association Jeunesse Auxerroise,Le Havre AC,L. Coulibaly,0,1,2,6,1,1,0,0,6,0,0,1,0,1,0
77,26 Oct 2025,,7vxtdk1qltv5nokw7qo9kk9p0,Hakim Ben El Hadj Salem,Association Jeunesse Auxerroise,Le Havre AC,R. Matondo,0,1,1,0,0,0,0,0,13,0,0,1,0,0,0
77,26 Oct 2025,,7vxtdk1qltv5nokw7qo9kk9p0,Hakim Ben El Hadj Salem,Association Jeunesse Auxerroise,Le Havre AC,I. Osman,0,0,0,0,0,0,0,0,5,0,0,1,0,1,0
77,26 Oct 2025,,7vxtdk1qltv5nokw7qo9kk9p0,Hakim Ben El Hadj Salem,Association Jeunesse Auxerroise,Le Havre AC,F. Oppegård,0,0,0,2,0,0,0,0,1,0,0,0,0,0,0
77,26 Oct 2025,,7vxtdk1qltv5nokw7qo9kk9p0,Hakim Ben El Hadj Salem,Association Jeunesse Auxerroise,Le Havre AC,A. Sangante,0,0,0,0,1,3,0,0,61,0,0,1,0,1,1
77,26 Oct 2025,,7vxtdk1qltv5nokw7qo9kk9p0,Hakim Ben El Hadj Salem,Association Jeunesse Auxerroise,Le Havre AC,I. Soumaré,0,0,1,2,1,2,0,0,11,0,0,0,0,1,0
77,26 Oct 2025,,7vxtdk1qltv5nokw7qo9kk9p0,Hakim Ben El Hadj Salem,Association Jeunesse Auxerroise,Le Havre AC,L. Nego,0,0,0,2,0,0,0,0,29,0,0,0,0,2,0
77,26 Oct 2025,,7vxtdk1qltv5nokw7qo9kk9p0,Hakim Ben El Hadj Salem,Association Jeunesse Auxerroise,Le Havre AC,Y. Zouaoui,0,0,0,6,0,2,0,0,40,0,0,0,0,3,0
77,26 Oct 2025,,7vxtdk1qltv5nokw7qo9kk9p0,Hakim Ben El Hadj Salem,Association Jeunesse Auxerroise,Le Havre AC,M. Diaw,0,0,0,0,0,0,0,0,39,0,3,0,0,0,0
77,26 Oct 2025,,7vxtdk1qltv5nokw7qo9kk9p0,Hakim Ben El Hadj Salem,Association Jeunesse Auxerroise,Le Havre AC,É. Youté,0,0,0,0,1,1,0,0,63,0,0,0,0,3,1
77,26 Oct 2025,,7vxtdk1qltv5nokw7qo9kk9p0,Hakim Ben El Hadj Salem,Association Jeunesse Auxerroise,Le Havre AC,R. Ndiaye,0,0,1,2,0,3,0,0,13,0,0,2,1,0,0
77,26 Oct 2025,,7vxtdk1qltv5nokw7qo9kk9p0,Hakim Ben El Hadj Salem,Association Jeunesse Auxerroise,Le Havre AC,A. Touré,0,1,0,1,2,3,1,0,20,0,0,3,2,1,0
77,26 Oct 2025,,7vxtdk1qltv5nokw7qo9kk9p0,Hakim Ben El Hadj Salem,Association Jeunesse Auxerroise,Le Havre AC,M. Samatta,0,0,2,0,1,0,0,1,10,0,0,2,1,0,0
77,26 Oct 2025,,7vxtdk1qltv5nokw7qo9kk9p0,Hakim Ben El Hadj Salem,Association Jeunesse Auxerroise,Le Havre AC,Y. Kechta,0,0,0,0,2,2,0,0,24,0,0,0,0,2,0
77,26 Oct 2025,,7vxtdk1qltv5nokw7qo9kk9p0,Hakim Ben El Hadj Salem,Association Jeunesse Auxerroise,Le Havre AC,A. Seko,0,0,0,0,1,2,0,0,27,0,0,1,0,4,0
77,26 Oct 2025,,7vxtdk1qltv5nokw7qo9kk9p0,Hakim Ben El Hadj Salem,Association Jeunesse Auxerroise,Le Havre AC,Y. Namli,0,0,1,1,2,0,0,0,8,0,0,0,0,0,0
77,26 Oct 2025,,7vxtdk1qltv5nokw7qo9kk9p0,Hakim Ben El Hadj Salem,Association Jeunesse Auxerroise,Le Havre AC,S. Ebonog,0,0,0,0,1,0,0,0,2,0,0,0,0,0,0
77,26 Oct 2025,,7vxtdk1qltv5nokw7qo9kk9p0,Hakim Ben El Hadj Salem,Association Jeunesse Auxerroise,Le Havre AC,F. Doucouré,0,0,0,0,0,0,0,1,2,0,0,0,0,1,0
77,26 Oct 2025,,7vxtdk1qltv5nokw7qo9kk9p0,Hakim Ben El Hadj Salem,Association Jeunesse Auxerroise,Le Havre AC,T. Delaine,0,0,0,0,0,0,0,0,0,0,0,0,0,0,1
78,26 Oct 2025,,7wb6zzjgh7wp418sn45p6q87o,Benoît Millot,Lille OSC,FC Metz,T. Meunier,0,0,1,1,2,0,0,1,46,0,0,0,0,2,0
78,26 Oct 2025,,7wb6zzjgh7wp418sn45p6q87o,Benoît Millot,Lille OSC,FC Metz,H. Igamane,0,0,0,1,0,0,1,0,22,0,0,3,2,3,0
78,26 Oct 2025,,7wb6zzjgh7wp418sn45p6q87o,Benoît Millot,Lille OSC,FC Metz,Félix Correia,1,0,1,2,0,2,2,0,51,0,0,2,2,1,0
78,26 Oct 2025,,7wb6zzjgh7wp418sn45p6q87o,Benoît Millot,Lille OSC,FC Metz,A. Mandi,0,0,0,0,2,0,0,0,55,0,0,0,0,1,1
78,26 Oct 2025,,7wb6zzjgh7wp418sn45p6q87o,Benoît Millot,Lille OSC,FC Metz,B. Özer,0,0,0,0,0,0,0,0,27,0,3,0,0,0,0
78,26 Oct 2025,,7wb6zzjgh7wp418sn45p6q87o,Benoît Millot,Lille OSC,FC Metz,B. André,0,0,0,0,0,2,1,0,59,0,0,2,1,1,0
78,26 Oct 2025,,7wb6zzjgh7wp418sn45p6q87o,Benoît Millot,Lille OSC,FC Metz,Matías Fernández,2,2,1,1,0,1,0,0,21,0,0,4,2,1,0
78,26 Oct 2025,,7wb6zzjgh7wp418sn45p6q87o,Benoît Millot,Lille OSC,FC Metz,R. Perraud,0,0,1,4,0,2,1,0,50,0,0,2,1,4,0
78,26 Oct 2025,,7wb6zzjgh7wp418sn45p6q87o,Benoît Millot,Lille OSC,FC Metz,A. Bouaddi,0,0,0,0,3,0,0,0,29,0,0,0,0,1,1
78,26 Oct 2025,,7wb6zzjgh7wp418sn45p6q87o,Benoît Millot,Lille OSC,FC Metz,C. Mbemba,0,1,1,0,3,0,0,0,55,0,0,2,0,1,0
78,26 Oct 2025,,7wb6zzjgh7wp418sn45p6q87o,Benoît Millot,Lille OSC,FC Metz,H. Haraldsson,1,0,2,6,3,1,1,0,47,0,0,3,1,0,1
78,26 Oct 2025,,7wb6zzjgh7wp418sn45p6q87o,Benoît Millot,Lille OSC,FC Metz,N. Mukau,0,0,0,0,1,1,0,0,27,0,0,0,0,1,0
78,26 Oct 2025,,7wb6zzjgh7wp418sn45p6q87o,Benoît Millot,Lille OSC,FC Metz,N. Ngoy,0,0,0,0,0,0,0,0,9,0,0,0,0,1,0
78,26 Oct 2025,,7wb6zzjgh7wp418sn45p6q87o,Benoît Millot,Lille OSC,FC Metz,N. Bentaleb,0,0,0,1,1,0,0,0,28,0,0,1,0,1,0
78,26 Oct 2025,,7wb6zzjgh7wp418sn45p6q87o,Benoît Millot,Lille OSC,FC Metz,O. Sahraoui,0,0,0,0,2,2,0,0,17,0,0,1,1,0,0
78,26 Oct 2025,,7wb6zzjgh7wp418sn45p6q87o,Benoît Millot,Lille OSC,FC Metz,M. Broholm,0,0,0,1,0,0,0,0,5,0,0,2,2,2,0
78,26 Oct 2025,,7wb6zzjgh7wp418sn45p6q87o,Benoît Millot,Lille OSC,FC Metz,S. Diaoune,1,0,0,0,1,0,0,0,4,0,0,1,0,0,0
78,26 Oct 2025,,7wb6zzjgh7wp418sn45p6q87o,Benoît Millot,Lille OSC,FC Metz,C. Sabaly,0,0,1,2,1,2,0,0,18,0,0,2,1,1,0
78,26 Oct 2025,,7wb6zzjgh7wp418sn45p6q87o,Benoît Millot,Lille OSC,FC Metz,J. Gbamin,0,0,0,0,1,0,0,0,38,0,0,0,0,1,0
78,26 Oct 2025,,7wb6zzjgh7wp418sn45p6q87o,Benoît Millot,Lille OSC,FC Metz,J. Deminguet,0,0,0,0,3,1,0,0,28,0,0,1,0,1,1
78,26 Oct 2025,,7wb6zzjgh7wp418sn45p6q87o,Benoît Millot,Lille OSC,FC Metz,T. Yegbe,0,0,0,1,0,1,0,0,37,0,0,0,0,1,0
78,26 Oct 2025,,7wb6zzjgh7wp418sn45p6q87o,Benoît Millot,Lille OSC,FC Metz,P. Sy,0,0,0,0,0,1,0,0,27,0,4,0,0,0,0
78,26 Oct 2025,,7wb6zzjgh7wp418sn45p6q87o,Benoît Millot,Lille OSC,FC Metz,B. Stambouli,0,0,0,0,0,4,0,0,40,0,0,1,0,1,0
78,26 Oct 2025,,7wb6zzjgh7wp418sn45p6q87o,Benoît Millot,Lille OSC,FC Metz,H. Diallo,1,0,0,0,0,3,0,0,20,0,0,0,0,1,0
78,26 Oct 2025,,7wb6zzjgh7wp418sn45p6q87o,Benoît Millot,Lille OSC,FC Metz,G. Tsitaishvili,0,0,1,7,1,2,0,0,20,0,0,2,0,0,0
78,26 Oct 2025,,7wb6zzjgh7wp418sn45p6q87o,Benoît Millot,Lille OSC,FC Metz,G. Abuashvili,0,0,3,5,0,0,0,0,10,0,0,1,1,1,0
78,26 Oct 2025,,7wb6zzjgh7wp418sn45p6q87o,Benoît Millot,Lille OSC,FC Metz,A. Touré,0,1,0,0,4,1,0,0,15,0,0,1,0,0,0
78,26 Oct 2025,,7wb6zzjgh7wp418sn45p6q87o,Benoît Millot,Lille OSC,FC Metz,K. Kouao,0,0,2,4,0,0,0,0,11,0,0,0,0,2,0
78,26 Oct 2025,,7wb6zzjgh7wp418sn45p6q87o,Benoît Millot,Lille OSC,FC Metz,C. Mélières,0,0,0,3,1,0,0,0,12,0,0,0,0,0,1
78,26 Oct 2025,,7wb6zzjgh7wp418sn45p6q87o,Benoît Millot,Lille OSC,FC Metz,M. Bokele Mputu,0,0,0,1,0,1,0,0,9,0,0,1,1,0,0
78,26 Oct 2025,,7wb6zzjgh7wp418sn45p6q87o,Benoît Millot,Lille OSC,FC Metz,G. Hein,0,0,1,3,0,0,0,0,20,0,0,0,0,0,0
78,26 Oct 2025,,7wb6zzjgh7wp418sn45p6q87o,Benoît Millot,Lille OSC,FC Metz,Jonathan Frost Fischer,0,0,0,0,0,0,0,0,2,0,2,0,0,0,0
78,26 Oct 2025,,7wb6zzjgh7wp418sn45p6q87o,Benoît Millot,Lille OSC,FC Metz,I. Guerti,0,0,0,0,0,0,0,0,6,0,0,0,0,0,0
78,26 Oct 2025,,7wb6zzjgh7wp418sn45p6q87o,Benoît Millot,Lille OSC,FC Metz,I. Sané,0,0,0,2,1,2,1,0,4,0,0,1,1,0,0
79,24 Oct 2025,,7woilg11mdjafmd9g8zm53aqc,Ruddy Buquet,Paris FC,FC Nantes,M. Mbow,0,0,0,0,1,1,0,0,69,0,0,1,0,0,0
79,24 Oct 2025,,7woilg11mdjafmd9g8zm53aqc,Ruddy Buquet,Paris FC,FC Nantes,V. Marchetti,0,1,0,0,0,0,0,1,24,0,0,1,0,1,0
79,24 Oct 2025,,7woilg11mdjafmd9g8zm53aqc,Ruddy Buquet,Paris FC,FC Nantes,H. Traoré,0,0,0,1,1,0,0,0,28,0,0,0,0,3,1
79,24 Oct 2025,,7woilg11mdjafmd9g8zm53aqc,Ruddy Buquet,Paris FC,FC Nantes,P. Lees-Melou,1,0,0,0,0,3,0,0,54,0,0,2,1,0,0
79,24 Oct 2025,,7woilg11mdjafmd9g8zm53aqc,Ruddy Buquet,Paris FC,FC Nantes,J. Krasso,0,0,0,0,0,1,0,2,13,0,0,0,0,1,0
79,24 Oct 2025,,7woilg11mdjafmd9g8zm53aqc,Ruddy Buquet,Paris FC,FC Nantes,T. De Smet,0,0,1,5,1,0,0,0,37,0,0,0,0,2,1
79,24 Oct 2025,,7woilg11mdjafmd9g8zm53aqc,Ruddy Buquet,Paris FC,FC Nantes,Obed Alpha Nkambadio,0,0,0,0,0,0,0,0,38,0,1,0,0,0,0
79,24 Oct 2025,,7woilg11mdjafmd9g8zm53aqc,Ruddy Buquet,Paris FC,FC Nantes,M. Lopez,0,0,0,5,1,0,0,0,90,0,0,0,0,1,1
79,24 Oct 2025,,7woilg11mdjafmd9g8zm53aqc,Ruddy Buquet,Paris FC,FC Nantes,I. Kebbal,0,2,1,5,0,2,0,0,66,0,0,5,1,1,0
79,24 Oct 2025,,7woilg11mdjafmd9g8zm53aqc,Ruddy Buquet,Paris FC,FC Nantes,M. Simon,0,1,4,10,1,0,0,1,16,0,0,2,0,1,0
79,24 Oct 2025,,7woilg11mdjafmd9g8zm53aqc,Ruddy Buquet,Paris FC,FC Nantes,S. Chergui,0,0,1,2,3,0,1,1,53,0,0,2,1,2,0
79,24 Oct 2025,,7woilg11mdjafmd9g8zm53aqc,Ruddy Buquet,Paris FC,FC Nantes,Otávio,0,0,1,0,1,2,0,0,44,0,0,1,0,3,0
79,24 Oct 2025,,7woilg11mdjafmd9g8zm53aqc,Ruddy Buquet,Paris FC,FC Nantes,J. Ikoné,0,0,0,0,0,0,0,1,6,0,0,0,0,2,0
79,24 Oct 2025,,7woilg11mdjafmd9g8zm53aqc,Ruddy Buquet,Paris FC,FC Nantes,W. Geubbels,0,0,0,1,0,0,0,0,4,0,0,0,0,0,0
79,24 Oct 2025,,7woilg11mdjafmd9g8zm53aqc,Ruddy Buquet,Paris FC,FC Nantes,A. Gory,0,0,0,1,0,1,0,1,6,0,0,0,0,1,0
79,24 Oct 2025,,7woilg11mdjafmd9g8zm53aqc,Ruddy Buquet,Paris FC,FC Nantes,N. Dicko,0,0,0,1,1,1,0,2,0,0,0,0,0,0,0
79,24 Oct 2025,,7woilg11mdjafmd9g8zm53aqc,Ruddy Buquet,Paris FC,FC Nantes,Y. El-Arabi,0,0,0,0,1,2,1,0,17,0,0,1,1,0,0
79,24 Oct 2025,,7woilg11mdjafmd9g8zm53aqc,Ruddy Buquet,Paris FC,FC Nantes,J. Mwanga,0,1,0,2,3,1,0,0,25,0,0,2,0,0,1
79,24 Oct 2025,,7woilg11mdjafmd9g8zm53aqc,Ruddy Buquet,Paris FC,FC Nantes,T. Tati,0,0,0,0,0,1,0,0,34,0,0,0,0,2,0
79,24 Oct 2025,,7woilg11mdjafmd9g8zm53aqc,Ruddy Buquet,Paris FC,FC Nantes,C. Awaziem,0,0,0,0,1,0,0,1,39,0,0,0,0,1,0
79,24 Oct 2025,,7woilg11mdjafmd9g8zm53aqc,Ruddy Buquet,Paris FC,FC Nantes,K. Amian,0,0,0,0,0,0,0,0,19,0,0,0,0,0,0
79,24 Oct 2025,,7woilg11mdjafmd9g8zm53aqc,Ruddy Buquet,Paris FC,FC Nantes,H. Guirassy,0,1,2,1,1,1,0,0,25,0,0,3,0,2,0
79,24 Oct 2025,,7woilg11mdjafmd9g8zm53aqc,Ruddy Buquet,Paris FC,FC Nantes,L. Leroux,1,0,0,1,2,0,0,0,27,0,0,0,0,1,0
79,24 Oct 2025,,7woilg11mdjafmd9g8zm53aqc,Ruddy Buquet,Paris FC,FC Nantes,M. Abline,0,1,0,1,0,2,1,0,9,0,0,3,1,4,0
79,24 Oct 2025,,7woilg11mdjafmd9g8zm53aqc,Ruddy Buquet,Paris FC,FC Nantes,Anthony Lopes,0,0,0,0,0,1,0,0,32,0,2,0,0,0,0
79,24 Oct 2025,,7woilg11mdjafmd9g8zm53aqc,Ruddy Buquet,Paris FC,FC Nantes,D. Tabibou,0,0,0,2,1,1,0,0,19,0,0,1,0,1,0
79,24 Oct 2025,,7woilg11mdjafmd9g8zm53aqc,Ruddy Buquet,Paris FC,FC Nantes,Kwon Hyeok-Kyu,0,0,0,0,1,0,0,0,18,0,0,0,0,0,1
79,24 Oct 2025,,7woilg11mdjafmd9g8zm53aqc,Ruddy Buquet,Paris FC,FC Nantes,Mostafa Mohamed,0,0,0,0,0,1,0,0,3,0,0,0,0,0,0
79,24 Oct 2025,,7woilg11mdjafmd9g8zm53aqc,Ruddy Buquet,Paris FC,FC Nantes,B. Deuff,0,0,0,1,2,0,0,0,2,0,0,1,1,0,0
79,24 Oct 2025,,7woilg11mdjafmd9g8zm53aqc,Ruddy Buquet,Paris FC,FC Nantes,N. Cozza,0,0,0,0,0,0,0,0,1,0,0,0,0,0,0
79,24 Oct 2025,,7woilg11mdjafmd9g8zm53aqc,Ruddy Buquet,Paris FC,FC Nantes,F. Centonze,0,0,0,0,1,0,0,0,0,0,0,0,0,1,0
80,25 Oct 2025,,7x1o058r9z5q36sidhpy4ot90,Stéphanie Frappart,Racing Club de Lens,Olympique de Marseille,F. Thauvin,0,0,0,2,0,1,0,1,22,0,0,2,1,1,0
80,25 Oct 2025,,7x1o058r9z5q36sidhpy4ot90,Stéphanie Frappart,Racing Club de Lens,Olympique de Marseille,A. Thomasson,0,0,0,3,1,2,0,1,47,0,0,0,0,4,1
80,25 Oct 2025,,7x1o058r9z5q36sidhpy4ot90,Stéphanie Frappart,Racing Club de Lens,Olympique de Marseille,W. Saïd,0,0,0,0,0,0,0,0,16,0,0,0,0,0,0
80,25 Oct 2025,,7x1o058r9z5q36sidhpy4ot90,Stéphanie Frappart,Racing Club de Lens,Olympique de Marseille,M. Sarr,0,0,0,1,1,0,0,0,33,0,0,0,0,2,0
80,25 Oct 2025,,7x1o058r9z5q36sidhpy4ot90,Stéphanie Frappart,Racing Club de Lens,Olympique de Marseille,S. Baidoo,0,0,0,0,0,0,0,0,35,0,0,1,0,3,0
80,25 Oct 2025,,7x1o058r9z5q36sidhpy4ot90,Stéphanie Frappart,Racing Club de Lens,Olympique de Marseille,J. Gradit,0,0,0,0,0,0,0,0,35,0,0,0,0,1,0
80,25 Oct 2025,,7x1o058r9z5q36sidhpy4ot90,Stéphanie Frappart,Racing Club de Lens,Olympique de Marseille,R. Aguilar,0,0,1,6,1,0,0,0,32,0,0,0,0,2,0
80,25 Oct 2025,,7x1o058r9z5q36sidhpy4ot90,Stéphanie Frappart,Racing Club de Lens,Olympique de Marseille,M. Sangaré,0,0,2,1,3,2,0,0,48,0,0,2,2,3,1
80,25 Oct 2025,,7x1o058r9z5q36sidhpy4ot90,Stéphanie Frappart,Racing Club de Lens,Olympique de Marseille,R. Risser,0,0,0,0,0,1,0,0,21,0,2,0,0,0,0
80,25 Oct 2025,,7x1o058r9z5q36sidhpy4ot90,Stéphanie Frappart,Racing Club de Lens,Olympique de Marseille,M. Udol,0,0,1,4,0,1,0,0,23,0,0,1,0,3,0
80,25 Oct 2025,,7x1o058r9z5q36sidhpy4ot90,Stéphanie Frappart,Racing Club de Lens,Olympique de Marseille,O. Édouard,0,0,0,0,1,1,1,1,13,0,0,1,1,0,0
80,25 Oct 2025,,7x1o058r9z5q36sidhpy4ot90,Stéphanie Frappart,Racing Club de Lens,Olympique de Marseille,M. Guilavogui,0,0,0,0,4,1,0,0,5,0,0,0,0,0,1
80,25 Oct 2025,,7x1o058r9z5q36sidhpy4ot90,Stéphanie Frappart,Racing Club de Lens,Olympique de Marseille,A. Sima,0,0,0,0,0,0,0,0,4,0,0,1,1,0,0
80,25 Oct 2025,,7x1o058r9z5q36sidhpy4ot90,Stéphanie Frappart,Racing Club de Lens,Olympique de Marseille,R. Fofana,0,0,0,0,0,0,0,0,3,0,0,0,0,0,0
80,25 Oct 2025,,7x1o058r9z5q36sidhpy4ot90,Stéphanie Frappart,Racing Club de Lens,Olympique de Marseille,Saud Abdulhamid,0,0,0,0,1,0,0,0,2,0,0,0,0,0,0
80,25 Oct 2025,,7x1o058r9z5q36sidhpy4ot90,Stéphanie Frappart,Racing Club de Lens,Olympique de Marseille,M. O'Riley,0,0,0,0,0,0,0,0,68,0,0,1,0,3,0
80,25 Oct 2025,,7x1o058r9z5q36sidhpy4ot90,Stéphanie Frappart,Racing Club de Lens,Olympique de Marseille,Emerson,0,0,2,13,1,0,0,1,99,0,0,0,0,2,0
80,25 Oct 2025,,7x1o058r9z5q36sidhpy4ot90,Stéphanie Frappart,Racing Club de Lens,Olympique de Marseille,A. Vermeeren,0,0,0,1,0,0,0,0,117,0,0,0,0,2,0
80,25 Oct 2025,,7x1o058r9z5q36sidhpy4ot90,Stéphanie Frappart,Racing Club de Lens,Olympique de Marseille,Igor Paixão,0,4,3,1,0,2,0,0,36,0,0,4,0,1,0
80,25 Oct 2025,,7x1o058r9z5q36sidhpy4ot90,Stéphanie Frappart,Racing Club de Lens,Olympique de Marseille,R. Vaz,0,0,0,0,1,0,0,0,6,0,0,1,0,0,0
80,25 Oct 2025,,7x1o058r9z5q36sidhpy4ot90,Stéphanie Frappart,Racing Club de Lens,Olympique de Marseille,A. Murillo,0,0,1,2,1,1,0,0,42,0,0,1,0,1,0
80,25 Oct 2025,,7x1o058r9z5q36sidhpy4ot90,Stéphanie Frappart,Racing Club de Lens,Olympique de Marseille,N. Aguerd,0,1,0,0,0,0,0,0,129,0,0,1,0,4,0
80,25 Oct 2025,,7x1o058r9z5q36sidhpy4ot90,Stéphanie Frappart,Racing Club de Lens,Olympique de Marseille,B. Pavard,0,0,0,0,1,0,0,0,57,0,0,1,1,1,1
80,25 Oct 2025,,7x1o058r9z5q36sidhpy4ot90,Stéphanie Frappart,Racing Club de Lens,Olympique de Marseille,G. Rulli,0,0,0,0,0,0,0,0,32,0,4,0,0,0,0
80,25 Oct 2025,,7x1o058r9z5q36sidhpy4ot90,Stéphanie Frappart,Racing Club de Lens,Olympique de Marseille,T. Weah,1,0,0,1,1,0,0,0,19,0,0,0,0,0,0
80,25 Oct 2025,,7x1o058r9z5q36sidhpy4ot90,Stéphanie Frappart,Racing Club de Lens,Olympique de Marseille,M. Greenwood,0,3,0,3,1,3,1,0,54,0,0,5,1,0,1
80,25 Oct 2025,,7x1o058r9z5q36sidhpy4ot90,Stéphanie Frappart,Racing Club de Lens,Olympique de Marseille,L. Balerdi,0,0,1,0,2,2,0,0,48,0,0,1,0,2,1
80,25 Oct 2025,,7x1o058r9z5q36sidhpy4ot90,Stéphanie Frappart,Racing Club de Lens,Olympique de Marseille,P. Aubameyang,0,0,1,0,0,0,0,0,5,0,0,1,1,0,0
80,25 Oct 2025,,7x1o058r9z5q36sidhpy4ot90,Stéphanie Frappart,Racing Club de Lens,Olympique de Marseille,B. Nadir,0,0,0,1,1,1,0,0,16,0,0,0,0,0,0
80,25 Oct 2025,,7x1o058r9z5q36sidhpy4ot90,Stéphanie Frappart,Racing Club de Lens,Olympique de Marseille,P. Højbjerg,0,0,0,0,0,0,0,0,18,0,0,1,0,0,0
80,25 Oct 2025,,7x1o058r9z5q36sidhpy4ot90,Stéphanie Frappart,Racing Club de Lens,Olympique de Marseille,A. Gomes,0,0,0,0,0,3,0,0,16,0,0,0,0,0,0
81,25 Oct 2025,,7xev2belu7if982hoiysjsglw,Jérémie Pignard,Stade Brestois 29,Paris Saint-Germain FC,R. Del Castillo,0,0,1,6,1,1,0,0,24,0,0,2,0,2,0
81,25 Oct 2025,,7xev2belu7if982hoiysjsglw,Jérémie Pignard,Stade Brestois 29,Paris Saint-Germain FC,J. Diaz,0,0,0,0,0,0,0,0,15,0,0,0,0,2,0
81,25 Oct 2025,,7xev2belu7if982hoiysjsglw,Jérémie Pignard,Stade Brestois 29,Paris Saint-Germain FC,J. Dina Ebimbe,0,0,0,1,2,1,0,0,10,0,0,0,0,3,0
81,25 Oct 2025,,7xev2belu7if982hoiysjsglw,Jérémie Pignard,Stade Brestois 29,Paris Saint-Germain FC,L. Ajorque,0,0,0,0,0,0,0,2,24,0,0,0,0,0,0
81,25 Oct 2025,,7xev2belu7if982hoiysjsglw,Jérémie Pignard,Stade Brestois 29,Paris Saint-Germain FC,P. Mboup,0,0,0,1,1,1,0,0,11,0,0,3,1,4,1
81,25 Oct 2025,,7xev2belu7if982hoiysjsglw,Jérémie Pignard,Stade Brestois 29,Paris Saint-Germain FC,S. Coulibaly,0,0,0,0,0,1,0,0,26,0,0,0,0,0,0
81,25 Oct 2025,,7xev2belu7if982hoiysjsglw,Jérémie Pignard,Stade Brestois 29,Paris Saint-Germain FC,R. Majecki,0,0,0,0,0,0,0,0,27,0,5,0,0,0,0
81,25 Oct 2025,,7xev2belu7if982hoiysjsglw,Jérémie Pignard,Stade Brestois 29,Paris Saint-Germain FC,K. Lala,0,0,0,2,0,1,0,0,26,0,0,1,0,2,0
81,25 Oct 2025,,7xev2belu7if982hoiysjsglw,Jérémie Pignard,Stade Brestois 29,Paris Saint-Germain FC,H. Magnetti,0,1,1,0,2,0,0,0,19,0,0,1,0,1,0
81,25 Oct 2025,,7xev2belu7if982hoiysjsglw,Jérémie Pignard,Stade Brestois 29,Paris Saint-Germain FC,J. Chotard,0,0,0,0,2,2,0,0,30,0,0,0,0,4,0
81,25 Oct 2025,,7xev2belu7if982hoiysjsglw,Jérémie Pignard,Stade Brestois 29,Paris Saint-Germain FC,B. Locko,0,0,0,0,0,2,0,0,16,0,0,0,0,5,0
81,25 Oct 2025,,7xev2belu7if982hoiysjsglw,Jérémie Pignard,Stade Brestois 29,Paris Saint-Germain FC,L. Tousart,0,0,0,0,0,0,0,0,6,0,0,0,0,3,0
81,25 Oct 2025,,7xev2belu7if982hoiysjsglw,Jérémie Pignard,Stade Brestois 29,Paris Saint-Germain FC,Mama Baldé,0,0,0,0,1,0,0,0,10,0,0,1,1,0,0
81,25 Oct 2025,,7xev2belu7if982hoiysjsglw,Jérémie Pignard,Stade Brestois 29,Paris Saint-Germain FC,H. Makalou,0,0,0,0,0,0,0,0,7,0,0,0,0,0,0
81,25 Oct 2025,,7xev2belu7if982hoiysjsglw,Jérémie Pignard,Stade Brestois 29,Paris Saint-Germain FC,D. Guindo,0,0,0,1,0,0,0,0,8,0,0,0,0,0,0
81,25 Oct 2025,,7xev2belu7if982hoiysjsglw,Jérémie Pignard,Stade Brestois 29,Paris Saint-Germain FC,L. Zogbé,0,0,0,0,1,0,0,0,0,0,0,0,0,0,0
81,25 Oct 2025,,7xev2belu7if982hoiysjsglw,Jérémie Pignard,Stade Brestois 29,Paris Saint-Germain FC,S. Mayulu,0,0,2,2,1,1,0,1,36,0,0,1,1,1,0
81,25 Oct 2025,,7xev2belu7if982hoiysjsglw,Jérémie Pignard,Stade Brestois 29,Paris Saint-Germain FC,B. Barcola,0,0,0,1,2,0,0,0,36,0,0,1,1,1,0
81,25 Oct 2025,,7xev2belu7if982hoiysjsglw,Jérémie Pignard,Stade Brestois 29,Paris Saint-Germain FC,Lee Kang-In,0,2,0,2,3,1,0,0,45,0,0,3,0,0,0
81,25 Oct 2025,,7xev2belu7if982hoiysjsglw,Jérémie Pignard,Stade Brestois 29,Paris Saint-Germain FC,Vitinha,1,0,0,1,0,2,0,0,152,0,0,1,0,0,0
81,25 Oct 2025,,7xev2belu7if982hoiysjsglw,Jérémie Pignard,Stade Brestois 29,Paris Saint-Germain FC,L. Hernández,0,0,0,1,0,1,0,0,71,0,0,0,0,0,0
81,25 Oct 2025,,7xev2belu7if982hoiysjsglw,Jérémie Pignard,Stade Brestois 29,Paris Saint-Germain FC,W. Pacho,0,0,0,0,0,0,0,0,40,0,0,0,0,1,0
81,25 Oct 2025,,7xev2belu7if982hoiysjsglw,Jérémie Pignard,Stade Brestois 29,Paris Saint-Germain FC,I. Zabarnyi,0,0,0,0,0,0,0,0,86,0,0,0,0,1,0
81,25 Oct 2025,,7xev2belu7if982hoiysjsglw,Jérémie Pignard,Stade Brestois 29,Paris Saint-Germain FC,A. Hakimi,0,0,2,3,1,2,2,0,95,0,0,2,2,0,1
81,25 Oct 2025,,7xev2belu7if982hoiysjsglw,Jérémie Pignard,Stade Brestois 29,Paris Saint-Germain FC,K. Kvaratskhelia,1,0,0,0,1,0,0,1,39,0,0,2,2,0,0
81,25 Oct 2025,,7xev2belu7if982hoiysjsglw,Jérémie Pignard,Stade Brestois 29,Paris Saint-Germain FC,L. Chevalier,0,0,0,0,0,0,0,0,24,0,2,0,0,0,0
81,25 Oct 2025,,7xev2belu7if982hoiysjsglw,Jérémie Pignard,Stade Brestois 29,Paris Saint-Germain FC,W. Zaïre-Emery,1,0,0,0,1,2,0,0,103,0,0,2,1,1,0
81,25 Oct 2025,,7xev2belu7if982hoiysjsglw,Jérémie Pignard,Stade Brestois 29,Paris Saint-Germain FC,O. Dembélé,0,0,1,2,0,0,0,0,26,0,0,3,0,1,0
81,25 Oct 2025,,7xev2belu7if982hoiysjsglw,Jérémie Pignard,Stade Brestois 29,Paris Saint-Germain FC,Marquinhos,0,0,0,0,0,0,0,0,18,0,0,0,0,0,0
81,25 Oct 2025,,7xev2belu7if982hoiysjsglw,Jérémie Pignard,Stade Brestois 29,Paris Saint-Germain FC,D. Doué,0,0,2,1,0,0,1,0,21,0,0,3,1,0,0
81,25 Oct 2025,,7xev2belu7if982hoiysjsglw,Jérémie Pignard,Stade Brestois 29,Paris Saint-Germain FC,Gonçalo Ramos,0,0,0,0,1,0,0,0,4,0,0,0,0,0,0
81,25 Oct 2025,,7xev2belu7if982hoiysjsglw,Jérémie Pignard,Stade Brestois 29,Paris Saint-Germain FC,Q. Ndjantou,0,0,0,0,0,0,0,0,12,0,0,0,0,0,0
82,29 Oct 2025,,7xs3l7p9x8cr57eawypzkatxw,Thomas Léonard,Olympique de Marseille,Angers Sporting Club de l'Ouest,P. Højbjerg,0,0,0,0,1,1,0,0,76,0,0,1,1,4,1
82,29 Oct 2025,,7xs3l7p9x8cr57eawypzkatxw,Thomas Léonard,Olympique de Marseille,Angers Sporting Club de l'Ouest,N. Aguerd,0,0,0,0,1,0,0,0,118,0,0,0,0,2,1
82,29 Oct 2025,,7xs3l7p9x8cr57eawypzkatxw,Thomas Léonard,Olympique de Marseille,Angers Sporting Club de l'Ouest,A. Murillo,0,0,0,1,1,1,0,0,15,0,0,0,0,3,0
82,29 Oct 2025,,7xs3l7p9x8cr57eawypzkatxw,Thomas Léonard,Olympique de Marseille,Angers Sporting Club de l'Ouest,Igor Paixão,0,1,0,0,0,0,0,0,50,0,0,2,1,0,0
82,29 Oct 2025,,7xs3l7p9x8cr57eawypzkatxw,Thomas Léonard,Olympique de Marseille,Angers Sporting Club de l'Ouest,A. Vermeeren,0,0,0,0,0,0,0,0,33,0,0,0,0,2,0
82,29 Oct 2025,,7xs3l7p9x8cr57eawypzkatxw,Thomas Léonard,Olympique de Marseille,Angers Sporting Club de l'Ouest,Emerson,1,0,0,4,0,0,0,0,84,0,0,0,0,4,0
82,29 Oct 2025,,7xs3l7p9x8cr57eawypzkatxw,Thomas Léonard,Olympique de Marseille,Angers Sporting Club de l'Ouest,C. Egan-Riley,0,0,0,0,1,0,0,0,85,0,0,0,0,1,0
82,29 Oct 2025,,7xs3l7p9x8cr57eawypzkatxw,Thomas Léonard,Olympique de Marseille,Angers Sporting Club de l'Ouest,M. Greenwood,0,0,0,3,2,1,0,0,38,0,0,3,1,0,0
82,29 Oct 2025,,7xs3l7p9x8cr57eawypzkatxw,Thomas Léonard,Olympique de Marseille,Angers Sporting Club de l'Ouest,A. Gomes,0,0,0,1,2,0,0,0,22,0,0,1,1,0,0
82,29 Oct 2025,,7xs3l7p9x8cr57eawypzkatxw,Thomas Léonard,Olympique de Marseille,Angers Sporting Club de l'Ouest,G. Rulli,0,0,0,0,0,0,0,0,27,0,4,0,0,0,0
82,29 Oct 2025,,7xs3l7p9x8cr57eawypzkatxw,Thomas Léonard,Olympique de Marseille,Angers Sporting Club de l'Ouest,P. Aubameyang,1,0,1,2,0,1,0,0,21,0,0,2,0,0,0
82,29 Oct 2025,,7xs3l7p9x8cr57eawypzkatxw,Thomas Léonard,Olympique de Marseille,Angers Sporting Club de l'Ouest,B. Pavard,0,0,0,1,0,0,0,0,22,0,0,0,0,0,0
82,29 Oct 2025,,7xs3l7p9x8cr57eawypzkatxw,Thomas Léonard,Olympique de Marseille,Angers Sporting Club de l'Ouest,R. Vaz,0,0,0,0,0,2,2,0,13,0,0,2,2,0,0
82,29 Oct 2025,,7xs3l7p9x8cr57eawypzkatxw,Thomas Léonard,Olympique de Marseille,Angers Sporting Club de l'Ouest,M. O'Riley,0,0,0,0,2,0,0,1,26,0,0,0,0,0,0
82,29 Oct 2025,,7xs3l7p9x8cr57eawypzkatxw,Thomas Léonard,Olympique de Marseille,Angers Sporting Club de l'Ouest,B. Nadir,0,0,0,1,0,0,0,0,4,0,0,0,0,0,0
82,29 Oct 2025,,7xs3l7p9x8cr57eawypzkatxw,Thomas Léonard,Olympique de Marseille,Angers Sporting Club de l'Ouest,Pol Lirola,0,0,0,1,1,1,0,0,2,0,0,0,0,0,0
82,29 Oct 2025,,7xs3l7p9x8cr57eawypzkatxw,Thomas Léonard,Olympique de Marseille,Angers Sporting Club de l'Ouest,J. Ekomié,0,0,1,2,1,1,0,1,27,0,0,0,0,2,0
82,29 Oct 2025,,7xs3l7p9x8cr57eawypzkatxw,Thomas Léonard,Olympique de Marseille,Angers Sporting Club de l'Ouest,H. Belkebla,0,0,0,0,0,3,0,0,50,0,0,0,0,2,0
82,29 Oct 2025,,7xs3l7p9x8cr57eawypzkatxw,Thomas Léonard,Olympique de Marseille,Angers Sporting Club de l'Ouest,H. Abdelli,0,0,0,0,2,2,0,0,71,0,0,0,0,1,0
82,29 Oct 2025,,7xs3l7p9x8cr57eawypzkatxw,Thomas Léonard,Olympique de Marseille,Angers Sporting Club de l'Ouest,L. Raolisoa,0,1,2,6,1,1,0,0,21,0,0,2,1,2,1
82,29 Oct 2025,,7xs3l7p9x8cr57eawypzkatxw,Thomas Léonard,Olympique de Marseille,Angers Sporting Club de l'Ouest,S. Cherif,0,0,0,0,0,1,1,1,13,0,0,4,3,2,0
82,29 Oct 2025,,7xs3l7p9x8cr57eawypzkatxw,Thomas Léonard,Olympique de Marseille,Angers Sporting Club de l'Ouest,C. Arcus,0,0,0,0,0,0,0,0,28,0,0,0,0,0,0
82,29 Oct 2025,,7xs3l7p9x8cr57eawypzkatxw,Thomas Léonard,Olympique de Marseille,Angers Sporting Club de l'Ouest,J. Lefort,0,1,1,0,1,0,0,1,65,0,0,1,0,1,0
82,29 Oct 2025,,7xs3l7p9x8cr57eawypzkatxw,Thomas Léonard,Olympique de Marseille,Angers Sporting Club de l'Ouest,O. Camara,0,0,0,0,0,0,1,0,26,0,0,1,1,1,0
82,29 Oct 2025,,7xs3l7p9x8cr57eawypzkatxw,Thomas Léonard,Olympique de Marseille,Angers Sporting Club de l'Ouest,Y. Belkhdim,0,0,1,3,0,1,0,0,14,0,0,0,0,2,0
82,29 Oct 2025,,7xs3l7p9x8cr57eawypzkatxw,Thomas Léonard,Olympique de Marseille,Angers Sporting Club de l'Ouest,L. Mouton,0,1,0,1,0,0,0,0,42,0,0,2,1,2,0
82,29 Oct 2025,,7xs3l7p9x8cr57eawypzkatxw,Thomas Léonard,Olympique de Marseille,Angers Sporting Club de l'Ouest,H. Koffi,0,0,0,0,0,0,0,0,32,0,4,0,0,0,0
82,29 Oct 2025,,7xs3l7p9x8cr57eawypzkatxw,Thomas Léonard,Olympique de Marseille,Angers Sporting Club de l'Ouest,L. Machine,0,0,0,0,1,0,0,0,7,0,0,0,0,0,0
82,29 Oct 2025,,7xs3l7p9x8cr57eawypzkatxw,Thomas Léonard,Olympique de Marseille,Angers Sporting Club de l'Ouest,A. Sbaï,0,1,0,2,0,0,0,0,12,0,0,1,0,1,0
82,29 Oct 2025,,7xs3l7p9x8cr57eawypzkatxw,Thomas Léonard,Olympique de Marseille,Angers Sporting Club de l'Ouest,D. Harouna,0,0,0,0,0,0,0,0,4,0,0,1,0,0,0
82,29 Oct 2025,,7xs3l7p9x8cr57eawypzkatxw,Thomas Léonard,Olympique de Marseille,Angers Sporting Club de l'Ouest,A. Bamba,0,0,0,1,1,0,0,0,5,0,0,0,0,0,0
82,29 Oct 2025,,7xs3l7p9x8cr57eawypzkatxw,Thomas Léonard,Olympique de Marseille,Angers Sporting Club de l'Ouest,M. Courcoul,0,0,0,0,0,2,0,0,10,0,0,0,0,0,0
83,29 Oct 2025,,7y5e0gczdsng2ybx6ecb3zy1g,Willy Delajod,FC Lorient,Paris Saint-Germain FC,Igor Silva,0,0,0,0,0,3,1,0,21,0,0,1,1,1,0
83,29 Oct 2025,,7y5e0gczdsng2ybx6ecb3zy1g,Willy Delajod,FC Lorient,Paris Saint-Germain FC,M. Talbi,0,0,0,0,0,0,0,0,24,0,0,0,0,2,0
83,29 Oct 2025,,7y5e0gczdsng2ybx6ecb3zy1g,Willy Delajod,FC Lorient,Paris Saint-Germain FC,Y. Mvogo,0,0,0,0,0,0,0,0,27,0,7,0,0,0,0
83,29 Oct 2025,,7y5e0gczdsng2ybx6ecb3zy1g,Willy Delajod,FC Lorient,Paris Saint-Germain FC,D. Yongwa,0,0,0,0,0,2,0,0,24,0,0,0,0,3,0
83,29 Oct 2025,,7y5e0gczdsng2ybx6ecb3zy1g,Willy Delajod,FC Lorient,Paris Saint-Germain FC,J. Mvuka,0,0,0,1,0,1,0,0,13,0,0,1,1,7,0
83,29 Oct 2025,,7y5e0gczdsng2ybx6ecb3zy1g,Willy Delajod,FC Lorient,Paris Saint-Germain FC,D. Karim,0,0,0,0,2,2,0,0,19,0,0,1,0,1,0
83,29 Oct 2025,,7y5e0gczdsng2ybx6ecb3zy1g,Willy Delajod,FC Lorient,Paris Saint-Germain FC,M. Bamba,0,0,0,0,0,0,0,3,8,0,0,0,0,1,0
83,29 Oct 2025,,7y5e0gczdsng2ybx6ecb3zy1g,Willy Delajod,FC Lorient,Paris Saint-Germain FC,N. Cadiou,0,0,0,1,1,0,0,0,19,0,0,0,0,0,0
83,29 Oct 2025,,7y5e0gczdsng2ybx6ecb3zy1g,Willy Delajod,FC Lorient,Paris Saint-Germain FC,A. Kouassi,0,0,0,4,0,1,0,0,16,0,0,0,0,1,0
83,29 Oct 2025,,7y5e0gczdsng2ybx6ecb3zy1g,Willy Delajod,FC Lorient,Paris Saint-Germain FC,P. Pagis,0,0,0,0,1,1,0,0,17,0,0,0,0,0,0
83,29 Oct 2025,,7y5e0gczdsng2ybx6ecb3zy1g,Willy Delajod,FC Lorient,Paris Saint-Germain FC,L. Abergel,0,0,0,0,0,1,0,0,22,0,0,0,0,2,0
83,29 Oct 2025,,7y5e0gczdsng2ybx6ecb3zy1g,Willy Delajod,FC Lorient,Paris Saint-Germain FC,J. Makengo,0,0,0,1,0,1,0,0,6,0,0,0,0,0,0
83,29 Oct 2025,,7y5e0gczdsng2ybx6ecb3zy1g,Willy Delajod,FC Lorient,Paris Saint-Germain FC,A. Avom,0,0,0,1,1,0,0,0,8,0,0,1,0,1,0
83,29 Oct 2025,,7y5e0gczdsng2ybx6ecb3zy1g,Willy Delajod,FC Lorient,Paris Saint-Germain FC,A. Tosin,0,0,0,0,0,0,0,0,2,0,0,0,0,0,0
83,29 Oct 2025,,7y5e0gczdsng2ybx6ecb3zy1g,Willy Delajod,FC Lorient,Paris Saint-Germain FC,T. Le Bris,0,0,0,1,0,0,0,0,1,0,0,1,0,0,0
83,29 Oct 2025,,7y5e0gczdsng2ybx6ecb3zy1g,Willy Delajod,FC Lorient,Paris Saint-Germain FC,S. Soumano,0,0,0,0,0,0,0,1,2,0,0,0,0,0,0
83,29 Oct 2025,,7y5e0gczdsng2ybx6ecb3zy1g,Willy Delajod,FC Lorient,Paris Saint-Germain FC,D. Doué,0,0,0,2,2,1,0,0,35,0,0,0,0,2,0
83,29 Oct 2025,,7y5e0gczdsng2ybx6ecb3zy1g,Willy Delajod,FC Lorient,Paris Saint-Germain FC,I. Mbaye,0,0,0,1,0,0,0,0,32,0,0,1,1,1,0
83,29 Oct 2025,,7y5e0gczdsng2ybx6ecb3zy1g,Willy Delajod,FC Lorient,Paris Saint-Germain FC,I. Zabarnyi,0,0,0,1,2,0,0,0,102,0,0,0,0,1,1
83,29 Oct 2025,,7y5e0gczdsng2ybx6ecb3zy1g,Willy Delajod,FC Lorient,Paris Saint-Germain FC,S. Mayulu,0,1,1,5,1,2,0,0,40,0,0,1,0,3,0
83,29 Oct 2025,,7y5e0gczdsng2ybx6ecb3zy1g,Willy Delajod,FC Lorient,Paris Saint-Germain FC,W. Zaïre-Emery,0,1,1,0,1,0,0,0,74,0,0,1,0,1,0
83,29 Oct 2025,,7y5e0gczdsng2ybx6ecb3zy1g,Willy Delajod,FC Lorient,Paris Saint-Germain FC,Beraldo,0,0,0,0,1,0,0,0,114,0,0,1,0,0,0
83,29 Oct 2025,,7y5e0gczdsng2ybx6ecb3zy1g,Willy Delajod,FC Lorient,Paris Saint-Germain FC,Nuno Mendes,0,1,0,9,2,0,1,0,59,0,0,5,4,1,0
83,29 Oct 2025,,7y5e0gczdsng2ybx6ecb3zy1g,Willy Delajod,FC Lorient,Paris Saint-Germain FC,Marquinhos,0,0,0,0,0,0,0,0,109,0,0,0,0,0,0
83,29 Oct 2025,,7y5e0gczdsng2ybx6ecb3zy1g,Willy Delajod,FC Lorient,Paris Saint-Germain FC,Q. Ndjantou,0,0,1,0,1,0,0,0,23,0,0,0,0,0,0
83,29 Oct 2025,,7y5e0gczdsng2ybx6ecb3zy1g,Willy Delajod,FC Lorient,Paris Saint-Germain FC,O. Dembélé,0,0,1,2,1,0,0,0,48,0,0,0,0,0,0
83,29 Oct 2025,,7y5e0gczdsng2ybx6ecb3zy1g,Willy Delajod,FC Lorient,Paris Saint-Germain FC,L. Chevalier,0,0,0,0,0,0,0,0,15,0,1,0,0,0,0
83,29 Oct 2025,,7y5e0gczdsng2ybx6ecb3zy1g,Willy Delajod,FC Lorient,Paris Saint-Germain FC,Vitinha,0,0,1,0,0,1,0,0,83,0,0,2,1,0,0
83,29 Oct 2025,,7y5e0gczdsng2ybx6ecb3zy1g,Willy Delajod,FC Lorient,Paris Saint-Germain FC,João Neves,0,0,0,0,0,0,0,0,40,0,0,0,0,1,0
83,29 Oct 2025,,7y5e0gczdsng2ybx6ecb3zy1g,Willy Delajod,FC Lorient,Paris Saint-Germain FC,K. Kvaratskhelia,0,1,2,0,1,0,0,0,25,0,0,2,1,0,0
83,29 Oct 2025,,7y5e0gczdsng2ybx6ecb3zy1g,Willy Delajod,FC Lorient,Paris Saint-Germain FC,B. Barcola,0,0,1,0,1,0,0,0,24,0,0,2,1,0,1
83,29 Oct 2025,,7y5e0gczdsng2ybx6ecb3zy1g,Willy Delajod,FC Lorient,Paris Saint-Germain FC,Gonçalo Ramos,0,0,0,0,0,0,0,0,4,0,0,0,0,0,0
84,29 Oct 2025,,7yiltbyr9682m9yuukm40yvx0,Jérôme Brisard,FC Nantes,AS Monaco FC,Y. El-Arabi,0,0,0,0,1,3,0,0,17,0,0,2,1,1,0
84,29 Oct 2025,,7yiltbyr9682m9yuukm40yvx0,Jérôme Brisard,FC Nantes,AS Monaco FC,Kwon Hyeok-Kyu,0,0,0,0,2,1,0,0,23,0,0,0,0,1,0
84,29 Oct 2025,,7yiltbyr9682m9yuukm40yvx0,Jérôme Brisard,FC Nantes,AS Monaco FC,L. Leroux,0,1,0,1,2,2,0,0,41,0,0,1,0,2,0
84,29 Oct 2025,,7yiltbyr9682m9yuukm40yvx0,Jérôme Brisard,FC Nantes,AS Monaco FC,M. Abline,1,3,1,1,1,4,0,0,21,0,0,3,0,0,1
84,29 Oct 2025,,7yiltbyr9682m9yuukm40yvx0,Jérôme Brisard,FC Nantes,AS Monaco FC,C. Awaziem,0,0,0,0,1,2,0,0,52,0,0,0,0,2,0
84,29 Oct 2025,,7yiltbyr9682m9yuukm40yvx0,Jérôme Brisard,FC Nantes,AS Monaco FC,Anthony Lopes,0,0,0,0,0,1,0,0,36,0,4,0,0,0,0
84,29 Oct 2025,,7yiltbyr9682m9yuukm40yvx0,Jérôme Brisard,FC Nantes,AS Monaco FC,K. Amian,0,0,0,3,0,0,0,0,43,0,0,1,0,2,0
84,29 Oct 2025,,7yiltbyr9682m9yuukm40yvx0,Jérôme Brisard,FC Nantes,AS Monaco FC,H. Guirassy,0,0,0,0,0,0,2,0,12,0,0,3,3,1,0
84,29 Oct 2025,,7yiltbyr9682m9yuukm40yvx0,Jérôme Brisard,FC Nantes,AS Monaco FC,J. Mwanga,0,0,0,0,1,1,0,0,32,0,0,0,0,2,0
84,29 Oct 2025,,7yiltbyr9682m9yuukm40yvx0,Jérôme Brisard,FC Nantes,AS Monaco FC,D. Tabibou,0,0,0,3,2,0,0,0,23,0,0,2,0,1,0
84,29 Oct 2025,,7yiltbyr9682m9yuukm40yvx0,Jérôme Brisard,FC Nantes,AS Monaco FC,T. Tati,0,0,0,0,1,1,0,0,32,0,0,0,0,0,1
84,29 Oct 2025,,7yiltbyr9682m9yuukm40yvx0,Jérôme Brisard,FC Nantes,AS Monaco FC,B. Deuff,0,0,0,0,0,0,0,0,11,0,0,2,0,0,0
84,29 Oct 2025,,7yiltbyr9682m9yuukm40yvx0,Jérôme Brisard,FC Nantes,AS Monaco FC,N. Cozza,0,0,0,3,0,0,0,0,10,0,0,0,0,0,0
84,29 Oct 2025,,7yiltbyr9682m9yuukm40yvx0,Jérôme Brisard,FC Nantes,AS Monaco FC,Mostafa Mohamed,0,1,0,0,1,0,1,0,6,0,0,3,1,1,0
84,29 Oct 2025,,7yiltbyr9682m9yuukm40yvx0,Jérôme Brisard,FC Nantes,AS Monaco FC,A. Camara,0,0,0,2,0,1,0,0,2,0,0,0,0,1,0
84,29 Oct 2025,,7yiltbyr9682m9yuukm40yvx0,Jérôme Brisard,FC Nantes,AS Monaco FC,F. Centonze,0,0,0,0,1,0,0,0,9,0,0,1,0,2,1
84,29 Oct 2025,,7yiltbyr9682m9yuukm40yvx0,Jérôme Brisard,FC Nantes,AS Monaco FC,T. Kehrer,0,1,0,0,1,1,0,0,56,0,0,2,0,2,1
84,29 Oct 2025,,7yiltbyr9682m9yuukm40yvx0,Jérôme Brisard,FC Nantes,AS Monaco FC,M. Coulibaly,1,0,0,1,2,2,1,0,34,0,0,2,2,1,1
84,29 Oct 2025,,7yiltbyr9682m9yuukm40yvx0,Jérôme Brisard,FC Nantes,AS Monaco FC,M. Akliouche,1,1,0,1,2,4,1,0,37,0,0,3,2,0,0
84,29 Oct 2025,,7yiltbyr9682m9yuukm40yvx0,Jérôme Brisard,FC Nantes,AS Monaco FC,F. Balogun,0,0,1,0,3,2,1,1,18,0,0,4,1,0,0
84,29 Oct 2025,,7yiltbyr9682m9yuukm40yvx0,Jérôme Brisard,FC Nantes,AS Monaco FC,J. Teze,0,0,0,4,3,0,0,0,41,0,0,0,0,4,1
84,29 Oct 2025,,7yiltbyr9682m9yuukm40yvx0,Jérôme Brisard,FC Nantes,AS Monaco FC,T. Minamino,0,1,1,0,2,2,0,1,31,0,0,2,0,1,1
84,29 Oct 2025,,7yiltbyr9682m9yuukm40yvx0,Jérôme Brisard,FC Nantes,AS Monaco FC,K. Ouattara,2,0,1,6,1,1,0,0,19,0,0,0,0,2,1
84,29 Oct 2025,,7yiltbyr9682m9yuukm40yvx0,Jérôme Brisard,FC Nantes,AS Monaco FC,P. Köhn,0,0,0,0,0,0,0,0,23,0,2,0,0,0,1
84,29 Oct 2025,,7yiltbyr9682m9yuukm40yvx0,Jérôme Brisard,FC Nantes,AS Monaco FC,M. Salisu,0,0,0,0,1,0,0,0,49,0,0,0,0,2,1
84,29 Oct 2025,,7yiltbyr9682m9yuukm40yvx0,Jérôme Brisard,FC Nantes,AS Monaco FC,C. Mawissa,0,0,0,0,1,0,0,0,35,0,0,0,0,4,0
84,29 Oct 2025,,7yiltbyr9682m9yuukm40yvx0,Jérôme Brisard,FC Nantes,AS Monaco FC,K. Diatta,0,0,0,2,0,0,0,0,27,0,0,1,1,2,0
84,29 Oct 2025,,7yiltbyr9682m9yuukm40yvx0,Jérôme Brisard,FC Nantes,AS Monaco FC,A. Golovin,0,0,0,0,1,1,2,0,9,0,0,3,3,4,0
84,29 Oct 2025,,7yiltbyr9682m9yuukm40yvx0,Jérôme Brisard,FC Nantes,AS Monaco FC,P. Cabral,0,0,0,0,0,0,0,0,9,0,0,1,0,0,0
84,29 Oct 2025,,7yiltbyr9682m9yuukm40yvx0,Jérôme Brisard,FC Nantes,AS Monaco FC,M. Biereth,0,0,0,0,0,0,0,0,6,0,0,0,0,0,0
84,29 Oct 2025,,7yiltbyr9682m9yuukm40yvx0,Jérôme Brisard,FC Nantes,AS Monaco FC,Ansu Fati,0,0,0,0,0,0,0,0,2,0,0,1,0,1,0
85,29 Oct 2025,,7yvumhtfkzi2mp08th02rzhg4,Ruddy Buquet,RC Strasbourg Alsace,Association Jeunesse Auxerroise,M. Sarr,0,0,0,0,2,1,0,0,90,0,0,0,0,0,0
85,29 Oct 2025,,7yvumhtfkzi2mp08th02rzhg4,Ruddy Buquet,RC Strasbourg Alsace,Association Jeunesse Auxerroise,S. Nanasi,1,0,0,3,1,1,1,0,49,0,0,4,2,1,0
85,29 Oct 2025,,7yvumhtfkzi2mp08th02rzhg4,Ruddy Buquet,RC Strasbourg Alsace,Association Jeunesse Auxerroise,J. Panichelli,0,0,0,0,1,1,1,0,8,0,0,5,3,1,0
85,29 Oct 2025,,7yvumhtfkzi2mp08th02rzhg4,Ruddy Buquet,RC Strasbourg Alsace,Association Jeunesse Auxerroise,Rafael Luís,0,0,0,0,1,1,0,0,56,0,0,0,0,2,0
85,29 Oct 2025,,7yvumhtfkzi2mp08th02rzhg4,Ruddy Buquet,RC Strasbourg Alsace,Association Jeunesse Auxerroise,A. Omobamidele,0,0,0,0,0,2,0,0,76,0,0,1,0,0,0
85,29 Oct 2025,,7yvumhtfkzi2mp08th02rzhg4,Ruddy Buquet,RC Strasbourg Alsace,Association Jeunesse Auxerroise,V. Barco,1,0,1,4,0,3,1,0,67,0,0,1,1,2,0
85,29 Oct 2025,,7yvumhtfkzi2mp08th02rzhg4,Ruddy Buquet,RC Strasbourg Alsace,Association Jeunesse Auxerroise,D. Moreira,0,1,1,4,1,0,0,0,45,0,0,2,1,2,0
85,29 Oct 2025,,7yvumhtfkzi2mp08th02rzhg4,Ruddy Buquet,RC Strasbourg Alsace,Association Jeunesse Auxerroise,M. Penders,0,0,0,0,0,0,0,0,40,0,1,0,0,0,0
85,29 Oct 2025,,7yvumhtfkzi2mp08th02rzhg4,Ruddy Buquet,RC Strasbourg Alsace,Association Jeunesse Auxerroise,G. Doué,0,0,0,0,1,0,0,0,97,0,0,0,0,3,0
85,29 Oct 2025,,7yvumhtfkzi2mp08th02rzhg4,Ruddy Buquet,RC Strasbourg Alsace,Association Jeunesse Auxerroise,M. Godo,0,0,1,1,3,2,0,1,24,0,0,2,1,0,1
85,29 Oct 2025,,7yvumhtfkzi2mp08th02rzhg4,Ruddy Buquet,RC Strasbourg Alsace,Association Jeunesse Auxerroise,A. Ouattara,0,0,0,2,0,0,0,0,30,0,0,0,0,3,0
85,29 Oct 2025,,7yvumhtfkzi2mp08th02rzhg4,Ruddy Buquet,RC Strasbourg Alsace,Association Jeunesse Auxerroise,S. El Mourabet,0,0,0,0,1,4,0,0,55,0,0,0,0,0,0
85,29 Oct 2025,,7yvumhtfkzi2mp08th02rzhg4,Ruddy Buquet,RC Strasbourg Alsace,Association Jeunesse Auxerroise,S. Amo-Ameyaw,0,0,0,0,0,0,0,0,12,0,0,1,0,1,0
85,29 Oct 2025,,7yvumhtfkzi2mp08th02rzhg4,Ruddy Buquet,RC Strasbourg Alsace,Association Jeunesse Auxerroise,B. Chilwell,0,0,0,0,0,1,0,0,10,0,0,0,0,1,0
85,29 Oct 2025,,7yvumhtfkzi2mp08th02rzhg4,Ruddy Buquet,RC Strasbourg Alsace,Association Jeunesse Auxerroise,M. Amougou,0,0,0,0,0,0,0,0,20,0,0,0,0,3,0
85,29 Oct 2025,,7yvumhtfkzi2mp08th02rzhg4,Ruddy Buquet,RC Strasbourg Alsace,Association Jeunesse Auxerroise,K. Páez,0,0,1,0,0,0,0,0,11,0,0,2,1,0,0
85,29 Oct 2025,,7yvumhtfkzi2mp08th02rzhg4,Ruddy Buquet,RC Strasbourg Alsace,Association Jeunesse Auxerroise,L. Sinayoko,0,1,0,0,2,0,0,0,21,0,0,1,0,0,0
85,29 Oct 2025,,7yvumhtfkzi2mp08th02rzhg4,Ruddy Buquet,RC Strasbourg Alsace,Association Jeunesse Auxerroise,C. Akpa,0,0,0,0,1,1,0,0,49,0,0,1,0,0,0
85,29 Oct 2025,,7yvumhtfkzi2mp08th02rzhg4,Ruddy Buquet,RC Strasbourg Alsace,Association Jeunesse Auxerroise,J. Casimir,0,0,0,0,2,2,0,0,36,0,0,1,0,1,0
85,29 Oct 2025,,7yvumhtfkzi2mp08th02rzhg4,Ruddy Buquet,RC Strasbourg Alsace,Association Jeunesse Auxerroise,M. Senaya,0,0,0,4,1,1,0,0,39,0,0,1,0,4,0
85,29 Oct 2025,,7yvumhtfkzi2mp08th02rzhg4,Ruddy Buquet,RC Strasbourg Alsace,Association Jeunesse Auxerroise,S. Diomandé,0,0,0,0,0,1,0,0,34,0,0,0,0,1,0
85,29 Oct 2025,,7yvumhtfkzi2mp08th02rzhg4,Ruddy Buquet,RC Strasbourg Alsace,Association Jeunesse Auxerroise,A. Dioussé,0,0,0,1,1,2,0,0,33,0,0,0,0,1,0
85,29 Oct 2025,,7yvumhtfkzi2mp08th02rzhg4,Ruddy Buquet,RC Strasbourg Alsace,Association Jeunesse Auxerroise,F. Oppegård,0,0,0,3,1,0,0,0,29,0,0,1,0,2,0
85,29 Oct 2025,,7yvumhtfkzi2mp08th02rzhg4,Ruddy Buquet,RC Strasbourg Alsace,Association Jeunesse Auxerroise,I. Osman,0,0,1,2,2,3,0,1,19,0,0,1,1,3,0
85,29 Oct 2025,,7yvumhtfkzi2mp08th02rzhg4,Ruddy Buquet,RC Strasbourg Alsace,Association Jeunesse Auxerroise,D. Léon,0,0,0,0,0,0,0,0,30,0,6,0,0,0,0
85,29 Oct 2025,,7yvumhtfkzi2mp08th02rzhg4,Ruddy Buquet,RC Strasbourg Alsace,Association Jeunesse Auxerroise,O. El Azzouzi,0,0,0,0,0,0,0,0,5,0,0,0,0,0,0
85,29 Oct 2025,,7yvumhtfkzi2mp08th02rzhg4,Ruddy Buquet,RC Strasbourg Alsace,Association Jeunesse Auxerroise,E. Owusu,0,0,0,0,2,0,0,0,20,0,0,0,0,3,0
85,29 Oct 2025,,7yvumhtfkzi2mp08th02rzhg4,Ruddy Buquet,RC Strasbourg Alsace,Association Jeunesse Auxerroise,F. Sierralta,0,0,0,0,1,0,0,0,24,0,0,0,0,0,0
85,29 Oct 2025,,7yvumhtfkzi2mp08th02rzhg4,Ruddy Buquet,RC Strasbourg Alsace,Association Jeunesse Auxerroise,K. Danois,0,0,0,0,0,0,0,0,16,0,0,0,0,0,0
85,29 Oct 2025,,7yvumhtfkzi2mp08th02rzhg4,Ruddy Buquet,RC Strasbourg Alsace,Association Jeunesse Auxerroise,L. Coulibaly,0,0,2,2,1,1,0,0,8,0,0,0,0,0,0
85,29 Oct 2025,,7yvumhtfkzi2mp08th02rzhg4,Ruddy Buquet,RC Strasbourg Alsace,Association Jeunesse Auxerroise,R. Matondo,0,0,0,0,2,0,0,0,14,0,0,0,0,0,1
85,29 Oct 2025,,7yvumhtfkzi2mp08th02rzhg4,Ruddy Buquet,RC Strasbourg Alsace,Association Jeunesse Auxerroise,R. Rodin,0,0,0,0,0,0,0,0,3,0,0,0,0,0,0
86,29 Oct 2025,,7zakpx3bdi9xngk6n0kzf0xsk,Jeremy Stinat,Paris FC,Olympique Lyonnais,Otávio,0,1,0,1,1,2,0,0,69,0,0,2,0,0,0
86,29 Oct 2025,,7zakpx3bdi9xngk6n0kzf0xsk,Jeremy Stinat,Paris FC,Olympique Lyonnais,M. Mbow,0,0,0,0,1,0,0,0,48,0,0,0,0,4,1
86,29 Oct 2025,,7zakpx3bdi9xngk6n0kzf0xsk,Jeremy Stinat,Paris FC,Olympique Lyonnais,P. Lees-Melou,0,1,0,1,2,1,0,0,47,0,0,1,0,3,1
86,29 Oct 2025,,7zakpx3bdi9xngk6n0kzf0xsk,Jeremy Stinat,Paris FC,Olympique Lyonnais,M. Lopez,0,0,3,4,0,0,0,0,64,0,0,0,0,0,0
86,29 Oct 2025,,7zakpx3bdi9xngk6n0kzf0xsk,Jeremy Stinat,Paris FC,Olympique Lyonnais,T. De Smet,1,0,0,3,3,3,0,0,33,1,0,0,0,4,2
86,29 Oct 2025,,7zakpx3bdi9xngk6n0kzf0xsk,Jeremy Stinat,Paris FC,Olympique Lyonnais,W. Geubbels,0,0,0,0,1,0,0,0,15,0,0,1,0,1,0
86,29 Oct 2025,,7zakpx3bdi9xngk6n0kzf0xsk,Jeremy Stinat,Paris FC,Olympique Lyonnais,S. Chergui,0,1,0,2,4,1,0,0,33,0,0,1,0,2,1
86,29 Oct 2025,,7zakpx3bdi9xngk6n0kzf0xsk,Jeremy Stinat,Paris FC,Olympique Lyonnais,A. Camara,0,0,0,0,1,2,1,0,29,0,0,1,1,0,1
86,29 Oct 2025,,7zakpx3bdi9xngk6n0kzf0xsk,Jeremy Stinat,Paris FC,Olympique Lyonnais,I. Kebbal,1,0,0,7,0,6,1,0,51,0,0,1,1,2,0
86,29 Oct 2025,,7zakpx3bdi9xngk6n0kzf0xsk,Jeremy Stinat,Paris FC,Olympique Lyonnais,J. Ikoné,0,0,0,0,0,0,0,0,6,0,0,0,0,0,0
86,29 Oct 2025,,7zakpx3bdi9xngk6n0kzf0xsk,Jeremy Stinat,Paris FC,Olympique Lyonnais,O. Nkambadio,0,0,0,0,0,0,0,0,32,0,1,0,0,0,0
86,29 Oct 2025,,7zakpx3bdi9xngk6n0kzf0xsk,Jeremy Stinat,Paris FC,Olympique Lyonnais,M. Simon,0,1,1,3,0,0,0,0,12,0,0,1,0,1,0
86,29 Oct 2025,,7zakpx3bdi9xngk6n0kzf0xsk,Jeremy Stinat,Paris FC,Olympique Lyonnais,T. Ollila,0,1,0,2,1,0,0,0,8,0,0,1,0,0,0
86,29 Oct 2025,,7zakpx3bdi9xngk6n0kzf0xsk,Jeremy Stinat,Paris FC,Olympique Lyonnais,J. Krasso,0,0,0,0,2,0,0,1,6,0,0,1,0,0,0
86,29 Oct 2025,,7zakpx3bdi9xngk6n0kzf0xsk,Jeremy Stinat,Paris FC,Olympique Lyonnais,V. Marchetti,0,0,0,0,2,0,1,0,4,0,0,1,1,1,0
86,29 Oct 2025,,7zakpx3bdi9xngk6n0kzf0xsk,Jeremy Stinat,Paris FC,Olympique Lyonnais,P. Šulc,0,0,0,0,3,2,2,1,18,0,0,2,2,1,0
86,29 Oct 2025,,7zakpx3bdi9xngk6n0kzf0xsk,Jeremy Stinat,Paris FC,Olympique Lyonnais,T. Morton,0,2,2,3,0,1,0,0,42,0,0,2,0,2,0
86,29 Oct 2025,,7zakpx3bdi9xngk6n0kzf0xsk,Jeremy Stinat,Paris FC,Olympique Lyonnais,M. de Carvalho,0,0,0,0,0,4,0,0,57,0,0,1,0,2,1
86,29 Oct 2025,,7zakpx3bdi9xngk6n0kzf0xsk,Jeremy Stinat,Paris FC,Olympique Lyonnais,A. Maitland-Niles,0,0,1,0,3,1,0,0,34,0,0,0,0,5,0
86,29 Oct 2025,,7zakpx3bdi9xngk6n0kzf0xsk,Jeremy Stinat,Paris FC,Olympique Lyonnais,A. Karabec,0,0,0,4,3,3,0,0,15,0,0,0,0,2,1
86,29 Oct 2025,,7zakpx3bdi9xngk6n0kzf0xsk,Jeremy Stinat,Paris FC,Olympique Lyonnais,Clinton Mata,0,0,0,0,1,1,0,0,66,0,0,0,0,1,0
86,29 Oct 2025,,7zakpx3bdi9xngk6n0kzf0xsk,Jeremy Stinat,Paris FC,Olympique Lyonnais,D. Greif,1,0,0,0,0,0,0,0,34,0,0,0,0,0,0
86,29 Oct 2025,,7zakpx3bdi9xngk6n0kzf0xsk,Jeremy Stinat,Paris FC,Olympique Lyonnais,M. Niakhaté,0,0,0,0,0,2,0,0,65,0,0,0,0,2,0
86,29 Oct 2025,,7zakpx3bdi9xngk6n0kzf0xsk,Jeremy Stinat,Paris FC,Olympique Lyonnais,C. Tolisso,0,0,0,0,0,1,1,0,39,0,0,1,1,1,0
86,29 Oct 2025,,7zakpx3bdi9xngk6n0kzf0xsk,Jeremy Stinat,Paris FC,Olympique Lyonnais,Afonso Moreira,2,0,0,0,1,1,0,2,11,0,0,0,0,1,0
86,29 Oct 2025,,7zakpx3bdi9xngk6n0kzf0xsk,Jeremy Stinat,Paris FC,Olympique Lyonnais,Abner,0,0,0,0,2,0,0,0,16,1,0,0,0,2,0
86,29 Oct 2025,,7zakpx3bdi9xngk6n0kzf0xsk,Jeremy Stinat,Paris FC,Olympique Lyonnais,N. Tagliafico,0,0,0,1,3,0,0,1,10,0,0,1,1,0,0
86,29 Oct 2025,,7zakpx3bdi9xngk6n0kzf0xsk,Jeremy Stinat,Paris FC,Olympique Lyonnais,T. Tessmann,0,0,0,0,0,0,0,1,9,0,0,0,0,0,0
86,29 Oct 2025,,7zakpx3bdi9xngk6n0kzf0xsk,Jeremy Stinat,Paris FC,Olympique Lyonnais,H. Hateboer,0,0,0,0,0,0,0,0,14,0,0,0,0,1,0
86,29 Oct 2025,,7zakpx3bdi9xngk6n0kzf0xsk,Jeremy Stinat,Paris FC,Olympique Lyonnais,M. Satriano,0,0,0,0,0,2,0,0,1,0,0,0,0,0,0
87,29 Oct 2025,,7znx52cirafzl9sfcd5fcpd04,Benoît Millot,Le Havre AC,Stade Brestois 29,G. Kyeremeh,0,1,1,3,3,4,0,1,12,0,0,2,0,2,0
87,29 Oct 2025,,7znx52cirafzl9sfcd5fcpd04,Benoît Millot,Le Havre AC,Stade Brestois 29,A. Seko,0,0,0,0,1,0,0,0,47,0,0,1,1,0,1
87,29 Oct 2025,,7znx52cirafzl9sfcd5fcpd04,Benoît Millot,Le Havre AC,Stade Brestois 29,G. Lloris,0,1,0,0,2,0,0,0,52,0,0,1,0,0,0
87,29 Oct 2025,,7znx52cirafzl9sfcd5fcpd04,Benoît Millot,Le Havre AC,Stade Brestois 29,A. Sangante,0,0,0,0,0,0,1,0,43,0,0,1,1,0,0
87,29 Oct 2025,,7znx52cirafzl9sfcd5fcpd04,Benoît Millot,Le Havre AC,Stade Brestois 29,S. Zagadou,0,0,0,0,0,0,0,0,27,0,0,0,0,1,0
87,29 Oct 2025,,7znx52cirafzl9sfcd5fcpd04,Benoît Millot,Le Havre AC,Stade Brestois 29,T. Delaine,0,2,2,5,0,1,0,0,37,0,0,2,0,2,0
87,29 Oct 2025,,7znx52cirafzl9sfcd5fcpd04,Benoît Millot,Le Havre AC,Stade Brestois 29,F. Doucouré,0,0,1,13,1,0,0,1,37,0,0,0,0,1,0
87,29 Oct 2025,,7znx52cirafzl9sfcd5fcpd04,Benoît Millot,Le Havre AC,Stade Brestois 29,A. Touré,0,0,0,2,1,2,0,0,46,0,0,0,0,0,0
87,29 Oct 2025,,7znx52cirafzl9sfcd5fcpd04,Benoît Millot,Le Havre AC,Stade Brestois 29,I. Soumaré,0,1,0,2,2,1,0,0,27,0,0,4,1,1,0
87,29 Oct 2025,,7znx52cirafzl9sfcd5fcpd04,Benoît Millot,Le Havre AC,Stade Brestois 29,S. Ebonog,0,1,1,1,2,3,0,0,28,0,0,2,0,4,0
87,29 Oct 2025,,7znx52cirafzl9sfcd5fcpd04,Benoît Millot,Le Havre AC,Stade Brestois 29,M. Diaw,0,0,0,0,0,0,0,0,29,0,2,0,0,0,0
87,29 Oct 2025,,7znx52cirafzl9sfcd5fcpd04,Benoît Millot,Le Havre AC,Stade Brestois 29,Y. Zouaoui,1,0,0,3,0,0,0,0,7,0,0,0,0,0,0
87,29 Oct 2025,,7znx52cirafzl9sfcd5fcpd04,Benoît Millot,Le Havre AC,Stade Brestois 29,L. Nego,0,0,0,0,0,0,0,0,8,0,0,0,0,1,0
87,29 Oct 2025,,7znx52cirafzl9sfcd5fcpd04,Benoît Millot,Le Havre AC,Stade Brestois 29,R. Ndiaye,0,0,0,0,0,0,0,0,8,0,0,0,0,1,0
87,29 Oct 2025,,7znx52cirafzl9sfcd5fcpd04,Benoît Millot,Le Havre AC,Stade Brestois 29,Y. Kechta,0,0,0,0,0,0,0,0,3,0,0,0,0,1,0
87,29 Oct 2025,,7znx52cirafzl9sfcd5fcpd04,Benoît Millot,Le Havre AC,Stade Brestois 29,É. Youté,0,0,0,0,0,0,0,0,1,0,0,0,0,0,0
87,29 Oct 2025,,7znx52cirafzl9sfcd5fcpd04,Benoît Millot,Le Havre AC,Stade Brestois 29,L. Ajorque,0,2,0,0,0,1,0,0,29,0,0,2,0,0,0
87,29 Oct 2025,,7znx52cirafzl9sfcd5fcpd04,Benoît Millot,Le Havre AC,Stade Brestois 29,B. Chardonnet,0,0,0,0,1,3,0,0,69,0,0,0,0,1,0
87,29 Oct 2025,,7znx52cirafzl9sfcd5fcpd04,Benoît Millot,Le Havre AC,Stade Brestois 29,K. Lala,0,0,0,5,1,1,0,0,43,0,0,0,0,2,1
87,29 Oct 2025,,7znx52cirafzl9sfcd5fcpd04,Benoît Millot,Le Havre AC,Stade Brestois 29,R. Del Castillo,0,0,1,6,1,0,0,1,32,0,0,0,0,1,0
87,29 Oct 2025,,7znx52cirafzl9sfcd5fcpd04,Benoît Millot,Le Havre AC,Stade Brestois 29,D. Guindo,0,0,0,3,2,0,0,0,36,0,0,0,0,2,1
87,29 Oct 2025,,7znx52cirafzl9sfcd5fcpd04,Benoît Millot,Le Havre AC,Stade Brestois 29,L. Tousart,0,0,0,0,2,0,0,0,44,0,0,2,2,2,0
87,29 Oct 2025,,7znx52cirafzl9sfcd5fcpd04,Benoît Millot,Le Havre AC,Stade Brestois 29,S. Coulibaly,0,0,0,0,1,4,0,0,73,0,0,0,0,2,0
87,29 Oct 2025,,7znx52cirafzl9sfcd5fcpd04,Benoît Millot,Le Havre AC,Stade Brestois 29,H. Magnetti,0,0,0,0,0,0,0,0,47,0,0,1,0,2,0
87,29 Oct 2025,,7znx52cirafzl9sfcd5fcpd04,Benoît Millot,Le Havre AC,Stade Brestois 29,J. Dina Ebimbe,0,0,0,0,0,1,0,0,11,0,0,0,0,1,0
87,29 Oct 2025,,7znx52cirafzl9sfcd5fcpd04,Benoît Millot,Le Havre AC,Stade Brestois 29,R. Majecki,0,0,0,0,0,0,0,0,32,0,2,0,0,0,0
87,29 Oct 2025,,7znx52cirafzl9sfcd5fcpd04,Benoît Millot,Le Havre AC,Stade Brestois 29,J. Chotard,0,0,0,0,2,0,0,0,45,0,0,0,0,0,1
87,29 Oct 2025,,7znx52cirafzl9sfcd5fcpd04,Benoît Millot,Le Havre AC,Stade Brestois 29,Mama Baldé,0,0,0,1,1,0,0,0,10,0,0,3,0,1,0
87,29 Oct 2025,,7znx52cirafzl9sfcd5fcpd04,Benoît Millot,Le Havre AC,Stade Brestois 29,P. Mboup,0,0,0,1,0,1,0,0,6,0,0,0,0,0,0
87,29 Oct 2025,,7znx52cirafzl9sfcd5fcpd04,Benoît Millot,Le Havre AC,Stade Brestois 29,B. Locko,0,0,0,3,0,0,0,0,20,0,0,0,0,1,0
88,29 Oct 2025,,8017kgrmft0thxb5zciyfvifo,Clément Turpin,Toulouse FC,Stade Rennais FC,D. Sidibé,0,0,0,1,2,0,0,0,21,0,0,0,0,1,0
88,29 Oct 2025,,8017kgrmft0thxb5zciyfvifo,Clément Turpin,Toulouse FC,Stade Rennais FC,G. Restes,0,0,0,0,0,1,0,0,26,0,3,0,0,0,0
88,29 Oct 2025,,8017kgrmft0thxb5zciyfvifo,Clément Turpin,Toulouse FC,Stade Rennais FC,M. McKenzie,0,0,1,0,1,0,0,0,52,0,0,1,0,2,0
88,29 Oct 2025,,8017kgrmft0thxb5zciyfvifo,Clément Turpin,Toulouse FC,Stade Rennais FC,C. Cásseres,0,0,1,2,0,2,0,0,36,0,0,1,0,1,0
88,29 Oct 2025,,8017kgrmft0thxb5zciyfvifo,Clément Turpin,Toulouse FC,Stade Rennais FC,Y. Gboho,1,0,0,1,1,2,0,0,29,0,0,1,0,0,0
88,29 Oct 2025,,8017kgrmft0thxb5zciyfvifo,Clément Turpin,Toulouse FC,Stade Rennais FC,D. Méthalie,0,0,1,2,0,0,0,0,25,0,0,1,0,3,0
88,29 Oct 2025,,8017kgrmft0thxb5zciyfvifo,Clément Turpin,Toulouse FC,Stade Rennais FC,R. Nicolaisen,0,0,0,0,2,1,0,0,61,0,0,0,0,0,1
88,29 Oct 2025,,8017kgrmft0thxb5zciyfvifo,Clément Turpin,Toulouse FC,Stade Rennais FC,C. Cresswell,0,2,0,0,1,1,1,0,74,0,0,4,2,4,0
88,29 Oct 2025,,8017kgrmft0thxb5zciyfvifo,Clément Turpin,Toulouse FC,Stade Rennais FC,A. Dønnum,0,0,0,9,1,3,1,0,39,0,0,2,1,2,1
88,29 Oct 2025,,8017kgrmft0thxb5zciyfvifo,Clément Turpin,Toulouse FC,Stade Rennais FC,A. Francis,0,1,0,0,0,0,0,0,26,0,0,2,0,1,0
88,29 Oct 2025,,8017kgrmft0thxb5zciyfvifo,Clément Turpin,Toulouse FC,Stade Rennais FC,F. Magri,0,0,1,2,1,1,0,0,13,0,0,0,0,0,0
88,29 Oct 2025,,8017kgrmft0thxb5zciyfvifo,Clément Turpin,Toulouse FC,Stade Rennais FC,M. Sauer,0,0,0,0,0,0,0,0,15,0,0,1,0,0,0
88,29 Oct 2025,,8017kgrmft0thxb5zciyfvifo,Clément Turpin,Toulouse FC,Stade Rennais FC,Emersonn,0,1,1,1,0,0,0,0,3,0,0,1,0,0,0
88,29 Oct 2025,,8017kgrmft0thxb5zciyfvifo,Clément Turpin,Toulouse FC,Stade Rennais FC,A. Vossah,0,0,0,0,0,0,0,0,9,0,0,0,0,0,0
88,29 Oct 2025,,8017kgrmft0thxb5zciyfvifo,Clément Turpin,Toulouse FC,Stade Rennais FC,N. Edjouma,0,0,0,3,0,0,0,0,2,0,0,1,1,0,0
88,29 Oct 2025,,8017kgrmft0thxb5zciyfvifo,Clément Turpin,Toulouse FC,Stade Rennais FC,M. Camara,0,0,0,1,1,0,0,0,30,0,0,1,1,3,0
88,29 Oct 2025,,8017kgrmft0thxb5zciyfvifo,Clément Turpin,Toulouse FC,Stade Rennais FC,J. Jacquet,0,0,0,0,0,1,0,0,50,0,0,0,0,0,0
88,29 Oct 2025,,8017kgrmft0thxb5zciyfvifo,Clément Turpin,Toulouse FC,Stade Rennais FC,L. Brassier,0,0,0,0,1,0,0,0,44,0,0,1,0,0,0
88,29 Oct 2025,,8017kgrmft0thxb5zciyfvifo,Clément Turpin,Toulouse FC,Stade Rennais FC,D. Cissé,0,0,0,0,1,2,0,0,35,0,0,0,0,3,0
88,29 Oct 2025,,8017kgrmft0thxb5zciyfvifo,Clément Turpin,Toulouse FC,Stade Rennais FC,B. Samba,0,0,0,0,0,0,0,0,41,0,2,0,0,0,1
88,29 Oct 2025,,8017kgrmft0thxb5zciyfvifo,Clément Turpin,Toulouse FC,Stade Rennais FC,M. Meïté,0,1,1,2,1,1,0,0,4,0,0,2,0,0,0
88,29 Oct 2025,,8017kgrmft0thxb5zciyfvifo,Clément Turpin,Toulouse FC,Stade Rennais FC,V. Rongier,0,0,0,0,1,1,0,0,51,0,0,1,0,2,0
88,29 Oct 2025,,8017kgrmft0thxb5zciyfvifo,Clément Turpin,Toulouse FC,Stade Rennais FC,A. Aït Boudlal,0,1,0,0,2,0,0,0,36,0,0,1,0,2,1
88,29 Oct 2025,,8017kgrmft0thxb5zciyfvifo,Clément Turpin,Toulouse FC,Stade Rennais FC,P. Frankowski,0,0,1,4,1,0,0,1,22,0,0,0,0,3,0
88,29 Oct 2025,,8017kgrmft0thxb5zciyfvifo,Clément Turpin,Toulouse FC,Stade Rennais FC,E. Lepaul,1,0,0,0,0,0,1,0,10,0,0,3,2,0,0
88,29 Oct 2025,,8017kgrmft0thxb5zciyfvifo,Clément Turpin,Toulouse FC,Stade Rennais FC,Mousa Tamari,0,0,6,8,1,1,1,1,14,0,0,2,2,0,1
88,29 Oct 2025,,8017kgrmft0thxb5zciyfvifo,Clément Turpin,Toulouse FC,Stade Rennais FC,B. Embolo,0,0,0,0,2,2,0,0,2,0,0,0,0,0,0
88,29 Oct 2025,,8017kgrmft0thxb5zciyfvifo,Clément Turpin,Toulouse FC,Stade Rennais FC,A. Seidu,0,0,0,0,0,1,0,0,6,0,0,0,0,1,0
88,29 Oct 2025,,8017kgrmft0thxb5zciyfvifo,Clément Turpin,Toulouse FC,Stade Rennais FC,A. Nagida,0,0,0,0,1,0,0,0,3,0,0,0,0,1,0
88,29 Oct 2025,,8017kgrmft0thxb5zciyfvifo,Clément Turpin,Toulouse FC,Stade Rennais FC,G. Kamara,0,0,0,0,0,0,0,0,8,0,0,0,0,0,0
89,29 Oct 2025,,80ep8gebj6p6l3xr3x3983kes,Abdelatif Kherradji,FC Metz,Racing Club de Lens,G. Hein,0,1,0,2,2,1,2,0,50,1,0,4,2,1,2
89,29 Oct 2025,,80ep8gebj6p6l3xr3x3983kes,Abdelatif Kherradji,FC Metz,Racing Club de Lens,J. Gbamin,0,0,0,0,0,1,0,0,67,0,0,2,1,1,0
89,29 Oct 2025,,80ep8gebj6p6l3xr3x3983kes,Abdelatif Kherradji,FC Metz,Racing Club de Lens,M. Colin,0,0,0,0,0,0,0,0,54,0,0,1,0,4,0
89,29 Oct 2025,,80ep8gebj6p6l3xr3x3983kes,Abdelatif Kherradji,FC Metz,Racing Club de Lens,A. Touré,0,0,0,0,2,4,0,0,54,0,0,2,0,2,1
89,29 Oct 2025,,80ep8gebj6p6l3xr3x3983kes,Abdelatif Kherradji,FC Metz,Racing Club de Lens,T. Yegbe,0,0,0,0,0,1,0,0,57,0,0,0,0,1,0
89,29 Oct 2025,,80ep8gebj6p6l3xr3x3983kes,Abdelatif Kherradji,FC Metz,Racing Club de Lens,K. Kouao,0,0,1,1,0,2,0,0,48,0,0,2,1,1,0
89,29 Oct 2025,,80ep8gebj6p6l3xr3x3983kes,Abdelatif Kherradji,FC Metz,Racing Club de Lens,J. Deminguet,0,0,0,1,0,1,0,0,24,0,0,1,1,1,0
89,29 Oct 2025,,80ep8gebj6p6l3xr3x3983kes,Abdelatif Kherradji,FC Metz,Racing Club de Lens,C. Sabaly,0,0,0,0,4,0,0,0,23,0,0,1,1,2,0
89,29 Oct 2025,,80ep8gebj6p6l3xr3x3983kes,Abdelatif Kherradji,FC Metz,Racing Club de Lens,G. Tsitaishvili,0,0,0,7,1,1,0,0,25,0,0,1,0,2,0
89,29 Oct 2025,,80ep8gebj6p6l3xr3x3983kes,Abdelatif Kherradji,FC Metz,Racing Club de Lens,J. Fischer,0,0,0,0,0,0,0,0,30,0,2,0,0,0,0
89,29 Oct 2025,,80ep8gebj6p6l3xr3x3983kes,Abdelatif Kherradji,FC Metz,Racing Club de Lens,H. Diallo,0,0,1,0,6,1,0,0,6,0,0,2,1,2,0
89,29 Oct 2025,,80ep8gebj6p6l3xr3x3983kes,Abdelatif Kherradji,FC Metz,Racing Club de Lens,G. Abuashvili,0,0,0,0,0,1,0,0,6,0,0,0,0,1,0
89,29 Oct 2025,,80ep8gebj6p6l3xr3x3983kes,Abdelatif Kherradji,FC Metz,Racing Club de Lens,I. Guerti,0,0,0,1,0,0,0,0,7,0,0,0,0,0,0
89,29 Oct 2025,,80ep8gebj6p6l3xr3x3983kes,Abdelatif Kherradji,FC Metz,Racing Club de Lens,I. Sané,1,0,0,0,0,1,0,0,5,0,0,0,0,0,0
89,29 Oct 2025,,80ep8gebj6p6l3xr3x3983kes,Abdelatif Kherradji,FC Metz,Racing Club de Lens,M. Sangaré,0,1,0,1,2,2,0,0,54,0,0,2,0,3,0
89,29 Oct 2025,,80ep8gebj6p6l3xr3x3983kes,Abdelatif Kherradji,FC Metz,Racing Club de Lens,S. Baidoo,0,0,0,0,1,2,0,0,74,0,0,1,0,2,0
89,29 Oct 2025,,80ep8gebj6p6l3xr3x3983kes,Abdelatif Kherradji,FC Metz,Racing Club de Lens,D. Machado,0,0,0,1,1,2,0,0,18,0,0,0,0,0,1
89,29 Oct 2025,,80ep8gebj6p6l3xr3x3983kes,Abdelatif Kherradji,FC Metz,Racing Club de Lens,A. Sima,0,1,0,0,1,0,0,0,13,0,0,1,0,1,1
89,29 Oct 2025,,80ep8gebj6p6l3xr3x3983kes,Abdelatif Kherradji,FC Metz,Racing Club de Lens,A. Thomasson,0,0,1,5,3,2,0,0,47,0,0,0,0,1,0
89,29 Oct 2025,,80ep8gebj6p6l3xr3x3983kes,Abdelatif Kherradji,FC Metz,Racing Club de Lens,O. Édouard,0,0,0,0,0,0,0,1,6,0,0,2,1,0,0
89,29 Oct 2025,,80ep8gebj6p6l3xr3x3983kes,Abdelatif Kherradji,FC Metz,Racing Club de Lens,F. Thauvin,0,0,1,5,0,0,0,0,48,0,0,1,0,1,0
89,29 Oct 2025,,80ep8gebj6p6l3xr3x3983kes,Abdelatif Kherradji,FC Metz,Racing Club de Lens,M. Udol,0,0,0,1,1,0,0,0,75,0,0,1,0,1,0
89,29 Oct 2025,,80ep8gebj6p6l3xr3x3983kes,Abdelatif Kherradji,FC Metz,Racing Club de Lens,R. Risser,0,0,0,0,0,0,0,0,26,0,4,0,0,0,0
89,29 Oct 2025,,80ep8gebj6p6l3xr3x3983kes,Abdelatif Kherradji,FC Metz,Racing Club de Lens,J. Gradit,0,0,0,1,0,3,0,0,69,0,0,0,0,1,0
89,29 Oct 2025,,80ep8gebj6p6l3xr3x3983kes,Abdelatif Kherradji,FC Metz,Racing Club de Lens,Saud Abdulhamid,0,0,2,3,2,1,0,0,39,0,0,0,0,1,0
89,29 Oct 2025,,80ep8gebj6p6l3xr3x3983kes,Abdelatif Kherradji,FC Metz,Racing Club de Lens,M. Guilavogui,0,1,1,1,2,1,0,2,13,0,0,1,0,0,0
89,29 Oct 2025,,80ep8gebj6p6l3xr3x3983kes,Abdelatif Kherradji,FC Metz,Racing Club de Lens,W. Saïd,0,0,0,1,1,0,0,0,15,0,0,0,0,0,0
89,29 Oct 2025,,80ep8gebj6p6l3xr3x3983kes,Abdelatif Kherradji,FC Metz,Racing Club de Lens,R. Aguilar,0,0,0,2,1,0,0,0,20,0,0,0,0,1,0
89,29 Oct 2025,,80ep8gebj6p6l3xr3x3983kes,Abdelatif Kherradji,FC Metz,Racing Club de Lens,A. Bulatović,0,0,0,0,0,1,0,0,4,0,0,0,0,1,0
89,29 Oct 2025,,80ep8gebj6p6l3xr3x3983kes,Abdelatif Kherradji,FC Metz,Racing Club de Lens,R. Fofana,0,0,0,0,0,0,0,0,3,0,0,1,1,1,0
90,29 Oct 2025,,80wh2fbewlez7ttmv63yowlqs,Bastien Dechepy,OGC Nice Côte d'Azur,Lille OSC,J. Bah,0,0,0,0,0,0,0,0,23,0,0,0,0,1,0
90,29 Oct 2025,,80wh2fbewlez7ttmv63yowlqs,Bastien Dechepy,OGC Nice Côte d'Azur,Lille OSC,K. Peprah Oppong,0,0,0,0,1,1,0,0,35,0,0,1,0,0,0
90,29 Oct 2025,,80wh2fbewlez7ttmv63yowlqs,Bastien Dechepy,OGC Nice Côte d'Azur,Lille OSC,A. Mendy,0,0,0,0,0,0,0,0,30,0,0,0,0,1,1
90,29 Oct 2025,,80wh2fbewlez7ttmv63yowlqs,Bastien Dechepy,OGC Nice Côte d'Azur,Lille OSC,Y. Diouf,0,0,0,0,0,0,0,0,24,0,4,0,0,0,0
90,29 Oct 2025,,80wh2fbewlez7ttmv63yowlqs,Bastien Dechepy,OGC Nice Côte d'Azur,Lille OSC,Kevin Carlos,0,0,0,0,3,1,0,1,23,0,0,0,0,0,0
90,29 Oct 2025,,80wh2fbewlez7ttmv63yowlqs,Bastien Dechepy,OGC Nice Côte d'Azur,Lille OSC,Tiago Gouveia,0,0,1,1,2,0,0,0,25,0,0,1,0,1,1
90,29 Oct 2025,,80wh2fbewlez7ttmv63yowlqs,Bastien Dechepy,OGC Nice Côte d'Azur,Lille OSC,S. Abdul Samed,0,0,0,1,0,3,0,0,23,0,0,0,0,0,0
90,29 Oct 2025,,80wh2fbewlez7ttmv63yowlqs,Bastien Dechepy,OGC Nice Côte d'Azur,Lille OSC,S. Diop,0,0,0,0,1,0,1,0,26,0,0,3,1,0,0
90,29 Oct 2025,,80wh2fbewlez7ttmv63yowlqs,Bastien Dechepy,OGC Nice Côte d'Azur,Lille OSC,C. Vanhoutte,0,0,0,1,1,0,0,0,26,0,0,0,0,3,1
90,29 Oct 2025,,80wh2fbewlez7ttmv63yowlqs,Bastien Dechepy,OGC Nice Côte d'Azur,Lille OSC,M. Bard,0,0,0,2,1,1,0,0,19,0,0,0,0,4,0
90,29 Oct 2025,,80wh2fbewlez7ttmv63yowlqs,Bastien Dechepy,OGC Nice Côte d'Azur,Lille OSC,J. Boga,0,0,1,1,0,2,0,0,16,0,0,0,0,0,0
90,29 Oct 2025,,80wh2fbewlez7ttmv63yowlqs,Bastien Dechepy,OGC Nice Côte d'Azur,Lille OSC,I. Jansson,0,0,0,0,1,1,1,0,6,0,0,3,3,1,0
90,29 Oct 2025,,80wh2fbewlez7ttmv63yowlqs,Bastien Dechepy,OGC Nice Côte d'Azur,Lille OSC,T. Louchet,0,0,0,0,1,0,0,0,5,0,0,0,0,1,0
90,29 Oct 2025,,80wh2fbewlez7ttmv63yowlqs,Bastien Dechepy,OGC Nice Côte d'Azur,Lille OSC,H. Boudaoui,0,0,0,0,0,1,0,0,5,0,0,0,0,0,0
90,29 Oct 2025,,80wh2fbewlez7ttmv63yowlqs,Bastien Dechepy,OGC Nice Côte d'Azur,Lille OSC,M. Sanson,1,0,0,0,0,0,0,0,4,0,0,0,0,0,0
90,29 Oct 2025,,80wh2fbewlez7ttmv63yowlqs,Bastien Dechepy,OGC Nice Côte d'Azur,Lille OSC,H. Haraldsson,0,2,3,9,1,2,0,0,38,0,0,3,0,0,1
90,29 Oct 2025,,80wh2fbewlez7ttmv63yowlqs,Bastien Dechepy,OGC Nice Côte d'Azur,Lille OSC,A. Bodart,0,0,0,0,1,0,0,0,37,0,2,0,0,0,0
90,29 Oct 2025,,80wh2fbewlez7ttmv63yowlqs,Bastien Dechepy,OGC Nice Côte d'Azur,Lille OSC,T. Meunier,0,1,1,5,3,0,0,0,64,0,0,3,1,3,0
90,29 Oct 2025,,80wh2fbewlez7ttmv63yowlqs,Bastien Dechepy,OGC Nice Côte d'Azur,Lille OSC,A. Mandi,0,1,1,0,0,1,0,0,76,0,0,1,0,2,0
90,29 Oct 2025,,80wh2fbewlez7ttmv63yowlqs,Bastien Dechepy,OGC Nice Côte d'Azur,Lille OSC,R. Perraud,0,0,0,11,0,1,0,0,67,0,0,2,2,1,0
90,29 Oct 2025,,80wh2fbewlez7ttmv63yowlqs,Bastien Dechepy,OGC Nice Côte d'Azur,Lille OSC,Matías Fernández,0,1,2,7,0,0,0,0,49,0,0,1,0,3,0
90,29 Oct 2025,,80wh2fbewlez7ttmv63yowlqs,Bastien Dechepy,OGC Nice Côte d'Azur,Lille OSC,N. Ngoy,0,0,1,2,0,0,0,0,77,0,0,1,1,2,0
90,29 Oct 2025,,80wh2fbewlez7ttmv63yowlqs,Bastien Dechepy,OGC Nice Côte d'Azur,Lille OSC,Félix Correia,0,1,1,2,0,1,0,0,39,0,0,1,0,0,0
90,29 Oct 2025,,80wh2fbewlez7ttmv63yowlqs,Bastien Dechepy,OGC Nice Côte d'Azur,Lille OSC,A. Bouaddi,0,0,1,0,2,1,0,0,35,0,0,0,0,4,1
90,29 Oct 2025,,80wh2fbewlez7ttmv63yowlqs,Bastien Dechepy,OGC Nice Côte d'Azur,Lille OSC,H. Igamane,0,2,1,1,0,1,0,0,16,0,0,5,0,1,0
90,29 Oct 2025,,80wh2fbewlez7ttmv63yowlqs,Bastien Dechepy,OGC Nice Côte d'Azur,Lille OSC,B. André,0,1,0,1,3,0,0,0,41,0,0,2,0,1,1
90,29 Oct 2025,,80wh2fbewlez7ttmv63yowlqs,Bastien Dechepy,OGC Nice Côte d'Azur,Lille OSC,N. Bentaleb,0,0,0,1,0,0,0,0,20,0,0,1,0,0,0
90,29 Oct 2025,,80wh2fbewlez7ttmv63yowlqs,Bastien Dechepy,OGC Nice Côte d'Azur,Lille OSC,O. Sahraoui,0,0,1,0,0,1,0,0,20,0,0,0,0,0,0
90,29 Oct 2025,,80wh2fbewlez7ttmv63yowlqs,Bastien Dechepy,OGC Nice Côte d'Azur,Lille OSC,M. Broholm,0,0,0,1,0,1,0,0,5,0,0,0,0,1,0
90,29 Oct 2025,,80wh2fbewlez7ttmv63yowlqs,Bastien Dechepy,OGC Nice Côte d'Azur,Lille OSC,N. Mukau,0,0,1,0,0,0,0,0,7,0,0,0,0,0,0
90,29 Oct 2025,,80wh2fbewlez7ttmv63yowlqs,Bastien Dechepy,OGC Nice Côte d'Azur,Lille OSC,O. Giroud,0,0,0,0,0,0,0,0,2,0,0,1,0,0,0
16,23 Aug 2025,,79brtmu270u71wnu6nqh6uj2s,Eric Wattellier,Olympique Lyonnais,FC Metz,T. Morton,0,0,0,3,0,3,0,0,69,0,0,1,1,1,0
16,23 Aug 2025,,79brtmu270u71wnu6nqh6uj2s,Eric Wattellier,Olympique Lyonnais,FC Metz,M. Niakhaté,0,0,0,0,3,1,0,0,89,0,0,0,0,2,0
16,23 Aug 2025,,79brtmu270u71wnu6nqh6uj2s,Eric Wattellier,Olympique Lyonnais,FC Metz,Abner,0,1,0,1,1,1,0,0,25,0,0,1,0,0,0
16,23 Aug 2025,,79brtmu270u71wnu6nqh6uj2s,Eric Wattellier,Olympique Lyonnais,FC Metz,P. Šulc,1,0,1,0,2,0,0,0,13,0,0,2,0,1,0
16,23 Aug 2025,,79brtmu270u71wnu6nqh6uj2s,Eric Wattellier,Olympique Lyonnais,FC Metz,A. Maitland-Niles,1,0,0,0,4,1,0,1,48,0,0,0,0,6,0
16,23 Aug 2025,,79brtmu270u71wnu6nqh6uj2s,Eric Wattellier,Olympique Lyonnais,FC Metz,Clinton Mata,0,0,0,0,0,1,0,0,87,0,0,0,0,2,0
16,23 Aug 2025,,79brtmu270u71wnu6nqh6uj2s,Eric Wattellier,Olympique Lyonnais,FC Metz,T. Tessmann,0,0,0,1,0,1,0,0,71,0,0,1,1,4,0
16,23 Aug 2025,,79brtmu270u71wnu6nqh6uj2s,Eric Wattellier,Olympique Lyonnais,FC Metz,C. Tolisso,0,0,0,0,0,2,1,0,32,0,0,1,1,1,0
16,23 Aug 2025,,79brtmu270u71wnu6nqh6uj2s,Eric Wattellier,Olympique Lyonnais,FC Metz,G. Mikautadze,0,1,2,0,0,0,0,0,17,0,0,5,3,0,0
16,23 Aug 2025,,79brtmu270u71wnu6nqh6uj2s,Eric Wattellier,Olympique Lyonnais,FC Metz,M. Fofana,0,0,0,2,0,3,1,0,24,0,0,1,1,1,0
16,23 Aug 2025,,79brtmu270u71wnu6nqh6uj2s,Eric Wattellier,Olympique Lyonnais,FC Metz,R. Descamps,0,0,0,0,0,0,0,0,27,0,2,0,0,0,0
16,23 Aug 2025,,79brtmu270u71wnu6nqh6uj2s,Eric Wattellier,Olympique Lyonnais,FC Metz,A. Karabec,0,0,1,1,0,0,1,0,8,0,0,1,1,0,0
16,23 Aug 2025,,79brtmu270u71wnu6nqh6uj2s,Eric Wattellier,Olympique Lyonnais,FC Metz,N. Tagliafico,0,0,0,1,1,0,0,0,7,0,0,0,0,0,0
16,23 Aug 2025,,79brtmu270u71wnu6nqh6uj2s,Eric Wattellier,Olympique Lyonnais,FC Metz,K. Merah,0,0,0,0,1,2,0,0,13,0,0,0,0,0,0
16,23 Aug 2025,,79brtmu270u71wnu6nqh6uj2s,Eric Wattellier,Olympique Lyonnais,FC Metz,R. Kluivert,0,0,0,0,0,0,0,0,9,0,0,0,0,0,0
16,23 Aug 2025,,79brtmu270u71wnu6nqh6uj2s,Eric Wattellier,Olympique Lyonnais,FC Metz,Afonso Moreira,0,0,0,1,1,0,0,0,3,0,0,0,0,0,0
16,23 Aug 2025,,79brtmu270u71wnu6nqh6uj2s,Eric Wattellier,Olympique Lyonnais,FC Metz,G. Abuashvili,0,1,0,2,1,0,0,0,27,0,0,2,0,1,0
16,23 Aug 2025,,79brtmu270u71wnu6nqh6uj2s,Eric Wattellier,Olympique Lyonnais,FC Metz,B. Traoré,0,0,0,1,2,0,0,0,57,0,0,2,1,1,1
16,23 Aug 2025,,79brtmu270u71wnu6nqh6uj2s,Eric Wattellier,Olympique Lyonnais,FC Metz,B. Madjo,0,1,1,0,1,1,0,1,9,0,0,2,1,0,0
16,23 Aug 2025,,79brtmu270u71wnu6nqh6uj2s,Eric Wattellier,Olympique Lyonnais,FC Metz,K. Kouao,0,0,0,4,3,0,0,1,30,0,0,0,0,0,1
16,23 Aug 2025,,79brtmu270u71wnu6nqh6uj2s,Eric Wattellier,Olympique Lyonnais,FC Metz,J. Fischer,0,0,0,0,0,1,0,0,34,0,5,0,0,0,0
16,23 Aug 2025,,79brtmu270u71wnu6nqh6uj2s,Eric Wattellier,Olympique Lyonnais,FC Metz,G. Hein,0,2,1,3,0,0,0,0,59,0,0,2,0,1,0
16,23 Aug 2025,,79brtmu270u71wnu6nqh6uj2s,Eric Wattellier,Olympique Lyonnais,FC Metz,B. Stambouli,0,1,1,0,2,0,0,0,41,0,0,1,0,3,0
16,23 Aug 2025,,79brtmu270u71wnu6nqh6uj2s,Eric Wattellier,Olympique Lyonnais,FC Metz,J. Gbamin,0,0,0,0,0,0,0,0,69,0,0,0,0,1,0
16,23 Aug 2025,,79brtmu270u71wnu6nqh6uj2s,Eric Wattellier,Olympique Lyonnais,FC Metz,M. Mboula,0,0,0,1,1,3,0,0,25,0,0,0,0,1,0
16,23 Aug 2025,,79brtmu270u71wnu6nqh6uj2s,Eric Wattellier,Olympique Lyonnais,FC Metz,S. Sané,0,0,0,0,3,0,0,0,71,0,0,0,0,3,0
16,23 Aug 2025,,79brtmu270u71wnu6nqh6uj2s,Eric Wattellier,Olympique Lyonnais,FC Metz,G. Tsitaishvili,0,1,0,0,1,2,0,1,19,0,0,2,0,0,0
16,23 Aug 2025,,79brtmu270u71wnu6nqh6uj2s,Eric Wattellier,Olympique Lyonnais,FC Metz,A. Touré,0,0,0,3,0,1,0,0,19,0,0,0,0,3,0
16,23 Aug 2025,,79brtmu270u71wnu6nqh6uj2s,Eric Wattellier,Olympique Lyonnais,FC Metz,M. Bokele Mputu,0,0,0,1,0,2,0,0,15,0,0,0,0,1,0
16,23 Aug 2025,,79brtmu270u71wnu6nqh6uj2s,Eric Wattellier,Olympique Lyonnais,FC Metz,I. Sané,0,0,0,0,1,2,0,0,9,0,0,0,0,0,0
16,23 Aug 2025,,79brtmu270u71wnu6nqh6uj2s,Eric Wattellier,Olympique Lyonnais,FC Metz,I. Gueye,0,0,0,0,0,1,0,0,1,0,0,0,0,0,0
17,24 Aug 2025,,79oyk2qmf1t5auscpyaavyrdg,Bastien Dechepy,RC Strasbourg Alsace,FC Nantes,F. Lemaréchal,0,1,0,5,1,3,0,0,33,0,0,1,0,1,0
17,24 Aug 2025,,79oyk2qmf1t5auscpyaavyrdg,Bastien Dechepy,RC Strasbourg Alsace,FC Nantes,J. Mwanga,0,0,1,1,2,0,0,0,43,0,0,1,0,4,0
17,24 Aug 2025,,79oyk2qmf1t5auscpyaavyrdg,Bastien Dechepy,RC Strasbourg Alsace,FC Nantes,S. El Mourabet,0,1,0,1,0,1,0,1,33,0,0,1,0,0,0
17,24 Aug 2025,,79oyk2qmf1t5auscpyaavyrdg,Bastien Dechepy,RC Strasbourg Alsace,FC Nantes,M. Sarr,0,0,0,0,1,0,0,0,54,0,0,0,0,7,0
17,24 Aug 2025,,79oyk2qmf1t5auscpyaavyrdg,Bastien Dechepy,RC Strasbourg Alsace,FC Nantes,A. Omobamidele,0,0,0,0,2,0,0,0,46,0,0,0,0,0,0
17,24 Aug 2025,,79oyk2qmf1t5auscpyaavyrdg,Bastien Dechepy,RC Strasbourg Alsace,FC Nantes,I. Doukouré,0,0,0,1,1,1,0,0,62,0,0,0,0,2,1
17,24 Aug 2025,,79oyk2qmf1t5auscpyaavyrdg,Bastien Dechepy,RC Strasbourg Alsace,FC Nantes,K. Johnsson,0,0,0,0,0,0,0,0,32,0,2,0,0,0,0
17,24 Aug 2025,,79oyk2qmf1t5auscpyaavyrdg,Bastien Dechepy,RC Strasbourg Alsace,FC Nantes,J. Panichelli,0,0,0,0,1,1,0,2,20,0,0,2,0,0,1
17,24 Aug 2025,,79oyk2qmf1t5auscpyaavyrdg,Bastien Dechepy,RC Strasbourg Alsace,FC Nantes,A. Ouattara,0,1,1,2,1,0,0,0,27,0,0,3,1,0,0
17,24 Aug 2025,,79oyk2qmf1t5auscpyaavyrdg,Bastien Dechepy,RC Strasbourg Alsace,FC Nantes,K. Páez,0,2,3,7,1,1,0,0,20,0,0,3,0,0,0
17,24 Aug 2025,,79oyk2qmf1t5auscpyaavyrdg,Bastien Dechepy,RC Strasbourg Alsace,FC Nantes,S. Nanasi,0,0,0,0,0,0,0,0,17,0,0,0,0,0,0
17,24 Aug 2025,,79oyk2qmf1t5auscpyaavyrdg,Bastien Dechepy,RC Strasbourg Alsace,FC Nantes,V. Barco,0,0,0,0,0,2,0,0,29,0,0,0,0,0,0
17,24 Aug 2025,,79oyk2qmf1t5auscpyaavyrdg,Bastien Dechepy,RC Strasbourg Alsace,FC Nantes,E. Emegha,0,0,0,0,0,0,1,1,0,0,0,3,2,0,0
17,24 Aug 2025,,79oyk2qmf1t5auscpyaavyrdg,Bastien Dechepy,RC Strasbourg Alsace,FC Nantes,D. Bakwa,1,0,1,5,0,0,0,0,9,0,0,0,0,0,0
17,24 Aug 2025,,79oyk2qmf1t5auscpyaavyrdg,Bastien Dechepy,RC Strasbourg Alsace,FC Nantes,D. Moreira,0,0,1,1,0,0,0,0,13,0,0,0,0,3,0
17,24 Aug 2025,,79oyk2qmf1t5auscpyaavyrdg,Bastien Dechepy,RC Strasbourg Alsace,FC Nantes,Rafael Luís,0,0,0,0,1,0,0,0,10,0,0,1,1,2,0
17,24 Aug 2025,,79oyk2qmf1t5auscpyaavyrdg,Bastien Dechepy,RC Strasbourg Alsace,FC Nantes,N. Cozza,0,1,0,1,1,2,0,0,36,0,0,1,0,0,0
17,24 Aug 2025,,79oyk2qmf1t5auscpyaavyrdg,Bastien Dechepy,RC Strasbourg Alsace,FC Nantes,J. Lepenant,0,1,0,2,0,1,0,0,19,0,0,1,0,4,0
17,24 Aug 2025,,79oyk2qmf1t5auscpyaavyrdg,Bastien Dechepy,RC Strasbourg Alsace,FC Nantes,H. Guirassy,0,1,1,0,0,0,0,0,17,0,0,3,2,2,0
17,24 Aug 2025,,79oyk2qmf1t5auscpyaavyrdg,Bastien Dechepy,RC Strasbourg Alsace,FC Nantes,C. Awaziem,0,0,0,0,2,0,0,0,89,0,0,0,0,1,1
17,24 Aug 2025,,79oyk2qmf1t5auscpyaavyrdg,Bastien Dechepy,RC Strasbourg Alsace,FC Nantes,K. Amian,0,0,1,0,0,0,0,0,53,0,0,1,0,2,0
17,24 Aug 2025,,79oyk2qmf1t5auscpyaavyrdg,Bastien Dechepy,RC Strasbourg Alsace,FC Nantes,Anthony Lopes,0,0,0,0,0,1,0,0,51,0,3,0,0,0,0
17,24 Aug 2025,,79oyk2qmf1t5auscpyaavyrdg,Bastien Dechepy,RC Strasbourg Alsace,FC Nantes,F. Coquelin,0,1,1,0,1,0,0,0,32,0,0,1,0,0,1
17,24 Aug 2025,,79oyk2qmf1t5auscpyaavyrdg,Bastien Dechepy,RC Strasbourg Alsace,FC Nantes,T. Tati,0,0,0,0,0,0,0,0,64,0,0,0,0,3,0
17,24 Aug 2025,,79oyk2qmf1t5auscpyaavyrdg,Bastien Dechepy,RC Strasbourg Alsace,FC Nantes,L. Leroux,0,0,0,3,1,1,0,0,28,0,0,0,0,3,0
17,24 Aug 2025,,79oyk2qmf1t5auscpyaavyrdg,Bastien Dechepy,RC Strasbourg Alsace,FC Nantes,Mostafa Mohamed,0,0,0,0,1,4,0,0,17,0,0,1,0,3,0
17,24 Aug 2025,,79oyk2qmf1t5auscpyaavyrdg,Bastien Dechepy,RC Strasbourg Alsace,FC Nantes,Y. Benhattab,0,1,1,3,1,0,0,1,26,0,0,1,0,1,0
17,24 Aug 2025,,79oyk2qmf1t5auscpyaavyrdg,Bastien Dechepy,RC Strasbourg Alsace,FC Nantes,M. Abline,0,0,1,2,1,1,0,0,6,0,0,0,0,0,0
17,24 Aug 2025,,79oyk2qmf1t5auscpyaavyrdg,Bastien Dechepy,RC Strasbourg Alsace,FC Nantes,Kwon Hyeok-Kyu,0,0,0,0,1,1,0,0,19,0,0,0,0,0,0
17,24 Aug 2025,,79oyk2qmf1t5auscpyaavyrdg,Bastien Dechepy,RC Strasbourg Alsace,FC Nantes,Hong Hyun-Seok,0,0,1,3,0,0,0,0,11,0,0,0,0,2,0
17,24 Aug 2025,,79oyk2qmf1t5auscpyaavyrdg,Bastien Dechepy,RC Strasbourg Alsace,FC Nantes,D. Tabibou,0,0,0,0,0,0,0,0,3,0,0,0,0,0,0
17,24 Aug 2025,,79oyk2qmf1t5auscpyaavyrdg,Bastien Dechepy,RC Strasbourg Alsace,FC Nantes,Y. El-Arabi,0,0,0,0,0,0,0,1,3,0,0,0,0,0,0
18,22 Aug 2025,,7a235jtuwzxep18ue4cpoi51w,Hakim Ben El Hadj Salem,Paris Saint-Germain FC,Angers Sporting Club de l'Ouest,Vitinha,0,1,2,0,0,0,0,0,160,0,0,4,1,1,0
18,22 Aug 2025,,7a235jtuwzxep18ue4cpoi51w,Hakim Ben El Hadj Salem,Paris Saint-Germain FC,Angers Sporting Club de l'Ouest,A. Hakimi,0,0,1,6,1,0,0,0,129,0,0,1,0,1,0
18,22 Aug 2025,,7a235jtuwzxep18ue4cpoi51w,Hakim Ben El Hadj Salem,Paris Saint-Germain FC,Angers Sporting Club de l'Ouest,W. Pacho,0,0,0,0,0,1,0,0,69,0,0,0,0,1,0
18,22 Aug 2025,,7a235jtuwzxep18ue4cpoi51w,Hakim Ben El Hadj Salem,Paris Saint-Germain FC,Angers Sporting Club de l'Ouest,Nuno Mendes,0,1,2,7,0,1,0,0,75,0,0,2,1,0,0
18,22 Aug 2025,,7a235jtuwzxep18ue4cpoi51w,Hakim Ben El Hadj Salem,Paris Saint-Germain FC,Angers Sporting Club de l'Ouest,João Neves,0,0,0,0,1,1,0,0,75,0,0,2,0,2,0
18,22 Aug 2025,,7a235jtuwzxep18ue4cpoi51w,Hakim Ben El Hadj Salem,Paris Saint-Germain FC,Angers Sporting Club de l'Ouest,D. Doué,0,0,2,7,0,2,0,0,50,0,0,2,0,4,0
18,22 Aug 2025,,7a235jtuwzxep18ue4cpoi51w,Hakim Ben El Hadj Salem,Paris Saint-Germain FC,Angers Sporting Club de l'Ouest,Marquinhos,0,0,0,0,0,0,0,0,101,0,0,0,0,4,0
18,22 Aug 2025,,7a235jtuwzxep18ue4cpoi51w,Hakim Ben El Hadj Salem,Paris Saint-Germain FC,Angers Sporting Club de l'Ouest,B. Barcola,0,0,2,0,0,0,0,0,29,0,0,1,0,2,0
18,22 Aug 2025,,7a235jtuwzxep18ue4cpoi51w,Hakim Ben El Hadj Salem,Paris Saint-Germain FC,Angers Sporting Club de l'Ouest,Fabián Ruiz,0,1,2,2,0,1,1,1,134,0,0,3,1,3,0
18,22 Aug 2025,,7a235jtuwzxep18ue4cpoi51w,Hakim Ben El Hadj Salem,Paris Saint-Germain FC,Angers Sporting Club de l'Ouest,O. Dembélé,0,0,0,3,0,0,0,0,73,0,0,3,0,1,0
18,22 Aug 2025,,7a235jtuwzxep18ue4cpoi51w,Hakim Ben El Hadj Salem,Paris Saint-Germain FC,Angers Sporting Club de l'Ouest,L. Chevalier,0,0,0,0,0,0,0,0,13,0,0,0,0,0,0
18,22 Aug 2025,,7a235jtuwzxep18ue4cpoi51w,Hakim Ben El Hadj Salem,Paris Saint-Germain FC,Angers Sporting Club de l'Ouest,W. Zaïre-Emery,0,0,0,1,1,0,0,0,32,0,0,1,0,0,0
18,22 Aug 2025,,7a235jtuwzxep18ue4cpoi51w,Hakim Ben El Hadj Salem,Paris Saint-Germain FC,Angers Sporting Club de l'Ouest,Gonçalo Ramos,0,0,0,0,0,0,0,0,8,0,0,1,1,0,0
18,22 Aug 2025,,7a235jtuwzxep18ue4cpoi51w,Hakim Ben El Hadj Salem,Paris Saint-Germain FC,Angers Sporting Club de l'Ouest,I. Mbaye,0,0,1,2,0,1,0,0,16,0,0,0,0,0,0
18,22 Aug 2025,,7a235jtuwzxep18ue4cpoi51w,Hakim Ben El Hadj Salem,Paris Saint-Germain FC,Angers Sporting Club de l'Ouest,Lee Kang-In,0,1,0,0,0,1,0,0,17,0,0,1,0,0,0
18,22 Aug 2025,,7a235jtuwzxep18ue4cpoi51w,Hakim Ben El Hadj Salem,Paris Saint-Germain FC,Angers Sporting Club de l'Ouest,J. Ekomié,0,0,0,0,0,0,0,0,12,0,0,0,0,12,0
18,22 Aug 2025,,7a235jtuwzxep18ue4cpoi51w,Hakim Ben El Hadj Salem,Paris Saint-Germain FC,Angers Sporting Club de l'Ouest,S. Cherif,0,0,0,0,1,0,0,0,6,0,0,1,0,0,0
18,22 Aug 2025,,7a235jtuwzxep18ue4cpoi51w,Hakim Ben El Hadj Salem,Paris Saint-Germain FC,Angers Sporting Club de l'Ouest,E. Lepaul,0,0,0,0,1,0,0,1,20,0,0,1,0,0,0
18,22 Aug 2025,,7a235jtuwzxep18ue4cpoi51w,Hakim Ben El Hadj Salem,Paris Saint-Germain FC,Angers Sporting Club de l'Ouest,L. Raolisoa,0,0,0,1,2,0,0,0,16,0,0,0,0,5,0
18,22 Aug 2025,,7a235jtuwzxep18ue4cpoi51w,Hakim Ben El Hadj Salem,Paris Saint-Germain FC,Angers Sporting Club de l'Ouest,C. Arcus,0,0,0,1,1,0,0,0,13,0,0,0,0,1,0
18,22 Aug 2025,,7a235jtuwzxep18ue4cpoi51w,Hakim Ben El Hadj Salem,Paris Saint-Germain FC,Angers Sporting Club de l'Ouest,Y. Belkhdim,0,0,0,0,1,0,0,0,21,0,0,1,0,2,0
18,22 Aug 2025,,7a235jtuwzxep18ue4cpoi51w,Hakim Ben El Hadj Salem,Paris Saint-Germain FC,Angers Sporting Club de l'Ouest,M. Courcoul,0,0,0,0,1,0,0,0,9,0,0,0,0,2,0
18,22 Aug 2025,,7a235jtuwzxep18ue4cpoi51w,Hakim Ben El Hadj Salem,Paris Saint-Germain FC,Angers Sporting Club de l'Ouest,H. Belkebla,0,0,0,0,0,2,0,0,17,0,0,0,0,2,0
18,22 Aug 2025,,7a235jtuwzxep18ue4cpoi51w,Hakim Ben El Hadj Salem,Paris Saint-Germain FC,Angers Sporting Club de l'Ouest,J. Lefort,0,0,0,0,0,1,0,0,22,0,0,0,0,4,0
18,22 Aug 2025,,7a235jtuwzxep18ue4cpoi51w,Hakim Ben El Hadj Salem,Paris Saint-Germain FC,Angers Sporting Club de l'Ouest,O. Camara,0,0,0,0,1,0,0,0,12,0,0,0,0,4,0
18,22 Aug 2025,,7a235jtuwzxep18ue4cpoi51w,Hakim Ben El Hadj Salem,Paris Saint-Germain FC,Angers Sporting Club de l'Ouest,H. Koffi,0,0,0,0,0,0,0,0,22,0,3,0,0,0,0
18,22 Aug 2025,,7a235jtuwzxep18ue4cpoi51w,Hakim Ben El Hadj Salem,Paris Saint-Germain FC,Angers Sporting Club de l'Ouest,P. Capelle,0,0,0,1,0,0,0,0,16,0,0,0,0,1,0
18,22 Aug 2025,,7a235jtuwzxep18ue4cpoi51w,Hakim Ben El Hadj Salem,Paris Saint-Germain FC,Angers Sporting Club de l'Ouest,J. Allevinah,0,0,0,0,0,0,0,0,3,0,0,0,0,0,0
18,22 Aug 2025,,7a235jtuwzxep18ue4cpoi51w,Hakim Ben El Hadj Salem,Paris Saint-Germain FC,Angers Sporting Club de l'Ouest,E. Biumla,0,0,0,0,0,0,0,0,1,0,0,0,0,0,0
18,22 Aug 2025,,7a235jtuwzxep18ue4cpoi51w,Hakim Ben El Hadj Salem,Paris Saint-Germain FC,Angers Sporting Club de l'Ouest,F. Hanin,0,0,0,0,0,0,0,0,3,0,0,0,0,0,0
18,22 Aug 2025,,7a235jtuwzxep18ue4cpoi51w,Hakim Ben El Hadj Salem,Paris Saint-Germain FC,Angers Sporting Club de l'Ouest,L. Machine,0,0,0,0,1,0,0,0,2,0,0,0,0,1,0
19,30 Aug 2025,,7af49jgo4iulv1k8cplj9smj8,Eric Wattellier,Toulouse FC,Paris Saint-Germain FC,M. Sauer,0,0,0,0,1,0,0,0,16,0,0,2,1,0,0
19,30 Aug 2025,,7af49jgo4iulv1k8cplj9smj8,Eric Wattellier,Toulouse FC,Paris Saint-Germain FC,C. Cresswell,0,0,0,0,0,1,1,0,19,0,0,2,1,0,0
19,30 Aug 2025,,7af49jgo4iulv1k8cplj9smj8,Eric Wattellier,Toulouse FC,Paris Saint-Germain FC,F. Magri,0,2,1,0,0,1,0,0,14,0,0,2,0,0,0
19,30 Aug 2025,,7af49jgo4iulv1k8cplj9smj8,Eric Wattellier,Toulouse FC,Paris Saint-Germain FC,C. Cásseres,0,0,0,2,2,1,0,0,35,0,0,2,1,3,0
19,30 Aug 2025,,7af49jgo4iulv1k8cplj9smj8,Eric Wattellier,Toulouse FC,Paris Saint-Germain FC,D. Méthalie,0,0,0,0,0,0,0,0,18,0,0,1,1,4,0
19,30 Aug 2025,,7af49jgo4iulv1k8cplj9smj8,Eric Wattellier,Toulouse FC,Paris Saint-Germain FC,R. Nicolaisen,0,0,0,0,1,1,0,1,12,0,0,0,0,1,0
19,30 Aug 2025,,7af49jgo4iulv1k8cplj9smj8,Eric Wattellier,Toulouse FC,Paris Saint-Germain FC,M. McKenzie,0,0,0,0,0,1,0,0,25,0,0,0,0,1,0
19,30 Aug 2025,,7af49jgo4iulv1k8cplj9smj8,Eric Wattellier,Toulouse FC,Paris Saint-Germain FC,D. Sidibé,0,0,2,0,1,0,0,0,14,0,0,0,0,1,0
19,30 Aug 2025,,7af49jgo4iulv1k8cplj9smj8,Eric Wattellier,Toulouse FC,Paris Saint-Germain FC,G. Restes,0,0,0,0,0,0,0,0,20,0,2,0,0,0,0
19,30 Aug 2025,,7af49jgo4iulv1k8cplj9smj8,Eric Wattellier,Toulouse FC,Paris Saint-Germain FC,Y. Gboho,0,0,1,0,0,3,1,0,28,0,0,1,1,1,0
19,30 Aug 2025,,7af49jgo4iulv1k8cplj9smj8,Eric Wattellier,Toulouse FC,Paris Saint-Germain FC,A. Dønnum,0,1,0,6,2,3,0,0,21,0,0,1,0,2,1
19,30 Aug 2025,,7af49jgo4iulv1k8cplj9smj8,Eric Wattellier,Toulouse FC,Paris Saint-Germain FC,A. Vossah,0,0,0,1,0,0,1,0,13,0,0,1,1,0,0
19,30 Aug 2025,,7af49jgo4iulv1k8cplj9smj8,Eric Wattellier,Toulouse FC,Paris Saint-Germain FC,N. Edjouma,0,1,1,2,0,0,0,0,7,0,0,1,0,1,0
19,30 Aug 2025,,7af49jgo4iulv1k8cplj9smj8,Eric Wattellier,Toulouse FC,Paris Saint-Germain FC,W. Kamanzi,0,1,1,0,0,0,0,0,11,0,0,1,0,1,0
19,30 Aug 2025,,7af49jgo4iulv1k8cplj9smj8,Eric Wattellier,Toulouse FC,Paris Saint-Germain FC,S. Hidalgo,1,0,0,0,0,0,0,0,13,0,0,0,0,1,0
19,30 Aug 2025,,7af49jgo4iulv1k8cplj9smj8,Eric Wattellier,Toulouse FC,Paris Saint-Germain FC,S. Koumbassa,0,0,0,0,0,0,0,0,2,0,0,0,0,1,0
19,30 Aug 2025,,7af49jgo4iulv1k8cplj9smj8,Eric Wattellier,Toulouse FC,Paris Saint-Germain FC,I. Zabarnyi,0,0,0,0,1,0,0,0,94,0,0,0,0,1,0
19,30 Aug 2025,,7af49jgo4iulv1k8cplj9smj8,Eric Wattellier,Toulouse FC,Paris Saint-Germain FC,A. Hakimi,0,0,1,1,0,0,0,0,76,0,0,1,1,2,0
19,30 Aug 2025,,7af49jgo4iulv1k8cplj9smj8,Eric Wattellier,Toulouse FC,Paris Saint-Germain FC,L. Chevalier,0,0,0,0,0,0,0,0,26,0,3,0,0,0,0
19,30 Aug 2025,,7af49jgo4iulv1k8cplj9smj8,Eric Wattellier,Toulouse FC,Paris Saint-Germain FC,Beraldo,0,0,0,0,1,0,0,0,101,0,0,0,0,2,0
19,30 Aug 2025,,7af49jgo4iulv1k8cplj9smj8,Eric Wattellier,Toulouse FC,Paris Saint-Germain FC,João Neves,0,0,0,0,1,1,3,0,88,0,0,4,3,0,0
19,30 Aug 2025,,7af49jgo4iulv1k8cplj9smj8,Eric Wattellier,Toulouse FC,Paris Saint-Germain FC,Nuno Mendes,0,0,0,0,2,1,0,0,47,0,0,0,0,0,0
19,30 Aug 2025,,7af49jgo4iulv1k8cplj9smj8,Eric Wattellier,Toulouse FC,Paris Saint-Germain FC,Fabián Ruiz,1,0,1,0,0,0,0,0,120,0,0,0,0,0,0
19,30 Aug 2025,,7af49jgo4iulv1k8cplj9smj8,Eric Wattellier,Toulouse FC,Paris Saint-Germain FC,O. Dembélé,1,0,2,2,1,0,2,0,62,0,0,3,2,1,0
19,30 Aug 2025,,7af49jgo4iulv1k8cplj9smj8,Eric Wattellier,Toulouse FC,Paris Saint-Germain FC,Vitinha,0,1,2,0,0,0,0,0,63,0,0,1,0,0,0
19,30 Aug 2025,,7af49jgo4iulv1k8cplj9smj8,Eric Wattellier,Toulouse FC,Paris Saint-Germain FC,B. Barcola,0,0,0,0,0,1,1,0,30,0,0,1,1,2,0
19,30 Aug 2025,,7af49jgo4iulv1k8cplj9smj8,Eric Wattellier,Toulouse FC,Paris Saint-Germain FC,D. Doué,0,1,0,1,2,3,0,0,24,0,0,2,0,0,0
19,30 Aug 2025,,7af49jgo4iulv1k8cplj9smj8,Eric Wattellier,Toulouse FC,Paris Saint-Germain FC,W. Pacho,0,0,0,0,0,0,0,0,45,0,0,0,0,3,0
19,30 Aug 2025,,7af49jgo4iulv1k8cplj9smj8,Eric Wattellier,Toulouse FC,Paris Saint-Germain FC,W. Zaïre-Emery,0,0,0,0,2,0,0,0,48,0,0,0,0,0,0
19,30 Aug 2025,,7af49jgo4iulv1k8cplj9smj8,Eric Wattellier,Toulouse FC,Paris Saint-Germain FC,K. Kvaratskhelia,0,0,0,0,1,1,0,0,17,0,0,0,0,3,0
19,30 Aug 2025,,7af49jgo4iulv1k8cplj9smj8,Eric Wattellier,Toulouse FC,Paris Saint-Germain FC,Gonçalo Ramos,0,0,1,0,0,0,0,0,6,0,0,1,1,0,0
19,30 Aug 2025,,7af49jgo4iulv1k8cplj9smj8,Eric Wattellier,Toulouse FC,Paris Saint-Germain FC,I. Mbaye,0,0,0,0,0,0,0,0,13,0,0,0,0,0,0
20,31 Aug 2025,,7as416n51kwznt2k62e2o0178,Benoît Bastien,AS Monaco FC,RC Strasbourg Alsace,A. Golovin,0,1,1,1,2,0,0,0,22,0,0,2,0,0,0
20,31 Aug 2025,,7as416n51kwznt2k62e2o0178,Benoît Bastien,AS Monaco FC,RC Strasbourg Alsace,M. Biereth,0,0,0,1,0,1,0,1,14,0,0,0,0,1,0
20,31 Aug 2025,,7as416n51kwznt2k62e2o0178,Benoît Bastien,AS Monaco FC,RC Strasbourg Alsace,Caio Henrique,0,0,2,8,3,0,0,0,30,0,0,0,0,2,0
20,31 Aug 2025,,7as416n51kwznt2k62e2o0178,Benoît Bastien,AS Monaco FC,RC Strasbourg Alsace,C. Mawissa,0,0,0,0,0,2,0,0,58,0,0,0,0,1,0
20,31 Aug 2025,,7as416n51kwznt2k62e2o0178,Benoît Bastien,AS Monaco FC,RC Strasbourg Alsace,E. Dier,0,1,0,0,2,1,0,0,46,0,0,1,0,0,0
20,31 Aug 2025,,7as416n51kwznt2k62e2o0178,Benoît Bastien,AS Monaco FC,RC Strasbourg Alsace,J. Teze,0,0,1,0,0,2,0,0,39,0,0,0,0,11,0
20,31 Aug 2025,,7as416n51kwznt2k62e2o0178,Benoît Bastien,AS Monaco FC,RC Strasbourg Alsace,L. Hrádecký,0,0,0,0,0,0,0,0,29,0,1,0,0,1,0
20,31 Aug 2025,,7as416n51kwznt2k62e2o0178,Benoît Bastien,AS Monaco FC,RC Strasbourg Alsace,F. Balogun,0,0,1,0,0,1,1,2,23,0,0,4,2,0,0
20,31 Aug 2025,,7as416n51kwznt2k62e2o0178,Benoît Bastien,AS Monaco FC,RC Strasbourg Alsace,M. Akliouche,1,2,1,1,2,0,1,1,38,0,0,4,1,2,1
20,31 Aug 2025,,7as416n51kwznt2k62e2o0178,Benoît Bastien,AS Monaco FC,RC Strasbourg Alsace,D. Zakaria,0,0,0,1,0,0,0,0,30,0,0,0,0,2,0
20,31 Aug 2025,,7as416n51kwznt2k62e2o0178,Benoît Bastien,AS Monaco FC,RC Strasbourg Alsace,L. Camara,1,0,0,2,2,5,0,0,37,0,0,0,0,1,0
20,31 Aug 2025,,7as416n51kwznt2k62e2o0178,Benoît Bastien,AS Monaco FC,RC Strasbourg Alsace,G. Ilenikhena,0,0,0,0,0,0,0,0,4,0,0,0,0,0,0
20,31 Aug 2025,,7as416n51kwznt2k62e2o0178,Benoît Bastien,AS Monaco FC,RC Strasbourg Alsace,A. Bamba,0,0,0,0,1,0,0,0,5,0,0,0,0,2,0
20,31 Aug 2025,,7as416n51kwznt2k62e2o0178,Benoît Bastien,AS Monaco FC,RC Strasbourg Alsace,T. Minamino,0,0,0,0,0,0,1,0,2,0,0,1,1,0,0
20,31 Aug 2025,,7as416n51kwznt2k62e2o0178,Benoît Bastien,AS Monaco FC,RC Strasbourg Alsace,P. Köhn,0,0,0,0,0,0,0,0,6,0,1,0,0,0,0
20,31 Aug 2025,,7as416n51kwznt2k62e2o0178,Benoît Bastien,AS Monaco FC,RC Strasbourg Alsace,M. Coulibaly,0,0,0,0,1,0,0,0,0,0,0,0,0,0,1
20,31 Aug 2025,,7as416n51kwznt2k62e2o0178,Benoît Bastien,AS Monaco FC,RC Strasbourg Alsace,J. Panichelli,0,0,0,0,3,1,1,1,15,0,0,2,1,0,0
20,31 Aug 2025,,7as416n51kwznt2k62e2o0178,Benoît Bastien,AS Monaco FC,RC Strasbourg Alsace,F. Lemaréchal,0,1,0,2,3,1,0,0,47,0,0,2,0,2,0
20,31 Aug 2025,,7as416n51kwznt2k62e2o0178,Benoît Bastien,AS Monaco FC,RC Strasbourg Alsace,Rafael Luís,0,0,0,1,1,0,0,0,63,0,0,0,0,2,0
20,31 Aug 2025,,7as416n51kwznt2k62e2o0178,Benoît Bastien,AS Monaco FC,RC Strasbourg Alsace,V. Barco,0,1,1,3,1,4,0,0,57,0,0,1,0,4,0
20,31 Aug 2025,,7as416n51kwznt2k62e2o0178,Benoît Bastien,AS Monaco FC,RC Strasbourg Alsace,I. Doukouré,0,0,0,0,1,1,0,0,35,0,0,0,0,0,1
20,31 Aug 2025,,7as416n51kwznt2k62e2o0178,Benoît Bastien,AS Monaco FC,RC Strasbourg Alsace,M. Penders,0,0,0,0,0,0,0,0,38,0,1,0,0,0,0
20,31 Aug 2025,,7as416n51kwznt2k62e2o0178,Benoît Bastien,AS Monaco FC,RC Strasbourg Alsace,M. Sarr,0,0,1,0,0,0,0,0,74,0,0,0,0,2,0
20,31 Aug 2025,,7as416n51kwznt2k62e2o0178,Benoît Bastien,AS Monaco FC,RC Strasbourg Alsace,M. Amougou,0,0,0,0,0,0,0,0,28,0,0,0,0,3,0
20,31 Aug 2025,,7as416n51kwznt2k62e2o0178,Benoît Bastien,AS Monaco FC,RC Strasbourg Alsace,L. Høgsberg,0,0,0,0,2,0,0,0,68,0,0,0,0,0,0
20,31 Aug 2025,,7as416n51kwznt2k62e2o0178,Benoît Bastien,AS Monaco FC,RC Strasbourg Alsace,D. Moreira,0,0,1,2,0,1,0,1,23,0,0,2,1,2,0
20,31 Aug 2025,,7as416n51kwznt2k62e2o0178,Benoît Bastien,AS Monaco FC,RC Strasbourg Alsace,A. Ouattara,0,0,0,1,0,0,0,0,24,0,0,0,0,0,0
20,31 Aug 2025,,7as416n51kwznt2k62e2o0178,Benoît Bastien,AS Monaco FC,RC Strasbourg Alsace,K. Páez,0,0,0,3,0,0,0,0,19,0,0,1,1,4,0
20,31 Aug 2025,,7as416n51kwznt2k62e2o0178,Benoît Bastien,AS Monaco FC,RC Strasbourg Alsace,D. Bakwa,0,1,1,1,0,4,1,0,14,0,0,2,1,0,0
20,31 Aug 2025,,7as416n51kwznt2k62e2o0178,Benoît Bastien,AS Monaco FC,RC Strasbourg Alsace,S. Amo-Ameyaw,1,0,0,1,0,1,0,0,8,0,0,1,0,0,0
20,31 Aug 2025,,7as416n51kwznt2k62e2o0178,Benoît Bastien,AS Monaco FC,RC Strasbourg Alsace,S. El Mourabet,0,0,0,1,0,0,0,0,9,0,0,1,0,1,0
20,31 Aug 2025,,7as416n51kwznt2k62e2o0178,Benoît Bastien,AS Monaco FC,RC Strasbourg Alsace,R. Nzingoula,0,0,1,0,1,0,0,0,3,1,0,0,0,0,0
21,29 Aug 2025,,7b72rgxdptmkdu4bauqvywvmc,Abdelatif Kherradji,Racing Club de Lens,Stade Brestois 29,F. Thauvin,0,0,2,12,0,1,1,0,40,0,0,2,1,4,0
21,29 Aug 2025,,7b72rgxdptmkdu4bauqvywvmc,Abdelatif Kherradji,Racing Club de Lens,Stade Brestois 29,J. Gradit,0,0,0,1,2,1,0,0,74,0,0,1,0,1,0
21,29 Aug 2025,,7b72rgxdptmkdu4bauqvywvmc,Abdelatif Kherradji,Racing Club de Lens,Stade Brestois 29,M. Sangaré,0,2,0,0,0,1,0,0,67,0,0,3,1,1,0
21,29 Aug 2025,,7b72rgxdptmkdu4bauqvywvmc,Abdelatif Kherradji,Racing Club de Lens,Stade Brestois 29,M. Sarr,0,1,3,1,0,1,0,0,66,0,0,2,1,1,0
21,29 Aug 2025,,7b72rgxdptmkdu4bauqvywvmc,Abdelatif Kherradji,Racing Club de Lens,Stade Brestois 29,R. Fofana,0,0,2,0,0,2,0,0,13,0,0,5,2,1,0
21,29 Aug 2025,,7b72rgxdptmkdu4bauqvywvmc,Abdelatif Kherradji,Racing Club de Lens,Stade Brestois 29,R. Aguilar,0,0,1,3,1,0,0,0,44,0,0,0,0,3,1
21,29 Aug 2025,,7b72rgxdptmkdu4bauqvywvmc,Abdelatif Kherradji,Racing Club de Lens,Stade Brestois 29,A. Thomasson,0,0,0,8,0,0,1,0,57,0,0,2,1,0,0
21,29 Aug 2025,,7b72rgxdptmkdu4bauqvywvmc,Abdelatif Kherradji,Racing Club de Lens,Stade Brestois 29,M. Udol,0,3,2,4,2,1,0,0,65,0,0,6,1,2,0
21,29 Aug 2025,,7b72rgxdptmkdu4bauqvywvmc,Abdelatif Kherradji,Racing Club de Lens,Stade Brestois 29,D. Machado,0,2,0,1,0,1,0,0,23,0,0,2,0,0,0
21,29 Aug 2025,,7b72rgxdptmkdu4bauqvywvmc,Abdelatif Kherradji,Racing Club de Lens,Stade Brestois 29,W. Saïd,0,0,2,3,1,2,0,1,23,0,0,1,1,0,0
21,29 Aug 2025,,7b72rgxdptmkdu4bauqvywvmc,Abdelatif Kherradji,Racing Club de Lens,Stade Brestois 29,R. Risser,0,0,0,0,0,0,0,0,34,0,1,0,0,0,0
21,29 Aug 2025,,7b72rgxdptmkdu4bauqvywvmc,Abdelatif Kherradji,Racing Club de Lens,Stade Brestois 29,S. Baidoo,0,1,0,0,1,0,0,0,37,0,0,2,1,2,0
21,29 Aug 2025,,7b72rgxdptmkdu4bauqvywvmc,Abdelatif Kherradji,Racing Club de Lens,Stade Brestois 29,Saud Abdulhamid,1,1,1,1,0,0,0,0,16,0,0,1,0,0,0
21,29 Aug 2025,,7b72rgxdptmkdu4bauqvywvmc,Abdelatif Kherradji,Racing Club de Lens,Stade Brestois 29,A. Bermont,0,0,2,0,0,0,0,0,13,0,0,0,0,0,0
21,29 Aug 2025,,7b72rgxdptmkdu4bauqvywvmc,Abdelatif Kherradji,Racing Club de Lens,Stade Brestois 29,M. Guilavogui,0,1,0,0,0,0,1,1,9,0,0,3,1,0,0
21,29 Aug 2025,,7b72rgxdptmkdu4bauqvywvmc,Abdelatif Kherradji,Racing Club de Lens,Stade Brestois 29,F. Sotoca,0,0,0,0,0,0,0,0,0,0,0,0,0,0,0
21,29 Aug 2025,,7b72rgxdptmkdu4bauqvywvmc,Abdelatif Kherradji,Racing Club de Lens,Stade Brestois 29,R. Del Castillo,0,0,0,2,2,0,0,0,22,0,0,0,0,1,0
21,29 Aug 2025,,7b72rgxdptmkdu4bauqvywvmc,Abdelatif Kherradji,Racing Club de Lens,Stade Brestois 29,J. Le Cardinal,0,0,0,0,0,0,0,0,31,0,0,1,0,2,0
21,29 Aug 2025,,7b72rgxdptmkdu4bauqvywvmc,Abdelatif Kherradji,Racing Club de Lens,Stade Brestois 29,Mama Baldé,0,1,0,0,1,0,1,0,10,0,0,2,1,0,0
21,29 Aug 2025,,7b72rgxdptmkdu4bauqvywvmc,Abdelatif Kherradji,Racing Club de Lens,Stade Brestois 29,B. Locko,0,0,0,0,2,0,0,0,21,0,0,0,0,3,0
21,29 Aug 2025,,7b72rgxdptmkdu4bauqvywvmc,Abdelatif Kherradji,Racing Club de Lens,Stade Brestois 29,J. Diaz,0,0,0,0,0,0,0,0,27,0,0,0,0,0,0
21,29 Aug 2025,,7b72rgxdptmkdu4bauqvywvmc,Abdelatif Kherradji,Racing Club de Lens,Stade Brestois 29,R. Majecki,0,0,0,0,1,0,0,0,20,1,3,0,0,0,0
21,29 Aug 2025,,7b72rgxdptmkdu4bauqvywvmc,Abdelatif Kherradji,Racing Club de Lens,Stade Brestois 29,J. Chotard,0,1,1,1,1,0,0,0,30,0,0,1,0,4,0
21,29 Aug 2025,,7b72rgxdptmkdu4bauqvywvmc,Abdelatif Kherradji,Racing Club de Lens,Stade Brestois 29,K. Doumbia,1,2,0,1,2,0,0,0,16,0,0,3,1,3,0
21,29 Aug 2025,,7b72rgxdptmkdu4bauqvywvmc,Abdelatif Kherradji,Racing Club de Lens,Stade Brestois 29,H. Magnetti,0,0,0,0,1,0,0,0,30,0,0,0,0,1,1
21,29 Aug 2025,,7b72rgxdptmkdu4bauqvywvmc,Abdelatif Kherradji,Racing Club de Lens,Stade Brestois 29,L. Ajorque,0,1,0,0,2,3,0,0,26,0,0,1,0,1,1
21,29 Aug 2025,,7b72rgxdptmkdu4bauqvywvmc,Abdelatif Kherradji,Racing Club de Lens,Stade Brestois 29,K. Lala,0,0,0,4,0,4,0,0,26,0,0,0,0,0,1
21,29 Aug 2025,,7b72rgxdptmkdu4bauqvywvmc,Abdelatif Kherradji,Racing Club de Lens,Stade Brestois 29,Grégoire Coudert,0,0,0,0,0,0,0,0,12,0,4,0,0,0,0
21,29 Aug 2025,,7b72rgxdptmkdu4bauqvywvmc,Abdelatif Kherradji,Racing Club de Lens,Stade Brestois 29,J. Bourgault,0,0,0,0,0,0,0,0,4,0,0,1,0,0,0
21,29 Aug 2025,,7b72rgxdptmkdu4bauqvywvmc,Abdelatif Kherradji,Racing Club de Lens,Stade Brestois 29,H. Makalou,0,0,0,0,0,0,0,0,6,0,0,0,0,0,0
21,29 Aug 2025,,7b72rgxdptmkdu4bauqvywvmc,Abdelatif Kherradji,Racing Club de Lens,Stade Brestois 29,R. Le Guen,0,0,0,0,0,0,0,0,2,0,0,0,0,0,0
21,29 Aug 2025,,7b72rgxdptmkdu4bauqvywvmc,Abdelatif Kherradji,Racing Club de Lens,Stade Brestois 29,S. Diop,0,0,0,0,0,0,0,0,1,0,0,0,0,0,0
22,30 Aug 2025,,7bk8twwdbyyipms1jnzmt3ims,Stéphanie Frappart,FC Nantes,Association Jeunesse Auxerroise,Mostafa Mohamed,0,0,0,0,0,2,1,1,12,0,0,1,1,0,0
22,30 Aug 2025,,7bk8twwdbyyipms1jnzmt3ims,Stéphanie Frappart,FC Nantes,Association Jeunesse Auxerroise,F. Coquelin,0,1,1,0,1,1,0,0,24,0,0,1,0,1,0
22,30 Aug 2025,,7bk8twwdbyyipms1jnzmt3ims,Stéphanie Frappart,FC Nantes,Association Jeunesse Auxerroise,C. Awaziem,0,0,0,0,0,1,0,0,60,0,0,0,0,0,1
22,30 Aug 2025,,7bk8twwdbyyipms1jnzmt3ims,Stéphanie Frappart,FC Nantes,Association Jeunesse Auxerroise,T. Tati,0,0,0,0,2,0,0,0,53,0,0,0,0,1,0
22,30 Aug 2025,,7bk8twwdbyyipms1jnzmt3ims,Stéphanie Frappart,FC Nantes,Association Jeunesse Auxerroise,K. Amian,0,0,0,0,1,0,0,0,31,0,0,0,0,1,0
22,30 Aug 2025,,7bk8twwdbyyipms1jnzmt3ims,Stéphanie Frappart,FC Nantes,Association Jeunesse Auxerroise,Anthony Lopes,0,0,0,0,0,0,0,0,46,0,4,0,0,0,0
22,30 Aug 2025,,7bk8twwdbyyipms1jnzmt3ims,Stéphanie Frappart,FC Nantes,Association Jeunesse Auxerroise,Y. Benhattab,0,0,1,1,2,0,0,0,22,0,0,0,0,2,0
22,30 Aug 2025,,7bk8twwdbyyipms1jnzmt3ims,Stéphanie Frappart,FC Nantes,Association Jeunesse Auxerroise,H. Guirassy,1,0,1,1,4,0,0,0,13,0,0,0,0,1,0
22,30 Aug 2025,,7bk8twwdbyyipms1jnzmt3ims,Stéphanie Frappart,FC Nantes,Association Jeunesse Auxerroise,J. Lepenant,0,0,0,2,0,4,0,0,30,0,0,1,1,6,0
22,30 Aug 2025,,7bk8twwdbyyipms1jnzmt3ims,Stéphanie Frappart,FC Nantes,Association Jeunesse Auxerroise,N. Cozza,0,0,0,1,2,1,0,0,23,0,0,0,0,0,0
22,30 Aug 2025,,7bk8twwdbyyipms1jnzmt3ims,Stéphanie Frappart,FC Nantes,Association Jeunesse Auxerroise,Hong Hyun-Seok,0,0,0,3,0,0,0,0,17,0,0,1,1,1,0
22,30 Aug 2025,,7bk8twwdbyyipms1jnzmt3ims,Stéphanie Frappart,FC Nantes,Association Jeunesse Auxerroise,L. Leroux,0,0,0,0,0,1,0,0,2,0,0,0,0,1,0
22,30 Aug 2025,,7bk8twwdbyyipms1jnzmt3ims,Stéphanie Frappart,FC Nantes,Association Jeunesse Auxerroise,Kwon Hyeok-Kyu,0,0,0,0,0,0,0,0,8,0,0,0,0,0,0
22,30 Aug 2025,,7bk8twwdbyyipms1jnzmt3ims,Stéphanie Frappart,FC Nantes,Association Jeunesse Auxerroise,M. Abline,0,0,0,0,1,1,0,0,3,0,0,0,0,0,0
22,30 Aug 2025,,7bk8twwdbyyipms1jnzmt3ims,Stéphanie Frappart,FC Nantes,Association Jeunesse Auxerroise,A. Camara,0,0,0,2,0,0,0,0,1,0,0,0,0,0,0
22,30 Aug 2025,,7bk8twwdbyyipms1jnzmt3ims,Stéphanie Frappart,FC Nantes,Association Jeunesse Auxerroise,Dehmaine Tabibou Assoumani,0,0,0,0,0,0,0,0,0,0,0,0,0,0,0
22,30 Aug 2025,,7bk8twwdbyyipms1jnzmt3ims,Stéphanie Frappart,FC Nantes,Association Jeunesse Auxerroise,G. Mensah,0,0,0,4,0,0,0,0,47,0,0,1,0,1,0
22,30 Aug 2025,,7bk8twwdbyyipms1jnzmt3ims,Stéphanie Frappart,FC Nantes,Association Jeunesse Auxerroise,D. Namaso,0,1,0,0,3,2,0,0,24,0,0,4,2,1,0
22,30 Aug 2025,,7bk8twwdbyyipms1jnzmt3ims,Stéphanie Frappart,FC Nantes,Association Jeunesse Auxerroise,K. Danois,0,0,0,4,1,0,0,0,57,0,0,0,0,2,1
22,30 Aug 2025,,7bk8twwdbyyipms1jnzmt3ims,Stéphanie Frappart,FC Nantes,Association Jeunesse Auxerroise,C. Akpa,0,1,1,0,0,1,0,0,67,0,0,1,0,0,0
22,30 Aug 2025,,7bk8twwdbyyipms1jnzmt3ims,Stéphanie Frappart,FC Nantes,Association Jeunesse Auxerroise,F. Sierralta,0,0,0,0,2,0,0,0,49,0,0,0,0,1,0
22,30 Aug 2025,,7bk8twwdbyyipms1jnzmt3ims,Stéphanie Frappart,FC Nantes,Association Jeunesse Auxerroise,M. Senaya,0,3,3,5,0,2,0,0,36,0,0,3,0,3,0
22,30 Aug 2025,,7bk8twwdbyyipms1jnzmt3ims,Stéphanie Frappart,FC Nantes,Association Jeunesse Auxerroise,T. De Percin,0,0,0,0,0,0,0,0,33,0,2,0,0,0,0
22,30 Aug 2025,,7bk8twwdbyyipms1jnzmt3ims,Stéphanie Frappart,FC Nantes,Association Jeunesse Auxerroise,J. Casimir,0,0,2,8,1,2,0,2,18,0,0,1,1,1,0
22,30 Aug 2025,,7bk8twwdbyyipms1jnzmt3ims,Stéphanie Frappart,FC Nantes,Association Jeunesse Auxerroise,I. Osman,0,1,2,3,0,2,0,1,20,0,0,2,1,0,0
22,30 Aug 2025,,7bk8twwdbyyipms1jnzmt3ims,Stéphanie Frappart,FC Nantes,Association Jeunesse Auxerroise,E. Owusu,0,0,0,0,0,0,0,0,34,0,0,0,0,0,0
22,30 Aug 2025,,7bk8twwdbyyipms1jnzmt3ims,Stéphanie Frappart,FC Nantes,Association Jeunesse Auxerroise,L. Sinayoko,0,0,0,0,2,1,0,2,14,0,0,1,0,0,1
22,30 Aug 2025,,7bk8twwdbyyipms1jnzmt3ims,Stéphanie Frappart,FC Nantes,Association Jeunesse Auxerroise,L. Coulibaly,0,0,0,1,1,1,0,1,7,0,0,0,0,0,0
22,30 Aug 2025,,7bk8twwdbyyipms1jnzmt3ims,Stéphanie Frappart,FC Nantes,Association Jeunesse Auxerroise,O. El Azzouzi,0,0,0,0,1,1,0,0,17,0,0,0,0,0,1
22,30 Aug 2025,,7bk8twwdbyyipms1jnzmt3ims,Stéphanie Frappart,FC Nantes,Association Jeunesse Auxerroise,F. Oppegård,0,1,1,3,0,0,0,0,8,0,0,1,0,0,0
22,30 Aug 2025,,7bk8twwdbyyipms1jnzmt3ims,Stéphanie Frappart,FC Nantes,Association Jeunesse Auxerroise,R. Matondo,0,0,0,0,0,0,0,0,7,0,0,0,0,0,0
22,30 Aug 2025,,7bk8twwdbyyipms1jnzmt3ims,Stéphanie Frappart,FC Nantes,Association Jeunesse Auxerroise,T. Bair,0,0,0,0,0,0,0,0,1,0,0,0,0,0,0
23,31 Aug 2025,,7bx3blsy1or1lxv2mmmj4jyms,Marc Bollengier,Angers Sporting Club de l'Ouest,Stade Rennais FC,P. Peter,0,0,0,0,0,3,1,2,10,0,0,2,2,1,0
23,31 Aug 2025,,7bx3blsy1or1lxv2mmmj4jyms,Marc Bollengier,Angers Sporting Club de l'Ouest,Stade Rennais FC,Y. Belkhdim,1,0,0,3,1,2,0,0,43,0,0,1,1,4,1
23,31 Aug 2025,,7bx3blsy1or1lxv2mmmj4jyms,Marc Bollengier,Angers Sporting Club de l'Ouest,Stade Rennais FC,O. Camara,0,0,0,1,1,0,0,0,50,0,0,0,0,2,0
23,31 Aug 2025,,7bx3blsy1or1lxv2mmmj4jyms,Marc Bollengier,Angers Sporting Club de l'Ouest,Stade Rennais FC,J. Lefort,0,0,0,0,0,0,0,0,49,0,0,0,0,2,0
23,31 Aug 2025,,7bx3blsy1or1lxv2mmmj4jyms,Marc Bollengier,Angers Sporting Club de l'Ouest,Stade Rennais FC,H. Koffi,0,0,0,0,0,0,0,0,18,0,6,0,0,0,0
23,31 Aug 2025,,7bx3blsy1or1lxv2mmmj4jyms,Marc Bollengier,Angers Sporting Club de l'Ouest,Stade Rennais FC,C. Arcus,0,0,0,0,1,0,0,0,64,0,0,0,0,1,0
23,31 Aug 2025,,7bx3blsy1or1lxv2mmmj4jyms,Marc Bollengier,Angers Sporting Club de l'Ouest,Stade Rennais FC,L. Raolisoa,0,0,1,4,2,1,0,0,38,0,0,0,0,1,0
23,31 Aug 2025,,7bx3blsy1or1lxv2mmmj4jyms,Marc Bollengier,Angers Sporting Club de l'Ouest,Stade Rennais FC,H. Belkebla,0,0,0,0,1,1,0,0,33,0,0,0,0,1,0
23,31 Aug 2025,,7bx3blsy1or1lxv2mmmj4jyms,Marc Bollengier,Angers Sporting Club de l'Ouest,Stade Rennais FC,S. Cherif,0,0,0,0,2,0,0,0,17,0,0,2,2,0,1
23,31 Aug 2025,,7bx3blsy1or1lxv2mmmj4jyms,Marc Bollengier,Angers Sporting Club de l'Ouest,Stade Rennais FC,J. Ekomié,0,0,0,4,1,1,0,0,30,0,0,2,1,2,0
23,31 Aug 2025,,7bx3blsy1or1lxv2mmmj4jyms,Marc Bollengier,Angers Sporting Club de l'Ouest,Stade Rennais FC,L. Mouton,0,0,0,0,0,1,0,1,19,0,0,2,1,1,0
23,31 Aug 2025,,7bx3blsy1or1lxv2mmmj4jyms,Marc Bollengier,Angers Sporting Club de l'Ouest,Stade Rennais FC,J. Allevinah,0,0,0,0,0,1,0,0,5,0,0,0,0,0,0
23,31 Aug 2025,,7bx3blsy1or1lxv2mmmj4jyms,Marc Bollengier,Angers Sporting Club de l'Ouest,Stade Rennais FC,L. Machine,0,0,0,0,0,1,0,1,2,0,0,1,0,0,0
23,31 Aug 2025,,7bx3blsy1or1lxv2mmmj4jyms,Marc Bollengier,Angers Sporting Club de l'Ouest,Stade Rennais FC,M. Courcoul,0,0,0,0,0,0,0,0,5,0,0,0,0,0,0
23,31 Aug 2025,,7bx3blsy1or1lxv2mmmj4jyms,Marc Bollengier,Angers Sporting Club de l'Ouest,Stade Rennais FC,B. Samba,0,0,0,0,0,1,0,0,65,0,6,0,0,0,0
23,31 Aug 2025,,7bx3blsy1or1lxv2mmmj4jyms,Marc Bollengier,Angers Sporting Club de l'Ouest,Stade Rennais FC,L. Brassier,0,0,0,2,0,0,0,0,78,0,0,0,0,2,0
23,31 Aug 2025,,7bx3blsy1or1lxv2mmmj4jyms,Marc Bollengier,Angers Sporting Club de l'Ouest,Stade Rennais FC,J. Jacquet,0,0,0,0,3,1,0,0,83,0,0,0,0,3,1
23,31 Aug 2025,,7bx3blsy1or1lxv2mmmj4jyms,Marc Bollengier,Angers Sporting Club de l'Ouest,Stade Rennais FC,P. Frankowski,0,1,1,6,2,2,0,0,64,0,0,2,1,3,1
23,31 Aug 2025,,7bx3blsy1or1lxv2mmmj4jyms,Marc Bollengier,Angers Sporting Club de l'Ouest,Stade Rennais FC,A. Rouault,0,0,0,0,1,0,0,0,95,0,0,0,0,4,0
23,31 Aug 2025,,7bx3blsy1or1lxv2mmmj4jyms,Marc Bollengier,Angers Sporting Club de l'Ouest,Stade Rennais FC,L. Blas,0,2,2,1,1,1,0,0,45,0,0,4,1,1,0
23,31 Aug 2025,,7bx3blsy1or1lxv2mmmj4jyms,Marc Bollengier,Angers Sporting Club de l'Ouest,Stade Rennais FC,E. Lepaul,0,1,1,0,2,0,1,0,17,0,0,3,2,0,0
23,31 Aug 2025,,7bx3blsy1or1lxv2mmmj4jyms,Marc Bollengier,Angers Sporting Club de l'Ouest,Stade Rennais FC,Mousa Tamari,0,0,0,0,0,0,0,0,15,0,0,0,0,1,0
23,31 Aug 2025,,7bx3blsy1or1lxv2mmmj4jyms,Marc Bollengier,Angers Sporting Club de l'Ouest,Stade Rennais FC,S. Fofana,0,0,0,1,1,1,0,0,52,0,0,0,0,0,0
23,31 Aug 2025,,7bx3blsy1or1lxv2mmmj4jyms,Marc Bollengier,Angers Sporting Club de l'Ouest,Stade Rennais FC,V. Rongier,0,0,0,0,1,1,0,0,80,0,0,0,0,1,0
23,31 Aug 2025,,7bx3blsy1or1lxv2mmmj4jyms,Marc Bollengier,Angers Sporting Club de l'Ouest,Stade Rennais FC,Q. Merlin,1,0,3,12,0,1,0,0,46,0,0,2,2,0,0
23,31 Aug 2025,,7bx3blsy1or1lxv2mmmj4jyms,Marc Bollengier,Angers Sporting Club de l'Ouest,Stade Rennais FC,M. Meïté,0,0,0,0,0,0,0,0,13,0,0,3,1,0,0
23,31 Aug 2025,,7bx3blsy1or1lxv2mmmj4jyms,Marc Bollengier,Angers Sporting Club de l'Ouest,Stade Rennais FC,M. Faye,0,0,0,0,0,0,0,0,9,0,0,0,0,0,0
23,31 Aug 2025,,7bx3blsy1or1lxv2mmmj4jyms,Marc Bollengier,Angers Sporting Club de l'Ouest,Stade Rennais FC,D. Cissé,0,0,0,0,0,0,0,0,4,0,0,1,0,0,0
23,31 Aug 2025,,7bx3blsy1or1lxv2mmmj4jyms,Marc Bollengier,Angers Sporting Club de l'Ouest,Stade Rennais FC,F. Rieder,0,0,0,0,0,0,0,0,6,0,0,0,0,2,0
23,31 Aug 2025,,7bx3blsy1or1lxv2mmmj4jyms,Marc Bollengier,Angers Sporting Club de l'Ouest,Stade Rennais FC,B. Yıldırım,0,0,0,0,0,0,0,0,4,0,0,0,0,0,0
24,31 Aug 2025,,7c9ygcprmgav5uii8a89w9o2c,Jeremy Stinat,Paris FC,FC Metz,T. De Smet,0,0,1,0,0,0,0,0,33,0,0,1,0,1,0
24,31 Aug 2025,,7c9ygcprmgav5uii8a89w9o2c,Jeremy Stinat,Paris FC,FC Metz,A. Camara,0,0,1,0,0,1,0,0,29,0,0,2,0,2,0
24,31 Aug 2025,,7c9ygcprmgav5uii8a89w9o2c,Jeremy Stinat,Paris FC,FC Metz,W. Geubbels,0,0,1,1,0,0,0,0,15,0,0,1,0,0,0
24,31 Aug 2025,,7c9ygcprmgav5uii8a89w9o2c,Jeremy Stinat,Paris FC,FC Metz,Otávio,0,0,0,0,3,0,0,0,55,0,0,1,0,0,1
24,31 Aug 2025,,7c9ygcprmgav5uii8a89w9o2c,Jeremy Stinat,Paris FC,FC Metz,M. Mbow,0,0,1,0,0,0,0,0,51,0,0,2,1,2,0
24,31 Aug 2025,,7c9ygcprmgav5uii8a89w9o2c,Jeremy Stinat,Paris FC,FC Metz,V. Marchetti,0,0,0,0,0,1,0,0,45,0,0,3,1,0,0
24,31 Aug 2025,,7c9ygcprmgav5uii8a89w9o2c,Jeremy Stinat,Paris FC,FC Metz,K. Trapp,0,0,0,0,0,1,0,0,31,0,0,0,0,0,0
24,31 Aug 2025,,7c9ygcprmgav5uii8a89w9o2c,Jeremy Stinat,Paris FC,FC Metz,S. Chergui,0,1,0,0,1,0,0,0,31,0,0,2,1,0,0
24,31 Aug 2025,,7c9ygcprmgav5uii8a89w9o2c,Jeremy Stinat,Paris FC,FC Metz,M. Simon,1,0,3,8,0,2,1,0,20,0,0,3,1,0,0
24,31 Aug 2025,,7c9ygcprmgav5uii8a89w9o2c,Jeremy Stinat,Paris FC,FC Metz,M. Lopez,1,1,3,7,0,0,0,0,77,0,0,2,1,0,0
24,31 Aug 2025,,7c9ygcprmgav5uii8a89w9o2c,Jeremy Stinat,Paris FC,FC Metz,I. Kebbal,0,1,4,11,0,3,2,0,47,0,0,4,3,0,0
24,31 Aug 2025,,7c9ygcprmgav5uii8a89w9o2c,Jeremy Stinat,Paris FC,FC Metz,J. Krasso,0,0,0,0,0,0,0,0,10,0,0,1,1,1,0
24,31 Aug 2025,,7c9ygcprmgav5uii8a89w9o2c,Jeremy Stinat,Paris FC,FC Metz,P. Lees-Melou,0,0,0,0,0,0,0,0,24,0,0,0,0,0,0
24,31 Aug 2025,,7c9ygcprmgav5uii8a89w9o2c,Jeremy Stinat,Paris FC,FC Metz,N. Sangui,0,0,0,0,0,0,0,0,13,0,0,0,0,0,0
24,31 Aug 2025,,7c9ygcprmgav5uii8a89w9o2c,Jeremy Stinat,Paris FC,FC Metz,M. Cafaro,0,0,0,0,0,0,0,0,3,0,0,1,0,0,0
24,31 Aug 2025,,7c9ygcprmgav5uii8a89w9o2c,Jeremy Stinat,Paris FC,FC Metz,N. Dicko,0,0,0,0,0,0,0,0,1,0,0,1,0,1,0
24,31 Aug 2025,,7c9ygcprmgav5uii8a89w9o2c,Jeremy Stinat,Paris FC,FC Metz,G. Hein,1,1,1,2,0,0,0,0,50,0,0,1,0,1,0
24,31 Aug 2025,,7c9ygcprmgav5uii8a89w9o2c,Jeremy Stinat,Paris FC,FC Metz,S. Sané,0,0,0,0,3,0,1,0,64,1,0,1,1,2,1
24,31 Aug 2025,,7c9ygcprmgav5uii8a89w9o2c,Jeremy Stinat,Paris FC,FC Metz,T. Yegbe,0,0,1,1,0,0,0,0,29,0,0,0,0,2,0
24,31 Aug 2025,,7c9ygcprmgav5uii8a89w9o2c,Jeremy Stinat,Paris FC,FC Metz,B. Stambouli,0,0,0,0,1,0,0,0,50,0,0,1,0,0,0
24,31 Aug 2025,,7c9ygcprmgav5uii8a89w9o2c,Jeremy Stinat,Paris FC,FC Metz,J. Gbamin,0,0,0,0,1,0,0,0,76,0,0,1,0,3,0
24,31 Aug 2025,,7c9ygcprmgav5uii8a89w9o2c,Jeremy Stinat,Paris FC,FC Metz,K. Kouao,0,0,1,2,0,0,0,1,46,0,0,0,0,3,0
24,31 Aug 2025,,7c9ygcprmgav5uii8a89w9o2c,Jeremy Stinat,Paris FC,FC Metz,J. Fischer,0,0,0,0,0,0,0,0,41,0,6,0,0,0,0
24,31 Aug 2025,,7c9ygcprmgav5uii8a89w9o2c,Jeremy Stinat,Paris FC,FC Metz,B. Traoré,0,0,0,0,0,0,1,0,43,0,0,1,1,2,0
24,31 Aug 2025,,7c9ygcprmgav5uii8a89w9o2c,Jeremy Stinat,Paris FC,FC Metz,I. Gueye,0,1,1,0,0,1,0,0,10,0,0,2,0,1,0
24,31 Aug 2025,,7c9ygcprmgav5uii8a89w9o2c,Jeremy Stinat,Paris FC,FC Metz,G. Abuashvili,0,0,0,3,0,1,0,0,11,0,0,2,0,2,0
24,31 Aug 2025,,7c9ygcprmgav5uii8a89w9o2c,Jeremy Stinat,Paris FC,FC Metz,G. Tsitaishvili,1,1,1,2,1,1,0,0,16,0,0,3,0,0,0
24,31 Aug 2025,,7c9ygcprmgav5uii8a89w9o2c,Jeremy Stinat,Paris FC,FC Metz,M. Bokele Mputu,0,1,0,0,1,0,0,0,12,0,0,1,0,0,0
24,31 Aug 2025,,7c9ygcprmgav5uii8a89w9o2c,Jeremy Stinat,Paris FC,FC Metz,I. Sané,0,0,1,6,0,1,0,0,10,0,0,0,0,0,0
24,31 Aug 2025,,7c9ygcprmgav5uii8a89w9o2c,Jeremy Stinat,Paris FC,FC Metz,A. Touré,0,0,0,1,1,0,0,0,7,0,0,0,0,0,0
24,31 Aug 2025,,7c9ygcprmgav5uii8a89w9o2c,Jeremy Stinat,Paris FC,FC Metz,J. Deminguet,0,1,0,1,0,0,0,0,6,0,0,1,0,0,0
24,31 Aug 2025,,7c9ygcprmgav5uii8a89w9o2c,Jeremy Stinat,Paris FC,FC Metz,B. Madjo,0,0,0,0,0,0,0,0,1,0,0,0,0,0,0
25,31 Aug 2025,,7cmwxdyiko746tibe3mgxdjpw,Jérôme Brisard,Le Havre AC,OGC Nice Côte d'Azur,A. Sangante,0,0,0,0,1,3,0,0,45,0,0,0,0,2,0
25,31 Aug 2025,,7cmwxdyiko746tibe3mgxdjpw,Jérôme Brisard,Le Havre AC,OGC Nice Côte d'Azur,L. Nego,0,0,0,4,0,1,0,0,30,0,0,0,0,0,0
25,31 Aug 2025,,7cmwxdyiko746tibe3mgxdjpw,Jérôme Brisard,Le Havre AC,OGC Nice Côte d'Azur,R. Ndiaye,0,0,0,1,0,2,1,0,14,0,0,2,2,0,0
25,31 Aug 2025,,7cmwxdyiko746tibe3mgxdjpw,Jérôme Brisard,Le Havre AC,OGC Nice Côte d'Azur,I. Soumaré,1,0,0,6,1,2,1,0,24,0,0,3,3,1,1
25,31 Aug 2025,,7cmwxdyiko746tibe3mgxdjpw,Jérôme Brisard,Le Havre AC,OGC Nice Côte d'Azur,Y. Zouaoui,0,0,0,3,2,0,0,0,27,0,0,0,0,0,0
25,31 Aug 2025,,7cmwxdyiko746tibe3mgxdjpw,Jérôme Brisard,Le Havre AC,OGC Nice Côte d'Azur,Y. Kechta,0,0,0,2,1,1,0,0,13,0,0,2,1,0,0
25,31 Aug 2025,,7cmwxdyiko746tibe3mgxdjpw,Jérôme Brisard,Le Havre AC,OGC Nice Côte d'Azur,A. Seko,0,0,0,0,3,1,0,0,18,0,0,0,0,1,0
25,31 Aug 2025,,7cmwxdyiko746tibe3mgxdjpw,Jérôme Brisard,Le Havre AC,OGC Nice Côte d'Azur,G. Lloris,0,0,0,0,1,1,0,0,48,0,0,0,0,2,0
25,31 Aug 2025,,7cmwxdyiko746tibe3mgxdjpw,Jérôme Brisard,Le Havre AC,OGC Nice Côte d'Azur,M. Samatta,0,0,0,1,2,3,0,0,15,0,0,2,1,1,0
25,31 Aug 2025,,7cmwxdyiko746tibe3mgxdjpw,Jérôme Brisard,Le Havre AC,OGC Nice Côte d'Azur,F. Doucouré,0,1,0,7,1,0,1,0,13,0,0,2,1,0,0
25,31 Aug 2025,,7cmwxdyiko746tibe3mgxdjpw,Jérôme Brisard,Le Havre AC,OGC Nice Côte d'Azur,M. Diaw,1,0,0,0,0,0,0,0,50,0,2,0,0,0,0
25,31 Aug 2025,,7cmwxdyiko746tibe3mgxdjpw,Jérôme Brisard,Le Havre AC,OGC Nice Côte d'Azur,T. Delaine,0,0,0,2,1,0,0,0,9,0,0,0,0,0,0
25,31 Aug 2025,,7cmwxdyiko746tibe3mgxdjpw,Jérôme Brisard,Le Havre AC,OGC Nice Côte d'Azur,F. Mambimbi,0,0,0,0,0,1,0,0,6,0,0,0,0,1,0
25,31 Aug 2025,,7cmwxdyiko746tibe3mgxdjpw,Jérôme Brisard,Le Havre AC,OGC Nice Côte d'Azur,A. Touré,0,1,0,0,0,0,0,0,8,0,0,1,0,2,0
25,31 Aug 2025,,7cmwxdyiko746tibe3mgxdjpw,Jérôme Brisard,Le Havre AC,OGC Nice Côte d'Azur,Y. Namli,0,0,0,0,0,0,0,0,4,0,0,0,0,1,0
25,31 Aug 2025,,7cmwxdyiko746tibe3mgxdjpw,Jérôme Brisard,Le Havre AC,OGC Nice Côte d'Azur,S. Ebonog,0,0,0,0,0,0,0,0,2,0,0,0,0,1,0
25,31 Aug 2025,,7cmwxdyiko746tibe3mgxdjpw,Jérôme Brisard,Le Havre AC,OGC Nice Côte d'Azur,T. Louchet,0,1,1,4,1,0,0,0,21,0,0,1,0,4,0
25,31 Aug 2025,,7cmwxdyiko746tibe3mgxdjpw,Jérôme Brisard,Le Havre AC,OGC Nice Côte d'Azur,A. Mendy,0,1,0,1,2,1,0,0,59,0,0,1,0,2,1
25,31 Aug 2025,,7cmwxdyiko746tibe3mgxdjpw,Jérôme Brisard,Le Havre AC,OGC Nice Côte d'Azur,Kevin Carlos,0,0,0,0,4,3,0,0,14,0,0,1,1,0,1
25,31 Aug 2025,,7cmwxdyiko746tibe3mgxdjpw,Jérôme Brisard,Le Havre AC,OGC Nice Côte d'Azur,M. Bard,0,0,1,4,0,1,0,0,42,0,0,0,0,1,0
25,31 Aug 2025,,7cmwxdyiko746tibe3mgxdjpw,Jérôme Brisard,Le Havre AC,OGC Nice Côte d'Azur,J. Boga,0,0,1,3,0,1,0,0,21,0,0,0,0,0,0
25,31 Aug 2025,,7cmwxdyiko746tibe3mgxdjpw,Jérôme Brisard,Le Havre AC,OGC Nice Côte d'Azur,S. Abdul Samed,0,0,0,0,3,0,0,0,45,0,0,0,0,0,0
25,31 Aug 2025,,7cmwxdyiko746tibe3mgxdjpw,Jérôme Brisard,Le Havre AC,OGC Nice Côte d'Azur,H. Boudaoui,1,0,1,2,2,2,0,0,52,0,0,1,1,0,1
25,31 Aug 2025,,7cmwxdyiko746tibe3mgxdjpw,Jérôme Brisard,Le Havre AC,OGC Nice Côte d'Azur,Y. Diouf,0,0,0,0,0,0,0,0,26,0,5,0,0,0,0
25,31 Aug 2025,,7cmwxdyiko746tibe3mgxdjpw,Jérôme Brisard,Le Havre AC,OGC Nice Côte d'Azur,K. Peprah Oppong,0,0,0,2,0,1,1,0,82,0,0,1,1,0,0
25,31 Aug 2025,,7cmwxdyiko746tibe3mgxdjpw,Jérôme Brisard,Le Havre AC,OGC Nice Côte d'Azur,J. Bah,0,0,0,0,2,0,0,0,57,0,0,1,0,1,1
25,31 Aug 2025,,7cmwxdyiko746tibe3mgxdjpw,Jérôme Brisard,Le Havre AC,OGC Nice Côte d'Azur,I. Jansson,0,0,1,0,0,1,0,0,18,0,0,0,0,1,0
25,31 Aug 2025,,7cmwxdyiko746tibe3mgxdjpw,Jérôme Brisard,Le Havre AC,OGC Nice Côte d'Azur,S. Diop,0,0,0,1,0,2,0,0,13,0,0,0,0,0,0
25,31 Aug 2025,,7cmwxdyiko746tibe3mgxdjpw,Jérôme Brisard,Le Havre AC,OGC Nice Côte d'Azur,J. Clauss,0,0,0,4,1,0,0,0,11,0,0,0,0,2,0
25,31 Aug 2025,,7cmwxdyiko746tibe3mgxdjpw,Jérôme Brisard,Le Havre AC,OGC Nice Côte d'Azur,B. Nguene,0,0,0,0,1,0,0,0,6,0,0,0,0,0,0
25,31 Aug 2025,,7cmwxdyiko746tibe3mgxdjpw,Jérôme Brisard,Le Havre AC,OGC Nice Côte d'Azur,T. Moffi,0,0,0,0,0,0,0,0,4,0,0,1,0,0,0
25,31 Aug 2025,,7cmwxdyiko746tibe3mgxdjpw,Jérôme Brisard,Le Havre AC,OGC Nice Côte d'Azur,M. Sanson,0,0,0,3,0,1,0,0,4,0,0,0,0,0,0
26,30 Aug 2025,,7czutwaxk9tqhjmf8ttgrixp0,Romain Lissorgue,FC Lorient,Lille OSC,P. Katseris,0,0,0,0,1,2,0,0,0,0,0,0,0,0,0
26,30 Aug 2025,,7czutwaxk9tqhjmf8ttgrixp0,Romain Lissorgue,FC Lorient,Lille OSC,A. Faye,0,0,0,0,3,0,0,0,46,0,0,1,0,2,1
26,30 Aug 2025,,7czutwaxk9tqhjmf8ttgrixp0,Romain Lissorgue,FC Lorient,Lille OSC,B. Kamara,0,0,0,0,0,1,0,0,27,0,5,0,0,0,0
26,30 Aug 2025,,7czutwaxk9tqhjmf8ttgrixp0,Romain Lissorgue,FC Lorient,Lille OSC,A. Kouassi,0,0,2,6,0,1,0,0,21,0,0,0,0,0,0
26,30 Aug 2025,,7czutwaxk9tqhjmf8ttgrixp0,Romain Lissorgue,FC Lorient,Lille OSC,S. Soumano,1,0,0,0,2,2,0,0,16,0,0,2,1,0,0
26,30 Aug 2025,,7czutwaxk9tqhjmf8ttgrixp0,Romain Lissorgue,FC Lorient,Lille OSC,L. Abergel,0,1,0,0,3,1,0,0,58,0,0,1,0,2,1
26,30 Aug 2025,,7czutwaxk9tqhjmf8ttgrixp0,Romain Lissorgue,FC Lorient,Lille OSC,D. Karim,0,0,0,1,1,4,0,0,22,0,0,0,0,1,0
26,30 Aug 2025,,7czutwaxk9tqhjmf8ttgrixp0,Romain Lissorgue,FC Lorient,Lille OSC,A. Avom,0,0,0,0,2,2,0,0,27,0,0,0,0,1,1
26,30 Aug 2025,,7czutwaxk9tqhjmf8ttgrixp0,Romain Lissorgue,FC Lorient,Lille OSC,A. Tosin,0,0,0,0,0,0,1,0,9,0,0,1,1,0,0
26,30 Aug 2025,,7czutwaxk9tqhjmf8ttgrixp0,Romain Lissorgue,FC Lorient,Lille OSC,Igor Silva,0,0,0,3,1,0,0,1,41,0,0,1,0,1,0
26,30 Aug 2025,,7czutwaxk9tqhjmf8ttgrixp0,Romain Lissorgue,FC Lorient,Lille OSC,M. Talbi,0,0,0,1,0,0,0,0,35,0,0,0,0,0,0
26,30 Aug 2025,,7czutwaxk9tqhjmf8ttgrixp0,Romain Lissorgue,FC Lorient,Lille OSC,J. Mvuka,0,0,1,3,1,2,0,0,25,0,0,0,0,3,0
26,30 Aug 2025,,7czutwaxk9tqhjmf8ttgrixp0,Romain Lissorgue,FC Lorient,Lille OSC,M. Bamba,0,0,0,0,0,0,0,2,7,0,0,0,0,0,0
26,30 Aug 2025,,7czutwaxk9tqhjmf8ttgrixp0,Romain Lissorgue,FC Lorient,Lille OSC,N. Cadiou,0,0,0,0,0,1,0,0,21,0,0,0,0,1,0
26,30 Aug 2025,,7czutwaxk9tqhjmf8ttgrixp0,Romain Lissorgue,FC Lorient,Lille OSC,D. Yongwa,0,0,0,0,0,1,0,0,3,0,0,0,0,0,0
26,30 Aug 2025,,7czutwaxk9tqhjmf8ttgrixp0,Romain Lissorgue,FC Lorient,Lille OSC,T. Le Bris,0,0,0,0,0,0,0,0,5,0,0,0,0,0,0
26,30 Aug 2025,,7czutwaxk9tqhjmf8ttgrixp0,Romain Lissorgue,FC Lorient,Lille OSC,H. Haraldsson,0,1,2,7,0,2,1,0,43,0,0,2,1,1,0
26,30 Aug 2025,,7czutwaxk9tqhjmf8ttgrixp0,Romain Lissorgue,FC Lorient,Lille OSC,B. Özer,1,0,0,0,0,1,0,0,29,0,1,0,0,0,0
26,30 Aug 2025,,7czutwaxk9tqhjmf8ttgrixp0,Romain Lissorgue,FC Lorient,Lille OSC,B. André,1,0,1,0,4,0,0,0,47,0,0,1,1,2,1
26,30 Aug 2025,,7czutwaxk9tqhjmf8ttgrixp0,Romain Lissorgue,FC Lorient,Lille OSC,A. Bouaddi,0,0,2,3,3,3,0,0,30,0,0,0,0,3,0
26,30 Aug 2025,,7czutwaxk9tqhjmf8ttgrixp0,Romain Lissorgue,FC Lorient,Lille OSC,R. Perraud,1,0,1,1,3,2,1,0,55,0,0,1,1,1,1
26,30 Aug 2025,,7czutwaxk9tqhjmf8ttgrixp0,Romain Lissorgue,FC Lorient,Lille OSC,Alexsandro Ribeiro,0,0,0,0,2,0,0,0,94,0,0,2,1,1,0
26,30 Aug 2025,,7czutwaxk9tqhjmf8ttgrixp0,Romain Lissorgue,FC Lorient,Lille OSC,N. Ngoy,0,2,0,0,1,0,0,0,79,0,0,2,0,2,0
26,30 Aug 2025,,7czutwaxk9tqhjmf8ttgrixp0,Romain Lissorgue,FC Lorient,Lille OSC,T. Meunier,0,0,0,2,2,0,0,0,50,0,0,0,0,1,0
26,30 Aug 2025,,7czutwaxk9tqhjmf8ttgrixp0,Romain Lissorgue,FC Lorient,Lille OSC,M. Broholm,0,0,0,0,1,1,0,0,31,0,0,0,0,1,0
26,30 Aug 2025,,7czutwaxk9tqhjmf8ttgrixp0,Romain Lissorgue,FC Lorient,Lille OSC,Félix Correia,2,1,0,1,0,3,0,0,24,0,0,2,0,2,0
26,30 Aug 2025,,7czutwaxk9tqhjmf8ttgrixp0,Romain Lissorgue,FC Lorient,Lille OSC,Matías Fernández,0,1,0,0,1,1,2,0,13,0,0,5,3,0,1
26,30 Aug 2025,,7czutwaxk9tqhjmf8ttgrixp0,Romain Lissorgue,FC Lorient,Lille OSC,H. Igamane,0,0,1,0,1,0,2,2,12,0,0,3,3,0,0
26,30 Aug 2025,,7czutwaxk9tqhjmf8ttgrixp0,Romain Lissorgue,FC Lorient,Lille OSC,N. Bentaleb,0,0,0,1,0,0,0,0,12,0,0,0,0,0,0
26,30 Aug 2025,,7czutwaxk9tqhjmf8ttgrixp0,Romain Lissorgue,FC Lorient,Lille OSC,A. Mandi,0,0,0,0,0,0,0,0,9,0,0,0,0,0,0
26,30 Aug 2025,,7czutwaxk9tqhjmf8ttgrixp0,Romain Lissorgue,FC Lorient,Lille OSC,O. Sahraoui,0,1,1,0,0,0,1,0,4,0,0,2,1,0,0
26,30 Aug 2025,,7czutwaxk9tqhjmf8ttgrixp0,Romain Lissorgue,FC Lorient,Lille OSC,U. Raghouber,0,0,0,0,0,0,0,0,6,0,0,0,0,0,0
27,31 Aug 2025,,7dcotifjucedc6y5ym418k5qs,François Letexier,Olympique Lyonnais,Olympique de Marseille,M. Niakhaté,0,0,0,0,3,0,0,0,64,0,0,1,0,1,0
27,31 Aug 2025,,7dcotifjucedc6y5ym418k5qs,François Letexier,Olympique Lyonnais,Olympique de Marseille,C. Tolisso,0,1,0,2,2,3,0,0,32,0,0,3,0,0,0
27,31 Aug 2025,,7dcotifjucedc6y5ym418k5qs,François Letexier,Olympique Lyonnais,Olympique de Marseille,A. Karabec,0,2,3,6,2,3,0,0,25,0,0,2,0,0,0
27,31 Aug 2025,,7dcotifjucedc6y5ym418k5qs,François Letexier,Olympique Lyonnais,Olympique de Marseille,T. Tessmann,0,1,1,1,1,0,0,0,51,0,0,4,1,0,0
27,31 Aug 2025,,7dcotifjucedc6y5ym418k5qs,François Letexier,Olympique Lyonnais,Olympique de Marseille,R. Descamps,0,0,0,0,0,0,0,0,18,0,2,0,0,0,0
27,31 Aug 2025,,7dcotifjucedc6y5ym418k5qs,François Letexier,Olympique Lyonnais,Olympique de Marseille,T. Morton,0,1,1,11,2,0,0,0,61,0,0,1,0,0,0
27,31 Aug 2025,,7dcotifjucedc6y5ym418k5qs,François Letexier,Olympique Lyonnais,Olympique de Marseille,K. Merah,0,0,0,0,0,2,0,0,23,0,0,0,0,0,0
27,31 Aug 2025,,7dcotifjucedc6y5ym418k5qs,François Letexier,Olympique Lyonnais,Olympique de Marseille,Clinton Mata,0,0,0,2,2,0,0,0,37,0,0,1,0,0,0
27,31 Aug 2025,,7dcotifjucedc6y5ym418k5qs,François Letexier,Olympique Lyonnais,Olympique de Marseille,A. Maitland-Niles,0,0,1,3,0,0,0,0,50,0,0,0,0,0,0
27,31 Aug 2025,,7dcotifjucedc6y5ym418k5qs,François Letexier,Olympique Lyonnais,Olympique de Marseille,M. Fofana,0,0,1,2,1,2,0,1,19,0,0,2,2,0,0
27,31 Aug 2025,,7dcotifjucedc6y5ym418k5qs,François Letexier,Olympique Lyonnais,Olympique de Marseille,Abner,0,0,1,3,1,0,0,0,20,0,0,1,1,2,1
27,31 Aug 2025,,7dcotifjucedc6y5ym418k5qs,François Letexier,Olympique Lyonnais,Olympique de Marseille,N. Tagliafico,0,0,1,1,0,0,0,0,18,0,0,1,0,0,0
27,31 Aug 2025,,7dcotifjucedc6y5ym418k5qs,François Letexier,Olympique Lyonnais,Olympique de Marseille,P. Šulc,0,0,0,0,2,0,1,0,8,0,0,2,2,0,1
27,31 Aug 2025,,7dcotifjucedc6y5ym418k5qs,François Letexier,Olympique Lyonnais,Olympique de Marseille,Afonso Moreira,0,0,0,2,0,1,0,0,3,0,0,0,0,2,0
27,31 Aug 2025,,7dcotifjucedc6y5ym418k5qs,François Letexier,Olympique Lyonnais,Olympique de Marseille,Ruben Kluivert,0,0,0,0,0,0,0,0,0,0,0,0,0,0,0
27,31 Aug 2025,,7dcotifjucedc6y5ym418k5qs,François Letexier,Olympique Lyonnais,Olympique de Marseille,P. Aubameyang,0,0,0,2,0,1,0,0,16,0,0,0,0,0,0
27,31 Aug 2025,,7dcotifjucedc6y5ym418k5qs,François Letexier,Olympique Lyonnais,Olympique de Marseille,P. Højbjerg,0,0,0,2,3,1,0,0,33,0,0,2,1,0,0
27,31 Aug 2025,,7dcotifjucedc6y5ym418k5qs,François Letexier,Olympique Lyonnais,Olympique de Marseille,T. Weah,0,1,3,2,0,0,0,0,26,0,0,1,0,1,0
27,31 Aug 2025,,7dcotifjucedc6y5ym418k5qs,François Letexier,Olympique Lyonnais,Olympique de Marseille,C. Egan-Riley,0,0,0,0,1,0,0,0,15,1,0,0,0,0,0
27,31 Aug 2025,,7dcotifjucedc6y5ym418k5qs,François Letexier,Olympique Lyonnais,Olympique de Marseille,G. Rulli,0,0,0,0,0,4,0,0,44,0,4,0,0,0,0
27,31 Aug 2025,,7dcotifjucedc6y5ym418k5qs,François Letexier,Olympique Lyonnais,Olympique de Marseille,L. Balerdi,0,0,0,0,1,1,0,0,47,0,0,0,0,2,0
27,31 Aug 2025,,7dcotifjucedc6y5ym418k5qs,François Letexier,Olympique Lyonnais,Olympique de Marseille,B. Nadir,0,0,0,0,0,0,0,0,6,0,0,0,0,0,0
27,31 Aug 2025,,7dcotifjucedc6y5ym418k5qs,François Letexier,Olympique Lyonnais,Olympique de Marseille,M. Greenwood,0,0,0,0,1,0,0,0,10,0,0,0,0,0,0
27,31 Aug 2025,,7dcotifjucedc6y5ym418k5qs,François Letexier,Olympique Lyonnais,Olympique de Marseille,A. Murillo,0,0,0,0,2,1,0,1,37,0,0,0,0,2,1
27,31 Aug 2025,,7dcotifjucedc6y5ym418k5qs,François Letexier,Olympique Lyonnais,Olympique de Marseille,A. Gomes,0,0,0,0,2,1,0,0,35,0,0,0,0,0,1
27,31 Aug 2025,,7dcotifjucedc6y5ym418k5qs,François Letexier,Olympique Lyonnais,Olympique de Marseille,H. Traoré,0,1,0,6,1,2,0,0,16,0,0,2,1,1,0
27,31 Aug 2025,,7dcotifjucedc6y5ym418k5qs,François Letexier,Olympique Lyonnais,Olympique de Marseille,D. Cornelius,0,0,0,0,0,2,0,0,14,0,0,0,0,0,0
27,31 Aug 2025,,7dcotifjucedc6y5ym418k5qs,François Letexier,Olympique Lyonnais,Olympique de Marseille,U. Garcia,0,0,0,0,0,1,0,0,14,0,0,0,0,1,0
27,31 Aug 2025,,7dcotifjucedc6y5ym418k5qs,François Letexier,Olympique Lyonnais,Olympique de Marseille,Pol Lirola,0,0,1,1,0,0,0,0,5,0,0,0,0,0,0
27,31 Aug 2025,,7dcotifjucedc6y5ym418k5qs,François Letexier,Olympique Lyonnais,Olympique de Marseille,D. Bakola,0,0,0,0,0,1,0,0,1,0,0,0,0,0,0
27,31 Aug 2025,,7dcotifjucedc6y5ym418k5qs,François Letexier,Olympique Lyonnais,Olympique de Marseille,R. Vaz,0,0,0,0,0,0,0,0,2,0,0,0,0,0,0
28,12 Sep 2025,,7dpmvjum8qnbd3451iz9nm9sk,Thomas Léonard,Olympique de Marseille,FC Lorient,B. Nadir,0,2,4,4,1,1,0,0,54,0,0,2,0,0,0
28,12 Sep 2025,,7dpmvjum8qnbd3451iz9nm9sk,Thomas Léonard,Olympique de Marseille,FC Lorient,T. Weah,0,0,1,2,2,0,0,0,30,0,0,1,1,1,0
28,12 Sep 2025,,7dpmvjum8qnbd3451iz9nm9sk,Thomas Léonard,Olympique de Marseille,FC Lorient,A. Gomes,0,0,0,1,1,0,1,0,83,0,0,1,1,1,1
28,12 Sep 2025,,7dpmvjum8qnbd3451iz9nm9sk,Thomas Léonard,Olympique de Marseille,FC Lorient,G. Kondogbia,0,1,0,0,0,1,0,0,57,0,0,1,0,2,0
28,12 Sep 2025,,7dpmvjum8qnbd3451iz9nm9sk,Thomas Léonard,Olympique de Marseille,FC Lorient,F. Medina,0,0,0,0,3,0,0,0,75,0,0,0,0,1,0
28,12 Sep 2025,,7dpmvjum8qnbd3451iz9nm9sk,Thomas Léonard,Olympique de Marseille,FC Lorient,B. Pavard,0,1,0,0,1,0,1,0,99,0,0,2,1,1,1
28,12 Sep 2025,,7dpmvjum8qnbd3451iz9nm9sk,Thomas Léonard,Olympique de Marseille,FC Lorient,N. Aguerd,0,0,0,0,2,0,1,0,119,0,0,1,1,1,0
28,12 Sep 2025,,7dpmvjum8qnbd3451iz9nm9sk,Thomas Léonard,Olympique de Marseille,FC Lorient,M. Greenwood,1,0,3,12,0,1,1,0,54,0,0,4,3,0,0
28,12 Sep 2025,,7dpmvjum8qnbd3451iz9nm9sk,Thomas Léonard,Olympique de Marseille,FC Lorient,A. Murillo,0,0,1,0,2,2,0,0,63,0,0,0,0,1,0
28,12 Sep 2025,,7dpmvjum8qnbd3451iz9nm9sk,Thomas Léonard,Olympique de Marseille,FC Lorient,A. Gouiri,0,0,1,0,0,0,0,1,9,0,0,0,0,1,0
28,12 Sep 2025,,7dpmvjum8qnbd3451iz9nm9sk,Thomas Léonard,Olympique de Marseille,FC Lorient,J. de Lange,0,0,0,0,0,0,0,0,8,0,1,0,0,0,0
28,12 Sep 2025,,7dpmvjum8qnbd3451iz9nm9sk,Thomas Léonard,Olympique de Marseille,FC Lorient,M. O'Riley,0,0,0,0,2,0,0,0,32,0,0,0,0,3,0
28,12 Sep 2025,,7dpmvjum8qnbd3451iz9nm9sk,Thomas Léonard,Olympique de Marseille,FC Lorient,P. Højbjerg,0,1,0,0,0,0,0,0,43,0,0,2,0,0,0
28,12 Sep 2025,,7dpmvjum8qnbd3451iz9nm9sk,Thomas Léonard,Olympique de Marseille,FC Lorient,Igor Paixão,0,0,0,1,3,0,0,0,22,0,0,1,1,0,1
28,12 Sep 2025,,7dpmvjum8qnbd3451iz9nm9sk,Thomas Léonard,Olympique de Marseille,FC Lorient,Emerson,0,0,0,1,0,0,0,0,37,0,0,0,0,1,0
28,12 Sep 2025,,7dpmvjum8qnbd3451iz9nm9sk,Thomas Léonard,Olympique de Marseille,FC Lorient,A. Vermeeren,1,0,0,0,1,0,0,0,15,0,0,0,0,1,0
28,12 Sep 2025,,7dpmvjum8qnbd3451iz9nm9sk,Thomas Léonard,Olympique de Marseille,FC Lorient,S. Soumano,0,1,0,0,0,5,0,0,8,0,0,1,0,1,0
28,12 Sep 2025,,7dpmvjum8qnbd3451iz9nm9sk,Thomas Léonard,Olympique de Marseille,FC Lorient,L. Abergel,0,0,0,0,1,1,0,0,58,0,0,0,0,1,0
28,12 Sep 2025,,7dpmvjum8qnbd3451iz9nm9sk,Thomas Léonard,Olympique de Marseille,FC Lorient,B. Meïté,0,0,0,0,0,2,0,0,26,0,0,0,0,0,0
28,12 Sep 2025,,7dpmvjum8qnbd3451iz9nm9sk,Thomas Léonard,Olympique de Marseille,FC Lorient,N. Cadiou,0,0,0,0,0,0,0,0,4,0,0,0,0,1,0
28,12 Sep 2025,,7dpmvjum8qnbd3451iz9nm9sk,Thomas Léonard,Olympique de Marseille,FC Lorient,Y. Mvogo,0,0,0,0,0,0,0,0,31,0,4,0,0,0,0
28,12 Sep 2025,,7dpmvjum8qnbd3451iz9nm9sk,Thomas Léonard,Olympique de Marseille,FC Lorient,D. Yongwa,0,0,0,0,1,0,0,0,7,1,0,0,0,0,0
28,12 Sep 2025,,7dpmvjum8qnbd3451iz9nm9sk,Thomas Léonard,Olympique de Marseille,FC Lorient,A. Faye,0,1,0,0,1,1,0,0,36,0,0,1,0,0,1
28,12 Sep 2025,,7dpmvjum8qnbd3451iz9nm9sk,Thomas Léonard,Olympique de Marseille,FC Lorient,D. Karim,0,0,0,0,2,2,0,0,26,0,0,0,0,1,1
28,12 Sep 2025,,7dpmvjum8qnbd3451iz9nm9sk,Thomas Léonard,Olympique de Marseille,FC Lorient,J. Makengo,0,0,0,1,0,1,0,0,20,0,0,0,0,0,0
28,12 Sep 2025,,7dpmvjum8qnbd3451iz9nm9sk,Thomas Léonard,Olympique de Marseille,FC Lorient,M. Talbi,0,0,0,1,0,0,0,0,24,0,0,0,0,1,0
28,12 Sep 2025,,7dpmvjum8qnbd3451iz9nm9sk,Thomas Léonard,Olympique de Marseille,FC Lorient,J. Mvuka,0,0,0,1,0,2,0,0,18,0,0,1,0,0,0
28,12 Sep 2025,,7dpmvjum8qnbd3451iz9nm9sk,Thomas Léonard,Olympique de Marseille,FC Lorient,A. Kouassi,0,0,0,1,0,1,0,0,19,0,0,0,0,2,0
28,12 Sep 2025,,7dpmvjum8qnbd3451iz9nm9sk,Thomas Léonard,Olympique de Marseille,FC Lorient,M. Bamba,0,0,0,0,0,0,0,0,7,0,0,0,0,0,0
28,12 Sep 2025,,7dpmvjum8qnbd3451iz9nm9sk,Thomas Léonard,Olympique de Marseille,FC Lorient,A. Avom,0,0,0,0,0,0,0,0,16,0,0,0,0,3,0
28,12 Sep 2025,,7dpmvjum8qnbd3451iz9nm9sk,Thomas Léonard,Olympique de Marseille,FC Lorient,T. Le Bris,0,0,0,0,0,0,0,0,2,0,0,1,1,1,0
28,12 Sep 2025,,7dpmvjum8qnbd3451iz9nm9sk,Thomas Léonard,Olympique de Marseille,FC Lorient,A. Tosin,0,0,0,0,0,1,0,0,4,0,0,0,0,1,0
29,14 Sep 2025,,7e2n9uyd9eo7o4j8ogg52hams,Jérémie Pignard,Paris Saint-Germain FC,Racing Club de Lens,K. Kvaratskhelia,0,0,1,1,0,1,0,0,16,0,0,0,0,0,0
29,14 Sep 2025,,7e2n9uyd9eo7o4j8ogg52hams,Jérémie Pignard,Paris Saint-Germain FC,Racing Club de Lens,L. Chevalier,0,0,0,0,0,0,0,0,26,0,3,0,0,0,0
29,14 Sep 2025,,7e2n9uyd9eo7o4j8ogg52hams,Jérémie Pignard,Paris Saint-Germain FC,Racing Club de Lens,I. Zabarnyi,0,0,0,0,0,0,0,0,87,0,0,0,0,1,0
29,14 Sep 2025,,7e2n9uyd9eo7o4j8ogg52hams,Jérémie Pignard,Paris Saint-Germain FC,Racing Club de Lens,A. Hakimi,0,0,0,1,0,1,0,0,66,0,0,0,0,1,0
29,14 Sep 2025,,7e2n9uyd9eo7o4j8ogg52hams,Jérémie Pignard,Paris Saint-Germain FC,Racing Club de Lens,W. Zaïre-Emery,0,0,0,0,1,1,0,0,64,0,0,0,0,3,0
29,14 Sep 2025,,7e2n9uyd9eo7o4j8ogg52hams,Jérémie Pignard,Paris Saint-Germain FC,Racing Club de Lens,Vitinha,2,2,0,3,0,2,0,0,147,0,0,2,0,0,0
29,14 Sep 2025,,7e2n9uyd9eo7o4j8ogg52hams,Jérémie Pignard,Paris Saint-Germain FC,Racing Club de Lens,Beraldo,0,0,0,0,1,0,0,0,83,0,0,0,0,2,0
29,14 Sep 2025,,7e2n9uyd9eo7o4j8ogg52hams,Jérémie Pignard,Paris Saint-Germain FC,Racing Club de Lens,L. Hernández,0,0,0,0,2,1,0,0,89,0,0,0,0,0,0
29,14 Sep 2025,,7e2n9uyd9eo7o4j8ogg52hams,Jérémie Pignard,Paris Saint-Germain FC,Racing Club de Lens,Lee Kang-In,0,1,1,1,2,1,0,0,31,0,0,2,1,1,0
29,14 Sep 2025,,7e2n9uyd9eo7o4j8ogg52hams,Jérémie Pignard,Paris Saint-Germain FC,Racing Club de Lens,B. Barcola,0,0,0,0,0,0,2,0,19,0,0,2,2,0,0
29,14 Sep 2025,,7e2n9uyd9eo7o4j8ogg52hams,Jérémie Pignard,Paris Saint-Germain FC,Racing Club de Lens,Gonçalo Ramos,0,0,1,0,2,0,0,0,23,0,0,2,2,1,1
29,14 Sep 2025,,7e2n9uyd9eo7o4j8ogg52hams,Jérémie Pignard,Paris Saint-Germain FC,Racing Club de Lens,I. Mbaye,0,0,0,1,0,0,0,0,32,0,0,3,1,1,0
29,14 Sep 2025,,7e2n9uyd9eo7o4j8ogg52hams,Jérémie Pignard,Paris Saint-Germain FC,Racing Club de Lens,S. Mayulu,0,2,1,0,2,1,0,0,30,0,0,2,0,3,0
29,14 Sep 2025,,7e2n9uyd9eo7o4j8ogg52hams,Jérémie Pignard,Paris Saint-Germain FC,Racing Club de Lens,Nuno Mendes,0,0,0,1,0,0,0,0,12,0,0,0,0,0,0
29,14 Sep 2025,,7e2n9uyd9eo7o4j8ogg52hams,Jérémie Pignard,Paris Saint-Germain FC,Racing Club de Lens,Fabián Ruiz,0,0,0,0,0,0,0,0,25,0,0,1,0,1,0
29,14 Sep 2025,,7e2n9uyd9eo7o4j8ogg52hams,Jérémie Pignard,Paris Saint-Germain FC,Racing Club de Lens,João Neves,0,0,0,0,0,0,0,0,21,0,0,0,0,0,0
29,14 Sep 2025,,7e2n9uyd9eo7o4j8ogg52hams,Jérémie Pignard,Paris Saint-Germain FC,Racing Club de Lens,O. Édouard,0,0,0,0,1,0,0,0,15,0,0,2,1,1,1
29,14 Sep 2025,,7e2n9uyd9eo7o4j8ogg52hams,Jérémie Pignard,Paris Saint-Germain FC,Racing Club de Lens,A. Thomasson,0,0,0,2,1,0,0,0,39,0,0,1,0,4,0
29,14 Sep 2025,,7e2n9uyd9eo7o4j8ogg52hams,Jérémie Pignard,Paris Saint-Germain FC,Racing Club de Lens,J. Gradit,0,0,0,0,3,1,0,0,24,0,0,0,0,5,0
29,14 Sep 2025,,7e2n9uyd9eo7o4j8ogg52hams,Jérémie Pignard,Paris Saint-Germain FC,Racing Club de Lens,S. Baidoo,0,0,0,0,0,0,0,0,30,0,0,0,0,0,0
29,14 Sep 2025,,7e2n9uyd9eo7o4j8ogg52hams,Jérémie Pignard,Paris Saint-Germain FC,Racing Club de Lens,M. Sarr,0,0,0,0,0,0,0,0,42,0,0,0,0,3,0
29,14 Sep 2025,,7e2n9uyd9eo7o4j8ogg52hams,Jérémie Pignard,Paris Saint-Germain FC,Racing Club de Lens,M. Udol,0,0,0,2,1,0,0,0,23,0,0,0,0,3,0
29,14 Sep 2025,,7e2n9uyd9eo7o4j8ogg52hams,Jérémie Pignard,Paris Saint-Germain FC,Racing Club de Lens,M. Guilavogui,0,0,0,0,0,0,0,0,13,0,0,0,0,2,0
29,14 Sep 2025,,7e2n9uyd9eo7o4j8ogg52hams,Jérémie Pignard,Paris Saint-Germain FC,Racing Club de Lens,F. Thauvin,0,0,3,2,1,3,0,0,29,0,0,3,2,0,1
29,14 Sep 2025,,7e2n9uyd9eo7o4j8ogg52hams,Jérémie Pignard,Paris Saint-Germain FC,Racing Club de Lens,R. Aguilar,0,0,0,1,0,1,0,0,26,0,0,1,0,3,0
29,14 Sep 2025,,7e2n9uyd9eo7o4j8ogg52hams,Jérémie Pignard,Paris Saint-Germain FC,Racing Club de Lens,R. Risser,0,0,0,0,0,0,0,0,32,0,4,0,0,0,0
29,14 Sep 2025,,7e2n9uyd9eo7o4j8ogg52hams,Jérémie Pignard,Paris Saint-Germain FC,Racing Club de Lens,M. Sangaré,0,0,0,0,0,1,0,0,36,0,0,0,0,2,0
29,14 Sep 2025,,7e2n9uyd9eo7o4j8ogg52hams,Jérémie Pignard,Paris Saint-Germain FC,Racing Club de Lens,A. Sima,0,0,0,0,0,0,0,0,12,0,0,0,0,0,0
29,14 Sep 2025,,7e2n9uyd9eo7o4j8ogg52hams,Jérémie Pignard,Paris Saint-Germain FC,Racing Club de Lens,R. Fofana,0,1,0,0,0,1,0,0,5,0,0,3,0,0,0
29,14 Sep 2025,,7e2n9uyd9eo7o4j8ogg52hams,Jérémie Pignard,Paris Saint-Germain FC,Racing Club de Lens,Saud Abdulhamid,0,0,0,2,0,0,0,0,15,0,0,0,0,2,0
29,14 Sep 2025,,7e2n9uyd9eo7o4j8ogg52hams,Jérémie Pignard,Paris Saint-Germain FC,Racing Club de Lens,A. Bermont,0,0,0,1,0,0,0,0,6,0,0,1,0,0,0
29,14 Sep 2025,,7e2n9uyd9eo7o4j8ogg52hams,Jérémie Pignard,Paris Saint-Germain FC,Racing Club de Lens,W. Saïd,0,0,0,0,1,0,0,0,5,0,0,0,0,0,0
30,13 Sep 2025,,7efmhwisdsjjgbfwh06ou8nbo,Romain Lissorgue,Association Jeunesse Auxerroise,AS Monaco FC,J. Casimir,0,0,0,2,1,0,0,0,18,1,0,1,0,3,2
30,13 Sep 2025,,7efmhwisdsjjgbfwh06ou8nbo,Romain Lissorgue,Association Jeunesse Auxerroise,AS Monaco FC,T. Siwe,0,0,0,0,0,0,0,0,20,0,0,0,0,2,0
30,13 Sep 2025,,7efmhwisdsjjgbfwh06ou8nbo,Romain Lissorgue,Association Jeunesse Auxerroise,AS Monaco FC,K. Danois,0,1,0,3,2,1,0,0,36,0,0,1,0,2,0
30,13 Sep 2025,,7efmhwisdsjjgbfwh06ou8nbo,Romain Lissorgue,Association Jeunesse Auxerroise,AS Monaco FC,E. Owusu,0,0,0,0,2,0,0,0,26,0,0,1,0,5,1
30,13 Sep 2025,,7efmhwisdsjjgbfwh06ou8nbo,Romain Lissorgue,Association Jeunesse Auxerroise,AS Monaco FC,S. Mara,0,0,1,0,1,1,0,0,13,0,0,1,1,1,0
30,13 Sep 2025,,7efmhwisdsjjgbfwh06ou8nbo,Romain Lissorgue,Association Jeunesse Auxerroise,AS Monaco FC,M. Senaya,0,0,0,0,1,4,0,0,24,0,0,0,0,1,0
30,13 Sep 2025,,7efmhwisdsjjgbfwh06ou8nbo,Romain Lissorgue,Association Jeunesse Auxerroise,AS Monaco FC,L. Sinayoko,0,0,1,1,2,2,0,0,14,0,0,0,0,1,0
30,13 Sep 2025,,7efmhwisdsjjgbfwh06ou8nbo,Romain Lissorgue,Association Jeunesse Auxerroise,AS Monaco FC,F. Oppegård,0,0,0,5,0,0,0,0,25,0,0,0,0,3,0
30,13 Sep 2025,,7efmhwisdsjjgbfwh06ou8nbo,Romain Lissorgue,Association Jeunesse Auxerroise,AS Monaco FC,D. Namaso,0,2,2,0,2,4,0,0,24,0,0,4,0,1,0
30,13 Sep 2025,,7efmhwisdsjjgbfwh06ou8nbo,Romain Lissorgue,Association Jeunesse Auxerroise,AS Monaco FC,T. De Percin,0,0,0,0,0,1,0,0,25,0,1,0,0,0,0
30,13 Sep 2025,,7efmhwisdsjjgbfwh06ou8nbo,Romain Lissorgue,Association Jeunesse Auxerroise,AS Monaco FC,G. Mensah,0,0,1,0,1,5,0,0,38,0,0,0,0,3,0
30,13 Sep 2025,,7efmhwisdsjjgbfwh06ou8nbo,Romain Lissorgue,Association Jeunesse Auxerroise,AS Monaco FC,L. Coulibaly,0,0,0,0,0,1,0,0,10,0,0,0,0,1,0
30,13 Sep 2025,,7efmhwisdsjjgbfwh06ou8nbo,Romain Lissorgue,Association Jeunesse Auxerroise,AS Monaco FC,R. Matondo,0,0,0,0,0,0,0,0,7,0,0,0,0,1,0
30,13 Sep 2025,,7efmhwisdsjjgbfwh06ou8nbo,Romain Lissorgue,Association Jeunesse Auxerroise,AS Monaco FC,I. Osman,0,0,0,0,0,0,0,0,2,0,0,1,1,1,0
30,13 Sep 2025,,7efmhwisdsjjgbfwh06ou8nbo,Romain Lissorgue,Association Jeunesse Auxerroise,AS Monaco FC,M. Biereth,0,1,1,0,1,1,0,0,17,0,0,2,1,1,0
30,13 Sep 2025,,7efmhwisdsjjgbfwh06ou8nbo,Romain Lissorgue,Association Jeunesse Auxerroise,AS Monaco FC,D. Zakaria,0,0,0,0,2,0,0,0,46,0,0,0,0,0,1
30,13 Sep 2025,,7efmhwisdsjjgbfwh06ou8nbo,Romain Lissorgue,Association Jeunesse Auxerroise,AS Monaco FC,M. Salisu,0,0,0,0,3,2,0,0,93,0,0,0,0,5,0
30,13 Sep 2025,,7efmhwisdsjjgbfwh06ou8nbo,Romain Lissorgue,Association Jeunesse Auxerroise,AS Monaco FC,T. Kehrer,0,0,0,1,0,1,0,0,96,0,0,3,0,1,0
30,13 Sep 2025,,7efmhwisdsjjgbfwh06ou8nbo,Romain Lissorgue,Association Jeunesse Auxerroise,AS Monaco FC,K. Ouattara,0,0,2,3,1,0,0,0,40,0,0,0,0,2,1
30,13 Sep 2025,,7efmhwisdsjjgbfwh06ou8nbo,Romain Lissorgue,Association Jeunesse Auxerroise,AS Monaco FC,A. Bamba,0,0,0,0,1,3,0,0,78,0,0,0,0,4,1
30,13 Sep 2025,,7efmhwisdsjjgbfwh06ou8nbo,Romain Lissorgue,Association Jeunesse Auxerroise,AS Monaco FC,T. Minamino,0,0,0,1,0,0,1,0,38,0,0,1,1,0,1
30,13 Sep 2025,,7efmhwisdsjjgbfwh06ou8nbo,Romain Lissorgue,Association Jeunesse Auxerroise,AS Monaco FC,Vanderson,1,0,0,6,2,0,0,0,60,0,0,0,0,2,0
30,13 Sep 2025,,7efmhwisdsjjgbfwh06ou8nbo,Romain Lissorgue,Association Jeunesse Auxerroise,AS Monaco FC,P. Köhn,0,0,0,0,0,0,0,0,20,0,2,0,0,0,0
30,13 Sep 2025,,7efmhwisdsjjgbfwh06ou8nbo,Romain Lissorgue,Association Jeunesse Auxerroise,AS Monaco FC,M. Akliouche,0,0,3,10,0,1,0,0,43,0,0,0,0,0,0
30,13 Sep 2025,,7efmhwisdsjjgbfwh06ou8nbo,Romain Lissorgue,Association Jeunesse Auxerroise,AS Monaco FC,F. Balogun,1,1,0,0,3,1,0,1,17,0,0,4,0,1,0
30,13 Sep 2025,,7efmhwisdsjjgbfwh06ou8nbo,Romain Lissorgue,Association Jeunesse Auxerroise,AS Monaco FC,Caio Henrique,0,1,1,3,1,1,0,0,9,0,0,1,0,0,1
30,13 Sep 2025,,7efmhwisdsjjgbfwh06ou8nbo,Romain Lissorgue,Association Jeunesse Auxerroise,AS Monaco FC,P. Brunner,0,1,1,0,4,1,0,0,4,0,0,1,0,0,1
30,13 Sep 2025,,7efmhwisdsjjgbfwh06ou8nbo,Romain Lissorgue,Association Jeunesse Auxerroise,AS Monaco FC,L. Camara,0,0,0,2,0,1,0,0,11,0,0,0,0,1,0
30,13 Sep 2025,,7efmhwisdsjjgbfwh06ou8nbo,Romain Lissorgue,Association Jeunesse Auxerroise,AS Monaco FC,G. Ilenikhena,0,0,0,0,1,0,1,0,2,0,0,1,1,0,0
30,13 Sep 2025,,7efmhwisdsjjgbfwh06ou8nbo,Romain Lissorgue,Association Jeunesse Auxerroise,AS Monaco FC,M. Coulibaly,0,0,0,0,0,0,0,0,0,0,0,0,0,0,0
31,13 Sep 2025,,7esrafqg6iv027c36tpc9rjtg,Guillaume Paradis,OGC Nice Côte d'Azur,FC Nantes,Dante,0,1,0,0,1,0,0,1,62,0,0,2,1,2,0
31,13 Sep 2025,,7esrafqg6iv027c36tpc9rjtg,Guillaume Paradis,OGC Nice Côte d'Azur,FC Nantes,J. Boga,0,0,1,1,0,1,1,0,24,0,0,4,1,0,0
31,13 Sep 2025,,7esrafqg6iv027c36tpc9rjtg,Guillaume Paradis,OGC Nice Côte d'Azur,FC Nantes,M. Bard,0,0,1,7,0,1,0,1,34,0,0,1,0,0,0
31,13 Sep 2025,,7esrafqg6iv027c36tpc9rjtg,Guillaume Paradis,OGC Nice Côte d'Azur,FC Nantes,S. Diop,0,0,2,2,3,0,0,1,22,0,0,2,0,0,1
31,13 Sep 2025,,7esrafqg6iv027c36tpc9rjtg,Guillaume Paradis,OGC Nice Côte d'Azur,FC Nantes,Y. Diouf,0,0,0,0,0,1,0,0,28,0,3,0,0,0,0
31,13 Sep 2025,,7esrafqg6iv027c36tpc9rjtg,Guillaume Paradis,OGC Nice Côte d'Azur,FC Nantes,C. Vanhoutte,1,0,0,2,1,0,0,0,72,0,0,0,0,4,0
31,13 Sep 2025,,7esrafqg6iv027c36tpc9rjtg,Guillaume Paradis,OGC Nice Côte d'Azur,FC Nantes,J. Bah,0,0,0,0,2,1,0,0,62,0,0,0,0,2,1
31,13 Sep 2025,,7esrafqg6iv027c36tpc9rjtg,Guillaume Paradis,OGC Nice Côte d'Azur,FC Nantes,K. Peprah Oppong,0,0,0,1,2,2,0,1,53,0,0,1,1,2,0
31,13 Sep 2025,,7esrafqg6iv027c36tpc9rjtg,Guillaume Paradis,OGC Nice Côte d'Azur,FC Nantes,Kevin Carlos,0,1,1,0,2,3,0,0,8,0,0,3,2,0,0
31,13 Sep 2025,,7esrafqg6iv027c36tpc9rjtg,Guillaume Paradis,OGC Nice Côte d'Azur,FC Nantes,J. Clauss,0,0,1,13,0,0,0,1,54,0,0,0,0,2,0
31,13 Sep 2025,,7esrafqg6iv027c36tpc9rjtg,Guillaume Paradis,OGC Nice Côte d'Azur,FC Nantes,H. Boudaoui,0,1,0,0,0,1,0,0,31,0,0,3,1,2,0
31,13 Sep 2025,,7esrafqg6iv027c36tpc9rjtg,Guillaume Paradis,OGC Nice Côte d'Azur,FC Nantes,T. Moffi,0,0,1,0,0,0,0,2,2,0,0,2,1,0,0
31,13 Sep 2025,,7esrafqg6iv027c36tpc9rjtg,Guillaume Paradis,OGC Nice Côte d'Azur,FC Nantes,M. Sanson,0,0,0,0,3,1,0,0,13,0,0,0,0,1,0
31,13 Sep 2025,,7esrafqg6iv027c36tpc9rjtg,Guillaume Paradis,OGC Nice Côte d'Azur,FC Nantes,I. Jansson,0,0,0,1,1,0,0,0,6,0,0,1,1,0,0
31,13 Sep 2025,,7esrafqg6iv027c36tpc9rjtg,Guillaume Paradis,OGC Nice Côte d'Azur,FC Nantes,Tiago Gouveia,0,0,0,0,0,1,0,0,10,0,0,0,0,0,0
31,13 Sep 2025,,7esrafqg6iv027c36tpc9rjtg,Guillaume Paradis,OGC Nice Côte d'Azur,FC Nantes,T. Louchet,0,0,0,0,1,0,0,0,8,0,0,0,0,1,0
31,13 Sep 2025,,7esrafqg6iv027c36tpc9rjtg,Guillaume Paradis,OGC Nice Côte d'Azur,FC Nantes,Mostafa Mohamed,0,0,0,1,0,4,0,0,11,0,0,2,0,0,0
31,13 Sep 2025,,7esrafqg6iv027c36tpc9rjtg,Guillaume Paradis,OGC Nice Côte d'Azur,FC Nantes,Hong Hyun-Seok,0,0,0,4,0,0,0,0,17,0,0,1,1,2,0
31,13 Sep 2025,,7esrafqg6iv027c36tpc9rjtg,Guillaume Paradis,OGC Nice Côte d'Azur,FC Nantes,Y. Benhattab,0,0,0,1,0,0,0,0,12,0,0,0,0,2,0
31,13 Sep 2025,,7esrafqg6iv027c36tpc9rjtg,Guillaume Paradis,OGC Nice Côte d'Azur,FC Nantes,K. Amian,0,1,0,1,1,0,0,0,32,0,0,3,0,0,0
31,13 Sep 2025,,7esrafqg6iv027c36tpc9rjtg,Guillaume Paradis,OGC Nice Côte d'Azur,FC Nantes,C. Awaziem,0,0,0,0,0,1,0,0,65,0,0,0,0,1,0
31,13 Sep 2025,,7esrafqg6iv027c36tpc9rjtg,Guillaume Paradis,OGC Nice Côte d'Azur,FC Nantes,T. Tati,0,0,0,0,3,1,0,0,35,0,0,0,0,0,0
31,13 Sep 2025,,7esrafqg6iv027c36tpc9rjtg,Guillaume Paradis,OGC Nice Côte d'Azur,FC Nantes,Anthony Lopes,0,1,0,0,0,0,0,0,33,0,7,1,0,0,0
31,13 Sep 2025,,7esrafqg6iv027c36tpc9rjtg,Guillaume Paradis,OGC Nice Côte d'Azur,FC Nantes,N. Cozza,0,0,0,0,0,1,0,0,30,0,0,0,0,1,0
31,13 Sep 2025,,7esrafqg6iv027c36tpc9rjtg,Guillaume Paradis,OGC Nice Côte d'Azur,FC Nantes,J. Mwanga,0,0,0,0,2,3,0,0,23,0,0,0,0,1,0
31,13 Sep 2025,,7esrafqg6iv027c36tpc9rjtg,Guillaume Paradis,OGC Nice Côte d'Azur,FC Nantes,M. Abline,0,2,3,1,1,2,0,0,11,0,0,4,1,0,0
31,13 Sep 2025,,7esrafqg6iv027c36tpc9rjtg,Guillaume Paradis,OGC Nice Côte d'Azur,FC Nantes,J. Lepenant,0,0,0,3,1,3,0,0,36,0,0,2,1,4,0
31,13 Sep 2025,,7esrafqg6iv027c36tpc9rjtg,Guillaume Paradis,OGC Nice Côte d'Azur,FC Nantes,A. Camara,0,0,0,3,2,0,0,0,11,0,0,1,0,1,0
31,13 Sep 2025,,7esrafqg6iv027c36tpc9rjtg,Guillaume Paradis,OGC Nice Côte d'Azur,FC Nantes,L. Leroux,0,0,0,1,0,0,0,0,14,0,0,0,0,0,0
31,13 Sep 2025,,7esrafqg6iv027c36tpc9rjtg,Guillaume Paradis,OGC Nice Côte d'Azur,FC Nantes,M. Lahdo,0,0,0,0,2,0,0,0,8,0,0,0,0,0,0
31,13 Sep 2025,,7esrafqg6iv027c36tpc9rjtg,Guillaume Paradis,OGC Nice Côte d'Azur,FC Nantes,D. Tabibou,0,0,0,0,1,0,0,0,4,0,0,0,0,0,0
31,13 Sep 2025,,7esrafqg6iv027c36tpc9rjtg,Guillaume Paradis,OGC Nice Côte d'Azur,FC Nantes,Y. El-Arabi,0,0,1,0,1,0,0,0,6,0,0,0,0,0,0
32,14 Sep 2025,,7f5r9wk8ccx0tfz0ykc4bzvo4,Benoît Millot,FC Metz,Angers Sporting Club de l'Ouest,H. Diallo,0,0,1,0,1,0,0,0,15,0,0,2,2,0,0
32,14 Sep 2025,,7f5r9wk8ccx0tfz0ykc4bzvo4,Benoît Millot,FC Metz,Angers Sporting Club de l'Ouest,B. Stambouli,0,0,0,2,1,0,0,0,46,0,0,1,0,3,0
32,14 Sep 2025,,7f5r9wk8ccx0tfz0ykc4bzvo4,Benoît Millot,FC Metz,Angers Sporting Club de l'Ouest,K. Kouao,0,1,0,3,3,0,0,0,67,0,0,1,0,3,0
32,14 Sep 2025,,7f5r9wk8ccx0tfz0ykc4bzvo4,Benoît Millot,FC Metz,Angers Sporting Club de l'Ouest,J. Gbamin,0,0,0,0,0,0,1,0,90,0,0,1,1,3,0
32,14 Sep 2025,,7f5r9wk8ccx0tfz0ykc4bzvo4,Benoît Millot,FC Metz,Angers Sporting Club de l'Ouest,T. Yegbe,0,0,0,1,0,0,0,0,85,0,0,1,1,3,0
32,14 Sep 2025,,7f5r9wk8ccx0tfz0ykc4bzvo4,Benoît Millot,FC Metz,Angers Sporting Club de l'Ouest,G. Hein,1,1,1,5,1,0,0,0,64,0,0,1,0,2,0
32,14 Sep 2025,,7f5r9wk8ccx0tfz0ykc4bzvo4,Benoît Millot,FC Metz,Angers Sporting Club de l'Ouest,B. Traoré,0,1,1,0,1,0,0,0,39,0,0,1,0,6,0
32,14 Sep 2025,,7f5r9wk8ccx0tfz0ykc4bzvo4,Benoît Millot,FC Metz,Angers Sporting Club de l'Ouest,G. Tsitaishvili,0,0,0,1,2,0,0,0,21,0,0,0,0,0,0
32,14 Sep 2025,,7f5r9wk8ccx0tfz0ykc4bzvo4,Benoît Millot,FC Metz,Angers Sporting Club de l'Ouest,I. Sané,0,0,0,0,0,4,0,1,14,0,0,1,1,3,0
32,14 Sep 2025,,7f5r9wk8ccx0tfz0ykc4bzvo4,Benoît Millot,FC Metz,Angers Sporting Club de l'Ouest,A. Touré,0,0,0,3,0,1,0,0,41,0,0,0,0,1,0
32,14 Sep 2025,,7f5r9wk8ccx0tfz0ykc4bzvo4,Benoît Millot,FC Metz,Angers Sporting Club de l'Ouest,J. Fischer,0,0,0,0,0,1,0,0,42,0,4,0,0,0,0
32,14 Sep 2025,,7f5r9wk8ccx0tfz0ykc4bzvo4,Benoît Millot,FC Metz,Angers Sporting Club de l'Ouest,G. Abuashvili,0,0,0,1,0,0,0,0,9,0,0,0,0,1,0
32,14 Sep 2025,,7f5r9wk8ccx0tfz0ykc4bzvo4,Benoît Millot,FC Metz,Angers Sporting Club de l'Ouest,C. Sabaly,0,0,0,0,1,0,0,0,3,0,0,0,0,0,0
32,14 Sep 2025,,7f5r9wk8ccx0tfz0ykc4bzvo4,Benoît Millot,FC Metz,Angers Sporting Club de l'Ouest,J. Deminguet,0,0,1,0,0,0,0,0,6,0,0,0,0,0,0
32,14 Sep 2025,,7f5r9wk8ccx0tfz0ykc4bzvo4,Benoît Millot,FC Metz,Angers Sporting Club de l'Ouest,C. Arcus,0,0,0,0,3,1,0,0,54,0,0,1,0,5,0
32,14 Sep 2025,,7f5r9wk8ccx0tfz0ykc4bzvo4,Benoît Millot,FC Metz,Angers Sporting Club de l'Ouest,H. Belkebla,0,0,0,0,1,1,0,0,47,0,0,0,0,3,1
32,14 Sep 2025,,7f5r9wk8ccx0tfz0ykc4bzvo4,Benoît Millot,FC Metz,Angers Sporting Club de l'Ouest,L. Raolisoa,0,0,2,3,0,0,0,0,40,0,0,0,0,3,0
32,14 Sep 2025,,7f5r9wk8ccx0tfz0ykc4bzvo4,Benoît Millot,FC Metz,Angers Sporting Club de l'Ouest,O. Camara,0,0,0,0,0,0,0,0,43,0,0,1,0,1,0
32,14 Sep 2025,,7f5r9wk8ccx0tfz0ykc4bzvo4,Benoît Millot,FC Metz,Angers Sporting Club de l'Ouest,L. Mouton,0,0,0,3,0,0,0,0,30,0,0,0,0,1,0
32,14 Sep 2025,,7f5r9wk8ccx0tfz0ykc4bzvo4,Benoît Millot,FC Metz,Angers Sporting Club de l'Ouest,P. Peter,0,0,0,0,1,2,0,3,11,0,0,3,2,0,0
32,14 Sep 2025,,7f5r9wk8ccx0tfz0ykc4bzvo4,Benoît Millot,FC Metz,Angers Sporting Club de l'Ouest,Y. Belkhdim,0,0,0,1,1,1,0,0,56,0,0,0,0,3,0
32,14 Sep 2025,,7f5r9wk8ccx0tfz0ykc4bzvo4,Benoît Millot,FC Metz,Angers Sporting Club de l'Ouest,F. Hanin,0,0,0,1,0,0,0,0,19,0,0,0,0,1,0
32,14 Sep 2025,,7f5r9wk8ccx0tfz0ykc4bzvo4,Benoît Millot,FC Metz,Angers Sporting Club de l'Ouest,S. Cherif,0,0,0,0,0,3,0,0,14,0,0,1,0,0,0
32,14 Sep 2025,,7f5r9wk8ccx0tfz0ykc4bzvo4,Benoît Millot,FC Metz,Angers Sporting Club de l'Ouest,J. Lefort,0,0,0,0,0,1,0,0,69,0,0,0,0,2,0
32,14 Sep 2025,,7f5r9wk8ccx0tfz0ykc4bzvo4,Benoît Millot,FC Metz,Angers Sporting Club de l'Ouest,H. Koffi,0,0,0,0,1,0,0,0,22,0,4,0,0,1,0
32,14 Sep 2025,,7f5r9wk8ccx0tfz0ykc4bzvo4,Benoît Millot,FC Metz,Angers Sporting Club de l'Ouest,L. Machine,0,0,0,1,0,0,0,0,5,0,0,3,1,1,0
32,14 Sep 2025,,7f5r9wk8ccx0tfz0ykc4bzvo4,Benoît Millot,FC Metz,Angers Sporting Club de l'Ouest,J. Ekomié,0,0,1,1,0,1,0,0,12,0,0,0,0,2,0
32,14 Sep 2025,,7f5r9wk8ccx0tfz0ykc4bzvo4,Benoît Millot,FC Metz,Angers Sporting Club de l'Ouest,H. Abdelli,0,0,0,0,0,0,1,0,17,0,0,1,1,1,0
32,14 Sep 2025,,7f5r9wk8ccx0tfz0ykc4bzvo4,Benoît Millot,FC Metz,Angers Sporting Club de l'Ouest,J. Kalumba,0,0,0,1,0,0,0,0,4,0,0,0,0,0,0
33,14 Sep 2025,,7finhgei82ggqjmpqvozmy32s,Bastien Dechepy,Stade Brestois 29,Paris FC,B. Chardonnet,0,0,1,0,1,0,0,0,66,0,0,4,4,2,0
33,14 Sep 2025,,7finhgei82ggqjmpqvozmy32s,Bastien Dechepy,Stade Brestois 29,Paris FC,R. Del Castillo,0,0,1,12,2,1,1,2,30,0,0,4,2,1,0
33,14 Sep 2025,,7finhgei82ggqjmpqvozmy32s,Bastien Dechepy,Stade Brestois 29,Paris FC,K. Doumbia,0,0,0,1,1,1,0,0,21,0,0,0,0,2,0
33,14 Sep 2025,,7finhgei82ggqjmpqvozmy32s,Bastien Dechepy,Stade Brestois 29,Paris FC,K. Lala,0,2,3,5,0,0,0,0,57,0,0,2,0,1,0
33,14 Sep 2025,,7finhgei82ggqjmpqvozmy32s,Bastien Dechepy,Stade Brestois 29,Paris FC,Mama Baldé,0,3,1,1,0,0,0,0,8,0,0,4,1,0,0
33,14 Sep 2025,,7finhgei82ggqjmpqvozmy32s,Bastien Dechepy,Stade Brestois 29,Paris FC,B. Locko,0,0,0,2,2,0,0,1,20,0,0,0,0,3,0
33,14 Sep 2025,,7finhgei82ggqjmpqvozmy32s,Bastien Dechepy,Stade Brestois 29,Paris FC,J. Diaz,0,0,0,0,0,0,0,0,60,0,0,1,0,4,0
33,14 Sep 2025,,7finhgei82ggqjmpqvozmy32s,Bastien Dechepy,Stade Brestois 29,Paris FC,J. Chotard,0,2,0,2,1,0,0,0,47,0,0,3,1,1,0
33,14 Sep 2025,,7finhgei82ggqjmpqvozmy32s,Bastien Dechepy,Stade Brestois 29,Paris FC,H. Makalou,0,0,0,0,1,0,0,0,22,0,0,2,0,0,0
33,14 Sep 2025,,7finhgei82ggqjmpqvozmy32s,Bastien Dechepy,Stade Brestois 29,Paris FC,L. Ajorque,0,0,0,0,1,5,0,0,20,0,0,1,0,0,0
33,14 Sep 2025,,7finhgei82ggqjmpqvozmy32s,Bastien Dechepy,Stade Brestois 29,Paris FC,G. Coudert,0,0,0,0,0,0,0,0,21,0,2,0,0,0,0
33,14 Sep 2025,,7finhgei82ggqjmpqvozmy32s,Bastien Dechepy,Stade Brestois 29,Paris FC,P. Mboup,0,0,0,0,1,0,0,0,6,0,0,1,0,0,0
33,14 Sep 2025,,7finhgei82ggqjmpqvozmy32s,Bastien Dechepy,Stade Brestois 29,Paris FC,J. Dina Ebimbe,0,1,0,0,0,0,0,0,12,0,0,1,0,1,0
33,14 Sep 2025,,7finhgei82ggqjmpqvozmy32s,Bastien Dechepy,Stade Brestois 29,Paris FC,R. Labeau Lascary,0,0,0,0,1,1,0,0,3,0,0,0,0,0,0
33,14 Sep 2025,,7finhgei82ggqjmpqvozmy32s,Bastien Dechepy,Stade Brestois 29,Paris FC,D. Guindo,0,0,0,1,0,0,0,0,8,0,0,0,0,0,0
33,14 Sep 2025,,7finhgei82ggqjmpqvozmy32s,Bastien Dechepy,Stade Brestois 29,Paris FC,W. Geubbels,0,0,0,0,0,0,1,0,14,0,0,1,1,0,0
33,14 Sep 2025,,7finhgei82ggqjmpqvozmy32s,Bastien Dechepy,Stade Brestois 29,Paris FC,V. Marchetti,0,1,0,0,1,1,1,0,14,0,0,3,2,0,1
33,14 Sep 2025,,7finhgei82ggqjmpqvozmy32s,Bastien Dechepy,Stade Brestois 29,Paris FC,P. Lees-Melou,0,0,0,1,3,0,0,0,54,0,0,0,0,3,1
33,14 Sep 2025,,7finhgei82ggqjmpqvozmy32s,Bastien Dechepy,Stade Brestois 29,Paris FC,T. De Smet,0,0,0,1,1,3,0,0,55,0,0,0,0,3,0
33,14 Sep 2025,,7finhgei82ggqjmpqvozmy32s,Bastien Dechepy,Stade Brestois 29,Paris FC,Otávio,0,0,0,0,2,1,0,0,50,1,0,0,0,0,0
33,14 Sep 2025,,7finhgei82ggqjmpqvozmy32s,Bastien Dechepy,Stade Brestois 29,Paris FC,O. Nkambadio,0,0,0,0,0,0,0,0,46,0,6,0,0,0,0
33,14 Sep 2025,,7finhgei82ggqjmpqvozmy32s,Bastien Dechepy,Stade Brestois 29,Paris FC,M. Mbow,0,0,0,0,0,0,0,0,41,0,0,0,0,3,0
33,14 Sep 2025,,7finhgei82ggqjmpqvozmy32s,Bastien Dechepy,Stade Brestois 29,Paris FC,S. Chergui,0,0,0,0,0,0,0,0,43,0,0,0,0,4,0
33,14 Sep 2025,,7finhgei82ggqjmpqvozmy32s,Bastien Dechepy,Stade Brestois 29,Paris FC,I. Kebbal,0,1,1,2,0,3,0,0,43,0,0,2,0,3,0
33,14 Sep 2025,,7finhgei82ggqjmpqvozmy32s,Bastien Dechepy,Stade Brestois 29,Paris FC,M. Lopez,1,0,0,1,0,0,0,0,65,0,0,1,1,0,1
33,14 Sep 2025,,7finhgei82ggqjmpqvozmy32s,Bastien Dechepy,Stade Brestois 29,Paris FC,M. Simon,0,0,0,2,0,0,0,1,10,0,0,0,0,1,0
33,14 Sep 2025,,7finhgei82ggqjmpqvozmy32s,Bastien Dechepy,Stade Brestois 29,Paris FC,A. Camara,0,0,0,0,1,0,0,0,28,0,0,0,0,2,0
33,14 Sep 2025,,7finhgei82ggqjmpqvozmy32s,Bastien Dechepy,Stade Brestois 29,Paris FC,A. Gory,0,0,0,0,2,1,0,0,8,0,0,0,0,0,0
33,14 Sep 2025,,7finhgei82ggqjmpqvozmy32s,Bastien Dechepy,Stade Brestois 29,Paris FC,J. Krasso,0,0,0,1,0,2,0,0,9,0,0,0,0,1,0
33,14 Sep 2025,,7finhgei82ggqjmpqvozmy32s,Bastien Dechepy,Stade Brestois 29,Paris FC,T. Kolodziejczak,0,0,0,0,0,0,0,0,5,0,0,0,0,0,0
33,14 Sep 2025,,7finhgei82ggqjmpqvozmy32s,Bastien Dechepy,Stade Brestois 29,Paris FC,N. Sangui,0,0,0,0,0,0,0,0,2,0,0,0,0,1,0
34,14 Sep 2025,,7fxlfaq79j9fhu0z0tywm036c,Willy Delajod,RC Strasbourg Alsace,Le Havre AC,M. Penders,0,0,0,0,0,0,0,0,40,0,1,0,0,0,0
34,14 Sep 2025,,7fxlfaq79j9fhu0z0tywm036c,Willy Delajod,RC Strasbourg Alsace,Le Havre AC,L. Høgsberg,0,0,0,0,3,3,0,0,58,1,0,0,0,0,2
34,14 Sep 2025,,7fxlfaq79j9fhu0z0tywm036c,Willy Delajod,RC Strasbourg Alsace,Le Havre AC,V. Barco,0,0,2,4,0,1,0,0,53,0,0,2,2,4,0
34,14 Sep 2025,,7fxlfaq79j9fhu0z0tywm036c,Willy Delajod,RC Strasbourg Alsace,Le Havre AC,I. Doukouré,0,0,0,0,0,1,0,0,60,0,0,0,0,0,0
34,14 Sep 2025,,7fxlfaq79j9fhu0z0tywm036c,Willy Delajod,RC Strasbourg Alsace,Le Havre AC,Rafael Luís,0,0,0,0,0,0,0,0,26,0,0,0,0,2,0
34,14 Sep 2025,,7fxlfaq79j9fhu0z0tywm036c,Willy Delajod,RC Strasbourg Alsace,Le Havre AC,M. Sarr,0,0,0,0,2,0,0,0,57,0,0,0,0,1,0
34,14 Sep 2025,,7fxlfaq79j9fhu0z0tywm036c,Willy Delajod,RC Strasbourg Alsace,Le Havre AC,D. Moreira,0,0,1,6,0,1,0,0,39,0,0,0,0,3,0
34,14 Sep 2025,,7fxlfaq79j9fhu0z0tywm036c,Willy Delajod,RC Strasbourg Alsace,Le Havre AC,B. Chilwell,0,0,0,1,1,0,0,0,25,0,0,0,0,1,0
34,14 Sep 2025,,7fxlfaq79j9fhu0z0tywm036c,Willy Delajod,RC Strasbourg Alsace,Le Havre AC,J. Panichelli,0,0,0,0,0,3,1,1,16,0,0,3,3,0,0
34,14 Sep 2025,,7fxlfaq79j9fhu0z0tywm036c,Willy Delajod,RC Strasbourg Alsace,Le Havre AC,M. Amougou,0,0,0,0,0,2,0,0,12,0,0,1,1,1,0
34,14 Sep 2025,,7fxlfaq79j9fhu0z0tywm036c,Willy Delajod,RC Strasbourg Alsace,Le Havre AC,F. Lemaréchal,0,0,0,0,0,0,0,0,9,0,0,0,0,1,0
34,14 Sep 2025,,7fxlfaq79j9fhu0z0tywm036c,Willy Delajod,RC Strasbourg Alsace,Le Havre AC,A. Ouattara,0,0,0,0,1,0,0,0,16,0,0,0,0,0,0
34,14 Sep 2025,,7fxlfaq79j9fhu0z0tywm036c,Willy Delajod,RC Strasbourg Alsace,Le Havre AC,K. Páez,0,0,0,2,1,1,0,0,19,0,0,1,1,0,0
34,14 Sep 2025,,7fxlfaq79j9fhu0z0tywm036c,Willy Delajod,RC Strasbourg Alsace,Le Havre AC,S. Amo-Ameyaw,0,1,1,4,0,2,0,0,13,0,0,1,0,3,0
34,14 Sep 2025,,7fxlfaq79j9fhu0z0tywm036c,Willy Delajod,RC Strasbourg Alsace,Le Havre AC,S. El Mourabet,0,0,0,0,0,1,0,0,9,0,0,0,0,1,0
34,14 Sep 2025,,7fxlfaq79j9fhu0z0tywm036c,Willy Delajod,RC Strasbourg Alsace,Le Havre AC,M. Godo,0,0,0,0,0,1,0,0,1,0,0,1,0,0,0
34,14 Sep 2025,,7fxlfaq79j9fhu0z0tywm036c,Willy Delajod,RC Strasbourg Alsace,Le Havre AC,Y. Kechta,0,1,0,3,3,0,0,0,29,0,0,2,1,3,1
34,14 Sep 2025,,7fxlfaq79j9fhu0z0tywm036c,Willy Delajod,RC Strasbourg Alsace,Le Havre AC,A. Touré,0,0,0,0,0,1,0,0,35,0,0,0,0,1,0
34,14 Sep 2025,,7fxlfaq79j9fhu0z0tywm036c,Willy Delajod,RC Strasbourg Alsace,Le Havre AC,I. Soumaré,0,1,1,1,2,2,0,1,22,0,0,3,0,0,0
34,14 Sep 2025,,7fxlfaq79j9fhu0z0tywm036c,Willy Delajod,RC Strasbourg Alsace,Le Havre AC,G. Lloris,0,0,0,0,2,0,0,0,81,0,0,1,0,3,0
34,14 Sep 2025,,7fxlfaq79j9fhu0z0tywm036c,Willy Delajod,RC Strasbourg Alsace,Le Havre AC,Y. Zouaoui,0,0,0,9,2,0,0,0,53,0,0,2,0,2,1
34,14 Sep 2025,,7fxlfaq79j9fhu0z0tywm036c,Willy Delajod,RC Strasbourg Alsace,Le Havre AC,L. Nego,0,0,0,3,3,1,0,0,52,0,0,1,0,2,0
34,14 Sep 2025,,7fxlfaq79j9fhu0z0tywm036c,Willy Delajod,RC Strasbourg Alsace,Le Havre AC,F. Doucouré,0,0,0,5,0,0,0,0,29,0,0,0,0,6,0
34,14 Sep 2025,,7fxlfaq79j9fhu0z0tywm036c,Willy Delajod,RC Strasbourg Alsace,Le Havre AC,M. Diaw,0,0,0,0,0,0,0,0,45,0,5,0,0,0,0
34,14 Sep 2025,,7fxlfaq79j9fhu0z0tywm036c,Willy Delajod,RC Strasbourg Alsace,Le Havre AC,A. Sangante,0,0,0,0,0,1,0,0,60,0,0,0,0,1,0
34,14 Sep 2025,,7fxlfaq79j9fhu0z0tywm036c,Willy Delajod,RC Strasbourg Alsace,Le Havre AC,R. Ndiaye,0,0,1,2,1,1,0,0,30,0,0,1,0,2,0
34,14 Sep 2025,,7fxlfaq79j9fhu0z0tywm036c,Willy Delajod,RC Strasbourg Alsace,Le Havre AC,M. Samatta,0,0,0,0,2,1,0,0,15,0,0,0,0,0,0
34,14 Sep 2025,,7fxlfaq79j9fhu0z0tywm036c,Willy Delajod,RC Strasbourg Alsace,Le Havre AC,A. Seko,0,0,0,0,0,0,0,0,8,0,0,0,0,1,0
34,14 Sep 2025,,7fxlfaq79j9fhu0z0tywm036c,Willy Delajod,RC Strasbourg Alsace,Le Havre AC,R. Khadra,0,0,1,3,0,0,0,0,5,0,0,0,0,2,0
34,14 Sep 2025,,7fxlfaq79j9fhu0z0tywm036c,Willy Delajod,RC Strasbourg Alsace,Le Havre AC,S. Ebonog,0,0,0,0,1,0,0,0,3,0,0,0,0,2,0
34,14 Sep 2025,,7fxlfaq79j9fhu0z0tywm036c,Willy Delajod,RC Strasbourg Alsace,Le Havre AC,É. Youté,0,0,0,0,0,0,0,0,1,0,0,0,0,0,0
34,14 Sep 2025,,7fxlfaq79j9fhu0z0tywm036c,Willy Delajod,RC Strasbourg Alsace,Le Havre AC,F. Mambimbi,0,0,0,0,0,0,0,0,0,0,0,0,0,0,0
35,14 Sep 2025,,7gajlkhpq82gxrxhu19og0qhg,Jeremy Stinat,Lille OSC,Toulouse FC,N. Mukau,0,0,0,1,1,0,0,0,22,0,0,1,0,0,0
35,14 Sep 2025,,7gajlkhpq82gxrxhu19og0qhg,Jeremy Stinat,Lille OSC,Toulouse FC,B. Özer,0,0,0,0,0,0,0,0,35,0,3,0,0,0,0
35,14 Sep 2025,,7gajlkhpq82gxrxhu19og0qhg,Jeremy Stinat,Lille OSC,Toulouse FC,Alexsandro Ribeiro,0,0,0,0,1,2,0,0,61,0,0,1,1,2,0
35,14 Sep 2025,,7gajlkhpq82gxrxhu19og0qhg,Jeremy Stinat,Lille OSC,Toulouse FC,N. Ngoy,0,1,0,1,0,2,0,0,81,0,0,2,0,3,0
35,14 Sep 2025,,7gajlkhpq82gxrxhu19og0qhg,Jeremy Stinat,Lille OSC,Toulouse FC,A. Mandi,0,0,2,2,2,1,0,0,42,0,0,0,0,5,0
35,14 Sep 2025,,7gajlkhpq82gxrxhu19og0qhg,Jeremy Stinat,Lille OSC,Toulouse FC,R. Perraud,0,1,0,8,0,0,0,0,73,0,0,3,0,1,0
35,14 Sep 2025,,7gajlkhpq82gxrxhu19og0qhg,Jeremy Stinat,Lille OSC,Toulouse FC,B. André,0,0,1,2,4,1,0,0,61,0,0,0,0,1,0
35,14 Sep 2025,,7gajlkhpq82gxrxhu19og0qhg,Jeremy Stinat,Lille OSC,Toulouse FC,A. Bouaddi,0,1,1,1,1,0,0,0,28,0,0,1,0,1,0
35,14 Sep 2025,,7gajlkhpq82gxrxhu19og0qhg,Jeremy Stinat,Lille OSC,Toulouse FC,Félix Correia,0,0,2,4,0,1,0,0,37,0,0,0,0,0,0
35,14 Sep 2025,,7gajlkhpq82gxrxhu19og0qhg,Jeremy Stinat,Lille OSC,Toulouse FC,Matías Fernández,0,2,1,7,0,2,0,1,21,0,0,2,0,1,0
35,14 Sep 2025,,7gajlkhpq82gxrxhu19og0qhg,Jeremy Stinat,Lille OSC,Toulouse FC,O. Giroud,0,2,0,0,1,0,0,0,15,0,0,5,1,0,1
35,14 Sep 2025,,7gajlkhpq82gxrxhu19og0qhg,Jeremy Stinat,Lille OSC,Toulouse FC,C. Mbemba,0,0,0,0,1,0,0,0,34,0,0,0,0,3,1
35,14 Sep 2025,,7gajlkhpq82gxrxhu19og0qhg,Jeremy Stinat,Lille OSC,Toulouse FC,H. Igamane,0,1,0,0,1,0,0,0,10,0,0,1,0,1,0
35,14 Sep 2025,,7gajlkhpq82gxrxhu19og0qhg,Jeremy Stinat,Lille OSC,Toulouse FC,N. Bentaleb,0,0,0,0,0,0,1,0,18,0,0,2,2,0,0
35,14 Sep 2025,,7gajlkhpq82gxrxhu19og0qhg,Jeremy Stinat,Lille OSC,Toulouse FC,E. Mbappé,0,0,0,0,0,0,1,0,9,0,0,1,1,0,0
35,14 Sep 2025,,7gajlkhpq82gxrxhu19og0qhg,Jeremy Stinat,Lille OSC,Toulouse FC,O. Sahraoui,1,0,0,1,0,0,0,0,6,0,0,1,0,0,0
35,14 Sep 2025,,7gajlkhpq82gxrxhu19og0qhg,Jeremy Stinat,Lille OSC,Toulouse FC,C. Cresswell,0,0,0,0,0,0,0,0,23,0,0,1,1,0,0
35,14 Sep 2025,,7gajlkhpq82gxrxhu19og0qhg,Jeremy Stinat,Lille OSC,Toulouse FC,M. McKenzie,0,0,0,0,1,0,0,0,16,0,0,0,0,3,0
35,14 Sep 2025,,7gajlkhpq82gxrxhu19og0qhg,Jeremy Stinat,Lille OSC,Toulouse FC,G. Restes,0,0,0,0,0,1,0,0,24,0,3,0,0,0,1
35,14 Sep 2025,,7gajlkhpq82gxrxhu19og0qhg,Jeremy Stinat,Lille OSC,Toulouse FC,A. Dønnum,0,0,3,6,1,1,0,0,32,0,0,2,1,1,1
35,14 Sep 2025,,7gajlkhpq82gxrxhu19og0qhg,Jeremy Stinat,Lille OSC,Toulouse FC,S. Hidalgo,0,0,0,2,0,0,0,1,6,0,0,0,0,1,0
35,14 Sep 2025,,7gajlkhpq82gxrxhu19og0qhg,Jeremy Stinat,Lille OSC,Toulouse FC,A. Francis,0,0,0,0,1,2,0,0,22,0,0,0,0,5,0
35,14 Sep 2025,,7gajlkhpq82gxrxhu19og0qhg,Jeremy Stinat,Lille OSC,Toulouse FC,D. Méthalie,0,0,2,1,3,0,0,0,14,0,0,1,1,2,0
35,14 Sep 2025,,7gajlkhpq82gxrxhu19og0qhg,Jeremy Stinat,Lille OSC,Toulouse FC,R. Nicolaisen,0,1,0,0,1,0,0,0,16,0,0,1,0,1,1
35,14 Sep 2025,,7gajlkhpq82gxrxhu19og0qhg,Jeremy Stinat,Lille OSC,Toulouse FC,C. Cásseres,0,0,0,4,0,1,0,0,36,0,0,0,0,1,0
35,14 Sep 2025,,7gajlkhpq82gxrxhu19og0qhg,Jeremy Stinat,Lille OSC,Toulouse FC,F. Magri,0,0,1,0,2,2,1,0,9,0,0,2,1,0,1
35,14 Sep 2025,,7gajlkhpq82gxrxhu19og0qhg,Jeremy Stinat,Lille OSC,Toulouse FC,Y. Gboho,0,0,0,1,0,2,0,1,20,0,0,0,0,0,0
35,14 Sep 2025,,7gajlkhpq82gxrxhu19og0qhg,Jeremy Stinat,Lille OSC,Toulouse FC,R. Messali,0,0,0,0,0,1,0,0,3,0,0,0,0,1,0
35,14 Sep 2025,,7gajlkhpq82gxrxhu19og0qhg,Jeremy Stinat,Lille OSC,Toulouse FC,W. Kamanzi,0,0,0,0,0,0,0,0,5,0,0,1,0,0,0
35,14 Sep 2025,,7gajlkhpq82gxrxhu19og0qhg,Jeremy Stinat,Lille OSC,Toulouse FC,A. Vossah,0,0,0,0,1,0,0,0,0,1,0,0,0,0,0
35,14 Sep 2025,,7gajlkhpq82gxrxhu19og0qhg,Jeremy Stinat,Lille OSC,Toulouse FC,M. Sauer,0,1,0,0,0,1,0,0,4,0,0,1,0,0,0
35,14 Sep 2025,,7gajlkhpq82gxrxhu19og0qhg,Jeremy Stinat,Lille OSC,Toulouse FC,D. Sidibé,0,0,0,1,0,0,0,0,1,0,0,0,0,0,0
36,14 Sep 2025,,7gnjrgecb17513nn58buzcftg,Ruddy Buquet,Stade Rennais FC,Olympique Lyonnais,L. Blas,0,1,1,2,2,4,0,0,31,0,0,1,0,1,0
36,14 Sep 2025,,7gnjrgecb17513nn58buzcftg,Ruddy Buquet,Stade Rennais FC,Olympique Lyonnais,V. Rongier,0,0,1,1,2,2,0,0,63,0,0,1,0,0,0
36,14 Sep 2025,,7gnjrgecb17513nn58buzcftg,Ruddy Buquet,Stade Rennais FC,Olympique Lyonnais,A. Rouault,0,0,0,0,1,0,1,0,57,0,0,1,1,1,0
36,14 Sep 2025,,7gnjrgecb17513nn58buzcftg,Ruddy Buquet,Stade Rennais FC,Olympique Lyonnais,Q. Merlin,0,2,1,5,0,0,0,1,44,0,0,2,0,1,0
36,14 Sep 2025,,7gnjrgecb17513nn58buzcftg,Ruddy Buquet,Stade Rennais FC,Olympique Lyonnais,B. Embolo,0,0,0,1,8,2,0,0,8,0,0,2,1,0,0
36,14 Sep 2025,,7gnjrgecb17513nn58buzcftg,Ruddy Buquet,Stade Rennais FC,Olympique Lyonnais,P. Frankowski,0,1,0,6,2,1,0,0,20,0,0,2,0,3,1
36,14 Sep 2025,,7gnjrgecb17513nn58buzcftg,Ruddy Buquet,Stade Rennais FC,Olympique Lyonnais,A. Aït Boudlal,0,0,0,0,0,0,0,0,21,0,0,0,0,1,0
36,14 Sep 2025,,7gnjrgecb17513nn58buzcftg,Ruddy Buquet,Stade Rennais FC,Olympique Lyonnais,E. Lepaul,0,1,0,1,1,0,0,0,10,0,0,1,0,1,0
36,14 Sep 2025,,7gnjrgecb17513nn58buzcftg,Ruddy Buquet,Stade Rennais FC,Olympique Lyonnais,D. Cissé,0,2,0,0,0,0,0,0,30,0,0,5,0,5,0
36,14 Sep 2025,,7gnjrgecb17513nn58buzcftg,Ruddy Buquet,Stade Rennais FC,Olympique Lyonnais,J. Jacquet,0,0,0,0,1,0,0,0,55,0,0,1,1,0,0
36,14 Sep 2025,,7gnjrgecb17513nn58buzcftg,Ruddy Buquet,Stade Rennais FC,Olympique Lyonnais,B. Samba,0,0,0,0,0,1,0,0,31,0,4,0,0,0,0
36,14 Sep 2025,,7gnjrgecb17513nn58buzcftg,Ruddy Buquet,Stade Rennais FC,Olympique Lyonnais,A. Seidu,0,0,0,0,1,1,0,2,33,0,0,0,0,1,1
36,14 Sep 2025,,7gnjrgecb17513nn58buzcftg,Ruddy Buquet,Stade Rennais FC,Olympique Lyonnais,Mousa Tamari,1,1,1,2,0,0,0,0,20,0,0,3,0,2,0
36,14 Sep 2025,,7gnjrgecb17513nn58buzcftg,Ruddy Buquet,Stade Rennais FC,Olympique Lyonnais,M. Meïté,1,1,1,0,0,1,1,0,2,0,0,3,2,0,0
36,14 Sep 2025,,7gnjrgecb17513nn58buzcftg,Ruddy Buquet,Stade Rennais FC,Olympique Lyonnais,S. Fofana,0,0,0,1,0,0,0,0,21,0,0,1,0,0,0
36,14 Sep 2025,,7gnjrgecb17513nn58buzcftg,Ruddy Buquet,Stade Rennais FC,Olympique Lyonnais,A. Nagida,0,0,0,0,0,0,0,0,3,0,0,0,0,0,0
36,14 Sep 2025,,7gnjrgecb17513nn58buzcftg,Ruddy Buquet,Stade Rennais FC,Olympique Lyonnais,M. Niakhaté,0,0,0,0,1,2,0,0,60,0,0,0,0,2,0
36,14 Sep 2025,,7gnjrgecb17513nn58buzcftg,Ruddy Buquet,Stade Rennais FC,Olympique Lyonnais,Clinton Mata,0,0,0,0,1,1,0,0,56,0,0,0,0,2,1
36,14 Sep 2025,,7gnjrgecb17513nn58buzcftg,Ruddy Buquet,Stade Rennais FC,Olympique Lyonnais,R. Descamps,0,0,0,0,0,0,0,0,28,0,2,0,0,0,0
36,14 Sep 2025,,7gnjrgecb17513nn58buzcftg,Ruddy Buquet,Stade Rennais FC,Olympique Lyonnais,C. Tolisso,0,0,0,0,1,4,1,0,50,0,0,2,2,3,1
36,14 Sep 2025,,7gnjrgecb17513nn58buzcftg,Ruddy Buquet,Stade Rennais FC,Olympique Lyonnais,Abner,0,0,1,1,2,0,0,0,46,0,0,0,0,3,0
36,14 Sep 2025,,7gnjrgecb17513nn58buzcftg,Ruddy Buquet,Stade Rennais FC,Olympique Lyonnais,M. Fofana,0,0,0,1,2,3,0,0,25,0,0,0,0,0,0
36,14 Sep 2025,,7gnjrgecb17513nn58buzcftg,Ruddy Buquet,Stade Rennais FC,Olympique Lyonnais,T. Morton,0,0,0,7,3,1,0,0,51,1,0,0,0,1,0
36,14 Sep 2025,,7gnjrgecb17513nn58buzcftg,Ruddy Buquet,Stade Rennais FC,Olympique Lyonnais,K. Merah,0,0,1,1,0,2,0,0,28,0,0,2,2,0,0
36,14 Sep 2025,,7gnjrgecb17513nn58buzcftg,Ruddy Buquet,Stade Rennais FC,Olympique Lyonnais,T. Tessmann,0,1,1,0,1,2,0,0,47,0,0,1,0,2,0
36,14 Sep 2025,,7gnjrgecb17513nn58buzcftg,Ruddy Buquet,Stade Rennais FC,Olympique Lyonnais,A. Karabec,0,1,0,0,1,1,0,0,24,0,0,2,1,1,0
36,14 Sep 2025,,7gnjrgecb17513nn58buzcftg,Ruddy Buquet,Stade Rennais FC,Olympique Lyonnais,A. Maitland-Niles,1,0,0,1,0,0,0,0,55,0,0,0,0,2,0
36,14 Sep 2025,,7gnjrgecb17513nn58buzcftg,Ruddy Buquet,Stade Rennais FC,Olympique Lyonnais,R. Ghezzal,0,1,1,1,1,0,0,0,14,0,0,1,0,2,0
36,14 Sep 2025,,7gnjrgecb17513nn58buzcftg,Ruddy Buquet,Stade Rennais FC,Olympique Lyonnais,P. Šulc,0,0,0,0,0,0,0,0,3,0,0,0,0,0,0
36,14 Sep 2025,,7gnjrgecb17513nn58buzcftg,Ruddy Buquet,Stade Rennais FC,Olympique Lyonnais,R. Kluivert,0,0,0,0,0,0,0,0,5,0,0,0,0,0,0
37,20 Sep 2025,,7h0i7e61tfj9c8pebjoyccx04,Eric Wattellier,Racing Club de Lens,Lille OSC,R. Aguilar,0,1,0,2,0,0,0,0,24,0,0,2,1,2,0
37,20 Sep 2025,,7h0i7e61tfj9c8pebjoyccx04,Eric Wattellier,Racing Club de Lens,Lille OSC,M. Sangaré,0,0,0,0,3,2,0,0,35,0,0,1,0,1,0
37,20 Sep 2025,,7h0i7e61tfj9c8pebjoyccx04,Eric Wattellier,Racing Club de Lens,Lille OSC,W. Saïd,1,1,1,2,1,1,1,2,20,0,0,2,1,1,0
37,20 Sep 2025,,7h0i7e61tfj9c8pebjoyccx04,Eric Wattellier,Racing Club de Lens,Lille OSC,M. Udol,0,0,0,1,3,2,0,0,21,0,0,1,0,1,1
37,20 Sep 2025,,7h0i7e61tfj9c8pebjoyccx04,Eric Wattellier,Racing Club de Lens,Lille OSC,M. Sarr,0,0,0,0,1,0,0,0,43,0,0,0,0,3,0
37,20 Sep 2025,,7h0i7e61tfj9c8pebjoyccx04,Eric Wattellier,Racing Club de Lens,Lille OSC,S. Baidoo,0,0,0,0,1,0,0,0,32,0,0,0,0,1,0
37,20 Sep 2025,,7h0i7e61tfj9c8pebjoyccx04,Eric Wattellier,Racing Club de Lens,Lille OSC,R. Risser,0,0,0,0,0,0,0,0,31,0,3,0,0,0,0
37,20 Sep 2025,,7h0i7e61tfj9c8pebjoyccx04,Eric Wattellier,Racing Club de Lens,Lille OSC,J. Gradit,0,0,0,0,2,1,0,0,31,0,0,0,0,2,0
37,20 Sep 2025,,7h0i7e61tfj9c8pebjoyccx04,Eric Wattellier,Racing Club de Lens,Lille OSC,A. Thomasson,0,0,0,1,4,1,0,0,36,0,0,0,0,1,0
37,20 Sep 2025,,7h0i7e61tfj9c8pebjoyccx04,Eric Wattellier,Racing Club de Lens,Lille OSC,R. Fofana,0,0,0,0,0,2,1,1,7,0,0,3,2,2,0
37,20 Sep 2025,,7h0i7e61tfj9c8pebjoyccx04,Eric Wattellier,Racing Club de Lens,Lille OSC,F. Thauvin,0,0,3,8,2,1,1,0,28,0,0,5,2,1,0
37,20 Sep 2025,,7h0i7e61tfj9c8pebjoyccx04,Eric Wattellier,Racing Club de Lens,Lille OSC,O. Édouard,0,0,0,0,0,0,0,0,4,0,0,0,0,0,0
37,20 Sep 2025,,7h0i7e61tfj9c8pebjoyccx04,Eric Wattellier,Racing Club de Lens,Lille OSC,Saud Abdulhamid,0,0,0,1,0,0,0,0,7,0,0,0,0,3,0
37,20 Sep 2025,,7h0i7e61tfj9c8pebjoyccx04,Eric Wattellier,Racing Club de Lens,Lille OSC,M. Guilavogui,0,0,0,0,0,1,0,1,3,0,0,1,0,0,0
37,20 Sep 2025,,7h0i7e61tfj9c8pebjoyccx04,Eric Wattellier,Racing Club de Lens,Lille OSC,F. Sotoca,0,0,0,0,0,0,0,0,3,0,0,0,0,0,0
37,20 Sep 2025,,7h0i7e61tfj9c8pebjoyccx04,Eric Wattellier,Racing Club de Lens,Lille OSC,F. Sylla,0,0,0,0,0,0,0,0,1,0,0,0,0,1,0
37,20 Sep 2025,,7h0i7e61tfj9c8pebjoyccx04,Eric Wattellier,Racing Club de Lens,Lille OSC,H. Haraldsson,0,0,1,3,0,3,0,0,29,0,0,1,0,3,0
37,20 Sep 2025,,7h0i7e61tfj9c8pebjoyccx04,Eric Wattellier,Racing Club de Lens,Lille OSC,B. Özer,0,0,0,0,0,1,0,0,41,0,3,0,0,0,0
37,20 Sep 2025,,7h0i7e61tfj9c8pebjoyccx04,Eric Wattellier,Racing Club de Lens,Lille OSC,O. Giroud,0,0,0,0,3,1,0,0,16,0,0,1,0,0,0
37,20 Sep 2025,,7h0i7e61tfj9c8pebjoyccx04,Eric Wattellier,Racing Club de Lens,Lille OSC,N. Bentaleb,0,0,0,2,1,1,0,0,55,0,0,0,0,0,0
37,20 Sep 2025,,7h0i7e61tfj9c8pebjoyccx04,Eric Wattellier,Racing Club de Lens,Lille OSC,N. Ngoy,0,0,0,0,0,0,0,0,64,0,0,0,0,2,0
37,20 Sep 2025,,7h0i7e61tfj9c8pebjoyccx04,Eric Wattellier,Racing Club de Lens,Lille OSC,Félix Correia,0,2,2,0,0,0,0,0,15,0,0,4,2,0,0
37,20 Sep 2025,,7h0i7e61tfj9c8pebjoyccx04,Eric Wattellier,Racing Club de Lens,Lille OSC,A. Mandi,0,1,2,5,2,2,0,0,56,0,0,1,0,1,1
37,20 Sep 2025,,7h0i7e61tfj9c8pebjoyccx04,Eric Wattellier,Racing Club de Lens,Lille OSC,C. Mbemba,0,0,1,0,3,0,0,0,70,0,0,1,1,4,1
37,20 Sep 2025,,7h0i7e61tfj9c8pebjoyccx04,Eric Wattellier,Racing Club de Lens,Lille OSC,R. Perraud,0,0,0,3,0,0,0,0,11,0,0,0,0,0,0
37,20 Sep 2025,,7h0i7e61tfj9c8pebjoyccx04,Eric Wattellier,Racing Club de Lens,Lille OSC,A. Bouaddi,0,0,0,0,1,1,0,0,36,0,0,1,0,0,0
37,20 Sep 2025,,7h0i7e61tfj9c8pebjoyccx04,Eric Wattellier,Racing Club de Lens,Lille OSC,Matías Fernández,0,0,0,2,0,1,0,0,27,0,0,1,0,1,0
37,20 Sep 2025,,7h0i7e61tfj9c8pebjoyccx04,Eric Wattellier,Racing Club de Lens,Lille OSC,C. Verdonk,0,1,1,2,1,0,0,0,66,0,0,1,0,2,1
37,20 Sep 2025,,7h0i7e61tfj9c8pebjoyccx04,Eric Wattellier,Racing Club de Lens,Lille OSC,O. Sahraoui,0,1,2,0,0,6,0,0,21,0,0,2,0,1,0
37,20 Sep 2025,,7h0i7e61tfj9c8pebjoyccx04,Eric Wattellier,Racing Club de Lens,Lille OSC,N. Mukau,0,2,1,0,0,0,0,1,20,0,0,2,0,1,0
37,20 Sep 2025,,7h0i7e61tfj9c8pebjoyccx04,Eric Wattellier,Racing Club de Lens,Lille OSC,E. Mbappé,0,0,0,2,0,1,0,0,8,0,0,0,0,0,0
37,20 Sep 2025,,7h0i7e61tfj9c8pebjoyccx04,Eric Wattellier,Racing Club de Lens,Lille OSC,H. Igamane,0,1,0,1,0,0,0,0,4,0,0,2,0,0,0
38,20 Sep 2025,,7hdh3tbg2wvlim6o9dwmf47is,Mathieu Vernice,FC Nantes,Stade Rennais FC,K. Amian,0,0,0,3,0,1,0,0,50,0,0,0,0,2,0
38,20 Sep 2025,,7hdh3tbg2wvlim6o9dwmf47is,Mathieu Vernice,FC Nantes,Stade Rennais FC,J. Mwanga,0,0,0,0,0,1,1,0,41,0,0,1,1,1,0
38,20 Sep 2025,,7hdh3tbg2wvlim6o9dwmf47is,Mathieu Vernice,FC Nantes,Stade Rennais FC,Anthony Lopes,0,0,0,0,0,1,0,0,26,0,2,0,0,0,0
38,20 Sep 2025,,7hdh3tbg2wvlim6o9dwmf47is,Mathieu Vernice,FC Nantes,Stade Rennais FC,M. Lahdo,0,0,0,0,1,3,0,0,11,0,0,0,0,2,0
38,20 Sep 2025,,7hdh3tbg2wvlim6o9dwmf47is,Mathieu Vernice,FC Nantes,Stade Rennais FC,N. Cozza,0,0,0,0,2,1,0,0,30,0,0,0,0,1,0
38,20 Sep 2025,,7hdh3tbg2wvlim6o9dwmf47is,Mathieu Vernice,FC Nantes,Stade Rennais FC,L. Leroux,0,2,0,3,0,1,0,0,20,0,0,2,0,0,0
38,20 Sep 2025,,7hdh3tbg2wvlim6o9dwmf47is,Mathieu Vernice,FC Nantes,Stade Rennais FC,J. Lepenant,0,0,0,4,0,3,0,0,35,0,0,1,0,3,0
38,20 Sep 2025,,7hdh3tbg2wvlim6o9dwmf47is,Mathieu Vernice,FC Nantes,Stade Rennais FC,Mostafa Mohamed,0,2,0,0,3,1,0,1,5,0,0,3,0,0,1
38,20 Sep 2025,,7hdh3tbg2wvlim6o9dwmf47is,Mathieu Vernice,FC Nantes,Stade Rennais FC,C. Awaziem,0,0,0,0,1,1,0,0,64,0,0,0,0,1,0
38,20 Sep 2025,,7hdh3tbg2wvlim6o9dwmf47is,Mathieu Vernice,FC Nantes,Stade Rennais FC,T. Tati,0,0,0,0,2,0,0,0,36,0,0,0,0,1,1
38,20 Sep 2025,,7hdh3tbg2wvlim6o9dwmf47is,Mathieu Vernice,FC Nantes,Stade Rennais FC,M. Abline,1,2,1,2,2,2,0,0,16,0,0,6,1,1,0
38,20 Sep 2025,,7hdh3tbg2wvlim6o9dwmf47is,Mathieu Vernice,FC Nantes,Stade Rennais FC,F. Coquelin,0,0,0,0,1,0,0,0,4,0,0,1,1,0,0
38,20 Sep 2025,,7hdh3tbg2wvlim6o9dwmf47is,Mathieu Vernice,FC Nantes,Stade Rennais FC,Y. Benhattab,0,0,2,4,0,0,0,0,8,0,0,0,0,0,0
38,20 Sep 2025,,7hdh3tbg2wvlim6o9dwmf47is,Mathieu Vernice,FC Nantes,Stade Rennais FC,D. Tabibou,0,0,0,3,1,1,0,0,6,0,0,1,0,0,0
38,20 Sep 2025,,7hdh3tbg2wvlim6o9dwmf47is,Mathieu Vernice,FC Nantes,Stade Rennais FC,A. Camara,0,0,1,0,0,0,0,0,4,0,0,0,0,0,0
38,20 Sep 2025,,7hdh3tbg2wvlim6o9dwmf47is,Mathieu Vernice,FC Nantes,Stade Rennais FC,Y. El-Arabi,0,0,0,0,1,1,1,0,2,0,0,1,1,1,0
38,20 Sep 2025,,7hdh3tbg2wvlim6o9dwmf47is,Mathieu Vernice,FC Nantes,Stade Rennais FC,U. Radaković,0,0,0,0,0,0,0,0,3,0,0,0,0,0,0
38,20 Sep 2025,,7hdh3tbg2wvlim6o9dwmf47is,Mathieu Vernice,FC Nantes,Stade Rennais FC,E. Lepaul,0,0,1,3,3,1,1,0,16,0,0,2,1,0,0
38,20 Sep 2025,,7hdh3tbg2wvlim6o9dwmf47is,Mathieu Vernice,FC Nantes,Stade Rennais FC,V. Rongier,0,0,1,1,2,0,0,0,36,0,0,1,0,1,0
38,20 Sep 2025,,7hdh3tbg2wvlim6o9dwmf47is,Mathieu Vernice,FC Nantes,Stade Rennais FC,J. Jacquet,0,0,0,0,1,2,0,0,64,0,0,0,0,0,0
38,20 Sep 2025,,7hdh3tbg2wvlim6o9dwmf47is,Mathieu Vernice,FC Nantes,Stade Rennais FC,A. Rouault,0,0,0,0,3,0,0,0,66,0,0,0,0,1,1
38,20 Sep 2025,,7hdh3tbg2wvlim6o9dwmf47is,Mathieu Vernice,FC Nantes,Stade Rennais FC,S. Fofana,0,0,0,0,0,2,0,0,49,0,0,1,1,0,0
38,20 Sep 2025,,7hdh3tbg2wvlim6o9dwmf47is,Mathieu Vernice,FC Nantes,Stade Rennais FC,B. Samba,0,0,0,0,0,0,0,0,48,0,2,0,0,0,0
38,20 Sep 2025,,7hdh3tbg2wvlim6o9dwmf47is,Mathieu Vernice,FC Nantes,Stade Rennais FC,L. Blas,0,0,1,3,0,1,1,0,31,0,0,4,2,1,0
38,20 Sep 2025,,7hdh3tbg2wvlim6o9dwmf47is,Mathieu Vernice,FC Nantes,Stade Rennais FC,A. Seidu,1,0,0,0,0,2,0,0,29,0,0,0,0,1,0
38,20 Sep 2025,,7hdh3tbg2wvlim6o9dwmf47is,Mathieu Vernice,FC Nantes,Stade Rennais FC,M. Camara,0,0,0,1,1,2,0,1,44,0,0,0,0,4,0
38,20 Sep 2025,,7hdh3tbg2wvlim6o9dwmf47is,Mathieu Vernice,FC Nantes,Stade Rennais FC,Q. Merlin,0,0,1,4,1,0,0,0,34,0,0,0,0,0,0
38,20 Sep 2025,,7hdh3tbg2wvlim6o9dwmf47is,Mathieu Vernice,FC Nantes,Stade Rennais FC,B. Embolo,0,0,0,0,1,2,0,1,9,0,0,0,0,0,0
38,20 Sep 2025,,7hdh3tbg2wvlim6o9dwmf47is,Mathieu Vernice,FC Nantes,Stade Rennais FC,D. Cissé,0,0,0,2,4,0,0,0,27,0,0,0,0,1,1
38,20 Sep 2025,,7hdh3tbg2wvlim6o9dwmf47is,Mathieu Vernice,FC Nantes,Stade Rennais FC,L. Brassier,0,0,0,0,0,0,0,0,24,0,0,0,0,1,0
38,20 Sep 2025,,7hdh3tbg2wvlim6o9dwmf47is,Mathieu Vernice,FC Nantes,Stade Rennais FC,H. Hateboer,0,0,0,0,2,0,0,0,8,0,0,0,0,0,0
38,20 Sep 2025,,7hdh3tbg2wvlim6o9dwmf47is,Mathieu Vernice,FC Nantes,Stade Rennais FC,Mousa Tamari,0,0,0,0,0,0,0,0,8,0,0,0,0,0,0
38,20 Sep 2025,,7hdh3tbg2wvlim6o9dwmf47is,Mathieu Vernice,FC Nantes,Stade Rennais FC,M. Meïté,0,0,0,0,0,0,0,1,2,0,0,0,0,0,0
39,21 Sep 2025,,7hqfsp9wwps1370c6rgriitxw,François Letexier,Paris FC,RC Strasbourg Alsace,W. Geubbels,0,0,0,2,0,0,0,0,7,0,0,3,1,0,0
39,21 Sep 2025,,7hqfsp9wwps1370c6rgriitxw,François Letexier,Paris FC,RC Strasbourg Alsace,P. Lees-Melou,0,0,0,0,2,0,0,0,56,0,0,1,1,2,0
39,21 Sep 2025,,7hqfsp9wwps1370c6rgriitxw,François Letexier,Paris FC,RC Strasbourg Alsace,H. Traoré,0,1,0,0,1,0,0,0,43,0,0,2,0,4,0
39,21 Sep 2025,,7hqfsp9wwps1370c6rgriitxw,François Letexier,Paris FC,RC Strasbourg Alsace,S. Chergui,0,0,0,0,1,1,0,0,79,0,0,0,0,3,0
39,21 Sep 2025,,7hqfsp9wwps1370c6rgriitxw,François Letexier,Paris FC,RC Strasbourg Alsace,M. Mbow,0,0,0,0,1,1,0,0,79,0,0,0,0,1,0
39,21 Sep 2025,,7hqfsp9wwps1370c6rgriitxw,François Letexier,Paris FC,RC Strasbourg Alsace,O. Nkambadio,0,0,0,0,0,0,0,0,34,0,0,0,0,0,0
39,21 Sep 2025,,7hqfsp9wwps1370c6rgriitxw,François Letexier,Paris FC,RC Strasbourg Alsace,I. Kebbal,1,0,1,5,0,2,0,1,82,0,0,2,1,1,0
39,21 Sep 2025,,7hqfsp9wwps1370c6rgriitxw,François Letexier,Paris FC,RC Strasbourg Alsace,M. Lopez,0,0,0,7,3,1,0,1,108,0,0,0,0,1,1
39,21 Sep 2025,,7hqfsp9wwps1370c6rgriitxw,François Letexier,Paris FC,RC Strasbourg Alsace,A. Camara,0,0,0,0,2,0,0,0,41,0,0,1,0,3,0
39,21 Sep 2025,,7hqfsp9wwps1370c6rgriitxw,François Letexier,Paris FC,RC Strasbourg Alsace,M. Simon,0,1,2,9,0,0,0,0,14,0,0,4,1,1,0
39,21 Sep 2025,,7hqfsp9wwps1370c6rgriitxw,François Letexier,Paris FC,RC Strasbourg Alsace,N. Sangui,0,0,0,3,0,0,0,0,48,0,0,0,0,2,0
39,21 Sep 2025,,7hqfsp9wwps1370c6rgriitxw,François Letexier,Paris FC,RC Strasbourg Alsace,A. Gory,0,0,0,0,0,0,1,0,10,0,0,2,1,1,0
39,21 Sep 2025,,7hqfsp9wwps1370c6rgriitxw,François Letexier,Paris FC,RC Strasbourg Alsace,T. De Smet,0,0,1,1,0,2,0,0,19,0,0,1,0,0,0
39,21 Sep 2025,,7hqfsp9wwps1370c6rgriitxw,François Letexier,Paris FC,RC Strasbourg Alsace,N. Dicko,1,0,0,0,0,1,1,0,4,0,0,2,1,0,0
39,21 Sep 2025,,7hqfsp9wwps1370c6rgriitxw,François Letexier,Paris FC,RC Strasbourg Alsace,J. Krasso,0,0,0,1,0,0,0,0,3,0,0,0,0,0,0
39,21 Sep 2025,,7hqfsp9wwps1370c6rgriitxw,François Letexier,Paris FC,RC Strasbourg Alsace,M. Cafaro,0,0,0,2,1,1,0,0,7,0,0,0,0,0,0
39,21 Sep 2025,,7hqfsp9wwps1370c6rgriitxw,François Letexier,Paris FC,RC Strasbourg Alsace,I. Doukouré,1,0,0,0,0,0,0,0,60,0,0,1,0,0,0
39,21 Sep 2025,,7hqfsp9wwps1370c6rgriitxw,François Letexier,Paris FC,RC Strasbourg Alsace,A. Ouattara,0,0,0,0,0,1,0,0,37,0,0,0,0,1,0
39,21 Sep 2025,,7hqfsp9wwps1370c6rgriitxw,François Letexier,Paris FC,RC Strasbourg Alsace,S. El Mourabet,0,0,0,0,0,2,0,0,36,0,0,0,0,1,0
39,21 Sep 2025,,7hqfsp9wwps1370c6rgriitxw,François Letexier,Paris FC,RC Strasbourg Alsace,V. Barco,0,0,0,2,2,1,0,0,36,0,0,0,0,3,1
39,21 Sep 2025,,7hqfsp9wwps1370c6rgriitxw,François Letexier,Paris FC,RC Strasbourg Alsace,M. Penders,0,0,0,0,0,0,0,0,43,0,4,0,0,0,1
39,21 Sep 2025,,7hqfsp9wwps1370c6rgriitxw,François Letexier,Paris FC,RC Strasbourg Alsace,K. Páez,0,0,0,1,1,1,1,0,19,0,0,1,1,0,0
39,21 Sep 2025,,7hqfsp9wwps1370c6rgriitxw,François Letexier,Paris FC,RC Strasbourg Alsace,J. Panichelli,0,0,0,0,2,2,0,0,12,0,0,0,0,1,0
39,21 Sep 2025,,7hqfsp9wwps1370c6rgriitxw,François Letexier,Paris FC,RC Strasbourg Alsace,B. Chilwell,0,0,0,1,0,0,0,0,37,0,0,0,0,2,0
39,21 Sep 2025,,7hqfsp9wwps1370c6rgriitxw,François Letexier,Paris FC,RC Strasbourg Alsace,M. Sarr,0,0,0,0,1,0,0,0,60,0,0,0,0,1,1
39,21 Sep 2025,,7hqfsp9wwps1370c6rgriitxw,François Letexier,Paris FC,RC Strasbourg Alsace,D. Moreira,1,1,0,3,0,0,0,0,36,0,0,1,0,3,0
39,21 Sep 2025,,7hqfsp9wwps1370c6rgriitxw,François Letexier,Paris FC,RC Strasbourg Alsace,M. Godo,0,0,0,0,1,0,0,1,14,0,0,0,0,1,1
39,21 Sep 2025,,7hqfsp9wwps1370c6rgriitxw,François Letexier,Paris FC,RC Strasbourg Alsace,G. Doué,0,0,0,0,0,0,1,0,5,0,0,1,1,1,0
39,21 Sep 2025,,7hqfsp9wwps1370c6rgriitxw,François Letexier,Paris FC,RC Strasbourg Alsace,E. Emegha,1,1,1,0,3,1,1,0,5,0,0,3,2,0,1
39,21 Sep 2025,,7hqfsp9wwps1370c6rgriitxw,François Letexier,Paris FC,RC Strasbourg Alsace,F. Lemaréchal,0,0,1,1,0,2,0,0,9,0,0,0,0,0,0
39,21 Sep 2025,,7hqfsp9wwps1370c6rgriitxw,François Letexier,Paris FC,RC Strasbourg Alsace,M. Amougou,0,0,0,0,0,1,0,0,4,0,0,1,0,0,0
39,21 Sep 2025,,7hqfsp9wwps1370c6rgriitxw,François Letexier,Paris FC,RC Strasbourg Alsace,A. Omobamidele,0,0,0,0,0,0,0,0,1,0,0,0,0,0,0
40,20 Sep 2025,,7i3i9xsmgt7s9m90xj1pr6z2s,Benoît Bastien,Stade Brestois 29,OGC Nice Côte d'Azur,K. Lala,0,0,0,2,0,0,0,0,41,0,0,0,0,1,0
40,20 Sep 2025,,7i3i9xsmgt7s9m90xj1pr6z2s,Benoît Bastien,Stade Brestois 29,OGC Nice Côte d'Azur,K. Doumbia,0,0,1,0,2,1,0,0,27,0,0,1,0,2,0
40,20 Sep 2025,,7i3i9xsmgt7s9m90xj1pr6z2s,Benoît Bastien,Stade Brestois 29,OGC Nice Côte d'Azur,R. Del Castillo,1,1,1,2,2,3,1,0,42,0,0,2,1,2,0
40,20 Sep 2025,,7i3i9xsmgt7s9m90xj1pr6z2s,Benoît Bastien,Stade Brestois 29,OGC Nice Côte d'Azur,B. Locko,0,0,0,1,1,0,0,0,35,0,0,0,0,3,0
40,20 Sep 2025,,7i3i9xsmgt7s9m90xj1pr6z2s,Benoît Bastien,Stade Brestois 29,OGC Nice Côte d'Azur,L. Ajorque,3,1,0,1,3,1,1,0,41,0,0,5,2,3,0
40,20 Sep 2025,,7i3i9xsmgt7s9m90xj1pr6z2s,Benoît Bastien,Stade Brestois 29,OGC Nice Côte d'Azur,J. Diaz,0,0,0,0,0,1,0,0,24,0,0,0,0,0,0
40,20 Sep 2025,,7i3i9xsmgt7s9m90xj1pr6z2s,Benoît Bastien,Stade Brestois 29,OGC Nice Côte d'Azur,B. Chardonnet,0,0,0,0,0,1,0,0,39,0,0,0,0,0,0
40,20 Sep 2025,,7i3i9xsmgt7s9m90xj1pr6z2s,Benoît Bastien,Stade Brestois 29,OGC Nice Côte d'Azur,G. Coudert,0,0,0,0,0,0,0,0,38,0,3,0,0,0,0
40,20 Sep 2025,,7i3i9xsmgt7s9m90xj1pr6z2s,Benoît Bastien,Stade Brestois 29,OGC Nice Côte d'Azur,H. Magnetti,0,0,0,0,2,0,0,0,22,0,0,0,0,4,0
40,20 Sep 2025,,7i3i9xsmgt7s9m90xj1pr6z2s,Benoît Bastien,Stade Brestois 29,OGC Nice Côte d'Azur,P. Mboup,0,0,0,0,3,2,0,0,14,0,0,1,0,0,0
40,20 Sep 2025,,7i3i9xsmgt7s9m90xj1pr6z2s,Benoît Bastien,Stade Brestois 29,OGC Nice Côte d'Azur,J. Chotard,0,0,0,0,0,0,1,0,30,0,0,1,1,2,0
40,20 Sep 2025,,7i3i9xsmgt7s9m90xj1pr6z2s,Benoît Bastien,Stade Brestois 29,OGC Nice Côte d'Azur,R. Labeau Lascary,0,0,0,0,4,1,1,0,7,0,0,1,1,0,1
40,20 Sep 2025,,7i3i9xsmgt7s9m90xj1pr6z2s,Benoît Bastien,Stade Brestois 29,OGC Nice Côte d'Azur,J. Dina Ebimbe,0,0,0,0,0,0,0,0,7,0,0,0,0,2,0
40,20 Sep 2025,,7i3i9xsmgt7s9m90xj1pr6z2s,Benoît Bastien,Stade Brestois 29,OGC Nice Côte d'Azur,D. Guindo,0,0,0,0,0,0,0,0,3,0,0,0,0,1,0
40,20 Sep 2025,,7i3i9xsmgt7s9m90xj1pr6z2s,Benoît Bastien,Stade Brestois 29,OGC Nice Côte d'Azur,H. Makalou,0,0,0,0,0,0,0,0,6,0,0,0,0,0,0
40,20 Sep 2025,,7i3i9xsmgt7s9m90xj1pr6z2s,Benoît Bastien,Stade Brestois 29,OGC Nice Côte d'Azur,S. Diop,0,1,0,0,1,2,0,0,59,0,0,3,1,1,1
40,20 Sep 2025,,7i3i9xsmgt7s9m90xj1pr6z2s,Benoît Bastien,Stade Brestois 29,OGC Nice Côte d'Azur,K. Peprah Oppong,0,0,0,1,3,5,0,0,94,0,0,0,0,4,0
40,20 Sep 2025,,7i3i9xsmgt7s9m90xj1pr6z2s,Benoît Bastien,Stade Brestois 29,OGC Nice Côte d'Azur,M. Bard,0,0,0,2,1,1,0,0,106,0,0,1,0,0,1
40,20 Sep 2025,,7i3i9xsmgt7s9m90xj1pr6z2s,Benoît Bastien,Stade Brestois 29,OGC Nice Côte d'Azur,C. Vanhoutte,0,0,0,0,2,1,0,0,62,0,0,0,0,3,1
40,20 Sep 2025,,7i3i9xsmgt7s9m90xj1pr6z2s,Benoît Bastien,Stade Brestois 29,OGC Nice Côte d'Azur,Tiago Gouveia,0,1,1,0,1,0,0,0,29,0,0,3,0,2,0
40,20 Sep 2025,,7i3i9xsmgt7s9m90xj1pr6z2s,Benoît Bastien,Stade Brestois 29,OGC Nice Côte d'Azur,Y. Diouf,0,0,0,0,0,0,0,0,19,0,1,0,0,0,0
40,20 Sep 2025,,7i3i9xsmgt7s9m90xj1pr6z2s,Benoît Bastien,Stade Brestois 29,OGC Nice Côte d'Azur,J. Bah,0,0,0,0,0,0,0,0,79,0,0,0,0,0,0
40,20 Sep 2025,,7i3i9xsmgt7s9m90xj1pr6z2s,Benoît Bastien,Stade Brestois 29,OGC Nice Côte d'Azur,J. Boga,0,0,0,1,0,3,0,0,24,0,0,2,0,0,0
40,20 Sep 2025,,7i3i9xsmgt7s9m90xj1pr6z2s,Benoît Bastien,Stade Brestois 29,OGC Nice Côte d'Azur,J. Clauss,0,0,2,7,1,2,0,0,54,0,0,0,0,2,0
40,20 Sep 2025,,7i3i9xsmgt7s9m90xj1pr6z2s,Benoît Bastien,Stade Brestois 29,OGC Nice Côte d'Azur,H. Boudaoui,1,1,0,2,0,2,0,0,36,0,0,2,0,1,0
40,20 Sep 2025,,7i3i9xsmgt7s9m90xj1pr6z2s,Benoît Bastien,Stade Brestois 29,OGC Nice Côte d'Azur,T. Moffi,0,1,1,0,1,0,1,1,7,0,0,3,1,0,0
40,20 Sep 2025,,7i3i9xsmgt7s9m90xj1pr6z2s,Benoît Bastien,Stade Brestois 29,OGC Nice Côte d'Azur,I. Jansson,0,1,0,2,0,0,0,0,6,0,0,2,0,1,0
40,20 Sep 2025,,7i3i9xsmgt7s9m90xj1pr6z2s,Benoît Bastien,Stade Brestois 29,OGC Nice Côte d'Azur,Kevin Carlos,0,2,2,0,1,0,0,0,4,0,0,4,2,0,0
40,20 Sep 2025,,7i3i9xsmgt7s9m90xj1pr6z2s,Benoît Bastien,Stade Brestois 29,OGC Nice Côte d'Azur,T. Louchet,0,0,0,5,0,0,0,0,11,0,0,0,0,0,0
40,20 Sep 2025,,7i3i9xsmgt7s9m90xj1pr6z2s,Benoît Bastien,Stade Brestois 29,OGC Nice Côte d'Azur,M. Sanson,0,0,0,2,0,0,0,0,11,0,0,1,0,0,0
40,20 Sep 2025,,7i3i9xsmgt7s9m90xj1pr6z2s,Benoît Bastien,Stade Brestois 29,OGC Nice Côte d'Azur,M. Cho,0,0,1,2,0,1,0,0,4,0,0,0,0,0,0
41,21 Sep 2025,,7iglc3pzsvxdcv3y06926j6l0,Marc Bollengier,Association Jeunesse Auxerroise,Toulouse FC,M. Senaya,0,0,2,6,1,4,0,0,29,0,0,0,0,4,0
41,21 Sep 2025,,7iglc3pzsvxdcv3y06926j6l0,Marc Bollengier,Association Jeunesse Auxerroise,Toulouse FC,T. Siwe,0,0,0,0,1,0,0,0,33,0,0,1,0,2,0
41,21 Sep 2025,,7iglc3pzsvxdcv3y06926j6l0,Marc Bollengier,Association Jeunesse Auxerroise,Toulouse FC,K. Danois,0,0,0,2,1,0,0,0,29,0,0,0,0,2,0
41,21 Sep 2025,,7iglc3pzsvxdcv3y06926j6l0,Marc Bollengier,Association Jeunesse Auxerroise,Toulouse FC,F. Sierralta,0,0,0,0,0,1,0,0,37,0,0,0,0,2,0
41,21 Sep 2025,,7iglc3pzsvxdcv3y06926j6l0,Marc Bollengier,Association Jeunesse Auxerroise,Toulouse FC,D. Léon,0,0,0,0,0,3,0,0,38,0,3,0,0,1,0
41,21 Sep 2025,,7iglc3pzsvxdcv3y06926j6l0,Marc Bollengier,Association Jeunesse Auxerroise,Toulouse FC,F. Oppegård,0,0,0,2,0,0,0,0,14,1,0,0,0,3,0
41,21 Sep 2025,,7iglc3pzsvxdcv3y06926j6l0,Marc Bollengier,Association Jeunesse Auxerroise,Toulouse FC,G. Mensah,0,0,0,1,1,2,0,0,38,0,0,0,0,2,1
41,21 Sep 2025,,7iglc3pzsvxdcv3y06926j6l0,Marc Bollengier,Association Jeunesse Auxerroise,Toulouse FC,E. Owusu,0,0,0,0,2,0,0,0,27,0,0,0,0,5,0
41,21 Sep 2025,,7iglc3pzsvxdcv3y06926j6l0,Marc Bollengier,Association Jeunesse Auxerroise,Toulouse FC,D. Namaso,0,1,1,1,4,3,1,0,15,0,0,2,1,2,0
41,21 Sep 2025,,7iglc3pzsvxdcv3y06926j6l0,Marc Bollengier,Association Jeunesse Auxerroise,Toulouse FC,S. Mara,0,0,0,0,1,1,0,0,13,0,0,0,0,0,0
41,21 Sep 2025,,7iglc3pzsvxdcv3y06926j6l0,Marc Bollengier,Association Jeunesse Auxerroise,Toulouse FC,L. Sinayoko,1,1,0,1,1,5,0,0,20,0,0,3,0,3,0
41,21 Sep 2025,,7iglc3pzsvxdcv3y06926j6l0,Marc Bollengier,Association Jeunesse Auxerroise,Toulouse FC,C. Akpa,0,0,0,0,0,0,0,0,6,0,0,0,0,0,0
41,21 Sep 2025,,7iglc3pzsvxdcv3y06926j6l0,Marc Bollengier,Association Jeunesse Auxerroise,Toulouse FC,A. Dioussé,0,0,0,0,0,0,0,0,1,0,0,0,0,0,0
41,21 Sep 2025,,7iglc3pzsvxdcv3y06926j6l0,Marc Bollengier,Association Jeunesse Auxerroise,Toulouse FC,C. Cásseres,0,0,0,1,1,2,0,0,53,0,0,1,1,7,1
41,21 Sep 2025,,7iglc3pzsvxdcv3y06926j6l0,Marc Bollengier,Association Jeunesse Auxerroise,Toulouse FC,C. Cresswell,0,1,1,0,4,1,0,0,72,0,0,2,0,0,0
41,21 Sep 2025,,7iglc3pzsvxdcv3y06926j6l0,Marc Bollengier,Association Jeunesse Auxerroise,Toulouse FC,F. Magri,0,0,2,2,1,0,0,0,12,0,0,2,1,0,0
41,21 Sep 2025,,7iglc3pzsvxdcv3y06926j6l0,Marc Bollengier,Association Jeunesse Auxerroise,Toulouse FC,Y. Gboho,0,2,0,1,0,2,0,0,25,0,0,3,0,0,0
41,21 Sep 2025,,7iglc3pzsvxdcv3y06926j6l0,Marc Bollengier,Association Jeunesse Auxerroise,Toulouse FC,D. Méthalie,0,0,0,1,4,1,0,0,11,0,0,0,0,2,1
41,21 Sep 2025,,7iglc3pzsvxdcv3y06926j6l0,Marc Bollengier,Association Jeunesse Auxerroise,Toulouse FC,A. Francis,0,0,0,0,0,1,0,0,38,0,0,0,0,3,0
41,21 Sep 2025,,7iglc3pzsvxdcv3y06926j6l0,Marc Bollengier,Association Jeunesse Auxerroise,Toulouse FC,A. Dønnum,0,0,0,9,1,0,0,0,45,0,0,0,0,2,0
41,21 Sep 2025,,7iglc3pzsvxdcv3y06926j6l0,Marc Bollengier,Association Jeunesse Auxerroise,Toulouse FC,N. Edjouma,0,0,1,2,1,1,0,0,10,0,0,0,0,1,0
41,21 Sep 2025,,7iglc3pzsvxdcv3y06926j6l0,Marc Bollengier,Association Jeunesse Auxerroise,Toulouse FC,R. Nicolaisen,0,0,0,0,2,0,0,0,37,0,0,0,0,2,0
41,21 Sep 2025,,7iglc3pzsvxdcv3y06926j6l0,Marc Bollengier,Association Jeunesse Auxerroise,Toulouse FC,M. McKenzie,0,0,0,0,3,0,0,0,74,0,0,0,0,1,1
41,21 Sep 2025,,7iglc3pzsvxdcv3y06926j6l0,Marc Bollengier,Association Jeunesse Auxerroise,Toulouse FC,G. Restes,0,0,0,0,0,0,0,0,23,0,0,0,0,0,1
41,21 Sep 2025,,7iglc3pzsvxdcv3y06926j6l0,Marc Bollengier,Association Jeunesse Auxerroise,Toulouse FC,W. Kamanzi,0,0,0,0,0,0,0,0,15,0,0,0,0,4,0
41,21 Sep 2025,,7iglc3pzsvxdcv3y06926j6l0,Marc Bollengier,Association Jeunesse Auxerroise,Toulouse FC,Emersonn,0,1,0,0,1,0,0,0,1,0,0,5,1,0,0
41,21 Sep 2025,,7iglc3pzsvxdcv3y06926j6l0,Marc Bollengier,Association Jeunesse Auxerroise,Toulouse FC,D. Sidibé,0,0,0,0,1,1,0,0,22,0,0,0,0,1,1
41,21 Sep 2025,,7iglc3pzsvxdcv3y06926j6l0,Marc Bollengier,Association Jeunesse Auxerroise,Toulouse FC,M. Sauer,0,0,0,1,0,0,0,0,9,0,0,0,0,0,0
41,21 Sep 2025,,7iglc3pzsvxdcv3y06926j6l0,Marc Bollengier,Association Jeunesse Auxerroise,Toulouse FC,S. Hidalgo,0,0,0,1,1,0,0,0,3,0,0,0,0,2,1
42,21 Sep 2025,,7iu1zdyf1l318hz7bq2zau42c,Abdelatif Kherradji,Le Havre AC,FC Lorient,F. Doucouré,0,0,0,4,1,0,0,0,18,0,0,0,0,1,0
42,21 Sep 2025,,7iu1zdyf1l318hz7bq2zau42c,Abdelatif Kherradji,Le Havre AC,FC Lorient,A. Sangante,0,0,0,0,1,1,0,0,109,0,0,0,0,1,1
42,21 Sep 2025,,7iu1zdyf1l318hz7bq2zau42c,Abdelatif Kherradji,Le Havre AC,FC Lorient,A. Touré,0,0,0,1,3,1,0,0,43,0,0,2,0,0,0
42,21 Sep 2025,,7iu1zdyf1l318hz7bq2zau42c,Abdelatif Kherradji,Le Havre AC,FC Lorient,T. Delaine,0,0,0,9,1,0,0,0,68,0,0,0,0,0,0
42,21 Sep 2025,,7iu1zdyf1l318hz7bq2zau42c,Abdelatif Kherradji,Le Havre AC,FC Lorient,G. Lloris,1,0,0,0,1,2,0,0,106,0,0,1,1,1,0
42,21 Sep 2025,,7iu1zdyf1l318hz7bq2zau42c,Abdelatif Kherradji,Le Havre AC,FC Lorient,L. Nego,0,0,1,5,0,0,0,0,63,0,0,0,0,2,0
42,21 Sep 2025,,7iu1zdyf1l318hz7bq2zau42c,Abdelatif Kherradji,Le Havre AC,FC Lorient,I. Soumaré,0,1,3,6,4,3,1,0,21,0,0,3,1,3,0
42,21 Sep 2025,,7iu1zdyf1l318hz7bq2zau42c,Abdelatif Kherradji,Le Havre AC,FC Lorient,Y. Kechta,0,0,0,4,3,1,0,0,17,0,0,1,0,1,0
42,21 Sep 2025,,7iu1zdyf1l318hz7bq2zau42c,Abdelatif Kherradji,Le Havre AC,FC Lorient,M. Diaw,0,0,0,0,0,0,0,0,23,0,3,0,0,0,0
42,21 Sep 2025,,7iu1zdyf1l318hz7bq2zau42c,Abdelatif Kherradji,Le Havre AC,FC Lorient,A. Seko,0,0,0,0,2,3,0,0,40,0,0,1,0,3,1
42,21 Sep 2025,,7iu1zdyf1l318hz7bq2zau42c,Abdelatif Kherradji,Le Havre AC,FC Lorient,M. Samatta,0,1,1,1,2,1,0,0,17,0,0,3,0,0,1
42,21 Sep 2025,,7iu1zdyf1l318hz7bq2zau42c,Abdelatif Kherradji,Le Havre AC,FC Lorient,Y. Namli,0,0,1,4,0,0,0,0,11,0,0,1,0,2,0
42,21 Sep 2025,,7iu1zdyf1l318hz7bq2zau42c,Abdelatif Kherradji,Le Havre AC,FC Lorient,R. Ndiaye,0,0,0,2,0,0,0,0,9,0,0,0,0,0,0
42,21 Sep 2025,,7iu1zdyf1l318hz7bq2zau42c,Abdelatif Kherradji,Le Havre AC,FC Lorient,D. Pizarro,0,0,0,0,0,1,0,0,2,0,0,0,0,0,0
42,21 Sep 2025,,7iu1zdyf1l318hz7bq2zau42c,Abdelatif Kherradji,Le Havre AC,FC Lorient,F. Mambimbi,0,0,0,0,2,0,0,0,2,0,0,1,0,1,0
42,21 Sep 2025,,7iu1zdyf1l318hz7bq2zau42c,Abdelatif Kherradji,Le Havre AC,FC Lorient,E. Koffi Vinette,0,0,0,1,0,0,0,0,6,0,0,0,0,0,0
42,21 Sep 2025,,7iu1zdyf1l318hz7bq2zau42c,Abdelatif Kherradji,Le Havre AC,FC Lorient,M. Bamba,0,0,0,0,5,0,0,0,10,0,0,1,0,0,1
42,21 Sep 2025,,7iu1zdyf1l318hz7bq2zau42c,Abdelatif Kherradji,Le Havre AC,FC Lorient,A. Avom,0,0,0,4,2,3,0,0,37,0,0,1,1,3,1
42,21 Sep 2025,,7iu1zdyf1l318hz7bq2zau42c,Abdelatif Kherradji,Le Havre AC,FC Lorient,L. Abergel,0,0,0,0,1,0,0,0,58,0,0,0,0,2,1
42,21 Sep 2025,,7iu1zdyf1l318hz7bq2zau42c,Abdelatif Kherradji,Le Havre AC,FC Lorient,M. Talbi,0,0,0,0,1,0,0,0,30,0,0,0,0,0,1
42,21 Sep 2025,,7iu1zdyf1l318hz7bq2zau42c,Abdelatif Kherradji,Le Havre AC,FC Lorient,A. Faye,0,0,0,0,1,2,0,0,55,0,0,2,0,1,1
42,21 Sep 2025,,7iu1zdyf1l318hz7bq2zau42c,Abdelatif Kherradji,Le Havre AC,FC Lorient,A. Kouassi,0,0,1,5,1,2,0,0,32,0,0,0,0,4,0
42,21 Sep 2025,,7iu1zdyf1l318hz7bq2zau42c,Abdelatif Kherradji,Le Havre AC,FC Lorient,D. Karim,1,0,0,3,0,4,0,0,33,0,0,0,0,2,0
42,21 Sep 2025,,7iu1zdyf1l318hz7bq2zau42c,Abdelatif Kherradji,Le Havre AC,FC Lorient,B. Meïté,0,0,1,0,1,1,0,0,44,0,0,1,1,1,1
42,21 Sep 2025,,7iu1zdyf1l318hz7bq2zau42c,Abdelatif Kherradji,Le Havre AC,FC Lorient,Y. Mvogo,0,0,0,0,0,0,0,0,34,0,0,0,0,0,0
42,21 Sep 2025,,7iu1zdyf1l318hz7bq2zau42c,Abdelatif Kherradji,Le Havre AC,FC Lorient,A. Tosin,0,0,0,1,1,2,1,0,10,0,0,1,1,0,0
42,21 Sep 2025,,7iu1zdyf1l318hz7bq2zau42c,Abdelatif Kherradji,Le Havre AC,FC Lorient,T. Le Bris,0,0,0,0,0,1,0,0,14,0,0,0,0,2,0
42,21 Sep 2025,,7iu1zdyf1l318hz7bq2zau42c,Abdelatif Kherradji,Le Havre AC,FC Lorient,S. Soumano,0,0,0,0,2,0,0,0,5,0,0,0,0,0,0
42,21 Sep 2025,,7iu1zdyf1l318hz7bq2zau42c,Abdelatif Kherradji,Le Havre AC,FC Lorient,J. Makengo,0,0,0,0,0,3,0,0,11,0,0,2,1,0,0
42,21 Sep 2025,,7iu1zdyf1l318hz7bq2zau42c,Abdelatif Kherradji,Le Havre AC,FC Lorient,J. Mvuka,0,0,0,1,0,0,0,0,5,0,0,0,0,1,0
43,21 Sep 2025,,7j6xkqxwykwo1ey199ysxhul0,Stéphanie Frappart,AS Monaco FC,FC Metz,L. Camara,1,0,0,5,0,0,0,0,50,0,0,2,0,3,0
43,21 Sep 2025,,7j6xkqxwykwo1ey199ysxhul0,Stéphanie Frappart,AS Monaco FC,FC Metz,T. Kehrer,0,0,0,0,1,0,0,0,67,0,0,1,0,1,0
43,21 Sep 2025,,7j6xkqxwykwo1ey199ysxhul0,Stéphanie Frappart,AS Monaco FC,FC Metz,K. Ouattara,0,0,0,5,2,0,0,0,9,0,0,1,0,1,0
43,21 Sep 2025,,7j6xkqxwykwo1ey199ysxhul0,Stéphanie Frappart,AS Monaco FC,FC Metz,P. Brunner,0,0,0,0,2,0,0,0,10,0,0,0,0,1,0
43,21 Sep 2025,,7j6xkqxwykwo1ey199ysxhul0,Stéphanie Frappart,AS Monaco FC,FC Metz,J. Teze,0,0,0,1,1,1,0,0,35,0,0,0,0,4,1
43,21 Sep 2025,,7j6xkqxwykwo1ey199ysxhul0,Stéphanie Frappart,AS Monaco FC,FC Metz,M. Biereth,0,0,0,0,2,2,1,2,9,0,0,2,2,2,0
43,21 Sep 2025,,7j6xkqxwykwo1ey199ysxhul0,Stéphanie Frappart,AS Monaco FC,FC Metz,T. Minamino,1,1,1,1,3,0,0,1,26,0,0,2,0,0,0
43,21 Sep 2025,,7j6xkqxwykwo1ey199ysxhul0,Stéphanie Frappart,AS Monaco FC,FC Metz,E. Dier,0,0,0,0,0,0,0,0,64,0,0,0,0,0,0
43,21 Sep 2025,,7j6xkqxwykwo1ey199ysxhul0,Stéphanie Frappart,AS Monaco FC,FC Metz,A. Bamba,0,0,0,0,1,0,0,0,19,0,0,0,0,2,0
43,21 Sep 2025,,7j6xkqxwykwo1ey199ysxhul0,Stéphanie Frappart,AS Monaco FC,FC Metz,M. Akliouche,0,0,1,0,2,1,0,0,35,0,0,0,0,5,0
43,21 Sep 2025,,7j6xkqxwykwo1ey199ysxhul0,Stéphanie Frappart,AS Monaco FC,FC Metz,P. Köhn,0,0,0,0,0,0,0,0,18,0,1,0,0,0,0
43,21 Sep 2025,,7j6xkqxwykwo1ey199ysxhul0,Stéphanie Frappart,AS Monaco FC,FC Metz,K. Diatta,1,1,0,2,1,1,0,0,27,0,0,1,0,2,0
43,21 Sep 2025,,7j6xkqxwykwo1ey199ysxhul0,Stéphanie Frappart,AS Monaco FC,FC Metz,Ansu Fati,0,0,0,0,0,0,2,0,23,0,0,3,2,2,0
43,21 Sep 2025,,7j6xkqxwykwo1ey199ysxhul0,Stéphanie Frappart,AS Monaco FC,FC Metz,G. Ilenikhena,0,0,1,0,0,1,1,0,5,0,0,2,1,0,0
43,21 Sep 2025,,7j6xkqxwykwo1ey199ysxhul0,Stéphanie Frappart,AS Monaco FC,FC Metz,Caio Henrique,0,0,0,1,0,0,0,0,7,0,0,0,0,1,0
43,21 Sep 2025,,7j6xkqxwykwo1ey199ysxhul0,Stéphanie Frappart,AS Monaco FC,FC Metz,S. Idumbo,1,1,1,0,0,0,0,0,6,0,0,2,1,0,0
43,21 Sep 2025,,7j6xkqxwykwo1ey199ysxhul0,Stéphanie Frappart,AS Monaco FC,FC Metz,G. Hein,0,0,1,6,0,1,1,0,75,0,0,2,1,1,0
43,21 Sep 2025,,7j6xkqxwykwo1ey199ysxhul0,Stéphanie Frappart,AS Monaco FC,FC Metz,J. Gbamin,0,0,0,0,0,1,0,0,85,0,0,0,0,4,0
43,21 Sep 2025,,7j6xkqxwykwo1ey199ysxhul0,Stéphanie Frappart,AS Monaco FC,FC Metz,H. Diallo,0,1,0,0,1,2,1,0,11,0,0,2,1,0,0
43,21 Sep 2025,,7j6xkqxwykwo1ey199ysxhul0,Stéphanie Frappart,AS Monaco FC,FC Metz,B. Stambouli,0,0,0,0,0,2,0,0,46,0,0,0,0,1,0
43,21 Sep 2025,,7j6xkqxwykwo1ey199ysxhul0,Stéphanie Frappart,AS Monaco FC,FC Metz,F. Ballo-Touré,0,1,0,1,0,1,0,0,39,0,0,1,0,2,0
43,21 Sep 2025,,7j6xkqxwykwo1ey199ysxhul0,Stéphanie Frappart,AS Monaco FC,FC Metz,T. Yegbe,0,0,0,1,3,0,0,0,65,0,0,0,0,2,0
43,21 Sep 2025,,7j6xkqxwykwo1ey199ysxhul0,Stéphanie Frappart,AS Monaco FC,FC Metz,K. Kouao,0,0,2,3,0,5,0,0,27,0,0,1,1,4,0
43,21 Sep 2025,,7j6xkqxwykwo1ey199ysxhul0,Stéphanie Frappart,AS Monaco FC,FC Metz,M. Colin,0,0,0,0,0,1,0,0,52,0,0,0,0,2,0
43,21 Sep 2025,,7j6xkqxwykwo1ey199ysxhul0,Stéphanie Frappart,AS Monaco FC,FC Metz,J. Deminguet,0,0,0,0,1,1,0,0,46,0,0,0,0,2,0
43,21 Sep 2025,,7j6xkqxwykwo1ey199ysxhul0,Stéphanie Frappart,AS Monaco FC,FC Metz,C. Sabaly,1,1,1,1,1,1,0,0,30,0,0,2,0,2,0
43,21 Sep 2025,,7j6xkqxwykwo1ey199ysxhul0,Stéphanie Frappart,AS Monaco FC,FC Metz,J. Fischer,0,0,0,0,0,0,0,0,51,0,2,0,0,0,0
43,21 Sep 2025,,7j6xkqxwykwo1ey199ysxhul0,Stéphanie Frappart,AS Monaco FC,FC Metz,I. Guerti,0,0,0,0,0,0,0,0,9,0,0,0,0,2,0
43,21 Sep 2025,,7j6xkqxwykwo1ey199ysxhul0,Stéphanie Frappart,AS Monaco FC,FC Metz,A. Touré,0,0,1,1,0,0,0,0,6,0,0,0,0,1,0
43,21 Sep 2025,,7j6xkqxwykwo1ey199ysxhul0,Stéphanie Frappart,AS Monaco FC,FC Metz,M. Bokele Mputu,0,0,0,0,0,0,0,0,7,0,0,0,0,0,0
43,21 Sep 2025,,7j6xkqxwykwo1ey199ysxhul0,Stéphanie Frappart,AS Monaco FC,FC Metz,G. Tsitaishvili,0,0,0,0,0,0,0,0,2,0,0,0,0,0,0
44,19 Sep 2025,,7jjpozp88qx6oz9lj126oahas,Clément Turpin,Olympique Lyonnais,Angers Sporting Club de l'Ouest,M. Satriano,0,1,0,0,3,1,0,0,12,0,0,3,1,0,0
44,19 Sep 2025,,7jjpozp88qx6oz9lj126oahas,Clément Turpin,Olympique Lyonnais,Angers Sporting Club de l'Ouest,C. Tolisso,0,0,1,2,0,0,0,1,67,0,0,1,1,2,0
44,19 Sep 2025,,7jjpozp88qx6oz9lj126oahas,Clément Turpin,Olympique Lyonnais,Angers Sporting Club de l'Ouest,T. Tessmann,0,0,1,0,0,1,1,0,59,0,0,4,1,1,0
44,19 Sep 2025,,7jjpozp88qx6oz9lj126oahas,Clément Turpin,Olympique Lyonnais,Angers Sporting Club de l'Ouest,N. Tagliafico,0,0,1,2,3,0,0,0,60,0,0,0,0,2,0
44,19 Sep 2025,,7jjpozp88qx6oz9lj126oahas,Clément Turpin,Olympique Lyonnais,Angers Sporting Club de l'Ouest,M. Niakhaté,0,0,0,0,2,1,0,0,112,0,0,0,0,0,1
44,19 Sep 2025,,7jjpozp88qx6oz9lj126oahas,Clément Turpin,Olympique Lyonnais,Angers Sporting Club de l'Ouest,Clinton Mata,0,0,0,0,1,0,0,0,90,0,0,0,0,3,0
44,19 Sep 2025,,7jjpozp88qx6oz9lj126oahas,Clément Turpin,Olympique Lyonnais,Angers Sporting Club de l'Ouest,A. Maitland-Niles,0,0,1,3,1,0,0,0,36,0,0,3,1,2,0
44,19 Sep 2025,,7jjpozp88qx6oz9lj126oahas,Clément Turpin,Olympique Lyonnais,Angers Sporting Club de l'Ouest,K. Merah,0,0,0,1,3,0,0,0,32,0,0,0,0,0,1
44,19 Sep 2025,,7jjpozp88qx6oz9lj126oahas,Clément Turpin,Olympique Lyonnais,Angers Sporting Club de l'Ouest,A. Karabec,0,0,1,11,1,2,0,0,30,0,0,0,0,0,0
44,19 Sep 2025,,7jjpozp88qx6oz9lj126oahas,Clément Turpin,Olympique Lyonnais,Angers Sporting Club de l'Ouest,M. Fofana,0,1,0,5,1,3,0,0,31,0,0,2,1,1,0
44,19 Sep 2025,,7jjpozp88qx6oz9lj126oahas,Clément Turpin,Olympique Lyonnais,Angers Sporting Club de l'Ouest,D. Greif,0,0,0,0,0,0,0,0,25,0,2,0,0,0,0
44,19 Sep 2025,,7jjpozp88qx6oz9lj126oahas,Clément Turpin,Olympique Lyonnais,Angers Sporting Club de l'Ouest,P. Šulc,0,2,2,0,0,0,0,0,9,0,0,2,0,0,0
44,19 Sep 2025,,7jjpozp88qx6oz9lj126oahas,Clément Turpin,Olympique Lyonnais,Angers Sporting Club de l'Ouest,M. de Carvalho,0,0,0,0,0,0,0,0,12,0,0,1,0,1,0
44,19 Sep 2025,,7jjpozp88qx6oz9lj126oahas,Clément Turpin,Olympique Lyonnais,Angers Sporting Club de l'Ouest,E. Molébé,0,0,0,0,0,0,0,0,5,0,0,0,0,0,0
44,19 Sep 2025,,7jjpozp88qx6oz9lj126oahas,Clément Turpin,Olympique Lyonnais,Angers Sporting Club de l'Ouest,Afonso Moreira,0,0,0,0,1,0,0,0,3,0,0,0,0,0,0
44,19 Sep 2025,,7jjpozp88qx6oz9lj126oahas,Clément Turpin,Olympique Lyonnais,Angers Sporting Club de l'Ouest,Rachid Ghezzal,0,0,0,0,0,0,0,0,0,0,0,0,0,0,0
44,19 Sep 2025,,7jjpozp88qx6oz9lj126oahas,Clément Turpin,Olympique Lyonnais,Angers Sporting Club de l'Ouest,J. Ekomié,0,1,1,3,2,2,0,0,25,0,0,2,1,2,0
44,19 Sep 2025,,7jjpozp88qx6oz9lj126oahas,Clément Turpin,Olympique Lyonnais,Angers Sporting Club de l'Ouest,P. Peter,0,1,0,0,1,5,0,1,9,0,0,1,0,2,0
44,19 Sep 2025,,7jjpozp88qx6oz9lj126oahas,Clément Turpin,Olympique Lyonnais,Angers Sporting Club de l'Ouest,H. Belkebla,0,0,0,0,1,1,0,0,22,0,0,1,0,1,0
44,19 Sep 2025,,7jjpozp88qx6oz9lj126oahas,Clément Turpin,Olympique Lyonnais,Angers Sporting Club de l'Ouest,Y. Belkhdim,0,0,0,1,0,1,0,0,25,0,0,1,0,1,0
44,19 Sep 2025,,7jjpozp88qx6oz9lj126oahas,Clément Turpin,Olympique Lyonnais,Angers Sporting Club de l'Ouest,O. Camara,0,0,0,0,1,0,0,0,31,0,0,0,0,1,0
44,19 Sep 2025,,7jjpozp88qx6oz9lj126oahas,Clément Turpin,Olympique Lyonnais,Angers Sporting Club de l'Ouest,L. Raolisoa,0,0,1,7,1,1,0,0,19,0,0,0,0,1,0
44,19 Sep 2025,,7jjpozp88qx6oz9lj126oahas,Clément Turpin,Olympique Lyonnais,Angers Sporting Club de l'Ouest,L. Mouton,0,0,0,0,0,0,0,0,12,0,0,1,0,1,0
44,19 Sep 2025,,7jjpozp88qx6oz9lj126oahas,Clément Turpin,Olympique Lyonnais,Angers Sporting Club de l'Ouest,J. Lefort,0,0,0,0,1,1,0,0,41,0,0,1,0,0,1
44,19 Sep 2025,,7jjpozp88qx6oz9lj126oahas,Clément Turpin,Olympique Lyonnais,Angers Sporting Club de l'Ouest,H. Koffi,0,0,0,0,0,1,0,0,24,0,4,0,0,0,0
44,19 Sep 2025,,7jjpozp88qx6oz9lj126oahas,Clément Turpin,Olympique Lyonnais,Angers Sporting Club de l'Ouest,J. Kalumba,0,0,0,1,0,1,0,0,15,0,0,0,0,2,0
44,19 Sep 2025,,7jjpozp88qx6oz9lj126oahas,Clément Turpin,Olympique Lyonnais,Angers Sporting Club de l'Ouest,C. Arcus,0,0,0,0,2,2,0,0,37,0,0,0,0,1,1
44,19 Sep 2025,,7jjpozp88qx6oz9lj126oahas,Clément Turpin,Olympique Lyonnais,Angers Sporting Club de l'Ouest,S. Cherif,0,2,1,0,1,1,0,0,4,0,0,2,0,1,0
44,19 Sep 2025,,7jjpozp88qx6oz9lj126oahas,Clément Turpin,Olympique Lyonnais,Angers Sporting Club de l'Ouest,H. Abdelli,0,0,0,1,0,0,0,0,15,0,0,0,0,0,0
44,19 Sep 2025,,7jjpozp88qx6oz9lj126oahas,Clément Turpin,Olympique Lyonnais,Angers Sporting Club de l'Ouest,P. Capelle,0,0,0,2,0,0,0,0,4,0,0,0,0,0,0
44,19 Sep 2025,,7jjpozp88qx6oz9lj126oahas,Clément Turpin,Olympique Lyonnais,Angers Sporting Club de l'Ouest,L. Machine,0,0,1,0,0,0,0,0,1,0,0,1,1,0,0
45,22 Sep 2025,,7jwliihvfb3uy25mnkhow33tg,Jérôme Brisard,Olympique de Marseille,Paris Saint-Germain FC,Emerson,0,0,0,0,3,0,0,0,20,0,0,1,0,2,0
45,22 Sep 2025,,7jwliihvfb3uy25mnkhow33tg,Jérôme Brisard,Olympique de Marseille,Paris Saint-Germain FC,M. O'Riley,0,0,1,0,3,0,0,0,30,0,0,0,0,1,0
45,22 Sep 2025,,7jwliihvfb3uy25mnkhow33tg,Jérôme Brisard,Olympique de Marseille,Paris Saint-Germain FC,M. Greenwood,0,1,0,6,1,0,0,0,33,0,0,1,0,0,0
45,22 Sep 2025,,7jwliihvfb3uy25mnkhow33tg,Jérôme Brisard,Olympique de Marseille,Paris Saint-Germain FC,B. Pavard,0,0,0,0,2,0,0,1,16,0,0,0,0,0,1
45,22 Sep 2025,,7jwliihvfb3uy25mnkhow33tg,Jérôme Brisard,Olympique de Marseille,Paris Saint-Germain FC,L. Balerdi,0,0,0,0,1,1,0,0,23,0,0,0,0,3,0
45,22 Sep 2025,,7jwliihvfb3uy25mnkhow33tg,Jérôme Brisard,Olympique de Marseille,Paris Saint-Germain FC,G. Rulli,0,0,0,0,0,0,0,0,29,0,5,0,0,0,0
45,22 Sep 2025,,7jwliihvfb3uy25mnkhow33tg,Jérôme Brisard,Olympique de Marseille,Paris Saint-Germain FC,T. Weah,0,1,1,1,1,1,0,0,22,0,0,1,0,5,1
45,22 Sep 2025,,7jwliihvfb3uy25mnkhow33tg,Jérôme Brisard,Olympique de Marseille,Paris Saint-Germain FC,N. Aguerd,0,0,0,0,1,0,0,0,35,0,0,1,0,2,0
45,22 Sep 2025,,7jwliihvfb3uy25mnkhow33tg,Jérôme Brisard,Olympique de Marseille,Paris Saint-Germain FC,Igor Paixão,0,0,0,0,0,1,0,0,15,0,0,1,0,1,0
45,22 Sep 2025,,7jwliihvfb3uy25mnkhow33tg,Jérôme Brisard,Olympique de Marseille,Paris Saint-Germain FC,A. Gouiri,0,1,1,1,0,0,0,0,22,0,0,2,0,0,0
45,22 Sep 2025,,7jwliihvfb3uy25mnkhow33tg,Jérôme Brisard,Olympique de Marseille,Paris Saint-Germain FC,P. Højbjerg,0,0,0,1,2,4,0,0,42,0,0,1,0,1,0
45,22 Sep 2025,,7jwliihvfb3uy25mnkhow33tg,Jérôme Brisard,Olympique de Marseille,Paris Saint-Germain FC,P. Aubameyang,0,0,1,2,1,0,0,1,13,0,0,1,1,1,0
45,22 Sep 2025,,7jwliihvfb3uy25mnkhow33tg,Jérôme Brisard,Olympique de Marseille,Paris Saint-Germain FC,B. Nadir,0,0,0,0,0,0,0,0,5,0,0,0,0,1,0
45,22 Sep 2025,,7jwliihvfb3uy25mnkhow33tg,Jérôme Brisard,Olympique de Marseille,Paris Saint-Germain FC,A. Murillo,0,0,0,0,1,0,0,0,2,0,0,0,0,1,1
45,22 Sep 2025,,7jwliihvfb3uy25mnkhow33tg,Jérôme Brisard,Olympique de Marseille,Paris Saint-Germain FC,R. Vaz,0,0,1,0,0,0,0,0,1,0,0,0,0,1,0
45,22 Sep 2025,,7jwliihvfb3uy25mnkhow33tg,Jérôme Brisard,Olympique de Marseille,Paris Saint-Germain FC,Vitinha,0,0,0,2,0,4,0,0,101,0,0,4,3,1,0
45,22 Sep 2025,,7jwliihvfb3uy25mnkhow33tg,Jérôme Brisard,Olympique de Marseille,Paris Saint-Germain FC,Marquinhos,0,0,0,1,0,0,0,0,78,0,0,0,0,2,0
45,22 Sep 2025,,7jwliihvfb3uy25mnkhow33tg,Jérôme Brisard,Olympique de Marseille,Paris Saint-Germain FC,A. Hakimi,0,0,1,2,1,2,0,0,78,0,0,2,1,3,0
45,22 Sep 2025,,7jwliihvfb3uy25mnkhow33tg,Jérôme Brisard,Olympique de Marseille,Paris Saint-Germain FC,Fabián Ruiz,0,0,1,2,0,0,0,0,69,0,0,1,1,0,1
45,22 Sep 2025,,7jwliihvfb3uy25mnkhow33tg,Jérôme Brisard,Olympique de Marseille,Paris Saint-Germain FC,Nuno Mendes,0,0,0,3,0,3,0,1,53,0,0,0,0,4,0
45,22 Sep 2025,,7jwliihvfb3uy25mnkhow33tg,Jérôme Brisard,Olympique de Marseille,Paris Saint-Germain FC,W. Pacho,0,0,0,0,0,0,0,0,66,0,0,0,0,0,0
45,22 Sep 2025,,7jwliihvfb3uy25mnkhow33tg,Jérôme Brisard,Olympique de Marseille,Paris Saint-Germain FC,I. Zabarnyi,0,0,0,0,0,1,0,0,64,0,0,0,0,3,0
45,22 Sep 2025,,7jwliihvfb3uy25mnkhow33tg,Jérôme Brisard,Olympique de Marseille,Paris Saint-Germain FC,L. Chevalier,0,0,0,0,0,0,0,0,21,0,1,0,0,0,0
45,22 Sep 2025,,7jwliihvfb3uy25mnkhow33tg,Jérôme Brisard,Olympique de Marseille,Paris Saint-Germain FC,W. Zaïre-Emery,0,0,1,0,3,0,0,0,54,0,0,0,0,1,0
45,22 Sep 2025,,7jwliihvfb3uy25mnkhow33tg,Jérôme Brisard,Olympique de Marseille,Paris Saint-Germain FC,K. Kvaratskhelia,0,1,0,1,1,4,0,0,42,0,0,3,0,0,0
45,22 Sep 2025,,7jwliihvfb3uy25mnkhow33tg,Jérôme Brisard,Olympique de Marseille,Paris Saint-Germain FC,Gonçalo Ramos,0,0,0,0,2,1,0,0,16,0,0,1,0,2,0
45,22 Sep 2025,,7jwliihvfb3uy25mnkhow33tg,Jérôme Brisard,Olympique de Marseille,Paris Saint-Germain FC,Lee Kang-In,0,0,0,1,0,0,0,0,15,0,0,1,0,0,0
45,22 Sep 2025,,7jwliihvfb3uy25mnkhow33tg,Jérôme Brisard,Olympique de Marseille,Paris Saint-Germain FC,S. Mayulu,0,0,0,0,0,1,0,0,11,0,0,0,0,1,0
45,22 Sep 2025,,7jwliihvfb3uy25mnkhow33tg,Jérôme Brisard,Olympique de Marseille,Paris Saint-Germain FC,I. Mbaye,0,0,0,0,0,0,0,0,1,0,0,0,0,0,0
