Aux,Fecha,Jornada,ID_PARTIDO,Arbitro,Equipo_local,Equipo_Visitante,Jugador,Assists,Blocked shots,Corners won,Crosses,Fouls conceded,Fouls won,Goals,Offsides,Passes,Red cards,Saves,Shots,Shots on target,Tackles,Yellow cards
61,19 Oct 2025,,d6dhthqfbbqbffuo2pxce5kpg,Giuseppe Collu,Atalanta Bergamasca Calcio,SS Lazio,H. Ahanor,0,0,0,0,1,1,0,0,49,0,0,1,0,1,0
61,19 Oct 2025,,d6dhthqfbbqbffuo2pxce5kpg,Giuseppe Collu,Atalanta Bergamasca Calcio,SS Lazio,I. Hien,0,0,0,0,1,0,0,0,63,0,0,0,0,1,1
61,19 Oct 2025,,d6dhthqfbbqbffuo2pxce5kpg,Giuseppe Collu,Atalanta Bergamasca Calcio,SS Lazio,M. Pašalić,0,0,0,0,0,0,0,0,64,0,0,1,0,1,1
61,19 Oct 2025,,d6dhthqfbbqbffuo2pxce5kpg,Giuseppe Collu,Atalanta Bergamasca Calcio,SS Lazio,D. Zappacosta,0,1,3,6,0,0,0,1,63,0,0,4,1,2,0
61,19 Oct 2025,,d6dhthqfbbqbffuo2pxce5kpg,Giuseppe Collu,Atalanta Bergamasca Calcio,SS Lazio,C. De Ketelaere,0,0,1,2,3,1,0,0,32,0,0,1,0,2,1
61,19 Oct 2025,,d6dhthqfbbqbffuo2pxce5kpg,Giuseppe Collu,Atalanta Bergamasca Calcio,SS Lazio,K. Sulemana,0,0,2,1,1,1,0,0,23,0,0,1,0,0,1
61,19 Oct 2025,,d6dhthqfbbqbffuo2pxce5kpg,Giuseppe Collu,Atalanta Bergamasca Calcio,SS Lazio,B. Djimsiti,0,0,0,1,0,0,0,0,72,0,0,0,0,1,0
61,19 Oct 2025,,d6dhthqfbbqbffuo2pxce5kpg,Giuseppe Collu,Atalanta Bergamasca Calcio,SS Lazio,M. Carnesecchi,0,0,0,0,0,0,0,0,31,0,1,0,0,0,0
61,19 Oct 2025,,d6dhthqfbbqbffuo2pxce5kpg,Giuseppe Collu,Atalanta Bergamasca Calcio,SS Lazio,L. Bernasconi,0,1,0,9,1,0,0,1,59,0,0,1,0,2,0
61,19 Oct 2025,,d6dhthqfbbqbffuo2pxce5kpg,Giuseppe Collu,Atalanta Bergamasca Calcio,SS Lazio,Éderson,0,0,0,1,2,2,0,0,70,0,0,1,1,2,0
61,19 Oct 2025,,d6dhthqfbbqbffuo2pxce5kpg,Giuseppe Collu,Atalanta Bergamasca Calcio,SS Lazio,A. Lookman,0,0,1,5,0,0,0,1,23,0,0,2,1,2,0
61,19 Oct 2025,,d6dhthqfbbqbffuo2pxce5kpg,Giuseppe Collu,Atalanta Bergamasca Calcio,SS Lazio,G. Scalvini,0,0,0,0,0,0,0,0,22,0,0,0,0,0,0
61,19 Oct 2025,,d6dhthqfbbqbffuo2pxce5kpg,Giuseppe Collu,Atalanta Bergamasca Calcio,SS Lazio,N. Krstović,0,1,0,0,1,0,0,0,4,0,0,3,2,0,0
61,19 Oct 2025,,d6dhthqfbbqbffuo2pxce5kpg,Giuseppe Collu,Atalanta Bergamasca Calcio,SS Lazio,M. de Roon,0,0,0,0,0,0,0,0,31,0,0,1,1,0,0
61,19 Oct 2025,,d6dhthqfbbqbffuo2pxce5kpg,Giuseppe Collu,Atalanta Bergamasca Calcio,SS Lazio,D. Maldini,0,0,0,1,0,0,0,0,5,0,0,0,0,0,0
61,19 Oct 2025,,d6dhthqfbbqbffuo2pxce5kpg,Giuseppe Collu,Atalanta Bergamasca Calcio,SS Lazio,B. Dia,0,0,0,0,0,0,0,0,33,0,0,0,0,3,0
61,19 Oct 2025,,d6dhthqfbbqbffuo2pxce5kpg,Giuseppe Collu,Atalanta Bergamasca Calcio,SS Lazio,Mario Gila,0,0,0,1,0,1,0,0,53,0,0,0,0,6,0
61,19 Oct 2025,,d6dhthqfbbqbffuo2pxce5kpg,Giuseppe Collu,Atalanta Bergamasca Calcio,SS Lazio,A. Romagnoli,0,0,0,0,1,0,0,0,39,0,0,0,0,2,0
61,19 Oct 2025,,d6dhthqfbbqbffuo2pxce5kpg,Giuseppe Collu,Atalanta Bergamasca Calcio,SS Lazio,M. Cancellieri,0,0,0,0,0,0,0,0,6,0,0,0,0,0,0
61,19 Oct 2025,,d6dhthqfbbqbffuo2pxce5kpg,Giuseppe Collu,Atalanta Bergamasca Calcio,SS Lazio,A. Marušić,0,0,0,0,0,0,0,0,36,0,0,0,0,2,0
61,19 Oct 2025,,d6dhthqfbbqbffuo2pxce5kpg,Giuseppe Collu,Atalanta Bergamasca Calcio,SS Lazio,D. Cataldi,0,0,0,1,1,0,0,0,42,0,0,0,0,2,0
61,19 Oct 2025,,d6dhthqfbbqbffuo2pxce5kpg,Giuseppe Collu,Atalanta Bergamasca Calcio,SS Lazio,Nuno Tavares,0,0,0,0,1,1,0,0,55,0,0,1,0,0,0
61,19 Oct 2025,,d6dhthqfbbqbffuo2pxce5kpg,Giuseppe Collu,Atalanta Bergamasca Calcio,SS Lazio,M. Guendouzi,0,0,0,0,0,0,0,0,46,0,0,1,0,2,0
61,19 Oct 2025,,d6dhthqfbbqbffuo2pxce5kpg,Giuseppe Collu,Atalanta Bergamasca Calcio,SS Lazio,T. Bašić,0,0,0,1,0,0,0,0,35,0,0,1,1,3,0
61,19 Oct 2025,,d6dhthqfbbqbffuo2pxce5kpg,Giuseppe Collu,Atalanta Bergamasca Calcio,SS Lazio,M. Zaccagni,0,0,0,1,0,3,0,0,34,0,0,0,0,2,0
61,19 Oct 2025,,d6dhthqfbbqbffuo2pxce5kpg,Giuseppe Collu,Atalanta Bergamasca Calcio,SS Lazio,I. Provedel,0,0,0,0,0,0,0,0,34,0,6,0,0,0,0
61,19 Oct 2025,,d6dhthqfbbqbffuo2pxce5kpg,Giuseppe Collu,Atalanta Bergamasca Calcio,SS Lazio,G. Isaksen,0,0,1,1,2,3,0,0,20,0,0,0,0,2,0
61,19 Oct 2025,,d6dhthqfbbqbffuo2pxce5kpg,Giuseppe Collu,Atalanta Bergamasca Calcio,SS Lazio,M. Vecino,0,1,0,0,0,0,0,0,8,0,0,1,0,1,0
61,19 Oct 2025,,d6dhthqfbbqbffuo2pxce5kpg,Giuseppe Collu,Atalanta Bergamasca Calcio,SS Lazio,Pedro,0,0,0,1,0,1,0,0,4,0,0,0,0,0,0
61,19 Oct 2025,,d6dhthqfbbqbffuo2pxce5kpg,Giuseppe Collu,Atalanta Bergamasca Calcio,SS Lazio,O. Provstgaard,0,0,1,1,0,0,0,0,1,0,0,0,0,0,0
61,19 Oct 2025,,d6dhthqfbbqbffuo2pxce5kpg,Giuseppe Collu,Atalanta Bergamasca Calcio,SS Lazio,M. Lazzari,0,0,0,0,0,0,0,0,2,0,0,0,0,1,0
62,19 Oct 2025,,d6rs8i22079apm2uhqqg71edw,Matteo Marchetti,Cagliari Calcio,Bologna FC 1909,M. Prati,0,0,0,0,2,1,0,0,23,0,0,0,0,2,0
62,19 Oct 2025,,d6rs8i22079apm2uhqqg71edw,Matteo Marchetti,Cagliari Calcio,Bologna FC 1909,S. Luperto,0,0,0,0,0,1,0,0,47,0,0,1,1,0,0
62,19 Oct 2025,,d6rs8i22079apm2uhqqg71edw,Matteo Marchetti,Cagliari Calcio,Bologna FC 1909,M. Felici,0,0,1,2,1,3,0,0,8,0,0,1,1,1,0
62,19 Oct 2025,,d6rs8i22079apm2uhqqg71edw,Matteo Marchetti,Cagliari Calcio,Bologna FC 1909,S. Esposito,0,0,1,5,1,0,0,0,21,0,0,0,0,0,1
62,19 Oct 2025,,d6rs8i22079apm2uhqqg71edw,Matteo Marchetti,Cagliari Calcio,Bologna FC 1909,M. Folorunsho,0,0,0,3,2,3,0,1,14,0,0,0,0,2,0
62,19 Oct 2025,,d6rs8i22079apm2uhqqg71edw,Matteo Marchetti,Cagliari Calcio,Bologna FC 1909,E. Caprile,0,0,0,0,0,0,0,0,28,0,5,0,0,0,0
62,19 Oct 2025,,d6rs8i22079apm2uhqqg71edw,Matteo Marchetti,Cagliari Calcio,Bologna FC 1909,A. Obert,0,0,0,1,2,1,0,0,41,0,0,0,0,1,0
62,19 Oct 2025,,d6rs8i22079apm2uhqqg71edw,Matteo Marchetti,Cagliari Calcio,Bologna FC 1909,G. Zappa,0,0,0,0,1,0,0,0,23,0,0,0,0,1,0
62,19 Oct 2025,,d6rs8i22079apm2uhqqg71edw,Matteo Marchetti,Cagliari Calcio,Bologna FC 1909,Y. Mina,0,0,0,0,0,2,0,1,27,0,0,0,0,1,0
62,19 Oct 2025,,d6rs8i22079apm2uhqqg71edw,Matteo Marchetti,Cagliari Calcio,Bologna FC 1909,M. Palestra,0,0,0,1,1,3,0,1,21,0,0,0,0,3,0
62,19 Oct 2025,,d6rs8i22079apm2uhqqg71edw,Matteo Marchetti,Cagliari Calcio,Bologna FC 1909,M. Adopo,0,0,0,0,3,0,0,1,17,0,0,0,0,1,0
62,19 Oct 2025,,d6rs8i22079apm2uhqqg71edw,Matteo Marchetti,Cagliari Calcio,Bologna FC 1909,G. Borrelli,0,0,0,0,1,1,0,1,12,0,0,0,0,0,0
62,19 Oct 2025,,d6rs8i22079apm2uhqqg71edw,Matteo Marchetti,Cagliari Calcio,Bologna FC 1909,Zito Luvumbo,0,0,0,0,0,5,0,0,6,0,0,0,0,0,0
62,19 Oct 2025,,d6rs8i22079apm2uhqqg71edw,Matteo Marchetti,Cagliari Calcio,Bologna FC 1909,Zé Pedro,0,0,0,0,0,0,0,0,11,0,0,0,0,0,0
62,19 Oct 2025,,d6rs8i22079apm2uhqqg71edw,Matteo Marchetti,Cagliari Calcio,Bologna FC 1909,G. Gaetano,0,0,0,2,1,1,0,0,9,0,0,2,1,0,0
62,19 Oct 2025,,d6rs8i22079apm2uhqqg71edw,Matteo Marchetti,Cagliari Calcio,Bologna FC 1909,S. Kılıçsoy,0,0,0,0,0,0,0,0,3,0,0,0,0,0,0
62,19 Oct 2025,,d6rs8i22079apm2uhqqg71edw,Matteo Marchetti,Cagliari Calcio,Bologna FC 1909,S. Castro,0,0,0,0,2,2,0,0,14,0,0,0,0,0,0
62,19 Oct 2025,,d6rs8i22079apm2uhqqg71edw,Matteo Marchetti,Cagliari Calcio,Bologna FC 1909,F. Ravaglia,0,0,0,0,0,0,0,0,50,0,3,0,0,0,0
62,19 Oct 2025,,d6rs8i22079apm2uhqqg71edw,Matteo Marchetti,Cagliari Calcio,Bologna FC 1909,F. Bernardeschi,0,1,2,3,0,0,0,0,22,0,0,2,1,0,0
62,19 Oct 2025,,d6rs8i22079apm2uhqqg71edw,Matteo Marchetti,Cagliari Calcio,Bologna FC 1909,J. Odgaard,1,0,1,3,2,0,0,1,19,0,0,2,1,2,0
62,19 Oct 2025,,d6rs8i22079apm2uhqqg71edw,Matteo Marchetti,Cagliari Calcio,Bologna FC 1909,E. Holm,0,0,0,2,3,3,1,0,30,0,0,1,1,4,0
62,19 Oct 2025,,d6rs8i22079apm2uhqqg71edw,Matteo Marchetti,Cagliari Calcio,Bologna FC 1909,M. Vitík,0,0,0,0,2,0,0,0,60,0,0,0,0,3,0
62,19 Oct 2025,,d6rs8i22079apm2uhqqg71edw,Matteo Marchetti,Cagliari Calcio,Bologna FC 1909,T. Heggem,0,0,0,1,3,1,0,0,53,0,0,0,0,1,0
62,19 Oct 2025,,d6rs8i22079apm2uhqqg71edw,Matteo Marchetti,Cagliari Calcio,Bologna FC 1909,L. Ferguson,0,0,0,2,2,2,0,0,50,0,0,1,1,1,1
62,19 Oct 2025,,d6rs8i22079apm2uhqqg71edw,Matteo Marchetti,Cagliari Calcio,Bologna FC 1909,R. Freuler,0,0,1,0,0,2,0,0,63,0,0,0,0,3,0
62,19 Oct 2025,,d6rs8i22079apm2uhqqg71edw,Matteo Marchetti,Cagliari Calcio,Bologna FC 1909,Juan Miranda,0,0,2,5,1,0,0,0,28,0,0,0,0,0,1
62,19 Oct 2025,,d6rs8i22079apm2uhqqg71edw,Matteo Marchetti,Cagliari Calcio,Bologna FC 1909,N. Cambiaghi,0,0,0,2,3,4,0,0,18,0,0,1,1,1,0
62,19 Oct 2025,,d6rs8i22079apm2uhqqg71edw,Matteo Marchetti,Cagliari Calcio,Bologna FC 1909,C. Lykogiannis,0,0,0,1,3,0,0,0,13,0,0,0,0,1,1
62,19 Oct 2025,,d6rs8i22079apm2uhqqg71edw,Matteo Marchetti,Cagliari Calcio,Bologna FC 1909,R. Orsolini,0,0,0,0,1,1,1,0,8,0,0,2,1,0,0
62,19 Oct 2025,,d6rs8i22079apm2uhqqg71edw,Matteo Marchetti,Cagliari Calcio,Bologna FC 1909,B. Domínguez,1,0,1,0,0,0,0,0,3,0,0,0,0,0,0
62,19 Oct 2025,,d6rs8i22079apm2uhqqg71edw,Matteo Marchetti,Cagliari Calcio,Bologna FC 1909,T. Pobega,0,0,0,0,0,0,0,0,5,0,0,1,1,0,0
62,19 Oct 2025,,d6rs8i22079apm2uhqqg71edw,Matteo Marchetti,Cagliari Calcio,Bologna FC 1909,L. De Silvestri,0,0,0,0,0,0,0,0,0,0,0,0,0,0,0
63,19 Oct 2025,,d760hjpwhimi7tvktc4u66d5g,Giovanni Ayroldi,Calcio Como 1907,Juventus FC,I. Smolčić,0,0,0,1,1,3,0,0,25,0,0,0,0,3,1
63,19 Oct 2025,,d760hjpwhimi7tvktc4u66d5g,Giovanni Ayroldi,Calcio Como 1907,Juventus FC,L. da Cunha,0,0,0,1,2,0,0,0,40,0,0,0,0,3,0
63,19 Oct 2025,,d760hjpwhimi7tvktc4u66d5g,Giovanni Ayroldi,Calcio Como 1907,Juventus FC,Diego Carlos,0,0,0,0,1,0,0,0,20,0,0,0,0,1,1
63,19 Oct 2025,,d760hjpwhimi7tvktc4u66d5g,Giovanni Ayroldi,Calcio Como 1907,Juventus FC,M. Perrone,1,0,0,0,1,0,0,0,38,0,0,0,0,4,0
63,19 Oct 2025,,d760hjpwhimi7tvktc4u66d5g,Giovanni Ayroldi,Calcio Como 1907,Juventus FC,N. Paz,1,1,0,1,3,3,1,0,30,0,0,2,1,2,0
63,19 Oct 2025,,d760hjpwhimi7tvktc4u66d5g,Giovanni Ayroldi,Calcio Como 1907,Juventus FC,Alberto Moreno,0,0,0,2,3,0,0,0,19,0,0,1,1,1,1
63,19 Oct 2025,,d760hjpwhimi7tvktc4u66d5g,Giovanni Ayroldi,Calcio Como 1907,Juventus FC,M. Kempf,0,0,0,0,1,0,1,0,41,0,0,2,1,2,0
63,19 Oct 2025,,d760hjpwhimi7tvktc4u66d5g,Giovanni Ayroldi,Calcio Como 1907,Juventus FC,M. Caqueret,0,0,1,0,0,1,0,0,24,0,0,1,0,0,0
63,19 Oct 2025,,d760hjpwhimi7tvktc4u66d5g,Giovanni Ayroldi,Calcio Como 1907,Juventus FC,Álvaro Morata,0,1,2,1,2,1,0,0,29,0,0,2,1,3,0
63,19 Oct 2025,,d760hjpwhimi7tvktc4u66d5g,Giovanni Ayroldi,Calcio Como 1907,Juventus FC,M. Vojvoda,0,1,1,4,2,1,0,1,32,0,0,2,1,1,0
63,19 Oct 2025,,d760hjpwhimi7tvktc4u66d5g,Giovanni Ayroldi,Calcio Como 1907,Juventus FC,J. Butez,0,0,0,0,0,0,0,0,38,0,4,0,0,0,0
63,19 Oct 2025,,d760hjpwhimi7tvktc4u66d5g,Giovanni Ayroldi,Calcio Como 1907,Juventus FC,Jacobo Ramón,0,0,0,0,1,0,0,0,11,0,0,0,0,1,0
63,19 Oct 2025,,d760hjpwhimi7tvktc4u66d5g,Giovanni Ayroldi,Calcio Como 1907,Juventus FC,Álex Valle,0,0,0,2,0,2,0,0,6,0,0,0,0,1,0
63,19 Oct 2025,,d760hjpwhimi7tvktc4u66d5g,Giovanni Ayroldi,Calcio Como 1907,Juventus FC,T. Douvikas,0,0,0,0,0,0,0,0,8,0,0,2,1,1,0
63,19 Oct 2025,,d760hjpwhimi7tvktc4u66d5g,Giovanni Ayroldi,Calcio Como 1907,Juventus FC,S. Posch,0,0,0,1,0,0,0,0,0,0,0,0,0,0,0
63,19 Oct 2025,,d760hjpwhimi7tvktc4u66d5g,Giovanni Ayroldi,Calcio Como 1907,Juventus FC,I. Van der Brempt,0,0,0,0,0,0,0,0,0,0,0,0,0,0,0
63,19 Oct 2025,,d760hjpwhimi7tvktc4u66d5g,Giovanni Ayroldi,Calcio Como 1907,Juventus FC,T. Koopmeiners,0,3,0,0,0,0,0,1,21,0,0,5,1,2,0
63,19 Oct 2025,,d760hjpwhimi7tvktc4u66d5g,Giovanni Ayroldi,Calcio Como 1907,Juventus FC,M. Di Gregorio,0,0,0,0,0,0,0,0,27,0,4,0,0,0,0
63,19 Oct 2025,,d760hjpwhimi7tvktc4u66d5g,Giovanni Ayroldi,Calcio Como 1907,Juventus FC,A. Cambiaso,0,0,0,2,2,1,0,0,26,0,0,1,1,2,0
63,19 Oct 2025,,d760hjpwhimi7tvktc4u66d5g,Giovanni Ayroldi,Calcio Como 1907,Juventus FC,L. Kelly,0,0,0,0,1,1,0,0,74,0,0,0,0,1,1
63,19 Oct 2025,,d760hjpwhimi7tvktc4u66d5g,Giovanni Ayroldi,Calcio Como 1907,Juventus FC,P. Kalulu,0,0,1,2,1,1,0,0,71,0,0,0,0,0,0
63,19 Oct 2025,,d760hjpwhimi7tvktc4u66d5g,Giovanni Ayroldi,Calcio Como 1907,Juventus FC,D. Rugani,0,0,0,0,1,0,0,0,30,0,0,0,0,2,0
63,19 Oct 2025,,d760hjpwhimi7tvktc4u66d5g,Giovanni Ayroldi,Calcio Como 1907,Juventus FC,J. David,0,0,0,1,1,5,0,1,22,0,0,0,0,0,0
63,19 Oct 2025,,d760hjpwhimi7tvktc4u66d5g,Giovanni Ayroldi,Calcio Como 1907,Juventus FC,M. Locatelli,0,0,0,0,2,2,0,0,50,0,0,1,0,2,0
63,19 Oct 2025,,d760hjpwhimi7tvktc4u66d5g,Giovanni Ayroldi,Calcio Como 1907,Juventus FC,Francisco Conceição,0,0,0,1,2,3,0,0,29,0,0,2,0,1,0
63,19 Oct 2025,,d760hjpwhimi7tvktc4u66d5g,Giovanni Ayroldi,Calcio Como 1907,Juventus FC,K. Thuram,0,0,0,0,2,2,0,0,32,0,0,2,0,0,0
63,19 Oct 2025,,d760hjpwhimi7tvktc4u66d5g,Giovanni Ayroldi,Calcio Como 1907,Juventus FC,K. Yıldız,0,1,0,2,2,1,0,0,33,0,0,2,0,0,0
63,19 Oct 2025,,d760hjpwhimi7tvktc4u66d5g,Giovanni Ayroldi,Calcio Como 1907,Juventus FC,W. McKennie,0,0,0,0,0,1,0,0,13,0,0,0,0,0,0
63,19 Oct 2025,,d760hjpwhimi7tvktc4u66d5g,Giovanni Ayroldi,Calcio Como 1907,Juventus FC,D. Vlahović,0,0,0,0,0,0,0,0,4,0,0,2,1,0,0
63,19 Oct 2025,,d760hjpwhimi7tvktc4u66d5g,Giovanni Ayroldi,Calcio Como 1907,Juventus FC,F. Kostić,0,0,0,0,1,0,0,0,5,0,0,0,0,0,0
63,19 Oct 2025,,d760hjpwhimi7tvktc4u66d5g,Giovanni Ayroldi,Calcio Como 1907,Juventus FC,João Mário,0,0,0,0,0,0,0,0,10,0,0,0,0,0,0
64,20 Oct 2025,,d7kgfsvp8vyro7n0492ezd89g,Michael Fabbri,US Cremonese,Udinese Calcio,F. Bonazzoli,0,0,0,0,1,2,0,0,25,0,0,2,0,1,0
64,20 Oct 2025,,d7kgfsvp8vyro7n0492ezd89g,Michael Fabbri,US Cremonese,Udinese Calcio,F. Baschirotto,0,0,0,0,1,0,0,0,54,0,0,0,0,2,0
64,20 Oct 2025,,d7kgfsvp8vyro7n0492ezd89g,Michael Fabbri,US Cremonese,Udinese Calcio,J. Vardy,0,1,1,1,3,1,0,1,11,0,0,2,1,0,1
64,20 Oct 2025,,d7kgfsvp8vyro7n0492ezd89g,Michael Fabbri,US Cremonese,Udinese Calcio,M. Payero,0,0,0,0,2,2,0,0,22,0,0,1,0,3,1
64,20 Oct 2025,,d7kgfsvp8vyro7n0492ezd89g,Michael Fabbri,US Cremonese,Udinese Calcio,A. Zerbin,0,1,2,1,1,0,0,0,14,0,0,2,1,2,1
64,20 Oct 2025,,d7kgfsvp8vyro7n0492ezd89g,Michael Fabbri,US Cremonese,Udinese Calcio,M. Bianchetti,0,0,0,0,0,3,0,0,59,0,0,1,1,0,0
64,20 Oct 2025,,d7kgfsvp8vyro7n0492ezd89g,Michael Fabbri,US Cremonese,Udinese Calcio,G. Pezzella,0,0,1,3,0,0,0,0,20,0,0,0,0,2,0
64,20 Oct 2025,,d7kgfsvp8vyro7n0492ezd89g,Michael Fabbri,US Cremonese,Udinese Calcio,J. Vandeputte,1,0,0,5,2,1,0,0,29,0,0,1,0,1,1
64,20 Oct 2025,,d7kgfsvp8vyro7n0492ezd89g,Michael Fabbri,US Cremonese,Udinese Calcio,M. Silvestri,0,0,0,0,0,0,0,0,31,0,0,0,0,0,0
64,20 Oct 2025,,d7kgfsvp8vyro7n0492ezd89g,Michael Fabbri,US Cremonese,Udinese Calcio,F. Terracciano,0,0,1,2,1,1,1,0,43,0,0,1,1,0,0
64,20 Oct 2025,,d7kgfsvp8vyro7n0492ezd89g,Michael Fabbri,US Cremonese,Udinese Calcio,W. Bondo,0,0,0,0,3,3,0,0,32,0,0,0,0,3,0
64,20 Oct 2025,,d7kgfsvp8vyro7n0492ezd89g,Michael Fabbri,US Cremonese,Udinese Calcio,D. Lordkipanidze,0,0,0,0,0,0,0,0,7,0,0,0,0,0,0
64,20 Oct 2025,,d7kgfsvp8vyro7n0492ezd89g,Michael Fabbri,US Cremonese,Udinese Calcio,T. Barbieri,0,0,0,1,1,0,0,0,4,0,0,0,0,2,0
64,20 Oct 2025,,d7kgfsvp8vyro7n0492ezd89g,Michael Fabbri,US Cremonese,Udinese Calcio,J. Sarmiento,0,0,0,0,0,0,0,0,9,0,0,0,0,0,0
64,20 Oct 2025,,d7kgfsvp8vyro7n0492ezd89g,Michael Fabbri,US Cremonese,Udinese Calcio,F. Vázquez,0,0,0,2,0,1,0,0,7,0,0,1,0,0,0
64,20 Oct 2025,,d7kgfsvp8vyro7n0492ezd89g,Michael Fabbri,US Cremonese,Udinese Calcio,J. Ekkelenkamp,0,0,1,0,1,1,0,0,20,0,0,0,0,1,0
64,20 Oct 2025,,d7kgfsvp8vyro7n0492ezd89g,Michael Fabbri,US Cremonese,Udinese Calcio,A. Zanoli,1,0,0,1,0,0,0,0,22,0,0,0,0,2,0
64,20 Oct 2025,,d7kgfsvp8vyro7n0492ezd89g,Michael Fabbri,US Cremonese,Udinese Calcio,S. Goglichidze,0,0,0,0,1,3,0,0,42,0,0,0,0,3,1
64,20 Oct 2025,,d7kgfsvp8vyro7n0492ezd89g,Michael Fabbri,US Cremonese,Udinese Calcio,J. Karlström,0,1,0,2,1,2,0,0,26,0,0,1,0,4,0
64,20 Oct 2025,,d7kgfsvp8vyro7n0492ezd89g,Michael Fabbri,US Cremonese,Udinese Calcio,A. Atta,0,0,0,3,0,3,0,0,38,0,0,2,0,2,0
64,20 Oct 2025,,d7kgfsvp8vyro7n0492ezd89g,Michael Fabbri,US Cremonese,Udinese Calcio,C. Kabasele,0,0,0,0,3,1,0,1,31,0,0,0,0,0,1
64,20 Oct 2025,,d7kgfsvp8vyro7n0492ezd89g,Michael Fabbri,US Cremonese,Udinese Calcio,O. Solet,0,0,0,0,3,1,0,0,52,0,0,1,0,6,0
64,20 Oct 2025,,d7kgfsvp8vyro7n0492ezd89g,Michael Fabbri,US Cremonese,Udinese Calcio,H. Kamara,0,0,1,5,0,1,0,0,28,0,0,0,0,1,0
64,20 Oct 2025,,d7kgfsvp8vyro7n0492ezd89g,Michael Fabbri,US Cremonese,Udinese Calcio,N. Zaniolo,0,0,0,4,3,2,1,0,16,0,0,1,1,0,0
64,20 Oct 2025,,d7kgfsvp8vyro7n0492ezd89g,Michael Fabbri,US Cremonese,Udinese Calcio,,0,0,0,0,0,0,0,0,28,0,2,0,0,0,0
64,20 Oct 2025,,d7kgfsvp8vyro7n0492ezd89g,Michael Fabbri,US Cremonese,Udinese Calcio,V. Bayo,0,0,0,0,0,0,0,1,18,0,0,1,0,0,0
64,20 Oct 2025,,d7kgfsvp8vyro7n0492ezd89g,Michael Fabbri,US Cremonese,Udinese Calcio,A. Buksa,0,0,0,0,1,1,0,0,9,0,0,0,0,1,0
64,20 Oct 2025,,d7kgfsvp8vyro7n0492ezd89g,Michael Fabbri,US Cremonese,Udinese Calcio,J. Piotrowski,0,1,1,0,0,0,0,0,5,0,0,1,0,1,0
64,20 Oct 2025,,d7kgfsvp8vyro7n0492ezd89g,Michael Fabbri,US Cremonese,Udinese Calcio,K. Davis,0,0,1,0,0,0,0,0,3,0,0,1,0,1,0
64,20 Oct 2025,,d7kgfsvp8vyro7n0492ezd89g,Michael Fabbri,US Cremonese,Udinese Calcio,L. Miller,0,0,0,1,1,0,0,0,1,0,0,0,0,0,0
64,20 Oct 2025,,d7kgfsvp8vyro7n0492ezd89g,Michael Fabbri,US Cremonese,Udinese Calcio,K. Ehizibue,0,0,0,0,0,0,0,0,1,0,0,0,0,0,0
65,19 Oct 2025,,d7yrxii7ad8bixosyqiukk5qs,Simone Sozza,Genoa CFC,Parma Calcio 1913,N. Leali,0,0,0,0,0,0,0,0,14,0,0,0,0,0,0
65,19 Oct 2025,,d7yrxii7ad8bixosyqiukk5qs,Simone Sozza,Genoa CFC,Parma Calcio 1913,L. Østigård,0,0,0,0,1,0,0,0,92,0,0,0,0,2,0
65,19 Oct 2025,,d7yrxii7ad8bixosyqiukk5qs,Simone Sozza,Genoa CFC,Parma Calcio 1913,M. Ellertsson,0,1,0,0,2,0,0,0,30,0,0,2,0,3,0
65,19 Oct 2025,,d7yrxii7ad8bixosyqiukk5qs,Simone Sozza,Genoa CFC,Parma Calcio 1913,C. Ekuban,0,0,0,0,2,2,0,1,9,0,0,3,0,0,0
65,19 Oct 2025,,d7yrxii7ad8bixosyqiukk5qs,Simone Sozza,Genoa CFC,Parma Calcio 1913,P. Masini,0,1,0,3,0,0,0,0,73,0,0,2,1,1,0
65,19 Oct 2025,,d7yrxii7ad8bixosyqiukk5qs,Simone Sozza,Genoa CFC,Parma Calcio 1913,M. Frendrup,0,0,0,0,1,0,0,0,24,0,0,1,0,1,0
65,19 Oct 2025,,d7yrxii7ad8bixosyqiukk5qs,Simone Sozza,Genoa CFC,Parma Calcio 1913,J. Vásquez,0,1,0,0,0,3,0,0,90,0,0,3,0,0,0
65,19 Oct 2025,,d7yrxii7ad8bixosyqiukk5qs,Simone Sozza,Genoa CFC,Parma Calcio 1913,Vítinha,0,1,1,3,1,2,0,0,12,0,0,2,1,2,0
65,19 Oct 2025,,d7yrxii7ad8bixosyqiukk5qs,Simone Sozza,Genoa CFC,Parma Calcio 1913,B. Norton-Cuffy,0,0,0,4,2,1,0,0,45,0,0,0,0,2,0
65,19 Oct 2025,,d7yrxii7ad8bixosyqiukk5qs,Simone Sozza,Genoa CFC,Parma Calcio 1913,R. Malinovskyi,0,2,0,3,1,3,0,0,65,0,0,6,2,0,1
65,19 Oct 2025,,d7yrxii7ad8bixosyqiukk5qs,Simone Sozza,Genoa CFC,Parma Calcio 1913,S. Sabelli,0,0,0,0,0,0,0,0,30,0,0,0,0,0,0
65,19 Oct 2025,,d7yrxii7ad8bixosyqiukk5qs,Simone Sozza,Genoa CFC,Parma Calcio 1913,V. Carboni,0,1,0,4,2,0,0,0,29,0,0,2,1,0,0
65,19 Oct 2025,,d7yrxii7ad8bixosyqiukk5qs,Simone Sozza,Genoa CFC,Parma Calcio 1913,L. Venturino,0,0,0,5,1,0,0,0,18,0,0,0,0,0,0
65,19 Oct 2025,,d7yrxii7ad8bixosyqiukk5qs,Simone Sozza,Genoa CFC,Parma Calcio 1913,J. Ekhator,0,0,1,0,1,1,0,1,5,0,0,1,1,0,0
65,19 Oct 2025,,d7yrxii7ad8bixosyqiukk5qs,Simone Sozza,Genoa CFC,Parma Calcio 1913,L. Colombo,0,0,0,0,1,0,0,0,3,0,0,0,0,0,1
65,19 Oct 2025,,d7yrxii7ad8bixosyqiukk5qs,Simone Sozza,Genoa CFC,Parma Calcio 1913,M. Cornet,0,0,1,5,0,0,0,0,4,0,0,1,1,0,0
65,19 Oct 2025,,d7yrxii7ad8bixosyqiukk5qs,Simone Sozza,Genoa CFC,Parma Calcio 1913,Adrián Bernabé,0,0,0,0,0,0,0,0,17,0,0,0,0,0,0
65,19 Oct 2025,,d7yrxii7ad8bixosyqiukk5qs,Simone Sozza,Genoa CFC,Parma Calcio 1913,Z. Suzuki,0,0,0,0,0,1,0,0,50,0,7,0,0,0,0
65,19 Oct 2025,,d7yrxii7ad8bixosyqiukk5qs,Simone Sozza,Genoa CFC,Parma Calcio 1913,M. Keita,0,0,0,1,2,2,0,0,26,0,0,0,0,0,0
65,19 Oct 2025,,d7yrxii7ad8bixosyqiukk5qs,Simone Sozza,Genoa CFC,Parma Calcio 1913,N. Estévez,0,0,0,0,1,1,0,0,26,0,0,0,0,3,1
65,19 Oct 2025,,d7yrxii7ad8bixosyqiukk5qs,Simone Sozza,Genoa CFC,Parma Calcio 1913,A. Circati,0,0,0,0,1,0,0,0,30,0,0,0,0,1,0
65,19 Oct 2025,,d7yrxii7ad8bixosyqiukk5qs,Simone Sozza,Genoa CFC,Parma Calcio 1913,E. Delprato,0,0,0,0,0,1,0,0,18,0,0,0,0,2,0
65,19 Oct 2025,,d7yrxii7ad8bixosyqiukk5qs,Simone Sozza,Genoa CFC,Parma Calcio 1913,A. Ndiaye,0,0,0,0,2,0,0,0,31,1,0,0,0,2,2
65,19 Oct 2025,,d7yrxii7ad8bixosyqiukk5qs,Simone Sozza,Genoa CFC,Parma Calcio 1913,M. Pellegrino,0,0,0,0,3,0,0,0,9,0,0,0,0,0,0
65,19 Oct 2025,,d7yrxii7ad8bixosyqiukk5qs,Simone Sozza,Genoa CFC,Parma Calcio 1913,P. Cutrone,0,0,0,2,0,0,0,1,13,0,0,1,0,2,0
65,19 Oct 2025,,d7yrxii7ad8bixosyqiukk5qs,Simone Sozza,Genoa CFC,Parma Calcio 1913,P. Almqvist,0,0,0,1,2,3,0,0,5,0,0,0,0,0,0
65,19 Oct 2025,,d7yrxii7ad8bixosyqiukk5qs,Simone Sozza,Genoa CFC,Parma Calcio 1913,S. Britschgi,0,0,0,0,1,4,0,0,22,0,0,0,0,3,1
65,19 Oct 2025,,d7yrxii7ad8bixosyqiukk5qs,Simone Sozza,Genoa CFC,Parma Calcio 1913,L. Valenti,0,0,0,0,0,0,0,0,3,0,0,0,0,1,0
65,19 Oct 2025,,d7yrxii7ad8bixosyqiukk5qs,Simone Sozza,Genoa CFC,Parma Calcio 1913,C. Ordoñez,0,0,0,0,0,1,0,0,5,0,0,0,0,1,0
65,19 Oct 2025,,d7yrxii7ad8bixosyqiukk5qs,Simone Sozza,Genoa CFC,Parma Calcio 1913,O. Sørensen,0,0,0,0,0,0,0,0,1,0,0,0,0,0,0
65,19 Oct 2025,,d7yrxii7ad8bixosyqiukk5qs,Simone Sozza,Genoa CFC,Parma Calcio 1913,M. Đurić,0,0,0,0,0,0,0,0,1,0,0,0,0,0,0
65,19 Oct 2025,,d7yrxii7ad8bixosyqiukk5qs,Simone Sozza,Genoa CFC,Parma Calcio 1913,M. Troilo,0,0,0,0,1,1,0,0,0,0,0,0,0,0,1
66,18 Oct 2025,,d8d1t5jcq22vyydtoit9n4jdg,Valerio Crezzini,US Lecce,US Sassuolo Calcio,Danilo Veiga,0,0,1,2,2,1,0,0,26,0,0,1,1,5,1
66,18 Oct 2025,,d8d1t5jcq22vyydtoit9n4jdg,Valerio Crezzini,US Lecce,US Sassuolo Calcio,L. Coulibaly,0,0,0,0,1,0,0,0,18,0,0,0,0,0,0
66,18 Oct 2025,,d8d1t5jcq22vyydtoit9n4jdg,Valerio Crezzini,US Lecce,US Sassuolo Calcio,M. Berisha,0,0,1,6,1,1,0,0,70,0,0,2,0,0,0
66,18 Oct 2025,,d8d1t5jcq22vyydtoit9n4jdg,Valerio Crezzini,US Lecce,US Sassuolo Calcio,S. Pierotti,0,0,1,1,3,1,0,0,27,0,0,1,0,1,0
66,18 Oct 2025,,d8d1t5jcq22vyydtoit9n4jdg,Valerio Crezzini,US Lecce,US Sassuolo Calcio,Y. Ramadani,0,0,0,0,3,5,0,0,69,0,0,1,0,1,0
66,18 Oct 2025,,d8d1t5jcq22vyydtoit9n4jdg,Valerio Crezzini,US Lecce,US Sassuolo Calcio,Tete Morente,0,1,1,4,1,2,0,0,26,0,0,1,0,0,0
66,18 Oct 2025,,d8d1t5jcq22vyydtoit9n4jdg,Valerio Crezzini,US Lecce,US Sassuolo Calcio,A. Gallo,0,0,2,3,1,1,0,0,33,0,0,0,0,2,0
66,18 Oct 2025,,d8d1t5jcq22vyydtoit9n4jdg,Valerio Crezzini,US Lecce,US Sassuolo Calcio,N. Štulić,0,1,0,0,2,0,0,0,12,0,0,2,0,1,0
66,18 Oct 2025,,d8d1t5jcq22vyydtoit9n4jdg,Valerio Crezzini,US Lecce,US Sassuolo Calcio,Kialonda Gaspar,0,0,0,0,0,0,0,1,53,0,0,1,0,2,0
66,18 Oct 2025,,d8d1t5jcq22vyydtoit9n4jdg,Valerio Crezzini,US Lecce,US Sassuolo Calcio,Tiago Gabriel,0,1,0,1,1,0,0,0,42,0,0,1,0,1,0
66,18 Oct 2025,,d8d1t5jcq22vyydtoit9n4jdg,Valerio Crezzini,US Lecce,US Sassuolo Calcio,W. Falcone,0,0,0,0,0,0,0,0,22,0,2,0,0,0,1
66,18 Oct 2025,,d8d1t5jcq22vyydtoit9n4jdg,Valerio Crezzini,US Lecce,US Sassuolo Calcio,F. Camarda,0,0,0,0,0,0,0,0,3,0,0,0,0,0,0
66,18 Oct 2025,,d8d1t5jcq22vyydtoit9n4jdg,Valerio Crezzini,US Lecce,US Sassuolo Calcio,Þ. Helgason,0,0,0,2,0,0,0,0,5,0,0,1,1,0,0
66,18 Oct 2025,,d8d1t5jcq22vyydtoit9n4jdg,Valerio Crezzini,US Lecce,US Sassuolo Calcio,L. Banda,0,0,0,0,1,2,0,0,3,0,0,0,0,0,0
66,18 Oct 2025,,d8d1t5jcq22vyydtoit9n4jdg,Valerio Crezzini,US Lecce,US Sassuolo Calcio,B. Pierret,0,0,0,0,0,0,0,0,5,0,0,0,0,0,0
66,18 Oct 2025,,d8d1t5jcq22vyydtoit9n4jdg,Valerio Crezzini,US Lecce,US Sassuolo Calcio,K. N’Dri,0,0,0,0,0,1,0,0,0,0,0,0,0,0,0
66,18 Oct 2025,,d8d1t5jcq22vyydtoit9n4jdg,Valerio Crezzini,US Lecce,US Sassuolo Calcio,A. Pinamonti,0,0,0,0,0,0,0,1,9,0,0,1,0,1,0
66,18 Oct 2025,,d8d1t5jcq22vyydtoit9n4jdg,Valerio Crezzini,US Lecce,US Sassuolo Calcio,F. Romagna,0,0,0,0,0,1,0,0,48,0,0,0,0,0,0
66,18 Oct 2025,,d8d1t5jcq22vyydtoit9n4jdg,Valerio Crezzini,US Lecce,US Sassuolo Calcio,K. Thorstvedt,0,1,1,0,3,2,0,0,38,0,0,2,0,1,0
66,18 Oct 2025,,d8d1t5jcq22vyydtoit9n4jdg,Valerio Crezzini,US Lecce,US Sassuolo Calcio,A. Laurienté,0,0,0,2,1,0,0,0,18,0,0,1,1,0,0
66,18 Oct 2025,,d8d1t5jcq22vyydtoit9n4jdg,Valerio Crezzini,US Lecce,US Sassuolo Calcio,S. Walukiewicz,0,0,0,1,2,0,0,0,24,0,0,0,0,2,0
66,18 Oct 2025,,d8d1t5jcq22vyydtoit9n4jdg,Valerio Crezzini,US Lecce,US Sassuolo Calcio,A. Vranckx,0,0,0,1,2,1,0,0,21,0,0,1,0,0,0
66,18 Oct 2025,,d8d1t5jcq22vyydtoit9n4jdg,Valerio Crezzini,US Lecce,US Sassuolo Calcio,J. Doig,0,0,1,1,1,2,0,0,36,0,0,0,0,4,1
66,18 Oct 2025,,d8d1t5jcq22vyydtoit9n4jdg,Valerio Crezzini,US Lecce,US Sassuolo Calcio,N. Matić,0,0,0,2,0,3,0,0,51,0,0,0,0,2,0
66,18 Oct 2025,,d8d1t5jcq22vyydtoit9n4jdg,Valerio Crezzini,US Lecce,US Sassuolo Calcio,J. Idzes,0,0,0,0,0,1,0,0,49,0,0,0,0,0,0
66,18 Oct 2025,,d8d1t5jcq22vyydtoit9n4jdg,Valerio Crezzini,US Lecce,US Sassuolo Calcio,A. Murić,0,0,0,0,0,0,0,0,43,0,2,0,0,0,0
66,18 Oct 2025,,d8d1t5jcq22vyydtoit9n4jdg,Valerio Crezzini,US Lecce,US Sassuolo Calcio,D. Berardi,0,0,1,3,2,3,0,0,25,0,0,2,1,1,1
66,18 Oct 2025,,d8d1t5jcq22vyydtoit9n4jdg,Valerio Crezzini,US Lecce,US Sassuolo Calcio,E. Iannoni,0,0,0,0,3,0,0,0,14,0,0,0,0,0,0
66,18 Oct 2025,,d8d1t5jcq22vyydtoit9n4jdg,Valerio Crezzini,US Lecce,US Sassuolo Calcio,N. Pierini,0,1,1,2,0,2,0,0,9,0,0,1,0,0,0
66,18 Oct 2025,,d8d1t5jcq22vyydtoit9n4jdg,Valerio Crezzini,US Lecce,US Sassuolo Calcio,Fali Candé,0,0,0,0,0,0,0,0,7,0,0,0,0,0,0
66,18 Oct 2025,,d8d1t5jcq22vyydtoit9n4jdg,Valerio Crezzini,US Lecce,US Sassuolo Calcio,W. Cheddira,0,1,0,0,0,0,0,0,2,0,0,1,0,0,0
67,19 Oct 2025,,d8rcigwrcg9hzy3pyupj4wc9g,Livio Marinelli,AC Milan,ACF Fiorentina,L. Modrić,0,0,0,3,1,0,0,0,50,0,0,0,0,6,0
67,19 Oct 2025,,d8rcigwrcg9hzy3pyupj4wc9g,Livio Marinelli,AC Milan,ACF Fiorentina,M. Maignan,0,0,0,0,0,0,0,0,24,0,1,0,0,0,0
67,19 Oct 2025,,d8rcigwrcg9hzy3pyupj4wc9g,Livio Marinelli,AC Milan,ACF Fiorentina,Y. Fofana,0,1,0,0,1,1,0,0,33,0,0,3,1,2,1
67,19 Oct 2025,,d8rcigwrcg9hzy3pyupj4wc9g,Livio Marinelli,AC Milan,ACF Fiorentina,A. Saelemaekers,0,0,0,1,0,1,0,0,56,0,0,1,0,1,0
67,19 Oct 2025,,d8rcigwrcg9hzy3pyupj4wc9g,Livio Marinelli,AC Milan,ACF Fiorentina,S. Ricci,0,0,0,0,0,2,0,0,52,0,0,0,0,1,0
67,19 Oct 2025,,d8rcigwrcg9hzy3pyupj4wc9g,Livio Marinelli,AC Milan,ACF Fiorentina,S. Pavlović,1,0,0,0,2,2,0,0,70,0,0,1,0,1,0
67,19 Oct 2025,,d8rcigwrcg9hzy3pyupj4wc9g,Livio Marinelli,AC Milan,ACF Fiorentina,F. Tomori,0,1,0,1,1,0,0,0,70,0,0,2,0,4,1
67,19 Oct 2025,,d8rcigwrcg9hzy3pyupj4wc9g,Livio Marinelli,AC Milan,ACF Fiorentina,Z. Athekame,0,0,0,2,1,1,0,0,22,0,0,1,0,2,1
67,19 Oct 2025,,d8rcigwrcg9hzy3pyupj4wc9g,Livio Marinelli,AC Milan,ACF Fiorentina,M. Gabbia,0,0,0,0,1,0,0,0,44,0,0,1,0,0,0
67,19 Oct 2025,,d8rcigwrcg9hzy3pyupj4wc9g,Livio Marinelli,AC Milan,ACF Fiorentina,D. Bartesaghi,0,0,0,6,1,0,0,0,38,0,0,0,0,2,0
67,19 Oct 2025,,d8rcigwrcg9hzy3pyupj4wc9g,Livio Marinelli,AC Milan,ACF Fiorentina,Rafael Leão,0,0,0,0,3,2,2,0,24,0,0,2,2,1,0
67,19 Oct 2025,,d8rcigwrcg9hzy3pyupj4wc9g,Livio Marinelli,AC Milan,ACF Fiorentina,S. Giménez,0,1,1,0,1,2,0,0,1,0,0,3,1,0,0
67,19 Oct 2025,,d8rcigwrcg9hzy3pyupj4wc9g,Livio Marinelli,AC Milan,ACF Fiorentina,K. De Winter,0,0,0,0,2,0,0,0,1,0,0,0,0,1,0
67,19 Oct 2025,,d8rcigwrcg9hzy3pyupj4wc9g,Livio Marinelli,AC Milan,ACF Fiorentina,C. Balentien,0,0,0,0,0,0,0,0,0,0,0,0,0,0,0
67,19 Oct 2025,,d8rcigwrcg9hzy3pyupj4wc9g,Livio Marinelli,AC Milan,ACF Fiorentina,M. Pongračić,0,0,0,0,2,1,0,0,50,0,0,1,0,1,0
67,19 Oct 2025,,d8rcigwrcg9hzy3pyupj4wc9g,Livio Marinelli,AC Milan,ACF Fiorentina,Pablo Marí,0,0,0,0,2,0,0,0,44,0,0,0,0,2,0
67,19 Oct 2025,,d8rcigwrcg9hzy3pyupj4wc9g,Livio Marinelli,AC Milan,ACF Fiorentina,Dodô,0,1,2,5,0,1,0,0,25,0,0,2,0,0,0
67,19 Oct 2025,,d8rcigwrcg9hzy3pyupj4wc9g,Livio Marinelli,AC Milan,ACF Fiorentina,R. Mandragora,0,0,0,1,1,2,0,0,19,0,0,0,0,0,0
67,19 Oct 2025,,d8rcigwrcg9hzy3pyupj4wc9g,Livio Marinelli,AC Milan,ACF Fiorentina,N. Fagioli,0,0,0,3,0,2,0,0,49,0,0,0,0,2,0
67,19 Oct 2025,,d8rcigwrcg9hzy3pyupj4wc9g,Livio Marinelli,AC Milan,ACF Fiorentina,David de Gea,0,0,0,0,0,0,0,0,18,0,2,0,0,0,0
67,19 Oct 2025,,d8rcigwrcg9hzy3pyupj4wc9g,Livio Marinelli,AC Milan,ACF Fiorentina,R. Gosens,0,0,0,3,0,0,1,1,17,0,0,1,1,0,0
67,19 Oct 2025,,d8rcigwrcg9hzy3pyupj4wc9g,Livio Marinelli,AC Milan,ACF Fiorentina,J. Fazzini,0,0,0,0,0,1,0,0,23,0,0,0,0,1,0
67,19 Oct 2025,,d8rcigwrcg9hzy3pyupj4wc9g,Livio Marinelli,AC Milan,ACF Fiorentina,L. Ranieri,0,0,0,3,1,3,0,0,49,0,0,0,0,1,1
67,19 Oct 2025,,d8rcigwrcg9hzy3pyupj4wc9g,Livio Marinelli,AC Milan,ACF Fiorentina,H. Nicolussi,0,0,1,3,4,0,0,0,44,0,0,1,0,0,1
67,19 Oct 2025,,d8rcigwrcg9hzy3pyupj4wc9g,Livio Marinelli,AC Milan,ACF Fiorentina,M. Kean,0,0,0,0,1,1,0,1,5,0,0,0,0,0,0
67,19 Oct 2025,,d8rcigwrcg9hzy3pyupj4wc9g,Livio Marinelli,AC Milan,ACF Fiorentina,F. Parisi,0,0,0,3,1,1,0,0,7,0,0,0,0,0,1
67,19 Oct 2025,,d8rcigwrcg9hzy3pyupj4wc9g,Livio Marinelli,AC Milan,ACF Fiorentina,A. Guðmundsson,0,0,0,0,0,0,0,0,5,0,0,0,0,0,0
67,19 Oct 2025,,d8rcigwrcg9hzy3pyupj4wc9g,Livio Marinelli,AC Milan,ACF Fiorentina,R. Piccoli,0,0,0,0,0,0,0,0,1,0,0,0,0,0,0
67,19 Oct 2025,,d8rcigwrcg9hzy3pyupj4wc9g,Livio Marinelli,AC Milan,ACF Fiorentina,S. Sohm,0,0,0,0,0,0,0,0,5,0,0,0,0,0,0
67,19 Oct 2025,,d8rcigwrcg9hzy3pyupj4wc9g,Livio Marinelli,AC Milan,ACF Fiorentina,E. Džeko,0,0,0,1,0,0,0,0,1,0,0,0,0,0,0
68,18 Oct 2025,,d95p2ejy2of7ii7s45jnvz9jo,Marco Guida,Pisa Sporting Club,Hellas Verona FC,M. Aebischer,0,0,0,1,0,2,0,0,71,0,0,0,0,1,0
68,18 Oct 2025,,d95p2ejy2of7ii7s45jnvz9jo,Marco Guida,Pisa Sporting Club,Hellas Verona FC,M. Marin,0,0,0,0,0,0,0,0,30,0,0,0,0,1,0
68,18 Oct 2025,,d95p2ejy2of7ii7s45jnvz9jo,Marco Guida,Pisa Sporting Club,Hellas Verona FC,S. Moreo,0,1,2,0,1,1,0,0,18,0,0,2,0,0,0
68,18 Oct 2025,,d95p2ejy2of7ii7s45jnvz9jo,Marco Guida,Pisa Sporting Club,Hellas Verona FC,M'Bala Nzola,0,0,0,0,1,1,0,0,12,0,0,2,0,1,0
68,18 Oct 2025,,d95p2ejy2of7ii7s45jnvz9jo,Marco Guida,Pisa Sporting Club,Hellas Verona FC,M. Léris,0,0,0,2,1,1,0,0,14,0,0,0,0,1,0
68,18 Oct 2025,,d95p2ejy2of7ii7s45jnvz9jo,Marco Guida,Pisa Sporting Club,Hellas Verona FC,S. Angori,0,0,1,5,0,4,0,0,30,0,0,0,0,1,0
68,18 Oct 2025,,d95p2ejy2of7ii7s45jnvz9jo,Marco Guida,Pisa Sporting Club,Hellas Verona FC,Raúl Albiol,0,0,0,0,1,1,0,0,84,0,0,0,0,1,0
68,18 Oct 2025,,d95p2ejy2of7ii7s45jnvz9jo,Marco Guida,Pisa Sporting Club,Hellas Verona FC,A. Caracciolo,0,1,0,0,0,0,0,0,62,0,0,1,0,0,0
68,18 Oct 2025,,d95p2ejy2of7ii7s45jnvz9jo,Marco Guida,Pisa Sporting Club,Hellas Verona FC,S. Canestrelli,0,0,0,0,1,0,0,0,61,0,0,0,0,3,1
68,18 Oct 2025,,d95p2ejy2of7ii7s45jnvz9jo,Marco Guida,Pisa Sporting Club,Hellas Verona FC,E. Akinsanmiro,0,0,0,3,2,1,0,0,26,0,0,1,0,0,1
68,18 Oct 2025,,d95p2ejy2of7ii7s45jnvz9jo,Marco Guida,Pisa Sporting Club,Hellas Verona FC,A. Šemper,0,0,0,0,0,0,0,0,25,0,3,0,0,0,0
68,18 Oct 2025,,d95p2ejy2of7ii7s45jnvz9jo,Marco Guida,Pisa Sporting Club,Hellas Verona FC,J. Cuadrado,0,0,0,1,1,1,0,0,9,0,0,0,0,1,0
68,18 Oct 2025,,d95p2ejy2of7ii7s45jnvz9jo,Marco Guida,Pisa Sporting Club,Hellas Verona FC,G. Bonfanti,0,0,0,1,0,0,0,0,7,0,0,1,0,1,0
68,18 Oct 2025,,d95p2ejy2of7ii7s45jnvz9jo,Marco Guida,Pisa Sporting Club,Hellas Verona FC,G. Piccinini,0,0,0,0,0,1,0,0,6,0,0,0,0,0,1
68,18 Oct 2025,,d95p2ejy2of7ii7s45jnvz9jo,Marco Guida,Pisa Sporting Club,Hellas Verona FC,M. Tramoni,0,0,0,0,0,0,0,0,4,0,0,0,0,0,1
68,18 Oct 2025,,d95p2ejy2of7ii7s45jnvz9jo,Marco Guida,Pisa Sporting Club,Hellas Verona FC,N. Valentini,0,0,1,1,1,0,0,0,26,0,0,2,1,1,0
68,18 Oct 2025,,d95p2ejy2of7ii7s45jnvz9jo,Marco Guida,Pisa Sporting Club,Hellas Verona FC,Unai Núñez,0,0,0,2,1,1,0,0,42,0,0,1,0,0,1
68,18 Oct 2025,,d95p2ejy2of7ii7s45jnvz9jo,Marco Guida,Pisa Sporting Club,Hellas Verona FC,R. Gagliardini,0,0,1,2,0,0,0,0,41,0,0,1,0,3,0
68,18 Oct 2025,,d95p2ejy2of7ii7s45jnvz9jo,Marco Guida,Pisa Sporting Club,Hellas Verona FC,A. Bernede,0,0,0,1,2,0,0,0,16,0,0,0,0,2,0
68,18 Oct 2025,,d95p2ejy2of7ii7s45jnvz9jo,Marco Guida,Pisa Sporting Club,Hellas Verona FC,F. Cham,0,0,0,4,2,0,0,0,14,0,0,3,1,2,0
68,18 Oct 2025,,d95p2ejy2of7ii7s45jnvz9jo,Marco Guida,Pisa Sporting Club,Hellas Verona FC,Giovane,0,2,2,2,2,0,0,2,13,0,0,2,0,0,0
68,18 Oct 2025,,d95p2ejy2of7ii7s45jnvz9jo,Marco Guida,Pisa Sporting Club,Hellas Verona FC,S. Serdar,0,0,0,2,2,0,0,0,26,0,0,0,0,2,0
68,18 Oct 2025,,d95p2ejy2of7ii7s45jnvz9jo,Marco Guida,Pisa Sporting Club,Hellas Verona FC,L. Montipò,0,0,0,0,0,0,0,0,26,0,0,0,0,0,0
68,18 Oct 2025,,d95p2ejy2of7ii7s45jnvz9jo,Marco Guida,Pisa Sporting Club,Hellas Verona FC,V. Nelsson,0,0,1,0,0,0,0,0,24,0,0,0,0,1,0
68,18 Oct 2025,,d95p2ejy2of7ii7s45jnvz9jo,Marco Guida,Pisa Sporting Club,Hellas Verona FC,M. Frese,0,0,0,10,2,2,0,0,11,0,0,1,0,3,1
68,18 Oct 2025,,d95p2ejy2of7ii7s45jnvz9jo,Marco Guida,Pisa Sporting Club,Hellas Verona FC,G. Orban,0,0,0,1,0,0,0,0,13,0,0,2,0,0,0
68,18 Oct 2025,,d95p2ejy2of7ii7s45jnvz9jo,Marco Guida,Pisa Sporting Club,Hellas Verona FC,R. Belghali,0,1,1,0,0,0,0,0,10,0,0,1,0,0,0
68,18 Oct 2025,,d95p2ejy2of7ii7s45jnvz9jo,Marco Guida,Pisa Sporting Club,Hellas Verona FC,J. Akpa Akpro,0,0,1,1,1,0,0,0,10,0,0,0,0,3,0
68,18 Oct 2025,,d95p2ejy2of7ii7s45jnvz9jo,Marco Guida,Pisa Sporting Club,Hellas Verona FC,A. Sarr,0,1,0,0,0,2,0,0,6,0,0,1,0,2,0
68,18 Oct 2025,,d95p2ejy2of7ii7s45jnvz9jo,Marco Guida,Pisa Sporting Club,Hellas Verona FC,D. Mosquera,0,0,1,1,1,1,0,0,9,0,0,0,0,1,0
68,18 Oct 2025,,d95p2ejy2of7ii7s45jnvz9jo,Marco Guida,Pisa Sporting Club,Hellas Verona FC,Yellu Santiago,0,0,0,0,0,0,0,0,3,0,0,1,1,2,0
69,18 Oct 2025,,d9k63wuz61kyno1kx76agjx1w,Davide Massa,AS Roma,FC Internazionale Milano,P. Dybala,0,0,1,4,1,1,0,0,26,0,0,2,2,0,0
69,18 Oct 2025,,d9k63wuz61kyno1kx76agjx1w,Davide Massa,AS Roma,FC Internazionale Milano,G. Mancini,0,0,0,0,3,8,0,0,57,0,0,0,0,2,0
69,18 Oct 2025,,d9k63wuz61kyno1kx76agjx1w,Davide Massa,AS Roma,FC Internazionale Milano,B. Cristante,0,0,0,1,1,0,0,0,71,0,0,2,0,1,0
69,18 Oct 2025,,d9k63wuz61kyno1kx76agjx1w,Davide Massa,AS Roma,FC Internazionale Milano,Z. Çelik,0,2,2,5,3,0,0,0,43,0,0,2,0,0,0
69,18 Oct 2025,,d9k63wuz61kyno1kx76agjx1w,Davide Massa,AS Roma,FC Internazionale Milano,E. Ndicka,0,0,0,1,2,0,0,0,38,0,0,1,0,0,1
69,18 Oct 2025,,d9k63wuz61kyno1kx76agjx1w,Davide Massa,AS Roma,FC Internazionale Milano,Hermoso,0,0,0,0,2,0,0,0,45,0,0,1,1,2,1
69,18 Oct 2025,,d9k63wuz61kyno1kx76agjx1w,Davide Massa,AS Roma,FC Internazionale Milano,L. Pellegrini,0,1,1,2,0,2,0,0,36,0,0,1,0,0,0
69,18 Oct 2025,,d9k63wuz61kyno1kx76agjx1w,Davide Massa,AS Roma,FC Internazionale Milano,M. Svilar,0,0,0,0,0,0,0,0,38,0,2,0,0,0,0
69,18 Oct 2025,,d9k63wuz61kyno1kx76agjx1w,Davide Massa,AS Roma,FC Internazionale Milano,M. Koné,0,1,0,0,1,4,0,1,48,0,0,1,0,0,0
69,18 Oct 2025,,d9k63wuz61kyno1kx76agjx1w,Davide Massa,AS Roma,FC Internazionale Milano,Wesley,0,0,0,4,0,3,0,1,22,0,0,1,0,0,0
69,18 Oct 2025,,d9k63wuz61kyno1kx76agjx1w,Davide Massa,AS Roma,FC Internazionale Milano,M. Soulé,0,0,0,2,0,4,0,0,36,0,0,1,1,0,0
69,18 Oct 2025,,d9k63wuz61kyno1kx76agjx1w,Davide Massa,AS Roma,FC Internazionale Milano,J. Ziółkowski,0,0,0,0,2,4,0,0,27,0,0,0,0,2,1
69,18 Oct 2025,,d9k63wuz61kyno1kx76agjx1w,Davide Massa,AS Roma,FC Internazionale Milano,A. Dovbyk,0,0,0,0,2,0,0,0,4,0,0,2,1,0,0
69,18 Oct 2025,,d9k63wuz61kyno1kx76agjx1w,Davide Massa,AS Roma,FC Internazionale Milano,L. Bailey,0,0,0,4,0,0,0,0,7,0,0,0,0,0,0
69,18 Oct 2025,,d9k63wuz61kyno1kx76agjx1w,Davide Massa,AS Roma,FC Internazionale Milano,T. Baldanzi,0,0,0,1,1,2,0,1,9,0,0,0,0,1,1
69,18 Oct 2025,,d9k63wuz61kyno1kx76agjx1w,Davide Massa,AS Roma,FC Internazionale Milano,E. Ferguson,0,0,0,0,0,0,0,0,2,0,0,1,0,0,0
69,18 Oct 2025,,d9k63wuz61kyno1kx76agjx1w,Davide Massa,AS Roma,FC Internazionale Milano,A. Bastoni,0,1,1,2,3,0,0,0,41,0,0,1,0,5,0
69,18 Oct 2025,,d9k63wuz61kyno1kx76agjx1w,Davide Massa,AS Roma,FC Internazionale Milano,F. Dimarco,0,0,1,6,3,2,0,0,37,0,0,1,0,3,0
69,18 Oct 2025,,d9k63wuz61kyno1kx76agjx1w,Davide Massa,AS Roma,FC Internazionale Milano,M. Akanji,0,0,0,0,2,0,0,0,44,0,0,1,0,3,0
69,18 Oct 2025,,d9k63wuz61kyno1kx76agjx1w,Davide Massa,AS Roma,FC Internazionale Milano,N. Barella,1,0,1,2,0,0,0,0,39,0,0,0,0,4,0
69,18 Oct 2025,,d9k63wuz61kyno1kx76agjx1w,Davide Massa,AS Roma,FC Internazionale Milano,H. Çalhanoğlu,0,0,0,1,1,0,0,0,32,0,0,2,1,2,0
69,18 Oct 2025,,d9k63wuz61kyno1kx76agjx1w,Davide Massa,AS Roma,FC Internazionale Milano,L. Martínez,0,1,0,0,3,3,0,0,16,0,0,2,0,1,1
69,18 Oct 2025,,d9k63wuz61kyno1kx76agjx1w,Davide Massa,AS Roma,FC Internazionale Milano,F. Acerbi,0,0,0,0,2,3,0,0,27,0,0,0,0,0,0
69,18 Oct 2025,,d9k63wuz61kyno1kx76agjx1w,Davide Massa,AS Roma,FC Internazionale Milano,Y. Sommer,0,0,0,0,0,0,0,0,46,0,5,0,0,0,0
69,18 Oct 2025,,d9k63wuz61kyno1kx76agjx1w,Davide Massa,AS Roma,FC Internazionale Milano,H. Mkhitaryan,0,0,0,0,3,1,0,0,43,0,0,2,0,3,1
69,18 Oct 2025,,d9k63wuz61kyno1kx76agjx1w,Davide Massa,AS Roma,FC Internazionale Milano,D. Dumfries,0,0,1,3,3,0,0,0,23,0,0,1,1,0,0
69,18 Oct 2025,,d9k63wuz61kyno1kx76agjx1w,Davide Massa,AS Roma,FC Internazionale Milano,A. Bonny,0,0,0,0,3,3,1,0,13,0,0,2,1,0,0
69,18 Oct 2025,,d9k63wuz61kyno1kx76agjx1w,Davide Massa,AS Roma,FC Internazionale Milano,F. Esposito,0,0,1,0,3,3,0,0,14,0,0,0,0,0,0
69,18 Oct 2025,,d9k63wuz61kyno1kx76agjx1w,Davide Massa,AS Roma,FC Internazionale Milano,D. Frattesi,0,0,0,0,1,0,0,0,2,0,0,0,0,0,0
69,18 Oct 2025,,d9k63wuz61kyno1kx76agjx1w,Davide Massa,AS Roma,FC Internazionale Milano,P. Sučić,0,0,0,1,2,0,0,0,6,0,0,0,0,2,1
69,18 Oct 2025,,d9k63wuz61kyno1kx76agjx1w,Davide Massa,AS Roma,FC Internazionale Milano,P. Zieliński,0,0,0,0,0,1,0,0,4,0,0,0,0,0,0
69,18 Oct 2025,,d9k63wuz61kyno1kx76agjx1w,Davide Massa,AS Roma,FC Internazionale Milano,Carlos Augusto,0,0,0,0,0,0,0,0,2,0,0,0,0,0,0
70,18 Oct 2025,,d9ymqc53t61s1cxt7tau89c7o,Matteo Marcenaro,Torino FC,SSC Napoli,K. Asllani,0,0,0,2,0,3,0,0,40,0,0,1,0,2,0
70,18 Oct 2025,,d9ymqc53t61s1cxt7tau89c7o,Matteo Marcenaro,Torino FC,SSC Napoli,A. Tamèze,0,0,0,2,1,2,0,0,33,0,0,0,0,0,0
70,18 Oct 2025,,d9ymqc53t61s1cxt7tau89c7o,Matteo Marcenaro,Torino FC,SSC Napoli,G. Maripán,0,0,0,0,1,0,0,1,22,0,0,0,0,0,0
70,18 Oct 2025,,d9ymqc53t61s1cxt7tau89c7o,Matteo Marcenaro,Torino FC,SSC Napoli,G. Simeone,0,0,0,0,2,0,1,0,17,0,0,3,1,0,0
70,18 Oct 2025,,d9ymqc53t61s1cxt7tau89c7o,Matteo Marcenaro,Torino FC,SSC Napoli,M. Pedersen,0,0,0,1,0,0,0,0,9,0,0,1,0,0,0
70,18 Oct 2025,,d9ymqc53t61s1cxt7tau89c7o,Matteo Marcenaro,Torino FC,SSC Napoli,F. Israel,0,0,0,0,0,0,0,0,38,0,5,0,0,0,1
70,18 Oct 2025,,d9ymqc53t61s1cxt7tau89c7o,Matteo Marcenaro,Torino FC,SSC Napoli,C. Casadei,0,0,0,0,2,1,0,0,26,0,0,1,0,0,0
70,18 Oct 2025,,d9ymqc53t61s1cxt7tau89c7o,Matteo Marcenaro,Torino FC,SSC Napoli,N. Vlašić,0,0,0,1,1,1,0,0,25,0,0,1,0,3,0
70,18 Oct 2025,,d9ymqc53t61s1cxt7tau89c7o,Matteo Marcenaro,Torino FC,SSC Napoli,N. Nkounkou,0,0,0,5,0,0,0,0,19,0,0,0,0,4,0
70,18 Oct 2025,,d9ymqc53t61s1cxt7tau89c7o,Matteo Marcenaro,Torino FC,SSC Napoli,Saúl Coco,0,0,0,0,0,0,0,0,27,0,0,1,0,2,0
70,18 Oct 2025,,d9ymqc53t61s1cxt7tau89c7o,Matteo Marcenaro,Torino FC,SSC Napoli,C. Adams,0,2,2,0,0,1,0,1,13,0,0,3,1,0,0
70,18 Oct 2025,,d9ymqc53t61s1cxt7tau89c7o,Matteo Marcenaro,Torino FC,SSC Napoli,C. Ngonge,0,0,1,0,0,0,0,0,4,0,0,0,0,0,0
70,18 Oct 2025,,d9ymqc53t61s1cxt7tau89c7o,Matteo Marcenaro,Torino FC,SSC Napoli,C. Biraghi,0,0,0,1,0,0,0,0,2,0,0,0,0,1,0
70,18 Oct 2025,,d9ymqc53t61s1cxt7tau89c7o,Matteo Marcenaro,Torino FC,SSC Napoli,G. Gineitis,0,0,0,1,1,1,0,0,1,0,0,0,0,1,0
70,18 Oct 2025,,d9ymqc53t61s1cxt7tau89c7o,Matteo Marcenaro,Torino FC,SSC Napoli,D. Zapata,0,0,0,0,0,0,0,0,4,0,0,1,0,0,0
70,18 Oct 2025,,d9ymqc53t61s1cxt7tau89c7o,Matteo Marcenaro,Torino FC,SSC Napoli,A. Ismajli,0,0,0,0,1,0,0,0,1,0,0,0,0,0,0
70,18 Oct 2025,,d9ymqc53t61s1cxt7tau89c7o,Matteo Marcenaro,Torino FC,SSC Napoli,K. De Bruyne,0,2,4,3,2,0,0,0,68,0,0,4,1,2,0
70,18 Oct 2025,,d9ymqc53t61s1cxt7tau89c7o,Matteo Marcenaro,Torino FC,SSC Napoli,V. Milinković-Savić,0,0,0,0,0,0,0,0,29,0,1,0,0,0,0
70,18 Oct 2025,,d9ymqc53t61s1cxt7tau89c7o,Matteo Marcenaro,Torino FC,SSC Napoli,M. Olivera,0,0,0,0,0,0,0,0,44,0,0,1,0,2,0
70,18 Oct 2025,,d9ymqc53t61s1cxt7tau89c7o,Matteo Marcenaro,Torino FC,SSC Napoli,L. Spinazzola,0,0,0,10,1,0,0,1,46,0,0,3,2,0,0
70,18 Oct 2025,,d9ymqc53t61s1cxt7tau89c7o,Matteo Marcenaro,Torino FC,SSC Napoli,B. Gilmour,0,0,1,2,0,0,0,0,79,0,0,0,0,2,0
70,18 Oct 2025,,d9ymqc53t61s1cxt7tau89c7o,Matteo Marcenaro,Torino FC,SSC Napoli,Juan Jesus,0,0,0,0,1,0,0,0,58,0,0,0,0,0,1
70,18 Oct 2025,,d9ymqc53t61s1cxt7tau89c7o,Matteo Marcenaro,Torino FC,SSC Napoli,S. Beukema,0,0,0,0,1,0,0,0,87,0,0,2,0,2,0
70,18 Oct 2025,,d9ymqc53t61s1cxt7tau89c7o,Matteo Marcenaro,Torino FC,SSC Napoli,David Neres,0,0,3,8,0,1,0,0,33,0,0,2,0,1,0
70,18 Oct 2025,,d9ymqc53t61s1cxt7tau89c7o,Matteo Marcenaro,Torino FC,SSC Napoli,G. Di Lorenzo,0,0,1,1,2,1,0,0,67,0,0,0,0,0,0
70,18 Oct 2025,,d9ymqc53t61s1cxt7tau89c7o,Matteo Marcenaro,Torino FC,SSC Napoli,F. Anguissa,0,0,1,1,0,2,0,0,42,0,0,4,1,0,0
70,18 Oct 2025,,d9ymqc53t61s1cxt7tau89c7o,Matteo Marcenaro,Torino FC,SSC Napoli,L. Lucca,0,1,0,0,1,3,0,0,2,0,0,3,1,0,0
70,18 Oct 2025,,d9ymqc53t61s1cxt7tau89c7o,Matteo Marcenaro,Torino FC,SSC Napoli,A. Buongiorno,0,0,0,0,0,0,0,0,31,0,0,0,0,0,0
70,18 Oct 2025,,d9ymqc53t61s1cxt7tau89c7o,Matteo Marcenaro,Torino FC,SSC Napoli,N. Lang,0,0,0,4,0,0,0,1,9,0,0,0,0,0,1
70,18 Oct 2025,,d9ymqc53t61s1cxt7tau89c7o,Matteo Marcenaro,Torino FC,SSC Napoli,M. Politano,0,1,1,5,0,1,0,0,15,0,0,2,0,0,0
70,18 Oct 2025,,d9ymqc53t61s1cxt7tau89c7o,Matteo Marcenaro,Torino FC,SSC Napoli,G. Ambrosino,0,0,0,0,1,1,0,0,2,0,0,0,0,0,0
70,18 Oct 2025,,d9ymqc53t61s1cxt7tau89c7o,Matteo Marcenaro,Torino FC,SSC Napoli,E. Elmas,0,0,0,0,0,0,0,0,3,0,0,1,0,0,0
71,25 Oct 2025,,dad6y4ul99an1ydnjuwqf09as,Alberto Ruben Arena,US Cremonese,Atalanta Bergamasca Calcio,F. Baschirotto,0,0,0,0,0,1,0,0,31,0,0,1,0,1,0
71,25 Oct 2025,,dad6y4ul99an1ydnjuwqf09as,Alberto Ruben Arena,US Cremonese,Atalanta Bergamasca Calcio,T. Barbieri,0,0,1,3,1,0,0,0,17,0,0,1,1,2,0
71,25 Oct 2025,,dad6y4ul99an1ydnjuwqf09as,Alberto Ruben Arena,US Cremonese,Atalanta Bergamasca Calcio,J. Vardy,0,0,0,0,1,3,1,2,11,0,0,1,1,1,1
71,25 Oct 2025,,dad6y4ul99an1ydnjuwqf09as,Alberto Ruben Arena,US Cremonese,Atalanta Bergamasca Calcio,A. Zerbin,0,0,0,1,0,0,0,0,23,0,0,2,1,5,0
71,25 Oct 2025,,dad6y4ul99an1ydnjuwqf09as,Alberto Ruben Arena,US Cremonese,Atalanta Bergamasca Calcio,M. Faye,0,0,0,0,0,0,0,0,23,0,0,0,0,3,0
71,25 Oct 2025,,dad6y4ul99an1ydnjuwqf09as,Alberto Ruben Arena,US Cremonese,Atalanta Bergamasca Calcio,F. Terracciano,0,0,0,2,0,1,0,0,29,0,0,1,0,0,0
71,25 Oct 2025,,dad6y4ul99an1ydnjuwqf09as,Alberto Ruben Arena,US Cremonese,Atalanta Bergamasca Calcio,M. Silvestri,0,0,0,0,0,0,0,0,39,0,5,0,0,0,0
71,25 Oct 2025,,dad6y4ul99an1ydnjuwqf09as,Alberto Ruben Arena,US Cremonese,Atalanta Bergamasca Calcio,A. Sanabria,0,0,0,0,0,0,0,1,9,0,0,0,0,0,0
71,25 Oct 2025,,dad6y4ul99an1ydnjuwqf09as,Alberto Ruben Arena,US Cremonese,Atalanta Bergamasca Calcio,J. Vandeputte,0,0,0,5,1,0,0,0,42,0,0,1,1,1,0
71,25 Oct 2025,,dad6y4ul99an1ydnjuwqf09as,Alberto Ruben Arena,US Cremonese,Atalanta Bergamasca Calcio,R. Floriani Mussolini,0,0,0,3,1,0,0,0,18,0,0,1,0,3,1
71,25 Oct 2025,,dad6y4ul99an1ydnjuwqf09as,Alberto Ruben Arena,US Cremonese,Atalanta Bergamasca Calcio,M. Payero,0,0,1,0,0,0,0,0,12,0,0,0,0,1,0
71,25 Oct 2025,,dad6y4ul99an1ydnjuwqf09as,Alberto Ruben Arena,US Cremonese,Atalanta Bergamasca Calcio,J. Sarmiento,0,0,0,0,0,0,0,0,12,0,0,1,1,3,0
71,25 Oct 2025,,dad6y4ul99an1ydnjuwqf09as,Alberto Ruben Arena,US Cremonese,Atalanta Bergamasca Calcio,M. Bianchetti,0,0,0,0,0,0,0,0,4,0,0,0,0,0,0
71,25 Oct 2025,,dad6y4ul99an1ydnjuwqf09as,Alberto Ruben Arena,US Cremonese,Atalanta Bergamasca Calcio,F. Folino,0,0,0,0,0,0,0,0,4,0,0,0,0,0,0
71,25 Oct 2025,,dad6y4ul99an1ydnjuwqf09as,Alberto Ruben Arena,US Cremonese,Atalanta Bergamasca Calcio,F. Vázquez,0,0,0,0,2,2,0,0,3,0,0,0,0,1,1
71,25 Oct 2025,,dad6y4ul99an1ydnjuwqf09as,Alberto Ruben Arena,US Cremonese,Atalanta Bergamasca Calcio,Éderson,0,1,2,0,0,1,0,0,58,0,0,2,0,2,0
71,25 Oct 2025,,dad6y4ul99an1ydnjuwqf09as,Alberto Ruben Arena,US Cremonese,Atalanta Bergamasca Calcio,B. Djimsiti,0,0,0,0,0,0,0,0,65,0,0,0,0,1,0
71,25 Oct 2025,,dad6y4ul99an1ydnjuwqf09as,Alberto Ruben Arena,US Cremonese,Atalanta Bergamasca Calcio,N. Krstović,0,2,0,0,2,0,0,1,17,0,0,3,1,0,0
71,25 Oct 2025,,dad6y4ul99an1ydnjuwqf09as,Alberto Ruben Arena,US Cremonese,Atalanta Bergamasca Calcio,M. Pašalić,0,0,0,1,0,0,0,0,63,0,0,0,0,1,0
71,25 Oct 2025,,dad6y4ul99an1ydnjuwqf09as,Alberto Ruben Arena,US Cremonese,Atalanta Bergamasca Calcio,I. Hien,0,0,0,0,2,0,0,0,61,0,0,0,0,2,0
71,25 Oct 2025,,dad6y4ul99an1ydnjuwqf09as,Alberto Ruben Arena,US Cremonese,Atalanta Bergamasca Calcio,N. Zalewski,0,0,1,9,0,2,0,0,42,0,0,1,0,2,0
71,25 Oct 2025,,dad6y4ul99an1ydnjuwqf09as,Alberto Ruben Arena,US Cremonese,Atalanta Bergamasca Calcio,R. Bellanova,0,0,0,5,0,1,0,0,44,0,0,0,0,0,0
71,25 Oct 2025,,dad6y4ul99an1ydnjuwqf09as,Alberto Ruben Arena,US Cremonese,Atalanta Bergamasca Calcio,C. De Ketelaere,0,0,2,3,0,0,0,0,29,0,0,1,1,0,0
71,25 Oct 2025,,dad6y4ul99an1ydnjuwqf09as,Alberto Ruben Arena,US Cremonese,Atalanta Bergamasca Calcio,M. de Roon,0,1,1,1,0,0,0,0,43,0,0,2,0,0,0
71,25 Oct 2025,,dad6y4ul99an1ydnjuwqf09as,Alberto Ruben Arena,US Cremonese,Atalanta Bergamasca Calcio,M. Carnesecchi,0,0,0,0,0,0,0,0,32,0,4,0,0,0,0
71,25 Oct 2025,,dad6y4ul99an1ydnjuwqf09as,Alberto Ruben Arena,US Cremonese,Atalanta Bergamasca Calcio,A. Lookman,0,4,2,2,0,0,0,0,29,0,0,4,0,0,0
71,25 Oct 2025,,dad6y4ul99an1ydnjuwqf09as,Alberto Ruben Arena,US Cremonese,Atalanta Bergamasca Calcio,L. Samardžić,0,0,2,4,1,0,0,0,16,0,0,3,2,0,0
71,25 Oct 2025,,dad6y4ul99an1ydnjuwqf09as,Alberto Ruben Arena,US Cremonese,Atalanta Bergamasca Calcio,G. Scamacca,0,0,0,0,1,1,0,1,13,0,0,3,1,0,1
71,25 Oct 2025,,dad6y4ul99an1ydnjuwqf09as,Alberto Ruben Arena,US Cremonese,Atalanta Bergamasca Calcio,M. Brescianini,0,0,0,0,1,0,1,0,6,0,0,1,1,1,0
71,25 Oct 2025,,dad6y4ul99an1ydnjuwqf09as,Alberto Ruben Arena,US Cremonese,Atalanta Bergamasca Calcio,K. Sulemana,0,0,0,1,1,0,0,0,5,0,0,0,0,1,0
72,26 Oct 2025,,darobpsf8kt94ioyj305wq9ec,Federico La Penna,ACF Fiorentina,Bologna FC 1909,L. Ranieri,0,1,0,1,1,3,0,1,33,0,0,2,0,1,0
72,26 Oct 2025,,darobpsf8kt94ioyj305wq9ec,Federico La Penna,ACF Fiorentina,Bologna FC 1909,N. Fagioli,0,0,0,1,1,0,0,0,20,0,0,0,0,0,0
72,26 Oct 2025,,darobpsf8kt94ioyj305wq9ec,Federico La Penna,ACF Fiorentina,Bologna FC 1909,David de Gea,0,0,0,0,0,0,0,0,20,0,1,0,0,0,0
72,26 Oct 2025,,darobpsf8kt94ioyj305wq9ec,Federico La Penna,ACF Fiorentina,Bologna FC 1909,R. Gosens,0,0,0,0,1,0,0,0,18,0,0,1,0,0,1
72,26 Oct 2025,,darobpsf8kt94ioyj305wq9ec,Federico La Penna,ACF Fiorentina,Bologna FC 1909,Pablo Marí,0,0,0,0,1,3,0,0,39,0,0,0,0,1,0
72,26 Oct 2025,,darobpsf8kt94ioyj305wq9ec,Federico La Penna,ACF Fiorentina,Bologna FC 1909,M. Pongračić,0,0,0,0,1,1,0,0,43,0,0,1,0,1,0
72,26 Oct 2025,,darobpsf8kt94ioyj305wq9ec,Federico La Penna,ACF Fiorentina,Bologna FC 1909,Dodô,0,0,1,9,0,0,0,1,31,0,0,2,0,1,0
72,26 Oct 2025,,darobpsf8kt94ioyj305wq9ec,Federico La Penna,ACF Fiorentina,Bologna FC 1909,R. Mandragora,0,0,0,1,2,0,0,0,15,0,0,2,1,0,0
72,26 Oct 2025,,darobpsf8kt94ioyj305wq9ec,Federico La Penna,ACF Fiorentina,Bologna FC 1909,A. Guðmundsson,0,1,1,0,2,0,1,1,26,0,0,2,1,0,1
72,26 Oct 2025,,darobpsf8kt94ioyj305wq9ec,Federico La Penna,ACF Fiorentina,Bologna FC 1909,M. Kean,0,2,2,0,1,3,1,2,8,0,0,6,4,0,0
72,26 Oct 2025,,darobpsf8kt94ioyj305wq9ec,Federico La Penna,ACF Fiorentina,Bologna FC 1909,H. Nicolussi,0,0,1,3,1,2,0,0,21,0,0,0,0,2,0
72,26 Oct 2025,,darobpsf8kt94ioyj305wq9ec,Federico La Penna,ACF Fiorentina,Bologna FC 1909,C. Ndour,0,0,0,2,0,1,0,0,10,0,0,0,0,0,0
72,26 Oct 2025,,darobpsf8kt94ioyj305wq9ec,Federico La Penna,ACF Fiorentina,Bologna FC 1909,E. Džeko,0,1,0,0,0,0,0,0,11,0,0,1,0,0,1
72,26 Oct 2025,,darobpsf8kt94ioyj305wq9ec,Federico La Penna,ACF Fiorentina,Bologna FC 1909,N. Fortini,0,0,0,1,1,3,0,0,10,0,0,0,0,2,0
72,26 Oct 2025,,darobpsf8kt94ioyj305wq9ec,Federico La Penna,ACF Fiorentina,Bologna FC 1909,A. Sabiri,0,0,0,4,1,1,0,0,19,0,0,1,0,2,0
72,26 Oct 2025,,darobpsf8kt94ioyj305wq9ec,Federico La Penna,ACF Fiorentina,Bologna FC 1909,R. Piccoli,0,0,0,0,0,0,0,0,2,0,0,1,1,0,0
72,26 Oct 2025,,darobpsf8kt94ioyj305wq9ec,Federico La Penna,ACF Fiorentina,Bologna FC 1909,L. Ferguson,0,0,0,3,3,3,0,1,40,0,0,0,0,1,0
72,26 Oct 2025,,darobpsf8kt94ioyj305wq9ec,Federico La Penna,ACF Fiorentina,Bologna FC 1909,Ł. Skorupski,0,0,0,0,0,0,0,0,46,0,4,0,0,0,0
72,26 Oct 2025,,darobpsf8kt94ioyj305wq9ec,Federico La Penna,ACF Fiorentina,Bologna FC 1909,R. Freuler,0,0,0,0,1,0,0,0,34,0,0,0,0,2,1
72,26 Oct 2025,,darobpsf8kt94ioyj305wq9ec,Federico La Penna,ACF Fiorentina,Bologna FC 1909,R. Orsolini,0,0,2,0,2,1,0,1,21,0,0,0,0,0,0
72,26 Oct 2025,,darobpsf8kt94ioyj305wq9ec,Federico La Penna,ACF Fiorentina,Bologna FC 1909,E. Holm,1,0,0,1,2,2,0,0,29,1,0,0,0,2,2
72,26 Oct 2025,,darobpsf8kt94ioyj305wq9ec,Federico La Penna,ACF Fiorentina,Bologna FC 1909,J. Lucumí,0,0,0,0,1,0,0,0,36,0,0,0,0,0,1
72,26 Oct 2025,,darobpsf8kt94ioyj305wq9ec,Federico La Penna,ACF Fiorentina,Bologna FC 1909,Juan Miranda,0,0,2,4,0,0,0,0,40,0,0,1,1,0,0
72,26 Oct 2025,,darobpsf8kt94ioyj305wq9ec,Federico La Penna,ACF Fiorentina,Bologna FC 1909,T. Heggem,0,0,0,0,1,0,0,0,29,0,0,0,0,3,0
72,26 Oct 2025,,darobpsf8kt94ioyj305wq9ec,Federico La Penna,ACF Fiorentina,Bologna FC 1909,G. Fabbian,0,0,1,1,1,2,0,0,20,0,0,1,0,1,0
72,26 Oct 2025,,darobpsf8kt94ioyj305wq9ec,Federico La Penna,ACF Fiorentina,Bologna FC 1909,S. Castro,0,1,0,0,4,2,1,1,9,0,0,2,1,2,0
72,26 Oct 2025,,darobpsf8kt94ioyj305wq9ec,Federico La Penna,ACF Fiorentina,Bologna FC 1909,N. Cambiaghi,0,0,0,4,0,0,1,0,12,0,0,2,1,1,0
72,26 Oct 2025,,darobpsf8kt94ioyj305wq9ec,Federico La Penna,ACF Fiorentina,Bologna FC 1909,J. Rowe,0,0,0,0,0,1,0,0,2,0,0,0,0,0,1
72,26 Oct 2025,,darobpsf8kt94ioyj305wq9ec,Federico La Penna,ACF Fiorentina,Bologna FC 1909,T. Dallinga,0,0,1,1,2,1,0,0,5,0,0,0,0,0,0
72,26 Oct 2025,,darobpsf8kt94ioyj305wq9ec,Federico La Penna,ACF Fiorentina,Bologna FC 1909,F. Bernardeschi,0,0,0,0,2,0,0,0,3,0,0,0,0,0,0
72,26 Oct 2025,,darobpsf8kt94ioyj305wq9ec,Federico La Penna,ACF Fiorentina,Bologna FC 1909,T. Pobega,0,0,0,0,1,0,0,0,1,0,0,0,0,0,0
72,26 Oct 2025,,darobpsf8kt94ioyj305wq9ec,Federico La Penna,ACF Fiorentina,Bologna FC 1909,N. Casale,0,0,0,0,0,0,0,0,3,0,0,0,0,0,0
73,26 Oct 2025,,db7u0fk0bzsdqr84t6t7chgk4,Andrea Colombo,SS Lazio,Juventus FC,M. Lazzari,0,0,0,0,1,2,0,0,23,0,0,0,0,0,1
73,26 Oct 2025,,db7u0fk0bzsdqr84t6t7chgk4,Andrea Colombo,SS Lazio,Juventus FC,D. Cataldi,1,0,0,2,2,1,0,0,36,0,0,1,0,0,0
73,26 Oct 2025,,db7u0fk0bzsdqr84t6t7chgk4,Andrea Colombo,SS Lazio,Juventus FC,G. Isaksen,0,1,2,2,1,8,0,0,29,0,0,3,0,0,0
73,26 Oct 2025,,db7u0fk0bzsdqr84t6t7chgk4,Andrea Colombo,SS Lazio,Juventus FC,M. Guendouzi,0,1,0,2,2,0,0,0,26,0,0,2,0,0,1
73,26 Oct 2025,,db7u0fk0bzsdqr84t6t7chgk4,Andrea Colombo,SS Lazio,Juventus FC,M. Zaccagni,0,2,0,1,1,2,0,0,24,0,0,3,0,2,0
73,26 Oct 2025,,db7u0fk0bzsdqr84t6t7chgk4,Andrea Colombo,SS Lazio,Juventus FC,T. Bašić,0,0,0,1,1,2,1,0,17,0,0,2,2,0,0
73,26 Oct 2025,,db7u0fk0bzsdqr84t6t7chgk4,Andrea Colombo,SS Lazio,Juventus FC,A. Marušić,0,0,0,0,2,1,0,0,35,0,0,0,0,2,0
73,26 Oct 2025,,db7u0fk0bzsdqr84t6t7chgk4,Andrea Colombo,SS Lazio,Juventus FC,I. Provedel,0,0,0,0,0,1,0,0,38,0,5,0,0,0,0
73,26 Oct 2025,,db7u0fk0bzsdqr84t6t7chgk4,Andrea Colombo,SS Lazio,Juventus FC,Mario Gila,0,0,0,0,0,0,0,0,37,0,0,0,0,1,0
73,26 Oct 2025,,db7u0fk0bzsdqr84t6t7chgk4,Andrea Colombo,SS Lazio,Juventus FC,A. Romagnoli,0,0,0,0,0,1,0,0,37,0,0,0,0,1,0
73,26 Oct 2025,,db7u0fk0bzsdqr84t6t7chgk4,Andrea Colombo,SS Lazio,Juventus FC,B. Dia,0,0,0,0,1,0,0,0,15,0,0,1,1,1,0
73,26 Oct 2025,,db7u0fk0bzsdqr84t6t7chgk4,Andrea Colombo,SS Lazio,Juventus FC,L. Pellegrini,0,0,0,0,0,0,0,0,11,0,0,0,0,1,0
73,26 Oct 2025,,db7u0fk0bzsdqr84t6t7chgk4,Andrea Colombo,SS Lazio,Juventus FC,M. Vecino,0,0,0,0,0,0,0,0,7,0,0,0,0,0,0
73,26 Oct 2025,,db7u0fk0bzsdqr84t6t7chgk4,Andrea Colombo,SS Lazio,Juventus FC,Pedro,0,0,0,0,0,0,0,0,3,0,0,1,0,1,0
73,26 Oct 2025,,db7u0fk0bzsdqr84t6t7chgk4,Andrea Colombo,SS Lazio,Juventus FC,T. Noslin,0,0,0,0,0,0,0,0,5,0,0,0,0,0,0
73,26 Oct 2025,,db7u0fk0bzsdqr84t6t7chgk4,Andrea Colombo,SS Lazio,Juventus FC,J. David,0,1,0,0,0,1,0,0,17,0,0,2,1,1,0
73,26 Oct 2025,,db7u0fk0bzsdqr84t6t7chgk4,Andrea Colombo,SS Lazio,Juventus FC,M. Perin,0,0,0,0,0,0,0,0,15,0,2,0,0,0,0
73,26 Oct 2025,,db7u0fk0bzsdqr84t6t7chgk4,Andrea Colombo,SS Lazio,Juventus FC,W. McKennie,0,0,0,2,2,0,0,0,44,0,0,1,0,1,1
73,26 Oct 2025,,db7u0fk0bzsdqr84t6t7chgk4,Andrea Colombo,SS Lazio,Juventus FC,M. Locatelli,0,1,0,0,3,3,0,0,86,0,0,2,1,2,1
73,26 Oct 2025,,db7u0fk0bzsdqr84t6t7chgk4,Andrea Colombo,SS Lazio,Juventus FC,P. Kalulu,0,0,0,0,1,1,0,0,58,0,0,0,0,2,0
73,26 Oct 2025,,db7u0fk0bzsdqr84t6t7chgk4,Andrea Colombo,SS Lazio,Juventus FC,T. Koopmeiners,0,1,1,3,3,0,0,0,24,0,0,1,0,1,1
73,26 Oct 2025,,db7u0fk0bzsdqr84t6t7chgk4,Andrea Colombo,SS Lazio,Juventus FC,A. Cambiaso,0,0,0,7,1,0,0,0,25,0,0,1,0,0,0
73,26 Oct 2025,,db7u0fk0bzsdqr84t6t7chgk4,Andrea Colombo,SS Lazio,Juventus FC,D. Vlahović,0,1,0,1,0,1,0,1,17,0,0,3,0,0,0
73,26 Oct 2025,,db7u0fk0bzsdqr84t6t7chgk4,Andrea Colombo,SS Lazio,Juventus FC,F. Gatti,0,0,0,0,0,0,0,0,77,0,0,0,0,2,0
73,26 Oct 2025,,db7u0fk0bzsdqr84t6t7chgk4,Andrea Colombo,SS Lazio,Juventus FC,L. Kelly,0,0,0,1,4,0,0,1,70,0,0,0,0,1,1
73,26 Oct 2025,,db7u0fk0bzsdqr84t6t7chgk4,Andrea Colombo,SS Lazio,Juventus FC,Francisco Conceição,0,0,1,10,2,1,0,0,23,0,0,1,0,2,0
73,26 Oct 2025,,db7u0fk0bzsdqr84t6t7chgk4,Andrea Colombo,SS Lazio,Juventus FC,K. Yıldız,0,0,1,1,0,2,0,0,9,0,0,1,1,0,0
73,26 Oct 2025,,db7u0fk0bzsdqr84t6t7chgk4,Andrea Colombo,SS Lazio,Juventus FC,F. Kostić,0,0,1,7,0,0,0,0,16,0,0,0,0,0,0
73,26 Oct 2025,,db7u0fk0bzsdqr84t6t7chgk4,Andrea Colombo,SS Lazio,Juventus FC,K. Thuram,0,0,0,0,1,0,0,0,14,0,0,2,2,0,0
73,26 Oct 2025,,db7u0fk0bzsdqr84t6t7chgk4,Andrea Colombo,SS Lazio,Juventus FC,L. Openda,0,0,0,0,0,2,0,0,0,0,0,0,0,0,0
73,26 Oct 2025,,db7u0fk0bzsdqr84t6t7chgk4,Andrea Colombo,SS Lazio,Juventus FC,João Mário,0,0,1,2,1,0,0,0,3,0,0,0,0,0,0
74,24 Oct 2025,,dbm5cdzyy5io7ip09r4fqp0r8,Luca Zufferli,AC Milan,Pisa Sporting Club,L. Modrić,1,0,0,5,0,2,0,0,104,0,0,1,0,2,0
74,24 Oct 2025,,dbm5cdzyy5io7ip09r4fqp0r8,Luca Zufferli,AC Milan,Pisa Sporting Club,M. Gabbia,0,0,0,1,1,0,0,0,61,0,0,2,1,1,0
74,24 Oct 2025,,dbm5cdzyy5io7ip09r4fqp0r8,Luca Zufferli,AC Milan,Pisa Sporting Club,K. De Winter,0,0,0,0,3,1,0,0,72,0,0,1,0,3,0
74,24 Oct 2025,,dbm5cdzyy5io7ip09r4fqp0r8,Luca Zufferli,AC Milan,Pisa Sporting Club,D. Bartesaghi,0,1,1,6,1,2,0,0,33,0,0,2,1,2,0
74,24 Oct 2025,,dbm5cdzyy5io7ip09r4fqp0r8,Luca Zufferli,AC Milan,Pisa Sporting Club,S. Pavlović,0,0,0,2,0,0,0,0,66,0,0,0,0,1,0
74,24 Oct 2025,,dbm5cdzyy5io7ip09r4fqp0r8,Luca Zufferli,AC Milan,Pisa Sporting Club,Y. Fofana,0,1,1,0,0,3,0,0,66,0,0,2,1,0,0
74,24 Oct 2025,,dbm5cdzyy5io7ip09r4fqp0r8,Luca Zufferli,AC Milan,Pisa Sporting Club,S. Ricci,1,1,0,0,0,2,0,0,63,0,0,2,0,1,0
74,24 Oct 2025,,dbm5cdzyy5io7ip09r4fqp0r8,Luca Zufferli,AC Milan,Pisa Sporting Club,A. Saelemaekers,0,0,2,4,0,3,0,1,59,0,0,3,1,3,0
74,24 Oct 2025,,dbm5cdzyy5io7ip09r4fqp0r8,Luca Zufferli,AC Milan,Pisa Sporting Club,S. Giménez,0,0,0,0,2,0,0,1,10,0,0,1,0,1,0
74,24 Oct 2025,,dbm5cdzyy5io7ip09r4fqp0r8,Luca Zufferli,AC Milan,Pisa Sporting Club,Rafael Leão,0,1,1,1,0,5,1,0,45,0,0,4,2,0,0
74,24 Oct 2025,,dbm5cdzyy5io7ip09r4fqp0r8,Luca Zufferli,AC Milan,Pisa Sporting Club,M. Maignan,0,0,0,0,0,0,0,0,28,0,0,0,0,0,0
74,24 Oct 2025,,dbm5cdzyy5io7ip09r4fqp0r8,Luca Zufferli,AC Milan,Pisa Sporting Club,Z. Athekame,0,0,1,2,1,0,1,0,7,0,0,1,1,0,1
74,24 Oct 2025,,dbm5cdzyy5io7ip09r4fqp0r8,Luca Zufferli,AC Milan,Pisa Sporting Club,C. Nkunku,0,1,0,0,0,1,0,0,6,0,0,1,0,0,0
74,24 Oct 2025,,dbm5cdzyy5io7ip09r4fqp0r8,Luca Zufferli,AC Milan,Pisa Sporting Club,Raúl Albiol,0,0,0,0,0,0,0,0,20,0,0,0,0,0,0
74,24 Oct 2025,,dbm5cdzyy5io7ip09r4fqp0r8,Luca Zufferli,AC Milan,Pisa Sporting Club,A. Šemper,0,0,0,0,0,0,0,0,20,0,5,0,0,0,0
74,24 Oct 2025,,dbm5cdzyy5io7ip09r4fqp0r8,Luca Zufferli,AC Milan,Pisa Sporting Club,A. Caracciolo,0,1,1,0,1,0,0,0,35,0,0,1,0,3,0
74,24 Oct 2025,,dbm5cdzyy5io7ip09r4fqp0r8,Luca Zufferli,AC Milan,Pisa Sporting Club,G. Bonfanti,0,0,0,1,0,0,0,0,9,0,0,1,0,0,0
74,24 Oct 2025,,dbm5cdzyy5io7ip09r4fqp0r8,Luca Zufferli,AC Milan,Pisa Sporting Club,M'Bala Nzola,0,0,0,1,1,2,1,0,15,0,0,1,1,0,1
74,24 Oct 2025,,dbm5cdzyy5io7ip09r4fqp0r8,Luca Zufferli,AC Milan,Pisa Sporting Club,E. Akinsanmiro,1,0,0,1,8,0,0,1,30,0,0,1,0,1,0
74,24 Oct 2025,,dbm5cdzyy5io7ip09r4fqp0r8,Luca Zufferli,AC Milan,Pisa Sporting Club,M. Aebischer,0,0,0,2,3,1,0,0,42,0,0,0,0,3,1
74,24 Oct 2025,,dbm5cdzyy5io7ip09r4fqp0r8,Luca Zufferli,AC Milan,Pisa Sporting Club,S. Canestrelli,0,0,0,1,3,0,0,0,32,0,0,0,0,4,0
74,24 Oct 2025,,dbm5cdzyy5io7ip09r4fqp0r8,Luca Zufferli,AC Milan,Pisa Sporting Club,I. Touré,0,0,1,4,1,2,0,0,19,0,0,0,0,2,0
74,24 Oct 2025,,dbm5cdzyy5io7ip09r4fqp0r8,Luca Zufferli,AC Milan,Pisa Sporting Club,M. Tramoni,0,0,0,1,2,0,0,0,15,0,0,1,0,3,0
74,24 Oct 2025,,dbm5cdzyy5io7ip09r4fqp0r8,Luca Zufferli,AC Milan,Pisa Sporting Club,H. Meister,0,0,0,0,0,1,0,0,4,0,0,0,0,0,0
74,24 Oct 2025,,dbm5cdzyy5io7ip09r4fqp0r8,Luca Zufferli,AC Milan,Pisa Sporting Club,J. Cuadrado,0,2,0,0,0,0,1,0,25,0,0,3,1,1,0
74,24 Oct 2025,,dbm5cdzyy5io7ip09r4fqp0r8,Luca Zufferli,AC Milan,Pisa Sporting Club,A. Calabresi,0,0,0,0,0,0,0,0,17,0,0,0,0,1,0
74,24 Oct 2025,,dbm5cdzyy5io7ip09r4fqp0r8,Luca Zufferli,AC Milan,Pisa Sporting Club,İ. Vural,0,0,0,0,1,0,0,0,7,0,0,0,0,2,1
74,24 Oct 2025,,dbm5cdzyy5io7ip09r4fqp0r8,Luca Zufferli,AC Milan,Pisa Sporting Club,S. Moreo,0,0,0,0,1,0,0,0,1,0,0,0,0,0,0
75,25 Oct 2025,,dc0ileeq572dt6lk7j3q6n1n8,Maurizio Mariani,SSC Napoli,FC Internazionale Milano,K. De Bruyne,0,0,0,0,0,0,1,0,11,0,0,1,1,0,0
75,25 Oct 2025,,dc0ileeq572dt6lk7j3q6n1n8,Maurizio Mariani,SSC Napoli,FC Internazionale Milano,V. Milinković-Savić,0,0,0,0,0,0,0,0,45,0,2,0,0,0,0
75,25 Oct 2025,,dc0ileeq572dt6lk7j3q6n1n8,Maurizio Mariani,SSC Napoli,FC Internazionale Milano,B. Gilmour,0,0,0,0,1,0,0,0,51,0,0,1,0,1,1
75,25 Oct 2025,,dc0ileeq572dt6lk7j3q6n1n8,Maurizio Mariani,SSC Napoli,FC Internazionale Milano,A. Buongiorno,0,0,0,0,3,2,0,0,41,0,0,0,0,0,0
75,25 Oct 2025,,dc0ileeq572dt6lk7j3q6n1n8,Maurizio Mariani,SSC Napoli,FC Internazionale Milano,G. Di Lorenzo,0,0,1,0,1,2,0,0,48,0,0,0,0,1,1
75,25 Oct 2025,,dc0ileeq572dt6lk7j3q6n1n8,Maurizio Mariani,SSC Napoli,FC Internazionale Milano,F. Anguissa,0,0,0,2,0,1,1,0,31,0,0,1,1,2,0
75,25 Oct 2025,,dc0ileeq572dt6lk7j3q6n1n8,Maurizio Mariani,SSC Napoli,FC Internazionale Milano,M. Politano,0,0,0,1,1,2,0,0,29,0,0,0,0,1,0
75,25 Oct 2025,,dc0ileeq572dt6lk7j3q6n1n8,Maurizio Mariani,SSC Napoli,FC Internazionale Milano,L. Spinazzola,1,1,0,1,0,0,0,0,38,0,0,1,0,0,0
75,25 Oct 2025,,dc0ileeq572dt6lk7j3q6n1n8,Maurizio Mariani,SSC Napoli,FC Internazionale Milano,S. McTominay,0,0,0,0,1,2,1,1,24,0,0,1,1,0,0
75,25 Oct 2025,,dc0ileeq572dt6lk7j3q6n1n8,Maurizio Mariani,SSC Napoli,FC Internazionale Milano,David Neres,1,2,0,2,3,0,0,0,25,0,0,2,0,1,0
75,25 Oct 2025,,dc0ileeq572dt6lk7j3q6n1n8,Maurizio Mariani,SSC Napoli,FC Internazionale Milano,Juan Jesus,0,0,0,0,4,0,0,0,41,0,0,0,0,4,0
75,25 Oct 2025,,dc0ileeq572dt6lk7j3q6n1n8,Maurizio Mariani,SSC Napoli,FC Internazionale Milano,M. Olivera,0,0,0,0,0,0,0,0,22,0,0,0,0,2,0
75,25 Oct 2025,,dc0ileeq572dt6lk7j3q6n1n8,Maurizio Mariani,SSC Napoli,FC Internazionale Milano,N. Lang,0,0,0,0,0,1,0,0,7,0,0,0,0,0,0
75,25 Oct 2025,,dc0ileeq572dt6lk7j3q6n1n8,Maurizio Mariani,SSC Napoli,FC Internazionale Milano,E. Elmas,0,0,0,0,0,0,0,0,3,0,0,0,0,0,0
75,25 Oct 2025,,dc0ileeq572dt6lk7j3q6n1n8,Maurizio Mariani,SSC Napoli,FC Internazionale Milano,S. Beukema,0,0,0,0,1,0,0,0,0,0,0,0,0,0,0
75,25 Oct 2025,,dc0ileeq572dt6lk7j3q6n1n8,Maurizio Mariani,SSC Napoli,FC Internazionale Milano,Miguel Gutiérrez,0,0,0,0,0,0,0,0,3,0,0,0,0,0,0
75,25 Oct 2025,,dc0ileeq572dt6lk7j3q6n1n8,Maurizio Mariani,SSC Napoli,FC Internazionale Milano,F. Acerbi,0,0,0,0,1,1,0,0,73,0,0,0,0,0,0
75,25 Oct 2025,,dc0ileeq572dt6lk7j3q6n1n8,Maurizio Mariani,SSC Napoli,FC Internazionale Milano,Y. Sommer,0,0,0,0,0,0,0,0,43,0,0,0,0,0,0
75,25 Oct 2025,,dc0ileeq572dt6lk7j3q6n1n8,Maurizio Mariani,SSC Napoli,FC Internazionale Milano,L. Martínez,0,2,0,1,1,1,0,1,14,0,0,4,1,0,0
75,25 Oct 2025,,dc0ileeq572dt6lk7j3q6n1n8,Maurizio Mariani,SSC Napoli,FC Internazionale Milano,H. Mkhitaryan,0,0,0,1,1,0,0,0,6,0,0,0,0,1,0
75,25 Oct 2025,,dc0ileeq572dt6lk7j3q6n1n8,Maurizio Mariani,SSC Napoli,FC Internazionale Milano,H. Çalhanoğlu,0,0,0,2,0,0,1,0,67,0,0,4,2,1,0
75,25 Oct 2025,,dc0ileeq572dt6lk7j3q6n1n8,Maurizio Mariani,SSC Napoli,FC Internazionale Milano,M. Akanji,0,0,0,2,0,0,0,0,74,0,0,0,0,3,0
75,25 Oct 2025,,dc0ileeq572dt6lk7j3q6n1n8,Maurizio Mariani,SSC Napoli,FC Internazionale Milano,A. Bastoni,0,0,0,3,2,1,0,0,77,0,0,1,0,0,1
75,25 Oct 2025,,dc0ileeq572dt6lk7j3q6n1n8,Maurizio Mariani,SSC Napoli,FC Internazionale Milano,A. Bonny,0,0,1,0,1,3,0,0,11,0,0,1,0,1,0
75,25 Oct 2025,,dc0ileeq572dt6lk7j3q6n1n8,Maurizio Mariani,SSC Napoli,FC Internazionale Milano,D. Dumfries,0,0,0,0,0,2,0,0,20,0,0,1,0,1,0
75,25 Oct 2025,,dc0ileeq572dt6lk7j3q6n1n8,Maurizio Mariani,SSC Napoli,FC Internazionale Milano,N. Barella,0,0,0,1,1,0,0,0,27,0,0,1,0,0,0
75,25 Oct 2025,,dc0ileeq572dt6lk7j3q6n1n8,Maurizio Mariani,SSC Napoli,FC Internazionale Milano,F. Dimarco,0,0,2,10,1,2,0,0,45,0,0,0,0,1,0
75,25 Oct 2025,,dc0ileeq572dt6lk7j3q6n1n8,Maurizio Mariani,SSC Napoli,FC Internazionale Milano,P. Zieliński,0,1,1,1,0,1,0,0,44,0,0,1,0,0,0
75,25 Oct 2025,,dc0ileeq572dt6lk7j3q6n1n8,Maurizio Mariani,SSC Napoli,FC Internazionale Milano,F. Esposito,0,0,0,0,1,3,0,0,5,0,0,1,0,0,0
75,25 Oct 2025,,dc0ileeq572dt6lk7j3q6n1n8,Maurizio Mariani,SSC Napoli,FC Internazionale Milano,Luis Henrique,0,0,0,1,0,0,0,0,16,0,0,1,0,1,0
75,25 Oct 2025,,dc0ileeq572dt6lk7j3q6n1n8,Maurizio Mariani,SSC Napoli,FC Internazionale Milano,D. Frattesi,0,0,0,0,0,0,0,0,4,0,0,0,0,0,0
75,25 Oct 2025,,dc0ileeq572dt6lk7j3q6n1n8,Maurizio Mariani,SSC Napoli,FC Internazionale Milano,P. Sučić,0,0,0,0,1,0,0,0,10,0,0,0,0,0,0
1,24 Aug 2025,,chhs4jqieq3l8wyuww0wt8h78,Alberto Ruben Arena,Atalanta Bergamasca Calcio,Pisa Sporting Club,G. Scamacca,0,0,1,0,0,2,1,0,20,0,0,7,4,1,0
1,24 Aug 2025,,chhs4jqieq3l8wyuww0wt8h78,Alberto Ruben Arena,Atalanta Bergamasca Calcio,Pisa Sporting Club,M. Pašalić,1,0,0,0,0,0,0,0,50,0,0,0,0,1,0
1,24 Aug 2025,,chhs4jqieq3l8wyuww0wt8h78,Alberto Ruben Arena,Atalanta Bergamasca Calcio,Pisa Sporting Club,M. de Roon,0,1,0,0,1,0,0,0,79,0,0,2,0,0,0
1,24 Aug 2025,,chhs4jqieq3l8wyuww0wt8h78,Alberto Ruben Arena,Atalanta Bergamasca Calcio,Pisa Sporting Club,I. Hien,0,0,0,0,1,3,0,0,50,0,0,0,0,3,0
1,24 Aug 2025,,chhs4jqieq3l8wyuww0wt8h78,Alberto Ruben Arena,Atalanta Bergamasca Calcio,Pisa Sporting Club,G. Scalvini,0,0,0,0,3,1,0,0,59,0,0,1,0,1,0
1,24 Aug 2025,,chhs4jqieq3l8wyuww0wt8h78,Alberto Ruben Arena,Atalanta Bergamasca Calcio,Pisa Sporting Club,C. De Ketelaere,0,1,4,3,0,0,0,0,41,0,0,3,0,0,0
1,24 Aug 2025,,chhs4jqieq3l8wyuww0wt8h78,Alberto Ruben Arena,Atalanta Bergamasca Calcio,Pisa Sporting Club,B. Djimsiti,0,0,0,0,1,0,0,0,82,0,0,1,0,2,0
1,24 Aug 2025,,chhs4jqieq3l8wyuww0wt8h78,Alberto Ruben Arena,Atalanta Bergamasca Calcio,Pisa Sporting Club,M. Carnesecchi,0,0,0,0,0,0,0,0,28,0,2,0,0,0,0
1,24 Aug 2025,,chhs4jqieq3l8wyuww0wt8h78,Alberto Ruben Arena,Atalanta Bergamasca Calcio,Pisa Sporting Club,N. Zalewski,0,0,0,10,0,1,0,0,36,0,0,1,0,1,0
1,24 Aug 2025,,chhs4jqieq3l8wyuww0wt8h78,Alberto Ruben Arena,Atalanta Bergamasca Calcio,Pisa Sporting Club,R. Bellanova,0,1,2,16,0,1,0,0,34,0,0,3,1,2,0
1,24 Aug 2025,,chhs4jqieq3l8wyuww0wt8h78,Alberto Ruben Arena,Atalanta Bergamasca Calcio,Pisa Sporting Club,D. Maldini,0,0,2,2,1,2,0,0,19,0,0,3,1,0,1
1,24 Aug 2025,,chhs4jqieq3l8wyuww0wt8h78,Alberto Ruben Arena,Atalanta Bergamasca Calcio,Pisa Sporting Club,Éderson,0,0,1,0,1,0,0,0,20,0,0,0,0,0,0
1,24 Aug 2025,,chhs4jqieq3l8wyuww0wt8h78,Alberto Ruben Arena,Atalanta Bergamasca Calcio,Pisa Sporting Club,K. Sulemana,0,0,0,1,1,0,0,0,14,0,0,0,0,1,1
1,24 Aug 2025,,chhs4jqieq3l8wyuww0wt8h78,Alberto Ruben Arena,Atalanta Bergamasca Calcio,Pisa Sporting Club,N. Krstović,0,0,0,0,0,0,0,0,11,0,0,0,0,0,0
1,24 Aug 2025,,chhs4jqieq3l8wyuww0wt8h78,Alberto Ruben Arena,Atalanta Bergamasca Calcio,Pisa Sporting Club,L. Samardžić,0,0,0,0,0,0,0,0,7,0,0,0,0,0,0
1,24 Aug 2025,,chhs4jqieq3l8wyuww0wt8h78,Alberto Ruben Arena,Atalanta Bergamasca Calcio,Pisa Sporting Club,O. Kossounou,0,0,0,0,0,0,0,0,2,0,0,0,0,0,0
1,24 Aug 2025,,chhs4jqieq3l8wyuww0wt8h78,Alberto Ruben Arena,Atalanta Bergamasca Calcio,Pisa Sporting Club,A. Caracciolo,0,0,0,0,2,0,0,0,23,0,0,1,0,3,0
1,24 Aug 2025,,chhs4jqieq3l8wyuww0wt8h78,Alberto Ruben Arena,Atalanta Bergamasca Calcio,Pisa Sporting Club,S. Moreo,0,0,1,1,0,1,0,0,18,0,0,2,1,0,0
1,24 Aug 2025,,chhs4jqieq3l8wyuww0wt8h78,Alberto Ruben Arena,Atalanta Bergamasca Calcio,Pisa Sporting Club,M. Aebischer,0,1,1,0,0,0,0,0,40,0,0,2,0,0,0
1,24 Aug 2025,,chhs4jqieq3l8wyuww0wt8h78,Alberto Ruben Arena,Atalanta Bergamasca Calcio,Pisa Sporting Club,I. Touré,0,1,0,1,0,0,0,0,25,0,0,3,0,2,0
1,24 Aug 2025,,chhs4jqieq3l8wyuww0wt8h78,Alberto Ruben Arena,Atalanta Bergamasca Calcio,Pisa Sporting Club,M. Marin,0,0,1,3,1,0,0,0,23,0,0,0,0,1,0
1,24 Aug 2025,,chhs4jqieq3l8wyuww0wt8h78,Alberto Ruben Arena,Atalanta Bergamasca Calcio,Pisa Sporting Club,H. Meister,0,0,1,0,1,0,0,0,7,0,0,0,0,0,0
1,24 Aug 2025,,chhs4jqieq3l8wyuww0wt8h78,Alberto Ruben Arena,Atalanta Bergamasca Calcio,Pisa Sporting Club,M. Tramoni,0,0,0,2,1,2,0,0,12,0,0,1,1,0,0
1,24 Aug 2025,,chhs4jqieq3l8wyuww0wt8h78,Alberto Ruben Arena,Atalanta Bergamasca Calcio,Pisa Sporting Club,S. Angori,0,0,0,6,0,1,0,0,12,0,0,1,0,2,0
1,24 Aug 2025,,chhs4jqieq3l8wyuww0wt8h78,Alberto Ruben Arena,Atalanta Bergamasca Calcio,Pisa Sporting Club,S. Canestrelli,0,0,0,0,0,0,0,0,35,0,0,0,0,2,0
1,24 Aug 2025,,chhs4jqieq3l8wyuww0wt8h78,Alberto Ruben Arena,Atalanta Bergamasca Calcio,Pisa Sporting Club,A. Šemper,0,0,0,0,0,0,0,0,41,0,5,0,0,0,0
1,24 Aug 2025,,chhs4jqieq3l8wyuww0wt8h78,Alberto Ruben Arena,Atalanta Bergamasca Calcio,Pisa Sporting Club,D. Denoon,0,0,0,0,2,1,0,0,19,0,0,0,0,3,0
1,24 Aug 2025,,chhs4jqieq3l8wyuww0wt8h78,Alberto Ruben Arena,Atalanta Bergamasca Calcio,Pisa Sporting Club,M'Bala Nzola,0,0,0,0,3,1,0,2,14,0,0,0,0,0,0
1,24 Aug 2025,,chhs4jqieq3l8wyuww0wt8h78,Alberto Ruben Arena,Atalanta Bergamasca Calcio,Pisa Sporting Club,J. Cuadrado,0,0,0,2,0,1,0,0,3,0,0,0,0,2,0
1,24 Aug 2025,,chhs4jqieq3l8wyuww0wt8h78,Alberto Ruben Arena,Atalanta Bergamasca Calcio,Pisa Sporting Club,E. Akinsanmiro,0,1,0,0,0,0,0,0,8,0,0,1,0,2,0
1,24 Aug 2025,,chhs4jqieq3l8wyuww0wt8h78,Alberto Ruben Arena,Atalanta Bergamasca Calcio,Pisa Sporting Club,A. Calabresi,0,0,0,0,0,0,0,0,4,0,0,0,0,0,0
1,24 Aug 2025,,chhs4jqieq3l8wyuww0wt8h78,Alberto Ruben Arena,Atalanta Bergamasca Calcio,Pisa Sporting Club,G. Piccinini,0,0,0,0,0,0,0,0,5,0,0,0,0,0,0
2,24 Aug 2025,,ci2kxxx76lbrwh0aw8wl24avo,Simone Sozza,Cagliari Calcio,ACF Fiorentina,M. Prati,0,0,0,0,2,1,0,0,27,0,0,0,0,0,0
2,24 Aug 2025,,ci2kxxx76lbrwh0aw8wl24avo,Simone Sozza,Cagliari Calcio,ACF Fiorentina,E. Caprile,0,0,0,0,0,0,0,0,23,0,0,0,0,0,0
2,24 Aug 2025,,ci2kxxx76lbrwh0aw8wl24avo,Simone Sozza,Cagliari Calcio,ACF Fiorentina,G. Borrelli,0,0,1,0,4,5,0,1,9,0,0,2,1,2,1
2,24 Aug 2025,,ci2kxxx76lbrwh0aw8wl24avo,Simone Sozza,Cagliari Calcio,ACF Fiorentina,Y. Mina,0,0,0,0,2,2,0,0,53,0,0,1,0,2,0
2,24 Aug 2025,,ci2kxxx76lbrwh0aw8wl24avo,Simone Sozza,Cagliari Calcio,ACF Fiorentina,S. Luperto,0,0,0,0,1,0,1,0,35,0,0,1,1,1,0
2,24 Aug 2025,,ci2kxxx76lbrwh0aw8wl24avo,Simone Sozza,Cagliari Calcio,ACF Fiorentina,A. Obert,0,0,0,1,3,0,0,0,27,0,0,0,0,3,1
2,24 Aug 2025,,ci2kxxx76lbrwh0aw8wl24avo,Simone Sozza,Cagliari Calcio,ACF Fiorentina,G. Zappa,0,0,0,1,0,0,0,0,45,0,0,1,0,1,0
2,24 Aug 2025,,ci2kxxx76lbrwh0aw8wl24avo,Simone Sozza,Cagliari Calcio,ACF Fiorentina,M. Adopo,0,0,0,2,1,0,0,0,36,0,0,0,0,1,0
2,24 Aug 2025,,ci2kxxx76lbrwh0aw8wl24avo,Simone Sozza,Cagliari Calcio,ACF Fiorentina,S. Esposito,0,0,0,4,2,3,0,0,16,0,0,2,0,0,0
2,24 Aug 2025,,ci2kxxx76lbrwh0aw8wl24avo,Simone Sozza,Cagliari Calcio,ACF Fiorentina,M. Folorunsho,0,0,0,2,0,0,0,0,19,0,0,2,1,0,0
2,24 Aug 2025,,ci2kxxx76lbrwh0aw8wl24avo,Simone Sozza,Cagliari Calcio,ACF Fiorentina,A. Deiola,0,0,2,1,1,0,0,0,28,0,0,0,0,2,0
2,24 Aug 2025,,ci2kxxx76lbrwh0aw8wl24avo,Simone Sozza,Cagliari Calcio,ACF Fiorentina,Zito Luvumbo,0,0,0,1,0,2,0,0,6,0,0,3,2,0,0
2,24 Aug 2025,,ci2kxxx76lbrwh0aw8wl24avo,Simone Sozza,Cagliari Calcio,ACF Fiorentina,L. Mazzitelli,0,0,0,1,1,0,0,0,11,0,0,0,0,0,1
2,24 Aug 2025,,ci2kxxx76lbrwh0aw8wl24avo,Simone Sozza,Cagliari Calcio,ACF Fiorentina,G. Gaetano,1,1,0,0,0,1,0,0,11,0,0,2,1,0,0
2,24 Aug 2025,,ci2kxxx76lbrwh0aw8wl24avo,Simone Sozza,Cagliari Calcio,ACF Fiorentina,R. Idrissi,0,0,0,0,0,0,0,0,8,0,0,0,0,0,0
2,24 Aug 2025,,ci2kxxx76lbrwh0aw8wl24avo,Simone Sozza,Cagliari Calcio,ACF Fiorentina,S. Kılıçsoy,0,0,0,0,1,0,0,0,2,0,0,0,0,0,1
2,24 Aug 2025,,ci2kxxx76lbrwh0aw8wl24avo,Simone Sozza,Cagliari Calcio,ACF Fiorentina,S. Sohm,0,0,0,1,1,3,0,0,38,0,0,0,0,2,0
2,24 Aug 2025,,ci2kxxx76lbrwh0aw8wl24avo,Simone Sozza,Cagliari Calcio,ACF Fiorentina,P. Comuzzo,0,0,0,0,0,0,0,0,24,0,0,0,0,1,0
2,24 Aug 2025,,ci2kxxx76lbrwh0aw8wl24avo,Simone Sozza,Cagliari Calcio,ACF Fiorentina,N. Fagioli,0,0,2,2,0,1,0,0,71,0,0,1,0,2,0
2,24 Aug 2025,,ci2kxxx76lbrwh0aw8wl24avo,Simone Sozza,Cagliari Calcio,ACF Fiorentina,L. Ranieri,0,0,0,0,1,1,0,0,39,0,0,0,0,1,0
2,24 Aug 2025,,ci2kxxx76lbrwh0aw8wl24avo,Simone Sozza,Cagliari Calcio,ACF Fiorentina,David de Gea,0,0,0,0,0,0,0,0,32,0,4,0,0,0,0
2,24 Aug 2025,,ci2kxxx76lbrwh0aw8wl24avo,Simone Sozza,Cagliari Calcio,ACF Fiorentina,M. Pongračić,0,0,0,1,4,2,0,0,66,0,0,0,0,3,1
2,24 Aug 2025,,ci2kxxx76lbrwh0aw8wl24avo,Simone Sozza,Cagliari Calcio,ACF Fiorentina,R. Gosens,0,0,0,0,0,0,0,1,30,0,0,0,0,0,0
2,24 Aug 2025,,ci2kxxx76lbrwh0aw8wl24avo,Simone Sozza,Cagliari Calcio,ACF Fiorentina,Dodô,0,0,0,2,0,2,0,0,24,0,0,0,0,0,0
2,24 Aug 2025,,ci2kxxx76lbrwh0aw8wl24avo,Simone Sozza,Cagliari Calcio,ACF Fiorentina,C. Ndour,0,0,0,0,1,2,0,0,25,0,0,0,0,1,0
2,24 Aug 2025,,ci2kxxx76lbrwh0aw8wl24avo,Simone Sozza,Cagliari Calcio,ACF Fiorentina,M. Kean,0,0,0,0,0,2,0,2,3,0,0,1,0,0,0
2,24 Aug 2025,,ci2kxxx76lbrwh0aw8wl24avo,Simone Sozza,Cagliari Calcio,ACF Fiorentina,A. Guðmundsson,1,0,0,1,3,1,0,1,19,0,0,0,0,0,0
2,24 Aug 2025,,ci2kxxx76lbrwh0aw8wl24avo,Simone Sozza,Cagliari Calcio,ACF Fiorentina,M. Viti,0,0,0,0,1,0,0,0,29,0,0,0,0,5,0
2,24 Aug 2025,,ci2kxxx76lbrwh0aw8wl24avo,Simone Sozza,Cagliari Calcio,ACF Fiorentina,R. Mandragora,0,0,0,1,1,3,1,0,19,0,0,1,1,2,0
2,24 Aug 2025,,ci2kxxx76lbrwh0aw8wl24avo,Simone Sozza,Cagliari Calcio,ACF Fiorentina,Pablo Marí,0,0,0,0,2,0,0,0,10,0,0,0,0,0,1
2,24 Aug 2025,,ci2kxxx76lbrwh0aw8wl24avo,Simone Sozza,Cagliari Calcio,ACF Fiorentina,J. Fazzini,0,1,0,1,0,1,0,0,5,0,0,1,0,1,0
2,24 Aug 2025,,ci2kxxx76lbrwh0aw8wl24avo,Simone Sozza,Cagliari Calcio,ACF Fiorentina,F. Parisi,0,0,0,0,0,0,0,0,5,0,0,0,0,0,0
3,24 Aug 2025,,cijyabwrwwuazjxynj4k53yfo,Gianluca Manganiello,Calcio Como 1907,SS Lazio,N. Paz,1,0,0,0,2,1,1,0,39,0,0,4,2,2,1
3,24 Aug 2025,,cijyabwrwwuazjxynj4k53yfo,Gianluca Manganiello,Calcio Como 1907,SS Lazio,M. Perrone,0,0,0,0,0,0,0,0,60,0,0,1,0,4,0
3,24 Aug 2025,,cijyabwrwwuazjxynj4k53yfo,Gianluca Manganiello,Calcio Como 1907,SS Lazio,L. da Cunha,0,0,2,6,0,1,0,0,61,0,0,2,1,1,0
3,24 Aug 2025,,cijyabwrwwuazjxynj4k53yfo,Gianluca Manganiello,Calcio Como 1907,SS Lazio,Jesús Rodríguez,0,0,2,0,0,3,0,0,27,0,0,1,0,0,0
3,24 Aug 2025,,cijyabwrwwuazjxynj4k53yfo,Gianluca Manganiello,Calcio Como 1907,SS Lazio,Jacobo Ramón,0,0,0,0,0,0,0,0,74,0,0,2,0,4,0
3,24 Aug 2025,,cijyabwrwwuazjxynj4k53yfo,Gianluca Manganiello,Calcio Como 1907,SS Lazio,M. Kempf,0,0,0,0,1,0,0,0,73,0,0,1,0,0,0
3,24 Aug 2025,,cijyabwrwwuazjxynj4k53yfo,Gianluca Manganiello,Calcio Como 1907,SS Lazio,M. Vojvoda,0,0,0,7,3,1,0,0,41,0,0,4,2,1,0
3,24 Aug 2025,,cijyabwrwwuazjxynj4k53yfo,Gianluca Manganiello,Calcio Como 1907,SS Lazio,Álex Valle,0,0,1,2,3,0,0,0,51,0,0,0,0,4,0
3,24 Aug 2025,,cijyabwrwwuazjxynj4k53yfo,Gianluca Manganiello,Calcio Como 1907,SS Lazio,J. Butez,0,0,0,0,0,0,0,0,37,0,1,0,0,0,0
3,24 Aug 2025,,cijyabwrwwuazjxynj4k53yfo,Gianluca Manganiello,Calcio Como 1907,SS Lazio,T. Douvikas,0,1,1,0,1,1,1,0,16,0,0,2,1,0,0
3,24 Aug 2025,,cijyabwrwwuazjxynj4k53yfo,Gianluca Manganiello,Calcio Como 1907,SS Lazio,I. Van der Brempt,0,0,0,0,4,1,0,0,25,0,0,0,0,4,1
3,24 Aug 2025,,cijyabwrwwuazjxynj4k53yfo,Gianluca Manganiello,Calcio Como 1907,SS Lazio,Álvaro Morata,0,0,0,0,0,3,0,0,4,0,0,1,0,2,0
3,24 Aug 2025,,cijyabwrwwuazjxynj4k53yfo,Gianluca Manganiello,Calcio Como 1907,SS Lazio,I. Smolčić,0,0,0,0,0,0,0,0,9,0,0,0,0,3,0
3,24 Aug 2025,,cijyabwrwwuazjxynj4k53yfo,Gianluca Manganiello,Calcio Como 1907,SS Lazio,Sergi Roberto,0,0,0,0,1,0,0,0,13,0,0,0,0,0,0
3,24 Aug 2025,,cijyabwrwwuazjxynj4k53yfo,Gianluca Manganiello,Calcio Como 1907,SS Lazio,M. Caqueret,0,0,0,0,0,1,0,0,7,0,0,1,0,0,0
3,24 Aug 2025,,cijyabwrwwuazjxynj4k53yfo,Gianluca Manganiello,Calcio Como 1907,SS Lazio,Nicolas-Gerrit Kühn,0,0,0,0,0,0,0,0,0,0,0,0,0,0,0
3,24 Aug 2025,,cijyabwrwwuazjxynj4k53yfo,Gianluca Manganiello,Calcio Como 1907,SS Lazio,M. Lazzari,0,0,0,1,0,0,0,0,13,0,0,0,0,2,0
3,24 Aug 2025,,cijyabwrwwuazjxynj4k53yfo,Gianluca Manganiello,Calcio Como 1907,SS Lazio,V. Castellanos,0,0,0,1,1,1,0,1,7,0,0,0,0,1,1
3,24 Aug 2025,,cijyabwrwwuazjxynj4k53yfo,Gianluca Manganiello,Calcio Como 1907,SS Lazio,O. Provstgaard,0,0,0,0,1,0,0,0,56,0,0,0,0,0,0
3,24 Aug 2025,,cijyabwrwwuazjxynj4k53yfo,Gianluca Manganiello,Calcio Como 1907,SS Lazio,M. Guendouzi,0,0,0,0,2,1,0,0,26,0,0,1,1,1,1
3,24 Aug 2025,,cijyabwrwwuazjxynj4k53yfo,Gianluca Manganiello,Calcio Como 1907,SS Lazio,D. Cataldi,0,0,0,0,2,2,0,0,19,0,0,0,0,3,0
3,24 Aug 2025,,cijyabwrwwuazjxynj4k53yfo,Gianluca Manganiello,Calcio Como 1907,SS Lazio,Nuno Tavares,0,0,0,1,1,2,0,0,33,0,0,1,0,2,0
3,24 Aug 2025,,cijyabwrwwuazjxynj4k53yfo,Gianluca Manganiello,Calcio Como 1907,SS Lazio,M. Cancellieri,0,0,0,0,1,2,0,0,9,0,0,1,0,4,0
3,24 Aug 2025,,cijyabwrwwuazjxynj4k53yfo,Gianluca Manganiello,Calcio Como 1907,SS Lazio,Mario Gila,0,0,0,0,1,0,0,0,39,0,0,1,0,4,0
3,24 Aug 2025,,cijyabwrwwuazjxynj4k53yfo,Gianluca Manganiello,Calcio Como 1907,SS Lazio,I. Provedel,0,0,0,0,0,0,0,0,33,0,4,0,0,0,0
3,24 Aug 2025,,cijyabwrwwuazjxynj4k53yfo,Gianluca Manganiello,Calcio Como 1907,SS Lazio,F. Dele-Bashiru,0,0,0,0,0,0,0,0,14,0,0,0,0,5,0
3,24 Aug 2025,,cijyabwrwwuazjxynj4k53yfo,Gianluca Manganiello,Calcio Como 1907,SS Lazio,M. Zaccagni,0,0,0,2,1,7,0,0,12,0,0,0,0,0,1
3,24 Aug 2025,,cijyabwrwwuazjxynj4k53yfo,Gianluca Manganiello,Calcio Como 1907,SS Lazio,A. Marušić,0,0,0,0,1,0,0,0,12,0,0,0,0,0,0
3,24 Aug 2025,,cijyabwrwwuazjxynj4k53yfo,Gianluca Manganiello,Calcio Como 1907,SS Lazio,L. Pellegrini,0,0,0,1,0,0,0,0,9,0,0,0,0,1,0
3,24 Aug 2025,,cijyabwrwwuazjxynj4k53yfo,Gianluca Manganiello,Calcio Como 1907,SS Lazio,N. Rovella,0,0,0,0,1,0,0,0,15,0,0,0,0,0,0
3,24 Aug 2025,,cijyabwrwwuazjxynj4k53yfo,Gianluca Manganiello,Calcio Como 1907,SS Lazio,Pedro,0,1,0,0,0,0,0,0,8,0,0,1,0,1,0
3,24 Aug 2025,,cijyabwrwwuazjxynj4k53yfo,Gianluca Manganiello,Calcio Como 1907,SS Lazio,B. Dia,0,0,0,0,0,0,0,0,4,0,0,0,0,0,0
4,23 Aug 2025,,cj1crau6yj93nnyk80lzjpes4,Davide Massa,Genoa CFC,US Lecce,J. Vásquez,0,0,0,0,1,0,0,0,78,0,0,0,0,1,0
4,23 Aug 2025,,cj1crau6yj93nnyk80lzjpes4,Davide Massa,Genoa CFC,US Lecce,M. Frendrup,0,0,0,0,1,1,0,0,39,0,0,0,0,5,0
4,23 Aug 2025,,cj1crau6yj93nnyk80lzjpes4,Davide Massa,Genoa CFC,US Lecce,Aarón Martín,0,0,1,2,2,0,0,0,49,0,0,1,1,2,1
4,23 Aug 2025,,cj1crau6yj93nnyk80lzjpes4,Davide Massa,Genoa CFC,US Lecce,N. Stanciu,0,1,1,4,0,0,0,0,45,0,0,3,0,2,0
4,23 Aug 2025,,cj1crau6yj93nnyk80lzjpes4,Davide Massa,Genoa CFC,US Lecce,A. Grønbæk,0,0,0,1,0,1,0,0,12,0,0,0,0,0,0
4,23 Aug 2025,,cj1crau6yj93nnyk80lzjpes4,Davide Massa,Genoa CFC,US Lecce,B. Norton-Cuffy,0,0,0,0,1,0,0,0,40,0,0,0,0,4,0
4,23 Aug 2025,,cj1crau6yj93nnyk80lzjpes4,Davide Massa,Genoa CFC,US Lecce,A. Marcandalli,0,0,0,0,0,0,0,0,43,0,0,0,0,0,0
4,23 Aug 2025,,cj1crau6yj93nnyk80lzjpes4,Davide Massa,Genoa CFC,US Lecce,P. Masini,0,0,0,0,2,4,0,0,45,0,0,0,0,6,0
4,23 Aug 2025,,cj1crau6yj93nnyk80lzjpes4,Davide Massa,Genoa CFC,US Lecce,N. Leali,0,0,0,0,0,0,0,0,33,0,0,0,0,0,0
4,23 Aug 2025,,cj1crau6yj93nnyk80lzjpes4,Davide Massa,Genoa CFC,US Lecce,L. Colombo,0,0,0,0,4,1,0,0,14,0,0,0,0,0,0
4,23 Aug 2025,,cj1crau6yj93nnyk80lzjpes4,Davide Massa,Genoa CFC,US Lecce,V. Carboni,0,0,1,1,1,1,0,0,18,0,0,1,1,2,0
4,23 Aug 2025,,cj1crau6yj93nnyk80lzjpes4,Davide Massa,Genoa CFC,US Lecce,Junior Messias,0,0,0,0,1,1,0,0,6,0,0,0,0,1,0
4,23 Aug 2025,,cj1crau6yj93nnyk80lzjpes4,Davide Massa,Genoa CFC,US Lecce,J. Ekhator,0,0,0,0,2,2,0,0,5,0,0,0,0,0,1
4,23 Aug 2025,,cj1crau6yj93nnyk80lzjpes4,Davide Massa,Genoa CFC,US Lecce,M. Ellertsson,0,0,0,0,0,1,0,0,5,0,0,0,0,0,0
4,23 Aug 2025,,cj1crau6yj93nnyk80lzjpes4,Davide Massa,Genoa CFC,US Lecce,Vítinha,0,0,0,2,0,0,0,0,1,0,0,0,0,0,0
4,23 Aug 2025,,cj1crau6yj93nnyk80lzjpes4,Davide Massa,Genoa CFC,US Lecce,M. Thorsby,0,0,0,0,1,0,0,0,2,0,0,0,0,0,0
4,23 Aug 2025,,cj1crau6yj93nnyk80lzjpes4,Davide Massa,Genoa CFC,US Lecce,F. Camarda,0,0,0,0,0,0,0,0,12,0,0,1,0,0,0
4,23 Aug 2025,,cj1crau6yj93nnyk80lzjpes4,Davide Massa,Genoa CFC,US Lecce,Y. Ramadani,0,0,0,0,2,1,0,0,31,0,0,0,0,1,0
4,23 Aug 2025,,cj1crau6yj93nnyk80lzjpes4,Davide Massa,Genoa CFC,US Lecce,Danilo Veiga,0,1,1,1,1,0,0,0,22,0,0,1,0,3,1
4,23 Aug 2025,,cj1crau6yj93nnyk80lzjpes4,Davide Massa,Genoa CFC,US Lecce,Tiago Gabriel,0,0,0,0,1,2,0,0,38,0,0,0,0,2,0
4,23 Aug 2025,,cj1crau6yj93nnyk80lzjpes4,Davide Massa,Genoa CFC,US Lecce,M. Berisha,0,0,1,4,1,0,0,0,21,0,0,0,0,4,0
4,23 Aug 2025,,cj1crau6yj93nnyk80lzjpes4,Davide Massa,Genoa CFC,US Lecce,A. Gallo,0,0,2,9,0,1,0,0,32,0,0,1,0,1,0
4,23 Aug 2025,,cj1crau6yj93nnyk80lzjpes4,Davide Massa,Genoa CFC,US Lecce,Tete Morente,0,2,1,5,1,3,0,1,28,0,0,3,0,2,1
4,23 Aug 2025,,cj1crau6yj93nnyk80lzjpes4,Davide Massa,Genoa CFC,US Lecce,Kialonda Gaspar,0,0,0,0,1,0,0,0,33,0,0,0,0,0,0
4,23 Aug 2025,,cj1crau6yj93nnyk80lzjpes4,Davide Massa,Genoa CFC,US Lecce,L. Coulibaly,0,0,1,1,1,2,0,0,13,0,0,0,0,0,0
4,23 Aug 2025,,cj1crau6yj93nnyk80lzjpes4,Davide Massa,Genoa CFC,US Lecce,L. Banda,0,1,1,1,2,0,0,0,12,0,0,1,0,0,1
4,23 Aug 2025,,cj1crau6yj93nnyk80lzjpes4,Davide Massa,Genoa CFC,US Lecce,W. Falcone,0,0,0,0,0,2,0,0,25,0,2,0,0,0,0
4,23 Aug 2025,,cj1crau6yj93nnyk80lzjpes4,Davide Massa,Genoa CFC,US Lecce,R. Sottil,0,0,0,0,1,1,0,1,9,0,0,0,0,0,0
4,23 Aug 2025,,cj1crau6yj93nnyk80lzjpes4,Davide Massa,Genoa CFC,US Lecce,M. Kaba,0,0,0,0,2,0,0,0,10,0,0,0,0,0,0
4,23 Aug 2025,,cj1crau6yj93nnyk80lzjpes4,Davide Massa,Genoa CFC,US Lecce,O. Kouassi,0,0,0,0,0,0,0,0,5,0,0,0,0,2,0
4,23 Aug 2025,,cj1crau6yj93nnyk80lzjpes4,Davide Massa,Genoa CFC,US Lecce,B. Pierret,0,0,0,0,0,2,0,0,2,0,0,0,0,0,0
4,23 Aug 2025,,cj1crau6yj93nnyk80lzjpes4,Davide Massa,Genoa CFC,US Lecce,K. N’Dri,0,0,0,0,0,1,0,0,1,0,0,0,0,0,0
5,25 Aug 2025,,cjir7ivrn1ol4vwld9wfrfcwk,Federico La Penna,FC Internazionale Milano,Torino FC,M. Thuram,0,0,0,0,5,2,2,1,16,0,0,4,2,1,0
5,25 Aug 2025,,cjir7ivrn1ol4vwld9wfrfcwk,Federico La Penna,FC Internazionale Milano,Torino FC,A. Bastoni,1,0,1,1,2,0,1,0,67,0,0,2,1,1,0
5,25 Aug 2025,,cjir7ivrn1ol4vwld9wfrfcwk,Federico La Penna,FC Internazionale Milano,Torino FC,D. Dumfries,0,1,1,2,0,0,0,0,25,0,0,1,0,1,0
5,25 Aug 2025,,cjir7ivrn1ol4vwld9wfrfcwk,Federico La Penna,FC Internazionale Milano,Torino FC,P. Sučić,1,1,0,0,3,0,0,0,57,0,0,4,2,4,0
5,25 Aug 2025,,cjir7ivrn1ol4vwld9wfrfcwk,Federico La Penna,FC Internazionale Milano,Torino FC,N. Barella,1,0,0,3,0,0,0,0,112,0,0,1,0,2,0
5,25 Aug 2025,,cjir7ivrn1ol4vwld9wfrfcwk,Federico La Penna,FC Internazionale Milano,Torino FC,H. Mkhitaryan,0,0,0,1,1,0,0,1,44,0,0,1,0,1,0
5,25 Aug 2025,,cjir7ivrn1ol4vwld9wfrfcwk,Federico La Penna,FC Internazionale Milano,Torino FC,F. Dimarco,0,0,1,7,1,0,0,1,23,0,0,0,0,1,0
5,25 Aug 2025,,cjir7ivrn1ol4vwld9wfrfcwk,Federico La Penna,FC Internazionale Milano,Torino FC,F. Acerbi,0,0,1,0,0,0,0,0,68,0,0,1,1,0,0
5,25 Aug 2025,,cjir7ivrn1ol4vwld9wfrfcwk,Federico La Penna,FC Internazionale Milano,Torino FC,B. Pavard,0,0,1,0,1,0,0,0,84,0,0,1,1,2,0
5,25 Aug 2025,,cjir7ivrn1ol4vwld9wfrfcwk,Federico La Penna,FC Internazionale Milano,Torino FC,L. Martínez,1,1,1,0,0,3,1,1,20,0,0,4,1,0,0
5,25 Aug 2025,,cjir7ivrn1ol4vwld9wfrfcwk,Federico La Penna,FC Internazionale Milano,Torino FC,Y. Sommer,0,0,0,0,0,0,0,0,30,0,4,0,0,0,0
5,25 Aug 2025,,cjir7ivrn1ol4vwld9wfrfcwk,Federico La Penna,FC Internazionale Milano,Torino FC,A. Bonny,0,0,0,0,1,1,1,0,6,0,0,1,1,1,0
5,25 Aug 2025,,cjir7ivrn1ol4vwld9wfrfcwk,Federico La Penna,FC Internazionale Milano,Torino FC,Carlos Augusto,0,0,0,0,0,0,0,0,14,0,0,0,0,0,0
5,25 Aug 2025,,cjir7ivrn1ol4vwld9wfrfcwk,Federico La Penna,FC Internazionale Milano,Torino FC,A. Diouf,0,0,0,0,0,0,0,0,4,0,0,0,0,0,0
5,25 Aug 2025,,cjir7ivrn1ol4vwld9wfrfcwk,Federico La Penna,FC Internazionale Milano,Torino FC,P. Zieliński,0,0,0,0,0,0,0,0,5,0,0,0,0,0,0
5,25 Aug 2025,,cjir7ivrn1ol4vwld9wfrfcwk,Federico La Penna,FC Internazionale Milano,Torino FC,Luis Henrique,0,0,0,0,0,0,0,0,2,0,0,0,0,0,0
5,25 Aug 2025,,cjir7ivrn1ol4vwld9wfrfcwk,Federico La Penna,FC Internazionale Milano,Torino FC,C. Biraghi,0,1,1,8,0,2,0,0,43,0,0,1,0,0,0
5,25 Aug 2025,,cjir7ivrn1ol4vwld9wfrfcwk,Federico La Penna,FC Internazionale Milano,Torino FC,A. Masina,0,0,0,0,2,1,0,0,49,0,0,0,0,3,0
5,25 Aug 2025,,cjir7ivrn1ol4vwld9wfrfcwk,Federico La Penna,FC Internazionale Milano,Torino FC,N. Vlašić,0,1,0,0,0,0,0,0,22,0,0,2,1,0,0
5,25 Aug 2025,,cjir7ivrn1ol4vwld9wfrfcwk,Federico La Penna,FC Internazionale Milano,Torino FC,G. Gineitis,0,0,0,1,0,1,0,0,28,0,0,0,0,1,0
5,25 Aug 2025,,cjir7ivrn1ol4vwld9wfrfcwk,Federico La Penna,FC Internazionale Milano,Torino FC,E. İlkhan,0,0,0,0,0,2,0,0,33,0,0,0,0,0,0
5,25 Aug 2025,,cjir7ivrn1ol4vwld9wfrfcwk,Federico La Penna,FC Internazionale Milano,Torino FC,C. Ngonge,0,1,3,3,0,2,0,0,12,0,0,2,1,0,0
5,25 Aug 2025,,cjir7ivrn1ol4vwld9wfrfcwk,Federico La Penna,FC Internazionale Milano,Torino FC,Saúl Coco,0,0,0,0,3,2,0,0,49,0,0,0,0,1,0
5,25 Aug 2025,,cjir7ivrn1ol4vwld9wfrfcwk,Federico La Penna,FC Internazionale Milano,Torino FC,G. Simeone,0,0,0,1,0,0,0,0,12,0,0,2,0,0,0
5,25 Aug 2025,,cjir7ivrn1ol4vwld9wfrfcwk,Federico La Penna,FC Internazionale Milano,Torino FC,V. Lazaro,0,0,0,1,1,0,0,0,44,0,0,0,0,2,0
5,25 Aug 2025,,cjir7ivrn1ol4vwld9wfrfcwk,Federico La Penna,FC Internazionale Milano,Torino FC,C. Casadei,0,0,1,0,0,1,0,0,30,0,0,1,1,0,0
5,25 Aug 2025,,cjir7ivrn1ol4vwld9wfrfcwk,Federico La Penna,FC Internazionale Milano,Torino FC,F. Israel,0,0,0,0,0,0,0,0,29,0,4,0,0,0,0
5,25 Aug 2025,,cjir7ivrn1ol4vwld9wfrfcwk,Federico La Penna,FC Internazionale Milano,Torino FC,A. Tamèze,0,0,0,0,0,2,0,0,12,0,0,0,0,1,0
5,25 Aug 2025,,cjir7ivrn1ol4vwld9wfrfcwk,Federico La Penna,FC Internazionale Milano,Torino FC,Z. Aboukhlal,0,0,0,1,0,0,0,1,4,0,0,1,1,2,0
5,25 Aug 2025,,cjir7ivrn1ol4vwld9wfrfcwk,Federico La Penna,FC Internazionale Milano,Torino FC,C. Adams,0,1,0,0,0,0,0,0,4,0,0,2,0,0,0
5,25 Aug 2025,,cjir7ivrn1ol4vwld9wfrfcwk,Federico La Penna,FC Internazionale Milano,Torino FC,T. Anjorin,0,1,0,0,0,1,0,0,1,0,0,1,0,0,0
5,25 Aug 2025,,cjir7ivrn1ol4vwld9wfrfcwk,Federico La Penna,FC Internazionale Milano,Torino FC,M. Pedersen,0,0,0,1,0,0,0,0,7,0,0,0,0,0,0
6,24 Aug 2025,,ck0djtpx1mzn7xyncs3eifv9w,Matteo Marcenaro,Juventus FC,Parma Calcio 1913,K. Thuram,0,1,1,1,1,1,0,0,67,0,0,6,2,3,0
6,24 Aug 2025,,ck0djtpx1mzn7xyncs3eifv9w,Matteo Marcenaro,Juventus FC,Parma Calcio 1913,M. Di Gregorio,0,0,0,0,0,1,0,0,19,0,1,0,0,0,0
6,24 Aug 2025,,ck0djtpx1mzn7xyncs3eifv9w,Matteo Marcenaro,Juventus FC,Parma Calcio 1913,M. Locatelli,0,0,0,1,0,1,0,0,58,0,0,0,0,0,0
6,24 Aug 2025,,ck0djtpx1mzn7xyncs3eifv9w,Matteo Marcenaro,Juventus FC,Parma Calcio 1913,Francisco Conceição,0,2,2,3,0,0,0,0,41,0,0,4,2,0,0
6,24 Aug 2025,,ck0djtpx1mzn7xyncs3eifv9w,Matteo Marcenaro,Juventus FC,Parma Calcio 1913,J. David,0,1,1,0,0,0,1,0,18,0,0,4,1,1,0
6,24 Aug 2025,,ck0djtpx1mzn7xyncs3eifv9w,Matteo Marcenaro,Juventus FC,Parma Calcio 1913,Bremer,0,0,0,0,1,1,0,0,52,0,0,2,0,1,0
6,24 Aug 2025,,ck0djtpx1mzn7xyncs3eifv9w,Matteo Marcenaro,Juventus FC,Parma Calcio 1913,F. Gatti,0,0,0,0,2,0,0,0,32,0,0,1,0,0,1
6,24 Aug 2025,,ck0djtpx1mzn7xyncs3eifv9w,Matteo Marcenaro,Juventus FC,Parma Calcio 1913,P. Kalulu,0,0,0,3,2,0,0,0,54,0,0,0,0,2,0
6,24 Aug 2025,,ck0djtpx1mzn7xyncs3eifv9w,Matteo Marcenaro,Juventus FC,Parma Calcio 1913,L. Kelly,0,1,0,0,2,0,0,0,44,0,0,2,0,1,0
6,24 Aug 2025,,ck0djtpx1mzn7xyncs3eifv9w,Matteo Marcenaro,Juventus FC,Parma Calcio 1913,A. Cambiaso,0,0,1,5,1,1,0,0,57,1,0,1,0,3,0
6,24 Aug 2025,,ck0djtpx1mzn7xyncs3eifv9w,Matteo Marcenaro,Juventus FC,Parma Calcio 1913,K. Yıldız,2,0,1,5,0,2,0,0,30,0,0,3,2,2,0
6,24 Aug 2025,,ck0djtpx1mzn7xyncs3eifv9w,Matteo Marcenaro,Juventus FC,Parma Calcio 1913,T. Koopmeiners,0,0,0,0,0,1,0,0,24,0,0,0,0,1,0
6,24 Aug 2025,,ck0djtpx1mzn7xyncs3eifv9w,Matteo Marcenaro,Juventus FC,Parma Calcio 1913,João Mário,0,0,0,0,0,2,0,0,12,0,0,0,0,1,0
6,24 Aug 2025,,ck0djtpx1mzn7xyncs3eifv9w,Matteo Marcenaro,Juventus FC,Parma Calcio 1913,N. González,0,0,0,0,0,2,0,0,1,0,0,1,0,0,0
6,24 Aug 2025,,ck0djtpx1mzn7xyncs3eifv9w,Matteo Marcenaro,Juventus FC,Parma Calcio 1913,D. Vlahović,0,0,0,0,0,0,1,0,2,0,0,1,1,0,0
6,24 Aug 2025,,ck0djtpx1mzn7xyncs3eifv9w,Matteo Marcenaro,Juventus FC,Parma Calcio 1913,W. McKennie,0,0,0,0,0,0,0,0,1,0,0,0,0,0,0
6,24 Aug 2025,,ck0djtpx1mzn7xyncs3eifv9w,Matteo Marcenaro,Juventus FC,Parma Calcio 1913,C. Ordoñez,0,0,0,2,0,1,0,0,8,0,0,0,0,0,0
6,24 Aug 2025,,ck0djtpx1mzn7xyncs3eifv9w,Matteo Marcenaro,Juventus FC,Parma Calcio 1913,M. Keita,0,0,0,0,0,2,0,0,26,0,0,1,0,2,0
6,24 Aug 2025,,ck0djtpx1mzn7xyncs3eifv9w,Matteo Marcenaro,Juventus FC,Parma Calcio 1913,Adrián Bernabé,0,0,1,3,0,1,0,0,42,0,0,1,1,2,0
6,24 Aug 2025,,ck0djtpx1mzn7xyncs3eifv9w,Matteo Marcenaro,Juventus FC,Parma Calcio 1913,L. Valenti,0,0,1,2,1,0,0,0,29,0,0,1,0,1,0
6,24 Aug 2025,,ck0djtpx1mzn7xyncs3eifv9w,Matteo Marcenaro,Juventus FC,Parma Calcio 1913,Z. Suzuki,0,0,0,0,0,0,0,0,36,0,6,0,0,0,1
6,24 Aug 2025,,ck0djtpx1mzn7xyncs3eifv9w,Matteo Marcenaro,Juventus FC,Parma Calcio 1913,A. Circati,0,0,0,0,0,0,0,0,38,0,0,0,0,1,0
6,24 Aug 2025,,ck0djtpx1mzn7xyncs3eifv9w,Matteo Marcenaro,Juventus FC,Parma Calcio 1913,E. Delprato,0,0,0,0,1,0,0,0,32,0,0,0,0,2,0
6,24 Aug 2025,,ck0djtpx1mzn7xyncs3eifv9w,Matteo Marcenaro,Juventus FC,Parma Calcio 1913,M. Løvik,0,1,1,1,1,0,0,0,19,0,0,1,0,1,0
6,24 Aug 2025,,ck0djtpx1mzn7xyncs3eifv9w,Matteo Marcenaro,Juventus FC,Parma Calcio 1913,M. Pellegrino,0,0,0,0,6,3,0,0,12,0,0,2,1,1,0
6,24 Aug 2025,,ck0djtpx1mzn7xyncs3eifv9w,Matteo Marcenaro,Juventus FC,Parma Calcio 1913,E. Valeri,0,0,1,7,1,0,0,0,11,0,0,0,0,1,0
6,24 Aug 2025,,ck0djtpx1mzn7xyncs3eifv9w,Matteo Marcenaro,Juventus FC,Parma Calcio 1913,P. Almqvist,0,0,0,1,0,2,0,0,12,0,0,0,0,1,0
6,24 Aug 2025,,ck0djtpx1mzn7xyncs3eifv9w,Matteo Marcenaro,Juventus FC,Parma Calcio 1913,O. Sørensen,0,0,0,0,2,0,0,0,6,0,0,0,0,0,1
6,24 Aug 2025,,ck0djtpx1mzn7xyncs3eifv9w,Matteo Marcenaro,Juventus FC,Parma Calcio 1913,A. Benedyczak,0,0,2,1,1,0,0,0,2,0,0,0,0,0,0
6,24 Aug 2025,,ck0djtpx1mzn7xyncs3eifv9w,Matteo Marcenaro,Juventus FC,Parma Calcio 1913,N. Estévez,0,1,0,0,0,0,0,0,2,0,0,1,0,0,0
6,24 Aug 2025,,ck0djtpx1mzn7xyncs3eifv9w,Matteo Marcenaro,Juventus FC,Parma Calcio 1913,M. Đurić,0,0,0,0,0,0,0,0,0,0,0,1,0,0,0
7,23 Aug 2025,,ckhlsqn997c1wwypjh8jsbkt0,Giuseppe Collu,AC Milan,US Cremonese,A. Saelemaekers,0,2,2,5,0,3,0,0,67,0,0,2,0,2,0
7,23 Aug 2025,,ckhlsqn997c1wwypjh8jsbkt0,Giuseppe Collu,AC Milan,US Cremonese,S. Pavlović,0,0,1,1,0,1,1,0,81,0,0,1,1,1,0
7,23 Aug 2025,,ckhlsqn997c1wwypjh8jsbkt0,Giuseppe Collu,AC Milan,US Cremonese,S. Giménez,0,1,1,0,0,0,0,1,9,0,0,4,1,0,0
7,23 Aug 2025,,ckhlsqn997c1wwypjh8jsbkt0,Giuseppe Collu,AC Milan,US Cremonese,M. Maignan,0,0,0,0,0,0,0,0,14,0,1,0,0,0,0
7,23 Aug 2025,,ckhlsqn997c1wwypjh8jsbkt0,Giuseppe Collu,AC Milan,US Cremonese,F. Tomori,0,0,0,1,0,0,0,0,80,0,0,1,1,2,0
7,23 Aug 2025,,ckhlsqn997c1wwypjh8jsbkt0,Giuseppe Collu,AC Milan,US Cremonese,M. Gabbia,0,1,1,0,1,0,0,0,80,0,0,2,0,0,0
7,23 Aug 2025,,ckhlsqn997c1wwypjh8jsbkt0,Giuseppe Collu,AC Milan,US Cremonese,P. Estupiñán,1,0,0,0,0,1,0,0,19,0,0,1,0,0,0
7,23 Aug 2025,,ckhlsqn997c1wwypjh8jsbkt0,Giuseppe Collu,AC Milan,US Cremonese,C. Pulišić,0,0,1,7,2,0,0,0,39,0,0,2,1,0,0
7,23 Aug 2025,,ckhlsqn997c1wwypjh8jsbkt0,Giuseppe Collu,AC Milan,US Cremonese,R. Loftus-Cheek,0,2,1,1,2,2,0,0,48,0,0,4,0,0,0
7,23 Aug 2025,,ckhlsqn997c1wwypjh8jsbkt0,Giuseppe Collu,AC Milan,US Cremonese,Y. Fofana,0,1,1,0,3,0,0,0,42,0,0,4,1,1,0
7,23 Aug 2025,,ckhlsqn997c1wwypjh8jsbkt0,Giuseppe Collu,AC Milan,US Cremonese,L. Modrić,0,1,1,3,0,0,0,0,76,0,0,2,1,1,0
7,23 Aug 2025,,ckhlsqn997c1wwypjh8jsbkt0,Giuseppe Collu,AC Milan,US Cremonese,Álex Jiménez,0,0,0,1,0,1,0,0,20,0,0,0,0,0,1
7,23 Aug 2025,,ckhlsqn997c1wwypjh8jsbkt0,Giuseppe Collu,AC Milan,US Cremonese,S. Chukwueze,0,0,0,3,0,3,0,0,13,0,0,0,0,0,0
7,23 Aug 2025,,ckhlsqn997c1wwypjh8jsbkt0,Giuseppe Collu,AC Milan,US Cremonese,A. Jashari,0,1,0,0,2,3,0,0,20,0,0,1,0,1,0
7,23 Aug 2025,,ckhlsqn997c1wwypjh8jsbkt0,Giuseppe Collu,AC Milan,US Cremonese,M. Collocolo,0,0,0,3,0,0,0,0,27,0,0,0,0,0,0
7,23 Aug 2025,,ckhlsqn997c1wwypjh8jsbkt0,Giuseppe Collu,AC Milan,US Cremonese,J. Vandeputte,0,0,0,4,0,0,0,0,11,0,0,0,0,1,0
7,23 Aug 2025,,ckhlsqn997c1wwypjh8jsbkt0,Giuseppe Collu,AC Milan,US Cremonese,G. Pezzella,1,0,0,3,2,0,0,0,15,0,0,1,0,0,0
7,23 Aug 2025,,ckhlsqn997c1wwypjh8jsbkt0,Giuseppe Collu,AC Milan,US Cremonese,A. Zerbin,1,0,0,2,2,1,0,0,31,0,0,0,0,6,0
7,23 Aug 2025,,ckhlsqn997c1wwypjh8jsbkt0,Giuseppe Collu,AC Milan,US Cremonese,E. Audero,0,0,0,0,0,0,0,0,38,0,4,0,0,0,0
7,23 Aug 2025,,ckhlsqn997c1wwypjh8jsbkt0,Giuseppe Collu,AC Milan,US Cremonese,M. Bianchetti,0,0,0,0,0,0,0,0,41,0,0,0,0,3,0
7,23 Aug 2025,,ckhlsqn997c1wwypjh8jsbkt0,Giuseppe Collu,AC Milan,US Cremonese,F. Terracciano,0,0,0,2,1,1,0,0,50,0,0,0,0,3,1
7,23 Aug 2025,,ckhlsqn997c1wwypjh8jsbkt0,Giuseppe Collu,AC Milan,US Cremonese,D. Okereke,0,0,0,0,0,0,0,1,5,0,0,0,0,0,0
7,23 Aug 2025,,ckhlsqn997c1wwypjh8jsbkt0,Giuseppe Collu,AC Milan,US Cremonese,F. Baschirotto,0,0,0,0,0,0,1,0,41,0,0,1,1,0,0
7,23 Aug 2025,,ckhlsqn997c1wwypjh8jsbkt0,Giuseppe Collu,AC Milan,US Cremonese,A. Grassi,0,0,1,0,1,0,0,0,22,0,0,0,0,2,1
7,23 Aug 2025,,ckhlsqn997c1wwypjh8jsbkt0,Giuseppe Collu,AC Milan,US Cremonese,F. Bonazzoli,0,0,1,1,2,3,1,0,31,0,0,2,2,1,0
7,23 Aug 2025,,ckhlsqn997c1wwypjh8jsbkt0,Giuseppe Collu,AC Milan,US Cremonese,W. Bondo,0,0,0,0,1,1,0,0,15,0,0,0,0,1,1
7,23 Aug 2025,,ckhlsqn997c1wwypjh8jsbkt0,Giuseppe Collu,AC Milan,US Cremonese,M. Payero,0,0,0,1,2,1,0,0,6,0,0,0,0,0,1
7,23 Aug 2025,,ckhlsqn997c1wwypjh8jsbkt0,Giuseppe Collu,AC Milan,US Cremonese,A. Sanabria,0,0,0,0,2,1,0,0,3,0,0,0,0,0,0
7,23 Aug 2025,,ckhlsqn997c1wwypjh8jsbkt0,Giuseppe Collu,AC Milan,US Cremonese,M. De Luca,0,0,0,0,1,1,0,0,1,0,0,0,0,0,0
7,23 Aug 2025,,ckhlsqn997c1wwypjh8jsbkt0,Giuseppe Collu,AC Milan,US Cremonese,F. Ceccherini,0,0,0,0,0,0,0,0,3,0,0,0,0,0,0
8,23 Aug 2025,,cl0nfg88xxoznw3qe89ejvbbo,Luca Zufferli,AS Roma,Bologna FC 1909,E. Ndicka,0,0,0,0,0,1,0,0,50,0,0,0,0,0,0
8,23 Aug 2025,,cl0nfg88xxoznw3qe89ejvbbo,Luca Zufferli,AS Roma,Bologna FC 1909,M. Koné,0,0,0,0,2,3,0,0,37,0,0,1,0,2,0
8,23 Aug 2025,,cl0nfg88xxoznw3qe89ejvbbo,Luca Zufferli,AS Roma,Bologna FC 1909,Angeliño,0,0,0,3,0,1,0,0,32,0,0,0,0,1,0
8,23 Aug 2025,,cl0nfg88xxoznw3qe89ejvbbo,Luca Zufferli,AS Roma,Bologna FC 1909,M. Svilar,0,0,0,0,0,0,0,0,33,0,2,0,0,0,0
8,23 Aug 2025,,cl0nfg88xxoznw3qe89ejvbbo,Luca Zufferli,AS Roma,Bologna FC 1909,G. Mancini,0,0,0,0,1,0,0,0,47,0,0,0,0,5,1
8,23 Aug 2025,,cl0nfg88xxoznw3qe89ejvbbo,Luca Zufferli,AS Roma,Bologna FC 1909,M. Soulé,0,0,0,1,1,2,0,0,32,0,0,2,0,0,0
8,23 Aug 2025,,cl0nfg88xxoznw3qe89ejvbbo,Luca Zufferli,AS Roma,Bologna FC 1909,Wesley,0,0,0,1,4,1,1,0,38,0,0,3,1,0,0
8,23 Aug 2025,,cl0nfg88xxoznw3qe89ejvbbo,Luca Zufferli,AS Roma,Bologna FC 1909,E. Ferguson,0,0,0,1,2,2,0,0,13,0,0,3,2,1,0
8,23 Aug 2025,,cl0nfg88xxoznw3qe89ejvbbo,Luca Zufferli,AS Roma,Bologna FC 1909,S. El Shaarawy,0,0,0,2,3,0,0,0,22,0,0,2,0,0,0
8,23 Aug 2025,,cl0nfg88xxoznw3qe89ejvbbo,Luca Zufferli,AS Roma,Bologna FC 1909,B. Cristante,0,0,0,0,0,0,0,0,44,0,0,1,0,3,0
8,23 Aug 2025,,cl0nfg88xxoznw3qe89ejvbbo,Luca Zufferli,AS Roma,Bologna FC 1909,Hermoso,0,0,0,0,2,0,0,0,39,0,0,0,0,0,0
8,23 Aug 2025,,cl0nfg88xxoznw3qe89ejvbbo,Luca Zufferli,AS Roma,Bologna FC 1909,N. El Aynaoui,0,0,0,0,0,1,0,0,10,0,0,0,0,0,0
8,23 Aug 2025,,cl0nfg88xxoznw3qe89ejvbbo,Luca Zufferli,AS Roma,Bologna FC 1909,A. Dovbyk,0,0,0,0,0,1,0,1,8,0,0,0,0,0,0
8,23 Aug 2025,,cl0nfg88xxoznw3qe89ejvbbo,Luca Zufferli,AS Roma,Bologna FC 1909,P. Dybala,0,1,2,0,0,0,0,0,5,0,0,2,1,0,0
8,23 Aug 2025,,cl0nfg88xxoznw3qe89ejvbbo,Luca Zufferli,AS Roma,Bologna FC 1909,D. Rensch,0,0,0,0,0,1,0,0,4,0,0,0,0,1,0
8,23 Aug 2025,,cl0nfg88xxoznw3qe89ejvbbo,Luca Zufferli,AS Roma,Bologna FC 1909,C. Immobile,0,0,0,0,0,0,0,1,9,0,0,0,0,0,0
8,23 Aug 2025,,cl0nfg88xxoznw3qe89ejvbbo,Luca Zufferli,AS Roma,Bologna FC 1909,Ł. Skorupski,0,0,1,0,0,0,0,0,66,0,3,0,0,0,0
8,23 Aug 2025,,cl0nfg88xxoznw3qe89ejvbbo,Luca Zufferli,AS Roma,Bologna FC 1909,J. Odgaard,0,0,0,1,0,1,0,0,12,0,0,1,1,0,0
8,23 Aug 2025,,cl0nfg88xxoznw3qe89ejvbbo,Luca Zufferli,AS Roma,Bologna FC 1909,R. Freuler,0,0,0,2,1,1,0,0,45,0,0,0,0,4,1
8,23 Aug 2025,,cl0nfg88xxoznw3qe89ejvbbo,Luca Zufferli,AS Roma,Bologna FC 1909,C. Lykogiannis,0,0,1,6,0,0,0,0,44,0,0,0,0,3,0
8,23 Aug 2025,,cl0nfg88xxoznw3qe89ejvbbo,Luca Zufferli,AS Roma,Bologna FC 1909,J. Lucumí,0,0,0,0,2,0,0,0,62,0,0,0,0,1,0
8,23 Aug 2025,,cl0nfg88xxoznw3qe89ejvbbo,Luca Zufferli,AS Roma,Bologna FC 1909,N. Casale,0,0,0,0,0,1,0,0,23,0,0,0,0,0,0
8,23 Aug 2025,,cl0nfg88xxoznw3qe89ejvbbo,Luca Zufferli,AS Roma,Bologna FC 1909,L. De Silvestri,0,0,0,1,0,1,0,0,23,0,0,0,0,0,0
8,23 Aug 2025,,cl0nfg88xxoznw3qe89ejvbbo,Luca Zufferli,AS Roma,Bologna FC 1909,R. Orsolini,0,0,1,0,2,1,0,0,21,0,0,3,1,3,0
8,23 Aug 2025,,cl0nfg88xxoznw3qe89ejvbbo,Luca Zufferli,AS Roma,Bologna FC 1909,T. Pobega,0,0,0,0,0,1,0,0,26,0,0,1,0,0,0
8,23 Aug 2025,,cl0nfg88xxoznw3qe89ejvbbo,Luca Zufferli,AS Roma,Bologna FC 1909,N. Cambiaghi,0,0,0,3,2,7,0,0,14,0,0,0,0,2,0
8,23 Aug 2025,,cl0nfg88xxoznw3qe89ejvbbo,Luca Zufferli,AS Roma,Bologna FC 1909,S. Castro,0,0,0,0,0,0,0,0,6,0,0,4,0,0,0
8,23 Aug 2025,,cl0nfg88xxoznw3qe89ejvbbo,Luca Zufferli,AS Roma,Bologna FC 1909,M. Vitík,0,0,0,0,2,0,0,0,17,0,0,0,0,0,0
8,23 Aug 2025,,cl0nfg88xxoznw3qe89ejvbbo,Luca Zufferli,AS Roma,Bologna FC 1909,N. Zortea,0,0,0,0,2,0,0,0,9,0,0,0,0,0,0
8,23 Aug 2025,,cl0nfg88xxoznw3qe89ejvbbo,Luca Zufferli,AS Roma,Bologna FC 1909,G. Fabbian,0,0,0,0,2,2,0,0,7,0,0,0,0,1,0
8,23 Aug 2025,,cl0nfg88xxoznw3qe89ejvbbo,Luca Zufferli,AS Roma,Bologna FC 1909,F. Bernardeschi,0,1,1,1,0,0,0,0,4,0,0,1,0,0,0
9,23 Aug 2025,,cli1lgf9lcih5ons3pft9iqz8,Giovanni Ayroldi,US Sassuolo Calcio,SSC Napoli,J. Doig,0,0,0,0,1,1,0,0,16,0,0,1,1,1,0
9,23 Aug 2025,,cli1lgf9lcih5ons3pft9iqz8,Giovanni Ayroldi,US Sassuolo Calcio,SSC Napoli,T. Muharemović,0,0,0,0,2,3,0,0,52,0,0,1,1,2,0
9,23 Aug 2025,,cli1lgf9lcih5ons3pft9iqz8,Giovanni Ayroldi,US Sassuolo Calcio,SSC Napoli,S. Turati,0,0,0,0,0,0,0,0,22,0,2,0,0,0,0
9,23 Aug 2025,,cli1lgf9lcih5ons3pft9iqz8,Giovanni Ayroldi,US Sassuolo Calcio,SSC Napoli,D. Berardi,0,0,0,1,2,2,0,0,24,0,0,1,0,3,1
9,23 Aug 2025,,cli1lgf9lcih5ons3pft9iqz8,Giovanni Ayroldi,US Sassuolo Calcio,SSC Napoli,F. Romagna,0,0,0,0,0,0,0,0,56,0,0,0,0,1,0
9,23 Aug 2025,,cli1lgf9lcih5ons3pft9iqz8,Giovanni Ayroldi,US Sassuolo Calcio,SSC Napoli,A. Pinamonti,0,0,0,0,0,3,0,0,13,0,0,1,0,0,0
9,23 Aug 2025,,cli1lgf9lcih5ons3pft9iqz8,Giovanni Ayroldi,US Sassuolo Calcio,SSC Napoli,A. Laurienté,0,0,0,0,1,2,0,0,22,0,0,0,0,2,0
9,23 Aug 2025,,cli1lgf9lcih5ons3pft9iqz8,Giovanni Ayroldi,US Sassuolo Calcio,SSC Napoli,L. Lipani,0,0,0,0,5,0,0,0,39,0,0,0,0,2,0
9,23 Aug 2025,,cli1lgf9lcih5ons3pft9iqz8,Giovanni Ayroldi,US Sassuolo Calcio,SSC Napoli,D. Boloca,0,0,0,1,0,1,0,0,41,0,0,2,0,2,0
9,23 Aug 2025,,cli1lgf9lcih5ons3pft9iqz8,Giovanni Ayroldi,US Sassuolo Calcio,SSC Napoli,I. Koné,0,0,0,0,3,2,0,0,29,1,0,0,0,1,2
9,23 Aug 2025,,cli1lgf9lcih5ons3pft9iqz8,Giovanni Ayroldi,US Sassuolo Calcio,SSC Napoli,S. Walukiewicz,0,0,0,1,2,0,0,0,47,0,0,0,0,1,0
9,23 Aug 2025,,cli1lgf9lcih5ons3pft9iqz8,Giovanni Ayroldi,US Sassuolo Calcio,SSC Napoli,A. Fadera,0,1,1,0,1,2,0,0,3,0,0,1,0,0,0
9,23 Aug 2025,,cli1lgf9lcih5ons3pft9iqz8,Giovanni Ayroldi,US Sassuolo Calcio,SSC Napoli,Fali Candé,0,0,0,0,0,0,0,0,2,0,0,0,0,0,0
9,23 Aug 2025,,cli1lgf9lcih5ons3pft9iqz8,Giovanni Ayroldi,US Sassuolo Calcio,SSC Napoli,A. Ghion,0,0,0,1,0,0,0,0,1,0,0,0,0,1,0
9,23 Aug 2025,,cli1lgf9lcih5ons3pft9iqz8,Giovanni Ayroldi,US Sassuolo Calcio,SSC Napoli,L. Moro,0,0,0,0,0,0,0,0,0,0,0,0,0,0,0
9,23 Aug 2025,,cli1lgf9lcih5ons3pft9iqz8,Giovanni Ayroldi,US Sassuolo Calcio,SSC Napoli,N. Pierini,0,0,0,0,0,0,0,0,1,0,0,0,0,0,0
9,23 Aug 2025,,cli1lgf9lcih5ons3pft9iqz8,Giovanni Ayroldi,US Sassuolo Calcio,SSC Napoli,L. Lucca,0,1,0,0,5,3,0,0,17,0,0,2,1,0,1
9,23 Aug 2025,,cli1lgf9lcih5ons3pft9iqz8,Giovanni Ayroldi,US Sassuolo Calcio,SSC Napoli,S. Lobotka,0,0,0,0,0,0,0,0,69,0,0,0,0,2,0
9,23 Aug 2025,,cli1lgf9lcih5ons3pft9iqz8,Giovanni Ayroldi,US Sassuolo Calcio,SSC Napoli,Amir Rrahmani,0,0,0,0,2,1,0,0,86,0,0,1,0,2,0
9,23 Aug 2025,,cli1lgf9lcih5ons3pft9iqz8,Giovanni Ayroldi,US Sassuolo Calcio,SSC Napoli,Juan Jesus,0,0,0,0,1,0,0,0,84,0,0,0,0,4,0
9,23 Aug 2025,,cli1lgf9lcih5ons3pft9iqz8,Giovanni Ayroldi,US Sassuolo Calcio,SSC Napoli,M. Politano,1,3,0,8,1,2,0,0,27,0,0,3,0,1,0
9,23 Aug 2025,,cli1lgf9lcih5ons3pft9iqz8,Giovanni Ayroldi,US Sassuolo Calcio,SSC Napoli,K. De Bruyne,0,1,0,0,0,0,1,0,59,0,0,3,1,0,0
9,23 Aug 2025,,cli1lgf9lcih5ons3pft9iqz8,Giovanni Ayroldi,US Sassuolo Calcio,SSC Napoli,G. Di Lorenzo,0,0,0,1,1,1,0,0,58,0,0,0,0,2,0
9,23 Aug 2025,,cli1lgf9lcih5ons3pft9iqz8,Giovanni Ayroldi,US Sassuolo Calcio,SSC Napoli,A. Meret,0,0,0,0,0,1,0,0,34,0,2,0,0,0,0
9,23 Aug 2025,,cli1lgf9lcih5ons3pft9iqz8,Giovanni Ayroldi,US Sassuolo Calcio,SSC Napoli,M. Olivera,0,0,0,0,3,1,0,0,37,0,0,0,0,2,0
9,23 Aug 2025,,cli1lgf9lcih5ons3pft9iqz8,Giovanni Ayroldi,US Sassuolo Calcio,SSC Napoli,S. McTominay,0,0,1,0,0,6,1,0,30,0,0,3,2,1,0
9,23 Aug 2025,,cli1lgf9lcih5ons3pft9iqz8,Giovanni Ayroldi,US Sassuolo Calcio,SSC Napoli,F. Anguissa,0,0,1,1,2,2,0,0,66,0,0,1,0,0,0
9,23 Aug 2025,,cli1lgf9lcih5ons3pft9iqz8,Giovanni Ayroldi,US Sassuolo Calcio,SSC Napoli,David Neres,0,0,0,0,2,0,0,0,6,0,0,0,0,0,0
9,23 Aug 2025,,cli1lgf9lcih5ons3pft9iqz8,Giovanni Ayroldi,US Sassuolo Calcio,SSC Napoli,B. Gilmour,0,0,0,0,0,0,0,0,18,0,0,0,0,0,0
9,23 Aug 2025,,cli1lgf9lcih5ons3pft9iqz8,Giovanni Ayroldi,US Sassuolo Calcio,SSC Napoli,N. Lang,0,0,0,0,0,0,0,0,5,0,0,0,0,0,0
9,23 Aug 2025,,cli1lgf9lcih5ons3pft9iqz8,Giovanni Ayroldi,US Sassuolo Calcio,SSC Napoli,A. Vergara,0,0,0,0,0,0,0,0,2,0,0,0,0,0,0
9,23 Aug 2025,,cli1lgf9lcih5ons3pft9iqz8,Giovanni Ayroldi,US Sassuolo Calcio,SSC Napoli,L. Spinazzola,0,0,0,0,0,0,0,0,8,0,0,0,0,0,0
10,25 Aug 2025,,clzony52hgkslk2qcp027nnkk,Paride Tremolada,Udinese Calcio,Hellas Verona FC,N. Bertola,0,0,0,1,1,2,0,0,72,0,0,0,0,0,1
10,25 Aug 2025,,clzony52hgkslk2qcp027nnkk,Paride Tremolada,Udinese Calcio,Hellas Verona FC,O. Solet,0,2,0,0,1,0,0,0,98,0,0,2,0,1,0
10,25 Aug 2025,,clzony52hgkslk2qcp027nnkk,Paride Tremolada,Udinese Calcio,Hellas Verona FC,K. Ehizibue,0,0,0,5,1,1,0,0,21,0,0,0,0,2,0
10,25 Aug 2025,,clzony52hgkslk2qcp027nnkk,Paride Tremolada,Udinese Calcio,Hellas Verona FC,T. Kristensen,0,1,0,0,1,1,1,0,71,0,0,2,1,1,0
10,25 Aug 2025,,clzony52hgkslk2qcp027nnkk,Paride Tremolada,Udinese Calcio,Hellas Verona FC,S. Lovrić,1,0,0,5,1,0,0,0,39,0,0,1,0,3,0
10,25 Aug 2025,,clzony52hgkslk2qcp027nnkk,Paride Tremolada,Udinese Calcio,Hellas Verona FC,A. Atta,0,0,0,1,0,3,0,0,36,0,0,1,1,1,0
10,25 Aug 2025,,clzony52hgkslk2qcp027nnkk,Paride Tremolada,Udinese Calcio,Hellas Verona FC,R. Sava,0,0,0,0,0,0,0,0,23,0,2,0,0,0,0
10,25 Aug 2025,,clzony52hgkslk2qcp027nnkk,Paride Tremolada,Udinese Calcio,Hellas Verona FC,J. Zemura,0,0,2,5,0,1,0,1,22,0,0,1,0,1,0
10,25 Aug 2025,,clzony52hgkslk2qcp027nnkk,Paride Tremolada,Udinese Calcio,Hellas Verona FC,Iker Bravo,0,0,0,0,2,1,0,0,17,0,0,0,0,0,1
10,25 Aug 2025,,clzony52hgkslk2qcp027nnkk,Paride Tremolada,Udinese Calcio,Hellas Verona FC,K. Davis,0,0,1,0,1,3,0,1,9,0,0,3,2,1,1
10,25 Aug 2025,,clzony52hgkslk2qcp027nnkk,Paride Tremolada,Udinese Calcio,Hellas Verona FC,J. Karlström,0,0,1,1,1,1,0,0,43,0,0,0,0,2,0
10,25 Aug 2025,,clzony52hgkslk2qcp027nnkk,Paride Tremolada,Udinese Calcio,Hellas Verona FC,Oier Zarraga,0,1,1,1,1,0,0,0,7,0,0,1,0,0,0
10,25 Aug 2025,,clzony52hgkslk2qcp027nnkk,Paride Tremolada,Udinese Calcio,Hellas Verona FC,V. Bayo,0,0,0,0,0,0,0,0,9,0,0,0,0,0,0
10,25 Aug 2025,,clzony52hgkslk2qcp027nnkk,Paride Tremolada,Udinese Calcio,Hellas Verona FC,J. Piotrowski,0,0,0,0,0,1,0,0,6,0,0,0,0,0,0
10,25 Aug 2025,,clzony52hgkslk2qcp027nnkk,Paride Tremolada,Udinese Calcio,Hellas Verona FC,H. Kamara,0,0,0,2,0,0,0,0,5,0,0,3,0,1,0
10,25 Aug 2025,,clzony52hgkslk2qcp027nnkk,Paride Tremolada,Udinese Calcio,Hellas Verona FC,Giovane,1,0,0,1,0,1,0,0,9,0,0,4,2,1,0
10,25 Aug 2025,,clzony52hgkslk2qcp027nnkk,Paride Tremolada,Udinese Calcio,Hellas Verona FC,V. Nelsson,0,0,0,0,1,0,0,0,32,0,0,0,0,0,0
10,25 Aug 2025,,clzony52hgkslk2qcp027nnkk,Paride Tremolada,Udinese Calcio,Hellas Verona FC,F. Cham,0,0,1,2,1,1,0,1,14,0,0,0,0,3,0
10,25 Aug 2025,,clzony52hgkslk2qcp027nnkk,Paride Tremolada,Udinese Calcio,Hellas Verona FC,Unai Núñez,0,0,0,0,5,0,0,0,35,0,0,0,0,4,0
10,25 Aug 2025,,clzony52hgkslk2qcp027nnkk,Paride Tremolada,Udinese Calcio,Hellas Verona FC,M. Frese,0,0,0,2,0,1,0,0,35,0,0,1,0,3,0
10,25 Aug 2025,,clzony52hgkslk2qcp027nnkk,Paride Tremolada,Udinese Calcio,Hellas Verona FC,A. Sarr,0,1,0,0,1,1,0,0,11,0,0,1,0,2,0
10,25 Aug 2025,,clzony52hgkslk2qcp027nnkk,Paride Tremolada,Udinese Calcio,Hellas Verona FC,S. Serdar,0,0,0,0,1,1,1,0,21,0,0,1,1,2,0
10,25 Aug 2025,,clzony52hgkslk2qcp027nnkk,Paride Tremolada,Udinese Calcio,Hellas Verona FC,D. Bradarić,0,1,0,1,1,1,0,0,20,0,0,1,0,3,0
10,25 Aug 2025,,clzony52hgkslk2qcp027nnkk,Paride Tremolada,Udinese Calcio,Hellas Verona FC,A. Bernede,0,0,0,1,0,1,0,0,42,0,0,1,0,2,0
10,25 Aug 2025,,clzony52hgkslk2qcp027nnkk,Paride Tremolada,Udinese Calcio,Hellas Verona FC,L. Montipò,0,0,0,0,0,0,0,0,31,0,4,0,0,0,0
10,25 Aug 2025,,clzony52hgkslk2qcp027nnkk,Paride Tremolada,Udinese Calcio,Hellas Verona FC,C. Niasse,0,0,0,0,0,2,0,0,12,0,0,0,0,0,0
10,25 Aug 2025,,clzony52hgkslk2qcp027nnkk,Paride Tremolada,Udinese Calcio,Hellas Verona FC,A. Harroui,0,0,0,1,0,0,0,0,9,0,0,0,0,1,0
10,25 Aug 2025,,clzony52hgkslk2qcp027nnkk,Paride Tremolada,Udinese Calcio,Hellas Verona FC,D. Mosquera,0,0,0,0,2,1,0,0,3,0,0,0,0,0,0
10,25 Aug 2025,,clzony52hgkslk2qcp027nnkk,Paride Tremolada,Udinese Calcio,Hellas Verona FC,R. Belghali,0,0,0,0,1,0,0,1,2,0,0,0,0,1,1
10,25 Aug 2025,,clzony52hgkslk2qcp027nnkk,Paride Tremolada,Udinese Calcio,Hellas Verona FC,D. Oyegoke,0,0,0,0,0,0,0,0,2,0,0,0,0,0,0
10,25 Aug 2025,,clzony52hgkslk2qcp027nnkk,Paride Tremolada,Udinese Calcio,Hellas Verona FC,E. Ebosse,0,0,0,0,1,0,0,0,8,0,0,0,0,0,1
11,30 Aug 2025,,cmdro0qfo163kml8ooz371rtg,Daniele Doveri,Bologna FC 1909,Calcio Como 1907,N. Zortea,0,0,2,2,0,1,0,0,18,0,0,0,0,1,0
11,30 Aug 2025,,cmdro0qfo163kml8ooz371rtg,Daniele Doveri,Bologna FC 1909,Calcio Como 1907,R. Orsolini,0,1,1,2,0,3,1,1,17,0,0,3,2,3,0
11,30 Aug 2025,,cmdro0qfo163kml8ooz371rtg,Daniele Doveri,Bologna FC 1909,Calcio Como 1907,S. Castro,1,0,1,0,3,3,0,1,9,0,0,1,0,0,0
11,30 Aug 2025,,cmdro0qfo163kml8ooz371rtg,Daniele Doveri,Bologna FC 1909,Calcio Como 1907,N. Cambiaghi,0,4,2,2,2,4,0,0,6,0,0,4,0,1,1
11,30 Aug 2025,,cmdro0qfo163kml8ooz371rtg,Daniele Doveri,Bologna FC 1909,Calcio Como 1907,C. Lykogiannis,0,0,0,8,0,0,0,0,19,0,0,0,0,1,0
11,30 Aug 2025,,cmdro0qfo163kml8ooz371rtg,Daniele Doveri,Bologna FC 1909,Calcio Como 1907,N. Moro,0,0,0,2,0,1,0,0,32,0,0,0,0,2,0
11,30 Aug 2025,,cmdro0qfo163kml8ooz371rtg,Daniele Doveri,Bologna FC 1909,Calcio Como 1907,T. Heggem,0,1,0,0,3,0,0,0,31,0,0,2,0,2,0
11,30 Aug 2025,,cmdro0qfo163kml8ooz371rtg,Daniele Doveri,Bologna FC 1909,Calcio Como 1907,Ł. Skorupski,0,0,0,0,0,0,0,0,34,0,2,0,0,0,0
11,30 Aug 2025,,cmdro0qfo163kml8ooz371rtg,Daniele Doveri,Bologna FC 1909,Calcio Como 1907,R. Freuler,0,0,0,1,0,3,0,0,23,0,0,0,0,5,0
11,30 Aug 2025,,cmdro0qfo163kml8ooz371rtg,Daniele Doveri,Bologna FC 1909,Calcio Como 1907,M. Vitík,0,0,0,0,1,0,0,0,19,0,0,0,0,0,1
11,30 Aug 2025,,cmdro0qfo163kml8ooz371rtg,Daniele Doveri,Bologna FC 1909,Calcio Como 1907,G. Fabbian,0,1,1,0,0,1,0,0,7,0,0,3,0,1,0
11,30 Aug 2025,,cmdro0qfo163kml8ooz371rtg,Daniele Doveri,Bologna FC 1909,Calcio Como 1907,J. Lucumí,0,0,0,0,1,0,0,0,13,0,0,0,0,0,1
11,30 Aug 2025,,cmdro0qfo163kml8ooz371rtg,Daniele Doveri,Bologna FC 1909,Calcio Como 1907,T. Pobega,0,0,0,0,1,0,0,0,4,0,0,0,0,0,1
11,30 Aug 2025,,cmdro0qfo163kml8ooz371rtg,Daniele Doveri,Bologna FC 1909,Calcio Como 1907,J. Odgaard,0,0,0,0,1,2,0,1,3,0,0,0,0,0,0
11,30 Aug 2025,,cmdro0qfo163kml8ooz371rtg,Daniele Doveri,Bologna FC 1909,Calcio Como 1907,T. Dallinga,0,0,0,0,1,0,0,0,5,0,0,2,0,0,0
11,30 Aug 2025,,cmdro0qfo163kml8ooz371rtg,Daniele Doveri,Bologna FC 1909,Calcio Como 1907,Juan Miranda,0,0,0,0,0,0,0,0,2,0,0,0,0,0,0
11,30 Aug 2025,,cmdro0qfo163kml8ooz371rtg,Daniele Doveri,Bologna FC 1909,Calcio Como 1907,T. Douvikas,0,0,1,0,1,1,0,0,10,0,0,0,0,0,0
11,30 Aug 2025,,cmdro0qfo163kml8ooz371rtg,Daniele Doveri,Bologna FC 1909,Calcio Como 1907,N. Paz,0,3,1,0,4,3,0,0,37,0,0,4,0,0,0
11,30 Aug 2025,,cmdro0qfo163kml8ooz371rtg,Daniele Doveri,Bologna FC 1909,Calcio Como 1907,Álex Valle,0,1,2,0,6,0,0,0,35,0,0,1,0,5,0
11,30 Aug 2025,,cmdro0qfo163kml8ooz371rtg,Daniele Doveri,Bologna FC 1909,Calcio Como 1907,M. Perrone,0,0,0,0,3,0,0,0,24,0,0,0,0,2,1
11,30 Aug 2025,,cmdro0qfo163kml8ooz371rtg,Daniele Doveri,Bologna FC 1909,Calcio Como 1907,Jacobo Ramón,0,1,0,0,3,0,0,0,56,0,0,2,1,2,1
11,30 Aug 2025,,cmdro0qfo163kml8ooz371rtg,Daniele Doveri,Bologna FC 1909,Calcio Como 1907,I. Van der Brempt,0,0,0,0,1,1,0,0,13,0,0,0,0,1,0
11,30 Aug 2025,,cmdro0qfo163kml8ooz371rtg,Daniele Doveri,Bologna FC 1909,Calcio Como 1907,J. Butez,0,0,0,0,0,0,0,0,45,0,1,0,0,0,0
11,30 Aug 2025,,cmdro0qfo163kml8ooz371rtg,Daniele Doveri,Bologna FC 1909,Calcio Como 1907,M. Kempf,0,0,0,0,0,1,0,0,63,0,0,1,1,1,0
11,30 Aug 2025,,cmdro0qfo163kml8ooz371rtg,Daniele Doveri,Bologna FC 1909,Calcio Como 1907,L. da Cunha,0,0,0,4,0,0,0,0,49,0,0,0,0,1,0
11,30 Aug 2025,,cmdro0qfo163kml8ooz371rtg,Daniele Doveri,Bologna FC 1909,Calcio Como 1907,M. Vojvoda,0,0,0,0,0,0,0,0,17,0,0,1,0,0,1
11,30 Aug 2025,,cmdro0qfo163kml8ooz371rtg,Daniele Doveri,Bologna FC 1909,Calcio Como 1907,Jesús Rodríguez,0,1,0,2,0,1,0,0,23,0,0,3,0,2,0
11,30 Aug 2025,,cmdro0qfo163kml8ooz371rtg,Daniele Doveri,Bologna FC 1909,Calcio Como 1907,I. Smolčić,0,0,0,2,1,1,0,0,29,0,0,0,0,2,1
11,30 Aug 2025,,cmdro0qfo163kml8ooz371rtg,Daniele Doveri,Bologna FC 1909,Calcio Como 1907,Sergi Roberto,0,0,0,1,0,2,0,0,35,0,0,1,0,0,0
11,30 Aug 2025,,cmdro0qfo163kml8ooz371rtg,Daniele Doveri,Bologna FC 1909,Calcio Como 1907,Álvaro Morata,0,0,0,1,0,3,0,0,10,0,0,0,0,0,0
11,30 Aug 2025,,cmdro0qfo163kml8ooz371rtg,Daniele Doveri,Bologna FC 1909,Calcio Como 1907,N. Kühn,0,0,0,0,0,0,0,0,9,0,0,0,0,0,0
11,30 Aug 2025,,cmdro0qfo163kml8ooz371rtg,Daniele Doveri,Bologna FC 1909,Calcio Como 1907,M. Baturina,0,0,0,1,0,0,0,0,4,0,0,0,0,0,0
12,29 Aug 2025,,cmrzazt4puvob6i3e8792zk0k,Marco Guida,US Cremonese,US Sassuolo Calcio,F. Vázquez,0,0,0,1,0,2,1,0,29,0,0,2,2,0,0
12,29 Aug 2025,,cmrzazt4puvob6i3e8792zk0k,Marco Guida,US Cremonese,US Sassuolo Calcio,M. Bianchetti,0,0,0,0,1,0,0,0,45,0,0,0,0,0,0
12,29 Aug 2025,,cmrzazt4puvob6i3e8792zk0k,Marco Guida,US Cremonese,US Sassuolo Calcio,J. Vandeputte,1,1,2,7,1,0,0,0,23,0,0,1,0,3,0
12,29 Aug 2025,,cmrzazt4puvob6i3e8792zk0k,Marco Guida,US Cremonese,US Sassuolo Calcio,F. Baschirotto,0,0,0,1,0,0,0,0,39,0,0,0,0,0,0
12,29 Aug 2025,,cmrzazt4puvob6i3e8792zk0k,Marco Guida,US Cremonese,US Sassuolo Calcio,W. Bondo,0,0,0,0,1,2,0,0,28,0,0,0,0,5,0
12,29 Aug 2025,,cmrzazt4puvob6i3e8792zk0k,Marco Guida,US Cremonese,US Sassuolo Calcio,E. Audero,0,0,0,0,0,0,0,0,35,0,4,0,0,0,0
12,29 Aug 2025,,cmrzazt4puvob6i3e8792zk0k,Marco Guida,US Cremonese,US Sassuolo Calcio,A. Zerbin,0,2,1,0,2,2,0,0,34,0,0,2,0,3,0
12,29 Aug 2025,,cmrzazt4puvob6i3e8792zk0k,Marco Guida,US Cremonese,US Sassuolo Calcio,F. Terracciano,0,0,1,2,0,1,1,0,39,0,0,1,1,0,0
12,29 Aug 2025,,cmrzazt4puvob6i3e8792zk0k,Marco Guida,US Cremonese,US Sassuolo Calcio,G. Pezzella,0,0,0,3,1,1,0,0,22,0,0,0,0,4,0
12,29 Aug 2025,,cmrzazt4puvob6i3e8792zk0k,Marco Guida,US Cremonese,US Sassuolo Calcio,M. Collocolo,0,0,1,2,1,2,0,0,25,0,0,0,0,2,0
12,29 Aug 2025,,cmrzazt4puvob6i3e8792zk0k,Marco Guida,US Cremonese,US Sassuolo Calcio,A. Sanabria,1,0,0,0,3,1,0,0,10,0,0,2,1,0,1
12,29 Aug 2025,,cmrzazt4puvob6i3e8792zk0k,Marco Guida,US Cremonese,US Sassuolo Calcio,A. Grassi,0,0,0,0,1,1,0,0,15,0,0,0,0,0,1
12,29 Aug 2025,,cmrzazt4puvob6i3e8792zk0k,Marco Guida,US Cremonese,US Sassuolo Calcio,M. Payero,0,0,0,0,0,2,0,0,5,0,0,1,0,1,0
12,29 Aug 2025,,cmrzazt4puvob6i3e8792zk0k,Marco Guida,US Cremonese,US Sassuolo Calcio,D. Okereke,0,0,0,0,0,0,0,0,4,0,0,0,0,1,0
12,29 Aug 2025,,cmrzazt4puvob6i3e8792zk0k,Marco Guida,US Cremonese,US Sassuolo Calcio,R. Floriani Mussolini,0,0,0,0,1,2,0,0,2,0,0,0,0,0,0
12,29 Aug 2025,,cmrzazt4puvob6i3e8792zk0k,Marco Guida,US Cremonese,US Sassuolo Calcio,M. De Luca,0,0,0,0,0,0,1,0,4,0,0,2,2,0,0
12,29 Aug 2025,,cmrzazt4puvob6i3e8792zk0k,Marco Guida,US Cremonese,US Sassuolo Calcio,J. Doig,0,0,0,1,1,2,0,0,18,0,0,0,0,1,1
12,29 Aug 2025,,cmrzazt4puvob6i3e8792zk0k,Marco Guida,US Cremonese,US Sassuolo Calcio,A. Vranckx,0,0,1,2,2,5,0,0,40,0,0,0,0,2,0
12,29 Aug 2025,,cmrzazt4puvob6i3e8792zk0k,Marco Guida,US Cremonese,US Sassuolo Calcio,S. Walukiewicz,0,0,0,5,1,0,0,0,62,0,0,0,0,2,0
12,29 Aug 2025,,cmrzazt4puvob6i3e8792zk0k,Marco Guida,US Cremonese,US Sassuolo Calcio,J. Idzes,0,0,0,0,1,1,0,0,68,0,0,0,0,0,0
12,29 Aug 2025,,cmrzazt4puvob6i3e8792zk0k,Marco Guida,US Cremonese,US Sassuolo Calcio,T. Muharemović,0,0,0,0,1,0,0,0,83,0,0,0,0,2,0
12,29 Aug 2025,,cmrzazt4puvob6i3e8792zk0k,Marco Guida,US Cremonese,US Sassuolo Calcio,A. Murić,0,0,0,0,0,0,0,0,27,0,3,0,0,0,0
12,29 Aug 2025,,cmrzazt4puvob6i3e8792zk0k,Marco Guida,US Cremonese,US Sassuolo Calcio,A. Pinamonti,0,1,0,1,0,0,1,0,19,0,0,5,4,0,0
12,29 Aug 2025,,cmrzazt4puvob6i3e8792zk0k,Marco Guida,US Cremonese,US Sassuolo Calcio,A. Laurienté,0,0,0,1,2,0,0,0,12,0,0,1,0,2,0
12,29 Aug 2025,,cmrzazt4puvob6i3e8792zk0k,Marco Guida,US Cremonese,US Sassuolo Calcio,D. Boloca,0,0,0,0,0,0,0,0,15,0,0,0,0,0,0
12,29 Aug 2025,,cmrzazt4puvob6i3e8792zk0k,Marco Guida,US Cremonese,US Sassuolo Calcio,N. Matić,0,0,0,0,0,1,0,0,63,0,0,0,0,1,0
12,29 Aug 2025,,cmrzazt4puvob6i3e8792zk0k,Marco Guida,US Cremonese,US Sassuolo Calcio,D. Berardi,0,0,2,2,1,0,1,2,29,0,0,2,2,0,0
12,29 Aug 2025,,cmrzazt4puvob6i3e8792zk0k,Marco Guida,US Cremonese,US Sassuolo Calcio,Fali Candé,0,0,0,1,1,1,0,0,22,0,0,0,0,1,0
12,29 Aug 2025,,cmrzazt4puvob6i3e8792zk0k,Marco Guida,US Cremonese,US Sassuolo Calcio,C. Volpato,1,0,0,0,2,0,0,0,24,0,0,0,0,0,0
12,29 Aug 2025,,cmrzazt4puvob6i3e8792zk0k,Marco Guida,US Cremonese,US Sassuolo Calcio,A. Fadera,0,0,1,0,2,1,0,0,8,0,0,0,0,0,0
12,29 Aug 2025,,cmrzazt4puvob6i3e8792zk0k,Marco Guida,US Cremonese,US Sassuolo Calcio,L. Lipani,0,0,0,1,2,0,0,0,13,0,0,0,0,0,0
12,29 Aug 2025,,cmrzazt4puvob6i3e8792zk0k,Marco Guida,US Cremonese,US Sassuolo Calcio,E. Iannoni,0,0,0,0,1,0,0,0,4,0,0,1,0,0,1
12,29 Aug 2025,,cmrzazt4puvob6i3e8792zk0k,Marco Guida,US Cremonese,US Sassuolo Calcio,N. Pierini,0,0,0,0,0,0,0,0,0,0,0,0,0,0,0
13,31 Aug 2025,,cn63x2v18luvioyw8kovsgkyc,Daniele Chiffi,Genoa CFC,Juventus FC,Aarón Martín,0,0,0,7,1,3,0,0,35,0,0,0,0,3,0
13,31 Aug 2025,,cn63x2v18luvioyw8kovsgkyc,Daniele Chiffi,Genoa CFC,Juventus FC,P. Masini,0,0,0,0,0,3,0,0,32,0,0,1,0,4,0
13,31 Aug 2025,,cn63x2v18luvioyw8kovsgkyc,Daniele Chiffi,Genoa CFC,Juventus FC,B. Norton-Cuffy,0,0,0,4,3,0,0,0,42,0,0,0,0,2,0
13,31 Aug 2025,,cn63x2v18luvioyw8kovsgkyc,Daniele Chiffi,Genoa CFC,Juventus FC,L. Colombo,0,1,0,0,2,0,0,0,13,0,0,3,0,1,0
13,31 Aug 2025,,cn63x2v18luvioyw8kovsgkyc,Daniele Chiffi,Genoa CFC,Juventus FC,M. Ellertsson,0,1,1,0,2,3,0,0,14,0,0,2,1,0,0
13,31 Aug 2025,,cn63x2v18luvioyw8kovsgkyc,Daniele Chiffi,Genoa CFC,Juventus FC,L. Østigård,0,0,1,0,3,0,0,0,61,0,0,0,0,1,1
13,31 Aug 2025,,cn63x2v18luvioyw8kovsgkyc,Daniele Chiffi,Genoa CFC,Juventus FC,N. Stanciu,0,1,0,2,0,2,0,0,18,0,0,1,0,0,0
13,31 Aug 2025,,cn63x2v18luvioyw8kovsgkyc,Daniele Chiffi,Genoa CFC,Juventus FC,J. Vásquez,0,0,0,0,0,1,0,0,41,0,0,1,0,3,0
13,31 Aug 2025,,cn63x2v18luvioyw8kovsgkyc,Daniele Chiffi,Genoa CFC,Juventus FC,V. Carboni,0,0,0,1,2,1,0,0,19,0,0,0,0,2,0
13,31 Aug 2025,,cn63x2v18luvioyw8kovsgkyc,Daniele Chiffi,Genoa CFC,Juventus FC,M. Frendrup,0,0,0,1,1,0,0,0,25,0,0,0,0,4,0
13,31 Aug 2025,,cn63x2v18luvioyw8kovsgkyc,Daniele Chiffi,Genoa CFC,Juventus FC,N. Leali,0,0,0,0,0,0,0,0,21,0,2,0,0,0,0
13,31 Aug 2025,,cn63x2v18luvioyw8kovsgkyc,Daniele Chiffi,Genoa CFC,Juventus FC,M. Thorsby,0,0,0,0,0,0,0,0,6,0,0,0,0,0,0
13,31 Aug 2025,,cn63x2v18luvioyw8kovsgkyc,Daniele Chiffi,Genoa CFC,Juventus FC,R. Malinovskyi,0,0,0,1,0,1,0,0,13,0,0,1,0,0,0
13,31 Aug 2025,,cn63x2v18luvioyw8kovsgkyc,Daniele Chiffi,Genoa CFC,Juventus FC,C. Ekuban,0,0,1,0,0,1,0,0,2,0,0,1,0,0,0
13,31 Aug 2025,,cn63x2v18luvioyw8kovsgkyc,Daniele Chiffi,Genoa CFC,Juventus FC,Vítinha,0,0,0,0,0,0,0,0,4,0,0,0,0,1,0
13,31 Aug 2025,,cn63x2v18luvioyw8kovsgkyc,Daniele Chiffi,Genoa CFC,Juventus FC,J. Ekhator,0,0,0,1,0,0,0,0,4,0,0,0,0,0,0
13,31 Aug 2025,,cn63x2v18luvioyw8kovsgkyc,Daniele Chiffi,Genoa CFC,Juventus FC,K. Thuram,0,1,1,0,2,0,0,0,41,0,0,2,0,6,0
13,31 Aug 2025,,cn63x2v18luvioyw8kovsgkyc,Daniele Chiffi,Genoa CFC,Juventus FC,M. Di Gregorio,0,0,0,0,0,1,0,0,44,0,1,0,0,0,0
13,31 Aug 2025,,cn63x2v18luvioyw8kovsgkyc,Daniele Chiffi,Genoa CFC,Juventus FC,M. Locatelli,0,0,0,0,0,1,0,0,44,0,0,0,0,4,0
13,31 Aug 2025,,cn63x2v18luvioyw8kovsgkyc,Daniele Chiffi,Genoa CFC,Juventus FC,F. Gatti,0,0,1,0,1,1,0,0,53,0,0,1,1,1,0
13,31 Aug 2025,,cn63x2v18luvioyw8kovsgkyc,Daniele Chiffi,Genoa CFC,Juventus FC,P. Kalulu,0,1,1,3,2,0,0,0,40,0,0,1,0,1,0
13,31 Aug 2025,,cn63x2v18luvioyw8kovsgkyc,Daniele Chiffi,Genoa CFC,Juventus FC,Francisco Conceição,0,1,0,3,3,1,0,0,25,0,0,1,0,3,0
13,31 Aug 2025,,cn63x2v18luvioyw8kovsgkyc,Daniele Chiffi,Genoa CFC,Juventus FC,Bremer,0,0,0,0,0,1,0,0,49,0,0,0,0,0,0
13,31 Aug 2025,,cn63x2v18luvioyw8kovsgkyc,Daniele Chiffi,Genoa CFC,Juventus FC,L. Kelly,0,0,0,1,1,1,0,1,59,0,0,1,0,3,0
13,31 Aug 2025,,cn63x2v18luvioyw8kovsgkyc,Daniele Chiffi,Genoa CFC,Juventus FC,João Mário,0,1,0,0,2,1,0,0,24,0,0,1,0,3,1
13,31 Aug 2025,,cn63x2v18luvioyw8kovsgkyc,Daniele Chiffi,Genoa CFC,Juventus FC,K. Yıldız,0,0,0,3,1,3,0,1,21,0,0,1,1,1,0
13,31 Aug 2025,,cn63x2v18luvioyw8kovsgkyc,Daniele Chiffi,Genoa CFC,Juventus FC,J. David,0,0,0,0,1,1,0,0,13,0,0,1,0,0,0
13,31 Aug 2025,,cn63x2v18luvioyw8kovsgkyc,Daniele Chiffi,Genoa CFC,Juventus FC,D. Vlahović,0,1,0,0,1,1,1,0,10,0,0,2,1,0,0
13,31 Aug 2025,,cn63x2v18luvioyw8kovsgkyc,Daniele Chiffi,Genoa CFC,Juventus FC,F. Kostić,1,0,1,4,0,0,0,0,3,0,0,1,0,3,0
13,31 Aug 2025,,cn63x2v18luvioyw8kovsgkyc,Daniele Chiffi,Genoa CFC,Juventus FC,T. Koopmeiners,0,0,0,0,1,0,0,0,16,0,0,0,0,1,1
13,31 Aug 2025,,cn63x2v18luvioyw8kovsgkyc,Daniele Chiffi,Genoa CFC,Juventus FC,N. González,0,1,0,0,0,1,0,0,4,0,0,1,0,0,0
13,31 Aug 2025,,cn63x2v18luvioyw8kovsgkyc,Daniele Chiffi,Genoa CFC,Juventus FC,W. McKennie,0,0,0,0,0,0,0,0,3,0,0,0,0,0,0
14,31 Aug 2025,,cnk8qz4vy7manfhepmw2luln8,Matteo Marchetti,FC Internazionale Milano,Udinese Calcio,F. Acerbi,0,0,0,0,1,0,0,0,73,0,0,0,0,1,0
14,31 Aug 2025,,cnk8qz4vy7manfhepmw2luln8,Matteo Marchetti,FC Internazionale Milano,Udinese Calcio,P. Sučić,0,0,1,0,0,1,0,0,23,0,0,0,0,1,0
14,31 Aug 2025,,cnk8qz4vy7manfhepmw2luln8,Matteo Marchetti,FC Internazionale Milano,Udinese Calcio,M. Thuram,1,0,1,3,1,0,0,1,18,0,0,3,1,0,0
14,31 Aug 2025,,cnk8qz4vy7manfhepmw2luln8,Matteo Marchetti,FC Internazionale Milano,Udinese Calcio,N. Barella,0,0,3,5,1,1,0,0,54,0,0,0,0,1,0
14,31 Aug 2025,,cnk8qz4vy7manfhepmw2luln8,Matteo Marchetti,FC Internazionale Milano,Udinese Calcio,Y. Bisseck,0,0,0,0,4,1,0,1,58,0,0,2,1,3,0
14,31 Aug 2025,,cnk8qz4vy7manfhepmw2luln8,Matteo Marchetti,FC Internazionale Milano,Udinese Calcio,A. Bastoni,0,0,1,3,1,0,0,0,86,0,0,1,1,2,0
14,31 Aug 2025,,cnk8qz4vy7manfhepmw2luln8,Matteo Marchetti,FC Internazionale Milano,Udinese Calcio,Y. Sommer,0,0,0,0,0,0,0,0,34,0,3,0,0,0,0
14,31 Aug 2025,,cnk8qz4vy7manfhepmw2luln8,Matteo Marchetti,FC Internazionale Milano,Udinese Calcio,F. Dimarco,0,1,0,8,2,0,0,0,28,0,0,4,0,0,0
14,31 Aug 2025,,cnk8qz4vy7manfhepmw2luln8,Matteo Marchetti,FC Internazionale Milano,Udinese Calcio,D. Dumfries,0,0,2,4,2,0,1,0,25,0,0,1,1,1,0
14,31 Aug 2025,,cnk8qz4vy7manfhepmw2luln8,Matteo Marchetti,FC Internazionale Milano,Udinese Calcio,H. Çalhanoğlu,0,0,0,6,2,1,0,0,29,0,0,1,0,0,0
14,31 Aug 2025,,cnk8qz4vy7manfhepmw2luln8,Matteo Marchetti,FC Internazionale Milano,Udinese Calcio,L. Martínez,0,0,1,0,2,0,0,0,17,0,0,1,0,3,1
14,31 Aug 2025,,cnk8qz4vy7manfhepmw2luln8,Matteo Marchetti,FC Internazionale Milano,Udinese Calcio,H. Mkhitaryan,0,0,1,7,0,0,0,0,24,0,0,0,0,0,0
14,31 Aug 2025,,cnk8qz4vy7manfhepmw2luln8,Matteo Marchetti,FC Internazionale Milano,Udinese Calcio,F. Esposito,0,0,1,0,1,1,0,0,4,0,0,0,0,0,0
14,31 Aug 2025,,cnk8qz4vy7manfhepmw2luln8,Matteo Marchetti,FC Internazionale Milano,Udinese Calcio,Carlos Augusto,0,0,1,1,0,0,0,0,8,0,0,1,0,0,0
14,31 Aug 2025,,cnk8qz4vy7manfhepmw2luln8,Matteo Marchetti,FC Internazionale Milano,Udinese Calcio,P. Zieliński,0,1,1,0,0,0,0,0,10,0,0,2,0,0,0
14,31 Aug 2025,,cnk8qz4vy7manfhepmw2luln8,Matteo Marchetti,FC Internazionale Milano,Udinese Calcio,A. Bonny,0,0,0,0,0,0,0,0,6,0,0,0,0,0,0
14,31 Aug 2025,,cnk8qz4vy7manfhepmw2luln8,Matteo Marchetti,FC Internazionale Milano,Udinese Calcio,K. Davis,1,0,0,0,0,4,1,0,13,0,0,3,2,0,0
14,31 Aug 2025,,cnk8qz4vy7manfhepmw2luln8,Matteo Marchetti,FC Internazionale Milano,Udinese Calcio,J. Karlström,0,0,0,0,0,0,0,0,26,0,0,0,0,2,0
14,31 Aug 2025,,cnk8qz4vy7manfhepmw2luln8,Matteo Marchetti,FC Internazionale Milano,Udinese Calcio,O. Solet,0,1,0,1,1,3,0,0,34,0,0,1,0,2,0
14,31 Aug 2025,,cnk8qz4vy7manfhepmw2luln8,Matteo Marchetti,FC Internazionale Milano,Udinese Calcio,R. Sava,0,0,0,0,0,0,0,0,32,0,2,0,0,0,1
14,31 Aug 2025,,cnk8qz4vy7manfhepmw2luln8,Matteo Marchetti,FC Internazionale Milano,Udinese Calcio,T. Kristensen,0,0,0,0,0,1,0,0,26,0,0,0,0,0,0
14,31 Aug 2025,,cnk8qz4vy7manfhepmw2luln8,Matteo Marchetti,FC Internazionale Milano,Udinese Calcio,N. Bertola,0,0,0,0,0,0,0,0,16,0,0,0,0,0,1
14,31 Aug 2025,,cnk8qz4vy7manfhepmw2luln8,Matteo Marchetti,FC Internazionale Milano,Udinese Calcio,V. Bayo,0,0,0,0,2,0,0,0,21,0,0,1,0,0,0
14,31 Aug 2025,,cnk8qz4vy7manfhepmw2luln8,Matteo Marchetti,FC Internazionale Milano,Udinese Calcio,A. Atta,0,0,0,1,0,4,1,0,16,0,0,2,2,1,0
14,31 Aug 2025,,cnk8qz4vy7manfhepmw2luln8,Matteo Marchetti,FC Internazionale Milano,Udinese Calcio,J. Zemura,0,0,2,3,0,1,0,0,21,0,0,1,0,0,0
14,31 Aug 2025,,cnk8qz4vy7manfhepmw2luln8,Matteo Marchetti,FC Internazionale Milano,Udinese Calcio,K. Ehizibue,0,0,0,2,0,1,0,0,9,0,0,0,0,1,0
14,31 Aug 2025,,cnk8qz4vy7manfhepmw2luln8,Matteo Marchetti,FC Internazionale Milano,Udinese Calcio,J. Piotrowski,0,0,0,2,0,0,0,0,15,0,0,1,1,1,0
14,31 Aug 2025,,cnk8qz4vy7manfhepmw2luln8,Matteo Marchetti,FC Internazionale Milano,Udinese Calcio,S. Goglichidze,0,0,0,2,0,0,0,0,5,0,0,0,0,0,0
14,31 Aug 2025,,cnk8qz4vy7manfhepmw2luln8,Matteo Marchetti,FC Internazionale Milano,Udinese Calcio,A. Buksa,0,0,0,0,1,0,0,0,4,0,0,0,0,1,0
14,31 Aug 2025,,cnk8qz4vy7manfhepmw2luln8,Matteo Marchetti,FC Internazionale Milano,Udinese Calcio,Oier Zarraga,0,0,0,0,1,0,0,0,4,0,0,0,0,0,1
14,31 Aug 2025,,cnk8qz4vy7manfhepmw2luln8,Matteo Marchetti,FC Internazionale Milano,Udinese Calcio,J. Ekkelenkamp,0,0,0,0,0,0,0,0,3,0,0,1,0,0,0
14,31 Aug 2025,,cnk8qz4vy7manfhepmw2luln8,Matteo Marchetti,FC Internazionale Milano,Udinese Calcio,Rui Modesto,0,0,0,1,0,0,0,0,0,0,0,0,0,0,0
15,31 Aug 2025,,cnye1t7vywtihm10fiy3n6ot0,Valerio Crezzini,SS Lazio,Hellas Verona FC,M. Cancellieri,0,2,2,0,1,4,0,0,40,0,0,3,0,1,0
15,31 Aug 2025,,cnye1t7vywtihm10fiy3n6ot0,Valerio Crezzini,SS Lazio,Hellas Verona FC,Mario Gila,0,0,1,0,1,0,0,0,90,0,0,1,0,1,0
15,31 Aug 2025,,cnye1t7vywtihm10fiy3n6ot0,Valerio Crezzini,SS Lazio,Hellas Verona FC,V. Castellanos,2,3,1,0,0,3,1,0,24,0,0,6,1,0,0
15,31 Aug 2025,,cnye1t7vywtihm10fiy3n6ot0,Valerio Crezzini,SS Lazio,Hellas Verona FC,A. Marušić,0,0,0,0,0,0,0,0,76,0,0,0,0,1,0
15,31 Aug 2025,,cnye1t7vywtihm10fiy3n6ot0,Valerio Crezzini,SS Lazio,Hellas Verona FC,Nuno Tavares,0,1,2,9,2,2,0,1,64,0,0,1,0,1,0
15,31 Aug 2025,,cnye1t7vywtihm10fiy3n6ot0,Valerio Crezzini,SS Lazio,Hellas Verona FC,N. Rovella,1,0,0,7,1,3,0,0,116,0,0,1,0,1,0
15,31 Aug 2025,,cnye1t7vywtihm10fiy3n6ot0,Valerio Crezzini,SS Lazio,Hellas Verona FC,O. Provstgaard,0,0,0,0,0,1,0,0,59,0,0,0,0,0,0
15,31 Aug 2025,,cnye1t7vywtihm10fiy3n6ot0,Valerio Crezzini,SS Lazio,Hellas Verona FC,M. Guendouzi,0,1,0,0,1,0,1,0,78,0,0,3,1,3,0
15,31 Aug 2025,,cnye1t7vywtihm10fiy3n6ot0,Valerio Crezzini,SS Lazio,Hellas Verona FC,M. Zaccagni,0,0,1,2,0,4,1,0,34,0,0,3,2,0,0
15,31 Aug 2025,,cnye1t7vywtihm10fiy3n6ot0,Valerio Crezzini,SS Lazio,Hellas Verona FC,F. Dele-Bashiru,0,0,1,0,1,0,0,0,45,0,0,0,0,0,0
15,31 Aug 2025,,cnye1t7vywtihm10fiy3n6ot0,Valerio Crezzini,SS Lazio,Hellas Verona FC,I. Provedel,0,0,0,0,0,0,0,0,21,0,4,0,0,0,0
15,31 Aug 2025,,cnye1t7vywtihm10fiy3n6ot0,Valerio Crezzini,SS Lazio,Hellas Verona FC,L. Pellegrini,0,0,0,2,0,0,0,0,13,0,0,2,1,0,0
15,31 Aug 2025,,cnye1t7vywtihm10fiy3n6ot0,Valerio Crezzini,SS Lazio,Hellas Verona FC,Pedro,0,1,0,0,0,2,0,0,18,0,0,1,0,0,0
15,31 Aug 2025,,cnye1t7vywtihm10fiy3n6ot0,Valerio Crezzini,SS Lazio,Hellas Verona FC,R. Belahyane,1,0,0,0,0,0,0,0,10,0,0,0,0,1,0
15,31 Aug 2025,,cnye1t7vywtihm10fiy3n6ot0,Valerio Crezzini,SS Lazio,Hellas Verona FC,B. Dia,0,0,0,0,1,0,1,0,10,0,0,1,1,0,0
15,31 Aug 2025,,cnye1t7vywtihm10fiy3n6ot0,Valerio Crezzini,SS Lazio,Hellas Verona FC,E. Hysaj,0,0,0,0,0,0,0,0,4,0,0,0,0,0,0
15,31 Aug 2025,,cnye1t7vywtihm10fiy3n6ot0,Valerio Crezzini,SS Lazio,Hellas Verona FC,A. Harroui,0,0,0,0,2,1,0,0,14,0,0,1,1,1,0
15,31 Aug 2025,,cnye1t7vywtihm10fiy3n6ot0,Valerio Crezzini,SS Lazio,Hellas Verona FC,V. Nelsson,0,0,0,0,2,0,0,0,31,0,0,0,0,1,0
15,31 Aug 2025,,cnye1t7vywtihm10fiy3n6ot0,Valerio Crezzini,SS Lazio,Hellas Verona FC,A. Sarr,0,0,0,0,2,2,0,1,13,0,0,0,0,1,0
15,31 Aug 2025,,cnye1t7vywtihm10fiy3n6ot0,Valerio Crezzini,SS Lazio,Hellas Verona FC,S. Serdar,0,1,0,0,3,1,0,0,24,0,0,3,0,4,0
15,31 Aug 2025,,cnye1t7vywtihm10fiy3n6ot0,Valerio Crezzini,SS Lazio,Hellas Verona FC,F. Cham,0,0,0,1,2,2,0,0,10,0,0,1,1,4,0
15,31 Aug 2025,,cnye1t7vywtihm10fiy3n6ot0,Valerio Crezzini,SS Lazio,Hellas Verona FC,Unai Núñez,0,1,1,1,3,0,0,0,27,0,0,1,0,4,0
15,31 Aug 2025,,cnye1t7vywtihm10fiy3n6ot0,Valerio Crezzini,SS Lazio,Hellas Verona FC,L. Montipò,0,0,0,0,0,0,0,0,30,0,2,0,0,0,0
15,31 Aug 2025,,cnye1t7vywtihm10fiy3n6ot0,Valerio Crezzini,SS Lazio,Hellas Verona FC,Giovane,0,0,0,1,0,0,0,0,20,0,0,2,2,0,0
15,31 Aug 2025,,cnye1t7vywtihm10fiy3n6ot0,Valerio Crezzini,SS Lazio,Hellas Verona FC,E. Ebosse,0,0,0,0,2,0,0,0,22,0,0,0,0,0,0
15,31 Aug 2025,,cnye1t7vywtihm10fiy3n6ot0,Valerio Crezzini,SS Lazio,Hellas Verona FC,D. Bradarić,0,0,0,2,0,1,0,0,29,0,0,0,0,2,0
15,31 Aug 2025,,cnye1t7vywtihm10fiy3n6ot0,Valerio Crezzini,SS Lazio,Hellas Verona FC,A. Bernede,0,1,0,1,1,0,0,0,22,0,0,3,0,2,0
15,31 Aug 2025,,cnye1t7vywtihm10fiy3n6ot0,Valerio Crezzini,SS Lazio,Hellas Verona FC,M. Frese,0,0,0,1,1,0,0,0,19,0,0,0,0,0,0
15,31 Aug 2025,,cnye1t7vywtihm10fiy3n6ot0,Valerio Crezzini,SS Lazio,Hellas Verona FC,A. Bella-Kotchap,0,0,0,0,0,0,0,0,18,0,0,1,0,0,0
15,31 Aug 2025,,cnye1t7vywtihm10fiy3n6ot0,Valerio Crezzini,SS Lazio,Hellas Verona FC,Al Musrati,0,0,0,0,1,0,0,0,18,0,0,0,0,1,0
15,31 Aug 2025,,cnye1t7vywtihm10fiy3n6ot0,Valerio Crezzini,SS Lazio,Hellas Verona FC,R. Belghali,0,0,0,0,0,0,0,0,2,0,0,0,0,0,0
15,31 Aug 2025,,cnye1t7vywtihm10fiy3n6ot0,Valerio Crezzini,SS Lazio,Hellas Verona FC,D. Mosquera,0,0,0,0,0,0,0,0,1,0,0,0,0,0,0
91,1 Nov 2025,,digmzny5no6kxh6hfopalgahg,Daniele Chiffi,US Cremonese,Juventus FC,F. Baschirotto,0,0,0,1,2,0,0,0,65,0,0,0,0,1,0
91,1 Nov 2025,,digmzny5no6kxh6hfopalgahg,Daniele Chiffi,US Cremonese,Juventus FC,M. Payero,0,0,1,4,3,3,0,0,34,0,0,1,0,2,0
91,1 Nov 2025,,digmzny5no6kxh6hfopalgahg,Daniele Chiffi,US Cremonese,Juventus FC,W. Bondo,0,0,0,0,1,3,0,0,33,0,0,0,0,0,0
91,1 Nov 2025,,digmzny5no6kxh6hfopalgahg,Daniele Chiffi,US Cremonese,Juventus FC,J. Vandeputte,0,1,0,2,0,1,0,0,59,0,0,1,0,4,0
91,1 Nov 2025,,digmzny5no6kxh6hfopalgahg,Daniele Chiffi,US Cremonese,Juventus FC,R. Floriani Mussolini,0,0,0,0,1,0,0,0,18,0,0,0,0,0,0
91,1 Nov 2025,,digmzny5no6kxh6hfopalgahg,Daniele Chiffi,US Cremonese,Juventus FC,M. Bianchetti,0,0,0,2,2,0,0,0,73,0,0,0,0,2,1
91,1 Nov 2025,,digmzny5no6kxh6hfopalgahg,Daniele Chiffi,US Cremonese,Juventus FC,Emilio Audero Mulyadi,0,0,0,0,0,1,0,0,40,0,3,0,0,0,0
91,1 Nov 2025,,digmzny5no6kxh6hfopalgahg,Daniele Chiffi,US Cremonese,Juventus FC,J. Vardy,0,1,0,2,0,0,1,0,8,0,0,2,1,1,0
91,1 Nov 2025,,digmzny5no6kxh6hfopalgahg,Daniele Chiffi,US Cremonese,Juventus FC,F. Terracciano,0,0,0,1,0,0,0,0,49,0,0,0,0,0,0
91,1 Nov 2025,,digmzny5no6kxh6hfopalgahg,Daniele Chiffi,US Cremonese,Juventus FC,T. Barbieri,0,1,1,7,1,2,0,0,35,0,0,1,0,4,0
91,1 Nov 2025,,digmzny5no6kxh6hfopalgahg,Daniele Chiffi,US Cremonese,Juventus FC,F. Bonazzoli,0,0,0,1,0,1,0,0,23,0,0,1,1,0,0
91,1 Nov 2025,,digmzny5no6kxh6hfopalgahg,Daniele Chiffi,US Cremonese,Juventus FC,J. Sarmiento,0,0,0,1,0,1,0,0,6,0,0,0,0,1,0
91,1 Nov 2025,,digmzny5no6kxh6hfopalgahg,Daniele Chiffi,US Cremonese,Juventus FC,M. Faye,0,1,0,0,0,1,0,0,10,0,0,1,0,1,0
91,1 Nov 2025,,digmzny5no6kxh6hfopalgahg,Daniele Chiffi,US Cremonese,Juventus FC,F. Vázquez,0,1,0,0,0,1,0,0,12,0,0,1,0,2,0
91,1 Nov 2025,,digmzny5no6kxh6hfopalgahg,Daniele Chiffi,US Cremonese,Juventus FC,D. Johnsen,1,0,0,0,0,0,0,0,5,0,0,1,0,0,0
91,1 Nov 2025,,digmzny5no6kxh6hfopalgahg,Daniele Chiffi,US Cremonese,Juventus FC,D. Vlahović,0,1,0,0,1,3,0,1,29,0,0,5,2,0,0
91,1 Nov 2025,,digmzny5no6kxh6hfopalgahg,Daniele Chiffi,US Cremonese,Juventus FC,M. Locatelli,0,0,0,1,2,1,0,0,52,0,0,2,1,6,0
91,1 Nov 2025,,digmzny5no6kxh6hfopalgahg,Daniele Chiffi,US Cremonese,Juventus FC,P. Kalulu,0,0,0,0,0,0,0,0,56,0,0,0,0,1,0
91,1 Nov 2025,,digmzny5no6kxh6hfopalgahg,Daniele Chiffi,US Cremonese,Juventus FC,F. Gatti,0,0,0,0,0,1,0,0,36,0,0,0,0,0,0
91,1 Nov 2025,,digmzny5no6kxh6hfopalgahg,Daniele Chiffi,US Cremonese,Juventus FC,T. Koopmeiners,0,0,0,1,2,0,0,0,53,0,0,0,0,0,0
91,1 Nov 2025,,digmzny5no6kxh6hfopalgahg,Daniele Chiffi,US Cremonese,Juventus FC,K. Thuram,0,0,0,1,2,0,0,0,41,0,0,0,0,0,0
91,1 Nov 2025,,digmzny5no6kxh6hfopalgahg,Daniele Chiffi,US Cremonese,Juventus FC,M. Di Gregorio,0,0,0,0,0,0,0,0,27,0,1,0,0,0,0
91,1 Nov 2025,,digmzny5no6kxh6hfopalgahg,Daniele Chiffi,US Cremonese,Juventus FC,A. Cambiaso,0,0,1,3,1,1,1,0,41,0,0,1,1,1,0
91,1 Nov 2025,,digmzny5no6kxh6hfopalgahg,Daniele Chiffi,US Cremonese,Juventus FC,W. McKennie,0,0,0,1,2,0,0,0,39,0,0,1,0,2,0
91,1 Nov 2025,,digmzny5no6kxh6hfopalgahg,Daniele Chiffi,US Cremonese,Juventus FC,L. Openda,0,1,1,0,0,2,0,1,26,0,0,4,0,0,0
91,1 Nov 2025,,digmzny5no6kxh6hfopalgahg,Daniele Chiffi,US Cremonese,Juventus FC,F. Kostić,0,0,1,6,1,1,1,0,32,0,0,1,1,2,0
91,1 Nov 2025,,digmzny5no6kxh6hfopalgahg,Daniele Chiffi,US Cremonese,Juventus FC,Francisco Conceição,0,1,0,2,2,1,0,0,7,0,0,1,0,0,0
91,1 Nov 2025,,digmzny5no6kxh6hfopalgahg,Daniele Chiffi,US Cremonese,Juventus FC,João Mário,0,0,0,0,0,0,0,0,5,0,0,0,0,0,0
91,1 Nov 2025,,digmzny5no6kxh6hfopalgahg,Daniele Chiffi,US Cremonese,Juventus FC,V. Adžić,0,0,0,0,1,0,0,0,4,0,0,0,0,2,0
91,1 Nov 2025,,digmzny5no6kxh6hfopalgahg,Daniele Chiffi,US Cremonese,Juventus FC,J. David,0,0,0,0,0,0,0,0,8,0,0,0,0,0,0
91,1 Nov 2025,,digmzny5no6kxh6hfopalgahg,Daniele Chiffi,US Cremonese,Juventus FC,D. Rugani,0,0,0,0,0,0,0,0,2,0,0,0,0,0,0
92,2 Nov 2025,,diuxkzq1t6j5r3b8myu04i3h0,Antonio Rapuano,ACF Fiorentina,US Lecce,N. Fagioli,0,0,0,1,1,1,0,0,37,0,0,0,0,1,1
92,2 Nov 2025,,diuxkzq1t6j5r3b8myu04i3h0,Antonio Rapuano,ACF Fiorentina,US Lecce,David de Gea,0,0,0,0,0,0,0,0,34,0,3,0,0,0,0
92,2 Nov 2025,,diuxkzq1t6j5r3b8myu04i3h0,Antonio Rapuano,ACF Fiorentina,US Lecce,N. Fortini,0,0,0,6,1,3,0,0,28,0,0,1,1,2,0
92,2 Nov 2025,,diuxkzq1t6j5r3b8myu04i3h0,Antonio Rapuano,ACF Fiorentina,US Lecce,H. Nicolussi,0,0,1,5,1,3,0,0,39,0,0,0,0,1,1
92,2 Nov 2025,,diuxkzq1t6j5r3b8myu04i3h0,Antonio Rapuano,ACF Fiorentina,US Lecce,P. Comuzzo,0,0,0,0,0,1,0,0,44,0,0,0,0,1,0
92,2 Nov 2025,,diuxkzq1t6j5r3b8myu04i3h0,Antonio Rapuano,ACF Fiorentina,US Lecce,L. Ranieri,0,0,0,2,1,2,0,1,61,0,0,1,0,5,1
92,2 Nov 2025,,diuxkzq1t6j5r3b8myu04i3h0,Antonio Rapuano,ACF Fiorentina,US Lecce,M. Pongračić,0,1,0,0,1,3,0,0,60,0,0,2,0,0,0
92,2 Nov 2025,,diuxkzq1t6j5r3b8myu04i3h0,Antonio Rapuano,ACF Fiorentina,US Lecce,Dodô,0,0,0,4,0,4,0,0,43,0,0,1,0,0,0
92,2 Nov 2025,,diuxkzq1t6j5r3b8myu04i3h0,Antonio Rapuano,ACF Fiorentina,US Lecce,C. Ndour,0,0,0,2,0,1,0,0,19,0,0,0,0,0,0
92,2 Nov 2025,,diuxkzq1t6j5r3b8myu04i3h0,Antonio Rapuano,ACF Fiorentina,US Lecce,M. Kean,0,3,1,0,2,0,0,1,8,0,0,6,2,0,1
92,2 Nov 2025,,diuxkzq1t6j5r3b8myu04i3h0,Antonio Rapuano,ACF Fiorentina,US Lecce,E. Džeko,0,0,1,0,0,0,0,0,18,0,0,1,1,0,0
92,2 Nov 2025,,diuxkzq1t6j5r3b8myu04i3h0,Antonio Rapuano,ACF Fiorentina,US Lecce,A. Guðmundsson,0,0,0,1,0,0,0,0,13,0,0,1,0,0,0
92,2 Nov 2025,,diuxkzq1t6j5r3b8myu04i3h0,Antonio Rapuano,ACF Fiorentina,US Lecce,S. Sohm,0,0,0,1,1,0,0,0,20,0,0,1,0,0,0
92,2 Nov 2025,,diuxkzq1t6j5r3b8myu04i3h0,Antonio Rapuano,ACF Fiorentina,US Lecce,R. Mandragora,0,0,1,3,2,1,0,0,26,0,0,0,0,1,0
92,2 Nov 2025,,diuxkzq1t6j5r3b8myu04i3h0,Antonio Rapuano,ACF Fiorentina,US Lecce,R. Piccoli,0,0,0,0,3,1,0,1,5,0,0,1,0,0,0
92,2 Nov 2025,,diuxkzq1t6j5r3b8myu04i3h0,Antonio Rapuano,ACF Fiorentina,US Lecce,J. Fazzini,0,0,0,1,1,1,0,0,4,0,0,0,0,0,0
92,2 Nov 2025,,diuxkzq1t6j5r3b8myu04i3h0,Antonio Rapuano,ACF Fiorentina,US Lecce,Tete Morente,0,0,1,2,4,0,0,0,28,0,0,3,1,2,0
92,2 Nov 2025,,diuxkzq1t6j5r3b8myu04i3h0,Antonio Rapuano,ACF Fiorentina,US Lecce,Danilo Veiga,0,0,1,3,2,3,0,0,24,0,0,0,0,1,1
92,2 Nov 2025,,diuxkzq1t6j5r3b8myu04i3h0,Antonio Rapuano,ACF Fiorentina,US Lecce,M. Berisha,0,2,1,6,2,0,1,0,23,0,0,3,1,2,0
92,2 Nov 2025,,diuxkzq1t6j5r3b8myu04i3h0,Antonio Rapuano,ACF Fiorentina,US Lecce,W. Falcone,0,0,0,0,0,0,0,0,31,0,4,0,0,0,0
92,2 Nov 2025,,diuxkzq1t6j5r3b8myu04i3h0,Antonio Rapuano,ACF Fiorentina,US Lecce,N. Štulić,0,0,0,0,2,1,0,0,21,0,0,0,0,4,0
92,2 Nov 2025,,diuxkzq1t6j5r3b8myu04i3h0,Antonio Rapuano,ACF Fiorentina,US Lecce,Y. Ramadani,0,0,0,0,2,3,0,0,35,0,0,1,1,3,0
92,2 Nov 2025,,diuxkzq1t6j5r3b8myu04i3h0,Antonio Rapuano,ACF Fiorentina,US Lecce,Kialonda Gaspar,0,0,0,0,0,0,0,0,21,0,0,1,0,1,0
92,2 Nov 2025,,diuxkzq1t6j5r3b8myu04i3h0,Antonio Rapuano,ACF Fiorentina,US Lecce,L. Coulibaly,0,0,0,0,0,1,0,0,25,0,0,1,0,1,0
92,2 Nov 2025,,diuxkzq1t6j5r3b8myu04i3h0,Antonio Rapuano,ACF Fiorentina,US Lecce,A. Gallo,0,0,0,1,1,0,0,0,33,0,0,0,0,2,0
92,2 Nov 2025,,diuxkzq1t6j5r3b8myu04i3h0,Antonio Rapuano,ACF Fiorentina,US Lecce,L. Banda,0,0,1,2,3,1,0,0,12,0,0,2,1,1,0
92,2 Nov 2025,,diuxkzq1t6j5r3b8myu04i3h0,Antonio Rapuano,ACF Fiorentina,US Lecce,Tiago Gabriel,0,0,0,0,0,2,0,0,12,0,0,0,0,2,0
92,2 Nov 2025,,diuxkzq1t6j5r3b8myu04i3h0,Antonio Rapuano,ACF Fiorentina,US Lecce,S. Pierotti,0,0,0,0,1,1,0,0,4,0,0,0,0,2,0
92,2 Nov 2025,,diuxkzq1t6j5r3b8myu04i3h0,Antonio Rapuano,ACF Fiorentina,US Lecce,Y. Maleh,0,0,0,0,2,1,0,0,2,0,0,0,0,0,0
92,2 Nov 2025,,diuxkzq1t6j5r3b8myu04i3h0,Antonio Rapuano,ACF Fiorentina,US Lecce,F. Camarda,0,0,0,0,1,0,0,0,4,0,0,0,0,0,0
92,2 Nov 2025,,diuxkzq1t6j5r3b8myu04i3h0,Antonio Rapuano,ACF Fiorentina,US Lecce,M. Kaba,0,0,0,0,1,0,0,0,1,0,0,0,0,0,0
93,3 Nov 2025,,dj93wlc4y6a5z30ns89tmayac,Juan Luca Sacchi,SS Lazio,Cagliari Calcio,B. Dia,0,0,0,0,2,0,0,0,11,0,0,0,0,0,0
93,3 Nov 2025,,dj93wlc4y6a5z30ns89tmayac,Juan Luca Sacchi,SS Lazio,Cagliari Calcio,A. Romagnoli,0,0,0,0,1,0,0,0,43,0,0,0,0,2,0
93,3 Nov 2025,,dj93wlc4y6a5z30ns89tmayac,Juan Luca Sacchi,SS Lazio,Cagliari Calcio,Mario Gila,0,0,0,0,0,2,0,0,54,0,0,0,0,1,0
93,3 Nov 2025,,dj93wlc4y6a5z30ns89tmayac,Juan Luca Sacchi,SS Lazio,Cagliari Calcio,A. Marušić,0,0,1,0,0,1,0,0,43,0,0,2,1,3,0
93,3 Nov 2025,,dj93wlc4y6a5z30ns89tmayac,Juan Luca Sacchi,SS Lazio,Cagliari Calcio,D. Cataldi,0,0,1,3,1,1,0,0,53,0,0,1,0,3,0
93,3 Nov 2025,,dj93wlc4y6a5z30ns89tmayac,Juan Luca Sacchi,SS Lazio,Cagliari Calcio,M. Zaccagni,0,0,0,2,1,4,1,0,40,0,0,3,1,2,0
93,3 Nov 2025,,dj93wlc4y6a5z30ns89tmayac,Juan Luca Sacchi,SS Lazio,Cagliari Calcio,T. Bašić,0,0,0,6,1,1,0,0,34,0,0,1,0,0,0
93,3 Nov 2025,,dj93wlc4y6a5z30ns89tmayac,Juan Luca Sacchi,SS Lazio,Cagliari Calcio,M. Lazzari,0,0,2,3,0,3,0,0,24,0,0,0,0,1,0
93,3 Nov 2025,,dj93wlc4y6a5z30ns89tmayac,Juan Luca Sacchi,SS Lazio,Cagliari Calcio,I. Provedel,0,0,0,0,0,0,0,0,33,0,5,0,0,0,0
93,3 Nov 2025,,dj93wlc4y6a5z30ns89tmayac,Juan Luca Sacchi,SS Lazio,Cagliari Calcio,M. Guendouzi,1,0,0,1,1,1,0,0,41,0,0,0,0,1,0
93,3 Nov 2025,,dj93wlc4y6a5z30ns89tmayac,Juan Luca Sacchi,SS Lazio,Cagliari Calcio,G. Isaksen,0,0,2,0,0,2,1,0,21,0,0,1,1,2,0
93,3 Nov 2025,,dj93wlc4y6a5z30ns89tmayac,Juan Luca Sacchi,SS Lazio,Cagliari Calcio,O. Provstgaard,0,0,0,0,0,1,0,0,23,0,0,0,0,1,0
93,3 Nov 2025,,dj93wlc4y6a5z30ns89tmayac,Juan Luca Sacchi,SS Lazio,Cagliari Calcio,M. Vecino,0,0,0,0,1,1,0,0,12,0,0,0,0,1,0
93,3 Nov 2025,,dj93wlc4y6a5z30ns89tmayac,Juan Luca Sacchi,SS Lazio,Cagliari Calcio,L. Pellegrini,0,0,1,2,0,0,0,0,5,0,0,0,0,0,0
93,3 Nov 2025,,dj93wlc4y6a5z30ns89tmayac,Juan Luca Sacchi,SS Lazio,Cagliari Calcio,Pedro,0,0,0,1,0,0,0,0,4,0,0,0,0,0,0
93,3 Nov 2025,,dj93wlc4y6a5z30ns89tmayac,Juan Luca Sacchi,SS Lazio,Cagliari Calcio,T. Noslin,0,0,0,0,0,0,0,0,2,0,0,0,0,0,0
93,3 Nov 2025,,dj93wlc4y6a5z30ns89tmayac,Juan Luca Sacchi,SS Lazio,Cagliari Calcio,Y. Mina,0,0,0,0,1,1,0,0,74,0,0,1,1,1,0
93,3 Nov 2025,,dj93wlc4y6a5z30ns89tmayac,Juan Luca Sacchi,SS Lazio,Cagliari Calcio,G. Gaetano,0,0,0,1,3,0,0,0,34,0,0,1,1,0,1
93,3 Nov 2025,,dj93wlc4y6a5z30ns89tmayac,Juan Luca Sacchi,SS Lazio,Cagliari Calcio,G. Zappa,0,0,1,1,1,1,0,0,39,0,0,0,0,0,0
93,3 Nov 2025,,dj93wlc4y6a5z30ns89tmayac,Juan Luca Sacchi,SS Lazio,Cagliari Calcio,M. Prati,0,1,0,0,0,0,0,0,38,0,0,4,0,1,0
93,3 Nov 2025,,dj93wlc4y6a5z30ns89tmayac,Juan Luca Sacchi,SS Lazio,Cagliari Calcio,S. Esposito,0,0,0,1,2,0,0,0,25,0,0,1,0,1,0
93,3 Nov 2025,,dj93wlc4y6a5z30ns89tmayac,Juan Luca Sacchi,SS Lazio,Cagliari Calcio,M. Folorunsho,0,0,1,2,2,1,0,0,19,0,0,3,2,0,0
93,3 Nov 2025,,dj93wlc4y6a5z30ns89tmayac,Juan Luca Sacchi,SS Lazio,Cagliari Calcio,M. Adopo,0,0,0,1,2,1,0,0,28,0,0,1,1,0,0
93,3 Nov 2025,,dj93wlc4y6a5z30ns89tmayac,Juan Luca Sacchi,SS Lazio,Cagliari Calcio,E. Caprile,0,0,0,0,0,0,0,0,29,0,1,0,0,0,0
93,3 Nov 2025,,dj93wlc4y6a5z30ns89tmayac,Juan Luca Sacchi,SS Lazio,Cagliari Calcio,S. Luperto,0,1,0,0,1,0,0,0,77,0,0,1,0,0,0
93,3 Nov 2025,,dj93wlc4y6a5z30ns89tmayac,Juan Luca Sacchi,SS Lazio,Cagliari Calcio,M. Palestra,0,0,0,2,1,1,0,0,31,0,0,0,0,4,0
93,3 Nov 2025,,dj93wlc4y6a5z30ns89tmayac,Juan Luca Sacchi,SS Lazio,Cagliari Calcio,G. Borrelli,0,1,0,0,3,2,0,0,9,0,0,2,0,1,0
93,3 Nov 2025,,dj93wlc4y6a5z30ns89tmayac,Juan Luca Sacchi,SS Lazio,Cagliari Calcio,M. Felici,0,1,2,3,2,0,0,0,14,0,0,1,0,0,1
93,3 Nov 2025,,dj93wlc4y6a5z30ns89tmayac,Juan Luca Sacchi,SS Lazio,Cagliari Calcio,S. Kılıçsoy,0,0,0,1,0,1,0,0,2,0,0,0,0,0,0
93,3 Nov 2025,,dj93wlc4y6a5z30ns89tmayac,Juan Luca Sacchi,SS Lazio,Cagliari Calcio,Zito Luvumbo,0,0,0,1,0,0,0,0,4,0,0,0,0,0,0
93,3 Nov 2025,,dj93wlc4y6a5z30ns89tmayac,Juan Luca Sacchi,SS Lazio,Cagliari Calcio,L. Pavoletti,0,1,0,0,0,0,0,0,1,0,0,2,0,0,0
93,3 Nov 2025,,dj93wlc4y6a5z30ns89tmayac,Juan Luca Sacchi,SS Lazio,Cagliari Calcio,R. Idrissi,0,0,1,1,0,0,0,0,4,0,0,0,0,0,0
94,2 Nov 2025,,djnhnvs0hjjv7p1rlkt1eizh0,Marco Guida,AC Milan,AS Roma,K. De Winter,0,0,0,0,1,0,0,0,36,0,0,0,0,0,0
94,2 Nov 2025,,djnhnvs0hjjv7p1rlkt1eizh0,Marco Guida,AC Milan,AS Roma,L. Modrić,0,0,0,7,0,0,0,0,44,0,0,0,0,0,0
94,2 Nov 2025,,djnhnvs0hjjv7p1rlkt1eizh0,Marco Guida,AC Milan,AS Roma,M. Gabbia,0,0,0,0,0,1,0,0,29,0,0,1,0,0,0
94,2 Nov 2025,,djnhnvs0hjjv7p1rlkt1eizh0,Marco Guida,AC Milan,AS Roma,S. Pavlović,0,0,0,1,1,1,1,1,36,0,0,2,1,1,0
94,2 Nov 2025,,djnhnvs0hjjv7p1rlkt1eizh0,Marco Guida,AC Milan,AS Roma,M. Maignan,0,0,0,0,0,0,0,0,48,0,7,0,0,0,0
94,2 Nov 2025,,djnhnvs0hjjv7p1rlkt1eizh0,Marco Guida,AC Milan,AS Roma,Y. Fofana,0,0,0,0,4,0,0,0,15,0,0,2,1,3,1
94,2 Nov 2025,,djnhnvs0hjjv7p1rlkt1eizh0,Marco Guida,AC Milan,AS Roma,S. Ricci,0,0,0,0,0,3,0,0,24,0,0,3,2,3,0
94,2 Nov 2025,,djnhnvs0hjjv7p1rlkt1eizh0,Marco Guida,AC Milan,AS Roma,D. Bartesaghi,0,0,1,3,2,0,0,0,27,0,0,2,1,2,0
94,2 Nov 2025,,djnhnvs0hjjv7p1rlkt1eizh0,Marco Guida,AC Milan,AS Roma,A. Saelemaekers,0,0,1,2,1,3,0,0,20,0,0,0,0,2,0
94,2 Nov 2025,,djnhnvs0hjjv7p1rlkt1eizh0,Marco Guida,AC Milan,AS Roma,Rafael Leão,1,2,5,1,1,3,0,1,19,0,0,5,2,0,0
94,2 Nov 2025,,djnhnvs0hjjv7p1rlkt1eizh0,Marco Guida,AC Milan,AS Roma,C. Nkunku,0,0,0,0,2,1,0,0,14,0,0,2,1,0,0
94,2 Nov 2025,,djnhnvs0hjjv7p1rlkt1eizh0,Marco Guida,AC Milan,AS Roma,R. Loftus-Cheek,0,0,0,0,0,0,0,0,0,0,0,0,0,0,0
94,2 Nov 2025,,djnhnvs0hjjv7p1rlkt1eizh0,Marco Guida,AC Milan,AS Roma,Z. Athekame,0,0,0,0,0,0,0,0,1,0,0,0,0,0,0
94,2 Nov 2025,,djnhnvs0hjjv7p1rlkt1eizh0,Marco Guida,AC Milan,AS Roma,Oluwafikayomi Oluwadamilola Tomori,0,0,0,0,0,0,0,0,0,0,0,0,0,0,0
94,2 Nov 2025,,djnhnvs0hjjv7p1rlkt1eizh0,Marco Guida,AC Milan,AS Roma,P. Dybala,0,0,1,6,0,1,0,0,27,0,0,3,1,0,0
94,2 Nov 2025,,djnhnvs0hjjv7p1rlkt1eizh0,Marco Guida,AC Milan,AS Roma,M. Koné,0,0,0,0,1,0,0,0,50,0,0,0,0,2,0
94,2 Nov 2025,,djnhnvs0hjjv7p1rlkt1eizh0,Marco Guida,AC Milan,AS Roma,Hermoso,0,0,0,2,1,0,0,0,53,0,0,1,0,0,1
94,2 Nov 2025,,djnhnvs0hjjv7p1rlkt1eizh0,Marco Guida,AC Milan,AS Roma,B. Cristante,0,0,0,1,1,0,0,0,59,0,0,2,0,2,0
94,2 Nov 2025,,djnhnvs0hjjv7p1rlkt1eizh0,Marco Guida,AC Milan,AS Roma,N. El Aynaoui,0,0,0,0,2,0,0,0,30,0,0,2,1,3,1
94,2 Nov 2025,,djnhnvs0hjjv7p1rlkt1eizh0,Marco Guida,AC Milan,AS Roma,E. Ndicka,0,0,0,0,2,2,0,0,61,0,0,3,0,1,0
94,2 Nov 2025,,djnhnvs0hjjv7p1rlkt1eizh0,Marco Guida,AC Milan,AS Roma,Z. Çelik,0,1,1,6,2,1,0,0,48,0,0,1,0,4,1
94,2 Nov 2025,,djnhnvs0hjjv7p1rlkt1eizh0,Marco Guida,AC Milan,AS Roma,G. Mancini,0,0,0,1,2,0,0,0,59,0,0,0,0,4,1
94,2 Nov 2025,,djnhnvs0hjjv7p1rlkt1eizh0,Marco Guida,AC Milan,AS Roma,M. Svilar,0,0,0,0,0,2,0,0,22,0,6,0,0,0,0
94,2 Nov 2025,,djnhnvs0hjjv7p1rlkt1eizh0,Marco Guida,AC Milan,AS Roma,Wesley,0,0,3,7,2,1,0,0,40,0,0,2,2,3,1
94,2 Nov 2025,,djnhnvs0hjjv7p1rlkt1eizh0,Marco Guida,AC Milan,AS Roma,M. Soulé,0,0,0,2,0,1,0,0,19,0,0,2,1,1,0
94,2 Nov 2025,,djnhnvs0hjjv7p1rlkt1eizh0,Marco Guida,AC Milan,AS Roma,L. Pellegrini,0,2,1,6,0,2,0,0,27,0,0,3,1,0,0
94,2 Nov 2025,,djnhnvs0hjjv7p1rlkt1eizh0,Marco Guida,AC Milan,AS Roma,L. Bailey,0,1,1,5,0,0,0,1,14,0,0,1,0,2,0
94,2 Nov 2025,,djnhnvs0hjjv7p1rlkt1eizh0,Marco Guida,AC Milan,AS Roma,A. Dovbyk,0,0,0,0,0,0,0,0,1,0,0,0,0,0,0
94,2 Nov 2025,,djnhnvs0hjjv7p1rlkt1eizh0,Marco Guida,AC Milan,AS Roma,K. Tsimikas,0,0,1,2,0,0,0,0,5,0,0,0,0,0,0
94,2 Nov 2025,,djnhnvs0hjjv7p1rlkt1eizh0,Marco Guida,AC Milan,AS Roma,T. Baldanzi,0,0,0,0,0,1,0,0,8,0,0,0,0,0,0
95,1 Nov 2025,,dk1y2p3cuhqk9g9jrvfmk6784,Luca Zufferli,SSC Napoli,Calcio Como 1907,Amir Rrahmani,0,0,0,0,1,2,0,0,52,0,0,1,0,2,0
95,1 Nov 2025,,dk1y2p3cuhqk9g9jrvfmk6784,Luca Zufferli,SSC Napoli,Calcio Como 1907,L. Spinazzola,0,0,1,2,0,0,0,0,17,0,0,0,0,1,0
95,1 Nov 2025,,dk1y2p3cuhqk9g9jrvfmk6784,Luca Zufferli,SSC Napoli,Calcio Como 1907,A. Buongiorno,0,0,0,0,0,0,0,0,55,0,0,1,1,1,0
95,1 Nov 2025,,dk1y2p3cuhqk9g9jrvfmk6784,Luca Zufferli,SSC Napoli,Calcio Como 1907,F. Anguissa,0,0,0,1,2,1,0,0,42,0,0,0,0,0,1
95,1 Nov 2025,,dk1y2p3cuhqk9g9jrvfmk6784,Luca Zufferli,SSC Napoli,Calcio Como 1907,S. McTominay,0,1,0,0,1,2,0,0,23,0,0,5,3,3,0
95,1 Nov 2025,,dk1y2p3cuhqk9g9jrvfmk6784,Luca Zufferli,SSC Napoli,Calcio Como 1907,B. Gilmour,0,0,0,0,0,2,0,0,23,0,0,0,0,0,0
95,1 Nov 2025,,dk1y2p3cuhqk9g9jrvfmk6784,Luca Zufferli,SSC Napoli,Calcio Como 1907,R. Højlund,0,0,0,0,0,2,0,0,14,0,0,1,1,1,0
95,1 Nov 2025,,dk1y2p3cuhqk9g9jrvfmk6784,Luca Zufferli,SSC Napoli,Calcio Como 1907,G. Di Lorenzo,0,0,0,0,4,1,0,0,31,0,0,0,0,5,0
95,1 Nov 2025,,dk1y2p3cuhqk9g9jrvfmk6784,Luca Zufferli,SSC Napoli,Calcio Como 1907,David Neres,0,0,1,4,2,1,0,0,13,0,0,0,0,0,0
95,1 Nov 2025,,dk1y2p3cuhqk9g9jrvfmk6784,Luca Zufferli,SSC Napoli,Calcio Como 1907,M. Politano,0,0,0,3,1,2,0,0,21,0,0,3,2,2,1
95,1 Nov 2025,,dk1y2p3cuhqk9g9jrvfmk6784,Luca Zufferli,SSC Napoli,Calcio Como 1907,V. Milinković-Savić,0,0,0,0,1,0,0,0,32,0,2,0,0,0,0
95,1 Nov 2025,,dk1y2p3cuhqk9g9jrvfmk6784,Luca Zufferli,SSC Napoli,Calcio Como 1907,E. Elmas,0,0,0,1,1,1,0,0,22,0,0,1,1,5,1
95,1 Nov 2025,,dk1y2p3cuhqk9g9jrvfmk6784,Luca Zufferli,SSC Napoli,Calcio Como 1907,Miguel Gutiérrez,0,0,1,1,2,2,0,0,25,0,0,1,0,3,0
95,1 Nov 2025,,dk1y2p3cuhqk9g9jrvfmk6784,Luca Zufferli,SSC Napoli,Calcio Como 1907,N. Lang,0,0,0,0,0,0,0,0,14,0,0,0,0,1,0
95,1 Nov 2025,,dk1y2p3cuhqk9g9jrvfmk6784,Luca Zufferli,SSC Napoli,Calcio Como 1907,S. Lobotka,0,0,0,0,0,0,0,0,7,0,0,0,0,0,0
95,1 Nov 2025,,dk1y2p3cuhqk9g9jrvfmk6784,Luca Zufferli,SSC Napoli,Calcio Como 1907,L. Lucca,0,0,1,0,0,0,0,0,1,0,0,0,0,0,0
95,1 Nov 2025,,dk1y2p3cuhqk9g9jrvfmk6784,Luca Zufferli,SSC Napoli,Calcio Como 1907,Álvaro Morata,0,1,1,1,2,3,0,0,24,0,0,3,1,0,0
95,1 Nov 2025,,dk1y2p3cuhqk9g9jrvfmk6784,Luca Zufferli,SSC Napoli,Calcio Como 1907,M. Perrone,0,0,0,0,3,0,0,0,65,0,0,0,0,2,1
95,1 Nov 2025,,dk1y2p3cuhqk9g9jrvfmk6784,Luca Zufferli,SSC Napoli,Calcio Como 1907,N. Paz,0,2,1,2,2,0,0,0,51,0,0,4,0,5,0
95,1 Nov 2025,,dk1y2p3cuhqk9g9jrvfmk6784,Luca Zufferli,SSC Napoli,Calcio Como 1907,Jacobo Ramón,0,1,0,1,0,0,0,0,52,0,0,1,0,2,0
95,1 Nov 2025,,dk1y2p3cuhqk9g9jrvfmk6784,Luca Zufferli,SSC Napoli,Calcio Como 1907,I. Smolčić,0,1,0,2,1,2,0,0,28,0,0,1,0,4,1
95,1 Nov 2025,,dk1y2p3cuhqk9g9jrvfmk6784,Luca Zufferli,SSC Napoli,Calcio Como 1907,J. Addai,0,0,0,0,2,2,0,0,20,0,0,0,0,1,0
95,1 Nov 2025,,dk1y2p3cuhqk9g9jrvfmk6784,Luca Zufferli,SSC Napoli,Calcio Como 1907,M. Kempf,0,0,0,0,0,0,0,0,6,0,0,0,0,0,0
95,1 Nov 2025,,dk1y2p3cuhqk9g9jrvfmk6784,Luca Zufferli,SSC Napoli,Calcio Como 1907,M. Caqueret,0,0,0,3,1,1,0,0,46,0,0,1,1,2,0
95,1 Nov 2025,,dk1y2p3cuhqk9g9jrvfmk6784,Luca Zufferli,SSC Napoli,Calcio Como 1907,Álex Valle,0,0,0,0,1,0,0,0,47,0,0,0,0,1,0
95,1 Nov 2025,,dk1y2p3cuhqk9g9jrvfmk6784,Luca Zufferli,SSC Napoli,Calcio Como 1907,Assane Diao,0,1,0,1,1,5,0,0,33,0,0,2,0,0,0
95,1 Nov 2025,,dk1y2p3cuhqk9g9jrvfmk6784,Luca Zufferli,SSC Napoli,Calcio Como 1907,J. Butez,0,0,0,0,0,0,0,0,45,0,8,0,0,0,0
95,1 Nov 2025,,dk1y2p3cuhqk9g9jrvfmk6784,Luca Zufferli,SSC Napoli,Calcio Como 1907,Diego Carlos,0,0,0,0,0,0,0,0,41,0,0,1,0,3,0
95,1 Nov 2025,,dk1y2p3cuhqk9g9jrvfmk6784,Luca Zufferli,SSC Napoli,Calcio Como 1907,S. Posch,0,0,0,0,1,0,0,0,8,0,0,0,0,2,0
95,1 Nov 2025,,dk1y2p3cuhqk9g9jrvfmk6784,Luca Zufferli,SSC Napoli,Calcio Como 1907,L. da Cunha,0,0,0,0,1,2,0,0,16,0,0,0,0,1,0
95,1 Nov 2025,,dk1y2p3cuhqk9g9jrvfmk6784,Luca Zufferli,SSC Napoli,Calcio Como 1907,Jesús Rodríguez,0,0,0,0,0,0,0,0,1,0,0,0,0,2,0
95,1 Nov 2025,,dk1y2p3cuhqk9g9jrvfmk6784,Luca Zufferli,SSC Napoli,Calcio Como 1907,T. Douvikas,0,0,0,0,1,0,0,0,1,0,0,0,0,0,0
96,2 Nov 2025,,dkg96ikwaxincjz0osgjhgqac,Kevin Bonacina,Parma Calcio 1913,Bologna FC 1909,Adrián Bernabé,0,0,0,4,2,3,1,0,16,0,0,2,1,2,0
96,2 Nov 2025,,dkg96ikwaxincjz0osgjhgqac,Kevin Bonacina,Parma Calcio 1913,Bologna FC 1909,Z. Suzuki,0,0,0,0,0,0,0,0,54,0,3,0,0,0,0
96,2 Nov 2025,,dkg96ikwaxincjz0osgjhgqac,Kevin Bonacina,Parma Calcio 1913,Bologna FC 1909,A. Benedyczak,0,1,0,0,1,1,0,1,8,0,0,2,0,1,0
96,2 Nov 2025,,dkg96ikwaxincjz0osgjhgqac,Kevin Bonacina,Parma Calcio 1913,Bologna FC 1909,C. Ordoñez,0,0,0,0,4,0,0,0,5,1,0,0,0,0,2
96,2 Nov 2025,,dkg96ikwaxincjz0osgjhgqac,Kevin Bonacina,Parma Calcio 1913,Bologna FC 1909,M. Keita,0,0,0,0,0,0,0,0,26,0,0,0,0,4,0
96,2 Nov 2025,,dkg96ikwaxincjz0osgjhgqac,Kevin Bonacina,Parma Calcio 1913,Bologna FC 1909,S. Britschgi,0,0,0,0,0,1,0,0,10,0,0,1,0,1,0
96,2 Nov 2025,,dkg96ikwaxincjz0osgjhgqac,Kevin Bonacina,Parma Calcio 1913,Bologna FC 1909,L. Valenti,0,0,0,0,1,0,0,0,24,0,0,0,0,0,1
96,2 Nov 2025,,dkg96ikwaxincjz0osgjhgqac,Kevin Bonacina,Parma Calcio 1913,Bologna FC 1909,M. Pellegrino,0,0,0,0,3,4,0,0,16,0,0,0,0,0,0
96,2 Nov 2025,,dkg96ikwaxincjz0osgjhgqac,Kevin Bonacina,Parma Calcio 1913,Bologna FC 1909,A. Circati,0,0,0,0,0,0,0,0,12,0,0,0,0,2,0
96,2 Nov 2025,,dkg96ikwaxincjz0osgjhgqac,Kevin Bonacina,Parma Calcio 1913,Bologna FC 1909,N. Estévez,0,0,0,0,2,0,0,0,1,0,0,0,0,2,0
96,2 Nov 2025,,dkg96ikwaxincjz0osgjhgqac,Kevin Bonacina,Parma Calcio 1913,Bologna FC 1909,E. Delprato,0,1,1,0,0,0,0,0,15,0,0,1,0,2,0
96,2 Nov 2025,,dkg96ikwaxincjz0osgjhgqac,Kevin Bonacina,Parma Calcio 1913,Bologna FC 1909,O. Sørensen,0,1,0,0,2,1,0,0,15,0,0,1,0,0,0
96,2 Nov 2025,,dkg96ikwaxincjz0osgjhgqac,Kevin Bonacina,Parma Calcio 1913,Bologna FC 1909,A. Ndiaye,0,0,0,0,0,2,0,0,15,0,0,0,0,0,0
96,2 Nov 2025,,dkg96ikwaxincjz0osgjhgqac,Kevin Bonacina,Parma Calcio 1913,Bologna FC 1909,M. Đurić,0,0,0,0,0,0,0,0,5,0,0,0,0,0,1
96,2 Nov 2025,,dkg96ikwaxincjz0osgjhgqac,Kevin Bonacina,Parma Calcio 1913,Bologna FC 1909,Hernani,0,0,0,0,0,1,0,0,6,0,0,0,0,0,0
96,2 Nov 2025,,dkg96ikwaxincjz0osgjhgqac,Kevin Bonacina,Parma Calcio 1913,Bologna FC 1909,P. Cutrone,0,0,0,0,1,1,0,0,7,0,0,0,0,0,0
96,2 Nov 2025,,dkg96ikwaxincjz0osgjhgqac,Kevin Bonacina,Parma Calcio 1913,Bologna FC 1909,T. Heggem,0,0,0,0,3,0,0,0,58,0,0,0,0,2,0
96,2 Nov 2025,,dkg96ikwaxincjz0osgjhgqac,Kevin Bonacina,Parma Calcio 1913,Bologna FC 1909,J. Lucumí,0,0,0,1,1,2,0,0,68,0,0,0,0,1,0
96,2 Nov 2025,,dkg96ikwaxincjz0osgjhgqac,Kevin Bonacina,Parma Calcio 1913,Bologna FC 1909,Łukasz Skorupski,0,0,0,0,0,0,0,0,25,0,0,0,0,0,0
96,2 Nov 2025,,dkg96ikwaxincjz0osgjhgqac,Kevin Bonacina,Parma Calcio 1913,Bologna FC 1909,S. Castro,0,0,0,0,1,1,2,0,16,0,0,5,3,0,1
96,2 Nov 2025,,dkg96ikwaxincjz0osgjhgqac,Kevin Bonacina,Parma Calcio 1913,Bologna FC 1909,E. Holm,1,0,0,6,1,3,0,0,41,0,0,0,0,2,0
96,2 Nov 2025,,dkg96ikwaxincjz0osgjhgqac,Kevin Bonacina,Parma Calcio 1913,Bologna FC 1909,R. Orsolini,0,3,1,4,1,1,0,2,29,0,0,7,1,1,0
96,2 Nov 2025,,dkg96ikwaxincjz0osgjhgqac,Kevin Bonacina,Parma Calcio 1913,Bologna FC 1909,R. Freuler,0,0,0,0,0,0,0,0,36,0,0,0,0,0,0
96,2 Nov 2025,,dkg96ikwaxincjz0osgjhgqac,Kevin Bonacina,Parma Calcio 1913,Bologna FC 1909,Juan Miranda,0,0,1,4,1,1,1,0,49,0,0,1,1,1,0
96,2 Nov 2025,,dkg96ikwaxincjz0osgjhgqac,Kevin Bonacina,Parma Calcio 1913,Bologna FC 1909,T. Pobega,0,0,1,1,1,0,0,0,27,0,0,2,1,2,0
96,2 Nov 2025,,dkg96ikwaxincjz0osgjhgqac,Kevin Bonacina,Parma Calcio 1913,Bologna FC 1909,J. Rowe,0,0,2,5,1,2,0,1,19,0,0,1,0,0,0
96,2 Nov 2025,,dkg96ikwaxincjz0osgjhgqac,Kevin Bonacina,Parma Calcio 1913,Bologna FC 1909,J. Odgaard,0,0,0,0,1,2,0,0,9,0,0,4,0,0,0
96,2 Nov 2025,,dkg96ikwaxincjz0osgjhgqac,Kevin Bonacina,Parma Calcio 1913,Bologna FC 1909,N. Moro,0,0,0,3,1,0,0,0,25,0,0,0,0,1,0
96,2 Nov 2025,,dkg96ikwaxincjz0osgjhgqac,Kevin Bonacina,Parma Calcio 1913,Bologna FC 1909,T. Dallinga,0,0,0,0,1,0,0,2,4,0,0,1,0,0,0
96,2 Nov 2025,,dkg96ikwaxincjz0osgjhgqac,Kevin Bonacina,Parma Calcio 1913,Bologna FC 1909,G. Fabbian,0,0,0,0,1,1,0,1,6,0,0,0,0,0,0
96,2 Nov 2025,,dkg96ikwaxincjz0osgjhgqac,Kevin Bonacina,Parma Calcio 1913,Bologna FC 1909,N. Cambiaghi,1,0,0,1,1,3,0,0,6,0,0,1,0,1,1
96,2 Nov 2025,,dkg96ikwaxincjz0osgjhgqac,Kevin Bonacina,Parma Calcio 1913,Bologna FC 1909,F. Bernardeschi,0,0,0,0,0,0,0,0,6,0,0,0,0,0,0
97,3 Nov 2025,,dkulf66kq04h9lzqdtjkqpixg,Ermanno Feliciani,US Sassuolo Calcio,Genoa CFC,J. Doig,0,0,0,2,1,0,0,0,57,0,0,0,0,2,0
97,3 Nov 2025,,dkulf66kq04h9lzqdtjkqpixg,Ermanno Feliciani,US Sassuolo Calcio,Genoa CFC,K. Thorstvedt,0,0,0,0,1,4,0,0,38,0,0,2,1,3,0
97,3 Nov 2025,,dkulf66kq04h9lzqdtjkqpixg,Ermanno Feliciani,US Sassuolo Calcio,Genoa CFC,N. Matić,0,0,0,1,0,0,0,0,88,0,0,0,0,2,0
97,3 Nov 2025,,dkulf66kq04h9lzqdtjkqpixg,Ermanno Feliciani,US Sassuolo Calcio,Genoa CFC,A. Laurienté,0,1,1,3,0,2,0,1,33,0,0,4,0,1,0
97,3 Nov 2025,,dkulf66kq04h9lzqdtjkqpixg,Ermanno Feliciani,US Sassuolo Calcio,Genoa CFC,S. Walukiewicz,0,0,0,3,0,0,0,0,45,0,0,0,0,0,0
97,3 Nov 2025,,dkulf66kq04h9lzqdtjkqpixg,Ermanno Feliciani,US Sassuolo Calcio,Genoa CFC,D. Berardi,0,0,1,2,0,1,1,1,28,0,0,2,1,1,0
97,3 Nov 2025,,dkulf66kq04h9lzqdtjkqpixg,Ermanno Feliciani,US Sassuolo Calcio,Genoa CFC,T. Muharemović,0,1,0,0,3,2,0,0,70,0,0,1,0,2,1
97,3 Nov 2025,,dkulf66kq04h9lzqdtjkqpixg,Ermanno Feliciani,US Sassuolo Calcio,Genoa CFC,I. Koné,0,0,0,0,0,1,0,0,50,0,0,1,0,0,0
97,3 Nov 2025,,dkulf66kq04h9lzqdtjkqpixg,Ermanno Feliciani,US Sassuolo Calcio,Genoa CFC,A. Pinamonti,0,0,0,0,1,0,0,0,11,0,0,3,2,0,0
97,3 Nov 2025,,dkulf66kq04h9lzqdtjkqpixg,Ermanno Feliciani,US Sassuolo Calcio,Genoa CFC,A. Murić,0,0,0,0,0,0,0,0,31,0,2,0,0,0,0
97,3 Nov 2025,,dkulf66kq04h9lzqdtjkqpixg,Ermanno Feliciani,US Sassuolo Calcio,Genoa CFC,J. Idzes,0,0,0,0,0,0,0,0,44,0,0,0,0,1,0
97,3 Nov 2025,,dkulf66kq04h9lzqdtjkqpixg,Ermanno Feliciani,US Sassuolo Calcio,Genoa CFC,A. Vranckx,0,0,0,0,2,0,0,1,10,0,0,0,0,1,0
97,3 Nov 2025,,dkulf66kq04h9lzqdtjkqpixg,Ermanno Feliciani,US Sassuolo Calcio,Genoa CFC,A. Fadera,0,0,1,3,2,1,0,0,6,0,0,0,0,0,0
97,3 Nov 2025,,dkulf66kq04h9lzqdtjkqpixg,Ermanno Feliciani,US Sassuolo Calcio,Genoa CFC,W. Coulibaly,0,0,0,0,1,0,0,0,5,0,0,0,0,1,0
97,3 Nov 2025,,dkulf66kq04h9lzqdtjkqpixg,Ermanno Feliciani,US Sassuolo Calcio,Genoa CFC,W. Cheddira,0,0,0,1,1,2,0,0,3,0,0,0,0,0,0
97,3 Nov 2025,,dkulf66kq04h9lzqdtjkqpixg,Ermanno Feliciani,US Sassuolo Calcio,Genoa CFC,L. Moro,0,0,0,0,1,0,0,0,1,0,0,0,0,0,0
97,3 Nov 2025,,dkulf66kq04h9lzqdtjkqpixg,Ermanno Feliciani,US Sassuolo Calcio,Genoa CFC,L. Colombo,0,1,2,0,0,2,0,0,16,0,0,5,0,0,0
97,3 Nov 2025,,dkulf66kq04h9lzqdtjkqpixg,Ermanno Feliciani,US Sassuolo Calcio,Genoa CFC,Aarón Martín,1,0,1,14,1,2,0,0,27,0,0,0,0,1,0
97,3 Nov 2025,,dkulf66kq04h9lzqdtjkqpixg,Ermanno Feliciani,US Sassuolo Calcio,Genoa CFC,B. Norton-Cuffy,0,0,1,3,0,1,0,0,22,0,0,1,0,5,0
97,3 Nov 2025,,dkulf66kq04h9lzqdtjkqpixg,Ermanno Feliciani,US Sassuolo Calcio,Genoa CFC,R. Malinovskyi,0,0,0,1,1,0,1,0,29,0,0,1,1,3,1
97,3 Nov 2025,,dkulf66kq04h9lzqdtjkqpixg,Ermanno Feliciani,US Sassuolo Calcio,Genoa CFC,A. Marcandalli,0,0,0,0,2,0,0,0,19,0,0,0,0,0,1
97,3 Nov 2025,,dkulf66kq04h9lzqdtjkqpixg,Ermanno Feliciani,US Sassuolo Calcio,Genoa CFC,L. Østigård,0,0,0,0,0,1,1,0,48,0,0,2,2,1,0
97,3 Nov 2025,,dkulf66kq04h9lzqdtjkqpixg,Ermanno Feliciani,US Sassuolo Calcio,Genoa CFC,J. Vásquez,0,0,0,0,1,1,0,0,44,0,0,1,0,1,0
97,3 Nov 2025,,dkulf66kq04h9lzqdtjkqpixg,Ermanno Feliciani,US Sassuolo Calcio,Genoa CFC,N. Leali,0,0,0,0,0,0,0,0,29,0,3,0,0,0,0
97,3 Nov 2025,,dkulf66kq04h9lzqdtjkqpixg,Ermanno Feliciani,US Sassuolo Calcio,Genoa CFC,M. Thorsby,0,0,0,0,1,0,0,1,15,0,0,0,0,0,0
97,3 Nov 2025,,dkulf66kq04h9lzqdtjkqpixg,Ermanno Feliciani,US Sassuolo Calcio,Genoa CFC,M. Frendrup,0,0,0,0,2,0,0,0,33,0,0,0,0,2,0
97,3 Nov 2025,,dkulf66kq04h9lzqdtjkqpixg,Ermanno Feliciani,US Sassuolo Calcio,Genoa CFC,Vítinha,0,0,2,2,1,0,0,1,15,0,0,3,2,0,0
97,3 Nov 2025,,dkulf66kq04h9lzqdtjkqpixg,Ermanno Feliciani,US Sassuolo Calcio,Genoa CFC,P. Masini,0,0,0,0,2,1,0,0,10,0,0,0,0,3,1
97,3 Nov 2025,,dkulf66kq04h9lzqdtjkqpixg,Ermanno Feliciani,US Sassuolo Calcio,Genoa CFC,Junior Messias,0,0,0,0,1,2,0,0,8,0,0,2,0,0,0
97,3 Nov 2025,,dkulf66kq04h9lzqdtjkqpixg,Ermanno Feliciani,US Sassuolo Calcio,Genoa CFC,M. Ellertsson,0,0,0,0,0,0,0,0,3,0,0,0,0,0,0
97,3 Nov 2025,,dkulf66kq04h9lzqdtjkqpixg,Ermanno Feliciani,US Sassuolo Calcio,Genoa CFC,C. Ekuban,0,1,1,1,1,2,0,0,4,0,0,1,0,0,0
97,3 Nov 2025,,dkulf66kq04h9lzqdtjkqpixg,Ermanno Feliciani,US Sassuolo Calcio,Genoa CFC,A. Grønbæk,0,0,0,0,0,0,0,0,2,0,0,0,0,2,0
98,2 Nov 2025,,dl8z0whe7rrb6x9q5t2ujr0gk,Alberto Ruben Arena,Torino FC,Pisa Sporting Club,Saúl Coco,0,0,0,0,0,2,0,0,58,0,0,1,0,2,0
98,2 Nov 2025,,dl8z0whe7rrb6x9q5t2ujr0gk,Alberto Ruben Arena,Torino FC,Pisa Sporting Club,I. Ilić,0,0,0,1,4,1,0,0,85,0,0,0,0,2,0
98,2 Nov 2025,,dl8z0whe7rrb6x9q5t2ujr0gk,Alberto Ruben Arena,Torino FC,Pisa Sporting Club,G. Simeone,0,0,0,0,0,1,1,1,25,0,0,3,1,0,0
98,2 Nov 2025,,dl8z0whe7rrb6x9q5t2ujr0gk,Alberto Ruben Arena,Torino FC,Pisa Sporting Club,V. Lazaro,0,0,1,5,1,0,0,0,31,0,0,0,0,0,0
98,2 Nov 2025,,dl8z0whe7rrb6x9q5t2ujr0gk,Alberto Ruben Arena,Torino FC,Pisa Sporting Club,A. Paleari,0,0,0,0,0,0,0,0,26,0,1,0,0,0,0
98,2 Nov 2025,,dl8z0whe7rrb6x9q5t2ujr0gk,Alberto Ruben Arena,Torino FC,Pisa Sporting Club,A. Ismajli,0,0,0,3,0,1,0,0,60,0,0,1,0,1,0
98,2 Nov 2025,,dl8z0whe7rrb6x9q5t2ujr0gk,Alberto Ruben Arena,Torino FC,Pisa Sporting Club,G. Maripán,0,0,0,0,1,0,0,0,56,0,0,0,0,0,0
98,2 Nov 2025,,dl8z0whe7rrb6x9q5t2ujr0gk,Alberto Ruben Arena,Torino FC,Pisa Sporting Club,N. Vlašić,0,0,0,1,2,2,0,0,19,0,0,0,0,1,0
98,2 Nov 2025,,dl8z0whe7rrb6x9q5t2ujr0gk,Alberto Ruben Arena,Torino FC,Pisa Sporting Club,M. Pedersen,0,0,0,4,2,0,0,0,44,0,0,0,0,0,1
98,2 Nov 2025,,dl8z0whe7rrb6x9q5t2ujr0gk,Alberto Ruben Arena,Torino FC,Pisa Sporting Club,C. Casadei,0,1,1,0,2,0,0,0,56,0,0,1,0,0,1
98,2 Nov 2025,,dl8z0whe7rrb6x9q5t2ujr0gk,Alberto Ruben Arena,Torino FC,Pisa Sporting Club,C. Adams,0,2,0,0,0,1,1,0,27,0,0,4,2,0,0
98,2 Nov 2025,,dl8z0whe7rrb6x9q5t2ujr0gk,Alberto Ruben Arena,Torino FC,Pisa Sporting Club,C. Ngonge,0,2,1,0,0,0,0,0,17,0,0,3,0,0,0
98,2 Nov 2025,,dl8z0whe7rrb6x9q5t2ujr0gk,Alberto Ruben Arena,Torino FC,Pisa Sporting Club,A. Tamèze,0,0,0,1,0,0,0,0,16,0,0,0,0,1,0
98,2 Nov 2025,,dl8z0whe7rrb6x9q5t2ujr0gk,Alberto Ruben Arena,Torino FC,Pisa Sporting Club,G. Gineitis,0,0,0,2,1,0,0,0,11,0,0,1,0,1,0
98,2 Nov 2025,,dl8z0whe7rrb6x9q5t2ujr0gk,Alberto Ruben Arena,Torino FC,Pisa Sporting Club,C. Biraghi,0,0,0,2,0,0,0,0,7,0,0,0,0,0,0
98,2 Nov 2025,,dl8z0whe7rrb6x9q5t2ujr0gk,Alberto Ruben Arena,Torino FC,Pisa Sporting Club,D. Zapata,0,1,1,0,1,0,0,0,3,0,0,1,0,0,0
98,2 Nov 2025,,dl8z0whe7rrb6x9q5t2ujr0gk,Alberto Ruben Arena,Torino FC,Pisa Sporting Club,M. Højholt,0,0,0,0,1,0,0,0,23,0,0,0,0,2,1
98,2 Nov 2025,,dl8z0whe7rrb6x9q5t2ujr0gk,Alberto Ruben Arena,Torino FC,Pisa Sporting Club,İ. Vural,0,0,0,1,3,2,0,0,20,0,0,0,0,0,0
98,2 Nov 2025,,dl8z0whe7rrb6x9q5t2ujr0gk,Alberto Ruben Arena,Torino FC,Pisa Sporting Club,I. Touré,0,0,0,2,1,1,0,0,25,0,0,0,0,1,0
98,2 Nov 2025,,dl8z0whe7rrb6x9q5t2ujr0gk,Alberto Ruben Arena,Torino FC,Pisa Sporting Club,S. Moreo,0,0,0,0,1,2,2,0,16,0,0,3,2,1,0
98,2 Nov 2025,,dl8z0whe7rrb6x9q5t2ujr0gk,Alberto Ruben Arena,Torino FC,Pisa Sporting Club,A. Caracciolo,0,0,0,0,0,0,0,0,19,0,0,0,0,3,0
98,2 Nov 2025,,dl8z0whe7rrb6x9q5t2ujr0gk,Alberto Ruben Arena,Torino FC,Pisa Sporting Club,A. Calabresi,0,0,0,0,1,2,0,0,29,0,0,2,1,0,0
98,2 Nov 2025,,dl8z0whe7rrb6x9q5t2ujr0gk,Alberto Ruben Arena,Torino FC,Pisa Sporting Club,A. Šemper,0,0,0,0,0,0,0,0,29,0,1,0,0,0,0
98,2 Nov 2025,,dl8z0whe7rrb6x9q5t2ujr0gk,Alberto Ruben Arena,Torino FC,Pisa Sporting Club,H. Meister,0,1,1,0,0,0,0,0,7,0,0,1,0,0,0
98,2 Nov 2025,,dl8z0whe7rrb6x9q5t2ujr0gk,Alberto Ruben Arena,Torino FC,Pisa Sporting Club,E. Akinsanmiro,0,0,0,0,0,3,0,0,28,0,0,3,0,1,0
98,2 Nov 2025,,dl8z0whe7rrb6x9q5t2ujr0gk,Alberto Ruben Arena,Torino FC,Pisa Sporting Club,S. Canestrelli,0,0,0,0,1,0,0,0,34,0,0,0,0,0,0
98,2 Nov 2025,,dl8z0whe7rrb6x9q5t2ujr0gk,Alberto Ruben Arena,Torino FC,Pisa Sporting Club,M. Léris,1,1,1,6,0,0,0,0,16,0,0,1,0,3,0
98,2 Nov 2025,,dl8z0whe7rrb6x9q5t2ujr0gk,Alberto Ruben Arena,Torino FC,Pisa Sporting Club,M. Aebischer,0,0,0,0,0,2,0,0,30,0,0,1,0,1,0
98,2 Nov 2025,,dl8z0whe7rrb6x9q5t2ujr0gk,Alberto Ruben Arena,Torino FC,Pisa Sporting Club,M'Bala Nzola,0,0,0,0,0,0,0,0,6,0,0,0,0,0,0
98,2 Nov 2025,,dl8z0whe7rrb6x9q5t2ujr0gk,Alberto Ruben Arena,Torino FC,Pisa Sporting Club,S. Angori,0,0,0,1,0,0,0,1,11,0,0,0,0,0,0
98,2 Nov 2025,,dl8z0whe7rrb6x9q5t2ujr0gk,Alberto Ruben Arena,Torino FC,Pisa Sporting Club,J. Cuadrado,0,0,0,0,0,0,0,0,5,0,0,0,0,0,0
98,2 Nov 2025,,dl8z0whe7rrb6x9q5t2ujr0gk,Alberto Ruben Arena,Torino FC,Pisa Sporting Club,M. Marin,0,0,0,0,0,1,0,0,2,0,0,0,0,0,0
99,1 Nov 2025,,dlp2qf98lb84w8c5g7qp42mfo,Michael Fabbri,Udinese Calcio,Atalanta Bergamasca Calcio,C. Kabasele,0,0,0,0,3,1,0,0,15,0,0,0,0,1,0
99,1 Nov 2025,,dlp2qf98lb84w8c5g7qp42mfo,Michael Fabbri,Udinese Calcio,Atalanta Bergamasca Calcio,N. Zaniolo,0,1,0,1,2,1,1,0,18,0,0,4,3,0,0
99,1 Nov 2025,,dlp2qf98lb84w8c5g7qp42mfo,Michael Fabbri,Udinese Calcio,Atalanta Bergamasca Calcio,J. Ekkelenkamp,0,0,0,1,0,0,0,0,17,0,0,0,0,2,0
99,1 Nov 2025,,dlp2qf98lb84w8c5g7qp42mfo,Michael Fabbri,Udinese Calcio,Atalanta Bergamasca Calcio,A. Zanoli,0,0,0,1,2,1,0,0,20,0,0,0,0,3,0
99,1 Nov 2025,,dlp2qf98lb84w8c5g7qp42mfo,Michael Fabbri,Udinese Calcio,Atalanta Bergamasca Calcio,A. Buksa,0,0,1,1,1,2,0,0,15,0,0,0,0,0,0
99,1 Nov 2025,,dlp2qf98lb84w8c5g7qp42mfo,Michael Fabbri,Udinese Calcio,Atalanta Bergamasca Calcio,H. Kamara,1,0,0,5,1,1,0,0,44,0,0,2,1,2,1
99,1 Nov 2025,,dlp2qf98lb84w8c5g7qp42mfo,Michael Fabbri,Udinese Calcio,Atalanta Bergamasca Calcio,N. Bertola,0,0,0,0,1,0,0,0,25,0,0,0,0,5,0
99,1 Nov 2025,,dlp2qf98lb84w8c5g7qp42mfo,Michael Fabbri,Udinese Calcio,Atalanta Bergamasca Calcio,O. Solet,0,0,0,0,0,3,0,0,55,0,0,0,0,3,0
99,1 Nov 2025,,dlp2qf98lb84w8c5g7qp42mfo,Michael Fabbri,Udinese Calcio,Atalanta Bergamasca Calcio,A. Atta,0,1,2,6,1,1,0,0,36,0,0,2,0,1,0
99,1 Nov 2025,,dlp2qf98lb84w8c5g7qp42mfo,Michael Fabbri,Udinese Calcio,Atalanta Bergamasca Calcio,J. Karlström,0,0,1,1,1,0,0,0,37,0,0,1,1,0,0
99,1 Nov 2025,,dlp2qf98lb84w8c5g7qp42mfo,Michael Fabbri,Udinese Calcio,Atalanta Bergamasca Calcio,M. Okoye,0,0,0,0,0,0,0,0,30,0,0,0,0,0,0
99,1 Nov 2025,,dlp2qf98lb84w8c5g7qp42mfo,Michael Fabbri,Udinese Calcio,Atalanta Bergamasca Calcio,J. Piotrowski,0,0,0,0,1,0,0,0,12,0,0,1,0,0,0
99,1 Nov 2025,,dlp2qf98lb84w8c5g7qp42mfo,Michael Fabbri,Udinese Calcio,Atalanta Bergamasca Calcio,V. Bayo,0,0,1,0,0,0,0,0,8,0,0,1,0,0,0
99,1 Nov 2025,,dlp2qf98lb84w8c5g7qp42mfo,Michael Fabbri,Udinese Calcio,Atalanta Bergamasca Calcio,M. Palma,0,0,0,0,1,0,0,0,3,0,0,0,0,2,0
99,1 Nov 2025,,dlp2qf98lb84w8c5g7qp42mfo,Michael Fabbri,Udinese Calcio,Atalanta Bergamasca Calcio,K. Ehizibue,0,0,0,0,0,1,0,0,1,0,0,0,0,1,0
99,1 Nov 2025,,dlp2qf98lb84w8c5g7qp42mfo,Michael Fabbri,Udinese Calcio,Atalanta Bergamasca Calcio,Oier Zarraga,0,0,0,0,0,0,0,0,5,0,0,0,0,0,0
99,1 Nov 2025,,dlp2qf98lb84w8c5g7qp42mfo,Michael Fabbri,Udinese Calcio,Atalanta Bergamasca Calcio,Éderson,0,1,1,0,2,0,0,0,60,0,0,1,0,1,1
99,1 Nov 2025,,dlp2qf98lb84w8c5g7qp42mfo,Michael Fabbri,Udinese Calcio,Atalanta Bergamasca Calcio,I. Hien,0,0,0,0,1,2,0,0,61,0,0,0,0,4,0
99,1 Nov 2025,,dlp2qf98lb84w8c5g7qp42mfo,Michael Fabbri,Udinese Calcio,Atalanta Bergamasca Calcio,M. Pašalić,0,0,0,1,0,0,0,0,70,0,0,0,0,2,0
99,1 Nov 2025,,dlp2qf98lb84w8c5g7qp42mfo,Michael Fabbri,Udinese Calcio,Atalanta Bergamasca Calcio,N. Zalewski,0,0,0,0,1,3,0,0,33,0,0,0,0,3,0
99,1 Nov 2025,,dlp2qf98lb84w8c5g7qp42mfo,Michael Fabbri,Udinese Calcio,Atalanta Bergamasca Calcio,M. Carnesecchi,0,0,0,0,0,1,0,0,29,0,4,0,0,0,0
99,1 Nov 2025,,dlp2qf98lb84w8c5g7qp42mfo,Michael Fabbri,Udinese Calcio,Atalanta Bergamasca Calcio,O. Kossounou,0,0,0,0,2,0,0,0,59,0,0,0,0,3,0
99,1 Nov 2025,,dlp2qf98lb84w8c5g7qp42mfo,Michael Fabbri,Udinese Calcio,Atalanta Bergamasca Calcio,L. Samardžić,0,0,0,4,1,0,0,0,31,0,0,0,0,0,0
99,1 Nov 2025,,dlp2qf98lb84w8c5g7qp42mfo,Michael Fabbri,Udinese Calcio,Atalanta Bergamasca Calcio,B. Djimsiti,0,1,1,0,0,0,0,0,71,0,0,1,0,1,0
99,1 Nov 2025,,dlp2qf98lb84w8c5g7qp42mfo,Michael Fabbri,Udinese Calcio,Atalanta Bergamasca Calcio,G. Scamacca,0,1,1,0,0,3,0,0,9,0,0,1,0,0,0
99,1 Nov 2025,,dlp2qf98lb84w8c5g7qp42mfo,Michael Fabbri,Udinese Calcio,Atalanta Bergamasca Calcio,K. Sulemana,0,0,0,0,0,2,0,1,17,0,0,0,0,0,0
99,1 Nov 2025,,dlp2qf98lb84w8c5g7qp42mfo,Michael Fabbri,Udinese Calcio,Atalanta Bergamasca Calcio,D. Zappacosta,0,0,0,4,1,2,0,1,53,0,0,0,0,0,0
99,1 Nov 2025,,dlp2qf98lb84w8c5g7qp42mfo,Michael Fabbri,Udinese Calcio,Atalanta Bergamasca Calcio,A. Lookman,0,0,0,1,0,1,0,0,8,0,0,0,0,0,0
99,1 Nov 2025,,dlp2qf98lb84w8c5g7qp42mfo,Michael Fabbri,Udinese Calcio,Atalanta Bergamasca Calcio,N. Krstović,0,0,0,1,1,0,0,1,2,0,0,1,0,0,1
99,1 Nov 2025,,dlp2qf98lb84w8c5g7qp42mfo,Michael Fabbri,Udinese Calcio,Atalanta Bergamasca Calcio,R. Bellanova,0,1,1,3,0,0,0,0,7,0,0,1,0,0,0
99,1 Nov 2025,,dlp2qf98lb84w8c5g7qp42mfo,Michael Fabbri,Udinese Calcio,Atalanta Bergamasca Calcio,C. De Ketelaere,0,0,0,1,2,0,0,0,5,0,0,0,0,0,1
99,1 Nov 2025,,dlp2qf98lb84w8c5g7qp42mfo,Michael Fabbri,Udinese Calcio,Atalanta Bergamasca Calcio,M. Brescianini,0,0,0,0,0,0,0,0,4,0,0,0,0,0,0
100,2 Nov 2025,,dm3jxfctxpdynsz4ifnil87pw,Daniele Doveri,Hellas Verona FC,FC Internazionale Milano,A. Bella-Kotchap,0,0,0,0,4,2,0,0,26,0,0,0,0,0,1
100,2 Nov 2025,,dm3jxfctxpdynsz4ifnil87pw,Daniele Doveri,Hellas Verona FC,FC Internazionale Milano,R. Belghali,0,0,2,4,0,0,0,0,22,0,0,1,0,1,0
100,2 Nov 2025,,dm3jxfctxpdynsz4ifnil87pw,Daniele Doveri,Hellas Verona FC,FC Internazionale Milano,G. Orban,1,0,1,0,1,0,0,0,10,0,0,2,0,0,1
100,2 Nov 2025,,dm3jxfctxpdynsz4ifnil87pw,Daniele Doveri,Hellas Verona FC,FC Internazionale Milano,Giovane,0,1,1,4,3,1,1,0,16,0,0,2,1,0,0
100,2 Nov 2025,,dm3jxfctxpdynsz4ifnil87pw,Daniele Doveri,Hellas Verona FC,FC Internazionale Milano,A. Bernede,0,0,0,1,2,0,0,0,18,0,0,0,0,0,0
100,2 Nov 2025,,dm3jxfctxpdynsz4ifnil87pw,Daniele Doveri,Hellas Verona FC,FC Internazionale Milano,D. Bradarić,0,0,0,2,0,0,0,0,15,0,0,1,0,1,0
100,2 Nov 2025,,dm3jxfctxpdynsz4ifnil87pw,Daniele Doveri,Hellas Verona FC,FC Internazionale Milano,V. Nelsson,0,0,0,0,1,1,0,0,21,0,0,0,0,0,0
100,2 Nov 2025,,dm3jxfctxpdynsz4ifnil87pw,Daniele Doveri,Hellas Verona FC,FC Internazionale Milano,M. Frese,0,0,0,1,1,0,0,0,24,0,0,1,1,2,0
100,2 Nov 2025,,dm3jxfctxpdynsz4ifnil87pw,Daniele Doveri,Hellas Verona FC,FC Internazionale Milano,R. Gagliardini,0,0,0,0,1,0,0,0,35,0,0,0,0,0,0
100,2 Nov 2025,,dm3jxfctxpdynsz4ifnil87pw,Daniele Doveri,Hellas Verona FC,FC Internazionale Milano,L. Montipò,0,0,0,0,0,0,0,0,31,0,4,0,0,0,0
100,2 Nov 2025,,dm3jxfctxpdynsz4ifnil87pw,Daniele Doveri,Hellas Verona FC,FC Internazionale Milano,J. Akpa Akpro,0,0,0,0,1,0,0,0,12,0,0,0,0,4,0
100,2 Nov 2025,,dm3jxfctxpdynsz4ifnil87pw,Daniele Doveri,Hellas Verona FC,FC Internazionale Milano,D. Mosquera,0,0,0,0,1,0,0,0,6,0,0,0,0,0,0
100,2 Nov 2025,,dm3jxfctxpdynsz4ifnil87pw,Daniele Doveri,Hellas Verona FC,FC Internazionale Milano,A. Sarr,0,0,0,0,0,0,0,0,3,0,0,0,0,0,0
100,2 Nov 2025,,dm3jxfctxpdynsz4ifnil87pw,Daniele Doveri,Hellas Verona FC,FC Internazionale Milano,C. Niasse,0,0,0,0,0,0,0,1,5,0,0,0,0,0,0
100,2 Nov 2025,,dm3jxfctxpdynsz4ifnil87pw,Daniele Doveri,Hellas Verona FC,FC Internazionale Milano,A. Harroui,0,1,0,1,1,0,0,0,3,0,0,1,0,0,0
100,2 Nov 2025,,dm3jxfctxpdynsz4ifnil87pw,Daniele Doveri,Hellas Verona FC,FC Internazionale Milano,L. Martínez,0,3,2,1,1,2,0,0,22,0,0,5,2,0,0
100,2 Nov 2025,,dm3jxfctxpdynsz4ifnil87pw,Daniele Doveri,Hellas Verona FC,FC Internazionale Milano,Y. Sommer,0,0,0,0,0,1,0,0,33,0,1,0,0,0,0
100,2 Nov 2025,,dm3jxfctxpdynsz4ifnil87pw,Daniele Doveri,Hellas Verona FC,FC Internazionale Milano,Carlos Augusto,0,1,0,2,0,0,0,0,27,0,0,1,0,3,0
100,2 Nov 2025,,dm3jxfctxpdynsz4ifnil87pw,Daniele Doveri,Hellas Verona FC,FC Internazionale Milano,A. Bastoni,0,0,3,4,0,3,0,0,83,0,0,1,1,4,0
100,2 Nov 2025,,dm3jxfctxpdynsz4ifnil87pw,Daniele Doveri,Hellas Verona FC,FC Internazionale Milano,M. Akanji,0,0,0,0,0,2,0,0,98,0,0,0,0,0,0
100,2 Nov 2025,,dm3jxfctxpdynsz4ifnil87pw,Daniele Doveri,Hellas Verona FC,FC Internazionale Milano,Y. Bisseck,0,1,0,2,1,0,0,0,98,0,0,1,0,1,1
100,2 Nov 2025,,dm3jxfctxpdynsz4ifnil87pw,Daniele Doveri,Hellas Verona FC,FC Internazionale Milano,H. Çalhanoğlu,1,4,2,8,0,0,0,0,110,0,0,5,0,2,0
100,2 Nov 2025,,dm3jxfctxpdynsz4ifnil87pw,Daniele Doveri,Hellas Verona FC,FC Internazionale Milano,P. Sučić,0,0,0,0,0,3,0,0,51,0,0,0,0,3,0
100,2 Nov 2025,,dm3jxfctxpdynsz4ifnil87pw,Daniele Doveri,Hellas Verona FC,FC Internazionale Milano,Luis Henrique,0,0,0,1,0,0,0,0,20,0,0,0,0,0,0
100,2 Nov 2025,,dm3jxfctxpdynsz4ifnil87pw,Daniele Doveri,Hellas Verona FC,FC Internazionale Milano,P. Zieliński,0,0,1,0,0,0,1,0,33,0,0,2,2,0,0
100,2 Nov 2025,,dm3jxfctxpdynsz4ifnil87pw,Daniele Doveri,Hellas Verona FC,FC Internazionale Milano,A. Bonny,0,0,0,0,0,2,0,1,8,0,0,1,0,0,0
100,2 Nov 2025,,dm3jxfctxpdynsz4ifnil87pw,Daniele Doveri,Hellas Verona FC,FC Internazionale Milano,N. Barella,0,0,0,4,0,1,0,0,32,0,0,1,0,3,0
100,2 Nov 2025,,dm3jxfctxpdynsz4ifnil87pw,Daniele Doveri,Hellas Verona FC,FC Internazionale Milano,F. Esposito,0,0,0,0,1,1,0,0,10,0,0,2,0,0,0
100,2 Nov 2025,,dm3jxfctxpdynsz4ifnil87pw,Daniele Doveri,Hellas Verona FC,FC Internazionale Milano,D. Dumfries,0,0,0,1,1,0,0,0,15,0,0,0,0,0,0
100,2 Nov 2025,,dm3jxfctxpdynsz4ifnil87pw,Daniele Doveri,Hellas Verona FC,FC Internazionale Milano,F. Dimarco,0,0,0,5,0,0,0,0,18,0,0,1,1,0,0
100,2 Nov 2025,,dm3jxfctxpdynsz4ifnil87pw,Daniele Doveri,Hellas Verona FC,FC Internazionale Milano,D. Frattesi,0,0,0,0,0,1,0,0,1,0,0,1,0,1,0
101,9 Nov 2025,,dmi121gv0qj4x1w693cvie6fo,Valerio Crezzini,Atalanta Bergamasca Calcio,US Sassuolo Calcio,R. Bellanova,0,0,0,6,0,0,0,0,47,0,0,0,0,3,0
101,9 Nov 2025,,dmi121gv0qj4x1w693cvie6fo,Valerio Crezzini,Atalanta Bergamasca Calcio,US Sassuolo Calcio,O. Kossounou,0,0,0,0,1,0,0,0,48,0,0,0,0,0,0
101,9 Nov 2025,,dmi121gv0qj4x1w693cvie6fo,Valerio Crezzini,Atalanta Bergamasca Calcio,US Sassuolo Calcio,M. Pašalić,0,0,0,0,3,0,0,0,102,0,0,1,0,2,0
101,9 Nov 2025,,dmi121gv0qj4x1w693cvie6fo,Valerio Crezzini,Atalanta Bergamasca Calcio,US Sassuolo Calcio,H. Ahanor,0,0,0,0,0,2,0,0,57,0,0,0,0,1,0
101,9 Nov 2025,,dmi121gv0qj4x1w693cvie6fo,Valerio Crezzini,Atalanta Bergamasca Calcio,US Sassuolo Calcio,Éderson,0,0,0,0,0,1,0,0,41,0,0,0,0,1,0
101,9 Nov 2025,,dmi121gv0qj4x1w693cvie6fo,Valerio Crezzini,Atalanta Bergamasca Calcio,US Sassuolo Calcio,M. Carnesecchi,0,0,0,0,1,0,0,0,34,0,1,0,0,0,0
101,9 Nov 2025,,dmi121gv0qj4x1w693cvie6fo,Valerio Crezzini,Atalanta Bergamasca Calcio,US Sassuolo Calcio,L. Samardžić,0,0,0,4,0,1,0,0,61,0,0,1,0,1,0
101,9 Nov 2025,,dmi121gv0qj4x1w693cvie6fo,Valerio Crezzini,Atalanta Bergamasca Calcio,US Sassuolo Calcio,D. Zappacosta,0,2,0,4,0,0,0,1,33,0,0,2,0,1,0
101,9 Nov 2025,,dmi121gv0qj4x1w693cvie6fo,Valerio Crezzini,Atalanta Bergamasca Calcio,US Sassuolo Calcio,A. Lookman,0,1,2,3,0,0,0,1,15,0,0,3,2,1,0
101,9 Nov 2025,,dmi121gv0qj4x1w693cvie6fo,Valerio Crezzini,Atalanta Bergamasca Calcio,US Sassuolo Calcio,I. Hien,0,0,0,0,1,1,0,0,101,0,0,0,0,3,0
101,9 Nov 2025,,dmi121gv0qj4x1w693cvie6fo,Valerio Crezzini,Atalanta Bergamasca Calcio,US Sassuolo Calcio,N. Krstović,0,2,0,0,2,0,0,0,12,0,0,3,0,0,0
101,9 Nov 2025,,dmi121gv0qj4x1w693cvie6fo,Valerio Crezzini,Atalanta Bergamasca Calcio,US Sassuolo Calcio,C. De Ketelaere,0,0,1,4,0,1,0,0,35,0,0,0,0,0,0
101,9 Nov 2025,,dmi121gv0qj4x1w693cvie6fo,Valerio Crezzini,Atalanta Bergamasca Calcio,US Sassuolo Calcio,B. Djimsiti,0,0,0,0,0,0,0,0,52,0,0,0,0,1,0
101,9 Nov 2025,,dmi121gv0qj4x1w693cvie6fo,Valerio Crezzini,Atalanta Bergamasca Calcio,US Sassuolo Calcio,G. Scamacca,0,0,0,0,1,0,0,0,10,0,0,3,0,0,0
101,9 Nov 2025,,dmi121gv0qj4x1w693cvie6fo,Valerio Crezzini,Atalanta Bergamasca Calcio,US Sassuolo Calcio,N. Zalewski,0,0,1,2,0,0,0,0,2,0,0,1,0,0,0
101,9 Nov 2025,,dmi121gv0qj4x1w693cvie6fo,Valerio Crezzini,Atalanta Bergamasca Calcio,US Sassuolo Calcio,K. Sulemana,0,0,0,0,0,1,0,0,4,0,0,0,0,0,0
101,9 Nov 2025,,dmi121gv0qj4x1w693cvie6fo,Valerio Crezzini,Atalanta Bergamasca Calcio,US Sassuolo Calcio,A. Pinamonti,0,0,0,0,1,1,1,0,28,0,0,1,1,1,0
101,9 Nov 2025,,dmi121gv0qj4x1w693cvie6fo,Valerio Crezzini,Atalanta Bergamasca Calcio,US Sassuolo Calcio,N. Matić,0,0,0,0,0,1,0,0,44,0,0,1,1,4,0
101,9 Nov 2025,,dmi121gv0qj4x1w693cvie6fo,Valerio Crezzini,Atalanta Bergamasca Calcio,US Sassuolo Calcio,D. Berardi,1,0,0,3,3,0,2,1,31,0,0,2,2,4,0
101,9 Nov 2025,,dmi121gv0qj4x1w693cvie6fo,Valerio Crezzini,Atalanta Bergamasca Calcio,US Sassuolo Calcio,I. Koné,0,0,0,0,0,1,0,0,23,0,0,0,0,0,0
101,9 Nov 2025,,dmi121gv0qj4x1w693cvie6fo,Valerio Crezzini,Atalanta Bergamasca Calcio,US Sassuolo Calcio,A. Fadera,0,0,1,0,2,2,0,1,16,0,0,0,0,2,0
101,9 Nov 2025,,dmi121gv0qj4x1w693cvie6fo,Valerio Crezzini,Atalanta Bergamasca Calcio,US Sassuolo Calcio,K. Thorstvedt,1,1,0,1,0,0,0,0,40,0,0,2,0,1,0
101,9 Nov 2025,,dmi121gv0qj4x1w693cvie6fo,Valerio Crezzini,Atalanta Bergamasca Calcio,US Sassuolo Calcio,T. Muharemović,0,0,0,0,0,2,0,0,21,0,0,0,0,1,0
101,9 Nov 2025,,dmi121gv0qj4x1w693cvie6fo,Valerio Crezzini,Atalanta Bergamasca Calcio,US Sassuolo Calcio,Fali Candé,0,0,0,0,1,1,0,0,24,0,0,2,0,0,1
101,9 Nov 2025,,dmi121gv0qj4x1w693cvie6fo,Valerio Crezzini,Atalanta Bergamasca Calcio,US Sassuolo Calcio,S. Walukiewicz,0,0,0,0,0,0,0,0,23,0,0,0,0,2,0
101,9 Nov 2025,,dmi121gv0qj4x1w693cvie6fo,Valerio Crezzini,Atalanta Bergamasca Calcio,US Sassuolo Calcio,J. Idzes,0,0,0,0,1,0,0,0,21,0,0,0,0,1,0
101,9 Nov 2025,,dmi121gv0qj4x1w693cvie6fo,Valerio Crezzini,Atalanta Bergamasca Calcio,US Sassuolo Calcio,A. Murić,0,0,0,0,0,0,0,0,33,0,1,0,0,0,1
101,9 Nov 2025,,dmi121gv0qj4x1w693cvie6fo,Valerio Crezzini,Atalanta Bergamasca Calcio,US Sassuolo Calcio,A. Laurienté,0,0,0,0,0,0,0,0,9,0,0,0,0,0,0
101,9 Nov 2025,,dmi121gv0qj4x1w693cvie6fo,Valerio Crezzini,Atalanta Bergamasca Calcio,US Sassuolo Calcio,J. Doig,0,0,0,0,0,0,0,0,8,0,0,0,0,0,0
101,9 Nov 2025,,dmi121gv0qj4x1w693cvie6fo,Valerio Crezzini,Atalanta Bergamasca Calcio,US Sassuolo Calcio,E. Iannoni,0,0,0,0,0,0,0,0,1,0,0,0,0,0,0
101,9 Nov 2025,,dmi121gv0qj4x1w693cvie6fo,Valerio Crezzini,Atalanta Bergamasca Calcio,US Sassuolo Calcio,W. Cheddira,0,0,0,0,0,1,0,0,1,0,0,0,0,0,0
101,9 Nov 2025,,dmi121gv0qj4x1w693cvie6fo,Valerio Crezzini,Atalanta Bergamasca Calcio,US Sassuolo Calcio,Nicholas Pierini,0,0,0,0,0,0,0,0,0,0,0,0,0,0,0
102,9 Nov 2025,,dmwg1gvcw4ie6d5l4q676ym1g,Daniele Chiffi,Bologna FC 1909,SSC Napoli,L. Ferguson,0,0,0,1,4,1,0,0,65,0,0,0,0,0,0
102,9 Nov 2025,,dmwg1gvcw4ie6d5l4q676ym1g,Daniele Chiffi,Bologna FC 1909,SSC Napoli,Ł. Skorupski,0,0,0,0,0,0,0,0,3,0,0,0,0,0,0
102,9 Nov 2025,,dmwg1gvcw4ie6d5l4q676ym1g,Daniele Chiffi,Bologna FC 1909,SSC Napoli,E. Holm,1,0,0,2,1,2,0,0,32,0,0,0,0,3,0
102,9 Nov 2025,,dmwg1gvcw4ie6d5l4q676ym1g,Daniele Chiffi,Bologna FC 1909,SSC Napoli,T. Heggem,0,0,0,0,3,1,0,0,31,0,0,0,0,1,0
102,9 Nov 2025,,dmwg1gvcw4ie6d5l4q676ym1g,Daniele Chiffi,Bologna FC 1909,SSC Napoli,J. Lucumí,0,0,0,0,0,2,1,0,43,0,0,2,1,3,0
102,9 Nov 2025,,dmwg1gvcw4ie6d5l4q676ym1g,Daniele Chiffi,Bologna FC 1909,SSC Napoli,J. Rowe,0,1,1,0,0,1,0,0,15,0,0,2,1,1,0
102,9 Nov 2025,,dmwg1gvcw4ie6d5l4q676ym1g,Daniele Chiffi,Bologna FC 1909,SSC Napoli,T. Dallinga,0,0,1,1,2,0,1,0,20,0,0,2,1,2,0
102,9 Nov 2025,,dmwg1gvcw4ie6d5l4q676ym1g,Daniele Chiffi,Bologna FC 1909,SSC Napoli,R. Orsolini,0,0,1,1,1,1,0,0,23,0,0,1,1,0,1
102,9 Nov 2025,,dmwg1gvcw4ie6d5l4q676ym1g,Daniele Chiffi,Bologna FC 1909,SSC Napoli,Juan Miranda,0,1,1,7,1,2,0,0,38,0,0,1,0,2,0
102,9 Nov 2025,,dmwg1gvcw4ie6d5l4q676ym1g,Daniele Chiffi,Bologna FC 1909,SSC Napoli,J. Odgaard,0,0,1,1,1,0,0,0,9,0,0,0,0,1,0
102,9 Nov 2025,,dmwg1gvcw4ie6d5l4q676ym1g,Daniele Chiffi,Bologna FC 1909,SSC Napoli,M. Pessina,0,0,0,0,0,0,0,0,29,0,1,0,0,0,0
102,9 Nov 2025,,dmwg1gvcw4ie6d5l4q676ym1g,Daniele Chiffi,Bologna FC 1909,SSC Napoli,T. Pobega,0,0,0,0,1,0,0,0,19,0,0,0,0,0,0
102,9 Nov 2025,,dmwg1gvcw4ie6d5l4q676ym1g,Daniele Chiffi,Bologna FC 1909,SSC Napoli,N. Cambiaghi,1,1,0,1,0,4,0,0,12,0,0,1,0,1,0
102,9 Nov 2025,,dmwg1gvcw4ie6d5l4q676ym1g,Daniele Chiffi,Bologna FC 1909,SSC Napoli,F. Bernardeschi,0,0,0,1,0,1,0,0,17,0,0,2,0,0,0
102,9 Nov 2025,,dmwg1gvcw4ie6d5l4q676ym1g,Daniele Chiffi,Bologna FC 1909,SSC Napoli,N. Casale,0,0,0,0,0,0,0,0,5,0,0,0,0,0,0
102,9 Nov 2025,,dmwg1gvcw4ie6d5l4q676ym1g,Daniele Chiffi,Bologna FC 1909,SSC Napoli,N. Moro,0,0,0,0,0,0,0,0,9,0,0,0,0,0,0
102,9 Nov 2025,,dmwg1gvcw4ie6d5l4q676ym1g,Daniele Chiffi,Bologna FC 1909,SSC Napoli,V. Milinković-Savić,0,0,0,0,0,0,0,0,46,0,2,0,0,0,0
102,9 Nov 2025,,dmwg1gvcw4ie6d5l4q676ym1g,Daniele Chiffi,Bologna FC 1909,SSC Napoli,R. Højlund,0,1,1,0,5,3,0,0,25,0,0,1,0,0,1
102,9 Nov 2025,,dmwg1gvcw4ie6d5l4q676ym1g,Daniele Chiffi,Bologna FC 1909,SSC Napoli,Amir Rrahmani,0,0,0,0,0,0,0,0,76,0,0,0,0,0,0
102,9 Nov 2025,,dmwg1gvcw4ie6d5l4q676ym1g,Daniele Chiffi,Bologna FC 1909,SSC Napoli,S. Lobotka,0,0,0,0,1,0,0,0,81,0,0,0,0,1,0
102,9 Nov 2025,,dmwg1gvcw4ie6d5l4q676ym1g,Daniele Chiffi,Bologna FC 1909,SSC Napoli,S. McTominay,0,1,0,0,0,2,0,0,26,0,0,2,0,0,0
102,9 Nov 2025,,dmwg1gvcw4ie6d5l4q676ym1g,Daniele Chiffi,Bologna FC 1909,SSC Napoli,E. Elmas,0,0,0,3,0,0,0,0,18,0,0,1,1,0,0
102,9 Nov 2025,,dmwg1gvcw4ie6d5l4q676ym1g,Daniele Chiffi,Bologna FC 1909,SSC Napoli,Miguel Gutiérrez,0,0,2,2,0,2,0,0,35,0,0,0,0,2,0
102,9 Nov 2025,,dmwg1gvcw4ie6d5l4q676ym1g,Daniele Chiffi,Bologna FC 1909,SSC Napoli,A. Buongiorno,0,0,0,0,0,2,0,0,62,0,0,0,0,0,0
102,9 Nov 2025,,dmwg1gvcw4ie6d5l4q676ym1g,Daniele Chiffi,Bologna FC 1909,SSC Napoli,G. Di Lorenzo,0,0,0,0,3,0,0,0,48,0,0,0,0,3,0
102,9 Nov 2025,,dmwg1gvcw4ie6d5l4q676ym1g,Daniele Chiffi,Bologna FC 1909,SSC Napoli,F. Anguissa,0,0,0,1,2,3,0,0,58,0,0,0,0,1,0
102,9 Nov 2025,,dmwg1gvcw4ie6d5l4q676ym1g,Daniele Chiffi,Bologna FC 1909,SSC Napoli,M. Politano,0,0,1,5,1,0,0,0,30,0,0,0,0,0,0
102,9 Nov 2025,,dmwg1gvcw4ie6d5l4q676ym1g,Daniele Chiffi,Bologna FC 1909,SSC Napoli,David Neres,0,0,0,0,1,0,0,0,6,0,0,0,0,1,1
102,9 Nov 2025,,dmwg1gvcw4ie6d5l4q676ym1g,Daniele Chiffi,Bologna FC 1909,SSC Napoli,N. Lang,0,0,0,2,2,0,0,0,10,0,0,0,0,0,1
102,9 Nov 2025,,dmwg1gvcw4ie6d5l4q676ym1g,Daniele Chiffi,Bologna FC 1909,SSC Napoli,M. Olivera,0,0,0,0,0,0,0,0,14,0,0,0,0,0,0
102,9 Nov 2025,,dmwg1gvcw4ie6d5l4q676ym1g,Daniele Chiffi,Bologna FC 1909,SSC Napoli,Juan Jesus,0,0,0,0,0,0,0,0,15,0,0,0,0,1,0
102,9 Nov 2025,,dmwg1gvcw4ie6d5l4q676ym1g,Daniele Chiffi,Bologna FC 1909,SSC Napoli,L. Lucca,0,0,0,0,0,0,0,0,1,0,0,0,0,0,0
103,8 Nov 2025,,dnarz7g34ocl241c9fgxzp3pw,Ivano Pezzuto,Calcio Como 1907,Cagliari Calcio,Álvaro Morata,0,0,0,0,3,2,0,1,18,0,0,1,1,1,1
103,8 Nov 2025,,dnarz7g34ocl241c9fgxzp3pw,Ivano Pezzuto,Calcio Como 1907,Cagliari Calcio,M. Perrone,0,0,0,1,4,3,0,0,107,0,0,0,0,0,1
103,8 Nov 2025,,dnarz7g34ocl241c9fgxzp3pw,Ivano Pezzuto,Calcio Como 1907,Cagliari Calcio,N. Paz,0,1,4,4,2,1,0,0,52,0,0,4,3,4,0
103,8 Nov 2025,,dnarz7g34ocl241c9fgxzp3pw,Ivano Pezzuto,Calcio Como 1907,Cagliari Calcio,M. Caqueret,0,0,1,8,1,0,0,0,62,0,0,0,0,1,0
103,8 Nov 2025,,dnarz7g34ocl241c9fgxzp3pw,Ivano Pezzuto,Calcio Como 1907,Cagliari Calcio,Jacobo Ramón,0,0,0,0,2,0,0,0,97,0,0,1,0,2,0
103,8 Nov 2025,,dnarz7g34ocl241c9fgxzp3pw,Ivano Pezzuto,Calcio Como 1907,Cagliari Calcio,Diego Carlos,0,0,0,0,3,0,0,0,89,0,0,0,0,0,0
103,8 Nov 2025,,dnarz7g34ocl241c9fgxzp3pw,Ivano Pezzuto,Calcio Como 1907,Cagliari Calcio,Assane Diao,0,0,0,1,2,1,0,0,16,0,0,0,0,0,0
103,8 Nov 2025,,dnarz7g34ocl241c9fgxzp3pw,Ivano Pezzuto,Calcio Como 1907,Cagliari Calcio,I. Smolčić,0,0,0,0,1,2,0,0,44,0,0,1,0,2,0
103,8 Nov 2025,,dnarz7g34ocl241c9fgxzp3pw,Ivano Pezzuto,Calcio Como 1907,Cagliari Calcio,Álex Valle,0,1,1,2,2,2,0,0,61,0,0,1,0,1,0
103,8 Nov 2025,,dnarz7g34ocl241c9fgxzp3pw,Ivano Pezzuto,Calcio Como 1907,Cagliari Calcio,J. Addai,0,0,1,3,1,1,0,0,18,0,0,1,1,0,1
103,8 Nov 2025,,dnarz7g34ocl241c9fgxzp3pw,Ivano Pezzuto,Calcio Como 1907,Cagliari Calcio,J. Butez,0,0,0,0,0,0,0,0,24,0,2,0,0,0,0
103,8 Nov 2025,,dnarz7g34ocl241c9fgxzp3pw,Ivano Pezzuto,Calcio Como 1907,Cagliari Calcio,Jesús Rodríguez,0,0,1,1,0,1,0,0,21,0,0,1,1,1,0
103,8 Nov 2025,,dnarz7g34ocl241c9fgxzp3pw,Ivano Pezzuto,Calcio Como 1907,Cagliari Calcio,M. Baturina,0,0,0,1,0,1,0,0,17,0,0,0,0,0,0
103,8 Nov 2025,,dnarz7g34ocl241c9fgxzp3pw,Ivano Pezzuto,Calcio Como 1907,Cagliari Calcio,T. Douvikas,0,0,0,0,0,1,0,0,3,0,0,0,0,0,0
103,8 Nov 2025,,dnarz7g34ocl241c9fgxzp3pw,Ivano Pezzuto,Calcio Como 1907,Cagliari Calcio,N. Kühn,0,0,1,1,0,0,0,0,5,0,0,0,0,0,0
103,8 Nov 2025,,dnarz7g34ocl241c9fgxzp3pw,Ivano Pezzuto,Calcio Como 1907,Cagliari Calcio,M. Vojvoda,0,0,1,1,0,0,0,0,1,0,0,0,0,0,0
103,8 Nov 2025,,dnarz7g34ocl241c9fgxzp3pw,Ivano Pezzuto,Calcio Como 1907,Cagliari Calcio,M. Palestra,0,0,0,1,3,3,0,0,12,0,0,0,0,2,0
103,8 Nov 2025,,dnarz7g34ocl241c9fgxzp3pw,Ivano Pezzuto,Calcio Como 1907,Cagliari Calcio,G. Zappa,0,0,0,0,1,2,0,0,22,0,0,0,0,3,0
103,8 Nov 2025,,dnarz7g34ocl241c9fgxzp3pw,Ivano Pezzuto,Calcio Como 1907,Cagliari Calcio,S. Esposito,0,0,0,0,2,4,0,0,11,0,0,0,0,2,0
103,8 Nov 2025,,dnarz7g34ocl241c9fgxzp3pw,Ivano Pezzuto,Calcio Como 1907,Cagliari Calcio,Y. Mina,0,0,0,0,1,3,0,2,25,0,0,0,0,4,0
103,8 Nov 2025,,dnarz7g34ocl241c9fgxzp3pw,Ivano Pezzuto,Calcio Como 1907,Cagliari Calcio,G. Gaetano,0,0,0,0,1,1,0,0,15,0,0,0,0,0,0
103,8 Nov 2025,,dnarz7g34ocl241c9fgxzp3pw,Ivano Pezzuto,Calcio Como 1907,Cagliari Calcio,S. Luperto,0,0,0,0,0,0,0,0,23,0,0,0,0,0,0
103,8 Nov 2025,,dnarz7g34ocl241c9fgxzp3pw,Ivano Pezzuto,Calcio Como 1907,Cagliari Calcio,E. Caprile,0,0,0,0,0,2,0,0,32,0,6,0,0,0,0
103,8 Nov 2025,,dnarz7g34ocl241c9fgxzp3pw,Ivano Pezzuto,Calcio Como 1907,Cagliari Calcio,M. Prati,0,0,0,0,0,0,0,0,16,0,0,0,0,0,1
103,8 Nov 2025,,dnarz7g34ocl241c9fgxzp3pw,Ivano Pezzuto,Calcio Como 1907,Cagliari Calcio,M. Folorunsho,0,0,0,0,2,3,0,0,14,0,0,1,0,0,0
103,8 Nov 2025,,dnarz7g34ocl241c9fgxzp3pw,Ivano Pezzuto,Calcio Como 1907,Cagliari Calcio,A. Obert,0,0,0,0,1,2,0,0,21,0,0,0,0,1,0
103,8 Nov 2025,,dnarz7g34ocl241c9fgxzp3pw,Ivano Pezzuto,Calcio Como 1907,Cagliari Calcio,M. Felici,0,0,0,0,1,0,0,0,10,0,0,2,1,1,0
103,8 Nov 2025,,dnarz7g34ocl241c9fgxzp3pw,Ivano Pezzuto,Calcio Como 1907,Cagliari Calcio,M. Adopo,0,0,0,0,1,0,0,0,4,0,0,0,0,0,0
103,8 Nov 2025,,dnarz7g34ocl241c9fgxzp3pw,Ivano Pezzuto,Calcio Como 1907,Cagliari Calcio,G. Borrelli,0,0,0,0,1,0,0,0,7,0,0,0,0,0,0
103,8 Nov 2025,,dnarz7g34ocl241c9fgxzp3pw,Ivano Pezzuto,Calcio Como 1907,Cagliari Calcio,L. Mazzitelli,0,0,0,0,0,0,0,0,6,0,0,0,0,0,0
103,8 Nov 2025,,dnarz7g34ocl241c9fgxzp3pw,Ivano Pezzuto,Calcio Como 1907,Cagliari Calcio,Zito Luvumbo,0,0,0,0,1,0,0,0,0,0,0,1,1,0,0
103,8 Nov 2025,,dnarz7g34ocl241c9fgxzp3pw,Ivano Pezzuto,Calcio Como 1907,Cagliari Calcio,R. Idrissi,0,0,0,0,0,0,0,0,1,0,0,0,0,1,0
104,9 Nov 2025,,dnp4q65aivoy78vun7flzhq8k,Marco Guida,Genoa CFC,ACF Fiorentina,M. Thorsby,0,0,0,0,5,0,0,0,18,0,0,1,0,0,0
104,9 Nov 2025,,dnp4q65aivoy78vun7flzhq8k,Marco Guida,Genoa CFC,ACF Fiorentina,A. Marcandalli,0,0,0,0,0,0,0,0,33,0,0,1,1,0,0
104,9 Nov 2025,,dnp4q65aivoy78vun7flzhq8k,Marco Guida,Genoa CFC,ACF Fiorentina,M. Frendrup,0,0,0,0,3,1,0,0,25,0,0,0,0,1,0
104,9 Nov 2025,,dnp4q65aivoy78vun7flzhq8k,Marco Guida,Genoa CFC,ACF Fiorentina,B. Norton-Cuffy,0,0,2,6,1,1,0,0,21,0,0,0,0,0,0
104,9 Nov 2025,,dnp4q65aivoy78vun7flzhq8k,Marco Guida,Genoa CFC,ACF Fiorentina,L. Østigård,1,0,0,0,0,0,1,0,52,0,0,2,2,0,0
104,9 Nov 2025,,dnp4q65aivoy78vun7flzhq8k,Marco Guida,Genoa CFC,ACF Fiorentina,N. Leali,0,0,0,0,0,0,0,0,15,0,1,0,0,0,0
104,9 Nov 2025,,dnp4q65aivoy78vun7flzhq8k,Marco Guida,Genoa CFC,ACF Fiorentina,J. Vásquez,0,0,0,1,3,1,0,0,51,0,0,1,0,0,0
104,9 Nov 2025,,dnp4q65aivoy78vun7flzhq8k,Marco Guida,Genoa CFC,ACF Fiorentina,Aarón Martín,1,0,1,10,1,1,0,0,17,0,0,0,0,2,1
104,9 Nov 2025,,dnp4q65aivoy78vun7flzhq8k,Marco Guida,Genoa CFC,ACF Fiorentina,L. Colombo,0,0,0,2,2,4,1,0,11,0,0,3,2,1,0
104,9 Nov 2025,,dnp4q65aivoy78vun7flzhq8k,Marco Guida,Genoa CFC,ACF Fiorentina,Vítinha,0,1,0,0,1,2,0,0,7,0,0,1,0,0,0
104,9 Nov 2025,,dnp4q65aivoy78vun7flzhq8k,Marco Guida,Genoa CFC,ACF Fiorentina,M. Ellertsson,0,0,0,2,3,1,0,0,21,0,0,0,0,1,1
104,9 Nov 2025,,dnp4q65aivoy78vun7flzhq8k,Marco Guida,Genoa CFC,ACF Fiorentina,J. Ekhator,0,0,0,0,0,1,0,0,4,0,0,0,0,0,0
104,9 Nov 2025,,dnp4q65aivoy78vun7flzhq8k,Marco Guida,Genoa CFC,ACF Fiorentina,P. Masini,0,0,0,0,0,0,0,0,4,0,0,1,1,4,0
104,9 Nov 2025,,dnp4q65aivoy78vun7flzhq8k,Marco Guida,Genoa CFC,ACF Fiorentina,V. Carboni,0,0,0,1,1,0,0,0,2,0,0,0,0,0,0
104,9 Nov 2025,,dnp4q65aivoy78vun7flzhq8k,Marco Guida,Genoa CFC,ACF Fiorentina,A. Guðmundsson,0,0,0,1,1,2,1,0,21,0,0,1,1,1,0
104,9 Nov 2025,,dnp4q65aivoy78vun7flzhq8k,Marco Guida,Genoa CFC,ACF Fiorentina,David de Gea,0,0,0,0,0,1,0,0,24,0,4,0,0,0,0
104,9 Nov 2025,,dnp4q65aivoy78vun7flzhq8k,Marco Guida,Genoa CFC,ACF Fiorentina,R. Piccoli,0,0,2,0,1,2,1,0,13,0,0,3,2,1,0
104,9 Nov 2025,,dnp4q65aivoy78vun7flzhq8k,Marco Guida,Genoa CFC,ACF Fiorentina,S. Sohm,1,0,0,0,2,1,0,0,30,0,0,0,0,0,0
104,9 Nov 2025,,dnp4q65aivoy78vun7flzhq8k,Marco Guida,Genoa CFC,ACF Fiorentina,N. Fortini,0,2,2,1,0,1,0,0,27,0,0,2,0,4,0
104,9 Nov 2025,,dnp4q65aivoy78vun7flzhq8k,Marco Guida,Genoa CFC,ACF Fiorentina,H. Nicolussi,0,0,0,5,0,1,0,0,51,0,0,0,0,2,0
104,9 Nov 2025,,dnp4q65aivoy78vun7flzhq8k,Marco Guida,Genoa CFC,ACF Fiorentina,Dodô,0,0,2,6,1,3,0,0,30,0,0,0,0,3,1
104,9 Nov 2025,,dnp4q65aivoy78vun7flzhq8k,Marco Guida,Genoa CFC,ACF Fiorentina,R. Mandragora,0,0,0,2,1,3,0,0,34,0,0,0,0,4,0
104,9 Nov 2025,,dnp4q65aivoy78vun7flzhq8k,Marco Guida,Genoa CFC,ACF Fiorentina,M. Pongračić,0,0,0,0,3,1,0,0,54,0,0,0,0,0,1
104,9 Nov 2025,,dnp4q65aivoy78vun7flzhq8k,Marco Guida,Genoa CFC,ACF Fiorentina,L. Ranieri,0,0,0,0,4,1,0,0,40,0,0,0,0,0,1
104,9 Nov 2025,,dnp4q65aivoy78vun7flzhq8k,Marco Guida,Genoa CFC,ACF Fiorentina,Pablo Marí,0,0,0,0,1,1,0,0,57,0,0,1,0,1,0
104,9 Nov 2025,,dnp4q65aivoy78vun7flzhq8k,Marco Guida,Genoa CFC,ACF Fiorentina,F. Parisi,0,0,0,1,0,0,0,0,12,0,0,0,0,0,0
104,9 Nov 2025,,dnp4q65aivoy78vun7flzhq8k,Marco Guida,Genoa CFC,ACF Fiorentina,M. Viti,0,0,0,0,0,0,0,0,13,0,0,0,0,1,0
104,9 Nov 2025,,dnp4q65aivoy78vun7flzhq8k,Marco Guida,Genoa CFC,ACF Fiorentina,E. Džeko,0,0,0,0,1,2,0,0,6,0,0,0,0,0,0
104,9 Nov 2025,,dnp4q65aivoy78vun7flzhq8k,Marco Guida,Genoa CFC,ACF Fiorentina,C. Ndour,0,0,1,1,0,0,0,0,2,0,0,0,0,0,0
104,9 Nov 2025,,dnp4q65aivoy78vun7flzhq8k,Marco Guida,Genoa CFC,ACF Fiorentina,J. Fazzini,0,0,0,0,0,0,0,0,4,0,0,0,0,0,0
105,9 Nov 2025,,do3jie3bxgeab77cfb661pj4k,Gianluca Manganiello,FC Internazionale Milano,SS Lazio,D. Dumfries,0,0,0,2,4,1,0,1,18,0,0,0,0,0,1
105,9 Nov 2025,,do3jie3bxgeab77cfb661pj4k,Gianluca Manganiello,FC Internazionale Milano,SS Lazio,M. Akanji,0,0,0,0,2,0,0,0,76,0,0,1,0,0,1
105,9 Nov 2025,,do3jie3bxgeab77cfb661pj4k,Gianluca Manganiello,FC Internazionale Milano,SS Lazio,A. Bonny,0,0,1,0,1,0,1,0,21,0,0,1,1,0,0
105,9 Nov 2025,,do3jie3bxgeab77cfb661pj4k,Gianluca Manganiello,FC Internazionale Milano,SS Lazio,F. Acerbi,0,0,0,0,1,1,0,0,73,0,0,0,0,1,0
105,9 Nov 2025,,do3jie3bxgeab77cfb661pj4k,Gianluca Manganiello,FC Internazionale Milano,SS Lazio,Y. Sommer,0,0,0,0,0,0,0,0,48,0,5,0,0,0,0
105,9 Nov 2025,,do3jie3bxgeab77cfb661pj4k,Gianluca Manganiello,FC Internazionale Milano,SS Lazio,H. Çalhanoğlu,0,0,0,3,1,1,0,0,83,0,0,0,0,1,0
105,9 Nov 2025,,do3jie3bxgeab77cfb661pj4k,Gianluca Manganiello,FC Internazionale Milano,SS Lazio,N. Barella,0,1,0,2,0,2,0,0,53,0,0,1,0,3,0
105,9 Nov 2025,,do3jie3bxgeab77cfb661pj4k,Gianluca Manganiello,FC Internazionale Milano,SS Lazio,F. Dimarco,1,0,1,7,2,1,0,0,39,0,0,0,0,2,0
105,9 Nov 2025,,do3jie3bxgeab77cfb661pj4k,Gianluca Manganiello,FC Internazionale Milano,SS Lazio,P. Sučić,0,0,0,1,3,0,0,0,23,0,0,1,0,1,1
105,9 Nov 2025,,do3jie3bxgeab77cfb661pj4k,Gianluca Manganiello,FC Internazionale Milano,SS Lazio,L. Martínez,0,0,0,0,3,1,1,1,22,0,0,3,1,0,0
105,9 Nov 2025,,do3jie3bxgeab77cfb661pj4k,Gianluca Manganiello,FC Internazionale Milano,SS Lazio,A. Bastoni,1,0,1,3,6,1,0,0,65,0,0,0,0,2,0
105,9 Nov 2025,,do3jie3bxgeab77cfb661pj4k,Gianluca Manganiello,FC Internazionale Milano,SS Lazio,Carlos Augusto,0,0,0,3,1,0,0,0,18,0,0,1,1,3,0
105,9 Nov 2025,,do3jie3bxgeab77cfb661pj4k,Gianluca Manganiello,FC Internazionale Milano,SS Lazio,P. Zieliński,0,0,0,0,0,0,0,0,11,0,0,0,0,1,0
105,9 Nov 2025,,do3jie3bxgeab77cfb661pj4k,Gianluca Manganiello,FC Internazionale Milano,SS Lazio,M. Thuram,0,0,0,0,2,2,0,0,5,0,0,0,0,0,0
105,9 Nov 2025,,do3jie3bxgeab77cfb661pj4k,Gianluca Manganiello,FC Internazionale Milano,SS Lazio,F. Esposito,0,0,0,0,0,0,0,0,3,0,0,0,0,0,0
105,9 Nov 2025,,do3jie3bxgeab77cfb661pj4k,Gianluca Manganiello,FC Internazionale Milano,SS Lazio,D. Frattesi,0,0,0,0,0,1,0,0,1,0,0,0,0,0,0
105,9 Nov 2025,,do3jie3bxgeab77cfb661pj4k,Gianluca Manganiello,FC Internazionale Milano,SS Lazio,B. Dia,0,0,0,0,2,1,0,0,10,0,0,0,0,0,0
105,9 Nov 2025,,do3jie3bxgeab77cfb661pj4k,Gianluca Manganiello,FC Internazionale Milano,SS Lazio,A. Romagnoli,0,0,0,0,1,1,0,0,44,0,0,0,0,1,0
105,9 Nov 2025,,do3jie3bxgeab77cfb661pj4k,Gianluca Manganiello,FC Internazionale Milano,SS Lazio,Mario Gila,0,0,0,0,0,0,0,0,47,0,0,1,1,1,0
105,9 Nov 2025,,do3jie3bxgeab77cfb661pj4k,Gianluca Manganiello,FC Internazionale Milano,SS Lazio,A. Marušić,0,0,0,0,1,1,0,0,68,0,0,0,0,0,0
105,9 Nov 2025,,do3jie3bxgeab77cfb661pj4k,Gianluca Manganiello,FC Internazionale Milano,SS Lazio,M. Lazzari,0,0,0,0,0,2,0,0,36,0,0,0,0,0,0
105,9 Nov 2025,,do3jie3bxgeab77cfb661pj4k,Gianluca Manganiello,FC Internazionale Milano,SS Lazio,T. Bašić,0,0,0,1,1,0,0,0,38,0,0,0,0,1,0
105,9 Nov 2025,,do3jie3bxgeab77cfb661pj4k,Gianluca Manganiello,FC Internazionale Milano,SS Lazio,D. Cataldi,0,0,0,1,0,0,0,0,32,0,0,0,0,1,0
105,9 Nov 2025,,do3jie3bxgeab77cfb661pj4k,Gianluca Manganiello,FC Internazionale Milano,SS Lazio,M. Guendouzi,0,0,0,0,1,2,0,0,44,0,0,1,1,0,0
105,9 Nov 2025,,do3jie3bxgeab77cfb661pj4k,Gianluca Manganiello,FC Internazionale Milano,SS Lazio,G. Isaksen,0,0,0,0,0,5,0,0,12,0,0,2,1,0,0
105,9 Nov 2025,,do3jie3bxgeab77cfb661pj4k,Gianluca Manganiello,FC Internazionale Milano,SS Lazio,Ivan Provedel,0,0,0,0,0,0,0,0,33,0,1,0,0,0,0
105,9 Nov 2025,,do3jie3bxgeab77cfb661pj4k,Gianluca Manganiello,FC Internazionale Milano,SS Lazio,M. Zaccagni,0,0,1,2,1,8,0,0,40,0,0,1,0,1,1
105,9 Nov 2025,,do3jie3bxgeab77cfb661pj4k,Gianluca Manganiello,FC Internazionale Milano,SS Lazio,Pedro,0,0,0,2,0,3,0,0,16,0,0,1,0,0,0
105,9 Nov 2025,,do3jie3bxgeab77cfb661pj4k,Gianluca Manganiello,FC Internazionale Milano,SS Lazio,T. Noslin,0,0,0,0,2,0,0,0,9,0,0,1,1,0,0
105,9 Nov 2025,,do3jie3bxgeab77cfb661pj4k,Gianluca Manganiello,FC Internazionale Milano,SS Lazio,L. Pellegrini,0,0,0,0,1,1,0,0,20,0,0,1,1,0,0
105,9 Nov 2025,,do3jie3bxgeab77cfb661pj4k,Gianluca Manganiello,FC Internazionale Milano,SS Lazio,M. Vecino,0,0,0,0,0,0,0,0,30,0,0,0,0,0,0
105,9 Nov 2025,,do3jie3bxgeab77cfb661pj4k,Gianluca Manganiello,FC Internazionale Milano,SS Lazio,O. Provstgaard,0,0,0,0,1,0,0,0,15,0,0,0,0,0,0
106,8 Nov 2025,,dohyl0ad5ysvxd4ai8yzzmrys,Luca Zufferli,Juventus FC,Torino FC,K. Thuram,0,0,0,2,4,1,0,0,86,0,0,1,1,4,0
106,8 Nov 2025,,dohyl0ad5ysvxd4ai8yzzmrys,Luca Zufferli,Juventus FC,Torino FC,D. Rugani,0,0,0,0,0,0,0,0,54,0,0,0,0,0,0
106,8 Nov 2025,,dohyl0ad5ysvxd4ai8yzzmrys,Luca Zufferli,Juventus FC,Torino FC,M. Di Gregorio,0,0,0,0,0,0,0,0,30,0,3,0,0,0,0
106,8 Nov 2025,,dohyl0ad5ysvxd4ai8yzzmrys,Luca Zufferli,Juventus FC,Torino FC,T. Koopmeiners,0,0,1,3,2,0,0,0,109,0,0,0,0,0,0
106,8 Nov 2025,,dohyl0ad5ysvxd4ai8yzzmrys,Luca Zufferli,Juventus FC,Torino FC,K. Yıldız,0,2,1,4,0,1,0,0,37,0,0,4,2,1,0
106,8 Nov 2025,,dohyl0ad5ysvxd4ai8yzzmrys,Luca Zufferli,Juventus FC,Torino FC,M. Locatelli,0,1,1,0,0,0,0,0,120,0,0,2,0,2,0
106,8 Nov 2025,,dohyl0ad5ysvxd4ai8yzzmrys,Luca Zufferli,Juventus FC,Torino FC,Francisco Conceição,0,1,0,0,1,1,0,0,27,0,0,2,0,1,0
106,8 Nov 2025,,dohyl0ad5ysvxd4ai8yzzmrys,Luca Zufferli,Juventus FC,Torino FC,W. McKennie,0,1,1,0,0,0,0,0,44,0,0,3,1,1,0
106,8 Nov 2025,,dohyl0ad5ysvxd4ai8yzzmrys,Luca Zufferli,Juventus FC,Torino FC,P. Kalulu,0,0,0,2,1,0,0,0,99,0,0,0,0,2,0
106,8 Nov 2025,,dohyl0ad5ysvxd4ai8yzzmrys,Luca Zufferli,Juventus FC,Torino FC,A. Cambiaso,0,0,1,6,1,0,0,0,79,0,0,0,0,1,0
106,8 Nov 2025,,dohyl0ad5ysvxd4ai8yzzmrys,Luca Zufferli,Juventus FC,Torino FC,D. Vlahović,0,1,0,0,0,0,0,1,15,0,0,3,1,3,0
106,8 Nov 2025,,dohyl0ad5ysvxd4ai8yzzmrys,Luca Zufferli,Juventus FC,Torino FC,F. Gatti,0,0,0,0,0,0,0,0,29,0,0,1,0,0,0
106,8 Nov 2025,,dohyl0ad5ysvxd4ai8yzzmrys,Luca Zufferli,Juventus FC,Torino FC,J. David,0,2,0,0,0,0,0,0,11,0,0,3,1,1,0
106,8 Nov 2025,,dohyl0ad5ysvxd4ai8yzzmrys,Luca Zufferli,Juventus FC,Torino FC,E. Zhegrova,0,2,1,6,0,0,0,0,19,0,0,2,0,0,0
106,8 Nov 2025,,dohyl0ad5ysvxd4ai8yzzmrys,Luca Zufferli,Juventus FC,Torino FC,V. Adžić,0,0,0,1,0,0,0,0,6,0,0,0,0,0,0
106,8 Nov 2025,,dohyl0ad5ysvxd4ai8yzzmrys,Luca Zufferli,Juventus FC,Torino FC,L. Openda,0,0,0,1,0,0,0,0,3,0,0,1,0,0,0
106,8 Nov 2025,,dohyl0ad5ysvxd4ai8yzzmrys,Luca Zufferli,Juventus FC,Torino FC,G. Simeone,0,1,0,0,0,1,0,1,9,0,0,2,1,0,0
106,8 Nov 2025,,dohyl0ad5ysvxd4ai8yzzmrys,Luca Zufferli,Juventus FC,Torino FC,I. Ilić,0,0,0,0,0,1,0,0,18,0,0,0,0,0,0
106,8 Nov 2025,,dohyl0ad5ysvxd4ai8yzzmrys,Luca Zufferli,Juventus FC,Torino FC,A. Paleari,0,0,0,0,0,0,0,0,43,0,6,0,0,0,0
106,8 Nov 2025,,dohyl0ad5ysvxd4ai8yzzmrys,Luca Zufferli,Juventus FC,Torino FC,C. Casadei,0,0,0,0,0,1,0,0,26,0,0,0,0,1,0
106,8 Nov 2025,,dohyl0ad5ysvxd4ai8yzzmrys,Luca Zufferli,Juventus FC,Torino FC,A. Ismajli,0,0,0,0,0,2,0,0,29,0,0,0,0,2,0
106,8 Nov 2025,,dohyl0ad5ysvxd4ai8yzzmrys,Luca Zufferli,Juventus FC,Torino FC,G. Maripán,0,0,0,1,0,0,0,0,28,0,0,0,0,3,0
106,8 Nov 2025,,dohyl0ad5ysvxd4ai8yzzmrys,Luca Zufferli,Juventus FC,Torino FC,N. Vlašić,0,0,0,1,0,1,0,0,25,0,0,0,0,0,0
106,8 Nov 2025,,dohyl0ad5ysvxd4ai8yzzmrys,Luca Zufferli,Juventus FC,Torino FC,Saúl Coco,0,0,0,0,0,1,0,0,32,0,0,1,1,3,0
106,8 Nov 2025,,dohyl0ad5ysvxd4ai8yzzmrys,Luca Zufferli,Juventus FC,Torino FC,V. Lazaro,0,0,0,3,1,0,0,0,18,0,0,0,0,3,0
106,8 Nov 2025,,dohyl0ad5ysvxd4ai8yzzmrys,Luca Zufferli,Juventus FC,Torino FC,C. Ngonge,0,0,0,0,0,0,0,1,8,0,0,0,0,0,0
106,8 Nov 2025,,dohyl0ad5ysvxd4ai8yzzmrys,Luca Zufferli,Juventus FC,Torino FC,M. Pedersen,0,0,1,4,0,0,0,0,18,0,0,0,0,2,0
106,8 Nov 2025,,dohyl0ad5ysvxd4ai8yzzmrys,Luca Zufferli,Juventus FC,Torino FC,K. Asllani,0,0,0,2,1,0,0,0,20,0,0,1,0,0,1
106,8 Nov 2025,,dohyl0ad5ysvxd4ai8yzzmrys,Luca Zufferli,Juventus FC,Torino FC,C. Adams,0,1,1,0,1,2,0,0,9,0,0,4,1,0,0
106,8 Nov 2025,,dohyl0ad5ysvxd4ai8yzzmrys,Luca Zufferli,Juventus FC,Torino FC,T. Anjorin,0,0,0,0,0,0,0,0,7,0,0,0,0,0,0
106,8 Nov 2025,,dohyl0ad5ysvxd4ai8yzzmrys,Luca Zufferli,Juventus FC,Torino FC,D. Zapata,0,0,0,0,1,0,0,0,1,0,0,0,0,0,0
106,8 Nov 2025,,dohyl0ad5ysvxd4ai8yzzmrys,Luca Zufferli,Juventus FC,Torino FC,A. Tamèze,0,0,0,0,0,0,0,0,0,0,0,0,0,0,0
107,8 Nov 2025,,dow8k870q7vkvk4h4gjfr5m38,Rosario Abisso,US Lecce,Hellas Verona FC,Kialonda Gaspar,0,0,1,1,2,1,0,0,43,0,0,0,0,1,0
107,8 Nov 2025,,dow8k870q7vkvk4h4gjfr5m38,Rosario Abisso,US Lecce,Hellas Verona FC,Y. Ramadani,0,0,0,1,0,3,0,0,52,0,0,0,0,3,0
107,8 Nov 2025,,dow8k870q7vkvk4h4gjfr5m38,Rosario Abisso,US Lecce,Hellas Verona FC,L. Coulibaly,0,0,0,0,2,3,0,0,36,0,0,0,0,1,1
107,8 Nov 2025,,dow8k870q7vkvk4h4gjfr5m38,Rosario Abisso,US Lecce,Hellas Verona FC,A. Gallo,0,0,0,5,0,0,0,0,49,0,0,0,0,3,0
107,8 Nov 2025,,dow8k870q7vkvk4h4gjfr5m38,Rosario Abisso,US Lecce,Hellas Verona FC,N. Štulić,0,0,0,0,1,2,0,1,13,0,0,1,1,0,0
107,8 Nov 2025,,dow8k870q7vkvk4h4gjfr5m38,Rosario Abisso,US Lecce,Hellas Verona FC,Tiago Gabriel,0,1,0,0,1,0,0,0,47,0,0,1,0,3,0
107,8 Nov 2025,,dow8k870q7vkvk4h4gjfr5m38,Rosario Abisso,US Lecce,Hellas Verona FC,W. Falcone,0,0,0,0,0,0,0,0,23,0,2,0,0,0,0
107,8 Nov 2025,,dow8k870q7vkvk4h4gjfr5m38,Rosario Abisso,US Lecce,Hellas Verona FC,Danilo Veiga,0,0,1,6,0,2,0,0,44,0,0,0,0,3,0
107,8 Nov 2025,,dow8k870q7vkvk4h4gjfr5m38,Rosario Abisso,US Lecce,Hellas Verona FC,Tete Morente,0,1,1,1,1,2,0,0,22,0,0,1,0,1,0
107,8 Nov 2025,,dow8k870q7vkvk4h4gjfr5m38,Rosario Abisso,US Lecce,Hellas Verona FC,L. Banda,0,0,2,4,2,3,0,0,15,0,0,2,2,2,0
107,8 Nov 2025,,dow8k870q7vkvk4h4gjfr5m38,Rosario Abisso,US Lecce,Hellas Verona FC,M. Berisha,0,1,1,8,1,1,0,1,27,0,0,3,1,1,0
107,8 Nov 2025,,dow8k870q7vkvk4h4gjfr5m38,Rosario Abisso,US Lecce,Hellas Verona FC,F. Camarda,0,1,1,0,0,0,0,0,2,0,0,2,1,0,0
107,8 Nov 2025,,dow8k870q7vkvk4h4gjfr5m38,Rosario Abisso,US Lecce,Hellas Verona FC,S. Pierotti,0,0,1,0,0,0,0,0,5,0,0,0,0,2,0
107,8 Nov 2025,,dow8k870q7vkvk4h4gjfr5m38,Rosario Abisso,US Lecce,Hellas Verona FC,R. Sottil,0,0,0,3,0,0,0,0,3,0,0,1,1,0,0
107,8 Nov 2025,,dow8k870q7vkvk4h4gjfr5m38,Rosario Abisso,US Lecce,Hellas Verona FC,M. Kaba,0,0,0,0,0,0,0,0,3,0,0,0,0,0,0
107,8 Nov 2025,,dow8k870q7vkvk4h4gjfr5m38,Rosario Abisso,US Lecce,Hellas Verona FC,G. Orban,0,0,1,1,1,2,0,1,9,0,0,1,1,0,0
107,8 Nov 2025,,dow8k870q7vkvk4h4gjfr5m38,Rosario Abisso,US Lecce,Hellas Verona FC,L. Montipò,0,0,0,0,0,1,0,0,31,0,6,0,0,0,0
107,8 Nov 2025,,dow8k870q7vkvk4h4gjfr5m38,Rosario Abisso,US Lecce,Hellas Verona FC,N. Valentini,0,0,0,1,3,0,0,0,25,0,0,0,0,3,1
107,8 Nov 2025,,dow8k870q7vkvk4h4gjfr5m38,Rosario Abisso,US Lecce,Hellas Verona FC,J. Akpa Akpro,0,0,0,1,2,0,0,0,25,0,0,0,0,0,1
107,8 Nov 2025,,dow8k870q7vkvk4h4gjfr5m38,Rosario Abisso,US Lecce,Hellas Verona FC,Giovane,0,0,0,2,0,0,0,0,23,0,0,0,0,0,0
107,8 Nov 2025,,dow8k870q7vkvk4h4gjfr5m38,Rosario Abisso,US Lecce,Hellas Verona FC,R. Belghali,0,0,0,2,0,0,0,0,28,0,0,2,1,2,0
107,8 Nov 2025,,dow8k870q7vkvk4h4gjfr5m38,Rosario Abisso,US Lecce,Hellas Verona FC,V. Nelsson,0,0,0,0,0,0,0,0,23,0,0,0,0,0,0
107,8 Nov 2025,,dow8k870q7vkvk4h4gjfr5m38,Rosario Abisso,US Lecce,Hellas Verona FC,A. Harroui,0,1,0,1,1,0,0,0,15,0,0,1,0,1,0
107,8 Nov 2025,,dow8k870q7vkvk4h4gjfr5m38,Rosario Abisso,US Lecce,Hellas Verona FC,D. Bradarić,0,0,1,3,2,0,0,0,11,0,0,0,0,3,1
107,8 Nov 2025,,dow8k870q7vkvk4h4gjfr5m38,Rosario Abisso,US Lecce,Hellas Verona FC,R. Gagliardini,0,0,0,0,3,1,0,0,37,0,0,0,0,3,0
107,8 Nov 2025,,dow8k870q7vkvk4h4gjfr5m38,Rosario Abisso,US Lecce,Hellas Verona FC,A. Bella-Kotchap,0,0,0,1,3,4,0,0,22,0,0,0,0,1,0
107,8 Nov 2025,,dow8k870q7vkvk4h4gjfr5m38,Rosario Abisso,US Lecce,Hellas Verona FC,A. Bernede,0,0,0,0,1,0,0,0,7,0,0,0,0,3,0
107,8 Nov 2025,,dow8k870q7vkvk4h4gjfr5m38,Rosario Abisso,US Lecce,Hellas Verona FC,A. Sarr,0,0,0,0,1,1,0,1,7,0,0,0,0,0,0
107,8 Nov 2025,,dow8k870q7vkvk4h4gjfr5m38,Rosario Abisso,US Lecce,Hellas Verona FC,M. Frese,0,0,0,0,1,0,0,0,4,0,0,1,0,1,1
107,8 Nov 2025,,dow8k870q7vkvk4h4gjfr5m38,Rosario Abisso,US Lecce,Hellas Verona FC,C. Niasse,0,0,0,0,0,0,0,0,3,0,0,0,0,1,0
108,8 Nov 2025,,dpamiled595lvr7mgypx0j28k,Marco Di Bello,Parma Calcio 1913,AC Milan,Adrián Bernabé,0,0,0,5,0,1,1,0,47,0,0,2,1,0,0
108,8 Nov 2025,,dpamiled595lvr7mgypx0j28k,Marco Di Bello,Parma Calcio 1913,AC Milan,Z. Suzuki,0,0,0,0,0,0,0,0,20,0,3,0,0,0,0
108,8 Nov 2025,,dpamiled595lvr7mgypx0j28k,Marco Di Bello,Parma Calcio 1913,AC Milan,M. Løvik,0,0,0,4,0,0,0,0,21,0,0,0,0,2,0
108,8 Nov 2025,,dpamiled595lvr7mgypx0j28k,Marco Di Bello,Parma Calcio 1913,AC Milan,M. Pellegrino,0,1,0,0,3,1,0,0,11,0,0,2,0,0,0
108,8 Nov 2025,,dpamiled595lvr7mgypx0j28k,Marco Di Bello,Parma Calcio 1913,AC Milan,P. Cutrone,0,2,1,1,1,2,0,2,22,0,0,2,0,0,0
108,8 Nov 2025,,dpamiled595lvr7mgypx0j28k,Marco Di Bello,Parma Calcio 1913,AC Milan,E. Delprato,0,0,1,1,1,1,1,0,51,0,0,4,3,1,0
108,8 Nov 2025,,dpamiled595lvr7mgypx0j28k,Marco Di Bello,Parma Calcio 1913,AC Milan,A. Ndiaye,0,0,0,0,2,0,0,0,38,0,0,2,0,1,0
108,8 Nov 2025,,dpamiled595lvr7mgypx0j28k,Marco Di Bello,Parma Calcio 1913,AC Milan,L. Valenti,0,0,0,1,1,0,0,0,65,0,0,0,0,2,0
108,8 Nov 2025,,dpamiled595lvr7mgypx0j28k,Marco Di Bello,Parma Calcio 1913,AC Milan,S. Britschgi,2,0,1,6,1,0,0,0,31,0,0,0,0,0,0
108,8 Nov 2025,,dpamiled595lvr7mgypx0j28k,Marco Di Bello,Parma Calcio 1913,AC Milan,O. Sørensen,0,1,1,2,1,1,0,0,23,0,0,1,0,0,1
108,8 Nov 2025,,dpamiled595lvr7mgypx0j28k,Marco Di Bello,Parma Calcio 1913,AC Milan,M. Keita,0,0,0,0,2,1,0,0,51,0,0,1,0,1,0
108,8 Nov 2025,,dpamiled595lvr7mgypx0j28k,Marco Di Bello,Parma Calcio 1913,AC Milan,M. Troilo,0,0,0,0,1,1,0,0,26,0,0,0,0,0,0
108,8 Nov 2025,,dpamiled595lvr7mgypx0j28k,Marco Di Bello,Parma Calcio 1913,AC Milan,E. Valeri,0,0,0,2,0,0,0,0,6,0,0,0,0,0,0
108,8 Nov 2025,,dpamiled595lvr7mgypx0j28k,Marco Di Bello,Parma Calcio 1913,AC Milan,Hernani,0,0,0,1,1,0,0,0,2,0,0,0,0,0,0
108,8 Nov 2025,,dpamiled595lvr7mgypx0j28k,Marco Di Bello,Parma Calcio 1913,AC Milan,B. Cremaschi,0,0,0,0,0,0,0,0,0,0,0,0,0,0,0
108,8 Nov 2025,,dpamiled595lvr7mgypx0j28k,Marco Di Bello,Parma Calcio 1913,AC Milan,M. Maignan,0,0,0,0,0,0,0,0,22,0,3,0,0,0,0
108,8 Nov 2025,,dpamiled595lvr7mgypx0j28k,Marco Di Bello,Parma Calcio 1913,AC Milan,P. Estupiñán,0,0,0,0,0,0,0,0,28,0,0,0,0,1,0
108,8 Nov 2025,,dpamiled595lvr7mgypx0j28k,Marco Di Bello,Parma Calcio 1913,AC Milan,M. Gabbia,0,0,0,0,2,0,0,0,55,0,0,1,0,0,0
108,8 Nov 2025,,dpamiled595lvr7mgypx0j28k,Marco Di Bello,Parma Calcio 1913,AC Milan,Y. Fofana,0,0,1,1,1,0,0,0,39,0,0,0,0,1,0
108,8 Nov 2025,,dpamiled595lvr7mgypx0j28k,Marco Di Bello,Parma Calcio 1913,AC Milan,K. De Winter,0,0,0,2,4,0,0,0,67,0,0,0,0,0,0
108,8 Nov 2025,,dpamiled595lvr7mgypx0j28k,Marco Di Bello,Parma Calcio 1913,AC Milan,Rafael Leão,0,0,1,2,1,3,1,0,37,0,0,1,1,0,0
108,8 Nov 2025,,dpamiled595lvr7mgypx0j28k,Marco Di Bello,Parma Calcio 1913,AC Milan,L. Modrić,0,0,0,6,1,3,0,0,108,0,0,2,2,1,1
108,8 Nov 2025,,dpamiled595lvr7mgypx0j28k,Marco Di Bello,Parma Calcio 1913,AC Milan,A. Saelemaekers,0,0,0,1,1,2,1,0,38,0,0,3,1,2,0
108,8 Nov 2025,,dpamiled595lvr7mgypx0j28k,Marco Di Bello,Parma Calcio 1913,AC Milan,S. Pavlović,0,0,0,1,0,0,0,0,64,0,0,0,0,3,0
108,8 Nov 2025,,dpamiled595lvr7mgypx0j28k,Marco Di Bello,Parma Calcio 1913,AC Milan,S. Ricci,0,0,0,0,0,1,0,0,31,0,0,0,0,0,0
108,8 Nov 2025,,dpamiled595lvr7mgypx0j28k,Marco Di Bello,Parma Calcio 1913,AC Milan,C. Nkunku,1,0,1,0,0,2,0,1,12,0,0,1,1,0,0
108,8 Nov 2025,,dpamiled595lvr7mgypx0j28k,Marco Di Bello,Parma Calcio 1913,AC Milan,R. Loftus-Cheek,0,0,0,0,0,1,0,1,31,0,0,0,0,1,0
108,8 Nov 2025,,dpamiled595lvr7mgypx0j28k,Marco Di Bello,Parma Calcio 1913,AC Milan,D. Bartesaghi,0,0,0,2,0,0,0,0,10,0,0,0,0,0,0
108,8 Nov 2025,,dpamiled595lvr7mgypx0j28k,Marco Di Bello,Parma Calcio 1913,AC Milan,C. Pulišić,0,0,0,0,0,0,0,0,10,0,0,1,0,0,0
108,8 Nov 2025,,dpamiled595lvr7mgypx0j28k,Marco Di Bello,Parma Calcio 1913,AC Milan,Z. Athekame,0,0,0,1,0,0,0,1,2,0,0,0,0,0,0
109,7 Nov 2025,,dpp84bygkdgyg0sajw9uj1gr8,Matteo Marcenaro,Pisa Sporting Club,US Cremonese,I. Touré,0,0,1,2,0,2,1,0,33,0,0,3,1,3,0
109,7 Nov 2025,,dpp84bygkdgyg0sajw9uj1gr8,Matteo Marcenaro,Pisa Sporting Club,US Cremonese,A. Calabresi,0,0,0,2,1,2,0,0,28,0,0,0,0,0,0
109,7 Nov 2025,,dpp84bygkdgyg0sajw9uj1gr8,Matteo Marcenaro,Pisa Sporting Club,US Cremonese,M'Bala Nzola,0,0,1,0,1,2,0,2,15,0,0,4,2,0,0
109,7 Nov 2025,,dpp84bygkdgyg0sajw9uj1gr8,Matteo Marcenaro,Pisa Sporting Club,US Cremonese,J. Cuadrado,0,0,1,7,0,2,0,0,10,0,0,0,0,0,0
109,7 Nov 2025,,dpp84bygkdgyg0sajw9uj1gr8,Matteo Marcenaro,Pisa Sporting Club,US Cremonese,M. Aebischer,0,0,0,0,2,1,0,0,44,0,0,0,0,4,1
109,7 Nov 2025,,dpp84bygkdgyg0sajw9uj1gr8,Matteo Marcenaro,Pisa Sporting Club,US Cremonese,S. Canestrelli,0,0,0,0,0,0,0,0,32,0,0,1,0,0,0
109,7 Nov 2025,,dpp84bygkdgyg0sajw9uj1gr8,Matteo Marcenaro,Pisa Sporting Club,US Cremonese,E. Akinsanmiro,0,0,0,1,1,2,0,0,15,0,0,1,1,1,0
109,7 Nov 2025,,dpp84bygkdgyg0sajw9uj1gr8,Matteo Marcenaro,Pisa Sporting Club,US Cremonese,A. Caracciolo,0,0,0,0,0,0,0,0,28,0,0,2,2,2,0
109,7 Nov 2025,,dpp84bygkdgyg0sajw9uj1gr8,Matteo Marcenaro,Pisa Sporting Club,US Cremonese,İ. Vural,0,0,0,3,2,4,0,0,14,0,0,1,0,0,1
109,7 Nov 2025,,dpp84bygkdgyg0sajw9uj1gr8,Matteo Marcenaro,Pisa Sporting Club,US Cremonese,A. Šemper,0,0,0,0,0,0,0,0,29,0,3,0,0,0,0
109,7 Nov 2025,,dpp84bygkdgyg0sajw9uj1gr8,Matteo Marcenaro,Pisa Sporting Club,US Cremonese,S. Moreo,0,0,0,1,1,0,0,0,13,0,0,1,0,0,0
109,7 Nov 2025,,dpp84bygkdgyg0sajw9uj1gr8,Matteo Marcenaro,Pisa Sporting Club,US Cremonese,M. Léris,0,0,0,4,0,1,0,0,14,0,0,0,0,7,0
109,7 Nov 2025,,dpp84bygkdgyg0sajw9uj1gr8,Matteo Marcenaro,Pisa Sporting Club,US Cremonese,M. Tramoni,1,0,1,3,0,1,0,0,7,0,0,0,0,0,0
109,7 Nov 2025,,dpp84bygkdgyg0sajw9uj1gr8,Matteo Marcenaro,Pisa Sporting Club,US Cremonese,M. Marin,0,0,0,0,2,0,0,0,12,0,0,0,0,2,1
109,7 Nov 2025,,dpp84bygkdgyg0sajw9uj1gr8,Matteo Marcenaro,Pisa Sporting Club,US Cremonese,G. Piccinini,0,0,0,0,1,0,0,0,5,0,0,0,0,0,1
109,7 Nov 2025,,dpp84bygkdgyg0sajw9uj1gr8,Matteo Marcenaro,Pisa Sporting Club,US Cremonese,H. Meister,0,0,0,0,0,0,0,0,0,0,0,0,0,0,0
109,7 Nov 2025,,dpp84bygkdgyg0sajw9uj1gr8,Matteo Marcenaro,Pisa Sporting Club,US Cremonese,J. Vandeputte,0,1,0,8,1,5,0,0,84,0,0,1,0,1,0
109,7 Nov 2025,,dpp84bygkdgyg0sajw9uj1gr8,Matteo Marcenaro,Pisa Sporting Club,US Cremonese,F. Baschirotto,0,0,1,0,3,0,0,0,59,0,0,1,1,3,0
109,7 Nov 2025,,dpp84bygkdgyg0sajw9uj1gr8,Matteo Marcenaro,Pisa Sporting Club,US Cremonese,M. Faye,0,1,0,4,1,2,0,0,30,0,0,1,0,1,1
109,7 Nov 2025,,dpp84bygkdgyg0sajw9uj1gr8,Matteo Marcenaro,Pisa Sporting Club,US Cremonese,E. Audero,0,0,0,0,0,0,0,0,40,0,5,0,0,0,0
109,7 Nov 2025,,dpp84bygkdgyg0sajw9uj1gr8,Matteo Marcenaro,Pisa Sporting Club,US Cremonese,F. Vázquez,0,0,1,2,1,1,0,0,33,0,0,5,1,4,0
109,7 Nov 2025,,dpp84bygkdgyg0sajw9uj1gr8,Matteo Marcenaro,Pisa Sporting Club,US Cremonese,W. Bondo,0,0,1,1,3,1,0,0,44,0,0,1,0,2,0
109,7 Nov 2025,,dpp84bygkdgyg0sajw9uj1gr8,Matteo Marcenaro,Pisa Sporting Club,US Cremonese,M. Bianchetti,0,0,0,0,0,0,0,0,63,0,0,0,0,3,0
109,7 Nov 2025,,dpp84bygkdgyg0sajw9uj1gr8,Matteo Marcenaro,Pisa Sporting Club,US Cremonese,F. Terracciano,0,0,0,2,1,0,0,0,62,0,0,0,0,0,1
109,7 Nov 2025,,dpp84bygkdgyg0sajw9uj1gr8,Matteo Marcenaro,Pisa Sporting Club,US Cremonese,T. Barbieri,0,1,1,3,2,1,0,0,21,0,0,2,0,1,0
109,7 Nov 2025,,dpp84bygkdgyg0sajw9uj1gr8,Matteo Marcenaro,Pisa Sporting Club,US Cremonese,M. Payero,0,0,1,1,5,0,0,0,34,0,0,0,0,0,0
109,7 Nov 2025,,dpp84bygkdgyg0sajw9uj1gr8,Matteo Marcenaro,Pisa Sporting Club,US Cremonese,J. Vardy,0,1,0,1,0,0,0,1,4,0,0,2,1,0,0
109,7 Nov 2025,,dpp84bygkdgyg0sajw9uj1gr8,Matteo Marcenaro,Pisa Sporting Club,US Cremonese,F. Bonazzoli,0,0,0,0,0,0,0,0,4,0,0,0,0,1,0
109,7 Nov 2025,,dpp84bygkdgyg0sajw9uj1gr8,Matteo Marcenaro,Pisa Sporting Club,US Cremonese,J. Sarmiento,0,0,0,0,0,0,0,0,11,0,0,0,0,0,0
109,7 Nov 2025,,dpp84bygkdgyg0sajw9uj1gr8,Matteo Marcenaro,Pisa Sporting Club,US Cremonese,R. Floriani Mussolini,0,0,0,4,0,0,0,0,10,0,0,0,0,0,0
109,7 Nov 2025,,dpp84bygkdgyg0sajw9uj1gr8,Matteo Marcenaro,Pisa Sporting Club,US Cremonese,D. Johnsen,0,0,0,0,0,0,0,0,1,0,0,0,0,0,0
110,9 Nov 2025,,dq3n2rxv07cjted6iwajujthw,Giuseppe Collu,AS Roma,Udinese Calcio,E. Ndicka,0,0,0,0,1,2,0,0,53,0,0,0,0,0,0
110,9 Nov 2025,,dq3n2rxv07cjted6iwajujthw,Giuseppe Collu,AS Roma,Udinese Calcio,M. Koné,0,1,0,0,2,0,0,0,43,0,0,2,1,4,0
110,9 Nov 2025,,dq3n2rxv07cjted6iwajujthw,Giuseppe Collu,AS Roma,Udinese Calcio,M. Soulé,0,1,0,3,0,1,0,0,31,0,0,1,0,0,0
110,9 Nov 2025,,dq3n2rxv07cjted6iwajujthw,Giuseppe Collu,AS Roma,Udinese Calcio,L. Pellegrini,0,1,0,2,1,1,1,0,46,0,0,3,1,1,1
110,9 Nov 2025,,dq3n2rxv07cjted6iwajujthw,Giuseppe Collu,AS Roma,Udinese Calcio,Hermoso,0,0,1,1,2,1,0,0,50,0,0,0,0,2,0
110,9 Nov 2025,,dq3n2rxv07cjted6iwajujthw,Giuseppe Collu,AS Roma,Udinese Calcio,B. Cristante,0,1,0,0,2,0,0,0,60,0,0,1,0,1,1
110,9 Nov 2025,,dq3n2rxv07cjted6iwajujthw,Giuseppe Collu,AS Roma,Udinese Calcio,Wesley,0,0,0,3,0,2,0,0,33,0,0,0,0,2,0
110,9 Nov 2025,,dq3n2rxv07cjted6iwajujthw,Giuseppe Collu,AS Roma,Udinese Calcio,M. Svilar,0,0,0,0,0,0,0,0,29,0,4,0,0,0,0
110,9 Nov 2025,,dq3n2rxv07cjted6iwajujthw,Giuseppe Collu,AS Roma,Udinese Calcio,G. Mancini,1,0,1,4,3,1,0,0,57,0,0,0,0,2,0
110,9 Nov 2025,,dq3n2rxv07cjted6iwajujthw,Giuseppe Collu,AS Roma,Udinese Calcio,Z. Çelik,0,0,0,2,0,0,1,0,43,0,0,2,1,1,0
110,9 Nov 2025,,dq3n2rxv07cjted6iwajujthw,Giuseppe Collu,AS Roma,Udinese Calcio,A. Dovbyk,0,1,0,0,0,0,0,1,1,0,0,1,0,0,0
110,9 Nov 2025,,dq3n2rxv07cjted6iwajujthw,Giuseppe Collu,AS Roma,Udinese Calcio,T. Baldanzi,0,2,1,0,1,3,0,0,24,0,0,2,0,0,0
110,9 Nov 2025,,dq3n2rxv07cjted6iwajujthw,Giuseppe Collu,AS Roma,Udinese Calcio,N. El Aynaoui,0,0,0,1,0,0,0,1,10,0,0,0,0,0,0
110,9 Nov 2025,,dq3n2rxv07cjted6iwajujthw,Giuseppe Collu,AS Roma,Udinese Calcio,S. El Shaarawy,0,0,0,0,0,0,0,0,5,0,0,1,1,0,0
110,9 Nov 2025,,dq3n2rxv07cjted6iwajujthw,Giuseppe Collu,AS Roma,Udinese Calcio,D. Ghilardi,0,0,0,0,1,0,0,0,1,0,0,0,0,0,0
110,9 Nov 2025,,dq3n2rxv07cjted6iwajujthw,Giuseppe Collu,AS Roma,Udinese Calcio,J. Ziółkowski,0,0,0,0,0,0,0,0,2,0,0,0,0,0,0
110,9 Nov 2025,,dq3n2rxv07cjted6iwajujthw,Giuseppe Collu,AS Roma,Udinese Calcio,N. Zaniolo,0,0,0,0,2,3,0,0,11,0,0,1,1,1,0
110,9 Nov 2025,,dq3n2rxv07cjted6iwajujthw,Giuseppe Collu,AS Roma,Udinese Calcio,M. Okoye,0,0,0,0,0,0,0,0,48,0,2,0,0,0,0
110,9 Nov 2025,,dq3n2rxv07cjted6iwajujthw,Giuseppe Collu,AS Roma,Udinese Calcio,A. Buksa,0,0,0,0,2,4,0,0,9,0,0,1,1,1,0
110,9 Nov 2025,,dq3n2rxv07cjted6iwajujthw,Giuseppe Collu,AS Roma,Udinese Calcio,J. Karlström,0,3,0,0,0,1,0,0,29,0,0,3,0,2,1
110,9 Nov 2025,,dq3n2rxv07cjted6iwajujthw,Giuseppe Collu,AS Roma,Udinese Calcio,J. Ekkelenkamp,0,0,0,0,1,0,0,0,22,0,0,0,0,2,0
110,9 Nov 2025,,dq3n2rxv07cjted6iwajujthw,Giuseppe Collu,AS Roma,Udinese Calcio,N. Bertola,0,0,0,0,1,1,0,0,46,0,0,0,0,4,0
110,9 Nov 2025,,dq3n2rxv07cjted6iwajujthw,Giuseppe Collu,AS Roma,Udinese Calcio,O. Solet,0,0,0,1,3,0,0,0,54,0,0,0,0,4,0
110,9 Nov 2025,,dq3n2rxv07cjted6iwajujthw,Giuseppe Collu,AS Roma,Udinese Calcio,C. Kabasele,0,0,0,0,0,1,0,0,12,0,0,0,0,0,0
110,9 Nov 2025,,dq3n2rxv07cjted6iwajujthw,Giuseppe Collu,AS Roma,Udinese Calcio,A. Zanoli,0,0,0,2,2,0,0,0,30,0,0,0,0,1,0
110,9 Nov 2025,,dq3n2rxv07cjted6iwajujthw,Giuseppe Collu,AS Roma,Udinese Calcio,A. Atta,0,1,1,3,0,2,0,0,39,0,0,2,0,1,0
110,9 Nov 2025,,dq3n2rxv07cjted6iwajujthw,Giuseppe Collu,AS Roma,Udinese Calcio,H. Kamara,0,0,1,1,1,0,0,0,19,0,0,1,1,0,0
110,9 Nov 2025,,dq3n2rxv07cjted6iwajujthw,Giuseppe Collu,AS Roma,Udinese Calcio,M. Palma,0,0,0,0,0,0,0,0,16,0,0,0,0,0,0
110,9 Nov 2025,,dq3n2rxv07cjted6iwajujthw,Giuseppe Collu,AS Roma,Udinese Calcio,J. Piotrowski,0,0,0,0,0,0,0,0,14,0,0,0,0,1,0
110,9 Nov 2025,,dq3n2rxv07cjted6iwajujthw,Giuseppe Collu,AS Roma,Udinese Calcio,K. Davis,0,1,1,0,2,0,0,0,3,0,0,1,0,0,0
110,9 Nov 2025,,dq3n2rxv07cjted6iwajujthw,Giuseppe Collu,AS Roma,Udinese Calcio,J. Zemura,0,0,0,1,0,1,0,0,6,0,0,0,0,0,0
110,9 Nov 2025,,dq3n2rxv07cjted6iwajujthw,Giuseppe Collu,AS Roma,Udinese Calcio,V. Bayo,0,0,1,0,0,0,0,0,3,0,0,1,1,0,0
111,22 Nov 2025,,dqi2afpogoxcqe16jjfngwpp0,Federico La Penna,Cagliari Calcio,Genoa CFC,Y. Mina,0,0,0,0,2,1,0,0,46,0,0,1,0,2,1
111,22 Nov 2025,,dqi2afpogoxcqe16jjfngwpp0,Federico La Penna,Cagliari Calcio,Genoa CFC,G. Borrelli,0,2,2,0,2,4,2,0,15,0,0,4,2,1,0
111,22 Nov 2025,,dqi2afpogoxcqe16jjfngwpp0,Federico La Penna,Cagliari Calcio,Genoa CFC,E. Caprile,0,0,0,0,0,0,0,0,26,0,4,0,0,0,0
111,22 Nov 2025,,dqi2afpogoxcqe16jjfngwpp0,Federico La Penna,Cagliari Calcio,Genoa CFC,S. Luperto,0,0,0,0,4,1,0,0,34,0,0,0,0,3,1
111,22 Nov 2025,,dqi2afpogoxcqe16jjfngwpp0,Federico La Penna,Cagliari Calcio,Genoa CFC,G. Zappa,1,0,1,4,0,0,0,0,55,0,0,0,0,3,0
111,22 Nov 2025,,dqi2afpogoxcqe16jjfngwpp0,Federico La Penna,Cagliari Calcio,Genoa CFC,S. Esposito,0,0,0,5,1,0,1,0,26,0,0,2,1,2,0
111,22 Nov 2025,,dqi2afpogoxcqe16jjfngwpp0,Federico La Penna,Cagliari Calcio,Genoa CFC,A. Deiola,1,0,0,0,1,2,0,0,30,0,0,1,1,1,1
111,22 Nov 2025,,dqi2afpogoxcqe16jjfngwpp0,Federico La Penna,Cagliari Calcio,Genoa CFC,M. Palestra,1,0,0,3,3,3,0,0,25,0,0,0,0,1,0
111,22 Nov 2025,,dqi2afpogoxcqe16jjfngwpp0,Federico La Penna,Cagliari Calcio,Genoa CFC,M. Felici,0,0,2,6,1,1,0,0,19,0,0,0,0,2,0
111,22 Nov 2025,,dqi2afpogoxcqe16jjfngwpp0,Federico La Penna,Cagliari Calcio,Genoa CFC,M. Prati,0,0,0,1,2,0,0,0,20,0,0,2,0,0,1
111,22 Nov 2025,,dqi2afpogoxcqe16jjfngwpp0,Federico La Penna,Cagliari Calcio,Genoa CFC,M. Folorunsho,0,0,0,2,3,1,0,0,12,0,0,0,0,4,0
111,22 Nov 2025,,dqi2afpogoxcqe16jjfngwpp0,Federico La Penna,Cagliari Calcio,Genoa CFC,R. Idrissi,0,0,0,2,1,0,0,0,7,0,0,0,0,1,0
111,22 Nov 2025,,dqi2afpogoxcqe16jjfngwpp0,Federico La Penna,Cagliari Calcio,Genoa CFC,M. Adopo,0,0,0,0,1,1,0,0,10,0,0,0,0,1,0
111,22 Nov 2025,,dqi2afpogoxcqe16jjfngwpp0,Federico La Penna,Cagliari Calcio,Genoa CFC,L. Pavoletti,0,0,0,0,1,0,0,0,8,0,0,0,0,0,0
111,22 Nov 2025,,dqi2afpogoxcqe16jjfngwpp0,Federico La Penna,Cagliari Calcio,Genoa CFC,G. Gaetano,0,0,0,1,0,0,0,0,8,0,0,1,1,1,0
111,22 Nov 2025,,dqi2afpogoxcqe16jjfngwpp0,Federico La Penna,Cagliari Calcio,Genoa CFC,Zito Luvumbo,0,0,1,0,0,0,0,0,2,0,0,0,0,0,0
111,22 Nov 2025,,dqi2afpogoxcqe16jjfngwpp0,Federico La Penna,Cagliari Calcio,Genoa CFC,L. Colombo,1,0,1,0,0,4,0,0,30,0,0,2,2,0,0
111,22 Nov 2025,,dqi2afpogoxcqe16jjfngwpp0,Federico La Penna,Cagliari Calcio,Genoa CFC,L. Østigård,0,1,0,0,3,1,1,1,53,0,0,2,1,3,0
111,22 Nov 2025,,dqi2afpogoxcqe16jjfngwpp0,Federico La Penna,Cagliari Calcio,Genoa CFC,R. Malinovskyi,0,0,0,0,1,0,0,0,34,0,0,1,0,2,0
111,22 Nov 2025,,dqi2afpogoxcqe16jjfngwpp0,Federico La Penna,Cagliari Calcio,Genoa CFC,M. Thorsby,1,0,0,1,1,1,0,1,22,0,0,0,0,1,0
111,22 Nov 2025,,dqi2afpogoxcqe16jjfngwpp0,Federico La Penna,Cagliari Calcio,Genoa CFC,Aarón Martín,0,0,0,8,1,1,1,0,26,0,0,1,1,0,0
111,22 Nov 2025,,dqi2afpogoxcqe16jjfngwpp0,Federico La Penna,Cagliari Calcio,Genoa CFC,J. Vásquez,0,0,0,0,1,1,0,0,55,0,0,3,1,3,0
111,22 Nov 2025,,dqi2afpogoxcqe16jjfngwpp0,Federico La Penna,Cagliari Calcio,Genoa CFC,A. Marcandalli,0,0,0,0,0,1,0,0,35,0,0,0,0,1,0
111,22 Nov 2025,,dqi2afpogoxcqe16jjfngwpp0,Federico La Penna,Cagliari Calcio,Genoa CFC,Vítinha,0,0,1,1,3,5,1,1,15,0,0,2,2,1,0
111,22 Nov 2025,,dqi2afpogoxcqe16jjfngwpp0,Federico La Penna,Cagliari Calcio,Genoa CFC,N. Leali,0,0,0,0,0,0,0,0,20,0,2,0,0,0,0
111,22 Nov 2025,,dqi2afpogoxcqe16jjfngwpp0,Federico La Penna,Cagliari Calcio,Genoa CFC,M. Frendrup,0,0,0,0,2,3,0,0,32,0,0,0,0,2,0
111,22 Nov 2025,,dqi2afpogoxcqe16jjfngwpp0,Federico La Penna,Cagliari Calcio,Genoa CFC,B. Norton-Cuffy,0,0,0,2,3,2,0,0,27,1,0,1,1,1,2
111,22 Nov 2025,,dqi2afpogoxcqe16jjfngwpp0,Federico La Penna,Cagliari Calcio,Genoa CFC,A. Grønbæk,0,0,0,0,1,0,0,0,1,0,0,0,0,1,1
111,22 Nov 2025,,dqi2afpogoxcqe16jjfngwpp0,Federico La Penna,Cagliari Calcio,Genoa CFC,C. Ekuban,0,0,0,0,0,2,0,1,4,0,0,0,0,0,0
111,22 Nov 2025,,dqi2afpogoxcqe16jjfngwpp0,Federico La Penna,Cagliari Calcio,Genoa CFC,V. Carboni,0,0,0,0,0,0,0,0,6,0,0,1,0,0,0
111,22 Nov 2025,,dqi2afpogoxcqe16jjfngwpp0,Federico La Penna,Cagliari Calcio,Genoa CFC,P. Masini,0,0,0,0,0,0,0,0,2,0,0,0,0,0,0
111,22 Nov 2025,,dqi2afpogoxcqe16jjfngwpp0,Federico La Penna,Cagliari Calcio,Genoa CFC,M. Ellertsson,0,0,0,0,0,0,0,0,1,0,0,0,0,0,0
112,23 Nov 2025,,dqy2r61k7vty81i3wioak13x0,Giovanni Ayroldi,US Cremonese,AS Roma,F. Baschirotto,0,0,0,0,2,0,0,0,51,0,0,0,0,1,0
112,23 Nov 2025,,dqy2r61k7vty81i3wioak13x0,Giovanni Ayroldi,US Cremonese,AS Roma,E. Audero,0,0,0,0,0,0,0,0,62,0,3,0,0,0,0
112,23 Nov 2025,,dqy2r61k7vty81i3wioak13x0,Giovanni Ayroldi,US Cremonese,AS Roma,M. Bianchetti,0,0,0,1,1,0,0,0,39,0,0,0,0,4,0
112,23 Nov 2025,,dqy2r61k7vty81i3wioak13x0,Giovanni Ayroldi,US Cremonese,AS Roma,R. Floriani Mussolini,0,0,1,2,0,0,0,0,16,0,0,0,0,1,0
112,23 Nov 2025,,dqy2r61k7vty81i3wioak13x0,Giovanni Ayroldi,US Cremonese,AS Roma,J. Vandeputte,0,0,0,4,1,1,0,0,38,0,0,2,2,1,0
112,23 Nov 2025,,dqy2r61k7vty81i3wioak13x0,Giovanni Ayroldi,US Cremonese,AS Roma,J. Vardy,0,0,0,0,1,1,0,2,19,0,0,0,0,0,0
112,23 Nov 2025,,dqy2r61k7vty81i3wioak13x0,Giovanni Ayroldi,US Cremonese,AS Roma,W. Bondo,0,0,0,0,3,3,0,0,33,0,0,0,0,2,1
112,23 Nov 2025,,dqy2r61k7vty81i3wioak13x0,Giovanni Ayroldi,US Cremonese,AS Roma,F. Bonazzoli,0,1,0,0,0,2,0,0,26,0,0,3,1,0,0
112,23 Nov 2025,,dqy2r61k7vty81i3wioak13x0,Giovanni Ayroldi,US Cremonese,AS Roma,M. Payero,0,0,0,0,0,2,0,0,11,0,0,1,0,0,1
112,23 Nov 2025,,dqy2r61k7vty81i3wioak13x0,Giovanni Ayroldi,US Cremonese,AS Roma,F. Terracciano,0,0,0,0,0,0,0,0,51,0,0,0,0,1,0
112,23 Nov 2025,,dqy2r61k7vty81i3wioak13x0,Giovanni Ayroldi,US Cremonese,AS Roma,T. Barbieri,0,1,2,1,4,1,0,1,35,0,0,1,0,2,0
112,23 Nov 2025,,dqy2r61k7vty81i3wioak13x0,Giovanni Ayroldi,US Cremonese,AS Roma,G. Pezzella,0,0,0,2,0,1,0,0,10,0,0,0,0,1,0
112,23 Nov 2025,,dqy2r61k7vty81i3wioak13x0,Giovanni Ayroldi,US Cremonese,AS Roma,F. Vázquez,1,1,0,5,0,3,0,0,15,0,0,1,0,3,0
112,23 Nov 2025,,dqy2r61k7vty81i3wioak13x0,Giovanni Ayroldi,US Cremonese,AS Roma,A. Grassi,0,0,0,0,0,0,0,0,12,0,0,0,0,0,0
112,23 Nov 2025,,dqy2r61k7vty81i3wioak13x0,Giovanni Ayroldi,US Cremonese,AS Roma,F. Folino,0,0,0,0,0,0,1,0,7,0,0,1,1,0,0
112,23 Nov 2025,,dqy2r61k7vty81i3wioak13x0,Giovanni Ayroldi,US Cremonese,AS Roma,A. Sanabria,0,0,0,0,0,1,0,0,5,0,0,0,0,0,0
112,23 Nov 2025,,dqy2r61k7vty81i3wioak13x0,Giovanni Ayroldi,US Cremonese,AS Roma,T. Baldanzi,0,0,0,0,1,2,0,0,18,0,0,2,2,2,0
112,23 Nov 2025,,dqy2r61k7vty81i3wioak13x0,Giovanni Ayroldi,US Cremonese,AS Roma,E. Ndicka,0,0,0,0,1,0,0,0,40,0,0,0,0,0,0
112,23 Nov 2025,,dqy2r61k7vty81i3wioak13x0,Giovanni Ayroldi,US Cremonese,AS Roma,J. Ziółkowski,0,0,0,0,1,0,0,0,22,0,0,0,0,0,1
112,23 Nov 2025,,dqy2r61k7vty81i3wioak13x0,Giovanni Ayroldi,US Cremonese,AS Roma,Wesley,0,0,1,3,1,4,1,0,27,0,0,1,1,1,0
112,23 Nov 2025,,dqy2r61k7vty81i3wioak13x0,Giovanni Ayroldi,US Cremonese,AS Roma,M. Koné,1,1,0,0,2,1,0,0,46,0,0,1,0,0,0
112,23 Nov 2025,,dqy2r61k7vty81i3wioak13x0,Giovanni Ayroldi,US Cremonese,AS Roma,L. Pellegrini,0,0,1,4,3,1,0,1,31,0,0,1,1,0,0
112,23 Nov 2025,,dqy2r61k7vty81i3wioak13x0,Giovanni Ayroldi,US Cremonese,AS Roma,G. Mancini,0,1,0,0,3,2,0,0,44,0,0,1,0,0,0
112,23 Nov 2025,,dqy2r61k7vty81i3wioak13x0,Giovanni Ayroldi,US Cremonese,AS Roma,B. Cristante,0,1,1,1,0,0,0,0,61,0,0,1,0,1,0
112,23 Nov 2025,,dqy2r61k7vty81i3wioak13x0,Giovanni Ayroldi,US Cremonese,AS Roma,Z. Çelik,0,0,0,0,1,2,0,0,32,0,0,2,0,4,0
112,23 Nov 2025,,dqy2r61k7vty81i3wioak13x0,Giovanni Ayroldi,US Cremonese,AS Roma,M. Svilar,0,0,0,0,0,0,0,0,24,0,3,0,0,0,0
112,23 Nov 2025,,dqy2r61k7vty81i3wioak13x0,Giovanni Ayroldi,US Cremonese,AS Roma,M. Soulé,0,0,2,2,0,0,1,0,39,0,0,2,1,0,0
112,23 Nov 2025,,dqy2r61k7vty81i3wioak13x0,Giovanni Ayroldi,US Cremonese,AS Roma,N. El Aynaoui,1,0,0,2,2,0,0,0,17,0,0,0,0,1,1
112,23 Nov 2025,,dqy2r61k7vty81i3wioak13x0,Giovanni Ayroldi,US Cremonese,AS Roma,S. El Shaarawy,1,0,0,0,0,0,0,0,17,0,0,0,0,0,0
112,23 Nov 2025,,dqy2r61k7vty81i3wioak13x0,Giovanni Ayroldi,US Cremonese,AS Roma,E. Ferguson,0,0,0,0,0,0,1,1,9,0,0,1,1,0,0
112,23 Nov 2025,,dqy2r61k7vty81i3wioak13x0,Giovanni Ayroldi,US Cremonese,AS Roma,K. Tsimikas,0,0,0,2,1,0,0,0,7,0,0,0,0,0,0
112,23 Nov 2025,,dqy2r61k7vty81i3wioak13x0,Giovanni Ayroldi,US Cremonese,AS Roma,Niccolò Pisilli,0,0,0,0,0,0,0,0,0,0,0,0,0,0,0
113,22 Nov 2025,,drcehua6mov8dgeptqggfq42c,Daniele Doveri,ACF Fiorentina,Juventus FC,S. Sohm,0,0,0,0,1,0,0,0,17,0,0,0,0,0,0
113,22 Nov 2025,,drcehua6mov8dgeptqggfq42c,Daniele Doveri,ACF Fiorentina,Juventus FC,M. Kean,1,1,1,2,0,4,0,0,8,0,0,5,1,1,0
113,22 Nov 2025,,drcehua6mov8dgeptqggfq42c,Daniele Doveri,ACF Fiorentina,Juventus FC,Pablo Marí,0,0,0,0,3,2,0,0,32,0,0,0,0,0,0
113,22 Nov 2025,,drcehua6mov8dgeptqggfq42c,Daniele Doveri,ACF Fiorentina,Juventus FC,N. Fagioli,0,0,1,6,2,0,0,0,47,0,0,0,0,2,1
113,22 Nov 2025,,drcehua6mov8dgeptqggfq42c,Daniele Doveri,ACF Fiorentina,Juventus FC,L. Ranieri,0,0,1,1,0,1,0,0,41,0,0,0,0,1,0
113,22 Nov 2025,,drcehua6mov8dgeptqggfq42c,Daniele Doveri,ACF Fiorentina,Juventus FC,F. Parisi,0,1,1,0,0,4,0,0,25,0,0,2,0,1,1
113,22 Nov 2025,,drcehua6mov8dgeptqggfq42c,Daniele Doveri,ACF Fiorentina,Juventus FC,M. Pongračić,0,0,0,0,1,1,0,0,51,0,0,0,0,0,0
113,22 Nov 2025,,drcehua6mov8dgeptqggfq42c,Daniele Doveri,ACF Fiorentina,Juventus FC,Dodô,0,0,0,1,0,0,0,0,20,0,0,0,0,0,0
113,22 Nov 2025,,drcehua6mov8dgeptqggfq42c,Daniele Doveri,ACF Fiorentina,Juventus FC,R. Mandragora,0,0,1,8,2,3,1,0,27,0,0,2,1,0,1
113,22 Nov 2025,,drcehua6mov8dgeptqggfq42c,Daniele Doveri,ACF Fiorentina,Juventus FC,R. Piccoli,0,1,1,1,1,1,0,0,7,0,0,1,0,0,0
113,22 Nov 2025,,drcehua6mov8dgeptqggfq42c,Daniele Doveri,ACF Fiorentina,Juventus FC,David de Gea,0,0,0,0,0,0,0,0,32,0,3,0,0,0,0
113,22 Nov 2025,,drcehua6mov8dgeptqggfq42c,Daniele Doveri,ACF Fiorentina,Juventus FC,N. Fortini,0,0,1,2,0,1,0,0,14,0,0,1,0,1,0
113,22 Nov 2025,,drcehua6mov8dgeptqggfq42c,Daniele Doveri,ACF Fiorentina,Juventus FC,C. Ndour,0,0,0,0,1,0,0,0,6,0,0,0,0,0,0
113,22 Nov 2025,,drcehua6mov8dgeptqggfq42c,Daniele Doveri,ACF Fiorentina,Juventus FC,A. Guðmundsson,0,0,0,0,0,0,0,0,7,0,0,0,0,0,0
113,22 Nov 2025,,drcehua6mov8dgeptqggfq42c,Daniele Doveri,ACF Fiorentina,Juventus FC,E. Kouadio,0,0,0,1,0,1,0,0,5,0,0,0,0,0,0
113,22 Nov 2025,,drcehua6mov8dgeptqggfq42c,Daniele Doveri,ACF Fiorentina,Juventus FC,M. Viti,0,0,0,0,0,0,0,0,3,0,0,0,0,0,0
113,22 Nov 2025,,drcehua6mov8dgeptqggfq42c,Daniele Doveri,ACF Fiorentina,Juventus FC,M. Locatelli,0,2,0,0,1,3,0,0,85,0,0,3,1,1,0
113,22 Nov 2025,,drcehua6mov8dgeptqggfq42c,Daniele Doveri,ACF Fiorentina,Juventus FC,L. Kelly,0,0,0,0,0,0,0,0,64,0,0,0,0,2,0
113,22 Nov 2025,,drcehua6mov8dgeptqggfq42c,Daniele Doveri,ACF Fiorentina,Juventus FC,P. Kalulu,0,1,0,3,0,0,0,0,71,0,0,1,0,4,0
113,22 Nov 2025,,drcehua6mov8dgeptqggfq42c,Daniele Doveri,ACF Fiorentina,Juventus FC,A. Cambiaso,0,1,0,4,1,0,0,0,24,0,0,1,0,2,0
113,22 Nov 2025,,drcehua6mov8dgeptqggfq42c,Daniele Doveri,ACF Fiorentina,Juventus FC,D. Vlahović,1,1,1,0,2,4,0,0,16,0,0,3,0,0,0
113,22 Nov 2025,,drcehua6mov8dgeptqggfq42c,Daniele Doveri,ACF Fiorentina,Juventus FC,M. Di Gregorio,0,0,0,0,0,0,0,0,21,0,1,0,0,0,0
113,22 Nov 2025,,drcehua6mov8dgeptqggfq42c,Daniele Doveri,ACF Fiorentina,Juventus FC,T. Koopmeiners,0,1,0,0,1,0,0,0,61,0,0,1,0,0,0
113,22 Nov 2025,,drcehua6mov8dgeptqggfq42c,Daniele Doveri,ACF Fiorentina,Juventus FC,K. Thuram,0,1,0,0,4,0,0,0,27,0,0,1,0,1,0
113,22 Nov 2025,,drcehua6mov8dgeptqggfq42c,Daniele Doveri,ACF Fiorentina,Juventus FC,W. McKennie,0,0,1,1,2,0,0,0,43,0,0,2,1,1,1
113,22 Nov 2025,,drcehua6mov8dgeptqggfq42c,Daniele Doveri,ACF Fiorentina,Juventus FC,F. Kostić,0,0,0,6,2,0,1,0,27,0,0,1,1,3,0
113,22 Nov 2025,,drcehua6mov8dgeptqggfq42c,Daniele Doveri,ACF Fiorentina,Juventus FC,K. Yıldız,0,0,0,3,1,2,0,0,26,0,0,1,1,0,0
113,22 Nov 2025,,drcehua6mov8dgeptqggfq42c,Daniele Doveri,ACF Fiorentina,Juventus FC,J. Cabal,0,0,0,0,2,0,0,0,8,0,0,0,0,0,1
113,22 Nov 2025,,drcehua6mov8dgeptqggfq42c,Daniele Doveri,ACF Fiorentina,Juventus FC,F. Miretti,0,0,0,2,2,1,0,0,22,0,0,1,0,2,1
113,22 Nov 2025,,drcehua6mov8dgeptqggfq42c,Daniele Doveri,ACF Fiorentina,Juventus FC,Francisco Conceição,0,2,0,2,0,0,0,0,7,0,0,2,0,1,0
113,22 Nov 2025,,drcehua6mov8dgeptqggfq42c,Daniele Doveri,ACF Fiorentina,Juventus FC,J. David,0,0,1,1,0,0,0,0,3,0,0,0,0,0,0
113,22 Nov 2025,,drcehua6mov8dgeptqggfq42c,Daniele Doveri,ACF Fiorentina,Juventus FC,L. Openda,0,0,0,0,0,0,0,0,2,0,0,0,0,0,0
114,23 Nov 2025,,drqv6y09c9wfm5hvdtz6g3evo,Simone Sozza,FC Internazionale Milano,AC Milan,L. Martínez,0,1,0,0,2,1,0,0,14,0,0,2,1,1,0
114,23 Nov 2025,,drqv6y09c9wfm5hvdtz6g3evo,Simone Sozza,FC Internazionale Milano,AC Milan,Y. Sommer,0,0,0,0,0,0,0,0,27,0,2,0,0,0,0
114,23 Nov 2025,,drqv6y09c9wfm5hvdtz6g3evo,Simone Sozza,FC Internazionale Milano,AC Milan,Carlos Augusto,0,1,0,0,0,1,0,0,54,0,0,1,0,1,0
114,23 Nov 2025,,drqv6y09c9wfm5hvdtz6g3evo,Simone Sozza,FC Internazionale Milano,AC Milan,M. Thuram,0,1,0,2,2,2,0,1,27,0,0,3,2,1,0
114,23 Nov 2025,,drqv6y09c9wfm5hvdtz6g3evo,Simone Sozza,FC Internazionale Milano,AC Milan,M. Akanji,0,0,0,0,0,0,0,0,65,0,0,1,0,3,0
114,23 Nov 2025,,drqv6y09c9wfm5hvdtz6g3evo,Simone Sozza,FC Internazionale Milano,AC Milan,P. Sučić,0,0,3,2,0,1,0,0,65,0,0,1,0,0,0
114,23 Nov 2025,,drqv6y09c9wfm5hvdtz6g3evo,Simone Sozza,FC Internazionale Milano,AC Milan,H. Çalhanoğlu,0,1,2,6,0,0,0,0,68,0,0,3,1,2,1
114,23 Nov 2025,,drqv6y09c9wfm5hvdtz6g3evo,Simone Sozza,FC Internazionale Milano,AC Milan,F. Dimarco,0,1,1,11,0,0,0,1,46,0,0,2,1,0,0
114,23 Nov 2025,,drqv6y09c9wfm5hvdtz6g3evo,Simone Sozza,FC Internazionale Milano,AC Milan,A. Bastoni,0,0,0,3,1,0,0,0,95,0,0,1,0,3,0
114,23 Nov 2025,,drqv6y09c9wfm5hvdtz6g3evo,Simone Sozza,FC Internazionale Milano,AC Milan,F. Acerbi,0,0,0,0,1,2,0,0,68,0,0,2,0,1,0
114,23 Nov 2025,,drqv6y09c9wfm5hvdtz6g3evo,Simone Sozza,FC Internazionale Milano,AC Milan,N. Barella,0,1,2,5,0,1,0,0,59,0,0,2,0,0,0
114,23 Nov 2025,,drqv6y09c9wfm5hvdtz6g3evo,Simone Sozza,FC Internazionale Milano,AC Milan,A. Bonny,0,0,0,0,0,0,0,0,5,0,0,1,0,0,0
114,23 Nov 2025,,drqv6y09c9wfm5hvdtz6g3evo,Simone Sozza,FC Internazionale Milano,AC Milan,P. Zieliński,0,0,0,1,0,0,0,0,20,0,0,0,0,0,0
114,23 Nov 2025,,drqv6y09c9wfm5hvdtz6g3evo,Simone Sozza,FC Internazionale Milano,AC Milan,A. Diouf,0,0,1,2,0,0,0,0,9,0,0,1,1,0,0
114,23 Nov 2025,,drqv6y09c9wfm5hvdtz6g3evo,Simone Sozza,FC Internazionale Milano,AC Milan,F. Esposito,0,0,0,0,1,0,0,0,2,0,0,0,0,0,0
114,23 Nov 2025,,drqv6y09c9wfm5hvdtz6g3evo,Simone Sozza,FC Internazionale Milano,AC Milan,A. Rabiot,0,0,0,0,1,0,0,1,40,0,0,0,0,3,0
114,23 Nov 2025,,drqv6y09c9wfm5hvdtz6g3evo,Simone Sozza,FC Internazionale Milano,AC Milan,S. Pavlović,0,0,0,0,2,1,0,0,37,0,0,0,0,2,1
114,23 Nov 2025,,drqv6y09c9wfm5hvdtz6g3evo,Simone Sozza,FC Internazionale Milano,AC Milan,D. Bartesaghi,0,0,0,4,0,0,0,1,34,0,0,1,0,0,0
114,23 Nov 2025,,drqv6y09c9wfm5hvdtz6g3evo,Simone Sozza,FC Internazionale Milano,AC Milan,L. Modrić,0,0,0,0,1,0,0,0,47,0,0,0,0,1,0
114,23 Nov 2025,,drqv6y09c9wfm5hvdtz6g3evo,Simone Sozza,FC Internazionale Milano,AC Milan,Rafael Leão,0,0,0,0,2,1,0,0,16,0,0,0,0,0,1
114,23 Nov 2025,,drqv6y09c9wfm5hvdtz6g3evo,Simone Sozza,FC Internazionale Milano,AC Milan,M. Maignan,0,0,0,0,0,0,0,0,32,0,6,0,0,0,0
114,23 Nov 2025,,drqv6y09c9wfm5hvdtz6g3evo,Simone Sozza,FC Internazionale Milano,AC Milan,F. Tomori,0,0,0,0,0,1,0,0,38,0,0,0,0,3,0
114,23 Nov 2025,,drqv6y09c9wfm5hvdtz6g3evo,Simone Sozza,FC Internazionale Milano,AC Milan,M. Gabbia,0,0,0,0,1,1,0,0,34,0,0,0,0,0,0
114,23 Nov 2025,,drqv6y09c9wfm5hvdtz6g3evo,Simone Sozza,FC Internazionale Milano,AC Milan,A. Saelemaekers,0,0,1,4,0,1,0,0,38,0,0,2,1,3,0
114,23 Nov 2025,,drqv6y09c9wfm5hvdtz6g3evo,Simone Sozza,FC Internazionale Milano,AC Milan,Y. Fofana,0,0,0,0,1,0,0,0,17,0,0,2,1,1,0
114,23 Nov 2025,,drqv6y09c9wfm5hvdtz6g3evo,Simone Sozza,FC Internazionale Milano,AC Milan,C. Pulišić,0,0,0,2,0,0,1,0,22,0,0,2,1,0,0
114,23 Nov 2025,,drqv6y09c9wfm5hvdtz6g3evo,Simone Sozza,FC Internazionale Milano,AC Milan,S. Ricci,0,0,0,0,0,0,0,0,3,0,0,0,0,0,0
114,23 Nov 2025,,drqv6y09c9wfm5hvdtz6g3evo,Simone Sozza,FC Internazionale Milano,AC Milan,C. Nkunku,0,0,0,0,0,0,0,1,1,0,0,0,0,0,0
114,23 Nov 2025,,drqv6y09c9wfm5hvdtz6g3evo,Simone Sozza,FC Internazionale Milano,AC Milan,R. Loftus-Cheek,0,0,0,0,1,0,0,0,2,0,0,0,0,0,0
115,23 Nov 2025,,ds5esvdr9jzrgdf3m7mg1hxqs,Alberto Ruben Arena,SS Lazio,US Lecce,A. Romagnoli,0,0,0,0,0,0,0,0,113,0,0,0,0,1,0
115,23 Nov 2025,,ds5esvdr9jzrgdf3m7mg1hxqs,Alberto Ruben Arena,SS Lazio,US Lecce,L. Pellegrini,0,0,1,2,1,2,0,0,64,0,0,0,0,1,0
115,23 Nov 2025,,ds5esvdr9jzrgdf3m7mg1hxqs,Alberto Ruben Arena,SS Lazio,US Lecce,M. Zaccagni,0,0,1,6,0,4,0,0,53,0,0,1,0,3,0
115,23 Nov 2025,,ds5esvdr9jzrgdf3m7mg1hxqs,Alberto Ruben Arena,SS Lazio,US Lecce,T. Bašić,1,1,1,4,0,1,0,0,67,0,0,4,1,1,0
115,23 Nov 2025,,ds5esvdr9jzrgdf3m7mg1hxqs,Alberto Ruben Arena,SS Lazio,US Lecce,A. Marušić,0,0,2,4,0,1,0,0,50,0,0,1,1,0,0
115,23 Nov 2025,,ds5esvdr9jzrgdf3m7mg1hxqs,Alberto Ruben Arena,SS Lazio,US Lecce,I. Provedel,0,0,0,0,0,0,0,0,38,0,2,0,0,0,0
115,23 Nov 2025,,ds5esvdr9jzrgdf3m7mg1hxqs,Alberto Ruben Arena,SS Lazio,US Lecce,Mario Gila,0,0,0,0,0,1,0,0,89,0,0,0,0,0,0
115,23 Nov 2025,,ds5esvdr9jzrgdf3m7mg1hxqs,Alberto Ruben Arena,SS Lazio,US Lecce,M. Guendouzi,0,0,0,0,2,1,1,0,62,0,0,4,3,1,1
115,23 Nov 2025,,ds5esvdr9jzrgdf3m7mg1hxqs,Alberto Ruben Arena,SS Lazio,US Lecce,D. Cataldi,0,0,0,1,0,0,0,0,45,0,0,0,0,0,0
115,23 Nov 2025,,ds5esvdr9jzrgdf3m7mg1hxqs,Alberto Ruben Arena,SS Lazio,US Lecce,G. Isaksen,0,1,1,3,1,2,0,0,35,0,0,4,1,0,0
115,23 Nov 2025,,ds5esvdr9jzrgdf3m7mg1hxqs,Alberto Ruben Arena,SS Lazio,US Lecce,B. Dia,0,2,2,0,1,1,0,0,32,0,0,3,1,0,0
115,23 Nov 2025,,ds5esvdr9jzrgdf3m7mg1hxqs,Alberto Ruben Arena,SS Lazio,US Lecce,M. Vecino,0,0,0,0,1,0,0,0,37,0,0,0,0,1,0
115,23 Nov 2025,,ds5esvdr9jzrgdf3m7mg1hxqs,Alberto Ruben Arena,SS Lazio,US Lecce,M. Lazzari,0,0,0,0,1,0,0,0,8,0,0,0,0,0,0
115,23 Nov 2025,,ds5esvdr9jzrgdf3m7mg1hxqs,Alberto Ruben Arena,SS Lazio,US Lecce,Pedro,0,0,0,0,0,0,0,0,4,0,0,0,0,0,0
115,23 Nov 2025,,ds5esvdr9jzrgdf3m7mg1hxqs,Alberto Ruben Arena,SS Lazio,US Lecce,T. Noslin,0,0,0,0,1,0,1,0,4,0,0,2,2,0,0
115,23 Nov 2025,,ds5esvdr9jzrgdf3m7mg1hxqs,Alberto Ruben Arena,SS Lazio,US Lecce,Patric,0,0,0,0,0,0,0,0,10,0,0,0,0,0,0
115,23 Nov 2025,,ds5esvdr9jzrgdf3m7mg1hxqs,Alberto Ruben Arena,SS Lazio,US Lecce,Y. Ramadani,0,0,0,1,2,1,0,0,38,0,0,0,0,1,0
115,23 Nov 2025,,ds5esvdr9jzrgdf3m7mg1hxqs,Alberto Ruben Arena,SS Lazio,US Lecce,W. Falcone,0,0,0,0,0,0,0,0,30,0,7,0,0,0,0
115,23 Nov 2025,,ds5esvdr9jzrgdf3m7mg1hxqs,Alberto Ruben Arena,SS Lazio,US Lecce,R. Sottil,0,0,0,2,2,2,0,0,14,0,0,0,0,0,0
115,23 Nov 2025,,ds5esvdr9jzrgdf3m7mg1hxqs,Alberto Ruben Arena,SS Lazio,US Lecce,M. Berisha,0,0,0,0,0,0,0,0,12,0,0,0,0,0,0
115,23 Nov 2025,,ds5esvdr9jzrgdf3m7mg1hxqs,Alberto Ruben Arena,SS Lazio,US Lecce,L. Coulibaly,0,0,0,0,0,0,0,0,19,0,0,0,0,2,0
115,23 Nov 2025,,ds5esvdr9jzrgdf3m7mg1hxqs,Alberto Ruben Arena,SS Lazio,US Lecce,Tiago Gabriel,0,0,0,0,0,2,0,0,57,0,0,1,1,2,0
115,23 Nov 2025,,ds5esvdr9jzrgdf3m7mg1hxqs,Alberto Ruben Arena,SS Lazio,US Lecce,Kialonda Gaspar,0,1,0,0,1,0,0,0,45,0,0,1,0,1,0
115,23 Nov 2025,,ds5esvdr9jzrgdf3m7mg1hxqs,Alberto Ruben Arena,SS Lazio,US Lecce,Danilo Veiga,0,0,0,2,2,0,0,0,28,0,0,0,0,2,0
115,23 Nov 2025,,ds5esvdr9jzrgdf3m7mg1hxqs,Alberto Ruben Arena,SS Lazio,US Lecce,A. Gallo,0,0,0,3,0,0,0,0,38,0,0,0,0,0,0
115,23 Nov 2025,,ds5esvdr9jzrgdf3m7mg1hxqs,Alberto Ruben Arena,SS Lazio,US Lecce,F. Camarda,0,0,0,0,0,0,0,0,6,0,0,0,0,0,0
115,23 Nov 2025,,ds5esvdr9jzrgdf3m7mg1hxqs,Alberto Ruben Arena,SS Lazio,US Lecce,Tete Morente,0,0,1,2,0,0,0,0,17,0,0,0,0,0,0
115,23 Nov 2025,,ds5esvdr9jzrgdf3m7mg1hxqs,Alberto Ruben Arena,SS Lazio,US Lecce,L. Banda,0,1,0,0,1,1,0,0,9,0,0,1,0,2,0
115,23 Nov 2025,,ds5esvdr9jzrgdf3m7mg1hxqs,Alberto Ruben Arena,SS Lazio,US Lecce,N. Štulić,0,0,0,0,1,0,0,1,4,0,0,0,0,0,0
115,23 Nov 2025,,ds5esvdr9jzrgdf3m7mg1hxqs,Alberto Ruben Arena,SS Lazio,US Lecce,S. Pierotti,0,0,0,0,3,0,0,1,9,0,0,1,0,3,0
115,23 Nov 2025,,ds5esvdr9jzrgdf3m7mg1hxqs,Alberto Ruben Arena,SS Lazio,US Lecce,K. N’Dri,0,0,0,2,1,1,0,0,6,0,0,0,0,0,1
115,23 Nov 2025,,ds5esvdr9jzrgdf3m7mg1hxqs,Alberto Ruben Arena,SS Lazio,US Lecce,M. Kaba,0,1,1,0,0,1,0,0,10,0,0,1,0,2,0
115,23 Nov 2025,,ds5esvdr9jzrgdf3m7mg1hxqs,Alberto Ruben Arena,SS Lazio,US Lecce,C. Ndaba,0,0,0,0,0,0,0,0,0,0,0,0,0,0,0
116,22 Nov 2025,,dsjz0ccrqs2n0j591bnkv8tg4,Marco Di Bello,SSC Napoli,Atalanta Bergamasca Calcio,Amir Rrahmani,0,0,0,0,0,1,0,0,51,0,0,0,0,1,0
116,22 Nov 2025,,dsjz0ccrqs2n0j591bnkv8tg4,Marco Di Bello,SSC Napoli,Atalanta Bergamasca Calcio,S. McTominay,1,1,2,0,1,4,0,0,26,0,0,4,2,2,0
116,22 Nov 2025,,dsjz0ccrqs2n0j591bnkv8tg4,Marco Di Bello,SSC Napoli,Atalanta Bergamasca Calcio,Miguel Gutiérrez,0,0,1,1,0,0,0,0,17,0,0,0,0,0,0
116,22 Nov 2025,,dsjz0ccrqs2n0j591bnkv8tg4,Marco Di Bello,SSC Napoli,Atalanta Bergamasca Calcio,A. Buongiorno,0,0,1,0,2,0,0,0,50,0,0,0,0,1,0
116,22 Nov 2025,,dsjz0ccrqs2n0j591bnkv8tg4,Marco Di Bello,SSC Napoli,Atalanta Bergamasca Calcio,V. Milinković-Savić,0,0,0,0,0,0,0,0,48,0,2,0,0,0,0
116,22 Nov 2025,,dsjz0ccrqs2n0j591bnkv8tg4,Marco Di Bello,SSC Napoli,Atalanta Bergamasca Calcio,S. Lobotka,0,0,0,0,0,1,0,0,48,0,0,0,0,1,0
116,22 Nov 2025,,dsjz0ccrqs2n0j591bnkv8tg4,Marco Di Bello,SSC Napoli,Atalanta Bergamasca Calcio,S. Beukema,0,0,0,0,0,0,0,0,64,0,0,0,0,1,0
116,22 Nov 2025,,dsjz0ccrqs2n0j591bnkv8tg4,Marco Di Bello,SSC Napoli,Atalanta Bergamasca Calcio,R. Højlund,1,0,0,0,2,2,0,2,16,0,0,0,0,0,0
116,22 Nov 2025,,dsjz0ccrqs2n0j591bnkv8tg4,Marco Di Bello,SSC Napoli,Atalanta Bergamasca Calcio,G. Di Lorenzo,1,0,0,0,2,1,0,0,42,0,0,2,1,1,0
116,22 Nov 2025,,dsjz0ccrqs2n0j591bnkv8tg4,Marco Di Bello,SSC Napoli,Atalanta Bergamasca Calcio,N. Lang,0,0,0,5,0,1,1,0,22,0,0,1,1,1,0
116,22 Nov 2025,,dsjz0ccrqs2n0j591bnkv8tg4,Marco Di Bello,SSC Napoli,Atalanta Bergamasca Calcio,David Neres,0,0,0,2,1,1,2,0,19,0,0,2,2,0,0
116,22 Nov 2025,,dsjz0ccrqs2n0j591bnkv8tg4,Marco Di Bello,SSC Napoli,Atalanta Bergamasca Calcio,Juan Jesus,0,0,0,0,3,0,0,0,17,0,0,0,0,0,1
116,22 Nov 2025,,dsjz0ccrqs2n0j591bnkv8tg4,Marco Di Bello,SSC Napoli,Atalanta Bergamasca Calcio,P. Mazzocchi,0,0,0,0,0,0,0,0,5,0,0,0,0,0,0
116,22 Nov 2025,,dsjz0ccrqs2n0j591bnkv8tg4,Marco Di Bello,SSC Napoli,Atalanta Bergamasca Calcio,M. Politano,0,0,0,0,0,0,0,0,4,0,0,1,0,0,0
116,22 Nov 2025,,dsjz0ccrqs2n0j591bnkv8tg4,Marco Di Bello,SSC Napoli,Atalanta Bergamasca Calcio,L. Lucca,0,1,1,0,0,1,0,1,2,0,0,1,0,0,0
116,22 Nov 2025,,dsjz0ccrqs2n0j591bnkv8tg4,Marco Di Bello,SSC Napoli,Atalanta Bergamasca Calcio,E. Elmas,0,0,0,1,0,0,0,0,5,0,0,0,0,2,0
116,22 Nov 2025,,dsjz0ccrqs2n0j591bnkv8tg4,Marco Di Bello,SSC Napoli,Atalanta Bergamasca Calcio,M. de Roon,0,0,0,0,2,1,0,0,75,0,0,0,0,5,1
116,22 Nov 2025,,dsjz0ccrqs2n0j591bnkv8tg4,Marco Di Bello,SSC Napoli,Atalanta Bergamasca Calcio,M. Carnesecchi,0,0,0,0,0,0,0,0,34,0,3,0,0,0,0
116,22 Nov 2025,,dsjz0ccrqs2n0j591bnkv8tg4,Marco Di Bello,SSC Napoli,Atalanta Bergamasca Calcio,M. Pašalić,0,0,0,0,1,0,0,0,16,0,0,1,0,2,0
116,22 Nov 2025,,dsjz0ccrqs2n0j591bnkv8tg4,Marco Di Bello,SSC Napoli,Atalanta Bergamasca Calcio,I. Hien,0,0,0,0,2,0,0,0,54,0,0,0,0,2,0
116,22 Nov 2025,,dsjz0ccrqs2n0j591bnkv8tg4,Marco Di Bello,SSC Napoli,Atalanta Bergamasca Calcio,B. Djimsiti,0,0,0,0,0,0,0,0,50,0,0,1,0,1,0
116,22 Nov 2025,,dsjz0ccrqs2n0j591bnkv8tg4,Marco Di Bello,SSC Napoli,Atalanta Bergamasca Calcio,D. Zappacosta,0,1,0,2,2,1,0,0,28,0,0,2,0,0,1
116,22 Nov 2025,,dsjz0ccrqs2n0j591bnkv8tg4,Marco Di Bello,SSC Napoli,Atalanta Bergamasca Calcio,Éderson,0,0,0,0,2,3,0,0,77,0,0,0,0,4,0
116,22 Nov 2025,,dsjz0ccrqs2n0j591bnkv8tg4,Marco Di Bello,SSC Napoli,Atalanta Bergamasca Calcio,R. Bellanova,1,0,0,5,0,1,0,0,32,0,0,1,0,2,0
116,22 Nov 2025,,dsjz0ccrqs2n0j591bnkv8tg4,Marco Di Bello,SSC Napoli,Atalanta Bergamasca Calcio,C. De Ketelaere,0,0,0,2,0,2,0,0,34,0,0,3,0,2,0
116,22 Nov 2025,,dsjz0ccrqs2n0j591bnkv8tg4,Marco Di Bello,SSC Napoli,Atalanta Bergamasca Calcio,H. Ahanor,0,0,0,0,0,1,0,0,37,0,0,0,0,0,0
116,22 Nov 2025,,dsjz0ccrqs2n0j591bnkv8tg4,Marco Di Bello,SSC Napoli,Atalanta Bergamasca Calcio,A. Lookman,0,1,2,1,1,0,0,1,25,0,0,2,1,0,0
116,22 Nov 2025,,dsjz0ccrqs2n0j591bnkv8tg4,Marco Di Bello,SSC Napoli,Atalanta Bergamasca Calcio,O. Kossounou,0,0,0,0,1,1,0,0,29,0,0,0,0,0,0
116,22 Nov 2025,,dsjz0ccrqs2n0j591bnkv8tg4,Marco Di Bello,SSC Napoli,Atalanta Bergamasca Calcio,G. Scamacca,0,0,1,0,0,1,1,0,15,0,0,3,2,0,0
116,22 Nov 2025,,dsjz0ccrqs2n0j591bnkv8tg4,Marco Di Bello,SSC Napoli,Atalanta Bergamasca Calcio,N. Zalewski,0,0,0,7,0,0,0,0,12,0,0,1,0,0,0
116,22 Nov 2025,,dsjz0ccrqs2n0j591bnkv8tg4,Marco Di Bello,SSC Napoli,Atalanta Bergamasca Calcio,L. Samardžić,0,0,0,1,1,0,0,0,7,0,0,0,0,1,0
116,22 Nov 2025,,dsjz0ccrqs2n0j591bnkv8tg4,Marco Di Bello,SSC Napoli,Atalanta Bergamasca Calcio,D. Maldini,0,0,0,0,0,0,0,0,8,0,0,0,0,1,0
117,24 Nov 2025,,dsyfzer3u4sczqe32ahodc5xw,Davide Di Marco,US Sassuolo Calcio,Pisa Sporting Club,Fali Candé,0,0,1,1,1,0,0,0,31,0,0,1,0,1,0
117,24 Nov 2025,,dsyfzer3u4sczqe32ahodc5xw,Davide Di Marco,US Sassuolo Calcio,Pisa Sporting Club,Arijanet Murić,0,0,0,0,0,0,0,0,20,0,1,0,0,0,0
117,24 Nov 2025,,dsyfzer3u4sczqe32ahodc5xw,Davide Di Marco,US Sassuolo Calcio,Pisa Sporting Club,A. Pinamonti,0,2,2,3,0,1,0,1,16,0,0,5,2,1,0
117,24 Nov 2025,,dsyfzer3u4sczqe32ahodc5xw,Davide Di Marco,US Sassuolo Calcio,Pisa Sporting Club,N. Matić,0,0,0,1,1,1,1,0,75,0,0,1,1,1,0
117,24 Nov 2025,,dsyfzer3u4sczqe32ahodc5xw,Davide Di Marco,US Sassuolo Calcio,Pisa Sporting Club,S. Walukiewicz,0,0,0,2,1,0,0,0,22,0,0,0,0,2,1
117,24 Nov 2025,,dsyfzer3u4sczqe32ahodc5xw,Davide Di Marco,US Sassuolo Calcio,Pisa Sporting Club,K. Thorstvedt,0,1,0,3,1,0,1,0,61,0,0,3,1,1,1
117,24 Nov 2025,,dsyfzer3u4sczqe32ahodc5xw,Davide Di Marco,US Sassuolo Calcio,Pisa Sporting Club,T. Muharemović,0,0,0,0,0,1,0,0,52,0,0,1,0,2,0
117,24 Nov 2025,,dsyfzer3u4sczqe32ahodc5xw,Davide Di Marco,US Sassuolo Calcio,Pisa Sporting Club,D. Berardi,0,0,0,4,1,1,0,0,41,0,0,3,1,1,0
117,24 Nov 2025,,dsyfzer3u4sczqe32ahodc5xw,Davide Di Marco,US Sassuolo Calcio,Pisa Sporting Club,J. Idzes,0,0,0,0,0,0,0,0,52,0,0,0,0,2,0
117,24 Nov 2025,,dsyfzer3u4sczqe32ahodc5xw,Davide Di Marco,US Sassuolo Calcio,Pisa Sporting Club,I. Koné,0,0,0,0,1,1,0,0,42,0,0,1,0,1,0
117,24 Nov 2025,,dsyfzer3u4sczqe32ahodc5xw,Davide Di Marco,US Sassuolo Calcio,Pisa Sporting Club,A. Fadera,0,1,2,6,1,2,0,0,24,0,0,2,0,2,0
117,24 Nov 2025,,dsyfzer3u4sczqe32ahodc5xw,Davide Di Marco,US Sassuolo Calcio,Pisa Sporting Club,W. Coulibaly,0,0,0,1,1,1,0,0,22,0,0,2,1,0,0
117,24 Nov 2025,,dsyfzer3u4sczqe32ahodc5xw,Davide Di Marco,US Sassuolo Calcio,Pisa Sporting Club,A. Laurienté,0,1,0,1,0,2,0,0,18,0,0,2,0,0,0
117,24 Nov 2025,,dsyfzer3u4sczqe32ahodc5xw,Davide Di Marco,US Sassuolo Calcio,Pisa Sporting Club,J. Doig,0,0,0,2,0,0,0,0,16,0,0,1,1,0,0
117,24 Nov 2025,,dsyfzer3u4sczqe32ahodc5xw,Davide Di Marco,US Sassuolo Calcio,Pisa Sporting Club,L. Lipani,0,0,0,0,2,0,0,0,14,0,0,0,0,3,0
117,24 Nov 2025,,dsyfzer3u4sczqe32ahodc5xw,Davide Di Marco,US Sassuolo Calcio,Pisa Sporting Club,C. Volpato,1,0,0,1,0,0,0,0,4,0,0,0,0,0,0
117,24 Nov 2025,,dsyfzer3u4sczqe32ahodc5xw,Davide Di Marco,US Sassuolo Calcio,Pisa Sporting Club,G. Piccinini,0,1,0,2,0,1,0,0,22,0,0,1,0,2,0
117,24 Nov 2025,,dsyfzer3u4sczqe32ahodc5xw,Davide Di Marco,US Sassuolo Calcio,Pisa Sporting Club,M. Aebischer,0,0,0,0,2,1,0,0,28,0,0,0,0,0,0
117,24 Nov 2025,,dsyfzer3u4sczqe32ahodc5xw,Davide Di Marco,US Sassuolo Calcio,Pisa Sporting Club,I. Touré,0,0,0,0,2,1,0,0,22,0,0,0,0,0,0
117,24 Nov 2025,,dsyfzer3u4sczqe32ahodc5xw,Davide Di Marco,US Sassuolo Calcio,Pisa Sporting Club,M'Bala Nzola,0,0,1,1,1,0,1,1,7,0,0,1,1,0,0
117,24 Nov 2025,,dsyfzer3u4sczqe32ahodc5xw,Davide Di Marco,US Sassuolo Calcio,Pisa Sporting Club,A. Calabresi,0,0,0,1,1,2,0,0,15,0,0,0,0,0,1
117,24 Nov 2025,,dsyfzer3u4sczqe32ahodc5xw,Davide Di Marco,US Sassuolo Calcio,Pisa Sporting Club,A. Caracciolo,0,0,0,0,0,0,0,0,37,0,0,2,0,3,0
117,24 Nov 2025,,dsyfzer3u4sczqe32ahodc5xw,Davide Di Marco,US Sassuolo Calcio,Pisa Sporting Club,S. Canestrelli,0,0,0,0,0,0,0,0,38,0,0,0,0,0,0
117,24 Nov 2025,,dsyfzer3u4sczqe32ahodc5xw,Davide Di Marco,US Sassuolo Calcio,Pisa Sporting Club,Adrian Šemper,0,0,0,0,0,0,0,0,45,0,5,0,0,0,0
117,24 Nov 2025,,dsyfzer3u4sczqe32ahodc5xw,Davide Di Marco,US Sassuolo Calcio,Pisa Sporting Club,S. Angori,0,0,0,7,0,1,0,0,10,0,0,0,0,1,0
117,24 Nov 2025,,dsyfzer3u4sczqe32ahodc5xw,Davide Di Marco,US Sassuolo Calcio,Pisa Sporting Club,M. Tramoni,0,0,0,0,0,0,0,0,13,0,0,2,0,1,0
117,24 Nov 2025,,dsyfzer3u4sczqe32ahodc5xw,Davide Di Marco,US Sassuolo Calcio,Pisa Sporting Club,M. Léris,0,1,1,2,1,3,0,1,26,0,0,2,0,4,0
117,24 Nov 2025,,dsyfzer3u4sczqe32ahodc5xw,Davide Di Marco,US Sassuolo Calcio,Pisa Sporting Club,Raúl Albiol,0,0,0,0,0,1,0,0,22,0,0,0,0,0,0
117,24 Nov 2025,,dsyfzer3u4sczqe32ahodc5xw,Davide Di Marco,US Sassuolo Calcio,Pisa Sporting Club,S. Moreo,1,0,0,1,1,0,0,0,11,0,0,0,0,0,0
117,24 Nov 2025,,dsyfzer3u4sczqe32ahodc5xw,Davide Di Marco,US Sassuolo Calcio,Pisa Sporting Club,H. Meister,0,0,0,0,1,0,1,0,3,0,0,2,2,0,0
117,24 Nov 2025,,dsyfzer3u4sczqe32ahodc5xw,Davide Di Marco,US Sassuolo Calcio,Pisa Sporting Club,M. Højholt,0,0,0,0,1,0,0,0,6,0,0,0,0,0,0
117,24 Nov 2025,,dsyfzer3u4sczqe32ahodc5xw,Davide Di Marco,US Sassuolo Calcio,Pisa Sporting Club,İ. Vural,0,0,0,0,0,0,0,0,2,0,0,0,0,0,0
118,24 Nov 2025,,dtct334p03m4xw2l4fxzg6adw,Kevin Bonacina,Torino FC,Calcio Como 1907,M. Pedersen,0,0,0,4,0,0,0,0,14,0,0,0,0,1,0
118,24 Nov 2025,,dtct334p03m4xw2l4fxzg6adw,Kevin Bonacina,Torino FC,Calcio Como 1907,A. Tamèze,0,0,1,2,0,0,0,0,36,0,0,2,0,1,0
118,24 Nov 2025,,dtct334p03m4xw2l4fxzg6adw,Kevin Bonacina,Torino FC,Calcio Como 1907,C. Ngonge,0,0,0,1,0,2,0,1,18,0,0,0,0,2,0
118,24 Nov 2025,,dtct334p03m4xw2l4fxzg6adw,Kevin Bonacina,Torino FC,Calcio Como 1907,K. Asllani,0,1,0,2,1,0,0,0,44,0,0,3,0,2,0
118,24 Nov 2025,,dtct334p03m4xw2l4fxzg6adw,Kevin Bonacina,Torino FC,Calcio Como 1907,A. Paleari,0,0,0,0,0,0,0,0,21,0,1,0,0,0,0
118,24 Nov 2025,,dtct334p03m4xw2l4fxzg6adw,Kevin Bonacina,Torino FC,Calcio Como 1907,A. Masina,0,0,0,0,1,0,0,0,26,0,0,0,0,2,0
118,24 Nov 2025,,dtct334p03m4xw2l4fxzg6adw,Kevin Bonacina,Torino FC,Calcio Como 1907,V. Lazaro,0,0,0,8,2,1,0,0,24,0,0,0,0,0,0
118,24 Nov 2025,,dtct334p03m4xw2l4fxzg6adw,Kevin Bonacina,Torino FC,Calcio Como 1907,D. Zapata,0,0,0,0,0,1,0,1,10,0,0,1,0,0,0
118,24 Nov 2025,,dtct334p03m4xw2l4fxzg6adw,Kevin Bonacina,Torino FC,Calcio Como 1907,N. Vlašić,0,0,1,2,0,3,1,0,19,0,0,2,1,2,0
118,24 Nov 2025,,dtct334p03m4xw2l4fxzg6adw,Kevin Bonacina,Torino FC,Calcio Como 1907,G. Maripán,0,0,0,1,1,0,0,0,25,0,0,0,0,1,0
118,24 Nov 2025,,dtct334p03m4xw2l4fxzg6adw,Kevin Bonacina,Torino FC,Calcio Como 1907,C. Casadei,0,0,0,0,1,0,0,0,25,0,0,1,0,2,0
118,24 Nov 2025,,dtct334p03m4xw2l4fxzg6adw,Kevin Bonacina,Torino FC,Calcio Como 1907,N. Nkounkou,0,0,0,0,0,0,0,0,8,0,0,0,0,0,0
118,24 Nov 2025,,dtct334p03m4xw2l4fxzg6adw,Kevin Bonacina,Torino FC,Calcio Como 1907,Z. Aboukhlal,0,0,0,1,0,1,0,1,4,0,0,0,0,1,0
118,24 Nov 2025,,dtct334p03m4xw2l4fxzg6adw,Kevin Bonacina,Torino FC,Calcio Como 1907,T. Anjorin,0,0,0,0,0,0,0,0,8,0,0,0,0,0,0
118,24 Nov 2025,,dtct334p03m4xw2l4fxzg6adw,Kevin Bonacina,Torino FC,Calcio Como 1907,G. Gineitis,0,0,1,0,0,0,0,0,5,0,0,0,0,1,0
118,24 Nov 2025,,dtct334p03m4xw2l4fxzg6adw,Kevin Bonacina,Torino FC,Calcio Como 1907,A. Njie,0,0,0,0,0,0,0,0,2,0,0,1,1,0,0
118,24 Nov 2025,,dtct334p03m4xw2l4fxzg6adw,Kevin Bonacina,Torino FC,Calcio Como 1907,Álvaro Morata,0,0,0,0,0,0,0,0,20,0,0,3,1,0,0
118,24 Nov 2025,,dtct334p03m4xw2l4fxzg6adw,Kevin Bonacina,Torino FC,Calcio Como 1907,M. Perrone,2,0,0,0,0,0,0,0,56,0,0,0,0,2,0
118,24 Nov 2025,,dtct334p03m4xw2l4fxzg6adw,Kevin Bonacina,Torino FC,Calcio Como 1907,I. Smolčić,0,0,0,0,2,0,0,0,40,0,0,1,1,3,1
118,24 Nov 2025,,dtct334p03m4xw2l4fxzg6adw,Kevin Bonacina,Torino FC,Calcio Como 1907,Jesús Rodríguez,2,0,0,6,2,0,0,0,20,0,0,1,0,0,0
118,24 Nov 2025,,dtct334p03m4xw2l4fxzg6adw,Kevin Bonacina,Torino FC,Calcio Como 1907,Álex Valle,0,0,0,3,1,0,0,0,56,0,0,0,0,2,0
118,24 Nov 2025,,dtct334p03m4xw2l4fxzg6adw,Kevin Bonacina,Torino FC,Calcio Como 1907,Diego Carlos,0,0,0,0,0,0,0,0,80,0,0,0,0,3,0
118,24 Nov 2025,,dtct334p03m4xw2l4fxzg6adw,Kevin Bonacina,Torino FC,Calcio Como 1907,J. Butez,0,0,0,0,0,1,0,0,37,0,1,0,0,0,0
118,24 Nov 2025,,dtct334p03m4xw2l4fxzg6adw,Kevin Bonacina,Torino FC,Calcio Como 1907,Jacobo Ramón,0,1,0,0,0,0,1,0,60,0,0,2,1,5,0
118,24 Nov 2025,,dtct334p03m4xw2l4fxzg6adw,Kevin Bonacina,Torino FC,Calcio Como 1907,N. Paz,0,0,1,1,2,1,1,0,46,0,0,2,1,2,0
118,24 Nov 2025,,dtct334p03m4xw2l4fxzg6adw,Kevin Bonacina,Torino FC,Calcio Como 1907,L. da Cunha,0,1,1,3,0,0,0,0,68,0,0,1,0,2,0
118,24 Nov 2025,,dtct334p03m4xw2l4fxzg6adw,Kevin Bonacina,Torino FC,Calcio Como 1907,J. Addai,0,0,2,2,1,4,2,0,23,0,0,3,2,2,0
118,24 Nov 2025,,dtct334p03m4xw2l4fxzg6adw,Kevin Bonacina,Torino FC,Calcio Como 1907,M. Vojvoda,0,1,0,1,0,0,0,0,13,0,0,1,0,0,0
118,24 Nov 2025,,dtct334p03m4xw2l4fxzg6adw,Kevin Bonacina,Torino FC,Calcio Como 1907,T. Douvikas,0,0,0,0,0,0,0,0,3,0,0,0,0,0,0
118,24 Nov 2025,,dtct334p03m4xw2l4fxzg6adw,Kevin Bonacina,Torino FC,Calcio Como 1907,M. Kempf,0,0,0,0,0,0,0,0,18,0,0,0,0,0,0
118,24 Nov 2025,,dtct334p03m4xw2l4fxzg6adw,Kevin Bonacina,Torino FC,Calcio Como 1907,S. Posch,0,0,0,0,1,0,0,0,9,0,0,0,0,1,0
118,24 Nov 2025,,dtct334p03m4xw2l4fxzg6adw,Kevin Bonacina,Torino FC,Calcio Como 1907,M. Baturina,0,0,0,0,0,0,1,0,6,0,0,1,1,0,0
119,22 Nov 2025,,dtrclyu07br4uab21k5xhj578,Juan Luca Sacchi,Udinese Calcio,Bologna FC 1909,N. Zaniolo,0,1,1,5,2,1,0,1,8,0,0,1,0,3,0
119,22 Nov 2025,,dtrclyu07br4uab21k5xhj578,Juan Luca Sacchi,Udinese Calcio,Bologna FC 1909,M. Okoye,0,0,0,0,0,0,0,0,36,0,2,0,0,0,0
119,22 Nov 2025,,dtrclyu07br4uab21k5xhj578,Juan Luca Sacchi,Udinese Calcio,Bologna FC 1909,N. Bertola,0,0,0,0,2,1,0,0,35,0,0,1,0,2,0
119,22 Nov 2025,,dtrclyu07br4uab21k5xhj578,Juan Luca Sacchi,Udinese Calcio,Bologna FC 1909,K. Ehizibue,0,0,0,1,4,1,0,0,12,0,0,0,0,2,0
119,22 Nov 2025,,dtrclyu07br4uab21k5xhj578,Juan Luca Sacchi,Udinese Calcio,Bologna FC 1909,J. Ekkelenkamp,0,0,1,7,3,1,0,0,14,0,0,3,2,1,0
119,22 Nov 2025,,dtrclyu07br4uab21k5xhj578,Juan Luca Sacchi,Udinese Calcio,Bologna FC 1909,O. Solet,0,0,1,1,0,2,0,0,52,0,0,0,0,3,0
119,22 Nov 2025,,dtrclyu07br4uab21k5xhj578,Juan Luca Sacchi,Udinese Calcio,Bologna FC 1909,H. Kamara,0,0,2,4,2,0,0,0,24,0,0,1,1,1,0
119,22 Nov 2025,,dtrclyu07br4uab21k5xhj578,Juan Luca Sacchi,Udinese Calcio,Bologna FC 1909,A. Atta,0,1,2,2,0,2,0,0,28,0,0,2,0,0,0
119,22 Nov 2025,,dtrclyu07br4uab21k5xhj578,Juan Luca Sacchi,Udinese Calcio,Bologna FC 1909,C. Kabasele,0,0,0,0,1,1,0,0,28,0,0,0,0,0,0
119,22 Nov 2025,,dtrclyu07br4uab21k5xhj578,Juan Luca Sacchi,Udinese Calcio,Bologna FC 1909,K. Davis,0,0,0,0,1,0,0,0,11,0,0,1,0,0,0
119,22 Nov 2025,,dtrclyu07br4uab21k5xhj578,Juan Luca Sacchi,Udinese Calcio,Bologna FC 1909,J. Karlström,0,0,0,0,0,2,0,0,19,0,0,0,0,3,0
119,22 Nov 2025,,dtrclyu07br4uab21k5xhj578,Juan Luca Sacchi,Udinese Calcio,Bologna FC 1909,V. Bayo,0,0,1,0,2,2,0,1,4,0,0,2,0,2,0
119,22 Nov 2025,,dtrclyu07br4uab21k5xhj578,Juan Luca Sacchi,Udinese Calcio,Bologna FC 1909,A. Zanoli,0,0,0,1,1,0,0,0,7,0,0,0,0,1,0
119,22 Nov 2025,,dtrclyu07br4uab21k5xhj578,Juan Luca Sacchi,Udinese Calcio,Bologna FC 1909,J. Piotrowski,0,0,0,0,0,1,0,0,10,0,0,1,0,1,0
119,22 Nov 2025,,dtrclyu07br4uab21k5xhj578,Juan Luca Sacchi,Udinese Calcio,Bologna FC 1909,J. Zemura,0,0,0,3,1,0,0,0,10,0,0,0,0,1,0
119,22 Nov 2025,,dtrclyu07br4uab21k5xhj578,Juan Luca Sacchi,Udinese Calcio,Bologna FC 1909,A. Buksa,0,0,0,0,0,2,0,0,5,0,0,0,0,0,0
119,22 Nov 2025,,dtrclyu07br4uab21k5xhj578,Juan Luca Sacchi,Udinese Calcio,Bologna FC 1909,T. Pobega,0,0,0,0,3,1,2,0,32,0,0,3,2,4,0
119,22 Nov 2025,,dtrclyu07br4uab21k5xhj578,Juan Luca Sacchi,Udinese Calcio,Bologna FC 1909,F. Ravaglia,0,0,0,0,0,1,0,0,46,0,3,0,0,0,0
119,22 Nov 2025,,dtrclyu07br4uab21k5xhj578,Juan Luca Sacchi,Udinese Calcio,Bologna FC 1909,L. De Silvestri,0,0,0,1,2,0,0,0,22,0,0,0,0,0,1
119,22 Nov 2025,,dtrclyu07br4uab21k5xhj578,Juan Luca Sacchi,Udinese Calcio,Bologna FC 1909,N. Moro,0,0,0,1,1,2,0,0,39,0,0,0,0,2,0
119,22 Nov 2025,,dtrclyu07br4uab21k5xhj578,Juan Luca Sacchi,Udinese Calcio,Bologna FC 1909,N. Casale,0,0,0,0,3,1,0,0,34,0,0,0,0,1,0
119,22 Nov 2025,,dtrclyu07br4uab21k5xhj578,Juan Luca Sacchi,Udinese Calcio,Bologna FC 1909,R. Orsolini,1,0,0,1,0,1,0,2,20,0,0,2,1,0,0
119,22 Nov 2025,,dtrclyu07br4uab21k5xhj578,Juan Luca Sacchi,Udinese Calcio,Bologna FC 1909,T. Heggem,0,0,0,0,0,1,0,0,36,0,0,0,0,1,0
119,22 Nov 2025,,dtrclyu07br4uab21k5xhj578,Juan Luca Sacchi,Udinese Calcio,Bologna FC 1909,Juan Miranda,0,0,1,6,0,3,0,0,42,0,0,0,0,0,0
119,22 Nov 2025,,dtrclyu07br4uab21k5xhj578,Juan Luca Sacchi,Udinese Calcio,Bologna FC 1909,B. Domínguez,0,1,0,1,2,4,0,1,13,0,0,1,0,2,0
119,22 Nov 2025,,dtrclyu07br4uab21k5xhj578,Juan Luca Sacchi,Udinese Calcio,Bologna FC 1909,G. Fabbian,0,0,0,0,2,2,0,0,13,0,0,1,0,0,0
119,22 Nov 2025,,dtrclyu07br4uab21k5xhj578,Juan Luca Sacchi,Udinese Calcio,Bologna FC 1909,S. Castro,0,0,0,0,2,0,0,0,12,0,0,0,0,0,0
119,22 Nov 2025,,dtrclyu07br4uab21k5xhj578,Juan Luca Sacchi,Udinese Calcio,Bologna FC 1909,N. Zortea,0,0,0,0,0,1,0,0,15,0,0,1,0,4,0
119,22 Nov 2025,,dtrclyu07br4uab21k5xhj578,Juan Luca Sacchi,Udinese Calcio,Bologna FC 1909,I. Sulemana,0,0,0,0,0,0,0,0,6,0,0,0,0,0,0
119,22 Nov 2025,,dtrclyu07br4uab21k5xhj578,Juan Luca Sacchi,Udinese Calcio,Bologna FC 1909,F. Bernardeschi,0,0,1,0,1,0,1,0,8,0,0,2,2,1,0
119,22 Nov 2025,,dtrclyu07br4uab21k5xhj578,Juan Luca Sacchi,Udinese Calcio,Bologna FC 1909,J. Odgaard,0,0,0,0,0,1,0,0,3,0,0,0,0,0,0
119,22 Nov 2025,,dtrclyu07br4uab21k5xhj578,Juan Luca Sacchi,Udinese Calcio,Bologna FC 1909,T. Dallinga,0,0,0,1,0,0,0,0,5,0,0,0,0,0,0
120,23 Nov 2025,,du5o1hifd5wf9cgqx1k5qj9qs,Luca Pairetto,Hellas Verona FC,Parma Calcio 1913,G. Orban,0,2,0,1,2,0,0,3,7,0,0,3,0,0,0
120,23 Nov 2025,,du5o1hifd5wf9cgqx1k5qj9qs,Luca Pairetto,Hellas Verona FC,Parma Calcio 1913,L. Montipò,0,0,0,0,0,0,0,0,18,0,5,0,0,0,0
120,23 Nov 2025,,du5o1hifd5wf9cgqx1k5qj9qs,Luca Pairetto,Hellas Verona FC,Parma Calcio 1913,J. Akpa Akpro,0,1,0,1,2,1,0,0,9,0,0,1,0,5,0
120,23 Nov 2025,,du5o1hifd5wf9cgqx1k5qj9qs,Luca Pairetto,Hellas Verona FC,Parma Calcio 1913,R. Gagliardini,0,0,0,3,2,0,0,0,79,0,0,0,0,5,1
120,23 Nov 2025,,du5o1hifd5wf9cgqx1k5qj9qs,Luca Pairetto,Hellas Verona FC,Parma Calcio 1913,R. Belghali,0,0,1,4,2,1,0,0,43,0,0,0,0,3,0
120,23 Nov 2025,,du5o1hifd5wf9cgqx1k5qj9qs,Luca Pairetto,Hellas Verona FC,Parma Calcio 1913,Giovane,0,1,3,5,1,2,1,0,20,0,0,3,2,1,1
120,23 Nov 2025,,du5o1hifd5wf9cgqx1k5qj9qs,Luca Pairetto,Hellas Verona FC,Parma Calcio 1913,V. Nelsson,0,0,0,0,0,0,0,0,35,0,0,0,0,0,0
120,23 Nov 2025,,du5o1hifd5wf9cgqx1k5qj9qs,Luca Pairetto,Hellas Verona FC,Parma Calcio 1913,A. Bella-Kotchap,0,0,0,0,2,0,0,0,51,0,0,0,0,1,0
120,23 Nov 2025,,du5o1hifd5wf9cgqx1k5qj9qs,Luca Pairetto,Hellas Verona FC,Parma Calcio 1913,M. Frese,0,1,0,1,2,0,0,1,56,0,0,1,0,2,1
120,23 Nov 2025,,du5o1hifd5wf9cgqx1k5qj9qs,Luca Pairetto,Hellas Verona FC,Parma Calcio 1913,D. Bradarić,0,0,0,5,1,0,0,0,32,0,0,0,0,1,0
120,23 Nov 2025,,du5o1hifd5wf9cgqx1k5qj9qs,Luca Pairetto,Hellas Verona FC,Parma Calcio 1913,A. Bernede,0,0,0,0,5,1,0,0,28,0,0,1,0,3,0
120,23 Nov 2025,,du5o1hifd5wf9cgqx1k5qj9qs,Luca Pairetto,Hellas Verona FC,Parma Calcio 1913,Al Musrati,0,0,0,0,2,0,0,0,41,0,0,0,0,1,1
120,23 Nov 2025,,du5o1hifd5wf9cgqx1k5qj9qs,Luca Pairetto,Hellas Verona FC,Parma Calcio 1913,D. Mosquera,1,0,0,1,2,0,0,0,5,0,0,1,0,0,0
120,23 Nov 2025,,du5o1hifd5wf9cgqx1k5qj9qs,Luca Pairetto,Hellas Verona FC,Parma Calcio 1913,A. Sarr,0,0,0,0,0,0,0,1,11,0,0,0,0,1,0
120,23 Nov 2025,,du5o1hifd5wf9cgqx1k5qj9qs,Luca Pairetto,Hellas Verona FC,Parma Calcio 1913,Unai Núñez,0,0,0,0,1,1,0,0,30,0,0,0,0,1,0
120,23 Nov 2025,,du5o1hifd5wf9cgqx1k5qj9qs,Luca Pairetto,Hellas Verona FC,Parma Calcio 1913,A. Harroui,0,0,0,0,0,0,0,0,2,0,0,0,0,0,0
120,23 Nov 2025,,du5o1hifd5wf9cgqx1k5qj9qs,Luca Pairetto,Hellas Verona FC,Parma Calcio 1913,Adrián Bernabé,0,2,1,3,0,4,0,0,29,0,0,2,0,0,0
120,23 Nov 2025,,du5o1hifd5wf9cgqx1k5qj9qs,Luca Pairetto,Hellas Verona FC,Parma Calcio 1913,M. Pellegrino,0,3,1,0,1,5,2,0,18,0,0,6,3,0,1
120,23 Nov 2025,,du5o1hifd5wf9cgqx1k5qj9qs,Luca Pairetto,Hellas Verona FC,Parma Calcio 1913,M. Troilo,0,0,0,1,0,2,0,0,48,0,0,0,0,3,0
120,23 Nov 2025,,du5o1hifd5wf9cgqx1k5qj9qs,Luca Pairetto,Hellas Verona FC,Parma Calcio 1913,E. Delprato,0,0,0,0,0,0,0,0,45,0,0,0,0,0,1
120,23 Nov 2025,,du5o1hifd5wf9cgqx1k5qj9qs,Luca Pairetto,Hellas Verona FC,Parma Calcio 1913,E. Corvi,0,0,0,0,0,0,0,0,37,0,1,0,0,0,0
120,23 Nov 2025,,du5o1hifd5wf9cgqx1k5qj9qs,Luca Pairetto,Hellas Verona FC,Parma Calcio 1913,S. Britschgi,0,0,1,1,1,0,0,0,15,0,0,0,0,1,1
120,23 Nov 2025,,du5o1hifd5wf9cgqx1k5qj9qs,Luca Pairetto,Hellas Verona FC,Parma Calcio 1913,O. Sørensen,0,0,1,1,0,3,0,0,22,0,0,3,0,2,0
120,23 Nov 2025,,du5o1hifd5wf9cgqx1k5qj9qs,Luca Pairetto,Hellas Verona FC,Parma Calcio 1913,L. Valenti,0,0,0,1,1,2,0,0,42,0,0,1,1,6,0
120,23 Nov 2025,,du5o1hifd5wf9cgqx1k5qj9qs,Luca Pairetto,Hellas Verona FC,Parma Calcio 1913,M. Løvik,0,0,0,2,0,0,0,1,22,0,0,0,0,5,0
120,23 Nov 2025,,du5o1hifd5wf9cgqx1k5qj9qs,Luca Pairetto,Hellas Verona FC,Parma Calcio 1913,M. Keita,0,0,0,0,2,3,0,0,32,0,0,1,1,2,0
120,23 Nov 2025,,du5o1hifd5wf9cgqx1k5qj9qs,Luca Pairetto,Hellas Verona FC,Parma Calcio 1913,P. Cutrone,0,0,0,0,0,2,0,0,16,0,0,2,2,1,0
120,23 Nov 2025,,du5o1hifd5wf9cgqx1k5qj9qs,Luca Pairetto,Hellas Verona FC,Parma Calcio 1913,A. Benedyczak,0,0,0,1,1,0,0,0,2,0,0,0,0,0,0
120,23 Nov 2025,,du5o1hifd5wf9cgqx1k5qj9qs,Luca Pairetto,Hellas Verona FC,Parma Calcio 1913,E. Valeri,0,0,0,2,0,1,0,0,3,0,0,0,0,1,0
120,23 Nov 2025,,du5o1hifd5wf9cgqx1k5qj9qs,Luca Pairetto,Hellas Verona FC,Parma Calcio 1913,N. Estévez,0,0,0,0,0,0,0,0,1,0,0,0,0,0,0
76,25 Oct 2025,,dcexpeqv5l6k0hh0dq6prdwr8,Daniele Chiffi,Parma Calcio 1913,Calcio Como 1907,Adrián Bernabé,0,1,1,3,1,1,0,0,30,0,0,2,0,2,0
76,25 Oct 2025,,dcexpeqv5l6k0hh0dq6prdwr8,Daniele Chiffi,Parma Calcio 1913,Calcio Como 1907,Z. Suzuki,0,0,0,0,0,1,0,0,31,0,2,0,0,0,0
76,25 Oct 2025,,dcexpeqv5l6k0hh0dq6prdwr8,Daniele Chiffi,Parma Calcio 1913,Calcio Como 1907,M. Pellegrino,0,0,0,0,1,2,0,1,12,0,0,0,0,2,0
76,25 Oct 2025,,dcexpeqv5l6k0hh0dq6prdwr8,Daniele Chiffi,Parma Calcio 1913,Calcio Como 1907,C. Ordoñez,0,0,0,0,1,0,0,0,7,0,0,0,0,0,0
76,25 Oct 2025,,dcexpeqv5l6k0hh0dq6prdwr8,Daniele Chiffi,Parma Calcio 1913,Calcio Como 1907,M. Keita,0,0,0,0,1,3,0,0,17,0,0,0,0,2,0
76,25 Oct 2025,,dcexpeqv5l6k0hh0dq6prdwr8,Daniele Chiffi,Parma Calcio 1913,Calcio Como 1907,L. Valenti,0,0,0,1,0,1,0,0,20,0,0,2,1,0,0
76,25 Oct 2025,,dcexpeqv5l6k0hh0dq6prdwr8,Daniele Chiffi,Parma Calcio 1913,Calcio Como 1907,A. Circati,0,0,0,0,0,1,0,0,25,0,0,0,0,2,0
76,25 Oct 2025,,dcexpeqv5l6k0hh0dq6prdwr8,Daniele Chiffi,Parma Calcio 1913,Calcio Como 1907,E. Delprato,0,0,1,2,1,1,0,0,15,0,0,1,1,4,0
76,25 Oct 2025,,dcexpeqv5l6k0hh0dq6prdwr8,Daniele Chiffi,Parma Calcio 1913,Calcio Como 1907,N. Estévez,0,0,0,1,0,1,0,0,33,0,0,0,0,0,0
76,25 Oct 2025,,dcexpeqv5l6k0hh0dq6prdwr8,Daniele Chiffi,Parma Calcio 1913,Calcio Como 1907,P. Cutrone,0,1,1,1,1,3,0,1,13,0,0,3,1,0,0
76,25 Oct 2025,,dcexpeqv5l6k0hh0dq6prdwr8,Daniele Chiffi,Parma Calcio 1913,Calcio Como 1907,S. Britschgi,0,0,0,2,0,0,0,0,12,0,0,1,0,4,0
76,25 Oct 2025,,dcexpeqv5l6k0hh0dq6prdwr8,Daniele Chiffi,Parma Calcio 1913,Calcio Como 1907,O. Sørensen,0,0,0,1,0,0,0,0,6,0,0,0,0,0,0
76,25 Oct 2025,,dcexpeqv5l6k0hh0dq6prdwr8,Daniele Chiffi,Parma Calcio 1913,Calcio Como 1907,A. Benedyczak,0,0,0,0,0,0,0,0,6,0,0,0,0,0,0
76,25 Oct 2025,,dcexpeqv5l6k0hh0dq6prdwr8,Daniele Chiffi,Parma Calcio 1913,Calcio Como 1907,Hernani,0,1,0,1,0,0,0,1,7,0,0,1,0,0,0
76,25 Oct 2025,,dcexpeqv5l6k0hh0dq6prdwr8,Daniele Chiffi,Parma Calcio 1913,Calcio Como 1907,M. Đurić,0,0,0,0,1,0,0,0,0,0,0,0,0,0,0
76,25 Oct 2025,,dcexpeqv5l6k0hh0dq6prdwr8,Daniele Chiffi,Parma Calcio 1913,Calcio Como 1907,I. Smolčić,0,0,0,3,3,2,0,0,66,0,0,0,0,2,0
76,25 Oct 2025,,dcexpeqv5l6k0hh0dq6prdwr8,Daniele Chiffi,Parma Calcio 1913,Calcio Como 1907,N. Paz,0,0,1,3,3,0,0,0,53,0,0,1,0,4,0
76,25 Oct 2025,,dcexpeqv5l6k0hh0dq6prdwr8,Daniele Chiffi,Parma Calcio 1913,Calcio Como 1907,M. Perrone,0,0,0,0,0,0,0,0,87,0,0,0,0,3,0
76,25 Oct 2025,,dcexpeqv5l6k0hh0dq6prdwr8,Daniele Chiffi,Parma Calcio 1913,Calcio Como 1907,Álvaro Morata,0,0,1,1,1,0,0,1,15,0,0,1,0,2,0
76,25 Oct 2025,,dcexpeqv5l6k0hh0dq6prdwr8,Daniele Chiffi,Parma Calcio 1913,Calcio Como 1907,J. Butez,0,0,0,0,0,1,0,0,28,0,3,0,0,0,0
76,25 Oct 2025,,dcexpeqv5l6k0hh0dq6prdwr8,Daniele Chiffi,Parma Calcio 1913,Calcio Como 1907,M. Kempf,0,0,0,0,0,1,0,0,78,0,0,0,0,0,0
76,25 Oct 2025,,dcexpeqv5l6k0hh0dq6prdwr8,Daniele Chiffi,Parma Calcio 1913,Calcio Como 1907,L. da Cunha,0,1,0,1,3,0,0,0,53,0,0,2,1,1,0
76,25 Oct 2025,,dcexpeqv5l6k0hh0dq6prdwr8,Daniele Chiffi,Parma Calcio 1913,Calcio Como 1907,M. Caqueret,0,0,0,2,0,1,0,1,16,0,0,0,0,1,0
76,25 Oct 2025,,dcexpeqv5l6k0hh0dq6prdwr8,Daniele Chiffi,Parma Calcio 1913,Calcio Como 1907,Diego Carlos,0,0,0,0,3,0,0,0,69,0,0,0,0,1,1
76,25 Oct 2025,,dcexpeqv5l6k0hh0dq6prdwr8,Daniele Chiffi,Parma Calcio 1913,Calcio Como 1907,Alberto Moreno,0,0,0,4,0,0,0,1,47,0,0,0,0,0,0
76,25 Oct 2025,,dcexpeqv5l6k0hh0dq6prdwr8,Daniele Chiffi,Parma Calcio 1913,Calcio Como 1907,M. Vojvoda,0,0,0,2,0,0,0,0,21,0,0,0,0,0,0
76,25 Oct 2025,,dcexpeqv5l6k0hh0dq6prdwr8,Daniele Chiffi,Parma Calcio 1913,Calcio Como 1907,Assane Diao,0,0,0,1,1,0,0,0,15,0,0,0,0,1,0
76,25 Oct 2025,,dcexpeqv5l6k0hh0dq6prdwr8,Daniele Chiffi,Parma Calcio 1913,Calcio Como 1907,N. Kühn,0,0,1,1,0,1,0,0,19,0,0,0,0,4,0
76,25 Oct 2025,,dcexpeqv5l6k0hh0dq6prdwr8,Daniele Chiffi,Parma Calcio 1913,Calcio Como 1907,M. Baturina,0,0,0,1,0,1,0,0,16,0,0,0,0,0,0
76,25 Oct 2025,,dcexpeqv5l6k0hh0dq6prdwr8,Daniele Chiffi,Parma Calcio 1913,Calcio Como 1907,T. Douvikas,0,0,0,0,0,0,0,0,1,0,0,2,1,0,0
77,26 Oct 2025,,dctctwsjvrck5r6q08o0intas,Gianluca Manganiello,US Sassuolo Calcio,AS Roma,A. Pinamonti,0,0,0,2,0,3,0,0,21,0,0,2,0,1,0
77,26 Oct 2025,,dctctwsjvrck5r6q08o0intas,Gianluca Manganiello,US Sassuolo Calcio,AS Roma,J. Idzes,0,0,0,0,2,0,0,0,21,0,0,0,0,2,0
77,26 Oct 2025,,dctctwsjvrck5r6q08o0intas,Gianluca Manganiello,US Sassuolo Calcio,AS Roma,J. Doig,0,0,0,1,2,2,0,0,38,0,0,0,0,3,1
77,26 Oct 2025,,dctctwsjvrck5r6q08o0intas,Gianluca Manganiello,US Sassuolo Calcio,AS Roma,K. Thorstvedt,0,1,0,0,2,0,0,0,17,0,0,3,0,1,1
77,26 Oct 2025,,dctctwsjvrck5r6q08o0intas,Gianluca Manganiello,US Sassuolo Calcio,AS Roma,F. Romagna,0,0,0,0,0,0,0,0,16,0,0,1,0,0,0
77,26 Oct 2025,,dctctwsjvrck5r6q08o0intas,Gianluca Manganiello,US Sassuolo Calcio,AS Roma,N. Matić,0,0,0,1,0,2,0,0,49,0,0,1,0,2,0
77,26 Oct 2025,,dctctwsjvrck5r6q08o0intas,Gianluca Manganiello,US Sassuolo Calcio,AS Roma,A. Fadera,0,0,3,3,3,4,0,0,16,0,0,1,1,4,0
77,26 Oct 2025,,dctctwsjvrck5r6q08o0intas,Gianluca Manganiello,US Sassuolo Calcio,AS Roma,A. Murić,0,0,0,0,0,0,0,0,35,0,7,0,0,0,0
77,26 Oct 2025,,dctctwsjvrck5r6q08o0intas,Gianluca Manganiello,US Sassuolo Calcio,AS Roma,I. Koné,0,0,0,0,2,2,0,0,23,0,0,1,0,1,0
77,26 Oct 2025,,dctctwsjvrck5r6q08o0intas,Gianluca Manganiello,US Sassuolo Calcio,AS Roma,S. Walukiewicz,0,1,1,1,1,0,0,0,35,0,0,1,0,2,0
77,26 Oct 2025,,dctctwsjvrck5r6q08o0intas,Gianluca Manganiello,US Sassuolo Calcio,AS Roma,D. Berardi,0,0,0,3,1,1,0,1,22,0,0,0,0,0,0
77,26 Oct 2025,,dctctwsjvrck5r6q08o0intas,Gianluca Manganiello,US Sassuolo Calcio,AS Roma,Fali Candé,0,0,0,0,0,1,0,0,20,0,0,0,0,1,0
77,26 Oct 2025,,dctctwsjvrck5r6q08o0intas,Gianluca Manganiello,US Sassuolo Calcio,AS Roma,A. Vranckx,0,0,1,0,3,1,0,0,10,0,0,0,0,1,0
77,26 Oct 2025,,dctctwsjvrck5r6q08o0intas,Gianluca Manganiello,US Sassuolo Calcio,AS Roma,C. Volpato,0,0,0,2,2,0,0,0,10,0,0,0,0,1,1
77,26 Oct 2025,,dctctwsjvrck5r6q08o0intas,Gianluca Manganiello,US Sassuolo Calcio,AS Roma,W. Cheddira,0,1,1,0,0,0,0,0,0,0,0,1,0,0,0
77,26 Oct 2025,,dctctwsjvrck5r6q08o0intas,Gianluca Manganiello,US Sassuolo Calcio,AS Roma,A. Laurienté,0,0,0,1,0,0,0,0,1,0,0,0,0,0,0
77,26 Oct 2025,,dctctwsjvrck5r6q08o0intas,Gianluca Manganiello,US Sassuolo Calcio,AS Roma,Wesley,0,1,1,1,1,5,0,0,42,0,0,3,1,6,0
77,26 Oct 2025,,dctctwsjvrck5r6q08o0intas,Gianluca Manganiello,US Sassuolo Calcio,AS Roma,G. Mancini,0,0,0,1,3,0,0,0,59,0,0,0,0,2,1
77,26 Oct 2025,,dctctwsjvrck5r6q08o0intas,Gianluca Manganiello,US Sassuolo Calcio,AS Roma,M. Koné,0,0,0,0,1,3,0,0,48,0,0,0,0,0,0
77,26 Oct 2025,,dctctwsjvrck5r6q08o0intas,Gianluca Manganiello,US Sassuolo Calcio,AS Roma,P. Dybala,0,0,1,3,2,1,1,0,28,0,0,2,1,0,0
77,26 Oct 2025,,dctctwsjvrck5r6q08o0intas,Gianluca Manganiello,US Sassuolo Calcio,AS Roma,Z. Çelik,0,0,1,1,0,1,0,0,37,0,0,2,1,0,0
77,26 Oct 2025,,dctctwsjvrck5r6q08o0intas,Gianluca Manganiello,US Sassuolo Calcio,AS Roma,E. Ndicka,0,0,0,0,0,0,0,0,67,0,0,0,0,1,0
77,26 Oct 2025,,dctctwsjvrck5r6q08o0intas,Gianluca Manganiello,US Sassuolo Calcio,AS Roma,N. El Aynaoui,0,0,0,0,2,0,0,0,41,0,0,1,1,3,0
77,26 Oct 2025,,dctctwsjvrck5r6q08o0intas,Gianluca Manganiello,US Sassuolo Calcio,AS Roma,M. Svilar,0,0,0,0,0,0,0,0,29,0,1,0,0,0,0
77,26 Oct 2025,,dctctwsjvrck5r6q08o0intas,Gianluca Manganiello,US Sassuolo Calcio,AS Roma,L. Bailey,0,0,0,2,1,1,0,0,9,0,0,0,0,0,0
77,26 Oct 2025,,dctctwsjvrck5r6q08o0intas,Gianluca Manganiello,US Sassuolo Calcio,AS Roma,K. Tsimikas,0,0,0,2,0,1,0,0,14,0,0,1,0,1,0
77,26 Oct 2025,,dctctwsjvrck5r6q08o0intas,Gianluca Manganiello,US Sassuolo Calcio,AS Roma,B. Cristante,0,0,0,0,2,1,0,0,36,0,0,3,2,1,0
77,26 Oct 2025,,dctctwsjvrck5r6q08o0intas,Gianluca Manganiello,US Sassuolo Calcio,AS Roma,Hermoso,0,0,0,0,3,0,0,0,34,0,0,0,0,0,1
77,26 Oct 2025,,dctctwsjvrck5r6q08o0intas,Gianluca Manganiello,US Sassuolo Calcio,AS Roma,A. Dovbyk,0,0,1,0,1,0,0,1,8,0,0,0,0,0,0
77,26 Oct 2025,,dctctwsjvrck5r6q08o0intas,Gianluca Manganiello,US Sassuolo Calcio,AS Roma,M. Soulé,0,0,1,2,0,3,0,0,11,0,0,0,0,0,0
77,26 Oct 2025,,dctctwsjvrck5r6q08o0intas,Gianluca Manganiello,US Sassuolo Calcio,AS Roma,L. Pellegrini,0,0,2,3,0,1,0,0,17,0,0,3,2,0,0
77,26 Oct 2025,,dctctwsjvrck5r6q08o0intas,Gianluca Manganiello,US Sassuolo Calcio,AS Roma,D. Rensch,0,0,0,0,0,0,0,0,3,0,0,0,0,0,0
78,26 Oct 2025,,dd7pxcuki8noxhspqtl0pdbtg,Kevin Bonacina,Torino FC,Genoa CFC,K. Asllani,0,1,1,3,0,2,0,0,49,0,0,1,0,1,0
78,26 Oct 2025,,dd7pxcuki8noxhspqtl0pdbtg,Kevin Bonacina,Torino FC,Genoa CFC,A. Paleari,0,0,0,0,0,0,0,0,28,0,2,0,0,0,0
78,26 Oct 2025,,dd7pxcuki8noxhspqtl0pdbtg,Kevin Bonacina,Torino FC,Genoa CFC,N. Vlašić,0,0,0,0,1,0,0,1,34,0,0,0,0,1,1
78,26 Oct 2025,,dd7pxcuki8noxhspqtl0pdbtg,Kevin Bonacina,Torino FC,Genoa CFC,C. Biraghi,0,0,0,6,0,1,0,0,26,0,0,0,0,2,0
78,26 Oct 2025,,dd7pxcuki8noxhspqtl0pdbtg,Kevin Bonacina,Torino FC,Genoa CFC,Saúl Coco,0,1,0,0,0,2,0,0,60,0,0,2,0,1,0
78,26 Oct 2025,,dd7pxcuki8noxhspqtl0pdbtg,Kevin Bonacina,Torino FC,Genoa CFC,G. Simeone,0,0,0,0,2,2,0,0,16,0,0,1,0,1,0
78,26 Oct 2025,,dd7pxcuki8noxhspqtl0pdbtg,Kevin Bonacina,Torino FC,Genoa CFC,C. Casadei,0,0,1,0,4,0,0,0,41,0,0,2,1,0,1
78,26 Oct 2025,,dd7pxcuki8noxhspqtl0pdbtg,Kevin Bonacina,Torino FC,Genoa CFC,A. Tamèze,0,0,0,1,1,1,0,0,54,0,0,0,0,2,0
78,26 Oct 2025,,dd7pxcuki8noxhspqtl0pdbtg,Kevin Bonacina,Torino FC,Genoa CFC,M. Pedersen,0,0,3,13,2,0,0,0,41,0,0,0,0,0,0
78,26 Oct 2025,,dd7pxcuki8noxhspqtl0pdbtg,Kevin Bonacina,Torino FC,Genoa CFC,G. Maripán,0,0,0,0,2,0,1,0,66,0,0,3,3,3,0
78,26 Oct 2025,,dd7pxcuki8noxhspqtl0pdbtg,Kevin Bonacina,Torino FC,Genoa CFC,C. Adams,0,0,2,1,1,0,0,0,22,0,0,0,0,0,0
78,26 Oct 2025,,dd7pxcuki8noxhspqtl0pdbtg,Kevin Bonacina,Torino FC,Genoa CFC,C. Ngonge,0,0,1,0,0,0,0,0,16,0,0,2,2,2,0
78,26 Oct 2025,,dd7pxcuki8noxhspqtl0pdbtg,Kevin Bonacina,Torino FC,Genoa CFC,V. Lazaro,1,1,1,6,0,0,0,0,11,0,0,1,0,1,0
78,26 Oct 2025,,dd7pxcuki8noxhspqtl0pdbtg,Kevin Bonacina,Torino FC,Genoa CFC,A. Ismajli,0,0,0,0,0,0,0,0,7,0,0,0,0,2,0
78,26 Oct 2025,,dd7pxcuki8noxhspqtl0pdbtg,Kevin Bonacina,Torino FC,Genoa CFC,G. Gineitis,0,0,0,3,1,1,0,0,11,0,0,0,0,0,0
78,26 Oct 2025,,dd7pxcuki8noxhspqtl0pdbtg,Kevin Bonacina,Torino FC,Genoa CFC,D. Zapata,0,1,0,0,0,0,0,0,2,0,0,1,0,0,0
78,26 Oct 2025,,dd7pxcuki8noxhspqtl0pdbtg,Kevin Bonacina,Torino FC,Genoa CFC,R. Malinovskyi,0,0,0,0,0,1,0,0,47,0,0,2,0,0,0
78,26 Oct 2025,,dd7pxcuki8noxhspqtl0pdbtg,Kevin Bonacina,Torino FC,Genoa CFC,M. Frendrup,0,0,0,0,2,0,0,0,29,0,0,0,0,0,1
78,26 Oct 2025,,dd7pxcuki8noxhspqtl0pdbtg,Kevin Bonacina,Torino FC,Genoa CFC,P. Masini,0,0,0,1,0,4,0,0,27,0,0,0,0,4,0
78,26 Oct 2025,,dd7pxcuki8noxhspqtl0pdbtg,Kevin Bonacina,Torino FC,Genoa CFC,M. Thorsby,0,1,0,1,0,0,1,0,24,0,0,3,1,0,0
78,26 Oct 2025,,dd7pxcuki8noxhspqtl0pdbtg,Kevin Bonacina,Torino FC,Genoa CFC,B. Norton-Cuffy,0,0,0,7,2,1,0,0,21,0,0,0,0,0,0
78,26 Oct 2025,,dd7pxcuki8noxhspqtl0pdbtg,Kevin Bonacina,Torino FC,Genoa CFC,S. Sabelli,0,0,0,2,1,2,0,0,40,0,0,0,0,3,0
78,26 Oct 2025,,dd7pxcuki8noxhspqtl0pdbtg,Kevin Bonacina,Torino FC,Genoa CFC,L. Østigård,0,0,0,0,1,1,0,0,41,0,0,0,0,2,0
78,26 Oct 2025,,dd7pxcuki8noxhspqtl0pdbtg,Kevin Bonacina,Torino FC,Genoa CFC,J. Vásquez,0,0,0,0,0,0,0,0,40,0,0,0,0,2,0
78,26 Oct 2025,,dd7pxcuki8noxhspqtl0pdbtg,Kevin Bonacina,Torino FC,Genoa CFC,M. Ellertsson,0,1,0,0,0,1,0,0,19,0,0,1,0,2,0
78,26 Oct 2025,,dd7pxcuki8noxhspqtl0pdbtg,Kevin Bonacina,Torino FC,Genoa CFC,N. Leali,0,0,0,0,0,0,0,0,25,0,5,0,0,0,0
78,26 Oct 2025,,dd7pxcuki8noxhspqtl0pdbtg,Kevin Bonacina,Torino FC,Genoa CFC,J. Ekhator,0,1,0,0,1,1,0,0,10,0,0,2,0,0,1
78,26 Oct 2025,,dd7pxcuki8noxhspqtl0pdbtg,Kevin Bonacina,Torino FC,Genoa CFC,C. Ekuban,0,0,0,0,0,0,0,0,7,0,0,1,1,0,0
78,26 Oct 2025,,dd7pxcuki8noxhspqtl0pdbtg,Kevin Bonacina,Torino FC,Genoa CFC,M. Cornet,0,0,1,0,0,0,0,0,6,0,0,1,1,0,0
78,26 Oct 2025,,dd7pxcuki8noxhspqtl0pdbtg,Kevin Bonacina,Torino FC,Genoa CFC,J. Onana,0,0,0,0,2,0,0,0,7,0,0,0,0,0,0
78,26 Oct 2025,,dd7pxcuki8noxhspqtl0pdbtg,Kevin Bonacina,Torino FC,Genoa CFC,L. Colombo,0,0,0,0,0,0,0,0,0,0,0,1,0,1,0
78,26 Oct 2025,,dd7pxcuki8noxhspqtl0pdbtg,Kevin Bonacina,Torino FC,Genoa CFC,Vítinha,0,0,0,4,0,2,0,0,1,0,0,0,0,0,0
79,25 Oct 2025,,ddlym8mubvauwp515wqsyazv8,Ermanno Feliciani,Udinese Calcio,US Lecce,H. Kamara,0,0,2,5,0,2,0,0,42,0,0,0,0,6,0
79,25 Oct 2025,,ddlym8mubvauwp515wqsyazv8,Ermanno Feliciani,Udinese Calcio,US Lecce,A. Atta,2,0,1,4,3,0,0,0,32,0,0,0,0,3,0
79,25 Oct 2025,,ddlym8mubvauwp515wqsyazv8,Ermanno Feliciani,Udinese Calcio,US Lecce,N. Zaniolo,0,0,0,1,1,1,0,0,16,0,0,1,0,5,0
79,25 Oct 2025,,ddlym8mubvauwp515wqsyazv8,Ermanno Feliciani,Udinese Calcio,US Lecce,J. Karlström,0,0,0,0,0,2,1,0,46,0,0,1,1,1,0
79,25 Oct 2025,,ddlym8mubvauwp515wqsyazv8,Ermanno Feliciani,Udinese Calcio,US Lecce,K. Davis,0,1,1,1,3,1,1,0,5,0,0,3,2,1,1
79,25 Oct 2025,,ddlym8mubvauwp515wqsyazv8,Ermanno Feliciani,Udinese Calcio,US Lecce,O. Solet,0,1,0,0,0,1,0,0,37,0,0,1,0,0,0
79,25 Oct 2025,,ddlym8mubvauwp515wqsyazv8,Ermanno Feliciani,Udinese Calcio,US Lecce,C. Kabasele,0,0,0,0,0,2,0,0,29,0,0,0,0,0,0
79,25 Oct 2025,,ddlym8mubvauwp515wqsyazv8,Ermanno Feliciani,Udinese Calcio,US Lecce,A. Zanoli,0,0,0,3,2,0,0,0,20,0,0,0,0,3,0
79,25 Oct 2025,,ddlym8mubvauwp515wqsyazv8,Ermanno Feliciani,Udinese Calcio,US Lecce,J. Ekkelenkamp,0,0,0,1,1,0,0,0,20,0,0,0,0,5,0
79,25 Oct 2025,,ddlym8mubvauwp515wqsyazv8,Ermanno Feliciani,Udinese Calcio,US Lecce,S. Goglichidze,0,0,0,0,1,0,0,0,27,0,0,0,0,4,0
79,25 Oct 2025,,ddlym8mubvauwp515wqsyazv8,Ermanno Feliciani,Udinese Calcio,US Lecce,M. Okoye,0,0,0,0,0,0,0,0,39,0,1,0,0,0,0
79,25 Oct 2025,,ddlym8mubvauwp515wqsyazv8,Ermanno Feliciani,Udinese Calcio,US Lecce,A. Buksa,0,0,0,0,0,0,1,1,11,0,0,1,1,0,1
79,25 Oct 2025,,ddlym8mubvauwp515wqsyazv8,Ermanno Feliciani,Udinese Calcio,US Lecce,V. Bayo,1,0,0,0,0,1,0,0,10,0,0,1,0,0,0
79,25 Oct 2025,,ddlym8mubvauwp515wqsyazv8,Ermanno Feliciani,Udinese Calcio,US Lecce,N. Bertola,0,0,0,0,0,1,0,0,11,0,0,0,0,2,0
79,25 Oct 2025,,ddlym8mubvauwp515wqsyazv8,Ermanno Feliciani,Udinese Calcio,US Lecce,J. Piotrowski,0,0,0,0,1,0,0,0,7,0,0,0,0,0,0
79,25 Oct 2025,,ddlym8mubvauwp515wqsyazv8,Ermanno Feliciani,Udinese Calcio,US Lecce,K. Ehizibue,0,0,0,0,0,1,0,0,2,0,0,0,0,0,0
79,25 Oct 2025,,ddlym8mubvauwp515wqsyazv8,Ermanno Feliciani,Udinese Calcio,US Lecce,Y. Ramadani,0,1,2,1,1,1,0,0,47,0,0,1,0,5,0
79,25 Oct 2025,,ddlym8mubvauwp515wqsyazv8,Ermanno Feliciani,Udinese Calcio,US Lecce,W. Falcone,0,0,0,0,0,0,0,0,20,0,1,0,0,0,0
79,25 Oct 2025,,ddlym8mubvauwp515wqsyazv8,Ermanno Feliciani,Udinese Calcio,US Lecce,N. Štulić,0,0,0,0,2,0,0,0,11,0,0,1,0,0,1
79,25 Oct 2025,,ddlym8mubvauwp515wqsyazv8,Ermanno Feliciani,Udinese Calcio,US Lecce,Danilo Veiga,0,0,2,5,0,3,0,0,44,0,0,0,0,2,0
79,25 Oct 2025,,ddlym8mubvauwp515wqsyazv8,Ermanno Feliciani,Udinese Calcio,US Lecce,Þ. Helgason,0,0,0,0,0,0,0,0,8,0,0,0,0,0,0
79,25 Oct 2025,,ddlym8mubvauwp515wqsyazv8,Ermanno Feliciani,Udinese Calcio,US Lecce,A. Gallo,0,0,1,4,0,1,0,0,55,0,0,0,0,1,0
79,25 Oct 2025,,ddlym8mubvauwp515wqsyazv8,Ermanno Feliciani,Udinese Calcio,US Lecce,M. Berisha,0,1,2,5,0,0,1,0,43,0,0,4,1,3,0
79,25 Oct 2025,,ddlym8mubvauwp515wqsyazv8,Ermanno Feliciani,Udinese Calcio,US Lecce,Tete Morente,0,0,0,2,0,0,0,0,13,0,0,0,0,2,0
79,25 Oct 2025,,ddlym8mubvauwp515wqsyazv8,Ermanno Feliciani,Udinese Calcio,US Lecce,Tiago Gabriel,0,0,0,0,1,1,0,0,65,0,0,1,0,2,0
79,25 Oct 2025,,ddlym8mubvauwp515wqsyazv8,Ermanno Feliciani,Udinese Calcio,US Lecce,Kialonda Gaspar,0,0,0,0,1,2,0,0,63,0,0,0,0,3,1
79,25 Oct 2025,,ddlym8mubvauwp515wqsyazv8,Ermanno Feliciani,Udinese Calcio,US Lecce,S. Pierotti,0,1,1,1,3,0,0,0,25,0,0,3,0,3,0
79,25 Oct 2025,,ddlym8mubvauwp515wqsyazv8,Ermanno Feliciani,Udinese Calcio,US Lecce,L. Banda,0,0,0,4,2,3,0,0,17,0,0,0,0,1,0
79,25 Oct 2025,,ddlym8mubvauwp515wqsyazv8,Ermanno Feliciani,Udinese Calcio,US Lecce,K. N’Dri,0,0,0,0,0,0,1,0,15,0,0,2,1,3,0
79,25 Oct 2025,,ddlym8mubvauwp515wqsyazv8,Ermanno Feliciani,Udinese Calcio,US Lecce,F. Camarda,0,0,0,0,0,0,0,0,3,0,0,0,0,0,0
79,25 Oct 2025,,ddlym8mubvauwp515wqsyazv8,Ermanno Feliciani,Udinese Calcio,US Lecce,Y. Maleh,0,0,0,1,1,0,0,0,7,0,0,0,0,0,0
79,25 Oct 2025,,ddlym8mubvauwp515wqsyazv8,Ermanno Feliciani,Udinese Calcio,US Lecce,Álex Sala,1,0,1,0,1,0,0,0,5,0,0,1,1,1,0
80,26 Oct 2025,,de0f2p1wl2iw9w068jdvh2bys,Federico Dionisi,Hellas Verona FC,Cagliari Calcio,G. Orban,0,1,0,0,1,1,1,1,12,0,0,3,2,0,0
80,26 Oct 2025,,de0f2p1wl2iw9w068jdvh2bys,Federico Dionisi,Hellas Verona FC,Cagliari Calcio,Unai Núñez,0,0,0,0,0,1,0,0,7,0,0,0,0,0,0
80,26 Oct 2025,,de0f2p1wl2iw9w068jdvh2bys,Federico Dionisi,Hellas Verona FC,Cagliari Calcio,N. Valentini,0,0,0,1,2,1,0,0,25,0,0,1,1,1,0
80,26 Oct 2025,,de0f2p1wl2iw9w068jdvh2bys,Federico Dionisi,Hellas Verona FC,Cagliari Calcio,R. Gagliardini,0,0,0,0,2,0,1,0,52,0,0,1,1,3,1
80,26 Oct 2025,,de0f2p1wl2iw9w068jdvh2bys,Federico Dionisi,Hellas Verona FC,Cagliari Calcio,V. Nelsson,0,0,0,0,3,1,0,0,33,0,0,0,0,1,1
80,26 Oct 2025,,de0f2p1wl2iw9w068jdvh2bys,Federico Dionisi,Hellas Verona FC,Cagliari Calcio,L. Montipò,0,0,0,0,0,1,0,0,28,0,1,0,0,0,0
80,26 Oct 2025,,de0f2p1wl2iw9w068jdvh2bys,Federico Dionisi,Hellas Verona FC,Cagliari Calcio,J. Akpa Akpro,0,0,0,0,2,0,0,0,14,0,0,0,0,5,1
80,26 Oct 2025,,de0f2p1wl2iw9w068jdvh2bys,Federico Dionisi,Hellas Verona FC,Cagliari Calcio,R. Belghali,0,0,0,0,0,0,0,0,29,0,0,0,0,0,0
80,26 Oct 2025,,de0f2p1wl2iw9w068jdvh2bys,Federico Dionisi,Hellas Verona FC,Cagliari Calcio,Giovane,2,1,2,6,1,2,0,0,29,0,0,3,1,0,0
80,26 Oct 2025,,de0f2p1wl2iw9w068jdvh2bys,Federico Dionisi,Hellas Verona FC,Cagliari Calcio,D. Bradarić,0,0,0,1,1,0,0,0,20,0,0,0,0,2,0
80,26 Oct 2025,,de0f2p1wl2iw9w068jdvh2bys,Federico Dionisi,Hellas Verona FC,Cagliari Calcio,S. Serdar,0,1,0,0,3,2,0,0,27,0,0,2,1,0,0
80,26 Oct 2025,,de0f2p1wl2iw9w068jdvh2bys,Federico Dionisi,Hellas Verona FC,Cagliari Calcio,A. Bella-Kotchap,0,0,0,0,1,0,0,0,28,0,0,0,0,1,0
80,26 Oct 2025,,de0f2p1wl2iw9w068jdvh2bys,Federico Dionisi,Hellas Verona FC,Cagliari Calcio,A. Bernede,0,0,0,1,0,0,0,0,25,0,0,0,0,2,0
80,26 Oct 2025,,de0f2p1wl2iw9w068jdvh2bys,Federico Dionisi,Hellas Verona FC,Cagliari Calcio,F. Cham,0,0,1,1,0,2,0,0,9,0,0,0,0,3,0
80,26 Oct 2025,,de0f2p1wl2iw9w068jdvh2bys,Federico Dionisi,Hellas Verona FC,Cagliari Calcio,A. Sarr,0,0,0,0,0,0,0,0,13,0,0,0,0,0,0
80,26 Oct 2025,,de0f2p1wl2iw9w068jdvh2bys,Federico Dionisi,Hellas Verona FC,Cagliari Calcio,A. Harroui,0,0,0,2,0,0,0,0,4,0,0,0,0,2,0
80,26 Oct 2025,,de0f2p1wl2iw9w068jdvh2bys,Federico Dionisi,Hellas Verona FC,Cagliari Calcio,G. Zappa,0,0,0,1,0,1,0,0,115,0,0,0,0,2,0
80,26 Oct 2025,,de0f2p1wl2iw9w068jdvh2bys,Federico Dionisi,Hellas Verona FC,Cagliari Calcio,M. Folorunsho,0,0,0,0,1,2,0,2,31,0,0,0,0,0,0
80,26 Oct 2025,,de0f2p1wl2iw9w068jdvh2bys,Federico Dionisi,Hellas Verona FC,Cagliari Calcio,G. Borrelli,0,0,0,0,2,4,0,0,14,0,0,1,0,1,1
80,26 Oct 2025,,de0f2p1wl2iw9w068jdvh2bys,Federico Dionisi,Hellas Verona FC,Cagliari Calcio,A. Obert,1,0,0,0,2,0,0,0,77,0,0,0,0,3,1
80,26 Oct 2025,,de0f2p1wl2iw9w068jdvh2bys,Federico Dionisi,Hellas Verona FC,Cagliari Calcio,J. Liteta,0,0,0,0,0,0,0,0,31,0,0,0,0,0,0
80,26 Oct 2025,,de0f2p1wl2iw9w068jdvh2bys,Federico Dionisi,Hellas Verona FC,Cagliari Calcio,M. Prati,0,1,0,0,0,0,0,0,40,0,0,1,0,0,0
80,26 Oct 2025,,de0f2p1wl2iw9w068jdvh2bys,Federico Dionisi,Hellas Verona FC,Cagliari Calcio,R. Idrissi,0,0,0,3,0,0,1,0,38,0,0,1,1,1,0
80,26 Oct 2025,,de0f2p1wl2iw9w068jdvh2bys,Federico Dionisi,Hellas Verona FC,Cagliari Calcio,Zé Pedro,0,0,0,0,1,2,0,0,103,0,0,0,0,2,0
80,26 Oct 2025,,de0f2p1wl2iw9w068jdvh2bys,Federico Dionisi,Hellas Verona FC,Cagliari Calcio,G. Gaetano,0,0,1,3,1,4,0,0,37,0,0,2,1,1,0
80,26 Oct 2025,,de0f2p1wl2iw9w068jdvh2bys,Federico Dionisi,Hellas Verona FC,Cagliari Calcio,M. Palestra,0,0,0,2,1,2,0,0,28,0,0,0,0,2,0
80,26 Oct 2025,,de0f2p1wl2iw9w068jdvh2bys,Federico Dionisi,Hellas Verona FC,Cagliari Calcio,E. Caprile,0,0,0,0,0,0,0,0,24,0,4,0,0,0,0
80,26 Oct 2025,,de0f2p1wl2iw9w068jdvh2bys,Federico Dionisi,Hellas Verona FC,Cagliari Calcio,M. Adopo,0,1,1,0,0,0,0,0,30,0,0,1,0,0,0
80,26 Oct 2025,,de0f2p1wl2iw9w068jdvh2bys,Federico Dionisi,Hellas Verona FC,Cagliari Calcio,L. Pavoletti,1,0,0,0,2,0,0,1,9,0,0,0,0,0,1
80,26 Oct 2025,,de0f2p1wl2iw9w068jdvh2bys,Federico Dionisi,Hellas Verona FC,Cagliari Calcio,Zito Luvumbo,0,0,0,0,0,1,0,0,5,0,0,0,0,0,0
80,26 Oct 2025,,de0f2p1wl2iw9w068jdvh2bys,Federico Dionisi,Hellas Verona FC,Cagliari Calcio,M. Felici,0,0,0,1,1,0,1,0,7,0,0,1,1,0,0
80,26 Oct 2025,,de0f2p1wl2iw9w068jdvh2bys,Federico Dionisi,Hellas Verona FC,Cagliari Calcio,L. Mazzitelli,0,0,0,0,1,0,0,0,10,0,0,0,0,0,1
81,28 Oct 2025,,deepiitjyl9oygsb0t61th8gk,Daniele Doveri,Atalanta Bergamasca Calcio,AC Milan,O. Kossounou,0,0,0,0,1,0,0,0,52,0,0,0,0,0,0
81,28 Oct 2025,,deepiitjyl9oygsb0t61th8gk,Daniele Doveri,Atalanta Bergamasca Calcio,AC Milan,L. Bernasconi,0,2,1,7,0,0,0,0,27,0,0,2,0,0,0
81,28 Oct 2025,,deepiitjyl9oygsb0t61th8gk,Daniele Doveri,Atalanta Bergamasca Calcio,AC Milan,I. Hien,0,0,0,0,2,0,0,0,53,0,0,2,0,0,0
81,28 Oct 2025,,deepiitjyl9oygsb0t61th8gk,Daniele Doveri,Atalanta Bergamasca Calcio,AC Milan,Éderson,0,1,0,1,1,1,0,0,66,0,0,2,1,2,0
81,28 Oct 2025,,deepiitjyl9oygsb0t61th8gk,Daniele Doveri,Atalanta Bergamasca Calcio,AC Milan,M. Pašalić,1,0,0,1,1,1,0,0,50,0,0,0,0,1,0
81,28 Oct 2025,,deepiitjyl9oygsb0t61th8gk,Daniele Doveri,Atalanta Bergamasca Calcio,AC Milan,D. Zappacosta,0,1,2,3,0,0,0,0,64,0,0,4,1,0,0
81,28 Oct 2025,,deepiitjyl9oygsb0t61th8gk,Daniele Doveri,Atalanta Bergamasca Calcio,AC Milan,M. de Roon,0,0,0,0,0,0,0,0,23,0,0,1,0,1,0
81,28 Oct 2025,,deepiitjyl9oygsb0t61th8gk,Daniele Doveri,Atalanta Bergamasca Calcio,AC Milan,A. Lookman,0,1,3,1,2,2,1,0,25,0,0,2,1,1,0
81,28 Oct 2025,,deepiitjyl9oygsb0t61th8gk,Daniele Doveri,Atalanta Bergamasca Calcio,AC Milan,C. De Ketelaere,0,0,1,3,0,3,0,0,26,0,0,0,0,0,0
81,28 Oct 2025,,deepiitjyl9oygsb0t61th8gk,Daniele Doveri,Atalanta Bergamasca Calcio,AC Milan,H. Ahanor,0,0,0,0,0,1,0,0,25,0,0,3,0,1,0
81,28 Oct 2025,,deepiitjyl9oygsb0t61th8gk,Daniele Doveri,Atalanta Bergamasca Calcio,AC Milan,Marco Carnesecchi,0,0,0,0,0,0,0,0,22,0,0,0,0,0,0
81,28 Oct 2025,,deepiitjyl9oygsb0t61th8gk,Daniele Doveri,Atalanta Bergamasca Calcio,AC Milan,M. Brescianini,0,0,0,3,1,0,0,0,36,0,0,0,0,4,1
81,28 Oct 2025,,deepiitjyl9oygsb0t61th8gk,Daniele Doveri,Atalanta Bergamasca Calcio,AC Milan,B. Djimsiti,0,0,0,0,0,0,0,0,20,0,0,0,0,0,0
81,28 Oct 2025,,deepiitjyl9oygsb0t61th8gk,Daniele Doveri,Atalanta Bergamasca Calcio,AC Milan,R. Bellanova,0,0,0,2,0,0,0,0,11,0,0,0,0,0,0
81,28 Oct 2025,,deepiitjyl9oygsb0t61th8gk,Daniele Doveri,Atalanta Bergamasca Calcio,AC Milan,L. Samardžić,0,0,1,4,1,0,0,0,4,0,0,0,0,0,0
81,28 Oct 2025,,deepiitjyl9oygsb0t61th8gk,Daniele Doveri,Atalanta Bergamasca Calcio,AC Milan,Y. Musah,0,1,1,0,0,0,0,0,5,0,0,1,0,0,0
81,28 Oct 2025,,deepiitjyl9oygsb0t61th8gk,Daniele Doveri,Atalanta Bergamasca Calcio,AC Milan,L. Modrić,0,0,1,3,1,1,0,0,48,0,0,0,0,2,1
81,28 Oct 2025,,deepiitjyl9oygsb0t61th8gk,Daniele Doveri,Atalanta Bergamasca Calcio,AC Milan,M. Gabbia,0,0,0,0,1,0,0,0,48,0,0,0,0,1,1
81,28 Oct 2025,,deepiitjyl9oygsb0t61th8gk,Daniele Doveri,Atalanta Bergamasca Calcio,AC Milan,D. Bartesaghi,0,0,0,5,1,0,0,0,24,0,0,0,0,1,0
81,28 Oct 2025,,deepiitjyl9oygsb0t61th8gk,Daniele Doveri,Atalanta Bergamasca Calcio,AC Milan,S. Ricci,0,0,1,1,1,1,1,0,38,0,0,1,1,0,0
81,28 Oct 2025,,deepiitjyl9oygsb0t61th8gk,Daniele Doveri,Atalanta Bergamasca Calcio,AC Milan,S. Pavlović,0,0,0,0,1,0,0,0,42,0,0,0,0,4,0
81,28 Oct 2025,,deepiitjyl9oygsb0t61th8gk,Daniele Doveri,Atalanta Bergamasca Calcio,AC Milan,F. Tomori,0,0,0,1,1,0,0,0,47,0,0,0,0,1,0
81,28 Oct 2025,,deepiitjyl9oygsb0t61th8gk,Daniele Doveri,Atalanta Bergamasca Calcio,AC Milan,S. Giménez,0,0,0,0,1,1,0,1,15,0,0,1,0,0,1
81,28 Oct 2025,,deepiitjyl9oygsb0t61th8gk,Daniele Doveri,Atalanta Bergamasca Calcio,AC Milan,A. Saelemaekers,0,1,1,1,1,2,0,0,36,0,0,1,0,3,0
81,28 Oct 2025,,deepiitjyl9oygsb0t61th8gk,Daniele Doveri,Atalanta Bergamasca Calcio,AC Milan,Y. Fofana,0,1,0,0,0,1,0,0,30,0,0,2,0,3,0
81,28 Oct 2025,,deepiitjyl9oygsb0t61th8gk,Daniele Doveri,Atalanta Bergamasca Calcio,AC Milan,M. Maignan,0,0,0,0,0,1,0,0,43,0,2,0,0,0,0
81,28 Oct 2025,,deepiitjyl9oygsb0t61th8gk,Daniele Doveri,Atalanta Bergamasca Calcio,AC Milan,Rafael Leão,0,0,0,0,0,1,0,0,7,0,0,0,0,0,0
81,28 Oct 2025,,deepiitjyl9oygsb0t61th8gk,Daniele Doveri,Atalanta Bergamasca Calcio,AC Milan,C. Nkunku,0,0,0,1,0,0,0,0,17,0,0,0,0,0,0
81,28 Oct 2025,,deepiitjyl9oygsb0t61th8gk,Daniele Doveri,Atalanta Bergamasca Calcio,AC Milan,R. Loftus-Cheek,0,1,1,0,0,1,0,0,11,0,0,1,0,0,0
81,28 Oct 2025,,deepiitjyl9oygsb0t61th8gk,Daniele Doveri,Atalanta Bergamasca Calcio,AC Milan,Z. Athekame,0,0,0,0,0,0,0,0,1,0,0,0,0,0,0
82,29 Oct 2025,,det3s3pww7gsva0v1edvi37dg,Giovanni Ayroldi,Bologna FC 1909,Torino FC,N. Moro,0,0,0,3,2,3,0,0,88,0,0,0,0,1,0
82,29 Oct 2025,,det3s3pww7gsva0v1edvi37dg,Giovanni Ayroldi,Bologna FC 1909,Torino FC,Ł. Skorupski,0,0,0,0,0,0,0,0,41,0,2,0,0,0,0
82,29 Oct 2025,,det3s3pww7gsva0v1edvi37dg,Giovanni Ayroldi,Bologna FC 1909,Torino FC,F. Bernardeschi,0,0,1,2,1,2,0,0,41,0,0,2,1,1,0
82,29 Oct 2025,,det3s3pww7gsva0v1edvi37dg,Giovanni Ayroldi,Bologna FC 1909,Torino FC,L. Ferguson,0,0,0,0,0,2,0,0,74,0,0,0,0,1,0
82,29 Oct 2025,,det3s3pww7gsva0v1edvi37dg,Giovanni Ayroldi,Bologna FC 1909,Torino FC,N. Zortea,0,0,0,2,1,2,0,0,58,0,0,2,0,1,0
82,29 Oct 2025,,det3s3pww7gsva0v1edvi37dg,Giovanni Ayroldi,Bologna FC 1909,Torino FC,C. Lykogiannis,0,1,2,11,2,0,0,0,72,0,0,3,1,2,1
82,29 Oct 2025,,det3s3pww7gsva0v1edvi37dg,Giovanni Ayroldi,Bologna FC 1909,Torino FC,M. Vitík,0,0,0,1,1,2,0,0,72,0,0,1,0,1,0
82,29 Oct 2025,,det3s3pww7gsva0v1edvi37dg,Giovanni Ayroldi,Bologna FC 1909,Torino FC,J. Lucumí,0,0,0,0,0,1,0,0,100,0,0,0,0,1,0
82,29 Oct 2025,,det3s3pww7gsva0v1edvi37dg,Giovanni Ayroldi,Bologna FC 1909,Torino FC,N. Cambiaghi,0,0,0,2,0,3,0,0,28,0,0,1,0,0,0
82,29 Oct 2025,,det3s3pww7gsva0v1edvi37dg,Giovanni Ayroldi,Bologna FC 1909,Torino FC,T. Dallinga,0,0,0,0,0,1,0,0,13,0,0,0,0,1,0
82,29 Oct 2025,,det3s3pww7gsva0v1edvi37dg,Giovanni Ayroldi,Bologna FC 1909,Torino FC,J. Odgaard,0,0,0,0,2,1,0,0,17,0,0,0,0,2,1
82,29 Oct 2025,,det3s3pww7gsva0v1edvi37dg,Giovanni Ayroldi,Bologna FC 1909,Torino FC,S. Castro,0,1,0,0,0,1,0,0,8,0,0,1,0,1,0
82,29 Oct 2025,,det3s3pww7gsva0v1edvi37dg,Giovanni Ayroldi,Bologna FC 1909,Torino FC,R. Orsolini,0,0,0,0,0,1,0,0,8,0,0,0,0,0,0
82,29 Oct 2025,,det3s3pww7gsva0v1edvi37dg,Giovanni Ayroldi,Bologna FC 1909,Torino FC,R. Freuler,0,0,0,0,1,0,0,0,16,0,0,0,0,3,0
82,29 Oct 2025,,det3s3pww7gsva0v1edvi37dg,Giovanni Ayroldi,Bologna FC 1909,Torino FC,B. Domínguez,0,0,0,0,0,1,0,0,4,0,0,1,0,3,0
82,29 Oct 2025,,det3s3pww7gsva0v1edvi37dg,Giovanni Ayroldi,Bologna FC 1909,Torino FC,G. Fabbian,0,0,0,0,1,0,0,0,1,0,0,0,0,0,0
82,29 Oct 2025,,det3s3pww7gsva0v1edvi37dg,Giovanni Ayroldi,Bologna FC 1909,Torino FC,A. Paleari,0,0,0,0,0,0,0,0,29,0,2,0,0,0,0
82,29 Oct 2025,,det3s3pww7gsva0v1edvi37dg,Giovanni Ayroldi,Bologna FC 1909,Torino FC,Saúl Coco,0,0,0,0,1,0,0,0,33,0,0,0,0,1,0
82,29 Oct 2025,,det3s3pww7gsva0v1edvi37dg,Giovanni Ayroldi,Bologna FC 1909,Torino FC,V. Lazaro,0,0,1,5,2,0,0,0,19,0,0,0,0,3,0
82,29 Oct 2025,,det3s3pww7gsva0v1edvi37dg,Giovanni Ayroldi,Bologna FC 1909,Torino FC,G. Gineitis,0,0,0,1,5,2,0,0,9,0,0,0,0,1,0
82,29 Oct 2025,,det3s3pww7gsva0v1edvi37dg,Giovanni Ayroldi,Bologna FC 1909,Torino FC,M. Pedersen,0,0,0,3,1,1,0,0,11,0,0,0,0,3,0
82,29 Oct 2025,,det3s3pww7gsva0v1edvi37dg,Giovanni Ayroldi,Bologna FC 1909,Torino FC,A. Tamèze,0,0,0,1,2,0,0,0,14,0,0,0,0,0,1
82,29 Oct 2025,,det3s3pww7gsva0v1edvi37dg,Giovanni Ayroldi,Bologna FC 1909,Torino FC,C. Casadei,0,2,1,0,3,0,0,0,29,0,0,3,0,5,0
82,29 Oct 2025,,det3s3pww7gsva0v1edvi37dg,Giovanni Ayroldi,Bologna FC 1909,Torino FC,I. Ilić,0,0,0,0,2,1,0,0,26,0,0,0,0,0,1
82,29 Oct 2025,,det3s3pww7gsva0v1edvi37dg,Giovanni Ayroldi,Bologna FC 1909,Torino FC,C. Adams,0,0,0,0,0,0,0,1,8,0,0,1,0,0,0
82,29 Oct 2025,,det3s3pww7gsva0v1edvi37dg,Giovanni Ayroldi,Bologna FC 1909,Torino FC,C. Ngonge,0,0,1,0,0,2,0,1,16,0,0,1,0,0,0
82,29 Oct 2025,,det3s3pww7gsva0v1edvi37dg,Giovanni Ayroldi,Bologna FC 1909,Torino FC,G. Maripán,0,0,0,0,0,0,0,0,23,0,0,1,1,3,0
82,29 Oct 2025,,det3s3pww7gsva0v1edvi37dg,Giovanni Ayroldi,Bologna FC 1909,Torino FC,N. Vlašić,0,0,0,0,2,1,0,0,10,0,0,1,0,1,0
82,29 Oct 2025,,det3s3pww7gsva0v1edvi37dg,Giovanni Ayroldi,Bologna FC 1909,Torino FC,G. Simeone,0,0,0,0,1,2,0,0,7,0,0,1,1,0,0
82,29 Oct 2025,,det3s3pww7gsva0v1edvi37dg,Giovanni Ayroldi,Bologna FC 1909,Torino FC,A. Ismajli,0,0,0,1,1,1,0,0,14,0,0,0,0,1,1
82,29 Oct 2025,,det3s3pww7gsva0v1edvi37dg,Giovanni Ayroldi,Bologna FC 1909,Torino FC,K. Asllani,0,0,0,0,0,1,0,0,4,0,0,0,0,0,0
82,29 Oct 2025,,det3s3pww7gsva0v1edvi37dg,Giovanni Ayroldi,Bologna FC 1909,Torino FC,D. Zapata,0,0,0,0,0,0,0,0,2,0,0,0,0,0,0
83,30 Oct 2025,,df7pc4tsmi40f808ft7kkvvo4,Luca Pairetto,Cagliari Calcio,US Sassuolo Calcio,M. Folorunsho,0,0,0,1,1,3,0,0,16,0,0,0,0,2,1
83,30 Oct 2025,,df7pc4tsmi40f808ft7kkvvo4,Luca Pairetto,Cagliari Calcio,US Sassuolo Calcio,G. Zappa,0,0,0,1,0,0,0,0,37,0,0,1,0,0,0
83,30 Oct 2025,,df7pc4tsmi40f808ft7kkvvo4,Luca Pairetto,Cagliari Calcio,US Sassuolo Calcio,G. Borrelli,0,1,1,0,5,1,0,0,9,0,0,1,0,1,0
83,30 Oct 2025,,df7pc4tsmi40f808ft7kkvvo4,Luca Pairetto,Cagliari Calcio,US Sassuolo Calcio,M. Palestra,0,1,1,4,1,6,0,0,29,0,0,2,0,3,0
83,30 Oct 2025,,df7pc4tsmi40f808ft7kkvvo4,Luca Pairetto,Cagliari Calcio,US Sassuolo Calcio,M. Prati,0,1,0,4,1,0,0,0,40,0,0,1,0,1,0
83,30 Oct 2025,,df7pc4tsmi40f808ft7kkvvo4,Luca Pairetto,Cagliari Calcio,US Sassuolo Calcio,Zé Pedro,0,0,0,0,2,2,0,0,43,0,0,0,0,0,0
83,30 Oct 2025,,df7pc4tsmi40f808ft7kkvvo4,Luca Pairetto,Cagliari Calcio,US Sassuolo Calcio,A. Obert,0,0,0,0,3,2,0,0,48,0,0,0,0,1,1
83,30 Oct 2025,,df7pc4tsmi40f808ft7kkvvo4,Luca Pairetto,Cagliari Calcio,US Sassuolo Calcio,S. Esposito,0,1,1,1,2,0,1,1,17,0,0,2,1,2,0
83,30 Oct 2025,,df7pc4tsmi40f808ft7kkvvo4,Luca Pairetto,Cagliari Calcio,US Sassuolo Calcio,R. Idrissi,0,0,0,4,1,0,0,1,20,0,0,0,0,4,1
83,30 Oct 2025,,df7pc4tsmi40f808ft7kkvvo4,Luca Pairetto,Cagliari Calcio,US Sassuolo Calcio,M. Adopo,0,0,0,1,1,2,0,0,24,0,0,1,0,1,0
83,30 Oct 2025,,df7pc4tsmi40f808ft7kkvvo4,Luca Pairetto,Cagliari Calcio,US Sassuolo Calcio,E. Caprile,0,0,0,0,0,1,0,0,22,0,2,0,0,0,1
83,30 Oct 2025,,df7pc4tsmi40f808ft7kkvvo4,Luca Pairetto,Cagliari Calcio,US Sassuolo Calcio,G. Gaetano,0,0,0,0,0,0,0,0,11,0,0,0,0,2,0
83,30 Oct 2025,,df7pc4tsmi40f808ft7kkvvo4,Luca Pairetto,Cagliari Calcio,US Sassuolo Calcio,M. Felici,1,0,0,4,1,0,0,0,7,0,0,0,0,1,0
83,30 Oct 2025,,df7pc4tsmi40f808ft7kkvvo4,Luca Pairetto,Cagliari Calcio,US Sassuolo Calcio,L. Pavoletti,0,0,0,0,1,0,0,0,3,0,0,0,0,0,0
83,30 Oct 2025,,df7pc4tsmi40f808ft7kkvvo4,Luca Pairetto,Cagliari Calcio,US Sassuolo Calcio,L. Mazzitelli,0,0,0,0,1,0,0,0,8,0,0,0,0,0,0
83,30 Oct 2025,,df7pc4tsmi40f808ft7kkvvo4,Luca Pairetto,Cagliari Calcio,US Sassuolo Calcio,Zito Luvumbo,0,0,0,0,0,3,0,0,3,0,0,0,0,0,0
83,30 Oct 2025,,df7pc4tsmi40f808ft7kkvvo4,Luca Pairetto,Cagliari Calcio,US Sassuolo Calcio,A. Pinamonti,0,0,1,1,0,2,1,2,14,0,0,1,1,0,0
83,30 Oct 2025,,df7pc4tsmi40f808ft7kkvvo4,Luca Pairetto,Cagliari Calcio,US Sassuolo Calcio,J. Idzes,0,0,0,0,2,1,0,0,42,0,0,0,0,1,0
83,30 Oct 2025,,df7pc4tsmi40f808ft7kkvvo4,Luca Pairetto,Cagliari Calcio,US Sassuolo Calcio,K. Thorstvedt,0,0,1,1,2,2,0,0,33,0,0,1,1,0,1
83,30 Oct 2025,,df7pc4tsmi40f808ft7kkvvo4,Luca Pairetto,Cagliari Calcio,US Sassuolo Calcio,C. Volpato,1,1,1,6,0,0,0,0,34,0,0,4,1,1,0
83,30 Oct 2025,,df7pc4tsmi40f808ft7kkvvo4,Luca Pairetto,Cagliari Calcio,US Sassuolo Calcio,N. Matić,0,0,0,0,0,0,0,0,61,0,0,0,0,2,0
83,30 Oct 2025,,df7pc4tsmi40f808ft7kkvvo4,Luca Pairetto,Cagliari Calcio,US Sassuolo Calcio,S. Walukiewicz,0,0,1,3,2,2,0,0,35,0,0,0,0,0,1
83,30 Oct 2025,,df7pc4tsmi40f808ft7kkvvo4,Luca Pairetto,Cagliari Calcio,US Sassuolo Calcio,Fali Candé,0,0,0,0,3,1,0,0,41,0,0,0,0,0,0
83,30 Oct 2025,,df7pc4tsmi40f808ft7kkvvo4,Luca Pairetto,Cagliari Calcio,US Sassuolo Calcio,W. Coulibaly,0,0,0,1,3,2,0,0,37,0,0,0,0,0,0
83,30 Oct 2025,,df7pc4tsmi40f808ft7kkvvo4,Luca Pairetto,Cagliari Calcio,US Sassuolo Calcio,I. Koné,0,0,0,0,2,3,0,0,38,0,0,1,0,0,0
83,30 Oct 2025,,df7pc4tsmi40f808ft7kkvvo4,Luca Pairetto,Cagliari Calcio,US Sassuolo Calcio,A. Laurienté,0,1,3,6,3,0,1,1,22,0,0,2,1,0,0
83,30 Oct 2025,,df7pc4tsmi40f808ft7kkvvo4,Luca Pairetto,Cagliari Calcio,US Sassuolo Calcio,A. Murić,0,0,0,0,0,0,0,0,25,0,0,0,0,0,0
83,30 Oct 2025,,df7pc4tsmi40f808ft7kkvvo4,Luca Pairetto,Cagliari Calcio,US Sassuolo Calcio,L. Moro,0,0,0,0,1,3,0,0,4,0,0,1,0,1,0
83,30 Oct 2025,,df7pc4tsmi40f808ft7kkvvo4,Luca Pairetto,Cagliari Calcio,US Sassuolo Calcio,A. Fadera,0,1,0,0,1,2,0,0,5,0,0,2,0,1,1
83,30 Oct 2025,,df7pc4tsmi40f808ft7kkvvo4,Luca Pairetto,Cagliari Calcio,US Sassuolo Calcio,A. Vranckx,0,0,0,0,0,1,0,0,4,0,0,0,0,0,0
83,30 Oct 2025,,df7pc4tsmi40f808ft7kkvvo4,Luca Pairetto,Cagliari Calcio,US Sassuolo Calcio,W. Cheddira,0,0,0,0,0,0,0,0,5,0,0,0,0,0,0
83,30 Oct 2025,,df7pc4tsmi40f808ft7kkvvo4,Luca Pairetto,Cagliari Calcio,US Sassuolo Calcio,E. Iannoni,0,0,0,0,2,0,0,0,4,0,0,0,0,0,1
84,29 Oct 2025,,dfm31uxt446l2jetgokqmpbtg,Matteo Marcenaro,Calcio Como 1907,Hellas Verona FC,N. Kühn,0,0,1,1,2,0,0,1,26,0,0,0,0,0,0
84,29 Oct 2025,,dfm31uxt446l2jetgokqmpbtg,Matteo Marcenaro,Calcio Como 1907,Hellas Verona FC,S. Posch,0,0,0,3,0,2,1,0,45,0,0,1,1,3,0
84,29 Oct 2025,,dfm31uxt446l2jetgokqmpbtg,Matteo Marcenaro,Calcio Como 1907,Hellas Verona FC,T. Douvikas,0,0,0,0,0,5,1,0,17,0,0,3,2,0,0
84,29 Oct 2025,,dfm31uxt446l2jetgokqmpbtg,Matteo Marcenaro,Calcio Como 1907,Hellas Verona FC,N. Paz,0,3,0,4,2,3,0,0,48,0,0,6,1,1,1
84,29 Oct 2025,,dfm31uxt446l2jetgokqmpbtg,Matteo Marcenaro,Calcio Como 1907,Hellas Verona FC,Jacobo Ramón,0,0,0,0,0,0,0,0,83,0,0,0,0,2,0
84,29 Oct 2025,,dfm31uxt446l2jetgokqmpbtg,Matteo Marcenaro,Calcio Como 1907,Hellas Verona FC,J. Butez,0,0,0,0,0,1,0,0,30,0,7,0,0,0,0
84,29 Oct 2025,,dfm31uxt446l2jetgokqmpbtg,Matteo Marcenaro,Calcio Como 1907,Hellas Verona FC,Diego Carlos,0,0,0,0,1,0,0,0,62,0,0,0,0,2,0
84,29 Oct 2025,,dfm31uxt446l2jetgokqmpbtg,Matteo Marcenaro,Calcio Como 1907,Hellas Verona FC,Álex Valle,1,0,0,4,1,0,0,0,69,0,0,1,0,3,0
84,29 Oct 2025,,dfm31uxt446l2jetgokqmpbtg,Matteo Marcenaro,Calcio Como 1907,Hellas Verona FC,L. da Cunha,0,0,0,4,1,0,0,0,81,0,0,1,0,0,0
84,29 Oct 2025,,dfm31uxt446l2jetgokqmpbtg,Matteo Marcenaro,Calcio Como 1907,Hellas Verona FC,M. Caqueret,1,0,0,1,1,5,0,0,91,0,0,1,0,3,0
84,29 Oct 2025,,dfm31uxt446l2jetgokqmpbtg,Matteo Marcenaro,Calcio Como 1907,Hellas Verona FC,Assane Diao,0,0,0,2,1,2,0,0,19,0,0,0,0,0,0
84,29 Oct 2025,,dfm31uxt446l2jetgokqmpbtg,Matteo Marcenaro,Calcio Como 1907,Hellas Verona FC,Jesús Rodríguez,1,1,0,1,0,0,0,0,9,0,0,1,0,0,0
84,29 Oct 2025,,dfm31uxt446l2jetgokqmpbtg,Matteo Marcenaro,Calcio Como 1907,Hellas Verona FC,M. Kempf,0,0,0,0,0,0,0,0,4,0,0,0,0,0,0
84,29 Oct 2025,,dfm31uxt446l2jetgokqmpbtg,Matteo Marcenaro,Calcio Como 1907,Hellas Verona FC,M. Vojvoda,0,0,0,0,0,1,1,0,3,0,0,1,1,0,0
84,29 Oct 2025,,dfm31uxt446l2jetgokqmpbtg,Matteo Marcenaro,Calcio Como 1907,Hellas Verona FC,Álvaro Morata,0,0,0,0,2,1,0,0,0,0,0,0,0,0,0
84,29 Oct 2025,,dfm31uxt446l2jetgokqmpbtg,Matteo Marcenaro,Calcio Como 1907,Hellas Verona FC,Ivan Smolčić,0,0,0,0,0,0,0,0,0,0,0,0,0,0,0
84,29 Oct 2025,,dfm31uxt446l2jetgokqmpbtg,Matteo Marcenaro,Calcio Como 1907,Hellas Verona FC,G. Orban,0,1,0,1,0,0,0,0,17,0,0,2,1,0,1
84,29 Oct 2025,,dfm31uxt446l2jetgokqmpbtg,Matteo Marcenaro,Calcio Como 1907,Hellas Verona FC,L. Montipò,0,0,0,0,0,0,0,0,31,0,2,0,0,0,0
84,29 Oct 2025,,dfm31uxt446l2jetgokqmpbtg,Matteo Marcenaro,Calcio Como 1907,Hellas Verona FC,M. Frese,0,1,1,2,0,1,0,0,19,0,0,2,1,6,0
84,29 Oct 2025,,dfm31uxt446l2jetgokqmpbtg,Matteo Marcenaro,Calcio Como 1907,Hellas Verona FC,R. Gagliardini,0,0,0,0,2,1,0,0,15,0,0,0,0,2,1
84,29 Oct 2025,,dfm31uxt446l2jetgokqmpbtg,Matteo Marcenaro,Calcio Como 1907,Hellas Verona FC,A. Bella-Kotchap,0,0,0,0,0,1,0,0,27,0,0,0,0,1,0
84,29 Oct 2025,,dfm31uxt446l2jetgokqmpbtg,Matteo Marcenaro,Calcio Como 1907,Hellas Verona FC,S. Serdar,0,0,1,0,0,1,1,0,13,0,0,4,3,5,0
84,29 Oct 2025,,dfm31uxt446l2jetgokqmpbtg,Matteo Marcenaro,Calcio Como 1907,Hellas Verona FC,A. Bernede,0,0,0,0,5,1,0,0,27,0,0,0,0,2,0
84,29 Oct 2025,,dfm31uxt446l2jetgokqmpbtg,Matteo Marcenaro,Calcio Como 1907,Hellas Verona FC,N. Valentini,0,0,0,0,1,1,0,0,12,0,0,0,0,2,0
84,29 Oct 2025,,dfm31uxt446l2jetgokqmpbtg,Matteo Marcenaro,Calcio Como 1907,Hellas Verona FC,Giovane,0,0,0,1,3,1,0,1,21,0,0,1,1,0,0
84,29 Oct 2025,,dfm31uxt446l2jetgokqmpbtg,Matteo Marcenaro,Calcio Como 1907,Hellas Verona FC,R. Belghali,0,0,1,4,3,1,0,0,16,0,0,0,0,3,1
84,29 Oct 2025,,dfm31uxt446l2jetgokqmpbtg,Matteo Marcenaro,Calcio Como 1907,Hellas Verona FC,V. Nelsson,0,0,0,0,4,1,0,0,19,0,0,1,0,0,1
84,29 Oct 2025,,dfm31uxt446l2jetgokqmpbtg,Matteo Marcenaro,Calcio Como 1907,Hellas Verona FC,D. Bradarić,0,0,0,0,0,0,0,0,5,0,0,1,1,0,0
84,29 Oct 2025,,dfm31uxt446l2jetgokqmpbtg,Matteo Marcenaro,Calcio Como 1907,Hellas Verona FC,C. Niasse,0,0,0,0,2,1,0,0,13,0,0,0,0,0,0
84,29 Oct 2025,,dfm31uxt446l2jetgokqmpbtg,Matteo Marcenaro,Calcio Como 1907,Hellas Verona FC,A. Sarr,0,0,0,0,1,0,0,0,5,0,0,1,1,0,0
84,29 Oct 2025,,dfm31uxt446l2jetgokqmpbtg,Matteo Marcenaro,Calcio Como 1907,Hellas Verona FC,D. Mosquera,0,0,0,0,0,0,0,0,1,0,0,1,1,0,0
85,29 Oct 2025,,dg0jqjxvhdlvm17zu5lxdb384,Rosario Abisso,Genoa CFC,US Cremonese,M. Ellertsson,0,1,1,1,0,2,0,0,23,0,0,1,0,2,0
85,29 Oct 2025,,dg0jqjxvhdlvm17zu5lxdb384,Rosario Abisso,Genoa CFC,US Cremonese,Aarón Martín,0,1,0,4,1,1,0,0,21,0,0,1,0,0,0
85,29 Oct 2025,,dg0jqjxvhdlvm17zu5lxdb384,Rosario Abisso,Genoa CFC,US Cremonese,V. Carboni,0,1,0,0,2,1,0,0,22,0,0,1,0,3,1
85,29 Oct 2025,,dg0jqjxvhdlvm17zu5lxdb384,Rosario Abisso,Genoa CFC,US Cremonese,N. Leali,0,0,0,0,1,0,0,0,12,0,2,0,0,0,1
85,29 Oct 2025,,dg0jqjxvhdlvm17zu5lxdb384,Rosario Abisso,Genoa CFC,US Cremonese,R. Malinovskyi,0,0,0,1,1,0,0,0,46,0,0,1,0,1,0
85,29 Oct 2025,,dg0jqjxvhdlvm17zu5lxdb384,Rosario Abisso,Genoa CFC,US Cremonese,P. Masini,0,0,0,1,3,3,0,0,47,0,0,2,0,8,0
85,29 Oct 2025,,dg0jqjxvhdlvm17zu5lxdb384,Rosario Abisso,Genoa CFC,US Cremonese,M. Cornet,0,1,1,1,3,1,0,1,11,0,0,1,0,2,0
85,29 Oct 2025,,dg0jqjxvhdlvm17zu5lxdb384,Rosario Abisso,Genoa CFC,US Cremonese,J. Vásquez,0,0,0,0,1,0,0,0,49,0,0,0,0,0,0
85,29 Oct 2025,,dg0jqjxvhdlvm17zu5lxdb384,Rosario Abisso,Genoa CFC,US Cremonese,L. Østigård,0,0,0,0,0,0,0,0,49,0,0,1,0,0,0
85,29 Oct 2025,,dg0jqjxvhdlvm17zu5lxdb384,Rosario Abisso,Genoa CFC,US Cremonese,B. Norton-Cuffy,0,1,2,3,0,1,0,0,40,0,0,1,0,0,0
85,29 Oct 2025,,dg0jqjxvhdlvm17zu5lxdb384,Rosario Abisso,Genoa CFC,US Cremonese,J. Ekhator,0,0,0,1,1,0,0,1,14,0,0,1,0,0,0
85,29 Oct 2025,,dg0jqjxvhdlvm17zu5lxdb384,Rosario Abisso,Genoa CFC,US Cremonese,C. Ekuban,0,1,1,1,1,1,0,0,7,0,0,3,0,0,0
85,29 Oct 2025,,dg0jqjxvhdlvm17zu5lxdb384,Rosario Abisso,Genoa CFC,US Cremonese,Vítinha,0,1,1,8,1,0,0,1,8,0,0,1,0,0,1
85,29 Oct 2025,,dg0jqjxvhdlvm17zu5lxdb384,Rosario Abisso,Genoa CFC,US Cremonese,L. Colombo,0,0,1,0,0,2,0,0,3,0,0,0,0,0,0
85,29 Oct 2025,,dg0jqjxvhdlvm17zu5lxdb384,Rosario Abisso,Genoa CFC,US Cremonese,M. Frendrup,0,0,0,0,1,0,0,0,14,0,0,2,1,2,0
85,29 Oct 2025,,dg0jqjxvhdlvm17zu5lxdb384,Rosario Abisso,Genoa CFC,US Cremonese,J. Vandeputte,1,0,0,6,0,2,0,0,28,0,0,2,1,1,0
85,29 Oct 2025,,dg0jqjxvhdlvm17zu5lxdb384,Rosario Abisso,Genoa CFC,US Cremonese,R. Floriani Mussolini,0,0,1,1,1,0,0,0,18,0,0,0,0,1,0
85,29 Oct 2025,,dg0jqjxvhdlvm17zu5lxdb384,Rosario Abisso,Genoa CFC,US Cremonese,W. Bondo,0,0,0,0,1,0,0,0,31,0,0,1,0,0,0
85,29 Oct 2025,,dg0jqjxvhdlvm17zu5lxdb384,Rosario Abisso,Genoa CFC,US Cremonese,F. Bonazzoli,0,0,1,0,1,2,2,0,23,0,0,4,3,0,0
85,29 Oct 2025,,dg0jqjxvhdlvm17zu5lxdb384,Rosario Abisso,Genoa CFC,US Cremonese,T. Barbieri,0,0,1,2,1,3,0,0,24,0,0,1,0,9,1
85,29 Oct 2025,,dg0jqjxvhdlvm17zu5lxdb384,Rosario Abisso,Genoa CFC,US Cremonese,F. Terracciano,0,0,0,0,1,2,0,0,42,0,0,2,0,0,0
85,29 Oct 2025,,dg0jqjxvhdlvm17zu5lxdb384,Rosario Abisso,Genoa CFC,US Cremonese,F. Baschirotto,0,0,0,0,1,1,0,0,24,0,0,0,0,1,0
85,29 Oct 2025,,dg0jqjxvhdlvm17zu5lxdb384,Rosario Abisso,Genoa CFC,US Cremonese,E. Audero,0,0,0,0,0,1,0,0,42,0,1,0,0,0,0
85,29 Oct 2025,,dg0jqjxvhdlvm17zu5lxdb384,Rosario Abisso,Genoa CFC,US Cremonese,M. Bianchetti,1,0,0,0,2,1,0,0,23,0,0,1,0,2,0
85,29 Oct 2025,,dg0jqjxvhdlvm17zu5lxdb384,Rosario Abisso,Genoa CFC,US Cremonese,M. Payero,0,0,0,1,3,3,0,0,45,0,0,0,0,1,0
85,29 Oct 2025,,dg0jqjxvhdlvm17zu5lxdb384,Rosario Abisso,Genoa CFC,US Cremonese,J. Vardy,0,0,0,0,1,1,0,0,12,0,0,0,0,2,0
85,29 Oct 2025,,dg0jqjxvhdlvm17zu5lxdb384,Rosario Abisso,Genoa CFC,US Cremonese,F. Vázquez,0,0,0,0,0,0,0,0,3,0,0,0,0,3,0
85,29 Oct 2025,,dg0jqjxvhdlvm17zu5lxdb384,Rosario Abisso,Genoa CFC,US Cremonese,F. Folino,0,0,0,0,1,0,0,0,1,0,0,0,0,0,0
85,29 Oct 2025,,dg0jqjxvhdlvm17zu5lxdb384,Rosario Abisso,Genoa CFC,US Cremonese,J. Sarmiento,0,0,0,0,0,0,0,0,0,0,0,0,0,1,0
85,29 Oct 2025,,dg0jqjxvhdlvm17zu5lxdb384,Rosario Abisso,Genoa CFC,US Cremonese,M. Faye,0,0,0,0,0,0,0,0,2,0,0,0,0,1,0
86,29 Oct 2025,,dggjx0pqzs2sz8zcgo7spx990,Simone Sozza,FC Internazionale Milano,ACF Fiorentina,M. Akanji,0,0,1,0,0,0,0,0,96,0,0,0,0,3,0
86,29 Oct 2025,,dggjx0pqzs2sz8zcgo7spx990,Simone Sozza,FC Internazionale Milano,ACF Fiorentina,F. Esposito,0,1,1,0,2,3,0,0,22,0,0,3,1,0,1
86,29 Oct 2025,,dggjx0pqzs2sz8zcgo7spx990,Simone Sozza,FC Internazionale Milano,ACF Fiorentina,N. Barella,1,1,0,6,1,2,0,0,69,0,0,1,0,2,0
86,29 Oct 2025,,dggjx0pqzs2sz8zcgo7spx990,Simone Sozza,FC Internazionale Milano,ACF Fiorentina,Y. Sommer,0,0,0,0,0,0,0,0,34,0,2,0,0,0,0
86,29 Oct 2025,,dggjx0pqzs2sz8zcgo7spx990,Simone Sozza,FC Internazionale Milano,ACF Fiorentina,A. Bastoni,0,0,0,2,3,1,0,0,73,0,0,1,1,2,0
86,29 Oct 2025,,dggjx0pqzs2sz8zcgo7spx990,Simone Sozza,FC Internazionale Milano,ACF Fiorentina,Y. Bisseck,0,0,1,0,0,2,0,0,49,0,0,2,1,0,0
86,29 Oct 2025,,dggjx0pqzs2sz8zcgo7spx990,Simone Sozza,FC Internazionale Milano,ACF Fiorentina,D. Dumfries,0,1,1,2,2,1,0,0,25,0,0,2,1,1,0
86,29 Oct 2025,,dggjx0pqzs2sz8zcgo7spx990,Simone Sozza,FC Internazionale Milano,ACF Fiorentina,F. Dimarco,0,2,3,10,0,0,0,0,39,0,0,3,1,3,0
86,29 Oct 2025,,dggjx0pqzs2sz8zcgo7spx990,Simone Sozza,FC Internazionale Milano,ACF Fiorentina,H. Çalhanoğlu,0,0,0,5,0,2,2,0,70,0,0,3,2,4,0
86,29 Oct 2025,,dggjx0pqzs2sz8zcgo7spx990,Simone Sozza,FC Internazionale Milano,ACF Fiorentina,P. Sučić,0,1,0,2,2,1,1,0,46,0,0,2,1,2,0
86,29 Oct 2025,,dggjx0pqzs2sz8zcgo7spx990,Simone Sozza,FC Internazionale Milano,ACF Fiorentina,L. Martínez,1,2,0,1,1,1,0,0,23,0,0,5,0,0,0
86,29 Oct 2025,,dggjx0pqzs2sz8zcgo7spx990,Simone Sozza,FC Internazionale Milano,ACF Fiorentina,Carlos Augusto,0,0,1,0,0,0,0,0,3,0,0,0,0,2,0
86,29 Oct 2025,,dggjx0pqzs2sz8zcgo7spx990,Simone Sozza,FC Internazionale Milano,ACF Fiorentina,P. Zieliński,0,0,0,0,0,0,0,0,6,0,0,0,0,1,0
86,29 Oct 2025,,dggjx0pqzs2sz8zcgo7spx990,Simone Sozza,FC Internazionale Milano,ACF Fiorentina,A. Bonny,0,0,0,0,0,1,0,0,4,0,0,0,0,0,0
86,29 Oct 2025,,dggjx0pqzs2sz8zcgo7spx990,Simone Sozza,FC Internazionale Milano,ACF Fiorentina,D. Frattesi,0,0,0,0,0,1,0,0,0,0,0,0,0,0,0
86,29 Oct 2025,,dggjx0pqzs2sz8zcgo7spx990,Simone Sozza,FC Internazionale Milano,ACF Fiorentina,Luis Henrique,0,0,0,0,0,0,0,0,5,0,0,0,0,0,0
86,29 Oct 2025,,dggjx0pqzs2sz8zcgo7spx990,Simone Sozza,FC Internazionale Milano,ACF Fiorentina,A. Guðmundsson,0,0,0,0,2,0,0,0,10,0,0,0,0,0,0
86,29 Oct 2025,,dggjx0pqzs2sz8zcgo7spx990,Simone Sozza,FC Internazionale Milano,ACF Fiorentina,David de Gea,0,0,0,0,0,0,0,0,36,0,5,0,0,0,0
86,29 Oct 2025,,dggjx0pqzs2sz8zcgo7spx990,Simone Sozza,FC Internazionale Milano,ACF Fiorentina,R. Gosens,0,0,1,1,1,1,0,0,13,0,0,0,0,3,0
86,29 Oct 2025,,dggjx0pqzs2sz8zcgo7spx990,Simone Sozza,FC Internazionale Milano,ACF Fiorentina,M. Viti,0,0,0,0,4,1,0,0,35,1,0,0,0,1,2
86,29 Oct 2025,,dggjx0pqzs2sz8zcgo7spx990,Simone Sozza,FC Internazionale Milano,ACF Fiorentina,C. Ndour,0,0,1,1,1,1,0,0,25,0,0,0,0,1,0
86,29 Oct 2025,,dggjx0pqzs2sz8zcgo7spx990,Simone Sozza,FC Internazionale Milano,ACF Fiorentina,P. Comuzzo,0,0,0,0,4,0,0,0,35,0,0,1,0,3,0
86,29 Oct 2025,,dggjx0pqzs2sz8zcgo7spx990,Simone Sozza,FC Internazionale Milano,ACF Fiorentina,Pablo Marí,0,0,0,0,0,0,0,0,44,0,0,0,0,2,0
86,29 Oct 2025,,dggjx0pqzs2sz8zcgo7spx990,Simone Sozza,FC Internazionale Milano,ACF Fiorentina,M. Kean,0,1,0,0,2,2,0,1,9,0,0,4,2,0,0
86,29 Oct 2025,,dggjx0pqzs2sz8zcgo7spx990,Simone Sozza,FC Internazionale Milano,ACF Fiorentina,S. Sohm,0,0,0,0,0,1,0,0,23,0,0,0,0,0,0
86,29 Oct 2025,,dggjx0pqzs2sz8zcgo7spx990,Simone Sozza,FC Internazionale Milano,ACF Fiorentina,Dodô,0,1,1,1,0,2,0,0,33,0,0,2,0,0,0
86,29 Oct 2025,,dggjx0pqzs2sz8zcgo7spx990,Simone Sozza,FC Internazionale Milano,ACF Fiorentina,R. Mandragora,0,1,0,4,0,1,0,0,33,0,0,1,0,2,0
86,29 Oct 2025,,dggjx0pqzs2sz8zcgo7spx990,Simone Sozza,FC Internazionale Milano,ACF Fiorentina,J. Fazzini,0,2,0,0,0,1,0,0,5,0,0,2,0,1,0
86,29 Oct 2025,,dggjx0pqzs2sz8zcgo7spx990,Simone Sozza,FC Internazionale Milano,ACF Fiorentina,N. Fagioli,0,0,1,3,2,0,0,0,14,0,0,0,0,1,0
86,29 Oct 2025,,dggjx0pqzs2sz8zcgo7spx990,Simone Sozza,FC Internazionale Milano,ACF Fiorentina,N. Fortini,0,0,1,0,0,0,0,0,4,0,0,0,0,0,0
86,29 Oct 2025,,dggjx0pqzs2sz8zcgo7spx990,Simone Sozza,FC Internazionale Milano,ACF Fiorentina,E. Džeko,0,0,0,0,0,0,0,0,4,0,0,0,0,0,0
87,29 Oct 2025,,dgv0e7dm17h0zgaph0utle7f8,Marco Di Bello,Juventus FC,Udinese Calcio,K. Yıldız,0,3,3,3,1,4,1,0,37,0,0,7,2,0,0
87,29 Oct 2025,,dgv0e7dm17h0zgaph0utle7f8,Marco Di Bello,Juventus FC,Udinese Calcio,L. Kelly,0,0,0,0,1,2,0,0,63,0,0,0,0,1,0
87,29 Oct 2025,,dgv0e7dm17h0zgaph0utle7f8,Marco Di Bello,Juventus FC,Udinese Calcio,M. Di Gregorio,0,0,0,0,0,0,0,0,26,0,1,0,0,0,1
87,29 Oct 2025,,dgv0e7dm17h0zgaph0utle7f8,Marco Di Bello,Juventus FC,Udinese Calcio,F. Kostić,0,0,2,14,0,0,0,0,48,0,0,1,1,4,0
87,29 Oct 2025,,dgv0e7dm17h0zgaph0utle7f8,Marco Di Bello,Juventus FC,Udinese Calcio,P. Kalulu,0,0,1,0,0,0,0,0,58,0,0,1,1,1,0
87,29 Oct 2025,,dgv0e7dm17h0zgaph0utle7f8,Marco Di Bello,Juventus FC,Udinese Calcio,W. McKennie,0,1,0,1,2,0,0,1,33,0,0,2,0,1,0
87,29 Oct 2025,,dgv0e7dm17h0zgaph0utle7f8,Marco Di Bello,Juventus FC,Udinese Calcio,M. Locatelli,0,0,0,0,5,4,0,0,67,0,0,2,1,1,0
87,29 Oct 2025,,dgv0e7dm17h0zgaph0utle7f8,Marco Di Bello,Juventus FC,Udinese Calcio,D. Vlahović,0,1,0,1,1,2,1,1,14,0,0,6,3,0,0
87,29 Oct 2025,,dgv0e7dm17h0zgaph0utle7f8,Marco Di Bello,Juventus FC,Udinese Calcio,A. Cambiaso,1,0,0,4,0,0,0,0,35,0,0,0,0,4,0
87,29 Oct 2025,,dgv0e7dm17h0zgaph0utle7f8,Marco Di Bello,Juventus FC,Udinese Calcio,L. Openda,0,2,2,3,0,1,0,0,19,0,0,4,1,0,0
87,29 Oct 2025,,dgv0e7dm17h0zgaph0utle7f8,Marco Di Bello,Juventus FC,Udinese Calcio,F. Gatti,0,0,0,0,2,0,1,0,35,0,0,1,1,2,0
87,29 Oct 2025,,dgv0e7dm17h0zgaph0utle7f8,Marco Di Bello,Juventus FC,Udinese Calcio,J. David,0,0,0,0,0,0,0,0,8,0,0,1,1,0,0
87,29 Oct 2025,,dgv0e7dm17h0zgaph0utle7f8,Marco Di Bello,Juventus FC,Udinese Calcio,D. Rugani,0,0,0,0,0,0,0,0,0,0,0,0,0,0,0
87,29 Oct 2025,,dgv0e7dm17h0zgaph0utle7f8,Marco Di Bello,Juventus FC,Udinese Calcio,Teun Koopmeiners,0,0,0,0,0,0,0,0,0,0,0,0,0,0,0
87,29 Oct 2025,,dgv0e7dm17h0zgaph0utle7f8,Marco Di Bello,Juventus FC,Udinese Calcio,K. Ehizibue,0,0,0,2,1,1,0,0,20,0,0,0,0,2,0
87,29 Oct 2025,,dgv0e7dm17h0zgaph0utle7f8,Marco Di Bello,Juventus FC,Udinese Calcio,M. Okoye,0,0,0,0,0,0,0,0,39,0,9,0,0,0,0
87,29 Oct 2025,,dgv0e7dm17h0zgaph0utle7f8,Marco Di Bello,Juventus FC,Udinese Calcio,O. Solet,0,0,0,0,0,1,0,0,57,0,0,0,0,1,0
87,29 Oct 2025,,dgv0e7dm17h0zgaph0utle7f8,Marco Di Bello,Juventus FC,Udinese Calcio,A. Atta,0,0,1,1,0,1,0,0,23,0,0,0,0,2,0
87,29 Oct 2025,,dgv0e7dm17h0zgaph0utle7f8,Marco Di Bello,Juventus FC,Udinese Calcio,S. Goglichidze,0,0,1,0,2,0,0,0,41,0,0,2,1,2,1
87,29 Oct 2025,,dgv0e7dm17h0zgaph0utle7f8,Marco Di Bello,Juventus FC,Udinese Calcio,N. Zaniolo,0,1,1,4,4,3,1,0,10,0,0,2,1,0,0
87,29 Oct 2025,,dgv0e7dm17h0zgaph0utle7f8,Marco Di Bello,Juventus FC,Udinese Calcio,J. Karlström,0,0,0,0,0,1,0,0,34,0,0,0,0,2,0
87,29 Oct 2025,,dgv0e7dm17h0zgaph0utle7f8,Marco Di Bello,Juventus FC,Udinese Calcio,K. Davis,0,0,0,0,0,2,0,0,7,0,0,0,0,0,0
87,29 Oct 2025,,dgv0e7dm17h0zgaph0utle7f8,Marco Di Bello,Juventus FC,Udinese Calcio,C. Kabasele,0,0,0,0,1,0,0,0,34,0,0,0,0,0,0
87,29 Oct 2025,,dgv0e7dm17h0zgaph0utle7f8,Marco Di Bello,Juventus FC,Udinese Calcio,J. Piotrowski,0,0,0,1,2,1,0,0,19,0,0,0,0,1,1
87,29 Oct 2025,,dgv0e7dm17h0zgaph0utle7f8,Marco Di Bello,Juventus FC,Udinese Calcio,H. Kamara,0,1,0,3,0,0,0,0,25,0,0,2,0,1,0
87,29 Oct 2025,,dgv0e7dm17h0zgaph0utle7f8,Marco Di Bello,Juventus FC,Udinese Calcio,A. Buksa,0,1,0,0,1,2,0,0,8,0,0,1,0,0,0
87,29 Oct 2025,,dgv0e7dm17h0zgaph0utle7f8,Marco Di Bello,Juventus FC,Udinese Calcio,V. Bayo,0,0,0,0,0,0,0,0,7,0,0,1,0,0,0
87,29 Oct 2025,,dgv0e7dm17h0zgaph0utle7f8,Marco Di Bello,Juventus FC,Udinese Calcio,S. Lovrić,0,0,1,2,1,0,0,0,10,0,0,0,0,1,1
87,29 Oct 2025,,dgv0e7dm17h0zgaph0utle7f8,Marco Di Bello,Juventus FC,Udinese Calcio,A. Zanoli,0,0,0,0,0,0,0,0,9,0,0,0,0,2,0
87,29 Oct 2025,,dgv0e7dm17h0zgaph0utle7f8,Marco Di Bello,Juventus FC,Udinese Calcio,L. Miller,0,0,0,2,1,0,0,0,2,0,0,0,0,0,1
88,28 Oct 2025,,dh9dw8ynx40z3bjgfjxxohvkk,Giuseppe Collu,US Lecce,SSC Napoli,Tiago Gabriel,0,0,0,0,0,2,0,0,46,0,0,1,0,3,0
88,28 Oct 2025,,dh9dw8ynx40z3bjgfjxxohvkk,Giuseppe Collu,US Lecce,SSC Napoli,M. Berisha,0,1,1,3,0,1,0,0,22,0,0,3,0,2,0
88,28 Oct 2025,,dh9dw8ynx40z3bjgfjxxohvkk,Giuseppe Collu,US Lecce,SSC Napoli,L. Banda,0,0,0,2,1,3,0,0,10,0,0,0,0,2,0
88,28 Oct 2025,,dh9dw8ynx40z3bjgfjxxohvkk,Giuseppe Collu,US Lecce,SSC Napoli,A. Gallo,0,0,0,1,0,0,0,0,34,0,0,0,0,6,0
88,28 Oct 2025,,dh9dw8ynx40z3bjgfjxxohvkk,Giuseppe Collu,US Lecce,SSC Napoli,F. Camarda,0,0,0,1,2,0,0,0,8,0,0,1,1,1,0
88,28 Oct 2025,,dh9dw8ynx40z3bjgfjxxohvkk,Giuseppe Collu,US Lecce,SSC Napoli,S. Pierotti,0,0,0,0,2,0,0,0,11,0,0,0,0,0,0
88,28 Oct 2025,,dh9dw8ynx40z3bjgfjxxohvkk,Giuseppe Collu,US Lecce,SSC Napoli,W. Falcone,0,0,0,0,0,0,0,0,27,0,2,0,0,0,0
88,28 Oct 2025,,dh9dw8ynx40z3bjgfjxxohvkk,Giuseppe Collu,US Lecce,SSC Napoli,L. Coulibaly,0,0,0,0,1,0,0,0,23,0,0,1,1,1,0
88,28 Oct 2025,,dh9dw8ynx40z3bjgfjxxohvkk,Giuseppe Collu,US Lecce,SSC Napoli,Y. Ramadani,0,0,0,0,0,0,0,0,56,0,0,0,0,3,1
88,28 Oct 2025,,dh9dw8ynx40z3bjgfjxxohvkk,Giuseppe Collu,US Lecce,SSC Napoli,Danilo Veiga,0,0,2,1,0,0,0,0,26,0,0,0,0,3,0
88,28 Oct 2025,,dh9dw8ynx40z3bjgfjxxohvkk,Giuseppe Collu,US Lecce,SSC Napoli,Kialonda Gaspar,0,1,0,0,0,0,0,1,46,0,0,1,0,1,0
88,28 Oct 2025,,dh9dw8ynx40z3bjgfjxxohvkk,Giuseppe Collu,US Lecce,SSC Napoli,Tete Morente,0,0,0,3,0,2,0,0,22,0,0,0,0,0,0
88,28 Oct 2025,,dh9dw8ynx40z3bjgfjxxohvkk,Giuseppe Collu,US Lecce,SSC Napoli,K. N’Dri,0,0,0,1,3,1,0,0,7,0,0,0,0,1,1
88,28 Oct 2025,,dh9dw8ynx40z3bjgfjxxohvkk,Giuseppe Collu,US Lecce,SSC Napoli,N. Štulić,0,0,0,0,0,1,0,0,7,0,0,0,0,0,0
88,28 Oct 2025,,dh9dw8ynx40z3bjgfjxxohvkk,Giuseppe Collu,US Lecce,SSC Napoli,Y. Maleh,0,0,0,1,1,0,0,0,9,0,0,0,0,4,0
88,28 Oct 2025,,dh9dw8ynx40z3bjgfjxxohvkk,Giuseppe Collu,US Lecce,SSC Napoli,B. Pierret,0,0,0,0,0,0,0,0,9,0,0,0,0,2,0
88,28 Oct 2025,,dh9dw8ynx40z3bjgfjxxohvkk,Giuseppe Collu,US Lecce,SSC Napoli,B. Gilmour,0,2,1,0,2,3,0,0,66,0,0,2,0,4,0
88,28 Oct 2025,,dh9dw8ynx40z3bjgfjxxohvkk,Giuseppe Collu,US Lecce,SSC Napoli,V. Milinković-Savić,0,0,0,0,0,0,0,0,39,0,2,0,0,0,0
88,28 Oct 2025,,dh9dw8ynx40z3bjgfjxxohvkk,Giuseppe Collu,US Lecce,SSC Napoli,L. Lucca,0,1,0,0,3,0,0,0,8,0,0,2,0,0,0
88,28 Oct 2025,,dh9dw8ynx40z3bjgfjxxohvkk,Giuseppe Collu,US Lecce,SSC Napoli,G. Di Lorenzo,0,1,1,3,4,0,0,0,48,0,0,2,1,2,0
88,28 Oct 2025,,dh9dw8ynx40z3bjgfjxxohvkk,Giuseppe Collu,US Lecce,SSC Napoli,Juan Jesus,0,1,0,0,1,0,0,0,68,0,0,1,0,1,0
88,28 Oct 2025,,dh9dw8ynx40z3bjgfjxxohvkk,Giuseppe Collu,US Lecce,SSC Napoli,A. Buongiorno,0,0,0,0,1,1,0,0,75,0,0,0,0,1,0
88,28 Oct 2025,,dh9dw8ynx40z3bjgfjxxohvkk,Giuseppe Collu,US Lecce,SSC Napoli,F. Anguissa,0,0,1,1,0,0,1,0,50,0,0,1,1,4,0
88,28 Oct 2025,,dh9dw8ynx40z3bjgfjxxohvkk,Giuseppe Collu,US Lecce,SSC Napoli,M. Olivera,0,0,0,0,0,1,0,0,26,0,0,2,1,2,1
88,28 Oct 2025,,dh9dw8ynx40z3bjgfjxxohvkk,Giuseppe Collu,US Lecce,SSC Napoli,E. Elmas,0,0,1,3,0,0,0,0,32,0,0,1,0,1,0
88,28 Oct 2025,,dh9dw8ynx40z3bjgfjxxohvkk,Giuseppe Collu,US Lecce,SSC Napoli,M. Politano,0,1,0,1,1,1,0,0,27,0,0,3,0,0,0
88,28 Oct 2025,,dh9dw8ynx40z3bjgfjxxohvkk,Giuseppe Collu,US Lecce,SSC Napoli,N. Lang,0,0,0,2,0,1,0,0,24,0,0,0,0,4,0
88,28 Oct 2025,,dh9dw8ynx40z3bjgfjxxohvkk,Giuseppe Collu,US Lecce,SSC Napoli,David Neres,1,0,1,2,1,0,0,0,17,0,0,0,0,2,0
88,28 Oct 2025,,dh9dw8ynx40z3bjgfjxxohvkk,Giuseppe Collu,US Lecce,SSC Napoli,L. Spinazzola,0,0,0,1,0,0,0,0,25,0,0,0,0,0,0
88,28 Oct 2025,,dh9dw8ynx40z3bjgfjxxohvkk,Giuseppe Collu,US Lecce,SSC Napoli,S. McTominay,0,0,0,0,0,0,0,0,7,0,0,0,0,1,0
88,28 Oct 2025,,dh9dw8ynx40z3bjgfjxxohvkk,Giuseppe Collu,US Lecce,SSC Napoli,R. Højlund,0,0,0,0,1,0,0,0,5,0,0,0,0,0,0
88,28 Oct 2025,,dh9dw8ynx40z3bjgfjxxohvkk,Giuseppe Collu,US Lecce,SSC Napoli,Miguel Gutiérrez,0,0,0,1,0,1,0,0,5,0,0,0,0,1,0
89,30 Oct 2025,,dhnuk2lkv2t2krxmz9ezd2vpw,Davide Massa,Pisa Sporting Club,SS Lazio,S. Canestrelli,0,0,0,0,0,0,0,0,64,0,0,0,0,1,0
89,30 Oct 2025,,dhnuk2lkv2t2krxmz9ezd2vpw,Davide Massa,Pisa Sporting Club,SS Lazio,M. Marin,0,0,0,0,0,0,0,0,17,0,0,0,0,1,0
89,30 Oct 2025,,dhnuk2lkv2t2krxmz9ezd2vpw,Davide Massa,Pisa Sporting Club,SS Lazio,S. Angori,0,0,0,4,1,3,0,0,27,0,0,0,0,3,0
89,30 Oct 2025,,dhnuk2lkv2t2krxmz9ezd2vpw,Davide Massa,Pisa Sporting Club,SS Lazio,A. Caracciolo,0,0,0,0,2,0,0,0,63,0,0,0,0,3,0
89,30 Oct 2025,,dhnuk2lkv2t2krxmz9ezd2vpw,Davide Massa,Pisa Sporting Club,SS Lazio,A. Šemper,0,0,0,0,0,0,0,0,41,0,6,0,0,0,0
89,30 Oct 2025,,dhnuk2lkv2t2krxmz9ezd2vpw,Davide Massa,Pisa Sporting Club,SS Lazio,D. Denoon,0,0,0,0,2,2,0,0,13,0,0,0,0,0,1
89,30 Oct 2025,,dhnuk2lkv2t2krxmz9ezd2vpw,Davide Massa,Pisa Sporting Club,SS Lazio,M. Aebischer,0,0,0,0,1,0,0,0,40,0,0,0,0,1,0
89,30 Oct 2025,,dhnuk2lkv2t2krxmz9ezd2vpw,Davide Massa,Pisa Sporting Club,SS Lazio,J. Cuadrado,0,0,0,4,1,1,0,0,27,0,0,1,0,0,1
89,30 Oct 2025,,dhnuk2lkv2t2krxmz9ezd2vpw,Davide Massa,Pisa Sporting Club,SS Lazio,I. Touré,0,0,0,3,2,1,0,0,20,0,0,2,0,2,0
89,30 Oct 2025,,dhnuk2lkv2t2krxmz9ezd2vpw,Davide Massa,Pisa Sporting Club,SS Lazio,M'Bala Nzola,0,1,0,1,2,1,0,1,9,0,0,1,0,1,0
89,30 Oct 2025,,dhnuk2lkv2t2krxmz9ezd2vpw,Davide Massa,Pisa Sporting Club,SS Lazio,M. Tramoni,0,1,1,0,2,0,0,0,11,0,0,4,1,0,0
89,30 Oct 2025,,dhnuk2lkv2t2krxmz9ezd2vpw,Davide Massa,Pisa Sporting Club,SS Lazio,A. Calabresi,0,0,1,0,1,2,0,0,14,0,0,0,0,0,0
89,30 Oct 2025,,dhnuk2lkv2t2krxmz9ezd2vpw,Davide Massa,Pisa Sporting Club,SS Lazio,E. Akinsanmiro,0,0,0,0,2,2,0,0,8,0,0,0,0,4,0
89,30 Oct 2025,,dhnuk2lkv2t2krxmz9ezd2vpw,Davide Massa,Pisa Sporting Club,SS Lazio,S. Moreo,0,1,1,1,0,0,0,0,6,0,0,2,1,1,0
89,30 Oct 2025,,dhnuk2lkv2t2krxmz9ezd2vpw,Davide Massa,Pisa Sporting Club,SS Lazio,M. Léris,0,0,0,2,0,0,0,0,7,0,0,0,0,0,0
89,30 Oct 2025,,dhnuk2lkv2t2krxmz9ezd2vpw,Davide Massa,Pisa Sporting Club,SS Lazio,B. Dia,0,0,0,0,0,0,0,0,10,0,0,0,0,0,0
89,30 Oct 2025,,dhnuk2lkv2t2krxmz9ezd2vpw,Davide Massa,Pisa Sporting Club,SS Lazio,Mario Gila,0,0,0,0,0,1,0,0,52,0,0,0,0,0,0
89,30 Oct 2025,,dhnuk2lkv2t2krxmz9ezd2vpw,Davide Massa,Pisa Sporting Club,SS Lazio,A. Romagnoli,0,0,0,0,1,1,0,0,104,0,0,0,0,0,0
89,30 Oct 2025,,dhnuk2lkv2t2krxmz9ezd2vpw,Davide Massa,Pisa Sporting Club,SS Lazio,A. Marušić,0,0,0,0,0,0,0,0,58,0,0,0,0,6,0
89,30 Oct 2025,,dhnuk2lkv2t2krxmz9ezd2vpw,Davide Massa,Pisa Sporting Club,SS Lazio,G. Isaksen,0,0,1,1,4,1,0,0,20,0,0,4,3,0,0
89,30 Oct 2025,,dhnuk2lkv2t2krxmz9ezd2vpw,Davide Massa,Pisa Sporting Club,SS Lazio,M. Guendouzi,0,0,0,1,1,1,0,0,64,0,0,0,0,1,1
89,30 Oct 2025,,dhnuk2lkv2t2krxmz9ezd2vpw,Davide Massa,Pisa Sporting Club,SS Lazio,L. Pellegrini,0,0,0,0,1,1,0,0,31,0,0,1,0,0,0
89,30 Oct 2025,,dhnuk2lkv2t2krxmz9ezd2vpw,Davide Massa,Pisa Sporting Club,SS Lazio,T. Bašić,0,0,0,2,1,1,0,0,37,0,0,3,2,0,0
89,30 Oct 2025,,dhnuk2lkv2t2krxmz9ezd2vpw,Davide Massa,Pisa Sporting Club,SS Lazio,M. Zaccagni,0,0,0,1,2,4,0,0,32,0,0,0,0,1,0
89,30 Oct 2025,,dhnuk2lkv2t2krxmz9ezd2vpw,Davide Massa,Pisa Sporting Club,SS Lazio,I. Provedel,0,0,0,0,0,0,0,0,42,0,2,0,0,0,0
89,30 Oct 2025,,dhnuk2lkv2t2krxmz9ezd2vpw,Davide Massa,Pisa Sporting Club,SS Lazio,D. Cataldi,0,0,0,1,0,2,0,0,56,0,0,1,0,0,0
89,30 Oct 2025,,dhnuk2lkv2t2krxmz9ezd2vpw,Davide Massa,Pisa Sporting Club,SS Lazio,Pedro,0,0,0,0,1,1,0,0,26,0,0,1,1,0,1
89,30 Oct 2025,,dhnuk2lkv2t2krxmz9ezd2vpw,Davide Massa,Pisa Sporting Club,SS Lazio,O. Provstgaard,0,0,0,0,0,0,0,0,19,0,0,0,0,0,0
89,30 Oct 2025,,dhnuk2lkv2t2krxmz9ezd2vpw,Davide Massa,Pisa Sporting Club,SS Lazio,M. Lazzari,0,0,0,1,0,1,0,0,16,0,0,0,0,1,0
89,30 Oct 2025,,dhnuk2lkv2t2krxmz9ezd2vpw,Davide Massa,Pisa Sporting Club,SS Lazio,M. Vecino,0,0,0,0,1,0,0,0,10,0,0,1,0,0,0
89,30 Oct 2025,,dhnuk2lkv2t2krxmz9ezd2vpw,Davide Massa,Pisa Sporting Club,SS Lazio,T. Noslin,0,0,0,0,0,1,0,0,2,0,0,0,0,0,0
90,29 Oct 2025,,di2cpubntuatd5o4uesn6b9ck,Valerio Crezzini,AS Roma,Parma Calcio 1913,E. Ferguson,0,0,0,0,0,1,0,0,3,0,0,0,0,0,0
90,29 Oct 2025,,di2cpubntuatd5o4uesn6b9ck,Valerio Crezzini,AS Roma,Parma Calcio 1913,E. Ndicka,0,1,0,0,1,3,0,0,65,0,0,2,0,2,0
90,29 Oct 2025,,di2cpubntuatd5o4uesn6b9ck,Valerio Crezzini,AS Roma,Parma Calcio 1913,Hermoso,0,0,0,1,1,1,1,0,64,0,0,1,1,2,0
90,29 Oct 2025,,di2cpubntuatd5o4uesn6b9ck,Valerio Crezzini,AS Roma,Parma Calcio 1913,G. Mancini,0,0,0,2,0,2,0,1,52,0,0,2,0,0,0
90,29 Oct 2025,,di2cpubntuatd5o4uesn6b9ck,Valerio Crezzini,AS Roma,Parma Calcio 1913,Z. Çelik,0,0,1,4,0,0,0,1,46,0,0,1,0,1,0
90,29 Oct 2025,,di2cpubntuatd5o4uesn6b9ck,Valerio Crezzini,AS Roma,Parma Calcio 1913,M. Svilar,0,0,0,0,0,0,0,0,25,0,4,0,0,0,0
90,29 Oct 2025,,di2cpubntuatd5o4uesn6b9ck,Valerio Crezzini,AS Roma,Parma Calcio 1913,Wesley,0,1,3,5,1,0,0,0,41,0,0,3,2,1,0
90,29 Oct 2025,,di2cpubntuatd5o4uesn6b9ck,Valerio Crezzini,AS Roma,Parma Calcio 1913,M. Koné,0,1,0,0,0,0,0,0,58,0,0,2,0,1,0
90,29 Oct 2025,,di2cpubntuatd5o4uesn6b9ck,Valerio Crezzini,AS Roma,Parma Calcio 1913,B. Cristante,0,1,1,1,3,1,0,0,54,0,0,3,0,2,0
90,29 Oct 2025,,di2cpubntuatd5o4uesn6b9ck,Valerio Crezzini,AS Roma,Parma Calcio 1913,P. Dybala,1,0,1,11,0,1,0,0,39,0,0,3,2,1,0
90,29 Oct 2025,,di2cpubntuatd5o4uesn6b9ck,Valerio Crezzini,AS Roma,Parma Calcio 1913,M. Soulé,0,0,3,4,0,0,0,1,25,0,0,0,0,1,0
90,29 Oct 2025,,di2cpubntuatd5o4uesn6b9ck,Valerio Crezzini,AS Roma,Parma Calcio 1913,L. Bailey,0,0,0,0,0,0,0,0,14,0,0,0,0,0,0
90,29 Oct 2025,,di2cpubntuatd5o4uesn6b9ck,Valerio Crezzini,AS Roma,Parma Calcio 1913,N. El Aynaoui,0,0,0,0,1,0,0,0,26,0,0,0,0,0,0
90,29 Oct 2025,,di2cpubntuatd5o4uesn6b9ck,Valerio Crezzini,AS Roma,Parma Calcio 1913,A. Dovbyk,0,0,0,0,1,0,1,0,5,0,0,1,1,0,0
90,29 Oct 2025,,di2cpubntuatd5o4uesn6b9ck,Valerio Crezzini,AS Roma,Parma Calcio 1913,D. Ghilardi,0,0,0,0,0,0,0,0,2,0,0,0,0,0,0
90,29 Oct 2025,,di2cpubntuatd5o4uesn6b9ck,Valerio Crezzini,AS Roma,Parma Calcio 1913,D. Rensch,0,0,0,0,0,0,0,0,0,0,0,0,0,0,0
90,29 Oct 2025,,di2cpubntuatd5o4uesn6b9ck,Valerio Crezzini,AS Roma,Parma Calcio 1913,L. Valenti,0,0,0,0,1,0,0,0,37,0,0,0,0,4,0
90,29 Oct 2025,,di2cpubntuatd5o4uesn6b9ck,Valerio Crezzini,AS Roma,Parma Calcio 1913,Adrián Bernabé,0,1,1,2,0,1,0,0,25,0,0,3,1,1,0
90,29 Oct 2025,,di2cpubntuatd5o4uesn6b9ck,Valerio Crezzini,AS Roma,Parma Calcio 1913,P. Cutrone,0,0,0,1,1,0,0,2,11,0,0,0,0,0,0
90,29 Oct 2025,,di2cpubntuatd5o4uesn6b9ck,Valerio Crezzini,AS Roma,Parma Calcio 1913,M. Pellegrino,0,0,0,1,4,2,0,0,22,0,0,1,0,0,1
90,29 Oct 2025,,di2cpubntuatd5o4uesn6b9ck,Valerio Crezzini,AS Roma,Parma Calcio 1913,Z. Suzuki,0,0,0,0,0,0,0,0,43,0,4,0,0,0,0
90,29 Oct 2025,,di2cpubntuatd5o4uesn6b9ck,Valerio Crezzini,AS Roma,Parma Calcio 1913,S. Britschgi,0,0,0,1,0,1,0,0,31,0,0,0,0,4,0
90,29 Oct 2025,,di2cpubntuatd5o4uesn6b9ck,Valerio Crezzini,AS Roma,Parma Calcio 1913,O. Sørensen,0,0,1,0,1,0,0,0,32,0,0,2,2,0,0
90,29 Oct 2025,,di2cpubntuatd5o4uesn6b9ck,Valerio Crezzini,AS Roma,Parma Calcio 1913,A. Circati,0,0,0,0,0,0,1,0,52,0,0,1,1,1,0
90,29 Oct 2025,,di2cpubntuatd5o4uesn6b9ck,Valerio Crezzini,AS Roma,Parma Calcio 1913,E. Delprato,0,0,0,0,0,0,0,0,29,0,0,0,0,1,1
90,29 Oct 2025,,di2cpubntuatd5o4uesn6b9ck,Valerio Crezzini,AS Roma,Parma Calcio 1913,N. Estévez,0,0,0,0,0,1,0,0,27,0,0,0,0,3,0
90,29 Oct 2025,,di2cpubntuatd5o4uesn6b9ck,Valerio Crezzini,AS Roma,Parma Calcio 1913,C. Ordoñez,0,0,0,4,1,1,0,0,22,0,0,1,1,2,1
90,29 Oct 2025,,di2cpubntuatd5o4uesn6b9ck,Valerio Crezzini,AS Roma,Parma Calcio 1913,M. Troilo,0,0,0,0,0,0,0,0,0,0,0,0,0,0,1
90,29 Oct 2025,,di2cpubntuatd5o4uesn6b9ck,Valerio Crezzini,AS Roma,Parma Calcio 1913,A. Benedyczak,1,0,0,2,1,0,0,0,6,0,0,0,0,0,0
90,29 Oct 2025,,di2cpubntuatd5o4uesn6b9ck,Valerio Crezzini,AS Roma,Parma Calcio 1913,B. Cremaschi,0,0,0,0,0,0,0,0,1,0,0,0,0,1,0
90,29 Oct 2025,,di2cpubntuatd5o4uesn6b9ck,Valerio Crezzini,AS Roma,Parma Calcio 1913,P. Almqvist,0,0,0,0,0,1,0,0,7,0,0,0,0,0,0
90,29 Oct 2025,,di2cpubntuatd5o4uesn6b9ck,Valerio Crezzini,AS Roma,Parma Calcio 1913,M. Đurić,0,0,0,0,0,1,0,0,2,0,0,0,0,0,0
90,29 Oct 2025,,di2cpubntuatd5o4uesn6b9ck,Valerio Crezzini,AS Roma,Parma Calcio 1913,T. Begić,0,0,0,0,0,0,0,0,1,0,0,0,0,0,0
31,20 Sep 2025,,cuawxsnj5e0jykj7h7xw9t7v8,Giuseppe Collu,Bologna FC 1909,Genoa CFC,N. Moro,0,2,1,1,1,1,0,0,46,0,0,2,0,2,0
31,20 Sep 2025,,cuawxsnj5e0jykj7h7xw9t7v8,Giuseppe Collu,Bologna FC 1909,Genoa CFC,Ł. Skorupski,0,0,0,0,0,0,0,0,42,0,3,0,0,0,0
31,20 Sep 2025,,cuawxsnj5e0jykj7h7xw9t7v8,Giuseppe Collu,Bologna FC 1909,Genoa CFC,L. De Silvestri,0,0,1,1,1,0,0,0,16,0,0,0,0,0,0
31,20 Sep 2025,,cuawxsnj5e0jykj7h7xw9t7v8,Giuseppe Collu,Bologna FC 1909,Genoa CFC,M. Vitík,0,0,0,0,0,0,0,0,38,0,0,1,0,2,0
31,20 Sep 2025,,cuawxsnj5e0jykj7h7xw9t7v8,Giuseppe Collu,Bologna FC 1909,Genoa CFC,Juan Miranda,0,0,1,8,0,2,0,0,41,0,0,0,0,1,0
31,20 Sep 2025,,cuawxsnj5e0jykj7h7xw9t7v8,Giuseppe Collu,Bologna FC 1909,Genoa CFC,B. Domínguez,0,0,1,0,0,1,0,1,24,0,0,0,0,0,0
31,20 Sep 2025,,cuawxsnj5e0jykj7h7xw9t7v8,Giuseppe Collu,Bologna FC 1909,Genoa CFC,F. Bernardeschi,0,1,0,3,1,2,0,0,16,0,0,1,0,1,1
31,20 Sep 2025,,cuawxsnj5e0jykj7h7xw9t7v8,Giuseppe Collu,Bologna FC 1909,Genoa CFC,T. Heggem,0,0,1,0,0,0,0,0,46,0,0,1,0,1,0
31,20 Sep 2025,,cuawxsnj5e0jykj7h7xw9t7v8,Giuseppe Collu,Bologna FC 1909,Genoa CFC,R. Orsolini,0,0,0,1,0,4,1,1,25,0,0,5,3,0,0
31,20 Sep 2025,,cuawxsnj5e0jykj7h7xw9t7v8,Giuseppe Collu,Bologna FC 1909,Genoa CFC,R. Freuler,0,0,1,0,3,1,0,0,53,0,0,0,0,6,0
31,20 Sep 2025,,cuawxsnj5e0jykj7h7xw9t7v8,Giuseppe Collu,Bologna FC 1909,Genoa CFC,S. Castro,0,0,1,0,2,1,1,2,11,0,0,3,3,0,0
31,20 Sep 2025,,cuawxsnj5e0jykj7h7xw9t7v8,Giuseppe Collu,Bologna FC 1909,Genoa CFC,N. Zortea,0,0,0,3,0,0,0,0,10,0,0,0,0,0,0
31,20 Sep 2025,,cuawxsnj5e0jykj7h7xw9t7v8,Giuseppe Collu,Bologna FC 1909,Genoa CFC,N. Cambiaghi,1,0,1,1,2,1,0,0,9,0,0,1,0,0,0
31,20 Sep 2025,,cuawxsnj5e0jykj7h7xw9t7v8,Giuseppe Collu,Bologna FC 1909,Genoa CFC,L. Ferguson,0,0,0,1,1,1,0,0,15,0,0,0,0,0,0
31,20 Sep 2025,,cuawxsnj5e0jykj7h7xw9t7v8,Giuseppe Collu,Bologna FC 1909,Genoa CFC,T. Dallinga,0,0,0,0,1,0,0,0,6,0,0,0,0,0,0
31,20 Sep 2025,,cuawxsnj5e0jykj7h7xw9t7v8,Giuseppe Collu,Bologna FC 1909,Genoa CFC,J. Lucumí,0,0,0,0,0,0,0,0,8,0,0,0,0,0,0
31,20 Sep 2025,,cuawxsnj5e0jykj7h7xw9t7v8,Giuseppe Collu,Bologna FC 1909,Genoa CFC,Aarón Martín,0,0,1,4,1,0,0,0,28,0,0,1,1,1,0
31,20 Sep 2025,,cuawxsnj5e0jykj7h7xw9t7v8,Giuseppe Collu,Bologna FC 1909,Genoa CFC,Vítinha,0,0,0,0,1,1,0,0,17,0,0,1,0,2,1
31,20 Sep 2025,,cuawxsnj5e0jykj7h7xw9t7v8,Giuseppe Collu,Bologna FC 1909,Genoa CFC,L. Østigård,0,0,0,0,1,1,0,0,14,0,0,0,0,0,1
31,20 Sep 2025,,cuawxsnj5e0jykj7h7xw9t7v8,Giuseppe Collu,Bologna FC 1909,Genoa CFC,J. Vásquez,0,0,0,0,2,1,0,0,34,0,0,1,1,1,0
31,20 Sep 2025,,cuawxsnj5e0jykj7h7xw9t7v8,Giuseppe Collu,Bologna FC 1909,Genoa CFC,N. Leali,0,0,0,0,0,0,0,0,38,0,4,0,0,0,0
31,20 Sep 2025,,cuawxsnj5e0jykj7h7xw9t7v8,Giuseppe Collu,Bologna FC 1909,Genoa CFC,M. Ellertsson,0,0,1,2,2,0,1,1,14,0,0,1,1,1,0
31,20 Sep 2025,,cuawxsnj5e0jykj7h7xw9t7v8,Giuseppe Collu,Bologna FC 1909,Genoa CFC,B. Norton-Cuffy,0,0,0,1,2,0,0,0,23,0,0,0,0,3,1
31,20 Sep 2025,,cuawxsnj5e0jykj7h7xw9t7v8,Giuseppe Collu,Bologna FC 1909,Genoa CFC,L. Colombo,0,0,0,1,2,0,0,0,8,0,0,2,1,1,0
31,20 Sep 2025,,cuawxsnj5e0jykj7h7xw9t7v8,Giuseppe Collu,Bologna FC 1909,Genoa CFC,R. Malinovskyi,1,1,0,0,0,1,0,0,21,0,0,1,0,1,0
31,20 Sep 2025,,cuawxsnj5e0jykj7h7xw9t7v8,Giuseppe Collu,Bologna FC 1909,Genoa CFC,M. Frendrup,0,0,0,0,1,2,0,0,24,0,0,0,0,4,0
31,20 Sep 2025,,cuawxsnj5e0jykj7h7xw9t7v8,Giuseppe Collu,Bologna FC 1909,Genoa CFC,P. Masini,0,0,0,1,0,4,0,0,32,0,0,0,0,3,1
31,20 Sep 2025,,cuawxsnj5e0jykj7h7xw9t7v8,Giuseppe Collu,Bologna FC 1909,Genoa CFC,A. Marcandalli,0,0,0,0,0,1,0,0,17,0,0,0,0,0,0
31,20 Sep 2025,,cuawxsnj5e0jykj7h7xw9t7v8,Giuseppe Collu,Bologna FC 1909,Genoa CFC,C. Ekuban,0,0,0,0,0,0,0,0,7,0,0,0,0,0,0
31,20 Sep 2025,,cuawxsnj5e0jykj7h7xw9t7v8,Giuseppe Collu,Bologna FC 1909,Genoa CFC,J. Ekhator,0,0,0,0,1,1,0,0,4,0,0,0,0,1,0
31,20 Sep 2025,,cuawxsnj5e0jykj7h7xw9t7v8,Giuseppe Collu,Bologna FC 1909,Genoa CFC,V. Carboni,0,0,0,0,2,0,0,0,9,0,0,0,0,2,1
32,21 Sep 2025,,cuoyvh94watus9uvz0po9sc9g,Benito Carbone,US Cremonese,Parma Calcio 1913,F. Vázquez,0,0,2,4,2,3,0,0,27,0,0,1,1,1,0
32,21 Sep 2025,,cuoyvh94watus9uvz0po9sc9g,Benito Carbone,US Cremonese,Parma Calcio 1913,F. Terracciano,0,0,0,0,0,0,0,0,75,0,0,0,0,1,0
32,21 Sep 2025,,cuoyvh94watus9uvz0po9sc9g,Benito Carbone,US Cremonese,Parma Calcio 1913,M. Collocolo,0,0,0,0,0,0,0,0,5,0,0,0,0,0,0
32,21 Sep 2025,,cuoyvh94watus9uvz0po9sc9g,Benito Carbone,US Cremonese,Parma Calcio 1913,F. Baschirotto,0,0,0,0,2,0,0,1,47,0,0,1,0,0,0
32,21 Sep 2025,,cuoyvh94watus9uvz0po9sc9g,Benito Carbone,US Cremonese,Parma Calcio 1913,E. Audero,0,0,0,0,0,0,0,0,32,0,3,0,0,0,0
32,21 Sep 2025,,cuoyvh94watus9uvz0po9sc9g,Benito Carbone,US Cremonese,Parma Calcio 1913,A. Sanabria,0,0,0,1,2,0,0,3,7,0,0,0,0,0,0
32,21 Sep 2025,,cuoyvh94watus9uvz0po9sc9g,Benito Carbone,US Cremonese,Parma Calcio 1913,A. Zerbin,0,0,0,1,1,1,0,0,26,0,0,0,0,0,0
32,21 Sep 2025,,cuoyvh94watus9uvz0po9sc9g,Benito Carbone,US Cremonese,Parma Calcio 1913,M. Bianchetti,0,0,0,0,0,1,0,0,29,0,0,0,0,0,0
32,21 Sep 2025,,cuoyvh94watus9uvz0po9sc9g,Benito Carbone,US Cremonese,Parma Calcio 1913,J. Vandeputte,0,0,0,1,2,0,0,0,23,0,0,0,0,3,0
32,21 Sep 2025,,cuoyvh94watus9uvz0po9sc9g,Benito Carbone,US Cremonese,Parma Calcio 1913,G. Pezzella,0,0,0,2,4,0,0,2,18,0,0,0,0,2,1
32,21 Sep 2025,,cuoyvh94watus9uvz0po9sc9g,Benito Carbone,US Cremonese,Parma Calcio 1913,W. Bondo,0,0,0,0,0,1,0,0,46,0,0,0,0,1,0
32,21 Sep 2025,,cuoyvh94watus9uvz0po9sc9g,Benito Carbone,US Cremonese,Parma Calcio 1913,A. Grassi,0,0,0,0,0,1,0,0,41,0,0,0,0,0,0
32,21 Sep 2025,,cuoyvh94watus9uvz0po9sc9g,Benito Carbone,US Cremonese,Parma Calcio 1913,F. Ceccherini,0,0,0,0,2,1,0,0,18,0,0,0,0,1,0
32,21 Sep 2025,,cuoyvh94watus9uvz0po9sc9g,Benito Carbone,US Cremonese,Parma Calcio 1913,R. Floriani Mussolini,0,0,1,2,1,0,0,0,14,0,0,0,0,1,0
32,21 Sep 2025,,cuoyvh94watus9uvz0po9sc9g,Benito Carbone,US Cremonese,Parma Calcio 1913,D. Johnsen,0,0,0,3,0,0,0,0,7,0,0,0,0,0,0
32,21 Sep 2025,,cuoyvh94watus9uvz0po9sc9g,Benito Carbone,US Cremonese,Parma Calcio 1913,F. Moumbagna,0,1,0,0,0,0,0,0,1,0,0,1,0,0,0
32,21 Sep 2025,,cuoyvh94watus9uvz0po9sc9g,Benito Carbone,US Cremonese,Parma Calcio 1913,Adrián Bernabé,0,1,1,2,1,2,0,0,45,0,0,2,1,0,0
32,21 Sep 2025,,cuoyvh94watus9uvz0po9sc9g,Benito Carbone,US Cremonese,Parma Calcio 1913,Z. Suzuki,0,0,0,0,0,0,0,0,26,0,1,0,0,0,0
32,21 Sep 2025,,cuoyvh94watus9uvz0po9sc9g,Benito Carbone,US Cremonese,Parma Calcio 1913,M. Pellegrino,0,1,1,0,2,2,0,0,11,0,0,2,1,1,0
32,21 Sep 2025,,cuoyvh94watus9uvz0po9sc9g,Benito Carbone,US Cremonese,Parma Calcio 1913,E. Valeri,0,1,0,12,0,1,0,0,18,0,0,2,0,2,0
32,21 Sep 2025,,cuoyvh94watus9uvz0po9sc9g,Benito Carbone,US Cremonese,Parma Calcio 1913,A. Ndiaye,0,0,0,0,1,2,0,0,50,0,0,0,0,2,0
32,21 Sep 2025,,cuoyvh94watus9uvz0po9sc9g,Benito Carbone,US Cremonese,Parma Calcio 1913,E. Delprato,0,0,0,0,0,0,0,0,62,0,0,1,1,1,0
32,21 Sep 2025,,cuoyvh94watus9uvz0po9sc9g,Benito Carbone,US Cremonese,Parma Calcio 1913,P. Almqvist,0,1,1,1,1,4,0,0,23,0,0,1,0,5,0
32,21 Sep 2025,,cuoyvh94watus9uvz0po9sc9g,Benito Carbone,US Cremonese,Parma Calcio 1913,A. Circati,0,0,0,0,0,2,0,0,63,0,0,0,0,0,0
32,21 Sep 2025,,cuoyvh94watus9uvz0po9sc9g,Benito Carbone,US Cremonese,Parma Calcio 1913,P. Cutrone,0,0,0,1,0,1,0,0,15,0,0,2,0,0,0
32,21 Sep 2025,,cuoyvh94watus9uvz0po9sc9g,Benito Carbone,US Cremonese,Parma Calcio 1913,O. Sørensen,0,0,0,0,2,0,0,0,27,0,0,1,0,1,0
32,21 Sep 2025,,cuoyvh94watus9uvz0po9sc9g,Benito Carbone,US Cremonese,Parma Calcio 1913,M. Keita,0,0,0,0,0,0,0,0,30,0,0,0,0,3,0
32,21 Sep 2025,,cuoyvh94watus9uvz0po9sc9g,Benito Carbone,US Cremonese,Parma Calcio 1913,G. Oristanio,0,1,0,3,1,2,0,0,0,0,0,2,0,0,0
32,21 Sep 2025,,cuoyvh94watus9uvz0po9sc9g,Benito Carbone,US Cremonese,Parma Calcio 1913,M. Løvik,0,0,0,0,0,0,0,0,3,0,0,1,0,0,0
32,21 Sep 2025,,cuoyvh94watus9uvz0po9sc9g,Benito Carbone,US Cremonese,Parma Calcio 1913,C. Ordoñez,0,1,0,0,0,0,0,0,3,0,0,1,0,1,0
32,21 Sep 2025,,cuoyvh94watus9uvz0po9sc9g,Benito Carbone,US Cremonese,Parma Calcio 1913,M. Đurić,0,0,0,0,0,0,0,0,1,0,0,0,0,0,0
33,21 Sep 2025,,cv30lveqsxxb7uod3lhwqnbx0,Kevin Bonacina,ACF Fiorentina,Calcio Como 1907,M. Pongračić,0,0,0,0,3,1,0,0,39,0,0,0,0,2,1
33,21 Sep 2025,,cv30lveqsxxb7uod3lhwqnbx0,Kevin Bonacina,ACF Fiorentina,Calcio Como 1907,T. Lamptey,0,0,0,0,0,0,0,0,3,0,0,0,0,1,0
33,21 Sep 2025,,cv30lveqsxxb7uod3lhwqnbx0,Kevin Bonacina,ACF Fiorentina,Calcio Como 1907,Dodô,0,0,0,2,1,1,0,0,35,0,0,0,0,1,1
33,21 Sep 2025,,cv30lveqsxxb7uod3lhwqnbx0,Kevin Bonacina,ACF Fiorentina,Calcio Como 1907,R. Gosens,0,0,0,3,1,3,0,0,29,0,0,0,0,0,0
33,21 Sep 2025,,cv30lveqsxxb7uod3lhwqnbx0,Kevin Bonacina,ACF Fiorentina,Calcio Como 1907,L. Ranieri,0,0,0,1,1,0,0,0,39,0,0,0,0,2,1
33,21 Sep 2025,,cv30lveqsxxb7uod3lhwqnbx0,Kevin Bonacina,ACF Fiorentina,Calcio Como 1907,J. Fazzini,0,0,0,1,2,1,0,0,12,0,0,0,0,3,0
33,21 Sep 2025,,cv30lveqsxxb7uod3lhwqnbx0,Kevin Bonacina,ACF Fiorentina,Calcio Como 1907,H. Nicolussi,0,0,0,3,2,4,0,0,35,0,0,1,0,4,0
33,21 Sep 2025,,cv30lveqsxxb7uod3lhwqnbx0,Kevin Bonacina,ACF Fiorentina,Calcio Como 1907,R. Mandragora,0,2,0,2,0,0,1,0,20,0,0,3,1,4,0
33,21 Sep 2025,,cv30lveqsxxb7uod3lhwqnbx0,Kevin Bonacina,ACF Fiorentina,Calcio Como 1907,M. Kean,0,1,0,0,2,1,0,2,5,0,0,2,0,1,0
33,21 Sep 2025,,cv30lveqsxxb7uod3lhwqnbx0,Kevin Bonacina,ACF Fiorentina,Calcio Como 1907,R. Piccoli,0,0,2,0,1,1,0,0,9,0,0,1,0,0,0
33,21 Sep 2025,,cv30lveqsxxb7uod3lhwqnbx0,Kevin Bonacina,ACF Fiorentina,Calcio Como 1907,David de Gea,0,0,0,0,0,0,0,0,30,0,5,0,0,0,0
33,21 Sep 2025,,cv30lveqsxxb7uod3lhwqnbx0,Kevin Bonacina,ACF Fiorentina,Calcio Como 1907,N. Fortini,0,0,0,4,1,2,0,0,19,0,0,0,0,3,0
33,21 Sep 2025,,cv30lveqsxxb7uod3lhwqnbx0,Kevin Bonacina,ACF Fiorentina,Calcio Como 1907,S. Sohm,0,0,0,0,1,1,0,0,7,0,0,1,0,0,1
33,21 Sep 2025,,cv30lveqsxxb7uod3lhwqnbx0,Kevin Bonacina,ACF Fiorentina,Calcio Como 1907,N. Fagioli,0,0,0,0,0,2,0,0,17,0,0,0,0,1,0
33,21 Sep 2025,,cv30lveqsxxb7uod3lhwqnbx0,Kevin Bonacina,ACF Fiorentina,Calcio Como 1907,E. Džeko,0,0,0,0,0,2,0,0,5,0,0,0,0,0,0
33,21 Sep 2025,,cv30lveqsxxb7uod3lhwqnbx0,Kevin Bonacina,ACF Fiorentina,Calcio Como 1907,M. Viti,0,0,0,0,1,0,0,0,9,0,0,0,0,0,0
33,21 Sep 2025,,cv30lveqsxxb7uod3lhwqnbx0,Kevin Bonacina,ACF Fiorentina,Calcio Como 1907,Álvaro Morata,0,0,1,0,1,3,0,0,10,0,0,2,1,1,0
33,21 Sep 2025,,cv30lveqsxxb7uod3lhwqnbx0,Kevin Bonacina,ACF Fiorentina,Calcio Como 1907,M. Perrone,0,0,0,0,4,3,0,0,87,0,0,1,0,1,0
33,21 Sep 2025,,cv30lveqsxxb7uod3lhwqnbx0,Kevin Bonacina,ACF Fiorentina,Calcio Como 1907,Sergi Roberto,0,0,1,1,1,1,0,0,68,0,0,3,1,0,1
33,21 Sep 2025,,cv30lveqsxxb7uod3lhwqnbx0,Kevin Bonacina,ACF Fiorentina,Calcio Como 1907,Álex Valle,0,0,1,3,1,1,0,0,39,0,0,2,0,2,0
33,21 Sep 2025,,cv30lveqsxxb7uod3lhwqnbx0,Kevin Bonacina,ACF Fiorentina,Calcio Como 1907,N. Kühn,0,0,0,2,1,0,0,0,23,0,0,0,0,1,0
33,21 Sep 2025,,cv30lveqsxxb7uod3lhwqnbx0,Kevin Bonacina,ACF Fiorentina,Calcio Como 1907,M. Kempf,0,0,1,0,3,0,1,0,46,0,0,1,1,0,1
33,21 Sep 2025,,cv30lveqsxxb7uod3lhwqnbx0,Kevin Bonacina,ACF Fiorentina,Calcio Como 1907,J. Butez,0,0,0,0,0,0,0,0,39,0,0,0,0,0,0
33,21 Sep 2025,,cv30lveqsxxb7uod3lhwqnbx0,Kevin Bonacina,ACF Fiorentina,Calcio Como 1907,I. Smolčić,0,0,1,1,1,1,0,0,51,0,0,1,0,2,0
33,21 Sep 2025,,cv30lveqsxxb7uod3lhwqnbx0,Kevin Bonacina,ACF Fiorentina,Calcio Como 1907,N. Paz,2,1,0,10,2,2,0,0,48,0,0,4,3,8,0
33,21 Sep 2025,,cv30lveqsxxb7uod3lhwqnbx0,Kevin Bonacina,ACF Fiorentina,Calcio Como 1907,M. Vojvoda,0,0,0,1,3,0,0,1,21,0,0,0,0,0,1
33,21 Sep 2025,,cv30lveqsxxb7uod3lhwqnbx0,Kevin Bonacina,ACF Fiorentina,Calcio Como 1907,Diego Carlos,0,0,0,0,1,1,0,1,29,0,0,0,0,2,0
33,21 Sep 2025,,cv30lveqsxxb7uod3lhwqnbx0,Kevin Bonacina,ACF Fiorentina,Calcio Como 1907,Jesús Rodríguez,0,2,1,0,1,2,0,0,18,0,0,3,0,0,0
33,21 Sep 2025,,cv30lveqsxxb7uod3lhwqnbx0,Kevin Bonacina,ACF Fiorentina,Calcio Como 1907,J. Addai,0,0,0,1,0,1,1,0,8,0,0,2,1,0,0
33,21 Sep 2025,,cv30lveqsxxb7uod3lhwqnbx0,Kevin Bonacina,ACF Fiorentina,Calcio Como 1907,T. Douvikas,0,0,0,0,0,1,0,0,7,0,0,0,0,1,0
33,21 Sep 2025,,cv30lveqsxxb7uod3lhwqnbx0,Kevin Bonacina,ACF Fiorentina,Calcio Como 1907,S. Posch,0,0,0,0,0,0,0,0,8,0,0,0,0,0,0
33,21 Sep 2025,,cv30lveqsxxb7uod3lhwqnbx0,Kevin Bonacina,ACF Fiorentina,Calcio Como 1907,E. Goldaniga,0,0,0,0,0,0,0,0,0,0,0,0,0,0,0
34,21 Sep 2025,,cvinn2fcsyfjax1uwdda87eok,Livio Marinelli,FC Internazionale Milano,US Sassuolo Calcio,F. Dimarco,0,0,0,9,3,1,1,0,29,0,0,2,2,4,1
34,21 Sep 2025,,cvinn2fcsyfjax1uwdda87eok,Livio Marinelli,FC Internazionale Milano,US Sassuolo Calcio,Carlos Augusto,0,0,1,1,2,1,0,0,49,0,0,4,2,1,0
34,21 Sep 2025,,cvinn2fcsyfjax1uwdda87eok,Livio Marinelli,FC Internazionale Milano,US Sassuolo Calcio,H. Çalhanoğlu,0,0,1,6,1,0,0,0,67,0,0,1,0,1,1
34,21 Sep 2025,,cvinn2fcsyfjax1uwdda87eok,Livio Marinelli,FC Internazionale Milano,US Sassuolo Calcio,D. Dumfries,0,1,1,3,0,0,0,0,26,0,0,1,0,2,0
34,21 Sep 2025,,cvinn2fcsyfjax1uwdda87eok,Livio Marinelli,FC Internazionale Milano,US Sassuolo Calcio,M. Akanji,0,1,0,0,2,0,0,0,59,0,0,1,0,2,0
34,21 Sep 2025,,cvinn2fcsyfjax1uwdda87eok,Livio Marinelli,FC Internazionale Milano,US Sassuolo Calcio,F. Acerbi,0,0,0,0,1,0,0,1,65,0,0,0,0,3,0
34,21 Sep 2025,,cvinn2fcsyfjax1uwdda87eok,Livio Marinelli,FC Internazionale Milano,US Sassuolo Calcio,Josep Martínez,0,0,0,0,0,0,0,0,30,0,4,0,0,0,0
34,21 Sep 2025,,cvinn2fcsyfjax1uwdda87eok,Livio Marinelli,FC Internazionale Milano,US Sassuolo Calcio,F. Esposito,0,0,0,0,1,2,0,0,17,0,0,4,1,0,0
34,21 Sep 2025,,cvinn2fcsyfjax1uwdda87eok,Livio Marinelli,FC Internazionale Milano,US Sassuolo Calcio,M. Thuram,0,1,1,1,0,1,0,0,15,0,0,2,0,0,0
34,21 Sep 2025,,cvinn2fcsyfjax1uwdda87eok,Livio Marinelli,FC Internazionale Milano,US Sassuolo Calcio,N. Barella,0,0,2,3,0,0,0,0,61,0,0,1,0,2,0
34,21 Sep 2025,,cvinn2fcsyfjax1uwdda87eok,Livio Marinelli,FC Internazionale Milano,US Sassuolo Calcio,P. Sučić,1,0,0,2,3,2,0,0,37,0,0,0,0,1,0
34,21 Sep 2025,,cvinn2fcsyfjax1uwdda87eok,Livio Marinelli,FC Internazionale Milano,US Sassuolo Calcio,Luis Henrique,0,1,1,1,0,0,0,0,14,0,0,1,0,0,0
34,21 Sep 2025,,cvinn2fcsyfjax1uwdda87eok,Livio Marinelli,FC Internazionale Milano,US Sassuolo Calcio,L. Martínez,0,2,0,0,1,0,0,0,12,0,0,2,0,1,0
34,21 Sep 2025,,cvinn2fcsyfjax1uwdda87eok,Livio Marinelli,FC Internazionale Milano,US Sassuolo Calcio,D. Frattesi,0,0,0,0,1,0,0,1,4,0,0,1,1,1,0
34,21 Sep 2025,,cvinn2fcsyfjax1uwdda87eok,Livio Marinelli,FC Internazionale Milano,US Sassuolo Calcio,A. Bonny,0,0,0,0,0,1,0,0,4,0,0,0,0,0,0
34,21 Sep 2025,,cvinn2fcsyfjax1uwdda87eok,Livio Marinelli,FC Internazionale Milano,US Sassuolo Calcio,A. Pinamonti,0,0,1,0,0,1,0,0,16,0,0,1,1,1,0
34,21 Sep 2025,,cvinn2fcsyfjax1uwdda87eok,Livio Marinelli,FC Internazionale Milano,US Sassuolo Calcio,J. Idzes,0,0,0,0,2,0,0,0,37,0,0,0,0,2,0
34,21 Sep 2025,,cvinn2fcsyfjax1uwdda87eok,Livio Marinelli,FC Internazionale Milano,US Sassuolo Calcio,D. Berardi,1,0,0,1,1,3,0,1,26,0,0,3,2,1,0
34,21 Sep 2025,,cvinn2fcsyfjax1uwdda87eok,Livio Marinelli,FC Internazionale Milano,US Sassuolo Calcio,W. Coulibaly,0,0,0,0,1,0,0,0,23,0,0,0,0,2,0
34,21 Sep 2025,,cvinn2fcsyfjax1uwdda87eok,Livio Marinelli,FC Internazionale Milano,US Sassuolo Calcio,N. Matić,0,0,0,0,2,3,0,0,42,0,0,0,0,3,0
34,21 Sep 2025,,cvinn2fcsyfjax1uwdda87eok,Livio Marinelli,FC Internazionale Milano,US Sassuolo Calcio,J. Doig,0,0,0,1,0,0,0,0,26,0,0,0,0,1,0
34,21 Sep 2025,,cvinn2fcsyfjax1uwdda87eok,Livio Marinelli,FC Internazionale Milano,US Sassuolo Calcio,T. Muharemović,0,0,0,1,2,0,0,0,44,0,0,0,0,3,1
34,21 Sep 2025,,cvinn2fcsyfjax1uwdda87eok,Livio Marinelli,FC Internazionale Milano,US Sassuolo Calcio,I. Koné,0,0,0,0,0,1,0,0,15,0,0,0,0,2,0
34,21 Sep 2025,,cvinn2fcsyfjax1uwdda87eok,Livio Marinelli,FC Internazionale Milano,US Sassuolo Calcio,A. Laurienté,0,1,2,4,0,1,0,2,11,0,0,2,1,2,0
34,21 Sep 2025,,cvinn2fcsyfjax1uwdda87eok,Livio Marinelli,FC Internazionale Milano,US Sassuolo Calcio,A. Vranckx,0,0,0,0,0,1,0,0,7,0,0,0,0,1,0
34,21 Sep 2025,,cvinn2fcsyfjax1uwdda87eok,Livio Marinelli,FC Internazionale Milano,US Sassuolo Calcio,A. Murić,0,0,0,0,0,0,0,0,41,0,5,0,0,0,0
34,21 Sep 2025,,cvinn2fcsyfjax1uwdda87eok,Livio Marinelli,FC Internazionale Milano,US Sassuolo Calcio,C. Volpato,0,0,0,0,0,0,0,0,8,0,0,0,0,0,0
34,21 Sep 2025,,cvinn2fcsyfjax1uwdda87eok,Livio Marinelli,FC Internazionale Milano,US Sassuolo Calcio,K. Thorstvedt,0,1,0,0,0,1,0,0,8,0,0,1,0,0,0
34,21 Sep 2025,,cvinn2fcsyfjax1uwdda87eok,Livio Marinelli,FC Internazionale Milano,US Sassuolo Calcio,A. Fadera,0,0,0,0,0,1,0,0,7,0,0,0,0,0,0
34,21 Sep 2025,,cvinn2fcsyfjax1uwdda87eok,Livio Marinelli,FC Internazionale Milano,US Sassuolo Calcio,W. Cheddira,0,1,0,1,0,1,1,0,4,0,0,2,1,0,0
34,21 Sep 2025,,cvinn2fcsyfjax1uwdda87eok,Livio Marinelli,FC Internazionale Milano,US Sassuolo Calcio,N. Pierini,0,0,0,0,0,1,0,0,1,0,0,0,0,1,0
35,21 Sep 2025,,cvwv2nuu43dmvycrt5mse7lec,Simone Sozza,SS Lazio,AS Roma,A. Romagnoli,0,0,0,0,0,1,0,0,47,0,0,1,0,1,0
35,21 Sep 2025,,cvwv2nuu43dmvycrt5mse7lec,Simone Sozza,SS Lazio,AS Roma,N. Rovella,0,0,0,0,0,1,0,0,21,0,0,0,0,1,0
35,21 Sep 2025,,cvwv2nuu43dmvycrt5mse7lec,Simone Sozza,SS Lazio,AS Roma,B. Dia,0,0,0,0,3,1,0,0,16,0,0,1,0,0,0
35,21 Sep 2025,,cvwv2nuu43dmvycrt5mse7lec,Simone Sozza,SS Lazio,AS Roma,Nuno Tavares,0,0,0,1,0,0,0,0,26,0,0,1,0,1,0
35,21 Sep 2025,,cvwv2nuu43dmvycrt5mse7lec,Simone Sozza,SS Lazio,AS Roma,M. Zaccagni,0,0,2,1,1,3,0,0,20,0,0,1,1,2,0
35,21 Sep 2025,,cvwv2nuu43dmvycrt5mse7lec,Simone Sozza,SS Lazio,AS Roma,Mario Gila,0,0,0,0,1,3,0,0,46,0,0,0,0,1,1
35,21 Sep 2025,,cvwv2nuu43dmvycrt5mse7lec,Simone Sozza,SS Lazio,AS Roma,A. Marušić,0,0,0,2,1,1,0,0,48,0,0,0,0,0,0
35,21 Sep 2025,,cvwv2nuu43dmvycrt5mse7lec,Simone Sozza,SS Lazio,AS Roma,M. Guendouzi,0,0,0,2,0,5,0,0,29,1,0,0,0,2,0
35,21 Sep 2025,,cvwv2nuu43dmvycrt5mse7lec,Simone Sozza,SS Lazio,AS Roma,Pedro,0,0,0,4,1,2,0,0,24,0,0,1,0,0,0
35,21 Sep 2025,,cvwv2nuu43dmvycrt5mse7lec,Simone Sozza,SS Lazio,AS Roma,I. Provedel,0,0,0,0,0,0,0,0,32,0,5,0,0,0,0
35,21 Sep 2025,,cvwv2nuu43dmvycrt5mse7lec,Simone Sozza,SS Lazio,AS Roma,F. Dele-Bashiru,0,0,0,0,0,0,0,0,0,0,0,0,0,0,0
35,21 Sep 2025,,cvwv2nuu43dmvycrt5mse7lec,Simone Sozza,SS Lazio,AS Roma,R. Belahyane,0,0,0,0,2,0,0,0,17,1,0,0,0,4,0
35,21 Sep 2025,,cvwv2nuu43dmvycrt5mse7lec,Simone Sozza,SS Lazio,AS Roma,D. Cataldi,0,0,0,0,2,0,0,0,32,0,0,2,0,0,0
35,21 Sep 2025,,cvwv2nuu43dmvycrt5mse7lec,Simone Sozza,SS Lazio,AS Roma,L. Pellegrini,0,0,1,4,2,1,0,0,22,0,0,0,0,1,0
35,21 Sep 2025,,cvwv2nuu43dmvycrt5mse7lec,Simone Sozza,SS Lazio,AS Roma,V. Castellanos,0,0,0,1,1,1,0,0,7,0,0,3,1,1,0
35,21 Sep 2025,,cvwv2nuu43dmvycrt5mse7lec,Simone Sozza,SS Lazio,AS Roma,T. Noslin,0,0,0,0,0,1,0,0,3,0,0,0,0,0,0
35,21 Sep 2025,,cvwv2nuu43dmvycrt5mse7lec,Simone Sozza,SS Lazio,AS Roma,L. Pellegrini,0,0,0,2,1,2,1,1,24,0,0,2,2,2,0
35,21 Sep 2025,,cvwv2nuu43dmvycrt5mse7lec,Simone Sozza,SS Lazio,AS Roma,B. Cristante,0,1,0,0,4,1,0,0,34,0,0,1,0,1,0
35,21 Sep 2025,,cvwv2nuu43dmvycrt5mse7lec,Simone Sozza,SS Lazio,AS Roma,E. Ndicka,0,0,0,0,2,2,0,0,41,0,0,1,0,1,1
35,21 Sep 2025,,cvwv2nuu43dmvycrt5mse7lec,Simone Sozza,SS Lazio,AS Roma,Angeliño,0,0,1,4,2,0,0,0,37,0,0,2,1,3,0
35,21 Sep 2025,,cvwv2nuu43dmvycrt5mse7lec,Simone Sozza,SS Lazio,AS Roma,E. Ferguson,0,0,0,0,2,0,0,0,15,0,0,2,1,1,0
35,21 Sep 2025,,cvwv2nuu43dmvycrt5mse7lec,Simone Sozza,SS Lazio,AS Roma,M. Koné,0,0,0,0,1,4,0,0,44,0,0,0,0,0,0
35,21 Sep 2025,,cvwv2nuu43dmvycrt5mse7lec,Simone Sozza,SS Lazio,AS Roma,M. Soulé,1,0,1,6,0,0,0,0,25,0,0,1,1,1,0
35,21 Sep 2025,,cvwv2nuu43dmvycrt5mse7lec,Simone Sozza,SS Lazio,AS Roma,Z. Çelik,0,0,0,1,4,0,0,1,44,0,0,0,0,1,0
35,21 Sep 2025,,cvwv2nuu43dmvycrt5mse7lec,Simone Sozza,SS Lazio,AS Roma,G. Mancini,0,0,1,1,2,3,0,1,41,0,0,0,0,1,0
35,21 Sep 2025,,cvwv2nuu43dmvycrt5mse7lec,Simone Sozza,SS Lazio,AS Roma,D. Rensch,0,0,3,2,0,2,0,1,38,0,0,1,1,4,0
35,21 Sep 2025,,cvwv2nuu43dmvycrt5mse7lec,Simone Sozza,SS Lazio,AS Roma,M. Svilar,0,0,0,0,0,0,0,0,35,0,2,0,0,0,0
35,21 Sep 2025,,cvwv2nuu43dmvycrt5mse7lec,Simone Sozza,SS Lazio,AS Roma,A. Dovbyk,0,0,0,0,1,0,0,0,7,0,0,1,0,0,0
35,21 Sep 2025,,cvwv2nuu43dmvycrt5mse7lec,Simone Sozza,SS Lazio,AS Roma,N. Pisilli,0,0,0,0,0,0,0,0,9,0,0,0,0,1,0
35,21 Sep 2025,,cvwv2nuu43dmvycrt5mse7lec,Simone Sozza,SS Lazio,AS Roma,T. Baldanzi,0,0,0,0,2,0,0,0,7,0,0,2,0,0,0
35,21 Sep 2025,,cvwv2nuu43dmvycrt5mse7lec,Simone Sozza,SS Lazio,AS Roma,K. Tsimikas,0,0,0,1,0,0,0,0,6,0,0,0,0,1,0
35,21 Sep 2025,,cvwv2nuu43dmvycrt5mse7lec,Simone Sozza,SS Lazio,AS Roma,N. El Aynaoui,0,0,0,0,1,0,0,0,1,0,0,0,0,0,0
36,19 Sep 2025,,cwayb4slmogc08eftjr54x6ac,Luca Zufferli,US Lecce,Cagliari Calcio,Y. Ramadani,0,0,0,0,0,2,0,0,39,0,0,1,0,2,0
36,19 Sep 2025,,cwayb4slmogc08eftjr54x6ac,Luca Zufferli,US Lecce,Cagliari Calcio,W. Falcone,0,0,0,0,0,0,0,0,23,0,4,0,0,0,0
36,19 Sep 2025,,cwayb4slmogc08eftjr54x6ac,Luca Zufferli,US Lecce,Cagliari Calcio,L. Coulibaly,0,0,0,1,2,0,0,0,28,0,0,1,1,2,1
36,19 Sep 2025,,cwayb4slmogc08eftjr54x6ac,Luca Zufferli,US Lecce,Cagliari Calcio,A. Gallo,0,0,1,3,0,1,0,0,22,0,0,0,0,1,0
36,19 Sep 2025,,cwayb4slmogc08eftjr54x6ac,Luca Zufferli,US Lecce,Cagliari Calcio,N. Štulić,0,0,0,0,1,1,0,0,10,0,0,1,1,1,0
36,19 Sep 2025,,cwayb4slmogc08eftjr54x6ac,Luca Zufferli,US Lecce,Cagliari Calcio,Tiago Gabriel,0,0,0,0,1,0,1,0,55,0,0,2,1,0,1
36,19 Sep 2025,,cwayb4slmogc08eftjr54x6ac,Luca Zufferli,US Lecce,Cagliari Calcio,Álex Sala,0,0,0,1,1,1,0,0,16,0,0,1,0,1,0
36,19 Sep 2025,,cwayb4slmogc08eftjr54x6ac,Luca Zufferli,US Lecce,Cagliari Calcio,S. Pierotti,0,0,2,1,3,1,0,0,15,0,0,1,1,1,0
36,19 Sep 2025,,cwayb4slmogc08eftjr54x6ac,Luca Zufferli,US Lecce,Cagliari Calcio,O. Kouassi,0,0,0,0,0,1,0,0,39,0,0,0,0,5,0
36,19 Sep 2025,,cwayb4slmogc08eftjr54x6ac,Luca Zufferli,US Lecce,Cagliari Calcio,Kialonda Gaspar,0,0,0,0,0,4,0,0,53,0,0,1,0,2,0
36,19 Sep 2025,,cwayb4slmogc08eftjr54x6ac,Luca Zufferli,US Lecce,Cagliari Calcio,R. Sottil,1,0,0,5,1,4,0,0,19,0,0,0,0,0,0
36,19 Sep 2025,,cwayb4slmogc08eftjr54x6ac,Luca Zufferli,US Lecce,Cagliari Calcio,C. Ndaba,0,0,0,1,1,0,0,0,21,0,0,0,0,1,0
36,19 Sep 2025,,cwayb4slmogc08eftjr54x6ac,Luca Zufferli,US Lecce,Cagliari Calcio,M. Kaba,0,0,0,1,0,2,0,0,22,0,0,1,1,0,0
36,19 Sep 2025,,cwayb4slmogc08eftjr54x6ac,Luca Zufferli,US Lecce,Cagliari Calcio,Tete Morente,0,0,0,3,0,0,0,0,12,0,0,1,0,0,0
36,19 Sep 2025,,cwayb4slmogc08eftjr54x6ac,Luca Zufferli,US Lecce,Cagliari Calcio,K. N’Dri,0,0,1,0,0,1,0,0,3,0,0,1,0,1,0
36,19 Sep 2025,,cwayb4slmogc08eftjr54x6ac,Luca Zufferli,US Lecce,Cagliari Calcio,F. Camarda,0,0,0,0,0,1,0,0,1,0,0,0,0,0,0
36,19 Sep 2025,,cwayb4slmogc08eftjr54x6ac,Luca Zufferli,US Lecce,Cagliari Calcio,M. Adopo,0,0,0,0,1,0,0,0,26,0,0,1,1,1,0
36,19 Sep 2025,,cwayb4slmogc08eftjr54x6ac,Luca Zufferli,US Lecce,Cagliari Calcio,Y. Mina,0,0,0,0,2,1,0,0,53,0,0,0,0,1,0
36,19 Sep 2025,,cwayb4slmogc08eftjr54x6ac,Luca Zufferli,US Lecce,Cagliari Calcio,S. Esposito,0,1,4,3,4,0,0,0,17,0,0,3,0,4,1
36,19 Sep 2025,,cwayb4slmogc08eftjr54x6ac,Luca Zufferli,US Lecce,Cagliari Calcio,M. Prati,0,0,1,7,2,0,0,0,19,0,0,1,0,0,1
36,19 Sep 2025,,cwayb4slmogc08eftjr54x6ac,Luca Zufferli,US Lecce,Cagliari Calcio,M. Folorunsho,0,2,1,0,1,2,0,0,29,0,0,2,0,0,0
36,19 Sep 2025,,cwayb4slmogc08eftjr54x6ac,Luca Zufferli,US Lecce,Cagliari Calcio,S. Luperto,0,0,0,0,0,1,0,0,40,0,0,0,0,1,0
36,19 Sep 2025,,cwayb4slmogc08eftjr54x6ac,Luca Zufferli,US Lecce,Cagliari Calcio,A. Deiola,0,0,0,0,2,1,0,0,36,0,0,2,1,4,0
36,19 Sep 2025,,cwayb4slmogc08eftjr54x6ac,Luca Zufferli,US Lecce,Cagliari Calcio,A. Belotti,0,0,0,0,0,2,2,1,18,0,0,4,2,0,0
36,19 Sep 2025,,cwayb4slmogc08eftjr54x6ac,Luca Zufferli,US Lecce,Cagliari Calcio,M. Palestra,1,0,1,6,1,2,0,0,18,0,0,1,1,1,0
36,19 Sep 2025,,cwayb4slmogc08eftjr54x6ac,Luca Zufferli,US Lecce,Cagliari Calcio,Elia Caprile,0,0,0,0,0,0,0,0,25,0,4,0,0,0,0
36,19 Sep 2025,,cwayb4slmogc08eftjr54x6ac,Luca Zufferli,US Lecce,Cagliari Calcio,A. Obert,0,0,0,1,2,0,0,0,40,0,0,0,0,5,1
36,19 Sep 2025,,cwayb4slmogc08eftjr54x6ac,Luca Zufferli,US Lecce,Cagliari Calcio,G. Gaetano,0,0,0,0,1,0,0,0,10,0,0,0,0,0,0
36,19 Sep 2025,,cwayb4slmogc08eftjr54x6ac,Luca Zufferli,US Lecce,Cagliari Calcio,M. Felici,0,0,0,0,1,0,0,0,10,0,0,1,1,3,0
36,19 Sep 2025,,cwayb4slmogc08eftjr54x6ac,Luca Zufferli,US Lecce,Cagliari Calcio,G. Zappa,0,0,0,1,1,0,0,0,5,0,0,0,0,0,0
36,19 Sep 2025,,cwayb4slmogc08eftjr54x6ac,Luca Zufferli,US Lecce,Cagliari Calcio,S. Kılıçsoy,0,0,0,0,1,0,0,1,3,0,0,0,0,0,0
36,19 Sep 2025,,cwayb4slmogc08eftjr54x6ac,Luca Zufferli,US Lecce,Cagliari Calcio,L. Mazzitelli,0,0,0,0,0,1,0,0,2,0,0,0,0,0,0
37,22 Sep 2025,,cwp801847hnz6cu08s3qng3ro,Valerio Crezzini,SSC Napoli,Pisa Sporting Club,A. Buongiorno,0,1,0,0,2,3,0,0,52,0,0,1,0,2,0
37,22 Sep 2025,,cwp801847hnz6cu08s3qng3ro,Valerio Crezzini,SSC Napoli,Pisa Sporting Club,K. De Bruyne,0,1,0,3,0,1,0,0,61,0,0,3,1,0,0
37,22 Sep 2025,,cwp801847hnz6cu08s3qng3ro,Valerio Crezzini,SSC Napoli,Pisa Sporting Club,L. Spinazzola,0,0,1,2,0,0,1,0,46,0,0,1,1,1,1
37,22 Sep 2025,,cwp801847hnz6cu08s3qng3ro,Valerio Crezzini,SSC Napoli,Pisa Sporting Club,S. Beukema,0,0,0,0,1,2,0,0,89,0,0,1,1,1,0
37,22 Sep 2025,,cwp801847hnz6cu08s3qng3ro,Valerio Crezzini,SSC Napoli,Pisa Sporting Club,G. Di Lorenzo,0,0,2,5,0,0,0,0,84,0,0,1,1,2,0
37,22 Sep 2025,,cwp801847hnz6cu08s3qng3ro,Valerio Crezzini,SSC Napoli,Pisa Sporting Club,M. Politano,0,2,0,5,0,4,0,0,35,0,0,3,0,2,0
37,22 Sep 2025,,cwp801847hnz6cu08s3qng3ro,Valerio Crezzini,SSC Napoli,Pisa Sporting Club,B. Gilmour,0,0,0,0,1,1,1,0,64,0,0,1,1,1,0
37,22 Sep 2025,,cwp801847hnz6cu08s3qng3ro,Valerio Crezzini,SSC Napoli,Pisa Sporting Club,S. McTominay,1,1,1,0,1,2,0,0,30,0,0,3,0,1,0
37,22 Sep 2025,,cwp801847hnz6cu08s3qng3ro,Valerio Crezzini,SSC Napoli,Pisa Sporting Club,E. Elmas,0,1,0,1,2,0,0,0,28,0,0,1,0,1,0
37,22 Sep 2025,,cwp801847hnz6cu08s3qng3ro,Valerio Crezzini,SSC Napoli,Pisa Sporting Club,A. Meret,0,0,0,0,0,0,0,0,30,0,4,0,0,0,0
37,22 Sep 2025,,cwp801847hnz6cu08s3qng3ro,Valerio Crezzini,SSC Napoli,Pisa Sporting Club,R. Højlund,0,1,1,0,2,1,0,1,12,0,0,1,0,0,0
37,22 Sep 2025,,cwp801847hnz6cu08s3qng3ro,Valerio Crezzini,SSC Napoli,Pisa Sporting Club,S. Lobotka,1,0,0,0,0,2,0,0,26,0,0,0,0,2,0
37,22 Sep 2025,,cwp801847hnz6cu08s3qng3ro,Valerio Crezzini,SSC Napoli,Pisa Sporting Club,F. Anguissa,0,1,0,0,0,0,0,0,22,0,0,1,0,2,0
37,22 Sep 2025,,cwp801847hnz6cu08s3qng3ro,Valerio Crezzini,SSC Napoli,Pisa Sporting Club,L. Lucca,0,0,0,0,1,1,1,0,6,0,0,1,1,0,0
37,22 Sep 2025,,cwp801847hnz6cu08s3qng3ro,Valerio Crezzini,SSC Napoli,Pisa Sporting Club,Juan Jesus,0,0,0,0,0,0,0,0,9,0,0,0,0,1,0
37,22 Sep 2025,,cwp801847hnz6cu08s3qng3ro,Valerio Crezzini,SSC Napoli,Pisa Sporting Club,E. Akinsanmiro,0,0,1,0,1,0,0,0,34,0,0,2,1,1,0
37,22 Sep 2025,,cwp801847hnz6cu08s3qng3ro,Valerio Crezzini,SSC Napoli,Pisa Sporting Club,M. Aebischer,0,0,0,1,1,1,0,0,59,0,0,0,0,5,0
37,22 Sep 2025,,cwp801847hnz6cu08s3qng3ro,Valerio Crezzini,SSC Napoli,Pisa Sporting Club,M. Marin,0,0,0,1,2,2,0,0,14,0,0,0,0,0,0
37,22 Sep 2025,,cwp801847hnz6cu08s3qng3ro,Valerio Crezzini,SSC Napoli,Pisa Sporting Club,S. Moreo,0,0,1,1,0,0,0,0,19,0,0,0,0,2,0
37,22 Sep 2025,,cwp801847hnz6cu08s3qng3ro,Valerio Crezzini,SSC Napoli,Pisa Sporting Club,M'Bala Nzola,0,2,0,0,2,2,1,0,15,0,0,4,1,0,0
37,22 Sep 2025,,cwp801847hnz6cu08s3qng3ro,Valerio Crezzini,SSC Napoli,Pisa Sporting Club,S. Canestrelli,0,1,0,1,1,0,0,0,25,0,0,2,1,3,0
37,22 Sep 2025,,cwp801847hnz6cu08s3qng3ro,Valerio Crezzini,SSC Napoli,Pisa Sporting Club,Mateus Lusuardi,0,2,0,1,3,0,0,0,39,0,0,2,0,1,1
37,22 Sep 2025,,cwp801847hnz6cu08s3qng3ro,Valerio Crezzini,SSC Napoli,Pisa Sporting Club,A. Šemper,0,0,0,0,0,0,0,0,22,0,3,0,0,0,0
37,22 Sep 2025,,cwp801847hnz6cu08s3qng3ro,Valerio Crezzini,SSC Napoli,Pisa Sporting Club,G. Bonfanti,0,0,0,2,2,1,0,0,11,0,0,1,1,2,0
37,22 Sep 2025,,cwp801847hnz6cu08s3qng3ro,Valerio Crezzini,SSC Napoli,Pisa Sporting Club,A. Caracciolo,0,0,0,0,1,1,0,0,37,0,0,0,0,2,1
37,22 Sep 2025,,cwp801847hnz6cu08s3qng3ro,Valerio Crezzini,SSC Napoli,Pisa Sporting Club,M. Léris,0,0,1,4,1,1,0,0,26,0,0,1,1,1,0
37,22 Sep 2025,,cwp801847hnz6cu08s3qng3ro,Valerio Crezzini,SSC Napoli,Pisa Sporting Club,J. Cuadrado,0,0,0,3,0,0,0,0,15,0,0,0,0,1,0
37,22 Sep 2025,,cwp801847hnz6cu08s3qng3ro,Valerio Crezzini,SSC Napoli,Pisa Sporting Club,H. Meister,0,1,0,0,1,0,0,0,2,0,0,1,0,0,0
37,22 Sep 2025,,cwp801847hnz6cu08s3qng3ro,Valerio Crezzini,SSC Napoli,Pisa Sporting Club,M. Tramoni,0,0,0,0,1,0,0,0,0,0,0,1,0,1,0
37,22 Sep 2025,,cwp801847hnz6cu08s3qng3ro,Valerio Crezzini,SSC Napoli,Pisa Sporting Club,Lorran,0,0,0,0,0,0,1,0,9,0,0,1,1,0,0
37,22 Sep 2025,,cwp801847hnz6cu08s3qng3ro,Valerio Crezzini,SSC Napoli,Pisa Sporting Club,S. Angori,1,0,0,1,2,0,0,0,4,0,0,0,0,0,0
38,21 Sep 2025,,cx3go6z9ruqo169jvzbwtq4gk,Andrea Colombo,Torino FC,Atalanta Bergamasca Calcio,Z. Aboukhlal,0,0,0,0,1,2,0,0,8,0,0,0,0,2,0
38,21 Sep 2025,,cx3go6z9ruqo169jvzbwtq4gk,Andrea Colombo,Torino FC,Atalanta Bergamasca Calcio,V. Lazaro,0,0,0,3,1,1,0,0,30,0,0,0,0,3,0
38,21 Sep 2025,,cx3go6z9ruqo169jvzbwtq4gk,Andrea Colombo,Torino FC,Atalanta Bergamasca Calcio,G. Simeone,0,0,0,0,2,2,0,0,17,0,0,4,2,1,0
38,21 Sep 2025,,cx3go6z9ruqo169jvzbwtq4gk,Andrea Colombo,Torino FC,Atalanta Bergamasca Calcio,F. Israel,0,0,0,0,0,1,0,0,25,0,2,0,0,0,0
38,21 Sep 2025,,cx3go6z9ruqo169jvzbwtq4gk,Andrea Colombo,Torino FC,Atalanta Bergamasca Calcio,C. Biraghi,0,0,0,3,2,1,0,0,25,0,0,0,0,1,0
38,21 Sep 2025,,cx3go6z9ruqo169jvzbwtq4gk,Andrea Colombo,Torino FC,Atalanta Bergamasca Calcio,A. Ismajli,0,0,0,0,2,0,0,0,43,0,0,0,0,0,0
38,21 Sep 2025,,cx3go6z9ruqo169jvzbwtq4gk,Andrea Colombo,Torino FC,Atalanta Bergamasca Calcio,G. Maripán,0,0,0,0,0,0,0,0,23,0,0,0,0,1,0
38,21 Sep 2025,,cx3go6z9ruqo169jvzbwtq4gk,Andrea Colombo,Torino FC,Atalanta Bergamasca Calcio,I. Ilić,0,0,0,0,0,0,0,0,15,0,0,0,0,1,0
38,21 Sep 2025,,cx3go6z9ruqo169jvzbwtq4gk,Andrea Colombo,Torino FC,Atalanta Bergamasca Calcio,Saúl Coco,0,0,0,0,1,1,0,0,44,0,0,0,0,2,0
38,21 Sep 2025,,cx3go6z9ruqo169jvzbwtq4gk,Andrea Colombo,Torino FC,Atalanta Bergamasca Calcio,K. Asllani,0,1,0,4,0,0,0,0,53,0,0,1,0,1,0
38,21 Sep 2025,,cx3go6z9ruqo169jvzbwtq4gk,Andrea Colombo,Torino FC,Atalanta Bergamasca Calcio,N. Vlašić,0,0,0,0,0,1,0,0,28,0,0,1,0,2,0
38,21 Sep 2025,,cx3go6z9ruqo169jvzbwtq4gk,Andrea Colombo,Torino FC,Atalanta Bergamasca Calcio,C. Adams,0,1,0,2,0,0,0,0,19,0,0,1,0,0,0
38,21 Sep 2025,,cx3go6z9ruqo169jvzbwtq4gk,Andrea Colombo,Torino FC,Atalanta Bergamasca Calcio,C. Casadei,0,0,0,0,2,0,0,0,25,0,0,1,1,0,0
38,21 Sep 2025,,cx3go6z9ruqo169jvzbwtq4gk,Andrea Colombo,Torino FC,Atalanta Bergamasca Calcio,A. Tamèze,0,0,0,1,0,0,0,0,18,0,0,0,0,0,0
38,21 Sep 2025,,cx3go6z9ruqo169jvzbwtq4gk,Andrea Colombo,Torino FC,Atalanta Bergamasca Calcio,D. Zapata,0,1,1,0,0,0,0,0,5,0,0,3,2,0,0
38,21 Sep 2025,,cx3go6z9ruqo169jvzbwtq4gk,Andrea Colombo,Torino FC,Atalanta Bergamasca Calcio,T. Anjorin,0,0,0,0,0,0,0,1,8,0,0,0,0,0,0
38,21 Sep 2025,,cx3go6z9ruqo169jvzbwtq4gk,Andrea Colombo,Torino FC,Atalanta Bergamasca Calcio,N. Krstović,0,1,0,0,0,2,2,0,32,0,0,4,3,0,0
38,21 Sep 2025,,cx3go6z9ruqo169jvzbwtq4gk,Andrea Colombo,Torino FC,Atalanta Bergamasca Calcio,M. Pašalić,0,0,0,0,1,1,0,0,83,0,0,0,0,2,0
38,21 Sep 2025,,cx3go6z9ruqo169jvzbwtq4gk,Andrea Colombo,Torino FC,Atalanta Bergamasca Calcio,M. de Roon,0,0,0,0,0,0,0,0,86,0,0,0,0,3,0
38,21 Sep 2025,,cx3go6z9ruqo169jvzbwtq4gk,Andrea Colombo,Torino FC,Atalanta Bergamasca Calcio,D. Zappacosta,1,0,0,0,2,1,0,0,46,0,0,0,0,0,0
38,21 Sep 2025,,cx3go6z9ruqo169jvzbwtq4gk,Andrea Colombo,Torino FC,Atalanta Bergamasca Calcio,O. Kossounou,0,0,0,1,1,0,0,0,69,0,0,0,0,3,0
38,21 Sep 2025,,cx3go6z9ruqo169jvzbwtq4gk,Andrea Colombo,Torino FC,Atalanta Bergamasca Calcio,I. Hien,0,0,0,0,0,1,0,0,17,0,0,0,0,1,0
38,21 Sep 2025,,cx3go6z9ruqo169jvzbwtq4gk,Andrea Colombo,Torino FC,Atalanta Bergamasca Calcio,B. Djimsiti,0,0,0,0,1,0,0,0,65,0,0,0,0,2,0
38,21 Sep 2025,,cx3go6z9ruqo169jvzbwtq4gk,Andrea Colombo,Torino FC,Atalanta Bergamasca Calcio,N. Zalewski,0,0,0,1,0,2,0,0,1,0,0,0,0,1,0
38,21 Sep 2025,,cx3go6z9ruqo169jvzbwtq4gk,Andrea Colombo,Torino FC,Atalanta Bergamasca Calcio,M. Carnesecchi,0,0,0,0,0,0,0,0,52,0,5,0,0,0,0
38,21 Sep 2025,,cx3go6z9ruqo169jvzbwtq4gk,Andrea Colombo,Torino FC,Atalanta Bergamasca Calcio,L. Samardžić,1,0,0,2,2,0,0,0,55,0,0,1,0,0,0
38,21 Sep 2025,,cx3go6z9ruqo169jvzbwtq4gk,Andrea Colombo,Torino FC,Atalanta Bergamasca Calcio,K. Sulemana,1,0,0,1,0,1,1,0,32,0,0,3,2,0,0
38,21 Sep 2025,,cx3go6z9ruqo169jvzbwtq4gk,Andrea Colombo,Torino FC,Atalanta Bergamasca Calcio,R. Bellanova,0,0,0,4,0,1,0,0,34,0,0,1,0,1,0
38,21 Sep 2025,,cx3go6z9ruqo169jvzbwtq4gk,Andrea Colombo,Torino FC,Atalanta Bergamasca Calcio,H. Ahanor,0,0,0,1,2,2,0,0,42,0,0,0,0,3,0
38,21 Sep 2025,,cx3go6z9ruqo169jvzbwtq4gk,Andrea Colombo,Torino FC,Atalanta Bergamasca Calcio,Y. Musah,0,0,0,0,0,0,0,0,0,0,0,0,0,0,0
38,21 Sep 2025,,cx3go6z9ruqo169jvzbwtq4gk,Andrea Colombo,Torino FC,Atalanta Bergamasca Calcio,D. Maldini,0,0,0,0,0,0,0,0,1,0,0,0,0,0,0
38,21 Sep 2025,,cx3go6z9ruqo169jvzbwtq4gk,Andrea Colombo,Torino FC,Atalanta Bergamasca Calcio,A. Lookman,0,0,0,0,0,0,0,0,2,0,0,0,0,0,0
39,20 Sep 2025,,cxhk2dlt114nx1405g52t1bmc,Daniele Doveri,Udinese Calcio,AC Milan,Iker Bravo,0,1,0,0,1,0,0,0,5,0,0,1,0,1,0
39,20 Sep 2025,,cxhk2dlt114nx1405g52t1bmc,Daniele Doveri,Udinese Calcio,AC Milan,J. Karlström,0,0,0,0,1,0,0,0,44,0,0,0,0,3,0
39,20 Sep 2025,,cxhk2dlt114nx1405g52t1bmc,Daniele Doveri,Udinese Calcio,AC Milan,Oier Zarraga,0,0,0,2,1,1,0,0,40,0,0,0,0,1,0
39,20 Sep 2025,,cxhk2dlt114nx1405g52t1bmc,Daniele Doveri,Udinese Calcio,AC Milan,T. Kristensen,0,0,0,1,1,0,0,0,56,0,0,0,0,1,0
39,20 Sep 2025,,cxhk2dlt114nx1405g52t1bmc,Daniele Doveri,Udinese Calcio,AC Milan,K. Davis,0,0,0,0,1,1,0,1,8,0,0,0,0,0,0
39,20 Sep 2025,,cxhk2dlt114nx1405g52t1bmc,Daniele Doveri,Udinese Calcio,AC Milan,J. Zemura,0,0,1,5,1,1,0,1,36,0,0,0,0,0,1
39,20 Sep 2025,,cxhk2dlt114nx1405g52t1bmc,Daniele Doveri,Udinese Calcio,AC Milan,O. Solet,0,0,0,0,0,0,0,0,80,0,0,1,0,4,0
39,20 Sep 2025,,cxhk2dlt114nx1405g52t1bmc,Daniele Doveri,Udinese Calcio,AC Milan,J. Ekkelenkamp,0,0,0,0,0,1,0,0,10,0,0,0,0,2,0
39,20 Sep 2025,,cxhk2dlt114nx1405g52t1bmc,Daniele Doveri,Udinese Calcio,AC Milan,K. Ehizibue,0,0,0,3,1,0,0,0,17,0,0,0,0,0,0
39,20 Sep 2025,,cxhk2dlt114nx1405g52t1bmc,Daniele Doveri,Udinese Calcio,AC Milan,A. Atta,0,1,0,1,1,0,0,1,42,0,0,4,3,0,1
39,20 Sep 2025,,cxhk2dlt114nx1405g52t1bmc,Daniele Doveri,Udinese Calcio,AC Milan,R. Sava,0,0,0,0,0,0,0,0,16,0,4,0,0,0,0
39,20 Sep 2025,,cxhk2dlt114nx1405g52t1bmc,Daniele Doveri,Udinese Calcio,AC Milan,A. Buksa,0,0,0,0,1,0,0,0,6,0,0,0,0,1,0
39,20 Sep 2025,,cxhk2dlt114nx1405g52t1bmc,Daniele Doveri,Udinese Calcio,AC Milan,A. Zanoli,0,0,0,4,0,1,0,0,16,0,0,0,0,0,0
39,20 Sep 2025,,cxhk2dlt114nx1405g52t1bmc,Daniele Doveri,Udinese Calcio,AC Milan,Rui Modesto,0,0,0,1,0,0,0,0,7,0,0,0,0,0,0
39,20 Sep 2025,,cxhk2dlt114nx1405g52t1bmc,Daniele Doveri,Udinese Calcio,AC Milan,N. Zaniolo,0,1,0,1,0,0,0,0,8,0,0,2,0,0,0
39,20 Sep 2025,,cxhk2dlt114nx1405g52t1bmc,Daniele Doveri,Udinese Calcio,AC Milan,L. Miller,0,0,0,0,0,1,0,0,2,0,0,2,1,0,0
39,20 Sep 2025,,cxhk2dlt114nx1405g52t1bmc,Daniele Doveri,Udinese Calcio,AC Milan,A. Rabiot,1,1,0,2,1,2,0,0,73,0,0,2,0,1,0
39,20 Sep 2025,,cxhk2dlt114nx1405g52t1bmc,Daniele Doveri,Udinese Calcio,AC Milan,C. Pulišić,1,0,1,2,0,3,2,0,26,0,0,3,3,4,0
39,20 Sep 2025,,cxhk2dlt114nx1405g52t1bmc,Daniele Doveri,Udinese Calcio,AC Milan,P. Estupiñán,0,0,0,0,1,1,0,2,53,0,0,2,0,0,0
39,20 Sep 2025,,cxhk2dlt114nx1405g52t1bmc,Daniele Doveri,Udinese Calcio,AC Milan,L. Modrić,0,0,1,4,0,1,0,0,90,0,0,0,0,2,0
39,20 Sep 2025,,cxhk2dlt114nx1405g52t1bmc,Daniele Doveri,Udinese Calcio,AC Milan,S. Pavlović,0,0,0,1,0,0,0,0,55,0,0,0,0,0,0
39,20 Sep 2025,,cxhk2dlt114nx1405g52t1bmc,Daniele Doveri,Udinese Calcio,AC Milan,P. Terracciano,0,0,0,0,0,0,0,0,24,0,4,0,0,0,0
39,20 Sep 2025,,cxhk2dlt114nx1405g52t1bmc,Daniele Doveri,Udinese Calcio,AC Milan,F. Tomori,0,0,0,1,1,0,0,0,66,0,0,1,0,3,0
39,20 Sep 2025,,cxhk2dlt114nx1405g52t1bmc,Daniele Doveri,Udinese Calcio,AC Milan,A. Saelemaekers,0,0,0,5,0,1,0,0,60,0,0,1,1,3,0
39,20 Sep 2025,,cxhk2dlt114nx1405g52t1bmc,Daniele Doveri,Udinese Calcio,AC Milan,S. Giménez,0,0,0,0,0,1,0,0,5,0,0,1,1,2,0
39,20 Sep 2025,,cxhk2dlt114nx1405g52t1bmc,Daniele Doveri,Udinese Calcio,AC Milan,M. Gabbia,0,0,0,0,0,0,0,0,64,0,0,0,0,1,0
39,20 Sep 2025,,cxhk2dlt114nx1405g52t1bmc,Daniele Doveri,Udinese Calcio,AC Milan,Y. Fofana,0,0,0,1,1,0,1,0,29,0,0,1,1,0,0
39,20 Sep 2025,,cxhk2dlt114nx1405g52t1bmc,Daniele Doveri,Udinese Calcio,AC Milan,C. Nkunku,0,0,0,0,2,0,0,0,8,0,0,1,0,0,0
39,20 Sep 2025,,cxhk2dlt114nx1405g52t1bmc,Daniele Doveri,Udinese Calcio,AC Milan,R. Loftus-Cheek,0,0,2,0,0,0,0,0,10,0,0,1,0,0,0
39,20 Sep 2025,,cxhk2dlt114nx1405g52t1bmc,Daniele Doveri,Udinese Calcio,AC Milan,S. Ricci,0,0,0,1,0,0,0,0,17,0,0,0,0,1,0
39,20 Sep 2025,,cxhk2dlt114nx1405g52t1bmc,Daniele Doveri,Udinese Calcio,AC Milan,K. De Winter,0,0,0,0,0,0,0,0,17,0,0,0,0,0,0
39,20 Sep 2025,,cxhk2dlt114nx1405g52t1bmc,Daniele Doveri,Udinese Calcio,AC Milan,Z. Athekame,0,0,0,0,1,0,0,0,10,0,0,0,0,0,0
40,20 Sep 2025,,cxvo1oohfwovsdei3cpw6tes4,Antonio Rapuano,Hellas Verona FC,Juventus FC,R. Belghali,0,0,2,1,0,1,0,0,20,0,0,0,0,1,0
40,20 Sep 2025,,cxvo1oohfwovsdei3cpw6tes4,Antonio Rapuano,Hellas Verona FC,Juventus FC,S. Serdar,0,1,0,1,0,0,0,1,21,0,0,1,0,3,0
40,20 Sep 2025,,cxvo1oohfwovsdei3cpw6tes4,Antonio Rapuano,Hellas Verona FC,Juventus FC,M. Frese,0,0,0,2,4,1,0,0,14,0,0,1,1,4,0
40,20 Sep 2025,,cxvo1oohfwovsdei3cpw6tes4,Antonio Rapuano,Hellas Verona FC,Juventus FC,Unai Núñez,0,0,0,0,0,0,0,0,21,0,0,1,0,3,0
40,20 Sep 2025,,cxvo1oohfwovsdei3cpw6tes4,Antonio Rapuano,Hellas Verona FC,Juventus FC,D. Bradarić,0,0,0,6,0,0,0,0,15,0,0,0,0,0,0
40,20 Sep 2025,,cxvo1oohfwovsdei3cpw6tes4,Antonio Rapuano,Hellas Verona FC,Juventus FC,J. Akpa Akpro,0,0,0,0,2,0,0,0,19,0,0,0,0,1,1
40,20 Sep 2025,,cxvo1oohfwovsdei3cpw6tes4,Antonio Rapuano,Hellas Verona FC,Juventus FC,A. Bernede,0,0,0,1,5,3,0,0,16,0,0,0,0,3,1
40,20 Sep 2025,,cxvo1oohfwovsdei3cpw6tes4,Antonio Rapuano,Hellas Verona FC,Juventus FC,Giovane,0,0,0,0,1,2,0,0,19,0,0,0,0,1,0
40,20 Sep 2025,,cxvo1oohfwovsdei3cpw6tes4,Antonio Rapuano,Hellas Verona FC,Juventus FC,V. Nelsson,0,0,0,0,2,0,0,0,9,0,0,0,0,2,0
40,20 Sep 2025,,cxvo1oohfwovsdei3cpw6tes4,Antonio Rapuano,Hellas Verona FC,Juventus FC,L. Montipò,0,0,0,0,0,0,0,0,21,0,3,0,0,0,0
40,20 Sep 2025,,cxvo1oohfwovsdei3cpw6tes4,Antonio Rapuano,Hellas Verona FC,Juventus FC,G. Orban,0,1,2,0,3,0,1,0,14,0,0,8,3,1,1
40,20 Sep 2025,,cxvo1oohfwovsdei3cpw6tes4,Antonio Rapuano,Hellas Verona FC,Juventus FC,A. Sarr,0,0,1,1,0,0,0,0,12,0,0,1,0,0,0
40,20 Sep 2025,,cxvo1oohfwovsdei3cpw6tes4,Antonio Rapuano,Hellas Verona FC,Juventus FC,G. Kastanos,0,0,0,1,1,1,0,0,4,0,0,0,0,4,0
40,20 Sep 2025,,cxvo1oohfwovsdei3cpw6tes4,Antonio Rapuano,Hellas Verona FC,Juventus FC,C. Niasse,0,0,0,0,0,0,0,0,6,0,0,1,0,0,0
40,20 Sep 2025,,cxvo1oohfwovsdei3cpw6tes4,Antonio Rapuano,Hellas Verona FC,Juventus FC,Yellu Santiago,0,0,0,0,0,1,0,0,4,0,0,1,0,0,0
40,20 Sep 2025,,cxvo1oohfwovsdei3cpw6tes4,Antonio Rapuano,Hellas Verona FC,Juventus FC,J. Ajayi,0,0,0,0,0,0,0,0,1,0,0,0,0,0,0
40,20 Sep 2025,,cxvo1oohfwovsdei3cpw6tes4,Antonio Rapuano,Hellas Verona FC,Juventus FC,Francisco Conceição,0,0,0,3,0,3,1,0,33,0,0,2,1,1,0
40,20 Sep 2025,,cxvo1oohfwovsdei3cpw6tes4,Antonio Rapuano,Hellas Verona FC,Juventus FC,M. Di Gregorio,0,0,0,0,0,1,0,0,24,0,3,0,0,0,0
40,20 Sep 2025,,cxvo1oohfwovsdei3cpw6tes4,Antonio Rapuano,Hellas Verona FC,Juventus FC,L. Kelly,0,0,0,0,2,1,0,0,50,0,0,0,0,3,1
40,20 Sep 2025,,cxvo1oohfwovsdei3cpw6tes4,Antonio Rapuano,Hellas Verona FC,Juventus FC,M. Locatelli,0,0,0,0,0,2,0,0,57,0,0,0,0,1,0
40,20 Sep 2025,,cxvo1oohfwovsdei3cpw6tes4,Antonio Rapuano,Hellas Verona FC,Juventus FC,K. Yıldız,0,1,1,6,2,0,0,0,53,0,0,2,0,0,0
40,20 Sep 2025,,cxvo1oohfwovsdei3cpw6tes4,Antonio Rapuano,Hellas Verona FC,Juventus FC,João Mário,0,0,0,0,1,6,0,0,30,0,0,1,0,0,0
40,20 Sep 2025,,cxvo1oohfwovsdei3cpw6tes4,Antonio Rapuano,Hellas Verona FC,Juventus FC,P. Kalulu,0,0,0,3,1,0,0,0,73,0,0,0,0,0,0
40,20 Sep 2025,,cxvo1oohfwovsdei3cpw6tes4,Antonio Rapuano,Hellas Verona FC,Juventus FC,F. Gatti,0,1,0,0,0,2,0,0,77,0,0,2,0,1,1
40,20 Sep 2025,,cxvo1oohfwovsdei3cpw6tes4,Antonio Rapuano,Hellas Verona FC,Juventus FC,D. Vlahović,0,0,1,0,0,1,0,0,4,0,0,1,1,0,0
40,20 Sep 2025,,cxvo1oohfwovsdei3cpw6tes4,Antonio Rapuano,Hellas Verona FC,Juventus FC,K. Thuram,1,0,0,0,0,0,0,0,44,0,0,0,0,1,0
40,20 Sep 2025,,cxvo1oohfwovsdei3cpw6tes4,Antonio Rapuano,Hellas Verona FC,Juventus FC,A. Cambiaso,0,0,1,3,1,0,0,0,56,0,0,0,0,0,0
40,20 Sep 2025,,cxvo1oohfwovsdei3cpw6tes4,Antonio Rapuano,Hellas Verona FC,Juventus FC,T. Koopmeiners,0,0,0,3,1,0,0,0,33,0,0,0,0,4,1
40,20 Sep 2025,,cxvo1oohfwovsdei3cpw6tes4,Antonio Rapuano,Hellas Verona FC,Juventus FC,V. Adžić,0,0,0,0,0,1,0,0,16,0,0,1,1,0,0
40,20 Sep 2025,,cxvo1oohfwovsdei3cpw6tes4,Antonio Rapuano,Hellas Verona FC,Juventus FC,L. Openda,0,0,0,1,0,1,0,1,11,0,0,1,1,2,0
40,20 Sep 2025,,cxvo1oohfwovsdei3cpw6tes4,Antonio Rapuano,Hellas Verona FC,Juventus FC,J. David,0,0,0,0,1,0,0,0,7,0,0,0,0,1,0
40,20 Sep 2025,,cxvo1oohfwovsdei3cpw6tes4,Antonio Rapuano,Hellas Verona FC,Juventus FC,E. Zhegrova,0,0,0,1,1,0,0,0,2,0,0,0,0,2,0
41,27 Sep 2025,,cy9s1cccxhtx6nkhlj4u1te6s,Marco Piccinini,Cagliari Calcio,FC Internazionale Milano,S. Esposito,0,1,0,7,1,1,0,0,23,0,0,2,0,0,0
41,27 Sep 2025,,cy9s1cccxhtx6nkhlj4u1te6s,Marco Piccinini,Cagliari Calcio,FC Internazionale Milano,E. Caprile,0,0,0,0,0,0,0,0,34,0,3,0,0,0,0
41,27 Sep 2025,,cy9s1cccxhtx6nkhlj4u1te6s,Marco Piccinini,Cagliari Calcio,FC Internazionale Milano,A. Deiola,0,0,0,0,0,0,0,0,21,0,0,0,0,3,0
41,27 Sep 2025,,cy9s1cccxhtx6nkhlj4u1te6s,Marco Piccinini,Cagliari Calcio,FC Internazionale Milano,M. Folorunsho,0,0,0,1,1,1,0,0,13,0,0,1,0,1,0
41,27 Sep 2025,,cy9s1cccxhtx6nkhlj4u1te6s,Marco Piccinini,Cagliari Calcio,FC Internazionale Milano,A. Belotti,0,0,0,0,2,3,0,1,0,0,0,0,0,0,0
41,27 Sep 2025,,cy9s1cccxhtx6nkhlj4u1te6s,Marco Piccinini,Cagliari Calcio,FC Internazionale Milano,A. Obert,0,0,0,1,0,0,0,0,41,0,0,0,0,2,0
41,27 Sep 2025,,cy9s1cccxhtx6nkhlj4u1te6s,Marco Piccinini,Cagliari Calcio,FC Internazionale Milano,Zé Pedro,0,0,0,0,2,1,0,0,23,0,0,0,0,0,0
41,27 Sep 2025,,cy9s1cccxhtx6nkhlj4u1te6s,Marco Piccinini,Cagliari Calcio,FC Internazionale Milano,S. Luperto,0,0,0,0,3,0,0,0,46,0,0,0,0,0,0
41,27 Sep 2025,,cy9s1cccxhtx6nkhlj4u1te6s,Marco Piccinini,Cagliari Calcio,FC Internazionale Milano,Y. Mina,0,0,0,0,2,4,0,0,42,0,0,0,0,2,0
41,27 Sep 2025,,cy9s1cccxhtx6nkhlj4u1te6s,Marco Piccinini,Cagliari Calcio,FC Internazionale Milano,M. Palestra,0,0,2,6,1,3,0,0,34,0,0,0,0,0,0
41,27 Sep 2025,,cy9s1cccxhtx6nkhlj4u1te6s,Marco Piccinini,Cagliari Calcio,FC Internazionale Milano,M. Adopo,0,0,0,0,0,0,0,0,40,0,0,1,0,1,0
41,27 Sep 2025,,cy9s1cccxhtx6nkhlj4u1te6s,Marco Piccinini,Cagliari Calcio,FC Internazionale Milano,M. Prati,0,0,0,0,1,0,0,0,17,0,0,0,0,2,0
41,27 Sep 2025,,cy9s1cccxhtx6nkhlj4u1te6s,Marco Piccinini,Cagliari Calcio,FC Internazionale Milano,M. Felici,0,0,0,4,0,1,0,0,6,0,0,0,0,0,0
41,27 Sep 2025,,cy9s1cccxhtx6nkhlj4u1te6s,Marco Piccinini,Cagliari Calcio,FC Internazionale Milano,G. Gaetano,0,0,1,0,0,0,0,0,22,0,0,1,0,1,0
41,27 Sep 2025,,cy9s1cccxhtx6nkhlj4u1te6s,Marco Piccinini,Cagliari Calcio,FC Internazionale Milano,G. Borrelli,0,1,1,0,0,0,0,0,3,0,0,1,0,0,0
41,27 Sep 2025,,cy9s1cccxhtx6nkhlj4u1te6s,Marco Piccinini,Cagliari Calcio,FC Internazionale Milano,R. Idrissi,0,0,0,3,0,0,0,0,9,0,0,0,0,0,0
41,27 Sep 2025,,cy9s1cccxhtx6nkhlj4u1te6s,Marco Piccinini,Cagliari Calcio,FC Internazionale Milano,H. Çalhanoğlu,0,2,1,4,3,1,0,0,76,0,0,3,0,1,0
41,27 Sep 2025,,cy9s1cccxhtx6nkhlj4u1te6s,Marco Piccinini,Cagliari Calcio,FC Internazionale Milano,H. Mkhitaryan,0,1,1,1,1,1,0,0,51,0,0,3,0,0,0
41,27 Sep 2025,,cy9s1cccxhtx6nkhlj4u1te6s,Marco Piccinini,Cagliari Calcio,FC Internazionale Milano,M. Akanji,0,0,0,0,0,0,0,0,68,0,0,1,0,3,0
41,27 Sep 2025,,cy9s1cccxhtx6nkhlj4u1te6s,Marco Piccinini,Cagliari Calcio,FC Internazionale Milano,N. Barella,0,0,0,1,2,0,0,0,42,0,0,0,0,1,1
41,27 Sep 2025,,cy9s1cccxhtx6nkhlj4u1te6s,Marco Piccinini,Cagliari Calcio,FC Internazionale Milano,Luis Henrique,0,0,0,0,0,0,0,0,30,0,0,0,0,0,0
41,27 Sep 2025,,cy9s1cccxhtx6nkhlj4u1te6s,Marco Piccinini,Cagliari Calcio,FC Internazionale Milano,Carlos Augusto,0,0,0,3,3,1,0,0,13,0,0,0,0,0,1
41,27 Sep 2025,,cy9s1cccxhtx6nkhlj4u1te6s,Marco Piccinini,Cagliari Calcio,FC Internazionale Milano,A. Bastoni,1,0,0,5,0,1,0,0,72,0,0,0,0,2,0
41,27 Sep 2025,,cy9s1cccxhtx6nkhlj4u1te6s,Marco Piccinini,Cagliari Calcio,FC Internazionale Milano,L. Martínez,0,1,0,1,2,4,1,0,32,0,0,5,2,1,0
41,27 Sep 2025,,cy9s1cccxhtx6nkhlj4u1te6s,Marco Piccinini,Cagliari Calcio,FC Internazionale Milano,Josep Martínez,0,0,0,0,0,0,0,0,33,0,0,0,0,0,0
41,27 Sep 2025,,cy9s1cccxhtx6nkhlj4u1te6s,Marco Piccinini,Cagliari Calcio,FC Internazionale Milano,S. de Vrij,0,0,0,0,0,0,0,0,58,0,0,0,0,1,0
41,27 Sep 2025,,cy9s1cccxhtx6nkhlj4u1te6s,Marco Piccinini,Cagliari Calcio,FC Internazionale Milano,M. Thuram,0,0,0,1,3,1,0,2,19,0,0,4,2,0,0
41,27 Sep 2025,,cy9s1cccxhtx6nkhlj4u1te6s,Marco Piccinini,Cagliari Calcio,FC Internazionale Milano,F. Dimarco,1,0,1,3,0,0,0,0,24,0,0,1,0,0,0
41,27 Sep 2025,,cy9s1cccxhtx6nkhlj4u1te6s,Marco Piccinini,Cagliari Calcio,FC Internazionale Milano,F. Esposito,0,0,0,0,0,3,1,0,6,0,0,2,1,0,0
41,27 Sep 2025,,cy9s1cccxhtx6nkhlj4u1te6s,Marco Piccinini,Cagliari Calcio,FC Internazionale Milano,D. Frattesi,0,0,0,0,0,0,0,0,7,0,0,1,0,1,0
41,27 Sep 2025,,cy9s1cccxhtx6nkhlj4u1te6s,Marco Piccinini,Cagliari Calcio,FC Internazionale Milano,D. Dumfries,0,0,1,1,0,0,0,0,4,0,0,0,0,1,0
41,27 Sep 2025,,cy9s1cccxhtx6nkhlj4u1te6s,Marco Piccinini,Cagliari Calcio,FC Internazionale Milano,A. Bonny,0,0,0,0,0,1,0,0,2,0,0,0,0,0,0
42,27 Sep 2025,,cyny4dfagllz9a2qd6jfoptlg,Marco Di Bello,Calcio Como 1907,US Cremonese,S. Posch,0,1,0,0,0,1,0,0,56,0,0,2,1,4,0
42,27 Sep 2025,,cyny4dfagllz9a2qd6jfoptlg,Marco Di Bello,Calcio Como 1907,US Cremonese,T. Douvikas,0,0,0,0,2,2,0,0,10,0,0,2,1,2,0
42,27 Sep 2025,,cyny4dfagllz9a2qd6jfoptlg,Marco Di Bello,Calcio Como 1907,US Cremonese,Jesús Rodríguez,1,0,2,1,2,0,0,0,27,1,0,2,1,0,0
42,27 Sep 2025,,cyny4dfagllz9a2qd6jfoptlg,Marco Di Bello,Calcio Como 1907,US Cremonese,Jacobo Ramón,0,0,0,0,2,0,0,0,57,0,0,0,0,1,1
42,27 Sep 2025,,cyny4dfagllz9a2qd6jfoptlg,Marco Di Bello,Calcio Como 1907,US Cremonese,Álex Valle,0,0,1,1,1,4,0,0,31,0,0,0,0,3,0
42,27 Sep 2025,,cyny4dfagllz9a2qd6jfoptlg,Marco Di Bello,Calcio Como 1907,US Cremonese,M. Perrone,0,0,0,0,2,1,0,0,55,0,0,0,0,0,1
42,27 Sep 2025,,cyny4dfagllz9a2qd6jfoptlg,Marco Di Bello,Calcio Como 1907,US Cremonese,Diego Carlos,0,0,0,0,1,1,0,0,56,0,0,0,0,0,0
42,27 Sep 2025,,cyny4dfagllz9a2qd6jfoptlg,Marco Di Bello,Calcio Como 1907,US Cremonese,N. Paz,0,0,1,6,3,4,1,0,35,0,0,3,3,3,0
42,27 Sep 2025,,cyny4dfagllz9a2qd6jfoptlg,Marco Di Bello,Calcio Como 1907,US Cremonese,J. Butez,0,0,0,0,0,0,0,0,26,0,1,0,0,0,0
42,27 Sep 2025,,cyny4dfagllz9a2qd6jfoptlg,Marco Di Bello,Calcio Como 1907,US Cremonese,Sergi Roberto,0,1,0,0,0,0,0,0,14,0,0,1,0,0,0
42,27 Sep 2025,,cyny4dfagllz9a2qd6jfoptlg,Marco Di Bello,Calcio Como 1907,US Cremonese,N. Kühn,0,0,0,0,0,0,0,0,11,0,0,1,0,0,0
42,27 Sep 2025,,cyny4dfagllz9a2qd6jfoptlg,Marco Di Bello,Calcio Como 1907,US Cremonese,L. da Cunha,0,1,0,1,1,2,0,0,29,0,0,1,0,1,1
42,27 Sep 2025,,cyny4dfagllz9a2qd6jfoptlg,Marco Di Bello,Calcio Como 1907,US Cremonese,M. Kempf,0,0,0,0,1,0,0,0,28,0,0,1,0,0,0
42,27 Sep 2025,,cyny4dfagllz9a2qd6jfoptlg,Marco Di Bello,Calcio Como 1907,US Cremonese,J. Addai,0,0,0,0,1,0,0,0,6,0,0,1,0,0,0
42,27 Sep 2025,,cyny4dfagllz9a2qd6jfoptlg,Marco Di Bello,Calcio Como 1907,US Cremonese,M. Caqueret,0,0,0,0,0,0,0,0,9,0,0,0,0,1,0
42,27 Sep 2025,,cyny4dfagllz9a2qd6jfoptlg,Marco Di Bello,Calcio Como 1907,US Cremonese,Álvaro Morata,0,0,0,0,0,0,0,0,1,0,0,0,0,0,0
42,27 Sep 2025,,cyny4dfagllz9a2qd6jfoptlg,Marco Di Bello,Calcio Como 1907,US Cremonese,F. Bonazzoli,0,0,0,0,0,2,0,0,20,0,0,1,0,1,0
42,27 Sep 2025,,cyny4dfagllz9a2qd6jfoptlg,Marco Di Bello,Calcio Como 1907,US Cremonese,F. Baschirotto,0,0,0,0,1,0,1,0,40,0,0,3,2,0,1
42,27 Sep 2025,,cyny4dfagllz9a2qd6jfoptlg,Marco Di Bello,Calcio Como 1907,US Cremonese,A. Grassi,0,0,1,0,1,2,0,0,38,0,0,0,0,4,0
42,27 Sep 2025,,cyny4dfagllz9a2qd6jfoptlg,Marco Di Bello,Calcio Como 1907,US Cremonese,M. Bianchetti,0,0,0,1,1,0,0,0,46,0,0,1,0,3,0
42,27 Sep 2025,,cyny4dfagllz9a2qd6jfoptlg,Marco Di Bello,Calcio Como 1907,US Cremonese,G. Pezzella,0,0,1,5,0,2,0,2,21,0,0,2,0,2,0
42,27 Sep 2025,,cyny4dfagllz9a2qd6jfoptlg,Marco Di Bello,Calcio Como 1907,US Cremonese,M. Silvestri,0,0,0,0,0,0,0,0,31,0,5,0,0,0,0
42,27 Sep 2025,,cyny4dfagllz9a2qd6jfoptlg,Marco Di Bello,Calcio Como 1907,US Cremonese,D. Johnsen,0,0,0,2,1,0,0,0,14,0,0,0,0,0,0
42,27 Sep 2025,,cyny4dfagllz9a2qd6jfoptlg,Marco Di Bello,Calcio Como 1907,US Cremonese,F. Terracciano,0,0,0,0,0,2,0,0,43,0,0,0,0,1,0
42,27 Sep 2025,,cyny4dfagllz9a2qd6jfoptlg,Marco Di Bello,Calcio Como 1907,US Cremonese,W. Bondo,0,0,0,0,4,0,0,0,23,0,0,0,0,4,0
42,27 Sep 2025,,cyny4dfagllz9a2qd6jfoptlg,Marco Di Bello,Calcio Como 1907,US Cremonese,A. Zerbin,0,0,0,0,1,0,0,1,7,0,0,0,0,1,0
42,27 Sep 2025,,cyny4dfagllz9a2qd6jfoptlg,Marco Di Bello,Calcio Como 1907,US Cremonese,M. Payero,0,0,0,0,4,1,0,0,11,0,0,1,0,0,1
42,27 Sep 2025,,cyny4dfagllz9a2qd6jfoptlg,Marco Di Bello,Calcio Como 1907,US Cremonese,R. Floriani Mussolini,0,0,1,3,2,1,0,1,7,0,0,1,0,1,1
42,27 Sep 2025,,cyny4dfagllz9a2qd6jfoptlg,Marco Di Bello,Calcio Como 1907,US Cremonese,F. Vázquez,1,0,0,2,1,0,0,0,8,0,0,0,0,0,0
42,27 Sep 2025,,cyny4dfagllz9a2qd6jfoptlg,Marco Di Bello,Calcio Como 1907,US Cremonese,A. Sanabria,0,0,0,0,1,1,0,0,3,0,0,0,0,0,1
42,27 Sep 2025,,cyny4dfagllz9a2qd6jfoptlg,Marco Di Bello,Calcio Como 1907,US Cremonese,J. Vandeputte,0,0,0,2,0,1,0,0,4,0,0,0,0,0,0
42,27 Sep 2025,,cyny4dfagllz9a2qd6jfoptlg,Marco Di Bello,Calcio Como 1907,US Cremonese,J. Sarmiento,0,0,0,0,0,0,0,0,0,0,0,0,0,0,0
43,29 Sep 2025,,cz23urlp2fqu90rtkbatvaadw,Giovanni Ayroldi,Genoa CFC,SS Lazio,R. Malinovskyi,0,0,0,0,3,2,0,0,36,0,0,2,1,1,1
43,29 Sep 2025,,cz23urlp2fqu90rtkbatvaadw,Giovanni Ayroldi,Genoa CFC,SS Lazio,Aarón Martín,0,0,0,7,3,1,0,0,53,0,0,0,0,1,0
43,29 Sep 2025,,cz23urlp2fqu90rtkbatvaadw,Giovanni Ayroldi,Genoa CFC,SS Lazio,L. Colombo,0,1,2,2,0,1,0,0,10,0,0,3,1,0,0
43,29 Sep 2025,,cz23urlp2fqu90rtkbatvaadw,Giovanni Ayroldi,Genoa CFC,SS Lazio,M. Frendrup,0,0,0,0,3,1,0,0,29,0,0,0,0,1,0
43,29 Sep 2025,,cz23urlp2fqu90rtkbatvaadw,Giovanni Ayroldi,Genoa CFC,SS Lazio,P. Masini,0,1,0,3,1,2,0,0,19,0,0,1,0,2,1
43,29 Sep 2025,,cz23urlp2fqu90rtkbatvaadw,Giovanni Ayroldi,Genoa CFC,SS Lazio,J. Vásquez,0,1,1,0,1,0,0,0,112,0,0,2,0,2,1
43,29 Sep 2025,,cz23urlp2fqu90rtkbatvaadw,Giovanni Ayroldi,Genoa CFC,SS Lazio,L. Østigård,0,0,0,0,2,0,0,1,92,0,0,0,0,0,1
43,29 Sep 2025,,cz23urlp2fqu90rtkbatvaadw,Giovanni Ayroldi,Genoa CFC,SS Lazio,N. Leali,0,0,0,0,0,0,0,0,20,0,2,0,0,1,0
43,29 Sep 2025,,cz23urlp2fqu90rtkbatvaadw,Giovanni Ayroldi,Genoa CFC,SS Lazio,B. Norton-Cuffy,0,0,0,3,2,1,0,0,56,0,0,0,0,1,1
43,29 Sep 2025,,cz23urlp2fqu90rtkbatvaadw,Giovanni Ayroldi,Genoa CFC,SS Lazio,Vítinha,0,1,0,6,0,2,0,0,13,0,0,3,0,1,0
43,29 Sep 2025,,cz23urlp2fqu90rtkbatvaadw,Giovanni Ayroldi,Genoa CFC,SS Lazio,M. Ellertsson,0,0,0,0,1,1,0,0,29,0,0,1,1,0,0
43,29 Sep 2025,,cz23urlp2fqu90rtkbatvaadw,Giovanni Ayroldi,Genoa CFC,SS Lazio,N. Stanciu,0,0,0,3,1,0,0,0,16,0,0,0,0,1,0
43,29 Sep 2025,,cz23urlp2fqu90rtkbatvaadw,Giovanni Ayroldi,Genoa CFC,SS Lazio,V. Carboni,0,0,0,0,1,1,0,0,6,0,0,1,0,1,0
43,29 Sep 2025,,cz23urlp2fqu90rtkbatvaadw,Giovanni Ayroldi,Genoa CFC,SS Lazio,C. Ekuban,0,0,1,1,0,1,0,0,3,0,0,1,1,0,0
43,29 Sep 2025,,cz23urlp2fqu90rtkbatvaadw,Giovanni Ayroldi,Genoa CFC,SS Lazio,J. Ekhator,0,0,0,0,0,1,0,0,3,0,0,2,0,0,0
43,29 Sep 2025,,cz23urlp2fqu90rtkbatvaadw,Giovanni Ayroldi,Genoa CFC,SS Lazio,L. Venturino,0,0,2,3,0,0,0,0,6,0,0,1,1,0,0
43,29 Sep 2025,,cz23urlp2fqu90rtkbatvaadw,Giovanni Ayroldi,Genoa CFC,SS Lazio,T. Bašić,0,0,0,0,1,2,0,0,24,0,0,0,0,0,0
43,29 Sep 2025,,cz23urlp2fqu90rtkbatvaadw,Giovanni Ayroldi,Genoa CFC,SS Lazio,V. Castellanos,1,0,0,0,1,0,1,1,13,0,0,1,1,0,0
43,29 Sep 2025,,cz23urlp2fqu90rtkbatvaadw,Giovanni Ayroldi,Genoa CFC,SS Lazio,L. Pellegrini,0,0,0,1,3,1,0,0,18,0,0,0,0,4,0
43,29 Sep 2025,,cz23urlp2fqu90rtkbatvaadw,Giovanni Ayroldi,Genoa CFC,SS Lazio,M. Zaccagni,0,0,0,0,1,4,1,0,27,0,0,2,1,2,0
43,29 Sep 2025,,cz23urlp2fqu90rtkbatvaadw,Giovanni Ayroldi,Genoa CFC,SS Lazio,M. Cancellieri,0,0,0,0,3,6,1,0,19,0,0,4,3,4,0
43,29 Sep 2025,,cz23urlp2fqu90rtkbatvaadw,Giovanni Ayroldi,Genoa CFC,SS Lazio,B. Dia,0,0,0,0,1,3,0,1,15,0,0,1,1,1,0
43,29 Sep 2025,,cz23urlp2fqu90rtkbatvaadw,Giovanni Ayroldi,Genoa CFC,SS Lazio,D. Cataldi,0,0,0,0,2,0,0,0,38,0,0,0,0,1,1
43,29 Sep 2025,,cz23urlp2fqu90rtkbatvaadw,Giovanni Ayroldi,Genoa CFC,SS Lazio,Mario Gila,0,0,0,0,2,0,0,0,26,0,0,0,0,1,0
43,29 Sep 2025,,cz23urlp2fqu90rtkbatvaadw,Giovanni Ayroldi,Genoa CFC,SS Lazio,A. Marušić,1,0,0,0,1,0,0,0,6,0,0,0,0,0,0
43,29 Sep 2025,,cz23urlp2fqu90rtkbatvaadw,Giovanni Ayroldi,Genoa CFC,SS Lazio,A. Romagnoli,0,0,0,0,0,0,0,0,23,0,0,0,0,2,0
43,29 Sep 2025,,cz23urlp2fqu90rtkbatvaadw,Giovanni Ayroldi,Genoa CFC,SS Lazio,I. Provedel,0,0,0,0,0,1,0,0,35,0,5,0,0,0,0
43,29 Sep 2025,,cz23urlp2fqu90rtkbatvaadw,Giovanni Ayroldi,Genoa CFC,SS Lazio,E. Hysaj,0,0,0,2,0,0,0,0,14,0,0,0,0,1,0
43,29 Sep 2025,,cz23urlp2fqu90rtkbatvaadw,Giovanni Ayroldi,Genoa CFC,SS Lazio,Nuno Tavares,0,0,0,1,0,0,0,0,12,0,0,0,0,0,0
43,29 Sep 2025,,cz23urlp2fqu90rtkbatvaadw,Giovanni Ayroldi,Genoa CFC,SS Lazio,Patric,0,0,0,0,1,0,0,0,7,0,0,0,0,0,0
43,29 Sep 2025,,cz23urlp2fqu90rtkbatvaadw,Giovanni Ayroldi,Genoa CFC,SS Lazio,Pedro,0,0,0,0,0,0,0,0,1,0,0,1,0,0,0
43,29 Sep 2025,,cz23urlp2fqu90rtkbatvaadw,Giovanni Ayroldi,Genoa CFC,SS Lazio,O. Provstgaard,0,0,0,0,0,0,0,0,2,0,0,0,0,0,0
44,27 Sep 2025,,czgfsy6it2t6xq68unh5m43ro,Simone Sozza,Juventus FC,Atalanta Bergamasca Calcio,T. Koopmeiners,0,0,4,7,1,0,0,0,51,0,0,3,2,3,0
44,27 Sep 2025,,czgfsy6it2t6xq68unh5m43ro,Simone Sozza,Juventus FC,Atalanta Bergamasca Calcio,M. Di Gregorio,0,0,0,0,0,0,0,0,29,0,1,0,0,0,0
44,27 Sep 2025,,czgfsy6it2t6xq68unh5m43ro,Simone Sozza,Juventus FC,Atalanta Bergamasca Calcio,L. Kelly,0,1,2,2,0,0,0,0,70,0,0,3,1,1,0
44,27 Sep 2025,,czgfsy6it2t6xq68unh5m43ro,Simone Sozza,Juventus FC,Atalanta Bergamasca Calcio,K. Yıldız,0,3,2,6,0,0,0,0,45,0,0,4,1,3,0
44,27 Sep 2025,,czgfsy6it2t6xq68unh5m43ro,Simone Sozza,Juventus FC,Atalanta Bergamasca Calcio,A. Cambiaso,0,0,3,9,1,1,0,0,58,0,0,0,0,0,0
44,27 Sep 2025,,czgfsy6it2t6xq68unh5m43ro,Simone Sozza,Juventus FC,Atalanta Bergamasca Calcio,L. Openda,0,1,0,2,1,1,0,1,18,0,0,1,0,0,0
44,27 Sep 2025,,czgfsy6it2t6xq68unh5m43ro,Simone Sozza,Juventus FC,Atalanta Bergamasca Calcio,P. Kalulu,0,0,0,5,0,0,0,0,83,0,0,2,0,1,0
44,27 Sep 2025,,czgfsy6it2t6xq68unh5m43ro,Simone Sozza,Juventus FC,Atalanta Bergamasca Calcio,F. Gatti,0,0,0,1,2,0,0,0,49,0,0,0,0,0,0
44,27 Sep 2025,,czgfsy6it2t6xq68unh5m43ro,Simone Sozza,Juventus FC,Atalanta Bergamasca Calcio,Bremer,0,1,1,1,0,1,0,0,56,0,0,2,1,1,0
44,27 Sep 2025,,czgfsy6it2t6xq68unh5m43ro,Simone Sozza,Juventus FC,Atalanta Bergamasca Calcio,K. Thuram,0,1,1,0,0,1,0,0,45,0,0,1,0,1,0
44,27 Sep 2025,,czgfsy6it2t6xq68unh5m43ro,Simone Sozza,Juventus FC,Atalanta Bergamasca Calcio,V. Adžić,0,0,1,1,0,0,0,0,31,0,0,3,2,1,0
44,27 Sep 2025,,czgfsy6it2t6xq68unh5m43ro,Simone Sozza,Juventus FC,Atalanta Bergamasca Calcio,D. Vlahović,0,0,0,1,0,0,0,0,3,0,0,1,0,0,0
44,27 Sep 2025,,czgfsy6it2t6xq68unh5m43ro,Simone Sozza,Juventus FC,Atalanta Bergamasca Calcio,W. McKennie,0,0,0,1,1,1,0,0,15,0,0,1,1,2,0
44,27 Sep 2025,,czgfsy6it2t6xq68unh5m43ro,Simone Sozza,Juventus FC,Atalanta Bergamasca Calcio,João Mário,0,0,0,3,0,1,0,0,16,0,0,0,0,0,0
44,27 Sep 2025,,czgfsy6it2t6xq68unh5m43ro,Simone Sozza,Juventus FC,Atalanta Bergamasca Calcio,E. Zhegrova,0,1,1,4,0,1,0,0,21,0,0,2,1,0,0
44,27 Sep 2025,,czgfsy6it2t6xq68unh5m43ro,Simone Sozza,Juventus FC,Atalanta Bergamasca Calcio,J. Cabal,0,0,0,0,0,0,1,0,10,0,0,1,1,0,0
44,27 Sep 2025,,czgfsy6it2t6xq68unh5m43ro,Simone Sozza,Juventus FC,Atalanta Bergamasca Calcio,L. Samardžić,0,0,1,7,0,0,0,0,24,0,0,1,0,0,0
44,27 Sep 2025,,czgfsy6it2t6xq68unh5m43ro,Simone Sozza,Juventus FC,Atalanta Bergamasca Calcio,O. Kossounou,0,0,0,0,1,1,0,0,27,0,0,0,0,2,0
44,27 Sep 2025,,czgfsy6it2t6xq68unh5m43ro,Simone Sozza,Juventus FC,Atalanta Bergamasca Calcio,R. Bellanova,0,1,0,4,0,1,0,0,22,0,0,1,0,2,0
44,27 Sep 2025,,czgfsy6it2t6xq68unh5m43ro,Simone Sozza,Juventus FC,Atalanta Bergamasca Calcio,D. Zappacosta,0,0,0,1,1,0,0,0,24,0,0,0,0,0,1
44,27 Sep 2025,,czgfsy6it2t6xq68unh5m43ro,Simone Sozza,Juventus FC,Atalanta Bergamasca Calcio,M. Pašalić,0,0,1,0,1,0,0,0,32,0,0,2,1,0,0
44,27 Sep 2025,,czgfsy6it2t6xq68unh5m43ro,Simone Sozza,Juventus FC,Atalanta Bergamasca Calcio,H. Ahanor,0,1,1,0,1,1,0,0,31,0,0,1,0,4,0
44,27 Sep 2025,,czgfsy6it2t6xq68unh5m43ro,Simone Sozza,Juventus FC,Atalanta Bergamasca Calcio,B. Djimsiti,0,0,0,0,1,0,0,0,25,0,0,1,0,0,0
44,27 Sep 2025,,czgfsy6it2t6xq68unh5m43ro,Simone Sozza,Juventus FC,Atalanta Bergamasca Calcio,M. Carnesecchi,0,0,0,0,0,0,0,0,28,0,9,0,0,0,0
44,27 Sep 2025,,czgfsy6it2t6xq68unh5m43ro,Simone Sozza,Juventus FC,Atalanta Bergamasca Calcio,N. Krstović,0,0,1,0,0,2,0,0,25,0,0,4,0,1,0
44,27 Sep 2025,,czgfsy6it2t6xq68unh5m43ro,Simone Sozza,Juventus FC,Atalanta Bergamasca Calcio,M. de Roon,0,1,0,1,2,0,0,0,42,1,0,1,0,1,2
44,27 Sep 2025,,czgfsy6it2t6xq68unh5m43ro,Simone Sozza,Juventus FC,Atalanta Bergamasca Calcio,K. Sulemana,0,0,1,0,0,1,1,0,9,0,0,1,1,0,0
44,27 Sep 2025,,czgfsy6it2t6xq68unh5m43ro,Simone Sozza,Juventus FC,Atalanta Bergamasca Calcio,C. De Ketelaere,0,0,0,1,0,0,0,0,8,0,0,0,0,1,0
44,27 Sep 2025,,czgfsy6it2t6xq68unh5m43ro,Simone Sozza,Juventus FC,Atalanta Bergamasca Calcio,M. Brescianini,0,0,0,0,0,0,0,0,1,0,0,0,0,0,0
44,27 Sep 2025,,czgfsy6it2t6xq68unh5m43ro,Simone Sozza,Juventus FC,Atalanta Bergamasca Calcio,Y. Musah,0,0,0,0,0,0,0,0,1,0,0,0,0,1,0
45,28 Sep 2025,,czuo2pvhjnqvkbvqy4t5nwpw4,Francesco Fourneau,US Lecce,Bologna FC 1909,M. Berisha,1,2,1,5,1,1,0,0,27,0,0,2,0,3,0
45,28 Sep 2025,,czuo2pvhjnqvkbvqy4t5nwpw4,Francesco Fourneau,US Lecce,Bologna FC 1909,W. Falcone,0,0,0,0,0,0,0,0,34,0,3,0,0,0,0
45,28 Sep 2025,,czuo2pvhjnqvkbvqy4t5nwpw4,Francesco Fourneau,US Lecce,Bologna FC 1909,A. Gallo,0,0,0,2,1,1,0,0,9,0,0,1,1,4,1
45,28 Sep 2025,,czuo2pvhjnqvkbvqy4t5nwpw4,Francesco Fourneau,US Lecce,Bologna FC 1909,Tete Morente,0,1,0,0,0,0,0,0,14,0,0,1,0,1,0
45,28 Sep 2025,,czuo2pvhjnqvkbvqy4t5nwpw4,Francesco Fourneau,US Lecce,Bologna FC 1909,Kialonda Gaspar,0,0,0,0,1,3,0,0,23,0,0,0,0,0,1
45,28 Sep 2025,,czuo2pvhjnqvkbvqy4t5nwpw4,Francesco Fourneau,US Lecce,Bologna FC 1909,O. Kouassi,0,0,0,1,1,1,0,0,10,0,0,0,0,0,0
45,28 Sep 2025,,czuo2pvhjnqvkbvqy4t5nwpw4,Francesco Fourneau,US Lecce,Bologna FC 1909,S. Pierotti,0,0,0,0,3,0,0,0,13,0,0,3,1,2,0
45,28 Sep 2025,,czuo2pvhjnqvkbvqy4t5nwpw4,Francesco Fourneau,US Lecce,Bologna FC 1909,L. Coulibaly,0,0,0,0,1,0,1,0,10,0,0,2,1,0,0
45,28 Sep 2025,,czuo2pvhjnqvkbvqy4t5nwpw4,Francesco Fourneau,US Lecce,Bologna FC 1909,Tiago Gabriel,0,0,0,0,2,0,0,0,26,0,0,1,0,3,0
45,28 Sep 2025,,czuo2pvhjnqvkbvqy4t5nwpw4,Francesco Fourneau,US Lecce,Bologna FC 1909,Y. Ramadani,0,0,0,1,2,0,0,0,31,0,0,1,0,4,1
45,28 Sep 2025,,czuo2pvhjnqvkbvqy4t5nwpw4,Francesco Fourneau,US Lecce,Bologna FC 1909,N. Štulić,0,0,0,0,1,1,0,1,16,0,0,0,0,1,0
45,28 Sep 2025,,czuo2pvhjnqvkbvqy4t5nwpw4,Francesco Fourneau,US Lecce,Bologna FC 1909,Danilo Veiga,0,0,0,1,0,1,0,0,27,0,0,0,0,3,0
45,28 Sep 2025,,czuo2pvhjnqvkbvqy4t5nwpw4,Francesco Fourneau,US Lecce,Bologna FC 1909,F. Camarda,0,0,0,0,0,0,1,0,3,0,0,1,1,0,1
45,28 Sep 2025,,czuo2pvhjnqvkbvqy4t5nwpw4,Francesco Fourneau,US Lecce,Bologna FC 1909,C. Ndaba,0,0,0,0,0,0,0,0,4,0,0,0,0,0,0
45,28 Sep 2025,,czuo2pvhjnqvkbvqy4t5nwpw4,Francesco Fourneau,US Lecce,Bologna FC 1909,L. Banda,0,0,2,3,0,0,0,0,3,0,0,0,0,0,0
45,28 Sep 2025,,czuo2pvhjnqvkbvqy4t5nwpw4,Francesco Fourneau,US Lecce,Bologna FC 1909,K. N’Dri,0,0,0,0,0,1,0,0,2,0,0,0,0,0,0
45,28 Sep 2025,,czuo2pvhjnqvkbvqy4t5nwpw4,Francesco Fourneau,US Lecce,Bologna FC 1909,E. Holm,1,1,0,3,1,1,0,0,39,0,0,1,0,2,0
45,28 Sep 2025,,czuo2pvhjnqvkbvqy4t5nwpw4,Francesco Fourneau,US Lecce,Bologna FC 1909,R. Orsolini,0,0,1,4,1,0,1,3,11,0,0,3,2,0,0
45,28 Sep 2025,,czuo2pvhjnqvkbvqy4t5nwpw4,Francesco Fourneau,US Lecce,Bologna FC 1909,Juan Miranda,0,0,1,4,1,1,0,0,42,0,0,0,0,1,0
45,28 Sep 2025,,czuo2pvhjnqvkbvqy4t5nwpw4,Francesco Fourneau,US Lecce,Bologna FC 1909,J. Rowe,0,1,3,3,1,3,0,0,21,0,0,2,1,3,0
45,28 Sep 2025,,czuo2pvhjnqvkbvqy4t5nwpw4,Francesco Fourneau,US Lecce,Bologna FC 1909,L. Ferguson,0,2,1,0,1,1,0,0,58,0,0,3,0,2,0
45,28 Sep 2025,,czuo2pvhjnqvkbvqy4t5nwpw4,Francesco Fourneau,US Lecce,Bologna FC 1909,G. Fabbian,0,0,1,1,0,2,0,1,18,0,0,0,0,0,0
45,28 Sep 2025,,czuo2pvhjnqvkbvqy4t5nwpw4,Francesco Fourneau,US Lecce,Bologna FC 1909,N. Moro,0,0,1,4,1,0,0,0,80,0,0,1,0,3,0
45,28 Sep 2025,,czuo2pvhjnqvkbvqy4t5nwpw4,Francesco Fourneau,US Lecce,Bologna FC 1909,Ł. Skorupski,0,0,0,0,0,1,0,0,36,0,2,0,0,0,0
45,28 Sep 2025,,czuo2pvhjnqvkbvqy4t5nwpw4,Francesco Fourneau,US Lecce,Bologna FC 1909,J. Lucumí,0,1,0,0,0,0,0,0,87,0,0,1,0,2,0
45,28 Sep 2025,,czuo2pvhjnqvkbvqy4t5nwpw4,Francesco Fourneau,US Lecce,Bologna FC 1909,T. Dallinga,0,1,1,0,1,3,0,0,19,0,0,1,0,0,1
45,28 Sep 2025,,czuo2pvhjnqvkbvqy4t5nwpw4,Francesco Fourneau,US Lecce,Bologna FC 1909,T. Heggem,0,0,0,0,1,1,0,0,75,0,0,1,1,1,0
45,28 Sep 2025,,czuo2pvhjnqvkbvqy4t5nwpw4,Francesco Fourneau,US Lecce,Bologna FC 1909,F. Bernardeschi,0,0,0,0,1,0,0,0,13,0,0,0,0,0,1
45,28 Sep 2025,,czuo2pvhjnqvkbvqy4t5nwpw4,Francesco Fourneau,US Lecce,Bologna FC 1909,J. Odgaard,0,0,0,0,0,0,1,0,8,0,0,1,1,0,0
45,28 Sep 2025,,czuo2pvhjnqvkbvqy4t5nwpw4,Francesco Fourneau,US Lecce,Bologna FC 1909,N. Cambiaghi,0,0,0,0,2,0,0,0,4,0,0,0,0,0,0
45,28 Sep 2025,,czuo2pvhjnqvkbvqy4t5nwpw4,Francesco Fourneau,US Lecce,Bologna FC 1909,S. Castro,0,0,0,0,2,0,0,0,5,0,0,0,0,0,0
45,28 Sep 2025,,czuo2pvhjnqvkbvqy4t5nwpw4,Francesco Fourneau,US Lecce,Bologna FC 1909,L. De Silvestri,0,0,0,0,0,0,0,0,1,0,0,0,0,0,0
46,28 Sep 2025,,d09944d1ux39ydv2wp8sx7hn8,Daniele Chiffi,AC Milan,SSC Napoli,S. Giménez,0,0,0,0,0,2,0,0,14,0,0,0,0,1,0
46,28 Sep 2025,,d09944d1ux39ydv2wp8sx7hn8,Daniele Chiffi,AC Milan,SSC Napoli,M. Gabbia,0,0,0,0,0,0,0,0,24,0,0,0,0,1,0
46,28 Sep 2025,,d09944d1ux39ydv2wp8sx7hn8,Daniele Chiffi,AC Milan,SSC Napoli,A. Rabiot,0,0,0,0,3,1,0,0,37,0,0,0,0,1,1
46,28 Sep 2025,,d09944d1ux39ydv2wp8sx7hn8,Daniele Chiffi,AC Milan,SSC Napoli,F. Tomori,0,0,0,0,1,0,0,0,26,0,0,0,0,0,0
46,28 Sep 2025,,d09944d1ux39ydv2wp8sx7hn8,Daniele Chiffi,AC Milan,SSC Napoli,C. Pulišić,1,0,0,0,0,0,1,0,24,0,0,1,1,0,0
46,28 Sep 2025,,d09944d1ux39ydv2wp8sx7hn8,Daniele Chiffi,AC Milan,SSC Napoli,Y. Fofana,1,0,0,0,0,0,0,0,16,0,0,1,0,1,0
46,28 Sep 2025,,d09944d1ux39ydv2wp8sx7hn8,Daniele Chiffi,AC Milan,SSC Napoli,L. Modrić,0,1,0,1,0,0,0,0,58,0,0,1,0,1,0
46,28 Sep 2025,,d09944d1ux39ydv2wp8sx7hn8,Daniele Chiffi,AC Milan,SSC Napoli,S. Pavlović,0,0,1,0,0,1,0,0,40,0,0,1,0,1,0
46,28 Sep 2025,,d09944d1ux39ydv2wp8sx7hn8,Daniele Chiffi,AC Milan,SSC Napoli,A. Saelemaekers,0,0,0,1,0,1,1,0,24,0,0,2,2,3,0
46,28 Sep 2025,,d09944d1ux39ydv2wp8sx7hn8,Daniele Chiffi,AC Milan,SSC Napoli,M. Maignan,0,0,0,0,0,0,0,0,37,0,6,0,0,0,0
46,28 Sep 2025,,d09944d1ux39ydv2wp8sx7hn8,Daniele Chiffi,AC Milan,SSC Napoli,P. Estupiñán,0,0,0,0,1,0,0,1,23,1,0,0,0,0,0
46,28 Sep 2025,,d09944d1ux39ydv2wp8sx7hn8,Daniele Chiffi,AC Milan,SSC Napoli,D. Bartesaghi,0,0,0,0,0,0,0,0,9,0,0,0,0,2,0
46,28 Sep 2025,,d09944d1ux39ydv2wp8sx7hn8,Daniele Chiffi,AC Milan,SSC Napoli,Rafael Leão,0,0,0,0,2,0,0,0,8,0,0,0,0,0,0
46,28 Sep 2025,,d09944d1ux39ydv2wp8sx7hn8,Daniele Chiffi,AC Milan,SSC Napoli,Z. Athekame,0,0,0,0,0,0,0,0,8,0,0,0,0,0,0
46,28 Sep 2025,,d09944d1ux39ydv2wp8sx7hn8,Daniele Chiffi,AC Milan,SSC Napoli,R. Loftus-Cheek,0,0,0,0,0,0,0,0,5,0,0,0,0,0,0
46,28 Sep 2025,,d09944d1ux39ydv2wp8sx7hn8,Daniele Chiffi,AC Milan,SSC Napoli,K. De Winter,0,0,0,0,0,0,0,0,6,0,0,0,0,0,0
46,28 Sep 2025,,d09944d1ux39ydv2wp8sx7hn8,Daniele Chiffi,AC Milan,SSC Napoli,G. Di Lorenzo,0,0,0,2,0,1,0,0,61,0,0,3,1,1,0
46,28 Sep 2025,,d09944d1ux39ydv2wp8sx7hn8,Daniele Chiffi,AC Milan,SSC Napoli,M. Politano,0,0,2,9,0,0,0,0,39,0,0,0,0,1,0
46,28 Sep 2025,,d09944d1ux39ydv2wp8sx7hn8,Daniele Chiffi,AC Milan,SSC Napoli,K. De Bruyne,0,1,0,5,0,1,1,0,75,0,0,2,1,2,0
46,28 Sep 2025,,d09944d1ux39ydv2wp8sx7hn8,Daniele Chiffi,AC Milan,SSC Napoli,Miguel Gutiérrez,0,0,1,5,0,0,0,0,56,0,0,2,1,1,0
46,28 Sep 2025,,d09944d1ux39ydv2wp8sx7hn8,Daniele Chiffi,AC Milan,SSC Napoli,A. Meret,0,0,0,0,0,0,0,0,11,0,1,0,0,0,0
46,28 Sep 2025,,d09944d1ux39ydv2wp8sx7hn8,Daniele Chiffi,AC Milan,SSC Napoli,L. Marianucci,0,1,0,0,1,0,0,0,102,0,0,1,0,2,0
46,28 Sep 2025,,d09944d1ux39ydv2wp8sx7hn8,Daniele Chiffi,AC Milan,SSC Napoli,Juan Jesus,0,0,0,0,2,0,0,0,81,0,0,0,0,2,0
46,28 Sep 2025,,d09944d1ux39ydv2wp8sx7hn8,Daniele Chiffi,AC Milan,SSC Napoli,S. Lobotka,0,0,0,0,1,5,0,0,63,0,0,0,0,0,0
46,28 Sep 2025,,d09944d1ux39ydv2wp8sx7hn8,Daniele Chiffi,AC Milan,SSC Napoli,F. Anguissa,0,0,0,2,0,0,0,0,37,0,0,4,1,1,0
46,28 Sep 2025,,d09944d1ux39ydv2wp8sx7hn8,Daniele Chiffi,AC Milan,SSC Napoli,S. McTominay,0,0,1,1,1,0,0,0,36,0,0,1,1,1,0
46,28 Sep 2025,,d09944d1ux39ydv2wp8sx7hn8,Daniele Chiffi,AC Milan,SSC Napoli,R. Højlund,0,0,0,0,0,0,0,0,11,0,0,0,0,0,0
46,28 Sep 2025,,d09944d1ux39ydv2wp8sx7hn8,Daniele Chiffi,AC Milan,SSC Napoli,E. Elmas,0,2,0,0,0,0,0,0,8,0,0,2,0,1,0
46,28 Sep 2025,,d09944d1ux39ydv2wp8sx7hn8,Daniele Chiffi,AC Milan,SSC Napoli,David Neres,0,1,3,5,1,0,0,0,7,0,0,2,1,0,0
46,28 Sep 2025,,d09944d1ux39ydv2wp8sx7hn8,Daniele Chiffi,AC Milan,SSC Napoli,L. Lucca,0,0,0,0,1,0,0,0,0,0,0,0,0,0,0
46,28 Sep 2025,,d09944d1ux39ydv2wp8sx7hn8,Daniele Chiffi,AC Milan,SSC Napoli,N. Lang,0,0,0,3,0,0,0,0,8,0,0,1,1,0,0
46,28 Sep 2025,,d09944d1ux39ydv2wp8sx7hn8,Daniele Chiffi,AC Milan,SSC Napoli,B. Gilmour,0,1,0,0,0,0,0,0,9,0,0,1,0,0,0
47,29 Sep 2025,,d0p9a2knjp3jb4mdfk6zz2rdg,Giuseppe Collu,Parma Calcio 1913,Torino FC,A. Ndiaye,0,0,0,0,2,0,0,0,35,0,0,0,0,3,1
47,29 Sep 2025,,d0p9a2knjp3jb4mdfk6zz2rdg,Giuseppe Collu,Parma Calcio 1913,Torino FC,A. Circati,0,0,0,0,1,0,0,0,32,0,0,0,0,0,0
47,29 Sep 2025,,d0p9a2knjp3jb4mdfk6zz2rdg,Giuseppe Collu,Parma Calcio 1913,Torino FC,P. Cutrone,0,0,1,0,0,0,0,0,19,0,0,1,0,0,0
47,29 Sep 2025,,d0p9a2knjp3jb4mdfk6zz2rdg,Giuseppe Collu,Parma Calcio 1913,Torino FC,M. Pellegrino,0,1,0,0,2,2,2,1,12,0,0,4,2,0,1
47,29 Sep 2025,,d0p9a2knjp3jb4mdfk6zz2rdg,Giuseppe Collu,Parma Calcio 1913,Torino FC,Adrián Bernabé,0,1,0,0,0,1,0,0,28,0,0,3,0,2,0
47,29 Sep 2025,,d0p9a2knjp3jb4mdfk6zz2rdg,Giuseppe Collu,Parma Calcio 1913,Torino FC,E. Delprato,0,1,1,0,1,0,0,0,22,0,0,2,0,1,1
47,29 Sep 2025,,d0p9a2knjp3jb4mdfk6zz2rdg,Giuseppe Collu,Parma Calcio 1913,Torino FC,E. Valeri,1,0,1,9,0,0,0,0,21,0,0,0,0,3,0
47,29 Sep 2025,,d0p9a2knjp3jb4mdfk6zz2rdg,Giuseppe Collu,Parma Calcio 1913,Torino FC,Z. Suzuki,0,0,0,0,0,0,0,0,39,0,3,0,0,0,0
47,29 Sep 2025,,d0p9a2knjp3jb4mdfk6zz2rdg,Giuseppe Collu,Parma Calcio 1913,Torino FC,G. Oristanio,0,0,0,0,1,2,0,0,8,0,0,0,0,0,0
47,29 Sep 2025,,d0p9a2knjp3jb4mdfk6zz2rdg,Giuseppe Collu,Parma Calcio 1913,Torino FC,S. Britschgi,0,0,1,1,1,1,0,0,16,0,0,1,0,1,0
47,29 Sep 2025,,d0p9a2knjp3jb4mdfk6zz2rdg,Giuseppe Collu,Parma Calcio 1913,Torino FC,M. Keita,0,0,0,0,0,1,0,0,20,0,0,1,0,3,0
47,29 Sep 2025,,d0p9a2knjp3jb4mdfk6zz2rdg,Giuseppe Collu,Parma Calcio 1913,Torino FC,A. Benedyczak,0,0,0,1,2,1,0,0,7,0,0,0,0,2,0
47,29 Sep 2025,,d0p9a2knjp3jb4mdfk6zz2rdg,Giuseppe Collu,Parma Calcio 1913,Torino FC,N. Estévez,0,1,0,0,0,1,0,0,10,0,0,1,0,0,0
47,29 Sep 2025,,d0p9a2knjp3jb4mdfk6zz2rdg,Giuseppe Collu,Parma Calcio 1913,Torino FC,O. Sørensen,0,0,0,0,0,0,0,0,0,0,0,0,0,0,0
47,29 Sep 2025,,d0p9a2knjp3jb4mdfk6zz2rdg,Giuseppe Collu,Parma Calcio 1913,Torino FC,M. Đurić,0,0,0,0,0,0,0,0,1,0,0,0,0,0,0
47,29 Sep 2025,,d0p9a2knjp3jb4mdfk6zz2rdg,Giuseppe Collu,Parma Calcio 1913,Torino FC,K. Asllani,0,1,0,4,0,0,0,0,54,0,0,2,0,1,0
47,29 Sep 2025,,d0p9a2knjp3jb4mdfk6zz2rdg,Giuseppe Collu,Parma Calcio 1913,Torino FC,F. Israel,0,0,0,0,0,1,0,0,41,0,1,0,0,0,0
47,29 Sep 2025,,d0p9a2knjp3jb4mdfk6zz2rdg,Giuseppe Collu,Parma Calcio 1913,Torino FC,C. Casadei,0,0,0,0,0,0,0,0,40,0,0,2,1,2,0
47,29 Sep 2025,,d0p9a2knjp3jb4mdfk6zz2rdg,Giuseppe Collu,Parma Calcio 1913,Torino FC,C. Ngonge,0,0,1,2,4,1,1,0,36,0,0,3,2,2,1
47,29 Sep 2025,,d0p9a2knjp3jb4mdfk6zz2rdg,Giuseppe Collu,Parma Calcio 1913,Torino FC,G. Simeone,0,3,1,0,1,2,0,1,19,0,0,3,0,0,0
47,29 Sep 2025,,d0p9a2knjp3jb4mdfk6zz2rdg,Giuseppe Collu,Parma Calcio 1913,Torino FC,A. Ismajli,0,0,0,3,2,0,0,0,39,0,0,0,0,1,0
47,29 Sep 2025,,d0p9a2knjp3jb4mdfk6zz2rdg,Giuseppe Collu,Parma Calcio 1913,Torino FC,V. Lazaro,0,0,0,9,0,0,0,0,37,0,0,0,0,3,0
47,29 Sep 2025,,d0p9a2knjp3jb4mdfk6zz2rdg,Giuseppe Collu,Parma Calcio 1913,Torino FC,Saúl Coco,1,1,0,1,2,3,0,0,53,0,0,1,0,2,0
47,29 Sep 2025,,d0p9a2knjp3jb4mdfk6zz2rdg,Giuseppe Collu,Parma Calcio 1913,Torino FC,G. Maripán,0,2,0,0,0,0,0,0,33,0,0,2,0,1,0
47,29 Sep 2025,,d0p9a2knjp3jb4mdfk6zz2rdg,Giuseppe Collu,Parma Calcio 1913,Torino FC,N. Nkounkou,0,0,0,1,0,1,0,0,25,0,0,0,0,1,1
47,29 Sep 2025,,d0p9a2knjp3jb4mdfk6zz2rdg,Giuseppe Collu,Parma Calcio 1913,Torino FC,N. Vlašić,0,1,0,2,0,0,0,0,33,0,0,2,1,1,0
47,29 Sep 2025,,d0p9a2knjp3jb4mdfk6zz2rdg,Giuseppe Collu,Parma Calcio 1913,Torino FC,C. Biraghi,0,0,0,5,1,1,0,0,10,0,0,0,0,1,0
47,29 Sep 2025,,d0p9a2knjp3jb4mdfk6zz2rdg,Giuseppe Collu,Parma Calcio 1913,Torino FC,A. Tamèze,0,0,0,0,0,0,0,0,13,0,0,0,0,1,0
47,29 Sep 2025,,d0p9a2knjp3jb4mdfk6zz2rdg,Giuseppe Collu,Parma Calcio 1913,Torino FC,C. Adams,0,0,0,0,0,0,0,0,6,0,0,0,0,0,0
47,29 Sep 2025,,d0p9a2knjp3jb4mdfk6zz2rdg,Giuseppe Collu,Parma Calcio 1913,Torino FC,Z. Aboukhlal,0,0,0,1,0,0,0,0,3,0,0,0,0,0,0
47,29 Sep 2025,,d0p9a2knjp3jb4mdfk6zz2rdg,Giuseppe Collu,Parma Calcio 1913,Torino FC,A. Njie,0,0,1,1,2,0,0,0,0,0,0,0,0,0,1
48,28 Sep 2025,,d13j9w14b12tik6wf4bvy3ztg,Gianluca Manganiello,Pisa Sporting Club,ACF Fiorentina,S. Canestrelli,0,0,0,1,2,0,0,0,22,0,0,0,0,1,0
48,28 Sep 2025,,d13j9w14b12tik6wf4bvy3ztg,Gianluca Manganiello,Pisa Sporting Club,ACF Fiorentina,A. Caracciolo,0,0,0,0,1,0,0,0,21,0,0,0,0,3,0
48,28 Sep 2025,,d13j9w14b12tik6wf4bvy3ztg,Gianluca Manganiello,Pisa Sporting Club,ACF Fiorentina,G. Bonfanti,0,1,2,1,2,0,0,0,36,0,0,1,0,4,0
48,28 Sep 2025,,d13j9w14b12tik6wf4bvy3ztg,Gianluca Manganiello,Pisa Sporting Club,ACF Fiorentina,I. Touré,0,0,1,5,1,0,0,1,19,0,0,3,1,2,0
48,28 Sep 2025,,d13j9w14b12tik6wf4bvy3ztg,Gianluca Manganiello,Pisa Sporting Club,ACF Fiorentina,A. Šemper,0,0,0,0,0,0,0,0,24,0,2,0,0,0,0
48,28 Sep 2025,,d13j9w14b12tik6wf4bvy3ztg,Gianluca Manganiello,Pisa Sporting Club,ACF Fiorentina,E. Akinsanmiro,0,0,0,1,2,5,0,0,16,0,0,0,0,5,0
48,28 Sep 2025,,d13j9w14b12tik6wf4bvy3ztg,Gianluca Manganiello,Pisa Sporting Club,ACF Fiorentina,M'Bala Nzola,0,0,0,0,1,3,0,0,13,0,0,3,0,1,0
48,28 Sep 2025,,d13j9w14b12tik6wf4bvy3ztg,Gianluca Manganiello,Pisa Sporting Club,ACF Fiorentina,M. Aebischer,0,0,0,0,1,0,0,0,19,0,0,0,0,3,0
48,28 Sep 2025,,d13j9w14b12tik6wf4bvy3ztg,Gianluca Manganiello,Pisa Sporting Club,ACF Fiorentina,M. Marin,0,0,0,2,1,1,0,0,15,0,0,0,0,5,0
48,28 Sep 2025,,d13j9w14b12tik6wf4bvy3ztg,Gianluca Manganiello,Pisa Sporting Club,ACF Fiorentina,M. Léris,0,0,1,2,1,1,0,0,8,0,0,1,0,0,0
48,28 Sep 2025,,d13j9w14b12tik6wf4bvy3ztg,Gianluca Manganiello,Pisa Sporting Club,ACF Fiorentina,M. Tramoni,0,2,0,5,0,0,0,0,13,0,0,2,0,1,0
48,28 Sep 2025,,d13j9w14b12tik6wf4bvy3ztg,Gianluca Manganiello,Pisa Sporting Club,ACF Fiorentina,M. Højholt,0,0,0,0,0,0,0,0,14,0,0,0,0,1,0
48,28 Sep 2025,,d13j9w14b12tik6wf4bvy3ztg,Gianluca Manganiello,Pisa Sporting Club,ACF Fiorentina,İ. Vural,0,0,0,0,1,2,0,0,4,0,0,0,0,0,0
48,28 Sep 2025,,d13j9w14b12tik6wf4bvy3ztg,Gianluca Manganiello,Pisa Sporting Club,ACF Fiorentina,H. Meister,0,0,0,0,2,0,0,0,0,0,0,0,0,0,0
48,28 Sep 2025,,d13j9w14b12tik6wf4bvy3ztg,Gianluca Manganiello,Pisa Sporting Club,ACF Fiorentina,J. Cuadrado,0,0,0,0,0,2,0,0,5,0,0,1,0,3,0
48,28 Sep 2025,,d13j9w14b12tik6wf4bvy3ztg,Gianluca Manganiello,Pisa Sporting Club,ACF Fiorentina,S. Moreo,0,0,0,0,0,1,0,0,1,0,0,0,0,0,0
48,28 Sep 2025,,d13j9w14b12tik6wf4bvy3ztg,Gianluca Manganiello,Pisa Sporting Club,ACF Fiorentina,R. Mandragora,0,0,1,5,4,4,0,0,33,0,0,1,0,4,0
48,28 Sep 2025,,d13j9w14b12tik6wf4bvy3ztg,Gianluca Manganiello,Pisa Sporting Club,ACF Fiorentina,David de Gea,0,0,0,0,0,2,0,0,31,0,1,0,0,0,0
48,28 Sep 2025,,d13j9w14b12tik6wf4bvy3ztg,Gianluca Manganiello,Pisa Sporting Club,ACF Fiorentina,R. Gosens,0,0,3,4,0,0,0,0,19,0,0,0,0,4,0
48,28 Sep 2025,,d13j9w14b12tik6wf4bvy3ztg,Gianluca Manganiello,Pisa Sporting Club,ACF Fiorentina,J. Fazzini,0,3,0,0,1,0,0,0,18,0,0,3,0,6,0
48,28 Sep 2025,,d13j9w14b12tik6wf4bvy3ztg,Gianluca Manganiello,Pisa Sporting Club,ACF Fiorentina,A. Guðmundsson,0,0,0,1,0,2,0,0,24,0,0,0,0,0,0
48,28 Sep 2025,,d13j9w14b12tik6wf4bvy3ztg,Gianluca Manganiello,Pisa Sporting Club,ACF Fiorentina,M. Pongračić,0,0,0,1,3,0,0,0,60,0,0,1,0,1,0
48,28 Sep 2025,,d13j9w14b12tik6wf4bvy3ztg,Gianluca Manganiello,Pisa Sporting Club,ACF Fiorentina,H. Nicolussi,0,1,0,0,3,2,0,0,31,0,0,2,1,2,0
48,28 Sep 2025,,d13j9w14b12tik6wf4bvy3ztg,Gianluca Manganiello,Pisa Sporting Club,ACF Fiorentina,L. Ranieri,0,0,0,0,1,1,0,1,58,0,0,0,0,2,0
48,28 Sep 2025,,d13j9w14b12tik6wf4bvy3ztg,Gianluca Manganiello,Pisa Sporting Club,ACF Fiorentina,Pablo Marí,0,0,0,0,0,0,0,0,65,0,0,0,0,2,0
48,28 Sep 2025,,d13j9w14b12tik6wf4bvy3ztg,Gianluca Manganiello,Pisa Sporting Club,ACF Fiorentina,Dodô,0,0,1,2,2,1,0,0,22,0,0,1,0,3,0
48,28 Sep 2025,,d13j9w14b12tik6wf4bvy3ztg,Gianluca Manganiello,Pisa Sporting Club,ACF Fiorentina,M. Kean,0,0,0,0,0,2,0,4,9,0,0,5,1,1,1
48,28 Sep 2025,,d13j9w14b12tik6wf4bvy3ztg,Gianluca Manganiello,Pisa Sporting Club,ACF Fiorentina,R. Piccoli,0,0,0,0,0,0,0,0,5,0,0,0,0,1,0
48,28 Sep 2025,,d13j9w14b12tik6wf4bvy3ztg,Gianluca Manganiello,Pisa Sporting Club,ACF Fiorentina,S. Sohm,0,0,0,0,1,0,0,0,5,0,0,0,0,0,0
48,28 Sep 2025,,d13j9w14b12tik6wf4bvy3ztg,Gianluca Manganiello,Pisa Sporting Club,ACF Fiorentina,E. Džeko,0,1,1,0,0,0,0,0,5,0,0,1,0,0,0
49,28 Sep 2025,,d1iqbauqztqni51jxkp8wuuj8,Ermanno Feliciani,AS Roma,Hellas Verona FC,L. Pellegrini,0,0,3,8,1,4,0,0,42,0,0,0,0,1,0
49,28 Sep 2025,,d1iqbauqztqni51jxkp8wuuj8,Ermanno Feliciani,AS Roma,Hellas Verona FC,M. Koné,0,0,0,0,2,5,0,0,39,0,0,1,0,4,0
49,28 Sep 2025,,d1iqbauqztqni51jxkp8wuuj8,Ermanno Feliciani,AS Roma,Hellas Verona FC,Angeliño,0,0,1,1,0,1,0,0,23,0,0,0,0,0,0
49,28 Sep 2025,,d1iqbauqztqni51jxkp8wuuj8,Ermanno Feliciani,AS Roma,Hellas Verona FC,E. Ndicka,0,0,0,0,0,2,0,0,42,0,0,0,0,1,0
49,28 Sep 2025,,d1iqbauqztqni51jxkp8wuuj8,Ermanno Feliciani,AS Roma,Hellas Verona FC,M. Svilar,0,0,0,0,0,0,0,0,44,0,3,0,0,1,0
49,28 Sep 2025,,d1iqbauqztqni51jxkp8wuuj8,Ermanno Feliciani,AS Roma,Hellas Verona FC,A. Dovbyk,0,0,1,0,1,0,1,0,13,0,0,1,1,0,0
49,28 Sep 2025,,d1iqbauqztqni51jxkp8wuuj8,Ermanno Feliciani,AS Roma,Hellas Verona FC,Z. Çelik,1,0,1,2,1,0,0,0,39,0,0,1,0,2,0
49,28 Sep 2025,,d1iqbauqztqni51jxkp8wuuj8,Ermanno Feliciani,AS Roma,Hellas Verona FC,Wesley,0,0,0,2,1,0,0,0,27,0,0,0,0,2,0
49,28 Sep 2025,,d1iqbauqztqni51jxkp8wuuj8,Ermanno Feliciani,AS Roma,Hellas Verona FC,B. Cristante,0,2,1,1,1,0,0,0,55,0,0,4,2,0,0
49,28 Sep 2025,,d1iqbauqztqni51jxkp8wuuj8,Ermanno Feliciani,AS Roma,Hellas Verona FC,G. Mancini,0,0,0,0,1,1,0,0,29,0,0,0,0,3,0
49,28 Sep 2025,,d1iqbauqztqni51jxkp8wuuj8,Ermanno Feliciani,AS Roma,Hellas Verona FC,M. Soulé,0,1,0,3,1,2,1,0,31,0,0,2,1,1,0
49,28 Sep 2025,,d1iqbauqztqni51jxkp8wuuj8,Ermanno Feliciani,AS Roma,Hellas Verona FC,Hermoso,0,0,0,0,1,0,0,0,16,0,0,0,0,0,0
49,28 Sep 2025,,d1iqbauqztqni51jxkp8wuuj8,Ermanno Feliciani,AS Roma,Hellas Verona FC,E. Ferguson,0,0,0,0,0,2,0,0,11,0,0,0,0,0,0
49,28 Sep 2025,,d1iqbauqztqni51jxkp8wuuj8,Ermanno Feliciani,AS Roma,Hellas Verona FC,K. Tsimikas,0,0,0,2,0,0,0,0,10,0,0,0,0,0,0
49,28 Sep 2025,,d1iqbauqztqni51jxkp8wuuj8,Ermanno Feliciani,AS Roma,Hellas Verona FC,J. Ziółkowski,0,0,0,0,1,0,0,0,8,0,0,0,0,1,0
49,28 Sep 2025,,d1iqbauqztqni51jxkp8wuuj8,Ermanno Feliciani,AS Roma,Hellas Verona FC,S. El Shaarawy,0,0,1,0,0,0,0,0,3,0,0,1,1,0,0
49,28 Sep 2025,,d1iqbauqztqni51jxkp8wuuj8,Ermanno Feliciani,AS Roma,Hellas Verona FC,Unai Núñez,0,1,0,1,3,0,0,0,42,0,0,1,0,1,1
49,28 Sep 2025,,d1iqbauqztqni51jxkp8wuuj8,Ermanno Feliciani,AS Roma,Hellas Verona FC,J. Akpa Akpro,0,0,0,0,2,0,0,0,10,0,0,0,0,0,1
49,28 Sep 2025,,d1iqbauqztqni51jxkp8wuuj8,Ermanno Feliciani,AS Roma,Hellas Verona FC,D. Bradarić,0,0,0,3,0,1,0,0,16,0,0,0,0,0,0
49,28 Sep 2025,,d1iqbauqztqni51jxkp8wuuj8,Ermanno Feliciani,AS Roma,Hellas Verona FC,M. Frese,0,1,0,4,3,1,0,0,43,0,0,1,0,6,0
49,28 Sep 2025,,d1iqbauqztqni51jxkp8wuuj8,Ermanno Feliciani,AS Roma,Hellas Verona FC,L. Montipò,0,0,0,0,0,0,0,0,29,0,3,0,0,0,0
49,28 Sep 2025,,d1iqbauqztqni51jxkp8wuuj8,Ermanno Feliciani,AS Roma,Hellas Verona FC,R. Belghali,0,0,0,6,0,0,0,2,21,0,0,1,1,0,1
49,28 Sep 2025,,d1iqbauqztqni51jxkp8wuuj8,Ermanno Feliciani,AS Roma,Hellas Verona FC,V. Nelsson,0,0,0,0,0,1,0,0,35,0,0,0,0,4,0
49,28 Sep 2025,,d1iqbauqztqni51jxkp8wuuj8,Ermanno Feliciani,AS Roma,Hellas Verona FC,S. Serdar,0,0,0,0,3,2,0,0,32,0,0,1,0,3,0
49,28 Sep 2025,,d1iqbauqztqni51jxkp8wuuj8,Ermanno Feliciani,AS Roma,Hellas Verona FC,G. Orban,0,1,1,0,1,1,0,0,8,0,0,4,1,0,0
49,28 Sep 2025,,d1iqbauqztqni51jxkp8wuuj8,Ermanno Feliciani,AS Roma,Hellas Verona FC,Giovane,0,0,0,0,2,1,0,0,17,0,0,1,0,1,0
49,28 Sep 2025,,d1iqbauqztqni51jxkp8wuuj8,Ermanno Feliciani,AS Roma,Hellas Verona FC,A. Bernede,0,0,0,1,0,1,0,0,25,0,0,1,1,0,0
49,28 Sep 2025,,d1iqbauqztqni51jxkp8wuuj8,Ermanno Feliciani,AS Roma,Hellas Verona FC,R. Gagliardini,0,0,0,0,2,2,0,0,32,0,0,0,0,2,1
49,28 Sep 2025,,d1iqbauqztqni51jxkp8wuuj8,Ermanno Feliciani,AS Roma,Hellas Verona FC,A. Sarr,0,0,0,0,1,1,0,0,3,0,0,1,0,0,0
49,28 Sep 2025,,d1iqbauqztqni51jxkp8wuuj8,Ermanno Feliciani,AS Roma,Hellas Verona FC,A. Bella-Kotchap,0,0,0,0,1,0,0,0,4,0,0,0,0,0,0
49,28 Sep 2025,,d1iqbauqztqni51jxkp8wuuj8,Ermanno Feliciani,AS Roma,Hellas Verona FC,F. Cham,0,0,0,1,1,0,0,0,2,0,0,1,0,1,0
49,28 Sep 2025,,d1iqbauqztqni51jxkp8wuuj8,Ermanno Feliciani,AS Roma,Hellas Verona FC,G. Kastanos,0,0,0,1,0,0,0,0,1,0,0,0,0,0,0
50,28 Sep 2025,,d1x445mhky7hc1p6jeeifhgr8,Daniele Perenzoni,US Sassuolo Calcio,Udinese Calcio,A. Pinamonti,0,1,0,0,0,0,0,0,13,0,0,2,1,0,0
50,28 Sep 2025,,d1x445mhky7hc1p6jeeifhgr8,Daniele Perenzoni,US Sassuolo Calcio,Udinese Calcio,J. Idzes,0,0,0,0,0,0,0,0,31,0,0,1,0,1,0
50,28 Sep 2025,,d1x445mhky7hc1p6jeeifhgr8,Daniele Perenzoni,US Sassuolo Calcio,Udinese Calcio,J. Doig,0,0,1,1,0,2,0,0,29,0,0,0,0,2,0
50,28 Sep 2025,,d1x445mhky7hc1p6jeeifhgr8,Daniele Perenzoni,US Sassuolo Calcio,Udinese Calcio,I. Koné,0,1,0,0,1,2,1,0,10,0,0,2,1,1,0
50,28 Sep 2025,,d1x445mhky7hc1p6jeeifhgr8,Daniele Perenzoni,US Sassuolo Calcio,Udinese Calcio,A. Laurienté,1,1,0,1,0,2,1,3,13,0,0,2,1,0,0
50,28 Sep 2025,,d1x445mhky7hc1p6jeeifhgr8,Daniele Perenzoni,US Sassuolo Calcio,Udinese Calcio,A. Vranckx,0,0,0,1,0,2,0,0,12,0,0,0,0,0,0
50,28 Sep 2025,,d1x445mhky7hc1p6jeeifhgr8,Daniele Perenzoni,US Sassuolo Calcio,Udinese Calcio,N. Matić,0,0,0,0,0,0,0,0,42,0,0,0,0,0,0
50,28 Sep 2025,,d1x445mhky7hc1p6jeeifhgr8,Daniele Perenzoni,US Sassuolo Calcio,Udinese Calcio,T. Muharemović,0,0,0,0,0,2,0,0,41,0,0,0,0,1,0
50,28 Sep 2025,,d1x445mhky7hc1p6jeeifhgr8,Daniele Perenzoni,US Sassuolo Calcio,Udinese Calcio,A. Murić,0,0,0,0,0,1,0,0,36,0,4,0,0,0,0
50,28 Sep 2025,,d1x445mhky7hc1p6jeeifhgr8,Daniele Perenzoni,US Sassuolo Calcio,Udinese Calcio,S. Walukiewicz,0,0,0,2,0,1,0,0,27,0,0,0,0,3,0
50,28 Sep 2025,,d1x445mhky7hc1p6jeeifhgr8,Daniele Perenzoni,US Sassuolo Calcio,Udinese Calcio,D. Berardi,1,0,0,2,2,3,0,1,29,0,0,1,0,1,0
50,28 Sep 2025,,d1x445mhky7hc1p6jeeifhgr8,Daniele Perenzoni,US Sassuolo Calcio,Udinese Calcio,K. Thorstvedt,0,0,0,0,0,1,0,0,17,0,0,1,0,2,0
50,28 Sep 2025,,d1x445mhky7hc1p6jeeifhgr8,Daniele Perenzoni,US Sassuolo Calcio,Udinese Calcio,A. Fadera,1,0,0,1,2,2,0,0,8,0,0,0,0,1,0
50,28 Sep 2025,,d1x445mhky7hc1p6jeeifhgr8,Daniele Perenzoni,US Sassuolo Calcio,Udinese Calcio,E. Iannoni,0,0,0,0,0,0,1,1,6,0,0,1,1,0,0
50,28 Sep 2025,,d1x445mhky7hc1p6jeeifhgr8,Daniele Perenzoni,US Sassuolo Calcio,Udinese Calcio,W. Coulibaly,0,0,0,0,0,1,0,0,6,0,0,0,0,0,0
50,28 Sep 2025,,d1x445mhky7hc1p6jeeifhgr8,Daniele Perenzoni,US Sassuolo Calcio,Udinese Calcio,W. Cheddira,0,0,0,0,0,0,0,0,1,0,0,1,1,1,0
50,28 Sep 2025,,d1x445mhky7hc1p6jeeifhgr8,Daniele Perenzoni,US Sassuolo Calcio,Udinese Calcio,A. Zanoli,0,0,1,2,1,0,0,0,23,0,0,0,0,0,0
50,28 Sep 2025,,d1x445mhky7hc1p6jeeifhgr8,Daniele Perenzoni,US Sassuolo Calcio,Udinese Calcio,M. Palma,0,0,0,0,1,0,0,0,24,0,0,0,0,0,0
50,28 Sep 2025,,d1x445mhky7hc1p6jeeifhgr8,Daniele Perenzoni,US Sassuolo Calcio,Udinese Calcio,K. Davis,0,0,0,0,3,0,1,0,13,0,0,3,1,2,0
50,28 Sep 2025,,d1x445mhky7hc1p6jeeifhgr8,Daniele Perenzoni,US Sassuolo Calcio,Udinese Calcio,J. Karlström,0,0,0,0,0,1,0,0,60,0,0,0,0,1,0
50,28 Sep 2025,,d1x445mhky7hc1p6jeeifhgr8,Daniele Perenzoni,US Sassuolo Calcio,Udinese Calcio,T. Kristensen,0,0,0,0,0,0,0,0,58,0,0,1,0,1,0
50,28 Sep 2025,,d1x445mhky7hc1p6jeeifhgr8,Daniele Perenzoni,US Sassuolo Calcio,Udinese Calcio,J. Piotrowski,0,0,1,1,1,0,0,0,10,0,0,0,0,2,1
50,28 Sep 2025,,d1x445mhky7hc1p6jeeifhgr8,Daniele Perenzoni,US Sassuolo Calcio,Udinese Calcio,J. Zemura,0,0,1,5,3,0,0,0,22,0,0,0,0,2,0
50,28 Sep 2025,,d1x445mhky7hc1p6jeeifhgr8,Daniele Perenzoni,US Sassuolo Calcio,Udinese Calcio,O. Solet,0,1,0,0,1,1,0,0,69,0,0,2,0,1,0
50,28 Sep 2025,,d1x445mhky7hc1p6jeeifhgr8,Daniele Perenzoni,US Sassuolo Calcio,Udinese Calcio,A. Atta,0,0,0,1,2,2,0,1,35,0,0,1,1,0,0
50,28 Sep 2025,,d1x445mhky7hc1p6jeeifhgr8,Daniele Perenzoni,US Sassuolo Calcio,Udinese Calcio,N. Zaniolo,0,0,1,4,4,0,0,0,14,0,0,4,2,0,1
50,28 Sep 2025,,d1x445mhky7hc1p6jeeifhgr8,Daniele Perenzoni,US Sassuolo Calcio,Udinese Calcio,R. Sava,0,0,0,0,0,0,0,0,26,0,2,0,0,0,0
50,28 Sep 2025,,d1x445mhky7hc1p6jeeifhgr8,Daniele Perenzoni,US Sassuolo Calcio,Udinese Calcio,L. Miller,0,0,0,0,2,0,0,0,10,0,0,0,0,2,0
50,28 Sep 2025,,d1x445mhky7hc1p6jeeifhgr8,Daniele Perenzoni,US Sassuolo Calcio,Udinese Calcio,K. Ehizibue,0,0,1,2,2,1,0,0,20,0,0,0,0,1,1
50,28 Sep 2025,,d1x445mhky7hc1p6jeeifhgr8,Daniele Perenzoni,US Sassuolo Calcio,Udinese Calcio,J. Ekkelenkamp,0,0,0,1,0,0,0,0,7,0,0,1,1,0,0
50,28 Sep 2025,,d1x445mhky7hc1p6jeeifhgr8,Daniele Perenzoni,US Sassuolo Calcio,Udinese Calcio,I. Gueye,0,0,0,0,2,0,0,0,2,0,0,0,0,0,0
50,28 Sep 2025,,d1x445mhky7hc1p6jeeifhgr8,Daniele Perenzoni,US Sassuolo Calcio,Udinese Calcio,S. Lovrić,0,0,0,2,0,0,0,0,11,0,0,0,0,0,0
51,4 Oct 2025,,d2bnjrz33iomo2sqb6uuutxqs,Luca Zufferli,Atalanta Bergamasca Calcio,Calcio Como 1907,H. Ahanor,0,0,1,0,0,3,0,0,47,0,0,0,0,2,0
51,4 Oct 2025,,d2bnjrz33iomo2sqb6uuutxqs,Luca Zufferli,Atalanta Bergamasca Calcio,Calcio Como 1907,L. Bernasconi,0,0,1,6,1,0,0,0,47,0,0,1,0,6,0
51,4 Oct 2025,,d2bnjrz33iomo2sqb6uuutxqs,Luca Zufferli,Atalanta Bergamasca Calcio,Calcio Como 1907,I. Hien,0,0,0,0,1,1,0,0,40,0,0,0,0,1,0
51,4 Oct 2025,,d2bnjrz33iomo2sqb6uuutxqs,Luca Zufferli,Atalanta Bergamasca Calcio,Calcio Como 1907,M. Carnesecchi,0,0,0,0,0,1,0,0,39,0,3,0,0,0,0
51,4 Oct 2025,,d2bnjrz33iomo2sqb6uuutxqs,Luca Zufferli,Atalanta Bergamasca Calcio,Calcio Como 1907,D. Zappacosta,0,2,0,3,0,1,0,0,44,0,0,3,0,0,0
51,4 Oct 2025,,d2bnjrz33iomo2sqb6uuutxqs,Luca Zufferli,Atalanta Bergamasca Calcio,Calcio Como 1907,B. Djimsiti,0,0,0,1,2,1,0,0,56,0,0,1,0,1,1
51,4 Oct 2025,,d2bnjrz33iomo2sqb6uuutxqs,Luca Zufferli,Atalanta Bergamasca Calcio,Calcio Como 1907,K. Sulemana,0,1,2,0,2,1,0,0,20,0,0,2,1,0,0
51,4 Oct 2025,,d2bnjrz33iomo2sqb6uuutxqs,Luca Zufferli,Atalanta Bergamasca Calcio,Calcio Como 1907,Éderson,0,0,0,0,1,2,0,0,42,0,0,1,1,3,0
51,4 Oct 2025,,d2bnjrz33iomo2sqb6uuutxqs,Luca Zufferli,Atalanta Bergamasca Calcio,Calcio Como 1907,A. Lookman,0,2,1,2,0,2,0,1,18,0,0,3,0,0,0
51,4 Oct 2025,,d2bnjrz33iomo2sqb6uuutxqs,Luca Zufferli,Atalanta Bergamasca Calcio,Calcio Como 1907,M. Pašalić,0,0,0,0,1,0,0,0,53,0,0,0,0,3,0
51,4 Oct 2025,,d2bnjrz33iomo2sqb6uuutxqs,Luca Zufferli,Atalanta Bergamasca Calcio,Calcio Como 1907,L. Samardžić,0,0,0,4,2,0,1,0,20,0,0,1,1,1,0
51,4 Oct 2025,,d2bnjrz33iomo2sqb6uuutxqs,Luca Zufferli,Atalanta Bergamasca Calcio,Calcio Como 1907,M. Brescianini,0,1,2,2,0,2,0,0,12,0,0,1,0,1,0
51,4 Oct 2025,,d2bnjrz33iomo2sqb6uuutxqs,Luca Zufferli,Atalanta Bergamasca Calcio,Calcio Como 1907,N. Krstović,0,0,1,1,0,0,0,1,2,0,0,0,0,0,0
51,4 Oct 2025,,d2bnjrz33iomo2sqb6uuutxqs,Luca Zufferli,Atalanta Bergamasca Calcio,Calcio Como 1907,D. Maldini,0,1,0,1,0,1,0,0,9,0,0,3,1,0,0
51,4 Oct 2025,,d2bnjrz33iomo2sqb6uuutxqs,Luca Zufferli,Atalanta Bergamasca Calcio,Calcio Como 1907,Y. Musah,0,0,0,0,0,3,0,0,8,0,0,0,0,1,0
51,4 Oct 2025,,d2bnjrz33iomo2sqb6uuutxqs,Luca Zufferli,Atalanta Bergamasca Calcio,Calcio Como 1907,T. Douvikas,0,1,0,0,1,1,0,0,10,0,0,1,0,1,0
51,4 Oct 2025,,d2bnjrz33iomo2sqb6uuutxqs,Luca Zufferli,Atalanta Bergamasca Calcio,Calcio Como 1907,L. da Cunha,0,0,1,2,2,1,0,0,57,0,0,2,2,1,0
51,4 Oct 2025,,d2bnjrz33iomo2sqb6uuutxqs,Luca Zufferli,Atalanta Bergamasca Calcio,Calcio Como 1907,M. Perrone,0,0,0,0,1,0,1,0,48,0,0,1,1,1,0
51,4 Oct 2025,,d2bnjrz33iomo2sqb6uuutxqs,Luca Zufferli,Atalanta Bergamasca Calcio,Calcio Como 1907,N. Paz,0,2,1,0,4,0,0,0,53,0,0,2,0,4,0
51,4 Oct 2025,,d2bnjrz33iomo2sqb6uuutxqs,Luca Zufferli,Atalanta Bergamasca Calcio,Calcio Como 1907,I. Smolčić,0,0,0,2,1,1,0,0,35,0,0,0,0,1,1
51,4 Oct 2025,,d2bnjrz33iomo2sqb6uuutxqs,Luca Zufferli,Atalanta Bergamasca Calcio,Calcio Como 1907,J. Addai,0,0,1,1,4,2,0,1,32,0,0,1,1,0,1
51,4 Oct 2025,,d2bnjrz33iomo2sqb6uuutxqs,Luca Zufferli,Atalanta Bergamasca Calcio,Calcio Como 1907,M. Baturina,0,0,0,4,0,2,0,0,21,0,0,1,0,2,0
51,4 Oct 2025,,d2bnjrz33iomo2sqb6uuutxqs,Luca Zufferli,Atalanta Bergamasca Calcio,Calcio Como 1907,Diego Carlos,0,0,0,0,1,0,0,0,60,0,0,0,0,2,1
51,4 Oct 2025,,d2bnjrz33iomo2sqb6uuutxqs,Luca Zufferli,Atalanta Bergamasca Calcio,Calcio Como 1907,M. Vojvoda,0,0,0,0,0,0,0,0,37,0,0,0,0,0,0
51,4 Oct 2025,,d2bnjrz33iomo2sqb6uuutxqs,Luca Zufferli,Atalanta Bergamasca Calcio,Calcio Como 1907,Jacobo Ramón,0,1,0,0,2,0,0,0,45,0,0,4,0,4,0
51,4 Oct 2025,,d2bnjrz33iomo2sqb6uuutxqs,Luca Zufferli,Atalanta Bergamasca Calcio,Calcio Como 1907,J. Butez,0,0,0,0,0,1,0,0,29,0,2,0,0,1,0
51,4 Oct 2025,,d2bnjrz33iomo2sqb6uuutxqs,Luca Zufferli,Atalanta Bergamasca Calcio,Calcio Como 1907,Álvaro Morata,0,0,0,1,1,1,0,0,19,0,0,0,0,1,0
51,4 Oct 2025,,d2bnjrz33iomo2sqb6uuutxqs,Luca Zufferli,Atalanta Bergamasca Calcio,Calcio Como 1907,Álex Valle,0,0,0,0,1,0,0,0,4,0,0,0,0,0,0
51,4 Oct 2025,,d2bnjrz33iomo2sqb6uuutxqs,Luca Zufferli,Atalanta Bergamasca Calcio,Calcio Como 1907,M. Caqueret,0,0,0,0,1,0,0,0,7,0,0,0,0,0,0
51,4 Oct 2025,,d2bnjrz33iomo2sqb6uuutxqs,Luca Zufferli,Atalanta Bergamasca Calcio,Calcio Como 1907,S. Posch,0,0,0,0,0,0,0,0,0,0,0,0,0,0,0
51,4 Oct 2025,,d2bnjrz33iomo2sqb6uuutxqs,Luca Zufferli,Atalanta Bergamasca Calcio,Calcio Como 1907,M. Kempf,0,0,0,0,0,0,0,0,3,0,0,0,0,0,0
52,5 Oct 2025,,d2pyl0n9fu5dothwptleadzbo,Rosario Abisso,Bologna FC 1909,Pisa Sporting Club,R. Freuler,0,1,0,0,1,0,0,0,89,0,0,1,0,5,0
52,5 Oct 2025,,d2pyl0n9fu5dothwptleadzbo,Rosario Abisso,Bologna FC 1909,Pisa Sporting Club,Ł. Skorupski,0,0,0,0,0,1,0,0,28,0,0,0,0,0,0
52,5 Oct 2025,,d2pyl0n9fu5dothwptleadzbo,Rosario Abisso,Bologna FC 1909,Pisa Sporting Club,T. Dallinga,2,1,0,0,1,1,0,0,25,0,0,3,1,1,0
52,5 Oct 2025,,d2pyl0n9fu5dothwptleadzbo,Rosario Abisso,Bologna FC 1909,Pisa Sporting Club,J. Lucumí,0,0,0,0,0,2,0,0,65,0,0,0,0,0,0
52,5 Oct 2025,,d2pyl0n9fu5dothwptleadzbo,Rosario Abisso,Bologna FC 1909,Pisa Sporting Club,T. Heggem,0,0,0,0,2,0,0,0,51,0,0,0,0,2,0
52,5 Oct 2025,,d2pyl0n9fu5dothwptleadzbo,Rosario Abisso,Bologna FC 1909,Pisa Sporting Club,J. Odgaard,0,0,0,0,4,2,1,0,13,0,0,2,1,0,0
52,5 Oct 2025,,d2pyl0n9fu5dothwptleadzbo,Rosario Abisso,Bologna FC 1909,Pisa Sporting Club,N. Moro,0,0,0,0,2,1,1,0,50,0,0,1,1,2,0
52,5 Oct 2025,,d2pyl0n9fu5dothwptleadzbo,Rosario Abisso,Bologna FC 1909,Pisa Sporting Club,R. Orsolini,0,1,0,1,1,0,1,0,8,0,0,4,2,0,0
52,5 Oct 2025,,d2pyl0n9fu5dothwptleadzbo,Rosario Abisso,Bologna FC 1909,Pisa Sporting Club,N. Zortea,0,1,0,3,1,0,0,0,48,0,0,1,0,2,0
52,5 Oct 2025,,d2pyl0n9fu5dothwptleadzbo,Rosario Abisso,Bologna FC 1909,Pisa Sporting Club,Juan Miranda,0,0,2,4,0,1,0,1,76,0,0,1,0,4,0
52,5 Oct 2025,,d2pyl0n9fu5dothwptleadzbo,Rosario Abisso,Bologna FC 1909,Pisa Sporting Club,N. Cambiaghi,1,0,0,3,2,2,1,0,17,0,0,2,2,0,0
52,5 Oct 2025,,d2pyl0n9fu5dothwptleadzbo,Rosario Abisso,Bologna FC 1909,Pisa Sporting Club,F. Bernardeschi,0,0,0,5,0,1,0,0,27,0,0,1,0,0,0
52,5 Oct 2025,,d2pyl0n9fu5dothwptleadzbo,Rosario Abisso,Bologna FC 1909,Pisa Sporting Club,G. Fabbian,0,1,0,1,0,1,0,0,17,0,0,2,0,0,0
52,5 Oct 2025,,d2pyl0n9fu5dothwptleadzbo,Rosario Abisso,Bologna FC 1909,Pisa Sporting Club,J. Rowe,0,0,0,0,1,0,0,0,19,0,0,4,0,1,0
52,5 Oct 2025,,d2pyl0n9fu5dothwptleadzbo,Rosario Abisso,Bologna FC 1909,Pisa Sporting Club,B. Domínguez,0,0,0,0,1,0,0,0,4,0,0,2,0,0,0
52,5 Oct 2025,,d2pyl0n9fu5dothwptleadzbo,Rosario Abisso,Bologna FC 1909,Pisa Sporting Club,T. Pobega,0,0,0,0,0,0,0,0,10,0,0,0,0,0,0
52,5 Oct 2025,,d2pyl0n9fu5dothwptleadzbo,Rosario Abisso,Bologna FC 1909,Pisa Sporting Club,A. Caracciolo,0,0,0,0,2,0,0,0,26,0,0,0,0,0,0
52,5 Oct 2025,,d2pyl0n9fu5dothwptleadzbo,Rosario Abisso,Bologna FC 1909,Pisa Sporting Club,İ. Vural,0,0,0,0,0,6,0,0,15,0,0,0,0,0,0
52,5 Oct 2025,,d2pyl0n9fu5dothwptleadzbo,Rosario Abisso,Bologna FC 1909,Pisa Sporting Club,M. Tramoni,0,0,0,4,1,0,0,0,6,0,0,0,0,1,0
52,5 Oct 2025,,d2pyl0n9fu5dothwptleadzbo,Rosario Abisso,Bologna FC 1909,Pisa Sporting Club,M. Léris,0,0,0,5,0,0,0,0,18,0,0,0,0,3,0
52,5 Oct 2025,,d2pyl0n9fu5dothwptleadzbo,Rosario Abisso,Bologna FC 1909,Pisa Sporting Club,M. Marin,0,0,0,0,3,2,0,0,28,0,0,0,0,3,0
52,5 Oct 2025,,d2pyl0n9fu5dothwptleadzbo,Rosario Abisso,Bologna FC 1909,Pisa Sporting Club,E. Akinsanmiro,0,0,0,1,2,1,0,0,16,0,0,0,0,1,0
52,5 Oct 2025,,d2pyl0n9fu5dothwptleadzbo,Rosario Abisso,Bologna FC 1909,Pisa Sporting Club,G. Bonfanti,0,0,1,1,0,0,0,0,7,0,0,0,0,1,0
52,5 Oct 2025,,d2pyl0n9fu5dothwptleadzbo,Rosario Abisso,Bologna FC 1909,Pisa Sporting Club,I. Touré,0,0,1,0,1,1,0,0,9,1,0,1,0,1,0
52,5 Oct 2025,,d2pyl0n9fu5dothwptleadzbo,Rosario Abisso,Bologna FC 1909,Pisa Sporting Club,S. Canestrelli,0,0,0,0,0,1,0,0,18,0,0,1,0,1,0
52,5 Oct 2025,,d2pyl0n9fu5dothwptleadzbo,Rosario Abisso,Bologna FC 1909,Pisa Sporting Club,A. Šemper,0,0,0,0,0,0,0,0,29,0,3,0,0,0,0
52,5 Oct 2025,,d2pyl0n9fu5dothwptleadzbo,Rosario Abisso,Bologna FC 1909,Pisa Sporting Club,M'Bala Nzola,0,0,0,1,1,1,0,2,13,0,0,0,0,0,0
52,5 Oct 2025,,d2pyl0n9fu5dothwptleadzbo,Rosario Abisso,Bologna FC 1909,Pisa Sporting Club,H. Meister,0,0,0,0,1,1,0,0,6,0,0,0,0,1,0
52,5 Oct 2025,,d2pyl0n9fu5dothwptleadzbo,Rosario Abisso,Bologna FC 1909,Pisa Sporting Club,S. Angori,0,0,0,2,0,1,0,0,9,0,0,0,0,6,0
52,5 Oct 2025,,d2pyl0n9fu5dothwptleadzbo,Rosario Abisso,Bologna FC 1909,Pisa Sporting Club,J. Cuadrado,0,0,0,0,1,1,0,0,9,0,0,0,0,1,1
52,5 Oct 2025,,d2pyl0n9fu5dothwptleadzbo,Rosario Abisso,Bologna FC 1909,Pisa Sporting Club,L. Buffon,0,0,0,0,0,1,0,0,1,0,0,0,0,0,0
52,5 Oct 2025,,d2pyl0n9fu5dothwptleadzbo,Rosario Abisso,Bologna FC 1909,Pisa Sporting Club,A. Calabresi,0,0,0,0,0,0,0,0,1,0,0,0,0,0,0
53,5 Oct 2025,,d34dcq8pjqzraxcsk3qmbwums,Andrea Colombo,ACF Fiorentina,AS Roma,Pablo Marí,0,0,0,0,4,2,0,0,36,0,0,0,0,1,1
53,5 Oct 2025,,d34dcq8pjqzraxcsk3qmbwums,Andrea Colombo,ACF Fiorentina,AS Roma,R. Gosens,0,0,0,4,1,2,0,0,26,0,0,1,0,1,0
53,5 Oct 2025,,d34dcq8pjqzraxcsk3qmbwums,Andrea Colombo,ACF Fiorentina,AS Roma,A. Guðmundsson,0,0,0,0,1,0,0,0,9,0,0,0,0,0,1
53,5 Oct 2025,,d34dcq8pjqzraxcsk3qmbwums,Andrea Colombo,ACF Fiorentina,AS Roma,R. Mandragora,0,0,0,0,3,1,0,0,31,0,0,1,0,3,0
53,5 Oct 2025,,d34dcq8pjqzraxcsk3qmbwums,Andrea Colombo,ACF Fiorentina,AS Roma,J. Fazzini,0,0,0,1,0,4,0,0,32,0,0,1,1,0,0
53,5 Oct 2025,,d34dcq8pjqzraxcsk3qmbwums,Andrea Colombo,ACF Fiorentina,AS Roma,David de Gea,0,0,0,0,0,0,0,0,27,0,2,0,0,0,0
53,5 Oct 2025,,d34dcq8pjqzraxcsk3qmbwums,Andrea Colombo,ACF Fiorentina,AS Roma,L. Ranieri,0,0,0,2,1,1,0,0,34,0,0,1,1,2,0
53,5 Oct 2025,,d34dcq8pjqzraxcsk3qmbwums,Andrea Colombo,ACF Fiorentina,AS Roma,M. Pongračić,0,0,0,0,2,0,0,0,52,0,0,0,0,0,0
53,5 Oct 2025,,d34dcq8pjqzraxcsk3qmbwums,Andrea Colombo,ACF Fiorentina,AS Roma,H. Nicolussi,1,0,0,6,2,2,0,0,52,0,0,0,0,0,0
53,5 Oct 2025,,d34dcq8pjqzraxcsk3qmbwums,Andrea Colombo,ACF Fiorentina,AS Roma,M. Kean,0,1,1,0,2,3,1,1,14,0,0,3,1,0,0
53,5 Oct 2025,,d34dcq8pjqzraxcsk3qmbwums,Andrea Colombo,ACF Fiorentina,AS Roma,Dodô,0,1,1,2,1,4,0,0,28,0,0,2,0,0,0
53,5 Oct 2025,,d34dcq8pjqzraxcsk3qmbwums,Andrea Colombo,ACF Fiorentina,AS Roma,R. Piccoli,0,0,0,0,1,1,0,1,1,0,0,2,0,0,0
53,5 Oct 2025,,d34dcq8pjqzraxcsk3qmbwums,Andrea Colombo,ACF Fiorentina,AS Roma,C. Ndour,0,0,0,1,0,0,0,0,9,0,0,0,0,1,0
53,5 Oct 2025,,d34dcq8pjqzraxcsk3qmbwums,Andrea Colombo,ACF Fiorentina,AS Roma,P. Comuzzo,0,0,0,0,0,0,0,0,9,0,0,0,0,0,0
53,5 Oct 2025,,d34dcq8pjqzraxcsk3qmbwums,Andrea Colombo,ACF Fiorentina,AS Roma,E. Džeko,0,0,1,0,0,1,0,0,6,0,0,0,0,0,0
53,5 Oct 2025,,d34dcq8pjqzraxcsk3qmbwums,Andrea Colombo,ACF Fiorentina,AS Roma,N. Fortini,0,0,0,2,1,0,0,0,7,0,0,0,0,4,0
53,5 Oct 2025,,d34dcq8pjqzraxcsk3qmbwums,Andrea Colombo,ACF Fiorentina,AS Roma,T. Baldanzi,0,0,0,1,1,2,0,0,16,0,0,0,0,1,0
53,5 Oct 2025,,d34dcq8pjqzraxcsk3qmbwums,Andrea Colombo,ACF Fiorentina,AS Roma,G. Mancini,0,0,0,0,2,0,0,0,38,0,0,0,0,1,0
53,5 Oct 2025,,d34dcq8pjqzraxcsk3qmbwums,Andrea Colombo,ACF Fiorentina,AS Roma,Z. Çelik,0,0,1,0,2,1,0,0,57,0,0,0,0,4,0
53,5 Oct 2025,,d34dcq8pjqzraxcsk3qmbwums,Andrea Colombo,ACF Fiorentina,AS Roma,Wesley,0,0,0,4,2,1,0,0,33,0,0,0,0,2,1
53,5 Oct 2025,,d34dcq8pjqzraxcsk3qmbwums,Andrea Colombo,ACF Fiorentina,AS Roma,M. Soulé,1,2,1,3,0,1,1,0,38,0,0,3,1,0,0
53,5 Oct 2025,,d34dcq8pjqzraxcsk3qmbwums,Andrea Colombo,ACF Fiorentina,AS Roma,B. Cristante,0,0,1,1,2,0,1,0,59,0,0,1,1,2,1
53,5 Oct 2025,,d34dcq8pjqzraxcsk3qmbwums,Andrea Colombo,ACF Fiorentina,AS Roma,A. Dovbyk,1,0,0,0,3,2,0,0,12,0,0,2,0,1,0
53,5 Oct 2025,,d34dcq8pjqzraxcsk3qmbwums,Andrea Colombo,ACF Fiorentina,AS Roma,M. Koné,0,0,0,0,2,3,0,0,44,0,0,0,0,2,0
53,5 Oct 2025,,d34dcq8pjqzraxcsk3qmbwums,Andrea Colombo,ACF Fiorentina,AS Roma,K. Tsimikas,0,0,0,2,2,1,0,0,32,0,0,0,0,2,1
53,5 Oct 2025,,d34dcq8pjqzraxcsk3qmbwums,Andrea Colombo,ACF Fiorentina,AS Roma,E. Ndicka,0,0,0,0,2,2,0,0,56,0,0,1,0,1,0
53,5 Oct 2025,,d34dcq8pjqzraxcsk3qmbwums,Andrea Colombo,ACF Fiorentina,AS Roma,M. Svilar,0,0,0,0,0,0,0,0,40,0,2,0,0,0,0
53,5 Oct 2025,,d34dcq8pjqzraxcsk3qmbwums,Andrea Colombo,ACF Fiorentina,AS Roma,L. Pellegrini,0,0,0,1,2,1,0,0,13,0,0,0,0,0,0
53,5 Oct 2025,,d34dcq8pjqzraxcsk3qmbwums,Andrea Colombo,ACF Fiorentina,AS Roma,P. Dybala,0,0,1,0,0,1,0,0,14,0,0,1,1,0,0
53,5 Oct 2025,,d34dcq8pjqzraxcsk3qmbwums,Andrea Colombo,ACF Fiorentina,AS Roma,D. Rensch,0,0,0,0,1,1,0,0,9,0,0,0,0,1,0
53,5 Oct 2025,,d34dcq8pjqzraxcsk3qmbwums,Andrea Colombo,ACF Fiorentina,AS Roma,J. Ziółkowski,0,0,0,0,0,0,0,0,2,0,0,0,0,0,0
53,5 Oct 2025,,d34dcq8pjqzraxcsk3qmbwums,Andrea Colombo,ACF Fiorentina,AS Roma,N. El Aynaoui,0,0,0,1,0,0,0,0,4,0,0,0,0,0,0
54,4 Oct 2025,,d3iq0zn8rncwijul121qytqms,Ermanno Feliciani,FC Internazionale Milano,US Cremonese,A. Bastoni,0,1,2,2,1,2,0,0,61,0,0,1,0,0,0
54,4 Oct 2025,,d3iq0zn8rncwijul121qytqms,Ermanno Feliciani,FC Internazionale Milano,US Cremonese,H. Mkhitaryan,0,0,1,2,1,0,0,0,52,0,0,4,2,1,0
54,4 Oct 2025,,d3iq0zn8rncwijul121qytqms,Ermanno Feliciani,FC Internazionale Milano,US Cremonese,M. Akanji,0,0,0,0,0,0,0,1,73,0,0,1,0,1,0
54,4 Oct 2025,,d3iq0zn8rncwijul121qytqms,Ermanno Feliciani,FC Internazionale Milano,US Cremonese,L. Martínez,0,1,3,3,1,1,1,0,19,0,0,3,1,1,0
54,4 Oct 2025,,d3iq0zn8rncwijul121qytqms,Ermanno Feliciani,FC Internazionale Milano,US Cremonese,N. Barella,0,0,1,7,3,0,1,0,89,0,0,2,1,0,0
54,4 Oct 2025,,d3iq0zn8rncwijul121qytqms,Ermanno Feliciani,FC Internazionale Milano,US Cremonese,D. Frattesi,0,1,2,0,0,2,0,0,22,0,0,4,2,2,0
54,4 Oct 2025,,d3iq0zn8rncwijul121qytqms,Ermanno Feliciani,FC Internazionale Milano,US Cremonese,F. Dimarco,1,1,3,17,0,0,1,0,52,0,0,5,1,3,0
54,4 Oct 2025,,d3iq0zn8rncwijul121qytqms,Ermanno Feliciani,FC Internazionale Milano,US Cremonese,Y. Sommer,0,0,0,0,0,0,0,0,30,0,1,0,0,0,0
54,4 Oct 2025,,d3iq0zn8rncwijul121qytqms,Ermanno Feliciani,FC Internazionale Milano,US Cremonese,D. Dumfries,0,1,0,2,0,0,0,0,20,0,0,1,0,0,0
54,4 Oct 2025,,d3iq0zn8rncwijul121qytqms,Ermanno Feliciani,FC Internazionale Milano,US Cremonese,A. Bonny,3,1,0,0,1,1,1,3,19,0,0,2,1,0,0
54,4 Oct 2025,,d3iq0zn8rncwijul121qytqms,Ermanno Feliciani,FC Internazionale Milano,US Cremonese,S. de Vrij,0,0,0,0,0,0,0,0,75,0,0,1,0,3,0
54,4 Oct 2025,,d3iq0zn8rncwijul121qytqms,Ermanno Feliciani,FC Internazionale Milano,US Cremonese,Luis Henrique,0,0,0,0,0,0,0,0,18,0,0,2,0,0,0
54,4 Oct 2025,,d3iq0zn8rncwijul121qytqms,Ermanno Feliciani,FC Internazionale Milano,US Cremonese,Carlos Augusto,0,0,1,1,1,0,0,0,31,0,0,0,0,0,0
54,4 Oct 2025,,d3iq0zn8rncwijul121qytqms,Ermanno Feliciani,FC Internazionale Milano,US Cremonese,F. Esposito,0,0,0,0,0,0,0,0,12,0,0,1,1,0,0
54,4 Oct 2025,,d3iq0zn8rncwijul121qytqms,Ermanno Feliciani,FC Internazionale Milano,US Cremonese,A. Diouf,0,0,0,0,0,1,0,0,11,0,0,0,0,1,0
54,4 Oct 2025,,d3iq0zn8rncwijul121qytqms,Ermanno Feliciani,FC Internazionale Milano,US Cremonese,P. Sučić,0,0,0,1,1,1,0,0,11,0,0,0,0,0,1
54,4 Oct 2025,,d3iq0zn8rncwijul121qytqms,Ermanno Feliciani,FC Internazionale Milano,US Cremonese,A. Grassi,0,0,0,0,0,2,0,0,33,0,0,1,1,0,0
54,4 Oct 2025,,d3iq0zn8rncwijul121qytqms,Ermanno Feliciani,FC Internazionale Milano,US Cremonese,M. Bianchetti,0,0,0,0,2,1,0,0,37,0,0,0,0,5,0
54,4 Oct 2025,,d3iq0zn8rncwijul121qytqms,Ermanno Feliciani,FC Internazionale Milano,US Cremonese,F. Ceccherini,0,0,0,0,0,1,0,0,19,0,0,0,0,2,0
54,4 Oct 2025,,d3iq0zn8rncwijul121qytqms,Ermanno Feliciani,FC Internazionale Milano,US Cremonese,F. Vázquez,0,0,0,1,1,0,0,0,17,0,0,0,0,1,0
54,4 Oct 2025,,d3iq0zn8rncwijul121qytqms,Ermanno Feliciani,FC Internazionale Milano,US Cremonese,M. Silvestri,0,0,0,0,0,0,0,0,39,0,5,0,0,0,0
54,4 Oct 2025,,d3iq0zn8rncwijul121qytqms,Ermanno Feliciani,FC Internazionale Milano,US Cremonese,A. Sanabria,0,0,0,0,0,1,0,0,7,0,0,0,0,0,0
54,4 Oct 2025,,d3iq0zn8rncwijul121qytqms,Ermanno Feliciani,FC Internazionale Milano,US Cremonese,G. Pezzella,0,0,0,4,1,0,0,0,29,0,0,0,0,0,1
54,4 Oct 2025,,d3iq0zn8rncwijul121qytqms,Ermanno Feliciani,FC Internazionale Milano,US Cremonese,D. Johnsen,0,0,0,0,0,0,0,1,10,0,0,0,0,0,0
54,4 Oct 2025,,d3iq0zn8rncwijul121qytqms,Ermanno Feliciani,FC Internazionale Milano,US Cremonese,W. Bondo,0,0,0,0,1,2,0,0,33,0,0,0,0,0,0
54,4 Oct 2025,,d3iq0zn8rncwijul121qytqms,Ermanno Feliciani,FC Internazionale Milano,US Cremonese,F. Baschirotto,0,0,0,0,1,0,0,0,27,0,0,0,0,0,0
54,4 Oct 2025,,d3iq0zn8rncwijul121qytqms,Ermanno Feliciani,FC Internazionale Milano,US Cremonese,R. Floriani Mussolini,0,0,0,0,0,0,0,0,10,0,0,0,0,0,0
54,4 Oct 2025,,d3iq0zn8rncwijul121qytqms,Ermanno Feliciani,FC Internazionale Milano,US Cremonese,J. Vandeputte,1,0,0,4,1,0,0,0,14,0,0,0,0,0,0
54,4 Oct 2025,,d3iq0zn8rncwijul121qytqms,Ermanno Feliciani,FC Internazionale Milano,US Cremonese,F. Bonazzoli,0,0,0,0,0,1,1,1,13,0,0,2,1,0,0
54,4 Oct 2025,,d3iq0zn8rncwijul121qytqms,Ermanno Feliciani,FC Internazionale Milano,US Cremonese,M. Faye,0,0,0,0,0,0,0,0,16,0,0,0,0,0,0
54,4 Oct 2025,,d3iq0zn8rncwijul121qytqms,Ermanno Feliciani,FC Internazionale Milano,US Cremonese,J. Vardy,0,0,1,0,1,0,0,0,9,0,0,0,0,1,0
54,4 Oct 2025,,d3iq0zn8rncwijul121qytqms,Ermanno Feliciani,FC Internazionale Milano,US Cremonese,T. Barbieri,0,0,0,1,0,1,0,0,3,0,0,0,0,1,0
55,5 Oct 2025,,d3x6fe0w9bbzch8xuw4gkng9g,Marco Guida,Juventus FC,AC Milan,P. Kalulu,0,0,0,4,1,1,0,0,45,0,0,1,0,0,0
55,5 Oct 2025,,d3x6fe0w9bbzch8xuw4gkng9g,Marco Guida,Juventus FC,AC Milan,Francisco Conceição,0,0,2,6,0,2,0,0,26,0,0,0,0,1,0
55,5 Oct 2025,,d3x6fe0w9bbzch8xuw4gkng9g,Marco Guida,Juventus FC,AC Milan,A. Cambiaso,0,0,0,3,0,0,0,0,48,0,0,1,1,0,0
55,5 Oct 2025,,d3x6fe0w9bbzch8xuw4gkng9g,Marco Guida,Juventus FC,AC Milan,D. Rugani,0,0,0,0,1,0,0,0,57,0,0,0,0,0,0
55,5 Oct 2025,,d3x6fe0w9bbzch8xuw4gkng9g,Marco Guida,Juventus FC,AC Milan,M. Di Gregorio,0,0,0,0,0,0,0,0,29,0,4,0,0,0,0
55,5 Oct 2025,,d3x6fe0w9bbzch8xuw4gkng9g,Marco Guida,Juventus FC,AC Milan,L. Kelly,0,0,1,1,3,0,0,0,54,0,0,0,0,0,0
55,5 Oct 2025,,d3x6fe0w9bbzch8xuw4gkng9g,Marco Guida,Juventus FC,AC Milan,K. Yıldız,0,1,1,6,1,1,0,0,26,0,0,1,0,0,0
55,5 Oct 2025,,d3x6fe0w9bbzch8xuw4gkng9g,Marco Guida,Juventus FC,AC Milan,F. Gatti,0,1,0,0,3,0,0,0,55,0,0,4,2,2,1
55,5 Oct 2025,,d3x6fe0w9bbzch8xuw4gkng9g,Marco Guida,Juventus FC,AC Milan,W. McKennie,0,0,1,1,2,0,0,0,26,0,0,2,0,0,0
55,5 Oct 2025,,d3x6fe0w9bbzch8xuw4gkng9g,Marco Guida,Juventus FC,AC Milan,J. David,0,0,0,0,1,0,0,0,9,0,0,0,0,0,0
55,5 Oct 2025,,d3x6fe0w9bbzch8xuw4gkng9g,Marco Guida,Juventus FC,AC Milan,M. Locatelli,0,0,0,0,2,2,0,0,78,0,0,1,0,1,1
55,5 Oct 2025,,d3x6fe0w9bbzch8xuw4gkng9g,Marco Guida,Juventus FC,AC Milan,D. Vlahović,0,0,0,0,0,0,0,0,4,0,0,0,0,0,0
55,5 Oct 2025,,d3x6fe0w9bbzch8xuw4gkng9g,Marco Guida,Juventus FC,AC Milan,K. Thuram,0,0,0,0,0,0,0,0,13,0,0,1,0,1,0
55,5 Oct 2025,,d3x6fe0w9bbzch8xuw4gkng9g,Marco Guida,Juventus FC,AC Milan,L. Openda,0,0,0,0,1,2,0,0,2,0,0,1,0,0,0
55,5 Oct 2025,,d3x6fe0w9bbzch8xuw4gkng9g,Marco Guida,Juventus FC,AC Milan,F. Kostić,0,0,1,3,0,0,0,0,3,0,0,0,0,0,0
55,5 Oct 2025,,d3x6fe0w9bbzch8xuw4gkng9g,Marco Guida,Juventus FC,AC Milan,S. Giménez,0,1,0,0,2,3,0,1,14,0,0,3,1,0,0
55,5 Oct 2025,,d3x6fe0w9bbzch8xuw4gkng9g,Marco Guida,Juventus FC,AC Milan,M. Gabbia,0,0,0,0,0,0,0,0,59,0,0,0,0,0,0
55,5 Oct 2025,,d3x6fe0w9bbzch8xuw4gkng9g,Marco Guida,Juventus FC,AC Milan,A. Rabiot,0,0,0,2,1,0,0,0,38,0,0,1,0,1,0
55,5 Oct 2025,,d3x6fe0w9bbzch8xuw4gkng9g,Marco Guida,Juventus FC,AC Milan,C. Pulišić,0,0,0,1,0,2,0,0,31,0,0,2,1,1,0
55,5 Oct 2025,,d3x6fe0w9bbzch8xuw4gkng9g,Marco Guida,Juventus FC,AC Milan,L. Modrić,0,0,0,2,0,1,0,0,76,0,0,0,0,0,0
55,5 Oct 2025,,d3x6fe0w9bbzch8xuw4gkng9g,Marco Guida,Juventus FC,AC Milan,F. Tomori,0,0,0,0,0,0,0,0,52,0,0,0,0,0,0
55,5 Oct 2025,,d3x6fe0w9bbzch8xuw4gkng9g,Marco Guida,Juventus FC,AC Milan,A. Saelemaekers,0,0,0,1,0,2,0,0,27,0,0,1,0,2,0
55,5 Oct 2025,,d3x6fe0w9bbzch8xuw4gkng9g,Marco Guida,Juventus FC,AC Milan,S. Pavlović,0,0,0,1,2,0,0,0,58,0,0,0,0,0,0
55,5 Oct 2025,,d3x6fe0w9bbzch8xuw4gkng9g,Marco Guida,Juventus FC,AC Milan,M. Maignan,0,0,0,0,0,1,0,0,41,0,3,0,0,0,0
55,5 Oct 2025,,d3x6fe0w9bbzch8xuw4gkng9g,Marco Guida,Juventus FC,AC Milan,D. Bartesaghi,0,0,0,1,1,1,0,0,35,0,0,0,0,1,1
55,5 Oct 2025,,d3x6fe0w9bbzch8xuw4gkng9g,Marco Guida,Juventus FC,AC Milan,Y. Fofana,0,0,0,0,2,2,0,0,17,0,0,2,1,2,1
55,5 Oct 2025,,d3x6fe0w9bbzch8xuw4gkng9g,Marco Guida,Juventus FC,AC Milan,R. Loftus-Cheek,0,1,0,1,0,1,0,0,8,0,0,1,0,0,0
55,5 Oct 2025,,d3x6fe0w9bbzch8xuw4gkng9g,Marco Guida,Juventus FC,AC Milan,Rafael Leão,0,0,0,0,0,1,0,0,0,0,0,3,1,0,0
55,5 Oct 2025,,d3x6fe0w9bbzch8xuw4gkng9g,Marco Guida,Juventus FC,AC Milan,C. Nkunku,0,0,0,0,0,0,0,0,10,0,0,0,0,0,0
56,4 Oct 2025,,d4bf8awg8k155fyjhvi6qov84,Marco Piccinini,SS Lazio,Torino FC,T. Bašić,1,1,0,0,3,3,0,0,28,0,0,3,0,2,0
56,4 Oct 2025,,d4bf8awg8k155fyjhvi6qov84,Marco Piccinini,SS Lazio,Torino FC,V. Castellanos,0,1,0,2,1,2,0,1,16,0,0,2,1,2,1
56,4 Oct 2025,,d4bf8awg8k155fyjhvi6qov84,Marco Piccinini,SS Lazio,Torino FC,Nuno Tavares,0,0,2,7,1,3,0,0,38,0,0,0,0,1,0
56,4 Oct 2025,,d4bf8awg8k155fyjhvi6qov84,Marco Piccinini,SS Lazio,Torino FC,Pedro,1,0,0,0,0,1,0,0,31,0,0,0,0,1,0
56,4 Oct 2025,,d4bf8awg8k155fyjhvi6qov84,Marco Piccinini,SS Lazio,Torino FC,A. Romagnoli,0,0,0,0,1,2,0,0,50,0,0,0,0,1,1
56,4 Oct 2025,,d4bf8awg8k155fyjhvi6qov84,Marco Piccinini,SS Lazio,Torino FC,Mario Gila,0,0,0,0,0,3,0,0,56,0,0,0,0,2,0
56,4 Oct 2025,,d4bf8awg8k155fyjhvi6qov84,Marco Piccinini,SS Lazio,Torino FC,D. Cataldi,0,0,0,1,1,0,1,0,45,0,0,1,1,2,1
56,4 Oct 2025,,d4bf8awg8k155fyjhvi6qov84,Marco Piccinini,SS Lazio,Torino FC,E. Hysaj,0,0,0,0,0,1,0,0,49,0,0,0,0,1,0
56,4 Oct 2025,,d4bf8awg8k155fyjhvi6qov84,Marco Piccinini,SS Lazio,Torino FC,M. Cancellieri,0,0,0,1,5,3,2,0,21,0,0,3,2,2,0
56,4 Oct 2025,,d4bf8awg8k155fyjhvi6qov84,Marco Piccinini,SS Lazio,Torino FC,I. Provedel,0,0,0,0,0,0,0,0,33,0,5,0,0,0,0
56,4 Oct 2025,,d4bf8awg8k155fyjhvi6qov84,Marco Piccinini,SS Lazio,Torino FC,B. Dia,0,0,0,0,0,2,0,0,20,0,0,0,0,4,0
56,4 Oct 2025,,d4bf8awg8k155fyjhvi6qov84,Marco Piccinini,SS Lazio,Torino FC,G. Isaksen,0,0,0,1,0,0,0,0,8,0,0,0,0,0,0
56,4 Oct 2025,,d4bf8awg8k155fyjhvi6qov84,Marco Piccinini,SS Lazio,Torino FC,R. Belahyane,0,0,1,0,1,0,0,0,13,0,0,0,0,0,0
56,4 Oct 2025,,d4bf8awg8k155fyjhvi6qov84,Marco Piccinini,SS Lazio,Torino FC,T. Noslin,0,0,0,0,0,1,0,0,2,0,0,0,0,1,0
56,4 Oct 2025,,d4bf8awg8k155fyjhvi6qov84,Marco Piccinini,SS Lazio,Torino FC,M. Lazzari,0,0,0,1,0,0,0,0,1,0,0,0,0,0,0
56,4 Oct 2025,,d4bf8awg8k155fyjhvi6qov84,Marco Piccinini,SS Lazio,Torino FC,K. Asllani,0,0,2,8,1,0,0,0,55,0,0,2,1,0,1
56,4 Oct 2025,,d4bf8awg8k155fyjhvi6qov84,Marco Piccinini,SS Lazio,Torino FC,F. Israel,0,0,0,0,0,0,0,0,29,0,1,0,0,0,0
56,4 Oct 2025,,d4bf8awg8k155fyjhvi6qov84,Marco Piccinini,SS Lazio,Torino FC,C. Casadei,0,0,0,0,5,3,0,0,34,0,0,0,0,0,1
56,4 Oct 2025,,d4bf8awg8k155fyjhvi6qov84,Marco Piccinini,SS Lazio,Torino FC,C. Ngonge,0,1,0,2,5,2,0,0,27,0,0,4,2,0,0
56,4 Oct 2025,,d4bf8awg8k155fyjhvi6qov84,Marco Piccinini,SS Lazio,Torino FC,V. Lazaro,0,0,0,1,1,1,0,0,38,0,0,0,0,1,0
56,4 Oct 2025,,d4bf8awg8k155fyjhvi6qov84,Marco Piccinini,SS Lazio,Torino FC,Saúl Coco,0,0,0,0,2,1,1,0,62,0,0,1,1,3,0
56,4 Oct 2025,,d4bf8awg8k155fyjhvi6qov84,Marco Piccinini,SS Lazio,Torino FC,G. Maripán,0,0,0,0,0,0,0,0,52,0,0,0,0,3,1
56,4 Oct 2025,,d4bf8awg8k155fyjhvi6qov84,Marco Piccinini,SS Lazio,Torino FC,G. Simeone,0,0,0,0,3,2,1,1,8,0,0,3,1,0,0
56,4 Oct 2025,,d4bf8awg8k155fyjhvi6qov84,Marco Piccinini,SS Lazio,Torino FC,M. Pedersen,0,0,2,5,1,0,0,0,31,0,0,2,1,1,0
56,4 Oct 2025,,d4bf8awg8k155fyjhvi6qov84,Marco Piccinini,SS Lazio,Torino FC,N. Vlašić,0,0,0,1,2,1,0,0,27,0,0,1,0,3,0
56,4 Oct 2025,,d4bf8awg8k155fyjhvi6qov84,Marco Piccinini,SS Lazio,Torino FC,A. Tamèze,0,0,0,0,1,0,0,0,36,0,0,0,0,0,0
56,4 Oct 2025,,d4bf8awg8k155fyjhvi6qov84,Marco Piccinini,SS Lazio,Torino FC,N. Nkounkou,1,0,0,2,0,1,0,0,10,0,0,0,0,0,0
56,4 Oct 2025,,d4bf8awg8k155fyjhvi6qov84,Marco Piccinini,SS Lazio,Torino FC,A. Masina,1,0,0,0,1,0,0,0,9,0,0,0,0,0,0
56,4 Oct 2025,,d4bf8awg8k155fyjhvi6qov84,Marco Piccinini,SS Lazio,Torino FC,C. Adams,0,0,1,0,0,1,1,0,0,0,0,2,2,0,0
56,4 Oct 2025,,d4bf8awg8k155fyjhvi6qov84,Marco Piccinini,SS Lazio,Torino FC,A. Dembélé,0,0,0,0,0,0,0,0,3,0,0,1,0,0,0
56,4 Oct 2025,,d4bf8awg8k155fyjhvi6qov84,Marco Piccinini,SS Lazio,Torino FC,G. Gineitis,0,0,0,0,0,0,0,0,4,0,0,0,0,1,0
57,5 Oct 2025,,d4pwyiyho3sntimg7gb5yssno,Federico La Penna,SSC Napoli,Genoa CFC,S. Lobotka,0,0,0,1,0,2,0,0,40,0,0,0,0,2,0
57,5 Oct 2025,,d4pwyiyho3sntimg7gb5yssno,Federico La Penna,SSC Napoli,Genoa CFC,V. Milinković-Savić,0,0,0,0,0,0,0,0,40,0,0,0,0,0,0
57,5 Oct 2025,,d4pwyiyho3sntimg7gb5yssno,Federico La Penna,SSC Napoli,Genoa CFC,G. Di Lorenzo,0,0,1,3,2,1,0,0,48,0,0,2,1,3,0
57,5 Oct 2025,,d4pwyiyho3sntimg7gb5yssno,Federico La Penna,SSC Napoli,Genoa CFC,S. Beukema,0,0,0,0,1,0,0,0,81,0,0,0,0,0,0
57,5 Oct 2025,,d4pwyiyho3sntimg7gb5yssno,Federico La Penna,SSC Napoli,Genoa CFC,Juan Jesus,0,0,0,0,2,1,0,0,86,0,0,0,0,0,0
57,5 Oct 2025,,d4pwyiyho3sntimg7gb5yssno,Federico La Penna,SSC Napoli,Genoa CFC,M. Olivera,0,0,1,0,1,0,0,0,36,0,0,0,0,0,0
57,5 Oct 2025,,d4pwyiyho3sntimg7gb5yssno,Federico La Penna,SSC Napoli,Genoa CFC,David Neres,0,1,1,2,2,0,0,0,36,0,0,2,0,1,1
57,5 Oct 2025,,d4pwyiyho3sntimg7gb5yssno,Federico La Penna,SSC Napoli,Genoa CFC,M. Politano,0,0,0,4,0,0,0,0,22,0,0,1,0,0,0
57,5 Oct 2025,,d4pwyiyho3sntimg7gb5yssno,Federico La Penna,SSC Napoli,Genoa CFC,S. McTominay,0,1,0,2,2,3,0,1,27,0,0,2,0,1,0
57,5 Oct 2025,,d4pwyiyho3sntimg7gb5yssno,Federico La Penna,SSC Napoli,Genoa CFC,F. Anguissa,0,0,1,2,1,0,1,0,45,0,0,2,2,3,0
57,5 Oct 2025,,d4pwyiyho3sntimg7gb5yssno,Federico La Penna,SSC Napoli,Genoa CFC,R. Højlund,0,0,1,0,2,4,1,0,13,0,0,1,1,0,0
57,5 Oct 2025,,d4pwyiyho3sntimg7gb5yssno,Federico La Penna,SSC Napoli,Genoa CFC,B. Gilmour,0,0,0,0,1,0,0,0,42,0,0,0,0,1,0
57,5 Oct 2025,,d4pwyiyho3sntimg7gb5yssno,Federico La Penna,SSC Napoli,Genoa CFC,L. Spinazzola,0,1,0,3,0,0,0,0,8,0,0,1,0,1,0
57,5 Oct 2025,,d4pwyiyho3sntimg7gb5yssno,Federico La Penna,SSC Napoli,Genoa CFC,K. De Bruyne,0,0,1,4,0,0,0,1,25,0,0,0,0,1,0
57,5 Oct 2025,,d4pwyiyho3sntimg7gb5yssno,Federico La Penna,SSC Napoli,Genoa CFC,Miguel Gutiérrez,0,0,0,0,1,1,0,0,4,0,0,0,0,0,0
57,5 Oct 2025,,d4pwyiyho3sntimg7gb5yssno,Federico La Penna,SSC Napoli,Genoa CFC,L. Lucca,0,0,1,0,1,1,0,0,1,0,0,1,1,0,0
57,5 Oct 2025,,d4pwyiyho3sntimg7gb5yssno,Federico La Penna,SSC Napoli,Genoa CFC,A. Marcandalli,0,0,0,0,3,0,0,0,7,0,0,0,0,0,1
57,5 Oct 2025,,d4pwyiyho3sntimg7gb5yssno,Federico La Penna,SSC Napoli,Genoa CFC,Vítinha,0,1,1,1,1,1,0,0,14,0,0,2,0,1,0
57,5 Oct 2025,,d4pwyiyho3sntimg7gb5yssno,Federico La Penna,SSC Napoli,Genoa CFC,M. Frendrup,0,0,1,1,2,2,0,0,23,0,0,0,0,2,0
57,5 Oct 2025,,d4pwyiyho3sntimg7gb5yssno,Federico La Penna,SSC Napoli,Genoa CFC,R. Malinovskyi,0,0,2,6,1,0,0,0,17,0,0,0,0,0,1
57,5 Oct 2025,,d4pwyiyho3sntimg7gb5yssno,Federico La Penna,SSC Napoli,Genoa CFC,B. Norton-Cuffy,1,0,0,1,0,0,0,0,23,0,0,0,0,1,0
57,5 Oct 2025,,d4pwyiyho3sntimg7gb5yssno,Federico La Penna,SSC Napoli,Genoa CFC,J. Ekhator,0,0,1,1,1,1,1,2,11,0,0,2,1,0,0
57,5 Oct 2025,,d4pwyiyho3sntimg7gb5yssno,Federico La Penna,SSC Napoli,Genoa CFC,P. Masini,0,0,0,0,3,3,0,0,22,0,0,0,0,3,0
57,5 Oct 2025,,d4pwyiyho3sntimg7gb5yssno,Federico La Penna,SSC Napoli,Genoa CFC,S. Sabelli,0,0,0,0,0,3,0,0,22,0,0,0,0,2,0
57,5 Oct 2025,,d4pwyiyho3sntimg7gb5yssno,Federico La Penna,SSC Napoli,Genoa CFC,M. Ellertsson,0,0,0,0,0,0,0,0,19,0,0,0,0,2,0
57,5 Oct 2025,,d4pwyiyho3sntimg7gb5yssno,Federico La Penna,SSC Napoli,Genoa CFC,J. Vásquez,0,0,0,0,0,2,0,0,34,0,0,1,0,2,0
57,5 Oct 2025,,d4pwyiyho3sntimg7gb5yssno,Federico La Penna,SSC Napoli,Genoa CFC,N. Leali,0,0,0,0,0,2,0,0,29,0,3,0,0,0,0
57,5 Oct 2025,,d4pwyiyho3sntimg7gb5yssno,Federico La Penna,SSC Napoli,Genoa CFC,S. Otoa,0,0,0,0,1,0,0,0,7,0,0,0,0,1,1
57,5 Oct 2025,,d4pwyiyho3sntimg7gb5yssno,Federico La Penna,SSC Napoli,Genoa CFC,C. Ekuban,0,0,0,1,0,0,0,0,5,0,0,0,0,0,0
57,5 Oct 2025,,d4pwyiyho3sntimg7gb5yssno,Federico La Penna,SSC Napoli,Genoa CFC,M. Thorsby,0,0,0,0,1,1,0,0,5,0,0,0,0,0,0
57,5 Oct 2025,,d4pwyiyho3sntimg7gb5yssno,Federico La Penna,SSC Napoli,Genoa CFC,L. Colombo,0,1,0,0,2,0,0,0,6,0,0,1,0,0,0
57,5 Oct 2025,,d4pwyiyho3sntimg7gb5yssno,Federico La Penna,SSC Napoli,Genoa CFC,V. Carboni,0,0,0,1,0,1,0,0,1,0,0,0,0,1,0
58,4 Oct 2025,,d54tgboprbgicv3i71jygpz4k,Daniele Doveri,Parma Calcio 1913,US Lecce,Adrián Bernabé,0,0,0,5,2,2,0,0,53,0,0,1,0,1,0
58,4 Oct 2025,,d54tgboprbgicv3i71jygpz4k,Daniele Doveri,Parma Calcio 1913,US Lecce,E. Valeri,0,0,0,1,0,0,0,0,6,0,0,0,0,1,0
58,4 Oct 2025,,d54tgboprbgicv3i71jygpz4k,Daniele Doveri,Parma Calcio 1913,US Lecce,A. Ndiaye,0,0,0,0,3,2,0,0,71,0,0,0,0,3,1
58,4 Oct 2025,,d54tgboprbgicv3i71jygpz4k,Daniele Doveri,Parma Calcio 1913,US Lecce,A. Circati,0,0,0,0,0,1,0,0,86,0,0,0,0,1,0
58,4 Oct 2025,,d54tgboprbgicv3i71jygpz4k,Daniele Doveri,Parma Calcio 1913,US Lecce,E. Delprato,0,0,2,0,0,1,0,0,38,0,0,2,1,1,0
58,4 Oct 2025,,d54tgboprbgicv3i71jygpz4k,Daniele Doveri,Parma Calcio 1913,US Lecce,S. Britschgi,0,0,0,1,2,0,0,0,15,0,0,1,1,0,0
58,4 Oct 2025,,d54tgboprbgicv3i71jygpz4k,Daniele Doveri,Parma Calcio 1913,US Lecce,Z. Suzuki,0,0,0,0,0,0,0,0,36,0,2,0,0,0,0
58,4 Oct 2025,,d54tgboprbgicv3i71jygpz4k,Daniele Doveri,Parma Calcio 1913,US Lecce,M. Pellegrino,0,0,0,1,4,2,0,1,21,0,0,0,0,0,0
58,4 Oct 2025,,d54tgboprbgicv3i71jygpz4k,Daniele Doveri,Parma Calcio 1913,US Lecce,O. Sørensen,0,0,0,0,0,0,0,0,34,0,0,0,0,0,0
58,4 Oct 2025,,d54tgboprbgicv3i71jygpz4k,Daniele Doveri,Parma Calcio 1913,US Lecce,P. Cutrone,0,1,0,2,0,3,0,1,18,0,0,4,0,0,0
58,4 Oct 2025,,d54tgboprbgicv3i71jygpz4k,Daniele Doveri,Parma Calcio 1913,US Lecce,M. Keita,0,0,0,0,0,3,0,0,51,0,0,0,0,6,0
58,4 Oct 2025,,d54tgboprbgicv3i71jygpz4k,Daniele Doveri,Parma Calcio 1913,US Lecce,M. Løvik,0,0,0,2,0,1,0,0,18,0,0,0,0,0,0
58,4 Oct 2025,,d54tgboprbgicv3i71jygpz4k,Daniele Doveri,Parma Calcio 1913,US Lecce,P. Almqvist,0,0,0,1,2,1,0,0,8,0,0,0,0,1,0
58,4 Oct 2025,,d54tgboprbgicv3i71jygpz4k,Daniele Doveri,Parma Calcio 1913,US Lecce,A. Benedyczak,0,0,0,0,1,0,0,0,8,0,0,1,0,0,0
58,4 Oct 2025,,d54tgboprbgicv3i71jygpz4k,Daniele Doveri,Parma Calcio 1913,US Lecce,N. Estévez,0,0,2,4,1,0,0,0,8,0,0,0,0,0,0
58,4 Oct 2025,,d54tgboprbgicv3i71jygpz4k,Daniele Doveri,Parma Calcio 1913,US Lecce,M. Đurić,0,1,0,0,1,0,0,0,5,0,0,1,0,0,0
58,4 Oct 2025,,d54tgboprbgicv3i71jygpz4k,Daniele Doveri,Parma Calcio 1913,US Lecce,Y. Ramadani,0,0,0,0,2,1,0,0,35,0,0,1,0,3,0
58,4 Oct 2025,,d54tgboprbgicv3i71jygpz4k,Daniele Doveri,Parma Calcio 1913,US Lecce,W. Falcone,0,0,0,0,0,0,0,0,34,0,2,0,0,0,0
58,4 Oct 2025,,d54tgboprbgicv3i71jygpz4k,Daniele Doveri,Parma Calcio 1913,US Lecce,L. Coulibaly,0,0,0,0,2,1,0,0,19,0,0,0,0,1,0
58,4 Oct 2025,,d54tgboprbgicv3i71jygpz4k,Daniele Doveri,Parma Calcio 1913,US Lecce,Danilo Veiga,0,0,0,1,2,1,0,0,14,0,0,0,0,2,0
58,4 Oct 2025,,d54tgboprbgicv3i71jygpz4k,Daniele Doveri,Parma Calcio 1913,US Lecce,S. Pierotti,0,0,2,0,2,1,0,1,19,0,0,1,1,1,0
58,4 Oct 2025,,d54tgboprbgicv3i71jygpz4k,Daniele Doveri,Parma Calcio 1913,US Lecce,Tiago Gabriel,0,0,0,0,2,2,0,0,26,0,0,0,0,3,0
58,4 Oct 2025,,d54tgboprbgicv3i71jygpz4k,Daniele Doveri,Parma Calcio 1913,US Lecce,Kialonda Gaspar,0,0,0,0,1,0,0,0,19,0,0,0,0,0,1
58,4 Oct 2025,,d54tgboprbgicv3i71jygpz4k,Daniele Doveri,Parma Calcio 1913,US Lecce,M. Berisha,0,1,4,8,1,2,0,0,37,0,0,2,1,2,0
58,4 Oct 2025,,d54tgboprbgicv3i71jygpz4k,Daniele Doveri,Parma Calcio 1913,US Lecce,A. Gallo,1,0,1,1,0,0,0,0,29,0,0,0,0,2,0
58,4 Oct 2025,,d54tgboprbgicv3i71jygpz4k,Daniele Doveri,Parma Calcio 1913,US Lecce,R. Sottil,0,0,2,4,0,1,1,0,15,0,0,1,1,0,0
58,4 Oct 2025,,d54tgboprbgicv3i71jygpz4k,Daniele Doveri,Parma Calcio 1913,US Lecce,N. Štulić,0,0,0,0,1,2,0,1,15,0,0,1,0,1,0
58,4 Oct 2025,,d54tgboprbgicv3i71jygpz4k,Daniele Doveri,Parma Calcio 1913,US Lecce,L. Banda,0,0,0,0,2,2,0,0,8,0,0,0,0,0,1
58,4 Oct 2025,,d54tgboprbgicv3i71jygpz4k,Daniele Doveri,Parma Calcio 1913,US Lecce,F. Camarda,0,0,0,0,1,0,0,0,2,0,0,1,0,0,0
58,4 Oct 2025,,d54tgboprbgicv3i71jygpz4k,Daniele Doveri,Parma Calcio 1913,US Lecce,M. Kaba,0,0,0,0,0,1,0,0,5,0,0,0,0,0,0
58,4 Oct 2025,,d54tgboprbgicv3i71jygpz4k,Daniele Doveri,Parma Calcio 1913,US Lecce,C. Ndaba,0,0,0,0,0,0,0,0,0,0,0,0,0,0,0
59,5 Oct 2025,,d5j5q19nxheidda4qq7pfof84,Alberto Ruben Arena,Udinese Calcio,Cagliari Calcio,N. Zaniolo,0,3,2,6,6,2,0,0,19,0,0,5,0,0,1
59,5 Oct 2025,,d5j5q19nxheidda4qq7pfof84,Alberto Ruben Arena,Udinese Calcio,Cagliari Calcio,J. Karlström,0,0,2,1,1,2,0,0,42,0,0,1,0,2,0
59,5 Oct 2025,,d5j5q19nxheidda4qq7pfof84,Alberto Ruben Arena,Udinese Calcio,Cagliari Calcio,A. Zanoli,0,0,0,3,1,1,0,0,21,0,0,0,0,0,0
59,5 Oct 2025,,d5j5q19nxheidda4qq7pfof84,Alberto Ruben Arena,Udinese Calcio,Cagliari Calcio,K. Davis,0,0,0,0,1,4,0,0,29,0,0,1,1,1,0
59,5 Oct 2025,,d5j5q19nxheidda4qq7pfof84,Alberto Ruben Arena,Udinese Calcio,Cagliari Calcio,R. Sava,0,0,0,0,0,0,0,0,19,0,2,0,0,0,0
59,5 Oct 2025,,d5j5q19nxheidda4qq7pfof84,Alberto Ruben Arena,Udinese Calcio,Cagliari Calcio,J. Piotrowski,0,1,0,1,1,0,0,0,23,0,0,2,1,4,0
59,5 Oct 2025,,d5j5q19nxheidda4qq7pfof84,Alberto Ruben Arena,Udinese Calcio,Cagliari Calcio,S. Goglichidze,0,0,0,0,1,1,0,0,66,0,0,1,0,2,0
59,5 Oct 2025,,d5j5q19nxheidda4qq7pfof84,Alberto Ruben Arena,Udinese Calcio,Cagliari Calcio,O. Solet,1,1,0,0,2,1,0,0,67,0,0,1,0,2,0
59,5 Oct 2025,,d5j5q19nxheidda4qq7pfof84,Alberto Ruben Arena,Udinese Calcio,Cagliari Calcio,A. Atta,0,2,1,4,0,1,0,0,39,0,0,5,1,0,0
59,5 Oct 2025,,d5j5q19nxheidda4qq7pfof84,Alberto Ruben Arena,Udinese Calcio,Cagliari Calcio,C. Kabasele,0,1,1,0,0,1,1,0,43,0,0,2,1,0,0
59,5 Oct 2025,,d5j5q19nxheidda4qq7pfof84,Alberto Ruben Arena,Udinese Calcio,Cagliari Calcio,H. Kamara,0,2,1,3,0,2,0,0,43,0,0,2,0,2,0
59,5 Oct 2025,,d5j5q19nxheidda4qq7pfof84,Alberto Ruben Arena,Udinese Calcio,Cagliari Calcio,N. Bertola,0,0,0,0,0,0,0,0,14,0,0,0,0,0,0
59,5 Oct 2025,,d5j5q19nxheidda4qq7pfof84,Alberto Ruben Arena,Udinese Calcio,Cagliari Calcio,V. Bayo,0,0,0,0,1,0,0,0,5,0,0,3,0,0,0
59,5 Oct 2025,,d5j5q19nxheidda4qq7pfof84,Alberto Ruben Arena,Udinese Calcio,Cagliari Calcio,Oier Zarraga,0,0,0,0,0,0,0,0,6,0,0,0,0,1,0
59,5 Oct 2025,,d5j5q19nxheidda4qq7pfof84,Alberto Ruben Arena,Udinese Calcio,Cagliari Calcio,K. Ehizibue,0,0,0,0,0,0,0,0,5,0,0,0,0,0,0
59,5 Oct 2025,,d5j5q19nxheidda4qq7pfof84,Alberto Ruben Arena,Udinese Calcio,Cagliari Calcio,A. Obert,0,0,0,1,3,0,0,0,30,0,0,0,0,5,1
59,5 Oct 2025,,d5j5q19nxheidda4qq7pfof84,Alberto Ruben Arena,Udinese Calcio,Cagliari Calcio,Y. Mina,0,0,0,0,1,1,0,0,12,0,0,0,0,0,0
59,5 Oct 2025,,d5j5q19nxheidda4qq7pfof84,Alberto Ruben Arena,Udinese Calcio,Cagliari Calcio,M. Folorunsho,0,0,0,0,1,3,0,0,29,0,0,0,0,1,0
59,5 Oct 2025,,d5j5q19nxheidda4qq7pfof84,Alberto Ruben Arena,Udinese Calcio,Cagliari Calcio,A. Deiola,0,0,0,0,1,3,0,0,30,0,0,0,0,2,0
59,5 Oct 2025,,d5j5q19nxheidda4qq7pfof84,Alberto Ruben Arena,Udinese Calcio,Cagliari Calcio,Zé Pedro,0,0,0,0,0,1,0,0,39,0,0,0,0,2,0
59,5 Oct 2025,,d5j5q19nxheidda4qq7pfof84,Alberto Ruben Arena,Udinese Calcio,Cagliari Calcio,S. Esposito,0,0,1,0,2,2,0,0,15,0,0,1,0,3,0
59,5 Oct 2025,,d5j5q19nxheidda4qq7pfof84,Alberto Ruben Arena,Udinese Calcio,Cagliari Calcio,M. Palestra,0,0,0,2,1,1,0,0,22,0,0,0,0,2,0
59,5 Oct 2025,,d5j5q19nxheidda4qq7pfof84,Alberto Ruben Arena,Udinese Calcio,Cagliari Calcio,G. Borrelli,0,0,1,1,3,1,1,0,12,0,0,2,2,1,0
59,5 Oct 2025,,d5j5q19nxheidda4qq7pfof84,Alberto Ruben Arena,Udinese Calcio,Cagliari Calcio,E. Caprile,0,0,0,0,0,1,0,0,31,0,3,0,0,0,0
59,5 Oct 2025,,d5j5q19nxheidda4qq7pfof84,Alberto Ruben Arena,Udinese Calcio,Cagliari Calcio,M. Felici,0,1,0,1,1,0,0,0,6,0,0,1,0,1,1
59,5 Oct 2025,,d5j5q19nxheidda4qq7pfof84,Alberto Ruben Arena,Udinese Calcio,Cagliari Calcio,M. Prati,0,1,0,0,0,0,0,0,35,0,0,1,0,0,0
59,5 Oct 2025,,d5j5q19nxheidda4qq7pfof84,Alberto Ruben Arena,Udinese Calcio,Cagliari Calcio,M. Adopo,1,0,0,1,0,0,0,0,16,0,0,1,0,1,0
59,5 Oct 2025,,d5j5q19nxheidda4qq7pfof84,Alberto Ruben Arena,Udinese Calcio,Cagliari Calcio,A. Di Pardo,0,0,0,0,0,0,0,0,15,0,0,1,0,1,0
59,5 Oct 2025,,d5j5q19nxheidda4qq7pfof84,Alberto Ruben Arena,Udinese Calcio,Cagliari Calcio,Zito Luvumbo,0,0,0,0,2,0,0,0,2,0,0,1,0,0,0
59,5 Oct 2025,,d5j5q19nxheidda4qq7pfof84,Alberto Ruben Arena,Udinese Calcio,Cagliari Calcio,N. Cavuoti,0,0,0,0,1,0,0,0,1,0,0,0,0,0,0
59,5 Oct 2025,,d5j5q19nxheidda4qq7pfof84,Alberto Ruben Arena,Udinese Calcio,Cagliari Calcio,L. Pavoletti,0,0,0,0,0,0,0,0,4,0,0,0,0,1,0
60,3 Oct 2025,,d5z6nojyvxc2hymcp71tmj11w,Francesco Fourneau,Hellas Verona FC,US Sassuolo Calcio,Unai Núñez,0,0,0,0,1,3,0,0,46,0,0,0,0,1,0
60,3 Oct 2025,,d5z6nojyvxc2hymcp71tmj11w,Francesco Fourneau,Hellas Verona FC,US Sassuolo Calcio,R. Gagliardini,0,0,0,0,1,2,0,0,49,0,0,0,0,1,0
60,3 Oct 2025,,d5z6nojyvxc2hymcp71tmj11w,Francesco Fourneau,Hellas Verona FC,US Sassuolo Calcio,G. Orban,0,0,1,0,1,0,0,0,15,0,0,4,1,0,0
60,3 Oct 2025,,d5z6nojyvxc2hymcp71tmj11w,Francesco Fourneau,Hellas Verona FC,US Sassuolo Calcio,D. Bradarić,0,0,0,7,0,0,0,0,38,0,0,0,0,2,0
60,3 Oct 2025,,d5z6nojyvxc2hymcp71tmj11w,Francesco Fourneau,Hellas Verona FC,US Sassuolo Calcio,V. Nelsson,0,0,0,0,1,0,0,0,53,0,0,0,0,2,0
60,3 Oct 2025,,d5z6nojyvxc2hymcp71tmj11w,Francesco Fourneau,Hellas Verona FC,US Sassuolo Calcio,M. Frese,0,0,1,5,1,0,0,0,56,0,0,1,1,4,0
60,3 Oct 2025,,d5z6nojyvxc2hymcp71tmj11w,Francesco Fourneau,Hellas Verona FC,US Sassuolo Calcio,A. Bernede,0,0,0,2,2,0,0,0,26,0,0,0,0,3,0
60,3 Oct 2025,,d5z6nojyvxc2hymcp71tmj11w,Francesco Fourneau,Hellas Verona FC,US Sassuolo Calcio,Giovane,0,1,0,0,0,1,0,0,30,0,0,5,4,2,0
60,3 Oct 2025,,d5z6nojyvxc2hymcp71tmj11w,Francesco Fourneau,Hellas Verona FC,US Sassuolo Calcio,L. Montipò,0,0,0,0,0,0,0,0,24,0,2,0,0,0,0
60,3 Oct 2025,,d5z6nojyvxc2hymcp71tmj11w,Francesco Fourneau,Hellas Verona FC,US Sassuolo Calcio,S. Serdar,0,0,1,2,2,3,0,0,41,0,0,3,1,2,1
60,3 Oct 2025,,d5z6nojyvxc2hymcp71tmj11w,Francesco Fourneau,Hellas Verona FC,US Sassuolo Calcio,R. Belghali,0,1,1,3,1,0,0,0,24,0,0,1,0,0,1
60,3 Oct 2025,,d5z6nojyvxc2hymcp71tmj11w,Francesco Fourneau,Hellas Verona FC,US Sassuolo Calcio,J. Akpa Akpro,0,0,0,0,3,0,0,0,8,0,0,1,1,0,0
60,3 Oct 2025,,d5z6nojyvxc2hymcp71tmj11w,Francesco Fourneau,Hellas Verona FC,US Sassuolo Calcio,C. Niasse,0,0,0,0,1,1,0,0,15,0,0,0,0,0,0
60,3 Oct 2025,,d5z6nojyvxc2hymcp71tmj11w,Francesco Fourneau,Hellas Verona FC,US Sassuolo Calcio,A. Sarr,0,0,0,0,0,0,0,0,5,0,0,0,0,0,0
60,3 Oct 2025,,d5z6nojyvxc2hymcp71tmj11w,Francesco Fourneau,Hellas Verona FC,US Sassuolo Calcio,G. Kastanos,0,0,0,0,0,0,0,0,4,0,0,1,0,0,0
60,3 Oct 2025,,d5z6nojyvxc2hymcp71tmj11w,Francesco Fourneau,Hellas Verona FC,US Sassuolo Calcio,D. Mosquera,0,0,0,0,0,0,0,0,4,0,0,1,1,0,0
60,3 Oct 2025,,d5z6nojyvxc2hymcp71tmj11w,Francesco Fourneau,Hellas Verona FC,US Sassuolo Calcio,A. Pinamonti,0,1,0,0,1,3,1,0,9,0,0,5,2,1,0
60,3 Oct 2025,,d5z6nojyvxc2hymcp71tmj11w,Francesco Fourneau,Hellas Verona FC,US Sassuolo Calcio,J. Idzes,0,0,0,0,0,1,0,0,34,0,0,0,0,1,0
60,3 Oct 2025,,d5z6nojyvxc2hymcp71tmj11w,Francesco Fourneau,Hellas Verona FC,US Sassuolo Calcio,S. Walukiewicz,0,0,0,0,0,0,0,0,28,0,0,0,0,1,0
60,3 Oct 2025,,d5z6nojyvxc2hymcp71tmj11w,Francesco Fourneau,Hellas Verona FC,US Sassuolo Calcio,I. Koné,0,0,0,1,0,2,0,0,28,0,0,0,0,1,0
60,3 Oct 2025,,d5z6nojyvxc2hymcp71tmj11w,Francesco Fourneau,Hellas Verona FC,US Sassuolo Calcio,A. Vranckx,0,1,0,0,1,1,0,0,24,0,0,1,0,3,0
60,3 Oct 2025,,d5z6nojyvxc2hymcp71tmj11w,Francesco Fourneau,Hellas Verona FC,US Sassuolo Calcio,A. Laurienté,0,0,1,2,3,0,0,0,10,0,0,2,1,0,0
60,3 Oct 2025,,d5z6nojyvxc2hymcp71tmj11w,Francesco Fourneau,Hellas Verona FC,US Sassuolo Calcio,J. Doig,0,0,0,2,1,0,0,0,20,0,0,1,0,1,0
60,3 Oct 2025,,d5z6nojyvxc2hymcp71tmj11w,Francesco Fourneau,Hellas Verona FC,US Sassuolo Calcio,T. Muharemović,0,0,0,1,0,0,0,0,40,0,0,0,0,3,0
60,3 Oct 2025,,d5z6nojyvxc2hymcp71tmj11w,Francesco Fourneau,Hellas Verona FC,US Sassuolo Calcio,N. Matić,0,0,0,0,2,2,0,0,47,0,0,0,0,1,0
60,3 Oct 2025,,d5z6nojyvxc2hymcp71tmj11w,Francesco Fourneau,Hellas Verona FC,US Sassuolo Calcio,C. Volpato,0,1,0,1,0,0,0,0,15,0,0,1,0,0,0
60,3 Oct 2025,,d5z6nojyvxc2hymcp71tmj11w,Francesco Fourneau,Hellas Verona FC,US Sassuolo Calcio,A. Murić,0,0,0,0,0,1,0,0,28,0,9,0,0,0,1
60,3 Oct 2025,,d5z6nojyvxc2hymcp71tmj11w,Francesco Fourneau,Hellas Verona FC,US Sassuolo Calcio,W. Cheddira,0,0,0,0,0,0,0,0,3,0,0,0,0,0,1
60,3 Oct 2025,,d5z6nojyvxc2hymcp71tmj11w,Francesco Fourneau,Hellas Verona FC,US Sassuolo Calcio,A. Fadera,0,0,1,0,1,2,0,1,4,0,0,0,0,3,0
60,3 Oct 2025,,d5z6nojyvxc2hymcp71tmj11w,Francesco Fourneau,Hellas Verona FC,US Sassuolo Calcio,K. Thorstvedt,0,0,0,0,1,2,0,0,13,0,0,0,0,0,0
60,3 Oct 2025,,d5z6nojyvxc2hymcp71tmj11w,Francesco Fourneau,Hellas Verona FC,US Sassuolo Calcio,N. Pierini,0,1,0,1,1,0,0,0,8,0,0,1,0,0,1
60,3 Oct 2025,,d5z6nojyvxc2hymcp71tmj11w,Francesco Fourneau,Hellas Verona FC,US Sassuolo Calcio,E. Iannoni,0,0,0,0,1,0,0,0,4,0,0,0,0,0,0
16,29 Aug 2025,,cocjrxkycj7rojvg68psz8sno,Livio Marinelli,US Lecce,AC Milan,Tiago Gabriel,0,0,0,0,0,0,0,0,65,0,0,0,0,5,0
16,29 Aug 2025,,cocjrxkycj7rojvg68psz8sno,Livio Marinelli,US Lecce,AC Milan,A. Gallo,0,0,1,7,0,0,0,0,39,0,0,0,0,1,0
16,29 Aug 2025,,cocjrxkycj7rojvg68psz8sno,Livio Marinelli,US Lecce,AC Milan,Kialonda Gaspar,0,1,0,0,1,2,0,0,67,0,0,1,0,2,1
16,29 Aug 2025,,cocjrxkycj7rojvg68psz8sno,Livio Marinelli,US Lecce,AC Milan,Danilo Veiga,0,0,0,2,2,0,0,0,35,0,0,0,0,0,0
16,29 Aug 2025,,cocjrxkycj7rojvg68psz8sno,Livio Marinelli,US Lecce,AC Milan,F. Camarda,0,0,0,0,2,0,0,0,4,0,0,0,0,0,0
16,29 Aug 2025,,cocjrxkycj7rojvg68psz8sno,Livio Marinelli,US Lecce,AC Milan,L. Coulibaly,0,0,0,1,0,4,0,0,26,0,0,0,0,2,0
16,29 Aug 2025,,cocjrxkycj7rojvg68psz8sno,Livio Marinelli,US Lecce,AC Milan,W. Falcone,0,0,0,0,0,0,0,0,21,0,4,0,0,1,0
16,29 Aug 2025,,cocjrxkycj7rojvg68psz8sno,Livio Marinelli,US Lecce,AC Milan,Tete Morente,0,1,0,1,2,1,0,0,23,0,0,1,0,2,0
16,29 Aug 2025,,cocjrxkycj7rojvg68psz8sno,Livio Marinelli,US Lecce,AC Milan,S. Pierotti,0,0,0,0,0,0,0,1,15,0,0,0,0,2,0
16,29 Aug 2025,,cocjrxkycj7rojvg68psz8sno,Livio Marinelli,US Lecce,AC Milan,Y. Ramadani,0,1,0,1,2,0,0,0,32,0,0,1,0,1,0
16,29 Aug 2025,,cocjrxkycj7rojvg68psz8sno,Livio Marinelli,US Lecce,AC Milan,M. Kaba,0,0,0,2,0,1,0,0,13,0,0,2,1,0,0
16,29 Aug 2025,,cocjrxkycj7rojvg68psz8sno,Livio Marinelli,US Lecce,AC Milan,N. Štulić,0,0,1,0,0,0,0,0,10,0,0,1,1,0,0
16,29 Aug 2025,,cocjrxkycj7rojvg68psz8sno,Livio Marinelli,US Lecce,AC Milan,R. Sottil,0,0,0,1,0,0,0,0,12,0,0,0,0,0,0
16,29 Aug 2025,,cocjrxkycj7rojvg68psz8sno,Livio Marinelli,US Lecce,AC Milan,M. Berisha,0,0,1,2,1,0,0,0,16,0,0,0,0,0,0
16,29 Aug 2025,,cocjrxkycj7rojvg68psz8sno,Livio Marinelli,US Lecce,AC Milan,K. N’Dri,0,0,1,1,0,0,0,0,5,0,0,1,0,0,0
16,29 Aug 2025,,cocjrxkycj7rojvg68psz8sno,Livio Marinelli,US Lecce,AC Milan,Þ. Helgason,0,0,0,1,0,0,0,0,5,0,0,0,0,0,0
16,29 Aug 2025,,cocjrxkycj7rojvg68psz8sno,Livio Marinelli,US Lecce,AC Milan,A. Saelemaekers,0,1,0,2,0,1,0,0,38,0,0,1,0,6,0
16,29 Aug 2025,,cocjrxkycj7rojvg68psz8sno,Livio Marinelli,US Lecce,AC Milan,M. Gabbia,0,0,0,0,1,1,0,0,43,0,0,0,0,0,0
16,29 Aug 2025,,cocjrxkycj7rojvg68psz8sno,Livio Marinelli,US Lecce,AC Milan,S. Giménez,0,1,1,1,1,1,0,2,12,0,0,3,1,0,0
16,29 Aug 2025,,cocjrxkycj7rojvg68psz8sno,Livio Marinelli,US Lecce,AC Milan,F. Tomori,0,0,0,1,2,1,0,0,62,0,0,0,0,2,0
16,29 Aug 2025,,cocjrxkycj7rojvg68psz8sno,Livio Marinelli,US Lecce,AC Milan,S. Pavlović,0,0,1,0,0,0,0,0,82,0,0,0,0,2,0
16,29 Aug 2025,,cocjrxkycj7rojvg68psz8sno,Livio Marinelli,US Lecce,AC Milan,Y. Fofana,0,0,0,1,0,0,0,0,39,0,0,2,1,3,0
16,29 Aug 2025,,cocjrxkycj7rojvg68psz8sno,Livio Marinelli,US Lecce,AC Milan,L. Modrić,1,0,0,7,0,1,0,0,59,0,0,0,0,1,0
16,29 Aug 2025,,cocjrxkycj7rojvg68psz8sno,Livio Marinelli,US Lecce,AC Milan,R. Loftus-Cheek,0,1,0,1,1,0,1,0,22,0,0,4,2,0,0
16,29 Aug 2025,,cocjrxkycj7rojvg68psz8sno,Livio Marinelli,US Lecce,AC Milan,Y. Musah,0,0,2,1,2,2,0,1,40,0,0,0,0,1,0
16,29 Aug 2025,,cocjrxkycj7rojvg68psz8sno,Livio Marinelli,US Lecce,AC Milan,P. Estupiñán,0,0,0,2,1,2,0,1,39,0,0,1,0,2,0
16,29 Aug 2025,,cocjrxkycj7rojvg68psz8sno,Livio Marinelli,US Lecce,AC Milan,M. Maignan,0,0,0,0,0,0,0,0,35,0,2,0,0,0,0
16,29 Aug 2025,,cocjrxkycj7rojvg68psz8sno,Livio Marinelli,US Lecce,AC Milan,C. Pulišić,0,0,0,0,0,1,1,0,7,0,0,1,1,1,0
16,29 Aug 2025,,cocjrxkycj7rojvg68psz8sno,Livio Marinelli,US Lecce,AC Milan,S. Ricci,0,0,1,0,0,0,0,0,3,0,0,1,1,0,0
16,29 Aug 2025,,cocjrxkycj7rojvg68psz8sno,Livio Marinelli,US Lecce,AC Milan,C. Balentien,0,0,0,0,0,0,0,0,1,0,0,1,0,0,0
17,30 Aug 2025,,coqrhq09kxd16iejvgtzj3mz8,Kevin Bonacina,SSC Napoli,Cagliari Calcio,Amir Rrahmani,0,1,1,1,2,1,0,0,121,0,0,1,0,1,0
17,30 Aug 2025,,coqrhq09kxd16iejvgtzj3mz8,Kevin Bonacina,SSC Napoli,Cagliari Calcio,S. McTominay,0,1,1,0,2,2,0,1,26,0,0,5,2,0,0
17,30 Aug 2025,,coqrhq09kxd16iejvgtzj3mz8,Kevin Bonacina,SSC Napoli,Cagliari Calcio,A. Meret,0,0,0,0,0,0,0,0,22,0,1,0,0,0,0
17,30 Aug 2025,,coqrhq09kxd16iejvgtzj3mz8,Kevin Bonacina,SSC Napoli,Cagliari Calcio,Juan Jesus,0,1,0,0,3,0,0,0,83,0,0,1,0,1,1
17,30 Aug 2025,,coqrhq09kxd16iejvgtzj3mz8,Kevin Bonacina,SSC Napoli,Cagliari Calcio,G. Di Lorenzo,0,0,1,2,0,0,0,0,67,0,0,0,0,0,0
17,30 Aug 2025,,coqrhq09kxd16iejvgtzj3mz8,Kevin Bonacina,SSC Napoli,Cagliari Calcio,K. De Bruyne,0,0,3,8,2,0,0,0,53,0,0,1,0,0,1
17,30 Aug 2025,,coqrhq09kxd16iejvgtzj3mz8,Kevin Bonacina,SSC Napoli,Cagliari Calcio,M. Politano,0,0,1,18,0,2,0,0,37,0,0,3,0,1,0
17,30 Aug 2025,,coqrhq09kxd16iejvgtzj3mz8,Kevin Bonacina,SSC Napoli,Cagliari Calcio,L. Spinazzola,0,0,2,5,2,1,0,0,37,0,0,1,1,0,0
17,30 Aug 2025,,coqrhq09kxd16iejvgtzj3mz8,Kevin Bonacina,SSC Napoli,Cagliari Calcio,L. Lucca,0,1,0,0,3,1,0,2,16,0,0,2,1,0,0
17,30 Aug 2025,,coqrhq09kxd16iejvgtzj3mz8,Kevin Bonacina,SSC Napoli,Cagliari Calcio,F. Anguissa,0,1,1,3,2,1,1,0,46,0,0,4,2,1,0
17,30 Aug 2025,,coqrhq09kxd16iejvgtzj3mz8,Kevin Bonacina,SSC Napoli,Cagliari Calcio,S. Lobotka,0,0,0,0,0,4,0,0,62,0,0,0,0,0,0
17,30 Aug 2025,,coqrhq09kxd16iejvgtzj3mz8,Kevin Bonacina,SSC Napoli,Cagliari Calcio,A. Buongiorno,1,0,0,2,0,0,0,0,27,0,0,1,0,0,0
17,30 Aug 2025,,coqrhq09kxd16iejvgtzj3mz8,Kevin Bonacina,SSC Napoli,Cagliari Calcio,G. Ambrosino,0,0,1,0,0,0,0,0,2,0,0,0,0,0,0
17,30 Aug 2025,,coqrhq09kxd16iejvgtzj3mz8,Kevin Bonacina,SSC Napoli,Cagliari Calcio,N. Lang,0,1,2,3,0,0,0,0,10,0,0,1,0,0,0
17,30 Aug 2025,,coqrhq09kxd16iejvgtzj3mz8,Kevin Bonacina,SSC Napoli,Cagliari Calcio,M. Olivera,0,0,0,0,0,0,0,0,6,0,0,0,0,0,0
17,30 Aug 2025,,coqrhq09kxd16iejvgtzj3mz8,Kevin Bonacina,SSC Napoli,Cagliari Calcio,M. Prati,0,0,0,0,1,1,0,0,29,0,0,2,0,3,0
17,30 Aug 2025,,coqrhq09kxd16iejvgtzj3mz8,Kevin Bonacina,SSC Napoli,Cagliari Calcio,E. Caprile,0,0,0,0,0,1,0,0,35,0,5,0,0,0,0
17,30 Aug 2025,,coqrhq09kxd16iejvgtzj3mz8,Kevin Bonacina,SSC Napoli,Cagliari Calcio,A. Deiola,0,0,0,0,2,0,0,0,39,0,0,0,0,2,0
17,30 Aug 2025,,coqrhq09kxd16iejvgtzj3mz8,Kevin Bonacina,SSC Napoli,Cagliari Calcio,Y. Mina,0,0,0,0,0,1,0,0,34,0,0,0,0,0,0
17,30 Aug 2025,,coqrhq09kxd16iejvgtzj3mz8,Kevin Bonacina,SSC Napoli,Cagliari Calcio,S. Luperto,0,0,0,0,0,2,0,0,30,0,0,0,0,0,0
17,30 Aug 2025,,coqrhq09kxd16iejvgtzj3mz8,Kevin Bonacina,SSC Napoli,Cagliari Calcio,A. Obert,0,0,0,1,2,0,0,0,25,0,0,1,0,2,0
17,30 Aug 2025,,coqrhq09kxd16iejvgtzj3mz8,Kevin Bonacina,SSC Napoli,Cagliari Calcio,M. Folorunsho,0,0,0,0,1,1,0,1,17,0,0,2,0,3,0
17,30 Aug 2025,,coqrhq09kxd16iejvgtzj3mz8,Kevin Bonacina,SSC Napoli,Cagliari Calcio,S. Esposito,0,0,0,1,2,1,0,0,15,0,0,1,0,1,0
17,30 Aug 2025,,coqrhq09kxd16iejvgtzj3mz8,Kevin Bonacina,SSC Napoli,Cagliari Calcio,M. Palestra,0,0,0,1,0,3,0,0,16,0,0,0,0,0,0
17,30 Aug 2025,,coqrhq09kxd16iejvgtzj3mz8,Kevin Bonacina,SSC Napoli,Cagliari Calcio,G. Zappa,0,0,0,1,2,1,0,0,26,0,0,0,0,1,1
17,30 Aug 2025,,coqrhq09kxd16iejvgtzj3mz8,Kevin Bonacina,SSC Napoli,Cagliari Calcio,M. Adopo,0,0,0,0,0,0,0,0,25,0,0,0,0,3,0
17,30 Aug 2025,,coqrhq09kxd16iejvgtzj3mz8,Kevin Bonacina,SSC Napoli,Cagliari Calcio,Zito Luvumbo,0,0,0,1,0,1,0,0,4,0,0,2,1,0,0
17,30 Aug 2025,,coqrhq09kxd16iejvgtzj3mz8,Kevin Bonacina,SSC Napoli,Cagliari Calcio,G. Borrelli,0,0,0,0,1,3,0,0,3,0,0,0,0,1,0
17,30 Aug 2025,,coqrhq09kxd16iejvgtzj3mz8,Kevin Bonacina,SSC Napoli,Cagliari Calcio,G. Gaetano,0,1,0,1,1,0,0,0,10,0,0,2,0,0,0
17,30 Aug 2025,,coqrhq09kxd16iejvgtzj3mz8,Kevin Bonacina,SSC Napoli,Cagliari Calcio,A. Di Pardo,0,0,0,0,0,0,0,0,1,0,0,0,0,0,0
17,30 Aug 2025,,coqrhq09kxd16iejvgtzj3mz8,Kevin Bonacina,SSC Napoli,Cagliari Calcio,R. Idrissi,0,0,0,0,0,1,0,0,1,0,0,0,0,0,0
18,30 Aug 2025,,cp4xpnjmoxua4xp2os0o54kk4,Maurizio Mariani,Parma Calcio 1913,Atalanta Bergamasca Calcio,Adrián Bernabé,0,1,0,2,0,2,0,0,50,0,0,2,1,2,0
18,30 Aug 2025,,cp4xpnjmoxua4xp2os0o54kk4,Maurizio Mariani,Parma Calcio 1913,Atalanta Bergamasca Calcio,Z. Suzuki,0,0,0,0,0,0,0,0,45,0,2,0,0,0,0
18,30 Aug 2025,,cp4xpnjmoxua4xp2os0o54kk4,Maurizio Mariani,Parma Calcio 1913,Atalanta Bergamasca Calcio,M. Pellegrino,0,0,0,1,1,3,0,0,16,0,0,1,0,0,0
18,30 Aug 2025,,cp4xpnjmoxua4xp2os0o54kk4,Maurizio Mariani,Parma Calcio 1913,Atalanta Bergamasca Calcio,P. Almqvist,0,0,0,0,0,0,0,0,11,0,0,0,0,0,0
18,30 Aug 2025,,cp4xpnjmoxua4xp2os0o54kk4,Maurizio Mariani,Parma Calcio 1913,Atalanta Bergamasca Calcio,M. Løvik,0,0,1,3,1,0,0,1,26,0,0,0,0,1,0
18,30 Aug 2025,,cp4xpnjmoxua4xp2os0o54kk4,Maurizio Mariani,Parma Calcio 1913,Atalanta Bergamasca Calcio,A. Circati,0,0,0,0,1,0,0,0,43,0,0,0,0,1,0
18,30 Aug 2025,,cp4xpnjmoxua4xp2os0o54kk4,Maurizio Mariani,Parma Calcio 1913,Atalanta Bergamasca Calcio,E. Delprato,0,0,0,0,2,1,0,0,20,0,0,1,1,2,0
18,30 Aug 2025,,cp4xpnjmoxua4xp2os0o54kk4,Maurizio Mariani,Parma Calcio 1913,Atalanta Bergamasca Calcio,L. Valenti,0,0,0,2,1,2,0,0,38,0,0,1,0,1,1
18,30 Aug 2025,,cp4xpnjmoxua4xp2os0o54kk4,Maurizio Mariani,Parma Calcio 1913,Atalanta Bergamasca Calcio,E. Valeri,0,0,0,12,0,0,0,0,24,0,0,1,0,1,0
18,30 Aug 2025,,cp4xpnjmoxua4xp2os0o54kk4,Maurizio Mariani,Parma Calcio 1913,Atalanta Bergamasca Calcio,O. Sørensen,0,0,0,1,0,1,0,0,26,0,0,0,0,2,0
18,30 Aug 2025,,cp4xpnjmoxua4xp2os0o54kk4,Maurizio Mariani,Parma Calcio 1913,Atalanta Bergamasca Calcio,M. Keita,0,0,0,0,0,1,0,0,29,0,0,0,0,0,0
18,30 Aug 2025,,cp4xpnjmoxua4xp2os0o54kk4,Maurizio Mariani,Parma Calcio 1913,Atalanta Bergamasca Calcio,G. Oristanio,0,0,0,1,2,4,0,0,7,0,0,0,0,0,1
18,30 Aug 2025,,cp4xpnjmoxua4xp2os0o54kk4,Maurizio Mariani,Parma Calcio 1913,Atalanta Bergamasca Calcio,C. Ordoñez,0,0,0,0,0,0,0,0,3,0,0,0,0,0,0
18,30 Aug 2025,,cp4xpnjmoxua4xp2os0o54kk4,Maurizio Mariani,Parma Calcio 1913,Atalanta Bergamasca Calcio,P. Cutrone,0,0,0,1,0,0,1,0,5,0,0,1,1,0,0
18,30 Aug 2025,,cp4xpnjmoxua4xp2os0o54kk4,Maurizio Mariani,Parma Calcio 1913,Atalanta Bergamasca Calcio,N. Estévez,0,0,0,0,0,0,0,0,2,0,0,0,0,0,0
18,30 Aug 2025,,cp4xpnjmoxua4xp2os0o54kk4,Maurizio Mariani,Parma Calcio 1913,Atalanta Bergamasca Calcio,I. Hien,0,0,0,0,3,1,0,0,46,0,0,0,0,2,1
18,30 Aug 2025,,cp4xpnjmoxua4xp2os0o54kk4,Maurizio Mariani,Parma Calcio 1913,Atalanta Bergamasca Calcio,B. Djimsiti,0,0,0,0,0,0,0,0,38,0,0,0,0,0,0
18,30 Aug 2025,,cp4xpnjmoxua4xp2os0o54kk4,Maurizio Mariani,Parma Calcio 1913,Atalanta Bergamasca Calcio,N. Zalewski,0,0,1,3,0,1,0,0,16,0,0,0,0,1,0
18,30 Aug 2025,,cp4xpnjmoxua4xp2os0o54kk4,Maurizio Mariani,Parma Calcio 1913,Atalanta Bergamasca Calcio,M. Carnesecchi,0,0,0,0,0,0,0,0,36,0,2,0,0,0,0
18,30 Aug 2025,,cp4xpnjmoxua4xp2os0o54kk4,Maurizio Mariani,Parma Calcio 1913,Atalanta Bergamasca Calcio,G. Scalvini,0,0,0,0,4,0,0,0,58,0,0,0,0,5,0
18,30 Aug 2025,,cp4xpnjmoxua4xp2os0o54kk4,Maurizio Mariani,Parma Calcio 1913,Atalanta Bergamasca Calcio,R. Bellanova,0,1,0,3,0,1,0,0,26,0,0,1,0,2,0
18,30 Aug 2025,,cp4xpnjmoxua4xp2os0o54kk4,Maurizio Mariani,Parma Calcio 1913,Atalanta Bergamasca Calcio,G. Scamacca,0,1,1,0,1,0,0,2,21,0,0,2,0,0,0
18,30 Aug 2025,,cp4xpnjmoxua4xp2os0o54kk4,Maurizio Mariani,Parma Calcio 1913,Atalanta Bergamasca Calcio,M. Pašalić,0,0,0,0,2,0,1,1,49,0,0,3,2,2,0
18,30 Aug 2025,,cp4xpnjmoxua4xp2os0o54kk4,Maurizio Mariani,Parma Calcio 1913,Atalanta Bergamasca Calcio,D. Maldini,0,1,0,0,1,1,0,0,14,0,0,1,0,0,0
18,30 Aug 2025,,cp4xpnjmoxua4xp2os0o54kk4,Maurizio Mariani,Parma Calcio 1913,Atalanta Bergamasca Calcio,M. de Roon,0,0,0,2,1,0,0,0,61,0,0,1,0,7,1
18,30 Aug 2025,,cp4xpnjmoxua4xp2os0o54kk4,Maurizio Mariani,Parma Calcio 1913,Atalanta Bergamasca Calcio,C. De Ketelaere,0,1,0,1,2,0,0,0,41,0,0,1,0,1,0
18,30 Aug 2025,,cp4xpnjmoxua4xp2os0o54kk4,Maurizio Mariani,Parma Calcio 1913,Atalanta Bergamasca Calcio,N. Krstović,1,0,0,0,0,1,0,1,10,0,0,2,1,1,0
18,30 Aug 2025,,cp4xpnjmoxua4xp2os0o54kk4,Maurizio Mariani,Parma Calcio 1913,Atalanta Bergamasca Calcio,K. Sulemana,0,0,0,0,0,1,0,0,2,0,0,0,0,2,0
18,30 Aug 2025,,cp4xpnjmoxua4xp2os0o54kk4,Maurizio Mariani,Parma Calcio 1913,Atalanta Bergamasca Calcio,D. Zappacosta,0,0,0,0,0,1,0,0,1,0,0,0,0,0,0
18,30 Aug 2025,,cp4xpnjmoxua4xp2os0o54kk4,Maurizio Mariani,Parma Calcio 1913,Atalanta Bergamasca Calcio,M. Brescianini,0,0,0,0,1,0,0,0,1,0,0,0,0,0,0
19,30 Aug 2025,,cpjqg4esn6oq24obqmfbj63h0,Giuseppe Collu,Pisa Sporting Club,AS Roma,A. Caracciolo,0,0,0,0,2,1,0,0,26,0,0,0,0,2,0
19,30 Aug 2025,,cpjqg4esn6oq24obqmfbj63h0,Giuseppe Collu,Pisa Sporting Club,AS Roma,M. Marin,0,0,0,1,2,3,0,0,20,0,0,0,0,5,1
19,30 Aug 2025,,cpjqg4esn6oq24obqmfbj63h0,Giuseppe Collu,Pisa Sporting Club,AS Roma,Mateus Lusuardi,0,0,0,0,1,0,0,0,21,0,0,0,0,0,0
19,30 Aug 2025,,cpjqg4esn6oq24obqmfbj63h0,Giuseppe Collu,Pisa Sporting Club,AS Roma,S. Angori,0,0,0,2,0,0,0,0,13,0,0,0,0,1,0
19,30 Aug 2025,,cpjqg4esn6oq24obqmfbj63h0,Giuseppe Collu,Pisa Sporting Club,AS Roma,H. Meister,0,0,0,0,3,0,0,0,16,0,0,2,1,0,1
19,30 Aug 2025,,cpjqg4esn6oq24obqmfbj63h0,Giuseppe Collu,Pisa Sporting Club,AS Roma,M. Aebischer,0,0,0,0,1,0,0,0,43,0,0,2,0,6,0
19,30 Aug 2025,,cpjqg4esn6oq24obqmfbj63h0,Giuseppe Collu,Pisa Sporting Club,AS Roma,M. Tramoni,0,0,0,1,1,0,0,0,9,0,0,0,0,1,0
19,30 Aug 2025,,cpjqg4esn6oq24obqmfbj63h0,Giuseppe Collu,Pisa Sporting Club,AS Roma,S. Moreo,0,0,0,0,0,1,0,2,11,0,0,0,0,0,0
19,30 Aug 2025,,cpjqg4esn6oq24obqmfbj63h0,Giuseppe Collu,Pisa Sporting Club,AS Roma,I. Touré,0,0,1,3,1,2,0,0,19,0,0,0,0,1,0
19,30 Aug 2025,,cpjqg4esn6oq24obqmfbj63h0,Giuseppe Collu,Pisa Sporting Club,AS Roma,S. Canestrelli,0,0,0,1,0,1,0,0,21,0,0,0,0,1,0
19,30 Aug 2025,,cpjqg4esn6oq24obqmfbj63h0,Giuseppe Collu,Pisa Sporting Club,AS Roma,A. Šemper,0,0,0,0,0,1,0,0,33,0,4,0,0,0,0
19,30 Aug 2025,,cpjqg4esn6oq24obqmfbj63h0,Giuseppe Collu,Pisa Sporting Club,AS Roma,J. Cuadrado,0,0,0,1,1,0,0,0,8,0,0,1,1,3,0
19,30 Aug 2025,,cpjqg4esn6oq24obqmfbj63h0,Giuseppe Collu,Pisa Sporting Club,AS Roma,A. Calabresi,0,0,0,1,1,0,0,0,10,0,0,0,0,1,0
19,30 Aug 2025,,cpjqg4esn6oq24obqmfbj63h0,Giuseppe Collu,Pisa Sporting Club,AS Roma,M'Bala Nzola,0,0,0,0,1,0,0,0,9,0,0,0,0,0,0
19,30 Aug 2025,,cpjqg4esn6oq24obqmfbj63h0,Giuseppe Collu,Pisa Sporting Club,AS Roma,C. Stengs,0,0,0,0,0,0,0,0,4,0,0,2,1,1,0
19,30 Aug 2025,,cpjqg4esn6oq24obqmfbj63h0,Giuseppe Collu,Pisa Sporting Club,AS Roma,M. Léris,0,0,0,1,0,0,0,0,3,0,0,0,0,0,0
19,30 Aug 2025,,cpjqg4esn6oq24obqmfbj63h0,Giuseppe Collu,Pisa Sporting Club,AS Roma,E. Ferguson,1,0,0,0,2,0,0,0,22,0,0,0,0,2,1
19,30 Aug 2025,,cpjqg4esn6oq24obqmfbj63h0,Giuseppe Collu,Pisa Sporting Club,AS Roma,B. Cristante,0,0,0,1,0,0,0,0,86,0,0,0,0,4,0
19,30 Aug 2025,,cpjqg4esn6oq24obqmfbj63h0,Giuseppe Collu,Pisa Sporting Club,AS Roma,M. Soulé,0,1,2,6,1,3,1,0,44,0,0,5,3,0,0
19,30 Aug 2025,,cpjqg4esn6oq24obqmfbj63h0,Giuseppe Collu,Pisa Sporting Club,AS Roma,Hermoso,0,1,0,0,0,0,0,0,59,0,0,1,0,1,0
19,30 Aug 2025,,cpjqg4esn6oq24obqmfbj63h0,Giuseppe Collu,Pisa Sporting Club,AS Roma,G. Mancini,0,0,0,0,0,2,0,0,43,0,0,0,0,2,0
19,30 Aug 2025,,cpjqg4esn6oq24obqmfbj63h0,Giuseppe Collu,Pisa Sporting Club,AS Roma,E. Ndicka,0,0,0,0,0,1,0,0,61,0,0,1,0,0,0
19,30 Aug 2025,,cpjqg4esn6oq24obqmfbj63h0,Giuseppe Collu,Pisa Sporting Club,AS Roma,M. Svilar,0,0,0,0,0,0,0,0,36,0,3,0,0,0,0
19,30 Aug 2025,,cpjqg4esn6oq24obqmfbj63h0,Giuseppe Collu,Pisa Sporting Club,AS Roma,M. Koné,0,0,0,0,3,2,0,0,54,0,0,0,0,2,0
19,30 Aug 2025,,cpjqg4esn6oq24obqmfbj63h0,Giuseppe Collu,Pisa Sporting Club,AS Roma,Angeliño,0,0,0,4,1,0,0,0,57,0,0,1,1,1,0
19,30 Aug 2025,,cpjqg4esn6oq24obqmfbj63h0,Giuseppe Collu,Pisa Sporting Club,AS Roma,Wesley,0,0,0,2,1,2,0,0,56,0,0,0,0,1,0
19,30 Aug 2025,,cpjqg4esn6oq24obqmfbj63h0,Giuseppe Collu,Pisa Sporting Club,AS Roma,S. El Shaarawy,0,0,0,2,1,1,0,1,21,0,0,0,0,1,0
19,30 Aug 2025,,cpjqg4esn6oq24obqmfbj63h0,Giuseppe Collu,Pisa Sporting Club,AS Roma,P. Dybala,0,1,4,12,0,2,0,0,26,0,0,1,0,1,0
19,30 Aug 2025,,cpjqg4esn6oq24obqmfbj63h0,Giuseppe Collu,Pisa Sporting Club,AS Roma,A. Dovbyk,0,0,1,0,1,1,0,0,9,0,0,1,1,1,0
19,30 Aug 2025,,cpjqg4esn6oq24obqmfbj63h0,Giuseppe Collu,Pisa Sporting Club,AS Roma,Z. Çelik,0,0,0,0,0,0,0,0,3,0,0,0,0,0,0
19,30 Aug 2025,,cpjqg4esn6oq24obqmfbj63h0,Giuseppe Collu,Pisa Sporting Club,AS Roma,N. El Aynaoui,0,0,0,0,0,0,0,0,3,0,0,0,0,0,0
19,30 Aug 2025,,cpjqg4esn6oq24obqmfbj63h0,Giuseppe Collu,Pisa Sporting Club,AS Roma,D. Rensch,0,0,0,0,0,0,0,0,1,0,0,0,0,0,0
20,31 Aug 2025,,cpxwneowcffpmb2wvwitp8x04,Rosario Abisso,Torino FC,ACF Fiorentina,C. Casadei,0,0,0,0,3,0,0,0,35,0,0,2,2,0,0
20,31 Aug 2025,,cpxwneowcffpmb2wvwitp8x04,Rosario Abisso,Torino FC,ACF Fiorentina,M. Pedersen,0,0,0,3,1,0,0,0,19,0,0,0,0,1,0
20,31 Aug 2025,,cpxwneowcffpmb2wvwitp8x04,Rosario Abisso,Torino FC,ACF Fiorentina,I. Ilić,0,0,0,0,1,0,0,0,28,0,0,0,0,3,0
20,31 Aug 2025,,cpxwneowcffpmb2wvwitp8x04,Rosario Abisso,Torino FC,ACF Fiorentina,G. Maripán,0,0,0,0,4,0,0,0,33,0,0,2,0,0,0
20,31 Aug 2025,,cpxwneowcffpmb2wvwitp8x04,Rosario Abisso,Torino FC,ACF Fiorentina,N. Vlašić,0,0,1,0,1,1,0,2,30,0,0,0,0,0,1
20,31 Aug 2025,,cpxwneowcffpmb2wvwitp8x04,Rosario Abisso,Torino FC,ACF Fiorentina,C. Biraghi,0,0,2,6,1,1,0,0,21,0,0,0,0,0,0
20,31 Aug 2025,,cpxwneowcffpmb2wvwitp8x04,Rosario Abisso,Torino FC,ACF Fiorentina,K. Asllani,0,0,0,4,0,1,0,0,29,0,0,0,0,2,0
20,31 Aug 2025,,cpxwneowcffpmb2wvwitp8x04,Rosario Abisso,Torino FC,ACF Fiorentina,F. Israel,0,0,0,0,0,0,0,0,34,0,3,0,0,0,0
20,31 Aug 2025,,cpxwneowcffpmb2wvwitp8x04,Rosario Abisso,Torino FC,ACF Fiorentina,Saúl Coco,0,0,0,0,2,1,0,0,10,0,0,0,0,1,0
20,31 Aug 2025,,cpxwneowcffpmb2wvwitp8x04,Rosario Abisso,Torino FC,ACF Fiorentina,G. Simeone,0,1,1,0,3,4,0,0,10,0,0,2,1,0,0
20,31 Aug 2025,,cpxwneowcffpmb2wvwitp8x04,Rosario Abisso,Torino FC,ACF Fiorentina,C. Ngonge,0,0,0,0,3,2,0,0,15,0,0,1,1,0,0
20,31 Aug 2025,,cpxwneowcffpmb2wvwitp8x04,Rosario Abisso,Torino FC,ACF Fiorentina,C. Adams,0,0,1,2,1,1,0,0,6,0,0,0,0,0,0
20,31 Aug 2025,,cpxwneowcffpmb2wvwitp8x04,Rosario Abisso,Torino FC,ACF Fiorentina,G. Gineitis,0,0,1,1,0,1,0,0,5,0,0,0,0,0,0
20,31 Aug 2025,,cpxwneowcffpmb2wvwitp8x04,Rosario Abisso,Torino FC,ACF Fiorentina,V. Lazaro,0,0,0,2,1,0,0,0,9,0,0,0,0,0,1
20,31 Aug 2025,,cpxwneowcffpmb2wvwitp8x04,Rosario Abisso,Torino FC,ACF Fiorentina,Z. Aboukhlal,0,0,1,0,0,1,0,0,4,0,0,0,0,0,0
20,31 Aug 2025,,cpxwneowcffpmb2wvwitp8x04,Rosario Abisso,Torino FC,ACF Fiorentina,A. Tamèze,0,0,0,0,0,0,0,0,4,0,0,0,0,0,0
20,31 Aug 2025,,cpxwneowcffpmb2wvwitp8x04,Rosario Abisso,Torino FC,ACF Fiorentina,A. Guðmundsson,0,1,1,3,1,1,0,0,18,0,0,1,0,0,0
20,31 Aug 2025,,cpxwneowcffpmb2wvwitp8x04,Rosario Abisso,Torino FC,ACF Fiorentina,M. Pongračić,0,0,0,0,2,2,0,0,63,0,0,0,0,0,1
20,31 Aug 2025,,cpxwneowcffpmb2wvwitp8x04,Rosario Abisso,Torino FC,ACF Fiorentina,R. Gosens,0,0,0,0,2,2,0,0,30,0,0,1,1,1,0
20,31 Aug 2025,,cpxwneowcffpmb2wvwitp8x04,Rosario Abisso,Torino FC,ACF Fiorentina,M. Kean,0,1,1,1,0,3,0,1,11,0,0,5,0,0,0
20,31 Aug 2025,,cpxwneowcffpmb2wvwitp8x04,Rosario Abisso,Torino FC,ACF Fiorentina,R. Mandragora,0,1,0,1,0,3,0,0,46,0,0,2,1,1,0
20,31 Aug 2025,,cpxwneowcffpmb2wvwitp8x04,Rosario Abisso,Torino FC,ACF Fiorentina,Dodô,0,0,0,4,2,4,0,0,19,0,0,2,1,1,0
20,31 Aug 2025,,cpxwneowcffpmb2wvwitp8x04,Rosario Abisso,Torino FC,ACF Fiorentina,David de Gea,0,0,0,0,0,0,0,0,21,0,4,0,0,0,0
20,31 Aug 2025,,cpxwneowcffpmb2wvwitp8x04,Rosario Abisso,Torino FC,ACF Fiorentina,L. Ranieri,0,0,0,1,0,1,0,0,42,0,0,1,0,3,0
20,31 Aug 2025,,cpxwneowcffpmb2wvwitp8x04,Rosario Abisso,Torino FC,ACF Fiorentina,S. Sohm,0,0,0,0,3,2,0,0,32,0,0,0,0,2,1
20,31 Aug 2025,,cpxwneowcffpmb2wvwitp8x04,Rosario Abisso,Torino FC,ACF Fiorentina,R. Piccoli,0,0,1,0,1,2,0,0,8,0,0,1,1,0,0
20,31 Aug 2025,,cpxwneowcffpmb2wvwitp8x04,Rosario Abisso,Torino FC,ACF Fiorentina,P. Comuzzo,0,0,0,0,0,0,0,0,19,0,0,1,0,1,0
20,31 Aug 2025,,cpxwneowcffpmb2wvwitp8x04,Rosario Abisso,Torino FC,ACF Fiorentina,N. Fagioli,0,0,0,1,1,0,0,0,27,0,0,1,0,0,0
20,31 Aug 2025,,cpxwneowcffpmb2wvwitp8x04,Rosario Abisso,Torino FC,ACF Fiorentina,E. Kouadio,0,0,0,0,1,0,0,0,13,0,0,0,0,2,0
20,31 Aug 2025,,cpxwneowcffpmb2wvwitp8x04,Rosario Abisso,Torino FC,ACF Fiorentina,C. Ndour,0,1,0,0,0,0,0,0,12,0,0,1,0,0,0
20,31 Aug 2025,,cpxwneowcffpmb2wvwitp8x04,Rosario Abisso,Torino FC,ACF Fiorentina,E. Džeko,0,0,0,0,0,0,0,0,3,0,0,0,0,0,0
20,31 Aug 2025,,cpxwneowcffpmb2wvwitp8x04,Rosario Abisso,Torino FC,ACF Fiorentina,J. Fazzini,0,0,0,0,0,0,0,0,5,0,0,0,0,0,0
21,14 Sep 2025,,cqdjyshnqqje3o55ba6jalono,Gianluca Manganiello,Atalanta Bergamasca Calcio,US Lecce,O. Kossounou,0,0,0,1,2,0,0,0,51,0,0,0,0,2,0
21,14 Sep 2025,,cqdjyshnqqje3o55ba6jalono,Gianluca Manganiello,Atalanta Bergamasca Calcio,US Lecce,N. Krstović,2,2,2,0,1,0,0,1,20,0,0,8,1,0,0
21,14 Sep 2025,,cqdjyshnqqje3o55ba6jalono,Gianluca Manganiello,Atalanta Bergamasca Calcio,US Lecce,K. Sulemana,0,1,1,1,1,0,0,0,25,0,0,1,0,1,0
21,14 Sep 2025,,cqdjyshnqqje3o55ba6jalono,Gianluca Manganiello,Atalanta Bergamasca Calcio,US Lecce,C. De Ketelaere,0,0,3,4,0,4,2,1,39,0,0,2,2,2,0
21,14 Sep 2025,,cqdjyshnqqje3o55ba6jalono,Gianluca Manganiello,Atalanta Bergamasca Calcio,US Lecce,R. Bellanova,0,0,1,6,1,0,0,0,35,0,0,1,1,0,0
21,14 Sep 2025,,cqdjyshnqqje3o55ba6jalono,Gianluca Manganiello,Atalanta Bergamasca Calcio,US Lecce,I. Hien,0,0,0,0,2,0,0,0,44,0,0,1,0,1,0
21,14 Sep 2025,,cqdjyshnqqje3o55ba6jalono,Gianluca Manganiello,Atalanta Bergamasca Calcio,US Lecce,M. Pašalić,0,0,1,0,0,1,0,0,39,0,0,1,1,1,0
21,14 Sep 2025,,cqdjyshnqqje3o55ba6jalono,Gianluca Manganiello,Atalanta Bergamasca Calcio,US Lecce,G. Scalvini,0,0,0,0,1,0,1,0,70,0,0,1,1,0,0
21,14 Sep 2025,,cqdjyshnqqje3o55ba6jalono,Gianluca Manganiello,Atalanta Bergamasca Calcio,US Lecce,N. Zalewski,1,0,0,9,1,1,1,0,20,0,0,2,1,1,0
21,14 Sep 2025,,cqdjyshnqqje3o55ba6jalono,Gianluca Manganiello,Atalanta Bergamasca Calcio,US Lecce,M. de Roon,0,0,0,0,1,1,0,0,35,0,0,1,1,2,0
21,14 Sep 2025,,cqdjyshnqqje3o55ba6jalono,Gianluca Manganiello,Atalanta Bergamasca Calcio,US Lecce,M. Carnesecchi,0,0,0,0,0,0,0,0,22,0,2,0,0,0,0
21,14 Sep 2025,,cqdjyshnqqje3o55ba6jalono,Gianluca Manganiello,Atalanta Bergamasca Calcio,US Lecce,M. Brescianini,0,0,0,1,1,0,0,0,17,0,0,0,0,1,0
21,14 Sep 2025,,cqdjyshnqqje3o55ba6jalono,Gianluca Manganiello,Atalanta Bergamasca Calcio,US Lecce,D. Maldini,0,0,0,0,0,0,0,0,10,0,0,0,0,1,0
21,14 Sep 2025,,cqdjyshnqqje3o55ba6jalono,Gianluca Manganiello,Atalanta Bergamasca Calcio,US Lecce,Y. Musah,0,0,0,0,1,0,0,1,15,0,0,0,0,0,0
21,14 Sep 2025,,cqdjyshnqqje3o55ba6jalono,Gianluca Manganiello,Atalanta Bergamasca Calcio,US Lecce,L. Samardžić,0,0,0,1,0,0,0,0,13,0,0,1,0,1,0
21,14 Sep 2025,,cqdjyshnqqje3o55ba6jalono,Gianluca Manganiello,Atalanta Bergamasca Calcio,US Lecce,L. Bernasconi,0,0,0,0,0,0,0,0,1,0,0,0,0,1,0
21,14 Sep 2025,,cqdjyshnqqje3o55ba6jalono,Gianluca Manganiello,Atalanta Bergamasca Calcio,US Lecce,Y. Ramadani,0,0,0,1,1,1,0,0,45,0,0,1,0,1,0
21,14 Sep 2025,,cqdjyshnqqje3o55ba6jalono,Gianluca Manganiello,Atalanta Bergamasca Calcio,US Lecce,W. Falcone,0,0,0,0,0,0,0,0,32,0,4,0,0,0,0
21,14 Sep 2025,,cqdjyshnqqje3o55ba6jalono,Gianluca Manganiello,Atalanta Bergamasca Calcio,US Lecce,N. Štulić,0,1,0,0,0,1,0,0,18,0,0,2,0,0,0
21,14 Sep 2025,,cqdjyshnqqje3o55ba6jalono,Gianluca Manganiello,Atalanta Bergamasca Calcio,US Lecce,Álex Sala,0,1,1,2,2,0,0,0,19,0,0,1,0,1,0
21,14 Sep 2025,,cqdjyshnqqje3o55ba6jalono,Gianluca Manganiello,Atalanta Bergamasca Calcio,US Lecce,J. Siebert,0,0,0,0,2,0,0,0,38,0,0,0,0,0,0
21,14 Sep 2025,,cqdjyshnqqje3o55ba6jalono,Gianluca Manganiello,Atalanta Bergamasca Calcio,US Lecce,O. Kouassi,0,0,0,1,0,1,0,0,27,0,0,0,0,4,0
21,14 Sep 2025,,cqdjyshnqqje3o55ba6jalono,Gianluca Manganiello,Atalanta Bergamasca Calcio,US Lecce,L. Coulibaly,0,0,0,1,1,1,0,0,37,0,0,0,0,2,0
21,14 Sep 2025,,cqdjyshnqqje3o55ba6jalono,Gianluca Manganiello,Atalanta Bergamasca Calcio,US Lecce,R. Sottil,0,0,0,0,0,2,0,1,12,0,0,1,0,0,0
21,14 Sep 2025,,cqdjyshnqqje3o55ba6jalono,Gianluca Manganiello,Atalanta Bergamasca Calcio,US Lecce,Kialonda Gaspar,0,0,0,0,0,2,0,0,25,0,0,0,0,1,0
21,14 Sep 2025,,cqdjyshnqqje3o55ba6jalono,Gianluca Manganiello,Atalanta Bergamasca Calcio,US Lecce,A. Gallo,0,0,0,2,0,0,0,0,40,0,0,0,0,0,0
21,14 Sep 2025,,cqdjyshnqqje3o55ba6jalono,Gianluca Manganiello,Atalanta Bergamasca Calcio,US Lecce,Tete Morente,0,1,0,2,1,2,0,0,36,0,0,2,1,0,0
21,14 Sep 2025,,cqdjyshnqqje3o55ba6jalono,Gianluca Manganiello,Atalanta Bergamasca Calcio,US Lecce,K. N’Dri,0,0,1,1,0,1,1,0,8,0,0,2,2,1,0
21,14 Sep 2025,,cqdjyshnqqje3o55ba6jalono,Gianluca Manganiello,Atalanta Bergamasca Calcio,US Lecce,S. Pierotti,0,0,0,0,0,0,0,0,11,0,0,0,0,1,0
21,14 Sep 2025,,cqdjyshnqqje3o55ba6jalono,Gianluca Manganiello,Atalanta Bergamasca Calcio,US Lecce,F. Camarda,0,2,0,0,0,1,0,0,3,0,0,2,0,0,0
21,14 Sep 2025,,cqdjyshnqqje3o55ba6jalono,Gianluca Manganiello,Atalanta Bergamasca Calcio,US Lecce,Danilo Veiga,1,0,0,2,0,0,0,0,4,0,0,0,0,1,0
21,14 Sep 2025,,cqdjyshnqqje3o55ba6jalono,Gianluca Manganiello,Atalanta Bergamasca Calcio,US Lecce,Tiago Gabriel,0,0,0,0,0,0,0,0,2,0,0,1,0,1,0
22,13 Sep 2025,,cqrnaavxgeypn5c4h3nvbayvo,Francesco Fourneau,Cagliari Calcio,Parma Calcio 1913,G. Zappa,0,0,0,0,2,0,0,0,30,0,0,0,0,1,1
22,13 Sep 2025,,cqrnaavxgeypn5c4h3nvbayvo,Francesco Fourneau,Cagliari Calcio,Parma Calcio 1913,G. Gaetano,0,1,1,4,1,2,0,0,27,0,0,2,0,0,0
22,13 Sep 2025,,cqrnaavxgeypn5c4h3nvbayvo,Francesco Fourneau,Cagliari Calcio,Parma Calcio 1913,A. Belotti,0,0,0,1,1,2,0,1,10,0,0,2,2,0,0
22,13 Sep 2025,,cqrnaavxgeypn5c4h3nvbayvo,Francesco Fourneau,Cagliari Calcio,Parma Calcio 1913,Y. Mina,0,0,0,0,1,1,1,0,50,0,0,1,1,0,0
22,13 Sep 2025,,cqrnaavxgeypn5c4h3nvbayvo,Francesco Fourneau,Cagliari Calcio,Parma Calcio 1913,E. Caprile,0,0,0,0,0,1,0,0,34,0,6,0,0,0,0
22,13 Sep 2025,,cqrnaavxgeypn5c4h3nvbayvo,Francesco Fourneau,Cagliari Calcio,Parma Calcio 1913,M. Folorunsho,0,1,0,2,1,4,0,1,23,0,0,3,0,2,0
22,13 Sep 2025,,cqrnaavxgeypn5c4h3nvbayvo,Francesco Fourneau,Cagliari Calcio,Parma Calcio 1913,M. Adopo,0,0,0,0,2,0,0,0,35,0,0,1,1,1,0
22,13 Sep 2025,,cqrnaavxgeypn5c4h3nvbayvo,Francesco Fourneau,Cagliari Calcio,Parma Calcio 1913,S. Esposito,0,1,2,3,1,3,0,1,35,0,0,1,0,3,1
22,13 Sep 2025,,cqrnaavxgeypn5c4h3nvbayvo,Francesco Fourneau,Cagliari Calcio,Parma Calcio 1913,A. Obert,0,0,0,2,3,0,0,0,50,0,0,0,0,0,0
22,13 Sep 2025,,cqrnaavxgeypn5c4h3nvbayvo,Francesco Fourneau,Cagliari Calcio,Parma Calcio 1913,S. Luperto,0,0,0,0,0,2,0,0,39,0,0,0,0,1,0
22,13 Sep 2025,,cqrnaavxgeypn5c4h3nvbayvo,Francesco Fourneau,Cagliari Calcio,Parma Calcio 1913,M. Prati,0,1,0,0,0,0,0,0,33,0,0,1,0,1,0
22,13 Sep 2025,,cqrnaavxgeypn5c4h3nvbayvo,Francesco Fourneau,Cagliari Calcio,Parma Calcio 1913,A. Deiola,0,0,0,0,1,1,0,0,7,0,0,0,0,1,1
22,13 Sep 2025,,cqrnaavxgeypn5c4h3nvbayvo,Francesco Fourneau,Cagliari Calcio,Parma Calcio 1913,M. Palestra,0,0,1,0,0,0,0,0,10,0,0,0,0,1,0
22,13 Sep 2025,,cqrnaavxgeypn5c4h3nvbayvo,Francesco Fourneau,Cagliari Calcio,Parma Calcio 1913,M. Felici,0,0,0,1,0,1,1,0,5,0,0,1,1,1,0
22,13 Sep 2025,,cqrnaavxgeypn5c4h3nvbayvo,Francesco Fourneau,Cagliari Calcio,Parma Calcio 1913,G. Borrelli,0,0,0,0,2,0,0,0,6,0,0,0,0,2,0
22,13 Sep 2025,,cqrnaavxgeypn5c4h3nvbayvo,Francesco Fourneau,Cagliari Calcio,Parma Calcio 1913,Zé Pedro,0,0,0,0,0,0,0,0,2,0,0,0,0,0,0
22,13 Sep 2025,,cqrnaavxgeypn5c4h3nvbayvo,Francesco Fourneau,Cagliari Calcio,Parma Calcio 1913,Adrián Bernabé,0,2,0,1,0,4,0,0,50,0,0,3,0,3,0
22,13 Sep 2025,,cqrnaavxgeypn5c4h3nvbayvo,Francesco Fourneau,Cagliari Calcio,Parma Calcio 1913,Z. Suzuki,0,0,0,0,0,0,0,0,23,0,3,0,0,0,0
22,13 Sep 2025,,cqrnaavxgeypn5c4h3nvbayvo,Francesco Fourneau,Cagliari Calcio,Parma Calcio 1913,O. Sørensen,0,0,0,0,2,1,0,0,25,0,0,0,0,2,0
22,13 Sep 2025,,cqrnaavxgeypn5c4h3nvbayvo,Francesco Fourneau,Cagliari Calcio,Parma Calcio 1913,C. Ordoñez,0,0,0,1,3,0,0,0,14,0,0,0,0,0,1
22,13 Sep 2025,,cqrnaavxgeypn5c4h3nvbayvo,Francesco Fourneau,Cagliari Calcio,Parma Calcio 1913,P. Cutrone,0,2,3,3,1,1,0,0,15,0,0,6,3,0,0
22,13 Sep 2025,,cqrnaavxgeypn5c4h3nvbayvo,Francesco Fourneau,Cagliari Calcio,Parma Calcio 1913,M. Løvik,0,0,0,2,1,1,0,0,17,0,0,0,0,2,0
22,13 Sep 2025,,cqrnaavxgeypn5c4h3nvbayvo,Francesco Fourneau,Cagliari Calcio,Parma Calcio 1913,E. Delprato,0,0,0,2,1,0,0,0,51,0,0,0,0,3,0
22,13 Sep 2025,,cqrnaavxgeypn5c4h3nvbayvo,Francesco Fourneau,Cagliari Calcio,Parma Calcio 1913,E. Valeri,0,1,1,8,1,2,0,0,29,0,0,1,0,4,0
22,13 Sep 2025,,cqrnaavxgeypn5c4h3nvbayvo,Francesco Fourneau,Cagliari Calcio,Parma Calcio 1913,A. Circati,0,0,0,0,4,2,0,0,57,0,0,0,0,1,0
22,13 Sep 2025,,cqrnaavxgeypn5c4h3nvbayvo,Francesco Fourneau,Cagliari Calcio,Parma Calcio 1913,A. Ndiaye,0,0,1,0,0,1,0,0,50,0,0,2,0,2,0
22,13 Sep 2025,,cqrnaavxgeypn5c4h3nvbayvo,Francesco Fourneau,Cagliari Calcio,Parma Calcio 1913,M. Pellegrino,0,0,0,0,2,0,0,0,10,0,0,2,2,1,0
22,13 Sep 2025,,cqrnaavxgeypn5c4h3nvbayvo,Francesco Fourneau,Cagliari Calcio,Parma Calcio 1913,G. Oristanio,0,1,0,1,0,2,0,0,10,0,0,2,0,2,0
22,13 Sep 2025,,cqrnaavxgeypn5c4h3nvbayvo,Francesco Fourneau,Cagliari Calcio,Parma Calcio 1913,P. Almqvist,0,0,0,0,1,1,0,0,10,0,0,0,0,0,0
22,13 Sep 2025,,cqrnaavxgeypn5c4h3nvbayvo,Francesco Fourneau,Cagliari Calcio,Parma Calcio 1913,N. Estévez,0,0,0,2,1,0,0,0,6,0,0,0,0,0,0
22,13 Sep 2025,,cqrnaavxgeypn5c4h3nvbayvo,Francesco Fourneau,Cagliari Calcio,Parma Calcio 1913,M. Keita,0,0,0,0,1,0,0,0,5,0,0,0,0,0,0
22,13 Sep 2025,,cqrnaavxgeypn5c4h3nvbayvo,Francesco Fourneau,Cagliari Calcio,Parma Calcio 1913,M. Đurić,0,1,0,0,0,0,0,0,3,0,0,1,0,0,0
23,15 Sep 2025,,cr5ncddam0hu23i7vmkh4syl0,Marco Piccinini,Calcio Como 1907,Genoa CFC,Álvaro Morata,1,0,0,1,1,3,0,0,19,0,0,2,0,1,0
23,15 Sep 2025,,cr5ncddam0hu23i7vmkh4syl0,Marco Piccinini,Calcio Como 1907,Genoa CFC,N. Kühn,0,1,0,2,0,1,0,0,18,0,0,2,1,1,0
23,15 Sep 2025,,cr5ncddam0hu23i7vmkh4syl0,Marco Piccinini,Calcio Como 1907,Genoa CFC,M. Vojvoda,0,0,0,2,0,0,0,0,39,0,0,1,1,0,0
23,15 Sep 2025,,cr5ncddam0hu23i7vmkh4syl0,Marco Piccinini,Calcio Como 1907,Genoa CFC,Jacobo Ramón,0,1,0,0,1,1,0,0,49,1,0,1,0,1,0
23,15 Sep 2025,,cr5ncddam0hu23i7vmkh4syl0,Marco Piccinini,Calcio Como 1907,Genoa CFC,M. Kempf,0,0,0,0,2,3,0,0,66,0,0,0,0,1,0
23,15 Sep 2025,,cr5ncddam0hu23i7vmkh4syl0,Marco Piccinini,Calcio Como 1907,Genoa CFC,Jesús Rodríguez,0,0,0,1,0,1,0,0,18,0,0,1,1,1,0
23,15 Sep 2025,,cr5ncddam0hu23i7vmkh4syl0,Marco Piccinini,Calcio Como 1907,Genoa CFC,Álex Valle,0,0,0,0,3,2,0,0,52,0,0,0,0,2,1
23,15 Sep 2025,,cr5ncddam0hu23i7vmkh4syl0,Marco Piccinini,Calcio Como 1907,Genoa CFC,L. da Cunha,0,0,0,1,0,0,0,0,44,0,0,0,0,1,0
23,15 Sep 2025,,cr5ncddam0hu23i7vmkh4syl0,Marco Piccinini,Calcio Como 1907,Genoa CFC,N. Paz,0,2,1,0,2,3,1,0,35,0,0,3,1,1,0
23,15 Sep 2025,,cr5ncddam0hu23i7vmkh4syl0,Marco Piccinini,Calcio Como 1907,Genoa CFC,J. Butez,0,0,0,0,0,1,0,0,44,0,4,0,0,0,0
23,15 Sep 2025,,cr5ncddam0hu23i7vmkh4syl0,Marco Piccinini,Calcio Como 1907,Genoa CFC,M. Caqueret,0,0,0,0,0,1,0,0,34,0,0,1,0,4,0
23,15 Sep 2025,,cr5ncddam0hu23i7vmkh4syl0,Marco Piccinini,Calcio Como 1907,Genoa CFC,M. Perrone,0,0,0,0,1,0,0,0,14,0,0,0,0,0,0
23,15 Sep 2025,,cr5ncddam0hu23i7vmkh4syl0,Marco Piccinini,Calcio Como 1907,Genoa CFC,T. Douvikas,0,1,0,0,1,1,0,0,6,0,0,1,0,1,0
23,15 Sep 2025,,cr5ncddam0hu23i7vmkh4syl0,Marco Piccinini,Calcio Como 1907,Genoa CFC,Sergi Roberto,0,0,0,0,2,0,0,0,11,0,0,0,0,0,1
23,15 Sep 2025,,cr5ncddam0hu23i7vmkh4syl0,Marco Piccinini,Calcio Como 1907,Genoa CFC,J. Addai,0,1,0,0,0,0,0,0,2,0,0,1,0,1,0
23,15 Sep 2025,,cr5ncddam0hu23i7vmkh4syl0,Marco Piccinini,Calcio Como 1907,Genoa CFC,M. Baturina,0,0,0,0,0,0,0,0,1,0,0,0,0,0,0
23,15 Sep 2025,,cr5ncddam0hu23i7vmkh4syl0,Marco Piccinini,Calcio Como 1907,Genoa CFC,M. Frendrup,0,0,1,1,0,0,0,0,31,0,0,0,0,7,0
23,15 Sep 2025,,cr5ncddam0hu23i7vmkh4syl0,Marco Piccinini,Calcio Como 1907,Genoa CFC,R. Malinovskyi,0,1,0,1,3,3,0,0,35,0,0,1,0,0,1
23,15 Sep 2025,,cr5ncddam0hu23i7vmkh4syl0,Marco Piccinini,Calcio Como 1907,Genoa CFC,L. Colombo,0,1,1,0,2,3,0,0,15,0,0,2,1,1,0
23,15 Sep 2025,,cr5ncddam0hu23i7vmkh4syl0,Marco Piccinini,Calcio Como 1907,Genoa CFC,B. Norton-Cuffy,0,0,2,3,2,1,0,0,39,0,0,1,1,2,0
23,15 Sep 2025,,cr5ncddam0hu23i7vmkh4syl0,Marco Piccinini,Calcio Como 1907,Genoa CFC,Aarón Martín,0,0,0,11,0,0,0,0,37,0,0,0,0,3,0
23,15 Sep 2025,,cr5ncddam0hu23i7vmkh4syl0,Marco Piccinini,Calcio Como 1907,Genoa CFC,L. Østigård,0,2,2,0,5,0,0,0,51,0,0,2,0,1,1
23,15 Sep 2025,,cr5ncddam0hu23i7vmkh4syl0,Marco Piccinini,Calcio Como 1907,Genoa CFC,M. Ellertsson,0,0,0,0,0,0,0,0,11,0,0,1,1,2,0
23,15 Sep 2025,,cr5ncddam0hu23i7vmkh4syl0,Marco Piccinini,Calcio Como 1907,Genoa CFC,S. Sabelli,0,0,1,1,0,0,0,0,22,0,0,0,0,4,0
23,15 Sep 2025,,cr5ncddam0hu23i7vmkh4syl0,Marco Piccinini,Calcio Como 1907,Genoa CFC,P. Masini,0,1,1,0,4,2,0,0,46,0,0,2,1,6,0
23,15 Sep 2025,,cr5ncddam0hu23i7vmkh4syl0,Marco Piccinini,Calcio Como 1907,Genoa CFC,J. Vásquez,0,1,0,0,0,0,0,0,48,0,0,2,1,1,0
23,15 Sep 2025,,cr5ncddam0hu23i7vmkh4syl0,Marco Piccinini,Calcio Como 1907,Genoa CFC,N. Leali,0,0,0,0,0,0,0,0,24,0,3,0,0,0,0
23,15 Sep 2025,,cr5ncddam0hu23i7vmkh4syl0,Marco Piccinini,Calcio Como 1907,Genoa CFC,Junior Messias,0,0,0,1,1,2,0,0,11,0,0,0,0,1,0
23,15 Sep 2025,,cr5ncddam0hu23i7vmkh4syl0,Marco Piccinini,Calcio Como 1907,Genoa CFC,V. Carboni,0,0,0,0,0,0,0,0,17,0,0,0,0,2,0
23,15 Sep 2025,,cr5ncddam0hu23i7vmkh4syl0,Marco Piccinini,Calcio Como 1907,Genoa CFC,C. Ekuban,0,0,0,0,0,0,1,0,8,0,0,1,1,0,0
23,15 Sep 2025,,cr5ncddam0hu23i7vmkh4syl0,Marco Piccinini,Calcio Como 1907,Genoa CFC,J. Ekhator,0,0,0,0,0,1,0,0,1,0,0,0,0,0,0
24,13 Sep 2025,,crjn81u7zfyuq3acjvddvhedw,Luca Zufferli,ACF Fiorentina,SSC Napoli,R. Mandragora,0,2,2,3,1,1,0,0,40,0,0,4,1,0,0
24,13 Sep 2025,,crjn81u7zfyuq3acjvddvhedw,Luca Zufferli,ACF Fiorentina,SSC Napoli,David de Gea,0,0,0,0,0,0,0,0,35,0,5,0,0,0,0
24,13 Sep 2025,,crjn81u7zfyuq3acjvddvhedw,Luca Zufferli,ACF Fiorentina,SSC Napoli,E. Džeko,0,1,0,0,1,0,0,0,18,0,0,1,0,1,0
24,13 Sep 2025,,crjn81u7zfyuq3acjvddvhedw,Luca Zufferli,ACF Fiorentina,SSC Napoli,M. Pongračić,0,0,0,0,5,1,0,0,50,0,0,0,0,0,0
24,13 Sep 2025,,crjn81u7zfyuq3acjvddvhedw,Luca Zufferli,ACF Fiorentina,SSC Napoli,S. Sohm,0,0,0,0,1,2,0,0,33,0,0,0,0,2,0
24,13 Sep 2025,,crjn81u7zfyuq3acjvddvhedw,Luca Zufferli,ACF Fiorentina,SSC Napoli,R. Gosens,0,1,1,2,1,1,0,0,45,0,0,2,0,3,0
24,13 Sep 2025,,crjn81u7zfyuq3acjvddvhedw,Luca Zufferli,ACF Fiorentina,SSC Napoli,L. Ranieri,0,1,1,2,0,0,1,0,59,0,0,2,1,1,0
24,13 Sep 2025,,crjn81u7zfyuq3acjvddvhedw,Luca Zufferli,ACF Fiorentina,SSC Napoli,P. Comuzzo,0,1,1,0,2,0,0,0,42,0,0,1,0,2,0
24,13 Sep 2025,,crjn81u7zfyuq3acjvddvhedw,Luca Zufferli,ACF Fiorentina,SSC Napoli,Dodô,0,0,2,9,0,0,0,0,36,0,0,1,0,1,0
24,13 Sep 2025,,crjn81u7zfyuq3acjvddvhedw,Luca Zufferli,ACF Fiorentina,SSC Napoli,M. Kean,0,0,0,0,2,5,0,0,6,0,0,4,0,1,0
24,13 Sep 2025,,crjn81u7zfyuq3acjvddvhedw,Luca Zufferli,ACF Fiorentina,SSC Napoli,N. Fagioli,0,0,0,1,0,1,0,0,38,0,0,0,0,0,0
24,13 Sep 2025,,crjn81u7zfyuq3acjvddvhedw,Luca Zufferli,ACF Fiorentina,SSC Napoli,R. Piccoli,0,2,0,1,0,1,0,0,11,0,0,4,1,0,0
24,13 Sep 2025,,crjn81u7zfyuq3acjvddvhedw,Luca Zufferli,ACF Fiorentina,SSC Napoli,J. Fazzini,0,0,1,1,0,1,0,0,12,0,0,0,0,0,0
24,13 Sep 2025,,crjn81u7zfyuq3acjvddvhedw,Luca Zufferli,ACF Fiorentina,SSC Napoli,H. Nicolussi,0,0,0,3,1,0,0,0,23,0,0,0,0,1,0
24,13 Sep 2025,,crjn81u7zfyuq3acjvddvhedw,Luca Zufferli,ACF Fiorentina,SSC Napoli,T. Lamptey,0,0,0,1,0,0,0,0,7,0,0,0,0,1,0
24,13 Sep 2025,,crjn81u7zfyuq3acjvddvhedw,Luca Zufferli,ACF Fiorentina,SSC Napoli,M. Viti,0,0,0,0,0,1,0,0,1,0,0,0,0,0,0
24,13 Sep 2025,,crjn81u7zfyuq3acjvddvhedw,Luca Zufferli,ACF Fiorentina,SSC Napoli,F. Anguissa,1,0,0,1,1,2,0,0,49,0,0,1,0,1,0
24,13 Sep 2025,,crjn81u7zfyuq3acjvddvhedw,Luca Zufferli,ACF Fiorentina,SSC Napoli,K. De Bruyne,0,0,1,2,1,0,1,0,33,0,0,2,2,0,0
24,13 Sep 2025,,crjn81u7zfyuq3acjvddvhedw,Luca Zufferli,ACF Fiorentina,SSC Napoli,G. Di Lorenzo,0,0,0,0,1,1,0,0,46,0,0,1,1,3,0
24,13 Sep 2025,,crjn81u7zfyuq3acjvddvhedw,Luca Zufferli,ACF Fiorentina,SSC Napoli,R. Højlund,0,0,0,0,1,4,1,0,17,0,0,2,2,0,0
24,13 Sep 2025,,crjn81u7zfyuq3acjvddvhedw,Luca Zufferli,ACF Fiorentina,SSC Napoli,M. Politano,0,2,1,6,1,0,0,0,20,0,0,4,1,1,0
24,13 Sep 2025,,crjn81u7zfyuq3acjvddvhedw,Luca Zufferli,ACF Fiorentina,SSC Napoli,S. Beukema,0,0,0,0,1,0,1,0,37,0,0,1,1,1,0
24,13 Sep 2025,,crjn81u7zfyuq3acjvddvhedw,Luca Zufferli,ACF Fiorentina,SSC Napoli,L. Spinazzola,1,0,1,1,0,0,0,0,32,0,0,0,0,1,0
24,13 Sep 2025,,crjn81u7zfyuq3acjvddvhedw,Luca Zufferli,ACF Fiorentina,SSC Napoli,A. Buongiorno,0,0,0,0,4,0,0,0,39,0,0,0,0,3,0
24,13 Sep 2025,,crjn81u7zfyuq3acjvddvhedw,Luca Zufferli,ACF Fiorentina,SSC Napoli,S. Lobotka,0,0,0,0,2,0,0,0,55,0,0,0,0,1,0
24,13 Sep 2025,,crjn81u7zfyuq3acjvddvhedw,Luca Zufferli,ACF Fiorentina,SSC Napoli,S. McTominay,0,0,0,0,1,5,0,0,29,0,0,1,1,1,0
24,13 Sep 2025,,crjn81u7zfyuq3acjvddvhedw,Luca Zufferli,ACF Fiorentina,SSC Napoli,V. Milinković-Savić,0,0,0,0,0,1,0,0,31,0,2,0,0,0,0
24,13 Sep 2025,,crjn81u7zfyuq3acjvddvhedw,Luca Zufferli,ACF Fiorentina,SSC Napoli,David Neres,0,1,2,2,0,0,0,0,12,0,0,1,0,2,0
24,13 Sep 2025,,crjn81u7zfyuq3acjvddvhedw,Luca Zufferli,ACF Fiorentina,SSC Napoli,M. Olivera,0,0,0,0,0,0,0,0,12,0,0,0,0,0,0
24,13 Sep 2025,,crjn81u7zfyuq3acjvddvhedw,Luca Zufferli,ACF Fiorentina,SSC Napoli,E. Elmas,0,0,0,0,0,0,0,0,3,0,0,1,1,0,0
24,13 Sep 2025,,crjn81u7zfyuq3acjvddvhedw,Luca Zufferli,ACF Fiorentina,SSC Napoli,L. Lucca,0,0,0,0,1,0,0,0,4,0,0,0,0,0,0
24,13 Sep 2025,,crjn81u7zfyuq3acjvddvhedw,Luca Zufferli,ACF Fiorentina,SSC Napoli,B. Gilmour,0,0,0,0,0,0,0,0,0,0,0,0,0,0,0
25,13 Sep 2025,,crxnwayoksm2qllunbop37w9g,Andrea Colombo,Juventus FC,FC Internazionale Milano,D. Vlahović,0,1,1,0,2,2,0,0,5,0,0,2,0,0,0
25,13 Sep 2025,,crxnwayoksm2qllunbop37w9g,Andrea Colombo,Juventus FC,FC Internazionale Milano,M. Di Gregorio,0,0,0,0,0,0,0,0,22,0,1,0,0,0,0
25,13 Sep 2025,,crxnwayoksm2qllunbop37w9g,Andrea Colombo,Juventus FC,FC Internazionale Milano,L. Kelly,0,0,0,0,2,1,1,0,51,0,0,1,1,2,0
25,13 Sep 2025,,crxnwayoksm2qllunbop37w9g,Andrea Colombo,Juventus FC,FC Internazionale Milano,F. Gatti,0,0,0,0,2,2,0,0,31,0,0,0,0,0,0
25,13 Sep 2025,,crxnwayoksm2qllunbop37w9g,Andrea Colombo,Juventus FC,FC Internazionale Milano,K. Thuram,0,0,0,0,0,1,1,0,42,0,0,1,1,1,0
25,13 Sep 2025,,crxnwayoksm2qllunbop37w9g,Andrea Colombo,Juventus FC,FC Internazionale Milano,M. Locatelli,0,2,2,1,1,0,0,0,37,0,0,2,0,6,1
25,13 Sep 2025,,crxnwayoksm2qllunbop37w9g,Andrea Colombo,Juventus FC,FC Internazionale Milano,T. Koopmeiners,0,0,0,5,3,0,0,0,21,0,0,1,0,1,1
25,13 Sep 2025,,crxnwayoksm2qllunbop37w9g,Andrea Colombo,Juventus FC,FC Internazionale Milano,P. Kalulu,0,1,0,1,0,1,0,0,30,0,0,1,0,3,0
25,13 Sep 2025,,crxnwayoksm2qllunbop37w9g,Andrea Colombo,Juventus FC,FC Internazionale Milano,Bremer,2,0,0,0,1,0,0,0,40,0,0,0,0,0,0
25,13 Sep 2025,,crxnwayoksm2qllunbop37w9g,Andrea Colombo,Juventus FC,FC Internazionale Milano,K. Yıldız,1,0,1,2,0,1,1,0,31,0,0,1,1,0,0
25,13 Sep 2025,,crxnwayoksm2qllunbop37w9g,Andrea Colombo,Juventus FC,FC Internazionale Milano,W. McKennie,0,0,1,1,2,0,0,0,22,0,0,0,0,3,0
25,13 Sep 2025,,crxnwayoksm2qllunbop37w9g,Andrea Colombo,Juventus FC,FC Internazionale Milano,L. Openda,0,1,0,0,0,2,0,1,4,0,0,1,0,0,0
25,13 Sep 2025,,crxnwayoksm2qllunbop37w9g,Andrea Colombo,Juventus FC,FC Internazionale Milano,J. Cabal,0,0,0,0,0,0,0,0,4,0,0,1,0,1,0
25,13 Sep 2025,,crxnwayoksm2qllunbop37w9g,Andrea Colombo,Juventus FC,FC Internazionale Milano,V. Adžić,0,0,0,0,1,0,1,0,7,0,0,1,1,0,0
25,13 Sep 2025,,crxnwayoksm2qllunbop37w9g,Andrea Colombo,Juventus FC,FC Internazionale Milano,J. David,1,0,0,0,0,0,0,0,5,0,0,0,0,0,0
25,13 Sep 2025,,crxnwayoksm2qllunbop37w9g,Andrea Colombo,Juventus FC,FC Internazionale Milano,João Mário,0,0,0,0,0,0,0,0,5,0,0,0,0,0,0
25,13 Sep 2025,,crxnwayoksm2qllunbop37w9g,Andrea Colombo,Juventus FC,FC Internazionale Milano,Carlos Augusto,1,0,1,1,0,1,0,0,21,0,0,0,0,0,0
25,13 Sep 2025,,crxnwayoksm2qllunbop37w9g,Andrea Colombo,Juventus FC,FC Internazionale Milano,H. Çalhanoğlu,0,1,0,4,1,1,2,0,80,0,0,6,3,1,0
25,13 Sep 2025,,crxnwayoksm2qllunbop37w9g,Andrea Colombo,Juventus FC,FC Internazionale Milano,H. Mkhitaryan,0,0,0,1,2,2,0,0,50,0,0,1,0,3,1
25,13 Sep 2025,,crxnwayoksm2qllunbop37w9g,Andrea Colombo,Juventus FC,FC Internazionale Milano,A. Bastoni,0,0,1,7,2,0,0,0,77,0,0,2,0,0,0
25,13 Sep 2025,,crxnwayoksm2qllunbop37w9g,Andrea Colombo,Juventus FC,FC Internazionale Milano,F. Acerbi,0,0,0,1,2,1,0,0,64,0,0,0,0,0,1
25,13 Sep 2025,,crxnwayoksm2qllunbop37w9g,Andrea Colombo,Juventus FC,FC Internazionale Milano,M. Akanji,0,1,1,1,0,2,0,0,88,0,0,1,0,0,0
25,13 Sep 2025,,crxnwayoksm2qllunbop37w9g,Andrea Colombo,Juventus FC,FC Internazionale Milano,N. Barella,0,2,1,6,1,0,0,0,36,0,0,3,0,2,0
25,13 Sep 2025,,crxnwayoksm2qllunbop37w9g,Andrea Colombo,Juventus FC,FC Internazionale Milano,L. Martínez,0,0,0,0,2,3,0,0,10,0,0,0,0,0,0
25,13 Sep 2025,,crxnwayoksm2qllunbop37w9g,Andrea Colombo,Juventus FC,FC Internazionale Milano,M. Thuram,0,1,1,1,0,1,1,0,20,0,0,4,1,0,0
25,13 Sep 2025,,crxnwayoksm2qllunbop37w9g,Andrea Colombo,Juventus FC,FC Internazionale Milano,D. Dumfries,0,1,1,2,0,2,0,0,15,0,0,1,0,1,0
25,13 Sep 2025,,crxnwayoksm2qllunbop37w9g,Andrea Colombo,Juventus FC,FC Internazionale Milano,Y. Sommer,0,0,0,0,0,0,0,0,17,0,0,0,0,0,0
25,13 Sep 2025,,crxnwayoksm2qllunbop37w9g,Andrea Colombo,Juventus FC,FC Internazionale Milano,A. Bonny,0,0,0,0,0,1,0,0,5,0,0,0,0,2,0
25,13 Sep 2025,,crxnwayoksm2qllunbop37w9g,Andrea Colombo,Juventus FC,FC Internazionale Milano,P. Zieliński,1,0,0,0,0,0,0,0,5,0,0,0,0,0,0
25,13 Sep 2025,,crxnwayoksm2qllunbop37w9g,Andrea Colombo,Juventus FC,FC Internazionale Milano,F. Dimarco,1,0,3,7,0,0,0,0,9,0,0,0,0,0,0
25,13 Sep 2025,,crxnwayoksm2qllunbop37w9g,Andrea Colombo,Juventus FC,FC Internazionale Milano,M. Darmian,0,0,0,1,0,0,0,1,1,0,0,0,0,0,0
25,13 Sep 2025,,crxnwayoksm2qllunbop37w9g,Andrea Colombo,Juventus FC,FC Internazionale Milano,P. Sučić,0,0,0,0,0,0,0,0,5,0,0,0,0,0,0
26,14 Sep 2025,,csbw81x78eyi6bravqqmf8ljo,Matteo Marcenaro,AC Milan,Bologna FC 1909,P. Estupiñán,0,0,1,2,2,1,0,1,37,0,0,1,0,1,1
26,14 Sep 2025,,csbw81x78eyi6bravqqmf8ljo,Matteo Marcenaro,AC Milan,Bologna FC 1909,Y. Fofana,0,0,0,0,2,0,0,0,20,0,0,0,0,0,0
26,14 Sep 2025,,csbw81x78eyi6bravqqmf8ljo,Matteo Marcenaro,AC Milan,Bologna FC 1909,M. Maignan,0,0,0,0,0,0,0,0,27,0,0,0,0,0,0
26,14 Sep 2025,,csbw81x78eyi6bravqqmf8ljo,Matteo Marcenaro,AC Milan,Bologna FC 1909,A. Saelemaekers,1,1,0,1,3,3,0,1,30,0,0,1,0,2,1
26,14 Sep 2025,,csbw81x78eyi6bravqqmf8ljo,Matteo Marcenaro,AC Milan,Bologna FC 1909,S. Giménez,0,0,2,0,0,0,0,0,8,0,0,5,2,1,0
26,14 Sep 2025,,csbw81x78eyi6bravqqmf8ljo,Matteo Marcenaro,AC Milan,Bologna FC 1909,F. Tomori,0,0,0,0,2,0,0,0,37,0,0,0,0,2,1
26,14 Sep 2025,,csbw81x78eyi6bravqqmf8ljo,Matteo Marcenaro,AC Milan,Bologna FC 1909,M. Gabbia,0,0,0,0,1,1,0,0,25,0,0,0,0,0,0
26,14 Sep 2025,,csbw81x78eyi6bravqqmf8ljo,Matteo Marcenaro,AC Milan,Bologna FC 1909,S. Pavlović,0,0,0,0,1,0,0,0,25,0,0,0,0,0,0
26,14 Sep 2025,,csbw81x78eyi6bravqqmf8ljo,Matteo Marcenaro,AC Milan,Bologna FC 1909,L. Modrić,0,1,1,9,0,3,1,0,45,0,0,2,1,4,0
26,14 Sep 2025,,csbw81x78eyi6bravqqmf8ljo,Matteo Marcenaro,AC Milan,Bologna FC 1909,R. Loftus-Cheek,0,0,2,1,2,0,0,0,10,0,0,1,0,0,0
26,14 Sep 2025,,csbw81x78eyi6bravqqmf8ljo,Matteo Marcenaro,AC Milan,Bologna FC 1909,A. Rabiot,0,1,1,1,4,3,0,0,27,0,0,1,0,4,0
26,14 Sep 2025,,csbw81x78eyi6bravqqmf8ljo,Matteo Marcenaro,AC Milan,Bologna FC 1909,K. De Winter,0,0,0,0,0,1,0,0,15,0,0,1,0,0,0
26,14 Sep 2025,,csbw81x78eyi6bravqqmf8ljo,Matteo Marcenaro,AC Milan,Bologna FC 1909,P. Terracciano,0,0,0,0,0,0,0,0,7,0,0,0,0,0,0
26,14 Sep 2025,,csbw81x78eyi6bravqqmf8ljo,Matteo Marcenaro,AC Milan,Bologna FC 1909,C. Pulišić,0,0,0,0,0,1,0,0,10,0,0,0,0,0,0
26,14 Sep 2025,,csbw81x78eyi6bravqqmf8ljo,Matteo Marcenaro,AC Milan,Bologna FC 1909,S. Ricci,0,1,0,0,0,1,0,0,10,0,0,2,0,0,0
26,14 Sep 2025,,csbw81x78eyi6bravqqmf8ljo,Matteo Marcenaro,AC Milan,Bologna FC 1909,C. Nkunku,0,0,0,0,0,2,0,0,3,0,0,0,0,0,0
26,14 Sep 2025,,csbw81x78eyi6bravqqmf8ljo,Matteo Marcenaro,AC Milan,Bologna FC 1909,S. Castro,0,0,0,1,0,2,0,0,10,0,0,0,0,0,0
26,14 Sep 2025,,csbw81x78eyi6bravqqmf8ljo,Matteo Marcenaro,AC Milan,Bologna FC 1909,Ł. Skorupski,0,0,0,0,0,1,0,0,58,0,2,0,0,0,1
26,14 Sep 2025,,csbw81x78eyi6bravqqmf8ljo,Matteo Marcenaro,AC Milan,Bologna FC 1909,T. Heggem,0,0,0,0,2,0,0,0,59,0,0,0,0,2,0
26,14 Sep 2025,,csbw81x78eyi6bravqqmf8ljo,Matteo Marcenaro,AC Milan,Bologna FC 1909,N. Zortea,0,0,0,1,0,1,0,0,42,0,0,1,0,2,0
26,14 Sep 2025,,csbw81x78eyi6bravqqmf8ljo,Matteo Marcenaro,AC Milan,Bologna FC 1909,R. Orsolini,0,1,0,2,0,1,0,0,11,0,0,1,0,1,0
26,14 Sep 2025,,csbw81x78eyi6bravqqmf8ljo,Matteo Marcenaro,AC Milan,Bologna FC 1909,J. Lucumí,0,0,0,0,2,1,0,0,80,0,0,0,0,5,0
26,14 Sep 2025,,csbw81x78eyi6bravqqmf8ljo,Matteo Marcenaro,AC Milan,Bologna FC 1909,G. Fabbian,0,0,0,0,1,3,0,0,13,0,0,1,0,0,0
26,14 Sep 2025,,csbw81x78eyi6bravqqmf8ljo,Matteo Marcenaro,AC Milan,Bologna FC 1909,L. Ferguson,0,0,0,1,3,0,0,0,102,0,0,0,0,0,0
26,14 Sep 2025,,csbw81x78eyi6bravqqmf8ljo,Matteo Marcenaro,AC Milan,Bologna FC 1909,R. Freuler,0,1,1,1,1,1,0,0,52,0,0,1,0,1,0
26,14 Sep 2025,,csbw81x78eyi6bravqqmf8ljo,Matteo Marcenaro,AC Milan,Bologna FC 1909,C. Lykogiannis,0,1,1,3,2,0,0,0,27,0,0,1,0,0,0
26,14 Sep 2025,,csbw81x78eyi6bravqqmf8ljo,Matteo Marcenaro,AC Milan,Bologna FC 1909,N. Cambiaghi,0,0,0,3,0,7,0,1,18,0,0,0,0,0,0
26,14 Sep 2025,,csbw81x78eyi6bravqqmf8ljo,Matteo Marcenaro,AC Milan,Bologna FC 1909,F. Bernardeschi,0,0,0,3,0,0,0,0,17,0,0,0,0,0,0
26,14 Sep 2025,,csbw81x78eyi6bravqqmf8ljo,Matteo Marcenaro,AC Milan,Bologna FC 1909,Juan Miranda,0,0,2,2,2,0,0,0,23,0,0,0,0,0,1
26,14 Sep 2025,,csbw81x78eyi6bravqqmf8ljo,Matteo Marcenaro,AC Milan,Bologna FC 1909,J. Rowe,0,0,0,2,1,0,0,0,7,0,0,0,0,0,0
26,14 Sep 2025,,csbw81x78eyi6bravqqmf8ljo,Matteo Marcenaro,AC Milan,Bologna FC 1909,J. Odgaard,0,0,0,0,0,0,0,0,1,0,0,0,0,2,0
26,14 Sep 2025,,csbw81x78eyi6bravqqmf8ljo,Matteo Marcenaro,AC Milan,Bologna FC 1909,T. Dallinga,0,0,0,0,2,0,0,0,1,0,0,0,0,0,0
27,14 Sep 2025,,csq3u15fsrczzowqcz1he0dg4,Davide Massa,Pisa Sporting Club,Udinese Calcio,E. Akinsanmiro,0,0,0,0,2,0,0,0,46,0,0,1,1,2,0
27,14 Sep 2025,,csq3u15fsrczzowqcz1he0dg4,Davide Massa,Pisa Sporting Club,Udinese Calcio,M. Aebischer,0,0,0,0,2,2,0,0,49,0,0,0,0,3,0
27,14 Sep 2025,,csq3u15fsrczzowqcz1he0dg4,Davide Massa,Pisa Sporting Club,Udinese Calcio,S. Angori,0,0,1,2,0,0,0,0,10,0,0,0,0,1,0
27,14 Sep 2025,,csq3u15fsrczzowqcz1he0dg4,Davide Massa,Pisa Sporting Club,Udinese Calcio,I. Touré,0,0,1,4,1,2,0,0,23,0,0,0,0,0,0
27,14 Sep 2025,,csq3u15fsrczzowqcz1he0dg4,Davide Massa,Pisa Sporting Club,Udinese Calcio,A. Caracciolo,0,0,0,0,3,3,0,0,50,0,0,1,0,2,1
27,14 Sep 2025,,csq3u15fsrczzowqcz1he0dg4,Davide Massa,Pisa Sporting Club,Udinese Calcio,A. Šemper,0,0,0,0,0,0,0,0,26,0,2,0,0,0,0
27,14 Sep 2025,,csq3u15fsrczzowqcz1he0dg4,Davide Massa,Pisa Sporting Club,Udinese Calcio,S. Canestrelli,0,0,0,0,0,0,0,0,47,0,0,0,0,0,0
27,14 Sep 2025,,csq3u15fsrczzowqcz1he0dg4,Davide Massa,Pisa Sporting Club,Udinese Calcio,Mateus Lusuardi,0,1,0,0,0,0,0,0,19,0,0,2,0,1,0
27,14 Sep 2025,,csq3u15fsrczzowqcz1he0dg4,Davide Massa,Pisa Sporting Club,Udinese Calcio,H. Meister,0,0,0,0,0,3,0,0,4,0,0,1,0,0,0
27,14 Sep 2025,,csq3u15fsrczzowqcz1he0dg4,Davide Massa,Pisa Sporting Club,Udinese Calcio,S. Moreo,0,0,2,1,0,0,0,1,10,0,0,1,0,0,0
27,14 Sep 2025,,csq3u15fsrczzowqcz1he0dg4,Davide Massa,Pisa Sporting Club,Udinese Calcio,M. Tramoni,0,0,1,9,1,1,0,0,25,0,0,2,1,1,0
27,14 Sep 2025,,csq3u15fsrczzowqcz1he0dg4,Davide Massa,Pisa Sporting Club,Udinese Calcio,G. Bonfanti,0,1,3,3,2,1,0,0,28,0,0,1,0,1,0
27,14 Sep 2025,,csq3u15fsrczzowqcz1he0dg4,Davide Massa,Pisa Sporting Club,Udinese Calcio,M'Bala Nzola,0,1,0,0,0,0,0,0,9,0,0,1,0,0,0
27,14 Sep 2025,,csq3u15fsrczzowqcz1he0dg4,Davide Massa,Pisa Sporting Club,Udinese Calcio,M. Léris,0,1,0,6,2,1,0,0,21,0,0,2,0,3,0
27,14 Sep 2025,,csq3u15fsrczzowqcz1he0dg4,Davide Massa,Pisa Sporting Club,Udinese Calcio,G. Piccinini,0,0,0,1,0,0,0,0,4,0,0,0,0,0,0
27,14 Sep 2025,,csq3u15fsrczzowqcz1he0dg4,Davide Massa,Pisa Sporting Club,Udinese Calcio,C. Stengs,0,0,0,3,0,2,0,0,11,0,0,0,0,0,0
27,14 Sep 2025,,csq3u15fsrczzowqcz1he0dg4,Davide Massa,Pisa Sporting Club,Udinese Calcio,H. Kamara,0,0,0,4,1,0,0,0,23,0,0,0,0,2,1
27,14 Sep 2025,,csq3u15fsrczzowqcz1he0dg4,Davide Massa,Pisa Sporting Club,Udinese Calcio,O. Solet,0,0,0,1,1,1,0,0,55,0,0,1,0,1,0
27,14 Sep 2025,,csq3u15fsrczzowqcz1he0dg4,Davide Massa,Pisa Sporting Club,Udinese Calcio,A. Atta,0,2,2,3,1,0,0,0,35,0,0,3,1,1,0
27,14 Sep 2025,,csq3u15fsrczzowqcz1he0dg4,Davide Massa,Pisa Sporting Club,Udinese Calcio,Iker Bravo,0,1,0,3,0,0,1,0,14,0,0,2,1,0,0
27,14 Sep 2025,,csq3u15fsrczzowqcz1he0dg4,Davide Massa,Pisa Sporting Club,Udinese Calcio,J. Karlström,0,2,0,0,2,2,0,0,46,0,0,2,0,1,1
27,14 Sep 2025,,csq3u15fsrczzowqcz1he0dg4,Davide Massa,Pisa Sporting Club,Udinese Calcio,K. Ehizibue,0,0,2,3,3,2,0,0,22,0,0,1,0,0,0
27,14 Sep 2025,,csq3u15fsrczzowqcz1he0dg4,Davide Massa,Pisa Sporting Club,Udinese Calcio,J. Piotrowski,0,1,0,0,1,2,0,0,25,0,0,1,0,3,0
27,14 Sep 2025,,csq3u15fsrczzowqcz1he0dg4,Davide Massa,Pisa Sporting Club,Udinese Calcio,N. Bertola,0,0,1,0,1,0,0,0,41,0,0,1,1,1,0
27,14 Sep 2025,,csq3u15fsrczzowqcz1he0dg4,Davide Massa,Pisa Sporting Club,Udinese Calcio,T. Kristensen,0,0,1,0,1,1,0,1,41,0,0,0,0,1,0
27,14 Sep 2025,,csq3u15fsrczzowqcz1he0dg4,Davide Massa,Pisa Sporting Club,Udinese Calcio,R. Sava,0,0,0,0,0,0,0,0,35,0,2,0,0,0,0
27,14 Sep 2025,,csq3u15fsrczzowqcz1he0dg4,Davide Massa,Pisa Sporting Club,Udinese Calcio,K. Davis,0,0,0,0,2,2,0,0,11,0,0,2,0,0,0
27,14 Sep 2025,,csq3u15fsrczzowqcz1he0dg4,Davide Massa,Pisa Sporting Club,Udinese Calcio,Oier Zarraga,0,0,0,1,1,0,0,0,6,0,0,0,0,0,0
27,14 Sep 2025,,csq3u15fsrczzowqcz1he0dg4,Davide Massa,Pisa Sporting Club,Udinese Calcio,A. Buksa,0,0,0,0,0,1,0,0,11,0,0,0,0,0,0
27,14 Sep 2025,,csq3u15fsrczzowqcz1he0dg4,Davide Massa,Pisa Sporting Club,Udinese Calcio,N. Zaniolo,0,0,0,2,1,0,0,0,5,0,0,0,0,0,0
27,14 Sep 2025,,csq3u15fsrczzowqcz1he0dg4,Davide Massa,Pisa Sporting Club,Udinese Calcio,J. Zemura,0,0,0,0,0,0,0,0,3,0,0,0,0,3,0
27,14 Sep 2025,,csq3u15fsrczzowqcz1he0dg4,Davide Massa,Pisa Sporting Club,Udinese Calcio,S. Goglichidze,0,0,0,0,0,0,0,0,2,0,0,0,0,0,0
28,14 Sep 2025,,ct4pr9n90ljgamkcw2r4qdl3o,Giovanni Ayroldi,AS Roma,Torino FC,P. Dybala,0,3,2,4,0,2,0,0,26,0,0,3,0,0,0
28,14 Sep 2025,,ct4pr9n90ljgamkcw2r4qdl3o,Giovanni Ayroldi,AS Roma,Torino FC,M. Koné,0,0,0,0,2,3,0,0,61,0,0,0,0,1,0
28,14 Sep 2025,,ct4pr9n90ljgamkcw2r4qdl3o,Giovanni Ayroldi,AS Roma,Torino FC,Wesley,0,0,1,7,2,3,0,0,41,0,0,0,0,2,1
28,14 Sep 2025,,ct4pr9n90ljgamkcw2r4qdl3o,Giovanni Ayroldi,AS Roma,Torino FC,Hermoso,0,0,0,1,1,0,0,0,52,0,0,1,1,1,0
28,14 Sep 2025,,ct4pr9n90ljgamkcw2r4qdl3o,Giovanni Ayroldi,AS Roma,Torino FC,G. Mancini,0,1,0,0,2,1,0,0,66,0,0,4,2,1,0
28,14 Sep 2025,,ct4pr9n90ljgamkcw2r4qdl3o,Giovanni Ayroldi,AS Roma,Torino FC,B. Cristante,0,0,0,0,0,0,0,0,51,0,0,2,0,1,0
28,14 Sep 2025,,ct4pr9n90ljgamkcw2r4qdl3o,Giovanni Ayroldi,AS Roma,Torino FC,M. Soulé,0,1,2,8,0,3,0,0,48,0,0,5,0,0,0
28,14 Sep 2025,,ct4pr9n90ljgamkcw2r4qdl3o,Giovanni Ayroldi,AS Roma,Torino FC,N. El Aynaoui,0,0,0,0,0,0,0,0,17,0,0,0,0,0,0
28,14 Sep 2025,,ct4pr9n90ljgamkcw2r4qdl3o,Giovanni Ayroldi,AS Roma,Torino FC,Angeliño,0,1,0,2,1,0,0,0,42,0,0,1,0,3,1
28,14 Sep 2025,,ct4pr9n90ljgamkcw2r4qdl3o,Giovanni Ayroldi,AS Roma,Torino FC,E. Ndicka,0,0,0,0,2,1,0,0,77,0,0,0,0,0,0
28,14 Sep 2025,,ct4pr9n90ljgamkcw2r4qdl3o,Giovanni Ayroldi,AS Roma,Torino FC,M. Svilar,0,0,0,0,0,0,0,0,25,0,3,0,0,0,0
28,14 Sep 2025,,ct4pr9n90ljgamkcw2r4qdl3o,Giovanni Ayroldi,AS Roma,Torino FC,T. Baldanzi,0,0,0,4,0,2,0,1,17,0,0,1,0,0,0
28,14 Sep 2025,,ct4pr9n90ljgamkcw2r4qdl3o,Giovanni Ayroldi,AS Roma,Torino FC,E. Ferguson,0,0,0,0,1,1,0,0,6,0,0,2,0,1,0
28,14 Sep 2025,,ct4pr9n90ljgamkcw2r4qdl3o,Giovanni Ayroldi,AS Roma,Torino FC,N. Pisilli,0,0,2,1,0,0,0,0,31,0,0,1,1,0,0
28,14 Sep 2025,,ct4pr9n90ljgamkcw2r4qdl3o,Giovanni Ayroldi,AS Roma,Torino FC,S. El Shaarawy,0,1,0,1,0,1,0,0,11,0,0,2,1,2,0
28,14 Sep 2025,,ct4pr9n90ljgamkcw2r4qdl3o,Giovanni Ayroldi,AS Roma,Torino FC,Z. Çelik,0,0,0,3,0,0,0,0,19,0,0,0,0,0,0
28,14 Sep 2025,,ct4pr9n90ljgamkcw2r4qdl3o,Giovanni Ayroldi,AS Roma,Torino FC,C. Biraghi,0,1,2,3,3,0,0,0,14,0,0,1,0,4,0
28,14 Sep 2025,,ct4pr9n90ljgamkcw2r4qdl3o,Giovanni Ayroldi,AS Roma,Torino FC,C. Casadei,0,0,0,0,3,1,0,0,12,0,0,1,0,3,0
28,14 Sep 2025,,ct4pr9n90ljgamkcw2r4qdl3o,Giovanni Ayroldi,AS Roma,Torino FC,C. Ngonge,1,0,0,1,1,1,0,0,14,0,0,0,0,1,0
28,14 Sep 2025,,ct4pr9n90ljgamkcw2r4qdl3o,Giovanni Ayroldi,AS Roma,Torino FC,A. Ismajli,0,0,0,0,1,3,0,0,17,0,0,0,0,1,1
28,14 Sep 2025,,ct4pr9n90ljgamkcw2r4qdl3o,Giovanni Ayroldi,AS Roma,Torino FC,K. Asllani,0,0,0,2,1,1,0,0,23,0,0,0,0,2,1
28,14 Sep 2025,,ct4pr9n90ljgamkcw2r4qdl3o,Giovanni Ayroldi,AS Roma,Torino FC,G. Simeone,0,0,0,0,0,1,1,1,13,0,0,3,1,2,0
28,14 Sep 2025,,ct4pr9n90ljgamkcw2r4qdl3o,Giovanni Ayroldi,AS Roma,Torino FC,V. Lazaro,0,0,0,0,2,0,0,0,21,0,0,0,0,0,0
28,14 Sep 2025,,ct4pr9n90ljgamkcw2r4qdl3o,Giovanni Ayroldi,AS Roma,Torino FC,Saúl Coco,0,0,0,0,1,1,0,0,20,0,0,0,0,3,0
28,14 Sep 2025,,ct4pr9n90ljgamkcw2r4qdl3o,Giovanni Ayroldi,AS Roma,Torino FC,G. Maripán,0,0,0,0,1,0,0,1,22,0,0,1,1,1,0
28,14 Sep 2025,,ct4pr9n90ljgamkcw2r4qdl3o,Giovanni Ayroldi,AS Roma,Torino FC,F. Israel,0,0,0,0,0,1,0,0,39,0,5,0,0,0,0
28,14 Sep 2025,,ct4pr9n90ljgamkcw2r4qdl3o,Giovanni Ayroldi,AS Roma,Torino FC,N. Vlašić,0,0,0,1,0,1,0,1,14,0,0,1,1,1,0
28,14 Sep 2025,,ct4pr9n90ljgamkcw2r4qdl3o,Giovanni Ayroldi,AS Roma,Torino FC,Z. Aboukhlal,0,0,0,0,2,1,0,1,2,0,0,1,1,2,1
28,14 Sep 2025,,ct4pr9n90ljgamkcw2r4qdl3o,Giovanni Ayroldi,AS Roma,Torino FC,I. Ilić,0,0,0,0,1,0,0,0,4,0,0,0,0,0,0
28,14 Sep 2025,,ct4pr9n90ljgamkcw2r4qdl3o,Giovanni Ayroldi,AS Roma,Torino FC,T. Anjorin,0,0,0,0,1,0,0,0,1,0,0,0,0,0,0
28,14 Sep 2025,,ct4pr9n90ljgamkcw2r4qdl3o,Giovanni Ayroldi,AS Roma,Torino FC,A. Tamèze,0,0,0,0,0,0,0,0,2,0,0,0,0,0,0
28,14 Sep 2025,,ct4pr9n90ljgamkcw2r4qdl3o,Giovanni Ayroldi,AS Roma,Torino FC,C. Adams,0,0,2,0,0,0,0,0,5,0,0,0,0,3,0
29,14 Sep 2025,,ctirptm06szy6db17n31sdgr8,Paride Tremolada,US Sassuolo Calcio,SS Lazio,J. Idzes,0,0,0,0,2,0,0,0,73,0,0,0,0,1,0
29,14 Sep 2025,,ctirptm06szy6db17n31sdgr8,Paride Tremolada,US Sassuolo Calcio,SS Lazio,A. Vranckx,0,0,0,0,1,2,0,0,26,0,0,0,0,1,1
29,14 Sep 2025,,ctirptm06szy6db17n31sdgr8,Paride Tremolada,US Sassuolo Calcio,SS Lazio,T. Muharemović,1,1,0,0,1,1,0,0,67,0,0,1,0,3,1
29,14 Sep 2025,,ctirptm06szy6db17n31sdgr8,Paride Tremolada,US Sassuolo Calcio,SS Lazio,N. Matić,0,0,1,0,2,1,0,0,53,0,0,0,0,1,1
29,14 Sep 2025,,ctirptm06szy6db17n31sdgr8,Paride Tremolada,US Sassuolo Calcio,SS Lazio,I. Koné,0,0,0,0,1,1,0,0,30,0,0,0,0,1,0
29,14 Sep 2025,,ctirptm06szy6db17n31sdgr8,Paride Tremolada,US Sassuolo Calcio,SS Lazio,J. Doig,0,0,1,2,2,1,0,0,29,0,0,0,0,2,1
29,14 Sep 2025,,ctirptm06szy6db17n31sdgr8,Paride Tremolada,US Sassuolo Calcio,SS Lazio,S. Walukiewicz,0,0,0,0,1,0,0,0,20,0,0,0,0,2,0
29,14 Sep 2025,,ctirptm06szy6db17n31sdgr8,Paride Tremolada,US Sassuolo Calcio,SS Lazio,D. Berardi,0,0,0,1,0,2,0,0,27,0,0,1,0,1,0
29,14 Sep 2025,,ctirptm06szy6db17n31sdgr8,Paride Tremolada,US Sassuolo Calcio,SS Lazio,A. Pinamonti,0,0,0,0,1,0,0,0,8,0,0,4,2,0,1
29,14 Sep 2025,,ctirptm06szy6db17n31sdgr8,Paride Tremolada,US Sassuolo Calcio,SS Lazio,A. Laurienté,0,1,0,2,0,1,0,0,18,0,0,2,0,0,0
29,14 Sep 2025,,ctirptm06szy6db17n31sdgr8,Paride Tremolada,US Sassuolo Calcio,SS Lazio,A. Murić,0,0,0,0,0,0,0,0,29,0,3,0,0,0,0
29,14 Sep 2025,,ctirptm06szy6db17n31sdgr8,Paride Tremolada,US Sassuolo Calcio,SS Lazio,W. Coulibaly,0,0,0,2,1,0,0,0,14,0,0,0,0,4,0
29,14 Sep 2025,,ctirptm06szy6db17n31sdgr8,Paride Tremolada,US Sassuolo Calcio,SS Lazio,A. Fadera,0,0,1,1,1,0,1,0,7,0,0,1,1,3,0
29,14 Sep 2025,,ctirptm06szy6db17n31sdgr8,Paride Tremolada,US Sassuolo Calcio,SS Lazio,C. Volpato,0,0,0,2,1,1,0,0,7,0,0,0,0,1,1
29,14 Sep 2025,,ctirptm06szy6db17n31sdgr8,Paride Tremolada,US Sassuolo Calcio,SS Lazio,K. Thorstvedt,0,0,0,0,0,1,0,0,5,0,0,0,0,0,0
29,14 Sep 2025,,ctirptm06szy6db17n31sdgr8,Paride Tremolada,US Sassuolo Calcio,SS Lazio,W. Cheddira,0,0,0,0,1,0,0,0,2,0,0,1,0,0,0
29,14 Sep 2025,,ctirptm06szy6db17n31sdgr8,Paride Tremolada,US Sassuolo Calcio,SS Lazio,V. Castellanos,0,0,1,2,0,2,0,1,20,0,0,0,0,0,0
29,14 Sep 2025,,ctirptm06szy6db17n31sdgr8,Paride Tremolada,US Sassuolo Calcio,SS Lazio,N. Rovella,0,0,0,0,0,2,0,0,58,0,0,0,0,1,1
29,14 Sep 2025,,ctirptm06szy6db17n31sdgr8,Paride Tremolada,US Sassuolo Calcio,SS Lazio,A. Marušić,0,0,1,1,1,1,0,0,60,0,0,0,0,2,1
29,14 Sep 2025,,ctirptm06szy6db17n31sdgr8,Paride Tremolada,US Sassuolo Calcio,SS Lazio,Mario Gila,0,1,0,0,0,1,0,0,106,0,0,3,0,0,0
29,14 Sep 2025,,ctirptm06szy6db17n31sdgr8,Paride Tremolada,US Sassuolo Calcio,SS Lazio,A. Romagnoli,0,0,0,0,0,0,0,0,59,0,0,0,0,2,0
29,14 Sep 2025,,ctirptm06szy6db17n31sdgr8,Paride Tremolada,US Sassuolo Calcio,SS Lazio,M. Cancellieri,0,0,0,0,2,2,0,0,24,0,0,0,0,0,0
29,14 Sep 2025,,ctirptm06szy6db17n31sdgr8,Paride Tremolada,US Sassuolo Calcio,SS Lazio,M. Guendouzi,0,0,0,2,1,1,0,0,51,0,0,0,0,0,0
29,14 Sep 2025,,ctirptm06szy6db17n31sdgr8,Paride Tremolada,US Sassuolo Calcio,SS Lazio,Nuno Tavares,0,1,2,13,3,3,0,0,44,0,0,2,0,1,0
29,14 Sep 2025,,ctirptm06szy6db17n31sdgr8,Paride Tremolada,US Sassuolo Calcio,SS Lazio,M. Zaccagni,0,1,2,2,1,2,0,0,32,0,0,3,1,3,0
29,14 Sep 2025,,ctirptm06szy6db17n31sdgr8,Paride Tremolada,US Sassuolo Calcio,SS Lazio,I. Provedel,0,0,0,0,0,0,0,0,20,0,2,0,0,0,0
29,14 Sep 2025,,ctirptm06szy6db17n31sdgr8,Paride Tremolada,US Sassuolo Calcio,SS Lazio,F. Dele-Bashiru,0,0,0,0,0,0,0,0,24,0,0,0,0,0,0
29,14 Sep 2025,,ctirptm06szy6db17n31sdgr8,Paride Tremolada,US Sassuolo Calcio,SS Lazio,D. Cataldi,0,1,1,1,0,0,0,0,32,0,0,3,1,0,0
29,14 Sep 2025,,ctirptm06szy6db17n31sdgr8,Paride Tremolada,US Sassuolo Calcio,SS Lazio,R. Belahyane,0,0,0,0,3,0,0,0,23,0,0,0,0,1,1
29,14 Sep 2025,,ctirptm06szy6db17n31sdgr8,Paride Tremolada,US Sassuolo Calcio,SS Lazio,Pedro,0,0,0,2,0,1,0,0,27,0,0,1,0,2,0
29,14 Sep 2025,,ctirptm06szy6db17n31sdgr8,Paride Tremolada,US Sassuolo Calcio,SS Lazio,B. Dia,0,0,1,0,0,0,0,0,7,0,0,1,1,0,0
29,14 Sep 2025,,ctirptm06szy6db17n31sdgr8,Paride Tremolada,US Sassuolo Calcio,SS Lazio,G. Isaksen,0,0,0,1,0,0,0,0,3,0,0,0,0,0,0
30,15 Sep 2025,,ctwudwrsdua0zffrszke1fp5g,Alberto Ruben Arena,Hellas Verona FC,US Cremonese,G. Orban,0,0,2,0,2,0,0,2,23,0,0,5,3,0,0
30,15 Sep 2025,,ctwudwrsdua0zffrszke1fp5g,Alberto Ruben Arena,Hellas Verona FC,US Cremonese,D. Bradarić,0,0,2,10,0,1,0,1,42,0,0,1,1,2,0
30,15 Sep 2025,,ctwudwrsdua0zffrszke1fp5g,Alberto Ruben Arena,Hellas Verona FC,US Cremonese,A. Bernede,0,0,0,3,0,0,0,0,43,0,0,0,0,1,0
30,15 Sep 2025,,ctwudwrsdua0zffrszke1fp5g,Alberto Ruben Arena,Hellas Verona FC,US Cremonese,Giovane,0,1,5,1,1,1,0,1,21,0,0,8,4,0,1
30,15 Sep 2025,,ctwudwrsdua0zffrszke1fp5g,Alberto Ruben Arena,Hellas Verona FC,US Cremonese,V. Nelsson,0,0,0,0,1,0,0,0,40,0,0,0,0,0,0
30,15 Sep 2025,,ctwudwrsdua0zffrszke1fp5g,Alberto Ruben Arena,Hellas Verona FC,US Cremonese,Unai Núñez,0,1,0,0,1,0,0,0,57,0,0,1,0,0,0
30,15 Sep 2025,,ctwudwrsdua0zffrszke1fp5g,Alberto Ruben Arena,Hellas Verona FC,US Cremonese,R. Belghali,0,0,0,3,2,0,0,0,22,0,0,0,0,1,0
30,15 Sep 2025,,ctwudwrsdua0zffrszke1fp5g,Alberto Ruben Arena,Hellas Verona FC,US Cremonese,S. Serdar,0,2,1,2,2,0,0,0,47,0,0,2,0,3,1
30,15 Sep 2025,,ctwudwrsdua0zffrszke1fp5g,Alberto Ruben Arena,Hellas Verona FC,US Cremonese,R. Gagliardini,0,0,0,0,1,1,0,0,19,0,0,0,0,0,0
30,15 Sep 2025,,ctwudwrsdua0zffrszke1fp5g,Alberto Ruben Arena,Hellas Verona FC,US Cremonese,L. Montipò,0,0,0,0,0,0,0,0,17,0,3,0,0,0,0
30,15 Sep 2025,,ctwudwrsdua0zffrszke1fp5g,Alberto Ruben Arena,Hellas Verona FC,US Cremonese,M. Frese,0,0,0,4,2,0,0,0,36,0,0,0,0,2,0
30,15 Sep 2025,,ctwudwrsdua0zffrszke1fp5g,Alberto Ruben Arena,Hellas Verona FC,US Cremonese,J. Akpa Akpro,0,1,0,0,4,0,0,0,8,0,0,2,0,1,0
30,15 Sep 2025,,ctwudwrsdua0zffrszke1fp5g,Alberto Ruben Arena,Hellas Verona FC,US Cremonese,A. Bella-Kotchap,0,0,0,0,0,0,0,0,16,0,0,0,0,0,0
30,15 Sep 2025,,ctwudwrsdua0zffrszke1fp5g,Alberto Ruben Arena,Hellas Verona FC,US Cremonese,C. Niasse,0,0,0,1,0,0,0,0,9,0,0,0,0,1,0
30,15 Sep 2025,,ctwudwrsdua0zffrszke1fp5g,Alberto Ruben Arena,Hellas Verona FC,US Cremonese,Al Musrati,0,0,0,0,1,0,0,0,9,0,0,0,0,0,0
30,15 Sep 2025,,ctwudwrsdua0zffrszke1fp5g,Alberto Ruben Arena,Hellas Verona FC,US Cremonese,A. Sarr,0,0,0,0,1,0,0,0,3,0,0,1,1,0,0
30,15 Sep 2025,,ctwudwrsdua0zffrszke1fp5g,Alberto Ruben Arena,Hellas Verona FC,US Cremonese,F. Terracciano,0,1,0,2,0,3,0,0,78,0,0,1,0,0,0
30,15 Sep 2025,,ctwudwrsdua0zffrszke1fp5g,Alberto Ruben Arena,Hellas Verona FC,US Cremonese,W. Bondo,0,1,0,0,0,2,0,0,33,0,0,1,0,2,0
30,15 Sep 2025,,ctwudwrsdua0zffrszke1fp5g,Alberto Ruben Arena,Hellas Verona FC,US Cremonese,E. Audero,0,0,0,0,0,1,0,0,41,0,9,0,0,0,0
30,15 Sep 2025,,ctwudwrsdua0zffrszke1fp5g,Alberto Ruben Arena,Hellas Verona FC,US Cremonese,A. Sanabria,0,0,0,0,0,0,0,0,10,0,0,1,0,0,0
30,15 Sep 2025,,ctwudwrsdua0zffrszke1fp5g,Alberto Ruben Arena,Hellas Verona FC,US Cremonese,G. Pezzella,0,0,0,2,0,1,0,0,35,0,0,0,0,2,0
30,15 Sep 2025,,ctwudwrsdua0zffrszke1fp5g,Alberto Ruben Arena,Hellas Verona FC,US Cremonese,J. Vandeputte,0,0,0,1,0,0,0,0,21,0,0,0,0,0,0
30,15 Sep 2025,,ctwudwrsdua0zffrszke1fp5g,Alberto Ruben Arena,Hellas Verona FC,US Cremonese,M. Bianchetti,0,0,0,0,1,2,0,0,49,0,0,0,0,0,0
30,15 Sep 2025,,ctwudwrsdua0zffrszke1fp5g,Alberto Ruben Arena,Hellas Verona FC,US Cremonese,A. Zerbin,0,0,0,1,0,2,0,0,32,0,0,0,0,1,0
30,15 Sep 2025,,ctwudwrsdua0zffrszke1fp5g,Alberto Ruben Arena,Hellas Verona FC,US Cremonese,F. Baschirotto,0,0,0,0,0,0,0,0,63,0,0,0,0,0,0
30,15 Sep 2025,,ctwudwrsdua0zffrszke1fp5g,Alberto Ruben Arena,Hellas Verona FC,US Cremonese,F. Bonazzoli,0,0,0,0,1,3,0,1,10,0,0,1,0,0,0
30,15 Sep 2025,,ctwudwrsdua0zffrszke1fp5g,Alberto Ruben Arena,Hellas Verona FC,US Cremonese,M. Collocolo,0,0,1,0,1,0,0,0,43,0,0,1,1,1,1
30,15 Sep 2025,,ctwudwrsdua0zffrszke1fp5g,Alberto Ruben Arena,Hellas Verona FC,US Cremonese,A. Grassi,0,0,0,0,0,1,0,0,34,0,0,0,0,0,0
30,15 Sep 2025,,ctwudwrsdua0zffrszke1fp5g,Alberto Ruben Arena,Hellas Verona FC,US Cremonese,J. Sarmiento,0,0,1,1,0,0,0,0,20,0,0,1,1,1,0
30,15 Sep 2025,,ctwudwrsdua0zffrszke1fp5g,Alberto Ruben Arena,Hellas Verona FC,US Cremonese,J. Vardy,0,0,0,0,0,0,0,0,6,0,0,0,0,0,0
30,15 Sep 2025,,ctwudwrsdua0zffrszke1fp5g,Alberto Ruben Arena,Hellas Verona FC,US Cremonese,F. Vázquez,0,0,0,0,0,2,0,0,16,0,0,0,0,1,0
30,15 Sep 2025,,ctwudwrsdua0zffrszke1fp5g,Alberto Ruben Arena,Hellas Verona FC,US Cremonese,R. Floriani Mussolini,0,0,0,0,0,0,0,0,1,0,0,0,0,0,0
