Aux,Fecha,Jornada,ID_PARTIDO,Arbitro,Equipo_local,Equipo_Visitante,Jugador,Assists,Blocked shots,Corners won,Crosses,Fouls conceded,Fouls won,Goals,Offsides,Passes,Red cards,Saves,Shots,Shots on target,Tackles,Yellow cards
91,1 Nov 2025,,20lqgnidk2bwum92qqbsimxp0,Chris Kavanagh,Burnley FC,Arsenal FC,M. Dúbravka,0,0,0,0,0,1,0,0,35,0,5,0,0,0,0
91,1 Nov 2025,,20lqgnidk2bwum92qqbsimxp0,Chris Kavanagh,Burnley FC,Arsenal FC,J. Cullen,0,0,0,1,1,0,0,0,36,0,0,0,0,2,1
91,1 Nov 2025,,20lqgnidk2bwum92qqbsimxp0,Chris Kavanagh,Burnley FC,Arsenal FC,A. Tuanzebe,0,0,0,0,1,1,0,0,53,0,0,0,0,0,0
91,1 Nov 2025,,20lqgnidk2bwum92qqbsimxp0,Chris Kavanagh,Burnley FC,Arsenal FC,Z. Flemming,0,0,0,0,1,2,0,0,18,0,0,1,0,0,1
91,1 Nov 2025,,20lqgnidk2bwum92qqbsimxp0,Chris Kavanagh,Burnley FC,Arsenal FC,K. Walker,0,0,0,2,1,2,0,0,32,0,0,0,0,4,0
91,1 Nov 2025,,20lqgnidk2bwum92qqbsimxp0,Chris Kavanagh,Burnley FC,Arsenal FC,Florentino,0,0,0,1,1,0,0,0,46,0,0,1,0,3,0
91,1 Nov 2025,,20lqgnidk2bwum92qqbsimxp0,Chris Kavanagh,Burnley FC,Arsenal FC,Q. Hartman,0,0,0,3,0,0,0,0,38,0,0,0,0,2,0
91,1 Nov 2025,,20lqgnidk2bwum92qqbsimxp0,Chris Kavanagh,Burnley FC,Arsenal FC,J. Anthony,0,0,0,0,0,1,0,0,21,0,0,0,0,0,0
91,1 Nov 2025,,20lqgnidk2bwum92qqbsimxp0,Chris Kavanagh,Burnley FC,Arsenal FC,M. Estève,0,0,0,0,1,2,0,0,47,0,0,0,0,0,0
91,1 Nov 2025,,20lqgnidk2bwum92qqbsimxp0,Chris Kavanagh,Burnley FC,Arsenal FC,J. Laurent,0,0,0,1,2,0,0,0,36,0,0,0,0,0,0
91,1 Nov 2025,,20lqgnidk2bwum92qqbsimxp0,Chris Kavanagh,Burnley FC,Arsenal FC,L. Ugochukwu,0,0,0,0,1,1,0,0,15,0,0,0,0,1,0
91,1 Nov 2025,,20lqgnidk2bwum92qqbsimxp0,Chris Kavanagh,Burnley FC,Arsenal FC,L. Tchaouna,0,0,0,1,0,1,0,0,14,0,0,0,0,1,0
91,1 Nov 2025,,20lqgnidk2bwum92qqbsimxp0,Chris Kavanagh,Burnley FC,Arsenal FC,J. Bruun Larsen,0,0,1,2,0,0,0,0,14,0,0,0,0,1,0
91,1 Nov 2025,,20lqgnidk2bwum92qqbsimxp0,Chris Kavanagh,Burnley FC,Arsenal FC,A. Broja,0,0,0,0,0,0,0,0,2,0,0,0,0,0,0
91,1 Nov 2025,,20lqgnidk2bwum92qqbsimxp0,Chris Kavanagh,Burnley FC,Arsenal FC,H. Mejbri,0,0,0,0,0,2,0,0,17,0,0,0,0,0,0
91,1 Nov 2025,,20lqgnidk2bwum92qqbsimxp0,Chris Kavanagh,Burnley FC,Arsenal FC,M. Edwards,0,0,0,2,1,0,0,0,3,0,0,1,0,0,0
91,1 Nov 2025,,20lqgnidk2bwum92qqbsimxp0,Chris Kavanagh,Burnley FC,Arsenal FC,E. Eze,0,1,1,0,0,4,0,0,21,0,0,1,0,1,0
91,1 Nov 2025,,20lqgnidk2bwum92qqbsimxp0,Chris Kavanagh,Burnley FC,Arsenal FC,David Raya,0,0,0,0,0,0,0,0,27,0,0,0,0,0,0
91,1 Nov 2025,,20lqgnidk2bwum92qqbsimxp0,Chris Kavanagh,Burnley FC,Arsenal FC,Martín Zubimendi,0,0,1,0,1,0,0,0,75,0,0,0,0,1,0
91,1 Nov 2025,,20lqgnidk2bwum92qqbsimxp0,Chris Kavanagh,Burnley FC,Arsenal FC,Gabriel Magalhães,1,0,0,0,1,1,0,0,59,0,0,0,0,1,1
91,1 Nov 2025,,20lqgnidk2bwum92qqbsimxp0,Chris Kavanagh,Burnley FC,Arsenal FC,B. Saka,0,0,1,1,1,0,0,1,24,0,0,2,2,1,0
91,1 Nov 2025,,20lqgnidk2bwum92qqbsimxp0,Chris Kavanagh,Burnley FC,Arsenal FC,R. Calafiori,0,0,1,0,1,2,0,0,32,0,0,1,1,1,0
91,1 Nov 2025,,20lqgnidk2bwum92qqbsimxp0,Chris Kavanagh,Burnley FC,Arsenal FC,L. Trossard,1,0,1,3,1,2,0,0,30,0,0,2,2,1,0
91,1 Nov 2025,,20lqgnidk2bwum92qqbsimxp0,Chris Kavanagh,Burnley FC,Arsenal FC,V. Gyökeres,0,0,0,0,2,0,1,0,13,0,0,1,1,0,0
91,1 Nov 2025,,20lqgnidk2bwum92qqbsimxp0,Chris Kavanagh,Burnley FC,Arsenal FC,W. Saliba,0,0,0,1,1,0,0,0,85,0,0,0,0,2,0
91,1 Nov 2025,,20lqgnidk2bwum92qqbsimxp0,Chris Kavanagh,Burnley FC,Arsenal FC,D. Rice,0,0,0,6,2,0,1,0,69,0,0,1,1,5,0
91,1 Nov 2025,,20lqgnidk2bwum92qqbsimxp0,Chris Kavanagh,Burnley FC,Arsenal FC,J. Timber,0,0,0,2,1,0,0,0,31,0,0,2,0,2,0
91,1 Nov 2025,,20lqgnidk2bwum92qqbsimxp0,Chris Kavanagh,Burnley FC,Arsenal FC,Mikel Merino,0,0,0,1,0,1,0,0,11,0,0,0,0,0,0
91,1 Nov 2025,,20lqgnidk2bwum92qqbsimxp0,Chris Kavanagh,Burnley FC,Arsenal FC,P. Hincapié,0,0,0,0,0,0,0,0,6,0,0,0,0,0,0
91,1 Nov 2025,,20lqgnidk2bwum92qqbsimxp0,Chris Kavanagh,Burnley FC,Arsenal FC,E. Nwaneri,0,0,0,0,1,0,0,0,7,0,0,1,0,1,0
91,1 Nov 2025,,20lqgnidk2bwum92qqbsimxp0,Chris Kavanagh,Burnley FC,Arsenal FC,C. Nørgaard,0,0,1,0,1,0,0,0,4,0,0,1,1,0,0
91,1 Nov 2025,,20lqgnidk2bwum92qqbsimxp0,Chris Kavanagh,Burnley FC,Arsenal FC,M. Lewis-Skelly,0,0,0,0,0,0,0,0,0,0,0,0,0,0,0
92,1 Nov 2025,,21035eerys56hl1oi5yw20wes,Peter Bankes,Crystal Palace FC,Brentford FC,Yeremy Pino,0,1,1,8,0,1,0,0,28,0,0,1,0,1,0
92,1 Nov 2025,,21035eerys56hl1oi5yw20wes,Peter Bankes,Crystal Palace FC,Brentford FC,D. Henderson,0,0,0,0,0,0,0,0,28,0,2,0,0,0,0
92,1 Nov 2025,,21035eerys56hl1oi5yw20wes,Peter Bankes,Crystal Palace FC,Brentford FC,C. Richards,0,0,1,1,1,0,0,0,28,0,0,0,0,2,0
92,1 Nov 2025,,21035eerys56hl1oi5yw20wes,Peter Bankes,Crystal Palace FC,Brentford FC,J. Mateta,0,0,0,0,0,1,1,1,10,0,0,2,2,1,0
92,1 Nov 2025,,21035eerys56hl1oi5yw20wes,Peter Bankes,Crystal Palace FC,Brentford FC,I. Sarr,0,1,1,0,0,3,0,0,14,0,0,3,0,1,0
92,1 Nov 2025,,21035eerys56hl1oi5yw20wes,Peter Bankes,Crystal Palace FC,Brentford FC,D. Kamada,0,1,0,1,1,1,0,0,32,0,0,2,0,1,0
92,1 Nov 2025,,21035eerys56hl1oi5yw20wes,Peter Bankes,Crystal Palace FC,Brentford FC,M. Guéhi,0,0,0,1,3,4,0,0,31,0,0,0,0,5,0
92,1 Nov 2025,,21035eerys56hl1oi5yw20wes,Peter Bankes,Crystal Palace FC,Brentford FC,T. Mitchell,0,0,2,2,1,0,0,0,17,0,0,0,0,0,0
92,1 Nov 2025,,21035eerys56hl1oi5yw20wes,Peter Bankes,Crystal Palace FC,Brentford FC,M. Lacroix,0,0,0,0,0,1,0,0,15,0,0,0,0,0,0
92,1 Nov 2025,,21035eerys56hl1oi5yw20wes,Peter Bankes,Crystal Palace FC,Brentford FC,J. Lerma,1,1,1,2,1,0,0,0,33,0,0,1,0,1,0
92,1 Nov 2025,,21035eerys56hl1oi5yw20wes,Peter Bankes,Crystal Palace FC,Brentford FC,D. Muñoz,0,0,0,2,0,0,0,0,24,0,0,1,1,1,0
92,1 Nov 2025,,21035eerys56hl1oi5yw20wes,Peter Bankes,Crystal Palace FC,Brentford FC,J. Devenny,0,0,0,0,0,0,0,0,1,0,0,0,0,0,0
92,1 Nov 2025,,21035eerys56hl1oi5yw20wes,Peter Bankes,Crystal Palace FC,Brentford FC,W. Hughes,0,0,0,0,0,0,0,0,5,0,0,0,0,0,0
92,1 Nov 2025,,21035eerys56hl1oi5yw20wes,Peter Bankes,Crystal Palace FC,Brentford FC,J. Canvot,0,0,0,0,0,0,0,0,2,0,0,0,0,0,0
92,1 Nov 2025,,21035eerys56hl1oi5yw20wes,Peter Bankes,Crystal Palace FC,Brentford FC,K. Ajer,0,0,1,1,0,0,0,0,39,0,0,1,1,3,0
92,1 Nov 2025,,21035eerys56hl1oi5yw20wes,Peter Bankes,Crystal Palace FC,Brentford FC,N. Collins,0,0,1,0,1,0,0,0,73,0,0,0,0,0,1
92,1 Nov 2025,,21035eerys56hl1oi5yw20wes,Peter Bankes,Crystal Palace FC,Brentford FC,Y. Yarmoliuk,0,0,1,0,3,0,0,0,37,0,0,0,0,0,0
92,1 Nov 2025,,21035eerys56hl1oi5yw20wes,Peter Bankes,Crystal Palace FC,Brentford FC,M. Kayode,0,0,0,2,0,0,0,0,30,0,0,0,0,2,0
92,1 Nov 2025,,21035eerys56hl1oi5yw20wes,Peter Bankes,Crystal Palace FC,Brentford FC,M. Damsgaard,0,0,0,6,1,1,0,0,37,0,0,1,0,3,0
92,1 Nov 2025,,21035eerys56hl1oi5yw20wes,Peter Bankes,Crystal Palace FC,Brentford FC,K. Schade,0,0,0,0,1,1,0,1,13,0,0,0,0,1,1
92,1 Nov 2025,,21035eerys56hl1oi5yw20wes,Peter Bankes,Crystal Palace FC,Brentford FC,C. Kelleher,0,0,0,0,0,0,0,0,31,0,2,0,0,0,0
92,1 Nov 2025,,21035eerys56hl1oi5yw20wes,Peter Bankes,Crystal Palace FC,Brentford FC,J. Henderson,0,1,0,0,0,0,0,0,68,0,0,1,0,0,1
92,1 Nov 2025,,21035eerys56hl1oi5yw20wes,Peter Bankes,Crystal Palace FC,Brentford FC,D. Ouattara,0,1,1,3,0,3,0,0,22,0,0,1,0,0,0
92,1 Nov 2025,,21035eerys56hl1oi5yw20wes,Peter Bankes,Crystal Palace FC,Brentford FC,Igor Thiago,0,0,0,0,3,0,0,1,15,0,0,0,0,2,0
92,1 Nov 2025,,21035eerys56hl1oi5yw20wes,Peter Bankes,Crystal Palace FC,Brentford FC,S. van den Berg,0,0,0,0,2,0,0,0,62,0,0,0,0,2,0
92,1 Nov 2025,,21035eerys56hl1oi5yw20wes,Peter Bankes,Crystal Palace FC,Brentford FC,K. Lewis-Potter,0,0,0,2,0,0,0,0,22,0,0,0,0,0,0
92,1 Nov 2025,,21035eerys56hl1oi5yw20wes,Peter Bankes,Crystal Palace FC,Brentford FC,V. Janelt,0,0,0,0,0,0,0,0,15,0,0,1,0,2,0
92,1 Nov 2025,,21035eerys56hl1oi5yw20wes,Peter Bankes,Crystal Palace FC,Brentford FC,M. Jensen,0,0,0,2,0,0,0,1,17,0,0,0,0,1,0
92,1 Nov 2025,,21035eerys56hl1oi5yw20wes,Peter Bankes,Crystal Palace FC,Brentford FC,R. Nelson,0,0,1,0,0,1,0,0,10,0,0,1,1,0,0
92,1 Nov 2025,,21035eerys56hl1oi5yw20wes,Peter Bankes,Crystal Palace FC,Brentford FC,Fábio Carvalho,0,0,0,1,0,0,0,0,2,0,0,0,0,0,0
93,1 Nov 2025,,21e9qf2g143huh7h7gqpcj310,John Brooks,Fulham FC,Wolverhampton Wanderers FC,J. Andersen,0,1,2,0,2,0,0,0,78,0,0,1,0,0,0
93,1 Nov 2025,,21e9qf2g143huh7h7gqpcj310,John Brooks,Fulham FC,Wolverhampton Wanderers FC,H. Wilson,0,1,0,7,1,2,1,1,24,0,0,5,2,0,0
93,1 Nov 2025,,21e9qf2g143huh7h7gqpcj310,John Brooks,Fulham FC,Wolverhampton Wanderers FC,K. Tete,0,0,4,3,1,1,0,0,58,0,0,3,2,1,0
93,1 Nov 2025,,21e9qf2g143huh7h7gqpcj310,John Brooks,Fulham FC,Wolverhampton Wanderers FC,R. Jiménez,1,0,0,1,2,2,0,1,19,0,0,0,0,0,0
93,1 Nov 2025,,21e9qf2g143huh7h7gqpcj310,John Brooks,Fulham FC,Wolverhampton Wanderers FC,R. Sessegnon,0,0,0,1,2,0,1,0,59,0,0,1,1,0,0
93,1 Nov 2025,,21e9qf2g143huh7h7gqpcj310,John Brooks,Fulham FC,Wolverhampton Wanderers FC,A. Iwobi,0,1,1,4,0,0,0,0,79,0,0,1,0,0,0
93,1 Nov 2025,,21e9qf2g143huh7h7gqpcj310,John Brooks,Fulham FC,Wolverhampton Wanderers FC,Kevin,0,0,0,4,1,1,0,0,20,0,0,0,0,1,0
93,1 Nov 2025,,21e9qf2g143huh7h7gqpcj310,John Brooks,Fulham FC,Wolverhampton Wanderers FC,J. King,0,0,0,0,0,5,0,1,22,0,0,1,0,1,0
93,1 Nov 2025,,21e9qf2g143huh7h7gqpcj310,John Brooks,Fulham FC,Wolverhampton Wanderers FC,C. Bassey,0,0,0,0,0,0,0,0,60,0,0,0,0,2,0
93,1 Nov 2025,,21e9qf2g143huh7h7gqpcj310,John Brooks,Fulham FC,Wolverhampton Wanderers FC,B. Leno,0,0,0,0,0,0,0,0,25,0,2,0,0,0,0
93,1 Nov 2025,,21e9qf2g143huh7h7gqpcj310,John Brooks,Fulham FC,Wolverhampton Wanderers FC,S. Berge,0,1,1,0,1,0,0,0,53,0,0,1,0,1,1
93,1 Nov 2025,,21e9qf2g143huh7h7gqpcj310,John Brooks,Fulham FC,Wolverhampton Wanderers FC,Rodrigo Muniz,0,1,0,0,0,1,0,0,0,0,0,1,0,0,0
93,1 Nov 2025,,21e9qf2g143huh7h7gqpcj310,John Brooks,Fulham FC,Wolverhampton Wanderers FC,T. Cairney,0,1,1,0,0,0,0,0,22,0,0,1,0,0,0
93,1 Nov 2025,,21e9qf2g143huh7h7gqpcj310,John Brooks,Fulham FC,Wolverhampton Wanderers FC,E. Smith Rowe,0,1,0,1,0,1,0,0,20,0,0,1,0,0,0
93,1 Nov 2025,,21e9qf2g143huh7h7gqpcj310,John Brooks,Fulham FC,Wolverhampton Wanderers FC,S. Chukwueze,0,0,1,0,2,0,0,0,6,0,0,2,1,0,0
93,1 Nov 2025,,21e9qf2g143huh7h7gqpcj310,John Brooks,Fulham FC,Wolverhampton Wanderers FC,Adama Traoré,0,1,0,0,1,0,0,0,4,0,0,1,0,0,0
93,1 Nov 2025,,21e9qf2g143huh7h7gqpcj310,John Brooks,Fulham FC,Wolverhampton Wanderers FC,J. Bellegarde,0,0,0,2,1,2,0,0,15,0,0,2,1,1,0
93,1 Nov 2025,,21e9qf2g143huh7h7gqpcj310,John Brooks,Fulham FC,Wolverhampton Wanderers FC,S. Johnstone,0,0,0,0,0,0,0,0,40,0,4,0,0,0,0
93,1 Nov 2025,,21e9qf2g143huh7h7gqpcj310,John Brooks,Fulham FC,Wolverhampton Wanderers FC,S. Bueno,0,0,0,0,1,1,0,0,35,0,0,0,0,3,1
93,1 Nov 2025,,21e9qf2g143huh7h7gqpcj310,John Brooks,Fulham FC,Wolverhampton Wanderers FC,Hugo Bueno,0,0,0,5,1,0,0,0,26,0,0,0,0,0,0
93,1 Nov 2025,,21e9qf2g143huh7h7gqpcj310,John Brooks,Fulham FC,Wolverhampton Wanderers FC,Toti Gomes,0,0,0,2,1,0,0,0,21,0,0,0,0,1,1
93,1 Nov 2025,,21e9qf2g143huh7h7gqpcj310,John Brooks,Fulham FC,Wolverhampton Wanderers FC,L. Krejčí,0,0,0,0,3,0,0,0,37,0,0,1,1,1,0
93,1 Nov 2025,,21e9qf2g143huh7h7gqpcj310,John Brooks,Fulham FC,Wolverhampton Wanderers FC,E. Agbadou,0,0,0,0,3,1,0,0,21,1,0,0,0,1,0
93,1 Nov 2025,,21e9qf2g143huh7h7gqpcj310,John Brooks,Fulham FC,Wolverhampton Wanderers FC,J. Strand Larsen,0,0,0,0,1,1,0,0,14,0,0,0,0,0,0
93,1 Nov 2025,,21e9qf2g143huh7h7gqpcj310,John Brooks,Fulham FC,Wolverhampton Wanderers FC,J. Arias,0,0,0,1,0,0,0,0,9,0,0,0,0,2,0
93,1 Nov 2025,,21e9qf2g143huh7h7gqpcj310,John Brooks,Fulham FC,Wolverhampton Wanderers FC,K. Hoever,0,0,0,3,0,0,0,0,13,0,0,0,0,2,0
93,1 Nov 2025,,21e9qf2g143huh7h7gqpcj310,John Brooks,Fulham FC,Wolverhampton Wanderers FC,M. Munetsi,0,0,1,2,0,2,0,0,24,0,0,1,0,3,0
93,1 Nov 2025,,21e9qf2g143huh7h7gqpcj310,John Brooks,Fulham FC,Wolverhampton Wanderers FC,João Gomes,0,0,0,0,1,2,0,0,23,0,0,0,0,1,0
93,1 Nov 2025,,21e9qf2g143huh7h7gqpcj310,John Brooks,Fulham FC,Wolverhampton Wanderers FC,J. Tchatchoua,0,0,0,1,1,0,0,0,8,0,0,0,0,0,0
93,1 Nov 2025,,21e9qf2g143huh7h7gqpcj310,John Brooks,Fulham FC,Wolverhampton Wanderers FC,Y. Mosquera,0,0,0,0,0,2,0,0,16,0,0,0,0,1,1
93,1 Nov 2025,,21e9qf2g143huh7h7gqpcj310,John Brooks,Fulham FC,Wolverhampton Wanderers FC,T. Arokodare,0,1,0,0,1,1,0,0,4,0,0,1,0,0,0
93,1 Nov 2025,,21e9qf2g143huh7h7gqpcj310,John Brooks,Fulham FC,Wolverhampton Wanderers FC,André,0,0,0,0,0,1,0,0,10,0,0,0,0,1,0
94,1 Nov 2025,,21snm4gvykm9jjq1rzq17ejo4,Stuart Attwell,Liverpool FC,Aston Villa FC,D. Szoboszlai,0,0,0,2,1,0,0,1,58,0,0,3,2,2,1
94,1 Nov 2025,,21snm4gvykm9jjq1rzq17ejo4,Stuart Attwell,Liverpool FC,Aston Villa FC,Mohamed Salah,0,1,0,2,0,2,1,2,31,0,0,3,1,0,0
94,1 Nov 2025,,21snm4gvykm9jjq1rzq17ejo4,Stuart Attwell,Liverpool FC,Aston Villa FC,R. Gravenberch,0,1,0,0,1,2,1,0,52,0,0,2,1,3,0
94,1 Nov 2025,,21snm4gvykm9jjq1rzq17ejo4,Stuart Attwell,Liverpool FC,Aston Villa FC,C. Bradley,0,0,0,0,1,1,0,1,37,0,0,1,0,1,0
94,1 Nov 2025,,21snm4gvykm9jjq1rzq17ejo4,Stuart Attwell,Liverpool FC,Aston Villa FC,I. Konaté,0,0,0,0,2,0,0,0,49,0,0,1,0,0,0
94,1 Nov 2025,,21snm4gvykm9jjq1rzq17ejo4,Stuart Attwell,Liverpool FC,Aston Villa FC,V. van Dijk,0,0,0,0,1,0,0,0,82,0,0,0,0,1,1
94,1 Nov 2025,,21snm4gvykm9jjq1rzq17ejo4,Stuart Attwell,Liverpool FC,Aston Villa FC,A. Robertson,0,1,0,4,0,0,0,1,52,0,0,1,0,1,0
94,1 Nov 2025,,21snm4gvykm9jjq1rzq17ejo4,Stuart Attwell,Liverpool FC,Aston Villa FC,G. Mamardashvili,0,0,0,0,0,0,0,0,19,0,3,0,0,0,0
94,1 Nov 2025,,21snm4gvykm9jjq1rzq17ejo4,Stuart Attwell,Liverpool FC,Aston Villa FC,A. Mac Allister,1,1,0,0,1,3,0,0,51,0,0,1,0,2,0
94,1 Nov 2025,,21snm4gvykm9jjq1rzq17ejo4,Stuart Attwell,Liverpool FC,Aston Villa FC,C. Gakpo,0,1,1,3,1,2,0,2,22,0,0,4,0,1,0
94,1 Nov 2025,,21snm4gvykm9jjq1rzq17ejo4,Stuart Attwell,Liverpool FC,Aston Villa FC,H. Ekitiké,0,0,0,0,4,1,0,1,12,0,0,0,0,0,0
94,1 Nov 2025,,21snm4gvykm9jjq1rzq17ejo4,Stuart Attwell,Liverpool FC,Aston Villa FC,F. Wirtz,0,0,0,0,1,0,0,0,2,0,0,0,0,1,0
94,1 Nov 2025,,21snm4gvykm9jjq1rzq17ejo4,Stuart Attwell,Liverpool FC,Aston Villa FC,M. Rogers,0,0,1,2,1,2,0,0,25,0,0,3,1,3,1
94,1 Nov 2025,,21snm4gvykm9jjq1rzq17ejo4,Stuart Attwell,Liverpool FC,Aston Villa FC,A. Onana,0,0,0,0,1,2,0,0,49,0,0,0,0,2,1
94,1 Nov 2025,,21snm4gvykm9jjq1rzq17ejo4,Stuart Attwell,Liverpool FC,Aston Villa FC,M. Cash,0,0,2,8,1,0,0,0,27,0,0,2,1,0,1
94,1 Nov 2025,,21snm4gvykm9jjq1rzq17ejo4,Stuart Attwell,Liverpool FC,Aston Villa FC,E. Konsa,0,0,0,1,1,4,0,0,57,0,0,0,0,0,0
94,1 Nov 2025,,21snm4gvykm9jjq1rzq17ejo4,Stuart Attwell,Liverpool FC,Aston Villa FC,E. Martínez,0,0,0,0,0,0,0,0,47,0,2,0,0,0,0
94,1 Nov 2025,,21snm4gvykm9jjq1rzq17ejo4,Stuart Attwell,Liverpool FC,Aston Villa FC,L. Digne,0,0,0,2,2,0,0,0,21,0,0,0,0,2,0
94,1 Nov 2025,,21snm4gvykm9jjq1rzq17ejo4,Stuart Attwell,Liverpool FC,Aston Villa FC,Pau Torres,0,0,0,1,0,1,0,0,39,0,0,0,0,0,0
94,1 Nov 2025,,21snm4gvykm9jjq1rzq17ejo4,Stuart Attwell,Liverpool FC,Aston Villa FC,J. McGinn,0,0,0,1,0,0,0,0,19,0,0,0,0,3,0
94,1 Nov 2025,,21snm4gvykm9jjq1rzq17ejo4,Stuart Attwell,Liverpool FC,Aston Villa FC,B. Kamara,0,0,0,0,2,1,0,0,50,0,0,0,0,1,0
94,1 Nov 2025,,21snm4gvykm9jjq1rzq17ejo4,Stuart Attwell,Liverpool FC,Aston Villa FC,O. Watkins,0,0,0,0,0,2,0,0,11,0,0,0,0,0,0
94,1 Nov 2025,,21snm4gvykm9jjq1rzq17ejo4,Stuart Attwell,Liverpool FC,Aston Villa FC,E. Guessand,0,1,0,0,2,0,0,0,5,0,0,1,0,0,0
94,1 Nov 2025,,21snm4gvykm9jjq1rzq17ejo4,Stuart Attwell,Liverpool FC,Aston Villa FC,R. Barkley,0,0,0,0,0,0,0,0,9,0,0,2,1,0,0
94,1 Nov 2025,,21snm4gvykm9jjq1rzq17ejo4,Stuart Attwell,Liverpool FC,Aston Villa FC,D. Malen,0,0,0,0,0,0,0,0,2,0,0,1,0,0,0
94,1 Nov 2025,,21snm4gvykm9jjq1rzq17ejo4,Stuart Attwell,Liverpool FC,Aston Villa FC,T. Mings,0,0,0,0,0,1,0,0,10,0,0,0,0,0,0
94,1 Nov 2025,,21snm4gvykm9jjq1rzq17ejo4,Stuart Attwell,Liverpool FC,Aston Villa FC,I. Maatsen,0,0,0,2,1,0,0,0,14,0,0,0,0,0,0
94,1 Nov 2025,,21snm4gvykm9jjq1rzq17ejo4,Stuart Attwell,Liverpool FC,Aston Villa FC,J. Sancho,0,0,1,1,0,0,0,0,13,0,0,1,0,0,0
95,2 Nov 2025,,226u5j38rgjs64xqe4t2j2fis,Anthony Taylor,Manchester City FC,AFC Bournemouth,Matheus Nunes,0,0,0,0,0,3,0,0,47,0,0,0,0,1,0
95,2 Nov 2025,,226u5j38rgjs64xqe4t2j2fis,Anthony Taylor,Manchester City FC,AFC Bournemouth,G. Donnarumma,0,0,0,0,0,1,0,0,26,0,4,0,0,0,1
95,2 Nov 2025,,226u5j38rgjs64xqe4t2j2fis,Anthony Taylor,Manchester City FC,AFC Bournemouth,R. Cherki,2,1,2,1,0,0,0,0,48,0,0,3,1,3,0
95,2 Nov 2025,,226u5j38rgjs64xqe4t2j2fis,Anthony Taylor,Manchester City FC,AFC Bournemouth,J. Doku,0,0,2,0,2,0,0,0,27,0,0,0,0,1,0
95,2 Nov 2025,,226u5j38rgjs64xqe4t2j2fis,Anthony Taylor,Manchester City FC,AFC Bournemouth,Nico González,0,0,0,0,1,2,0,0,65,0,0,0,0,1,0
95,2 Nov 2025,,226u5j38rgjs64xqe4t2j2fis,Anthony Taylor,Manchester City FC,AFC Bournemouth,Bernardo Silva,0,0,1,2,2,0,0,0,69,0,0,0,0,2,0
95,2 Nov 2025,,226u5j38rgjs64xqe4t2j2fis,Anthony Taylor,Manchester City FC,AFC Bournemouth,Rúben Dias,0,0,0,0,0,0,0,0,38,0,0,0,0,0,0
95,2 Nov 2025,,226u5j38rgjs64xqe4t2j2fis,Anthony Taylor,Manchester City FC,AFC Bournemouth,N. O'Reilly,0,0,0,3,1,0,1,0,39,0,0,2,2,0,0
95,2 Nov 2025,,226u5j38rgjs64xqe4t2j2fis,Anthony Taylor,Manchester City FC,AFC Bournemouth,J. Gvardiol,0,0,0,0,1,2,0,0,36,0,0,0,0,1,0
95,2 Nov 2025,,226u5j38rgjs64xqe4t2j2fis,Anthony Taylor,Manchester City FC,AFC Bournemouth,P. Foden,1,1,2,8,1,3,0,0,46,0,0,1,0,1,1
95,2 Nov 2025,,226u5j38rgjs64xqe4t2j2fis,Anthony Taylor,Manchester City FC,AFC Bournemouth,E. Haaland,0,0,1,0,0,0,2,0,13,0,0,6,4,0,0
95,2 Nov 2025,,226u5j38rgjs64xqe4t2j2fis,Anthony Taylor,Manchester City FC,AFC Bournemouth,Savinho,0,0,0,1,0,0,0,0,10,0,0,0,0,0,0
95,2 Nov 2025,,226u5j38rgjs64xqe4t2j2fis,Anthony Taylor,Manchester City FC,AFC Bournemouth,T. Reijnders,0,1,2,1,0,0,0,0,14,0,0,2,1,0,0
95,2 Nov 2025,,226u5j38rgjs64xqe4t2j2fis,Anthony Taylor,Manchester City FC,AFC Bournemouth,Omar Marmoush,0,0,0,0,0,0,0,0,1,0,0,1,0,0,0
95,2 Nov 2025,,226u5j38rgjs64xqe4t2j2fis,Anthony Taylor,Manchester City FC,AFC Bournemouth,Rodri,0,0,0,0,0,0,0,0,10,0,0,0,0,0,0
95,2 Nov 2025,,226u5j38rgjs64xqe4t2j2fis,Anthony Taylor,Manchester City FC,AFC Bournemouth,R. Aït-Nouri,0,0,0,0,0,0,0,0,4,0,0,0,0,0,0
95,2 Nov 2025,,226u5j38rgjs64xqe4t2j2fis,Anthony Taylor,Manchester City FC,AFC Bournemouth,M. Tavernier,0,1,1,2,1,0,0,0,37,0,0,1,0,0,0
95,2 Nov 2025,,226u5j38rgjs64xqe4t2j2fis,Anthony Taylor,Manchester City FC,AFC Bournemouth,T. Adams,0,0,0,0,1,0,1,0,63,0,0,1,1,3,0
95,2 Nov 2025,,226u5j38rgjs64xqe4t2j2fis,Anthony Taylor,Manchester City FC,AFC Bournemouth,A. Truffert,0,0,2,6,1,1,0,0,65,0,0,1,0,4,1
95,2 Nov 2025,,226u5j38rgjs64xqe4t2j2fis,Anthony Taylor,Manchester City FC,AFC Bournemouth,A. Semenyo,0,0,0,3,3,0,0,0,28,0,0,2,2,2,0
95,2 Nov 2025,,226u5j38rgjs64xqe4t2j2fis,Anthony Taylor,Manchester City FC,AFC Bournemouth,M. Senesi,0,0,0,1,0,0,0,0,75,0,0,0,0,2,0
95,2 Nov 2025,,226u5j38rgjs64xqe4t2j2fis,Anthony Taylor,Manchester City FC,AFC Bournemouth,J. Kroupi,0,0,1,0,1,1,0,1,6,0,0,2,1,1,0
95,2 Nov 2025,,226u5j38rgjs64xqe4t2j2fis,Anthony Taylor,Manchester City FC,AFC Bournemouth,A. Scott,0,0,0,3,0,2,0,0,36,0,0,0,0,0,0
95,2 Nov 2025,,226u5j38rgjs64xqe4t2j2fis,Anthony Taylor,Manchester City FC,AFC Bournemouth,D. Brooks,0,0,0,1,0,2,0,0,16,0,0,1,1,2,0
95,2 Nov 2025,,226u5j38rgjs64xqe4t2j2fis,Anthony Taylor,Manchester City FC,AFC Bournemouth,B. Diakité,0,0,0,0,0,0,0,1,66,0,0,0,0,3,0
95,2 Nov 2025,,226u5j38rgjs64xqe4t2j2fis,Anthony Taylor,Manchester City FC,AFC Bournemouth,Álex Jiménez,0,0,0,0,0,2,0,0,31,0,0,0,0,3,0
95,2 Nov 2025,,226u5j38rgjs64xqe4t2j2fis,Anthony Taylor,Manchester City FC,AFC Bournemouth,Đ. Petrović,0,0,0,0,0,0,0,0,26,0,4,0,0,0,0
95,2 Nov 2025,,226u5j38rgjs64xqe4t2j2fis,Anthony Taylor,Manchester City FC,AFC Bournemouth,L. Cook,0,0,0,1,0,0,0,0,31,0,0,0,0,1,0
95,2 Nov 2025,,226u5j38rgjs64xqe4t2j2fis,Anthony Taylor,Manchester City FC,AFC Bournemouth,J. Kluivert,0,0,0,1,2,0,0,0,15,0,0,0,0,0,1
95,2 Nov 2025,,226u5j38rgjs64xqe4t2j2fis,Anthony Taylor,Manchester City FC,AFC Bournemouth,Evanilson,0,0,0,0,1,0,0,1,1,0,0,0,0,0,0
95,2 Nov 2025,,226u5j38rgjs64xqe4t2j2fis,Anthony Taylor,Manchester City FC,AFC Bournemouth,R. Christie,0,0,0,1,0,0,0,0,15,0,0,0,0,1,0
95,2 Nov 2025,,226u5j38rgjs64xqe4t2j2fis,Anthony Taylor,Manchester City FC,AFC Bournemouth,B. Gannon-Doak,0,0,0,1,1,0,0,0,10,0,0,0,0,1,0
96,1 Nov 2025,,22l2npjyvz69z79ahof2wafpw,Darren England,Nottingham Forest FC,Manchester United FC,Murillo,0,0,0,0,0,0,0,0,28,0,0,1,0,2,0
96,1 Nov 2025,,22l2npjyvz69z79ahof2wafpw,Darren England,Nottingham Forest FC,Manchester United FC,C. Hudson-Odoi,0,1,1,4,1,0,0,0,20,0,0,4,0,2,0
96,1 Nov 2025,,22l2npjyvz69z79ahof2wafpw,Darren England,Nottingham Forest FC,Manchester United FC,N. Milenković,0,0,0,0,0,0,0,0,37,0,0,2,0,0,0
96,1 Nov 2025,,22l2npjyvz69z79ahof2wafpw,Darren England,Nottingham Forest FC,Manchester United FC,M. Sels,0,0,0,0,0,0,0,0,31,0,4,0,0,0,0
96,1 Nov 2025,,22l2npjyvz69z79ahof2wafpw,Darren England,Nottingham Forest FC,Manchester United FC,Igor Jesus,0,2,1,1,1,1,0,1,12,0,0,3,0,0,0
96,1 Nov 2025,,22l2npjyvz69z79ahof2wafpw,Darren England,Nottingham Forest FC,Manchester United FC,Douglas Luiz,0,0,0,2,0,0,0,0,8,0,0,0,0,0,0
96,1 Nov 2025,,22l2npjyvz69z79ahof2wafpw,Darren England,Nottingham Forest FC,Manchester United FC,N. Williams,0,1,1,2,0,0,0,0,24,0,0,1,0,4,0
96,1 Nov 2025,,22l2npjyvz69z79ahof2wafpw,Darren England,Nottingham Forest FC,Manchester United FC,E. Anderson,0,1,2,7,2,3,0,0,63,0,0,2,0,1,0
96,1 Nov 2025,,22l2npjyvz69z79ahof2wafpw,Darren England,Nottingham Forest FC,Manchester United FC,N. Savona,0,0,1,3,1,0,1,0,29,0,0,1,1,4,0
96,1 Nov 2025,,22l2npjyvz69z79ahof2wafpw,Darren England,Nottingham Forest FC,Manchester United FC,M. Gibbs-White,0,1,0,1,0,0,1,0,35,0,0,2,1,0,0
96,1 Nov 2025,,22l2npjyvz69z79ahof2wafpw,Darren England,Nottingham Forest FC,Manchester United FC,D. Ndoye,0,0,2,4,3,1,0,1,22,0,0,1,1,3,1
96,1 Nov 2025,,22l2npjyvz69z79ahof2wafpw,Darren England,Nottingham Forest FC,Manchester United FC,R. Yates,1,0,0,1,2,1,0,0,37,0,0,0,0,1,0
96,1 Nov 2025,,22l2npjyvz69z79ahof2wafpw,Darren England,Nottingham Forest FC,Manchester United FC,T. Awoniyi,0,0,0,0,0,0,0,0,4,0,0,0,0,0,0
96,1 Nov 2025,,22l2npjyvz69z79ahof2wafpw,Darren England,Nottingham Forest FC,Manchester United FC,I. Sangaré,0,0,0,0,0,0,0,0,0,0,0,0,0,0,0
96,1 Nov 2025,,22l2npjyvz69z79ahof2wafpw,Darren England,Nottingham Forest FC,Manchester United FC,B. Mbeumo,0,0,3,6,1,0,0,0,41,0,0,1,1,0,0
96,1 Nov 2025,,22l2npjyvz69z79ahof2wafpw,Darren England,Nottingham Forest FC,Manchester United FC,S. Lammens,0,0,0,0,0,0,0,0,38,0,1,0,0,0,0
96,1 Nov 2025,,22l2npjyvz69z79ahof2wafpw,Darren England,Nottingham Forest FC,Manchester United FC,Matheus Cunha,0,1,0,0,1,5,0,0,36,0,0,2,1,1,0
96,1 Nov 2025,,22l2npjyvz69z79ahof2wafpw,Darren England,Nottingham Forest FC,Manchester United FC,L. Shaw,0,0,0,0,1,1,0,0,74,0,0,0,0,2,0
96,1 Nov 2025,,22l2npjyvz69z79ahof2wafpw,Darren England,Nottingham Forest FC,Manchester United FC,Casemiro,0,2,1,1,3,0,1,0,63,0,0,4,1,3,0
96,1 Nov 2025,,22l2npjyvz69z79ahof2wafpw,Darren England,Nottingham Forest FC,Manchester United FC,M. de Ligt,0,0,0,0,0,0,0,0,47,0,0,0,0,1,0
96,1 Nov 2025,,22l2npjyvz69z79ahof2wafpw,Darren England,Nottingham Forest FC,Manchester United FC,L. Yoro,0,0,0,0,0,0,0,0,52,0,0,0,0,3,0
96,1 Nov 2025,,22l2npjyvz69z79ahof2wafpw,Darren England,Nottingham Forest FC,Manchester United FC,Bruno Fernandes,1,1,0,1,0,2,0,0,75,0,0,2,0,0,0
96,1 Nov 2025,,22l2npjyvz69z79ahof2wafpw,Darren England,Nottingham Forest FC,Manchester United FC,A. Diallo,0,0,0,2,0,1,1,1,44,0,0,4,3,1,0
96,1 Nov 2025,,22l2npjyvz69z79ahof2wafpw,Darren England,Nottingham Forest FC,Manchester United FC,Diogo Dalot,0,0,0,2,1,1,0,0,24,0,0,0,0,1,0
96,1 Nov 2025,,22l2npjyvz69z79ahof2wafpw,Darren England,Nottingham Forest FC,Manchester United FC,B. Šeško,0,1,1,0,0,0,0,0,13,0,0,3,0,0,0
96,1 Nov 2025,,22l2npjyvz69z79ahof2wafpw,Darren England,Nottingham Forest FC,Manchester United FC,P. Dorgu,0,0,0,1,0,0,0,0,7,0,0,2,1,0,0
96,1 Nov 2025,,22l2npjyvz69z79ahof2wafpw,Darren England,Nottingham Forest FC,Manchester United FC,N. Mazraoui,0,0,0,0,0,0,0,0,11,0,0,0,0,0,1
97,3 Nov 2025,,22zbg00zkak0gf8r3yyzqllhw,Thomas Bramall,Sunderland AFC,Everton FC,D. Ballard,0,1,0,0,0,3,0,1,91,0,0,2,0,1,0
97,3 Nov 2025,,22zbg00zkak0gf8r3yyzqllhw,Thomas Bramall,Sunderland AFC,Everton FC,G. Xhaka,0,0,0,6,1,2,1,0,69,0,0,1,1,3,0
97,3 Nov 2025,,22zbg00zkak0gf8r3yyzqllhw,Thomas Bramall,Sunderland AFC,Everton FC,R. Roefs,0,0,0,0,0,1,0,0,43,0,1,0,0,0,0
97,3 Nov 2025,,22zbg00zkak0gf8r3yyzqllhw,Thomas Bramall,Sunderland AFC,Everton FC,N. Mukiele,0,1,0,4,0,2,0,0,44,0,0,2,0,0,1
97,3 Nov 2025,,22zbg00zkak0gf8r3yyzqllhw,Thomas Bramall,Sunderland AFC,Everton FC,T. Hume,0,0,1,3,3,0,0,0,32,0,0,1,1,0,1
97,3 Nov 2025,,22zbg00zkak0gf8r3yyzqllhw,Thomas Bramall,Sunderland AFC,Everton FC,L. Geertruida,0,0,0,0,0,0,0,0,74,0,0,1,0,2,0
97,3 Nov 2025,,22zbg00zkak0gf8r3yyzqllhw,Thomas Bramall,Sunderland AFC,Everton FC,Reinildo Mandava,0,1,0,1,2,1,0,1,52,0,0,1,0,2,0
97,3 Nov 2025,,22zbg00zkak0gf8r3yyzqllhw,Thomas Bramall,Sunderland AFC,Everton FC,B. Traoré,0,2,1,2,1,1,0,0,25,0,0,4,0,1,0
97,3 Nov 2025,,22zbg00zkak0gf8r3yyzqllhw,Thomas Bramall,Sunderland AFC,Everton FC,N. Sadiki,0,0,1,2,1,2,0,0,43,0,0,0,0,2,1
97,3 Nov 2025,,22zbg00zkak0gf8r3yyzqllhw,Thomas Bramall,Sunderland AFC,Everton FC,E. Le Fée,1,1,0,2,1,0,0,0,43,0,0,2,0,3,0
97,3 Nov 2025,,22zbg00zkak0gf8r3yyzqllhw,Thomas Bramall,Sunderland AFC,Everton FC,W. Isidor,0,1,1,0,0,0,0,0,9,0,0,3,1,0,0
97,3 Nov 2025,,22zbg00zkak0gf8r3yyzqllhw,Thomas Bramall,Sunderland AFC,Everton FC,B. Brobbey,0,0,0,0,1,0,0,0,0,0,0,0,0,0,0
97,3 Nov 2025,,22zbg00zkak0gf8r3yyzqllhw,Thomas Bramall,Sunderland AFC,Everton FC,C. Talbi,0,0,0,1,0,0,0,0,4,0,0,0,0,0,0
97,3 Nov 2025,,22zbg00zkak0gf8r3yyzqllhw,Thomas Bramall,Sunderland AFC,Everton FC,J. Garner,0,0,0,4,0,2,0,0,38,0,0,1,0,2,0
97,3 Nov 2025,,22zbg00zkak0gf8r3yyzqllhw,Thomas Bramall,Sunderland AFC,Everton FC,J. Pickford,0,0,0,0,0,0,0,0,32,0,2,0,0,0,0
97,3 Nov 2025,,22zbg00zkak0gf8r3yyzqllhw,Thomas Bramall,Sunderland AFC,Everton FC,T. Barry,0,1,0,0,3,0,0,0,11,0,0,2,0,0,1
97,3 Nov 2025,,22zbg00zkak0gf8r3yyzqllhw,Thomas Bramall,Sunderland AFC,Everton FC,J. Tarkowski,0,0,1,0,0,0,0,0,42,0,0,0,0,0,0
97,3 Nov 2025,,22zbg00zkak0gf8r3yyzqllhw,Thomas Bramall,Sunderland AFC,Everton FC,K. Dewsbury-Hall,0,1,0,2,1,1,0,0,24,0,0,1,0,1,0
97,3 Nov 2025,,22zbg00zkak0gf8r3yyzqllhw,Thomas Bramall,Sunderland AFC,Everton FC,J. Grealish,0,0,0,2,0,2,0,0,28,0,0,1,0,0,0
97,3 Nov 2025,,22zbg00zkak0gf8r3yyzqllhw,Thomas Bramall,Sunderland AFC,Everton FC,V. Mykolenko,0,0,0,0,1,1,0,0,31,0,0,1,1,2,0
97,3 Nov 2025,,22zbg00zkak0gf8r3yyzqllhw,Thomas Bramall,Sunderland AFC,Everton FC,I. Gueye,0,0,0,0,2,2,0,0,44,0,0,0,0,4,0
97,3 Nov 2025,,22zbg00zkak0gf8r3yyzqllhw,Thomas Bramall,Sunderland AFC,Everton FC,J. O'Brien,0,0,0,0,1,0,0,0,33,0,0,0,0,1,0
97,3 Nov 2025,,22zbg00zkak0gf8r3yyzqllhw,Thomas Bramall,Sunderland AFC,Everton FC,M. Keane,0,0,0,0,0,0,0,0,25,0,0,0,0,1,0
97,3 Nov 2025,,22zbg00zkak0gf8r3yyzqllhw,Thomas Bramall,Sunderland AFC,Everton FC,I. Ndiaye,0,1,0,0,0,1,1,0,19,0,0,2,1,2,0
97,3 Nov 2025,,22zbg00zkak0gf8r3yyzqllhw,Thomas Bramall,Sunderland AFC,Everton FC,Beto,0,0,0,0,2,0,0,0,2,0,0,0,0,0,0
97,3 Nov 2025,,22zbg00zkak0gf8r3yyzqllhw,Thomas Bramall,Sunderland AFC,Everton FC,D. McNeil,0,0,0,1,1,0,0,0,7,0,0,0,0,1,0
97,3 Nov 2025,,22zbg00zkak0gf8r3yyzqllhw,Thomas Bramall,Sunderland AFC,Everton FC,T. Iroegbunam,0,0,0,0,0,1,0,0,3,0,0,0,0,0,0
97,3 Nov 2025,,22zbg00zkak0gf8r3yyzqllhw,Thomas Bramall,Sunderland AFC,Everton FC,C. Alcaraz,0,0,0,0,1,0,0,0,8,0,0,0,0,0,1
98,1 Nov 2025,,23f8sz2bv6v5zzsc5k00guhw4,Jarred Gillett,Tottenham Hotspur FC,Chelsea FC,G. Vicario,0,0,0,0,0,0,0,0,36,0,8,0,0,0,0
98,1 Nov 2025,,23f8sz2bv6v5zzsc5k00guhw4,Jarred Gillett,Tottenham Hotspur FC,Chelsea FC,K. Danso,0,0,0,0,2,0,0,0,35,0,0,0,0,2,1
98,1 Nov 2025,,23f8sz2bv6v5zzsc5k00guhw4,Jarred Gillett,Tottenham Hotspur FC,Chelsea FC,Pedro Porro,0,0,2,5,0,1,0,0,31,0,0,0,0,0,0
98,1 Nov 2025,,23f8sz2bv6v5zzsc5k00guhw4,Jarred Gillett,Tottenham Hotspur FC,Chelsea FC,M. Kudus,0,1,0,6,1,2,0,0,26,0,0,3,1,2,1
98,1 Nov 2025,,23f8sz2bv6v5zzsc5k00guhw4,Jarred Gillett,Tottenham Hotspur FC,Chelsea FC,M. van de Ven,0,0,0,0,0,0,0,0,56,0,0,0,0,2,0
98,1 Nov 2025,,23f8sz2bv6v5zzsc5k00guhw4,Jarred Gillett,Tottenham Hotspur FC,Chelsea FC,L. Bergvall,0,0,0,0,0,0,0,0,1,0,0,0,0,0,0
98,1 Nov 2025,,23f8sz2bv6v5zzsc5k00guhw4,Jarred Gillett,Tottenham Hotspur FC,Chelsea FC,P. Sarr,0,0,0,1,3,0,0,0,33,0,0,0,0,3,0
98,1 Nov 2025,,23f8sz2bv6v5zzsc5k00guhw4,Jarred Gillett,Tottenham Hotspur FC,Chelsea FC,R. Bentancur,0,0,0,0,1,1,0,0,30,0,0,0,0,2,1
98,1 Nov 2025,,23f8sz2bv6v5zzsc5k00guhw4,Jarred Gillett,Tottenham Hotspur FC,Chelsea FC,João Palhinha,0,0,0,0,2,2,0,0,36,0,0,0,0,5,0
98,1 Nov 2025,,23f8sz2bv6v5zzsc5k00guhw4,Jarred Gillett,Tottenham Hotspur FC,Chelsea FC,R. Kolo Muani,0,0,0,0,0,1,0,0,7,0,0,0,0,2,0
98,1 Nov 2025,,23f8sz2bv6v5zzsc5k00guhw4,Jarred Gillett,Tottenham Hotspur FC,Chelsea FC,X. Simons,0,0,1,2,1,2,0,0,29,0,0,0,0,4,1
98,1 Nov 2025,,23f8sz2bv6v5zzsc5k00guhw4,Jarred Gillett,Tottenham Hotspur FC,Chelsea FC,D. Spence,0,0,2,1,2,0,0,0,36,0,0,0,0,4,0
98,1 Nov 2025,,23f8sz2bv6v5zzsc5k00guhw4,Jarred Gillett,Tottenham Hotspur FC,Chelsea FC,C. Romero,0,0,0,0,1,0,0,0,20,0,0,0,0,3,0
98,1 Nov 2025,,23f8sz2bv6v5zzsc5k00guhw4,Jarred Gillett,Tottenham Hotspur FC,Chelsea FC,Richarlison,0,0,0,0,1,2,0,0,3,0,0,0,0,0,0
98,1 Nov 2025,,23f8sz2bv6v5zzsc5k00guhw4,Jarred Gillett,Tottenham Hotspur FC,Chelsea FC,D. Udogie,0,0,0,0,0,0,0,0,6,0,0,0,0,1,0
98,1 Nov 2025,,23f8sz2bv6v5zzsc5k00guhw4,Jarred Gillett,Tottenham Hotspur FC,Chelsea FC,B. Johnson,0,0,1,1,0,0,0,1,2,0,0,0,0,0,0
98,1 Nov 2025,,23f8sz2bv6v5zzsc5k00guhw4,Jarred Gillett,Tottenham Hotspur FC,Chelsea FC,W. Odobert,0,0,0,0,0,0,0,0,0,0,0,0,0,0,0
98,1 Nov 2025,,23f8sz2bv6v5zzsc5k00guhw4,Jarred Gillett,Tottenham Hotspur FC,Chelsea FC,E. Fernández,0,0,0,0,1,2,0,0,46,0,0,2,1,2,1
98,1 Nov 2025,,23f8sz2bv6v5zzsc5k00guhw4,Jarred Gillett,Tottenham Hotspur FC,Chelsea FC,Robert Sánchez,0,0,0,0,0,0,0,0,38,0,1,0,0,0,0
98,1 Nov 2025,,23f8sz2bv6v5zzsc5k00guhw4,Jarred Gillett,Tottenham Hotspur FC,Chelsea FC,João Pedro,0,0,2,0,1,2,1,0,23,0,0,5,5,3,0
98,1 Nov 2025,,23f8sz2bv6v5zzsc5k00guhw4,Jarred Gillett,Tottenham Hotspur FC,Chelsea FC,A. Garnacho,0,0,1,1,1,1,0,0,21,0,0,1,1,2,0
98,1 Nov 2025,,23f8sz2bv6v5zzsc5k00guhw4,Jarred Gillett,Tottenham Hotspur FC,Chelsea FC,Marc Cucurella,0,1,0,0,1,1,0,0,47,0,0,1,0,3,0
98,1 Nov 2025,,23f8sz2bv6v5zzsc5k00guhw4,Jarred Gillett,Tottenham Hotspur FC,Chelsea FC,R. James,0,0,1,5,2,2,0,0,50,0,0,2,0,3,0
98,1 Nov 2025,,23f8sz2bv6v5zzsc5k00guhw4,Jarred Gillett,Tottenham Hotspur FC,Chelsea FC,M. Caicedo,1,0,0,0,1,2,0,0,36,0,0,0,0,2,0
98,1 Nov 2025,,23f8sz2bv6v5zzsc5k00guhw4,Jarred Gillett,Tottenham Hotspur FC,Chelsea FC,W. Fofana,0,0,0,0,3,0,0,0,42,0,0,0,0,0,0
98,1 Nov 2025,,23f8sz2bv6v5zzsc5k00guhw4,Jarred Gillett,Tottenham Hotspur FC,Chelsea FC,T. Chalobah,0,0,0,0,0,2,0,0,44,0,0,0,0,1,1
98,1 Nov 2025,,23f8sz2bv6v5zzsc5k00guhw4,Jarred Gillett,Tottenham Hotspur FC,Chelsea FC,M. Gusto,0,0,0,2,0,0,0,0,32,0,0,0,0,3,0
98,1 Nov 2025,,23f8sz2bv6v5zzsc5k00guhw4,Jarred Gillett,Tottenham Hotspur FC,Chelsea FC,Pedro Neto,0,0,1,3,1,0,0,0,26,0,0,3,2,1,0
98,1 Nov 2025,,23f8sz2bv6v5zzsc5k00guhw4,Jarred Gillett,Tottenham Hotspur FC,Chelsea FC,J. Gittens,0,0,0,1,0,1,0,0,10,0,0,1,0,0,0
98,1 Nov 2025,,23f8sz2bv6v5zzsc5k00guhw4,Jarred Gillett,Tottenham Hotspur FC,Chelsea FC,R. Lavia,0,0,0,1,1,1,0,0,4,0,0,0,0,0,0
98,1 Nov 2025,,23f8sz2bv6v5zzsc5k00guhw4,Jarred Gillett,Tottenham Hotspur FC,Chelsea FC,Estêvão,0,0,0,0,0,0,0,1,4,0,0,0,0,0,0
98,1 Nov 2025,,23f8sz2bv6v5zzsc5k00guhw4,Jarred Gillett,Tottenham Hotspur FC,Chelsea FC,T. Adarabioyo,0,0,0,0,0,0,0,0,2,0,0,0,0,0,0
99,2 Nov 2025,,23tjlpc5v8e21motsxcqu1r84,Robert Jones,West Ham United FC,Newcastle United FC,Mateus Fernandes,1,1,0,1,0,2,0,0,33,0,0,1,0,2,0
99,2 Nov 2025,,23tjlpc5v8e21motsxcqu1r84,Robert Jones,West Ham United FC,Newcastle United FC,A. Areola,0,0,0,0,0,0,0,0,28,0,3,0,0,0,0
99,2 Nov 2025,,23tjlpc5v8e21motsxcqu1r84,Robert Jones,West Ham United FC,Newcastle United FC,C. Wilson,0,0,0,0,1,0,0,1,6,0,0,1,1,0,0
99,2 Nov 2025,,23tjlpc5v8e21motsxcqu1r84,Robert Jones,West Ham United FC,Newcastle United FC,E. Diouf,0,0,0,3,0,1,0,0,35,0,0,0,0,6,0
99,2 Nov 2025,,23tjlpc5v8e21motsxcqu1r84,Robert Jones,West Ham United FC,Newcastle United FC,F. Potts,0,0,0,4,1,0,0,0,39,0,0,0,0,3,0
99,2 Nov 2025,,23tjlpc5v8e21motsxcqu1r84,Robert Jones,West Ham United FC,Newcastle United FC,J. Todibo,0,0,0,0,0,0,0,0,25,0,0,0,0,3,0
99,2 Nov 2025,,23tjlpc5v8e21motsxcqu1r84,Robert Jones,West Ham United FC,Newcastle United FC,M. Kilman,0,1,2,0,0,0,0,0,28,0,0,2,1,1,0
99,2 Nov 2025,,23tjlpc5v8e21motsxcqu1r84,Robert Jones,West Ham United FC,Newcastle United FC,A. Wan-Bissaka,0,0,0,2,1,0,0,1,26,0,0,0,0,1,0
99,2 Nov 2025,,23tjlpc5v8e21motsxcqu1r84,Robert Jones,West Ham United FC,Newcastle United FC,Lucas Paquetá,0,0,2,6,0,2,1,1,53,0,0,2,2,3,1
99,2 Nov 2025,,23tjlpc5v8e21motsxcqu1r84,Robert Jones,West Ham United FC,Newcastle United FC,J. Bowen,0,0,2,3,0,1,0,0,18,0,0,4,2,0,0
99,2 Nov 2025,,23tjlpc5v8e21motsxcqu1r84,Robert Jones,West Ham United FC,Newcastle United FC,C. Summerville,0,1,1,2,1,1,0,0,20,0,0,3,1,2,0
99,2 Nov 2025,,23tjlpc5v8e21motsxcqu1r84,Robert Jones,West Ham United FC,Newcastle United FC,T. Souček,0,0,0,0,1,1,1,1,4,0,0,2,2,0,0
99,2 Nov 2025,,23tjlpc5v8e21motsxcqu1r84,Robert Jones,West Ham United FC,Newcastle United FC,K. Walker-Peters,0,0,0,0,0,0,0,0,4,0,0,0,0,0,0
99,2 Nov 2025,,23tjlpc5v8e21motsxcqu1r84,Robert Jones,West Ham United FC,Newcastle United FC,Igor Julio,0,0,0,0,0,0,0,0,1,0,0,0,0,0,0
99,2 Nov 2025,,23tjlpc5v8e21motsxcqu1r84,Robert Jones,West Ham United FC,Newcastle United FC,E. Krafth,0,0,0,1,1,0,0,0,19,0,0,0,0,0,0
99,2 Nov 2025,,23tjlpc5v8e21motsxcqu1r84,Robert Jones,West Ham United FC,Newcastle United FC,S. Botman,0,0,0,1,1,1,0,0,53,0,0,0,0,2,0
99,2 Nov 2025,,23tjlpc5v8e21motsxcqu1r84,Robert Jones,West Ham United FC,Newcastle United FC,D. Burn,0,0,1,1,2,0,0,0,48,0,0,0,0,0,0
99,2 Nov 2025,,23tjlpc5v8e21motsxcqu1r84,Robert Jones,West Ham United FC,Newcastle United FC,M. Thiaw,0,0,0,2,0,0,0,0,71,0,0,0,0,2,0
99,2 Nov 2025,,23tjlpc5v8e21motsxcqu1r84,Robert Jones,West Ham United FC,Newcastle United FC,Bruno Guimarães,1,0,1,2,1,0,0,0,74,0,0,1,0,2,1
99,2 Nov 2025,,23tjlpc5v8e21motsxcqu1r84,Robert Jones,West Ham United FC,Newcastle United FC,A. Gordon,0,0,1,3,0,1,0,0,16,0,0,1,1,0,0
99,2 Nov 2025,,23tjlpc5v8e21motsxcqu1r84,Robert Jones,West Ham United FC,Newcastle United FC,S. Tonali,0,0,0,7,1,1,0,0,90,0,0,0,0,0,0
99,2 Nov 2025,,23tjlpc5v8e21motsxcqu1r84,Robert Jones,West Ham United FC,Newcastle United FC,J. Murphy,0,1,1,5,0,1,1,0,22,0,0,5,2,0,0
99,2 Nov 2025,,23tjlpc5v8e21motsxcqu1r84,Robert Jones,West Ham United FC,Newcastle United FC,N. Woltemade,0,0,0,0,1,0,0,0,10,0,0,0,0,0,0
99,2 Nov 2025,,23tjlpc5v8e21motsxcqu1r84,Robert Jones,West Ham United FC,Newcastle United FC,Joelinton,0,0,2,1,2,1,0,0,37,0,0,1,0,0,0
99,2 Nov 2025,,23tjlpc5v8e21motsxcqu1r84,Robert Jones,West Ham United FC,Newcastle United FC,N. Pope,0,0,0,0,0,0,0,0,16,0,7,0,0,0,0
99,2 Nov 2025,,23tjlpc5v8e21motsxcqu1r84,Robert Jones,West Ham United FC,Newcastle United FC,F. Schär,0,1,0,0,0,0,0,0,49,0,0,1,0,0,0
99,2 Nov 2025,,23tjlpc5v8e21motsxcqu1r84,Robert Jones,West Ham United FC,Newcastle United FC,J. Ramsey,0,0,0,0,1,0,0,0,21,0,0,0,0,2,1
99,2 Nov 2025,,23tjlpc5v8e21motsxcqu1r84,Robert Jones,West Ham United FC,Newcastle United FC,W. Osula,0,0,0,0,0,0,0,0,5,0,0,2,1,0,0
99,2 Nov 2025,,23tjlpc5v8e21motsxcqu1r84,Robert Jones,West Ham United FC,Newcastle United FC,H. Barnes,0,0,0,1,0,0,0,0,7,0,0,1,0,0,0
99,2 Nov 2025,,23tjlpc5v8e21motsxcqu1r84,Robert Jones,West Ham United FC,Newcastle United FC,A. Elanga,0,0,0,3,0,0,0,0,7,0,0,0,0,0,0
100,9 Nov 2025,,247wrvjkrv38tdtc3o6nhuv4k,John Brooks,Aston Villa FC,AFC Bournemouth,M. Rogers,0,0,0,1,1,1,0,0,18,0,0,1,0,1,1
100,9 Nov 2025,,247wrvjkrv38tdtc3o6nhuv4k,John Brooks,Aston Villa FC,AFC Bournemouth,E. Martínez,0,0,0,0,0,0,0,0,40,0,3,0,0,0,0
100,9 Nov 2025,,247wrvjkrv38tdtc3o6nhuv4k,John Brooks,Aston Villa FC,AFC Bournemouth,E. Buendía,0,2,0,1,0,3,1,0,24,0,0,3,1,3,0
100,9 Nov 2025,,247wrvjkrv38tdtc3o6nhuv4k,John Brooks,Aston Villa FC,AFC Bournemouth,A. Onana,0,0,0,0,3,1,1,0,27,0,0,1,1,3,0
100,9 Nov 2025,,247wrvjkrv38tdtc3o6nhuv4k,John Brooks,Aston Villa FC,AFC Bournemouth,B. Kamara,0,0,1,0,1,2,0,0,29,0,0,1,1,3,1
100,9 Nov 2025,,247wrvjkrv38tdtc3o6nhuv4k,John Brooks,Aston Villa FC,AFC Bournemouth,E. Konsa,0,0,0,0,0,1,0,0,47,0,0,0,0,0,0
100,9 Nov 2025,,247wrvjkrv38tdtc3o6nhuv4k,John Brooks,Aston Villa FC,AFC Bournemouth,Pau Torres,0,0,0,0,0,0,0,0,32,0,0,0,0,0,0
100,9 Nov 2025,,247wrvjkrv38tdtc3o6nhuv4k,John Brooks,Aston Villa FC,AFC Bournemouth,M. Cash,0,0,2,3,1,1,0,0,27,0,0,1,1,2,0
100,9 Nov 2025,,247wrvjkrv38tdtc3o6nhuv4k,John Brooks,Aston Villa FC,AFC Bournemouth,J. McGinn,0,0,0,2,1,4,0,0,18,0,0,1,1,3,0
100,9 Nov 2025,,247wrvjkrv38tdtc3o6nhuv4k,John Brooks,Aston Villa FC,AFC Bournemouth,L. Digne,1,0,1,8,1,0,0,0,28,0,0,0,0,0,0
100,9 Nov 2025,,247wrvjkrv38tdtc3o6nhuv4k,John Brooks,Aston Villa FC,AFC Bournemouth,O. Watkins,0,2,2,0,0,0,0,0,12,0,0,3,1,0,0
100,9 Nov 2025,,247wrvjkrv38tdtc3o6nhuv4k,John Brooks,Aston Villa FC,AFC Bournemouth,R. Barkley,0,0,0,0,0,0,1,0,10,0,0,1,1,2,0
100,9 Nov 2025,,247wrvjkrv38tdtc3o6nhuv4k,John Brooks,Aston Villa FC,AFC Bournemouth,Y. Tielemans,1,1,0,1,0,2,0,0,13,0,0,1,0,1,0
100,9 Nov 2025,,247wrvjkrv38tdtc3o6nhuv4k,John Brooks,Aston Villa FC,AFC Bournemouth,J. Sancho,0,0,0,0,0,1,0,0,10,0,0,0,0,0,0
100,9 Nov 2025,,247wrvjkrv38tdtc3o6nhuv4k,John Brooks,Aston Villa FC,AFC Bournemouth,L. Bogarde,0,0,0,0,0,0,0,0,6,0,0,0,0,2,0
100,9 Nov 2025,,247wrvjkrv38tdtc3o6nhuv4k,John Brooks,Aston Villa FC,AFC Bournemouth,D. Malen,0,1,0,0,0,1,1,0,3,0,0,3,1,0,0
100,9 Nov 2025,,247wrvjkrv38tdtc3o6nhuv4k,John Brooks,Aston Villa FC,AFC Bournemouth,E. Guessand,0,0,0,0,0,2,0,0,2,0,0,0,0,0,0
100,9 Nov 2025,,247wrvjkrv38tdtc3o6nhuv4k,John Brooks,Aston Villa FC,AFC Bournemouth,A. Truffert,0,1,2,2,3,1,0,0,21,0,0,1,0,2,1
100,9 Nov 2025,,247wrvjkrv38tdtc3o6nhuv4k,John Brooks,Aston Villa FC,AFC Bournemouth,M. Senesi,0,0,0,0,1,0,0,0,44,0,0,0,0,1,0
100,9 Nov 2025,,247wrvjkrv38tdtc3o6nhuv4k,John Brooks,Aston Villa FC,AFC Bournemouth,T. Adams,0,0,0,0,3,0,0,0,34,0,0,0,0,2,0
100,9 Nov 2025,,247wrvjkrv38tdtc3o6nhuv4k,John Brooks,Aston Villa FC,AFC Bournemouth,M. Tavernier,0,2,2,5,4,1,0,0,32,0,0,3,0,1,0
100,9 Nov 2025,,247wrvjkrv38tdtc3o6nhuv4k,John Brooks,Aston Villa FC,AFC Bournemouth,Đ. Petrović,0,0,0,0,0,0,0,0,12,0,4,0,0,0,0
100,9 Nov 2025,,247wrvjkrv38tdtc3o6nhuv4k,John Brooks,Aston Villa FC,AFC Bournemouth,A. Semenyo,0,0,1,1,0,2,0,1,15,0,0,1,1,2,0
100,9 Nov 2025,,247wrvjkrv38tdtc3o6nhuv4k,John Brooks,Aston Villa FC,AFC Bournemouth,A. Smith,0,0,0,0,0,0,0,0,0,0,0,0,0,0,0
100,9 Nov 2025,,247wrvjkrv38tdtc3o6nhuv4k,John Brooks,Aston Villa FC,AFC Bournemouth,V. Milosavljević,0,0,0,0,0,0,0,0,37,0,0,0,0,4,0
100,9 Nov 2025,,247wrvjkrv38tdtc3o6nhuv4k,John Brooks,Aston Villa FC,AFC Bournemouth,Álex Jiménez,0,0,0,0,1,0,0,0,9,0,0,1,1,1,1
100,9 Nov 2025,,247wrvjkrv38tdtc3o6nhuv4k,John Brooks,Aston Villa FC,AFC Bournemouth,Evanilson,0,0,0,1,2,1,0,0,15,0,0,2,0,0,0
100,9 Nov 2025,,247wrvjkrv38tdtc3o6nhuv4k,John Brooks,Aston Villa FC,AFC Bournemouth,A. Scott,0,0,2,7,0,2,0,0,20,0,0,1,1,2,0
100,9 Nov 2025,,247wrvjkrv38tdtc3o6nhuv4k,John Brooks,Aston Villa FC,AFC Bournemouth,J. Kluivert,0,0,1,2,0,0,0,1,18,0,0,1,0,1,0
100,9 Nov 2025,,247wrvjkrv38tdtc3o6nhuv4k,John Brooks,Aston Villa FC,AFC Bournemouth,L. Cook,0,0,0,2,2,0,0,0,20,0,0,1,0,0,0
100,9 Nov 2025,,247wrvjkrv38tdtc3o6nhuv4k,John Brooks,Aston Villa FC,AFC Bournemouth,J. Kroupi,0,0,1,1,2,0,0,0,8,0,0,0,0,0,0
100,9 Nov 2025,,247wrvjkrv38tdtc3o6nhuv4k,John Brooks,Aston Villa FC,AFC Bournemouth,R. Christie,0,0,0,0,1,0,0,0,16,0,0,0,0,0,0
100,9 Nov 2025,,247wrvjkrv38tdtc3o6nhuv4k,John Brooks,Aston Villa FC,AFC Bournemouth,A. Adli,0,0,0,0,1,0,0,0,11,0,0,0,0,0,0
100,9 Nov 2025,,247wrvjkrv38tdtc3o6nhuv4k,John Brooks,Aston Villa FC,AFC Bournemouth,D. Brooks,0,1,0,0,0,0,0,0,4,0,0,1,0,0,0
101,9 Nov 2025,,24m5mde1dqsnrirt0mxg8gr9w,Stuart Attwell,Brentford FC,Newcastle United FC,D. Ouattara,0,1,2,6,2,3,0,0,20,0,0,1,0,1,1
101,9 Nov 2025,,24m5mde1dqsnrirt0mxg8gr9w,Stuart Attwell,Brentford FC,Newcastle United FC,J. Henderson,0,0,0,2,2,1,0,0,63,0,0,1,0,0,0
101,9 Nov 2025,,24m5mde1dqsnrirt0mxg8gr9w,Stuart Attwell,Brentford FC,Newcastle United FC,M. Kayode,0,0,0,2,0,3,0,0,29,0,0,0,0,2,1
101,9 Nov 2025,,24m5mde1dqsnrirt0mxg8gr9w,Stuart Attwell,Brentford FC,Newcastle United FC,N. Collins,0,0,0,0,0,0,0,0,61,0,0,1,0,0,0
101,9 Nov 2025,,24m5mde1dqsnrirt0mxg8gr9w,Stuart Attwell,Brentford FC,Newcastle United FC,Y. Yarmoliuk,0,0,0,0,0,0,0,0,51,0,0,1,1,5,0
101,9 Nov 2025,,24m5mde1dqsnrirt0mxg8gr9w,Stuart Attwell,Brentford FC,Newcastle United FC,S. van den Berg,0,0,0,0,1,0,0,0,42,0,0,2,1,2,0
101,9 Nov 2025,,24m5mde1dqsnrirt0mxg8gr9w,Stuart Attwell,Brentford FC,Newcastle United FC,A. Hickey,0,1,1,0,0,1,0,0,24,0,0,2,1,2,0
101,9 Nov 2025,,24m5mde1dqsnrirt0mxg8gr9w,Stuart Attwell,Brentford FC,Newcastle United FC,M. Damsgaard,0,0,0,3,1,0,0,0,28,0,0,0,0,1,0
101,9 Nov 2025,,24m5mde1dqsnrirt0mxg8gr9w,Stuart Attwell,Brentford FC,Newcastle United FC,C. Kelleher,0,0,0,0,0,0,0,0,20,0,0,0,0,0,0
101,9 Nov 2025,,24m5mde1dqsnrirt0mxg8gr9w,Stuart Attwell,Brentford FC,Newcastle United FC,Igor Thiago,0,0,1,0,2,1,2,1,25,0,0,3,3,1,0
101,9 Nov 2025,,24m5mde1dqsnrirt0mxg8gr9w,Stuart Attwell,Brentford FC,Newcastle United FC,K. Schade,0,1,1,0,2,4,1,1,19,0,0,3,1,0,0
101,9 Nov 2025,,24m5mde1dqsnrirt0mxg8gr9w,Stuart Attwell,Brentford FC,Newcastle United FC,V. Janelt,0,0,0,0,0,0,0,0,17,0,0,0,0,0,0
101,9 Nov 2025,,24m5mde1dqsnrirt0mxg8gr9w,Stuart Attwell,Brentford FC,Newcastle United FC,R. Henry,0,0,1,1,0,0,0,0,10,0,0,0,0,0,0
101,9 Nov 2025,,24m5mde1dqsnrirt0mxg8gr9w,Stuart Attwell,Brentford FC,Newcastle United FC,M. Jensen,0,1,0,2,0,0,0,0,10,0,0,1,0,1,0
101,9 Nov 2025,,24m5mde1dqsnrirt0mxg8gr9w,Stuart Attwell,Brentford FC,Newcastle United FC,R. Nelson,0,0,0,0,0,0,0,0,4,0,0,0,0,2,0
101,9 Nov 2025,,24m5mde1dqsnrirt0mxg8gr9w,Stuart Attwell,Brentford FC,Newcastle United FC,S. Botman,0,0,0,0,0,1,0,0,58,0,0,0,0,0,0
101,9 Nov 2025,,24m5mde1dqsnrirt0mxg8gr9w,Stuart Attwell,Brentford FC,Newcastle United FC,S. Tonali,0,0,0,0,1,0,0,0,43,0,0,0,0,0,0
101,9 Nov 2025,,24m5mde1dqsnrirt0mxg8gr9w,Stuart Attwell,Brentford FC,Newcastle United FC,M. Thiaw,0,0,0,0,1,0,0,0,41,0,0,1,0,0,0
101,9 Nov 2025,,24m5mde1dqsnrirt0mxg8gr9w,Stuart Attwell,Brentford FC,Newcastle United FC,N. Pope,0,0,0,0,0,1,0,0,15,0,3,0,0,0,0
101,9 Nov 2025,,24m5mde1dqsnrirt0mxg8gr9w,Stuart Attwell,Brentford FC,Newcastle United FC,D. Burn,0,0,0,1,4,0,0,0,32,1,0,0,0,2,2
101,9 Nov 2025,,24m5mde1dqsnrirt0mxg8gr9w,Stuart Attwell,Brentford FC,Newcastle United FC,Joelinton,0,0,0,0,1,0,0,0,11,0,0,0,0,0,0
101,9 Nov 2025,,24m5mde1dqsnrirt0mxg8gr9w,Stuart Attwell,Brentford FC,Newcastle United FC,K. Trippier,0,0,0,5,2,2,0,0,59,0,0,0,0,1,1
101,9 Nov 2025,,24m5mde1dqsnrirt0mxg8gr9w,Stuart Attwell,Brentford FC,Newcastle United FC,J. Murphy,0,1,0,4,0,1,0,0,19,0,0,1,0,1,0
101,9 Nov 2025,,24m5mde1dqsnrirt0mxg8gr9w,Stuart Attwell,Brentford FC,Newcastle United FC,H. Barnes,0,0,0,2,0,1,1,0,18,0,0,2,1,0,0
101,9 Nov 2025,,24m5mde1dqsnrirt0mxg8gr9w,Stuart Attwell,Brentford FC,Newcastle United FC,N. Woltemade,0,0,0,0,2,1,0,0,14,0,0,0,0,1,0
101,9 Nov 2025,,24m5mde1dqsnrirt0mxg8gr9w,Stuart Attwell,Brentford FC,Newcastle United FC,Bruno Guimarães,0,0,0,1,1,1,0,0,48,0,0,1,0,2,0
101,9 Nov 2025,,24m5mde1dqsnrirt0mxg8gr9w,Stuart Attwell,Brentford FC,Newcastle United FC,J. Ramsey,0,0,1,1,1,1,0,0,44,0,0,0,0,2,0
101,9 Nov 2025,,24m5mde1dqsnrirt0mxg8gr9w,Stuart Attwell,Brentford FC,Newcastle United FC,Aaron Christopher Ramsdale,0,0,0,0,0,0,0,0,6,0,1,0,0,0,0
101,9 Nov 2025,,24m5mde1dqsnrirt0mxg8gr9w,Stuart Attwell,Brentford FC,Newcastle United FC,J. Willock,0,0,0,0,0,0,0,0,7,0,0,0,0,0,0
101,9 Nov 2025,,24m5mde1dqsnrirt0mxg8gr9w,Stuart Attwell,Brentford FC,Newcastle United FC,L. Hall,0,0,1,1,0,0,0,0,13,0,0,0,0,1,0
101,9 Nov 2025,,24m5mde1dqsnrirt0mxg8gr9w,Stuart Attwell,Brentford FC,Newcastle United FC,A. Elanga,0,0,0,0,0,0,0,0,11,0,0,0,0,0,0
101,9 Nov 2025,,24m5mde1dqsnrirt0mxg8gr9w,Stuart Attwell,Brentford FC,Newcastle United FC,L. Miley,0,0,0,0,0,0,0,0,1,0,0,0,0,0,0
102,8 Nov 2025,,250bsbnukpv5wtmdp0e7k9lp0,Andrew Kitchen,Chelsea FC,Wolverhampton Wanderers FC,Marc Cucurella,0,1,0,0,0,1,0,0,84,0,0,2,0,1,0
102,8 Nov 2025,,250bsbnukpv5wtmdp0e7k9lp0,Andrew Kitchen,Chelsea FC,Wolverhampton Wanderers FC,M. Gusto,0,0,0,3,1,2,1,0,52,0,0,1,1,1,0
102,8 Nov 2025,,250bsbnukpv5wtmdp0e7k9lp0,Andrew Kitchen,Chelsea FC,Wolverhampton Wanderers FC,M. Caicedo,0,0,1,0,4,1,0,0,61,0,0,0,0,3,1
102,8 Nov 2025,,250bsbnukpv5wtmdp0e7k9lp0,Andrew Kitchen,Chelsea FC,Wolverhampton Wanderers FC,W. Fofana,0,1,1,0,2,1,0,0,86,0,0,1,0,1,0
102,8 Nov 2025,,250bsbnukpv5wtmdp0e7k9lp0,Andrew Kitchen,Chelsea FC,Wolverhampton Wanderers FC,João Pedro,0,0,0,0,2,2,1,0,34,0,0,3,2,1,0
102,8 Nov 2025,,250bsbnukpv5wtmdp0e7k9lp0,Andrew Kitchen,Chelsea FC,Wolverhampton Wanderers FC,A. Garnacho,2,2,2,9,0,1,0,0,38,0,0,3,1,1,0
102,8 Nov 2025,,250bsbnukpv5wtmdp0e7k9lp0,Andrew Kitchen,Chelsea FC,Wolverhampton Wanderers FC,E. Fernández,0,1,4,6,1,0,0,0,63,0,0,5,2,0,0
102,8 Nov 2025,,250bsbnukpv5wtmdp0e7k9lp0,Andrew Kitchen,Chelsea FC,Wolverhampton Wanderers FC,Pedro Neto,0,0,1,7,0,3,1,0,37,0,0,1,1,1,0
102,8 Nov 2025,,250bsbnukpv5wtmdp0e7k9lp0,Andrew Kitchen,Chelsea FC,Wolverhampton Wanderers FC,T. Chalobah,0,0,0,0,1,0,0,0,78,0,0,0,0,0,0
102,8 Nov 2025,,250bsbnukpv5wtmdp0e7k9lp0,Andrew Kitchen,Chelsea FC,Wolverhampton Wanderers FC,Robert Sánchez,0,0,0,0,0,0,0,0,27,0,0,0,0,0,0
102,8 Nov 2025,,250bsbnukpv5wtmdp0e7k9lp0,Andrew Kitchen,Chelsea FC,Wolverhampton Wanderers FC,L. Delap,0,1,0,0,0,2,0,0,7,0,0,2,1,0,0
102,8 Nov 2025,,250bsbnukpv5wtmdp0e7k9lp0,Andrew Kitchen,Chelsea FC,Wolverhampton Wanderers FC,Estêvão,0,0,0,0,0,0,0,0,17,0,0,0,0,0,0
102,8 Nov 2025,,250bsbnukpv5wtmdp0e7k9lp0,Andrew Kitchen,Chelsea FC,Wolverhampton Wanderers FC,Marc Guiu,0,0,0,0,0,0,0,0,1,0,0,2,0,0,0
102,8 Nov 2025,,250bsbnukpv5wtmdp0e7k9lp0,Andrew Kitchen,Chelsea FC,Wolverhampton Wanderers FC,R. James,0,0,1,1,1,0,0,0,16,0,0,0,0,0,0
102,8 Nov 2025,,250bsbnukpv5wtmdp0e7k9lp0,Andrew Kitchen,Chelsea FC,Wolverhampton Wanderers FC,J. Gittens,0,0,0,0,0,0,0,0,11,0,0,0,0,0,0
102,8 Nov 2025,,250bsbnukpv5wtmdp0e7k9lp0,Andrew Kitchen,Chelsea FC,Wolverhampton Wanderers FC,Andrey Santos,0,0,0,0,0,0,0,0,2,0,0,0,0,0,0
102,8 Nov 2025,,250bsbnukpv5wtmdp0e7k9lp0,Andrew Kitchen,Chelsea FC,Wolverhampton Wanderers FC,J. Bellegarde,0,0,0,1,1,2,0,0,21,0,0,1,0,0,0
102,8 Nov 2025,,250bsbnukpv5wtmdp0e7k9lp0,Andrew Kitchen,Chelsea FC,Wolverhampton Wanderers FC,S. Johnstone,0,0,0,0,0,0,0,0,40,0,5,0,0,0,0
102,8 Nov 2025,,250bsbnukpv5wtmdp0e7k9lp0,Andrew Kitchen,Chelsea FC,Wolverhampton Wanderers FC,Hwang Hee-Chan,0,0,0,0,1,2,0,0,21,0,0,0,0,1,0
102,8 Nov 2025,,250bsbnukpv5wtmdp0e7k9lp0,Andrew Kitchen,Chelsea FC,Wolverhampton Wanderers FC,L. Krejčí,0,0,0,0,2,0,0,0,43,0,0,0,0,0,0
102,8 Nov 2025,,250bsbnukpv5wtmdp0e7k9lp0,Andrew Kitchen,Chelsea FC,Wolverhampton Wanderers FC,Toti Gomes,0,0,0,0,0,1,0,0,45,0,0,0,0,0,0
102,8 Nov 2025,,250bsbnukpv5wtmdp0e7k9lp0,Andrew Kitchen,Chelsea FC,Wolverhampton Wanderers FC,João Gomes,0,0,0,0,4,4,0,0,47,0,0,0,0,2,0
102,8 Nov 2025,,250bsbnukpv5wtmdp0e7k9lp0,Andrew Kitchen,Chelsea FC,Wolverhampton Wanderers FC,Hugo Bueno,0,0,0,4,0,0,0,0,25,0,0,0,0,2,0
102,8 Nov 2025,,250bsbnukpv5wtmdp0e7k9lp0,Andrew Kitchen,Chelsea FC,Wolverhampton Wanderers FC,S. Bueno,0,0,0,0,2,1,0,0,30,0,0,0,0,1,0
102,8 Nov 2025,,250bsbnukpv5wtmdp0e7k9lp0,Andrew Kitchen,Chelsea FC,Wolverhampton Wanderers FC,J. Strand Larsen,0,0,1,0,0,1,0,0,18,0,0,1,0,0,0
102,8 Nov 2025,,250bsbnukpv5wtmdp0e7k9lp0,Andrew Kitchen,Chelsea FC,Wolverhampton Wanderers FC,J. Tchatchoua,0,0,0,3,0,0,0,0,19,0,0,0,0,1,0
102,8 Nov 2025,,250bsbnukpv5wtmdp0e7k9lp0,Andrew Kitchen,Chelsea FC,Wolverhampton Wanderers FC,André,0,0,0,0,2,1,0,0,26,0,0,0,0,2,1
102,8 Nov 2025,,250bsbnukpv5wtmdp0e7k9lp0,Andrew Kitchen,Chelsea FC,Wolverhampton Wanderers FC,M. Mané,0,0,0,0,1,0,0,0,7,0,0,0,0,0,0
102,8 Nov 2025,,250bsbnukpv5wtmdp0e7k9lp0,Andrew Kitchen,Chelsea FC,Wolverhampton Wanderers FC,M. Munetsi,0,0,0,1,1,0,0,0,4,0,0,1,0,1,1
103,9 Nov 2025,,25ehw2cjb60a2kyhwvlqppr10,Tim Robinson,Crystal Palace FC,Brighton & Hove Albion FC,T. Mitchell,0,0,0,2,1,4,0,0,47,0,0,0,0,8,0
103,9 Nov 2025,,25ehw2cjb60a2kyhwvlqppr10,Tim Robinson,Crystal Palace FC,Brighton & Hove Albion FC,J. Lerma,0,0,1,0,2,0,0,0,47,0,0,0,0,0,1
103,9 Nov 2025,,25ehw2cjb60a2kyhwvlqppr10,Tim Robinson,Crystal Palace FC,Brighton & Hove Albion FC,J. Canvot,0,0,0,0,4,1,0,0,46,0,0,1,0,3,0
103,9 Nov 2025,,25ehw2cjb60a2kyhwvlqppr10,Tim Robinson,Crystal Palace FC,Brighton & Hove Albion FC,D. Henderson,0,0,0,0,0,0,0,0,34,0,3,0,0,0,0
103,9 Nov 2025,,25ehw2cjb60a2kyhwvlqppr10,Tim Robinson,Crystal Palace FC,Brighton & Hove Albion FC,D. Kamada,0,0,0,1,1,0,0,0,30,0,0,2,0,2,0
103,9 Nov 2025,,25ehw2cjb60a2kyhwvlqppr10,Tim Robinson,Crystal Palace FC,Brighton & Hove Albion FC,I. Sarr,0,0,1,0,0,4,0,1,14,0,0,2,1,0,0
103,9 Nov 2025,,25ehw2cjb60a2kyhwvlqppr10,Tim Robinson,Crystal Palace FC,Brighton & Hove Albion FC,M. Lacroix,0,0,0,0,0,0,0,0,35,0,0,1,0,2,0
103,9 Nov 2025,,25ehw2cjb60a2kyhwvlqppr10,Tim Robinson,Crystal Palace FC,Brighton & Hove Albion FC,A. Wharton,0,0,0,3,1,1,0,0,26,0,0,1,0,1,0
103,9 Nov 2025,,25ehw2cjb60a2kyhwvlqppr10,Tim Robinson,Crystal Palace FC,Brighton & Hove Albion FC,C. Richards,0,0,1,0,0,0,0,0,43,0,0,0,0,3,0
103,9 Nov 2025,,25ehw2cjb60a2kyhwvlqppr10,Tim Robinson,Crystal Palace FC,Brighton & Hove Albion FC,J. Mateta,0,0,0,1,0,0,0,0,15,0,0,1,0,1,0
103,9 Nov 2025,,25ehw2cjb60a2kyhwvlqppr10,Tim Robinson,Crystal Palace FC,Brighton & Hove Albion FC,D. Muñoz,0,0,0,2,1,1,0,1,17,0,0,0,0,1,0
103,9 Nov 2025,,25ehw2cjb60a2kyhwvlqppr10,Tim Robinson,Crystal Palace FC,Brighton & Hove Albion FC,Yeremy Pino,0,1,1,2,0,0,0,0,14,0,0,2,1,0,0
103,9 Nov 2025,,25ehw2cjb60a2kyhwvlqppr10,Tim Robinson,Crystal Palace FC,Brighton & Hove Albion FC,W. Hughes,0,0,0,0,0,0,0,0,5,0,0,0,0,0,0
103,9 Nov 2025,,25ehw2cjb60a2kyhwvlqppr10,Tim Robinson,Crystal Palace FC,Brighton & Hove Albion FC,Y. Ayari,0,1,0,1,1,1,0,0,56,0,0,1,0,2,0
103,9 Nov 2025,,25ehw2cjb60a2kyhwvlqppr10,Tim Robinson,Crystal Palace FC,Brighton & Hove Albion FC,B. Verbruggen,0,0,0,0,0,0,0,0,37,0,2,0,0,0,0
103,9 Nov 2025,,25ehw2cjb60a2kyhwvlqppr10,Tim Robinson,Crystal Palace FC,Brighton & Hove Albion FC,L. Dunk,0,0,0,0,0,0,0,1,103,0,0,0,0,1,0
103,9 Nov 2025,,25ehw2cjb60a2kyhwvlqppr10,Tim Robinson,Crystal Palace FC,Brighton & Hove Albion FC,J. van Hecke,0,1,0,0,1,0,0,0,100,0,0,2,1,0,1
103,9 Nov 2025,,25ehw2cjb60a2kyhwvlqppr10,Tim Robinson,Crystal Palace FC,Brighton & Hove Albion FC,F. Kadıoğlu,0,0,1,5,0,2,0,0,41,0,0,0,0,2,0
103,9 Nov 2025,,25ehw2cjb60a2kyhwvlqppr10,Tim Robinson,Crystal Palace FC,Brighton & Hove Albion FC,C. Baleba,0,0,0,0,1,1,0,0,26,0,0,0,0,1,1
103,9 Nov 2025,,25ehw2cjb60a2kyhwvlqppr10,Tim Robinson,Crystal Palace FC,Brighton & Hove Albion FC,M. Wieffer,0,0,1,2,2,1,0,0,52,0,0,0,0,3,0
103,9 Nov 2025,,25ehw2cjb60a2kyhwvlqppr10,Tim Robinson,Crystal Palace FC,Brighton & Hove Albion FC,D. Welbeck,0,0,0,1,3,1,0,0,14,0,0,0,0,1,0
103,9 Nov 2025,,25ehw2cjb60a2kyhwvlqppr10,Tim Robinson,Crystal Palace FC,Brighton & Hove Albion FC,G. Rutter,0,0,0,0,2,1,0,0,18,0,0,0,0,1,1
103,9 Nov 2025,,25ehw2cjb60a2kyhwvlqppr10,Tim Robinson,Crystal Palace FC,Brighton & Hove Albion FC,Y. Minteh,0,1,1,9,1,1,0,0,15,0,0,2,0,0,0
103,9 Nov 2025,,25ehw2cjb60a2kyhwvlqppr10,Tim Robinson,Crystal Palace FC,Brighton & Hove Albion FC,D. Gómez,0,0,1,4,0,0,0,0,25,0,0,2,2,4,0
103,9 Nov 2025,,25ehw2cjb60a2kyhwvlqppr10,Tim Robinson,Crystal Palace FC,Brighton & Hove Albion FC,J. Veltman,0,0,1,1,1,0,0,0,8,0,0,0,0,0,1
103,9 Nov 2025,,25ehw2cjb60a2kyhwvlqppr10,Tim Robinson,Crystal Palace FC,Brighton & Hove Albion FC,C. Kostoulas,0,0,1,0,0,1,0,0,3,0,0,0,0,1,0
103,9 Nov 2025,,25ehw2cjb60a2kyhwvlqppr10,Tim Robinson,Crystal Palace FC,Brighton & Hove Albion FC,S. Tzimas,0,0,1,1,0,0,0,0,2,0,0,0,0,0,0
103,9 Nov 2025,,25ehw2cjb60a2kyhwvlqppr10,Tim Robinson,Crystal Palace FC,Brighton & Hove Albion FC,M. De Cuyper,0,0,1,2,0,0,0,0,3,0,0,0,0,0,0
104,8 Nov 2025,,25soeaibarxqqknu9tqwgiqdw,Andy Madley,Everton FC,Fulham FC,I. Gueye,0,0,1,0,0,1,1,0,48,0,0,2,1,1,0
104,8 Nov 2025,,25soeaibarxqqknu9tqwgiqdw,Andy Madley,Everton FC,Fulham FC,J. Pickford,0,0,0,0,0,0,0,0,36,0,4,0,0,0,0
104,8 Nov 2025,,25soeaibarxqqknu9tqwgiqdw,Andy Madley,Everton FC,Fulham FC,T. Barry,0,1,0,0,3,1,0,2,19,0,0,2,0,0,0
104,8 Nov 2025,,25soeaibarxqqknu9tqwgiqdw,Andy Madley,Everton FC,Fulham FC,J. Tarkowski,0,0,0,0,1,1,0,1,43,0,0,1,1,0,1
104,8 Nov 2025,,25soeaibarxqqknu9tqwgiqdw,Andy Madley,Everton FC,Fulham FC,J. Garner,0,2,2,6,1,1,0,0,50,0,0,4,1,0,0
104,8 Nov 2025,,25soeaibarxqqknu9tqwgiqdw,Andy Madley,Everton FC,Fulham FC,M. Keane,0,0,0,0,2,1,1,0,35,0,0,1,1,0,0
104,8 Nov 2025,,25soeaibarxqqknu9tqwgiqdw,Andy Madley,Everton FC,Fulham FC,V. Mykolenko,0,0,0,3,1,0,0,0,31,0,0,0,0,0,0
104,8 Nov 2025,,25soeaibarxqqknu9tqwgiqdw,Andy Madley,Everton FC,Fulham FC,K. Dewsbury-Hall,1,0,0,6,2,3,0,0,45,0,0,1,0,6,0
104,8 Nov 2025,,25soeaibarxqqknu9tqwgiqdw,Andy Madley,Everton FC,Fulham FC,I. Ndiaye,0,0,1,4,1,1,0,2,42,0,0,1,0,3,0
104,8 Nov 2025,,25soeaibarxqqknu9tqwgiqdw,Andy Madley,Everton FC,Fulham FC,T. Iroegbunam,1,0,0,0,0,1,0,0,17,0,0,0,0,2,1
104,8 Nov 2025,,25soeaibarxqqknu9tqwgiqdw,Andy Madley,Everton FC,Fulham FC,J. Grealish,0,0,0,1,0,3,0,0,24,0,0,1,1,0,0
104,8 Nov 2025,,25soeaibarxqqknu9tqwgiqdw,Andy Madley,Everton FC,Fulham FC,M. Röhl,0,0,2,1,0,0,0,0,10,0,0,0,0,2,0
104,8 Nov 2025,,25soeaibarxqqknu9tqwgiqdw,Andy Madley,Everton FC,Fulham FC,Beto,0,1,1,0,0,0,0,0,4,0,0,1,0,1,0
104,8 Nov 2025,,25soeaibarxqqknu9tqwgiqdw,Andy Madley,Everton FC,Fulham FC,J. O'Brien,0,0,0,1,0,0,0,0,2,0,0,0,0,0,0
104,8 Nov 2025,,25soeaibarxqqknu9tqwgiqdw,Andy Madley,Everton FC,Fulham FC,C. Bassey,0,0,0,1,1,3,0,0,62,0,0,0,0,2,1
104,8 Nov 2025,,25soeaibarxqqknu9tqwgiqdw,Andy Madley,Everton FC,Fulham FC,R. Sessegnon,0,0,1,1,1,0,0,0,22,0,0,0,0,1,0
104,8 Nov 2025,,25soeaibarxqqknu9tqwgiqdw,Andy Madley,Everton FC,Fulham FC,Kevin,0,1,1,3,2,0,0,0,23,0,0,2,0,0,0
104,8 Nov 2025,,25soeaibarxqqknu9tqwgiqdw,Andy Madley,Everton FC,Fulham FC,J. Andersen,0,0,0,0,1,0,0,0,80,0,0,0,0,0,0
104,8 Nov 2025,,25soeaibarxqqknu9tqwgiqdw,Andy Madley,Everton FC,Fulham FC,B. Leno,0,0,0,0,0,0,0,0,42,0,3,0,0,0,0
104,8 Nov 2025,,25soeaibarxqqknu9tqwgiqdw,Andy Madley,Everton FC,Fulham FC,R. Jiménez,0,1,0,0,2,2,0,1,4,0,0,2,1,0,0
104,8 Nov 2025,,25soeaibarxqqknu9tqwgiqdw,Andy Madley,Everton FC,Fulham FC,S. Lukić,0,0,0,1,3,1,0,0,14,0,0,0,0,0,1
104,8 Nov 2025,,25soeaibarxqqknu9tqwgiqdw,Andy Madley,Everton FC,Fulham FC,K. Tete,0,0,1,2,2,3,0,0,37,0,0,0,0,5,0
104,8 Nov 2025,,25soeaibarxqqknu9tqwgiqdw,Andy Madley,Everton FC,Fulham FC,A. Iwobi,0,0,0,1,0,0,0,0,36,0,0,1,1,2,0
104,8 Nov 2025,,25soeaibarxqqknu9tqwgiqdw,Andy Madley,Everton FC,Fulham FC,H. Wilson,0,1,2,2,0,0,0,0,15,0,0,1,0,1,0
104,8 Nov 2025,,25soeaibarxqqknu9tqwgiqdw,Andy Madley,Everton FC,Fulham FC,S. Berge,0,0,0,0,0,0,0,0,52,0,0,0,0,2,0
104,8 Nov 2025,,25soeaibarxqqknu9tqwgiqdw,Andy Madley,Everton FC,Fulham FC,J. King,0,0,0,2,0,1,0,0,10,0,0,0,0,4,0
104,8 Nov 2025,,25soeaibarxqqknu9tqwgiqdw,Andy Madley,Everton FC,Fulham FC,Rodrigo Muniz,0,0,0,0,0,0,0,0,2,0,0,1,1,0,0
104,8 Nov 2025,,25soeaibarxqqknu9tqwgiqdw,Andy Madley,Everton FC,Fulham FC,S. Chukwueze,0,0,0,1,1,0,0,0,7,0,0,0,0,0,0
104,8 Nov 2025,,25soeaibarxqqknu9tqwgiqdw,Andy Madley,Everton FC,Fulham FC,Adama Traoré,0,0,0,0,1,1,0,0,5,0,0,1,1,0,0
104,8 Nov 2025,,25soeaibarxqqknu9tqwgiqdw,Andy Madley,Everton FC,Fulham FC,E. Smith Rowe,0,0,0,0,0,0,0,0,0,0,0,0,0,0,0
105,9 Nov 2025,,266x8afjnwzm848lkn11qjmdw,Chris Kavanagh,Manchester City FC,Liverpool FC,Nico González,0,1,1,0,1,2,1,0,57,0,0,2,1,3,1
105,9 Nov 2025,,266x8afjnwzm848lkn11qjmdw,Chris Kavanagh,Manchester City FC,Liverpool FC,Matheus Nunes,1,0,0,1,1,0,0,0,42,0,0,0,0,2,0
105,9 Nov 2025,,266x8afjnwzm848lkn11qjmdw,Chris Kavanagh,Manchester City FC,Liverpool FC,Rúben Dias,0,0,0,0,0,1,0,0,51,0,0,0,0,1,0
105,9 Nov 2025,,266x8afjnwzm848lkn11qjmdw,Chris Kavanagh,Manchester City FC,Liverpool FC,G. Donnarumma,0,0,0,0,0,0,0,0,26,0,2,0,0,0,0
105,9 Nov 2025,,266x8afjnwzm848lkn11qjmdw,Chris Kavanagh,Manchester City FC,Liverpool FC,Bernardo Silva,1,0,0,1,2,0,0,0,67,0,0,0,0,0,1
105,9 Nov 2025,,266x8afjnwzm848lkn11qjmdw,Chris Kavanagh,Manchester City FC,Liverpool FC,R. Cherki,0,2,2,3,1,2,0,0,22,0,0,2,0,0,0
105,9 Nov 2025,,266x8afjnwzm848lkn11qjmdw,Chris Kavanagh,Manchester City FC,Liverpool FC,E. Haaland,0,0,0,0,3,1,1,0,14,0,0,2,2,1,0
105,9 Nov 2025,,266x8afjnwzm848lkn11qjmdw,Chris Kavanagh,Manchester City FC,Liverpool FC,J. Doku,0,0,3,1,1,4,1,0,30,0,0,3,3,0,0
105,9 Nov 2025,,266x8afjnwzm848lkn11qjmdw,Chris Kavanagh,Manchester City FC,Liverpool FC,J. Gvardiol,0,0,0,0,1,1,0,0,58,0,0,0,0,2,0
105,9 Nov 2025,,266x8afjnwzm848lkn11qjmdw,Chris Kavanagh,Manchester City FC,Liverpool FC,P. Foden,0,1,0,3,1,1,0,0,32,0,0,2,0,1,0
105,9 Nov 2025,,266x8afjnwzm848lkn11qjmdw,Chris Kavanagh,Manchester City FC,Liverpool FC,N. O'Reilly,1,0,0,2,2,1,0,0,31,0,0,2,0,5,0
105,9 Nov 2025,,266x8afjnwzm848lkn11qjmdw,Chris Kavanagh,Manchester City FC,Liverpool FC,Savinho,0,0,1,0,0,1,0,1,17,0,0,0,0,2,0
105,9 Nov 2025,,266x8afjnwzm848lkn11qjmdw,Chris Kavanagh,Manchester City FC,Liverpool FC,Omar Marmoush,0,1,0,0,1,1,0,0,5,0,0,1,0,0,0
105,9 Nov 2025,,266x8afjnwzm848lkn11qjmdw,Chris Kavanagh,Manchester City FC,Liverpool FC,A. Mac Allister,0,0,0,0,2,2,0,0,33,0,0,0,0,0,1
105,9 Nov 2025,,266x8afjnwzm848lkn11qjmdw,Chris Kavanagh,Manchester City FC,Liverpool FC,V. van Dijk,0,0,0,0,1,2,0,0,47,0,0,0,0,0,0
105,9 Nov 2025,,266x8afjnwzm848lkn11qjmdw,Chris Kavanagh,Manchester City FC,Liverpool FC,F. Wirtz,0,2,0,2,0,3,0,0,24,0,0,2,0,0,0
105,9 Nov 2025,,266x8afjnwzm848lkn11qjmdw,Chris Kavanagh,Manchester City FC,Liverpool FC,A. Robertson,0,0,0,0,0,0,0,1,27,0,0,0,0,2,0
105,9 Nov 2025,,266x8afjnwzm848lkn11qjmdw,Chris Kavanagh,Manchester City FC,Liverpool FC,R. Gravenberch,0,0,0,0,2,1,0,0,58,0,0,0,0,0,0
105,9 Nov 2025,,266x8afjnwzm848lkn11qjmdw,Chris Kavanagh,Manchester City FC,Liverpool FC,D. Szoboszlai,0,0,4,4,3,0,0,0,46,0,0,1,1,0,1
105,9 Nov 2025,,266x8afjnwzm848lkn11qjmdw,Chris Kavanagh,Manchester City FC,Liverpool FC,C. Bradley,0,0,1,2,1,1,0,0,46,0,0,0,0,3,1
105,9 Nov 2025,,266x8afjnwzm848lkn11qjmdw,Chris Kavanagh,Manchester City FC,Liverpool FC,G. Mamardashvili,0,0,0,0,1,0,0,0,31,0,3,0,0,0,0
105,9 Nov 2025,,266x8afjnwzm848lkn11qjmdw,Chris Kavanagh,Manchester City FC,Liverpool FC,I. Konaté,0,0,0,0,2,2,0,0,75,0,0,0,0,0,0
105,9 Nov 2025,,266x8afjnwzm848lkn11qjmdw,Chris Kavanagh,Manchester City FC,Liverpool FC,Mohamed Salah,0,2,1,5,1,2,0,4,30,0,0,3,0,2,0
105,9 Nov 2025,,266x8afjnwzm848lkn11qjmdw,Chris Kavanagh,Manchester City FC,Liverpool FC,H. Ekitiké,0,0,0,0,0,0,0,0,7,0,0,0,0,0,0
105,9 Nov 2025,,266x8afjnwzm848lkn11qjmdw,Chris Kavanagh,Manchester City FC,Liverpool FC,M. Kerkez,0,0,0,2,0,1,0,1,14,0,0,0,0,0,0
105,9 Nov 2025,,266x8afjnwzm848lkn11qjmdw,Chris Kavanagh,Manchester City FC,Liverpool FC,C. Gakpo,0,0,1,3,0,0,0,1,14,0,0,1,0,0,0
105,9 Nov 2025,,266x8afjnwzm848lkn11qjmdw,Chris Kavanagh,Manchester City FC,Liverpool FC,C. Jones,0,0,0,0,1,0,0,0,13,0,0,0,0,0,1
105,9 Nov 2025,,266x8afjnwzm848lkn11qjmdw,Chris Kavanagh,Manchester City FC,Liverpool FC,J. Gomez,0,0,0,0,1,0,0,0,5,0,0,0,0,0,0
105,9 Nov 2025,,266x8afjnwzm848lkn11qjmdw,Chris Kavanagh,Manchester City FC,Liverpool FC,F. Chiesa,0,0,0,0,0,0,0,0,1,0,0,0,0,1,0
106,9 Nov 2025,,26l3xxay10p3mr94jigklk0t0,Jarred Gillett,Nottingham Forest FC,Leeds United FC,N. Milenković,0,0,0,0,0,1,0,0,40,0,0,0,0,2,0
106,9 Nov 2025,,26l3xxay10p3mr94jigklk0t0,Jarred Gillett,Nottingham Forest FC,Leeds United FC,N. Williams,0,0,0,6,1,2,0,0,36,0,0,0,0,6,0
106,9 Nov 2025,,26l3xxay10p3mr94jigklk0t0,Jarred Gillett,Nottingham Forest FC,Leeds United FC,Igor Jesus,0,4,1,0,0,1,0,0,12,0,0,5,0,0,0
106,9 Nov 2025,,26l3xxay10p3mr94jigklk0t0,Jarred Gillett,Nottingham Forest FC,Leeds United FC,E. Anderson,0,0,0,3,2,1,1,0,43,0,0,1,1,3,0
106,9 Nov 2025,,26l3xxay10p3mr94jigklk0t0,Jarred Gillett,Nottingham Forest FC,Leeds United FC,N. Savona,0,0,0,4,0,0,0,0,29,0,0,0,0,2,0
106,9 Nov 2025,,26l3xxay10p3mr94jigklk0t0,Jarred Gillett,Nottingham Forest FC,Leeds United FC,Murillo,0,0,1,0,3,0,0,0,63,0,0,0,0,3,1
106,9 Nov 2025,,26l3xxay10p3mr94jigklk0t0,Jarred Gillett,Nottingham Forest FC,Leeds United FC,N. Domínguez,0,0,1,5,0,0,0,0,22,0,0,0,0,3,0
106,9 Nov 2025,,26l3xxay10p3mr94jigklk0t0,Jarred Gillett,Nottingham Forest FC,Leeds United FC,I. Sangaré,0,1,0,0,3,1,1,0,26,0,0,2,1,2,1
106,9 Nov 2025,,26l3xxay10p3mr94jigklk0t0,Jarred Gillett,Nottingham Forest FC,Leeds United FC,M. Gibbs-White,0,0,2,2,0,1,1,0,22,0,0,3,3,0,0
106,9 Nov 2025,,26l3xxay10p3mr94jigklk0t0,Jarred Gillett,Nottingham Forest FC,Leeds United FC,D. Ndoye,0,0,0,4,1,2,0,1,14,0,0,2,1,3,0
106,9 Nov 2025,,26l3xxay10p3mr94jigklk0t0,Jarred Gillett,Nottingham Forest FC,Leeds United FC,M. Sels,0,0,0,0,0,1,0,0,22,0,2,0,0,0,0
106,9 Nov 2025,,26l3xxay10p3mr94jigklk0t0,Jarred Gillett,Nottingham Forest FC,Leeds United FC,O. Hutchinson,1,1,0,2,0,1,0,0,9,0,0,1,0,0,0
106,9 Nov 2025,,26l3xxay10p3mr94jigklk0t0,Jarred Gillett,Nottingham Forest FC,Leeds United FC,R. Yates,0,0,0,0,0,0,0,0,5,0,0,0,0,2,0
106,9 Nov 2025,,26l3xxay10p3mr94jigklk0t0,Jarred Gillett,Nottingham Forest FC,Leeds United FC,T. Awoniyi,0,0,1,0,0,0,0,1,4,0,0,0,0,0,0
106,9 Nov 2025,,26l3xxay10p3mr94jigklk0t0,Jarred Gillett,Nottingham Forest FC,Leeds United FC,Morato,0,0,0,0,0,0,0,0,1,0,0,0,0,1,0
106,9 Nov 2025,,26l3xxay10p3mr94jigklk0t0,Jarred Gillett,Nottingham Forest FC,Leeds United FC,S. Longstaff,0,0,0,4,0,2,0,0,31,0,0,0,0,2,1
106,9 Nov 2025,,26l3xxay10p3mr94jigklk0t0,Jarred Gillett,Nottingham Forest FC,Leeds United FC,J. Bogle,0,0,0,1,1,0,0,1,29,0,0,0,0,2,0
106,9 Nov 2025,,26l3xxay10p3mr94jigklk0t0,Jarred Gillett,Nottingham Forest FC,Leeds United FC,J. Rodon,0,0,0,0,0,0,0,0,80,0,0,0,0,2,0
106,9 Nov 2025,,26l3xxay10p3mr94jigklk0t0,Jarred Gillett,Nottingham Forest FC,Leeds United FC,J. Bijol,0,0,0,0,0,0,0,0,71,0,0,0,0,1,0
106,9 Nov 2025,,26l3xxay10p3mr94jigklk0t0,Jarred Gillett,Nottingham Forest FC,Leeds United FC,A. Stach,0,0,0,1,1,1,0,0,46,0,0,0,0,1,0
106,9 Nov 2025,,26l3xxay10p3mr94jigklk0t0,Jarred Gillett,Nottingham Forest FC,Leeds United FC,Lucas Perri,0,0,0,0,0,0,0,0,36,0,3,0,0,0,0
106,9 Nov 2025,,26l3xxay10p3mr94jigklk0t0,Jarred Gillett,Nottingham Forest FC,Leeds United FC,B. Aaronson,1,1,0,0,0,4,0,0,15,0,0,2,0,3,0
106,9 Nov 2025,,26l3xxay10p3mr94jigklk0t0,Jarred Gillett,Nottingham Forest FC,Leeds United FC,L. Nmecha,0,0,1,2,1,0,1,0,5,0,0,2,1,1,0
106,9 Nov 2025,,26l3xxay10p3mr94jigklk0t0,Jarred Gillett,Nottingham Forest FC,Leeds United FC,E. Ampadu,0,1,0,1,3,1,0,0,42,0,0,1,0,2,0
106,9 Nov 2025,,26l3xxay10p3mr94jigklk0t0,Jarred Gillett,Nottingham Forest FC,Leeds United FC,G. Gudmundsson,0,0,0,0,1,1,0,0,23,0,0,1,0,1,0
106,9 Nov 2025,,26l3xxay10p3mr94jigklk0t0,Jarred Gillett,Nottingham Forest FC,Leeds United FC,N. Okafor,0,0,1,1,1,1,0,0,16,0,0,0,0,0,0
106,9 Nov 2025,,26l3xxay10p3mr94jigklk0t0,Jarred Gillett,Nottingham Forest FC,Leeds United FC,D. James,0,0,1,1,1,0,0,0,5,0,0,2,1,0,0
106,9 Nov 2025,,26l3xxay10p3mr94jigklk0t0,Jarred Gillett,Nottingham Forest FC,Leeds United FC,D. Calvert-Lewin,0,0,0,0,1,0,0,0,3,0,0,2,1,0,0
106,9 Nov 2025,,26l3xxay10p3mr94jigklk0t0,Jarred Gillett,Nottingham Forest FC,Leeds United FC,J. Piroe,0,0,0,0,0,0,0,0,9,0,0,0,0,0,0
106,9 Nov 2025,,26l3xxay10p3mr94jigklk0t0,Jarred Gillett,Nottingham Forest FC,Leeds United FC,J. Harrison,0,0,1,2,1,0,0,0,8,0,0,0,0,0,0
106,9 Nov 2025,,26l3xxay10p3mr94jigklk0t0,Jarred Gillett,Nottingham Forest FC,Leeds United FC,P. Struijk,0,0,0,0,0,0,0,0,16,0,0,0,0,0,0
107,8 Nov 2025,,26zfrrhdp3qw2inh0oyvmdzbo,Craig Pawson,Sunderland AFC,Arsenal FC,G. Xhaka,0,0,1,3,1,1,0,0,39,0,0,0,0,3,1
107,8 Nov 2025,,26zfrrhdp3qw2inh0oyvmdzbo,Craig Pawson,Sunderland AFC,Arsenal FC,R. Roefs,0,0,0,0,0,1,0,0,41,0,5,0,0,0,0
107,8 Nov 2025,,26zfrrhdp3qw2inh0oyvmdzbo,Craig Pawson,Sunderland AFC,Arsenal FC,T. Hume,0,0,0,1,0,4,0,0,16,0,0,0,0,2,0
107,8 Nov 2025,,26zfrrhdp3qw2inh0oyvmdzbo,Craig Pawson,Sunderland AFC,Arsenal FC,N. Sadiki,0,0,0,1,0,0,0,0,28,0,0,0,0,2,0
107,8 Nov 2025,,26zfrrhdp3qw2inh0oyvmdzbo,Craig Pawson,Sunderland AFC,Arsenal FC,E. Le Fée,0,1,0,1,0,1,0,0,19,0,0,1,0,1,0
107,8 Nov 2025,,26zfrrhdp3qw2inh0oyvmdzbo,Craig Pawson,Sunderland AFC,Arsenal FC,Reinildo Mandava,0,0,0,2,5,2,0,0,25,0,0,0,0,2,1
107,8 Nov 2025,,26zfrrhdp3qw2inh0oyvmdzbo,Craig Pawson,Sunderland AFC,Arsenal FC,L. Geertruida,0,0,0,0,0,0,0,0,30,0,0,0,0,3,0
107,8 Nov 2025,,26zfrrhdp3qw2inh0oyvmdzbo,Craig Pawson,Sunderland AFC,Arsenal FC,D. Ballard,0,0,0,0,2,1,1,1,33,0,0,1,1,0,0
107,8 Nov 2025,,26zfrrhdp3qw2inh0oyvmdzbo,Craig Pawson,Sunderland AFC,Arsenal FC,N. Mukiele,1,0,0,0,1,1,0,0,23,0,0,1,0,2,0
107,8 Nov 2025,,26zfrrhdp3qw2inh0oyvmdzbo,Craig Pawson,Sunderland AFC,Arsenal FC,B. Traoré,0,0,0,0,0,1,0,0,9,0,0,0,0,0,0
107,8 Nov 2025,,26zfrrhdp3qw2inh0oyvmdzbo,Craig Pawson,Sunderland AFC,Arsenal FC,W. Isidor,0,1,1,0,2,1,0,0,8,0,0,2,0,0,0
107,8 Nov 2025,,26zfrrhdp3qw2inh0oyvmdzbo,Craig Pawson,Sunderland AFC,Arsenal FC,B. Brobbey,0,0,0,0,2,0,1,1,2,0,0,1,1,1,0
107,8 Nov 2025,,26zfrrhdp3qw2inh0oyvmdzbo,Craig Pawson,Sunderland AFC,Arsenal FC,C. Talbi,0,0,0,1,0,0,0,0,5,0,0,0,0,0,0
107,8 Nov 2025,,26zfrrhdp3qw2inh0oyvmdzbo,Craig Pawson,Sunderland AFC,Arsenal FC,S. Adingra,0,0,0,2,0,0,0,0,9,0,0,0,0,0,0
107,8 Nov 2025,,26zfrrhdp3qw2inh0oyvmdzbo,Craig Pawson,Sunderland AFC,Arsenal FC,Eliezer Mayenda,0,0,0,0,0,0,0,0,0,0,0,0,0,0,0
107,8 Nov 2025,,26zfrrhdp3qw2inh0oyvmdzbo,Craig Pawson,Sunderland AFC,Arsenal FC,R. Calafiori,0,0,0,2,5,1,0,0,27,0,0,1,1,0,0
107,8 Nov 2025,,26zfrrhdp3qw2inh0oyvmdzbo,Craig Pawson,Sunderland AFC,Arsenal FC,Martín Zubimendi,1,1,0,0,1,2,0,0,75,0,0,3,1,3,1
107,8 Nov 2025,,26zfrrhdp3qw2inh0oyvmdzbo,Craig Pawson,Sunderland AFC,Arsenal FC,Gabriel Magalhães,0,0,0,2,0,1,0,0,62,0,0,0,0,1,0
107,8 Nov 2025,,26zfrrhdp3qw2inh0oyvmdzbo,Craig Pawson,Sunderland AFC,Arsenal FC,David Raya,0,0,0,0,0,0,0,0,22,0,0,0,0,0,0
107,8 Nov 2025,,26zfrrhdp3qw2inh0oyvmdzbo,Craig Pawson,Sunderland AFC,Arsenal FC,W. Saliba,0,0,0,0,0,1,0,0,75,0,0,1,0,0,0
107,8 Nov 2025,,26zfrrhdp3qw2inh0oyvmdzbo,Craig Pawson,Sunderland AFC,Arsenal FC,B. Saka,0,0,0,5,2,3,1,0,41,0,0,3,2,2,0
107,8 Nov 2025,,26zfrrhdp3qw2inh0oyvmdzbo,Craig Pawson,Sunderland AFC,Arsenal FC,D. Rice,0,0,0,6,0,0,0,0,65,0,0,3,1,3,0
107,8 Nov 2025,,26zfrrhdp3qw2inh0oyvmdzbo,Craig Pawson,Sunderland AFC,Arsenal FC,J. Timber,0,0,1,2,1,1,0,0,58,0,0,0,0,3,0
107,8 Nov 2025,,26zfrrhdp3qw2inh0oyvmdzbo,Craig Pawson,Sunderland AFC,Arsenal FC,Mikel Merino,1,1,1,0,2,1,0,0,28,0,0,1,0,0,0
107,8 Nov 2025,,26zfrrhdp3qw2inh0oyvmdzbo,Craig Pawson,Sunderland AFC,Arsenal FC,L. Trossard,0,0,0,4,1,1,1,0,41,0,0,1,1,0,0
107,8 Nov 2025,,26zfrrhdp3qw2inh0oyvmdzbo,Craig Pawson,Sunderland AFC,Arsenal FC,E. Eze,0,2,0,1,1,1,0,0,32,0,0,4,1,0,0
107,8 Nov 2025,,26zfrrhdp3qw2inh0oyvmdzbo,Craig Pawson,Sunderland AFC,Arsenal FC,Cristhian Mosquera,0,0,0,0,0,1,0,0,3,0,0,0,0,0,0
108,8 Nov 2025,,27dsai0y163f2lmufao3yg3ys,Samuel Barrott,Tottenham Hotspur FC,Manchester United FC,X. Simons,0,1,0,2,0,2,0,0,35,0,0,1,0,2,0
108,8 Nov 2025,,27dsai0y163f2lmufao3yg3ys,Samuel Barrott,Tottenham Hotspur FC,Manchester United FC,G. Vicario,0,0,0,0,0,0,0,0,29,0,0,0,0,0,0
108,8 Nov 2025,,27dsai0y163f2lmufao3yg3ys,Samuel Barrott,Tottenham Hotspur FC,Manchester United FC,Richarlison,0,1,1,0,1,1,1,1,22,0,0,3,1,2,1
108,8 Nov 2025,,27dsai0y163f2lmufao3yg3ys,Samuel Barrott,Tottenham Hotspur FC,Manchester United FC,João Palhinha,0,0,0,0,2,2,0,0,51,0,0,1,1,5,1
108,8 Nov 2025,,27dsai0y163f2lmufao3yg3ys,Samuel Barrott,Tottenham Hotspur FC,Manchester United FC,R. Kolo Muani,0,0,1,0,0,0,0,0,8,0,0,0,0,0,0
108,8 Nov 2025,,27dsai0y163f2lmufao3yg3ys,Samuel Barrott,Tottenham Hotspur FC,Manchester United FC,Pedro Porro,0,0,0,12,1,0,0,0,47,0,0,0,0,1,0
108,8 Nov 2025,,27dsai0y163f2lmufao3yg3ys,Samuel Barrott,Tottenham Hotspur FC,Manchester United FC,B. Johnson,0,0,0,5,0,0,0,1,23,0,0,0,0,3,1
108,8 Nov 2025,,27dsai0y163f2lmufao3yg3ys,Samuel Barrott,Tottenham Hotspur FC,Manchester United FC,C. Romero,0,0,1,0,2,1,0,0,54,0,0,1,1,5,1
108,8 Nov 2025,,27dsai0y163f2lmufao3yg3ys,Samuel Barrott,Tottenham Hotspur FC,Manchester United FC,P. Sarr,0,0,0,2,2,0,0,0,58,0,0,1,0,1,0
108,8 Nov 2025,,27dsai0y163f2lmufao3yg3ys,Samuel Barrott,Tottenham Hotspur FC,Manchester United FC,M. van de Ven,0,0,0,0,0,0,0,0,55,0,0,0,0,2,0
108,8 Nov 2025,,27dsai0y163f2lmufao3yg3ys,Samuel Barrott,Tottenham Hotspur FC,Manchester United FC,D. Spence,0,0,2,2,1,0,0,0,40,0,0,0,0,3,0
108,8 Nov 2025,,27dsai0y163f2lmufao3yg3ys,Samuel Barrott,Tottenham Hotspur FC,Manchester United FC,W. Odobert,1,1,0,4,0,1,0,0,11,0,0,1,0,1,0
108,8 Nov 2025,,27dsai0y163f2lmufao3yg3ys,Samuel Barrott,Tottenham Hotspur FC,Manchester United FC,D. Udogie,1,0,0,1,0,1,0,0,11,0,0,0,0,0,0
108,8 Nov 2025,,27dsai0y163f2lmufao3yg3ys,Samuel Barrott,Tottenham Hotspur FC,Manchester United FC,R. Bentancur,0,0,0,0,0,0,0,0,12,0,0,0,0,1,0
108,8 Nov 2025,,27dsai0y163f2lmufao3yg3ys,Samuel Barrott,Tottenham Hotspur FC,Manchester United FC,M. Tel,0,0,0,1,0,0,1,0,5,0,0,2,1,0,0
108,8 Nov 2025,,27dsai0y163f2lmufao3yg3ys,Samuel Barrott,Tottenham Hotspur FC,Manchester United FC,K. Danso,0,0,0,0,1,0,0,0,3,0,0,0,0,0,1
108,8 Nov 2025,,27dsai0y163f2lmufao3yg3ys,Samuel Barrott,Tottenham Hotspur FC,Manchester United FC,Casemiro,0,0,0,0,0,1,0,0,30,0,0,0,0,4,0
108,8 Nov 2025,,27dsai0y163f2lmufao3yg3ys,Samuel Barrott,Tottenham Hotspur FC,Manchester United FC,L. Shaw,0,0,0,0,1,0,0,0,47,0,0,0,0,3,0
108,8 Nov 2025,,27dsai0y163f2lmufao3yg3ys,Samuel Barrott,Tottenham Hotspur FC,Manchester United FC,A. Diallo,1,0,1,1,1,2,0,0,32,0,0,0,0,2,0
108,8 Nov 2025,,27dsai0y163f2lmufao3yg3ys,Samuel Barrott,Tottenham Hotspur FC,Manchester United FC,M. de Ligt,0,0,0,0,0,0,1,0,43,0,0,1,1,2,0
108,8 Nov 2025,,27dsai0y163f2lmufao3yg3ys,Samuel Barrott,Tottenham Hotspur FC,Manchester United FC,S. Lammens,0,0,0,0,0,0,0,0,32,0,2,0,0,0,0
108,8 Nov 2025,,27dsai0y163f2lmufao3yg3ys,Samuel Barrott,Tottenham Hotspur FC,Manchester United FC,Matheus Cunha,0,1,1,0,2,0,0,0,24,0,0,1,0,0,0
108,8 Nov 2025,,27dsai0y163f2lmufao3yg3ys,Samuel Barrott,Tottenham Hotspur FC,Manchester United FC,H. Maguire,0,0,0,1,1,0,0,0,28,0,0,0,0,0,0
108,8 Nov 2025,,27dsai0y163f2lmufao3yg3ys,Samuel Barrott,Tottenham Hotspur FC,Manchester United FC,Bruno Fernandes,1,0,0,4,1,0,0,0,42,0,0,1,0,2,0
108,8 Nov 2025,,27dsai0y163f2lmufao3yg3ys,Samuel Barrott,Tottenham Hotspur FC,Manchester United FC,P. Dorgu,0,0,0,3,0,4,0,0,29,0,0,0,0,1,1
108,8 Nov 2025,,27dsai0y163f2lmufao3yg3ys,Samuel Barrott,Tottenham Hotspur FC,Manchester United FC,B. Mbeumo,0,0,1,2,0,2,1,2,28,0,0,2,1,1,0
108,8 Nov 2025,,27dsai0y163f2lmufao3yg3ys,Samuel Barrott,Tottenham Hotspur FC,Manchester United FC,N. Mazraoui,0,0,0,1,0,0,0,0,16,0,0,0,0,2,0
108,8 Nov 2025,,27dsai0y163f2lmufao3yg3ys,Samuel Barrott,Tottenham Hotspur FC,Manchester United FC,B. Šeško,0,0,0,0,1,0,0,1,7,0,0,0,0,0,0
108,8 Nov 2025,,27dsai0y163f2lmufao3yg3ys,Samuel Barrott,Tottenham Hotspur FC,Manchester United FC,L. Yoro,0,0,0,0,0,0,0,0,11,0,0,0,0,0,0
108,8 Nov 2025,,27dsai0y163f2lmufao3yg3ys,Samuel Barrott,Tottenham Hotspur FC,Manchester United FC,M. Mount,0,0,0,0,1,0,0,0,11,0,0,0,0,2,0
108,8 Nov 2025,,27dsai0y163f2lmufao3yg3ys,Samuel Barrott,Tottenham Hotspur FC,Manchester United FC,M. Ugarte,0,0,0,0,0,1,0,0,9,0,0,0,0,1,0
108,8 Nov 2025,,27dsai0y163f2lmufao3yg3ys,Samuel Barrott,Tottenham Hotspur FC,Manchester United FC,Diogo Dalot,0,0,0,0,0,0,0,0,7,0,0,0,0,1,0
109,8 Nov 2025,,27s0zmzii4o2aq7gtamk7q8t0,Michael Salisbury,West Ham United FC,Burnley FC,Mateus Fernandes,0,0,1,3,3,0,0,0,53,0,0,0,0,3,1
109,8 Nov 2025,,27s0zmzii4o2aq7gtamk7q8t0,Michael Salisbury,West Ham United FC,Burnley FC,A. Areola,0,0,0,0,0,0,0,0,29,0,5,0,0,0,0
109,8 Nov 2025,,27s0zmzii4o2aq7gtamk7q8t0,Michael Salisbury,West Ham United FC,Burnley FC,C. Wilson,0,1,1,0,1,2,1,1,10,0,0,2,1,0,0
109,8 Nov 2025,,27s0zmzii4o2aq7gtamk7q8t0,Michael Salisbury,West Ham United FC,Burnley FC,A. Wan-Bissaka,0,0,0,1,1,1,0,0,28,0,0,0,0,2,0
109,8 Nov 2025,,27s0zmzii4o2aq7gtamk7q8t0,Michael Salisbury,West Ham United FC,Burnley FC,E. Diouf,0,0,2,5,1,1,0,0,37,0,0,0,0,1,0
109,8 Nov 2025,,27s0zmzii4o2aq7gtamk7q8t0,Michael Salisbury,West Ham United FC,Burnley FC,M. Kilman,0,1,0,0,0,0,0,0,33,0,0,1,0,0,0
109,8 Nov 2025,,27s0zmzii4o2aq7gtamk7q8t0,Michael Salisbury,West Ham United FC,Burnley FC,F. Potts,0,0,0,5,2,3,0,0,36,0,0,0,0,3,0
109,8 Nov 2025,,27s0zmzii4o2aq7gtamk7q8t0,Michael Salisbury,West Ham United FC,Burnley FC,J. Todibo,0,0,0,0,2,0,0,0,38,0,0,0,0,0,0
109,8 Nov 2025,,27s0zmzii4o2aq7gtamk7q8t0,Michael Salisbury,West Ham United FC,Burnley FC,Lucas Paquetá,0,2,1,2,1,3,0,0,47,0,0,3,1,3,1
109,8 Nov 2025,,27s0zmzii4o2aq7gtamk7q8t0,Michael Salisbury,West Ham United FC,Burnley FC,C. Summerville,0,2,1,1,2,1,0,1,19,0,0,3,0,1,0
109,8 Nov 2025,,27s0zmzii4o2aq7gtamk7q8t0,Michael Salisbury,West Ham United FC,Burnley FC,J. Bowen,0,2,1,1,0,0,0,0,25,0,0,3,1,1,0
109,8 Nov 2025,,27s0zmzii4o2aq7gtamk7q8t0,Michael Salisbury,West Ham United FC,Burnley FC,T. Souček,0,0,0,0,0,0,1,0,5,0,0,2,2,0,0
109,8 Nov 2025,,27s0zmzii4o2aq7gtamk7q8t0,Michael Salisbury,West Ham United FC,Burnley FC,S. Magassa,0,0,0,0,1,0,0,0,7,0,0,0,0,0,0
109,8 Nov 2025,,27s0zmzii4o2aq7gtamk7q8t0,Michael Salisbury,West Ham United FC,Burnley FC,Igor Julio,0,0,0,0,1,0,0,0,7,0,0,0,0,0,0
109,8 Nov 2025,,27s0zmzii4o2aq7gtamk7q8t0,Michael Salisbury,West Ham United FC,Burnley FC,K. Walker-Peters,0,0,0,0,0,1,1,0,0,0,0,1,1,0,0
109,8 Nov 2025,,27s0zmzii4o2aq7gtamk7q8t0,Michael Salisbury,West Ham United FC,Burnley FC,Z. Flemming,0,0,0,0,3,2,1,0,11,0,0,2,1,1,1
109,8 Nov 2025,,27s0zmzii4o2aq7gtamk7q8t0,Michael Salisbury,West Ham United FC,Burnley FC,M. Dúbravka,0,0,0,0,0,0,0,0,21,0,3,0,0,0,0
109,8 Nov 2025,,27s0zmzii4o2aq7gtamk7q8t0,Michael Salisbury,West Ham United FC,Burnley FC,Q. Hartman,0,0,0,8,1,0,0,0,46,0,0,0,0,2,0
109,8 Nov 2025,,27s0zmzii4o2aq7gtamk7q8t0,Michael Salisbury,West Ham United FC,Burnley FC,J. Cullen,0,1,0,0,1,0,1,0,74,0,0,2,1,0,0
109,8 Nov 2025,,27s0zmzii4o2aq7gtamk7q8t0,Michael Salisbury,West Ham United FC,Burnley FC,K. Walker,0,0,0,2,2,1,0,0,69,0,0,0,0,1,1
109,8 Nov 2025,,27s0zmzii4o2aq7gtamk7q8t0,Michael Salisbury,West Ham United FC,Burnley FC,M. Estève,0,0,0,0,0,0,0,0,57,0,0,0,0,0,0
109,8 Nov 2025,,27s0zmzii4o2aq7gtamk7q8t0,Michael Salisbury,West Ham United FC,Burnley FC,J. Anthony,0,1,1,1,1,1,0,0,29,0,0,1,0,0,0
109,8 Nov 2025,,27s0zmzii4o2aq7gtamk7q8t0,Michael Salisbury,West Ham United FC,Burnley FC,Florentino,0,1,0,0,1,1,0,0,57,0,0,2,1,9,0
109,8 Nov 2025,,27s0zmzii4o2aq7gtamk7q8t0,Michael Salisbury,West Ham United FC,Burnley FC,A. Tuanzebe,0,0,0,0,2,0,0,0,56,0,0,0,0,1,0
109,8 Nov 2025,,27s0zmzii4o2aq7gtamk7q8t0,Michael Salisbury,West Ham United FC,Burnley FC,L. Ugochukwu,0,3,1,1,2,4,0,0,26,0,0,4,1,1,0
109,8 Nov 2025,,27s0zmzii4o2aq7gtamk7q8t0,Michael Salisbury,West Ham United FC,Burnley FC,L. Tchaouna,0,1,1,0,0,1,0,0,25,0,0,1,0,1,0
109,8 Nov 2025,,27s0zmzii4o2aq7gtamk7q8t0,Michael Salisbury,West Ham United FC,Burnley FC,J. Bruun Larsen,0,0,1,0,0,0,0,0,16,0,0,2,1,0,0
109,8 Nov 2025,,27s0zmzii4o2aq7gtamk7q8t0,Michael Salisbury,West Ham United FC,Burnley FC,A. Broja,0,0,0,0,0,1,0,0,5,0,0,0,0,0,0
109,8 Nov 2025,,27s0zmzii4o2aq7gtamk7q8t0,Michael Salisbury,West Ham United FC,Burnley FC,H. Mejbri,0,0,0,0,0,3,0,1,13,0,0,1,1,0,0
109,8 Nov 2025,,27s0zmzii4o2aq7gtamk7q8t0,Michael Salisbury,West Ham United FC,Burnley FC,Lucas Pires,0,0,0,1,0,0,0,0,8,0,0,0,0,0,0
109,8 Nov 2025,,27s0zmzii4o2aq7gtamk7q8t0,Michael Salisbury,West Ham United FC,Burnley FC,M. Edwards,0,0,0,0,0,0,0,0,4,0,0,1,1,0,0
110,22 Nov 2025,,2868qwytxs68nuc9752cva4us,Thomas Bramall,AFC Bournemouth,West Ham United FC,B. Diakité,0,0,0,0,0,0,0,0,49,0,0,0,0,0,0
110,22 Nov 2025,,2868qwytxs68nuc9752cva4us,Thomas Bramall,AFC Bournemouth,West Ham United FC,A. Scott,0,0,1,4,1,0,0,0,42,0,0,1,1,2,0
110,22 Nov 2025,,2868qwytxs68nuc9752cva4us,Thomas Bramall,AFC Bournemouth,West Ham United FC,Evanilson,0,0,1,0,0,1,0,2,13,0,0,6,2,1,0
110,22 Nov 2025,,2868qwytxs68nuc9752cva4us,Thomas Bramall,AFC Bournemouth,West Ham United FC,A. Truffert,0,0,2,18,0,1,0,0,58,0,0,0,0,1,1
110,22 Nov 2025,,2868qwytxs68nuc9752cva4us,Thomas Bramall,AFC Bournemouth,West Ham United FC,L. Cook,0,0,0,6,0,0,0,0,96,0,0,1,0,4,0
110,22 Nov 2025,,2868qwytxs68nuc9752cva4us,Thomas Bramall,AFC Bournemouth,West Ham United FC,J. Kroupi,0,1,1,1,1,2,0,0,26,0,0,4,2,3,0
110,22 Nov 2025,,2868qwytxs68nuc9752cva4us,Thomas Bramall,AFC Bournemouth,West Ham United FC,D. Brooks,0,0,0,2,1,0,0,0,27,0,0,3,0,3,1
110,22 Nov 2025,,2868qwytxs68nuc9752cva4us,Thomas Bramall,AFC Bournemouth,West Ham United FC,M. Tavernier,0,1,2,9,0,3,1,0,49,0,0,3,1,2,0
110,22 Nov 2025,,2868qwytxs68nuc9752cva4us,Thomas Bramall,AFC Bournemouth,West Ham United FC,T. Adams,0,0,0,0,2,0,0,0,72,0,0,0,0,1,0
110,22 Nov 2025,,2868qwytxs68nuc9752cva4us,Thomas Bramall,AFC Bournemouth,West Ham United FC,M. Senesi,1,1,0,4,1,1,0,0,90,0,0,1,0,2,1
110,22 Nov 2025,,2868qwytxs68nuc9752cva4us,Thomas Bramall,AFC Bournemouth,West Ham United FC,Đ. Petrović,0,0,0,0,0,0,0,0,13,0,0,0,0,0,0
110,22 Nov 2025,,2868qwytxs68nuc9752cva4us,Thomas Bramall,AFC Bournemouth,West Ham United FC,R. Christie,0,2,0,4,2,0,0,0,36,0,0,4,1,0,0
110,22 Nov 2025,,2868qwytxs68nuc9752cva4us,Thomas Bramall,AFC Bournemouth,West Ham United FC,Álex Jiménez,0,0,1,4,0,0,0,0,26,0,0,0,0,0,0
110,22 Nov 2025,,2868qwytxs68nuc9752cva4us,Thomas Bramall,AFC Bournemouth,West Ham United FC,A. Adli,0,2,0,1,1,0,0,0,16,0,0,3,1,0,0
110,22 Nov 2025,,2868qwytxs68nuc9752cva4us,Thomas Bramall,AFC Bournemouth,West Ham United FC,E. Ünal,0,0,0,1,0,0,1,0,2,0,0,2,2,0,0
110,22 Nov 2025,,2868qwytxs68nuc9752cva4us,Thomas Bramall,AFC Bournemouth,West Ham United FC,A. Smith,0,0,0,0,0,0,0,0,1,0,0,0,0,0,0
110,22 Nov 2025,,2868qwytxs68nuc9752cva4us,Thomas Bramall,AFC Bournemouth,West Ham United FC,Mateus Fernandes,0,0,0,0,0,0,0,0,24,0,0,0,0,1,0
110,22 Nov 2025,,2868qwytxs68nuc9752cva4us,Thomas Bramall,AFC Bournemouth,West Ham United FC,Igor Julio,0,0,0,0,0,0,0,0,14,0,0,0,0,0,0
110,22 Nov 2025,,2868qwytxs68nuc9752cva4us,Thomas Bramall,AFC Bournemouth,West Ham United FC,J. Todibo,1,0,0,0,1,0,0,0,19,0,0,0,0,3,1
110,22 Nov 2025,,2868qwytxs68nuc9752cva4us,Thomas Bramall,AFC Bournemouth,West Ham United FC,E. Diouf,0,0,2,2,1,1,0,0,11,0,0,0,0,0,0
110,22 Nov 2025,,2868qwytxs68nuc9752cva4us,Thomas Bramall,AFC Bournemouth,West Ham United FC,M. Kilman,0,0,0,0,1,0,0,0,13,0,0,0,0,2,0
110,22 Nov 2025,,2868qwytxs68nuc9752cva4us,Thomas Bramall,AFC Bournemouth,West Ham United FC,Luis Guilherme,0,0,0,0,0,0,0,0,11,0,0,0,0,0,0
110,22 Nov 2025,,2868qwytxs68nuc9752cva4us,Thomas Bramall,AFC Bournemouth,West Ham United FC,A. Areola,1,0,0,0,0,0,0,0,34,0,10,0,0,0,0
110,22 Nov 2025,,2868qwytxs68nuc9752cva4us,Thomas Bramall,AFC Bournemouth,West Ham United FC,A. Wan-Bissaka,0,0,0,1,4,0,0,0,15,0,0,0,0,1,1
110,22 Nov 2025,,2868qwytxs68nuc9752cva4us,Thomas Bramall,AFC Bournemouth,West Ham United FC,C. Wilson,0,0,0,0,0,1,2,0,4,0,0,3,2,0,0
110,22 Nov 2025,,2868qwytxs68nuc9752cva4us,Thomas Bramall,AFC Bournemouth,West Ham United FC,F. Potts,0,0,0,3,2,3,0,0,24,0,0,0,0,3,0
110,22 Nov 2025,,2868qwytxs68nuc9752cva4us,Thomas Bramall,AFC Bournemouth,West Ham United FC,J. Bowen,0,1,0,0,0,3,0,0,12,0,0,2,0,2,0
110,22 Nov 2025,,2868qwytxs68nuc9752cva4us,Thomas Bramall,AFC Bournemouth,West Ham United FC,K. Walker-Peters,0,0,0,0,0,0,0,1,1,0,0,0,0,0,0
110,22 Nov 2025,,2868qwytxs68nuc9752cva4us,Thomas Bramall,AFC Bournemouth,West Ham United FC,T. Souček,0,0,0,0,1,1,0,0,16,0,0,0,0,1,0
110,22 Nov 2025,,2868qwytxs68nuc9752cva4us,Thomas Bramall,AFC Bournemouth,West Ham United FC,N. Füllkrug,0,0,0,0,0,0,0,1,4,0,0,0,0,0,0
111,23 Nov 2025,,28m9dl3dg3b2kv50yxgrt2sk4,Michael Oliver,Arsenal FC,Tottenham Hotspur FC,Martín Zubimendi,0,1,0,0,2,1,0,0,60,0,0,1,0,2,0
111,23 Nov 2025,,28m9dl3dg3b2kv50yxgrt2sk4,Michael Oliver,Arsenal FC,Tottenham Hotspur FC,W. Saliba,0,0,0,0,0,0,0,1,66,0,0,0,0,1,0
111,23 Nov 2025,,28m9dl3dg3b2kv50yxgrt2sk4,Michael Oliver,Arsenal FC,Tottenham Hotspur FC,David Raya,0,0,0,0,0,1,0,0,23,0,1,0,0,0,0
111,23 Nov 2025,,28m9dl3dg3b2kv50yxgrt2sk4,Michael Oliver,Arsenal FC,Tottenham Hotspur FC,J. Timber,1,0,0,1,1,1,0,0,56,0,0,3,0,0,0
111,23 Nov 2025,,28m9dl3dg3b2kv50yxgrt2sk4,Michael Oliver,Arsenal FC,Tottenham Hotspur FC,D. Rice,1,0,1,7,2,0,0,0,57,0,0,1,1,4,1
111,23 Nov 2025,,28m9dl3dg3b2kv50yxgrt2sk4,Michael Oliver,Arsenal FC,Tottenham Hotspur FC,B. Saka,0,0,1,3,1,4,0,0,32,0,0,3,2,3,0
111,23 Nov 2025,,28m9dl3dg3b2kv50yxgrt2sk4,Michael Oliver,Arsenal FC,Tottenham Hotspur FC,P. Hincapié,0,0,0,0,1,0,0,0,37,0,0,0,0,1,0
111,23 Nov 2025,,28m9dl3dg3b2kv50yxgrt2sk4,Michael Oliver,Arsenal FC,Tottenham Hotspur FC,Mikel Merino,1,1,0,1,3,3,0,2,26,0,0,1,0,5,0
111,23 Nov 2025,,28m9dl3dg3b2kv50yxgrt2sk4,Michael Oliver,Arsenal FC,Tottenham Hotspur FC,L. Trossard,1,0,1,1,0,2,1,0,23,0,0,1,1,2,0
111,23 Nov 2025,,28m9dl3dg3b2kv50yxgrt2sk4,Michael Oliver,Arsenal FC,Tottenham Hotspur FC,E. Eze,0,0,0,0,0,2,3,0,26,0,0,6,4,2,0
111,23 Nov 2025,,28m9dl3dg3b2kv50yxgrt2sk4,Michael Oliver,Arsenal FC,Tottenham Hotspur FC,R. Calafiori,0,0,0,2,1,0,0,0,29,0,0,1,0,3,0
111,23 Nov 2025,,28m9dl3dg3b2kv50yxgrt2sk4,Michael Oliver,Arsenal FC,Tottenham Hotspur FC,N. Madueke,0,0,1,0,0,1,0,0,5,0,0,0,0,0,0
111,23 Nov 2025,,28m9dl3dg3b2kv50yxgrt2sk4,Michael Oliver,Arsenal FC,Tottenham Hotspur FC,Cristhian Mosquera,0,0,0,0,0,0,0,0,6,0,0,0,0,0,0
111,23 Nov 2025,,28m9dl3dg3b2kv50yxgrt2sk4,Michael Oliver,Arsenal FC,Tottenham Hotspur FC,E. Nwaneri,0,0,0,0,0,0,0,0,1,0,0,0,0,0,0
111,23 Nov 2025,,28m9dl3dg3b2kv50yxgrt2sk4,Michael Oliver,Arsenal FC,Tottenham Hotspur FC,M. Lewis-Skelly,0,0,0,0,0,0,0,0,1,0,0,0,0,0,0
111,23 Nov 2025,,28m9dl3dg3b2kv50yxgrt2sk4,Michael Oliver,Arsenal FC,Tottenham Hotspur FC,R. Bentancur,0,0,0,0,1,0,0,0,17,0,0,0,0,0,1
111,23 Nov 2025,,28m9dl3dg3b2kv50yxgrt2sk4,Michael Oliver,Arsenal FC,Tottenham Hotspur FC,G. Vicario,0,0,0,0,0,0,0,0,44,0,4,0,0,0,0
111,23 Nov 2025,,28m9dl3dg3b2kv50yxgrt2sk4,Michael Oliver,Arsenal FC,Tottenham Hotspur FC,D. Udogie,0,0,0,0,2,1,0,0,36,0,0,0,0,4,0
111,23 Nov 2025,,28m9dl3dg3b2kv50yxgrt2sk4,Michael Oliver,Arsenal FC,Tottenham Hotspur FC,M. van de Ven,0,0,0,0,4,2,0,0,34,0,0,0,0,1,0
111,23 Nov 2025,,28m9dl3dg3b2kv50yxgrt2sk4,Michael Oliver,Arsenal FC,Tottenham Hotspur FC,C. Romero,0,0,0,0,1,0,0,0,49,0,0,0,0,1,1
111,23 Nov 2025,,28m9dl3dg3b2kv50yxgrt2sk4,Michael Oliver,Arsenal FC,Tottenham Hotspur FC,W. Odobert,0,0,0,2,0,1,0,0,10,0,0,0,0,0,0
111,23 Nov 2025,,28m9dl3dg3b2kv50yxgrt2sk4,Michael Oliver,Arsenal FC,Tottenham Hotspur FC,M. Kudus,0,0,0,1,1,1,0,0,11,0,0,0,0,2,0
111,23 Nov 2025,,28m9dl3dg3b2kv50yxgrt2sk4,Michael Oliver,Arsenal FC,Tottenham Hotspur FC,K. Danso,0,0,0,0,0,0,0,0,22,0,0,0,0,1,0
111,23 Nov 2025,,28m9dl3dg3b2kv50yxgrt2sk4,Michael Oliver,Arsenal FC,Tottenham Hotspur FC,João Palhinha,1,0,0,1,2,2,0,0,30,0,0,0,0,8,0
111,23 Nov 2025,,28m9dl3dg3b2kv50yxgrt2sk4,Michael Oliver,Arsenal FC,Tottenham Hotspur FC,Richarlison,0,0,0,0,1,1,1,0,10,0,0,1,1,1,0
111,23 Nov 2025,,28m9dl3dg3b2kv50yxgrt2sk4,Michael Oliver,Arsenal FC,Tottenham Hotspur FC,D. Spence,0,0,0,1,1,1,0,0,19,0,0,0,0,2,0
111,23 Nov 2025,,28m9dl3dg3b2kv50yxgrt2sk4,Michael Oliver,Arsenal FC,Tottenham Hotspur FC,X. Simons,0,0,0,1,1,1,0,0,24,0,0,2,1,0,0
111,23 Nov 2025,,28m9dl3dg3b2kv50yxgrt2sk4,Michael Oliver,Arsenal FC,Tottenham Hotspur FC,P. Sarr,0,0,0,0,0,0,0,1,9,0,0,0,0,0,0
111,23 Nov 2025,,28m9dl3dg3b2kv50yxgrt2sk4,Michael Oliver,Arsenal FC,Tottenham Hotspur FC,R. Kolo Muani,0,0,1,0,1,0,0,0,4,0,0,0,0,1,0
111,23 Nov 2025,,28m9dl3dg3b2kv50yxgrt2sk4,Michael Oliver,Arsenal FC,Tottenham Hotspur FC,Pedro Porro,0,0,0,1,0,0,0,0,10,0,0,0,0,0,1
111,23 Nov 2025,,28m9dl3dg3b2kv50yxgrt2sk4,Michael Oliver,Arsenal FC,Tottenham Hotspur FC,B. Johnson,0,0,0,0,0,0,0,0,1,0,0,0,0,0,0
112,22 Nov 2025,,290hyavp000xtwoqfwwrpnj84,Chris Kavanagh,Brighton & Hove Albion FC,Brentford FC,M. Wieffer,0,0,1,0,4,1,0,0,43,0,0,1,1,3,0
112,22 Nov 2025,,290hyavp000xtwoqfwwrpnj84,Chris Kavanagh,Brighton & Hove Albion FC,Brentford FC,O. Boscagli,0,0,0,1,2,0,0,0,48,0,0,0,0,2,1
112,22 Nov 2025,,290hyavp000xtwoqfwwrpnj84,Chris Kavanagh,Brighton & Hove Albion FC,Brentford FC,C. Baleba,0,0,0,0,1,0,0,0,18,0,0,1,0,0,0
112,22 Nov 2025,,290hyavp000xtwoqfwwrpnj84,Chris Kavanagh,Brighton & Hove Albion FC,Brentford FC,G. Rutter,0,0,2,1,0,2,0,0,24,0,0,2,1,2,0
112,22 Nov 2025,,290hyavp000xtwoqfwwrpnj84,Chris Kavanagh,Brighton & Hove Albion FC,Brentford FC,J. van Hecke,0,0,0,0,0,2,0,0,86,0,0,0,0,1,0
112,22 Nov 2025,,290hyavp000xtwoqfwwrpnj84,Chris Kavanagh,Brighton & Hove Albion FC,Brentford FC,B. Verbruggen,0,0,0,0,0,0,0,0,55,0,3,0,0,0,1
112,22 Nov 2025,,290hyavp000xtwoqfwwrpnj84,Chris Kavanagh,Brighton & Hove Albion FC,Brentford FC,Y. Ayari,0,0,0,1,0,1,0,0,72,0,0,0,0,6,0
112,22 Nov 2025,,290hyavp000xtwoqfwwrpnj84,Chris Kavanagh,Brighton & Hove Albion FC,Brentford FC,D. Gómez,0,0,0,0,1,1,0,0,30,0,0,1,0,0,1
112,22 Nov 2025,,290hyavp000xtwoqfwwrpnj84,Chris Kavanagh,Brighton & Hove Albion FC,Brentford FC,F. Kadıoğlu,0,0,2,5,0,0,0,0,42,0,0,1,0,2,0
112,22 Nov 2025,,290hyavp000xtwoqfwwrpnj84,Chris Kavanagh,Brighton & Hove Albion FC,Brentford FC,Y. Minteh,1,1,1,4,0,1,0,0,25,0,0,3,1,1,0
112,22 Nov 2025,,290hyavp000xtwoqfwwrpnj84,Chris Kavanagh,Brighton & Hove Albion FC,Brentford FC,D. Welbeck,0,0,0,0,1,0,1,0,25,0,0,4,1,1,0
112,22 Nov 2025,,290hyavp000xtwoqfwwrpnj84,Chris Kavanagh,Brighton & Hove Albion FC,Brentford FC,L. Dunk,0,0,0,1,0,0,0,0,64,0,0,0,0,0,0
112,22 Nov 2025,,290hyavp000xtwoqfwwrpnj84,Chris Kavanagh,Brighton & Hove Albion FC,Brentford FC,M. De Cuyper,0,0,1,5,1,1,0,0,24,0,0,0,0,2,0
112,22 Nov 2025,,290hyavp000xtwoqfwwrpnj84,Chris Kavanagh,Brighton & Hove Albion FC,Brentford FC,J. Hinshelwood,0,0,0,0,0,0,1,0,18,0,0,1,1,1,0
112,22 Nov 2025,,290hyavp000xtwoqfwwrpnj84,Chris Kavanagh,Brighton & Hove Albion FC,Brentford FC,B. Gruda,0,0,0,0,0,0,0,0,2,0,0,0,0,1,1
112,22 Nov 2025,,290hyavp000xtwoqfwwrpnj84,Chris Kavanagh,Brighton & Hove Albion FC,Brentford FC,J. Veltman,0,0,0,0,0,0,0,0,0,0,0,0,0,1,0
112,22 Nov 2025,,290hyavp000xtwoqfwwrpnj84,Chris Kavanagh,Brighton & Hove Albion FC,Brentford FC,D. Ouattara,0,0,1,5,2,2,0,0,18,0,0,0,0,1,1
112,22 Nov 2025,,290hyavp000xtwoqfwwrpnj84,Chris Kavanagh,Brighton & Hove Albion FC,Brentford FC,M. Damsgaard,0,0,0,3,0,0,0,0,17,0,0,0,0,4,0
112,22 Nov 2025,,290hyavp000xtwoqfwwrpnj84,Chris Kavanagh,Brighton & Hove Albion FC,Brentford FC,K. Schade,0,0,1,1,0,2,0,0,18,0,0,1,0,2,0
112,22 Nov 2025,,290hyavp000xtwoqfwwrpnj84,Chris Kavanagh,Brighton & Hove Albion FC,Brentford FC,Y. Yarmoliuk,0,0,0,0,1,0,0,0,32,0,0,2,0,2,0
112,22 Nov 2025,,290hyavp000xtwoqfwwrpnj84,Chris Kavanagh,Brighton & Hove Albion FC,Brentford FC,N. Collins,0,0,0,0,0,1,0,0,46,0,0,0,0,1,0
112,22 Nov 2025,,290hyavp000xtwoqfwwrpnj84,Chris Kavanagh,Brighton & Hove Albion FC,Brentford FC,S. van den Berg,0,1,0,0,0,0,0,0,31,0,0,1,0,2,0
112,22 Nov 2025,,290hyavp000xtwoqfwwrpnj84,Chris Kavanagh,Brighton & Hove Albion FC,Brentford FC,J. Henderson,0,0,0,1,1,0,0,0,30,0,0,0,0,2,0
112,22 Nov 2025,,290hyavp000xtwoqfwwrpnj84,Chris Kavanagh,Brighton & Hove Albion FC,Brentford FC,K. Ajer,0,0,0,0,1,1,0,0,13,0,0,0,0,2,0
112,22 Nov 2025,,290hyavp000xtwoqfwwrpnj84,Chris Kavanagh,Brighton & Hove Albion FC,Brentford FC,M. Kayode,0,0,1,2,0,1,0,0,26,0,0,2,1,1,0
112,22 Nov 2025,,290hyavp000xtwoqfwwrpnj84,Chris Kavanagh,Brighton & Hove Albion FC,Brentford FC,C. Kelleher,0,0,0,0,0,0,0,0,40,0,3,0,0,0,0
112,22 Nov 2025,,290hyavp000xtwoqfwwrpnj84,Chris Kavanagh,Brighton & Hove Albion FC,Brentford FC,Igor Thiago,0,0,1,0,2,2,1,1,19,0,0,3,2,1,0
112,22 Nov 2025,,290hyavp000xtwoqfwwrpnj84,Chris Kavanagh,Brighton & Hove Albion FC,Brentford FC,K. Lewis-Potter,0,0,0,2,0,1,0,0,4,0,0,1,1,2,0
112,22 Nov 2025,,290hyavp000xtwoqfwwrpnj84,Chris Kavanagh,Brighton & Hove Albion FC,Brentford FC,A. Hickey,0,0,0,0,1,0,0,0,5,0,0,0,0,0,0
112,22 Nov 2025,,290hyavp000xtwoqfwwrpnj84,Chris Kavanagh,Brighton & Hove Albion FC,Brentford FC,V. Janelt,0,0,0,0,0,0,0,0,11,0,0,0,0,0,1
112,22 Nov 2025,,290hyavp000xtwoqfwwrpnj84,Chris Kavanagh,Brighton & Hove Albion FC,Brentford FC,M. Jensen,0,0,0,0,1,0,0,0,4,0,0,0,0,0,0
113,22 Nov 2025,,29ekagqph40vn7u6wyju0xixg,Peter Bankes,Burnley FC,Chelsea FC,Z. Flemming,0,0,0,0,0,0,0,0,9,0,0,2,0,1,0
113,22 Nov 2025,,29ekagqph40vn7u6wyju0xixg,Peter Bankes,Burnley FC,Chelsea FC,Q. Hartman,0,0,1,1,0,0,0,0,44,0,0,1,0,1,0
113,22 Nov 2025,,29ekagqph40vn7u6wyju0xixg,Peter Bankes,Burnley FC,Chelsea FC,M. Dúbravka,0,0,0,0,0,0,0,0,46,0,3,0,0,0,0
113,22 Nov 2025,,29ekagqph40vn7u6wyju0xixg,Peter Bankes,Burnley FC,Chelsea FC,A. Tuanzebe,0,0,0,0,2,1,0,0,54,0,0,0,0,2,0
113,22 Nov 2025,,29ekagqph40vn7u6wyju0xixg,Peter Bankes,Burnley FC,Chelsea FC,J. Cullen,0,0,0,0,3,1,0,0,51,0,0,0,0,0,0
113,22 Nov 2025,,29ekagqph40vn7u6wyju0xixg,Peter Bankes,Burnley FC,Chelsea FC,K. Walker,0,0,0,2,3,0,0,0,45,0,0,0,0,3,1
113,22 Nov 2025,,29ekagqph40vn7u6wyju0xixg,Peter Bankes,Burnley FC,Chelsea FC,M. Estève,0,0,0,0,0,0,0,0,43,0,0,0,0,2,0
113,22 Nov 2025,,29ekagqph40vn7u6wyju0xixg,Peter Bankes,Burnley FC,Chelsea FC,L. Tchaouna,0,1,0,1,0,2,0,0,22,0,0,2,1,1,0
113,22 Nov 2025,,29ekagqph40vn7u6wyju0xixg,Peter Bankes,Burnley FC,Chelsea FC,L. Ugochukwu,0,0,0,0,0,2,0,0,20,0,0,0,0,0,0
113,22 Nov 2025,,29ekagqph40vn7u6wyju0xixg,Peter Bankes,Burnley FC,Chelsea FC,Florentino,0,0,0,0,2,1,0,0,30,0,0,0,0,4,0
113,22 Nov 2025,,29ekagqph40vn7u6wyju0xixg,Peter Bankes,Burnley FC,Chelsea FC,J. Anthony,0,2,0,0,1,0,0,0,25,0,0,2,0,2,0
113,22 Nov 2025,,29ekagqph40vn7u6wyju0xixg,Peter Bankes,Burnley FC,Chelsea FC,H. Mejbri,0,0,0,1,0,0,0,0,5,0,0,0,0,0,1
113,22 Nov 2025,,29ekagqph40vn7u6wyju0xixg,Peter Bankes,Burnley FC,Chelsea FC,A. Broja,0,0,0,0,1,1,0,0,9,0,0,1,1,0,0
113,22 Nov 2025,,29ekagqph40vn7u6wyju0xixg,Peter Bankes,Burnley FC,Chelsea FC,L. Foster,0,0,0,0,0,0,0,0,7,0,0,0,0,0,0
113,22 Nov 2025,,29ekagqph40vn7u6wyju0xixg,Peter Bankes,Burnley FC,Chelsea FC,J. Bruun Larsen,0,0,0,2,0,0,0,0,5,0,0,0,0,0,0
113,22 Nov 2025,,29ekagqph40vn7u6wyju0xixg,Peter Bankes,Burnley FC,Chelsea FC,J. Laurent,0,0,0,0,1,0,0,0,3,0,0,0,0,0,0
113,22 Nov 2025,,29ekagqph40vn7u6wyju0xixg,Peter Bankes,Burnley FC,Chelsea FC,João Pedro,0,0,0,0,2,2,0,2,36,0,0,2,0,0,1
113,22 Nov 2025,,29ekagqph40vn7u6wyju0xixg,Peter Bankes,Burnley FC,Chelsea FC,Robert Sánchez,0,0,0,0,0,1,0,0,38,0,2,0,0,0,0
113,22 Nov 2025,,29ekagqph40vn7u6wyju0xixg,Peter Bankes,Burnley FC,Chelsea FC,T. Adarabioyo,0,0,0,0,0,0,0,0,110,0,0,0,0,6,0
113,22 Nov 2025,,29ekagqph40vn7u6wyju0xixg,Peter Bankes,Burnley FC,Chelsea FC,Marc Cucurella,0,1,1,0,1,0,0,0,53,0,0,2,0,2,0
113,22 Nov 2025,,29ekagqph40vn7u6wyju0xixg,Peter Bankes,Burnley FC,Chelsea FC,T. Chalobah,0,0,0,1,1,0,0,0,60,0,0,1,1,1,0
113,22 Nov 2025,,29ekagqph40vn7u6wyju0xixg,Peter Bankes,Burnley FC,Chelsea FC,J. Gittens,1,1,1,0,0,3,0,0,24,0,0,1,0,0,0
113,22 Nov 2025,,29ekagqph40vn7u6wyju0xixg,Peter Bankes,Burnley FC,Chelsea FC,R. James,0,0,2,5,0,0,0,0,41,0,0,0,0,1,0
113,22 Nov 2025,,29ekagqph40vn7u6wyju0xixg,Peter Bankes,Burnley FC,Chelsea FC,E. Fernández,0,1,0,3,1,1,1,0,33,0,0,2,1,1,0
113,22 Nov 2025,,29ekagqph40vn7u6wyju0xixg,Peter Bankes,Burnley FC,Chelsea FC,Andrey Santos,0,0,0,0,1,2,0,0,42,0,0,1,0,3,0
113,22 Nov 2025,,29ekagqph40vn7u6wyju0xixg,Peter Bankes,Burnley FC,Chelsea FC,L. Delap,0,1,1,0,0,2,0,1,11,0,0,2,0,0,0
113,22 Nov 2025,,29ekagqph40vn7u6wyju0xixg,Peter Bankes,Burnley FC,Chelsea FC,Pedro Neto,0,1,3,4,0,1,1,0,22,0,0,3,2,0,1
113,22 Nov 2025,,29ekagqph40vn7u6wyju0xixg,Peter Bankes,Burnley FC,Chelsea FC,B. Badiashile,0,0,0,0,1,0,0,0,39,0,0,0,0,0,1
113,22 Nov 2025,,29ekagqph40vn7u6wyju0xixg,Peter Bankes,Burnley FC,Chelsea FC,M. Gusto,0,0,1,0,0,0,0,0,13,0,0,1,1,1,0
113,22 Nov 2025,,29ekagqph40vn7u6wyju0xixg,Peter Bankes,Burnley FC,Chelsea FC,Marc Guiu,1,0,0,0,1,0,0,0,2,0,0,0,0,0,0
114,22 Nov 2025,,29stxec16t171gwpixb6tcaok,Darren England,Fulham FC,Sunderland AFC,A. Iwobi,0,0,0,3,0,1,0,0,51,0,0,2,1,3,0
114,22 Nov 2025,,29stxec16t171gwpixb6tcaok,Darren England,Fulham FC,Sunderland AFC,B. Leno,0,0,1,0,0,0,0,0,41,0,2,0,0,0,1
114,22 Nov 2025,,29stxec16t171gwpixb6tcaok,Darren England,Fulham FC,Sunderland AFC,R. Sessegnon,0,1,1,4,0,1,0,0,37,0,0,2,0,0,0
114,22 Nov 2025,,29stxec16t171gwpixb6tcaok,Darren England,Fulham FC,Sunderland AFC,C. Bassey,0,0,0,1,0,0,0,0,73,0,0,0,0,2,0
114,22 Nov 2025,,29stxec16t171gwpixb6tcaok,Darren England,Fulham FC,Sunderland AFC,J. Andersen,0,0,0,0,0,0,0,0,75,0,0,2,0,1,0
114,22 Nov 2025,,29stxec16t171gwpixb6tcaok,Darren England,Fulham FC,Sunderland AFC,K. Tete,0,0,1,3,1,1,0,0,33,0,0,0,0,2,0
114,22 Nov 2025,,29stxec16t171gwpixb6tcaok,Darren England,Fulham FC,Sunderland AFC,Kevin,0,0,0,6,0,3,0,0,21,0,0,3,2,0,0
114,22 Nov 2025,,29stxec16t171gwpixb6tcaok,Darren England,Fulham FC,Sunderland AFC,R. Jiménez,0,2,1,0,3,1,1,1,20,0,0,6,2,0,1
114,22 Nov 2025,,29stxec16t171gwpixb6tcaok,Darren England,Fulham FC,Sunderland AFC,S. Berge,0,0,1,2,1,0,0,0,62,0,0,1,1,3,0
114,22 Nov 2025,,29stxec16t171gwpixb6tcaok,Darren England,Fulham FC,Sunderland AFC,H. Wilson,0,2,2,5,0,2,0,0,20,0,0,4,0,0,1
114,22 Nov 2025,,29stxec16t171gwpixb6tcaok,Darren England,Fulham FC,Sunderland AFC,J. King,0,0,0,0,0,0,0,0,14,0,0,2,0,0,0
114,22 Nov 2025,,29stxec16t171gwpixb6tcaok,Darren England,Fulham FC,Sunderland AFC,S. Chukwueze,1,0,0,2,0,2,0,0,19,0,0,0,0,0,0
114,22 Nov 2025,,29stxec16t171gwpixb6tcaok,Darren England,Fulham FC,Sunderland AFC,E. Smith Rowe,0,0,0,0,0,0,0,0,18,0,0,2,0,0,0
114,22 Nov 2025,,29stxec16t171gwpixb6tcaok,Darren England,Fulham FC,Sunderland AFC,H. Reed,0,0,0,0,0,0,0,0,1,0,0,0,0,0,0
114,22 Nov 2025,,29stxec16t171gwpixb6tcaok,Darren England,Fulham FC,Sunderland AFC,T. Castagne,0,0,0,0,0,0,0,0,0,0,0,0,0,0,0
114,22 Nov 2025,,29stxec16t171gwpixb6tcaok,Darren England,Fulham FC,Sunderland AFC,L. Geertruida,0,0,0,0,1,0,0,0,50,0,0,0,0,3,0
114,22 Nov 2025,,29stxec16t171gwpixb6tcaok,Darren England,Fulham FC,Sunderland AFC,N. Sadiki,0,0,0,1,1,0,0,0,28,0,0,0,0,0,0
114,22 Nov 2025,,29stxec16t171gwpixb6tcaok,Darren England,Fulham FC,Sunderland AFC,Reinildo Mandava,0,0,1,1,1,2,0,0,29,0,0,0,0,2,1
114,22 Nov 2025,,29stxec16t171gwpixb6tcaok,Darren England,Fulham FC,Sunderland AFC,R. Roefs,0,0,0,0,0,2,0,0,52,0,4,0,0,0,0
114,22 Nov 2025,,29stxec16t171gwpixb6tcaok,Darren England,Fulham FC,Sunderland AFC,D. Ballard,0,0,0,0,1,1,0,0,52,0,0,0,0,0,1
114,22 Nov 2025,,29stxec16t171gwpixb6tcaok,Darren England,Fulham FC,Sunderland AFC,E. Le Fée,0,0,1,2,1,0,0,2,28,0,0,1,0,1,0
114,22 Nov 2025,,29stxec16t171gwpixb6tcaok,Darren England,Fulham FC,Sunderland AFC,G. Xhaka,0,0,0,1,0,0,0,0,44,0,0,1,1,1,0
114,22 Nov 2025,,29stxec16t171gwpixb6tcaok,Darren England,Fulham FC,Sunderland AFC,N. Mukiele,0,0,1,3,4,0,0,0,29,0,0,0,0,5,0
114,22 Nov 2025,,29stxec16t171gwpixb6tcaok,Darren England,Fulham FC,Sunderland AFC,B. Traoré,0,0,0,2,1,0,0,0,15,0,0,1,1,5,0
114,22 Nov 2025,,29stxec16t171gwpixb6tcaok,Darren England,Fulham FC,Sunderland AFC,T. Hume,0,0,0,1,1,0,0,0,27,0,0,0,0,3,1
114,22 Nov 2025,,29stxec16t171gwpixb6tcaok,Darren England,Fulham FC,Sunderland AFC,W. Isidor,0,1,1,0,1,0,0,1,3,0,0,1,0,0,0
114,22 Nov 2025,,29stxec16t171gwpixb6tcaok,Darren England,Fulham FC,Sunderland AFC,B. Brobbey,0,0,0,0,0,0,0,0,5,0,0,0,0,1,0
114,22 Nov 2025,,29stxec16t171gwpixb6tcaok,Darren England,Fulham FC,Sunderland AFC,C. Talbi,0,0,0,1,1,0,0,0,10,0,0,0,0,0,0
114,22 Nov 2025,,29stxec16t171gwpixb6tcaok,Darren England,Fulham FC,Sunderland AFC,Eliezer Mayenda,0,0,0,0,0,0,0,0,0,0,0,0,0,0,0
114,22 Nov 2025,,29stxec16t171gwpixb6tcaok,Darren England,Fulham FC,Sunderland AFC,S. Adingra,0,0,0,2,0,0,0,0,1,0,0,0,0,0,0
115,23 Nov 2025,,2a6yd5amo1do5nul3ia6yhg5w,Robert Jones,Leeds United FC,Aston Villa FC,S. Longstaff,0,0,0,8,3,2,0,0,42,0,0,1,0,3,0
115,23 Nov 2025,,2a6yd5amo1do5nul3ia6yhg5w,Robert Jones,Leeds United FC,Aston Villa FC,A. Stach,0,0,0,0,1,1,0,0,10,0,0,1,1,0,0
115,23 Nov 2025,,2a6yd5amo1do5nul3ia6yhg5w,Robert Jones,Leeds United FC,Aston Villa FC,P. Struijk,0,0,1,0,1,0,0,0,65,0,0,1,1,0,1
115,23 Nov 2025,,2a6yd5amo1do5nul3ia6yhg5w,Robert Jones,Leeds United FC,Aston Villa FC,G. Gudmundsson,0,0,0,4,1,2,0,0,29,0,0,1,0,5,0
115,23 Nov 2025,,2a6yd5amo1do5nul3ia6yhg5w,Robert Jones,Leeds United FC,Aston Villa FC,N. Okafor,0,0,1,2,1,1,0,0,14,0,0,0,0,2,0
115,23 Nov 2025,,2a6yd5amo1do5nul3ia6yhg5w,Robert Jones,Leeds United FC,Aston Villa FC,J. Bogle,0,0,0,4,1,3,0,1,35,0,0,0,0,1,1
115,23 Nov 2025,,2a6yd5amo1do5nul3ia6yhg5w,Robert Jones,Leeds United FC,Aston Villa FC,L. Nmecha,0,0,0,0,2,0,1,0,13,0,0,1,1,1,0
115,23 Nov 2025,,2a6yd5amo1do5nul3ia6yhg5w,Robert Jones,Leeds United FC,Aston Villa FC,B. Aaronson,0,1,0,1,1,1,0,1,22,0,0,3,1,3,0
115,23 Nov 2025,,2a6yd5amo1do5nul3ia6yhg5w,Robert Jones,Leeds United FC,Aston Villa FC,J. Rodon,0,0,0,0,1,0,0,0,43,0,0,0,0,2,0
115,23 Nov 2025,,2a6yd5amo1do5nul3ia6yhg5w,Robert Jones,Leeds United FC,Aston Villa FC,E. Ampadu,0,0,0,0,1,1,0,0,54,0,0,0,0,5,1
115,23 Nov 2025,,2a6yd5amo1do5nul3ia6yhg5w,Robert Jones,Leeds United FC,Aston Villa FC,Lucas Perri,0,0,0,0,0,0,0,0,20,0,2,0,0,0,0
115,23 Nov 2025,,2a6yd5amo1do5nul3ia6yhg5w,Robert Jones,Leeds United FC,Aston Villa FC,A. Tanaka,0,0,0,0,2,2,0,0,30,0,0,0,0,3,1
115,23 Nov 2025,,2a6yd5amo1do5nul3ia6yhg5w,Robert Jones,Leeds United FC,Aston Villa FC,D. Calvert-Lewin,0,1,0,0,2,0,0,1,1,0,0,2,0,1,0
115,23 Nov 2025,,2a6yd5amo1do5nul3ia6yhg5w,Robert Jones,Leeds United FC,Aston Villa FC,D. James,0,1,1,5,0,1,0,0,9,0,0,3,1,0,0
115,23 Nov 2025,,2a6yd5amo1do5nul3ia6yhg5w,Robert Jones,Leeds United FC,Aston Villa FC,W. Gnonto,0,0,0,2,1,2,0,0,7,0,0,0,0,0,1
115,23 Nov 2025,,2a6yd5amo1do5nul3ia6yhg5w,Robert Jones,Leeds United FC,Aston Villa FC,J. Piroe,0,1,0,0,0,0,0,1,6,0,0,1,0,0,0
115,23 Nov 2025,,2a6yd5amo1do5nul3ia6yhg5w,Robert Jones,Leeds United FC,Aston Villa FC,M. Cash,0,0,0,3,3,1,0,0,27,0,0,1,0,3,0
115,23 Nov 2025,,2a6yd5amo1do5nul3ia6yhg5w,Robert Jones,Leeds United FC,Aston Villa FC,M. Rogers,0,1,1,1,2,1,2,0,20,0,0,3,2,0,0
115,23 Nov 2025,,2a6yd5amo1do5nul3ia6yhg5w,Robert Jones,Leeds United FC,Aston Villa FC,O. Watkins,0,0,0,1,1,1,0,1,9,0,0,3,1,0,0
115,23 Nov 2025,,2a6yd5amo1do5nul3ia6yhg5w,Robert Jones,Leeds United FC,Aston Villa FC,J. McGinn,0,0,1,4,4,2,0,0,31,0,0,1,0,1,1
115,23 Nov 2025,,2a6yd5amo1do5nul3ia6yhg5w,Robert Jones,Leeds United FC,Aston Villa FC,L. Digne,0,0,0,1,0,1,0,0,18,0,0,0,0,1,0
115,23 Nov 2025,,2a6yd5amo1do5nul3ia6yhg5w,Robert Jones,Leeds United FC,Aston Villa FC,Pau Torres,0,0,0,0,0,1,0,0,68,0,0,0,0,3,0
115,23 Nov 2025,,2a6yd5amo1do5nul3ia6yhg5w,Robert Jones,Leeds United FC,Aston Villa FC,E. Konsa,0,0,0,0,0,0,0,0,64,0,0,0,0,1,0
115,23 Nov 2025,,2a6yd5amo1do5nul3ia6yhg5w,Robert Jones,Leeds United FC,Aston Villa FC,B. Kamara,0,0,0,0,0,2,0,0,54,0,0,0,0,2,0
115,23 Nov 2025,,2a6yd5amo1do5nul3ia6yhg5w,Robert Jones,Leeds United FC,Aston Villa FC,E. Buendía,0,0,0,0,1,1,0,0,14,0,0,1,0,2,0
115,23 Nov 2025,,2a6yd5amo1do5nul3ia6yhg5w,Robert Jones,Leeds United FC,Aston Villa FC,E. Martínez,0,0,0,0,0,0,0,0,32,0,3,0,0,0,0
115,23 Nov 2025,,2a6yd5amo1do5nul3ia6yhg5w,Robert Jones,Leeds United FC,Aston Villa FC,Y. Tielemans,0,2,1,0,2,4,0,0,60,0,0,2,0,3,0
115,23 Nov 2025,,2a6yd5amo1do5nul3ia6yhg5w,Robert Jones,Leeds United FC,Aston Villa FC,D. Malen,1,0,0,1,0,1,0,0,6,0,0,2,0,1,0
115,23 Nov 2025,,2a6yd5amo1do5nul3ia6yhg5w,Robert Jones,Leeds United FC,Aston Villa FC,I. Maatsen,0,1,0,0,1,0,0,0,15,0,0,1,0,3,0
115,23 Nov 2025,,2a6yd5amo1do5nul3ia6yhg5w,Robert Jones,Leeds United FC,Aston Villa FC,R. Barkley,0,0,0,0,1,1,0,0,13,0,0,0,0,0,0
115,23 Nov 2025,,2a6yd5amo1do5nul3ia6yhg5w,Robert Jones,Leeds United FC,Aston Villa FC,J. Sancho,0,0,0,0,0,0,0,1,11,0,0,0,0,0,0
115,23 Nov 2025,,2a6yd5amo1do5nul3ia6yhg5w,Robert Jones,Leeds United FC,Aston Villa FC,L. Bogarde,0,0,0,0,1,0,0,0,7,0,0,0,0,0,0
116,22 Nov 2025,,2al8l1sdufvs34bh674bvy1as,Andy Madley,Liverpool FC,Nottingham Forest FC,C. Jones,0,0,0,0,2,3,0,0,66,0,0,1,0,4,0
116,22 Nov 2025,,2al8l1sdufvs34bh674bvy1as,Andy Madley,Liverpool FC,Nottingham Forest FC,V. van Dijk,0,1,0,0,1,0,0,0,106,0,0,1,0,1,0
116,22 Nov 2025,,2al8l1sdufvs34bh674bvy1as,Andy Madley,Liverpool FC,Nottingham Forest FC,I. Konaté,0,0,0,0,2,1,0,0,56,0,0,0,0,1,0
116,22 Nov 2025,,2al8l1sdufvs34bh674bvy1as,Andy Madley,Liverpool FC,Nottingham Forest FC,D. Szoboszlai,0,1,2,12,0,0,0,0,97,0,0,2,1,0,0
116,22 Nov 2025,,2al8l1sdufvs34bh674bvy1as,Andy Madley,Liverpool FC,Nottingham Forest FC,M. Kerkez,0,0,0,4,0,1,0,0,37,0,0,1,0,1,0
116,22 Nov 2025,,2al8l1sdufvs34bh674bvy1as,Andy Madley,Liverpool FC,Nottingham Forest FC,R. Gravenberch,0,0,0,0,2,0,0,0,70,0,0,0,0,2,1
116,22 Nov 2025,,2al8l1sdufvs34bh674bvy1as,Andy Madley,Liverpool FC,Nottingham Forest FC,Mohamed Salah,0,2,3,7,0,0,0,0,50,0,0,4,1,0,0
116,22 Nov 2025,,2al8l1sdufvs34bh674bvy1as,Andy Madley,Liverpool FC,Nottingham Forest FC,Alisson Becker,0,0,0,0,0,0,0,0,19,0,4,0,0,0,0
116,22 Nov 2025,,2al8l1sdufvs34bh674bvy1as,Andy Madley,Liverpool FC,Nottingham Forest FC,A. Mac Allister,0,2,1,2,2,0,0,0,50,0,0,5,2,1,0
116,22 Nov 2025,,2al8l1sdufvs34bh674bvy1as,Andy Madley,Liverpool FC,Nottingham Forest FC,C. Gakpo,0,2,2,5,1,1,0,0,28,0,0,3,0,2,0
116,22 Nov 2025,,2al8l1sdufvs34bh674bvy1as,Andy Madley,Liverpool FC,Nottingham Forest FC,A. Isak,0,0,0,1,1,0,0,0,7,0,0,1,0,0,0
116,22 Nov 2025,,2al8l1sdufvs34bh674bvy1as,Andy Madley,Liverpool FC,Nottingham Forest FC,H. Ekitiké,0,0,0,2,0,1,0,0,9,0,0,0,0,0,0
116,22 Nov 2025,,2al8l1sdufvs34bh674bvy1as,Andy Madley,Liverpool FC,Nottingham Forest FC,A. Robertson,0,0,0,2,0,0,0,0,16,0,0,0,0,1,0
116,22 Nov 2025,,2al8l1sdufvs34bh674bvy1as,Andy Madley,Liverpool FC,Nottingham Forest FC,F. Chiesa,0,1,0,4,0,0,0,0,11,0,0,3,0,2,1
116,22 Nov 2025,,2al8l1sdufvs34bh674bvy1as,Andy Madley,Liverpool FC,Nottingham Forest FC,R. Ngumoha,0,0,0,0,0,0,0,0,7,0,0,0,0,0,0
116,22 Nov 2025,,2al8l1sdufvs34bh674bvy1as,Andy Madley,Liverpool FC,Nottingham Forest FC,Murillo,0,1,0,0,0,1,1,0,17,0,0,3,2,2,0
116,22 Nov 2025,,2al8l1sdufvs34bh674bvy1as,Andy Madley,Liverpool FC,Nottingham Forest FC,M. Gibbs-White,0,1,0,1,0,1,1,0,22,0,0,2,1,0,0
116,22 Nov 2025,,2al8l1sdufvs34bh674bvy1as,Andy Madley,Liverpool FC,Nottingham Forest FC,Igor Jesus,0,0,2,1,2,4,0,1,11,0,0,2,1,2,0
116,22 Nov 2025,,2al8l1sdufvs34bh674bvy1as,Andy Madley,Liverpool FC,Nottingham Forest FC,E. Anderson,0,1,3,6,1,0,0,0,35,0,0,2,1,4,0
116,22 Nov 2025,,2al8l1sdufvs34bh674bvy1as,Andy Madley,Liverpool FC,Nottingham Forest FC,N. Savona,0,0,0,2,0,0,1,0,14,0,0,1,1,1,0
116,22 Nov 2025,,2al8l1sdufvs34bh674bvy1as,Andy Madley,Liverpool FC,Nottingham Forest FC,N. Milenković,0,0,0,0,1,2,0,0,23,0,0,0,0,0,0
116,22 Nov 2025,,2al8l1sdufvs34bh674bvy1as,Andy Madley,Liverpool FC,Nottingham Forest FC,M. Sels,0,0,0,0,0,0,0,0,30,0,3,0,0,0,0
116,22 Nov 2025,,2al8l1sdufvs34bh674bvy1as,Andy Madley,Liverpool FC,Nottingham Forest FC,I. Sangaré,0,0,0,1,1,0,0,0,15,0,0,0,0,5,0
116,22 Nov 2025,,2al8l1sdufvs34bh674bvy1as,Andy Madley,Liverpool FC,Nottingham Forest FC,N. Williams,1,0,0,2,0,1,0,0,15,0,0,0,0,11,0
116,22 Nov 2025,,2al8l1sdufvs34bh674bvy1as,Andy Madley,Liverpool FC,Nottingham Forest FC,N. Domínguez,0,0,0,0,2,0,0,0,12,0,0,1,0,0,0
116,22 Nov 2025,,2al8l1sdufvs34bh674bvy1as,Andy Madley,Liverpool FC,Nottingham Forest FC,D. Ndoye,0,1,0,1,1,0,0,0,15,0,0,1,0,1,0
116,22 Nov 2025,,2al8l1sdufvs34bh674bvy1as,Andy Madley,Liverpool FC,Nottingham Forest FC,O. Hutchinson,0,1,1,1,0,0,0,1,2,0,0,3,1,1,0
116,22 Nov 2025,,2al8l1sdufvs34bh674bvy1as,Andy Madley,Liverpool FC,Nottingham Forest FC,C. Hudson-Odoi,0,0,0,0,0,1,0,0,3,0,0,0,0,0,0
116,22 Nov 2025,,2al8l1sdufvs34bh674bvy1as,Andy Madley,Liverpool FC,Nottingham Forest FC,R. Yates,0,0,0,0,0,0,0,0,1,0,0,0,0,0,0
117,24 Nov 2025,,2azh9qqutb89iadfek7774ufo,Tony Harrington,Manchester United FC,Everton FC,L. Shaw,0,0,1,4,1,0,0,0,95,0,0,0,0,4,0
117,24 Nov 2025,,2azh9qqutb89iadfek7774ufo,Tony Harrington,Manchester United FC,Everton FC,A. Diallo,0,2,0,5,1,2,0,0,49,0,0,5,1,1,0
117,24 Nov 2025,,2azh9qqutb89iadfek7774ufo,Tony Harrington,Manchester United FC,Everton FC,P. Dorgu,0,0,0,3,2,0,0,0,24,0,0,1,0,2,0
117,24 Nov 2025,,2azh9qqutb89iadfek7774ufo,Tony Harrington,Manchester United FC,Everton FC,Casemiro,0,1,0,0,2,2,0,0,48,0,0,2,0,0,1
117,24 Nov 2025,,2azh9qqutb89iadfek7774ufo,Tony Harrington,Manchester United FC,Everton FC,M. de Ligt,0,1,0,1,0,1,0,0,67,0,0,3,1,0,0
117,24 Nov 2025,,2azh9qqutb89iadfek7774ufo,Tony Harrington,Manchester United FC,Everton FC,L. Yoro,0,0,0,0,2,1,0,0,85,0,0,0,0,1,0
117,24 Nov 2025,,2azh9qqutb89iadfek7774ufo,Tony Harrington,Manchester United FC,Everton FC,S. Lammens,0,0,0,0,0,0,0,0,18,0,0,0,0,1,0
117,24 Nov 2025,,2azh9qqutb89iadfek7774ufo,Tony Harrington,Manchester United FC,Everton FC,J. Zirkzee,0,0,3,1,2,1,0,1,25,0,0,3,2,0,0
117,24 Nov 2025,,2azh9qqutb89iadfek7774ufo,Tony Harrington,Manchester United FC,Everton FC,Bruno Fernandes,0,1,1,5,0,0,0,0,98,0,0,5,1,0,0
117,24 Nov 2025,,2azh9qqutb89iadfek7774ufo,Tony Harrington,Manchester United FC,Everton FC,N. Mazraoui,0,0,0,2,0,0,0,0,31,0,0,0,0,0,0
117,24 Nov 2025,,2azh9qqutb89iadfek7774ufo,Tony Harrington,Manchester United FC,Everton FC,B. Mbeumo,0,1,1,7,1,0,0,0,34,0,0,3,1,3,1
117,24 Nov 2025,,2azh9qqutb89iadfek7774ufo,Tony Harrington,Manchester United FC,Everton FC,M. Mount,0,1,2,7,0,1,0,0,20,0,0,3,0,0,0
117,24 Nov 2025,,2azh9qqutb89iadfek7774ufo,Tony Harrington,Manchester United FC,Everton FC,K. Mainoo,0,0,1,2,1,0,0,0,20,0,0,0,0,0,0
117,24 Nov 2025,,2azh9qqutb89iadfek7774ufo,Tony Harrington,Manchester United FC,Everton FC,Diogo Dalot,0,0,0,1,0,0,0,0,21,0,0,0,0,2,0
117,24 Nov 2025,,2azh9qqutb89iadfek7774ufo,Tony Harrington,Manchester United FC,Everton FC,K. Dewsbury-Hall,0,0,0,1,1,3,1,0,30,0,0,1,1,1,0
117,24 Nov 2025,,2azh9qqutb89iadfek7774ufo,Tony Harrington,Manchester United FC,Everton FC,J. Pickford,0,0,0,0,0,0,0,0,45,0,6,0,0,0,0
117,24 Nov 2025,,2azh9qqutb89iadfek7774ufo,Tony Harrington,Manchester United FC,Everton FC,I. Ndiaye,0,0,0,1,0,2,0,0,22,0,0,1,0,0,0
117,24 Nov 2025,,2azh9qqutb89iadfek7774ufo,Tony Harrington,Manchester United FC,Everton FC,J. Garner,1,0,1,3,2,1,0,0,31,0,0,0,0,0,0
117,24 Nov 2025,,2azh9qqutb89iadfek7774ufo,Tony Harrington,Manchester United FC,Everton FC,S. Coleman,0,0,0,1,0,0,0,0,4,0,0,0,0,0,0
117,24 Nov 2025,,2azh9qqutb89iadfek7774ufo,Tony Harrington,Manchester United FC,Everton FC,I. Gueye,0,0,0,0,0,0,0,0,9,1,0,0,0,0,0
117,24 Nov 2025,,2azh9qqutb89iadfek7774ufo,Tony Harrington,Manchester United FC,Everton FC,V. Mykolenko,0,0,0,1,1,0,0,0,29,0,0,0,0,1,0
117,24 Nov 2025,,2azh9qqutb89iadfek7774ufo,Tony Harrington,Manchester United FC,Everton FC,J. Grealish,0,0,0,2,0,3,0,0,23,0,0,0,0,2,0
117,24 Nov 2025,,2azh9qqutb89iadfek7774ufo,Tony Harrington,Manchester United FC,Everton FC,M. Keane,0,1,0,0,0,1,0,0,17,0,0,1,0,1,0
117,24 Nov 2025,,2azh9qqutb89iadfek7774ufo,Tony Harrington,Manchester United FC,Everton FC,J. Tarkowski,0,0,0,0,4,0,0,0,16,0,0,0,0,0,0
117,24 Nov 2025,,2azh9qqutb89iadfek7774ufo,Tony Harrington,Manchester United FC,Everton FC,T. Barry,0,0,0,0,1,0,0,2,25,0,0,0,0,0,0
117,24 Nov 2025,,2azh9qqutb89iadfek7774ufo,Tony Harrington,Manchester United FC,Everton FC,J. O'Brien,0,0,0,0,0,0,0,0,21,0,0,0,0,0,0
117,24 Nov 2025,,2azh9qqutb89iadfek7774ufo,Tony Harrington,Manchester United FC,Everton FC,T. Iroegbunam,0,0,0,0,0,0,0,0,4,0,0,0,0,1,0
117,24 Nov 2025,,2azh9qqutb89iadfek7774ufo,Tony Harrington,Manchester United FC,Everton FC,Beto,0,0,0,0,0,0,0,0,1,0,0,0,0,0,0
117,24 Nov 2025,,2azh9qqutb89iadfek7774ufo,Tony Harrington,Manchester United FC,Everton FC,C. Alcaraz,0,0,0,0,0,1,0,0,3,0,0,0,0,0,0
117,24 Nov 2025,,2azh9qqutb89iadfek7774ufo,Tony Harrington,Manchester United FC,Everton FC,D. McNeil,0,0,0,0,0,0,0,0,1,0,0,0,0,0,0
118,22 Nov 2025,,2be0iellzfr9f97wvwb3qf6s4,Samuel Barrott,Newcastle United FC,Manchester City FC,T. Livramento,0,0,1,0,0,0,0,0,26,0,0,0,0,2,0
118,22 Nov 2025,,2be0iellzfr9f97wvwb3qf6s4,Samuel Barrott,Newcastle United FC,Manchester City FC,H. Barnes,0,0,2,1,0,0,2,0,19,0,0,4,3,1,0
118,22 Nov 2025,,2be0iellzfr9f97wvwb3qf6s4,Samuel Barrott,Newcastle United FC,Manchester City FC,M. Thiaw,0,0,0,0,0,0,0,0,25,0,0,0,0,1,0
118,22 Nov 2025,,2be0iellzfr9f97wvwb3qf6s4,Samuel Barrott,Newcastle United FC,Manchester City FC,J. Murphy,0,0,1,6,0,0,0,1,14,0,0,0,0,1,0
118,22 Nov 2025,,2be0iellzfr9f97wvwb3qf6s4,Samuel Barrott,Newcastle United FC,Manchester City FC,Joelinton,0,0,0,0,5,2,0,0,29,0,0,0,0,3,1
118,22 Nov 2025,,2be0iellzfr9f97wvwb3qf6s4,Samuel Barrott,Newcastle United FC,Manchester City FC,N. Pope,0,0,0,0,0,0,0,0,27,0,3,0,0,0,0
118,22 Nov 2025,,2be0iellzfr9f97wvwb3qf6s4,Samuel Barrott,Newcastle United FC,Manchester City FC,F. Schär,0,0,0,0,1,1,0,0,45,0,0,0,0,2,0
118,22 Nov 2025,,2be0iellzfr9f97wvwb3qf6s4,Samuel Barrott,Newcastle United FC,Manchester City FC,L. Hall,0,0,0,1,0,0,0,0,29,0,0,0,0,2,0
118,22 Nov 2025,,2be0iellzfr9f97wvwb3qf6s4,Samuel Barrott,Newcastle United FC,Manchester City FC,Bruno Guimarães,1,0,0,0,2,1,0,0,35,0,0,1,0,2,0
118,22 Nov 2025,,2be0iellzfr9f97wvwb3qf6s4,Samuel Barrott,Newcastle United FC,Manchester City FC,S. Tonali,0,0,0,5,3,3,0,1,25,0,0,0,0,3,0
118,22 Nov 2025,,2be0iellzfr9f97wvwb3qf6s4,Samuel Barrott,Newcastle United FC,Manchester City FC,N. Woltemade,0,1,1,0,1,1,0,1,7,0,0,4,2,0,0
118,22 Nov 2025,,2be0iellzfr9f97wvwb3qf6s4,Samuel Barrott,Newcastle United FC,Manchester City FC,S. Botman,0,0,0,0,0,0,0,0,2,0,0,0,0,0,0
118,22 Nov 2025,,2be0iellzfr9f97wvwb3qf6s4,Samuel Barrott,Newcastle United FC,Manchester City FC,J. Willock,0,0,0,1,1,0,0,0,2,0,0,0,0,0,0
118,22 Nov 2025,,2be0iellzfr9f97wvwb3qf6s4,Samuel Barrott,Newcastle United FC,Manchester City FC,A. Elanga,0,0,0,0,0,0,0,0,0,0,0,0,0,0,0
118,22 Nov 2025,,2be0iellzfr9f97wvwb3qf6s4,Samuel Barrott,Newcastle United FC,Manchester City FC,R. Cherki,0,0,1,3,0,2,0,0,38,0,0,2,1,0,0
118,22 Nov 2025,,2be0iellzfr9f97wvwb3qf6s4,Samuel Barrott,Newcastle United FC,Manchester City FC,G. Donnarumma,0,0,0,0,0,0,0,0,20,0,3,0,0,0,1
118,22 Nov 2025,,2be0iellzfr9f97wvwb3qf6s4,Samuel Barrott,Newcastle United FC,Manchester City FC,J. Gvardiol,0,0,0,0,1,0,0,0,64,0,0,0,0,3,0
118,22 Nov 2025,,2be0iellzfr9f97wvwb3qf6s4,Samuel Barrott,Newcastle United FC,Manchester City FC,P. Foden,0,0,1,6,1,1,0,0,36,0,0,3,0,1,0
118,22 Nov 2025,,2be0iellzfr9f97wvwb3qf6s4,Samuel Barrott,Newcastle United FC,Manchester City FC,Matheus Nunes,0,0,1,2,0,0,0,0,66,0,0,0,0,1,0
118,22 Nov 2025,,2be0iellzfr9f97wvwb3qf6s4,Samuel Barrott,Newcastle United FC,Manchester City FC,Nico González,0,0,0,0,3,2,0,0,90,0,0,0,0,2,0
118,22 Nov 2025,,2be0iellzfr9f97wvwb3qf6s4,Samuel Barrott,Newcastle United FC,Manchester City FC,Bernardo Silva,0,0,0,0,0,1,0,1,66,0,0,1,0,2,1
118,22 Nov 2025,,2be0iellzfr9f97wvwb3qf6s4,Samuel Barrott,Newcastle United FC,Manchester City FC,N. O'Reilly,0,0,0,0,1,0,0,0,47,0,0,1,0,0,0
118,22 Nov 2025,,2be0iellzfr9f97wvwb3qf6s4,Samuel Barrott,Newcastle United FC,Manchester City FC,J. Doku,0,1,1,4,0,3,0,1,22,0,0,1,0,2,0
118,22 Nov 2025,,2be0iellzfr9f97wvwb3qf6s4,Samuel Barrott,Newcastle United FC,Manchester City FC,E. Haaland,0,1,1,0,0,1,0,0,10,0,0,5,2,1,0
118,22 Nov 2025,,2be0iellzfr9f97wvwb3qf6s4,Samuel Barrott,Newcastle United FC,Manchester City FC,Rúben Dias,0,0,0,2,0,1,1,0,79,0,0,1,1,1,0
118,22 Nov 2025,,2be0iellzfr9f97wvwb3qf6s4,Samuel Barrott,Newcastle United FC,Manchester City FC,O. Bobb,0,1,1,1,1,0,0,0,16,0,0,1,0,0,1
118,22 Nov 2025,,2be0iellzfr9f97wvwb3qf6s4,Samuel Barrott,Newcastle United FC,Manchester City FC,Savinho,0,0,2,5,0,1,0,0,16,0,0,1,0,0,0
118,22 Nov 2025,,2be0iellzfr9f97wvwb3qf6s4,Samuel Barrott,Newcastle United FC,Manchester City FC,T. Reijnders,0,0,1,3,0,0,0,0,12,0,0,0,0,0,0
118,22 Nov 2025,,2be0iellzfr9f97wvwb3qf6s4,Samuel Barrott,Newcastle United FC,Manchester City FC,Omar Marmoush,0,1,0,0,1,0,0,0,2,0,0,1,0,0,0
119,22 Nov 2025,,2bs4mjzwplzl04w7940las4yc,Anthony Taylor,Wolverhampton Wanderers FC,Crystal Palace FC,João Gomes,0,0,0,2,2,1,0,0,45,0,0,1,1,4,1
119,22 Nov 2025,,2bs4mjzwplzl04w7940las4yc,Anthony Taylor,Wolverhampton Wanderers FC,Crystal Palace FC,S. Johnstone,0,0,0,0,0,0,0,0,32,0,2,0,0,0,0
119,22 Nov 2025,,2bs4mjzwplzl04w7940las4yc,Anthony Taylor,Wolverhampton Wanderers FC,Crystal Palace FC,J. Strand Larsen,0,0,0,0,2,1,0,0,17,0,0,1,0,0,0
119,22 Nov 2025,,2bs4mjzwplzl04w7940las4yc,Anthony Taylor,Wolverhampton Wanderers FC,Crystal Palace FC,M. Munetsi,0,0,0,1,2,1,0,0,17,0,0,1,0,1,0
119,22 Nov 2025,,2bs4mjzwplzl04w7940las4yc,Anthony Taylor,Wolverhampton Wanderers FC,Crystal Palace FC,E. Agbadou,0,0,0,3,0,0,0,0,55,0,0,0,0,5,0
119,22 Nov 2025,,2bs4mjzwplzl04w7940las4yc,Anthony Taylor,Wolverhampton Wanderers FC,Crystal Palace FC,D. Møller Wolfe,0,1,1,2,1,0,0,0,22,0,0,1,0,1,0
119,22 Nov 2025,,2bs4mjzwplzl04w7940las4yc,Anthony Taylor,Wolverhampton Wanderers FC,Crystal Palace FC,Toti Gomes,0,0,0,0,4,0,0,0,52,0,0,0,0,1,0
119,22 Nov 2025,,2bs4mjzwplzl04w7940las4yc,Anthony Taylor,Wolverhampton Wanderers FC,Crystal Palace FC,L. Krejčí,0,0,0,0,0,0,0,0,46,0,0,1,0,0,0
119,22 Nov 2025,,2bs4mjzwplzl04w7940las4yc,Anthony Taylor,Wolverhampton Wanderers FC,Crystal Palace FC,T. Arokodare,0,0,0,0,2,1,0,1,18,0,0,1,0,2,1
119,22 Nov 2025,,2bs4mjzwplzl04w7940las4yc,Anthony Taylor,Wolverhampton Wanderers FC,Crystal Palace FC,André,0,0,0,3,0,2,0,0,47,0,0,0,0,5,0
119,22 Nov 2025,,2bs4mjzwplzl04w7940las4yc,Anthony Taylor,Wolverhampton Wanderers FC,Crystal Palace FC,J. Tchatchoua,0,0,0,2,0,0,0,0,26,0,0,0,0,1,0
119,22 Nov 2025,,2bs4mjzwplzl04w7940las4yc,Anthony Taylor,Wolverhampton Wanderers FC,Crystal Palace FC,Hwang Hee-Chan,0,1,0,1,0,0,0,1,13,0,0,1,0,0,0
119,22 Nov 2025,,2bs4mjzwplzl04w7940las4yc,Anthony Taylor,Wolverhampton Wanderers FC,Crystal Palace FC,J. Bellegarde,0,0,0,0,0,1,0,0,8,0,0,0,0,1,0
119,22 Nov 2025,,2bs4mjzwplzl04w7940las4yc,Anthony Taylor,Wolverhampton Wanderers FC,Crystal Palace FC,J. Arias,0,0,0,0,0,1,0,0,4,0,0,1,0,0,0
119,22 Nov 2025,,2bs4mjzwplzl04w7940las4yc,Anthony Taylor,Wolverhampton Wanderers FC,Crystal Palace FC,Hugo Bueno,0,0,0,0,0,0,0,0,6,0,0,0,0,0,0
119,22 Nov 2025,,2bs4mjzwplzl04w7940las4yc,Anthony Taylor,Wolverhampton Wanderers FC,Crystal Palace FC,M. Lacroix,1,0,0,0,1,1,0,0,50,0,0,0,0,3,0
119,22 Nov 2025,,2bs4mjzwplzl04w7940las4yc,Anthony Taylor,Wolverhampton Wanderers FC,Crystal Palace FC,D. Kamada,0,0,1,2,1,2,0,0,31,0,0,1,1,4,0
119,22 Nov 2025,,2bs4mjzwplzl04w7940las4yc,Anthony Taylor,Wolverhampton Wanderers FC,Crystal Palace FC,T. Mitchell,0,0,0,0,0,2,0,0,32,0,0,0,0,2,0
119,22 Nov 2025,,2bs4mjzwplzl04w7940las4yc,Anthony Taylor,Wolverhampton Wanderers FC,Crystal Palace FC,C. Richards,0,0,0,0,0,0,0,0,52,0,0,0,0,0,0
119,22 Nov 2025,,2bs4mjzwplzl04w7940las4yc,Anthony Taylor,Wolverhampton Wanderers FC,Crystal Palace FC,A. Wharton,1,1,0,6,1,2,0,0,55,0,0,1,0,2,0
119,22 Nov 2025,,2bs4mjzwplzl04w7940las4yc,Anthony Taylor,Wolverhampton Wanderers FC,Crystal Palace FC,Yeremy Pino,0,1,2,7,1,2,1,0,38,0,0,2,1,2,1
119,22 Nov 2025,,2bs4mjzwplzl04w7940las4yc,Anthony Taylor,Wolverhampton Wanderers FC,Crystal Palace FC,D. Muñoz,0,1,0,5,0,2,1,2,37,0,0,2,1,1,1
119,22 Nov 2025,,2bs4mjzwplzl04w7940las4yc,Anthony Taylor,Wolverhampton Wanderers FC,Crystal Palace FC,D. Henderson,0,0,0,0,0,0,0,0,30,0,1,0,0,0,0
119,22 Nov 2025,,2bs4mjzwplzl04w7940las4yc,Anthony Taylor,Wolverhampton Wanderers FC,Crystal Palace FC,M. Guéhi,0,0,0,0,2,0,0,0,61,0,0,0,0,1,1
119,22 Nov 2025,,2bs4mjzwplzl04w7940las4yc,Anthony Taylor,Wolverhampton Wanderers FC,Crystal Palace FC,I. Sarr,0,0,0,2,1,1,0,0,23,0,0,2,1,1,0
119,22 Nov 2025,,2bs4mjzwplzl04w7940las4yc,Anthony Taylor,Wolverhampton Wanderers FC,Crystal Palace FC,J. Mateta,0,0,0,0,0,1,0,1,8,0,0,1,0,0,0
119,22 Nov 2025,,2bs4mjzwplzl04w7940las4yc,Anthony Taylor,Wolverhampton Wanderers FC,Crystal Palace FC,E. Nketiah,0,0,1,1,0,0,0,0,9,0,0,1,0,2,0
119,22 Nov 2025,,2bs4mjzwplzl04w7940las4yc,Anthony Taylor,Wolverhampton Wanderers FC,Crystal Palace FC,J. Lerma,0,0,0,0,2,0,0,0,4,0,0,0,0,0,0
119,22 Nov 2025,,2bs4mjzwplzl04w7940las4yc,Anthony Taylor,Wolverhampton Wanderers FC,Crystal Palace FC,J. Devenny,0,0,0,0,0,0,0,0,4,0,0,0,0,0,0
119,22 Nov 2025,,2bs4mjzwplzl04w7940las4yc,Anthony Taylor,Wolverhampton Wanderers FC,Crystal Palace FC,J. Canvot,0,0,0,0,0,0,0,0,2,0,0,0,0,1,0
119,22 Nov 2025,,2bs4mjzwplzl04w7940las4yc,Anthony Taylor,Wolverhampton Wanderers FC,Crystal Palace FC,W. Hughes,0,0,0,0,0,0,0,0,1,0,0,0,0,0,0
120,15 Aug 2025,,zhs8gg1hvcuqvhkk2itb54pg,Anthony Taylor,Liverpool FC,AFC Bournemouth,D. Szoboszlai,0,0,0,1,2,1,0,0,75,0,0,3,1,4,0
120,15 Aug 2025,,zhs8gg1hvcuqvhkk2itb54pg,Anthony Taylor,Liverpool FC,AFC Bournemouth,V. van Dijk,0,0,0,0,0,0,0,0,74,0,0,2,1,1,0
120,15 Aug 2025,,zhs8gg1hvcuqvhkk2itb54pg,Anthony Taylor,Liverpool FC,AFC Bournemouth,H. Ekitiké,1,0,0,0,1,0,1,0,21,0,0,4,2,0,0
120,15 Aug 2025,,zhs8gg1hvcuqvhkk2itb54pg,Anthony Taylor,Liverpool FC,AFC Bournemouth,J. Frimpong,0,1,1,1,0,1,0,0,16,0,0,1,0,1,0
120,15 Aug 2025,,zhs8gg1hvcuqvhkk2itb54pg,Anthony Taylor,Liverpool FC,AFC Bournemouth,F. Wirtz,0,0,1,4,0,1,0,0,51,0,0,1,0,2,0
120,15 Aug 2025,,zhs8gg1hvcuqvhkk2itb54pg,Anthony Taylor,Liverpool FC,AFC Bournemouth,I. Konaté,0,0,0,0,0,0,0,0,33,0,0,0,0,0,0
120,15 Aug 2025,,zhs8gg1hvcuqvhkk2itb54pg,Anthony Taylor,Liverpool FC,AFC Bournemouth,Mohamed Salah,0,1,3,5,0,1,1,0,30,0,0,3,2,0,0
120,15 Aug 2025,,zhs8gg1hvcuqvhkk2itb54pg,Anthony Taylor,Liverpool FC,AFC Bournemouth,Alisson Becker,0,0,0,0,0,0,0,0,38,0,1,0,0,0,0
120,15 Aug 2025,,zhs8gg1hvcuqvhkk2itb54pg,Anthony Taylor,Liverpool FC,AFC Bournemouth,M. Kerkez,0,0,0,1,1,1,0,0,29,0,0,0,0,1,1
120,15 Aug 2025,,zhs8gg1hvcuqvhkk2itb54pg,Anthony Taylor,Liverpool FC,AFC Bournemouth,C. Gakpo,0,0,0,3,1,3,1,2,29,0,0,3,2,1,0
120,15 Aug 2025,,zhs8gg1hvcuqvhkk2itb54pg,Anthony Taylor,Liverpool FC,AFC Bournemouth,A. Mac Allister,1,0,1,1,2,1,0,0,46,0,0,1,1,3,0
120,15 Aug 2025,,zhs8gg1hvcuqvhkk2itb54pg,Anthony Taylor,Liverpool FC,AFC Bournemouth,A. Robertson,0,0,0,1,0,0,0,0,9,0,0,0,0,0,0
120,15 Aug 2025,,zhs8gg1hvcuqvhkk2itb54pg,Anthony Taylor,Liverpool FC,AFC Bournemouth,W. Endo,1,0,0,0,0,0,0,0,17,0,0,0,0,2,0
120,15 Aug 2025,,zhs8gg1hvcuqvhkk2itb54pg,Anthony Taylor,Liverpool FC,AFC Bournemouth,J. Gomez,0,0,0,0,0,0,0,0,7,0,0,0,0,0,0
120,15 Aug 2025,,zhs8gg1hvcuqvhkk2itb54pg,Anthony Taylor,Liverpool FC,AFC Bournemouth,C. Jones,0,0,0,0,0,0,0,0,11,0,0,0,0,0,0
120,15 Aug 2025,,zhs8gg1hvcuqvhkk2itb54pg,Anthony Taylor,Liverpool FC,AFC Bournemouth,F. Chiesa,0,0,0,0,0,1,1,0,3,0,0,1,1,1,0
120,15 Aug 2025,,zhs8gg1hvcuqvhkk2itb54pg,Anthony Taylor,Liverpool FC,AFC Bournemouth,M. Senesi,0,0,0,2,1,0,0,0,31,0,0,0,0,3,0
120,15 Aug 2025,,zhs8gg1hvcuqvhkk2itb54pg,Anthony Taylor,Liverpool FC,AFC Bournemouth,A. Truffert,0,0,0,4,2,0,0,0,18,0,0,0,0,2,0
120,15 Aug 2025,,zhs8gg1hvcuqvhkk2itb54pg,Anthony Taylor,Liverpool FC,AFC Bournemouth,A. Scott,0,0,0,3,1,2,0,0,23,0,0,0,0,0,0
120,15 Aug 2025,,zhs8gg1hvcuqvhkk2itb54pg,Anthony Taylor,Liverpool FC,AFC Bournemouth,T. Adams,0,0,0,0,1,0,0,1,39,0,0,0,0,5,0
120,15 Aug 2025,,zhs8gg1hvcuqvhkk2itb54pg,Anthony Taylor,Liverpool FC,AFC Bournemouth,A. Smith,0,0,1,1,1,1,0,0,25,0,0,0,0,1,0
120,15 Aug 2025,,zhs8gg1hvcuqvhkk2itb54pg,Anthony Taylor,Liverpool FC,AFC Bournemouth,B. Diakité,0,0,0,0,0,1,0,0,41,0,0,0,0,2,0
120,15 Aug 2025,,zhs8gg1hvcuqvhkk2itb54pg,Anthony Taylor,Liverpool FC,AFC Bournemouth,Đ. Petrović,0,0,1,0,0,0,0,0,35,0,6,0,0,0,0
120,15 Aug 2025,,zhs8gg1hvcuqvhkk2itb54pg,Anthony Taylor,Liverpool FC,AFC Bournemouth,Evanilson,0,0,1,0,1,0,0,1,13,0,0,3,0,0,1
120,15 Aug 2025,,zhs8gg1hvcuqvhkk2itb54pg,Anthony Taylor,Liverpool FC,AFC Bournemouth,A. Semenyo,0,0,1,0,2,1,2,0,15,0,0,3,2,1,0
120,15 Aug 2025,,zhs8gg1hvcuqvhkk2itb54pg,Anthony Taylor,Liverpool FC,AFC Bournemouth,M. Tavernier,0,1,2,5,0,1,0,0,35,0,0,2,1,3,0
120,15 Aug 2025,,zhs8gg1hvcuqvhkk2itb54pg,Anthony Taylor,Liverpool FC,AFC Bournemouth,D. Brooks,1,2,0,4,1,0,0,0,18,0,0,2,0,2,1
120,15 Aug 2025,,zhs8gg1hvcuqvhkk2itb54pg,Anthony Taylor,Liverpool FC,AFC Bournemouth,H. Traoré,1,0,0,1,0,0,0,0,2,0,0,0,0,1,0
120,15 Aug 2025,,zhs8gg1hvcuqvhkk2itb54pg,Anthony Taylor,Liverpool FC,AFC Bournemouth,B. Winterburn,0,0,0,0,0,0,0,0,1,0,0,0,0,0,0
120,15 Aug 2025,,zhs8gg1hvcuqvhkk2itb54pg,Anthony Taylor,Liverpool FC,AFC Bournemouth,J. Kroupi,0,0,1,0,0,0,0,0,1,0,0,0,0,0,0
120,15 Aug 2025,,zhs8gg1hvcuqvhkk2itb54pg,Anthony Taylor,Liverpool FC,AFC Bournemouth,J. Hill,0,0,0,0,0,0,0,0,2,0,0,0,0,0,0
31,13 Sep 2025,,1ck3f5txde110a1im9lxy0ys4,Darren England,Arsenal FC,Nottingham Forest FC,J. Timber,0,0,1,0,1,2,0,0,41,0,0,1,1,2,0
31,13 Sep 2025,,1ck3f5txde110a1im9lxy0ys4,Darren England,Arsenal FC,Nottingham Forest FC,N. Madueke,0,0,5,14,1,2,0,0,31,0,0,0,0,3,0
31,13 Sep 2025,,1ck3f5txde110a1im9lxy0ys4,Darren England,Arsenal FC,Nottingham Forest FC,Martín Zubimendi,0,0,0,0,1,0,2,0,44,0,0,3,2,0,0
31,13 Sep 2025,,1ck3f5txde110a1im9lxy0ys4,Darren England,Arsenal FC,Nottingham Forest FC,David Raya,0,0,0,0,0,0,0,0,28,0,1,0,0,0,0
31,13 Sep 2025,,1ck3f5txde110a1im9lxy0ys4,Darren England,Arsenal FC,Nottingham Forest FC,Cristhian Mosquera,0,0,0,0,0,0,0,1,82,0,0,0,0,2,0
31,13 Sep 2025,,1ck3f5txde110a1im9lxy0ys4,Darren England,Arsenal FC,Nottingham Forest FC,Gabriel Magalhães,0,1,0,0,0,2,0,0,68,0,0,2,0,2,0
31,13 Sep 2025,,1ck3f5txde110a1im9lxy0ys4,Darren England,Arsenal FC,Nottingham Forest FC,V. Gyökeres,0,1,1,0,0,0,1,0,10,0,0,4,1,1,0
31,13 Sep 2025,,1ck3f5txde110a1im9lxy0ys4,Darren England,Arsenal FC,Nottingham Forest FC,Mikel Merino,0,0,1,0,1,2,0,0,37,0,0,1,1,0,0
31,13 Sep 2025,,1ck3f5txde110a1im9lxy0ys4,Darren England,Arsenal FC,Nottingham Forest FC,M. Ødegaard,0,0,0,1,0,0,0,0,9,0,0,0,0,0,0
31,13 Sep 2025,,1ck3f5txde110a1im9lxy0ys4,Darren England,Arsenal FC,Nottingham Forest FC,E. Eze,1,2,0,2,0,2,0,1,24,0,0,2,0,0,0
31,13 Sep 2025,,1ck3f5txde110a1im9lxy0ys4,Darren England,Arsenal FC,Nottingham Forest FC,R. Calafiori,0,0,0,2,2,0,0,0,24,0,0,0,0,2,1
31,13 Sep 2025,,1ck3f5txde110a1im9lxy0ys4,Darren England,Arsenal FC,Nottingham Forest FC,E. Nwaneri,0,1,0,0,1,0,0,0,39,0,0,3,0,0,0
31,13 Sep 2025,,1ck3f5txde110a1im9lxy0ys4,Darren England,Arsenal FC,Nottingham Forest FC,M. Lewis-Skelly,0,0,0,0,1,1,0,0,16,0,0,0,0,0,0
31,13 Sep 2025,,1ck3f5txde110a1im9lxy0ys4,Darren England,Arsenal FC,Nottingham Forest FC,D. Rice,0,0,0,0,0,0,0,0,12,0,0,0,0,1,0
31,13 Sep 2025,,1ck3f5txde110a1im9lxy0ys4,Darren England,Arsenal FC,Nottingham Forest FC,L. Trossard,1,0,0,0,0,0,0,0,7,0,0,0,0,0,0
31,13 Sep 2025,,1ck3f5txde110a1im9lxy0ys4,Darren England,Arsenal FC,Nottingham Forest FC,Gabriel Martinelli,0,0,0,1,0,0,0,0,6,0,0,0,0,0,0
31,13 Sep 2025,,1ck3f5txde110a1im9lxy0ys4,Darren England,Arsenal FC,Nottingham Forest FC,E. Anderson,0,0,0,3,2,3,0,0,71,0,0,0,0,2,0
31,13 Sep 2025,,1ck3f5txde110a1im9lxy0ys4,Darren England,Arsenal FC,Nottingham Forest FC,M. Sels,0,0,0,0,0,0,0,0,27,0,2,0,0,0,0
31,13 Sep 2025,,1ck3f5txde110a1im9lxy0ys4,Darren England,Arsenal FC,Nottingham Forest FC,I. Sangaré,0,0,0,0,0,0,0,0,35,0,0,0,0,3,0
31,13 Sep 2025,,1ck3f5txde110a1im9lxy0ys4,Darren England,Arsenal FC,Nottingham Forest FC,M. Gibbs-White,0,0,0,0,0,0,0,0,26,0,0,1,0,0,0
31,13 Sep 2025,,1ck3f5txde110a1im9lxy0ys4,Darren England,Arsenal FC,Nottingham Forest FC,Morato,0,0,0,0,1,0,0,0,49,0,0,0,0,1,0
31,13 Sep 2025,,1ck3f5txde110a1im9lxy0ys4,Darren England,Arsenal FC,Nottingham Forest FC,N. Milenković,0,0,0,0,1,0,0,0,46,0,0,0,0,0,0
31,13 Sep 2025,,1ck3f5txde110a1im9lxy0ys4,Darren England,Arsenal FC,Nottingham Forest FC,C. Hudson-Odoi,0,0,0,0,0,1,0,0,25,0,0,0,0,0,0
31,13 Sep 2025,,1ck3f5txde110a1im9lxy0ys4,Darren England,Arsenal FC,Nottingham Forest FC,N. Williams,0,1,0,1,2,1,0,0,32,0,0,1,0,1,1
31,13 Sep 2025,,1ck3f5txde110a1im9lxy0ys4,Darren England,Arsenal FC,Nottingham Forest FC,Murillo,0,0,0,0,0,0,0,0,14,0,0,0,0,1,0
31,13 Sep 2025,,1ck3f5txde110a1im9lxy0ys4,Darren England,Arsenal FC,Nottingham Forest FC,C. Wood,0,0,0,0,2,0,0,0,8,0,0,1,1,0,0
31,13 Sep 2025,,1ck3f5txde110a1im9lxy0ys4,Darren England,Arsenal FC,Nottingham Forest FC,D. Ndoye,0,0,2,5,0,0,0,0,19,0,0,0,0,1,0
31,13 Sep 2025,,1ck3f5txde110a1im9lxy0ys4,Darren England,Arsenal FC,Nottingham Forest FC,N. Savona,0,0,0,0,0,1,0,0,21,0,0,0,0,3,0
31,13 Sep 2025,,1ck3f5txde110a1im9lxy0ys4,Darren England,Arsenal FC,Nottingham Forest FC,A. Kalimuendo,0,2,2,1,1,0,0,0,10,0,0,2,0,0,0
31,13 Sep 2025,,1ck3f5txde110a1im9lxy0ys4,Darren England,Arsenal FC,Nottingham Forest FC,D. Bakwa,0,0,0,3,0,1,0,0,7,0,0,0,0,0,0
31,13 Sep 2025,,1ck3f5txde110a1im9lxy0ys4,Darren England,Arsenal FC,Nottingham Forest FC,J. McAtee,0,0,0,0,0,0,0,0,11,0,0,0,0,0,0
31,13 Sep 2025,,1ck3f5txde110a1im9lxy0ys4,Darren England,Arsenal FC,Nottingham Forest FC,R. Yates,0,0,0,0,2,0,0,0,8,0,0,0,0,0,0
32,13 Sep 2025,,1cy3zxa3qlhra05l8tmcnmgwk,Stuart Attwell,Brentford FC,Chelsea FC,K. Schade,0,1,3,0,5,0,1,0,13,0,0,4,2,3,0
32,13 Sep 2025,,1cy3zxa3qlhra05l8tmcnmgwk,Stuart Attwell,Brentford FC,Chelsea FC,J. Henderson,1,0,0,4,1,0,0,0,31,0,0,0,0,3,0
32,13 Sep 2025,,1cy3zxa3qlhra05l8tmcnmgwk,Stuart Attwell,Brentford FC,Chelsea FC,M. Kayode,0,0,0,0,1,2,0,0,20,0,0,0,0,0,0
32,13 Sep 2025,,1cy3zxa3qlhra05l8tmcnmgwk,Stuart Attwell,Brentford FC,Chelsea FC,Igor Thiago,0,0,0,2,2,2,0,0,13,0,0,0,0,0,1
32,13 Sep 2025,,1cy3zxa3qlhra05l8tmcnmgwk,Stuart Attwell,Brentford FC,Chelsea FC,N. Collins,0,0,0,0,1,2,0,0,31,0,0,0,0,1,0
32,13 Sep 2025,,1cy3zxa3qlhra05l8tmcnmgwk,Stuart Attwell,Brentford FC,Chelsea FC,E. Pinnock,0,0,0,0,0,1,0,0,31,0,0,0,0,1,1
32,13 Sep 2025,,1cy3zxa3qlhra05l8tmcnmgwk,Stuart Attwell,Brentford FC,Chelsea FC,S. van den Berg,0,0,0,0,0,0,0,0,32,0,0,0,0,1,0
32,13 Sep 2025,,1cy3zxa3qlhra05l8tmcnmgwk,Stuart Attwell,Brentford FC,Chelsea FC,K. Lewis-Potter,0,0,1,5,1,0,0,0,19,0,0,0,0,1,0
32,13 Sep 2025,,1cy3zxa3qlhra05l8tmcnmgwk,Stuart Attwell,Brentford FC,Chelsea FC,M. Jensen,0,0,0,5,0,1,0,0,19,0,0,0,0,3,0
32,13 Sep 2025,,1cy3zxa3qlhra05l8tmcnmgwk,Stuart Attwell,Brentford FC,Chelsea FC,Y. Yarmoliuk,0,0,0,0,2,0,0,0,33,0,0,0,0,2,1
32,13 Sep 2025,,1cy3zxa3qlhra05l8tmcnmgwk,Stuart Attwell,Brentford FC,Chelsea FC,C. Kelleher,0,0,0,0,0,0,0,0,26,0,4,0,0,1,0
32,13 Sep 2025,,1cy3zxa3qlhra05l8tmcnmgwk,Stuart Attwell,Brentford FC,Chelsea FC,D. Ouattara,0,0,1,1,0,0,0,0,7,0,0,0,0,0,0
32,13 Sep 2025,,1cy3zxa3qlhra05l8tmcnmgwk,Stuart Attwell,Brentford FC,Chelsea FC,R. Henry,0,0,0,1,0,1,0,0,3,0,0,1,0,1,0
32,13 Sep 2025,,1cy3zxa3qlhra05l8tmcnmgwk,Stuart Attwell,Brentford FC,Chelsea FC,A. Hickey,0,0,0,0,0,0,0,0,3,0,0,0,0,0,0
32,13 Sep 2025,,1cy3zxa3qlhra05l8tmcnmgwk,Stuart Attwell,Brentford FC,Chelsea FC,K. Ajer,1,0,0,0,0,0,0,0,1,0,0,1,1,0,0
32,13 Sep 2025,,1cy3zxa3qlhra05l8tmcnmgwk,Stuart Attwell,Brentford FC,Chelsea FC,Fábio Carvalho,0,0,0,0,0,0,1,0,2,0,0,1,1,0,0
32,13 Sep 2025,,1cy3zxa3qlhra05l8tmcnmgwk,Stuart Attwell,Brentford FC,Chelsea FC,W. Fofana,0,0,0,0,0,1,0,0,50,0,0,0,0,0,0
32,13 Sep 2025,,1cy3zxa3qlhra05l8tmcnmgwk,Stuart Attwell,Brentford FC,Chelsea FC,E. Fernández,0,1,1,3,1,1,0,0,76,0,0,1,0,4,0
32,13 Sep 2025,,1cy3zxa3qlhra05l8tmcnmgwk,Stuart Attwell,Brentford FC,Chelsea FC,João Pedro,1,1,1,1,0,1,0,0,31,0,0,1,0,0,0
32,13 Sep 2025,,1cy3zxa3qlhra05l8tmcnmgwk,Stuart Attwell,Brentford FC,Chelsea FC,M. Caicedo,0,0,0,1,0,2,1,0,64,0,0,1,1,4,0
32,13 Sep 2025,,1cy3zxa3qlhra05l8tmcnmgwk,Stuart Attwell,Brentford FC,Chelsea FC,T. Adarabioyo,0,0,0,0,0,0,0,1,86,0,0,0,0,0,0
32,13 Sep 2025,,1cy3zxa3qlhra05l8tmcnmgwk,Stuart Attwell,Brentford FC,Chelsea FC,Robert Sánchez,0,0,0,0,0,0,0,0,11,0,3,0,0,0,0
32,13 Sep 2025,,1cy3zxa3qlhra05l8tmcnmgwk,Stuart Attwell,Brentford FC,Chelsea FC,T. Chalobah,0,0,0,0,1,2,0,0,92,0,0,2,0,1,0
32,13 Sep 2025,,1cy3zxa3qlhra05l8tmcnmgwk,Stuart Attwell,Brentford FC,Chelsea FC,F. Buonanotte,0,0,0,0,0,0,0,0,22,0,0,0,0,1,0
32,13 Sep 2025,,1cy3zxa3qlhra05l8tmcnmgwk,Stuart Attwell,Brentford FC,Chelsea FC,Pedro Neto,0,2,2,7,0,1,0,0,28,0,0,2,0,1,0
32,13 Sep 2025,,1cy3zxa3qlhra05l8tmcnmgwk,Stuart Attwell,Brentford FC,Chelsea FC,J. Gittens,0,0,1,1,2,1,0,2,13,0,0,1,1,0,0
32,13 Sep 2025,,1cy3zxa3qlhra05l8tmcnmgwk,Stuart Attwell,Brentford FC,Chelsea FC,J. Hato,0,0,0,0,1,0,0,0,19,0,0,0,0,0,1
32,13 Sep 2025,,1cy3zxa3qlhra05l8tmcnmgwk,Stuart Attwell,Brentford FC,Chelsea FC,T. George,0,0,1,1,3,0,0,1,8,0,0,1,1,1,1
32,13 Sep 2025,,1cy3zxa3qlhra05l8tmcnmgwk,Stuart Attwell,Brentford FC,Chelsea FC,Marc Cucurella,0,0,0,0,0,0,0,0,19,0,0,1,1,2,0
32,13 Sep 2025,,1cy3zxa3qlhra05l8tmcnmgwk,Stuart Attwell,Brentford FC,Chelsea FC,R. James,0,1,0,1,1,3,0,0,34,0,0,1,0,0,0
32,13 Sep 2025,,1cy3zxa3qlhra05l8tmcnmgwk,Stuart Attwell,Brentford FC,Chelsea FC,C. Palmer,0,2,0,1,0,1,1,0,13,0,0,5,2,1,0
32,13 Sep 2025,,1cy3zxa3qlhra05l8tmcnmgwk,Stuart Attwell,Brentford FC,Chelsea FC,A. Garnacho,0,0,0,1,0,0,0,0,4,0,0,0,0,0,0
33,14 Sep 2025,,1ddyldms82g6afdwokq3ro844,Michael Oliver,Burnley FC,Liverpool FC,L. Ugochukwu,0,0,0,0,3,0,0,0,8,1,0,0,0,3,2
33,14 Sep 2025,,1ddyldms82g6afdwokq3ro844,Michael Oliver,Burnley FC,Liverpool FC,J. Anthony,0,0,0,0,1,2,0,2,12,0,0,1,0,2,0
33,14 Sep 2025,,1ddyldms82g6afdwokq3ro844,Michael Oliver,Burnley FC,Liverpool FC,M. Dúbravka,0,0,0,0,0,0,0,0,39,0,3,0,0,0,0
33,14 Sep 2025,,1ddyldms82g6afdwokq3ro844,Michael Oliver,Burnley FC,Liverpool FC,L. Foster,0,0,0,0,2,1,0,0,13,0,0,0,0,2,0
33,14 Sep 2025,,1ddyldms82g6afdwokq3ro844,Michael Oliver,Burnley FC,Liverpool FC,J. Cullen,0,0,0,0,0,1,0,0,16,0,0,0,0,1,0
33,14 Sep 2025,,1ddyldms82g6afdwokq3ro844,Michael Oliver,Burnley FC,Liverpool FC,M. Estève,0,0,0,0,0,1,0,0,16,0,0,0,0,0,0
33,14 Sep 2025,,1ddyldms82g6afdwokq3ro844,Michael Oliver,Burnley FC,Liverpool FC,Q. Hartman,0,0,0,3,0,0,0,0,10,0,0,0,0,2,0
33,14 Sep 2025,,1ddyldms82g6afdwokq3ro844,Michael Oliver,Burnley FC,Liverpool FC,H. Ekdal,0,0,0,0,0,0,0,0,8,0,0,1,0,1,0
33,14 Sep 2025,,1ddyldms82g6afdwokq3ro844,Michael Oliver,Burnley FC,Liverpool FC,J. Laurent,0,0,1,0,1,0,0,1,9,0,0,1,0,0,0
33,14 Sep 2025,,1ddyldms82g6afdwokq3ro844,Michael Oliver,Burnley FC,Liverpool FC,L. Tchaouna,0,0,0,0,1,1,0,0,9,0,0,0,0,0,0
33,14 Sep 2025,,1ddyldms82g6afdwokq3ro844,Michael Oliver,Burnley FC,Liverpool FC,K. Walker,0,0,0,0,0,0,0,0,17,0,0,0,0,1,0
33,14 Sep 2025,,1ddyldms82g6afdwokq3ro844,Michael Oliver,Burnley FC,Liverpool FC,Florentino,0,0,0,0,0,0,0,0,8,0,0,0,0,3,0
33,14 Sep 2025,,1ddyldms82g6afdwokq3ro844,Michael Oliver,Burnley FC,Liverpool FC,H. Mejbri,0,0,0,0,1,1,0,0,3,0,0,0,0,1,0
33,14 Sep 2025,,1ddyldms82g6afdwokq3ro844,Michael Oliver,Burnley FC,Liverpool FC,J. Worrall,0,0,0,0,0,0,0,0,0,0,0,0,0,0,0
33,14 Sep 2025,,1ddyldms82g6afdwokq3ro844,Michael Oliver,Burnley FC,Liverpool FC,A. Broja,0,0,0,0,0,0,0,0,0,0,0,0,0,0,0
33,14 Sep 2025,,1ddyldms82g6afdwokq3ro844,Michael Oliver,Burnley FC,Liverpool FC,A. Mac Allister,0,0,0,2,0,2,0,0,37,0,0,0,0,1,0
33,14 Sep 2025,,1ddyldms82g6afdwokq3ro844,Michael Oliver,Burnley FC,Liverpool FC,V. van Dijk,0,0,0,0,1,1,0,0,105,0,0,0,0,1,0
33,14 Sep 2025,,1ddyldms82g6afdwokq3ro844,Michael Oliver,Burnley FC,Liverpool FC,F. Wirtz,0,2,1,6,1,1,0,0,58,0,0,3,0,1,0
33,14 Sep 2025,,1ddyldms82g6afdwokq3ro844,Michael Oliver,Burnley FC,Liverpool FC,D. Szoboszlai,0,3,3,4,1,0,0,0,70,0,0,6,1,1,0
33,14 Sep 2025,,1ddyldms82g6afdwokq3ro844,Michael Oliver,Burnley FC,Liverpool FC,I. Konaté,0,0,0,1,1,2,0,0,90,0,0,1,0,4,0
33,14 Sep 2025,,1ddyldms82g6afdwokq3ro844,Michael Oliver,Burnley FC,Liverpool FC,R. Gravenberch,0,3,1,0,0,0,0,0,94,0,0,4,0,1,0
33,14 Sep 2025,,1ddyldms82g6afdwokq3ro844,Michael Oliver,Burnley FC,Liverpool FC,M. Kerkez,0,0,3,4,2,0,0,0,24,0,0,1,0,0,1
33,14 Sep 2025,,1ddyldms82g6afdwokq3ro844,Michael Oliver,Burnley FC,Liverpool FC,Mohamed Salah,0,0,0,3,1,0,1,0,43,0,0,1,1,0,0
33,14 Sep 2025,,1ddyldms82g6afdwokq3ro844,Michael Oliver,Burnley FC,Liverpool FC,C. Gakpo,0,2,3,13,0,1,0,0,40,0,0,5,0,0,0
33,14 Sep 2025,,1ddyldms82g6afdwokq3ro844,Michael Oliver,Burnley FC,Liverpool FC,H. Ekitiké,0,1,0,0,1,0,0,0,15,0,0,2,0,0,0
33,14 Sep 2025,,1ddyldms82g6afdwokq3ro844,Michael Oliver,Burnley FC,Liverpool FC,Alisson Becker,0,0,0,0,0,0,0,0,22,0,0,0,0,0,0
33,14 Sep 2025,,1ddyldms82g6afdwokq3ro844,Michael Oliver,Burnley FC,Liverpool FC,A. Robertson,0,0,0,8,0,0,0,1,52,0,0,1,1,0,0
33,14 Sep 2025,,1ddyldms82g6afdwokq3ro844,Michael Oliver,Burnley FC,Liverpool FC,C. Bradley,0,1,1,1,1,1,0,0,35,0,0,1,0,1,1
33,14 Sep 2025,,1ddyldms82g6afdwokq3ro844,Michael Oliver,Burnley FC,Liverpool FC,F. Chiesa,0,0,0,0,0,0,0,0,4,0,0,1,0,0,0
33,14 Sep 2025,,1ddyldms82g6afdwokq3ro844,Michael Oliver,Burnley FC,Liverpool FC,J. Frimpong,0,0,1,2,0,0,0,0,3,0,0,1,1,0,0
33,14 Sep 2025,,1ddyldms82g6afdwokq3ro844,Michael Oliver,Burnley FC,Liverpool FC,R. Ngumoha,0,0,0,0,0,0,0,0,5,0,0,0,0,0,0
34,13 Sep 2025,,1drtj6vzc17m0mb549yuwuz9w,Thomas Bramall,Crystal Palace FC,Sunderland AFC,J. Mateta,0,0,0,0,2,0,0,0,11,0,0,2,2,0,0
34,13 Sep 2025,,1drtj6vzc17m0mb549yuwuz9w,Thomas Bramall,Crystal Palace FC,Sunderland AFC,D. Henderson,0,0,0,0,0,0,0,0,37,0,0,0,0,0,0
34,13 Sep 2025,,1drtj6vzc17m0mb549yuwuz9w,Thomas Bramall,Crystal Palace FC,Sunderland AFC,C. Richards,0,1,0,1,0,1,0,0,60,0,0,1,0,1,0
34,13 Sep 2025,,1drtj6vzc17m0mb549yuwuz9w,Thomas Bramall,Crystal Palace FC,Sunderland AFC,M. Lacroix,0,0,0,0,0,1,0,0,81,0,0,0,0,1,0
34,13 Sep 2025,,1drtj6vzc17m0mb549yuwuz9w,Thomas Bramall,Crystal Palace FC,Sunderland AFC,M. Guéhi,0,0,0,0,0,0,0,0,85,0,0,1,0,0,0
34,13 Sep 2025,,1drtj6vzc17m0mb549yuwuz9w,Thomas Bramall,Crystal Palace FC,Sunderland AFC,T. Mitchell,0,0,1,3,0,0,0,0,39,0,0,0,0,2,0
34,13 Sep 2025,,1drtj6vzc17m0mb549yuwuz9w,Thomas Bramall,Crystal Palace FC,Sunderland AFC,D. Muñoz,0,1,0,2,2,1,0,0,35,0,0,2,1,1,1
34,13 Sep 2025,,1drtj6vzc17m0mb549yuwuz9w,Thomas Bramall,Crystal Palace FC,Sunderland AFC,J. Lerma,0,0,0,1,0,0,0,0,28,0,0,1,0,1,0
34,13 Sep 2025,,1drtj6vzc17m0mb549yuwuz9w,Thomas Bramall,Crystal Palace FC,Sunderland AFC,D. Kamada,0,0,2,0,0,1,0,0,29,0,0,2,2,1,0
34,13 Sep 2025,,1drtj6vzc17m0mb549yuwuz9w,Thomas Bramall,Crystal Palace FC,Sunderland AFC,Yeremy Pino,0,1,1,4,3,2,0,0,33,0,0,3,0,1,0
34,13 Sep 2025,,1drtj6vzc17m0mb549yuwuz9w,Thomas Bramall,Crystal Palace FC,Sunderland AFC,W. Hughes,0,1,1,6,2,0,0,0,37,0,0,1,0,1,0
34,13 Sep 2025,,1drtj6vzc17m0mb549yuwuz9w,Thomas Bramall,Crystal Palace FC,Sunderland AFC,J. Devenny,0,0,0,1,1,0,0,0,9,0,0,0,0,1,0
34,13 Sep 2025,,1drtj6vzc17m0mb549yuwuz9w,Thomas Bramall,Crystal Palace FC,Sunderland AFC,C. Uche,0,0,0,2,0,1,0,0,7,0,0,1,1,0,0
34,13 Sep 2025,,1drtj6vzc17m0mb549yuwuz9w,Thomas Bramall,Crystal Palace FC,Sunderland AFC,N. Mukiele,0,0,0,1,1,1,0,0,50,0,0,0,0,2,0
34,13 Sep 2025,,1drtj6vzc17m0mb549yuwuz9w,Thomas Bramall,Crystal Palace FC,Sunderland AFC,R. Roefs,0,0,0,0,0,1,0,0,39,0,6,0,0,0,1
34,13 Sep 2025,,1drtj6vzc17m0mb549yuwuz9w,Thomas Bramall,Crystal Palace FC,Sunderland AFC,O. Alderete,0,0,0,0,0,1,0,0,69,0,0,0,0,2,0
34,13 Sep 2025,,1drtj6vzc17m0mb549yuwuz9w,Thomas Bramall,Crystal Palace FC,Sunderland AFC,Reinildo Mandava,0,0,0,1,0,1,0,0,41,0,0,0,0,1,0
34,13 Sep 2025,,1drtj6vzc17m0mb549yuwuz9w,Thomas Bramall,Crystal Palace FC,Sunderland AFC,G. Xhaka,0,0,0,3,1,0,0,0,49,0,0,0,0,2,0
34,13 Sep 2025,,1drtj6vzc17m0mb549yuwuz9w,Thomas Bramall,Crystal Palace FC,Sunderland AFC,C. Talbi,0,1,1,3,0,0,0,0,19,0,0,1,0,0,0
34,13 Sep 2025,,1drtj6vzc17m0mb549yuwuz9w,Thomas Bramall,Crystal Palace FC,Sunderland AFC,H. Diarra,0,0,1,2,3,0,0,0,24,0,0,1,0,0,0
34,13 Sep 2025,,1drtj6vzc17m0mb549yuwuz9w,Thomas Bramall,Crystal Palace FC,Sunderland AFC,T. Hume,0,0,0,3,0,0,0,0,45,0,0,0,0,3,0
34,13 Sep 2025,,1drtj6vzc17m0mb549yuwuz9w,Thomas Bramall,Crystal Palace FC,Sunderland AFC,N. Sadiki,0,0,0,1,0,3,0,0,29,0,0,1,0,1,0
34,13 Sep 2025,,1drtj6vzc17m0mb549yuwuz9w,Thomas Bramall,Crystal Palace FC,Sunderland AFC,S. Adingra,0,0,1,3,1,1,0,1,12,0,0,0,0,1,0
34,13 Sep 2025,,1drtj6vzc17m0mb549yuwuz9w,Thomas Bramall,Crystal Palace FC,Sunderland AFC,W. Isidor,0,1,0,0,2,0,0,1,6,0,0,3,0,1,0
34,13 Sep 2025,,1drtj6vzc17m0mb549yuwuz9w,Thomas Bramall,Crystal Palace FC,Sunderland AFC,B. Brobbey,0,0,0,0,0,1,0,0,2,0,0,0,0,0,0
34,13 Sep 2025,,1drtj6vzc17m0mb549yuwuz9w,Thomas Bramall,Crystal Palace FC,Sunderland AFC,L. Geertruida,0,0,0,0,0,0,0,0,1,0,0,0,0,0,0
34,13 Sep 2025,,1drtj6vzc17m0mb549yuwuz9w,Thomas Bramall,Crystal Palace FC,Sunderland AFC,Christopher John Rigg,0,0,0,0,0,0,0,0,0,0,0,0,0,0,0
35,13 Sep 2025,,1e5s21mdr4zeeniuin1uu189g,Simon Hooper,Everton FC,Aston Villa FC,J. O'Brien,0,1,2,5,0,0,0,0,22,0,0,1,0,2,0
35,13 Sep 2025,,1e5s21mdr4zeeniuin1uu189g,Simon Hooper,Everton FC,Aston Villa FC,I. Ndiaye,0,1,0,2,2,4,0,0,22,0,0,1,0,2,0
35,13 Sep 2025,,1e5s21mdr4zeeniuin1uu189g,Simon Hooper,Everton FC,Aston Villa FC,J. Garner,0,1,1,5,0,2,0,0,49,0,0,1,0,4,0
35,13 Sep 2025,,1e5s21mdr4zeeniuin1uu189g,Simon Hooper,Everton FC,Aston Villa FC,J. Grealish,0,1,3,4,2,2,0,0,32,0,0,2,1,3,1
35,13 Sep 2025,,1e5s21mdr4zeeniuin1uu189g,Simon Hooper,Everton FC,Aston Villa FC,J. Pickford,0,0,0,0,0,1,0,0,32,0,1,0,0,0,0
35,13 Sep 2025,,1e5s21mdr4zeeniuin1uu189g,Simon Hooper,Everton FC,Aston Villa FC,I. Gueye,0,0,0,0,1,1,0,0,41,0,0,2,0,2,0
35,13 Sep 2025,,1e5s21mdr4zeeniuin1uu189g,Simon Hooper,Everton FC,Aston Villa FC,T. Iroegbunam,0,1,1,0,1,0,0,0,21,0,0,1,0,0,1
35,13 Sep 2025,,1e5s21mdr4zeeniuin1uu189g,Simon Hooper,Everton FC,Aston Villa FC,M. Keane,0,0,1,0,1,0,0,0,33,0,0,4,1,1,0
35,13 Sep 2025,,1e5s21mdr4zeeniuin1uu189g,Simon Hooper,Everton FC,Aston Villa FC,J. Tarkowski,0,0,0,0,2,2,0,0,37,0,0,0,0,4,0
35,13 Sep 2025,,1e5s21mdr4zeeniuin1uu189g,Simon Hooper,Everton FC,Aston Villa FC,Beto,0,2,0,0,2,1,0,2,9,0,0,4,0,0,0
35,13 Sep 2025,,1e5s21mdr4zeeniuin1uu189g,Simon Hooper,Everton FC,Aston Villa FC,K. Dewsbury-Hall,0,1,1,6,3,1,0,0,33,0,0,1,0,3,1
35,13 Sep 2025,,1e5s21mdr4zeeniuin1uu189g,Simon Hooper,Everton FC,Aston Villa FC,M. Röhl,0,0,0,0,2,1,0,0,10,0,0,1,0,2,0
35,13 Sep 2025,,1e5s21mdr4zeeniuin1uu189g,Simon Hooper,Everton FC,Aston Villa FC,T. Barry,0,1,1,0,1,0,0,0,2,0,0,2,0,0,0
35,13 Sep 2025,,1e5s21mdr4zeeniuin1uu189g,Simon Hooper,Everton FC,Aston Villa FC,M. Rogers,0,0,1,0,1,1,0,0,21,0,0,1,1,0,0
35,13 Sep 2025,,1e5s21mdr4zeeniuin1uu189g,Simon Hooper,Everton FC,Aston Villa FC,Y. Tielemans,0,0,0,0,1,0,0,0,35,0,0,0,0,1,0
35,13 Sep 2025,,1e5s21mdr4zeeniuin1uu189g,Simon Hooper,Everton FC,Aston Villa FC,E. Martínez,0,0,0,0,0,1,0,0,34,0,2,0,0,0,0
35,13 Sep 2025,,1e5s21mdr4zeeniuin1uu189g,Simon Hooper,Everton FC,Aston Villa FC,O. Watkins,0,0,0,1,1,1,0,0,9,0,0,0,0,0,0
35,13 Sep 2025,,1e5s21mdr4zeeniuin1uu189g,Simon Hooper,Everton FC,Aston Villa FC,E. Buendía,0,2,1,0,3,2,0,0,31,0,0,3,0,2,1
35,13 Sep 2025,,1e5s21mdr4zeeniuin1uu189g,Simon Hooper,Everton FC,Aston Villa FC,J. McGinn,0,0,0,0,2,2,0,0,33,0,0,0,0,0,0
35,13 Sep 2025,,1e5s21mdr4zeeniuin1uu189g,Simon Hooper,Everton FC,Aston Villa FC,T. Mings,0,1,0,0,1,1,0,0,47,0,0,1,0,1,0
35,13 Sep 2025,,1e5s21mdr4zeeniuin1uu189g,Simon Hooper,Everton FC,Aston Villa FC,M. Cash,0,0,0,2,2,0,0,1,27,0,0,0,0,3,1
35,13 Sep 2025,,1e5s21mdr4zeeniuin1uu189g,Simon Hooper,Everton FC,Aston Villa FC,E. Konsa,0,0,0,0,0,2,0,0,60,0,0,0,0,1,0
35,13 Sep 2025,,1e5s21mdr4zeeniuin1uu189g,Simon Hooper,Everton FC,Aston Villa FC,L. Digne,0,2,1,6,2,0,0,0,39,0,0,2,0,1,1
35,13 Sep 2025,,1e5s21mdr4zeeniuin1uu189g,Simon Hooper,Everton FC,Aston Villa FC,L. Bogarde,0,0,0,0,0,4,0,0,30,0,0,0,0,3,0
35,13 Sep 2025,,1e5s21mdr4zeeniuin1uu189g,Simon Hooper,Everton FC,Aston Villa FC,E. Guessand,0,0,0,1,2,1,0,0,4,0,0,0,0,4,0
35,13 Sep 2025,,1e5s21mdr4zeeniuin1uu189g,Simon Hooper,Everton FC,Aston Villa FC,H. Elliott,0,0,0,0,0,1,0,0,9,0,0,0,0,0,0
35,13 Sep 2025,,1e5s21mdr4zeeniuin1uu189g,Simon Hooper,Everton FC,Aston Villa FC,V. Lindelöf,0,0,0,0,0,0,0,0,4,0,0,0,0,0,0
35,13 Sep 2025,,1e5s21mdr4zeeniuin1uu189g,Simon Hooper,Everton FC,Aston Villa FC,D. Malen,0,0,0,0,0,0,0,1,1,0,0,0,0,0,0
36,13 Sep 2025,,1ejplc4zz2mafz8ve5yaztgyc,Craig Pawson,Fulham FC,Leeds United FC,R. Sessegnon,0,0,0,5,3,0,0,0,32,0,0,0,0,2,0
36,13 Sep 2025,,1ejplc4zz2mafz8ve5yaztgyc,Craig Pawson,Fulham FC,Leeds United FC,C. Bassey,0,0,0,0,0,3,0,0,87,0,0,0,0,2,0
36,13 Sep 2025,,1ejplc4zz2mafz8ve5yaztgyc,Craig Pawson,Fulham FC,Leeds United FC,B. Leno,0,0,0,0,0,0,0,0,23,0,3,0,0,0,0
36,13 Sep 2025,,1ejplc4zz2mafz8ve5yaztgyc,Craig Pawson,Fulham FC,Leeds United FC,J. Andersen,0,0,0,0,1,1,0,0,102,0,0,0,0,3,0
36,13 Sep 2025,,1ejplc4zz2mafz8ve5yaztgyc,Craig Pawson,Fulham FC,Leeds United FC,S. Berge,0,0,0,1,4,0,0,0,50,0,0,0,0,3,1
36,13 Sep 2025,,1ejplc4zz2mafz8ve5yaztgyc,Craig Pawson,Fulham FC,Leeds United FC,A. Iwobi,0,0,0,2,1,0,0,0,23,0,0,0,0,1,0
36,13 Sep 2025,,1ejplc4zz2mafz8ve5yaztgyc,Craig Pawson,Fulham FC,Leeds United FC,K. Tete,0,0,0,4,2,3,0,0,33,0,0,0,0,3,0
36,13 Sep 2025,,1ejplc4zz2mafz8ve5yaztgyc,Craig Pawson,Fulham FC,Leeds United FC,H. Wilson,0,0,1,2,0,1,0,0,18,0,0,1,1,2,0
36,13 Sep 2025,,1ejplc4zz2mafz8ve5yaztgyc,Craig Pawson,Fulham FC,Leeds United FC,S. Lukić,0,0,0,3,3,2,0,0,31,0,0,1,0,4,0
36,13 Sep 2025,,1ejplc4zz2mafz8ve5yaztgyc,Craig Pawson,Fulham FC,Leeds United FC,Rodrigo Muniz,0,0,1,0,3,3,0,1,9,0,0,1,1,1,0
36,13 Sep 2025,,1ejplc4zz2mafz8ve5yaztgyc,Craig Pawson,Fulham FC,Leeds United FC,J. King,0,0,0,0,1,1,0,0,10,0,0,0,0,1,0
36,13 Sep 2025,,1ejplc4zz2mafz8ve5yaztgyc,Craig Pawson,Fulham FC,Leeds United FC,E. Smith Rowe,0,0,0,0,0,0,0,0,20,0,0,0,0,0,0
36,13 Sep 2025,,1ejplc4zz2mafz8ve5yaztgyc,Craig Pawson,Fulham FC,Leeds United FC,Adama Traoré,0,0,0,2,1,1,0,0,6,0,0,1,0,0,0
36,13 Sep 2025,,1ejplc4zz2mafz8ve5yaztgyc,Craig Pawson,Fulham FC,Leeds United FC,Kevin,0,0,1,3,0,0,0,0,4,0,0,1,1,0,0
36,13 Sep 2025,,1ejplc4zz2mafz8ve5yaztgyc,Craig Pawson,Fulham FC,Leeds United FC,T. Cairney,0,0,0,0,0,0,0,0,3,0,0,0,0,0,0
36,13 Sep 2025,,1ejplc4zz2mafz8ve5yaztgyc,Craig Pawson,Fulham FC,Leeds United FC,R. Jiménez,0,0,0,0,1,0,0,0,0,0,0,0,0,2,0
36,13 Sep 2025,,1ejplc4zz2mafz8ve5yaztgyc,Craig Pawson,Fulham FC,Leeds United FC,S. Longstaff,0,0,1,1,1,2,0,0,39,0,0,1,0,2,0
36,13 Sep 2025,,1ejplc4zz2mafz8ve5yaztgyc,Craig Pawson,Fulham FC,Leeds United FC,J. Rodon,0,0,0,0,2,1,0,0,54,0,0,0,0,0,0
36,13 Sep 2025,,1ejplc4zz2mafz8ve5yaztgyc,Craig Pawson,Fulham FC,Leeds United FC,J. Bogle,0,1,1,2,2,2,0,0,30,0,0,2,1,3,0
36,13 Sep 2025,,1ejplc4zz2mafz8ve5yaztgyc,Craig Pawson,Fulham FC,Leeds United FC,K. Darlow,0,0,0,0,0,2,0,0,34,0,3,0,0,0,0
36,13 Sep 2025,,1ejplc4zz2mafz8ve5yaztgyc,Craig Pawson,Fulham FC,Leeds United FC,D. Calvert-Lewin,0,0,0,0,0,3,0,2,8,0,0,1,1,0,0
36,13 Sep 2025,,1ejplc4zz2mafz8ve5yaztgyc,Craig Pawson,Fulham FC,Leeds United FC,P. Struijk,0,0,0,0,2,0,0,1,55,0,0,0,0,1,0
36,13 Sep 2025,,1ejplc4zz2mafz8ve5yaztgyc,Craig Pawson,Fulham FC,Leeds United FC,G. Gudmundsson,0,0,0,5,1,3,0,0,39,0,0,0,0,2,0
36,13 Sep 2025,,1ejplc4zz2mafz8ve5yaztgyc,Craig Pawson,Fulham FC,Leeds United FC,A. Stach,0,2,0,2,3,2,0,0,36,0,0,3,0,1,1
36,13 Sep 2025,,1ejplc4zz2mafz8ve5yaztgyc,Craig Pawson,Fulham FC,Leeds United FC,N. Okafor,0,1,1,1,2,1,0,0,22,0,0,2,0,1,1
36,13 Sep 2025,,1ejplc4zz2mafz8ve5yaztgyc,Craig Pawson,Fulham FC,Leeds United FC,B. Aaronson,0,0,0,0,0,2,0,0,17,0,0,1,1,5,0
36,13 Sep 2025,,1ejplc4zz2mafz8ve5yaztgyc,Craig Pawson,Fulham FC,Leeds United FC,E. Ampadu,0,0,0,1,0,1,0,0,44,0,0,0,0,2,0
36,13 Sep 2025,,1ejplc4zz2mafz8ve5yaztgyc,Craig Pawson,Fulham FC,Leeds United FC,L. Nmecha,0,0,0,0,2,0,0,0,3,0,0,0,0,0,0
36,13 Sep 2025,,1ejplc4zz2mafz8ve5yaztgyc,Craig Pawson,Fulham FC,Leeds United FC,J. Harrison,0,0,0,0,0,0,0,0,5,0,0,0,0,0,0
36,13 Sep 2025,,1ejplc4zz2mafz8ve5yaztgyc,Craig Pawson,Fulham FC,Leeds United FC,D. James,0,0,0,1,0,1,0,0,1,0,0,0,0,0,0
36,13 Sep 2025,,1ejplc4zz2mafz8ve5yaztgyc,Craig Pawson,Fulham FC,Leeds United FC,W. Gnonto,0,0,0,0,0,0,0,0,1,0,0,0,0,1,0
37,14 Sep 2025,,1exxqpardhibndjt24yvj2l1w,Anthony Taylor,Manchester City FC,Manchester United FC,T. Reijnders,0,0,0,0,0,1,0,1,35,0,0,3,1,1,0
37,14 Sep 2025,,1exxqpardhibndjt24yvj2l1w,Anthony Taylor,Manchester City FC,Manchester United FC,A. Khusanov,0,0,0,0,2,0,0,0,41,0,0,0,0,2,0
37,14 Sep 2025,,1exxqpardhibndjt24yvj2l1w,Anthony Taylor,Manchester City FC,Manchester United FC,P. Foden,0,0,0,1,0,0,1,0,54,0,0,2,1,1,0
37,14 Sep 2025,,1exxqpardhibndjt24yvj2l1w,Anthony Taylor,Manchester City FC,Manchester United FC,J. Doku,2,0,0,0,0,4,0,1,24,0,0,0,0,0,0
37,14 Sep 2025,,1exxqpardhibndjt24yvj2l1w,Anthony Taylor,Manchester City FC,Manchester United FC,E. Haaland,0,0,1,0,0,0,2,0,14,0,0,5,3,0,0
37,14 Sep 2025,,1exxqpardhibndjt24yvj2l1w,Anthony Taylor,Manchester City FC,Manchester United FC,Rodri,0,0,0,0,0,1,0,0,57,0,0,0,0,2,0
37,14 Sep 2025,,1exxqpardhibndjt24yvj2l1w,Anthony Taylor,Manchester City FC,Manchester United FC,N. O'Reilly,0,0,0,0,1,0,0,0,38,0,0,1,0,5,0
37,14 Sep 2025,,1exxqpardhibndjt24yvj2l1w,Anthony Taylor,Manchester City FC,Manchester United FC,Rúben Dias,0,0,0,0,2,0,0,0,49,0,0,0,0,0,0
37,14 Sep 2025,,1exxqpardhibndjt24yvj2l1w,Anthony Taylor,Manchester City FC,Manchester United FC,G. Donnarumma,0,0,0,0,0,0,0,0,30,0,2,0,0,0,0
37,14 Sep 2025,,1exxqpardhibndjt24yvj2l1w,Anthony Taylor,Manchester City FC,Manchester United FC,J. Gvardiol,0,0,0,0,1,0,0,0,56,0,0,0,0,0,0
37,14 Sep 2025,,1exxqpardhibndjt24yvj2l1w,Anthony Taylor,Manchester City FC,Manchester United FC,Bernardo Silva,1,0,0,1,2,1,0,0,20,0,0,1,0,2,0
37,14 Sep 2025,,1exxqpardhibndjt24yvj2l1w,Anthony Taylor,Manchester City FC,Manchester United FC,Nico González,0,0,0,0,0,0,0,0,6,0,0,0,0,0,0
37,14 Sep 2025,,1exxqpardhibndjt24yvj2l1w,Anthony Taylor,Manchester City FC,Manchester United FC,Savinho,0,0,1,0,0,0,0,0,2,0,0,1,1,0,0
37,14 Sep 2025,,1exxqpardhibndjt24yvj2l1w,Anthony Taylor,Manchester City FC,Manchester United FC,O. Bobb,0,0,0,0,0,0,0,0,4,0,0,0,0,0,0
37,14 Sep 2025,,1exxqpardhibndjt24yvj2l1w,Anthony Taylor,Manchester City FC,Manchester United FC,Nathan Benjamin Aké,0,0,0,0,0,0,0,0,0,0,0,0,0,0,0
37,14 Sep 2025,,1exxqpardhibndjt24yvj2l1w,Anthony Taylor,Manchester City FC,Manchester United FC,L. Yoro,0,0,0,0,2,0,0,0,27,0,0,0,0,0,0
37,14 Sep 2025,,1exxqpardhibndjt24yvj2l1w,Anthony Taylor,Manchester City FC,Manchester United FC,N. Mazraoui,0,0,0,2,2,1,0,0,30,0,0,0,0,3,0
37,14 Sep 2025,,1exxqpardhibndjt24yvj2l1w,Anthony Taylor,Manchester City FC,Manchester United FC,Bruno Fernandes,0,0,0,6,0,1,0,0,70,0,0,1,0,3,0
37,14 Sep 2025,,1exxqpardhibndjt24yvj2l1w,Anthony Taylor,Manchester City FC,Manchester United FC,A. Bayındır,0,0,0,0,0,0,0,0,31,0,3,0,0,0,0
37,14 Sep 2025,,1exxqpardhibndjt24yvj2l1w,Anthony Taylor,Manchester City FC,Manchester United FC,B. Šeško,0,0,0,0,1,0,0,0,13,0,0,1,1,0,0
37,14 Sep 2025,,1exxqpardhibndjt24yvj2l1w,Anthony Taylor,Manchester City FC,Manchester United FC,M. de Ligt,0,0,0,0,0,0,0,0,45,0,0,0,0,5,0
37,14 Sep 2025,,1exxqpardhibndjt24yvj2l1w,Anthony Taylor,Manchester City FC,Manchester United FC,P. Dorgu,0,0,2,7,1,4,0,1,30,0,0,2,0,4,0
37,14 Sep 2025,,1exxqpardhibndjt24yvj2l1w,Anthony Taylor,Manchester City FC,Manchester United FC,L. Shaw,0,0,0,1,0,0,0,0,58,0,0,0,0,1,0
37,14 Sep 2025,,1exxqpardhibndjt24yvj2l1w,Anthony Taylor,Manchester City FC,Manchester United FC,B. Mbeumo,0,0,2,5,0,0,0,1,43,0,0,4,1,0,0
37,14 Sep 2025,,1exxqpardhibndjt24yvj2l1w,Anthony Taylor,Manchester City FC,Manchester United FC,A. Diallo,0,1,0,1,0,0,0,0,38,0,0,1,0,2,0
37,14 Sep 2025,,1exxqpardhibndjt24yvj2l1w,Anthony Taylor,Manchester City FC,Manchester United FC,M. Ugarte,0,0,0,0,2,1,0,0,48,0,0,1,0,3,0
37,14 Sep 2025,,1exxqpardhibndjt24yvj2l1w,Anthony Taylor,Manchester City FC,Manchester United FC,K. Mainoo,0,0,0,1,0,0,0,1,18,0,0,0,0,2,0
37,14 Sep 2025,,1exxqpardhibndjt24yvj2l1w,Anthony Taylor,Manchester City FC,Manchester United FC,H. Maguire,0,0,0,0,0,0,0,0,27,0,0,0,0,0,0
37,14 Sep 2025,,1exxqpardhibndjt24yvj2l1w,Anthony Taylor,Manchester City FC,Manchester United FC,Casemiro,0,1,0,0,0,0,0,0,20,0,0,2,0,0,0
37,14 Sep 2025,,1exxqpardhibndjt24yvj2l1w,Anthony Taylor,Manchester City FC,Manchester United FC,J. Zirkzee,0,0,0,0,0,1,0,0,3,0,0,0,0,0,0
38,13 Sep 2025,,1fby3aaqw8svx24c078ktdb10,Chris Kavanagh,Newcastle United FC,Wolverhampton Wanderers FC,F. Schär,0,0,0,0,1,1,0,0,61,0,0,0,0,0,0
38,13 Sep 2025,,1fby3aaqw8svx24c078ktdb10,Chris Kavanagh,Newcastle United FC,Wolverhampton Wanderers FC,N. Pope,0,0,0,0,0,0,0,0,20,0,3,0,0,0,0
38,13 Sep 2025,,1fby3aaqw8svx24c078ktdb10,Chris Kavanagh,Newcastle United FC,Wolverhampton Wanderers FC,J. Murphy,1,1,4,9,0,0,0,0,26,0,0,4,1,0,0
38,13 Sep 2025,,1fby3aaqw8svx24c078ktdb10,Chris Kavanagh,Newcastle United FC,Wolverhampton Wanderers FC,T. Livramento,0,0,1,0,1,1,0,0,47,0,0,0,0,2,0
38,13 Sep 2025,,1fby3aaqw8svx24c078ktdb10,Chris Kavanagh,Newcastle United FC,Wolverhampton Wanderers FC,Joelinton,0,0,0,0,1,0,0,0,31,0,0,0,0,0,0
38,13 Sep 2025,,1fby3aaqw8svx24c078ktdb10,Chris Kavanagh,Newcastle United FC,Wolverhampton Wanderers FC,H. Barnes,0,1,2,5,0,1,0,1,20,0,0,3,0,1,0
38,13 Sep 2025,,1fby3aaqw8svx24c078ktdb10,Chris Kavanagh,Newcastle United FC,Wolverhampton Wanderers FC,Bruno Guimarães,0,1,1,0,2,5,0,0,50,0,0,1,0,0,1
38,13 Sep 2025,,1fby3aaqw8svx24c078ktdb10,Chris Kavanagh,Newcastle United FC,Wolverhampton Wanderers FC,S. Tonali,0,0,1,1,0,4,0,0,51,0,0,3,2,1,0
38,13 Sep 2025,,1fby3aaqw8svx24c078ktdb10,Chris Kavanagh,Newcastle United FC,Wolverhampton Wanderers FC,N. Woltemade,0,1,0,0,1,2,1,0,9,0,0,3,1,3,0
38,13 Sep 2025,,1fby3aaqw8svx24c078ktdb10,Chris Kavanagh,Newcastle United FC,Wolverhampton Wanderers FC,D. Burn,0,1,0,0,1,0,0,0,50,0,0,1,0,2,0
38,13 Sep 2025,,1fby3aaqw8svx24c078ktdb10,Chris Kavanagh,Newcastle United FC,Wolverhampton Wanderers FC,K. Trippier,0,0,1,10,0,2,0,0,70,0,0,0,0,1,0
38,13 Sep 2025,,1fby3aaqw8svx24c078ktdb10,Chris Kavanagh,Newcastle United FC,Wolverhampton Wanderers FC,W. Osula,0,0,0,0,1,0,0,0,2,0,0,0,0,0,0
38,13 Sep 2025,,1fby3aaqw8svx24c078ktdb10,Chris Kavanagh,Newcastle United FC,Wolverhampton Wanderers FC,J. Willock,0,0,0,0,2,0,0,0,5,0,0,1,0,0,0
38,13 Sep 2025,,1fby3aaqw8svx24c078ktdb10,Chris Kavanagh,Newcastle United FC,Wolverhampton Wanderers FC,A. Elanga,0,0,0,0,0,1,0,0,7,0,0,0,0,0,0
38,13 Sep 2025,,1fby3aaqw8svx24c078ktdb10,Chris Kavanagh,Newcastle United FC,Wolverhampton Wanderers FC,Sven Adriaan Botman,0,0,0,0,0,0,0,0,0,0,0,0,0,0,0
38,13 Sep 2025,,1fby3aaqw8svx24c078ktdb10,Chris Kavanagh,Newcastle United FC,Wolverhampton Wanderers FC,Hwang Hee-Chan,0,0,2,3,0,0,0,0,15,0,0,2,1,0,0
38,13 Sep 2025,,1fby3aaqw8svx24c078ktdb10,Chris Kavanagh,Newcastle United FC,Wolverhampton Wanderers FC,E. Agbadou,0,0,0,1,3,0,0,0,42,0,0,0,0,2,0
38,13 Sep 2025,,1fby3aaqw8svx24c078ktdb10,Chris Kavanagh,Newcastle United FC,Wolverhampton Wanderers FC,T. Arokodare,0,0,0,0,2,2,0,0,7,0,0,0,0,0,0
38,13 Sep 2025,,1fby3aaqw8svx24c078ktdb10,Chris Kavanagh,Newcastle United FC,Wolverhampton Wanderers FC,Rodrigo Gomes,0,0,1,0,0,0,0,0,14,0,0,3,1,2,0
38,13 Sep 2025,,1fby3aaqw8svx24c078ktdb10,Chris Kavanagh,Newcastle United FC,Wolverhampton Wanderers FC,Hugo Bueno,0,0,0,7,1,0,0,0,25,0,0,0,0,6,0
38,13 Sep 2025,,1fby3aaqw8svx24c078ktdb10,Chris Kavanagh,Newcastle United FC,Wolverhampton Wanderers FC,Toti Gomes,0,0,0,0,0,1,0,0,58,0,0,1,1,0,0
38,13 Sep 2025,,1fby3aaqw8svx24c078ktdb10,Chris Kavanagh,Newcastle United FC,Wolverhampton Wanderers FC,André,0,0,0,0,1,1,0,0,18,0,0,0,0,1,1
38,13 Sep 2025,,1fby3aaqw8svx24c078ktdb10,Chris Kavanagh,Newcastle United FC,Wolverhampton Wanderers FC,Y. Mosquera,0,0,0,0,0,1,0,0,17,0,0,0,0,1,0
38,13 Sep 2025,,1fby3aaqw8svx24c078ktdb10,Chris Kavanagh,Newcastle United FC,Wolverhampton Wanderers FC,S. Johnstone,0,0,0,0,0,0,0,0,37,0,3,0,0,0,0
38,13 Sep 2025,,1fby3aaqw8svx24c078ktdb10,Chris Kavanagh,Newcastle United FC,Wolverhampton Wanderers FC,João Gomes,0,0,0,1,5,1,0,0,37,0,0,0,0,3,1
38,13 Sep 2025,,1fby3aaqw8svx24c078ktdb10,Chris Kavanagh,Newcastle United FC,Wolverhampton Wanderers FC,L. Krejčí,0,0,0,1,2,2,0,0,32,0,0,0,0,1,1
38,13 Sep 2025,,1fby3aaqw8svx24c078ktdb10,Chris Kavanagh,Newcastle United FC,Wolverhampton Wanderers FC,J. Bellegarde,0,1,1,1,0,1,0,0,13,0,0,1,0,0,0
38,13 Sep 2025,,1fby3aaqw8svx24c078ktdb10,Chris Kavanagh,Newcastle United FC,Wolverhampton Wanderers FC,J. Arias,0,1,0,1,2,0,0,0,5,0,0,1,0,0,0
38,13 Sep 2025,,1fby3aaqw8svx24c078ktdb10,Chris Kavanagh,Newcastle United FC,Wolverhampton Wanderers FC,M. Munetsi,0,0,0,0,1,0,0,0,7,0,0,0,0,0,1
38,13 Sep 2025,,1fby3aaqw8svx24c078ktdb10,Chris Kavanagh,Newcastle United FC,Wolverhampton Wanderers FC,Fer López,0,0,0,0,0,0,0,0,8,0,0,0,0,0,0
38,13 Sep 2025,,1fby3aaqw8svx24c078ktdb10,Chris Kavanagh,Newcastle United FC,Wolverhampton Wanderers FC,J. Tchatchoua,0,0,0,0,0,0,0,0,8,0,0,0,0,0,0
39,13 Sep 2025,,1fqalgzy8x2hswuyc4w36cr2s,Jarred Gillett,West Ham United FC,Tottenham Hotspur FC,T. Souček,0,0,0,0,2,0,0,0,24,1,0,1,1,1,0
39,13 Sep 2025,,1fqalgzy8x2hswuyc4w36cr2s,Jarred Gillett,West Ham United FC,Tottenham Hotspur FC,J. Bowen,0,0,1,1,1,3,0,0,18,0,0,3,2,1,0
39,13 Sep 2025,,1fqalgzy8x2hswuyc4w36cr2s,Jarred Gillett,West Ham United FC,Tottenham Hotspur FC,J. Ward-Prowse,0,0,0,3,0,0,0,0,31,0,0,0,0,0,0
39,13 Sep 2025,,1fqalgzy8x2hswuyc4w36cr2s,Jarred Gillett,West Ham United FC,Tottenham Hotspur FC,E. Diouf,0,0,1,3,1,0,0,0,21,0,0,1,1,3,0
39,13 Sep 2025,,1fqalgzy8x2hswuyc4w36cr2s,Jarred Gillett,West Ham United FC,Tottenham Hotspur FC,M. Hermansen,0,0,0,0,0,0,0,0,33,0,2,0,0,0,0
39,13 Sep 2025,,1fqalgzy8x2hswuyc4w36cr2s,Jarred Gillett,West Ham United FC,Tottenham Hotspur FC,Lucas Paquetá,0,0,0,0,1,0,0,0,24,0,0,1,0,0,0
39,13 Sep 2025,,1fqalgzy8x2hswuyc4w36cr2s,Jarred Gillett,West Ham United FC,Tottenham Hotspur FC,M. Kilman,0,0,0,0,1,0,0,0,36,0,0,1,0,0,0
39,13 Sep 2025,,1fqalgzy8x2hswuyc4w36cr2s,Jarred Gillett,West Ham United FC,Tottenham Hotspur FC,C. Summerville,0,0,0,0,0,2,0,0,12,0,0,0,0,2,0
39,13 Sep 2025,,1fqalgzy8x2hswuyc4w36cr2s,Jarred Gillett,West Ham United FC,Tottenham Hotspur FC,K. Mavropanos,0,0,0,0,0,0,0,0,39,0,0,0,0,0,0
39,13 Sep 2025,,1fqalgzy8x2hswuyc4w36cr2s,Jarred Gillett,West Ham United FC,Tottenham Hotspur FC,K. Walker-Peters,0,0,0,1,0,1,0,0,29,0,0,0,0,2,0
39,13 Sep 2025,,1fqalgzy8x2hswuyc4w36cr2s,Jarred Gillett,West Ham United FC,Tottenham Hotspur FC,Mateus Fernandes,0,0,0,1,2,0,0,0,21,0,0,0,0,2,0
39,13 Sep 2025,,1fqalgzy8x2hswuyc4w36cr2s,Jarred Gillett,West Ham United FC,Tottenham Hotspur FC,S. Magassa,0,0,0,0,0,0,0,0,13,0,0,0,0,2,0
39,13 Sep 2025,,1fqalgzy8x2hswuyc4w36cr2s,Jarred Gillett,West Ham United FC,Tottenham Hotspur FC,Luis Guilherme,0,0,0,0,0,0,0,0,4,0,0,0,0,0,0
39,13 Sep 2025,,1fqalgzy8x2hswuyc4w36cr2s,Jarred Gillett,West Ham United FC,Tottenham Hotspur FC,C. Wilson,0,0,0,0,0,0,0,0,5,0,0,0,0,0,0
39,13 Sep 2025,,1fqalgzy8x2hswuyc4w36cr2s,Jarred Gillett,West Ham United FC,Tottenham Hotspur FC,A. Irving,0,0,0,0,0,0,0,0,0,0,0,0,0,0,0
39,13 Sep 2025,,1fqalgzy8x2hswuyc4w36cr2s,Jarred Gillett,West Ham United FC,Tottenham Hotspur FC,P. Sarr,0,1,1,0,1,0,1,0,53,0,0,2,1,0,0
39,13 Sep 2025,,1fqalgzy8x2hswuyc4w36cr2s,Jarred Gillett,West Ham United FC,Tottenham Hotspur FC,G. Vicario,0,0,0,0,0,1,0,0,37,0,4,0,0,0,0
39,13 Sep 2025,,1fqalgzy8x2hswuyc4w36cr2s,Jarred Gillett,West Ham United FC,Tottenham Hotspur FC,M. Tel,0,1,0,0,0,1,0,1,12,0,0,1,0,0,0
39,13 Sep 2025,,1fqalgzy8x2hswuyc4w36cr2s,Jarred Gillett,West Ham United FC,Tottenham Hotspur FC,João Palhinha,0,1,1,0,0,2,0,0,64,0,0,3,0,6,0
39,13 Sep 2025,,1fqalgzy8x2hswuyc4w36cr2s,Jarred Gillett,West Ham United FC,Tottenham Hotspur FC,L. Bergvall,1,0,0,1,1,0,1,0,25,0,0,1,1,2,0
39,13 Sep 2025,,1fqalgzy8x2hswuyc4w36cr2s,Jarred Gillett,West Ham United FC,Tottenham Hotspur FC,M. van de Ven,0,0,0,1,1,0,1,0,57,0,0,1,1,1,0
39,13 Sep 2025,,1fqalgzy8x2hswuyc4w36cr2s,Jarred Gillett,West Ham United FC,Tottenham Hotspur FC,M. Kudus,0,2,5,10,0,0,0,2,24,0,0,4,1,0,0
39,13 Sep 2025,,1fqalgzy8x2hswuyc4w36cr2s,Jarred Gillett,West Ham United FC,Tottenham Hotspur FC,C. Romero,1,0,0,0,0,0,0,0,81,0,0,1,1,1,0
39,13 Sep 2025,,1fqalgzy8x2hswuyc4w36cr2s,Jarred Gillett,West Ham United FC,Tottenham Hotspur FC,Pedro Porro,0,0,2,6,1,0,0,0,50,0,0,0,0,3,0
39,13 Sep 2025,,1fqalgzy8x2hswuyc4w36cr2s,Jarred Gillett,West Ham United FC,Tottenham Hotspur FC,D. Spence,0,0,3,4,2,1,0,0,42,0,0,0,0,0,1
39,13 Sep 2025,,1fqalgzy8x2hswuyc4w36cr2s,Jarred Gillett,West Ham United FC,Tottenham Hotspur FC,X. Simons,1,0,1,7,0,1,0,0,32,0,0,1,0,1,0
39,13 Sep 2025,,1fqalgzy8x2hswuyc4w36cr2s,Jarred Gillett,West Ham United FC,Tottenham Hotspur FC,D. Udogie,0,0,0,1,1,1,0,0,18,0,0,0,0,1,0
39,13 Sep 2025,,1fqalgzy8x2hswuyc4w36cr2s,Jarred Gillett,West Ham United FC,Tottenham Hotspur FC,Richarlison,0,0,0,0,0,0,0,0,1,0,0,0,0,0,0
39,13 Sep 2025,,1fqalgzy8x2hswuyc4w36cr2s,Jarred Gillett,West Ham United FC,Tottenham Hotspur FC,K. Danso,0,0,0,0,0,0,0,0,20,0,0,0,0,0,0
39,13 Sep 2025,,1fqalgzy8x2hswuyc4w36cr2s,Jarred Gillett,West Ham United FC,Tottenham Hotspur FC,B. Johnson,0,0,0,1,0,1,0,1,5,0,0,0,0,0,0
39,13 Sep 2025,,1fqalgzy8x2hswuyc4w36cr2s,Jarred Gillett,West Ham United FC,Tottenham Hotspur FC,W. Odobert,0,0,0,0,0,0,0,0,13,0,0,0,0,1,0
40,21 Sep 2025,,1g4hj5evcd2ub6zp9akh1er6c,Robert Jones,AFC Bournemouth,Newcastle United FC,Evanilson,0,1,0,1,0,0,0,1,12,0,0,1,0,1,0
40,21 Sep 2025,,1g4hj5evcd2ub6zp9akh1er6c,Robert Jones,AFC Bournemouth,Newcastle United FC,A. Scott,0,0,0,0,1,0,0,0,46,0,0,1,0,2,0
40,21 Sep 2025,,1g4hj5evcd2ub6zp9akh1er6c,Robert Jones,AFC Bournemouth,Newcastle United FC,T. Adams,0,0,0,0,1,2,0,0,63,0,0,1,1,3,0
40,21 Sep 2025,,1g4hj5evcd2ub6zp9akh1er6c,Robert Jones,AFC Bournemouth,Newcastle United FC,M. Senesi,0,0,0,1,0,0,0,0,91,0,0,0,0,0,0
40,21 Sep 2025,,1g4hj5evcd2ub6zp9akh1er6c,Robert Jones,AFC Bournemouth,Newcastle United FC,D. Brooks,0,0,1,7,0,1,0,1,34,0,0,0,0,0,0
40,21 Sep 2025,,1g4hj5evcd2ub6zp9akh1er6c,Robert Jones,AFC Bournemouth,Newcastle United FC,M. Tavernier,0,2,1,0,0,0,0,0,23,0,0,2,0,1,0
40,21 Sep 2025,,1g4hj5evcd2ub6zp9akh1er6c,Robert Jones,AFC Bournemouth,Newcastle United FC,A. Truffert,0,0,0,1,0,1,0,0,56,0,0,0,0,0,0
40,21 Sep 2025,,1g4hj5evcd2ub6zp9akh1er6c,Robert Jones,AFC Bournemouth,Newcastle United FC,A. Semenyo,0,0,0,1,1,1,0,1,21,0,0,1,0,3,0
40,21 Sep 2025,,1g4hj5evcd2ub6zp9akh1er6c,Robert Jones,AFC Bournemouth,Newcastle United FC,Álex Jiménez,0,2,0,2,3,1,0,0,23,0,0,2,0,2,1
40,21 Sep 2025,,1g4hj5evcd2ub6zp9akh1er6c,Robert Jones,AFC Bournemouth,Newcastle United FC,B. Diakité,0,0,0,0,0,0,0,0,66,0,0,0,0,2,1
40,21 Sep 2025,,1g4hj5evcd2ub6zp9akh1er6c,Robert Jones,AFC Bournemouth,Newcastle United FC,Đ. Petrović,0,0,0,0,0,0,0,0,19,0,1,0,0,0,0
40,21 Sep 2025,,1g4hj5evcd2ub6zp9akh1er6c,Robert Jones,AFC Bournemouth,Newcastle United FC,J. Hill,0,0,1,1,0,0,0,0,15,0,0,1,0,0,0
40,21 Sep 2025,,1g4hj5evcd2ub6zp9akh1er6c,Robert Jones,AFC Bournemouth,Newcastle United FC,R. Christie,0,1,0,2,1,2,0,0,18,0,0,1,0,0,0
40,21 Sep 2025,,1g4hj5evcd2ub6zp9akh1er6c,Robert Jones,AFC Bournemouth,Newcastle United FC,J. Kluivert,0,0,1,2,0,0,0,0,7,0,0,1,1,0,0
40,21 Sep 2025,,1g4hj5evcd2ub6zp9akh1er6c,Robert Jones,AFC Bournemouth,Newcastle United FC,A. Adli,0,0,1,3,0,0,0,0,4,0,0,0,0,1,0
40,21 Sep 2025,,1g4hj5evcd2ub6zp9akh1er6c,Robert Jones,AFC Bournemouth,Newcastle United FC,N. Pope,0,0,0,0,0,0,0,0,30,0,2,0,0,0,0
40,21 Sep 2025,,1g4hj5evcd2ub6zp9akh1er6c,Robert Jones,AFC Bournemouth,Newcastle United FC,S. Tonali,0,1,0,2,0,0,0,0,56,0,0,2,0,3,0
40,21 Sep 2025,,1g4hj5evcd2ub6zp9akh1er6c,Robert Jones,AFC Bournemouth,Newcastle United FC,S. Botman,0,0,0,0,1,0,0,0,53,0,0,0,0,0,0
40,21 Sep 2025,,1g4hj5evcd2ub6zp9akh1er6c,Robert Jones,AFC Bournemouth,Newcastle United FC,L. Miley,0,0,0,0,0,0,0,1,50,0,0,0,0,2,0
40,21 Sep 2025,,1g4hj5evcd2ub6zp9akh1er6c,Robert Jones,AFC Bournemouth,Newcastle United FC,T. Livramento,0,0,0,5,1,0,0,0,34,0,0,0,0,2,0
40,21 Sep 2025,,1g4hj5evcd2ub6zp9akh1er6c,Robert Jones,AFC Bournemouth,Newcastle United FC,J. Murphy,0,0,1,1,0,0,0,0,19,0,0,2,1,0,0
40,21 Sep 2025,,1g4hj5evcd2ub6zp9akh1er6c,Robert Jones,AFC Bournemouth,Newcastle United FC,J. Willock,0,0,0,0,0,1,0,0,15,0,0,0,0,4,0
40,21 Sep 2025,,1g4hj5evcd2ub6zp9akh1er6c,Robert Jones,AFC Bournemouth,Newcastle United FC,D. Burn,0,0,0,1,2,0,0,0,33,0,0,0,0,2,0
40,21 Sep 2025,,1g4hj5evcd2ub6zp9akh1er6c,Robert Jones,AFC Bournemouth,Newcastle United FC,L. Hall,0,0,0,3,0,4,0,0,35,0,0,0,0,4,0
40,21 Sep 2025,,1g4hj5evcd2ub6zp9akh1er6c,Robert Jones,AFC Bournemouth,Newcastle United FC,N. Woltemade,0,0,0,1,1,1,0,1,18,0,0,0,0,0,0
40,21 Sep 2025,,1g4hj5evcd2ub6zp9akh1er6c,Robert Jones,AFC Bournemouth,Newcastle United FC,M. Thiaw,0,0,0,0,3,0,0,0,32,0,0,0,0,2,1
40,21 Sep 2025,,1g4hj5evcd2ub6zp9akh1er6c,Robert Jones,AFC Bournemouth,Newcastle United FC,A. Elanga,0,0,0,2,0,1,0,0,6,0,0,0,0,0,0
40,21 Sep 2025,,1g4hj5evcd2ub6zp9akh1er6c,Robert Jones,AFC Bournemouth,Newcastle United FC,H. Barnes,0,0,1,1,2,0,0,0,7,0,0,0,0,0,0
40,21 Sep 2025,,1g4hj5evcd2ub6zp9akh1er6c,Robert Jones,AFC Bournemouth,Newcastle United FC,J. Lascelles,0,0,0,0,0,0,0,0,2,0,0,0,0,0,0
40,21 Sep 2025,,1g4hj5evcd2ub6zp9akh1er6c,Robert Jones,AFC Bournemouth,Newcastle United FC,W. Osula,0,0,0,0,0,0,0,0,0,0,0,0,0,0,0
41,21 Sep 2025,,1gil6wudqtyaauvngcgucwbh0,Stuart Attwell,Arsenal FC,Manchester City FC,Gabriel Magalhães,0,0,1,0,1,1,0,0,63,0,0,0,0,1,0
41,21 Sep 2025,,1gil6wudqtyaauvngcgucwbh0,Stuart Attwell,Arsenal FC,Manchester City FC,R. Calafiori,0,0,1,3,3,1,0,0,48,0,0,3,0,3,0
41,21 Sep 2025,,1gil6wudqtyaauvngcgucwbh0,Stuart Attwell,Arsenal FC,Manchester City FC,J. Timber,0,0,3,4,1,1,0,0,47,0,0,0,0,7,1
41,21 Sep 2025,,1gil6wudqtyaauvngcgucwbh0,Stuart Attwell,Arsenal FC,Manchester City FC,Martín Zubimendi,0,0,0,3,1,0,0,0,60,0,0,1,0,0,0
41,21 Sep 2025,,1gil6wudqtyaauvngcgucwbh0,Stuart Attwell,Arsenal FC,Manchester City FC,W. Saliba,0,0,0,0,1,1,0,0,100,0,0,1,0,4,0
41,21 Sep 2025,,1gil6wudqtyaauvngcgucwbh0,Stuart Attwell,Arsenal FC,Manchester City FC,N. Madueke,0,0,2,5,0,0,0,0,16,0,0,2,1,0,0
41,21 Sep 2025,,1gil6wudqtyaauvngcgucwbh0,Stuart Attwell,Arsenal FC,Manchester City FC,Mikel Merino,0,0,0,0,0,1,0,0,20,0,0,0,0,1,0
41,21 Sep 2025,,1gil6wudqtyaauvngcgucwbh0,Stuart Attwell,Arsenal FC,Manchester City FC,D. Rice,0,0,0,9,1,0,0,0,90,0,0,0,0,2,0
41,21 Sep 2025,,1gil6wudqtyaauvngcgucwbh0,Stuart Attwell,Arsenal FC,Manchester City FC,David Raya,0,0,0,0,0,1,0,0,34,0,2,0,0,0,0
41,21 Sep 2025,,1gil6wudqtyaauvngcgucwbh0,Stuart Attwell,Arsenal FC,Manchester City FC,V. Gyökeres,0,0,1,0,0,0,0,1,11,0,0,0,0,0,0
41,21 Sep 2025,,1gil6wudqtyaauvngcgucwbh0,Stuart Attwell,Arsenal FC,Manchester City FC,L. Trossard,0,2,2,3,0,0,0,1,37,0,0,2,0,1,0
41,21 Sep 2025,,1gil6wudqtyaauvngcgucwbh0,Stuart Attwell,Arsenal FC,Manchester City FC,E. Eze,1,0,0,0,0,1,0,0,23,0,0,1,1,1,0
41,21 Sep 2025,,1gil6wudqtyaauvngcgucwbh0,Stuart Attwell,Arsenal FC,Manchester City FC,B. Saka,0,1,0,4,3,3,0,2,25,0,0,1,0,0,0
41,21 Sep 2025,,1gil6wudqtyaauvngcgucwbh0,Stuart Attwell,Arsenal FC,Manchester City FC,Gabriel Martinelli,0,0,0,0,0,0,1,0,1,0,0,1,1,0,0
41,21 Sep 2025,,1gil6wudqtyaauvngcgucwbh0,Stuart Attwell,Arsenal FC,Manchester City FC,E. Nwaneri,0,0,1,1,0,0,0,0,6,0,0,0,0,0,0
41,21 Sep 2025,,1gil6wudqtyaauvngcgucwbh0,Stuart Attwell,Arsenal FC,Manchester City FC,Cristhian Mosquera,0,0,0,0,0,0,0,0,1,0,0,0,0,0,0
41,21 Sep 2025,,1gil6wudqtyaauvngcgucwbh0,Stuart Attwell,Arsenal FC,Manchester City FC,T. Reijnders,1,0,0,2,1,0,0,0,25,0,0,1,1,0,0
41,21 Sep 2025,,1gil6wudqtyaauvngcgucwbh0,Stuart Attwell,Arsenal FC,Manchester City FC,G. Donnarumma,0,0,0,0,0,0,0,0,27,0,2,0,0,0,1
41,21 Sep 2025,,1gil6wudqtyaauvngcgucwbh0,Stuart Attwell,Arsenal FC,Manchester City FC,Rúben Dias,0,0,0,0,0,0,0,0,27,0,0,0,0,0,0
41,21 Sep 2025,,1gil6wudqtyaauvngcgucwbh0,Stuart Attwell,Arsenal FC,Manchester City FC,E. Haaland,0,0,1,0,3,1,1,0,14,0,0,2,2,0,0
41,21 Sep 2025,,1gil6wudqtyaauvngcgucwbh0,Stuart Attwell,Arsenal FC,Manchester City FC,Bernardo Silva,0,0,0,1,1,3,0,0,31,0,0,0,0,0,1
41,21 Sep 2025,,1gil6wudqtyaauvngcgucwbh0,Stuart Attwell,Arsenal FC,Manchester City FC,J. Doku,0,0,1,0,0,3,0,1,19,0,0,1,0,4,0
41,21 Sep 2025,,1gil6wudqtyaauvngcgucwbh0,Stuart Attwell,Arsenal FC,Manchester City FC,J. Gvardiol,0,0,0,0,0,0,0,0,33,0,0,0,0,2,0
41,21 Sep 2025,,1gil6wudqtyaauvngcgucwbh0,Stuart Attwell,Arsenal FC,Manchester City FC,N. O'Reilly,0,0,0,0,2,0,0,0,14,0,0,0,0,2,0
41,21 Sep 2025,,1gil6wudqtyaauvngcgucwbh0,Stuart Attwell,Arsenal FC,Manchester City FC,A. Khusanov,0,0,0,0,0,0,0,0,17,0,0,0,0,0,0
41,21 Sep 2025,,1gil6wudqtyaauvngcgucwbh0,Stuart Attwell,Arsenal FC,Manchester City FC,P. Foden,0,0,0,1,1,0,0,0,19,0,0,0,0,2,0
41,21 Sep 2025,,1gil6wudqtyaauvngcgucwbh0,Stuart Attwell,Arsenal FC,Manchester City FC,Rodri,0,0,0,0,0,1,0,0,42,0,0,1,0,2,0
41,21 Sep 2025,,1gil6wudqtyaauvngcgucwbh0,Stuart Attwell,Arsenal FC,Manchester City FC,Matheus Nunes,0,0,0,0,0,1,0,0,11,0,0,0,0,1,0
41,21 Sep 2025,,1gil6wudqtyaauvngcgucwbh0,Stuart Attwell,Arsenal FC,Manchester City FC,N. Aké,0,0,0,0,0,1,0,0,6,0,0,0,0,0,0
41,21 Sep 2025,,1gil6wudqtyaauvngcgucwbh0,Stuart Attwell,Arsenal FC,Manchester City FC,Nico González,0,0,0,0,1,0,0,0,7,0,0,0,0,0,0
41,21 Sep 2025,,1gil6wudqtyaauvngcgucwbh0,Stuart Attwell,Arsenal FC,Manchester City FC,Savinho,0,0,0,0,1,1,0,1,6,0,0,0,0,0,0
41,21 Sep 2025,,1gil6wudqtyaauvngcgucwbh0,Stuart Attwell,Arsenal FC,Manchester City FC,J. Stones,0,0,0,0,0,0,0,0,2,0,0,0,0,0,0
42,20 Sep 2025,,1gwmyqujn1kzgkz7yv1yp0n4k,Chris Kavanagh,Brighton & Hove Albion FC,Tottenham Hotspur FC,L. Dunk,0,0,0,0,0,0,0,0,43,0,0,1,0,2,0
42,20 Sep 2025,,1gwmyqujn1kzgkz7yv1yp0n4k,Chris Kavanagh,Brighton & Hove Albion FC,Tottenham Hotspur FC,B. Verbruggen,0,0,0,0,0,0,0,0,35,0,2,0,0,0,0
42,20 Sep 2025,,1gwmyqujn1kzgkz7yv1yp0n4k,Chris Kavanagh,Brighton & Hove Albion FC,Tottenham Hotspur FC,K. Mitoma,0,0,1,2,1,1,0,0,23,0,0,1,1,0,0
42,20 Sep 2025,,1gwmyqujn1kzgkz7yv1yp0n4k,Chris Kavanagh,Brighton & Hove Albion FC,Tottenham Hotspur FC,Y. Ayari,0,0,1,1,3,1,1,0,33,0,0,5,2,1,0
42,20 Sep 2025,,1gwmyqujn1kzgkz7yv1yp0n4k,Chris Kavanagh,Brighton & Hove Albion FC,Tottenham Hotspur FC,J. van Hecke,0,0,0,0,0,2,0,0,30,0,0,0,0,1,0
42,20 Sep 2025,,1gwmyqujn1kzgkz7yv1yp0n4k,Chris Kavanagh,Brighton & Hove Albion FC,Tottenham Hotspur FC,J. Veltman,0,0,0,2,0,1,0,0,23,0,0,0,0,7,0
42,20 Sep 2025,,1gwmyqujn1kzgkz7yv1yp0n4k,Chris Kavanagh,Brighton & Hove Albion FC,Tottenham Hotspur FC,F. Kadıoğlu,0,0,0,1,0,3,0,0,17,0,0,1,0,4,0
42,20 Sep 2025,,1gwmyqujn1kzgkz7yv1yp0n4k,Chris Kavanagh,Brighton & Hove Albion FC,Tottenham Hotspur FC,G. Rutter,1,0,0,0,2,0,0,0,16,0,0,0,0,1,0
42,20 Sep 2025,,1gwmyqujn1kzgkz7yv1yp0n4k,Chris Kavanagh,Brighton & Hove Albion FC,Tottenham Hotspur FC,C. Baleba,0,0,0,0,1,0,0,0,17,0,0,0,0,2,0
42,20 Sep 2025,,1gwmyqujn1kzgkz7yv1yp0n4k,Chris Kavanagh,Brighton & Hove Albion FC,Tottenham Hotspur FC,B. Gruda,0,0,0,0,0,2,0,0,10,0,0,1,0,1,0
42,20 Sep 2025,,1gwmyqujn1kzgkz7yv1yp0n4k,Chris Kavanagh,Brighton & Hove Albion FC,Tottenham Hotspur FC,Y. Minteh,0,0,0,0,1,1,1,0,15,0,0,1,1,2,0
42,20 Sep 2025,,1gwmyqujn1kzgkz7yv1yp0n4k,Chris Kavanagh,Brighton & Hove Albion FC,Tottenham Hotspur FC,D. Gómez,0,0,0,1,1,1,0,0,13,0,0,1,0,3,1
42,20 Sep 2025,,1gwmyqujn1kzgkz7yv1yp0n4k,Chris Kavanagh,Brighton & Hove Albion FC,Tottenham Hotspur FC,J. Milner,0,0,0,1,1,1,0,0,17,0,0,0,0,0,0
42,20 Sep 2025,,1gwmyqujn1kzgkz7yv1yp0n4k,Chris Kavanagh,Brighton & Hove Albion FC,Tottenham Hotspur FC,D. Coppola,0,0,0,0,0,0,0,0,3,0,0,0,0,0,0
42,20 Sep 2025,,1gwmyqujn1kzgkz7yv1yp0n4k,Chris Kavanagh,Brighton & Hove Albion FC,Tottenham Hotspur FC,D. Welbeck,0,1,0,0,0,0,0,0,7,0,0,1,0,0,0
42,20 Sep 2025,,1gwmyqujn1kzgkz7yv1yp0n4k,Chris Kavanagh,Brighton & Hove Albion FC,Tottenham Hotspur FC,M. Wieffer,0,0,0,0,0,0,0,0,5,0,0,0,0,1,0
42,20 Sep 2025,,1gwmyqujn1kzgkz7yv1yp0n4k,Chris Kavanagh,Brighton & Hove Albion FC,Tottenham Hotspur FC,L. Bergvall,0,0,1,4,1,2,0,0,29,0,0,0,0,3,0
42,20 Sep 2025,,1gwmyqujn1kzgkz7yv1yp0n4k,Chris Kavanagh,Brighton & Hove Albion FC,Tottenham Hotspur FC,G. Vicario,0,0,0,0,0,0,0,0,39,0,2,0,0,0,0
42,20 Sep 2025,,1gwmyqujn1kzgkz7yv1yp0n4k,Chris Kavanagh,Brighton & Hove Albion FC,Tottenham Hotspur FC,Pedro Porro,0,0,2,15,1,2,0,0,47,0,0,0,0,2,0
42,20 Sep 2025,,1gwmyqujn1kzgkz7yv1yp0n4k,Chris Kavanagh,Brighton & Hove Albion FC,Tottenham Hotspur FC,M. Kudus,1,1,2,10,4,0,0,0,26,0,0,2,0,2,1
42,20 Sep 2025,,1gwmyqujn1kzgkz7yv1yp0n4k,Chris Kavanagh,Brighton & Hove Albion FC,Tottenham Hotspur FC,C. Romero,0,0,1,0,2,1,0,0,64,0,0,0,0,6,1
42,20 Sep 2025,,1gwmyqujn1kzgkz7yv1yp0n4k,Chris Kavanagh,Brighton & Hove Albion FC,Tottenham Hotspur FC,M. van de Ven,0,0,0,0,1,0,0,0,69,0,0,0,0,2,0
42,20 Sep 2025,,1gwmyqujn1kzgkz7yv1yp0n4k,Chris Kavanagh,Brighton & Hove Albion FC,Tottenham Hotspur FC,D. Udogie,0,0,1,0,0,1,0,0,66,0,0,0,0,1,0
42,20 Sep 2025,,1gwmyqujn1kzgkz7yv1yp0n4k,Chris Kavanagh,Brighton & Hove Albion FC,Tottenham Hotspur FC,R. Bentancur,0,0,0,0,1,1,0,0,44,0,0,0,0,1,0
42,20 Sep 2025,,1gwmyqujn1kzgkz7yv1yp0n4k,Chris Kavanagh,Brighton & Hove Albion FC,Tottenham Hotspur FC,João Palhinha,0,0,0,0,0,1,0,0,46,0,0,0,0,7,0
42,20 Sep 2025,,1gwmyqujn1kzgkz7yv1yp0n4k,Chris Kavanagh,Brighton & Hove Albion FC,Tottenham Hotspur FC,W. Odobert,0,0,0,1,1,0,0,0,40,0,0,1,0,0,0
42,20 Sep 2025,,1gwmyqujn1kzgkz7yv1yp0n4k,Chris Kavanagh,Brighton & Hove Albion FC,Tottenham Hotspur FC,Richarlison,0,1,2,1,2,1,1,0,26,0,0,5,2,1,0
42,20 Sep 2025,,1gwmyqujn1kzgkz7yv1yp0n4k,Chris Kavanagh,Brighton & Hove Albion FC,Tottenham Hotspur FC,X. Simons,0,0,1,1,0,1,0,0,17,0,0,3,1,0,0
42,20 Sep 2025,,1gwmyqujn1kzgkz7yv1yp0n4k,Chris Kavanagh,Brighton & Hove Albion FC,Tottenham Hotspur FC,B. Johnson,0,0,0,0,0,0,0,1,6,0,0,0,0,0,0
42,20 Sep 2025,,1gwmyqujn1kzgkz7yv1yp0n4k,Chris Kavanagh,Brighton & Hove Albion FC,Tottenham Hotspur FC,D. Spence,0,0,0,0,0,0,0,0,2,0,0,0,0,1,0
42,20 Sep 2025,,1gwmyqujn1kzgkz7yv1yp0n4k,Chris Kavanagh,Brighton & Hove Albion FC,Tottenham Hotspur FC,A. Gray,0,0,0,0,0,0,0,0,2,0,0,0,0,0,0
43,20 Sep 2025,,1haljpbt1dfeivzawp81rk8b8,Thomas Bramall,Burnley FC,Nottingham Forest FC,J. Laurent,0,0,0,3,1,0,0,0,36,0,0,0,0,0,0
43,20 Sep 2025,,1haljpbt1dfeivzawp81rk8b8,Thomas Bramall,Burnley FC,Nottingham Forest FC,Florentino,0,0,0,0,1,0,0,1,34,0,0,0,0,4,1
43,20 Sep 2025,,1haljpbt1dfeivzawp81rk8b8,Thomas Bramall,Burnley FC,Nottingham Forest FC,Martin Dúbravka,0,0,0,0,0,0,0,0,21,0,7,0,0,0,0
43,20 Sep 2025,,1haljpbt1dfeivzawp81rk8b8,Thomas Bramall,Burnley FC,Nottingham Forest FC,L. Foster,1,1,0,0,1,4,0,0,15,0,0,1,0,0,0
43,20 Sep 2025,,1haljpbt1dfeivzawp81rk8b8,Thomas Bramall,Burnley FC,Nottingham Forest FC,J. Cullen,0,0,1,0,0,2,0,0,64,0,0,0,0,0,0
43,20 Sep 2025,,1haljpbt1dfeivzawp81rk8b8,Thomas Bramall,Burnley FC,Nottingham Forest FC,M. Estève,0,0,0,0,1,2,0,0,34,0,0,2,0,1,0
43,20 Sep 2025,,1haljpbt1dfeivzawp81rk8b8,Thomas Bramall,Burnley FC,Nottingham Forest FC,K. Walker,0,0,0,1,2,0,0,0,47,0,0,0,0,2,0
43,20 Sep 2025,,1haljpbt1dfeivzawp81rk8b8,Thomas Bramall,Burnley FC,Nottingham Forest FC,J. Anthony,0,0,0,8,0,0,1,0,32,0,0,3,3,1,0
43,20 Sep 2025,,1haljpbt1dfeivzawp81rk8b8,Thomas Bramall,Burnley FC,Nottingham Forest FC,Q. Hartman,0,0,3,11,3,0,0,0,22,0,0,1,1,2,0
43,20 Sep 2025,,1haljpbt1dfeivzawp81rk8b8,Thomas Bramall,Burnley FC,Nottingham Forest FC,H. Ekdal,0,0,0,0,0,0,0,0,25,0,0,2,1,0,0
43,20 Sep 2025,,1haljpbt1dfeivzawp81rk8b8,Thomas Bramall,Burnley FC,Nottingham Forest FC,L. Tchaouna,0,1,0,2,2,1,0,0,16,0,0,2,0,1,0
43,20 Sep 2025,,1haljpbt1dfeivzawp81rk8b8,Thomas Bramall,Burnley FC,Nottingham Forest FC,H. Mejbri,0,0,0,1,1,1,0,0,1,0,0,0,0,0,0
43,20 Sep 2025,,1haljpbt1dfeivzawp81rk8b8,Thomas Bramall,Burnley FC,Nottingham Forest FC,Z. Flemming,0,1,0,0,0,0,0,0,1,0,0,1,0,0,0
43,20 Sep 2025,,1haljpbt1dfeivzawp81rk8b8,Thomas Bramall,Burnley FC,Nottingham Forest FC,M. Gibbs-White,0,1,0,2,2,1,0,0,40,0,0,2,1,0,0
43,20 Sep 2025,,1haljpbt1dfeivzawp81rk8b8,Thomas Bramall,Burnley FC,Nottingham Forest FC,Morato,0,0,0,0,3,0,0,0,74,0,0,0,0,3,1
43,20 Sep 2025,,1haljpbt1dfeivzawp81rk8b8,Thomas Bramall,Burnley FC,Nottingham Forest FC,O. Zinchenko,0,2,2,4,1,1,0,1,91,0,0,3,1,3,0
43,20 Sep 2025,,1haljpbt1dfeivzawp81rk8b8,Thomas Bramall,Burnley FC,Nottingham Forest FC,C. Wood,0,0,0,0,0,1,0,0,15,0,0,2,1,0,0
43,20 Sep 2025,,1haljpbt1dfeivzawp81rk8b8,Thomas Bramall,Burnley FC,Nottingham Forest FC,Douglas Luiz,0,1,0,4,1,2,0,0,56,0,0,1,0,1,0
43,20 Sep 2025,,1haljpbt1dfeivzawp81rk8b8,Thomas Bramall,Burnley FC,Nottingham Forest FC,E. Anderson,0,1,0,5,0,1,0,0,107,0,0,1,0,1,0
43,20 Sep 2025,,1haljpbt1dfeivzawp81rk8b8,Thomas Bramall,Burnley FC,Nottingham Forest FC,N. Williams,0,0,0,6,1,2,1,0,58,0,0,3,2,2,0
43,20 Sep 2025,,1haljpbt1dfeivzawp81rk8b8,Thomas Bramall,Burnley FC,Nottingham Forest FC,N. Milenković,0,0,0,0,0,0,0,0,66,0,0,0,0,0,0
43,20 Sep 2025,,1haljpbt1dfeivzawp81rk8b8,Thomas Bramall,Burnley FC,Nottingham Forest FC,D. Ndoye,0,0,1,4,0,2,0,0,26,0,0,0,0,1,0
43,20 Sep 2025,,1haljpbt1dfeivzawp81rk8b8,Thomas Bramall,Burnley FC,Nottingham Forest FC,D. Bakwa,0,0,1,2,2,2,0,0,25,0,0,2,2,0,0
43,20 Sep 2025,,1haljpbt1dfeivzawp81rk8b8,Thomas Bramall,Burnley FC,Nottingham Forest FC,M. Sels,0,0,0,0,0,0,0,0,24,0,4,0,0,0,0
43,20 Sep 2025,,1haljpbt1dfeivzawp81rk8b8,Thomas Bramall,Burnley FC,Nottingham Forest FC,C. Hudson-Odoi,0,1,1,3,1,0,0,1,16,0,0,1,0,0,0
43,20 Sep 2025,,1haljpbt1dfeivzawp81rk8b8,Thomas Bramall,Burnley FC,Nottingham Forest FC,I. Sangaré,0,0,0,0,0,0,0,0,19,0,0,0,0,0,0
43,20 Sep 2025,,1haljpbt1dfeivzawp81rk8b8,Thomas Bramall,Burnley FC,Nottingham Forest FC,A. Kalimuendo,0,1,0,0,0,0,0,0,8,0,0,1,0,0,0
43,20 Sep 2025,,1haljpbt1dfeivzawp81rk8b8,Thomas Bramall,Burnley FC,Nottingham Forest FC,Igor Jesus,0,0,0,0,0,0,0,0,3,0,0,1,1,0,0
44,20 Sep 2025,,1hotdoe44db3avxd1j91hxw5w,Michael Oliver,Fulham FC,Brentford FC,K. Tete,0,0,0,1,0,0,0,0,58,0,0,0,0,3,0
44,20 Sep 2025,,1hotdoe44db3avxd1j91hxw5w,Michael Oliver,Fulham FC,Brentford FC,J. Andersen,0,0,1,0,0,1,0,0,70,0,0,1,0,2,0
44,20 Sep 2025,,1hotdoe44db3avxd1j91hxw5w,Michael Oliver,Fulham FC,Brentford FC,R. Sessegnon,0,0,0,3,1,0,0,1,34,0,0,1,1,4,0
44,20 Sep 2025,,1hotdoe44db3avxd1j91hxw5w,Michael Oliver,Fulham FC,Brentford FC,S. Berge,0,0,0,1,0,0,0,0,39,0,0,0,0,1,0
44,20 Sep 2025,,1hotdoe44db3avxd1j91hxw5w,Michael Oliver,Fulham FC,Brentford FC,A. Iwobi,1,1,0,2,0,0,1,0,43,0,0,2,1,0,0
44,20 Sep 2025,,1hotdoe44db3avxd1j91hxw5w,Michael Oliver,Fulham FC,Brentford FC,J. King,0,1,0,1,1,3,0,0,19,0,0,2,0,1,1
44,20 Sep 2025,,1hotdoe44db3avxd1j91hxw5w,Michael Oliver,Fulham FC,Brentford FC,B. Leno,0,0,0,0,0,2,0,0,34,0,2,0,0,0,1
44,20 Sep 2025,,1hotdoe44db3avxd1j91hxw5w,Michael Oliver,Fulham FC,Brentford FC,H. Wilson,0,1,1,3,2,1,1,0,29,0,0,2,1,3,0
44,20 Sep 2025,,1hotdoe44db3avxd1j91hxw5w,Michael Oliver,Fulham FC,Brentford FC,S. Lukić,0,2,0,2,3,2,0,0,46,0,0,3,0,1,1
44,20 Sep 2025,,1hotdoe44db3avxd1j91hxw5w,Michael Oliver,Fulham FC,Brentford FC,Rodrigo Muniz,1,0,0,0,3,0,0,1,9,0,0,2,0,1,0
44,20 Sep 2025,,1hotdoe44db3avxd1j91hxw5w,Michael Oliver,Fulham FC,Brentford FC,C. Bassey,0,1,0,0,0,1,0,0,56,0,0,1,0,1,0
44,20 Sep 2025,,1hotdoe44db3avxd1j91hxw5w,Michael Oliver,Fulham FC,Brentford FC,Kevin,0,0,0,0,0,1,0,0,5,0,0,0,0,0,1
44,20 Sep 2025,,1hotdoe44db3avxd1j91hxw5w,Michael Oliver,Fulham FC,Brentford FC,R. Jiménez,0,0,0,0,1,0,0,0,2,0,0,0,0,0,0
44,20 Sep 2025,,1hotdoe44db3avxd1j91hxw5w,Michael Oliver,Fulham FC,Brentford FC,E. Smith Rowe,0,0,0,0,0,1,0,0,6,0,0,0,0,1,0
44,20 Sep 2025,,1hotdoe44db3avxd1j91hxw5w,Michael Oliver,Fulham FC,Brentford FC,T. Cairney,0,0,0,0,0,1,0,0,4,0,0,0,0,0,0
44,20 Sep 2025,,1hotdoe44db3avxd1j91hxw5w,Michael Oliver,Fulham FC,Brentford FC,Jorge Cuenca,0,0,0,0,0,0,0,0,2,0,0,0,0,1,0
44,20 Sep 2025,,1hotdoe44db3avxd1j91hxw5w,Michael Oliver,Fulham FC,Brentford FC,M. Damsgaard,0,1,1,13,0,2,1,0,31,0,0,2,1,3,0
44,20 Sep 2025,,1hotdoe44db3avxd1j91hxw5w,Michael Oliver,Fulham FC,Brentford FC,C. Kelleher,0,0,0,0,0,0,0,0,41,0,2,0,0,0,0
44,20 Sep 2025,,1hotdoe44db3avxd1j91hxw5w,Michael Oliver,Fulham FC,Brentford FC,M. Kayode,0,0,0,1,0,1,0,0,33,0,0,0,0,2,0
44,20 Sep 2025,,1hotdoe44db3avxd1j91hxw5w,Michael Oliver,Fulham FC,Brentford FC,Y. Yarmoliuk,0,0,0,0,2,0,0,0,37,0,0,0,0,2,0
44,20 Sep 2025,,1hotdoe44db3avxd1j91hxw5w,Michael Oliver,Fulham FC,Brentford FC,Igor Thiago,0,0,0,0,3,0,0,0,17,0,0,1,1,1,0
44,20 Sep 2025,,1hotdoe44db3avxd1j91hxw5w,Michael Oliver,Fulham FC,Brentford FC,E. Pinnock,0,0,1,0,0,1,0,0,38,0,0,0,0,1,0
44,20 Sep 2025,,1hotdoe44db3avxd1j91hxw5w,Michael Oliver,Fulham FC,Brentford FC,K. Lewis-Potter,0,0,0,2,1,2,0,0,19,0,0,0,0,0,0
44,20 Sep 2025,,1hotdoe44db3avxd1j91hxw5w,Michael Oliver,Fulham FC,Brentford FC,K. Schade,0,1,4,2,0,1,0,1,12,0,0,1,0,2,0
44,20 Sep 2025,,1hotdoe44db3avxd1j91hxw5w,Michael Oliver,Fulham FC,Brentford FC,S. van den Berg,0,0,0,0,1,0,0,0,41,0,0,0,0,0,0
44,20 Sep 2025,,1hotdoe44db3avxd1j91hxw5w,Michael Oliver,Fulham FC,Brentford FC,J. Henderson,0,0,0,0,0,0,0,0,38,0,0,0,0,0,0
44,20 Sep 2025,,1hotdoe44db3avxd1j91hxw5w,Michael Oliver,Fulham FC,Brentford FC,N. Collins,0,0,1,0,3,3,0,1,50,0,0,1,1,1,1
44,20 Sep 2025,,1hotdoe44db3avxd1j91hxw5w,Michael Oliver,Fulham FC,Brentford FC,R. Henry,0,0,2,2,1,0,0,0,8,0,0,0,0,0,0
44,20 Sep 2025,,1hotdoe44db3avxd1j91hxw5w,Michael Oliver,Fulham FC,Brentford FC,K. Ajer,0,0,0,0,0,0,0,0,20,0,0,1,0,1,0
44,20 Sep 2025,,1hotdoe44db3avxd1j91hxw5w,Michael Oliver,Fulham FC,Brentford FC,V. Janelt,0,0,0,0,1,0,0,0,8,0,0,0,0,0,0
44,20 Sep 2025,,1hotdoe44db3avxd1j91hxw5w,Michael Oliver,Fulham FC,Brentford FC,D. Ouattara,0,1,1,1,1,0,0,0,1,0,0,2,0,0,0
44,20 Sep 2025,,1hotdoe44db3avxd1j91hxw5w,Michael Oliver,Fulham FC,Brentford FC,Fábio Carvalho,0,0,0,0,0,0,0,0,4,0,0,0,0,0,0
45,20 Sep 2025,,1i2v1eqtjfnafc69e4u4kawb8,Darren England,Liverpool FC,Everton FC,C. Bradley,0,1,0,0,4,2,0,0,33,0,0,1,0,1,0
45,20 Sep 2025,,1i2v1eqtjfnafc69e4u4kawb8,Darren England,Liverpool FC,Everton FC,D. Szoboszlai,0,1,2,4,1,2,0,0,53,0,0,2,0,1,1
45,20 Sep 2025,,1i2v1eqtjfnafc69e4u4kawb8,Darren England,Liverpool FC,Everton FC,A. Mac Allister,0,1,0,0,0,1,0,0,41,0,0,1,0,1,0
45,20 Sep 2025,,1i2v1eqtjfnafc69e4u4kawb8,Darren England,Liverpool FC,Everton FC,Alisson Becker,0,0,0,0,0,1,0,0,42,0,1,0,0,0,0
45,20 Sep 2025,,1i2v1eqtjfnafc69e4u4kawb8,Darren England,Liverpool FC,Everton FC,R. Gravenberch,1,0,1,0,0,0,1,0,56,0,0,1,1,5,0
45,20 Sep 2025,,1i2v1eqtjfnafc69e4u4kawb8,Darren England,Liverpool FC,Everton FC,I. Konaté,0,1,0,0,1,0,0,0,50,0,0,1,0,2,0
45,20 Sep 2025,,1i2v1eqtjfnafc69e4u4kawb8,Darren England,Liverpool FC,Everton FC,V. van Dijk,0,0,0,0,0,0,0,0,67,0,0,0,0,0,0
45,20 Sep 2025,,1i2v1eqtjfnafc69e4u4kawb8,Darren England,Liverpool FC,Everton FC,H. Ekitiké,0,1,0,0,0,0,1,0,19,0,0,2,1,2,0
45,20 Sep 2025,,1i2v1eqtjfnafc69e4u4kawb8,Darren England,Liverpool FC,Everton FC,C. Gakpo,0,0,0,1,1,1,0,0,22,0,0,1,0,1,0
45,20 Sep 2025,,1i2v1eqtjfnafc69e4u4kawb8,Darren England,Liverpool FC,Everton FC,Mohamed Salah,1,0,0,4,0,2,0,1,28,0,0,2,1,0,0
45,20 Sep 2025,,1i2v1eqtjfnafc69e4u4kawb8,Darren England,Liverpool FC,Everton FC,M. Kerkez,0,0,1,3,2,1,0,0,34,0,0,0,0,2,0
45,20 Sep 2025,,1i2v1eqtjfnafc69e4u4kawb8,Darren England,Liverpool FC,Everton FC,C. Jones,0,0,0,0,1,0,0,0,17,0,0,0,0,2,0
45,20 Sep 2025,,1i2v1eqtjfnafc69e4u4kawb8,Darren England,Liverpool FC,Everton FC,F. Wirtz,0,0,1,0,1,0,0,0,8,0,0,0,0,0,1
45,20 Sep 2025,,1i2v1eqtjfnafc69e4u4kawb8,Darren England,Liverpool FC,Everton FC,A. Isak,0,0,0,0,0,0,0,0,5,0,0,0,0,1,0
45,20 Sep 2025,,1i2v1eqtjfnafc69e4u4kawb8,Darren England,Liverpool FC,Everton FC,K. Dewsbury-Hall,0,1,0,4,0,1,0,0,31,0,0,2,0,2,1
45,20 Sep 2025,,1i2v1eqtjfnafc69e4u4kawb8,Darren England,Liverpool FC,Everton FC,M. Keane,0,0,0,0,0,0,0,0,34,0,0,0,0,1,0
45,20 Sep 2025,,1i2v1eqtjfnafc69e4u4kawb8,Darren England,Liverpool FC,Everton FC,I. Ndiaye,1,0,0,2,3,3,0,0,25,0,0,0,0,2,1
45,20 Sep 2025,,1i2v1eqtjfnafc69e4u4kawb8,Darren England,Liverpool FC,Everton FC,J. Tarkowski,0,0,0,0,0,1,0,0,42,0,0,0,0,3,0
45,20 Sep 2025,,1i2v1eqtjfnafc69e4u4kawb8,Darren England,Liverpool FC,Everton FC,J. Pickford,0,0,0,0,0,0,0,0,39,0,1,0,0,0,0
45,20 Sep 2025,,1i2v1eqtjfnafc69e4u4kawb8,Darren England,Liverpool FC,Everton FC,J. O'Brien,0,0,0,3,0,0,0,0,21,0,0,0,0,0,0
45,20 Sep 2025,,1i2v1eqtjfnafc69e4u4kawb8,Darren England,Liverpool FC,Everton FC,J. Garner,0,1,1,1,2,0,0,0,40,0,0,2,0,5,0
45,20 Sep 2025,,1i2v1eqtjfnafc69e4u4kawb8,Darren England,Liverpool FC,Everton FC,I. Gueye,0,1,1,2,0,0,1,0,44,0,0,3,2,2,0
45,20 Sep 2025,,1i2v1eqtjfnafc69e4u4kawb8,Darren England,Liverpool FC,Everton FC,J. Grealish,0,0,2,5,0,6,0,0,25,0,0,1,0,2,1
45,20 Sep 2025,,1i2v1eqtjfnafc69e4u4kawb8,Darren England,Liverpool FC,Everton FC,V. Mykolenko,0,0,0,3,3,0,0,0,27,0,0,0,0,1,0
45,20 Sep 2025,,1i2v1eqtjfnafc69e4u4kawb8,Darren England,Liverpool FC,Everton FC,Beto,0,0,0,0,0,0,0,0,5,0,0,1,0,0,0
45,20 Sep 2025,,1i2v1eqtjfnafc69e4u4kawb8,Darren England,Liverpool FC,Everton FC,T. Barry,0,0,0,0,1,0,0,1,6,0,0,0,0,0,0
45,20 Sep 2025,,1i2v1eqtjfnafc69e4u4kawb8,Darren England,Liverpool FC,Everton FC,T. Dibling,0,0,0,0,1,0,0,0,4,0,0,0,0,0,0
45,20 Sep 2025,,1i2v1eqtjfnafc69e4u4kawb8,Darren England,Liverpool FC,Everton FC,C. Alcaraz,0,0,0,0,0,0,0,0,2,0,0,0,0,0,0
1,16 Aug 2025,,102dto55773ex3p58gp94ql90,Craig Pawson,Aston Villa FC,Newcastle United FC,M. Cash,0,0,1,4,1,2,0,0,13,0,0,0,0,2,0
1,16 Aug 2025,,102dto55773ex3p58gp94ql90,Craig Pawson,Aston Villa FC,Newcastle United FC,T. Mings,0,0,0,0,0,1,0,0,41,0,0,0,0,0,0
1,16 Aug 2025,,102dto55773ex3p58gp94ql90,Craig Pawson,Aston Villa FC,Newcastle United FC,J. McGinn,0,0,0,3,2,0,0,0,19,0,0,0,0,0,0
1,16 Aug 2025,,102dto55773ex3p58gp94ql90,Craig Pawson,Aston Villa FC,Newcastle United FC,B. Kamara,0,0,0,0,1,3,0,0,39,0,0,1,1,2,1
1,16 Aug 2025,,102dto55773ex3p58gp94ql90,Craig Pawson,Aston Villa FC,Newcastle United FC,Y. Tielemans,0,0,0,1,4,0,0,0,19,0,0,0,0,2,0
1,16 Aug 2025,,102dto55773ex3p58gp94ql90,Craig Pawson,Aston Villa FC,Newcastle United FC,E. Konsa,0,0,0,0,1,1,0,0,33,1,0,0,0,0,0
1,16 Aug 2025,,102dto55773ex3p58gp94ql90,Craig Pawson,Aston Villa FC,Newcastle United FC,M. Bizot,0,0,0,0,0,0,0,0,41,0,3,0,0,0,0
1,16 Aug 2025,,102dto55773ex3p58gp94ql90,Craig Pawson,Aston Villa FC,Newcastle United FC,A. Onana,0,0,0,0,0,2,0,0,43,0,0,0,0,2,0
1,16 Aug 2025,,102dto55773ex3p58gp94ql90,Craig Pawson,Aston Villa FC,Newcastle United FC,L. Digne,0,0,1,2,2,0,0,0,27,0,0,0,0,2,0
1,16 Aug 2025,,102dto55773ex3p58gp94ql90,Craig Pawson,Aston Villa FC,Newcastle United FC,O. Watkins,0,0,1,1,1,2,0,2,15,0,0,1,1,0,0
1,16 Aug 2025,,102dto55773ex3p58gp94ql90,Craig Pawson,Aston Villa FC,Newcastle United FC,M. Rogers,0,0,0,0,1,0,0,0,20,0,0,0,0,1,0
1,16 Aug 2025,,102dto55773ex3p58gp94ql90,Craig Pawson,Aston Villa FC,Newcastle United FC,D. Malen,0,0,0,0,0,0,0,0,0,0,0,1,1,0,0
1,16 Aug 2025,,102dto55773ex3p58gp94ql90,Craig Pawson,Aston Villa FC,Newcastle United FC,S. Tonali,0,0,0,3,1,1,0,0,58,0,0,0,0,2,0
1,16 Aug 2025,,102dto55773ex3p58gp94ql90,Craig Pawson,Aston Villa FC,Newcastle United FC,K. Trippier,0,0,0,5,1,0,0,0,56,0,0,0,0,0,0
1,16 Aug 2025,,102dto55773ex3p58gp94ql90,Craig Pawson,Aston Villa FC,Newcastle United FC,T. Livramento,0,0,1,3,0,1,0,0,54,0,0,0,0,2,0
1,16 Aug 2025,,102dto55773ex3p58gp94ql90,Craig Pawson,Aston Villa FC,Newcastle United FC,N. Pope,0,0,0,0,0,0,0,0,17,0,3,0,0,0,0
1,16 Aug 2025,,102dto55773ex3p58gp94ql90,Craig Pawson,Aston Villa FC,Newcastle United FC,Joelinton,0,0,0,1,1,2,0,0,23,0,0,0,0,2,1
1,16 Aug 2025,,102dto55773ex3p58gp94ql90,Craig Pawson,Aston Villa FC,Newcastle United FC,D. Burn,0,0,0,0,1,1,0,0,52,0,0,0,0,1,0
1,16 Aug 2025,,102dto55773ex3p58gp94ql90,Craig Pawson,Aston Villa FC,Newcastle United FC,Bruno Guimarães,0,0,0,1,2,0,0,0,47,0,0,0,0,2,0
1,16 Aug 2025,,102dto55773ex3p58gp94ql90,Craig Pawson,Aston Villa FC,Newcastle United FC,F. Schär,0,0,0,1,2,1,0,0,51,0,0,3,0,1,0
1,16 Aug 2025,,102dto55773ex3p58gp94ql90,Craig Pawson,Aston Villa FC,Newcastle United FC,A. Elanga,0,0,0,5,0,3,0,0,21,0,0,2,1,0,0
1,16 Aug 2025,,102dto55773ex3p58gp94ql90,Craig Pawson,Aston Villa FC,Newcastle United FC,H. Barnes,0,2,2,5,1,2,0,0,29,0,0,3,0,0,0
1,16 Aug 2025,,102dto55773ex3p58gp94ql90,Craig Pawson,Aston Villa FC,Newcastle United FC,A. Gordon,0,4,2,1,2,1,0,1,21,0,0,7,2,0,0
1,16 Aug 2025,,102dto55773ex3p58gp94ql90,Craig Pawson,Aston Villa FC,Newcastle United FC,J. Murphy,0,0,0,1,0,1,0,0,10,0,0,0,0,0,0
1,16 Aug 2025,,102dto55773ex3p58gp94ql90,Craig Pawson,Aston Villa FC,Newcastle United FC,L. Miley,0,0,0,0,0,0,0,0,11,0,0,0,0,0,0
1,16 Aug 2025,,102dto55773ex3p58gp94ql90,Craig Pawson,Aston Villa FC,Newcastle United FC,W. Osula,0,1,1,0,0,0,0,0,1,0,0,1,0,0,0
2,16 Aug 2025,,10jpwd1x2paywtbfatjev182c,Samuel Barrott,Brighton & Hove Albion FC,Fulham FC,L. Dunk,0,0,0,0,0,2,0,0,90,0,0,1,0,1,0
2,16 Aug 2025,,10jpwd1x2paywtbfatjev182c,Samuel Barrott,Brighton & Hove Albion FC,Fulham FC,J. van Hecke,0,0,0,0,0,1,0,0,81,0,0,0,0,1,0
2,16 Aug 2025,,10jpwd1x2paywtbfatjev182c,Samuel Barrott,Brighton & Hove Albion FC,Fulham FC,Y. Minteh,0,0,1,1,0,1,0,0,15,0,0,1,0,0,0
2,16 Aug 2025,,10jpwd1x2paywtbfatjev182c,Samuel Barrott,Brighton & Hove Albion FC,Fulham FC,B. Verbruggen,0,0,0,0,0,0,0,0,39,0,1,0,0,0,0
2,16 Aug 2025,,10jpwd1x2paywtbfatjev182c,Samuel Barrott,Brighton & Hove Albion FC,Fulham FC,Y. Ayari,0,0,1,4,0,4,0,0,41,0,0,0,0,1,0
2,16 Aug 2025,,10jpwd1x2paywtbfatjev182c,Samuel Barrott,Brighton & Hove Albion FC,Fulham FC,M. Wieffer,0,0,1,1,1,0,0,1,38,0,0,1,1,5,0
2,16 Aug 2025,,10jpwd1x2paywtbfatjev182c,Samuel Barrott,Brighton & Hove Albion FC,Fulham FC,M. O'Riley,0,0,0,4,1,0,1,0,22,0,0,1,1,3,0
2,16 Aug 2025,,10jpwd1x2paywtbfatjev182c,Samuel Barrott,Brighton & Hove Albion FC,Fulham FC,C. Baleba,0,0,0,0,2,2,0,0,20,0,0,1,0,1,0
2,16 Aug 2025,,10jpwd1x2paywtbfatjev182c,Samuel Barrott,Brighton & Hove Albion FC,Fulham FC,G. Rutter,0,1,0,0,2,2,0,1,4,0,0,2,1,1,0
2,16 Aug 2025,,10jpwd1x2paywtbfatjev182c,Samuel Barrott,Brighton & Hove Albion FC,Fulham FC,K. Mitoma,0,0,1,0,3,0,0,0,19,0,0,1,0,0,1
2,16 Aug 2025,,10jpwd1x2paywtbfatjev182c,Samuel Barrott,Brighton & Hove Albion FC,Fulham FC,M. De Cuyper,0,0,0,1,3,1,0,0,33,0,0,0,0,2,0
2,16 Aug 2025,,10jpwd1x2paywtbfatjev182c,Samuel Barrott,Brighton & Hove Albion FC,Fulham FC,D. Gómez,0,0,0,0,2,1,0,0,8,0,0,1,1,2,1
2,16 Aug 2025,,10jpwd1x2paywtbfatjev182c,Samuel Barrott,Brighton & Hove Albion FC,Fulham FC,F. Kadıoğlu,0,0,0,0,2,1,0,0,7,0,0,0,0,0,1
2,16 Aug 2025,,10jpwd1x2paywtbfatjev182c,Samuel Barrott,Brighton & Hove Albion FC,Fulham FC,D. Welbeck,0,0,0,0,0,0,0,0,7,0,0,0,0,1,0
2,16 Aug 2025,,10jpwd1x2paywtbfatjev182c,Samuel Barrott,Brighton & Hove Albion FC,Fulham FC,B. Gruda,0,0,0,0,0,0,0,1,2,0,0,1,0,1,0
2,16 Aug 2025,,10jpwd1x2paywtbfatjev182c,Samuel Barrott,Brighton & Hove Albion FC,Fulham FC,J. Milner,0,0,0,0,0,0,0,0,1,0,0,0,0,0,0
2,16 Aug 2025,,10jpwd1x2paywtbfatjev182c,Samuel Barrott,Brighton & Hove Albion FC,Fulham FC,S. Lukić,0,0,0,2,5,2,0,0,38,0,0,0,0,1,0
2,16 Aug 2025,,10jpwd1x2paywtbfatjev182c,Samuel Barrott,Brighton & Hove Albion FC,Fulham FC,S. Berge,0,0,0,0,2,0,0,0,23,0,0,0,0,1,0
2,16 Aug 2025,,10jpwd1x2paywtbfatjev182c,Samuel Barrott,Brighton & Hove Albion FC,Fulham FC,K. Tete,0,0,0,2,1,3,0,0,34,0,0,0,0,3,0
2,16 Aug 2025,,10jpwd1x2paywtbfatjev182c,Samuel Barrott,Brighton & Hove Albion FC,Fulham FC,B. Leno,0,0,0,0,0,1,0,0,46,0,3,0,0,0,0
2,16 Aug 2025,,10jpwd1x2paywtbfatjev182c,Samuel Barrott,Brighton & Hove Albion FC,Fulham FC,Jorge Cuenca,0,0,0,0,0,0,0,0,56,0,0,0,0,1,0
2,16 Aug 2025,,10jpwd1x2paywtbfatjev182c,Samuel Barrott,Brighton & Hove Albion FC,Fulham FC,C. Bassey,0,0,0,0,1,1,0,0,56,0,0,0,0,2,1
2,16 Aug 2025,,10jpwd1x2paywtbfatjev182c,Samuel Barrott,Brighton & Hove Albion FC,Fulham FC,J. King,0,0,1,0,0,2,0,0,26,0,0,1,1,3,0
2,16 Aug 2025,,10jpwd1x2paywtbfatjev182c,Samuel Barrott,Brighton & Hove Albion FC,Fulham FC,A. Iwobi,0,0,0,3,0,1,0,0,24,0,0,1,0,0,0
2,16 Aug 2025,,10jpwd1x2paywtbfatjev182c,Samuel Barrott,Brighton & Hove Albion FC,Fulham FC,R. Jiménez,0,0,0,0,2,0,0,1,13,0,0,2,0,0,0
2,16 Aug 2025,,10jpwd1x2paywtbfatjev182c,Samuel Barrott,Brighton & Hove Albion FC,Fulham FC,J. Andersen,0,0,0,0,1,2,0,0,51,0,0,0,0,3,0
2,16 Aug 2025,,10jpwd1x2paywtbfatjev182c,Samuel Barrott,Brighton & Hove Albion FC,Fulham FC,H. Wilson,0,0,1,4,0,3,0,1,17,0,0,1,0,1,0
2,16 Aug 2025,,10jpwd1x2paywtbfatjev182c,Samuel Barrott,Brighton & Hove Albion FC,Fulham FC,Rodrigo Muniz,0,0,0,0,1,0,1,0,4,0,0,1,1,0,1
2,16 Aug 2025,,10jpwd1x2paywtbfatjev182c,Samuel Barrott,Brighton & Hove Albion FC,Fulham FC,T. Cairney,0,0,0,0,1,1,0,0,16,0,0,0,0,0,1
2,16 Aug 2025,,10jpwd1x2paywtbfatjev182c,Samuel Barrott,Brighton & Hove Albion FC,Fulham FC,Adama Traoré,0,0,0,2,1,0,0,0,4,0,0,0,0,0,0
2,16 Aug 2025,,10jpwd1x2paywtbfatjev182c,Samuel Barrott,Brighton & Hove Albion FC,Fulham FC,E. Smith Rowe,0,1,1,0,0,0,0,0,10,0,0,1,0,0,0
2,16 Aug 2025,,10jpwd1x2paywtbfatjev182c,Samuel Barrott,Brighton & Hove Albion FC,Fulham FC,T. Castagne,0,0,0,1,0,0,0,0,5,0,0,0,0,0,0
3,17 Aug 2025,,110stnyllsj1u0mhdabeuvyfo,Peter Bankes,Nottingham Forest FC,Brentford FC,E. Anderson,1,1,1,6,0,2,0,1,76,0,0,3,1,2,0
3,17 Aug 2025,,110stnyllsj1u0mhdabeuvyfo,Peter Bankes,Nottingham Forest FC,Brentford FC,M. Sels,0,0,0,0,0,0,0,0,24,0,2,0,0,0,0
3,17 Aug 2025,,110stnyllsj1u0mhdabeuvyfo,Peter Bankes,Nottingham Forest FC,Brentford FC,N. Williams,0,0,0,3,2,2,0,0,40,0,0,0,0,2,1
3,17 Aug 2025,,110stnyllsj1u0mhdabeuvyfo,Peter Bankes,Nottingham Forest FC,Brentford FC,N. Milenković,0,0,0,0,0,0,0,0,27,0,0,0,0,1,0
3,17 Aug 2025,,110stnyllsj1u0mhdabeuvyfo,Peter Bankes,Nottingham Forest FC,Brentford FC,Murillo,0,0,0,0,0,2,0,0,50,0,0,0,0,0,0
3,17 Aug 2025,,110stnyllsj1u0mhdabeuvyfo,Peter Bankes,Nottingham Forest FC,Brentford FC,O. Aina,0,0,2,4,2,1,0,0,33,0,0,0,0,3,0
3,17 Aug 2025,,110stnyllsj1u0mhdabeuvyfo,Peter Bankes,Nottingham Forest FC,Brentford FC,I. Sangaré,0,0,0,1,1,1,0,0,44,0,0,1,0,1,0
3,17 Aug 2025,,110stnyllsj1u0mhdabeuvyfo,Peter Bankes,Nottingham Forest FC,Brentford FC,M. Gibbs-White,1,1,0,2,1,2,0,0,54,0,0,3,0,1,0
3,17 Aug 2025,,110stnyllsj1u0mhdabeuvyfo,Peter Bankes,Nottingham Forest FC,Brentford FC,C. Hudson-Odoi,0,0,2,5,0,2,0,0,36,0,0,1,1,0,0
3,17 Aug 2025,,110stnyllsj1u0mhdabeuvyfo,Peter Bankes,Nottingham Forest FC,Brentford FC,C. Wood,0,0,0,0,0,0,2,1,12,0,0,2,2,0,0
3,17 Aug 2025,,110stnyllsj1u0mhdabeuvyfo,Peter Bankes,Nottingham Forest FC,Brentford FC,D. Ndoye,0,0,0,2,0,1,1,0,11,0,0,1,1,0,0
3,17 Aug 2025,,110stnyllsj1u0mhdabeuvyfo,Peter Bankes,Nottingham Forest FC,Brentford FC,Igor Jesus,0,0,0,0,1,0,0,0,3,0,0,0,0,0,0
3,17 Aug 2025,,110stnyllsj1u0mhdabeuvyfo,Peter Bankes,Nottingham Forest FC,Brentford FC,R. Yates,0,0,0,0,0,1,0,0,5,0,0,0,0,0,0
3,17 Aug 2025,,110stnyllsj1u0mhdabeuvyfo,Peter Bankes,Nottingham Forest FC,Brentford FC,Jota Silva,0,0,0,1,0,1,0,0,2,0,0,0,0,2,0
3,17 Aug 2025,,110stnyllsj1u0mhdabeuvyfo,Peter Bankes,Nottingham Forest FC,Brentford FC,C. Kelleher,0,0,0,0,0,0,0,0,30,0,2,0,0,0,0
3,17 Aug 2025,,110stnyllsj1u0mhdabeuvyfo,Peter Bankes,Nottingham Forest FC,Brentford FC,N. Collins,0,1,0,0,1,1,0,0,48,0,0,1,0,0,1
3,17 Aug 2025,,110stnyllsj1u0mhdabeuvyfo,Peter Bankes,Nottingham Forest FC,Brentford FC,M. Kayode,0,0,0,0,1,0,0,0,37,0,0,0,0,2,0
3,17 Aug 2025,,110stnyllsj1u0mhdabeuvyfo,Peter Bankes,Nottingham Forest FC,Brentford FC,A. Milambo,0,0,0,0,0,0,0,0,11,0,0,0,0,3,0
3,17 Aug 2025,,110stnyllsj1u0mhdabeuvyfo,Peter Bankes,Nottingham Forest FC,Brentford FC,M. Jensen,0,0,0,2,0,0,0,0,25,0,0,1,0,3,0
3,17 Aug 2025,,110stnyllsj1u0mhdabeuvyfo,Peter Bankes,Nottingham Forest FC,Brentford FC,S. van den Berg,0,1,1,0,0,0,0,0,64,0,0,2,1,2,0
3,17 Aug 2025,,110stnyllsj1u0mhdabeuvyfo,Peter Bankes,Nottingham Forest FC,Brentford FC,R. Henry,0,0,1,4,0,0,0,0,29,0,0,0,0,1,0
3,17 Aug 2025,,110stnyllsj1u0mhdabeuvyfo,Peter Bankes,Nottingham Forest FC,Brentford FC,K. Lewis-Potter,0,0,0,3,1,1,0,0,13,0,0,2,0,2,0
3,17 Aug 2025,,110stnyllsj1u0mhdabeuvyfo,Peter Bankes,Nottingham Forest FC,Brentford FC,Igor Thiago,0,1,1,0,3,0,1,0,16,0,0,2,1,1,0
3,17 Aug 2025,,110stnyllsj1u0mhdabeuvyfo,Peter Bankes,Nottingham Forest FC,Brentford FC,Fábio Carvalho,0,0,1,4,0,0,0,0,12,0,0,1,0,3,0
3,17 Aug 2025,,110stnyllsj1u0mhdabeuvyfo,Peter Bankes,Nottingham Forest FC,Brentford FC,Y. Yarmoliuk,0,0,0,0,3,0,0,0,31,0,0,1,1,0,0
3,17 Aug 2025,,110stnyllsj1u0mhdabeuvyfo,Peter Bankes,Nottingham Forest FC,Brentford FC,K. Schade,0,0,1,0,2,1,0,0,9,0,0,0,0,2,0
3,17 Aug 2025,,110stnyllsj1u0mhdabeuvyfo,Peter Bankes,Nottingham Forest FC,Brentford FC,J. Henderson,0,0,0,3,1,0,0,0,15,0,0,0,0,0,0
3,17 Aug 2025,,110stnyllsj1u0mhdabeuvyfo,Peter Bankes,Nottingham Forest FC,Brentford FC,F. Onyeka,0,0,0,0,2,0,0,0,6,0,0,0,0,0,0
3,17 Aug 2025,,110stnyllsj1u0mhdabeuvyfo,Peter Bankes,Nottingham Forest FC,Brentford FC,A. Hickey,0,0,0,0,1,2,0,0,0,0,0,0,0,1,1
4,16 Aug 2025,,11i3orjflpi9empra6uuduwpg,Robert Jones,Sunderland AFC,West Ham United FC,G. Xhaka,0,0,0,2,2,2,0,0,51,0,0,0,0,1,0
4,16 Aug 2025,,11i3orjflpi9empra6uuduwpg,Robert Jones,Sunderland AFC,West Ham United FC,S. Adingra,0,0,1,3,2,0,0,0,18,0,0,1,0,1,0
4,16 Aug 2025,,11i3orjflpi9empra6uuduwpg,Robert Jones,Sunderland AFC,West Ham United FC,N. Sadiki,0,0,0,0,1,0,0,0,29,0,0,0,0,2,0
4,16 Aug 2025,,11i3orjflpi9empra6uuduwpg,Robert Jones,Sunderland AFC,West Ham United FC,Eliezer Mayenda,0,1,1,0,0,2,1,0,2,0,0,2,1,0,0
4,16 Aug 2025,,11i3orjflpi9empra6uuduwpg,Robert Jones,Sunderland AFC,West Ham United FC,D. Ballard,0,0,0,0,0,4,1,0,25,0,0,4,2,1,0
4,16 Aug 2025,,11i3orjflpi9empra6uuduwpg,Robert Jones,Sunderland AFC,West Ham United FC,R. Roefs,0,0,0,0,0,0,0,0,23,0,4,0,0,0,0
4,16 Aug 2025,,11i3orjflpi9empra6uuduwpg,Robert Jones,Sunderland AFC,West Ham United FC,Reinildo Mandava,0,0,0,0,1,1,0,0,42,0,0,0,0,2,0
4,16 Aug 2025,,11i3orjflpi9empra6uuduwpg,Robert Jones,Sunderland AFC,West Ham United FC,J. Seelt,0,0,0,0,0,0,0,0,28,0,0,0,0,2,0
4,16 Aug 2025,,11i3orjflpi9empra6uuduwpg,Robert Jones,Sunderland AFC,West Ham United FC,T. Hume,0,0,0,6,1,1,0,0,37,0,0,0,0,2,0
4,16 Aug 2025,,11i3orjflpi9empra6uuduwpg,Robert Jones,Sunderland AFC,West Ham United FC,C. Talbi,1,0,1,2,0,0,0,0,23,0,0,0,0,1,0
4,16 Aug 2025,,11i3orjflpi9empra6uuduwpg,Robert Jones,Sunderland AFC,West Ham United FC,H. Diarra,0,0,2,3,1,0,0,0,20,0,0,2,1,1,0
4,16 Aug 2025,,11i3orjflpi9empra6uuduwpg,Robert Jones,Sunderland AFC,West Ham United FC,O. Alderete,1,0,0,1,0,0,0,0,15,0,0,0,0,1,0
4,16 Aug 2025,,11i3orjflpi9empra6uuduwpg,Robert Jones,Sunderland AFC,West Ham United FC,E. Le Fée,0,0,0,0,0,0,0,0,9,0,0,0,0,0,0
4,16 Aug 2025,,11i3orjflpi9empra6uuduwpg,Robert Jones,Sunderland AFC,West Ham United FC,W. Isidor,0,0,0,0,0,0,1,0,1,0,0,1,1,0,0
4,16 Aug 2025,,11i3orjflpi9empra6uuduwpg,Robert Jones,Sunderland AFC,West Ham United FC,C. Rigg,0,0,0,0,0,0,0,0,0,0,0,0,0,0,0
4,16 Aug 2025,,11i3orjflpi9empra6uuduwpg,Robert Jones,Sunderland AFC,West Ham United FC,J. Ward-Prowse,0,0,0,3,0,0,0,0,46,0,0,0,0,1,0
4,16 Aug 2025,,11i3orjflpi9empra6uuduwpg,Robert Jones,Sunderland AFC,West Ham United FC,M. Hermansen,0,0,0,0,0,0,0,0,33,0,2,0,0,0,0
4,16 Aug 2025,,11i3orjflpi9empra6uuduwpg,Robert Jones,Sunderland AFC,West Ham United FC,N. Füllkrug,0,1,0,0,5,0,0,0,23,0,0,2,1,0,0
4,16 Aug 2025,,11i3orjflpi9empra6uuduwpg,Robert Jones,Sunderland AFC,West Ham United FC,J. Todibo,0,0,0,2,0,1,0,0,67,0,0,0,0,3,0
4,16 Aug 2025,,11i3orjflpi9empra6uuduwpg,Robert Jones,Sunderland AFC,West Ham United FC,M. Kilman,0,0,0,1,2,0,0,0,70,0,0,0,0,3,1
4,16 Aug 2025,,11i3orjflpi9empra6uuduwpg,Robert Jones,Sunderland AFC,West Ham United FC,E. Diouf,0,1,1,4,1,1,0,0,33,0,0,3,1,0,0
4,16 Aug 2025,,11i3orjflpi9empra6uuduwpg,Robert Jones,Sunderland AFC,West Ham United FC,N. Aguerd,0,0,1,1,0,0,0,0,69,0,0,0,0,0,0
4,16 Aug 2025,,11i3orjflpi9empra6uuduwpg,Robert Jones,Sunderland AFC,West Ham United FC,J. Bowen,0,3,1,1,0,2,0,0,29,0,0,4,1,2,0
4,16 Aug 2025,,11i3orjflpi9empra6uuduwpg,Robert Jones,Sunderland AFC,West Ham United FC,G. Rodríguez,0,1,0,2,0,0,0,0,32,0,0,1,0,0,0
4,16 Aug 2025,,11i3orjflpi9empra6uuduwpg,Robert Jones,Sunderland AFC,West Ham United FC,Lucas Paquetá,0,0,0,1,1,2,0,0,64,0,0,0,0,1,0
4,16 Aug 2025,,11i3orjflpi9empra6uuduwpg,Robert Jones,Sunderland AFC,West Ham United FC,A. Wan-Bissaka,0,0,3,5,0,1,0,0,67,0,0,0,0,1,0
4,16 Aug 2025,,11i3orjflpi9empra6uuduwpg,Robert Jones,Sunderland AFC,West Ham United FC,C. Wilson,0,0,1,1,1,1,0,0,0,0,0,1,0,0,0
4,16 Aug 2025,,11i3orjflpi9empra6uuduwpg,Robert Jones,Sunderland AFC,West Ham United FC,T. Souček,0,0,0,0,0,0,0,0,11,0,0,1,1,0,0
4,16 Aug 2025,,11i3orjflpi9empra6uuduwpg,Robert Jones,Sunderland AFC,West Ham United FC,A. Irving,0,0,0,5,0,0,0,0,6,0,0,0,0,1,0
5,16 Aug 2025,,11zdrikme887aispxmcu1ug44,Michael Oliver,Tottenham Hotspur FC,Burnley FC,L. Bergvall,0,0,1,1,1,0,0,0,22,0,0,1,1,2,0
5,16 Aug 2025,,11zdrikme887aispxmcu1ug44,Michael Oliver,Tottenham Hotspur FC,Burnley FC,G. Vicario,0,0,0,0,0,0,0,0,46,0,4,0,0,0,0
5,16 Aug 2025,,11zdrikme887aispxmcu1ug44,Michael Oliver,Tottenham Hotspur FC,Burnley FC,Pedro Porro,0,0,1,8,2,1,0,0,62,0,0,1,0,2,0
5,16 Aug 2025,,11zdrikme887aispxmcu1ug44,Michael Oliver,Tottenham Hotspur FC,Burnley FC,B. Johnson,0,0,1,6,0,0,1,0,15,0,0,2,1,1,0
5,16 Aug 2025,,11zdrikme887aispxmcu1ug44,Michael Oliver,Tottenham Hotspur FC,Burnley FC,M. Kudus,2,0,1,10,0,2,0,0,24,0,0,2,0,1,0
5,16 Aug 2025,,11zdrikme887aispxmcu1ug44,Michael Oliver,Tottenham Hotspur FC,Burnley FC,C. Romero,0,0,0,0,3,1,0,0,88,0,0,0,0,0,0
5,16 Aug 2025,,11zdrikme887aispxmcu1ug44,Michael Oliver,Tottenham Hotspur FC,Burnley FC,M. van de Ven,0,0,0,0,0,1,0,0,68,0,0,2,0,1,0
5,16 Aug 2025,,11zdrikme887aispxmcu1ug44,Michael Oliver,Tottenham Hotspur FC,Burnley FC,D. Spence,0,0,1,2,1,0,0,0,51,0,0,2,1,0,0
5,16 Aug 2025,,11zdrikme887aispxmcu1ug44,Michael Oliver,Tottenham Hotspur FC,Burnley FC,A. Gray,0,0,0,0,3,0,0,0,41,0,0,0,0,1,0
5,16 Aug 2025,,11zdrikme887aispxmcu1ug44,Michael Oliver,Tottenham Hotspur FC,Burnley FC,P. Sarr,1,0,0,0,0,1,0,0,52,0,0,0,0,2,0
5,16 Aug 2025,,11zdrikme887aispxmcu1ug44,Michael Oliver,Tottenham Hotspur FC,Burnley FC,Richarlison,0,1,0,0,1,0,2,0,7,0,0,5,3,0,0
5,16 Aug 2025,,11zdrikme887aispxmcu1ug44,Michael Oliver,Tottenham Hotspur FC,Burnley FC,D. Solanke,0,0,0,0,0,1,0,0,1,0,0,1,0,1,0
5,16 Aug 2025,,11zdrikme887aispxmcu1ug44,Michael Oliver,Tottenham Hotspur FC,Burnley FC,R. Bentancur,0,0,0,0,0,0,0,0,14,0,0,0,0,1,0
5,16 Aug 2025,,11zdrikme887aispxmcu1ug44,Michael Oliver,Tottenham Hotspur FC,Burnley FC,João Palhinha,0,0,0,0,1,0,0,0,13,0,0,0,0,0,0
5,16 Aug 2025,,11zdrikme887aispxmcu1ug44,Michael Oliver,Tottenham Hotspur FC,Burnley FC,W. Odobert,0,0,0,0,0,0,0,0,3,0,0,0,0,0,0
5,16 Aug 2025,,11zdrikme887aispxmcu1ug44,Michael Oliver,Tottenham Hotspur FC,Burnley FC,M. Tel,0,0,0,0,2,0,0,0,4,0,0,0,0,0,0
5,16 Aug 2025,,11zdrikme887aispxmcu1ug44,Michael Oliver,Tottenham Hotspur FC,Burnley FC,K. Walker,0,0,0,0,0,2,0,0,29,0,0,1,0,0,0
5,16 Aug 2025,,11zdrikme887aispxmcu1ug44,Michael Oliver,Tottenham Hotspur FC,Burnley FC,M. Estève,0,0,0,0,1,1,0,0,23,0,0,1,1,0,0
5,16 Aug 2025,,11zdrikme887aispxmcu1ug44,Michael Oliver,Tottenham Hotspur FC,Burnley FC,Q. Hartman,0,0,1,7,1,0,0,0,20,0,0,0,0,1,0
5,16 Aug 2025,,11zdrikme887aispxmcu1ug44,Michael Oliver,Tottenham Hotspur FC,Burnley FC,M. Dúbravka,0,0,0,0,0,0,0,0,28,0,3,0,0,0,0
5,16 Aug 2025,,11zdrikme887aispxmcu1ug44,Michael Oliver,Tottenham Hotspur FC,Burnley FC,J. Cullen,0,0,0,1,0,1,0,0,36,0,0,0,0,3,0
5,16 Aug 2025,,11zdrikme887aispxmcu1ug44,Michael Oliver,Tottenham Hotspur FC,Burnley FC,H. Ekdal,0,0,0,0,1,0,0,0,21,0,0,0,0,0,0
5,16 Aug 2025,,11zdrikme887aispxmcu1ug44,Michael Oliver,Tottenham Hotspur FC,Burnley FC,J. Laurent,0,0,1,0,1,1,0,0,14,0,0,3,2,1,0
5,16 Aug 2025,,11zdrikme887aispxmcu1ug44,Michael Oliver,Tottenham Hotspur FC,Burnley FC,O. Sonne,0,0,2,3,0,0,0,0,13,0,0,1,0,0,0
5,16 Aug 2025,,11zdrikme887aispxmcu1ug44,Michael Oliver,Tottenham Hotspur FC,Burnley FC,L. Foster,0,1,1,0,3,2,0,3,13,0,0,2,0,0,0
5,16 Aug 2025,,11zdrikme887aispxmcu1ug44,Michael Oliver,Tottenham Hotspur FC,Burnley FC,H. Mejbri,0,0,0,0,0,3,0,0,10,0,0,1,0,0,0
5,16 Aug 2025,,11zdrikme887aispxmcu1ug44,Michael Oliver,Tottenham Hotspur FC,Burnley FC,J. Anthony,0,2,0,1,0,3,0,0,20,0,0,4,1,0,0
5,16 Aug 2025,,11zdrikme887aispxmcu1ug44,Michael Oliver,Tottenham Hotspur FC,Burnley FC,J. Bruun Larsen,0,0,0,2,0,0,0,1,8,0,0,0,0,0,0
5,16 Aug 2025,,11zdrikme887aispxmcu1ug44,Michael Oliver,Tottenham Hotspur FC,Burnley FC,L. Ugochukwu,0,0,0,0,1,1,0,0,3,0,0,1,0,0,0
5,16 Aug 2025,,11zdrikme887aispxmcu1ug44,Michael Oliver,Tottenham Hotspur FC,Burnley FC,Z. Flemming,0,0,0,0,0,0,0,0,2,0,0,0,0,0,0
5,16 Aug 2025,,11zdrikme887aispxmcu1ug44,Michael Oliver,Tottenham Hotspur FC,Burnley FC,L. Tchaouna,0,0,0,0,0,0,0,0,6,0,0,0,0,1,0
5,16 Aug 2025,,11zdrikme887aispxmcu1ug44,Michael Oliver,Tottenham Hotspur FC,Burnley FC,M. Edwards,0,0,0,0,0,0,0,0,0,0,0,0,0,0,0
6,16 Aug 2025,,12gtk3hwf4px68mpjs890rehg,Jarred Gillett,Wolverhampton Wanderers FC,Manchester City FC,E. Agbadou,0,0,0,0,0,0,0,0,61,0,0,1,0,2,0
6,16 Aug 2025,,12gtk3hwf4px68mpjs890rehg,Jarred Gillett,Wolverhampton Wanderers FC,Manchester City FC,M. Munetsi,0,1,0,2,0,0,0,3,12,0,0,1,0,2,0
6,16 Aug 2025,,12gtk3hwf4px68mpjs890rehg,Jarred Gillett,Wolverhampton Wanderers FC,Manchester City FC,J. Strand Larsen,0,1,1,0,3,1,0,1,17,0,0,4,2,1,0
6,16 Aug 2025,,12gtk3hwf4px68mpjs890rehg,Jarred Gillett,Wolverhampton Wanderers FC,Manchester City FC,D. Møller Wolfe,0,0,2,3,0,0,0,0,20,0,0,0,0,1,0
6,16 Aug 2025,,12gtk3hwf4px68mpjs890rehg,Jarred Gillett,Wolverhampton Wanderers FC,Manchester City FC,M. Doherty,0,0,0,1,3,1,0,0,42,0,0,0,0,3,1
6,16 Aug 2025,,12gtk3hwf4px68mpjs890rehg,Jarred Gillett,Wolverhampton Wanderers FC,Manchester City FC,José Sá,0,0,0,0,0,0,0,0,23,0,0,0,0,0,0
6,16 Aug 2025,,12gtk3hwf4px68mpjs890rehg,Jarred Gillett,Wolverhampton Wanderers FC,Manchester City FC,K. Hoever,0,0,0,5,0,0,0,0,22,0,0,0,0,2,0
6,16 Aug 2025,,12gtk3hwf4px68mpjs890rehg,Jarred Gillett,Wolverhampton Wanderers FC,Manchester City FC,André,0,0,0,0,1,1,0,0,30,0,0,0,0,4,0
6,16 Aug 2025,,12gtk3hwf4px68mpjs890rehg,Jarred Gillett,Wolverhampton Wanderers FC,Manchester City FC,J. Bellegarde,0,0,0,3,1,2,0,0,23,0,0,1,0,2,0
6,16 Aug 2025,,12gtk3hwf4px68mpjs890rehg,Jarred Gillett,Wolverhampton Wanderers FC,Manchester City FC,Toti Gomes,0,0,0,1,0,1,0,0,57,0,0,0,0,2,0
6,16 Aug 2025,,12gtk3hwf4px68mpjs890rehg,Jarred Gillett,Wolverhampton Wanderers FC,Manchester City FC,João Gomes,0,0,0,0,3,1,0,0,57,0,0,0,0,4,0
6,16 Aug 2025,,12gtk3hwf4px68mpjs890rehg,Jarred Gillett,Wolverhampton Wanderers FC,Manchester City FC,Rodrigo Gomes,0,0,0,1,0,0,0,0,7,0,0,0,0,1,0
6,16 Aug 2025,,12gtk3hwf4px68mpjs890rehg,Jarred Gillett,Wolverhampton Wanderers FC,Manchester City FC,Fer López,0,1,0,0,0,0,0,0,5,0,0,2,1,0,0
6,16 Aug 2025,,12gtk3hwf4px68mpjs890rehg,Jarred Gillett,Wolverhampton Wanderers FC,Manchester City FC,J. Arias,0,0,0,2,1,0,0,0,7,0,0,0,0,0,0
6,16 Aug 2025,,12gtk3hwf4px68mpjs890rehg,Jarred Gillett,Wolverhampton Wanderers FC,Manchester City FC,Hugo Bueno,0,0,1,2,0,0,0,0,10,0,0,0,0,0,0
6,16 Aug 2025,,12gtk3hwf4px68mpjs890rehg,Jarred Gillett,Wolverhampton Wanderers FC,Manchester City FC,Hwang Hee-Chan,0,0,0,0,1,0,0,0,1,0,0,0,0,1,0
6,16 Aug 2025,,12gtk3hwf4px68mpjs890rehg,Jarred Gillett,Wolverhampton Wanderers FC,Manchester City FC,Bernardo Silva,0,0,0,9,1,0,0,0,34,0,0,0,0,4,0
6,16 Aug 2025,,12gtk3hwf4px68mpjs890rehg,Jarred Gillett,Wolverhampton Wanderers FC,Manchester City FC,J. Trafford,0,0,0,0,0,0,0,0,28,0,3,0,0,0,0
6,16 Aug 2025,,12gtk3hwf4px68mpjs890rehg,Jarred Gillett,Wolverhampton Wanderers FC,Manchester City FC,J. Stones,0,0,1,2,0,0,0,0,59,0,0,0,0,0,0
6,16 Aug 2025,,12gtk3hwf4px68mpjs890rehg,Jarred Gillett,Wolverhampton Wanderers FC,Manchester City FC,Rúben Dias,0,0,0,0,0,0,0,0,79,0,0,0,0,0,0
6,16 Aug 2025,,12gtk3hwf4px68mpjs890rehg,Jarred Gillett,Wolverhampton Wanderers FC,Manchester City FC,R. Aït-Nouri,0,1,0,1,0,0,0,0,60,0,0,2,0,6,0
6,16 Aug 2025,,12gtk3hwf4px68mpjs890rehg,Jarred Gillett,Wolverhampton Wanderers FC,Manchester City FC,Nico González,0,2,0,0,1,3,0,0,78,0,0,2,0,3,0
6,16 Aug 2025,,12gtk3hwf4px68mpjs890rehg,Jarred Gillett,Wolverhampton Wanderers FC,Manchester City FC,J. Doku,0,0,2,3,1,1,0,0,19,0,0,0,0,0,0
6,16 Aug 2025,,12gtk3hwf4px68mpjs890rehg,Jarred Gillett,Wolverhampton Wanderers FC,Manchester City FC,O. Bobb,1,0,0,1,0,1,0,0,32,0,0,0,0,0,0
6,16 Aug 2025,,12gtk3hwf4px68mpjs890rehg,Jarred Gillett,Wolverhampton Wanderers FC,Manchester City FC,T. Reijnders,1,0,2,3,3,2,1,0,57,0,0,3,1,1,1
6,16 Aug 2025,,12gtk3hwf4px68mpjs890rehg,Jarred Gillett,Wolverhampton Wanderers FC,Manchester City FC,R. Lewis,1,0,1,1,0,2,0,0,49,0,0,0,0,1,0
6,16 Aug 2025,,12gtk3hwf4px68mpjs890rehg,Jarred Gillett,Wolverhampton Wanderers FC,Manchester City FC,E. Haaland,0,0,0,0,1,0,2,0,4,0,0,6,2,1,0
6,16 Aug 2025,,12gtk3hwf4px68mpjs890rehg,Jarred Gillett,Wolverhampton Wanderers FC,Manchester City FC,Matheus Nunes,0,0,0,0,0,1,0,0,16,0,0,0,0,1,0
6,16 Aug 2025,,12gtk3hwf4px68mpjs890rehg,Jarred Gillett,Wolverhampton Wanderers FC,Manchester City FC,Omar Marmoush,0,1,0,0,0,2,0,0,6,0,0,1,0,0,0
6,16 Aug 2025,,12gtk3hwf4px68mpjs890rehg,Jarred Gillett,Wolverhampton Wanderers FC,Manchester City FC,N. O'Reilly,0,0,0,0,0,0,0,0,18,0,0,0,0,0,1
6,16 Aug 2025,,12gtk3hwf4px68mpjs890rehg,Jarred Gillett,Wolverhampton Wanderers FC,Manchester City FC,R. Cherki,0,0,0,0,0,0,1,0,20,0,0,1,1,0,0
6,16 Aug 2025,,12gtk3hwf4px68mpjs890rehg,Jarred Gillett,Wolverhampton Wanderers FC,Manchester City FC,A. Khusanov,0,0,0,0,0,1,0,0,4,0,0,0,0,1,0
7,17 Aug 2025,,12znl0wq9dni0y2j3xb2dsmj8,Darren England,Chelsea FC,Crystal Palace FC,C. Palmer,0,3,2,4,1,0,0,0,33,0,0,4,0,1,0
7,17 Aug 2025,,12znl0wq9dni0y2j3xb2dsmj8,Darren England,Chelsea FC,Crystal Palace FC,Robert Sánchez,0,0,0,0,0,0,0,0,34,0,4,0,0,0,0
7,17 Aug 2025,,12znl0wq9dni0y2j3xb2dsmj8,Darren England,Chelsea FC,Crystal Palace FC,J. Acheampong,0,1,0,0,0,2,0,0,93,0,0,1,0,2,0
7,17 Aug 2025,,12znl0wq9dni0y2j3xb2dsmj8,Darren England,Chelsea FC,Crystal Palace FC,T. Chalobah,0,0,1,1,2,1,0,0,101,0,0,1,0,0,0
7,17 Aug 2025,,12znl0wq9dni0y2j3xb2dsmj8,Darren England,Chelsea FC,Crystal Palace FC,R. James,0,0,0,6,2,1,0,0,70,0,0,0,0,1,1
7,17 Aug 2025,,12znl0wq9dni0y2j3xb2dsmj8,Darren England,Chelsea FC,Crystal Palace FC,E. Fernández,0,0,0,1,0,0,0,0,37,0,0,0,0,0,0
7,17 Aug 2025,,12znl0wq9dni0y2j3xb2dsmj8,Darren England,Chelsea FC,Crystal Palace FC,Pedro Neto,0,1,3,12,0,1,0,0,31,0,0,1,0,1,0
7,17 Aug 2025,,12znl0wq9dni0y2j3xb2dsmj8,Darren England,Chelsea FC,Crystal Palace FC,J. Gittens,0,2,1,0,2,0,0,0,14,0,0,2,0,1,0
7,17 Aug 2025,,12znl0wq9dni0y2j3xb2dsmj8,Darren England,Chelsea FC,Crystal Palace FC,M. Caicedo,0,1,1,0,0,1,0,0,67,0,0,1,0,5,0
7,17 Aug 2025,,12znl0wq9dni0y2j3xb2dsmj8,Darren England,Chelsea FC,Crystal Palace FC,João Pedro,0,1,0,0,0,1,0,0,13,0,0,2,0,0,0
7,17 Aug 2025,,12znl0wq9dni0y2j3xb2dsmj8,Darren England,Chelsea FC,Crystal Palace FC,Marc Cucurella,0,0,1,0,1,2,0,0,42,0,0,2,1,2,0
7,17 Aug 2025,,12znl0wq9dni0y2j3xb2dsmj8,Darren England,Chelsea FC,Crystal Palace FC,Estêvão,0,0,2,4,1,0,0,0,7,0,0,1,0,0,1
7,17 Aug 2025,,12znl0wq9dni0y2j3xb2dsmj8,Darren England,Chelsea FC,Crystal Palace FC,L. Delap,0,0,0,1,0,0,0,0,4,0,0,1,1,0,0
7,17 Aug 2025,,12znl0wq9dni0y2j3xb2dsmj8,Darren England,Chelsea FC,Crystal Palace FC,M. Gusto,0,0,0,0,0,0,0,0,16,0,0,1,0,0,0
7,17 Aug 2025,,12znl0wq9dni0y2j3xb2dsmj8,Darren England,Chelsea FC,Crystal Palace FC,Andrey Santos,0,0,0,0,1,1,0,0,6,0,0,2,1,0,0
7,17 Aug 2025,,12znl0wq9dni0y2j3xb2dsmj8,Darren England,Chelsea FC,Crystal Palace FC,M. Guéhi,0,0,0,0,1,0,0,0,20,0,0,0,0,1,0
7,17 Aug 2025,,12znl0wq9dni0y2j3xb2dsmj8,Darren England,Chelsea FC,Crystal Palace FC,J. Mateta,0,1,0,0,1,1,0,0,14,0,0,3,2,1,1
7,17 Aug 2025,,12znl0wq9dni0y2j3xb2dsmj8,Darren England,Chelsea FC,Crystal Palace FC,M. Lacroix,0,0,0,0,2,0,0,0,22,0,0,0,0,3,0
7,17 Aug 2025,,12znl0wq9dni0y2j3xb2dsmj8,Darren England,Chelsea FC,Crystal Palace FC,W. Hughes,0,0,0,1,1,2,0,0,13,0,0,0,0,0,1
7,17 Aug 2025,,12znl0wq9dni0y2j3xb2dsmj8,Darren England,Chelsea FC,Crystal Palace FC,C. Richards,0,0,0,0,0,0,0,0,20,0,0,1,0,2,0
7,17 Aug 2025,,12znl0wq9dni0y2j3xb2dsmj8,Darren England,Chelsea FC,Crystal Palace FC,A. Wharton,0,0,0,1,0,0,0,0,21,0,0,0,0,0,0
7,17 Aug 2025,,12znl0wq9dni0y2j3xb2dsmj8,Darren England,Chelsea FC,Crystal Palace FC,I. Sarr,0,0,0,0,2,3,0,0,15,0,0,0,0,0,0
7,17 Aug 2025,,12znl0wq9dni0y2j3xb2dsmj8,Darren England,Chelsea FC,Crystal Palace FC,T. Mitchell,0,0,0,3,0,0,0,0,29,0,0,0,0,5,0
7,17 Aug 2025,,12znl0wq9dni0y2j3xb2dsmj8,Darren England,Chelsea FC,Crystal Palace FC,D. Muñoz,0,0,1,2,2,2,0,0,19,0,0,1,0,2,1
7,17 Aug 2025,,12znl0wq9dni0y2j3xb2dsmj8,Darren England,Chelsea FC,Crystal Palace FC,E. Eze,0,3,1,4,2,1,0,0,21,0,0,6,2,1,0
7,17 Aug 2025,,12znl0wq9dni0y2j3xb2dsmj8,Darren England,Chelsea FC,Crystal Palace FC,D. Henderson,0,0,0,0,0,0,0,0,28,0,2,0,0,0,0
7,17 Aug 2025,,12znl0wq9dni0y2j3xb2dsmj8,Darren England,Chelsea FC,Crystal Palace FC,J. Lerma,0,0,0,0,1,1,0,0,4,0,0,0,0,0,0
7,17 Aug 2025,,12znl0wq9dni0y2j3xb2dsmj8,Darren England,Chelsea FC,Crystal Palace FC,J. Devenny,0,0,0,0,0,0,0,0,0,0,0,0,0,1,0
8,17 Aug 2025,,13h7obu9sa1vfh3a0esob4jdg,Simon Hooper,Manchester United FC,Arsenal FC,L. Yoro,0,0,0,0,1,0,0,0,64,0,0,0,0,1,0
8,17 Aug 2025,,13h7obu9sa1vfh3a0esob4jdg,Simon Hooper,Manchester United FC,Arsenal FC,Diogo Dalot,0,0,0,0,0,0,0,1,15,0,0,0,0,1,0
8,17 Aug 2025,,13h7obu9sa1vfh3a0esob4jdg,Simon Hooper,Manchester United FC,Arsenal FC,B. Mbeumo,0,2,1,5,1,3,0,0,30,0,0,5,2,0,0
8,17 Aug 2025,,13h7obu9sa1vfh3a0esob4jdg,Simon Hooper,Manchester United FC,Arsenal FC,M. de Ligt,0,1,0,1,1,1,0,0,57,0,0,3,1,2,0
8,17 Aug 2025,,13h7obu9sa1vfh3a0esob4jdg,Simon Hooper,Manchester United FC,Arsenal FC,L. Shaw,0,0,0,0,1,0,0,0,57,0,0,0,0,3,0
8,17 Aug 2025,,13h7obu9sa1vfh3a0esob4jdg,Simon Hooper,Manchester United FC,Arsenal FC,Casemiro,0,0,0,0,0,2,0,0,33,0,0,0,0,3,0
8,17 Aug 2025,,13h7obu9sa1vfh3a0esob4jdg,Simon Hooper,Manchester United FC,Arsenal FC,Bruno Fernandes,0,2,1,5,1,2,0,0,55,0,0,2,0,3,0
8,17 Aug 2025,,13h7obu9sa1vfh3a0esob4jdg,Simon Hooper,Manchester United FC,Arsenal FC,M. Mount,0,2,0,1,0,0,0,0,26,0,0,2,0,1,0
8,17 Aug 2025,,13h7obu9sa1vfh3a0esob4jdg,Simon Hooper,Manchester United FC,Arsenal FC,P. Dorgu,0,0,1,3,1,4,0,0,28,0,0,2,0,4,1
8,17 Aug 2025,,13h7obu9sa1vfh3a0esob4jdg,Simon Hooper,Manchester United FC,Arsenal FC,A. Bayındır,0,0,0,0,0,2,0,0,45,0,2,0,0,0,0
8,17 Aug 2025,,13h7obu9sa1vfh3a0esob4jdg,Simon Hooper,Manchester United FC,Arsenal FC,Matheus Cunha,0,1,0,0,0,3,0,0,16,0,0,4,3,1,0
8,17 Aug 2025,,13h7obu9sa1vfh3a0esob4jdg,Simon Hooper,Manchester United FC,Arsenal FC,A. Diallo,0,0,0,0,0,2,0,0,19,0,0,1,1,3,0
8,17 Aug 2025,,13h7obu9sa1vfh3a0esob4jdg,Simon Hooper,Manchester United FC,Arsenal FC,M. Ugarte,0,0,0,0,2,0,0,0,19,0,0,1,0,0,0
8,17 Aug 2025,,13h7obu9sa1vfh3a0esob4jdg,Simon Hooper,Manchester United FC,Arsenal FC,B. Šeško,0,0,0,0,1,0,0,0,4,0,0,2,0,0,0
8,17 Aug 2025,,13h7obu9sa1vfh3a0esob4jdg,Simon Hooper,Manchester United FC,Arsenal FC,H. Maguire,0,0,0,0,1,0,0,0,7,0,0,0,0,0,0
8,17 Aug 2025,,13h7obu9sa1vfh3a0esob4jdg,Simon Hooper,Manchester United FC,Arsenal FC,M. Ødegaard,0,0,1,0,1,1,0,0,44,0,0,2,1,1,0
8,17 Aug 2025,,13h7obu9sa1vfh3a0esob4jdg,Simon Hooper,Manchester United FC,Arsenal FC,David Raya,0,0,0,0,0,0,0,0,28,0,7,0,0,0,1
8,17 Aug 2025,,13h7obu9sa1vfh3a0esob4jdg,Simon Hooper,Manchester United FC,Arsenal FC,V. Gyökeres,0,0,0,2,3,2,0,1,9,0,0,0,0,0,0
8,17 Aug 2025,,13h7obu9sa1vfh3a0esob4jdg,Simon Hooper,Manchester United FC,Arsenal FC,Gabriel Martinelli,0,0,0,0,0,1,0,0,5,0,0,1,1,1,0
8,17 Aug 2025,,13h7obu9sa1vfh3a0esob4jdg,Simon Hooper,Manchester United FC,Arsenal FC,R. Calafiori,0,0,0,1,2,0,1,1,21,0,0,1,1,1,1
8,17 Aug 2025,,13h7obu9sa1vfh3a0esob4jdg,Simon Hooper,Manchester United FC,Arsenal FC,Gabriel Magalhães,0,0,0,0,1,2,0,0,27,0,0,0,0,1,0
8,17 Aug 2025,,13h7obu9sa1vfh3a0esob4jdg,Simon Hooper,Manchester United FC,Arsenal FC,B. White,0,0,0,1,2,0,0,0,21,0,0,1,0,2,0
8,17 Aug 2025,,13h7obu9sa1vfh3a0esob4jdg,Simon Hooper,Manchester United FC,Arsenal FC,W. Saliba,0,0,0,0,2,0,0,0,26,0,0,0,0,4,0
8,17 Aug 2025,,13h7obu9sa1vfh3a0esob4jdg,Simon Hooper,Manchester United FC,Arsenal FC,Martín Zubimendi,0,0,0,0,2,0,0,0,45,0,0,0,0,3,0
8,17 Aug 2025,,13h7obu9sa1vfh3a0esob4jdg,Simon Hooper,Manchester United FC,Arsenal FC,B. Saka,0,1,2,5,0,0,0,0,16,0,0,1,0,3,0
8,17 Aug 2025,,13h7obu9sa1vfh3a0esob4jdg,Simon Hooper,Manchester United FC,Arsenal FC,D. Rice,0,2,1,2,1,0,0,0,25,0,0,3,0,0,0
8,17 Aug 2025,,13h7obu9sa1vfh3a0esob4jdg,Simon Hooper,Manchester United FC,Arsenal FC,N. Madueke,0,0,0,0,1,1,0,0,8,0,0,0,0,0,0
8,17 Aug 2025,,13h7obu9sa1vfh3a0esob4jdg,Simon Hooper,Manchester United FC,Arsenal FC,K. Havertz,0,0,0,0,0,2,0,0,9,0,0,0,0,0,0
8,17 Aug 2025,,13h7obu9sa1vfh3a0esob4jdg,Simon Hooper,Manchester United FC,Arsenal FC,J. Timber,0,0,0,0,2,1,0,0,4,0,0,0,0,2,1
8,17 Aug 2025,,13h7obu9sa1vfh3a0esob4jdg,Simon Hooper,Manchester United FC,Arsenal FC,M. Lewis-Skelly,0,0,0,0,1,0,0,0,2,0,0,0,0,0,1
8,17 Aug 2025,,13h7obu9sa1vfh3a0esob4jdg,Simon Hooper,Manchester United FC,Arsenal FC,Mikel Merino,0,0,0,0,1,0,0,0,4,0,0,0,0,0,0
9,18 Aug 2025,,13ylro8dy443m52qxwrxm9zis,Chris Kavanagh,Leeds United FC,Everton FC,E. Ampadu,0,0,0,1,1,1,0,0,62,0,0,0,0,3,0
9,18 Aug 2025,,13ylro8dy443m52qxwrxm9zis,Chris Kavanagh,Leeds United FC,Everton FC,A. Tanaka,0,0,0,2,1,2,0,0,46,0,0,2,0,0,0
9,18 Aug 2025,,13ylro8dy443m52qxwrxm9zis,Chris Kavanagh,Leeds United FC,Everton FC,J. Piroe,0,2,2,0,1,0,0,0,17,0,0,3,1,0,0
9,18 Aug 2025,,13ylro8dy443m52qxwrxm9zis,Chris Kavanagh,Leeds United FC,Everton FC,A. Stach,0,1,1,6,1,1,0,0,59,0,0,4,1,2,0
9,18 Aug 2025,,13ylro8dy443m52qxwrxm9zis,Chris Kavanagh,Leeds United FC,Everton FC,J. Bogle,0,1,0,1,1,0,0,1,25,0,0,1,0,2,0
9,18 Aug 2025,,13ylro8dy443m52qxwrxm9zis,Chris Kavanagh,Leeds United FC,Everton FC,P. Struijk,0,0,0,0,0,0,0,0,70,0,0,1,0,0,0
9,18 Aug 2025,,13ylro8dy443m52qxwrxm9zis,Chris Kavanagh,Leeds United FC,Everton FC,W. Gnonto,0,1,2,2,0,0,0,0,33,0,0,3,0,4,0
9,18 Aug 2025,,13ylro8dy443m52qxwrxm9zis,Chris Kavanagh,Leeds United FC,Everton FC,G. Gudmundsson,0,3,0,4,0,0,0,0,48,0,0,3,0,1,0
9,18 Aug 2025,,13ylro8dy443m52qxwrxm9zis,Chris Kavanagh,Leeds United FC,Everton FC,J. Rodon,0,0,0,0,0,1,0,0,54,0,0,0,0,0,0
9,18 Aug 2025,,13ylro8dy443m52qxwrxm9zis,Chris Kavanagh,Leeds United FC,Everton FC,D. James,0,2,2,6,0,0,0,0,16,0,0,2,0,0,0
9,18 Aug 2025,,13ylro8dy443m52qxwrxm9zis,Chris Kavanagh,Leeds United FC,Everton FC,Lucas Perri,0,0,0,0,0,0,0,0,29,0,1,0,0,0,0
9,18 Aug 2025,,13ylro8dy443m52qxwrxm9zis,Chris Kavanagh,Leeds United FC,Everton FC,B. Aaronson,0,0,0,1,1,1,0,0,5,0,0,0,0,2,0
9,18 Aug 2025,,13ylro8dy443m52qxwrxm9zis,Chris Kavanagh,Leeds United FC,Everton FC,I. Gruev,0,0,0,0,0,0,0,0,5,0,0,0,0,0,0
9,18 Aug 2025,,13ylro8dy443m52qxwrxm9zis,Chris Kavanagh,Leeds United FC,Everton FC,J. Harrison,0,0,0,2,0,0,0,0,7,0,0,0,0,1,0
9,18 Aug 2025,,13ylro8dy443m52qxwrxm9zis,Chris Kavanagh,Leeds United FC,Everton FC,L. Nmecha,0,1,0,1,0,1,1,0,4,0,0,2,1,0,0
9,18 Aug 2025,,13ylro8dy443m52qxwrxm9zis,Chris Kavanagh,Leeds United FC,Everton FC,S. Longstaff,0,0,0,0,0,0,0,0,1,0,0,0,0,0,0
9,18 Aug 2025,,13ylro8dy443m52qxwrxm9zis,Chris Kavanagh,Leeds United FC,Everton FC,C. Alcaraz,0,0,1,0,0,1,0,0,24,0,0,1,1,1,1
9,18 Aug 2025,,13ylro8dy443m52qxwrxm9zis,Chris Kavanagh,Leeds United FC,Everton FC,J. Pickford,0,0,0,0,0,0,0,0,54,0,2,0,0,0,0
9,18 Aug 2025,,13ylro8dy443m52qxwrxm9zis,Chris Kavanagh,Leeds United FC,Everton FC,Beto,0,1,0,0,1,0,0,0,9,0,0,1,0,1,0
9,18 Aug 2025,,13ylro8dy443m52qxwrxm9zis,Chris Kavanagh,Leeds United FC,Everton FC,I. Ndiaye,0,0,0,0,0,0,0,1,21,0,0,0,0,2,0
9,18 Aug 2025,,13ylro8dy443m52qxwrxm9zis,Chris Kavanagh,Leeds United FC,Everton FC,T. Iroegbunam,0,0,0,0,2,0,0,0,17,0,0,0,0,3,1
9,18 Aug 2025,,13ylro8dy443m52qxwrxm9zis,Chris Kavanagh,Leeds United FC,Everton FC,K. Dewsbury-Hall,0,0,0,5,1,2,0,0,30,0,0,0,0,2,0
9,18 Aug 2025,,13ylro8dy443m52qxwrxm9zis,Chris Kavanagh,Leeds United FC,Everton FC,I. Gueye,0,0,0,2,0,1,0,0,48,0,0,1,0,1,0
9,18 Aug 2025,,13ylro8dy443m52qxwrxm9zis,Chris Kavanagh,Leeds United FC,Everton FC,M. Keane,0,0,0,0,1,0,0,0,55,0,0,0,0,0,0
9,18 Aug 2025,,13ylro8dy443m52qxwrxm9zis,Chris Kavanagh,Leeds United FC,Everton FC,J. Garner,0,1,1,2,0,0,0,0,53,0,0,1,0,2,0
9,18 Aug 2025,,13ylro8dy443m52qxwrxm9zis,Chris Kavanagh,Leeds United FC,Everton FC,J. Tarkowski,0,0,0,0,2,0,0,0,61,0,0,1,0,2,0
9,18 Aug 2025,,13ylro8dy443m52qxwrxm9zis,Chris Kavanagh,Leeds United FC,Everton FC,J. O'Brien,0,0,0,1,1,1,0,1,27,0,0,1,0,2,0
9,18 Aug 2025,,13ylro8dy443m52qxwrxm9zis,Chris Kavanagh,Leeds United FC,Everton FC,J. Grealish,0,1,0,1,0,1,0,0,10,0,0,1,0,0,0
9,18 Aug 2025,,13ylro8dy443m52qxwrxm9zis,Chris Kavanagh,Leeds United FC,Everton FC,T. Barry,0,0,0,0,0,0,0,0,2,0,0,0,0,0,0
10,23 Aug 2025,,14cmzlbe4pl6c3xuucuzj2590,Thomas Bramall,AFC Bournemouth,Wolverhampton Wanderers FC,A. Scott,0,0,0,3,3,3,0,0,33,0,0,1,0,3,1
10,23 Aug 2025,,14cmzlbe4pl6c3xuucuzj2590,Thomas Bramall,AFC Bournemouth,Wolverhampton Wanderers FC,M. Tavernier,0,0,0,2,0,0,1,1,30,0,0,2,2,0,0
10,23 Aug 2025,,14cmzlbe4pl6c3xuucuzj2590,Thomas Bramall,AFC Bournemouth,Wolverhampton Wanderers FC,A. Semenyo,1,1,1,2,2,0,0,0,32,0,0,4,1,0,0
10,23 Aug 2025,,14cmzlbe4pl6c3xuucuzj2590,Thomas Bramall,AFC Bournemouth,Wolverhampton Wanderers FC,B. Diakité,0,0,0,0,0,0,0,0,50,0,0,0,0,3,0
10,23 Aug 2025,,14cmzlbe4pl6c3xuucuzj2590,Thomas Bramall,AFC Bournemouth,Wolverhampton Wanderers FC,A. Smith,0,0,1,1,1,2,0,0,45,0,0,0,0,0,0
10,23 Aug 2025,,14cmzlbe4pl6c3xuucuzj2590,Thomas Bramall,AFC Bournemouth,Wolverhampton Wanderers FC,M. Senesi,0,0,1,1,0,0,0,0,56,0,0,0,0,1,0
10,23 Aug 2025,,14cmzlbe4pl6c3xuucuzj2590,Thomas Bramall,AFC Bournemouth,Wolverhampton Wanderers FC,A. Truffert,0,0,1,6,0,1,0,0,55,0,0,0,0,0,0
10,23 Aug 2025,,14cmzlbe4pl6c3xuucuzj2590,Thomas Bramall,AFC Bournemouth,Wolverhampton Wanderers FC,D. Brooks,0,2,2,4,1,1,0,0,19,0,0,3,0,0,0
10,23 Aug 2025,,14cmzlbe4pl6c3xuucuzj2590,Thomas Bramall,AFC Bournemouth,Wolverhampton Wanderers FC,Đ. Petrović,0,0,0,0,0,0,0,0,21,0,1,0,0,0,0
10,23 Aug 2025,,14cmzlbe4pl6c3xuucuzj2590,Thomas Bramall,AFC Bournemouth,Wolverhampton Wanderers FC,Evanilson,0,0,0,0,1,3,0,1,14,0,0,0,0,0,0
10,23 Aug 2025,,14cmzlbe4pl6c3xuucuzj2590,Thomas Bramall,AFC Bournemouth,Wolverhampton Wanderers FC,T. Adams,0,0,1,0,2,2,0,0,41,0,0,1,1,2,1
10,23 Aug 2025,,14cmzlbe4pl6c3xuucuzj2590,Thomas Bramall,AFC Bournemouth,Wolverhampton Wanderers FC,A. Adli,0,0,0,1,1,2,0,0,16,0,0,0,0,3,0
10,23 Aug 2025,,14cmzlbe4pl6c3xuucuzj2590,Thomas Bramall,AFC Bournemouth,Wolverhampton Wanderers FC,R. Christie,0,1,0,0,1,2,0,0,24,0,0,1,0,0,0
10,23 Aug 2025,,14cmzlbe4pl6c3xuucuzj2590,Thomas Bramall,AFC Bournemouth,Wolverhampton Wanderers FC,J. Kluivert,0,1,1,0,1,0,0,0,6,0,0,2,0,0,0
10,23 Aug 2025,,14cmzlbe4pl6c3xuucuzj2590,Thomas Bramall,AFC Bournemouth,Wolverhampton Wanderers FC,J. Hill,0,0,0,0,0,0,0,0,4,0,0,0,0,0,0
10,23 Aug 2025,,14cmzlbe4pl6c3xuucuzj2590,Thomas Bramall,AFC Bournemouth,Wolverhampton Wanderers FC,J. Kroupi,0,0,0,0,0,0,0,0,1,0,0,0,0,0,0
10,23 Aug 2025,,14cmzlbe4pl6c3xuucuzj2590,Thomas Bramall,AFC Bournemouth,Wolverhampton Wanderers FC,E. Agbadou,0,1,0,0,0,0,0,0,50,0,0,1,0,2,0
10,23 Aug 2025,,14cmzlbe4pl6c3xuucuzj2590,Thomas Bramall,AFC Bournemouth,Wolverhampton Wanderers FC,José Sá,0,0,0,0,0,0,0,0,30,0,3,0,0,0,0
10,23 Aug 2025,,14cmzlbe4pl6c3xuucuzj2590,Thomas Bramall,AFC Bournemouth,Wolverhampton Wanderers FC,J. Bellegarde,0,1,0,1,0,2,0,0,12,0,0,1,0,2,0
10,23 Aug 2025,,14cmzlbe4pl6c3xuucuzj2590,Thomas Bramall,AFC Bournemouth,Wolverhampton Wanderers FC,K. Hoever,0,0,0,1,0,0,0,0,7,0,0,0,0,0,0
10,23 Aug 2025,,14cmzlbe4pl6c3xuucuzj2590,Thomas Bramall,AFC Bournemouth,Wolverhampton Wanderers FC,J. Strand Larsen,0,0,2,0,2,0,0,0,21,0,0,1,1,0,0
10,23 Aug 2025,,14cmzlbe4pl6c3xuucuzj2590,Thomas Bramall,AFC Bournemouth,Wolverhampton Wanderers FC,M. Munetsi,0,0,0,0,2,1,0,0,18,0,0,1,0,1,0
10,23 Aug 2025,,14cmzlbe4pl6c3xuucuzj2590,Thomas Bramall,AFC Bournemouth,Wolverhampton Wanderers FC,M. Doherty,0,0,0,1,3,1,0,0,31,0,0,0,0,3,1
10,23 Aug 2025,,14cmzlbe4pl6c3xuucuzj2590,Thomas Bramall,AFC Bournemouth,Wolverhampton Wanderers FC,João Gomes,0,0,0,0,3,5,0,0,34,0,0,0,0,3,1
10,23 Aug 2025,,14cmzlbe4pl6c3xuucuzj2590,Thomas Bramall,AFC Bournemouth,Wolverhampton Wanderers FC,J. Arias,0,0,0,2,1,0,0,0,14,0,0,1,0,4,0
10,23 Aug 2025,,14cmzlbe4pl6c3xuucuzj2590,Thomas Bramall,AFC Bournemouth,Wolverhampton Wanderers FC,D. Møller Wolfe,0,0,0,3,0,1,0,0,5,0,0,0,0,1,0
10,23 Aug 2025,,14cmzlbe4pl6c3xuucuzj2590,Thomas Bramall,AFC Bournemouth,Wolverhampton Wanderers FC,Toti Gomes,0,0,0,0,2,0,0,0,21,1,0,0,0,0,1
10,23 Aug 2025,,14cmzlbe4pl6c3xuucuzj2590,Thomas Bramall,AFC Bournemouth,Wolverhampton Wanderers FC,J. Tchatchoua,0,0,0,3,0,0,0,1,24,0,0,0,0,0,0
10,23 Aug 2025,,14cmzlbe4pl6c3xuucuzj2590,Thomas Bramall,AFC Bournemouth,Wolverhampton Wanderers FC,Hugo Bueno,0,0,0,4,2,1,0,0,9,0,0,1,0,1,1
10,23 Aug 2025,,14cmzlbe4pl6c3xuucuzj2590,Thomas Bramall,AFC Bournemouth,Wolverhampton Wanderers FC,André,0,0,0,0,0,1,0,0,17,0,0,0,0,2,0
10,23 Aug 2025,,14cmzlbe4pl6c3xuucuzj2590,Thomas Bramall,AFC Bournemouth,Wolverhampton Wanderers FC,S. Bueno,0,0,0,0,0,1,0,0,10,0,0,0,0,2,0
10,23 Aug 2025,,14cmzlbe4pl6c3xuucuzj2590,Thomas Bramall,AFC Bournemouth,Wolverhampton Wanderers FC,Hwang Hee-Chan,0,0,1,2,1,0,0,1,4,0,0,0,0,0,0
11,23 Aug 2025,,14qo3uypv7lmce0ewcvxe89w4,Jarred Gillett,Arsenal FC,Leeds United FC,R. Calafiori,2,2,1,3,1,0,0,0,23,0,0,3,0,0,0
11,23 Aug 2025,,14qo3uypv7lmce0ewcvxe89w4,Jarred Gillett,Arsenal FC,Leeds United FC,V. Gyökeres,0,0,0,0,1,2,2,0,9,0,0,3,2,0,0
11,23 Aug 2025,,14qo3uypv7lmce0ewcvxe89w4,Jarred Gillett,Arsenal FC,Leeds United FC,D. Rice,1,0,0,4,1,0,0,0,65,0,0,0,0,0,0
11,23 Aug 2025,,14qo3uypv7lmce0ewcvxe89w4,Jarred Gillett,Arsenal FC,Leeds United FC,W. Saliba,0,0,0,0,1,1,0,0,123,0,0,0,0,0,0
11,23 Aug 2025,,14qo3uypv7lmce0ewcvxe89w4,Jarred Gillett,Arsenal FC,Leeds United FC,Gabriel Magalhães,0,0,0,0,0,1,0,0,103,0,0,1,0,0,0
11,23 Aug 2025,,14qo3uypv7lmce0ewcvxe89w4,Jarred Gillett,Arsenal FC,Leeds United FC,David Raya,0,0,0,0,0,0,0,0,31,0,1,0,0,0,0
11,23 Aug 2025,,14qo3uypv7lmce0ewcvxe89w4,Jarred Gillett,Arsenal FC,Leeds United FC,J. Timber,1,0,0,0,0,0,2,0,36,0,0,3,2,4,0
11,23 Aug 2025,,14qo3uypv7lmce0ewcvxe89w4,Jarred Gillett,Arsenal FC,Leeds United FC,Martín Zubimendi,0,0,0,0,2,1,0,0,81,0,0,1,0,2,0
11,23 Aug 2025,,14qo3uypv7lmce0ewcvxe89w4,Jarred Gillett,Arsenal FC,Leeds United FC,M. Ødegaard,0,1,0,2,0,1,0,0,21,0,0,2,0,1,0
11,23 Aug 2025,,14qo3uypv7lmce0ewcvxe89w4,Jarred Gillett,Arsenal FC,Leeds United FC,N. Madueke,0,0,0,5,1,1,0,0,23,0,0,0,0,0,0
11,23 Aug 2025,,14qo3uypv7lmce0ewcvxe89w4,Jarred Gillett,Arsenal FC,Leeds United FC,B. Saka,0,0,0,2,0,1,1,0,15,0,0,1,1,0,0
11,23 Aug 2025,,14qo3uypv7lmce0ewcvxe89w4,Jarred Gillett,Arsenal FC,Leeds United FC,E. Nwaneri,0,1,1,1,0,0,0,0,26,0,0,1,0,0,0
11,23 Aug 2025,,14qo3uypv7lmce0ewcvxe89w4,Jarred Gillett,Arsenal FC,Leeds United FC,L. Trossard,0,0,0,2,0,0,0,0,10,0,0,1,0,0,0
11,23 Aug 2025,,14qo3uypv7lmce0ewcvxe89w4,Jarred Gillett,Arsenal FC,Leeds United FC,M. Lewis-Skelly,0,0,0,0,1,1,0,0,21,0,0,0,0,1,0
11,23 Aug 2025,,14qo3uypv7lmce0ewcvxe89w4,Jarred Gillett,Arsenal FC,Leeds United FC,Cristhian Mosquera,0,0,0,0,0,0,0,0,10,0,0,0,0,2,0
11,23 Aug 2025,,14qo3uypv7lmce0ewcvxe89w4,Jarred Gillett,Arsenal FC,Leeds United FC,M. Dowman,0,0,0,0,0,2,0,0,2,0,0,2,0,2,0
11,23 Aug 2025,,14qo3uypv7lmce0ewcvxe89w4,Jarred Gillett,Arsenal FC,Leeds United FC,J. Piroe,0,0,0,0,0,0,0,0,11,0,0,0,0,0,0
11,23 Aug 2025,,14qo3uypv7lmce0ewcvxe89w4,Jarred Gillett,Arsenal FC,Leeds United FC,A. Tanaka,0,0,0,0,0,0,0,0,24,0,0,0,0,0,0
11,23 Aug 2025,,14qo3uypv7lmce0ewcvxe89w4,Jarred Gillett,Arsenal FC,Leeds United FC,I. Gruev,0,0,0,0,0,0,0,0,37,0,0,0,0,2,0
11,23 Aug 2025,,14qo3uypv7lmce0ewcvxe89w4,Jarred Gillett,Arsenal FC,Leeds United FC,J. Rodon,0,0,0,0,2,1,0,0,33,0,0,0,0,1,0
11,23 Aug 2025,,14qo3uypv7lmce0ewcvxe89w4,Jarred Gillett,Arsenal FC,Leeds United FC,P. Struijk,0,0,1,0,0,0,0,0,43,0,0,1,1,2,0
11,23 Aug 2025,,14qo3uypv7lmce0ewcvxe89w4,Jarred Gillett,Arsenal FC,Leeds United FC,Lucas Perri,0,0,0,0,0,0,0,0,32,0,0,0,0,0,0
11,23 Aug 2025,,14qo3uypv7lmce0ewcvxe89w4,Jarred Gillett,Arsenal FC,Leeds United FC,A. Stach,0,0,0,3,2,3,0,0,25,0,0,0,0,2,0
11,23 Aug 2025,,14qo3uypv7lmce0ewcvxe89w4,Jarred Gillett,Arsenal FC,Leeds United FC,G. Gudmundsson,0,0,0,0,3,0,0,0,22,0,0,0,0,3,1
11,23 Aug 2025,,14qo3uypv7lmce0ewcvxe89w4,Jarred Gillett,Arsenal FC,Leeds United FC,J. Bogle,0,0,0,0,1,1,0,0,14,0,0,0,0,1,1
11,23 Aug 2025,,14qo3uypv7lmce0ewcvxe89w4,Jarred Gillett,Arsenal FC,Leeds United FC,D. James,0,2,1,1,0,1,0,0,11,0,0,2,0,0,0
11,23 Aug 2025,,14qo3uypv7lmce0ewcvxe89w4,Jarred Gillett,Arsenal FC,Leeds United FC,W. Gnonto,0,0,0,0,0,0,0,0,9,0,0,0,0,4,0
11,23 Aug 2025,,14qo3uypv7lmce0ewcvxe89w4,Jarred Gillett,Arsenal FC,Leeds United FC,L. Nmecha,0,0,0,0,1,1,0,0,8,0,0,0,0,0,0
11,23 Aug 2025,,14qo3uypv7lmce0ewcvxe89w4,Jarred Gillett,Arsenal FC,Leeds United FC,S. Longstaff,0,0,0,0,0,0,0,0,6,0,0,0,0,0,0
11,23 Aug 2025,,14qo3uypv7lmce0ewcvxe89w4,Jarred Gillett,Arsenal FC,Leeds United FC,B. Aaronson,0,0,0,1,1,1,0,0,8,0,0,0,0,1,0
11,23 Aug 2025,,14qo3uypv7lmce0ewcvxe89w4,Jarred Gillett,Arsenal FC,Leeds United FC,N. Okafor,0,0,0,0,0,0,0,0,6,0,0,0,0,2,0
11,23 Aug 2025,,14qo3uypv7lmce0ewcvxe89w4,Jarred Gillett,Arsenal FC,Leeds United FC,S. Byram,0,0,0,0,1,0,0,0,1,0,0,0,0,0,0
12,23 Aug 2025,,154ru5ptp2kfs14iguma92kno,Tony Harrington,Brentford FC,Aston Villa FC,K. Lewis-Potter,0,0,0,0,0,2,0,0,11,0,0,0,0,1,0
12,23 Aug 2025,,154ru5ptp2kfs14iguma92kno,Tony Harrington,Brentford FC,Aston Villa FC,S. van den Berg,0,0,0,0,1,0,0,0,15,0,0,0,0,0,0
12,23 Aug 2025,,154ru5ptp2kfs14iguma92kno,Tony Harrington,Brentford FC,Aston Villa FC,D. Ouattara,0,0,0,1,4,1,1,0,12,0,0,2,2,4,0
12,23 Aug 2025,,154ru5ptp2kfs14iguma92kno,Tony Harrington,Brentford FC,Aston Villa FC,C. Kelleher,0,0,0,0,0,0,0,0,26,0,2,0,0,0,1
12,23 Aug 2025,,154ru5ptp2kfs14iguma92kno,Tony Harrington,Brentford FC,Aston Villa FC,K. Schade,0,1,0,2,0,1,0,0,11,0,0,1,0,2,0
12,23 Aug 2025,,154ru5ptp2kfs14iguma92kno,Tony Harrington,Brentford FC,Aston Villa FC,J. Henderson,0,1,1,0,1,1,0,0,17,0,0,1,0,2,0
12,23 Aug 2025,,154ru5ptp2kfs14iguma92kno,Tony Harrington,Brentford FC,Aston Villa FC,Igor Thiago,0,1,1,0,2,0,0,1,11,0,0,3,0,2,0
12,23 Aug 2025,,154ru5ptp2kfs14iguma92kno,Tony Harrington,Brentford FC,Aston Villa FC,M. Kayode,0,0,0,0,1,0,0,0,12,0,0,0,0,5,0
12,23 Aug 2025,,154ru5ptp2kfs14iguma92kno,Tony Harrington,Brentford FC,Aston Villa FC,M. Damsgaard,0,0,0,7,0,1,0,0,22,0,0,1,0,3,0
12,23 Aug 2025,,154ru5ptp2kfs14iguma92kno,Tony Harrington,Brentford FC,Aston Villa FC,Y. Yarmoliuk,0,0,0,1,1,0,0,0,10,0,0,1,0,5,0
12,23 Aug 2025,,154ru5ptp2kfs14iguma92kno,Tony Harrington,Brentford FC,Aston Villa FC,N. Collins,0,0,0,0,1,1,0,0,18,0,0,0,0,1,0
12,23 Aug 2025,,154ru5ptp2kfs14iguma92kno,Tony Harrington,Brentford FC,Aston Villa FC,F. Onyeka,0,0,0,0,0,2,0,0,4,0,0,0,0,0,0
12,23 Aug 2025,,154ru5ptp2kfs14iguma92kno,Tony Harrington,Brentford FC,Aston Villa FC,M. Jensen,0,0,0,0,0,0,0,0,4,0,0,0,0,1,0
12,23 Aug 2025,,154ru5ptp2kfs14iguma92kno,Tony Harrington,Brentford FC,Aston Villa FC,A. Hickey,0,0,0,0,0,0,0,0,3,0,0,0,0,2,0
12,23 Aug 2025,,154ru5ptp2kfs14iguma92kno,Tony Harrington,Brentford FC,Aston Villa FC,K. Ajer,0,0,0,0,0,0,0,0,2,0,0,0,0,0,0
12,23 Aug 2025,,154ru5ptp2kfs14iguma92kno,Tony Harrington,Brentford FC,Aston Villa FC,R. Henry,0,0,0,0,0,0,0,0,0,0,0,0,0,0,0
12,23 Aug 2025,,154ru5ptp2kfs14iguma92kno,Tony Harrington,Brentford FC,Aston Villa FC,Y. Tielemans,0,1,1,5,1,1,0,0,92,0,0,2,0,1,0
12,23 Aug 2025,,154ru5ptp2kfs14iguma92kno,Tony Harrington,Brentford FC,Aston Villa FC,E. Martínez,0,0,0,0,0,1,0,0,33,0,1,0,0,0,0
12,23 Aug 2025,,154ru5ptp2kfs14iguma92kno,Tony Harrington,Brentford FC,Aston Villa FC,J. McGinn,0,0,1,5,1,2,0,0,31,0,0,1,1,0,0
12,23 Aug 2025,,154ru5ptp2kfs14iguma92kno,Tony Harrington,Brentford FC,Aston Villa FC,A. Onana,0,1,0,0,1,1,0,0,29,0,0,2,1,2,1
12,23 Aug 2025,,154ru5ptp2kfs14iguma92kno,Tony Harrington,Brentford FC,Aston Villa FC,M. Cash,0,0,2,7,0,1,0,0,67,0,0,0,0,3,0
12,23 Aug 2025,,154ru5ptp2kfs14iguma92kno,Tony Harrington,Brentford FC,Aston Villa FC,T. Mings,0,1,0,0,1,1,0,0,83,0,0,2,0,0,0
12,23 Aug 2025,,154ru5ptp2kfs14iguma92kno,Tony Harrington,Brentford FC,Aston Villa FC,Pau Torres,0,1,0,0,0,0,0,0,105,0,0,1,0,2,0
12,23 Aug 2025,,154ru5ptp2kfs14iguma92kno,Tony Harrington,Brentford FC,Aston Villa FC,L. Digne,0,0,0,4,0,2,0,0,30,0,0,0,0,1,0
12,23 Aug 2025,,154ru5ptp2kfs14iguma92kno,Tony Harrington,Brentford FC,Aston Villa FC,M. Rogers,0,1,3,1,0,1,0,0,28,0,0,2,0,0,0
12,23 Aug 2025,,154ru5ptp2kfs14iguma92kno,Tony Harrington,Brentford FC,Aston Villa FC,B. Kamara,0,0,0,0,0,0,0,0,6,0,0,0,0,1,0
12,23 Aug 2025,,154ru5ptp2kfs14iguma92kno,Tony Harrington,Brentford FC,Aston Villa FC,O. Watkins,0,2,1,0,0,1,0,0,18,0,0,4,0,1,0
12,23 Aug 2025,,154ru5ptp2kfs14iguma92kno,Tony Harrington,Brentford FC,Aston Villa FC,E. Buendía,0,0,0,0,1,0,0,0,11,0,0,2,0,1,0
12,23 Aug 2025,,154ru5ptp2kfs14iguma92kno,Tony Harrington,Brentford FC,Aston Villa FC,I. Maatsen,0,1,0,3,1,0,0,0,16,0,0,1,0,1,0
12,23 Aug 2025,,154ru5ptp2kfs14iguma92kno,Tony Harrington,Brentford FC,Aston Villa FC,D. Malen,0,0,0,0,0,0,0,0,12,0,0,0,0,0,0
12,23 Aug 2025,,154ru5ptp2kfs14iguma92kno,Tony Harrington,Brentford FC,Aston Villa FC,L. Bogarde,0,0,0,0,2,0,0,0,20,0,0,0,0,0,1
12,23 Aug 2025,,154ru5ptp2kfs14iguma92kno,Tony Harrington,Brentford FC,Aston Villa FC,E. Guessand,0,0,1,2,1,0,0,0,6,0,0,0,0,1,0
13,23 Aug 2025,,15ipwqyqunn8fzwb3l9bsiot0,Michael Salisbury,Burnley FC,Sunderland AFC,H. Mejbri,0,1,0,2,3,2,0,0,22,0,0,1,0,3,0
13,23 Aug 2025,,15ipwqyqunn8fzwb3l9bsiot0,Michael Salisbury,Burnley FC,Sunderland AFC,M. Dúbravka,0,0,0,0,0,0,0,0,36,0,1,0,0,0,0
13,23 Aug 2025,,15ipwqyqunn8fzwb3l9bsiot0,Michael Salisbury,Burnley FC,Sunderland AFC,L. Foster,0,0,0,0,3,1,0,0,20,0,0,0,0,2,0
13,23 Aug 2025,,15ipwqyqunn8fzwb3l9bsiot0,Michael Salisbury,Burnley FC,Sunderland AFC,L. Ugochukwu,0,0,0,1,0,0,0,0,35,0,0,1,0,2,0
13,23 Aug 2025,,15ipwqyqunn8fzwb3l9bsiot0,Michael Salisbury,Burnley FC,Sunderland AFC,J. Cullen,1,0,0,1,0,1,1,0,61,0,0,1,1,1,0
13,23 Aug 2025,,15ipwqyqunn8fzwb3l9bsiot0,Michael Salisbury,Burnley FC,Sunderland AFC,M. Estève,0,0,0,0,0,0,0,0,61,0,0,0,0,1,0
13,23 Aug 2025,,15ipwqyqunn8fzwb3l9bsiot0,Michael Salisbury,Burnley FC,Sunderland AFC,H. Ekdal,0,0,1,1,0,0,0,0,41,0,0,0,0,2,0
13,23 Aug 2025,,15ipwqyqunn8fzwb3l9bsiot0,Michael Salisbury,Burnley FC,Sunderland AFC,K. Walker,0,0,0,0,1,0,0,0,44,0,0,0,0,1,0
13,23 Aug 2025,,15ipwqyqunn8fzwb3l9bsiot0,Michael Salisbury,Burnley FC,Sunderland AFC,J. Anthony,1,0,0,1,0,0,1,0,37,0,0,2,1,3,0
13,23 Aug 2025,,15ipwqyqunn8fzwb3l9bsiot0,Michael Salisbury,Burnley FC,Sunderland AFC,Q. Hartman,0,0,1,5,0,0,0,0,43,0,0,0,0,5,0
13,23 Aug 2025,,15ipwqyqunn8fzwb3l9bsiot0,Michael Salisbury,Burnley FC,Sunderland AFC,J. Bruun Larsen,0,0,1,3,0,0,0,0,14,0,0,1,0,0,0
13,23 Aug 2025,,15ipwqyqunn8fzwb3l9bsiot0,Michael Salisbury,Burnley FC,Sunderland AFC,O. Sonne,0,0,0,0,1,0,0,0,10,0,0,0,0,0,0
13,23 Aug 2025,,15ipwqyqunn8fzwb3l9bsiot0,Michael Salisbury,Burnley FC,Sunderland AFC,J. Laurent,0,0,0,0,1,0,0,0,7,0,0,0,0,1,0
13,23 Aug 2025,,15ipwqyqunn8fzwb3l9bsiot0,Michael Salisbury,Burnley FC,Sunderland AFC,L. Tchaouna,0,0,1,1,0,1,0,0,10,0,0,1,0,0,0
13,23 Aug 2025,,15ipwqyqunn8fzwb3l9bsiot0,Michael Salisbury,Burnley FC,Sunderland AFC,J. Worrall,0,0,0,0,0,0,0,0,0,0,0,0,0,1,0
13,23 Aug 2025,,15ipwqyqunn8fzwb3l9bsiot0,Michael Salisbury,Burnley FC,Sunderland AFC,Z. Flemming,0,0,0,0,0,0,0,0,1,0,0,0,0,0,0
13,23 Aug 2025,,15ipwqyqunn8fzwb3l9bsiot0,Michael Salisbury,Burnley FC,Sunderland AFC,D. Ballard,0,0,0,0,0,0,0,0,4,0,0,0,0,0,0
13,23 Aug 2025,,15ipwqyqunn8fzwb3l9bsiot0,Michael Salisbury,Burnley FC,Sunderland AFC,O. Alderete,0,2,0,1,1,1,0,0,87,0,0,2,0,2,0
13,23 Aug 2025,,15ipwqyqunn8fzwb3l9bsiot0,Michael Salisbury,Burnley FC,Sunderland AFC,G. Xhaka,0,0,0,4,1,0,0,0,102,0,0,1,0,2,0
13,23 Aug 2025,,15ipwqyqunn8fzwb3l9bsiot0,Michael Salisbury,Burnley FC,Sunderland AFC,T. Hume,0,1,1,4,0,1,0,0,58,0,0,1,0,2,0
13,23 Aug 2025,,15ipwqyqunn8fzwb3l9bsiot0,Michael Salisbury,Burnley FC,Sunderland AFC,Eliezer Mayenda,0,0,0,0,1,0,0,1,1,0,0,1,1,1,0
13,23 Aug 2025,,15ipwqyqunn8fzwb3l9bsiot0,Michael Salisbury,Burnley FC,Sunderland AFC,Reinildo Mandava,0,0,0,2,0,2,0,0,69,0,0,0,0,5,0
13,23 Aug 2025,,15ipwqyqunn8fzwb3l9bsiot0,Michael Salisbury,Burnley FC,Sunderland AFC,S. Adingra,0,0,0,3,0,1,0,1,18,0,0,0,0,0,1
13,23 Aug 2025,,15ipwqyqunn8fzwb3l9bsiot0,Michael Salisbury,Burnley FC,Sunderland AFC,N. Sadiki,0,0,0,2,1,1,0,0,58,0,0,0,0,2,0
13,23 Aug 2025,,15ipwqyqunn8fzwb3l9bsiot0,Michael Salisbury,Burnley FC,Sunderland AFC,C. Talbi,0,0,0,3,0,0,0,0,17,0,0,1,0,0,0
13,23 Aug 2025,,15ipwqyqunn8fzwb3l9bsiot0,Michael Salisbury,Burnley FC,Sunderland AFC,H. Diarra,0,0,0,2,0,0,0,0,40,0,0,0,0,0,0
13,23 Aug 2025,,15ipwqyqunn8fzwb3l9bsiot0,Michael Salisbury,Burnley FC,Sunderland AFC,J. Seelt,0,0,0,1,1,1,0,0,81,0,0,0,0,2,0
13,23 Aug 2025,,15ipwqyqunn8fzwb3l9bsiot0,Michael Salisbury,Burnley FC,Sunderland AFC,R. Roefs,0,0,0,0,0,0,0,0,24,0,0,0,0,0,0
13,23 Aug 2025,,15ipwqyqunn8fzwb3l9bsiot0,Michael Salisbury,Burnley FC,Sunderland AFC,E. Le Fée,0,1,2,2,0,2,0,0,33,0,0,1,0,2,0
13,23 Aug 2025,,15ipwqyqunn8fzwb3l9bsiot0,Michael Salisbury,Burnley FC,Sunderland AFC,W. Isidor,0,0,0,0,0,0,0,0,0,0,0,0,0,0,0
13,23 Aug 2025,,15ipwqyqunn8fzwb3l9bsiot0,Michael Salisbury,Burnley FC,Sunderland AFC,P. Roberts,0,1,0,0,0,0,0,0,20,0,0,1,0,0,0
13,23 Aug 2025,,15ipwqyqunn8fzwb3l9bsiot0,Michael Salisbury,Burnley FC,Sunderland AFC,Marc Guiu,0,0,0,0,0,0,0,0,4,0,0,1,0,0,0
14,24 Aug 2025,,15wpdgoeb2hhp1jui3uzbf6l0,Anthony Taylor,Crystal Palace FC,Nottingham Forest FC,J. Devenny,0,0,1,0,1,1,0,1,24,0,0,1,1,2,0
14,24 Aug 2025,,15wpdgoeb2hhp1jui3uzbf6l0,Anthony Taylor,Crystal Palace FC,Nottingham Forest FC,A. Wharton,0,0,0,2,0,1,0,0,43,0,0,0,0,1,0
14,24 Aug 2025,,15wpdgoeb2hhp1jui3uzbf6l0,Anthony Taylor,Crystal Palace FC,Nottingham Forest FC,C. Richards,0,0,0,0,1,0,0,0,40,0,0,0,0,1,0
14,24 Aug 2025,,15wpdgoeb2hhp1jui3uzbf6l0,Anthony Taylor,Crystal Palace FC,Nottingham Forest FC,I. Sarr,0,0,0,3,2,1,1,1,15,0,0,1,1,2,0
14,24 Aug 2025,,15wpdgoeb2hhp1jui3uzbf6l0,Anthony Taylor,Crystal Palace FC,Nottingham Forest FC,M. Lacroix,0,0,0,1,2,0,0,0,42,0,0,1,1,3,1
14,24 Aug 2025,,15wpdgoeb2hhp1jui3uzbf6l0,Anthony Taylor,Crystal Palace FC,Nottingham Forest FC,D. Henderson,0,0,0,0,0,0,0,0,39,0,0,0,0,0,0
14,24 Aug 2025,,15wpdgoeb2hhp1jui3uzbf6l0,Anthony Taylor,Crystal Palace FC,Nottingham Forest FC,J. Mateta,0,0,0,0,1,2,0,0,9,0,0,2,1,0,0
14,24 Aug 2025,,15wpdgoeb2hhp1jui3uzbf6l0,Anthony Taylor,Crystal Palace FC,Nottingham Forest FC,W. Hughes,0,0,0,3,2,1,0,0,36,0,0,2,0,4,1
14,24 Aug 2025,,15wpdgoeb2hhp1jui3uzbf6l0,Anthony Taylor,Crystal Palace FC,Nottingham Forest FC,T. Mitchell,0,0,0,5,0,0,0,0,34,0,0,0,0,3,1
14,24 Aug 2025,,15wpdgoeb2hhp1jui3uzbf6l0,Anthony Taylor,Crystal Palace FC,Nottingham Forest FC,M. Guéhi,0,0,0,0,0,1,0,0,60,0,0,1,0,1,0
14,24 Aug 2025,,15wpdgoeb2hhp1jui3uzbf6l0,Anthony Taylor,Crystal Palace FC,Nottingham Forest FC,D. Muñoz,1,0,0,4,1,1,0,0,27,0,0,0,0,0,0
14,24 Aug 2025,,15wpdgoeb2hhp1jui3uzbf6l0,Anthony Taylor,Crystal Palace FC,Nottingham Forest FC,R. Esse,0,0,0,0,1,2,0,0,7,0,0,0,0,2,0
14,24 Aug 2025,,15wpdgoeb2hhp1jui3uzbf6l0,Anthony Taylor,Crystal Palace FC,Nottingham Forest FC,J. Lerma,0,0,0,0,0,0,0,0,1,0,0,0,0,0,0
14,24 Aug 2025,,15wpdgoeb2hhp1jui3uzbf6l0,Anthony Taylor,Crystal Palace FC,Nottingham Forest FC,O. Édouard,0,0,0,0,0,1,0,0,0,0,0,0,0,1,0
14,24 Aug 2025,,15wpdgoeb2hhp1jui3uzbf6l0,Anthony Taylor,Crystal Palace FC,Nottingham Forest FC,N. Williams,0,0,0,7,1,3,0,1,49,0,0,0,0,3,0
14,24 Aug 2025,,15wpdgoeb2hhp1jui3uzbf6l0,Anthony Taylor,Crystal Palace FC,Nottingham Forest FC,C. Wood,0,0,0,0,1,1,0,1,12,0,0,2,0,0,0
14,24 Aug 2025,,15wpdgoeb2hhp1jui3uzbf6l0,Anthony Taylor,Crystal Palace FC,Nottingham Forest FC,N. Milenković,0,0,0,0,0,1,0,0,57,0,0,0,0,1,0
14,24 Aug 2025,,15wpdgoeb2hhp1jui3uzbf6l0,Anthony Taylor,Crystal Palace FC,Nottingham Forest FC,O. Aina,0,0,1,2,2,2,0,0,44,0,0,0,0,1,1
14,24 Aug 2025,,15wpdgoeb2hhp1jui3uzbf6l0,Anthony Taylor,Crystal Palace FC,Nottingham Forest FC,Murillo,0,0,1,0,3,0,0,0,84,0,0,0,0,2,1
14,24 Aug 2025,,15wpdgoeb2hhp1jui3uzbf6l0,Anthony Taylor,Crystal Palace FC,Nottingham Forest FC,M. Gibbs-White,0,0,0,2,1,1,0,0,45,0,0,1,0,0,0
14,24 Aug 2025,,15wpdgoeb2hhp1jui3uzbf6l0,Anthony Taylor,Crystal Palace FC,Nottingham Forest FC,I. Sangaré,0,0,0,0,0,0,0,0,60,0,0,1,0,1,0
14,24 Aug 2025,,15wpdgoeb2hhp1jui3uzbf6l0,Anthony Taylor,Crystal Palace FC,Nottingham Forest FC,M. Sels,0,0,0,0,0,0,0,0,24,0,3,0,0,0,1
14,24 Aug 2025,,15wpdgoeb2hhp1jui3uzbf6l0,Anthony Taylor,Crystal Palace FC,Nottingham Forest FC,E. Anderson,0,0,0,5,2,0,0,0,75,0,0,0,0,3,0
14,24 Aug 2025,,15wpdgoeb2hhp1jui3uzbf6l0,Anthony Taylor,Crystal Palace FC,Nottingham Forest FC,D. Ndoye,1,0,1,4,0,0,0,0,15,0,0,0,0,0,0
14,24 Aug 2025,,15wpdgoeb2hhp1jui3uzbf6l0,Anthony Taylor,Crystal Palace FC,Nottingham Forest FC,C. Hudson-Odoi,0,1,0,3,0,0,1,0,21,0,0,2,1,1,0
14,24 Aug 2025,,15wpdgoeb2hhp1jui3uzbf6l0,Anthony Taylor,Crystal Palace FC,Nottingham Forest FC,J. McAtee,0,0,0,1,1,2,0,0,9,0,0,0,0,0,0
14,24 Aug 2025,,15wpdgoeb2hhp1jui3uzbf6l0,Anthony Taylor,Crystal Palace FC,Nottingham Forest FC,A. Kalimuendo,0,0,0,1,0,0,0,0,3,0,0,0,0,0,0
14,24 Aug 2025,,15wpdgoeb2hhp1jui3uzbf6l0,Anthony Taylor,Crystal Palace FC,Nottingham Forest FC,O. Hutchinson,0,0,0,1,0,0,0,0,6,0,0,2,0,0,0
14,24 Aug 2025,,15wpdgoeb2hhp1jui3uzbf6l0,Anthony Taylor,Crystal Palace FC,Nottingham Forest FC,R. Yates,0,0,0,0,0,0,0,0,9,0,0,0,0,0,0
14,24 Aug 2025,,15wpdgoeb2hhp1jui3uzbf6l0,Anthony Taylor,Crystal Palace FC,Nottingham Forest FC,Igor Jesus,0,0,0,0,0,0,0,0,1,0,0,1,0,0,0
15,24 Aug 2025,,16am82aqanxg9ylk4fufxw07o,Stuart Attwell,Everton FC,Brighton & Hove Albion FC,J. Garner,0,0,0,2,0,0,1,0,39,0,0,2,1,1,1
15,24 Aug 2025,,16am82aqanxg9ylk4fufxw07o,Stuart Attwell,Everton FC,Brighton & Hove Albion FC,J. Tarkowski,0,0,0,0,0,2,0,0,43,0,0,0,0,0,0
15,24 Aug 2025,,16am82aqanxg9ylk4fufxw07o,Stuart Attwell,Everton FC,Brighton & Hove Albion FC,J. Pickford,0,0,0,0,0,0,0,0,47,0,4,0,0,0,0
15,24 Aug 2025,,16am82aqanxg9ylk4fufxw07o,Stuart Attwell,Everton FC,Brighton & Hove Albion FC,I. Gueye,0,0,0,0,0,2,0,0,40,0,0,0,0,2,0
15,24 Aug 2025,,16am82aqanxg9ylk4fufxw07o,Stuart Attwell,Everton FC,Brighton & Hove Albion FC,J. Grealish,2,1,1,2,0,1,0,0,35,0,0,1,0,3,0
15,24 Aug 2025,,16am82aqanxg9ylk4fufxw07o,Stuart Attwell,Everton FC,Brighton & Hove Albion FC,M. Keane,0,0,0,0,0,0,0,0,25,0,0,0,0,2,0
15,24 Aug 2025,,16am82aqanxg9ylk4fufxw07o,Stuart Attwell,Everton FC,Brighton & Hove Albion FC,T. Iroegbunam,0,0,0,0,2,3,0,0,22,0,0,1,0,0,1
15,24 Aug 2025,,16am82aqanxg9ylk4fufxw07o,Stuart Attwell,Everton FC,Brighton & Hove Albion FC,K. Dewsbury-Hall,0,0,0,4,2,3,0,0,40,0,0,0,0,0,1
15,24 Aug 2025,,16am82aqanxg9ylk4fufxw07o,Stuart Attwell,Everton FC,Brighton & Hove Albion FC,J. O'Brien,0,0,1,3,0,0,0,0,27,0,0,0,0,2,0
15,24 Aug 2025,,16am82aqanxg9ylk4fufxw07o,Stuart Attwell,Everton FC,Brighton & Hove Albion FC,I. Ndiaye,0,0,0,0,2,2,1,0,11,0,0,2,2,3,0
15,24 Aug 2025,,16am82aqanxg9ylk4fufxw07o,Stuart Attwell,Everton FC,Brighton & Hove Albion FC,T. Barry,0,0,0,0,0,0,0,0,14,0,0,2,0,0,0
15,24 Aug 2025,,16am82aqanxg9ylk4fufxw07o,Stuart Attwell,Everton FC,Brighton & Hove Albion FC,Beto,0,0,0,0,1,1,0,0,5,0,0,1,0,0,1
15,24 Aug 2025,,16am82aqanxg9ylk4fufxw07o,Stuart Attwell,Everton FC,Brighton & Hove Albion FC,C. Alcaraz,0,0,0,1,0,1,0,0,8,0,0,0,0,2,0
15,24 Aug 2025,,16am82aqanxg9ylk4fufxw07o,Stuart Attwell,Everton FC,Brighton & Hove Albion FC,D. McNeil,0,0,0,0,0,0,0,0,6,0,0,2,0,0,0
15,24 Aug 2025,,16am82aqanxg9ylk4fufxw07o,Stuart Attwell,Everton FC,Brighton & Hove Albion FC,Harrison David Armstrong,0,0,0,0,0,0,0,0,0,0,0,0,0,0,0
15,24 Aug 2025,,16am82aqanxg9ylk4fufxw07o,Stuart Attwell,Everton FC,Brighton & Hove Albion FC,M. O'Riley,0,0,0,2,0,0,0,1,32,0,0,3,1,1,0
15,24 Aug 2025,,16am82aqanxg9ylk4fufxw07o,Stuart Attwell,Everton FC,Brighton & Hove Albion FC,Y. Ayari,0,2,0,1,2,2,0,0,27,0,0,4,2,3,0
15,24 Aug 2025,,16am82aqanxg9ylk4fufxw07o,Stuart Attwell,Everton FC,Brighton & Hove Albion FC,M. Wieffer,0,0,0,1,1,0,0,1,30,0,0,0,0,7,1
15,24 Aug 2025,,16am82aqanxg9ylk4fufxw07o,Stuart Attwell,Everton FC,Brighton & Hove Albion FC,J. van Hecke,0,1,0,0,0,0,0,1,87,0,0,1,0,0,0
15,24 Aug 2025,,16am82aqanxg9ylk4fufxw07o,Stuart Attwell,Everton FC,Brighton & Hove Albion FC,L. Dunk,0,0,0,0,1,1,0,0,101,0,0,0,0,2,0
15,24 Aug 2025,,16am82aqanxg9ylk4fufxw07o,Stuart Attwell,Everton FC,Brighton & Hove Albion FC,B. Verbruggen,0,0,0,0,0,0,0,0,34,0,1,0,0,0,0
15,24 Aug 2025,,16am82aqanxg9ylk4fufxw07o,Stuart Attwell,Everton FC,Brighton & Hove Albion FC,Y. Minteh,0,1,2,2,2,0,0,2,27,0,0,1,0,1,0
15,24 Aug 2025,,16am82aqanxg9ylk4fufxw07o,Stuart Attwell,Everton FC,Brighton & Hove Albion FC,C. Baleba,0,0,0,0,1,0,0,0,17,0,0,0,0,0,0
15,24 Aug 2025,,16am82aqanxg9ylk4fufxw07o,Stuart Attwell,Everton FC,Brighton & Hove Albion FC,K. Mitoma,0,0,0,3,1,0,0,0,28,0,0,1,0,1,0
15,24 Aug 2025,,16am82aqanxg9ylk4fufxw07o,Stuart Attwell,Everton FC,Brighton & Hove Albion FC,M. De Cuyper,0,0,0,1,3,2,0,1,30,0,0,0,0,1,1
15,24 Aug 2025,,16am82aqanxg9ylk4fufxw07o,Stuart Attwell,Everton FC,Brighton & Hove Albion FC,D. Welbeck,0,0,0,0,3,0,0,0,13,0,0,2,1,0,0
15,24 Aug 2025,,16am82aqanxg9ylk4fufxw07o,Stuart Attwell,Everton FC,Brighton & Hove Albion FC,J. Hinshelwood,0,0,0,0,0,0,0,0,34,0,0,0,0,1,0
15,24 Aug 2025,,16am82aqanxg9ylk4fufxw07o,Stuart Attwell,Everton FC,Brighton & Hove Albion FC,D. Gómez,0,0,0,1,0,0,0,0,15,0,0,0,0,0,0
15,24 Aug 2025,,16am82aqanxg9ylk4fufxw07o,Stuart Attwell,Everton FC,Brighton & Hove Albion FC,F. Kadıoğlu,0,0,0,0,1,0,0,0,13,0,0,0,0,0,1
15,24 Aug 2025,,16am82aqanxg9ylk4fufxw07o,Stuart Attwell,Everton FC,Brighton & Hove Albion FC,B. Gruda,0,0,0,0,0,1,0,0,2,0,0,1,0,0,0
16,24 Aug 2025,,16ogxo1bxdi6eza02h0s9i5n8,Chris Kavanagh,Fulham FC,Manchester United FC,S. Lukić,0,0,2,14,2,3,0,0,33,0,0,0,0,1,1
16,24 Aug 2025,,16ogxo1bxdi6eza02h0s9i5n8,Chris Kavanagh,Fulham FC,Manchester United FC,J. Andersen,0,0,0,1,2,0,0,0,66,0,0,0,0,1,0
16,24 Aug 2025,,16ogxo1bxdi6eza02h0s9i5n8,Chris Kavanagh,Fulham FC,Manchester United FC,Rodrigo Muniz,0,1,0,0,0,0,0,0,4,0,0,3,0,1,0
16,24 Aug 2025,,16ogxo1bxdi6eza02h0s9i5n8,Chris Kavanagh,Fulham FC,Manchester United FC,A. Iwobi,1,1,2,2,0,0,0,0,52,0,0,3,1,0,0
16,24 Aug 2025,,16ogxo1bxdi6eza02h0s9i5n8,Chris Kavanagh,Fulham FC,Manchester United FC,K. Tete,0,0,1,4,0,2,0,1,46,0,0,0,0,3,0
16,24 Aug 2025,,16ogxo1bxdi6eza02h0s9i5n8,Chris Kavanagh,Fulham FC,Manchester United FC,B. Leno,0,0,0,0,0,0,0,0,36,0,3,0,0,0,0
16,24 Aug 2025,,16ogxo1bxdi6eza02h0s9i5n8,Chris Kavanagh,Fulham FC,Manchester United FC,J. King,0,1,1,0,0,0,0,0,19,0,0,2,1,1,0
16,24 Aug 2025,,16ogxo1bxdi6eza02h0s9i5n8,Chris Kavanagh,Fulham FC,Manchester United FC,C. Bassey,0,0,0,2,2,1,0,0,40,0,0,1,0,0,0
16,24 Aug 2025,,16ogxo1bxdi6eza02h0s9i5n8,Chris Kavanagh,Fulham FC,Manchester United FC,R. Sessegnon,0,0,2,5,1,0,0,0,17,0,0,0,0,2,0
16,24 Aug 2025,,16ogxo1bxdi6eza02h0s9i5n8,Chris Kavanagh,Fulham FC,Manchester United FC,S. Berge,0,0,0,0,0,1,0,0,48,0,0,0,0,0,0
16,24 Aug 2025,,16ogxo1bxdi6eza02h0s9i5n8,Chris Kavanagh,Fulham FC,Manchester United FC,T. Castagne,0,1,0,1,2,1,0,0,18,0,0,2,1,0,0
16,24 Aug 2025,,16ogxo1bxdi6eza02h0s9i5n8,Chris Kavanagh,Fulham FC,Manchester United FC,A. Robinson,0,0,0,2,0,0,0,0,18,0,0,0,0,0,0
16,24 Aug 2025,,16ogxo1bxdi6eza02h0s9i5n8,Chris Kavanagh,Fulham FC,Manchester United FC,H. Wilson,0,0,0,2,1,1,0,0,9,0,0,0,0,1,0
16,24 Aug 2025,,16ogxo1bxdi6eza02h0s9i5n8,Chris Kavanagh,Fulham FC,Manchester United FC,R. Jiménez,0,0,0,0,1,0,0,1,5,0,0,0,0,0,0
16,24 Aug 2025,,16ogxo1bxdi6eza02h0s9i5n8,Chris Kavanagh,Fulham FC,Manchester United FC,E. Smith Rowe,0,1,1,0,1,0,1,0,8,0,0,2,1,0,0
16,24 Aug 2025,,16ogxo1bxdi6eza02h0s9i5n8,Chris Kavanagh,Fulham FC,Manchester United FC,A. Diallo,0,1,0,0,0,1,0,0,20,0,0,2,1,2,0
16,24 Aug 2025,,16ogxo1bxdi6eza02h0s9i5n8,Chris Kavanagh,Fulham FC,Manchester United FC,L. Yoro,0,0,0,0,0,0,0,0,43,0,0,1,0,2,0
16,24 Aug 2025,,16ogxo1bxdi6eza02h0s9i5n8,Chris Kavanagh,Fulham FC,Manchester United FC,L. Shaw,0,0,0,0,2,0,0,0,65,0,0,0,0,1,0
16,24 Aug 2025,,16ogxo1bxdi6eza02h0s9i5n8,Chris Kavanagh,Fulham FC,Manchester United FC,A. Bayındır,0,0,0,0,0,0,0,0,25,0,2,0,0,0,0
16,24 Aug 2025,,16ogxo1bxdi6eza02h0s9i5n8,Chris Kavanagh,Fulham FC,Manchester United FC,Matheus Cunha,0,0,2,2,1,2,0,0,22,0,0,3,1,1,0
16,24 Aug 2025,,16ogxo1bxdi6eza02h0s9i5n8,Chris Kavanagh,Fulham FC,Manchester United FC,P. Dorgu,0,0,2,2,2,2,0,0,30,0,0,0,0,0,0
16,24 Aug 2025,,16ogxo1bxdi6eza02h0s9i5n8,Chris Kavanagh,Fulham FC,Manchester United FC,Bruno Fernandes,0,0,1,3,0,3,0,0,54,0,0,2,1,2,0
16,24 Aug 2025,,16ogxo1bxdi6eza02h0s9i5n8,Chris Kavanagh,Fulham FC,Manchester United FC,M. Mount,0,0,0,0,2,2,0,0,22,0,0,0,0,2,0
16,24 Aug 2025,,16ogxo1bxdi6eza02h0s9i5n8,Chris Kavanagh,Fulham FC,Manchester United FC,B. Mbeumo,0,0,0,4,0,1,0,1,16,0,0,0,0,0,0
16,24 Aug 2025,,16ogxo1bxdi6eza02h0s9i5n8,Chris Kavanagh,Fulham FC,Manchester United FC,Casemiro,0,0,0,1,2,0,0,0,25,0,0,0,0,2,1
16,24 Aug 2025,,16ogxo1bxdi6eza02h0s9i5n8,Chris Kavanagh,Fulham FC,Manchester United FC,M. de Ligt,0,0,0,0,0,0,0,0,39,0,0,0,0,1,0
16,24 Aug 2025,,16ogxo1bxdi6eza02h0s9i5n8,Chris Kavanagh,Fulham FC,Manchester United FC,B. Šeško,0,0,0,0,0,0,0,0,13,0,0,0,0,0,0
16,24 Aug 2025,,16ogxo1bxdi6eza02h0s9i5n8,Chris Kavanagh,Fulham FC,Manchester United FC,Diogo Dalot,0,0,1,2,0,0,0,0,12,0,0,1,0,1,0
16,24 Aug 2025,,16ogxo1bxdi6eza02h0s9i5n8,Chris Kavanagh,Fulham FC,Manchester United FC,M. Ugarte,0,0,0,0,1,0,0,0,10,0,0,0,0,3,0
16,24 Aug 2025,,16ogxo1bxdi6eza02h0s9i5n8,Chris Kavanagh,Fulham FC,Manchester United FC,A. Heaven,0,0,0,0,0,0,0,0,0,0,0,0,0,0,0
16,24 Aug 2025,,16ogxo1bxdi6eza02h0s9i5n8,Chris Kavanagh,Fulham FC,Manchester United FC,H. Maguire,0,0,0,0,0,0,0,0,1,0,0,1,0,0,0
17,23 Aug 2025,,172cmeucd0eh693911rgimuj8,Peter Bankes,Manchester City FC,Tottenham Hotspur FC,R. Lewis,0,0,0,0,1,0,0,0,50,0,0,1,0,2,0
17,23 Aug 2025,,172cmeucd0eh693911rgimuj8,Peter Bankes,Manchester City FC,Tottenham Hotspur FC,Nico González,0,0,0,0,1,1,0,0,55,0,0,0,0,3,1
17,23 Aug 2025,,172cmeucd0eh693911rgimuj8,Peter Bankes,Manchester City FC,Tottenham Hotspur FC,J. Stones,0,0,0,2,0,0,0,0,83,0,0,0,0,0,0
17,23 Aug 2025,,172cmeucd0eh693911rgimuj8,Peter Bankes,Manchester City FC,Tottenham Hotspur FC,T. Reijnders,0,1,1,3,0,1,0,0,40,0,0,1,0,1,0
17,23 Aug 2025,,172cmeucd0eh693911rgimuj8,Peter Bankes,Manchester City FC,Tottenham Hotspur FC,E. Haaland,0,0,0,0,1,0,0,0,14,0,0,1,0,0,0
17,23 Aug 2025,,172cmeucd0eh693911rgimuj8,Peter Bankes,Manchester City FC,Tottenham Hotspur FC,R. Cherki,0,0,0,2,1,0,0,0,42,0,0,0,0,4,0
17,23 Aug 2025,,172cmeucd0eh693911rgimuj8,Peter Bankes,Manchester City FC,Tottenham Hotspur FC,Rúben Dias,0,0,0,0,0,0,0,0,64,0,0,0,0,2,0
17,23 Aug 2025,,172cmeucd0eh693911rgimuj8,Peter Bankes,Manchester City FC,Tottenham Hotspur FC,R. Aït-Nouri,0,0,0,0,0,0,0,0,7,0,0,0,0,0,0
17,23 Aug 2025,,172cmeucd0eh693911rgimuj8,Peter Bankes,Manchester City FC,Tottenham Hotspur FC,Omar Marmoush,0,0,0,2,0,1,0,0,14,0,0,3,2,1,0
17,23 Aug 2025,,172cmeucd0eh693911rgimuj8,Peter Bankes,Manchester City FC,Tottenham Hotspur FC,O. Bobb,0,0,2,1,1,4,0,0,28,0,0,0,0,3,0
17,23 Aug 2025,,172cmeucd0eh693911rgimuj8,Peter Bankes,Manchester City FC,Tottenham Hotspur FC,J. Trafford,0,0,0,0,0,1,0,0,37,0,3,0,0,2,0
17,23 Aug 2025,,172cmeucd0eh693911rgimuj8,Peter Bankes,Manchester City FC,Tottenham Hotspur FC,N. Aké,0,1,0,2,0,2,0,0,32,0,0,1,0,1,0
17,23 Aug 2025,,172cmeucd0eh693911rgimuj8,Peter Bankes,Manchester City FC,Tottenham Hotspur FC,J. Doku,0,0,2,1,1,0,0,0,12,0,0,0,0,0,0
17,23 Aug 2025,,172cmeucd0eh693911rgimuj8,Peter Bankes,Manchester City FC,Tottenham Hotspur FC,Bernardo Silva,0,0,1,1,0,0,0,0,19,0,0,0,0,0,0
17,23 Aug 2025,,172cmeucd0eh693911rgimuj8,Peter Bankes,Manchester City FC,Tottenham Hotspur FC,P. Foden,0,1,1,5,0,1,0,0,11,0,0,2,1,0,0
17,23 Aug 2025,,172cmeucd0eh693911rgimuj8,Peter Bankes,Manchester City FC,Tottenham Hotspur FC,Rodri,0,0,0,0,1,1,0,0,17,0,0,1,1,1,0
17,23 Aug 2025,,172cmeucd0eh693911rgimuj8,Peter Bankes,Manchester City FC,Tottenham Hotspur FC,P. Sarr,0,0,0,0,3,0,0,0,17,0,0,1,1,2,0
17,23 Aug 2025,,172cmeucd0eh693911rgimuj8,Peter Bankes,Manchester City FC,Tottenham Hotspur FC,G. Vicario,0,0,0,0,0,0,0,0,47,0,4,0,0,0,0
17,23 Aug 2025,,172cmeucd0eh693911rgimuj8,Peter Bankes,Manchester City FC,Tottenham Hotspur FC,D. Spence,0,0,0,0,0,1,0,0,35,0,0,0,0,2,0
17,23 Aug 2025,,172cmeucd0eh693911rgimuj8,Peter Bankes,Manchester City FC,Tottenham Hotspur FC,R. Bentancur,0,0,0,0,0,0,0,0,35,0,0,0,0,2,0
17,23 Aug 2025,,172cmeucd0eh693911rgimuj8,Peter Bankes,Manchester City FC,Tottenham Hotspur FC,C. Romero,0,0,0,0,1,1,0,0,40,0,0,0,0,3,1
17,23 Aug 2025,,172cmeucd0eh693911rgimuj8,Peter Bankes,Manchester City FC,Tottenham Hotspur FC,Pedro Porro,0,1,0,4,2,0,0,0,39,0,0,2,0,1,1
17,23 Aug 2025,,172cmeucd0eh693911rgimuj8,Peter Bankes,Manchester City FC,Tottenham Hotspur FC,M. Kudus,0,0,0,4,1,1,0,0,18,0,0,0,0,3,0
17,23 Aug 2025,,172cmeucd0eh693911rgimuj8,Peter Bankes,Manchester City FC,Tottenham Hotspur FC,B. Johnson,0,0,0,1,0,1,1,0,14,0,0,2,1,4,1
17,23 Aug 2025,,172cmeucd0eh693911rgimuj8,Peter Bankes,Manchester City FC,Tottenham Hotspur FC,Richarlison,1,1,0,1,1,2,0,1,9,0,0,3,0,2,1
17,23 Aug 2025,,172cmeucd0eh693911rgimuj8,Peter Bankes,Manchester City FC,Tottenham Hotspur FC,M. van de Ven,0,0,0,0,2,0,0,0,42,0,0,0,0,1,0
17,23 Aug 2025,,172cmeucd0eh693911rgimuj8,Peter Bankes,Manchester City FC,Tottenham Hotspur FC,João Palhinha,0,0,1,1,1,1,1,0,27,0,0,1,1,4,0
17,23 Aug 2025,,172cmeucd0eh693911rgimuj8,Peter Bankes,Manchester City FC,Tottenham Hotspur FC,D. Solanke,0,0,0,0,0,0,0,0,1,0,0,1,1,0,0
17,23 Aug 2025,,172cmeucd0eh693911rgimuj8,Peter Bankes,Manchester City FC,Tottenham Hotspur FC,W. Odobert,0,0,1,0,0,0,0,0,3,0,0,2,1,0,0
17,23 Aug 2025,,172cmeucd0eh693911rgimuj8,Peter Bankes,Manchester City FC,Tottenham Hotspur FC,L. Bergvall,0,0,0,0,1,0,0,0,2,0,0,0,0,0,0
17,23 Aug 2025,,172cmeucd0eh693911rgimuj8,Peter Bankes,Manchester City FC,Tottenham Hotspur FC,K. Danso,0,0,0,0,0,0,0,0,2,0,0,0,0,0,0
18,25 Aug 2025,,17gi8gmcwairx1s9f0utz7ggk,Simon Hooper,Newcastle United FC,Liverpool FC,D. Burn,0,0,0,1,2,1,0,0,23,0,0,1,0,1,1
18,25 Aug 2025,,17gi8gmcwairx1s9f0utz7ggk,Simon Hooper,Newcastle United FC,Liverpool FC,N. Pope,0,0,0,0,0,0,0,0,19,0,1,0,0,0,0
18,25 Aug 2025,,17gi8gmcwairx1s9f0utz7ggk,Simon Hooper,Newcastle United FC,Liverpool FC,F. Schär,0,0,0,1,0,1,0,0,24,0,0,0,0,3,0
18,25 Aug 2025,,17gi8gmcwairx1s9f0utz7ggk,Simon Hooper,Newcastle United FC,Liverpool FC,A. Gordon,0,0,0,0,2,3,0,0,12,1,0,3,1,0,0
18,25 Aug 2025,,17gi8gmcwairx1s9f0utz7ggk,Simon Hooper,Newcastle United FC,Liverpool FC,Bruno Guimarães,0,0,2,1,4,3,1,0,28,0,0,1,1,3,1
18,25 Aug 2025,,17gi8gmcwairx1s9f0utz7ggk,Simon Hooper,Newcastle United FC,Liverpool FC,A. Elanga,0,0,3,10,0,0,0,0,16,0,0,0,0,0,0
18,25 Aug 2025,,17gi8gmcwairx1s9f0utz7ggk,Simon Hooper,Newcastle United FC,Liverpool FC,S. Tonali,0,1,0,1,1,1,0,0,17,0,0,2,0,0,0
18,25 Aug 2025,,17gi8gmcwairx1s9f0utz7ggk,Simon Hooper,Newcastle United FC,Liverpool FC,K. Trippier,0,0,0,4,4,2,0,0,33,0,0,0,0,0,0
18,25 Aug 2025,,17gi8gmcwairx1s9f0utz7ggk,Simon Hooper,Newcastle United FC,Liverpool FC,Joelinton,0,1,0,0,1,1,0,0,11,0,0,1,0,2,0
18,25 Aug 2025,,17gi8gmcwairx1s9f0utz7ggk,Simon Hooper,Newcastle United FC,Liverpool FC,T. Livramento,1,0,2,3,0,3,0,0,22,0,0,0,0,0,0
18,25 Aug 2025,,17gi8gmcwairx1s9f0utz7ggk,Simon Hooper,Newcastle United FC,Liverpool FC,H. Barnes,0,0,0,2,0,0,0,0,13,0,0,0,0,0,0
18,25 Aug 2025,,17gi8gmcwairx1s9f0utz7ggk,Simon Hooper,Newcastle United FC,Liverpool FC,L. Hall,0,0,0,2,0,0,0,0,5,0,0,0,0,1,0
18,25 Aug 2025,,17gi8gmcwairx1s9f0utz7ggk,Simon Hooper,Newcastle United FC,Liverpool FC,L. Miley,0,1,0,0,0,0,0,0,7,0,0,1,0,1,0
18,25 Aug 2025,,17gi8gmcwairx1s9f0utz7ggk,Simon Hooper,Newcastle United FC,Liverpool FC,J. Ramsey,0,0,0,1,0,0,0,0,8,0,0,0,0,1,0
18,25 Aug 2025,,17gi8gmcwairx1s9f0utz7ggk,Simon Hooper,Newcastle United FC,Liverpool FC,W. Osula,0,0,0,0,3,0,1,0,3,0,0,1,1,0,0
18,25 Aug 2025,,17gi8gmcwairx1s9f0utz7ggk,Simon Hooper,Newcastle United FC,Liverpool FC,M. Thiaw,0,0,0,0,0,0,0,0,6,0,0,0,0,0,0
18,25 Aug 2025,,17gi8gmcwairx1s9f0utz7ggk,Simon Hooper,Newcastle United FC,Liverpool FC,C. Jones,0,0,0,0,0,1,0,0,56,0,0,0,0,4,0
18,25 Aug 2025,,17gi8gmcwairx1s9f0utz7ggk,Simon Hooper,Newcastle United FC,Liverpool FC,V. van Dijk,0,0,0,0,0,1,0,0,62,0,0,0,0,0,0
18,25 Aug 2025,,17gi8gmcwairx1s9f0utz7ggk,Simon Hooper,Newcastle United FC,Liverpool FC,M. Kerkez,0,0,0,1,0,1,0,0,40,0,0,0,0,2,0
18,25 Aug 2025,,17gi8gmcwairx1s9f0utz7ggk,Simon Hooper,Newcastle United FC,Liverpool FC,C. Gakpo,2,1,0,2,3,4,0,0,17,0,0,1,0,3,0
18,25 Aug 2025,,17gi8gmcwairx1s9f0utz7ggk,Simon Hooper,Newcastle United FC,Liverpool FC,F. Wirtz,0,0,1,2,2,2,0,0,26,0,0,1,1,1,0
18,25 Aug 2025,,17gi8gmcwairx1s9f0utz7ggk,Simon Hooper,Newcastle United FC,Liverpool FC,H. Ekitiké,0,0,0,0,2,1,1,0,16,0,0,1,1,0,0
18,25 Aug 2025,,17gi8gmcwairx1s9f0utz7ggk,Simon Hooper,Newcastle United FC,Liverpool FC,Mohamed Salah,1,0,0,1,1,1,0,0,25,0,0,0,0,0,0
18,25 Aug 2025,,17gi8gmcwairx1s9f0utz7ggk,Simon Hooper,Newcastle United FC,Liverpool FC,D. Szoboszlai,0,0,0,2,2,0,0,0,45,0,0,0,0,1,0
18,25 Aug 2025,,17gi8gmcwairx1s9f0utz7ggk,Simon Hooper,Newcastle United FC,Liverpool FC,I. Konaté,0,0,0,0,1,1,0,0,54,0,0,0,0,1,1
18,25 Aug 2025,,17gi8gmcwairx1s9f0utz7ggk,Simon Hooper,Newcastle United FC,Liverpool FC,Alisson Becker,0,0,0,0,0,1,0,0,34,0,1,0,0,0,0
18,25 Aug 2025,,17gi8gmcwairx1s9f0utz7ggk,Simon Hooper,Newcastle United FC,Liverpool FC,R. Gravenberch,0,0,0,0,2,1,1,0,47,0,0,1,1,1,1
18,25 Aug 2025,,17gi8gmcwairx1s9f0utz7ggk,Simon Hooper,Newcastle United FC,Liverpool FC,F. Chiesa,0,0,0,0,1,1,0,0,2,0,0,0,0,0,0
18,25 Aug 2025,,17gi8gmcwairx1s9f0utz7ggk,Simon Hooper,Newcastle United FC,Liverpool FC,C. Bradley,0,0,0,0,1,1,0,0,12,0,0,0,0,0,1
18,25 Aug 2025,,17gi8gmcwairx1s9f0utz7ggk,Simon Hooper,Newcastle United FC,Liverpool FC,H. Elliott,0,0,0,0,0,0,0,0,8,0,0,0,0,0,0
18,25 Aug 2025,,17gi8gmcwairx1s9f0utz7ggk,Simon Hooper,Newcastle United FC,Liverpool FC,R. Ngumoha,0,0,0,1,0,0,1,0,1,0,0,1,1,0,0
18,25 Aug 2025,,17gi8gmcwairx1s9f0utz7ggk,Simon Hooper,Newcastle United FC,Liverpool FC,Wataru Endo,0,0,0,0,0,0,0,0,0,0,0,0,0,0,0
19,22 Aug 2025,,17umsvptey1sqmfwpp2m7ci6s,Michael Oliver,West Ham United FC,Chelsea FC,T. Souček,0,1,1,0,1,1,0,1,25,0,0,2,1,1,0
19,22 Aug 2025,,17umsvptey1sqmfwpp2m7ci6s,Michael Oliver,West Ham United FC,Chelsea FC,N. Aguerd,0,0,0,1,0,1,0,0,46,0,0,2,0,1,0
19,22 Aug 2025,,17umsvptey1sqmfwpp2m7ci6s,Michael Oliver,West Ham United FC,Chelsea FC,J. Ward-Prowse,0,1,2,8,1,1,0,0,43,0,0,1,0,2,0
19,22 Aug 2025,,17umsvptey1sqmfwpp2m7ci6s,Michael Oliver,West Ham United FC,Chelsea FC,J. Bowen,0,1,3,4,0,2,0,1,26,0,0,2,1,0,0
19,22 Aug 2025,,17umsvptey1sqmfwpp2m7ci6s,Michael Oliver,West Ham United FC,Chelsea FC,A. Wan-Bissaka,0,0,0,2,0,1,0,0,26,0,0,0,0,0,0
19,22 Aug 2025,,17umsvptey1sqmfwpp2m7ci6s,Michael Oliver,West Ham United FC,Chelsea FC,J. Todibo,0,0,0,0,0,0,0,1,19,0,0,0,0,0,0
19,22 Aug 2025,,17umsvptey1sqmfwpp2m7ci6s,Michael Oliver,West Ham United FC,Chelsea FC,M. Hermansen,0,0,0,0,0,0,0,0,33,0,2,0,0,0,0
19,22 Aug 2025,,17umsvptey1sqmfwpp2m7ci6s,Michael Oliver,West Ham United FC,Chelsea FC,Lucas Paquetá,0,0,1,0,1,1,1,0,54,0,0,2,2,5,0
19,22 Aug 2025,,17umsvptey1sqmfwpp2m7ci6s,Michael Oliver,West Ham United FC,Chelsea FC,M. Kilman,0,0,0,0,2,0,0,0,28,0,0,1,0,0,0
19,22 Aug 2025,,17umsvptey1sqmfwpp2m7ci6s,Michael Oliver,West Ham United FC,Chelsea FC,E. Diouf,1,0,0,0,1,0,0,0,31,0,0,0,0,1,0
19,22 Aug 2025,,17umsvptey1sqmfwpp2m7ci6s,Michael Oliver,West Ham United FC,Chelsea FC,N. Füllkrug,0,0,0,0,0,0,0,0,10,0,0,0,0,0,0
19,22 Aug 2025,,17umsvptey1sqmfwpp2m7ci6s,Michael Oliver,West Ham United FC,Chelsea FC,F. Potts,0,0,0,0,0,0,0,0,30,0,0,0,0,1,0
19,22 Aug 2025,,17umsvptey1sqmfwpp2m7ci6s,Michael Oliver,West Ham United FC,Chelsea FC,C. Wilson,0,0,0,0,1,1,0,1,7,0,0,1,0,0,0
19,22 Aug 2025,,17umsvptey1sqmfwpp2m7ci6s,Michael Oliver,West Ham United FC,Chelsea FC,K. Walker-Peters,0,0,0,1,0,1,0,0,14,0,0,1,0,0,0
19,22 Aug 2025,,17umsvptey1sqmfwpp2m7ci6s,Michael Oliver,West Ham United FC,Chelsea FC,João Pedro,2,0,0,1,2,1,1,0,26,0,0,3,1,1,0
19,22 Aug 2025,,17umsvptey1sqmfwpp2m7ci6s,Michael Oliver,West Ham United FC,Chelsea FC,Robert Sánchez,0,0,0,0,0,0,0,0,35,0,3,0,0,0,0
19,22 Aug 2025,,17umsvptey1sqmfwpp2m7ci6s,Michael Oliver,West Ham United FC,Chelsea FC,L. Delap,0,0,0,0,0,1,0,1,8,0,0,1,1,0,0
19,22 Aug 2025,,17umsvptey1sqmfwpp2m7ci6s,Michael Oliver,West Ham United FC,Chelsea FC,M. Gusto,0,0,1,1,0,1,0,0,28,0,0,0,0,2,0
19,22 Aug 2025,,17umsvptey1sqmfwpp2m7ci6s,Michael Oliver,West Ham United FC,Chelsea FC,Estêvão,1,0,1,0,1,0,0,0,33,0,0,1,1,3,0
19,22 Aug 2025,,17umsvptey1sqmfwpp2m7ci6s,Michael Oliver,West Ham United FC,Chelsea FC,Marc Cucurella,1,0,1,0,0,0,0,0,68,0,0,0,0,1,0
19,22 Aug 2025,,17umsvptey1sqmfwpp2m7ci6s,Michael Oliver,West Ham United FC,Chelsea FC,T. Adarabioyo,0,0,0,0,0,0,0,0,96,0,0,0,0,3,0
19,22 Aug 2025,,17umsvptey1sqmfwpp2m7ci6s,Michael Oliver,West Ham United FC,Chelsea FC,T. Chalobah,0,0,0,1,0,0,1,0,48,0,0,1,1,2,0
19,22 Aug 2025,,17umsvptey1sqmfwpp2m7ci6s,Michael Oliver,West Ham United FC,Chelsea FC,E. Fernández,0,0,0,3,2,0,1,1,64,0,0,3,1,2,0
19,22 Aug 2025,,17umsvptey1sqmfwpp2m7ci6s,Michael Oliver,West Ham United FC,Chelsea FC,M. Caicedo,0,0,0,0,2,1,1,0,77,0,0,1,1,3,0
19,22 Aug 2025,,17umsvptey1sqmfwpp2m7ci6s,Michael Oliver,West Ham United FC,Chelsea FC,Pedro Neto,0,1,2,7,0,1,1,0,29,0,0,2,1,1,0
19,22 Aug 2025,,17umsvptey1sqmfwpp2m7ci6s,Michael Oliver,West Ham United FC,Chelsea FC,Andrey Santos,0,0,0,1,0,0,0,0,10,0,0,0,0,0,0
19,22 Aug 2025,,17umsvptey1sqmfwpp2m7ci6s,Michael Oliver,West Ham United FC,Chelsea FC,J. Hato,0,0,0,0,1,0,0,0,13,0,0,0,0,0,1
19,22 Aug 2025,,17umsvptey1sqmfwpp2m7ci6s,Michael Oliver,West Ham United FC,Chelsea FC,W. Fofana,0,0,0,0,1,1,0,0,11,0,0,0,0,1,0
19,22 Aug 2025,,17umsvptey1sqmfwpp2m7ci6s,Michael Oliver,West Ham United FC,Chelsea FC,R. James,0,0,0,0,1,1,0,0,27,0,0,0,0,0,0
19,22 Aug 2025,,17umsvptey1sqmfwpp2m7ci6s,Michael Oliver,West Ham United FC,Chelsea FC,J. Gittens,0,0,0,1,0,0,0,0,4,0,0,0,0,0,0
20,31 Aug 2025,,18a8disd61jy3wflaabj72tqs,Stuart Attwell,Aston Villa FC,Crystal Palace FC,I. Maatsen,0,1,0,9,0,0,0,0,64,0,0,1,0,0,0
20,31 Aug 2025,,18a8disd61jy3wflaabj72tqs,Stuart Attwell,Aston Villa FC,Crystal Palace FC,Y. Tielemans,0,0,0,1,0,2,0,0,81,0,0,3,1,1,0
20,31 Aug 2025,,18a8disd61jy3wflaabj72tqs,Stuart Attwell,Aston Villa FC,Crystal Palace FC,M. Rogers,0,0,2,0,0,2,0,0,24,0,0,1,1,1,0
20,31 Aug 2025,,18a8disd61jy3wflaabj72tqs,Stuart Attwell,Aston Villa FC,Crystal Palace FC,O. Watkins,0,0,1,0,0,2,0,0,11,0,0,3,1,1,0
20,31 Aug 2025,,18a8disd61jy3wflaabj72tqs,Stuart Attwell,Aston Villa FC,Crystal Palace FC,E. Guessand,0,0,1,1,0,1,0,0,10,0,0,1,1,1,0
20,31 Aug 2025,,18a8disd61jy3wflaabj72tqs,Stuart Attwell,Aston Villa FC,Crystal Palace FC,D. Malen,0,0,2,2,0,1,0,0,15,0,0,2,0,0,0
20,31 Aug 2025,,18a8disd61jy3wflaabj72tqs,Stuart Attwell,Aston Villa FC,Crystal Palace FC,J. McGinn,0,0,1,4,2,1,0,0,46,0,0,0,0,2,0
20,31 Aug 2025,,18a8disd61jy3wflaabj72tqs,Stuart Attwell,Aston Villa FC,Crystal Palace FC,M. Bizot,0,0,0,0,1,0,0,0,18,0,1,0,0,0,1
20,31 Aug 2025,,18a8disd61jy3wflaabj72tqs,Stuart Attwell,Aston Villa FC,Crystal Palace FC,T. Mings,0,0,0,0,1,0,0,0,69,0,0,0,0,1,0
20,31 Aug 2025,,18a8disd61jy3wflaabj72tqs,Stuart Attwell,Aston Villa FC,Crystal Palace FC,M. Cash,0,0,2,8,1,0,0,0,53,0,0,1,0,0,1
20,31 Aug 2025,,18a8disd61jy3wflaabj72tqs,Stuart Attwell,Aston Villa FC,Crystal Palace FC,E. Konsa,0,0,1,1,1,1,0,0,85,0,0,0,0,0,0
20,31 Aug 2025,,18a8disd61jy3wflaabj72tqs,Stuart Attwell,Aston Villa FC,Crystal Palace FC,E. Buendía,0,0,0,0,1,2,0,0,26,0,0,1,0,3,0
20,31 Aug 2025,,18a8disd61jy3wflaabj72tqs,Stuart Attwell,Aston Villa FC,Crystal Palace FC,Pau Torres,0,0,0,0,0,0,0,0,13,0,0,0,0,1,0
20,31 Aug 2025,,18a8disd61jy3wflaabj72tqs,Stuart Attwell,Aston Villa FC,Crystal Palace FC,B. Burrowes,0,0,0,3,0,1,0,0,5,0,0,0,0,0,0
20,31 Aug 2025,,18a8disd61jy3wflaabj72tqs,Stuart Attwell,Aston Villa FC,Crystal Palace FC,L. Digne,0,0,0,2,0,0,0,0,4,0,0,0,0,0,0
20,31 Aug 2025,,18a8disd61jy3wflaabj72tqs,Stuart Attwell,Aston Villa FC,Crystal Palace FC,L. Bogarde,0,0,0,0,0,0,0,0,7,0,0,0,0,0,0
20,31 Aug 2025,,18a8disd61jy3wflaabj72tqs,Stuart Attwell,Aston Villa FC,Crystal Palace FC,D. Kamada,0,0,0,1,2,3,0,1,36,0,0,0,0,3,0
20,31 Aug 2025,,18a8disd61jy3wflaabj72tqs,Stuart Attwell,Aston Villa FC,Crystal Palace FC,A. Wharton,0,0,0,0,0,0,0,0,33,0,0,0,0,0,0
20,31 Aug 2025,,18a8disd61jy3wflaabj72tqs,Stuart Attwell,Aston Villa FC,Crystal Palace FC,C. Richards,0,0,0,0,1,0,0,0,33,0,0,0,0,4,0
20,31 Aug 2025,,18a8disd61jy3wflaabj72tqs,Stuart Attwell,Aston Villa FC,Crystal Palace FC,D. Muñoz,0,0,0,3,2,0,0,0,34,0,0,0,0,6,0
20,31 Aug 2025,,18a8disd61jy3wflaabj72tqs,Stuart Attwell,Aston Villa FC,Crystal Palace FC,D. Henderson,0,0,0,0,0,0,0,0,27,0,4,0,0,0,0
20,31 Aug 2025,,18a8disd61jy3wflaabj72tqs,Stuart Attwell,Aston Villa FC,Crystal Palace FC,M. Guéhi,0,0,0,0,0,1,1,0,56,0,0,1,1,3,0
20,31 Aug 2025,,18a8disd61jy3wflaabj72tqs,Stuart Attwell,Aston Villa FC,Crystal Palace FC,I. Sarr,0,0,0,0,1,0,1,1,22,0,0,2,1,1,1
20,31 Aug 2025,,18a8disd61jy3wflaabj72tqs,Stuart Attwell,Aston Villa FC,Crystal Palace FC,W. Hughes,0,0,0,0,2,1,0,0,27,0,0,0,0,0,1
20,31 Aug 2025,,18a8disd61jy3wflaabj72tqs,Stuart Attwell,Aston Villa FC,Crystal Palace FC,M. Lacroix,1,0,0,0,1,0,0,0,40,0,0,0,0,0,0
20,31 Aug 2025,,18a8disd61jy3wflaabj72tqs,Stuart Attwell,Aston Villa FC,Crystal Palace FC,J. Mateta,0,0,0,1,0,1,1,0,12,0,0,1,1,0,1
20,31 Aug 2025,,18a8disd61jy3wflaabj72tqs,Stuart Attwell,Aston Villa FC,Crystal Palace FC,T. Mitchell,0,0,1,6,0,0,0,0,35,0,0,0,0,6,0
20,31 Aug 2025,,18a8disd61jy3wflaabj72tqs,Stuart Attwell,Aston Villa FC,Crystal Palace FC,J. Lerma,0,0,0,0,1,0,0,0,11,0,0,1,1,1,0
20,31 Aug 2025,,18a8disd61jy3wflaabj72tqs,Stuart Attwell,Aston Villa FC,Crystal Palace FC,Yeremy Pino,0,1,0,0,3,1,0,0,14,0,0,1,0,0,0
20,31 Aug 2025,,18a8disd61jy3wflaabj72tqs,Stuart Attwell,Aston Villa FC,Crystal Palace FC,J. Devenny,0,0,0,0,1,0,0,0,3,0,0,0,0,1,0
20,31 Aug 2025,,18a8disd61jy3wflaabj72tqs,Stuart Attwell,Aston Villa FC,Crystal Palace FC,N. Clyne,0,0,0,0,0,0,0,0,3,0,0,0,0,1,0
21,31 Aug 2025,,18o9ldivk2e84zcrejou19dlg,Darren England,Brighton & Hove Albion FC,Manchester City FC,D. Gómez,0,0,0,1,2,1,0,0,11,0,0,0,0,3,0
21,31 Aug 2025,,18o9ldivk2e84zcrejou19dlg,Darren England,Brighton & Hove Albion FC,Manchester City FC,B. Verbruggen,0,0,0,0,0,0,0,0,40,0,2,0,0,0,0
21,31 Aug 2025,,18o9ldivk2e84zcrejou19dlg,Darren England,Brighton & Hove Albion FC,Manchester City FC,L. Dunk,0,1,0,0,0,0,0,0,42,0,0,2,0,0,0
21,31 Aug 2025,,18o9ldivk2e84zcrejou19dlg,Darren England,Brighton & Hove Albion FC,Manchester City FC,M. De Cuyper,0,0,0,3,0,3,0,0,48,0,0,0,0,1,0
21,31 Aug 2025,,18o9ldivk2e84zcrejou19dlg,Darren England,Brighton & Hove Albion FC,Manchester City FC,D. Welbeck,0,0,0,0,1,0,0,0,10,0,0,0,0,0,0
21,31 Aug 2025,,18o9ldivk2e84zcrejou19dlg,Darren England,Brighton & Hove Albion FC,Manchester City FC,C. Baleba,0,0,0,0,0,0,0,0,18,0,0,0,0,0,0
21,31 Aug 2025,,18o9ldivk2e84zcrejou19dlg,Darren England,Brighton & Hove Albion FC,Manchester City FC,J. Hinshelwood,0,0,0,0,2,1,0,0,20,0,0,0,0,2,0
21,31 Aug 2025,,18o9ldivk2e84zcrejou19dlg,Darren England,Brighton & Hove Albion FC,Manchester City FC,K. Mitoma,1,1,1,1,6,0,0,1,24,0,0,2,1,2,0
21,31 Aug 2025,,18o9ldivk2e84zcrejou19dlg,Darren England,Brighton & Hove Albion FC,Manchester City FC,J. van Hecke,0,0,0,0,1,0,0,0,40,0,0,1,1,1,1
21,31 Aug 2025,,18o9ldivk2e84zcrejou19dlg,Darren England,Brighton & Hove Albion FC,Manchester City FC,Y. Minteh,0,0,1,0,1,2,0,0,19,0,0,2,1,3,0
21,31 Aug 2025,,18o9ldivk2e84zcrejou19dlg,Darren England,Brighton & Hove Albion FC,Manchester City FC,J. Veltman,0,0,0,0,1,4,0,0,19,0,0,0,0,3,1
21,31 Aug 2025,,18o9ldivk2e84zcrejou19dlg,Darren England,Brighton & Hove Albion FC,Manchester City FC,Y. Ayari,0,0,0,3,1,1,0,0,7,0,0,0,0,1,0
21,31 Aug 2025,,18o9ldivk2e84zcrejou19dlg,Darren England,Brighton & Hove Albion FC,Manchester City FC,J. Milner,0,0,0,0,0,0,1,0,7,0,0,1,1,1,0
21,31 Aug 2025,,18o9ldivk2e84zcrejou19dlg,Darren England,Brighton & Hove Albion FC,Manchester City FC,B. Gruda,0,1,0,0,1,0,1,0,5,0,0,3,2,0,0
21,31 Aug 2025,,18o9ldivk2e84zcrejou19dlg,Darren England,Brighton & Hove Albion FC,Manchester City FC,G. Rutter,0,0,1,0,0,1,0,0,5,0,0,1,1,0,0
21,31 Aug 2025,,18o9ldivk2e84zcrejou19dlg,Darren England,Brighton & Hove Albion FC,Manchester City FC,Diego Coppola,0,0,0,0,0,0,0,0,0,0,0,0,0,0,0
21,31 Aug 2025,,18o9ldivk2e84zcrejou19dlg,Darren England,Brighton & Hove Albion FC,Manchester City FC,T. Reijnders,0,0,0,3,0,2,0,0,60,0,0,1,0,1,0
21,31 Aug 2025,,18o9ldivk2e84zcrejou19dlg,Darren England,Brighton & Hove Albion FC,Manchester City FC,J. Trafford,0,0,0,0,0,0,0,0,42,0,5,0,0,0,0
21,31 Aug 2025,,18o9ldivk2e84zcrejou19dlg,Darren England,Brighton & Hove Albion FC,Manchester City FC,Bernardo Silva,0,0,0,0,3,1,0,0,52,0,0,0,0,1,0
21,31 Aug 2025,,18o9ldivk2e84zcrejou19dlg,Darren England,Brighton & Hove Albion FC,Manchester City FC,Rodri,0,0,0,0,0,2,0,0,100,0,0,1,0,1,0
21,31 Aug 2025,,18o9ldivk2e84zcrejou19dlg,Darren England,Brighton & Hove Albion FC,Manchester City FC,J. Stones,0,0,0,0,0,0,0,0,72,0,0,0,0,0,0
21,31 Aug 2025,,18o9ldivk2e84zcrejou19dlg,Darren England,Brighton & Hove Albion FC,Manchester City FC,A. Khusanov,0,0,0,0,1,2,0,0,67,0,0,0,0,4,1
21,31 Aug 2025,,18o9ldivk2e84zcrejou19dlg,Darren England,Brighton & Hove Albion FC,Manchester City FC,R. Aït-Nouri,0,0,0,1,4,1,0,0,33,0,0,0,0,3,1
21,31 Aug 2025,,18o9ldivk2e84zcrejou19dlg,Darren England,Brighton & Hove Albion FC,Manchester City FC,Omar Marmoush,1,0,1,0,1,2,0,0,27,0,0,1,0,2,0
21,31 Aug 2025,,18o9ldivk2e84zcrejou19dlg,Darren England,Brighton & Hove Albion FC,Manchester City FC,Matheus Nunes,0,0,0,0,1,0,0,0,48,0,0,0,0,0,0
21,31 Aug 2025,,18o9ldivk2e84zcrejou19dlg,Darren England,Brighton & Hove Albion FC,Manchester City FC,O. Bobb,0,0,0,1,2,3,0,0,29,0,0,1,0,1,0
21,31 Aug 2025,,18o9ldivk2e84zcrejou19dlg,Darren England,Brighton & Hove Albion FC,Manchester City FC,E. Haaland,0,0,0,0,1,1,1,0,9,0,0,7,3,0,0
21,31 Aug 2025,,18o9ldivk2e84zcrejou19dlg,Darren England,Brighton & Hove Albion FC,Manchester City FC,N. O'Reilly,0,1,1,0,0,0,0,0,9,0,0,1,0,2,0
21,31 Aug 2025,,18o9ldivk2e84zcrejou19dlg,Darren England,Brighton & Hove Albion FC,Manchester City FC,J. Doku,0,0,0,0,1,0,0,0,7,0,0,0,0,0,0
21,31 Aug 2025,,18o9ldivk2e84zcrejou19dlg,Darren England,Brighton & Hove Albion FC,Manchester City FC,Rúben Dias,0,0,0,0,0,0,0,0,4,0,0,0,0,0,0
21,31 Aug 2025,,18o9ldivk2e84zcrejou19dlg,Darren England,Brighton & Hove Albion FC,Manchester City FC,R. Lewis,0,0,0,0,0,1,0,0,6,0,0,0,0,0,0
22,30 Aug 2025,,1929jvcf42axkdr52hdrfuvis,Robert Jones,Chelsea FC,Fulham FC,João Pedro,0,1,0,1,0,4,1,2,26,0,0,3,2,1,0
22,30 Aug 2025,,1929jvcf42axkdr52hdrfuvis,Robert Jones,Chelsea FC,Fulham FC,Robert Sánchez,0,0,0,0,0,0,0,0,31,0,1,0,0,0,0
22,30 Aug 2025,,1929jvcf42axkdr52hdrfuvis,Robert Jones,Chelsea FC,Fulham FC,L. Delap,0,1,1,0,1,0,0,0,2,0,0,1,0,0,0
22,30 Aug 2025,,1929jvcf42axkdr52hdrfuvis,Robert Jones,Chelsea FC,Fulham FC,M. Gusto,0,0,0,1,1,2,0,0,54,0,0,0,0,2,0
22,30 Aug 2025,,1929jvcf42axkdr52hdrfuvis,Robert Jones,Chelsea FC,Fulham FC,M. Caicedo,0,1,0,0,1,2,0,0,52,0,0,1,0,4,1
22,30 Aug 2025,,1929jvcf42axkdr52hdrfuvis,Robert Jones,Chelsea FC,Fulham FC,T. Chalobah,0,2,1,1,0,3,0,0,58,0,0,3,0,5,0
22,30 Aug 2025,,1929jvcf42axkdr52hdrfuvis,Robert Jones,Chelsea FC,Fulham FC,T. Adarabioyo,0,0,0,0,2,0,0,0,81,0,0,0,0,2,0
22,30 Aug 2025,,1929jvcf42axkdr52hdrfuvis,Robert Jones,Chelsea FC,Fulham FC,Marc Cucurella,0,0,0,0,3,2,0,0,68,0,0,0,0,3,0
22,30 Aug 2025,,1929jvcf42axkdr52hdrfuvis,Robert Jones,Chelsea FC,Fulham FC,E. Fernández,1,0,0,3,0,2,1,0,50,0,0,1,1,0,0
22,30 Aug 2025,,1929jvcf42axkdr52hdrfuvis,Robert Jones,Chelsea FC,Fulham FC,Pedro Neto,0,0,2,7,0,0,0,0,30,0,0,0,0,0,0
22,30 Aug 2025,,1929jvcf42axkdr52hdrfuvis,Robert Jones,Chelsea FC,Fulham FC,Estêvão,0,0,0,0,1,0,0,1,22,0,0,1,1,0,0
22,30 Aug 2025,,1929jvcf42axkdr52hdrfuvis,Robert Jones,Chelsea FC,Fulham FC,T. George,0,0,1,0,0,1,0,0,6,0,0,1,1,0,0
22,30 Aug 2025,,1929jvcf42axkdr52hdrfuvis,Robert Jones,Chelsea FC,Fulham FC,J. Gittens,0,1,1,0,1,0,0,0,2,0,0,1,0,1,0
22,30 Aug 2025,,1929jvcf42axkdr52hdrfuvis,Robert Jones,Chelsea FC,Fulham FC,Andrey Santos,0,0,0,0,1,0,0,0,6,0,0,0,0,1,1
22,30 Aug 2025,,1929jvcf42axkdr52hdrfuvis,Robert Jones,Chelsea FC,Fulham FC,R. James,0,0,0,0,0,0,0,0,6,0,0,1,1,0,0
22,30 Aug 2025,,1929jvcf42axkdr52hdrfuvis,Robert Jones,Chelsea FC,Fulham FC,C. Bassey,0,0,0,0,0,1,0,0,60,0,0,0,0,2,0
22,30 Aug 2025,,1929jvcf42axkdr52hdrfuvis,Robert Jones,Chelsea FC,Fulham FC,S. Berge,0,0,0,0,2,0,0,0,39,0,0,1,1,2,0
22,30 Aug 2025,,1929jvcf42axkdr52hdrfuvis,Robert Jones,Chelsea FC,Fulham FC,S. Lukić,0,0,0,6,5,0,0,0,23,0,0,0,0,5,1
22,30 Aug 2025,,1929jvcf42axkdr52hdrfuvis,Robert Jones,Chelsea FC,Fulham FC,K. Tete,0,0,0,1,0,2,0,0,29,0,0,1,0,4,0
22,30 Aug 2025,,1929jvcf42axkdr52hdrfuvis,Robert Jones,Chelsea FC,Fulham FC,A. Iwobi,0,0,0,0,2,1,0,0,49,0,0,1,0,3,1
22,30 Aug 2025,,1929jvcf42axkdr52hdrfuvis,Robert Jones,Chelsea FC,Fulham FC,R. Sessegnon,0,0,0,0,2,0,0,0,25,0,0,0,0,4,0
22,30 Aug 2025,,1929jvcf42axkdr52hdrfuvis,Robert Jones,Chelsea FC,Fulham FC,J. Andersen,0,0,0,1,2,0,0,0,51,0,0,2,1,3,0
22,30 Aug 2025,,1929jvcf42axkdr52hdrfuvis,Robert Jones,Chelsea FC,Fulham FC,B. Leno,0,0,0,0,0,0,0,0,44,0,4,0,0,1,0
22,30 Aug 2025,,1929jvcf42axkdr52hdrfuvis,Robert Jones,Chelsea FC,Fulham FC,J. King,0,0,0,0,0,2,0,0,14,0,0,1,1,0,0
22,30 Aug 2025,,1929jvcf42axkdr52hdrfuvis,Robert Jones,Chelsea FC,Fulham FC,T. Castagne,0,1,1,2,0,0,0,0,16,0,0,1,0,3,0
22,30 Aug 2025,,1929jvcf42axkdr52hdrfuvis,Robert Jones,Chelsea FC,Fulham FC,Rodrigo Muniz,0,0,0,0,2,2,0,1,10,0,0,1,0,0,0
22,30 Aug 2025,,1929jvcf42axkdr52hdrfuvis,Robert Jones,Chelsea FC,Fulham FC,R. Jiménez,0,0,0,0,2,0,0,0,8,0,0,2,0,1,0
22,30 Aug 2025,,1929jvcf42axkdr52hdrfuvis,Robert Jones,Chelsea FC,Fulham FC,H. Wilson,0,1,1,0,0,2,0,0,6,0,0,1,0,1,0
22,30 Aug 2025,,1929jvcf42axkdr52hdrfuvis,Robert Jones,Chelsea FC,Fulham FC,A. Robinson,0,0,1,3,0,0,0,0,19,0,0,0,0,0,0
22,30 Aug 2025,,1929jvcf42axkdr52hdrfuvis,Robert Jones,Chelsea FC,Fulham FC,E. Smith Rowe,0,0,0,0,0,1,0,0,16,0,0,0,0,0,0
22,30 Aug 2025,,1929jvcf42axkdr52hdrfuvis,Robert Jones,Chelsea FC,Fulham FC,Adama Traoré,0,0,1,2,0,0,0,0,6,0,0,0,0,0,0
23,30 Aug 2025,,19g4i3bmkco9zrycot41ut638,Peter Bankes,Leeds United FC,Newcastle United FC,L. Nmecha,0,1,0,0,1,2,0,0,18,0,0,1,0,0,0
23,30 Aug 2025,,19g4i3bmkco9zrycot41ut638,Peter Bankes,Leeds United FC,Newcastle United FC,I. Gruev,0,0,0,0,0,0,0,0,55,0,0,0,0,3,0
23,30 Aug 2025,,19g4i3bmkco9zrycot41ut638,Peter Bankes,Leeds United FC,Newcastle United FC,P. Struijk,0,0,0,0,1,1,0,0,63,0,0,0,0,0,0
23,30 Aug 2025,,19g4i3bmkco9zrycot41ut638,Peter Bankes,Leeds United FC,Newcastle United FC,J. Rodon,0,0,0,0,0,3,0,0,49,0,0,0,0,1,0
23,30 Aug 2025,,19g4i3bmkco9zrycot41ut638,Peter Bankes,Leeds United FC,Newcastle United FC,J. Bogle,0,0,2,1,3,1,0,0,38,0,0,1,0,2,0
23,30 Aug 2025,,19g4i3bmkco9zrycot41ut638,Peter Bankes,Leeds United FC,Newcastle United FC,S. Longstaff,0,0,0,0,1,2,0,0,35,0,0,0,0,5,0
23,30 Aug 2025,,19g4i3bmkco9zrycot41ut638,Peter Bankes,Leeds United FC,Newcastle United FC,Lucas Perri,0,0,0,0,0,0,0,0,38,0,2,0,0,0,0
23,30 Aug 2025,,19g4i3bmkco9zrycot41ut638,Peter Bankes,Leeds United FC,Newcastle United FC,A. Stach,0,1,0,4,3,1,0,0,27,0,0,3,0,2,0
23,30 Aug 2025,,19g4i3bmkco9zrycot41ut638,Peter Bankes,Leeds United FC,Newcastle United FC,G. Gudmundsson,0,0,1,2,0,1,0,0,33,0,0,0,0,2,0
23,30 Aug 2025,,19g4i3bmkco9zrycot41ut638,Peter Bankes,Leeds United FC,Newcastle United FC,D. James,0,0,0,4,0,2,0,0,10,0,0,1,0,1,0
23,30 Aug 2025,,19g4i3bmkco9zrycot41ut638,Peter Bankes,Leeds United FC,Newcastle United FC,W. Gnonto,0,1,1,2,1,0,0,0,24,0,0,2,0,0,1
23,30 Aug 2025,,19g4i3bmkco9zrycot41ut638,Peter Bankes,Leeds United FC,Newcastle United FC,J. Harrison,0,0,1,4,0,2,0,0,9,0,0,0,0,1,0
23,30 Aug 2025,,19g4i3bmkco9zrycot41ut638,Peter Bankes,Leeds United FC,Newcastle United FC,B. Aaronson,0,0,0,0,0,0,0,0,8,0,0,0,0,1,0
23,30 Aug 2025,,19g4i3bmkco9zrycot41ut638,Peter Bankes,Leeds United FC,Newcastle United FC,D. Calvert-Lewin,0,0,0,0,0,0,0,1,6,0,0,2,1,0,0
23,30 Aug 2025,,19g4i3bmkco9zrycot41ut638,Peter Bankes,Leeds United FC,Newcastle United FC,J. Justin,0,0,0,0,0,0,0,0,1,0,0,0,0,0,0
23,30 Aug 2025,,19g4i3bmkco9zrycot41ut638,Peter Bankes,Leeds United FC,Newcastle United FC,D. Burn,0,0,0,0,1,2,0,0,57,0,0,0,0,0,0
23,30 Aug 2025,,19g4i3bmkco9zrycot41ut638,Peter Bankes,Leeds United FC,Newcastle United FC,Bruno Guimarães,0,0,0,0,3,3,0,0,54,0,0,0,0,3,0
23,30 Aug 2025,,19g4i3bmkco9zrycot41ut638,Peter Bankes,Leeds United FC,Newcastle United FC,K. Trippier,0,0,0,7,1,0,0,0,47,0,0,0,0,1,0
23,30 Aug 2025,,19g4i3bmkco9zrycot41ut638,Peter Bankes,Leeds United FC,Newcastle United FC,F. Schär,0,0,1,0,2,0,0,0,87,0,0,1,0,0,0
23,30 Aug 2025,,19g4i3bmkco9zrycot41ut638,Peter Bankes,Leeds United FC,Newcastle United FC,S. Botman,0,0,0,0,1,0,0,0,44,0,0,0,0,2,0
23,30 Aug 2025,,19g4i3bmkco9zrycot41ut638,Peter Bankes,Leeds United FC,Newcastle United FC,J. Ramsey,0,1,0,2,0,0,0,0,17,0,0,1,0,0,0
23,30 Aug 2025,,19g4i3bmkco9zrycot41ut638,Peter Bankes,Leeds United FC,Newcastle United FC,T. Livramento,0,0,0,1,1,1,0,0,46,0,0,0,0,0,0
23,30 Aug 2025,,19g4i3bmkco9zrycot41ut638,Peter Bankes,Leeds United FC,Newcastle United FC,S. Tonali,0,0,0,3,0,2,0,0,81,0,0,0,0,0,0
23,30 Aug 2025,,19g4i3bmkco9zrycot41ut638,Peter Bankes,Leeds United FC,Newcastle United FC,W. Osula,0,1,1,0,5,1,0,0,12,0,0,1,0,1,0
23,30 Aug 2025,,19g4i3bmkco9zrycot41ut638,Peter Bankes,Leeds United FC,Newcastle United FC,N. Pope,0,0,0,0,0,0,0,0,19,0,1,0,0,0,1
23,30 Aug 2025,,19g4i3bmkco9zrycot41ut638,Peter Bankes,Leeds United FC,Newcastle United FC,J. Murphy,0,0,3,3,0,0,0,0,14,0,0,3,2,0,0
23,30 Aug 2025,,19g4i3bmkco9zrycot41ut638,Peter Bankes,Leeds United FC,Newcastle United FC,L. Miley,0,0,0,1,0,0,0,0,30,0,0,0,0,0,0
23,30 Aug 2025,,19g4i3bmkco9zrycot41ut638,Peter Bankes,Leeds United FC,Newcastle United FC,L. Hall,0,0,0,2,1,0,0,0,18,0,0,1,0,1,0
23,30 Aug 2025,,19g4i3bmkco9zrycot41ut638,Peter Bankes,Leeds United FC,Newcastle United FC,A. Elanga,0,0,0,2,0,0,0,0,11,0,0,0,0,1,0
23,30 Aug 2025,,19g4i3bmkco9zrycot41ut638,Peter Bankes,Leeds United FC,Newcastle United FC,H. Barnes,0,1,0,0,0,1,0,0,10,0,0,1,0,1,0
24,31 Aug 2025,,19ty1jsiu05lygxc15uw4exp0,Chris Kavanagh,Liverpool FC,Arsenal FC,D. Szoboszlai,0,0,0,2,0,0,1,0,52,0,0,1,1,2,0
24,31 Aug 2025,,19ty1jsiu05lygxc15uw4exp0,Chris Kavanagh,Liverpool FC,Arsenal FC,Mohamed Salah,0,1,0,2,0,1,0,0,20,0,0,1,0,0,0
24,31 Aug 2025,,19ty1jsiu05lygxc15uw4exp0,Chris Kavanagh,Liverpool FC,Arsenal FC,V. van Dijk,0,0,0,0,0,1,0,0,81,0,0,0,0,0,0
24,31 Aug 2025,,19ty1jsiu05lygxc15uw4exp0,Chris Kavanagh,Liverpool FC,Arsenal FC,I. Konaté,0,0,0,0,2,0,0,0,44,0,0,0,0,1,0
24,31 Aug 2025,,19ty1jsiu05lygxc15uw4exp0,Chris Kavanagh,Liverpool FC,Arsenal FC,M. Kerkez,0,0,0,2,0,2,0,0,29,0,0,0,0,3,0
24,31 Aug 2025,,19ty1jsiu05lygxc15uw4exp0,Chris Kavanagh,Liverpool FC,Arsenal FC,F. Wirtz,0,1,0,1,0,0,0,0,28,0,0,2,1,2,0
24,31 Aug 2025,,19ty1jsiu05lygxc15uw4exp0,Chris Kavanagh,Liverpool FC,Arsenal FC,R. Gravenberch,0,0,1,0,1,1,0,0,57,0,0,1,0,1,1
24,31 Aug 2025,,19ty1jsiu05lygxc15uw4exp0,Chris Kavanagh,Liverpool FC,Arsenal FC,A. Mac Allister,0,1,0,0,1,0,0,0,25,0,0,1,0,0,0
24,31 Aug 2025,,19ty1jsiu05lygxc15uw4exp0,Chris Kavanagh,Liverpool FC,Arsenal FC,Alisson Becker,0,0,0,0,0,0,0,0,47,0,1,0,0,0,0
24,31 Aug 2025,,19ty1jsiu05lygxc15uw4exp0,Chris Kavanagh,Liverpool FC,Arsenal FC,C. Gakpo,0,0,1,0,1,3,0,1,18,0,0,2,1,1,0
24,31 Aug 2025,,19ty1jsiu05lygxc15uw4exp0,Chris Kavanagh,Liverpool FC,Arsenal FC,H. Ekitiké,0,0,0,0,1,1,0,0,5,0,0,0,0,1,0
24,31 Aug 2025,,19ty1jsiu05lygxc15uw4exp0,Chris Kavanagh,Liverpool FC,Arsenal FC,C. Jones,0,0,0,0,0,1,0,0,22,0,0,0,0,0,0
24,31 Aug 2025,,19ty1jsiu05lygxc15uw4exp0,Chris Kavanagh,Liverpool FC,Arsenal FC,J. Gomez,0,0,0,0,0,0,0,0,5,0,0,0,0,0,0
24,31 Aug 2025,,19ty1jsiu05lygxc15uw4exp0,Chris Kavanagh,Liverpool FC,Arsenal FC,F. Chiesa,0,1,1,0,0,0,0,0,1,0,0,1,0,0,0
24,31 Aug 2025,,19ty1jsiu05lygxc15uw4exp0,Chris Kavanagh,Liverpool FC,Arsenal FC,W. Endo,0,0,0,0,1,0,0,0,1,0,0,0,0,0,1
24,31 Aug 2025,,19ty1jsiu05lygxc15uw4exp0,Chris Kavanagh,Liverpool FC,Arsenal FC,D. Rice,0,0,0,7,1,0,0,0,52,0,0,1,0,0,0
24,31 Aug 2025,,19ty1jsiu05lygxc15uw4exp0,Chris Kavanagh,Liverpool FC,Arsenal FC,R. Calafiori,0,2,1,2,0,2,0,0,35,0,0,3,0,2,0
24,31 Aug 2025,,19ty1jsiu05lygxc15uw4exp0,Chris Kavanagh,Liverpool FC,Arsenal FC,Martín Zubimendi,0,1,0,0,3,0,0,0,41,0,0,1,0,1,1
24,31 Aug 2025,,19ty1jsiu05lygxc15uw4exp0,Chris Kavanagh,Liverpool FC,Arsenal FC,W. Saliba,0,0,0,0,0,0,0,0,0,0,0,0,0,0,0
24,31 Aug 2025,,19ty1jsiu05lygxc15uw4exp0,Chris Kavanagh,Liverpool FC,Arsenal FC,J. Timber,0,1,1,2,2,1,0,0,25,0,0,1,0,2,0
24,31 Aug 2025,,19ty1jsiu05lygxc15uw4exp0,Chris Kavanagh,Liverpool FC,Arsenal FC,Mikel Merino,0,0,0,1,1,0,0,0,22,0,0,0,0,3,0
24,31 Aug 2025,,19ty1jsiu05lygxc15uw4exp0,Chris Kavanagh,Liverpool FC,Arsenal FC,N. Madueke,0,1,5,2,2,0,0,0,16,0,0,3,1,0,0
24,31 Aug 2025,,19ty1jsiu05lygxc15uw4exp0,Chris Kavanagh,Liverpool FC,Arsenal FC,David Raya,0,0,0,0,0,0,0,0,44,0,2,0,0,0,0
24,31 Aug 2025,,19ty1jsiu05lygxc15uw4exp0,Chris Kavanagh,Liverpool FC,Arsenal FC,Cristhian Mosquera,0,0,0,0,0,0,0,0,51,0,0,0,0,4,0
24,31 Aug 2025,,19ty1jsiu05lygxc15uw4exp0,Chris Kavanagh,Liverpool FC,Arsenal FC,Gabriel Magalhães,0,1,1,0,1,0,0,0,41,0,0,1,0,1,0
24,31 Aug 2025,,19ty1jsiu05lygxc15uw4exp0,Chris Kavanagh,Liverpool FC,Arsenal FC,Gabriel Martinelli,0,0,0,1,0,1,0,0,7,0,0,0,0,1,0
24,31 Aug 2025,,19ty1jsiu05lygxc15uw4exp0,Chris Kavanagh,Liverpool FC,Arsenal FC,V. Gyökeres,0,0,0,1,0,3,0,0,7,0,0,0,0,0,1
24,31 Aug 2025,,19ty1jsiu05lygxc15uw4exp0,Chris Kavanagh,Liverpool FC,Arsenal FC,M. Ødegaard,0,0,0,1,0,0,0,0,19,0,0,0,0,0,0
24,31 Aug 2025,,19ty1jsiu05lygxc15uw4exp0,Chris Kavanagh,Liverpool FC,Arsenal FC,E. Eze,0,0,0,0,0,0,0,0,9,0,0,0,0,0,0
24,31 Aug 2025,,19ty1jsiu05lygxc15uw4exp0,Chris Kavanagh,Liverpool FC,Arsenal FC,M. Dowman,0,1,0,0,0,0,0,0,2,0,0,1,0,0,0
25,30 Aug 2025,,1a8ama8onzq0bjz027h2kv1n8,Samuel Barrott,Manchester United FC,Burnley FC,B. Mbeumo,0,0,0,6,1,2,1,0,35,0,0,3,2,0,0
25,30 Aug 2025,,1a8ama8onzq0bjz027h2kv1n8,Samuel Barrott,Manchester United FC,Burnley FC,A. Bayındır,0,0,0,0,0,0,0,0,30,0,1,0,0,0,0
25,30 Aug 2025,,1a8ama8onzq0bjz027h2kv1n8,Samuel Barrott,Manchester United FC,Burnley FC,L. Shaw,0,0,1,0,2,0,0,0,64,0,0,0,0,3,0
25,30 Aug 2025,,1a8ama8onzq0bjz027h2kv1n8,Samuel Barrott,Manchester United FC,Burnley FC,Bruno Fernandes,0,2,0,5,3,2,1,0,84,0,0,4,1,3,1
25,30 Aug 2025,,1a8ama8onzq0bjz027h2kv1n8,Samuel Barrott,Manchester United FC,Burnley FC,Diogo Dalot,1,0,0,6,1,1,0,0,37,0,0,0,0,2,0
25,30 Aug 2025,,1a8ama8onzq0bjz027h2kv1n8,Samuel Barrott,Manchester United FC,Burnley FC,M. Mount,0,0,0,2,0,0,0,0,17,0,0,1,0,2,0
25,30 Aug 2025,,1a8ama8onzq0bjz027h2kv1n8,Samuel Barrott,Manchester United FC,Burnley FC,M. de Ligt,0,1,0,0,0,0,0,0,51,0,0,1,0,0,0
25,30 Aug 2025,,1a8ama8onzq0bjz027h2kv1n8,Samuel Barrott,Manchester United FC,Burnley FC,Matheus Cunha,0,0,0,1,0,0,0,0,9,0,0,1,1,0,0
25,30 Aug 2025,,1a8ama8onzq0bjz027h2kv1n8,Samuel Barrott,Manchester United FC,Burnley FC,A. Diallo,0,1,3,1,0,2,0,1,37,0,0,3,1,1,0
25,30 Aug 2025,,1a8ama8onzq0bjz027h2kv1n8,Samuel Barrott,Manchester United FC,Burnley FC,L. Yoro,0,0,0,1,0,0,0,0,34,0,0,1,0,2,0
25,30 Aug 2025,,1a8ama8onzq0bjz027h2kv1n8,Samuel Barrott,Manchester United FC,Burnley FC,Casemiro,0,0,2,2,0,1,0,0,50,0,0,1,0,1,0
25,30 Aug 2025,,1a8ama8onzq0bjz027h2kv1n8,Samuel Barrott,Manchester United FC,Burnley FC,J. Zirkzee,0,2,0,1,0,0,0,0,26,0,0,7,1,0,0
25,30 Aug 2025,,1a8ama8onzq0bjz027h2kv1n8,Samuel Barrott,Manchester United FC,Burnley FC,K. Mainoo,0,1,1,1,0,0,0,0,23,0,0,2,0,1,0
25,30 Aug 2025,,1a8ama8onzq0bjz027h2kv1n8,Samuel Barrott,Manchester United FC,Burnley FC,B. Šeško,0,0,0,0,2,0,0,0,3,0,0,2,0,0,0
25,30 Aug 2025,,1a8ama8onzq0bjz027h2kv1n8,Samuel Barrott,Manchester United FC,Burnley FC,N. Mazraoui,0,0,0,0,0,0,0,0,8,0,0,0,0,1,0
25,30 Aug 2025,,1a8ama8onzq0bjz027h2kv1n8,Samuel Barrott,Manchester United FC,Burnley FC,K. Walker,0,0,1,1,1,0,0,0,43,0,0,0,0,3,1
25,30 Aug 2025,,1a8ama8onzq0bjz027h2kv1n8,Samuel Barrott,Manchester United FC,Burnley FC,H. Ekdal,0,0,0,0,0,0,0,0,41,0,0,0,0,2,0
25,30 Aug 2025,,1a8ama8onzq0bjz027h2kv1n8,Samuel Barrott,Manchester United FC,Burnley FC,J. Bruun Larsen,1,1,0,1,0,0,0,0,20,0,0,1,0,1,0
25,30 Aug 2025,,1a8ama8onzq0bjz027h2kv1n8,Samuel Barrott,Manchester United FC,Burnley FC,M. Dúbravka,0,0,0,0,0,0,0,0,34,0,5,0,0,0,0
25,30 Aug 2025,,1a8ama8onzq0bjz027h2kv1n8,Samuel Barrott,Manchester United FC,Burnley FC,L. Ugochukwu,0,0,0,1,4,2,0,0,27,0,0,0,0,4,0
25,30 Aug 2025,,1a8ama8onzq0bjz027h2kv1n8,Samuel Barrott,Manchester United FC,Burnley FC,Q. Hartman,0,1,0,1,0,0,0,0,15,0,0,1,0,2,0
25,30 Aug 2025,,1a8ama8onzq0bjz027h2kv1n8,Samuel Barrott,Manchester United FC,Burnley FC,M. Estève,0,0,0,0,1,1,0,0,20,0,0,0,0,1,0
25,30 Aug 2025,,1a8ama8onzq0bjz027h2kv1n8,Samuel Barrott,Manchester United FC,Burnley FC,J. Cullen,0,0,0,1,1,1,0,0,51,0,0,0,0,2,0
25,30 Aug 2025,,1a8ama8onzq0bjz027h2kv1n8,Samuel Barrott,Manchester United FC,Burnley FC,J. Anthony,0,0,0,1,1,1,1,0,14,0,0,1,1,0,1
25,30 Aug 2025,,1a8ama8onzq0bjz027h2kv1n8,Samuel Barrott,Manchester United FC,Burnley FC,L. Foster,0,0,0,2,0,0,1,1,19,0,0,1,1,1,1
25,30 Aug 2025,,1a8ama8onzq0bjz027h2kv1n8,Samuel Barrott,Manchester United FC,Burnley FC,H. Mejbri,0,0,0,1,1,3,0,0,17,0,0,1,0,2,0
25,30 Aug 2025,,1a8ama8onzq0bjz027h2kv1n8,Samuel Barrott,Manchester United FC,Burnley FC,L. Tchaouna,0,0,0,0,0,0,0,0,6,0,0,1,1,1,1
25,30 Aug 2025,,1a8ama8onzq0bjz027h2kv1n8,Samuel Barrott,Manchester United FC,Burnley FC,J. Laurent,0,0,0,0,0,0,0,0,7,0,0,0,0,0,1
25,30 Aug 2025,,1a8ama8onzq0bjz027h2kv1n8,Samuel Barrott,Manchester United FC,Burnley FC,J. Worrall,0,0,0,0,0,1,0,0,2,0,0,0,0,0,0
25,30 Aug 2025,,1a8ama8onzq0bjz027h2kv1n8,Samuel Barrott,Manchester United FC,Burnley FC,O. Sonne,0,0,0,0,0,0,0,0,2,0,0,0,0,1,0
26,31 Aug 2025,,1ambeuhg64rjh91vzt2cu9m38,Craig Pawson,Nottingham Forest FC,West Ham United FC,E. Anderson,0,1,0,9,0,2,0,0,88,0,0,1,0,7,0
26,31 Aug 2025,,1ambeuhg64rjh91vzt2cu9m38,Craig Pawson,Nottingham Forest FC,West Ham United FC,M. Sels,0,0,0,0,0,0,0,0,11,0,5,0,0,0,0
26,31 Aug 2025,,1ambeuhg64rjh91vzt2cu9m38,Craig Pawson,Nottingham Forest FC,West Ham United FC,I. Sangaré,0,0,1,1,5,0,0,0,67,0,0,0,0,2,0
26,31 Aug 2025,,1ambeuhg64rjh91vzt2cu9m38,Craig Pawson,Nottingham Forest FC,West Ham United FC,N. Williams,0,1,2,5,0,1,0,0,59,0,0,1,0,3,0
26,31 Aug 2025,,1ambeuhg64rjh91vzt2cu9m38,Craig Pawson,Nottingham Forest FC,West Ham United FC,C. Hudson-Odoi,0,0,3,8,2,0,0,0,32,0,0,1,1,0,0
26,31 Aug 2025,,1ambeuhg64rjh91vzt2cu9m38,Craig Pawson,Nottingham Forest FC,West Ham United FC,N. Milenković,0,0,0,0,1,0,0,0,56,0,0,1,0,0,0
26,31 Aug 2025,,1ambeuhg64rjh91vzt2cu9m38,Craig Pawson,Nottingham Forest FC,West Ham United FC,Murillo,0,0,0,1,1,0,0,0,75,0,0,0,0,0,0
26,31 Aug 2025,,1ambeuhg64rjh91vzt2cu9m38,Craig Pawson,Nottingham Forest FC,West Ham United FC,M. Gibbs-White,0,1,1,1,1,1,0,0,60,0,0,2,1,1,0
26,31 Aug 2025,,1ambeuhg64rjh91vzt2cu9m38,Craig Pawson,Nottingham Forest FC,West Ham United FC,O. Aina,0,2,2,7,1,0,0,0,47,0,0,2,0,2,0
26,31 Aug 2025,,1ambeuhg64rjh91vzt2cu9m38,Craig Pawson,Nottingham Forest FC,West Ham United FC,D. Ndoye,0,0,0,2,2,1,0,0,15,0,0,0,0,2,0
26,31 Aug 2025,,1ambeuhg64rjh91vzt2cu9m38,Craig Pawson,Nottingham Forest FC,West Ham United FC,C. Wood,0,0,0,0,0,1,0,0,9,0,0,3,1,0,0
26,31 Aug 2025,,1ambeuhg64rjh91vzt2cu9m38,Craig Pawson,Nottingham Forest FC,West Ham United FC,J. McAtee,0,0,0,0,0,0,0,0,13,0,0,0,0,1,0
26,31 Aug 2025,,1ambeuhg64rjh91vzt2cu9m38,Craig Pawson,Nottingham Forest FC,West Ham United FC,Igor Jesus,0,0,0,0,1,0,0,0,3,0,0,0,0,1,0
26,31 Aug 2025,,1ambeuhg64rjh91vzt2cu9m38,Craig Pawson,Nottingham Forest FC,West Ham United FC,A. Kalimuendo,0,0,0,0,0,0,0,0,4,0,0,0,0,0,0
26,31 Aug 2025,,1ambeuhg64rjh91vzt2cu9m38,Craig Pawson,Nottingham Forest FC,West Ham United FC,O. Hutchinson,0,0,0,1,0,0,0,0,2,0,0,0,0,0,0
26,31 Aug 2025,,1ambeuhg64rjh91vzt2cu9m38,Craig Pawson,Nottingham Forest FC,West Ham United FC,Lucas Paquetá,0,0,2,2,3,3,1,0,45,0,0,3,2,2,0
26,31 Aug 2025,,1ambeuhg64rjh91vzt2cu9m38,Craig Pawson,Nottingham Forest FC,West Ham United FC,K. Mavropanos,0,0,0,0,2,0,0,0,60,0,0,1,0,0,0
26,31 Aug 2025,,1ambeuhg64rjh91vzt2cu9m38,Craig Pawson,Nottingham Forest FC,West Ham United FC,J. Bowen,0,0,0,3,0,1,1,0,19,0,0,1,1,2,0
26,31 Aug 2025,,1ambeuhg64rjh91vzt2cu9m38,Craig Pawson,Nottingham Forest FC,West Ham United FC,T. Souček,0,0,0,1,0,0,0,0,30,0,0,0,0,2,0
26,31 Aug 2025,,1ambeuhg64rjh91vzt2cu9m38,Craig Pawson,Nottingham Forest FC,West Ham United FC,E. Diouf,1,0,1,5,0,1,0,0,23,0,0,0,0,0,0
26,31 Aug 2025,,1ambeuhg64rjh91vzt2cu9m38,Craig Pawson,Nottingham Forest FC,West Ham United FC,J. Ward-Prowse,0,0,0,4,0,1,0,0,25,0,0,0,0,0,0
26,31 Aug 2025,,1ambeuhg64rjh91vzt2cu9m38,Craig Pawson,Nottingham Forest FC,West Ham United FC,N. Füllkrug,0,0,0,0,0,0,0,0,13,0,0,3,1,1,0
26,31 Aug 2025,,1ambeuhg64rjh91vzt2cu9m38,Craig Pawson,Nottingham Forest FC,West Ham United FC,M. Hermansen,0,0,0,0,0,0,0,0,39,0,3,0,0,0,0
26,31 Aug 2025,,1ambeuhg64rjh91vzt2cu9m38,Craig Pawson,Nottingham Forest FC,West Ham United FC,M. Kilman,0,0,0,0,0,0,0,0,54,0,0,0,0,1,0
26,31 Aug 2025,,1ambeuhg64rjh91vzt2cu9m38,Craig Pawson,Nottingham Forest FC,West Ham United FC,K. Walker-Peters,0,0,0,1,0,2,0,0,35,0,0,0,0,3,0
26,31 Aug 2025,,1ambeuhg64rjh91vzt2cu9m38,Craig Pawson,Nottingham Forest FC,West Ham United FC,Mateus Fernandes,0,0,1,2,1,3,0,0,23,0,0,0,0,3,0
26,31 Aug 2025,,1ambeuhg64rjh91vzt2cu9m38,Craig Pawson,Nottingham Forest FC,West Ham United FC,C. Wilson,0,0,3,0,0,1,1,0,4,0,0,4,4,0,0
26,31 Aug 2025,,1ambeuhg64rjh91vzt2cu9m38,Craig Pawson,Nottingham Forest FC,West Ham United FC,A. Irving,0,0,0,0,0,0,0,0,10,0,0,0,0,2,0
26,31 Aug 2025,,1ambeuhg64rjh91vzt2cu9m38,Craig Pawson,Nottingham Forest FC,West Ham United FC,C. Summerville,1,0,0,0,0,1,0,0,5,0,0,0,0,0,0
27,30 Aug 2025,,1b0aavyqhw9g2ebi1cua6uiac,Anthony Taylor,Sunderland AFC,Brentford FC,G. Xhaka,1,0,0,2,1,2,0,0,59,0,0,0,0,1,1
27,30 Aug 2025,,1b0aavyqhw9g2ebi1cua6uiac,Anthony Taylor,Sunderland AFC,Brentford FC,R. Roefs,0,0,0,0,0,0,0,0,51,0,3,0,0,0,0
27,30 Aug 2025,,1b0aavyqhw9g2ebi1cua6uiac,Anthony Taylor,Sunderland AFC,Brentford FC,T. Hume,0,1,1,5,0,0,0,0,30,0,0,1,0,4,0
27,30 Aug 2025,,1b0aavyqhw9g2ebi1cua6uiac,Anthony Taylor,Sunderland AFC,Brentford FC,C. Talbi,0,0,0,3,0,0,0,0,23,0,0,1,0,2,0
27,30 Aug 2025,,1b0aavyqhw9g2ebi1cua6uiac,Anthony Taylor,Sunderland AFC,Brentford FC,H. Diarra,0,0,0,1,0,1,0,0,29,0,0,3,0,0,1
27,30 Aug 2025,,1b0aavyqhw9g2ebi1cua6uiac,Anthony Taylor,Sunderland AFC,Brentford FC,N. Mukiele,0,0,1,0,0,2,0,0,55,0,0,1,0,5,0
27,30 Aug 2025,,1b0aavyqhw9g2ebi1cua6uiac,Anthony Taylor,Sunderland AFC,Brentford FC,O. Alderete,0,1,0,1,1,0,0,0,56,0,0,1,0,2,0
27,30 Aug 2025,,1b0aavyqhw9g2ebi1cua6uiac,Anthony Taylor,Sunderland AFC,Brentford FC,N. Sadiki,0,0,0,0,2,0,0,0,34,0,0,0,0,2,0
27,30 Aug 2025,,1b0aavyqhw9g2ebi1cua6uiac,Anthony Taylor,Sunderland AFC,Brentford FC,Reinildo Mandava,0,1,0,3,1,4,0,0,32,0,0,1,0,3,1
27,30 Aug 2025,,1b0aavyqhw9g2ebi1cua6uiac,Anthony Taylor,Sunderland AFC,Brentford FC,E. Le Fée,0,0,0,3,3,1,1,0,34,0,0,1,1,6,0
27,30 Aug 2025,,1b0aavyqhw9g2ebi1cua6uiac,Anthony Taylor,Sunderland AFC,Brentford FC,Eliezer Mayenda,0,0,0,0,2,0,0,0,5,0,0,0,0,0,0
27,30 Aug 2025,,1b0aavyqhw9g2ebi1cua6uiac,Anthony Taylor,Sunderland AFC,Brentford FC,S. Adingra,0,0,1,0,1,0,0,0,5,0,0,0,0,1,0
27,30 Aug 2025,,1b0aavyqhw9g2ebi1cua6uiac,Anthony Taylor,Sunderland AFC,Brentford FC,W. Isidor,0,0,0,0,0,0,1,0,5,0,0,3,2,2,0
27,30 Aug 2025,,1b0aavyqhw9g2ebi1cua6uiac,Anthony Taylor,Sunderland AFC,Brentford FC,Marc Guiu,0,0,0,0,0,0,0,0,1,0,0,0,0,0,0
27,30 Aug 2025,,1b0aavyqhw9g2ebi1cua6uiac,Anthony Taylor,Sunderland AFC,Brentford FC,M. Damsgaard,0,0,0,7,2,2,0,1,28,0,0,0,0,0,0
27,30 Aug 2025,,1b0aavyqhw9g2ebi1cua6uiac,Anthony Taylor,Sunderland AFC,Brentford FC,C. Kelleher,0,0,0,0,0,0,0,0,41,0,1,0,0,0,0
27,30 Aug 2025,,1b0aavyqhw9g2ebi1cua6uiac,Anthony Taylor,Sunderland AFC,Brentford FC,Igor Thiago,0,0,0,1,4,0,1,1,12,0,0,1,1,0,1
27,30 Aug 2025,,1b0aavyqhw9g2ebi1cua6uiac,Anthony Taylor,Sunderland AFC,Brentford FC,K. Schade,0,0,1,0,0,0,0,0,16,0,0,3,1,1,0
27,30 Aug 2025,,1b0aavyqhw9g2ebi1cua6uiac,Anthony Taylor,Sunderland AFC,Brentford FC,J. Henderson,0,0,1,2,1,0,0,0,45,0,0,0,0,0,0
27,30 Aug 2025,,1b0aavyqhw9g2ebi1cua6uiac,Anthony Taylor,Sunderland AFC,Brentford FC,S. van den Berg,0,0,0,0,0,1,0,0,48,0,0,0,0,0,0
27,30 Aug 2025,,1b0aavyqhw9g2ebi1cua6uiac,Anthony Taylor,Sunderland AFC,Brentford FC,N. Collins,0,0,0,0,1,2,0,0,40,0,0,0,0,1,0
27,30 Aug 2025,,1b0aavyqhw9g2ebi1cua6uiac,Anthony Taylor,Sunderland AFC,Brentford FC,D. Ouattara,0,0,1,1,1,2,0,1,10,0,0,1,1,0,0
27,30 Aug 2025,,1b0aavyqhw9g2ebi1cua6uiac,Anthony Taylor,Sunderland AFC,Brentford FC,K. Lewis-Potter,0,0,1,1,0,0,0,0,17,0,0,0,0,2,0
27,30 Aug 2025,,1b0aavyqhw9g2ebi1cua6uiac,Anthony Taylor,Sunderland AFC,Brentford FC,M. Kayode,0,0,0,3,1,1,0,0,33,0,0,0,0,1,0
27,30 Aug 2025,,1b0aavyqhw9g2ebi1cua6uiac,Anthony Taylor,Sunderland AFC,Brentford FC,Y. Yarmoliuk,0,0,0,1,1,0,0,0,39,0,0,1,1,2,0
27,30 Aug 2025,,1b0aavyqhw9g2ebi1cua6uiac,Anthony Taylor,Sunderland AFC,Brentford FC,F. Onyeka,1,0,0,0,0,1,0,0,13,0,0,0,0,1,0
27,30 Aug 2025,,1b0aavyqhw9g2ebi1cua6uiac,Anthony Taylor,Sunderland AFC,Brentford FC,R. Henry,0,1,0,0,1,1,0,0,9,0,0,1,0,1,1
27,30 Aug 2025,,1b0aavyqhw9g2ebi1cua6uiac,Anthony Taylor,Sunderland AFC,Brentford FC,Fábio Carvalho,0,0,0,0,0,0,0,0,3,0,0,0,0,0,0
28,30 Aug 2025,,1be5lxo9q7ko4pm8exaozvmdw,Simon Hooper,Tottenham Hotspur FC,AFC Bournemouth,Pedro Porro,0,1,0,3,1,1,0,0,18,0,0,1,0,2,0
28,30 Aug 2025,,1be5lxo9q7ko4pm8exaozvmdw,Simon Hooper,Tottenham Hotspur FC,AFC Bournemouth,M. Kudus,0,0,0,5,2,3,0,0,20,0,0,0,0,4,0
28,30 Aug 2025,,1be5lxo9q7ko4pm8exaozvmdw,Simon Hooper,Tottenham Hotspur FC,AFC Bournemouth,B. Johnson,0,0,0,1,1,2,0,2,13,0,0,0,0,0,0
28,30 Aug 2025,,1be5lxo9q7ko4pm8exaozvmdw,Simon Hooper,Tottenham Hotspur FC,AFC Bournemouth,P. Sarr,0,0,0,0,6,3,0,0,25,0,0,0,0,0,0
28,30 Aug 2025,,1be5lxo9q7ko4pm8exaozvmdw,Simon Hooper,Tottenham Hotspur FC,AFC Bournemouth,M. van de Ven,0,0,0,0,1,1,0,0,89,0,0,0,0,0,1
28,30 Aug 2025,,1be5lxo9q7ko4pm8exaozvmdw,Simon Hooper,Tottenham Hotspur FC,AFC Bournemouth,D. Spence,0,0,0,4,2,0,0,0,44,0,0,0,0,0,1
28,30 Aug 2025,,1be5lxo9q7ko4pm8exaozvmdw,Simon Hooper,Tottenham Hotspur FC,AFC Bournemouth,G. Vicario,0,0,0,0,0,0,0,0,51,0,5,0,0,0,0
28,30 Aug 2025,,1be5lxo9q7ko4pm8exaozvmdw,Simon Hooper,Tottenham Hotspur FC,AFC Bournemouth,Richarlison,0,0,0,2,1,1,0,0,11,0,0,0,0,0,0
28,30 Aug 2025,,1be5lxo9q7ko4pm8exaozvmdw,Simon Hooper,Tottenham Hotspur FC,AFC Bournemouth,R. Bentancur,0,0,0,2,0,0,0,0,67,0,0,0,0,1,0
28,30 Aug 2025,,1be5lxo9q7ko4pm8exaozvmdw,Simon Hooper,Tottenham Hotspur FC,AFC Bournemouth,João Palhinha,0,0,0,0,1,0,0,0,34,0,0,0,0,2,0
28,30 Aug 2025,,1be5lxo9q7ko4pm8exaozvmdw,Simon Hooper,Tottenham Hotspur FC,AFC Bournemouth,C. Romero,0,0,0,0,0,0,0,0,50,0,0,0,0,2,0
28,30 Aug 2025,,1be5lxo9q7ko4pm8exaozvmdw,Simon Hooper,Tottenham Hotspur FC,AFC Bournemouth,L. Bergvall,0,0,0,1,2,0,0,0,15,0,0,1,1,1,0
28,30 Aug 2025,,1be5lxo9q7ko4pm8exaozvmdw,Simon Hooper,Tottenham Hotspur FC,AFC Bournemouth,W. Odobert,0,0,0,1,0,0,0,0,14,0,0,1,0,0,0
28,30 Aug 2025,,1be5lxo9q7ko4pm8exaozvmdw,Simon Hooper,Tottenham Hotspur FC,AFC Bournemouth,D. Udogie,0,0,0,0,0,2,0,0,21,0,0,1,0,1,0
28,30 Aug 2025,,1be5lxo9q7ko4pm8exaozvmdw,Simon Hooper,Tottenham Hotspur FC,AFC Bournemouth,M. Tel,0,0,0,1,0,0,0,0,5,0,0,1,0,3,0
28,30 Aug 2025,,1be5lxo9q7ko4pm8exaozvmdw,Simon Hooper,Tottenham Hotspur FC,AFC Bournemouth,M. Tavernier,0,1,2,2,0,2,0,0,22,0,0,3,0,3,0
28,30 Aug 2025,,1be5lxo9q7ko4pm8exaozvmdw,Simon Hooper,Tottenham Hotspur FC,AFC Bournemouth,B. Diakité,0,0,0,0,1,0,0,0,26,0,0,0,0,0,0
28,30 Aug 2025,,1be5lxo9q7ko4pm8exaozvmdw,Simon Hooper,Tottenham Hotspur FC,AFC Bournemouth,T. Adams,0,0,0,0,2,1,0,0,37,0,0,1,1,2,1
28,30 Aug 2025,,1be5lxo9q7ko4pm8exaozvmdw,Simon Hooper,Tottenham Hotspur FC,AFC Bournemouth,Đ. Petrović,0,0,0,0,0,0,0,0,29,0,1,0,0,0,1
28,30 Aug 2025,,1be5lxo9q7ko4pm8exaozvmdw,Simon Hooper,Tottenham Hotspur FC,AFC Bournemouth,A. Scott,0,1,0,4,1,3,0,0,16,0,0,1,0,2,0
28,30 Aug 2025,,1be5lxo9q7ko4pm8exaozvmdw,Simon Hooper,Tottenham Hotspur FC,AFC Bournemouth,A. Smith,0,0,0,0,1,0,0,0,3,0,0,0,0,0,0
28,30 Aug 2025,,1be5lxo9q7ko4pm8exaozvmdw,Simon Hooper,Tottenham Hotspur FC,AFC Bournemouth,M. Senesi,1,1,0,0,0,3,0,0,40,0,0,2,0,2,0
28,30 Aug 2025,,1be5lxo9q7ko4pm8exaozvmdw,Simon Hooper,Tottenham Hotspur FC,AFC Bournemouth,D. Brooks,0,1,2,4,0,1,0,0,16,0,0,4,2,4,0
28,30 Aug 2025,,1be5lxo9q7ko4pm8exaozvmdw,Simon Hooper,Tottenham Hotspur FC,AFC Bournemouth,Evanilson,0,0,1,0,0,1,1,1,18,0,0,5,2,0,0
28,30 Aug 2025,,1be5lxo9q7ko4pm8exaozvmdw,Simon Hooper,Tottenham Hotspur FC,AFC Bournemouth,A. Semenyo,0,1,1,1,2,1,0,2,27,0,0,3,1,2,1
28,30 Aug 2025,,1be5lxo9q7ko4pm8exaozvmdw,Simon Hooper,Tottenham Hotspur FC,AFC Bournemouth,A. Truffert,0,0,0,5,3,2,0,0,17,0,0,1,0,5,0
28,30 Aug 2025,,1be5lxo9q7ko4pm8exaozvmdw,Simon Hooper,Tottenham Hotspur FC,AFC Bournemouth,J. Hill,0,0,1,1,2,1,0,0,18,0,0,0,0,0,1
28,30 Aug 2025,,1be5lxo9q7ko4pm8exaozvmdw,Simon Hooper,Tottenham Hotspur FC,AFC Bournemouth,R. Christie,0,0,1,0,0,1,0,0,11,0,0,0,0,4,0
28,30 Aug 2025,,1be5lxo9q7ko4pm8exaozvmdw,Simon Hooper,Tottenham Hotspur FC,AFC Bournemouth,A. Adli,0,0,0,1,1,1,0,0,8,0,0,0,0,4,0
28,30 Aug 2025,,1be5lxo9q7ko4pm8exaozvmdw,Simon Hooper,Tottenham Hotspur FC,AFC Bournemouth,J. Kroupi,0,0,0,0,0,0,0,0,1,0,0,0,0,0,0
28,30 Aug 2025,,1be5lxo9q7ko4pm8exaozvmdw,Simon Hooper,Tottenham Hotspur FC,AFC Bournemouth,J. Kluivert,0,0,0,0,0,0,0,0,7,0,0,0,0,0,0
29,30 Aug 2025,,1bs4lduawnt57viznogqxu0b8,Michael Oliver,Wolverhampton Wanderers FC,Everton FC,E. Agbadou,0,0,0,0,0,1,0,0,74,0,0,1,0,0,0
29,30 Aug 2025,,1bs4lduawnt57viznogqxu0b8,Michael Oliver,Wolverhampton Wanderers FC,Everton FC,J. Tchatchoua,0,0,0,3,0,0,0,0,23,0,0,0,0,1,0
29,30 Aug 2025,,1bs4lduawnt57viznogqxu0b8,Michael Oliver,Wolverhampton Wanderers FC,Everton FC,S. Bueno,0,0,0,3,3,0,0,0,60,0,0,0,0,2,0
29,30 Aug 2025,,1bs4lduawnt57viznogqxu0b8,Michael Oliver,Wolverhampton Wanderers FC,Everton FC,M. Munetsi,1,1,0,1,3,1,0,1,20,0,0,1,0,2,0
29,30 Aug 2025,,1bs4lduawnt57viznogqxu0b8,Michael Oliver,Wolverhampton Wanderers FC,Everton FC,José Sá,0,0,1,0,0,0,0,0,34,0,1,0,0,0,0
29,30 Aug 2025,,1bs4lduawnt57viznogqxu0b8,Michael Oliver,Wolverhampton Wanderers FC,Everton FC,Toti Gomes,0,1,0,1,1,0,0,0,97,0,0,1,0,5,0
29,30 Aug 2025,,1bs4lduawnt57viznogqxu0b8,Michael Oliver,Wolverhampton Wanderers FC,Everton FC,João Gomes,0,0,0,1,0,3,0,0,63,0,0,1,0,0,0
29,30 Aug 2025,,1bs4lduawnt57viznogqxu0b8,Michael Oliver,Wolverhampton Wanderers FC,Everton FC,André,0,0,0,0,2,3,0,0,39,0,0,0,0,1,0
29,30 Aug 2025,,1bs4lduawnt57viznogqxu0b8,Michael Oliver,Wolverhampton Wanderers FC,Everton FC,Hugo Bueno,0,0,0,3,1,0,0,0,34,0,0,0,0,5,0
29,30 Aug 2025,,1bs4lduawnt57viznogqxu0b8,Michael Oliver,Wolverhampton Wanderers FC,Everton FC,J. Arias,0,0,0,1,0,0,0,0,12,0,0,1,1,6,0
29,30 Aug 2025,,1bs4lduawnt57viznogqxu0b8,Michael Oliver,Wolverhampton Wanderers FC,Everton FC,Hwang Hee-Chan,0,0,0,0,0,1,1,1,12,0,0,1,1,0,0
29,30 Aug 2025,,1bs4lduawnt57viznogqxu0b8,Michael Oliver,Wolverhampton Wanderers FC,Everton FC,J. Bellegarde,0,1,0,1,1,0,0,0,16,0,0,2,1,0,0
29,30 Aug 2025,,1bs4lduawnt57viznogqxu0b8,Michael Oliver,Wolverhampton Wanderers FC,Everton FC,Fer López,0,1,0,0,2,0,0,0,20,0,0,1,0,0,0
29,30 Aug 2025,,1bs4lduawnt57viznogqxu0b8,Michael Oliver,Wolverhampton Wanderers FC,Everton FC,Rodrigo Gomes,0,1,1,1,2,0,1,0,9,0,0,3,1,1,0
29,30 Aug 2025,,1bs4lduawnt57viznogqxu0b8,Michael Oliver,Wolverhampton Wanderers FC,Everton FC,D. Møller Wolfe,1,0,0,1,0,0,0,0,6,0,0,0,0,0,0
29,30 Aug 2025,,1bs4lduawnt57viznogqxu0b8,Michael Oliver,Wolverhampton Wanderers FC,Everton FC,S. Kalajdžić,0,0,0,0,0,0,0,0,5,0,0,0,0,0,0
29,30 Aug 2025,,1bs4lduawnt57viznogqxu0b8,Michael Oliver,Wolverhampton Wanderers FC,Everton FC,J. Garner,0,0,0,4,2,0,0,0,43,0,0,0,0,3,0
29,30 Aug 2025,,1bs4lduawnt57viznogqxu0b8,Michael Oliver,Wolverhampton Wanderers FC,Everton FC,J. Pickford,0,0,0,0,0,0,0,0,39,0,2,0,0,0,0
29,30 Aug 2025,,1bs4lduawnt57viznogqxu0b8,Michael Oliver,Wolverhampton Wanderers FC,Everton FC,Beto,0,0,0,0,2,2,1,0,15,0,0,1,1,0,0
29,30 Aug 2025,,1bs4lduawnt57viznogqxu0b8,Michael Oliver,Wolverhampton Wanderers FC,Everton FC,M. Keane,0,0,0,0,0,0,0,0,36,0,0,0,0,1,0
29,30 Aug 2025,,1bs4lduawnt57viznogqxu0b8,Michael Oliver,Wolverhampton Wanderers FC,Everton FC,V. Mykolenko,0,0,1,3,1,2,0,0,34,0,0,0,0,1,0
29,30 Aug 2025,,1bs4lduawnt57viznogqxu0b8,Michael Oliver,Wolverhampton Wanderers FC,Everton FC,J. O'Brien,0,0,0,2,0,1,0,0,33,0,0,1,0,1,0
29,30 Aug 2025,,1bs4lduawnt57viznogqxu0b8,Michael Oliver,Wolverhampton Wanderers FC,Everton FC,I. Ndiaye,0,0,0,1,1,1,1,1,33,0,0,1,1,3,0
29,30 Aug 2025,,1bs4lduawnt57viznogqxu0b8,Michael Oliver,Wolverhampton Wanderers FC,Everton FC,K. Dewsbury-Hall,1,0,0,2,3,2,1,0,33,0,0,1,1,1,1
29,30 Aug 2025,,1bs4lduawnt57viznogqxu0b8,Michael Oliver,Wolverhampton Wanderers FC,Everton FC,J. Grealish,2,1,1,0,0,7,0,0,36,0,0,2,1,1,0
29,30 Aug 2025,,1bs4lduawnt57viznogqxu0b8,Michael Oliver,Wolverhampton Wanderers FC,Everton FC,I. Gueye,0,2,0,1,0,0,0,0,30,0,0,3,0,3,0
29,30 Aug 2025,,1bs4lduawnt57viznogqxu0b8,Michael Oliver,Wolverhampton Wanderers FC,Everton FC,J. Tarkowski,0,0,0,0,1,0,0,0,29,0,0,0,0,1,0
29,30 Aug 2025,,1bs4lduawnt57viznogqxu0b8,Michael Oliver,Wolverhampton Wanderers FC,Everton FC,T. Iroegbunam,0,1,0,0,0,0,0,0,4,0,0,1,0,0,0
29,30 Aug 2025,,1bs4lduawnt57viznogqxu0b8,Michael Oliver,Wolverhampton Wanderers FC,Everton FC,T. Barry,0,0,0,0,0,0,0,0,6,0,0,0,0,0,0
29,30 Aug 2025,,1bs4lduawnt57viznogqxu0b8,Michael Oliver,Wolverhampton Wanderers FC,Everton FC,C. Alcaraz,0,0,0,0,0,0,0,0,0,0,0,0,0,1,0
29,30 Aug 2025,,1bs4lduawnt57viznogqxu0b8,Michael Oliver,Wolverhampton Wanderers FC,Everton FC,Séamus Coleman,0,0,0,0,0,0,0,0,0,0,0,0,0,0,0
30,13 Sep 2025,,1c63e8qqe9heysoinrbib41zo,Peter Bankes,AFC Bournemouth,Brighton & Hove Albion FC,V. Milosavljević,0,0,0,0,0,0,0,0,40,0,0,0,0,1,0
30,13 Sep 2025,,1c63e8qqe9heysoinrbib41zo,Peter Bankes,AFC Bournemouth,Brighton & Hove Albion FC,M. Senesi,0,0,0,2,2,1,0,0,54,0,0,0,0,3,1
30,13 Sep 2025,,1c63e8qqe9heysoinrbib41zo,Peter Bankes,AFC Bournemouth,Brighton & Hove Albion FC,Evanilson,0,1,0,0,0,3,0,1,21,0,0,3,1,0,0
30,13 Sep 2025,,1c63e8qqe9heysoinrbib41zo,Peter Bankes,AFC Bournemouth,Brighton & Hove Albion FC,A. Scott,0,0,0,1,1,1,1,0,25,0,0,1,1,6,0
30,13 Sep 2025,,1c63e8qqe9heysoinrbib41zo,Peter Bankes,AFC Bournemouth,Brighton & Hove Albion FC,D. Brooks,0,1,1,3,2,1,0,0,24,0,0,2,0,0,1
30,13 Sep 2025,,1c63e8qqe9heysoinrbib41zo,Peter Bankes,AFC Bournemouth,Brighton & Hove Albion FC,J. Hill,0,0,0,1,2,0,0,0,31,0,0,1,1,1,0
30,13 Sep 2025,,1c63e8qqe9heysoinrbib41zo,Peter Bankes,AFC Bournemouth,Brighton & Hove Albion FC,Đ. Petrović,0,0,0,0,0,0,0,0,32,0,1,0,0,0,0
30,13 Sep 2025,,1c63e8qqe9heysoinrbib41zo,Peter Bankes,AFC Bournemouth,Brighton & Hove Albion FC,A. Semenyo,1,0,0,0,2,0,1,0,30,0,0,2,1,3,0
30,13 Sep 2025,,1c63e8qqe9heysoinrbib41zo,Peter Bankes,AFC Bournemouth,Brighton & Hove Albion FC,A. Truffert,0,0,0,6,2,0,0,0,29,0,0,0,0,1,0
30,13 Sep 2025,,1c63e8qqe9heysoinrbib41zo,Peter Bankes,AFC Bournemouth,Brighton & Hove Albion FC,M. Tavernier,0,0,1,3,2,1,0,0,36,0,0,1,0,0,0
30,13 Sep 2025,,1c63e8qqe9heysoinrbib41zo,Peter Bankes,AFC Bournemouth,Brighton & Hove Albion FC,T. Adams,0,0,0,0,1,2,0,0,47,0,0,0,0,2,1
30,13 Sep 2025,,1c63e8qqe9heysoinrbib41zo,Peter Bankes,AFC Bournemouth,Brighton & Hove Albion FC,A. Adli,0,0,1,1,1,0,0,0,11,0,0,1,1,0,0
30,13 Sep 2025,,1c63e8qqe9heysoinrbib41zo,Peter Bankes,AFC Bournemouth,Brighton & Hove Albion FC,J. Kluivert,0,2,1,2,0,1,0,0,9,0,0,2,0,0,0
30,13 Sep 2025,,1c63e8qqe9heysoinrbib41zo,Peter Bankes,AFC Bournemouth,Brighton & Hove Albion FC,L. Cook,0,0,0,0,0,0,0,0,2,0,0,0,0,0,0
30,13 Sep 2025,,1c63e8qqe9heysoinrbib41zo,Peter Bankes,AFC Bournemouth,Brighton & Hove Albion FC,Álex Jiménez,0,0,0,0,0,0,0,0,2,0,0,0,0,1,1
30,13 Sep 2025,,1c63e8qqe9heysoinrbib41zo,Peter Bankes,AFC Bournemouth,Brighton & Hove Albion FC,J. Soler,0,0,0,0,1,0,0,0,0,0,0,0,0,0,0
30,13 Sep 2025,,1c63e8qqe9heysoinrbib41zo,Peter Bankes,AFC Bournemouth,Brighton & Hove Albion FC,G. Rutter,0,0,1,2,1,3,0,0,20,0,0,0,0,1,1
30,13 Sep 2025,,1c63e8qqe9heysoinrbib41zo,Peter Bankes,AFC Bournemouth,Brighton & Hove Albion FC,B. Verbruggen,0,0,0,0,0,0,0,0,34,0,3,0,0,0,0
30,13 Sep 2025,,1c63e8qqe9heysoinrbib41zo,Peter Bankes,AFC Bournemouth,Brighton & Hove Albion FC,J. van Hecke,0,0,0,0,1,2,0,0,57,0,0,0,0,0,0
30,13 Sep 2025,,1c63e8qqe9heysoinrbib41zo,Peter Bankes,AFC Bournemouth,Brighton & Hove Albion FC,J. Hinshelwood,0,0,0,0,1,0,0,0,0,0,0,0,0,0,0
30,13 Sep 2025,,1c63e8qqe9heysoinrbib41zo,Peter Bankes,AFC Bournemouth,Brighton & Hove Albion FC,J. Veltman,0,0,0,1,0,3,0,0,33,0,0,0,0,4,0
30,13 Sep 2025,,1c63e8qqe9heysoinrbib41zo,Peter Bankes,AFC Bournemouth,Brighton & Hove Albion FC,L. Dunk,0,0,0,0,1,0,0,0,36,0,0,0,0,0,1
30,13 Sep 2025,,1c63e8qqe9heysoinrbib41zo,Peter Bankes,AFC Bournemouth,Brighton & Hove Albion FC,K. Mitoma,0,0,0,2,0,0,1,0,23,0,0,1,1,0,0
30,13 Sep 2025,,1c63e8qqe9heysoinrbib41zo,Peter Bankes,AFC Bournemouth,Brighton & Hove Albion FC,Y. Minteh,1,2,2,6,0,4,0,0,21,0,0,3,1,2,0
30,13 Sep 2025,,1c63e8qqe9heysoinrbib41zo,Peter Bankes,AFC Bournemouth,Brighton & Hove Albion FC,M. De Cuyper,0,0,0,0,0,0,0,0,6,0,0,0,0,2,0
30,13 Sep 2025,,1c63e8qqe9heysoinrbib41zo,Peter Bankes,AFC Bournemouth,Brighton & Hove Albion FC,D. Welbeck,0,0,0,0,0,1,0,0,17,0,0,1,0,2,0
30,13 Sep 2025,,1c63e8qqe9heysoinrbib41zo,Peter Bankes,AFC Bournemouth,Brighton & Hove Albion FC,Y. Ayari,0,0,0,1,0,1,0,0,45,0,0,0,0,4,0
30,13 Sep 2025,,1c63e8qqe9heysoinrbib41zo,Peter Bankes,AFC Bournemouth,Brighton & Hove Albion FC,J. Milner,0,0,0,2,2,1,0,0,30,0,0,0,0,2,1
30,13 Sep 2025,,1c63e8qqe9heysoinrbib41zo,Peter Bankes,AFC Bournemouth,Brighton & Hove Albion FC,F. Kadıoğlu,0,0,0,2,0,1,0,0,23,0,0,0,0,2,0
30,13 Sep 2025,,1c63e8qqe9heysoinrbib41zo,Peter Bankes,AFC Bournemouth,Brighton & Hove Albion FC,C. Baleba,0,0,0,0,2,0,0,0,17,0,0,1,0,1,1
30,13 Sep 2025,,1c63e8qqe9heysoinrbib41zo,Peter Bankes,AFC Bournemouth,Brighton & Hove Albion FC,S. Tzimas,0,0,0,0,1,0,0,0,2,0,0,0,0,0,0
30,13 Sep 2025,,1c63e8qqe9heysoinrbib41zo,Peter Bankes,AFC Bournemouth,Brighton & Hove Albion FC,B. Gruda,0,0,1,1,1,0,0,0,10,0,0,0,0,0,0
61,4 Oct 2025,,1oi3hkt91umhnxou8rk970ums,John Brooks,Arsenal FC,West Ham United FC,R. Calafiori,0,1,1,0,2,2,0,0,60,0,0,2,0,3,0
61,4 Oct 2025,,1oi3hkt91umhnxou8rk970ums,John Brooks,Arsenal FC,West Ham United FC,W. Saliba,0,0,0,1,0,0,0,0,96,0,0,0,0,0,0
61,4 Oct 2025,,1oi3hkt91umhnxou8rk970ums,John Brooks,Arsenal FC,West Ham United FC,Gabriel Magalhães,0,0,0,0,0,2,0,0,55,0,0,0,0,2,0
61,4 Oct 2025,,1oi3hkt91umhnxou8rk970ums,John Brooks,Arsenal FC,West Ham United FC,David Raya,0,0,0,0,0,0,0,0,26,0,0,0,0,0,0
61,4 Oct 2025,,1oi3hkt91umhnxou8rk970ums,John Brooks,Arsenal FC,West Ham United FC,D. Rice,0,1,0,7,0,0,1,0,60,0,0,2,1,0,0
61,4 Oct 2025,,1oi3hkt91umhnxou8rk970ums,John Brooks,Arsenal FC,West Ham United FC,M. Ødegaard,0,0,0,0,1,1,0,0,21,0,0,0,0,1,0
61,4 Oct 2025,,1oi3hkt91umhnxou8rk970ums,John Brooks,Arsenal FC,West Ham United FC,E. Eze,0,2,0,0,1,0,0,0,32,0,0,4,1,2,0
61,4 Oct 2025,,1oi3hkt91umhnxou8rk970ums,John Brooks,Arsenal FC,West Ham United FC,J. Timber,0,0,1,2,2,2,0,0,47,0,0,2,1,6,0
61,4 Oct 2025,,1oi3hkt91umhnxou8rk970ums,John Brooks,Arsenal FC,West Ham United FC,V. Gyökeres,0,0,1,0,1,2,0,0,11,0,0,2,1,0,0
61,4 Oct 2025,,1oi3hkt91umhnxou8rk970ums,John Brooks,Arsenal FC,West Ham United FC,L. Trossard,0,2,2,6,1,1,0,0,34,0,0,2,0,2,0
61,4 Oct 2025,,1oi3hkt91umhnxou8rk970ums,John Brooks,Arsenal FC,West Ham United FC,B. Saka,0,2,1,4,2,3,1,1,27,0,0,4,1,2,0
61,4 Oct 2025,,1oi3hkt91umhnxou8rk970ums,John Brooks,Arsenal FC,West Ham United FC,Martín Zubimendi,0,0,0,0,1,0,0,0,73,0,0,0,0,5,0
61,4 Oct 2025,,1oi3hkt91umhnxou8rk970ums,John Brooks,Arsenal FC,West Ham United FC,M. Lewis-Skelly,0,0,0,0,0,0,0,0,4,0,0,0,0,0,0
61,4 Oct 2025,,1oi3hkt91umhnxou8rk970ums,John Brooks,Arsenal FC,West Ham United FC,Mikel Merino,0,1,2,0,2,1,0,0,11,0,0,2,0,0,0
61,4 Oct 2025,,1oi3hkt91umhnxou8rk970ums,John Brooks,Arsenal FC,West Ham United FC,Gabriel Martinelli,0,0,0,3,1,0,0,0,1,0,0,0,0,0,0
61,4 Oct 2025,,1oi3hkt91umhnxou8rk970ums,John Brooks,Arsenal FC,West Ham United FC,E. Nwaneri,0,0,0,0,0,0,0,0,8,0,0,1,0,0,0
61,4 Oct 2025,,1oi3hkt91umhnxou8rk970ums,John Brooks,Arsenal FC,West Ham United FC,Mateus Fernandes,0,0,0,0,2,0,0,0,35,0,0,0,0,7,0
61,4 Oct 2025,,1oi3hkt91umhnxou8rk970ums,John Brooks,Arsenal FC,West Ham United FC,A. Areola,0,0,0,0,0,0,0,0,25,0,3,0,0,0,0
61,4 Oct 2025,,1oi3hkt91umhnxou8rk970ums,John Brooks,Arsenal FC,West Ham United FC,J. Bowen,0,0,2,4,1,2,0,0,14,0,0,0,0,0,0
61,4 Oct 2025,,1oi3hkt91umhnxou8rk970ums,John Brooks,Arsenal FC,West Ham United FC,Lucas Paquetá,0,0,0,5,1,4,0,0,33,0,0,1,0,5,1
61,4 Oct 2025,,1oi3hkt91umhnxou8rk970ums,John Brooks,Arsenal FC,West Ham United FC,N. Füllkrug,0,0,0,0,1,1,0,1,13,0,0,1,0,0,0
61,4 Oct 2025,,1oi3hkt91umhnxou8rk970ums,John Brooks,Arsenal FC,West Ham United FC,S. Magassa,0,0,0,0,1,0,0,0,13,0,0,0,0,1,0
61,4 Oct 2025,,1oi3hkt91umhnxou8rk970ums,John Brooks,Arsenal FC,West Ham United FC,K. Mavropanos,0,0,0,0,0,0,0,0,26,0,0,0,0,0,0
61,4 Oct 2025,,1oi3hkt91umhnxou8rk970ums,John Brooks,Arsenal FC,West Ham United FC,M. Kilman,0,0,1,1,1,0,0,0,26,0,0,0,0,0,0
61,4 Oct 2025,,1oi3hkt91umhnxou8rk970ums,John Brooks,Arsenal FC,West Ham United FC,A. Wan-Bissaka,0,0,0,0,1,0,0,0,13,0,0,0,0,0,0
61,4 Oct 2025,,1oi3hkt91umhnxou8rk970ums,John Brooks,Arsenal FC,West Ham United FC,E. Diouf,0,0,0,1,3,2,0,0,23,0,0,0,0,0,0
61,4 Oct 2025,,1oi3hkt91umhnxou8rk970ums,John Brooks,Arsenal FC,West Ham United FC,C. Summerville,0,1,0,0,2,4,0,0,27,0,0,1,0,2,1
61,4 Oct 2025,,1oi3hkt91umhnxou8rk970ums,John Brooks,Arsenal FC,West Ham United FC,C. Marshall,0,0,0,0,0,0,0,0,1,0,0,1,0,0,0
61,4 Oct 2025,,1oi3hkt91umhnxou8rk970ums,John Brooks,Arsenal FC,West Ham United FC,F. Potts,0,0,0,0,0,0,0,0,11,0,0,0,0,0,0
61,4 Oct 2025,,1oi3hkt91umhnxou8rk970ums,John Brooks,Arsenal FC,West Ham United FC,K. Walker-Peters,0,0,0,0,1,0,0,0,8,0,0,0,0,2,0
62,5 Oct 2025,,1owbvtdwx68memqujxxftykno,Andrew Kitchen,Aston Villa FC,Burnley FC,B. Kamara,1,1,0,0,1,2,0,0,68,0,0,1,0,1,0
62,5 Oct 2025,,1owbvtdwx68memqujxxftykno,Andrew Kitchen,Aston Villa FC,Burnley FC,O. Watkins,0,1,0,0,1,1,0,1,15,0,0,2,0,0,0
62,5 Oct 2025,,1owbvtdwx68memqujxxftykno,Andrew Kitchen,Aston Villa FC,Burnley FC,M. Rogers,1,1,2,0,2,1,0,0,25,0,0,3,2,2,0
62,5 Oct 2025,,1owbvtdwx68memqujxxftykno,Andrew Kitchen,Aston Villa FC,Burnley FC,M. Cash,0,0,1,2,1,0,0,1,46,0,0,1,1,1,0
62,5 Oct 2025,,1owbvtdwx68memqujxxftykno,Andrew Kitchen,Aston Villa FC,Burnley FC,L. Bogarde,0,0,0,0,1,3,0,0,58,0,0,0,0,0,0
62,5 Oct 2025,,1owbvtdwx68memqujxxftykno,Andrew Kitchen,Aston Villa FC,Burnley FC,E. Konsa,0,0,1,0,0,2,0,0,78,0,0,1,1,0,0
62,5 Oct 2025,,1owbvtdwx68memqujxxftykno,Andrew Kitchen,Aston Villa FC,Burnley FC,Pau Torres,0,0,0,0,0,0,0,0,63,0,0,1,0,3,0
62,5 Oct 2025,,1owbvtdwx68memqujxxftykno,Andrew Kitchen,Aston Villa FC,Burnley FC,E. Martínez,0,0,0,0,0,0,0,0,46,0,1,0,0,0,1
62,5 Oct 2025,,1owbvtdwx68memqujxxftykno,Andrew Kitchen,Aston Villa FC,Burnley FC,L. Digne,0,0,2,7,1,1,0,1,42,0,0,1,1,2,1
62,5 Oct 2025,,1owbvtdwx68memqujxxftykno,Andrew Kitchen,Aston Villa FC,Burnley FC,D. Malen,0,0,0,0,0,1,2,0,15,0,0,3,2,1,0
62,5 Oct 2025,,1owbvtdwx68memqujxxftykno,Andrew Kitchen,Aston Villa FC,Burnley FC,J. McGinn,0,0,0,0,0,2,0,0,18,0,0,1,0,1,0
62,5 Oct 2025,,1owbvtdwx68memqujxxftykno,Andrew Kitchen,Aston Villa FC,Burnley FC,E. Guessand,0,0,0,2,0,0,0,0,4,0,0,0,0,2,0
62,5 Oct 2025,,1owbvtdwx68memqujxxftykno,Andrew Kitchen,Aston Villa FC,Burnley FC,E. Buendía,0,0,0,0,2,1,0,0,7,0,0,0,0,1,1
62,5 Oct 2025,,1owbvtdwx68memqujxxftykno,Andrew Kitchen,Aston Villa FC,Burnley FC,R. Barkley,0,0,0,0,0,0,0,0,2,0,0,1,0,0,0
62,5 Oct 2025,,1owbvtdwx68memqujxxftykno,Andrew Kitchen,Aston Villa FC,Burnley FC,V. Lindelöf,0,0,0,0,0,0,0,0,5,0,0,0,0,0,0
62,5 Oct 2025,,1owbvtdwx68memqujxxftykno,Andrew Kitchen,Aston Villa FC,Burnley FC,A. Onana,0,0,0,0,0,0,0,0,4,0,0,0,0,0,0
62,5 Oct 2025,,1owbvtdwx68memqujxxftykno,Andrew Kitchen,Aston Villa FC,Burnley FC,I. Maatsen,0,0,0,0,0,1,0,0,0,0,0,0,0,1,0
62,5 Oct 2025,,1owbvtdwx68memqujxxftykno,Andrew Kitchen,Aston Villa FC,Burnley FC,J. Anthony,0,0,1,2,2,1,0,0,14,0,0,0,0,4,0
62,5 Oct 2025,,1owbvtdwx68memqujxxftykno,Andrew Kitchen,Aston Villa FC,Burnley FC,M. Dúbravka,0,0,0,0,0,0,0,0,29,0,5,0,0,0,0
62,5 Oct 2025,,1owbvtdwx68memqujxxftykno,Andrew Kitchen,Aston Villa FC,Burnley FC,L. Foster,0,0,0,0,3,0,0,2,11,0,0,0,0,0,1
62,5 Oct 2025,,1owbvtdwx68memqujxxftykno,Andrew Kitchen,Aston Villa FC,Burnley FC,A. Tuanzebe,0,0,0,0,1,0,0,0,50,0,0,0,0,3,0
62,5 Oct 2025,,1owbvtdwx68memqujxxftykno,Andrew Kitchen,Aston Villa FC,Burnley FC,J. Cullen,0,0,1,0,1,3,0,0,60,0,0,1,1,7,0
62,5 Oct 2025,,1owbvtdwx68memqujxxftykno,Andrew Kitchen,Aston Villa FC,Burnley FC,K. Walker,0,1,1,0,2,2,0,0,38,0,0,1,0,3,0
62,5 Oct 2025,,1owbvtdwx68memqujxxftykno,Andrew Kitchen,Aston Villa FC,Burnley FC,Q. Hartman,1,0,1,4,1,1,0,1,34,0,0,0,0,0,0
62,5 Oct 2025,,1owbvtdwx68memqujxxftykno,Andrew Kitchen,Aston Villa FC,Burnley FC,J. Laurent,0,0,0,0,1,0,0,0,33,0,0,0,0,0,0
62,5 Oct 2025,,1owbvtdwx68memqujxxftykno,Andrew Kitchen,Aston Villa FC,Burnley FC,M. Estève,0,0,0,0,1,0,0,0,46,0,0,0,0,0,0
62,5 Oct 2025,,1owbvtdwx68memqujxxftykno,Andrew Kitchen,Aston Villa FC,Burnley FC,Florentino,0,0,0,1,2,1,0,0,62,0,0,0,0,5,0
62,5 Oct 2025,,1owbvtdwx68memqujxxftykno,Andrew Kitchen,Aston Villa FC,Burnley FC,L. Tchaouna,0,0,0,0,0,1,0,1,13,0,0,0,0,0,0
62,5 Oct 2025,,1owbvtdwx68memqujxxftykno,Andrew Kitchen,Aston Villa FC,Burnley FC,J. Bruun Larsen,0,0,0,0,0,0,0,0,5,0,0,0,0,0,0
62,5 Oct 2025,,1owbvtdwx68memqujxxftykno,Andrew Kitchen,Aston Villa FC,Burnley FC,A. Broja,0,0,0,0,0,0,0,1,2,0,0,0,0,2,0
62,5 Oct 2025,,1owbvtdwx68memqujxxftykno,Andrew Kitchen,Aston Villa FC,Burnley FC,L. Ugochukwu,0,0,0,0,0,0,1,0,8,0,0,2,1,3,0
62,5 Oct 2025,,1owbvtdwx68memqujxxftykno,Andrew Kitchen,Aston Villa FC,Burnley FC,Z. Flemming,0,1,0,0,1,0,0,0,3,0,0,1,0,0,0
62,5 Oct 2025,,1owbvtdwx68memqujxxftykno,Andrew Kitchen,Aston Villa FC,Burnley FC,J. Worrall,0,0,0,0,0,0,0,0,1,0,0,0,0,0,0
63,5 Oct 2025,,1paikangkucvx6etwyog8bxg4,Darren England,Brentford FC,Manchester City FC,M. Damsgaard,0,0,0,2,1,1,0,0,24,0,0,0,0,3,0
63,5 Oct 2025,,1paikangkucvx6etwyog8bxg4,Darren England,Brentford FC,Manchester City FC,J. Henderson,0,0,1,1,1,1,0,0,41,0,0,0,0,0,1
63,5 Oct 2025,,1paikangkucvx6etwyog8bxg4,Darren England,Brentford FC,Manchester City FC,M. Kayode,0,0,1,4,1,0,0,0,18,0,0,1,0,1,0
63,5 Oct 2025,,1paikangkucvx6etwyog8bxg4,Darren England,Brentford FC,Manchester City FC,K. Ajer,0,0,0,0,1,0,0,0,25,0,0,0,0,3,0
63,5 Oct 2025,,1paikangkucvx6etwyog8bxg4,Darren England,Brentford FC,Manchester City FC,S. van den Berg,0,0,0,0,1,0,0,0,35,0,0,0,0,0,0
63,5 Oct 2025,,1paikangkucvx6etwyog8bxg4,Darren England,Brentford FC,Manchester City FC,N. Collins,0,0,0,0,0,0,0,0,40,0,0,0,0,0,0
63,5 Oct 2025,,1paikangkucvx6etwyog8bxg4,Darren England,Brentford FC,Manchester City FC,A. Hickey,0,0,0,0,1,0,0,0,38,0,0,1,0,1,0
63,5 Oct 2025,,1paikangkucvx6etwyog8bxg4,Darren England,Brentford FC,Manchester City FC,C. Kelleher,0,0,0,0,0,1,0,0,29,0,3,0,0,0,0
63,5 Oct 2025,,1paikangkucvx6etwyog8bxg4,Darren England,Brentford FC,Manchester City FC,Y. Yarmoliuk,0,1,0,1,1,0,0,0,15,0,0,1,0,2,0
63,5 Oct 2025,,1paikangkucvx6etwyog8bxg4,Darren England,Brentford FC,Manchester City FC,K. Schade,0,0,1,1,2,2,0,0,7,0,0,0,0,3,1
63,5 Oct 2025,,1paikangkucvx6etwyog8bxg4,Darren England,Brentford FC,Manchester City FC,Igor Thiago,0,1,0,0,0,0,0,1,11,0,0,2,1,2,0
63,5 Oct 2025,,1paikangkucvx6etwyog8bxg4,Darren England,Brentford FC,Manchester City FC,D. Ouattara,0,0,0,2,1,0,0,0,4,0,0,0,0,0,1
63,5 Oct 2025,,1paikangkucvx6etwyog8bxg4,Darren England,Brentford FC,Manchester City FC,F. Onyeka,0,0,0,0,0,0,0,0,6,0,0,0,0,1,0
63,5 Oct 2025,,1paikangkucvx6etwyog8bxg4,Darren England,Brentford FC,Manchester City FC,V. Janelt,0,0,0,1,0,0,0,0,10,0,0,1,0,0,0
63,5 Oct 2025,,1paikangkucvx6etwyog8bxg4,Darren England,Brentford FC,Manchester City FC,M. Jensen,0,0,0,2,0,0,0,0,6,0,0,0,0,0,0
63,5 Oct 2025,,1paikangkucvx6etwyog8bxg4,Darren England,Brentford FC,Manchester City FC,Fábio Carvalho,0,0,0,0,0,0,0,0,2,0,0,0,0,0,0
63,5 Oct 2025,,1paikangkucvx6etwyog8bxg4,Darren England,Brentford FC,Manchester City FC,J. Gvardiol,1,0,0,0,0,1,0,0,101,0,0,1,1,1,0
63,5 Oct 2025,,1paikangkucvx6etwyog8bxg4,Darren England,Brentford FC,Manchester City FC,Rodri,0,0,0,0,0,0,0,0,25,0,0,0,0,0,0
63,5 Oct 2025,,1paikangkucvx6etwyog8bxg4,Darren England,Brentford FC,Manchester City FC,T. Reijnders,0,0,0,2,0,0,0,0,68,0,0,2,1,0,0
63,5 Oct 2025,,1paikangkucvx6etwyog8bxg4,Darren England,Brentford FC,Manchester City FC,O. Bobb,0,1,0,0,0,1,0,0,45,0,0,1,0,1,0
63,5 Oct 2025,,1paikangkucvx6etwyog8bxg4,Darren England,Brentford FC,Manchester City FC,Matheus Nunes,0,0,0,2,1,1,0,0,101,0,0,0,0,1,1
63,5 Oct 2025,,1paikangkucvx6etwyog8bxg4,Darren England,Brentford FC,Manchester City FC,Rúben Dias,0,0,0,0,1,2,0,0,95,0,0,0,0,1,0
63,5 Oct 2025,,1paikangkucvx6etwyog8bxg4,Darren England,Brentford FC,Manchester City FC,N. O'Reilly,0,0,0,1,0,0,0,0,87,0,0,0,0,4,1
63,5 Oct 2025,,1paikangkucvx6etwyog8bxg4,Darren England,Brentford FC,Manchester City FC,P. Foden,0,3,1,2,1,1,0,0,69,0,0,5,1,2,0
63,5 Oct 2025,,1paikangkucvx6etwyog8bxg4,Darren England,Brentford FC,Manchester City FC,Savinho,0,0,1,2,0,2,0,1,51,0,0,0,0,0,0
63,5 Oct 2025,,1paikangkucvx6etwyog8bxg4,Darren England,Brentford FC,Manchester City FC,G. Donnarumma,0,0,0,0,0,0,0,0,26,0,1,0,0,0,0
63,5 Oct 2025,,1paikangkucvx6etwyog8bxg4,Darren England,Brentford FC,Manchester City FC,E. Haaland,0,0,0,0,1,1,1,0,16,0,0,1,1,0,0
63,5 Oct 2025,,1paikangkucvx6etwyog8bxg4,Darren England,Brentford FC,Manchester City FC,Nico González,0,0,0,0,1,1,0,0,60,0,0,0,0,4,0
63,5 Oct 2025,,1paikangkucvx6etwyog8bxg4,Darren England,Brentford FC,Manchester City FC,Bernardo Silva,0,0,0,0,0,0,0,0,17,0,0,0,0,0,0
63,5 Oct 2025,,1paikangkucvx6etwyog8bxg4,Darren England,Brentford FC,Manchester City FC,J. Doku,0,0,0,0,1,0,0,0,3,0,0,0,0,0,0
64,4 Oct 2025,,1pow6zy0g8vyp6ag9wvnubkes,Anthony Taylor,Chelsea FC,Liverpool FC,Marc Cucurella,1,0,0,3,0,3,0,0,49,0,0,0,0,2,0
64,4 Oct 2025,,1pow6zy0g8vyp6ag9wvnubkes,Anthony Taylor,Chelsea FC,Liverpool FC,Robert Sánchez,0,0,0,0,0,1,0,0,48,0,1,0,0,0,0
64,4 Oct 2025,,1pow6zy0g8vyp6ag9wvnubkes,Anthony Taylor,Chelsea FC,Liverpool FC,B. Badiashile,0,0,0,0,0,0,0,0,48,0,0,0,0,1,0
64,4 Oct 2025,,1pow6zy0g8vyp6ag9wvnubkes,Anthony Taylor,Chelsea FC,Liverpool FC,M. Caicedo,0,0,1,0,1,0,1,0,51,0,0,2,2,4,0
64,4 Oct 2025,,1pow6zy0g8vyp6ag9wvnubkes,Anthony Taylor,Chelsea FC,Liverpool FC,R. James,0,0,0,1,1,1,0,0,61,0,0,0,0,5,0
64,4 Oct 2025,,1pow6zy0g8vyp6ag9wvnubkes,Anthony Taylor,Chelsea FC,Liverpool FC,J. Acheampong,0,0,0,0,0,0,0,0,45,0,0,0,0,0,0
64,4 Oct 2025,,1pow6zy0g8vyp6ag9wvnubkes,Anthony Taylor,Chelsea FC,Liverpool FC,M. Gusto,1,0,0,2,1,0,0,0,54,0,0,1,0,1,0
64,4 Oct 2025,,1pow6zy0g8vyp6ag9wvnubkes,Anthony Taylor,Chelsea FC,Liverpool FC,E. Fernández,0,0,1,2,2,0,0,0,45,0,0,2,1,4,0
64,4 Oct 2025,,1pow6zy0g8vyp6ag9wvnubkes,Anthony Taylor,Chelsea FC,Liverpool FC,Pedro Neto,0,1,2,6,1,0,0,0,15,0,0,1,0,0,0
64,4 Oct 2025,,1pow6zy0g8vyp6ag9wvnubkes,Anthony Taylor,Chelsea FC,Liverpool FC,João Pedro,0,1,0,1,1,1,0,1,12,0,0,1,0,0,0
64,4 Oct 2025,,1pow6zy0g8vyp6ag9wvnubkes,Anthony Taylor,Chelsea FC,Liverpool FC,A. Garnacho,0,0,0,2,0,2,0,0,21,0,0,1,0,1,0
64,4 Oct 2025,,1pow6zy0g8vyp6ag9wvnubkes,Anthony Taylor,Chelsea FC,Liverpool FC,R. Lavia,0,0,0,0,0,0,0,0,19,0,0,0,0,1,0
64,4 Oct 2025,,1pow6zy0g8vyp6ag9wvnubkes,Anthony Taylor,Chelsea FC,Liverpool FC,J. Hato,0,0,0,0,0,0,0,0,17,0,0,0,0,1,0
64,4 Oct 2025,,1pow6zy0g8vyp6ag9wvnubkes,Anthony Taylor,Chelsea FC,Liverpool FC,Estêvão,0,0,2,3,1,0,1,1,15,0,0,2,2,1,0
64,4 Oct 2025,,1pow6zy0g8vyp6ag9wvnubkes,Anthony Taylor,Chelsea FC,Liverpool FC,Marc Guiu,0,0,1,0,1,0,0,0,1,0,0,1,0,0,0
64,4 Oct 2025,,1pow6zy0g8vyp6ag9wvnubkes,Anthony Taylor,Chelsea FC,Liverpool FC,J. Gittens,0,0,0,0,0,0,0,0,7,0,0,1,1,0,0
64,4 Oct 2025,,1pow6zy0g8vyp6ag9wvnubkes,Anthony Taylor,Chelsea FC,Liverpool FC,A. Mac Allister,0,1,0,0,0,2,0,0,36,0,0,1,0,2,0
64,4 Oct 2025,,1pow6zy0g8vyp6ag9wvnubkes,Anthony Taylor,Chelsea FC,Liverpool FC,V. van Dijk,0,0,0,0,0,0,0,0,60,0,0,0,0,0,0
64,4 Oct 2025,,1pow6zy0g8vyp6ag9wvnubkes,Anthony Taylor,Chelsea FC,Liverpool FC,A. Isak,1,0,1,1,0,0,0,0,19,0,0,1,0,1,0
64,4 Oct 2025,,1pow6zy0g8vyp6ag9wvnubkes,Anthony Taylor,Chelsea FC,Liverpool FC,G. Mamardashvili,0,0,0,0,0,1,0,0,42,0,4,0,0,0,0
64,4 Oct 2025,,1pow6zy0g8vyp6ag9wvnubkes,Anthony Taylor,Chelsea FC,Liverpool FC,C. Bradley,0,0,0,0,3,0,0,0,20,0,0,0,0,0,1
64,4 Oct 2025,,1pow6zy0g8vyp6ag9wvnubkes,Anthony Taylor,Chelsea FC,Liverpool FC,Mohamed Salah,0,0,0,3,1,0,0,1,21,0,0,2,0,0,0
64,4 Oct 2025,,1pow6zy0g8vyp6ag9wvnubkes,Anthony Taylor,Chelsea FC,Liverpool FC,R. Gravenberch,0,0,0,0,0,1,0,0,58,0,0,1,1,1,0
64,4 Oct 2025,,1pow6zy0g8vyp6ag9wvnubkes,Anthony Taylor,Chelsea FC,Liverpool FC,I. Konaté,0,0,0,0,1,1,0,0,41,0,0,0,0,2,0
64,4 Oct 2025,,1pow6zy0g8vyp6ag9wvnubkes,Anthony Taylor,Chelsea FC,Liverpool FC,C. Gakpo,0,0,1,3,2,1,1,1,36,0,0,1,1,0,0
64,4 Oct 2025,,1pow6zy0g8vyp6ag9wvnubkes,Anthony Taylor,Chelsea FC,Liverpool FC,M. Kerkez,0,0,0,1,0,0,0,0,20,0,0,0,0,1,0
64,4 Oct 2025,,1pow6zy0g8vyp6ag9wvnubkes,Anthony Taylor,Chelsea FC,Liverpool FC,D. Szoboszlai,0,2,0,2,1,1,0,0,37,0,0,3,0,4,1
64,4 Oct 2025,,1pow6zy0g8vyp6ag9wvnubkes,Anthony Taylor,Chelsea FC,Liverpool FC,F. Wirtz,0,0,0,0,0,0,0,0,16,0,0,0,0,2,0
64,4 Oct 2025,,1pow6zy0g8vyp6ag9wvnubkes,Anthony Taylor,Chelsea FC,Liverpool FC,A. Robertson,0,1,0,1,0,0,0,0,14,0,0,1,0,1,0
64,4 Oct 2025,,1pow6zy0g8vyp6ag9wvnubkes,Anthony Taylor,Chelsea FC,Liverpool FC,C. Jones,0,0,0,0,0,0,0,0,20,0,0,1,0,0,0
64,4 Oct 2025,,1pow6zy0g8vyp6ag9wvnubkes,Anthony Taylor,Chelsea FC,Liverpool FC,H. Ekitiké,0,1,0,0,0,0,0,0,6,0,0,1,0,1,0
64,4 Oct 2025,,1pow6zy0g8vyp6ag9wvnubkes,Anthony Taylor,Chelsea FC,Liverpool FC,W. Endo,0,0,0,0,0,1,0,0,4,0,0,0,0,1,0
65,5 Oct 2025,,1q2zv5o6545wcsdhbx4vvgqok,Michael Salisbury,Everton FC,Crystal Palace FC,V. Mykolenko,0,0,0,3,0,1,0,0,53,0,0,1,0,1,0
65,5 Oct 2025,,1q2zv5o6545wcsdhbx4vvgqok,Michael Salisbury,Everton FC,Crystal Palace FC,T. Barry,0,0,0,0,1,0,0,0,8,0,0,0,0,0,0
65,5 Oct 2025,,1q2zv5o6545wcsdhbx4vvgqok,Michael Salisbury,Everton FC,Crystal Palace FC,J. Tarkowski,0,0,0,0,0,0,0,0,54,0,0,0,0,2,0
65,5 Oct 2025,,1q2zv5o6545wcsdhbx4vvgqok,Michael Salisbury,Everton FC,Crystal Palace FC,J. Garner,0,0,0,6,0,1,0,0,47,0,0,1,0,1,1
65,5 Oct 2025,,1q2zv5o6545wcsdhbx4vvgqok,Michael Salisbury,Everton FC,Crystal Palace FC,J. Pickford,0,0,0,0,0,0,0,0,38,0,5,0,0,0,0
65,5 Oct 2025,,1q2zv5o6545wcsdhbx4vvgqok,Michael Salisbury,Everton FC,Crystal Palace FC,J. O'Brien,0,0,0,3,1,0,0,0,40,0,0,1,1,3,0
65,5 Oct 2025,,1q2zv5o6545wcsdhbx4vvgqok,Michael Salisbury,Everton FC,Crystal Palace FC,T. Dibling,0,0,0,1,2,2,0,0,7,0,0,0,0,1,0
65,5 Oct 2025,,1q2zv5o6545wcsdhbx4vvgqok,Michael Salisbury,Everton FC,Crystal Palace FC,I. Gueye,0,0,0,2,2,2,0,0,52,0,0,0,0,1,0
65,5 Oct 2025,,1q2zv5o6545wcsdhbx4vvgqok,Michael Salisbury,Everton FC,Crystal Palace FC,I. Ndiaye,0,0,0,1,1,0,1,0,23,0,0,1,1,3,1
65,5 Oct 2025,,1q2zv5o6545wcsdhbx4vvgqok,Michael Salisbury,Everton FC,Crystal Palace FC,M. Keane,0,2,0,0,1,0,0,0,27,0,0,3,0,1,0
65,5 Oct 2025,,1q2zv5o6545wcsdhbx4vvgqok,Michael Salisbury,Everton FC,Crystal Palace FC,J. Grealish,0,0,0,1,2,4,1,0,45,0,0,3,3,1,0
65,5 Oct 2025,,1q2zv5o6545wcsdhbx4vvgqok,Michael Salisbury,Everton FC,Crystal Palace FC,Beto,0,0,1,1,1,0,0,0,6,0,0,2,1,2,0
65,5 Oct 2025,,1q2zv5o6545wcsdhbx4vvgqok,Michael Salisbury,Everton FC,Crystal Palace FC,C. Alcaraz,0,0,1,1,1,0,0,0,23,0,0,2,1,2,0
65,5 Oct 2025,,1q2zv5o6545wcsdhbx4vvgqok,Michael Salisbury,Everton FC,Crystal Palace FC,T. Iroegbunam,0,0,0,0,1,2,0,0,10,0,0,0,0,1,0
65,5 Oct 2025,,1q2zv5o6545wcsdhbx4vvgqok,Michael Salisbury,Everton FC,Crystal Palace FC,S. Coleman,0,0,0,0,0,1,0,0,0,0,0,0,0,0,0
65,5 Oct 2025,,1q2zv5o6545wcsdhbx4vvgqok,Michael Salisbury,Everton FC,Crystal Palace FC,Yeremy Pino,0,0,0,2,0,2,0,0,35,0,0,1,1,4,1
65,5 Oct 2025,,1q2zv5o6545wcsdhbx4vvgqok,Michael Salisbury,Everton FC,Crystal Palace FC,D. Henderson,0,0,0,0,0,0,0,0,32,0,5,0,0,0,0
65,5 Oct 2025,,1q2zv5o6545wcsdhbx4vvgqok,Michael Salisbury,Everton FC,Crystal Palace FC,J. Mateta,0,0,1,0,0,1,0,1,11,0,0,3,2,0,0
65,5 Oct 2025,,1q2zv5o6545wcsdhbx4vvgqok,Michael Salisbury,Everton FC,Crystal Palace FC,C. Richards,0,1,1,0,1,0,0,0,35,0,0,1,0,1,0
65,5 Oct 2025,,1q2zv5o6545wcsdhbx4vvgqok,Michael Salisbury,Everton FC,Crystal Palace FC,M. Lacroix,0,0,1,1,2,1,0,0,49,0,0,0,0,1,0
65,5 Oct 2025,,1q2zv5o6545wcsdhbx4vvgqok,Michael Salisbury,Everton FC,Crystal Palace FC,A. Wharton,0,1,0,6,4,3,0,0,42,0,0,1,0,3,1
65,5 Oct 2025,,1q2zv5o6545wcsdhbx4vvgqok,Michael Salisbury,Everton FC,Crystal Palace FC,M. Guéhi,0,0,0,1,2,2,0,0,90,0,0,1,1,2,0
65,5 Oct 2025,,1q2zv5o6545wcsdhbx4vvgqok,Michael Salisbury,Everton FC,Crystal Palace FC,T. Mitchell,0,0,1,1,0,2,0,0,33,0,0,2,1,3,0
65,5 Oct 2025,,1q2zv5o6545wcsdhbx4vvgqok,Michael Salisbury,Everton FC,Crystal Palace FC,D. Kamada,0,1,0,2,2,1,0,0,39,0,0,2,0,8,0
65,5 Oct 2025,,1q2zv5o6545wcsdhbx4vvgqok,Michael Salisbury,Everton FC,Crystal Palace FC,D. Muñoz,0,0,0,1,3,1,1,0,31,0,0,1,1,7,1
65,5 Oct 2025,,1q2zv5o6545wcsdhbx4vvgqok,Michael Salisbury,Everton FC,Crystal Palace FC,I. Sarr,1,0,0,0,0,0,0,0,23,0,0,1,1,2,0
65,5 Oct 2025,,1q2zv5o6545wcsdhbx4vvgqok,Michael Salisbury,Everton FC,Crystal Palace FC,E. Nketiah,0,0,0,0,1,0,0,0,4,0,0,0,0,0,0
65,5 Oct 2025,,1q2zv5o6545wcsdhbx4vvgqok,Michael Salisbury,Everton FC,Crystal Palace FC,J. Lerma,0,0,0,0,0,0,0,0,6,0,0,0,0,0,0
65,5 Oct 2025,,1q2zv5o6545wcsdhbx4vvgqok,Michael Salisbury,Everton FC,Crystal Palace FC,C. Uche,0,0,0,0,0,0,0,0,1,0,0,0,0,0,0
65,5 Oct 2025,,1q2zv5o6545wcsdhbx4vvgqok,Michael Salisbury,Everton FC,Crystal Palace FC,J. Devenny,0,0,0,0,1,0,0,0,1,0,0,2,1,0,0
66,4 Oct 2025,,1qh7qazdiffxkrafk41ewncb8,Thomas Bramall,Leeds United FC,Tottenham Hotspur FC,J. Rodon,0,0,0,0,0,0,0,0,74,0,0,2,0,0,0
66,4 Oct 2025,,1qh7qazdiffxkrafk41ewncb8,Thomas Bramall,Leeds United FC,Tottenham Hotspur FC,P. Struijk,0,1,1,0,2,0,0,0,66,0,0,3,0,0,0
66,4 Oct 2025,,1qh7qazdiffxkrafk41ewncb8,Thomas Bramall,Leeds United FC,Tottenham Hotspur FC,K. Darlow,0,0,0,0,0,0,0,0,37,0,1,0,0,0,0
66,4 Oct 2025,,1qh7qazdiffxkrafk41ewncb8,Thomas Bramall,Leeds United FC,Tottenham Hotspur FC,A. Stach,0,0,0,2,1,1,0,0,23,0,0,1,0,2,0
66,4 Oct 2025,,1qh7qazdiffxkrafk41ewncb8,Thomas Bramall,Leeds United FC,Tottenham Hotspur FC,J. Bogle,0,0,0,3,0,1,0,0,34,0,0,1,0,5,0
66,4 Oct 2025,,1qh7qazdiffxkrafk41ewncb8,Thomas Bramall,Leeds United FC,Tottenham Hotspur FC,B. Aaronson,0,0,0,2,0,3,0,0,17,0,0,1,1,1,0
66,4 Oct 2025,,1qh7qazdiffxkrafk41ewncb8,Thomas Bramall,Leeds United FC,Tottenham Hotspur FC,S. Longstaff,0,1,0,6,1,1,0,0,46,0,0,4,0,4,0
66,4 Oct 2025,,1qh7qazdiffxkrafk41ewncb8,Thomas Bramall,Leeds United FC,Tottenham Hotspur FC,E. Ampadu,0,0,0,2,2,1,0,0,69,0,0,0,0,2,1
66,4 Oct 2025,,1qh7qazdiffxkrafk41ewncb8,Thomas Bramall,Leeds United FC,Tottenham Hotspur FC,D. Calvert-Lewin,0,0,0,0,3,0,0,0,13,0,0,2,1,0,0
66,4 Oct 2025,,1qh7qazdiffxkrafk41ewncb8,Thomas Bramall,Leeds United FC,Tottenham Hotspur FC,G. Gudmundsson,0,0,1,2,0,2,0,1,25,0,0,0,0,3,0
66,4 Oct 2025,,1qh7qazdiffxkrafk41ewncb8,Thomas Bramall,Leeds United FC,Tottenham Hotspur FC,N. Okafor,0,0,1,2,1,2,1,0,13,0,0,1,1,2,1
66,4 Oct 2025,,1qh7qazdiffxkrafk41ewncb8,Thomas Bramall,Leeds United FC,Tottenham Hotspur FC,J. Harrison,0,0,0,2,0,1,0,0,17,0,0,0,0,0,0
66,4 Oct 2025,,1qh7qazdiffxkrafk41ewncb8,Thomas Bramall,Leeds United FC,Tottenham Hotspur FC,A. Tanaka,0,0,0,0,0,0,0,0,30,0,0,0,0,0,0
66,4 Oct 2025,,1qh7qazdiffxkrafk41ewncb8,Thomas Bramall,Leeds United FC,Tottenham Hotspur FC,J. Piroe,0,0,1,0,0,0,0,0,8,0,0,1,1,0,0
66,4 Oct 2025,,1qh7qazdiffxkrafk41ewncb8,Thomas Bramall,Leeds United FC,Tottenham Hotspur FC,J. Justin,0,0,0,0,0,0,0,0,4,0,0,0,0,0,0
66,4 Oct 2025,,1qh7qazdiffxkrafk41ewncb8,Thomas Bramall,Leeds United FC,Tottenham Hotspur FC,L. Nmecha,0,0,0,0,0,0,0,0,2,0,0,0,0,0,0
66,4 Oct 2025,,1qh7qazdiffxkrafk41ewncb8,Thomas Bramall,Leeds United FC,Tottenham Hotspur FC,X. Simons,0,0,0,0,1,0,0,0,20,0,0,0,0,0,0
66,4 Oct 2025,,1qh7qazdiffxkrafk41ewncb8,Thomas Bramall,Leeds United FC,Tottenham Hotspur FC,G. Vicario,0,0,0,0,0,1,0,0,33,0,3,0,0,0,0
66,4 Oct 2025,,1qh7qazdiffxkrafk41ewncb8,Thomas Bramall,Leeds United FC,Tottenham Hotspur FC,C. Romero,0,0,0,0,1,2,0,0,51,0,0,0,0,1,1
66,4 Oct 2025,,1qh7qazdiffxkrafk41ewncb8,Thomas Bramall,Leeds United FC,Tottenham Hotspur FC,Pedro Porro,0,0,0,5,2,2,0,0,45,0,0,0,0,2,0
66,4 Oct 2025,,1qh7qazdiffxkrafk41ewncb8,Thomas Bramall,Leeds United FC,Tottenham Hotspur FC,M. van de Ven,0,0,0,0,0,1,0,0,45,0,0,0,0,2,0
66,4 Oct 2025,,1qh7qazdiffxkrafk41ewncb8,Thomas Bramall,Leeds United FC,Tottenham Hotspur FC,D. Udogie,0,0,0,1,2,0,0,2,41,0,0,0,0,1,0
66,4 Oct 2025,,1qh7qazdiffxkrafk41ewncb8,Thomas Bramall,Leeds United FC,Tottenham Hotspur FC,João Palhinha,0,1,0,0,2,2,0,0,41,0,0,2,0,2,1
66,4 Oct 2025,,1qh7qazdiffxkrafk41ewncb8,Thomas Bramall,Leeds United FC,Tottenham Hotspur FC,W. Odobert,0,0,0,2,0,0,0,0,21,0,0,0,0,1,0
66,4 Oct 2025,,1qh7qazdiffxkrafk41ewncb8,Thomas Bramall,Leeds United FC,Tottenham Hotspur FC,R. Bentancur,0,0,0,0,0,0,0,0,32,0,0,1,0,2,0
66,4 Oct 2025,,1qh7qazdiffxkrafk41ewncb8,Thomas Bramall,Leeds United FC,Tottenham Hotspur FC,M. Kudus,1,0,0,2,3,1,1,0,25,0,0,3,2,2,1
66,4 Oct 2025,,1qh7qazdiffxkrafk41ewncb8,Thomas Bramall,Leeds United FC,Tottenham Hotspur FC,M. Tel,0,0,0,0,0,1,1,0,7,0,0,2,1,0,0
66,4 Oct 2025,,1qh7qazdiffxkrafk41ewncb8,Thomas Bramall,Leeds United FC,Tottenham Hotspur FC,Richarlison,0,1,1,0,1,0,0,0,3,0,0,1,0,0,0
66,4 Oct 2025,,1qh7qazdiffxkrafk41ewncb8,Thomas Bramall,Leeds United FC,Tottenham Hotspur FC,P. Sarr,0,0,0,0,0,0,0,0,7,0,0,0,0,2,0
66,4 Oct 2025,,1qh7qazdiffxkrafk41ewncb8,Thomas Bramall,Leeds United FC,Tottenham Hotspur FC,K. Danso,0,0,0,0,0,0,0,0,2,0,0,0,0,0,0
66,4 Oct 2025,,1qh7qazdiffxkrafk41ewncb8,Thomas Bramall,Leeds United FC,Tottenham Hotspur FC,B. Johnson,0,0,0,0,0,0,0,0,1,0,0,0,0,0,0
67,4 Oct 2025,,1qvclot8fak9knempsk7tqeqc,Stuart Attwell,Manchester United FC,Sunderland AFC,M. de Ligt,0,0,0,0,0,0,0,0,45,0,0,0,0,2,0
67,4 Oct 2025,,1qvclot8fak9knempsk7tqeqc,Stuart Attwell,Manchester United FC,Sunderland AFC,B. Mbeumo,1,0,0,3,1,2,0,0,28,0,0,2,1,0,0
67,4 Oct 2025,,1qvclot8fak9knempsk7tqeqc,Stuart Attwell,Manchester United FC,Sunderland AFC,B. Šeško,0,0,0,0,3,1,1,0,22,0,0,1,1,3,0
67,4 Oct 2025,,1qvclot8fak9knempsk7tqeqc,Stuart Attwell,Manchester United FC,Sunderland AFC,M. Mount,0,0,0,0,1,0,1,0,25,0,0,1,1,0,0
67,4 Oct 2025,,1qvclot8fak9knempsk7tqeqc,Stuart Attwell,Manchester United FC,Sunderland AFC,Diogo Dalot,0,0,0,2,1,0,0,0,22,0,0,1,0,1,0
67,4 Oct 2025,,1qvclot8fak9knempsk7tqeqc,Stuart Attwell,Manchester United FC,Sunderland AFC,S. Lammens,0,0,0,0,0,0,0,0,44,0,3,0,0,0,0
67,4 Oct 2025,,1qvclot8fak9knempsk7tqeqc,Stuart Attwell,Manchester United FC,Sunderland AFC,L. Yoro,0,1,0,0,0,0,0,0,51,0,0,1,0,2,0
67,4 Oct 2025,,1qvclot8fak9knempsk7tqeqc,Stuart Attwell,Manchester United FC,Sunderland AFC,Casemiro,0,0,0,0,1,0,0,0,60,0,0,1,0,3,1
67,4 Oct 2025,,1qvclot8fak9knempsk7tqeqc,Stuart Attwell,Manchester United FC,Sunderland AFC,A. Diallo,0,0,0,0,0,3,0,1,39,0,0,2,1,2,0
67,4 Oct 2025,,1qvclot8fak9knempsk7tqeqc,Stuart Attwell,Manchester United FC,Sunderland AFC,L. Shaw,0,0,0,0,2,0,0,0,41,0,0,0,0,2,0
67,4 Oct 2025,,1qvclot8fak9knempsk7tqeqc,Stuart Attwell,Manchester United FC,Sunderland AFC,Bruno Fernandes,0,1,1,2,0,2,0,0,50,0,0,3,1,0,0
67,4 Oct 2025,,1qvclot8fak9knempsk7tqeqc,Stuart Attwell,Manchester United FC,Sunderland AFC,P. Dorgu,0,0,0,0,1,1,0,0,6,0,0,0,0,1,0
67,4 Oct 2025,,1qvclot8fak9knempsk7tqeqc,Stuart Attwell,Manchester United FC,Sunderland AFC,Matheus Cunha,0,0,1,0,0,1,0,0,6,0,0,3,1,0,0
67,4 Oct 2025,,1qvclot8fak9knempsk7tqeqc,Stuart Attwell,Manchester United FC,Sunderland AFC,K. Mainoo,0,0,0,0,0,0,0,0,4,0,0,0,0,1,0
67,4 Oct 2025,,1qvclot8fak9knempsk7tqeqc,Stuart Attwell,Manchester United FC,Sunderland AFC,M. Ugarte,0,0,0,0,0,0,0,0,3,0,0,0,0,0,0
67,4 Oct 2025,,1qvclot8fak9knempsk7tqeqc,Stuart Attwell,Manchester United FC,Sunderland AFC,H. Maguire,0,0,0,0,0,0,0,0,2,0,0,0,0,0,0
67,4 Oct 2025,,1qvclot8fak9knempsk7tqeqc,Stuart Attwell,Manchester United FC,Sunderland AFC,G. Xhaka,0,0,1,3,1,1,0,0,64,0,0,1,1,0,1
67,4 Oct 2025,,1qvclot8fak9knempsk7tqeqc,Stuart Attwell,Manchester United FC,Sunderland AFC,R. Roefs,0,0,0,0,0,0,0,0,42,0,4,0,0,0,0
67,4 Oct 2025,,1qvclot8fak9knempsk7tqeqc,Stuart Attwell,Manchester United FC,Sunderland AFC,W. Isidor,0,0,0,0,0,0,0,1,4,0,0,0,0,0,0
67,4 Oct 2025,,1qvclot8fak9knempsk7tqeqc,Stuart Attwell,Manchester United FC,Sunderland AFC,T. Hume,0,0,0,2,0,1,0,0,31,0,0,1,0,1,0
67,4 Oct 2025,,1qvclot8fak9knempsk7tqeqc,Stuart Attwell,Manchester United FC,Sunderland AFC,N. Sadiki,0,0,0,1,3,1,0,0,50,0,0,0,0,3,1
67,4 Oct 2025,,1qvclot8fak9knempsk7tqeqc,Stuart Attwell,Manchester United FC,Sunderland AFC,N. Mukiele,0,0,1,2,0,0,0,0,46,0,0,0,0,6,0
67,4 Oct 2025,,1qvclot8fak9knempsk7tqeqc,Stuart Attwell,Manchester United FC,Sunderland AFC,A. Masuaku,0,0,0,4,1,0,0,0,21,0,0,0,0,2,0
67,4 Oct 2025,,1qvclot8fak9knempsk7tqeqc,Stuart Attwell,Manchester United FC,Sunderland AFC,O. Alderete,0,0,0,1,2,0,0,0,48,0,0,0,0,1,1
67,4 Oct 2025,,1qvclot8fak9knempsk7tqeqc,Stuart Attwell,Manchester United FC,Sunderland AFC,S. Adingra,0,0,0,2,1,1,0,1,1,0,0,0,0,1,0
67,4 Oct 2025,,1qvclot8fak9knempsk7tqeqc,Stuart Attwell,Manchester United FC,Sunderland AFC,E. Le Fée,0,0,0,0,1,1,0,0,38,0,0,0,0,1,0
67,4 Oct 2025,,1qvclot8fak9knempsk7tqeqc,Stuart Attwell,Manchester United FC,Sunderland AFC,B. Traoré,0,0,0,2,1,2,0,0,23,0,0,2,1,1,1
67,4 Oct 2025,,1qvclot8fak9knempsk7tqeqc,Stuart Attwell,Manchester United FC,Sunderland AFC,D. Ballard,0,0,0,0,1,0,0,0,36,0,0,1,0,3,0
67,4 Oct 2025,,1qvclot8fak9knempsk7tqeqc,Stuart Attwell,Manchester United FC,Sunderland AFC,C. Talbi,0,1,0,3,0,0,0,0,9,0,0,2,1,0,0
67,4 Oct 2025,,1qvclot8fak9knempsk7tqeqc,Stuart Attwell,Manchester United FC,Sunderland AFC,B. Brobbey,0,0,0,0,0,1,0,0,3,0,0,0,0,0,0
67,4 Oct 2025,,1qvclot8fak9knempsk7tqeqc,Stuart Attwell,Manchester United FC,Sunderland AFC,Eliezer Mayenda,0,0,1,0,0,1,0,0,5,0,0,1,0,0,0
67,4 Oct 2025,,1qvclot8fak9knempsk7tqeqc,Stuart Attwell,Manchester United FC,Sunderland AFC,L. Geertruida,0,0,0,0,1,0,0,0,7,0,0,0,0,2,0
68,5 Oct 2025,,1r9l80ujrlwn2mfwfrrbz7evo,Peter Bankes,Newcastle United FC,Nottingham Forest FC,M. Thiaw,0,0,0,0,1,1,0,0,46,0,0,2,1,1,0
68,5 Oct 2025,,1r9l80ujrlwn2mfwfrrbz7evo,Peter Bankes,Newcastle United FC,Nottingham Forest FC,S. Botman,0,0,0,0,2,0,0,0,53,0,0,1,1,1,0
68,5 Oct 2025,,1r9l80ujrlwn2mfwfrrbz7evo,Peter Bankes,Newcastle United FC,Nottingham Forest FC,Joelinton,0,1,0,0,3,1,0,0,36,0,0,4,2,1,0
68,5 Oct 2025,,1r9l80ujrlwn2mfwfrrbz7evo,Peter Bankes,Newcastle United FC,Nottingham Forest FC,K. Trippier,0,0,1,5,3,0,0,0,83,0,0,0,0,3,0
68,5 Oct 2025,,1r9l80ujrlwn2mfwfrrbz7evo,Peter Bankes,Newcastle United FC,Nottingham Forest FC,Bruno Guimarães,0,1,0,1,3,5,1,0,54,0,0,2,1,3,0
68,5 Oct 2025,,1r9l80ujrlwn2mfwfrrbz7evo,Peter Bankes,Newcastle United FC,Nottingham Forest FC,S. Tonali,0,0,1,7,1,1,0,0,69,0,0,2,1,3,0
68,5 Oct 2025,,1r9l80ujrlwn2mfwfrrbz7evo,Peter Bankes,Newcastle United FC,Nottingham Forest FC,A. Elanga,0,0,5,9,0,1,0,0,27,0,0,0,0,0,0
68,5 Oct 2025,,1r9l80ujrlwn2mfwfrrbz7evo,Peter Bankes,Newcastle United FC,Nottingham Forest FC,A. Gordon,0,1,0,3,0,1,0,0,22,0,0,1,0,1,0
68,5 Oct 2025,,1r9l80ujrlwn2mfwfrrbz7evo,Peter Bankes,Newcastle United FC,Nottingham Forest FC,N. Pope,0,0,0,0,0,0,0,0,14,0,4,0,0,0,0
68,5 Oct 2025,,1r9l80ujrlwn2mfwfrrbz7evo,Peter Bankes,Newcastle United FC,Nottingham Forest FC,D. Burn,1,0,0,0,2,2,0,0,28,0,0,0,0,1,0
68,5 Oct 2025,,1r9l80ujrlwn2mfwfrrbz7evo,Peter Bankes,Newcastle United FC,Nottingham Forest FC,N. Woltemade,0,1,0,0,1,2,1,0,17,0,0,3,1,2,0
68,5 Oct 2025,,1r9l80ujrlwn2mfwfrrbz7evo,Peter Bankes,Newcastle United FC,Nottingham Forest FC,J. Murphy,0,1,0,1,0,0,0,0,10,0,0,2,1,0,0
68,5 Oct 2025,,1r9l80ujrlwn2mfwfrrbz7evo,Peter Bankes,Newcastle United FC,Nottingham Forest FC,H. Barnes,0,0,1,0,0,0,0,0,3,0,0,1,1,0,0
68,5 Oct 2025,,1r9l80ujrlwn2mfwfrrbz7evo,Peter Bankes,Newcastle United FC,Nottingham Forest FC,L. Miley,0,0,0,0,0,0,0,0,1,0,0,0,0,0,0
68,5 Oct 2025,,1r9l80ujrlwn2mfwfrrbz7evo,Peter Bankes,Newcastle United FC,Nottingham Forest FC,W. Osula,0,0,0,0,0,0,0,0,1,0,0,0,0,0,0
68,5 Oct 2025,,1r9l80ujrlwn2mfwfrrbz7evo,Peter Bankes,Newcastle United FC,Nottingham Forest FC,R. Yates,0,0,0,0,2,0,0,0,29,0,0,1,1,0,1
68,5 Oct 2025,,1r9l80ujrlwn2mfwfrrbz7evo,Peter Bankes,Newcastle United FC,Nottingham Forest FC,N. Milenković,0,0,0,0,1,1,0,0,41,0,0,0,0,1,0
68,5 Oct 2025,,1r9l80ujrlwn2mfwfrrbz7evo,Peter Bankes,Newcastle United FC,Nottingham Forest FC,Morato,0,0,0,0,1,1,0,0,45,0,0,0,0,1,1
68,5 Oct 2025,,1r9l80ujrlwn2mfwfrrbz7evo,Peter Bankes,Newcastle United FC,Nottingham Forest FC,C. Wood,0,0,0,0,2,1,0,1,11,0,0,0,0,0,0
68,5 Oct 2025,,1r9l80ujrlwn2mfwfrrbz7evo,Peter Bankes,Newcastle United FC,Nottingham Forest FC,D. Ndoye,0,0,0,1,2,2,0,0,13,0,0,0,0,1,0
68,5 Oct 2025,,1r9l80ujrlwn2mfwfrrbz7evo,Peter Bankes,Newcastle United FC,Nottingham Forest FC,N. Williams,0,0,1,5,2,1,0,0,42,0,0,1,1,4,1
68,5 Oct 2025,,1r9l80ujrlwn2mfwfrrbz7evo,Peter Bankes,Newcastle United FC,Nottingham Forest FC,Jair Cunha,0,0,0,0,0,0,0,0,47,0,0,0,0,2,0
68,5 Oct 2025,,1r9l80ujrlwn2mfwfrrbz7evo,Peter Bankes,Newcastle United FC,Nottingham Forest FC,N. Savona,0,0,0,2,2,0,0,0,36,0,0,0,0,0,0
68,5 Oct 2025,,1r9l80ujrlwn2mfwfrrbz7evo,Peter Bankes,Newcastle United FC,Nottingham Forest FC,M. Gibbs-White,0,0,0,2,0,4,0,0,50,0,0,2,1,0,0
68,5 Oct 2025,,1r9l80ujrlwn2mfwfrrbz7evo,Peter Bankes,Newcastle United FC,Nottingham Forest FC,E. Anderson,0,0,0,1,2,5,0,0,69,0,0,0,0,2,1
68,5 Oct 2025,,1r9l80ujrlwn2mfwfrrbz7evo,Peter Bankes,Newcastle United FC,Nottingham Forest FC,M. Sels,0,0,0,0,0,0,0,0,29,0,7,0,0,0,0
68,5 Oct 2025,,1r9l80ujrlwn2mfwfrrbz7evo,Peter Bankes,Newcastle United FC,Nottingham Forest FC,O. Hutchinson,0,0,0,1,0,0,0,1,10,0,0,0,0,0,0
68,5 Oct 2025,,1r9l80ujrlwn2mfwfrrbz7evo,Peter Bankes,Newcastle United FC,Nottingham Forest FC,Igor Jesus,0,0,0,0,1,1,0,0,8,0,0,0,0,2,0
68,5 Oct 2025,,1r9l80ujrlwn2mfwfrrbz7evo,Peter Bankes,Newcastle United FC,Nottingham Forest FC,C. Hudson-Odoi,0,0,0,1,0,0,0,0,9,0,0,1,1,0,0
68,5 Oct 2025,,1r9l80ujrlwn2mfwfrrbz7evo,Peter Bankes,Newcastle United FC,Nottingham Forest FC,D. Bakwa,0,0,0,1,0,0,0,0,13,0,0,0,0,0,0
69,5 Oct 2025,,1ro6dtfyd439umqwi6dq6xr84,Jarred Gillett,Wolverhampton Wanderers FC,Brighton & Hove Albion FC,J. Tchatchoua,0,0,0,1,0,0,0,0,25,0,0,0,0,3,0
69,5 Oct 2025,,1ro6dtfyd439umqwi6dq6xr84,Jarred Gillett,Wolverhampton Wanderers FC,Brighton & Hove Albion FC,André,0,0,0,0,2,1,0,0,47,0,0,0,0,3,1
69,5 Oct 2025,,1ro6dtfyd439umqwi6dq6xr84,Jarred Gillett,Wolverhampton Wanderers FC,Brighton & Hove Albion FC,Hwang Hee-Chan,0,0,0,1,3,3,0,0,17,0,0,1,0,2,0
69,5 Oct 2025,,1ro6dtfyd439umqwi6dq6xr84,Jarred Gillett,Wolverhampton Wanderers FC,Brighton & Hove Albion FC,João Gomes,0,0,0,1,2,0,0,0,36,0,0,0,0,4,0
69,5 Oct 2025,,1ro6dtfyd439umqwi6dq6xr84,Jarred Gillett,Wolverhampton Wanderers FC,Brighton & Hove Albion FC,J. Arias,0,0,0,5,0,0,0,1,30,0,0,2,1,4,0
69,5 Oct 2025,,1ro6dtfyd439umqwi6dq6xr84,Jarred Gillett,Wolverhampton Wanderers FC,Brighton & Hove Albion FC,M. Munetsi,0,0,0,0,3,2,0,0,14,0,0,1,1,2,0
69,5 Oct 2025,,1ro6dtfyd439umqwi6dq6xr84,Jarred Gillett,Wolverhampton Wanderers FC,Brighton & Hove Albion FC,J. Strand Larsen,0,0,0,0,2,0,0,0,18,0,0,1,0,0,0
69,5 Oct 2025,,1ro6dtfyd439umqwi6dq6xr84,Jarred Gillett,Wolverhampton Wanderers FC,Brighton & Hove Albion FC,S. Bueno,0,0,0,0,1,0,0,0,35,0,0,0,0,2,1
69,5 Oct 2025,,1ro6dtfyd439umqwi6dq6xr84,Jarred Gillett,Wolverhampton Wanderers FC,Brighton & Hove Albion FC,L. Krejčí,0,0,1,0,0,0,0,0,55,0,0,1,1,3,0
69,5 Oct 2025,,1ro6dtfyd439umqwi6dq6xr84,Jarred Gillett,Wolverhampton Wanderers FC,Brighton & Hove Albion FC,S. Johnstone,0,0,0,0,0,0,0,0,43,0,5,0,0,0,0
69,5 Oct 2025,,1ro6dtfyd439umqwi6dq6xr84,Jarred Gillett,Wolverhampton Wanderers FC,Brighton & Hove Albion FC,Hugo Bueno,0,0,1,3,0,1,0,0,14,0,0,0,0,2,0
69,5 Oct 2025,,1ro6dtfyd439umqwi6dq6xr84,Jarred Gillett,Wolverhampton Wanderers FC,Brighton & Hove Albion FC,E. Agbadou,0,0,0,1,0,0,0,0,12,0,0,0,0,1,0
69,5 Oct 2025,,1ro6dtfyd439umqwi6dq6xr84,Jarred Gillett,Wolverhampton Wanderers FC,Brighton & Hove Albion FC,J. Bellegarde,0,0,0,1,0,0,0,0,3,0,0,0,0,0,0
69,5 Oct 2025,,1ro6dtfyd439umqwi6dq6xr84,Jarred Gillett,Wolverhampton Wanderers FC,Brighton & Hove Albion FC,D. Møller Wolfe,0,0,0,1,0,0,0,0,3,0,0,0,0,0,0
69,5 Oct 2025,,1ro6dtfyd439umqwi6dq6xr84,Jarred Gillett,Wolverhampton Wanderers FC,Brighton & Hove Albion FC,Y. Mosquera,0,0,0,1,0,1,0,0,1,0,0,0,0,0,0
69,5 Oct 2025,,1ro6dtfyd439umqwi6dq6xr84,Jarred Gillett,Wolverhampton Wanderers FC,Brighton & Hove Albion FC,T. Arokodare,0,0,0,0,0,1,0,0,0,0,0,0,0,0,0
69,5 Oct 2025,,1ro6dtfyd439umqwi6dq6xr84,Jarred Gillett,Wolverhampton Wanderers FC,Brighton & Hove Albion FC,D. Gómez,0,0,0,1,1,1,0,0,24,0,0,2,1,5,0
69,5 Oct 2025,,1ro6dtfyd439umqwi6dq6xr84,Jarred Gillett,Wolverhampton Wanderers FC,Brighton & Hove Albion FC,B. Verbruggen,0,0,0,0,0,0,0,0,36,0,3,0,0,0,0
69,5 Oct 2025,,1ro6dtfyd439umqwi6dq6xr84,Jarred Gillett,Wolverhampton Wanderers FC,Brighton & Hove Albion FC,Y. Minteh,0,0,1,10,0,0,0,1,19,0,0,1,0,2,0
69,5 Oct 2025,,1ro6dtfyd439umqwi6dq6xr84,Jarred Gillett,Wolverhampton Wanderers FC,Brighton & Hove Albion FC,C. Baleba,0,0,1,0,1,2,0,0,20,0,0,0,0,3,1
69,5 Oct 2025,,1ro6dtfyd439umqwi6dq6xr84,Jarred Gillett,Wolverhampton Wanderers FC,Brighton & Hove Albion FC,F. Kadıoğlu,0,0,1,4,0,1,0,0,47,0,0,1,1,1,0
69,5 Oct 2025,,1ro6dtfyd439umqwi6dq6xr84,Jarred Gillett,Wolverhampton Wanderers FC,Brighton & Hove Albion FC,Y. Ayari,0,1,0,3,0,1,0,0,52,0,0,1,0,3,0
69,5 Oct 2025,,1ro6dtfyd439umqwi6dq6xr84,Jarred Gillett,Wolverhampton Wanderers FC,Brighton & Hove Albion FC,L. Dunk,0,0,0,0,2,0,0,0,94,0,0,1,0,2,1
69,5 Oct 2025,,1ro6dtfyd439umqwi6dq6xr84,Jarred Gillett,Wolverhampton Wanderers FC,Brighton & Hove Albion FC,J. van Hecke,0,0,0,2,0,3,1,1,87,0,0,1,1,1,0
69,5 Oct 2025,,1ro6dtfyd439umqwi6dq6xr84,Jarred Gillett,Wolverhampton Wanderers FC,Brighton & Hove Albion FC,M. Wieffer,0,1,1,1,2,1,0,0,35,0,0,2,0,0,1
69,5 Oct 2025,,1ro6dtfyd439umqwi6dq6xr84,Jarred Gillett,Wolverhampton Wanderers FC,Brighton & Hove Albion FC,B. Gruda,0,1,2,4,0,1,0,0,19,0,0,3,1,2,0
69,5 Oct 2025,,1ro6dtfyd439umqwi6dq6xr84,Jarred Gillett,Wolverhampton Wanderers FC,Brighton & Hove Albion FC,D. Welbeck,0,0,0,0,1,0,0,0,18,0,0,0,0,0,1
69,5 Oct 2025,,1ro6dtfyd439umqwi6dq6xr84,Jarred Gillett,Wolverhampton Wanderers FC,Brighton & Hove Albion FC,G. Rutter,0,1,1,1,1,2,0,1,9,0,0,3,1,0,0
69,5 Oct 2025,,1ro6dtfyd439umqwi6dq6xr84,Jarred Gillett,Wolverhampton Wanderers FC,Brighton & Hove Albion FC,M. De Cuyper,0,0,1,3,1,1,0,0,19,0,0,1,1,0,0
69,5 Oct 2025,,1ro6dtfyd439umqwi6dq6xr84,Jarred Gillett,Wolverhampton Wanderers FC,Brighton & Hove Albion FC,S. Tzimas,1,1,0,0,0,0,0,0,3,0,0,1,0,0,0
69,5 Oct 2025,,1ro6dtfyd439umqwi6dq6xr84,Jarred Gillett,Wolverhampton Wanderers FC,Brighton & Hove Albion FC,J. Milner,0,0,0,2,0,0,0,0,10,0,0,0,0,0,0
70,18 Oct 2025,,1s2cqwm1pd76xs20c255sfnro,Craig Pawson,Brighton & Hove Albion FC,Newcastle United FC,Y. Minteh,0,2,5,9,2,1,0,0,24,0,0,2,0,5,0
70,18 Oct 2025,,1s2cqwm1pd76xs20c255sfnro,Craig Pawson,Brighton & Hove Albion FC,Newcastle United FC,G. Rutter,1,0,1,0,0,0,0,1,21,0,0,2,2,2,0
70,18 Oct 2025,,1s2cqwm1pd76xs20c255sfnro,Craig Pawson,Brighton & Hove Albion FC,Newcastle United FC,Y. Ayari,0,0,0,2,2,1,0,0,54,0,0,2,0,2,0
70,18 Oct 2025,,1s2cqwm1pd76xs20c255sfnro,Craig Pawson,Brighton & Hove Albion FC,Newcastle United FC,D. Welbeck,0,0,0,0,0,1,2,0,21,0,0,2,2,2,0
70,18 Oct 2025,,1s2cqwm1pd76xs20c255sfnro,Craig Pawson,Brighton & Hove Albion FC,Newcastle United FC,M. Wieffer,0,1,0,0,0,0,0,0,33,0,0,1,0,3,0
70,18 Oct 2025,,1s2cqwm1pd76xs20c255sfnro,Craig Pawson,Brighton & Hove Albion FC,Newcastle United FC,F. Kadıoğlu,0,0,0,3,1,2,0,1,22,0,0,0,0,0,0
70,18 Oct 2025,,1s2cqwm1pd76xs20c255sfnro,Craig Pawson,Brighton & Hove Albion FC,Newcastle United FC,D. Gómez,0,0,0,0,0,0,0,1,15,0,0,0,0,1,0
70,18 Oct 2025,,1s2cqwm1pd76xs20c255sfnro,Craig Pawson,Brighton & Hove Albion FC,Newcastle United FC,L. Dunk,0,1,1,0,0,0,0,0,67,0,0,1,0,1,0
70,18 Oct 2025,,1s2cqwm1pd76xs20c255sfnro,Craig Pawson,Brighton & Hove Albion FC,Newcastle United FC,B. Verbruggen,0,0,0,0,0,1,0,0,30,0,2,0,0,0,0
70,18 Oct 2025,,1s2cqwm1pd76xs20c255sfnro,Craig Pawson,Brighton & Hove Albion FC,Newcastle United FC,J. van Hecke,0,0,0,2,1,3,0,0,68,0,0,0,0,3,0
70,18 Oct 2025,,1s2cqwm1pd76xs20c255sfnro,Craig Pawson,Brighton & Hove Albion FC,Newcastle United FC,C. Baleba,0,1,1,0,1,0,0,0,32,0,0,2,0,1,0
70,18 Oct 2025,,1s2cqwm1pd76xs20c255sfnro,Craig Pawson,Brighton & Hove Albion FC,Newcastle United FC,M. De Cuyper,0,0,0,2,0,0,0,0,21,0,0,1,1,1,0
70,18 Oct 2025,,1s2cqwm1pd76xs20c255sfnro,Craig Pawson,Brighton & Hove Albion FC,Newcastle United FC,S. Tzimas,0,0,0,0,1,0,0,0,5,0,0,0,0,0,0
70,18 Oct 2025,,1s2cqwm1pd76xs20c255sfnro,Craig Pawson,Brighton & Hove Albion FC,Newcastle United FC,J. Milner,0,0,0,0,1,0,0,0,4,0,0,0,0,0,0
70,18 Oct 2025,,1s2cqwm1pd76xs20c255sfnro,Craig Pawson,Brighton & Hove Albion FC,Newcastle United FC,C. Kostoulas,0,0,0,0,0,0,0,0,2,0,0,0,0,0,0
70,18 Oct 2025,,1s2cqwm1pd76xs20c255sfnro,Craig Pawson,Brighton & Hove Albion FC,Newcastle United FC,D. Coppola,0,0,0,0,0,0,0,0,2,0,0,0,0,0,0
70,18 Oct 2025,,1s2cqwm1pd76xs20c255sfnro,Craig Pawson,Brighton & Hove Albion FC,Newcastle United FC,Bruno Guimarães,0,2,1,2,2,3,0,1,39,0,0,4,1,2,0
70,18 Oct 2025,,1s2cqwm1pd76xs20c255sfnro,Craig Pawson,Brighton & Hove Albion FC,Newcastle United FC,M. Thiaw,0,0,0,1,0,0,0,0,59,0,0,1,0,1,0
70,18 Oct 2025,,1s2cqwm1pd76xs20c255sfnro,Craig Pawson,Brighton & Hove Albion FC,Newcastle United FC,D. Burn,0,0,1,2,2,0,0,0,47,0,0,0,0,3,1
70,18 Oct 2025,,1s2cqwm1pd76xs20c255sfnro,Craig Pawson,Brighton & Hove Albion FC,Newcastle United FC,Joelinton,0,0,0,0,0,2,0,0,26,0,0,0,0,3,0
70,18 Oct 2025,,1s2cqwm1pd76xs20c255sfnro,Craig Pawson,Brighton & Hove Albion FC,Newcastle United FC,S. Botman,0,0,0,0,1,0,0,0,70,0,0,1,0,1,0
70,18 Oct 2025,,1s2cqwm1pd76xs20c255sfnro,Craig Pawson,Brighton & Hove Albion FC,Newcastle United FC,S. Tonali,0,1,0,3,0,0,0,0,47,0,0,1,0,1,0
70,18 Oct 2025,,1s2cqwm1pd76xs20c255sfnro,Craig Pawson,Brighton & Hove Albion FC,Newcastle United FC,N. Woltemade,0,1,0,0,2,1,1,0,16,0,0,4,1,1,0
70,18 Oct 2025,,1s2cqwm1pd76xs20c255sfnro,Craig Pawson,Brighton & Hove Albion FC,Newcastle United FC,K. Trippier,0,0,0,4,1,0,0,0,57,0,0,0,0,2,0
70,18 Oct 2025,,1s2cqwm1pd76xs20c255sfnro,Craig Pawson,Brighton & Hove Albion FC,Newcastle United FC,A. Gordon,0,0,0,2,0,2,0,0,22,0,0,1,0,1,0
70,18 Oct 2025,,1s2cqwm1pd76xs20c255sfnro,Craig Pawson,Brighton & Hove Albion FC,Newcastle United FC,A. Elanga,0,0,0,1,0,1,0,0,14,0,0,0,0,1,0
70,18 Oct 2025,,1s2cqwm1pd76xs20c255sfnro,Craig Pawson,Brighton & Hove Albion FC,Newcastle United FC,N. Pope,0,0,0,0,0,0,0,0,19,0,3,0,0,0,0
70,18 Oct 2025,,1s2cqwm1pd76xs20c255sfnro,Craig Pawson,Brighton & Hove Albion FC,Newcastle United FC,J. Murphy,0,1,2,7,0,0,0,0,19,0,0,3,0,1,0
70,18 Oct 2025,,1s2cqwm1pd76xs20c255sfnro,Craig Pawson,Brighton & Hove Albion FC,Newcastle United FC,L. Miley,1,0,0,0,0,0,0,0,35,0,0,0,0,0,0
70,18 Oct 2025,,1s2cqwm1pd76xs20c255sfnro,Craig Pawson,Brighton & Hove Albion FC,Newcastle United FC,J. Ramsey,0,0,0,0,0,0,0,0,15,0,0,0,0,0,0
70,18 Oct 2025,,1s2cqwm1pd76xs20c255sfnro,Craig Pawson,Brighton & Hove Albion FC,Newcastle United FC,H. Barnes,0,0,0,2,0,0,0,0,5,0,0,1,1,0,0
70,18 Oct 2025,,1s2cqwm1pd76xs20c255sfnro,Craig Pawson,Brighton & Hove Albion FC,Newcastle United FC,W. Osula,0,0,0,0,1,0,0,0,1,0,0,0,0,0,0
71,18 Oct 2025,,1sgfyezfw8l28mky35q9ab0no,Tim Robinson,Burnley FC,Leeds United FC,M. Estève,0,0,0,0,1,0,0,0,26,0,0,0,0,2,0
71,18 Oct 2025,,1sgfyezfw8l28mky35q9ab0no,Tim Robinson,Burnley FC,Leeds United FC,Florentino,1,0,0,0,1,0,0,0,27,0,0,1,0,3,0
71,18 Oct 2025,,1sgfyezfw8l28mky35q9ab0no,Tim Robinson,Burnley FC,Leeds United FC,A. Tuanzebe,0,0,0,0,0,0,0,0,26,0,0,0,0,0,0
71,18 Oct 2025,,1sgfyezfw8l28mky35q9ab0no,Tim Robinson,Burnley FC,Leeds United FC,Z. Flemming,0,0,0,0,2,0,0,0,14,0,0,0,0,1,0
71,18 Oct 2025,,1sgfyezfw8l28mky35q9ab0no,Tim Robinson,Burnley FC,Leeds United FC,J. Anthony,0,0,0,3,2,3,0,0,19,0,0,0,0,0,1
71,18 Oct 2025,,1sgfyezfw8l28mky35q9ab0no,Tim Robinson,Burnley FC,Leeds United FC,Q. Hartman,0,0,0,1,0,0,0,0,33,0,0,0,0,4,0
71,18 Oct 2025,,1sgfyezfw8l28mky35q9ab0no,Tim Robinson,Burnley FC,Leeds United FC,J. Cullen,0,0,0,0,1,1,0,0,43,0,0,0,0,0,0
71,18 Oct 2025,,1sgfyezfw8l28mky35q9ab0no,Tim Robinson,Burnley FC,Leeds United FC,K. Walker,1,0,0,1,2,1,0,0,36,0,0,0,0,1,0
71,18 Oct 2025,,1sgfyezfw8l28mky35q9ab0no,Tim Robinson,Burnley FC,Leeds United FC,M. Dúbravka,0,0,0,0,0,0,0,0,26,0,4,0,0,0,0
71,18 Oct 2025,,1sgfyezfw8l28mky35q9ab0no,Tim Robinson,Burnley FC,Leeds United FC,L. Ugochukwu,0,0,0,1,0,2,1,0,18,0,0,1,1,0,0
71,18 Oct 2025,,1sgfyezfw8l28mky35q9ab0no,Tim Robinson,Burnley FC,Leeds United FC,J. Bruun Larsen,0,0,1,0,0,0,0,0,14,0,0,1,1,0,0
71,18 Oct 2025,,1sgfyezfw8l28mky35q9ab0no,Tim Robinson,Burnley FC,Leeds United FC,L. Tchaouna,0,0,0,1,0,0,1,0,3,0,0,1,1,0,0
71,18 Oct 2025,,1sgfyezfw8l28mky35q9ab0no,Tim Robinson,Burnley FC,Leeds United FC,J. Laurent,0,0,0,0,0,0,0,0,1,0,0,0,0,0,0
71,18 Oct 2025,,1sgfyezfw8l28mky35q9ab0no,Tim Robinson,Burnley FC,Leeds United FC,A. Barnes,0,0,0,0,1,0,0,0,5,0,0,0,0,0,0
71,18 Oct 2025,,1sgfyezfw8l28mky35q9ab0no,Tim Robinson,Burnley FC,Leeds United FC,H. Mejbri,0,0,0,0,0,0,0,1,1,0,0,0,0,3,1
71,18 Oct 2025,,1sgfyezfw8l28mky35q9ab0no,Tim Robinson,Burnley FC,Leeds United FC,S. Longstaff,0,0,1,7,0,2,0,0,61,0,0,0,0,0,0
71,18 Oct 2025,,1sgfyezfw8l28mky35q9ab0no,Tim Robinson,Burnley FC,Leeds United FC,A. Stach,0,0,0,0,2,1,0,0,49,0,0,2,1,0,0
71,18 Oct 2025,,1sgfyezfw8l28mky35q9ab0no,Tim Robinson,Burnley FC,Leeds United FC,P. Struijk,0,2,0,0,0,3,0,0,100,0,0,2,0,2,1
71,18 Oct 2025,,1sgfyezfw8l28mky35q9ab0no,Tim Robinson,Burnley FC,Leeds United FC,E. Ampadu,0,0,0,1,1,0,0,0,70,0,0,1,0,5,0
71,18 Oct 2025,,1sgfyezfw8l28mky35q9ab0no,Tim Robinson,Burnley FC,Leeds United FC,K. Darlow,0,0,0,0,0,0,0,0,25,0,1,0,0,0,0
71,18 Oct 2025,,1sgfyezfw8l28mky35q9ab0no,Tim Robinson,Burnley FC,Leeds United FC,J. Bogle,0,1,1,5,1,1,0,0,46,0,0,2,0,0,0
71,18 Oct 2025,,1sgfyezfw8l28mky35q9ab0no,Tim Robinson,Burnley FC,Leeds United FC,J. Rodon,0,0,0,0,1,0,0,0,103,0,0,1,1,1,0
71,18 Oct 2025,,1sgfyezfw8l28mky35q9ab0no,Tim Robinson,Burnley FC,Leeds United FC,D. Calvert-Lewin,0,0,0,0,0,0,0,0,14,0,0,4,0,0,0
71,18 Oct 2025,,1sgfyezfw8l28mky35q9ab0no,Tim Robinson,Burnley FC,Leeds United FC,B. Aaronson,0,0,0,3,1,0,0,0,21,0,0,1,1,1,0
71,18 Oct 2025,,1sgfyezfw8l28mky35q9ab0no,Tim Robinson,Burnley FC,Leeds United FC,J. Harrison,0,0,1,7,0,1,0,0,33,0,0,2,0,1,0
71,18 Oct 2025,,1sgfyezfw8l28mky35q9ab0no,Tim Robinson,Burnley FC,Leeds United FC,G. Gudmundsson,0,0,1,13,1,2,0,0,56,0,0,0,0,2,0
71,18 Oct 2025,,1sgfyezfw8l28mky35q9ab0no,Tim Robinson,Burnley FC,Leeds United FC,L. Nmecha,0,0,0,0,0,0,0,0,4,0,0,2,1,0,0
71,18 Oct 2025,,1sgfyezfw8l28mky35q9ab0no,Tim Robinson,Burnley FC,Leeds United FC,D. James,0,0,1,8,0,0,0,0,7,0,0,0,0,1,0
71,18 Oct 2025,,1sgfyezfw8l28mky35q9ab0no,Tim Robinson,Burnley FC,Leeds United FC,J. Piroe,0,0,0,0,0,0,0,0,11,0,0,2,0,0,0
71,18 Oct 2025,,1sgfyezfw8l28mky35q9ab0no,Tim Robinson,Burnley FC,Leeds United FC,A. Tanaka,0,0,0,3,0,0,0,0,15,0,0,0,0,0,0
72,18 Oct 2025,,1swfjplq1923hcknqk1r00kyc,Jarred Gillett,Crystal Palace FC,AFC Bournemouth,Yeremy Pino,0,0,0,3,1,1,0,0,22,0,0,1,0,1,1
72,18 Oct 2025,,1swfjplq1923hcknqk1r00kyc,Jarred Gillett,Crystal Palace FC,AFC Bournemouth,D. Henderson,0,0,0,0,0,0,0,0,36,0,2,0,0,0,0
72,18 Oct 2025,,1swfjplq1923hcknqk1r00kyc,Jarred Gillett,Crystal Palace FC,AFC Bournemouth,J. Mateta,0,2,1,1,1,1,3,1,21,0,0,11,5,2,0
72,18 Oct 2025,,1swfjplq1923hcknqk1r00kyc,Jarred Gillett,Crystal Palace FC,AFC Bournemouth,C. Richards,0,1,1,1,1,0,0,0,48,0,0,1,0,4,0
72,18 Oct 2025,,1swfjplq1923hcknqk1r00kyc,Jarred Gillett,Crystal Palace FC,AFC Bournemouth,D. Kamada,0,0,0,5,2,3,0,0,39,0,0,0,0,4,0
72,18 Oct 2025,,1swfjplq1923hcknqk1r00kyc,Jarred Gillett,Crystal Palace FC,AFC Bournemouth,D. Muñoz,1,0,0,4,2,1,0,0,32,0,0,1,1,5,0
72,18 Oct 2025,,1swfjplq1923hcknqk1r00kyc,Jarred Gillett,Crystal Palace FC,AFC Bournemouth,I. Sarr,0,0,1,0,0,3,0,0,18,0,0,1,0,1,0
72,18 Oct 2025,,1swfjplq1923hcknqk1r00kyc,Jarred Gillett,Crystal Palace FC,AFC Bournemouth,M. Lacroix,0,1,2,0,0,2,0,0,67,0,0,1,0,1,0
72,18 Oct 2025,,1swfjplq1923hcknqk1r00kyc,Jarred Gillett,Crystal Palace FC,AFC Bournemouth,A. Wharton,0,1,0,3,0,1,0,0,36,0,0,1,0,2,0
72,18 Oct 2025,,1swfjplq1923hcknqk1r00kyc,Jarred Gillett,Crystal Palace FC,AFC Bournemouth,M. Guéhi,0,1,0,0,0,1,0,0,48,0,0,1,0,1,0
72,18 Oct 2025,,1swfjplq1923hcknqk1r00kyc,Jarred Gillett,Crystal Palace FC,AFC Bournemouth,T. Mitchell,0,0,1,2,0,0,0,1,34,0,0,1,1,2,0
72,18 Oct 2025,,1swfjplq1923hcknqk1r00kyc,Jarred Gillett,Crystal Palace FC,AFC Bournemouth,E. Nketiah,0,1,0,0,1,1,0,1,3,0,0,1,0,0,0
72,18 Oct 2025,,1swfjplq1923hcknqk1r00kyc,Jarred Gillett,Crystal Palace FC,AFC Bournemouth,M. Senesi,0,0,0,0,2,0,0,0,45,0,0,1,1,2,1
72,18 Oct 2025,,1swfjplq1923hcknqk1r00kyc,Jarred Gillett,Crystal Palace FC,AFC Bournemouth,A. Semenyo,0,0,0,1,5,0,0,1,25,0,0,2,1,1,1
72,18 Oct 2025,,1swfjplq1923hcknqk1r00kyc,Jarred Gillett,Crystal Palace FC,AFC Bournemouth,A. Truffert,0,0,0,2,1,0,0,0,41,0,0,0,0,0,0
72,18 Oct 2025,,1swfjplq1923hcknqk1r00kyc,Jarred Gillett,Crystal Palace FC,AFC Bournemouth,J. Kroupi,0,0,1,0,0,0,2,1,20,0,0,2,2,0,0
72,18 Oct 2025,,1swfjplq1923hcknqk1r00kyc,Jarred Gillett,Crystal Palace FC,AFC Bournemouth,A. Scott,0,0,1,0,0,2,0,0,21,0,0,1,0,1,0
72,18 Oct 2025,,1swfjplq1923hcknqk1r00kyc,Jarred Gillett,Crystal Palace FC,AFC Bournemouth,M. Tavernier,1,0,0,3,2,0,0,0,23,0,0,0,0,4,0
72,18 Oct 2025,,1swfjplq1923hcknqk1r00kyc,Jarred Gillett,Crystal Palace FC,AFC Bournemouth,T. Adams,0,0,0,0,1,0,0,0,42,0,0,1,0,5,1
72,18 Oct 2025,,1swfjplq1923hcknqk1r00kyc,Jarred Gillett,Crystal Palace FC,AFC Bournemouth,B. Diakité,0,0,0,0,1,0,0,1,47,0,0,0,0,0,0
72,18 Oct 2025,,1swfjplq1923hcknqk1r00kyc,Jarred Gillett,Crystal Palace FC,AFC Bournemouth,Álex Jiménez,0,0,0,1,0,1,0,0,24,0,0,0,0,0,0
72,18 Oct 2025,,1swfjplq1923hcknqk1r00kyc,Jarred Gillett,Crystal Palace FC,AFC Bournemouth,J. Kluivert,0,0,2,4,2,2,0,0,21,0,0,0,0,2,0
72,18 Oct 2025,,1swfjplq1923hcknqk1r00kyc,Jarred Gillett,Crystal Palace FC,AFC Bournemouth,Đ. Petrović,0,0,0,0,0,0,0,0,36,0,4,0,0,0,0
72,18 Oct 2025,,1swfjplq1923hcknqk1r00kyc,Jarred Gillett,Crystal Palace FC,AFC Bournemouth,R. Christie,0,0,0,1,2,0,1,0,5,0,0,1,1,0,1
72,18 Oct 2025,,1swfjplq1923hcknqk1r00kyc,Jarred Gillett,Crystal Palace FC,AFC Bournemouth,A. Adli,0,0,1,0,0,0,0,0,5,0,0,0,0,1,0
72,18 Oct 2025,,1swfjplq1923hcknqk1r00kyc,Jarred Gillett,Crystal Palace FC,AFC Bournemouth,J. Hill,0,0,0,0,0,1,0,0,6,0,0,0,0,1,0
72,18 Oct 2025,,1swfjplq1923hcknqk1r00kyc,Jarred Gillett,Crystal Palace FC,AFC Bournemouth,B. Gannon-Doak,0,0,0,0,0,1,0,0,1,0,0,0,0,0,0
72,18 Oct 2025,,1swfjplq1923hcknqk1r00kyc,Jarred Gillett,Crystal Palace FC,AFC Bournemouth,L. Cook,0,0,0,0,0,0,0,0,2,0,0,0,0,1,0
73,18 Oct 2025,,1taq9euew4fs51eqk666nc2dw,Anthony Taylor,Fulham FC,Arsenal FC,T. Cairney,0,0,0,0,0,0,0,0,20,0,0,1,0,1,0
73,18 Oct 2025,,1taq9euew4fs51eqk666nc2dw,Anthony Taylor,Fulham FC,Arsenal FC,J. Andersen,0,0,0,0,0,0,0,0,20,0,0,0,0,0,0
73,18 Oct 2025,,1taq9euew4fs51eqk666nc2dw,Anthony Taylor,Fulham FC,Arsenal FC,R. Sessegnon,0,0,0,2,4,0,0,0,21,0,0,1,0,1,0
73,18 Oct 2025,,1taq9euew4fs51eqk666nc2dw,Anthony Taylor,Fulham FC,Arsenal FC,Jorge Cuenca,0,0,0,0,0,0,0,0,27,0,0,0,0,0,0
73,18 Oct 2025,,1taq9euew4fs51eqk666nc2dw,Anthony Taylor,Fulham FC,Arsenal FC,S. Berge,0,0,0,0,1,0,0,0,34,0,0,0,0,1,0
73,18 Oct 2025,,1taq9euew4fs51eqk666nc2dw,Anthony Taylor,Fulham FC,Arsenal FC,B. Leno,0,0,0,0,0,0,0,0,36,0,4,0,0,0,0
73,18 Oct 2025,,1taq9euew4fs51eqk666nc2dw,Anthony Taylor,Fulham FC,Arsenal FC,A. Iwobi,0,0,0,4,0,0,0,0,37,0,0,0,0,4,0
73,18 Oct 2025,,1taq9euew4fs51eqk666nc2dw,Anthony Taylor,Fulham FC,Arsenal FC,T. Castagne,0,0,0,2,1,1,0,0,22,0,0,0,0,4,0
73,18 Oct 2025,,1taq9euew4fs51eqk666nc2dw,Anthony Taylor,Fulham FC,Arsenal FC,J. King,0,1,2,1,0,0,0,0,10,0,0,1,0,2,0
73,18 Oct 2025,,1taq9euew4fs51eqk666nc2dw,Anthony Taylor,Fulham FC,Arsenal FC,H. Wilson,0,0,1,4,0,1,0,0,15,0,0,4,0,1,0
73,18 Oct 2025,,1taq9euew4fs51eqk666nc2dw,Anthony Taylor,Fulham FC,Arsenal FC,R. Jiménez,0,1,1,0,4,1,0,0,16,0,0,1,0,3,0
73,18 Oct 2025,,1taq9euew4fs51eqk666nc2dw,Anthony Taylor,Fulham FC,Arsenal FC,I. Diop,0,0,0,0,1,0,0,0,14,0,0,0,0,0,0
73,18 Oct 2025,,1taq9euew4fs51eqk666nc2dw,Anthony Taylor,Fulham FC,Arsenal FC,E. Smith Rowe,0,0,0,1,0,0,0,0,15,0,0,0,0,0,0
73,18 Oct 2025,,1taq9euew4fs51eqk666nc2dw,Anthony Taylor,Fulham FC,Arsenal FC,Kevin,0,0,1,3,0,1,0,0,6,0,0,0,0,3,0
73,18 Oct 2025,,1taq9euew4fs51eqk666nc2dw,Anthony Taylor,Fulham FC,Arsenal FC,C. Bassey,0,0,0,0,0,0,0,0,15,0,0,0,0,0,0
73,18 Oct 2025,,1taq9euew4fs51eqk666nc2dw,Anthony Taylor,Fulham FC,Arsenal FC,Adama Traoré,0,1,1,1,0,0,0,0,5,0,0,1,0,0,0
73,18 Oct 2025,,1taq9euew4fs51eqk666nc2dw,Anthony Taylor,Fulham FC,Arsenal FC,Gabriel Magalhães,1,1,0,0,0,0,0,0,68,0,0,2,0,0,0
73,18 Oct 2025,,1taq9euew4fs51eqk666nc2dw,Anthony Taylor,Fulham FC,Arsenal FC,J. Timber,0,0,1,0,1,1,0,0,54,0,0,0,0,2,0
73,18 Oct 2025,,1taq9euew4fs51eqk666nc2dw,Anthony Taylor,Fulham FC,Arsenal FC,V. Gyökeres,0,0,0,0,1,2,0,0,9,0,0,3,2,0,0
73,18 Oct 2025,,1taq9euew4fs51eqk666nc2dw,Anthony Taylor,Fulham FC,Arsenal FC,W. Saliba,0,0,0,0,0,0,0,0,91,0,0,0,0,0,0
73,18 Oct 2025,,1taq9euew4fs51eqk666nc2dw,Anthony Taylor,Fulham FC,Arsenal FC,B. Saka,0,1,5,14,0,5,0,1,41,0,0,2,1,2,0
73,18 Oct 2025,,1taq9euew4fs51eqk666nc2dw,Anthony Taylor,Fulham FC,Arsenal FC,D. Rice,0,0,0,1,0,0,0,0,76,0,0,1,0,0,0
73,18 Oct 2025,,1taq9euew4fs51eqk666nc2dw,Anthony Taylor,Fulham FC,Arsenal FC,Martín Zubimendi,0,0,1,0,1,0,0,0,73,0,0,0,0,1,0
73,18 Oct 2025,,1taq9euew4fs51eqk666nc2dw,Anthony Taylor,Fulham FC,Arsenal FC,R. Calafiori,0,1,1,2,0,0,0,1,31,0,0,2,0,1,0
73,18 Oct 2025,,1taq9euew4fs51eqk666nc2dw,Anthony Taylor,Fulham FC,Arsenal FC,L. Trossard,0,0,0,5,1,2,1,0,36,0,0,3,1,0,0
73,18 Oct 2025,,1taq9euew4fs51eqk666nc2dw,Anthony Taylor,Fulham FC,Arsenal FC,David Raya,0,0,0,0,0,0,0,0,24,0,0,0,0,0,0
73,18 Oct 2025,,1taq9euew4fs51eqk666nc2dw,Anthony Taylor,Fulham FC,Arsenal FC,E. Eze,0,1,1,2,0,1,0,0,27,0,0,1,0,0,0
73,18 Oct 2025,,1taq9euew4fs51eqk666nc2dw,Anthony Taylor,Fulham FC,Arsenal FC,Mikel Merino,0,0,0,0,0,0,0,0,9,0,0,0,0,2,0
73,18 Oct 2025,,1taq9euew4fs51eqk666nc2dw,Anthony Taylor,Fulham FC,Arsenal FC,Gabriel Martinelli,0,0,1,0,0,0,0,0,5,0,0,2,1,1,0
73,18 Oct 2025,,1taq9euew4fs51eqk666nc2dw,Anthony Taylor,Fulham FC,Arsenal FC,C. Nørgaard,0,0,0,0,0,0,0,0,2,0,0,0,0,0,0
74,19 Oct 2025,,1tozdgn4jg7t4h8wrdqtlwgt0,Michael Oliver,Liverpool FC,Manchester United FC,C. Bradley,0,0,1,4,0,2,0,0,26,0,0,0,0,1,0
74,19 Oct 2025,,1tozdgn4jg7t4h8wrdqtlwgt0,Michael Oliver,Liverpool FC,Manchester United FC,A. Mac Allister,0,0,0,0,0,0,0,0,17,0,0,2,1,0,0
74,19 Oct 2025,,1tozdgn4jg7t4h8wrdqtlwgt0,Michael Oliver,Liverpool FC,Manchester United FC,R. Gravenberch,0,0,0,0,0,1,0,0,47,0,0,0,0,3,0
74,19 Oct 2025,,1tozdgn4jg7t4h8wrdqtlwgt0,Michael Oliver,Liverpool FC,Manchester United FC,V. van Dijk,0,0,0,1,0,0,0,0,68,0,0,2,1,1,0
74,19 Oct 2025,,1tozdgn4jg7t4h8wrdqtlwgt0,Michael Oliver,Liverpool FC,Manchester United FC,Giorgi Mamardashvili,0,0,0,0,0,0,0,0,31,0,2,0,0,0,0
74,19 Oct 2025,,1tozdgn4jg7t4h8wrdqtlwgt0,Michael Oliver,Liverpool FC,Manchester United FC,D. Szoboszlai,0,0,2,9,1,2,0,0,66,0,0,0,0,2,0
74,19 Oct 2025,,1tozdgn4jg7t4h8wrdqtlwgt0,Michael Oliver,Liverpool FC,Manchester United FC,M. Kerkez,0,0,0,8,0,2,0,0,39,0,0,0,0,1,0
74,19 Oct 2025,,1tozdgn4jg7t4h8wrdqtlwgt0,Michael Oliver,Liverpool FC,Manchester United FC,I. Konaté,0,1,0,0,0,0,0,0,68,0,0,1,0,2,0
74,19 Oct 2025,,1tozdgn4jg7t4h8wrdqtlwgt0,Michael Oliver,Liverpool FC,Manchester United FC,C. Gakpo,0,1,2,11,5,2,1,0,22,0,0,5,1,0,0
74,19 Oct 2025,,1tozdgn4jg7t4h8wrdqtlwgt0,Michael Oliver,Liverpool FC,Manchester United FC,Mohamed Salah,0,0,1,4,0,2,0,0,19,0,0,3,1,0,0
74,19 Oct 2025,,1tozdgn4jg7t4h8wrdqtlwgt0,Michael Oliver,Liverpool FC,Manchester United FC,A. Isak,0,0,1,0,0,0,0,0,11,0,0,2,1,0,0
74,19 Oct 2025,,1tozdgn4jg7t4h8wrdqtlwgt0,Michael Oliver,Liverpool FC,Manchester United FC,H. Ekitiké,0,0,0,1,1,0,0,1,7,0,0,2,0,0,0
74,19 Oct 2025,,1tozdgn4jg7t4h8wrdqtlwgt0,Michael Oliver,Liverpool FC,Manchester United FC,F. Wirtz,0,0,0,3,1,0,0,0,25,0,0,0,0,1,0
74,19 Oct 2025,,1tozdgn4jg7t4h8wrdqtlwgt0,Michael Oliver,Liverpool FC,Manchester United FC,C. Jones,0,0,1,1,0,1,0,0,24,0,0,1,1,0,0
74,19 Oct 2025,,1tozdgn4jg7t4h8wrdqtlwgt0,Michael Oliver,Liverpool FC,Manchester United FC,F. Chiesa,1,0,0,4,0,1,0,0,7,0,0,1,0,2,0
74,19 Oct 2025,,1tozdgn4jg7t4h8wrdqtlwgt0,Michael Oliver,Liverpool FC,Manchester United FC,J. Frimpong,0,0,1,2,0,0,0,0,3,0,0,0,0,0,0
74,19 Oct 2025,,1tozdgn4jg7t4h8wrdqtlwgt0,Michael Oliver,Liverpool FC,Manchester United FC,B. Mbeumo,0,1,0,3,2,0,1,0,15,0,0,3,2,0,0
74,19 Oct 2025,,1tozdgn4jg7t4h8wrdqtlwgt0,Michael Oliver,Liverpool FC,Manchester United FC,S. Lammens,0,0,0,0,0,0,0,0,46,0,5,0,0,0,0
74,19 Oct 2025,,1tozdgn4jg7t4h8wrdqtlwgt0,Michael Oliver,Liverpool FC,Manchester United FC,Diogo Dalot,0,0,0,2,2,0,0,0,22,0,0,0,0,4,0
74,19 Oct 2025,,1tozdgn4jg7t4h8wrdqtlwgt0,Michael Oliver,Liverpool FC,Manchester United FC,Bruno Fernandes,1,1,2,5,0,2,0,0,32,0,0,2,0,1,0
74,19 Oct 2025,,1tozdgn4jg7t4h8wrdqtlwgt0,Michael Oliver,Liverpool FC,Manchester United FC,Casemiro,0,0,0,0,2,2,0,0,19,0,0,0,0,3,1
74,19 Oct 2025,,1tozdgn4jg7t4h8wrdqtlwgt0,Michael Oliver,Liverpool FC,Manchester United FC,M. Mount,0,0,0,0,1,0,0,0,12,0,0,2,1,1,0
74,19 Oct 2025,,1tozdgn4jg7t4h8wrdqtlwgt0,Michael Oliver,Liverpool FC,Manchester United FC,Matheus Cunha,0,1,1,1,1,2,0,0,29,0,0,2,0,0,0
74,19 Oct 2025,,1tozdgn4jg7t4h8wrdqtlwgt0,Michael Oliver,Liverpool FC,Manchester United FC,L. Shaw,0,0,0,0,0,1,0,0,21,0,0,0,0,1,0
74,19 Oct 2025,,1tozdgn4jg7t4h8wrdqtlwgt0,Michael Oliver,Liverpool FC,Manchester United FC,H. Maguire,0,0,0,0,1,0,1,0,22,0,0,1,1,0,0
74,19 Oct 2025,,1tozdgn4jg7t4h8wrdqtlwgt0,Michael Oliver,Liverpool FC,Manchester United FC,M. de Ligt,0,0,0,0,1,1,0,0,18,0,0,1,0,0,0
74,19 Oct 2025,,1tozdgn4jg7t4h8wrdqtlwgt0,Michael Oliver,Liverpool FC,Manchester United FC,A. Diallo,1,0,0,0,3,0,0,0,23,0,0,0,0,1,1
74,19 Oct 2025,,1tozdgn4jg7t4h8wrdqtlwgt0,Michael Oliver,Liverpool FC,Manchester United FC,M. Ugarte,0,0,0,0,0,0,0,0,7,0,0,0,0,1,0
74,19 Oct 2025,,1tozdgn4jg7t4h8wrdqtlwgt0,Michael Oliver,Liverpool FC,Manchester United FC,P. Dorgu,0,0,1,1,1,0,0,0,12,0,0,0,0,3,0
74,19 Oct 2025,,1tozdgn4jg7t4h8wrdqtlwgt0,Michael Oliver,Liverpool FC,Manchester United FC,B. Šeško,0,0,0,0,0,0,0,1,13,0,0,1,0,0,0
74,19 Oct 2025,,1tozdgn4jg7t4h8wrdqtlwgt0,Michael Oliver,Liverpool FC,Manchester United FC,L. Yoro,0,0,0,0,0,0,0,0,3,0,0,0,0,0,0
74,19 Oct 2025,,1tozdgn4jg7t4h8wrdqtlwgt0,Michael Oliver,Liverpool FC,Manchester United FC,K. Mainoo,0,0,0,0,0,0,0,0,0,0,0,0,0,0,0
75,18 Oct 2025,,1u36beg0t6rceb5etaa7rcwes,Tony Harrington,Manchester City FC,Everton FC,Nico González,0,0,0,0,1,0,0,0,82,0,0,0,0,2,0
75,18 Oct 2025,,1u36beg0t6rceb5etaa7rcwes,Tony Harrington,Manchester City FC,Everton FC,N. O'Reilly,1,1,0,2,1,2,0,0,46,0,0,3,0,2,0
75,18 Oct 2025,,1u36beg0t6rceb5etaa7rcwes,Tony Harrington,Manchester City FC,Everton FC,P. Foden,0,0,1,11,1,1,0,0,61,0,0,1,0,2,0
75,18 Oct 2025,,1u36beg0t6rceb5etaa7rcwes,Tony Harrington,Manchester City FC,Everton FC,E. Haaland,0,1,1,0,0,2,2,0,12,0,0,5,4,0,0
75,18 Oct 2025,,1u36beg0t6rceb5etaa7rcwes,Tony Harrington,Manchester City FC,Everton FC,N. Aké,0,0,0,0,0,1,0,0,110,0,0,1,0,2,0
75,18 Oct 2025,,1u36beg0t6rceb5etaa7rcwes,Tony Harrington,Manchester City FC,Everton FC,Rúben Dias,0,0,0,0,1,0,0,0,107,0,0,0,0,1,0
75,18 Oct 2025,,1u36beg0t6rceb5etaa7rcwes,Tony Harrington,Manchester City FC,Everton FC,Matheus Nunes,0,0,0,0,0,1,0,0,99,0,0,1,0,3,0
75,18 Oct 2025,,1u36beg0t6rceb5etaa7rcwes,Tony Harrington,Manchester City FC,Everton FC,Savinho,1,0,3,1,1,2,0,0,35,0,0,2,2,1,0
75,18 Oct 2025,,1u36beg0t6rceb5etaa7rcwes,Tony Harrington,Manchester City FC,Everton FC,T. Reijnders,0,3,1,0,1,1,0,0,32,0,0,3,0,1,0
75,18 Oct 2025,,1u36beg0t6rceb5etaa7rcwes,Tony Harrington,Manchester City FC,Everton FC,J. Doku,0,0,3,4,2,2,0,0,31,0,0,1,1,0,0
75,18 Oct 2025,,1u36beg0t6rceb5etaa7rcwes,Tony Harrington,Manchester City FC,Everton FC,G. Donnarumma,0,0,0,0,0,0,0,0,31,0,1,0,0,0,0
75,18 Oct 2025,,1u36beg0t6rceb5etaa7rcwes,Tony Harrington,Manchester City FC,Everton FC,O. Bobb,0,1,1,0,0,0,0,0,18,0,0,1,0,1,0
75,18 Oct 2025,,1u36beg0t6rceb5etaa7rcwes,Tony Harrington,Manchester City FC,Everton FC,Bernardo Silva,0,0,0,0,0,0,0,0,41,0,0,0,0,0,0
75,18 Oct 2025,,1u36beg0t6rceb5etaa7rcwes,Tony Harrington,Manchester City FC,Everton FC,M. Kovačić,0,0,0,0,0,0,0,0,22,0,0,0,0,0,0
75,18 Oct 2025,,1u36beg0t6rceb5etaa7rcwes,Tony Harrington,Manchester City FC,Everton FC,R. Cherki,0,1,1,0,0,1,0,0,13,0,0,1,0,0,0
75,18 Oct 2025,,1u36beg0t6rceb5etaa7rcwes,Tony Harrington,Manchester City FC,Everton FC,R. Lewis,0,0,0,0,0,0,0,0,9,0,0,0,0,0,0
75,18 Oct 2025,,1u36beg0t6rceb5etaa7rcwes,Tony Harrington,Manchester City FC,Everton FC,I. Gueye,0,0,0,0,1,1,0,0,28,0,0,0,0,3,0
75,18 Oct 2025,,1u36beg0t6rceb5etaa7rcwes,Tony Harrington,Manchester City FC,Everton FC,J. Pickford,0,0,0,0,0,0,0,0,31,0,5,0,0,0,0
75,18 Oct 2025,,1u36beg0t6rceb5etaa7rcwes,Tony Harrington,Manchester City FC,Everton FC,Beto,0,0,0,0,1,2,0,1,16,0,0,1,0,1,0
75,18 Oct 2025,,1u36beg0t6rceb5etaa7rcwes,Tony Harrington,Manchester City FC,Everton FC,J. O'Brien,0,0,1,1,2,0,0,0,29,0,0,0,0,0,0
75,18 Oct 2025,,1u36beg0t6rceb5etaa7rcwes,Tony Harrington,Manchester City FC,Everton FC,J. Tarkowski,0,0,0,0,1,0,0,0,33,0,0,0,0,2,0
75,18 Oct 2025,,1u36beg0t6rceb5etaa7rcwes,Tony Harrington,Manchester City FC,Everton FC,M. Keane,0,0,0,0,1,0,0,0,28,0,0,0,0,0,0
75,18 Oct 2025,,1u36beg0t6rceb5etaa7rcwes,Tony Harrington,Manchester City FC,Everton FC,K. Dewsbury-Hall,0,0,0,3,0,2,0,0,14,0,0,0,0,1,0
75,18 Oct 2025,,1u36beg0t6rceb5etaa7rcwes,Tony Harrington,Manchester City FC,Everton FC,V. Mykolenko,0,0,0,2,3,0,0,0,25,0,0,0,0,1,0
75,18 Oct 2025,,1u36beg0t6rceb5etaa7rcwes,Tony Harrington,Manchester City FC,Everton FC,I. Ndiaye,0,0,1,3,2,0,0,0,25,0,0,1,1,4,0
75,18 Oct 2025,,1u36beg0t6rceb5etaa7rcwes,Tony Harrington,Manchester City FC,Everton FC,J. Garner,0,1,1,1,2,2,0,0,30,0,0,1,0,2,1
75,18 Oct 2025,,1u36beg0t6rceb5etaa7rcwes,Tony Harrington,Manchester City FC,Everton FC,C. Alcaraz,0,1,0,0,0,1,0,0,19,0,0,1,0,0,0
75,18 Oct 2025,,1u36beg0t6rceb5etaa7rcwes,Tony Harrington,Manchester City FC,Everton FC,T. Iroegbunam,0,0,0,0,0,0,0,0,5,0,0,0,0,3,0
75,18 Oct 2025,,1u36beg0t6rceb5etaa7rcwes,Tony Harrington,Manchester City FC,Everton FC,M. Röhl,0,0,0,0,0,0,0,0,9,0,0,1,0,1,0
75,18 Oct 2025,,1u36beg0t6rceb5etaa7rcwes,Tony Harrington,Manchester City FC,Everton FC,T. Barry,0,0,0,0,0,0,0,0,3,0,0,0,0,0,0
75,18 Oct 2025,,1u36beg0t6rceb5etaa7rcwes,Tony Harrington,Manchester City FC,Everton FC,T. Dibling,0,0,0,0,1,0,0,0,3,0,0,0,0,0,1
75,18 Oct 2025,,1u36beg0t6rceb5etaa7rcwes,Tony Harrington,Manchester City FC,Everton FC,D. McNeil,0,0,0,0,0,0,0,0,2,0,0,0,0,0,0
46,20 Sep 2025,,1iirowal16yj6lndgm8gbx5p0,Peter Bankes,Manchester United FC,Chelsea FC,B. Mbeumo,0,1,3,6,0,2,0,0,19,0,0,3,1,0,0
46,20 Sep 2025,,1iirowal16yj6lndgm8gbx5p0,Peter Bankes,Manchester United FC,Chelsea FC,A. Bayındır,0,0,0,0,0,1,0,0,24,0,0,0,0,0,0
46,20 Sep 2025,,1iirowal16yj6lndgm8gbx5p0,Peter Bankes,Manchester United FC,Chelsea FC,A. Diallo,0,1,0,3,0,2,0,2,27,0,0,2,0,2,0
46,20 Sep 2025,,1iirowal16yj6lndgm8gbx5p0,Peter Bankes,Manchester United FC,Chelsea FC,N. Mazraoui,0,0,0,3,0,2,0,0,38,0,0,0,0,4,0
46,20 Sep 2025,,1iirowal16yj6lndgm8gbx5p0,Peter Bankes,Manchester United FC,Chelsea FC,M. de Ligt,0,0,0,3,2,1,0,0,50,0,0,0,0,2,0
46,20 Sep 2025,,1iirowal16yj6lndgm8gbx5p0,Peter Bankes,Manchester United FC,Chelsea FC,L. Shaw,0,1,0,0,2,0,0,0,38,0,0,1,0,3,0
46,20 Sep 2025,,1iirowal16yj6lndgm8gbx5p0,Peter Bankes,Manchester United FC,Chelsea FC,H. Maguire,1,0,0,0,2,0,0,0,41,0,0,1,0,1,0
46,20 Sep 2025,,1iirowal16yj6lndgm8gbx5p0,Peter Bankes,Manchester United FC,Chelsea FC,P. Dorgu,1,0,0,4,0,2,0,1,33,0,0,0,0,4,0
46,20 Sep 2025,,1iirowal16yj6lndgm8gbx5p0,Peter Bankes,Manchester United FC,Chelsea FC,Bruno Fernandes,0,1,1,6,1,1,1,0,40,0,0,3,2,2,0
46,20 Sep 2025,,1iirowal16yj6lndgm8gbx5p0,Peter Bankes,Manchester United FC,Chelsea FC,Casemiro,0,0,0,0,2,0,1,0,23,1,0,1,1,0,2
46,20 Sep 2025,,1iirowal16yj6lndgm8gbx5p0,Peter Bankes,Manchester United FC,Chelsea FC,B. Šeško,0,0,0,0,1,0,0,0,3,0,0,0,0,0,0
46,20 Sep 2025,,1iirowal16yj6lndgm8gbx5p0,Peter Bankes,Manchester United FC,Chelsea FC,M. Ugarte,0,0,0,0,3,1,0,0,14,0,0,0,0,3,0
46,20 Sep 2025,,1iirowal16yj6lndgm8gbx5p0,Peter Bankes,Manchester United FC,Chelsea FC,Matheus Cunha,0,0,0,1,0,1,0,0,8,0,0,0,0,0,0
46,20 Sep 2025,,1iirowal16yj6lndgm8gbx5p0,Peter Bankes,Manchester United FC,Chelsea FC,L. Yoro,0,0,0,0,0,0,0,0,5,0,0,0,0,0,0
46,20 Sep 2025,,1iirowal16yj6lndgm8gbx5p0,Peter Bankes,Manchester United FC,Chelsea FC,M. Mount,0,0,0,0,0,0,0,0,7,0,0,0,0,0,0
46,20 Sep 2025,,1iirowal16yj6lndgm8gbx5p0,Peter Bankes,Manchester United FC,Chelsea FC,K. Mainoo,0,0,1,0,0,1,0,0,1,0,0,0,0,0,0
46,20 Sep 2025,,1iirowal16yj6lndgm8gbx5p0,Peter Bankes,Manchester United FC,Chelsea FC,W. Fofana,0,0,0,0,0,1,0,1,36,0,0,0,0,2,0
46,20 Sep 2025,,1iirowal16yj6lndgm8gbx5p0,Peter Bankes,Manchester United FC,Chelsea FC,Marc Cucurella,0,0,1,1,3,1,0,0,25,0,0,1,0,1,1
46,20 Sep 2025,,1iirowal16yj6lndgm8gbx5p0,Peter Bankes,Manchester United FC,Chelsea FC,Estêvão,0,0,0,0,0,0,0,0,2,0,0,0,0,0,0
46,20 Sep 2025,,1iirowal16yj6lndgm8gbx5p0,Peter Bankes,Manchester United FC,Chelsea FC,M. Caicedo,0,1,0,0,1,2,0,0,68,0,0,1,0,5,0
46,20 Sep 2025,,1iirowal16yj6lndgm8gbx5p0,Peter Bankes,Manchester United FC,Chelsea FC,T. Chalobah,0,0,0,0,1,0,1,0,76,0,0,1,1,2,1
46,20 Sep 2025,,1iirowal16yj6lndgm8gbx5p0,Peter Bankes,Manchester United FC,Chelsea FC,Robert Sánchez,0,0,0,0,1,0,0,0,2,1,1,0,0,0,0
46,20 Sep 2025,,1iirowal16yj6lndgm8gbx5p0,Peter Bankes,Manchester United FC,Chelsea FC,E. Fernández,0,0,0,2,1,3,0,0,63,0,0,0,0,1,1
46,20 Sep 2025,,1iirowal16yj6lndgm8gbx5p0,Peter Bankes,Manchester United FC,Chelsea FC,C. Palmer,0,0,0,0,0,0,0,0,2,0,0,0,0,0,0
46,20 Sep 2025,,1iirowal16yj6lndgm8gbx5p0,Peter Bankes,Manchester United FC,Chelsea FC,R. James,1,0,2,8,2,0,0,0,48,0,0,0,0,3,0
46,20 Sep 2025,,1iirowal16yj6lndgm8gbx5p0,Peter Bankes,Manchester United FC,Chelsea FC,Pedro Neto,0,0,0,0,0,0,0,0,1,0,0,0,0,0,0
46,20 Sep 2025,,1iirowal16yj6lndgm8gbx5p0,Peter Bankes,Manchester United FC,Chelsea FC,T. Adarabioyo,0,0,0,0,1,0,0,0,82,0,0,1,0,0,1
46,20 Sep 2025,,1iirowal16yj6lndgm8gbx5p0,Peter Bankes,Manchester United FC,Chelsea FC,F. Jörgensen,0,0,0,0,0,0,0,0,34,0,1,0,0,0,0
46,20 Sep 2025,,1iirowal16yj6lndgm8gbx5p0,Peter Bankes,Manchester United FC,Chelsea FC,João Pedro,0,0,0,1,1,3,0,0,26,0,0,0,0,1,0
46,20 Sep 2025,,1iirowal16yj6lndgm8gbx5p0,Peter Bankes,Manchester United FC,Chelsea FC,Andrey Santos,0,1,0,0,0,3,0,0,58,0,0,1,0,1,0
46,20 Sep 2025,,1iirowal16yj6lndgm8gbx5p0,Peter Bankes,Manchester United FC,Chelsea FC,M. Gusto,0,0,2,3,0,0,0,0,20,0,0,0,0,0,0
46,20 Sep 2025,,1iirowal16yj6lndgm8gbx5p0,Peter Bankes,Manchester United FC,Chelsea FC,T. George,0,0,0,0,3,0,0,1,7,0,0,0,0,0,1
47,21 Sep 2025,,1iwrufdts4nlr7bniv499abkk,Samuel Barrott,Sunderland AFC,Aston Villa FC,G. Xhaka,1,0,0,3,4,1,0,0,32,0,0,1,1,4,1
47,21 Sep 2025,,1iwrufdts4nlr7bniv499abkk,Samuel Barrott,Sunderland AFC,Aston Villa FC,R. Roefs,0,0,0,0,0,0,0,0,31,0,1,0,0,0,0
47,21 Sep 2025,,1iwrufdts4nlr7bniv499abkk,Samuel Barrott,Sunderland AFC,Aston Villa FC,T. Hume,0,0,1,4,0,2,0,0,16,0,0,0,0,3,0
47,21 Sep 2025,,1iwrufdts4nlr7bniv499abkk,Samuel Barrott,Sunderland AFC,Aston Villa FC,C. Rigg,0,0,0,0,1,0,0,0,11,0,0,1,0,1,0
47,21 Sep 2025,,1iwrufdts4nlr7bniv499abkk,Samuel Barrott,Sunderland AFC,Aston Villa FC,E. Le Fée,0,0,1,1,1,0,0,0,14,0,0,0,0,3,0
47,21 Sep 2025,,1iwrufdts4nlr7bniv499abkk,Samuel Barrott,Sunderland AFC,Aston Villa FC,Reinildo Mandava,0,0,0,0,2,1,0,0,13,1,0,0,0,0,0
47,21 Sep 2025,,1iwrufdts4nlr7bniv499abkk,Samuel Barrott,Sunderland AFC,Aston Villa FC,N. Sadiki,0,0,1,0,1,1,0,0,22,0,0,0,0,1,1
47,21 Sep 2025,,1iwrufdts4nlr7bniv499abkk,Samuel Barrott,Sunderland AFC,Aston Villa FC,C. Talbi,0,1,0,2,1,0,0,0,14,0,0,2,0,0,0
47,21 Sep 2025,,1iwrufdts4nlr7bniv499abkk,Samuel Barrott,Sunderland AFC,Aston Villa FC,O. Alderete,0,0,1,0,1,0,0,0,27,0,0,2,1,3,0
47,21 Sep 2025,,1iwrufdts4nlr7bniv499abkk,Samuel Barrott,Sunderland AFC,Aston Villa FC,N. Mukiele,0,1,1,2,2,1,0,0,19,0,0,1,0,3,0
47,21 Sep 2025,,1iwrufdts4nlr7bniv499abkk,Samuel Barrott,Sunderland AFC,Aston Villa FC,W. Isidor,0,2,1,0,0,1,1,0,4,0,0,6,2,1,0
47,21 Sep 2025,,1iwrufdts4nlr7bniv499abkk,Samuel Barrott,Sunderland AFC,Aston Villa FC,D. Ballard,0,0,0,0,1,0,0,0,6,0,0,1,0,1,0
47,21 Sep 2025,,1iwrufdts4nlr7bniv499abkk,Samuel Barrott,Sunderland AFC,Aston Villa FC,L. Geertruida,0,0,0,0,0,0,0,0,3,0,0,0,0,0,0
47,21 Sep 2025,,1iwrufdts4nlr7bniv499abkk,Samuel Barrott,Sunderland AFC,Aston Villa FC,Eliezer Mayenda,0,0,0,0,0,0,0,0,3,0,0,0,0,0,0
47,21 Sep 2025,,1iwrufdts4nlr7bniv499abkk,Samuel Barrott,Sunderland AFC,Aston Villa FC,A. Masuaku,0,0,0,0,0,0,0,0,3,0,0,0,0,0,0
47,21 Sep 2025,,1iwrufdts4nlr7bniv499abkk,Samuel Barrott,Sunderland AFC,Aston Villa FC,D. Neil,0,0,0,0,0,1,0,0,0,0,0,0,0,0,0
47,21 Sep 2025,,1iwrufdts4nlr7bniv499abkk,Samuel Barrott,Sunderland AFC,Aston Villa FC,B. Kamara,1,0,0,0,0,1,0,0,68,0,0,0,0,2,0
47,21 Sep 2025,,1iwrufdts4nlr7bniv499abkk,Samuel Barrott,Sunderland AFC,Aston Villa FC,O. Watkins,0,0,0,0,1,2,0,2,6,0,0,0,0,1,0
47,21 Sep 2025,,1iwrufdts4nlr7bniv499abkk,Samuel Barrott,Sunderland AFC,Aston Villa FC,L. Digne,0,0,1,3,0,0,0,0,31,0,0,0,0,0,0
47,21 Sep 2025,,1iwrufdts4nlr7bniv499abkk,Samuel Barrott,Sunderland AFC,Aston Villa FC,E. Buendía,0,1,0,1,2,0,0,0,20,0,0,2,0,2,0
47,21 Sep 2025,,1iwrufdts4nlr7bniv499abkk,Samuel Barrott,Sunderland AFC,Aston Villa FC,E. Guessand,0,0,0,0,1,2,0,0,19,0,0,1,1,1,0
47,21 Sep 2025,,1iwrufdts4nlr7bniv499abkk,Samuel Barrott,Sunderland AFC,Aston Villa FC,T. Mings,0,0,0,1,0,0,0,0,71,0,0,0,0,0,0
47,21 Sep 2025,,1iwrufdts4nlr7bniv499abkk,Samuel Barrott,Sunderland AFC,Aston Villa FC,E. Martínez,0,0,0,0,0,1,0,0,23,0,3,0,0,0,0
47,21 Sep 2025,,1iwrufdts4nlr7bniv499abkk,Samuel Barrott,Sunderland AFC,Aston Villa FC,E. Konsa,0,0,0,1,1,0,0,0,74,0,0,0,0,1,0
47,21 Sep 2025,,1iwrufdts4nlr7bniv499abkk,Samuel Barrott,Sunderland AFC,Aston Villa FC,J. McGinn,0,1,0,7,0,3,0,0,49,0,0,2,0,1,0
47,21 Sep 2025,,1iwrufdts4nlr7bniv499abkk,Samuel Barrott,Sunderland AFC,Aston Villa FC,M. Cash,0,1,0,3,1,2,1,0,62,0,0,2,1,2,0
47,21 Sep 2025,,1iwrufdts4nlr7bniv499abkk,Samuel Barrott,Sunderland AFC,Aston Villa FC,M. Rogers,0,0,2,3,1,1,0,0,29,0,0,0,0,0,0
47,21 Sep 2025,,1iwrufdts4nlr7bniv499abkk,Samuel Barrott,Sunderland AFC,Aston Villa FC,I. Maatsen,0,0,1,2,0,1,0,1,29,0,0,0,0,0,1
47,21 Sep 2025,,1iwrufdts4nlr7bniv499abkk,Samuel Barrott,Sunderland AFC,Aston Villa FC,H. Elliott,0,1,1,3,0,0,0,0,30,0,0,2,0,0,0
47,21 Sep 2025,,1iwrufdts4nlr7bniv499abkk,Samuel Barrott,Sunderland AFC,Aston Villa FC,D. Malen,0,1,0,0,0,0,0,0,7,0,0,2,0,1,0
47,21 Sep 2025,,1iwrufdts4nlr7bniv499abkk,Samuel Barrott,Sunderland AFC,Aston Villa FC,J. Sancho,0,1,0,2,0,0,0,0,14,0,0,1,0,0,0
47,21 Sep 2025,,1iwrufdts4nlr7bniv499abkk,Samuel Barrott,Sunderland AFC,Aston Villa FC,L. Bogarde,0,0,0,0,1,0,0,0,15,0,0,0,0,0,0
48,20 Sep 2025,,1jauwu1mheu6kyp1pwpoa6dxw,Tony Harrington,West Ham United FC,Crystal Palace FC,K. Mavropanos,0,0,0,0,0,0,0,0,60,0,0,1,1,1,0
48,20 Sep 2025,,1jauwu1mheu6kyp1pwpoa6dxw,Tony Harrington,West Ham United FC,Crystal Palace FC,M. Kilman,0,0,0,0,1,0,0,0,63,0,0,0,0,2,1
48,20 Sep 2025,,1jauwu1mheu6kyp1pwpoa6dxw,Tony Harrington,West Ham United FC,Crystal Palace FC,Mateus Fernandes,0,0,0,0,0,0,0,0,41,0,0,0,0,0,0
48,20 Sep 2025,,1jauwu1mheu6kyp1pwpoa6dxw,Tony Harrington,West Ham United FC,Crystal Palace FC,Lucas Paquetá,0,0,2,2,3,1,0,0,46,0,0,1,0,2,1
48,20 Sep 2025,,1jauwu1mheu6kyp1pwpoa6dxw,Tony Harrington,West Ham United FC,Crystal Palace FC,E. Diouf,1,0,2,11,1,0,0,0,54,0,0,0,0,1,1
48,20 Sep 2025,,1jauwu1mheu6kyp1pwpoa6dxw,Tony Harrington,West Ham United FC,Crystal Palace FC,K. Walker-Peters,0,0,0,0,0,2,0,0,47,0,0,2,1,1,0
48,20 Sep 2025,,1jauwu1mheu6kyp1pwpoa6dxw,Tony Harrington,West Ham United FC,Crystal Palace FC,J. Bowen,0,0,2,3,0,1,1,1,13,0,0,2,1,1,0
48,20 Sep 2025,,1jauwu1mheu6kyp1pwpoa6dxw,Tony Harrington,West Ham United FC,Crystal Palace FC,J. Ward-Prowse,0,1,0,5,3,0,0,0,48,0,0,1,0,1,0
48,20 Sep 2025,,1jauwu1mheu6kyp1pwpoa6dxw,Tony Harrington,West Ham United FC,Crystal Palace FC,C. Summerville,0,0,1,1,2,1,0,0,25,0,0,0,0,0,0
48,20 Sep 2025,,1jauwu1mheu6kyp1pwpoa6dxw,Tony Harrington,West Ham United FC,Crystal Palace FC,A. Areola,0,0,1,0,0,0,0,0,35,0,1,0,0,0,0
48,20 Sep 2025,,1jauwu1mheu6kyp1pwpoa6dxw,Tony Harrington,West Ham United FC,Crystal Palace FC,C. Wilson,0,0,0,0,1,0,0,0,5,0,0,0,0,0,0
48,20 Sep 2025,,1jauwu1mheu6kyp1pwpoa6dxw,Tony Harrington,West Ham United FC,Crystal Palace FC,N. Füllkrug,0,0,0,0,3,0,0,0,4,0,0,0,0,0,0
48,20 Sep 2025,,1jauwu1mheu6kyp1pwpoa6dxw,Tony Harrington,West Ham United FC,Crystal Palace FC,S. Magassa,0,0,0,0,1,0,0,0,8,0,0,0,0,0,0
48,20 Sep 2025,,1jauwu1mheu6kyp1pwpoa6dxw,Tony Harrington,West Ham United FC,Crystal Palace FC,Luis Guilherme,0,0,0,0,0,0,0,0,1,0,0,1,0,0,0
48,20 Sep 2025,,1jauwu1mheu6kyp1pwpoa6dxw,Tony Harrington,West Ham United FC,Crystal Palace FC,J. Mateta,0,0,1,0,0,0,1,1,9,0,0,2,1,0,0
48,20 Sep 2025,,1jauwu1mheu6kyp1pwpoa6dxw,Tony Harrington,West Ham United FC,Crystal Palace FC,D. Henderson,0,0,0,0,0,1,0,0,34,0,2,0,0,0,1
48,20 Sep 2025,,1jauwu1mheu6kyp1pwpoa6dxw,Tony Harrington,West Ham United FC,Crystal Palace FC,A. Wharton,0,1,0,3,0,1,0,0,30,0,0,1,0,1,0
48,20 Sep 2025,,1jauwu1mheu6kyp1pwpoa6dxw,Tony Harrington,West Ham United FC,Crystal Palace FC,M. Guéhi,0,1,0,1,0,4,0,0,44,0,0,1,0,5,0
48,20 Sep 2025,,1jauwu1mheu6kyp1pwpoa6dxw,Tony Harrington,West Ham United FC,Crystal Palace FC,T. Mitchell,0,0,2,4,2,0,1,0,31,0,0,2,1,3,1
48,20 Sep 2025,,1jauwu1mheu6kyp1pwpoa6dxw,Tony Harrington,West Ham United FC,Crystal Palace FC,M. Lacroix,0,0,0,0,0,1,0,0,37,0,0,1,0,2,0
48,20 Sep 2025,,1jauwu1mheu6kyp1pwpoa6dxw,Tony Harrington,West Ham United FC,Crystal Palace FC,W. Hughes,0,0,0,0,0,0,0,0,25,0,0,0,0,0,0
48,20 Sep 2025,,1jauwu1mheu6kyp1pwpoa6dxw,Tony Harrington,West Ham United FC,Crystal Palace FC,D. Kamada,0,0,2,8,0,2,0,0,29,0,0,1,0,4,0
48,20 Sep 2025,,1jauwu1mheu6kyp1pwpoa6dxw,Tony Harrington,West Ham United FC,Crystal Palace FC,Yeremy Pino,0,2,2,1,1,1,0,0,14,0,0,2,0,1,0
48,20 Sep 2025,,1jauwu1mheu6kyp1pwpoa6dxw,Tony Harrington,West Ham United FC,Crystal Palace FC,C. Richards,0,0,1,0,0,0,0,0,30,0,0,0,0,4,0
48,20 Sep 2025,,1jauwu1mheu6kyp1pwpoa6dxw,Tony Harrington,West Ham United FC,Crystal Palace FC,D. Muñoz,0,1,0,1,0,1,0,0,29,0,0,3,0,1,0
48,20 Sep 2025,,1jauwu1mheu6kyp1pwpoa6dxw,Tony Harrington,West Ham United FC,Crystal Palace FC,J. Devenny,0,0,0,0,1,1,0,0,12,0,0,2,0,1,0
48,20 Sep 2025,,1jauwu1mheu6kyp1pwpoa6dxw,Tony Harrington,West Ham United FC,Crystal Palace FC,J. Lerma,0,0,0,0,1,2,0,0,14,0,0,2,1,0,1
48,20 Sep 2025,,1jauwu1mheu6kyp1pwpoa6dxw,Tony Harrington,West Ham United FC,Crystal Palace FC,E. Nketiah,0,1,0,0,0,1,0,1,7,0,0,1,0,0,0
49,20 Sep 2025,,1jp76d0gbs37k24r8pculfxuc,Anthony Taylor,Wolverhampton Wanderers FC,Leeds United FC,J. Tchatchoua,0,0,3,7,0,0,0,0,35,0,0,0,0,4,0
49,20 Sep 2025,,1jp76d0gbs37k24r8pculfxuc,Anthony Taylor,Wolverhampton Wanderers FC,Leeds United FC,João Gomes,0,2,0,2,1,0,0,0,57,0,0,2,0,4,0
49,20 Sep 2025,,1jp76d0gbs37k24r8pculfxuc,Anthony Taylor,Wolverhampton Wanderers FC,Leeds United FC,E. Agbadou,0,1,1,6,1,1,0,0,87,0,0,3,2,7,0
49,20 Sep 2025,,1jp76d0gbs37k24r8pculfxuc,Anthony Taylor,Wolverhampton Wanderers FC,Leeds United FC,Fer López,1,0,0,2,1,0,0,0,23,0,0,0,0,1,1
49,20 Sep 2025,,1jp76d0gbs37k24r8pculfxuc,Anthony Taylor,Wolverhampton Wanderers FC,Leeds United FC,José Sá,0,0,0,0,0,0,0,0,30,0,1,0,0,0,0
49,20 Sep 2025,,1jp76d0gbs37k24r8pculfxuc,Anthony Taylor,Wolverhampton Wanderers FC,Leeds United FC,T. Arokodare,0,0,0,0,0,0,0,0,13,0,0,3,1,1,0
49,20 Sep 2025,,1jp76d0gbs37k24r8pculfxuc,Anthony Taylor,Wolverhampton Wanderers FC,Leeds United FC,J. Bellegarde,0,0,0,0,0,0,0,0,13,0,0,0,0,0,0
49,20 Sep 2025,,1jp76d0gbs37k24r8pculfxuc,Anthony Taylor,Wolverhampton Wanderers FC,Leeds United FC,Rodrigo Gomes,0,0,0,1,0,1,0,0,9,0,0,1,0,2,0
49,20 Sep 2025,,1jp76d0gbs37k24r8pculfxuc,Anthony Taylor,Wolverhampton Wanderers FC,Leeds United FC,Y. Mosquera,0,0,0,0,2,4,0,0,46,0,0,2,1,2,0
49,20 Sep 2025,,1jp76d0gbs37k24r8pculfxuc,Anthony Taylor,Wolverhampton Wanderers FC,Leeds United FC,Toti Gomes,0,0,0,1,0,2,0,0,53,0,0,0,0,0,0
49,20 Sep 2025,,1jp76d0gbs37k24r8pculfxuc,Anthony Taylor,Wolverhampton Wanderers FC,Leeds United FC,L. Krejčí,0,0,0,0,5,0,1,0,58,0,0,1,1,5,0
49,20 Sep 2025,,1jp76d0gbs37k24r8pculfxuc,Anthony Taylor,Wolverhampton Wanderers FC,Leeds United FC,Hugo Bueno,0,0,0,14,0,0,0,0,22,0,0,0,0,1,0
49,20 Sep 2025,,1jp76d0gbs37k24r8pculfxuc,Anthony Taylor,Wolverhampton Wanderers FC,Leeds United FC,M. Munetsi,0,0,0,1,0,0,0,0,9,0,0,2,1,1,0
49,20 Sep 2025,,1jp76d0gbs37k24r8pculfxuc,Anthony Taylor,Wolverhampton Wanderers FC,Leeds United FC,J. Strand Larsen,0,0,0,0,1,1,0,0,6,0,0,1,0,0,0
49,20 Sep 2025,,1jp76d0gbs37k24r8pculfxuc,Anthony Taylor,Wolverhampton Wanderers FC,Leeds United FC,André,0,1,0,0,0,0,0,0,33,0,0,1,0,0,0
49,20 Sep 2025,,1jp76d0gbs37k24r8pculfxuc,Anthony Taylor,Wolverhampton Wanderers FC,Leeds United FC,J. Arias,0,0,0,1,0,0,0,0,13,0,0,0,0,0,0
49,20 Sep 2025,,1jp76d0gbs37k24r8pculfxuc,Anthony Taylor,Wolverhampton Wanderers FC,Leeds United FC,S. Longstaff,0,0,0,1,1,1,0,0,26,0,0,1,1,6,0
49,20 Sep 2025,,1jp76d0gbs37k24r8pculfxuc,Anthony Taylor,Wolverhampton Wanderers FC,Leeds United FC,E. Ampadu,0,0,0,1,1,0,0,0,56,0,0,1,0,4,0
49,20 Sep 2025,,1jp76d0gbs37k24r8pculfxuc,Anthony Taylor,Wolverhampton Wanderers FC,Leeds United FC,A. Stach,1,0,0,1,0,2,1,0,44,0,0,1,1,3,0
49,20 Sep 2025,,1jp76d0gbs37k24r8pculfxuc,Anthony Taylor,Wolverhampton Wanderers FC,Leeds United FC,P. Struijk,0,0,0,0,1,0,0,0,63,0,0,0,0,1,0
49,20 Sep 2025,,1jp76d0gbs37k24r8pculfxuc,Anthony Taylor,Wolverhampton Wanderers FC,Leeds United FC,G. Gudmundsson,0,0,0,0,0,0,0,0,52,0,0,0,0,0,0
49,20 Sep 2025,,1jp76d0gbs37k24r8pculfxuc,Anthony Taylor,Wolverhampton Wanderers FC,Leeds United FC,J. Rodon,0,0,0,0,0,0,0,0,52,0,0,0,0,1,0
49,20 Sep 2025,,1jp76d0gbs37k24r8pculfxuc,Anthony Taylor,Wolverhampton Wanderers FC,Leeds United FC,J. Bogle,0,0,0,2,2,0,0,1,24,0,0,0,0,3,1
49,20 Sep 2025,,1jp76d0gbs37k24r8pculfxuc,Anthony Taylor,Wolverhampton Wanderers FC,Leeds United FC,D. Calvert-Lewin,0,0,0,0,3,3,1,1,15,0,0,1,1,1,0
49,20 Sep 2025,,1jp76d0gbs37k24r8pculfxuc,Anthony Taylor,Wolverhampton Wanderers FC,Leeds United FC,B. Aaronson,0,0,0,1,0,2,0,0,25,0,0,1,0,1,0
49,20 Sep 2025,,1jp76d0gbs37k24r8pculfxuc,Anthony Taylor,Wolverhampton Wanderers FC,Leeds United FC,K. Darlow,0,0,0,0,0,1,0,0,35,0,5,0,0,0,0
49,20 Sep 2025,,1jp76d0gbs37k24r8pculfxuc,Anthony Taylor,Wolverhampton Wanderers FC,Leeds United FC,N. Okafor,0,0,0,1,1,2,1,0,14,0,0,1,1,0,0
49,20 Sep 2025,,1jp76d0gbs37k24r8pculfxuc,Anthony Taylor,Wolverhampton Wanderers FC,Leeds United FC,J. Harrison,0,0,0,0,0,0,0,0,8,0,0,0,0,0,0
49,20 Sep 2025,,1jp76d0gbs37k24r8pculfxuc,Anthony Taylor,Wolverhampton Wanderers FC,Leeds United FC,A. Tanaka,0,0,0,0,0,0,0,0,1,0,0,0,0,0,0
49,20 Sep 2025,,1jp76d0gbs37k24r8pculfxuc,Anthony Taylor,Wolverhampton Wanderers FC,Leeds United FC,J. Justin,0,0,0,0,0,0,0,0,0,0,0,0,0,0,0
49,20 Sep 2025,,1jp76d0gbs37k24r8pculfxuc,Anthony Taylor,Wolverhampton Wanderers FC,Leeds United FC,I. Gruev,0,0,0,0,0,0,0,0,1,0,0,0,0,0,0
49,20 Sep 2025,,1jp76d0gbs37k24r8pculfxuc,Anthony Taylor,Wolverhampton Wanderers FC,Leeds United FC,L. Nmecha,0,0,0,0,0,0,0,0,0,0,0,0,0,0,0
50,28 Sep 2025,,1k3eld3sysqfeherxz48tzoyc,Andy Madley,Aston Villa FC,Fulham FC,J. McGinn,0,1,0,2,2,1,1,0,28,0,0,3,1,1,1
50,28 Sep 2025,,1k3eld3sysqfeherxz48tzoyc,Andy Madley,Aston Villa FC,Fulham FC,E. Martínez,0,0,0,0,0,1,0,0,39,0,3,0,0,0,0
50,28 Sep 2025,,1k3eld3sysqfeherxz48tzoyc,Andy Madley,Aston Villa FC,Fulham FC,T. Mings,0,0,0,0,0,0,0,0,23,0,0,0,0,0,0
50,28 Sep 2025,,1k3eld3sysqfeherxz48tzoyc,Andy Madley,Aston Villa FC,Fulham FC,E. Konsa,0,0,0,0,0,1,0,0,64,0,0,0,0,0,0
50,28 Sep 2025,,1k3eld3sysqfeherxz48tzoyc,Andy Madley,Aston Villa FC,Fulham FC,M. Rogers,1,0,0,1,2,1,0,0,34,0,0,0,0,1,0
50,28 Sep 2025,,1k3eld3sysqfeherxz48tzoyc,Andy Madley,Aston Villa FC,Fulham FC,M. Cash,0,0,0,2,1,1,0,0,45,0,0,1,0,2,0
50,28 Sep 2025,,1k3eld3sysqfeherxz48tzoyc,Andy Madley,Aston Villa FC,Fulham FC,E. Guessand,0,0,1,4,1,1,0,0,12,0,0,0,0,2,0
50,28 Sep 2025,,1k3eld3sysqfeherxz48tzoyc,Andy Madley,Aston Villa FC,Fulham FC,H. Elliott,0,1,1,0,0,1,0,0,18,0,0,1,0,0,0
50,28 Sep 2025,,1k3eld3sysqfeherxz48tzoyc,Andy Madley,Aston Villa FC,Fulham FC,L. Digne,1,0,0,1,0,1,0,1,30,0,0,1,1,0,0
50,28 Sep 2025,,1k3eld3sysqfeherxz48tzoyc,Andy Madley,Aston Villa FC,Fulham FC,O. Watkins,0,0,0,0,0,0,1,1,16,0,0,1,1,1,0
50,28 Sep 2025,,1k3eld3sysqfeherxz48tzoyc,Andy Madley,Aston Villa FC,Fulham FC,L. Bogarde,0,0,0,0,2,2,0,0,26,0,0,0,0,1,0
50,28 Sep 2025,,1k3eld3sysqfeherxz48tzoyc,Andy Madley,Aston Villa FC,Fulham FC,Pau Torres,0,0,0,0,0,0,0,0,36,0,0,0,0,0,0
50,28 Sep 2025,,1k3eld3sysqfeherxz48tzoyc,Andy Madley,Aston Villa FC,Fulham FC,E. Buendía,1,0,0,0,1,0,1,0,23,0,0,2,1,1,0
50,28 Sep 2025,,1k3eld3sysqfeherxz48tzoyc,Andy Madley,Aston Villa FC,Fulham FC,B. Kamara,0,0,0,0,1,1,0,0,7,0,0,0,0,1,0
50,28 Sep 2025,,1k3eld3sysqfeherxz48tzoyc,Andy Madley,Aston Villa FC,Fulham FC,D. Malen,0,0,0,0,0,0,0,0,0,0,0,0,0,0,0
50,28 Sep 2025,,1k3eld3sysqfeherxz48tzoyc,Andy Madley,Aston Villa FC,Fulham FC,V. Lindelöf,0,0,0,0,0,0,0,0,2,0,0,0,0,0,0
50,28 Sep 2025,,1k3eld3sysqfeherxz48tzoyc,Andy Madley,Aston Villa FC,Fulham FC,S. Lukić,1,0,2,3,4,3,0,0,31,0,0,2,1,1,1
50,28 Sep 2025,,1k3eld3sysqfeherxz48tzoyc,Andy Madley,Aston Villa FC,Fulham FC,J. Andersen,0,0,0,1,0,1,0,0,45,0,0,0,0,2,0
50,28 Sep 2025,,1k3eld3sysqfeherxz48tzoyc,Andy Madley,Aston Villa FC,Fulham FC,R. Jiménez,0,0,0,0,0,0,1,0,1,0,0,1,1,0,0
50,28 Sep 2025,,1k3eld3sysqfeherxz48tzoyc,Andy Madley,Aston Villa FC,Fulham FC,R. Sessegnon,0,0,2,4,2,1,0,0,30,0,0,0,0,4,0
50,28 Sep 2025,,1k3eld3sysqfeherxz48tzoyc,Andy Madley,Aston Villa FC,Fulham FC,C. Bassey,0,0,0,0,1,1,0,0,70,0,0,0,0,2,1
50,28 Sep 2025,,1k3eld3sysqfeherxz48tzoyc,Andy Madley,Aston Villa FC,Fulham FC,B. Leno,0,0,0,0,0,0,0,0,29,0,1,0,0,0,0
50,28 Sep 2025,,1k3eld3sysqfeherxz48tzoyc,Andy Madley,Aston Villa FC,Fulham FC,A. Iwobi,0,0,0,1,0,0,0,0,22,0,0,0,0,0,0
50,28 Sep 2025,,1k3eld3sysqfeherxz48tzoyc,Andy Madley,Aston Villa FC,Fulham FC,S. Berge,0,0,0,0,1,1,0,0,55,0,0,0,0,1,0
50,28 Sep 2025,,1k3eld3sysqfeherxz48tzoyc,Andy Madley,Aston Villa FC,Fulham FC,T. Castagne,0,0,0,4,1,0,0,0,38,0,0,0,0,2,0
50,28 Sep 2025,,1k3eld3sysqfeherxz48tzoyc,Andy Madley,Aston Villa FC,Fulham FC,J. King,0,1,1,1,2,0,0,0,9,0,0,3,2,1,1
50,28 Sep 2025,,1k3eld3sysqfeherxz48tzoyc,Andy Madley,Aston Villa FC,Fulham FC,H. Wilson,0,2,0,5,0,1,0,1,19,0,0,3,0,1,1
50,28 Sep 2025,,1k3eld3sysqfeherxz48tzoyc,Andy Madley,Aston Villa FC,Fulham FC,Adama Traoré,0,0,0,2,2,0,0,3,12,0,0,0,0,0,0
50,28 Sep 2025,,1k3eld3sysqfeherxz48tzoyc,Andy Madley,Aston Villa FC,Fulham FC,E. Smith Rowe,0,0,0,0,0,0,0,0,19,0,0,0,0,0,0
50,28 Sep 2025,,1k3eld3sysqfeherxz48tzoyc,Andy Madley,Aston Villa FC,Fulham FC,Kevin,0,0,1,4,0,1,0,0,16,0,0,0,0,1,0
50,28 Sep 2025,,1k3eld3sysqfeherxz48tzoyc,Andy Madley,Aston Villa FC,Fulham FC,S. Chukwueze,0,0,1,0,0,1,0,0,8,0,0,2,0,1,0
50,28 Sep 2025,,1k3eld3sysqfeherxz48tzoyc,Andy Madley,Aston Villa FC,Fulham FC,A. Robinson,0,0,1,5,0,0,0,0,10,0,0,0,0,0,0
51,27 Sep 2025,,1khr3704psti8rqgjsvafpa1g,Craig Pawson,Brentford FC,Manchester United FC,N. Collins,0,0,1,0,2,0,0,0,43,0,0,1,1,0,1
51,27 Sep 2025,,1khr3704psti8rqgjsvafpa1g,Craig Pawson,Brentford FC,Manchester United FC,K. Schade,0,0,0,1,1,2,0,0,20,0,0,1,1,1,1
51,27 Sep 2025,,1khr3704psti8rqgjsvafpa1g,Craig Pawson,Brentford FC,Manchester United FC,Y. Yarmoliuk,1,1,0,0,1,2,0,0,48,0,0,1,0,1,0
51,27 Sep 2025,,1khr3704psti8rqgjsvafpa1g,Craig Pawson,Brentford FC,Manchester United FC,M. Damsgaard,0,0,0,6,2,0,0,0,31,0,0,0,0,2,0
51,27 Sep 2025,,1khr3704psti8rqgjsvafpa1g,Craig Pawson,Brentford FC,Manchester United FC,S. van den Berg,0,0,0,0,0,0,0,0,35,0,0,2,2,0,0
51,27 Sep 2025,,1khr3704psti8rqgjsvafpa1g,Craig Pawson,Brentford FC,Manchester United FC,A. Hickey,0,0,0,0,0,0,0,0,30,0,0,0,0,0,0
51,27 Sep 2025,,1khr3704psti8rqgjsvafpa1g,Craig Pawson,Brentford FC,Manchester United FC,J. Henderson,1,0,0,1,0,0,0,1,44,0,0,0,0,1,0
51,27 Sep 2025,,1khr3704psti8rqgjsvafpa1g,Craig Pawson,Brentford FC,Manchester United FC,M. Kayode,0,0,2,0,2,1,0,0,30,0,0,0,0,3,0
51,27 Sep 2025,,1khr3704psti8rqgjsvafpa1g,Craig Pawson,Brentford FC,Manchester United FC,C. Kelleher,0,0,0,0,0,0,0,0,28,0,5,0,0,0,0
51,27 Sep 2025,,1khr3704psti8rqgjsvafpa1g,Craig Pawson,Brentford FC,Manchester United FC,Igor Thiago,0,0,0,0,1,0,2,0,13,0,0,3,2,3,0
51,27 Sep 2025,,1khr3704psti8rqgjsvafpa1g,Craig Pawson,Brentford FC,Manchester United FC,D. Ouattara,0,0,1,4,3,3,0,0,15,0,0,1,1,0,0
51,27 Sep 2025,,1khr3704psti8rqgjsvafpa1g,Craig Pawson,Brentford FC,Manchester United FC,K. Lewis-Potter,0,0,0,0,1,2,0,0,2,0,0,0,0,1,0
51,27 Sep 2025,,1khr3704psti8rqgjsvafpa1g,Craig Pawson,Brentford FC,Manchester United FC,F. Onyeka,0,0,0,0,1,0,0,0,7,0,0,0,0,0,0
51,27 Sep 2025,,1khr3704psti8rqgjsvafpa1g,Craig Pawson,Brentford FC,Manchester United FC,V. Janelt,0,0,0,2,0,0,0,0,7,0,0,0,0,1,0
51,27 Sep 2025,,1khr3704psti8rqgjsvafpa1g,Craig Pawson,Brentford FC,Manchester United FC,R. Henry,0,0,0,0,0,0,0,0,3,0,0,0,0,1,0
51,27 Sep 2025,,1khr3704psti8rqgjsvafpa1g,Craig Pawson,Brentford FC,Manchester United FC,M. Jensen,0,0,0,0,0,0,1,1,3,0,0,1,1,0,0
51,27 Sep 2025,,1khr3704psti8rqgjsvafpa1g,Craig Pawson,Brentford FC,Manchester United FC,B. Mbeumo,0,0,0,7,0,1,0,0,27,0,0,0,0,2,0
51,27 Sep 2025,,1khr3704psti8rqgjsvafpa1g,Craig Pawson,Brentford FC,Manchester United FC,A. Bayındır,0,0,0,0,0,0,0,0,22,0,5,0,0,0,0
51,27 Sep 2025,,1khr3704psti8rqgjsvafpa1g,Craig Pawson,Brentford FC,Manchester United FC,Diogo Dalot,0,0,0,3,1,0,0,0,44,0,0,0,0,0,0
51,27 Sep 2025,,1khr3704psti8rqgjsvafpa1g,Craig Pawson,Brentford FC,Manchester United FC,Bruno Fernandes,0,0,0,1,1,2,0,0,70,0,0,1,1,1,1
51,27 Sep 2025,,1khr3704psti8rqgjsvafpa1g,Craig Pawson,Brentford FC,Manchester United FC,M. de Ligt,0,0,0,0,1,1,0,0,55,0,0,1,0,3,0
51,27 Sep 2025,,1khr3704psti8rqgjsvafpa1g,Craig Pawson,Brentford FC,Manchester United FC,M. Ugarte,0,0,0,0,1,1,0,0,33,0,0,0,0,3,0
51,27 Sep 2025,,1khr3704psti8rqgjsvafpa1g,Craig Pawson,Brentford FC,Manchester United FC,L. Shaw,0,0,0,0,0,0,0,0,58,0,0,0,0,1,0
51,27 Sep 2025,,1khr3704psti8rqgjsvafpa1g,Craig Pawson,Brentford FC,Manchester United FC,H. Maguire,0,0,0,0,0,0,0,0,31,0,0,1,0,0,0
51,27 Sep 2025,,1khr3704psti8rqgjsvafpa1g,Craig Pawson,Brentford FC,Manchester United FC,P. Dorgu,0,0,0,1,3,5,0,1,27,0,0,0,0,2,1
51,27 Sep 2025,,1khr3704psti8rqgjsvafpa1g,Craig Pawson,Brentford FC,Manchester United FC,B. Šeško,0,2,0,0,0,0,1,0,15,0,0,6,4,0,0
51,27 Sep 2025,,1khr3704psti8rqgjsvafpa1g,Craig Pawson,Brentford FC,Manchester United FC,Matheus Cunha,0,2,2,2,2,3,0,0,22,0,0,4,1,2,0
51,27 Sep 2025,,1khr3704psti8rqgjsvafpa1g,Craig Pawson,Brentford FC,Manchester United FC,K. Mainoo,0,0,0,0,1,0,0,0,24,0,0,0,0,1,0
51,27 Sep 2025,,1khr3704psti8rqgjsvafpa1g,Craig Pawson,Brentford FC,Manchester United FC,L. Yoro,0,0,0,0,0,0,0,0,21,0,0,0,0,0,0
51,27 Sep 2025,,1khr3704psti8rqgjsvafpa1g,Craig Pawson,Brentford FC,Manchester United FC,M. Mount,0,0,0,0,0,1,0,0,7,0,0,0,0,1,0
51,27 Sep 2025,,1khr3704psti8rqgjsvafpa1g,Craig Pawson,Brentford FC,Manchester United FC,J. Zirkzee,0,0,0,0,0,0,0,0,2,0,0,1,0,0,0
52,27 Sep 2025,,1kvzysbmri31wqmzg9n6uekno,Simon Hooper,Chelsea FC,Brighton & Hove Albion FC,Robert Sánchez,0,0,0,0,0,2,0,0,55,0,0,0,0,0,0
52,27 Sep 2025,,1kvzysbmri31wqmzg9n6uekno,Simon Hooper,Chelsea FC,Brighton & Hove Albion FC,J. Hato,0,0,0,0,0,0,0,0,55,0,0,0,0,1,0
52,27 Sep 2025,,1kvzysbmri31wqmzg9n6uekno,Simon Hooper,Chelsea FC,Brighton & Hove Albion FC,T. Chalobah,0,0,0,0,1,0,0,0,39,1,0,0,0,0,0
52,27 Sep 2025,,1kvzysbmri31wqmzg9n6uekno,Simon Hooper,Chelsea FC,Brighton & Hove Albion FC,João Pedro,0,0,0,1,2,3,0,0,28,0,0,0,0,2,0
52,27 Sep 2025,,1kvzysbmri31wqmzg9n6uekno,Simon Hooper,Chelsea FC,Brighton & Hove Albion FC,Andrey Santos,0,0,0,0,0,0,0,0,19,0,0,0,0,2,0
52,27 Sep 2025,,1kvzysbmri31wqmzg9n6uekno,Simon Hooper,Chelsea FC,Brighton & Hove Albion FC,Marc Cucurella,0,0,0,1,2,0,0,0,38,0,0,1,0,3,1
52,27 Sep 2025,,1kvzysbmri31wqmzg9n6uekno,Simon Hooper,Chelsea FC,Brighton & Hove Albion FC,E. Fernández,0,0,1,1,0,4,1,0,51,0,0,4,2,3,0
52,27 Sep 2025,,1kvzysbmri31wqmzg9n6uekno,Simon Hooper,Chelsea FC,Brighton & Hove Albion FC,Pedro Neto,0,1,1,4,0,2,0,2,17,0,0,2,0,1,0
52,27 Sep 2025,,1kvzysbmri31wqmzg9n6uekno,Simon Hooper,Chelsea FC,Brighton & Hove Albion FC,Estêvão,0,3,1,0,0,0,0,0,18,0,0,3,0,3,0
52,27 Sep 2025,,1kvzysbmri31wqmzg9n6uekno,Simon Hooper,Chelsea FC,Brighton & Hove Albion FC,R. James,0,1,2,6,2,0,0,0,46,0,0,2,1,1,1
52,27 Sep 2025,,1kvzysbmri31wqmzg9n6uekno,Simon Hooper,Chelsea FC,Brighton & Hove Albion FC,M. Caicedo,0,1,0,0,2,4,0,0,57,0,0,1,0,3,0
52,27 Sep 2025,,1kvzysbmri31wqmzg9n6uekno,Simon Hooper,Chelsea FC,Brighton & Hove Albion FC,J. Acheampong,0,0,0,0,0,0,0,0,14,0,0,0,0,0,0
52,27 Sep 2025,,1kvzysbmri31wqmzg9n6uekno,Simon Hooper,Chelsea FC,Brighton & Hove Albion FC,M. Gusto,0,0,0,1,0,1,0,0,11,0,0,0,0,2,0
52,27 Sep 2025,,1kvzysbmri31wqmzg9n6uekno,Simon Hooper,Chelsea FC,Brighton & Hove Albion FC,R. Lavia,0,0,0,0,0,0,0,0,13,0,0,0,0,0,0
52,27 Sep 2025,,1kvzysbmri31wqmzg9n6uekno,Simon Hooper,Chelsea FC,Brighton & Hove Albion FC,B. Badiashile,0,0,0,0,0,0,0,0,9,0,0,0,0,0,1
52,27 Sep 2025,,1kvzysbmri31wqmzg9n6uekno,Simon Hooper,Chelsea FC,Brighton & Hove Albion FC,D. Gómez,0,0,0,0,2,2,0,0,17,0,0,1,0,3,0
52,27 Sep 2025,,1kvzysbmri31wqmzg9n6uekno,Simon Hooper,Chelsea FC,Brighton & Hove Albion FC,B. Verbruggen,0,0,0,0,0,0,0,0,20,0,2,0,0,0,0
52,27 Sep 2025,,1kvzysbmri31wqmzg9n6uekno,Simon Hooper,Chelsea FC,Brighton & Hove Albion FC,J. van Hecke,0,1,0,1,2,1,0,0,58,0,0,1,0,4,1
52,27 Sep 2025,,1kvzysbmri31wqmzg9n6uekno,Simon Hooper,Chelsea FC,Brighton & Hove Albion FC,J. Veltman,0,0,0,0,1,1,0,1,9,0,0,0,0,1,1
52,27 Sep 2025,,1kvzysbmri31wqmzg9n6uekno,Simon Hooper,Chelsea FC,Brighton & Hove Albion FC,F. Kadıoğlu,0,0,0,3,1,0,0,0,27,0,0,0,0,2,0
52,27 Sep 2025,,1kvzysbmri31wqmzg9n6uekno,Simon Hooper,Chelsea FC,Brighton & Hove Albion FC,K. Mitoma,0,0,0,0,0,2,0,0,9,0,0,0,0,0,0
52,27 Sep 2025,,1kvzysbmri31wqmzg9n6uekno,Simon Hooper,Chelsea FC,Brighton & Hove Albion FC,C. Baleba,0,1,1,0,4,1,0,0,17,0,0,1,0,0,0
52,27 Sep 2025,,1kvzysbmri31wqmzg9n6uekno,Simon Hooper,Chelsea FC,Brighton & Hove Albion FC,G. Rutter,0,0,0,0,1,1,0,1,14,0,0,0,0,1,0
52,27 Sep 2025,,1kvzysbmri31wqmzg9n6uekno,Simon Hooper,Chelsea FC,Brighton & Hove Albion FC,Y. Minteh,1,0,4,6,2,0,0,0,21,0,0,2,0,2,0
52,27 Sep 2025,,1kvzysbmri31wqmzg9n6uekno,Simon Hooper,Chelsea FC,Brighton & Hove Albion FC,Y. Ayari,0,0,0,3,0,0,0,0,30,0,0,1,0,2,0
52,27 Sep 2025,,1kvzysbmri31wqmzg9n6uekno,Simon Hooper,Chelsea FC,Brighton & Hove Albion FC,L. Dunk,0,0,0,0,1,0,0,0,57,0,0,1,0,1,1
52,27 Sep 2025,,1kvzysbmri31wqmzg9n6uekno,Simon Hooper,Chelsea FC,Brighton & Hove Albion FC,M. Wieffer,1,0,0,0,2,0,0,0,19,0,0,0,0,2,1
52,27 Sep 2025,,1kvzysbmri31wqmzg9n6uekno,Simon Hooper,Chelsea FC,Brighton & Hove Albion FC,D. Welbeck,0,0,0,0,0,0,2,0,2,0,0,3,2,0,1
52,27 Sep 2025,,1kvzysbmri31wqmzg9n6uekno,Simon Hooper,Chelsea FC,Brighton & Hove Albion FC,B. Gruda,1,0,1,0,0,1,0,0,9,0,0,0,0,1,0
52,27 Sep 2025,,1kvzysbmri31wqmzg9n6uekno,Simon Hooper,Chelsea FC,Brighton & Hove Albion FC,M. De Cuyper,0,0,1,0,0,0,1,0,6,0,0,1,1,0,0
52,27 Sep 2025,,1kvzysbmri31wqmzg9n6uekno,Simon Hooper,Chelsea FC,Brighton & Hove Albion FC,S. Tzimas,0,0,0,0,0,0,0,0,1,0,0,1,0,2,0
53,27 Sep 2025,,1la9af0q274nmzgcyme30rcwk,Chris Kavanagh,Crystal Palace FC,Liverpool FC,Yeremy Pino,0,0,0,0,1,1,0,0,19,0,0,1,1,0,0
53,27 Sep 2025,,1la9af0q274nmzgcyme30rcwk,Chris Kavanagh,Crystal Palace FC,Liverpool FC,C. Richards,0,0,0,0,0,0,0,0,22,0,0,0,0,3,0
53,27 Sep 2025,,1la9af0q274nmzgcyme30rcwk,Chris Kavanagh,Crystal Palace FC,Liverpool FC,D. Henderson,0,0,0,0,0,1,0,0,38,0,3,0,0,0,0
53,27 Sep 2025,,1la9af0q274nmzgcyme30rcwk,Chris Kavanagh,Crystal Palace FC,Liverpool FC,M. Lacroix,0,0,0,0,0,1,0,0,27,0,0,0,0,5,0
53,27 Sep 2025,,1la9af0q274nmzgcyme30rcwk,Chris Kavanagh,Crystal Palace FC,Liverpool FC,A. Wharton,0,0,0,1,0,0,0,0,22,0,0,1,0,1,0
53,27 Sep 2025,,1la9af0q274nmzgcyme30rcwk,Chris Kavanagh,Crystal Palace FC,Liverpool FC,D. Muñoz,0,0,0,0,0,0,0,0,18,0,0,3,2,2,0
53,27 Sep 2025,,1la9af0q274nmzgcyme30rcwk,Chris Kavanagh,Crystal Palace FC,Liverpool FC,I. Sarr,0,1,0,0,0,0,1,1,16,0,0,3,1,0,0
53,27 Sep 2025,,1la9af0q274nmzgcyme30rcwk,Chris Kavanagh,Crystal Palace FC,Liverpool FC,T. Mitchell,0,0,1,3,0,1,0,0,23,0,0,0,0,5,0
53,27 Sep 2025,,1la9af0q274nmzgcyme30rcwk,Chris Kavanagh,Crystal Palace FC,Liverpool FC,D. Kamada,0,0,0,3,4,1,0,0,28,0,0,0,0,3,0
53,27 Sep 2025,,1la9af0q274nmzgcyme30rcwk,Chris Kavanagh,Crystal Palace FC,Liverpool FC,M. Guéhi,1,0,0,0,0,0,0,0,21,0,0,0,0,3,0
53,27 Sep 2025,,1la9af0q274nmzgcyme30rcwk,Chris Kavanagh,Crystal Palace FC,Liverpool FC,J. Mateta,0,0,0,1,2,1,0,1,14,0,0,4,2,0,0
53,27 Sep 2025,,1la9af0q274nmzgcyme30rcwk,Chris Kavanagh,Crystal Palace FC,Liverpool FC,W. Hughes,0,0,1,0,1,0,0,0,6,0,0,0,0,0,0
53,27 Sep 2025,,1la9af0q274nmzgcyme30rcwk,Chris Kavanagh,Crystal Palace FC,Liverpool FC,E. Nketiah,0,0,0,0,1,0,1,0,2,0,0,2,1,0,1
53,27 Sep 2025,,1la9af0q274nmzgcyme30rcwk,Chris Kavanagh,Crystal Palace FC,Liverpool FC,J. Lerma,0,1,0,0,0,1,0,0,11,0,0,2,0,1,0
53,27 Sep 2025,,1la9af0q274nmzgcyme30rcwk,Chris Kavanagh,Crystal Palace FC,Liverpool FC,J. Devenny,0,0,0,0,1,0,0,0,3,0,0,0,0,1,0
53,27 Sep 2025,,1la9af0q274nmzgcyme30rcwk,Chris Kavanagh,Crystal Palace FC,Liverpool FC,A. Mac Allister,0,1,0,0,0,0,0,0,42,0,0,1,0,0,0
53,27 Sep 2025,,1la9af0q274nmzgcyme30rcwk,Chris Kavanagh,Crystal Palace FC,Liverpool FC,V. van Dijk,0,0,0,0,1,2,0,0,105,0,0,0,0,1,1
53,27 Sep 2025,,1la9af0q274nmzgcyme30rcwk,Chris Kavanagh,Crystal Palace FC,Liverpool FC,M. Kerkez,0,0,2,4,0,0,0,0,59,0,0,1,0,1,0
53,27 Sep 2025,,1la9af0q274nmzgcyme30rcwk,Chris Kavanagh,Crystal Palace FC,Liverpool FC,C. Bradley,0,0,2,4,0,1,0,0,49,0,0,0,0,1,0
53,27 Sep 2025,,1la9af0q274nmzgcyme30rcwk,Chris Kavanagh,Crystal Palace FC,Liverpool FC,I. Konaté,0,0,0,0,1,1,0,0,97,0,0,1,0,1,1
53,27 Sep 2025,,1la9af0q274nmzgcyme30rcwk,Chris Kavanagh,Crystal Palace FC,Liverpool FC,D. Szoboszlai,0,1,0,11,1,0,0,0,67,0,0,1,0,0,0
53,27 Sep 2025,,1la9af0q274nmzgcyme30rcwk,Chris Kavanagh,Crystal Palace FC,Liverpool FC,A. Isak,0,0,0,0,1,0,0,0,10,0,0,3,0,0,0
53,27 Sep 2025,,1la9af0q274nmzgcyme30rcwk,Chris Kavanagh,Crystal Palace FC,Liverpool FC,R. Gravenberch,0,0,0,1,0,4,0,0,77,0,0,2,1,1,0
53,27 Sep 2025,,1la9af0q274nmzgcyme30rcwk,Chris Kavanagh,Crystal Palace FC,Liverpool FC,Alisson Becker,0,0,0,0,0,1,0,0,44,0,5,0,0,0,0
53,27 Sep 2025,,1la9af0q274nmzgcyme30rcwk,Chris Kavanagh,Crystal Palace FC,Liverpool FC,F. Wirtz,0,1,1,0,1,0,0,0,44,0,0,2,1,0,0
53,27 Sep 2025,,1la9af0q274nmzgcyme30rcwk,Chris Kavanagh,Crystal Palace FC,Liverpool FC,Mohamed Salah,0,1,1,1,1,0,0,1,24,0,0,3,1,0,0
53,27 Sep 2025,,1la9af0q274nmzgcyme30rcwk,Chris Kavanagh,Crystal Palace FC,Liverpool FC,C. Gakpo,0,1,0,2,0,0,0,0,15,0,0,3,0,0,0
53,27 Sep 2025,,1la9af0q274nmzgcyme30rcwk,Chris Kavanagh,Crystal Palace FC,Liverpool FC,C. Jones,0,0,0,2,0,0,0,0,31,0,0,1,0,0,0
53,27 Sep 2025,,1la9af0q274nmzgcyme30rcwk,Chris Kavanagh,Crystal Palace FC,Liverpool FC,J. Frimpong,0,0,0,1,1,0,0,0,15,0,0,0,0,1,0
53,27 Sep 2025,,1la9af0q274nmzgcyme30rcwk,Chris Kavanagh,Crystal Palace FC,Liverpool FC,F. Chiesa,0,0,0,0,1,0,1,0,7,0,0,2,1,0,1
53,27 Sep 2025,,1la9af0q274nmzgcyme30rcwk,Chris Kavanagh,Crystal Palace FC,Liverpool FC,R. Ngumoha,0,0,0,0,0,1,0,0,2,0,0,0,0,1,0
54,29 Sep 2025,,1lokw5qi9ag7bgvg102gj21as,Samuel Barrott,Everton FC,West Ham United FC,J. Garner,1,1,1,5,0,1,0,0,60,0,0,5,3,2,0
54,29 Sep 2025,,1lokw5qi9ag7bgvg102gj21as,Samuel Barrott,Everton FC,West Ham United FC,J. Pickford,0,0,0,0,0,0,0,0,31,0,2,0,0,1,0
54,29 Sep 2025,,1lokw5qi9ag7bgvg102gj21as,Samuel Barrott,Everton FC,West Ham United FC,Beto,0,0,0,0,1,1,0,0,5,0,0,1,1,1,0
54,29 Sep 2025,,1lokw5qi9ag7bgvg102gj21as,Samuel Barrott,Everton FC,West Ham United FC,I. Ndiaye,0,0,0,2,0,1,0,0,33,0,0,1,1,1,0
54,29 Sep 2025,,1lokw5qi9ag7bgvg102gj21as,Samuel Barrott,Everton FC,West Ham United FC,J. O'Brien,0,1,1,1,1,1,0,0,33,0,0,1,0,2,0
54,29 Sep 2025,,1lokw5qi9ag7bgvg102gj21as,Samuel Barrott,Everton FC,West Ham United FC,K. Dewsbury-Hall,0,1,1,7,2,2,0,0,36,0,0,2,0,0,1
54,29 Sep 2025,,1lokw5qi9ag7bgvg102gj21as,Samuel Barrott,Everton FC,West Ham United FC,M. Keane,0,0,0,1,1,1,1,0,51,0,0,1,1,1,0
54,29 Sep 2025,,1lokw5qi9ag7bgvg102gj21as,Samuel Barrott,Everton FC,West Ham United FC,V. Mykolenko,0,0,0,4,0,2,0,0,45,0,0,0,0,0,1
54,29 Sep 2025,,1lokw5qi9ag7bgvg102gj21as,Samuel Barrott,Everton FC,West Ham United FC,J. Tarkowski,0,0,0,1,2,0,0,0,44,0,0,0,0,0,1
54,29 Sep 2025,,1lokw5qi9ag7bgvg102gj21as,Samuel Barrott,Everton FC,West Ham United FC,J. Grealish,0,0,0,1,0,5,0,0,39,0,0,0,0,1,0
54,29 Sep 2025,,1lokw5qi9ag7bgvg102gj21as,Samuel Barrott,Everton FC,West Ham United FC,I. Gueye,0,0,0,0,0,0,0,0,64,0,0,1,0,1,0
54,29 Sep 2025,,1lokw5qi9ag7bgvg102gj21as,Samuel Barrott,Everton FC,West Ham United FC,T. Barry,0,0,0,0,0,0,0,0,3,0,0,0,0,0,0
54,29 Sep 2025,,1lokw5qi9ag7bgvg102gj21as,Samuel Barrott,Everton FC,West Ham United FC,T. Dibling,0,0,0,0,0,2,0,0,3,0,0,0,0,1,0
54,29 Sep 2025,,1lokw5qi9ag7bgvg102gj21as,Samuel Barrott,Everton FC,West Ham United FC,Lucas Paquetá,0,1,0,7,1,1,0,0,49,0,0,1,0,2,0
54,29 Sep 2025,,1lokw5qi9ag7bgvg102gj21as,Samuel Barrott,Everton FC,West Ham United FC,C. Summerville,0,1,2,2,0,2,0,1,29,0,0,3,1,0,0
54,29 Sep 2025,,1lokw5qi9ag7bgvg102gj21as,Samuel Barrott,Everton FC,West Ham United FC,S. Magassa,0,0,0,0,2,1,0,0,32,0,0,0,0,2,1
54,29 Sep 2025,,1lokw5qi9ag7bgvg102gj21as,Samuel Barrott,Everton FC,West Ham United FC,E. Diouf,0,0,1,4,3,0,0,0,41,0,0,1,0,1,0
54,29 Sep 2025,,1lokw5qi9ag7bgvg102gj21as,Samuel Barrott,Everton FC,West Ham United FC,M. Kilman,0,0,0,0,1,0,0,0,28,0,0,0,0,3,1
54,29 Sep 2025,,1lokw5qi9ag7bgvg102gj21as,Samuel Barrott,Everton FC,West Ham United FC,A. Areola,0,0,0,0,0,0,0,0,31,0,5,0,0,0,0
54,29 Sep 2025,,1lokw5qi9ag7bgvg102gj21as,Samuel Barrott,Everton FC,West Ham United FC,K. Mavropanos,0,1,0,0,1,1,0,0,51,0,0,2,0,1,1
54,29 Sep 2025,,1lokw5qi9ag7bgvg102gj21as,Samuel Barrott,Everton FC,West Ham United FC,K. Walker-Peters,0,0,0,1,3,1,0,0,44,0,0,0,0,2,1
54,29 Sep 2025,,1lokw5qi9ag7bgvg102gj21as,Samuel Barrott,Everton FC,West Ham United FC,N. Füllkrug,0,0,0,0,1,0,0,1,23,0,0,2,1,1,0
54,29 Sep 2025,,1lokw5qi9ag7bgvg102gj21as,Samuel Barrott,Everton FC,West Ham United FC,Mateus Fernandes,0,1,0,0,3,0,0,0,43,0,0,2,0,2,0
54,29 Sep 2025,,1lokw5qi9ag7bgvg102gj21as,Samuel Barrott,Everton FC,West Ham United FC,J. Bowen,0,2,1,4,1,1,1,0,21,0,0,3,1,0,0
54,29 Sep 2025,,1lokw5qi9ag7bgvg102gj21as,Samuel Barrott,Everton FC,West Ham United FC,F. Potts,0,0,0,0,0,0,0,0,18,0,0,0,0,2,0
54,29 Sep 2025,,1lokw5qi9ag7bgvg102gj21as,Samuel Barrott,Everton FC,West Ham United FC,Luis Guilherme,0,0,1,0,0,0,0,0,5,0,0,0,0,0,0
54,29 Sep 2025,,1lokw5qi9ag7bgvg102gj21as,Samuel Barrott,Everton FC,West Ham United FC,A. Irving,0,0,0,0,0,0,0,0,1,0,0,0,0,0,0
54,29 Sep 2025,,1lokw5qi9ag7bgvg102gj21as,Samuel Barrott,Everton FC,West Ham United FC,Igor Julio dos Santos de Paulo,0,0,0,0,0,0,0,0,0,0,0,0,0,0,0
55,27 Sep 2025,,1m2q53bt7g2w2nzxpt8zwvklw,Michael Oliver,Leeds United FC,AFC Bournemouth,S. Longstaff,1,0,0,9,0,2,1,0,41,0,0,2,1,6,0
55,27 Sep 2025,,1m2q53bt7g2w2nzxpt8zwvklw,Michael Oliver,Leeds United FC,AFC Bournemouth,E. Ampadu,0,0,0,0,3,1,0,0,55,0,0,0,0,1,1
55,27 Sep 2025,,1m2q53bt7g2w2nzxpt8zwvklw,Michael Oliver,Leeds United FC,AFC Bournemouth,J. Bogle,0,0,3,2,0,1,0,0,24,0,0,0,0,5,0
55,27 Sep 2025,,1m2q53bt7g2w2nzxpt8zwvklw,Michael Oliver,Leeds United FC,AFC Bournemouth,B. Aaronson,0,3,1,1,1,4,0,0,17,0,0,5,1,2,1
55,27 Sep 2025,,1m2q53bt7g2w2nzxpt8zwvklw,Michael Oliver,Leeds United FC,AFC Bournemouth,D. Calvert-Lewin,0,0,1,0,2,0,0,0,20,0,0,3,3,1,0
55,27 Sep 2025,,1m2q53bt7g2w2nzxpt8zwvklw,Michael Oliver,Leeds United FC,AFC Bournemouth,J. Rodon,0,1,1,0,0,0,1,0,22,0,0,4,2,2,0
55,27 Sep 2025,,1m2q53bt7g2w2nzxpt8zwvklw,Michael Oliver,Leeds United FC,AFC Bournemouth,K. Darlow,0,0,0,0,0,1,0,0,48,0,3,0,0,0,0
55,27 Sep 2025,,1m2q53bt7g2w2nzxpt8zwvklw,Michael Oliver,Leeds United FC,AFC Bournemouth,P. Struijk,0,0,0,0,0,1,0,0,50,0,0,1,0,0,0
55,27 Sep 2025,,1m2q53bt7g2w2nzxpt8zwvklw,Michael Oliver,Leeds United FC,AFC Bournemouth,N. Okafor,0,2,1,2,1,0,0,0,11,0,0,2,0,2,0
55,27 Sep 2025,,1m2q53bt7g2w2nzxpt8zwvklw,Michael Oliver,Leeds United FC,AFC Bournemouth,A. Stach,0,0,0,0,1,0,0,0,33,0,0,0,0,2,0
55,27 Sep 2025,,1m2q53bt7g2w2nzxpt8zwvklw,Michael Oliver,Leeds United FC,AFC Bournemouth,G. Gudmundsson,0,0,0,2,3,3,0,0,28,0,0,0,0,4,0
55,27 Sep 2025,,1m2q53bt7g2w2nzxpt8zwvklw,Michael Oliver,Leeds United FC,AFC Bournemouth,J. Harrison,0,0,0,0,0,0,0,0,6,0,0,2,1,1,0
55,27 Sep 2025,,1m2q53bt7g2w2nzxpt8zwvklw,Michael Oliver,Leeds United FC,AFC Bournemouth,A. Tanaka,0,0,0,0,1,0,0,0,1,0,0,0,0,1,0
55,27 Sep 2025,,1m2q53bt7g2w2nzxpt8zwvklw,Michael Oliver,Leeds United FC,AFC Bournemouth,L. Nmecha,0,0,0,0,0,0,0,0,1,0,0,0,0,0,0
55,27 Sep 2025,,1m2q53bt7g2w2nzxpt8zwvklw,Michael Oliver,Leeds United FC,AFC Bournemouth,Đ. Petrović,0,0,0,0,0,0,0,0,21,0,6,0,0,0,0
55,27 Sep 2025,,1m2q53bt7g2w2nzxpt8zwvklw,Michael Oliver,Leeds United FC,AFC Bournemouth,A. Truffert,0,0,1,7,0,1,0,0,52,0,0,0,0,5,0
55,27 Sep 2025,,1m2q53bt7g2w2nzxpt8zwvklw,Michael Oliver,Leeds United FC,AFC Bournemouth,R. Christie,0,0,1,2,2,1,0,0,27,0,0,2,0,1,0
55,27 Sep 2025,,1m2q53bt7g2w2nzxpt8zwvklw,Michael Oliver,Leeds United FC,AFC Bournemouth,Álex Jiménez,0,0,0,1,1,0,0,0,41,0,0,0,0,4,1
55,27 Sep 2025,,1m2q53bt7g2w2nzxpt8zwvklw,Michael Oliver,Leeds United FC,AFC Bournemouth,Evanilson,0,0,0,0,1,1,0,1,12,0,0,1,0,0,0
55,27 Sep 2025,,1m2q53bt7g2w2nzxpt8zwvklw,Michael Oliver,Leeds United FC,AFC Bournemouth,A. Adli,0,0,0,1,1,3,0,0,24,0,0,1,1,2,0
55,27 Sep 2025,,1m2q53bt7g2w2nzxpt8zwvklw,Michael Oliver,Leeds United FC,AFC Bournemouth,A. Semenyo,0,0,0,1,5,0,1,1,23,0,0,1,1,2,0
55,27 Sep 2025,,1m2q53bt7g2w2nzxpt8zwvklw,Michael Oliver,Leeds United FC,AFC Bournemouth,M. Senesi,1,0,0,2,1,2,0,0,91,0,0,0,0,3,0
55,27 Sep 2025,,1m2q53bt7g2w2nzxpt8zwvklw,Michael Oliver,Leeds United FC,AFC Bournemouth,B. Diakité,0,0,0,0,1,0,0,0,66,0,0,0,0,1,0
55,27 Sep 2025,,1m2q53bt7g2w2nzxpt8zwvklw,Michael Oliver,Leeds United FC,AFC Bournemouth,T. Adams,0,1,0,0,0,1,0,0,54,0,0,1,0,4,0
55,27 Sep 2025,,1m2q53bt7g2w2nzxpt8zwvklw,Michael Oliver,Leeds United FC,AFC Bournemouth,J. Kluivert,0,0,0,3,0,1,0,0,19,0,0,0,0,0,0
55,27 Sep 2025,,1m2q53bt7g2w2nzxpt8zwvklw,Michael Oliver,Leeds United FC,AFC Bournemouth,A. Scott,0,0,0,3,0,1,0,0,20,0,0,0,0,0,0
55,27 Sep 2025,,1m2q53bt7g2w2nzxpt8zwvklw,Michael Oliver,Leeds United FC,AFC Bournemouth,D. Brooks,0,0,0,0,0,0,0,0,28,0,0,2,1,0,0
55,27 Sep 2025,,1m2q53bt7g2w2nzxpt8zwvklw,Michael Oliver,Leeds United FC,AFC Bournemouth,M. Tavernier,0,0,0,1,1,0,0,0,18,0,0,0,0,1,0
55,27 Sep 2025,,1m2q53bt7g2w2nzxpt8zwvklw,Michael Oliver,Leeds United FC,AFC Bournemouth,B. Gannon-Doak,0,1,2,0,0,0,0,0,7,0,0,1,0,0,0
55,27 Sep 2025,,1m2q53bt7g2w2nzxpt8zwvklw,Michael Oliver,Leeds United FC,AFC Bournemouth,J. Kroupi,0,1,0,0,0,0,1,0,6,0,0,3,2,0,1
56,27 Sep 2025,,1mgz1t6rbrx41ljreydpdy39w,Robert Jones,Manchester City FC,Burnley FC,N. O'Reilly,0,1,2,2,1,0,0,0,50,0,0,1,0,4,0
56,27 Sep 2025,,1mgz1t6rbrx41ljreydpdy39w,Robert Jones,Manchester City FC,Burnley FC,J. Gvardiol,0,2,0,1,0,0,0,0,74,0,0,2,0,0,0
56,27 Sep 2025,,1mgz1t6rbrx41ljreydpdy39w,Robert Jones,Manchester City FC,Burnley FC,P. Foden,0,0,1,11,1,1,0,0,63,0,0,0,0,0,1
56,27 Sep 2025,,1mgz1t6rbrx41ljreydpdy39w,Robert Jones,Manchester City FC,Burnley FC,Matheus Nunes,0,0,1,1,1,0,1,0,86,0,0,2,1,0,0
56,27 Sep 2025,,1mgz1t6rbrx41ljreydpdy39w,Robert Jones,Manchester City FC,Burnley FC,Nico González,0,1,1,0,0,1,0,0,85,0,0,1,0,1,0
56,27 Sep 2025,,1mgz1t6rbrx41ljreydpdy39w,Robert Jones,Manchester City FC,Burnley FC,J. Doku,1,0,2,5,1,2,0,0,42,0,0,3,3,1,0
56,27 Sep 2025,,1mgz1t6rbrx41ljreydpdy39w,Robert Jones,Manchester City FC,Burnley FC,T. Reijnders,0,1,0,1,0,0,0,0,57,0,0,3,1,1,0
56,27 Sep 2025,,1mgz1t6rbrx41ljreydpdy39w,Robert Jones,Manchester City FC,Burnley FC,G. Donnarumma,0,0,0,0,0,0,0,0,17,0,1,0,0,0,0
56,27 Sep 2025,,1mgz1t6rbrx41ljreydpdy39w,Robert Jones,Manchester City FC,Burnley FC,Rúben Dias,0,0,0,0,1,1,0,0,86,0,0,0,0,1,0
56,27 Sep 2025,,1mgz1t6rbrx41ljreydpdy39w,Robert Jones,Manchester City FC,Burnley FC,Savinho,0,0,0,1,0,2,0,1,22,0,0,1,0,0,0
56,27 Sep 2025,,1mgz1t6rbrx41ljreydpdy39w,Robert Jones,Manchester City FC,Burnley FC,E. Haaland,1,1,3,0,0,0,2,0,12,0,0,7,3,0,0
56,27 Sep 2025,,1mgz1t6rbrx41ljreydpdy39w,Robert Jones,Manchester City FC,Burnley FC,O. Bobb,0,0,0,1,0,0,0,0,15,0,0,0,0,0,0
56,27 Sep 2025,,1mgz1t6rbrx41ljreydpdy39w,Robert Jones,Manchester City FC,Burnley FC,N. Aké,0,0,0,0,0,0,0,0,16,0,0,1,0,0,0
56,27 Sep 2025,,1mgz1t6rbrx41ljreydpdy39w,Robert Jones,Manchester City FC,Burnley FC,Bernardo Silva,0,0,0,0,0,0,0,0,8,0,0,0,0,0,0
56,27 Sep 2025,,1mgz1t6rbrx41ljreydpdy39w,Robert Jones,Manchester City FC,Burnley FC,R. Lewis,0,0,0,0,0,0,0,0,5,0,0,0,0,0,0
56,27 Sep 2025,,1mgz1t6rbrx41ljreydpdy39w,Robert Jones,Manchester City FC,Burnley FC,J. Anthony,0,0,0,3,1,2,1,0,23,0,0,1,1,2,1
56,27 Sep 2025,,1mgz1t6rbrx41ljreydpdy39w,Robert Jones,Manchester City FC,Burnley FC,M. Dúbravka,0,0,0,0,0,0,0,0,32,0,5,0,0,0,0
56,27 Sep 2025,,1mgz1t6rbrx41ljreydpdy39w,Robert Jones,Manchester City FC,Burnley FC,K. Walker,0,1,1,2,1,0,0,0,38,0,0,1,0,1,1
56,27 Sep 2025,,1mgz1t6rbrx41ljreydpdy39w,Robert Jones,Manchester City FC,Burnley FC,H. Ekdal,0,0,0,0,0,0,0,0,26,0,0,0,0,3,0
56,27 Sep 2025,,1mgz1t6rbrx41ljreydpdy39w,Robert Jones,Manchester City FC,Burnley FC,J. Laurent,0,1,0,0,0,1,0,0,25,0,0,1,0,0,0
56,27 Sep 2025,,1mgz1t6rbrx41ljreydpdy39w,Robert Jones,Manchester City FC,Burnley FC,J. Cullen,0,0,0,1,1,0,0,0,33,0,0,0,0,0,0
56,27 Sep 2025,,1mgz1t6rbrx41ljreydpdy39w,Robert Jones,Manchester City FC,Burnley FC,Florentino,0,0,0,0,2,0,0,0,28,0,0,0,0,6,0
56,27 Sep 2025,,1mgz1t6rbrx41ljreydpdy39w,Robert Jones,Manchester City FC,Burnley FC,Q. Hartman,1,0,0,0,1,0,0,0,28,0,0,1,1,2,1
56,27 Sep 2025,,1mgz1t6rbrx41ljreydpdy39w,Robert Jones,Manchester City FC,Burnley FC,M. Estève,0,0,0,0,0,0,0,0,28,0,0,1,0,4,0
56,27 Sep 2025,,1mgz1t6rbrx41ljreydpdy39w,Robert Jones,Manchester City FC,Burnley FC,L. Foster,0,2,1,1,1,0,0,0,11,0,0,3,0,0,0
56,27 Sep 2025,,1mgz1t6rbrx41ljreydpdy39w,Robert Jones,Manchester City FC,Burnley FC,L. Tchaouna,0,1,0,0,0,1,0,0,10,0,0,1,0,2,0
56,27 Sep 2025,,1mgz1t6rbrx41ljreydpdy39w,Robert Jones,Manchester City FC,Burnley FC,J. Bruun Larsen,0,0,0,0,0,0,0,1,5,0,0,0,0,0,0
56,27 Sep 2025,,1mgz1t6rbrx41ljreydpdy39w,Robert Jones,Manchester City FC,Burnley FC,A. Broja,0,0,0,0,0,0,0,0,3,0,0,0,0,0,0
56,27 Sep 2025,,1mgz1t6rbrx41ljreydpdy39w,Robert Jones,Manchester City FC,Burnley FC,L. Ugochukwu,0,0,0,0,0,1,0,0,2,0,0,0,0,0,0
56,27 Sep 2025,,1mgz1t6rbrx41ljreydpdy39w,Robert Jones,Manchester City FC,Burnley FC,H. Mejbri,0,0,0,0,0,0,0,0,1,0,0,0,0,0,0
56,27 Sep 2025,,1mgz1t6rbrx41ljreydpdy39w,Robert Jones,Manchester City FC,Burnley FC,B. Humphreys,0,0,0,0,0,0,0,0,2,0,0,0,0,0,0
57,28 Sep 2025,,1mv5kukvh2gold9lzbfle86qc,Jarred Gillett,Newcastle United FC,Arsenal FC,S. Botman,0,0,0,0,0,0,0,0,43,0,0,0,0,0,0
57,28 Sep 2025,,1mv5kukvh2gold9lzbfle86qc,Jarred Gillett,Newcastle United FC,Arsenal FC,M. Thiaw,0,1,1,0,0,0,0,0,23,0,0,2,1,1,0
57,28 Sep 2025,,1mv5kukvh2gold9lzbfle86qc,Jarred Gillett,Newcastle United FC,Arsenal FC,T. Livramento,0,0,1,1,0,2,0,0,17,0,0,0,0,0,0
57,28 Sep 2025,,1mv5kukvh2gold9lzbfle86qc,Jarred Gillett,Newcastle United FC,Arsenal FC,N. Pope,0,0,0,0,0,0,0,0,29,0,5,0,0,1,0
57,28 Sep 2025,,1mv5kukvh2gold9lzbfle86qc,Jarred Gillett,Newcastle United FC,Arsenal FC,A. Gordon,0,0,1,1,0,2,0,0,15,0,0,1,1,3,0
57,28 Sep 2025,,1mv5kukvh2gold9lzbfle86qc,Jarred Gillett,Newcastle United FC,Arsenal FC,Joelinton,0,0,0,0,2,0,0,0,32,0,0,1,0,1,1
57,28 Sep 2025,,1mv5kukvh2gold9lzbfle86qc,Jarred Gillett,Newcastle United FC,Arsenal FC,S. Tonali,1,0,0,8,0,0,0,0,27,0,0,0,0,2,0
57,28 Sep 2025,,1mv5kukvh2gold9lzbfle86qc,Jarred Gillett,Newcastle United FC,Arsenal FC,Bruno Guimarães,0,0,0,0,1,3,0,0,26,0,0,0,0,2,0
57,28 Sep 2025,,1mv5kukvh2gold9lzbfle86qc,Jarred Gillett,Newcastle United FC,Arsenal FC,N. Woltemade,0,0,0,0,0,0,1,0,10,0,0,1,1,0,0
57,28 Sep 2025,,1mv5kukvh2gold9lzbfle86qc,Jarred Gillett,Newcastle United FC,Arsenal FC,D. Burn,0,0,1,1,3,0,0,0,31,0,0,0,0,2,1
57,28 Sep 2025,,1mv5kukvh2gold9lzbfle86qc,Jarred Gillett,Newcastle United FC,Arsenal FC,J. Murphy,0,1,3,3,0,0,0,1,7,0,0,1,0,0,0
57,28 Sep 2025,,1mv5kukvh2gold9lzbfle86qc,Jarred Gillett,Newcastle United FC,Arsenal FC,K. Trippier,0,0,0,0,0,0,0,0,8,0,0,0,0,0,0
57,28 Sep 2025,,1mv5kukvh2gold9lzbfle86qc,Jarred Gillett,Newcastle United FC,Arsenal FC,A. Elanga,0,1,0,1,0,1,0,0,4,0,0,1,0,0,0
57,28 Sep 2025,,1mv5kukvh2gold9lzbfle86qc,Jarred Gillett,Newcastle United FC,Arsenal FC,W. Osula,0,0,0,0,2,0,0,0,1,0,0,0,0,0,0
57,28 Sep 2025,,1mv5kukvh2gold9lzbfle86qc,Jarred Gillett,Newcastle United FC,Arsenal FC,J. Lascelles,0,1,0,0,0,0,0,0,6,0,0,1,0,0,0
57,28 Sep 2025,,1mv5kukvh2gold9lzbfle86qc,Jarred Gillett,Newcastle United FC,Arsenal FC,H. Barnes,0,0,0,0,0,0,0,0,0,0,0,0,0,0,0
57,28 Sep 2025,,1mv5kukvh2gold9lzbfle86qc,Jarred Gillett,Newcastle United FC,Arsenal FC,E. Eze,0,1,1,0,1,0,0,0,35,0,0,4,2,0,0
57,28 Sep 2025,,1mv5kukvh2gold9lzbfle86qc,Jarred Gillett,Newcastle United FC,Arsenal FC,David Raya,0,0,0,0,0,0,0,0,31,0,2,0,0,0,0
57,28 Sep 2025,,1mv5kukvh2gold9lzbfle86qc,Jarred Gillett,Newcastle United FC,Arsenal FC,V. Gyökeres,0,3,4,0,0,0,0,0,13,0,0,6,1,1,0
57,28 Sep 2025,,1mv5kukvh2gold9lzbfle86qc,Jarred Gillett,Newcastle United FC,Arsenal FC,R. Calafiori,0,0,0,1,1,0,0,0,27,0,0,2,0,0,1
57,28 Sep 2025,,1mv5kukvh2gold9lzbfle86qc,Jarred Gillett,Newcastle United FC,Arsenal FC,Gabriel Magalhães,0,0,0,0,0,1,1,0,60,0,0,1,1,3,0
57,28 Sep 2025,,1mv5kukvh2gold9lzbfle86qc,Jarred Gillett,Newcastle United FC,Arsenal FC,Cristhian Mosquera,0,0,0,0,0,0,0,0,24,0,0,0,0,0,0
57,28 Sep 2025,,1mv5kukvh2gold9lzbfle86qc,Jarred Gillett,Newcastle United FC,Arsenal FC,J. Timber,0,0,2,3,1,1,0,0,36,0,0,2,1,2,0
57,28 Sep 2025,,1mv5kukvh2gold9lzbfle86qc,Jarred Gillett,Newcastle United FC,Arsenal FC,B. Saka,0,1,2,5,2,2,0,0,28,0,0,2,1,0,0
57,28 Sep 2025,,1mv5kukvh2gold9lzbfle86qc,Jarred Gillett,Newcastle United FC,Arsenal FC,D. Rice,1,0,2,10,1,0,0,0,85,0,0,0,0,3,0
57,28 Sep 2025,,1mv5kukvh2gold9lzbfle86qc,Jarred Gillett,Newcastle United FC,Arsenal FC,L. Trossard,0,0,0,2,0,1,0,0,27,0,0,1,0,0,0
57,28 Sep 2025,,1mv5kukvh2gold9lzbfle86qc,Jarred Gillett,Newcastle United FC,Arsenal FC,Martín Zubimendi,0,0,0,0,0,0,0,0,60,0,0,0,0,3,0
57,28 Sep 2025,,1mv5kukvh2gold9lzbfle86qc,Jarred Gillett,Newcastle United FC,Arsenal FC,W. Saliba,0,0,0,0,1,1,0,0,36,0,0,0,0,0,0
57,28 Sep 2025,,1mv5kukvh2gold9lzbfle86qc,Jarred Gillett,Newcastle United FC,Arsenal FC,Mikel Merino,0,0,0,1,1,1,1,0,4,0,0,1,1,1,0
57,28 Sep 2025,,1mv5kukvh2gold9lzbfle86qc,Jarred Gillett,Newcastle United FC,Arsenal FC,Gabriel Martinelli,0,1,0,0,0,1,0,0,3,0,0,1,0,0,0
57,28 Sep 2025,,1mv5kukvh2gold9lzbfle86qc,Jarred Gillett,Newcastle United FC,Arsenal FC,M. Ødegaard,1,0,0,1,0,0,0,0,19,0,0,0,0,0,0
57,28 Sep 2025,,1mv5kukvh2gold9lzbfle86qc,Jarred Gillett,Newcastle United FC,Arsenal FC,M. Lewis-Skelly,0,0,1,0,1,0,0,0,7,0,0,0,0,0,0
58,27 Sep 2025,,1n9usxk22sgbn7zion4t4q8lw,Tony Harrington,Nottingham Forest FC,Sunderland AFC,Morato,0,0,0,0,0,0,0,0,74,0,0,1,0,1,0
58,27 Sep 2025,,1n9usxk22sgbn7zion4t4q8lw,Tony Harrington,Nottingham Forest FC,Sunderland AFC,E. Anderson,0,1,1,2,2,2,0,0,78,0,0,4,1,4,1
58,27 Sep 2025,,1n9usxk22sgbn7zion4t4q8lw,Tony Harrington,Nottingham Forest FC,Sunderland AFC,N. Domínguez,0,0,0,0,2,0,0,0,38,0,0,0,0,2,1
58,27 Sep 2025,,1n9usxk22sgbn7zion4t4q8lw,Tony Harrington,Nottingham Forest FC,Sunderland AFC,O. Zinchenko,0,0,0,2,0,1,0,0,58,0,0,0,0,3,0
58,27 Sep 2025,,1n9usxk22sgbn7zion4t4q8lw,Tony Harrington,Nottingham Forest FC,Sunderland AFC,N. Milenković,0,0,0,0,0,0,0,0,79,0,0,1,0,0,1
58,27 Sep 2025,,1n9usxk22sgbn7zion4t4q8lw,Tony Harrington,Nottingham Forest FC,Sunderland AFC,J. McAtee,0,1,0,3,1,1,0,0,25,0,0,1,0,1,0
58,27 Sep 2025,,1n9usxk22sgbn7zion4t4q8lw,Tony Harrington,Nottingham Forest FC,Sunderland AFC,D. Bakwa,0,0,0,7,1,1,0,0,36,0,0,1,1,0,0
58,27 Sep 2025,,1n9usxk22sgbn7zion4t4q8lw,Tony Harrington,Nottingham Forest FC,Sunderland AFC,M. Sels,0,0,0,0,0,0,0,0,27,0,2,0,0,0,0
58,27 Sep 2025,,1n9usxk22sgbn7zion4t4q8lw,Tony Harrington,Nottingham Forest FC,Sunderland AFC,C. Wood,0,0,0,1,0,0,0,0,13,0,0,6,1,0,0
58,27 Sep 2025,,1n9usxk22sgbn7zion4t4q8lw,Tony Harrington,Nottingham Forest FC,Sunderland AFC,N. Williams,0,0,2,10,2,1,0,0,46,0,0,0,0,3,1
58,27 Sep 2025,,1n9usxk22sgbn7zion4t4q8lw,Tony Harrington,Nottingham Forest FC,Sunderland AFC,D. Ndoye,0,1,2,2,1,0,0,0,25,0,0,1,0,1,0
58,27 Sep 2025,,1n9usxk22sgbn7zion4t4q8lw,Tony Harrington,Nottingham Forest FC,Sunderland AFC,M. Gibbs-White,0,2,2,0,1,0,0,0,41,0,0,3,0,0,0
58,27 Sep 2025,,1n9usxk22sgbn7zion4t4q8lw,Tony Harrington,Nottingham Forest FC,Sunderland AFC,Igor Jesus,0,1,0,0,0,0,0,0,11,0,0,2,1,0,0
58,27 Sep 2025,,1n9usxk22sgbn7zion4t4q8lw,Tony Harrington,Nottingham Forest FC,Sunderland AFC,C. Hudson-Odoi,0,0,0,8,0,0,0,0,17,0,0,0,0,0,0
58,27 Sep 2025,,1n9usxk22sgbn7zion4t4q8lw,Tony Harrington,Nottingham Forest FC,Sunderland AFC,O. Hutchinson,0,0,0,7,1,0,0,0,8,0,0,2,2,1,0
58,27 Sep 2025,,1n9usxk22sgbn7zion4t4q8lw,Tony Harrington,Nottingham Forest FC,Sunderland AFC,A. Kalimuendo,0,0,0,0,0,0,0,0,2,0,0,0,0,0,0
58,27 Sep 2025,,1n9usxk22sgbn7zion4t4q8lw,Tony Harrington,Nottingham Forest FC,Sunderland AFC,G. Xhaka,1,0,0,3,0,3,0,0,31,0,0,0,0,2,0
58,27 Sep 2025,,1n9usxk22sgbn7zion4t4q8lw,Tony Harrington,Nottingham Forest FC,Sunderland AFC,R. Roefs,0,0,0,0,0,0,0,0,39,0,6,0,0,0,0
58,27 Sep 2025,,1n9usxk22sgbn7zion4t4q8lw,Tony Harrington,Nottingham Forest FC,Sunderland AFC,W. Isidor,0,1,0,0,0,0,0,0,9,0,0,2,0,0,0
58,27 Sep 2025,,1n9usxk22sgbn7zion4t4q8lw,Tony Harrington,Nottingham Forest FC,Sunderland AFC,N. Mukiele,0,0,1,1,1,0,0,0,45,0,0,0,0,1,0
58,27 Sep 2025,,1n9usxk22sgbn7zion4t4q8lw,Tony Harrington,Nottingham Forest FC,Sunderland AFC,C. Rigg,0,0,0,0,1,0,0,0,13,0,0,1,0,1,0
58,27 Sep 2025,,1n9usxk22sgbn7zion4t4q8lw,Tony Harrington,Nottingham Forest FC,Sunderland AFC,A. Masuaku,0,1,0,4,2,0,0,0,24,0,0,1,0,2,1
58,27 Sep 2025,,1n9usxk22sgbn7zion4t4q8lw,Tony Harrington,Nottingham Forest FC,Sunderland AFC,E. Le Fée,0,0,0,1,0,1,0,0,20,0,0,0,0,1,0
58,27 Sep 2025,,1n9usxk22sgbn7zion4t4q8lw,Tony Harrington,Nottingham Forest FC,Sunderland AFC,O. Alderete,0,0,0,0,0,0,1,0,33,0,0,1,1,0,0
58,27 Sep 2025,,1n9usxk22sgbn7zion4t4q8lw,Tony Harrington,Nottingham Forest FC,Sunderland AFC,T. Hume,0,0,1,2,1,1,0,0,30,0,0,1,0,0,0
58,27 Sep 2025,,1n9usxk22sgbn7zion4t4q8lw,Tony Harrington,Nottingham Forest FC,Sunderland AFC,C. Talbi,0,0,1,4,0,0,0,0,18,0,0,1,0,2,0
58,27 Sep 2025,,1n9usxk22sgbn7zion4t4q8lw,Tony Harrington,Nottingham Forest FC,Sunderland AFC,N. Sadiki,0,1,0,3,1,5,0,0,31,0,0,1,0,0,1
58,27 Sep 2025,,1n9usxk22sgbn7zion4t4q8lw,Tony Harrington,Nottingham Forest FC,Sunderland AFC,L. Geertruida,0,0,0,0,0,0,0,0,11,0,0,1,1,0,0
58,27 Sep 2025,,1n9usxk22sgbn7zion4t4q8lw,Tony Harrington,Nottingham Forest FC,Sunderland AFC,B. Traoré,0,0,0,0,0,0,0,0,8,0,0,1,1,1,0
58,27 Sep 2025,,1n9usxk22sgbn7zion4t4q8lw,Tony Harrington,Nottingham Forest FC,Sunderland AFC,D. Ballard,0,0,0,0,0,0,0,0,1,0,0,1,0,0,0
58,27 Sep 2025,,1n9usxk22sgbn7zion4t4q8lw,Tony Harrington,Nottingham Forest FC,Sunderland AFC,S. Adingra,0,0,1,1,0,0,0,0,2,0,0,0,0,0,0
58,27 Sep 2025,,1n9usxk22sgbn7zion4t4q8lw,Tony Harrington,Nottingham Forest FC,Sunderland AFC,B. Brobbey,0,0,0,0,0,0,0,1,3,0,0,0,0,0,0
59,27 Sep 2025,,1npwac7t1uv2raij1gs4hhxqs,Michael Salisbury,Tottenham Hotspur FC,Wolverhampton Wanderers FC,L. Bergvall,0,0,0,2,2,1,0,0,20,0,0,2,0,1,1
59,27 Sep 2025,,1npwac7t1uv2raij1gs4hhxqs,Michael Salisbury,Tottenham Hotspur FC,Wolverhampton Wanderers FC,G. Vicario,0,0,0,0,0,0,0,0,21,0,2,0,0,0,0
59,27 Sep 2025,,1npwac7t1uv2raij1gs4hhxqs,Michael Salisbury,Tottenham Hotspur FC,Wolverhampton Wanderers FC,X. Simons,0,0,3,11,1,2,0,0,28,0,0,0,0,0,1
59,27 Sep 2025,,1npwac7t1uv2raij1gs4hhxqs,Michael Salisbury,Tottenham Hotspur FC,Wolverhampton Wanderers FC,M. van de Ven,0,1,0,0,0,0,0,0,46,0,0,1,0,1,0
59,27 Sep 2025,,1npwac7t1uv2raij1gs4hhxqs,Michael Salisbury,Tottenham Hotspur FC,Wolverhampton Wanderers FC,C. Romero,0,0,0,0,1,1,0,0,52,0,0,1,0,2,0
59,27 Sep 2025,,1npwac7t1uv2raij1gs4hhxqs,Michael Salisbury,Tottenham Hotspur FC,Wolverhampton Wanderers FC,M. Kudus,0,0,2,7,2,0,0,2,22,0,0,2,2,3,0
59,27 Sep 2025,,1npwac7t1uv2raij1gs4hhxqs,Michael Salisbury,Tottenham Hotspur FC,Wolverhampton Wanderers FC,D. Spence,0,0,0,1,1,1,0,0,39,0,0,0,0,0,0
59,27 Sep 2025,,1npwac7t1uv2raij1gs4hhxqs,Michael Salisbury,Tottenham Hotspur FC,Wolverhampton Wanderers FC,R. Bentancur,0,1,0,0,1,0,0,0,43,0,0,1,0,3,0
59,27 Sep 2025,,1npwac7t1uv2raij1gs4hhxqs,Michael Salisbury,Tottenham Hotspur FC,Wolverhampton Wanderers FC,D. Udogie,0,0,4,3,0,2,0,0,42,0,0,0,0,1,0
59,27 Sep 2025,,1npwac7t1uv2raij1gs4hhxqs,Michael Salisbury,Tottenham Hotspur FC,Wolverhampton Wanderers FC,João Palhinha,0,0,0,0,0,2,1,0,32,0,0,2,1,4,1
59,27 Sep 2025,,1npwac7t1uv2raij1gs4hhxqs,Michael Salisbury,Tottenham Hotspur FC,Wolverhampton Wanderers FC,Richarlison,0,0,0,0,0,1,0,0,9,0,0,1,0,0,0
59,27 Sep 2025,,1npwac7t1uv2raij1gs4hhxqs,Michael Salisbury,Tottenham Hotspur FC,Wolverhampton Wanderers FC,Pedro Porro,0,0,0,4,0,0,0,0,21,0,0,0,0,0,0
59,27 Sep 2025,,1npwac7t1uv2raij1gs4hhxqs,Michael Salisbury,Tottenham Hotspur FC,Wolverhampton Wanderers FC,B. Johnson,0,0,1,1,0,0,0,0,7,0,0,0,0,0,0
59,27 Sep 2025,,1npwac7t1uv2raij1gs4hhxqs,Michael Salisbury,Tottenham Hotspur FC,Wolverhampton Wanderers FC,P. Sarr,1,0,0,1,1,0,0,0,7,0,0,0,0,0,0
59,27 Sep 2025,,1npwac7t1uv2raij1gs4hhxqs,Michael Salisbury,Tottenham Hotspur FC,Wolverhampton Wanderers FC,W. Odobert,0,0,0,1,0,0,0,0,7,0,0,0,0,1,0
59,27 Sep 2025,,1npwac7t1uv2raij1gs4hhxqs,Michael Salisbury,Tottenham Hotspur FC,Wolverhampton Wanderers FC,M. Tel,0,0,0,1,0,0,0,0,2,0,0,0,0,1,0
59,27 Sep 2025,,1npwac7t1uv2raij1gs4hhxqs,Michael Salisbury,Tottenham Hotspur FC,Wolverhampton Wanderers FC,J. Arias,0,1,3,8,1,0,0,0,56,0,0,2,0,5,0
59,27 Sep 2025,,1npwac7t1uv2raij1gs4hhxqs,Michael Salisbury,Tottenham Hotspur FC,Wolverhampton Wanderers FC,M. Doherty,0,0,0,0,2,0,0,0,19,0,0,1,0,1,1
59,27 Sep 2025,,1npwac7t1uv2raij1gs4hhxqs,Michael Salisbury,Tottenham Hotspur FC,Wolverhampton Wanderers FC,Hugo Bueno,0,0,2,2,0,0,0,0,37,0,0,1,1,4,0
59,27 Sep 2025,,1npwac7t1uv2raij1gs4hhxqs,Michael Salisbury,Tottenham Hotspur FC,Wolverhampton Wanderers FC,João Gomes,0,0,0,0,3,0,0,0,29,0,0,0,0,2,1
59,27 Sep 2025,,1npwac7t1uv2raij1gs4hhxqs,Michael Salisbury,Tottenham Hotspur FC,Wolverhampton Wanderers FC,M. Munetsi,0,0,0,1,2,2,0,0,19,0,0,0,0,3,0
59,27 Sep 2025,,1npwac7t1uv2raij1gs4hhxqs,Michael Salisbury,Tottenham Hotspur FC,Wolverhampton Wanderers FC,L. Krejčí,0,0,0,0,0,0,0,0,51,0,0,1,1,0,0
59,27 Sep 2025,,1npwac7t1uv2raij1gs4hhxqs,Michael Salisbury,Tottenham Hotspur FC,Wolverhampton Wanderers FC,André,0,0,0,0,1,3,0,0,36,0,0,0,0,3,0
59,27 Sep 2025,,1npwac7t1uv2raij1gs4hhxqs,Michael Salisbury,Tottenham Hotspur FC,Wolverhampton Wanderers FC,S. Bueno,0,0,0,0,1,0,1,0,35,0,0,1,1,8,0
59,27 Sep 2025,,1npwac7t1uv2raij1gs4hhxqs,Michael Salisbury,Tottenham Hotspur FC,Wolverhampton Wanderers FC,Hwang Hee-Chan,0,0,1,0,0,0,0,0,11,0,0,1,0,1,0
59,27 Sep 2025,,1npwac7t1uv2raij1gs4hhxqs,Michael Salisbury,Tottenham Hotspur FC,Wolverhampton Wanderers FC,S. Johnstone,0,0,0,0,0,0,0,0,41,0,2,0,0,0,0
59,27 Sep 2025,,1npwac7t1uv2raij1gs4hhxqs,Michael Salisbury,Tottenham Hotspur FC,Wolverhampton Wanderers FC,J. Strand Larsen,0,0,0,0,1,1,0,0,14,0,0,1,0,0,0
59,27 Sep 2025,,1npwac7t1uv2raij1gs4hhxqs,Michael Salisbury,Tottenham Hotspur FC,Wolverhampton Wanderers FC,J. Tchatchoua,0,0,1,2,0,0,0,0,16,0,0,0,0,2,0
59,27 Sep 2025,,1npwac7t1uv2raij1gs4hhxqs,Michael Salisbury,Tottenham Hotspur FC,Wolverhampton Wanderers FC,E. Agbadou,0,0,0,0,0,0,0,0,17,0,0,0,0,0,0
59,27 Sep 2025,,1npwac7t1uv2raij1gs4hhxqs,Michael Salisbury,Tottenham Hotspur FC,Wolverhampton Wanderers FC,J. Bellegarde,0,0,1,2,0,3,0,0,11,0,0,1,0,2,0
59,27 Sep 2025,,1npwac7t1uv2raij1gs4hhxqs,Michael Salisbury,Tottenham Hotspur FC,Wolverhampton Wanderers FC,T. Arokodare,0,0,1,0,0,0,0,0,2,0,0,0,0,0,0
59,27 Sep 2025,,1npwac7t1uv2raij1gs4hhxqs,Michael Salisbury,Tottenham Hotspur FC,Wolverhampton Wanderers FC,Tote António Gomes,0,0,0,0,0,0,0,0,0,0,0,0,0,0,0
60,3 Oct 2025,,1o40goci4ply97jh7uhh3zq50,Simon Hooper,AFC Bournemouth,Fulham FC,Evanilson,0,0,0,0,1,2,0,1,14,0,0,2,1,0,0
60,3 Oct 2025,,1o40goci4ply97jh7uhh3zq50,Simon Hooper,AFC Bournemouth,Fulham FC,A. Scott,0,3,1,4,0,2,0,0,68,0,0,3,0,2,0
60,3 Oct 2025,,1o40goci4ply97jh7uhh3zq50,Simon Hooper,AFC Bournemouth,Fulham FC,J. Hill,0,0,1,3,0,0,0,0,39,0,0,0,0,2,0
60,3 Oct 2025,,1o40goci4ply97jh7uhh3zq50,Simon Hooper,AFC Bournemouth,Fulham FC,B. Diakité,0,0,0,0,0,1,0,0,65,0,0,0,0,0,0
60,3 Oct 2025,,1o40goci4ply97jh7uhh3zq50,Simon Hooper,AFC Bournemouth,Fulham FC,D. Brooks,0,0,1,6,1,1,0,0,36,0,0,0,0,0,0
60,3 Oct 2025,,1o40goci4ply97jh7uhh3zq50,Simon Hooper,AFC Bournemouth,Fulham FC,M. Senesi,0,0,0,1,1,1,0,0,68,0,0,0,0,0,0
60,3 Oct 2025,,1o40goci4ply97jh7uhh3zq50,Simon Hooper,AFC Bournemouth,Fulham FC,A. Truffert,1,0,0,6,0,1,0,0,55,0,0,1,0,1,0
60,3 Oct 2025,,1o40goci4ply97jh7uhh3zq50,Simon Hooper,AFC Bournemouth,Fulham FC,M. Tavernier,0,0,0,0,2,0,0,1,26,0,0,0,0,0,0
60,3 Oct 2025,,1o40goci4ply97jh7uhh3zq50,Simon Hooper,AFC Bournemouth,Fulham FC,A. Semenyo,1,0,0,4,0,1,2,0,35,0,0,3,3,1,0
60,3 Oct 2025,,1o40goci4ply97jh7uhh3zq50,Simon Hooper,AFC Bournemouth,Fulham FC,T. Adams,0,0,1,0,1,0,0,0,62,0,0,1,1,0,0
60,3 Oct 2025,,1o40goci4ply97jh7uhh3zq50,Simon Hooper,AFC Bournemouth,Fulham FC,Đ. Petrović,0,0,0,0,0,0,0,0,18,0,3,0,0,0,0
60,3 Oct 2025,,1o40goci4ply97jh7uhh3zq50,Simon Hooper,AFC Bournemouth,Fulham FC,Álex Jiménez,0,0,0,0,0,0,0,0,14,0,0,0,0,0,0
60,3 Oct 2025,,1o40goci4ply97jh7uhh3zq50,Simon Hooper,AFC Bournemouth,Fulham FC,J. Kluivert,0,0,0,0,1,0,1,0,17,0,0,1,1,2,0
60,3 Oct 2025,,1o40goci4ply97jh7uhh3zq50,Simon Hooper,AFC Bournemouth,Fulham FC,B. Gannon-Doak,1,0,0,1,0,0,0,0,5,0,0,0,0,1,0
60,3 Oct 2025,,1o40goci4ply97jh7uhh3zq50,Simon Hooper,AFC Bournemouth,Fulham FC,R. Christie,0,0,0,0,1,0,0,0,12,0,0,0,0,1,0
60,3 Oct 2025,,1o40goci4ply97jh7uhh3zq50,Simon Hooper,AFC Bournemouth,Fulham FC,V. Milosavljević,0,0,0,0,0,0,0,0,2,0,0,0,0,0,0
60,3 Oct 2025,,1o40goci4ply97jh7uhh3zq50,Simon Hooper,AFC Bournemouth,Fulham FC,S. Lukić,0,0,0,0,0,0,0,0,1,0,0,0,0,1,0
60,3 Oct 2025,,1o40goci4ply97jh7uhh3zq50,Simon Hooper,AFC Bournemouth,Fulham FC,T. Castagne,0,1,0,1,0,0,0,0,33,0,0,1,0,2,0
60,3 Oct 2025,,1o40goci4ply97jh7uhh3zq50,Simon Hooper,AFC Bournemouth,Fulham FC,J. Andersen,0,0,0,0,1,0,0,0,54,0,0,0,0,1,0
60,3 Oct 2025,,1o40goci4ply97jh7uhh3zq50,Simon Hooper,AFC Bournemouth,Fulham FC,H. Wilson,0,0,0,3,1,0,0,1,25,0,0,1,1,1,0
60,3 Oct 2025,,1o40goci4ply97jh7uhh3zq50,Simon Hooper,AFC Bournemouth,Fulham FC,S. Berge,0,0,0,0,0,0,0,0,48,0,0,0,0,2,0
60,3 Oct 2025,,1o40goci4ply97jh7uhh3zq50,Simon Hooper,AFC Bournemouth,Fulham FC,J. King,0,0,0,0,0,1,0,0,17,0,0,1,0,0,0
60,3 Oct 2025,,1o40goci4ply97jh7uhh3zq50,Simon Hooper,AFC Bournemouth,Fulham FC,B. Leno,0,0,0,0,0,0,0,0,27,0,3,0,0,0,0
60,3 Oct 2025,,1o40goci4ply97jh7uhh3zq50,Simon Hooper,AFC Bournemouth,Fulham FC,I. Diop,0,0,0,1,2,0,0,0,34,0,0,0,0,2,1
60,3 Oct 2025,,1o40goci4ply97jh7uhh3zq50,Simon Hooper,AFC Bournemouth,Fulham FC,R. Sessegnon,0,0,1,3,2,1,1,0,41,0,0,1,1,1,0
60,3 Oct 2025,,1o40goci4ply97jh7uhh3zq50,Simon Hooper,AFC Bournemouth,Fulham FC,A. Iwobi,0,2,0,4,0,0,0,1,42,0,0,3,1,0,0
60,3 Oct 2025,,1o40goci4ply97jh7uhh3zq50,Simon Hooper,AFC Bournemouth,Fulham FC,C. Bassey,0,0,1,1,2,1,0,0,37,0,0,0,0,1,0
60,3 Oct 2025,,1o40goci4ply97jh7uhh3zq50,Simon Hooper,AFC Bournemouth,Fulham FC,T. Cairney,0,1,1,1,2,3,0,0,70,0,0,4,0,0,0
60,3 Oct 2025,,1o40goci4ply97jh7uhh3zq50,Simon Hooper,AFC Bournemouth,Fulham FC,Kevin,0,0,0,2,0,0,0,0,13,0,0,1,1,0,0
60,3 Oct 2025,,1o40goci4ply97jh7uhh3zq50,Simon Hooper,AFC Bournemouth,Fulham FC,S. Chukwueze,1,0,0,0,0,1,0,0,17,0,0,0,0,0,0
60,3 Oct 2025,,1o40goci4ply97jh7uhh3zq50,Simon Hooper,AFC Bournemouth,Fulham FC,Adama Traoré,0,0,0,1,0,0,0,0,6,0,0,0,0,0,0
60,3 Oct 2025,,1o40goci4ply97jh7uhh3zq50,Simon Hooper,AFC Bournemouth,Fulham FC,E. Smith Rowe,0,0,0,0,0,0,0,0,8,0,0,0,0,0,0
76,18 Oct 2025,,1ul4lz9b1npclnmnufhedm7tg,Chris Kavanagh,Nottingham Forest FC,Chelsea FC,M. Gibbs-White,0,2,0,1,2,1,0,1,40,0,0,4,0,0,0
76,18 Oct 2025,,1ul4lz9b1npclnmnufhedm7tg,Chris Kavanagh,Nottingham Forest FC,Chelsea FC,Murillo,0,0,0,0,0,0,0,0,45,0,0,0,0,0,0
76,18 Oct 2025,,1ul4lz9b1npclnmnufhedm7tg,Chris Kavanagh,Nottingham Forest FC,Chelsea FC,O. Zinchenko,0,0,0,3,0,0,0,0,30,0,0,0,0,4,0
76,18 Oct 2025,,1ul4lz9b1npclnmnufhedm7tg,Chris Kavanagh,Nottingham Forest FC,Chelsea FC,Morato,0,0,0,0,3,3,0,0,45,0,0,0,0,3,1
76,18 Oct 2025,,1ul4lz9b1npclnmnufhedm7tg,Chris Kavanagh,Nottingham Forest FC,Chelsea FC,M. Sels,0,0,0,0,0,0,0,0,23,0,3,0,0,0,0
76,18 Oct 2025,,1ul4lz9b1npclnmnufhedm7tg,Chris Kavanagh,Nottingham Forest FC,Chelsea FC,I. Sangaré,0,0,1,1,2,1,0,0,47,0,0,2,1,4,1
76,18 Oct 2025,,1ul4lz9b1npclnmnufhedm7tg,Chris Kavanagh,Nottingham Forest FC,Chelsea FC,T. Awoniyi,0,0,0,0,2,2,0,0,7,0,0,1,0,1,0
76,18 Oct 2025,,1ul4lz9b1npclnmnufhedm7tg,Chris Kavanagh,Nottingham Forest FC,Chelsea FC,N. Williams,0,0,2,6,1,1,0,0,29,0,0,1,0,2,0
76,18 Oct 2025,,1ul4lz9b1npclnmnufhedm7tg,Chris Kavanagh,Nottingham Forest FC,Chelsea FC,N. Milenković,0,0,0,0,0,2,0,0,56,0,0,3,1,0,0
76,18 Oct 2025,,1ul4lz9b1npclnmnufhedm7tg,Chris Kavanagh,Nottingham Forest FC,Chelsea FC,E. Anderson,0,0,0,4,1,4,0,0,63,0,0,0,0,1,0
76,18 Oct 2025,,1ul4lz9b1npclnmnufhedm7tg,Chris Kavanagh,Nottingham Forest FC,Chelsea FC,Douglas Luiz,0,0,0,1,0,1,0,0,22,0,0,0,0,0,0
76,18 Oct 2025,,1ul4lz9b1npclnmnufhedm7tg,Chris Kavanagh,Nottingham Forest FC,Chelsea FC,Igor Jesus,0,0,1,1,2,0,0,0,12,0,0,1,0,1,0
76,18 Oct 2025,,1ul4lz9b1npclnmnufhedm7tg,Chris Kavanagh,Nottingham Forest FC,Chelsea FC,C. Hudson-Odoi,0,0,1,5,0,0,0,0,15,0,0,0,0,1,0
76,18 Oct 2025,,1ul4lz9b1npclnmnufhedm7tg,Chris Kavanagh,Nottingham Forest FC,Chelsea FC,N. Savona,0,0,0,1,0,0,0,0,11,0,0,0,0,1,0
76,18 Oct 2025,,1ul4lz9b1npclnmnufhedm7tg,Chris Kavanagh,Nottingham Forest FC,Chelsea FC,C. Wood,0,0,0,0,0,0,0,0,0,0,0,0,0,1,0
76,18 Oct 2025,,1ul4lz9b1npclnmnufhedm7tg,Chris Kavanagh,Nottingham Forest FC,Chelsea FC,R. James,1,1,0,2,0,1,1,0,49,0,0,3,2,1,0
76,18 Oct 2025,,1ul4lz9b1npclnmnufhedm7tg,Chris Kavanagh,Nottingham Forest FC,Chelsea FC,T. Chalobah,0,0,0,0,0,1,0,0,67,0,0,0,0,1,0
76,18 Oct 2025,,1ul4lz9b1npclnmnufhedm7tg,Chris Kavanagh,Nottingham Forest FC,Chelsea FC,Robert Sánchez,0,0,0,0,0,0,0,0,52,0,2,0,0,0,1
76,18 Oct 2025,,1ul4lz9b1npclnmnufhedm7tg,Chris Kavanagh,Nottingham Forest FC,Chelsea FC,J. Acheampong,0,0,0,0,1,2,1,0,53,0,0,2,2,0,0
76,18 Oct 2025,,1ul4lz9b1npclnmnufhedm7tg,Chris Kavanagh,Nottingham Forest FC,Chelsea FC,M. Gusto,0,1,0,0,4,0,0,0,45,1,0,1,0,1,2
76,18 Oct 2025,,1ul4lz9b1npclnmnufhedm7tg,Chris Kavanagh,Nottingham Forest FC,Chelsea FC,Marc Cucurella,0,0,0,1,1,0,0,1,47,0,0,0,0,4,0
76,18 Oct 2025,,1ul4lz9b1npclnmnufhedm7tg,Chris Kavanagh,Nottingham Forest FC,Chelsea FC,João Pedro,0,0,0,0,0,3,0,0,34,0,0,1,0,0,0
76,18 Oct 2025,,1ul4lz9b1npclnmnufhedm7tg,Chris Kavanagh,Nottingham Forest FC,Chelsea FC,Pedro Neto,1,0,0,4,0,1,1,1,29,0,0,3,2,0,0
76,18 Oct 2025,,1ul4lz9b1npclnmnufhedm7tg,Chris Kavanagh,Nottingham Forest FC,Chelsea FC,R. Lavia,0,0,0,0,2,2,0,0,30,0,0,0,0,1,0
76,18 Oct 2025,,1ul4lz9b1npclnmnufhedm7tg,Chris Kavanagh,Nottingham Forest FC,Chelsea FC,Andrey Santos,0,0,0,0,1,0,0,0,12,0,0,2,0,4,0
76,18 Oct 2025,,1ul4lz9b1npclnmnufhedm7tg,Chris Kavanagh,Nottingham Forest FC,Chelsea FC,A. Garnacho,0,0,0,1,1,2,0,0,8,0,0,0,0,1,0
76,18 Oct 2025,,1ul4lz9b1npclnmnufhedm7tg,Chris Kavanagh,Nottingham Forest FC,Chelsea FC,Marc Guiu,0,1,1,0,3,1,0,0,3,0,0,3,0,0,0
76,18 Oct 2025,,1ul4lz9b1npclnmnufhedm7tg,Chris Kavanagh,Nottingham Forest FC,Chelsea FC,J. Gittens,0,0,0,0,1,0,0,0,9,0,0,0,0,1,0
76,18 Oct 2025,,1ul4lz9b1npclnmnufhedm7tg,Chris Kavanagh,Nottingham Forest FC,Chelsea FC,M. Caicedo,0,0,0,0,1,0,0,0,22,0,0,0,0,0,0
76,18 Oct 2025,,1ul4lz9b1npclnmnufhedm7tg,Chris Kavanagh,Nottingham Forest FC,Chelsea FC,Estêvão,0,2,1,1,1,0,0,0,1,0,0,2,0,1,1
76,18 Oct 2025,,1ul4lz9b1npclnmnufhedm7tg,Chris Kavanagh,Nottingham Forest FC,Chelsea FC,T. Adarabioyo,0,0,0,0,0,0,0,0,2,0,0,0,0,0,0
77,18 Oct 2025,,1uzikt3sjo0nyoutu2qhf8vtg,Robert Jones,Sunderland AFC,Wolverhampton Wanderers FC,O. Alderete,0,0,0,0,1,0,0,0,29,0,0,0,0,1,0
77,18 Oct 2025,,1uzikt3sjo0nyoutu2qhf8vtg,Robert Jones,Sunderland AFC,Wolverhampton Wanderers FC,C. Rigg,0,0,0,0,0,1,0,0,14,0,0,0,0,2,0
77,18 Oct 2025,,1uzikt3sjo0nyoutu2qhf8vtg,Robert Jones,Sunderland AFC,Wolverhampton Wanderers FC,D. Ballard,0,0,0,0,1,2,0,0,44,0,0,1,1,1,0
77,18 Oct 2025,,1uzikt3sjo0nyoutu2qhf8vtg,Robert Jones,Sunderland AFC,Wolverhampton Wanderers FC,N. Mukiele,0,0,1,1,1,1,1,1,40,0,0,2,1,3,0
77,18 Oct 2025,,1uzikt3sjo0nyoutu2qhf8vtg,Robert Jones,Sunderland AFC,Wolverhampton Wanderers FC,N. Sadiki,0,1,0,0,0,2,0,0,31,0,0,1,0,0,0
77,18 Oct 2025,,1uzikt3sjo0nyoutu2qhf8vtg,Robert Jones,Sunderland AFC,Wolverhampton Wanderers FC,T. Hume,1,1,0,4,0,2,0,0,28,0,0,2,0,0,0
77,18 Oct 2025,,1uzikt3sjo0nyoutu2qhf8vtg,Robert Jones,Sunderland AFC,Wolverhampton Wanderers FC,E. Le Fée,0,0,0,3,0,1,0,0,28,0,0,0,0,4,0
77,18 Oct 2025,,1uzikt3sjo0nyoutu2qhf8vtg,Robert Jones,Sunderland AFC,Wolverhampton Wanderers FC,G. Xhaka,0,1,1,2,0,1,0,0,57,0,0,1,0,1,0
77,18 Oct 2025,,1uzikt3sjo0nyoutu2qhf8vtg,Robert Jones,Sunderland AFC,Wolverhampton Wanderers FC,B. Traoré,0,0,0,0,1,1,0,0,16,0,0,0,0,0,0
77,18 Oct 2025,,1uzikt3sjo0nyoutu2qhf8vtg,Robert Jones,Sunderland AFC,Wolverhampton Wanderers FC,R. Roefs,0,0,0,0,0,0,0,0,37,0,3,0,0,0,0
77,18 Oct 2025,,1uzikt3sjo0nyoutu2qhf8vtg,Robert Jones,Sunderland AFC,Wolverhampton Wanderers FC,W. Isidor,0,0,0,0,1,1,0,1,9,0,0,1,0,1,0
77,18 Oct 2025,,1uzikt3sjo0nyoutu2qhf8vtg,Robert Jones,Sunderland AFC,Wolverhampton Wanderers FC,C. Talbi,0,0,0,2,0,0,0,0,5,0,0,0,0,0,0
77,18 Oct 2025,,1uzikt3sjo0nyoutu2qhf8vtg,Robert Jones,Sunderland AFC,Wolverhampton Wanderers FC,Eliezer Mayenda,0,0,1,0,0,0,0,0,1,0,0,0,0,0,0
77,18 Oct 2025,,1uzikt3sjo0nyoutu2qhf8vtg,Robert Jones,Sunderland AFC,Wolverhampton Wanderers FC,L. Geertruida,0,0,0,0,0,0,0,0,2,0,0,0,0,1,0
77,18 Oct 2025,,1uzikt3sjo0nyoutu2qhf8vtg,Robert Jones,Sunderland AFC,Wolverhampton Wanderers FC,D. Neil,0,0,0,0,0,0,0,0,0,0,0,0,0,0,0
77,18 Oct 2025,,1uzikt3sjo0nyoutu2qhf8vtg,Robert Jones,Sunderland AFC,Wolverhampton Wanderers FC,João Gomes,0,0,0,5,2,1,0,0,35,0,0,2,0,3,0
77,18 Oct 2025,,1uzikt3sjo0nyoutu2qhf8vtg,Robert Jones,Sunderland AFC,Wolverhampton Wanderers FC,L. Krejčí,0,1,0,3,1,1,0,0,88,0,0,2,1,0,0
77,18 Oct 2025,,1uzikt3sjo0nyoutu2qhf8vtg,Robert Jones,Sunderland AFC,Wolverhampton Wanderers FC,M. Munetsi,0,0,0,5,1,0,0,0,10,0,0,2,1,3,0
77,18 Oct 2025,,1uzikt3sjo0nyoutu2qhf8vtg,Robert Jones,Sunderland AFC,Wolverhampton Wanderers FC,Rodrigo Gomes,0,0,0,1,0,1,0,0,21,0,0,1,0,0,0
77,18 Oct 2025,,1uzikt3sjo0nyoutu2qhf8vtg,Robert Jones,Sunderland AFC,Wolverhampton Wanderers FC,Hugo Bueno,0,0,0,9,1,0,0,0,36,0,0,0,0,1,0
77,18 Oct 2025,,1uzikt3sjo0nyoutu2qhf8vtg,Robert Jones,Sunderland AFC,Wolverhampton Wanderers FC,S. Johnstone,0,0,0,0,0,0,0,0,36,0,1,0,0,0,0
77,18 Oct 2025,,1uzikt3sjo0nyoutu2qhf8vtg,Robert Jones,Sunderland AFC,Wolverhampton Wanderers FC,S. Bueno,0,0,0,0,1,1,0,0,66,0,0,0,0,4,0
77,18 Oct 2025,,1uzikt3sjo0nyoutu2qhf8vtg,Robert Jones,Sunderland AFC,Wolverhampton Wanderers FC,M. Doherty,0,0,0,2,0,0,0,0,40,0,0,0,0,1,0
77,18 Oct 2025,,1uzikt3sjo0nyoutu2qhf8vtg,Robert Jones,Sunderland AFC,Wolverhampton Wanderers FC,J. Arias,0,1,1,2,2,0,0,0,34,0,0,1,0,2,0
77,18 Oct 2025,,1uzikt3sjo0nyoutu2qhf8vtg,Robert Jones,Sunderland AFC,Wolverhampton Wanderers FC,André,0,0,0,0,0,0,0,0,50,0,0,1,0,1,0
77,18 Oct 2025,,1uzikt3sjo0nyoutu2qhf8vtg,Robert Jones,Sunderland AFC,Wolverhampton Wanderers FC,J. Strand Larsen,0,1,1,1,3,1,0,1,16,0,0,1,0,0,0
77,18 Oct 2025,,1uzikt3sjo0nyoutu2qhf8vtg,Robert Jones,Sunderland AFC,Wolverhampton Wanderers FC,K. Hoever,0,0,0,1,0,0,0,0,14,0,0,1,1,0,0
77,18 Oct 2025,,1uzikt3sjo0nyoutu2qhf8vtg,Robert Jones,Sunderland AFC,Wolverhampton Wanderers FC,T. Arokodare,0,1,0,0,0,0,0,1,3,0,0,3,0,0,0
77,18 Oct 2025,,1uzikt3sjo0nyoutu2qhf8vtg,Robert Jones,Sunderland AFC,Wolverhampton Wanderers FC,J. Tchatchoua,0,0,0,1,0,0,0,0,7,0,0,1,0,0,0
77,18 Oct 2025,,1uzikt3sjo0nyoutu2qhf8vtg,Robert Jones,Sunderland AFC,Wolverhampton Wanderers FC,Fer López,0,1,0,1,1,0,0,0,10,0,0,1,0,0,0
78,19 Oct 2025,,1vdtp9f8cyblesdc3cpw8dlhw,Simon Hooper,Tottenham Hotspur FC,Aston Villa FC,João Palhinha,1,0,1,0,0,0,0,0,34,0,0,2,1,10,0
78,19 Oct 2025,,1vdtp9f8cyblesdc3cpw8dlhw,Simon Hooper,Tottenham Hotspur FC,Aston Villa FC,R. Bentancur,0,1,0,0,0,0,1,1,45,0,0,2,1,3,0
78,19 Oct 2025,,1vdtp9f8cyblesdc3cpw8dlhw,Simon Hooper,Tottenham Hotspur FC,Aston Villa FC,X. Simons,0,0,0,0,3,1,0,0,24,0,0,0,0,4,0
78,19 Oct 2025,,1vdtp9f8cyblesdc3cpw8dlhw,Simon Hooper,Tottenham Hotspur FC,Aston Villa FC,G. Vicario,0,0,0,0,0,0,0,0,24,0,0,0,0,0,0
78,19 Oct 2025,,1vdtp9f8cyblesdc3cpw8dlhw,Simon Hooper,Tottenham Hotspur FC,Aston Villa FC,K. Danso,0,0,0,0,0,1,0,0,62,0,0,0,0,0,1
78,19 Oct 2025,,1vdtp9f8cyblesdc3cpw8dlhw,Simon Hooper,Tottenham Hotspur FC,Aston Villa FC,M. van de Ven,0,0,0,0,1,1,0,0,55,0,0,1,0,0,1
78,19 Oct 2025,,1vdtp9f8cyblesdc3cpw8dlhw,Simon Hooper,Tottenham Hotspur FC,Aston Villa FC,M. Tel,0,0,1,2,2,0,0,1,6,0,0,0,0,1,0
78,19 Oct 2025,,1vdtp9f8cyblesdc3cpw8dlhw,Simon Hooper,Tottenham Hotspur FC,Aston Villa FC,Pedro Porro,0,0,1,5,1,3,0,0,49,0,0,0,0,1,0
78,19 Oct 2025,,1vdtp9f8cyblesdc3cpw8dlhw,Simon Hooper,Tottenham Hotspur FC,Aston Villa FC,W. Odobert,0,1,0,2,0,0,0,0,17,0,0,3,1,0,0
78,19 Oct 2025,,1vdtp9f8cyblesdc3cpw8dlhw,Simon Hooper,Tottenham Hotspur FC,Aston Villa FC,M. Kudus,0,0,2,9,2,0,0,2,21,0,0,0,0,2,0
78,19 Oct 2025,,1vdtp9f8cyblesdc3cpw8dlhw,Simon Hooper,Tottenham Hotspur FC,Aston Villa FC,D. Spence,0,0,1,3,0,0,0,0,29,0,0,0,0,2,0
78,19 Oct 2025,,1vdtp9f8cyblesdc3cpw8dlhw,Simon Hooper,Tottenham Hotspur FC,Aston Villa FC,Richarlison,0,0,0,0,0,1,0,0,6,0,0,0,0,0,0
78,19 Oct 2025,,1vdtp9f8cyblesdc3cpw8dlhw,Simon Hooper,Tottenham Hotspur FC,Aston Villa FC,L. Bergvall,0,0,0,0,1,0,0,1,6,0,0,0,0,2,0
78,19 Oct 2025,,1vdtp9f8cyblesdc3cpw8dlhw,Simon Hooper,Tottenham Hotspur FC,Aston Villa FC,R. Kolo Muani,0,0,0,0,1,0,0,0,1,0,0,1,0,0,0
78,19 Oct 2025,,1vdtp9f8cyblesdc3cpw8dlhw,Simon Hooper,Tottenham Hotspur FC,Aston Villa FC,B. Johnson,0,0,0,1,0,0,0,0,2,0,0,1,0,0,0
78,19 Oct 2025,,1vdtp9f8cyblesdc3cpw8dlhw,Simon Hooper,Tottenham Hotspur FC,Aston Villa FC,P. Sarr,0,0,0,0,0,0,0,1,1,0,0,0,0,0,0
78,19 Oct 2025,,1vdtp9f8cyblesdc3cpw8dlhw,Simon Hooper,Tottenham Hotspur FC,Aston Villa FC,D. Malen,0,0,0,0,1,0,0,0,4,0,0,1,0,0,0
78,19 Oct 2025,,1vdtp9f8cyblesdc3cpw8dlhw,Simon Hooper,Tottenham Hotspur FC,Aston Villa FC,M. Rogers,0,0,1,1,0,1,1,1,23,0,0,1,1,0,0
78,19 Oct 2025,,1vdtp9f8cyblesdc3cpw8dlhw,Simon Hooper,Tottenham Hotspur FC,Aston Villa FC,B. Kamara,0,0,0,0,1,4,0,0,46,0,0,0,0,4,0
78,19 Oct 2025,,1vdtp9f8cyblesdc3cpw8dlhw,Simon Hooper,Tottenham Hotspur FC,Aston Villa FC,M. Cash,0,1,2,6,0,2,0,0,31,0,0,2,0,1,0
78,19 Oct 2025,,1vdtp9f8cyblesdc3cpw8dlhw,Simon Hooper,Tottenham Hotspur FC,Aston Villa FC,E. Konsa,0,0,0,1,0,0,0,0,51,0,0,0,0,1,0
78,19 Oct 2025,,1vdtp9f8cyblesdc3cpw8dlhw,Simon Hooper,Tottenham Hotspur FC,Aston Villa FC,E. Martínez,0,0,0,0,0,0,0,0,32,0,2,0,0,0,0
78,19 Oct 2025,,1vdtp9f8cyblesdc3cpw8dlhw,Simon Hooper,Tottenham Hotspur FC,Aston Villa FC,Pau Torres,0,0,0,0,0,0,0,0,48,0,0,0,0,1,0
78,19 Oct 2025,,1vdtp9f8cyblesdc3cpw8dlhw,Simon Hooper,Tottenham Hotspur FC,Aston Villa FC,L. Digne,1,0,1,5,0,1,0,0,22,0,0,0,0,3,0
78,19 Oct 2025,,1vdtp9f8cyblesdc3cpw8dlhw,Simon Hooper,Tottenham Hotspur FC,Aston Villa FC,J. McGinn,0,0,1,3,2,1,0,0,17,0,0,1,0,4,0
78,19 Oct 2025,,1vdtp9f8cyblesdc3cpw8dlhw,Simon Hooper,Tottenham Hotspur FC,Aston Villa FC,A. Onana,0,0,0,0,1,0,0,0,33,0,0,0,0,3,0
78,19 Oct 2025,,1vdtp9f8cyblesdc3cpw8dlhw,Simon Hooper,Tottenham Hotspur FC,Aston Villa FC,E. Guessand,0,0,0,0,1,1,0,0,8,0,0,0,0,2,0
78,19 Oct 2025,,1vdtp9f8cyblesdc3cpw8dlhw,Simon Hooper,Tottenham Hotspur FC,Aston Villa FC,E. Buendía,0,0,0,0,1,1,1,0,10,0,0,1,1,2,0
78,19 Oct 2025,,1vdtp9f8cyblesdc3cpw8dlhw,Simon Hooper,Tottenham Hotspur FC,Aston Villa FC,O. Watkins,0,1,1,0,0,0,0,0,13,0,0,1,0,0,0
78,19 Oct 2025,,1vdtp9f8cyblesdc3cpw8dlhw,Simon Hooper,Tottenham Hotspur FC,Aston Villa FC,I. Maatsen,0,0,0,0,0,0,0,0,4,0,0,1,0,2,0
78,19 Oct 2025,,1vdtp9f8cyblesdc3cpw8dlhw,Simon Hooper,Tottenham Hotspur FC,Aston Villa FC,R. Barkley,0,0,0,0,0,0,0,0,6,0,0,0,0,1,0
79,20 Oct 2025,,1vrxomf1ihb6xrivhrvs4nd3o,Andy Madley,West Ham United FC,Brentford FC,J. Todibo,0,0,0,0,0,0,0,0,38,0,0,0,0,3,0
79,20 Oct 2025,,1vrxomf1ihb6xrivhrvs4nd3o,Andy Madley,West Ham United FC,Brentford FC,A. Irving,0,0,1,5,0,0,0,0,34,0,0,0,0,2,0
79,20 Oct 2025,,1vrxomf1ihb6xrivhrvs4nd3o,Andy Madley,West Ham United FC,Brentford FC,C. Summerville,0,1,1,3,2,2,0,0,23,0,0,2,0,1,1
79,20 Oct 2025,,1vrxomf1ihb6xrivhrvs4nd3o,Andy Madley,West Ham United FC,Brentford FC,J. Bowen,0,0,2,5,0,2,0,1,20,0,0,2,1,1,0
79,20 Oct 2025,,1vrxomf1ihb6xrivhrvs4nd3o,Andy Madley,West Ham United FC,Brentford FC,Lucas Paquetá,0,0,1,2,3,1,0,1,41,0,0,1,0,2,0
79,20 Oct 2025,,1vrxomf1ihb6xrivhrvs4nd3o,Andy Madley,West Ham United FC,Brentford FC,Mateus Fernandes,0,1,1,1,0,0,0,0,12,0,0,1,0,1,0
79,20 Oct 2025,,1vrxomf1ihb6xrivhrvs4nd3o,Andy Madley,West Ham United FC,Brentford FC,K. Walker-Peters,0,0,0,0,1,0,0,0,13,0,0,0,0,0,0
79,20 Oct 2025,,1vrxomf1ihb6xrivhrvs4nd3o,Andy Madley,West Ham United FC,Brentford FC,A. Areola,0,0,0,0,0,0,0,0,29,0,4,0,0,0,0
79,20 Oct 2025,,1vrxomf1ihb6xrivhrvs4nd3o,Andy Madley,West Ham United FC,Brentford FC,O. Scarles,0,0,0,1,0,2,0,0,13,0,0,0,0,1,0
79,20 Oct 2025,,1vrxomf1ihb6xrivhrvs4nd3o,Andy Madley,West Ham United FC,Brentford FC,M. Kilman,0,0,0,1,1,1,0,0,30,0,0,0,0,0,0
79,20 Oct 2025,,1vrxomf1ihb6xrivhrvs4nd3o,Andy Madley,West Ham United FC,Brentford FC,T. Souček,0,1,0,0,1,0,0,0,31,0,0,1,0,1,0
79,20 Oct 2025,,1vrxomf1ihb6xrivhrvs4nd3o,Andy Madley,West Ham United FC,Brentford FC,K. Mavropanos,0,0,0,0,0,0,0,0,17,0,0,0,0,0,0
79,20 Oct 2025,,1vrxomf1ihb6xrivhrvs4nd3o,Andy Madley,West Ham United FC,Brentford FC,A. Wan-Bissaka,0,0,0,1,2,1,0,0,24,0,0,0,0,2,0
79,20 Oct 2025,,1vrxomf1ihb6xrivhrvs4nd3o,Andy Madley,West Ham United FC,Brentford FC,E. Diouf,0,0,0,1,0,1,0,0,13,0,0,0,0,2,0
79,20 Oct 2025,,1vrxomf1ihb6xrivhrvs4nd3o,Andy Madley,West Ham United FC,Brentford FC,C. Marshall,0,0,0,0,0,0,0,1,3,0,0,0,0,0,0
79,20 Oct 2025,,1vrxomf1ihb6xrivhrvs4nd3o,Andy Madley,West Ham United FC,Brentford FC,G. Rodríguez,0,0,0,0,0,0,0,0,3,0,0,0,0,0,0
79,20 Oct 2025,,1vrxomf1ihb6xrivhrvs4nd3o,Andy Madley,West Ham United FC,Brentford FC,M. Damsgaard,0,0,2,12,0,1,0,0,29,0,0,1,1,0,0
79,20 Oct 2025,,1vrxomf1ihb6xrivhrvs4nd3o,Andy Madley,West Ham United FC,Brentford FC,C. Kelleher,0,0,0,0,0,0,0,0,28,0,1,0,0,0,0
79,20 Oct 2025,,1vrxomf1ihb6xrivhrvs4nd3o,Andy Madley,West Ham United FC,Brentford FC,Igor Thiago,0,2,1,1,1,1,1,2,18,0,0,6,3,2,0
79,20 Oct 2025,,1vrxomf1ihb6xrivhrvs4nd3o,Andy Madley,West Ham United FC,Brentford FC,J. Henderson,0,0,0,3,1,2,0,0,77,0,0,0,0,0,1
79,20 Oct 2025,,1vrxomf1ihb6xrivhrvs4nd3o,Andy Madley,West Ham United FC,Brentford FC,S. van den Berg,0,0,0,0,1,0,0,0,45,0,0,1,0,0,0
79,20 Oct 2025,,1vrxomf1ihb6xrivhrvs4nd3o,Andy Madley,West Ham United FC,Brentford FC,D. Ouattara,0,2,3,1,0,1,0,0,20,0,0,5,1,0,0
79,20 Oct 2025,,1vrxomf1ihb6xrivhrvs4nd3o,Andy Madley,West Ham United FC,Brentford FC,K. Ajer,0,1,3,1,0,2,0,0,34,0,0,2,0,4,0
79,20 Oct 2025,,1vrxomf1ihb6xrivhrvs4nd3o,Andy Madley,West Ham United FC,Brentford FC,K. Schade,1,0,0,0,2,0,0,0,21,0,0,4,1,1,0
79,20 Oct 2025,,1vrxomf1ihb6xrivhrvs4nd3o,Andy Madley,West Ham United FC,Brentford FC,Y. Yarmoliuk,0,0,0,0,2,1,0,0,62,0,0,0,0,3,0
79,20 Oct 2025,,1vrxomf1ihb6xrivhrvs4nd3o,Andy Madley,West Ham United FC,Brentford FC,N. Collins,0,0,0,0,0,2,0,0,64,0,0,1,0,1,0
79,20 Oct 2025,,1vrxomf1ihb6xrivhrvs4nd3o,Andy Madley,West Ham United FC,Brentford FC,M. Kayode,0,0,1,6,1,0,0,0,45,0,0,0,0,0,0
79,20 Oct 2025,,1vrxomf1ihb6xrivhrvs4nd3o,Andy Madley,West Ham United FC,Brentford FC,V. Janelt,0,0,0,0,2,0,0,0,6,0,0,0,0,0,0
79,20 Oct 2025,,1vrxomf1ihb6xrivhrvs4nd3o,Andy Madley,West Ham United FC,Brentford FC,K. Lewis-Potter,1,0,0,0,0,0,0,0,1,0,0,1,0,0,0
79,20 Oct 2025,,1vrxomf1ihb6xrivhrvs4nd3o,Andy Madley,West Ham United FC,Brentford FC,M. Jensen,0,0,0,0,0,0,1,0,1,0,0,1,1,0,0
80,26 Oct 2025,,1w7mazdrj7yy9qlgmgyzehg5w,Samuel Barrott,AFC Bournemouth,Nottingham Forest FC,J. Kroupi,0,1,0,0,0,0,1,0,19,0,0,3,1,0,0
80,26 Oct 2025,,1w7mazdrj7yy9qlgmgyzehg5w,Samuel Barrott,AFC Bournemouth,Nottingham Forest FC,A. Scott,0,1,1,2,2,0,0,0,42,0,0,2,1,2,0
80,26 Oct 2025,,1w7mazdrj7yy9qlgmgyzehg5w,Samuel Barrott,AFC Bournemouth,Nottingham Forest FC,Álex Jiménez,0,0,1,0,0,2,0,0,39,0,0,0,0,0,0
80,26 Oct 2025,,1w7mazdrj7yy9qlgmgyzehg5w,Samuel Barrott,AFC Bournemouth,Nottingham Forest FC,V. Milosavljević,0,0,0,0,0,0,0,0,51,0,0,0,0,0,0
80,26 Oct 2025,,1w7mazdrj7yy9qlgmgyzehg5w,Samuel Barrott,AFC Bournemouth,Nottingham Forest FC,M. Senesi,0,0,0,0,2,0,0,0,67,0,0,0,0,0,1
80,26 Oct 2025,,1w7mazdrj7yy9qlgmgyzehg5w,Samuel Barrott,AFC Bournemouth,Nottingham Forest FC,A. Semenyo,0,0,0,0,2,1,0,1,32,0,0,1,1,1,0
80,26 Oct 2025,,1w7mazdrj7yy9qlgmgyzehg5w,Samuel Barrott,AFC Bournemouth,Nottingham Forest FC,J. Kluivert,0,1,0,2,2,0,0,0,29,0,0,1,0,0,1
80,26 Oct 2025,,1w7mazdrj7yy9qlgmgyzehg5w,Samuel Barrott,AFC Bournemouth,Nottingham Forest FC,T. Adams,1,0,0,0,3,0,0,0,44,0,0,0,0,3,0
80,26 Oct 2025,,1w7mazdrj7yy9qlgmgyzehg5w,Samuel Barrott,AFC Bournemouth,Nottingham Forest FC,A. Truffert,0,0,0,2,2,2,0,0,40,0,0,1,0,3,0
80,26 Oct 2025,,1w7mazdrj7yy9qlgmgyzehg5w,Samuel Barrott,AFC Bournemouth,Nottingham Forest FC,M. Tavernier,0,1,3,3,1,2,1,0,35,0,0,4,2,0,0
80,26 Oct 2025,,1w7mazdrj7yy9qlgmgyzehg5w,Samuel Barrott,AFC Bournemouth,Nottingham Forest FC,Đ. Petrović,0,0,0,0,0,0,0,0,29,0,4,0,0,0,0
80,26 Oct 2025,,1w7mazdrj7yy9qlgmgyzehg5w,Samuel Barrott,AFC Bournemouth,Nottingham Forest FC,A. Adli,0,0,0,0,1,0,0,2,3,0,0,0,0,0,0
80,26 Oct 2025,,1w7mazdrj7yy9qlgmgyzehg5w,Samuel Barrott,AFC Bournemouth,Nottingham Forest FC,D. Brooks,0,0,1,1,2,0,0,0,7,0,0,1,0,0,1
80,26 Oct 2025,,1w7mazdrj7yy9qlgmgyzehg5w,Samuel Barrott,AFC Bournemouth,Nottingham Forest FC,R. Christie,0,0,0,0,0,0,0,0,8,0,0,0,0,0,0
80,26 Oct 2025,,1w7mazdrj7yy9qlgmgyzehg5w,Samuel Barrott,AFC Bournemouth,Nottingham Forest FC,L. Cook,0,0,0,0,0,0,0,0,2,0,0,0,0,0,0
80,26 Oct 2025,,1w7mazdrj7yy9qlgmgyzehg5w,Samuel Barrott,AFC Bournemouth,Nottingham Forest FC,Enes Ünal,0,0,0,0,0,0,0,0,0,0,0,0,0,0,0
80,26 Oct 2025,,1w7mazdrj7yy9qlgmgyzehg5w,Samuel Barrott,AFC Bournemouth,Nottingham Forest FC,N. Williams,0,1,1,1,0,3,0,0,32,0,0,3,1,3,0
80,26 Oct 2025,,1w7mazdrj7yy9qlgmgyzehg5w,Samuel Barrott,AFC Bournemouth,Nottingham Forest FC,Douglas Luiz,0,0,0,1,0,2,0,0,26,0,0,0,0,3,1
80,26 Oct 2025,,1w7mazdrj7yy9qlgmgyzehg5w,Samuel Barrott,AFC Bournemouth,Nottingham Forest FC,E. Anderson,0,0,0,4,1,2,0,0,54,0,0,0,0,3,0
80,26 Oct 2025,,1w7mazdrj7yy9qlgmgyzehg5w,Samuel Barrott,AFC Bournemouth,Nottingham Forest FC,M. Gibbs-White,0,1,1,0,1,1,0,0,26,0,0,2,1,0,0
80,26 Oct 2025,,1w7mazdrj7yy9qlgmgyzehg5w,Samuel Barrott,AFC Bournemouth,Nottingham Forest FC,C. Hudson-Odoi,0,0,0,0,1,0,0,0,11,0,0,0,0,0,0
80,26 Oct 2025,,1w7mazdrj7yy9qlgmgyzehg5w,Samuel Barrott,AFC Bournemouth,Nottingham Forest FC,M. Sels,0,0,0,0,0,0,0,0,30,0,3,0,0,0,0
80,26 Oct 2025,,1w7mazdrj7yy9qlgmgyzehg5w,Samuel Barrott,AFC Bournemouth,Nottingham Forest FC,Igor Jesus,0,0,0,0,0,1,0,0,12,0,0,0,0,1,0
80,26 Oct 2025,,1w7mazdrj7yy9qlgmgyzehg5w,Samuel Barrott,AFC Bournemouth,Nottingham Forest FC,N. Savona,0,0,1,2,1,2,0,0,33,0,0,0,0,3,0
80,26 Oct 2025,,1w7mazdrj7yy9qlgmgyzehg5w,Samuel Barrott,AFC Bournemouth,Nottingham Forest FC,D. Ndoye,0,0,1,2,2,1,0,0,30,0,0,1,0,2,0
80,26 Oct 2025,,1w7mazdrj7yy9qlgmgyzehg5w,Samuel Barrott,AFC Bournemouth,Nottingham Forest FC,Murillo,0,0,0,0,0,1,0,0,48,0,0,0,0,3,0
80,26 Oct 2025,,1w7mazdrj7yy9qlgmgyzehg5w,Samuel Barrott,AFC Bournemouth,Nottingham Forest FC,N. Milenković,0,0,0,0,0,1,0,0,51,0,0,0,0,0,0
80,26 Oct 2025,,1w7mazdrj7yy9qlgmgyzehg5w,Samuel Barrott,AFC Bournemouth,Nottingham Forest FC,R. Yates,0,0,0,0,0,1,0,0,22,0,0,0,0,0,0
80,26 Oct 2025,,1w7mazdrj7yy9qlgmgyzehg5w,Samuel Barrott,AFC Bournemouth,Nottingham Forest FC,O. Hutchinson,0,0,0,3,1,1,0,0,17,0,0,0,0,0,0
80,26 Oct 2025,,1w7mazdrj7yy9qlgmgyzehg5w,Samuel Barrott,AFC Bournemouth,Nottingham Forest FC,T. Awoniyi,0,0,0,0,0,1,0,0,10,0,0,2,2,0,0
80,26 Oct 2025,,1w7mazdrj7yy9qlgmgyzehg5w,Samuel Barrott,AFC Bournemouth,Nottingham Forest FC,N. Domínguez,0,0,0,0,0,0,0,0,7,0,0,0,0,1,0
80,26 Oct 2025,,1w7mazdrj7yy9qlgmgyzehg5w,Samuel Barrott,AFC Bournemouth,Nottingham Forest FC,Arnaud Kalimuendo Muinga,0,0,0,0,0,0,0,0,0,0,0,0,0,0,0
81,26 Oct 2025,,1wlvabjugecgxexpyqugbo7bo,Thomas Bramall,Arsenal FC,Crystal Palace FC,E. Eze,0,1,0,0,1,1,1,0,29,0,0,2,1,2,0
81,26 Oct 2025,,1wlvabjugecgxexpyqugbo7bo,Thomas Bramall,Arsenal FC,Crystal Palace FC,David Raya,0,0,0,0,0,0,0,0,39,0,1,0,0,0,0
81,26 Oct 2025,,1wlvabjugecgxexpyqugbo7bo,Thomas Bramall,Arsenal FC,Crystal Palace FC,R. Calafiori,0,1,0,0,0,0,0,0,48,0,0,1,0,0,0
81,26 Oct 2025,,1wlvabjugecgxexpyqugbo7bo,Thomas Bramall,Arsenal FC,Crystal Palace FC,Gabriel Magalhães,0,0,0,0,0,1,0,0,91,0,0,1,0,0,0
81,26 Oct 2025,,1wlvabjugecgxexpyqugbo7bo,Thomas Bramall,Arsenal FC,Crystal Palace FC,W. Saliba,0,0,0,0,0,1,0,0,74,0,0,0,0,0,0
81,26 Oct 2025,,1wlvabjugecgxexpyqugbo7bo,Thomas Bramall,Arsenal FC,Crystal Palace FC,Martín Zubimendi,0,0,0,0,1,0,0,0,75,0,0,0,0,2,0
81,26 Oct 2025,,1wlvabjugecgxexpyqugbo7bo,Thomas Bramall,Arsenal FC,Crystal Palace FC,D. Rice,0,0,0,6,1,0,0,0,52,0,0,1,1,4,0
81,26 Oct 2025,,1wlvabjugecgxexpyqugbo7bo,Thomas Bramall,Arsenal FC,Crystal Palace FC,J. Timber,0,0,0,1,1,3,0,0,28,0,0,0,0,2,0
81,26 Oct 2025,,1wlvabjugecgxexpyqugbo7bo,Thomas Bramall,Arsenal FC,Crystal Palace FC,L. Trossard,0,1,0,2,0,1,0,1,27,0,0,3,1,0,0
81,26 Oct 2025,,1wlvabjugecgxexpyqugbo7bo,Thomas Bramall,Arsenal FC,Crystal Palace FC,V. Gyökeres,0,0,2,0,1,0,0,0,16,0,0,1,0,0,0
81,26 Oct 2025,,1wlvabjugecgxexpyqugbo7bo,Thomas Bramall,Arsenal FC,Crystal Palace FC,B. Saka,0,0,0,0,1,2,0,1,21,0,0,1,0,2,0
81,26 Oct 2025,,1wlvabjugecgxexpyqugbo7bo,Thomas Bramall,Arsenal FC,Crystal Palace FC,Cristhian Mosquera,0,0,0,0,0,0,0,0,25,0,0,0,0,0,0
81,26 Oct 2025,,1wlvabjugecgxexpyqugbo7bo,Thomas Bramall,Arsenal FC,Crystal Palace FC,Gabriel Martinelli,0,0,1,1,0,0,0,0,4,0,0,0,0,0,0
81,26 Oct 2025,,1wlvabjugecgxexpyqugbo7bo,Thomas Bramall,Arsenal FC,Crystal Palace FC,P. Hincapié,0,0,0,0,0,1,0,0,4,0,0,0,0,0,0
81,26 Oct 2025,,1wlvabjugecgxexpyqugbo7bo,Thomas Bramall,Arsenal FC,Crystal Palace FC,Mikel Merino,0,0,1,0,0,0,0,0,5,0,0,0,0,0,0
81,26 Oct 2025,,1wlvabjugecgxexpyqugbo7bo,Thomas Bramall,Arsenal FC,Crystal Palace FC,M. Lewis-Skelly,0,0,0,0,0,0,0,0,2,0,0,0,0,0,0
81,26 Oct 2025,,1wlvabjugecgxexpyqugbo7bo,Thomas Bramall,Arsenal FC,Crystal Palace FC,C. Richards,0,0,0,0,1,0,0,0,39,0,0,0,0,1,0
81,26 Oct 2025,,1wlvabjugecgxexpyqugbo7bo,Thomas Bramall,Arsenal FC,Crystal Palace FC,D. Muñoz,0,0,1,2,2,0,0,1,29,0,0,0,0,3,0
81,26 Oct 2025,,1wlvabjugecgxexpyqugbo7bo,Thomas Bramall,Arsenal FC,Crystal Palace FC,M. Lacroix,0,0,0,0,0,1,0,0,39,0,0,1,0,2,0
81,26 Oct 2025,,1wlvabjugecgxexpyqugbo7bo,Thomas Bramall,Arsenal FC,Crystal Palace FC,D. Kamada,0,0,0,1,1,0,0,0,29,0,0,0,0,1,0
81,26 Oct 2025,,1wlvabjugecgxexpyqugbo7bo,Thomas Bramall,Arsenal FC,Crystal Palace FC,T. Mitchell,0,0,0,2,1,1,0,0,27,0,0,0,0,3,0
81,26 Oct 2025,,1wlvabjugecgxexpyqugbo7bo,Thomas Bramall,Arsenal FC,Crystal Palace FC,J. Mateta,0,1,1,0,2,0,0,0,14,0,0,1,0,0,0
81,26 Oct 2025,,1wlvabjugecgxexpyqugbo7bo,Thomas Bramall,Arsenal FC,Crystal Palace FC,Yeremy Pino,0,0,0,0,1,1,0,0,17,0,0,0,0,1,0
81,26 Oct 2025,,1wlvabjugecgxexpyqugbo7bo,Thomas Bramall,Arsenal FC,Crystal Palace FC,A. Wharton,0,0,0,1,1,0,0,0,37,0,0,1,0,3,0
81,26 Oct 2025,,1wlvabjugecgxexpyqugbo7bo,Thomas Bramall,Arsenal FC,Crystal Palace FC,D. Henderson,0,0,0,0,0,0,0,0,21,0,2,0,0,0,0
81,26 Oct 2025,,1wlvabjugecgxexpyqugbo7bo,Thomas Bramall,Arsenal FC,Crystal Palace FC,M. Guéhi,0,1,1,0,1,0,0,0,57,0,0,2,0,1,0
81,26 Oct 2025,,1wlvabjugecgxexpyqugbo7bo,Thomas Bramall,Arsenal FC,Crystal Palace FC,I. Sarr,0,1,0,1,0,1,0,0,23,0,0,1,0,1,0
81,26 Oct 2025,,1wlvabjugecgxexpyqugbo7bo,Thomas Bramall,Arsenal FC,Crystal Palace FC,E. Nketiah,0,0,0,0,1,2,0,0,7,0,0,1,1,0,0
81,26 Oct 2025,,1wlvabjugecgxexpyqugbo7bo,Thomas Bramall,Arsenal FC,Crystal Palace FC,W. Hughes,0,0,0,1,0,0,0,0,14,0,0,0,0,0,0
81,26 Oct 2025,,1wlvabjugecgxexpyqugbo7bo,Thomas Bramall,Arsenal FC,Crystal Palace FC,J. Lerma,0,0,0,1,0,0,0,0,4,0,0,0,0,0,0
81,26 Oct 2025,,1wlvabjugecgxexpyqugbo7bo,Thomas Bramall,Arsenal FC,Crystal Palace FC,B. Sosa,0,0,0,0,0,0,0,0,3,0,0,0,0,0,0
81,26 Oct 2025,,1wlvabjugecgxexpyqugbo7bo,Thomas Bramall,Arsenal FC,Crystal Palace FC,C. Uche,0,0,0,1,0,0,0,0,0,0,0,0,0,0,0
82,26 Oct 2025,,1x07v32ex6xevmomsysc6e4us,Michael Oliver,Aston Villa FC,Manchester City FC,E. Buendía,1,0,0,1,0,0,0,0,13,0,0,1,0,0,0
82,26 Oct 2025,,1x07v32ex6xevmomsysc6e4us,Michael Oliver,Aston Villa FC,Manchester City FC,L. Digne,0,1,1,3,0,0,0,0,30,0,0,1,0,3,0
82,26 Oct 2025,,1x07v32ex6xevmomsysc6e4us,Michael Oliver,Aston Villa FC,Manchester City FC,A. Onana,0,0,0,0,1,3,0,0,43,0,0,0,0,3,0
82,26 Oct 2025,,1x07v32ex6xevmomsysc6e4us,Michael Oliver,Aston Villa FC,Manchester City FC,E. Martínez,0,0,0,0,0,0,0,0,44,0,3,0,0,0,0
82,26 Oct 2025,,1x07v32ex6xevmomsysc6e4us,Michael Oliver,Aston Villa FC,Manchester City FC,Pau Torres,0,0,1,0,1,0,0,0,56,0,0,0,0,0,0
82,26 Oct 2025,,1x07v32ex6xevmomsysc6e4us,Michael Oliver,Aston Villa FC,Manchester City FC,B. Kamara,0,0,0,0,3,1,0,0,55,0,0,0,0,2,1
82,26 Oct 2025,,1x07v32ex6xevmomsysc6e4us,Michael Oliver,Aston Villa FC,Manchester City FC,M. Rogers,0,0,2,0,0,2,0,0,29,0,0,0,0,3,0
82,26 Oct 2025,,1x07v32ex6xevmomsysc6e4us,Michael Oliver,Aston Villa FC,Manchester City FC,E. Konsa,0,0,0,0,1,0,0,0,65,0,0,0,0,1,0
82,26 Oct 2025,,1x07v32ex6xevmomsysc6e4us,Michael Oliver,Aston Villa FC,Manchester City FC,O. Watkins,0,2,0,0,1,1,0,1,22,0,0,2,0,1,0
82,26 Oct 2025,,1x07v32ex6xevmomsysc6e4us,Michael Oliver,Aston Villa FC,Manchester City FC,M. Cash,0,0,0,3,1,2,1,0,48,0,0,1,1,2,0
82,26 Oct 2025,,1x07v32ex6xevmomsysc6e4us,Michael Oliver,Aston Villa FC,Manchester City FC,J. McGinn,0,2,1,4,0,4,0,0,17,0,0,2,0,0,0
82,26 Oct 2025,,1x07v32ex6xevmomsysc6e4us,Michael Oliver,Aston Villa FC,Manchester City FC,J. Sancho,0,0,0,0,0,0,0,0,17,0,0,2,2,0,0
82,26 Oct 2025,,1x07v32ex6xevmomsysc6e4us,Michael Oliver,Aston Villa FC,Manchester City FC,R. Barkley,0,0,0,0,0,0,0,0,7,0,0,0,0,0,0
82,26 Oct 2025,,1x07v32ex6xevmomsysc6e4us,Michael Oliver,Aston Villa FC,Manchester City FC,E. Guessand,0,0,0,0,0,2,0,0,3,0,0,0,0,2,0
82,26 Oct 2025,,1x07v32ex6xevmomsysc6e4us,Michael Oliver,Aston Villa FC,Manchester City FC,D. Malen,0,0,0,1,0,0,0,0,0,0,0,0,0,1,0
82,26 Oct 2025,,1x07v32ex6xevmomsysc6e4us,Michael Oliver,Aston Villa FC,Manchester City FC,Ian Ethan Maatsen,0,0,0,0,0,0,0,0,0,0,0,0,0,0,0
82,26 Oct 2025,,1x07v32ex6xevmomsysc6e4us,Michael Oliver,Aston Villa FC,Manchester City FC,E. Haaland,0,0,0,0,0,1,0,0,7,0,0,3,3,0,0
82,26 Oct 2025,,1x07v32ex6xevmomsysc6e4us,Michael Oliver,Aston Villa FC,Manchester City FC,Rúben Dias,0,2,1,0,1,0,0,0,74,0,0,2,0,0,0
82,26 Oct 2025,,1x07v32ex6xevmomsysc6e4us,Michael Oliver,Aston Villa FC,Manchester City FC,Matheus Nunes,0,0,0,1,0,1,0,0,89,0,0,1,0,2,0
82,26 Oct 2025,,1x07v32ex6xevmomsysc6e4us,Michael Oliver,Aston Villa FC,Manchester City FC,J. Gvardiol,0,0,0,1,4,0,0,0,73,0,0,2,0,1,0
82,26 Oct 2025,,1x07v32ex6xevmomsysc6e4us,Michael Oliver,Aston Villa FC,Manchester City FC,G. Donnarumma,0,0,0,0,0,0,0,0,13,0,2,0,0,0,0
82,26 Oct 2025,,1x07v32ex6xevmomsysc6e4us,Michael Oliver,Aston Villa FC,Manchester City FC,O. Bobb,0,0,0,0,1,0,0,0,20,0,0,0,0,2,0
82,26 Oct 2025,,1x07v32ex6xevmomsysc6e4us,Michael Oliver,Aston Villa FC,Manchester City FC,P. Foden,0,2,1,9,1,2,0,0,47,0,0,2,0,2,1
82,26 Oct 2025,,1x07v32ex6xevmomsysc6e4us,Michael Oliver,Aston Villa FC,Manchester City FC,Savinho,0,1,3,5,2,0,0,0,31,0,0,2,1,2,1
82,26 Oct 2025,,1x07v32ex6xevmomsysc6e4us,Michael Oliver,Aston Villa FC,Manchester City FC,J. Stones,0,0,0,0,0,0,0,0,28,0,0,0,0,0,0
82,26 Oct 2025,,1x07v32ex6xevmomsysc6e4us,Michael Oliver,Aston Villa FC,Manchester City FC,T. Reijnders,0,0,0,0,4,0,0,1,39,0,0,2,0,0,1
82,26 Oct 2025,,1x07v32ex6xevmomsysc6e4us,Michael Oliver,Aston Villa FC,Manchester City FC,Bernardo Silva,0,0,0,0,0,1,0,1,19,0,0,0,0,0,0
82,26 Oct 2025,,1x07v32ex6xevmomsysc6e4us,Michael Oliver,Aston Villa FC,Manchester City FC,J. Doku,0,0,1,4,0,2,0,0,18,0,0,0,0,0,0
82,26 Oct 2025,,1x07v32ex6xevmomsysc6e4us,Michael Oliver,Aston Villa FC,Manchester City FC,N. O'Reilly,0,1,0,0,1,0,0,0,9,0,0,1,0,3,0
82,26 Oct 2025,,1x07v32ex6xevmomsysc6e4us,Michael Oliver,Aston Villa FC,Manchester City FC,Nico González,0,2,0,0,2,0,0,0,27,0,0,2,0,2,1
82,26 Oct 2025,,1x07v32ex6xevmomsysc6e4us,Michael Oliver,Aston Villa FC,Manchester City FC,R. Cherki,0,1,0,1,0,1,0,0,9,0,0,1,0,0,0
82,26 Oct 2025,,1x07v32ex6xevmomsysc6e4us,Michael Oliver,Aston Villa FC,Manchester City FC,Omar Marmoush,0,0,0,0,0,0,0,1,1,0,0,0,0,0,0
83,25 Oct 2025,,1xebw5ifrjl5exfgvwogidmok,Simon Hooper,Brentford FC,Liverpool FC,K. Ajer,0,1,0,0,0,0,0,0,16,0,0,2,0,2,0
83,25 Oct 2025,,1xebw5ifrjl5exfgvwogidmok,Simon Hooper,Brentford FC,Liverpool FC,K. Schade,0,0,0,1,3,1,1,1,15,0,0,1,1,1,1
83,25 Oct 2025,,1xebw5ifrjl5exfgvwogidmok,Simon Hooper,Brentford FC,Liverpool FC,C. Kelleher,0,0,0,0,0,2,0,0,34,0,3,0,0,0,0
83,25 Oct 2025,,1xebw5ifrjl5exfgvwogidmok,Simon Hooper,Brentford FC,Liverpool FC,S. van den Berg,0,0,0,0,0,0,0,0,28,0,0,0,0,1,0
83,25 Oct 2025,,1xebw5ifrjl5exfgvwogidmok,Simon Hooper,Brentford FC,Liverpool FC,M. Kayode,0,1,0,3,0,2,0,0,23,0,0,1,0,1,0
83,25 Oct 2025,,1xebw5ifrjl5exfgvwogidmok,Simon Hooper,Brentford FC,Liverpool FC,J. Henderson,0,0,0,3,0,0,0,0,31,0,0,1,0,1,0
83,25 Oct 2025,,1xebw5ifrjl5exfgvwogidmok,Simon Hooper,Brentford FC,Liverpool FC,Y. Yarmoliuk,0,0,0,0,0,0,0,0,10,0,0,0,0,1,0
83,25 Oct 2025,,1xebw5ifrjl5exfgvwogidmok,Simon Hooper,Brentford FC,Liverpool FC,D. Ouattara,0,0,2,4,1,2,1,0,21,0,0,5,1,0,0
83,25 Oct 2025,,1xebw5ifrjl5exfgvwogidmok,Simon Hooper,Brentford FC,Liverpool FC,M. Damsgaard,1,0,1,3,0,0,0,0,31,0,0,2,2,3,0
83,25 Oct 2025,,1xebw5ifrjl5exfgvwogidmok,Simon Hooper,Brentford FC,Liverpool FC,Igor Thiago,0,0,1,0,1,1,1,1,16,0,0,4,3,1,1
83,25 Oct 2025,,1xebw5ifrjl5exfgvwogidmok,Simon Hooper,Brentford FC,Liverpool FC,N. Collins,0,0,0,0,0,1,0,0,25,0,0,1,1,1,0
83,25 Oct 2025,,1xebw5ifrjl5exfgvwogidmok,Simon Hooper,Brentford FC,Liverpool FC,V. Janelt,0,0,0,2,1,1,0,0,29,0,0,0,0,3,0
83,25 Oct 2025,,1xebw5ifrjl5exfgvwogidmok,Simon Hooper,Brentford FC,Liverpool FC,M. Jensen,0,0,0,0,0,0,0,0,8,0,0,0,0,0,0
83,25 Oct 2025,,1xebw5ifrjl5exfgvwogidmok,Simon Hooper,Brentford FC,Liverpool FC,K. Lewis-Potter,0,0,1,3,1,0,0,0,1,0,0,0,0,0,1
83,25 Oct 2025,,1xebw5ifrjl5exfgvwogidmok,Simon Hooper,Brentford FC,Liverpool FC,R. Henry,0,0,0,0,0,0,0,0,0,0,0,0,0,0,0
83,25 Oct 2025,,1xebw5ifrjl5exfgvwogidmok,Simon Hooper,Brentford FC,Liverpool FC,F. Onyeka,0,0,0,0,0,0,0,0,0,0,0,0,0,0,0
83,25 Oct 2025,,1xebw5ifrjl5exfgvwogidmok,Simon Hooper,Brentford FC,Liverpool FC,C. Jones,0,0,0,0,0,1,0,0,75,0,0,1,1,1,0
83,25 Oct 2025,,1xebw5ifrjl5exfgvwogidmok,Simon Hooper,Brentford FC,Liverpool FC,V. van Dijk,0,0,0,0,1,1,0,0,76,0,0,0,0,2,0
83,25 Oct 2025,,1xebw5ifrjl5exfgvwogidmok,Simon Hooper,Brentford FC,Liverpool FC,C. Bradley,0,0,0,1,1,1,0,0,28,0,0,0,0,2,0
83,25 Oct 2025,,1xebw5ifrjl5exfgvwogidmok,Simon Hooper,Brentford FC,Liverpool FC,F. Wirtz,0,0,0,1,0,0,0,0,46,0,0,1,0,1,0
83,25 Oct 2025,,1xebw5ifrjl5exfgvwogidmok,Simon Hooper,Brentford FC,Liverpool FC,I. Konaté,0,0,0,0,0,2,0,0,69,0,0,0,0,4,0
83,25 Oct 2025,,1xebw5ifrjl5exfgvwogidmok,Simon Hooper,Brentford FC,Liverpool FC,C. Gakpo,0,0,0,1,0,0,0,0,21,0,0,1,0,0,0
83,25 Oct 2025,,1xebw5ifrjl5exfgvwogidmok,Simon Hooper,Brentford FC,Liverpool FC,G. Mamardashvili,0,0,0,0,0,0,0,0,46,0,5,0,0,0,0
83,25 Oct 2025,,1xebw5ifrjl5exfgvwogidmok,Simon Hooper,Brentford FC,Liverpool FC,Mohamed Salah,0,1,2,4,1,0,1,0,23,0,0,5,2,0,1
83,25 Oct 2025,,1xebw5ifrjl5exfgvwogidmok,Simon Hooper,Brentford FC,Liverpool FC,M. Kerkez,0,0,0,2,1,0,1,0,32,0,0,1,1,1,1
83,25 Oct 2025,,1xebw5ifrjl5exfgvwogidmok,Simon Hooper,Brentford FC,Liverpool FC,H. Ekitiké,0,2,1,0,3,0,0,0,13,0,0,4,0,0,0
83,25 Oct 2025,,1xebw5ifrjl5exfgvwogidmok,Simon Hooper,Brentford FC,Liverpool FC,D. Szoboszlai,1,0,0,8,0,1,0,0,90,0,0,1,1,6,0
83,25 Oct 2025,,1xebw5ifrjl5exfgvwogidmok,Simon Hooper,Brentford FC,Liverpool FC,F. Chiesa,0,2,0,1,1,1,0,0,14,0,0,2,0,2,0
83,25 Oct 2025,,1xebw5ifrjl5exfgvwogidmok,Simon Hooper,Brentford FC,Liverpool FC,A. Mac Allister,0,1,0,2,1,0,0,0,23,0,0,1,0,1,0
83,25 Oct 2025,,1xebw5ifrjl5exfgvwogidmok,Simon Hooper,Brentford FC,Liverpool FC,A. Robertson,0,0,0,0,0,0,0,0,23,0,0,0,0,1,0
83,25 Oct 2025,,1xebw5ifrjl5exfgvwogidmok,Simon Hooper,Brentford FC,Liverpool FC,R. Ngumoha,0,0,0,0,1,0,0,0,4,0,0,0,0,0,0
83,25 Oct 2025,,1xebw5ifrjl5exfgvwogidmok,Simon Hooper,Brentford FC,Liverpool FC,J. Gomez,0,0,0,1,0,0,0,0,3,0,0,1,0,0,0
84,25 Oct 2025,,1xse56xeo3sjk9vbxu1rmwf10,Andy Madley,Chelsea FC,Sunderland AFC,R. James,0,0,0,10,1,1,0,0,100,0,0,0,0,3,0
84,25 Oct 2025,,1xse56xeo3sjk9vbxu1rmwf10,Andy Madley,Chelsea FC,Sunderland AFC,Robert Sánchez,0,0,0,0,0,0,0,0,33,0,2,0,0,0,0
84,25 Oct 2025,,1xse56xeo3sjk9vbxu1rmwf10,Andy Madley,Chelsea FC,Sunderland AFC,E. Fernández,0,0,2,3,1,0,0,0,73,0,0,4,3,0,0
84,25 Oct 2025,,1xse56xeo3sjk9vbxu1rmwf10,Andy Madley,Chelsea FC,Sunderland AFC,Marc Cucurella,0,1,1,1,3,3,0,0,37,0,0,1,0,2,0
84,25 Oct 2025,,1xse56xeo3sjk9vbxu1rmwf10,Andy Madley,Chelsea FC,Sunderland AFC,J. Acheampong,0,0,0,0,0,1,0,0,90,0,0,0,0,0,0
84,25 Oct 2025,,1xse56xeo3sjk9vbxu1rmwf10,Andy Madley,Chelsea FC,Sunderland AFC,T. Chalobah,0,0,1,1,2,1,0,1,105,0,0,1,1,0,0
84,25 Oct 2025,,1xse56xeo3sjk9vbxu1rmwf10,Andy Madley,Chelsea FC,Sunderland AFC,M. Caicedo,0,2,1,0,1,2,0,0,78,0,0,2,0,1,0
84,25 Oct 2025,,1xse56xeo3sjk9vbxu1rmwf10,Andy Madley,Chelsea FC,Sunderland AFC,A. Garnacho,0,0,1,4,1,1,1,0,22,0,0,4,2,0,0
84,25 Oct 2025,,1xse56xeo3sjk9vbxu1rmwf10,Andy Madley,Chelsea FC,Sunderland AFC,Pedro Neto,1,0,1,5,0,2,0,0,38,0,0,0,0,0,0
84,25 Oct 2025,,1xse56xeo3sjk9vbxu1rmwf10,Andy Madley,Chelsea FC,Sunderland AFC,Marc Guiu,0,0,0,0,2,0,0,0,4,0,0,2,1,0,0
84,25 Oct 2025,,1xse56xeo3sjk9vbxu1rmwf10,Andy Madley,Chelsea FC,Sunderland AFC,João Pedro,0,0,0,2,1,1,0,2,17,0,0,0,0,0,0
84,25 Oct 2025,,1xse56xeo3sjk9vbxu1rmwf10,Andy Madley,Chelsea FC,Sunderland AFC,Estêvão,0,1,1,1,2,1,0,0,12,0,0,1,0,0,0
84,25 Oct 2025,,1xse56xeo3sjk9vbxu1rmwf10,Andy Madley,Chelsea FC,Sunderland AFC,J. Gittens,0,0,1,2,0,0,0,0,6,0,0,0,0,0,0
84,25 Oct 2025,,1xse56xeo3sjk9vbxu1rmwf10,Andy Madley,Chelsea FC,Sunderland AFC,T. Adarabioyo,0,0,0,0,0,0,0,0,10,0,0,0,0,1,0
84,25 Oct 2025,,1xse56xeo3sjk9vbxu1rmwf10,Andy Madley,Chelsea FC,Sunderland AFC,T. George,0,0,0,0,0,0,0,0,2,0,0,1,0,1,0
84,25 Oct 2025,,1xse56xeo3sjk9vbxu1rmwf10,Andy Madley,Chelsea FC,Sunderland AFC,Andrey Santos,0,0,0,0,1,0,0,0,2,0,0,0,0,0,1
84,25 Oct 2025,,1xse56xeo3sjk9vbxu1rmwf10,Andy Madley,Chelsea FC,Sunderland AFC,G. Xhaka,0,1,0,1,0,0,0,0,39,0,0,1,0,4,0
84,25 Oct 2025,,1xse56xeo3sjk9vbxu1rmwf10,Andy Madley,Chelsea FC,Sunderland AFC,R. Roefs,0,0,0,0,0,0,0,0,34,0,6,0,0,0,0
84,25 Oct 2025,,1xse56xeo3sjk9vbxu1rmwf10,Andy Madley,Chelsea FC,Sunderland AFC,Reinildo Mandava,0,0,0,0,2,4,0,0,21,0,0,0,0,1,0
84,25 Oct 2025,,1xse56xeo3sjk9vbxu1rmwf10,Andy Madley,Chelsea FC,Sunderland AFC,N. Mukiele,0,0,0,0,0,1,0,0,26,0,0,0,0,1,0
84,25 Oct 2025,,1xse56xeo3sjk9vbxu1rmwf10,Andy Madley,Chelsea FC,Sunderland AFC,B. Traoré,0,1,0,3,1,3,0,1,11,0,0,2,1,0,0
84,25 Oct 2025,,1xse56xeo3sjk9vbxu1rmwf10,Andy Madley,Chelsea FC,Sunderland AFC,E. Le Fée,0,0,1,2,3,1,0,0,29,0,0,1,0,2,1
84,25 Oct 2025,,1xse56xeo3sjk9vbxu1rmwf10,Andy Madley,Chelsea FC,Sunderland AFC,D. Ballard,0,0,0,0,2,1,0,0,25,0,0,1,1,2,0
84,25 Oct 2025,,1xse56xeo3sjk9vbxu1rmwf10,Andy Madley,Chelsea FC,Sunderland AFC,T. Hume,0,0,0,2,1,1,0,0,30,0,0,0,0,1,0
84,25 Oct 2025,,1xse56xeo3sjk9vbxu1rmwf10,Andy Madley,Chelsea FC,Sunderland AFC,L. Geertruida,0,1,0,0,0,0,0,0,34,0,0,1,0,0,0
84,25 Oct 2025,,1xse56xeo3sjk9vbxu1rmwf10,Andy Madley,Chelsea FC,Sunderland AFC,N. Sadiki,0,0,0,0,0,1,0,0,20,0,0,0,0,2,0
84,25 Oct 2025,,1xse56xeo3sjk9vbxu1rmwf10,Andy Madley,Chelsea FC,Sunderland AFC,W. Isidor,0,1,0,0,3,1,1,1,8,0,0,3,1,0,0
84,25 Oct 2025,,1xse56xeo3sjk9vbxu1rmwf10,Andy Madley,Chelsea FC,Sunderland AFC,C. Talbi,0,0,0,1,0,0,1,0,7,0,0,1,1,0,0
84,25 Oct 2025,,1xse56xeo3sjk9vbxu1rmwf10,Andy Madley,Chelsea FC,Sunderland AFC,C. Rigg,0,0,0,0,0,1,0,0,4,0,0,0,0,0,0
84,25 Oct 2025,,1xse56xeo3sjk9vbxu1rmwf10,Andy Madley,Chelsea FC,Sunderland AFC,B. Brobbey,1,0,0,0,1,1,0,0,5,0,0,0,0,1,0
85,26 Oct 2025,,1y8dmrju1hkfvsl3srj1ycdn8,Craig Pawson,Everton FC,Tottenham Hotspur FC,J. O'Brien,0,0,0,3,0,0,0,0,29,0,0,0,0,4,0
85,26 Oct 2025,,1y8dmrju1hkfvsl3srj1ycdn8,Craig Pawson,Everton FC,Tottenham Hotspur FC,J. Tarkowski,0,0,0,0,0,0,0,0,59,0,0,0,0,1,0
85,26 Oct 2025,,1y8dmrju1hkfvsl3srj1ycdn8,Craig Pawson,Everton FC,Tottenham Hotspur FC,I. Gueye,0,1,0,0,2,3,0,0,33,0,0,1,0,2,0
85,26 Oct 2025,,1y8dmrju1hkfvsl3srj1ycdn8,Craig Pawson,Everton FC,Tottenham Hotspur FC,J. Pickford,0,0,0,0,0,0,0,0,28,0,1,0,0,0,0
85,26 Oct 2025,,1y8dmrju1hkfvsl3srj1ycdn8,Craig Pawson,Everton FC,Tottenham Hotspur FC,V. Mykolenko,0,1,2,3,0,1,0,0,39,0,0,1,0,1,0
85,26 Oct 2025,,1y8dmrju1hkfvsl3srj1ycdn8,Craig Pawson,Everton FC,Tottenham Hotspur FC,M. Keane,0,0,0,0,1,1,0,0,54,0,0,0,0,1,0
85,26 Oct 2025,,1y8dmrju1hkfvsl3srj1ycdn8,Craig Pawson,Everton FC,Tottenham Hotspur FC,I. Ndiaye,0,0,3,3,0,1,0,1,34,0,0,2,1,3,0
85,26 Oct 2025,,1y8dmrju1hkfvsl3srj1ycdn8,Craig Pawson,Everton FC,Tottenham Hotspur FC,J. Grealish,0,1,1,4,0,2,0,0,45,0,0,1,0,1,1
85,26 Oct 2025,,1y8dmrju1hkfvsl3srj1ycdn8,Craig Pawson,Everton FC,Tottenham Hotspur FC,J. Garner,0,0,1,12,1,0,0,0,52,0,0,2,0,6,1
85,26 Oct 2025,,1y8dmrju1hkfvsl3srj1ycdn8,Craig Pawson,Everton FC,Tottenham Hotspur FC,Beto,0,0,0,0,1,0,0,1,5,0,0,1,1,0,0
85,26 Oct 2025,,1y8dmrju1hkfvsl3srj1ycdn8,Craig Pawson,Everton FC,Tottenham Hotspur FC,K. Dewsbury-Hall,0,1,0,8,0,0,0,0,37,0,0,2,0,0,0
85,26 Oct 2025,,1y8dmrju1hkfvsl3srj1ycdn8,Craig Pawson,Everton FC,Tottenham Hotspur FC,T. Barry,0,1,2,0,1,0,0,0,3,0,0,1,0,0,0
85,26 Oct 2025,,1y8dmrju1hkfvsl3srj1ycdn8,Craig Pawson,Everton FC,Tottenham Hotspur FC,M. Röhl,0,0,0,0,3,0,0,0,15,0,0,1,0,0,0
85,26 Oct 2025,,1y8dmrju1hkfvsl3srj1ycdn8,Craig Pawson,Everton FC,Tottenham Hotspur FC,C. Alcaraz,0,0,0,0,0,0,0,0,9,0,0,0,0,0,0
85,26 Oct 2025,,1y8dmrju1hkfvsl3srj1ycdn8,Craig Pawson,Everton FC,Tottenham Hotspur FC,X. Simons,0,0,0,0,0,1,0,0,28,0,0,0,0,2,0
85,26 Oct 2025,,1y8dmrju1hkfvsl3srj1ycdn8,Craig Pawson,Everton FC,Tottenham Hotspur FC,G. Vicario,0,0,0,0,0,0,0,0,35,0,2,0,0,0,0
85,26 Oct 2025,,1y8dmrju1hkfvsl3srj1ycdn8,Craig Pawson,Everton FC,Tottenham Hotspur FC,João Palhinha,0,0,0,0,0,2,0,0,41,0,0,0,0,4,0
85,26 Oct 2025,,1y8dmrju1hkfvsl3srj1ycdn8,Craig Pawson,Everton FC,Tottenham Hotspur FC,M. van de Ven,0,0,0,0,0,1,2,0,71,0,0,2,2,1,0
85,26 Oct 2025,,1y8dmrju1hkfvsl3srj1ycdn8,Craig Pawson,Everton FC,Tottenham Hotspur FC,K. Danso,0,0,1,0,0,1,0,0,47,0,0,0,0,1,0
85,26 Oct 2025,,1y8dmrju1hkfvsl3srj1ycdn8,Craig Pawson,Everton FC,Tottenham Hotspur FC,Pedro Porro,1,0,0,3,1,1,0,0,43,0,0,0,0,2,0
85,26 Oct 2025,,1y8dmrju1hkfvsl3srj1ycdn8,Craig Pawson,Everton FC,Tottenham Hotspur FC,M. Kudus,0,1,4,9,1,1,0,0,17,0,0,1,0,0,0
85,26 Oct 2025,,1y8dmrju1hkfvsl3srj1ycdn8,Craig Pawson,Everton FC,Tottenham Hotspur FC,D. Spence,0,0,0,0,0,0,0,0,28,0,0,0,0,1,0
85,26 Oct 2025,,1y8dmrju1hkfvsl3srj1ycdn8,Craig Pawson,Everton FC,Tottenham Hotspur FC,R. Kolo Muani,0,0,1,0,2,0,0,0,7,0,0,0,0,2,0
85,26 Oct 2025,,1y8dmrju1hkfvsl3srj1ycdn8,Craig Pawson,Everton FC,Tottenham Hotspur FC,B. Johnson,0,0,1,3,0,0,0,0,15,0,0,0,0,3,0
85,26 Oct 2025,,1y8dmrju1hkfvsl3srj1ycdn8,Craig Pawson,Everton FC,Tottenham Hotspur FC,R. Bentancur,1,0,0,0,1,0,0,0,43,0,0,2,0,1,0
85,26 Oct 2025,,1y8dmrju1hkfvsl3srj1ycdn8,Craig Pawson,Everton FC,Tottenham Hotspur FC,L. Bergvall,0,0,0,0,1,0,0,1,11,0,0,0,0,2,0
85,26 Oct 2025,,1y8dmrju1hkfvsl3srj1ycdn8,Craig Pawson,Everton FC,Tottenham Hotspur FC,Richarlison,1,0,1,0,2,0,0,0,5,0,0,1,1,1,0
85,26 Oct 2025,,1y8dmrju1hkfvsl3srj1ycdn8,Craig Pawson,Everton FC,Tottenham Hotspur FC,P. Sarr,0,0,0,0,0,1,1,1,4,0,0,1,1,0,0
85,26 Oct 2025,,1y8dmrju1hkfvsl3srj1ycdn8,Craig Pawson,Everton FC,Tottenham Hotspur FC,Mathys Henri Tel,0,0,0,0,0,0,0,0,0,0,0,0,0,0,0
86,24 Oct 2025,,1ymmbmwqt706tquiw6k5n649g,Stuart Attwell,Leeds United FC,West Ham United FC,E. Ampadu,0,0,0,0,3,0,0,0,43,0,0,2,0,2,0
86,24 Oct 2025,,1ymmbmwqt706tquiw6k5n649g,Stuart Attwell,Leeds United FC,West Ham United FC,J. Bijol,0,0,0,0,3,1,0,0,57,0,0,0,0,2,0
86,24 Oct 2025,,1ymmbmwqt706tquiw6k5n649g,Stuart Attwell,Leeds United FC,West Ham United FC,G. Gudmundsson,0,0,1,1,0,1,0,0,10,0,0,0,0,0,0
86,24 Oct 2025,,1ymmbmwqt706tquiw6k5n649g,Stuart Attwell,Leeds United FC,West Ham United FC,Lucas Perri,0,0,0,0,0,0,0,0,40,0,2,0,0,0,1
86,24 Oct 2025,,1ymmbmwqt706tquiw6k5n649g,Stuart Attwell,Leeds United FC,West Ham United FC,J. Rodon,0,0,0,0,0,1,1,0,48,0,0,1,1,1,0
86,24 Oct 2025,,1ymmbmwqt706tquiw6k5n649g,Stuart Attwell,Leeds United FC,West Ham United FC,J. Bogle,0,0,1,2,1,0,0,0,22,0,0,1,1,5,0
86,24 Oct 2025,,1ymmbmwqt706tquiw6k5n649g,Stuart Attwell,Leeds United FC,West Ham United FC,D. Calvert-Lewin,0,0,0,0,1,2,0,0,16,0,0,1,0,1,0
86,24 Oct 2025,,1ymmbmwqt706tquiw6k5n649g,Stuart Attwell,Leeds United FC,West Ham United FC,A. Tanaka,0,0,0,0,1,0,0,0,29,0,0,1,0,0,0
86,24 Oct 2025,,1ymmbmwqt706tquiw6k5n649g,Stuart Attwell,Leeds United FC,West Ham United FC,S. Longstaff,1,0,0,3,1,1,0,0,31,0,0,0,0,4,0
86,24 Oct 2025,,1ymmbmwqt706tquiw6k5n649g,Stuart Attwell,Leeds United FC,West Ham United FC,B. Aaronson,0,2,1,4,0,2,1,1,15,0,0,3,1,3,0
86,24 Oct 2025,,1ymmbmwqt706tquiw6k5n649g,Stuart Attwell,Leeds United FC,West Ham United FC,N. Okafor,0,0,0,0,0,0,0,0,14,0,0,2,1,0,0
86,24 Oct 2025,,1ymmbmwqt706tquiw6k5n649g,Stuart Attwell,Leeds United FC,West Ham United FC,J. Justin,0,0,0,1,1,1,0,0,21,0,0,0,0,1,1
86,24 Oct 2025,,1ymmbmwqt706tquiw6k5n649g,Stuart Attwell,Leeds United FC,West Ham United FC,J. Harrison,0,1,0,0,0,0,0,0,16,0,0,2,1,1,0
86,24 Oct 2025,,1ymmbmwqt706tquiw6k5n649g,Stuart Attwell,Leeds United FC,West Ham United FC,I. Gruev,0,0,0,0,1,1,0,0,5,0,0,0,0,1,1
86,24 Oct 2025,,1ymmbmwqt706tquiw6k5n649g,Stuart Attwell,Leeds United FC,West Ham United FC,L. Nmecha,0,0,0,0,0,1,0,0,2,0,0,0,0,0,0
86,24 Oct 2025,,1ymmbmwqt706tquiw6k5n649g,Stuart Attwell,Leeds United FC,West Ham United FC,Daniel Owen James,0,0,0,0,0,0,0,0,0,0,0,0,0,0,0
86,24 Oct 2025,,1ymmbmwqt706tquiw6k5n649g,Stuart Attwell,Leeds United FC,West Ham United FC,J. Bowen,1,0,1,3,1,1,0,0,29,0,0,2,1,0,0
86,24 Oct 2025,,1ymmbmwqt706tquiw6k5n649g,Stuart Attwell,Leeds United FC,West Ham United FC,M. Kilman,0,0,0,0,2,0,0,0,69,0,0,0,0,0,0
86,24 Oct 2025,,1ymmbmwqt706tquiw6k5n649g,Stuart Attwell,Leeds United FC,West Ham United FC,T. Souček,0,0,0,0,1,1,0,0,32,0,0,1,0,0,0
86,24 Oct 2025,,1ymmbmwqt706tquiw6k5n649g,Stuart Attwell,Leeds United FC,West Ham United FC,O. Scarles,0,0,0,0,0,0,0,0,3,0,0,0,0,0,0
86,24 Oct 2025,,1ymmbmwqt706tquiw6k5n649g,Stuart Attwell,Leeds United FC,West Ham United FC,Lucas Paquetá,0,1,0,4,2,4,0,1,62,0,0,1,0,1,1
86,24 Oct 2025,,1ymmbmwqt706tquiw6k5n649g,Stuart Attwell,Leeds United FC,West Ham United FC,A. Areola,0,0,0,0,0,0,0,0,22,0,3,0,0,0,0
86,24 Oct 2025,,1ymmbmwqt706tquiw6k5n649g,Stuart Attwell,Leeds United FC,West Ham United FC,A. Irving,0,0,0,1,1,0,0,0,40,0,0,0,0,1,0
86,24 Oct 2025,,1ymmbmwqt706tquiw6k5n649g,Stuart Attwell,Leeds United FC,West Ham United FC,A. Wan-Bissaka,0,0,0,2,0,0,0,0,45,0,0,0,0,1,0
86,24 Oct 2025,,1ymmbmwqt706tquiw6k5n649g,Stuart Attwell,Leeds United FC,West Ham United FC,J. Todibo,0,0,0,0,1,1,0,0,75,0,0,0,0,2,1
86,24 Oct 2025,,1ymmbmwqt706tquiw6k5n649g,Stuart Attwell,Leeds United FC,West Ham United FC,E. Diouf,0,1,1,6,0,1,0,0,44,0,0,2,0,1,0
86,24 Oct 2025,,1ymmbmwqt706tquiw6k5n649g,Stuart Attwell,Leeds United FC,West Ham United FC,C. Summerville,0,0,0,1,2,1,0,0,19,0,0,0,0,2,1
86,24 Oct 2025,,1ymmbmwqt706tquiw6k5n649g,Stuart Attwell,Leeds United FC,West Ham United FC,C. Wilson,0,0,0,0,0,2,0,0,7,0,0,1,1,0,0
86,24 Oct 2025,,1ymmbmwqt706tquiw6k5n649g,Stuart Attwell,Leeds United FC,West Ham United FC,Mateus Fernandes,0,1,2,4,1,0,1,0,25,0,0,2,1,1,0
86,24 Oct 2025,,1ymmbmwqt706tquiw6k5n649g,Stuart Attwell,Leeds United FC,West Ham United FC,F. Potts,0,0,0,1,0,0,0,0,36,0,0,0,0,0,0
86,24 Oct 2025,,1ymmbmwqt706tquiw6k5n649g,Stuart Attwell,Leeds United FC,West Ham United FC,K. Walker-Peters,0,0,0,0,0,1,0,0,9,0,0,0,0,0,0
86,24 Oct 2025,,1ymmbmwqt706tquiw6k5n649g,Stuart Attwell,Leeds United FC,West Ham United FC,S. Magassa,0,0,0,1,0,0,0,0,8,0,0,0,0,3,0
87,25 Oct 2025,,1z0pvc6kf8t3einy25wvna42c,Anthony Taylor,Manchester United FC,Brighton & Hove Albion FC,B. Mbeumo,0,0,1,2,0,2,2,0,38,0,0,3,3,0,0
87,25 Oct 2025,,1z0pvc6kf8t3einy25wvna42c,Anthony Taylor,Manchester United FC,Brighton & Hove Albion FC,S. Lammens,0,0,0,0,0,0,0,0,48,0,3,0,0,0,0
87,25 Oct 2025,,1z0pvc6kf8t3einy25wvna42c,Anthony Taylor,Manchester United FC,Brighton & Hove Albion FC,B. Šeško,1,0,0,0,1,1,0,0,13,0,0,2,1,0,1
87,25 Oct 2025,,1z0pvc6kf8t3einy25wvna42c,Anthony Taylor,Manchester United FC,Brighton & Hove Albion FC,Diogo Dalot,0,0,0,0,0,0,0,1,24,0,0,1,0,2,0
87,25 Oct 2025,,1z0pvc6kf8t3einy25wvna42c,Anthony Taylor,Manchester United FC,Brighton & Hove Albion FC,Bruno Fernandes,0,1,0,2,1,3,0,0,51,0,0,4,2,3,0
87,25 Oct 2025,,1z0pvc6kf8t3einy25wvna42c,Anthony Taylor,Manchester United FC,Brighton & Hove Albion FC,Matheus Cunha,0,0,0,4,0,2,1,1,36,0,0,2,2,3,0
87,25 Oct 2025,,1z0pvc6kf8t3einy25wvna42c,Anthony Taylor,Manchester United FC,Brighton & Hove Albion FC,M. de Ligt,0,0,0,0,0,0,0,0,43,0,0,0,0,0,0
87,25 Oct 2025,,1z0pvc6kf8t3einy25wvna42c,Anthony Taylor,Manchester United FC,Brighton & Hove Albion FC,L. Shaw,1,0,0,0,0,0,0,0,35,0,0,0,0,1,0
87,25 Oct 2025,,1z0pvc6kf8t3einy25wvna42c,Anthony Taylor,Manchester United FC,Brighton & Hove Albion FC,L. Yoro,0,0,0,0,1,0,0,0,51,0,0,0,0,1,0
87,25 Oct 2025,,1z0pvc6kf8t3einy25wvna42c,Anthony Taylor,Manchester United FC,Brighton & Hove Albion FC,A. Diallo,0,0,0,1,0,1,0,0,30,0,0,0,0,0,0
87,25 Oct 2025,,1z0pvc6kf8t3einy25wvna42c,Anthony Taylor,Manchester United FC,Brighton & Hove Albion FC,Casemiro,1,0,0,0,0,1,1,0,32,0,0,1,1,3,0
87,25 Oct 2025,,1z0pvc6kf8t3einy25wvna42c,Anthony Taylor,Manchester United FC,Brighton & Hove Albion FC,A. Heaven,1,0,0,0,0,0,0,0,14,0,0,0,0,1,0
87,25 Oct 2025,,1z0pvc6kf8t3einy25wvna42c,Anthony Taylor,Manchester United FC,Brighton & Hove Albion FC,P. Dorgu,0,0,0,0,1,1,0,0,5,0,0,0,0,2,1
87,25 Oct 2025,,1z0pvc6kf8t3einy25wvna42c,Anthony Taylor,Manchester United FC,Brighton & Hove Albion FC,K. Mainoo,0,0,0,0,0,0,0,0,9,0,0,0,0,1,0
87,25 Oct 2025,,1z0pvc6kf8t3einy25wvna42c,Anthony Taylor,Manchester United FC,Brighton & Hove Albion FC,M. Ugarte,0,0,0,0,0,1,0,0,9,0,0,0,0,2,0
87,25 Oct 2025,,1z0pvc6kf8t3einy25wvna42c,Anthony Taylor,Manchester United FC,Brighton & Hove Albion FC,J. Zirkzee,0,0,0,0,0,0,0,0,4,0,0,0,0,2,0
87,25 Oct 2025,,1z0pvc6kf8t3einy25wvna42c,Anthony Taylor,Manchester United FC,Brighton & Hove Albion FC,M. Wieffer,0,0,0,0,1,1,0,0,58,0,0,0,0,4,0
87,25 Oct 2025,,1z0pvc6kf8t3einy25wvna42c,Anthony Taylor,Manchester United FC,Brighton & Hove Albion FC,L. Dunk,0,0,0,0,0,0,0,0,90,0,0,1,0,1,0
87,25 Oct 2025,,1z0pvc6kf8t3einy25wvna42c,Anthony Taylor,Manchester United FC,Brighton & Hove Albion FC,B. Verbruggen,0,0,0,0,0,0,0,0,39,0,5,0,0,0,0
87,25 Oct 2025,,1z0pvc6kf8t3einy25wvna42c,Anthony Taylor,Manchester United FC,Brighton & Hove Albion FC,G. Rutter,0,0,1,0,1,0,0,0,33,0,0,0,0,0,0
87,25 Oct 2025,,1z0pvc6kf8t3einy25wvna42c,Anthony Taylor,Manchester United FC,Brighton & Hove Albion FC,M. De Cuyper,0,0,0,5,0,0,0,0,31,0,0,1,0,0,0
87,25 Oct 2025,,1z0pvc6kf8t3einy25wvna42c,Anthony Taylor,Manchester United FC,Brighton & Hove Albion FC,Y. Ayari,0,1,1,0,0,1,0,0,52,0,0,2,0,0,0
87,25 Oct 2025,,1z0pvc6kf8t3einy25wvna42c,Anthony Taylor,Manchester United FC,Brighton & Hove Albion FC,J. van Hecke,0,0,0,1,1,1,0,0,78,0,0,0,0,5,0
87,25 Oct 2025,,1z0pvc6kf8t3einy25wvna42c,Anthony Taylor,Manchester United FC,Brighton & Hove Albion FC,F. Kadıoğlu,0,1,3,5,2,0,0,1,37,0,0,2,1,2,1
87,25 Oct 2025,,1z0pvc6kf8t3einy25wvna42c,Anthony Taylor,Manchester United FC,Brighton & Hove Albion FC,C. Baleba,0,0,0,0,1,0,0,0,42,0,0,2,0,1,1
87,25 Oct 2025,,1z0pvc6kf8t3einy25wvna42c,Anthony Taylor,Manchester United FC,Brighton & Hove Albion FC,Y. Minteh,0,0,0,4,3,1,0,1,19,0,0,1,0,2,0
87,25 Oct 2025,,1z0pvc6kf8t3einy25wvna42c,Anthony Taylor,Manchester United FC,Brighton & Hove Albion FC,D. Welbeck,0,0,0,0,2,0,1,0,22,0,0,3,2,0,0
87,25 Oct 2025,,1z0pvc6kf8t3einy25wvna42c,Anthony Taylor,Manchester United FC,Brighton & Hove Albion FC,D. Gómez,0,1,0,0,1,0,0,0,18,0,0,1,0,2,0
87,25 Oct 2025,,1z0pvc6kf8t3einy25wvna42c,Anthony Taylor,Manchester United FC,Brighton & Hove Albion FC,J. Milner,1,0,0,2,0,0,0,0,30,0,0,0,0,0,0
87,25 Oct 2025,,1z0pvc6kf8t3einy25wvna42c,Anthony Taylor,Manchester United FC,Brighton & Hove Albion FC,T. Watson,0,0,0,0,0,0,0,0,11,0,0,1,1,1,0
87,25 Oct 2025,,1z0pvc6kf8t3einy25wvna42c,Anthony Taylor,Manchester United FC,Brighton & Hove Albion FC,C. Kostoulas,0,1,1,0,1,0,1,0,6,0,0,2,1,0,0
87,25 Oct 2025,,1z0pvc6kf8t3einy25wvna42c,Anthony Taylor,Manchester United FC,Brighton & Hove Albion FC,S. Tzimas,0,0,0,0,0,0,0,0,2,0,0,1,0,0,0
88,25 Oct 2025,,1zf0zsabpkibbzn05lty6cv10,Peter Bankes,Newcastle United FC,Fulham FC,M. Thiaw,0,0,0,0,0,1,0,0,63,0,0,1,0,2,0
88,25 Oct 2025,,1zf0zsabpkibbzn05lty6cv10,Peter Bankes,Newcastle United FC,Fulham FC,N. Pope,0,0,0,0,0,0,0,0,26,0,4,0,0,0,0
88,25 Oct 2025,,1zf0zsabpkibbzn05lty6cv10,Peter Bankes,Newcastle United FC,Fulham FC,S. Botman,0,0,0,0,0,0,0,0,26,0,0,0,0,0,0
88,25 Oct 2025,,1zf0zsabpkibbzn05lty6cv10,Peter Bankes,Newcastle United FC,Fulham FC,K. Trippier,0,0,0,5,1,2,0,0,56,0,0,0,0,2,0
88,25 Oct 2025,,1zf0zsabpkibbzn05lty6cv10,Peter Bankes,Newcastle United FC,Fulham FC,Bruno Guimarães,0,0,0,0,2,3,1,0,53,0,0,4,1,3,0
88,25 Oct 2025,,1zf0zsabpkibbzn05lty6cv10,Peter Bankes,Newcastle United FC,Fulham FC,L. Miley,0,0,0,0,0,0,0,0,27,0,0,0,0,0,0
88,25 Oct 2025,,1zf0zsabpkibbzn05lty6cv10,Peter Bankes,Newcastle United FC,Fulham FC,D. Burn,0,0,0,1,3,0,0,0,36,0,0,0,0,1,0
88,25 Oct 2025,,1zf0zsabpkibbzn05lty6cv10,Peter Bankes,Newcastle United FC,Fulham FC,A. Gordon,0,0,0,4,3,3,0,0,20,0,0,0,0,0,0
88,25 Oct 2025,,1zf0zsabpkibbzn05lty6cv10,Peter Bankes,Newcastle United FC,Fulham FC,N. Woltemade,0,1,1,0,1,3,0,0,18,0,0,2,0,0,0
88,25 Oct 2025,,1zf0zsabpkibbzn05lty6cv10,Peter Bankes,Newcastle United FC,Fulham FC,J. Murphy,0,2,2,2,0,1,1,0,19,0,0,5,3,1,0
88,25 Oct 2025,,1zf0zsabpkibbzn05lty6cv10,Peter Bankes,Newcastle United FC,Fulham FC,Joelinton,0,0,0,0,0,2,0,0,36,0,0,1,0,4,0
88,25 Oct 2025,,1zf0zsabpkibbzn05lty6cv10,Peter Bankes,Newcastle United FC,Fulham FC,F. Schär,0,0,0,0,0,0,0,0,27,0,0,0,0,1,0
88,25 Oct 2025,,1zf0zsabpkibbzn05lty6cv10,Peter Bankes,Newcastle United FC,Fulham FC,S. Tonali,0,0,0,1,0,0,0,0,23,0,0,2,2,0,0
88,25 Oct 2025,,1zf0zsabpkibbzn05lty6cv10,Peter Bankes,Newcastle United FC,Fulham FC,H. Barnes,0,0,0,2,0,2,0,0,8,0,0,0,0,0,0
88,25 Oct 2025,,1zf0zsabpkibbzn05lty6cv10,Peter Bankes,Newcastle United FC,Fulham FC,A. Elanga,0,1,0,4,0,1,0,0,14,0,0,1,0,0,0
88,25 Oct 2025,,1zf0zsabpkibbzn05lty6cv10,Peter Bankes,Newcastle United FC,Fulham FC,W. Osula,0,1,1,0,1,0,0,0,0,0,0,2,1,0,0
88,25 Oct 2025,,1zf0zsabpkibbzn05lty6cv10,Peter Bankes,Newcastle United FC,Fulham FC,S. Lukić,0,0,0,3,4,0,1,0,34,0,0,1,1,3,0
88,25 Oct 2025,,1zf0zsabpkibbzn05lty6cv10,Peter Bankes,Newcastle United FC,Fulham FC,I. Diop,0,0,0,0,1,0,0,0,61,0,0,0,0,2,0
88,25 Oct 2025,,1zf0zsabpkibbzn05lty6cv10,Peter Bankes,Newcastle United FC,Fulham FC,R. Jiménez,0,3,1,0,0,0,0,0,27,0,0,6,2,2,0
88,25 Oct 2025,,1zf0zsabpkibbzn05lty6cv10,Peter Bankes,Newcastle United FC,Fulham FC,E. Smith Rowe,0,0,0,0,1,0,0,1,18,0,0,1,1,0,0
88,25 Oct 2025,,1zf0zsabpkibbzn05lty6cv10,Peter Bankes,Newcastle United FC,Fulham FC,S. Berge,0,0,0,1,1,0,0,0,48,0,0,1,1,0,0
88,25 Oct 2025,,1zf0zsabpkibbzn05lty6cv10,Peter Bankes,Newcastle United FC,Fulham FC,A. Iwobi,0,2,0,2,0,0,0,0,43,0,0,2,0,0,1
88,25 Oct 2025,,1zf0zsabpkibbzn05lty6cv10,Peter Bankes,Newcastle United FC,Fulham FC,R. Sessegnon,0,0,0,1,2,0,0,0,36,0,0,0,0,1,0
88,25 Oct 2025,,1zf0zsabpkibbzn05lty6cv10,Peter Bankes,Newcastle United FC,Fulham FC,K. Tete,0,0,0,1,2,2,0,0,40,0,0,0,0,4,1
88,25 Oct 2025,,1zf0zsabpkibbzn05lty6cv10,Peter Bankes,Newcastle United FC,Fulham FC,C. Bassey,0,0,0,0,4,1,0,0,55,0,0,0,0,2,0
88,25 Oct 2025,,1zf0zsabpkibbzn05lty6cv10,Peter Bankes,Newcastle United FC,Fulham FC,B. Leno,0,0,0,0,0,0,0,0,38,0,5,0,0,0,0
88,25 Oct 2025,,1zf0zsabpkibbzn05lty6cv10,Peter Bankes,Newcastle United FC,Fulham FC,Adama Traoré,0,0,1,3,0,5,0,0,15,0,0,1,0,1,0
88,25 Oct 2025,,1zf0zsabpkibbzn05lty6cv10,Peter Bankes,Newcastle United FC,Fulham FC,Kevin,0,0,1,2,2,3,0,0,13,0,0,0,0,2,0
88,25 Oct 2025,,1zf0zsabpkibbzn05lty6cv10,Peter Bankes,Newcastle United FC,Fulham FC,J. King,0,0,0,0,0,0,0,0,6,0,0,0,0,2,0
88,25 Oct 2025,,1zf0zsabpkibbzn05lty6cv10,Peter Bankes,Newcastle United FC,Fulham FC,T. Cairney,0,0,0,0,0,0,0,0,5,0,0,0,0,0,0
88,25 Oct 2025,,1zf0zsabpkibbzn05lty6cv10,Peter Bankes,Newcastle United FC,Fulham FC,J. Kusi-Asare,0,0,0,0,1,0,0,0,2,0,0,0,0,0,0
88,25 Oct 2025,,1zf0zsabpkibbzn05lty6cv10,Peter Bankes,Newcastle United FC,Fulham FC,T. Castagne,0,0,0,0,0,0,0,0,3,0,0,0,0,0,0
89,26 Oct 2025,,1zt5ofxwth7538kncejm3ieqc,Tony Harrington,Wolverhampton Wanderers FC,Burnley FC,Rodrigo Gomes,0,0,3,7,1,0,0,2,40,0,0,3,1,1,0
89,26 Oct 2025,,1zt5ofxwth7538kncejm3ieqc,Tony Harrington,Wolverhampton Wanderers FC,Burnley FC,L. Krejčí,1,1,0,4,2,0,0,0,91,0,0,1,0,0,0
89,26 Oct 2025,,1zt5ofxwth7538kncejm3ieqc,Tony Harrington,Wolverhampton Wanderers FC,Burnley FC,J. Bellegarde,0,1,0,4,1,1,0,0,53,0,0,2,1,3,1
89,26 Oct 2025,,1zt5ofxwth7538kncejm3ieqc,Tony Harrington,Wolverhampton Wanderers FC,Burnley FC,M. Munetsi,0,0,1,0,3,1,1,0,9,0,0,2,2,2,0
89,26 Oct 2025,,1zt5ofxwth7538kncejm3ieqc,Tony Harrington,Wolverhampton Wanderers FC,Burnley FC,Hugo Bueno,0,0,0,12,0,1,0,0,36,0,0,1,0,3,0
89,26 Oct 2025,,1zt5ofxwth7538kncejm3ieqc,Tony Harrington,Wolverhampton Wanderers FC,Burnley FC,J. Arias,0,0,0,3,0,1,0,0,16,0,0,2,0,1,0
89,26 Oct 2025,,1zt5ofxwth7538kncejm3ieqc,Tony Harrington,Wolverhampton Wanderers FC,Burnley FC,S. Johnstone,0,0,0,0,0,0,0,0,31,0,4,0,0,1,0
89,26 Oct 2025,,1zt5ofxwth7538kncejm3ieqc,Tony Harrington,Wolverhampton Wanderers FC,Burnley FC,André,0,0,0,1,1,0,0,0,38,0,0,0,0,0,0
89,26 Oct 2025,,1zt5ofxwth7538kncejm3ieqc,Tony Harrington,Wolverhampton Wanderers FC,Burnley FC,K. Hoever,0,0,0,6,1,1,0,0,36,0,0,0,0,1,0
89,26 Oct 2025,,1zt5ofxwth7538kncejm3ieqc,Tony Harrington,Wolverhampton Wanderers FC,Burnley FC,S. Bueno,0,0,0,0,1,1,0,0,69,0,0,1,1,1,0
89,26 Oct 2025,,1zt5ofxwth7538kncejm3ieqc,Tony Harrington,Wolverhampton Wanderers FC,Burnley FC,J. Strand Larsen,0,0,1,0,1,1,1,0,17,0,0,2,2,0,0
89,26 Oct 2025,,1zt5ofxwth7538kncejm3ieqc,Tony Harrington,Wolverhampton Wanderers FC,Burnley FC,João Gomes,0,0,0,0,1,0,0,0,26,0,0,1,0,1,0
89,26 Oct 2025,,1zt5ofxwth7538kncejm3ieqc,Tony Harrington,Wolverhampton Wanderers FC,Burnley FC,Hwang Hee-Chan,0,0,0,0,0,0,0,0,11,0,0,0,0,0,0
89,26 Oct 2025,,1zt5ofxwth7538kncejm3ieqc,Tony Harrington,Wolverhampton Wanderers FC,Burnley FC,J. Tchatchoua,0,0,0,6,0,0,0,0,15,0,0,0,0,0,0
89,26 Oct 2025,,1zt5ofxwth7538kncejm3ieqc,Tony Harrington,Wolverhampton Wanderers FC,Burnley FC,D. Møller Wolfe,0,0,0,1,0,0,0,0,5,0,0,0,0,0,0
89,26 Oct 2025,,1zt5ofxwth7538kncejm3ieqc,Tony Harrington,Wolverhampton Wanderers FC,Burnley FC,T. Arokodare,0,0,0,0,0,0,0,0,0,0,0,0,0,0,0
89,26 Oct 2025,,1zt5ofxwth7538kncejm3ieqc,Tony Harrington,Wolverhampton Wanderers FC,Burnley FC,J. Anthony,0,0,1,1,1,1,0,1,26,0,0,1,1,2,0
89,26 Oct 2025,,1zt5ofxwth7538kncejm3ieqc,Tony Harrington,Wolverhampton Wanderers FC,Burnley FC,M. Dúbravka,0,0,0,0,0,0,0,0,31,0,5,0,0,0,0
89,26 Oct 2025,,1zt5ofxwth7538kncejm3ieqc,Tony Harrington,Wolverhampton Wanderers FC,Burnley FC,Z. Flemming,0,0,0,0,1,6,2,1,17,0,0,3,3,1,0
89,26 Oct 2025,,1zt5ofxwth7538kncejm3ieqc,Tony Harrington,Wolverhampton Wanderers FC,Burnley FC,M. Estève,0,0,0,0,0,0,0,0,39,0,0,0,0,1,0
89,26 Oct 2025,,1zt5ofxwth7538kncejm3ieqc,Tony Harrington,Wolverhampton Wanderers FC,Burnley FC,K. Walker,0,0,0,2,0,1,0,0,44,0,0,0,0,3,0
89,26 Oct 2025,,1zt5ofxwth7538kncejm3ieqc,Tony Harrington,Wolverhampton Wanderers FC,Burnley FC,J. Cullen,0,0,1,0,1,1,0,0,57,0,0,2,2,3,0
89,26 Oct 2025,,1zt5ofxwth7538kncejm3ieqc,Tony Harrington,Wolverhampton Wanderers FC,Burnley FC,L. Ugochukwu,0,1,1,0,0,2,0,0,27,0,0,1,0,4,0
89,26 Oct 2025,,1zt5ofxwth7538kncejm3ieqc,Tony Harrington,Wolverhampton Wanderers FC,Burnley FC,Q. Hartman,2,0,0,5,0,0,0,0,31,0,0,1,0,0,0
89,26 Oct 2025,,1zt5ofxwth7538kncejm3ieqc,Tony Harrington,Wolverhampton Wanderers FC,Burnley FC,J. Bruun Larsen,0,1,0,2,0,0,0,0,19,0,0,1,0,1,0
89,26 Oct 2025,,1zt5ofxwth7538kncejm3ieqc,Tony Harrington,Wolverhampton Wanderers FC,Burnley FC,Florentino,0,1,0,0,3,1,0,0,41,0,0,1,0,2,0
89,26 Oct 2025,,1zt5ofxwth7538kncejm3ieqc,Tony Harrington,Wolverhampton Wanderers FC,Burnley FC,A. Tuanzebe,0,0,0,0,1,0,0,0,44,0,0,0,0,0,0
89,26 Oct 2025,,1zt5ofxwth7538kncejm3ieqc,Tony Harrington,Wolverhampton Wanderers FC,Burnley FC,J. Laurent,0,0,0,0,0,0,0,0,11,0,0,0,0,2,0
89,26 Oct 2025,,1zt5ofxwth7538kncejm3ieqc,Tony Harrington,Wolverhampton Wanderers FC,Burnley FC,L. Foster,0,0,0,0,0,0,1,0,1,0,0,1,1,0,0
89,26 Oct 2025,,1zt5ofxwth7538kncejm3ieqc,Tony Harrington,Wolverhampton Wanderers FC,Burnley FC,H. Ekdal,0,0,0,0,0,0,0,0,2,0,0,0,0,0,0
89,26 Oct 2025,,1zt5ofxwth7538kncejm3ieqc,Tony Harrington,Wolverhampton Wanderers FC,Burnley FC,H. Mejbri,1,0,0,0,0,0,0,0,1,0,0,0,0,0,0
90,1 Nov 2025,,207fshyi62c88cf6836drk55g,Michael Oliver,Brighton & Hove Albion FC,Leeds United FC,J. van Hecke,0,0,0,0,0,1,0,1,103,0,0,1,1,3,0
90,1 Nov 2025,,207fshyi62c88cf6836drk55g,Michael Oliver,Brighton & Hove Albion FC,Leeds United FC,B. Verbruggen,0,0,0,0,0,0,0,0,41,0,2,0,0,0,0
90,1 Nov 2025,,207fshyi62c88cf6836drk55g,Michael Oliver,Brighton & Hove Albion FC,Leeds United FC,D. Gómez,0,1,0,0,1,1,2,0,20,0,0,4,3,4,0
90,1 Nov 2025,,207fshyi62c88cf6836drk55g,Michael Oliver,Brighton & Hove Albion FC,Leeds United FC,F. Kadıoğlu,0,0,0,2,0,0,0,0,35,0,0,0,0,4,0
90,1 Nov 2025,,207fshyi62c88cf6836drk55g,Michael Oliver,Brighton & Hove Albion FC,Leeds United FC,L. Dunk,0,0,0,0,0,0,0,0,98,0,0,0,0,1,0
90,1 Nov 2025,,207fshyi62c88cf6836drk55g,Michael Oliver,Brighton & Hove Albion FC,Leeds United FC,C. Baleba,0,0,0,0,2,2,0,0,46,0,0,1,0,2,0
90,1 Nov 2025,,207fshyi62c88cf6836drk55g,Michael Oliver,Brighton & Hove Albion FC,Leeds United FC,Y. Minteh,1,0,2,7,1,0,0,0,23,0,0,1,0,3,0
90,1 Nov 2025,,207fshyi62c88cf6836drk55g,Michael Oliver,Brighton & Hove Albion FC,Leeds United FC,D. Welbeck,0,0,0,0,0,0,1,1,21,0,0,2,1,0,0
90,1 Nov 2025,,207fshyi62c88cf6836drk55g,Michael Oliver,Brighton & Hove Albion FC,Leeds United FC,Y. Ayari,0,1,0,0,2,0,0,0,48,0,0,4,2,1,0
90,1 Nov 2025,,207fshyi62c88cf6836drk55g,Michael Oliver,Brighton & Hove Albion FC,Leeds United FC,M. Wieffer,1,0,0,1,1,1,0,0,30,0,0,0,0,5,0
90,1 Nov 2025,,207fshyi62c88cf6836drk55g,Michael Oliver,Brighton & Hove Albion FC,Leeds United FC,G. Rutter,0,0,2,0,1,1,0,1,21,0,0,1,0,1,0
90,1 Nov 2025,,207fshyi62c88cf6836drk55g,Michael Oliver,Brighton & Hove Albion FC,Leeds United FC,S. Tzimas,0,0,0,0,1,1,0,0,3,0,0,0,0,0,0
90,1 Nov 2025,,207fshyi62c88cf6836drk55g,Michael Oliver,Brighton & Hove Albion FC,Leeds United FC,T. Watson,0,0,0,0,1,0,0,0,2,0,0,0,0,0,0
90,1 Nov 2025,,207fshyi62c88cf6836drk55g,Michael Oliver,Brighton & Hove Albion FC,Leeds United FC,C. Kostoulas,0,0,0,0,0,0,0,0,0,0,0,0,0,0,0
90,1 Nov 2025,,207fshyi62c88cf6836drk55g,Michael Oliver,Brighton & Hove Albion FC,Leeds United FC,Joe Antony Knight,0,0,0,0,0,0,0,0,0,0,0,0,0,0,0
90,1 Nov 2025,,207fshyi62c88cf6836drk55g,Michael Oliver,Brighton & Hove Albion FC,Leeds United FC,Nehemiah Said Oriola II,0,0,0,0,0,0,0,0,0,0,0,0,0,0,0
90,1 Nov 2025,,207fshyi62c88cf6836drk55g,Michael Oliver,Brighton & Hove Albion FC,Leeds United FC,S. Longstaff,0,1,2,5,0,2,0,1,29,0,0,2,0,3,0
90,1 Nov 2025,,207fshyi62c88cf6836drk55g,Michael Oliver,Brighton & Hove Albion FC,Leeds United FC,E. Ampadu,0,0,0,0,2,1,0,0,63,0,0,0,0,2,1
90,1 Nov 2025,,207fshyi62c88cf6836drk55g,Michael Oliver,Brighton & Hove Albion FC,Leeds United FC,J. Bijol,0,0,0,0,1,0,0,0,86,0,0,0,0,0,0
90,1 Nov 2025,,207fshyi62c88cf6836drk55g,Michael Oliver,Brighton & Hove Albion FC,Leeds United FC,Lucas Perri,0,0,0,0,0,0,0,0,37,0,4,0,0,0,0
90,1 Nov 2025,,207fshyi62c88cf6836drk55g,Michael Oliver,Brighton & Hove Albion FC,Leeds United FC,J. Rodon,0,0,0,0,2,1,0,0,57,0,0,0,0,1,0
90,1 Nov 2025,,207fshyi62c88cf6836drk55g,Michael Oliver,Brighton & Hove Albion FC,Leeds United FC,G. Gudmundsson,0,0,0,1,0,1,0,0,42,0,0,0,0,2,0
90,1 Nov 2025,,207fshyi62c88cf6836drk55g,Michael Oliver,Brighton & Hove Albion FC,Leeds United FC,N. Okafor,0,0,2,6,2,1,0,0,14,0,0,0,0,3,0
90,1 Nov 2025,,207fshyi62c88cf6836drk55g,Michael Oliver,Brighton & Hove Albion FC,Leeds United FC,A. Tanaka,0,0,0,0,0,0,0,0,55,0,0,0,0,1,0
90,1 Nov 2025,,207fshyi62c88cf6836drk55g,Michael Oliver,Brighton & Hove Albion FC,Leeds United FC,D. Calvert-Lewin,0,0,0,1,0,1,0,0,8,0,0,1,0,0,0
90,1 Nov 2025,,207fshyi62c88cf6836drk55g,Michael Oliver,Brighton & Hove Albion FC,Leeds United FC,J. Bogle,0,0,0,3,0,0,0,0,25,0,0,0,0,0,0
90,1 Nov 2025,,207fshyi62c88cf6836drk55g,Michael Oliver,Brighton & Hove Albion FC,Leeds United FC,B. Aaronson,0,0,0,0,0,2,0,0,26,0,0,0,0,0,0
90,1 Nov 2025,,207fshyi62c88cf6836drk55g,Michael Oliver,Brighton & Hove Albion FC,Leeds United FC,A. Stach,0,0,3,3,0,0,0,0,26,0,0,1,1,0,0
90,1 Nov 2025,,207fshyi62c88cf6836drk55g,Michael Oliver,Brighton & Hove Albion FC,Leeds United FC,D. James,0,0,0,0,0,0,0,0,4,0,0,0,0,0,0
90,1 Nov 2025,,207fshyi62c88cf6836drk55g,Michael Oliver,Brighton & Hove Albion FC,Leeds United FC,L. Nmecha,0,0,0,0,0,0,0,0,1,0,0,1,1,0,0
90,1 Nov 2025,,207fshyi62c88cf6836drk55g,Michael Oliver,Brighton & Hove Albion FC,Leeds United FC,J. Justin,0,0,0,0,0,1,0,0,6,0,0,0,0,0,0
90,1 Nov 2025,,207fshyi62c88cf6836drk55g,Michael Oliver,Brighton & Hove Albion FC,Leeds United FC,J. Harrison,0,0,0,0,0,0,0,0,7,0,0,0,0,0,0
