Aux,Fecha,Jornada,ID_PARTIDO,Arbitro,Equipo_local,Equipo_Visitante,Jugador,Assists,Blocked shots,Corners won,Crosses,Fouls conceded,Fouls won,Goals,Offsides,Passes,Red cards,Saves,Shots,Shots on target,Tackles,Yellow cards
43,23 Jul 2026,,cducym0x0wmfcxd58e93k8q38,Daniele Chiffi,Qarabağ Ağdam FK,PFK CSKA Sofia,Matheus Silva,0,0,2,2,0,2,0,0,55,0,0,0,0,2,0
43,23 Jul 2026,,cducym0x0wmfcxd58e93k8q38,Daniele Chiffi,Qarabağ Ağdam FK,PFK CSKA Sofia,B. Hüseynov,0,0,0,0,1,0,0,0,57,0,0,0,0,0,0
43,23 Jul 2026,,cducym0x0wmfcxd58e93k8q38,Daniele Chiffi,Qarabağ Ağdam FK,PFK CSKA Sofia,Pedro Bicalho,0,2,0,0,1,0,0,0,39,0,0,3,1,4,0
43,23 Jul 2026,,cducym0x0wmfcxd58e93k8q38,Daniele Chiffi,Qarabağ Ağdam FK,PFK CSKA Sofia,M. Kochalski,0,0,0,0,0,0,0,0,37,0,4,0,0,0,0
43,23 Jul 2026,,cducym0x0wmfcxd58e93k8q38,Daniele Chiffi,Qarabağ Ağdam FK,PFK CSKA Sofia,B. Várkonyi,0,1,1,0,0,0,0,0,62,0,0,2,0,8,0
43,23 Jul 2026,,cducym0x0wmfcxd58e93k8q38,Daniele Chiffi,Qarabağ Ağdam FK,PFK CSKA Sofia,Bruno Langa,0,0,0,0,0,1,0,0,19,0,0,3,2,1,0
43,23 Jul 2026,,cducym0x0wmfcxd58e93k8q38,Daniele Chiffi,Qarabağ Ağdam FK,PFK CSKA Sofia,A. Zoubir,0,0,0,0,1,0,0,0,32,0,0,0,0,0,0
43,23 Jul 2026,,cducym0x0wmfcxd58e93k8q38,Daniele Chiffi,Qarabağ Ağdam FK,PFK CSKA Sofia,M. Janković,0,0,0,0,2,3,0,0,32,0,0,0,0,3,1
43,23 Jul 2026,,cducym0x0wmfcxd58e93k8q38,Daniele Chiffi,Qarabağ Ağdam FK,PFK CSKA Sofia,Kady Borges,0,0,0,6,0,1,0,1,28,0,0,1,1,1,0
43,23 Jul 2026,,cducym0x0wmfcxd58e93k8q38,Daniele Chiffi,Qarabağ Ağdam FK,PFK CSKA Sofia,O. Kashchuk,0,1,1,3,0,3,0,1,6,0,0,1,0,1,0
43,23 Jul 2026,,cducym0x0wmfcxd58e93k8q38,Daniele Chiffi,Qarabağ Ağdam FK,PFK CSKA Sofia,Z. Sawo,0,0,1,1,2,0,0,0,13,0,0,2,0,1,0
43,23 Jul 2026,,cducym0x0wmfcxd58e93k8q38,Daniele Chiffi,Qarabağ Ağdam FK,PFK CSKA Sofia,E. Cəfərquliyev,0,0,1,1,0,0,0,0,18,0,0,1,0,4,0
43,23 Jul 2026,,cducym0x0wmfcxd58e93k8q38,Daniele Chiffi,Qarabağ Ağdam FK,PFK CSKA Sofia,R. Cephas,0,0,2,3,0,3,0,0,4,0,0,0,0,1,0
43,23 Jul 2026,,cducym0x0wmfcxd58e93k8q38,Daniele Chiffi,Qarabağ Ağdam FK,PFK CSKA Sofia,Č. Makreckis,0,0,1,0,0,0,0,0,18,0,0,0,0,0,0
43,23 Jul 2026,,cducym0x0wmfcxd58e93k8q38,Daniele Chiffi,Qarabağ Ağdam FK,PFK CSKA Sofia,J. Mouaddib,0,0,0,0,2,1,0,0,7,0,0,2,0,0,0
43,23 Jul 2026,,cducym0x0wmfcxd58e93k8q38,Daniele Chiffi,Qarabağ Ağdam FK,PFK CSKA Sofia,Joni Montiel,0,0,0,3,0,0,0,0,16,0,0,1,1,0,0
43,23 Jul 2026,,cducym0x0wmfcxd58e93k8q38,Daniele Chiffi,Qarabağ Ağdam FK,PFK CSKA Sofia,S. Sensi,0,0,0,2,3,3,0,0,49,0,0,0,0,5,0
43,23 Jul 2026,,cducym0x0wmfcxd58e93k8q38,Daniele Chiffi,Qarabağ Ağdam FK,PFK CSKA Sofia,J. Gbamin,0,0,0,0,0,0,0,0,37,0,0,0,0,1,0
43,23 Jul 2026,,cducym0x0wmfcxd58e93k8q38,Daniele Chiffi,Qarabağ Ağdam FK,PFK CSKA Sofia,F. Lapoukhov,0,0,0,0,0,1,0,0,30,0,5,0,0,0,0
43,23 Jul 2026,,cducym0x0wmfcxd58e93k8q38,Daniele Chiffi,Qarabağ Ağdam FK,PFK CSKA Sofia,Á. Martino,0,0,0,0,2,0,0,0,33,0,0,1,1,4,0
43,23 Jul 2026,,cducym0x0wmfcxd58e93k8q38,Daniele Chiffi,Qarabağ Ağdam FK,PFK CSKA Sofia,L. Godoy,0,1,1,0,1,0,0,2,9,0,0,3,1,1,1
43,23 Jul 2026,,cducym0x0wmfcxd58e93k8q38,Daniele Chiffi,Qarabağ Ağdam FK,PFK CSKA Sofia,F. Rodríguez,0,0,0,1,2,0,0,0,33,0,0,0,0,0,1
43,23 Jul 2026,,cducym0x0wmfcxd58e93k8q38,Daniele Chiffi,Qarabağ Ağdam FK,PFK CSKA Sofia,T. Ivanov,0,0,0,0,1,0,0,0,19,0,0,0,0,0,0
43,23 Jul 2026,,cducym0x0wmfcxd58e93k8q38,Daniele Chiffi,Qarabağ Ağdam FK,PFK CSKA Sofia,M. Ebong,0,0,0,2,3,1,0,0,22,0,0,0,0,1,0
43,23 Jul 2026,,cducym0x0wmfcxd58e93k8q38,Daniele Chiffi,Qarabağ Ağdam FK,PFK CSKA Sofia,Pastor,0,0,0,3,1,0,0,0,28,0,0,1,1,2,0
43,23 Jul 2026,,cducym0x0wmfcxd58e93k8q38,Daniele Chiffi,Qarabağ Ağdam FK,PFK CSKA Sofia,I. Pittas,0,4,1,1,1,1,0,1,15,0,0,7,1,4,0
43,23 Jul 2026,,cducym0x0wmfcxd58e93k8q38,Daniele Chiffi,Qarabağ Ağdam FK,PFK CSKA Sofia,Bruno Jordão,0,1,0,1,0,2,0,0,41,0,0,1,0,2,0
43,23 Jul 2026,,cducym0x0wmfcxd58e93k8q38,Daniele Chiffi,Qarabağ Ağdam FK,PFK CSKA Sofia,J. Zwarts,0,0,0,0,0,0,0,0,2,0,0,0,0,0,0
43,23 Jul 2026,,cducym0x0wmfcxd58e93k8q38,Daniele Chiffi,Qarabağ Ağdam FK,PFK CSKA Sofia,I. Solet,0,0,0,1,0,0,0,0,3,0,0,0,0,0,0
43,23 Jul 2026,,cducym0x0wmfcxd58e93k8q38,Daniele Chiffi,Qarabağ Ağdam FK,PFK CSKA Sofia,T. Ouorou,0,0,0,0,0,0,0,0,4,0,0,0,0,0,0
43,23 Jul 2026,,cducym0x0wmfcxd58e93k8q38,Daniele Chiffi,Qarabağ Ağdam FK,PFK CSKA Sofia,M. Brahimi,0,0,0,0,0,0,0,0,0,0,0,0,0,0,0
43,23 Jul 2026,,cducym0x0wmfcxd58e93k8q38,Daniele Chiffi,Qarabağ Ağdam FK,PFK CSKA Sofia,P. Panayotov,0,0,0,0,0,0,0,0,1,0,0,0,0,0,0
44,30 Jul 2026,,cgnao8wk5k70nbz7zd6633eac,Bram Van Driessche,PFK CSKA Sofia,Qarabağ Ağdam FK,Bruno Jordão,0,1,0,1,2,1,0,0,19,0,0,1,0,3,1
44,30 Jul 2026,,cgnao8wk5k70nbz7zd6633eac,Bram Van Driessche,PFK CSKA Sofia,Qarabağ Ağdam FK,J. Gbamin,0,0,0,0,0,0,0,0,33,0,0,1,1,1,0
44,30 Jul 2026,,cgnao8wk5k70nbz7zd6633eac,Bram Van Driessche,PFK CSKA Sofia,Qarabağ Ağdam FK,Á. Martino,0,0,0,0,2,1,0,0,22,0,0,0,0,2,0
44,30 Jul 2026,,cgnao8wk5k70nbz7zd6633eac,Bram Van Driessche,PFK CSKA Sofia,Qarabağ Ağdam FK,F. Rodríguez,0,0,1,0,1,0,0,0,19,0,0,0,0,1,0
44,30 Jul 2026,,cgnao8wk5k70nbz7zd6633eac,Bram Van Driessche,PFK CSKA Sofia,Qarabağ Ağdam FK,F. Lapoukhov,0,0,0,0,0,0,0,0,28,0,2,0,0,0,0
44,30 Jul 2026,,cgnao8wk5k70nbz7zd6633eac,Bram Van Driessche,PFK CSKA Sofia,Qarabağ Ağdam FK,L. Godoy,0,1,0,1,0,0,0,0,8,0,0,3,0,0,1
44,30 Jul 2026,,cgnao8wk5k70nbz7zd6633eac,Bram Van Driessche,PFK CSKA Sofia,Qarabağ Ağdam FK,Pastor,0,0,0,1,1,1,0,1,14,0,0,0,0,0,0
44,30 Jul 2026,,cgnao8wk5k70nbz7zd6633eac,Bram Van Driessche,PFK CSKA Sofia,Qarabağ Ağdam FK,T. Ivanov,0,0,0,0,1,2,0,0,25,0,0,0,0,3,0
44,30 Jul 2026,,cgnao8wk5k70nbz7zd6633eac,Bram Van Driessche,PFK CSKA Sofia,Qarabağ Ağdam FK,I. Pittas,0,1,1,0,1,1,0,0,15,0,0,3,1,0,0
44,30 Jul 2026,,cgnao8wk5k70nbz7zd6633eac,Bram Van Driessche,PFK CSKA Sofia,Qarabağ Ağdam FK,S. Sensi,0,0,0,3,2,4,0,0,32,0,0,2,1,5,0
44,30 Jul 2026,,cgnao8wk5k70nbz7zd6633eac,Bram Van Driessche,PFK CSKA Sofia,Qarabağ Ağdam FK,M. Ebong,0,0,0,0,3,0,0,0,23,0,0,0,0,0,0
44,30 Jul 2026,,cgnao8wk5k70nbz7zd6633eac,Bram Van Driessche,PFK CSKA Sofia,Qarabağ Ağdam FK,J. Eto'o,0,0,0,1,3,0,0,0,9,0,0,0,0,2,1
44,30 Jul 2026,,cgnao8wk5k70nbz7zd6633eac,Bram Van Driessche,PFK CSKA Sofia,Qarabağ Ağdam FK,J. Zwarts,0,0,0,0,0,0,0,0,1,0,0,0,0,0,0
44,30 Jul 2026,,cgnao8wk5k70nbz7zd6633eac,Bram Van Driessche,PFK CSKA Sofia,Qarabağ Ağdam FK,M. Brahimi,0,0,0,0,0,0,0,0,0,0,0,0,0,0,0
44,30 Jul 2026,,cgnao8wk5k70nbz7zd6633eac,Bram Van Driessche,PFK CSKA Sofia,Qarabağ Ağdam FK,Matheus Silva,0,0,0,1,1,4,0,0,73,0,0,0,0,3,0
44,30 Jul 2026,,cgnao8wk5k70nbz7zd6633eac,Bram Van Driessche,PFK CSKA Sofia,Qarabağ Ağdam FK,Z. Sawo,0,1,1,3,1,0,0,0,9,0,0,1,0,3,0
44,30 Jul 2026,,cgnao8wk5k70nbz7zd6633eac,Bram Van Driessche,PFK CSKA Sofia,Qarabağ Ağdam FK,Pedro Bicalho,0,2,0,0,3,1,0,0,59,0,0,3,0,1,0
44,30 Jul 2026,,cgnao8wk5k70nbz7zd6633eac,Bram Van Driessche,PFK CSKA Sofia,Qarabağ Ağdam FK,B. Várkonyi,0,0,0,1,1,1,0,0,67,0,0,0,0,1,1
44,30 Jul 2026,,cgnao8wk5k70nbz7zd6633eac,Bram Van Driessche,PFK CSKA Sofia,Qarabağ Ağdam FK,M. Kochalski,0,0,0,0,0,0,0,0,41,0,3,0,0,0,0
44,30 Jul 2026,,cgnao8wk5k70nbz7zd6633eac,Bram Van Driessche,PFK CSKA Sofia,Qarabağ Ağdam FK,B. Hüseynov,0,0,0,0,0,0,0,0,72,0,0,0,0,0,0
44,30 Jul 2026,,cgnao8wk5k70nbz7zd6633eac,Bram Van Driessche,PFK CSKA Sofia,Qarabağ Ağdam FK,E. Cəfərquliyev,0,1,1,5,1,0,0,0,41,0,0,1,0,1,0
44,30 Jul 2026,,cgnao8wk5k70nbz7zd6633eac,Bram Van Driessche,PFK CSKA Sofia,Qarabağ Ağdam FK,A. Zoubir,0,2,3,4,0,2,0,0,56,0,0,2,0,0,0
44,30 Jul 2026,,cgnao8wk5k70nbz7zd6633eac,Bram Van Driessche,PFK CSKA Sofia,Qarabağ Ağdam FK,M. Janković,0,1,0,1,1,6,0,0,57,0,0,2,0,5,1
44,30 Jul 2026,,cgnao8wk5k70nbz7zd6633eac,Bram Van Driessche,PFK CSKA Sofia,Qarabağ Ağdam FK,Kady Borges,0,0,3,5,0,2,0,0,32,0,0,2,2,0,0
44,30 Jul 2026,,cgnao8wk5k70nbz7zd6633eac,Bram Van Driessche,PFK CSKA Sofia,Qarabağ Ağdam FK,O. Kashchuk,0,0,1,5,1,0,0,0,17,0,0,0,0,1,0
44,30 Jul 2026,,cgnao8wk5k70nbz7zd6633eac,Bram Van Driessche,PFK CSKA Sofia,Qarabağ Ağdam FK,R. Cephas,0,1,0,1,1,0,0,0,4,0,0,1,0,0,0
44,30 Jul 2026,,cgnao8wk5k70nbz7zd6633eac,Bram Van Driessche,PFK CSKA Sofia,Qarabağ Ağdam FK,Bruno Langa,0,0,0,0,0,0,0,0,8,0,0,0,0,0,0
44,30 Jul 2026,,cgnao8wk5k70nbz7zd6633eac,Bram Van Driessche,PFK CSKA Sofia,Qarabağ Ağdam FK,Č. Makreckis,0,0,0,0,0,0,0,0,10,0,0,0,0,0,0
44,30 Jul 2026,,cgnao8wk5k70nbz7zd6633eac,Bram Van Driessche,PFK CSKA Sofia,Qarabağ Ağdam FK,J. Mouaddib,0,0,0,1,0,0,0,0,10,0,0,0,0,0,0
44,30 Jul 2026,,cgnao8wk5k70nbz7zd6633eac,Bram Van Driessche,PFK CSKA Sofia,Qarabağ Ağdam FK,Jonathan Montiel Caballero,0,0,0,0,0,0,0,0,0,0,0,0,0,0,0
44,30 Jul 2026,,cgnao8wk5k70nbz7zd6633eac,Bram Van Driessche,PFK CSKA Sofia,Qarabağ Ağdam FK,M. Qurbanlı,0,0,0,0,0,0,0,0,0,0,0,0,0,0,0
46,6 Aug 2026,,cp5ku1mbusutyu91nq6hverkk,Damian Sylwestrzak,FC Salzburg,Pafos FC,Y. Vertessen,0,1,3,5,0,0,0,1,25,0,0,2,0,1,0
46,6 Aug 2026,,cp5ku1mbusutyu91nq6hverkk,Damian Sylwestrzak,FC Salzburg,Pafos FC,G. Diakite,0,2,0,0,0,1,0,0,26,0,0,3,0,0,0
46,6 Aug 2026,,cp5ku1mbusutyu91nq6hverkk,Damian Sylwestrzak,FC Salzburg,Pafos FC,S. Diabaté,0,0,0,0,0,1,0,0,26,0,0,0,0,0,0
46,6 Aug 2026,,cp5ku1mbusutyu91nq6hverkk,Damian Sylwestrzak,FC Salzburg,Pafos FC,N. Veratschnig,0,0,0,4,3,1,0,0,43,0,0,1,0,1,0
46,6 Aug 2026,,cp5ku1mbusutyu91nq6hverkk,Damian Sylwestrzak,FC Salzburg,Pafos FC,C. Zawieschitzky,0,0,0,0,0,0,0,0,23,0,1,0,0,0,0
46,6 Aug 2026,,cp5ku1mbusutyu91nq6hverkk,Damian Sylwestrzak,FC Salzburg,Pafos FC,D. Redzic,0,0,2,7,1,2,0,0,22,0,0,0,0,1,0
46,6 Aug 2026,,cp5ku1mbusutyu91nq6hverkk,Damian Sylwestrzak,FC Salzburg,Pafos FC,D. Schmid,0,1,2,5,1,2,0,0,43,0,0,2,0,1,0
46,6 Aug 2026,,cp5ku1mbusutyu91nq6hverkk,Damian Sylwestrzak,FC Salzburg,Pafos FC,A. Barry,0,0,1,0,3,0,0,0,74,0,0,0,0,2,1
46,6 Aug 2026,,cp5ku1mbusutyu91nq6hverkk,Damian Sylwestrzak,FC Salzburg,Pafos FC,E. Baidoo,0,0,1,2,2,0,0,0,18,0,0,1,1,2,0
46,6 Aug 2026,,cp5ku1mbusutyu91nq6hverkk,Damian Sylwestrzak,FC Salzburg,Pafos FC,K. Boma,0,0,1,0,1,2,0,0,64,0,0,0,0,4,0
46,6 Aug 2026,,cp5ku1mbusutyu91nq6hverkk,Damian Sylwestrzak,FC Salzburg,Pafos FC,V. Zabransky,0,0,0,0,0,0,0,0,55,0,0,1,0,0,0
46,6 Aug 2026,,cp5ku1mbusutyu91nq6hverkk,Damian Sylwestrzak,FC Salzburg,Pafos FC,B. Mazurek,0,0,1,1,0,0,0,0,20,0,0,0,0,1,0
46,6 Aug 2026,,cp5ku1mbusutyu91nq6hverkk,Damian Sylwestrzak,FC Salzburg,Pafos FC,K. Konaté,0,0,0,0,0,0,0,0,5,0,0,1,0,0,0
46,6 Aug 2026,,cp5ku1mbusutyu91nq6hverkk,Damian Sylwestrzak,FC Salzburg,Pafos FC,S. Kitano,0,0,1,4,1,1,0,0,10,0,0,0,0,1,0
46,6 Aug 2026,,cp5ku1mbusutyu91nq6hverkk,Damian Sylwestrzak,FC Salzburg,Pafos FC,H. Tabaković,0,0,1,0,1,0,1,0,4,0,0,2,2,0,0
46,6 Aug 2026,,cp5ku1mbusutyu91nq6hverkk,Damian Sylwestrzak,FC Salzburg,Pafos FC,E. Aguilar,0,0,0,0,0,1,0,0,3,0,0,0,0,1,0
46,6 Aug 2026,,cp5ku1mbusutyu91nq6hverkk,Damian Sylwestrzak,FC Salzburg,Pafos FC,Alexandre Brito,0,0,0,0,0,1,0,0,24,0,0,0,0,1,0
46,6 Aug 2026,,cp5ku1mbusutyu91nq6hverkk,Damian Sylwestrzak,FC Salzburg,Pafos FC,R. Majecki,0,0,0,0,0,0,0,0,31,0,1,0,0,0,0
46,6 Aug 2026,,cp5ku1mbusutyu91nq6hverkk,Damian Sylwestrzak,FC Salzburg,Pafos FC,David Luiz,0,0,0,1,1,0,0,0,52,0,0,0,0,4,1
46,6 Aug 2026,,cp5ku1mbusutyu91nq6hverkk,Damian Sylwestrzak,FC Salzburg,Pafos FC,N. Ioannou,0,0,0,2,0,0,0,0,36,0,0,0,0,1,0
46,6 Aug 2026,,cp5ku1mbusutyu91nq6hverkk,Damian Sylwestrzak,FC Salzburg,Pafos FC,Lelê,0,0,0,0,3,0,0,3,13,0,0,0,0,1,0
46,6 Aug 2026,,cp5ku1mbusutyu91nq6hverkk,Damian Sylwestrzak,FC Salzburg,Pafos FC,I. Šunjić,0,0,0,0,2,0,0,0,28,0,0,0,0,3,1
46,6 Aug 2026,,cp5ku1mbusutyu91nq6hverkk,Damian Sylwestrzak,FC Salzburg,Pafos FC,Domingos Quina,0,0,0,0,0,0,0,0,10,0,0,0,0,1,0
46,6 Aug 2026,,cp5ku1mbusutyu91nq6hverkk,Damian Sylwestrzak,FC Salzburg,Pafos FC,Biel,0,0,0,0,0,7,0,0,20,0,0,3,1,4,0
46,6 Aug 2026,,cp5ku1mbusutyu91nq6hverkk,Damian Sylwestrzak,FC Salzburg,Pafos FC,V. Dragomir,0,0,0,4,2,1,0,0,22,0,0,1,0,2,0
46,6 Aug 2026,,cp5ku1mbusutyu91nq6hverkk,Damian Sylwestrzak,FC Salzburg,Pafos FC,David Goldar,0,0,0,0,0,1,0,0,43,0,0,0,0,2,0
46,6 Aug 2026,,cp5ku1mbusutyu91nq6hverkk,Damian Sylwestrzak,FC Salzburg,Pafos FC,Guga,0,0,0,0,1,2,0,0,27,0,0,3,0,1,0
46,6 Aug 2026,,cp5ku1mbusutyu91nq6hverkk,Damian Sylwestrzak,FC Salzburg,Pafos FC,K. Sema,0,0,0,2,2,1,0,0,12,1,0,0,0,2,2
46,6 Aug 2026,,cp5ku1mbusutyu91nq6hverkk,Damian Sylwestrzak,FC Salzburg,Pafos FC,M. Məmmədov,0,0,0,0,0,0,0,0,4,0,0,0,0,0,0
46,6 Aug 2026,,cp5ku1mbusutyu91nq6hverkk,Damian Sylwestrzak,FC Salzburg,Pafos FC,Pêpê Rodrigues,0,0,0,0,0,0,0,0,5,0,0,0,0,0,0
47,6 Aug 2026,,cx97mvyic713trc1jpljluo0k,Juan Martínez Munuera,PAOK Thessaloniki FC,RSC Anderlecht,A. Živković,0,1,3,15,2,0,0,1,44,0,0,1,0,0,0
47,6 Aug 2026,,cx97mvyic713trc1jpljluo0k,Juan Martínez Munuera,PAOK Thessaloniki FC,RSC Anderlecht,Jiří Pavlenka,0,0,0,0,0,0,0,0,14,0,1,0,0,0,0
47,6 Aug 2026,,cx97mvyic713trc1jpljluo0k,Juan Martínez Munuera,PAOK Thessaloniki FC,RSC Anderlecht,J. Gómez,0,0,0,2,2,2,0,0,49,0,0,2,0,1,0
47,6 Aug 2026,,cx97mvyic713trc1jpljluo0k,Juan Martínez Munuera,PAOK Thessaloniki FC,RSC Anderlecht,G. Michailidis,0,0,0,2,0,0,0,0,81,0,0,1,1,2,0
47,6 Aug 2026,,cx97mvyic713trc1jpljluo0k,Juan Martínez Munuera,PAOK Thessaloniki FC,RSC Anderlecht,Taison,0,0,0,3,0,3,0,0,36,0,0,2,0,0,0
47,6 Aug 2026,,cx97mvyic713trc1jpljluo0k,Juan Martínez Munuera,PAOK Thessaloniki FC,RSC Anderlecht,P. Hatzidiakos,0,0,0,0,1,0,0,0,44,0,0,0,0,1,1
47,6 Aug 2026,,cx97mvyic713trc1jpljluo0k,Juan Martínez Munuera,PAOK Thessaloniki FC,RSC Anderlecht,J. Kenny,0,0,0,6,0,3,0,0,62,0,0,0,0,0,0
47,6 Aug 2026,,cx97mvyic713trc1jpljluo0k,Juan Martínez Munuera,PAOK Thessaloniki FC,RSC Anderlecht,C. Zafeiris,0,0,2,1,3,3,0,0,52,0,0,3,1,1,0
47,6 Aug 2026,,cx97mvyic713trc1jpljluo0k,Juan Martínez Munuera,PAOK Thessaloniki FC,RSC Anderlecht,G. Konstantelias,0,3,0,5,2,3,0,0,26,0,0,3,0,2,0
47,6 Aug 2026,,cx97mvyic713trc1jpljluo0k,Juan Martínez Munuera,PAOK Thessaloniki FC,RSC Anderlecht,A. Mythou,0,0,0,0,3,1,0,0,10,0,0,0,0,1,0
47,6 Aug 2026,,cx97mvyic713trc1jpljluo0k,Juan Martínez Munuera,PAOK Thessaloniki FC,RSC Anderlecht,B. Santamaría,0,0,0,0,1,1,0,0,30,0,0,0,0,0,0
47,6 Aug 2026,,cx97mvyic713trc1jpljluo0k,Juan Martínez Munuera,PAOK Thessaloniki FC,RSC Anderlecht,Aritz Elustondo,0,0,0,0,1,1,0,1,36,0,0,0,0,1,1
47,6 Aug 2026,,cx97mvyic713trc1jpljluo0k,Juan Martínez Munuera,PAOK Thessaloniki FC,RSC Anderlecht,A. Baba,0,0,0,4,0,1,0,0,18,0,0,1,0,1,0
47,6 Aug 2026,,cx97mvyic713trc1jpljluo0k,Juan Martínez Munuera,PAOK Thessaloniki FC,RSC Anderlecht,G. Taylor,0,0,0,0,0,1,0,0,35,0,0,1,0,1,0
47,6 Aug 2026,,cx97mvyic713trc1jpljluo0k,Juan Martínez Munuera,PAOK Thessaloniki FC,RSC Anderlecht,A. Jeremejeff,0,0,0,0,0,0,0,0,2,0,0,1,1,0,0
47,6 Aug 2026,,cx97mvyic713trc1jpljluo0k,Juan Martínez Munuera,PAOK Thessaloniki FC,RSC Anderlecht,D. Pelkas,0,1,0,1,0,0,0,0,5,0,0,1,0,1,0
47,6 Aug 2026,,cx97mvyic713trc1jpljluo0k,Juan Martínez Munuera,PAOK Thessaloniki FC,RSC Anderlecht,M. Cvetković,0,0,0,0,0,0,1,3,19,0,0,3,2,1,0
47,6 Aug 2026,,cx97mvyic713trc1jpljluo0k,Juan Martínez Munuera,PAOK Thessaloniki FC,RSC Anderlecht,C. Coosemans,0,0,0,0,0,1,0,0,37,0,3,0,0,0,0
47,6 Aug 2026,,cx97mvyic713trc1jpljluo0k,Juan Martínez Munuera,PAOK Thessaloniki FC,RSC Anderlecht,D. Sikan,0,0,0,0,2,4,0,0,20,0,0,0,0,1,1
47,6 Aug 2026,,cx97mvyic713trc1jpljluo0k,Juan Martínez Munuera,PAOK Thessaloniki FC,RSC Anderlecht,E. Llansana,1,0,0,1,6,2,0,0,34,0,0,0,0,1,1
47,6 Aug 2026,,cx97mvyic713trc1jpljluo0k,Juan Martínez Munuera,PAOK Thessaloniki FC,RSC Anderlecht,J. Onia-Seke,0,1,0,1,2,0,0,0,10,0,0,1,0,0,0
47,6 Aug 2026,,cx97mvyic713trc1jpljluo0k,Juan Martínez Munuera,PAOK Thessaloniki FC,RSC Anderlecht,G. Biancone,0,0,0,0,1,1,0,0,45,0,0,0,0,0,0
47,6 Aug 2026,,cx97mvyic713trc1jpljluo0k,Juan Martínez Munuera,PAOK Thessaloniki FC,RSC Anderlecht,M. N'Diaye,0,0,0,0,1,2,0,0,24,0,0,0,0,2,1
47,6 Aug 2026,,cx97mvyic713trc1jpljluo0k,Juan Martínez Munuera,PAOK Thessaloniki FC,RSC Anderlecht,M. Kana,0,0,0,0,2,1,0,0,30,0,0,0,0,1,0
47,6 Aug 2026,,cx97mvyic713trc1jpljluo0k,Juan Martínez Munuera,PAOK Thessaloniki FC,RSC Anderlecht,L. Ambros,0,0,0,1,3,2,0,0,26,0,0,0,0,1,0
47,6 Aug 2026,,cx97mvyic713trc1jpljluo0k,Juan Martínez Munuera,PAOK Thessaloniki FC,RSC Anderlecht,A. Maamar,0,0,1,1,1,0,0,0,25,0,0,0,0,1,0
47,6 Aug 2026,,cx97mvyic713trc1jpljluo0k,Juan Martínez Munuera,PAOK Thessaloniki FC,RSC Anderlecht,L. Pétrot,0,0,0,0,0,0,0,0,36,0,0,0,0,0,0
47,6 Aug 2026,,cx97mvyic713trc1jpljluo0k,Juan Martínez Munuera,PAOK Thessaloniki FC,RSC Anderlecht,O. Antman,0,0,0,0,1,0,0,0,4,0,0,0,0,0,0
47,6 Aug 2026,,cx97mvyic713trc1jpljluo0k,Juan Martínez Munuera,PAOK Thessaloniki FC,RSC Anderlecht,N. Saliba,0,0,0,0,0,0,0,0,8,0,0,0,0,0,0
47,6 Aug 2026,,cx97mvyic713trc1jpljluo0k,Juan Martínez Munuera,PAOK Thessaloniki FC,RSC Anderlecht,T. Degreef,0,0,0,0,0,0,0,0,1,0,0,0,0,1,0
15,9 Jul 2026,,6hweqqo4j6v0p6wcjmspnxrtg,Mathieu Vernice,FK Vojvodina Novi Sad,Ferencvárosi TC,L. Nikolić,0,0,0,4,1,2,0,0,26,0,0,1,0,4,0
15,9 Jul 2026,,6hweqqo4j6v0p6wcjmspnxrtg,Mathieu Vernice,FK Vojvodina Novi Sad,Ferencvárosi TC,S. Mitrović,0,0,0,1,2,1,0,0,11,0,0,1,1,0,0
15,9 Jul 2026,,6hweqqo4j6v0p6wcjmspnxrtg,Mathieu Vernice,FK Vojvodina Novi Sad,Ferencvárosi TC,I. Đakovac,0,0,0,0,2,1,0,0,23,0,0,1,0,0,0
15,9 Jul 2026,,6hweqqo4j6v0p6wcjmspnxrtg,Mathieu Vernice,FK Vojvodina Novi Sad,Ferencvárosi TC,K. Szűcs,0,0,0,0,2,1,0,0,36,0,0,1,0,0,0
15,9 Jul 2026,,6hweqqo4j6v0p6wcjmspnxrtg,Mathieu Vernice,FK Vojvodina Novi Sad,Ferencvárosi TC,N. Petrović,0,0,1,6,1,2,0,0,50,0,0,3,0,0,1
15,9 Jul 2026,,6hweqqo4j6v0p6wcjmspnxrtg,Mathieu Vernice,FK Vojvodina Novi Sad,Ferencvárosi TC,Đ. Crnomarković,0,0,0,0,1,0,0,0,51,0,0,0,0,2,0
15,9 Jul 2026,,6hweqqo4j6v0p6wcjmspnxrtg,Mathieu Vernice,FK Vojvodina Novi Sad,Ferencvárosi TC,L. Ranđelović,0,1,1,5,1,1,0,0,11,0,0,2,0,0,0
15,9 Jul 2026,,6hweqqo4j6v0p6wcjmspnxrtg,Mathieu Vernice,FK Vojvodina Novi Sad,Ferencvárosi TC,Lucas Barros,0,0,1,2,2,1,0,0,25,0,0,0,0,3,0
15,9 Jul 2026,,6hweqqo4j6v0p6wcjmspnxrtg,Mathieu Vernice,FK Vojvodina Novi Sad,Ferencvárosi TC,D. Rosić,0,0,0,0,0,0,0,0,24,0,1,0,0,0,0
15,9 Jul 2026,,6hweqqo4j6v0p6wcjmspnxrtg,Mathieu Vernice,FK Vojvodina Novi Sad,Ferencvárosi TC,N. Mulahusejnović,0,0,0,0,1,0,0,0,3,0,0,2,0,0,0
15,9 Jul 2026,,6hweqqo4j6v0p6wcjmspnxrtg,Mathieu Vernice,FK Vojvodina Novi Sad,Ferencvárosi TC,D. Zukić,0,0,0,0,2,3,0,0,19,0,0,1,0,0,0
15,9 Jul 2026,,6hweqqo4j6v0p6wcjmspnxrtg,Mathieu Vernice,FK Vojvodina Novi Sad,Ferencvárosi TC,A. Vukanović,0,0,1,0,1,1,0,0,9,0,0,1,0,0,0
15,9 Jul 2026,,6hweqqo4j6v0p6wcjmspnxrtg,Mathieu Vernice,FK Vojvodina Novi Sad,Ferencvárosi TC,M. Kolarević,0,0,0,3,0,0,0,0,5,0,0,0,0,1,0
15,9 Jul 2026,,6hweqqo4j6v0p6wcjmspnxrtg,Mathieu Vernice,FK Vojvodina Novi Sad,Ferencvárosi TC,M. Vidosavljević,0,0,0,1,0,1,0,0,8,0,0,0,0,0,0
15,9 Jul 2026,,6hweqqo4j6v0p6wcjmspnxrtg,Mathieu Vernice,FK Vojvodina Novi Sad,Ferencvárosi TC,D. Kokanović,0,0,0,0,0,1,0,0,3,0,0,0,0,0,0
15,9 Jul 2026,,6hweqqo4j6v0p6wcjmspnxrtg,Mathieu Vernice,FK Vojvodina Novi Sad,Ferencvárosi TC,B. Yusuf,0,0,2,1,2,1,1,0,23,0,0,1,1,1,1
15,9 Jul 2026,,6hweqqo4j6v0p6wcjmspnxrtg,Mathieu Vernice,FK Vojvodina Novi Sad,Ferencvárosi TC,T. Raemaekers,0,0,0,1,1,1,0,0,62,0,0,1,0,1,0
15,9 Jul 2026,,6hweqqo4j6v0p6wcjmspnxrtg,Mathieu Vernice,FK Vojvodina Novi Sad,Ferencvárosi TC,M. Gómez,0,0,0,0,0,0,0,0,47,0,0,0,0,0,0
15,9 Jul 2026,,6hweqqo4j6v0p6wcjmspnxrtg,Mathieu Vernice,FK Vojvodina Novi Sad,Ferencvárosi TC,Cadu,0,0,0,2,2,0,0,0,31,0,0,0,0,0,0
15,9 Jul 2026,,6hweqqo4j6v0p6wcjmspnxrtg,Mathieu Vernice,FK Vojvodina Novi Sad,Ferencvárosi TC,K. Lisztes,1,0,0,0,2,1,0,0,11,0,0,1,0,0,0
15,9 Jul 2026,,6hweqqo4j6v0p6wcjmspnxrtg,Mathieu Vernice,FK Vojvodina Novi Sad,Ferencvárosi TC,G. Kanichowsky,0,0,1,8,1,2,0,0,43,0,0,0,0,1,0
15,9 Jul 2026,,6hweqqo4j6v0p6wcjmspnxrtg,Mathieu Vernice,FK Vojvodina Novi Sad,Ferencvárosi TC,A. Osváth,0,0,0,3,1,3,0,0,45,0,0,1,0,0,0
15,9 Jul 2026,,6hweqqo4j6v0p6wcjmspnxrtg,Mathieu Vernice,FK Vojvodina Novi Sad,Ferencvárosi TC,M. Corbu,0,3,0,1,2,1,0,0,19,0,0,3,0,1,0
15,9 Jul 2026,,6hweqqo4j6v0p6wcjmspnxrtg,Mathieu Vernice,FK Vojvodina Novi Sad,Ferencvárosi TC,N. Keïta,1,0,1,0,2,2,0,0,54,0,0,0,0,2,0
15,9 Jul 2026,,6hweqqo4j6v0p6wcjmspnxrtg,Mathieu Vernice,FK Vojvodina Novi Sad,Ferencvárosi TC,D. Dibusz,0,0,0,0,0,0,0,0,29,0,1,0,0,0,0
15,9 Jul 2026,,6hweqqo4j6v0p6wcjmspnxrtg,Mathieu Vernice,FK Vojvodina Novi Sad,Ferencvárosi TC,K. Zachariassen,0,0,1,1,1,3,1,0,19,0,0,2,2,0,0
15,9 Jul 2026,,6hweqqo4j6v0p6wcjmspnxrtg,Mathieu Vernice,FK Vojvodina Novi Sad,Ferencvárosi TC,L. Joseph,0,1,2,0,2,1,0,0,13,0,0,2,0,0,1
15,9 Jul 2026,,6hweqqo4j6v0p6wcjmspnxrtg,Mathieu Vernice,FK Vojvodina Novi Sad,Ferencvárosi TC,Z. Gruber,0,0,0,0,0,0,0,0,1,0,0,0,0,0,0
15,9 Jul 2026,,6hweqqo4j6v0p6wcjmspnxrtg,Mathieu Vernice,FK Vojvodina Novi Sad,Ferencvárosi TC,E. Acolatse,0,0,0,0,0,0,0,0,2,0,0,0,0,1,0
15,9 Jul 2026,,6hweqqo4j6v0p6wcjmspnxrtg,Mathieu Vernice,FK Vojvodina Novi Sad,Ferencvárosi TC,P. Rommens,0,0,0,0,0,0,0,0,1,0,0,0,0,0,0
15,9 Jul 2026,,6hweqqo4j6v0p6wcjmspnxrtg,Mathieu Vernice,FK Vojvodina Novi Sad,Ferencvárosi TC,Jonathan Alberto Levi,0,0,0,0,0,0,0,0,0,0,0,0,0,0,0
17,16 Jul 2026,,6nxhhodoo5wacrltytiaus9p0,Vitālijs Spasjoņņikovs,Ferencvárosi TC,FK Vojvodina Novi Sad,T. Raemaekers,0,0,0,0,0,1,0,0,108,0,0,0,0,1,0
17,16 Jul 2026,,6nxhhodoo5wacrltytiaus9p0,Vitālijs Spasjoņņikovs,Ferencvárosi TC,FK Vojvodina Novi Sad,N. Keïta,0,0,0,0,2,1,0,0,94,0,0,0,0,7,1
17,16 Jul 2026,,6nxhhodoo5wacrltytiaus9p0,Vitālijs Spasjoņņikovs,Ferencvárosi TC,FK Vojvodina Novi Sad,A. Osváth,0,0,0,2,1,1,0,0,53,0,0,1,0,0,0
17,16 Jul 2026,,6nxhhodoo5wacrltytiaus9p0,Vitālijs Spasjoņņikovs,Ferencvárosi TC,FK Vojvodina Novi Sad,L. Joseph,0,1,1,0,1,2,1,2,16,0,0,4,1,0,0
17,16 Jul 2026,,6nxhhodoo5wacrltytiaus9p0,Vitālijs Spasjoņņikovs,Ferencvárosi TC,FK Vojvodina Novi Sad,K. Zachariassen,1,0,0,0,1,2,1,1,32,0,0,2,1,0,0
17,16 Jul 2026,,6nxhhodoo5wacrltytiaus9p0,Vitālijs Spasjoņņikovs,Ferencvárosi TC,FK Vojvodina Novi Sad,M. Gómez,0,0,0,0,2,0,0,0,79,0,0,1,0,1,0
17,16 Jul 2026,,6nxhhodoo5wacrltytiaus9p0,Vitālijs Spasjoņņikovs,Ferencvárosi TC,FK Vojvodina Novi Sad,G. Kanichowsky,0,1,1,1,0,1,0,1,40,0,0,2,1,0,0
17,16 Jul 2026,,6nxhhodoo5wacrltytiaus9p0,Vitālijs Spasjoņņikovs,Ferencvárosi TC,FK Vojvodina Novi Sad,M. Corbu,0,2,1,2,2,0,0,0,41,0,0,3,0,3,0
17,16 Jul 2026,,6nxhhodoo5wacrltytiaus9p0,Vitālijs Spasjoņņikovs,Ferencvárosi TC,FK Vojvodina Novi Sad,D. Dibusz,0,0,0,0,0,0,0,0,21,0,3,0,0,0,0
17,16 Jul 2026,,6nxhhodoo5wacrltytiaus9p0,Vitālijs Spasjoņņikovs,Ferencvárosi TC,FK Vojvodina Novi Sad,Cadu,2,0,1,8,2,0,0,0,59,0,0,0,0,6,1
17,16 Jul 2026,,6nxhhodoo5wacrltytiaus9p0,Vitālijs Spasjoņņikovs,Ferencvárosi TC,FK Vojvodina Novi Sad,B. Yusuf,0,0,2,5,1,0,0,2,9,0,0,0,0,1,0
17,16 Jul 2026,,6nxhhodoo5wacrltytiaus9p0,Vitālijs Spasjoņņikovs,Ferencvárosi TC,FK Vojvodina Novi Sad,E. Acolatse,0,0,0,1,1,0,0,0,4,0,0,1,0,1,0
17,16 Jul 2026,,6nxhhodoo5wacrltytiaus9p0,Vitālijs Spasjoņņikovs,Ferencvárosi TC,FK Vojvodina Novi Sad,Z. Gruber,0,0,0,1,0,1,1,0,6,0,0,1,1,2,0
17,16 Jul 2026,,6nxhhodoo5wacrltytiaus9p0,Vitālijs Spasjoņņikovs,Ferencvárosi TC,FK Vojvodina Novi Sad,K. Lisztes,0,0,0,0,0,0,0,0,2,0,0,0,0,0,0
17,16 Jul 2026,,6nxhhodoo5wacrltytiaus9p0,Vitālijs Spasjoņņikovs,Ferencvárosi TC,FK Vojvodina Novi Sad,E. Sevikyan,0,0,0,1,0,2,0,0,5,0,0,1,0,0,0
17,16 Jul 2026,,6nxhhodoo5wacrltytiaus9p0,Vitālijs Spasjoņņikovs,Ferencvárosi TC,FK Vojvodina Novi Sad,O. Nagy,0,0,0,0,0,0,0,0,9,0,0,0,0,0,0
17,16 Jul 2026,,6nxhhodoo5wacrltytiaus9p0,Vitālijs Spasjoņņikovs,Ferencvárosi TC,FK Vojvodina Novi Sad,N. Petrović,0,0,0,1,0,0,0,0,44,0,0,3,1,1,0
17,16 Jul 2026,,6nxhhodoo5wacrltytiaus9p0,Vitālijs Spasjoņņikovs,Ferencvárosi TC,FK Vojvodina Novi Sad,K. Szűcs,0,0,0,0,1,0,0,0,3,1,0,0,0,0,0
17,16 Jul 2026,,6nxhhodoo5wacrltytiaus9p0,Vitālijs Spasjoņņikovs,Ferencvárosi TC,FK Vojvodina Novi Sad,A. Vukanović,0,0,0,1,1,2,0,0,15,0,0,0,0,0,0
17,16 Jul 2026,,6nxhhodoo5wacrltytiaus9p0,Vitālijs Spasjoņņikovs,Ferencvárosi TC,FK Vojvodina Novi Sad,Lucas Barros,0,0,0,0,2,1,0,0,20,0,0,0,0,4,0
17,16 Jul 2026,,6nxhhodoo5wacrltytiaus9p0,Vitālijs Spasjoņņikovs,Ferencvárosi TC,FK Vojvodina Novi Sad,I. Đakovac,0,0,0,0,0,2,0,0,22,0,0,0,0,1,1
17,16 Jul 2026,,6nxhhodoo5wacrltytiaus9p0,Vitālijs Spasjoņņikovs,Ferencvárosi TC,FK Vojvodina Novi Sad,D. Zukić,0,0,0,0,0,1,0,0,16,0,0,0,0,1,0
17,16 Jul 2026,,6nxhhodoo5wacrltytiaus9p0,Vitālijs Spasjoņņikovs,Ferencvárosi TC,FK Vojvodina Novi Sad,Đ. Crnomarković,0,0,0,0,4,0,0,0,25,0,0,0,0,0,0
17,16 Jul 2026,,6nxhhodoo5wacrltytiaus9p0,Vitālijs Spasjoņņikovs,Ferencvárosi TC,FK Vojvodina Novi Sad,D. Rosić,0,0,0,0,0,0,0,0,30,0,2,0,0,0,0
17,16 Jul 2026,,6nxhhodoo5wacrltytiaus9p0,Vitālijs Spasjoņņikovs,Ferencvárosi TC,FK Vojvodina Novi Sad,P. Sukačev,0,1,0,1,0,2,0,1,6,0,0,2,0,1,0
17,16 Jul 2026,,6nxhhodoo5wacrltytiaus9p0,Vitālijs Spasjoņņikovs,Ferencvárosi TC,FK Vojvodina Novi Sad,L. Ranđelović,0,0,0,2,0,2,0,0,15,0,0,2,1,0,0
17,16 Jul 2026,,6nxhhodoo5wacrltytiaus9p0,Vitālijs Spasjoņņikovs,Ferencvárosi TC,FK Vojvodina Novi Sad,L. Nikolić,0,0,0,0,0,1,0,0,27,0,0,0,0,2,0
17,16 Jul 2026,,6nxhhodoo5wacrltytiaus9p0,Vitālijs Spasjoņņikovs,Ferencvárosi TC,FK Vojvodina Novi Sad,D. Kokanović,0,0,0,0,0,1,0,0,13,0,0,0,0,0,0
17,16 Jul 2026,,6nxhhodoo5wacrltytiaus9p0,Vitālijs Spasjoņņikovs,Ferencvárosi TC,FK Vojvodina Novi Sad,M. Vidosavljević,0,0,1,3,0,0,0,0,5,0,0,1,1,1,0
17,16 Jul 2026,,6nxhhodoo5wacrltytiaus9p0,Vitālijs Spasjoņņikovs,Ferencvárosi TC,FK Vojvodina Novi Sad,S. Mitrović,0,0,0,0,1,0,0,0,5,0,0,0,0,0,0
17,16 Jul 2026,,6nxhhodoo5wacrltytiaus9p0,Vitālijs Spasjoņņikovs,Ferencvárosi TC,FK Vojvodina Novi Sad,M. Kolarević,0,0,0,0,1,1,0,0,2,0,0,0,0,1,0
17,16 Jul 2026,,6nxhhodoo5wacrltytiaus9p0,Vitālijs Spasjoņņikovs,Ferencvárosi TC,FK Vojvodina Novi Sad,L. Peranović,0,0,1,0,1,0,0,0,2,0,0,0,0,1,0
19,23 Jul 2026,,7k6sig2eb3pblai2oagzrdv6c,Luca Pairetto,FC St.Gallen 1879,SL Benfica,A. Balde,0,1,1,2,0,0,1,0,16,0,0,5,2,0,0
19,23 Jul 2026,,7k6sig2eb3pblai2oagzrdv6c,Luca Pairetto,FC St.Gallen 1879,SL Benfica,L. Görtler,1,1,2,2,2,4,0,0,27,0,0,2,0,1,1
19,23 Jul 2026,,7k6sig2eb3pblai2oagzrdv6c,Luca Pairetto,FC St.Gallen 1879,SL Benfica,C. Okoroji,0,0,0,3,0,1,0,0,33,0,0,0,0,4,0
19,23 Jul 2026,,7k6sig2eb3pblai2oagzrdv6c,Luca Pairetto,FC St.Gallen 1879,SL Benfica,M. Stevanović,0,0,1,0,1,0,0,0,27,0,0,1,1,4,0
19,23 Jul 2026,,7k6sig2eb3pblai2oagzrdv6c,Luca Pairetto,FC St.Gallen 1879,SL Benfica,J. Stanić,0,0,0,0,3,1,0,0,29,0,0,0,0,5,1
19,23 Jul 2026,,7k6sig2eb3pblai2oagzrdv6c,Luca Pairetto,FC St.Gallen 1879,SL Benfica,C. Witzig,0,0,1,2,0,0,0,1,18,0,0,2,0,0,0
19,23 Jul 2026,,7k6sig2eb3pblai2oagzrdv6c,Luca Pairetto,FC St.Gallen 1879,SL Benfica,L. Daschner,1,0,1,7,2,0,0,0,30,0,0,0,0,2,0
19,23 Jul 2026,,7k6sig2eb3pblai2oagzrdv6c,Luca Pairetto,FC St.Gallen 1879,SL Benfica,C. Boukhalfa,0,0,0,2,0,3,0,0,23,0,0,2,1,1,0
19,23 Jul 2026,,7k6sig2eb3pblai2oagzrdv6c,Luca Pairetto,FC St.Gallen 1879,SL Benfica,H. Vandermersch,0,0,0,4,1,2,0,0,15,0,0,2,1,3,0
19,23 Jul 2026,,7k6sig2eb3pblai2oagzrdv6c,Luca Pairetto,FC St.Gallen 1879,SL Benfica,T. Gaal,0,0,0,0,3,0,1,0,33,0,0,1,1,3,1
19,23 Jul 2026,,7k6sig2eb3pblai2oagzrdv6c,Luca Pairetto,FC St.Gallen 1879,SL Benfica,L. Zigi,0,0,0,0,0,0,0,0,25,0,3,0,0,0,0
19,23 Jul 2026,,7k6sig2eb3pblai2oagzrdv6c,Luca Pairetto,FC St.Gallen 1879,SL Benfica,A. Hunziker,0,1,0,0,2,0,0,0,5,0,0,1,0,0,0
19,23 Jul 2026,,7k6sig2eb3pblai2oagzrdv6c,Luca Pairetto,FC St.Gallen 1879,SL Benfica,L. Frokaj,0,0,0,1,1,1,0,0,2,0,0,1,0,0,0
19,23 Jul 2026,,7k6sig2eb3pblai2oagzrdv6c,Luca Pairetto,FC St.Gallen 1879,SL Benfica,D. Besio,0,0,0,0,0,1,0,0,0,0,0,0,0,0,0
19,23 Jul 2026,,7k6sig2eb3pblai2oagzrdv6c,Luca Pairetto,FC St.Gallen 1879,SL Benfica,Joel Ruiz,0,0,0,0,0,0,0,0,0,0,0,0,0,0,0
19,23 Jul 2026,,7k6sig2eb3pblai2oagzrdv6c,Luca Pairetto,FC St.Gallen 1879,SL Benfica,A. Bah,0,2,1,0,0,3,0,0,54,0,0,3,0,3,0
19,23 Jul 2026,,7k6sig2eb3pblai2oagzrdv6c,Luca Pairetto,FC St.Gallen 1879,SL Benfica,H. Sudakov,0,2,1,5,1,3,0,0,41,0,0,4,1,0,0
19,23 Jul 2026,,7k6sig2eb3pblai2oagzrdv6c,Luca Pairetto,FC St.Gallen 1879,SL Benfica,S. Dahl,0,0,0,1,0,2,0,0,50,0,0,0,0,1,0
19,23 Jul 2026,,7k6sig2eb3pblai2oagzrdv6c,Luca Pairetto,FC St.Gallen 1879,SL Benfica,A. Trubin,0,0,0,0,0,1,0,0,47,0,4,0,0,0,0
19,23 Jul 2026,,7k6sig2eb3pblai2oagzrdv6c,Luca Pairetto,FC St.Gallen 1879,SL Benfica,V. Pavlidis,1,0,0,1,1,3,0,0,24,0,0,2,1,1,1
19,23 Jul 2026,,7k6sig2eb3pblai2oagzrdv6c,Luca Pairetto,FC St.Gallen 1879,SL Benfica,Miguel Figueiredo,0,0,1,0,3,0,0,0,22,0,0,2,0,1,0
19,23 Jul 2026,,7k6sig2eb3pblai2oagzrdv6c,Luca Pairetto,FC St.Gallen 1879,SL Benfica,Rafa,0,0,2,0,1,0,1,0,22,0,0,1,1,2,0
19,23 Jul 2026,,7k6sig2eb3pblai2oagzrdv6c,Luca Pairetto,FC St.Gallen 1879,SL Benfica,António Silva,0,0,0,0,0,0,0,0,64,0,0,0,0,1,0
19,23 Jul 2026,,7k6sig2eb3pblai2oagzrdv6c,Luca Pairetto,FC St.Gallen 1879,SL Benfica,C. Lenglet,0,0,0,0,1,0,0,0,70,0,0,0,0,1,0
19,23 Jul 2026,,7k6sig2eb3pblai2oagzrdv6c,Luca Pairetto,FC St.Gallen 1879,SL Benfica,Manu Silva,0,0,0,0,3,0,0,0,34,0,0,1,1,3,0
19,23 Jul 2026,,7k6sig2eb3pblai2oagzrdv6c,Luca Pairetto,FC St.Gallen 1879,SL Benfica,J. Kamiński,0,0,0,1,2,0,0,0,16,0,0,0,0,2,0
19,23 Jul 2026,,7k6sig2eb3pblai2oagzrdv6c,Luca Pairetto,FC St.Gallen 1879,SL Benfica,E. Barrenechea,0,0,0,0,0,1,0,0,15,0,0,0,0,1,0
19,23 Jul 2026,,7k6sig2eb3pblai2oagzrdv6c,Luca Pairetto,FC St.Gallen 1879,SL Benfica,Tiago Gouveia,0,0,0,1,1,1,0,0,11,0,0,1,0,0,0
19,23 Jul 2026,,7k6sig2eb3pblai2oagzrdv6c,Luca Pairetto,FC St.Gallen 1879,SL Benfica,F. Ivanović,0,0,0,0,0,0,0,0,5,0,0,0,0,0,0
19,23 Jul 2026,,7k6sig2eb3pblai2oagzrdv6c,Luca Pairetto,FC St.Gallen 1879,SL Benfica,João Rego,0,0,0,0,0,1,0,0,5,0,0,0,0,0,0
20,30 Jul 2026,,7qeq40z7d7nai6k4h9k8n0yl0,Florian Badstübner,SL Benfica,FC St.Gallen 1879,S. Dahl,0,0,2,1,0,1,0,0,60,0,0,2,1,2,0
20,30 Jul 2026,,7qeq40z7d7nai6k4h9k8n0yl0,Florian Badstübner,SL Benfica,FC St.Gallen 1879,J. Kamiński,1,1,0,1,0,2,0,2,22,0,0,1,0,0,0
20,30 Jul 2026,,7qeq40z7d7nai6k4h9k8n0yl0,Florian Badstübner,SL Benfica,FC St.Gallen 1879,António Silva,0,0,0,0,0,0,0,0,120,0,0,1,1,2,0
20,30 Jul 2026,,7qeq40z7d7nai6k4h9k8n0yl0,Florian Badstübner,SL Benfica,FC St.Gallen 1879,H. Sudakov,0,0,2,6,0,1,0,0,41,0,0,3,2,1,0
20,30 Jul 2026,,7qeq40z7d7nai6k4h9k8n0yl0,Florian Badstübner,SL Benfica,FC St.Gallen 1879,Rafa,1,0,2,3,0,0,0,0,28,0,0,1,0,1,0
20,30 Jul 2026,,7qeq40z7d7nai6k4h9k8n0yl0,Florian Badstübner,SL Benfica,FC St.Gallen 1879,A. Bah,1,0,2,2,1,1,0,0,46,0,0,0,0,2,0
20,30 Jul 2026,,7qeq40z7d7nai6k4h9k8n0yl0,Florian Badstübner,SL Benfica,FC St.Gallen 1879,V. Pavlidis,0,1,1,2,1,2,4,1,35,0,0,7,4,2,0
20,30 Jul 2026,,7qeq40z7d7nai6k4h9k8n0yl0,Florian Badstübner,SL Benfica,FC St.Gallen 1879,A. Trubin,0,0,0,0,0,0,0,0,33,0,2,0,0,0,0
20,30 Jul 2026,,7qeq40z7d7nai6k4h9k8n0yl0,Florian Badstübner,SL Benfica,FC St.Gallen 1879,L. Barreiro,0,2,0,1,1,1,0,0,31,0,0,4,1,2,0
20,30 Jul 2026,,7qeq40z7d7nai6k4h9k8n0yl0,Florian Badstübner,SL Benfica,FC St.Gallen 1879,C. Lenglet,0,0,0,0,0,0,1,0,88,0,0,1,1,0,0
20,30 Jul 2026,,7qeq40z7d7nai6k4h9k8n0yl0,Florian Badstübner,SL Benfica,FC St.Gallen 1879,E. Barrenechea,0,1,0,0,1,2,0,0,66,0,0,1,0,1,0
20,30 Jul 2026,,7qeq40z7d7nai6k4h9k8n0yl0,Florian Badstübner,SL Benfica,FC St.Gallen 1879,R. Ríos,0,0,0,0,0,2,0,0,20,0,0,0,0,0,0
20,30 Jul 2026,,7qeq40z7d7nai6k4h9k8n0yl0,Florian Badstübner,SL Benfica,FC St.Gallen 1879,D. Lukébakio,1,2,0,2,1,0,0,0,10,0,0,3,0,0,0
20,30 Jul 2026,,7qeq40z7d7nai6k4h9k8n0yl0,Florian Badstübner,SL Benfica,FC St.Gallen 1879,A. Dedić,0,0,0,0,0,0,0,0,6,0,0,0,0,0,0
20,30 Jul 2026,,7qeq40z7d7nai6k4h9k8n0yl0,Florian Badstübner,SL Benfica,FC St.Gallen 1879,A. Schjelderup,0,0,0,0,0,0,0,0,7,0,0,0,0,0,0
20,30 Jul 2026,,7qeq40z7d7nai6k4h9k8n0yl0,Florian Badstübner,SL Benfica,FC St.Gallen 1879,J. Durán,0,0,0,0,0,0,0,0,3,0,0,1,0,0,0
20,30 Jul 2026,,7qeq40z7d7nai6k4h9k8n0yl0,Florian Badstübner,SL Benfica,FC St.Gallen 1879,L. Görtler,0,0,0,0,3,1,0,0,13,0,0,0,0,2,0
20,30 Jul 2026,,7qeq40z7d7nai6k4h9k8n0yl0,Florian Badstübner,SL Benfica,FC St.Gallen 1879,A. Balde,0,0,0,0,0,0,0,2,8,0,0,3,2,0,0
20,30 Jul 2026,,7qeq40z7d7nai6k4h9k8n0yl0,Florian Badstübner,SL Benfica,FC St.Gallen 1879,H. Vandermersch,0,0,0,1,0,2,0,0,15,0,0,0,0,2,0
20,30 Jul 2026,,7qeq40z7d7nai6k4h9k8n0yl0,Florian Badstübner,SL Benfica,FC St.Gallen 1879,C. Witzig,0,1,1,0,0,0,0,1,6,0,0,1,0,2,0
20,30 Jul 2026,,7qeq40z7d7nai6k4h9k8n0yl0,Florian Badstübner,SL Benfica,FC St.Gallen 1879,T. Gaal,0,0,0,1,2,0,0,0,12,0,0,0,0,1,0
20,30 Jul 2026,,7qeq40z7d7nai6k4h9k8n0yl0,Florian Badstübner,SL Benfica,FC St.Gallen 1879,J. Stanić,0,0,0,0,3,0,0,0,17,1,0,0,0,1,2
20,30 Jul 2026,,7qeq40z7d7nai6k4h9k8n0yl0,Florian Badstübner,SL Benfica,FC St.Gallen 1879,M. Stevanović,0,0,0,1,0,1,0,0,26,0,0,0,0,4,0
20,30 Jul 2026,,7qeq40z7d7nai6k4h9k8n0yl0,Florian Badstübner,SL Benfica,FC St.Gallen 1879,C. Okoroji,0,0,0,0,1,0,0,0,23,0,0,1,0,2,1
20,30 Jul 2026,,7qeq40z7d7nai6k4h9k8n0yl0,Florian Badstübner,SL Benfica,FC St.Gallen 1879,L. Watkowiak,0,0,0,0,0,0,0,0,25,0,5,0,0,0,0
20,30 Jul 2026,,7qeq40z7d7nai6k4h9k8n0yl0,Florian Badstübner,SL Benfica,FC St.Gallen 1879,C. Boukhalfa,0,0,0,1,0,0,0,0,11,0,0,2,0,1,0
20,30 Jul 2026,,7qeq40z7d7nai6k4h9k8n0yl0,Florian Badstübner,SL Benfica,FC St.Gallen 1879,L. Daschner,0,0,0,4,0,0,0,0,20,0,0,0,0,1,0
20,30 Jul 2026,,7qeq40z7d7nai6k4h9k8n0yl0,Florian Badstübner,SL Benfica,FC St.Gallen 1879,J. Ruiz,0,0,0,0,1,0,0,0,20,0,0,0,0,3,0
20,30 Jul 2026,,7qeq40z7d7nai6k4h9k8n0yl0,Florian Badstübner,SL Benfica,FC St.Gallen 1879,A. Hunziker,0,0,0,1,0,0,0,0,14,0,0,0,0,0,0
20,30 Jul 2026,,7qeq40z7d7nai6k4h9k8n0yl0,Florian Badstübner,SL Benfica,FC St.Gallen 1879,L. Frokaj,0,1,1,0,1,1,0,0,6,0,0,4,1,0,0
20,30 Jul 2026,,7qeq40z7d7nai6k4h9k8n0yl0,Florian Badstübner,SL Benfica,FC St.Gallen 1879,C. Konietzke,0,0,0,0,1,0,0,0,8,0,0,0,0,0,0
20,30 Jul 2026,,7qeq40z7d7nai6k4h9k8n0yl0,Florian Badstübner,SL Benfica,FC St.Gallen 1879,E. Owusu,0,0,0,0,0,0,0,0,13,0,0,0,0,1,0
21,5 Aug 2026,,8727zd2o3kp5xxogy6aygm784,Javier Alberola Rojas,Ferencvárosi TC,KS Górnik Zabrze,J. Levi,0,1,0,2,0,1,0,0,20,0,0,1,0,1,0
21,5 Aug 2026,,8727zd2o3kp5xxogy6aygm784,Javier Alberola Rojas,Ferencvárosi TC,KS Górnik Zabrze,T. Raemaekers,0,0,0,0,2,1,0,0,77,0,0,0,0,3,0
21,5 Aug 2026,,8727zd2o3kp5xxogy6aygm784,Javier Alberola Rojas,Ferencvárosi TC,KS Górnik Zabrze,M. Gómez,0,0,0,0,1,0,0,0,67,0,0,1,1,1,0
21,5 Aug 2026,,8727zd2o3kp5xxogy6aygm784,Javier Alberola Rojas,Ferencvárosi TC,KS Górnik Zabrze,Cadu,1,0,1,6,2,0,0,0,39,0,0,0,0,2,0
21,5 Aug 2026,,8727zd2o3kp5xxogy6aygm784,Javier Alberola Rojas,Ferencvárosi TC,KS Górnik Zabrze,M. Corbu,0,3,0,0,3,0,1,0,54,0,0,5,1,0,0
21,5 Aug 2026,,8727zd2o3kp5xxogy6aygm784,Javier Alberola Rojas,Ferencvárosi TC,KS Górnik Zabrze,K. Zachariassen,0,1,0,0,1,1,0,0,27,0,0,2,0,1,0
21,5 Aug 2026,,8727zd2o3kp5xxogy6aygm784,Javier Alberola Rojas,Ferencvárosi TC,KS Górnik Zabrze,G. Kanichowsky,0,1,0,1,1,1,0,0,55,0,0,3,1,1,0
21,5 Aug 2026,,8727zd2o3kp5xxogy6aygm784,Javier Alberola Rojas,Ferencvárosi TC,KS Górnik Zabrze,A. Osváth,0,0,1,1,0,2,0,0,39,0,0,0,0,1,0
21,5 Aug 2026,,8727zd2o3kp5xxogy6aygm784,Javier Alberola Rojas,Ferencvárosi TC,KS Górnik Zabrze,B. Yusuf,0,0,0,4,1,0,0,1,21,0,0,1,0,2,0
21,5 Aug 2026,,8727zd2o3kp5xxogy6aygm784,Javier Alberola Rojas,Ferencvárosi TC,KS Górnik Zabrze,L. Joseph,0,0,0,0,1,3,0,0,11,0,0,2,1,0,0
21,5 Aug 2026,,8727zd2o3kp5xxogy6aygm784,Javier Alberola Rojas,Ferencvárosi TC,KS Górnik Zabrze,D. Dibusz,0,0,0,0,0,0,0,0,21,0,1,0,0,0,0
21,5 Aug 2026,,8727zd2o3kp5xxogy6aygm784,Javier Alberola Rojas,Ferencvárosi TC,KS Górnik Zabrze,C. O'Dowda,0,0,0,1,0,0,0,0,16,0,0,0,0,0,0
21,5 Aug 2026,,8727zd2o3kp5xxogy6aygm784,Javier Alberola Rojas,Ferencvárosi TC,KS Górnik Zabrze,D. Arzani,0,0,0,0,0,0,0,0,26,0,0,0,0,1,0
21,5 Aug 2026,,8727zd2o3kp5xxogy6aygm784,Javier Alberola Rojas,Ferencvárosi TC,KS Górnik Zabrze,Á. Nagy,0,0,0,0,0,0,0,0,7,0,0,0,0,0,0
21,5 Aug 2026,,8727zd2o3kp5xxogy6aygm784,Javier Alberola Rojas,Ferencvárosi TC,KS Górnik Zabrze,K. Kodro,0,0,0,0,0,0,0,0,1,0,0,0,0,0,0
21,5 Aug 2026,,8727zd2o3kp5xxogy6aygm784,Javier Alberola Rojas,Ferencvárosi TC,KS Górnik Zabrze,A. Ćirković,0,0,0,0,0,0,0,0,3,0,0,0,0,0,0
21,5 Aug 2026,,8727zd2o3kp5xxogy6aygm784,Javier Alberola Rojas,Ferencvárosi TC,KS Górnik Zabrze,L. Sadílek,0,0,0,0,0,1,0,0,34,0,0,0,0,3,0
21,5 Aug 2026,,8727zd2o3kp5xxogy6aygm784,Javier Alberola Rojas,Ferencvárosi TC,KS Górnik Zabrze,R. Janicki,0,0,0,0,0,0,0,0,39,0,0,0,0,2,0
21,5 Aug 2026,,8727zd2o3kp5xxogy6aygm784,Javier Alberola Rojas,Ferencvárosi TC,KS Górnik Zabrze,P. Schulze,0,0,0,0,0,1,0,0,33,0,3,0,0,0,0
21,5 Aug 2026,,8727zd2o3kp5xxogy6aygm784,Javier Alberola Rojas,Ferencvárosi TC,KS Górnik Zabrze,M. Sáček,0,1,0,1,0,1,0,0,40,0,0,1,0,3,0
21,5 Aug 2026,,8727zd2o3kp5xxogy6aygm784,Javier Alberola Rojas,Ferencvárosi TC,KS Górnik Zabrze,M. Dietz,0,0,0,1,1,1,0,0,39,0,0,0,0,0,0
21,5 Aug 2026,,8727zd2o3kp5xxogy6aygm784,Javier Alberola Rojas,Ferencvárosi TC,KS Górnik Zabrze,T. Ismaheel,0,1,1,2,1,1,0,0,21,0,0,2,0,0,0
21,5 Aug 2026,,8727zd2o3kp5xxogy6aygm784,Javier Alberola Rojas,Ferencvárosi TC,KS Górnik Zabrze,E. Prekop,0,1,1,0,1,1,0,0,8,0,0,1,0,0,0
21,5 Aug 2026,,8727zd2o3kp5xxogy6aygm784,Javier Alberola Rojas,Ferencvárosi TC,KS Górnik Zabrze,Y. Ikia Dimi,0,0,1,0,2,0,0,0,13,0,0,1,0,0,0
21,5 Aug 2026,,8727zd2o3kp5xxogy6aygm784,Javier Alberola Rojas,Ferencvárosi TC,KS Górnik Zabrze,E. Janža,0,0,0,7,1,1,0,0,39,0,0,0,0,0,0
21,5 Aug 2026,,8727zd2o3kp5xxogy6aygm784,Javier Alberola Rojas,Ferencvárosi TC,KS Górnik Zabrze,K. Urbański,0,1,1,4,0,2,0,0,35,0,0,3,0,0,0
21,5 Aug 2026,,8727zd2o3kp5xxogy6aygm784,Javier Alberola Rojas,Ferencvárosi TC,KS Górnik Zabrze,Josema,0,0,0,0,3,1,0,1,40,0,0,0,0,3,1
21,5 Aug 2026,,8727zd2o3kp5xxogy6aygm784,Javier Alberola Rojas,Ferencvárosi TC,KS Górnik Zabrze,M. Khlan,0,0,1,1,0,0,0,0,18,0,0,0,0,0,0
21,5 Aug 2026,,8727zd2o3kp5xxogy6aygm784,Javier Alberola Rojas,Ferencvárosi TC,KS Górnik Zabrze,S. Liseth,0,0,0,0,0,2,0,0,4,0,0,0,0,0,0
21,5 Aug 2026,,8727zd2o3kp5xxogy6aygm784,Javier Alberola Rojas,Ferencvárosi TC,KS Górnik Zabrze,P. González,0,0,0,0,0,0,0,0,7,0,0,2,1,0,0
21,5 Aug 2026,,8727zd2o3kp5xxogy6aygm784,Javier Alberola Rojas,Ferencvárosi TC,KS Górnik Zabrze,B. Donio,0,0,0,0,0,0,0,0,15,0,0,0,0,0,0
22,6 Aug 2026,,8ivl2qjszoinlplh0n10idjis,Marian Alexandru Barbu,SL Benfica,Heart of Midlothian FC,Tomás Araújo,0,0,0,0,0,0,1,0,107,0,0,3,1,1,0
22,6 Aug 2026,,8ivl2qjszoinlplh0n10idjis,Marian Alexandru Barbu,SL Benfica,Heart of Midlothian FC,Rafa,0,0,2,0,0,1,1,0,48,0,0,2,1,0,0
22,6 Aug 2026,,8ivl2qjszoinlplh0n10idjis,Marian Alexandru Barbu,SL Benfica,Heart of Midlothian FC,A. Bah,0,0,1,1,4,0,0,0,63,0,0,1,0,1,1
22,6 Aug 2026,,8ivl2qjszoinlplh0n10idjis,Marian Alexandru Barbu,SL Benfica,Heart of Midlothian FC,C. Lenglet,0,0,0,0,1,1,0,0,86,0,0,0,0,2,0
22,6 Aug 2026,,8ivl2qjszoinlplh0n10idjis,Marian Alexandru Barbu,SL Benfica,Heart of Midlothian FC,S. Dahl,0,0,2,3,2,1,0,0,64,0,0,0,0,3,0
22,6 Aug 2026,,8ivl2qjszoinlplh0n10idjis,Marian Alexandru Barbu,SL Benfica,Heart of Midlothian FC,G. Prestianni,0,0,0,1,1,2,1,0,39,0,0,3,3,0,1
22,6 Aug 2026,,8ivl2qjszoinlplh0n10idjis,Marian Alexandru Barbu,SL Benfica,Heart of Midlothian FC,Samuel Soares,0,0,0,0,0,0,0,0,28,0,1,0,0,0,0
22,6 Aug 2026,,8ivl2qjszoinlplh0n10idjis,Marian Alexandru Barbu,SL Benfica,Heart of Midlothian FC,H. Sudakov,1,2,0,5,0,0,0,0,40,0,0,2,0,0,0
22,6 Aug 2026,,8ivl2qjszoinlplh0n10idjis,Marian Alexandru Barbu,SL Benfica,Heart of Midlothian FC,E. Barrenechea,0,0,0,1,1,1,0,0,67,0,0,0,0,0,0
22,6 Aug 2026,,8ivl2qjszoinlplh0n10idjis,Marian Alexandru Barbu,SL Benfica,Heart of Midlothian FC,L. Barreiro,1,2,1,0,1,3,0,0,46,0,0,5,2,2,0
22,6 Aug 2026,,8ivl2qjszoinlplh0n10idjis,Marian Alexandru Barbu,SL Benfica,Heart of Midlothian FC,V. Pavlidis,0,0,0,0,0,0,1,2,12,0,0,2,1,0,0
22,6 Aug 2026,,8ivl2qjszoinlplh0n10idjis,Marian Alexandru Barbu,SL Benfica,Heart of Midlothian FC,J. Durán,0,0,0,0,2,0,1,0,8,0,0,3,2,0,0
22,6 Aug 2026,,8ivl2qjszoinlplh0n10idjis,Marian Alexandru Barbu,SL Benfica,Heart of Midlothian FC,R. Ríos,0,0,0,1,0,1,0,0,8,0,0,1,0,2,0
22,6 Aug 2026,,8ivl2qjszoinlplh0n10idjis,Marian Alexandru Barbu,SL Benfica,Heart of Midlothian FC,A. Schjelderup,1,1,0,0,0,0,1,0,13,0,0,2,1,1,0
22,6 Aug 2026,,8ivl2qjszoinlplh0n10idjis,Marian Alexandru Barbu,SL Benfica,Heart of Midlothian FC,Manu Silva,0,0,0,0,0,0,0,0,13,0,0,0,0,0,0
22,6 Aug 2026,,8ivl2qjszoinlplh0n10idjis,Marian Alexandru Barbu,SL Benfica,Heart of Midlothian FC,J. Kamiński,0,0,0,0,0,0,0,0,1,0,0,0,0,0,0
22,6 Aug 2026,,8ivl2qjszoinlplh0n10idjis,Marian Alexandru Barbu,SL Benfica,Heart of Midlothian FC,A. Kyziridis,0,2,1,1,1,0,0,0,25,0,0,2,0,2,0
22,6 Aug 2026,,8ivl2qjszoinlplh0n10idjis,Marian Alexandru Barbu,SL Benfica,Heart of Midlothian FC,B. Reus,0,0,0,0,0,0,0,0,33,0,5,0,0,0,0
22,6 Aug 2026,,8ivl2qjszoinlplh0n10idjis,Marian Alexandru Barbu,SL Benfica,Heart of Midlothian FC,P. Kaboré,0,0,0,0,1,1,0,0,6,0,0,0,0,2,0
22,6 Aug 2026,,8ivl2qjszoinlplh0n10idjis,Marian Alexandru Barbu,SL Benfica,Heart of Midlothian FC,S. Findlay,0,0,0,0,0,1,0,0,37,0,0,0,0,1,0
22,6 Aug 2026,,8ivl2qjszoinlplh0n10idjis,Marian Alexandru Barbu,SL Benfica,Heart of Midlothian FC,J. Altena,0,1,1,1,1,2,0,0,36,0,0,2,1,5,0
22,6 Aug 2026,,8ivl2qjszoinlplh0n10idjis,Marian Alexandru Barbu,SL Benfica,Heart of Midlothian FC,C. Miller,0,0,0,7,0,3,0,1,11,0,0,0,0,1,0
22,6 Aug 2026,,8ivl2qjszoinlplh0n10idjis,Marian Alexandru Barbu,SL Benfica,Heart of Midlothian FC,B. Spittal,0,0,0,2,1,1,0,0,30,0,0,1,0,0,1
22,6 Aug 2026,,8ivl2qjszoinlplh0n10idjis,Marian Alexandru Barbu,SL Benfica,Heart of Midlothian FC,Cláudio Braga,0,0,0,1,3,1,0,1,10,0,0,2,0,1,1
22,6 Aug 2026,,8ivl2qjszoinlplh0n10idjis,Marian Alexandru Barbu,SL Benfica,Heart of Midlothian FC,H. Milne,0,0,0,0,0,0,0,0,15,0,0,0,0,2,0
22,6 Aug 2026,,8ivl2qjszoinlplh0n10idjis,Marian Alexandru Barbu,SL Benfica,Heart of Midlothian FC,O. McEntee,0,0,0,0,1,0,0,0,45,0,0,0,0,1,0
22,6 Aug 2026,,8ivl2qjszoinlplh0n10idjis,Marian Alexandru Barbu,SL Benfica,Heart of Midlothian FC,L. Mendy,0,0,0,0,1,0,0,0,15,0,0,1,0,3,1
22,6 Aug 2026,,8ivl2qjszoinlplh0n10idjis,Marian Alexandru Barbu,SL Benfica,Heart of Midlothian FC,T. Renaud,0,0,0,0,0,1,1,0,15,0,0,2,1,1,0
22,6 Aug 2026,,8ivl2qjszoinlplh0n10idjis,Marian Alexandru Barbu,SL Benfica,Heart of Midlothian FC,J. McCart,0,0,0,0,0,0,0,0,15,0,0,0,0,0,0
22,6 Aug 2026,,8ivl2qjszoinlplh0n10idjis,Marian Alexandru Barbu,SL Benfica,Heart of Midlothian FC,S. Guendouz,1,0,0,0,2,1,0,0,10,0,0,0,0,1,0
22,6 Aug 2026,,8ivl2qjszoinlplh0n10idjis,Marian Alexandru Barbu,SL Benfica,Heart of Midlothian FC,J. McPake,0,0,0,1,1,1,0,0,5,0,0,0,0,0,0
22,6 Aug 2026,,8ivl2qjszoinlplh0n10idjis,Marian Alexandru Barbu,SL Benfica,Heart of Midlothian FC,S. Kerjota,0,0,0,1,0,0,0,0,0,0,0,0,0,0,0
23,6 Aug 2026,,8odj7nu62alpkavx3idpcchzo,Horațiu Mircea Feșnic,FC Hradec Králové,Beşiktaş JK,F. Čech,0,0,0,0,0,0,0,0,54,0,0,0,0,0,0
23,6 Aug 2026,,8odj7nu62alpkavx3idpcchzo,Horațiu Mircea Feșnic,FC Hradec Králové,Beşiktaş JK,A. Zadražil,0,0,0,0,0,0,0,0,38,0,4,0,0,0,0
23,6 Aug 2026,,8odj7nu62alpkavx3idpcchzo,Horațiu Mircea Feșnic,FC Hradec Králové,Beşiktaş JK,M. van Buren,0,0,2,1,2,1,0,0,20,0,0,0,0,2,1
23,6 Aug 2026,,8odj7nu62alpkavx3idpcchzo,Horațiu Mircea Feșnic,FC Hradec Králové,Beşiktaş JK,F. Čihák,0,0,0,0,0,0,0,0,46,0,0,1,1,1,0
23,6 Aug 2026,,8odj7nu62alpkavx3idpcchzo,Horațiu Mircea Feșnic,FC Hradec Králové,Beşiktaş JK,V. Darida,0,0,1,7,1,1,0,0,59,0,0,0,0,0,0
23,6 Aug 2026,,8odj7nu62alpkavx3idpcchzo,Horațiu Mircea Feșnic,FC Hradec Králové,Beşiktaş JK,O. Mihálik,0,0,0,1,1,0,0,0,16,0,0,1,0,0,0
23,6 Aug 2026,,8odj7nu62alpkavx3idpcchzo,Horațiu Mircea Feșnic,FC Hradec Králové,Beşiktaş JK,S. Dancák,0,0,0,0,1,0,0,0,21,0,0,0,0,0,0
23,6 Aug 2026,,8odj7nu62alpkavx3idpcchzo,Horațiu Mircea Feșnic,FC Hradec Králové,Beşiktaş JK,J. Kučera,0,0,0,0,0,1,0,0,14,0,0,0,0,1,0
23,6 Aug 2026,,8odj7nu62alpkavx3idpcchzo,Horațiu Mircea Feșnic,FC Hradec Králové,Beşiktaş JK,J. Uhrinčať,0,0,1,1,1,0,0,0,46,0,0,2,1,3,1
23,6 Aug 2026,,8odj7nu62alpkavx3idpcchzo,Horațiu Mircea Feșnic,FC Hradec Králové,Beşiktaş JK,T. Slončík,0,0,0,1,1,0,0,0,26,0,0,3,2,3,0
23,6 Aug 2026,,8odj7nu62alpkavx3idpcchzo,Horațiu Mircea Feșnic,FC Hradec Králové,Beşiktaş JK,D. Horák,0,0,2,7,1,0,0,0,28,0,0,1,1,0,0
23,6 Aug 2026,,8odj7nu62alpkavx3idpcchzo,Horațiu Mircea Feșnic,FC Hradec Králové,Beşiktaş JK,D. Ludvíček,0,0,1,2,2,0,0,0,32,0,0,0,0,1,0
23,6 Aug 2026,,8odj7nu62alpkavx3idpcchzo,Horațiu Mircea Feșnic,FC Hradec Králové,Beşiktaş JK,M. Valenta,0,0,0,0,0,0,0,0,20,0,0,2,2,1,0
23,6 Aug 2026,,8odj7nu62alpkavx3idpcchzo,Horațiu Mircea Feșnic,FC Hradec Králové,Beşiktaş JK,A. Umar,0,0,1,1,0,2,0,0,11,0,0,1,1,0,0
23,6 Aug 2026,,8odj7nu62alpkavx3idpcchzo,Horațiu Mircea Feșnic,FC Hradec Králové,Beşiktaş JK,D. Trubač,0,0,0,0,0,0,0,0,7,0,0,1,1,0,0
23,6 Aug 2026,,8odj7nu62alpkavx3idpcchzo,Horațiu Mircea Feșnic,FC Hradec Králové,Beşiktaş JK,Oh Hyeon-Gyu,0,1,1,0,1,1,0,0,17,0,0,7,0,0,1
23,6 Aug 2026,,8odj7nu62alpkavx3idpcchzo,Horațiu Mircea Feșnic,FC Hradec Králové,Beşiktaş JK,O. Kökçü,0,1,1,3,0,1,0,0,58,0,0,4,2,1,0
23,6 Aug 2026,,8odj7nu62alpkavx3idpcchzo,Horațiu Mircea Feșnic,FC Hradec Králové,Beşiktaş JK,A. Murillo,0,0,0,0,0,1,0,0,39,0,0,1,0,2,0
23,6 Aug 2026,,8odj7nu62alpkavx3idpcchzo,Horațiu Mircea Feșnic,FC Hradec Králové,Beşiktaş JK,Tiago Djaló,0,0,0,0,0,1,0,0,58,0,0,0,0,2,0
23,6 Aug 2026,,8odj7nu62alpkavx3idpcchzo,Horațiu Mircea Feșnic,FC Hradec Králové,Beşiktaş JK,A. Nübel,0,0,0,0,0,0,0,0,32,0,8,0,0,0,0
23,6 Aug 2026,,8odj7nu62alpkavx3idpcchzo,Horațiu Mircea Feșnic,FC Hradec Králové,Beşiktaş JK,V. Černý,0,0,0,3,1,0,0,0,27,0,0,2,1,1,1
23,6 Aug 2026,,8odj7nu62alpkavx3idpcchzo,Horațiu Mircea Feșnic,FC Hradec Králové,Beşiktaş JK,J. Olaïtan,0,1,0,0,0,1,0,0,53,0,0,2,0,1,0
23,6 Aug 2026,,8odj7nu62alpkavx3idpcchzo,Horațiu Mircea Feșnic,FC Hradec Králové,Beşiktaş JK,E. Topçu,0,0,0,0,1,2,0,0,63,0,0,1,0,3,0
23,6 Aug 2026,,8odj7nu62alpkavx3idpcchzo,Horațiu Mircea Feșnic,FC Hradec Králové,Beşiktaş JK,K. Ouattara,0,0,0,1,2,0,0,0,48,1,0,0,0,3,2
23,6 Aug 2026,,8odj7nu62alpkavx3idpcchzo,Horațiu Mircea Feșnic,FC Hradec Králové,Beşiktaş JK,S. Özcan,0,0,0,0,0,0,0,0,52,0,0,0,0,3,0
23,6 Aug 2026,,8odj7nu62alpkavx3idpcchzo,Horațiu Mircea Feșnic,FC Hradec Králové,Beşiktaş JK,İ. Fakılı,0,3,3,1,1,2,0,0,24,0,0,4,1,1,0
23,6 Aug 2026,,8odj7nu62alpkavx3idpcchzo,Horațiu Mircea Feșnic,FC Hradec Králové,Beşiktaş JK,W. Ndidi,0,0,0,0,0,0,0,0,7,0,0,0,0,1,0
23,6 Aug 2026,,8odj7nu62alpkavx3idpcchzo,Horațiu Mircea Feșnic,FC Hradec Králové,Beşiktaş JK,S. Kılıçsoy,0,0,0,0,0,0,1,0,2,0,0,1,1,0,0
23,6 Aug 2026,,8odj7nu62alpkavx3idpcchzo,Horațiu Mircea Feșnic,FC Hradec Králové,Beşiktaş JK,R. Yılmaz,0,0,0,0,0,0,0,0,2,0,0,0,0,0,0
23,6 Aug 2026,,8odj7nu62alpkavx3idpcchzo,Horațiu Mircea Feșnic,FC Hradec Králové,Beşiktaş JK,M. Hekimoğlu,0,0,0,0,0,0,0,0,0,0,0,0,0,0,0
23,6 Aug 2026,,8odj7nu62alpkavx3idpcchzo,Horațiu Mircea Feșnic,FC Hradec Králové,Beşiktaş JK,E. Agbadou,0,0,0,0,0,0,0,0,0,0,0,0,0,0,0
24,13 Aug 2026,,92el1z5znuumgcz51q87fw3ro,Urs Schnyder,Beşiktaş JK,FC Hradec Králové,S. Özcan,0,0,0,0,3,4,0,0,76,0,0,0,0,2,0
24,13 Aug 2026,,92el1z5znuumgcz51q87fw3ro,Urs Schnyder,Beşiktaş JK,FC Hradec Králové,O. Kökçü,0,3,0,6,0,1,0,0,59,0,0,6,0,1,0
24,13 Aug 2026,,92el1z5znuumgcz51q87fw3ro,Urs Schnyder,Beşiktaş JK,FC Hradec Králové,İ. Fakılı,0,2,1,1,0,2,0,0,34,0,0,6,2,0,0
24,13 Aug 2026,,92el1z5znuumgcz51q87fw3ro,Urs Schnyder,Beşiktaş JK,FC Hradec Králové,R. Yılmaz,0,1,0,2,0,3,0,0,40,0,0,1,0,1,0
24,13 Aug 2026,,92el1z5znuumgcz51q87fw3ro,Urs Schnyder,Beşiktaş JK,FC Hradec Králové,Tiago Djaló,0,0,0,0,0,1,0,0,60,0,0,0,0,3,0
24,13 Aug 2026,,92el1z5znuumgcz51q87fw3ro,Urs Schnyder,Beşiktaş JK,FC Hradec Králové,A. Murillo,0,1,0,2,1,2,0,1,47,0,0,1,0,2,0
24,13 Aug 2026,,92el1z5znuumgcz51q87fw3ro,Urs Schnyder,Beşiktaş JK,FC Hradec Králové,J. Olaïtan,1,1,0,0,0,0,0,0,44,0,0,1,0,3,0
24,13 Aug 2026,,92el1z5znuumgcz51q87fw3ro,Urs Schnyder,Beşiktaş JK,FC Hradec Králové,V. Černý,0,0,1,2,1,0,1,0,23,0,0,2,1,0,0
24,13 Aug 2026,,92el1z5znuumgcz51q87fw3ro,Urs Schnyder,Beşiktaş JK,FC Hradec Králové,Oh Hyeon-Gyu,0,0,0,1,1,2,0,0,19,0,0,3,1,0,0
24,13 Aug 2026,,92el1z5znuumgcz51q87fw3ro,Urs Schnyder,Beşiktaş JK,FC Hradec Králové,E. Topçu,0,0,0,0,3,0,0,0,68,0,0,0,0,1,1
24,13 Aug 2026,,92el1z5znuumgcz51q87fw3ro,Urs Schnyder,Beşiktaş JK,FC Hradec Králové,A. Nübel,0,0,0,0,0,1,0,0,52,0,2,0,0,0,0
24,13 Aug 2026,,92el1z5znuumgcz51q87fw3ro,Urs Schnyder,Beşiktaş JK,FC Hradec Králové,W. Ndidi,0,1,0,0,0,0,0,0,15,0,0,1,0,2,0
24,13 Aug 2026,,92el1z5znuumgcz51q87fw3ro,Urs Schnyder,Beşiktaş JK,FC Hradec Králové,L. Trossard,0,1,0,0,0,1,0,0,12,0,0,2,1,0,0
24,13 Aug 2026,,92el1z5znuumgcz51q87fw3ro,Urs Schnyder,Beşiktaş JK,FC Hradec Králové,Y. Özcan,0,1,0,0,0,0,0,0,10,0,0,1,0,0,0
24,13 Aug 2026,,92el1z5znuumgcz51q87fw3ro,Urs Schnyder,Beşiktaş JK,FC Hradec Králové,E. Agbadou,0,0,0,0,1,0,0,0,11,0,0,0,0,1,0
24,13 Aug 2026,,92el1z5znuumgcz51q87fw3ro,Urs Schnyder,Beşiktaş JK,FC Hradec Králové,M. Rashica,0,0,0,0,0,0,0,0,1,0,0,0,0,0,0
24,13 Aug 2026,,92el1z5znuumgcz51q87fw3ro,Urs Schnyder,Beşiktaş JK,FC Hradec Králové,T. Slončík,0,1,0,1,5,0,0,0,30,0,0,2,1,3,0
24,13 Aug 2026,,92el1z5znuumgcz51q87fw3ro,Urs Schnyder,Beşiktaş JK,FC Hradec Králové,A. Zadražil,0,0,0,0,0,1,0,0,44,0,4,0,0,0,0
24,13 Aug 2026,,92el1z5znuumgcz51q87fw3ro,Urs Schnyder,Beşiktaş JK,FC Hradec Králové,J. Uhrinčať,0,0,0,0,2,0,0,0,23,0,0,1,0,1,0
24,13 Aug 2026,,92el1z5znuumgcz51q87fw3ro,Urs Schnyder,Beşiktaş JK,FC Hradec Králové,O. Mihálik,0,0,0,0,0,0,0,1,20,0,0,1,0,1,0
24,13 Aug 2026,,92el1z5znuumgcz51q87fw3ro,Urs Schnyder,Beşiktaş JK,FC Hradec Králové,F. Čihák,0,0,0,0,2,1,0,0,40,0,0,2,0,0,0
24,13 Aug 2026,,92el1z5znuumgcz51q87fw3ro,Urs Schnyder,Beşiktaş JK,FC Hradec Králové,S. Dancák,0,0,0,0,0,1,0,0,27,0,0,0,0,2,0
24,13 Aug 2026,,92el1z5znuumgcz51q87fw3ro,Urs Schnyder,Beşiktaş JK,FC Hradec Králové,F. Čech,0,0,1,0,1,0,0,0,60,0,0,1,1,2,0
24,13 Aug 2026,,92el1z5znuumgcz51q87fw3ro,Urs Schnyder,Beşiktaş JK,FC Hradec Králové,D. Horák,0,1,1,6,0,0,0,0,32,0,0,1,0,0,0
24,13 Aug 2026,,92el1z5znuumgcz51q87fw3ro,Urs Schnyder,Beşiktaş JK,FC Hradec Králové,V. Darida,0,0,0,4,3,1,0,0,58,0,0,1,0,0,0
24,13 Aug 2026,,92el1z5znuumgcz51q87fw3ro,Urs Schnyder,Beşiktaş JK,FC Hradec Králové,D. Ludvíček,0,0,0,1,2,0,0,0,27,0,0,0,0,1,0
24,13 Aug 2026,,92el1z5znuumgcz51q87fw3ro,Urs Schnyder,Beşiktaş JK,FC Hradec Králové,M. van Buren,0,0,1,0,0,2,0,0,28,0,0,0,0,0,0
24,13 Aug 2026,,92el1z5znuumgcz51q87fw3ro,Urs Schnyder,Beşiktaş JK,FC Hradec Králové,A. Umar,0,0,0,1,0,1,0,0,8,0,0,0,0,0,0
24,13 Aug 2026,,92el1z5znuumgcz51q87fw3ro,Urs Schnyder,Beşiktaş JK,FC Hradec Králové,A. Vlkanova,0,1,1,0,2,1,0,0,6,0,0,1,0,0,0
24,13 Aug 2026,,92el1z5znuumgcz51q87fw3ro,Urs Schnyder,Beşiktaş JK,FC Hradec Králové,D. Trubač,0,0,0,0,0,0,0,0,9,0,0,0,0,1,0
26,13 Aug 2026,,93ggpyyosibo3lyx6q8cbqxas,João Pedro Silva Pinheiro,Pafos FC,FC Salzburg,Guga,0,0,0,0,1,1,0,0,23,0,0,0,0,0,0
26,13 Aug 2026,,93ggpyyosibo3lyx6q8cbqxas,João Pedro Silva Pinheiro,Pafos FC,FC Salzburg,David Goldar,0,1,0,0,2,0,0,0,30,0,0,1,0,1,0
26,13 Aug 2026,,93ggpyyosibo3lyx6q8cbqxas,João Pedro Silva Pinheiro,Pafos FC,FC Salzburg,Bruno Felipe,1,0,0,7,2,2,0,0,44,0,0,0,0,2,1
26,13 Aug 2026,,93ggpyyosibo3lyx6q8cbqxas,João Pedro Silva Pinheiro,Pafos FC,FC Salzburg,R. Majecki,0,0,0,0,0,0,0,0,28,0,3,0,0,0,0
26,13 Aug 2026,,93ggpyyosibo3lyx6q8cbqxas,João Pedro Silva Pinheiro,Pafos FC,FC Salzburg,I. Šunjić,0,0,0,0,1,0,0,0,33,0,0,1,0,4,0
26,13 Aug 2026,,93ggpyyosibo3lyx6q8cbqxas,João Pedro Silva Pinheiro,Pafos FC,FC Salzburg,David Luiz,0,0,0,0,0,1,0,1,55,0,0,0,0,1,0
26,13 Aug 2026,,93ggpyyosibo3lyx6q8cbqxas,João Pedro Silva Pinheiro,Pafos FC,FC Salzburg,Biel,0,1,1,5,0,4,1,0,34,0,0,4,2,2,0
26,13 Aug 2026,,93ggpyyosibo3lyx6q8cbqxas,João Pedro Silva Pinheiro,Pafos FC,FC Salzburg,N. Ioannou,0,0,0,3,1,4,0,1,42,0,0,0,0,4,0
26,13 Aug 2026,,93ggpyyosibo3lyx6q8cbqxas,João Pedro Silva Pinheiro,Pafos FC,FC Salzburg,Pêpê Rodrigues,0,0,0,1,1,1,0,0,67,0,0,1,1,0,0
26,13 Aug 2026,,93ggpyyosibo3lyx6q8cbqxas,João Pedro Silva Pinheiro,Pafos FC,FC Salzburg,V. Dragomir,0,1,0,4,3,1,0,0,23,0,0,1,0,1,0
26,13 Aug 2026,,93ggpyyosibo3lyx6q8cbqxas,João Pedro Silva Pinheiro,Pafos FC,FC Salzburg,Lelê,1,0,1,0,0,1,1,0,15,0,0,4,3,0,0
26,13 Aug 2026,,93ggpyyosibo3lyx6q8cbqxas,João Pedro Silva Pinheiro,Pafos FC,FC Salzburg,N. Ngamaleu,0,0,1,6,0,0,0,0,11,0,0,1,1,0,0
26,13 Aug 2026,,93ggpyyosibo3lyx6q8cbqxas,João Pedro Silva Pinheiro,Pafos FC,FC Salzburg,Anderson Silva,0,0,1,1,1,0,0,0,1,0,0,1,1,0,0
26,13 Aug 2026,,93ggpyyosibo3lyx6q8cbqxas,João Pedro Silva Pinheiro,Pafos FC,FC Salzburg,M. Məmmədov,0,0,0,0,0,0,1,0,6,0,0,1,1,0,0
26,13 Aug 2026,,93ggpyyosibo3lyx6q8cbqxas,João Pedro Silva Pinheiro,Pafos FC,FC Salzburg,C. Zawieschitzky,0,0,0,0,0,0,0,0,31,0,6,0,0,0,0
26,13 Aug 2026,,93ggpyyosibo3lyx6q8cbqxas,João Pedro Silva Pinheiro,Pafos FC,FC Salzburg,H. Tabaković,0,2,0,0,2,0,3,1,15,0,0,5,3,0,0
26,13 Aug 2026,,93ggpyyosibo3lyx6q8cbqxas,João Pedro Silva Pinheiro,Pafos FC,FC Salzburg,D. Schmid,0,0,0,1,0,0,0,0,35,0,0,1,1,2,0
26,13 Aug 2026,,93ggpyyosibo3lyx6q8cbqxas,João Pedro Silva Pinheiro,Pafos FC,FC Salzburg,Y. Vertessen,0,1,1,3,2,1,0,0,10,0,0,2,0,2,0
26,13 Aug 2026,,93ggpyyosibo3lyx6q8cbqxas,João Pedro Silva Pinheiro,Pafos FC,FC Salzburg,S. Kitano,0,0,0,0,1,0,0,0,22,0,0,1,0,1,0
26,13 Aug 2026,,93ggpyyosibo3lyx6q8cbqxas,João Pedro Silva Pinheiro,Pafos FC,FC Salzburg,B. Mazurek,0,0,0,1,0,2,0,0,48,0,0,2,1,4,0
26,13 Aug 2026,,93ggpyyosibo3lyx6q8cbqxas,João Pedro Silva Pinheiro,Pafos FC,FC Salzburg,A. Barry,0,0,0,1,3,2,0,0,66,0,0,1,0,1,0
26,13 Aug 2026,,93ggpyyosibo3lyx6q8cbqxas,João Pedro Silva Pinheiro,Pafos FC,FC Salzburg,N. Veratschnig,0,0,0,2,2,1,0,0,31,0,0,1,0,2,1
26,13 Aug 2026,,93ggpyyosibo3lyx6q8cbqxas,João Pedro Silva Pinheiro,Pafos FC,FC Salzburg,K. Boma,0,0,0,0,2,2,0,0,42,0,0,0,0,2,0
26,13 Aug 2026,,93ggpyyosibo3lyx6q8cbqxas,João Pedro Silva Pinheiro,Pafos FC,FC Salzburg,V. Zabransky,0,0,0,0,0,0,0,0,50,0,0,0,0,0,0
26,13 Aug 2026,,93ggpyyosibo3lyx6q8cbqxas,João Pedro Silva Pinheiro,Pafos FC,FC Salzburg,D. Redzic,1,1,0,2,1,1,0,1,22,0,0,3,0,2,0
26,13 Aug 2026,,93ggpyyosibo3lyx6q8cbqxas,João Pedro Silva Pinheiro,Pafos FC,FC Salzburg,E. Baidoo,0,1,1,0,2,1,0,0,13,0,0,1,0,1,0
26,13 Aug 2026,,93ggpyyosibo3lyx6q8cbqxas,João Pedro Silva Pinheiro,Pafos FC,FC Salzburg,K. Konaté,0,0,0,0,1,0,0,0,5,0,0,1,1,0,0
26,13 Aug 2026,,93ggpyyosibo3lyx6q8cbqxas,João Pedro Silva Pinheiro,Pafos FC,FC Salzburg,L. Morgalla,0,0,0,0,0,0,0,0,1,0,0,0,0,1,0
26,13 Aug 2026,,93ggpyyosibo3lyx6q8cbqxas,João Pedro Silva Pinheiro,Pafos FC,FC Salzburg,T. Drexler,0,0,0,0,0,0,0,0,3,0,0,0,0,0,0
26,13 Aug 2026,,93ggpyyosibo3lyx6q8cbqxas,João Pedro Silva Pinheiro,Pafos FC,FC Salzburg,F. Krätzig,0,0,0,0,0,0,0,0,3,0,0,0,0,0,0
27,13 Aug 2026,,93zrnyfau4gxotvyznw25x5as,Simone Sozza,RSC Anderlecht,PAOK Thessaloniki FC,J. Nga Kana,0,0,0,0,0,0,0,1,26,0,0,1,1,0,0
27,13 Aug 2026,,93zrnyfau4gxotvyznw25x5as,Simone Sozza,RSC Anderlecht,PAOK Thessaloniki FC,L. Ambros,0,0,0,1,2,0,1,0,35,0,0,1,1,1,1
27,13 Aug 2026,,93zrnyfau4gxotvyznw25x5as,Simone Sozza,RSC Anderlecht,PAOK Thessaloniki FC,D. Sikan,0,0,0,1,1,2,1,1,17,0,0,4,1,1,0
27,13 Aug 2026,,93zrnyfau4gxotvyznw25x5as,Simone Sozza,RSC Anderlecht,PAOK Thessaloniki FC,E. Llansana,0,0,1,0,1,1,0,0,39,0,0,2,1,0,0
27,13 Aug 2026,,93zrnyfau4gxotvyznw25x5as,Simone Sozza,RSC Anderlecht,PAOK Thessaloniki FC,G. Biancone,1,0,0,0,2,1,0,0,45,0,0,1,1,2,1
27,13 Aug 2026,,93zrnyfau4gxotvyznw25x5as,Simone Sozza,RSC Anderlecht,PAOK Thessaloniki FC,C. Coosemans,0,0,0,0,1,0,0,0,33,0,2,0,0,0,0
27,13 Aug 2026,,93zrnyfau4gxotvyznw25x5as,Simone Sozza,RSC Anderlecht,PAOK Thessaloniki FC,L. Pétrot,0,0,0,0,1,1,1,0,42,0,0,1,1,0,0
27,13 Aug 2026,,93zrnyfau4gxotvyznw25x5as,Simone Sozza,RSC Anderlecht,PAOK Thessaloniki FC,M. N'Diaye,0,0,0,1,1,1,0,0,27,0,0,0,0,0,0
27,13 Aug 2026,,93zrnyfau4gxotvyznw25x5as,Simone Sozza,RSC Anderlecht,PAOK Thessaloniki FC,A. Maamar,0,0,1,3,0,0,0,0,22,0,0,2,1,1,0
27,13 Aug 2026,,93zrnyfau4gxotvyznw25x5as,Simone Sozza,RSC Anderlecht,PAOK Thessaloniki FC,M. Kana,0,0,0,0,1,0,0,0,50,0,0,0,0,0,0
27,13 Aug 2026,,93zrnyfau4gxotvyznw25x5as,Simone Sozza,RSC Anderlecht,PAOK Thessaloniki FC,M. Cvetković,1,0,0,0,0,0,0,0,16,0,0,3,2,1,0
27,13 Aug 2026,,93zrnyfau4gxotvyznw25x5as,Simone Sozza,RSC Anderlecht,PAOK Thessaloniki FC,L. Augustinsson,0,0,0,0,0,0,0,0,3,0,0,0,0,0,0
27,13 Aug 2026,,93zrnyfau4gxotvyznw25x5as,Simone Sozza,RSC Anderlecht,PAOK Thessaloniki FC,N. Saliba,0,0,0,0,1,1,0,0,2,0,0,0,0,1,1
27,13 Aug 2026,,93zrnyfau4gxotvyznw25x5as,Simone Sozza,RSC Anderlecht,PAOK Thessaloniki FC,T. Degreef,0,0,0,0,1,1,0,0,4,0,0,0,0,0,0
27,13 Aug 2026,,93zrnyfau4gxotvyznw25x5as,Simone Sozza,RSC Anderlecht,PAOK Thessaloniki FC,J. Onia-Seke,0,0,0,0,0,0,0,0,6,0,0,0,0,0,0
27,13 Aug 2026,,93zrnyfau4gxotvyznw25x5as,Simone Sozza,RSC Anderlecht,PAOK Thessaloniki FC,A. Bertaccini,0,0,0,0,0,0,0,0,0,0,0,0,0,0,0
27,13 Aug 2026,,93zrnyfau4gxotvyznw25x5as,Simone Sozza,RSC Anderlecht,PAOK Thessaloniki FC,G. Konstantelias,0,0,0,7,0,3,0,1,30,0,0,0,0,1,0
27,13 Aug 2026,,93zrnyfau4gxotvyznw25x5as,Simone Sozza,RSC Anderlecht,PAOK Thessaloniki FC,G. Michailidis,0,0,0,0,0,0,0,0,68,0,0,0,0,2,0
27,13 Aug 2026,,93zrnyfau4gxotvyznw25x5as,Simone Sozza,RSC Anderlecht,PAOK Thessaloniki FC,J. Kenny,0,0,2,2,1,0,0,0,52,0,0,1,1,3,0
27,13 Aug 2026,,93zrnyfau4gxotvyznw25x5as,Simone Sozza,RSC Anderlecht,PAOK Thessaloniki FC,Aritz Elustondo,0,1,1,0,0,3,0,0,65,0,0,1,0,1,0
27,13 Aug 2026,,93zrnyfau4gxotvyznw25x5as,Simone Sozza,RSC Anderlecht,PAOK Thessaloniki FC,J. Pavlenka,0,0,0,0,0,0,0,0,14,0,6,0,0,0,0
27,13 Aug 2026,,93zrnyfau4gxotvyznw25x5as,Simone Sozza,RSC Anderlecht,PAOK Thessaloniki FC,B. Santamaría,0,0,0,1,1,0,0,0,29,0,0,0,0,3,0
27,13 Aug 2026,,93zrnyfau4gxotvyznw25x5as,Simone Sozza,RSC Anderlecht,PAOK Thessaloniki FC,A. Baba,0,0,1,3,1,1,0,0,25,0,0,0,0,0,1
27,13 Aug 2026,,93zrnyfau4gxotvyznw25x5as,Simone Sozza,RSC Anderlecht,PAOK Thessaloniki FC,Taison,1,0,1,1,0,1,0,0,28,0,0,1,1,2,0
27,13 Aug 2026,,93zrnyfau4gxotvyznw25x5as,Simone Sozza,RSC Anderlecht,PAOK Thessaloniki FC,A. Živković,0,0,0,7,0,1,1,0,31,1,0,3,1,4,0
27,13 Aug 2026,,93zrnyfau4gxotvyznw25x5as,Simone Sozza,RSC Anderlecht,PAOK Thessaloniki FC,C. Zafeiris,0,0,0,0,1,0,0,0,35,0,0,1,0,4,1
27,13 Aug 2026,,93zrnyfau4gxotvyznw25x5as,Simone Sozza,RSC Anderlecht,PAOK Thessaloniki FC,A. Mythou,0,0,1,0,1,0,0,0,8,0,0,2,0,0,0
27,13 Aug 2026,,93zrnyfau4gxotvyznw25x5as,Simone Sozza,RSC Anderlecht,PAOK Thessaloniki FC,M. Camara,0,2,1,0,1,0,0,1,10,0,0,3,0,0,0
27,13 Aug 2026,,93zrnyfau4gxotvyznw25x5as,Simone Sozza,RSC Anderlecht,PAOK Thessaloniki FC,D. Giannoulis,0,0,1,1,1,0,0,0,22,0,0,0,0,0,0
27,13 Aug 2026,,93zrnyfau4gxotvyznw25x5as,Simone Sozza,RSC Anderlecht,PAOK Thessaloniki FC,G. Taylor,0,0,0,0,1,1,0,0,11,0,0,0,0,1,0
27,13 Aug 2026,,93zrnyfau4gxotvyznw25x5as,Simone Sozza,RSC Anderlecht,PAOK Thessaloniki FC,A. Jeremejeff,0,0,0,0,0,1,1,1,2,1,0,1,1,1,0
27,13 Aug 2026,,93zrnyfau4gxotvyznw25x5as,Simone Sozza,RSC Anderlecht,PAOK Thessaloniki FC,T. Louchet,0,0,0,0,0,0,0,0,4,0,0,0,0,0,0
29,13 Aug 2026,,95eic4mjggkaz901rfcyhf66s,Andrea Colombo,KS Górnik Zabrze,Ferencvárosi TC,Josema,0,0,1,2,1,1,0,0,71,0,0,2,1,1,0
29,13 Aug 2026,,95eic4mjggkaz901rfcyhf66s,Andrea Colombo,KS Górnik Zabrze,Ferencvárosi TC,E. Janža,0,1,0,8,0,1,0,0,51,0,0,2,1,1,0
29,13 Aug 2026,,95eic4mjggkaz901rfcyhf66s,Andrea Colombo,KS Górnik Zabrze,Ferencvárosi TC,Paulo Bernardo,0,1,1,1,2,2,0,0,34,0,0,3,1,2,0
29,13 Aug 2026,,95eic4mjggkaz901rfcyhf66s,Andrea Colombo,KS Górnik Zabrze,Ferencvárosi TC,K. Urbański,0,2,3,7,0,0,1,0,42,0,0,4,1,0,0
29,13 Aug 2026,,95eic4mjggkaz901rfcyhf66s,Andrea Colombo,KS Górnik Zabrze,Ferencvárosi TC,M. Sáček,0,0,1,2,1,2,0,0,69,0,0,0,0,2,0
29,13 Aug 2026,,95eic4mjggkaz901rfcyhf66s,Andrea Colombo,KS Górnik Zabrze,Ferencvárosi TC,R. Janicki,0,0,0,0,2,0,0,0,65,0,0,0,0,0,0
29,13 Aug 2026,,95eic4mjggkaz901rfcyhf66s,Andrea Colombo,KS Górnik Zabrze,Ferencvárosi TC,P. Schulze,0,0,0,0,0,0,0,0,32,0,3,0,0,0,0
29,13 Aug 2026,,95eic4mjggkaz901rfcyhf66s,Andrea Colombo,KS Górnik Zabrze,Ferencvárosi TC,P. González,0,1,1,3,3,1,0,0,34,0,0,1,0,0,0
29,13 Aug 2026,,95eic4mjggkaz901rfcyhf66s,Andrea Colombo,KS Górnik Zabrze,Ferencvárosi TC,M. Khlan,0,1,0,2,1,1,0,0,22,0,0,2,0,1,0
29,13 Aug 2026,,95eic4mjggkaz901rfcyhf66s,Andrea Colombo,KS Górnik Zabrze,Ferencvárosi TC,E. Prekop,0,0,1,0,1,2,0,0,20,0,0,4,1,0,0
29,13 Aug 2026,,95eic4mjggkaz901rfcyhf66s,Andrea Colombo,KS Górnik Zabrze,Ferencvárosi TC,M. Dietz,0,1,0,0,0,2,0,0,48,0,0,1,0,3,0
29,13 Aug 2026,,95eic4mjggkaz901rfcyhf66s,Andrea Colombo,KS Górnik Zabrze,Ferencvárosi TC,L. Sadílek,0,0,1,1,0,0,0,0,6,0,0,0,0,0,0
29,13 Aug 2026,,95eic4mjggkaz901rfcyhf66s,Andrea Colombo,KS Górnik Zabrze,Ferencvárosi TC,T. Ismaheel,0,0,0,1,0,0,0,0,7,0,0,0,0,0,0
29,13 Aug 2026,,95eic4mjggkaz901rfcyhf66s,Andrea Colombo,KS Górnik Zabrze,Ferencvárosi TC,O. Zmrzlý,0,0,0,0,0,0,0,0,5,0,0,0,0,0,0
29,13 Aug 2026,,95eic4mjggkaz901rfcyhf66s,Andrea Colombo,KS Górnik Zabrze,Ferencvárosi TC,Y. Ikia Dimi,0,0,0,1,0,0,0,0,1,0,0,0,0,0,0
29,13 Aug 2026,,95eic4mjggkaz901rfcyhf66s,Andrea Colombo,KS Górnik Zabrze,Ferencvárosi TC,B. Donio,0,0,0,0,0,0,0,0,0,0,0,0,0,0,0
29,13 Aug 2026,,95eic4mjggkaz901rfcyhf66s,Andrea Colombo,KS Górnik Zabrze,Ferencvárosi TC,K. Zachariassen,0,0,0,2,1,1,0,0,23,0,0,3,1,1,0
29,13 Aug 2026,,95eic4mjggkaz901rfcyhf66s,Andrea Colombo,KS Górnik Zabrze,Ferencvárosi TC,T. Raemaekers,0,0,0,1,0,2,0,0,57,0,0,0,0,4,0
29,13 Aug 2026,,95eic4mjggkaz901rfcyhf66s,Andrea Colombo,KS Górnik Zabrze,Ferencvárosi TC,M. Gómez,0,0,0,0,1,0,0,0,44,0,0,0,0,7,0
29,13 Aug 2026,,95eic4mjggkaz901rfcyhf66s,Andrea Colombo,KS Górnik Zabrze,Ferencvárosi TC,M. Corbu,0,0,0,0,1,1,0,0,31,0,0,0,0,1,0
29,13 Aug 2026,,95eic4mjggkaz901rfcyhf66s,Andrea Colombo,KS Górnik Zabrze,Ferencvárosi TC,Cadu,0,0,1,8,1,3,0,0,33,0,0,1,0,2,0
29,13 Aug 2026,,95eic4mjggkaz901rfcyhf66s,Andrea Colombo,KS Górnik Zabrze,Ferencvárosi TC,P. Rommens,0,0,0,0,1,0,0,0,40,0,0,1,1,2,1
29,13 Aug 2026,,95eic4mjggkaz901rfcyhf66s,Andrea Colombo,KS Górnik Zabrze,Ferencvárosi TC,A. Osváth,0,0,1,4,1,0,0,0,35,0,0,0,0,1,1
29,13 Aug 2026,,95eic4mjggkaz901rfcyhf66s,Andrea Colombo,KS Górnik Zabrze,Ferencvárosi TC,B. Yusuf,0,0,1,0,2,2,0,0,9,0,0,1,0,2,0
29,13 Aug 2026,,95eic4mjggkaz901rfcyhf66s,Andrea Colombo,KS Górnik Zabrze,Ferencvárosi TC,D. Dibusz,0,0,0,0,0,0,0,0,28,0,4,0,0,0,0
29,13 Aug 2026,,95eic4mjggkaz901rfcyhf66s,Andrea Colombo,KS Górnik Zabrze,Ferencvárosi TC,L. Joseph,0,1,1,0,1,2,0,1,19,0,0,3,1,0,0
29,13 Aug 2026,,95eic4mjggkaz901rfcyhf66s,Andrea Colombo,KS Górnik Zabrze,Ferencvárosi TC,G. Kanichowsky,0,1,1,1,2,0,0,0,22,0,0,1,0,0,0
29,13 Aug 2026,,95eic4mjggkaz901rfcyhf66s,Andrea Colombo,KS Górnik Zabrze,Ferencvárosi TC,Á. Nagy,0,0,0,0,1,0,0,0,15,0,0,0,0,1,0
29,13 Aug 2026,,95eic4mjggkaz901rfcyhf66s,Andrea Colombo,KS Górnik Zabrze,Ferencvárosi TC,N. Keïta,0,0,0,0,0,0,0,0,15,0,0,0,0,2,0
29,13 Aug 2026,,95eic4mjggkaz901rfcyhf66s,Andrea Colombo,KS Górnik Zabrze,Ferencvárosi TC,C. O'Dowda,0,0,1,1,0,0,0,0,4,0,0,0,0,1,0
29,13 Aug 2026,,95eic4mjggkaz901rfcyhf66s,Andrea Colombo,KS Górnik Zabrze,Ferencvárosi TC,N. Zohoré,0,0,0,0,0,0,0,0,2,0,0,0,0,0,0
29,13 Aug 2026,,95eic4mjggkaz901rfcyhf66s,Andrea Colombo,KS Górnik Zabrze,Ferencvárosi TC,K. Kodro,0,0,0,0,0,0,0,0,1,0,0,0,0,0,0
30,13 Aug 2026,,963jtgt8l52n40uqmhtb3f504,Sander van der Eijk,Heart of Midlothian FC,SL Benfica,S. Guendouz,0,0,0,0,0,2,0,0,35,0,0,2,1,1,0
30,13 Aug 2026,,963jtgt8l52n40uqmhtb3f504,Sander van der Eijk,Heart of Midlothian FC,SL Benfica,O. McEntee,0,0,0,0,0,1,0,0,63,0,0,0,0,0,0
30,13 Aug 2026,,963jtgt8l52n40uqmhtb3f504,Sander van der Eijk,Heart of Midlothian FC,SL Benfica,S. Findlay,0,0,0,0,1,0,0,0,50,0,0,0,0,0,0
30,13 Aug 2026,,963jtgt8l52n40uqmhtb3f504,Sander van der Eijk,Heart of Midlothian FC,SL Benfica,J. McCart,0,0,0,0,0,0,0,0,39,0,0,1,0,1,0
30,13 Aug 2026,,963jtgt8l52n40uqmhtb3f504,Sander van der Eijk,Heart of Midlothian FC,SL Benfica,T. Renaud,0,0,0,1,1,0,0,0,31,0,0,0,0,1,0
30,13 Aug 2026,,963jtgt8l52n40uqmhtb3f504,Sander van der Eijk,Heart of Midlothian FC,SL Benfica,Cláudio Braga,0,0,0,0,2,2,0,0,10,0,0,1,1,2,1
30,13 Aug 2026,,963jtgt8l52n40uqmhtb3f504,Sander van der Eijk,Heart of Midlothian FC,SL Benfica,B. Spittal,0,0,0,3,1,2,0,0,33,0,0,0,0,0,0
30,13 Aug 2026,,963jtgt8l52n40uqmhtb3f504,Sander van der Eijk,Heart of Midlothian FC,SL Benfica,C. Miller,0,0,0,3,0,0,0,0,29,0,0,0,0,3,0
30,13 Aug 2026,,963jtgt8l52n40uqmhtb3f504,Sander van der Eijk,Heart of Midlothian FC,SL Benfica,J. Altena,0,0,0,0,0,4,0,0,40,0,0,0,0,2,0
30,13 Aug 2026,,963jtgt8l52n40uqmhtb3f504,Sander van der Eijk,Heart of Midlothian FC,SL Benfica,B. Reus,0,0,0,0,0,0,0,0,38,0,4,0,0,0,0
30,13 Aug 2026,,963jtgt8l52n40uqmhtb3f504,Sander van der Eijk,Heart of Midlothian FC,SL Benfica,J. McPake,0,0,0,2,0,2,0,2,20,0,0,0,0,1,0
30,13 Aug 2026,,963jtgt8l52n40uqmhtb3f504,Sander van der Eijk,Heart of Midlothian FC,SL Benfica,T. Magnússon,0,0,0,0,0,0,1,0,5,0,0,1,1,0,0
30,13 Aug 2026,,963jtgt8l52n40uqmhtb3f504,Sander van der Eijk,Heart of Midlothian FC,SL Benfica,S. Kerjota,0,0,0,0,0,0,0,0,6,0,0,0,0,2,0
30,13 Aug 2026,,963jtgt8l52n40uqmhtb3f504,Sander van der Eijk,Heart of Midlothian FC,SL Benfica,J. Wilson,0,0,0,1,0,0,0,0,2,0,0,0,0,0,0
30,13 Aug 2026,,963jtgt8l52n40uqmhtb3f504,Sander van der Eijk,Heart of Midlothian FC,SL Benfica,P. Kaboré,0,0,0,0,0,0,0,0,1,0,0,0,0,1,0
30,13 Aug 2026,,963jtgt8l52n40uqmhtb3f504,Sander van der Eijk,Heart of Midlothian FC,SL Benfica,M. Kamson-Kamara,0,0,0,0,0,0,0,0,6,0,0,0,0,0,0
30,13 Aug 2026,,963jtgt8l52n40uqmhtb3f504,Sander van der Eijk,Heart of Midlothian FC,SL Benfica,C. Lenglet,0,0,0,0,1,1,0,0,59,0,0,0,0,1,0
30,13 Aug 2026,,963jtgt8l52n40uqmhtb3f504,Sander van der Eijk,Heart of Midlothian FC,SL Benfica,A. Dedić,0,1,3,3,0,0,0,1,50,0,0,3,0,2,0
30,13 Aug 2026,,963jtgt8l52n40uqmhtb3f504,Sander van der Eijk,Heart of Midlothian FC,SL Benfica,Manu Silva,0,0,0,0,0,0,0,0,103,0,0,0,0,6,0
30,13 Aug 2026,,963jtgt8l52n40uqmhtb3f504,Sander van der Eijk,Heart of Midlothian FC,SL Benfica,R. Ríos,0,3,2,0,0,1,0,0,48,0,0,3,0,2,0
30,13 Aug 2026,,963jtgt8l52n40uqmhtb3f504,Sander van der Eijk,Heart of Midlothian FC,SL Benfica,José Neto,1,0,1,1,2,1,0,0,80,0,0,0,0,6,0
30,13 Aug 2026,,963jtgt8l52n40uqmhtb3f504,Sander van der Eijk,Heart of Midlothian FC,SL Benfica,H. Sudakov,0,0,0,1,0,1,0,0,35,0,0,1,1,0,0
30,13 Aug 2026,,963jtgt8l52n40uqmhtb3f504,Sander van der Eijk,Heart of Midlothian FC,SL Benfica,E. Barrenechea,0,0,0,0,0,0,0,0,48,0,0,0,0,3,0
30,13 Aug 2026,,963jtgt8l52n40uqmhtb3f504,Sander van der Eijk,Heart of Midlothian FC,SL Benfica,A. Schjelderup,0,1,1,3,3,0,0,0,41,0,0,3,1,3,0
30,13 Aug 2026,,963jtgt8l52n40uqmhtb3f504,Sander van der Eijk,Heart of Midlothian FC,SL Benfica,D. Lukébakio,0,2,1,7,3,0,1,0,29,0,0,3,1,2,0
30,13 Aug 2026,,963jtgt8l52n40uqmhtb3f504,Sander van der Eijk,Heart of Midlothian FC,SL Benfica,J. Durán,0,0,0,0,3,1,0,2,17,0,0,5,1,1,0
30,13 Aug 2026,,963jtgt8l52n40uqmhtb3f504,Sander van der Eijk,Heart of Midlothian FC,SL Benfica,Samuel Soares,0,0,0,0,0,0,0,0,11,0,2,0,0,1,0
30,13 Aug 2026,,963jtgt8l52n40uqmhtb3f504,Sander van der Eijk,Heart of Midlothian FC,SL Benfica,Tomás Araújo,0,0,0,0,0,0,0,0,65,0,0,0,0,2,0
30,13 Aug 2026,,963jtgt8l52n40uqmhtb3f504,Sander van der Eijk,Heart of Midlothian FC,SL Benfica,G. Prestianni,0,0,1,5,0,0,0,0,33,0,0,1,0,0,0
30,13 Aug 2026,,963jtgt8l52n40uqmhtb3f504,Sander van der Eijk,Heart of Midlothian FC,SL Benfica,L. Barreiro,0,0,1,0,1,0,0,0,9,0,0,1,1,0,0
30,13 Aug 2026,,963jtgt8l52n40uqmhtb3f504,Sander van der Eijk,Heart of Midlothian FC,SL Benfica,J. Kamiński,0,0,1,0,0,0,0,0,6,0,0,0,0,0,0
30,13 Aug 2026,,963jtgt8l52n40uqmhtb3f504,Sander van der Eijk,Heart of Midlothian FC,SL Benfica,Rafa,0,0,0,0,0,0,0,0,12,0,0,0,0,0,0
36,13 Aug 2026,,9ab443ptup2zbpo3cvfmsvfv8,Luís Miguel Branco Godinho,Víkingur Reykjavík,FC Thun,G. Sigurðsson,0,2,0,1,1,1,1,0,50,0,0,4,1,2,1
36,13 Aug 2026,,9ab443ptup2zbpo3cvfmsvfv8,Luís Miguel Branco Godinho,Víkingur Reykjavík,FC Thun,G. Vatnhamar,0,0,0,0,1,1,0,0,70,0,0,0,0,0,1
36,13 Aug 2026,,9ab443ptup2zbpo3cvfmsvfv8,Luís Miguel Branco Godinho,Víkingur Reykjavík,FC Thun,V. Andrason,1,0,0,0,1,0,0,0,52,0,0,1,1,0,0
36,13 Aug 2026,,9ab443ptup2zbpo3cvfmsvfv8,Luís Miguel Branco Godinho,Víkingur Reykjavík,FC Thun,O. Ekroth,0,0,0,0,0,0,0,0,75,0,0,0,0,2,1
36,13 Aug 2026,,9ab443ptup2zbpo3cvfmsvfv8,Luís Miguel Branco Godinho,Víkingur Reykjavík,FC Thun,A. Friðriksson,0,0,0,0,0,0,0,0,43,0,3,0,0,0,0
36,13 Aug 2026,,9ab443ptup2zbpo3cvfmsvfv8,Luís Miguel Branco Godinho,Víkingur Reykjavík,FC Thun,V. Ingimundarson,0,0,0,1,1,4,1,0,19,0,0,1,1,0,1
36,13 Aug 2026,,9ab443ptup2zbpo3cvfmsvfv8,Luís Miguel Branco Godinho,Víkingur Reykjavík,FC Thun,H. Guðjónsson,0,0,2,6,0,0,0,0,51,0,0,2,1,1,0
36,13 Aug 2026,,9ab443ptup2zbpo3cvfmsvfv8,Luís Miguel Branco Godinho,Víkingur Reykjavík,FC Thun,K. Gunnarsson,1,0,0,3,1,2,0,0,32,0,0,0,0,0,0
36,13 Aug 2026,,9ab443ptup2zbpo3cvfmsvfv8,Luís Miguel Branco Godinho,Víkingur Reykjavík,FC Thun,Á. Finnbogason,0,0,0,2,2,1,0,0,19,0,0,1,1,1,0
36,13 Aug 2026,,9ab443ptup2zbpo3cvfmsvfv8,Luís Miguel Branco Godinho,Víkingur Reykjavík,FC Thun,A. Þrándarson,0,0,0,0,1,2,0,0,14,0,0,0,0,0,0
36,13 Aug 2026,,9ab443ptup2zbpo3cvfmsvfv8,Luís Miguel Branco Godinho,Víkingur Reykjavík,FC Thun,S. Þórðarson,0,0,0,4,1,1,1,1,17,0,0,1,1,4,0
36,13 Aug 2026,,9ab443ptup2zbpo3cvfmsvfv8,Luís Miguel Branco Godinho,Víkingur Reykjavík,FC Thun,D. Atlason,0,1,0,0,0,2,0,0,23,0,0,2,0,1,0
36,13 Aug 2026,,9ab443ptup2zbpo3cvfmsvfv8,Luís Miguel Branco Godinho,Víkingur Reykjavík,FC Thun,N. Hansen,0,0,0,0,1,0,0,0,1,0,0,1,1,0,0
36,13 Aug 2026,,9ab443ptup2zbpo3cvfmsvfv8,Luís Miguel Branco Godinho,Víkingur Reykjavík,FC Thun,D. Jónsson,0,1,0,0,0,1,0,0,4,0,0,2,0,0,0
36,13 Aug 2026,,9ab443ptup2zbpo3cvfmsvfv8,Luís Miguel Branco Godinho,Víkingur Reykjavík,FC Thun,S. Þorkelsson,0,0,0,0,0,0,0,0,2,0,0,0,0,0,0
36,13 Aug 2026,,9ab443ptup2zbpo3cvfmsvfv8,Luís Miguel Branco Godinho,Víkingur Reykjavík,FC Thun,V. Matoshi,0,1,0,0,2,1,0,0,19,0,0,1,0,1,1
36,13 Aug 2026,,9ab443ptup2zbpo3cvfmsvfv8,Luís Miguel Branco Godinho,Víkingur Reykjavík,FC Thun,B. Labeau,0,0,0,1,2,1,1,0,15,0,0,3,2,0,0
36,13 Aug 2026,,9ab443ptup2zbpo3cvfmsvfv8,Luís Miguel Branco Godinho,Víkingur Reykjavík,FC Thun,M. Bürki,0,0,0,1,1,0,0,0,45,0,0,1,1,2,0
36,13 Aug 2026,,9ab443ptup2zbpo3cvfmsvfv8,Luís Miguel Branco Godinho,Víkingur Reykjavík,FC Thun,J. Roth,0,0,0,1,3,2,0,0,33,0,0,0,0,0,0
36,13 Aug 2026,,9ab443ptup2zbpo3cvfmsvfv8,Luís Miguel Branco Godinho,Víkingur Reykjavík,FC Thun,F. Fehr,0,2,1,5,0,0,1,0,38,0,0,3,1,0,0
36,13 Aug 2026,,9ab443ptup2zbpo3cvfmsvfv8,Luís Miguel Branco Godinho,Víkingur Reykjavík,FC Thun,J. Bamert,0,0,0,0,4,1,0,0,37,0,0,0,0,1,1
36,13 Aug 2026,,9ab443ptup2zbpo3cvfmsvfv8,Luís Miguel Branco Godinho,Víkingur Reykjavík,FC Thun,N. Steffen,0,0,0,0,0,1,0,0,44,0,4,0,0,0,0
36,13 Aug 2026,,9ab443ptup2zbpo3cvfmsvfv8,Luís Miguel Branco Godinho,Víkingur Reykjavík,FC Thun,M. Heule,0,0,0,2,2,1,0,0,30,0,0,0,0,8,1
36,13 Aug 2026,,9ab443ptup2zbpo3cvfmsvfv8,Luís Miguel Branco Godinho,Víkingur Reykjavík,FC Thun,N. Reichmuth,2,0,0,3,0,2,0,0,28,0,0,1,1,0,0
36,13 Aug 2026,,9ab443ptup2zbpo3cvfmsvfv8,Luís Miguel Branco Godinho,Víkingur Reykjavík,FC Thun,N. Zoukit,0,0,1,1,0,1,0,0,38,0,0,0,0,4,0
36,13 Aug 2026,,9ab443ptup2zbpo3cvfmsvfv8,Luís Miguel Branco Godinho,Víkingur Reykjavík,FC Thun,M. Gutbub,0,0,1,0,0,0,0,2,14,0,0,1,0,0,1
36,13 Aug 2026,,9ab443ptup2zbpo3cvfmsvfv8,Luís Miguel Branco Godinho,Víkingur Reykjavík,FC Thun,N. Maier,0,0,0,0,0,0,0,0,4,0,0,0,0,0,0
36,13 Aug 2026,,9ab443ptup2zbpo3cvfmsvfv8,Luís Miguel Branco Godinho,Víkingur Reykjavík,FC Thun,F. Saiz,0,0,0,0,1,0,0,0,3,0,0,0,0,1,0
36,13 Aug 2026,,9ab443ptup2zbpo3cvfmsvfv8,Luís Miguel Branco Godinho,Víkingur Reykjavík,FC Thun,N. Bürgy,0,0,0,0,0,0,0,0,0,0,0,0,0,0,0
36,13 Aug 2026,,9ab443ptup2zbpo3cvfmsvfv8,Luís Miguel Branco Godinho,Víkingur Reykjavík,FC Thun,L. Stewart,0,0,0,0,0,0,0,0,1,0,0,0,0,0,0
37,23 Jul 2026,,9ff4jwxrgemjjoj4boivtn8yc,Sandi Putros,FC Dynamo Kyiv,PAOK Thessaloniki FC,M. Ponomarenko,0,0,0,0,2,3,0,1,14,0,0,3,1,0,1
37,23 Jul 2026,,9ff4jwxrgemjjoj4boivtn8yc,Sandi Putros,FC Dynamo Kyiv,PAOK Thessaloniki FC,V. Brazhko,0,0,1,1,1,1,1,0,46,0,0,1,1,5,0
37,23 Jul 2026,,9ff4jwxrgemjjoj4boivtn8yc,Sandi Putros,FC Dynamo Kyiv,PAOK Thessaloniki FC,T. Mykhavko,0,0,0,0,4,2,0,0,82,0,0,0,0,0,0
37,23 Jul 2026,,9ff4jwxrgemjjoj4boivtn8yc,Sandi Putros,FC Dynamo Kyiv,PAOK Thessaloniki FC,K. Bilovar,0,0,0,0,1,0,0,0,78,0,0,0,0,0,0
37,23 Jul 2026,,9ff4jwxrgemjjoj4boivtn8yc,Sandi Putros,FC Dynamo Kyiv,PAOK Thessaloniki FC,T. Kędziora,0,0,0,1,1,1,0,0,61,0,0,0,0,1,0
37,23 Jul 2026,,9ff4jwxrgemjjoj4boivtn8yc,Sandi Putros,FC Dynamo Kyiv,PAOK Thessaloniki FC,N. Voloshyn,0,0,0,0,0,0,0,0,25,0,0,0,0,1,0
37,23 Jul 2026,,9ff4jwxrgemjjoj4boivtn8yc,Sandi Putros,FC Dynamo Kyiv,PAOK Thessaloniki FC,O. Pikhalionok,0,0,0,3,0,1,0,0,23,0,0,0,0,2,0
37,23 Jul 2026,,9ff4jwxrgemjjoj4boivtn8yc,Sandi Putros,FC Dynamo Kyiv,PAOK Thessaloniki FC,R. Neshcheret,0,0,0,0,0,0,0,0,35,0,4,0,0,0,0
37,23 Jul 2026,,9ff4jwxrgemjjoj4boivtn8yc,Sandi Putros,FC Dynamo Kyiv,PAOK Thessaloniki FC,V. Dubinchak,0,0,0,5,0,2,0,0,55,0,0,0,0,0,0
37,23 Jul 2026,,9ff4jwxrgemjjoj4boivtn8yc,Sandi Putros,FC Dynamo Kyiv,PAOK Thessaloniki FC,E. Guerrero,0,0,0,0,0,1,0,0,19,0,0,1,0,0,0
37,23 Jul 2026,,9ff4jwxrgemjjoj4boivtn8yc,Sandi Putros,FC Dynamo Kyiv,PAOK Thessaloniki FC,M. Shaparenko,0,0,0,2,0,0,0,0,31,0,0,1,1,1,0
37,23 Jul 2026,,9ff4jwxrgemjjoj4boivtn8yc,Sandi Putros,FC Dynamo Kyiv,PAOK Thessaloniki FC,J. Lonwijk,0,0,0,0,1,1,1,0,19,0,0,1,1,2,0
37,23 Jul 2026,,9ff4jwxrgemjjoj4boivtn8yc,Sandi Putros,FC Dynamo Kyiv,PAOK Thessaloniki FC,B. Redushko,0,1,1,0,0,1,0,0,9,0,0,1,0,0,0
37,23 Jul 2026,,9ff4jwxrgemjjoj4boivtn8yc,Sandi Putros,FC Dynamo Kyiv,PAOK Thessaloniki FC,A. Yarmolenko,0,0,0,0,0,0,0,0,16,0,0,2,1,0,0
37,23 Jul 2026,,9ff4jwxrgemjjoj4boivtn8yc,Sandi Putros,FC Dynamo Kyiv,PAOK Thessaloniki FC,V. Buialskyi,1,0,0,3,0,0,0,0,10,0,0,0,0,0,0
37,23 Jul 2026,,9ff4jwxrgemjjoj4boivtn8yc,Sandi Putros,FC Dynamo Kyiv,PAOK Thessaloniki FC,V. Rubchynskyi,0,0,0,0,0,0,0,0,2,0,0,0,0,0,0
37,23 Jul 2026,,9ff4jwxrgemjjoj4boivtn8yc,Sandi Putros,FC Dynamo Kyiv,PAOK Thessaloniki FC,J. Gómez,0,0,0,1,0,0,0,0,37,0,0,0,0,1,0
37,23 Jul 2026,,9ff4jwxrgemjjoj4boivtn8yc,Sandi Putros,FC Dynamo Kyiv,PAOK Thessaloniki FC,G. Konstantelias,1,0,0,4,2,1,1,0,42,0,0,5,3,0,1
37,23 Jul 2026,,9ff4jwxrgemjjoj4boivtn8yc,Sandi Putros,FC Dynamo Kyiv,PAOK Thessaloniki FC,A. Mythou,0,0,0,0,2,2,0,1,19,0,0,1,0,1,0
37,23 Jul 2026,,9ff4jwxrgemjjoj4boivtn8yc,Sandi Putros,FC Dynamo Kyiv,PAOK Thessaloniki FC,T. Ali,0,0,1,1,0,0,0,0,2,0,0,0,0,0,0
37,23 Jul 2026,,9ff4jwxrgemjjoj4boivtn8yc,Sandi Putros,FC Dynamo Kyiv,PAOK Thessaloniki FC,A. Živković,1,1,0,3,2,0,0,0,28,0,0,1,0,0,0
37,23 Jul 2026,,9ff4jwxrgemjjoj4boivtn8yc,Sandi Putros,FC Dynamo Kyiv,PAOK Thessaloniki FC,P. Hatzidiakos,0,0,0,0,3,2,0,0,36,0,0,0,0,1,1
37,23 Jul 2026,,9ff4jwxrgemjjoj4boivtn8yc,Sandi Putros,FC Dynamo Kyiv,PAOK Thessaloniki FC,B. Santamaría,0,0,0,0,0,0,1,0,43,0,0,1,1,1,0
37,23 Jul 2026,,9ff4jwxrgemjjoj4boivtn8yc,Sandi Putros,FC Dynamo Kyiv,PAOK Thessaloniki FC,Jiří Pavlenka,0,0,0,0,0,0,0,0,21,0,3,0,0,0,0
37,23 Jul 2026,,9ff4jwxrgemjjoj4boivtn8yc,Sandi Putros,FC Dynamo Kyiv,PAOK Thessaloniki FC,J. Kenny,0,0,0,2,0,1,0,0,30,0,0,0,0,0,0
37,23 Jul 2026,,9ff4jwxrgemjjoj4boivtn8yc,Sandi Putros,FC Dynamo Kyiv,PAOK Thessaloniki FC,G. Michailidis,0,0,0,0,1,1,0,0,45,0,0,0,0,1,0
37,23 Jul 2026,,9ff4jwxrgemjjoj4boivtn8yc,Sandi Putros,FC Dynamo Kyiv,PAOK Thessaloniki FC,C. Zafeiris,0,1,0,0,1,0,1,0,28,0,0,2,1,3,0
37,23 Jul 2026,,9ff4jwxrgemjjoj4boivtn8yc,Sandi Putros,FC Dynamo Kyiv,PAOK Thessaloniki FC,Taison,0,0,0,0,0,1,0,0,38,0,0,2,1,3,0
37,23 Jul 2026,,9ff4jwxrgemjjoj4boivtn8yc,Sandi Putros,FC Dynamo Kyiv,PAOK Thessaloniki FC,A. Jeremejeff,0,0,0,0,2,2,0,0,6,0,0,1,1,0,1
37,23 Jul 2026,,9ff4jwxrgemjjoj4boivtn8yc,Sandi Putros,FC Dynamo Kyiv,PAOK Thessaloniki FC,M. Camara,0,0,0,0,0,0,0,0,3,0,0,1,0,4,0
37,23 Jul 2026,,9ff4jwxrgemjjoj4boivtn8yc,Sandi Putros,FC Dynamo Kyiv,PAOK Thessaloniki FC,D. Chatsidis,0,0,0,0,0,0,0,0,1,0,0,0,0,0,0
37,23 Jul 2026,,9ff4jwxrgemjjoj4boivtn8yc,Sandi Putros,FC Dynamo Kyiv,PAOK Thessaloniki FC,Aritz Elustondo,0,0,0,0,0,0,0,0,0,0,0,0,0,0,0
41,30 Jul 2026,,9t5ve0g8wddqmuqpienl2whec,Damian Sylwestrzak,PAOK Thessaloniki FC,FC Dynamo Kyiv,C. Zafeiris,0,0,0,0,2,2,0,0,19,0,0,0,0,1,0
41,30 Jul 2026,,9t5ve0g8wddqmuqpienl2whec,Damian Sylwestrzak,PAOK Thessaloniki FC,FC Dynamo Kyiv,P. Hatzidiakos,0,0,0,0,2,1,0,0,19,0,0,1,1,0,1
41,30 Jul 2026,,9t5ve0g8wddqmuqpienl2whec,Damian Sylwestrzak,PAOK Thessaloniki FC,FC Dynamo Kyiv,J. Kenny,0,0,0,4,0,1,0,0,19,0,0,0,0,3,0
41,30 Jul 2026,,9t5ve0g8wddqmuqpienl2whec,Damian Sylwestrzak,PAOK Thessaloniki FC,FC Dynamo Kyiv,J. Pavlenka,0,0,0,0,0,0,0,0,25,0,4,0,0,0,0
41,30 Jul 2026,,9t5ve0g8wddqmuqpienl2whec,Damian Sylwestrzak,PAOK Thessaloniki FC,FC Dynamo Kyiv,J. Gómez,1,0,0,2,0,2,0,0,40,0,0,0,0,1,0
41,30 Jul 2026,,9t5ve0g8wddqmuqpienl2whec,Damian Sylwestrzak,PAOK Thessaloniki FC,FC Dynamo Kyiv,B. Santamaría,0,1,0,0,0,3,0,0,36,0,0,1,0,3,0
41,30 Jul 2026,,9t5ve0g8wddqmuqpienl2whec,Damian Sylwestrzak,PAOK Thessaloniki FC,FC Dynamo Kyiv,G. Konstantelias,0,0,0,3,0,1,2,2,26,0,0,3,2,1,0
41,30 Jul 2026,,9t5ve0g8wddqmuqpienl2whec,Damian Sylwestrzak,PAOK Thessaloniki FC,FC Dynamo Kyiv,A. Mythou,0,1,0,1,4,4,0,0,20,0,0,2,0,0,0
41,30 Jul 2026,,9t5ve0g8wddqmuqpienl2whec,Damian Sylwestrzak,PAOK Thessaloniki FC,FC Dynamo Kyiv,G. Michailidis,1,0,1,0,1,1,0,0,46,0,0,1,1,2,0
41,30 Jul 2026,,9t5ve0g8wddqmuqpienl2whec,Damian Sylwestrzak,PAOK Thessaloniki FC,FC Dynamo Kyiv,A. Živković,0,0,1,4,2,1,0,1,22,0,0,2,1,2,0
41,30 Jul 2026,,9t5ve0g8wddqmuqpienl2whec,Damian Sylwestrzak,PAOK Thessaloniki FC,FC Dynamo Kyiv,Taison,0,0,0,1,0,1,0,0,22,0,0,1,1,0,0
41,30 Jul 2026,,9t5ve0g8wddqmuqpienl2whec,Damian Sylwestrzak,PAOK Thessaloniki FC,FC Dynamo Kyiv,D. Chatsidis,0,0,0,1,1,0,0,0,7,0,0,0,0,3,0
41,30 Jul 2026,,9t5ve0g8wddqmuqpienl2whec,Damian Sylwestrzak,PAOK Thessaloniki FC,FC Dynamo Kyiv,Aritz Elustondo,0,0,0,0,0,0,0,0,5,0,0,0,0,0,0
41,30 Jul 2026,,9t5ve0g8wddqmuqpienl2whec,Damian Sylwestrzak,PAOK Thessaloniki FC,FC Dynamo Kyiv,M. Camara,0,0,0,0,1,0,0,0,4,0,0,0,0,0,0
41,30 Jul 2026,,9t5ve0g8wddqmuqpienl2whec,Damian Sylwestrzak,PAOK Thessaloniki FC,FC Dynamo Kyiv,A. Baba,0,1,0,0,0,0,0,0,1,0,0,2,0,0,0
41,30 Jul 2026,,9t5ve0g8wddqmuqpienl2whec,Damian Sylwestrzak,PAOK Thessaloniki FC,FC Dynamo Kyiv,D. Pelkas,0,0,0,1,0,1,0,1,4,0,0,0,0,0,0
41,30 Jul 2026,,9t5ve0g8wddqmuqpienl2whec,Damian Sylwestrzak,PAOK Thessaloniki FC,FC Dynamo Kyiv,V. Buialskyi,0,0,0,6,0,0,0,0,14,0,0,0,0,1,0
41,30 Jul 2026,,9t5ve0g8wddqmuqpienl2whec,Damian Sylwestrzak,PAOK Thessaloniki FC,FC Dynamo Kyiv,T. Kędziora,0,0,0,1,1,1,0,0,45,0,0,0,0,2,0
41,30 Jul 2026,,9t5ve0g8wddqmuqpienl2whec,Damian Sylwestrzak,PAOK Thessaloniki FC,FC Dynamo Kyiv,J. Lonwijk,0,0,0,1,2,4,0,0,16,0,0,1,0,2,0
41,30 Jul 2026,,9t5ve0g8wddqmuqpienl2whec,Damian Sylwestrzak,PAOK Thessaloniki FC,FC Dynamo Kyiv,M. Ponomarenko,0,0,1,1,3,0,0,0,14,0,0,3,0,0,1
41,30 Jul 2026,,9t5ve0g8wddqmuqpienl2whec,Damian Sylwestrzak,PAOK Thessaloniki FC,FC Dynamo Kyiv,B. Redushko,0,0,0,0,2,2,0,0,23,0,0,2,2,0,0
41,30 Jul 2026,,9t5ve0g8wddqmuqpienl2whec,Damian Sylwestrzak,PAOK Thessaloniki FC,FC Dynamo Kyiv,V. Surkis,0,0,0,0,0,0,0,0,33,0,4,0,0,0,0
41,30 Jul 2026,,9t5ve0g8wddqmuqpienl2whec,Damian Sylwestrzak,PAOK Thessaloniki FC,FC Dynamo Kyiv,A. Thiare,0,0,0,0,4,3,0,0,44,0,0,0,0,1,0
41,30 Jul 2026,,9t5ve0g8wddqmuqpienl2whec,Damian Sylwestrzak,PAOK Thessaloniki FC,FC Dynamo Kyiv,T. Mykhavko,0,0,0,0,1,0,0,0,46,0,0,0,0,3,0
41,30 Jul 2026,,9t5ve0g8wddqmuqpienl2whec,Damian Sylwestrzak,PAOK Thessaloniki FC,FC Dynamo Kyiv,N. Voloshyn,0,0,0,4,1,1,0,1,14,0,0,1,0,0,0
41,30 Jul 2026,,9t5ve0g8wddqmuqpienl2whec,Damian Sylwestrzak,PAOK Thessaloniki FC,FC Dynamo Kyiv,V. Brazhko,0,2,1,1,2,0,0,0,34,0,0,5,1,3,0
41,30 Jul 2026,,9t5ve0g8wddqmuqpienl2whec,Damian Sylwestrzak,PAOK Thessaloniki FC,FC Dynamo Kyiv,O. Sych,0,0,2,5,0,0,0,0,27,0,0,0,0,1,0
41,30 Jul 2026,,9t5ve0g8wddqmuqpienl2whec,Damian Sylwestrzak,PAOK Thessaloniki FC,FC Dynamo Kyiv,A. Yarmolenko,0,0,0,1,0,0,0,0,12,0,0,0,0,0,0
41,30 Jul 2026,,9t5ve0g8wddqmuqpienl2whec,Damian Sylwestrzak,PAOK Thessaloniki FC,FC Dynamo Kyiv,M. Shaparenko,0,0,1,2,1,0,0,0,15,0,0,1,1,2,1
41,30 Jul 2026,,9t5ve0g8wddqmuqpienl2whec,Damian Sylwestrzak,PAOK Thessaloniki FC,FC Dynamo Kyiv,V. Kabaiev,0,0,1,1,1,1,0,0,11,0,0,0,0,1,0
41,30 Jul 2026,,9t5ve0g8wddqmuqpienl2whec,Damian Sylwestrzak,PAOK Thessaloniki FC,FC Dynamo Kyiv,K. Bilovar,0,0,0,0,0,0,0,0,5,0,0,0,0,0,0
41,30 Jul 2026,,9t5ve0g8wddqmuqpienl2whec,Damian Sylwestrzak,PAOK Thessaloniki FC,FC Dynamo Kyiv,P. Mounguengue,0,0,0,0,0,0,0,0,3,0,0,0,0,0,0
50,6 Aug 2026,,dn3uytj7vpavmy2r2yc7spvys,Giorgi Kruashvili,FC Thun,Víkingur Reykjavík,J. Roth,0,0,0,0,2,0,0,1,25,0,0,0,0,0,0
50,6 Aug 2026,,dn3uytj7vpavmy2r2yc7spvys,Giorgi Kruashvili,FC Thun,Víkingur Reykjavík,N. Bürgy,0,0,0,0,1,2,0,0,34,0,0,0,0,0,0
50,6 Aug 2026,,dn3uytj7vpavmy2r2yc7spvys,Giorgi Kruashvili,FC Thun,Víkingur Reykjavík,J. Bamert,0,0,0,0,0,0,1,0,44,0,0,1,1,1,0
50,6 Aug 2026,,dn3uytj7vpavmy2r2yc7spvys,Giorgi Kruashvili,FC Thun,Víkingur Reykjavík,V. Matoshi,0,3,1,2,0,0,0,0,25,0,0,4,0,2,0
50,6 Aug 2026,,dn3uytj7vpavmy2r2yc7spvys,Giorgi Kruashvili,FC Thun,Víkingur Reykjavík,N. Zoukit,0,0,0,1,1,1,0,0,40,0,0,2,0,3,1
50,6 Aug 2026,,dn3uytj7vpavmy2r2yc7spvys,Giorgi Kruashvili,FC Thun,Víkingur Reykjavík,N. Maier,0,0,1,2,0,0,0,0,15,0,0,1,1,0,0
50,6 Aug 2026,,dn3uytj7vpavmy2r2yc7spvys,Giorgi Kruashvili,FC Thun,Víkingur Reykjavík,F. Fehr,1,0,1,12,0,1,0,0,26,0,0,2,0,4,0
50,6 Aug 2026,,dn3uytj7vpavmy2r2yc7spvys,Giorgi Kruashvili,FC Thun,Víkingur Reykjavík,M. Heule,0,0,0,1,0,4,0,0,44,0,0,2,1,4,1
50,6 Aug 2026,,dn3uytj7vpavmy2r2yc7spvys,Giorgi Kruashvili,FC Thun,Víkingur Reykjavík,N. Steffen,0,0,0,0,0,0,0,0,40,0,2,0,0,0,0
50,6 Aug 2026,,dn3uytj7vpavmy2r2yc7spvys,Giorgi Kruashvili,FC Thun,Víkingur Reykjavík,M. Gutbub,1,2,2,0,2,0,0,2,7,0,0,5,1,2,0
50,6 Aug 2026,,dn3uytj7vpavmy2r2yc7spvys,Giorgi Kruashvili,FC Thun,Víkingur Reykjavík,B. Labeau,0,0,0,0,1,1,1,1,20,0,0,3,1,0,0
50,6 Aug 2026,,dn3uytj7vpavmy2r2yc7spvys,Giorgi Kruashvili,FC Thun,Víkingur Reykjavík,N. Reichmuth,0,1,1,2,0,1,0,0,10,0,0,1,0,0,0
50,6 Aug 2026,,dn3uytj7vpavmy2r2yc7spvys,Giorgi Kruashvili,FC Thun,Víkingur Reykjavík,F. Saiz,0,1,0,0,1,1,1,0,8,0,0,2,1,2,0
50,6 Aug 2026,,dn3uytj7vpavmy2r2yc7spvys,Giorgi Kruashvili,FC Thun,Víkingur Reykjavík,S. Lengen,0,0,0,1,0,0,0,0,2,0,0,1,1,0,0
50,6 Aug 2026,,dn3uytj7vpavmy2r2yc7spvys,Giorgi Kruashvili,FC Thun,Víkingur Reykjavík,L. Stewart,0,0,0,0,1,0,0,0,2,0,0,0,0,0,0
50,6 Aug 2026,,dn3uytj7vpavmy2r2yc7spvys,Giorgi Kruashvili,FC Thun,Víkingur Reykjavík,K. Gunnarsson,0,0,0,4,1,1,0,0,18,0,0,0,0,2,0
50,6 Aug 2026,,dn3uytj7vpavmy2r2yc7spvys,Giorgi Kruashvili,FC Thun,Víkingur Reykjavík,S. Þorkelsson,0,0,0,0,1,0,0,0,48,0,0,0,0,2,0
50,6 Aug 2026,,dn3uytj7vpavmy2r2yc7spvys,Giorgi Kruashvili,FC Thun,Víkingur Reykjavík,A. Friðriksson,0,0,0,0,0,0,0,0,44,0,4,0,0,0,0
50,6 Aug 2026,,dn3uytj7vpavmy2r2yc7spvys,Giorgi Kruashvili,FC Thun,Víkingur Reykjavík,O. Ekroth,0,0,0,0,0,0,0,0,47,0,0,0,0,3,0
50,6 Aug 2026,,dn3uytj7vpavmy2r2yc7spvys,Giorgi Kruashvili,FC Thun,Víkingur Reykjavík,D. Hafsteinsson,0,0,0,1,0,1,0,0,53,0,0,0,0,4,1
50,6 Aug 2026,,dn3uytj7vpavmy2r2yc7spvys,Giorgi Kruashvili,FC Thun,Víkingur Reykjavík,G. Sigurðsson,0,0,0,0,0,2,0,0,61,0,0,2,0,1,0
50,6 Aug 2026,,dn3uytj7vpavmy2r2yc7spvys,Giorgi Kruashvili,FC Thun,Víkingur Reykjavík,H. Guðjónsson,0,0,0,5,0,0,0,0,20,0,0,1,0,1,0
50,6 Aug 2026,,dn3uytj7vpavmy2r2yc7spvys,Giorgi Kruashvili,FC Thun,Víkingur Reykjavík,A. Þrándarson,0,1,1,1,5,1,0,0,17,0,0,2,1,0,1
50,6 Aug 2026,,dn3uytj7vpavmy2r2yc7spvys,Giorgi Kruashvili,FC Thun,Víkingur Reykjavík,G. Vatnhamar,0,0,0,0,0,1,0,1,42,0,0,0,0,5,0
50,6 Aug 2026,,dn3uytj7vpavmy2r2yc7spvys,Giorgi Kruashvili,FC Thun,Víkingur Reykjavík,S. Hauksson,0,0,0,0,2,1,0,0,16,0,0,0,0,1,0
50,6 Aug 2026,,dn3uytj7vpavmy2r2yc7spvys,Giorgi Kruashvili,FC Thun,Víkingur Reykjavík,S. Þórðarson,0,0,1,1,1,1,0,0,14,0,0,0,0,0,0
50,6 Aug 2026,,dn3uytj7vpavmy2r2yc7spvys,Giorgi Kruashvili,FC Thun,Víkingur Reykjavík,V. Ingimundarson,0,0,2,1,0,0,0,0,13,0,0,2,0,0,0
50,6 Aug 2026,,dn3uytj7vpavmy2r2yc7spvys,Giorgi Kruashvili,FC Thun,Víkingur Reykjavík,V. Andrason,0,1,0,0,1,1,0,0,7,0,0,1,0,0,0
50,6 Aug 2026,,dn3uytj7vpavmy2r2yc7spvys,Giorgi Kruashvili,FC Thun,Víkingur Reykjavík,D. Atlason,0,0,0,0,0,0,0,0,4,0,0,0,0,1,0
50,6 Aug 2026,,dn3uytj7vpavmy2r2yc7spvys,Giorgi Kruashvili,FC Thun,Víkingur Reykjavík,N. Hansen,0,0,0,0,0,0,0,0,3,0,0,0,0,0,0
50,6 Aug 2026,,dn3uytj7vpavmy2r2yc7spvys,Giorgi Kruashvili,FC Thun,Víkingur Reykjavík,R. Þorkelsson,0,0,0,0,0,0,0,0,5,0,0,1,1,0,0
53,23 Jul 2026,,ewid8xw8pf3qvs2qcmuc9e49g,Damian Kos,FC Twente,Ferencvárosi TC,B. van Rooij,0,0,0,4,1,0,0,0,55,0,0,0,0,3,0
53,23 Jul 2026,,ewid8xw8pf3qvs2qcmuc9e49g,Damian Kos,FC Twente,Ferencvárosi TC,S. Lemkin,0,0,0,0,0,0,0,0,66,0,0,0,0,0,0
53,23 Jul 2026,,ewid8xw8pf3qvs2qcmuc9e49g,Damian Kos,FC Twente,Ferencvárosi TC,R. Nijstad,0,0,0,0,1,0,0,0,88,0,0,0,0,0,0
53,23 Jul 2026,,ewid8xw8pf3qvs2qcmuc9e49g,Damian Kos,FC Twente,Ferencvárosi TC,A. Adelgaard,0,0,1,4,2,2,1,0,67,0,0,2,1,0,0
53,23 Jul 2026,,ewid8xw8pf3qvs2qcmuc9e49g,Damian Kos,FC Twente,Ferencvárosi TC,T. van den Belt,0,2,1,1,0,0,0,0,84,0,0,5,1,1,0
53,23 Jul 2026,,ewid8xw8pf3qvs2qcmuc9e49g,Damian Kos,FC Twente,Ferencvárosi TC,R. Zerrouki,0,0,0,1,2,0,0,0,79,0,0,0,0,2,0
53,23 Jul 2026,,ewid8xw8pf3qvs2qcmuc9e49g,Damian Kos,FC Twente,Ferencvárosi TC,D. Rots,0,1,0,7,1,3,0,0,50,0,0,2,1,3,0
53,23 Jul 2026,,ewid8xw8pf3qvs2qcmuc9e49g,Damian Kos,FC Twente,Ferencvárosi TC,W. Weghorst,0,1,0,0,2,2,0,0,25,0,0,1,0,2,0
53,23 Jul 2026,,ewid8xw8pf3qvs2qcmuc9e49g,Damian Kos,FC Twente,Ferencvárosi TC,K. Hlynsson,0,0,0,1,0,0,0,0,38,0,0,2,2,0,0
53,23 Jul 2026,,ewid8xw8pf3qvs2qcmuc9e49g,Damian Kos,FC Twente,Ferencvárosi TC,L. Unnerstall,0,0,0,0,0,0,0,0,22,0,0,0,0,0,0
53,23 Jul 2026,,ewid8xw8pf3qvs2qcmuc9e49g,Damian Kos,FC Twente,Ferencvárosi TC,S. Ørjasæter,1,1,2,7,1,0,0,0,44,0,0,4,2,0,0
53,23 Jul 2026,,ewid8xw8pf3qvs2qcmuc9e49g,Damian Kos,FC Twente,Ferencvárosi TC,Y. Taha,0,1,0,2,0,0,0,0,14,0,0,1,0,0,0
53,23 Jul 2026,,ewid8xw8pf3qvs2qcmuc9e49g,Damian Kos,FC Twente,Ferencvárosi TC,M. Kjølø,0,1,0,1,1,0,0,0,19,0,0,1,0,0,0
53,23 Jul 2026,,ewid8xw8pf3qvs2qcmuc9e49g,Damian Kos,FC Twente,Ferencvárosi TC,M. Corbu,0,0,0,0,0,1,0,0,16,0,0,0,0,1,0
53,23 Jul 2026,,ewid8xw8pf3qvs2qcmuc9e49g,Damian Kos,FC Twente,Ferencvárosi TC,T. Raemaekers,0,0,0,0,2,0,0,1,38,0,0,0,0,3,0
53,23 Jul 2026,,ewid8xw8pf3qvs2qcmuc9e49g,Damian Kos,FC Twente,Ferencvárosi TC,M. Gómez,0,0,0,0,0,0,0,0,32,0,0,0,0,0,0
53,23 Jul 2026,,ewid8xw8pf3qvs2qcmuc9e49g,Damian Kos,FC Twente,Ferencvárosi TC,D. Dibusz,0,0,0,0,0,0,0,0,31,0,6,0,0,0,0
53,23 Jul 2026,,ewid8xw8pf3qvs2qcmuc9e49g,Damian Kos,FC Twente,Ferencvárosi TC,P. Rommens,0,0,0,4,0,0,0,0,45,0,0,0,0,1,0
53,23 Jul 2026,,ewid8xw8pf3qvs2qcmuc9e49g,Damian Kos,FC Twente,Ferencvárosi TC,A. Osváth,0,0,0,1,0,1,0,0,18,0,0,2,0,2,0
53,23 Jul 2026,,ewid8xw8pf3qvs2qcmuc9e49g,Damian Kos,FC Twente,Ferencvárosi TC,K. Zachariassen,1,0,0,2,1,1,0,0,10,0,0,0,0,1,0
53,23 Jul 2026,,ewid8xw8pf3qvs2qcmuc9e49g,Damian Kos,FC Twente,Ferencvárosi TC,B. Yusuf,0,0,2,1,2,0,0,0,14,0,0,0,0,1,0
53,23 Jul 2026,,ewid8xw8pf3qvs2qcmuc9e49g,Damian Kos,FC Twente,Ferencvárosi TC,Cadu,0,0,1,5,1,0,0,0,30,0,0,0,0,2,0
53,23 Jul 2026,,ewid8xw8pf3qvs2qcmuc9e49g,Damian Kos,FC Twente,Ferencvárosi TC,L. Joseph,0,0,0,0,1,5,2,0,10,0,0,5,2,1,0
53,23 Jul 2026,,ewid8xw8pf3qvs2qcmuc9e49g,Damian Kos,FC Twente,Ferencvárosi TC,G. Kanichowsky,0,1,0,0,0,0,0,0,37,0,0,2,0,2,0
53,23 Jul 2026,,ewid8xw8pf3qvs2qcmuc9e49g,Damian Kos,FC Twente,Ferencvárosi TC,C. O'Dowda,1,0,1,4,0,1,0,0,4,0,0,0,0,0,0
53,23 Jul 2026,,ewid8xw8pf3qvs2qcmuc9e49g,Damian Kos,FC Twente,Ferencvárosi TC,J. Levi,0,0,0,0,0,0,0,0,7,0,0,0,0,0,0
53,23 Jul 2026,,ewid8xw8pf3qvs2qcmuc9e49g,Damian Kos,FC Twente,Ferencvárosi TC,K. Lisztes,0,0,0,0,0,0,0,0,2,0,0,0,0,0,0
53,23 Jul 2026,,ewid8xw8pf3qvs2qcmuc9e49g,Damian Kos,FC Twente,Ferencvárosi TC,Olivér Zoltán Nagy,0,0,0,0,0,0,0,0,0,0,0,0,0,0,0
54,9 Jul 2026,,i6s68gy5wmrmudiegrxvagpg,Roman Jitari,Qarabağ Ağdam FK,IF Vestri,Z. Sawo,1,1,1,0,0,0,1,0,15,0,0,3,1,2,0
54,9 Jul 2026,,i6s68gy5wmrmudiegrxvagpg,Roman Jitari,Qarabağ Ağdam FK,IF Vestri,M. Janković,0,0,0,1,0,0,0,0,76,0,0,2,1,0,0
54,9 Jul 2026,,i6s68gy5wmrmudiegrxvagpg,Roman Jitari,Qarabağ Ağdam FK,IF Vestri,Bruno Langa,0,0,1,5,0,1,0,1,39,0,0,3,0,1,0
54,9 Jul 2026,,i6s68gy5wmrmudiegrxvagpg,Roman Jitari,Qarabağ Ağdam FK,IF Vestri,A. Zoubir,0,0,0,1,0,0,1,0,64,0,0,1,1,3,0
54,9 Jul 2026,,i6s68gy5wmrmudiegrxvagpg,Roman Jitari,Qarabağ Ağdam FK,IF Vestri,B. Hüseynov,0,0,0,0,1,1,0,0,70,0,0,0,0,1,0
54,9 Jul 2026,,i6s68gy5wmrmudiegrxvagpg,Roman Jitari,Qarabağ Ağdam FK,IF Vestri,B. Várkonyi,0,0,0,0,0,0,0,0,87,0,0,0,0,0,0
54,9 Jul 2026,,i6s68gy5wmrmudiegrxvagpg,Roman Jitari,Qarabağ Ağdam FK,IF Vestri,Pedro Bicalho,0,1,1,0,0,0,0,0,73,0,0,2,0,4,0
54,9 Jul 2026,,i6s68gy5wmrmudiegrxvagpg,Roman Jitari,Qarabağ Ağdam FK,IF Vestri,Matheus Silva,0,0,2,6,0,0,0,1,63,0,0,0,0,1,0
54,9 Jul 2026,,i6s68gy5wmrmudiegrxvagpg,Roman Jitari,Qarabağ Ağdam FK,IF Vestri,Kady Borges,0,0,1,7,3,2,0,1,52,0,0,2,1,1,0
54,9 Jul 2026,,i6s68gy5wmrmudiegrxvagpg,Roman Jitari,Qarabağ Ağdam FK,IF Vestri,O. Kashchuk,1,0,1,5,0,1,0,0,24,0,0,0,0,1,0
54,9 Jul 2026,,i6s68gy5wmrmudiegrxvagpg,Roman Jitari,Qarabağ Ağdam FK,IF Vestri,M. Kochalski,0,0,0,0,0,0,0,0,19,0,0,0,0,0,0
54,9 Jul 2026,,i6s68gy5wmrmudiegrxvagpg,Roman Jitari,Qarabağ Ağdam FK,IF Vestri,J. Mouaddib,0,1,0,1,0,0,0,0,15,0,0,2,0,0,0
54,9 Jul 2026,,i6s68gy5wmrmudiegrxvagpg,Roman Jitari,Qarabağ Ağdam FK,IF Vestri,Samuel Lobato,0,0,0,0,0,0,0,0,21,0,0,1,0,1,0
54,9 Jul 2026,,i6s68gy5wmrmudiegrxvagpg,Roman Jitari,Qarabağ Ağdam FK,IF Vestri,E. Cəfərquliyev,0,0,1,1,0,0,0,1,21,0,0,0,0,2,0
54,9 Jul 2026,,i6s68gy5wmrmudiegrxvagpg,Roman Jitari,Qarabağ Ağdam FK,IF Vestri,R. Cephas,0,0,1,0,0,0,1,0,7,0,0,2,1,0,0
54,9 Jul 2026,,i6s68gy5wmrmudiegrxvagpg,Roman Jitari,Qarabağ Ağdam FK,IF Vestri,Dani Bolt,0,0,1,0,0,1,0,0,1,0,0,0,0,0,0
54,9 Jul 2026,,i6s68gy5wmrmudiegrxvagpg,Roman Jitari,Qarabağ Ağdam FK,IF Vestri,S. Fall,0,0,0,2,1,0,0,0,10,0,0,0,0,3,1
54,9 Jul 2026,,i6s68gy5wmrmudiegrxvagpg,Roman Jitari,Qarabağ Ağdam FK,IF Vestri,Þ. Hafþórsson,0,0,0,0,0,0,0,0,7,0,0,0,0,0,0
54,9 Jul 2026,,i6s68gy5wmrmudiegrxvagpg,Roman Jitari,Qarabağ Ağdam FK,IF Vestri,M. Steinarsson,0,0,0,0,0,0,0,0,34,0,3,0,0,0,0
54,9 Jul 2026,,i6s68gy5wmrmudiegrxvagpg,Roman Jitari,Qarabağ Ağdam FK,IF Vestri,C. Phete,0,0,0,0,0,0,0,0,11,0,0,0,0,1,0
54,9 Jul 2026,,i6s68gy5wmrmudiegrxvagpg,Roman Jitari,Qarabağ Ağdam FK,IF Vestri,G. Hauksson,0,0,0,0,0,1,0,0,11,0,0,0,0,2,0
54,9 Jul 2026,,i6s68gy5wmrmudiegrxvagpg,Roman Jitari,Qarabağ Ağdam FK,IF Vestri,I. Baldé,0,0,0,0,0,1,0,0,2,0,0,0,0,0,0
54,9 Jul 2026,,i6s68gy5wmrmudiegrxvagpg,Roman Jitari,Qarabağ Ağdam FK,IF Vestri,K. Cheshmedzhiev,0,1,0,3,1,1,0,0,26,0,0,1,0,2,0
54,9 Jul 2026,,i6s68gy5wmrmudiegrxvagpg,Roman Jitari,Qarabağ Ağdam FK,IF Vestri,Édson,0,0,0,0,0,0,0,0,23,0,0,1,0,0,0
54,9 Jul 2026,,i6s68gy5wmrmudiegrxvagpg,Roman Jitari,Qarabağ Ağdam FK,IF Vestri,B. Hermannsson,0,1,0,0,1,0,0,1,11,0,0,1,0,0,0
54,9 Jul 2026,,i6s68gy5wmrmudiegrxvagpg,Roman Jitari,Qarabağ Ağdam FK,IF Vestri,E. Garðarsson,0,0,0,0,0,1,0,0,19,0,0,0,0,1,0
54,9 Jul 2026,,i6s68gy5wmrmudiegrxvagpg,Roman Jitari,Qarabağ Ağdam FK,IF Vestri,G. Svavarsson,0,0,0,2,0,0,0,0,10,0,0,0,0,0,0
54,9 Jul 2026,,i6s68gy5wmrmudiegrxvagpg,Roman Jitari,Qarabağ Ağdam FK,IF Vestri,J. Stensson,0,0,0,0,2,0,0,0,21,0,0,0,0,0,0
54,9 Jul 2026,,i6s68gy5wmrmudiegrxvagpg,Roman Jitari,Qarabağ Ağdam FK,IF Vestri,A. Mörfelt,0,1,0,0,0,0,0,0,6,0,0,1,0,1,0
54,9 Jul 2026,,i6s68gy5wmrmudiegrxvagpg,Roman Jitari,Qarabağ Ağdam FK,IF Vestri,G. Einarsson,0,0,0,0,1,0,0,0,13,0,0,0,0,0,0
54,9 Jul 2026,,i6s68gy5wmrmudiegrxvagpg,Roman Jitari,Qarabağ Ağdam FK,IF Vestri,B. Eydal,0,0,0,0,0,0,0,0,2,0,0,0,0,1,0
54,9 Jul 2026,,i6s68gy5wmrmudiegrxvagpg,Roman Jitari,Qarabağ Ağdam FK,IF Vestri,J. Selvén,0,0,0,0,0,0,0,1,5,0,0,0,0,0,0
55,16 Jul 2026,,ogikzxuu5a043l34vkkutmok,Marek Radina,IF Vestri,Qarabağ Ağdam FK,J. Selvén,0,0,0,0,0,0,0,0,18,0,0,0,0,0,0
55,16 Jul 2026,,ogikzxuu5a043l34vkkutmok,Marek Radina,IF Vestri,Qarabağ Ağdam FK,M. Steinarsson,0,0,0,0,0,1,0,0,20,0,2,0,0,1,0
55,16 Jul 2026,,ogikzxuu5a043l34vkkutmok,Marek Radina,IF Vestri,Qarabağ Ağdam FK,Édson,0,0,0,0,2,1,0,0,33,0,0,0,0,1,0
55,16 Jul 2026,,ogikzxuu5a043l34vkkutmok,Marek Radina,IF Vestri,Qarabağ Ağdam FK,E. Duah,0,0,0,3,1,1,0,0,21,0,0,0,0,1,0
55,16 Jul 2026,,ogikzxuu5a043l34vkkutmok,Marek Radina,IF Vestri,Qarabağ Ağdam FK,B. Eydal,0,0,0,0,0,0,0,0,11,0,0,0,0,5,0
55,16 Jul 2026,,ogikzxuu5a043l34vkkutmok,Marek Radina,IF Vestri,Qarabağ Ağdam FK,G. Einarsson,0,0,0,1,0,0,0,0,28,0,0,0,0,3,0
55,16 Jul 2026,,ogikzxuu5a043l34vkkutmok,Marek Radina,IF Vestri,Qarabağ Ağdam FK,J. Stensson,0,0,0,1,3,0,0,0,28,0,0,0,0,3,0
55,16 Jul 2026,,ogikzxuu5a043l34vkkutmok,Marek Radina,IF Vestri,Qarabağ Ağdam FK,A. Jóhannsson,0,0,0,0,0,0,0,0,17,0,0,0,0,2,0
55,16 Jul 2026,,ogikzxuu5a043l34vkkutmok,Marek Radina,IF Vestri,Qarabağ Ağdam FK,M. Hagbarðsson,0,1,0,0,1,1,0,0,22,0,0,1,0,1,0
55,16 Jul 2026,,ogikzxuu5a043l34vkkutmok,Marek Radina,IF Vestri,Qarabağ Ağdam FK,S. Fall,0,0,1,1,2,0,0,0,11,0,0,0,0,3,0
55,16 Jul 2026,,ogikzxuu5a043l34vkkutmok,Marek Radina,IF Vestri,Qarabağ Ağdam FK,E. Garðarsson,0,0,0,0,0,0,0,0,13,0,0,0,0,2,0
55,16 Jul 2026,,ogikzxuu5a043l34vkkutmok,Marek Radina,IF Vestri,Qarabağ Ağdam FK,B. Hermannsson,0,0,0,0,1,0,0,1,5,0,0,2,2,1,0
55,16 Jul 2026,,ogikzxuu5a043l34vkkutmok,Marek Radina,IF Vestri,Qarabağ Ağdam FK,G. Hauksson,0,0,0,0,0,0,0,0,15,0,0,1,0,1,0
55,16 Jul 2026,,ogikzxuu5a043l34vkkutmok,Marek Radina,IF Vestri,Qarabağ Ağdam FK,K. Cheshmedzhiev,0,0,0,0,0,1,0,0,16,0,0,0,0,0,0
55,16 Jul 2026,,ogikzxuu5a043l34vkkutmok,Marek Radina,IF Vestri,Qarabağ Ağdam FK,Þ. Hafþórsson,0,0,0,0,0,1,0,0,3,0,0,0,0,1,0
55,16 Jul 2026,,ogikzxuu5a043l34vkkutmok,Marek Radina,IF Vestri,Qarabağ Ağdam FK,A. Mörfelt,0,0,0,0,1,0,0,0,3,0,0,0,0,0,0
55,16 Jul 2026,,ogikzxuu5a043l34vkkutmok,Marek Radina,IF Vestri,Qarabağ Ağdam FK,Kady Borges,0,1,3,10,1,3,0,0,64,0,0,2,0,0,0
55,16 Jul 2026,,ogikzxuu5a043l34vkkutmok,Marek Radina,IF Vestri,Qarabağ Ağdam FK,Pedro Bicalho,0,0,0,1,0,1,1,0,52,0,0,1,1,1,0
55,16 Jul 2026,,ogikzxuu5a043l34vkkutmok,Marek Radina,IF Vestri,Qarabağ Ağdam FK,M. Janković,0,1,1,0,0,2,0,0,115,0,0,2,1,0,0
55,16 Jul 2026,,ogikzxuu5a043l34vkkutmok,Marek Radina,IF Vestri,Qarabağ Ağdam FK,B. Hüseynov,0,0,0,0,0,0,0,0,72,0,0,0,0,1,0
55,16 Jul 2026,,ogikzxuu5a043l34vkkutmok,Marek Radina,IF Vestri,Qarabağ Ağdam FK,B. Várkonyi,0,0,0,0,1,1,0,0,99,0,0,2,0,1,0
55,16 Jul 2026,,ogikzxuu5a043l34vkkutmok,Marek Radina,IF Vestri,Qarabağ Ağdam FK,Bruno Langa,0,0,1,4,0,0,0,0,61,0,0,0,0,2,0
55,16 Jul 2026,,ogikzxuu5a043l34vkkutmok,Marek Radina,IF Vestri,Qarabağ Ağdam FK,J. Mouaddib,0,1,2,1,0,0,1,0,41,0,0,3,1,3,0
55,16 Jul 2026,,ogikzxuu5a043l34vkkutmok,Marek Radina,IF Vestri,Qarabağ Ağdam FK,Matheus Silva,0,1,1,5,0,0,0,0,70,0,0,2,0,2,0
55,16 Jul 2026,,ogikzxuu5a043l34vkkutmok,Marek Radina,IF Vestri,Qarabağ Ağdam FK,A. Zoubir,0,2,3,1,0,0,0,1,48,0,0,2,0,1,0
55,16 Jul 2026,,ogikzxuu5a043l34vkkutmok,Marek Radina,IF Vestri,Qarabağ Ağdam FK,Z. Sawo,1,1,0,0,1,1,1,0,10,0,0,5,2,0,0
55,16 Jul 2026,,ogikzxuu5a043l34vkkutmok,Marek Radina,IF Vestri,Qarabağ Ağdam FK,M. Kochalski,0,0,0,0,0,0,0,0,24,0,2,0,0,0,0
55,16 Jul 2026,,ogikzxuu5a043l34vkkutmok,Marek Radina,IF Vestri,Qarabağ Ağdam FK,O. Kashchuk,0,0,1,0,0,0,0,0,19,0,0,1,0,1,0
55,16 Jul 2026,,ogikzxuu5a043l34vkkutmok,Marek Radina,IF Vestri,Qarabağ Ağdam FK,Samuel Lobato,0,0,1,1,1,1,0,0,26,0,0,0,0,0,0
55,16 Jul 2026,,ogikzxuu5a043l34vkkutmok,Marek Radina,IF Vestri,Qarabağ Ağdam FK,R. Cephas,0,0,0,0,1,0,0,0,7,0,0,1,0,0,0
55,16 Jul 2026,,ogikzxuu5a043l34vkkutmok,Marek Radina,IF Vestri,Qarabağ Ağdam FK,Č. Makreckis,0,0,0,0,1,0,0,0,21,0,0,0,0,1,0
55,16 Jul 2026,,ogikzxuu5a043l34vkkutmok,Marek Radina,IF Vestri,Qarabağ Ağdam FK,E. Cəfərquliyev,0,0,0,0,0,0,0,0,6,0,0,1,0,0,0
56,23 Jul 2026,,xqbyqwyresn3rs4k79bj92xg,Ricardo De Burgos Bengoetxea,Beşiktaş JK,FC Midtjylland,O. Kökçü,0,0,0,5,2,0,1,0,83,0,0,5,2,0,0
56,23 Jul 2026,,xqbyqwyresn3rs4k79bj92xg,Ricardo De Burgos Bengoetxea,Beşiktaş JK,FC Midtjylland,İ. Fakılı,0,0,1,2,1,1,0,0,36,0,0,1,0,0,0
56,23 Jul 2026,,xqbyqwyresn3rs4k79bj92xg,Ricardo De Burgos Bengoetxea,Beşiktaş JK,FC Midtjylland,E. Topçu,0,0,0,1,1,0,0,0,72,0,0,0,0,4,0
56,23 Jul 2026,,xqbyqwyresn3rs4k79bj92xg,Ricardo De Burgos Bengoetxea,Beşiktaş JK,FC Midtjylland,A. Nübel,0,0,0,0,0,0,0,0,20,0,1,0,0,0,0
56,23 Jul 2026,,xqbyqwyresn3rs4k79bj92xg,Ricardo De Burgos Bengoetxea,Beşiktaş JK,FC Midtjylland,Tiago Djaló,0,1,0,0,0,2,0,0,84,0,0,2,0,0,0
56,23 Jul 2026,,xqbyqwyresn3rs4k79bj92xg,Ricardo De Burgos Bengoetxea,Beşiktaş JK,FC Midtjylland,A. Murillo,0,0,2,2,0,3,0,0,66,0,0,3,1,1,0
56,23 Jul 2026,,xqbyqwyresn3rs4k79bj92xg,Ricardo De Burgos Bengoetxea,Beşiktaş JK,FC Midtjylland,Oh Hyeon-Gyu,0,0,0,0,2,0,0,0,13,0,0,3,1,0,0
56,23 Jul 2026,,xqbyqwyresn3rs4k79bj92xg,Ricardo De Burgos Bengoetxea,Beşiktaş JK,FC Midtjylland,V. Černý,1,0,1,5,1,0,0,0,51,0,0,4,1,2,0
56,23 Jul 2026,,xqbyqwyresn3rs4k79bj92xg,Ricardo De Burgos Bengoetxea,Beşiktaş JK,FC Midtjylland,S. Özcan,0,1,0,1,2,1,0,0,88,0,0,3,1,2,0
56,23 Jul 2026,,xqbyqwyresn3rs4k79bj92xg,Ricardo De Burgos Bengoetxea,Beşiktaş JK,FC Midtjylland,R. Yılmaz,0,0,0,6,2,2,0,0,42,0,0,0,0,1,0
56,23 Jul 2026,,xqbyqwyresn3rs4k79bj92xg,Ricardo De Burgos Bengoetxea,Beşiktaş JK,FC Midtjylland,J. Olaïtan,0,1,0,1,1,0,0,0,45,0,0,3,0,1,0
56,23 Jul 2026,,xqbyqwyresn3rs4k79bj92xg,Ricardo De Burgos Bengoetxea,Beşiktaş JK,FC Midtjylland,M. Rashica,0,0,0,1,0,0,0,1,17,0,0,0,0,0,0
56,23 Jul 2026,,xqbyqwyresn3rs4k79bj92xg,Ricardo De Burgos Bengoetxea,Beşiktaş JK,FC Midtjylland,S. Kılıçsoy,0,1,0,0,0,0,0,0,4,0,0,4,1,0,0
56,23 Jul 2026,,xqbyqwyresn3rs4k79bj92xg,Ricardo De Burgos Bengoetxea,Beşiktaş JK,FC Midtjylland,K. Yılmaz,0,0,0,0,0,0,0,0,26,0,0,0,0,0,0
56,23 Jul 2026,,xqbyqwyresn3rs4k79bj92xg,Ricardo De Burgos Bengoetxea,Beşiktaş JK,FC Midtjylland,K. Ouattara,0,0,1,4,0,0,0,0,18,0,0,0,0,0,0
56,23 Jul 2026,,xqbyqwyresn3rs4k79bj92xg,Ricardo De Burgos Bengoetxea,Beşiktaş JK,FC Midtjylland,E. Agbadou,0,0,0,0,0,0,0,0,20,0,0,0,0,0,0
56,23 Jul 2026,,xqbyqwyresn3rs4k79bj92xg,Ricardo De Burgos Bengoetxea,Beşiktaş JK,FC Midtjylland,V. Byskov,0,0,0,1,1,1,0,0,6,0,0,0,0,0,0
56,23 Jul 2026,,xqbyqwyresn3rs4k79bj92xg,Ricardo De Burgos Bengoetxea,Beşiktaş JK,FC Midtjylland,M. Bech,0,0,0,0,0,0,0,0,25,0,0,0,0,0,0
56,23 Jul 2026,,xqbyqwyresn3rs4k79bj92xg,Ricardo De Burgos Bengoetxea,Beşiktaş JK,FC Midtjylland,Lee Han-Beom,0,0,0,0,0,0,0,0,26,0,0,0,0,1,0
56,23 Jul 2026,,xqbyqwyresn3rs4k79bj92xg,Ricardo De Burgos Bengoetxea,Beşiktaş JK,FC Midtjylland,P. Bravo,0,0,0,0,0,0,0,0,16,0,0,0,0,1,0
56,23 Jul 2026,,xqbyqwyresn3rs4k79bj92xg,Ricardo De Burgos Bengoetxea,Beşiktaş JK,FC Midtjylland,P. Billing,0,0,1,1,0,1,0,0,31,0,0,2,1,6,0
56,23 Jul 2026,,xqbyqwyresn3rs4k79bj92xg,Ricardo De Burgos Bengoetxea,Beşiktaş JK,FC Midtjylland,R. Kristensen,0,0,0,1,1,1,0,0,24,0,0,0,0,2,0
56,23 Jul 2026,,xqbyqwyresn3rs4k79bj92xg,Ricardo De Burgos Bengoetxea,Beşiktaş JK,FC Midtjylland,V. Bak Jensen,0,1,1,1,2,0,0,0,21,0,0,1,0,0,0
56,23 Jul 2026,,xqbyqwyresn3rs4k79bj92xg,Ricardo De Burgos Bengoetxea,Beşiktaş JK,FC Midtjylland,F. Etim,0,0,0,0,3,0,0,0,5,1,0,0,0,0,0
56,23 Jul 2026,,xqbyqwyresn3rs4k79bj92xg,Ricardo De Burgos Bengoetxea,Beşiktaş JK,FC Midtjylland,E. Ólafsson,0,0,0,0,0,0,0,0,45,0,6,0,0,0,0
56,23 Jul 2026,,xqbyqwyresn3rs4k79bj92xg,Ricardo De Burgos Bengoetxea,Beşiktaş JK,FC Midtjylland,Franculino Djú,0,2,0,0,0,1,0,0,9,0,0,2,0,2,0
56,23 Jul 2026,,xqbyqwyresn3rs4k79bj92xg,Ricardo De Burgos Bengoetxea,Beşiktaş JK,FC Midtjylland,D. Osorio,0,0,0,0,1,3,0,0,10,0,0,0,0,0,0
56,23 Jul 2026,,xqbyqwyresn3rs4k79bj92xg,Ricardo De Burgos Bengoetxea,Beşiktaş JK,FC Midtjylland,D. Castillo,0,0,0,0,1,4,0,0,9,0,0,0,0,0,0
56,23 Jul 2026,,xqbyqwyresn3rs4k79bj92xg,Ricardo De Burgos Bengoetxea,Beşiktaş JK,FC Midtjylland,M. Erlić,0,0,0,0,0,1,0,0,4,0,0,0,0,1,0
56,23 Jul 2026,,xqbyqwyresn3rs4k79bj92xg,Ricardo De Burgos Bengoetxea,Beşiktaş JK,FC Midtjylland,Cho Gue-Sung,0,0,0,0,0,0,0,0,9,0,0,0,0,1,0
56,23 Jul 2026,,xqbyqwyresn3rs4k79bj92xg,Ricardo De Burgos Bengoetxea,Beşiktaş JK,FC Midtjylland,K. Wätjen,0,0,0,0,0,0,0,0,1,0,0,0,0,0,0
1,30 Jul 2026,,131zvabc6azhhpd5b7bv9cduc,John Brooks,FC Midtjylland,Beşiktaş JK,V. Byskov,0,0,0,0,0,1,0,0,35,0,0,1,0,1,0
1,30 Jul 2026,,131zvabc6azhhpd5b7bv9cduc,John Brooks,FC Midtjylland,Beşiktaş JK,M. Bech,0,0,0,1,1,1,0,0,46,0,0,0,0,2,1
1,30 Jul 2026,,131zvabc6azhhpd5b7bv9cduc,John Brooks,FC Midtjylland,Beşiktaş JK,Franculino Djú,0,0,1,2,1,0,0,1,12,0,0,4,1,0,0
1,30 Jul 2026,,131zvabc6azhhpd5b7bv9cduc,John Brooks,FC Midtjylland,Beşiktaş JK,P. Bravo,0,0,0,1,1,1,0,0,36,0,0,0,0,2,0
1,30 Jul 2026,,131zvabc6azhhpd5b7bv9cduc,John Brooks,FC Midtjylland,Beşiktaş JK,M. Erlić,0,0,0,0,3,0,0,0,33,1,0,0,0,0,2
1,30 Jul 2026,,131zvabc6azhhpd5b7bv9cduc,John Brooks,FC Midtjylland,Beşiktaş JK,E. Ólafsson,0,0,0,0,0,0,0,0,48,0,2,0,0,0,0
1,30 Jul 2026,,131zvabc6azhhpd5b7bv9cduc,John Brooks,FC Midtjylland,Beşiktaş JK,D. Castillo,0,2,0,2,1,4,0,0,16,0,0,2,0,0,0
1,30 Jul 2026,,131zvabc6azhhpd5b7bv9cduc,John Brooks,FC Midtjylland,Beşiktaş JK,R. Kristensen,0,1,1,1,1,1,0,0,57,0,0,1,0,5,1
1,30 Jul 2026,,131zvabc6azhhpd5b7bv9cduc,John Brooks,FC Midtjylland,Beşiktaş JK,D. Osorio,0,0,0,2,4,4,0,0,28,0,0,2,0,2,0
1,30 Jul 2026,,131zvabc6azhhpd5b7bv9cduc,John Brooks,FC Midtjylland,Beşiktaş JK,Cho Gue-Sung,0,0,0,2,1,3,0,1,19,0,0,1,1,1,0
1,30 Jul 2026,,131zvabc6azhhpd5b7bv9cduc,John Brooks,FC Midtjylland,Beşiktaş JK,P. Billing,0,1,1,1,0,1,0,0,27,0,0,3,2,1,0
1,30 Jul 2026,,131zvabc6azhhpd5b7bv9cduc,John Brooks,FC Midtjylland,Beşiktaş JK,Lee Han-Beom,0,0,0,0,0,0,0,0,12,0,0,0,0,1,0
1,30 Jul 2026,,131zvabc6azhhpd5b7bv9cduc,John Brooks,FC Midtjylland,Beşiktaş JK,K. Wätjen,0,0,0,0,1,0,0,0,20,0,0,1,0,1,0
1,30 Jul 2026,,131zvabc6azhhpd5b7bv9cduc,John Brooks,FC Midtjylland,Beşiktaş JK,J. Emefile,0,0,1,0,0,0,0,0,13,0,0,0,0,1,0
1,30 Jul 2026,,131zvabc6azhhpd5b7bv9cduc,John Brooks,FC Midtjylland,Beşiktaş JK,S. Iheanacho,0,0,1,3,1,0,0,0,7,0,0,1,0,0,0
1,30 Jul 2026,,131zvabc6azhhpd5b7bv9cduc,John Brooks,FC Midtjylland,Beşiktaş JK,S. Johannesen,0,0,0,5,0,2,0,0,5,0,0,0,0,1,0
1,30 Jul 2026,,131zvabc6azhhpd5b7bv9cduc,John Brooks,FC Midtjylland,Beşiktaş JK,S. Özcan,0,0,0,0,2,4,0,0,46,0,0,0,0,2,0
1,30 Jul 2026,,131zvabc6azhhpd5b7bv9cduc,John Brooks,FC Midtjylland,Beşiktaş JK,A. Nübel,0,0,0,0,0,0,0,0,44,0,4,0,0,0,0
1,30 Jul 2026,,131zvabc6azhhpd5b7bv9cduc,John Brooks,FC Midtjylland,Beşiktaş JK,Tiago Djaló,0,0,0,0,2,0,0,0,44,0,0,0,0,0,0
1,30 Jul 2026,,131zvabc6azhhpd5b7bv9cduc,John Brooks,FC Midtjylland,Beşiktaş JK,A. Murillo,0,1,0,0,1,0,0,0,40,0,0,1,0,0,0
1,30 Jul 2026,,131zvabc6azhhpd5b7bv9cduc,John Brooks,FC Midtjylland,Beşiktaş JK,E. Topçu,0,0,0,0,2,0,0,0,61,0,0,1,1,2,0
1,30 Jul 2026,,131zvabc6azhhpd5b7bv9cduc,John Brooks,FC Midtjylland,Beşiktaş JK,J. Olaïtan,1,0,0,0,1,0,0,1,33,0,0,1,0,0,0
1,30 Jul 2026,,131zvabc6azhhpd5b7bv9cduc,John Brooks,FC Midtjylland,Beşiktaş JK,O. Kökçü,0,1,1,1,2,0,1,0,51,0,0,5,1,3,0
1,30 Jul 2026,,131zvabc6azhhpd5b7bv9cduc,John Brooks,FC Midtjylland,Beşiktaş JK,V. Černý,0,2,0,0,0,0,0,0,24,0,0,3,0,1,1
1,30 Jul 2026,,131zvabc6azhhpd5b7bv9cduc,John Brooks,FC Midtjylland,Beşiktaş JK,Oh Hyeon-Gyu,0,0,0,0,4,4,0,0,16,0,0,1,1,1,1
1,30 Jul 2026,,131zvabc6azhhpd5b7bv9cduc,John Brooks,FC Midtjylland,Beşiktaş JK,R. Yılmaz,0,0,0,2,1,4,0,0,19,0,0,0,0,3,0
1,30 Jul 2026,,131zvabc6azhhpd5b7bv9cduc,John Brooks,FC Midtjylland,Beşiktaş JK,İ. Fakılı,0,0,0,1,2,2,0,0,14,0,0,1,0,0,0
1,30 Jul 2026,,131zvabc6azhhpd5b7bv9cduc,John Brooks,FC Midtjylland,Beşiktaş JK,M. Rashica,0,0,0,1,0,0,1,0,12,0,0,1,1,2,0
1,30 Jul 2026,,131zvabc6azhhpd5b7bv9cduc,John Brooks,FC Midtjylland,Beşiktaş JK,A. Hadžiahmetović,0,0,0,0,0,0,0,0,4,0,0,0,0,0,0
1,30 Jul 2026,,131zvabc6azhhpd5b7bv9cduc,John Brooks,FC Midtjylland,Beşiktaş JK,Y. Özcan,0,0,0,0,1,0,0,0,5,0,0,0,0,0,1
1,30 Jul 2026,,131zvabc6azhhpd5b7bv9cduc,John Brooks,FC Midtjylland,Beşiktaş JK,M. Hekimoğlu,0,0,0,0,0,0,0,0,0,0,0,0,0,1,0
1,30 Jul 2026,,131zvabc6azhhpd5b7bv9cduc,John Brooks,FC Midtjylland,Beşiktaş JK,T. Bulut,0,0,0,0,0,0,0,0,3,0,0,0,0,1,0
4,30 Jul 2026,,2cuqf4l05f01tx3wn1piaplg,Viktor Kopiievskyi,Ferencvárosi TC,FC Twente,Cadu,0,0,0,4,0,2,0,0,30,0,0,0,0,6,1
4,30 Jul 2026,,2cuqf4l05f01tx3wn1piaplg,Viktor Kopiievskyi,Ferencvárosi TC,FC Twente,M. Gómez,0,0,0,0,2,0,0,0,27,0,0,0,0,1,0
4,30 Jul 2026,,2cuqf4l05f01tx3wn1piaplg,Viktor Kopiievskyi,Ferencvárosi TC,FC Twente,M. Corbu,0,0,0,0,0,1,0,0,16,0,0,0,0,2,0
4,30 Jul 2026,,2cuqf4l05f01tx3wn1piaplg,Viktor Kopiievskyi,Ferencvárosi TC,FC Twente,L. Joseph,0,1,0,0,2,5,1,0,19,0,0,2,1,0,0
4,30 Jul 2026,,2cuqf4l05f01tx3wn1piaplg,Viktor Kopiievskyi,Ferencvárosi TC,FC Twente,T. Raemaekers,0,1,0,0,0,0,1,0,30,0,0,2,1,3,0
4,30 Jul 2026,,2cuqf4l05f01tx3wn1piaplg,Viktor Kopiievskyi,Ferencvárosi TC,FC Twente,P. Rommens,0,0,0,1,1,0,0,0,17,1,0,0,0,0,0
4,30 Jul 2026,,2cuqf4l05f01tx3wn1piaplg,Viktor Kopiievskyi,Ferencvárosi TC,FC Twente,G. Kanichowsky,0,0,0,1,0,1,0,0,24,0,0,0,0,1,0
4,30 Jul 2026,,2cuqf4l05f01tx3wn1piaplg,Viktor Kopiievskyi,Ferencvárosi TC,FC Twente,C. O'Dowda,0,0,1,2,2,1,0,0,16,0,0,0,0,0,0
4,30 Jul 2026,,2cuqf4l05f01tx3wn1piaplg,Viktor Kopiievskyi,Ferencvárosi TC,FC Twente,D. Dibusz,0,0,0,0,0,0,0,0,38,0,2,0,0,0,0
4,30 Jul 2026,,2cuqf4l05f01tx3wn1piaplg,Viktor Kopiievskyi,Ferencvárosi TC,FC Twente,A. Osváth,0,0,0,0,1,0,0,0,11,0,0,0,0,5,0
4,30 Jul 2026,,2cuqf4l05f01tx3wn1piaplg,Viktor Kopiievskyi,Ferencvárosi TC,FC Twente,K. Zachariassen,1,0,0,1,2,2,0,0,9,0,0,1,0,2,0
4,30 Jul 2026,,2cuqf4l05f01tx3wn1piaplg,Viktor Kopiievskyi,Ferencvárosi TC,FC Twente,B. Yusuf,0,0,1,0,0,0,0,0,9,0,0,0,0,0,0
4,30 Jul 2026,,2cuqf4l05f01tx3wn1piaplg,Viktor Kopiievskyi,Ferencvárosi TC,FC Twente,N. Zohoré,0,0,0,0,0,0,0,0,2,0,0,1,1,0,0
4,30 Jul 2026,,2cuqf4l05f01tx3wn1piaplg,Viktor Kopiievskyi,Ferencvárosi TC,FC Twente,J. Levi,0,0,0,0,0,0,0,0,3,0,0,0,0,0,0
4,30 Jul 2026,,2cuqf4l05f01tx3wn1piaplg,Viktor Kopiievskyi,Ferencvárosi TC,FC Twente,K. Hlynsson,0,0,0,1,0,0,0,0,14,0,0,0,0,0,0
4,30 Jul 2026,,2cuqf4l05f01tx3wn1piaplg,Viktor Kopiievskyi,Ferencvárosi TC,FC Twente,S. Lemkin,0,1,1,0,3,0,0,0,59,0,0,2,0,2,1
4,30 Jul 2026,,2cuqf4l05f01tx3wn1piaplg,Viktor Kopiievskyi,Ferencvárosi TC,FC Twente,D. Rots,0,1,1,6,2,1,0,0,24,0,0,2,0,4,0
4,30 Jul 2026,,2cuqf4l05f01tx3wn1piaplg,Viktor Kopiievskyi,Ferencvárosi TC,FC Twente,R. Zerrouki,0,1,0,3,4,2,0,0,90,0,0,1,0,0,0
4,30 Jul 2026,,2cuqf4l05f01tx3wn1piaplg,Viktor Kopiievskyi,Ferencvárosi TC,FC Twente,B. van Rooij,1,1,2,7,1,2,0,0,68,0,0,2,0,1,0
4,30 Jul 2026,,2cuqf4l05f01tx3wn1piaplg,Viktor Kopiievskyi,Ferencvárosi TC,FC Twente,R. Nijstad,0,0,0,1,0,0,0,0,87,0,0,1,0,1,0
4,30 Jul 2026,,2cuqf4l05f01tx3wn1piaplg,Viktor Kopiievskyi,Ferencvárosi TC,FC Twente,A. Adelgaard,0,0,0,0,0,0,0,0,22,0,0,1,0,1,0
4,30 Jul 2026,,2cuqf4l05f01tx3wn1piaplg,Viktor Kopiievskyi,Ferencvárosi TC,FC Twente,L. Unnerstall,0,0,0,0,0,0,0,0,16,0,1,0,0,0,0
4,30 Jul 2026,,2cuqf4l05f01tx3wn1piaplg,Viktor Kopiievskyi,Ferencvárosi TC,FC Twente,T. van den Belt,0,1,1,0,1,1,0,0,31,0,0,2,0,0,1
4,30 Jul 2026,,2cuqf4l05f01tx3wn1piaplg,Viktor Kopiievskyi,Ferencvárosi TC,FC Twente,W. Weghorst,0,0,0,0,0,2,1,1,10,0,0,3,1,1,0
4,30 Jul 2026,,2cuqf4l05f01tx3wn1piaplg,Viktor Kopiievskyi,Ferencvárosi TC,FC Twente,S. Ørjasæter,0,0,2,5,0,1,0,0,23,0,0,0,0,0,0
4,30 Jul 2026,,2cuqf4l05f01tx3wn1piaplg,Viktor Kopiievskyi,Ferencvárosi TC,FC Twente,D. Weidmann,0,0,0,4,0,1,0,0,21,0,0,3,2,0,0
4,30 Jul 2026,,2cuqf4l05f01tx3wn1piaplg,Viktor Kopiievskyi,Ferencvárosi TC,FC Twente,S. Lammers,0,0,0,0,2,0,0,0,6,0,0,1,0,1,0
4,30 Jul 2026,,2cuqf4l05f01tx3wn1piaplg,Viktor Kopiievskyi,Ferencvárosi TC,FC Twente,Y. Taha,0,0,0,14,0,0,0,0,8,0,0,0,0,0,1
4,30 Jul 2026,,2cuqf4l05f01tx3wn1piaplg,Viktor Kopiievskyi,Ferencvárosi TC,FC Twente,M. Pjaca,1,1,1,1,0,0,0,0,9,0,0,2,0,1,0
4,30 Jul 2026,,2cuqf4l05f01tx3wn1piaplg,Viktor Kopiievskyi,Ferencvárosi TC,FC Twente,L. Vennegoor of Hesselink,0,0,0,0,0,0,1,0,2,0,0,1,1,1,0
