Aux,Fecha,Jornada,ID_PARTIDO,Arbitro,Equipo_local,Equipo_Visitante,Jugador,Assists,Blocked shots,Corners won,Crosses,Fouls conceded,Fouls won,Goals,Offsides,Passes,Red cards,Saves,Shots,Shots on target,Tackles,Yellow cards
18,8 Nov 2025,,16fj9cb2vp81vtnlvqdcoou1g,Adrián Cordero Vega,Girona FC,Deportivo Alavés,A. Witsel,0,1,0,0,2,2,0,0,49,0,0,1,0,1,0
18,8 Nov 2025,,16fj9cb2vp81vtnlvqdcoou1g,Adrián Cordero Vega,Girona FC,Deportivo Alavés,Álex Moreno,0,0,0,2,0,0,0,0,34,0,0,0,0,2,0
18,8 Nov 2025,,16fj9cb2vp81vtnlvqdcoou1g,Adrián Cordero Vega,Girona FC,Deportivo Alavés,Arnau Martínez,0,0,2,5,2,1,0,0,51,0,0,1,0,3,0
18,8 Nov 2025,,16fj9cb2vp81vtnlvqdcoou1g,Adrián Cordero Vega,Girona FC,Deportivo Alavés,V. Tsygankov,0,0,0,6,0,1,1,0,40,0,0,1,1,1,0
18,8 Nov 2025,,16fj9cb2vp81vtnlvqdcoou1g,Adrián Cordero Vega,Girona FC,Deportivo Alavés,A. Ounahi,0,2,2,1,0,1,0,0,38,0,0,4,0,2,0
18,8 Nov 2025,,16fj9cb2vp81vtnlvqdcoou1g,Adrián Cordero Vega,Girona FC,Deportivo Alavés,Iván Martín,0,0,0,0,0,3,0,0,88,0,0,0,0,3,0
18,8 Nov 2025,,16fj9cb2vp81vtnlvqdcoou1g,Adrián Cordero Vega,Girona FC,Deportivo Alavés,Vitor Reis,0,0,0,0,0,1,0,0,60,0,0,0,0,1,0
18,8 Nov 2025,,16fj9cb2vp81vtnlvqdcoou1g,Adrián Cordero Vega,Girona FC,Deportivo Alavés,V. Vanat,0,0,1,0,0,0,0,0,10,0,0,0,0,1,0
18,8 Nov 2025,,16fj9cb2vp81vtnlvqdcoou1g,Adrián Cordero Vega,Girona FC,Deportivo Alavés,Bryan Gil,1,0,1,4,3,1,0,0,19,0,0,2,1,2,0
18,8 Nov 2025,,16fj9cb2vp81vtnlvqdcoou1g,Adrián Cordero Vega,Girona FC,Deportivo Alavés,D. Blind,0,0,0,1,2,0,0,0,62,0,0,0,0,2,0
18,8 Nov 2025,,16fj9cb2vp81vtnlvqdcoou1g,Adrián Cordero Vega,Girona FC,Deportivo Alavés,P. Gazzaniga,0,0,0,0,0,0,0,0,36,0,5,0,0,0,0
18,8 Nov 2025,,16fj9cb2vp81vtnlvqdcoou1g,Adrián Cordero Vega,Girona FC,Deportivo Alavés,Joel Roca,0,0,0,1,0,3,0,0,4,0,0,0,0,1,0
18,8 Nov 2025,,16fj9cb2vp81vtnlvqdcoou1g,Adrián Cordero Vega,Girona FC,Deportivo Alavés,C. Stuani,0,1,0,0,0,0,0,1,4,0,0,1,0,1,0
18,8 Nov 2025,,16fj9cb2vp81vtnlvqdcoou1g,Adrián Cordero Vega,Girona FC,Deportivo Alavés,Abel Ruiz,0,0,0,1,0,0,0,0,6,0,0,0,0,1,0
18,8 Nov 2025,,16fj9cb2vp81vtnlvqdcoou1g,Adrián Cordero Vega,Girona FC,Deportivo Alavés,Hugo Rincón,0,0,0,0,0,1,0,0,5,0,0,0,0,0,0
18,8 Nov 2025,,16fj9cb2vp81vtnlvqdcoou1g,Adrián Cordero Vega,Girona FC,Deportivo Alavés,J. Solís,0,0,0,0,0,1,0,0,1,0,0,0,0,0,0
18,8 Nov 2025,,16fj9cb2vp81vtnlvqdcoou1g,Adrián Cordero Vega,Girona FC,Deportivo Alavés,Antonio Blanco,0,0,0,0,1,0,0,1,64,0,0,1,1,0,0
18,8 Nov 2025,,16fj9cb2vp81vtnlvqdcoou1g,Adrián Cordero Vega,Girona FC,Deportivo Alavés,Antonio Sivera,0,0,0,0,0,0,0,0,22,0,1,0,0,0,0
18,8 Nov 2025,,16fj9cb2vp81vtnlvqdcoou1g,Adrián Cordero Vega,Girona FC,Deportivo Alavés,Toni Martínez,0,1,0,0,1,1,0,1,20,0,0,3,0,1,0
18,8 Nov 2025,,16fj9cb2vp81vtnlvqdcoou1g,Adrián Cordero Vega,Girona FC,Deportivo Alavés,Y. Enríquez,0,0,0,5,0,0,0,0,40,0,0,1,0,1,0
18,8 Nov 2025,,16fj9cb2vp81vtnlvqdcoou1g,Adrián Cordero Vega,Girona FC,Deportivo Alavés,Denis Suárez,0,0,0,1,1,1,0,0,67,0,0,1,1,2,1
18,8 Nov 2025,,16fj9cb2vp81vtnlvqdcoou1g,Adrián Cordero Vega,Girona FC,Deportivo Alavés,Jonny,0,0,0,1,2,1,0,0,60,0,0,0,0,4,0
18,8 Nov 2025,,16fj9cb2vp81vtnlvqdcoou1g,Adrián Cordero Vega,Girona FC,Deportivo Alavés,N. Tenaglia,0,0,0,0,0,0,0,0,46,0,0,1,0,1,0
18,8 Nov 2025,,16fj9cb2vp81vtnlvqdcoou1g,Adrián Cordero Vega,Girona FC,Deportivo Alavés,Calebe,0,0,0,0,0,2,0,0,18,0,0,0,0,5,0
18,8 Nov 2025,,16fj9cb2vp81vtnlvqdcoou1g,Adrián Cordero Vega,Girona FC,Deportivo Alavés,Víctor Parada,0,0,0,1,1,0,0,0,47,0,0,1,1,0,0
18,8 Nov 2025,,16fj9cb2vp81vtnlvqdcoou1g,Adrián Cordero Vega,Girona FC,Deportivo Alavés,Carles Aleñá,0,1,0,1,1,1,0,0,13,0,0,2,1,0,0
18,8 Nov 2025,,16fj9cb2vp81vtnlvqdcoou1g,Adrián Cordero Vega,Girona FC,Deportivo Alavés,M. Díaz,0,0,0,0,1,0,0,1,4,0,0,0,0,0,0
18,8 Nov 2025,,16fj9cb2vp81vtnlvqdcoou1g,Adrián Cordero Vega,Girona FC,Deportivo Alavés,A. Rebbach,0,0,1,1,3,1,0,0,12,0,0,1,1,2,1
18,8 Nov 2025,,16fj9cb2vp81vtnlvqdcoou1g,Adrián Cordero Vega,Girona FC,Deportivo Alavés,Carlos Vicente,0,0,0,9,2,1,0,0,15,0,0,0,0,0,1
18,8 Nov 2025,,16fj9cb2vp81vtnlvqdcoou1g,Adrián Cordero Vega,Girona FC,Deportivo Alavés,Jon Guridi,0,0,0,0,1,0,0,0,27,0,0,1,0,0,0
18,8 Nov 2025,,16fj9cb2vp81vtnlvqdcoou1g,Adrián Cordero Vega,Girona FC,Deportivo Alavés,Diego Morcillo,0,0,0,1,1,1,0,0,4,0,0,1,0,0,0
18,8 Nov 2025,,16fj9cb2vp81vtnlvqdcoou1g,Adrián Cordero Vega,Girona FC,Deportivo Alavés,Pablo Ibáñez,0,0,0,1,0,0,0,0,4,0,0,1,0,0,0
19,9 Nov 2025,,16t0fdut4ky4b4es7i0trovtg,Javier Alberola Rojas,Real Club Celta de Vigo,FC Barcelona,C. Starfelt,0,0,0,0,0,1,0,0,47,0,0,0,0,3,0
19,9 Nov 2025,,16t0fdut4ky4b4es7i0trovtg,Javier Alberola Rojas,Real Club Celta de Vigo,FC Barcelona,Ferran Jutglà,1,0,0,0,0,0,0,0,16,0,0,1,0,0,0
19,9 Nov 2025,,16t0fdut4ky4b4es7i0trovtg,Javier Alberola Rojas,Real Club Celta de Vigo,FC Barcelona,I. Moriba,0,0,0,0,0,3,0,0,32,0,0,0,0,5,0
19,9 Nov 2025,,16t0fdut4ky4b4es7i0trovtg,Javier Alberola Rojas,Real Club Celta de Vigo,FC Barcelona,Hugo Sotelo,0,0,0,0,3,1,0,0,33,0,0,0,0,3,0
19,9 Nov 2025,,16t0fdut4ky4b4es7i0trovtg,Javier Alberola Rojas,Real Club Celta de Vigo,FC Barcelona,Pablo Durán,0,0,0,1,2,2,0,2,23,0,0,0,0,2,0
19,9 Nov 2025,,16t0fdut4ky4b4es7i0trovtg,Javier Alberola Rojas,Real Club Celta de Vigo,FC Barcelona,Óscar Mingueza,0,0,0,1,1,0,0,0,28,0,0,0,0,1,0
19,9 Nov 2025,,16t0fdut4ky4b4es7i0trovtg,Javier Alberola Rojas,Real Club Celta de Vigo,FC Barcelona,Marcos Alonso,0,0,0,0,2,0,0,0,82,0,0,0,0,0,0
19,9 Nov 2025,,16t0fdut4ky4b4es7i0trovtg,Javier Alberola Rojas,Real Club Celta de Vigo,FC Barcelona,Sergio Carreira,0,0,0,1,2,0,1,0,55,0,0,1,1,3,0
19,9 Nov 2025,,16t0fdut4ky4b4es7i0trovtg,Javier Alberola Rojas,Real Club Celta de Vigo,FC Barcelona,I. Radu,0,0,0,0,0,0,0,0,11,0,5,0,0,0,0
19,9 Nov 2025,,16t0fdut4ky4b4es7i0trovtg,Javier Alberola Rojas,Real Club Celta de Vigo,FC Barcelona,Borja Iglesias,1,0,0,0,1,1,1,3,17,0,0,2,2,0,0
19,9 Nov 2025,,16t0fdut4ky4b4es7i0trovtg,Javier Alberola Rojas,Real Club Celta de Vigo,FC Barcelona,Manu Fernández,0,0,0,0,0,1,0,0,47,0,0,0,0,3,0
19,9 Nov 2025,,16t0fdut4ky4b4es7i0trovtg,Javier Alberola Rojas,Real Club Celta de Vigo,FC Barcelona,Javi Rodríguez,0,0,0,0,1,0,0,0,20,0,0,0,0,0,0
19,9 Nov 2025,,16t0fdut4ky4b4es7i0trovtg,Javier Alberola Rojas,Real Club Celta de Vigo,FC Barcelona,Bryan Zaragoza,0,0,1,3,0,0,0,0,10,0,0,0,0,0,0
19,9 Nov 2025,,16t0fdut4ky4b4es7i0trovtg,Javier Alberola Rojas,Real Club Celta de Vigo,FC Barcelona,Iago Aspas,0,0,0,0,0,1,0,0,17,0,0,0,0,0,0
19,9 Nov 2025,,16t0fdut4ky4b4es7i0trovtg,Javier Alberola Rojas,Real Club Celta de Vigo,FC Barcelona,Miguel Román,0,1,0,0,1,0,0,0,8,0,0,1,0,1,1
19,9 Nov 2025,,16t0fdut4ky4b4es7i0trovtg,Javier Alberola Rojas,Real Club Celta de Vigo,FC Barcelona,J. El Abdellaoui,0,0,1,1,0,0,0,0,4,0,0,0,0,0,0
19,9 Nov 2025,,16t0fdut4ky4b4es7i0trovtg,Javier Alberola Rojas,Real Club Celta de Vigo,FC Barcelona,Fermín López,0,2,0,0,0,0,0,0,52,0,0,3,0,4,0
19,9 Nov 2025,,16t0fdut4ky4b4es7i0trovtg,Javier Alberola Rojas,Real Club Celta de Vigo,FC Barcelona,R. Araujo,0,0,0,0,1,0,0,0,73,0,0,0,0,2,0
19,9 Nov 2025,,16t0fdut4ky4b4es7i0trovtg,Javier Alberola Rojas,Real Club Celta de Vigo,FC Barcelona,F. de Jong,0,1,0,0,2,3,0,0,120,1,0,1,0,2,2
19,9 Nov 2025,,16t0fdut4ky4b4es7i0trovtg,Javier Alberola Rojas,Real Club Celta de Vigo,FC Barcelona,Pau Cubarsí,0,0,0,0,1,0,0,0,87,0,0,0,0,0,1
19,9 Nov 2025,,16t0fdut4ky4b4es7i0trovtg,Javier Alberola Rojas,Real Club Celta de Vigo,FC Barcelona,Dani Olmo,0,2,1,1,0,3,0,0,75,0,0,3,1,1,0
19,9 Nov 2025,,16t0fdut4ky4b4es7i0trovtg,Javier Alberola Rojas,Real Club Celta de Vigo,FC Barcelona,Eric García,0,0,1,1,1,0,0,0,87,0,0,0,0,3,0
19,9 Nov 2025,,16t0fdut4ky4b4es7i0trovtg,Javier Alberola Rojas,Real Club Celta de Vigo,FC Barcelona,W. Szczęsny,0,0,0,0,0,0,0,0,27,0,1,0,0,0,0
19,9 Nov 2025,,16t0fdut4ky4b4es7i0trovtg,Javier Alberola Rojas,Real Club Celta de Vigo,FC Barcelona,Alejandro Balde,0,0,1,2,0,0,0,0,66,0,0,0,0,1,0
19,9 Nov 2025,,16t0fdut4ky4b4es7i0trovtg,Javier Alberola Rojas,Real Club Celta de Vigo,FC Barcelona,M. Rashford,2,2,1,6,0,2,0,1,34,0,0,4,1,1,1
19,9 Nov 2025,,16t0fdut4ky4b4es7i0trovtg,Javier Alberola Rojas,Real Club Celta de Vigo,FC Barcelona,Lamine Yamal,0,0,0,1,1,3,1,1,75,0,0,4,2,1,0
19,9 Nov 2025,,16t0fdut4ky4b4es7i0trovtg,Javier Alberola Rojas,Real Club Celta de Vigo,FC Barcelona,R. Lewandowski,0,1,1,0,3,0,3,0,13,0,0,6,5,0,1
19,9 Nov 2025,,16t0fdut4ky4b4es7i0trovtg,Javier Alberola Rojas,Real Club Celta de Vigo,FC Barcelona,Gerard Martín,0,0,0,0,0,0,0,0,8,0,0,0,0,0,0
19,9 Nov 2025,,16t0fdut4ky4b4es7i0trovtg,Javier Alberola Rojas,Real Club Celta de Vigo,FC Barcelona,A. Christensen,0,0,0,0,0,1,0,0,1,0,0,0,0,0,0
19,9 Nov 2025,,16t0fdut4ky4b4es7i0trovtg,Javier Alberola Rojas,Real Club Celta de Vigo,FC Barcelona,Ferran Torres,0,0,0,0,1,0,0,0,2,0,0,0,0,0,0
19,9 Nov 2025,,16t0fdut4ky4b4es7i0trovtg,Javier Alberola Rojas,Real Club Celta de Vigo,FC Barcelona,Marc Bernal Casas,0,0,0,0,0,0,0,0,0,0,0,0,0,0,0
20,9 Nov 2025,,176p8ms7mmtnsyiwqb87aavx0,Víctor García Verdura,Valencia CF,Real Betis Balompié,Julen Agirrezabala,0,0,0,0,0,0,0,0,25,0,1,0,0,0,0
20,9 Nov 2025,,176p8ms7mmtnsyiwqb87aavx0,Víctor García Verdura,Valencia CF,Real Betis Balompié,Copete,0,0,0,0,0,0,0,0,33,0,0,0,0,1,0
20,9 Nov 2025,,176p8ms7mmtnsyiwqb87aavx0,Víctor García Verdura,Valencia CF,Real Betis Balompié,José Gayà,0,0,0,4,1,1,0,0,20,0,0,0,0,2,1
20,9 Nov 2025,,176p8ms7mmtnsyiwqb87aavx0,Víctor García Verdura,Valencia CF,Real Betis Balompié,A. Danjuma,0,1,1,0,0,0,0,1,24,0,0,4,2,1,0
20,9 Nov 2025,,176p8ms7mmtnsyiwqb87aavx0,Víctor García Verdura,Valencia CF,Real Betis Balompié,L. Beltrán,0,0,0,0,0,1,0,1,18,0,0,3,0,0,0
20,9 Nov 2025,,176p8ms7mmtnsyiwqb87aavx0,Víctor García Verdura,Valencia CF,Real Betis Balompié,Thierry Correia,0,0,1,1,4,2,0,0,40,0,0,0,0,1,0
20,9 Nov 2025,,176p8ms7mmtnsyiwqb87aavx0,Víctor García Verdura,Valencia CF,Real Betis Balompié,César Tárrega,0,1,1,0,1,1,0,0,55,0,0,1,0,0,1
20,9 Nov 2025,,176p8ms7mmtnsyiwqb87aavx0,Víctor García Verdura,Valencia CF,Real Betis Balompié,Pepelu,0,0,0,0,1,2,0,0,53,0,0,0,0,1,1
20,9 Nov 2025,,176p8ms7mmtnsyiwqb87aavx0,Víctor García Verdura,Valencia CF,Real Betis Balompié,Javi Guerra,0,1,4,2,4,1,0,1,50,0,0,1,0,1,0
20,9 Nov 2025,,176p8ms7mmtnsyiwqb87aavx0,Víctor García Verdura,Valencia CF,Real Betis Balompié,André Almeida,0,1,0,4,1,0,0,0,34,0,0,1,0,0,0
20,9 Nov 2025,,176p8ms7mmtnsyiwqb87aavx0,Víctor García Verdura,Valencia CF,Real Betis Balompié,Diego López,0,1,0,0,0,0,0,0,24,0,0,2,1,0,0
20,9 Nov 2025,,176p8ms7mmtnsyiwqb87aavx0,Víctor García Verdura,Valencia CF,Real Betis Balompié,Luis Rioja,0,1,0,6,0,1,1,1,13,0,0,2,1,0,0
20,9 Nov 2025,,176p8ms7mmtnsyiwqb87aavx0,Víctor García Verdura,Valencia CF,Real Betis Balompié,Hugo Duro,0,0,0,0,0,0,0,0,5,0,0,0,0,0,1
20,9 Nov 2025,,176p8ms7mmtnsyiwqb87aavx0,Víctor García Verdura,Valencia CF,Real Betis Balompié,B. Santamaría,0,0,0,0,0,0,0,0,14,0,0,0,0,0,0
20,9 Nov 2025,,176p8ms7mmtnsyiwqb87aavx0,Víctor García Verdura,Valencia CF,Real Betis Balompié,Dani Raba,0,1,0,1,1,0,0,0,10,0,0,2,0,1,0
20,9 Nov 2025,,176p8ms7mmtnsyiwqb87aavx0,Víctor García Verdura,Valencia CF,Real Betis Balompié,Jesús Vázquez,0,0,0,0,0,0,0,0,2,0,0,1,0,2,0
20,9 Nov 2025,,176p8ms7mmtnsyiwqb87aavx0,Víctor García Verdura,Valencia CF,Real Betis Balompié,C. Hernández,0,0,0,0,1,1,1,0,25,0,0,2,2,2,0
20,9 Nov 2025,,176p8ms7mmtnsyiwqb87aavx0,Víctor García Verdura,Valencia CF,Real Betis Balompié,G. Lo Celso,0,1,0,0,0,3,0,1,71,0,0,1,0,1,0
20,9 Nov 2025,,176p8ms7mmtnsyiwqb87aavx0,Víctor García Verdura,Valencia CF,Real Betis Balompié,Héctor Bellerín,0,0,0,0,0,0,0,0,48,0,0,0,0,1,0
20,9 Nov 2025,,176p8ms7mmtnsyiwqb87aavx0,Víctor García Verdura,Valencia CF,Real Betis Balompié,Marc Bartra,0,0,0,0,0,0,0,0,65,0,0,0,0,1,0
20,9 Nov 2025,,176p8ms7mmtnsyiwqb87aavx0,Víctor García Verdura,Valencia CF,Real Betis Balompié,Natan,0,1,0,0,1,1,0,0,53,0,0,2,0,0,1
20,9 Nov 2025,,176p8ms7mmtnsyiwqb87aavx0,Víctor García Verdura,Valencia CF,Real Betis Balompié,V. Gómez,0,0,0,1,2,2,0,0,57,0,0,0,0,2,1
20,9 Nov 2025,,176p8ms7mmtnsyiwqb87aavx0,Víctor García Verdura,Valencia CF,Real Betis Balompié,S. Amrabat,0,0,0,0,2,2,0,0,70,0,0,0,0,1,0
20,9 Nov 2025,,176p8ms7mmtnsyiwqb87aavx0,Víctor García Verdura,Valencia CF,Real Betis Balompié,Álvaro Valles,0,0,0,0,0,0,0,0,23,0,3,0,0,0,0
20,9 Nov 2025,,176p8ms7mmtnsyiwqb87aavx0,Víctor García Verdura,Valencia CF,Real Betis Balompié,Pablo Fornals,0,0,1,1,2,1,0,0,66,0,0,0,0,1,0
20,9 Nov 2025,,176p8ms7mmtnsyiwqb87aavx0,Víctor García Verdura,Valencia CF,Real Betis Balompié,Antony,0,0,1,3,1,2,0,0,43,0,0,3,0,0,0
20,9 Nov 2025,,176p8ms7mmtnsyiwqb87aavx0,Víctor García Verdura,Valencia CF,Real Betis Balompié,A. Ezzalzouli,1,0,0,2,0,1,0,0,34,0,0,1,0,2,1
20,9 Nov 2025,,176p8ms7mmtnsyiwqb87aavx0,Víctor García Verdura,Valencia CF,Real Betis Balompié,Rodrigo Riquelme,0,0,0,0,1,0,0,0,6,0,0,0,0,0,0
20,9 Nov 2025,,176p8ms7mmtnsyiwqb87aavx0,Víctor García Verdura,Valencia CF,Real Betis Balompié,Marc Roca,0,0,0,1,0,0,0,0,5,0,0,0,0,0,0
20,9 Nov 2025,,176p8ms7mmtnsyiwqb87aavx0,Víctor García Verdura,Valencia CF,Real Betis Balompié,C. Ávila,0,0,0,0,0,0,0,0,0,0,0,0,0,0,1
21,9 Nov 2025,,17kbnro1phdt3xdaadluy52j8,Ricardo De Burgos Bengoetxea,Real Club Deportivo Mallorca,Getafe CF,Sergi Darder,0,0,1,3,1,2,0,0,20,0,0,1,1,1,0
21,9 Nov 2025,,17kbnro1phdt3xdaadluy52j8,Ricardo De Burgos Bengoetxea,Real Club Deportivo Mallorca,Getafe CF,Antonio Raíllo,0,0,0,0,0,0,0,0,22,0,0,1,1,1,0
21,9 Nov 2025,,17kbnro1phdt3xdaadluy52j8,Ricardo De Burgos Bengoetxea,Real Club Deportivo Mallorca,Getafe CF,V. Muriqi,0,1,0,0,1,1,1,0,15,0,0,2,1,0,0
21,9 Nov 2025,,17kbnro1phdt3xdaadluy52j8,Ricardo De Burgos Bengoetxea,Real Club Deportivo Mallorca,Getafe CF,Pablo Maffeo,0,0,0,0,2,1,0,0,20,0,0,0,0,1,0
21,9 Nov 2025,,17kbnro1phdt3xdaadluy52j8,Ricardo De Burgos Bengoetxea,Real Club Deportivo Mallorca,Getafe CF,M. Valjent,0,0,0,0,1,0,0,0,26,0,0,0,0,0,0
21,9 Nov 2025,,17kbnro1phdt3xdaadluy52j8,Ricardo De Burgos Bengoetxea,Real Club Deportivo Mallorca,Getafe CF,J. Mojica,1,0,0,3,2,1,0,0,31,0,0,0,0,3,0
21,9 Nov 2025,,17kbnro1phdt3xdaadluy52j8,Ricardo De Burgos Bengoetxea,Real Club Deportivo Mallorca,Getafe CF,Samú Costa,0,0,0,2,1,0,0,0,30,0,0,0,0,2,0
21,9 Nov 2025,,17kbnro1phdt3xdaadluy52j8,Ricardo De Burgos Bengoetxea,Real Club Deportivo Mallorca,Getafe CF,Omar Mascarell,0,0,0,0,2,1,0,0,30,0,0,0,0,1,0
21,9 Nov 2025,,17kbnro1phdt3xdaadluy52j8,Ricardo De Burgos Bengoetxea,Real Club Deportivo Mallorca,Getafe CF,Mateo Joseph,0,0,0,0,3,2,0,0,11,0,0,2,1,1,0
21,9 Nov 2025,,17kbnro1phdt3xdaadluy52j8,Ricardo De Burgos Bengoetxea,Real Club Deportivo Mallorca,Getafe CF,L. Bergström,0,0,0,0,0,0,0,0,23,0,2,0,0,0,0
21,9 Nov 2025,,17kbnro1phdt3xdaadluy52j8,Ricardo De Burgos Bengoetxea,Real Club Deportivo Mallorca,Getafe CF,Jan Virgili,0,0,0,0,0,0,0,0,16,0,0,0,0,2,0
21,9 Nov 2025,,17kbnro1phdt3xdaadluy52j8,Ricardo De Burgos Bengoetxea,Real Club Deportivo Mallorca,Getafe CF,Antonio Sánchez,0,0,0,0,1,0,0,0,9,0,0,0,0,1,0
21,9 Nov 2025,,17kbnro1phdt3xdaadluy52j8,Ricardo De Burgos Bengoetxea,Real Club Deportivo Mallorca,Getafe CF,T. Asano,0,0,0,0,0,0,0,0,2,0,0,0,0,0,0
21,9 Nov 2025,,17kbnro1phdt3xdaadluy52j8,Ricardo De Burgos Bengoetxea,Real Club Deportivo Mallorca,Getafe CF,Manu Morlanes,0,0,0,0,0,0,0,0,5,0,0,0,0,1,0
21,9 Nov 2025,,17kbnro1phdt3xdaadluy52j8,Ricardo De Burgos Bengoetxea,Real Club Deportivo Mallorca,Getafe CF,Abdón Prats,0,0,0,0,1,0,0,0,3,0,0,0,0,0,0
21,9 Nov 2025,,17kbnro1phdt3xdaadluy52j8,Ricardo De Burgos Bengoetxea,Real Club Deportivo Mallorca,Getafe CF,A. Abqar,0,0,0,0,0,0,0,0,31,0,0,0,0,2,1
21,9 Nov 2025,,17kbnro1phdt3xdaadluy52j8,Ricardo De Burgos Bengoetxea,Real Club Deportivo Mallorca,Getafe CF,Domingos Duarte,0,0,0,0,0,4,0,0,42,0,0,1,0,4,0
21,9 Nov 2025,,17kbnro1phdt3xdaadluy52j8,Ricardo De Burgos Bengoetxea,Real Club Deportivo Mallorca,Getafe CF,Luis Milla,0,1,1,13,1,0,0,0,62,0,0,1,0,1,0
21,9 Nov 2025,,17kbnro1phdt3xdaadluy52j8,Ricardo De Burgos Bengoetxea,Real Club Deportivo Mallorca,Getafe CF,Diego Rico,0,1,4,9,1,2,0,0,38,0,0,1,0,4,0
21,9 Nov 2025,,17kbnro1phdt3xdaadluy52j8,Ricardo De Burgos Bengoetxea,Real Club Deportivo Mallorca,Getafe CF,Mario Martín,0,2,2,1,1,2,0,0,26,0,0,2,0,4,0
21,9 Nov 2025,,17kbnro1phdt3xdaadluy52j8,Ricardo De Burgos Bengoetxea,Real Club Deportivo Mallorca,Getafe CF,Juan Iglesias,0,2,0,6,0,0,0,0,32,0,0,2,0,2,0
21,9 Nov 2025,,17kbnro1phdt3xdaadluy52j8,Ricardo De Burgos Bengoetxea,Real Club Deportivo Mallorca,Getafe CF,Borja Mayoral,0,0,1,1,0,0,0,0,28,0,0,0,0,0,0
21,9 Nov 2025,,17kbnro1phdt3xdaadluy52j8,Ricardo De Burgos Bengoetxea,Real Club Deportivo Mallorca,Getafe CF,David Soria,0,0,0,0,0,0,0,0,23,0,2,0,0,0,0
21,9 Nov 2025,,17kbnro1phdt3xdaadluy52j8,Ricardo De Burgos Bengoetxea,Real Club Deportivo Mallorca,Getafe CF,Alex Sancris,0,0,4,11,3,2,0,1,19,0,0,3,2,2,0
21,9 Nov 2025,,17kbnro1phdt3xdaadluy52j8,Ricardo De Burgos Bengoetxea,Real Club Deportivo Mallorca,Getafe CF,M. Arambarri,0,0,2,0,1,2,0,0,33,0,0,3,1,2,1
21,9 Nov 2025,,17kbnro1phdt3xdaadluy52j8,Ricardo De Burgos Bengoetxea,Real Club Deportivo Mallorca,Getafe CF,Adrián Liso,0,0,0,0,0,2,0,0,12,0,0,0,0,1,0
21,9 Nov 2025,,17kbnro1phdt3xdaadluy52j8,Ricardo De Burgos Bengoetxea,Real Club Deportivo Mallorca,Getafe CF,Coba da Costa,0,0,0,4,0,0,0,0,17,0,0,1,0,1,0
21,9 Nov 2025,,17kbnro1phdt3xdaadluy52j8,Ricardo De Burgos Bengoetxea,Real Club Deportivo Mallorca,Getafe CF,A. Kamara,0,0,0,1,0,1,0,0,10,0,0,0,0,1,0
21,9 Nov 2025,,17kbnro1phdt3xdaadluy52j8,Ricardo De Burgos Bengoetxea,Real Club Deportivo Mallorca,Getafe CF,Juanmi,0,0,0,0,1,0,0,0,3,0,0,0,0,0,0
21,9 Nov 2025,,17kbnro1phdt3xdaadluy52j8,Ricardo De Burgos Bengoetxea,Real Club Deportivo Mallorca,Getafe CF,D. Dakonam,0,0,0,0,0,0,0,0,13,0,0,0,0,0,0
21,9 Nov 2025,,17kbnro1phdt3xdaadluy52j8,Ricardo De Burgos Bengoetxea,Real Club Deportivo Mallorca,Getafe CF,A. Nyom,0,0,0,0,0,0,0,0,1,0,0,0,0,0,0
22,8 Nov 2025,,17xoblao6gdkidisaddnrpa1g,Miguel Ángel Ortiz Arias,Sevilla FC,CA Osasuna,Peque Fernández,0,2,0,5,0,5,0,0,19,0,0,2,0,1,0
22,8 Nov 2025,,17xoblao6gdkidisaddnrpa1g,Miguel Ángel Ortiz Arias,Sevilla FC,CA Osasuna,T. Nianzou,0,0,0,0,3,0,0,0,47,0,0,1,0,2,1
22,8 Nov 2025,,17xoblao6gdkidisaddnrpa1g,Miguel Ángel Ortiz Arias,Sevilla FC,CA Osasuna,A. Adams,0,1,3,0,0,1,0,6,17,0,0,3,2,1,0
22,8 Nov 2025,,17xoblao6gdkidisaddnrpa1g,Miguel Ángel Ortiz Arias,Sevilla FC,CA Osasuna,B. Mendy,0,0,0,0,6,0,0,0,35,0,0,0,0,4,1
22,8 Nov 2025,,17xoblao6gdkidisaddnrpa1g,Miguel Ángel Ortiz Arias,Sevilla FC,CA Osasuna,R. Vargas,0,1,0,2,1,0,1,0,25,0,0,2,1,2,0
22,8 Nov 2025,,17xoblao6gdkidisaddnrpa1g,Miguel Ángel Ortiz Arias,Sevilla FC,CA Osasuna,Marcão,0,0,0,0,3,3,0,0,31,0,0,1,1,2,0
22,8 Nov 2025,,17xoblao6gdkidisaddnrpa1g,Miguel Ángel Ortiz Arias,Sevilla FC,CA Osasuna,José Ángel Carmona,0,0,0,0,1,0,0,0,44,0,0,0,0,4,1
22,8 Nov 2025,,17xoblao6gdkidisaddnrpa1g,Miguel Ángel Ortiz Arias,Sevilla FC,CA Osasuna,D. Sow,0,0,0,0,5,0,0,0,20,0,0,0,0,0,1
22,8 Nov 2025,,17xoblao6gdkidisaddnrpa1g,Miguel Ángel Ortiz Arias,Sevilla FC,CA Osasuna,G. Suazo,0,0,2,6,1,0,0,0,34,0,0,0,0,5,1
22,8 Nov 2025,,17xoblao6gdkidisaddnrpa1g,Miguel Ángel Ortiz Arias,Sevilla FC,CA Osasuna,Juanlu Sánchez,0,0,0,1,1,3,0,0,17,0,0,0,0,2,0
22,8 Nov 2025,,17xoblao6gdkidisaddnrpa1g,Miguel Ángel Ortiz Arias,Sevilla FC,CA Osasuna,O. Vlachodimos,0,0,0,0,0,0,0,0,22,0,3,0,0,0,0
22,8 Nov 2025,,17xoblao6gdkidisaddnrpa1g,Miguel Ángel Ortiz Arias,Sevilla FC,CA Osasuna,N. Gudelj,0,0,0,0,0,1,0,0,6,0,0,0,0,1,0
22,8 Nov 2025,,17xoblao6gdkidisaddnrpa1g,Miguel Ángel Ortiz Arias,Sevilla FC,CA Osasuna,Alfon González,0,0,0,0,0,0,0,0,3,0,0,0,0,0,0
22,8 Nov 2025,,17xoblao6gdkidisaddnrpa1g,Miguel Ángel Ortiz Arias,Sevilla FC,CA Osasuna,Manu Bueno,0,0,0,0,0,0,0,0,3,0,0,0,0,0,0
22,8 Nov 2025,,17xoblao6gdkidisaddnrpa1g,Miguel Ángel Ortiz Arias,Sevilla FC,CA Osasuna,C. Ejuke,0,0,0,0,0,0,0,0,0,0,0,1,0,0,0
22,8 Nov 2025,,17xoblao6gdkidisaddnrpa1g,Miguel Ángel Ortiz Arias,Sevilla FC,CA Osasuna,E. Boyomo,0,0,0,0,0,0,0,0,31,0,0,0,0,1,0
22,8 Nov 2025,,17xoblao6gdkidisaddnrpa1g,Miguel Ángel Ortiz Arias,Sevilla FC,CA Osasuna,Raúl García,0,2,2,0,1,1,0,0,15,0,0,3,1,3,0
22,8 Nov 2025,,17xoblao6gdkidisaddnrpa1g,Miguel Ángel Ortiz Arias,Sevilla FC,CA Osasuna,Alejandro Catena,0,1,0,0,3,1,0,0,42,0,0,1,0,2,0
22,8 Nov 2025,,17xoblao6gdkidisaddnrpa1g,Miguel Ángel Ortiz Arias,Sevilla FC,CA Osasuna,Abel Bretones,0,0,0,0,2,5,0,0,31,0,0,1,0,2,0
22,8 Nov 2025,,17xoblao6gdkidisaddnrpa1g,Miguel Ángel Ortiz Arias,Sevilla FC,CA Osasuna,Rubén García,0,0,1,5,0,2,0,0,27,0,0,0,0,3,0
22,8 Nov 2025,,17xoblao6gdkidisaddnrpa1g,Miguel Ángel Ortiz Arias,Sevilla FC,CA Osasuna,Víctor Muñoz,0,0,1,1,2,4,0,0,8,0,0,0,0,0,1
22,8 Nov 2025,,17xoblao6gdkidisaddnrpa1g,Miguel Ángel Ortiz Arias,Sevilla FC,CA Osasuna,Iker Muñoz,0,0,0,1,1,0,0,0,46,0,0,1,1,2,1
22,8 Nov 2025,,17xoblao6gdkidisaddnrpa1g,Miguel Ángel Ortiz Arias,Sevilla FC,CA Osasuna,Jon Moncayola,0,1,1,4,1,0,0,0,38,0,0,2,1,2,1
22,8 Nov 2025,,17xoblao6gdkidisaddnrpa1g,Miguel Ángel Ortiz Arias,Sevilla FC,CA Osasuna,Moi Gómez,0,0,0,0,1,1,0,0,56,0,0,0,0,2,0
22,8 Nov 2025,,17xoblao6gdkidisaddnrpa1g,Miguel Ángel Ortiz Arias,Sevilla FC,CA Osasuna,Kike Barja,0,0,0,2,1,1,0,0,10,0,0,0,0,1,0
22,8 Nov 2025,,17xoblao6gdkidisaddnrpa1g,Miguel Ángel Ortiz Arias,Sevilla FC,CA Osasuna,Sergio Herrera,0,0,0,0,0,0,0,0,20,0,3,0,0,0,0
22,8 Nov 2025,,17xoblao6gdkidisaddnrpa1g,Miguel Ángel Ortiz Arias,Sevilla FC,CA Osasuna,Aimar Oroz,0,0,0,1,0,5,0,0,18,0,0,0,0,0,0
22,8 Nov 2025,,17xoblao6gdkidisaddnrpa1g,Miguel Ángel Ortiz Arias,Sevilla FC,CA Osasuna,S. Becker,0,0,0,2,1,0,0,0,5,0,0,0,0,0,0
22,8 Nov 2025,,17xoblao6gdkidisaddnrpa1g,Miguel Ángel Ortiz Arias,Sevilla FC,CA Osasuna,Jorge Herrando,0,1,1,1,0,1,0,0,12,0,0,1,0,1,0
23,23 Nov 2025,,18b3vyjp3y356x49ce7z1qdxw,Iosu Galech Apezteguía,Real Betis Balompié,Girona FC,C. Hernández,0,0,1,0,2,1,0,0,31,0,0,4,2,0,1
23,23 Nov 2025,,18b3vyjp3y356x49ce7z1qdxw,Iosu Galech Apezteguía,Real Betis Balompié,Girona FC,G. Lo Celso,0,0,0,1,0,0,0,0,18,0,0,2,1,2,0
23,23 Nov 2025,,18b3vyjp3y356x49ce7z1qdxw,Iosu Galech Apezteguía,Real Betis Balompié,Girona FC,Marc Roca,0,0,0,1,3,1,0,0,48,0,0,0,0,3,0
23,23 Nov 2025,,18b3vyjp3y356x49ce7z1qdxw,Iosu Galech Apezteguía,Real Betis Balompié,Girona FC,Marc Bartra,0,0,0,1,1,0,0,0,76,0,0,2,1,0,1
23,23 Nov 2025,,18b3vyjp3y356x49ce7z1qdxw,Iosu Galech Apezteguía,Real Betis Balompié,Girona FC,Natan,0,0,0,0,0,1,0,0,59,0,0,0,0,1,0
23,23 Nov 2025,,18b3vyjp3y356x49ce7z1qdxw,Iosu Galech Apezteguía,Real Betis Balompié,Girona FC,Héctor Bellerín,0,0,0,2,0,1,0,0,18,0,0,0,0,2,0
23,23 Nov 2025,,18b3vyjp3y356x49ce7z1qdxw,Iosu Galech Apezteguía,Real Betis Balompié,Girona FC,V. Gómez,0,0,0,1,0,1,1,0,43,0,0,3,1,3,0
23,23 Nov 2025,,18b3vyjp3y356x49ce7z1qdxw,Iosu Galech Apezteguía,Real Betis Balompié,Girona FC,Rodrigo Riquelme,0,0,0,2,0,0,0,0,13,0,0,0,0,0,0
23,23 Nov 2025,,18b3vyjp3y356x49ce7z1qdxw,Iosu Galech Apezteguía,Real Betis Balompié,Girona FC,Antony,0,0,1,1,1,2,0,0,36,1,0,4,1,1,0
23,23 Nov 2025,,18b3vyjp3y356x49ce7z1qdxw,Iosu Galech Apezteguía,Real Betis Balompié,Girona FC,Álvaro Valles,0,0,0,0,0,0,0,0,37,0,3,0,0,0,0
23,23 Nov 2025,,18b3vyjp3y356x49ce7z1qdxw,Iosu Galech Apezteguía,Real Betis Balompié,Girona FC,Pablo Fornals,0,1,2,3,0,0,0,1,47,0,0,2,0,1,0
23,23 Nov 2025,,18b3vyjp3y356x49ce7z1qdxw,Iosu Galech Apezteguía,Real Betis Balompié,Girona FC,Aitor Ruibal,0,0,0,2,0,3,0,0,23,0,0,1,0,2,0
23,23 Nov 2025,,18b3vyjp3y356x49ce7z1qdxw,Iosu Galech Apezteguía,Real Betis Balompié,Girona FC,S. Amrabat,0,0,0,2,0,0,0,0,38,0,0,0,0,1,0
23,23 Nov 2025,,18b3vyjp3y356x49ce7z1qdxw,Iosu Galech Apezteguía,Real Betis Balompié,Girona FC,A. Ezzalzouli,0,1,3,1,2,2,0,0,29,0,0,2,1,1,0
23,23 Nov 2025,,18b3vyjp3y356x49ce7z1qdxw,Iosu Galech Apezteguía,Real Betis Balompié,Girona FC,Isco,1,2,1,2,0,2,0,0,19,0,0,2,0,0,0
23,23 Nov 2025,,18b3vyjp3y356x49ce7z1qdxw,Iosu Galech Apezteguía,Real Betis Balompié,Girona FC,N. Deossa,0,0,0,0,1,2,0,0,6,0,0,1,0,0,1
23,23 Nov 2025,,18b3vyjp3y356x49ce7z1qdxw,Iosu Galech Apezteguía,Real Betis Balompié,Girona FC,Vitor Reis,0,0,0,0,1,0,0,0,76,0,0,0,0,0,1
23,23 Nov 2025,,18b3vyjp3y356x49ce7z1qdxw,Iosu Galech Apezteguía,Real Betis Balompié,Girona FC,Iván Martín,0,0,0,0,0,0,0,0,44,0,0,1,0,0,0
23,23 Nov 2025,,18b3vyjp3y356x49ce7z1qdxw,Iosu Galech Apezteguía,Real Betis Balompié,Girona FC,A. Ounahi,0,1,0,2,1,2,0,0,40,0,0,3,2,0,1
23,23 Nov 2025,,18b3vyjp3y356x49ce7z1qdxw,Iosu Galech Apezteguía,Real Betis Balompié,Girona FC,Bryan Gil,1,1,0,1,1,1,0,0,18,0,0,1,0,1,0
23,23 Nov 2025,,18b3vyjp3y356x49ce7z1qdxw,Iosu Galech Apezteguía,Real Betis Balompié,Girona FC,Álex Moreno,0,1,0,1,1,0,0,2,25,0,0,1,0,0,0
23,23 Nov 2025,,18b3vyjp3y356x49ce7z1qdxw,Iosu Galech Apezteguía,Real Betis Balompié,Girona FC,V. Tsygankov,0,1,0,1,0,0,0,0,13,0,0,2,1,0,0
23,23 Nov 2025,,18b3vyjp3y356x49ce7z1qdxw,Iosu Galech Apezteguía,Real Betis Balompié,Girona FC,Arnau Martínez,0,0,0,0,0,0,0,0,65,0,0,1,0,2,0
23,23 Nov 2025,,18b3vyjp3y356x49ce7z1qdxw,Iosu Galech Apezteguía,Real Betis Balompié,Girona FC,A. Witsel,0,0,0,0,3,0,0,0,51,0,0,0,0,0,0
23,23 Nov 2025,,18b3vyjp3y356x49ce7z1qdxw,Iosu Galech Apezteguía,Real Betis Balompié,Girona FC,P. Gazzaniga,0,0,0,0,0,0,0,0,46,0,6,0,0,0,1
23,23 Nov 2025,,18b3vyjp3y356x49ce7z1qdxw,Iosu Galech Apezteguía,Real Betis Balompié,Girona FC,Hugo Rincón,0,0,0,1,4,2,0,0,41,0,0,0,0,5,1
23,23 Nov 2025,,18b3vyjp3y356x49ce7z1qdxw,Iosu Galech Apezteguía,Real Betis Balompié,Girona FC,V. Vanat,0,0,0,1,3,2,1,1,22,0,0,1,1,0,0
23,23 Nov 2025,,18b3vyjp3y356x49ce7z1qdxw,Iosu Galech Apezteguía,Real Betis Balompié,Girona FC,Y. Asprilla,0,1,0,1,0,0,0,0,5,0,0,1,0,1,0
23,23 Nov 2025,,18b3vyjp3y356x49ce7z1qdxw,Iosu Galech Apezteguía,Real Betis Balompié,Girona FC,Joel Roca,0,0,0,0,1,2,0,0,11,0,0,0,0,1,0
23,23 Nov 2025,,18b3vyjp3y356x49ce7z1qdxw,Iosu Galech Apezteguía,Real Betis Balompié,Girona FC,C. Stuani,0,0,0,0,0,1,0,1,3,0,0,0,0,1,0
23,23 Nov 2025,,18b3vyjp3y356x49ce7z1qdxw,Iosu Galech Apezteguía,Real Betis Balompié,Girona FC,Abel Ruiz,0,0,0,0,1,0,0,0,4,0,0,0,0,0,0
24,23 Nov 2025,,18ojlro5jtdeu8nv72repur6c,Francisco José Hernández Maeso,Elche CF,Real Madrid CF,D. Affengruber,0,0,1,0,1,0,0,0,32,0,0,0,0,4,1
24,23 Nov 2025,,18ojlro5jtdeu8nv72repur6c,Francisco José Hernández Maeso,Elche CF,Real Madrid CF,Álvaro Núñez,0,0,0,4,0,0,0,0,53,0,0,0,0,2,0
24,23 Nov 2025,,18ojlro5jtdeu8nv72repur6c,Francisco José Hernández Maeso,Elche CF,Real Madrid CF,G. Diangana,0,2,0,1,1,1,0,0,28,0,0,2,0,0,0
24,23 Nov 2025,,18ojlro5jtdeu8nv72repur6c,Francisco José Hernández Maeso,Elche CF,Real Madrid CF,Héctor Fort,0,0,1,2,1,0,0,0,16,0,0,0,0,1,0
24,23 Nov 2025,,18ojlro5jtdeu8nv72repur6c,Francisco José Hernández Maeso,Elche CF,Real Madrid CF,Iñaki Peña,0,0,0,0,0,0,0,0,43,0,5,0,0,0,0
24,23 Nov 2025,,18ojlro5jtdeu8nv72repur6c,Francisco José Hernández Maeso,Elche CF,Real Madrid CF,André Silva,0,1,0,0,2,1,0,0,27,0,0,3,1,0,0
24,23 Nov 2025,,18ojlro5jtdeu8nv72repur6c,Francisco José Hernández Maeso,Elche CF,Real Madrid CF,Aleix Febas,0,0,0,1,0,1,1,0,65,0,0,1,1,5,1
24,23 Nov 2025,,18ojlro5jtdeu8nv72repur6c,Francisco José Hernández Maeso,Elche CF,Real Madrid CF,Rafa Mir,0,1,0,0,1,0,0,0,23,0,0,5,3,2,0
24,23 Nov 2025,,18ojlro5jtdeu8nv72repur6c,Francisco José Hernández Maeso,Elche CF,Real Madrid CF,Víctor Chust,0,0,0,0,2,2,0,0,61,1,0,0,0,3,2
24,23 Nov 2025,,18ojlro5jtdeu8nv72repur6c,Francisco José Hernández Maeso,Elche CF,Real Madrid CF,Marc Aguado,0,0,0,0,1,1,0,0,36,0,0,0,0,1,0
24,23 Nov 2025,,18ojlro5jtdeu8nv72repur6c,Francisco José Hernández Maeso,Elche CF,Real Madrid CF,Germán Valera,1,0,0,3,0,2,0,0,42,0,0,1,0,1,0
24,23 Nov 2025,,18ojlro5jtdeu8nv72repur6c,Francisco José Hernández Maeso,Elche CF,Real Madrid CF,Adrià Pedrosa,0,1,0,3,0,0,0,0,13,0,0,1,0,0,0
24,23 Nov 2025,,18ojlro5jtdeu8nv72repur6c,Francisco José Hernández Maeso,Elche CF,Real Madrid CF,Martim Neto,1,0,0,0,0,0,0,0,20,0,0,1,0,0,0
24,23 Nov 2025,,18ojlro5jtdeu8nv72repur6c,Francisco José Hernández Maeso,Elche CF,Real Madrid CF,Á. Rodríguez,0,0,0,0,0,0,1,1,8,0,0,1,1,0,0
24,23 Nov 2025,,18ojlro5jtdeu8nv72repur6c,Francisco José Hernández Maeso,Elche CF,Real Madrid CF,F. Redondo,0,0,0,0,1,0,0,0,5,0,0,0,0,0,0
24,23 Nov 2025,,18ojlro5jtdeu8nv72repur6c,Francisco José Hernández Maeso,Elche CF,Real Madrid CF,L. Pétrot,0,0,0,0,0,0,0,0,2,0,0,0,0,0,0
24,23 Nov 2025,,18ojlro5jtdeu8nv72repur6c,Francisco José Hernández Maeso,Elche CF,Real Madrid CF,K. Mbappé,1,0,1,1,0,4,0,2,31,0,0,4,2,0,1
24,23 Nov 2025,,18ojlro5jtdeu8nv72repur6c,Francisco José Hernández Maeso,Elche CF,Real Madrid CF,T. Courtois,0,0,0,0,0,0,0,0,29,0,4,0,0,0,0
24,23 Nov 2025,,18ojlro5jtdeu8nv72repur6c,Francisco José Hernández Maeso,Elche CF,Real Madrid CF,Dani Ceballos,0,0,0,0,1,0,0,0,38,0,0,0,0,3,0
24,23 Nov 2025,,18ojlro5jtdeu8nv72repur6c,Francisco José Hernández Maeso,Elche CF,Real Madrid CF,Dean Huijsen,0,0,0,0,0,1,1,0,57,0,0,2,1,1,0
24,23 Nov 2025,,18ojlro5jtdeu8nv72repur6c,Francisco José Hernández Maeso,Elche CF,Real Madrid CF,Álvaro Carreras,0,0,1,3,1,1,0,0,50,0,0,0,0,2,0
24,23 Nov 2025,,18ojlro5jtdeu8nv72repur6c,Francisco José Hernández Maeso,Elche CF,Real Madrid CF,A. Güler,0,0,0,2,1,0,0,0,42,0,0,1,0,0,0
24,23 Nov 2025,,18ojlro5jtdeu8nv72repur6c,Francisco José Hernández Maeso,Elche CF,Real Madrid CF,T. Alexander-Arnold,0,0,3,18,1,0,0,0,53,0,0,1,0,2,0
24,23 Nov 2025,,18ojlro5jtdeu8nv72repur6c,Francisco José Hernández Maeso,Elche CF,Real Madrid CF,Fran García,0,0,0,1,0,0,0,0,17,0,0,0,0,1,0
24,23 Nov 2025,,18ojlro5jtdeu8nv72repur6c,Francisco José Hernández Maeso,Elche CF,Real Madrid CF,Rodrygo,0,2,2,1,0,1,0,0,16,0,0,4,1,1,0
24,23 Nov 2025,,18ojlro5jtdeu8nv72repur6c,Francisco José Hernández Maeso,Elche CF,Real Madrid CF,Raúl Asencio,0,0,0,0,0,2,0,0,44,0,0,2,0,0,0
24,23 Nov 2025,,18ojlro5jtdeu8nv72repur6c,Francisco José Hernández Maeso,Elche CF,Real Madrid CF,J. Bellingham,1,0,0,1,3,1,1,0,50,0,0,3,3,0,0
24,23 Nov 2025,,18ojlro5jtdeu8nv72repur6c,Francisco José Hernández Maeso,Elche CF,Real Madrid CF,E. Camavinga,0,0,0,0,1,0,0,0,20,0,0,0,0,3,0
24,23 Nov 2025,,18ojlro5jtdeu8nv72repur6c,Francisco José Hernández Maeso,Elche CF,Real Madrid CF,F. Valverde,0,0,0,1,0,0,0,0,26,0,0,0,0,2,0
24,23 Nov 2025,,18ojlro5jtdeu8nv72repur6c,Francisco José Hernández Maeso,Elche CF,Real Madrid CF,Vinícius Júnior,0,1,1,1,0,0,0,0,10,0,0,1,0,0,0
24,23 Nov 2025,,18ojlro5jtdeu8nv72repur6c,Francisco José Hernández Maeso,Elche CF,Real Madrid CF,Gonzalo García,0,0,0,0,0,0,0,0,4,0,0,2,0,2,0
24,23 Nov 2025,,18ojlro5jtdeu8nv72repur6c,Francisco José Hernández Maeso,Elche CF,Real Madrid CF,Brahim Díaz,0,0,0,0,0,0,0,0,2,0,0,0,0,0,0
25,24 Nov 2025,,191yv3mlrk964ybeg2ilya9sk,Miguel Sesma Espinosa,Reial Club Deportiu Espanyol de Barcelona,Sevilla FC,O. El Hilali,0,0,1,1,2,0,0,0,17,0,0,0,0,3,0
25,24 Nov 2025,,191yv3mlrk964ybeg2ilya9sk,Miguel Sesma Espinosa,Reial Club Deportiu Espanyol de Barcelona,Sevilla FC,Fernando Calero,0,0,0,0,0,0,0,0,26,0,0,0,0,2,0
25,24 Nov 2025,,191yv3mlrk964ybeg2ilya9sk,Miguel Sesma Espinosa,Reial Club Deportiu Espanyol de Barcelona,Sevilla FC,L. Cabrera,0,0,0,1,1,0,0,0,24,0,0,1,1,2,0
25,24 Nov 2025,,191yv3mlrk964ybeg2ilya9sk,Miguel Sesma Espinosa,Reial Club Deportiu Espanyol de Barcelona,Sevilla FC,Kike García,0,0,0,1,4,3,0,0,19,0,0,2,1,0,0
25,24 Nov 2025,,191yv3mlrk964ybeg2ilya9sk,Miguel Sesma Espinosa,Reial Club Deportiu Espanyol de Barcelona,Sevilla FC,Pere Milla,0,0,0,2,1,0,1,0,21,0,0,2,2,0,1
25,24 Nov 2025,,191yv3mlrk964ybeg2ilya9sk,Miguel Sesma Espinosa,Reial Club Deportiu Espanyol de Barcelona,Sevilla FC,T. Dolan,1,0,1,4,3,0,0,0,16,0,0,0,0,2,0
25,24 Nov 2025,,191yv3mlrk964ybeg2ilya9sk,Miguel Sesma Espinosa,Reial Club Deportiu Espanyol de Barcelona,Sevilla FC,Edu Expósito,0,0,0,2,1,1,0,0,22,0,0,0,0,1,1
25,24 Nov 2025,,191yv3mlrk964ybeg2ilya9sk,Miguel Sesma Espinosa,Reial Club Deportiu Espanyol de Barcelona,Sevilla FC,Carlos Romero,0,0,1,0,3,0,0,0,27,0,0,1,0,3,0
25,24 Nov 2025,,191yv3mlrk964ybeg2ilya9sk,Miguel Sesma Espinosa,Reial Club Deportiu Espanyol de Barcelona,Sevilla FC,Ramon Terrats,0,0,0,1,0,0,0,0,8,0,0,0,0,2,0
25,24 Nov 2025,,191yv3mlrk964ybeg2ilya9sk,Miguel Sesma Espinosa,Reial Club Deportiu Espanyol de Barcelona,Sevilla FC,Urko González de Zárate,1,0,0,0,0,1,0,0,18,0,0,0,0,2,0
25,24 Nov 2025,,191yv3mlrk964ybeg2ilya9sk,Miguel Sesma Espinosa,Reial Club Deportiu Espanyol de Barcelona,Sevilla FC,M. Dmitrović,0,0,0,0,0,0,0,0,20,0,5,0,0,0,0
25,24 Nov 2025,,191yv3mlrk964ybeg2ilya9sk,Miguel Sesma Espinosa,Reial Club Deportiu Espanyol de Barcelona,Sevilla FC,Roberto Fernández,0,1,0,0,1,2,1,0,9,0,0,2,1,0,1
25,24 Nov 2025,,191yv3mlrk964ybeg2ilya9sk,Miguel Sesma Espinosa,Reial Club Deportiu Espanyol de Barcelona,Sevilla FC,Pol Lozano,0,0,0,0,1,0,0,0,5,0,0,0,0,0,1
25,24 Nov 2025,,191yv3mlrk964ybeg2ilya9sk,Miguel Sesma Espinosa,Reial Club Deportiu Espanyol de Barcelona,Sevilla FC,Jofre Carreras,0,0,1,1,0,0,0,0,0,0,0,0,0,1,0
25,24 Nov 2025,,191yv3mlrk964ybeg2ilya9sk,Miguel Sesma Espinosa,Reial Club Deportiu Espanyol de Barcelona,Sevilla FC,C. Pickel,0,0,0,0,1,0,0,0,8,0,0,0,0,2,0
25,24 Nov 2025,,191yv3mlrk964ybeg2ilya9sk,Miguel Sesma Espinosa,Reial Club Deportiu Espanyol de Barcelona,Sevilla FC,Antoniu Roca,0,0,0,0,0,0,0,0,2,0,0,0,0,0,0
25,24 Nov 2025,,191yv3mlrk964ybeg2ilya9sk,Miguel Sesma Espinosa,Reial Club Deportiu Espanyol de Barcelona,Sevilla FC,Peque Fernández,0,1,1,3,0,3,0,0,26,0,0,3,1,0,0
25,24 Nov 2025,,191yv3mlrk964ybeg2ilya9sk,Miguel Sesma Espinosa,Reial Club Deportiu Espanyol de Barcelona,Sevilla FC,Andrés Castrín,0,0,1,0,2,0,0,0,66,0,0,0,0,3,1
25,24 Nov 2025,,191yv3mlrk964ybeg2ilya9sk,Miguel Sesma Espinosa,Reial Club Deportiu Espanyol de Barcelona,Sevilla FC,G. Suazo,1,0,3,6,0,1,0,0,69,0,0,1,1,4,0
25,24 Nov 2025,,191yv3mlrk964ybeg2ilya9sk,Miguel Sesma Espinosa,Reial Club Deportiu Espanyol de Barcelona,Sevilla FC,A. Adams,0,1,3,0,2,1,0,1,18,0,0,4,2,0,0
25,24 Nov 2025,,191yv3mlrk964ybeg2ilya9sk,Miguel Sesma Espinosa,Reial Club Deportiu Espanyol de Barcelona,Sevilla FC,D. Sow,0,0,0,0,0,1,0,0,32,0,0,0,0,3,0
25,24 Nov 2025,,191yv3mlrk964ybeg2ilya9sk,Miguel Sesma Espinosa,Reial Club Deportiu Espanyol de Barcelona,Sevilla FC,Juanlu Sánchez,0,0,2,4,0,2,0,0,45,0,0,1,0,5,0
25,24 Nov 2025,,191yv3mlrk964ybeg2ilya9sk,Miguel Sesma Espinosa,Reial Club Deportiu Espanyol de Barcelona,Sevilla FC,O. Vlachodimos,0,0,0,0,0,0,0,0,29,0,3,0,0,0,0
25,24 Nov 2025,,191yv3mlrk964ybeg2ilya9sk,Miguel Sesma Espinosa,Reial Club Deportiu Espanyol de Barcelona,Sevilla FC,R. Vargas,0,0,2,1,0,0,0,0,22,0,0,1,0,1,0
25,24 Nov 2025,,191yv3mlrk964ybeg2ilya9sk,Miguel Sesma Espinosa,Reial Club Deportiu Espanyol de Barcelona,Sevilla FC,Marcão,0,1,0,0,1,2,1,0,55,0,0,3,1,0,0
25,24 Nov 2025,,191yv3mlrk964ybeg2ilya9sk,Miguel Sesma Espinosa,Reial Club Deportiu Espanyol de Barcelona,Sevilla FC,B. Mendy,0,0,0,1,1,2,0,0,34,0,0,0,0,1,0
25,24 Nov 2025,,191yv3mlrk964ybeg2ilya9sk,Miguel Sesma Espinosa,Reial Club Deportiu Espanyol de Barcelona,Sevilla FC,A. Januzaj,0,0,0,3,0,1,0,0,14,0,0,0,0,0,0
25,24 Nov 2025,,191yv3mlrk964ybeg2ilya9sk,Miguel Sesma Espinosa,Reial Club Deportiu Espanyol de Barcelona,Sevilla FC,C. Ejuke,0,1,1,1,0,1,0,0,22,0,0,4,0,0,0
25,24 Nov 2025,,191yv3mlrk964ybeg2ilya9sk,Miguel Sesma Espinosa,Reial Club Deportiu Espanyol de Barcelona,Sevilla FC,Alfon González,0,3,0,1,0,2,0,0,12,0,0,4,1,0,0
25,24 Nov 2025,,191yv3mlrk964ybeg2ilya9sk,Miguel Sesma Espinosa,Reial Club Deportiu Espanyol de Barcelona,Sevilla FC,A. Sánchez,0,0,0,1,1,0,0,0,18,0,0,0,0,0,0
25,24 Nov 2025,,191yv3mlrk964ybeg2ilya9sk,Miguel Sesma Espinosa,Reial Club Deportiu Espanyol de Barcelona,Sevilla FC,L. Agoumé,0,0,0,1,0,0,0,0,14,0,0,0,0,1,0
25,24 Nov 2025,,191yv3mlrk964ybeg2ilya9sk,Miguel Sesma Espinosa,Reial Club Deportiu Espanyol de Barcelona,Sevilla FC,N. Gudelj,0,1,0,1,0,0,0,0,17,0,0,1,0,0,0
26,22 Nov 2025,,19fc4xa7cho23jve43ojie39w,Mateo Busquets Ferrer,CA Osasuna,Real Sociedad de Fútbol,Víctor Muñoz,0,1,1,4,3,0,0,0,25,0,0,2,0,0,0
26,22 Nov 2025,,19fc4xa7cho23jve43ojie39w,Mateo Busquets Ferrer,CA Osasuna,Real Sociedad de Fútbol,Alejandro Catena,0,1,0,0,3,0,1,0,54,0,0,3,1,0,1
26,22 Nov 2025,,19fc4xa7cho23jve43ojie39w,Mateo Busquets Ferrer,CA Osasuna,Real Sociedad de Fútbol,Raúl García,0,0,1,0,1,2,0,1,16,0,0,3,1,1,0
26,22 Nov 2025,,19fc4xa7cho23jve43ojie39w,Mateo Busquets Ferrer,CA Osasuna,Real Sociedad de Fútbol,Aimar Oroz,1,0,1,5,0,2,0,0,33,0,0,1,1,2,1
26,22 Nov 2025,,19fc4xa7cho23jve43ojie39w,Mateo Busquets Ferrer,CA Osasuna,Real Sociedad de Fútbol,Moi Gómez,0,0,0,0,0,0,0,0,35,0,0,1,0,1,0
26,22 Nov 2025,,19fc4xa7cho23jve43ojie39w,Mateo Busquets Ferrer,CA Osasuna,Real Sociedad de Fútbol,Lucas Torró,0,0,0,0,0,1,0,0,36,0,0,0,0,1,0
26,22 Nov 2025,,19fc4xa7cho23jve43ojie39w,Mateo Busquets Ferrer,CA Osasuna,Real Sociedad de Fútbol,Abel Bretones,0,0,0,2,0,0,0,0,30,0,0,2,0,0,0
26,22 Nov 2025,,19fc4xa7cho23jve43ojie39w,Mateo Busquets Ferrer,CA Osasuna,Real Sociedad de Fútbol,Jon Moncayola,0,0,0,5,0,0,0,0,32,0,0,0,0,2,0
26,22 Nov 2025,,19fc4xa7cho23jve43ojie39w,Mateo Busquets Ferrer,CA Osasuna,Real Sociedad de Fútbol,E. Boyomo,0,0,0,0,0,0,0,0,31,0,0,0,0,3,0
26,22 Nov 2025,,19fc4xa7cho23jve43ojie39w,Mateo Busquets Ferrer,CA Osasuna,Real Sociedad de Fútbol,Juan Cruz,0,0,0,0,1,0,0,0,28,0,0,0,0,1,0
26,22 Nov 2025,,19fc4xa7cho23jve43ojie39w,Mateo Busquets Ferrer,CA Osasuna,Real Sociedad de Fútbol,Sergio Herrera,0,0,0,0,0,0,0,0,36,0,6,0,0,0,0
26,22 Nov 2025,,19fc4xa7cho23jve43ojie39w,Mateo Busquets Ferrer,CA Osasuna,Real Sociedad de Fútbol,Rubén García,0,0,0,1,2,0,0,0,20,0,0,2,1,1,0
26,22 Nov 2025,,19fc4xa7cho23jve43ojie39w,Mateo Busquets Ferrer,CA Osasuna,Real Sociedad de Fútbol,Íñigo Arguibide,0,0,0,1,2,0,0,0,4,1,0,0,0,0,0
26,22 Nov 2025,,19fc4xa7cho23jve43ojie39w,Mateo Busquets Ferrer,CA Osasuna,Real Sociedad de Fútbol,Jorge Herrando,0,0,0,0,1,1,0,0,2,0,0,0,0,0,0
26,22 Nov 2025,,19fc4xa7cho23jve43ojie39w,Mateo Busquets Ferrer,CA Osasuna,Real Sociedad de Fútbol,A. Budimir,0,0,0,0,0,0,0,0,2,0,0,0,0,0,0
26,22 Nov 2025,,19fc4xa7cho23jve43ojie39w,Mateo Busquets Ferrer,CA Osasuna,Real Sociedad de Fútbol,Kike Barja,0,0,0,2,0,0,0,0,3,0,0,0,0,0,0
26,22 Nov 2025,,19fc4xa7cho23jve43ojie39w,Mateo Busquets Ferrer,CA Osasuna,Real Sociedad de Fútbol,Aitor Fernández,0,0,0,0,0,0,0,0,0,0,0,0,0,0,1
26,22 Nov 2025,,19fc4xa7cho23jve43ojie39w,Mateo Busquets Ferrer,CA Osasuna,Real Sociedad de Fútbol,Mikel Oyarzabal,1,0,1,0,2,1,0,1,25,0,0,3,1,1,0
26,22 Nov 2025,,19fc4xa7cho23jve43ojie39w,Mateo Busquets Ferrer,CA Osasuna,Real Sociedad de Fútbol,Jon Gorrotxategi,1,1,0,0,1,3,0,0,51,0,0,1,0,4,0
26,22 Nov 2025,,19fc4xa7cho23jve43ojie39w,Mateo Busquets Ferrer,CA Osasuna,Real Sociedad de Fútbol,Aihen Muñoz,0,0,0,2,0,0,0,0,27,0,0,0,0,1,0
26,22 Nov 2025,,19fc4xa7cho23jve43ojie39w,Mateo Busquets Ferrer,CA Osasuna,Real Sociedad de Fútbol,Jon Martín,0,0,0,0,2,0,0,0,47,0,0,1,0,0,1
26,22 Nov 2025,,19fc4xa7cho23jve43ojie39w,Mateo Busquets Ferrer,CA Osasuna,Real Sociedad de Fútbol,Álex Remiro,0,0,0,0,0,0,0,0,35,0,4,0,0,0,0
26,22 Nov 2025,,19fc4xa7cho23jve43ojie39w,Mateo Busquets Ferrer,CA Osasuna,Real Sociedad de Fútbol,D. Ćaleta-Car,0,0,0,0,1,2,0,0,62,0,0,1,0,3,0
26,22 Nov 2025,,19fc4xa7cho23jve43ojie39w,Mateo Busquets Ferrer,CA Osasuna,Real Sociedad de Fútbol,A. Zakharyan,0,1,1,2,0,0,0,2,21,0,0,3,1,1,0
26,22 Nov 2025,,19fc4xa7cho23jve43ojie39w,Mateo Busquets Ferrer,CA Osasuna,Real Sociedad de Fútbol,Brais Méndez,0,0,0,2,1,1,1,0,46,0,0,1,1,0,1
26,22 Nov 2025,,19fc4xa7cho23jve43ojie39w,Mateo Busquets Ferrer,CA Osasuna,Real Sociedad de Fútbol,J. Aramburu,0,0,0,2,0,0,0,0,44,0,0,1,1,8,0
26,22 Nov 2025,,19fc4xa7cho23jve43ojie39w,Mateo Busquets Ferrer,CA Osasuna,Real Sociedad de Fútbol,Carlos Soler,1,1,1,2,0,0,0,0,38,0,0,3,2,2,0
26,22 Nov 2025,,19fc4xa7cho23jve43ojie39w,Mateo Busquets Ferrer,CA Osasuna,Real Sociedad de Fútbol,Gonçalo Guedes,0,1,0,2,0,1,1,0,21,0,0,2,1,0,0
26,22 Nov 2025,,19fc4xa7cho23jve43ojie39w,Mateo Busquets Ferrer,CA Osasuna,Real Sociedad de Fútbol,Ander Barrenetxea,0,0,0,1,0,3,1,0,14,0,0,1,1,0,0
26,22 Nov 2025,,19fc4xa7cho23jve43ojie39w,Mateo Busquets Ferrer,CA Osasuna,Real Sociedad de Fútbol,T. Kubo,0,1,0,0,0,0,0,0,10,0,0,2,1,1,0
26,22 Nov 2025,,19fc4xa7cho23jve43ojie39w,Mateo Busquets Ferrer,CA Osasuna,Real Sociedad de Fútbol,Sergio Gómez,0,0,0,0,0,1,0,0,12,0,0,0,0,0,0
26,22 Nov 2025,,19fc4xa7cho23jve43ojie39w,Mateo Busquets Ferrer,CA Osasuna,Real Sociedad de Fútbol,Pablo Marín,0,0,0,1,0,0,0,0,9,0,0,0,0,0,0
26,22 Nov 2025,,19fc4xa7cho23jve43ojie39w,Mateo Busquets Ferrer,CA Osasuna,Real Sociedad de Fútbol,Aritz Elustondo,0,0,0,0,0,0,0,0,4,0,0,0,0,0,0
27,23 Nov 2025,,19ubgm1lxlw64hrajkv1cc5ck,Alejandro Quintero González,Real Oviedo,Rayo Vallecano de Madrid,Javi López,0,0,0,2,2,1,0,1,21,0,0,0,0,1,0
27,23 Nov 2025,,19ubgm1lxlw64hrajkv1cc5ck,Alejandro Quintero González,Real Oviedo,Rayo Vallecano de Madrid,Dani Calvo,0,0,0,0,0,0,0,0,48,0,0,0,0,3,0
27,23 Nov 2025,,19ubgm1lxlw64hrajkv1cc5ck,Alejandro Quintero González,Real Oviedo,Rayo Vallecano de Madrid,Aarón Escandell,0,0,0,0,0,0,0,0,36,0,4,0,0,0,0
27,23 Nov 2025,,19ubgm1lxlw64hrajkv1cc5ck,Alejandro Quintero González,Real Oviedo,Rayo Vallecano de Madrid,David Costas,0,0,0,0,2,0,0,0,22,0,0,0,0,2,0
27,23 Nov 2025,,19ubgm1lxlw64hrajkv1cc5ck,Alejandro Quintero González,Real Oviedo,Rayo Vallecano de Madrid,Santi Cazorla,0,0,0,4,0,2,0,0,33,0,0,1,0,1,0
27,23 Nov 2025,,19ubgm1lxlw64hrajkv1cc5ck,Alejandro Quintero González,Real Oviedo,Rayo Vallecano de Madrid,F. Viñas,0,0,0,0,2,3,0,0,15,0,0,1,1,3,0
27,23 Nov 2025,,19ubgm1lxlw64hrajkv1cc5ck,Alejandro Quintero González,Real Oviedo,Rayo Vallecano de Madrid,I. Chaira,0,0,1,0,2,0,0,0,18,1,0,2,2,0,0
27,23 Nov 2025,,19ubgm1lxlw64hrajkv1cc5ck,Alejandro Quintero González,Real Oviedo,Rayo Vallecano de Madrid,Nacho Vidal,0,0,2,4,1,2,0,0,24,0,0,2,0,2,1
27,23 Nov 2025,,19ubgm1lxlw64hrajkv1cc5ck,Alejandro Quintero González,Real Oviedo,Rayo Vallecano de Madrid,S. Rondón,0,0,0,0,0,2,0,1,6,0,0,0,0,1,0
27,23 Nov 2025,,19ubgm1lxlw64hrajkv1cc5ck,Alejandro Quintero González,Real Oviedo,Rayo Vallecano de Madrid,L. Dendoncker,0,0,0,0,0,0,0,0,42,0,0,0,0,2,0
27,23 Nov 2025,,19ubgm1lxlw64hrajkv1cc5ck,Alejandro Quintero González,Real Oviedo,Rayo Vallecano de Madrid,S. Colombatto,0,1,1,4,1,1,0,0,39,0,0,1,0,3,0
27,23 Nov 2025,,19ubgm1lxlw64hrajkv1cc5ck,Alejandro Quintero González,Real Oviedo,Rayo Vallecano de Madrid,R. Alhassane,0,0,1,3,0,0,0,0,10,0,0,0,0,0,0
27,23 Nov 2025,,19ubgm1lxlw64hrajkv1cc5ck,Alejandro Quintero González,Real Oviedo,Rayo Vallecano de Madrid,H. Hassan,0,0,0,0,0,0,0,0,4,0,0,1,0,0,0
27,23 Nov 2025,,19ubgm1lxlw64hrajkv1cc5ck,Alejandro Quintero González,Real Oviedo,Rayo Vallecano de Madrid,Pablo Agudín,0,0,0,0,1,0,0,0,4,0,0,0,0,0,0
27,23 Nov 2025,,19ubgm1lxlw64hrajkv1cc5ck,Alejandro Quintero González,Real Oviedo,Rayo Vallecano de Madrid,Alberto Reina,0,0,0,0,0,0,0,0,3,0,0,0,0,1,0
27,23 Nov 2025,,19ubgm1lxlw64hrajkv1cc5ck,Alejandro Quintero González,Real Oviedo,Rayo Vallecano de Madrid,Álex Forés,0,0,0,0,0,1,0,0,1,0,0,0,0,0,0
27,23 Nov 2025,,19ubgm1lxlw64hrajkv1cc5ck,Alejandro Quintero González,Real Oviedo,Rayo Vallecano de Madrid,Isi Palazón,0,1,0,1,1,1,0,0,27,0,0,3,2,0,1
27,23 Nov 2025,,19ubgm1lxlw64hrajkv1cc5ck,Alejandro Quintero González,Real Oviedo,Rayo Vallecano de Madrid,Sergio Camello,0,0,0,0,1,1,0,0,15,0,0,0,0,0,0
27,23 Nov 2025,,19ubgm1lxlw64hrajkv1cc5ck,Alejandro Quintero González,Real Oviedo,Rayo Vallecano de Madrid,N. Mendy,0,0,0,1,3,0,0,0,40,0,0,0,0,1,1
27,23 Nov 2025,,19ubgm1lxlw64hrajkv1cc5ck,Alejandro Quintero González,Real Oviedo,Rayo Vallecano de Madrid,F. Lejeune,0,0,0,0,3,0,0,0,92,0,0,1,0,1,0
27,23 Nov 2025,,19ubgm1lxlw64hrajkv1cc5ck,Alejandro Quintero González,Real Oviedo,Rayo Vallecano de Madrid,A. Batalla,0,0,0,0,0,0,0,0,31,0,2,0,0,0,0
27,23 Nov 2025,,19ubgm1lxlw64hrajkv1cc5ck,Alejandro Quintero González,Real Oviedo,Rayo Vallecano de Madrid,Jorge de Frutos,0,0,1,1,2,3,0,1,8,0,0,1,1,1,0
27,23 Nov 2025,,19ubgm1lxlw64hrajkv1cc5ck,Alejandro Quintero González,Real Oviedo,Rayo Vallecano de Madrid,Óscar Valentín,0,0,0,0,1,0,0,0,40,0,0,0,0,1,0
27,23 Nov 2025,,19ubgm1lxlw64hrajkv1cc5ck,Alejandro Quintero González,Real Oviedo,Rayo Vallecano de Madrid,A. Rațiu,0,0,1,7,0,1,0,0,54,0,0,0,0,2,0
27,23 Nov 2025,,19ubgm1lxlw64hrajkv1cc5ck,Alejandro Quintero González,Real Oviedo,Rayo Vallecano de Madrid,Unai López,0,0,0,1,0,3,0,0,87,0,0,2,0,0,0
27,23 Nov 2025,,19ubgm1lxlw64hrajkv1cc5ck,Alejandro Quintero González,Real Oviedo,Rayo Vallecano de Madrid,Pep Chavarría,0,1,2,4,0,1,0,0,38,0,0,1,0,2,0
27,23 Nov 2025,,19ubgm1lxlw64hrajkv1cc5ck,Alejandro Quintero González,Real Oviedo,Rayo Vallecano de Madrid,Álvaro García,0,0,0,1,1,0,0,0,24,0,0,4,1,2,0
27,23 Nov 2025,,19ubgm1lxlw64hrajkv1cc5ck,Alejandro Quintero González,Real Oviedo,Rayo Vallecano de Madrid,P. Ciss,0,0,0,0,0,0,0,0,36,1,0,0,0,0,0
27,23 Nov 2025,,19ubgm1lxlw64hrajkv1cc5ck,Alejandro Quintero González,Real Oviedo,Rayo Vallecano de Madrid,Alemão,0,0,0,0,1,1,0,0,4,0,0,0,0,0,0
27,23 Nov 2025,,19ubgm1lxlw64hrajkv1cc5ck,Alejandro Quintero González,Real Oviedo,Rayo Vallecano de Madrid,Gerard Gumbau,0,0,0,3,0,0,0,0,12,0,0,0,0,0,0
27,23 Nov 2025,,19ubgm1lxlw64hrajkv1cc5ck,Alejandro Quintero González,Real Oviedo,Rayo Vallecano de Madrid,Fran Pérez,0,0,2,1,0,0,0,0,7,0,0,0,0,0,0
28,22 Nov 2025,,1a7radhhole7vfnciarzauq6s,José María Sánchez Martínez,FC Barcelona,Athletic Club,Fermín López,0,0,0,2,3,3,1,1,36,0,0,2,2,1,0
28,22 Nov 2025,,1a7radhhole7vfnciarzauq6s,José María Sánchez Martínez,FC Barcelona,Athletic Club,Eric García,1,0,0,0,1,0,0,0,58,0,0,0,0,2,0
28,22 Nov 2025,,1a7radhhole7vfnciarzauq6s,José María Sánchez Martínez,FC Barcelona,Athletic Club,Dani Olmo,0,2,2,0,1,0,0,0,51,0,0,4,0,4,0
28,22 Nov 2025,,1a7radhhole7vfnciarzauq6s,José María Sánchez Martínez,FC Barcelona,Athletic Club,Gerard Martín,0,0,0,0,0,1,0,0,97,0,0,0,0,2,0
28,22 Nov 2025,,1a7radhhole7vfnciarzauq6s,José María Sánchez Martínez,FC Barcelona,Athletic Club,Pau Cubarsí,0,0,0,0,0,0,0,0,107,0,0,0,0,0,0
28,22 Nov 2025,,1a7radhhole7vfnciarzauq6s,José María Sánchez Martínez,FC Barcelona,Athletic Club,J. Koundé,0,1,0,0,0,0,0,0,82,0,0,1,0,3,0
28,22 Nov 2025,,1a7radhhole7vfnciarzauq6s,José María Sánchez Martínez,FC Barcelona,Athletic Club,Lamine Yamal,2,2,2,1,2,1,0,2,55,0,0,5,2,0,0
28,22 Nov 2025,,1a7radhhole7vfnciarzauq6s,José María Sánchez Martínez,FC Barcelona,Athletic Club,R. Lewandowski,0,2,1,0,0,1,1,2,16,0,0,3,1,1,0
28,22 Nov 2025,,1a7radhhole7vfnciarzauq6s,José María Sánchez Martínez,FC Barcelona,Athletic Club,Ferran Torres,0,0,0,0,0,0,2,1,26,0,0,3,2,0,0
28,22 Nov 2025,,1a7radhhole7vfnciarzauq6s,José María Sánchez Martínez,FC Barcelona,Athletic Club,Alejandro Balde,0,0,0,2,0,1,0,0,28,0,0,0,0,1,0
28,22 Nov 2025,,1a7radhhole7vfnciarzauq6s,José María Sánchez Martínez,FC Barcelona,Athletic Club,Joan García,0,0,0,0,0,0,0,0,30,0,2,0,0,0,0
28,22 Nov 2025,,1a7radhhole7vfnciarzauq6s,José María Sánchez Martínez,FC Barcelona,Athletic Club,R. Araujo,0,0,0,0,0,0,0,0,46,0,0,0,0,0,0
28,22 Nov 2025,,1a7radhhole7vfnciarzauq6s,José María Sánchez Martínez,FC Barcelona,Athletic Club,Marc Casadó,0,0,0,1,1,1,0,0,32,0,0,0,0,0,0
28,22 Nov 2025,,1a7radhhole7vfnciarzauq6s,José María Sánchez Martínez,FC Barcelona,Athletic Club,Dro Fernández,0,0,0,0,1,0,0,1,11,0,0,0,0,0,0
28,22 Nov 2025,,1a7radhhole7vfnciarzauq6s,José María Sánchez Martínez,FC Barcelona,Athletic Club,Marc Bernal,0,0,0,0,0,0,0,0,14,0,0,0,0,1,0
28,22 Nov 2025,,1a7radhhole7vfnciarzauq6s,José María Sánchez Martínez,FC Barcelona,Athletic Club,Raphinha,0,0,0,0,0,0,0,0,9,0,0,1,0,0,0
28,22 Nov 2025,,1a7radhhole7vfnciarzauq6s,José María Sánchez Martínez,FC Barcelona,Athletic Club,Alex Berenguer,0,0,1,10,1,1,0,0,22,0,0,0,0,1,0
28,22 Nov 2025,,1a7radhhole7vfnciarzauq6s,José María Sánchez Martínez,FC Barcelona,Athletic Club,Andoni Gorosabel,0,0,0,1,1,1,0,0,28,0,0,0,0,2,1
28,22 Nov 2025,,1a7radhhole7vfnciarzauq6s,José María Sánchez Martínez,FC Barcelona,Athletic Club,Mikel Jauregizar,0,0,0,0,0,3,0,0,25,0,0,0,0,5,0
28,22 Nov 2025,,1a7radhhole7vfnciarzauq6s,José María Sánchez Martínez,FC Barcelona,Athletic Club,Íñigo Ruíz de Galarreta,0,0,0,0,2,0,0,0,32,0,0,0,0,2,1
28,22 Nov 2025,,1a7radhhole7vfnciarzauq6s,José María Sánchez Martínez,FC Barcelona,Athletic Club,Aymeric Laporte,0,0,0,0,1,0,0,1,40,0,0,1,0,2,0
28,22 Nov 2025,,1a7radhhole7vfnciarzauq6s,José María Sánchez Martínez,FC Barcelona,Athletic Club,Yuri,0,0,1,2,1,2,0,0,19,0,0,1,0,1,0
28,22 Nov 2025,,1a7radhhole7vfnciarzauq6s,José María Sánchez Martínez,FC Barcelona,Athletic Club,Oihan Sancet,0,0,0,2,1,0,0,0,23,1,0,0,0,1,0
28,22 Nov 2025,,1a7radhhole7vfnciarzauq6s,José María Sánchez Martínez,FC Barcelona,Athletic Club,Unai Simón,0,0,0,0,0,0,0,0,29,0,3,0,0,0,0
28,22 Nov 2025,,1a7radhhole7vfnciarzauq6s,José María Sánchez Martínez,FC Barcelona,Athletic Club,Dani Vivian,0,0,1,0,0,0,0,0,37,0,0,2,1,0,0
28,22 Nov 2025,,1a7radhhole7vfnciarzauq6s,José María Sánchez Martínez,FC Barcelona,Athletic Club,Unai Gómez,0,2,1,0,0,0,0,0,9,0,0,4,1,0,0
28,22 Nov 2025,,1a7radhhole7vfnciarzauq6s,José María Sánchez Martínez,FC Barcelona,Athletic Club,Nico Williams,0,0,1,0,1,1,0,1,15,0,0,3,0,0,0
28,22 Nov 2025,,1a7radhhole7vfnciarzauq6s,José María Sánchez Martínez,FC Barcelona,Athletic Club,Robert Navarro,0,0,1,4,0,0,0,0,12,0,0,0,0,1,0
28,22 Nov 2025,,1a7radhhole7vfnciarzauq6s,José María Sánchez Martínez,FC Barcelona,Athletic Club,Gorka Guruzeta,0,1,1,0,1,1,0,1,5,0,0,2,0,1,0
28,22 Nov 2025,,1a7radhhole7vfnciarzauq6s,José María Sánchez Martínez,FC Barcelona,Athletic Club,Alejandro Rego,0,0,0,0,0,0,0,0,11,0,0,0,0,2,0
28,22 Nov 2025,,1a7radhhole7vfnciarzauq6s,José María Sánchez Martínez,FC Barcelona,Athletic Club,Adama Boiro,0,0,0,0,0,0,0,0,2,0,0,0,0,0,0
28,22 Nov 2025,,1a7radhhole7vfnciarzauq6s,José María Sánchez Martínez,FC Barcelona,Athletic Club,Mikel Vesga,0,0,0,0,0,0,0,0,8,0,0,0,0,0,0
29,23 Nov 2025,,1al4jq2l4mkefxzf7iqmiledw,Guillermo Cuadra Fernández,Getafe CF,Club Atlético de Madrid,Luis Milla,0,1,0,8,0,3,0,0,36,0,0,3,0,1,0
29,23 Nov 2025,,1al4jq2l4mkefxzf7iqmiledw,Guillermo Cuadra Fernández,Getafe CF,Club Atlético de Madrid,A. Abqar,0,0,0,1,1,2,0,0,25,0,0,0,0,0,1
29,23 Nov 2025,,1al4jq2l4mkefxzf7iqmiledw,Guillermo Cuadra Fernández,Getafe CF,Club Atlético de Madrid,Mario Martín,0,0,0,2,1,0,0,0,19,0,0,0,0,1,1
29,23 Nov 2025,,1al4jq2l4mkefxzf7iqmiledw,Guillermo Cuadra Fernández,Getafe CF,Club Atlético de Madrid,M. Arambarri,0,1,0,0,2,3,0,0,16,0,0,3,0,3,0
29,23 Nov 2025,,1al4jq2l4mkefxzf7iqmiledw,Guillermo Cuadra Fernández,Getafe CF,Club Atlético de Madrid,Borja Mayoral,0,0,0,2,0,1,0,2,22,0,0,1,1,0,0
29,23 Nov 2025,,1al4jq2l4mkefxzf7iqmiledw,Guillermo Cuadra Fernández,Getafe CF,Club Atlético de Madrid,Diego Rico,0,0,0,3,0,0,0,0,30,0,0,0,0,3,0
29,23 Nov 2025,,1al4jq2l4mkefxzf7iqmiledw,Guillermo Cuadra Fernández,Getafe CF,Club Atlético de Madrid,Adrián Liso,0,1,0,2,1,2,0,0,16,0,0,1,0,0,0
29,23 Nov 2025,,1al4jq2l4mkefxzf7iqmiledw,Guillermo Cuadra Fernández,Getafe CF,Club Atlético de Madrid,Juan Iglesias,0,1,4,6,1,2,0,0,18,0,0,1,0,1,0
29,23 Nov 2025,,1al4jq2l4mkefxzf7iqmiledw,Guillermo Cuadra Fernández,Getafe CF,Club Atlético de Madrid,Domingos Duarte,0,0,0,0,1,2,0,0,32,0,0,0,0,0,0
29,23 Nov 2025,,1al4jq2l4mkefxzf7iqmiledw,Guillermo Cuadra Fernández,Getafe CF,Club Atlético de Madrid,D. Dakonam,0,0,0,0,2,2,0,0,31,0,0,0,0,0,0
29,23 Nov 2025,,1al4jq2l4mkefxzf7iqmiledw,Guillermo Cuadra Fernández,Getafe CF,Club Atlético de Madrid,David Soria,0,0,0,0,0,0,0,0,31,0,6,0,0,0,0
29,23 Nov 2025,,1al4jq2l4mkefxzf7iqmiledw,Guillermo Cuadra Fernández,Getafe CF,Club Atlético de Madrid,Coba da Costa,0,0,0,3,0,0,0,0,8,0,0,0,0,1,0
29,23 Nov 2025,,1al4jq2l4mkefxzf7iqmiledw,Guillermo Cuadra Fernández,Getafe CF,Club Atlético de Madrid,Kiko Femenía,0,0,0,0,0,0,0,0,8,0,0,0,0,0,0
29,23 Nov 2025,,1al4jq2l4mkefxzf7iqmiledw,Guillermo Cuadra Fernández,Getafe CF,Club Atlético de Madrid,Alex Sancris,0,0,1,5,0,0,0,0,4,0,0,0,0,0,0
29,23 Nov 2025,,1al4jq2l4mkefxzf7iqmiledw,Guillermo Cuadra Fernández,Getafe CF,Club Atlético de Madrid,Javi Muñoz,0,0,1,0,0,0,0,0,3,0,0,0,0,0,0
29,23 Nov 2025,,1al4jq2l4mkefxzf7iqmiledw,Guillermo Cuadra Fernández,Getafe CF,Club Atlético de Madrid,Juanmi,0,0,0,0,0,0,0,0,1,0,0,0,0,0,0
29,23 Nov 2025,,1al4jq2l4mkefxzf7iqmiledw,Guillermo Cuadra Fernández,Getafe CF,Club Atlético de Madrid,Pablo Barrios,0,0,0,0,2,2,0,0,38,0,0,1,1,1,0
29,23 Nov 2025,,1al4jq2l4mkefxzf7iqmiledw,Guillermo Cuadra Fernández,Getafe CF,Club Atlético de Madrid,N. Molina,0,0,0,0,0,0,0,0,52,0,0,0,0,1,0
29,23 Nov 2025,,1al4jq2l4mkefxzf7iqmiledw,Guillermo Cuadra Fernández,Getafe CF,Club Atlético de Madrid,Marcos Llorente,0,0,0,0,1,0,0,0,7,0,0,0,0,3,0
29,23 Nov 2025,,1al4jq2l4mkefxzf7iqmiledw,Guillermo Cuadra Fernández,Getafe CF,Club Atlético de Madrid,Álex Baena,0,0,1,8,3,1,0,1,39,0,0,2,1,0,0
29,23 Nov 2025,,1al4jq2l4mkefxzf7iqmiledw,Guillermo Cuadra Fernández,Getafe CF,Club Atlético de Madrid,J. Giménez,0,1,0,0,4,0,0,0,67,0,0,1,0,1,1
29,23 Nov 2025,,1al4jq2l4mkefxzf7iqmiledw,Guillermo Cuadra Fernández,Getafe CF,Club Atlético de Madrid,J. Musso,0,0,0,0,0,0,0,0,26,0,1,0,0,0,1
29,23 Nov 2025,,1al4jq2l4mkefxzf7iqmiledw,Guillermo Cuadra Fernández,Getafe CF,Club Atlético de Madrid,C. Lenglet,0,0,0,0,2,0,0,0,56,0,0,0,0,0,0
29,23 Nov 2025,,1al4jq2l4mkefxzf7iqmiledw,Guillermo Cuadra Fernández,Getafe CF,Club Atlético de Madrid,J. Alvarez,0,1,1,3,3,2,0,0,14,0,0,1,0,1,1
29,23 Nov 2025,,1al4jq2l4mkefxzf7iqmiledw,Guillermo Cuadra Fernández,Getafe CF,Club Atlético de Madrid,Koke,0,0,0,1,1,0,0,0,32,0,0,0,0,1,0
29,23 Nov 2025,,1al4jq2l4mkefxzf7iqmiledw,Guillermo Cuadra Fernández,Getafe CF,Club Atlético de Madrid,M. Ruggeri,0,1,1,7,0,0,0,0,23,0,0,1,0,3,0
29,23 Nov 2025,,1al4jq2l4mkefxzf7iqmiledw,Guillermo Cuadra Fernández,Getafe CF,Club Atlético de Madrid,N. González,0,0,2,2,0,1,0,0,13,0,0,2,2,1,0
29,23 Nov 2025,,1al4jq2l4mkefxzf7iqmiledw,Guillermo Cuadra Fernández,Getafe CF,Club Atlético de Madrid,A. Griezmann,0,2,1,2,0,2,0,3,27,0,0,4,1,1,0
29,23 Nov 2025,,1al4jq2l4mkefxzf7iqmiledw,Guillermo Cuadra Fernández,Getafe CF,Club Atlético de Madrid,G. Raspadori,0,0,1,0,0,0,0,0,17,0,0,1,1,0,0
29,23 Nov 2025,,1al4jq2l4mkefxzf7iqmiledw,Guillermo Cuadra Fernández,Getafe CF,Club Atlético de Madrid,A. Sørloth,0,0,0,0,0,0,0,1,7,0,0,0,0,1,0
29,23 Nov 2025,,1al4jq2l4mkefxzf7iqmiledw,Guillermo Cuadra Fernández,Getafe CF,Club Atlético de Madrid,D. Hancko,0,0,0,0,0,0,0,0,12,0,0,0,0,0,0
29,23 Nov 2025,,1al4jq2l4mkefxzf7iqmiledw,Guillermo Cuadra Fernández,Getafe CF,Club Atlético de Madrid,C. Gallagher,0,0,0,0,1,0,0,0,15,0,0,0,0,3,0
30,21 Nov 2025,,1ayj7qyruvkyprfzr6plov4t0,Alejandro Muñíz Ruiz,Valencia CF,Levante UD,César Tárrega,0,0,0,0,4,0,0,0,77,0,0,0,0,2,0
30,21 Nov 2025,,1ayj7qyruvkyprfzr6plov4t0,Alejandro Muñíz Ruiz,Valencia CF,Levante UD,A. Danjuma,0,0,1,2,0,0,0,0,17,0,0,1,0,0,0
30,21 Nov 2025,,1ayj7qyruvkyprfzr6plov4t0,Alejandro Muñíz Ruiz,Valencia CF,Levante UD,Pepelu,0,0,0,0,1,2,0,0,71,0,0,1,0,2,0
30,21 Nov 2025,,1ayj7qyruvkyprfzr6plov4t0,Alejandro Muñíz Ruiz,Valencia CF,Levante UD,Diego López,0,1,1,5,1,1,0,0,35,0,0,1,0,2,0
30,21 Nov 2025,,1ayj7qyruvkyprfzr6plov4t0,Alejandro Muñíz Ruiz,Valencia CF,Levante UD,Julen Agirrezabala,0,0,0,0,0,0,0,0,27,0,0,0,0,0,0
30,21 Nov 2025,,1ayj7qyruvkyprfzr6plov4t0,Alejandro Muñíz Ruiz,Valencia CF,Levante UD,Javi Guerra,0,2,1,2,1,1,0,0,68,0,0,2,0,1,0
30,21 Nov 2025,,1ayj7qyruvkyprfzr6plov4t0,Alejandro Muñíz Ruiz,Valencia CF,Levante UD,Thierry Correia,0,1,1,3,3,2,0,0,44,0,0,1,0,3,1
30,21 Nov 2025,,1ayj7qyruvkyprfzr6plov4t0,Alejandro Muñíz Ruiz,Valencia CF,Levante UD,Copete,0,0,0,0,2,3,0,1,63,0,0,0,0,1,1
30,21 Nov 2025,,1ayj7qyruvkyprfzr6plov4t0,Alejandro Muñíz Ruiz,Valencia CF,Levante UD,José Gayà,1,1,2,7,1,0,0,0,39,0,0,3,0,2,1
30,21 Nov 2025,,1ayj7qyruvkyprfzr6plov4t0,Alejandro Muñíz Ruiz,Valencia CF,Levante UD,André Almeida,0,0,0,10,1,3,0,0,42,0,0,0,0,4,0
30,21 Nov 2025,,1ayj7qyruvkyprfzr6plov4t0,Alejandro Muñíz Ruiz,Valencia CF,Levante UD,L. Beltrán,0,0,1,1,1,1,0,1,10,0,0,2,1,0,0
30,21 Nov 2025,,1ayj7qyruvkyprfzr6plov4t0,Alejandro Muñíz Ruiz,Valencia CF,Levante UD,Hugo Duro,0,0,0,0,0,1,1,0,10,0,0,2,2,0,1
30,21 Nov 2025,,1ayj7qyruvkyprfzr6plov4t0,Alejandro Muñíz Ruiz,Valencia CF,Levante UD,Luis Rioja,0,1,0,0,1,1,0,0,12,0,0,1,0,0,0
30,21 Nov 2025,,1ayj7qyruvkyprfzr6plov4t0,Alejandro Muñíz Ruiz,Valencia CF,Levante UD,B. Santamaría,0,0,0,0,0,0,0,0,5,0,0,0,0,0,0
30,21 Nov 2025,,1ayj7qyruvkyprfzr6plov4t0,Alejandro Muñíz Ruiz,Valencia CF,Levante UD,D. Foulquier,0,0,0,0,0,0,0,0,3,0,0,0,0,0,0
30,21 Nov 2025,,1ayj7qyruvkyprfzr6plov4t0,Alejandro Muñíz Ruiz,Valencia CF,Levante UD,Dani Raba,0,0,0,0,0,0,0,0,2,0,0,0,0,0,0
30,21 Nov 2025,,1ayj7qyruvkyprfzr6plov4t0,Alejandro Muñíz Ruiz,Valencia CF,Levante UD,Carlos Álvarez,0,1,0,2,1,4,0,0,37,0,0,2,0,0,1
30,21 Nov 2025,,1ayj7qyruvkyprfzr6plov4t0,Alejandro Muñíz Ruiz,Valencia CF,Levante UD,Oriol Rey,0,0,0,0,1,0,0,0,40,0,0,2,0,1,1
30,21 Nov 2025,,1ayj7qyruvkyprfzr6plov4t0,Alejandro Muñíz Ruiz,Valencia CF,Levante UD,Adrián de la Fuente,0,0,0,0,1,0,0,0,52,0,0,0,0,1,0
30,21 Nov 2025,,1ayj7qyruvkyprfzr6plov4t0,Alejandro Muñíz Ruiz,Valencia CF,Levante UD,Unai Elgezabal,0,0,0,0,3,1,0,0,25,0,0,0,0,1,0
30,21 Nov 2025,,1ayj7qyruvkyprfzr6plov4t0,Alejandro Muñíz Ruiz,Valencia CF,Levante UD,J. Toljan,0,0,0,1,0,0,0,0,23,0,0,0,0,0,0
30,21 Nov 2025,,1ayj7qyruvkyprfzr6plov4t0,Alejandro Muñíz Ruiz,Valencia CF,Levante UD,Manu Sánchez,0,0,0,2,0,3,0,0,30,0,0,0,0,3,0
30,21 Nov 2025,,1ayj7qyruvkyprfzr6plov4t0,Alejandro Muñíz Ruiz,Valencia CF,Levante UD,Iván Romero,0,0,0,0,2,6,0,0,16,0,0,0,0,2,0
30,21 Nov 2025,,1ayj7qyruvkyprfzr6plov4t0,Alejandro Muñíz Ruiz,Valencia CF,Levante UD,M. Moreno,0,0,0,0,1,0,0,0,35,0,0,0,0,1,1
30,21 Nov 2025,,1ayj7qyruvkyprfzr6plov4t0,Alejandro Muñíz Ruiz,Valencia CF,Levante UD,M. Ryan,0,0,0,0,0,0,0,0,33,0,2,0,0,0,0
30,21 Nov 2025,,1ayj7qyruvkyprfzr6plov4t0,Alejandro Muñíz Ruiz,Valencia CF,Levante UD,E. Eyong,0,0,0,0,1,2,0,0,9,0,0,1,0,0,0
30,21 Nov 2025,,1ayj7qyruvkyprfzr6plov4t0,Alejandro Muñíz Ruiz,Valencia CF,Levante UD,Unai Vencedor,0,0,0,2,4,0,0,0,38,0,0,0,0,1,0
30,21 Nov 2025,,1ayj7qyruvkyprfzr6plov4t0,Alejandro Muñíz Ruiz,Valencia CF,Levante UD,K. Arriaga,0,0,0,0,1,0,0,0,12,0,0,0,0,1,0
30,21 Nov 2025,,1ayj7qyruvkyprfzr6plov4t0,Alejandro Muñíz Ruiz,Valencia CF,Levante UD,G. Koyalipou,0,0,0,0,0,0,0,0,5,0,0,1,0,1,0
30,21 Nov 2025,,1ayj7qyruvkyprfzr6plov4t0,Alejandro Muñíz Ruiz,Valencia CF,Levante UD,Roger Brugué,0,0,0,1,0,0,0,0,2,0,0,0,0,1,0
30,21 Nov 2025,,1ayj7qyruvkyprfzr6plov4t0,Alejandro Muñíz Ruiz,Valencia CF,Levante UD,Jon Olasagasti,0,0,0,1,0,0,0,0,14,0,0,0,0,1,1
30,21 Nov 2025,,1ayj7qyruvkyprfzr6plov4t0,Alejandro Muñíz Ruiz,Valencia CF,Levante UD,José Luis Morales,0,0,0,0,0,0,0,0,1,0,0,1,0,0,0
31,22 Nov 2025,,1bbwtdnimi7tbl6aatezlnwno,José Luis Guzmán Mansilla,Villarreal CF,Real Club Deportivo Mallorca,Gerard Moreno,0,1,2,0,1,0,1,0,27,0,0,2,1,1,0
31,22 Nov 2025,,1bbwtdnimi7tbl6aatezlnwno,José Luis Guzmán Mansilla,Villarreal CF,Real Club Deportivo Mallorca,Luíz Júnior,0,0,0,0,0,0,0,0,12,0,2,0,0,0,1
31,22 Nov 2025,,1bbwtdnimi7tbl6aatezlnwno,José Luis Guzmán Mansilla,Villarreal CF,Real Club Deportivo Mallorca,Ayoze Pérez,1,1,0,0,0,0,0,0,14,0,0,2,0,0,0
31,22 Nov 2025,,1bbwtdnimi7tbl6aatezlnwno,José Luis Guzmán Mansilla,Villarreal CF,Real Club Deportivo Mallorca,Renato Veiga,0,0,0,1,1,0,0,0,67,0,0,0,0,0,0
31,22 Nov 2025,,1bbwtdnimi7tbl6aatezlnwno,José Luis Guzmán Mansilla,Villarreal CF,Real Club Deportivo Mallorca,Alfonso Pedraza,0,0,0,5,1,2,0,1,34,0,0,0,0,1,0
31,22 Nov 2025,,1bbwtdnimi7tbl6aatezlnwno,José Luis Guzmán Mansilla,Villarreal CF,Real Club Deportivo Mallorca,Alberto Moleiro,0,0,0,1,2,1,0,1,13,0,0,2,2,0,0
31,22 Nov 2025,,1bbwtdnimi7tbl6aatezlnwno,José Luis Guzmán Mansilla,Villarreal CF,Real Club Deportivo Mallorca,Pau Navarro,0,0,0,0,4,0,0,0,72,0,0,0,0,4,0
31,22 Nov 2025,,1bbwtdnimi7tbl6aatezlnwno,José Luis Guzmán Mansilla,Villarreal CF,Real Club Deportivo Mallorca,Santi Comesaña,0,0,1,1,3,1,0,0,57,0,0,3,2,2,0
31,22 Nov 2025,,1bbwtdnimi7tbl6aatezlnwno,José Luis Guzmán Mansilla,Villarreal CF,Real Club Deportivo Mallorca,Rafa Marín,0,0,0,0,0,0,0,0,99,0,0,0,0,2,0
31,22 Nov 2025,,1bbwtdnimi7tbl6aatezlnwno,José Luis Guzmán Mansilla,Villarreal CF,Real Club Deportivo Mallorca,T. Partey,0,0,0,1,1,1,0,0,38,0,0,0,0,1,0
31,22 Nov 2025,,1bbwtdnimi7tbl6aatezlnwno,José Luis Guzmán Mansilla,Villarreal CF,Real Club Deportivo Mallorca,N. Pépé,0,0,0,2,1,1,0,1,37,0,0,1,0,5,0
31,22 Nov 2025,,1bbwtdnimi7tbl6aatezlnwno,José Luis Guzmán Mansilla,Villarreal CF,Real Club Deportivo Mallorca,P. Gueye,0,1,0,0,2,0,0,0,18,0,0,1,0,0,0
31,22 Nov 2025,,1bbwtdnimi7tbl6aatezlnwno,José Luis Guzmán Mansilla,Villarreal CF,Real Club Deportivo Mallorca,G. Mikautadze,0,0,0,0,0,1,0,0,8,0,0,2,1,0,0
31,22 Nov 2025,,1bbwtdnimi7tbl6aatezlnwno,José Luis Guzmán Mansilla,Villarreal CF,Real Club Deportivo Mallorca,T. Oluwaseyi,0,0,0,1,1,1,1,0,4,0,0,1,1,0,0
31,22 Nov 2025,,1bbwtdnimi7tbl6aatezlnwno,José Luis Guzmán Mansilla,Villarreal CF,Real Club Deportivo Mallorca,M. Solomon,0,0,0,0,0,0,0,0,8,0,0,0,0,1,0
31,22 Nov 2025,,1bbwtdnimi7tbl6aatezlnwno,José Luis Guzmán Mansilla,Villarreal CF,Real Club Deportivo Mallorca,T. Buchanan,0,0,0,0,0,0,0,0,8,0,0,0,0,0,1
31,22 Nov 2025,,1bbwtdnimi7tbl6aatezlnwno,José Luis Guzmán Mansilla,Villarreal CF,Real Club Deportivo Mallorca,M. Valjent,0,0,0,0,1,1,0,0,34,0,0,0,0,2,0
31,22 Nov 2025,,1bbwtdnimi7tbl6aatezlnwno,José Luis Guzmán Mansilla,Villarreal CF,Real Club Deportivo Mallorca,Pablo Torre,1,1,0,0,1,4,0,0,20,0,0,2,1,2,0
31,22 Nov 2025,,1bbwtdnimi7tbl6aatezlnwno,José Luis Guzmán Mansilla,Villarreal CF,Real Club Deportivo Mallorca,Antonio Sánchez,0,0,0,1,1,1,0,0,27,0,0,1,0,0,0
31,22 Nov 2025,,1bbwtdnimi7tbl6aatezlnwno,José Luis Guzmán Mansilla,Villarreal CF,Real Club Deportivo Mallorca,Pablo Maffeo,0,0,0,1,1,1,0,0,29,0,0,0,0,1,0
31,22 Nov 2025,,1bbwtdnimi7tbl6aatezlnwno,José Luis Guzmán Mansilla,Villarreal CF,Real Club Deportivo Mallorca,Samú Costa,0,0,1,1,2,4,1,0,43,0,0,1,1,0,0
31,22 Nov 2025,,1bbwtdnimi7tbl6aatezlnwno,José Luis Guzmán Mansilla,Villarreal CF,Real Club Deportivo Mallorca,Antonio Raíllo,0,0,0,0,0,0,0,0,41,0,0,0,0,1,0
31,22 Nov 2025,,1bbwtdnimi7tbl6aatezlnwno,José Luis Guzmán Mansilla,Villarreal CF,Real Club Deportivo Mallorca,J. Mojica,0,0,0,2,0,2,0,0,46,0,0,1,0,2,1
31,22 Nov 2025,,1bbwtdnimi7tbl6aatezlnwno,José Luis Guzmán Mansilla,Villarreal CF,Real Club Deportivo Mallorca,Jan Virgili,0,1,0,1,0,3,0,0,20,0,0,1,0,0,0
31,22 Nov 2025,,1bbwtdnimi7tbl6aatezlnwno,José Luis Guzmán Mansilla,Villarreal CF,Real Club Deportivo Mallorca,Omar Mascarell,0,0,0,0,1,0,0,0,20,0,0,0,0,0,0
31,22 Nov 2025,,1bbwtdnimi7tbl6aatezlnwno,José Luis Guzmán Mansilla,Villarreal CF,Real Club Deportivo Mallorca,Mateo Joseph,0,0,0,0,1,0,0,1,16,0,0,1,1,0,0
31,22 Nov 2025,,1bbwtdnimi7tbl6aatezlnwno,José Luis Guzmán Mansilla,Villarreal CF,Real Club Deportivo Mallorca,L. Bergström,0,0,0,0,0,0,0,0,40,0,5,0,0,0,1
31,22 Nov 2025,,1bbwtdnimi7tbl6aatezlnwno,José Luis Guzmán Mansilla,Villarreal CF,Real Club Deportivo Mallorca,Sergi Darder,0,0,0,2,0,0,0,0,19,0,0,0,0,0,0
31,22 Nov 2025,,1bbwtdnimi7tbl6aatezlnwno,José Luis Guzmán Mansilla,Villarreal CF,Real Club Deportivo Mallorca,V. Muriqi,0,0,0,0,0,1,0,0,6,0,0,1,0,0,0
31,22 Nov 2025,,1bbwtdnimi7tbl6aatezlnwno,José Luis Guzmán Mansilla,Villarreal CF,Real Club Deportivo Mallorca,Manu Morlanes,0,0,0,0,0,0,0,0,6,0,0,0,0,1,0
31,22 Nov 2025,,1bbwtdnimi7tbl6aatezlnwno,José Luis Guzmán Mansilla,Villarreal CF,Real Club Deportivo Mallorca,T. Asano,0,0,0,0,0,0,0,0,2,0,0,1,0,1,0
31,22 Nov 2025,,1bbwtdnimi7tbl6aatezlnwno,José Luis Guzmán Mansilla,Villarreal CF,Real Club Deportivo Mallorca,Javi Llabrés,0,0,0,1,0,0,0,0,3,0,0,0,0,1,0
32,22 Nov 2025,,1bpdzkqykdmb75z4uarby311w,Juan Martínez Munuera,Deportivo Alavés,Real Club Celta de Vigo,Antonio Blanco,0,0,2,2,1,0,0,0,65,0,0,0,0,3,0
32,22 Nov 2025,,1bpdzkqykdmb75z4uarby311w,Juan Martínez Munuera,Deportivo Alavés,Real Club Celta de Vigo,Antonio Sivera,0,0,0,0,1,0,0,0,27,0,3,0,0,0,0
32,22 Nov 2025,,1bpdzkqykdmb75z4uarby311w,Juan Martínez Munuera,Deportivo Alavés,Real Club Celta de Vigo,Toni Martínez,0,0,0,2,2,2,0,2,25,0,0,1,0,0,0
32,22 Nov 2025,,1bpdzkqykdmb75z4uarby311w,Juan Martínez Munuera,Deportivo Alavés,Real Club Celta de Vigo,Carlos Vicente,0,0,0,7,0,1,0,1,21,0,0,0,0,2,0
32,22 Nov 2025,,1bpdzkqykdmb75z4uarby311w,Juan Martínez Munuera,Deportivo Alavés,Real Club Celta de Vigo,Denis Suárez,0,0,1,3,2,2,0,0,65,0,0,0,0,0,0
32,22 Nov 2025,,1bpdzkqykdmb75z4uarby311w,Juan Martínez Munuera,Deportivo Alavés,Real Club Celta de Vigo,Jonny,0,0,0,2,1,2,0,0,44,0,0,0,0,1,1
32,22 Nov 2025,,1bpdzkqykdmb75z4uarby311w,Juan Martínez Munuera,Deportivo Alavés,Real Club Celta de Vigo,N. Tenaglia,0,0,0,1,1,2,0,0,65,0,0,1,0,2,0
32,22 Nov 2025,,1bpdzkqykdmb75z4uarby311w,Juan Martínez Munuera,Deportivo Alavés,Real Club Celta de Vigo,Jon Pacheco,0,0,0,0,2,0,0,0,67,0,0,0,0,0,1
32,22 Nov 2025,,1bpdzkqykdmb75z4uarby311w,Juan Martínez Munuera,Deportivo Alavés,Real Club Celta de Vigo,Y. Enríquez,0,0,1,5,3,0,0,0,51,0,0,0,0,0,0
32,22 Nov 2025,,1bpdzkqykdmb75z4uarby311w,Juan Martínez Munuera,Deportivo Alavés,Real Club Celta de Vigo,Carles Aleñá,0,0,0,1,0,2,0,0,27,0,0,1,1,1,0
32,22 Nov 2025,,1bpdzkqykdmb75z4uarby311w,Juan Martínez Munuera,Deportivo Alavés,Real Club Celta de Vigo,L. Boyé,0,0,0,0,4,2,0,1,17,0,0,1,0,0,0
32,22 Nov 2025,,1bpdzkqykdmb75z4uarby311w,Juan Martínez Munuera,Deportivo Alavés,Real Club Celta de Vigo,Pablo Ibáñez,0,0,0,2,3,0,0,0,18,0,0,0,0,1,0
32,22 Nov 2025,,1bpdzkqykdmb75z4uarby311w,Juan Martínez Munuera,Deportivo Alavés,Real Club Celta de Vigo,A. Rebbach,0,0,0,2,0,1,0,0,9,0,0,0,0,2,0
32,22 Nov 2025,,1bpdzkqykdmb75z4uarby311w,Juan Martínez Munuera,Deportivo Alavés,Real Club Celta de Vigo,Ander Guevara,0,0,0,0,0,0,0,0,7,0,0,0,0,0,0
32,22 Nov 2025,,1bpdzkqykdmb75z4uarby311w,Juan Martínez Munuera,Deportivo Alavés,Real Club Celta de Vigo,M. Díaz,0,0,0,1,1,0,0,0,0,0,0,1,1,0,0
32,22 Nov 2025,,1bpdzkqykdmb75z4uarby311w,Juan Martínez Munuera,Deportivo Alavés,Real Club Celta de Vigo,Jon Guridi,0,0,0,0,0,0,0,0,2,0,0,0,0,0,0
32,22 Nov 2025,,1bpdzkqykdmb75z4uarby311w,Juan Martínez Munuera,Deportivo Alavés,Real Club Celta de Vigo,I. Moriba,0,0,0,0,0,4,0,0,35,0,0,2,1,4,0
32,22 Nov 2025,,1bpdzkqykdmb75z4uarby311w,Juan Martínez Munuera,Deportivo Alavés,Real Club Celta de Vigo,Marcos Alonso,0,0,0,0,1,2,0,0,68,0,0,0,0,2,0
32,22 Nov 2025,,1bpdzkqykdmb75z4uarby311w,Juan Martínez Munuera,Deportivo Alavés,Real Club Celta de Vigo,Javi Rodríguez,0,0,0,0,2,3,0,0,55,0,0,0,0,2,1
32,22 Nov 2025,,1bpdzkqykdmb75z4uarby311w,Juan Martínez Munuera,Deportivo Alavés,Real Club Celta de Vigo,I. Radu,0,0,0,0,0,0,0,0,33,0,2,0,0,0,0
32,22 Nov 2025,,1bpdzkqykdmb75z4uarby311w,Juan Martínez Munuera,Deportivo Alavés,Real Club Celta de Vigo,Pablo Durán,0,0,0,0,2,2,0,0,13,0,0,1,1,1,0
32,22 Nov 2025,,1bpdzkqykdmb75z4uarby311w,Juan Martínez Munuera,Deportivo Alavés,Real Club Celta de Vigo,Javi Rueda,0,0,1,1,3,1,0,0,18,0,0,0,0,2,1
32,22 Nov 2025,,1bpdzkqykdmb75z4uarby311w,Juan Martínez Munuera,Deportivo Alavés,Real Club Celta de Vigo,Fran Beltrán,0,0,0,0,4,1,0,0,58,0,0,0,0,0,0
32,22 Nov 2025,,1bpdzkqykdmb75z4uarby311w,Juan Martínez Munuera,Deportivo Alavés,Real Club Celta de Vigo,Sergio Carreira,0,0,0,0,0,3,0,0,64,0,0,0,0,3,0
32,22 Nov 2025,,1bpdzkqykdmb75z4uarby311w,Juan Martínez Munuera,Deportivo Alavés,Real Club Celta de Vigo,Bryan Zaragoza,0,0,0,1,2,1,0,1,30,0,0,0,0,0,0
32,22 Nov 2025,,1bpdzkqykdmb75z4uarby311w,Juan Martínez Munuera,Deportivo Alavés,Real Club Celta de Vigo,Iago Aspas,0,0,0,1,0,2,1,0,32,0,0,1,1,2,0
32,22 Nov 2025,,1bpdzkqykdmb75z4uarby311w,Juan Martínez Munuera,Deportivo Alavés,Real Club Celta de Vigo,C. Starfelt,0,0,0,0,1,0,0,0,48,0,0,0,0,2,0
32,22 Nov 2025,,1bpdzkqykdmb75z4uarby311w,Juan Martínez Munuera,Deportivo Alavés,Real Club Celta de Vigo,Miguel Román,0,0,0,0,0,0,0,0,8,0,0,1,0,2,0
32,22 Nov 2025,,1bpdzkqykdmb75z4uarby311w,Juan Martínez Munuera,Deportivo Alavés,Real Club Celta de Vigo,Borja Iglesias,0,0,0,0,0,0,0,0,15,0,0,0,0,1,0
32,22 Nov 2025,,1bpdzkqykdmb75z4uarby311w,Juan Martínez Munuera,Deportivo Alavés,Real Club Celta de Vigo,Óscar Mingueza,0,0,0,2,0,0,0,0,13,0,0,0,0,3,0
32,22 Nov 2025,,1bpdzkqykdmb75z4uarby311w,Juan Martínez Munuera,Deportivo Alavés,Real Club Celta de Vigo,J. Aidoo,0,0,0,0,0,0,0,0,5,0,0,0,0,0,0
32,22 Nov 2025,,1bpdzkqykdmb75z4uarby311w,Juan Martínez Munuera,Deportivo Alavés,Real Club Celta de Vigo,J. El Abdellaoui,0,1,1,1,0,0,0,1,4,0,0,2,1,0,0
33,15 Aug 2025,,1f9e25njwyjk6ruheatqgglw,Javier Alberola Rojas,Girona FC,Rayo Vallecano de Madrid,V. Tsygankov,1,0,0,2,2,3,0,0,28,0,0,0,0,2,0
33,15 Aug 2025,,1f9e25njwyjk6ruheatqgglw,Javier Alberola Rojas,Girona FC,Rayo Vallecano de Madrid,D. Blind,0,0,0,0,0,0,0,0,27,0,0,0,0,3,0
33,15 Aug 2025,,1f9e25njwyjk6ruheatqgglw,Javier Alberola Rojas,Girona FC,Rayo Vallecano de Madrid,L. Krejčí,0,0,0,0,1,0,0,0,42,0,0,1,0,0,0
33,15 Aug 2025,,1f9e25njwyjk6ruheatqgglw,Javier Alberola Rojas,Girona FC,Rayo Vallecano de Madrid,David López,0,0,0,0,1,0,0,1,76,0,0,0,0,1,0
33,15 Aug 2025,,1f9e25njwyjk6ruheatqgglw,Javier Alberola Rojas,Girona FC,Rayo Vallecano de Madrid,Arnau Martínez,0,0,0,2,0,1,0,0,34,0,0,0,0,1,0
33,15 Aug 2025,,1f9e25njwyjk6ruheatqgglw,Javier Alberola Rojas,Girona FC,Rayo Vallecano de Madrid,J. Solís,0,0,0,0,0,1,0,0,33,0,0,0,0,1,0
33,15 Aug 2025,,1f9e25njwyjk6ruheatqgglw,Javier Alberola Rojas,Girona FC,Rayo Vallecano de Madrid,Y. Herrera,0,0,0,2,1,3,0,0,18,0,0,1,0,0,0
33,15 Aug 2025,,1f9e25njwyjk6ruheatqgglw,Javier Alberola Rojas,Girona FC,Rayo Vallecano de Madrid,Y. Asprilla,0,1,0,1,0,1,0,0,7,0,0,1,0,1,0
33,15 Aug 2025,,1f9e25njwyjk6ruheatqgglw,Javier Alberola Rojas,Girona FC,Rayo Vallecano de Madrid,Joel Roca,0,0,1,1,1,2,1,0,14,0,0,1,1,3,0
33,15 Aug 2025,,1f9e25njwyjk6ruheatqgglw,Javier Alberola Rojas,Girona FC,Rayo Vallecano de Madrid,P. Gazzaniga,0,0,0,0,1,0,0,0,16,1,0,0,0,0,0
33,15 Aug 2025,,1f9e25njwyjk6ruheatqgglw,Javier Alberola Rojas,Girona FC,Rayo Vallecano de Madrid,B. Miovski,0,0,0,0,0,0,0,0,3,0,0,0,0,0,0
33,15 Aug 2025,,1f9e25njwyjk6ruheatqgglw,Javier Alberola Rojas,Girona FC,Rayo Vallecano de Madrid,Vladyslav Krapyvtsov,0,0,0,0,0,1,0,0,23,0,2,0,0,0,0
33,15 Aug 2025,,1f9e25njwyjk6ruheatqgglw,Javier Alberola Rojas,Girona FC,Rayo Vallecano de Madrid,Portu,0,1,1,2,0,1,0,0,8,0,0,1,0,0,0
33,15 Aug 2025,,1f9e25njwyjk6ruheatqgglw,Javier Alberola Rojas,Girona FC,Rayo Vallecano de Madrid,Hugo Rincón,0,0,0,1,1,1,0,0,12,0,0,0,0,0,0
33,15 Aug 2025,,1f9e25njwyjk6ruheatqgglw,Javier Alberola Rojas,Girona FC,Rayo Vallecano de Madrid,Vitor Reis,0,0,0,0,0,1,0,0,20,0,0,0,0,0,0
33,15 Aug 2025,,1f9e25njwyjk6ruheatqgglw,Javier Alberola Rojas,Girona FC,Rayo Vallecano de Madrid,T. Lemar,0,1,0,1,0,1,0,0,21,0,0,2,1,1,0
33,15 Aug 2025,,1f9e25njwyjk6ruheatqgglw,Javier Alberola Rojas,Girona FC,Rayo Vallecano de Madrid,Jorge de Frutos,1,0,0,0,4,2,1,0,7,0,0,2,1,1,0
33,15 Aug 2025,,1f9e25njwyjk6ruheatqgglw,Javier Alberola Rojas,Girona FC,Rayo Vallecano de Madrid,Unai López,0,0,1,0,2,0,0,0,61,0,0,1,0,3,0
33,15 Aug 2025,,1f9e25njwyjk6ruheatqgglw,Javier Alberola Rojas,Girona FC,Rayo Vallecano de Madrid,P. Ciss,0,0,1,0,2,0,0,1,50,0,0,2,2,6,0
33,15 Aug 2025,,1f9e25njwyjk6ruheatqgglw,Javier Alberola Rojas,Girona FC,Rayo Vallecano de Madrid,Luiz Felipe,0,0,0,0,1,0,0,0,31,0,0,0,0,1,1
33,15 Aug 2025,,1f9e25njwyjk6ruheatqgglw,Javier Alberola Rojas,Girona FC,Rayo Vallecano de Madrid,Pep Chavarría,0,1,0,3,1,3,0,0,51,0,0,2,0,2,0
33,15 Aug 2025,,1f9e25njwyjk6ruheatqgglw,Javier Alberola Rojas,Girona FC,Rayo Vallecano de Madrid,Álvaro García,0,0,1,2,0,0,1,0,12,0,0,1,1,1,0
33,15 Aug 2025,,1f9e25njwyjk6ruheatqgglw,Javier Alberola Rojas,Girona FC,Rayo Vallecano de Madrid,Pedro Díaz,0,0,0,1,0,0,0,0,20,0,0,2,0,2,0
33,15 Aug 2025,,1f9e25njwyjk6ruheatqgglw,Javier Alberola Rojas,Girona FC,Rayo Vallecano de Madrid,A. Rațiu,0,0,1,3,1,1,0,0,56,0,0,0,0,5,0
33,15 Aug 2025,,1f9e25njwyjk6ruheatqgglw,Javier Alberola Rojas,Girona FC,Rayo Vallecano de Madrid,F. Lejeune,0,0,0,0,3,0,0,0,68,0,0,2,0,1,0
33,15 Aug 2025,,1f9e25njwyjk6ruheatqgglw,Javier Alberola Rojas,Girona FC,Rayo Vallecano de Madrid,Isi Palazón,0,0,0,5,0,1,1,0,42,0,0,2,1,1,0
33,15 Aug 2025,,1f9e25njwyjk6ruheatqgglw,Javier Alberola Rojas,Girona FC,Rayo Vallecano de Madrid,A. Batalla,0,0,0,0,0,0,0,0,21,0,1,0,0,0,0
33,15 Aug 2025,,1f9e25njwyjk6ruheatqgglw,Javier Alberola Rojas,Girona FC,Rayo Vallecano de Madrid,Pelayo Fernández,0,0,0,0,1,0,0,0,35,0,0,1,0,1,0
33,15 Aug 2025,,1f9e25njwyjk6ruheatqgglw,Javier Alberola Rojas,Girona FC,Rayo Vallecano de Madrid,Gerard Gumbau,0,0,0,0,2,0,0,0,12,0,0,0,0,0,0
33,15 Aug 2025,,1f9e25njwyjk6ruheatqgglw,Javier Alberola Rojas,Girona FC,Rayo Vallecano de Madrid,Randy Nteka,0,0,0,0,0,1,0,0,1,0,0,0,0,2,0
33,15 Aug 2025,,1f9e25njwyjk6ruheatqgglw,Javier Alberola Rojas,Girona FC,Rayo Vallecano de Madrid,P. Espino,0,0,0,1,0,0,0,0,10,0,0,0,0,0,0
33,15 Aug 2025,,1f9e25njwyjk6ruheatqgglw,Javier Alberola Rojas,Girona FC,Rayo Vallecano de Madrid,Óscar Valentín,0,0,0,0,0,0,0,0,4,0,0,1,0,1,0
34,17 Aug 2025,,1wwdsnnj2m9ewz1d1mgt7y8k,Mateo Busquets Ferrer,Reial Club Deportiu Espanyol de Barcelona,Club Atlético de Madrid,Javi Puado,0,0,0,5,1,2,0,0,31,0,0,1,1,0,0
34,17 Aug 2025,,1wwdsnnj2m9ewz1d1mgt7y8k,Mateo Busquets Ferrer,Reial Club Deportiu Espanyol de Barcelona,Club Atlético de Madrid,L. Cabrera,0,0,0,0,2,1,0,0,39,0,0,1,1,1,0
34,17 Aug 2025,,1wwdsnnj2m9ewz1d1mgt7y8k,Mateo Busquets Ferrer,Reial Club Deportiu Espanyol de Barcelona,Club Atlético de Madrid,M. Dmitrović,0,0,0,0,0,0,0,0,33,0,3,0,0,0,0
34,17 Aug 2025,,1wwdsnnj2m9ewz1d1mgt7y8k,Mateo Busquets Ferrer,Reial Club Deportiu Espanyol de Barcelona,Club Atlético de Madrid,Fernando Calero,0,0,0,0,1,0,0,0,65,0,0,0,0,0,1
34,17 Aug 2025,,1wwdsnnj2m9ewz1d1mgt7y8k,Mateo Busquets Ferrer,Reial Club Deportiu Espanyol de Barcelona,Club Atlético de Madrid,Roberto Fernández,0,0,0,0,0,1,0,0,10,0,0,1,1,1,0
34,17 Aug 2025,,1wwdsnnj2m9ewz1d1mgt7y8k,Mateo Busquets Ferrer,Reial Club Deportiu Espanyol de Barcelona,Club Atlético de Madrid,Edu Expósito,1,0,0,6,0,0,0,0,38,0,0,1,0,1,0
34,17 Aug 2025,,1wwdsnnj2m9ewz1d1mgt7y8k,Mateo Busquets Ferrer,Reial Club Deportiu Espanyol de Barcelona,Club Atlético de Madrid,Carlos Romero,0,0,1,3,1,0,0,0,27,0,0,1,0,3,0
34,17 Aug 2025,,1wwdsnnj2m9ewz1d1mgt7y8k,Mateo Busquets Ferrer,Reial Club Deportiu Espanyol de Barcelona,Club Atlético de Madrid,Pol Lozano,0,0,0,2,3,0,0,0,39,0,0,0,0,1,0
34,17 Aug 2025,,1wwdsnnj2m9ewz1d1mgt7y8k,Mateo Busquets Ferrer,Reial Club Deportiu Espanyol de Barcelona,Club Atlético de Madrid,O. El Hilali,1,0,0,4,2,0,0,0,59,0,0,0,0,1,1
34,17 Aug 2025,,1wwdsnnj2m9ewz1d1mgt7y8k,Mateo Busquets Ferrer,Reial Club Deportiu Espanyol de Barcelona,Club Atlético de Madrid,Ramon Terrats,0,0,0,0,1,1,0,0,8,0,0,0,0,1,0
34,17 Aug 2025,,1wwdsnnj2m9ewz1d1mgt7y8k,Mateo Busquets Ferrer,Reial Club Deportiu Espanyol de Barcelona,Club Atlético de Madrid,Jofre Carreras,0,0,0,0,1,1,0,0,7,0,0,0,0,0,0
34,17 Aug 2025,,1wwdsnnj2m9ewz1d1mgt7y8k,Mateo Busquets Ferrer,Reial Club Deportiu Espanyol de Barcelona,Club Atlético de Madrid,Kike García,0,0,0,0,1,2,0,0,10,0,0,1,0,0,0
34,17 Aug 2025,,1wwdsnnj2m9ewz1d1mgt7y8k,Mateo Busquets Ferrer,Reial Club Deportiu Espanyol de Barcelona,Club Atlético de Madrid,T. Dolan,0,0,0,4,0,1,0,0,7,0,0,0,0,0,0
34,17 Aug 2025,,1wwdsnnj2m9ewz1d1mgt7y8k,Mateo Busquets Ferrer,Reial Club Deportiu Espanyol de Barcelona,Club Atlético de Madrid,Miguel Rubio,0,0,0,0,0,0,1,0,12,0,0,1,1,0,0
34,17 Aug 2025,,1wwdsnnj2m9ewz1d1mgt7y8k,Mateo Busquets Ferrer,Reial Club Deportiu Espanyol de Barcelona,Club Atlético de Madrid,Pere Milla,0,0,0,0,0,1,1,0,6,0,0,2,1,1,0
34,17 Aug 2025,,1wwdsnnj2m9ewz1d1mgt7y8k,Mateo Busquets Ferrer,Reial Club Deportiu Espanyol de Barcelona,Club Atlético de Madrid,José Salinas,0,0,0,0,1,0,0,0,3,0,0,0,0,0,1
34,17 Aug 2025,,1wwdsnnj2m9ewz1d1mgt7y8k,Mateo Busquets Ferrer,Reial Club Deportiu Espanyol de Barcelona,Club Atlético de Madrid,J. Alvarez,0,1,0,0,1,0,1,0,42,0,0,5,3,0,0
34,17 Aug 2025,,1wwdsnnj2m9ewz1d1mgt7y8k,Mateo Busquets Ferrer,Reial Club Deportiu Espanyol de Barcelona,Club Atlético de Madrid,J. Cardoso,0,0,0,0,1,1,0,0,40,0,0,1,0,2,1
34,17 Aug 2025,,1wwdsnnj2m9ewz1d1mgt7y8k,Mateo Busquets Ferrer,Reial Club Deportiu Espanyol de Barcelona,Club Atlético de Madrid,D. Hancko,0,0,0,0,0,0,0,0,65,0,0,1,1,0,0
34,17 Aug 2025,,1wwdsnnj2m9ewz1d1mgt7y8k,Mateo Busquets Ferrer,Reial Club Deportiu Espanyol de Barcelona,Club Atlético de Madrid,M. Ruggeri,0,0,0,5,1,0,0,0,56,0,0,0,0,2,0
34,17 Aug 2025,,1wwdsnnj2m9ewz1d1mgt7y8k,Mateo Busquets Ferrer,Reial Club Deportiu Espanyol de Barcelona,Club Atlético de Madrid,J. Oblak,0,0,0,0,0,0,0,0,24,0,3,0,0,0,0
34,17 Aug 2025,,1wwdsnnj2m9ewz1d1mgt7y8k,Mateo Busquets Ferrer,Reial Club Deportiu Espanyol de Barcelona,Club Atlético de Madrid,Robin Le Normand,0,0,0,0,2,1,0,0,81,0,0,0,0,2,1
34,17 Aug 2025,,1wwdsnnj2m9ewz1d1mgt7y8k,Mateo Busquets Ferrer,Reial Club Deportiu Espanyol de Barcelona,Club Atlético de Madrid,Marcos Llorente,0,0,0,2,2,1,0,0,62,0,0,0,0,3,1
34,17 Aug 2025,,1wwdsnnj2m9ewz1d1mgt7y8k,Mateo Busquets Ferrer,Reial Club Deportiu Espanyol de Barcelona,Club Atlético de Madrid,C. Gallagher,0,1,1,0,1,1,0,1,32,0,0,2,0,0,0
34,17 Aug 2025,,1wwdsnnj2m9ewz1d1mgt7y8k,Mateo Busquets Ferrer,Reial Club Deportiu Espanyol de Barcelona,Club Atlético de Madrid,T. Almada,0,0,0,0,0,2,0,0,58,0,0,1,0,0,0
34,17 Aug 2025,,1wwdsnnj2m9ewz1d1mgt7y8k,Mateo Busquets Ferrer,Reial Club Deportiu Espanyol de Barcelona,Club Atlético de Madrid,Álex Baena,0,0,0,4,1,3,0,0,28,0,0,0,0,0,0
34,17 Aug 2025,,1wwdsnnj2m9ewz1d1mgt7y8k,Mateo Busquets Ferrer,Reial Club Deportiu Espanyol de Barcelona,Club Atlético de Madrid,G. Simeone,0,1,2,0,0,2,0,0,39,0,0,2,0,1,0
34,17 Aug 2025,,1wwdsnnj2m9ewz1d1mgt7y8k,Mateo Busquets Ferrer,Reial Club Deportiu Espanyol de Barcelona,Club Atlético de Madrid,Pablo Barrios,0,0,0,3,0,1,0,0,36,0,0,0,0,0,0
34,17 Aug 2025,,1wwdsnnj2m9ewz1d1mgt7y8k,Mateo Busquets Ferrer,Reial Club Deportiu Espanyol de Barcelona,Club Atlético de Madrid,Koke,0,0,0,0,2,0,0,0,44,0,0,0,0,0,0
34,17 Aug 2025,,1wwdsnnj2m9ewz1d1mgt7y8k,Mateo Busquets Ferrer,Reial Club Deportiu Espanyol de Barcelona,Club Atlético de Madrid,G. Raspadori,0,1,0,1,0,1,0,0,7,0,0,1,0,0,0
34,17 Aug 2025,,1wwdsnnj2m9ewz1d1mgt7y8k,Mateo Busquets Ferrer,Reial Club Deportiu Espanyol de Barcelona,Club Atlético de Madrid,A. Griezmann,0,0,0,0,0,0,0,0,2,0,0,2,0,1,0
34,17 Aug 2025,,1wwdsnnj2m9ewz1d1mgt7y8k,Mateo Busquets Ferrer,Reial Club Deportiu Espanyol de Barcelona,Club Atlético de Madrid,A. Sørloth,0,0,0,0,0,0,0,0,2,0,0,0,0,0,0
120,18 Oct 2025,,wlegmdabr8ruispvl8gtzv9w,Víctor García Verdura,Sevilla FC,Real Club Deportivo Mallorca,César Azpilicueta,0,0,0,0,0,0,0,0,2,0,0,0,0,0,0
120,18 Oct 2025,,wlegmdabr8ruispvl8gtzv9w,Víctor García Verdura,Sevilla FC,Real Club Deportivo Mallorca,José Ángel Carmona,1,0,3,5,4,2,0,1,40,0,0,0,0,4,1
120,18 Oct 2025,,wlegmdabr8ruispvl8gtzv9w,Víctor García Verdura,Sevilla FC,Real Club Deportivo Mallorca,D. Sow,0,0,0,3,0,0,0,0,15,0,0,0,0,0,0
120,18 Oct 2025,,wlegmdabr8ruispvl8gtzv9w,Víctor García Verdura,Sevilla FC,Real Club Deportivo Mallorca,Isaac Romero,0,0,1,0,1,2,0,0,14,0,0,1,1,0,0
120,18 Oct 2025,,wlegmdabr8ruispvl8gtzv9w,Víctor García Verdura,Sevilla FC,Real Club Deportivo Mallorca,R. Vargas,0,2,1,6,1,0,1,0,34,0,0,5,2,0,0
120,18 Oct 2025,,wlegmdabr8ruispvl8gtzv9w,Víctor García Verdura,Sevilla FC,Real Club Deportivo Mallorca,B. Mendy,0,0,0,0,2,0,0,0,34,0,0,1,0,2,0
120,18 Oct 2025,,wlegmdabr8ruispvl8gtzv9w,Víctor García Verdura,Sevilla FC,Real Club Deportivo Mallorca,G. Suazo,0,0,1,6,1,1,0,0,38,0,0,0,0,4,1
120,18 Oct 2025,,wlegmdabr8ruispvl8gtzv9w,Víctor García Verdura,Sevilla FC,Real Club Deportivo Mallorca,Marcão,0,1,0,0,3,2,0,0,47,0,0,1,0,3,0
120,18 Oct 2025,,wlegmdabr8ruispvl8gtzv9w,Víctor García Verdura,Sevilla FC,Real Club Deportivo Mallorca,O. Vlachodimos,0,0,0,0,0,0,0,0,28,0,3,0,0,0,0
120,18 Oct 2025,,wlegmdabr8ruispvl8gtzv9w,Víctor García Verdura,Sevilla FC,Real Club Deportivo Mallorca,L. Agoumé,0,1,1,0,1,1,0,0,62,0,0,1,0,1,0
120,18 Oct 2025,,wlegmdabr8ruispvl8gtzv9w,Víctor García Verdura,Sevilla FC,Real Club Deportivo Mallorca,Ramón Martínez,0,0,0,0,1,1,0,0,59,0,0,0,0,0,0
120,18 Oct 2025,,wlegmdabr8ruispvl8gtzv9w,Víctor García Verdura,Sevilla FC,Real Club Deportivo Mallorca,Juanlu Sánchez,0,1,2,3,1,4,0,0,16,0,0,2,1,1,0
120,18 Oct 2025,,wlegmdabr8ruispvl8gtzv9w,Víctor García Verdura,Sevilla FC,Real Club Deportivo Mallorca,A. Sánchez,0,1,0,0,0,0,0,1,10,0,0,1,0,0,0
120,18 Oct 2025,,wlegmdabr8ruispvl8gtzv9w,Víctor García Verdura,Sevilla FC,Real Club Deportivo Mallorca,A. Adams,0,0,0,0,0,0,0,1,3,0,0,0,0,0,0
120,18 Oct 2025,,wlegmdabr8ruispvl8gtzv9w,Víctor García Verdura,Sevilla FC,Real Club Deportivo Mallorca,A. Januzaj,0,0,0,0,1,0,0,0,7,0,0,0,0,0,0
120,18 Oct 2025,,wlegmdabr8ruispvl8gtzv9w,Víctor García Verdura,Sevilla FC,Real Club Deportivo Mallorca,C. Ejuke,0,1,0,1,0,0,0,0,4,0,0,1,0,0,0
120,18 Oct 2025,,wlegmdabr8ruispvl8gtzv9w,Víctor García Verdura,Sevilla FC,Real Club Deportivo Mallorca,Sergi Darder,0,0,0,2,0,1,0,0,30,0,0,0,0,0,0
120,18 Oct 2025,,wlegmdabr8ruispvl8gtzv9w,Víctor García Verdura,Sevilla FC,Real Club Deportivo Mallorca,Samú Costa,0,0,0,1,1,3,0,0,30,0,0,0,0,2,0
120,18 Oct 2025,,wlegmdabr8ruispvl8gtzv9w,Víctor García Verdura,Sevilla FC,Real Club Deportivo Mallorca,Antonio Raíllo,0,0,0,0,3,1,0,0,44,0,0,1,0,3,1
120,18 Oct 2025,,wlegmdabr8ruispvl8gtzv9w,Víctor García Verdura,Sevilla FC,Real Club Deportivo Mallorca,M. Valjent,0,0,1,0,1,1,0,0,36,0,0,0,0,4,0
120,18 Oct 2025,,wlegmdabr8ruispvl8gtzv9w,Víctor García Verdura,Sevilla FC,Real Club Deportivo Mallorca,V. Muriqi,0,0,0,0,1,2,1,0,15,0,0,1,1,0,0
120,18 Oct 2025,,wlegmdabr8ruispvl8gtzv9w,Víctor García Verdura,Sevilla FC,Real Club Deportivo Mallorca,Mateu Morey,0,0,0,0,1,2,0,0,16,0,0,0,0,0,0
120,18 Oct 2025,,wlegmdabr8ruispvl8gtzv9w,Víctor García Verdura,Sevilla FC,Real Club Deportivo Mallorca,Pablo Maffeo,0,0,0,2,0,1,0,0,25,0,0,0,0,4,0
120,18 Oct 2025,,wlegmdabr8ruispvl8gtzv9w,Víctor García Verdura,Sevilla FC,Real Club Deportivo Mallorca,Jan Virgili,1,0,1,2,1,1,0,0,12,0,0,3,3,0,0
120,18 Oct 2025,,wlegmdabr8ruispvl8gtzv9w,Víctor García Verdura,Sevilla FC,Real Club Deportivo Mallorca,Leo Román,0,0,0,0,0,0,0,0,27,0,3,0,0,0,0
120,18 Oct 2025,,wlegmdabr8ruispvl8gtzv9w,Víctor García Verdura,Sevilla FC,Real Club Deportivo Mallorca,Manu Morlanes,0,0,0,0,1,0,0,0,23,0,0,0,0,1,0
120,18 Oct 2025,,wlegmdabr8ruispvl8gtzv9w,Víctor García Verdura,Sevilla FC,Real Club Deportivo Mallorca,Javi Llabrés,0,0,0,1,2,2,0,0,8,0,0,0,0,0,0
120,18 Oct 2025,,wlegmdabr8ruispvl8gtzv9w,Víctor García Verdura,Sevilla FC,Real Club Deportivo Mallorca,J. Mojica,1,0,0,2,1,0,0,0,7,0,0,0,0,2,0
120,18 Oct 2025,,wlegmdabr8ruispvl8gtzv9w,Víctor García Verdura,Sevilla FC,Real Club Deportivo Mallorca,Mateo Joseph,0,0,0,0,0,0,2,0,3,0,0,2,2,0,0
120,18 Oct 2025,,wlegmdabr8ruispvl8gtzv9w,Víctor García Verdura,Sevilla FC,Real Club Deportivo Mallorca,Omar Mascarell,0,0,0,0,0,0,0,0,12,0,0,0,0,0,0
120,18 Oct 2025,,wlegmdabr8ruispvl8gtzv9w,Víctor García Verdura,Sevilla FC,Real Club Deportivo Mallorca,Pablo Torre,0,0,0,2,1,0,0,0,8,0,0,0,0,0,0
120,18 Oct 2025,,wlegmdabr8ruispvl8gtzv9w,Víctor García Verdura,Sevilla FC,Real Club Deportivo Mallorca,Abdón Prats,0,0,0,0,0,1,0,0,3,0,0,0,0,0,0
121,25 Oct 2025,,wyrlnmec1exr7tyktusq0i6s,Alejandro Muñíz Ruiz,Girona FC,Real Oviedo,Arnau Martínez,0,0,1,1,0,0,0,0,79,0,0,0,0,1,1
121,25 Oct 2025,,wyrlnmec1exr7tyktusq0i6s,Alejandro Muñíz Ruiz,Girona FC,Real Oviedo,P. Gazzaniga,0,0,0,0,0,0,0,0,28,0,2,0,0,0,0
121,25 Oct 2025,,wyrlnmec1exr7tyktusq0i6s,Alejandro Muñíz Ruiz,Girona FC,Real Oviedo,D. Blind,0,0,0,0,0,0,0,0,68,0,0,0,0,1,0
121,25 Oct 2025,,wyrlnmec1exr7tyktusq0i6s,Alejandro Muñíz Ruiz,Girona FC,Real Oviedo,Álex Moreno,0,0,3,9,3,0,0,0,42,0,0,0,0,0,0
121,25 Oct 2025,,wyrlnmec1exr7tyktusq0i6s,Alejandro Muñíz Ruiz,Girona FC,Real Oviedo,Joel Roca,0,0,2,4,1,3,0,0,22,0,0,1,1,0,0
121,25 Oct 2025,,wyrlnmec1exr7tyktusq0i6s,Alejandro Muñíz Ruiz,Girona FC,Real Oviedo,A. Witsel,0,0,2,1,2,1,0,0,60,0,0,1,0,1,0
121,25 Oct 2025,,wyrlnmec1exr7tyktusq0i6s,Alejandro Muñíz Ruiz,Girona FC,Real Oviedo,Iván Martín,0,0,0,1,0,2,0,1,61,0,0,0,0,5,0
121,25 Oct 2025,,wyrlnmec1exr7tyktusq0i6s,Alejandro Muñíz Ruiz,Girona FC,Real Oviedo,V. Tsygankov,0,0,1,5,0,1,0,0,24,0,0,0,0,1,0
121,25 Oct 2025,,wyrlnmec1exr7tyktusq0i6s,Alejandro Muñíz Ruiz,Girona FC,Real Oviedo,Vitor Reis,0,0,0,0,3,0,0,0,82,0,0,0,0,1,1
121,25 Oct 2025,,wyrlnmec1exr7tyktusq0i6s,Alejandro Muñíz Ruiz,Girona FC,Real Oviedo,V. Vanat,0,0,0,0,0,0,0,0,4,0,0,0,0,0,0
121,25 Oct 2025,,wyrlnmec1exr7tyktusq0i6s,Alejandro Muñíz Ruiz,Girona FC,Real Oviedo,Bryan Gil,0,1,1,1,2,5,0,0,27,0,0,1,0,1,1
121,25 Oct 2025,,wyrlnmec1exr7tyktusq0i6s,Alejandro Muñíz Ruiz,Girona FC,Real Oviedo,C. Stuani,0,0,0,0,2,1,2,0,2,0,0,3,3,0,1
121,25 Oct 2025,,wyrlnmec1exr7tyktusq0i6s,Alejandro Muñíz Ruiz,Girona FC,Real Oviedo,A. Ounahi,0,0,1,0,0,2,1,0,11,0,0,2,2,0,0
121,25 Oct 2025,,wyrlnmec1exr7tyktusq0i6s,Alejandro Muñíz Ruiz,Girona FC,Real Oviedo,Hugo Rincón,0,0,0,0,0,0,0,0,22,0,0,0,0,1,0
121,25 Oct 2025,,wyrlnmec1exr7tyktusq0i6s,Alejandro Muñíz Ruiz,Girona FC,Real Oviedo,T. Lemar,1,0,0,4,0,1,0,0,16,0,0,0,0,0,0
121,25 Oct 2025,,wyrlnmec1exr7tyktusq0i6s,Alejandro Muñíz Ruiz,Girona FC,Real Oviedo,Portu,0,0,0,1,0,0,0,1,3,0,0,0,0,0,0
121,25 Oct 2025,,wyrlnmec1exr7tyktusq0i6s,Alejandro Muñíz Ruiz,Girona FC,Real Oviedo,S. Rondón,0,1,1,0,1,3,1,1,24,0,0,4,1,0,0
121,25 Oct 2025,,wyrlnmec1exr7tyktusq0i6s,Alejandro Muñíz Ruiz,Girona FC,Real Oviedo,L. Dendoncker,0,0,0,1,1,0,0,0,9,0,0,0,0,4,0
121,25 Oct 2025,,wyrlnmec1exr7tyktusq0i6s,Alejandro Muñíz Ruiz,Girona FC,Real Oviedo,David Costas,0,0,0,0,0,1,0,0,31,0,0,0,0,2,0
121,25 Oct 2025,,wyrlnmec1exr7tyktusq0i6s,Alejandro Muñíz Ruiz,Girona FC,Real Oviedo,David Carmo,0,0,0,0,1,1,1,0,42,0,0,1,1,2,1
121,25 Oct 2025,,wyrlnmec1exr7tyktusq0i6s,Alejandro Muñíz Ruiz,Girona FC,Real Oviedo,Aarón Escandell,0,0,0,0,0,0,0,0,26,0,3,0,0,0,0
121,25 Oct 2025,,wyrlnmec1exr7tyktusq0i6s,Alejandro Muñíz Ruiz,Girona FC,Real Oviedo,I. Chaira,0,0,1,3,2,0,0,0,15,0,0,1,0,1,0
121,25 Oct 2025,,wyrlnmec1exr7tyktusq0i6s,Alejandro Muñíz Ruiz,Girona FC,Real Oviedo,O. Ejaria,0,0,0,0,2,0,0,0,15,0,0,0,0,1,1
121,25 Oct 2025,,wyrlnmec1exr7tyktusq0i6s,Alejandro Muñíz Ruiz,Girona FC,Real Oviedo,F. Viñas,0,1,1,0,0,0,1,1,9,0,0,3,2,0,0
121,25 Oct 2025,,wyrlnmec1exr7tyktusq0i6s,Alejandro Muñíz Ruiz,Girona FC,Real Oviedo,S. Colombatto,1,0,1,6,3,3,0,0,32,0,0,0,0,3,1
121,25 Oct 2025,,wyrlnmec1exr7tyktusq0i6s,Alejandro Muñíz Ruiz,Girona FC,Real Oviedo,Nacho Vidal,0,0,0,1,1,1,0,0,27,0,0,1,1,1,0
121,25 Oct 2025,,wyrlnmec1exr7tyktusq0i6s,Alejandro Muñíz Ruiz,Girona FC,Real Oviedo,Javi López,0,0,0,2,3,2,0,0,20,0,0,0,0,4,0
121,25 Oct 2025,,wyrlnmec1exr7tyktusq0i6s,Alejandro Muñíz Ruiz,Girona FC,Real Oviedo,Alberto Reina,0,0,0,2,0,0,0,0,10,0,0,0,0,0,0
121,25 Oct 2025,,wyrlnmec1exr7tyktusq0i6s,Alejandro Muñíz Ruiz,Girona FC,Real Oviedo,K. Sibo,0,0,0,0,1,0,0,0,16,0,0,0,0,1,0
121,25 Oct 2025,,wyrlnmec1exr7tyktusq0i6s,Alejandro Muñíz Ruiz,Girona FC,Real Oviedo,L. Ilić,0,0,0,0,0,1,0,0,3,0,0,0,0,0,0
121,25 Oct 2025,,wyrlnmec1exr7tyktusq0i6s,Alejandro Muñíz Ruiz,Girona FC,Real Oviedo,J. Brekalo,0,0,0,0,1,0,0,0,8,0,0,0,0,1,0
121,25 Oct 2025,,wyrlnmec1exr7tyktusq0i6s,Alejandro Muñíz Ruiz,Girona FC,Real Oviedo,R. Alhassane,0,0,0,2,0,0,0,0,9,0,0,0,0,0,0
122,24 Oct 2025,,xcapf185ght9jj3jcgj4v0us,Adrián Cordero Vega,Real Sociedad de Fútbol,Sevilla FC,J. Aramburu,0,0,0,1,5,0,0,0,24,0,0,0,0,4,0
122,24 Oct 2025,,xcapf185ght9jj3jcgj4v0us,Adrián Cordero Vega,Real Sociedad de Fútbol,Sevilla FC,Ander Barrenetxea,0,0,0,0,2,1,0,0,19,0,0,0,0,1,0
122,24 Oct 2025,,xcapf185ght9jj3jcgj4v0us,Adrián Cordero Vega,Real Sociedad de Fútbol,Sevilla FC,Sergio Gómez,0,0,1,5,1,0,0,1,22,0,0,1,0,2,0
122,24 Oct 2025,,xcapf185ght9jj3jcgj4v0us,Adrián Cordero Vega,Real Sociedad de Fútbol,Sevilla FC,Brais Méndez,0,0,0,5,0,1,0,0,17,0,0,0,0,1,0
122,24 Oct 2025,,xcapf185ght9jj3jcgj4v0us,Adrián Cordero Vega,Real Sociedad de Fútbol,Sevilla FC,Jon Gorrotxategi,0,0,0,0,1,0,0,0,34,0,0,0,0,2,0
122,24 Oct 2025,,xcapf185ght9jj3jcgj4v0us,Adrián Cordero Vega,Real Sociedad de Fútbol,Sevilla FC,Mikel Oyarzabal,0,0,0,0,3,4,2,1,22,0,0,2,2,1,1
122,24 Oct 2025,,xcapf185ght9jj3jcgj4v0us,Adrián Cordero Vega,Real Sociedad de Fútbol,Sevilla FC,Jon Martín,0,0,0,0,0,2,0,0,36,0,0,0,0,1,0
122,24 Oct 2025,,xcapf185ght9jj3jcgj4v0us,Adrián Cordero Vega,Real Sociedad de Fútbol,Sevilla FC,Gonçalo Guedes,0,0,0,2,1,2,0,0,22,0,0,0,0,3,0
122,24 Oct 2025,,xcapf185ght9jj3jcgj4v0us,Adrián Cordero Vega,Real Sociedad de Fútbol,Sevilla FC,Álex Remiro,0,0,0,0,0,1,0,0,38,0,0,0,0,0,0
122,24 Oct 2025,,xcapf185ght9jj3jcgj4v0us,Adrián Cordero Vega,Real Sociedad de Fútbol,Sevilla FC,Igor Zubeldia,0,0,0,0,0,0,0,0,38,0,0,0,0,1,0
122,24 Oct 2025,,xcapf185ght9jj3jcgj4v0us,Adrián Cordero Vega,Real Sociedad de Fútbol,Sevilla FC,Y. Herrera,0,0,0,0,0,1,0,0,6,0,0,0,0,0,0
122,24 Oct 2025,,xcapf185ght9jj3jcgj4v0us,Adrián Cordero Vega,Real Sociedad de Fútbol,Sevilla FC,Carlos Soler,0,0,0,0,4,1,0,0,14,0,0,2,1,2,0
122,24 Oct 2025,,xcapf185ght9jj3jcgj4v0us,Adrián Cordero Vega,Real Sociedad de Fútbol,Sevilla FC,Aihen Muñoz,0,0,0,0,0,0,0,0,3,0,0,0,0,2,0
122,24 Oct 2025,,xcapf185ght9jj3jcgj4v0us,Adrián Cordero Vega,Real Sociedad de Fútbol,Sevilla FC,A. Zakharyan,0,0,0,0,1,0,0,0,3,0,0,0,0,0,0
122,24 Oct 2025,,xcapf185ght9jj3jcgj4v0us,Adrián Cordero Vega,Real Sociedad de Fútbol,Sevilla FC,Beñat Turrientes,0,0,0,0,1,0,0,0,4,0,0,0,0,2,0
122,24 Oct 2025,,xcapf185ght9jj3jcgj4v0us,Adrián Cordero Vega,Real Sociedad de Fútbol,Sevilla FC,Pablo Marín,0,0,0,0,0,0,0,0,1,0,0,0,0,0,0
122,24 Oct 2025,,xcapf185ght9jj3jcgj4v0us,Adrián Cordero Vega,Real Sociedad de Fútbol,Sevilla FC,Isaac Romero,0,0,1,0,1,0,0,0,8,0,0,0,0,0,0
122,24 Oct 2025,,xcapf185ght9jj3jcgj4v0us,Adrián Cordero Vega,Real Sociedad de Fútbol,Sevilla FC,O. Vlachodimos,0,0,0,0,0,0,0,0,35,0,1,0,0,0,0
122,24 Oct 2025,,xcapf185ght9jj3jcgj4v0us,Adrián Cordero Vega,Real Sociedad de Fútbol,Sevilla FC,Marcão,0,0,0,0,3,3,0,1,53,0,0,0,0,0,0
122,24 Oct 2025,,xcapf185ght9jj3jcgj4v0us,Adrián Cordero Vega,Real Sociedad de Fútbol,Sevilla FC,G. Suazo,1,0,0,7,1,0,0,0,54,0,0,0,0,4,0
122,24 Oct 2025,,xcapf185ght9jj3jcgj4v0us,Adrián Cordero Vega,Real Sociedad de Fútbol,Sevilla FC,D. Sow,0,0,1,1,2,7,0,0,35,0,0,0,0,0,1
122,24 Oct 2025,,xcapf185ght9jj3jcgj4v0us,Adrián Cordero Vega,Real Sociedad de Fútbol,Sevilla FC,R. Vargas,0,0,1,0,0,3,0,0,37,0,0,2,0,0,0
122,24 Oct 2025,,xcapf185ght9jj3jcgj4v0us,Adrián Cordero Vega,Real Sociedad de Fútbol,Sevilla FC,José Ángel Carmona,0,1,1,1,1,1,0,0,64,0,0,1,0,1,1
122,24 Oct 2025,,xcapf185ght9jj3jcgj4v0us,Adrián Cordero Vega,Real Sociedad de Fútbol,Sevilla FC,A. Sánchez,0,0,1,1,0,0,0,0,19,0,0,0,0,2,0
122,24 Oct 2025,,xcapf185ght9jj3jcgj4v0us,Adrián Cordero Vega,Real Sociedad de Fútbol,Sevilla FC,L. Agoumé,0,0,1,0,1,0,0,0,30,0,0,0,0,1,1
122,24 Oct 2025,,xcapf185ght9jj3jcgj4v0us,Adrián Cordero Vega,Real Sociedad de Fútbol,Sevilla FC,N. Gudelj,0,0,0,1,3,0,1,0,47,0,0,2,1,2,0
122,24 Oct 2025,,xcapf185ght9jj3jcgj4v0us,Adrián Cordero Vega,Real Sociedad de Fútbol,Sevilla FC,Fábio Cardoso,0,0,0,0,2,0,0,0,17,0,0,0,0,1,0
122,24 Oct 2025,,xcapf185ght9jj3jcgj4v0us,Adrián Cordero Vega,Real Sociedad de Fútbol,Sevilla FC,Juanlu Sánchez,0,0,0,0,0,2,0,0,24,0,0,0,0,1,0
122,24 Oct 2025,,xcapf185ght9jj3jcgj4v0us,Adrián Cordero Vega,Real Sociedad de Fútbol,Sevilla FC,C. Ejuke,0,0,2,2,0,1,0,0,7,0,0,0,0,1,0
122,24 Oct 2025,,xcapf185ght9jj3jcgj4v0us,Adrián Cordero Vega,Real Sociedad de Fútbol,Sevilla FC,Peque Fernández,0,1,0,1,0,1,0,0,27,0,0,1,0,0,0
122,24 Oct 2025,,xcapf185ght9jj3jcgj4v0us,Adrián Cordero Vega,Real Sociedad de Fútbol,Sevilla FC,A. Adams,0,0,1,0,0,0,0,0,2,0,0,0,0,0,0
122,24 Oct 2025,,xcapf185ght9jj3jcgj4v0us,Adrián Cordero Vega,Real Sociedad de Fútbol,Sevilla FC,Alfon González,0,0,0,1,0,1,0,0,5,0,0,0,0,0,0
123,25 Oct 2025,,xpp766lmrig4xeolfmmtehp0,Javier Alberola Rojas,Valencia CF,Villarreal CF,Copete,0,0,1,1,1,1,0,0,78,0,0,2,0,3,1
123,25 Oct 2025,,xpp766lmrig4xeolfmmtehp0,Javier Alberola Rojas,Valencia CF,Villarreal CF,Javi Guerra,0,2,0,0,1,0,0,0,23,0,0,3,0,0,0
123,25 Oct 2025,,xpp766lmrig4xeolfmmtehp0,Javier Alberola Rojas,Valencia CF,Villarreal CF,A. Danjuma,0,0,0,4,2,1,0,0,24,0,0,2,2,1,0
123,25 Oct 2025,,xpp766lmrig4xeolfmmtehp0,Javier Alberola Rojas,Valencia CF,Villarreal CF,José Gayà,0,0,0,3,2,0,0,0,23,0,0,0,0,1,0
123,25 Oct 2025,,xpp766lmrig4xeolfmmtehp0,Javier Alberola Rojas,Valencia CF,Villarreal CF,L. Beltrán,0,0,0,0,2,0,0,0,9,0,0,0,0,0,0
123,25 Oct 2025,,xpp766lmrig4xeolfmmtehp0,Javier Alberola Rojas,Valencia CF,Villarreal CF,César Tárrega,0,0,0,0,1,1,0,0,94,0,0,0,0,3,1
123,25 Oct 2025,,xpp766lmrig4xeolfmmtehp0,Javier Alberola Rojas,Valencia CF,Villarreal CF,Luis Rioja,0,0,1,5,0,1,0,0,49,0,0,2,1,3,0
123,25 Oct 2025,,xpp766lmrig4xeolfmmtehp0,Javier Alberola Rojas,Valencia CF,Villarreal CF,Thierry Correia,0,0,2,3,0,3,0,1,67,0,0,0,0,3,0
123,25 Oct 2025,,xpp766lmrig4xeolfmmtehp0,Javier Alberola Rojas,Valencia CF,Villarreal CF,Pepelu,0,2,1,6,1,0,0,1,62,0,0,3,0,3,0
123,25 Oct 2025,,xpp766lmrig4xeolfmmtehp0,Javier Alberola Rojas,Valencia CF,Villarreal CF,Julen Agirrezabala,0,0,0,0,0,1,0,0,18,0,3,0,0,0,0
123,25 Oct 2025,,xpp766lmrig4xeolfmmtehp0,Javier Alberola Rojas,Valencia CF,Villarreal CF,Diego López,0,0,1,1,0,2,0,0,29,0,0,1,0,0,0
123,25 Oct 2025,,xpp766lmrig4xeolfmmtehp0,Javier Alberola Rojas,Valencia CF,Villarreal CF,Hugo Duro,0,0,0,0,1,0,0,0,9,0,0,0,0,0,0
123,25 Oct 2025,,xpp766lmrig4xeolfmmtehp0,Javier Alberola Rojas,Valencia CF,Villarreal CF,Jesús Vázquez,0,0,1,0,2,0,0,0,16,0,0,0,0,1,0
123,25 Oct 2025,,xpp766lmrig4xeolfmmtehp0,Javier Alberola Rojas,Valencia CF,Villarreal CF,André Almeida,0,1,1,1,0,4,0,0,27,0,0,1,0,3,0
123,25 Oct 2025,,xpp766lmrig4xeolfmmtehp0,Javier Alberola Rojas,Valencia CF,Villarreal CF,Dani Raba,0,1,0,0,0,0,0,0,4,0,0,1,0,2,0
123,25 Oct 2025,,xpp766lmrig4xeolfmmtehp0,Javier Alberola Rojas,Valencia CF,Villarreal CF,B. Santamaría,0,0,0,0,0,0,0,0,8,0,0,0,0,0,0
123,25 Oct 2025,,xpp766lmrig4xeolfmmtehp0,Javier Alberola Rojas,Valencia CF,Villarreal CF,G. Mikautadze,0,0,2,1,2,0,0,0,8,0,0,3,3,0,0
123,25 Oct 2025,,xpp766lmrig4xeolfmmtehp0,Javier Alberola Rojas,Valencia CF,Villarreal CF,Luíz Júnior,0,0,0,0,0,0,0,0,16,0,3,0,0,0,0
123,25 Oct 2025,,xpp766lmrig4xeolfmmtehp0,Javier Alberola Rojas,Valencia CF,Villarreal CF,Gerard Moreno,0,0,0,0,0,2,1,0,28,0,0,1,1,1,0
123,25 Oct 2025,,xpp766lmrig4xeolfmmtehp0,Javier Alberola Rojas,Valencia CF,Villarreal CF,Sergi Cardona,0,0,0,1,1,0,0,0,34,0,0,0,0,2,0
123,25 Oct 2025,,xpp766lmrig4xeolfmmtehp0,Javier Alberola Rojas,Valencia CF,Villarreal CF,Santi Comesaña,0,0,0,0,1,2,1,0,39,0,0,2,1,1,1
123,25 Oct 2025,,xpp766lmrig4xeolfmmtehp0,Javier Alberola Rojas,Valencia CF,Villarreal CF,Alberto Moleiro,0,0,0,3,2,1,0,0,30,0,0,1,0,1,0
123,25 Oct 2025,,xpp766lmrig4xeolfmmtehp0,Javier Alberola Rojas,Valencia CF,Villarreal CF,S. Mouriño,0,0,0,0,0,1,0,0,49,0,0,0,0,3,1
123,25 Oct 2025,,xpp766lmrig4xeolfmmtehp0,Javier Alberola Rojas,Valencia CF,Villarreal CF,J. Foyth,0,0,0,0,1,0,0,0,60,0,0,0,0,2,0
123,25 Oct 2025,,xpp766lmrig4xeolfmmtehp0,Javier Alberola Rojas,Valencia CF,Villarreal CF,P. Gueye,0,1,1,0,1,3,0,1,30,0,0,2,0,0,1
123,25 Oct 2025,,xpp766lmrig4xeolfmmtehp0,Javier Alberola Rojas,Valencia CF,Villarreal CF,Renato Veiga,0,1,0,1,1,0,0,0,46,0,0,1,0,1,0
123,25 Oct 2025,,xpp766lmrig4xeolfmmtehp0,Javier Alberola Rojas,Valencia CF,Villarreal CF,N. Pépé,0,0,2,5,2,1,0,1,24,0,0,0,0,0,1
123,25 Oct 2025,,xpp766lmrig4xeolfmmtehp0,Javier Alberola Rojas,Valencia CF,Villarreal CF,Ayoze Pérez,0,0,0,0,2,1,0,1,10,0,0,0,0,1,0
123,25 Oct 2025,,xpp766lmrig4xeolfmmtehp0,Javier Alberola Rojas,Valencia CF,Villarreal CF,T. Partey,0,0,0,0,0,1,0,0,16,0,0,0,0,0,0
123,25 Oct 2025,,xpp766lmrig4xeolfmmtehp0,Javier Alberola Rojas,Valencia CF,Villarreal CF,Dani Parejo,0,0,0,0,0,0,0,0,18,0,0,0,0,0,0
123,25 Oct 2025,,xpp766lmrig4xeolfmmtehp0,Javier Alberola Rojas,Valencia CF,Villarreal CF,I. Akhomach,0,1,0,0,1,1,0,0,6,0,0,2,0,0,0
123,25 Oct 2025,,xpp766lmrig4xeolfmmtehp0,Javier Alberola Rojas,Valencia CF,Villarreal CF,T. Buchanan,0,0,0,0,0,0,0,0,2,0,0,0,0,0,0
124,26 Oct 2025,,y38fh1awgi9yuxppo1n61ous,Víctor García Verdura,Rayo Vallecano de Madrid,Deportivo Alavés,Alemão,0,0,1,0,2,1,1,0,18,0,0,2,1,1,0
124,26 Oct 2025,,y38fh1awgi9yuxppo1n61ous,Víctor García Verdura,Rayo Vallecano de Madrid,Deportivo Alavés,Unai López,0,0,0,4,2,1,0,0,49,0,0,1,1,0,1
124,26 Oct 2025,,y38fh1awgi9yuxppo1n61ous,Víctor García Verdura,Rayo Vallecano de Madrid,Deportivo Alavés,Óscar Valentín,0,0,0,0,1,1,0,0,41,0,0,0,0,2,0
124,26 Oct 2025,,y38fh1awgi9yuxppo1n61ous,Víctor García Verdura,Rayo Vallecano de Madrid,Deportivo Alavés,A. Rațiu,0,1,1,6,2,1,0,0,39,0,0,2,0,4,0
124,26 Oct 2025,,y38fh1awgi9yuxppo1n61ous,Víctor García Verdura,Rayo Vallecano de Madrid,Deportivo Alavés,F. Lejeune,0,0,1,0,2,0,0,0,44,0,0,1,1,2,0
124,26 Oct 2025,,y38fh1awgi9yuxppo1n61ous,Víctor García Verdura,Rayo Vallecano de Madrid,Deportivo Alavés,Jorge de Frutos,0,0,2,2,1,3,0,1,21,0,0,1,1,3,0
124,26 Oct 2025,,y38fh1awgi9yuxppo1n61ous,Víctor García Verdura,Rayo Vallecano de Madrid,Deportivo Alavés,N. Mendy,0,0,0,0,0,1,0,0,44,0,0,1,0,0,0
124,26 Oct 2025,,y38fh1awgi9yuxppo1n61ous,Víctor García Verdura,Rayo Vallecano de Madrid,Deportivo Alavés,Pedro Díaz,0,1,1,0,1,1,0,0,36,0,0,4,1,2,0
124,26 Oct 2025,,y38fh1awgi9yuxppo1n61ous,Víctor García Verdura,Rayo Vallecano de Madrid,Deportivo Alavés,Fran Pérez,0,0,0,3,0,0,0,1,16,0,0,0,0,0,0
124,26 Oct 2025,,y38fh1awgi9yuxppo1n61ous,Víctor García Verdura,Rayo Vallecano de Madrid,Deportivo Alavés,A. Batalla,0,0,0,0,0,0,0,0,35,0,2,0,0,0,0
124,26 Oct 2025,,y38fh1awgi9yuxppo1n61ous,Víctor García Verdura,Rayo Vallecano de Madrid,Deportivo Alavés,Pep Chavarría,1,0,1,5,0,1,0,0,45,0,0,1,0,3,0
124,26 Oct 2025,,y38fh1awgi9yuxppo1n61ous,Víctor García Verdura,Rayo Vallecano de Madrid,Deportivo Alavés,Álvaro García,0,0,0,1,2,0,0,0,8,0,0,1,0,0,0
124,26 Oct 2025,,y38fh1awgi9yuxppo1n61ous,Víctor García Verdura,Rayo Vallecano de Madrid,Deportivo Alavés,Isi Palazón,0,0,0,1,0,0,0,0,13,0,0,1,0,1,0
124,26 Oct 2025,,y38fh1awgi9yuxppo1n61ous,Víctor García Verdura,Rayo Vallecano de Madrid,Deportivo Alavés,P. Ciss,0,0,0,0,0,0,0,0,3,0,0,0,0,0,0
124,26 Oct 2025,,y38fh1awgi9yuxppo1n61ous,Víctor García Verdura,Rayo Vallecano de Madrid,Deportivo Alavés,I. Balliu,0,0,0,1,0,0,0,0,7,0,0,0,0,0,0
124,26 Oct 2025,,y38fh1awgi9yuxppo1n61ous,Víctor García Verdura,Rayo Vallecano de Madrid,Deportivo Alavés,P. Espino,0,0,0,0,0,0,0,0,0,0,0,0,0,0,0
124,26 Oct 2025,,y38fh1awgi9yuxppo1n61ous,Víctor García Verdura,Rayo Vallecano de Madrid,Deportivo Alavés,Y. Enríquez,0,0,1,4,2,1,0,0,40,0,0,0,0,3,0
124,26 Oct 2025,,y38fh1awgi9yuxppo1n61ous,Víctor García Verdura,Rayo Vallecano de Madrid,Deportivo Alavés,Jon Pacheco,0,0,0,0,0,0,0,0,24,0,0,0,0,1,0
124,26 Oct 2025,,y38fh1awgi9yuxppo1n61ous,Víctor García Verdura,Rayo Vallecano de Madrid,Deportivo Alavés,Antonio Blanco,0,1,1,0,1,1,0,0,27,0,0,1,0,1,1
124,26 Oct 2025,,y38fh1awgi9yuxppo1n61ous,Víctor García Verdura,Rayo Vallecano de Madrid,Deportivo Alavés,Jonny,0,1,0,1,1,1,0,0,38,0,0,1,0,1,0
124,26 Oct 2025,,y38fh1awgi9yuxppo1n61ous,Víctor García Verdura,Rayo Vallecano de Madrid,Deportivo Alavés,Denis Suárez,0,1,0,1,0,2,0,0,38,0,0,1,0,1,1
124,26 Oct 2025,,y38fh1awgi9yuxppo1n61ous,Víctor García Verdura,Rayo Vallecano de Madrid,Deportivo Alavés,Toni Martínez,0,1,0,0,1,0,0,0,14,0,0,2,0,1,0
124,26 Oct 2025,,y38fh1awgi9yuxppo1n61ous,Víctor García Verdura,Rayo Vallecano de Madrid,Deportivo Alavés,L. Boyé,0,2,2,0,1,2,0,0,27,0,0,3,1,9,0
124,26 Oct 2025,,y38fh1awgi9yuxppo1n61ous,Víctor García Verdura,Rayo Vallecano de Madrid,Deportivo Alavés,Carles Aleñá,0,1,0,5,2,3,0,0,28,0,0,3,0,5,0
124,26 Oct 2025,,y38fh1awgi9yuxppo1n61ous,Víctor García Verdura,Rayo Vallecano de Madrid,Deportivo Alavés,Carlos Vicente,0,0,1,4,1,0,0,0,6,0,0,0,0,1,0
124,26 Oct 2025,,y38fh1awgi9yuxppo1n61ous,Víctor García Verdura,Rayo Vallecano de Madrid,Deportivo Alavés,N. Tenaglia,0,0,0,1,1,2,0,0,12,0,0,0,0,0,0
124,26 Oct 2025,,y38fh1awgi9yuxppo1n61ous,Víctor García Verdura,Rayo Vallecano de Madrid,Deportivo Alavés,Antonio Sivera,0,0,0,0,0,0,0,0,34,0,4,0,0,0,0
124,26 Oct 2025,,y38fh1awgi9yuxppo1n61ous,Víctor García Verdura,Rayo Vallecano de Madrid,Deportivo Alavés,Víctor Parada,0,0,0,0,0,0,0,0,18,0,0,0,0,2,0
124,26 Oct 2025,,y38fh1awgi9yuxppo1n61ous,Víctor García Verdura,Rayo Vallecano de Madrid,Deportivo Alavés,Pablo Ibáñez,0,0,0,2,1,0,0,0,13,0,0,0,0,1,1
124,26 Oct 2025,,y38fh1awgi9yuxppo1n61ous,Víctor García Verdura,Rayo Vallecano de Madrid,Deportivo Alavés,Ander Guevara,0,0,0,1,0,1,0,0,26,0,0,0,0,1,0
124,26 Oct 2025,,y38fh1awgi9yuxppo1n61ous,Víctor García Verdura,Rayo Vallecano de Madrid,Deportivo Alavés,C. Protesoni,0,0,0,0,0,0,0,0,11,0,0,1,1,0,0
124,26 Oct 2025,,y38fh1awgi9yuxppo1n61ous,Víctor García Verdura,Rayo Vallecano de Madrid,Deportivo Alavés,Jon Guridi,0,0,0,0,0,0,0,0,2,0,0,0,0,0,0
125,27 Oct 2025,,ygjm4bbtl6jbrz9gsd661vys,Juan Martínez Munuera,Real Betis Balompié,Club Atlético de Madrid,C. Hernández,0,1,0,1,0,2,0,0,26,0,0,2,0,0,0
125,27 Oct 2025,,ygjm4bbtl6jbrz9gsd661vys,Juan Martínez Munuera,Real Betis Balompié,Club Atlético de Madrid,Pablo Fornals,0,0,2,5,0,1,0,0,45,0,0,1,0,3,0
125,27 Oct 2025,,ygjm4bbtl6jbrz9gsd661vys,Juan Martínez Munuera,Real Betis Balompié,Club Atlético de Madrid,S. Amrabat,0,0,0,2,2,4,0,0,76,0,0,0,0,2,1
125,27 Oct 2025,,ygjm4bbtl6jbrz9gsd661vys,Juan Martínez Munuera,Real Betis Balompié,Club Atlético de Madrid,Héctor Bellerín,0,0,0,2,1,0,0,0,40,0,0,0,0,1,0
125,27 Oct 2025,,ygjm4bbtl6jbrz9gsd661vys,Juan Martínez Munuera,Real Betis Balompié,Club Atlético de Madrid,Marc Bartra,0,0,0,0,0,1,0,0,60,0,0,0,0,5,0
125,27 Oct 2025,,ygjm4bbtl6jbrz9gsd661vys,Juan Martínez Munuera,Real Betis Balompié,Club Atlético de Madrid,A. Ezzalzouli,0,0,0,3,1,2,0,2,38,0,0,3,2,2,0
125,27 Oct 2025,,ygjm4bbtl6jbrz9gsd661vys,Juan Martínez Munuera,Real Betis Balompié,Club Atlético de Madrid,Marc Roca,0,0,0,0,2,0,0,0,34,0,0,0,0,2,0
125,27 Oct 2025,,ygjm4bbtl6jbrz9gsd661vys,Juan Martínez Munuera,Real Betis Balompié,Club Atlético de Madrid,R. Rodríguez,0,0,0,2,0,2,0,0,35,0,0,1,0,2,0
125,27 Oct 2025,,ygjm4bbtl6jbrz9gsd661vys,Juan Martínez Munuera,Real Betis Balompié,Club Atlético de Madrid,Natan,0,1,0,0,0,1,0,0,51,0,0,1,0,1,0
125,27 Oct 2025,,ygjm4bbtl6jbrz9gsd661vys,Juan Martínez Munuera,Real Betis Balompié,Club Atlético de Madrid,Pau López Sabata,0,0,0,0,0,0,0,0,20,0,2,0,0,0,0
125,27 Oct 2025,,ygjm4bbtl6jbrz9gsd661vys,Juan Martínez Munuera,Real Betis Balompié,Club Atlético de Madrid,Antony,0,1,0,3,0,2,0,0,52,0,0,3,0,1,0
125,27 Oct 2025,,ygjm4bbtl6jbrz9gsd661vys,Juan Martínez Munuera,Real Betis Balompié,Club Atlético de Madrid,G. Lo Celso,0,2,0,5,0,2,0,1,31,0,0,4,2,0,1
125,27 Oct 2025,,ygjm4bbtl6jbrz9gsd661vys,Juan Martínez Munuera,Real Betis Balompié,Club Atlético de Madrid,Aitor Ruibal,0,0,0,2,0,0,0,0,11,0,0,0,0,0,0
125,27 Oct 2025,,ygjm4bbtl6jbrz9gsd661vys,Juan Martínez Munuera,Real Betis Balompié,Club Atlético de Madrid,J. Firpo,0,0,0,1,1,0,0,0,11,0,0,0,0,1,0
125,27 Oct 2025,,ygjm4bbtl6jbrz9gsd661vys,Juan Martínez Munuera,Real Betis Balompié,Club Atlético de Madrid,N. Deossa,0,0,0,0,2,0,0,0,13,0,0,0,0,0,0
125,27 Oct 2025,,ygjm4bbtl6jbrz9gsd661vys,Juan Martínez Munuera,Real Betis Balompié,Club Atlético de Madrid,C. Bakambu,0,0,0,0,0,0,0,1,2,0,0,2,1,0,0
125,27 Oct 2025,,ygjm4bbtl6jbrz9gsd661vys,Juan Martínez Munuera,Real Betis Balompié,Club Atlético de Madrid,Marcos Llorente,0,0,0,0,2,2,0,0,46,0,0,0,0,5,0
125,27 Oct 2025,,ygjm4bbtl6jbrz9gsd661vys,Juan Martínez Munuera,Real Betis Balompié,Club Atlético de Madrid,J. Alvarez,1,0,0,1,0,0,0,0,10,0,0,1,0,1,0
125,27 Oct 2025,,ygjm4bbtl6jbrz9gsd661vys,Juan Martínez Munuera,Real Betis Balompié,Club Atlético de Madrid,Pablo Barrios,0,0,1,1,0,1,0,0,26,0,0,1,0,1,0
125,27 Oct 2025,,ygjm4bbtl6jbrz9gsd661vys,Juan Martínez Munuera,Real Betis Balompié,Club Atlético de Madrid,J. Giménez,0,0,0,0,0,0,0,0,46,0,0,0,0,4,0
125,27 Oct 2025,,ygjm4bbtl6jbrz9gsd661vys,Juan Martínez Munuera,Real Betis Balompié,Club Atlético de Madrid,Álex Baena,0,0,0,3,3,2,1,1,23,0,0,1,1,2,0
125,27 Oct 2025,,ygjm4bbtl6jbrz9gsd661vys,Juan Martínez Munuera,Real Betis Balompié,Club Atlético de Madrid,D. Hancko,0,0,0,0,3,0,0,0,39,0,0,1,0,2,0
125,27 Oct 2025,,ygjm4bbtl6jbrz9gsd661vys,Juan Martínez Munuera,Real Betis Balompié,Club Atlético de Madrid,Robin Le Normand,0,0,0,0,1,0,0,0,32,0,0,0,0,3,0
125,27 Oct 2025,,ygjm4bbtl6jbrz9gsd661vys,Juan Martínez Munuera,Real Betis Balompié,Club Atlético de Madrid,N. González,0,0,2,0,3,1,0,2,20,0,0,3,2,3,1
125,27 Oct 2025,,ygjm4bbtl6jbrz9gsd661vys,Juan Martínez Munuera,Real Betis Balompié,Club Atlético de Madrid,G. Simeone,0,0,0,1,2,0,1,0,40,0,0,1,1,2,0
125,27 Oct 2025,,ygjm4bbtl6jbrz9gsd661vys,Juan Martínez Munuera,Real Betis Balompié,Club Atlético de Madrid,Koke,1,1,0,0,0,1,0,0,46,0,0,1,0,2,0
125,27 Oct 2025,,ygjm4bbtl6jbrz9gsd661vys,Juan Martínez Munuera,Real Betis Balompié,Club Atlético de Madrid,J. Oblak,0,0,0,0,0,0,0,0,36,0,5,0,0,0,0
125,27 Oct 2025,,ygjm4bbtl6jbrz9gsd661vys,Juan Martínez Munuera,Real Betis Balompié,Club Atlético de Madrid,C. Gallagher,0,0,0,0,2,0,0,0,19,0,0,0,0,1,0
125,27 Oct 2025,,ygjm4bbtl6jbrz9gsd661vys,Juan Martínez Munuera,Real Betis Balompié,Club Atlético de Madrid,A. Sørloth,0,0,2,0,1,0,0,1,12,0,0,0,0,0,0
125,27 Oct 2025,,ygjm4bbtl6jbrz9gsd661vys,Juan Martínez Munuera,Real Betis Balompié,Club Atlético de Madrid,A. Griezmann,0,0,0,0,0,1,0,0,17,0,0,0,0,1,0
125,27 Oct 2025,,ygjm4bbtl6jbrz9gsd661vys,Juan Martínez Munuera,Real Betis Balompié,Club Atlético de Madrid,N. Molina,0,0,0,0,1,0,0,0,3,0,0,0,0,2,0
125,27 Oct 2025,,ygjm4bbtl6jbrz9gsd661vys,Juan Martínez Munuera,Real Betis Balompié,Club Atlético de Madrid,T. Almada,0,0,0,0,0,0,0,0,6,0,0,0,0,0,0
126,26 Oct 2025,,ytxz0i1eppxxqupm27ktuln8,César Soto Grado,Real Madrid CF,FC Barcelona,K. Mbappé,0,1,2,1,0,0,1,4,11,0,0,5,3,0,0
126,26 Oct 2025,,ytxz0i1eppxxqupm27ktuln8,César Soto Grado,Real Madrid CF,FC Barcelona,T. Courtois,0,0,0,0,0,0,0,0,19,0,4,0,0,0,0
126,26 Oct 2025,,ytxz0i1eppxxqupm27ktuln8,César Soto Grado,Real Madrid CF,FC Barcelona,J. Bellingham,1,2,1,1,4,2,1,0,26,0,0,5,3,3,0
126,26 Oct 2025,,ytxz0i1eppxxqupm27ktuln8,César Soto Grado,Real Madrid CF,FC Barcelona,Dean Huijsen,0,0,1,0,1,0,0,0,28,0,0,1,1,2,1
126,26 Oct 2025,,ytxz0i1eppxxqupm27ktuln8,César Soto Grado,Real Madrid CF,FC Barcelona,Álvaro Carreras,0,0,1,0,0,0,0,0,27,0,0,0,0,2,0
126,26 Oct 2025,,ytxz0i1eppxxqupm27ktuln8,César Soto Grado,Real Madrid CF,FC Barcelona,A. Güler,0,1,2,7,0,0,0,0,22,0,0,1,0,3,0
126,26 Oct 2025,,ytxz0i1eppxxqupm27ktuln8,César Soto Grado,Real Madrid CF,FC Barcelona,Éder Militão,1,0,1,0,0,1,0,0,25,0,0,2,0,4,1
126,26 Oct 2025,,ytxz0i1eppxxqupm27ktuln8,César Soto Grado,Real Madrid CF,FC Barcelona,F. Valverde,0,0,0,0,1,0,0,0,27,0,0,1,0,3,1
126,26 Oct 2025,,ytxz0i1eppxxqupm27ktuln8,César Soto Grado,Real Madrid CF,FC Barcelona,Vinícius Júnior,0,1,2,2,1,1,0,0,15,0,0,3,1,1,1
126,26 Oct 2025,,ytxz0i1eppxxqupm27ktuln8,César Soto Grado,Real Madrid CF,FC Barcelona,E. Camavinga,0,0,0,0,1,2,0,0,26,0,0,0,0,3,0
126,26 Oct 2025,,ytxz0i1eppxxqupm27ktuln8,César Soto Grado,Real Madrid CF,FC Barcelona,A. Tchouaméni,0,2,1,0,1,2,0,0,29,0,0,3,0,2,0
126,26 Oct 2025,,ytxz0i1eppxxqupm27ktuln8,César Soto Grado,Real Madrid CF,FC Barcelona,Brahim Díaz,0,0,0,0,1,0,0,1,7,0,0,0,0,0,0
126,26 Oct 2025,,ytxz0i1eppxxqupm27ktuln8,César Soto Grado,Real Madrid CF,FC Barcelona,Dani Carvajal,0,0,0,0,0,0,0,0,2,0,0,0,0,1,0
126,26 Oct 2025,,ytxz0i1eppxxqupm27ktuln8,César Soto Grado,Real Madrid CF,FC Barcelona,Rodrygo,0,0,1,1,1,0,0,0,5,0,0,2,2,0,1
126,26 Oct 2025,,ytxz0i1eppxxqupm27ktuln8,César Soto Grado,Real Madrid CF,FC Barcelona,Gonzalo García,0,0,0,0,0,0,0,0,4,0,0,0,0,0,0
126,26 Oct 2025,,ytxz0i1eppxxqupm27ktuln8,César Soto Grado,Real Madrid CF,FC Barcelona,Dani Ceballos,0,0,0,0,1,0,0,0,2,0,0,0,0,0,0
126,26 Oct 2025,,ytxz0i1eppxxqupm27ktuln8,César Soto Grado,Real Madrid CF,FC Barcelona,A. Lunin,0,0,0,0,0,0,0,0,0,1,0,0,0,0,0
126,26 Oct 2025,,ytxz0i1eppxxqupm27ktuln8,César Soto Grado,Real Madrid CF,FC Barcelona,Alejandro Balde,0,0,0,1,1,0,0,1,58,0,0,0,0,2,1
126,26 Oct 2025,,ytxz0i1eppxxqupm27ktuln8,César Soto Grado,Real Madrid CF,FC Barcelona,F. de Jong,0,0,0,0,0,2,0,0,98,0,0,0,0,6,0
126,26 Oct 2025,,ytxz0i1eppxxqupm27ktuln8,César Soto Grado,Real Madrid CF,FC Barcelona,Ferran Torres,0,0,0,0,2,0,0,0,15,0,0,2,2,0,1
126,26 Oct 2025,,ytxz0i1eppxxqupm27ktuln8,César Soto Grado,Real Madrid CF,FC Barcelona,Fermín López,0,0,0,0,0,1,1,0,32,0,0,4,4,0,1
126,26 Oct 2025,,ytxz0i1eppxxqupm27ktuln8,César Soto Grado,Real Madrid CF,FC Barcelona,Pedri,0,0,1,1,4,3,0,0,73,1,0,0,0,7,2
126,26 Oct 2025,,ytxz0i1eppxxqupm27ktuln8,César Soto Grado,Real Madrid CF,FC Barcelona,M. Rashford,1,2,1,4,0,1,0,1,39,0,0,2,0,0,0
126,26 Oct 2025,,ytxz0i1eppxxqupm27ktuln8,César Soto Grado,Real Madrid CF,FC Barcelona,J. Koundé,0,0,0,0,0,1,0,0,63,0,0,1,0,3,0
126,26 Oct 2025,,ytxz0i1eppxxqupm27ktuln8,César Soto Grado,Real Madrid CF,FC Barcelona,Lamine Yamal,0,0,1,1,0,1,0,0,55,0,0,2,0,1,0
126,26 Oct 2025,,ytxz0i1eppxxqupm27ktuln8,César Soto Grado,Real Madrid CF,FC Barcelona,Pau Cubarsí,0,0,0,0,0,0,0,0,64,0,0,1,0,0,0
126,26 Oct 2025,,ytxz0i1eppxxqupm27ktuln8,César Soto Grado,Real Madrid CF,FC Barcelona,W. Szczęsny,0,0,0,0,0,0,0,0,32,0,9,0,0,0,0
126,26 Oct 2025,,ytxz0i1eppxxqupm27ktuln8,César Soto Grado,Real Madrid CF,FC Barcelona,Eric García,0,1,0,0,2,1,0,0,64,0,0,1,0,1,0
126,26 Oct 2025,,ytxz0i1eppxxqupm27ktuln8,César Soto Grado,Real Madrid CF,FC Barcelona,R. Araujo,0,0,0,0,0,0,0,0,13,0,0,1,0,0,0
126,26 Oct 2025,,ytxz0i1eppxxqupm27ktuln8,César Soto Grado,Real Madrid CF,FC Barcelona,Marc Casadó,0,1,1,0,0,1,0,0,28,0,0,1,0,0,0
126,26 Oct 2025,,ytxz0i1eppxxqupm27ktuln8,César Soto Grado,Real Madrid CF,FC Barcelona,R. Bardghji,0,0,0,1,0,0,0,0,5,0,0,0,0,0,0
126,26 Oct 2025,,ytxz0i1eppxxqupm27ktuln8,César Soto Grado,Real Madrid CF,FC Barcelona,Gerard Martín,0,0,0,0,0,0,0,0,1,0,0,0,0,0,0
127,17 Aug 2025,,z0rmb36p9jp9acw2he9dgk4,Iosu Galech Apezteguía,Real Club Celta de Vigo,Getafe CF,Iago Aspas,0,1,1,2,0,0,0,0,32,0,0,4,3,0,0
127,17 Aug 2025,,z0rmb36p9jp9acw2he9dgk4,Iosu Galech Apezteguía,Real Club Celta de Vigo,Getafe CF,Javi Rodríguez,0,0,0,0,2,2,0,1,85,0,0,0,0,4,1
127,17 Aug 2025,,z0rmb36p9jp9acw2he9dgk4,Iosu Galech Apezteguía,Real Club Celta de Vigo,Getafe CF,Marcos Alonso,0,2,1,0,3,2,0,0,101,0,0,2,0,2,1
127,17 Aug 2025,,z0rmb36p9jp9acw2he9dgk4,Iosu Galech Apezteguía,Real Club Celta de Vigo,Getafe CF,Óscar Mingueza,0,0,0,11,0,3,0,0,50,0,0,1,0,1,0
127,17 Aug 2025,,z0rmb36p9jp9acw2he9dgk4,Iosu Galech Apezteguía,Real Club Celta de Vigo,Getafe CF,Yoel Lago,0,0,0,0,0,1,0,1,81,0,0,0,0,2,0
127,17 Aug 2025,,z0rmb36p9jp9acw2he9dgk4,Iosu Galech Apezteguía,Real Club Celta de Vigo,Getafe CF,Ferran Jutglà,0,0,0,0,1,0,0,0,16,0,0,1,0,2,0
127,17 Aug 2025,,z0rmb36p9jp9acw2he9dgk4,Iosu Galech Apezteguía,Real Club Celta de Vigo,Getafe CF,Fran Beltrán,0,0,0,0,1,0,0,0,31,0,0,0,0,1,0
127,17 Aug 2025,,z0rmb36p9jp9acw2he9dgk4,Iosu Galech Apezteguía,Real Club Celta de Vigo,Getafe CF,M. Ristić,0,0,1,1,0,1,0,0,44,0,0,0,0,0,0
127,17 Aug 2025,,z0rmb36p9jp9acw2he9dgk4,Iosu Galech Apezteguía,Real Club Celta de Vigo,Getafe CF,W. Swedberg,0,0,1,0,4,3,0,0,11,0,0,0,0,1,1
127,17 Aug 2025,,z0rmb36p9jp9acw2he9dgk4,Iosu Galech Apezteguía,Real Club Celta de Vigo,Getafe CF,I. Moriba,0,0,0,0,1,1,0,0,31,0,0,0,0,4,0
127,17 Aug 2025,,z0rmb36p9jp9acw2he9dgk4,Iosu Galech Apezteguía,Real Club Celta de Vigo,Getafe CF,I. Radu,0,0,0,0,0,0,0,0,14,0,1,0,0,0,0
127,17 Aug 2025,,z0rmb36p9jp9acw2he9dgk4,Iosu Galech Apezteguía,Real Club Celta de Vigo,Getafe CF,Hugo Sotelo,0,0,0,1,0,1,0,0,36,0,0,0,0,2,0
127,17 Aug 2025,,z0rmb36p9jp9acw2he9dgk4,Iosu Galech Apezteguía,Real Club Celta de Vigo,Getafe CF,J. El Abdellaoui,0,0,2,5,0,0,0,0,17,0,0,0,0,0,0
127,17 Aug 2025,,z0rmb36p9jp9acw2he9dgk4,Iosu Galech Apezteguía,Real Club Celta de Vigo,Getafe CF,Bryan Zaragoza,0,1,2,2,1,0,0,0,12,0,0,2,0,3,0
127,17 Aug 2025,,z0rmb36p9jp9acw2he9dgk4,Iosu Galech Apezteguía,Real Club Celta de Vigo,Getafe CF,Borja Iglesias,0,0,0,0,2,0,0,0,7,0,0,0,0,1,0
127,17 Aug 2025,,z0rmb36p9jp9acw2he9dgk4,Iosu Galech Apezteguía,Real Club Celta de Vigo,Getafe CF,Pablo Durán,0,1,1,0,0,1,0,0,3,0,0,1,0,0,0
127,17 Aug 2025,,z0rmb36p9jp9acw2he9dgk4,Iosu Galech Apezteguía,Real Club Celta de Vigo,Getafe CF,Luis Milla,0,0,0,1,0,1,0,0,25,0,0,0,0,0,0
127,17 Aug 2025,,z0rmb36p9jp9acw2he9dgk4,Iosu Galech Apezteguía,Real Club Celta de Vigo,Getafe CF,D. Dakonam,0,0,0,0,0,0,0,0,23,0,0,0,0,2,0
127,17 Aug 2025,,z0rmb36p9jp9acw2he9dgk4,Iosu Galech Apezteguía,Real Club Celta de Vigo,Getafe CF,M. Arambarri,0,0,0,0,0,2,0,0,15,0,0,2,1,1,0
127,17 Aug 2025,,z0rmb36p9jp9acw2he9dgk4,Iosu Galech Apezteguía,Real Club Celta de Vigo,Getafe CF,Diego Rico,0,0,0,0,0,1,0,0,28,0,0,1,0,0,0
127,17 Aug 2025,,z0rmb36p9jp9acw2he9dgk4,Iosu Galech Apezteguía,Real Club Celta de Vigo,Getafe CF,C. Uche,1,0,0,0,5,2,1,0,20,0,0,2,1,1,1
127,17 Aug 2025,,z0rmb36p9jp9acw2he9dgk4,Iosu Galech Apezteguía,Real Club Celta de Vigo,Getafe CF,Juan Iglesias,0,0,0,0,3,3,0,0,33,0,0,0,0,5,0
127,17 Aug 2025,,z0rmb36p9jp9acw2he9dgk4,Iosu Galech Apezteguía,Real Club Celta de Vigo,Getafe CF,Davinchi,0,1,0,1,1,0,0,0,28,0,0,1,0,3,0
127,17 Aug 2025,,z0rmb36p9jp9acw2he9dgk4,Iosu Galech Apezteguía,Real Club Celta de Vigo,Getafe CF,I. Bekhoucha,1,0,1,2,4,2,0,0,15,0,0,0,0,4,0
127,17 Aug 2025,,z0rmb36p9jp9acw2he9dgk4,Iosu Galech Apezteguía,Real Club Celta de Vigo,Getafe CF,Mario Martín,0,3,2,1,2,2,0,0,31,0,0,3,0,2,0
127,17 Aug 2025,,z0rmb36p9jp9acw2he9dgk4,Iosu Galech Apezteguía,Real Club Celta de Vigo,Getafe CF,David Soria,0,0,0,0,0,0,0,0,28,0,4,0,0,0,1
127,17 Aug 2025,,z0rmb36p9jp9acw2he9dgk4,Iosu Galech Apezteguía,Real Club Celta de Vigo,Getafe CF,Adrián Liso,0,0,0,3,2,0,1,0,11,0,0,1,1,3,0
127,17 Aug 2025,,z0rmb36p9jp9acw2he9dgk4,Iosu Galech Apezteguía,Real Club Celta de Vigo,Getafe CF,Álex Sola,0,0,0,0,0,2,0,0,0,0,0,0,0,0,0
128,26 Oct 2025,,z7hbnyt9xc1j8x9pacy6jmdw,Alejandro José Hernández Hernández,CA Osasuna,Real Club Celta de Vigo,Alejandro Catena,0,0,0,1,2,4,0,0,73,0,0,0,0,1,1
128,26 Oct 2025,,z7hbnyt9xc1j8x9pacy6jmdw,Alejandro José Hernández Hernández,CA Osasuna,Real Club Celta de Vigo,E. Boyomo,0,0,0,0,2,1,0,0,60,0,0,0,0,3,1
128,26 Oct 2025,,z7hbnyt9xc1j8x9pacy6jmdw,Alejandro José Hernández Hernández,CA Osasuna,Real Club Celta de Vigo,Moi Gómez,0,1,2,0,0,3,0,0,93,0,0,3,1,2,0
128,26 Oct 2025,,z7hbnyt9xc1j8x9pacy6jmdw,Alejandro José Hernández Hernández,CA Osasuna,Real Club Celta de Vigo,Asier Osambela,0,0,0,0,3,0,0,0,57,0,0,0,0,0,0
128,26 Oct 2025,,z7hbnyt9xc1j8x9pacy6jmdw,Alejandro José Hernández Hernández,CA Osasuna,Real Club Celta de Vigo,Abel Bretones,0,0,1,0,1,1,0,0,34,0,0,0,0,1,1
128,26 Oct 2025,,z7hbnyt9xc1j8x9pacy6jmdw,Alejandro José Hernández Hernández,CA Osasuna,Real Club Celta de Vigo,Jon Moncayola,0,0,1,14,0,0,0,0,66,0,0,0,0,3,0
128,26 Oct 2025,,z7hbnyt9xc1j8x9pacy6jmdw,Alejandro José Hernández Hernández,CA Osasuna,Real Club Celta de Vigo,Víctor Muñoz,0,1,0,6,1,0,0,0,26,0,0,3,2,1,0
128,26 Oct 2025,,z7hbnyt9xc1j8x9pacy6jmdw,Alejandro José Hernández Hernández,CA Osasuna,Real Club Celta de Vigo,Rubén García,1,0,0,3,0,1,0,0,40,0,0,3,0,1,0
128,26 Oct 2025,,z7hbnyt9xc1j8x9pacy6jmdw,Alejandro José Hernández Hernández,CA Osasuna,Real Club Celta de Vigo,A. Budimir,0,0,0,0,0,1,2,0,16,0,0,6,3,1,0
128,26 Oct 2025,,z7hbnyt9xc1j8x9pacy6jmdw,Alejandro José Hernández Hernández,CA Osasuna,Real Club Celta de Vigo,Sergio Herrera,0,0,0,0,0,0,0,0,26,0,2,0,0,0,0
128,26 Oct 2025,,z7hbnyt9xc1j8x9pacy6jmdw,Alejandro José Hernández Hernández,CA Osasuna,Real Club Celta de Vigo,Lucas Torró,0,0,0,0,0,1,0,0,49,0,0,0,0,1,0
128,26 Oct 2025,,z7hbnyt9xc1j8x9pacy6jmdw,Alejandro José Hernández Hernández,CA Osasuna,Real Club Celta de Vigo,Raúl García,0,0,1,0,0,0,0,0,7,0,0,1,1,0,0
128,26 Oct 2025,,z7hbnyt9xc1j8x9pacy6jmdw,Alejandro José Hernández Hernández,CA Osasuna,Real Club Celta de Vigo,Juan Cruz,0,0,0,0,0,0,0,0,4,0,0,0,0,0,0
128,26 Oct 2025,,z7hbnyt9xc1j8x9pacy6jmdw,Alejandro José Hernández Hernández,CA Osasuna,Real Club Celta de Vigo,Kike Barja,0,0,0,2,0,0,0,0,1,0,0,0,0,0,0
128,26 Oct 2025,,z7hbnyt9xc1j8x9pacy6jmdw,Alejandro José Hernández Hernández,CA Osasuna,Real Club Celta de Vigo,S. Becker,0,1,1,0,1,0,0,0,0,0,0,1,0,0,0
128,26 Oct 2025,,z7hbnyt9xc1j8x9pacy6jmdw,Alejandro José Hernández Hernández,CA Osasuna,Real Club Celta de Vigo,Iker Benito,0,0,0,0,0,1,0,0,3,0,0,0,0,0,0
128,26 Oct 2025,,z7hbnyt9xc1j8x9pacy6jmdw,Alejandro José Hernández Hernández,CA Osasuna,Real Club Celta de Vigo,Borja Iglesias,1,1,1,0,3,1,0,2,14,0,0,1,0,0,1
128,26 Oct 2025,,z7hbnyt9xc1j8x9pacy6jmdw,Alejandro José Hernández Hernández,CA Osasuna,Real Club Celta de Vigo,Damián Rodríguez,0,0,0,0,2,0,0,0,25,0,0,0,0,0,1
128,26 Oct 2025,,z7hbnyt9xc1j8x9pacy6jmdw,Alejandro José Hernández Hernández,CA Osasuna,Real Club Celta de Vigo,M. Ristić,0,0,0,0,0,0,0,0,35,0,0,0,0,0,0
128,26 Oct 2025,,z7hbnyt9xc1j8x9pacy6jmdw,Alejandro José Hernández Hernández,CA Osasuna,Real Club Celta de Vigo,Marcos Alonso,0,0,0,0,0,1,0,0,58,0,0,0,0,3,0
128,26 Oct 2025,,z7hbnyt9xc1j8x9pacy6jmdw,Alejandro José Hernández Hernández,CA Osasuna,Real Club Celta de Vigo,J. Aidoo,0,0,0,0,1,0,0,0,36,0,0,0,0,1,0
128,26 Oct 2025,,z7hbnyt9xc1j8x9pacy6jmdw,Alejandro José Hernández Hernández,CA Osasuna,Real Club Celta de Vigo,I. Radu,0,0,0,0,0,1,0,0,26,0,5,0,0,0,0
128,26 Oct 2025,,z7hbnyt9xc1j8x9pacy6jmdw,Alejandro José Hernández Hernández,CA Osasuna,Real Club Celta de Vigo,I. Moriba,0,0,0,0,1,1,0,0,33,0,0,0,0,2,0
128,26 Oct 2025,,z7hbnyt9xc1j8x9pacy6jmdw,Alejandro José Hernández Hernández,CA Osasuna,Real Club Celta de Vigo,Sergio Carreira,0,0,0,1,0,1,0,0,17,0,0,0,0,0,0
128,26 Oct 2025,,z7hbnyt9xc1j8x9pacy6jmdw,Alejandro José Hernández Hernández,CA Osasuna,Real Club Celta de Vigo,Bryan Zaragoza,0,1,0,3,0,0,0,1,20,0,0,4,1,0,0
128,26 Oct 2025,,z7hbnyt9xc1j8x9pacy6jmdw,Alejandro José Hernández Hernández,CA Osasuna,Real Club Celta de Vigo,Ferran Jutglà,0,0,0,0,2,3,2,1,15,0,0,4,3,1,1
128,26 Oct 2025,,z7hbnyt9xc1j8x9pacy6jmdw,Alejandro José Hernández Hernández,CA Osasuna,Real Club Celta de Vigo,Manu Fernández,0,0,0,0,1,0,0,0,29,0,0,0,0,0,1
128,26 Oct 2025,,z7hbnyt9xc1j8x9pacy6jmdw,Alejandro José Hernández Hernández,CA Osasuna,Real Club Celta de Vigo,Hugo Sotelo,0,0,0,0,1,0,0,0,24,0,0,1,0,0,0
128,26 Oct 2025,,z7hbnyt9xc1j8x9pacy6jmdw,Alejandro José Hernández Hernández,CA Osasuna,Real Club Celta de Vigo,J. El Abdellaoui,0,0,1,1,0,1,0,0,2,0,0,0,0,0,0
128,26 Oct 2025,,z7hbnyt9xc1j8x9pacy6jmdw,Alejandro José Hernández Hernández,CA Osasuna,Real Club Celta de Vigo,Óscar Mingueza,0,0,0,0,0,0,0,0,8,0,0,0,0,1,0
128,26 Oct 2025,,z7hbnyt9xc1j8x9pacy6jmdw,Alejandro José Hernández Hernández,CA Osasuna,Real Club Celta de Vigo,Pablo Durán,0,0,0,0,2,1,1,1,7,0,0,1,1,1,0
128,26 Oct 2025,,z7hbnyt9xc1j8x9pacy6jmdw,Alejandro José Hernández Hernández,CA Osasuna,Real Club Celta de Vigo,Iago Aspas,1,0,0,0,0,0,0,0,8,0,0,0,0,0,0
129,25 Oct 2025,,zkqu9lm76sa6ypjcluvnr578,Ricardo De Burgos Bengoetxea,Reial Club Deportiu Espanyol de Barcelona,Elche CF,L. Cabrera,0,0,0,0,2,1,0,0,31,0,0,0,0,0,1
129,25 Oct 2025,,zkqu9lm76sa6ypjcluvnr578,Ricardo De Burgos Bengoetxea,Reial Club Deportiu Espanyol de Barcelona,Elche CF,C. Pickel,0,0,0,0,1,0,0,0,20,0,0,0,0,3,0
129,25 Oct 2025,,zkqu9lm76sa6ypjcluvnr578,Ricardo De Burgos Bengoetxea,Reial Club Deportiu Espanyol de Barcelona,Elche CF,Jofre Carreras,0,0,1,2,0,1,0,0,14,0,0,1,1,1,0
129,25 Oct 2025,,zkqu9lm76sa6ypjcluvnr578,Ricardo De Burgos Bengoetxea,Reial Club Deportiu Espanyol de Barcelona,Elche CF,Roberto Fernández,0,0,0,0,4,1,0,0,17,0,0,4,1,0,0
129,25 Oct 2025,,zkqu9lm76sa6ypjcluvnr578,Ricardo De Burgos Bengoetxea,Reial Club Deportiu Espanyol de Barcelona,Elche CF,Pere Milla,0,0,2,0,1,2,0,0,20,0,0,6,3,1,1
129,25 Oct 2025,,zkqu9lm76sa6ypjcluvnr578,Ricardo De Burgos Bengoetxea,Reial Club Deportiu Espanyol de Barcelona,Elche CF,Edu Expósito,1,0,1,9,0,2,0,0,21,0,0,1,0,3,0
129,25 Oct 2025,,zkqu9lm76sa6ypjcluvnr578,Ricardo De Burgos Bengoetxea,Reial Club Deportiu Espanyol de Barcelona,Elche CF,Carlos Romero,0,0,0,1,1,0,1,0,17,0,0,1,1,2,0
129,25 Oct 2025,,zkqu9lm76sa6ypjcluvnr578,Ricardo De Burgos Bengoetxea,Reial Club Deportiu Espanyol de Barcelona,Elche CF,Rubén Sánchez,0,0,0,3,0,3,0,0,31,0,0,0,0,2,0
129,25 Oct 2025,,zkqu9lm76sa6ypjcluvnr578,Ricardo De Burgos Bengoetxea,Reial Club Deportiu Espanyol de Barcelona,Elche CF,M. Dmitrović,0,0,0,0,0,0,0,0,23,0,4,0,0,0,0
129,25 Oct 2025,,zkqu9lm76sa6ypjcluvnr578,Ricardo De Burgos Bengoetxea,Reial Club Deportiu Espanyol de Barcelona,Elche CF,Pol Lozano,0,1,0,2,5,2,0,0,24,0,0,2,1,1,1
129,25 Oct 2025,,zkqu9lm76sa6ypjcluvnr578,Ricardo De Burgos Bengoetxea,Reial Club Deportiu Espanyol de Barcelona,Elche CF,C. Riedel,0,0,0,0,0,0,0,0,22,0,0,0,0,1,1
129,25 Oct 2025,,zkqu9lm76sa6ypjcluvnr578,Ricardo De Burgos Bengoetxea,Reial Club Deportiu Espanyol de Barcelona,Elche CF,Fernando Calero,0,0,0,0,0,0,0,0,14,0,0,0,0,1,0
129,25 Oct 2025,,zkqu9lm76sa6ypjcluvnr578,Ricardo De Burgos Bengoetxea,Reial Club Deportiu Espanyol de Barcelona,Elche CF,T. Dolan,0,0,0,0,0,1,0,0,6,0,0,1,0,1,0
129,25 Oct 2025,,zkqu9lm76sa6ypjcluvnr578,Ricardo De Burgos Bengoetxea,Reial Club Deportiu Espanyol de Barcelona,Elche CF,O. El Hilali,0,0,0,1,0,0,0,0,3,0,0,0,0,0,0
129,25 Oct 2025,,zkqu9lm76sa6ypjcluvnr578,Ricardo De Burgos Bengoetxea,Reial Club Deportiu Espanyol de Barcelona,Elche CF,Urko González de Zárate,0,0,0,0,0,0,0,0,2,0,0,0,0,0,0
129,25 Oct 2025,,zkqu9lm76sa6ypjcluvnr578,Ricardo De Burgos Bengoetxea,Reial Club Deportiu Espanyol de Barcelona,Elche CF,José Salinas,0,0,0,0,0,0,0,0,1,0,0,0,0,0,0
129,25 Oct 2025,,zkqu9lm76sa6ypjcluvnr578,Ricardo De Burgos Bengoetxea,Reial Club Deportiu Espanyol de Barcelona,Elche CF,André Silva,0,1,0,0,1,1,0,1,31,0,0,3,0,0,0
129,25 Oct 2025,,zkqu9lm76sa6ypjcluvnr578,Ricardo De Burgos Bengoetxea,Reial Club Deportiu Espanyol de Barcelona,Elche CF,Iñaki Peña,0,0,0,0,0,1,0,0,73,0,6,0,0,0,0
129,25 Oct 2025,,zkqu9lm76sa6ypjcluvnr578,Ricardo De Burgos Bengoetxea,Reial Club Deportiu Espanyol de Barcelona,Elche CF,L. Pétrot,0,0,0,2,2,0,0,0,30,0,0,0,0,2,0
129,25 Oct 2025,,zkqu9lm76sa6ypjcluvnr578,Ricardo De Burgos Bengoetxea,Reial Club Deportiu Espanyol de Barcelona,Elche CF,Martim Neto,0,0,0,1,2,1,0,0,21,0,0,0,0,0,0
129,25 Oct 2025,,zkqu9lm76sa6ypjcluvnr578,Ricardo De Burgos Bengoetxea,Reial Club Deportiu Espanyol de Barcelona,Elche CF,Álvaro Núñez,0,0,0,6,3,0,0,0,81,0,0,0,0,3,1
129,25 Oct 2025,,zkqu9lm76sa6ypjcluvnr578,Ricardo De Burgos Bengoetxea,Reial Club Deportiu Espanyol de Barcelona,Elche CF,Rafa Mir,0,1,0,1,3,0,0,0,24,0,0,3,1,0,1
129,25 Oct 2025,,zkqu9lm76sa6ypjcluvnr578,Ricardo De Burgos Bengoetxea,Reial Club Deportiu Espanyol de Barcelona,Elche CF,Aleix Febas,0,0,0,1,0,4,0,0,49,0,0,1,1,1,0
129,25 Oct 2025,,zkqu9lm76sa6ypjcluvnr578,Ricardo De Burgos Bengoetxea,Reial Club Deportiu Espanyol de Barcelona,Elche CF,D. Affengruber,0,0,0,1,1,0,0,0,80,0,0,0,0,1,0
129,25 Oct 2025,,zkqu9lm76sa6ypjcluvnr578,Ricardo De Burgos Bengoetxea,Reial Club Deportiu Espanyol de Barcelona,Elche CF,Pedro Bigas,0,0,0,1,0,2,0,0,69,0,0,0,0,1,0
129,25 Oct 2025,,zkqu9lm76sa6ypjcluvnr578,Ricardo De Burgos Bengoetxea,Reial Club Deportiu Espanyol de Barcelona,Elche CF,Marc Aguado,0,0,0,0,1,0,0,0,33,0,0,0,0,1,0
129,25 Oct 2025,,zkqu9lm76sa6ypjcluvnr578,Ricardo De Burgos Bengoetxea,Reial Club Deportiu Espanyol de Barcelona,Elche CF,Germán Valera,0,0,1,1,0,0,0,0,26,0,0,1,1,1,0
129,25 Oct 2025,,zkqu9lm76sa6ypjcluvnr578,Ricardo De Burgos Bengoetxea,Reial Club Deportiu Espanyol de Barcelona,Elche CF,Rodrigo Mendoza,0,2,1,0,1,1,0,0,25,0,0,2,0,3,0
129,25 Oct 2025,,zkqu9lm76sa6ypjcluvnr578,Ricardo De Burgos Bengoetxea,Reial Club Deportiu Espanyol de Barcelona,Elche CF,Adrià Pedrosa,0,1,0,2,0,0,0,0,10,0,0,1,0,1,0
129,25 Oct 2025,,zkqu9lm76sa6ypjcluvnr578,Ricardo De Burgos Bengoetxea,Reial Club Deportiu Espanyol de Barcelona,Elche CF,Josan,0,0,0,3,0,0,0,0,13,0,0,1,1,0,0
129,25 Oct 2025,,zkqu9lm76sa6ypjcluvnr578,Ricardo De Burgos Bengoetxea,Reial Club Deportiu Espanyol de Barcelona,Elche CF,Á. Rodríguez,0,0,0,0,1,1,0,0,6,0,0,1,0,0,0
129,25 Oct 2025,,zkqu9lm76sa6ypjcluvnr578,Ricardo De Burgos Bengoetxea,Reial Club Deportiu Espanyol de Barcelona,Elche CF,Víctor Chust,0,0,0,0,0,1,0,0,27,0,0,0,0,0,0
130,26 Oct 2025,,zzqopgn9iz38xxwmgsl6ccus,Miguel Ángel Ortiz Arias,Real Club Deportivo Mallorca,Levante UD,Sergi Darder,0,0,0,5,1,0,0,1,37,0,0,3,0,1,1
130,26 Oct 2025,,zzqopgn9iz38xxwmgsl6ccus,Miguel Ángel Ortiz Arias,Real Club Deportivo Mallorca,Levante UD,Antonio Raíllo,0,0,0,0,1,1,0,0,82,0,0,1,0,0,0
130,26 Oct 2025,,zzqopgn9iz38xxwmgsl6ccus,Miguel Ángel Ortiz Arias,Real Club Deportivo Mallorca,Levante UD,V. Muriqi,0,0,0,0,1,2,0,1,16,0,0,2,1,0,0
130,26 Oct 2025,,zzqopgn9iz38xxwmgsl6ccus,Miguel Ángel Ortiz Arias,Real Club Deportivo Mallorca,Levante UD,Mateo Joseph,0,0,1,3,0,1,0,0,25,0,0,4,2,2,0
130,26 Oct 2025,,zzqopgn9iz38xxwmgsl6ccus,Miguel Ángel Ortiz Arias,Real Club Deportivo Mallorca,Levante UD,Leo Román,0,0,0,0,0,0,0,0,28,0,4,0,0,0,0
130,26 Oct 2025,,zzqopgn9iz38xxwmgsl6ccus,Miguel Ángel Ortiz Arias,Real Club Deportivo Mallorca,Levante UD,M. Valjent,0,1,0,0,2,0,0,0,63,0,0,1,0,1,1
130,26 Oct 2025,,zzqopgn9iz38xxwmgsl6ccus,Miguel Ángel Ortiz Arias,Real Club Deportivo Mallorca,Levante UD,Pablo Maffeo,0,0,0,5,0,2,1,0,50,0,0,1,1,3,0
130,26 Oct 2025,,zzqopgn9iz38xxwmgsl6ccus,Miguel Ángel Ortiz Arias,Real Club Deportivo Mallorca,Levante UD,Jan Virgili,0,2,1,3,0,1,0,0,28,0,0,2,0,0,0
130,26 Oct 2025,,zzqopgn9iz38xxwmgsl6ccus,Miguel Ángel Ortiz Arias,Real Club Deportivo Mallorca,Levante UD,J. Mojica,1,0,1,5,1,3,0,1,70,0,0,1,0,1,0
130,26 Oct 2025,,zzqopgn9iz38xxwmgsl6ccus,Miguel Ángel Ortiz Arias,Real Club Deportivo Mallorca,Levante UD,Samú Costa,0,2,1,3,2,1,0,0,46,0,0,3,0,1,1
130,26 Oct 2025,,zzqopgn9iz38xxwmgsl6ccus,Miguel Ángel Ortiz Arias,Real Club Deportivo Mallorca,Levante UD,Manu Morlanes,0,0,1,2,0,0,0,0,63,0,0,1,0,1,0
130,26 Oct 2025,,zzqopgn9iz38xxwmgsl6ccus,Miguel Ángel Ortiz Arias,Real Club Deportivo Mallorca,Levante UD,Pablo Torre,0,0,0,3,0,0,0,0,31,0,0,0,0,0,0
130,26 Oct 2025,,zzqopgn9iz38xxwmgsl6ccus,Miguel Ángel Ortiz Arias,Real Club Deportivo Mallorca,Levante UD,Javi Llabrés,0,0,0,2,0,0,0,0,6,0,0,1,0,0,0
130,26 Oct 2025,,zzqopgn9iz38xxwmgsl6ccus,Miguel Ángel Ortiz Arias,Real Club Deportivo Mallorca,Levante UD,Antonio Sánchez,0,0,0,0,0,0,0,0,5,0,0,0,0,0,0
130,26 Oct 2025,,zzqopgn9iz38xxwmgsl6ccus,Miguel Ángel Ortiz Arias,Real Club Deportivo Mallorca,Levante UD,Marc Domenech,0,0,0,0,0,0,0,0,1,0,0,0,0,0,0
130,26 Oct 2025,,zzqopgn9iz38xxwmgsl6ccus,Miguel Ángel Ortiz Arias,Real Club Deportivo Mallorca,Levante UD,Pablo Martínez,0,0,1,5,0,0,0,0,29,0,0,2,1,0,0
130,26 Oct 2025,,zzqopgn9iz38xxwmgsl6ccus,Miguel Ángel Ortiz Arias,Real Club Deportivo Mallorca,Levante UD,Manu Sánchez,0,0,1,3,0,1,0,0,26,0,0,1,1,2,0
130,26 Oct 2025,,zzqopgn9iz38xxwmgsl6ccus,Miguel Ángel Ortiz Arias,Real Club Deportivo Mallorca,Levante UD,Unai Vencedor,0,0,0,3,2,0,0,0,33,0,0,0,0,3,0
130,26 Oct 2025,,zzqopgn9iz38xxwmgsl6ccus,Miguel Ángel Ortiz Arias,Real Club Deportivo Mallorca,Levante UD,K. Arriaga,0,0,0,0,1,3,0,0,33,0,0,1,1,2,1
130,26 Oct 2025,,zzqopgn9iz38xxwmgsl6ccus,Miguel Ángel Ortiz Arias,Real Club Deportivo Mallorca,Levante UD,Unai Elgezabal,0,0,0,0,2,0,0,0,41,0,0,0,0,1,0
130,26 Oct 2025,,zzqopgn9iz38xxwmgsl6ccus,Miguel Ángel Ortiz Arias,Real Club Deportivo Mallorca,Levante UD,J. Toljan,0,0,1,0,1,0,0,1,16,0,0,0,0,3,0
130,26 Oct 2025,,zzqopgn9iz38xxwmgsl6ccus,Miguel Ángel Ortiz Arias,Real Club Deportivo Mallorca,Levante UD,M. Moreno,0,0,0,0,1,0,0,1,31,0,0,0,0,1,0
130,26 Oct 2025,,zzqopgn9iz38xxwmgsl6ccus,Miguel Ángel Ortiz Arias,Real Club Deportivo Mallorca,Levante UD,G. Koyalipou,0,1,0,0,0,0,0,1,15,0,0,1,0,1,0
130,26 Oct 2025,,zzqopgn9iz38xxwmgsl6ccus,Miguel Ángel Ortiz Arias,Real Club Deportivo Mallorca,Levante UD,Víctor García,0,1,0,2,2,1,0,0,20,0,0,1,0,1,0
130,26 Oct 2025,,zzqopgn9iz38xxwmgsl6ccus,Miguel Ángel Ortiz Arias,Real Club Deportivo Mallorca,Levante UD,E. Eyong,0,0,0,0,4,2,1,0,19,0,0,2,1,6,1
130,26 Oct 2025,,zzqopgn9iz38xxwmgsl6ccus,Miguel Ángel Ortiz Arias,Real Club Deportivo Mallorca,Levante UD,M. Ryan,0,0,0,0,0,0,0,0,34,0,4,0,0,0,0
130,26 Oct 2025,,zzqopgn9iz38xxwmgsl6ccus,Miguel Ángel Ortiz Arias,Real Club Deportivo Mallorca,Levante UD,Roger Brugué,0,1,1,0,0,0,0,0,11,0,0,2,0,0,0
130,26 Oct 2025,,zzqopgn9iz38xxwmgsl6ccus,Miguel Ángel Ortiz Arias,Real Club Deportivo Mallorca,Levante UD,Adrián de la Fuente,0,0,0,1,0,0,0,0,7,0,0,0,0,0,0
130,26 Oct 2025,,zzqopgn9iz38xxwmgsl6ccus,Miguel Ángel Ortiz Arias,Real Club Deportivo Mallorca,Levante UD,Carlos Álvarez,0,1,0,0,0,0,0,0,8,0,0,1,0,1,0
130,26 Oct 2025,,zzqopgn9iz38xxwmgsl6ccus,Miguel Ángel Ortiz Arias,Real Club Deportivo Mallorca,Levante UD,Jon Olasagasti,0,1,0,0,0,0,0,0,3,0,0,1,0,1,0
130,26 Oct 2025,,zzqopgn9iz38xxwmgsl6ccus,Miguel Ángel Ortiz Arias,Real Club Deportivo Mallorca,Levante UD,José Luis Morales,0,0,0,0,0,0,0,0,5,0,0,1,1,0,0
69,19 Sep 2025,,exqzwxpls360bd9qf89ggff8,Mateo Busquets Ferrer,Real Betis Balompié,Real Sociedad de Fútbol,Héctor Bellerín,1,0,0,0,2,0,0,0,42,0,0,0,0,3,0
69,19 Sep 2025,,exqzwxpls360bd9qf89ggff8,Mateo Busquets Ferrer,Real Betis Balompié,Real Sociedad de Fútbol,Diego Llorente,0,0,0,0,0,0,0,0,36,0,0,0,0,1,0
69,19 Sep 2025,,exqzwxpls360bd9qf89ggff8,Mateo Busquets Ferrer,Real Betis Balompié,Real Sociedad de Fútbol,Natan,0,0,0,0,1,0,0,0,51,0,0,1,1,0,1
69,19 Sep 2025,,exqzwxpls360bd9qf89ggff8,Mateo Busquets Ferrer,Real Betis Balompié,Real Sociedad de Fútbol,J. Firpo,0,0,0,0,2,1,0,0,35,0,0,0,0,1,1
69,19 Sep 2025,,exqzwxpls360bd9qf89ggff8,Mateo Busquets Ferrer,Real Betis Balompié,Real Sociedad de Fútbol,A. Ezzalzouli,0,1,2,3,0,7,0,0,24,0,0,5,1,1,0
69,19 Sep 2025,,exqzwxpls360bd9qf89ggff8,Mateo Busquets Ferrer,Real Betis Balompié,Real Sociedad de Fútbol,S. Amrabat,0,1,0,0,1,2,0,0,50,0,0,2,0,2,1
69,19 Sep 2025,,exqzwxpls360bd9qf89ggff8,Mateo Busquets Ferrer,Real Betis Balompié,Real Sociedad de Fútbol,Pau López,0,0,0,0,0,0,0,0,30,0,4,0,0,0,0
69,19 Sep 2025,,exqzwxpls360bd9qf89ggff8,Mateo Busquets Ferrer,Real Betis Balompié,Real Sociedad de Fútbol,G. Lo Celso,1,1,1,2,0,6,0,0,58,0,0,1,0,3,0
69,19 Sep 2025,,exqzwxpls360bd9qf89ggff8,Mateo Busquets Ferrer,Real Betis Balompié,Real Sociedad de Fútbol,Pablo Fornals,0,1,0,1,0,1,1,0,35,0,0,3,1,2,0
69,19 Sep 2025,,exqzwxpls360bd9qf89ggff8,Mateo Busquets Ferrer,Real Betis Balompié,Real Sociedad de Fútbol,C. Hernández,0,1,0,0,0,1,1,0,29,0,0,3,2,1,0
69,19 Sep 2025,,exqzwxpls360bd9qf89ggff8,Mateo Busquets Ferrer,Real Betis Balompié,Real Sociedad de Fútbol,Antony,0,2,0,0,1,2,0,0,27,0,0,4,1,3,0
69,19 Sep 2025,,exqzwxpls360bd9qf89ggff8,Mateo Busquets Ferrer,Real Betis Balompié,Real Sociedad de Fútbol,Marc Bartra,0,0,0,0,0,0,0,0,24,0,0,0,0,3,0
69,19 Sep 2025,,exqzwxpls360bd9qf89ggff8,Mateo Busquets Ferrer,Real Betis Balompié,Real Sociedad de Fútbol,Pablo García,0,0,0,0,0,0,0,0,9,0,0,1,0,3,0
69,19 Sep 2025,,exqzwxpls360bd9qf89ggff8,Mateo Busquets Ferrer,Real Betis Balompié,Real Sociedad de Fútbol,V. Gómez,0,0,0,0,0,0,0,0,19,0,0,1,0,3,0
69,19 Sep 2025,,exqzwxpls360bd9qf89ggff8,Mateo Busquets Ferrer,Real Betis Balompié,Real Sociedad de Fútbol,Marc Roca,0,0,0,0,0,0,0,0,17,0,0,0,0,0,0
69,19 Sep 2025,,exqzwxpls360bd9qf89ggff8,Mateo Busquets Ferrer,Real Betis Balompié,Real Sociedad de Fútbol,Rodrigo Riquelme,0,0,0,0,0,0,0,0,5,0,0,0,0,0,0
69,19 Sep 2025,,exqzwxpls360bd9qf89ggff8,Mateo Busquets Ferrer,Real Betis Balompié,Real Sociedad de Fútbol,Brais Méndez,0,1,1,7,2,2,1,2,46,0,0,3,2,2,1
69,19 Sep 2025,,exqzwxpls360bd9qf89ggff8,Mateo Busquets Ferrer,Real Betis Balompié,Real Sociedad de Fútbol,Jon Gorrotxategi,0,0,0,0,3,0,0,0,30,0,0,0,0,3,0
69,19 Sep 2025,,exqzwxpls360bd9qf89ggff8,Mateo Busquets Ferrer,Real Betis Balompié,Real Sociedad de Fútbol,Igor Zubeldia,0,0,0,0,2,0,0,0,53,0,0,0,0,1,1
69,19 Sep 2025,,exqzwxpls360bd9qf89ggff8,Mateo Busquets Ferrer,Real Betis Balompié,Real Sociedad de Fútbol,J. Aramburu,0,0,0,1,4,0,0,0,33,0,0,1,0,6,1
69,19 Sep 2025,,exqzwxpls360bd9qf89ggff8,Mateo Busquets Ferrer,Real Betis Balompié,Real Sociedad de Fútbol,Sergio Gómez,0,0,1,2,1,0,0,0,61,0,0,0,0,8,0
69,19 Sep 2025,,exqzwxpls360bd9qf89ggff8,Mateo Busquets Ferrer,Real Betis Balompié,Real Sociedad de Fútbol,Pablo Marín,0,1,1,0,2,0,0,0,23,0,0,2,1,1,1
69,19 Sep 2025,,exqzwxpls360bd9qf89ggff8,Mateo Busquets Ferrer,Real Betis Balompié,Real Sociedad de Fútbol,D. Ćaleta-Car,0,0,0,0,2,0,0,0,57,0,0,0,0,0,1
69,19 Sep 2025,,exqzwxpls360bd9qf89ggff8,Mateo Busquets Ferrer,Real Betis Balompié,Real Sociedad de Fútbol,Ander Barrenetxea,1,0,0,1,1,1,0,0,15,0,0,1,1,0,0
69,19 Sep 2025,,exqzwxpls360bd9qf89ggff8,Mateo Busquets Ferrer,Real Betis Balompié,Real Sociedad de Fútbol,Álex Remiro,0,0,0,0,0,0,0,0,31,0,4,0,0,0,0
69,19 Sep 2025,,exqzwxpls360bd9qf89ggff8,Mateo Busquets Ferrer,Real Betis Balompié,Real Sociedad de Fútbol,T. Kubo,0,1,1,2,0,2,0,0,18,0,0,1,0,4,0
69,19 Sep 2025,,exqzwxpls360bd9qf89ggff8,Mateo Busquets Ferrer,Real Betis Balompié,Real Sociedad de Fútbol,Mikel Oyarzabal,0,0,0,0,2,1,0,0,20,0,0,1,0,0,0
69,19 Sep 2025,,exqzwxpls360bd9qf89ggff8,Mateo Busquets Ferrer,Real Betis Balompié,Real Sociedad de Fútbol,Gonçalo Guedes,0,1,1,2,0,0,0,1,11,0,0,2,1,0,0
69,19 Sep 2025,,exqzwxpls360bd9qf89ggff8,Mateo Busquets Ferrer,Real Betis Balompié,Real Sociedad de Fútbol,Carlos Soler,0,0,0,0,1,0,0,0,35,0,0,0,0,0,1
69,19 Sep 2025,,exqzwxpls360bd9qf89ggff8,Mateo Busquets Ferrer,Real Betis Balompié,Real Sociedad de Fútbol,L. Sučić,0,0,0,0,0,0,0,0,18,0,0,0,0,0,0
69,19 Sep 2025,,exqzwxpls360bd9qf89ggff8,Mateo Busquets Ferrer,Real Betis Balompié,Real Sociedad de Fútbol,A. Zakharyan,0,0,0,0,0,0,0,0,18,0,0,0,0,0,0
69,19 Sep 2025,,exqzwxpls360bd9qf89ggff8,Mateo Busquets Ferrer,Real Betis Balompié,Real Sociedad de Fútbol,Aritz Elustondo,0,0,0,0,0,0,0,0,12,0,0,0,0,0,0
70,19 Aug 2025,,f46gwc0un9j7qzyfl4fpo6n10,Adrián Cordero Vega,Real Madrid CF,CA Osasuna,K. Mbappé,0,3,1,0,1,2,1,0,47,0,0,6,2,0,1
70,19 Aug 2025,,f46gwc0un9j7qzyfl4fpo6n10,Adrián Cordero Vega,Real Madrid CF,CA Osasuna,T. Courtois,0,0,0,0,0,0,0,0,26,0,0,0,0,0,0
70,19 Aug 2025,,f46gwc0un9j7qzyfl4fpo6n10,Adrián Cordero Vega,Real Madrid CF,CA Osasuna,F. Valverde,0,0,0,1,0,0,0,0,73,0,0,1,0,1,0
70,19 Aug 2025,,f46gwc0un9j7qzyfl4fpo6n10,Adrián Cordero Vega,Real Madrid CF,CA Osasuna,Dean Huijsen,0,0,0,0,2,3,0,0,95,0,0,2,1,2,0
70,19 Aug 2025,,f46gwc0un9j7qzyfl4fpo6n10,Adrián Cordero Vega,Real Madrid CF,CA Osasuna,A. Güler,0,0,0,3,1,1,0,0,78,0,0,1,0,3,0
70,19 Aug 2025,,f46gwc0un9j7qzyfl4fpo6n10,Adrián Cordero Vega,Real Madrid CF,CA Osasuna,T. Alexander-Arnold,0,0,1,7,1,0,0,0,64,0,0,0,0,0,0
70,19 Aug 2025,,f46gwc0un9j7qzyfl4fpo6n10,Adrián Cordero Vega,Real Madrid CF,CA Osasuna,Éder Militão,0,0,1,0,3,0,0,0,76,0,0,1,1,2,0
70,19 Aug 2025,,f46gwc0un9j7qzyfl4fpo6n10,Adrián Cordero Vega,Real Madrid CF,CA Osasuna,Álvaro Carreras,0,1,0,2,0,1,0,0,99,0,0,2,0,0,0
70,19 Aug 2025,,f46gwc0un9j7qzyfl4fpo6n10,Adrián Cordero Vega,Real Madrid CF,CA Osasuna,Vinícius Júnior,0,0,2,2,0,1,0,0,48,0,0,1,0,3,0
70,19 Aug 2025,,f46gwc0un9j7qzyfl4fpo6n10,Adrián Cordero Vega,Real Madrid CF,CA Osasuna,Brahim Díaz,0,0,1,2,1,0,0,0,26,0,0,0,0,2,0
70,19 Aug 2025,,f46gwc0un9j7qzyfl4fpo6n10,Adrián Cordero Vega,Real Madrid CF,CA Osasuna,A. Tchouaméni,0,2,1,0,0,2,0,0,41,0,0,3,0,1,0
70,19 Aug 2025,,f46gwc0un9j7qzyfl4fpo6n10,Adrián Cordero Vega,Real Madrid CF,CA Osasuna,F. Mastantuono,0,0,0,2,0,0,0,0,19,0,0,1,1,1,0
70,19 Aug 2025,,f46gwc0un9j7qzyfl4fpo6n10,Adrián Cordero Vega,Real Madrid CF,CA Osasuna,Dani Carvajal,0,0,0,0,1,0,0,0,22,0,0,0,0,1,0
70,19 Aug 2025,,f46gwc0un9j7qzyfl4fpo6n10,Adrián Cordero Vega,Real Madrid CF,CA Osasuna,Gonzalo García,0,0,0,0,0,2,0,0,4,0,0,0,0,0,0
70,19 Aug 2025,,f46gwc0un9j7qzyfl4fpo6n10,Adrián Cordero Vega,Real Madrid CF,CA Osasuna,Dani Ceballos,0,0,0,0,0,0,0,0,3,0,0,0,0,0,0
70,19 Aug 2025,,f46gwc0un9j7qzyfl4fpo6n10,Adrián Cordero Vega,Real Madrid CF,CA Osasuna,Juan Cruz,0,0,0,0,1,0,0,0,26,0,0,0,0,0,0
70,19 Aug 2025,,f46gwc0un9j7qzyfl4fpo6n10,Adrián Cordero Vega,Real Madrid CF,CA Osasuna,V. Rosier,0,0,0,2,2,0,0,0,36,0,0,0,0,2,0
70,19 Aug 2025,,f46gwc0un9j7qzyfl4fpo6n10,Adrián Cordero Vega,Real Madrid CF,CA Osasuna,Abel Bretones,0,0,0,1,1,2,0,0,22,1,0,0,0,3,0
70,19 Aug 2025,,f46gwc0un9j7qzyfl4fpo6n10,Adrián Cordero Vega,Real Madrid CF,CA Osasuna,E. Boyomo,0,0,0,0,0,0,0,0,37,0,0,0,0,5,0
70,19 Aug 2025,,f46gwc0un9j7qzyfl4fpo6n10,Adrián Cordero Vega,Real Madrid CF,CA Osasuna,Jon Moncayola,0,0,0,3,1,1,0,0,31,0,0,0,0,2,0
70,19 Aug 2025,,f46gwc0un9j7qzyfl4fpo6n10,Adrián Cordero Vega,Real Madrid CF,CA Osasuna,Rubén García,0,0,0,3,0,2,0,0,19,0,0,0,0,0,0
70,19 Aug 2025,,f46gwc0un9j7qzyfl4fpo6n10,Adrián Cordero Vega,Real Madrid CF,CA Osasuna,Sergio Herrera,0,0,0,0,0,0,0,0,24,0,4,0,0,0,0
70,19 Aug 2025,,f46gwc0un9j7qzyfl4fpo6n10,Adrián Cordero Vega,Real Madrid CF,CA Osasuna,Lucas Torró,0,0,0,0,1,0,0,0,29,0,0,0,0,2,0
70,19 Aug 2025,,f46gwc0un9j7qzyfl4fpo6n10,Adrián Cordero Vega,Real Madrid CF,CA Osasuna,A. Budimir,0,0,0,0,4,2,0,0,14,0,0,2,0,2,0
70,19 Aug 2025,,f46gwc0un9j7qzyfl4fpo6n10,Adrián Cordero Vega,Real Madrid CF,CA Osasuna,Alejandro Catena,0,0,0,0,0,0,0,0,29,0,0,0,0,0,0
70,19 Aug 2025,,f46gwc0un9j7qzyfl4fpo6n10,Adrián Cordero Vega,Real Madrid CF,CA Osasuna,Aimar Oroz,0,0,0,0,2,0,0,0,19,0,0,0,0,4,0
70,19 Aug 2025,,f46gwc0un9j7qzyfl4fpo6n10,Adrián Cordero Vega,Real Madrid CF,CA Osasuna,Víctor Muñoz,0,0,0,0,0,2,0,0,1,0,0,0,0,0,0
70,19 Aug 2025,,f46gwc0un9j7qzyfl4fpo6n10,Adrián Cordero Vega,Real Madrid CF,CA Osasuna,Moi Gómez,0,0,0,0,0,1,0,0,9,0,0,0,0,0,0
70,19 Aug 2025,,f46gwc0un9j7qzyfl4fpo6n10,Adrián Cordero Vega,Real Madrid CF,CA Osasuna,Raúl García,0,0,0,0,0,0,0,0,3,0,0,0,0,0,0
71,16 Aug 2025,,f4pxrt9gy35rbm5zxmjvxu5uc,José María Sánchez Martínez,Valencia CF,Real Sociedad de Fútbol,Julen Agirrezabala,0,0,0,0,0,0,0,0,34,0,2,0,0,0,0
71,16 Aug 2025,,f4pxrt9gy35rbm5zxmjvxu5uc,José María Sánchez Martínez,Valencia CF,Real Sociedad de Fútbol,D. Foulquier,0,0,1,1,0,0,0,0,42,0,0,0,0,3,0
71,16 Aug 2025,,f4pxrt9gy35rbm5zxmjvxu5uc,José María Sánchez Martínez,Valencia CF,Real Sociedad de Fútbol,Diego López,0,1,0,1,0,0,1,1,21,0,0,2,1,0,0
71,16 Aug 2025,,f4pxrt9gy35rbm5zxmjvxu5uc,José María Sánchez Martínez,Valencia CF,Real Sociedad de Fútbol,Dani Raba,1,2,1,1,1,1,0,0,21,0,0,4,0,1,0
71,16 Aug 2025,,f4pxrt9gy35rbm5zxmjvxu5uc,José María Sánchez Martínez,Valencia CF,Real Sociedad de Fútbol,Luis Rioja,0,1,2,4,0,3,0,0,25,0,0,2,0,0,0
71,16 Aug 2025,,f4pxrt9gy35rbm5zxmjvxu5uc,José María Sánchez Martínez,Valencia CF,Real Sociedad de Fútbol,Pepelu,0,1,0,4,1,0,0,0,33,0,0,1,0,4,0
71,16 Aug 2025,,f4pxrt9gy35rbm5zxmjvxu5uc,José María Sánchez Martínez,Valencia CF,Real Sociedad de Fútbol,Javi Guerra,0,1,1,3,1,1,0,0,38,0,0,2,1,0,0
71,16 Aug 2025,,f4pxrt9gy35rbm5zxmjvxu5uc,José María Sánchez Martínez,Valencia CF,Real Sociedad de Fútbol,César Tárrega,0,1,0,0,0,0,0,0,55,0,0,1,0,1,0
71,16 Aug 2025,,f4pxrt9gy35rbm5zxmjvxu5uc,José María Sánchez Martínez,Valencia CF,Real Sociedad de Fútbol,Copete,0,0,0,0,0,0,0,0,59,0,0,2,0,1,0
71,16 Aug 2025,,f4pxrt9gy35rbm5zxmjvxu5uc,José María Sánchez Martínez,Valencia CF,Real Sociedad de Fútbol,José Gayà,0,0,0,6,2,0,0,0,25,0,0,0,0,2,1
71,16 Aug 2025,,f4pxrt9gy35rbm5zxmjvxu5uc,José María Sánchez Martínez,Valencia CF,Real Sociedad de Fútbol,Hugo Duro,0,1,1,0,0,2,0,0,12,0,0,2,0,0,0
71,16 Aug 2025,,f4pxrt9gy35rbm5zxmjvxu5uc,José María Sánchez Martínez,Valencia CF,Real Sociedad de Fútbol,A. Danjuma,0,1,0,0,0,3,0,0,2,0,0,1,0,0,0
71,16 Aug 2025,,f4pxrt9gy35rbm5zxmjvxu5uc,José María Sánchez Martínez,Valencia CF,Real Sociedad de Fútbol,André Almeida,0,0,1,3,0,0,0,0,10,0,0,0,0,0,0
71,16 Aug 2025,,f4pxrt9gy35rbm5zxmjvxu5uc,José María Sánchez Martínez,Valencia CF,Real Sociedad de Fútbol,B. Santamaría,0,0,0,0,0,0,0,0,9,0,0,1,0,0,0
71,16 Aug 2025,,f4pxrt9gy35rbm5zxmjvxu5uc,José María Sánchez Martínez,Valencia CF,Real Sociedad de Fútbol,Jesús Vázquez,0,0,0,0,0,1,0,0,5,0,0,0,0,0,0
71,16 Aug 2025,,f4pxrt9gy35rbm5zxmjvxu5uc,José María Sánchez Martínez,Valencia CF,Real Sociedad de Fútbol,F. Ugrinic,0,0,1,1,0,0,0,0,4,0,0,0,0,0,0
71,16 Aug 2025,,f4pxrt9gy35rbm5zxmjvxu5uc,José María Sánchez Martínez,Valencia CF,Real Sociedad de Fútbol,Mikel Oyarzabal,0,1,1,0,0,0,0,0,20,0,0,2,1,0,0
71,16 Aug 2025,,f4pxrt9gy35rbm5zxmjvxu5uc,José María Sánchez Martínez,Valencia CF,Real Sociedad de Fútbol,Brais Méndez,1,0,1,1,0,0,0,0,25,0,0,2,1,0,0
71,16 Aug 2025,,f4pxrt9gy35rbm5zxmjvxu5uc,José María Sánchez Martínez,Valencia CF,Real Sociedad de Fútbol,Igor Zubeldia,0,0,0,0,0,0,0,0,30,0,0,0,0,2,0
71,16 Aug 2025,,f4pxrt9gy35rbm5zxmjvxu5uc,José María Sánchez Martínez,Valencia CF,Real Sociedad de Fútbol,Ander Barrenetxea,0,0,1,6,1,1,0,0,36,0,0,3,0,1,0
71,16 Aug 2025,,f4pxrt9gy35rbm5zxmjvxu5uc,José María Sánchez Martínez,Valencia CF,Real Sociedad de Fútbol,Aihen Muñoz,0,0,1,2,2,0,0,0,29,0,0,0,0,3,1
71,16 Aug 2025,,f4pxrt9gy35rbm5zxmjvxu5uc,José María Sánchez Martínez,Valencia CF,Real Sociedad de Fútbol,D. Ćaleta-Car,0,0,0,0,0,0,0,0,36,0,0,0,0,2,0
71,16 Aug 2025,,f4pxrt9gy35rbm5zxmjvxu5uc,José María Sánchez Martínez,Valencia CF,Real Sociedad de Fútbol,Álex Remiro,0,0,0,0,0,0,0,0,26,0,1,0,0,0,0
71,16 Aug 2025,,f4pxrt9gy35rbm5zxmjvxu5uc,José María Sánchez Martínez,Valencia CF,Real Sociedad de Fútbol,J. Aramburu,0,0,1,2,4,0,0,0,48,0,0,0,0,4,0
71,16 Aug 2025,,f4pxrt9gy35rbm5zxmjvxu5uc,José María Sánchez Martínez,Valencia CF,Real Sociedad de Fútbol,Pablo Marín,0,0,0,0,1,1,0,0,21,0,0,0,0,2,0
71,16 Aug 2025,,f4pxrt9gy35rbm5zxmjvxu5uc,José María Sánchez Martínez,Valencia CF,Real Sociedad de Fútbol,Beñat Turrientes,0,1,0,0,1,1,0,0,32,0,0,2,0,3,1
71,16 Aug 2025,,f4pxrt9gy35rbm5zxmjvxu5uc,José María Sánchez Martínez,Valencia CF,Real Sociedad de Fútbol,T. Kubo,0,0,2,1,0,2,1,2,18,0,0,2,1,0,0
71,16 Aug 2025,,f4pxrt9gy35rbm5zxmjvxu5uc,José María Sánchez Martínez,Valencia CF,Real Sociedad de Fútbol,O. Óskarsson,0,0,0,0,0,0,0,0,3,0,0,1,0,0,0
71,16 Aug 2025,,f4pxrt9gy35rbm5zxmjvxu5uc,José María Sánchez Martínez,Valencia CF,Real Sociedad de Fútbol,Aritz Elustondo,0,0,0,0,1,0,0,0,3,0,0,0,0,0,0
71,16 Aug 2025,,f4pxrt9gy35rbm5zxmjvxu5uc,José María Sánchez Martínez,Valencia CF,Real Sociedad de Fútbol,Gonçalo Guedes,0,1,0,0,0,0,0,0,5,0,0,1,0,0,0
71,16 Aug 2025,,f4pxrt9gy35rbm5zxmjvxu5uc,José María Sánchez Martínez,Valencia CF,Real Sociedad de Fútbol,Sergio Gómez,0,0,0,1,1,0,0,0,4,0,0,0,0,2,0
71,16 Aug 2025,,f4pxrt9gy35rbm5zxmjvxu5uc,José María Sánchez Martínez,Valencia CF,Real Sociedad de Fútbol,Urko González de Zárate,0,0,0,0,0,0,0,0,4,0,0,0,0,0,0
72,15 Aug 2025,,f56qt74kmg9pbt0ci47030mqc,Alejandro Muñíz Ruiz,Villarreal CF,Real Oviedo,Gerard Moreno,0,2,0,2,0,0,0,0,35,0,0,4,2,0,0
72,15 Aug 2025,,f56qt74kmg9pbt0ci47030mqc,Alejandro Muñíz Ruiz,Villarreal CF,Real Oviedo,Luíz Júnior,0,0,0,0,1,0,0,0,13,0,4,0,0,0,1
72,15 Aug 2025,,f56qt74kmg9pbt0ci47030mqc,Alejandro Muñíz Ruiz,Villarreal CF,Real Oviedo,Yeremy Pino,0,0,0,7,1,0,0,0,58,0,0,2,1,0,0
72,15 Aug 2025,,f56qt74kmg9pbt0ci47030mqc,Alejandro Muñíz Ruiz,Villarreal CF,Real Oviedo,P. Gueye,0,1,3,1,1,3,1,0,68,0,0,4,2,4,0
72,15 Aug 2025,,f56qt74kmg9pbt0ci47030mqc,Alejandro Muñíz Ruiz,Villarreal CF,Real Oviedo,S. Mouriño,0,0,0,1,1,1,0,0,87,0,0,1,0,2,0
72,15 Aug 2025,,f56qt74kmg9pbt0ci47030mqc,Alejandro Muñíz Ruiz,Villarreal CF,Real Oviedo,E. Eyong,0,0,0,0,1,2,1,0,10,0,0,2,1,0,0
72,15 Aug 2025,,f56qt74kmg9pbt0ci47030mqc,Alejandro Muñíz Ruiz,Villarreal CF,Real Oviedo,Sergi Cardona,0,0,1,8,0,0,0,0,60,0,0,3,0,3,0
72,15 Aug 2025,,f56qt74kmg9pbt0ci47030mqc,Alejandro Muñíz Ruiz,Villarreal CF,Real Oviedo,Rafa Marín,0,0,0,0,1,0,0,0,79,0,0,0,0,0,0
72,15 Aug 2025,,f56qt74kmg9pbt0ci47030mqc,Alejandro Muñíz Ruiz,Villarreal CF,Real Oviedo,J. Foyth,0,0,0,0,0,0,0,0,38,0,0,0,0,0,0
72,15 Aug 2025,,f56qt74kmg9pbt0ci47030mqc,Alejandro Muñíz Ruiz,Villarreal CF,Real Oviedo,N. Pépé,1,0,4,6,0,0,0,0,57,0,0,4,4,2,0
72,15 Aug 2025,,f56qt74kmg9pbt0ci47030mqc,Alejandro Muñíz Ruiz,Villarreal CF,Real Oviedo,Santi Comesaña,0,0,1,3,2,0,0,0,74,0,0,3,0,0,0
72,15 Aug 2025,,f56qt74kmg9pbt0ci47030mqc,Alejandro Muñíz Ruiz,Villarreal CF,Real Oviedo,T. Buchanan,0,0,0,1,0,2,0,0,29,0,0,1,0,0,0
72,15 Aug 2025,,f56qt74kmg9pbt0ci47030mqc,Alejandro Muñíz Ruiz,Villarreal CF,Real Oviedo,Dani Parejo,0,0,0,1,0,0,0,0,27,0,0,0,0,0,0
72,15 Aug 2025,,f56qt74kmg9pbt0ci47030mqc,Alejandro Muñíz Ruiz,Villarreal CF,Real Oviedo,Alberto Moleiro,0,0,0,0,1,0,0,0,16,0,0,0,0,0,0
72,15 Aug 2025,,f56qt74kmg9pbt0ci47030mqc,Alejandro Muñíz Ruiz,Villarreal CF,Real Oviedo,T. Partey,0,0,0,0,0,0,0,0,13,0,0,0,0,0,0
72,15 Aug 2025,,f56qt74kmg9pbt0ci47030mqc,Alejandro Muñíz Ruiz,Villarreal CF,Real Oviedo,Alfonso Pedraza,0,1,1,2,1,0,0,0,4,0,0,1,0,0,0
72,15 Aug 2025,,f56qt74kmg9pbt0ci47030mqc,Alejandro Muñíz Ruiz,Villarreal CF,Real Oviedo,Nacho Vidal,0,0,0,0,1,0,0,1,24,0,0,0,0,0,0
72,15 Aug 2025,,f56qt74kmg9pbt0ci47030mqc,Alejandro Muñíz Ruiz,Villarreal CF,Real Oviedo,Aarón Escandell,0,0,0,0,0,0,0,0,35,0,8,0,0,0,0
72,15 Aug 2025,,f56qt74kmg9pbt0ci47030mqc,Alejandro Muñíz Ruiz,Villarreal CF,Real Oviedo,K. Sibo,0,0,0,0,0,0,0,0,32,0,0,0,0,2,0
72,15 Aug 2025,,f56qt74kmg9pbt0ci47030mqc,Alejandro Muñíz Ruiz,Villarreal CF,Real Oviedo,Dani Calvo,0,0,0,0,0,0,0,0,32,0,0,0,0,1,0
72,15 Aug 2025,,f56qt74kmg9pbt0ci47030mqc,Alejandro Muñíz Ruiz,Villarreal CF,Real Oviedo,R. Alhassane,0,0,0,1,0,0,0,0,32,0,0,0,0,1,0
72,15 Aug 2025,,f56qt74kmg9pbt0ci47030mqc,Alejandro Muñíz Ruiz,Villarreal CF,Real Oviedo,L. Ilić,0,0,0,1,1,0,0,0,18,0,0,0,0,1,0
72,15 Aug 2025,,f56qt74kmg9pbt0ci47030mqc,Alejandro Muñíz Ruiz,Villarreal CF,Real Oviedo,Oier Luengo,0,0,0,0,1,1,0,0,28,0,0,0,0,4,0
72,15 Aug 2025,,f56qt74kmg9pbt0ci47030mqc,Alejandro Muñíz Ruiz,Villarreal CF,Real Oviedo,H. Hassan,0,0,1,1,0,0,0,0,9,0,0,0,0,0,0
72,15 Aug 2025,,f56qt74kmg9pbt0ci47030mqc,Alejandro Muñíz Ruiz,Villarreal CF,Real Oviedo,I. Chaira,0,0,0,0,2,3,0,0,25,0,0,2,2,1,0
72,15 Aug 2025,,f56qt74kmg9pbt0ci47030mqc,Alejandro Muñíz Ruiz,Villarreal CF,Real Oviedo,Alberto Reina,0,0,0,1,1,0,0,0,24,1,0,0,0,0,2
72,15 Aug 2025,,f56qt74kmg9pbt0ci47030mqc,Alejandro Muñíz Ruiz,Villarreal CF,Real Oviedo,S. Rondón,0,0,0,0,1,1,0,0,15,0,0,2,1,0,0
72,15 Aug 2025,,f56qt74kmg9pbt0ci47030mqc,Alejandro Muñíz Ruiz,Villarreal CF,Real Oviedo,Marco Esteban,0,0,0,0,0,0,0,0,13,0,0,0,0,0,0
72,15 Aug 2025,,f56qt74kmg9pbt0ci47030mqc,Alejandro Muñíz Ruiz,Villarreal CF,Real Oviedo,F. Viñas,0,0,0,0,0,2,0,0,5,0,0,1,1,0,0
72,15 Aug 2025,,f56qt74kmg9pbt0ci47030mqc,Alejandro Muñíz Ruiz,Villarreal CF,Real Oviedo,Omar Falah,0,0,0,0,0,0,0,0,7,0,0,0,0,0,0
72,15 Aug 2025,,f56qt74kmg9pbt0ci47030mqc,Alejandro Muñíz Ruiz,Villarreal CF,Real Oviedo,Borja Sánchez,0,0,0,0,0,0,0,0,12,0,0,0,0,0,0
72,15 Aug 2025,,f56qt74kmg9pbt0ci47030mqc,Alejandro Muñíz Ruiz,Villarreal CF,Real Oviedo,Santi Cazorla,0,0,0,0,1,0,0,0,15,0,0,0,0,1,0
73,21 Sep 2025,,faxb5rfdawpnwaoof1j1o3ro,Miguel Sesma Espinosa,Elche CF,Real Oviedo,Rodrigo Mendoza,0,0,1,3,0,1,0,0,54,0,0,0,0,3,0
73,21 Sep 2025,,faxb5rfdawpnwaoof1j1o3ro,Miguel Sesma Espinosa,Elche CF,Real Oviedo,Aleix Febas,0,2,0,0,1,4,0,0,100,0,0,2,0,3,0
73,21 Sep 2025,,faxb5rfdawpnwaoof1j1o3ro,Miguel Sesma Espinosa,Elche CF,Real Oviedo,Martim Neto,0,0,0,0,1,1,0,0,45,0,0,3,2,2,0
73,21 Sep 2025,,faxb5rfdawpnwaoof1j1o3ro,Miguel Sesma Espinosa,Elche CF,Real Oviedo,Pedro Bigas,0,0,0,1,1,2,0,0,67,0,0,0,0,2,1
73,21 Sep 2025,,faxb5rfdawpnwaoof1j1o3ro,Miguel Sesma Espinosa,Elche CF,Real Oviedo,D. Affengruber,0,0,0,0,2,1,0,0,53,0,0,0,0,5,1
73,21 Sep 2025,,faxb5rfdawpnwaoof1j1o3ro,Miguel Sesma Espinosa,Elche CF,Real Oviedo,Iñaki Peña,0,0,0,0,0,0,0,0,58,0,4,0,0,0,0
73,21 Sep 2025,,faxb5rfdawpnwaoof1j1o3ro,Miguel Sesma Espinosa,Elche CF,Real Oviedo,Germán Valera,0,0,1,4,2,2,0,1,41,0,0,0,0,1,0
73,21 Sep 2025,,faxb5rfdawpnwaoof1j1o3ro,Miguel Sesma Espinosa,Elche CF,Real Oviedo,Rafa Mir,0,1,0,1,1,2,0,0,28,0,0,5,2,0,0
73,21 Sep 2025,,faxb5rfdawpnwaoof1j1o3ro,Miguel Sesma Espinosa,Elche CF,Real Oviedo,André Silva,0,1,0,0,1,2,1,0,25,0,0,3,1,0,0
73,21 Sep 2025,,faxb5rfdawpnwaoof1j1o3ro,Miguel Sesma Espinosa,Elche CF,Real Oviedo,Josan,0,1,1,6,0,1,0,0,31,0,0,1,0,0,0
73,21 Sep 2025,,faxb5rfdawpnwaoof1j1o3ro,Miguel Sesma Espinosa,Elche CF,Real Oviedo,Álvaro Núñez,0,1,0,0,0,2,0,0,68,0,0,1,0,2,0
73,21 Sep 2025,,faxb5rfdawpnwaoof1j1o3ro,Miguel Sesma Espinosa,Elche CF,Real Oviedo,G. Diangana,0,0,0,0,0,0,0,0,7,0,0,0,0,0,0
73,21 Sep 2025,,faxb5rfdawpnwaoof1j1o3ro,Miguel Sesma Espinosa,Elche CF,Real Oviedo,L. Pétrot,0,0,0,0,0,0,0,0,13,0,0,0,0,0,0
73,21 Sep 2025,,faxb5rfdawpnwaoof1j1o3ro,Miguel Sesma Espinosa,Elche CF,Real Oviedo,Héctor Fort,0,0,0,0,0,0,0,0,3,0,0,0,0,0,0
73,21 Sep 2025,,faxb5rfdawpnwaoof1j1o3ro,Miguel Sesma Espinosa,Elche CF,Real Oviedo,Marc Aguado,0,0,0,0,0,0,0,0,5,0,0,0,0,0,0
73,21 Sep 2025,,faxb5rfdawpnwaoof1j1o3ro,Miguel Sesma Espinosa,Elche CF,Real Oviedo,Bambo Diaby,0,0,0,0,0,0,0,0,3,0,0,0,0,0,0
73,21 Sep 2025,,faxb5rfdawpnwaoof1j1o3ro,Miguel Sesma Espinosa,Elche CF,Real Oviedo,S. Rondón,0,1,2,0,2,2,0,0,29,0,0,4,1,1,1
73,21 Sep 2025,,faxb5rfdawpnwaoof1j1o3ro,Miguel Sesma Espinosa,Elche CF,Real Oviedo,David Carmo,0,0,0,0,3,0,0,0,45,0,0,0,0,2,0
73,21 Sep 2025,,faxb5rfdawpnwaoof1j1o3ro,Miguel Sesma Espinosa,Elche CF,Real Oviedo,K. Sibo,0,0,0,0,1,0,0,0,26,0,0,0,0,4,0
73,21 Sep 2025,,faxb5rfdawpnwaoof1j1o3ro,Miguel Sesma Espinosa,Elche CF,Real Oviedo,Nacho Vidal,0,0,0,2,1,0,0,0,19,0,0,0,0,0,0
73,21 Sep 2025,,faxb5rfdawpnwaoof1j1o3ro,Miguel Sesma Espinosa,Elche CF,Real Oviedo,Aarón Escandell,0,0,0,0,0,0,0,0,34,0,4,0,0,0,0
73,21 Sep 2025,,faxb5rfdawpnwaoof1j1o3ro,Miguel Sesma Espinosa,Elche CF,Real Oviedo,J. Brekalo,0,0,0,0,1,1,0,0,19,0,0,0,0,0,0
73,21 Sep 2025,,faxb5rfdawpnwaoof1j1o3ro,Miguel Sesma Espinosa,Elche CF,Real Oviedo,L. Ilić,0,0,0,4,6,1,0,0,23,0,0,0,0,0,0
73,21 Sep 2025,,faxb5rfdawpnwaoof1j1o3ro,Miguel Sesma Espinosa,Elche CF,Real Oviedo,R. Alhassane,0,0,0,2,1,0,0,0,29,0,0,0,0,0,0
73,21 Sep 2025,,faxb5rfdawpnwaoof1j1o3ro,Miguel Sesma Espinosa,Elche CF,Real Oviedo,L. Dendoncker,0,1,0,0,1,0,0,0,29,0,0,1,0,4,1
73,21 Sep 2025,,faxb5rfdawpnwaoof1j1o3ro,Miguel Sesma Espinosa,Elche CF,Real Oviedo,H. Hassan,0,1,1,3,0,2,0,0,10,0,0,4,1,1,0
73,21 Sep 2025,,faxb5rfdawpnwaoof1j1o3ro,Miguel Sesma Espinosa,Elche CF,Real Oviedo,Dani Calvo,0,0,0,1,1,1,0,0,35,0,0,0,0,1,0
73,21 Sep 2025,,faxb5rfdawpnwaoof1j1o3ro,Miguel Sesma Espinosa,Elche CF,Real Oviedo,Santi Cazorla,0,0,0,1,0,1,0,0,29,0,0,0,0,0,0
73,21 Sep 2025,,faxb5rfdawpnwaoof1j1o3ro,Miguel Sesma Espinosa,Elche CF,Real Oviedo,I. Chaira,0,0,0,1,0,0,0,0,14,0,0,1,0,0,0
73,21 Sep 2025,,faxb5rfdawpnwaoof1j1o3ro,Miguel Sesma Espinosa,Elche CF,Real Oviedo,Lucas Ahijado,0,0,0,3,1,0,0,1,11,0,0,0,0,3,0
73,21 Sep 2025,,faxb5rfdawpnwaoof1j1o3ro,Miguel Sesma Espinosa,Elche CF,Real Oviedo,Alberto Reina,0,0,0,0,0,1,0,0,18,0,0,0,0,0,0
73,21 Sep 2025,,faxb5rfdawpnwaoof1j1o3ro,Miguel Sesma Espinosa,Elche CF,Real Oviedo,Álex Forés,0,0,0,1,0,0,0,0,2,0,0,2,2,0,0
74,20 Sep 2025,,fo7f0yq3c06q4hrw7vamnnro,Alejandro Quintero González,Girona FC,Levante UD,V. Vanat,0,0,0,0,1,0,0,0,2,0,0,0,0,0,0
74,20 Sep 2025,,fo7f0yq3c06q4hrw7vamnnro,Alejandro Quintero González,Girona FC,Levante UD,A. Witsel,0,0,0,0,2,1,0,0,21,1,0,0,0,0,2
74,20 Sep 2025,,fo7f0yq3c06q4hrw7vamnnro,Alejandro Quintero González,Girona FC,Levante UD,D. Blind,0,0,0,0,0,2,0,0,56,0,0,0,0,4,0
74,20 Sep 2025,,fo7f0yq3c06q4hrw7vamnnro,Alejandro Quintero González,Girona FC,Levante UD,Vitor Reis,0,0,0,0,1,1,0,0,27,1,0,0,0,0,0
74,20 Sep 2025,,fo7f0yq3c06q4hrw7vamnnro,Alejandro Quintero González,Girona FC,Levante UD,Arnau Martínez,0,0,1,2,1,1,0,0,11,0,0,0,0,2,1
74,20 Sep 2025,,fo7f0yq3c06q4hrw7vamnnro,Alejandro Quintero González,Girona FC,Levante UD,Álex Moreno,0,2,1,1,0,0,0,0,28,0,0,2,0,2,0
74,20 Sep 2025,,fo7f0yq3c06q4hrw7vamnnro,Alejandro Quintero González,Girona FC,Levante UD,Iván Martín,0,0,1,1,0,0,0,0,32,0,0,0,0,1,0
74,20 Sep 2025,,fo7f0yq3c06q4hrw7vamnnro,Alejandro Quintero González,Girona FC,Levante UD,Y. Asprilla,0,1,0,5,2,1,0,0,13,0,0,2,0,1,0
74,20 Sep 2025,,fo7f0yq3c06q4hrw7vamnnro,Alejandro Quintero González,Girona FC,Levante UD,A. Ounahi,0,0,1,4,1,5,0,0,19,0,0,0,0,1,0
74,20 Sep 2025,,fo7f0yq3c06q4hrw7vamnnro,Alejandro Quintero González,Girona FC,Levante UD,P. Gazzaniga,0,0,0,0,0,1,0,0,22,0,2,0,0,0,0
74,20 Sep 2025,,fo7f0yq3c06q4hrw7vamnnro,Alejandro Quintero González,Girona FC,Levante UD,Joel Roca,0,0,0,1,1,2,0,0,10,0,0,1,0,1,0
74,20 Sep 2025,,fo7f0yq3c06q4hrw7vamnnro,Alejandro Quintero González,Girona FC,Levante UD,Hugo Rincón,0,0,0,1,1,0,0,0,10,0,0,0,0,0,1
74,20 Sep 2025,,fo7f0yq3c06q4hrw7vamnnro,Alejandro Quintero González,Girona FC,Levante UD,Alejandro Francés,0,0,0,0,0,1,0,0,25,0,0,0,0,1,0
74,20 Sep 2025,,fo7f0yq3c06q4hrw7vamnnro,Alejandro Quintero González,Girona FC,Levante UD,J. Solís,0,0,0,0,0,1,0,0,10,0,0,1,1,0,0
74,20 Sep 2025,,fo7f0yq3c06q4hrw7vamnnro,Alejandro Quintero González,Girona FC,Levante UD,Portu,0,0,1,1,1,0,0,0,3,0,0,1,0,1,0
74,20 Sep 2025,,fo7f0yq3c06q4hrw7vamnnro,Alejandro Quintero González,Girona FC,Levante UD,Bryan Gil,0,0,0,0,0,0,0,0,6,0,0,0,0,2,0
74,20 Sep 2025,,fo7f0yq3c06q4hrw7vamnnro,Alejandro Quintero González,Girona FC,Levante UD,Oriol Rey,0,0,0,0,3,1,0,0,59,0,0,0,0,2,0
74,20 Sep 2025,,fo7f0yq3c06q4hrw7vamnnro,Alejandro Quintero González,Girona FC,Levante UD,Roger Brugué,0,1,1,4,1,3,0,0,45,0,0,2,0,1,0
74,20 Sep 2025,,fo7f0yq3c06q4hrw7vamnnro,Alejandro Quintero González,Girona FC,Levante UD,Iván Romero,0,0,1,0,2,0,1,0,18,0,0,3,1,1,0
74,20 Sep 2025,,fo7f0yq3c06q4hrw7vamnnro,Alejandro Quintero González,Girona FC,Levante UD,J. Toljan,1,0,0,4,0,0,0,0,50,0,0,0,0,3,0
74,20 Sep 2025,,fo7f0yq3c06q4hrw7vamnnro,Alejandro Quintero González,Girona FC,Levante UD,Unai Elgezabal,0,0,0,0,2,0,0,0,85,0,0,0,0,0,0
74,20 Sep 2025,,fo7f0yq3c06q4hrw7vamnnro,Alejandro Quintero González,Girona FC,Levante UD,Unai Vencedor,0,0,0,1,3,1,0,0,42,0,0,0,0,0,1
74,20 Sep 2025,,fo7f0yq3c06q4hrw7vamnnro,Alejandro Quintero González,Girona FC,Levante UD,Carlos Álvarez,0,0,0,1,3,2,1,0,41,0,0,3,3,1,1
74,20 Sep 2025,,fo7f0yq3c06q4hrw7vamnnro,Alejandro Quintero González,Girona FC,Levante UD,M. Moreno,0,0,0,0,1,1,0,0,77,0,0,1,0,1,0
74,20 Sep 2025,,fo7f0yq3c06q4hrw7vamnnro,Alejandro Quintero González,Girona FC,Levante UD,E. Eyong,1,0,0,0,0,0,1,0,9,0,0,2,1,0,0
74,20 Sep 2025,,fo7f0yq3c06q4hrw7vamnnro,Alejandro Quintero González,Girona FC,Levante UD,M. Ryan,0,0,0,0,0,0,0,0,22,0,1,0,0,0,0
74,20 Sep 2025,,fo7f0yq3c06q4hrw7vamnnro,Alejandro Quintero González,Girona FC,Levante UD,Manu Sánchez,0,0,0,4,1,1,0,0,50,0,0,0,0,3,1
74,20 Sep 2025,,fo7f0yq3c06q4hrw7vamnnro,Alejandro Quintero González,Girona FC,Levante UD,Jon Olasagasti,0,0,0,0,1,1,0,0,33,0,0,0,0,2,0
74,20 Sep 2025,,fo7f0yq3c06q4hrw7vamnnro,Alejandro Quintero González,Girona FC,Levante UD,G. Koyalipou,0,0,1,0,0,0,1,0,5,0,0,1,1,0,0
74,20 Sep 2025,,fo7f0yq3c06q4hrw7vamnnro,Alejandro Quintero González,Girona FC,Levante UD,Pablo Martínez,0,0,0,1,0,0,0,1,19,0,0,2,1,0,0
74,20 Sep 2025,,fo7f0yq3c06q4hrw7vamnnro,Alejandro Quintero González,Girona FC,Levante UD,K. Arriaga,0,0,1,0,0,0,0,0,15,0,0,0,0,1,0
74,20 Sep 2025,,fo7f0yq3c06q4hrw7vamnnro,Alejandro Quintero González,Girona FC,Levante UD,José Luis Morales,0,0,0,0,0,0,0,0,5,0,0,0,0,0,0
75,20 Sep 2025,,g1dat3xp3jfi5wvyc0njidxw,Miguel Ángel Ortiz Arias,Valencia CF,Athletic Club,César Tárrega,0,0,0,0,1,0,0,0,60,0,0,0,0,5,0
75,20 Sep 2025,,g1dat3xp3jfi5wvyc0njidxw,Miguel Ángel Ortiz Arias,Valencia CF,Athletic Club,Julen Agirrezabala,0,0,0,0,0,0,0,0,21,0,6,0,0,0,0
75,20 Sep 2025,,g1dat3xp3jfi5wvyc0njidxw,Miguel Ángel Ortiz Arias,Valencia CF,Athletic Club,Luis Rioja,0,0,0,4,0,0,0,0,16,0,0,1,0,2,0
75,20 Sep 2025,,g1dat3xp3jfi5wvyc0njidxw,Miguel Ángel Ortiz Arias,Valencia CF,Athletic Club,Dani Raba,0,0,1,1,1,0,0,0,18,0,0,0,0,1,0
75,20 Sep 2025,,g1dat3xp3jfi5wvyc0njidxw,Miguel Ángel Ortiz Arias,Valencia CF,Athletic Club,D. Foulquier,0,0,0,1,2,0,0,0,35,0,0,1,0,1,0
75,20 Sep 2025,,g1dat3xp3jfi5wvyc0njidxw,Miguel Ángel Ortiz Arias,Valencia CF,Athletic Club,Javi Guerra,1,0,1,3,1,1,0,0,51,0,0,1,1,2,0
75,20 Sep 2025,,g1dat3xp3jfi5wvyc0njidxw,Miguel Ángel Ortiz Arias,Valencia CF,Athletic Club,M. Diakhaby,0,0,0,0,1,1,0,0,39,0,0,2,1,1,0
75,20 Sep 2025,,g1dat3xp3jfi5wvyc0njidxw,Miguel Ángel Ortiz Arias,Valencia CF,Athletic Club,Diego López,0,0,1,2,0,1,0,0,18,0,0,1,0,2,0
75,20 Sep 2025,,g1dat3xp3jfi5wvyc0njidxw,Miguel Ángel Ortiz Arias,Valencia CF,Athletic Club,José Gayà,0,0,0,1,0,0,0,0,25,0,0,0,0,3,1
75,20 Sep 2025,,g1dat3xp3jfi5wvyc0njidxw,Miguel Ángel Ortiz Arias,Valencia CF,Athletic Club,B. Santamaría,1,1,0,1,2,2,1,0,43,0,0,2,1,1,0
75,20 Sep 2025,,g1dat3xp3jfi5wvyc0njidxw,Miguel Ángel Ortiz Arias,Valencia CF,Athletic Club,A. Danjuma,0,0,1,0,1,1,0,0,8,0,0,0,0,0,0
75,20 Sep 2025,,g1dat3xp3jfi5wvyc0njidxw,Miguel Ángel Ortiz Arias,Valencia CF,Athletic Club,L. Ramazani,0,0,1,2,0,0,0,0,6,0,0,2,0,0,0
75,20 Sep 2025,,g1dat3xp3jfi5wvyc0njidxw,Miguel Ángel Ortiz Arias,Valencia CF,Athletic Club,Jesús Vázquez,0,0,0,1,2,0,0,0,16,0,0,0,0,0,0
75,20 Sep 2025,,g1dat3xp3jfi5wvyc0njidxw,Miguel Ángel Ortiz Arias,Valencia CF,Athletic Club,L. Beltrán,0,0,0,0,2,0,0,0,7,0,0,0,0,1,0
75,20 Sep 2025,,g1dat3xp3jfi5wvyc0njidxw,Miguel Ángel Ortiz Arias,Valencia CF,Athletic Club,Hugo Duro,0,1,0,0,0,0,1,0,2,0,0,3,2,0,0
75,20 Sep 2025,,g1dat3xp3jfi5wvyc0njidxw,Miguel Ángel Ortiz Arias,Valencia CF,Athletic Club,André Almeida,0,0,0,0,0,0,0,0,13,0,0,0,0,1,0
75,20 Sep 2025,,g1dat3xp3jfi5wvyc0njidxw,Miguel Ángel Ortiz Arias,Valencia CF,Athletic Club,Oihan Sancet,0,1,3,1,2,1,0,0,20,0,0,4,2,1,0
75,20 Sep 2025,,g1dat3xp3jfi5wvyc0njidxw,Miguel Ángel Ortiz Arias,Valencia CF,Athletic Club,Unai Simón,0,0,0,0,0,0,0,0,39,0,3,0,0,0,0
75,20 Sep 2025,,g1dat3xp3jfi5wvyc0njidxw,Miguel Ángel Ortiz Arias,Valencia CF,Athletic Club,Aitor Paredes,0,0,0,0,1,1,0,0,67,0,0,0,0,4,0
75,20 Sep 2025,,g1dat3xp3jfi5wvyc0njidxw,Miguel Ángel Ortiz Arias,Valencia CF,Athletic Club,Yuri,0,0,1,2,0,1,0,0,64,0,0,0,0,0,0
75,20 Sep 2025,,g1dat3xp3jfi5wvyc0njidxw,Miguel Ángel Ortiz Arias,Valencia CF,Athletic Club,Alex Berenguer,0,1,0,8,0,2,0,0,38,0,0,1,0,0,0
75,20 Sep 2025,,g1dat3xp3jfi5wvyc0njidxw,Miguel Ángel Ortiz Arias,Valencia CF,Athletic Club,Mikel Jauregizar,0,0,0,2,0,1,0,0,42,0,0,1,1,1,0
75,20 Sep 2025,,g1dat3xp3jfi5wvyc0njidxw,Miguel Ángel Ortiz Arias,Valencia CF,Athletic Club,Jesús Areso,0,0,0,5,0,0,0,0,39,0,0,0,0,0,0
75,20 Sep 2025,,g1dat3xp3jfi5wvyc0njidxw,Miguel Ángel Ortiz Arias,Valencia CF,Athletic Club,Robert Navarro,0,0,1,1,2,0,0,0,26,0,0,0,0,1,1
75,20 Sep 2025,,g1dat3xp3jfi5wvyc0njidxw,Miguel Ángel Ortiz Arias,Valencia CF,Athletic Club,Íñigo Ruíz de Galarreta,0,0,1,1,0,0,0,0,40,0,0,1,0,2,0
75,20 Sep 2025,,g1dat3xp3jfi5wvyc0njidxw,Miguel Ángel Ortiz Arias,Valencia CF,Athletic Club,Dani Vivian,0,0,0,0,1,1,0,0,42,1,0,0,0,1,0
75,20 Sep 2025,,g1dat3xp3jfi5wvyc0njidxw,Miguel Ángel Ortiz Arias,Valencia CF,Athletic Club,I. Williams,0,1,0,2,0,2,0,0,18,0,0,3,2,1,0
75,20 Sep 2025,,g1dat3xp3jfi5wvyc0njidxw,Miguel Ángel Ortiz Arias,Valencia CF,Athletic Club,Aymeric Laporte,0,1,0,0,0,0,0,0,19,0,0,1,0,0,0
75,20 Sep 2025,,g1dat3xp3jfi5wvyc0njidxw,Miguel Ángel Ortiz Arias,Valencia CF,Athletic Club,M. Sannadi,0,0,0,0,0,1,0,1,5,0,0,0,0,0,0
75,20 Sep 2025,,g1dat3xp3jfi5wvyc0njidxw,Miguel Ángel Ortiz Arias,Valencia CF,Athletic Club,Mikel Vesga,0,0,0,0,0,0,0,0,15,0,0,0,0,1,0
75,20 Sep 2025,,g1dat3xp3jfi5wvyc0njidxw,Miguel Ángel Ortiz Arias,Valencia CF,Athletic Club,Unai Gómez,0,0,0,2,0,1,0,0,8,0,0,0,0,1,0
75,20 Sep 2025,,g1dat3xp3jfi5wvyc0njidxw,Miguel Ángel Ortiz Arias,Valencia CF,Athletic Club,Alejandro Rego,0,0,0,0,0,0,0,0,4,0,0,0,0,1,0
76,21 Sep 2025,,gg5bnkuq3inqnecavarjo3dg,Francisco José Hernández Maeso,Real Club Deportivo Mallorca,Club Atlético de Madrid,Sergi Darder,0,1,0,7,0,0,0,0,41,0,0,1,0,0,0
76,21 Sep 2025,,gg5bnkuq3inqnecavarjo3dg,Francisco José Hernández Maeso,Real Club Deportivo Mallorca,Club Atlético de Madrid,Antonio Raíllo,0,0,0,0,1,1,0,0,57,0,0,0,0,1,0
76,21 Sep 2025,,gg5bnkuq3inqnecavarjo3dg,Francisco José Hernández Maeso,Real Club Deportivo Mallorca,Club Atlético de Madrid,Samú Costa,0,0,0,0,2,0,0,0,21,0,0,0,0,1,0
76,21 Sep 2025,,gg5bnkuq3inqnecavarjo3dg,Francisco José Hernández Maeso,Real Club Deportivo Mallorca,Club Atlético de Madrid,Manu Morlanes,0,0,0,0,1,0,0,0,33,0,0,0,0,3,0
76,21 Sep 2025,,gg5bnkuq3inqnecavarjo3dg,Francisco José Hernández Maeso,Real Club Deportivo Mallorca,Club Atlético de Madrid,M. Kumbulla,0,0,0,0,0,0,0,0,20,0,0,0,0,1,0
76,21 Sep 2025,,gg5bnkuq3inqnecavarjo3dg,Francisco José Hernández Maeso,Real Club Deportivo Mallorca,Club Atlético de Madrid,M. Valjent,0,0,0,1,0,0,0,0,39,0,0,1,1,3,0
76,21 Sep 2025,,gg5bnkuq3inqnecavarjo3dg,Francisco José Hernández Maeso,Real Club Deportivo Mallorca,Club Atlético de Madrid,Leo Román,0,0,0,0,0,0,0,0,31,0,6,0,0,0,0
76,21 Sep 2025,,gg5bnkuq3inqnecavarjo3dg,Francisco José Hernández Maeso,Real Club Deportivo Mallorca,Club Atlético de Madrid,Mateu Morey,0,0,0,0,2,1,0,0,14,0,0,0,0,3,0
76,21 Sep 2025,,gg5bnkuq3inqnecavarjo3dg,Francisco José Hernández Maeso,Real Club Deportivo Mallorca,Club Atlético de Madrid,V. Muriqi,0,0,1,1,1,2,1,0,25,0,0,1,1,0,0
76,21 Sep 2025,,gg5bnkuq3inqnecavarjo3dg,Francisco José Hernández Maeso,Real Club Deportivo Mallorca,Club Atlético de Madrid,J. Mojica,0,0,0,5,1,1,0,0,36,0,0,0,0,1,0
76,21 Sep 2025,,gg5bnkuq3inqnecavarjo3dg,Francisco José Hernández Maeso,Real Club Deportivo Mallorca,Club Atlético de Madrid,T. Asano,0,0,0,1,1,0,0,0,6,0,0,1,0,0,0
76,21 Sep 2025,,gg5bnkuq3inqnecavarjo3dg,Francisco José Hernández Maeso,Real Club Deportivo Mallorca,Club Atlético de Madrid,Pablo Torre,0,0,0,1,4,0,0,0,36,0,0,2,1,0,0
76,21 Sep 2025,,gg5bnkuq3inqnecavarjo3dg,Francisco José Hernández Maeso,Real Club Deportivo Mallorca,Club Atlético de Madrid,Antonio Sánchez,0,0,0,2,1,0,0,0,19,0,0,0,0,0,0
76,21 Sep 2025,,gg5bnkuq3inqnecavarjo3dg,Francisco José Hernández Maeso,Real Club Deportivo Mallorca,Club Atlético de Madrid,Marc Domenech,0,1,1,3,0,0,0,0,8,0,0,1,0,0,0
76,21 Sep 2025,,gg5bnkuq3inqnecavarjo3dg,Francisco José Hernández Maeso,Real Club Deportivo Mallorca,Club Atlético de Madrid,Jan Virgili,1,0,1,1,0,0,0,0,10,0,0,1,0,0,0
76,21 Sep 2025,,gg5bnkuq3inqnecavarjo3dg,Francisco José Hernández Maeso,Real Club Deportivo Mallorca,Club Atlético de Madrid,Abdón Prats,0,0,0,0,0,0,0,0,0,0,0,0,0,0,0
76,21 Sep 2025,,gg5bnkuq3inqnecavarjo3dg,Francisco José Hernández Maeso,Real Club Deportivo Mallorca,Club Atlético de Madrid,D. Hancko,0,1,1,3,0,0,0,1,44,0,0,2,0,0,0
76,21 Sep 2025,,gg5bnkuq3inqnecavarjo3dg,Francisco José Hernández Maeso,Real Club Deportivo Mallorca,Club Atlético de Madrid,G. Raspadori,0,0,1,5,0,1,0,0,24,0,0,0,0,0,0
76,21 Sep 2025,,gg5bnkuq3inqnecavarjo3dg,Francisco José Hernández Maeso,Real Club Deportivo Mallorca,Club Atlético de Madrid,Marcos Llorente,0,0,1,4,1,1,0,0,65,0,0,1,1,1,0
76,21 Sep 2025,,gg5bnkuq3inqnecavarjo3dg,Francisco José Hernández Maeso,Real Club Deportivo Mallorca,Club Atlético de Madrid,G. Simeone,0,0,0,2,1,0,0,0,30,0,0,1,0,1,0
76,21 Sep 2025,,gg5bnkuq3inqnecavarjo3dg,Francisco José Hernández Maeso,Real Club Deportivo Mallorca,Club Atlético de Madrid,Koke,0,0,0,0,0,0,0,0,93,0,0,0,0,1,0
76,21 Sep 2025,,gg5bnkuq3inqnecavarjo3dg,Francisco José Hernández Maeso,Real Club Deportivo Mallorca,Club Atlético de Madrid,Robin Le Normand,0,0,0,0,1,1,0,0,56,0,0,0,0,2,0
76,21 Sep 2025,,gg5bnkuq3inqnecavarjo3dg,Francisco José Hernández Maeso,Real Club Deportivo Mallorca,Club Atlético de Madrid,C. Lenglet,0,0,0,0,1,1,0,0,66,0,0,0,0,1,0
76,21 Sep 2025,,gg5bnkuq3inqnecavarjo3dg,Francisco José Hernández Maeso,Real Club Deportivo Mallorca,Club Atlético de Madrid,N. González,0,0,3,4,1,3,0,0,44,0,0,2,1,0,0
76,21 Sep 2025,,gg5bnkuq3inqnecavarjo3dg,Francisco José Hernández Maeso,Real Club Deportivo Mallorca,Club Atlético de Madrid,Pablo Barrios,0,0,0,0,0,3,0,0,63,0,0,1,1,1,0
76,21 Sep 2025,,gg5bnkuq3inqnecavarjo3dg,Francisco José Hernández Maeso,Real Club Deportivo Mallorca,Club Atlético de Madrid,J. Alvarez,0,0,0,2,0,0,0,0,23,0,0,2,2,0,0
76,21 Sep 2025,,gg5bnkuq3inqnecavarjo3dg,Francisco José Hernández Maeso,Real Club Deportivo Mallorca,Club Atlético de Madrid,J. Oblak,0,0,0,0,0,0,0,0,21,0,2,0,0,0,0
76,21 Sep 2025,,gg5bnkuq3inqnecavarjo3dg,Francisco José Hernández Maeso,Real Club Deportivo Mallorca,Club Atlético de Madrid,A. Sørloth,0,0,0,0,1,0,0,0,2,1,0,1,0,0,0
76,21 Sep 2025,,gg5bnkuq3inqnecavarjo3dg,Francisco José Hernández Maeso,Real Club Deportivo Mallorca,Club Atlético de Madrid,A. Griezmann,0,0,0,2,0,1,0,0,6,0,0,1,1,0,0
76,21 Sep 2025,,gg5bnkuq3inqnecavarjo3dg,Francisco José Hernández Maeso,Real Club Deportivo Mallorca,Club Atlético de Madrid,N. Molina,0,0,0,0,0,0,0,0,8,0,0,0,0,2,0
76,21 Sep 2025,,gg5bnkuq3inqnecavarjo3dg,Francisco José Hernández Maeso,Real Club Deportivo Mallorca,Club Atlético de Madrid,C. Gallagher,0,0,0,0,0,0,1,0,3,0,0,1,1,1,0
76,21 Sep 2025,,gg5bnkuq3inqnecavarjo3dg,Francisco José Hernández Maeso,Real Club Deportivo Mallorca,Club Atlético de Madrid,M. Ruggeri,0,0,0,0,0,0,0,0,2,0,0,0,0,0,0
77,21 Sep 2025,,gtd7x0ncbf0phimiwpbxso44,Víctor García Verdura,Rayo Vallecano de Madrid,Real Club Celta de Vigo,A. Rațiu,0,0,0,5,0,0,0,0,63,0,0,1,0,0,0
77,21 Sep 2025,,gtd7x0ncbf0phimiwpbxso44,Víctor García Verdura,Rayo Vallecano de Madrid,Real Club Celta de Vigo,Jorge de Frutos,0,0,0,3,0,2,1,0,19,0,0,3,2,2,0
77,21 Sep 2025,,gtd7x0ncbf0phimiwpbxso44,Víctor García Verdura,Rayo Vallecano de Madrid,Real Club Celta de Vigo,P. Espino,0,0,1,4,1,0,0,0,44,0,0,0,0,0,0
77,21 Sep 2025,,gtd7x0ncbf0phimiwpbxso44,Víctor García Verdura,Rayo Vallecano de Madrid,Real Club Celta de Vigo,Sergio Camello,0,0,0,0,0,2,0,0,17,0,0,1,0,1,0
77,21 Sep 2025,,gtd7x0ncbf0phimiwpbxso44,Víctor García Verdura,Rayo Vallecano de Madrid,Real Club Celta de Vigo,P. Ciss,0,0,0,0,1,1,0,0,91,0,0,0,0,0,0
77,21 Sep 2025,,gtd7x0ncbf0phimiwpbxso44,Víctor García Verdura,Rayo Vallecano de Madrid,Real Club Celta de Vigo,A. Batalla,0,0,0,0,0,0,0,0,25,0,4,0,0,0,0
77,21 Sep 2025,,gtd7x0ncbf0phimiwpbxso44,Víctor García Verdura,Rayo Vallecano de Madrid,Real Club Celta de Vigo,F. Lejeune,0,2,1,0,1,0,0,0,71,0,0,3,0,1,0
77,21 Sep 2025,,gtd7x0ncbf0phimiwpbxso44,Víctor García Verdura,Rayo Vallecano de Madrid,Real Club Celta de Vigo,Isi Palazón,0,0,0,2,2,1,0,0,21,0,0,1,0,0,1
77,21 Sep 2025,,gtd7x0ncbf0phimiwpbxso44,Víctor García Verdura,Rayo Vallecano de Madrid,Real Club Celta de Vigo,Álvaro García,1,0,0,8,1,1,0,1,23,0,0,2,2,1,0
77,21 Sep 2025,,gtd7x0ncbf0phimiwpbxso44,Víctor García Verdura,Rayo Vallecano de Madrid,Real Club Celta de Vigo,Óscar Valentín,0,0,0,0,1,1,0,0,51,0,0,0,0,5,0
77,21 Sep 2025,,gtd7x0ncbf0phimiwpbxso44,Víctor García Verdura,Rayo Vallecano de Madrid,Real Club Celta de Vigo,Pedro Díaz,0,0,0,2,0,0,0,0,46,0,0,2,0,0,0
77,21 Sep 2025,,gtd7x0ncbf0phimiwpbxso44,Víctor García Verdura,Rayo Vallecano de Madrid,Real Club Celta de Vigo,Pep Chavarría,0,0,2,3,1,1,0,0,24,0,0,0,0,0,0
77,21 Sep 2025,,gtd7x0ncbf0phimiwpbxso44,Víctor García Verdura,Rayo Vallecano de Madrid,Real Club Celta de Vigo,Alemão,0,0,1,0,0,0,0,0,6,0,0,1,1,0,0
77,21 Sep 2025,,gtd7x0ncbf0phimiwpbxso44,Víctor García Verdura,Rayo Vallecano de Madrid,Real Club Celta de Vigo,I. Balliu,0,0,0,2,0,0,0,0,24,0,0,0,0,1,0
77,21 Sep 2025,,gtd7x0ncbf0phimiwpbxso44,Víctor García Verdura,Rayo Vallecano de Madrid,Real Club Celta de Vigo,Samu Becerra,0,0,0,0,0,0,0,0,4,0,0,0,0,0,0
77,21 Sep 2025,,gtd7x0ncbf0phimiwpbxso44,Víctor García Verdura,Rayo Vallecano de Madrid,Real Club Celta de Vigo,Unai López,0,0,0,1,0,0,0,0,4,0,0,1,0,0,0
77,21 Sep 2025,,gtd7x0ncbf0phimiwpbxso44,Víctor García Verdura,Rayo Vallecano de Madrid,Real Club Celta de Vigo,Borja Iglesias,0,0,0,0,0,2,1,0,19,0,0,2,2,0,0
77,21 Sep 2025,,gtd7x0ncbf0phimiwpbxso44,Víctor García Verdura,Rayo Vallecano de Madrid,Real Club Celta de Vigo,Hugo Sotelo,0,0,0,4,1,1,0,0,33,0,0,0,0,1,0
77,21 Sep 2025,,gtd7x0ncbf0phimiwpbxso44,Víctor García Verdura,Rayo Vallecano de Madrid,Real Club Celta de Vigo,Javi Rueda,1,0,0,2,2,0,0,0,23,0,0,0,0,3,1
77,21 Sep 2025,,gtd7x0ncbf0phimiwpbxso44,Víctor García Verdura,Rayo Vallecano de Madrid,Real Club Celta de Vigo,Manu Fernández,0,0,0,0,0,1,0,0,38,0,0,1,0,0,0
77,21 Sep 2025,,gtd7x0ncbf0phimiwpbxso44,Víctor García Verdura,Rayo Vallecano de Madrid,Real Club Celta de Vigo,Yoel Lago,0,0,0,0,2,1,0,0,41,0,0,0,0,2,0
77,21 Sep 2025,,gtd7x0ncbf0phimiwpbxso44,Víctor García Verdura,Rayo Vallecano de Madrid,Real Club Celta de Vigo,M. Ristić,0,1,1,1,0,0,0,0,27,0,0,1,0,1,0
77,21 Sep 2025,,gtd7x0ncbf0phimiwpbxso44,Víctor García Verdura,Rayo Vallecano de Madrid,Real Club Celta de Vigo,Sergio Carreira,0,0,0,0,0,1,0,0,34,0,0,0,0,0,0
77,21 Sep 2025,,gtd7x0ncbf0phimiwpbxso44,Víctor García Verdura,Rayo Vallecano de Madrid,Real Club Celta de Vigo,I. Radu,0,0,0,0,0,1,0,0,31,0,4,0,0,0,0
77,21 Sep 2025,,gtd7x0ncbf0phimiwpbxso44,Víctor García Verdura,Rayo Vallecano de Madrid,Real Club Celta de Vigo,Hugo Álvarez,0,0,0,0,2,0,0,0,15,0,0,0,0,2,0
77,21 Sep 2025,,gtd7x0ncbf0phimiwpbxso44,Víctor García Verdura,Rayo Vallecano de Madrid,Real Club Celta de Vigo,Fran Beltrán,0,1,2,1,2,0,0,0,44,0,0,1,0,1,0
77,21 Sep 2025,,gtd7x0ncbf0phimiwpbxso44,Víctor García Verdura,Rayo Vallecano de Madrid,Real Club Celta de Vigo,Bryan Zaragoza,0,0,1,4,0,0,0,0,15,0,0,2,2,2,0
77,21 Sep 2025,,gtd7x0ncbf0phimiwpbxso44,Víctor García Verdura,Rayo Vallecano de Madrid,Real Club Celta de Vigo,Óscar Mingueza,0,0,1,6,0,0,0,0,21,0,0,0,0,0,0
77,21 Sep 2025,,gtd7x0ncbf0phimiwpbxso44,Víctor García Verdura,Rayo Vallecano de Madrid,Real Club Celta de Vigo,Pablo Durán,0,1,0,0,1,0,0,0,9,0,0,1,0,1,0
77,21 Sep 2025,,gtd7x0ncbf0phimiwpbxso44,Víctor García Verdura,Rayo Vallecano de Madrid,Real Club Celta de Vigo,I. Moriba,0,0,0,0,0,0,0,0,11,0,0,0,0,0,0
77,21 Sep 2025,,gtd7x0ncbf0phimiwpbxso44,Víctor García Verdura,Rayo Vallecano de Madrid,Real Club Celta de Vigo,C. Starfelt,0,0,0,0,0,0,0,0,8,0,0,0,0,0,0
77,21 Sep 2025,,gtd7x0ncbf0phimiwpbxso44,Víctor García Verdura,Rayo Vallecano de Madrid,Real Club Celta de Vigo,Ferran Jutglà,0,0,2,0,0,0,0,0,1,0,0,1,1,0,0
78,20 Sep 2025,,h6rpuztodqc4wokrpyck2zv8,Juan Martínez Munuera,Real Madrid CF,Reial Club Deportiu Espanyol de Barcelona,Gonzalo García,0,0,0,0,0,0,0,0,23,0,0,0,0,0,0
78,20 Sep 2025,,h6rpuztodqc4wokrpyck2zv8,Juan Martínez Munuera,Real Madrid CF,Reial Club Deportiu Espanyol de Barcelona,T. Courtois,0,0,0,0,0,0,0,0,30,0,1,0,0,0,0
78,20 Sep 2025,,h6rpuztodqc4wokrpyck2zv8,Juan Martínez Munuera,Real Madrid CF,Reial Club Deportiu Espanyol de Barcelona,F. Valverde,1,0,0,0,1,0,0,0,75,0,0,0,0,4,0
78,20 Sep 2025,,h6rpuztodqc4wokrpyck2zv8,Juan Martínez Munuera,Real Madrid CF,Reial Club Deportiu Espanyol de Barcelona,F. Mastantuono,0,0,0,2,2,3,0,0,45,0,0,0,0,3,1
78,20 Sep 2025,,h6rpuztodqc4wokrpyck2zv8,Juan Martínez Munuera,Real Madrid CF,Reial Club Deportiu Espanyol de Barcelona,Raúl Asencio,0,1,0,0,1,3,0,0,92,0,0,1,0,1,0
78,20 Sep 2025,,h6rpuztodqc4wokrpyck2zv8,Juan Martínez Munuera,Real Madrid CF,Reial Club Deportiu Espanyol de Barcelona,Dani Carvajal,0,1,0,2,0,3,0,0,65,0,0,1,0,0,0
78,20 Sep 2025,,h6rpuztodqc4wokrpyck2zv8,Juan Martínez Munuera,Real Madrid CF,Reial Club Deportiu Espanyol de Barcelona,Éder Militão,0,0,0,0,3,2,1,0,101,0,0,2,1,2,0
78,20 Sep 2025,,h6rpuztodqc4wokrpyck2zv8,Juan Martínez Munuera,Real Madrid CF,Reial Club Deportiu Espanyol de Barcelona,Álvaro Carreras,0,0,1,2,1,4,0,1,95,0,0,0,0,1,0
78,20 Sep 2025,,h6rpuztodqc4wokrpyck2zv8,Juan Martínez Munuera,Real Madrid CF,Reial Club Deportiu Espanyol de Barcelona,K. Mbappé,0,2,2,1,0,1,1,1,55,0,0,8,3,0,0
78,20 Sep 2025,,h6rpuztodqc4wokrpyck2zv8,Juan Martínez Munuera,Real Madrid CF,Reial Club Deportiu Espanyol de Barcelona,Vinícius Júnior,1,1,2,0,0,1,0,0,39,0,0,4,1,1,0
78,20 Sep 2025,,h6rpuztodqc4wokrpyck2zv8,Juan Martínez Munuera,Real Madrid CF,Reial Club Deportiu Espanyol de Barcelona,A. Tchouaméni,0,0,0,0,1,1,0,0,73,0,0,0,0,2,1
78,20 Sep 2025,,h6rpuztodqc4wokrpyck2zv8,Juan Martínez Munuera,Real Madrid CF,Reial Club Deportiu Espanyol de Barcelona,A. Güler,0,0,0,2,1,1,0,0,29,0,0,0,0,1,0
78,20 Sep 2025,,h6rpuztodqc4wokrpyck2zv8,Juan Martínez Munuera,Real Madrid CF,Reial Club Deportiu Espanyol de Barcelona,Brahim Díaz,0,0,0,0,0,0,0,0,10,0,0,0,0,0,0
78,20 Sep 2025,,h6rpuztodqc4wokrpyck2zv8,Juan Martínez Munuera,Real Madrid CF,Reial Club Deportiu Espanyol de Barcelona,Rodrygo,0,0,0,0,0,0,0,0,6,0,0,0,0,1,0
78,20 Sep 2025,,h6rpuztodqc4wokrpyck2zv8,Juan Martínez Munuera,Real Madrid CF,Reial Club Deportiu Espanyol de Barcelona,J. Bellingham,0,0,0,0,0,0,0,0,7,0,0,0,0,2,0
78,20 Sep 2025,,h6rpuztodqc4wokrpyck2zv8,Juan Martínez Munuera,Real Madrid CF,Reial Club Deportiu Espanyol de Barcelona,E. Camavinga,0,0,0,0,0,1,0,0,8,0,0,0,0,0,0
78,20 Sep 2025,,h6rpuztodqc4wokrpyck2zv8,Juan Martínez Munuera,Real Madrid CF,Reial Club Deportiu Espanyol de Barcelona,Carlos Romero,0,0,1,3,1,1,0,0,31,0,0,0,0,3,0
78,20 Sep 2025,,h6rpuztodqc4wokrpyck2zv8,Juan Martínez Munuera,Real Madrid CF,Reial Club Deportiu Espanyol de Barcelona,Pol Lozano,0,0,0,0,2,2,0,0,16,0,0,0,0,0,0
78,20 Sep 2025,,h6rpuztodqc4wokrpyck2zv8,Juan Martínez Munuera,Real Madrid CF,Reial Club Deportiu Espanyol de Barcelona,Javi Puado,0,0,0,3,2,0,0,0,13,0,0,0,0,2,0
78,20 Sep 2025,,h6rpuztodqc4wokrpyck2zv8,Juan Martínez Munuera,Real Madrid CF,Reial Club Deportiu Espanyol de Barcelona,Edu Expósito,0,0,0,6,2,1,0,0,15,0,0,1,1,0,0
78,20 Sep 2025,,h6rpuztodqc4wokrpyck2zv8,Juan Martínez Munuera,Real Madrid CF,Reial Club Deportiu Espanyol de Barcelona,Urko González de Zárate,0,1,0,0,2,0,0,0,27,0,0,1,0,2,0
78,20 Sep 2025,,h6rpuztodqc4wokrpyck2zv8,Juan Martínez Munuera,Real Madrid CF,Reial Club Deportiu Espanyol de Barcelona,O. El Hilali,0,0,0,1,0,0,0,0,30,0,0,0,0,8,0
78,20 Sep 2025,,h6rpuztodqc4wokrpyck2zv8,Juan Martínez Munuera,Real Madrid CF,Reial Club Deportiu Espanyol de Barcelona,M. Dmitrović,0,0,0,0,0,0,0,0,23,0,3,0,0,0,0
78,20 Sep 2025,,h6rpuztodqc4wokrpyck2zv8,Juan Martínez Munuera,Real Madrid CF,Reial Club Deportiu Espanyol de Barcelona,Roberto Fernández,0,1,0,0,3,4,0,0,8,0,0,1,0,0,0
78,20 Sep 2025,,h6rpuztodqc4wokrpyck2zv8,Juan Martínez Munuera,Real Madrid CF,Reial Club Deportiu Espanyol de Barcelona,T. Dolan,0,0,0,0,2,1,0,0,20,0,0,0,0,2,0
78,20 Sep 2025,,h6rpuztodqc4wokrpyck2zv8,Juan Martínez Munuera,Real Madrid CF,Reial Club Deportiu Espanyol de Barcelona,Fernando Calero,0,0,0,0,0,0,0,0,34,0,0,1,0,1,0
78,20 Sep 2025,,h6rpuztodqc4wokrpyck2zv8,Juan Martínez Munuera,Real Madrid CF,Reial Club Deportiu Espanyol de Barcelona,L. Cabrera,0,0,0,0,1,0,0,0,30,0,0,1,0,0,0
78,20 Sep 2025,,h6rpuztodqc4wokrpyck2zv8,Juan Martínez Munuera,Real Madrid CF,Reial Club Deportiu Espanyol de Barcelona,Jofre Carreras,0,0,1,2,2,1,0,0,5,0,0,0,0,1,0
78,20 Sep 2025,,h6rpuztodqc4wokrpyck2zv8,Juan Martínez Munuera,Real Madrid CF,Reial Club Deportiu Espanyol de Barcelona,L. Koleosho,0,0,0,1,2,0,0,0,6,0,0,0,0,0,0
78,20 Sep 2025,,h6rpuztodqc4wokrpyck2zv8,Juan Martínez Munuera,Real Madrid CF,Reial Club Deportiu Espanyol de Barcelona,C. Pickel,0,1,0,0,0,0,0,0,8,0,0,1,0,1,0
78,20 Sep 2025,,h6rpuztodqc4wokrpyck2zv8,Juan Martínez Munuera,Real Madrid CF,Reial Club Deportiu Espanyol de Barcelona,Kike García,0,0,0,0,0,0,0,0,4,0,0,0,0,0,0
78,20 Sep 2025,,h6rpuztodqc4wokrpyck2zv8,Juan Martínez Munuera,Real Madrid CF,Reial Club Deportiu Espanyol de Barcelona,Antoniu Roca,0,2,1,0,1,0,0,0,4,0,0,2,0,1,0
79,20 Sep 2025,,hkc1gww0pz1b950ulnh6lnv8,Isidro Díaz de Mera Escuderos,Villarreal CF,CA Osasuna,Alberto Moleiro,0,0,0,4,0,0,0,0,16,0,0,1,0,0,0
79,20 Sep 2025,,hkc1gww0pz1b950ulnh6lnv8,Isidro Díaz de Mera Escuderos,Villarreal CF,CA Osasuna,T. Partey,0,0,0,0,1,0,0,0,42,0,0,1,0,2,0
79,20 Sep 2025,,hkc1gww0pz1b950ulnh6lnv8,Isidro Díaz de Mera Escuderos,Villarreal CF,CA Osasuna,Pau Navarro,0,0,1,1,2,0,0,0,48,0,0,1,1,6,1
79,20 Sep 2025,,hkc1gww0pz1b950ulnh6lnv8,Isidro Díaz de Mera Escuderos,Villarreal CF,CA Osasuna,J. Foyth,0,0,0,0,1,0,0,0,74,0,0,0,0,0,0
79,20 Sep 2025,,hkc1gww0pz1b950ulnh6lnv8,Isidro Díaz de Mera Escuderos,Villarreal CF,CA Osasuna,I. Akhomach,0,0,0,2,1,0,0,0,12,0,0,2,2,2,0
79,20 Sep 2025,,hkc1gww0pz1b950ulnh6lnv8,Isidro Díaz de Mera Escuderos,Villarreal CF,CA Osasuna,Luíz Júnior,0,0,0,0,0,0,0,0,19,0,2,0,0,0,0
79,20 Sep 2025,,hkc1gww0pz1b950ulnh6lnv8,Isidro Díaz de Mera Escuderos,Villarreal CF,CA Osasuna,Rafa Marín,0,0,0,0,1,1,0,0,73,0,0,1,0,2,0
79,20 Sep 2025,,hkc1gww0pz1b950ulnh6lnv8,Isidro Díaz de Mera Escuderos,Villarreal CF,CA Osasuna,Alfonso Pedraza,0,0,1,11,0,3,0,0,43,0,0,0,0,0,0
79,20 Sep 2025,,hkc1gww0pz1b950ulnh6lnv8,Isidro Díaz de Mera Escuderos,Villarreal CF,CA Osasuna,P. Gueye,0,0,0,0,2,3,1,1,63,0,0,4,2,0,0
79,20 Sep 2025,,hkc1gww0pz1b950ulnh6lnv8,Isidro Díaz de Mera Escuderos,Villarreal CF,CA Osasuna,N. Pépé,0,2,1,8,1,1,0,0,40,0,0,5,0,0,0
79,20 Sep 2025,,hkc1gww0pz1b950ulnh6lnv8,Isidro Díaz de Mera Escuderos,Villarreal CF,CA Osasuna,G. Mikautadze,0,1,0,1,0,1,1,0,17,0,0,6,2,0,0
79,20 Sep 2025,,hkc1gww0pz1b950ulnh6lnv8,Isidro Díaz de Mera Escuderos,Villarreal CF,CA Osasuna,T. Buchanan,0,0,1,0,0,2,0,0,22,0,0,0,0,2,0
79,20 Sep 2025,,hkc1gww0pz1b950ulnh6lnv8,Isidro Díaz de Mera Escuderos,Villarreal CF,CA Osasuna,T. Oluwaseyi,1,2,1,0,0,0,0,1,2,0,0,3,1,0,0
79,20 Sep 2025,,hkc1gww0pz1b950ulnh6lnv8,Isidro Díaz de Mera Escuderos,Villarreal CF,CA Osasuna,Santi Comesaña,0,0,1,0,1,0,0,0,15,0,0,0,0,1,1
79,20 Sep 2025,,hkc1gww0pz1b950ulnh6lnv8,Isidro Díaz de Mera Escuderos,Villarreal CF,CA Osasuna,M. Solomon,1,1,1,4,0,0,0,0,8,0,0,1,0,0,0
79,20 Sep 2025,,hkc1gww0pz1b950ulnh6lnv8,Isidro Díaz de Mera Escuderos,Villarreal CF,CA Osasuna,Renato Veiga,0,0,0,0,0,0,0,0,8,0,0,1,0,0,0
79,20 Sep 2025,,hkc1gww0pz1b950ulnh6lnv8,Isidro Díaz de Mera Escuderos,Villarreal CF,CA Osasuna,Abel Bretones,0,0,0,0,1,2,0,0,17,0,0,0,0,3,0
79,20 Sep 2025,,hkc1gww0pz1b950ulnh6lnv8,Isidro Díaz de Mera Escuderos,Villarreal CF,CA Osasuna,Sergio Herrera,0,0,0,0,0,0,0,0,37,0,6,0,0,0,0
79,20 Sep 2025,,hkc1gww0pz1b950ulnh6lnv8,Isidro Díaz de Mera Escuderos,Villarreal CF,CA Osasuna,E. Boyomo,0,0,0,0,1,0,0,0,33,0,0,0,0,2,0
79,20 Sep 2025,,hkc1gww0pz1b950ulnh6lnv8,Isidro Díaz de Mera Escuderos,Villarreal CF,CA Osasuna,Alejandro Catena,0,0,0,0,0,1,0,0,39,0,0,0,0,3,0
79,20 Sep 2025,,hkc1gww0pz1b950ulnh6lnv8,Isidro Díaz de Mera Escuderos,Villarreal CF,CA Osasuna,V. Rosier,0,0,0,1,3,0,0,0,15,1,0,0,0,0,2
79,20 Sep 2025,,hkc1gww0pz1b950ulnh6lnv8,Isidro Díaz de Mera Escuderos,Villarreal CF,CA Osasuna,Rubén García,0,0,0,1,0,1,0,0,14,0,0,0,0,1,0
79,20 Sep 2025,,hkc1gww0pz1b950ulnh6lnv8,Isidro Díaz de Mera Escuderos,Villarreal CF,CA Osasuna,Juan Cruz,0,0,0,0,0,0,0,0,14,0,0,1,0,1,0
79,20 Sep 2025,,hkc1gww0pz1b950ulnh6lnv8,Isidro Díaz de Mera Escuderos,Villarreal CF,CA Osasuna,Lucas Torró,0,0,0,0,3,1,0,0,34,0,0,0,0,4,1
79,20 Sep 2025,,hkc1gww0pz1b950ulnh6lnv8,Isidro Díaz de Mera Escuderos,Villarreal CF,CA Osasuna,A. Budimir,0,0,0,0,1,3,1,0,12,0,0,2,1,0,0
79,20 Sep 2025,,hkc1gww0pz1b950ulnh6lnv8,Isidro Díaz de Mera Escuderos,Villarreal CF,CA Osasuna,Jon Moncayola,0,0,0,1,0,0,0,0,26,0,0,0,0,0,0
79,20 Sep 2025,,hkc1gww0pz1b950ulnh6lnv8,Isidro Díaz de Mera Escuderos,Villarreal CF,CA Osasuna,Víctor Muñoz,0,0,0,0,1,1,0,0,8,0,0,1,0,0,0
79,20 Sep 2025,,hkc1gww0pz1b950ulnh6lnv8,Isidro Díaz de Mera Escuderos,Villarreal CF,CA Osasuna,Jorge Herrando,0,0,0,0,0,0,0,0,6,0,0,0,0,4,0
79,20 Sep 2025,,hkc1gww0pz1b950ulnh6lnv8,Isidro Díaz de Mera Escuderos,Villarreal CF,CA Osasuna,Asier Osambela,0,0,0,0,1,0,0,0,11,0,0,0,0,2,0
79,20 Sep 2025,,hkc1gww0pz1b950ulnh6lnv8,Isidro Díaz de Mera Escuderos,Villarreal CF,CA Osasuna,Raúl García,0,0,0,0,0,0,0,0,3,0,0,2,2,0,0
79,20 Sep 2025,,hkc1gww0pz1b950ulnh6lnv8,Isidro Díaz de Mera Escuderos,Villarreal CF,CA Osasuna,S. Becker,0,0,0,0,0,0,0,1,4,0,0,0,0,0,0
79,20 Sep 2025,,hkc1gww0pz1b950ulnh6lnv8,Isidro Díaz de Mera Escuderos,Villarreal CF,CA Osasuna,Kike Barja,0,0,0,0,0,0,0,0,1,0,0,0,0,0,0
80,24 Sep 2025,,hxr2ojynmpps6ni1gbdsa1hw,Iosu Galech Apezteguía,Real Sociedad de Fútbol,Real Club Deportivo Mallorca,J. Aramburu,0,0,1,2,2,3,0,0,50,0,0,4,0,3,0
80,24 Sep 2025,,hxr2ojynmpps6ni1gbdsa1hw,Iosu Galech Apezteguía,Real Sociedad de Fútbol,Real Club Deportivo Mallorca,Jon Gorrotxategi,0,0,0,0,0,2,0,0,60,0,0,1,0,1,0
80,24 Sep 2025,,hxr2ojynmpps6ni1gbdsa1hw,Iosu Galech Apezteguía,Real Sociedad de Fútbol,Real Club Deportivo Mallorca,Mikel Oyarzabal,0,1,2,1,2,2,1,0,22,0,0,3,1,2,0
80,24 Sep 2025,,hxr2ojynmpps6ni1gbdsa1hw,Iosu Galech Apezteguía,Real Sociedad de Fútbol,Real Club Deportivo Mallorca,T. Kubo,0,0,4,3,0,0,0,2,31,0,0,1,1,1,0
80,24 Sep 2025,,hxr2ojynmpps6ni1gbdsa1hw,Iosu Galech Apezteguía,Real Sociedad de Fútbol,Real Club Deportivo Mallorca,Brais Méndez,0,0,0,5,3,1,0,0,51,0,0,0,0,0,1
80,24 Sep 2025,,hxr2ojynmpps6ni1gbdsa1hw,Iosu Galech Apezteguía,Real Sociedad de Fútbol,Real Club Deportivo Mallorca,Sergio Gómez,0,0,0,2,0,0,0,0,82,0,0,0,0,0,0
80,24 Sep 2025,,hxr2ojynmpps6ni1gbdsa1hw,Iosu Galech Apezteguía,Real Sociedad de Fútbol,Real Club Deportivo Mallorca,D. Ćaleta-Car,0,0,0,0,0,0,0,0,68,0,0,1,0,1,0
80,24 Sep 2025,,hxr2ojynmpps6ni1gbdsa1hw,Iosu Galech Apezteguía,Real Sociedad de Fútbol,Real Club Deportivo Mallorca,Igor Zubeldia,0,2,0,0,2,1,0,0,45,0,0,2,0,0,0
80,24 Sep 2025,,hxr2ojynmpps6ni1gbdsa1hw,Iosu Galech Apezteguía,Real Sociedad de Fútbol,Real Club Deportivo Mallorca,Ander Barrenetxea,1,0,4,11,2,1,0,0,46,0,0,3,1,0,0
80,24 Sep 2025,,hxr2ojynmpps6ni1gbdsa1hw,Iosu Galech Apezteguía,Real Sociedad de Fútbol,Real Club Deportivo Mallorca,Carlos Soler,0,0,0,1,0,2,0,0,36,0,0,1,1,0,0
80,24 Sep 2025,,hxr2ojynmpps6ni1gbdsa1hw,Iosu Galech Apezteguía,Real Sociedad de Fútbol,Real Club Deportivo Mallorca,Álex Remiro,0,0,0,0,0,0,0,0,34,0,3,0,0,0,0
80,24 Sep 2025,,hxr2ojynmpps6ni1gbdsa1hw,Iosu Galech Apezteguía,Real Sociedad de Fútbol,Real Club Deportivo Mallorca,Beñat Turrientes,0,0,0,0,2,1,0,0,11,0,0,1,0,3,1
80,24 Sep 2025,,hxr2ojynmpps6ni1gbdsa1hw,Iosu Galech Apezteguía,Real Sociedad de Fútbol,Real Club Deportivo Mallorca,Aihen Muñoz,0,0,0,0,0,0,0,0,2,0,0,0,0,1,0
80,24 Sep 2025,,hxr2ojynmpps6ni1gbdsa1hw,Iosu Galech Apezteguía,Real Sociedad de Fútbol,Real Club Deportivo Mallorca,Pablo Marín,0,0,0,0,0,0,0,0,3,0,0,0,0,1,0
80,24 Sep 2025,,hxr2ojynmpps6ni1gbdsa1hw,Iosu Galech Apezteguía,Real Sociedad de Fútbol,Real Club Deportivo Mallorca,Gonçalo Guedes,0,0,0,0,0,0,0,0,6,0,0,0,0,0,0
80,24 Sep 2025,,hxr2ojynmpps6ni1gbdsa1hw,Iosu Galech Apezteguía,Real Sociedad de Fútbol,Real Club Deportivo Mallorca,U. Sadiq,0,0,0,0,0,0,0,0,1,0,0,0,0,0,0
80,24 Sep 2025,,hxr2ojynmpps6ni1gbdsa1hw,Iosu Galech Apezteguía,Real Sociedad de Fútbol,Real Club Deportivo Mallorca,Pablo Torre,0,0,0,3,4,4,0,0,25,0,0,0,0,1,0
80,24 Sep 2025,,hxr2ojynmpps6ni1gbdsa1hw,Iosu Galech Apezteguía,Real Sociedad de Fútbol,Real Club Deportivo Mallorca,Antonio Raíllo,0,0,0,1,0,1,0,0,41,0,0,0,0,1,0
80,24 Sep 2025,,hxr2ojynmpps6ni1gbdsa1hw,Iosu Galech Apezteguía,Real Sociedad de Fútbol,Real Club Deportivo Mallorca,V. Muriqi,0,0,1,0,1,1,0,0,20,0,0,1,0,0,0
80,24 Sep 2025,,hxr2ojynmpps6ni1gbdsa1hw,Iosu Galech Apezteguía,Real Sociedad de Fútbol,Real Club Deportivo Mallorca,Toni Lato,0,0,0,2,0,0,0,0,24,0,0,0,0,1,0
80,24 Sep 2025,,hxr2ojynmpps6ni1gbdsa1hw,Iosu Galech Apezteguía,Real Sociedad de Fútbol,Real Club Deportivo Mallorca,M. Valjent,0,0,0,0,2,0,0,0,41,0,0,0,0,1,0
80,24 Sep 2025,,hxr2ojynmpps6ni1gbdsa1hw,Iosu Galech Apezteguía,Real Sociedad de Fútbol,Real Club Deportivo Mallorca,Mateo Joseph,0,0,0,0,1,1,0,0,11,0,0,2,1,1,0
80,24 Sep 2025,,hxr2ojynmpps6ni1gbdsa1hw,Iosu Galech Apezteguía,Real Sociedad de Fútbol,Real Club Deportivo Mallorca,David López,0,0,0,0,1,1,0,0,19,0,0,0,0,0,0
80,24 Sep 2025,,hxr2ojynmpps6ni1gbdsa1hw,Iosu Galech Apezteguía,Real Sociedad de Fútbol,Real Club Deportivo Mallorca,Leo Román,0,0,0,0,0,0,0,0,30,0,3,0,0,0,0
80,24 Sep 2025,,hxr2ojynmpps6ni1gbdsa1hw,Iosu Galech Apezteguía,Real Sociedad de Fútbol,Real Club Deportivo Mallorca,Omar Mascarell,0,0,0,0,0,0,0,0,10,0,0,0,0,1,0
80,24 Sep 2025,,hxr2ojynmpps6ni1gbdsa1hw,Iosu Galech Apezteguía,Real Sociedad de Fútbol,Real Club Deportivo Mallorca,Antonio Sánchez,0,0,0,1,2,0,0,0,12,0,0,1,1,0,1
80,24 Sep 2025,,hxr2ojynmpps6ni1gbdsa1hw,Iosu Galech Apezteguía,Real Sociedad de Fútbol,Real Club Deportivo Mallorca,Pablo Maffeo,0,0,0,3,1,2,0,0,21,0,0,0,0,4,1
80,24 Sep 2025,,hxr2ojynmpps6ni1gbdsa1hw,Iosu Galech Apezteguía,Real Sociedad de Fútbol,Real Club Deportivo Mallorca,Samú Costa,0,1,1,0,1,1,0,0,27,0,0,2,1,1,0
80,24 Sep 2025,,hxr2ojynmpps6ni1gbdsa1hw,Iosu Galech Apezteguía,Real Sociedad de Fútbol,Real Club Deportivo Mallorca,Marc Domenech,0,0,0,0,1,1,0,0,2,0,0,0,0,0,0
80,24 Sep 2025,,hxr2ojynmpps6ni1gbdsa1hw,Iosu Galech Apezteguía,Real Sociedad de Fútbol,Real Club Deportivo Mallorca,Sergi Darder,0,0,0,1,1,1,0,0,10,0,0,1,0,2,0
80,24 Sep 2025,,hxr2ojynmpps6ni1gbdsa1hw,Iosu Galech Apezteguía,Real Sociedad de Fútbol,Real Club Deportivo Mallorca,Mateu Morey,0,0,0,0,0,0,0,0,8,0,0,0,0,2,0
80,24 Sep 2025,,hxr2ojynmpps6ni1gbdsa1hw,Iosu Galech Apezteguía,Real Sociedad de Fútbol,Real Club Deportivo Mallorca,J. Mojica,0,0,0,1,0,0,0,0,9,0,0,0,0,0,0
81,23 Sep 2025,,ib901b3xp60cmvf9jmlupqtw,José Luis Munuera Montero,Athletic Club,Girona FC,Oihan Sancet,0,0,0,2,1,2,0,0,26,0,0,2,0,0,0
81,23 Sep 2025,,ib901b3xp60cmvf9jmlupqtw,José Luis Munuera Montero,Athletic Club,Girona FC,Unai Simón,0,0,0,0,0,0,0,0,18,0,2,0,0,0,0
81,23 Sep 2025,,ib901b3xp60cmvf9jmlupqtw,José Luis Munuera Montero,Athletic Club,Girona FC,Mikel Jauregizar,0,0,1,3,3,0,1,0,64,0,0,1,1,3,0
81,23 Sep 2025,,ib901b3xp60cmvf9jmlupqtw,José Luis Munuera Montero,Athletic Club,Girona FC,Mikel Vesga,0,0,0,0,0,0,0,0,29,0,0,1,0,3,0
81,23 Sep 2025,,ib901b3xp60cmvf9jmlupqtw,José Luis Munuera Montero,Athletic Club,Girona FC,Adama Boiro,0,0,0,2,0,1,0,0,40,0,0,0,0,1,0
81,23 Sep 2025,,ib901b3xp60cmvf9jmlupqtw,José Luis Munuera Montero,Athletic Club,Girona FC,Aymeric Laporte,0,0,0,0,0,0,0,0,107,0,0,1,1,0,0
81,23 Sep 2025,,ib901b3xp60cmvf9jmlupqtw,José Luis Munuera Montero,Athletic Club,Girona FC,Aitor Paredes,0,0,1,0,1,2,0,0,103,0,0,1,1,1,0
81,23 Sep 2025,,ib901b3xp60cmvf9jmlupqtw,José Luis Munuera Montero,Athletic Club,Girona FC,Andoni Gorosabel,0,0,0,2,1,1,0,0,27,0,0,0,0,2,0
81,23 Sep 2025,,ib901b3xp60cmvf9jmlupqtw,José Luis Munuera Montero,Athletic Club,Girona FC,I. Williams,0,3,2,3,2,1,0,0,22,0,0,3,0,0,0
81,23 Sep 2025,,ib901b3xp60cmvf9jmlupqtw,José Luis Munuera Montero,Athletic Club,Girona FC,Nico Serrano,0,1,1,10,1,0,0,0,21,0,0,1,0,0,0
81,23 Sep 2025,,ib901b3xp60cmvf9jmlupqtw,José Luis Munuera Montero,Athletic Club,Girona FC,Gorka Guruzeta,0,1,0,0,4,0,0,0,18,0,0,4,1,1,0
81,23 Sep 2025,,ib901b3xp60cmvf9jmlupqtw,José Luis Munuera Montero,Athletic Club,Girona FC,Íñigo Ruíz de Galarreta,0,0,0,0,2,1,0,0,36,0,0,0,0,1,0
81,23 Sep 2025,,ib901b3xp60cmvf9jmlupqtw,José Luis Munuera Montero,Athletic Club,Girona FC,Yuri,0,0,1,2,0,1,0,0,36,0,0,0,0,2,0
81,23 Sep 2025,,ib901b3xp60cmvf9jmlupqtw,José Luis Munuera Montero,Athletic Club,Girona FC,Alex Berenguer,0,0,2,11,1,4,0,0,24,0,0,1,1,0,0
81,23 Sep 2025,,ib901b3xp60cmvf9jmlupqtw,José Luis Munuera Montero,Athletic Club,Girona FC,Jesús Areso,0,0,0,5,3,0,0,0,24,0,0,1,0,4,0
81,23 Sep 2025,,ib901b3xp60cmvf9jmlupqtw,José Luis Munuera Montero,Athletic Club,Girona FC,Robert Navarro,0,0,0,0,0,1,0,0,5,0,0,1,0,0,0
81,23 Sep 2025,,ib901b3xp60cmvf9jmlupqtw,José Luis Munuera Montero,Athletic Club,Girona FC,D. Blind,0,0,0,0,0,1,0,0,36,0,0,0,0,1,0
81,23 Sep 2025,,ib901b3xp60cmvf9jmlupqtw,José Luis Munuera Montero,Athletic Club,Girona FC,J. Solís,0,0,0,0,0,1,0,0,24,0,0,0,0,0,0
81,23 Sep 2025,,ib901b3xp60cmvf9jmlupqtw,José Luis Munuera Montero,Athletic Club,Girona FC,Hugo Rincón,0,0,0,1,1,2,0,1,26,0,0,0,0,2,0
81,23 Sep 2025,,ib901b3xp60cmvf9jmlupqtw,José Luis Munuera Montero,Athletic Club,Girona FC,Bryan Gil,1,0,0,1,1,0,0,2,20,0,0,0,0,1,0
81,23 Sep 2025,,ib901b3xp60cmvf9jmlupqtw,José Luis Munuera Montero,Athletic Club,Girona FC,Álex Moreno,0,0,0,1,2,1,0,1,23,0,0,0,0,0,0
81,23 Sep 2025,,ib901b3xp60cmvf9jmlupqtw,José Luis Munuera Montero,Athletic Club,Girona FC,A. Ounahi,0,1,1,1,2,7,1,0,28,0,0,2,1,1,1
81,23 Sep 2025,,ib901b3xp60cmvf9jmlupqtw,José Luis Munuera Montero,Athletic Club,Girona FC,Iván Martín,0,0,0,0,4,1,0,0,39,0,0,0,0,3,1
81,23 Sep 2025,,ib901b3xp60cmvf9jmlupqtw,José Luis Munuera Montero,Athletic Club,Girona FC,P. Gazzaniga,0,0,0,0,0,1,0,0,35,0,4,0,0,0,0
81,23 Sep 2025,,ib901b3xp60cmvf9jmlupqtw,José Luis Munuera Montero,Athletic Club,Girona FC,Alejandro Francés,0,0,0,0,1,1,0,0,36,0,0,1,1,1,0
81,23 Sep 2025,,ib901b3xp60cmvf9jmlupqtw,José Luis Munuera Montero,Athletic Club,Girona FC,D. van de Beek,0,0,0,0,0,0,0,0,8,0,0,1,0,0,0
81,23 Sep 2025,,ib901b3xp60cmvf9jmlupqtw,José Luis Munuera Montero,Athletic Club,Girona FC,V. Vanat,0,0,0,0,1,0,0,0,14,0,0,1,0,0,0
81,23 Sep 2025,,ib901b3xp60cmvf9jmlupqtw,José Luis Munuera Montero,Athletic Club,Girona FC,Portu,0,0,0,0,1,2,0,0,10,0,0,1,1,1,0
81,23 Sep 2025,,ib901b3xp60cmvf9jmlupqtw,José Luis Munuera Montero,Athletic Club,Girona FC,Arnau Martínez,0,0,0,0,2,1,0,0,6,0,0,0,0,0,0
81,23 Sep 2025,,ib901b3xp60cmvf9jmlupqtw,José Luis Munuera Montero,Athletic Club,Girona FC,C. Stuani,0,0,0,0,0,0,0,0,0,0,0,0,0,0,0
81,23 Sep 2025,,ib901b3xp60cmvf9jmlupqtw,José Luis Munuera Montero,Athletic Club,Girona FC,Y. Asprilla,0,0,0,1,0,0,0,1,0,0,0,0,0,0,0
81,23 Sep 2025,,ib901b3xp60cmvf9jmlupqtw,José Luis Munuera Montero,Athletic Club,Girona FC,Lancinet Kourouma Kourouma,0,0,0,0,0,0,0,0,0,0,0,0,0,0,0
82,17 Aug 2025,,ine2hgzsb0qatru98nl045w,Francisco José Hernández Maeso,Athletic Club,Sevilla FC,Alex Berenguer,0,2,1,7,0,3,0,0,18,0,0,2,0,1,0
82,17 Aug 2025,,ine2hgzsb0qatru98nl045w,Francisco José Hernández Maeso,Athletic Club,Sevilla FC,Unai Simón,0,0,0,0,0,0,0,0,34,0,4,0,0,0,0
82,17 Aug 2025,,ine2hgzsb0qatru98nl045w,Francisco José Hernández Maeso,Athletic Club,Sevilla FC,Nico Williams,1,2,3,3,2,5,1,0,34,0,0,4,1,0,0
82,17 Aug 2025,,ine2hgzsb0qatru98nl045w,Francisco José Hernández Maeso,Athletic Club,Sevilla FC,Aitor Paredes,0,0,0,0,1,0,0,0,56,0,0,1,0,1,0
82,17 Aug 2025,,ine2hgzsb0qatru98nl045w,Francisco José Hernández Maeso,Athletic Club,Sevilla FC,Dani Vivian,0,1,0,1,1,0,0,0,49,0,0,1,0,2,0
82,17 Aug 2025,,ine2hgzsb0qatru98nl045w,Francisco José Hernández Maeso,Athletic Club,Sevilla FC,I. Williams,0,1,1,1,1,0,0,0,18,0,0,1,0,1,0
82,17 Aug 2025,,ine2hgzsb0qatru98nl045w,Francisco José Hernández Maeso,Athletic Club,Sevilla FC,Jesús Areso,0,0,2,2,0,0,0,0,21,0,0,0,0,0,0
82,17 Aug 2025,,ine2hgzsb0qatru98nl045w,Francisco José Hernández Maeso,Athletic Club,Sevilla FC,M. Sannadi,0,0,0,1,1,0,1,0,17,0,0,2,1,0,0
82,17 Aug 2025,,ine2hgzsb0qatru98nl045w,Francisco José Hernández Maeso,Athletic Club,Sevilla FC,Yuri,0,1,2,3,0,2,0,0,40,0,0,1,0,0,0
82,17 Aug 2025,,ine2hgzsb0qatru98nl045w,Francisco José Hernández Maeso,Athletic Club,Sevilla FC,Íñigo Ruíz de Galarreta,0,1,1,0,1,0,0,0,33,0,0,1,0,2,0
82,17 Aug 2025,,ine2hgzsb0qatru98nl045w,Francisco José Hernández Maeso,Athletic Club,Sevilla FC,Mikel Jauregizar,0,0,0,2,0,0,0,0,36,0,0,0,0,2,0
82,17 Aug 2025,,ine2hgzsb0qatru98nl045w,Francisco José Hernández Maeso,Athletic Club,Sevilla FC,Gorka Guruzeta,0,0,0,0,0,1,0,0,10,0,0,0,0,1,0
82,17 Aug 2025,,ine2hgzsb0qatru98nl045w,Francisco José Hernández Maeso,Athletic Club,Sevilla FC,Robert Navarro,0,0,0,1,1,0,1,0,7,0,0,1,1,0,0
82,17 Aug 2025,,ine2hgzsb0qatru98nl045w,Francisco José Hernández Maeso,Athletic Club,Sevilla FC,Mikel Vesga,0,0,0,0,0,0,0,0,7,0,0,0,0,0,0
82,17 Aug 2025,,ine2hgzsb0qatru98nl045w,Francisco José Hernández Maeso,Athletic Club,Sevilla FC,Alejandro Rego,0,0,0,0,0,0,0,0,3,0,0,0,0,1,0
82,17 Aug 2025,,ine2hgzsb0qatru98nl045w,Francisco José Hernández Maeso,Athletic Club,Sevilla FC,Andoni Gorosabel,0,0,0,0,0,0,0,0,4,0,0,0,0,0,0
82,17 Aug 2025,,ine2hgzsb0qatru98nl045w,Francisco José Hernández Maeso,Athletic Club,Sevilla FC,L. Agoumé,0,0,1,1,3,0,1,0,60,0,0,1,1,1,1
82,17 Aug 2025,,ine2hgzsb0qatru98nl045w,Francisco José Hernández Maeso,Athletic Club,Sevilla FC,Juanlu Sánchez,1,0,0,1,3,2,0,1,48,0,0,0,0,3,0
82,17 Aug 2025,,ine2hgzsb0qatru98nl045w,Francisco José Hernández Maeso,Athletic Club,Sevilla FC,Ø. Nyland,0,0,0,0,0,0,0,0,35,0,0,0,0,0,0
82,17 Aug 2025,,ine2hgzsb0qatru98nl045w,Francisco José Hernández Maeso,Athletic Club,Sevilla FC,A. Adams,1,0,0,1,0,0,0,5,12,0,0,3,2,0,0
82,17 Aug 2025,,ine2hgzsb0qatru98nl045w,Francisco José Hernández Maeso,Athletic Club,Sevilla FC,S. Idumbo,0,1,0,0,0,0,0,0,11,0,0,1,0,1,0
82,17 Aug 2025,,ine2hgzsb0qatru98nl045w,Francisco José Hernández Maeso,Athletic Club,Sevilla FC,D. Sow,0,0,0,2,1,0,0,1,28,0,0,1,0,5,0
82,17 Aug 2025,,ine2hgzsb0qatru98nl045w,Francisco José Hernández Maeso,Athletic Club,Sevilla FC,Kike Salas,0,0,0,0,1,0,0,0,75,0,0,0,0,2,0
82,17 Aug 2025,,ine2hgzsb0qatru98nl045w,Francisco José Hernández Maeso,Athletic Club,Sevilla FC,José Ángel Carmona,0,0,0,1,0,2,0,0,36,0,0,1,1,0,0
82,17 Aug 2025,,ine2hgzsb0qatru98nl045w,Francisco José Hernández Maeso,Athletic Club,Sevilla FC,Andrés Castrín,0,0,0,0,1,1,0,0,39,0,0,0,0,0,1
82,17 Aug 2025,,ine2hgzsb0qatru98nl045w,Francisco José Hernández Maeso,Athletic Club,Sevilla FC,D. Lukébakio,0,0,0,3,2,1,1,0,35,0,0,2,1,0,0
82,17 Aug 2025,,ine2hgzsb0qatru98nl045w,Francisco José Hernández Maeso,Athletic Club,Sevilla FC,N. Gudelj,0,0,0,1,1,1,0,0,46,0,0,1,1,3,0
82,17 Aug 2025,,ine2hgzsb0qatru98nl045w,Francisco José Hernández Maeso,Athletic Club,Sevilla FC,C. Ejuke,0,0,0,0,0,0,0,1,18,0,0,1,0,1,0
82,17 Aug 2025,,ine2hgzsb0qatru98nl045w,Francisco José Hernández Maeso,Athletic Club,Sevilla FC,A. Januzaj,0,0,0,0,0,1,0,0,9,0,0,0,0,0,0
82,17 Aug 2025,,ine2hgzsb0qatru98nl045w,Francisco José Hernández Maeso,Athletic Club,Sevilla FC,Marcão,0,0,0,0,0,0,0,0,21,0,0,0,0,0,0
82,17 Aug 2025,,ine2hgzsb0qatru98nl045w,Francisco José Hernández Maeso,Athletic Club,Sevilla FC,Isaac Romero,0,1,0,0,0,0,0,0,4,0,0,1,0,2,0
83,24 Sep 2025,,ioo3djrnoe5kcc2n7mypzbis,Alejandro José Hernández Hernández,Club Atlético de Madrid,Rayo Vallecano de Madrid,C. Gallagher,0,0,0,2,2,1,0,0,52,0,0,0,0,1,0
83,24 Sep 2025,,ioo3djrnoe5kcc2n7mypzbis,Alejandro José Hernández Hernández,Club Atlético de Madrid,Rayo Vallecano de Madrid,Koke,0,0,0,0,1,1,0,0,65,0,0,0,0,1,1
83,24 Sep 2025,,ioo3djrnoe5kcc2n7mypzbis,Alejandro José Hernández Hernández,Club Atlético de Madrid,Rayo Vallecano de Madrid,N. Molina,0,0,1,2,0,0,0,1,30,0,0,0,0,1,0
83,24 Sep 2025,,ioo3djrnoe5kcc2n7mypzbis,Alejandro José Hernández Hernández,Club Atlético de Madrid,Rayo Vallecano de Madrid,Marcos Llorente,1,0,1,4,1,1,0,0,85,0,0,1,1,0,1
83,24 Sep 2025,,ioo3djrnoe5kcc2n7mypzbis,Alejandro José Hernández Hernández,Club Atlético de Madrid,Rayo Vallecano de Madrid,Robin Le Normand,0,0,0,0,0,1,0,0,52,0,0,1,0,0,1
83,24 Sep 2025,,ioo3djrnoe5kcc2n7mypzbis,Alejandro José Hernández Hernández,Club Atlético de Madrid,Rayo Vallecano de Madrid,D. Hancko,0,0,0,0,0,0,0,0,55,0,0,1,0,5,0
83,24 Sep 2025,,ioo3djrnoe5kcc2n7mypzbis,Alejandro José Hernández Hernández,Club Atlético de Madrid,Rayo Vallecano de Madrid,Javi Galán,0,0,1,3,0,2,0,2,28,0,0,0,0,1,0
83,24 Sep 2025,,ioo3djrnoe5kcc2n7mypzbis,Alejandro José Hernández Hernández,Club Atlético de Madrid,Rayo Vallecano de Madrid,Pablo Barrios,0,0,1,0,1,1,0,0,50,0,0,0,0,0,0
83,24 Sep 2025,,ioo3djrnoe5kcc2n7mypzbis,Alejandro José Hernández Hernández,Club Atlético de Madrid,Rayo Vallecano de Madrid,J. Oblak,0,0,0,0,0,1,0,0,30,0,1,0,0,0,0
83,24 Sep 2025,,ioo3djrnoe5kcc2n7mypzbis,Alejandro José Hernández Hernández,Club Atlético de Madrid,Rayo Vallecano de Madrid,J. Alvarez,0,0,0,5,0,0,3,0,29,0,0,4,3,1,0
83,24 Sep 2025,,ioo3djrnoe5kcc2n7mypzbis,Alejandro José Hernández Hernández,Club Atlético de Madrid,Rayo Vallecano de Madrid,A. Griezmann,0,0,2,3,0,0,0,0,44,0,0,2,1,0,0
83,24 Sep 2025,,ioo3djrnoe5kcc2n7mypzbis,Alejandro José Hernández Hernández,Club Atlético de Madrid,Rayo Vallecano de Madrid,N. González,0,2,1,1,0,0,0,0,18,0,0,4,1,1,0
83,24 Sep 2025,,ioo3djrnoe5kcc2n7mypzbis,Alejandro José Hernández Hernández,Club Atlético de Madrid,Rayo Vallecano de Madrid,G. Simeone,1,2,1,0,1,1,0,0,21,0,0,6,2,1,0
83,24 Sep 2025,,ioo3djrnoe5kcc2n7mypzbis,Alejandro José Hernández Hernández,Club Atlético de Madrid,Rayo Vallecano de Madrid,G. Raspadori,0,0,0,1,0,3,0,0,2,0,0,1,0,0,0
83,24 Sep 2025,,ioo3djrnoe5kcc2n7mypzbis,Alejandro José Hernández Hernández,Club Atlético de Madrid,Rayo Vallecano de Madrid,M. Ruggeri,0,0,0,2,0,0,0,0,9,0,0,0,0,0,0
83,24 Sep 2025,,ioo3djrnoe5kcc2n7mypzbis,Alejandro José Hernández Hernández,Club Atlético de Madrid,Rayo Vallecano de Madrid,Marc Pubill,0,0,0,1,0,0,0,0,9,0,0,0,0,0,0
83,24 Sep 2025,,ioo3djrnoe5kcc2n7mypzbis,Alejandro José Hernández Hernández,Club Atlético de Madrid,Rayo Vallecano de Madrid,Alemão,0,0,1,0,2,0,0,0,11,0,0,1,0,0,0
83,24 Sep 2025,,ioo3djrnoe5kcc2n7mypzbis,Alejandro José Hernández Hernández,Club Atlético de Madrid,Rayo Vallecano de Madrid,Óscar Valentín,0,0,0,0,1,1,0,0,20,0,0,1,0,4,0
83,24 Sep 2025,,ioo3djrnoe5kcc2n7mypzbis,Alejandro José Hernández Hernández,Club Atlético de Madrid,Rayo Vallecano de Madrid,Isi Palazón,1,0,2,7,1,2,0,0,26,0,0,2,1,0,0
83,24 Sep 2025,,ioo3djrnoe5kcc2n7mypzbis,Alejandro José Hernández Hernández,Club Atlético de Madrid,Rayo Vallecano de Madrid,A. Rațiu,0,0,2,1,2,0,0,1,25,0,0,0,0,1,1
83,24 Sep 2025,,ioo3djrnoe5kcc2n7mypzbis,Alejandro José Hernández Hernández,Club Atlético de Madrid,Rayo Vallecano de Madrid,F. Lejeune,0,0,0,0,0,0,0,0,37,0,0,1,0,3,0
83,24 Sep 2025,,ioo3djrnoe5kcc2n7mypzbis,Alejandro José Hernández Hernández,Club Atlético de Madrid,Rayo Vallecano de Madrid,Unai López,1,0,0,2,1,0,0,0,38,0,0,0,0,2,0
83,24 Sep 2025,,ioo3djrnoe5kcc2n7mypzbis,Alejandro José Hernández Hernández,Club Atlético de Madrid,Rayo Vallecano de Madrid,Pep Chavarría,0,0,0,2,1,0,1,0,37,0,0,2,1,6,1
83,24 Sep 2025,,ioo3djrnoe5kcc2n7mypzbis,Alejandro José Hernández Hernández,Club Atlético de Madrid,Rayo Vallecano de Madrid,J. Vertrouwd,0,0,0,0,1,0,0,0,44,0,0,0,0,0,0
83,24 Sep 2025,,ioo3djrnoe5kcc2n7mypzbis,Alejandro José Hernández Hernández,Club Atlético de Madrid,Rayo Vallecano de Madrid,I. Balliu,0,0,0,1,1,1,0,0,43,0,0,1,0,2,1
83,24 Sep 2025,,ioo3djrnoe5kcc2n7mypzbis,Alejandro José Hernández Hernández,Club Atlético de Madrid,Rayo Vallecano de Madrid,Fran Pérez,0,0,1,1,0,1,0,1,14,0,0,0,0,1,0
83,24 Sep 2025,,ioo3djrnoe5kcc2n7mypzbis,Alejandro José Hernández Hernández,Club Atlético de Madrid,Rayo Vallecano de Madrid,A. Batalla,0,0,0,0,0,1,0,0,31,0,5,0,0,0,0
83,24 Sep 2025,,ioo3djrnoe5kcc2n7mypzbis,Alejandro José Hernández Hernández,Club Atlético de Madrid,Rayo Vallecano de Madrid,P. Espino,0,0,0,1,1,0,0,0,9,0,0,0,0,0,0
83,24 Sep 2025,,ioo3djrnoe5kcc2n7mypzbis,Alejandro José Hernández Hernández,Club Atlético de Madrid,Rayo Vallecano de Madrid,Álvaro García,0,0,0,1,0,0,1,0,11,0,0,1,1,0,0
83,24 Sep 2025,,ioo3djrnoe5kcc2n7mypzbis,Alejandro José Hernández Hernández,Club Atlético de Madrid,Rayo Vallecano de Madrid,P. Ciss,0,0,0,0,1,0,0,0,19,0,0,0,0,1,1
83,24 Sep 2025,,ioo3djrnoe5kcc2n7mypzbis,Alejandro José Hernández Hernández,Club Atlético de Madrid,Rayo Vallecano de Madrid,Pedro Díaz,0,0,0,1,0,0,0,0,4,0,0,0,0,1,0
83,24 Sep 2025,,ioo3djrnoe5kcc2n7mypzbis,Alejandro José Hernández Hernández,Club Atlético de Madrid,Rayo Vallecano de Madrid,Gerard Gumbau,0,0,0,0,0,0,0,0,1,0,0,0,0,0,0
83,24 Sep 2025,,ioo3djrnoe5kcc2n7mypzbis,Alejandro José Hernández Hernández,Club Atlético de Madrid,Rayo Vallecano de Madrid,Sergio Camello,0,0,0,0,0,0,0,0,0,0,0,0,0,0,1
84,23 Sep 2025,,j23bvmu4uuofecr7aaeurtw4,José Luis Guzmán Mansilla,Reial Club Deportiu Espanyol de Barcelona,Valencia CF,Kike García,0,0,1,1,0,1,0,3,29,0,0,3,1,1,0
84,23 Sep 2025,,j23bvmu4uuofecr7aaeurtw4,José Luis Guzmán Mansilla,Reial Club Deportiu Espanyol de Barcelona,Valencia CF,L. Cabrera,0,1,0,1,1,1,1,0,62,0,0,4,1,2,0
84,23 Sep 2025,,j23bvmu4uuofecr7aaeurtw4,José Luis Guzmán Mansilla,Reial Club Deportiu Espanyol de Barcelona,Valencia CF,M. Dmitrović,0,0,0,0,0,0,0,0,20,0,0,0,0,0,0
84,23 Sep 2025,,j23bvmu4uuofecr7aaeurtw4,José Luis Guzmán Mansilla,Reial Club Deportiu Espanyol de Barcelona,Valencia CF,C. Pickel,0,0,1,0,0,1,0,0,25,0,0,1,1,0,1
84,23 Sep 2025,,j23bvmu4uuofecr7aaeurtw4,José Luis Guzmán Mansilla,Reial Club Deportiu Espanyol de Barcelona,Valencia CF,T. Dolan,0,1,2,2,2,1,0,1,14,0,0,2,1,0,0
84,23 Sep 2025,,j23bvmu4uuofecr7aaeurtw4,José Luis Guzmán Mansilla,Reial Club Deportiu Espanyol de Barcelona,Valencia CF,Edu Expósito,1,0,1,15,1,1,0,0,40,0,0,3,2,1,0
84,23 Sep 2025,,j23bvmu4uuofecr7aaeurtw4,José Luis Guzmán Mansilla,Reial Club Deportiu Espanyol de Barcelona,Valencia CF,Javi Puado,0,0,1,5,1,0,1,0,20,0,0,5,3,0,0
84,23 Sep 2025,,j23bvmu4uuofecr7aaeurtw4,José Luis Guzmán Mansilla,Reial Club Deportiu Espanyol de Barcelona,Valencia CF,C. Riedel,0,0,0,0,1,0,0,0,80,0,0,0,0,0,0
84,23 Sep 2025,,j23bvmu4uuofecr7aaeurtw4,José Luis Guzmán Mansilla,Reial Club Deportiu Espanyol de Barcelona,Valencia CF,Carlos Romero,0,1,0,3,0,0,0,0,23,0,0,1,0,2,0
84,23 Sep 2025,,j23bvmu4uuofecr7aaeurtw4,José Luis Guzmán Mansilla,Reial Club Deportiu Espanyol de Barcelona,Valencia CF,O. El Hilali,0,0,0,2,0,0,0,0,40,0,0,0,0,0,0
84,23 Sep 2025,,j23bvmu4uuofecr7aaeurtw4,José Luis Guzmán Mansilla,Reial Club Deportiu Espanyol de Barcelona,Valencia CF,Pol Lozano,0,0,1,1,1,1,0,0,36,0,0,0,0,1,0
84,23 Sep 2025,,j23bvmu4uuofecr7aaeurtw4,José Luis Guzmán Mansilla,Reial Club Deportiu Espanyol de Barcelona,Valencia CF,Roberto Fernández,1,1,0,0,0,1,0,1,8,0,0,2,1,0,0
84,23 Sep 2025,,j23bvmu4uuofecr7aaeurtw4,José Luis Guzmán Mansilla,Reial Club Deportiu Espanyol de Barcelona,Valencia CF,Urko González de Zárate,0,0,0,0,0,0,0,0,10,0,0,0,0,0,0
84,23 Sep 2025,,j23bvmu4uuofecr7aaeurtw4,José Luis Guzmán Mansilla,Reial Club Deportiu Espanyol de Barcelona,Valencia CF,Rubén Sánchez,0,0,0,4,0,0,0,0,22,0,0,0,0,0,0
84,23 Sep 2025,,j23bvmu4uuofecr7aaeurtw4,José Luis Guzmán Mansilla,Reial Club Deportiu Espanyol de Barcelona,Valencia CF,José Salinas,0,0,0,1,1,0,0,0,3,0,0,0,0,0,0
84,23 Sep 2025,,j23bvmu4uuofecr7aaeurtw4,José Luis Guzmán Mansilla,Reial Club Deportiu Espanyol de Barcelona,Valencia CF,Antoniu Roca,0,0,0,1,1,1,0,0,8,0,0,0,0,0,0
84,23 Sep 2025,,j23bvmu4uuofecr7aaeurtw4,José Luis Guzmán Mansilla,Reial Club Deportiu Espanyol de Barcelona,Valencia CF,M. Diakhaby,0,0,0,0,0,0,0,0,41,0,0,0,0,4,1
84,23 Sep 2025,,j23bvmu4uuofecr7aaeurtw4,José Luis Guzmán Mansilla,Reial Club Deportiu Espanyol de Barcelona,Valencia CF,César Tárrega,0,0,0,0,0,0,0,0,49,0,0,0,0,0,0
84,23 Sep 2025,,j23bvmu4uuofecr7aaeurtw4,José Luis Guzmán Mansilla,Reial Club Deportiu Espanyol de Barcelona,Valencia CF,D. Foulquier,0,0,1,1,0,0,0,0,36,0,0,0,0,1,0
84,23 Sep 2025,,j23bvmu4uuofecr7aaeurtw4,José Luis Guzmán Mansilla,Reial Club Deportiu Espanyol de Barcelona,Valencia CF,B. Santamaría,0,0,0,0,4,1,0,0,48,0,0,0,0,5,1
84,23 Sep 2025,,j23bvmu4uuofecr7aaeurtw4,José Luis Guzmán Mansilla,Reial Club Deportiu Espanyol de Barcelona,Valencia CF,Diego López,0,0,0,0,2,0,0,0,14,0,0,0,0,0,1
84,23 Sep 2025,,j23bvmu4uuofecr7aaeurtw4,José Luis Guzmán Mansilla,Reial Club Deportiu Espanyol de Barcelona,Valencia CF,Julen Agirrezabala,0,0,0,0,0,0,0,0,31,0,6,0,0,0,1
84,23 Sep 2025,,j23bvmu4uuofecr7aaeurtw4,José Luis Guzmán Mansilla,Reial Club Deportiu Espanyol de Barcelona,Valencia CF,A. Danjuma,0,0,1,3,0,2,1,1,24,0,0,1,1,1,0
84,23 Sep 2025,,j23bvmu4uuofecr7aaeurtw4,José Luis Guzmán Mansilla,Reial Club Deportiu Espanyol de Barcelona,Valencia CF,Luis Rioja,1,1,0,2,0,1,0,0,30,0,0,2,0,1,0
84,23 Sep 2025,,j23bvmu4uuofecr7aaeurtw4,José Luis Guzmán Mansilla,Reial Club Deportiu Espanyol de Barcelona,Valencia CF,Pepelu,0,0,0,0,0,0,0,0,26,0,0,1,0,1,0
84,23 Sep 2025,,j23bvmu4uuofecr7aaeurtw4,José Luis Guzmán Mansilla,Reial Club Deportiu Espanyol de Barcelona,Valencia CF,José Gayà,0,0,0,3,0,0,0,0,25,0,0,0,0,4,0
84,23 Sep 2025,,j23bvmu4uuofecr7aaeurtw4,José Luis Guzmán Mansilla,Reial Club Deportiu Espanyol de Barcelona,Valencia CF,Hugo Duro,0,0,1,0,1,3,1,0,23,0,0,1,1,2,0
84,23 Sep 2025,,j23bvmu4uuofecr7aaeurtw4,José Luis Guzmán Mansilla,Reial Club Deportiu Espanyol de Barcelona,Valencia CF,F. Ugrinic,1,0,0,1,0,0,0,0,7,0,0,0,0,2,0
84,23 Sep 2025,,j23bvmu4uuofecr7aaeurtw4,José Luis Guzmán Mansilla,Reial Club Deportiu Espanyol de Barcelona,Valencia CF,L. Beltrán,0,0,0,0,0,0,0,0,8,0,0,0,0,2,0
84,23 Sep 2025,,j23bvmu4uuofecr7aaeurtw4,José Luis Guzmán Mansilla,Reial Club Deportiu Espanyol de Barcelona,Valencia CF,Thierry Correia,0,0,0,0,0,1,0,1,3,0,0,0,0,0,0
84,23 Sep 2025,,j23bvmu4uuofecr7aaeurtw4,José Luis Guzmán Mansilla,Reial Club Deportiu Espanyol de Barcelona,Valencia CF,Javi Guerra,0,0,0,0,0,0,0,0,4,0,0,0,0,1,0
84,23 Sep 2025,,j23bvmu4uuofecr7aaeurtw4,José Luis Guzmán Mansilla,Reial Club Deportiu Espanyol de Barcelona,Valencia CF,Jesús Vázquez,0,0,0,0,2,0,0,0,0,0,0,0,0,1,0
85,23 Sep 2025,,jfjnqx2yal5t4pcccve1zg9g,Isidro Díaz de Mera Escuderos,Levante UD,Real Madrid CF,Jon Olasagasti,0,2,0,2,2,1,0,0,18,0,0,2,0,1,0
85,23 Sep 2025,,jfjnqx2yal5t4pcccve1zg9g,Isidro Díaz de Mera Escuderos,Levante UD,Real Madrid CF,E. Eyong,0,2,1,0,1,0,1,0,15,0,0,4,1,4,0
85,23 Sep 2025,,jfjnqx2yal5t4pcccve1zg9g,Isidro Díaz de Mera Escuderos,Levante UD,Real Madrid CF,J. Toljan,0,0,0,1,1,1,0,0,43,0,0,0,0,1,0
85,23 Sep 2025,,jfjnqx2yal5t4pcccve1zg9g,Isidro Díaz de Mera Escuderos,Levante UD,Real Madrid CF,Carlos Álvarez,0,1,0,1,1,0,0,0,27,0,0,2,1,2,0
85,23 Sep 2025,,jfjnqx2yal5t4pcccve1zg9g,Isidro Díaz de Mera Escuderos,Levante UD,Real Madrid CF,Diego Pampín,0,0,0,0,1,2,0,0,41,0,0,0,0,2,0
85,23 Sep 2025,,jfjnqx2yal5t4pcccve1zg9g,Isidro Díaz de Mera Escuderos,Levante UD,Real Madrid CF,Oriol Rey,0,0,0,1,2,0,0,0,53,0,0,0,0,1,0
85,23 Sep 2025,,jfjnqx2yal5t4pcccve1zg9g,Isidro Díaz de Mera Escuderos,Levante UD,Real Madrid CF,Unai Vencedor,0,0,0,1,2,2,0,0,32,0,0,0,0,2,0
85,23 Sep 2025,,jfjnqx2yal5t4pcccve1zg9g,Isidro Díaz de Mera Escuderos,Levante UD,Real Madrid CF,Unai Elgezabal,0,0,0,0,2,0,0,0,49,0,0,0,0,0,1
85,23 Sep 2025,,jfjnqx2yal5t4pcccve1zg9g,Isidro Díaz de Mera Escuderos,Levante UD,Real Madrid CF,Iván Romero,0,1,0,0,3,3,0,0,17,0,0,2,0,1,0
85,23 Sep 2025,,jfjnqx2yal5t4pcccve1zg9g,Isidro Díaz de Mera Escuderos,Levante UD,Real Madrid CF,Adrián de la Fuente,0,0,0,0,0,0,0,0,50,0,0,1,0,0,0
85,23 Sep 2025,,jfjnqx2yal5t4pcccve1zg9g,Isidro Díaz de Mera Escuderos,Levante UD,Real Madrid CF,M. Ryan,0,0,0,0,0,0,0,0,31,0,6,0,0,0,0
85,23 Sep 2025,,jfjnqx2yal5t4pcccve1zg9g,Isidro Díaz de Mera Escuderos,Levante UD,Real Madrid CF,K. Arriaga,0,0,0,0,1,0,0,0,14,0,0,0,0,3,0
85,23 Sep 2025,,jfjnqx2yal5t4pcccve1zg9g,Isidro Díaz de Mera Escuderos,Levante UD,Real Madrid CF,Roger Brugué,0,0,0,0,1,0,0,0,12,0,0,0,0,0,0
85,23 Sep 2025,,jfjnqx2yal5t4pcccve1zg9g,Isidro Díaz de Mera Escuderos,Levante UD,Real Madrid CF,Iker Losada,0,0,0,0,0,0,0,0,7,0,0,0,0,0,0
85,23 Sep 2025,,jfjnqx2yal5t4pcccve1zg9g,Isidro Díaz de Mera Escuderos,Levante UD,Real Madrid CF,José Luis Morales,0,0,0,1,0,0,0,0,5,0,0,0,0,2,0
85,23 Sep 2025,,jfjnqx2yal5t4pcccve1zg9g,Isidro Díaz de Mera Escuderos,Levante UD,Real Madrid CF,G. Koyalipou,0,0,0,0,0,0,0,0,2,0,0,0,0,0,0
85,23 Sep 2025,,jfjnqx2yal5t4pcccve1zg9g,Isidro Díaz de Mera Escuderos,Levante UD,Real Madrid CF,K. Mbappé,0,1,1,0,0,1,2,1,34,0,0,4,2,0,0
85,23 Sep 2025,,jfjnqx2yal5t4pcccve1zg9g,Isidro Díaz de Mera Escuderos,Levante UD,Real Madrid CF,T. Courtois,0,0,0,0,0,0,0,0,22,0,1,0,0,0,0
85,23 Sep 2025,,jfjnqx2yal5t4pcccve1zg9g,Isidro Díaz de Mera Escuderos,Levante UD,Real Madrid CF,F. Valverde,1,0,0,0,1,0,0,0,57,0,0,1,1,0,0
85,23 Sep 2025,,jfjnqx2yal5t4pcccve1zg9g,Isidro Díaz de Mera Escuderos,Levante UD,Real Madrid CF,Raúl Asencio,0,0,0,0,2,0,0,0,53,0,0,0,0,2,0
85,23 Sep 2025,,jfjnqx2yal5t4pcccve1zg9g,Isidro Díaz de Mera Escuderos,Levante UD,Real Madrid CF,A. Güler,1,1,2,2,1,1,0,0,49,0,0,2,1,3,0
85,23 Sep 2025,,jfjnqx2yal5t4pcccve1zg9g,Isidro Díaz de Mera Escuderos,Levante UD,Real Madrid CF,Dean Huijsen,0,0,0,0,0,0,0,0,78,0,0,1,0,3,0
85,23 Sep 2025,,jfjnqx2yal5t4pcccve1zg9g,Isidro Díaz de Mera Escuderos,Levante UD,Real Madrid CF,Álvaro Carreras,0,0,0,0,0,2,0,0,91,0,0,0,0,1,1
85,23 Sep 2025,,jfjnqx2yal5t4pcccve1zg9g,Isidro Díaz de Mera Escuderos,Levante UD,Real Madrid CF,Fran García,0,0,2,5,1,1,0,0,59,0,0,1,0,3,0
85,23 Sep 2025,,jfjnqx2yal5t4pcccve1zg9g,Isidro Díaz de Mera Escuderos,Levante UD,Real Madrid CF,Vinícius Júnior,1,0,1,0,1,6,1,0,39,0,0,7,5,1,0
85,23 Sep 2025,,jfjnqx2yal5t4pcccve1zg9g,Isidro Díaz de Mera Escuderos,Levante UD,Real Madrid CF,F. Mastantuono,0,1,1,1,3,2,1,0,27,0,0,5,1,2,0
85,23 Sep 2025,,jfjnqx2yal5t4pcccve1zg9g,Isidro Díaz de Mera Escuderos,Levante UD,Real Madrid CF,Dani Ceballos,0,0,0,1,0,4,0,0,90,0,0,1,0,5,0
85,23 Sep 2025,,jfjnqx2yal5t4pcccve1zg9g,Isidro Díaz de Mera Escuderos,Levante UD,Real Madrid CF,A. Tchouaméni,0,0,0,0,0,0,0,0,26,0,0,0,0,0,0
85,23 Sep 2025,,jfjnqx2yal5t4pcccve1zg9g,Isidro Díaz de Mera Escuderos,Levante UD,Real Madrid CF,J. Bellingham,0,0,0,0,0,0,0,0,32,0,0,1,0,1,0
85,23 Sep 2025,,jfjnqx2yal5t4pcccve1zg9g,Isidro Díaz de Mera Escuderos,Levante UD,Real Madrid CF,E. Camavinga,0,0,0,1,0,0,0,0,15,0,0,0,0,1,0
85,23 Sep 2025,,jfjnqx2yal5t4pcccve1zg9g,Isidro Díaz de Mera Escuderos,Levante UD,Real Madrid CF,Rodrygo,0,0,0,1,0,0,0,0,8,0,0,1,0,0,0
85,23 Sep 2025,,jfjnqx2yal5t4pcccve1zg9g,Isidro Díaz de Mera Escuderos,Levante UD,Real Madrid CF,D. Alaba,0,0,0,0,0,0,0,0,16,0,0,0,0,0,0
103,4 Oct 2025,,q89ix5d2x25rptwlhkq27j10,Isidro Díaz de Mera Escuderos,Girona FC,Valencia CF,Vitor Reis,0,0,0,0,1,0,0,0,50,0,0,0,0,2,1
103,4 Oct 2025,,q89ix5d2x25rptwlhkq27j10,Isidro Díaz de Mera Escuderos,Girona FC,Valencia CF,A. Witsel,0,0,0,0,1,1,0,0,41,0,0,0,0,2,0
103,4 Oct 2025,,q89ix5d2x25rptwlhkq27j10,Isidro Díaz de Mera Escuderos,Girona FC,Valencia CF,V. Vanat,0,0,0,2,0,2,1,0,10,0,0,2,2,0,0
103,4 Oct 2025,,q89ix5d2x25rptwlhkq27j10,Isidro Díaz de Mera Escuderos,Girona FC,Valencia CF,Alejandro Francés,0,0,0,0,1,0,0,0,23,1,0,0,0,0,0
103,4 Oct 2025,,q89ix5d2x25rptwlhkq27j10,Isidro Díaz de Mera Escuderos,Girona FC,Valencia CF,D. Blind,0,0,0,0,0,0,0,0,67,0,0,0,0,2,0
103,4 Oct 2025,,q89ix5d2x25rptwlhkq27j10,Isidro Díaz de Mera Escuderos,Girona FC,Valencia CF,Arnau Martínez,0,0,0,1,0,2,1,0,48,0,0,1,1,1,1
103,4 Oct 2025,,q89ix5d2x25rptwlhkq27j10,Isidro Díaz de Mera Escuderos,Girona FC,Valencia CF,Álex Moreno,0,0,0,3,0,1,0,0,21,0,0,0,0,0,0
103,4 Oct 2025,,q89ix5d2x25rptwlhkq27j10,Isidro Díaz de Mera Escuderos,Girona FC,Valencia CF,Iván Martín,0,0,0,0,5,1,0,0,34,1,0,0,0,0,2
103,4 Oct 2025,,q89ix5d2x25rptwlhkq27j10,Isidro Díaz de Mera Escuderos,Girona FC,Valencia CF,Y. Asprilla,0,0,0,3,3,0,0,1,17,0,0,0,0,1,0
103,4 Oct 2025,,q89ix5d2x25rptwlhkq27j10,Isidro Díaz de Mera Escuderos,Girona FC,Valencia CF,Portu,0,0,0,1,0,0,0,2,10,0,0,1,1,0,1
103,4 Oct 2025,,q89ix5d2x25rptwlhkq27j10,Isidro Díaz de Mera Escuderos,Girona FC,Valencia CF,P. Gazzaniga,0,0,0,0,0,0,0,0,31,0,5,0,0,0,0
103,4 Oct 2025,,q89ix5d2x25rptwlhkq27j10,Isidro Díaz de Mera Escuderos,Girona FC,Valencia CF,Hugo Rincón,0,0,0,1,1,3,0,0,25,0,0,0,0,2,0
103,4 Oct 2025,,q89ix5d2x25rptwlhkq27j10,Isidro Díaz de Mera Escuderos,Girona FC,Valencia CF,C. Stuani,0,0,0,0,0,2,0,1,6,0,0,0,0,0,0
103,4 Oct 2025,,q89ix5d2x25rptwlhkq27j10,Isidro Díaz de Mera Escuderos,Girona FC,Valencia CF,Bryan Gil,0,0,0,1,1,0,0,1,3,0,0,0,0,0,0
103,4 Oct 2025,,q89ix5d2x25rptwlhkq27j10,Isidro Díaz de Mera Escuderos,Girona FC,Valencia CF,L. Kourouma,0,0,0,0,0,0,0,0,1,0,0,0,0,0,0
103,4 Oct 2025,,q89ix5d2x25rptwlhkq27j10,Isidro Díaz de Mera Escuderos,Girona FC,Valencia CF,L. Beltrán,0,0,0,0,1,1,0,1,18,0,0,0,0,0,0
103,4 Oct 2025,,q89ix5d2x25rptwlhkq27j10,Isidro Díaz de Mera Escuderos,Girona FC,Valencia CF,Pepelu,0,0,1,6,1,0,0,0,67,0,0,2,0,5,0
103,4 Oct 2025,,q89ix5d2x25rptwlhkq27j10,Isidro Díaz de Mera Escuderos,Girona FC,Valencia CF,M. Diakhaby,0,0,0,0,0,0,0,0,2,0,0,0,0,0,0
103,4 Oct 2025,,q89ix5d2x25rptwlhkq27j10,Isidro Díaz de Mera Escuderos,Girona FC,Valencia CF,Thierry Correia,0,0,1,0,0,2,0,0,34,0,0,1,1,1,0
103,4 Oct 2025,,q89ix5d2x25rptwlhkq27j10,Isidro Díaz de Mera Escuderos,Girona FC,Valencia CF,César Tárrega,0,0,1,0,1,0,0,0,70,0,0,1,1,0,0
103,4 Oct 2025,,q89ix5d2x25rptwlhkq27j10,Isidro Díaz de Mera Escuderos,Girona FC,Valencia CF,A. Danjuma,1,0,0,1,2,0,0,0,25,0,0,1,0,0,0
103,4 Oct 2025,,q89ix5d2x25rptwlhkq27j10,Isidro Díaz de Mera Escuderos,Girona FC,Valencia CF,Julen Agirrezabala,0,0,0,0,0,0,0,0,24,0,2,0,0,0,0
103,4 Oct 2025,,q89ix5d2x25rptwlhkq27j10,Isidro Díaz de Mera Escuderos,Girona FC,Valencia CF,B. Santamaría,0,0,0,0,0,1,0,0,21,0,0,0,0,0,0
103,4 Oct 2025,,q89ix5d2x25rptwlhkq27j10,Isidro Díaz de Mera Escuderos,Girona FC,Valencia CF,Copete,0,2,0,0,2,0,0,0,66,0,0,3,0,1,0
103,4 Oct 2025,,q89ix5d2x25rptwlhkq27j10,Isidro Díaz de Mera Escuderos,Girona FC,Valencia CF,Luis Rioja,0,1,1,6,1,2,0,0,35,0,0,2,0,0,1
103,4 Oct 2025,,q89ix5d2x25rptwlhkq27j10,Isidro Díaz de Mera Escuderos,Girona FC,Valencia CF,Diego López,0,2,0,0,2,2,1,0,14,0,0,4,1,1,0
103,4 Oct 2025,,q89ix5d2x25rptwlhkq27j10,Isidro Díaz de Mera Escuderos,Girona FC,Valencia CF,Jesús Vázquez,0,0,1,3,1,1,0,0,33,0,0,1,1,1,0
103,4 Oct 2025,,q89ix5d2x25rptwlhkq27j10,Isidro Díaz de Mera Escuderos,Girona FC,Valencia CF,Javi Guerra,0,0,1,0,1,2,0,0,28,0,0,1,1,0,0
103,4 Oct 2025,,q89ix5d2x25rptwlhkq27j10,Isidro Díaz de Mera Escuderos,Girona FC,Valencia CF,L. Ramazani,0,0,1,0,0,0,0,0,11,0,0,2,1,1,0
103,4 Oct 2025,,q89ix5d2x25rptwlhkq27j10,Isidro Díaz de Mera Escuderos,Girona FC,Valencia CF,Hugo Duro,0,0,0,0,0,0,0,0,1,0,0,1,0,0,0
103,4 Oct 2025,,q89ix5d2x25rptwlhkq27j10,Isidro Díaz de Mera Escuderos,Girona FC,Valencia CF,Dani Raba,0,0,0,2,0,0,0,0,12,0,0,0,0,0,0
104,4 Oct 2025,,qll7e8qbbmjfzxvwpi96cg0k,Guillermo Cuadra Fernández,Real Madrid CF,Villarreal CF,Dean Huijsen,0,1,0,0,1,1,0,0,73,0,0,2,0,2,0
104,4 Oct 2025,,qll7e8qbbmjfzxvwpi96cg0k,Guillermo Cuadra Fernández,Real Madrid CF,Villarreal CF,Álvaro Carreras,0,0,0,3,1,1,0,0,79,0,0,0,0,4,0
104,4 Oct 2025,,qll7e8qbbmjfzxvwpi96cg0k,Guillermo Cuadra Fernández,Real Madrid CF,Villarreal CF,T. Courtois,0,0,0,0,0,0,0,0,17,0,1,0,0,0,0
104,4 Oct 2025,,qll7e8qbbmjfzxvwpi96cg0k,Guillermo Cuadra Fernández,Real Madrid CF,Villarreal CF,F. Valverde,0,1,0,4,1,0,0,0,69,0,0,2,0,4,0
104,4 Oct 2025,,qll7e8qbbmjfzxvwpi96cg0k,Guillermo Cuadra Fernández,Real Madrid CF,Villarreal CF,Dani Ceballos,0,0,0,1,1,2,0,0,60,0,0,0,0,3,0
104,4 Oct 2025,,qll7e8qbbmjfzxvwpi96cg0k,Guillermo Cuadra Fernández,Real Madrid CF,Villarreal CF,Vinícius Júnior,0,2,0,4,0,3,2,0,73,0,0,5,3,2,0
104,4 Oct 2025,,qll7e8qbbmjfzxvwpi96cg0k,Guillermo Cuadra Fernández,Real Madrid CF,Villarreal CF,Éder Militão,0,0,0,0,0,1,0,0,68,0,0,0,0,1,0
104,4 Oct 2025,,qll7e8qbbmjfzxvwpi96cg0k,Guillermo Cuadra Fernández,Real Madrid CF,Villarreal CF,A. Güler,0,1,0,0,1,1,0,0,49,0,0,3,0,1,0
104,4 Oct 2025,,qll7e8qbbmjfzxvwpi96cg0k,Guillermo Cuadra Fernández,Real Madrid CF,Villarreal CF,F. Mastantuono,0,1,1,2,1,3,0,0,42,0,0,3,0,2,1
104,4 Oct 2025,,qll7e8qbbmjfzxvwpi96cg0k,Guillermo Cuadra Fernández,Real Madrid CF,Villarreal CF,A. Tchouaméni,0,1,1,0,1,0,0,0,68,0,0,3,0,1,1
104,4 Oct 2025,,qll7e8qbbmjfzxvwpi96cg0k,Guillermo Cuadra Fernández,Real Madrid CF,Villarreal CF,K. Mbappé,1,0,0,0,0,0,1,0,52,0,0,3,2,0,0
104,4 Oct 2025,,qll7e8qbbmjfzxvwpi96cg0k,Guillermo Cuadra Fernández,Real Madrid CF,Villarreal CF,E. Camavinga,0,0,1,0,0,0,0,0,24,0,0,1,0,3,0
104,4 Oct 2025,,qll7e8qbbmjfzxvwpi96cg0k,Guillermo Cuadra Fernández,Real Madrid CF,Villarreal CF,J. Bellingham,0,1,0,1,1,0,0,0,15,0,0,3,2,2,0
104,4 Oct 2025,,qll7e8qbbmjfzxvwpi96cg0k,Guillermo Cuadra Fernández,Real Madrid CF,Villarreal CF,Brahim Díaz,1,1,1,1,1,0,0,0,13,0,0,1,0,0,0
104,4 Oct 2025,,qll7e8qbbmjfzxvwpi96cg0k,Guillermo Cuadra Fernández,Real Madrid CF,Villarreal CF,Rodrygo,0,0,0,0,0,1,0,0,9,0,0,0,0,1,0
104,4 Oct 2025,,qll7e8qbbmjfzxvwpi96cg0k,Guillermo Cuadra Fernández,Real Madrid CF,Villarreal CF,Alberto Moleiro,0,0,0,0,0,2,0,0,4,0,0,1,0,0,0
104,4 Oct 2025,,qll7e8qbbmjfzxvwpi96cg0k,Guillermo Cuadra Fernández,Real Madrid CF,Villarreal CF,Arnau Tenas,0,0,0,0,0,0,0,0,31,0,4,0,0,0,0
104,4 Oct 2025,,qll7e8qbbmjfzxvwpi96cg0k,Guillermo Cuadra Fernández,Real Madrid CF,Villarreal CF,T. Oluwaseyi,0,0,0,0,1,0,0,0,12,0,0,2,1,0,0
104,4 Oct 2025,,qll7e8qbbmjfzxvwpi96cg0k,Guillermo Cuadra Fernández,Real Madrid CF,Villarreal CF,Santi Comesaña,0,0,0,1,3,0,0,0,34,0,0,0,0,4,0
104,4 Oct 2025,,qll7e8qbbmjfzxvwpi96cg0k,Guillermo Cuadra Fernández,Real Madrid CF,Villarreal CF,S. Mouriño,0,0,0,0,2,2,0,0,19,1,0,0,0,7,2
104,4 Oct 2025,,qll7e8qbbmjfzxvwpi96cg0k,Guillermo Cuadra Fernández,Real Madrid CF,Villarreal CF,Rafa Marín,0,0,0,0,2,0,0,0,25,0,0,0,0,8,0
104,4 Oct 2025,,qll7e8qbbmjfzxvwpi96cg0k,Guillermo Cuadra Fernández,Real Madrid CF,Villarreal CF,P. Gueye,1,1,0,1,1,0,0,0,20,0,0,1,0,0,1
104,4 Oct 2025,,qll7e8qbbmjfzxvwpi96cg0k,Guillermo Cuadra Fernández,Real Madrid CF,Villarreal CF,Sergi Cardona,0,0,0,2,2,2,0,0,26,0,0,0,0,4,1
104,4 Oct 2025,,qll7e8qbbmjfzxvwpi96cg0k,Guillermo Cuadra Fernández,Real Madrid CF,Villarreal CF,Renato Veiga,0,0,0,0,1,0,0,0,40,0,0,0,0,1,0
104,4 Oct 2025,,qll7e8qbbmjfzxvwpi96cg0k,Guillermo Cuadra Fernández,Real Madrid CF,Villarreal CF,T. Buchanan,0,0,0,0,0,0,0,0,13,0,0,0,0,1,0
104,4 Oct 2025,,qll7e8qbbmjfzxvwpi96cg0k,Guillermo Cuadra Fernández,Real Madrid CF,Villarreal CF,T. Partey,0,2,0,0,1,0,0,0,41,0,0,2,0,3,0
104,4 Oct 2025,,qll7e8qbbmjfzxvwpi96cg0k,Guillermo Cuadra Fernández,Real Madrid CF,Villarreal CF,N. Pépé,0,1,0,0,1,2,0,0,20,0,0,1,0,0,0
104,4 Oct 2025,,qll7e8qbbmjfzxvwpi96cg0k,Guillermo Cuadra Fernández,Real Madrid CF,Villarreal CF,G. Mikautadze,0,0,0,0,0,1,1,0,13,0,0,2,1,0,0
104,4 Oct 2025,,qll7e8qbbmjfzxvwpi96cg0k,Guillermo Cuadra Fernández,Real Madrid CF,Villarreal CF,Alfonso Pedraza,0,0,0,0,0,0,0,0,6,0,0,0,0,0,0
104,4 Oct 2025,,qll7e8qbbmjfzxvwpi96cg0k,Guillermo Cuadra Fernández,Real Madrid CF,Villarreal CF,Adrià Alti,0,0,0,0,0,0,0,0,8,0,0,0,0,1,0
104,4 Oct 2025,,qll7e8qbbmjfzxvwpi96cg0k,Guillermo Cuadra Fernández,Real Madrid CF,Villarreal CF,Dani Parejo,0,0,0,0,0,0,0,0,5,0,0,0,0,0,0
105,5 Oct 2025,,qys0flp8cpyb6p1fsjh7d1xw,César Soto Grado,Real Club Celta de Vigo,Club Atlético de Madrid,Marcos Alonso,0,1,2,4,0,0,0,0,123,0,0,1,0,4,0
105,5 Oct 2025,,qys0flp8cpyb6p1fsjh7d1xw,César Soto Grado,Real Club Celta de Vigo,Club Atlético de Madrid,W. Swedberg,0,0,0,0,1,2,0,0,17,0,0,0,0,2,0
105,5 Oct 2025,,qys0flp8cpyb6p1fsjh7d1xw,César Soto Grado,Real Club Celta de Vigo,Club Atlético de Madrid,Fran Beltrán,0,0,0,0,1,0,0,0,35,0,0,1,0,0,0
105,5 Oct 2025,,qys0flp8cpyb6p1fsjh7d1xw,César Soto Grado,Real Club Celta de Vigo,Club Atlético de Madrid,Sergio Carreira,0,0,0,2,0,0,0,0,54,0,0,0,0,4,0
105,5 Oct 2025,,qys0flp8cpyb6p1fsjh7d1xw,César Soto Grado,Real Club Celta de Vigo,Club Atlético de Madrid,C. Starfelt,0,0,0,0,0,0,0,0,74,0,0,0,0,0,0
105,5 Oct 2025,,qys0flp8cpyb6p1fsjh7d1xw,César Soto Grado,Real Club Celta de Vigo,Club Atlético de Madrid,Javi Rodríguez,0,1,0,0,1,3,0,0,114,0,0,1,0,3,0
105,5 Oct 2025,,qys0flp8cpyb6p1fsjh7d1xw,César Soto Grado,Real Club Celta de Vigo,Club Atlético de Madrid,Damián Rodríguez,0,0,0,3,1,0,0,0,89,0,0,3,0,0,0
105,5 Oct 2025,,qys0flp8cpyb6p1fsjh7d1xw,César Soto Grado,Real Club Celta de Vigo,Club Atlético de Madrid,Óscar Mingueza,0,0,0,6,0,0,0,0,77,0,0,1,0,2,0
105,5 Oct 2025,,qys0flp8cpyb6p1fsjh7d1xw,César Soto Grado,Real Club Celta de Vigo,Club Atlético de Madrid,Ferran Jutglà,0,1,0,4,0,2,0,0,21,0,0,1,0,0,0
105,5 Oct 2025,,qys0flp8cpyb6p1fsjh7d1xw,César Soto Grado,Real Club Celta de Vigo,Club Atlético de Madrid,Borja Iglesias,0,0,1,0,2,0,0,1,14,0,0,6,3,1,1
105,5 Oct 2025,,qys0flp8cpyb6p1fsjh7d1xw,César Soto Grado,Real Club Celta de Vigo,Club Atlético de Madrid,Ionuț Andrei Radu,0,0,0,0,0,0,0,0,16,0,1,0,0,0,0
105,5 Oct 2025,,qys0flp8cpyb6p1fsjh7d1xw,César Soto Grado,Real Club Celta de Vigo,Club Atlético de Madrid,Hugo Álvarez,0,0,1,1,0,0,0,0,29,0,0,0,0,1,0
105,5 Oct 2025,,qys0flp8cpyb6p1fsjh7d1xw,César Soto Grado,Real Club Celta de Vigo,Club Atlético de Madrid,Bryan Zaragoza,0,0,1,2,0,0,0,1,18,0,0,1,0,0,0
105,5 Oct 2025,,qys0flp8cpyb6p1fsjh7d1xw,César Soto Grado,Real Club Celta de Vigo,Club Atlético de Madrid,Iago Aspas,0,0,0,0,1,0,1,0,37,0,0,2,1,0,0
105,5 Oct 2025,,qys0flp8cpyb6p1fsjh7d1xw,César Soto Grado,Real Club Celta de Vigo,Club Atlético de Madrid,I. Moriba,0,0,1,0,0,0,0,0,7,0,0,0,0,1,0
105,5 Oct 2025,,qys0flp8cpyb6p1fsjh7d1xw,César Soto Grado,Real Club Celta de Vigo,Club Atlético de Madrid,Pablo Durán,0,0,0,0,0,0,0,0,1,0,0,1,0,0,0
105,5 Oct 2025,,qys0flp8cpyb6p1fsjh7d1xw,César Soto Grado,Real Club Celta de Vigo,Club Atlético de Madrid,A. Griezmann,0,0,0,1,0,0,0,0,37,0,0,1,0,1,0
105,5 Oct 2025,,qys0flp8cpyb6p1fsjh7d1xw,César Soto Grado,Real Club Celta de Vigo,Club Atlético de Madrid,C. Lenglet,0,0,0,0,2,0,0,0,36,1,0,0,0,0,2
105,5 Oct 2025,,qys0flp8cpyb6p1fsjh7d1xw,César Soto Grado,Real Club Celta de Vigo,Club Atlético de Madrid,N. González,0,1,1,0,2,2,0,0,40,0,0,2,0,0,0
105,5 Oct 2025,,qys0flp8cpyb6p1fsjh7d1xw,César Soto Grado,Real Club Celta de Vigo,Club Atlético de Madrid,Pablo Barrios,0,0,0,0,0,1,0,0,60,0,0,0,0,0,0
105,5 Oct 2025,,qys0flp8cpyb6p1fsjh7d1xw,César Soto Grado,Real Club Celta de Vigo,Club Atlético de Madrid,G. Simeone,0,0,0,0,0,1,0,0,34,0,0,1,0,3,0
105,5 Oct 2025,,qys0flp8cpyb6p1fsjh7d1xw,César Soto Grado,Real Club Celta de Vigo,Club Atlético de Madrid,Marcos Llorente,0,0,0,1,0,0,0,0,57,0,0,0,0,2,0
105,5 Oct 2025,,qys0flp8cpyb6p1fsjh7d1xw,César Soto Grado,Real Club Celta de Vigo,Club Atlético de Madrid,Koke,0,0,0,0,1,1,0,0,59,0,0,0,0,0,0
105,5 Oct 2025,,qys0flp8cpyb6p1fsjh7d1xw,César Soto Grado,Real Club Celta de Vigo,Club Atlético de Madrid,D. Hancko,0,0,0,1,0,0,0,0,40,0,0,1,1,2,0
105,5 Oct 2025,,qys0flp8cpyb6p1fsjh7d1xw,César Soto Grado,Real Club Celta de Vigo,Club Atlético de Madrid,J. Oblak,0,0,0,0,0,0,0,0,42,0,3,0,0,0,0
105,5 Oct 2025,,qys0flp8cpyb6p1fsjh7d1xw,César Soto Grado,Real Club Celta de Vigo,Club Atlético de Madrid,Robin Le Normand,0,0,0,0,2,1,0,0,35,0,0,1,0,4,0
105,5 Oct 2025,,qys0flp8cpyb6p1fsjh7d1xw,César Soto Grado,Real Club Celta de Vigo,Club Atlético de Madrid,J. Alvarez,0,0,1,2,0,0,0,0,30,0,0,0,0,0,0
105,5 Oct 2025,,qys0flp8cpyb6p1fsjh7d1xw,César Soto Grado,Real Club Celta de Vigo,Club Atlético de Madrid,Javi Galán,0,0,0,0,0,0,0,0,14,0,0,0,0,1,0
105,5 Oct 2025,,qys0flp8cpyb6p1fsjh7d1xw,César Soto Grado,Real Club Celta de Vigo,Club Atlético de Madrid,C. Gallagher,0,0,1,1,1,0,0,0,2,0,0,0,0,0,0
105,5 Oct 2025,,qys0flp8cpyb6p1fsjh7d1xw,César Soto Grado,Real Club Celta de Vigo,Club Atlético de Madrid,Álex Baena,0,0,0,2,1,1,0,0,3,0,0,0,0,1,1
105,5 Oct 2025,,qys0flp8cpyb6p1fsjh7d1xw,César Soto Grado,Real Club Celta de Vigo,Club Atlético de Madrid,N. Molina,0,0,0,0,1,0,0,0,3,0,0,0,0,0,0
105,5 Oct 2025,,qys0flp8cpyb6p1fsjh7d1xw,César Soto Grado,Real Club Celta de Vigo,Club Atlético de Madrid,A. Sørloth,0,0,0,0,0,0,0,0,9,0,0,0,0,0,0
106,5 Oct 2025,,rbyhgw1kyp0ghg2qpvznvvv8,Alejandro Muñíz Ruiz,Sevilla FC,FC Barcelona,César Azpilicueta,0,0,0,0,4,0,0,0,30,0,0,0,0,2,0
106,5 Oct 2025,,rbyhgw1kyp0ghg2qpvznvvv8,Alejandro Muñíz Ruiz,Sevilla FC,FC Barcelona,G. Suazo,0,0,2,10,1,0,0,0,22,0,0,0,0,5,0
106,5 Oct 2025,,rbyhgw1kyp0ghg2qpvznvvv8,Alejandro Muñíz Ruiz,Sevilla FC,FC Barcelona,Isaac Romero,0,0,1,0,1,1,1,1,12,0,0,5,2,0,1
106,5 Oct 2025,,rbyhgw1kyp0ghg2qpvznvvv8,Alejandro Muñíz Ruiz,Sevilla FC,FC Barcelona,R. Vargas,1,0,1,3,0,1,0,1,27,0,0,0,0,1,0
106,5 Oct 2025,,rbyhgw1kyp0ghg2qpvznvvv8,Alejandro Muñíz Ruiz,Sevilla FC,FC Barcelona,D. Sow,0,0,0,0,0,0,0,2,10,0,0,0,0,0,0
106,5 Oct 2025,,rbyhgw1kyp0ghg2qpvznvvv8,Alejandro Muñíz Ruiz,Sevilla FC,FC Barcelona,José Ángel Carmona,0,0,0,0,0,3,1,0,28,0,0,2,1,4,0
106,5 Oct 2025,,rbyhgw1kyp0ghg2qpvznvvv8,Alejandro Muñíz Ruiz,Sevilla FC,FC Barcelona,Marcão,0,1,0,0,2,1,0,0,22,0,0,2,0,0,1
106,5 Oct 2025,,rbyhgw1kyp0ghg2qpvznvvv8,Alejandro Muñíz Ruiz,Sevilla FC,FC Barcelona,O. Vlachodimos,0,0,0,0,0,0,0,0,35,0,7,0,0,0,0
106,5 Oct 2025,,rbyhgw1kyp0ghg2qpvznvvv8,Alejandro Muñíz Ruiz,Sevilla FC,FC Barcelona,A. Sánchez,0,0,0,0,1,1,1,2,17,0,0,2,1,4,0
106,5 Oct 2025,,rbyhgw1kyp0ghg2qpvznvvv8,Alejandro Muñíz Ruiz,Sevilla FC,FC Barcelona,B. Mendy,0,0,0,0,3,1,0,0,15,0,0,0,0,2,0
106,5 Oct 2025,,rbyhgw1kyp0ghg2qpvznvvv8,Alejandro Muñíz Ruiz,Sevilla FC,FC Barcelona,L. Agoumé,1,0,0,1,1,1,0,1,30,0,0,0,0,0,1
106,5 Oct 2025,,rbyhgw1kyp0ghg2qpvznvvv8,Alejandro Muñíz Ruiz,Sevilla FC,FC Barcelona,A. Adams,0,1,3,0,1,0,1,1,5,0,0,2,1,0,1
106,5 Oct 2025,,rbyhgw1kyp0ghg2qpvznvvv8,Alejandro Muñíz Ruiz,Sevilla FC,FC Barcelona,N. Gudelj,0,0,0,0,0,0,0,0,5,0,0,0,0,0,1
106,5 Oct 2025,,rbyhgw1kyp0ghg2qpvznvvv8,Alejandro Muñíz Ruiz,Sevilla FC,FC Barcelona,A. Januzaj,0,0,0,0,1,0,0,1,3,0,0,0,0,0,1
106,5 Oct 2025,,rbyhgw1kyp0ghg2qpvznvvv8,Alejandro Muñíz Ruiz,Sevilla FC,FC Barcelona,Peque Fernández,0,0,0,0,3,0,0,1,4,0,0,0,0,0,1
106,5 Oct 2025,,rbyhgw1kyp0ghg2qpvznvvv8,Alejandro Muñíz Ruiz,Sevilla FC,FC Barcelona,C. Ejuke,1,0,0,0,0,0,0,0,1,0,0,0,0,0,0
106,5 Oct 2025,,rbyhgw1kyp0ghg2qpvznvvv8,Alejandro Muñíz Ruiz,Sevilla FC,FC Barcelona,Dani Olmo,0,1,0,0,0,4,0,0,32,0,0,1,0,1,0
106,5 Oct 2025,,rbyhgw1kyp0ghg2qpvznvvv8,Alejandro Muñíz Ruiz,Sevilla FC,FC Barcelona,F. de Jong,0,0,0,0,0,2,0,0,37,0,0,0,0,1,1
106,5 Oct 2025,,rbyhgw1kyp0ghg2qpvznvvv8,Alejandro Muñíz Ruiz,Sevilla FC,FC Barcelona,Gerard Martín,0,0,0,0,1,0,0,0,26,0,0,0,0,0,1
106,5 Oct 2025,,rbyhgw1kyp0ghg2qpvznvvv8,Alejandro Muñíz Ruiz,Sevilla FC,FC Barcelona,Pau Cubarsí,0,1,0,0,0,0,0,0,72,0,0,1,0,6,0
106,5 Oct 2025,,rbyhgw1kyp0ghg2qpvznvvv8,Alejandro Muñíz Ruiz,Sevilla FC,FC Barcelona,R. Araujo,0,0,0,0,2,0,0,0,29,0,0,0,0,2,1
106,5 Oct 2025,,rbyhgw1kyp0ghg2qpvznvvv8,Alejandro Muñíz Ruiz,Sevilla FC,FC Barcelona,J. Koundé,0,0,0,3,2,0,0,0,32,0,0,1,1,3,0
106,5 Oct 2025,,rbyhgw1kyp0ghg2qpvznvvv8,Alejandro Muñíz Ruiz,Sevilla FC,FC Barcelona,R. Lewandowski,0,1,1,0,1,2,0,0,10,0,0,4,0,0,0
106,5 Oct 2025,,rbyhgw1kyp0ghg2qpvznvvv8,Alejandro Muñíz Ruiz,Sevilla FC,FC Barcelona,W. Szczęsny,0,0,0,0,0,0,0,0,34,0,1,0,0,0,0
106,5 Oct 2025,,rbyhgw1kyp0ghg2qpvznvvv8,Alejandro Muñíz Ruiz,Sevilla FC,FC Barcelona,Pedri,1,1,1,1,0,1,0,0,52,0,0,2,1,0,0
106,5 Oct 2025,,rbyhgw1kyp0ghg2qpvznvvv8,Alejandro Muñíz Ruiz,Sevilla FC,FC Barcelona,Ferran Torres,0,0,0,0,1,1,0,0,12,0,0,0,0,1,1
106,5 Oct 2025,,rbyhgw1kyp0ghg2qpvznvvv8,Alejandro Muñíz Ruiz,Sevilla FC,FC Barcelona,M. Rashford,0,1,4,9,1,3,1,0,22,0,0,3,2,1,1
106,5 Oct 2025,,rbyhgw1kyp0ghg2qpvznvvv8,Alejandro Muñíz Ruiz,Sevilla FC,FC Barcelona,Eric García,0,0,0,0,0,2,0,0,39,0,0,1,1,3,0
106,5 Oct 2025,,rbyhgw1kyp0ghg2qpvznvvv8,Alejandro Muñíz Ruiz,Sevilla FC,FC Barcelona,Alejandro Balde,0,0,0,0,1,3,0,0,12,0,0,0,0,1,0
106,5 Oct 2025,,rbyhgw1kyp0ghg2qpvznvvv8,Alejandro Muñíz Ruiz,Sevilla FC,FC Barcelona,R. Bardghji,0,0,0,1,0,0,0,0,11,0,0,4,3,0,0
106,5 Oct 2025,,rbyhgw1kyp0ghg2qpvznvvv8,Alejandro Muñíz Ruiz,Sevilla FC,FC Barcelona,A. Christensen,0,0,0,0,0,0,0,0,7,0,0,0,0,0,0
107,5 Oct 2025,,rp9h3yrxylg9bwywpccje8lw,Iosu Galech Apezteguía,Reial Club Deportiu Espanyol de Barcelona,Real Betis Balompié,L. Cabrera,0,0,0,1,0,1,0,0,65,0,0,0,0,0,0
107,5 Oct 2025,,rp9h3yrxylg9bwywpccje8lw,Iosu Galech Apezteguía,Reial Club Deportiu Espanyol de Barcelona,Real Betis Balompié,Roberto Fernández,0,0,0,0,2,1,0,1,18,0,0,4,1,0,0
107,5 Oct 2025,,rp9h3yrxylg9bwywpccje8lw,Iosu Galech Apezteguía,Reial Club Deportiu Espanyol de Barcelona,Real Betis Balompié,Pere Milla,0,0,1,1,1,0,0,0,13,0,0,2,1,1,1
107,5 Oct 2025,,rp9h3yrxylg9bwywpccje8lw,Iosu Galech Apezteguía,Reial Club Deportiu Espanyol de Barcelona,Real Betis Balompié,Carlos Romero,0,0,4,7,3,0,0,0,29,0,0,1,0,0,0
107,5 Oct 2025,,rp9h3yrxylg9bwywpccje8lw,Iosu Galech Apezteguía,Reial Club Deportiu Espanyol de Barcelona,Real Betis Balompié,O. El Hilali,0,0,1,4,3,0,0,0,36,0,0,0,0,2,0
107,5 Oct 2025,,rp9h3yrxylg9bwywpccje8lw,Iosu Galech Apezteguía,Reial Club Deportiu Espanyol de Barcelona,Real Betis Balompié,Pol Lozano,0,0,0,1,2,1,1,0,28,0,0,1,1,2,0
107,5 Oct 2025,,rp9h3yrxylg9bwywpccje8lw,Iosu Galech Apezteguía,Reial Club Deportiu Espanyol de Barcelona,Real Betis Balompié,Javi Puado,0,0,1,2,0,0,0,0,47,0,0,4,2,0,1
107,5 Oct 2025,,rp9h3yrxylg9bwywpccje8lw,Iosu Galech Apezteguía,Reial Club Deportiu Espanyol de Barcelona,Real Betis Balompié,T. Dolan,0,0,2,4,2,1,0,0,17,0,0,0,0,0,0
107,5 Oct 2025,,rp9h3yrxylg9bwywpccje8lw,Iosu Galech Apezteguía,Reial Club Deportiu Espanyol de Barcelona,Real Betis Balompié,M. Dmitrović,0,0,0,0,0,0,0,0,24,0,1,0,0,0,0
107,5 Oct 2025,,rp9h3yrxylg9bwywpccje8lw,Iosu Galech Apezteguía,Reial Club Deportiu Espanyol de Barcelona,Real Betis Balompié,C. Riedel,1,0,0,0,2,0,0,0,65,0,0,0,0,5,0
107,5 Oct 2025,,rp9h3yrxylg9bwywpccje8lw,Iosu Galech Apezteguía,Reial Club Deportiu Espanyol de Barcelona,Real Betis Balompié,Edu Expósito,0,0,1,13,0,0,0,1,45,0,0,0,0,1,0
107,5 Oct 2025,,rp9h3yrxylg9bwywpccje8lw,Iosu Galech Apezteguía,Reial Club Deportiu Espanyol de Barcelona,Real Betis Balompié,Urko González de Zárate,0,0,0,0,0,0,0,0,25,0,0,1,0,2,0
107,5 Oct 2025,,rp9h3yrxylg9bwywpccje8lw,Iosu Galech Apezteguía,Reial Club Deportiu Espanyol de Barcelona,Real Betis Balompié,Kike García,0,0,0,0,0,0,0,0,8,0,0,0,0,0,0
107,5 Oct 2025,,rp9h3yrxylg9bwywpccje8lw,Iosu Galech Apezteguía,Reial Club Deportiu Espanyol de Barcelona,Real Betis Balompié,L. Koleosho,0,1,0,4,0,0,0,0,13,0,0,1,0,1,0
107,5 Oct 2025,,rp9h3yrxylg9bwywpccje8lw,Iosu Galech Apezteguía,Reial Club Deportiu Espanyol de Barcelona,Real Betis Balompié,Rubén Sánchez,0,0,0,1,1,0,0,0,10,0,0,0,0,0,0
107,5 Oct 2025,,rp9h3yrxylg9bwywpccje8lw,Iosu Galech Apezteguía,Reial Club Deportiu Espanyol de Barcelona,Real Betis Balompié,Ramon Terrats,0,0,0,1,0,0,0,0,6,0,0,0,0,0,0
107,5 Oct 2025,,rp9h3yrxylg9bwywpccje8lw,Iosu Galech Apezteguía,Reial Club Deportiu Espanyol de Barcelona,Real Betis Balompié,G. Lo Celso,0,2,1,5,0,3,0,0,35,0,0,2,0,0,1
107,5 Oct 2025,,rp9h3yrxylg9bwywpccje8lw,Iosu Galech Apezteguía,Reial Club Deportiu Espanyol de Barcelona,Real Betis Balompié,Marc Roca,0,0,0,0,0,0,0,0,49,0,0,0,0,3,0
107,5 Oct 2025,,rp9h3yrxylg9bwywpccje8lw,Iosu Galech Apezteguía,Reial Club Deportiu Espanyol de Barcelona,Real Betis Balompié,Natan,0,0,0,0,1,0,0,0,43,0,0,1,0,0,0
107,5 Oct 2025,,rp9h3yrxylg9bwywpccje8lw,Iosu Galech Apezteguía,Reial Club Deportiu Espanyol de Barcelona,Real Betis Balompié,Héctor Bellerín,0,0,1,1,0,0,0,0,49,0,0,0,0,0,0
107,5 Oct 2025,,rp9h3yrxylg9bwywpccje8lw,Iosu Galech Apezteguía,Reial Club Deportiu Espanyol de Barcelona,Real Betis Balompié,V. Gómez,0,0,0,0,2,0,0,0,42,0,0,1,0,2,1
107,5 Oct 2025,,rp9h3yrxylg9bwywpccje8lw,Iosu Galech Apezteguía,Reial Club Deportiu Espanyol de Barcelona,Real Betis Balompié,Pablo Fornals,1,0,0,2,0,1,0,0,49,0,0,1,1,0,1
107,5 Oct 2025,,rp9h3yrxylg9bwywpccje8lw,Iosu Galech Apezteguía,Reial Club Deportiu Espanyol de Barcelona,Real Betis Balompié,C. Hernández,0,1,1,1,0,1,1,1,31,0,0,3,1,2,0
107,5 Oct 2025,,rp9h3yrxylg9bwywpccje8lw,Iosu Galech Apezteguía,Reial Club Deportiu Espanyol de Barcelona,Real Betis Balompié,R. Rodríguez,1,0,0,3,0,0,0,0,40,0,0,1,0,2,0
107,5 Oct 2025,,rp9h3yrxylg9bwywpccje8lw,Iosu Galech Apezteguía,Reial Club Deportiu Espanyol de Barcelona,Real Betis Balompié,Pau López,0,0,0,0,0,0,0,0,32,0,4,0,0,0,1
107,5 Oct 2025,,rp9h3yrxylg9bwywpccje8lw,Iosu Galech Apezteguía,Reial Club Deportiu Espanyol de Barcelona,Real Betis Balompié,A. Ezzalzouli,0,0,2,2,1,4,1,0,25,0,0,3,1,3,0
107,5 Oct 2025,,rp9h3yrxylg9bwywpccje8lw,Iosu Galech Apezteguía,Reial Club Deportiu Espanyol de Barcelona,Real Betis Balompié,Antony,0,0,0,4,0,2,0,0,33,0,0,0,0,3,1
107,5 Oct 2025,,rp9h3yrxylg9bwywpccje8lw,Iosu Galech Apezteguía,Reial Club Deportiu Espanyol de Barcelona,Real Betis Balompié,Rodrigo Riquelme,0,0,0,0,0,1,0,0,19,0,0,0,0,1,0
107,5 Oct 2025,,rp9h3yrxylg9bwywpccje8lw,Iosu Galech Apezteguía,Reial Club Deportiu Espanyol de Barcelona,Real Betis Balompié,Sergi Altimira,0,0,0,0,0,0,0,0,10,0,0,0,0,0,0
107,5 Oct 2025,,rp9h3yrxylg9bwywpccje8lw,Iosu Galech Apezteguía,Reial Club Deportiu Espanyol de Barcelona,Real Betis Balompié,Aitor Ruibal,0,0,0,1,0,0,0,0,7,0,0,0,0,0,0
107,5 Oct 2025,,rp9h3yrxylg9bwywpccje8lw,Iosu Galech Apezteguía,Reial Club Deportiu Espanyol de Barcelona,Real Betis Balompié,C. Bakambu,0,0,0,0,0,0,0,0,3,0,0,0,0,0,0
107,5 Oct 2025,,rp9h3yrxylg9bwywpccje8lw,Iosu Galech Apezteguía,Reial Club Deportiu Espanyol de Barcelona,Real Betis Balompié,C. Ávila,0,0,0,0,0,0,0,0,0,0,0,0,0,0,1
108,3 Oct 2025,,s2odkp4oybdaqou9lx1fd6ok,Javier Alberola Rojas,CA Osasuna,Getafe CF,Moi Gómez,0,0,0,0,1,2,0,0,54,0,0,0,0,1,0
108,3 Oct 2025,,s2odkp4oybdaqou9lx1fd6ok,Javier Alberola Rojas,CA Osasuna,Getafe CF,Alejandro Catena,0,0,0,0,1,0,1,1,60,0,0,1,1,0,0
108,3 Oct 2025,,s2odkp4oybdaqou9lx1fd6ok,Javier Alberola Rojas,CA Osasuna,Getafe CF,E. Boyomo,0,0,0,0,1,1,0,0,64,0,0,0,0,3,0
108,3 Oct 2025,,s2odkp4oybdaqou9lx1fd6ok,Javier Alberola Rojas,CA Osasuna,Getafe CF,Jon Moncayola,0,0,0,4,1,0,0,0,61,0,0,0,0,2,0
108,3 Oct 2025,,s2odkp4oybdaqou9lx1fd6ok,Javier Alberola Rojas,CA Osasuna,Getafe CF,Lucas Torró,0,0,0,0,0,3,0,0,18,0,0,0,0,1,0
108,3 Oct 2025,,s2odkp4oybdaqou9lx1fd6ok,Javier Alberola Rojas,CA Osasuna,Getafe CF,Abel Bretones,0,0,0,4,1,0,1,0,29,0,0,1,1,2,0
108,3 Oct 2025,,s2odkp4oybdaqou9lx1fd6ok,Javier Alberola Rojas,CA Osasuna,Getafe CF,Juan Cruz,0,0,0,0,0,0,0,0,29,0,0,0,0,0,0
108,3 Oct 2025,,s2odkp4oybdaqou9lx1fd6ok,Javier Alberola Rojas,CA Osasuna,Getafe CF,Sergio Herrera,0,0,0,0,0,2,0,0,25,0,1,0,0,0,0
108,3 Oct 2025,,s2odkp4oybdaqou9lx1fd6ok,Javier Alberola Rojas,CA Osasuna,Getafe CF,V. Rosier,0,0,0,1,0,1,0,0,31,0,0,1,0,0,0
108,3 Oct 2025,,s2odkp4oybdaqou9lx1fd6ok,Javier Alberola Rojas,CA Osasuna,Getafe CF,A. Budimir,0,0,0,0,3,1,0,2,15,0,0,3,0,0,0
108,3 Oct 2025,,s2odkp4oybdaqou9lx1fd6ok,Javier Alberola Rojas,CA Osasuna,Getafe CF,Víctor Muñoz,1,0,0,4,2,2,0,0,17,0,0,0,0,0,0
108,3 Oct 2025,,s2odkp4oybdaqou9lx1fd6ok,Javier Alberola Rojas,CA Osasuna,Getafe CF,Rubén García,1,0,0,2,0,1,0,0,23,0,0,0,0,1,0
108,3 Oct 2025,,s2odkp4oybdaqou9lx1fd6ok,Javier Alberola Rojas,CA Osasuna,Getafe CF,Raúl García,0,0,0,0,0,0,0,0,7,0,0,1,1,0,0
108,3 Oct 2025,,s2odkp4oybdaqou9lx1fd6ok,Javier Alberola Rojas,CA Osasuna,Getafe CF,Kike Barja,0,0,1,1,1,0,0,0,2,0,0,0,0,0,1
108,3 Oct 2025,,s2odkp4oybdaqou9lx1fd6ok,Javier Alberola Rojas,CA Osasuna,Getafe CF,Jorge Herrando Oroz,0,0,0,0,0,0,0,0,0,0,0,0,0,0,0
108,3 Oct 2025,,s2odkp4oybdaqou9lx1fd6ok,Javier Alberola Rojas,CA Osasuna,Getafe CF,A. Abqar,0,0,0,0,3,0,0,0,22,0,0,2,1,1,0
108,3 Oct 2025,,s2odkp4oybdaqou9lx1fd6ok,Javier Alberola Rojas,CA Osasuna,Getafe CF,Luis Milla,1,0,2,7,1,2,0,0,39,0,0,0,0,0,1
108,3 Oct 2025,,s2odkp4oybdaqou9lx1fd6ok,Javier Alberola Rojas,CA Osasuna,Getafe CF,Kiko Femenía,0,0,2,2,1,1,0,0,23,0,0,0,0,1,0
108,3 Oct 2025,,s2odkp4oybdaqou9lx1fd6ok,Javier Alberola Rojas,CA Osasuna,Getafe CF,Juan Iglesias,0,0,0,2,1,2,0,0,31,0,0,0,0,4,0
108,3 Oct 2025,,s2odkp4oybdaqou9lx1fd6ok,Javier Alberola Rojas,CA Osasuna,Getafe CF,Mario Martín,0,0,0,0,5,0,0,0,10,0,0,0,0,3,1
108,3 Oct 2025,,s2odkp4oybdaqou9lx1fd6ok,Javier Alberola Rojas,CA Osasuna,Getafe CF,Domingos Duarte,0,0,0,0,0,1,0,0,32,0,0,2,0,1,0
108,3 Oct 2025,,s2odkp4oybdaqou9lx1fd6ok,Javier Alberola Rojas,CA Osasuna,Getafe CF,Alex Sancris,0,0,0,4,0,0,0,1,18,0,0,0,0,1,0
108,3 Oct 2025,,s2odkp4oybdaqou9lx1fd6ok,Javier Alberola Rojas,CA Osasuna,Getafe CF,David Soria,0,0,0,0,0,0,0,0,29,0,2,0,0,0,0
108,3 Oct 2025,,s2odkp4oybdaqou9lx1fd6ok,Javier Alberola Rojas,CA Osasuna,Getafe CF,M. Arambarri,0,0,2,1,1,1,0,1,24,0,0,0,0,0,0
108,3 Oct 2025,,s2odkp4oybdaqou9lx1fd6ok,Javier Alberola Rojas,CA Osasuna,Getafe CF,Diego Rico,0,0,0,4,0,0,0,1,36,0,0,0,0,2,0
108,3 Oct 2025,,s2odkp4oybdaqou9lx1fd6ok,Javier Alberola Rojas,CA Osasuna,Getafe CF,Borja Mayoral,0,1,0,1,0,0,1,2,23,0,0,2,1,1,0
108,3 Oct 2025,,s2odkp4oybdaqou9lx1fd6ok,Javier Alberola Rojas,CA Osasuna,Getafe CF,Y. Neyou,0,0,0,0,1,2,0,0,6,0,0,0,0,0,1
108,3 Oct 2025,,s2odkp4oybdaqou9lx1fd6ok,Javier Alberola Rojas,CA Osasuna,Getafe CF,D. Dakonam,0,0,0,0,0,1,0,0,15,0,0,0,0,2,0
108,3 Oct 2025,,s2odkp4oybdaqou9lx1fd6ok,Javier Alberola Rojas,CA Osasuna,Getafe CF,Coba da Costa,0,0,0,1,1,0,0,1,6,0,0,0,0,0,1
108,3 Oct 2025,,s2odkp4oybdaqou9lx1fd6ok,Javier Alberola Rojas,CA Osasuna,Getafe CF,Juanmi,0,0,0,0,0,0,0,0,5,0,0,0,0,0,0
109,4 Oct 2025,,sg2ifrolnrbubiys9n9n8844,José Luis Munuera Montero,Real Oviedo,Levante UD,E. Bailly,0,0,0,0,2,1,0,0,59,0,0,0,0,1,0
109,4 Oct 2025,,sg2ifrolnrbubiys9n9n8844,José Luis Munuera Montero,Real Oviedo,Levante UD,S. Colombatto,0,0,0,2,0,1,0,0,39,0,0,0,0,2,0
109,4 Oct 2025,,sg2ifrolnrbubiys9n9n8844,José Luis Munuera Montero,Real Oviedo,Levante UD,R. Alhassane,0,0,2,8,2,0,0,1,40,0,0,0,0,4,0
109,4 Oct 2025,,sg2ifrolnrbubiys9n9n8844,José Luis Munuera Montero,Real Oviedo,Levante UD,J. Brekalo,0,0,0,2,0,0,0,0,18,0,0,1,0,0,0
109,4 Oct 2025,,sg2ifrolnrbubiys9n9n8844,José Luis Munuera Montero,Real Oviedo,Levante UD,S. Rondón,0,0,1,0,1,1,0,0,10,0,0,1,0,0,1
109,4 Oct 2025,,sg2ifrolnrbubiys9n9n8844,José Luis Munuera Montero,Real Oviedo,Levante UD,Lucas Ahijado,0,0,0,0,0,1,0,0,46,0,0,0,0,5,0
109,4 Oct 2025,,sg2ifrolnrbubiys9n9n8844,José Luis Munuera Montero,Real Oviedo,Levante UD,Aarón Escandell,0,0,0,0,0,0,0,0,27,0,3,0,0,0,0
109,4 Oct 2025,,sg2ifrolnrbubiys9n9n8844,José Luis Munuera Montero,Real Oviedo,Levante UD,David Carmo,0,1,0,0,0,0,0,0,83,0,0,3,1,0,1
109,4 Oct 2025,,sg2ifrolnrbubiys9n9n8844,José Luis Munuera Montero,Real Oviedo,Levante UD,H. Hassan,0,2,3,8,1,1,0,0,29,0,0,2,0,1,0
109,4 Oct 2025,,sg2ifrolnrbubiys9n9n8844,José Luis Munuera Montero,Real Oviedo,Levante UD,Alberto Reina,0,0,0,1,2,1,0,0,25,0,0,1,0,0,0
109,4 Oct 2025,,sg2ifrolnrbubiys9n9n8844,José Luis Munuera Montero,Real Oviedo,Levante UD,L. Dendoncker,0,0,0,0,1,1,0,0,45,0,0,0,0,1,0
109,4 Oct 2025,,sg2ifrolnrbubiys9n9n8844,José Luis Munuera Montero,Real Oviedo,Levante UD,I. Chaira,0,1,0,3,1,1,0,0,19,0,0,3,1,0,0
109,4 Oct 2025,,sg2ifrolnrbubiys9n9n8844,José Luis Munuera Montero,Real Oviedo,Levante UD,Santi Cazorla,0,0,2,6,0,0,0,0,24,0,0,0,0,0,0
109,4 Oct 2025,,sg2ifrolnrbubiys9n9n8844,José Luis Munuera Montero,Real Oviedo,Levante UD,F. Viñas,0,0,0,0,0,0,0,0,6,0,0,1,0,1,0
109,4 Oct 2025,,sg2ifrolnrbubiys9n9n8844,José Luis Munuera Montero,Real Oviedo,Levante UD,O. Ejaria,0,0,0,0,0,1,0,0,12,0,0,0,0,0,0
109,4 Oct 2025,,sg2ifrolnrbubiys9n9n8844,José Luis Munuera Montero,Real Oviedo,Levante UD,Álex Forés,0,1,1,0,0,1,0,0,2,0,0,1,0,0,0
109,4 Oct 2025,,sg2ifrolnrbubiys9n9n8844,José Luis Munuera Montero,Real Oviedo,Levante UD,Iván Romero,0,2,0,1,3,2,0,1,14,0,0,2,0,0,0
109,4 Oct 2025,,sg2ifrolnrbubiys9n9n8844,José Luis Munuera Montero,Real Oviedo,Levante UD,M. Moreno,0,0,0,0,2,0,0,0,30,0,0,0,0,0,1
109,4 Oct 2025,,sg2ifrolnrbubiys9n9n8844,José Luis Munuera Montero,Real Oviedo,Levante UD,K. Arriaga,0,1,0,0,1,1,0,0,44,0,0,1,0,1,0
109,4 Oct 2025,,sg2ifrolnrbubiys9n9n8844,José Luis Munuera Montero,Real Oviedo,Levante UD,M. Ryan,0,0,0,0,0,0,0,0,38,0,2,0,0,0,0
109,4 Oct 2025,,sg2ifrolnrbubiys9n9n8844,José Luis Munuera Montero,Real Oviedo,Levante UD,Adrián de la Fuente,0,0,0,0,0,0,0,0,53,0,0,1,1,0,0
109,4 Oct 2025,,sg2ifrolnrbubiys9n9n8844,José Luis Munuera Montero,Real Oviedo,Levante UD,Roger Brugué,0,0,0,1,0,0,0,0,20,0,0,1,1,0,0
109,4 Oct 2025,,sg2ifrolnrbubiys9n9n8844,José Luis Munuera Montero,Real Oviedo,Levante UD,Manu Sánchez,1,1,2,3,0,1,0,0,26,0,0,2,0,4,0
109,4 Oct 2025,,sg2ifrolnrbubiys9n9n8844,José Luis Munuera Montero,Real Oviedo,Levante UD,E. Eyong,0,1,0,0,0,1,1,1,16,0,0,2,1,1,0
109,4 Oct 2025,,sg2ifrolnrbubiys9n9n8844,José Luis Munuera Montero,Real Oviedo,Levante UD,Unai Vencedor,0,0,0,3,2,0,0,0,39,0,0,0,0,0,0
109,4 Oct 2025,,sg2ifrolnrbubiys9n9n8844,José Luis Munuera Montero,Real Oviedo,Levante UD,Carlos Álvarez,0,1,0,0,0,1,1,0,29,0,0,2,1,3,0
109,4 Oct 2025,,sg2ifrolnrbubiys9n9n8844,José Luis Munuera Montero,Real Oviedo,Levante UD,J. Toljan,0,0,1,1,2,2,0,0,31,0,0,0,0,1,1
109,4 Oct 2025,,sg2ifrolnrbubiys9n9n8844,José Luis Munuera Montero,Real Oviedo,Levante UD,Oriol Rey,0,0,0,1,0,0,0,0,10,0,0,1,1,2,0
109,4 Oct 2025,,sg2ifrolnrbubiys9n9n8844,José Luis Munuera Montero,Real Oviedo,Levante UD,Pablo Martínez,0,1,0,0,0,0,0,0,11,0,0,1,0,1,0
109,4 Oct 2025,,sg2ifrolnrbubiys9n9n8844,José Luis Munuera Montero,Real Oviedo,Levante UD,José Luis Morales,0,0,0,0,0,0,0,0,4,0,0,0,0,0,0
109,4 Oct 2025,,sg2ifrolnrbubiys9n9n8844,José Luis Munuera Montero,Real Oviedo,Levante UD,Víctor García,0,0,0,0,0,1,0,0,4,0,0,0,0,1,0
109,4 Oct 2025,,sg2ifrolnrbubiys9n9n8844,José Luis Munuera Montero,Real Oviedo,Levante UD,G. Koyalipou,0,1,0,0,0,1,0,0,1,0,0,1,0,0,0
110,5 Oct 2025,,stfu1ncpwokjdp38odv9rb4k,José Luis Guzmán Mansilla,Real Sociedad de Fútbol,Rayo Vallecano de Madrid,Álex Remiro,0,0,0,0,0,0,0,0,38,0,1,0,0,0,0
110,5 Oct 2025,,stfu1ncpwokjdp38odv9rb4k,José Luis Guzmán Mansilla,Real Sociedad de Fútbol,Rayo Vallecano de Madrid,D. Ćaleta-Car,0,0,0,0,2,0,0,0,40,0,0,0,0,0,0
110,5 Oct 2025,,stfu1ncpwokjdp38odv9rb4k,José Luis Guzmán Mansilla,Real Sociedad de Fútbol,Rayo Vallecano de Madrid,Sergio Gómez,0,1,0,3,3,0,0,0,52,0,0,1,0,5,0
110,5 Oct 2025,,stfu1ncpwokjdp38odv9rb4k,José Luis Guzmán Mansilla,Real Sociedad de Fútbol,Rayo Vallecano de Madrid,J. Aramburu,0,0,0,1,0,3,0,0,38,0,0,0,0,1,0
110,5 Oct 2025,,stfu1ncpwokjdp38odv9rb4k,José Luis Guzmán Mansilla,Real Sociedad de Fútbol,Rayo Vallecano de Madrid,Brais Méndez,0,0,1,3,0,2,0,0,31,0,0,0,0,0,0
110,5 Oct 2025,,stfu1ncpwokjdp38odv9rb4k,José Luis Guzmán Mansilla,Real Sociedad de Fútbol,Rayo Vallecano de Madrid,Gonçalo Guedes,0,0,0,2,1,1,0,0,19,0,0,1,0,0,0
110,5 Oct 2025,,stfu1ncpwokjdp38odv9rb4k,José Luis Guzmán Mansilla,Real Sociedad de Fútbol,Rayo Vallecano de Madrid,Igor Zubeldia,0,0,0,0,1,2,0,0,59,0,0,0,0,1,0
110,5 Oct 2025,,stfu1ncpwokjdp38odv9rb4k,José Luis Guzmán Mansilla,Real Sociedad de Fútbol,Rayo Vallecano de Madrid,Ander Barrenetxea,0,0,0,2,3,1,0,0,33,0,0,0,0,1,0
110,5 Oct 2025,,stfu1ncpwokjdp38odv9rb4k,José Luis Guzmán Mansilla,Real Sociedad de Fútbol,Rayo Vallecano de Madrid,Carlos Soler,0,0,0,2,2,2,0,0,31,0,0,0,0,0,1
110,5 Oct 2025,,stfu1ncpwokjdp38odv9rb4k,José Luis Guzmán Mansilla,Real Sociedad de Fútbol,Rayo Vallecano de Madrid,Mikel Oyarzabal,0,4,5,4,0,1,0,0,20,0,0,6,2,0,0
110,5 Oct 2025,,stfu1ncpwokjdp38odv9rb4k,José Luis Guzmán Mansilla,Real Sociedad de Fútbol,Rayo Vallecano de Madrid,Jon Gorrotxategi,0,0,1,0,0,2,0,0,42,0,0,0,0,3,0
110,5 Oct 2025,,stfu1ncpwokjdp38odv9rb4k,José Luis Guzmán Mansilla,Real Sociedad de Fútbol,Rayo Vallecano de Madrid,L. Sučić,0,1,0,0,0,0,0,0,7,0,0,2,1,0,0
110,5 Oct 2025,,stfu1ncpwokjdp38odv9rb4k,José Luis Guzmán Mansilla,Real Sociedad de Fútbol,Rayo Vallecano de Madrid,T. Kubo,0,0,0,0,0,3,0,0,6,0,0,0,0,0,0
110,5 Oct 2025,,stfu1ncpwokjdp38odv9rb4k,José Luis Guzmán Mansilla,Real Sociedad de Fútbol,Rayo Vallecano de Madrid,Pablo Marín,0,0,0,0,0,1,0,0,4,0,0,0,0,0,0
110,5 Oct 2025,,stfu1ncpwokjdp38odv9rb4k,José Luis Guzmán Mansilla,Real Sociedad de Fútbol,Rayo Vallecano de Madrid,Jon Karrikaburu,0,0,0,0,1,2,0,0,1,0,0,0,0,0,0
110,5 Oct 2025,,stfu1ncpwokjdp38odv9rb4k,José Luis Guzmán Mansilla,Real Sociedad de Fútbol,Rayo Vallecano de Madrid,Isi Palazón,0,0,0,2,4,0,0,0,21,0,0,0,0,0,1
110,5 Oct 2025,,stfu1ncpwokjdp38odv9rb4k,José Luis Guzmán Mansilla,Real Sociedad de Fútbol,Rayo Vallecano de Madrid,F. Lejeune,0,0,0,0,3,1,0,0,67,0,0,1,0,3,1
110,5 Oct 2025,,stfu1ncpwokjdp38odv9rb4k,José Luis Guzmán Mansilla,Real Sociedad de Fútbol,Rayo Vallecano de Madrid,Pep Chavarría,0,1,1,0,2,3,0,0,48,0,0,1,0,2,0
110,5 Oct 2025,,stfu1ncpwokjdp38odv9rb4k,José Luis Guzmán Mansilla,Real Sociedad de Fútbol,Rayo Vallecano de Madrid,P. Ciss,0,0,0,0,1,0,0,0,37,0,0,0,0,1,0
110,5 Oct 2025,,stfu1ncpwokjdp38odv9rb4k,José Luis Guzmán Mansilla,Real Sociedad de Fútbol,Rayo Vallecano de Madrid,Álvaro García,0,0,0,2,2,0,0,0,14,0,0,0,0,0,0
110,5 Oct 2025,,stfu1ncpwokjdp38odv9rb4k,José Luis Guzmán Mansilla,Real Sociedad de Fútbol,Rayo Vallecano de Madrid,Unai López,0,0,1,5,1,0,0,0,57,0,0,0,0,1,0
110,5 Oct 2025,,stfu1ncpwokjdp38odv9rb4k,José Luis Guzmán Mansilla,Real Sociedad de Fútbol,Rayo Vallecano de Madrid,A. Batalla,0,0,0,0,0,0,0,0,35,0,3,0,0,0,0
110,5 Oct 2025,,stfu1ncpwokjdp38odv9rb4k,José Luis Guzmán Mansilla,Real Sociedad de Fútbol,Rayo Vallecano de Madrid,Alemão,0,0,0,0,1,3,0,0,9,0,0,0,0,0,0
110,5 Oct 2025,,stfu1ncpwokjdp38odv9rb4k,José Luis Guzmán Mansilla,Real Sociedad de Fútbol,Rayo Vallecano de Madrid,A. Rațiu,1,0,1,0,1,0,0,0,34,0,0,0,0,4,0
110,5 Oct 2025,,stfu1ncpwokjdp38odv9rb4k,José Luis Guzmán Mansilla,Real Sociedad de Fútbol,Rayo Vallecano de Madrid,Óscar Valentín,0,0,0,0,3,0,0,0,33,0,0,0,0,0,0
110,5 Oct 2025,,stfu1ncpwokjdp38odv9rb4k,José Luis Guzmán Mansilla,Real Sociedad de Fútbol,Rayo Vallecano de Madrid,Jorge de Frutos,0,0,1,1,1,3,0,1,14,0,0,1,0,1,0
110,5 Oct 2025,,stfu1ncpwokjdp38odv9rb4k,José Luis Guzmán Mansilla,Real Sociedad de Fútbol,Rayo Vallecano de Madrid,Fran Pérez,0,0,0,1,0,1,0,0,13,0,0,0,0,1,0
110,5 Oct 2025,,stfu1ncpwokjdp38odv9rb4k,José Luis Guzmán Mansilla,Real Sociedad de Fútbol,Rayo Vallecano de Madrid,Pedro Díaz,0,1,1,0,1,0,0,0,8,0,0,2,1,0,0
110,5 Oct 2025,,stfu1ncpwokjdp38odv9rb4k,José Luis Guzmán Mansilla,Real Sociedad de Fútbol,Rayo Vallecano de Madrid,J. Vertrouwd,0,0,0,0,0,0,0,0,11,0,0,0,0,0,0
110,5 Oct 2025,,stfu1ncpwokjdp38odv9rb4k,José Luis Guzmán Mansilla,Real Sociedad de Fútbol,Rayo Vallecano de Madrid,Randy Nteka,0,0,0,0,0,0,0,0,6,0,0,1,0,0,0
110,5 Oct 2025,,stfu1ncpwokjdp38odv9rb4k,José Luis Guzmán Mansilla,Real Sociedad de Fútbol,Rayo Vallecano de Madrid,P. Espino,0,0,0,0,1,0,1,0,7,0,0,1,1,0,0
111,20 Oct 2025,,t6q5ftwcnm8os0cb3stk1kic,Iosu Galech Apezteguía,Deportivo Alavés,Valencia CF,Antonio Blanco,0,1,0,0,3,3,0,0,60,0,0,1,0,2,0
111,20 Oct 2025,,t6q5ftwcnm8os0cb3stk1kic,Iosu Galech Apezteguía,Deportivo Alavés,Valencia CF,N. Tenaglia,0,0,0,0,1,0,0,0,49,0,0,1,0,1,0
111,20 Oct 2025,,t6q5ftwcnm8os0cb3stk1kic,Iosu Galech Apezteguía,Deportivo Alavés,Valencia CF,Antonio Sivera,0,0,0,0,0,0,0,0,20,0,2,0,0,0,0
111,20 Oct 2025,,t6q5ftwcnm8os0cb3stk1kic,Iosu Galech Apezteguía,Deportivo Alavés,Valencia CF,Toni Martínez,0,1,1,1,1,3,0,0,18,0,0,3,1,0,0
111,20 Oct 2025,,t6q5ftwcnm8os0cb3stk1kic,Iosu Galech Apezteguía,Deportivo Alavés,Valencia CF,A. Rebbach,0,0,0,3,0,0,0,0,29,0,0,0,0,2,0
111,20 Oct 2025,,t6q5ftwcnm8os0cb3stk1kic,Iosu Galech Apezteguía,Deportivo Alavés,Valencia CF,Jon Pacheco,0,0,0,0,0,1,0,1,65,0,0,0,0,2,0
111,20 Oct 2025,,t6q5ftwcnm8os0cb3stk1kic,Iosu Galech Apezteguía,Deportivo Alavés,Valencia CF,Y. Enríquez,0,0,0,2,3,2,0,0,40,0,0,0,0,0,1
111,20 Oct 2025,,t6q5ftwcnm8os0cb3stk1kic,Iosu Galech Apezteguía,Deportivo Alavés,Valencia CF,Jonny,0,0,2,1,1,1,0,0,78,0,0,0,0,1,0
111,20 Oct 2025,,t6q5ftwcnm8os0cb3stk1kic,Iosu Galech Apezteguía,Deportivo Alavés,Valencia CF,Calebe,0,0,0,1,0,1,0,0,27,0,0,0,0,0,0
111,20 Oct 2025,,t6q5ftwcnm8os0cb3stk1kic,Iosu Galech Apezteguía,Deportivo Alavés,Valencia CF,Pablo Ibáñez,0,0,0,0,0,5,0,0,38,0,0,2,1,2,0
111,20 Oct 2025,,t6q5ftwcnm8os0cb3stk1kic,Iosu Galech Apezteguía,Deportivo Alavés,Valencia CF,L. Boyé,0,1,1,0,4,2,0,2,16,0,0,6,1,0,0
111,20 Oct 2025,,t6q5ftwcnm8os0cb3stk1kic,Iosu Galech Apezteguía,Deportivo Alavés,Valencia CF,Denis Suárez,0,0,1,1,0,1,0,0,28,0,0,0,0,0,0
111,20 Oct 2025,,t6q5ftwcnm8os0cb3stk1kic,Iosu Galech Apezteguía,Deportivo Alavés,Valencia CF,Carlos Vicente,0,0,2,6,0,0,0,0,20,0,0,0,0,0,0
111,20 Oct 2025,,t6q5ftwcnm8os0cb3stk1kic,Iosu Galech Apezteguía,Deportivo Alavés,Valencia CF,Carles Aleñá,0,0,0,3,0,1,0,0,14,0,0,0,0,0,0
111,20 Oct 2025,,t6q5ftwcnm8os0cb3stk1kic,Iosu Galech Apezteguía,Deportivo Alavés,Valencia CF,Jon Guridi,0,0,0,0,0,0,0,0,10,0,0,0,0,0,0
111,20 Oct 2025,,t6q5ftwcnm8os0cb3stk1kic,Iosu Galech Apezteguía,Deportivo Alavés,Valencia CF,José Gayà,0,0,0,2,1,1,0,0,30,0,0,0,0,2,0
111,20 Oct 2025,,t6q5ftwcnm8os0cb3stk1kic,Iosu Galech Apezteguía,Deportivo Alavés,Valencia CF,A. Danjuma,0,0,0,0,0,0,0,0,13,0,0,3,1,0,0
111,20 Oct 2025,,t6q5ftwcnm8os0cb3stk1kic,Iosu Galech Apezteguía,Deportivo Alavés,Valencia CF,Julen Agirrezabala,0,0,0,0,0,0,0,0,32,0,3,0,0,0,0
111,20 Oct 2025,,t6q5ftwcnm8os0cb3stk1kic,Iosu Galech Apezteguía,Deportivo Alavés,Valencia CF,Thierry Correia,0,0,0,1,2,2,0,0,29,0,0,0,0,3,0
111,20 Oct 2025,,t6q5ftwcnm8os0cb3stk1kic,Iosu Galech Apezteguía,Deportivo Alavés,Valencia CF,Javi Guerra,0,0,0,0,0,0,0,0,40,0,0,0,0,0,0
111,20 Oct 2025,,t6q5ftwcnm8os0cb3stk1kic,Iosu Galech Apezteguía,Deportivo Alavés,Valencia CF,Diego López,0,0,0,1,5,3,0,0,20,0,0,0,0,1,1
111,20 Oct 2025,,t6q5ftwcnm8os0cb3stk1kic,Iosu Galech Apezteguía,Deportivo Alavés,Valencia CF,Hugo Duro,0,0,0,0,0,1,0,0,14,0,0,0,0,0,0
111,20 Oct 2025,,t6q5ftwcnm8os0cb3stk1kic,Iosu Galech Apezteguía,Deportivo Alavés,Valencia CF,Copete,0,0,0,0,2,1,0,0,29,0,0,0,0,1,0
111,20 Oct 2025,,t6q5ftwcnm8os0cb3stk1kic,Iosu Galech Apezteguía,Deportivo Alavés,Valencia CF,Pepelu,0,0,0,1,3,0,0,0,34,0,0,0,0,6,0
111,20 Oct 2025,,t6q5ftwcnm8os0cb3stk1kic,Iosu Galech Apezteguía,Deportivo Alavés,Valencia CF,Luis Rioja,0,0,0,0,1,2,0,0,22,0,0,1,0,2,0
111,20 Oct 2025,,t6q5ftwcnm8os0cb3stk1kic,Iosu Galech Apezteguía,Deportivo Alavés,Valencia CF,César Tárrega,0,0,0,0,2,0,0,0,30,0,0,0,0,1,0
111,20 Oct 2025,,t6q5ftwcnm8os0cb3stk1kic,Iosu Galech Apezteguía,Deportivo Alavés,Valencia CF,Dani Raba,0,0,0,0,1,0,0,0,4,0,0,1,1,0,0
111,20 Oct 2025,,t6q5ftwcnm8os0cb3stk1kic,Iosu Galech Apezteguía,Deportivo Alavés,Valencia CF,B. Santamaría,0,0,0,0,2,1,0,0,5,0,0,0,0,2,1
111,20 Oct 2025,,t6q5ftwcnm8os0cb3stk1kic,Iosu Galech Apezteguía,Deportivo Alavés,Valencia CF,L. Beltrán,0,0,0,0,1,1,0,0,4,0,0,0,0,0,0
111,20 Oct 2025,,t6q5ftwcnm8os0cb3stk1kic,Iosu Galech Apezteguía,Deportivo Alavés,Valencia CF,E. Cömert,0,0,0,0,0,0,0,0,3,0,0,0,0,0,0
112,18 Oct 2025,,tk5mkd96dh3cu38pb2k286qc,Ricardo De Burgos Bengoetxea,Club Atlético de Madrid,CA Osasuna,J. Giménez,0,0,0,0,1,2,0,0,59,0,0,2,0,2,0
112,18 Oct 2025,,tk5mkd96dh3cu38pb2k286qc,Ricardo De Burgos Bengoetxea,Club Atlético de Madrid,CA Osasuna,Pablo Barrios,0,0,0,1,2,1,0,0,66,0,0,2,1,1,0
112,18 Oct 2025,,tk5mkd96dh3cu38pb2k286qc,Ricardo De Burgos Bengoetxea,Club Atlético de Madrid,CA Osasuna,Marcos Llorente,0,0,0,0,0,0,0,0,67,0,0,1,1,4,0
112,18 Oct 2025,,tk5mkd96dh3cu38pb2k286qc,Ricardo De Burgos Bengoetxea,Club Atlético de Madrid,CA Osasuna,Robin Le Normand,0,0,0,0,0,1,0,0,48,0,0,0,0,2,0
112,18 Oct 2025,,tk5mkd96dh3cu38pb2k286qc,Ricardo De Burgos Bengoetxea,Club Atlético de Madrid,CA Osasuna,N. González,0,0,0,3,1,1,0,0,15,0,0,0,0,1,0
112,18 Oct 2025,,tk5mkd96dh3cu38pb2k286qc,Ricardo De Burgos Bengoetxea,Club Atlético de Madrid,CA Osasuna,J. Alvarez,0,0,1,1,0,0,0,0,19,0,0,3,3,0,0
112,18 Oct 2025,,tk5mkd96dh3cu38pb2k286qc,Ricardo De Burgos Bengoetxea,Club Atlético de Madrid,CA Osasuna,Álex Baena,0,0,1,3,3,0,0,1,34,0,0,1,1,1,0
112,18 Oct 2025,,tk5mkd96dh3cu38pb2k286qc,Ricardo De Burgos Bengoetxea,Club Atlético de Madrid,CA Osasuna,Koke,0,0,0,1,2,0,0,0,48,0,0,1,0,2,1
112,18 Oct 2025,,tk5mkd96dh3cu38pb2k286qc,Ricardo De Burgos Bengoetxea,Club Atlético de Madrid,CA Osasuna,D. Hancko,0,0,1,2,0,0,0,0,48,0,0,2,0,0,0
112,18 Oct 2025,,tk5mkd96dh3cu38pb2k286qc,Ricardo De Burgos Bengoetxea,Club Atlético de Madrid,CA Osasuna,J. Oblak,0,0,0,0,0,1,0,0,30,0,2,0,0,0,0
112,18 Oct 2025,,tk5mkd96dh3cu38pb2k286qc,Ricardo De Burgos Bengoetxea,Club Atlético de Madrid,CA Osasuna,A. Griezmann,0,0,0,3,0,0,0,3,22,0,0,3,2,0,0
112,18 Oct 2025,,tk5mkd96dh3cu38pb2k286qc,Ricardo De Burgos Bengoetxea,Club Atlético de Madrid,CA Osasuna,G. Simeone,1,0,1,3,0,1,0,1,28,0,0,0,0,2,0
112,18 Oct 2025,,tk5mkd96dh3cu38pb2k286qc,Ricardo De Burgos Bengoetxea,Club Atlético de Madrid,CA Osasuna,C. Gallagher,0,0,0,1,0,0,0,0,20,0,0,0,0,0,0
112,18 Oct 2025,,tk5mkd96dh3cu38pb2k286qc,Ricardo De Burgos Bengoetxea,Club Atlético de Madrid,CA Osasuna,A. Sørloth,0,0,0,0,1,1,0,0,11,0,0,2,0,0,0
112,18 Oct 2025,,tk5mkd96dh3cu38pb2k286qc,Ricardo De Burgos Bengoetxea,Club Atlético de Madrid,CA Osasuna,T. Almada,0,0,0,0,0,1,1,0,13,0,0,1,1,1,0
112,18 Oct 2025,,tk5mkd96dh3cu38pb2k286qc,Ricardo De Burgos Bengoetxea,Club Atlético de Madrid,CA Osasuna,G. Raspadori,0,0,0,0,0,0,0,1,1,0,0,0,0,0,0
112,18 Oct 2025,,tk5mkd96dh3cu38pb2k286qc,Ricardo De Burgos Bengoetxea,Club Atlético de Madrid,CA Osasuna,Víctor Muñoz,0,0,1,2,3,2,0,0,20,0,0,2,0,1,0
112,18 Oct 2025,,tk5mkd96dh3cu38pb2k286qc,Ricardo De Burgos Bengoetxea,Club Atlético de Madrid,CA Osasuna,Alejandro Catena,0,0,0,0,2,0,0,0,37,0,0,0,0,1,1
112,18 Oct 2025,,tk5mkd96dh3cu38pb2k286qc,Ricardo De Burgos Bengoetxea,Club Atlético de Madrid,CA Osasuna,E. Boyomo,0,0,0,0,2,0,0,0,37,0,0,0,0,2,1
112,18 Oct 2025,,tk5mkd96dh3cu38pb2k286qc,Ricardo De Burgos Bengoetxea,Club Atlético de Madrid,CA Osasuna,Sergio Herrera,0,0,0,0,0,0,0,0,39,0,8,0,0,0,0
112,18 Oct 2025,,tk5mkd96dh3cu38pb2k286qc,Ricardo De Burgos Bengoetxea,Club Atlético de Madrid,CA Osasuna,A. Budimir,0,1,1,0,1,0,0,1,13,0,0,3,1,1,0
112,18 Oct 2025,,tk5mkd96dh3cu38pb2k286qc,Ricardo De Burgos Bengoetxea,Club Atlético de Madrid,CA Osasuna,Rubén García,0,1,0,2,0,2,0,0,19,0,0,1,0,2,0
112,18 Oct 2025,,tk5mkd96dh3cu38pb2k286qc,Ricardo De Burgos Bengoetxea,Club Atlético de Madrid,CA Osasuna,Abel Bretones,0,0,0,0,0,1,0,0,23,0,0,0,0,3,0
112,18 Oct 2025,,tk5mkd96dh3cu38pb2k286qc,Ricardo De Burgos Bengoetxea,Club Atlético de Madrid,CA Osasuna,Lucas Torró,0,0,0,0,0,1,0,0,29,0,0,1,1,3,0
112,18 Oct 2025,,tk5mkd96dh3cu38pb2k286qc,Ricardo De Burgos Bengoetxea,Club Atlético de Madrid,CA Osasuna,Jorge Herrando,0,0,0,0,0,0,0,0,20,0,0,0,0,1,0
112,18 Oct 2025,,tk5mkd96dh3cu38pb2k286qc,Ricardo De Burgos Bengoetxea,Club Atlético de Madrid,CA Osasuna,V. Rosier,0,0,0,0,0,1,0,0,8,0,0,0,0,2,0
112,18 Oct 2025,,tk5mkd96dh3cu38pb2k286qc,Ricardo De Burgos Bengoetxea,Club Atlético de Madrid,CA Osasuna,Jon Moncayola,0,0,0,0,0,1,0,0,46,0,0,1,0,2,0
112,18 Oct 2025,,tk5mkd96dh3cu38pb2k286qc,Ricardo De Burgos Bengoetxea,Club Atlético de Madrid,CA Osasuna,Iker Benito,0,0,0,2,2,0,0,0,25,0,0,1,0,0,0
112,18 Oct 2025,,tk5mkd96dh3cu38pb2k286qc,Ricardo De Burgos Bengoetxea,Club Atlético de Madrid,CA Osasuna,Moi Gómez,0,0,0,2,0,1,0,0,30,0,0,0,0,0,0
112,18 Oct 2025,,tk5mkd96dh3cu38pb2k286qc,Ricardo De Burgos Bengoetxea,Club Atlético de Madrid,CA Osasuna,Raúl García,0,0,0,0,1,1,0,0,7,0,0,0,0,0,1
112,18 Oct 2025,,tk5mkd96dh3cu38pb2k286qc,Ricardo De Burgos Bengoetxea,Club Atlético de Madrid,CA Osasuna,Kike Barja,0,0,0,4,0,0,0,0,8,0,0,0,0,0,0
112,18 Oct 2025,,tk5mkd96dh3cu38pb2k286qc,Ricardo De Burgos Bengoetxea,Club Atlético de Madrid,CA Osasuna,S. Becker,0,0,0,3,0,0,0,0,3,0,0,0,0,0,0
112,18 Oct 2025,,tk5mkd96dh3cu38pb2k286qc,Ricardo De Burgos Bengoetxea,Club Atlético de Madrid,CA Osasuna,Iker Muñoz,0,0,0,0,0,0,0,0,2,0,0,0,0,0,0
113,18 Oct 2025,,txn45zihl3cp2bv3lj5rmot0,Jesús Gil Manzano,FC Barcelona,Girona FC,Alejandro Balde,0,0,0,1,1,1,0,0,48,0,0,1,0,3,0
113,18 Oct 2025,,txn45zihl3cp2bv3lj5rmot0,Jesús Gil Manzano,FC Barcelona,Girona FC,Eric García,0,0,0,0,3,0,0,0,88,0,0,1,0,3,0
113,18 Oct 2025,,txn45zihl3cp2bv3lj5rmot0,Jesús Gil Manzano,FC Barcelona,Girona FC,W. Szczęsny,0,0,0,0,0,0,0,0,21,0,3,0,0,0,0
113,18 Oct 2025,,txn45zihl3cp2bv3lj5rmot0,Jesús Gil Manzano,FC Barcelona,Girona FC,Pau Cubarsí,0,1,0,0,1,1,0,0,101,0,0,1,0,1,0
113,18 Oct 2025,,txn45zihl3cp2bv3lj5rmot0,Jesús Gil Manzano,FC Barcelona,Girona FC,J. Koundé,0,0,0,1,0,1,0,0,64,0,0,0,0,3,0
113,18 Oct 2025,,txn45zihl3cp2bv3lj5rmot0,Jesús Gil Manzano,FC Barcelona,Girona FC,F. de Jong,1,0,1,1,0,0,0,0,60,0,0,2,1,2,1
113,18 Oct 2025,,txn45zihl3cp2bv3lj5rmot0,Jesús Gil Manzano,FC Barcelona,Girona FC,Pedri,0,1,2,0,0,0,1,0,67,0,0,2,1,2,0
113,18 Oct 2025,,txn45zihl3cp2bv3lj5rmot0,Jesús Gil Manzano,FC Barcelona,Girona FC,Marc Casadó,0,0,0,0,2,1,0,0,76,0,0,0,0,1,0
113,18 Oct 2025,,txn45zihl3cp2bv3lj5rmot0,Jesús Gil Manzano,FC Barcelona,Girona FC,Lamine Yamal,1,2,3,8,0,0,0,1,32,0,0,6,1,2,0
113,18 Oct 2025,,txn45zihl3cp2bv3lj5rmot0,Jesús Gil Manzano,FC Barcelona,Girona FC,M. Rashford,0,2,3,5,1,2,0,0,29,0,0,8,3,2,0
113,18 Oct 2025,,txn45zihl3cp2bv3lj5rmot0,Jesús Gil Manzano,FC Barcelona,Girona FC,Toni Fernández,0,0,0,0,0,0,0,0,9,0,0,0,0,0,0
113,18 Oct 2025,,txn45zihl3cp2bv3lj5rmot0,Jesús Gil Manzano,FC Barcelona,Girona FC,Fermín López,0,0,0,3,1,0,0,0,17,0,0,5,2,1,0
113,18 Oct 2025,,txn45zihl3cp2bv3lj5rmot0,Jesús Gil Manzano,FC Barcelona,Girona FC,R. Bardghji,0,0,0,4,0,0,0,0,13,0,0,0,0,0,0
113,18 Oct 2025,,txn45zihl3cp2bv3lj5rmot0,Jesús Gil Manzano,FC Barcelona,Girona FC,A. Christensen,0,0,0,0,1,1,0,0,34,0,0,0,0,0,0
113,18 Oct 2025,,txn45zihl3cp2bv3lj5rmot0,Jesús Gil Manzano,FC Barcelona,Girona FC,Gerard Martín,0,0,2,4,0,0,0,0,7,0,0,0,0,0,0
113,18 Oct 2025,,txn45zihl3cp2bv3lj5rmot0,Jesús Gil Manzano,FC Barcelona,Girona FC,R. Araujo,0,0,0,1,0,0,1,0,4,0,0,1,1,0,1
113,18 Oct 2025,,txn45zihl3cp2bv3lj5rmot0,Jesús Gil Manzano,FC Barcelona,Girona FC,V. Vanat,0,0,0,0,1,1,0,1,8,0,0,1,1,0,0
113,18 Oct 2025,,txn45zihl3cp2bv3lj5rmot0,Jesús Gil Manzano,FC Barcelona,Girona FC,D. Blind,0,0,0,0,1,0,0,0,41,0,0,0,0,1,0
113,18 Oct 2025,,txn45zihl3cp2bv3lj5rmot0,Jesús Gil Manzano,FC Barcelona,Girona FC,Hugo Rincón,0,0,0,2,0,3,0,0,28,0,0,0,0,0,0
113,18 Oct 2025,,txn45zihl3cp2bv3lj5rmot0,Jesús Gil Manzano,FC Barcelona,Girona FC,Bryan Gil,0,1,2,3,1,0,0,0,16,0,0,2,0,0,0
113,18 Oct 2025,,txn45zihl3cp2bv3lj5rmot0,Jesús Gil Manzano,FC Barcelona,Girona FC,Vitor Reis,0,0,0,0,0,2,0,0,38,0,0,0,0,1,0
113,18 Oct 2025,,txn45zihl3cp2bv3lj5rmot0,Jesús Gil Manzano,FC Barcelona,Girona FC,Álex Moreno,0,0,0,4,1,0,0,0,23,0,0,0,0,2,1
113,18 Oct 2025,,txn45zihl3cp2bv3lj5rmot0,Jesús Gil Manzano,FC Barcelona,Girona FC,Joel Roca,0,2,1,2,0,2,0,0,9,0,0,3,1,2,0
113,18 Oct 2025,,txn45zihl3cp2bv3lj5rmot0,Jesús Gil Manzano,FC Barcelona,Girona FC,Arnau Martínez,1,0,0,1,0,0,0,0,34,0,0,0,0,1,0
113,18 Oct 2025,,txn45zihl3cp2bv3lj5rmot0,Jesús Gil Manzano,FC Barcelona,Girona FC,P. Gazzaniga,0,0,0,0,0,0,0,0,41,0,7,0,0,0,0
113,18 Oct 2025,,txn45zihl3cp2bv3lj5rmot0,Jesús Gil Manzano,FC Barcelona,Girona FC,Portu,0,0,1,3,0,1,0,0,9,0,0,1,1,1,0
113,18 Oct 2025,,txn45zihl3cp2bv3lj5rmot0,Jesús Gil Manzano,FC Barcelona,Girona FC,A. Witsel,0,0,0,0,0,1,1,0,29,0,0,2,1,1,0
113,18 Oct 2025,,txn45zihl3cp2bv3lj5rmot0,Jesús Gil Manzano,FC Barcelona,Girona FC,J. Solís,0,0,0,0,0,0,0,0,6,0,0,1,0,0,0
113,18 Oct 2025,,txn45zihl3cp2bv3lj5rmot0,Jesús Gil Manzano,FC Barcelona,Girona FC,V. Tsygankov,0,0,0,0,0,0,0,0,13,0,0,1,0,1,0
113,18 Oct 2025,,txn45zihl3cp2bv3lj5rmot0,Jesús Gil Manzano,FC Barcelona,Girona FC,C. Stuani,0,0,0,0,2,0,0,0,5,0,0,0,0,1,1
113,18 Oct 2025,,txn45zihl3cp2bv3lj5rmot0,Jesús Gil Manzano,FC Barcelona,Girona FC,Y. Asprilla,0,0,1,3,1,0,0,1,4,0,0,0,0,0,0
113,18 Oct 2025,,txn45zihl3cp2bv3lj5rmot0,Jesús Gil Manzano,FC Barcelona,Girona FC,L. Kourouma,0,0,0,0,0,0,0,0,5,0,0,0,0,0,0
114,19 Oct 2025,,ub49wftchgk7szozxswbslck,Juan Martínez Munuera,Real Club Celta de Vigo,Real Sociedad de Fútbol,Borja Iglesias,0,0,0,0,3,2,0,0,7,0,0,0,0,0,0
114,19 Oct 2025,,ub49wftchgk7szozxswbslck,Juan Martínez Munuera,Real Club Celta de Vigo,Real Sociedad de Fútbol,C. Starfelt,0,0,0,0,3,0,0,0,37,1,0,0,0,2,2
114,19 Oct 2025,,ub49wftchgk7szozxswbslck,Juan Martínez Munuera,Real Club Celta de Vigo,Real Sociedad de Fútbol,Marcos Alonso,0,0,0,0,0,3,0,0,66,0,0,0,0,2,0
114,19 Oct 2025,,ub49wftchgk7szozxswbslck,Juan Martínez Munuera,Real Club Celta de Vigo,Real Sociedad de Fútbol,Hugo Sotelo,0,0,0,0,0,1,0,0,33,0,0,0,0,0,0
114,19 Oct 2025,,ub49wftchgk7szozxswbslck,Juan Martínez Munuera,Real Club Celta de Vigo,Real Sociedad de Fútbol,Sergio Carreira,0,0,0,0,0,2,0,0,39,0,0,1,0,0,0
114,19 Oct 2025,,ub49wftchgk7szozxswbslck,Juan Martínez Munuera,Real Club Celta de Vigo,Real Sociedad de Fútbol,Javi Rodríguez,0,0,0,0,0,1,0,0,38,0,0,0,0,1,0
114,19 Oct 2025,,ub49wftchgk7szozxswbslck,Juan Martínez Munuera,Real Club Celta de Vigo,Real Sociedad de Fútbol,Óscar Mingueza,1,0,0,2,0,3,0,0,25,0,0,0,0,2,0
114,19 Oct 2025,,ub49wftchgk7szozxswbslck,Juan Martínez Munuera,Real Club Celta de Vigo,Real Sociedad de Fútbol,I. Radu,0,0,0,0,0,0,0,0,38,0,6,0,0,0,0
114,19 Oct 2025,,ub49wftchgk7szozxswbslck,Juan Martínez Munuera,Real Club Celta de Vigo,Real Sociedad de Fútbol,Ferran Jutglà,0,0,0,0,1,1,0,0,15,0,0,1,0,0,0
114,19 Oct 2025,,ub49wftchgk7szozxswbslck,Juan Martínez Munuera,Real Club Celta de Vigo,Real Sociedad de Fútbol,I. Moriba,0,0,1,0,2,5,0,0,33,0,0,0,0,6,1
114,19 Oct 2025,,ub49wftchgk7szozxswbslck,Juan Martínez Munuera,Real Club Celta de Vigo,Real Sociedad de Fútbol,Pablo Durán,0,0,0,1,0,1,1,1,19,0,0,1,1,0,0
114,19 Oct 2025,,ub49wftchgk7szozxswbslck,Juan Martínez Munuera,Real Club Celta de Vigo,Real Sociedad de Fútbol,Carlos Domínguez,0,0,0,0,0,0,0,0,10,0,0,0,0,1,0
114,19 Oct 2025,,ub49wftchgk7szozxswbslck,Juan Martínez Munuera,Real Club Celta de Vigo,Real Sociedad de Fútbol,Javi Rueda,0,0,0,0,1,0,0,0,8,0,0,0,0,1,1
114,19 Oct 2025,,ub49wftchgk7szozxswbslck,Juan Martínez Munuera,Real Club Celta de Vigo,Real Sociedad de Fútbol,Hugo Álvarez,0,0,0,0,0,1,0,0,7,0,0,0,0,0,0
114,19 Oct 2025,,ub49wftchgk7szozxswbslck,Juan Martínez Munuera,Real Club Celta de Vigo,Real Sociedad de Fútbol,J. El Abdellaoui,0,0,0,0,0,0,0,0,4,0,0,1,0,0,0
114,19 Oct 2025,,ub49wftchgk7szozxswbslck,Juan Martínez Munuera,Real Club Celta de Vigo,Real Sociedad de Fútbol,Fran Beltrán,0,0,0,0,0,0,0,0,1,0,0,0,0,0,0
114,19 Oct 2025,,ub49wftchgk7szozxswbslck,Juan Martínez Munuera,Real Club Celta de Vigo,Real Sociedad de Fútbol,Igor Zubeldia,0,0,0,0,1,0,0,0,66,0,0,0,0,0,1
114,19 Oct 2025,,ub49wftchgk7szozxswbslck,Juan Martínez Munuera,Real Club Celta de Vigo,Real Sociedad de Fútbol,J. Aramburu,0,0,0,0,2,0,0,1,47,0,0,0,0,1,0
114,19 Oct 2025,,ub49wftchgk7szozxswbslck,Juan Martínez Munuera,Real Club Celta de Vigo,Real Sociedad de Fútbol,D. Ćaleta-Car,0,0,0,0,0,2,0,1,71,0,0,0,0,0,0
114,19 Oct 2025,,ub49wftchgk7szozxswbslck,Juan Martínez Munuera,Real Club Celta de Vigo,Real Sociedad de Fútbol,Aihen Muñoz,0,0,0,1,1,1,0,0,36,0,0,0,0,0,0
114,19 Oct 2025,,ub49wftchgk7szozxswbslck,Juan Martínez Munuera,Real Club Celta de Vigo,Real Sociedad de Fútbol,Jon Gorrotxategi,0,0,0,0,2,1,0,0,47,0,0,1,0,1,0
114,19 Oct 2025,,ub49wftchgk7szozxswbslck,Juan Martínez Munuera,Real Club Celta de Vigo,Real Sociedad de Fútbol,Sergio Gómez,0,0,1,11,3,1,0,1,60,0,0,0,0,1,1
114,19 Oct 2025,,ub49wftchgk7szozxswbslck,Juan Martínez Munuera,Real Club Celta de Vigo,Real Sociedad de Fútbol,Ander Barrenetxea,0,0,1,3,3,0,0,0,32,0,0,1,1,0,0
114,19 Oct 2025,,ub49wftchgk7szozxswbslck,Juan Martínez Munuera,Real Club Celta de Vigo,Real Sociedad de Fútbol,Y. Herrera,0,0,0,0,3,3,0,1,18,0,0,2,1,3,1
114,19 Oct 2025,,ub49wftchgk7szozxswbslck,Juan Martínez Munuera,Real Club Celta de Vigo,Real Sociedad de Fútbol,Brais Méndez,0,2,1,3,3,1,0,1,25,0,0,2,0,0,0
114,19 Oct 2025,,ub49wftchgk7szozxswbslck,Juan Martínez Munuera,Real Club Celta de Vigo,Real Sociedad de Fútbol,Mikel Oyarzabal,0,1,3,1,0,1,0,2,23,0,0,3,1,1,0
114,19 Oct 2025,,ub49wftchgk7szozxswbslck,Juan Martínez Munuera,Real Club Celta de Vigo,Real Sociedad de Fútbol,Álex Remiro,0,0,0,0,0,0,0,0,24,0,0,0,0,0,0
114,19 Oct 2025,,ub49wftchgk7szozxswbslck,Juan Martínez Munuera,Real Club Celta de Vigo,Real Sociedad de Fútbol,Pablo Marín,0,0,1,3,1,0,0,0,19,0,0,0,0,0,0
114,19 Oct 2025,,ub49wftchgk7szozxswbslck,Juan Martínez Munuera,Real Club Celta de Vigo,Real Sociedad de Fútbol,Carlos Soler,0,1,0,3,0,0,1,0,18,0,0,3,2,0,0
114,19 Oct 2025,,ub49wftchgk7szozxswbslck,Juan Martínez Munuera,Real Club Celta de Vigo,Real Sociedad de Fútbol,Gonçalo Guedes,1,2,1,4,1,0,0,0,20,0,0,2,0,0,0
114,19 Oct 2025,,ub49wftchgk7szozxswbslck,Juan Martínez Munuera,Real Club Celta de Vigo,Real Sociedad de Fútbol,A. Zakharyan,0,0,1,5,0,0,0,0,11,0,0,1,0,0,0
114,19 Oct 2025,,ub49wftchgk7szozxswbslck,Juan Martínez Munuera,Real Club Celta de Vigo,Real Sociedad de Fútbol,Jon Karrikaburu,0,0,1,1,0,0,0,1,1,0,0,2,2,1,0
115,19 Oct 2025,,uoe12e3coa1i9fov19pdukus,José Luis Munuera Montero,Getafe CF,Real Madrid CF,Diego Rico,0,0,0,3,3,3,0,0,15,0,0,0,0,4,0
115,19 Oct 2025,,uoe12e3coa1i9fov19pdukus,José Luis Munuera Montero,Getafe CF,Real Madrid CF,Alex Sancris,0,0,0,1,3,3,0,1,15,1,0,1,0,0,2
115,19 Oct 2025,,uoe12e3coa1i9fov19pdukus,José Luis Munuera Montero,Getafe CF,Real Madrid CF,D. Dakonam,0,0,0,0,2,0,0,0,18,0,0,1,0,3,0
115,19 Oct 2025,,uoe12e3coa1i9fov19pdukus,José Luis Munuera Montero,Getafe CF,Real Madrid CF,David Soria,0,0,0,0,0,0,0,0,31,0,9,0,0,0,0
115,19 Oct 2025,,uoe12e3coa1i9fov19pdukus,José Luis Munuera Montero,Getafe CF,Real Madrid CF,Domingos Duarte,0,0,0,0,2,1,0,0,18,0,0,0,0,1,1
115,19 Oct 2025,,uoe12e3coa1i9fov19pdukus,José Luis Munuera Montero,Getafe CF,Real Madrid CF,M. Arambarri,0,0,0,0,3,0,0,0,7,0,0,1,0,0,0
115,19 Oct 2025,,uoe12e3coa1i9fov19pdukus,José Luis Munuera Montero,Getafe CF,Real Madrid CF,Mario Martín,0,0,0,0,3,0,0,1,12,0,0,0,0,0,0
115,19 Oct 2025,,uoe12e3coa1i9fov19pdukus,José Luis Munuera Montero,Getafe CF,Real Madrid CF,Kiko Femenía,0,0,0,1,3,0,0,0,17,0,0,0,0,3,1
115,19 Oct 2025,,uoe12e3coa1i9fov19pdukus,José Luis Munuera Montero,Getafe CF,Real Madrid CF,Luis Milla,0,0,0,3,3,2,0,0,25,0,0,1,0,3,0
115,19 Oct 2025,,uoe12e3coa1i9fov19pdukus,José Luis Munuera Montero,Getafe CF,Real Madrid CF,Adrián Liso,0,1,1,0,2,1,0,0,13,0,0,2,0,1,0
115,19 Oct 2025,,uoe12e3coa1i9fov19pdukus,José Luis Munuera Montero,Getafe CF,Real Madrid CF,Juan Iglesias,0,0,0,0,1,0,0,0,22,0,0,0,0,4,0
115,19 Oct 2025,,uoe12e3coa1i9fov19pdukus,José Luis Munuera Montero,Getafe CF,Real Madrid CF,A. Nyom,0,0,0,0,1,0,0,0,0,1,0,0,0,0,0
115,19 Oct 2025,,uoe12e3coa1i9fov19pdukus,José Luis Munuera Montero,Getafe CF,Real Madrid CF,A. Kamara,0,0,0,0,1,0,0,0,0,0,0,1,1,0,0
115,19 Oct 2025,,uoe12e3coa1i9fov19pdukus,José Luis Munuera Montero,Getafe CF,Real Madrid CF,Coba da Costa,0,0,0,0,0,0,0,0,1,0,0,0,0,0,0
115,19 Oct 2025,,uoe12e3coa1i9fov19pdukus,José Luis Munuera Montero,Getafe CF,Real Madrid CF,K. Mbappé,0,1,0,0,0,1,1,2,33,0,0,7,4,0,0
115,19 Oct 2025,,uoe12e3coa1i9fov19pdukus,José Luis Munuera Montero,Getafe CF,Real Madrid CF,J. Bellingham,0,0,0,0,1,7,0,0,43,0,0,2,2,1,0
115,19 Oct 2025,,uoe12e3coa1i9fov19pdukus,José Luis Munuera Montero,Getafe CF,Real Madrid CF,T. Courtois,0,0,0,0,0,0,0,0,37,0,1,0,0,0,0
115,19 Oct 2025,,uoe12e3coa1i9fov19pdukus,José Luis Munuera Montero,Getafe CF,Real Madrid CF,F. Mastantuono,0,0,0,1,3,2,0,0,14,0,0,2,1,1,0
115,19 Oct 2025,,uoe12e3coa1i9fov19pdukus,José Luis Munuera Montero,Getafe CF,Real Madrid CF,D. Alaba,0,0,0,0,0,0,0,0,32,0,0,1,1,0,0
115,19 Oct 2025,,uoe12e3coa1i9fov19pdukus,José Luis Munuera Montero,Getafe CF,Real Madrid CF,F. Valverde,0,1,1,3,1,0,0,0,55,0,0,1,0,2,0
115,19 Oct 2025,,uoe12e3coa1i9fov19pdukus,José Luis Munuera Montero,Getafe CF,Real Madrid CF,Álvaro Carreras,0,0,0,0,2,1,0,1,85,0,0,1,0,0,0
115,19 Oct 2025,,uoe12e3coa1i9fov19pdukus,José Luis Munuera Montero,Getafe CF,Real Madrid CF,E. Camavinga,0,0,1,0,0,2,0,0,48,0,0,0,0,4,0
115,19 Oct 2025,,uoe12e3coa1i9fov19pdukus,José Luis Munuera Montero,Getafe CF,Real Madrid CF,A. Tchouaméni,0,0,1,0,2,1,0,0,80,0,0,1,0,2,1
115,19 Oct 2025,,uoe12e3coa1i9fov19pdukus,José Luis Munuera Montero,Getafe CF,Real Madrid CF,Éder Militão,0,0,0,0,1,0,0,0,79,0,0,1,1,1,0
115,19 Oct 2025,,uoe12e3coa1i9fov19pdukus,José Luis Munuera Montero,Getafe CF,Real Madrid CF,Rodrygo,0,0,1,3,0,3,0,0,48,0,0,1,1,4,0
115,19 Oct 2025,,uoe12e3coa1i9fov19pdukus,José Luis Munuera Montero,Getafe CF,Real Madrid CF,Raúl Asencio,0,0,0,0,1,2,0,0,32,0,0,1,0,1,0
115,19 Oct 2025,,uoe12e3coa1i9fov19pdukus,José Luis Munuera Montero,Getafe CF,Real Madrid CF,Vinícius Júnior,0,0,0,0,0,5,0,0,12,0,0,2,0,0,0
115,19 Oct 2025,,uoe12e3coa1i9fov19pdukus,José Luis Munuera Montero,Getafe CF,Real Madrid CF,A. Güler,1,1,0,3,0,1,0,0,30,0,0,2,0,0,0
115,19 Oct 2025,,uoe12e3coa1i9fov19pdukus,José Luis Munuera Montero,Getafe CF,Real Madrid CF,Brahim Díaz,0,1,0,0,0,0,0,0,8,0,0,1,0,1,0
115,19 Oct 2025,,uoe12e3coa1i9fov19pdukus,José Luis Munuera Montero,Getafe CF,Real Madrid CF,Gonzalo García Torres,0,0,0,0,0,0,0,0,0,0,0,0,0,0,0
116,19 Oct 2025,,v3lhpsc6pb8pl9l3mu0evqj8,Miguel Sesma Espinosa,Levante UD,Rayo Vallecano de Madrid,Manu Sánchez,0,0,1,4,1,0,0,0,44,0,0,0,0,2,0
116,19 Oct 2025,,v3lhpsc6pb8pl9l3mu0evqj8,Miguel Sesma Espinosa,Levante UD,Rayo Vallecano de Madrid,Roger Brugué,0,1,2,1,0,1,0,0,19,0,0,3,0,1,0
116,19 Oct 2025,,v3lhpsc6pb8pl9l3mu0evqj8,Miguel Sesma Espinosa,Levante UD,Rayo Vallecano de Madrid,Adrián de la Fuente,0,0,0,3,1,0,0,0,46,0,0,0,0,0,0
116,19 Oct 2025,,v3lhpsc6pb8pl9l3mu0evqj8,Miguel Sesma Espinosa,Levante UD,Rayo Vallecano de Madrid,M. Moreno,0,1,0,0,1,0,0,0,44,0,0,1,0,0,0
116,19 Oct 2025,,v3lhpsc6pb8pl9l3mu0evqj8,Miguel Sesma Espinosa,Levante UD,Rayo Vallecano de Madrid,E. Eyong,0,0,1,1,1,1,0,0,7,0,0,2,2,0,0
116,19 Oct 2025,,v3lhpsc6pb8pl9l3mu0evqj8,Miguel Sesma Espinosa,Levante UD,Rayo Vallecano de Madrid,Carlos Álvarez,0,0,2,7,0,4,0,0,22,0,0,0,0,0,0
116,19 Oct 2025,,v3lhpsc6pb8pl9l3mu0evqj8,Miguel Sesma Espinosa,Levante UD,Rayo Vallecano de Madrid,Iván Romero,0,0,1,2,0,3,0,0,26,0,0,3,1,0,0
116,19 Oct 2025,,v3lhpsc6pb8pl9l3mu0evqj8,Miguel Sesma Espinosa,Levante UD,Rayo Vallecano de Madrid,K. Arriaga,0,0,0,2,1,5,0,0,59,0,0,0,0,4,0
116,19 Oct 2025,,v3lhpsc6pb8pl9l3mu0evqj8,Miguel Sesma Espinosa,Levante UD,Rayo Vallecano de Madrid,Unai Vencedor,0,0,0,1,0,3,0,0,47,0,0,0,0,7,0
116,19 Oct 2025,,v3lhpsc6pb8pl9l3mu0evqj8,Miguel Sesma Espinosa,Levante UD,Rayo Vallecano de Madrid,J. Toljan,0,1,1,4,1,0,0,1,38,0,0,2,0,2,0
116,19 Oct 2025,,v3lhpsc6pb8pl9l3mu0evqj8,Miguel Sesma Espinosa,Levante UD,Rayo Vallecano de Madrid,M. Ryan,0,0,0,0,0,0,0,0,23,0,1,0,0,0,0
116,19 Oct 2025,,v3lhpsc6pb8pl9l3mu0evqj8,Miguel Sesma Espinosa,Levante UD,Rayo Vallecano de Madrid,Pablo Martínez,0,3,1,4,0,0,0,0,12,0,0,3,0,0,0
116,19 Oct 2025,,v3lhpsc6pb8pl9l3mu0evqj8,Miguel Sesma Espinosa,Levante UD,Rayo Vallecano de Madrid,Jon Olasagasti,0,2,0,1,0,0,0,0,14,0,0,2,0,0,0
116,19 Oct 2025,,v3lhpsc6pb8pl9l3mu0evqj8,Miguel Sesma Espinosa,Levante UD,Rayo Vallecano de Madrid,Carlos Espí,0,0,2,0,0,0,0,0,3,0,0,0,0,0,0
116,19 Oct 2025,,v3lhpsc6pb8pl9l3mu0evqj8,Miguel Sesma Espinosa,Levante UD,Rayo Vallecano de Madrid,G. Koyalipou,0,0,0,0,0,0,0,0,2,0,0,1,1,0,0
116,19 Oct 2025,,v3lhpsc6pb8pl9l3mu0evqj8,Miguel Sesma Espinosa,Levante UD,Rayo Vallecano de Madrid,José Luis Morales,0,0,0,0,0,0,0,0,13,0,0,0,0,0,0
116,19 Oct 2025,,v3lhpsc6pb8pl9l3mu0evqj8,Miguel Sesma Espinosa,Levante UD,Rayo Vallecano de Madrid,Alemão,0,1,0,1,4,1,0,0,13,0,0,1,0,1,0
116,19 Oct 2025,,v3lhpsc6pb8pl9l3mu0evqj8,Miguel Sesma Espinosa,Levante UD,Rayo Vallecano de Madrid,Óscar Valentín,0,0,0,0,4,0,0,0,29,0,0,0,0,5,0
116,19 Oct 2025,,v3lhpsc6pb8pl9l3mu0evqj8,Miguel Sesma Espinosa,Levante UD,Rayo Vallecano de Madrid,F. Lejeune,0,0,0,0,1,0,0,0,58,0,0,0,0,3,0
116,19 Oct 2025,,v3lhpsc6pb8pl9l3mu0evqj8,Miguel Sesma Espinosa,Levante UD,Rayo Vallecano de Madrid,Jorge de Frutos,0,0,1,0,1,1,2,0,10,0,0,2,2,1,0
116,19 Oct 2025,,v3lhpsc6pb8pl9l3mu0evqj8,Miguel Sesma Espinosa,Levante UD,Rayo Vallecano de Madrid,A. Rațiu,0,0,0,2,0,0,0,0,35,0,0,0,0,3,0
116,19 Oct 2025,,v3lhpsc6pb8pl9l3mu0evqj8,Miguel Sesma Espinosa,Levante UD,Rayo Vallecano de Madrid,Unai López,1,0,1,4,3,0,0,0,35,0,0,0,0,2,0
116,19 Oct 2025,,v3lhpsc6pb8pl9l3mu0evqj8,Miguel Sesma Espinosa,Levante UD,Rayo Vallecano de Madrid,N. Mendy,0,0,0,0,0,1,0,0,37,0,0,0,0,2,0
116,19 Oct 2025,,v3lhpsc6pb8pl9l3mu0evqj8,Miguel Sesma Espinosa,Levante UD,Rayo Vallecano de Madrid,Pep Chavarría,1,0,0,1,1,0,0,0,32,0,0,0,0,3,0
116,19 Oct 2025,,v3lhpsc6pb8pl9l3mu0evqj8,Miguel Sesma Espinosa,Levante UD,Rayo Vallecano de Madrid,Fran Pérez,0,0,1,2,1,1,0,0,16,0,0,2,1,2,0
116,19 Oct 2025,,v3lhpsc6pb8pl9l3mu0evqj8,Miguel Sesma Espinosa,Levante UD,Rayo Vallecano de Madrid,Pedro Díaz,0,1,1,2,2,1,0,0,27,0,0,2,0,2,0
116,19 Oct 2025,,v3lhpsc6pb8pl9l3mu0evqj8,Miguel Sesma Espinosa,Levante UD,Rayo Vallecano de Madrid,A. Batalla,0,0,0,0,0,0,0,0,35,0,4,0,0,0,0
116,19 Oct 2025,,v3lhpsc6pb8pl9l3mu0evqj8,Miguel Sesma Espinosa,Levante UD,Rayo Vallecano de Madrid,Álvaro García,0,0,0,0,0,0,1,0,7,0,0,2,1,0,0
116,19 Oct 2025,,v3lhpsc6pb8pl9l3mu0evqj8,Miguel Sesma Espinosa,Levante UD,Rayo Vallecano de Madrid,Isi Palazón,0,0,0,0,1,1,0,0,9,0,0,0,0,0,1
116,19 Oct 2025,,v3lhpsc6pb8pl9l3mu0evqj8,Miguel Sesma Espinosa,Levante UD,Rayo Vallecano de Madrid,P. Ciss,0,0,0,0,0,0,0,0,8,0,0,0,0,1,0
116,19 Oct 2025,,v3lhpsc6pb8pl9l3mu0evqj8,Miguel Sesma Espinosa,Levante UD,Rayo Vallecano de Madrid,P. Espino,0,0,0,0,0,0,0,0,10,0,0,1,1,2,0
116,19 Oct 2025,,v3lhpsc6pb8pl9l3mu0evqj8,Miguel Sesma Espinosa,Levante UD,Rayo Vallecano de Madrid,Gerard Gumbau,0,0,0,0,0,0,0,0,4,0,0,0,0,0,0
117,19 Oct 2025,,vgz6kc0y9dz9ecnnqulzb578,José Luis Guzmán Mansilla,Elche CF,Athletic Club,André Silva,0,1,1,0,2,4,0,1,18,0,0,5,2,0,0
117,19 Oct 2025,,vgz6kc0y9dz9ecnnqulzb578,José Luis Guzmán Mansilla,Elche CF,Athletic Club,Aleix Febas,0,0,1,2,0,6,0,0,58,0,0,0,0,0,0
117,19 Oct 2025,,vgz6kc0y9dz9ecnnqulzb578,José Luis Guzmán Mansilla,Elche CF,Athletic Club,Iñaki Peña,0,0,0,0,0,0,0,0,83,0,1,0,0,0,0
117,19 Oct 2025,,vgz6kc0y9dz9ecnnqulzb578,José Luis Guzmán Mansilla,Elche CF,Athletic Club,Víctor Chust,0,0,0,0,3,0,0,1,82,0,0,0,0,3,1
117,19 Oct 2025,,vgz6kc0y9dz9ecnnqulzb578,José Luis Guzmán Mansilla,Elche CF,Athletic Club,Pedro Bigas,0,0,0,0,0,1,0,0,78,0,0,0,0,1,0
117,19 Oct 2025,,vgz6kc0y9dz9ecnnqulzb578,José Luis Guzmán Mansilla,Elche CF,Athletic Club,Álvaro Núñez,0,0,0,2,1,1,0,0,45,0,0,0,0,0,0
117,19 Oct 2025,,vgz6kc0y9dz9ecnnqulzb578,José Luis Guzmán Mansilla,Elche CF,Athletic Club,Rafa Mir,0,1,1,3,3,1,0,0,18,0,0,5,2,0,0
117,19 Oct 2025,,vgz6kc0y9dz9ecnnqulzb578,José Luis Guzmán Mansilla,Elche CF,Athletic Club,L. Pétrot,0,0,0,0,2,0,0,0,39,0,0,0,0,3,0
117,19 Oct 2025,,vgz6kc0y9dz9ecnnqulzb578,José Luis Guzmán Mansilla,Elche CF,Athletic Club,Marc Aguado,0,1,1,0,1,1,0,0,44,0,0,1,0,1,0
117,19 Oct 2025,,vgz6kc0y9dz9ecnnqulzb578,José Luis Guzmán Mansilla,Elche CF,Athletic Club,Martim Neto,0,0,0,7,0,2,0,0,50,0,0,0,0,1,0
117,19 Oct 2025,,vgz6kc0y9dz9ecnnqulzb578,José Luis Guzmán Mansilla,Elche CF,Athletic Club,Germán Valera,0,2,2,8,0,3,0,1,40,0,0,2,0,1,1
117,19 Oct 2025,,vgz6kc0y9dz9ecnnqulzb578,José Luis Guzmán Mansilla,Elche CF,Athletic Club,Adrià Pedrosa,0,1,0,2,0,0,0,0,24,0,0,1,0,2,0
117,19 Oct 2025,,vgz6kc0y9dz9ecnnqulzb578,José Luis Guzmán Mansilla,Elche CF,Athletic Club,Rodrigo Mendoza,0,0,0,0,2,1,0,0,12,0,0,1,1,0,0
117,19 Oct 2025,,vgz6kc0y9dz9ecnnqulzb578,José Luis Guzmán Mansilla,Elche CF,Athletic Club,Josan,0,0,0,0,0,0,0,0,2,0,0,0,0,0,0
117,19 Oct 2025,,vgz6kc0y9dz9ecnnqulzb578,José Luis Guzmán Mansilla,Elche CF,Athletic Club,John Donald,0,0,0,0,0,0,0,0,3,0,0,0,0,0,0
117,19 Oct 2025,,vgz6kc0y9dz9ecnnqulzb578,José Luis Guzmán Mansilla,Elche CF,Athletic Club,Dani Vivian,0,0,0,0,3,1,0,0,31,0,0,0,0,2,1
117,19 Oct 2025,,vgz6kc0y9dz9ecnnqulzb578,José Luis Guzmán Mansilla,Elche CF,Athletic Club,Oihan Sancet,0,0,0,0,0,0,0,0,12,0,0,0,0,0,0
117,19 Oct 2025,,vgz6kc0y9dz9ecnnqulzb578,José Luis Guzmán Mansilla,Elche CF,Athletic Club,Yuri,0,0,0,0,2,0,0,0,28,0,0,0,0,2,0
117,19 Oct 2025,,vgz6kc0y9dz9ecnnqulzb578,José Luis Guzmán Mansilla,Elche CF,Athletic Club,Jesús Areso,0,0,0,0,1,0,0,0,22,0,0,0,0,1,0
117,19 Oct 2025,,vgz6kc0y9dz9ecnnqulzb578,José Luis Guzmán Mansilla,Elche CF,Athletic Club,Íñigo Ruíz de Galarreta,0,0,0,0,4,0,0,0,18,0,0,0,0,2,1
117,19 Oct 2025,,vgz6kc0y9dz9ecnnqulzb578,José Luis Guzmán Mansilla,Elche CF,Athletic Club,Alex Berenguer,0,0,0,5,4,3,0,2,19,0,0,2,1,0,0
117,19 Oct 2025,,vgz6kc0y9dz9ecnnqulzb578,José Luis Guzmán Mansilla,Elche CF,Athletic Club,Gorka Guruzeta,0,0,0,0,0,1,0,0,12,0,0,1,0,0,0
117,19 Oct 2025,,vgz6kc0y9dz9ecnnqulzb578,José Luis Guzmán Mansilla,Elche CF,Athletic Club,Mikel Jauregizar,0,1,1,1,2,0,0,0,30,0,0,1,0,2,1
117,19 Oct 2025,,vgz6kc0y9dz9ecnnqulzb578,José Luis Guzmán Mansilla,Elche CF,Athletic Club,Aymeric Laporte,0,0,0,0,0,3,0,0,28,0,0,0,0,0,0
117,19 Oct 2025,,vgz6kc0y9dz9ecnnqulzb578,José Luis Guzmán Mansilla,Elche CF,Athletic Club,Robert Navarro,0,0,0,0,1,0,0,1,6,0,0,0,0,1,0
117,19 Oct 2025,,vgz6kc0y9dz9ecnnqulzb578,José Luis Guzmán Mansilla,Elche CF,Athletic Club,Unai Simón,0,0,0,0,0,1,0,0,23,0,5,0,0,0,0
117,19 Oct 2025,,vgz6kc0y9dz9ecnnqulzb578,José Luis Guzmán Mansilla,Elche CF,Athletic Club,I. Williams,0,0,1,1,0,1,0,0,8,0,0,0,0,0,0
117,19 Oct 2025,,vgz6kc0y9dz9ecnnqulzb578,José Luis Guzmán Mansilla,Elche CF,Athletic Club,Nico Williams,0,0,0,1,1,2,0,0,14,0,0,0,0,0,0
117,19 Oct 2025,,vgz6kc0y9dz9ecnnqulzb578,José Luis Guzmán Mansilla,Elche CF,Athletic Club,Unai Gómez,0,0,0,1,0,0,0,0,10,0,0,0,0,0,0
117,19 Oct 2025,,vgz6kc0y9dz9ecnnqulzb578,José Luis Guzmán Mansilla,Elche CF,Athletic Club,Alejandro Rego,0,0,0,0,2,0,0,0,7,0,0,0,0,2,0
117,19 Oct 2025,,vgz6kc0y9dz9ecnnqulzb578,José Luis Guzmán Mansilla,Elche CF,Athletic Club,Aitor Paredes,0,0,0,0,0,0,0,0,3,0,0,0,0,1,0
118,18 Oct 2025,,vue1zih02z58m1ihnz9pod90,Francisco José Hernández Maeso,Villarreal CF,Real Betis Balompié,Renato Veiga,0,0,0,0,0,0,0,0,52,0,0,0,0,0,0
118,18 Oct 2025,,vue1zih02z58m1ihnz9pod90,Francisco José Hernández Maeso,Villarreal CF,Real Betis Balompié,Alfonso Pedraza,0,0,1,4,1,0,0,0,30,0,0,1,0,3,0
118,18 Oct 2025,,vue1zih02z58m1ihnz9pod90,Francisco José Hernández Maeso,Villarreal CF,Real Betis Balompié,Arnau Tenas,0,0,0,0,0,0,0,0,27,0,1,0,0,1,0
118,18 Oct 2025,,vue1zih02z58m1ihnz9pod90,Francisco José Hernández Maeso,Villarreal CF,Real Betis Balompié,Rafa Marín,0,0,0,0,0,0,0,0,51,0,0,0,0,0,0
118,18 Oct 2025,,vue1zih02z58m1ihnz9pod90,Francisco José Hernández Maeso,Villarreal CF,Real Betis Balompié,Alberto Moleiro,1,0,1,1,0,1,1,0,27,0,0,1,1,0,0
118,18 Oct 2025,,vue1zih02z58m1ihnz9pod90,Francisco José Hernández Maeso,Villarreal CF,Real Betis Balompié,T. Buchanan,0,0,1,1,1,2,1,1,19,0,0,1,1,0,1
118,18 Oct 2025,,vue1zih02z58m1ihnz9pod90,Francisco José Hernández Maeso,Villarreal CF,Real Betis Balompié,Dani Parejo,0,0,1,2,0,2,0,0,45,0,0,0,0,1,0
118,18 Oct 2025,,vue1zih02z58m1ihnz9pod90,Francisco José Hernández Maeso,Villarreal CF,Real Betis Balompié,Pau Navarro,0,0,0,0,3,0,0,0,26,0,0,0,0,4,0
118,18 Oct 2025,,vue1zih02z58m1ihnz9pod90,Francisco José Hernández Maeso,Villarreal CF,Real Betis Balompié,Gerard Moreno,0,0,0,0,3,0,0,0,19,0,0,0,0,0,0
118,18 Oct 2025,,vue1zih02z58m1ihnz9pod90,Francisco José Hernández Maeso,Villarreal CF,Real Betis Balompié,Santi Comesaña,1,0,0,0,1,2,0,0,43,0,0,1,0,1,0
118,18 Oct 2025,,vue1zih02z58m1ihnz9pod90,Francisco José Hernández Maeso,Villarreal CF,Real Betis Balompié,T. Oluwaseyi,0,0,0,0,2,1,0,1,2,0,0,1,1,1,0
118,18 Oct 2025,,vue1zih02z58m1ihnz9pod90,Francisco José Hernández Maeso,Villarreal CF,Real Betis Balompié,N. Pépé,0,0,0,1,1,0,0,1,6,0,0,1,0,0,0
118,18 Oct 2025,,vue1zih02z58m1ihnz9pod90,Francisco José Hernández Maeso,Villarreal CF,Real Betis Balompié,Ayoze Pérez,0,0,1,0,0,0,0,0,10,0,0,0,0,0,0
118,18 Oct 2025,,vue1zih02z58m1ihnz9pod90,Francisco José Hernández Maeso,Villarreal CF,Real Betis Balompié,P. Gueye,0,0,0,0,0,1,0,0,5,0,0,1,0,0,0
118,18 Oct 2025,,vue1zih02z58m1ihnz9pod90,Francisco José Hernández Maeso,Villarreal CF,Real Betis Balompié,Sergi Cardona,0,0,0,2,1,0,0,0,5,0,0,0,0,0,0
118,18 Oct 2025,,vue1zih02z58m1ihnz9pod90,Francisco José Hernández Maeso,Villarreal CF,Real Betis Balompié,M. Solomon,0,0,0,1,0,0,0,0,5,0,0,0,0,0,0
118,18 Oct 2025,,vue1zih02z58m1ihnz9pod90,Francisco José Hernández Maeso,Villarreal CF,Real Betis Balompié,C. Hernández,0,1,1,1,3,0,0,1,14,0,0,2,0,0,0
118,18 Oct 2025,,vue1zih02z58m1ihnz9pod90,Francisco José Hernández Maeso,Villarreal CF,Real Betis Balompié,Pablo Fornals,2,1,0,9,0,0,0,0,63,0,0,1,0,1,0
118,18 Oct 2025,,vue1zih02z58m1ihnz9pod90,Francisco José Hernández Maeso,Villarreal CF,Real Betis Balompié,S. Amrabat,0,0,0,0,2,1,0,0,64,0,0,0,0,0,1
118,18 Oct 2025,,vue1zih02z58m1ihnz9pod90,Francisco José Hernández Maeso,Villarreal CF,Real Betis Balompié,Marc Roca,0,0,0,0,1,1,0,0,29,0,0,0,0,0,0
118,18 Oct 2025,,vue1zih02z58m1ihnz9pod90,Francisco José Hernández Maeso,Villarreal CF,Real Betis Balompié,J. Firpo,0,0,2,4,0,1,0,0,40,0,0,1,0,4,0
118,18 Oct 2025,,vue1zih02z58m1ihnz9pod90,Francisco José Hernández Maeso,Villarreal CF,Real Betis Balompié,V. Gómez,0,0,1,0,0,1,0,0,48,0,0,1,1,2,0
118,18 Oct 2025,,vue1zih02z58m1ihnz9pod90,Francisco José Hernández Maeso,Villarreal CF,Real Betis Balompié,Natan,0,0,0,0,1,2,0,0,61,0,0,2,0,0,0
118,18 Oct 2025,,vue1zih02z58m1ihnz9pod90,Francisco José Hernández Maeso,Villarreal CF,Real Betis Balompié,Pau López,0,0,0,0,0,0,0,0,23,0,2,0,0,0,0
118,18 Oct 2025,,vue1zih02z58m1ihnz9pod90,Francisco José Hernández Maeso,Villarreal CF,Real Betis Balompié,Héctor Bellerín,0,0,0,1,2,0,0,0,66,0,0,0,0,1,0
118,18 Oct 2025,,vue1zih02z58m1ihnz9pod90,Francisco José Hernández Maeso,Villarreal CF,Real Betis Balompié,A. Ezzalzouli,0,2,1,1,1,4,0,0,29,0,0,3,0,2,0
118,18 Oct 2025,,vue1zih02z58m1ihnz9pod90,Francisco José Hernández Maeso,Villarreal CF,Real Betis Balompié,Antony,0,2,1,8,0,2,2,0,79,0,0,5,2,0,0
118,18 Oct 2025,,vue1zih02z58m1ihnz9pod90,Francisco José Hernández Maeso,Villarreal CF,Real Betis Balompié,G. Lo Celso,0,0,0,1,0,0,0,0,29,0,0,1,0,0,0
118,18 Oct 2025,,vue1zih02z58m1ihnz9pod90,Francisco José Hernández Maeso,Villarreal CF,Real Betis Balompié,Aitor Ruibal,0,0,0,2,0,0,0,0,13,0,0,0,0,1,0
118,18 Oct 2025,,vue1zih02z58m1ihnz9pod90,Francisco José Hernández Maeso,Villarreal CF,Real Betis Balompié,Pablo García,0,0,0,1,0,1,0,0,3,0,0,0,0,1,0
119,17 Oct 2025,,w7ym83i7x7vql3mkid0zn3tg,Mateo Busquets Ferrer,Real Oviedo,Reial Club Deportiu Espanyol de Barcelona,Nacho Vidal,0,1,0,2,0,1,0,0,74,0,0,1,0,2,0
119,17 Oct 2025,,w7ym83i7x7vql3mkid0zn3tg,Mateo Busquets Ferrer,Real Oviedo,Reial Club Deportiu Espanyol de Barcelona,L. Dendoncker,0,0,0,0,1,0,0,0,47,0,0,0,0,1,0
119,17 Oct 2025,,w7ym83i7x7vql3mkid0zn3tg,Mateo Busquets Ferrer,Real Oviedo,Reial Club Deportiu Espanyol de Barcelona,L. Ilić,0,0,0,0,0,0,0,0,23,0,0,1,1,1,0
119,17 Oct 2025,,w7ym83i7x7vql3mkid0zn3tg,Mateo Busquets Ferrer,Real Oviedo,Reial Club Deportiu Espanyol de Barcelona,S. Rondón,0,0,0,0,0,0,0,0,10,0,0,1,0,0,0
119,17 Oct 2025,,w7ym83i7x7vql3mkid0zn3tg,Mateo Busquets Ferrer,Real Oviedo,Reial Club Deportiu Espanyol de Barcelona,S. Colombatto,0,0,0,1,1,2,0,0,37,0,0,1,0,1,1
119,17 Oct 2025,,w7ym83i7x7vql3mkid0zn3tg,Mateo Busquets Ferrer,Real Oviedo,Reial Club Deportiu Espanyol de Barcelona,H. Hassan,0,0,0,4,0,0,0,0,22,0,0,2,1,1,0
119,17 Oct 2025,,w7ym83i7x7vql3mkid0zn3tg,Mateo Busquets Ferrer,Real Oviedo,Reial Club Deportiu Espanyol de Barcelona,R. Alhassane,0,0,1,5,1,0,0,0,42,0,0,0,0,3,0
119,17 Oct 2025,,w7ym83i7x7vql3mkid0zn3tg,Mateo Busquets Ferrer,Real Oviedo,Reial Club Deportiu Espanyol de Barcelona,Aarón Escandell,0,0,0,0,0,0,0,0,43,0,8,0,0,0,0
119,17 Oct 2025,,w7ym83i7x7vql3mkid0zn3tg,Mateo Busquets Ferrer,Real Oviedo,Reial Club Deportiu Espanyol de Barcelona,David Carmo,0,0,0,0,1,0,0,0,80,0,0,0,0,1,0
119,17 Oct 2025,,w7ym83i7x7vql3mkid0zn3tg,Mateo Busquets Ferrer,Real Oviedo,Reial Club Deportiu Espanyol de Barcelona,E. Bailly,0,1,0,0,1,1,0,0,58,0,0,1,0,0,0
119,17 Oct 2025,,w7ym83i7x7vql3mkid0zn3tg,Mateo Busquets Ferrer,Real Oviedo,Reial Club Deportiu Espanyol de Barcelona,I. Chaira,0,1,0,1,1,0,0,0,30,0,0,2,0,0,0
119,17 Oct 2025,,w7ym83i7x7vql3mkid0zn3tg,Mateo Busquets Ferrer,Real Oviedo,Reial Club Deportiu Espanyol de Barcelona,Alberto Reina,0,0,0,5,1,0,0,0,27,0,0,1,0,2,1
119,17 Oct 2025,,w7ym83i7x7vql3mkid0zn3tg,Mateo Busquets Ferrer,Real Oviedo,Reial Club Deportiu Espanyol de Barcelona,F. Viñas,0,0,0,0,2,0,0,0,8,0,0,0,0,0,0
119,17 Oct 2025,,w7ym83i7x7vql3mkid0zn3tg,Mateo Busquets Ferrer,Real Oviedo,Reial Club Deportiu Espanyol de Barcelona,J. Brekalo,0,0,1,2,0,2,0,0,13,0,0,1,1,0,0
119,17 Oct 2025,,w7ym83i7x7vql3mkid0zn3tg,Mateo Busquets Ferrer,Real Oviedo,Reial Club Deportiu Espanyol de Barcelona,O. Ejaria,0,0,0,0,0,0,0,0,11,0,0,1,1,1,0
119,17 Oct 2025,,w7ym83i7x7vql3mkid0zn3tg,Mateo Busquets Ferrer,Real Oviedo,Reial Club Deportiu Espanyol de Barcelona,Álex Forés,0,1,1,0,0,0,0,0,3,0,0,1,0,0,0
119,17 Oct 2025,,w7ym83i7x7vql3mkid0zn3tg,Mateo Busquets Ferrer,Real Oviedo,Reial Club Deportiu Espanyol de Barcelona,Roberto Fernández,0,1,1,1,0,2,0,0,18,0,0,4,2,0,0
119,17 Oct 2025,,w7ym83i7x7vql3mkid0zn3tg,Mateo Busquets Ferrer,Real Oviedo,Reial Club Deportiu Espanyol de Barcelona,C. Riedel,0,0,0,1,0,2,0,1,34,0,0,0,0,3,0
119,17 Oct 2025,,w7ym83i7x7vql3mkid0zn3tg,Mateo Busquets Ferrer,Real Oviedo,Reial Club Deportiu Espanyol de Barcelona,M. Dmitrović,0,0,0,0,0,0,0,0,24,0,4,0,0,1,0
119,17 Oct 2025,,w7ym83i7x7vql3mkid0zn3tg,Mateo Busquets Ferrer,Real Oviedo,Reial Club Deportiu Espanyol de Barcelona,Carlos Romero,0,0,1,4,2,0,0,0,21,0,0,2,1,1,0
119,17 Oct 2025,,w7ym83i7x7vql3mkid0zn3tg,Mateo Busquets Ferrer,Real Oviedo,Reial Club Deportiu Espanyol de Barcelona,T. Dolan,0,1,0,5,0,0,0,0,13,0,0,1,0,0,0
119,17 Oct 2025,,w7ym83i7x7vql3mkid0zn3tg,Mateo Busquets Ferrer,Real Oviedo,Reial Club Deportiu Espanyol de Barcelona,Pol Lozano,0,0,0,1,0,1,0,0,47,0,0,0,0,0,0
119,17 Oct 2025,,w7ym83i7x7vql3mkid0zn3tg,Mateo Busquets Ferrer,Real Oviedo,Reial Club Deportiu Espanyol de Barcelona,Rubén Sánchez,0,0,1,6,0,0,0,0,26,0,0,0,0,0,0
119,17 Oct 2025,,w7ym83i7x7vql3mkid0zn3tg,Mateo Busquets Ferrer,Real Oviedo,Reial Club Deportiu Espanyol de Barcelona,L. Cabrera,0,0,0,1,1,0,0,0,41,0,0,0,0,0,0
119,17 Oct 2025,,w7ym83i7x7vql3mkid0zn3tg,Mateo Busquets Ferrer,Real Oviedo,Reial Club Deportiu Espanyol de Barcelona,Pere Milla,0,0,1,3,1,1,1,0,22,0,0,4,2,2,1
119,17 Oct 2025,,w7ym83i7x7vql3mkid0zn3tg,Mateo Busquets Ferrer,Real Oviedo,Reial Club Deportiu Espanyol de Barcelona,Edu Expósito,0,1,0,8,0,1,0,0,38,0,0,2,0,1,0
119,17 Oct 2025,,w7ym83i7x7vql3mkid0zn3tg,Mateo Busquets Ferrer,Real Oviedo,Reial Club Deportiu Espanyol de Barcelona,Kike García,0,1,1,2,1,1,1,1,16,0,0,5,4,1,0
119,17 Oct 2025,,w7ym83i7x7vql3mkid0zn3tg,Mateo Busquets Ferrer,Real Oviedo,Reial Club Deportiu Espanyol de Barcelona,Antoniu Roca,0,0,0,0,1,1,0,0,6,0,0,0,0,2,0
119,17 Oct 2025,,w7ym83i7x7vql3mkid0zn3tg,Mateo Busquets Ferrer,Real Oviedo,Reial Club Deportiu Espanyol de Barcelona,C. Pickel,0,0,0,0,0,0,0,0,5,0,0,1,1,0,0
119,17 Oct 2025,,w7ym83i7x7vql3mkid0zn3tg,Mateo Busquets Ferrer,Real Oviedo,Reial Club Deportiu Espanyol de Barcelona,O. El Hilali,1,0,0,1,1,0,0,0,6,0,0,0,0,0,0
119,17 Oct 2025,,w7ym83i7x7vql3mkid0zn3tg,Mateo Busquets Ferrer,Real Oviedo,Reial Club Deportiu Espanyol de Barcelona,Urko González de Zárate,0,0,0,0,1,0,0,0,3,0,0,0,0,0,0
119,17 Oct 2025,,w7ym83i7x7vql3mkid0zn3tg,Mateo Busquets Ferrer,Real Oviedo,Reial Club Deportiu Espanyol de Barcelona,José Salinas,0,0,0,0,0,0,0,0,1,0,0,0,0,0,0
35,16 Aug 2025,,2d4xobwd1t1rd2kxlcjmqcyc,José Luis Munuera Montero,Real Club Deportivo Mallorca,FC Barcelona,Sergi Darder,0,0,0,3,0,1,0,0,17,0,0,0,0,0,0
35,16 Aug 2025,,2d4xobwd1t1rd2kxlcjmqcyc,José Luis Munuera Montero,Real Club Deportivo Mallorca,FC Barcelona,Manu Morlanes,0,0,0,0,1,1,0,0,15,1,0,0,0,0,2
35,16 Aug 2025,,2d4xobwd1t1rd2kxlcjmqcyc,José Luis Munuera Montero,Real Club Deportivo Mallorca,FC Barcelona,Antonio Raíllo,0,0,0,1,0,0,0,0,30,0,0,1,0,1,0
35,16 Aug 2025,,2d4xobwd1t1rd2kxlcjmqcyc,José Luis Munuera Montero,Real Club Deportivo Mallorca,FC Barcelona,J. Mojica,0,0,2,2,1,1,0,1,23,0,0,0,0,3,0
35,16 Aug 2025,,2d4xobwd1t1rd2kxlcjmqcyc,José Luis Munuera Montero,Real Club Deportivo Mallorca,FC Barcelona,Pablo Torre,0,0,1,2,2,1,0,0,11,0,0,0,0,0,1
35,16 Aug 2025,,2d4xobwd1t1rd2kxlcjmqcyc,José Luis Munuera Montero,Real Club Deportivo Mallorca,FC Barcelona,Antonio Sánchez,0,0,0,0,0,1,0,0,21,0,0,1,0,3,0
35,16 Aug 2025,,2d4xobwd1t1rd2kxlcjmqcyc,José Luis Munuera Montero,Real Club Deportivo Mallorca,FC Barcelona,M. Valjent,0,0,0,0,1,1,0,0,22,0,0,0,0,1,0
35,16 Aug 2025,,2d4xobwd1t1rd2kxlcjmqcyc,José Luis Munuera Montero,Real Club Deportivo Mallorca,FC Barcelona,Mateu Morey,0,0,0,0,1,1,0,0,13,0,0,0,0,0,1
35,16 Aug 2025,,2d4xobwd1t1rd2kxlcjmqcyc,José Luis Munuera Montero,Real Club Deportivo Mallorca,FC Barcelona,Leo Román,0,0,0,0,0,0,0,0,35,0,5,0,0,0,0
35,16 Aug 2025,,2d4xobwd1t1rd2kxlcjmqcyc,José Luis Munuera Montero,Real Club Deportivo Mallorca,FC Barcelona,V. Muriqi,0,0,0,0,2,2,0,1,4,1,0,1,1,0,0
35,16 Aug 2025,,2d4xobwd1t1rd2kxlcjmqcyc,José Luis Munuera Montero,Real Club Deportivo Mallorca,FC Barcelona,T. Asano,0,0,0,0,0,0,0,0,5,0,0,0,0,0,0
35,16 Aug 2025,,2d4xobwd1t1rd2kxlcjmqcyc,José Luis Munuera Montero,Real Club Deportivo Mallorca,FC Barcelona,Mateo Joseph,0,0,0,0,0,4,0,0,7,0,0,0,0,0,0
35,16 Aug 2025,,2d4xobwd1t1rd2kxlcjmqcyc,José Luis Munuera Montero,Real Club Deportivo Mallorca,FC Barcelona,Omar Mascarell,0,0,0,0,0,0,0,0,8,0,0,0,0,2,0
35,16 Aug 2025,,2d4xobwd1t1rd2kxlcjmqcyc,José Luis Munuera Montero,Real Club Deportivo Mallorca,FC Barcelona,Dani Rodríguez,0,1,0,1,0,3,0,0,11,0,0,1,0,2,0
35,16 Aug 2025,,2d4xobwd1t1rd2kxlcjmqcyc,José Luis Munuera Montero,Real Club Deportivo Mallorca,FC Barcelona,Miquel Salas,0,0,0,0,0,1,0,0,3,0,0,0,0,0,0
35,16 Aug 2025,,2d4xobwd1t1rd2kxlcjmqcyc,José Luis Munuera Montero,Real Club Deportivo Mallorca,FC Barcelona,Antonio Latorre Grueso,0,0,0,0,0,0,0,0,0,0,0,0,0,0,0
35,16 Aug 2025,,2d4xobwd1t1rd2kxlcjmqcyc,José Luis Munuera Montero,Real Club Deportivo Mallorca,FC Barcelona,Eric García,0,0,0,0,1,1,0,0,56,0,0,1,1,4,0
35,16 Aug 2025,,2d4xobwd1t1rd2kxlcjmqcyc,José Luis Munuera Montero,Real Club Deportivo Mallorca,FC Barcelona,Ferran Torres,0,2,1,0,0,0,1,0,12,0,0,3,1,0,0
35,16 Aug 2025,,2d4xobwd1t1rd2kxlcjmqcyc,José Luis Munuera Montero,Real Club Deportivo Mallorca,FC Barcelona,R. Araujo,0,0,0,0,4,0,0,0,47,0,0,1,0,0,0
35,16 Aug 2025,,2d4xobwd1t1rd2kxlcjmqcyc,José Luis Munuera Montero,Real Club Deportivo Mallorca,FC Barcelona,Pau Cubarsí,0,0,0,0,1,0,0,0,52,0,0,0,0,0,0
35,16 Aug 2025,,2d4xobwd1t1rd2kxlcjmqcyc,José Luis Munuera Montero,Real Club Deportivo Mallorca,FC Barcelona,Alejandro Balde,0,0,0,1,0,1,0,1,38,0,0,0,0,2,0
35,16 Aug 2025,,2d4xobwd1t1rd2kxlcjmqcyc,José Luis Munuera Montero,Real Club Deportivo Mallorca,FC Barcelona,Raphinha,0,0,0,1,1,1,1,0,31,0,0,3,1,0,1
35,16 Aug 2025,,2d4xobwd1t1rd2kxlcjmqcyc,José Luis Munuera Montero,Real Club Deportivo Mallorca,FC Barcelona,Joan García,0,0,0,0,0,1,0,0,16,0,1,0,0,0,0
35,16 Aug 2025,,2d4xobwd1t1rd2kxlcjmqcyc,José Luis Munuera Montero,Real Club Deportivo Mallorca,FC Barcelona,F. de Jong,0,0,0,0,2,1,0,0,79,0,0,0,0,1,0
35,16 Aug 2025,,2d4xobwd1t1rd2kxlcjmqcyc,José Luis Munuera Montero,Real Club Deportivo Mallorca,FC Barcelona,Lamine Yamal,1,2,2,4,3,1,1,2,41,0,0,9,3,2,0
35,16 Aug 2025,,2d4xobwd1t1rd2kxlcjmqcyc,José Luis Munuera Montero,Real Club Deportivo Mallorca,FC Barcelona,Pedri,0,0,1,0,0,1,0,0,88,0,0,2,1,2,0
35,16 Aug 2025,,2d4xobwd1t1rd2kxlcjmqcyc,José Luis Munuera Montero,Real Club Deportivo Mallorca,FC Barcelona,Fermín López,0,0,0,0,3,0,0,0,25,0,0,0,0,2,0
35,16 Aug 2025,,2d4xobwd1t1rd2kxlcjmqcyc,José Luis Munuera Montero,Real Club Deportivo Mallorca,FC Barcelona,Dani Olmo,0,3,1,0,1,1,0,0,24,0,0,5,1,1,0
35,16 Aug 2025,,2d4xobwd1t1rd2kxlcjmqcyc,José Luis Munuera Montero,Real Club Deportivo Mallorca,FC Barcelona,Gavi,1,0,0,0,1,0,0,0,20,0,0,0,0,0,0
35,16 Aug 2025,,2d4xobwd1t1rd2kxlcjmqcyc,José Luis Munuera Montero,Real Club Deportivo Mallorca,FC Barcelona,Jofre Torrents,0,0,1,3,0,0,0,0,14,0,0,0,0,1,0
35,16 Aug 2025,,2d4xobwd1t1rd2kxlcjmqcyc,José Luis Munuera Montero,Real Club Deportivo Mallorca,FC Barcelona,M. Rashford,0,0,0,0,0,0,0,0,11,0,0,0,0,0,0
35,16 Aug 2025,,2d4xobwd1t1rd2kxlcjmqcyc,José Luis Munuera Montero,Real Club Deportivo Mallorca,FC Barcelona,J. Koundé,0,0,0,0,0,0,0,0,16,0,0,0,0,0,0
36,18 Aug 2025,,2t5f41usmgztitxkybrycidw,Víctor García Verdura,Elche CF,Real Betis Balompié,Á. Rodríguez,0,0,0,1,0,1,0,0,15,0,0,1,0,0,0
36,18 Aug 2025,,2t5f41usmgztitxkybrycidw,Víctor García Verdura,Elche CF,Real Betis Balompié,M. Dituro,0,0,0,0,0,0,0,0,61,0,3,0,0,0,0
36,18 Aug 2025,,2t5f41usmgztitxkybrycidw,Víctor García Verdura,Elche CF,Real Betis Balompié,Rodrigo Mendoza,0,0,1,2,2,2,0,1,44,0,0,1,0,0,0
36,18 Aug 2025,,2t5f41usmgztitxkybrycidw,Víctor García Verdura,Elche CF,Real Betis Balompié,Pedro Bigas,0,0,0,3,1,2,0,0,91,0,0,0,0,1,0
36,18 Aug 2025,,2t5f41usmgztitxkybrycidw,Víctor García Verdura,Elche CF,Real Betis Balompié,Aleix Febas,0,0,0,0,1,1,0,0,74,0,0,0,0,1,0
36,18 Aug 2025,,2t5f41usmgztitxkybrycidw,Víctor García Verdura,Elche CF,Real Betis Balompié,Marc Aguado,0,0,0,0,0,0,0,0,79,0,0,0,0,0,0
36,18 Aug 2025,,2t5f41usmgztitxkybrycidw,Víctor García Verdura,Elche CF,Real Betis Balompié,Álvaro Núñez,0,0,0,4,0,2,0,0,59,0,0,0,0,1,0
36,18 Aug 2025,,2t5f41usmgztitxkybrycidw,Víctor García Verdura,Elche CF,Real Betis Balompié,D. Affengruber,0,0,0,0,4,1,0,0,90,0,0,0,0,2,0
36,18 Aug 2025,,2t5f41usmgztitxkybrycidw,Víctor García Verdura,Elche CF,Real Betis Balompié,L. Pétrot,0,0,0,4,0,0,0,2,44,0,0,1,0,1,0
36,18 Aug 2025,,2t5f41usmgztitxkybrycidw,Víctor García Verdura,Elche CF,Real Betis Balompié,A. Houary,0,1,0,0,2,0,0,0,40,0,0,1,0,1,0
36,18 Aug 2025,,2t5f41usmgztitxkybrycidw,Víctor García Verdura,Elche CF,Real Betis Balompié,Germán Valera,0,0,0,3,0,1,1,1,33,0,0,2,2,2,0
36,18 Aug 2025,,2t5f41usmgztitxkybrycidw,Víctor García Verdura,Elche CF,Real Betis Balompié,Martim Neto,1,0,0,0,1,0,0,0,20,0,0,0,0,0,0
36,18 Aug 2025,,2t5f41usmgztitxkybrycidw,Víctor García Verdura,Elche CF,Real Betis Balompié,Jairo Izquierdo,0,0,0,3,0,0,0,0,13,0,0,0,0,0,0
36,18 Aug 2025,,2t5f41usmgztitxkybrycidw,Víctor García Verdura,Elche CF,Real Betis Balompié,M. El Ghezouani,0,0,0,0,0,0,0,0,6,0,0,0,0,2,0
36,18 Aug 2025,,2t5f41usmgztitxkybrycidw,Víctor García Verdura,Elche CF,Real Betis Balompié,Rafa Mir,0,0,0,0,2,0,0,0,6,0,0,0,0,0,0
36,18 Aug 2025,,2t5f41usmgztitxkybrycidw,Víctor García Verdura,Elche CF,Real Betis Balompié,John Donald,0,0,0,0,1,0,0,0,8,0,0,0,0,2,0
36,18 Aug 2025,,2t5f41usmgztitxkybrycidw,Víctor García Verdura,Elche CF,Real Betis Balompié,Héctor Bellerín,0,0,0,1,1,0,0,0,37,0,0,1,1,2,0
36,18 Aug 2025,,2t5f41usmgztitxkybrycidw,Víctor García Verdura,Elche CF,Real Betis Balompié,Aitor Ruibal,0,0,1,1,1,3,1,0,17,0,0,3,2,2,0
36,18 Aug 2025,,2t5f41usmgztitxkybrycidw,Víctor García Verdura,Elche CF,Real Betis Balompié,Pablo Fornals,0,0,0,1,1,1,0,0,46,0,0,0,0,0,0
36,18 Aug 2025,,2t5f41usmgztitxkybrycidw,Víctor García Verdura,Elche CF,Real Betis Balompié,Rodrigo Riquelme,1,1,1,1,2,2,0,0,16,0,0,1,0,0,0
36,18 Aug 2025,,2t5f41usmgztitxkybrycidw,Víctor García Verdura,Elche CF,Real Betis Balompié,Natan,0,0,0,0,2,0,0,0,28,0,0,1,0,0,1
36,18 Aug 2025,,2t5f41usmgztitxkybrycidw,Víctor García Verdura,Elche CF,Real Betis Balompié,Sergi Altimira,0,0,0,0,1,1,0,0,41,0,0,0,0,5,0
36,18 Aug 2025,,2t5f41usmgztitxkybrycidw,Víctor García Verdura,Elche CF,Real Betis Balompié,Marc Bartra,0,0,0,0,0,1,0,0,29,0,0,0,0,3,0
36,18 Aug 2025,,2t5f41usmgztitxkybrycidw,Víctor García Verdura,Elche CF,Real Betis Balompié,G. Lo Celso,0,1,1,4,1,1,0,0,41,0,0,2,1,3,0
36,18 Aug 2025,,2t5f41usmgztitxkybrycidw,Víctor García Verdura,Elche CF,Real Betis Balompié,C. Hernández,0,1,0,0,2,3,0,0,21,0,0,3,0,1,0
36,18 Aug 2025,,2t5f41usmgztitxkybrycidw,Víctor García Verdura,Elche CF,Real Betis Balompié,R. Rodríguez,0,0,0,0,0,0,0,0,19,0,0,0,0,0,0
36,18 Aug 2025,,2t5f41usmgztitxkybrycidw,Víctor García Verdura,Elche CF,Real Betis Balompié,Pau López,0,0,0,0,0,0,0,0,18,0,1,0,0,0,0
36,18 Aug 2025,,2t5f41usmgztitxkybrycidw,Víctor García Verdura,Elche CF,Real Betis Balompié,C. Ávila,0,1,0,0,0,1,0,0,7,0,0,1,0,0,0
36,18 Aug 2025,,2t5f41usmgztitxkybrycidw,Víctor García Verdura,Elche CF,Real Betis Balompié,Pablo García,0,0,0,0,0,1,0,0,2,0,0,0,0,2,0
36,18 Aug 2025,,2t5f41usmgztitxkybrycidw,Víctor García Verdura,Elche CF,Real Betis Balompié,C. Bakambu,0,0,0,1,2,0,0,0,1,0,0,0,0,0,0
37,25 Aug 2025,,3677z72kaa3hckjtmi5qnb4k,Isidro Díaz de Mera Escuderos,Sevilla FC,Getafe CF,R. Vargas,0,0,0,4,0,1,0,1,16,0,0,0,0,1,0
37,25 Aug 2025,,3677z72kaa3hckjtmi5qnb4k,Isidro Díaz de Mera Escuderos,Sevilla FC,Getafe CF,L. Agoumé,0,0,0,1,1,0,0,0,51,0,0,0,0,5,0
37,25 Aug 2025,,3677z72kaa3hckjtmi5qnb4k,Isidro Díaz de Mera Escuderos,Sevilla FC,Getafe CF,Juanlu Sánchez,0,0,1,4,1,3,0,0,35,0,0,1,0,4,0
37,25 Aug 2025,,3677z72kaa3hckjtmi5qnb4k,Isidro Díaz de Mera Escuderos,Sevilla FC,Getafe CF,Andrés Castrín,0,0,0,0,0,4,0,0,88,0,0,3,1,2,0
37,25 Aug 2025,,3677z72kaa3hckjtmi5qnb4k,Isidro Díaz de Mera Escuderos,Sevilla FC,Getafe CF,Kike Salas,0,0,0,2,0,3,0,0,100,0,0,0,0,4,0
37,25 Aug 2025,,3677z72kaa3hckjtmi5qnb4k,Isidro Díaz de Mera Escuderos,Sevilla FC,Getafe CF,N. Gudelj,0,0,0,0,1,2,0,0,66,0,0,1,1,1,0
37,25 Aug 2025,,3677z72kaa3hckjtmi5qnb4k,Isidro Díaz de Mera Escuderos,Sevilla FC,Getafe CF,C. Ejuke,0,1,2,1,1,1,0,0,28,0,0,1,0,2,0
37,25 Aug 2025,,3677z72kaa3hckjtmi5qnb4k,Isidro Díaz de Mera Escuderos,Sevilla FC,Getafe CF,A. Adams,0,0,1,3,2,0,0,3,10,0,0,3,1,1,0
37,25 Aug 2025,,3677z72kaa3hckjtmi5qnb4k,Isidro Díaz de Mera Escuderos,Sevilla FC,Getafe CF,José Ángel Carmona,0,0,0,1,2,6,0,0,46,0,0,0,0,2,1
37,25 Aug 2025,,3677z72kaa3hckjtmi5qnb4k,Isidro Díaz de Mera Escuderos,Sevilla FC,Getafe CF,D. Lukébakio,0,0,1,7,1,2,0,0,37,0,0,0,0,0,0
37,25 Aug 2025,,3677z72kaa3hckjtmi5qnb4k,Isidro Díaz de Mera Escuderos,Sevilla FC,Getafe CF,Ø. Nyland,0,0,0,0,0,0,0,0,29,0,4,0,0,0,0
37,25 Aug 2025,,3677z72kaa3hckjtmi5qnb4k,Isidro Díaz de Mera Escuderos,Sevilla FC,Getafe CF,Peque Fernández,0,0,0,3,1,1,0,0,14,0,0,1,0,0,1
37,25 Aug 2025,,3677z72kaa3hckjtmi5qnb4k,Isidro Díaz de Mera Escuderos,Sevilla FC,Getafe CF,Isaac Romero,0,0,0,2,0,0,0,0,7,0,0,2,0,1,0
37,25 Aug 2025,,3677z72kaa3hckjtmi5qnb4k,Isidro Díaz de Mera Escuderos,Sevilla FC,Getafe CF,Adrià Pedrosa,0,0,0,3,0,1,0,0,6,0,0,0,0,1,0
37,25 Aug 2025,,3677z72kaa3hckjtmi5qnb4k,Isidro Díaz de Mera Escuderos,Sevilla FC,Getafe CF,D. Dakonam,0,0,0,0,0,0,0,0,23,0,0,0,0,0,0
37,25 Aug 2025,,3677z72kaa3hckjtmi5qnb4k,Isidro Díaz de Mera Escuderos,Sevilla FC,Getafe CF,Juan Iglesias,0,0,1,1,2,3,0,0,15,0,0,1,1,3,0
37,25 Aug 2025,,3677z72kaa3hckjtmi5qnb4k,Isidro Díaz de Mera Escuderos,Sevilla FC,Getafe CF,Mario Martín,0,1,0,0,7,0,0,0,16,0,0,1,0,2,1
37,25 Aug 2025,,3677z72kaa3hckjtmi5qnb4k,Isidro Díaz de Mera Escuderos,Sevilla FC,Getafe CF,Luis Milla,2,0,0,1,0,1,0,0,36,0,0,0,0,3,0
37,25 Aug 2025,,3677z72kaa3hckjtmi5qnb4k,Isidro Díaz de Mera Escuderos,Sevilla FC,Getafe CF,Diego Rico,0,0,0,0,1,1,0,0,21,0,0,1,1,3,0
37,25 Aug 2025,,3677z72kaa3hckjtmi5qnb4k,Isidro Díaz de Mera Escuderos,Sevilla FC,Getafe CF,M. Arambarri,0,0,0,0,2,2,0,0,18,0,0,1,1,2,1
37,25 Aug 2025,,3677z72kaa3hckjtmi5qnb4k,Isidro Díaz de Mera Escuderos,Sevilla FC,Getafe CF,Davinchi,0,0,0,0,4,0,0,0,24,0,0,0,0,1,0
37,25 Aug 2025,,3677z72kaa3hckjtmi5qnb4k,Isidro Díaz de Mera Escuderos,Sevilla FC,Getafe CF,C. Uche,0,1,1,0,5,1,0,0,11,0,0,2,0,1,0
37,25 Aug 2025,,3677z72kaa3hckjtmi5qnb4k,Isidro Díaz de Mera Escuderos,Sevilla FC,Getafe CF,Adrián Liso,0,0,1,4,3,1,2,1,15,0,0,3,3,1,0
37,25 Aug 2025,,3677z72kaa3hckjtmi5qnb4k,Isidro Díaz de Mera Escuderos,Sevilla FC,Getafe CF,David Soria,0,0,0,0,0,0,0,0,30,0,3,0,0,0,0
37,25 Aug 2025,,3677z72kaa3hckjtmi5qnb4k,Isidro Díaz de Mera Escuderos,Sevilla FC,Getafe CF,Domingos Duarte,0,0,0,0,0,1,0,0,12,0,0,0,0,0,0
37,25 Aug 2025,,3677z72kaa3hckjtmi5qnb4k,Isidro Díaz de Mera Escuderos,Sevilla FC,Getafe CF,I. Bekhoucha,0,0,0,0,0,0,0,0,0,0,0,0,0,0,0
38,24 Aug 2025,,3j6gjjg197ssn0pvnyq37itw,Guillermo Cuadra Fernández,Villarreal CF,Girona FC,N. Pépé,0,2,0,0,0,2,1,0,30,0,0,3,1,2,0
38,24 Aug 2025,,3j6gjjg197ssn0pvnyq37itw,Guillermo Cuadra Fernández,Villarreal CF,Girona FC,Luíz Júnior,0,0,0,0,0,0,0,0,16,0,2,0,0,0,0
38,24 Aug 2025,,3j6gjjg197ssn0pvnyq37itw,Guillermo Cuadra Fernández,Villarreal CF,Girona FC,S. Mouriño,1,1,0,0,3,0,0,0,65,0,0,1,0,10,1
38,24 Aug 2025,,3j6gjjg197ssn0pvnyq37itw,Guillermo Cuadra Fernández,Villarreal CF,Girona FC,Santi Comesaña,0,0,0,0,0,0,0,0,26,0,0,1,0,1,0
38,24 Aug 2025,,3j6gjjg197ssn0pvnyq37itw,Guillermo Cuadra Fernández,Villarreal CF,Girona FC,T. Buchanan,0,0,1,0,0,2,3,2,26,0,0,4,3,0,0
38,24 Aug 2025,,3j6gjjg197ssn0pvnyq37itw,Guillermo Cuadra Fernández,Villarreal CF,Girona FC,J. Foyth,0,0,0,0,0,0,0,0,29,0,0,0,0,2,0
38,24 Aug 2025,,3j6gjjg197ssn0pvnyq37itw,Guillermo Cuadra Fernández,Villarreal CF,Girona FC,P. Gueye,0,1,0,0,3,2,0,0,44,0,0,2,0,1,0
38,24 Aug 2025,,3j6gjjg197ssn0pvnyq37itw,Guillermo Cuadra Fernández,Villarreal CF,Girona FC,Rafa Marín,0,0,0,0,0,0,1,0,67,0,0,1,1,0,0
38,24 Aug 2025,,3j6gjjg197ssn0pvnyq37itw,Guillermo Cuadra Fernández,Villarreal CF,Girona FC,Sergi Cardona,1,0,2,6,1,0,0,0,39,0,0,0,0,1,0
38,24 Aug 2025,,3j6gjjg197ssn0pvnyq37itw,Guillermo Cuadra Fernández,Villarreal CF,Girona FC,E. Eyong,1,1,3,0,0,1,0,1,10,0,0,4,2,1,0
38,24 Aug 2025,,3j6gjjg197ssn0pvnyq37itw,Guillermo Cuadra Fernández,Villarreal CF,Girona FC,Yeremy Pino,1,0,2,5,1,0,0,0,30,0,0,0,0,2,0
38,24 Aug 2025,,3j6gjjg197ssn0pvnyq37itw,Guillermo Cuadra Fernández,Villarreal CF,Girona FC,Renato Veiga,0,0,0,0,0,0,0,0,39,0,0,0,0,0,0
38,24 Aug 2025,,3j6gjjg197ssn0pvnyq37itw,Guillermo Cuadra Fernández,Villarreal CF,Girona FC,T. Partey,0,0,0,0,0,0,0,0,38,0,0,2,0,1,0
38,24 Aug 2025,,3j6gjjg197ssn0pvnyq37itw,Guillermo Cuadra Fernández,Villarreal CF,Girona FC,I. Akhomach,0,0,0,3,0,1,0,0,15,0,0,0,0,0,0
38,24 Aug 2025,,3j6gjjg197ssn0pvnyq37itw,Guillermo Cuadra Fernández,Villarreal CF,Girona FC,Dani Parejo,0,0,0,0,0,0,0,0,34,0,0,0,0,1,0
38,24 Aug 2025,,3j6gjjg197ssn0pvnyq37itw,Guillermo Cuadra Fernández,Villarreal CF,Girona FC,Alberto Moleiro,0,0,0,0,0,1,0,0,9,0,0,1,0,0,0
38,24 Aug 2025,,3j6gjjg197ssn0pvnyq37itw,Guillermo Cuadra Fernández,Villarreal CF,Girona FC,L. Krejčí,0,0,0,0,1,0,0,0,62,0,0,0,0,2,1
38,24 Aug 2025,,3j6gjjg197ssn0pvnyq37itw,Guillermo Cuadra Fernández,Villarreal CF,Girona FC,Portu,0,0,0,0,0,0,0,0,8,0,0,0,0,0,0
38,24 Aug 2025,,3j6gjjg197ssn0pvnyq37itw,Guillermo Cuadra Fernández,Villarreal CF,Girona FC,Joel Roca,0,1,1,0,1,3,0,0,31,0,0,2,0,1,0
38,24 Aug 2025,,3j6gjjg197ssn0pvnyq37itw,Guillermo Cuadra Fernández,Villarreal CF,Girona FC,V. Tsygankov,0,0,0,5,0,2,0,0,20,0,0,0,0,1,0
38,24 Aug 2025,,3j6gjjg197ssn0pvnyq37itw,Guillermo Cuadra Fernández,Villarreal CF,Girona FC,Vitor Reis,0,0,0,0,2,0,0,0,63,0,0,0,0,4,1
38,24 Aug 2025,,3j6gjjg197ssn0pvnyq37itw,Guillermo Cuadra Fernández,Villarreal CF,Girona FC,D. Blind,0,0,0,3,2,0,0,0,67,0,0,0,0,2,0
38,24 Aug 2025,,3j6gjjg197ssn0pvnyq37itw,Guillermo Cuadra Fernández,Villarreal CF,Girona FC,V. Krapyvtsov,0,0,0,0,0,0,0,0,16,0,2,0,0,0,0
38,24 Aug 2025,,3j6gjjg197ssn0pvnyq37itw,Guillermo Cuadra Fernández,Villarreal CF,Girona FC,Y. Herrera,0,0,0,0,0,0,0,0,25,0,0,0,0,2,0
38,24 Aug 2025,,3j6gjjg197ssn0pvnyq37itw,Guillermo Cuadra Fernández,Villarreal CF,Girona FC,J. Solís,0,0,0,0,2,1,0,0,48,0,0,0,0,0,0
38,24 Aug 2025,,3j6gjjg197ssn0pvnyq37itw,Guillermo Cuadra Fernández,Villarreal CF,Girona FC,Hugo Rincón,0,0,0,1,0,1,0,0,28,0,0,0,0,0,0
38,24 Aug 2025,,3j6gjjg197ssn0pvnyq37itw,Guillermo Cuadra Fernández,Villarreal CF,Girona FC,D. Camara,0,1,0,0,0,0,0,0,5,0,0,1,0,0,0
38,24 Aug 2025,,3j6gjjg197ssn0pvnyq37itw,Guillermo Cuadra Fernández,Villarreal CF,Girona FC,David López,0,0,0,0,0,0,0,0,38,0,0,0,0,1,0
38,24 Aug 2025,,3j6gjjg197ssn0pvnyq37itw,Guillermo Cuadra Fernández,Villarreal CF,Girona FC,Álex Moreno,0,0,0,1,0,0,0,0,23,0,0,0,0,2,0
38,24 Aug 2025,,3j6gjjg197ssn0pvnyq37itw,Guillermo Cuadra Fernández,Villarreal CF,Girona FC,T. Lemar,0,0,0,0,0,1,0,0,19,0,0,0,0,0,0
38,24 Aug 2025,,3j6gjjg197ssn0pvnyq37itw,Guillermo Cuadra Fernández,Villarreal CF,Girona FC,Iván Martín,0,0,0,0,1,0,0,0,15,0,0,0,0,3,0
38,24 Aug 2025,,3j6gjjg197ssn0pvnyq37itw,Guillermo Cuadra Fernández,Villarreal CF,Girona FC,Y. Asprilla,0,0,0,0,0,0,0,0,2,0,0,2,2,0,0
39,25 Aug 2025,,3wb1lwo6vq5hm78d7jllzd3o,Juan Martínez Munuera,Athletic Club,Rayo Vallecano de Madrid,Alex Berenguer,0,1,0,5,1,2,0,0,20,0,0,1,0,1,0
39,25 Aug 2025,,3wb1lwo6vq5hm78d7jllzd3o,Juan Martínez Munuera,Athletic Club,Rayo Vallecano de Madrid,Yuri,0,0,0,2,0,1,0,0,47,0,0,0,0,3,0
39,25 Aug 2025,,3wb1lwo6vq5hm78d7jllzd3o,Juan Martínez Munuera,Athletic Club,Rayo Vallecano de Madrid,Aitor Paredes,0,0,0,0,0,0,0,0,28,0,0,0,0,1,0
39,25 Aug 2025,,3wb1lwo6vq5hm78d7jllzd3o,Juan Martínez Munuera,Athletic Club,Rayo Vallecano de Madrid,Mikel Jauregizar,0,2,1,2,0,1,0,0,30,0,0,2,0,2,0
39,25 Aug 2025,,3wb1lwo6vq5hm78d7jllzd3o,Juan Martínez Munuera,Athletic Club,Rayo Vallecano de Madrid,Jesús Areso,0,0,0,4,2,0,0,0,34,0,0,0,0,2,0
39,25 Aug 2025,,3wb1lwo6vq5hm78d7jllzd3o,Juan Martínez Munuera,Athletic Club,Rayo Vallecano de Madrid,M. Sannadi,0,1,1,0,1,0,0,0,8,0,0,2,1,0,0
39,25 Aug 2025,,3wb1lwo6vq5hm78d7jllzd3o,Juan Martínez Munuera,Athletic Club,Rayo Vallecano de Madrid,I. Williams,0,0,0,1,2,0,0,0,11,0,0,1,0,0,0
39,25 Aug 2025,,3wb1lwo6vq5hm78d7jllzd3o,Juan Martínez Munuera,Athletic Club,Rayo Vallecano de Madrid,Unai Simón,0,0,0,0,0,1,0,0,28,0,1,0,0,0,0
39,25 Aug 2025,,3wb1lwo6vq5hm78d7jllzd3o,Juan Martínez Munuera,Athletic Club,Rayo Vallecano de Madrid,Nico Williams,0,0,1,2,0,2,0,0,23,0,0,3,2,1,0
39,25 Aug 2025,,3wb1lwo6vq5hm78d7jllzd3o,Juan Martínez Munuera,Athletic Club,Rayo Vallecano de Madrid,Íñigo Ruíz de Galarreta,0,0,0,0,2,3,0,0,29,0,0,0,0,1,0
39,25 Aug 2025,,3wb1lwo6vq5hm78d7jllzd3o,Juan Martínez Munuera,Athletic Club,Rayo Vallecano de Madrid,Dani Vivian,0,0,0,0,1,0,0,0,45,0,0,0,0,2,0
39,25 Aug 2025,,3wb1lwo6vq5hm78d7jllzd3o,Juan Martínez Munuera,Athletic Club,Rayo Vallecano de Madrid,Oihan Sancet,0,0,0,0,1,2,1,0,9,0,0,2,1,1,0
39,25 Aug 2025,,3wb1lwo6vq5hm78d7jllzd3o,Juan Martínez Munuera,Athletic Club,Rayo Vallecano de Madrid,Beñat Prados,0,0,0,0,2,0,0,0,12,0,0,0,0,0,0
39,25 Aug 2025,,3wb1lwo6vq5hm78d7jllzd3o,Juan Martínez Munuera,Athletic Club,Rayo Vallecano de Madrid,Gorka Guruzeta,0,0,0,0,1,0,0,0,6,0,0,0,0,0,0
39,25 Aug 2025,,3wb1lwo6vq5hm78d7jllzd3o,Juan Martínez Munuera,Athletic Club,Rayo Vallecano de Madrid,Unai Gómez,0,0,0,0,0,0,0,0,2,0,0,0,0,0,0
39,25 Aug 2025,,3wb1lwo6vq5hm78d7jllzd3o,Juan Martínez Munuera,Athletic Club,Rayo Vallecano de Madrid,Mikel Vesga,0,0,0,0,0,0,0,0,2,0,0,0,0,0,0
39,25 Aug 2025,,3wb1lwo6vq5hm78d7jllzd3o,Juan Martínez Munuera,Athletic Club,Rayo Vallecano de Madrid,Pep Chavarría,0,0,1,2,1,2,0,0,45,0,0,0,0,1,1
39,25 Aug 2025,,3wb1lwo6vq5hm78d7jllzd3o,Juan Martínez Munuera,Athletic Club,Rayo Vallecano de Madrid,P. Ciss,0,0,0,0,1,1,0,0,67,0,0,0,0,2,0
39,25 Aug 2025,,3wb1lwo6vq5hm78d7jllzd3o,Juan Martínez Munuera,Athletic Club,Rayo Vallecano de Madrid,Álvaro García,0,0,1,4,1,1,0,3,32,0,0,0,0,3,1
39,25 Aug 2025,,3wb1lwo6vq5hm78d7jllzd3o,Juan Martínez Munuera,Athletic Club,Rayo Vallecano de Madrid,Unai López,0,1,0,1,1,0,0,0,47,0,0,1,0,2,1
39,25 Aug 2025,,3wb1lwo6vq5hm78d7jllzd3o,Juan Martínez Munuera,Athletic Club,Rayo Vallecano de Madrid,Pedro Díaz,0,0,0,2,0,0,0,0,19,0,0,1,0,2,0
39,25 Aug 2025,,3wb1lwo6vq5hm78d7jllzd3o,Juan Martínez Munuera,Athletic Club,Rayo Vallecano de Madrid,A. Rațiu,0,0,0,0,2,0,0,1,39,0,0,0,0,1,1
39,25 Aug 2025,,3wb1lwo6vq5hm78d7jllzd3o,Juan Martínez Munuera,Athletic Club,Rayo Vallecano de Madrid,Isi Palazón,0,1,2,7,1,3,0,0,31,0,0,1,0,0,0
39,25 Aug 2025,,3wb1lwo6vq5hm78d7jllzd3o,Juan Martínez Munuera,Athletic Club,Rayo Vallecano de Madrid,F. Lejeune,0,0,0,0,1,0,0,0,65,0,0,1,0,2,0
39,25 Aug 2025,,3wb1lwo6vq5hm78d7jllzd3o,Juan Martínez Munuera,Athletic Club,Rayo Vallecano de Madrid,Luiz Felipe,0,0,0,0,1,0,0,0,59,0,0,0,0,1,0
39,25 Aug 2025,,3wb1lwo6vq5hm78d7jllzd3o,Juan Martínez Munuera,Athletic Club,Rayo Vallecano de Madrid,Jorge de Frutos,0,0,1,0,1,1,0,2,8,0,0,1,1,0,0
39,25 Aug 2025,,3wb1lwo6vq5hm78d7jllzd3o,Juan Martínez Munuera,Athletic Club,Rayo Vallecano de Madrid,A. Batalla,0,0,0,0,0,1,0,0,42,0,3,0,0,1,0
39,25 Aug 2025,,3wb1lwo6vq5hm78d7jllzd3o,Juan Martínez Munuera,Athletic Club,Rayo Vallecano de Madrid,Gerard Gumbau,0,0,0,1,3,1,0,0,12,0,0,0,0,1,0
39,25 Aug 2025,,3wb1lwo6vq5hm78d7jllzd3o,Juan Martínez Munuera,Athletic Club,Rayo Vallecano de Madrid,Fran Pérez,0,0,0,1,0,0,0,0,10,0,0,0,0,0,0
39,25 Aug 2025,,3wb1lwo6vq5hm78d7jllzd3o,Juan Martínez Munuera,Athletic Club,Rayo Vallecano de Madrid,Sergio Camello,0,1,1,0,0,1,0,0,8,0,0,1,0,0,0
39,25 Aug 2025,,3wb1lwo6vq5hm78d7jllzd3o,Juan Martínez Munuera,Athletic Club,Rayo Vallecano de Madrid,Ó. Trejo,0,0,0,0,0,0,0,0,10,0,0,0,0,0,0
39,25 Aug 2025,,3wb1lwo6vq5hm78d7jllzd3o,Juan Martínez Munuera,Athletic Club,Rayo Vallecano de Madrid,Randy Nteka,0,0,0,0,0,0,0,1,4,0,0,0,0,0,0
40,23 Aug 2025,,49e80e647ljijc5bz8tqc2l0,César Soto Grado,Club Atlético de Madrid,Elche CF,Pablo Barrios,0,2,2,3,0,1,0,0,73,0,0,2,0,3,0
40,23 Aug 2025,,49e80e647ljijc5bz8tqc2l0,César Soto Grado,Club Atlético de Madrid,Elche CF,G. Simeone,0,0,1,2,2,1,0,1,28,0,0,1,0,1,0
40,23 Aug 2025,,49e80e647ljijc5bz8tqc2l0,César Soto Grado,Club Atlético de Madrid,Elche CF,Marcos Llorente,0,0,1,3,2,0,0,1,57,0,0,1,0,4,0
40,23 Aug 2025,,49e80e647ljijc5bz8tqc2l0,César Soto Grado,Club Atlético de Madrid,Elche CF,Robin Le Normand,0,0,0,0,1,0,0,0,75,0,0,0,0,1,0
40,23 Aug 2025,,49e80e647ljijc5bz8tqc2l0,César Soto Grado,Club Atlético de Madrid,Elche CF,M. Ruggeri,0,0,2,4,1,1,0,0,40,0,0,0,0,3,0
40,23 Aug 2025,,49e80e647ljijc5bz8tqc2l0,César Soto Grado,Club Atlético de Madrid,Elche CF,D. Hancko,1,0,1,1,1,0,0,0,58,0,0,1,1,2,0
40,23 Aug 2025,,49e80e647ljijc5bz8tqc2l0,César Soto Grado,Club Atlético de Madrid,Elche CF,T. Almada,0,0,0,8,1,1,0,0,39,0,0,0,0,0,0
40,23 Aug 2025,,49e80e647ljijc5bz8tqc2l0,César Soto Grado,Club Atlético de Madrid,Elche CF,A. Sørloth,0,1,1,1,2,0,1,0,17,0,0,3,2,0,0
40,23 Aug 2025,,49e80e647ljijc5bz8tqc2l0,César Soto Grado,Club Atlético de Madrid,Elche CF,J. Alvarez,0,0,0,3,0,1,0,0,27,0,0,0,0,0,0
40,23 Aug 2025,,49e80e647ljijc5bz8tqc2l0,César Soto Grado,Club Atlético de Madrid,Elche CF,J. Oblak,0,0,0,0,0,0,0,0,26,0,1,0,0,0,0
40,23 Aug 2025,,49e80e647ljijc5bz8tqc2l0,César Soto Grado,Club Atlético de Madrid,Elche CF,J. Cardoso,0,0,0,2,1,2,0,0,38,0,0,0,0,3,0
40,23 Aug 2025,,49e80e647ljijc5bz8tqc2l0,César Soto Grado,Club Atlético de Madrid,Elche CF,A. Griezmann,0,0,0,0,0,0,0,0,17,0,0,2,2,0,0
40,23 Aug 2025,,49e80e647ljijc5bz8tqc2l0,César Soto Grado,Club Atlético de Madrid,Elche CF,C. Gallagher,0,0,1,2,2,0,0,0,16,0,0,1,0,2,0
40,23 Aug 2025,,49e80e647ljijc5bz8tqc2l0,César Soto Grado,Club Atlético de Madrid,Elche CF,G. Raspadori,0,0,1,2,1,0,0,1,10,0,0,2,1,0,0
40,23 Aug 2025,,49e80e647ljijc5bz8tqc2l0,César Soto Grado,Club Atlético de Madrid,Elche CF,N. Molina,0,0,0,4,0,0,0,0,14,0,0,0,0,1,0
40,23 Aug 2025,,49e80e647ljijc5bz8tqc2l0,César Soto Grado,Club Atlético de Madrid,Elche CF,Javi Galán,0,0,0,2,0,0,0,0,10,0,0,0,0,0,0
40,23 Aug 2025,,49e80e647ljijc5bz8tqc2l0,César Soto Grado,Club Atlético de Madrid,Elche CF,Rodrigo Mendoza,0,0,0,0,3,1,0,0,25,0,0,1,0,1,1
40,23 Aug 2025,,49e80e647ljijc5bz8tqc2l0,César Soto Grado,Club Atlético de Madrid,Elche CF,M. Dituro,0,0,1,0,0,0,0,0,58,0,5,0,0,0,1
40,23 Aug 2025,,49e80e647ljijc5bz8tqc2l0,César Soto Grado,Club Atlético de Madrid,Elche CF,Á. Rodríguez,1,1,1,0,1,0,0,0,21,0,0,1,0,1,0
40,23 Aug 2025,,49e80e647ljijc5bz8tqc2l0,César Soto Grado,Club Atlético de Madrid,Elche CF,Germán Valera,0,0,0,1,1,4,0,0,43,0,0,0,0,3,0
40,23 Aug 2025,,49e80e647ljijc5bz8tqc2l0,César Soto Grado,Club Atlético de Madrid,Elche CF,Pedro Bigas,0,0,0,1,0,1,0,0,36,0,0,1,1,6,0
40,23 Aug 2025,,49e80e647ljijc5bz8tqc2l0,César Soto Grado,Club Atlético de Madrid,Elche CF,D. Affengruber,0,0,0,0,0,3,0,0,45,0,0,0,0,2,0
40,23 Aug 2025,,49e80e647ljijc5bz8tqc2l0,César Soto Grado,Club Atlético de Madrid,Elche CF,Marc Aguado,0,0,0,0,0,1,0,0,41,0,0,0,0,3,0
40,23 Aug 2025,,49e80e647ljijc5bz8tqc2l0,César Soto Grado,Club Atlético de Madrid,Elche CF,Rafa Mir,0,0,0,0,0,0,1,0,16,0,0,2,1,0,0
40,23 Aug 2025,,49e80e647ljijc5bz8tqc2l0,César Soto Grado,Club Atlético de Madrid,Elche CF,John Donald,0,0,0,0,0,1,0,0,13,0,0,0,0,0,0
40,23 Aug 2025,,49e80e647ljijc5bz8tqc2l0,César Soto Grado,Club Atlético de Madrid,Elche CF,Álvaro Núñez,0,0,0,1,0,0,0,0,32,0,0,0,0,1,0
40,23 Aug 2025,,49e80e647ljijc5bz8tqc2l0,César Soto Grado,Club Atlético de Madrid,Elche CF,Aleix Febas,0,0,0,1,1,0,0,0,36,0,0,0,0,0,1
40,23 Aug 2025,,49e80e647ljijc5bz8tqc2l0,César Soto Grado,Club Atlético de Madrid,Elche CF,Víctor Chust,0,0,0,0,1,0,0,0,20,0,0,1,0,1,0
40,23 Aug 2025,,49e80e647ljijc5bz8tqc2l0,César Soto Grado,Club Atlético de Madrid,Elche CF,Martim Neto,0,0,0,0,0,0,0,0,11,0,0,0,0,0,0
40,23 Aug 2025,,49e80e647ljijc5bz8tqc2l0,César Soto Grado,Club Atlético de Madrid,Elche CF,André Silva,0,0,0,0,0,0,0,0,7,0,0,0,0,1,0
40,23 Aug 2025,,49e80e647ljijc5bz8tqc2l0,César Soto Grado,Club Atlético de Madrid,Elche CF,F. Redondo,0,0,0,0,0,1,0,0,6,0,0,0,0,0,0
40,23 Aug 2025,,49e80e647ljijc5bz8tqc2l0,César Soto Grado,Club Atlético de Madrid,Elche CF,L. Pétrot,0,0,0,0,0,0,0,0,3,0,0,0,0,0,0
41,24 Aug 2025,,4mfxv5abl2kcamp8edxmwzkk,Jesús Gil Manzano,CA Osasuna,Valencia CF,Lucas Torró,0,0,0,0,3,1,0,0,40,0,0,1,0,1,1
41,24 Aug 2025,,4mfxv5abl2kcamp8edxmwzkk,Jesús Gil Manzano,CA Osasuna,Valencia CF,E. Boyomo,0,0,0,1,4,0,0,0,46,0,0,0,0,2,0
41,24 Aug 2025,,4mfxv5abl2kcamp8edxmwzkk,Jesús Gil Manzano,CA Osasuna,Valencia CF,V. Rosier,1,0,1,5,3,0,0,0,42,0,0,1,0,5,1
41,24 Aug 2025,,4mfxv5abl2kcamp8edxmwzkk,Jesús Gil Manzano,CA Osasuna,Valencia CF,Víctor Muñoz,0,2,2,3,0,4,0,0,15,0,0,2,0,0,0
41,24 Aug 2025,,4mfxv5abl2kcamp8edxmwzkk,Jesús Gil Manzano,CA Osasuna,Valencia CF,Moi Gómez,0,0,0,4,0,3,0,0,77,0,0,1,1,1,0
41,24 Aug 2025,,4mfxv5abl2kcamp8edxmwzkk,Jesús Gil Manzano,CA Osasuna,Valencia CF,Jon Moncayola,0,2,0,4,2,0,0,0,49,0,0,3,1,0,0
41,24 Aug 2025,,4mfxv5abl2kcamp8edxmwzkk,Jesús Gil Manzano,CA Osasuna,Valencia CF,Alejandro Catena,0,0,0,0,0,0,0,0,52,0,0,0,0,2,0
41,24 Aug 2025,,4mfxv5abl2kcamp8edxmwzkk,Jesús Gil Manzano,CA Osasuna,Valencia CF,Sergio Herrera,0,0,0,0,0,0,0,0,16,0,1,0,0,0,0
41,24 Aug 2025,,4mfxv5abl2kcamp8edxmwzkk,Jesús Gil Manzano,CA Osasuna,Valencia CF,Juan Cruz,0,0,0,2,0,0,0,0,42,0,0,0,0,0,0
41,24 Aug 2025,,4mfxv5abl2kcamp8edxmwzkk,Jesús Gil Manzano,CA Osasuna,Valencia CF,Aimar Oroz,0,2,0,0,0,1,0,0,49,0,0,3,0,0,0
41,24 Aug 2025,,4mfxv5abl2kcamp8edxmwzkk,Jesús Gil Manzano,CA Osasuna,Valencia CF,A. Budimir,0,0,0,0,1,4,1,2,13,0,0,3,2,0,0
41,24 Aug 2025,,4mfxv5abl2kcamp8edxmwzkk,Jesús Gil Manzano,CA Osasuna,Valencia CF,Rubén García,0,0,0,0,1,0,0,0,14,0,0,1,0,2,0
41,24 Aug 2025,,4mfxv5abl2kcamp8edxmwzkk,Jesús Gil Manzano,CA Osasuna,Valencia CF,Jorge Herrando,0,0,0,0,0,0,0,0,3,0,0,0,0,0,0
41,24 Aug 2025,,4mfxv5abl2kcamp8edxmwzkk,Jesús Gil Manzano,CA Osasuna,Valencia CF,Raúl García,0,0,0,0,0,0,0,0,3,0,0,1,0,0,0
41,24 Aug 2025,,4mfxv5abl2kcamp8edxmwzkk,Jesús Gil Manzano,CA Osasuna,Valencia CF,Asier Osambela,0,0,0,0,0,0,0,0,3,0,0,0,0,0,0
41,24 Aug 2025,,4mfxv5abl2kcamp8edxmwzkk,Jesús Gil Manzano,CA Osasuna,Valencia CF,A. Danjuma,0,1,0,0,2,3,0,1,16,0,0,3,1,0,0
41,24 Aug 2025,,4mfxv5abl2kcamp8edxmwzkk,Jesús Gil Manzano,CA Osasuna,Valencia CF,Pepelu,0,0,1,5,1,1,0,0,45,0,0,0,0,2,0
41,24 Aug 2025,,4mfxv5abl2kcamp8edxmwzkk,Jesús Gil Manzano,CA Osasuna,Valencia CF,D. Foulquier,0,0,0,0,0,0,0,0,42,0,0,0,0,0,0
41,24 Aug 2025,,4mfxv5abl2kcamp8edxmwzkk,Jesús Gil Manzano,CA Osasuna,Valencia CF,César Tárrega,0,0,0,0,3,1,0,0,52,0,0,0,0,3,1
41,24 Aug 2025,,4mfxv5abl2kcamp8edxmwzkk,Jesús Gil Manzano,CA Osasuna,Valencia CF,Javi Guerra,0,0,0,0,2,1,0,0,18,0,0,0,0,2,0
41,24 Aug 2025,,4mfxv5abl2kcamp8edxmwzkk,Jesús Gil Manzano,CA Osasuna,Valencia CF,Copete,0,0,0,0,2,0,0,0,31,0,0,0,0,1,0
41,24 Aug 2025,,4mfxv5abl2kcamp8edxmwzkk,Jesús Gil Manzano,CA Osasuna,Valencia CF,José Gayà,0,0,1,0,1,0,0,0,18,1,0,0,0,0,0
41,24 Aug 2025,,4mfxv5abl2kcamp8edxmwzkk,Jesús Gil Manzano,CA Osasuna,Valencia CF,Julen Agirrezabala,0,0,0,0,0,0,0,0,44,0,3,0,0,0,0
41,24 Aug 2025,,4mfxv5abl2kcamp8edxmwzkk,Jesús Gil Manzano,CA Osasuna,Valencia CF,Dani Raba,0,0,0,0,0,0,0,0,5,0,0,0,0,0,0
41,24 Aug 2025,,4mfxv5abl2kcamp8edxmwzkk,Jesús Gil Manzano,CA Osasuna,Valencia CF,Diego López,0,0,0,1,0,4,0,0,22,0,0,0,0,2,0
41,24 Aug 2025,,4mfxv5abl2kcamp8edxmwzkk,Jesús Gil Manzano,CA Osasuna,Valencia CF,Luis Rioja,0,0,2,2,1,1,0,0,12,0,0,0,0,1,0
41,24 Aug 2025,,4mfxv5abl2kcamp8edxmwzkk,Jesús Gil Manzano,CA Osasuna,Valencia CF,Jesús Vázquez,0,0,0,1,0,0,0,0,19,0,0,1,0,1,0
41,24 Aug 2025,,4mfxv5abl2kcamp8edxmwzkk,Jesús Gil Manzano,CA Osasuna,Valencia CF,F. Ugrinic,0,0,0,2,0,0,0,0,8,0,0,0,0,0,0
41,24 Aug 2025,,4mfxv5abl2kcamp8edxmwzkk,Jesús Gil Manzano,CA Osasuna,Valencia CF,M. Diakhaby,0,0,0,0,0,0,0,0,23,0,0,0,0,0,0
41,24 Aug 2025,,4mfxv5abl2kcamp8edxmwzkk,Jesús Gil Manzano,CA Osasuna,Valencia CF,B. Santamaría,0,0,0,1,1,1,0,0,12,0,0,0,0,0,0
41,24 Aug 2025,,4mfxv5abl2kcamp8edxmwzkk,Jesús Gil Manzano,CA Osasuna,Valencia CF,Hugo Duro,0,0,0,0,0,0,0,0,3,0,0,0,0,0,0
42,24 Aug 2025,,4zhv5gr0aqfz7e8e32rrx6hg,Ricardo De Burgos Bengoetxea,Real Oviedo,Real Madrid CF,L. Dendoncker,0,0,0,0,0,0,0,0,45,0,0,1,1,2,0
42,24 Aug 2025,,4zhv5gr0aqfz7e8e32rrx6hg,Ricardo De Burgos Bengoetxea,Real Oviedo,Real Madrid CF,K. Sibo,0,0,0,0,1,0,0,0,39,0,0,2,1,1,0
42,24 Aug 2025,,4zhv5gr0aqfz7e8e32rrx6hg,Ricardo De Burgos Bengoetxea,Real Oviedo,Real Madrid CF,L. Ilić,0,0,0,0,1,2,0,0,22,0,0,0,0,2,1
42,24 Aug 2025,,4zhv5gr0aqfz7e8e32rrx6hg,Ricardo De Burgos Bengoetxea,Real Oviedo,Real Madrid CF,I. Chaira,0,0,1,0,1,0,0,1,25,0,0,0,0,1,0
42,24 Aug 2025,,4zhv5gr0aqfz7e8e32rrx6hg,Ricardo De Burgos Bengoetxea,Real Oviedo,Real Madrid CF,Nacho Vidal,0,0,0,1,1,1,0,0,17,0,0,0,0,2,0
42,24 Aug 2025,,4zhv5gr0aqfz7e8e32rrx6hg,Ricardo De Burgos Bengoetxea,Real Oviedo,Real Madrid CF,Aarón Escandell,0,0,0,0,0,1,0,0,43,0,8,0,0,0,0
42,24 Aug 2025,,4zhv5gr0aqfz7e8e32rrx6hg,Ricardo De Burgos Bengoetxea,Real Oviedo,Real Madrid CF,R. Alhassane,0,0,0,6,0,0,0,0,40,0,0,0,0,3,0
42,24 Aug 2025,,4zhv5gr0aqfz7e8e32rrx6hg,Ricardo De Burgos Bengoetxea,Real Oviedo,Real Madrid CF,Dani Calvo,0,0,0,0,1,1,0,0,43,0,0,0,0,2,1
42,24 Aug 2025,,4zhv5gr0aqfz7e8e32rrx6hg,Ricardo De Burgos Bengoetxea,Real Oviedo,Real Madrid CF,S. Rondón,0,0,0,0,1,0,0,1,11,0,0,0,0,0,0
42,24 Aug 2025,,4zhv5gr0aqfz7e8e32rrx6hg,Ricardo De Burgos Bengoetxea,Real Oviedo,Real Madrid CF,Oier Luengo,0,0,0,0,0,0,0,0,21,0,0,0,0,1,0
42,24 Aug 2025,,4zhv5gr0aqfz7e8e32rrx6hg,Ricardo De Burgos Bengoetxea,Real Oviedo,Real Madrid CF,David Costas,0,0,0,0,0,0,0,0,39,0,0,0,0,2,0
42,24 Aug 2025,,4zhv5gr0aqfz7e8e32rrx6hg,Ricardo De Burgos Bengoetxea,Real Oviedo,Real Madrid CF,H. Hassan,0,0,0,1,0,0,0,0,12,0,0,2,1,1,0
42,24 Aug 2025,,4zhv5gr0aqfz7e8e32rrx6hg,Ricardo De Burgos Bengoetxea,Real Oviedo,Real Madrid CF,O. Ejaria,0,0,0,0,1,1,0,0,10,0,0,0,0,1,0
42,24 Aug 2025,,4zhv5gr0aqfz7e8e32rrx6hg,Ricardo De Burgos Bengoetxea,Real Oviedo,Real Madrid CF,J. Brekalo,0,0,0,1,0,0,0,0,5,0,0,0,0,0,0
42,24 Aug 2025,,4zhv5gr0aqfz7e8e32rrx6hg,Ricardo De Burgos Bengoetxea,Real Oviedo,Real Madrid CF,F. Viñas,0,0,0,0,1,0,0,0,2,0,0,1,0,2,0
42,24 Aug 2025,,4zhv5gr0aqfz7e8e32rrx6hg,Ricardo De Burgos Bengoetxea,Real Oviedo,Real Madrid CF,Santi Cazorla,0,0,0,0,0,0,0,0,2,0,0,0,0,0,0
42,24 Aug 2025,,4zhv5gr0aqfz7e8e32rrx6hg,Ricardo De Burgos Bengoetxea,Real Oviedo,Real Madrid CF,T. Courtois,0,0,0,0,0,0,0,0,16,0,3,0,0,1,0
42,24 Aug 2025,,4zhv5gr0aqfz7e8e32rrx6hg,Ricardo De Burgos Bengoetxea,Real Oviedo,Real Madrid CF,Dean Huijsen,0,0,0,1,2,0,0,0,100,0,0,1,0,4,0
42,24 Aug 2025,,4zhv5gr0aqfz7e8e32rrx6hg,Ricardo De Burgos Bengoetxea,Real Oviedo,Real Madrid CF,A. Rüdiger,0,0,0,0,1,0,0,0,71,0,0,1,0,1,0
42,24 Aug 2025,,4zhv5gr0aqfz7e8e32rrx6hg,Ricardo De Burgos Bengoetxea,Real Oviedo,Real Madrid CF,Dani Carvajal,0,0,0,0,0,0,0,0,66,0,0,0,0,4,0
42,24 Aug 2025,,4zhv5gr0aqfz7e8e32rrx6hg,Ricardo De Burgos Bengoetxea,Real Oviedo,Real Madrid CF,A. Tchouaméni,0,1,1,1,0,3,0,0,75,0,0,2,0,3,0
42,24 Aug 2025,,4zhv5gr0aqfz7e8e32rrx6hg,Ricardo De Burgos Bengoetxea,Real Oviedo,Real Madrid CF,Álvaro Carreras,0,0,0,1,0,1,0,1,55,0,0,0,0,0,0
42,24 Aug 2025,,4zhv5gr0aqfz7e8e32rrx6hg,Ricardo De Burgos Bengoetxea,Real Oviedo,Real Madrid CF,K. Mbappé,0,3,1,2,0,1,2,1,55,0,0,7,3,0,0
42,24 Aug 2025,,4zhv5gr0aqfz7e8e32rrx6hg,Ricardo De Burgos Bengoetxea,Real Oviedo,Real Madrid CF,A. Güler,1,1,2,3,1,0,0,0,65,0,0,2,1,2,0
42,24 Aug 2025,,4zhv5gr0aqfz7e8e32rrx6hg,Ricardo De Burgos Bengoetxea,Real Oviedo,Real Madrid CF,F. Mastantuono,0,2,2,2,0,0,0,0,40,0,0,3,0,2,0
42,24 Aug 2025,,4zhv5gr0aqfz7e8e32rrx6hg,Ricardo De Burgos Bengoetxea,Real Oviedo,Real Madrid CF,F. Valverde,0,0,1,1,0,1,0,0,78,0,0,3,2,2,0
42,24 Aug 2025,,4zhv5gr0aqfz7e8e32rrx6hg,Ricardo De Burgos Bengoetxea,Real Oviedo,Real Madrid CF,Rodrygo,0,2,1,3,0,1,0,0,50,0,0,4,2,1,0
42,24 Aug 2025,,4zhv5gr0aqfz7e8e32rrx6hg,Ricardo De Burgos Bengoetxea,Real Oviedo,Real Madrid CF,Brahim Díaz,1,0,0,0,0,0,0,0,12,0,0,0,0,0,0
42,24 Aug 2025,,4zhv5gr0aqfz7e8e32rrx6hg,Ricardo De Burgos Bengoetxea,Real Oviedo,Real Madrid CF,Vinícius Júnior,1,1,1,1,2,0,1,0,6,0,0,2,1,2,1
42,24 Aug 2025,,4zhv5gr0aqfz7e8e32rrx6hg,Ricardo De Burgos Bengoetxea,Real Oviedo,Real Madrid CF,Gonzalo García,0,0,0,0,0,0,0,0,5,0,0,1,1,1,0
42,24 Aug 2025,,4zhv5gr0aqfz7e8e32rrx6hg,Ricardo De Burgos Bengoetxea,Real Oviedo,Real Madrid CF,T. Alexander-Arnold,0,0,0,0,0,0,0,0,0,0,0,0,0,0,0
42,24 Aug 2025,,4zhv5gr0aqfz7e8e32rrx6hg,Ricardo De Burgos Bengoetxea,Real Oviedo,Real Madrid CF,Dani Ceballos,0,0,0,0,1,0,0,0,5,0,0,0,0,0,0
43,22 Aug 2025,,5chzep0qs16scjx4m95i8owk,Miguel Ángel Ortiz Arias,Real Betis Balompié,Deportivo Alavés,Natan,0,0,0,0,0,1,0,0,47,0,0,0,0,1,0
43,22 Aug 2025,,5chzep0qs16scjx4m95i8owk,Miguel Ángel Ortiz Arias,Real Betis Balompié,Deportivo Alavés,Héctor Bellerín,0,0,1,3,1,0,0,0,51,0,0,1,1,0,0
43,22 Aug 2025,,5chzep0qs16scjx4m95i8owk,Miguel Ángel Ortiz Arias,Real Betis Balompié,Deportivo Alavés,J. Firpo,0,0,0,2,1,1,0,0,43,0,0,1,0,0,0
43,22 Aug 2025,,5chzep0qs16scjx4m95i8owk,Miguel Ángel Ortiz Arias,Real Betis Balompié,Deportivo Alavés,Pablo Fornals,0,1,0,2,0,2,0,0,50,0,0,1,0,1,0
43,22 Aug 2025,,5chzep0qs16scjx4m95i8owk,Miguel Ángel Ortiz Arias,Real Betis Balompié,Deportivo Alavés,Rodrigo Riquelme,0,0,0,0,1,0,0,0,19,0,0,1,0,0,0
43,22 Aug 2025,,5chzep0qs16scjx4m95i8owk,Miguel Ángel Ortiz Arias,Real Betis Balompié,Deportivo Alavés,Sergi Altimira,0,0,0,1,1,1,0,0,55,0,0,0,0,4,0
43,22 Aug 2025,,5chzep0qs16scjx4m95i8owk,Miguel Ángel Ortiz Arias,Real Betis Balompié,Deportivo Alavés,Marc Bartra,0,0,0,0,0,1,0,0,51,0,0,0,0,2,0
43,22 Aug 2025,,5chzep0qs16scjx4m95i8owk,Miguel Ángel Ortiz Arias,Real Betis Balompié,Deportivo Alavés,Pau López,0,0,0,0,0,0,0,0,34,0,5,0,0,0,0
43,22 Aug 2025,,5chzep0qs16scjx4m95i8owk,Miguel Ángel Ortiz Arias,Real Betis Balompié,Deportivo Alavés,C. Hernández,0,2,2,2,2,1,0,2,19,0,0,4,0,2,1
43,22 Aug 2025,,5chzep0qs16scjx4m95i8owk,Miguel Ángel Ortiz Arias,Real Betis Balompié,Deportivo Alavés,G. Lo Celso,0,0,1,6,1,6,1,0,52,0,0,2,2,0,1
43,22 Aug 2025,,5chzep0qs16scjx4m95i8owk,Miguel Ángel Ortiz Arias,Real Betis Balompié,Deportivo Alavés,Aitor Ruibal,0,1,1,2,2,1,0,0,24,0,0,3,1,0,0
43,22 Aug 2025,,5chzep0qs16scjx4m95i8owk,Miguel Ángel Ortiz Arias,Real Betis Balompié,Deportivo Alavés,Pablo García,0,0,1,0,0,0,0,0,9,0,0,2,1,0,0
43,22 Aug 2025,,5chzep0qs16scjx4m95i8owk,Miguel Ángel Ortiz Arias,Real Betis Balompié,Deportivo Alavés,R. Rodríguez,0,0,0,1,1,0,0,0,9,0,0,0,0,0,0
43,22 Aug 2025,,5chzep0qs16scjx4m95i8owk,Miguel Ángel Ortiz Arias,Real Betis Balompié,Deportivo Alavés,C. Bakambu,0,0,0,0,0,0,0,0,4,0,0,1,0,0,0
43,22 Aug 2025,,5chzep0qs16scjx4m95i8owk,Miguel Ángel Ortiz Arias,Real Betis Balompié,Deportivo Alavés,V. Gómez,0,0,0,0,0,0,0,0,3,0,0,0,0,1,0
43,22 Aug 2025,,5chzep0qs16scjx4m95i8owk,Miguel Ángel Ortiz Arias,Real Betis Balompié,Deportivo Alavés,Pablo Ibáñez,0,1,1,2,1,1,0,0,38,0,0,1,0,3,1
43,22 Aug 2025,,5chzep0qs16scjx4m95i8owk,Miguel Ángel Ortiz Arias,Real Betis Balompié,Deportivo Alavés,Antonio Sivera,0,0,0,0,0,0,0,0,24,0,5,0,0,0,0
43,22 Aug 2025,,5chzep0qs16scjx4m95i8owk,Miguel Ángel Ortiz Arias,Real Betis Balompié,Deportivo Alavés,Toni Martínez,0,0,0,0,1,0,0,1,13,0,0,0,0,0,0
43,22 Aug 2025,,5chzep0qs16scjx4m95i8owk,Miguel Ángel Ortiz Arias,Real Betis Balompié,Deportivo Alavés,F. Garcés,0,0,0,0,2,0,0,0,48,0,0,2,2,4,1
43,22 Aug 2025,,5chzep0qs16scjx4m95i8owk,Miguel Ángel Ortiz Arias,Real Betis Balompié,Deportivo Alavés,N. Tenaglia,0,0,0,0,1,1,0,0,46,0,0,1,0,1,0
43,22 Aug 2025,,5chzep0qs16scjx4m95i8owk,Miguel Ángel Ortiz Arias,Real Betis Balompié,Deportivo Alavés,Víctor Parada,0,0,0,1,1,2,0,0,23,0,0,1,0,2,0
43,22 Aug 2025,,5chzep0qs16scjx4m95i8owk,Miguel Ángel Ortiz Arias,Real Betis Balompié,Deportivo Alavés,Antonio Blanco,0,0,0,0,4,0,0,0,65,0,0,0,0,2,1
43,22 Aug 2025,,5chzep0qs16scjx4m95i8owk,Miguel Ángel Ortiz Arias,Real Betis Balompié,Deportivo Alavés,Jon Guridi,0,0,0,1,1,0,0,1,20,0,0,2,2,0,0
43,22 Aug 2025,,5chzep0qs16scjx4m95i8owk,Miguel Ángel Ortiz Arias,Real Betis Balompié,Deportivo Alavés,Carles Aleñá,0,0,0,4,2,0,0,0,42,0,0,1,0,1,0
43,22 Aug 2025,,5chzep0qs16scjx4m95i8owk,Miguel Ángel Ortiz Arias,Real Betis Balompié,Deportivo Alavés,Carlos Vicente,0,0,0,4,3,3,0,1,46,0,0,0,0,2,0
43,22 Aug 2025,,5chzep0qs16scjx4m95i8owk,Miguel Ángel Ortiz Arias,Real Betis Balompié,Deportivo Alavés,Jonny,0,0,1,1,0,0,0,0,62,0,0,1,0,6,0
43,22 Aug 2025,,5chzep0qs16scjx4m95i8owk,Miguel Ángel Ortiz Arias,Real Betis Balompié,Deportivo Alavés,Ander Guevara,0,0,0,0,1,1,0,0,25,0,0,0,0,0,0
43,22 Aug 2025,,5chzep0qs16scjx4m95i8owk,Miguel Ángel Ortiz Arias,Real Betis Balompié,Deportivo Alavés,A. Rebbach,0,0,0,1,0,1,0,0,15,0,0,1,1,2,0
43,22 Aug 2025,,5chzep0qs16scjx4m95i8owk,Miguel Ángel Ortiz Arias,Real Betis Balompié,Deportivo Alavés,M. Díaz,0,0,0,0,0,0,0,0,7,0,0,1,0,0,0
43,22 Aug 2025,,5chzep0qs16scjx4m95i8owk,Miguel Ángel Ortiz Arias,Real Betis Balompié,Deportivo Alavés,Calebe,0,0,0,1,0,1,0,0,10,0,0,0,0,0,0
43,22 Aug 2025,,5chzep0qs16scjx4m95i8owk,Miguel Ángel Ortiz Arias,Real Betis Balompié,Deportivo Alavés,Lander Pinillos,0,0,0,1,0,0,0,0,1,0,0,0,0,0,0
44,23 Aug 2025,,5pp18hcr9ery2hv17q7q6eqc,Alejandro José Hernández Hernández,Levante UD,FC Barcelona,J. Toljan,1,0,0,1,1,0,0,0,18,0,0,0,0,0,0
44,23 Aug 2025,,5pp18hcr9ery2hv17q7q6eqc,Alejandro José Hernández Hernández,Levante UD,FC Barcelona,Manu Sánchez,0,0,0,2,0,0,0,0,7,0,0,0,0,9,0
44,23 Aug 2025,,5pp18hcr9ery2hv17q7q6eqc,Alejandro José Hernández Hernández,Levante UD,FC Barcelona,José Luis Morales,0,1,0,0,1,1,1,2,6,0,0,3,2,0,1
44,23 Aug 2025,,5pp18hcr9ery2hv17q7q6eqc,Alejandro José Hernández Hernández,Levante UD,FC Barcelona,Oriol Rey,0,0,0,0,0,1,0,0,16,0,0,0,0,5,0
44,23 Aug 2025,,5pp18hcr9ery2hv17q7q6eqc,Alejandro José Hernández Hernández,Levante UD,FC Barcelona,Pablo Martínez,0,0,0,0,2,0,0,0,22,0,0,0,0,5,1
44,23 Aug 2025,,5pp18hcr9ery2hv17q7q6eqc,Alejandro José Hernández Hernández,Levante UD,FC Barcelona,Jorge Cabello,0,0,0,0,0,0,0,0,5,0,0,0,0,2,0
44,23 Aug 2025,,5pp18hcr9ery2hv17q7q6eqc,Alejandro José Hernández Hernández,Levante UD,FC Barcelona,Adrián de la Fuente,0,0,0,1,1,0,0,0,21,0,0,1,0,4,0
44,23 Aug 2025,,5pp18hcr9ery2hv17q7q6eqc,Alejandro José Hernández Hernández,Levante UD,FC Barcelona,Roger Brugué,0,1,0,0,0,1,0,1,2,0,0,3,2,2,0
44,23 Aug 2025,,5pp18hcr9ery2hv17q7q6eqc,Alejandro José Hernández Hernández,Levante UD,FC Barcelona,Pablo Cuñat,0,0,0,0,0,0,0,0,22,0,9,0,0,0,0
44,23 Aug 2025,,5pp18hcr9ery2hv17q7q6eqc,Alejandro José Hernández Hernández,Levante UD,FC Barcelona,Unai Elgezabal,0,0,0,0,1,0,0,0,8,0,0,0,0,1,0
44,23 Aug 2025,,5pp18hcr9ery2hv17q7q6eqc,Alejandro José Hernández Hernández,Levante UD,FC Barcelona,Iván Romero,0,0,0,0,1,3,1,2,9,0,0,1,1,0,0
44,23 Aug 2025,,5pp18hcr9ery2hv17q7q6eqc,Alejandro José Hernández Hernández,Levante UD,FC Barcelona,Carlos Álvarez,0,0,0,0,1,0,0,0,7,0,0,0,0,2,0
44,23 Aug 2025,,5pp18hcr9ery2hv17q7q6eqc,Alejandro José Hernández Hernández,Levante UD,FC Barcelona,Iker Losada,0,0,0,0,0,0,0,0,7,0,0,0,0,0,0
44,23 Aug 2025,,5pp18hcr9ery2hv17q7q6eqc,Alejandro José Hernández Hernández,Levante UD,FC Barcelona,Carlos Espí,0,0,0,0,1,0,0,1,3,0,0,0,0,0,0
44,23 Aug 2025,,5pp18hcr9ery2hv17q7q6eqc,Alejandro José Hernández Hernández,Levante UD,FC Barcelona,Diego Pampín,0,0,0,1,1,0,0,0,5,0,0,0,0,1,1
44,23 Aug 2025,,5pp18hcr9ery2hv17q7q6eqc,Alejandro José Hernández Hernández,Levante UD,FC Barcelona,Víctor García,0,0,0,0,0,0,0,0,2,0,0,0,0,0,0
44,23 Aug 2025,,5pp18hcr9ery2hv17q7q6eqc,Alejandro José Hernández Hernández,Levante UD,FC Barcelona,Ferran Torres,0,1,2,1,0,1,1,0,20,0,0,5,3,0,0
44,23 Aug 2025,,5pp18hcr9ery2hv17q7q6eqc,Alejandro José Hernández Hernández,Levante UD,FC Barcelona,Marc Casadó,0,0,0,0,2,1,0,0,52,0,0,0,0,1,0
44,23 Aug 2025,,5pp18hcr9ery2hv17q7q6eqc,Alejandro José Hernández Hernández,Levante UD,FC Barcelona,Pau Cubarsí,0,1,0,0,1,0,0,0,92,0,0,1,0,1,0
44,23 Aug 2025,,5pp18hcr9ery2hv17q7q6eqc,Alejandro José Hernández Hernández,Levante UD,FC Barcelona,Alejandro Balde,0,1,2,3,1,1,0,0,67,0,0,1,0,1,1
44,23 Aug 2025,,5pp18hcr9ery2hv17q7q6eqc,Alejandro José Hernández Hernández,Levante UD,FC Barcelona,R. Araujo,0,0,0,0,1,0,0,0,60,0,0,0,0,1,0
44,23 Aug 2025,,5pp18hcr9ery2hv17q7q6eqc,Alejandro José Hernández Hernández,Levante UD,FC Barcelona,Eric García,0,0,1,4,1,1,0,0,82,0,0,1,1,1,0
44,23 Aug 2025,,5pp18hcr9ery2hv17q7q6eqc,Alejandro José Hernández Hernández,Levante UD,FC Barcelona,Lamine Yamal,1,4,4,6,0,2,0,0,57,0,0,8,2,1,0
44,23 Aug 2025,,5pp18hcr9ery2hv17q7q6eqc,Alejandro José Hernández Hernández,Levante UD,FC Barcelona,Pedri,0,0,1,1,0,1,1,0,127,0,0,2,2,1,0
44,23 Aug 2025,,5pp18hcr9ery2hv17q7q6eqc,Alejandro José Hernández Hernández,Levante UD,FC Barcelona,M. Rashford,0,0,1,4,0,0,0,0,30,0,0,1,1,0,0
44,23 Aug 2025,,5pp18hcr9ery2hv17q7q6eqc,Alejandro José Hernández Hernández,Levante UD,FC Barcelona,Raphinha,1,1,0,8,1,0,0,0,50,0,0,4,0,2,0
44,23 Aug 2025,,5pp18hcr9ery2hv17q7q6eqc,Alejandro José Hernández Hernández,Levante UD,FC Barcelona,Joan García,0,0,0,0,0,0,0,0,15,0,3,0,0,0,0
44,23 Aug 2025,,5pp18hcr9ery2hv17q7q6eqc,Alejandro José Hernández Hernández,Levante UD,FC Barcelona,Gavi,0,0,0,1,1,1,0,0,47,0,0,0,0,2,0
44,23 Aug 2025,,5pp18hcr9ery2hv17q7q6eqc,Alejandro José Hernández Hernández,Levante UD,FC Barcelona,Dani Olmo,0,0,0,1,0,1,0,0,27,0,0,2,1,0,0
44,23 Aug 2025,,5pp18hcr9ery2hv17q7q6eqc,Alejandro José Hernández Hernández,Levante UD,FC Barcelona,A. Christensen,0,0,0,0,0,1,0,0,21,0,0,0,0,0,0
44,23 Aug 2025,,5pp18hcr9ery2hv17q7q6eqc,Alejandro José Hernández Hernández,Levante UD,FC Barcelona,R. Lewandowski,0,0,0,0,0,0,0,0,3,0,0,0,0,0,0
44,23 Aug 2025,,5pp18hcr9ery2hv17q7q6eqc,Alejandro José Hernández Hernández,Levante UD,FC Barcelona,J. Koundé,0,0,0,1,0,0,0,0,11,0,0,1,0,0,0
45,23 Aug 2025,,62wqjuo2ykej3fzagx0scs9g,José Luis Guzmán Mansilla,Real Club Deportivo Mallorca,Real Club Celta de Vigo,Sergi Darder,0,0,1,6,0,2,0,1,36,0,0,0,0,1,0
45,23 Aug 2025,,62wqjuo2ykej3fzagx0scs9g,José Luis Guzmán Mansilla,Real Club Deportivo Mallorca,Real Club Celta de Vigo,Antonio Raíllo,0,0,0,0,0,2,0,0,67,0,0,2,0,0,0
45,23 Aug 2025,,62wqjuo2ykej3fzagx0scs9g,José Luis Guzmán Mansilla,Real Club Deportivo Mallorca,Real Club Celta de Vigo,J. Mojica,0,0,0,7,2,0,0,0,42,0,0,1,0,0,0
45,23 Aug 2025,,62wqjuo2ykej3fzagx0scs9g,José Luis Guzmán Mansilla,Real Club Deportivo Mallorca,Real Club Celta de Vigo,M. Valjent,0,0,0,0,1,2,0,0,55,0,0,1,1,4,0
45,23 Aug 2025,,62wqjuo2ykej3fzagx0scs9g,José Luis Guzmán Mansilla,Real Club Deportivo Mallorca,Real Club Celta de Vigo,Leo Román,0,0,0,0,0,0,0,0,28,0,1,0,0,0,0
45,23 Aug 2025,,62wqjuo2ykej3fzagx0scs9g,José Luis Guzmán Mansilla,Real Club Deportivo Mallorca,Real Club Celta de Vigo,Mateu Morey,0,0,0,3,1,0,1,0,39,0,0,1,1,1,0
45,23 Aug 2025,,62wqjuo2ykej3fzagx0scs9g,José Luis Guzmán Mansilla,Real Club Deportivo Mallorca,Real Club Celta de Vigo,Omar Mascarell,0,0,0,0,1,0,0,0,38,0,0,0,0,3,1
45,23 Aug 2025,,62wqjuo2ykej3fzagx0scs9g,José Luis Guzmán Mansilla,Real Club Deportivo Mallorca,Real Club Celta de Vigo,Mateo Joseph,0,1,0,0,0,1,0,0,6,0,0,3,1,0,0
45,23 Aug 2025,,62wqjuo2ykej3fzagx0scs9g,José Luis Guzmán Mansilla,Real Club Deportivo Mallorca,Real Club Celta de Vigo,T. Asano,0,0,0,1,2,2,0,0,16,0,0,1,0,0,1
45,23 Aug 2025,,62wqjuo2ykej3fzagx0scs9g,José Luis Guzmán Mansilla,Real Club Deportivo Mallorca,Real Club Celta de Vigo,Antonio Sánchez,0,0,0,0,2,0,0,0,20,0,0,0,0,0,1
45,23 Aug 2025,,62wqjuo2ykej3fzagx0scs9g,José Luis Guzmán Mansilla,Real Club Deportivo Mallorca,Real Club Celta de Vigo,Pablo Torre,0,0,1,1,2,1,0,0,36,0,0,1,1,0,0
45,23 Aug 2025,,62wqjuo2ykej3fzagx0scs9g,José Luis Guzmán Mansilla,Real Club Deportivo Mallorca,Real Club Celta de Vigo,M. Kumbulla,0,0,1,1,0,1,0,0,31,0,0,1,0,0,0
45,23 Aug 2025,,62wqjuo2ykej3fzagx0scs9g,José Luis Guzmán Mansilla,Real Club Deportivo Mallorca,Real Club Celta de Vigo,Abdón Prats,0,0,0,0,0,0,0,0,2,0,0,0,0,0,0
45,23 Aug 2025,,62wqjuo2ykej3fzagx0scs9g,José Luis Guzmán Mansilla,Real Club Deportivo Mallorca,Real Club Celta de Vigo,Dani Rodríguez,0,0,0,2,0,0,0,0,8,0,0,0,0,0,0
45,23 Aug 2025,,62wqjuo2ykej3fzagx0scs9g,José Luis Guzmán Mansilla,Real Club Deportivo Mallorca,Real Club Celta de Vigo,Marc Domenech,0,0,0,0,1,1,0,0,2,0,0,1,0,0,0
45,23 Aug 2025,,62wqjuo2ykej3fzagx0scs9g,José Luis Guzmán Mansilla,Real Club Deportivo Mallorca,Real Club Celta de Vigo,Miquel Salas,0,0,0,0,0,0,0,0,7,0,0,0,0,0,0
45,23 Aug 2025,,62wqjuo2ykej3fzagx0scs9g,José Luis Guzmán Mansilla,Real Club Deportivo Mallorca,Real Club Celta de Vigo,Sergio Carreira,0,0,0,0,0,1,0,0,54,0,0,1,0,1,0
45,23 Aug 2025,,62wqjuo2ykej3fzagx0scs9g,José Luis Guzmán Mansilla,Real Club Deportivo Mallorca,Real Club Celta de Vigo,Hugo Sotelo,1,0,0,3,1,0,0,0,31,0,0,0,0,1,1
45,23 Aug 2025,,62wqjuo2ykej3fzagx0scs9g,José Luis Guzmán Mansilla,Real Club Deportivo Mallorca,Real Club Celta de Vigo,Pablo Durán,0,0,0,0,1,0,0,1,18,0,0,0,0,1,0
45,23 Aug 2025,,62wqjuo2ykej3fzagx0scs9g,José Luis Guzmán Mansilla,Real Club Deportivo Mallorca,Real Club Celta de Vigo,Javi Rueda,0,0,0,1,0,0,1,0,26,0,0,1,1,0,0
45,23 Aug 2025,,62wqjuo2ykej3fzagx0scs9g,José Luis Guzmán Mansilla,Real Club Deportivo Mallorca,Real Club Celta de Vigo,Carlos Domínguez,0,0,0,0,3,0,0,0,60,0,0,0,0,2,1
45,23 Aug 2025,,62wqjuo2ykej3fzagx0scs9g,José Luis Guzmán Mansilla,Real Club Deportivo Mallorca,Real Club Celta de Vigo,Manu Fernández,0,0,0,0,1,2,0,0,50,0,0,1,0,1,0
45,23 Aug 2025,,62wqjuo2ykej3fzagx0scs9g,José Luis Guzmán Mansilla,Real Club Deportivo Mallorca,Real Club Celta de Vigo,Marcos Alonso,0,0,1,1,0,0,0,0,67,0,0,0,0,0,0
45,23 Aug 2025,,62wqjuo2ykej3fzagx0scs9g,José Luis Guzmán Mansilla,Real Club Deportivo Mallorca,Real Club Celta de Vigo,Iago Aspas,0,0,0,2,0,0,0,0,20,0,0,0,0,0,1
45,23 Aug 2025,,62wqjuo2ykej3fzagx0scs9g,José Luis Guzmán Mansilla,Real Club Deportivo Mallorca,Real Club Celta de Vigo,I. Moriba,0,2,1,0,1,3,0,0,44,0,0,3,1,3,0
45,23 Aug 2025,,62wqjuo2ykej3fzagx0scs9g,José Luis Guzmán Mansilla,Real Club Deportivo Mallorca,Real Club Celta de Vigo,I. Radu,0,0,0,0,0,0,0,0,29,0,3,0,0,0,0
45,23 Aug 2025,,62wqjuo2ykej3fzagx0scs9g,José Luis Guzmán Mansilla,Real Club Deportivo Mallorca,Real Club Celta de Vigo,Ferran Jutglà,0,0,1,2,1,3,0,0,16,0,0,0,0,0,0
45,23 Aug 2025,,62wqjuo2ykej3fzagx0scs9g,José Luis Guzmán Mansilla,Real Club Deportivo Mallorca,Real Club Celta de Vigo,Javi Rodríguez,0,0,0,0,0,1,0,0,10,0,0,0,0,0,0
45,23 Aug 2025,,62wqjuo2ykej3fzagx0scs9g,José Luis Guzmán Mansilla,Real Club Deportivo Mallorca,Real Club Celta de Vigo,W. Swedberg,0,0,1,1,2,1,0,0,4,0,0,1,0,0,0
45,23 Aug 2025,,62wqjuo2ykej3fzagx0scs9g,José Luis Guzmán Mansilla,Real Club Deportivo Mallorca,Real Club Celta de Vigo,Borja Iglesias,0,0,0,0,2,0,0,0,9,0,0,0,0,0,0
45,23 Aug 2025,,62wqjuo2ykej3fzagx0scs9g,José Luis Guzmán Mansilla,Real Club Deportivo Mallorca,Real Club Celta de Vigo,Fran Beltrán,0,0,0,1,0,0,0,0,6,0,0,1,0,1,0
45,23 Aug 2025,,62wqjuo2ykej3fzagx0scs9g,José Luis Guzmán Mansilla,Real Club Deportivo Mallorca,Real Club Celta de Vigo,Bryan Zaragoza,0,0,0,0,0,0,0,0,1,0,0,0,0,1,0
46,24 Aug 2025,,6g1tozuo8an9qds56u85juhg,Alejandro Quintero González,Real Sociedad de Fútbol,Reial Club Deportiu Espanyol de Barcelona,L. Sučić,0,0,0,1,1,0,0,0,16,0,0,0,0,0,0
46,24 Aug 2025,,6g1tozuo8an9qds56u85juhg,Alejandro Quintero González,Real Sociedad de Fútbol,Reial Club Deportiu Espanyol de Barcelona,Pablo Marín,0,0,0,1,2,3,0,0,34,0,0,0,0,1,0
46,24 Aug 2025,,6g1tozuo8an9qds56u85juhg,Alejandro Quintero González,Real Sociedad de Fútbol,Reial Club Deportiu Espanyol de Barcelona,J. Aramburu,0,0,1,2,1,1,0,0,54,0,0,2,2,3,0
46,24 Aug 2025,,6g1tozuo8an9qds56u85juhg,Alejandro Quintero González,Real Sociedad de Fútbol,Reial Club Deportiu Espanyol de Barcelona,T. Kubo,0,1,1,3,1,5,0,0,41,0,0,2,1,0,0
46,24 Aug 2025,,6g1tozuo8an9qds56u85juhg,Alejandro Quintero González,Real Sociedad de Fútbol,Reial Club Deportiu Espanyol de Barcelona,Beñat Turrientes,0,1,0,2,2,1,0,0,40,0,0,1,0,0,0
46,24 Aug 2025,,6g1tozuo8an9qds56u85juhg,Alejandro Quintero González,Real Sociedad de Fútbol,Reial Club Deportiu Espanyol de Barcelona,Mikel Oyarzabal,1,0,1,2,1,0,0,1,19,0,0,1,0,0,0
46,24 Aug 2025,,6g1tozuo8an9qds56u85juhg,Alejandro Quintero González,Real Sociedad de Fútbol,Reial Club Deportiu Espanyol de Barcelona,Ander Barrenetxea,0,0,0,4,0,2,1,0,26,0,0,4,2,0,0
46,24 Aug 2025,,6g1tozuo8an9qds56u85juhg,Alejandro Quintero González,Real Sociedad de Fútbol,Reial Club Deportiu Espanyol de Barcelona,Igor Zubeldia,0,0,0,0,2,0,0,0,63,0,0,0,0,1,0
46,24 Aug 2025,,6g1tozuo8an9qds56u85juhg,Alejandro Quintero González,Real Sociedad de Fútbol,Reial Club Deportiu Espanyol de Barcelona,Jon Martín,0,1,0,0,3,0,0,0,76,0,0,1,0,1,1
46,24 Aug 2025,,6g1tozuo8an9qds56u85juhg,Alejandro Quintero González,Real Sociedad de Fútbol,Reial Club Deportiu Espanyol de Barcelona,Sergio Gómez,0,0,0,3,0,1,0,0,54,0,0,0,0,6,0
46,24 Aug 2025,,6g1tozuo8an9qds56u85juhg,Alejandro Quintero González,Real Sociedad de Fútbol,Reial Club Deportiu Espanyol de Barcelona,Álex Remiro,0,0,0,0,0,0,0,0,23,0,1,0,0,0,0
46,24 Aug 2025,,6g1tozuo8an9qds56u85juhg,Alejandro Quintero González,Real Sociedad de Fútbol,Reial Club Deportiu Espanyol de Barcelona,O. Óskarsson,0,0,0,1,1,0,1,0,5,0,0,1,1,1,0
46,24 Aug 2025,,6g1tozuo8an9qds56u85juhg,Alejandro Quintero González,Real Sociedad de Fútbol,Reial Club Deportiu Espanyol de Barcelona,Jon Gorrotxategi,0,0,0,0,1,1,0,0,22,0,0,0,0,2,1
46,24 Aug 2025,,6g1tozuo8an9qds56u85juhg,Alejandro Quintero González,Real Sociedad de Fútbol,Reial Club Deportiu Espanyol de Barcelona,Aihen Muñoz,0,0,0,1,0,2,0,0,9,0,0,0,0,1,0
46,24 Aug 2025,,6g1tozuo8an9qds56u85juhg,Alejandro Quintero González,Real Sociedad de Fútbol,Reial Club Deportiu Espanyol de Barcelona,Brais Méndez,0,1,2,3,1,1,0,0,8,0,0,2,1,0,0
46,24 Aug 2025,,6g1tozuo8an9qds56u85juhg,Alejandro Quintero González,Real Sociedad de Fútbol,Reial Club Deportiu Espanyol de Barcelona,Gonçalo Guedes,0,0,0,1,0,0,0,0,8,0,0,1,0,0,0
46,24 Aug 2025,,6g1tozuo8an9qds56u85juhg,Alejandro Quintero González,Real Sociedad de Fútbol,Reial Club Deportiu Espanyol de Barcelona,M. Dmitrović,0,0,0,0,0,1,0,0,33,0,5,0,0,2,0
46,24 Aug 2025,,6g1tozuo8an9qds56u85juhg,Alejandro Quintero González,Real Sociedad de Fútbol,Reial Club Deportiu Espanyol de Barcelona,Edu Expósito,0,2,0,3,1,2,0,0,27,0,0,3,0,2,1
46,24 Aug 2025,,6g1tozuo8an9qds56u85juhg,Alejandro Quintero González,Real Sociedad de Fútbol,Reial Club Deportiu Espanyol de Barcelona,Pol Lozano,0,0,0,0,3,1,0,0,32,0,0,0,0,2,0
46,24 Aug 2025,,6g1tozuo8an9qds56u85juhg,Alejandro Quintero González,Real Sociedad de Fútbol,Reial Club Deportiu Espanyol de Barcelona,Pere Milla,0,1,0,0,0,4,1,1,22,0,0,3,1,4,0
46,24 Aug 2025,,6g1tozuo8an9qds56u85juhg,Alejandro Quintero González,Real Sociedad de Fútbol,Reial Club Deportiu Espanyol de Barcelona,L. Cabrera,0,0,0,0,0,0,0,0,29,0,0,0,0,1,0
46,24 Aug 2025,,6g1tozuo8an9qds56u85juhg,Alejandro Quintero González,Real Sociedad de Fútbol,Reial Club Deportiu Espanyol de Barcelona,Miguel Rubio,0,0,0,0,0,0,0,0,32,0,0,0,0,0,0
46,24 Aug 2025,,6g1tozuo8an9qds56u85juhg,Alejandro Quintero González,Real Sociedad de Fútbol,Reial Club Deportiu Espanyol de Barcelona,Roberto Fernández,1,1,0,0,0,2,0,0,14,0,0,1,0,2,0
46,24 Aug 2025,,6g1tozuo8an9qds56u85juhg,Alejandro Quintero González,Real Sociedad de Fútbol,Reial Club Deportiu Espanyol de Barcelona,T. Dolan,0,0,2,3,1,0,0,0,19,0,0,3,0,1,0
46,24 Aug 2025,,6g1tozuo8an9qds56u85juhg,Alejandro Quintero González,Real Sociedad de Fútbol,Reial Club Deportiu Espanyol de Barcelona,O. El Hilali,0,0,0,0,2,0,0,0,38,0,0,0,0,1,0
46,24 Aug 2025,,6g1tozuo8an9qds56u85juhg,Alejandro Quintero González,Real Sociedad de Fútbol,Reial Club Deportiu Espanyol de Barcelona,Javi Puado,0,0,0,1,3,2,1,0,23,0,0,3,2,1,0
46,24 Aug 2025,,6g1tozuo8an9qds56u85juhg,Alejandro Quintero González,Real Sociedad de Fútbol,Reial Club Deportiu Espanyol de Barcelona,Carlos Romero,0,0,0,1,4,0,0,0,17,0,0,0,0,2,0
46,24 Aug 2025,,6g1tozuo8an9qds56u85juhg,Alejandro Quintero González,Real Sociedad de Fútbol,Reial Club Deportiu Espanyol de Barcelona,Ramon Terrats,0,0,0,0,1,1,0,0,8,0,0,0,0,1,0
46,24 Aug 2025,,6g1tozuo8an9qds56u85juhg,Alejandro Quintero González,Real Sociedad de Fútbol,Reial Club Deportiu Espanyol de Barcelona,Fernando Calero,0,0,0,0,1,2,0,0,4,0,0,1,0,1,1
46,24 Aug 2025,,6g1tozuo8an9qds56u85juhg,Alejandro Quintero González,Real Sociedad de Fútbol,Reial Club Deportiu Espanyol de Barcelona,Kike García,0,0,0,0,1,0,0,0,5,0,0,0,0,0,0
46,24 Aug 2025,,6g1tozuo8an9qds56u85juhg,Alejandro Quintero González,Real Sociedad de Fútbol,Reial Club Deportiu Espanyol de Barcelona,José Salinas,0,0,0,0,1,0,0,0,2,0,0,0,0,0,0
46,24 Aug 2025,,6g1tozuo8an9qds56u85juhg,Alejandro Quintero González,Real Sociedad de Fútbol,Reial Club Deportiu Espanyol de Barcelona,Antoniu Roca,0,0,0,0,0,0,0,0,0,0,0,0,0,1,0
47,29 Aug 2025,,6uofyrgo5n51e1rbx8n8eeqc,Francisco José Hernández Maeso,Valencia CF,Getafe CF,César Tárrega,0,0,0,0,1,0,0,0,49,0,0,0,0,0,0
47,29 Aug 2025,,6uofyrgo5n51e1rbx8n8eeqc,Francisco José Hernández Maeso,Valencia CF,Getafe CF,B. Santamaría,0,1,1,0,1,0,0,0,52,0,0,1,0,2,0
47,29 Aug 2025,,6uofyrgo5n51e1rbx8n8eeqc,Francisco José Hernández Maeso,Valencia CF,Getafe CF,A. Danjuma,0,0,2,4,2,0,1,0,14,0,0,1,1,1,0
47,29 Aug 2025,,6uofyrgo5n51e1rbx8n8eeqc,Francisco José Hernández Maeso,Valencia CF,Getafe CF,Jesús Vázquez,0,1,0,0,2,0,0,0,24,0,0,2,1,2,0
47,29 Aug 2025,,6uofyrgo5n51e1rbx8n8eeqc,Francisco José Hernández Maeso,Valencia CF,Getafe CF,Javi Guerra,1,0,1,2,1,0,0,0,33,0,0,0,0,1,1
47,29 Aug 2025,,6uofyrgo5n51e1rbx8n8eeqc,Francisco José Hernández Maeso,Valencia CF,Getafe CF,M. Diakhaby,0,0,0,0,2,1,1,0,59,0,0,1,1,1,1
47,29 Aug 2025,,6uofyrgo5n51e1rbx8n8eeqc,Francisco José Hernández Maeso,Valencia CF,Getafe CF,Julen Agirrezabala,0,0,0,0,0,0,0,0,26,0,1,0,0,0,0
47,29 Aug 2025,,6uofyrgo5n51e1rbx8n8eeqc,Francisco José Hernández Maeso,Valencia CF,Getafe CF,D. Foulquier,0,0,0,3,1,1,0,0,55,0,0,0,0,1,0
47,29 Aug 2025,,6uofyrgo5n51e1rbx8n8eeqc,Francisco José Hernández Maeso,Valencia CF,Getafe CF,Luis Rioja,1,0,1,7,0,3,0,0,24,0,0,0,0,2,0
47,29 Aug 2025,,6uofyrgo5n51e1rbx8n8eeqc,Francisco José Hernández Maeso,Valencia CF,Getafe CF,Diego López,0,0,2,4,1,1,0,0,14,0,0,1,0,0,0
47,29 Aug 2025,,6uofyrgo5n51e1rbx8n8eeqc,Francisco José Hernández Maeso,Valencia CF,Getafe CF,Hugo Duro,0,0,0,0,2,1,1,0,23,0,0,1,1,1,0
47,29 Aug 2025,,6uofyrgo5n51e1rbx8n8eeqc,Francisco José Hernández Maeso,Valencia CF,Getafe CF,Dani Raba,0,0,0,2,2,0,0,0,8,0,0,0,0,0,0
47,29 Aug 2025,,6uofyrgo5n51e1rbx8n8eeqc,Francisco José Hernández Maeso,Valencia CF,Getafe CF,Pepelu,0,0,1,0,1,0,0,0,19,0,0,0,0,1,0
47,29 Aug 2025,,6uofyrgo5n51e1rbx8n8eeqc,Francisco José Hernández Maeso,Valencia CF,Getafe CF,Copete,0,0,0,0,0,0,0,0,4,0,0,0,0,0,0
47,29 Aug 2025,,6uofyrgo5n51e1rbx8n8eeqc,Francisco José Hernández Maeso,Valencia CF,Getafe CF,L. Ramazani,1,0,0,0,2,0,0,0,4,0,0,0,0,0,0
47,29 Aug 2025,,6uofyrgo5n51e1rbx8n8eeqc,Francisco José Hernández Maeso,Valencia CF,Getafe CF,Luis Milla,0,1,2,4,0,4,0,0,55,0,0,2,0,0,0
47,29 Aug 2025,,6uofyrgo5n51e1rbx8n8eeqc,Francisco José Hernández Maeso,Valencia CF,Getafe CF,Domingos Duarte,0,0,0,0,0,0,0,0,29,0,0,0,0,1,0
47,29 Aug 2025,,6uofyrgo5n51e1rbx8n8eeqc,Francisco José Hernández Maeso,Valencia CF,Getafe CF,Diego Rico,0,0,0,3,2,1,0,0,35,0,0,0,0,1,0
47,29 Aug 2025,,6uofyrgo5n51e1rbx8n8eeqc,Francisco José Hernández Maeso,Valencia CF,Getafe CF,Davinchi,0,0,0,1,1,0,0,0,23,0,0,0,0,2,0
47,29 Aug 2025,,6uofyrgo5n51e1rbx8n8eeqc,Francisco José Hernández Maeso,Valencia CF,Getafe CF,M. Arambarri,0,1,0,0,0,1,0,0,25,0,0,4,0,4,0
47,29 Aug 2025,,6uofyrgo5n51e1rbx8n8eeqc,Francisco José Hernández Maeso,Valencia CF,Getafe CF,D. Dakonam,0,0,0,0,1,1,0,0,33,0,0,0,0,2,0
47,29 Aug 2025,,6uofyrgo5n51e1rbx8n8eeqc,Francisco José Hernández Maeso,Valencia CF,Getafe CF,Juan Iglesias,0,0,2,3,0,1,0,0,18,0,0,0,0,2,0
47,29 Aug 2025,,6uofyrgo5n51e1rbx8n8eeqc,Francisco José Hernández Maeso,Valencia CF,Getafe CF,Adrián Liso,0,1,0,3,2,1,0,4,10,0,0,2,0,1,0
47,29 Aug 2025,,6uofyrgo5n51e1rbx8n8eeqc,Francisco José Hernández Maeso,Valencia CF,Getafe CF,C. Uche,0,1,1,1,0,5,0,1,12,0,0,2,0,0,0
47,29 Aug 2025,,6uofyrgo5n51e1rbx8n8eeqc,Francisco José Hernández Maeso,Valencia CF,Getafe CF,David Soria,0,0,0,0,0,0,0,0,21,0,1,0,0,0,0
47,29 Aug 2025,,6uofyrgo5n51e1rbx8n8eeqc,Francisco José Hernández Maeso,Valencia CF,Getafe CF,Mario Martín,0,0,0,0,0,1,0,0,24,0,0,0,0,1,0
47,29 Aug 2025,,6uofyrgo5n51e1rbx8n8eeqc,Francisco José Hernández Maeso,Valencia CF,Getafe CF,Coba da Costa,0,0,1,6,1,0,0,0,8,0,0,0,0,2,0
47,29 Aug 2025,,6uofyrgo5n51e1rbx8n8eeqc,Francisco José Hernández Maeso,Valencia CF,Getafe CF,Borja Mayoral,0,0,0,0,0,1,0,0,3,0,0,1,1,0,0
48,30 Aug 2025,,77rmbjidsouxav300f54behg,José María Sánchez Martínez,Real Madrid CF,Real Club Deportivo Mallorca,Álvaro Carreras,0,0,0,1,2,1,0,0,62,0,0,0,0,0,0
48,30 Aug 2025,,77rmbjidsouxav300f54behg,José María Sánchez Martínez,Real Madrid CF,Real Club Deportivo Mallorca,A. Güler,0,0,1,1,3,0,1,0,41,0,0,2,2,0,0
48,30 Aug 2025,,77rmbjidsouxav300f54behg,José María Sánchez Martínez,Real Madrid CF,Real Club Deportivo Mallorca,T. Courtois,0,0,0,0,0,0,0,0,22,0,2,0,0,0,0
48,30 Aug 2025,,77rmbjidsouxav300f54behg,José María Sánchez Martínez,Real Madrid CF,Real Club Deportivo Mallorca,T. Alexander-Arnold,0,0,0,3,0,0,0,0,47,0,0,1,0,1,0
48,30 Aug 2025,,77rmbjidsouxav300f54behg,José María Sánchez Martínez,Real Madrid CF,Real Club Deportivo Mallorca,F. Mastantuono,0,0,0,1,1,0,0,0,35,0,0,3,1,1,0
48,30 Aug 2025,,77rmbjidsouxav300f54behg,José María Sánchez Martínez,Real Madrid CF,Real Club Deportivo Mallorca,Éder Militão,0,0,0,0,2,1,0,0,47,0,0,0,0,2,1
48,30 Aug 2025,,77rmbjidsouxav300f54behg,José María Sánchez Martínez,Real Madrid CF,Real Club Deportivo Mallorca,Dean Huijsen,1,1,0,0,1,0,0,0,67,0,0,1,0,0,1
48,30 Aug 2025,,77rmbjidsouxav300f54behg,José María Sánchez Martínez,Real Madrid CF,Real Club Deportivo Mallorca,Vinícius Júnior,0,0,0,3,0,0,1,0,44,0,0,2,2,1,0
48,30 Aug 2025,,77rmbjidsouxav300f54behg,José María Sánchez Martínez,Real Madrid CF,Real Club Deportivo Mallorca,F. Valverde,1,0,2,2,1,0,0,0,41,0,0,0,0,1,0
48,30 Aug 2025,,77rmbjidsouxav300f54behg,José María Sánchez Martínez,Real Madrid CF,Real Club Deportivo Mallorca,K. Mbappé,0,3,0,1,1,1,0,3,37,0,0,5,0,0,0
48,30 Aug 2025,,77rmbjidsouxav300f54behg,José María Sánchez Martínez,Real Madrid CF,Real Club Deportivo Mallorca,A. Tchouaméni,0,0,0,0,0,0,0,0,39,0,0,2,1,3,0
48,30 Aug 2025,,77rmbjidsouxav300f54behg,José María Sánchez Martínez,Real Madrid CF,Real Club Deportivo Mallorca,Brahim Díaz,0,0,0,1,0,1,0,0,11,0,0,1,1,0,0
48,30 Aug 2025,,77rmbjidsouxav300f54behg,José María Sánchez Martínez,Real Madrid CF,Real Club Deportivo Mallorca,Rodrygo,0,0,0,0,0,0,0,0,10,0,0,0,0,0,0
48,30 Aug 2025,,77rmbjidsouxav300f54behg,José María Sánchez Martínez,Real Madrid CF,Real Club Deportivo Mallorca,Dani Carvajal,0,0,1,0,1,0,0,0,18,0,0,0,0,2,0
48,30 Aug 2025,,77rmbjidsouxav300f54behg,José María Sánchez Martínez,Real Madrid CF,Real Club Deportivo Mallorca,Dani Ceballos,0,0,0,1,0,2,0,0,16,0,0,0,0,2,0
48,30 Aug 2025,,77rmbjidsouxav300f54behg,José María Sánchez Martínez,Real Madrid CF,Real Club Deportivo Mallorca,Gonzalo García,0,0,0,0,0,0,0,0,1,0,0,0,0,0,0
48,30 Aug 2025,,77rmbjidsouxav300f54behg,José María Sánchez Martínez,Real Madrid CF,Real Club Deportivo Mallorca,Sergi Darder,0,0,1,6,1,2,0,0,35,0,0,0,0,0,0
48,30 Aug 2025,,77rmbjidsouxav300f54behg,José María Sánchez Martínez,Real Madrid CF,Real Club Deportivo Mallorca,Antonio Raíllo,0,0,0,0,1,0,0,0,28,0,0,1,0,0,0
48,30 Aug 2025,,77rmbjidsouxav300f54behg,José María Sánchez Martínez,Real Madrid CF,Real Club Deportivo Mallorca,Manu Morlanes,0,0,0,0,0,2,0,0,43,0,0,1,0,2,0
48,30 Aug 2025,,77rmbjidsouxav300f54behg,José María Sánchez Martínez,Real Madrid CF,Real Club Deportivo Mallorca,M. Valjent,0,0,0,0,2,0,0,0,26,0,0,1,1,4,0
48,30 Aug 2025,,77rmbjidsouxav300f54behg,José María Sánchez Martínez,Real Madrid CF,Real Club Deportivo Mallorca,Pablo Torre,1,0,0,3,0,1,0,0,32,0,0,0,0,0,0
48,30 Aug 2025,,77rmbjidsouxav300f54behg,José María Sánchez Martínez,Real Madrid CF,Real Club Deportivo Mallorca,Mateo Joseph,0,1,0,1,1,1,0,0,13,0,0,2,1,0,0
48,30 Aug 2025,,77rmbjidsouxav300f54behg,José María Sánchez Martínez,Real Madrid CF,Real Club Deportivo Mallorca,M. Kumbulla,0,0,0,0,0,0,0,1,55,0,0,0,0,1,0
48,30 Aug 2025,,77rmbjidsouxav300f54behg,José María Sánchez Martínez,Real Madrid CF,Real Club Deportivo Mallorca,Toni Lato,0,0,2,2,0,0,0,0,38,0,0,0,0,2,0
48,30 Aug 2025,,77rmbjidsouxav300f54behg,José María Sánchez Martínez,Real Madrid CF,Real Club Deportivo Mallorca,V. Muriqi,0,1,1,0,0,2,1,0,24,0,0,3,2,1,0
48,30 Aug 2025,,77rmbjidsouxav300f54behg,José María Sánchez Martínez,Real Madrid CF,Real Club Deportivo Mallorca,Mateu Morey,0,0,0,2,0,0,0,0,22,0,0,0,0,2,0
48,30 Aug 2025,,77rmbjidsouxav300f54behg,José María Sánchez Martínez,Real Madrid CF,Real Club Deportivo Mallorca,Leo Román,0,0,0,0,0,0,0,0,39,0,5,0,0,0,0
48,30 Aug 2025,,77rmbjidsouxav300f54behg,José María Sánchez Martínez,Real Madrid CF,Real Club Deportivo Mallorca,Samú Costa,0,0,0,1,0,0,0,0,14,0,0,1,1,2,0
48,30 Aug 2025,,77rmbjidsouxav300f54behg,José María Sánchez Martínez,Real Madrid CF,Real Club Deportivo Mallorca,Antonio Sánchez,0,0,0,0,0,0,0,0,3,0,0,0,0,0,0
48,30 Aug 2025,,77rmbjidsouxav300f54behg,José María Sánchez Martínez,Real Madrid CF,Real Club Deportivo Mallorca,J. Mojica,0,0,1,1,1,1,0,0,7,0,0,0,0,0,0
48,30 Aug 2025,,77rmbjidsouxav300f54behg,José María Sánchez Martínez,Real Madrid CF,Real Club Deportivo Mallorca,Jan Virgili,0,0,0,0,0,1,0,0,2,0,0,0,0,0,0
48,30 Aug 2025,,77rmbjidsouxav300f54behg,José María Sánchez Martínez,Real Madrid CF,Real Club Deportivo Mallorca,T. Asano,0,0,0,0,1,0,0,0,1,0,0,0,0,0,0
49,30 Aug 2025,,7kvwnpl7nq950703yan4bspg,Víctor García Verdura,Deportivo Alavés,Club Atlético de Madrid,Antonio Blanco,0,0,0,1,0,1,0,0,44,0,0,1,1,5,0
49,30 Aug 2025,,7kvwnpl7nq950703yan4bspg,Víctor García Verdura,Deportivo Alavés,Club Atlético de Madrid,F. Garcés,0,0,0,0,0,2,0,0,27,0,0,0,0,0,0
49,30 Aug 2025,,7kvwnpl7nq950703yan4bspg,Víctor García Verdura,Deportivo Alavés,Club Atlético de Madrid,N. Tenaglia,0,0,0,0,1,4,0,0,35,0,0,0,0,1,0
49,30 Aug 2025,,7kvwnpl7nq950703yan4bspg,Víctor García Verdura,Deportivo Alavés,Club Atlético de Madrid,Carles Aleñá,0,0,0,4,1,2,0,0,33,0,0,0,0,3,0
49,30 Aug 2025,,7kvwnpl7nq950703yan4bspg,Víctor García Verdura,Deportivo Alavés,Club Atlético de Madrid,Jonny,0,0,0,0,2,0,0,0,51,0,0,0,0,0,0
49,30 Aug 2025,,7kvwnpl7nq950703yan4bspg,Víctor García Verdura,Deportivo Alavés,Club Atlético de Madrid,Carlos Vicente,0,0,1,1,1,2,1,0,35,0,0,1,1,2,0
49,30 Aug 2025,,7kvwnpl7nq950703yan4bspg,Víctor García Verdura,Deportivo Alavés,Club Atlético de Madrid,Pablo Ibáñez,0,1,0,0,0,4,0,0,36,0,0,1,0,1,0
49,30 Aug 2025,,7kvwnpl7nq950703yan4bspg,Víctor García Verdura,Deportivo Alavés,Club Atlético de Madrid,Toni Martínez,0,0,0,0,0,1,0,0,13,0,0,2,0,0,0
49,30 Aug 2025,,7kvwnpl7nq950703yan4bspg,Víctor García Verdura,Deportivo Alavés,Club Atlético de Madrid,Antonio Sivera,0,0,0,0,0,0,0,0,34,0,5,0,0,0,0
49,30 Aug 2025,,7kvwnpl7nq950703yan4bspg,Víctor García Verdura,Deportivo Alavés,Club Atlético de Madrid,M. Diarra,0,0,0,1,1,0,0,0,19,0,0,0,0,1,1
49,30 Aug 2025,,7kvwnpl7nq950703yan4bspg,Víctor García Verdura,Deportivo Alavés,Club Atlético de Madrid,Jon Guridi,0,0,0,0,0,0,0,0,29,0,0,0,0,0,0
49,30 Aug 2025,,7kvwnpl7nq950703yan4bspg,Víctor García Verdura,Deportivo Alavés,Club Atlético de Madrid,Víctor Parada,0,0,0,0,2,0,0,0,3,0,0,0,0,0,1
49,30 Aug 2025,,7kvwnpl7nq950703yan4bspg,Víctor García Verdura,Deportivo Alavés,Club Atlético de Madrid,Ander Guevara,0,0,0,0,0,0,0,0,7,0,0,0,0,0,0
49,30 Aug 2025,,7kvwnpl7nq950703yan4bspg,Víctor García Verdura,Deportivo Alavés,Club Atlético de Madrid,M. Díaz,0,0,0,0,1,0,0,0,5,0,0,0,0,0,0
49,30 Aug 2025,,7kvwnpl7nq950703yan4bspg,Víctor García Verdura,Deportivo Alavés,Club Atlético de Madrid,C. Protesoni,0,0,0,0,1,0,0,0,5,0,0,0,0,0,0
49,30 Aug 2025,,7kvwnpl7nq950703yan4bspg,Víctor García Verdura,Deportivo Alavés,Club Atlético de Madrid,Denis Suárez,0,0,0,0,0,0,0,0,1,0,0,0,0,1,0
49,30 Aug 2025,,7kvwnpl7nq950703yan4bspg,Víctor García Verdura,Deportivo Alavés,Club Atlético de Madrid,A. Sørloth,0,0,1,0,5,1,0,1,16,0,0,1,1,0,1
49,30 Aug 2025,,7kvwnpl7nq950703yan4bspg,Víctor García Verdura,Deportivo Alavés,Club Atlético de Madrid,J. Cardoso,0,0,0,0,3,0,0,0,31,0,0,0,0,2,1
49,30 Aug 2025,,7kvwnpl7nq950703yan4bspg,Víctor García Verdura,Deportivo Alavés,Club Atlético de Madrid,Robin Le Normand,0,0,0,1,0,1,0,0,65,0,0,0,0,0,0
49,30 Aug 2025,,7kvwnpl7nq950703yan4bspg,Víctor García Verdura,Deportivo Alavés,Club Atlético de Madrid,C. Lenglet,0,0,1,2,0,0,0,0,81,0,0,1,0,1,0
49,30 Aug 2025,,7kvwnpl7nq950703yan4bspg,Víctor García Verdura,Deportivo Alavés,Club Atlético de Madrid,Marcos Llorente,0,0,1,1,2,0,0,0,65,0,0,2,1,0,0
49,30 Aug 2025,,7kvwnpl7nq950703yan4bspg,Víctor García Verdura,Deportivo Alavés,Club Atlético de Madrid,Pablo Barrios,0,1,2,3,2,1,0,0,59,0,0,2,0,5,0
49,30 Aug 2025,,7kvwnpl7nq950703yan4bspg,Víctor García Verdura,Deportivo Alavés,Club Atlético de Madrid,T. Almada,0,1,0,0,0,1,0,0,22,0,0,2,1,3,0
49,30 Aug 2025,,7kvwnpl7nq950703yan4bspg,Víctor García Verdura,Deportivo Alavés,Club Atlético de Madrid,J. Alvarez,0,1,0,6,0,1,0,0,27,0,0,2,1,2,0
49,30 Aug 2025,,7kvwnpl7nq950703yan4bspg,Víctor García Verdura,Deportivo Alavés,Club Atlético de Madrid,D. Hancko,0,0,0,4,1,1,0,0,23,0,0,1,0,1,0
49,30 Aug 2025,,7kvwnpl7nq950703yan4bspg,Víctor García Verdura,Deportivo Alavés,Club Atlético de Madrid,G. Simeone,0,0,0,0,2,2,1,0,39,0,0,1,1,3,0
49,30 Aug 2025,,7kvwnpl7nq950703yan4bspg,Víctor García Verdura,Deportivo Alavés,Club Atlético de Madrid,J. Oblak,0,0,0,0,0,0,0,0,27,0,1,0,0,0,0
49,30 Aug 2025,,7kvwnpl7nq950703yan4bspg,Víctor García Verdura,Deportivo Alavés,Club Atlético de Madrid,C. Gallagher,0,0,0,0,0,0,0,0,26,0,0,0,0,2,0
49,30 Aug 2025,,7kvwnpl7nq950703yan4bspg,Víctor García Verdura,Deportivo Alavés,Club Atlético de Madrid,A. Griezmann,0,0,0,5,0,0,0,0,23,0,0,1,0,0,0
49,30 Aug 2025,,7kvwnpl7nq950703yan4bspg,Víctor García Verdura,Deportivo Alavés,Club Atlético de Madrid,M. Ruggeri,0,0,1,2,1,0,0,0,21,0,0,0,0,0,0
49,30 Aug 2025,,7kvwnpl7nq950703yan4bspg,Víctor García Verdura,Deportivo Alavés,Club Atlético de Madrid,Koke,0,0,0,2,1,1,0,0,23,0,0,0,0,0,1
49,30 Aug 2025,,7kvwnpl7nq950703yan4bspg,Víctor García Verdura,Deportivo Alavés,Club Atlético de Madrid,G. Raspadori,0,0,0,0,0,0,0,0,2,0,0,2,1,0,0
50,31 Aug 2025,,7xugcr8ngdrh3re1qvzjxnv8,Alejandro Quintero González,Real Club Celta de Vigo,Villarreal CF,Javi Rodríguez,0,0,0,0,0,0,0,0,92,0,0,0,0,2,0
50,31 Aug 2025,,7xugcr8ngdrh3re1qvzjxnv8,Alejandro Quintero González,Real Club Celta de Vigo,Villarreal CF,I. Radu,0,0,0,0,0,2,0,0,25,0,2,0,0,0,0
50,31 Aug 2025,,7xugcr8ngdrh3re1qvzjxnv8,Alejandro Quintero González,Real Club Celta de Vigo,Villarreal CF,Miguel Román,0,1,0,0,1,0,0,0,61,0,0,1,0,2,1
50,31 Aug 2025,,7xugcr8ngdrh3re1qvzjxnv8,Alejandro Quintero González,Real Club Celta de Vigo,Villarreal CF,Sergio Carreira,0,0,0,3,1,1,0,0,57,0,0,0,0,2,0
50,31 Aug 2025,,7xugcr8ngdrh3re1qvzjxnv8,Alejandro Quintero González,Real Club Celta de Vigo,Villarreal CF,Manu Fernández,0,0,0,0,2,1,0,0,87,0,0,0,0,4,0
50,31 Aug 2025,,7xugcr8ngdrh3re1qvzjxnv8,Alejandro Quintero González,Real Club Celta de Vigo,Villarreal CF,Hugo Sotelo,0,0,0,1,1,1,0,0,109,0,0,0,0,4,0
50,31 Aug 2025,,7xugcr8ngdrh3re1qvzjxnv8,Alejandro Quintero González,Real Club Celta de Vigo,Villarreal CF,Carlos Domínguez,0,0,0,0,1,0,0,0,109,0,0,0,0,1,0
50,31 Aug 2025,,7xugcr8ngdrh3re1qvzjxnv8,Alejandro Quintero González,Real Club Celta de Vigo,Villarreal CF,Javi Rueda,1,1,0,1,3,0,0,0,60,0,0,2,0,0,0
50,31 Aug 2025,,7xugcr8ngdrh3re1qvzjxnv8,Alejandro Quintero González,Real Club Celta de Vigo,Villarreal CF,Bryan Zaragoza,0,0,0,5,0,1,0,0,18,0,0,1,1,0,0
50,31 Aug 2025,,7xugcr8ngdrh3re1qvzjxnv8,Alejandro Quintero González,Real Club Celta de Vigo,Villarreal CF,Iago Aspas,0,0,0,0,0,0,0,0,35,0,0,2,0,0,0
50,31 Aug 2025,,7xugcr8ngdrh3re1qvzjxnv8,Alejandro Quintero González,Real Club Celta de Vigo,Villarreal CF,Pablo Durán,0,2,1,0,2,0,0,0,13,0,0,2,0,0,0
50,31 Aug 2025,,7xugcr8ngdrh3re1qvzjxnv8,Alejandro Quintero González,Real Club Celta de Vigo,Villarreal CF,Hugo Álvarez,0,0,0,0,0,0,0,0,18,0,0,0,0,1,0
50,31 Aug 2025,,7xugcr8ngdrh3re1qvzjxnv8,Alejandro Quintero González,Real Club Celta de Vigo,Villarreal CF,Borja Iglesias,0,0,0,0,0,0,1,0,2,0,0,1,1,0,0
50,31 Aug 2025,,7xugcr8ngdrh3re1qvzjxnv8,Alejandro Quintero González,Real Club Celta de Vigo,Villarreal CF,I. Moriba,0,0,0,0,0,0,0,0,15,0,0,1,0,1,0
50,31 Aug 2025,,7xugcr8ngdrh3re1qvzjxnv8,Alejandro Quintero González,Real Club Celta de Vigo,Villarreal CF,W. Swedberg,0,0,0,0,0,0,0,0,6,0,0,0,0,2,0
50,31 Aug 2025,,7xugcr8ngdrh3re1qvzjxnv8,Alejandro Quintero González,Real Club Celta de Vigo,Villarreal CF,Óscar Mingueza,0,0,0,2,0,1,0,0,35,0,0,0,0,0,0
50,31 Aug 2025,,7xugcr8ngdrh3re1qvzjxnv8,Alejandro Quintero González,Real Club Celta de Vigo,Villarreal CF,Yoel Lago,0,0,0,0,0,0,0,0,0,0,0,0,0,0,0
50,31 Aug 2025,,7xugcr8ngdrh3re1qvzjxnv8,Alejandro Quintero González,Real Club Celta de Vigo,Villarreal CF,N. Pépé,0,0,0,4,0,0,1,0,32,0,0,2,2,1,0
50,31 Aug 2025,,7xugcr8ngdrh3re1qvzjxnv8,Alejandro Quintero González,Real Club Celta de Vigo,Villarreal CF,Luíz Júnior,0,0,1,0,0,0,0,0,26,0,2,0,0,0,0
50,31 Aug 2025,,7xugcr8ngdrh3re1qvzjxnv8,Alejandro Quintero González,Real Club Celta de Vigo,Villarreal CF,Alberto Moleiro,0,1,1,1,0,0,0,0,14,0,0,2,1,3,0
50,31 Aug 2025,,7xugcr8ngdrh3re1qvzjxnv8,Alejandro Quintero González,Real Club Celta de Vigo,Villarreal CF,P. Gueye,0,0,0,1,1,1,0,0,41,0,0,2,0,1,1
50,31 Aug 2025,,7xugcr8ngdrh3re1qvzjxnv8,Alejandro Quintero González,Real Club Celta de Vigo,Villarreal CF,Sergi Cardona,0,0,0,2,0,0,0,0,46,0,0,0,0,5,0
50,31 Aug 2025,,7xugcr8ngdrh3re1qvzjxnv8,Alejandro Quintero González,Real Club Celta de Vigo,Villarreal CF,Rafa Marín,0,0,0,0,0,0,0,0,47,0,0,0,0,1,0
50,31 Aug 2025,,7xugcr8ngdrh3re1qvzjxnv8,Alejandro Quintero González,Real Club Celta de Vigo,Villarreal CF,J. Foyth,0,0,0,0,0,0,0,0,43,0,0,1,0,4,0
50,31 Aug 2025,,7xugcr8ngdrh3re1qvzjxnv8,Alejandro Quintero González,Real Club Celta de Vigo,Villarreal CF,Santi Comesaña,0,0,1,0,1,3,0,0,47,0,0,0,0,3,0
50,31 Aug 2025,,7xugcr8ngdrh3re1qvzjxnv8,Alejandro Quintero González,Real Club Celta de Vigo,Villarreal CF,S. Mouriño,0,0,1,1,2,1,0,0,41,0,0,0,0,1,0
50,31 Aug 2025,,7xugcr8ngdrh3re1qvzjxnv8,Alejandro Quintero González,Real Club Celta de Vigo,Villarreal CF,T. Buchanan,0,0,1,0,1,2,0,0,25,0,0,0,0,5,0
50,31 Aug 2025,,7xugcr8ngdrh3re1qvzjxnv8,Alejandro Quintero González,Real Club Celta de Vigo,Villarreal CF,E. Eyong,1,0,0,0,2,1,0,0,8,0,0,1,0,3,0
50,31 Aug 2025,,7xugcr8ngdrh3re1qvzjxnv8,Alejandro Quintero González,Real Club Celta de Vigo,Villarreal CF,T. Partey,0,0,0,1,0,0,0,0,7,0,0,0,0,0,0
50,31 Aug 2025,,7xugcr8ngdrh3re1qvzjxnv8,Alejandro Quintero González,Real Club Celta de Vigo,Villarreal CF,Dani Parejo,0,0,0,1,0,0,0,0,9,0,0,0,0,0,0
50,31 Aug 2025,,7xugcr8ngdrh3re1qvzjxnv8,Alejandro Quintero González,Real Club Celta de Vigo,Villarreal CF,T. Oluwaseyi,0,0,0,0,0,0,0,0,4,0,0,0,0,0,0
50,31 Aug 2025,,7xugcr8ngdrh3re1qvzjxnv8,Alejandro Quintero González,Real Club Celta de Vigo,Villarreal CF,I. Akhomach,0,0,0,1,1,0,0,0,3,0,0,0,0,1,0
50,31 Aug 2025,,7xugcr8ngdrh3re1qvzjxnv8,Alejandro Quintero González,Real Club Celta de Vigo,Villarreal CF,Renato Veiga,0,0,0,0,0,0,0,0,1,0,0,0,0,0,0
51,29 Aug 2025,,8auqwdd7rhk8k4erd29m5c0k,Iosu Galech Apezteguía,Elche CF,Levante UD,Rodrigo Mendoza,0,1,1,7,2,1,1,0,35,0,0,2,1,0,1
51,29 Aug 2025,,8auqwdd7rhk8k4erd29m5c0k,Iosu Galech Apezteguía,Elche CF,Levante UD,M. Dituro,0,0,0,0,0,0,0,0,44,0,1,0,0,0,0
51,29 Aug 2025,,8auqwdd7rhk8k4erd29m5c0k,Iosu Galech Apezteguía,Elche CF,Levante UD,Á. Rodríguez,1,0,0,0,2,1,0,0,12,0,0,5,2,0,0
51,29 Aug 2025,,8auqwdd7rhk8k4erd29m5c0k,Iosu Galech Apezteguía,Elche CF,Levante UD,Álvaro Núñez,0,0,1,4,0,0,0,0,38,0,0,1,0,2,0
51,29 Aug 2025,,8auqwdd7rhk8k4erd29m5c0k,Iosu Galech Apezteguía,Elche CF,Levante UD,Víctor Chust,0,0,0,2,1,1,0,0,57,0,0,0,0,1,0
51,29 Aug 2025,,8auqwdd7rhk8k4erd29m5c0k,Iosu Galech Apezteguía,Elche CF,Levante UD,Marc Aguado,0,0,0,0,2,2,0,0,24,0,0,0,0,1,0
51,29 Aug 2025,,8auqwdd7rhk8k4erd29m5c0k,Iosu Galech Apezteguía,Elche CF,Levante UD,D. Affengruber,0,0,1,0,1,0,0,0,98,0,0,0,0,1,0
51,29 Aug 2025,,8auqwdd7rhk8k4erd29m5c0k,Iosu Galech Apezteguía,Elche CF,Levante UD,Pedro Bigas,1,0,1,4,2,0,0,0,108,0,0,1,0,2,0
51,29 Aug 2025,,8auqwdd7rhk8k4erd29m5c0k,Iosu Galech Apezteguía,Elche CF,Levante UD,Aleix Febas,0,0,0,0,1,3,0,0,58,0,0,3,1,3,0
51,29 Aug 2025,,8auqwdd7rhk8k4erd29m5c0k,Iosu Galech Apezteguía,Elche CF,Levante UD,Germán Valera,0,1,0,3,0,6,0,0,46,0,0,1,0,1,0
51,29 Aug 2025,,8auqwdd7rhk8k4erd29m5c0k,Iosu Galech Apezteguía,Elche CF,Levante UD,Rafa Mir,0,0,0,1,1,1,1,1,12,0,0,1,1,0,0
51,29 Aug 2025,,8auqwdd7rhk8k4erd29m5c0k,Iosu Galech Apezteguía,Elche CF,Levante UD,M. El Ghezouani,0,1,0,0,1,1,0,0,9,0,0,1,0,2,0
51,29 Aug 2025,,8auqwdd7rhk8k4erd29m5c0k,Iosu Galech Apezteguía,Elche CF,Levante UD,André Silva,0,0,0,0,1,0,0,0,6,0,0,0,0,0,0
51,29 Aug 2025,,8auqwdd7rhk8k4erd29m5c0k,Iosu Galech Apezteguía,Elche CF,Levante UD,Martim Neto,0,1,0,0,0,0,0,0,13,0,0,1,0,0,0
51,29 Aug 2025,,8auqwdd7rhk8k4erd29m5c0k,Iosu Galech Apezteguía,Elche CF,Levante UD,F. Redondo,0,0,0,0,0,0,0,0,6,0,0,0,0,0,0
51,29 Aug 2025,,8auqwdd7rhk8k4erd29m5c0k,Iosu Galech Apezteguía,Elche CF,Levante UD,L. Pétrot,0,0,0,0,0,0,0,0,3,0,0,0,0,0,0
51,29 Aug 2025,,8auqwdd7rhk8k4erd29m5c0k,Iosu Galech Apezteguía,Elche CF,Levante UD,Manu Sánchez,0,0,0,0,0,0,0,0,16,0,0,1,0,0,0
51,29 Aug 2025,,8auqwdd7rhk8k4erd29m5c0k,Iosu Galech Apezteguía,Elche CF,Levante UD,Oriol Rey,0,0,0,0,3,0,0,0,21,0,0,1,0,2,0
51,29 Aug 2025,,8auqwdd7rhk8k4erd29m5c0k,Iosu Galech Apezteguía,Elche CF,Levante UD,Adrián de la Fuente,0,0,0,2,3,2,0,0,41,0,0,1,0,1,1
51,29 Aug 2025,,8auqwdd7rhk8k4erd29m5c0k,Iosu Galech Apezteguía,Elche CF,Levante UD,M. Ryan,0,0,0,0,0,0,0,0,21,0,3,0,0,0,0
51,29 Aug 2025,,8auqwdd7rhk8k4erd29m5c0k,Iosu Galech Apezteguía,Elche CF,Levante UD,J. Toljan,0,0,0,1,2,1,0,0,8,0,0,0,0,2,1
51,29 Aug 2025,,8auqwdd7rhk8k4erd29m5c0k,Iosu Galech Apezteguía,Elche CF,Levante UD,Carlos Álvarez,0,0,0,0,2,2,0,0,18,0,0,1,0,1,0
51,29 Aug 2025,,8auqwdd7rhk8k4erd29m5c0k,Iosu Galech Apezteguía,Elche CF,Levante UD,Iván Romero,0,1,1,1,1,6,0,0,14,0,0,2,0,1,0
51,29 Aug 2025,,8auqwdd7rhk8k4erd29m5c0k,Iosu Galech Apezteguía,Elche CF,Levante UD,Roger Brugué,0,0,0,0,1,0,0,0,13,0,0,2,0,0,0
51,29 Aug 2025,,8auqwdd7rhk8k4erd29m5c0k,Iosu Galech Apezteguía,Elche CF,Levante UD,Unai Elgezabal,0,0,0,0,0,1,0,0,34,0,0,0,0,2,0
51,29 Aug 2025,,8auqwdd7rhk8k4erd29m5c0k,Iosu Galech Apezteguía,Elche CF,Levante UD,Jorge Cabello,0,0,0,0,1,0,0,0,19,0,0,0,0,1,0
51,29 Aug 2025,,8auqwdd7rhk8k4erd29m5c0k,Iosu Galech Apezteguía,Elche CF,Levante UD,Pablo Martínez,0,1,0,1,1,1,0,0,27,0,0,2,0,1,0
51,29 Aug 2025,,8auqwdd7rhk8k4erd29m5c0k,Iosu Galech Apezteguía,Elche CF,Levante UD,José Luis Morales,0,0,0,0,0,0,0,0,9,0,0,0,0,0,0
51,29 Aug 2025,,8auqwdd7rhk8k4erd29m5c0k,Iosu Galech Apezteguía,Elche CF,Levante UD,Jon Olasagasti,0,0,0,4,1,1,0,0,12,0,0,0,0,0,0
51,29 Aug 2025,,8auqwdd7rhk8k4erd29m5c0k,Iosu Galech Apezteguía,Elche CF,Levante UD,Víctor García,0,0,1,3,1,0,0,0,11,0,0,1,1,2,0
51,29 Aug 2025,,8auqwdd7rhk8k4erd29m5c0k,Iosu Galech Apezteguía,Elche CF,Levante UD,Carlos Espí,0,0,0,0,0,0,0,1,3,0,0,0,0,0,0
51,29 Aug 2025,,8auqwdd7rhk8k4erd29m5c0k,Iosu Galech Apezteguía,Elche CF,Levante UD,Iker Losada,0,0,0,0,1,0,0,0,5,0,0,0,0,0,0
86,23 Sep 2025,,jtywnxc2k08euwiq1ssvws9g,César Soto Grado,Sevilla FC,Villarreal CF,G. Suazo,0,0,1,4,1,1,0,0,69,0,0,0,0,5,0
86,23 Sep 2025,,jtywnxc2k08euwiq1ssvws9g,César Soto Grado,Sevilla FC,Villarreal CF,C. Ejuke,0,0,0,0,0,1,0,0,20,0,0,0,0,1,0
86,23 Sep 2025,,jtywnxc2k08euwiq1ssvws9g,César Soto Grado,Sevilla FC,Villarreal CF,D. Sow,0,0,0,0,1,2,1,0,60,0,0,2,1,2,0
86,23 Sep 2025,,jtywnxc2k08euwiq1ssvws9g,César Soto Grado,Sevilla FC,Villarreal CF,Kike Salas,0,0,0,1,2,0,0,0,81,0,0,1,0,3,0
86,23 Sep 2025,,jtywnxc2k08euwiq1ssvws9g,César Soto Grado,Sevilla FC,Villarreal CF,N. Gudelj,0,2,0,1,1,1,0,0,24,0,0,4,0,1,1
86,23 Sep 2025,,jtywnxc2k08euwiq1ssvws9g,César Soto Grado,Sevilla FC,Villarreal CF,O. Vlachodimos,0,0,0,0,0,0,0,0,29,0,3,0,0,0,0
86,23 Sep 2025,,jtywnxc2k08euwiq1ssvws9g,César Soto Grado,Sevilla FC,Villarreal CF,César Azpilicueta,0,0,0,2,2,1,0,0,90,0,0,0,0,1,0
86,23 Sep 2025,,jtywnxc2k08euwiq1ssvws9g,César Soto Grado,Sevilla FC,Villarreal CF,Andrés Castrín,0,0,0,0,0,0,0,0,61,0,0,0,0,3,0
86,23 Sep 2025,,jtywnxc2k08euwiq1ssvws9g,César Soto Grado,Sevilla FC,Villarreal CF,Juanlu Sánchez,0,1,1,5,1,1,0,0,55,0,0,1,0,1,0
86,23 Sep 2025,,jtywnxc2k08euwiq1ssvws9g,César Soto Grado,Sevilla FC,Villarreal CF,A. Adams,0,1,1,0,4,1,0,0,10,0,0,2,0,1,0
86,23 Sep 2025,,jtywnxc2k08euwiq1ssvws9g,César Soto Grado,Sevilla FC,Villarreal CF,A. Januzaj,0,1,0,6,2,3,0,0,27,0,0,1,0,1,0
86,23 Sep 2025,,jtywnxc2k08euwiq1ssvws9g,César Soto Grado,Sevilla FC,Villarreal CF,A. Sánchez,0,0,0,2,1,1,0,0,17,0,0,1,0,0,0
86,23 Sep 2025,,jtywnxc2k08euwiq1ssvws9g,César Soto Grado,Sevilla FC,Villarreal CF,T. Nianzou,0,0,0,0,0,0,0,0,13,0,0,0,0,2,0
86,23 Sep 2025,,jtywnxc2k08euwiq1ssvws9g,César Soto Grado,Sevilla FC,Villarreal CF,R. Vargas,0,2,0,4,0,0,0,0,17,0,0,2,0,1,0
86,23 Sep 2025,,jtywnxc2k08euwiq1ssvws9g,César Soto Grado,Sevilla FC,Villarreal CF,José Ángel Carmona,0,0,0,0,1,0,0,0,19,0,0,0,0,1,0
86,23 Sep 2025,,jtywnxc2k08euwiq1ssvws9g,César Soto Grado,Sevilla FC,Villarreal CF,B. Mendy,0,1,0,0,1,0,0,0,7,0,0,2,1,0,0
86,23 Sep 2025,,jtywnxc2k08euwiq1ssvws9g,César Soto Grado,Sevilla FC,Villarreal CF,Oso,0,0,0,0,0,0,0,0,0,0,0,0,0,0,1
86,23 Sep 2025,,jtywnxc2k08euwiq1ssvws9g,César Soto Grado,Sevilla FC,Villarreal CF,Dani Parejo,0,0,0,2,1,2,0,0,46,0,0,0,0,4,0
86,23 Sep 2025,,jtywnxc2k08euwiq1ssvws9g,César Soto Grado,Sevilla FC,Villarreal CF,Arnau Tenas,0,0,0,0,0,0,0,0,26,0,1,0,0,0,0
86,23 Sep 2025,,jtywnxc2k08euwiq1ssvws9g,César Soto Grado,Sevilla FC,Villarreal CF,S. Mouriño,0,0,0,1,2,0,0,0,29,0,0,1,0,3,0
86,23 Sep 2025,,jtywnxc2k08euwiq1ssvws9g,César Soto Grado,Sevilla FC,Villarreal CF,Santi Comesaña,0,1,0,0,0,0,0,0,14,0,0,1,0,0,0
86,23 Sep 2025,,jtywnxc2k08euwiq1ssvws9g,César Soto Grado,Sevilla FC,Villarreal CF,P. Gueye,0,0,0,0,1,4,0,0,41,0,0,0,0,2,1
86,23 Sep 2025,,jtywnxc2k08euwiq1ssvws9g,César Soto Grado,Sevilla FC,Villarreal CF,Sergi Cardona,1,0,0,0,3,1,0,0,24,0,0,0,0,0,0
86,23 Sep 2025,,jtywnxc2k08euwiq1ssvws9g,César Soto Grado,Sevilla FC,Villarreal CF,Renato Veiga,0,0,0,0,1,2,0,0,45,0,0,1,1,0,0
86,23 Sep 2025,,jtywnxc2k08euwiq1ssvws9g,César Soto Grado,Sevilla FC,Villarreal CF,Rafa Marín,0,0,0,0,2,0,0,1,30,0,0,0,0,2,1
86,23 Sep 2025,,jtywnxc2k08euwiq1ssvws9g,César Soto Grado,Sevilla FC,Villarreal CF,T. Buchanan,0,1,0,1,0,4,0,1,18,0,0,1,0,0,0
86,23 Sep 2025,,jtywnxc2k08euwiq1ssvws9g,César Soto Grado,Sevilla FC,Villarreal CF,T. Oluwaseyi,0,0,1,0,0,0,1,1,6,0,0,3,2,2,0
86,23 Sep 2025,,jtywnxc2k08euwiq1ssvws9g,César Soto Grado,Sevilla FC,Villarreal CF,Alberto Moleiro,0,0,0,0,0,1,0,0,20,0,0,1,0,1,0
86,23 Sep 2025,,jtywnxc2k08euwiq1ssvws9g,César Soto Grado,Sevilla FC,Villarreal CF,Alfonso Pedraza,0,1,1,2,3,2,0,0,12,0,0,2,0,3,1
86,23 Sep 2025,,jtywnxc2k08euwiq1ssvws9g,César Soto Grado,Sevilla FC,Villarreal CF,N. Pépé,0,0,1,0,0,0,0,0,7,0,0,1,1,1,0
86,23 Sep 2025,,jtywnxc2k08euwiq1ssvws9g,César Soto Grado,Sevilla FC,Villarreal CF,G. Mikautadze,1,0,0,0,1,1,0,0,4,0,0,0,0,0,0
86,23 Sep 2025,,jtywnxc2k08euwiq1ssvws9g,César Soto Grado,Sevilla FC,Villarreal CF,M. Solomon,0,0,0,0,0,0,1,0,1,0,0,1,1,0,0
86,23 Sep 2025,,jtywnxc2k08euwiq1ssvws9g,César Soto Grado,Sevilla FC,Villarreal CF,T. Partey,0,0,0,0,0,0,0,0,1,0,0,0,0,0,0
87,24 Sep 2025,,k7c27bcujfnarux79y4ike1g,Alejandro Quintero González,Getafe CF,Deportivo Alavés,Kiko Femenía,0,0,0,2,0,2,0,1,24,0,0,0,0,0,0
87,24 Sep 2025,,k7c27bcujfnarux79y4ike1g,Alejandro Quintero González,Getafe CF,Deportivo Alavés,D. Dakonam,0,0,0,0,1,2,0,0,33,0,0,0,0,1,0
87,24 Sep 2025,,k7c27bcujfnarux79y4ike1g,Alejandro Quintero González,Getafe CF,Deportivo Alavés,Borja Mayoral,1,0,0,0,0,2,0,0,14,0,0,0,0,0,0
87,24 Sep 2025,,k7c27bcujfnarux79y4ike1g,Alejandro Quintero González,Getafe CF,Deportivo Alavés,A. Abqar,0,1,0,0,1,4,0,0,26,0,0,1,0,6,1
87,24 Sep 2025,,k7c27bcujfnarux79y4ike1g,Alejandro Quintero González,Getafe CF,Deportivo Alavés,Diego Rico,0,1,0,3,4,1,0,0,29,0,0,1,0,1,0
87,24 Sep 2025,,k7c27bcujfnarux79y4ike1g,Alejandro Quintero González,Getafe CF,Deportivo Alavés,M. Arambarri,0,0,0,1,1,4,1,0,18,0,0,2,1,3,0
87,24 Sep 2025,,k7c27bcujfnarux79y4ike1g,Alejandro Quintero González,Getafe CF,Deportivo Alavés,A. Kamara,0,0,0,1,0,0,0,2,10,0,0,0,0,2,0
87,24 Sep 2025,,k7c27bcujfnarux79y4ike1g,Alejandro Quintero González,Getafe CF,Deportivo Alavés,Luis Milla,0,1,0,3,1,0,0,0,52,0,0,1,0,2,0
87,24 Sep 2025,,k7c27bcujfnarux79y4ike1g,Alejandro Quintero González,Getafe CF,Deportivo Alavés,Juan Iglesias,0,1,0,1,2,4,0,0,34,0,0,1,0,4,0
87,24 Sep 2025,,k7c27bcujfnarux79y4ike1g,Alejandro Quintero González,Getafe CF,Deportivo Alavés,David Soria,0,0,0,0,0,0,0,0,24,0,4,0,0,0,0
87,24 Sep 2025,,k7c27bcujfnarux79y4ike1g,Alejandro Quintero González,Getafe CF,Deportivo Alavés,Mario Martín,0,0,0,0,1,0,0,0,16,0,0,0,0,3,0
87,24 Sep 2025,,k7c27bcujfnarux79y4ike1g,Alejandro Quintero González,Getafe CF,Deportivo Alavés,Alex Sancris,0,1,2,1,2,0,0,2,10,0,0,1,0,0,0
87,24 Sep 2025,,k7c27bcujfnarux79y4ike1g,Alejandro Quintero González,Getafe CF,Deportivo Alavés,Javi Muñoz,0,0,0,0,0,0,0,0,5,0,0,0,0,2,0
87,24 Sep 2025,,k7c27bcujfnarux79y4ike1g,Alejandro Quintero González,Getafe CF,Deportivo Alavés,Davinchi,0,0,0,0,1,0,0,0,6,0,0,0,0,0,1
87,24 Sep 2025,,k7c27bcujfnarux79y4ike1g,Alejandro Quintero González,Getafe CF,Deportivo Alavés,Coba da Costa,0,0,0,1,0,0,0,0,3,0,0,0,0,1,0
87,24 Sep 2025,,k7c27bcujfnarux79y4ike1g,Alejandro Quintero González,Getafe CF,Deportivo Alavés,Ander Guevara,0,0,0,0,1,0,1,0,51,0,0,1,1,0,0
87,24 Sep 2025,,k7c27bcujfnarux79y4ike1g,Alejandro Quintero González,Getafe CF,Deportivo Alavés,Antonio Sivera,0,0,1,0,0,0,0,0,25,0,0,0,0,0,0
87,24 Sep 2025,,k7c27bcujfnarux79y4ike1g,Alejandro Quintero González,Getafe CF,Deportivo Alavés,Toni Martínez,1,0,1,0,1,1,0,1,16,0,0,3,1,1,0
87,24 Sep 2025,,k7c27bcujfnarux79y4ike1g,Alejandro Quintero González,Getafe CF,Deportivo Alavés,A. Rebbach,0,0,2,7,7,2,0,0,17,0,0,1,1,1,1
87,24 Sep 2025,,k7c27bcujfnarux79y4ike1g,Alejandro Quintero González,Getafe CF,Deportivo Alavés,Jon Pacheco,0,0,0,0,1,0,0,0,40,0,0,0,0,2,0
87,24 Sep 2025,,k7c27bcujfnarux79y4ike1g,Alejandro Quintero González,Getafe CF,Deportivo Alavés,F. Garcés,0,0,0,0,2,0,0,0,33,0,0,0,0,1,1
87,24 Sep 2025,,k7c27bcujfnarux79y4ike1g,Alejandro Quintero González,Getafe CF,Deportivo Alavés,Pablo Ibáñez,0,1,1,0,2,3,0,0,26,0,0,1,0,0,0
87,24 Sep 2025,,k7c27bcujfnarux79y4ike1g,Alejandro Quintero González,Getafe CF,Deportivo Alavés,Jonny,0,0,0,0,0,1,0,0,47,0,0,0,0,2,0
87,24 Sep 2025,,k7c27bcujfnarux79y4ike1g,Alejandro Quintero González,Getafe CF,Deportivo Alavés,M. Díaz,0,0,0,1,2,0,0,5,9,0,0,2,1,3,0
87,24 Sep 2025,,k7c27bcujfnarux79y4ike1g,Alejandro Quintero González,Getafe CF,Deportivo Alavés,Calebe,0,0,0,0,1,1,0,0,18,0,0,0,0,2,1
87,24 Sep 2025,,k7c27bcujfnarux79y4ike1g,Alejandro Quintero González,Getafe CF,Deportivo Alavés,Y. Enríquez,0,1,1,1,2,0,0,0,32,0,0,1,0,1,0
87,24 Sep 2025,,k7c27bcujfnarux79y4ike1g,Alejandro Quintero González,Getafe CF,Deportivo Alavés,Carlos Vicente,0,1,1,5,0,3,0,0,13,0,0,1,0,1,0
87,24 Sep 2025,,k7c27bcujfnarux79y4ike1g,Alejandro Quintero González,Getafe CF,Deportivo Alavés,L. Boyé,0,0,0,0,0,1,0,0,7,0,0,0,0,0,0
87,24 Sep 2025,,k7c27bcujfnarux79y4ike1g,Alejandro Quintero González,Getafe CF,Deportivo Alavés,Carles Aleñá,0,0,0,0,0,0,0,0,9,0,0,0,0,0,0
87,24 Sep 2025,,k7c27bcujfnarux79y4ike1g,Alejandro Quintero González,Getafe CF,Deportivo Alavés,Denis Suárez,0,0,0,0,1,1,0,0,8,0,0,0,0,1,0
87,24 Sep 2025,,k7c27bcujfnarux79y4ike1g,Alejandro Quintero González,Getafe CF,Deportivo Alavés,Víctor Parada,0,0,0,0,0,0,0,0,1,0,0,0,0,0,0
88,25 Sep 2025,,kkl8x55qltpl4g1v5260df6c,Miguel Ángel Ortiz Arias,Real Oviedo,FC Barcelona,S. Rondón,0,2,0,0,2,4,0,2,17,0,0,2,0,0,0
88,25 Sep 2025,,kkl8x55qltpl4g1v5260df6c,Miguel Ángel Ortiz Arias,Real Oviedo,FC Barcelona,Santi Cazorla,0,0,2,6,0,1,0,0,13,0,0,0,0,3,0
88,25 Sep 2025,,kkl8x55qltpl4g1v5260df6c,Miguel Ángel Ortiz Arias,Real Oviedo,FC Barcelona,Alberto Reina,0,0,0,0,1,0,1,1,12,0,0,2,2,2,0
88,25 Sep 2025,,kkl8x55qltpl4g1v5260df6c,Miguel Ángel Ortiz Arias,Real Oviedo,FC Barcelona,David Carmo,0,0,0,0,0,0,0,0,19,0,0,1,0,4,0
88,25 Sep 2025,,kkl8x55qltpl4g1v5260df6c,Miguel Ángel Ortiz Arias,Real Oviedo,FC Barcelona,Aarón Escandell,0,0,0,0,0,0,0,0,18,0,7,0,0,0,0
88,25 Sep 2025,,kkl8x55qltpl4g1v5260df6c,Miguel Ángel Ortiz Arias,Real Oviedo,FC Barcelona,I. Chaira,0,0,0,0,1,0,0,3,8,0,0,0,0,2,0
88,25 Sep 2025,,kkl8x55qltpl4g1v5260df6c,Miguel Ángel Ortiz Arias,Real Oviedo,FC Barcelona,E. Bailly,0,0,0,0,2,0,0,0,21,0,0,0,0,0,1
88,25 Sep 2025,,kkl8x55qltpl4g1v5260df6c,Miguel Ángel Ortiz Arias,Real Oviedo,FC Barcelona,L. Dendoncker,0,1,0,0,0,0,0,0,18,0,0,1,0,5,0
88,25 Sep 2025,,kkl8x55qltpl4g1v5260df6c,Miguel Ángel Ortiz Arias,Real Oviedo,FC Barcelona,H. Hassan,0,0,3,1,0,0,0,0,11,0,0,0,0,1,0
88,25 Sep 2025,,kkl8x55qltpl4g1v5260df6c,Miguel Ángel Ortiz Arias,Real Oviedo,FC Barcelona,Lucas Ahijado,0,0,0,1,0,0,0,1,20,0,0,1,1,1,0
88,25 Sep 2025,,kkl8x55qltpl4g1v5260df6c,Miguel Ángel Ortiz Arias,Real Oviedo,FC Barcelona,R. Alhassane,0,0,1,0,0,0,0,0,15,0,0,0,0,3,0
88,25 Sep 2025,,kkl8x55qltpl4g1v5260df6c,Miguel Ángel Ortiz Arias,Real Oviedo,FC Barcelona,K. Sibo,0,0,0,0,1,0,0,0,8,0,0,0,0,0,0
88,25 Sep 2025,,kkl8x55qltpl4g1v5260df6c,Miguel Ángel Ortiz Arias,Real Oviedo,FC Barcelona,L. Ilić,0,0,0,0,1,0,0,0,2,0,0,0,0,0,0
88,25 Sep 2025,,kkl8x55qltpl4g1v5260df6c,Miguel Ángel Ortiz Arias,Real Oviedo,FC Barcelona,Álex Forés,0,0,0,0,0,0,0,0,1,0,0,0,0,0,0
88,25 Sep 2025,,kkl8x55qltpl4g1v5260df6c,Miguel Ángel Ortiz Arias,Real Oviedo,FC Barcelona,J. Brekalo,0,0,0,1,1,0,0,0,6,0,0,0,0,0,0
88,25 Sep 2025,,kkl8x55qltpl4g1v5260df6c,Miguel Ángel Ortiz Arias,Real Oviedo,FC Barcelona,S. Colombatto,0,0,0,0,1,0,0,0,5,0,0,0,0,0,0
88,25 Sep 2025,,kkl8x55qltpl4g1v5260df6c,Miguel Ángel Ortiz Arias,Real Oviedo,FC Barcelona,R. Araujo,0,0,1,1,2,0,1,0,72,0,0,2,2,2,0
88,25 Sep 2025,,kkl8x55qltpl4g1v5260df6c,Miguel Ángel Ortiz Arias,Real Oviedo,FC Barcelona,Marc Casadó,0,2,0,0,0,1,0,0,39,0,0,2,0,3,0
88,25 Sep 2025,,kkl8x55qltpl4g1v5260df6c,Miguel Ángel Ortiz Arias,Real Oviedo,FC Barcelona,Pedri,0,0,1,1,0,1,0,0,112,0,0,0,0,1,0
88,25 Sep 2025,,kkl8x55qltpl4g1v5260df6c,Miguel Ángel Ortiz Arias,Real Oviedo,FC Barcelona,Eric García,0,0,1,2,0,0,1,0,79,0,0,1,1,1,0
88,25 Sep 2025,,kkl8x55qltpl4g1v5260df6c,Miguel Ángel Ortiz Arias,Real Oviedo,FC Barcelona,Ferran Torres,0,3,1,0,0,2,0,0,25,0,0,6,2,0,0
88,25 Sep 2025,,kkl8x55qltpl4g1v5260df6c,Miguel Ángel Ortiz Arias,Real Oviedo,FC Barcelona,Pau Cubarsí,0,0,0,0,3,0,0,0,97,0,0,0,0,3,0
88,25 Sep 2025,,kkl8x55qltpl4g1v5260df6c,Miguel Ángel Ortiz Arias,Real Oviedo,FC Barcelona,Gerard Martín,0,0,0,1,0,0,0,0,54,0,0,0,0,3,0
88,25 Sep 2025,,kkl8x55qltpl4g1v5260df6c,Miguel Ángel Ortiz Arias,Real Oviedo,FC Barcelona,Dani Olmo,0,0,0,1,0,1,0,0,65,0,0,2,0,3,0
88,25 Sep 2025,,kkl8x55qltpl4g1v5260df6c,Miguel Ángel Ortiz Arias,Real Oviedo,FC Barcelona,Raphinha,0,1,2,3,0,1,0,0,55,0,0,3,1,0,0
88,25 Sep 2025,,kkl8x55qltpl4g1v5260df6c,Miguel Ángel Ortiz Arias,Real Oviedo,FC Barcelona,M. Rashford,1,2,3,6,1,0,0,1,61,0,0,4,2,0,0
88,25 Sep 2025,,kkl8x55qltpl4g1v5260df6c,Miguel Ángel Ortiz Arias,Real Oviedo,FC Barcelona,Joan García,0,0,0,0,0,0,0,0,22,0,2,0,0,0,0
88,25 Sep 2025,,kkl8x55qltpl4g1v5260df6c,Miguel Ángel Ortiz Arias,Real Oviedo,FC Barcelona,F. de Jong,1,0,0,1,0,1,0,0,65,0,0,0,0,2,0
88,25 Sep 2025,,kkl8x55qltpl4g1v5260df6c,Miguel Ángel Ortiz Arias,Real Oviedo,FC Barcelona,R. Lewandowski,0,0,0,0,0,1,1,0,9,0,0,2,2,0,0
88,25 Sep 2025,,kkl8x55qltpl4g1v5260df6c,Miguel Ángel Ortiz Arias,Real Oviedo,FC Barcelona,J. Koundé,0,0,0,0,0,2,0,0,20,0,0,0,0,0,0
88,25 Sep 2025,,kkl8x55qltpl4g1v5260df6c,Miguel Ángel Ortiz Arias,Real Oviedo,FC Barcelona,A. Christensen,0,0,0,0,0,0,0,0,8,0,0,0,0,0,0
88,25 Sep 2025,,kkl8x55qltpl4g1v5260df6c,Miguel Ángel Ortiz Arias,Real Oviedo,FC Barcelona,Marc Bernal,0,0,0,0,0,0,0,0,4,0,0,0,0,0,0
89,27 Aug 2025,,kxz64yu7ddap0d1agwdxugwk,Jesús Gil Manzano,Real Club Celta de Vigo,Real Betis Balompié,I. Moriba,0,0,0,1,1,2,0,0,40,0,0,0,0,9,0
89,27 Aug 2025,,kxz64yu7ddap0d1agwdxugwk,Jesús Gil Manzano,Real Club Celta de Vigo,Real Betis Balompié,M. Ristić,0,0,0,0,0,0,0,0,37,0,0,0,0,0,0
89,27 Aug 2025,,kxz64yu7ddap0d1agwdxugwk,Jesús Gil Manzano,Real Club Celta de Vigo,Real Betis Balompié,Javi Rodríguez,0,0,0,0,2,0,0,0,61,0,0,1,0,0,0
89,27 Aug 2025,,kxz64yu7ddap0d1agwdxugwk,Jesús Gil Manzano,Real Club Celta de Vigo,Real Betis Balompié,Yoel Lago,0,0,0,0,2,1,0,0,50,0,0,0,0,2,1
89,27 Aug 2025,,kxz64yu7ddap0d1agwdxugwk,Jesús Gil Manzano,Real Club Celta de Vigo,Real Betis Balompié,Hugo Álvarez,0,0,0,1,0,2,1,0,35,0,0,1,1,0,0
89,27 Aug 2025,,kxz64yu7ddap0d1agwdxugwk,Jesús Gil Manzano,Real Club Celta de Vigo,Real Betis Balompié,Borja Iglesias,0,0,0,0,0,2,0,2,19,0,0,2,0,0,0
89,27 Aug 2025,,kxz64yu7ddap0d1agwdxugwk,Jesús Gil Manzano,Real Club Celta de Vigo,Real Betis Balompié,I. Radu,0,0,0,0,0,0,0,0,21,0,0,0,0,0,0
89,27 Aug 2025,,kxz64yu7ddap0d1agwdxugwk,Jesús Gil Manzano,Real Club Celta de Vigo,Real Betis Balompié,Óscar Mingueza,0,0,0,2,1,1,0,0,42,0,0,0,0,1,0
89,27 Aug 2025,,kxz64yu7ddap0d1agwdxugwk,Jesús Gil Manzano,Real Club Celta de Vigo,Real Betis Balompié,Pablo Durán,0,2,4,1,0,0,0,0,13,0,0,4,2,1,0
89,27 Aug 2025,,kxz64yu7ddap0d1agwdxugwk,Jesús Gil Manzano,Real Club Celta de Vigo,Real Betis Balompié,Hugo Sotelo,0,0,1,8,3,0,0,0,76,0,0,0,0,2,0
89,27 Aug 2025,,kxz64yu7ddap0d1agwdxugwk,Jesús Gil Manzano,Real Club Celta de Vigo,Real Betis Balompié,W. Swedberg,0,0,0,0,2,0,0,1,8,0,0,0,0,1,0
89,27 Aug 2025,,kxz64yu7ddap0d1agwdxugwk,Jesús Gil Manzano,Real Club Celta de Vigo,Real Betis Balompié,Javi Rueda,0,0,3,1,0,0,0,0,32,0,0,1,0,0,0
89,27 Aug 2025,,kxz64yu7ddap0d1agwdxugwk,Jesús Gil Manzano,Real Club Celta de Vigo,Real Betis Balompié,Marcos Alonso,0,0,0,0,0,1,0,0,25,0,0,1,0,1,0
89,27 Aug 2025,,kxz64yu7ddap0d1agwdxugwk,Jesús Gil Manzano,Real Club Celta de Vigo,Real Betis Balompié,Ferran Jutglà,0,0,1,0,1,0,0,1,8,0,0,2,2,0,0
89,27 Aug 2025,,kxz64yu7ddap0d1agwdxugwk,Jesús Gil Manzano,Real Club Celta de Vigo,Real Betis Balompié,Iago Aspas,0,0,1,3,1,1,0,0,20,0,0,1,0,0,0
89,27 Aug 2025,,kxz64yu7ddap0d1agwdxugwk,Jesús Gil Manzano,Real Club Celta de Vigo,Real Betis Balompié,Bryan Zaragoza,0,1,0,3,0,0,0,1,9,0,0,1,0,0,0
89,27 Aug 2025,,kxz64yu7ddap0d1agwdxugwk,Jesús Gil Manzano,Real Club Celta de Vigo,Real Betis Balompié,C. Hernández,0,1,1,1,1,2,0,0,16,0,0,2,0,1,0
89,27 Aug 2025,,kxz64yu7ddap0d1agwdxugwk,Jesús Gil Manzano,Real Club Celta de Vigo,Real Betis Balompié,Pablo Fornals,0,1,0,3,2,2,0,2,82,0,0,1,0,2,0
89,27 Aug 2025,,kxz64yu7ddap0d1agwdxugwk,Jesús Gil Manzano,Real Club Celta de Vigo,Real Betis Balompié,G. Lo Celso,1,1,0,1,0,2,0,0,57,0,0,1,0,2,0
89,27 Aug 2025,,kxz64yu7ddap0d1agwdxugwk,Jesús Gil Manzano,Real Club Celta de Vigo,Real Betis Balompié,Marc Bartra,0,0,0,0,1,0,1,0,73,0,0,2,1,2,0
89,27 Aug 2025,,kxz64yu7ddap0d1agwdxugwk,Jesús Gil Manzano,Real Club Celta de Vigo,Real Betis Balompié,Aitor Ruibal,0,0,0,1,1,0,0,0,20,0,0,0,0,2,0
89,27 Aug 2025,,kxz64yu7ddap0d1agwdxugwk,Jesús Gil Manzano,Real Club Celta de Vigo,Real Betis Balompié,Héctor Bellerín,0,0,0,0,0,0,0,0,55,0,0,0,0,0,0
89,27 Aug 2025,,kxz64yu7ddap0d1agwdxugwk,Jesús Gil Manzano,Real Club Celta de Vigo,Real Betis Balompié,Rodrigo Riquelme,0,0,1,2,0,2,0,0,37,0,0,1,1,1,0
89,27 Aug 2025,,kxz64yu7ddap0d1agwdxugwk,Jesús Gil Manzano,Real Club Celta de Vigo,Real Betis Balompié,Álvaro Valles,0,0,1,0,0,0,0,0,36,0,4,0,0,0,0
89,27 Aug 2025,,kxz64yu7ddap0d1agwdxugwk,Jesús Gil Manzano,Real Club Celta de Vigo,Real Betis Balompié,R. Rodríguez,0,0,0,3,0,1,0,0,55,0,0,0,0,0,0
89,27 Aug 2025,,kxz64yu7ddap0d1agwdxugwk,Jesús Gil Manzano,Real Club Celta de Vigo,Real Betis Balompié,Natan,0,0,0,0,2,0,0,0,53,0,0,0,0,0,0
89,27 Aug 2025,,kxz64yu7ddap0d1agwdxugwk,Jesús Gil Manzano,Real Club Celta de Vigo,Real Betis Balompié,Sergi Altimira,0,0,0,0,0,1,0,0,55,0,0,0,0,3,1
89,27 Aug 2025,,kxz64yu7ddap0d1agwdxugwk,Jesús Gil Manzano,Real Club Celta de Vigo,Real Betis Balompié,Pablo García,0,0,0,0,2,1,0,0,17,0,0,0,0,2,1
89,27 Aug 2025,,kxz64yu7ddap0d1agwdxugwk,Jesús Gil Manzano,Real Club Celta de Vigo,Real Betis Balompié,C. Bakambu,0,0,0,0,1,1,0,0,3,0,0,0,0,0,0
89,27 Aug 2025,,kxz64yu7ddap0d1agwdxugwk,Jesús Gil Manzano,Real Club Celta de Vigo,Real Betis Balompié,V. Gómez,0,0,0,0,0,0,0,0,5,0,0,0,0,0,0
89,27 Aug 2025,,kxz64yu7ddap0d1agwdxugwk,Jesús Gil Manzano,Real Club Celta de Vigo,Real Betis Balompié,C. Ávila,0,0,0,1,1,0,0,0,3,0,0,0,0,0,0
89,27 Aug 2025,,kxz64yu7ddap0d1agwdxugwk,Jesús Gil Manzano,Real Club Celta de Vigo,Real Betis Balompié,Dani Pérez,0,0,1,0,0,1,0,0,1,0,0,0,0,0,0
90,25 Sep 2025,,lcqefumn96v640d0yzsv7xuc,Adrián Cordero Vega,CA Osasuna,Elche CF,E. Boyomo,0,0,0,0,2,0,0,0,37,0,0,0,0,5,1
90,25 Sep 2025,,lcqefumn96v640d0yzsv7xuc,Adrián Cordero Vega,CA Osasuna,Elche CF,Lucas Torró,0,0,0,1,0,2,0,0,46,0,0,1,0,1,0
90,25 Sep 2025,,lcqefumn96v640d0yzsv7xuc,Adrián Cordero Vega,CA Osasuna,Elche CF,Víctor Muñoz,0,1,2,2,0,2,1,0,14,0,0,3,2,1,0
90,25 Sep 2025,,lcqefumn96v640d0yzsv7xuc,Adrián Cordero Vega,CA Osasuna,Elche CF,Jorge Herrando,0,1,0,0,1,0,0,0,39,0,0,1,0,4,0
90,25 Sep 2025,,lcqefumn96v640d0yzsv7xuc,Adrián Cordero Vega,CA Osasuna,Elche CF,Abel Bretones,0,0,0,0,1,0,0,0,23,0,0,1,0,2,0
90,25 Sep 2025,,lcqefumn96v640d0yzsv7xuc,Adrián Cordero Vega,CA Osasuna,Elche CF,Jon Moncayola,0,0,0,5,1,0,0,0,49,0,0,0,0,3,1
90,25 Sep 2025,,lcqefumn96v640d0yzsv7xuc,Adrián Cordero Vega,CA Osasuna,Elche CF,A. Budimir,0,0,0,1,2,0,0,0,21,0,0,0,0,1,0
90,25 Sep 2025,,lcqefumn96v640d0yzsv7xuc,Adrián Cordero Vega,CA Osasuna,Elche CF,Moi Gómez,0,1,0,3,6,3,0,0,40,0,0,1,0,2,0
90,25 Sep 2025,,lcqefumn96v640d0yzsv7xuc,Adrián Cordero Vega,CA Osasuna,Elche CF,Alejandro Catena,1,0,0,0,6,1,0,0,37,0,0,1,0,1,0
90,25 Sep 2025,,lcqefumn96v640d0yzsv7xuc,Adrián Cordero Vega,CA Osasuna,Elche CF,Iker Benito,0,0,0,3,0,2,0,0,28,0,0,0,0,1,0
90,25 Sep 2025,,lcqefumn96v640d0yzsv7xuc,Adrián Cordero Vega,CA Osasuna,Elche CF,Sergio Herrera,0,0,0,0,0,0,0,0,29,0,3,0,0,0,0
90,25 Sep 2025,,lcqefumn96v640d0yzsv7xuc,Adrián Cordero Vega,CA Osasuna,Elche CF,S. Becker,0,0,0,0,0,1,0,0,7,0,0,0,0,0,0
90,25 Sep 2025,,lcqefumn96v640d0yzsv7xuc,Adrián Cordero Vega,CA Osasuna,Elche CF,Juan Cruz,0,0,0,1,0,0,0,0,1,0,0,0,0,0,0
90,25 Sep 2025,,lcqefumn96v640d0yzsv7xuc,Adrián Cordero Vega,CA Osasuna,Elche CF,Raúl García,0,0,0,1,0,0,0,0,3,0,0,1,0,0,0
90,25 Sep 2025,,lcqefumn96v640d0yzsv7xuc,Adrián Cordero Vega,CA Osasuna,Elche CF,Kike Barja,0,0,0,0,0,0,0,0,1,0,0,0,0,0,0
90,25 Sep 2025,,lcqefumn96v640d0yzsv7xuc,Adrián Cordero Vega,CA Osasuna,Elche CF,Aleix Febas,0,0,0,0,1,2,0,0,63,0,0,0,0,1,0
90,25 Sep 2025,,lcqefumn96v640d0yzsv7xuc,Adrián Cordero Vega,CA Osasuna,Elche CF,Iñaki Peña,0,0,0,0,0,0,0,0,63,0,1,0,0,0,0
90,25 Sep 2025,,lcqefumn96v640d0yzsv7xuc,Adrián Cordero Vega,CA Osasuna,Elche CF,André Silva,0,1,0,0,0,2,0,0,25,0,0,1,0,0,0
90,25 Sep 2025,,lcqefumn96v640d0yzsv7xuc,Adrián Cordero Vega,CA Osasuna,Elche CF,L. Pétrot,0,0,0,2,1,1,0,0,53,0,0,0,0,4,0
90,25 Sep 2025,,lcqefumn96v640d0yzsv7xuc,Adrián Cordero Vega,CA Osasuna,Elche CF,Víctor Chust,0,0,0,0,1,2,0,0,70,0,0,0,0,5,1
90,25 Sep 2025,,lcqefumn96v640d0yzsv7xuc,Adrián Cordero Vega,CA Osasuna,Elche CF,Marc Aguado,0,0,0,0,1,3,0,0,75,0,0,0,0,3,0
90,25 Sep 2025,,lcqefumn96v640d0yzsv7xuc,Adrián Cordero Vega,CA Osasuna,Elche CF,Álvaro Núñez,0,0,0,3,0,0,0,0,57,0,0,0,0,1,0
90,25 Sep 2025,,lcqefumn96v640d0yzsv7xuc,Adrián Cordero Vega,CA Osasuna,Elche CF,Á. Rodríguez,0,0,0,0,0,4,0,0,24,0,0,1,1,0,0
90,25 Sep 2025,,lcqefumn96v640d0yzsv7xuc,Adrián Cordero Vega,CA Osasuna,Elche CF,Héctor Fort,0,4,0,0,1,0,0,0,31,0,0,6,2,0,0
90,25 Sep 2025,,lcqefumn96v640d0yzsv7xuc,Adrián Cordero Vega,CA Osasuna,Elche CF,Bambo Diaby,0,0,0,0,1,2,0,0,26,0,0,0,0,0,0
90,25 Sep 2025,,lcqefumn96v640d0yzsv7xuc,Adrián Cordero Vega,CA Osasuna,Elche CF,G. Diangana,0,1,0,1,0,1,0,0,23,0,0,1,0,1,0
90,25 Sep 2025,,lcqefumn96v640d0yzsv7xuc,Adrián Cordero Vega,CA Osasuna,Elche CF,D. Affengruber,0,0,0,0,0,1,0,0,38,0,0,0,0,0,0
90,25 Sep 2025,,lcqefumn96v640d0yzsv7xuc,Adrián Cordero Vega,CA Osasuna,Elche CF,Rafa Mir,0,0,0,0,5,0,0,0,13,0,0,2,0,0,0
90,25 Sep 2025,,lcqefumn96v640d0yzsv7xuc,Adrián Cordero Vega,CA Osasuna,Elche CF,Germán Valera,0,0,1,1,0,0,0,0,14,0,0,0,0,0,0
90,25 Sep 2025,,lcqefumn96v640d0yzsv7xuc,Adrián Cordero Vega,CA Osasuna,Elche CF,Adrià Pedrosa,0,0,1,2,2,0,1,0,8,0,0,1,1,0,1
90,25 Sep 2025,,lcqefumn96v640d0yzsv7xuc,Adrián Cordero Vega,CA Osasuna,Elche CF,Josan,0,0,1,3,0,0,0,0,5,0,0,0,0,0,0
91,30 Sep 2025,,lqdgf26mjssi4yz9o00xco44,Ricardo De Burgos Bengoetxea,Valencia CF,Real Oviedo,M. Diakhaby,0,0,0,0,2,1,0,0,70,0,0,1,1,0,0
91,30 Sep 2025,,lqdgf26mjssi4yz9o00xco44,Ricardo De Burgos Bengoetxea,Valencia CF,Real Oviedo,José Gayà,0,0,1,2,2,1,0,1,51,0,0,0,0,2,0
91,30 Sep 2025,,lqdgf26mjssi4yz9o00xco44,Ricardo De Burgos Bengoetxea,Valencia CF,Real Oviedo,Hugo Duro,0,0,0,0,0,1,0,0,19,0,0,1,0,0,0
91,30 Sep 2025,,lqdgf26mjssi4yz9o00xco44,Ricardo De Burgos Bengoetxea,Valencia CF,Real Oviedo,Javi Guerra,0,0,0,1,2,1,0,0,34,0,0,1,0,1,0
91,30 Sep 2025,,lqdgf26mjssi4yz9o00xco44,Ricardo De Burgos Bengoetxea,Valencia CF,Real Oviedo,D. Foulquier,0,0,0,0,0,0,0,0,54,0,0,0,0,1,0
91,30 Sep 2025,,lqdgf26mjssi4yz9o00xco44,Ricardo De Burgos Bengoetxea,Valencia CF,Real Oviedo,Luis Rioja,1,1,1,4,0,0,0,0,38,0,0,1,0,2,0
91,30 Sep 2025,,lqdgf26mjssi4yz9o00xco44,Ricardo De Burgos Bengoetxea,Valencia CF,Real Oviedo,B. Santamaría,0,0,0,0,1,1,0,0,62,0,0,2,1,0,0
91,30 Sep 2025,,lqdgf26mjssi4yz9o00xco44,Ricardo De Burgos Bengoetxea,Valencia CF,Real Oviedo,André Almeida,0,0,0,2,0,3,0,0,25,0,0,0,0,0,0
91,30 Sep 2025,,lqdgf26mjssi4yz9o00xco44,Ricardo De Burgos Bengoetxea,Valencia CF,Real Oviedo,César Tárrega,0,0,0,0,2,1,0,0,52,0,0,1,0,1,1
91,30 Sep 2025,,lqdgf26mjssi4yz9o00xco44,Ricardo De Burgos Bengoetxea,Valencia CF,Real Oviedo,A. Danjuma,0,0,1,1,2,1,1,0,18,0,0,6,3,0,0
91,30 Sep 2025,,lqdgf26mjssi4yz9o00xco44,Ricardo De Burgos Bengoetxea,Valencia CF,Real Oviedo,Julen Agirrezabala,0,0,0,0,0,0,0,0,29,0,2,0,0,0,0
91,30 Sep 2025,,lqdgf26mjssi4yz9o00xco44,Ricardo De Burgos Bengoetxea,Valencia CF,Real Oviedo,Pepelu,0,1,1,3,1,0,0,0,38,0,0,1,0,1,0
91,30 Sep 2025,,lqdgf26mjssi4yz9o00xco44,Ricardo De Burgos Bengoetxea,Valencia CF,Real Oviedo,L. Beltrán,0,0,0,1,0,0,0,0,13,0,0,0,0,0,0
91,30 Sep 2025,,lqdgf26mjssi4yz9o00xco44,Ricardo De Burgos Bengoetxea,Valencia CF,Real Oviedo,Diego López,0,0,1,4,0,1,0,0,17,0,0,1,0,0,0
91,30 Sep 2025,,lqdgf26mjssi4yz9o00xco44,Ricardo De Burgos Bengoetxea,Valencia CF,Real Oviedo,Dani Raba,0,0,0,2,0,0,0,0,14,0,0,0,0,2,0
91,30 Sep 2025,,lqdgf26mjssi4yz9o00xco44,Ricardo De Burgos Bengoetxea,Valencia CF,Real Oviedo,L. Ramazani,0,1,0,1,2,0,0,0,7,0,0,1,0,0,0
91,30 Sep 2025,,lqdgf26mjssi4yz9o00xco44,Ricardo De Burgos Bengoetxea,Valencia CF,Real Oviedo,F. Viñas,0,0,1,0,2,5,0,0,15,0,0,0,0,2,1
91,30 Sep 2025,,lqdgf26mjssi4yz9o00xco44,Ricardo De Burgos Bengoetxea,Valencia CF,Real Oviedo,L. Dendoncker,0,0,0,2,2,0,0,1,28,0,0,1,0,1,0
91,30 Sep 2025,,lqdgf26mjssi4yz9o00xco44,Ricardo De Burgos Bengoetxea,Valencia CF,Real Oviedo,Lucas Ahijado,1,0,0,0,0,0,0,0,32,0,0,1,0,5,0
91,30 Sep 2025,,lqdgf26mjssi4yz9o00xco44,Ricardo De Burgos Bengoetxea,Valencia CF,Real Oviedo,Dani Calvo,0,0,0,0,0,0,0,0,55,0,0,0,0,2,0
91,30 Sep 2025,,lqdgf26mjssi4yz9o00xco44,Ricardo De Burgos Bengoetxea,Valencia CF,Real Oviedo,Alberto Reina,0,1,1,0,3,1,0,0,28,0,0,1,0,2,1
91,30 Sep 2025,,lqdgf26mjssi4yz9o00xco44,Ricardo De Burgos Bengoetxea,Valencia CF,Real Oviedo,R. Alhassane,0,0,0,1,0,1,0,2,43,0,0,0,0,1,0
91,30 Sep 2025,,lqdgf26mjssi4yz9o00xco44,Ricardo De Burgos Bengoetxea,Valencia CF,Real Oviedo,Aarón Escandell,0,0,0,0,0,1,0,0,34,0,4,0,0,0,0
91,30 Sep 2025,,lqdgf26mjssi4yz9o00xco44,Ricardo De Burgos Bengoetxea,Valencia CF,Real Oviedo,J. Brekalo,0,0,0,1,0,1,0,0,37,0,0,1,1,1,0
91,30 Sep 2025,,lqdgf26mjssi4yz9o00xco44,Ricardo De Burgos Bengoetxea,Valencia CF,Real Oviedo,H. Hassan,0,2,2,2,0,1,0,1,25,0,0,2,0,0,0
91,30 Sep 2025,,lqdgf26mjssi4yz9o00xco44,Ricardo De Burgos Bengoetxea,Valencia CF,Real Oviedo,S. Colombatto,0,0,0,3,2,2,0,0,52,0,0,2,1,2,0
91,30 Sep 2025,,lqdgf26mjssi4yz9o00xco44,Ricardo De Burgos Bengoetxea,Valencia CF,Real Oviedo,David Carmo,0,0,0,0,2,0,0,0,50,0,0,0,0,0,0
91,30 Sep 2025,,lqdgf26mjssi4yz9o00xco44,Ricardo De Burgos Bengoetxea,Valencia CF,Real Oviedo,L. Ilić,0,0,0,0,1,1,1,0,6,1,0,1,1,1,2
91,30 Sep 2025,,lqdgf26mjssi4yz9o00xco44,Ricardo De Burgos Bengoetxea,Valencia CF,Real Oviedo,S. Rondón,0,0,0,0,0,0,1,0,5,0,0,1,1,0,0
91,30 Sep 2025,,lqdgf26mjssi4yz9o00xco44,Ricardo De Burgos Bengoetxea,Valencia CF,Real Oviedo,I. Chaira,0,0,0,0,0,0,0,0,4,0,0,0,0,0,0
91,30 Sep 2025,,lqdgf26mjssi4yz9o00xco44,Ricardo De Burgos Bengoetxea,Valencia CF,Real Oviedo,David Costas,0,0,0,0,0,0,0,0,0,0,0,0,0,0,0
92,27 Sep 2025,,m3rr5kwhsu6s770ey69xad5g,Javier Alberola Rojas,Club Atlético de Madrid,Real Madrid CF,J. Alvarez,0,0,2,9,0,2,2,0,26,0,0,4,2,0,0
92,27 Sep 2025,,m3rr5kwhsu6s770ey69xad5g,Javier Alberola Rojas,Club Atlético de Madrid,Real Madrid CF,Koke,1,0,0,3,1,1,0,0,46,0,0,0,0,1,0
92,27 Sep 2025,,m3rr5kwhsu6s770ey69xad5g,Javier Alberola Rojas,Club Atlético de Madrid,Real Madrid CF,C. Lenglet,0,0,0,0,2,1,0,0,41,0,0,1,0,0,1
92,27 Sep 2025,,m3rr5kwhsu6s770ey69xad5g,Javier Alberola Rojas,Club Atlético de Madrid,Real Madrid CF,D. Hancko,0,0,0,3,3,0,0,0,27,0,0,1,0,4,0
92,27 Sep 2025,,m3rr5kwhsu6s770ey69xad5g,Javier Alberola Rojas,Club Atlético de Madrid,Real Madrid CF,N. González,0,1,2,1,3,3,0,0,27,0,0,1,0,1,1
92,27 Sep 2025,,m3rr5kwhsu6s770ey69xad5g,Javier Alberola Rojas,Club Atlético de Madrid,Real Madrid CF,Marcos Llorente,0,0,1,2,1,0,0,0,35,0,0,0,0,1,0
92,27 Sep 2025,,m3rr5kwhsu6s770ey69xad5g,Javier Alberola Rojas,Club Atlético de Madrid,Real Madrid CF,Robin Le Normand,0,0,0,0,1,0,1,0,22,0,0,1,1,2,0
92,27 Sep 2025,,m3rr5kwhsu6s770ey69xad5g,Javier Alberola Rojas,Club Atlético de Madrid,Real Madrid CF,J. Oblak,0,0,0,0,0,0,0,0,23,0,0,0,0,0,0
92,27 Sep 2025,,m3rr5kwhsu6s770ey69xad5g,Javier Alberola Rojas,Club Atlético de Madrid,Real Madrid CF,Pablo Barrios,0,1,1,2,0,0,0,0,26,0,0,1,0,1,0
92,27 Sep 2025,,m3rr5kwhsu6s770ey69xad5g,Javier Alberola Rojas,Club Atlético de Madrid,Real Madrid CF,G. Simeone,1,0,0,3,0,6,0,1,17,0,0,0,0,4,1
92,27 Sep 2025,,m3rr5kwhsu6s770ey69xad5g,Javier Alberola Rojas,Club Atlético de Madrid,Real Madrid CF,A. Sørloth,0,0,1,0,2,0,1,0,8,0,0,3,3,0,1
92,27 Sep 2025,,m3rr5kwhsu6s770ey69xad5g,Javier Alberola Rojas,Club Atlético de Madrid,Real Madrid CF,C. Gallagher,0,0,0,0,3,0,0,0,4,0,0,0,0,0,1
92,27 Sep 2025,,m3rr5kwhsu6s770ey69xad5g,Javier Alberola Rojas,Club Atlético de Madrid,Real Madrid CF,A. Griezmann,0,0,0,0,0,0,1,0,1,0,0,1,1,0,0
92,27 Sep 2025,,m3rr5kwhsu6s770ey69xad5g,Javier Alberola Rojas,Club Atlético de Madrid,Real Madrid CF,Javi Galán,0,0,0,0,1,1,0,0,2,0,0,0,0,0,0
92,27 Sep 2025,,m3rr5kwhsu6s770ey69xad5g,Javier Alberola Rojas,Club Atlético de Madrid,Real Madrid CF,Álex Baena,1,0,0,0,0,0,0,0,1,0,0,0,0,0,0
92,27 Sep 2025,,m3rr5kwhsu6s770ey69xad5g,Javier Alberola Rojas,Club Atlético de Madrid,Real Madrid CF,N. Molina,0,0,0,0,0,0,0,0,0,0,0,0,0,0,0
92,27 Sep 2025,,m3rr5kwhsu6s770ey69xad5g,Javier Alberola Rojas,Club Atlético de Madrid,Real Madrid CF,F. Valverde,0,0,0,0,0,0,0,0,65,0,0,0,0,0,0
92,27 Sep 2025,,m3rr5kwhsu6s770ey69xad5g,Javier Alberola Rojas,Club Atlético de Madrid,Real Madrid CF,Dani Carvajal,0,0,0,0,1,1,0,0,24,0,0,0,0,0,0
92,27 Sep 2025,,m3rr5kwhsu6s770ey69xad5g,Javier Alberola Rojas,Club Atlético de Madrid,Real Madrid CF,Éder Militão,0,0,0,0,0,0,0,0,33,0,0,0,0,2,0
92,27 Sep 2025,,m3rr5kwhsu6s770ey69xad5g,Javier Alberola Rojas,Club Atlético de Madrid,Real Madrid CF,T. Courtois,0,0,0,0,0,1,0,0,34,0,2,0,0,0,0
92,27 Sep 2025,,m3rr5kwhsu6s770ey69xad5g,Javier Alberola Rojas,Club Atlético de Madrid,Real Madrid CF,Álvaro Carreras,0,0,0,1,2,0,0,0,53,0,0,0,0,0,1
92,27 Sep 2025,,m3rr5kwhsu6s770ey69xad5g,Javier Alberola Rojas,Club Atlético de Madrid,Real Madrid CF,Vinícius Júnior,1,0,1,2,3,0,0,0,27,0,0,0,0,1,0
92,27 Sep 2025,,m3rr5kwhsu6s770ey69xad5g,Javier Alberola Rojas,Club Atlético de Madrid,Real Madrid CF,J. Bellingham,0,1,1,0,1,1,0,0,27,0,0,1,0,6,0
92,27 Sep 2025,,m3rr5kwhsu6s770ey69xad5g,Javier Alberola Rojas,Club Atlético de Madrid,Real Madrid CF,A. Tchouaméni,0,0,0,0,0,0,0,0,59,0,0,0,0,1,0
92,27 Sep 2025,,m3rr5kwhsu6s770ey69xad5g,Javier Alberola Rojas,Club Atlético de Madrid,Real Madrid CF,A. Güler,1,0,0,4,2,1,1,0,28,0,0,2,1,1,1
92,27 Sep 2025,,m3rr5kwhsu6s770ey69xad5g,Javier Alberola Rojas,Club Atlético de Madrid,Real Madrid CF,Dean Huijsen,0,0,0,0,1,0,0,0,74,0,0,0,0,0,0
92,27 Sep 2025,,m3rr5kwhsu6s770ey69xad5g,Javier Alberola Rojas,Club Atlético de Madrid,Real Madrid CF,K. Mbappé,0,0,0,1,0,5,1,1,36,0,0,1,1,0,0
92,27 Sep 2025,,m3rr5kwhsu6s770ey69xad5g,Javier Alberola Rojas,Club Atlético de Madrid,Real Madrid CF,Raúl Asencio,0,0,0,1,1,0,0,0,22,0,0,0,0,0,1
92,27 Sep 2025,,m3rr5kwhsu6s770ey69xad5g,Javier Alberola Rojas,Club Atlético de Madrid,Real Madrid CF,E. Camavinga,0,0,0,0,1,2,0,0,27,0,0,0,0,0,0
92,27 Sep 2025,,m3rr5kwhsu6s770ey69xad5g,Javier Alberola Rojas,Club Atlético de Madrid,Real Madrid CF,F. Mastantuono,0,0,0,5,2,4,0,0,12,0,0,1,0,0,1
92,27 Sep 2025,,m3rr5kwhsu6s770ey69xad5g,Javier Alberola Rojas,Club Atlético de Madrid,Real Madrid CF,Rodrygo,0,1,0,4,0,1,0,0,16,0,0,1,0,0,0
92,27 Sep 2025,,m3rr5kwhsu6s770ey69xad5g,Javier Alberola Rojas,Club Atlético de Madrid,Real Madrid CF,Gonzalo García,0,0,0,0,0,0,0,0,1,0,0,0,0,0,0
93,28 Sep 2025,,mh9g8wbjyoe3ub3ouu0nnsb8,Alejandro José Hernández Hernández,FC Barcelona,Real Sociedad de Fútbol,Dro Fernández,0,0,0,0,0,0,0,0,25,0,0,0,0,1,0
93,28 Sep 2025,,mh9g8wbjyoe3ub3ouu0nnsb8,Alejandro José Hernández Hernández,FC Barcelona,Real Sociedad de Fútbol,R. Araujo,0,0,0,0,1,0,0,0,72,0,0,1,1,0,0
93,28 Sep 2025,,mh9g8wbjyoe3ub3ouu0nnsb8,Alejandro José Hernández Hernández,FC Barcelona,Real Sociedad de Fútbol,A. Christensen,0,1,0,0,1,0,0,0,98,0,0,1,0,0,0
93,28 Sep 2025,,mh9g8wbjyoe3ub3ouu0nnsb8,Alejandro José Hernández Hernández,FC Barcelona,Real Sociedad de Fútbol,F. de Jong,0,0,0,0,0,3,0,0,102,0,0,0,0,1,0
93,28 Sep 2025,,mh9g8wbjyoe3ub3ouu0nnsb8,Alejandro José Hernández Hernández,FC Barcelona,Real Sociedad de Fútbol,Pedri,0,0,1,1,0,1,0,0,115,0,0,2,2,2,0
93,28 Sep 2025,,mh9g8wbjyoe3ub3ouu0nnsb8,Alejandro José Hernández Hernández,FC Barcelona,Real Sociedad de Fútbol,Gerard Martín,0,0,0,2,0,0,0,0,63,0,0,1,0,3,0
93,28 Sep 2025,,mh9g8wbjyoe3ub3ouu0nnsb8,Alejandro José Hernández Hernández,FC Barcelona,Real Sociedad de Fútbol,M. Rashford,1,2,3,6,1,0,0,0,35,0,0,6,2,0,0
93,28 Sep 2025,,mh9g8wbjyoe3ub3ouu0nnsb8,Alejandro José Hernández Hernández,FC Barcelona,Real Sociedad de Fútbol,W. Szczęsny,0,0,0,0,0,0,0,0,31,0,1,0,0,0,0
93,28 Sep 2025,,mh9g8wbjyoe3ub3ouu0nnsb8,Alejandro José Hernández Hernández,FC Barcelona,Real Sociedad de Fútbol,R. Bardghji,0,0,3,7,0,0,0,0,30,0,0,2,2,1,0
93,28 Sep 2025,,mh9g8wbjyoe3ub3ouu0nnsb8,Alejandro José Hernández Hernández,FC Barcelona,Real Sociedad de Fútbol,J. Koundé,0,0,2,4,2,1,1,0,80,0,0,1,1,2,1
93,28 Sep 2025,,mh9g8wbjyoe3ub3ouu0nnsb8,Alejandro José Hernández Hernández,FC Barcelona,Real Sociedad de Fútbol,R. Lewandowski,0,0,2,0,0,2,1,2,20,0,0,5,3,1,0
93,28 Sep 2025,,mh9g8wbjyoe3ub3ouu0nnsb8,Alejandro José Hernández Hernández,FC Barcelona,Real Sociedad de Fútbol,Dani Olmo,0,1,1,2,0,2,0,0,37,0,0,2,1,0,0
93,28 Sep 2025,,mh9g8wbjyoe3ub3ouu0nnsb8,Alejandro José Hernández Hernández,FC Barcelona,Real Sociedad de Fútbol,Lamine Yamal,1,0,0,0,0,2,0,1,23,0,0,0,0,0,0
93,28 Sep 2025,,mh9g8wbjyoe3ub3ouu0nnsb8,Alejandro José Hernández Hernández,FC Barcelona,Real Sociedad de Fútbol,Eric García,0,1,0,0,1,0,0,0,7,0,0,1,0,1,0
93,28 Sep 2025,,mh9g8wbjyoe3ub3ouu0nnsb8,Alejandro José Hernández Hernández,FC Barcelona,Real Sociedad de Fútbol,Ferran Torres,0,0,0,0,0,1,0,0,6,0,0,0,0,0,0
93,28 Sep 2025,,mh9g8wbjyoe3ub3ouu0nnsb8,Alejandro José Hernández Hernández,FC Barcelona,Real Sociedad de Fútbol,Marc Casadó Torras,0,0,0,0,0,0,0,0,0,0,0,0,0,0,0
93,28 Sep 2025,,mh9g8wbjyoe3ub3ouu0nnsb8,Alejandro José Hernández Hernández,FC Barcelona,Real Sociedad de Fútbol,Jon Gorrotxategi,0,0,0,0,0,0,0,0,24,0,0,0,0,1,0
93,28 Sep 2025,,mh9g8wbjyoe3ub3ouu0nnsb8,Alejandro José Hernández Hernández,FC Barcelona,Real Sociedad de Fútbol,Igor Zubeldia,0,0,0,0,2,0,0,0,21,0,0,0,0,3,1
93,28 Sep 2025,,mh9g8wbjyoe3ub3ouu0nnsb8,Alejandro José Hernández Hernández,FC Barcelona,Real Sociedad de Fútbol,Álex Remiro,0,0,0,0,0,0,0,0,34,0,8,0,0,1,0
93,28 Sep 2025,,mh9g8wbjyoe3ub3ouu0nnsb8,Alejandro José Hernández Hernández,FC Barcelona,Real Sociedad de Fútbol,Aihen Muñoz,0,0,0,0,0,0,0,0,24,0,0,1,0,6,0
93,28 Sep 2025,,mh9g8wbjyoe3ub3ouu0nnsb8,Alejandro José Hernández Hernández,FC Barcelona,Real Sociedad de Fútbol,Pablo Marín,0,0,0,0,1,1,0,0,10,0,0,0,0,0,0
93,28 Sep 2025,,mh9g8wbjyoe3ub3ouu0nnsb8,Alejandro José Hernández Hernández,FC Barcelona,Real Sociedad de Fútbol,Gonçalo Guedes,0,0,0,3,0,0,0,2,5,0,0,0,0,1,0
93,28 Sep 2025,,mh9g8wbjyoe3ub3ouu0nnsb8,Alejandro José Hernández Hernández,FC Barcelona,Real Sociedad de Fútbol,Ander Barrenetxea,1,0,0,1,1,0,0,0,21,0,0,0,0,2,0
93,28 Sep 2025,,mh9g8wbjyoe3ub3ouu0nnsb8,Alejandro José Hernández Hernández,FC Barcelona,Real Sociedad de Fútbol,D. Ćaleta-Car,0,0,0,0,2,0,0,0,26,0,0,0,0,0,1
93,28 Sep 2025,,mh9g8wbjyoe3ub3ouu0nnsb8,Alejandro José Hernández Hernández,FC Barcelona,Real Sociedad de Fútbol,Beñat Turrientes,0,0,0,0,2,0,0,0,8,0,0,0,0,2,0
93,28 Sep 2025,,mh9g8wbjyoe3ub3ouu0nnsb8,Alejandro José Hernández Hernández,FC Barcelona,Real Sociedad de Fútbol,Álvaro Odriozola,0,0,0,1,0,1,1,0,8,0,0,1,1,3,0
93,28 Sep 2025,,mh9g8wbjyoe3ub3ouu0nnsb8,Alejandro José Hernández Hernández,FC Barcelona,Real Sociedad de Fútbol,Mikel Oyarzabal,0,2,1,1,0,2,0,0,10,0,0,4,1,0,0
93,28 Sep 2025,,mh9g8wbjyoe3ub3ouu0nnsb8,Alejandro José Hernández Hernández,FC Barcelona,Real Sociedad de Fútbol,Sergio Gómez,0,0,0,1,1,1,0,0,17,0,0,0,0,4,0
93,28 Sep 2025,,mh9g8wbjyoe3ub3ouu0nnsb8,Alejandro José Hernández Hernández,FC Barcelona,Real Sociedad de Fútbol,T. Kubo,0,0,0,0,0,0,0,1,15,0,0,1,0,1,0
93,28 Sep 2025,,mh9g8wbjyoe3ub3ouu0nnsb8,Alejandro José Hernández Hernández,FC Barcelona,Real Sociedad de Fútbol,Carlos Soler,0,0,0,1,2,0,0,0,11,0,0,0,0,0,0
93,28 Sep 2025,,mh9g8wbjyoe3ub3ouu0nnsb8,Alejandro José Hernández Hernández,FC Barcelona,Real Sociedad de Fútbol,Brais Méndez,0,0,0,1,1,1,0,1,13,0,0,0,0,1,0
93,28 Sep 2025,,mh9g8wbjyoe3ub3ouu0nnsb8,Alejandro José Hernández Hernández,FC Barcelona,Real Sociedad de Fútbol,U. Sadiq,0,0,0,0,0,0,0,1,3,0,0,0,0,0,0
94,28 Sep 2025,,mulhl7s94em1faqw5y2499uc,Víctor García Verdura,Real Betis Balompié,CA Osasuna,A. Ezzalzouli,0,1,1,2,0,2,1,0,30,0,0,3,2,0,0
94,28 Sep 2025,,mulhl7s94em1faqw5y2499uc,Víctor García Verdura,Real Betis Balompié,CA Osasuna,Natan,0,0,0,0,0,0,0,0,38,0,0,0,0,3,0
94,28 Sep 2025,,mulhl7s94em1faqw5y2499uc,Víctor García Verdura,Real Betis Balompié,CA Osasuna,V. Gómez,0,0,0,0,1,0,0,0,52,0,0,0,0,2,0
94,28 Sep 2025,,mulhl7s94em1faqw5y2499uc,Víctor García Verdura,Real Betis Balompié,CA Osasuna,R. Rodríguez,0,0,0,0,0,0,0,0,59,0,0,0,0,1,0
94,28 Sep 2025,,mulhl7s94em1faqw5y2499uc,Víctor García Verdura,Real Betis Balompié,CA Osasuna,S. Amrabat,0,0,0,0,2,2,0,0,56,0,0,1,1,3,0
94,28 Sep 2025,,mulhl7s94em1faqw5y2499uc,Víctor García Verdura,Real Betis Balompié,CA Osasuna,Marc Roca,0,0,0,1,2,1,0,0,44,0,0,0,0,1,0
94,28 Sep 2025,,mulhl7s94em1faqw5y2499uc,Víctor García Verdura,Real Betis Balompié,CA Osasuna,Héctor Bellerín,0,0,1,3,0,0,0,0,36,0,0,0,0,0,0
94,28 Sep 2025,,mulhl7s94em1faqw5y2499uc,Víctor García Verdura,Real Betis Balompié,CA Osasuna,Antony,0,0,1,6,1,1,0,0,43,0,0,3,1,0,0
94,28 Sep 2025,,mulhl7s94em1faqw5y2499uc,Víctor García Verdura,Real Betis Balompié,CA Osasuna,Pau López,0,0,0,0,0,1,0,0,37,0,1,0,0,0,0
94,28 Sep 2025,,mulhl7s94em1faqw5y2499uc,Víctor García Verdura,Real Betis Balompié,CA Osasuna,C. Hernández,1,0,0,0,0,0,1,0,21,0,0,2,2,0,0
94,28 Sep 2025,,mulhl7s94em1faqw5y2499uc,Víctor García Verdura,Real Betis Balompié,CA Osasuna,Pablo Fornals,1,1,2,4,0,0,0,2,50,0,0,2,0,0,0
94,28 Sep 2025,,mulhl7s94em1faqw5y2499uc,Víctor García Verdura,Real Betis Balompié,CA Osasuna,Aitor Ruibal,0,1,0,0,0,0,0,0,19,0,0,1,0,0,0
94,28 Sep 2025,,mulhl7s94em1faqw5y2499uc,Víctor García Verdura,Real Betis Balompié,CA Osasuna,Sergi Altimira,0,0,0,0,0,0,0,0,22,0,0,0,0,2,0
94,28 Sep 2025,,mulhl7s94em1faqw5y2499uc,Víctor García Verdura,Real Betis Balompié,CA Osasuna,Ángel Ortiz,0,0,0,0,0,0,0,0,4,0,0,0,0,1,0
94,28 Sep 2025,,mulhl7s94em1faqw5y2499uc,Víctor García Verdura,Real Betis Balompié,CA Osasuna,Rodrigo Riquelme,0,0,0,0,0,0,0,0,8,0,0,0,0,0,0
94,28 Sep 2025,,mulhl7s94em1faqw5y2499uc,Víctor García Verdura,Real Betis Balompié,CA Osasuna,Moi Gómez,0,1,0,4,1,2,0,0,45,0,0,1,0,0,1
94,28 Sep 2025,,mulhl7s94em1faqw5y2499uc,Víctor García Verdura,Real Betis Balompié,CA Osasuna,Alejandro Catena,0,0,1,0,1,0,0,0,75,0,0,1,0,5,0
94,28 Sep 2025,,mulhl7s94em1faqw5y2499uc,Víctor García Verdura,Real Betis Balompié,CA Osasuna,E. Boyomo,0,0,0,1,1,0,0,0,62,0,0,0,0,1,0
94,28 Sep 2025,,mulhl7s94em1faqw5y2499uc,Víctor García Verdura,Real Betis Balompié,CA Osasuna,V. Rosier,0,0,1,0,0,0,0,0,40,0,0,1,0,0,0
94,28 Sep 2025,,mulhl7s94em1faqw5y2499uc,Víctor García Verdura,Real Betis Balompié,CA Osasuna,Jon Moncayola,0,0,1,6,1,1,0,0,58,0,0,0,0,1,0
94,28 Sep 2025,,mulhl7s94em1faqw5y2499uc,Víctor García Verdura,Real Betis Balompié,CA Osasuna,Raúl García,0,0,0,0,0,1,0,0,22,0,0,0,0,1,0
94,28 Sep 2025,,mulhl7s94em1faqw5y2499uc,Víctor García Verdura,Real Betis Balompié,CA Osasuna,A. Budimir,0,1,0,0,0,1,0,1,24,0,0,4,0,1,0
94,28 Sep 2025,,mulhl7s94em1faqw5y2499uc,Víctor García Verdura,Real Betis Balompié,CA Osasuna,Lucas Torró,0,0,0,0,0,0,0,0,27,0,0,0,0,1,0
94,28 Sep 2025,,mulhl7s94em1faqw5y2499uc,Víctor García Verdura,Real Betis Balompié,CA Osasuna,Sergio Herrera,0,0,0,0,0,0,0,0,27,0,4,0,0,0,0
94,28 Sep 2025,,mulhl7s94em1faqw5y2499uc,Víctor García Verdura,Real Betis Balompié,CA Osasuna,Jorge Herrando,0,0,0,0,1,0,0,0,32,0,0,0,0,0,0
94,28 Sep 2025,,mulhl7s94em1faqw5y2499uc,Víctor García Verdura,Real Betis Balompié,CA Osasuna,Abel Bretones,0,0,1,4,0,0,0,1,30,0,0,0,0,1,0
94,28 Sep 2025,,mulhl7s94em1faqw5y2499uc,Víctor García Verdura,Real Betis Balompié,CA Osasuna,S. Becker,0,1,0,4,0,0,0,0,9,0,0,2,0,0,0
94,28 Sep 2025,,mulhl7s94em1faqw5y2499uc,Víctor García Verdura,Real Betis Balompié,CA Osasuna,Víctor Muñoz,0,0,0,3,0,0,0,0,13,0,0,3,1,0,0
94,28 Sep 2025,,mulhl7s94em1faqw5y2499uc,Víctor García Verdura,Real Betis Balompié,CA Osasuna,Iker Muñoz,0,0,0,0,1,0,0,0,17,0,0,0,0,1,0
94,28 Sep 2025,,mulhl7s94em1faqw5y2499uc,Víctor García Verdura,Real Betis Balompié,CA Osasuna,Asier Osambela,0,0,0,0,1,0,0,0,9,0,0,0,0,0,0
94,28 Sep 2025,,mulhl7s94em1faqw5y2499uc,Víctor García Verdura,Real Betis Balompié,CA Osasuna,Kike Barja,0,0,1,3,0,0,0,0,3,0,0,0,0,0,0
95,27 Sep 2025,,n7tx1yzdm3jcvtma21rf6al0,Mateo Busquets Ferrer,Getafe CF,Levante UD,Luis Milla,0,0,0,7,0,1,0,0,45,0,0,0,0,1,0
95,27 Sep 2025,,n7tx1yzdm3jcvtma21rf6al0,Mateo Busquets Ferrer,Getafe CF,Levante UD,Borja Mayoral,0,0,0,0,0,0,0,0,13,0,0,0,0,0,0
95,27 Sep 2025,,n7tx1yzdm3jcvtma21rf6al0,Mateo Busquets Ferrer,Getafe CF,Levante UD,M. Arambarri,0,0,2,0,2,3,0,0,24,0,0,1,0,3,0
95,27 Sep 2025,,n7tx1yzdm3jcvtma21rf6al0,Mateo Busquets Ferrer,Getafe CF,Levante UD,Davinchi,0,0,3,6,4,0,0,0,33,0,0,1,0,3,0
95,27 Sep 2025,,n7tx1yzdm3jcvtma21rf6al0,Mateo Busquets Ferrer,Getafe CF,Levante UD,A. Abqar,1,0,0,0,1,4,0,0,29,0,0,0,0,4,1
95,27 Sep 2025,,n7tx1yzdm3jcvtma21rf6al0,Mateo Busquets Ferrer,Getafe CF,Levante UD,David Soria,0,0,0,0,0,1,0,0,31,0,2,0,0,0,0
95,27 Sep 2025,,n7tx1yzdm3jcvtma21rf6al0,Mateo Busquets Ferrer,Getafe CF,Levante UD,Mario Martín,0,0,0,0,0,0,0,0,10,0,0,0,0,1,0
95,27 Sep 2025,,n7tx1yzdm3jcvtma21rf6al0,Mateo Busquets Ferrer,Getafe CF,Levante UD,Domingos Duarte,0,0,0,0,1,0,0,0,19,0,0,0,0,0,1
95,27 Sep 2025,,n7tx1yzdm3jcvtma21rf6al0,Mateo Busquets Ferrer,Getafe CF,Levante UD,D. Dakonam,0,0,0,0,1,0,0,0,13,0,0,0,0,0,1
95,27 Sep 2025,,n7tx1yzdm3jcvtma21rf6al0,Mateo Busquets Ferrer,Getafe CF,Levante UD,Juan Iglesias,0,0,0,2,0,2,1,0,28,0,0,1,1,2,0
95,27 Sep 2025,,n7tx1yzdm3jcvtma21rf6al0,Mateo Busquets Ferrer,Getafe CF,Levante UD,Javi Muñoz,0,0,0,0,0,1,0,0,20,0,0,3,1,0,0
95,27 Sep 2025,,n7tx1yzdm3jcvtma21rf6al0,Mateo Busquets Ferrer,Getafe CF,Levante UD,Coba da Costa,0,1,1,4,2,2,0,1,11,0,0,3,1,1,0
95,27 Sep 2025,,n7tx1yzdm3jcvtma21rf6al0,Mateo Busquets Ferrer,Getafe CF,Levante UD,Alex Sancris,0,0,0,4,0,0,0,1,22,0,0,1,1,3,0
95,27 Sep 2025,,n7tx1yzdm3jcvtma21rf6al0,Mateo Busquets Ferrer,Getafe CF,Levante UD,Kiko Femenía,0,0,0,0,0,0,0,0,21,0,0,1,0,1,0
95,27 Sep 2025,,n7tx1yzdm3jcvtma21rf6al0,Mateo Busquets Ferrer,Getafe CF,Levante UD,A. Nyom,0,0,0,0,2,0,0,0,6,0,0,0,0,0,1
95,27 Sep 2025,,n7tx1yzdm3jcvtma21rf6al0,Mateo Busquets Ferrer,Getafe CF,Levante UD,Y. Neyou,0,0,0,0,2,0,0,0,3,0,0,0,0,0,0
95,27 Sep 2025,,n7tx1yzdm3jcvtma21rf6al0,Mateo Busquets Ferrer,Getafe CF,Levante UD,K. Arriaga,0,0,0,0,1,0,0,0,27,0,0,0,0,0,0
95,27 Sep 2025,,n7tx1yzdm3jcvtma21rf6al0,Mateo Busquets Ferrer,Getafe CF,Levante UD,J. Toljan,0,0,0,4,2,2,0,0,27,0,0,0,0,4,0
95,27 Sep 2025,,n7tx1yzdm3jcvtma21rf6al0,Mateo Busquets Ferrer,Getafe CF,Levante UD,Unai Vencedor,0,0,0,2,5,0,0,0,14,0,0,0,0,2,0
95,27 Sep 2025,,n7tx1yzdm3jcvtma21rf6al0,Mateo Busquets Ferrer,Getafe CF,Levante UD,Carlos Álvarez,0,1,0,1,0,2,0,0,15,0,0,1,0,2,0
95,27 Sep 2025,,n7tx1yzdm3jcvtma21rf6al0,Mateo Busquets Ferrer,Getafe CF,Levante UD,M. Moreno,0,0,0,0,2,0,0,0,29,0,0,0,0,1,0
95,27 Sep 2025,,n7tx1yzdm3jcvtma21rf6al0,Mateo Busquets Ferrer,Getafe CF,Levante UD,M. Ryan,0,0,0,0,0,0,0,0,38,0,3,0,0,0,0
95,27 Sep 2025,,n7tx1yzdm3jcvtma21rf6al0,Mateo Busquets Ferrer,Getafe CF,Levante UD,E. Eyong,0,0,0,0,0,4,0,0,15,0,0,4,1,1,1
95,27 Sep 2025,,n7tx1yzdm3jcvtma21rf6al0,Mateo Busquets Ferrer,Getafe CF,Levante UD,Iván Romero,0,0,1,1,2,2,1,0,13,0,0,5,2,0,0
95,27 Sep 2025,,n7tx1yzdm3jcvtma21rf6al0,Mateo Busquets Ferrer,Getafe CF,Levante UD,Manu Sánchez,0,0,0,1,1,0,0,0,21,0,0,0,0,4,1
95,27 Sep 2025,,n7tx1yzdm3jcvtma21rf6al0,Mateo Busquets Ferrer,Getafe CF,Levante UD,Roger Brugué,1,0,0,0,1,0,0,2,12,0,0,0,0,2,0
95,27 Sep 2025,,n7tx1yzdm3jcvtma21rf6al0,Mateo Busquets Ferrer,Getafe CF,Levante UD,Adrián de la Fuente,0,0,0,0,0,0,0,0,37,0,0,0,0,1,0
95,27 Sep 2025,,n7tx1yzdm3jcvtma21rf6al0,Mateo Busquets Ferrer,Getafe CF,Levante UD,Pablo Martínez,0,0,0,0,0,1,0,0,14,0,0,0,0,0,0
95,27 Sep 2025,,n7tx1yzdm3jcvtma21rf6al0,Mateo Busquets Ferrer,Getafe CF,Levante UD,Oriol Rey,0,0,0,0,0,0,0,0,10,0,0,0,0,0,0
95,27 Sep 2025,,n7tx1yzdm3jcvtma21rf6al0,Mateo Busquets Ferrer,Getafe CF,Levante UD,G. Koyalipou,0,1,0,1,2,0,0,0,4,0,0,1,0,0,1
95,27 Sep 2025,,n7tx1yzdm3jcvtma21rf6al0,Mateo Busquets Ferrer,Getafe CF,Levante UD,Jon Olasagasti,0,0,1,1,0,1,0,0,8,0,0,0,0,1,0
95,27 Sep 2025,,n7tx1yzdm3jcvtma21rf6al0,Mateo Busquets Ferrer,Getafe CF,Levante UD,José Luis Morales,0,0,0,0,0,0,0,0,4,0,0,0,0,0,0
96,28 Sep 2025,,nl5iakd17ewjayh3ah21iolw,Jesús Gil Manzano,Rayo Vallecano de Madrid,Sevilla FC,A. Rațiu,0,0,1,4,0,0,0,0,49,0,0,1,1,2,0
96,28 Sep 2025,,nl5iakd17ewjayh3ah21iolw,Jesús Gil Manzano,Rayo Vallecano de Madrid,Sevilla FC,Jorge de Frutos,0,0,1,3,1,1,0,0,14,0,0,0,0,0,0
96,28 Sep 2025,,nl5iakd17ewjayh3ah21iolw,Jesús Gil Manzano,Rayo Vallecano de Madrid,Sevilla FC,F. Lejeune,0,0,0,0,2,1,0,0,83,0,0,3,1,1,1
96,28 Sep 2025,,nl5iakd17ewjayh3ah21iolw,Jesús Gil Manzano,Rayo Vallecano de Madrid,Sevilla FC,A. Batalla,0,0,0,0,0,0,0,0,45,0,0,0,0,0,0
96,28 Sep 2025,,nl5iakd17ewjayh3ah21iolw,Jesús Gil Manzano,Rayo Vallecano de Madrid,Sevilla FC,Pedro Díaz,0,0,0,2,1,1,0,0,32,0,0,0,0,0,0
96,28 Sep 2025,,nl5iakd17ewjayh3ah21iolw,Jesús Gil Manzano,Rayo Vallecano de Madrid,Sevilla FC,Alemão,0,1,2,0,0,5,0,0,14,0,0,3,1,1,0
96,28 Sep 2025,,nl5iakd17ewjayh3ah21iolw,Jesús Gil Manzano,Rayo Vallecano de Madrid,Sevilla FC,Isi Palazón,0,1,2,8,2,1,0,0,23,0,0,3,0,0,0
96,28 Sep 2025,,nl5iakd17ewjayh3ah21iolw,Jesús Gil Manzano,Rayo Vallecano de Madrid,Sevilla FC,Óscar Valentín,0,0,0,0,0,0,0,0,39,0,0,0,0,6,0
96,28 Sep 2025,,nl5iakd17ewjayh3ah21iolw,Jesús Gil Manzano,Rayo Vallecano de Madrid,Sevilla FC,P. Ciss,0,0,0,0,0,1,0,0,73,0,0,1,1,1,0
96,28 Sep 2025,,nl5iakd17ewjayh3ah21iolw,Jesús Gil Manzano,Rayo Vallecano de Madrid,Sevilla FC,Álvaro García,0,2,3,8,1,2,0,0,24,0,0,4,1,1,0
96,28 Sep 2025,,nl5iakd17ewjayh3ah21iolw,Jesús Gil Manzano,Rayo Vallecano de Madrid,Sevilla FC,Pep Chavarría,0,1,2,6,1,0,0,0,38,0,0,1,0,2,0
96,28 Sep 2025,,nl5iakd17ewjayh3ah21iolw,Jesús Gil Manzano,Rayo Vallecano de Madrid,Sevilla FC,Fran Pérez,0,0,0,0,0,0,0,0,8,0,0,0,0,0,0
96,28 Sep 2025,,nl5iakd17ewjayh3ah21iolw,Jesús Gil Manzano,Rayo Vallecano de Madrid,Sevilla FC,Unai López,0,0,0,2,0,0,0,0,25,0,0,0,0,0,0
96,28 Sep 2025,,nl5iakd17ewjayh3ah21iolw,Jesús Gil Manzano,Rayo Vallecano de Madrid,Sevilla FC,Ó. Trejo,0,0,0,1,1,1,0,0,11,0,0,0,0,0,1
96,28 Sep 2025,,nl5iakd17ewjayh3ah21iolw,Jesús Gil Manzano,Rayo Vallecano de Madrid,Sevilla FC,Sergio Camello,0,0,1,0,1,1,0,0,4,1,0,2,1,0,1
96,28 Sep 2025,,nl5iakd17ewjayh3ah21iolw,Jesús Gil Manzano,Rayo Vallecano de Madrid,Sevilla FC,Samu Becerra,0,0,0,0,1,0,0,0,4,0,0,0,0,0,0
96,28 Sep 2025,,nl5iakd17ewjayh3ah21iolw,Jesús Gil Manzano,Rayo Vallecano de Madrid,Sevilla FC,Isaac Romero,0,1,1,0,0,1,0,0,12,0,0,1,0,0,0
96,28 Sep 2025,,nl5iakd17ewjayh3ah21iolw,Jesús Gil Manzano,Rayo Vallecano de Madrid,Sevilla FC,L. Agoumé,0,0,0,0,2,1,0,0,27,0,0,0,0,0,0
96,28 Sep 2025,,nl5iakd17ewjayh3ah21iolw,Jesús Gil Manzano,Rayo Vallecano de Madrid,Sevilla FC,Fábio Cardoso,0,0,0,0,4,0,0,0,15,0,0,0,0,1,0
96,28 Sep 2025,,nl5iakd17ewjayh3ah21iolw,Jesús Gil Manzano,Rayo Vallecano de Madrid,Sevilla FC,O. Vlachodimos,0,0,0,0,0,0,0,0,28,0,6,0,0,0,0
96,28 Sep 2025,,nl5iakd17ewjayh3ah21iolw,Jesús Gil Manzano,Rayo Vallecano de Madrid,Sevilla FC,G. Suazo,0,0,1,4,0,0,0,0,29,0,0,0,0,3,0
96,28 Sep 2025,,nl5iakd17ewjayh3ah21iolw,Jesús Gil Manzano,Rayo Vallecano de Madrid,Sevilla FC,Marcão,0,0,0,0,1,2,0,0,19,0,0,0,0,0,0
96,28 Sep 2025,,nl5iakd17ewjayh3ah21iolw,Jesús Gil Manzano,Rayo Vallecano de Madrid,Sevilla FC,José Ángel Carmona,1,0,0,0,1,1,0,0,27,0,0,1,0,3,1
96,28 Sep 2025,,nl5iakd17ewjayh3ah21iolw,Jesús Gil Manzano,Rayo Vallecano de Madrid,Sevilla FC,R. Vargas,0,1,1,3,2,0,0,1,18,0,0,1,0,2,0
96,28 Sep 2025,,nl5iakd17ewjayh3ah21iolw,Jesús Gil Manzano,Rayo Vallecano de Madrid,Sevilla FC,César Azpilicueta,0,0,0,1,1,0,0,0,28,0,0,0,0,2,0
96,28 Sep 2025,,nl5iakd17ewjayh3ah21iolw,Jesús Gil Manzano,Rayo Vallecano de Madrid,Sevilla FC,B. Mendy,0,0,1,0,2,0,0,0,21,0,0,0,0,1,0
96,28 Sep 2025,,nl5iakd17ewjayh3ah21iolw,Jesús Gil Manzano,Rayo Vallecano de Madrid,Sevilla FC,A. Sánchez,0,0,0,0,0,2,0,0,28,0,0,0,0,2,0
96,28 Sep 2025,,nl5iakd17ewjayh3ah21iolw,Jesús Gil Manzano,Rayo Vallecano de Madrid,Sevilla FC,A. Januzaj,0,0,0,1,1,2,0,0,7,0,0,0,0,1,0
96,28 Sep 2025,,nl5iakd17ewjayh3ah21iolw,Jesús Gil Manzano,Rayo Vallecano de Madrid,Sevilla FC,A. Adams,0,0,0,1,1,0,1,0,8,0,0,1,1,0,0
96,28 Sep 2025,,nl5iakd17ewjayh3ah21iolw,Jesús Gil Manzano,Rayo Vallecano de Madrid,Sevilla FC,Ramón Martínez,0,0,0,0,0,0,0,0,5,0,0,0,0,0,0
96,28 Sep 2025,,nl5iakd17ewjayh3ah21iolw,Jesús Gil Manzano,Rayo Vallecano de Madrid,Sevilla FC,D. Sow,0,0,0,0,0,0,0,0,7,0,0,0,0,0,0
96,28 Sep 2025,,nl5iakd17ewjayh3ah21iolw,Jesús Gil Manzano,Rayo Vallecano de Madrid,Sevilla FC,Peque Fernández,0,0,0,0,0,0,0,0,1,0,0,0,0,0,1
97,27 Sep 2025,,nyhzbo7wncd07zhc7pysjris,Adrián Cordero Vega,Real Club Deportivo Mallorca,Deportivo Alavés,Samú Costa,0,0,2,1,2,4,0,0,34,0,0,1,0,2,1
97,27 Sep 2025,,nyhzbo7wncd07zhc7pysjris,Adrián Cordero Vega,Real Club Deportivo Mallorca,Deportivo Alavés,J. Mojica,0,0,0,4,2,1,0,0,33,0,0,1,1,5,0
97,27 Sep 2025,,nyhzbo7wncd07zhc7pysjris,Adrián Cordero Vega,Real Club Deportivo Mallorca,Deportivo Alavés,Marc Domenech,1,1,0,0,1,1,0,0,12,0,0,1,0,1,0
97,27 Sep 2025,,nyhzbo7wncd07zhc7pysjris,Adrián Cordero Vega,Real Club Deportivo Mallorca,Deportivo Alavés,M. Valjent,0,0,0,0,0,0,0,0,30,0,0,1,0,0,0
97,27 Sep 2025,,nyhzbo7wncd07zhc7pysjris,Adrián Cordero Vega,Real Club Deportivo Mallorca,Deportivo Alavés,Leo Román,0,0,0,0,0,0,0,0,36,0,3,0,0,0,0
97,27 Sep 2025,,nyhzbo7wncd07zhc7pysjris,Adrián Cordero Vega,Real Club Deportivo Mallorca,Deportivo Alavés,Pablo Maffeo,0,0,0,1,2,1,0,0,29,0,0,1,0,3,1
97,27 Sep 2025,,nyhzbo7wncd07zhc7pysjris,Adrián Cordero Vega,Real Club Deportivo Mallorca,Deportivo Alavés,Sergi Darder,0,1,0,7,1,1,0,0,22,0,0,1,0,2,0
97,27 Sep 2025,,nyhzbo7wncd07zhc7pysjris,Adrián Cordero Vega,Real Club Deportivo Mallorca,Deportivo Alavés,T. Asano,0,0,1,1,0,3,1,0,15,0,0,1,1,1,0
97,27 Sep 2025,,nyhzbo7wncd07zhc7pysjris,Adrián Cordero Vega,Real Club Deportivo Mallorca,Deportivo Alavés,Antonio Raíllo,0,0,0,0,0,0,0,0,35,0,0,1,0,1,0
97,27 Sep 2025,,nyhzbo7wncd07zhc7pysjris,Adrián Cordero Vega,Real Club Deportivo Mallorca,Deportivo Alavés,V. Muriqi,0,1,0,0,1,1,0,0,18,0,0,1,0,0,0
97,27 Sep 2025,,nyhzbo7wncd07zhc7pysjris,Adrián Cordero Vega,Real Club Deportivo Mallorca,Deportivo Alavés,Manu Morlanes,0,1,0,0,1,1,0,0,37,0,0,1,0,6,0
97,27 Sep 2025,,nyhzbo7wncd07zhc7pysjris,Adrián Cordero Vega,Real Club Deportivo Mallorca,Deportivo Alavés,Antonio Sánchez,0,0,1,1,2,1,0,0,9,0,0,0,0,0,0
97,27 Sep 2025,,nyhzbo7wncd07zhc7pysjris,Adrián Cordero Vega,Real Club Deportivo Mallorca,Deportivo Alavés,Mateu Morey,0,0,0,0,1,2,0,0,6,0,0,1,1,0,0
97,27 Sep 2025,,nyhzbo7wncd07zhc7pysjris,Adrián Cordero Vega,Real Club Deportivo Mallorca,Deportivo Alavés,Mateo Joseph,0,1,0,0,1,1,0,0,5,0,0,1,0,1,0
97,27 Sep 2025,,nyhzbo7wncd07zhc7pysjris,Adrián Cordero Vega,Real Club Deportivo Mallorca,Deportivo Alavés,Pablo Torre,0,0,0,0,0,0,0,0,5,0,0,0,0,0,0
97,27 Sep 2025,,nyhzbo7wncd07zhc7pysjris,Adrián Cordero Vega,Real Club Deportivo Mallorca,Deportivo Alavés,Javi Llabrés,0,0,0,0,0,0,0,0,1,0,0,0,0,0,0
97,27 Sep 2025,,nyhzbo7wncd07zhc7pysjris,Adrián Cordero Vega,Real Club Deportivo Mallorca,Deportivo Alavés,Antonio Blanco,0,1,0,0,2,1,0,0,92,0,0,1,0,4,0
97,27 Sep 2025,,nyhzbo7wncd07zhc7pysjris,Adrián Cordero Vega,Real Club Deportivo Mallorca,Deportivo Alavés,Antonio Sivera,0,0,0,0,0,0,0,0,14,0,1,0,0,0,0
97,27 Sep 2025,,nyhzbo7wncd07zhc7pysjris,Adrián Cordero Vega,Real Club Deportivo Mallorca,Deportivo Alavés,Carlos Vicente,0,0,2,10,0,4,0,0,54,0,0,1,1,6,0
97,27 Sep 2025,,nyhzbo7wncd07zhc7pysjris,Adrián Cordero Vega,Real Club Deportivo Mallorca,Deportivo Alavés,L. Boyé,0,0,0,0,2,0,0,0,13,0,0,2,1,2,0
97,27 Sep 2025,,nyhzbo7wncd07zhc7pysjris,Adrián Cordero Vega,Real Club Deportivo Mallorca,Deportivo Alavés,Carles Aleñá,0,0,2,7,0,1,0,0,48,0,0,1,0,0,0
97,27 Sep 2025,,nyhzbo7wncd07zhc7pysjris,Adrián Cordero Vega,Real Club Deportivo Mallorca,Deportivo Alavés,Jon Pacheco,0,0,0,0,1,0,0,0,50,0,0,0,0,3,0
97,27 Sep 2025,,nyhzbo7wncd07zhc7pysjris,Adrián Cordero Vega,Real Club Deportivo Mallorca,Deportivo Alavés,A. Rebbach,0,1,2,4,4,4,0,0,41,0,0,4,1,2,0
97,27 Sep 2025,,nyhzbo7wncd07zhc7pysjris,Adrián Cordero Vega,Real Club Deportivo Mallorca,Deportivo Alavés,Jonny,0,0,0,1,4,0,0,0,71,0,0,0,0,1,1
97,27 Sep 2025,,nyhzbo7wncd07zhc7pysjris,Adrián Cordero Vega,Real Club Deportivo Mallorca,Deportivo Alavés,Pablo Ibáñez,0,1,0,0,2,0,0,0,39,0,0,1,0,3,0
97,27 Sep 2025,,nyhzbo7wncd07zhc7pysjris,Adrián Cordero Vega,Real Club Deportivo Mallorca,Deportivo Alavés,N. Tenaglia,0,0,0,0,0,1,0,0,43,0,0,1,0,2,0
97,27 Sep 2025,,nyhzbo7wncd07zhc7pysjris,Adrián Cordero Vega,Real Club Deportivo Mallorca,Deportivo Alavés,Víctor Parada,0,0,2,3,1,1,0,1,21,0,0,0,0,1,1
97,27 Sep 2025,,nyhzbo7wncd07zhc7pysjris,Adrián Cordero Vega,Real Club Deportivo Mallorca,Deportivo Alavés,Y. Enríquez,0,0,0,2,1,1,0,0,13,0,0,0,0,0,1
97,27 Sep 2025,,nyhzbo7wncd07zhc7pysjris,Adrián Cordero Vega,Real Club Deportivo Mallorca,Deportivo Alavés,M. Díaz,0,0,0,0,1,0,0,0,3,0,0,0,0,0,0
97,27 Sep 2025,,nyhzbo7wncd07zhc7pysjris,Adrián Cordero Vega,Real Club Deportivo Mallorca,Deportivo Alavés,Toni Martínez,0,0,0,0,0,0,0,1,2,0,0,1,0,0,0
97,27 Sep 2025,,nyhzbo7wncd07zhc7pysjris,Adrián Cordero Vega,Real Club Deportivo Mallorca,Deportivo Alavés,Denis Suárez,0,0,0,1,0,0,0,0,13,0,0,0,0,0,0
97,27 Sep 2025,,nyhzbo7wncd07zhc7pysjris,Adrián Cordero Vega,Real Club Deportivo Mallorca,Deportivo Alavés,Calebe,0,0,1,0,0,0,0,0,1,0,0,0,0,2,0
98,27 Sep 2025,,obyek5fw1lg9l72jn8omr4lw,Miguel Sesma Espinosa,Villarreal CF,Athletic Club,N. Pépé,0,2,2,4,1,1,0,4,19,0,0,5,1,3,0
98,27 Sep 2025,,obyek5fw1lg9l72jn8omr4lw,Miguel Sesma Espinosa,Villarreal CF,Athletic Club,Luíz Júnior,0,0,0,0,0,0,0,0,17,0,4,0,0,0,0
98,27 Sep 2025,,obyek5fw1lg9l72jn8omr4lw,Miguel Sesma Espinosa,Villarreal CF,Athletic Club,Renato Veiga,0,0,0,0,0,0,0,0,49,0,0,0,0,0,0
98,27 Sep 2025,,obyek5fw1lg9l72jn8omr4lw,Miguel Sesma Espinosa,Villarreal CF,Athletic Club,Rafa Marín,0,0,0,0,0,1,0,0,53,0,0,1,0,4,0
98,27 Sep 2025,,obyek5fw1lg9l72jn8omr4lw,Miguel Sesma Espinosa,Villarreal CF,Athletic Club,S. Mouriño,0,0,0,0,5,1,0,1,40,0,0,1,0,8,0
98,27 Sep 2025,,obyek5fw1lg9l72jn8omr4lw,Miguel Sesma Espinosa,Villarreal CF,Athletic Club,T. Partey,0,0,0,0,1,0,0,0,35,0,0,2,1,0,0
98,27 Sep 2025,,obyek5fw1lg9l72jn8omr4lw,Miguel Sesma Espinosa,Villarreal CF,Athletic Club,P. Gueye,0,0,0,0,2,2,0,0,49,0,0,2,1,1,0
98,27 Sep 2025,,obyek5fw1lg9l72jn8omr4lw,Miguel Sesma Espinosa,Villarreal CF,Athletic Club,G. Mikautadze,0,0,2,0,0,2,0,0,11,0,0,1,1,1,0
98,27 Sep 2025,,obyek5fw1lg9l72jn8omr4lw,Miguel Sesma Espinosa,Villarreal CF,Athletic Club,M. Solomon,0,0,1,4,0,1,0,0,17,0,0,0,0,0,0
98,27 Sep 2025,,obyek5fw1lg9l72jn8omr4lw,Miguel Sesma Espinosa,Villarreal CF,Athletic Club,Sergi Cardona,0,0,0,6,0,0,0,0,43,0,0,0,0,1,0
98,27 Sep 2025,,obyek5fw1lg9l72jn8omr4lw,Miguel Sesma Espinosa,Villarreal CF,Athletic Club,I. Akhomach,0,0,1,1,1,0,0,0,9,0,0,0,0,2,0
98,27 Sep 2025,,obyek5fw1lg9l72jn8omr4lw,Miguel Sesma Espinosa,Villarreal CF,Athletic Club,T. Buchanan,0,0,0,2,2,1,0,0,10,0,0,0,0,0,1
98,27 Sep 2025,,obyek5fw1lg9l72jn8omr4lw,Miguel Sesma Espinosa,Villarreal CF,Athletic Club,Dani Parejo,0,0,0,1,1,1,0,0,11,0,0,0,0,1,1
98,27 Sep 2025,,obyek5fw1lg9l72jn8omr4lw,Miguel Sesma Espinosa,Villarreal CF,Athletic Club,T. Oluwaseyi,0,1,0,0,0,1,0,2,6,0,0,1,0,1,0
98,27 Sep 2025,,obyek5fw1lg9l72jn8omr4lw,Miguel Sesma Espinosa,Villarreal CF,Athletic Club,Alberto Moleiro,0,0,0,1,0,0,1,0,3,0,0,1,1,0,0
98,27 Sep 2025,,obyek5fw1lg9l72jn8omr4lw,Miguel Sesma Espinosa,Villarreal CF,Athletic Club,Alfonso Pedraza,0,0,0,0,0,0,0,0,1,0,0,0,0,1,0
98,27 Sep 2025,,obyek5fw1lg9l72jn8omr4lw,Miguel Sesma Espinosa,Villarreal CF,Athletic Club,Íñigo Lekue,0,1,0,3,2,0,0,0,39,0,0,2,1,1,0
98,27 Sep 2025,,obyek5fw1lg9l72jn8omr4lw,Miguel Sesma Espinosa,Villarreal CF,Athletic Club,Aymeric Laporte,0,0,0,0,0,1,0,0,69,0,0,0,0,0,0
98,27 Sep 2025,,obyek5fw1lg9l72jn8omr4lw,Miguel Sesma Espinosa,Villarreal CF,Athletic Club,Unai Gómez,0,2,0,6,0,1,0,0,29,0,0,2,0,2,0
98,27 Sep 2025,,obyek5fw1lg9l72jn8omr4lw,Miguel Sesma Espinosa,Villarreal CF,Athletic Club,Oihan Sancet,0,1,0,0,1,0,0,0,34,0,0,3,1,1,0
98,27 Sep 2025,,obyek5fw1lg9l72jn8omr4lw,Miguel Sesma Espinosa,Villarreal CF,Athletic Club,Yuri,0,1,0,1,1,2,0,0,74,0,0,1,0,0,0
98,27 Sep 2025,,obyek5fw1lg9l72jn8omr4lw,Miguel Sesma Espinosa,Villarreal CF,Athletic Club,Mikel Jauregizar,0,1,0,4,1,0,0,0,52,0,0,1,0,0,0
98,27 Sep 2025,,obyek5fw1lg9l72jn8omr4lw,Miguel Sesma Espinosa,Villarreal CF,Athletic Club,Dani Vivian,0,0,0,0,3,1,0,0,66,0,0,1,0,4,0
98,27 Sep 2025,,obyek5fw1lg9l72jn8omr4lw,Miguel Sesma Espinosa,Villarreal CF,Athletic Club,I. Williams,0,0,0,5,1,0,0,0,12,0,0,0,0,0,0
98,27 Sep 2025,,obyek5fw1lg9l72jn8omr4lw,Miguel Sesma Espinosa,Villarreal CF,Athletic Club,Íñigo Ruíz de Galarreta,0,1,1,4,0,1,0,0,34,0,0,2,0,3,0
98,27 Sep 2025,,obyek5fw1lg9l72jn8omr4lw,Miguel Sesma Espinosa,Villarreal CF,Athletic Club,Unai Simón,0,0,0,0,0,1,0,0,23,0,4,0,0,0,0
98,27 Sep 2025,,obyek5fw1lg9l72jn8omr4lw,Miguel Sesma Espinosa,Villarreal CF,Athletic Club,Gorka Guruzeta,0,0,1,0,1,2,0,0,13,0,0,3,2,0,0
98,27 Sep 2025,,obyek5fw1lg9l72jn8omr4lw,Miguel Sesma Espinosa,Villarreal CF,Athletic Club,Robert Navarro,0,0,3,5,1,3,0,0,14,0,0,0,0,0,0
98,27 Sep 2025,,obyek5fw1lg9l72jn8omr4lw,Miguel Sesma Espinosa,Villarreal CF,Athletic Club,Jesús Areso,0,0,0,2,0,0,0,0,17,0,0,0,0,0,0
98,27 Sep 2025,,obyek5fw1lg9l72jn8omr4lw,Miguel Sesma Espinosa,Villarreal CF,Athletic Club,Mikel Vesga,0,0,0,0,0,0,0,0,3,0,0,0,0,0,0
98,27 Sep 2025,,obyek5fw1lg9l72jn8omr4lw,Miguel Sesma Espinosa,Villarreal CF,Athletic Club,Alejandro Rego,0,0,0,0,0,0,0,0,16,0,0,1,0,1,0
98,27 Sep 2025,,obyek5fw1lg9l72jn8omr4lw,Miguel Sesma Espinosa,Villarreal CF,Athletic Club,M. Sannadi,0,0,0,0,0,1,0,0,11,0,0,0,0,0,0
99,28 Sep 2025,,opadvx9ieaoaai2n08r4sqok,Guillermo Cuadra Fernández,Elche CF,Real Club Celta de Vigo,Aleix Febas,0,1,0,1,0,5,0,0,84,0,0,1,0,4,0
99,28 Sep 2025,,opadvx9ieaoaai2n08r4sqok,Guillermo Cuadra Fernández,Elche CF,Real Club Celta de Vigo,M. Dituro,0,0,0,0,0,0,0,0,70,0,1,0,0,0,0
99,28 Sep 2025,,opadvx9ieaoaai2n08r4sqok,Guillermo Cuadra Fernández,Elche CF,Real Club Celta de Vigo,Álvaro Núñez,0,0,1,4,1,2,0,0,71,0,0,0,0,0,0
99,28 Sep 2025,,opadvx9ieaoaai2n08r4sqok,Guillermo Cuadra Fernández,Elche CF,Real Club Celta de Vigo,Pedro Bigas,0,0,0,0,0,0,0,0,73,0,0,0,0,1,0
99,28 Sep 2025,,opadvx9ieaoaai2n08r4sqok,Guillermo Cuadra Fernández,Elche CF,Real Club Celta de Vigo,D. Affengruber,0,0,0,0,1,2,0,1,51,0,0,0,0,2,1
99,28 Sep 2025,,opadvx9ieaoaai2n08r4sqok,Guillermo Cuadra Fernández,Elche CF,Real Club Celta de Vigo,John Donald,0,1,0,0,1,1,1,0,61,0,0,3,2,2,0
99,28 Sep 2025,,opadvx9ieaoaai2n08r4sqok,Guillermo Cuadra Fernández,Elche CF,Real Club Celta de Vigo,Germán Valera,0,1,2,0,1,2,0,0,38,0,0,2,0,2,0
99,28 Sep 2025,,opadvx9ieaoaai2n08r4sqok,Guillermo Cuadra Fernández,Elche CF,Real Club Celta de Vigo,André Silva,0,1,0,0,0,0,1,0,19,0,0,4,2,0,0
99,28 Sep 2025,,opadvx9ieaoaai2n08r4sqok,Guillermo Cuadra Fernández,Elche CF,Real Club Celta de Vigo,Adrià Pedrosa,0,0,1,8,2,1,0,0,25,0,0,0,0,0,1
99,28 Sep 2025,,opadvx9ieaoaai2n08r4sqok,Guillermo Cuadra Fernández,Elche CF,Real Club Celta de Vigo,Josan,1,0,2,11,2,0,0,0,32,0,0,0,0,2,1
99,28 Sep 2025,,opadvx9ieaoaai2n08r4sqok,Guillermo Cuadra Fernández,Elche CF,Real Club Celta de Vigo,Rafa Mir,0,0,2,1,3,1,0,1,13,0,0,3,2,0,0
99,28 Sep 2025,,opadvx9ieaoaai2n08r4sqok,Guillermo Cuadra Fernández,Elche CF,Real Club Celta de Vigo,Á. Rodríguez,0,1,0,0,1,1,0,1,8,0,0,4,2,0,0
99,28 Sep 2025,,opadvx9ieaoaai2n08r4sqok,Guillermo Cuadra Fernández,Elche CF,Real Club Celta de Vigo,Víctor Chust,0,0,0,0,0,0,0,0,8,0,0,0,0,0,0
99,28 Sep 2025,,opadvx9ieaoaai2n08r4sqok,Guillermo Cuadra Fernández,Elche CF,Real Club Celta de Vigo,L. Pétrot,0,0,0,0,0,0,0,0,12,0,0,0,0,2,0
99,28 Sep 2025,,opadvx9ieaoaai2n08r4sqok,Guillermo Cuadra Fernández,Elche CF,Real Club Celta de Vigo,G. Diangana,0,0,0,0,0,2,0,0,3,0,0,0,0,1,0
99,28 Sep 2025,,opadvx9ieaoaai2n08r4sqok,Guillermo Cuadra Fernández,Elche CF,Real Club Celta de Vigo,Marc Aguado,0,0,0,0,0,1,0,0,6,0,0,0,0,0,0
99,28 Sep 2025,,opadvx9ieaoaai2n08r4sqok,Guillermo Cuadra Fernández,Elche CF,Real Club Celta de Vigo,Carlos Domínguez,0,0,0,0,1,1,0,0,46,0,0,1,0,6,0
99,28 Sep 2025,,opadvx9ieaoaai2n08r4sqok,Guillermo Cuadra Fernández,Elche CF,Real Club Celta de Vigo,Hugo Sotelo,0,0,0,4,3,1,0,0,39,0,0,0,0,2,0
99,28 Sep 2025,,opadvx9ieaoaai2n08r4sqok,Guillermo Cuadra Fernández,Elche CF,Real Club Celta de Vigo,I. Moriba,1,0,0,0,2,1,0,0,10,0,0,0,0,0,0
99,28 Sep 2025,,opadvx9ieaoaai2n08r4sqok,Guillermo Cuadra Fernández,Elche CF,Real Club Celta de Vigo,Bryan Zaragoza,0,1,2,3,0,2,0,1,13,0,0,3,1,1,0
99,28 Sep 2025,,opadvx9ieaoaai2n08r4sqok,Guillermo Cuadra Fernández,Elche CF,Real Club Celta de Vigo,Óscar Mingueza,0,0,0,1,1,0,0,0,28,0,0,0,0,2,1
99,28 Sep 2025,,opadvx9ieaoaai2n08r4sqok,Guillermo Cuadra Fernández,Elche CF,Real Club Celta de Vigo,Yoel Lago,0,0,0,0,2,0,0,0,29,0,0,0,0,1,1
99,28 Sep 2025,,opadvx9ieaoaai2n08r4sqok,Guillermo Cuadra Fernández,Elche CF,Real Club Celta de Vigo,Miguel Román,0,0,0,0,5,1,0,0,28,0,0,1,0,4,1
99,28 Sep 2025,,opadvx9ieaoaai2n08r4sqok,Guillermo Cuadra Fernández,Elche CF,Real Club Celta de Vigo,I. Radu,0,0,0,0,0,1,0,0,27,0,6,0,0,0,0
99,28 Sep 2025,,opadvx9ieaoaai2n08r4sqok,Guillermo Cuadra Fernández,Elche CF,Real Club Celta de Vigo,Marcos Alonso,0,0,0,1,0,2,0,0,24,0,0,0,0,2,0
99,28 Sep 2025,,opadvx9ieaoaai2n08r4sqok,Guillermo Cuadra Fernández,Elche CF,Real Club Celta de Vigo,Hugo Álvarez,0,0,0,0,2,0,0,0,29,0,0,0,0,1,0
99,28 Sep 2025,,opadvx9ieaoaai2n08r4sqok,Guillermo Cuadra Fernández,Elche CF,Real Club Celta de Vigo,Borja Iglesias,0,1,0,1,2,1,1,0,24,0,0,2,1,0,0
99,28 Sep 2025,,opadvx9ieaoaai2n08r4sqok,Guillermo Cuadra Fernández,Elche CF,Real Club Celta de Vigo,Javi Rodríguez,0,0,0,0,0,0,0,0,22,0,0,0,0,1,0
99,28 Sep 2025,,opadvx9ieaoaai2n08r4sqok,Guillermo Cuadra Fernández,Elche CF,Real Club Celta de Vigo,Javi Rueda,0,0,0,0,1,2,0,2,14,0,0,0,0,1,0
99,28 Sep 2025,,opadvx9ieaoaai2n08r4sqok,Guillermo Cuadra Fernández,Elche CF,Real Club Celta de Vigo,W. Swedberg,0,1,0,0,0,0,0,0,3,0,0,1,0,0,0
99,28 Sep 2025,,opadvx9ieaoaai2n08r4sqok,Guillermo Cuadra Fernández,Elche CF,Real Club Celta de Vigo,Iago Aspas,0,0,0,0,0,0,0,0,8,0,0,0,0,2,0
99,28 Sep 2025,,opadvx9ieaoaai2n08r4sqok,Guillermo Cuadra Fernández,Elche CF,Real Club Celta de Vigo,Manu Fernández,0,0,0,0,1,0,0,0,14,0,0,0,0,0,0
100,26 Sep 2025,,p2nr5z25p9svx0ssxbjiprmc,Francisco José Hernández Maeso,Girona FC,Reial Club Deportiu Espanyol de Barcelona,V. Vanat,0,1,1,0,0,0,0,0,15,0,0,2,1,1,0
100,26 Sep 2025,,p2nr5z25p9svx0ssxbjiprmc,Francisco José Hernández Maeso,Girona FC,Reial Club Deportiu Espanyol de Barcelona,D. Blind,0,0,0,1,0,0,0,0,86,0,0,0,0,1,0
100,26 Sep 2025,,p2nr5z25p9svx0ssxbjiprmc,Francisco José Hernández Maeso,Girona FC,Reial Club Deportiu Espanyol de Barcelona,Portu,0,1,2,6,3,0,0,0,14,0,0,1,0,1,0
100,26 Sep 2025,,p2nr5z25p9svx0ssxbjiprmc,Francisco José Hernández Maeso,Girona FC,Reial Club Deportiu Espanyol de Barcelona,Vitor Reis,0,0,0,0,1,0,0,0,65,0,0,0,0,1,0
100,26 Sep 2025,,p2nr5z25p9svx0ssxbjiprmc,Francisco José Hernández Maeso,Girona FC,Reial Club Deportiu Espanyol de Barcelona,Álex Moreno,0,0,2,3,2,2,0,0,36,0,0,2,0,0,0
100,26 Sep 2025,,p2nr5z25p9svx0ssxbjiprmc,Francisco José Hernández Maeso,Girona FC,Reial Club Deportiu Espanyol de Barcelona,Iván Martín,0,0,2,1,1,2,0,0,69,0,0,1,1,0,0
100,26 Sep 2025,,p2nr5z25p9svx0ssxbjiprmc,Francisco José Hernández Maeso,Girona FC,Reial Club Deportiu Espanyol de Barcelona,A. Ounahi,0,1,1,2,1,2,0,0,43,0,0,3,1,0,0
100,26 Sep 2025,,p2nr5z25p9svx0ssxbjiprmc,Francisco José Hernández Maeso,Girona FC,Reial Club Deportiu Espanyol de Barcelona,Alejandro Francés,0,0,0,2,0,0,0,0,56,0,0,0,0,0,0
100,26 Sep 2025,,p2nr5z25p9svx0ssxbjiprmc,Francisco José Hernández Maeso,Girona FC,Reial Club Deportiu Espanyol de Barcelona,A. Witsel,0,1,0,0,0,2,0,0,49,0,0,1,0,0,0
100,26 Sep 2025,,p2nr5z25p9svx0ssxbjiprmc,Francisco José Hernández Maeso,Girona FC,Reial Club Deportiu Espanyol de Barcelona,Hugo Rincón,0,0,0,2,0,2,0,0,31,0,0,0,0,2,0
100,26 Sep 2025,,p2nr5z25p9svx0ssxbjiprmc,Francisco José Hernández Maeso,Girona FC,Reial Club Deportiu Espanyol de Barcelona,P. Gazzaniga,0,0,0,0,0,0,0,0,26,0,5,0,0,0,0
100,26 Sep 2025,,p2nr5z25p9svx0ssxbjiprmc,Francisco José Hernández Maeso,Girona FC,Reial Club Deportiu Espanyol de Barcelona,Y. Asprilla,0,0,0,4,1,0,0,0,8,0,0,1,0,0,0
100,26 Sep 2025,,p2nr5z25p9svx0ssxbjiprmc,Francisco José Hernández Maeso,Girona FC,Reial Club Deportiu Espanyol de Barcelona,Bryan Gil,0,1,0,0,0,0,0,0,10,0,0,1,0,0,0
100,26 Sep 2025,,p2nr5z25p9svx0ssxbjiprmc,Francisco José Hernández Maeso,Girona FC,Reial Club Deportiu Espanyol de Barcelona,C. Stuani,0,0,0,0,0,0,0,1,0,0,0,0,0,0,0
100,26 Sep 2025,,p2nr5z25p9svx0ssxbjiprmc,Francisco José Hernández Maeso,Girona FC,Reial Club Deportiu Espanyol de Barcelona,Arnau Martínez,0,0,0,1,0,0,0,0,11,0,0,0,0,0,0
100,26 Sep 2025,,p2nr5z25p9svx0ssxbjiprmc,Francisco José Hernández Maeso,Girona FC,Reial Club Deportiu Espanyol de Barcelona,J. Solís,0,0,0,0,0,0,0,0,3,0,0,0,0,0,0
100,26 Sep 2025,,p2nr5z25p9svx0ssxbjiprmc,Francisco José Hernández Maeso,Girona FC,Reial Club Deportiu Espanyol de Barcelona,Pere Milla,0,1,1,6,0,2,0,1,18,0,0,6,0,3,0
100,26 Sep 2025,,p2nr5z25p9svx0ssxbjiprmc,Francisco José Hernández Maeso,Girona FC,Reial Club Deportiu Espanyol de Barcelona,C. Riedel,0,0,0,0,0,0,0,0,42,0,0,2,1,0,0
100,26 Sep 2025,,p2nr5z25p9svx0ssxbjiprmc,Francisco José Hernández Maeso,Girona FC,Reial Club Deportiu Espanyol de Barcelona,Carlos Romero,0,3,1,1,2,0,0,0,30,0,0,4,0,4,0
100,26 Sep 2025,,p2nr5z25p9svx0ssxbjiprmc,Francisco José Hernández Maeso,Girona FC,Reial Club Deportiu Espanyol de Barcelona,Fernando Calero,0,0,0,0,0,0,0,0,49,0,0,1,0,1,0
100,26 Sep 2025,,p2nr5z25p9svx0ssxbjiprmc,Francisco José Hernández Maeso,Girona FC,Reial Club Deportiu Espanyol de Barcelona,O. El Hilali,0,0,1,2,2,2,0,0,42,0,0,0,0,2,1
100,26 Sep 2025,,p2nr5z25p9svx0ssxbjiprmc,Francisco José Hernández Maeso,Girona FC,Reial Club Deportiu Espanyol de Barcelona,M. Dmitrović,0,0,0,0,0,0,0,0,24,0,3,0,0,0,0
100,26 Sep 2025,,p2nr5z25p9svx0ssxbjiprmc,Francisco José Hernández Maeso,Girona FC,Reial Club Deportiu Espanyol de Barcelona,Roberto Fernández,0,0,0,0,0,1,0,0,13,0,0,2,1,0,0
100,26 Sep 2025,,p2nr5z25p9svx0ssxbjiprmc,Francisco José Hernández Maeso,Girona FC,Reial Club Deportiu Espanyol de Barcelona,Pol Lozano,0,1,0,0,4,0,0,0,32,0,0,1,0,1,0
100,26 Sep 2025,,p2nr5z25p9svx0ssxbjiprmc,Francisco José Hernández Maeso,Girona FC,Reial Club Deportiu Espanyol de Barcelona,Javi Puado,0,0,0,2,1,0,0,0,17,0,0,1,1,0,0
100,26 Sep 2025,,p2nr5z25p9svx0ssxbjiprmc,Francisco José Hernández Maeso,Girona FC,Reial Club Deportiu Espanyol de Barcelona,Urko González de Zárate,0,0,0,1,0,1,0,0,31,0,0,0,0,1,0
100,26 Sep 2025,,p2nr5z25p9svx0ssxbjiprmc,Francisco José Hernández Maeso,Girona FC,Reial Club Deportiu Espanyol de Barcelona,T. Dolan,0,0,1,5,1,2,0,0,16,0,0,2,2,3,0
100,26 Sep 2025,,p2nr5z25p9svx0ssxbjiprmc,Francisco José Hernández Maeso,Girona FC,Reial Club Deportiu Espanyol de Barcelona,Edu Expósito,0,0,0,1,0,0,0,0,8,0,0,0,0,3,0
100,26 Sep 2025,,p2nr5z25p9svx0ssxbjiprmc,Francisco José Hernández Maeso,Girona FC,Reial Club Deportiu Espanyol de Barcelona,C. Pickel,0,0,0,0,1,0,0,0,10,0,0,0,0,0,0
100,26 Sep 2025,,p2nr5z25p9svx0ssxbjiprmc,Francisco José Hernández Maeso,Girona FC,Reial Club Deportiu Espanyol de Barcelona,Jofre Carreras,0,0,0,2,0,1,0,0,1,0,0,0,0,1,0
100,26 Sep 2025,,p2nr5z25p9svx0ssxbjiprmc,Francisco José Hernández Maeso,Girona FC,Reial Club Deportiu Espanyol de Barcelona,Ramon Terrats,0,0,0,0,0,0,0,0,2,0,0,1,0,1,0
100,26 Sep 2025,,p2nr5z25p9svx0ssxbjiprmc,Francisco José Hernández Maeso,Girona FC,Reial Club Deportiu Espanyol de Barcelona,Kike García,0,0,0,0,0,0,0,0,3,0,0,0,0,0,0
101,5 Oct 2025,,pftv5ujrolgrr85ijlnj728k,Miguel Ángel Ortiz Arias,Deportivo Alavés,Elche CF,Jonny,0,0,1,2,2,1,0,0,55,0,0,2,1,4,1
101,5 Oct 2025,,pftv5ujrolgrr85ijlnj728k,Miguel Ángel Ortiz Arias,Deportivo Alavés,Elche CF,Toni Martínez,0,0,1,1,0,1,1,0,14,0,0,2,1,3,0
101,5 Oct 2025,,pftv5ujrolgrr85ijlnj728k,Miguel Ángel Ortiz Arias,Deportivo Alavés,Elche CF,Calebe,0,1,1,2,0,0,0,0,20,0,0,1,0,1,0
101,5 Oct 2025,,pftv5ujrolgrr85ijlnj728k,Miguel Ángel Ortiz Arias,Deportivo Alavés,Elche CF,Y. Enríquez,0,2,2,1,0,0,0,0,25,0,0,3,0,3,0
101,5 Oct 2025,,pftv5ujrolgrr85ijlnj728k,Miguel Ángel Ortiz Arias,Deportivo Alavés,Elche CF,Antonio Blanco,0,0,1,1,2,2,0,0,40,0,0,2,1,1,1
101,5 Oct 2025,,pftv5ujrolgrr85ijlnj728k,Miguel Ángel Ortiz Arias,Deportivo Alavés,Elche CF,A. Rebbach,0,2,2,9,2,1,0,0,21,0,0,2,0,1,0
101,5 Oct 2025,,pftv5ujrolgrr85ijlnj728k,Miguel Ángel Ortiz Arias,Deportivo Alavés,Elche CF,Jon Pacheco,0,0,0,0,2,0,0,0,46,0,0,0,0,2,1
101,5 Oct 2025,,pftv5ujrolgrr85ijlnj728k,Miguel Ángel Ortiz Arias,Deportivo Alavés,Elche CF,N. Tenaglia,0,2,0,0,1,1,0,1,29,0,0,3,0,1,0
101,5 Oct 2025,,pftv5ujrolgrr85ijlnj728k,Miguel Ángel Ortiz Arias,Deportivo Alavés,Elche CF,L. Boyé,0,1,0,1,2,0,1,0,16,0,0,4,1,1,0
101,5 Oct 2025,,pftv5ujrolgrr85ijlnj728k,Miguel Ángel Ortiz Arias,Deportivo Alavés,Elche CF,Pablo Ibáñez,0,3,4,3,2,2,0,0,33,0,0,4,0,1,0
101,5 Oct 2025,,pftv5ujrolgrr85ijlnj728k,Miguel Ángel Ortiz Arias,Deportivo Alavés,Elche CF,Antonio Sivera,0,0,0,0,0,0,0,0,15,0,2,0,0,0,0
101,5 Oct 2025,,pftv5ujrolgrr85ijlnj728k,Miguel Ángel Ortiz Arias,Deportivo Alavés,Elche CF,Carlos Vicente,0,0,2,10,0,0,1,1,24,0,0,1,1,0,0
101,5 Oct 2025,,pftv5ujrolgrr85ijlnj728k,Miguel Ángel Ortiz Arias,Deportivo Alavés,Elche CF,Ander Guevara,0,0,1,0,0,0,0,0,19,0,0,0,0,1,0
101,5 Oct 2025,,pftv5ujrolgrr85ijlnj728k,Miguel Ángel Ortiz Arias,Deportivo Alavés,Elche CF,Denis Suárez,0,0,0,0,0,0,0,0,21,0,0,0,0,1,0
101,5 Oct 2025,,pftv5ujrolgrr85ijlnj728k,Miguel Ángel Ortiz Arias,Deportivo Alavés,Elche CF,Carles Aleñá,2,1,0,1,0,0,0,0,16,0,0,1,0,0,0
101,5 Oct 2025,,pftv5ujrolgrr85ijlnj728k,Miguel Ángel Ortiz Arias,Deportivo Alavés,Elche CF,Víctor Parada,0,0,0,0,0,0,0,0,1,0,0,0,0,0,0
101,5 Oct 2025,,pftv5ujrolgrr85ijlnj728k,Miguel Ángel Ortiz Arias,Deportivo Alavés,Elche CF,Aleix Febas,0,0,0,0,0,4,0,0,55,0,0,1,1,1,0
101,5 Oct 2025,,pftv5ujrolgrr85ijlnj728k,Miguel Ángel Ortiz Arias,Deportivo Alavés,Elche CF,Iñaki Peña,0,0,1,0,0,0,0,0,42,0,2,0,0,0,0
101,5 Oct 2025,,pftv5ujrolgrr85ijlnj728k,Miguel Ángel Ortiz Arias,Deportivo Alavés,Elche CF,Rafa Mir,0,0,0,0,0,0,0,0,14,0,0,1,1,0,0
101,5 Oct 2025,,pftv5ujrolgrr85ijlnj728k,Miguel Ángel Ortiz Arias,Deportivo Alavés,Elche CF,Á. Rodríguez,0,0,0,0,2,1,0,1,20,0,0,0,0,0,0
101,5 Oct 2025,,pftv5ujrolgrr85ijlnj728k,Miguel Ángel Ortiz Arias,Deportivo Alavés,Elche CF,Germán Valera,1,0,2,3,1,3,0,0,38,0,0,0,0,6,0
101,5 Oct 2025,,pftv5ujrolgrr85ijlnj728k,Miguel Ángel Ortiz Arias,Deportivo Alavés,Elche CF,Marc Aguado,0,0,0,0,0,1,0,0,44,0,0,0,0,1,0
101,5 Oct 2025,,pftv5ujrolgrr85ijlnj728k,Miguel Ángel Ortiz Arias,Deportivo Alavés,Elche CF,Pedro Bigas,0,1,0,1,0,0,0,0,58,0,0,1,0,1,0
101,5 Oct 2025,,pftv5ujrolgrr85ijlnj728k,Miguel Ángel Ortiz Arias,Deportivo Alavés,Elche CF,Víctor Chust,0,0,0,0,1,0,0,0,41,0,0,0,0,3,0
101,5 Oct 2025,,pftv5ujrolgrr85ijlnj728k,Miguel Ángel Ortiz Arias,Deportivo Alavés,Elche CF,G. Diangana,0,0,1,2,3,2,0,0,11,0,0,0,0,0,1
101,5 Oct 2025,,pftv5ujrolgrr85ijlnj728k,Miguel Ángel Ortiz Arias,Deportivo Alavés,Elche CF,D. Affengruber,0,0,0,0,1,1,0,0,42,1,0,0,0,2,0
101,5 Oct 2025,,pftv5ujrolgrr85ijlnj728k,Miguel Ángel Ortiz Arias,Deportivo Alavés,Elche CF,Álvaro Núñez,0,0,0,4,1,1,0,0,37,0,0,0,0,0,0
101,5 Oct 2025,,pftv5ujrolgrr85ijlnj728k,Miguel Ángel Ortiz Arias,Deportivo Alavés,Elche CF,Martim Neto,0,1,0,0,0,0,0,0,19,0,0,1,0,1,0
101,5 Oct 2025,,pftv5ujrolgrr85ijlnj728k,Miguel Ángel Ortiz Arias,Deportivo Alavés,Elche CF,André Silva,0,0,0,0,0,0,1,0,9,0,0,2,1,1,0
101,5 Oct 2025,,pftv5ujrolgrr85ijlnj728k,Miguel Ángel Ortiz Arias,Deportivo Alavés,Elche CF,John Donald,0,0,0,0,0,0,0,0,16,0,0,0,0,1,0
101,5 Oct 2025,,pftv5ujrolgrr85ijlnj728k,Miguel Ángel Ortiz Arias,Deportivo Alavés,Elche CF,L. Pétrot,0,0,0,0,0,0,0,0,6,0,0,0,0,0,0
101,5 Oct 2025,,pftv5ujrolgrr85ijlnj728k,Miguel Ángel Ortiz Arias,Deportivo Alavés,Elche CF,A. El Mokhtari,0,0,0,0,0,0,0,0,9,0,0,0,0,1,0
102,4 Oct 2025,,pt81qdbd7pkbnnkpq246rtw4,Alejandro Quintero González,Athletic Club,Real Club Deportivo Mallorca,Íñigo Ruíz de Galarreta,0,0,0,2,1,1,0,0,44,0,0,0,0,2,1
102,4 Oct 2025,,pt81qdbd7pkbnnkpq246rtw4,Alejandro Quintero González,Athletic Club,Real Club Deportivo Mallorca,Nico Serrano,0,4,1,1,1,1,0,0,19,0,0,4,0,0,0
102,4 Oct 2025,,pt81qdbd7pkbnnkpq246rtw4,Alejandro Quintero González,Athletic Club,Real Club Deportivo Mallorca,Gorka Guruzeta,0,1,1,0,3,1,0,0,21,0,0,1,0,1,0
102,4 Oct 2025,,pt81qdbd7pkbnnkpq246rtw4,Alejandro Quintero González,Athletic Club,Real Club Deportivo Mallorca,Mikel Jauregizar,0,0,1,8,2,2,0,0,61,0,0,1,0,0,0
102,4 Oct 2025,,pt81qdbd7pkbnnkpq246rtw4,Alejandro Quintero González,Athletic Club,Real Club Deportivo Mallorca,Jesús Areso,1,0,0,7,1,0,0,0,43,0,0,0,0,0,1
102,4 Oct 2025,,pt81qdbd7pkbnnkpq246rtw4,Alejandro Quintero González,Athletic Club,Real Club Deportivo Mallorca,Dani Vivian,0,0,0,0,3,0,0,0,49,0,0,1,1,0,1
102,4 Oct 2025,,pt81qdbd7pkbnnkpq246rtw4,Alejandro Quintero González,Athletic Club,Real Club Deportivo Mallorca,Yuri,0,1,3,5,0,1,0,0,49,0,0,3,0,0,0
102,4 Oct 2025,,pt81qdbd7pkbnnkpq246rtw4,Alejandro Quintero González,Athletic Club,Real Club Deportivo Mallorca,Robert Navarro,0,0,1,3,0,1,0,0,35,0,0,2,0,0,0
102,4 Oct 2025,,pt81qdbd7pkbnnkpq246rtw4,Alejandro Quintero González,Athletic Club,Real Club Deportivo Mallorca,Aymeric Laporte,0,0,0,0,0,1,0,0,51,0,0,0,0,2,1
102,4 Oct 2025,,pt81qdbd7pkbnnkpq246rtw4,Alejandro Quintero González,Athletic Club,Real Club Deportivo Mallorca,I. Williams,0,0,0,3,0,1,1,0,11,0,0,3,2,0,0
102,4 Oct 2025,,pt81qdbd7pkbnnkpq246rtw4,Alejandro Quintero González,Athletic Club,Real Club Deportivo Mallorca,Unai Simón,0,0,0,0,0,0,0,0,23,0,1,0,0,0,0
102,4 Oct 2025,,pt81qdbd7pkbnnkpq246rtw4,Alejandro Quintero González,Athletic Club,Real Club Deportivo Mallorca,Nico Williams,0,1,0,0,1,0,0,0,13,0,0,1,0,2,0
102,4 Oct 2025,,pt81qdbd7pkbnnkpq246rtw4,Alejandro Quintero González,Athletic Club,Real Club Deportivo Mallorca,Alejandro Rego,0,0,0,0,3,1,1,0,12,0,0,1,1,1,0
102,4 Oct 2025,,pt81qdbd7pkbnnkpq246rtw4,Alejandro Quintero González,Athletic Club,Real Club Deportivo Mallorca,M. Sannadi,0,0,0,0,1,1,0,0,5,0,0,1,1,0,0
102,4 Oct 2025,,pt81qdbd7pkbnnkpq246rtw4,Alejandro Quintero González,Athletic Club,Real Club Deportivo Mallorca,Íñigo Lekue,0,0,0,0,0,0,0,0,2,0,0,0,0,0,0
102,4 Oct 2025,,pt81qdbd7pkbnnkpq246rtw4,Alejandro Quintero González,Athletic Club,Real Club Deportivo Mallorca,Urko Izeta,0,0,0,0,0,0,0,0,4,0,0,0,0,0,0
102,4 Oct 2025,,pt81qdbd7pkbnnkpq246rtw4,Alejandro Quintero González,Athletic Club,Real Club Deportivo Mallorca,Sergi Darder,0,0,0,3,1,3,0,0,41,0,0,1,0,1,1
102,4 Oct 2025,,pt81qdbd7pkbnnkpq246rtw4,Alejandro Quintero González,Athletic Club,Real Club Deportivo Mallorca,Antonio Raíllo,0,0,0,0,1,1,0,0,57,0,0,0,0,1,1
102,4 Oct 2025,,pt81qdbd7pkbnnkpq246rtw4,Alejandro Quintero González,Athletic Club,Real Club Deportivo Mallorca,Samú Costa,0,0,0,1,1,3,1,2,54,0,0,1,1,4,0
102,4 Oct 2025,,pt81qdbd7pkbnnkpq246rtw4,Alejandro Quintero González,Athletic Club,Real Club Deportivo Mallorca,Pablo Torre,0,0,0,2,1,1,0,0,27,0,0,0,0,1,0
102,4 Oct 2025,,pt81qdbd7pkbnnkpq246rtw4,Alejandro Quintero González,Athletic Club,Real Club Deportivo Mallorca,Manu Morlanes,0,0,0,0,2,1,0,0,34,0,0,0,0,5,0
102,4 Oct 2025,,pt81qdbd7pkbnnkpq246rtw4,Alejandro Quintero González,Athletic Club,Real Club Deportivo Mallorca,Leo Román,0,0,0,0,0,1,0,0,25,0,3,0,0,0,1
102,4 Oct 2025,,pt81qdbd7pkbnnkpq246rtw4,Alejandro Quintero González,Athletic Club,Real Club Deportivo Mallorca,Marc Domenech,0,0,0,1,0,0,0,0,5,0,0,0,0,0,0
102,4 Oct 2025,,pt81qdbd7pkbnnkpq246rtw4,Alejandro Quintero González,Athletic Club,Real Club Deportivo Mallorca,V. Muriqi,0,0,0,0,2,1,0,3,15,0,0,2,0,0,1
102,4 Oct 2025,,pt81qdbd7pkbnnkpq246rtw4,Alejandro Quintero González,Athletic Club,Real Club Deportivo Mallorca,J. Mojica,0,0,1,6,1,0,0,0,48,0,0,0,0,3,0
102,4 Oct 2025,,pt81qdbd7pkbnnkpq246rtw4,Alejandro Quintero González,Athletic Club,Real Club Deportivo Mallorca,Pablo Maffeo,0,0,0,2,1,0,0,0,24,0,0,0,0,3,0
102,4 Oct 2025,,pt81qdbd7pkbnnkpq246rtw4,Alejandro Quintero González,Athletic Club,Real Club Deportivo Mallorca,M. Valjent,0,0,0,0,2,2,0,0,58,0,0,1,1,0,0
102,4 Oct 2025,,pt81qdbd7pkbnnkpq246rtw4,Alejandro Quintero González,Athletic Club,Real Club Deportivo Mallorca,Mateo Joseph,1,0,0,1,0,0,0,0,9,0,0,1,0,0,0
102,4 Oct 2025,,pt81qdbd7pkbnnkpq246rtw4,Alejandro Quintero González,Athletic Club,Real Club Deportivo Mallorca,Javi Llabrés,0,0,1,1,0,0,0,0,8,0,0,0,0,0,0
102,4 Oct 2025,,pt81qdbd7pkbnnkpq246rtw4,Alejandro Quintero González,Athletic Club,Real Club Deportivo Mallorca,Antonio Sánchez,0,0,0,0,1,2,0,0,8,1,0,0,0,0,2
102,4 Oct 2025,,pt81qdbd7pkbnnkpq246rtw4,Alejandro Quintero González,Athletic Club,Real Club Deportivo Mallorca,Toni Lato,0,0,0,1,0,0,0,0,1,0,0,0,0,0,0
102,4 Oct 2025,,pt81qdbd7pkbnnkpq246rtw4,Alejandro Quintero González,Athletic Club,Real Club Deportivo Mallorca,Mateu Morey,0,0,0,0,0,1,0,0,2,0,0,0,0,0,0
1,25 Oct 2025,,10d1132abu0fa9xolj05top3o,Isidro Díaz de Mera Escuderos,Athletic Club,Getafe CF,Íñigo Lekue,0,0,0,0,0,0,0,0,17,1,0,0,0,5,0
1,25 Oct 2025,,10d1132abu0fa9xolj05top3o,Isidro Díaz de Mera Escuderos,Athletic Club,Getafe CF,Alex Berenguer,0,0,0,1,0,1,0,1,8,0,0,0,0,1,0
1,25 Oct 2025,,10d1132abu0fa9xolj05top3o,Isidro Díaz de Mera Escuderos,Athletic Club,Getafe CF,Mikel Jauregizar,0,0,0,1,2,2,0,0,46,0,0,0,0,0,0
1,25 Oct 2025,,10d1132abu0fa9xolj05top3o,Isidro Díaz de Mera Escuderos,Athletic Club,Getafe CF,Aymeric Laporte,0,0,0,0,1,0,0,0,57,0,0,0,0,0,0
1,25 Oct 2025,,10d1132abu0fa9xolj05top3o,Isidro Díaz de Mera Escuderos,Athletic Club,Getafe CF,Nico Williams,0,0,0,3,2,0,0,0,25,0,0,1,1,0,0
1,25 Oct 2025,,10d1132abu0fa9xolj05top3o,Isidro Díaz de Mera Escuderos,Athletic Club,Getafe CF,Unai Simón,0,0,0,0,0,0,0,0,43,0,3,0,0,0,0
1,25 Oct 2025,,10d1132abu0fa9xolj05top3o,Isidro Díaz de Mera Escuderos,Athletic Club,Getafe CF,Dani Vivian,0,0,0,0,1,1,0,0,68,0,0,0,0,0,0
1,25 Oct 2025,,10d1132abu0fa9xolj05top3o,Isidro Díaz de Mera Escuderos,Athletic Club,Getafe CF,Gorka Guruzeta,0,0,0,0,1,2,0,0,10,0,0,2,1,0,1
1,25 Oct 2025,,10d1132abu0fa9xolj05top3o,Isidro Díaz de Mera Escuderos,Athletic Club,Getafe CF,Íñigo Ruíz de Galarreta,0,0,0,0,3,1,0,0,29,0,0,0,0,3,0
1,25 Oct 2025,,10d1132abu0fa9xolj05top3o,Isidro Díaz de Mera Escuderos,Athletic Club,Getafe CF,Yuri,0,0,0,1,2,4,0,0,52,0,0,0,0,2,0
1,25 Oct 2025,,10d1132abu0fa9xolj05top3o,Isidro Díaz de Mera Escuderos,Athletic Club,Getafe CF,Oihan Sancet,0,1,0,0,1,0,0,0,24,0,0,2,1,0,0
1,25 Oct 2025,,10d1132abu0fa9xolj05top3o,Isidro Díaz de Mera Escuderos,Athletic Club,Getafe CF,Jesús Areso,0,0,1,4,0,0,0,1,18,0,0,0,0,1,0
1,25 Oct 2025,,10d1132abu0fa9xolj05top3o,Isidro Díaz de Mera Escuderos,Athletic Club,Getafe CF,M. Sannadi,0,1,0,0,1,1,0,1,5,0,0,1,0,0,0
1,25 Oct 2025,,10d1132abu0fa9xolj05top3o,Isidro Díaz de Mera Escuderos,Athletic Club,Getafe CF,Robert Navarro,0,0,0,1,0,1,0,0,12,0,0,0,0,0,0
1,25 Oct 2025,,10d1132abu0fa9xolj05top3o,Isidro Díaz de Mera Escuderos,Athletic Club,Getafe CF,Mikel Vesga,0,0,0,0,1,1,0,0,16,0,0,0,0,1,0
1,25 Oct 2025,,10d1132abu0fa9xolj05top3o,Isidro Díaz de Mera Escuderos,Athletic Club,Getafe CF,Urko Izeta,0,0,0,1,0,0,0,0,5,0,0,1,1,0,0
1,25 Oct 2025,,10d1132abu0fa9xolj05top3o,Isidro Díaz de Mera Escuderos,Athletic Club,Getafe CF,Luis Milla,0,1,0,6,0,3,0,0,53,0,0,1,0,2,0
1,25 Oct 2025,,10d1132abu0fa9xolj05top3o,Isidro Díaz de Mera Escuderos,Athletic Club,Getafe CF,Domingos Duarte,0,1,0,0,4,0,0,0,23,0,0,1,0,0,1
1,25 Oct 2025,,10d1132abu0fa9xolj05top3o,Isidro Díaz de Mera Escuderos,Athletic Club,Getafe CF,Coba da Costa,0,0,1,2,0,0,0,0,31,0,0,0,0,2,0
1,25 Oct 2025,,10d1132abu0fa9xolj05top3o,Isidro Díaz de Mera Escuderos,Athletic Club,Getafe CF,M. Arambarri,0,1,0,2,1,3,0,0,25,0,0,1,0,4,0
1,25 Oct 2025,,10d1132abu0fa9xolj05top3o,Isidro Díaz de Mera Escuderos,Athletic Club,Getafe CF,Diego Rico,0,0,1,8,1,1,0,0,32,0,0,1,0,4,1
1,25 Oct 2025,,10d1132abu0fa9xolj05top3o,Isidro Díaz de Mera Escuderos,Athletic Club,Getafe CF,Juan Iglesias,0,0,0,1,0,2,0,0,18,0,0,0,0,3,0
1,25 Oct 2025,,10d1132abu0fa9xolj05top3o,Isidro Díaz de Mera Escuderos,Athletic Club,Getafe CF,David Soria,0,0,0,0,0,0,0,0,30,0,4,0,0,0,0
1,25 Oct 2025,,10d1132abu0fa9xolj05top3o,Isidro Díaz de Mera Escuderos,Athletic Club,Getafe CF,Adrián Liso,0,1,1,5,5,2,0,2,20,0,0,2,1,1,0
1,25 Oct 2025,,10d1132abu0fa9xolj05top3o,Isidro Díaz de Mera Escuderos,Athletic Club,Getafe CF,Borja Mayoral,0,0,0,1,1,1,1,2,34,0,0,1,1,1,0
1,25 Oct 2025,,10d1132abu0fa9xolj05top3o,Isidro Díaz de Mera Escuderos,Athletic Club,Getafe CF,D. Dakonam,0,0,0,0,0,0,0,0,20,0,0,0,0,1,0
1,25 Oct 2025,,10d1132abu0fa9xolj05top3o,Isidro Díaz de Mera Escuderos,Athletic Club,Getafe CF,Kiko Femenía,0,0,2,1,2,1,0,0,27,0,0,0,0,5,0
1,25 Oct 2025,,10d1132abu0fa9xolj05top3o,Isidro Díaz de Mera Escuderos,Athletic Club,Getafe CF,Mario Martín,0,0,0,1,0,2,0,0,8,0,0,1,1,0,1
1,25 Oct 2025,,10d1132abu0fa9xolj05top3o,Isidro Díaz de Mera Escuderos,Athletic Club,Getafe CF,Javi Muñoz,0,0,0,0,0,0,0,0,2,0,0,0,0,0,0
2,1 Nov 2025,,10qg7chtpoj0knqnvx2oduot0,Francisco José Hernández Maeso,Club Atlético de Madrid,Sevilla FC,M. Ruggeri,0,0,2,3,3,0,0,0,33,0,0,0,0,4,0
2,1 Nov 2025,,10qg7chtpoj0knqnvx2oduot0,Francisco José Hernández Maeso,Club Atlético de Madrid,Sevilla FC,D. Hancko,0,0,1,2,0,0,0,0,63,0,0,0,0,0,0
2,1 Nov 2025,,10qg7chtpoj0knqnvx2oduot0,Francisco José Hernández Maeso,Club Atlético de Madrid,Sevilla FC,J. Alvarez,0,1,0,0,0,0,1,0,22,0,0,3,1,0,0
2,1 Nov 2025,,10qg7chtpoj0knqnvx2oduot0,Francisco José Hernández Maeso,Club Atlético de Madrid,Sevilla FC,Álex Baena,0,1,2,11,1,2,0,0,28,0,0,1,0,0,0
2,1 Nov 2025,,10qg7chtpoj0knqnvx2oduot0,Francisco José Hernández Maeso,Club Atlético de Madrid,Sevilla FC,J. Oblak,0,0,0,0,0,0,0,0,37,0,2,0,0,0,0
2,1 Nov 2025,,10qg7chtpoj0knqnvx2oduot0,Francisco José Hernández Maeso,Club Atlético de Madrid,Sevilla FC,J. Giménez,0,0,0,0,1,2,0,0,58,0,0,1,0,0,0
2,1 Nov 2025,,10qg7chtpoj0knqnvx2oduot0,Francisco José Hernández Maeso,Club Atlético de Madrid,Sevilla FC,A. Sørloth,0,1,1,3,0,1,0,0,10,0,0,2,1,1,0
2,1 Nov 2025,,10qg7chtpoj0knqnvx2oduot0,Francisco José Hernández Maeso,Club Atlético de Madrid,Sevilla FC,Koke,0,0,0,1,0,2,0,0,61,0,0,0,0,4,0
2,1 Nov 2025,,10qg7chtpoj0knqnvx2oduot0,Francisco José Hernández Maeso,Club Atlético de Madrid,Sevilla FC,N. González,0,0,0,0,1,3,0,0,27,0,0,4,2,1,0
2,1 Nov 2025,,10qg7chtpoj0knqnvx2oduot0,Francisco José Hernández Maeso,Club Atlético de Madrid,Sevilla FC,G. Simeone,1,0,2,3,2,1,0,0,30,0,0,0,0,1,0
2,1 Nov 2025,,10qg7chtpoj0knqnvx2oduot0,Francisco José Hernández Maeso,Club Atlético de Madrid,Sevilla FC,Marcos Llorente,0,0,1,1,1,0,0,0,40,0,0,0,0,2,0
2,1 Nov 2025,,10qg7chtpoj0knqnvx2oduot0,Francisco José Hernández Maeso,Club Atlético de Madrid,Sevilla FC,T. Almada,1,0,0,0,0,1,1,0,18,0,0,1,1,0,0
2,1 Nov 2025,,10qg7chtpoj0knqnvx2oduot0,Francisco José Hernández Maeso,Club Atlético de Madrid,Sevilla FC,C. Gallagher,0,0,0,1,0,0,0,0,10,0,0,1,0,1,0
2,1 Nov 2025,,10qg7chtpoj0knqnvx2oduot0,Francisco José Hernández Maeso,Club Atlético de Madrid,Sevilla FC,A. Griezmann,0,0,0,0,0,0,1,0,14,0,0,2,1,0,0
2,1 Nov 2025,,10qg7chtpoj0knqnvx2oduot0,Francisco José Hernández Maeso,Club Atlético de Madrid,Sevilla FC,N. Molina,0,0,0,0,0,0,0,0,4,0,0,0,0,1,0
2,1 Nov 2025,,10qg7chtpoj0knqnvx2oduot0,Francisco José Hernández Maeso,Club Atlético de Madrid,Sevilla FC,G. Raspadori,0,0,0,0,0,0,0,0,4,0,0,0,0,0,0
2,1 Nov 2025,,10qg7chtpoj0knqnvx2oduot0,Francisco José Hernández Maeso,Club Atlético de Madrid,Sevilla FC,Isaac Romero,0,0,0,0,1,0,0,0,18,0,0,2,0,1,1
2,1 Nov 2025,,10qg7chtpoj0knqnvx2oduot0,Francisco José Hernández Maeso,Club Atlético de Madrid,Sevilla FC,José Ángel Carmona,0,1,1,0,3,0,0,0,66,0,0,1,0,4,0
2,1 Nov 2025,,10qg7chtpoj0knqnvx2oduot0,Francisco José Hernández Maeso,Club Atlético de Madrid,Sevilla FC,César Azpilicueta,0,0,0,1,0,1,0,0,37,0,0,0,0,0,0
2,1 Nov 2025,,10qg7chtpoj0knqnvx2oduot0,Francisco José Hernández Maeso,Club Atlético de Madrid,Sevilla FC,O. Vlachodimos,0,0,0,0,0,0,0,0,25,0,3,0,0,0,1
2,1 Nov 2025,,10qg7chtpoj0knqnvx2oduot0,Francisco José Hernández Maeso,Club Atlético de Madrid,Sevilla FC,B. Mendy,0,0,0,0,0,0,0,0,22,0,0,0,0,1,0
2,1 Nov 2025,,10qg7chtpoj0knqnvx2oduot0,Francisco José Hernández Maeso,Club Atlético de Madrid,Sevilla FC,Peque Fernández,0,0,0,2,1,3,0,0,30,0,0,0,0,0,0
2,1 Nov 2025,,10qg7chtpoj0knqnvx2oduot0,Francisco José Hernández Maeso,Club Atlético de Madrid,Sevilla FC,D. Sow,0,0,0,1,3,1,0,0,63,0,0,1,0,1,0
2,1 Nov 2025,,10qg7chtpoj0knqnvx2oduot0,Francisco José Hernández Maeso,Club Atlético de Madrid,Sevilla FC,R. Vargas,0,0,2,0,1,0,0,0,45,0,0,2,0,0,0
2,1 Nov 2025,,10qg7chtpoj0knqnvx2oduot0,Francisco José Hernández Maeso,Club Atlético de Madrid,Sevilla FC,G. Suazo,0,0,0,4,0,0,0,0,62,0,0,0,0,5,0
2,1 Nov 2025,,10qg7chtpoj0knqnvx2oduot0,Francisco José Hernández Maeso,Club Atlético de Madrid,Sevilla FC,Marcão,0,0,0,0,1,0,0,0,64,0,0,0,0,3,0
2,1 Nov 2025,,10qg7chtpoj0knqnvx2oduot0,Francisco José Hernández Maeso,Club Atlético de Madrid,Sevilla FC,Juanlu Sánchez,0,0,0,0,0,2,0,0,26,0,0,0,0,2,0
2,1 Nov 2025,,10qg7chtpoj0knqnvx2oduot0,Francisco José Hernández Maeso,Club Atlético de Madrid,Sevilla FC,N. Gudelj,0,0,1,0,1,0,0,0,22,0,0,2,1,2,0
2,1 Nov 2025,,10qg7chtpoj0knqnvx2oduot0,Francisco José Hernández Maeso,Club Atlético de Madrid,Sevilla FC,T. Nianzou,0,0,0,0,1,1,0,0,30,0,0,1,0,2,1
2,1 Nov 2025,,10qg7chtpoj0knqnvx2oduot0,Francisco José Hernández Maeso,Club Atlético de Madrid,Sevilla FC,A. Adams,0,0,0,0,0,0,0,0,6,0,0,1,1,1,0
2,1 Nov 2025,,10qg7chtpoj0knqnvx2oduot0,Francisco José Hernández Maeso,Club Atlético de Madrid,Sevilla FC,C. Ejuke,0,0,0,0,0,1,0,0,14,0,0,0,0,2,0
2,1 Nov 2025,,10qg7chtpoj0knqnvx2oduot0,Francisco José Hernández Maeso,Club Atlético de Madrid,Sevilla FC,Alfon González,0,0,0,0,0,0,0,0,1,0,0,0,0,0,0
3,2 Nov 2025,,113wccwt50kebz0thqf0fxkpg,Miguel Sesma Espinosa,FC Barcelona,Elche CF,Ferran Torres,0,0,1,0,1,0,1,1,16,0,0,3,3,1,0
3,2 Nov 2025,,113wccwt50kebz0thqf0fxkpg,Miguel Sesma Espinosa,FC Barcelona,Elche CF,R. Araujo,0,0,0,0,3,1,0,0,46,0,0,0,0,3,0
3,2 Nov 2025,,113wccwt50kebz0thqf0fxkpg,Miguel Sesma Espinosa,FC Barcelona,Elche CF,M. Rashford,0,3,3,3,0,1,1,1,23,0,0,6,1,0,0
3,2 Nov 2025,,113wccwt50kebz0thqf0fxkpg,Miguel Sesma Espinosa,FC Barcelona,Elche CF,Alejandro Balde,1,0,1,1,0,2,0,0,21,0,0,0,0,2,0
3,2 Nov 2025,,113wccwt50kebz0thqf0fxkpg,Miguel Sesma Espinosa,FC Barcelona,Elche CF,W. Szczęsny,0,0,0,0,0,0,0,0,40,0,2,0,0,0,0
3,2 Nov 2025,,113wccwt50kebz0thqf0fxkpg,Miguel Sesma Espinosa,FC Barcelona,Elche CF,J. Koundé,0,0,0,3,0,1,0,0,34,0,0,0,0,2,0
3,2 Nov 2025,,113wccwt50kebz0thqf0fxkpg,Miguel Sesma Espinosa,FC Barcelona,Elche CF,Fermín López,2,0,0,1,2,1,0,1,23,0,0,2,0,2,0
3,2 Nov 2025,,113wccwt50kebz0thqf0fxkpg,Miguel Sesma Espinosa,FC Barcelona,Elche CF,Lamine Yamal,0,1,0,1,0,0,1,1,24,0,0,4,1,0,0
3,2 Nov 2025,,113wccwt50kebz0thqf0fxkpg,Miguel Sesma Espinosa,FC Barcelona,Elche CF,Eric García,0,0,1,0,0,3,0,0,52,0,0,0,0,2,0
3,2 Nov 2025,,113wccwt50kebz0thqf0fxkpg,Miguel Sesma Espinosa,FC Barcelona,Elche CF,F. de Jong,0,0,0,0,0,3,0,1,50,0,0,0,0,4,0
3,2 Nov 2025,,113wccwt50kebz0thqf0fxkpg,Miguel Sesma Espinosa,FC Barcelona,Elche CF,Marc Casadó,0,1,0,0,6,1,0,0,50,0,0,1,0,0,0
3,2 Nov 2025,,113wccwt50kebz0thqf0fxkpg,Miguel Sesma Espinosa,FC Barcelona,Elche CF,Dani Olmo,0,0,0,0,0,0,0,0,14,0,0,0,0,0,0
3,2 Nov 2025,,113wccwt50kebz0thqf0fxkpg,Miguel Sesma Espinosa,FC Barcelona,Elche CF,Gerard Martín,0,0,0,1,0,1,0,0,11,0,0,0,0,1,0
3,2 Nov 2025,,113wccwt50kebz0thqf0fxkpg,Miguel Sesma Espinosa,FC Barcelona,Elche CF,R. Lewandowski,0,1,0,0,0,1,0,0,4,0,0,1,0,0,0
3,2 Nov 2025,,113wccwt50kebz0thqf0fxkpg,Miguel Sesma Espinosa,FC Barcelona,Elche CF,Dro Fernández,0,0,0,0,0,0,0,0,4,0,0,0,0,0,0
3,2 Nov 2025,,113wccwt50kebz0thqf0fxkpg,Miguel Sesma Espinosa,FC Barcelona,Elche CF,R. Bardghji,0,0,0,0,0,0,0,0,1,0,0,0,0,0,0
3,2 Nov 2025,,113wccwt50kebz0thqf0fxkpg,Miguel Sesma Espinosa,FC Barcelona,Elche CF,Adrià Pedrosa,0,1,0,0,1,0,0,0,30,0,0,1,0,4,0
3,2 Nov 2025,,113wccwt50kebz0thqf0fxkpg,Miguel Sesma Espinosa,FC Barcelona,Elche CF,Martim Neto,0,0,0,1,2,0,0,0,11,0,0,0,0,0,1
3,2 Nov 2025,,113wccwt50kebz0thqf0fxkpg,Miguel Sesma Espinosa,FC Barcelona,Elche CF,Germán Valera,0,0,1,3,1,0,0,0,28,0,0,0,0,0,0
3,2 Nov 2025,,113wccwt50kebz0thqf0fxkpg,Miguel Sesma Espinosa,FC Barcelona,Elche CF,Aleix Febas,0,0,0,2,0,5,0,0,32,0,0,0,0,1,0
3,2 Nov 2025,,113wccwt50kebz0thqf0fxkpg,Miguel Sesma Espinosa,FC Barcelona,Elche CF,André Silva,0,0,0,0,3,2,0,0,18,0,0,0,0,1,0
3,2 Nov 2025,,113wccwt50kebz0thqf0fxkpg,Miguel Sesma Espinosa,FC Barcelona,Elche CF,Álvaro Núñez,1,0,1,1,0,0,0,2,60,0,0,0,0,1,0
3,2 Nov 2025,,113wccwt50kebz0thqf0fxkpg,Miguel Sesma Espinosa,FC Barcelona,Elche CF,Marc Aguado,0,0,0,0,1,1,0,0,30,0,0,0,0,1,0
3,2 Nov 2025,,113wccwt50kebz0thqf0fxkpg,Miguel Sesma Espinosa,FC Barcelona,Elche CF,Pedro Bigas,0,0,0,0,1,1,0,0,33,0,0,0,0,3,0
3,2 Nov 2025,,113wccwt50kebz0thqf0fxkpg,Miguel Sesma Espinosa,FC Barcelona,Elche CF,Iñaki Peña,0,0,0,0,0,0,0,0,44,0,2,0,0,0,0
3,2 Nov 2025,,113wccwt50kebz0thqf0fxkpg,Miguel Sesma Espinosa,FC Barcelona,Elche CF,D. Affengruber,0,0,0,1,2,1,0,0,50,0,0,0,0,2,0
3,2 Nov 2025,,113wccwt50kebz0thqf0fxkpg,Miguel Sesma Espinosa,FC Barcelona,Elche CF,Rafa Mir,0,0,0,1,4,0,1,1,29,0,0,5,3,2,0
3,2 Nov 2025,,113wccwt50kebz0thqf0fxkpg,Miguel Sesma Espinosa,FC Barcelona,Elche CF,Rodrigo Mendoza,0,0,0,0,0,1,0,0,32,0,0,0,0,0,0
3,2 Nov 2025,,113wccwt50kebz0thqf0fxkpg,Miguel Sesma Espinosa,FC Barcelona,Elche CF,Yago Santiago,0,0,0,2,1,0,0,1,13,0,0,0,0,0,0
3,2 Nov 2025,,113wccwt50kebz0thqf0fxkpg,Miguel Sesma Espinosa,FC Barcelona,Elche CF,Héctor Fort,0,1,1,1,0,0,0,1,19,0,0,2,0,0,0
3,2 Nov 2025,,113wccwt50kebz0thqf0fxkpg,Miguel Sesma Espinosa,FC Barcelona,Elche CF,Á. Rodríguez,0,0,0,0,0,1,0,0,1,0,0,0,0,0,0
3,2 Nov 2025,,113wccwt50kebz0thqf0fxkpg,Miguel Sesma Espinosa,FC Barcelona,Elche CF,John Donald,0,0,0,0,0,0,0,0,5,0,0,1,0,1,0
4,2 Nov 2025,,11hplskmrac4dwfmqv72f9nh0,Jesús Gil Manzano,Real Betis Balompié,Real Club Deportivo Mallorca,Marc Bartra,0,0,0,0,1,0,0,0,46,0,0,0,0,5,0
4,2 Nov 2025,,11hplskmrac4dwfmqv72f9nh0,Jesús Gil Manzano,Real Betis Balompié,Real Club Deportivo Mallorca,Antony,1,0,0,2,1,1,2,0,49,0,0,4,3,3,0
4,2 Nov 2025,,11hplskmrac4dwfmqv72f9nh0,Jesús Gil Manzano,Real Betis Balompié,Real Club Deportivo Mallorca,C. Hernández,1,2,2,0,0,0,0,0,24,0,0,5,2,2,0
4,2 Nov 2025,,11hplskmrac4dwfmqv72f9nh0,Jesús Gil Manzano,Real Betis Balompié,Real Club Deportivo Mallorca,S. Amrabat,0,0,0,0,0,1,0,0,66,0,0,0,0,2,0
4,2 Nov 2025,,11hplskmrac4dwfmqv72f9nh0,Jesús Gil Manzano,Real Betis Balompié,Real Club Deportivo Mallorca,Héctor Bellerín,1,0,0,2,1,0,0,1,43,0,0,0,0,3,0
4,2 Nov 2025,,11hplskmrac4dwfmqv72f9nh0,Jesús Gil Manzano,Real Betis Balompié,Real Club Deportivo Mallorca,G. Lo Celso,0,0,0,2,1,5,0,0,62,0,0,0,0,0,0
4,2 Nov 2025,,11hplskmrac4dwfmqv72f9nh0,Jesús Gil Manzano,Real Betis Balompié,Real Club Deportivo Mallorca,Álvaro Valles,0,0,0,0,0,0,0,0,37,0,1,0,0,0,0
4,2 Nov 2025,,11hplskmrac4dwfmqv72f9nh0,Jesús Gil Manzano,Real Betis Balompié,Real Club Deportivo Mallorca,Natan,0,0,0,0,1,0,0,0,54,0,0,0,0,0,0
4,2 Nov 2025,,11hplskmrac4dwfmqv72f9nh0,Jesús Gil Manzano,Real Betis Balompié,Real Club Deportivo Mallorca,Pablo Fornals,0,0,1,0,1,0,0,0,69,0,0,1,1,2,0
4,2 Nov 2025,,11hplskmrac4dwfmqv72f9nh0,Jesús Gil Manzano,Real Betis Balompié,Real Club Deportivo Mallorca,A. Ezzalzouli,0,0,0,0,1,0,1,0,20,0,0,2,1,1,0
4,2 Nov 2025,,11hplskmrac4dwfmqv72f9nh0,Jesús Gil Manzano,Real Betis Balompié,Real Club Deportivo Mallorca,R. Rodríguez,0,0,0,1,0,0,0,0,20,0,0,0,0,2,0
4,2 Nov 2025,,11hplskmrac4dwfmqv72f9nh0,Jesús Gil Manzano,Real Betis Balompié,Real Club Deportivo Mallorca,V. Gómez,0,0,0,0,1,0,0,0,26,0,0,0,0,2,0
4,2 Nov 2025,,11hplskmrac4dwfmqv72f9nh0,Jesús Gil Manzano,Real Betis Balompié,Real Club Deportivo Mallorca,Marc Roca,0,0,0,0,0,0,0,0,18,0,0,0,0,0,0
4,2 Nov 2025,,11hplskmrac4dwfmqv72f9nh0,Jesús Gil Manzano,Real Betis Balompié,Real Club Deportivo Mallorca,Aitor Ruibal,0,0,0,0,0,0,0,0,6,0,0,0,0,0,0
4,2 Nov 2025,,11hplskmrac4dwfmqv72f9nh0,Jesús Gil Manzano,Real Betis Balompié,Real Club Deportivo Mallorca,N. Deossa,0,1,1,0,1,0,0,0,9,0,0,1,0,0,0
4,2 Nov 2025,,11hplskmrac4dwfmqv72f9nh0,Jesús Gil Manzano,Real Betis Balompié,Real Club Deportivo Mallorca,Pablo García,0,0,0,0,0,1,0,0,4,0,0,2,1,0,0
4,2 Nov 2025,,11hplskmrac4dwfmqv72f9nh0,Jesús Gil Manzano,Real Betis Balompié,Real Club Deportivo Mallorca,Sergi Darder,0,1,1,5,1,0,0,0,36,0,0,1,0,0,0
4,2 Nov 2025,,11hplskmrac4dwfmqv72f9nh0,Jesús Gil Manzano,Real Betis Balompié,Real Club Deportivo Mallorca,M. Valjent,0,0,0,0,0,0,0,0,49,0,0,0,0,0,0
4,2 Nov 2025,,11hplskmrac4dwfmqv72f9nh0,Jesús Gil Manzano,Real Betis Balompié,Real Club Deportivo Mallorca,Samú Costa,0,0,0,2,3,3,0,1,70,0,0,2,0,1,1
4,2 Nov 2025,,11hplskmrac4dwfmqv72f9nh0,Jesús Gil Manzano,Real Betis Balompié,Real Club Deportivo Mallorca,Manu Morlanes,0,0,0,0,1,0,0,0,57,0,0,0,0,1,0
4,2 Nov 2025,,11hplskmrac4dwfmqv72f9nh0,Jesús Gil Manzano,Real Betis Balompié,Real Club Deportivo Mallorca,Pablo Maffeo,0,0,1,4,0,1,0,0,36,0,0,0,0,2,1
4,2 Nov 2025,,11hplskmrac4dwfmqv72f9nh0,Jesús Gil Manzano,Real Betis Balompié,Real Club Deportivo Mallorca,V. Muriqi,0,0,1,0,0,1,0,2,15,0,0,3,1,0,0
4,2 Nov 2025,,11hplskmrac4dwfmqv72f9nh0,Jesús Gil Manzano,Real Betis Balompié,Real Club Deportivo Mallorca,Jan Virgili,0,1,1,1,0,1,0,0,30,0,0,2,0,0,0
4,2 Nov 2025,,11hplskmrac4dwfmqv72f9nh0,Jesús Gil Manzano,Real Betis Balompié,Real Club Deportivo Mallorca,L. Bergström,0,0,0,0,0,0,0,0,21,0,5,0,0,0,0
4,2 Nov 2025,,11hplskmrac4dwfmqv72f9nh0,Jesús Gil Manzano,Real Betis Balompié,Real Club Deportivo Mallorca,Mateo Joseph,0,0,0,1,1,1,0,0,15,0,0,2,0,5,0
4,2 Nov 2025,,11hplskmrac4dwfmqv72f9nh0,Jesús Gil Manzano,Real Betis Balompié,Real Club Deportivo Mallorca,Antonio Raíllo,0,0,0,0,0,1,0,0,59,0,0,0,0,1,0
4,2 Nov 2025,,11hplskmrac4dwfmqv72f9nh0,Jesús Gil Manzano,Real Betis Balompié,Real Club Deportivo Mallorca,J. Mojica,0,0,0,7,2,0,0,0,41,0,0,2,0,3,1
4,2 Nov 2025,,11hplskmrac4dwfmqv72f9nh0,Jesús Gil Manzano,Real Betis Balompié,Real Club Deportivo Mallorca,Omar Mascarell,0,0,0,0,0,0,0,0,24,0,0,0,0,1,0
4,2 Nov 2025,,11hplskmrac4dwfmqv72f9nh0,Jesús Gil Manzano,Real Betis Balompié,Real Club Deportivo Mallorca,T. Asano,0,1,1,2,0,1,0,1,8,0,0,1,0,1,0
4,2 Nov 2025,,11hplskmrac4dwfmqv72f9nh0,Jesús Gil Manzano,Real Betis Balompié,Real Club Deportivo Mallorca,Pablo Torre,0,0,0,5,0,0,0,0,14,0,0,0,0,0,0
4,2 Nov 2025,,11hplskmrac4dwfmqv72f9nh0,Jesús Gil Manzano,Real Betis Balompié,Real Club Deportivo Mallorca,Javi Llabrés,0,0,0,1,0,0,0,0,5,0,0,1,0,1,0
4,2 Nov 2025,,11hplskmrac4dwfmqv72f9nh0,Jesús Gil Manzano,Real Betis Balompié,Real Club Deportivo Mallorca,Abdón Prats,0,0,0,0,0,0,0,0,3,0,0,0,0,0,0
5,31 Oct 2025,,11uxeay5z2isuekqd9fq0usyc,José María Sánchez Martínez,Getafe CF,Girona FC,Luis Milla,1,0,2,13,0,0,0,0,32,0,0,1,1,1,0
5,31 Oct 2025,,11uxeay5z2isuekqd9fq0usyc,José María Sánchez Martínez,Getafe CF,Girona FC,Domingos Duarte,0,0,0,0,3,0,0,0,22,0,0,0,0,1,0
5,31 Oct 2025,,11uxeay5z2isuekqd9fq0usyc,José María Sánchez Martínez,Getafe CF,Girona FC,Coba da Costa,0,0,1,0,2,0,0,0,13,0,0,1,0,1,0
5,31 Oct 2025,,11uxeay5z2isuekqd9fq0usyc,José María Sánchez Martínez,Getafe CF,Girona FC,D. Dakonam,0,0,0,0,1,0,0,0,16,0,0,0,0,2,0
5,31 Oct 2025,,11uxeay5z2isuekqd9fq0usyc,José María Sánchez Martínez,Getafe CF,Girona FC,David Soria,0,0,0,0,0,0,0,0,18,0,3,0,0,0,0
5,31 Oct 2025,,11uxeay5z2isuekqd9fq0usyc,José María Sánchez Martínez,Getafe CF,Girona FC,M. Arambarri,0,0,1,0,2,3,0,0,25,0,0,2,1,2,0
5,31 Oct 2025,,11uxeay5z2isuekqd9fq0usyc,José María Sánchez Martínez,Getafe CF,Girona FC,Adrián Liso,0,0,1,6,2,2,0,1,10,0,0,2,0,2,0
5,31 Oct 2025,,11uxeay5z2isuekqd9fq0usyc,José María Sánchez Martínez,Getafe CF,Girona FC,Borja Mayoral,0,0,0,1,3,0,1,0,22,0,0,1,1,0,0
5,31 Oct 2025,,11uxeay5z2isuekqd9fq0usyc,José María Sánchez Martínez,Getafe CF,Girona FC,Juan Iglesias,0,0,0,3,2,4,0,0,22,0,0,0,0,3,1
5,31 Oct 2025,,11uxeay5z2isuekqd9fq0usyc,José María Sánchez Martínez,Getafe CF,Girona FC,Kiko Femenía,0,0,0,0,0,0,0,0,15,0,0,0,0,3,0
5,31 Oct 2025,,11uxeay5z2isuekqd9fq0usyc,José María Sánchez Martínez,Getafe CF,Girona FC,Diego Rico,0,0,1,2,0,2,0,0,24,0,0,1,0,1,0
5,31 Oct 2025,,11uxeay5z2isuekqd9fq0usyc,José María Sánchez Martínez,Getafe CF,Girona FC,Alex Sancris,1,1,2,4,1,0,0,1,10,0,0,1,0,1,0
5,31 Oct 2025,,11uxeay5z2isuekqd9fq0usyc,José María Sánchez Martínez,Getafe CF,Girona FC,A. Abqar,0,0,0,0,0,1,0,1,10,0,0,2,0,0,0
5,31 Oct 2025,,11uxeay5z2isuekqd9fq0usyc,José María Sánchez Martínez,Getafe CF,Girona FC,Mario Martín,0,0,0,0,1,2,1,0,5,0,0,1,1,2,0
5,31 Oct 2025,,11uxeay5z2isuekqd9fq0usyc,José María Sánchez Martínez,Getafe CF,Girona FC,Y. Neyou,0,0,0,0,0,0,0,0,1,0,0,0,0,0,0
5,31 Oct 2025,,11uxeay5z2isuekqd9fq0usyc,José María Sánchez Martínez,Getafe CF,Girona FC,A. Kamara,0,0,0,0,0,0,0,0,2,0,0,0,0,0,0
5,31 Oct 2025,,11uxeay5z2isuekqd9fq0usyc,José María Sánchez Martínez,Getafe CF,Girona FC,Arnau Martínez,0,0,0,1,1,3,0,0,28,0,0,0,0,5,0
5,31 Oct 2025,,11uxeay5z2isuekqd9fq0usyc,José María Sánchez Martínez,Getafe CF,Girona FC,D. Blind,0,0,0,0,1,0,0,0,60,0,0,0,0,2,1
5,31 Oct 2025,,11uxeay5z2isuekqd9fq0usyc,José María Sánchez Martínez,Getafe CF,Girona FC,Iván Martín,0,0,0,0,1,2,0,0,34,0,0,0,0,0,0
5,31 Oct 2025,,11uxeay5z2isuekqd9fq0usyc,José María Sánchez Martínez,Getafe CF,Girona FC,Vitor Reis,0,0,0,0,1,1,0,0,42,0,0,0,0,1,0
5,31 Oct 2025,,11uxeay5z2isuekqd9fq0usyc,José María Sánchez Martínez,Getafe CF,Girona FC,A. Witsel,0,0,0,0,1,2,0,0,56,0,0,1,0,3,0
5,31 Oct 2025,,11uxeay5z2isuekqd9fq0usyc,José María Sánchez Martínez,Getafe CF,Girona FC,P. Gazzaniga,0,0,0,0,0,0,0,0,27,0,2,0,0,0,0
5,31 Oct 2025,,11uxeay5z2isuekqd9fq0usyc,José María Sánchez Martínez,Getafe CF,Girona FC,Álex Moreno,0,0,0,1,3,0,0,0,38,0,0,0,0,1,0
5,31 Oct 2025,,11uxeay5z2isuekqd9fq0usyc,José María Sánchez Martínez,Getafe CF,Girona FC,V. Vanat,0,0,1,0,2,0,0,0,15,0,0,1,1,0,0
5,31 Oct 2025,,11uxeay5z2isuekqd9fq0usyc,José María Sánchez Martínez,Getafe CF,Girona FC,V. Tsygankov,0,0,1,2,2,0,0,0,19,0,0,1,1,1,0
5,31 Oct 2025,,11uxeay5z2isuekqd9fq0usyc,José María Sánchez Martínez,Getafe CF,Girona FC,Joel Roca,0,0,1,0,0,1,0,0,15,0,0,1,1,1,0
5,31 Oct 2025,,11uxeay5z2isuekqd9fq0usyc,José María Sánchez Martínez,Getafe CF,Girona FC,A. Ounahi,0,1,0,0,1,5,0,0,34,0,0,2,0,0,1
5,31 Oct 2025,,11uxeay5z2isuekqd9fq0usyc,José María Sánchez Martínez,Getafe CF,Girona FC,T. Lemar,0,1,0,1,0,1,0,0,18,0,0,1,0,1,0
5,31 Oct 2025,,11uxeay5z2isuekqd9fq0usyc,José María Sánchez Martínez,Getafe CF,Girona FC,Bryan Gil,0,0,0,0,2,1,0,0,4,0,0,0,0,1,0
5,31 Oct 2025,,11uxeay5z2isuekqd9fq0usyc,José María Sánchez Martínez,Getafe CF,Girona FC,C. Stuani,0,0,0,0,0,1,1,0,3,0,0,1,1,0,0
5,31 Oct 2025,,11uxeay5z2isuekqd9fq0usyc,José María Sánchez Martínez,Getafe CF,Girona FC,Hugo Rincón,0,0,0,1,0,0,0,0,10,0,0,0,0,1,0
6,1 Nov 2025,,1288ajju0cadnuxxhvkal1mok,Mateo Busquets Ferrer,Real Madrid CF,Valencia CF,F. Valverde,1,1,0,0,1,0,0,0,82,0,0,4,1,3,0
6,1 Nov 2025,,1288ajju0cadnuxxhvkal1mok,Mateo Busquets Ferrer,Real Madrid CF,Valencia CF,Álvaro Carreras,0,0,1,4,0,1,1,0,89,0,0,1,1,6,0
6,1 Nov 2025,,1288ajju0cadnuxxhvkal1mok,Mateo Busquets Ferrer,Real Madrid CF,Valencia CF,J. Bellingham,0,1,1,0,3,1,1,1,83,0,0,3,2,1,0
6,1 Nov 2025,,1288ajju0cadnuxxhvkal1mok,Mateo Busquets Ferrer,Real Madrid CF,Valencia CF,Vinícius Júnior,0,1,1,3,0,1,0,1,67,0,0,3,2,0,0
6,1 Nov 2025,,1288ajju0cadnuxxhvkal1mok,Mateo Busquets Ferrer,Real Madrid CF,Valencia CF,K. Mbappé,0,1,1,0,1,0,2,0,46,0,0,5,3,0,0
6,1 Nov 2025,,1288ajju0cadnuxxhvkal1mok,Mateo Busquets Ferrer,Real Madrid CF,Valencia CF,A. Tchouaméni,0,0,0,0,2,0,0,0,29,0,0,0,0,2,1
6,1 Nov 2025,,1288ajju0cadnuxxhvkal1mok,Mateo Busquets Ferrer,Real Madrid CF,Valencia CF,Éder Militão,0,1,0,0,3,0,0,0,58,0,0,1,0,3,0
6,1 Nov 2025,,1288ajju0cadnuxxhvkal1mok,Mateo Busquets Ferrer,Real Madrid CF,Valencia CF,Dean Huijsen,0,0,0,0,1,0,0,0,62,0,0,0,0,2,0
6,1 Nov 2025,,1288ajju0cadnuxxhvkal1mok,Mateo Busquets Ferrer,Real Madrid CF,Valencia CF,T. Courtois,0,0,0,0,0,0,0,0,19,0,1,0,0,0,0
6,1 Nov 2025,,1288ajju0cadnuxxhvkal1mok,Mateo Busquets Ferrer,Real Madrid CF,Valencia CF,F. Mastantuono,0,0,2,7,1,2,0,0,46,0,0,0,0,0,0
6,1 Nov 2025,,1288ajju0cadnuxxhvkal1mok,Mateo Busquets Ferrer,Real Madrid CF,Valencia CF,A. Güler,1,0,0,2,1,0,0,0,26,0,0,2,2,1,0
6,1 Nov 2025,,1288ajju0cadnuxxhvkal1mok,Mateo Busquets Ferrer,Real Madrid CF,Valencia CF,E. Camavinga,0,0,0,0,0,0,0,0,47,0,0,1,0,1,0
6,1 Nov 2025,,1288ajju0cadnuxxhvkal1mok,Mateo Busquets Ferrer,Real Madrid CF,Valencia CF,Dani Ceballos,0,0,1,0,1,0,0,0,45,0,0,0,0,2,0
6,1 Nov 2025,,1288ajju0cadnuxxhvkal1mok,Mateo Busquets Ferrer,Real Madrid CF,Valencia CF,Raúl Asencio,0,0,0,0,0,0,0,0,11,0,0,0,0,0,0
6,1 Nov 2025,,1288ajju0cadnuxxhvkal1mok,Mateo Busquets Ferrer,Real Madrid CF,Valencia CF,Rodrygo,0,1,0,0,0,0,0,0,5,0,0,1,0,0,0
6,1 Nov 2025,,1288ajju0cadnuxxhvkal1mok,Mateo Busquets Ferrer,Real Madrid CF,Valencia CF,Endrick,0,0,0,0,0,1,0,0,0,0,0,0,0,0,0
6,1 Nov 2025,,1288ajju0cadnuxxhvkal1mok,Mateo Busquets Ferrer,Real Madrid CF,Valencia CF,A. Danjuma,0,0,0,0,0,2,0,0,22,0,0,0,0,1,0
6,1 Nov 2025,,1288ajju0cadnuxxhvkal1mok,Mateo Busquets Ferrer,Real Madrid CF,Valencia CF,Pepelu,0,0,0,1,1,0,0,0,59,0,0,0,0,2,0
6,1 Nov 2025,,1288ajju0cadnuxxhvkal1mok,Mateo Busquets Ferrer,Real Madrid CF,Valencia CF,José Gayà,0,0,0,2,0,1,0,0,37,0,0,0,0,3,0
6,1 Nov 2025,,1288ajju0cadnuxxhvkal1mok,Mateo Busquets Ferrer,Real Madrid CF,Valencia CF,Copete,0,0,0,0,1,1,0,0,36,0,0,0,0,0,0
6,1 Nov 2025,,1288ajju0cadnuxxhvkal1mok,Mateo Busquets Ferrer,Real Madrid CF,Valencia CF,César Tárrega,0,0,0,0,1,1,0,0,29,0,0,0,0,2,0
6,1 Nov 2025,,1288ajju0cadnuxxhvkal1mok,Mateo Busquets Ferrer,Real Madrid CF,Valencia CF,Thierry Correia,0,0,0,0,1,0,0,0,20,0,0,0,0,4,0
6,1 Nov 2025,,1288ajju0cadnuxxhvkal1mok,Mateo Busquets Ferrer,Real Madrid CF,Valencia CF,Diego López,0,1,0,2,1,0,0,0,12,0,0,1,0,1,0
6,1 Nov 2025,,1288ajju0cadnuxxhvkal1mok,Mateo Busquets Ferrer,Real Madrid CF,Valencia CF,B. Santamaría,0,0,0,0,1,1,0,0,50,0,0,0,0,0,0
6,1 Nov 2025,,1288ajju0cadnuxxhvkal1mok,Mateo Busquets Ferrer,Real Madrid CF,Valencia CF,L. Beltrán,0,0,0,0,0,2,0,0,14,0,0,0,0,2,0
6,1 Nov 2025,,1288ajju0cadnuxxhvkal1mok,Mateo Busquets Ferrer,Real Madrid CF,Valencia CF,Luis Rioja,0,0,0,1,0,1,0,0,18,0,0,0,0,0,0
6,1 Nov 2025,,1288ajju0cadnuxxhvkal1mok,Mateo Busquets Ferrer,Real Madrid CF,Valencia CF,Julen Agirrezabala,0,0,0,0,0,0,0,0,22,0,7,0,0,1,0
6,1 Nov 2025,,1288ajju0cadnuxxhvkal1mok,Mateo Busquets Ferrer,Real Madrid CF,Valencia CF,André Almeida,0,0,1,1,0,2,0,0,23,0,0,1,1,2,0
6,1 Nov 2025,,1288ajju0cadnuxxhvkal1mok,Mateo Busquets Ferrer,Real Madrid CF,Valencia CF,Jesús Vázquez,0,0,0,3,0,1,0,0,13,0,0,0,0,2,0
6,1 Nov 2025,,1288ajju0cadnuxxhvkal1mok,Mateo Busquets Ferrer,Real Madrid CF,Valencia CF,Hugo Duro,0,0,0,0,0,1,0,0,6,0,0,1,0,0,0
6,1 Nov 2025,,1288ajju0cadnuxxhvkal1mok,Mateo Busquets Ferrer,Real Madrid CF,Valencia CF,E. Cömert,0,0,0,0,0,0,0,0,16,0,0,0,0,3,0
6,1 Nov 2025,,1288ajju0cadnuxxhvkal1mok,Mateo Busquets Ferrer,Real Madrid CF,Valencia CF,Javi Guerra,0,0,0,0,1,0,0,0,4,0,0,1,0,0,1
7,1 Nov 2025,,12lophscpllg367yx7yn0mpec,José Luis Munuera Montero,Real Sociedad de Fútbol,Athletic Club,Jon Martín,0,0,0,0,0,0,0,0,47,0,0,0,0,0,0
7,1 Nov 2025,,12lophscpllg367yx7yn0mpec,José Luis Munuera Montero,Real Sociedad de Fútbol,Athletic Club,Igor Zubeldia,0,0,0,0,1,0,0,0,54,0,0,0,0,0,0
7,1 Nov 2025,,12lophscpllg367yx7yn0mpec,José Luis Munuera Montero,Real Sociedad de Fútbol,Athletic Club,Carlos Soler,0,0,1,1,0,0,0,0,13,0,0,1,1,1,0
7,1 Nov 2025,,12lophscpllg367yx7yn0mpec,José Luis Munuera Montero,Real Sociedad de Fútbol,Athletic Club,Mikel Oyarzabal,1,0,1,0,0,1,0,0,20,0,0,1,0,2,0
7,1 Nov 2025,,12lophscpllg367yx7yn0mpec,José Luis Munuera Montero,Real Sociedad de Fútbol,Athletic Club,Sergio Gómez,0,0,0,5,2,0,0,0,39,0,0,1,0,7,0
7,1 Nov 2025,,12lophscpllg367yx7yn0mpec,José Luis Munuera Montero,Real Sociedad de Fútbol,Athletic Club,Ander Barrenetxea,0,0,0,1,2,0,0,0,9,0,0,0,0,1,0
7,1 Nov 2025,,12lophscpllg367yx7yn0mpec,José Luis Munuera Montero,Real Sociedad de Fútbol,Athletic Club,J. Aramburu,0,0,0,3,1,1,0,0,28,0,0,0,0,4,1
7,1 Nov 2025,,12lophscpllg367yx7yn0mpec,José Luis Munuera Montero,Real Sociedad de Fútbol,Athletic Club,Álex Remiro,0,0,0,0,0,0,0,0,51,0,2,0,0,0,0
7,1 Nov 2025,,12lophscpllg367yx7yn0mpec,José Luis Munuera Montero,Real Sociedad de Fútbol,Athletic Club,Jon Gorrotxategi,0,0,0,0,5,0,1,0,33,0,0,2,1,1,1
7,1 Nov 2025,,12lophscpllg367yx7yn0mpec,José Luis Munuera Montero,Real Sociedad de Fútbol,Athletic Club,Gonçalo Guedes,0,1,0,1,1,3,1,1,9,0,0,2,1,0,0
7,1 Nov 2025,,12lophscpllg367yx7yn0mpec,José Luis Munuera Montero,Real Sociedad de Fútbol,Athletic Club,Brais Méndez,1,0,0,2,4,1,1,0,24,0,0,2,2,0,0
7,1 Nov 2025,,12lophscpllg367yx7yn0mpec,José Luis Munuera Montero,Real Sociedad de Fútbol,Athletic Club,A. Zakharyan,0,0,1,2,0,0,0,1,14,0,0,0,0,3,0
7,1 Nov 2025,,12lophscpllg367yx7yn0mpec,José Luis Munuera Montero,Real Sociedad de Fútbol,Athletic Club,Pablo Marín,0,0,1,0,1,0,0,0,8,0,0,0,0,0,0
7,1 Nov 2025,,12lophscpllg367yx7yn0mpec,José Luis Munuera Montero,Real Sociedad de Fútbol,Athletic Club,T. Kubo,0,0,1,0,0,2,0,1,6,0,0,0,0,1,0
7,1 Nov 2025,,12lophscpllg367yx7yn0mpec,José Luis Munuera Montero,Real Sociedad de Fútbol,Athletic Club,Mikel Goti,0,0,0,0,2,0,0,0,3,0,0,0,0,0,0
7,1 Nov 2025,,12lophscpllg367yx7yn0mpec,José Luis Munuera Montero,Real Sociedad de Fútbol,Athletic Club,Aihen Muñoz,0,0,1,1,1,0,0,0,5,0,0,0,0,0,0
7,1 Nov 2025,,12lophscpllg367yx7yn0mpec,José Luis Munuera Montero,Real Sociedad de Fútbol,Athletic Club,Oihan Sancet,0,0,0,0,0,1,0,0,19,0,0,1,0,2,1
7,1 Nov 2025,,12lophscpllg367yx7yn0mpec,José Luis Munuera Montero,Real Sociedad de Fútbol,Athletic Club,Unai Simón,0,0,0,0,0,0,0,0,35,0,2,0,0,0,0
7,1 Nov 2025,,12lophscpllg367yx7yn0mpec,José Luis Munuera Montero,Real Sociedad de Fútbol,Athletic Club,Íñigo Ruíz de Galarreta,0,1,1,0,3,5,0,0,35,0,0,2,0,3,1
7,1 Nov 2025,,12lophscpllg367yx7yn0mpec,José Luis Munuera Montero,Real Sociedad de Fútbol,Athletic Club,Robert Navarro,0,1,0,1,2,2,1,0,15,0,0,2,1,1,0
7,1 Nov 2025,,12lophscpllg367yx7yn0mpec,José Luis Munuera Montero,Real Sociedad de Fútbol,Athletic Club,Dani Vivian,0,0,0,0,1,1,0,0,47,0,0,1,1,3,0
7,1 Nov 2025,,12lophscpllg367yx7yn0mpec,José Luis Munuera Montero,Real Sociedad de Fútbol,Athletic Club,Aymeric Laporte,0,0,0,0,0,2,0,0,40,0,0,0,0,1,0
7,1 Nov 2025,,12lophscpllg367yx7yn0mpec,José Luis Munuera Montero,Real Sociedad de Fútbol,Athletic Club,Andoni Gorosabel,1,0,0,1,0,0,0,0,38,0,0,0,0,2,0
7,1 Nov 2025,,12lophscpllg367yx7yn0mpec,José Luis Munuera Montero,Real Sociedad de Fútbol,Athletic Club,Alex Berenguer,0,0,0,8,0,2,0,1,21,0,0,0,0,0,0
7,1 Nov 2025,,12lophscpllg367yx7yn0mpec,José Luis Munuera Montero,Real Sociedad de Fútbol,Athletic Club,Yuri,0,0,0,1,2,1,0,0,35,0,0,2,1,2,1
7,1 Nov 2025,,12lophscpllg367yx7yn0mpec,José Luis Munuera Montero,Real Sociedad de Fútbol,Athletic Club,Mikel Jauregizar,0,0,0,2,0,2,0,0,28,0,0,0,0,4,0
7,1 Nov 2025,,12lophscpllg367yx7yn0mpec,José Luis Munuera Montero,Real Sociedad de Fútbol,Athletic Club,Gorka Guruzeta,0,0,1,0,0,2,1,0,25,0,0,2,1,0,0
7,1 Nov 2025,,12lophscpllg367yx7yn0mpec,José Luis Munuera Montero,Real Sociedad de Fútbol,Athletic Club,Nico Williams,0,0,0,1,0,2,0,0,12,0,0,1,0,0,0
7,1 Nov 2025,,12lophscpllg367yx7yn0mpec,José Luis Munuera Montero,Real Sociedad de Fútbol,Athletic Club,Alejandro Rego,0,0,0,0,0,0,0,0,5,0,0,0,0,2,0
7,1 Nov 2025,,12lophscpllg367yx7yn0mpec,José Luis Munuera Montero,Real Sociedad de Fútbol,Athletic Club,Jesús Areso,0,0,0,0,0,0,0,0,2,0,0,0,0,0,0
8,2 Nov 2025,,12zi2fz6nuyhye00alaymbms4,Alejandro Quintero González,Levante UD,Real Club Celta de Vigo,Unai Vencedor,0,0,0,1,2,0,0,0,12,1,0,0,0,0,0
8,2 Nov 2025,,12zi2fz6nuyhye00alaymbms4,Alejandro Quintero González,Levante UD,Real Club Celta de Vigo,Víctor García,0,0,0,3,1,0,0,0,15,0,0,0,0,0,0
8,2 Nov 2025,,12zi2fz6nuyhye00alaymbms4,Alejandro Quintero González,Levante UD,Real Club Celta de Vigo,Unai Elgezabal,0,0,0,0,1,1,0,0,41,0,0,0,0,0,1
8,2 Nov 2025,,12zi2fz6nuyhye00alaymbms4,Alejandro Quintero González,Levante UD,Real Club Celta de Vigo,M. Moreno,0,1,0,0,0,1,0,0,43,0,0,1,0,0,0
8,2 Nov 2025,,12zi2fz6nuyhye00alaymbms4,Alejandro Quintero González,Levante UD,Real Club Celta de Vigo,Manu Sánchez,0,0,0,3,1,0,0,0,27,0,0,0,0,4,0
8,2 Nov 2025,,12zi2fz6nuyhye00alaymbms4,Alejandro Quintero González,Levante UD,Real Club Celta de Vigo,M. Ryan,0,0,0,0,0,0,0,0,36,0,5,0,0,0,0
8,2 Nov 2025,,12zi2fz6nuyhye00alaymbms4,Alejandro Quintero González,Levante UD,Real Club Celta de Vigo,J. Toljan,0,0,1,1,1,0,0,0,20,0,0,0,0,4,1
8,2 Nov 2025,,12zi2fz6nuyhye00alaymbms4,Alejandro Quintero González,Levante UD,Real Club Celta de Vigo,K. Arriaga,0,0,1,1,1,0,1,0,38,0,0,2,1,3,0
8,2 Nov 2025,,12zi2fz6nuyhye00alaymbms4,Alejandro Quintero González,Levante UD,Real Club Celta de Vigo,Carlos Álvarez,0,0,0,3,2,2,0,0,29,0,0,0,0,0,0
8,2 Nov 2025,,12zi2fz6nuyhye00alaymbms4,Alejandro Quintero González,Levante UD,Real Club Celta de Vigo,E. Eyong,0,0,2,0,0,4,0,0,16,0,0,4,2,3,0
8,2 Nov 2025,,12zi2fz6nuyhye00alaymbms4,Alejandro Quintero González,Levante UD,Real Club Celta de Vigo,Roger Brugué,0,0,0,0,0,0,0,0,17,0,0,1,0,0,0
8,2 Nov 2025,,12zi2fz6nuyhye00alaymbms4,Alejandro Quintero González,Levante UD,Real Club Celta de Vigo,Jon Olasagasti,0,0,0,1,1,0,0,0,17,0,0,0,0,0,0
8,2 Nov 2025,,12zi2fz6nuyhye00alaymbms4,Alejandro Quintero González,Levante UD,Real Club Celta de Vigo,Carlos Espí,0,0,0,0,0,1,0,0,9,0,0,1,0,2,0
8,2 Nov 2025,,12zi2fz6nuyhye00alaymbms4,Alejandro Quintero González,Levante UD,Real Club Celta de Vigo,Adrián de la Fuente,0,0,0,1,0,0,0,0,2,0,0,0,0,0,0
8,2 Nov 2025,,12zi2fz6nuyhye00alaymbms4,Alejandro Quintero González,Levante UD,Real Club Celta de Vigo,A. Matturro,0,0,0,0,0,2,0,0,5,0,0,0,0,1,0
8,2 Nov 2025,,12zi2fz6nuyhye00alaymbms4,Alejandro Quintero González,Levante UD,Real Club Celta de Vigo,José Luis Morales,0,0,0,0,0,0,0,0,1,0,0,0,0,0,0
8,2 Nov 2025,,12zi2fz6nuyhye00alaymbms4,Alejandro Quintero González,Levante UD,Real Club Celta de Vigo,Borja Iglesias,0,0,1,0,1,0,0,0,14,0,0,3,1,0,0
8,2 Nov 2025,,12zi2fz6nuyhye00alaymbms4,Alejandro Quintero González,Levante UD,Real Club Celta de Vigo,Óscar Mingueza,1,0,1,3,0,2,1,0,54,0,0,1,1,0,0
8,2 Nov 2025,,12zi2fz6nuyhye00alaymbms4,Alejandro Quintero González,Levante UD,Real Club Celta de Vigo,Javi Rodríguez,0,0,0,0,1,0,0,0,75,0,0,0,0,1,0
8,2 Nov 2025,,12zi2fz6nuyhye00alaymbms4,Alejandro Quintero González,Levante UD,Real Club Celta de Vigo,Marcos Alonso,0,0,0,1,1,0,0,0,79,0,0,2,1,1,1
8,2 Nov 2025,,12zi2fz6nuyhye00alaymbms4,Alejandro Quintero González,Levante UD,Real Club Celta de Vigo,Sergio Carreira,1,2,0,1,1,2,0,0,63,0,0,2,0,1,1
8,2 Nov 2025,,12zi2fz6nuyhye00alaymbms4,Alejandro Quintero González,Levante UD,Real Club Celta de Vigo,C. Starfelt,0,0,0,0,2,0,0,0,73,0,0,0,0,2,1
8,2 Nov 2025,,12zi2fz6nuyhye00alaymbms4,Alejandro Quintero González,Levante UD,Real Club Celta de Vigo,I. Moriba,0,0,0,0,0,1,0,0,42,0,0,1,0,6,0
8,2 Nov 2025,,12zi2fz6nuyhye00alaymbms4,Alejandro Quintero González,Levante UD,Real Club Celta de Vigo,Fran Beltrán,0,1,0,0,1,0,0,0,55,0,0,3,1,1,0
8,2 Nov 2025,,12zi2fz6nuyhye00alaymbms4,Alejandro Quintero González,Levante UD,Real Club Celta de Vigo,Bryan Zaragoza,0,0,0,7,1,3,0,0,35,0,0,2,0,1,0
8,2 Nov 2025,,12zi2fz6nuyhye00alaymbms4,Alejandro Quintero González,Levante UD,Real Club Celta de Vigo,Ferran Jutglà,0,1,2,2,0,1,0,0,22,0,0,2,1,0,0
8,2 Nov 2025,,12zi2fz6nuyhye00alaymbms4,Alejandro Quintero González,Levante UD,Real Club Celta de Vigo,I. Radu,0,0,0,0,0,0,0,0,13,0,2,0,0,0,0
8,2 Nov 2025,,12zi2fz6nuyhye00alaymbms4,Alejandro Quintero González,Levante UD,Real Club Celta de Vigo,Carlos Domínguez,0,0,0,0,1,0,0,0,25,0,0,0,0,1,0
8,2 Nov 2025,,12zi2fz6nuyhye00alaymbms4,Alejandro Quintero González,Levante UD,Real Club Celta de Vigo,Hugo Sotelo,0,0,0,0,1,0,0,0,23,0,0,0,0,1,0
8,2 Nov 2025,,12zi2fz6nuyhye00alaymbms4,Alejandro Quintero González,Levante UD,Real Club Celta de Vigo,Iago Aspas,0,0,0,0,0,0,0,0,26,0,0,0,0,0,0
8,2 Nov 2025,,12zi2fz6nuyhye00alaymbms4,Alejandro Quintero González,Levante UD,Real Club Celta de Vigo,J. El Abdellaoui,0,1,0,3,1,0,0,0,7,0,0,2,0,0,0
8,2 Nov 2025,,12zi2fz6nuyhye00alaymbms4,Alejandro Quintero González,Levante UD,Real Club Celta de Vigo,Miguel Román,0,0,0,0,1,0,1,0,3,0,0,2,1,0,0
9,3 Nov 2025,,13d50vdn5ecuddcpg1cvdrq50,José Luis Guzmán Mansilla,Real Oviedo,CA Osasuna,S. Rondón,0,0,0,0,1,2,0,3,13,0,0,1,0,0,0
9,3 Nov 2025,,13d50vdn5ecuddcpg1cvdrq50,José Luis Guzmán Mansilla,Real Oviedo,CA Osasuna,L. Dendoncker,0,0,1,0,1,2,0,0,41,0,0,0,0,2,0
9,3 Nov 2025,,13d50vdn5ecuddcpg1cvdrq50,José Luis Guzmán Mansilla,Real Oviedo,CA Osasuna,S. Colombatto,0,0,1,5,4,3,0,0,34,0,0,1,0,2,1
9,3 Nov 2025,,13d50vdn5ecuddcpg1cvdrq50,José Luis Guzmán Mansilla,Real Oviedo,CA Osasuna,David Carmo,0,0,0,0,2,1,0,0,62,0,0,0,0,2,1
9,3 Nov 2025,,13d50vdn5ecuddcpg1cvdrq50,José Luis Guzmán Mansilla,Real Oviedo,CA Osasuna,David Costas,0,0,0,0,0,0,0,0,71,0,0,0,0,1,0
9,3 Nov 2025,,13d50vdn5ecuddcpg1cvdrq50,José Luis Guzmán Mansilla,Real Oviedo,CA Osasuna,Aarón Escandell,0,0,0,0,0,0,0,0,28,0,5,0,0,0,0
9,3 Nov 2025,,13d50vdn5ecuddcpg1cvdrq50,José Luis Guzmán Mansilla,Real Oviedo,CA Osasuna,Nacho Vidal,0,0,0,3,3,0,0,0,40,0,0,0,0,4,1
9,3 Nov 2025,,13d50vdn5ecuddcpg1cvdrq50,José Luis Guzmán Mansilla,Real Oviedo,CA Osasuna,Javi López,0,0,1,4,1,3,0,0,32,0,0,0,0,3,0
9,3 Nov 2025,,13d50vdn5ecuddcpg1cvdrq50,José Luis Guzmán Mansilla,Real Oviedo,CA Osasuna,I. Chaira,0,0,0,3,2,0,0,0,22,0,0,2,1,2,0
9,3 Nov 2025,,13d50vdn5ecuddcpg1cvdrq50,José Luis Guzmán Mansilla,Real Oviedo,CA Osasuna,Alberto Reina,0,0,0,3,0,2,0,0,29,0,0,0,0,2,0
9,3 Nov 2025,,13d50vdn5ecuddcpg1cvdrq50,José Luis Guzmán Mansilla,Real Oviedo,CA Osasuna,F. Viñas,0,0,0,0,1,3,0,0,19,0,0,2,1,4,0
9,3 Nov 2025,,13d50vdn5ecuddcpg1cvdrq50,José Luis Guzmán Mansilla,Real Oviedo,CA Osasuna,H. Hassan,0,1,0,0,1,0,0,0,6,0,0,1,0,0,0
9,3 Nov 2025,,13d50vdn5ecuddcpg1cvdrq50,José Luis Guzmán Mansilla,Real Oviedo,CA Osasuna,L. Ilić,0,0,0,0,1,0,0,0,2,0,0,0,0,0,0
9,3 Nov 2025,,13d50vdn5ecuddcpg1cvdrq50,José Luis Guzmán Mansilla,Real Oviedo,CA Osasuna,Pablo Agudín,0,1,1,0,0,0,0,0,4,0,0,1,0,0,0
9,3 Nov 2025,,13d50vdn5ecuddcpg1cvdrq50,José Luis Guzmán Mansilla,Real Oviedo,CA Osasuna,R. Alhassane,0,0,0,0,0,0,0,0,5,0,0,0,0,0,0
9,3 Nov 2025,,13d50vdn5ecuddcpg1cvdrq50,José Luis Guzmán Mansilla,Real Oviedo,CA Osasuna,Lucas Torró,0,0,0,0,2,0,0,0,5,0,0,0,0,0,0
9,3 Nov 2025,,13d50vdn5ecuddcpg1cvdrq50,José Luis Guzmán Mansilla,Real Oviedo,CA Osasuna,Alejandro Catena,0,0,0,0,3,0,0,0,54,0,0,1,0,1,1
9,3 Nov 2025,,13d50vdn5ecuddcpg1cvdrq50,José Luis Guzmán Mansilla,Real Oviedo,CA Osasuna,Víctor Muñoz,0,1,0,6,0,2,0,0,22,0,0,2,1,0,0
9,3 Nov 2025,,13d50vdn5ecuddcpg1cvdrq50,José Luis Guzmán Mansilla,Real Oviedo,CA Osasuna,Moi Gómez,0,0,0,2,3,1,0,0,55,0,0,0,0,0,0
9,3 Nov 2025,,13d50vdn5ecuddcpg1cvdrq50,José Luis Guzmán Mansilla,Real Oviedo,CA Osasuna,A. Budimir,0,0,1,0,4,1,0,0,8,0,0,4,2,1,0
9,3 Nov 2025,,13d50vdn5ecuddcpg1cvdrq50,José Luis Guzmán Mansilla,Real Oviedo,CA Osasuna,Sergio Herrera,0,0,0,0,0,1,0,0,29,0,2,0,0,0,0
9,3 Nov 2025,,13d50vdn5ecuddcpg1cvdrq50,José Luis Guzmán Mansilla,Real Oviedo,CA Osasuna,Jon Moncayola,0,0,1,6,0,3,0,0,32,0,0,0,0,4,0
9,3 Nov 2025,,13d50vdn5ecuddcpg1cvdrq50,José Luis Guzmán Mansilla,Real Oviedo,CA Osasuna,Rubén García,0,0,0,5,1,0,0,0,20,0,0,0,0,2,0
9,3 Nov 2025,,13d50vdn5ecuddcpg1cvdrq50,José Luis Guzmán Mansilla,Real Oviedo,CA Osasuna,Raúl García,0,0,0,1,0,2,0,0,22,0,0,2,1,3,0
9,3 Nov 2025,,13d50vdn5ecuddcpg1cvdrq50,José Luis Guzmán Mansilla,Real Oviedo,CA Osasuna,Abel Bretones,0,0,0,1,0,3,0,0,29,0,0,2,1,1,0
9,3 Nov 2025,,13d50vdn5ecuddcpg1cvdrq50,José Luis Guzmán Mansilla,Real Oviedo,CA Osasuna,E. Boyomo,0,0,0,0,0,0,0,0,39,0,0,0,0,3,0
9,3 Nov 2025,,13d50vdn5ecuddcpg1cvdrq50,José Luis Guzmán Mansilla,Real Oviedo,CA Osasuna,Iker Muñoz,0,0,0,0,3,2,0,0,38,0,0,0,0,3,0
9,3 Nov 2025,,13d50vdn5ecuddcpg1cvdrq50,José Luis Guzmán Mansilla,Real Oviedo,CA Osasuna,Aimar Oroz,0,0,0,0,1,0,0,0,6,0,0,0,0,0,0
9,3 Nov 2025,,13d50vdn5ecuddcpg1cvdrq50,José Luis Guzmán Mansilla,Real Oviedo,CA Osasuna,Kike Barja,0,0,0,0,0,0,0,0,2,0,0,0,0,0,0
9,3 Nov 2025,,13d50vdn5ecuddcpg1cvdrq50,José Luis Guzmán Mansilla,Real Oviedo,CA Osasuna,Jorge Herrando,0,0,0,0,0,0,0,0,3,0,0,0,0,0,0
10,1 Nov 2025,,13qwzalezgy8gxih0ube0ap78,Iosu Galech Apezteguía,Villarreal CF,Rayo Vallecano de Madrid,J. Foyth,0,0,0,0,1,0,0,0,38,0,0,0,0,0,0
10,1 Nov 2025,,13qwzalezgy8gxih0ube0ap78,Iosu Galech Apezteguía,Villarreal CF,Rayo Vallecano de Madrid,Luíz Júnior,0,0,0,0,0,0,0,0,35,0,3,0,0,0,0
10,1 Nov 2025,,13qwzalezgy8gxih0ube0ap78,Iosu Galech Apezteguía,Villarreal CF,Rayo Vallecano de Madrid,Renato Veiga,0,0,0,0,0,0,0,0,73,0,0,0,0,0,0
10,1 Nov 2025,,13qwzalezgy8gxih0ube0ap78,Iosu Galech Apezteguía,Villarreal CF,Rayo Vallecano de Madrid,Alberto Moleiro,1,0,0,0,2,0,1,0,20,0,0,2,2,1,1
10,1 Nov 2025,,13qwzalezgy8gxih0ube0ap78,Iosu Galech Apezteguía,Villarreal CF,Rayo Vallecano de Madrid,Santi Comesaña,0,1,0,0,0,1,1,0,34,0,0,3,1,2,0
10,1 Nov 2025,,13qwzalezgy8gxih0ube0ap78,Iosu Galech Apezteguía,Villarreal CF,Rayo Vallecano de Madrid,T. Partey,0,0,0,0,0,1,0,0,51,0,0,0,0,0,0
10,1 Nov 2025,,13qwzalezgy8gxih0ube0ap78,Iosu Galech Apezteguía,Villarreal CF,Rayo Vallecano de Madrid,Alfonso Pedraza,1,0,1,2,0,0,0,0,40,0,0,1,0,1,0
10,1 Nov 2025,,13qwzalezgy8gxih0ube0ap78,Iosu Galech Apezteguía,Villarreal CF,Rayo Vallecano de Madrid,S. Mouriño,0,0,0,0,1,1,0,0,42,0,0,0,0,2,0
10,1 Nov 2025,,13qwzalezgy8gxih0ube0ap78,Iosu Galech Apezteguía,Villarreal CF,Rayo Vallecano de Madrid,N. Pépé,0,1,2,3,0,3,0,0,23,0,0,3,1,1,0
10,1 Nov 2025,,13qwzalezgy8gxih0ube0ap78,Iosu Galech Apezteguía,Villarreal CF,Rayo Vallecano de Madrid,G. Mikautadze,1,0,0,0,1,0,0,0,6,0,0,0,0,0,0
10,1 Nov 2025,,13qwzalezgy8gxih0ube0ap78,Iosu Galech Apezteguía,Villarreal CF,Rayo Vallecano de Madrid,Gerard Moreno,0,1,0,1,0,0,1,1,26,0,0,2,1,3,0
10,1 Nov 2025,,13qwzalezgy8gxih0ube0ap78,Iosu Galech Apezteguía,Villarreal CF,Rayo Vallecano de Madrid,T. Oluwaseyi,0,0,0,0,0,0,0,0,5,0,0,1,0,0,0
10,1 Nov 2025,,13qwzalezgy8gxih0ube0ap78,Iosu Galech Apezteguía,Villarreal CF,Rayo Vallecano de Madrid,T. Buchanan,0,0,0,0,0,2,0,0,9,0,0,1,1,0,0
10,1 Nov 2025,,13qwzalezgy8gxih0ube0ap78,Iosu Galech Apezteguía,Villarreal CF,Rayo Vallecano de Madrid,Ayoze Pérez,0,0,0,0,0,0,1,0,5,0,0,1,1,0,0
10,1 Nov 2025,,13qwzalezgy8gxih0ube0ap78,Iosu Galech Apezteguía,Villarreal CF,Rayo Vallecano de Madrid,Dani Parejo,0,0,0,0,0,0,0,0,15,0,0,1,0,0,0
10,1 Nov 2025,,13qwzalezgy8gxih0ube0ap78,Iosu Galech Apezteguía,Villarreal CF,Rayo Vallecano de Madrid,I. Akhomach,0,0,0,0,2,3,0,0,4,0,0,1,0,0,0
10,1 Nov 2025,,13qwzalezgy8gxih0ube0ap78,Iosu Galech Apezteguía,Villarreal CF,Rayo Vallecano de Madrid,Pedro Díaz,0,1,0,3,0,0,0,0,48,0,0,2,0,3,0
10,1 Nov 2025,,13qwzalezgy8gxih0ube0ap78,Iosu Galech Apezteguía,Villarreal CF,Rayo Vallecano de Madrid,P. Ciss,0,0,0,0,2,0,0,0,42,0,0,0,0,3,0
10,1 Nov 2025,,13qwzalezgy8gxih0ube0ap78,Iosu Galech Apezteguía,Villarreal CF,Rayo Vallecano de Madrid,F. Lejeune,0,0,0,0,0,0,0,0,75,0,0,1,0,3,0
10,1 Nov 2025,,13qwzalezgy8gxih0ube0ap78,Iosu Galech Apezteguía,Villarreal CF,Rayo Vallecano de Madrid,A. Rațiu,0,0,0,2,0,3,0,0,63,0,0,1,0,1,1
10,1 Nov 2025,,13qwzalezgy8gxih0ube0ap78,Iosu Galech Apezteguía,Villarreal CF,Rayo Vallecano de Madrid,A. Batalla,0,0,0,0,0,0,0,0,25,0,3,0,0,0,0
10,1 Nov 2025,,13qwzalezgy8gxih0ube0ap78,Iosu Galech Apezteguía,Villarreal CF,Rayo Vallecano de Madrid,Isi Palazón,0,1,1,3,0,0,0,0,21,0,0,2,0,0,0
10,1 Nov 2025,,13qwzalezgy8gxih0ube0ap78,Iosu Galech Apezteguía,Villarreal CF,Rayo Vallecano de Madrid,Pep Chavarría,0,0,0,2,4,2,0,0,40,0,0,1,1,1,0
10,1 Nov 2025,,13qwzalezgy8gxih0ube0ap78,Iosu Galech Apezteguía,Villarreal CF,Rayo Vallecano de Madrid,Jorge de Frutos,0,1,3,3,0,0,0,0,23,0,0,1,0,3,0
10,1 Nov 2025,,13qwzalezgy8gxih0ube0ap78,Iosu Galech Apezteguía,Villarreal CF,Rayo Vallecano de Madrid,N. Mendy,0,0,0,1,2,0,0,0,54,0,0,1,0,0,0
10,1 Nov 2025,,13qwzalezgy8gxih0ube0ap78,Iosu Galech Apezteguía,Villarreal CF,Rayo Vallecano de Madrid,Alemão,0,0,0,1,0,1,0,0,9,0,0,1,1,1,0
10,1 Nov 2025,,13qwzalezgy8gxih0ube0ap78,Iosu Galech Apezteguía,Villarreal CF,Rayo Vallecano de Madrid,Álvaro García,0,0,1,2,1,0,0,0,19,0,0,1,0,1,0
10,1 Nov 2025,,13qwzalezgy8gxih0ube0ap78,Iosu Galech Apezteguía,Villarreal CF,Rayo Vallecano de Madrid,Sergio Camello,0,0,0,0,1,0,0,0,5,0,0,0,0,0,0
10,1 Nov 2025,,13qwzalezgy8gxih0ube0ap78,Iosu Galech Apezteguía,Villarreal CF,Rayo Vallecano de Madrid,Fran Pérez,0,0,0,0,0,1,0,0,6,0,0,0,0,1,0
10,1 Nov 2025,,13qwzalezgy8gxih0ube0ap78,Iosu Galech Apezteguía,Villarreal CF,Rayo Vallecano de Madrid,Óscar Valentín,0,0,0,0,0,0,0,0,13,0,0,1,0,0,0
10,1 Nov 2025,,13qwzalezgy8gxih0ube0ap78,Iosu Galech Apezteguía,Villarreal CF,Rayo Vallecano de Madrid,Ó. Trejo,0,0,0,1,0,0,0,0,8,0,0,1,1,0,0
10,1 Nov 2025,,13qwzalezgy8gxih0ube0ap78,Iosu Galech Apezteguía,Villarreal CF,Rayo Vallecano de Madrid,I. Balliu,0,0,0,1,1,0,0,0,8,0,0,0,0,0,0
11,2 Nov 2025,,144g7b7ez101gt3yczm0yblzo,Guillermo Cuadra Fernández,Deportivo Alavés,Reial Club Deportiu Espanyol de Barcelona,Antonio Blanco,0,1,0,0,2,0,0,0,54,0,0,2,0,3,0
11,2 Nov 2025,,144g7b7ez101gt3yczm0yblzo,Guillermo Cuadra Fernández,Deportivo Alavés,Reial Club Deportiu Espanyol de Barcelona,Antonio Sivera,0,0,0,0,0,0,0,0,35,0,1,0,0,0,0
11,2 Nov 2025,,144g7b7ez101gt3yczm0yblzo,Guillermo Cuadra Fernández,Deportivo Alavés,Reial Club Deportiu Espanyol de Barcelona,L. Boyé,0,0,0,1,5,0,1,0,35,1,0,2,2,2,2
11,2 Nov 2025,,144g7b7ez101gt3yczm0yblzo,Guillermo Cuadra Fernández,Deportivo Alavés,Reial Club Deportiu Espanyol de Barcelona,Calebe,0,0,0,0,1,1,0,0,38,0,0,1,0,3,0
11,2 Nov 2025,,144g7b7ez101gt3yczm0yblzo,Guillermo Cuadra Fernández,Deportivo Alavés,Reial Club Deportiu Espanyol de Barcelona,Denis Suárez,0,1,1,1,1,0,1,0,46,0,0,2,1,3,1
11,2 Nov 2025,,144g7b7ez101gt3yczm0yblzo,Guillermo Cuadra Fernández,Deportivo Alavés,Reial Club Deportiu Espanyol de Barcelona,Jonny,0,0,0,1,0,0,0,0,55,0,0,0,0,2,0
11,2 Nov 2025,,144g7b7ez101gt3yczm0yblzo,Guillermo Cuadra Fernández,Deportivo Alavés,Reial Club Deportiu Espanyol de Barcelona,Víctor Parada,0,1,0,0,1,1,0,0,43,0,0,1,0,0,1
11,2 Nov 2025,,144g7b7ez101gt3yczm0yblzo,Guillermo Cuadra Fernández,Deportivo Alavés,Reial Club Deportiu Espanyol de Barcelona,N. Tenaglia,0,0,0,0,0,4,0,0,45,0,0,0,0,2,0
11,2 Nov 2025,,144g7b7ez101gt3yczm0yblzo,Guillermo Cuadra Fernández,Deportivo Alavés,Reial Club Deportiu Espanyol de Barcelona,Toni Martínez,0,0,0,0,0,1,0,0,23,0,0,0,0,0,0
11,2 Nov 2025,,144g7b7ez101gt3yczm0yblzo,Guillermo Cuadra Fernández,Deportivo Alavés,Reial Club Deportiu Espanyol de Barcelona,Carles Aleñá,0,0,0,1,1,2,0,0,35,0,0,1,0,1,0
11,2 Nov 2025,,144g7b7ez101gt3yczm0yblzo,Guillermo Cuadra Fernández,Deportivo Alavés,Reial Club Deportiu Espanyol de Barcelona,Y. Enríquez,0,0,0,2,1,0,0,0,36,0,0,1,1,0,0
11,2 Nov 2025,,144g7b7ez101gt3yczm0yblzo,Guillermo Cuadra Fernández,Deportivo Alavés,Reial Club Deportiu Espanyol de Barcelona,Ander Guevara,0,0,0,0,0,0,0,0,12,0,0,0,0,0,0
11,2 Nov 2025,,144g7b7ez101gt3yczm0yblzo,Guillermo Cuadra Fernández,Deportivo Alavés,Reial Club Deportiu Espanyol de Barcelona,A. Rebbach,0,0,0,1,1,0,0,0,7,0,0,2,0,2,0
11,2 Nov 2025,,144g7b7ez101gt3yczm0yblzo,Guillermo Cuadra Fernández,Deportivo Alavés,Reial Club Deportiu Espanyol de Barcelona,Carlos Vicente,0,0,0,0,1,0,0,0,8,0,0,1,0,1,0
11,2 Nov 2025,,144g7b7ez101gt3yczm0yblzo,Guillermo Cuadra Fernández,Deportivo Alavés,Reial Club Deportiu Espanyol de Barcelona,Pablo Ibáñez,0,0,0,0,0,1,0,0,2,0,0,0,0,0,0
11,2 Nov 2025,,144g7b7ez101gt3yczm0yblzo,Guillermo Cuadra Fernández,Deportivo Alavés,Reial Club Deportiu Espanyol de Barcelona,C. Protesoni,0,0,0,0,0,0,0,0,0,0,0,0,0,0,0
11,2 Nov 2025,,144g7b7ez101gt3yczm0yblzo,Guillermo Cuadra Fernández,Deportivo Alavés,Reial Club Deportiu Espanyol de Barcelona,Carlos Romero,1,0,0,3,0,2,0,0,36,0,0,0,0,2,0
11,2 Nov 2025,,144g7b7ez101gt3yczm0yblzo,Guillermo Cuadra Fernández,Deportivo Alavés,Reial Club Deportiu Espanyol de Barcelona,Antoniu Roca,0,1,0,1,1,1,0,0,7,0,0,1,0,0,0
11,2 Nov 2025,,144g7b7ez101gt3yczm0yblzo,Guillermo Cuadra Fernández,Deportivo Alavés,Reial Club Deportiu Espanyol de Barcelona,L. Cabrera,0,1,1,3,2,0,0,0,32,0,0,1,0,2,0
11,2 Nov 2025,,144g7b7ez101gt3yczm0yblzo,Guillermo Cuadra Fernández,Deportivo Alavés,Reial Club Deportiu Espanyol de Barcelona,Edu Expósito,0,2,1,13,0,2,0,0,58,0,0,2,0,3,0
11,2 Nov 2025,,144g7b7ez101gt3yczm0yblzo,Guillermo Cuadra Fernández,Deportivo Alavés,Reial Club Deportiu Espanyol de Barcelona,Pol Lozano,0,1,0,2,2,2,0,0,39,0,0,2,0,4,0
11,2 Nov 2025,,144g7b7ez101gt3yczm0yblzo,Guillermo Cuadra Fernández,Deportivo Alavés,Reial Club Deportiu Espanyol de Barcelona,Jofre Carreras,0,0,1,1,0,0,0,0,12,0,0,0,0,0,0
11,2 Nov 2025,,144g7b7ez101gt3yczm0yblzo,Guillermo Cuadra Fernández,Deportivo Alavés,Reial Club Deportiu Espanyol de Barcelona,Rubén Sánchez,0,0,1,2,1,1,0,0,39,0,0,1,0,2,0
11,2 Nov 2025,,144g7b7ez101gt3yczm0yblzo,Guillermo Cuadra Fernández,Deportivo Alavés,Reial Club Deportiu Espanyol de Barcelona,M. Dmitrović,0,0,0,0,0,0,0,0,25,0,2,0,0,0,0
11,2 Nov 2025,,144g7b7ez101gt3yczm0yblzo,Guillermo Cuadra Fernández,Deportivo Alavés,Reial Club Deportiu Espanyol de Barcelona,Kike García,0,3,0,0,1,0,0,0,10,0,0,4,0,0,0
11,2 Nov 2025,,144g7b7ez101gt3yczm0yblzo,Guillermo Cuadra Fernández,Deportivo Alavés,Reial Club Deportiu Espanyol de Barcelona,C. Riedel,0,1,0,0,0,0,0,0,37,0,0,1,0,3,0
11,2 Nov 2025,,144g7b7ez101gt3yczm0yblzo,Guillermo Cuadra Fernández,Deportivo Alavés,Reial Club Deportiu Espanyol de Barcelona,Pere Milla,0,0,0,0,1,2,0,0,26,0,0,3,1,2,0
11,2 Nov 2025,,144g7b7ez101gt3yczm0yblzo,Guillermo Cuadra Fernández,Deportivo Alavés,Reial Club Deportiu Espanyol de Barcelona,Roberto Fernández,0,1,1,0,2,0,1,0,7,0,0,3,1,0,0
11,2 Nov 2025,,144g7b7ez101gt3yczm0yblzo,Guillermo Cuadra Fernández,Deportivo Alavés,Reial Club Deportiu Espanyol de Barcelona,T. Dolan,0,0,1,3,1,1,0,0,15,0,0,0,0,2,1
11,2 Nov 2025,,144g7b7ez101gt3yczm0yblzo,Guillermo Cuadra Fernández,Deportivo Alavés,Reial Club Deportiu Espanyol de Barcelona,Ramon Terrats,0,0,0,3,1,1,0,0,6,0,0,0,0,1,0
11,2 Nov 2025,,144g7b7ez101gt3yczm0yblzo,Guillermo Cuadra Fernández,Deportivo Alavés,Reial Club Deportiu Espanyol de Barcelona,O. El Hilali,0,0,0,1,0,0,0,0,17,0,0,0,0,1,1
11,2 Nov 2025,,144g7b7ez101gt3yczm0yblzo,Guillermo Cuadra Fernández,Deportivo Alavés,Reial Club Deportiu Espanyol de Barcelona,Urko González de Zárate,0,0,0,0,0,2,0,0,8,0,0,0,0,0,0
12,9 Nov 2025,,14ia91hr21lnjto1f2uga5f6c,César Soto Grado,Athletic Club,Real Oviedo,Gorka Guruzeta,0,1,0,0,0,1,0,0,27,0,0,5,1,0,0
12,9 Nov 2025,,14ia91hr21lnjto1f2uga5f6c,César Soto Grado,Athletic Club,Real Oviedo,Alex Berenguer,0,0,5,11,1,0,0,0,27,0,0,6,4,1,0
12,9 Nov 2025,,14ia91hr21lnjto1f2uga5f6c,César Soto Grado,Athletic Club,Real Oviedo,Íñigo Ruíz de Galarreta,0,0,0,2,4,3,0,0,40,0,0,1,0,0,1
12,9 Nov 2025,,14ia91hr21lnjto1f2uga5f6c,César Soto Grado,Athletic Club,Real Oviedo,Aymeric Laporte,1,0,0,0,0,0,0,0,56,0,0,1,0,1,0
12,9 Nov 2025,,14ia91hr21lnjto1f2uga5f6c,César Soto Grado,Athletic Club,Real Oviedo,Yuri,0,0,0,1,0,1,0,0,47,0,0,0,0,1,0
12,9 Nov 2025,,14ia91hr21lnjto1f2uga5f6c,César Soto Grado,Athletic Club,Real Oviedo,Nico Williams,0,0,0,4,2,0,1,0,23,0,0,1,1,1,0
12,9 Nov 2025,,14ia91hr21lnjto1f2uga5f6c,César Soto Grado,Athletic Club,Real Oviedo,Andoni Gorosabel,0,0,1,4,0,0,0,0,29,0,0,1,0,2,0
12,9 Nov 2025,,14ia91hr21lnjto1f2uga5f6c,César Soto Grado,Athletic Club,Real Oviedo,Selton Sánchez,0,0,0,0,1,1,0,0,17,0,0,1,0,1,0
12,9 Nov 2025,,14ia91hr21lnjto1f2uga5f6c,César Soto Grado,Athletic Club,Real Oviedo,Unai Simón,0,0,0,0,0,1,0,0,34,0,2,0,0,0,0
12,9 Nov 2025,,14ia91hr21lnjto1f2uga5f6c,César Soto Grado,Athletic Club,Real Oviedo,Mikel Jauregizar,0,1,1,1,2,0,0,0,37,0,0,2,0,3,0
12,9 Nov 2025,,14ia91hr21lnjto1f2uga5f6c,César Soto Grado,Athletic Club,Real Oviedo,Dani Vivian,0,0,0,0,0,1,0,0,52,0,0,1,0,2,0
12,9 Nov 2025,,14ia91hr21lnjto1f2uga5f6c,César Soto Grado,Athletic Club,Real Oviedo,Robert Navarro,0,0,0,0,1,0,0,0,8,0,0,1,1,0,0
12,9 Nov 2025,,14ia91hr21lnjto1f2uga5f6c,César Soto Grado,Athletic Club,Real Oviedo,Alejandro Rego,0,0,0,0,0,0,0,0,14,0,0,1,0,2,0
12,9 Nov 2025,,14ia91hr21lnjto1f2uga5f6c,César Soto Grado,Athletic Club,Real Oviedo,Unai Gómez,0,0,0,0,0,0,0,0,2,0,0,0,0,0,0
12,9 Nov 2025,,14ia91hr21lnjto1f2uga5f6c,César Soto Grado,Athletic Club,Real Oviedo,Mikel Vesga,0,0,0,0,0,0,0,0,2,0,0,0,0,1,0
12,9 Nov 2025,,14ia91hr21lnjto1f2uga5f6c,César Soto Grado,Athletic Club,Real Oviedo,Nico Serrano,0,0,0,0,1,0,0,0,2,0,0,0,0,0,0
12,9 Nov 2025,,14ia91hr21lnjto1f2uga5f6c,César Soto Grado,Athletic Club,Real Oviedo,S. Colombatto,0,0,0,4,0,1,0,0,43,0,0,0,0,1,0
12,9 Nov 2025,,14ia91hr21lnjto1f2uga5f6c,César Soto Grado,Athletic Club,Real Oviedo,L. Dendoncker,0,0,1,0,1,0,0,0,42,0,0,1,1,2,0
12,9 Nov 2025,,14ia91hr21lnjto1f2uga5f6c,César Soto Grado,Athletic Club,Real Oviedo,Nacho Vidal,0,0,1,3,0,3,0,0,45,0,0,0,0,3,0
12,9 Nov 2025,,14ia91hr21lnjto1f2uga5f6c,César Soto Grado,Athletic Club,Real Oviedo,F. Viñas,0,0,0,0,2,2,0,1,18,0,0,0,0,2,0
12,9 Nov 2025,,14ia91hr21lnjto1f2uga5f6c,César Soto Grado,Athletic Club,Real Oviedo,Alberto Reina,0,0,0,1,2,4,0,0,23,0,0,0,0,0,0
12,9 Nov 2025,,14ia91hr21lnjto1f2uga5f6c,César Soto Grado,Athletic Club,Real Oviedo,David Costas,0,0,0,0,1,0,0,1,72,0,0,0,0,2,0
12,9 Nov 2025,,14ia91hr21lnjto1f2uga5f6c,César Soto Grado,Athletic Club,Real Oviedo,Javi López,0,0,1,3,0,1,0,0,44,0,0,0,0,0,0
12,9 Nov 2025,,14ia91hr21lnjto1f2uga5f6c,César Soto Grado,Athletic Club,Real Oviedo,David Carmo,0,0,0,0,0,0,0,0,78,0,0,1,1,1,0
12,9 Nov 2025,,14ia91hr21lnjto1f2uga5f6c,César Soto Grado,Athletic Club,Real Oviedo,Aarón Escandell,0,0,0,0,0,0,0,0,55,0,7,0,0,0,1
12,9 Nov 2025,,14ia91hr21lnjto1f2uga5f6c,César Soto Grado,Athletic Club,Real Oviedo,I. Chaira,0,0,1,1,1,0,0,1,11,0,0,0,0,3,0
12,9 Nov 2025,,14ia91hr21lnjto1f2uga5f6c,César Soto Grado,Athletic Club,Real Oviedo,S. Rondón,0,0,0,0,0,0,0,1,12,0,0,1,0,1,0
12,9 Nov 2025,,14ia91hr21lnjto1f2uga5f6c,César Soto Grado,Athletic Club,Real Oviedo,H. Hassan,0,0,0,1,1,0,0,0,14,0,0,0,0,0,0
12,9 Nov 2025,,14ia91hr21lnjto1f2uga5f6c,César Soto Grado,Athletic Club,Real Oviedo,L. Ilić,0,0,0,1,0,0,0,0,11,0,0,0,0,0,0
12,9 Nov 2025,,14ia91hr21lnjto1f2uga5f6c,César Soto Grado,Athletic Club,Real Oviedo,Pablo Agudín,0,0,0,0,0,1,0,0,2,0,0,1,0,0,0
12,9 Nov 2025,,14ia91hr21lnjto1f2uga5f6c,César Soto Grado,Athletic Club,Real Oviedo,K. Sibo,0,0,0,0,0,0,0,0,2,0,0,0,0,0,0
12,9 Nov 2025,,14ia91hr21lnjto1f2uga5f6c,César Soto Grado,Athletic Club,Real Oviedo,Álex Forés Mendoza,0,0,0,0,0,0,0,0,0,0,0,0,0,0,0
13,8 Nov 2025,,14xa2ysiarbslbwcla4hhzqj8,Jesús Gil Manzano,Club Atlético de Madrid,Levante UD,J. Alvarez,0,2,5,11,1,1,0,0,53,0,0,5,2,2,0
13,8 Nov 2025,,14xa2ysiarbslbwcla4hhzqj8,Jesús Gil Manzano,Club Atlético de Madrid,Levante UD,J. Giménez,0,0,0,0,1,2,0,0,81,0,0,3,0,0,1
13,8 Nov 2025,,14xa2ysiarbslbwcla4hhzqj8,Jesús Gil Manzano,Club Atlético de Madrid,Levante UD,Marcos Llorente,1,1,2,2,0,0,0,0,70,0,0,1,0,1,1
13,8 Nov 2025,,14xa2ysiarbslbwcla4hhzqj8,Jesús Gil Manzano,Club Atlético de Madrid,Levante UD,Koke,0,0,0,2,0,0,0,0,90,0,0,0,0,3,0
13,8 Nov 2025,,14xa2ysiarbslbwcla4hhzqj8,Jesús Gil Manzano,Club Atlético de Madrid,Levante UD,G. Simeone,0,0,3,3,0,2,0,0,28,0,0,2,1,1,0
13,8 Nov 2025,,14xa2ysiarbslbwcla4hhzqj8,Jesús Gil Manzano,Club Atlético de Madrid,Levante UD,D. Hancko,0,0,0,0,0,0,0,0,69,0,0,0,0,1,0
13,8 Nov 2025,,14xa2ysiarbslbwcla4hhzqj8,Jesús Gil Manzano,Club Atlético de Madrid,Levante UD,Álex Baena,0,1,6,12,0,0,0,1,45,0,0,3,1,0,0
13,8 Nov 2025,,14xa2ysiarbslbwcla4hhzqj8,Jesús Gil Manzano,Club Atlético de Madrid,Levante UD,M. Ruggeri,0,0,1,4,2,0,0,0,49,0,0,1,1,4,0
13,8 Nov 2025,,14xa2ysiarbslbwcla4hhzqj8,Jesús Gil Manzano,Club Atlético de Madrid,Levante UD,J. Oblak,0,0,0,0,0,0,0,0,29,0,2,0,0,0,0
13,8 Nov 2025,,14xa2ysiarbslbwcla4hhzqj8,Jesús Gil Manzano,Club Atlético de Madrid,Levante UD,Pablo Barrios,0,1,2,4,0,1,0,0,43,0,0,3,1,3,0
13,8 Nov 2025,,14xa2ysiarbslbwcla4hhzqj8,Jesús Gil Manzano,Club Atlético de Madrid,Levante UD,A. Sørloth,0,0,1,0,0,0,0,0,7,0,0,1,0,1,0
13,8 Nov 2025,,14xa2ysiarbslbwcla4hhzqj8,Jesús Gil Manzano,Club Atlético de Madrid,Levante UD,A. Griezmann,0,0,0,1,0,0,2,0,19,0,0,3,2,0,0
13,8 Nov 2025,,14xa2ysiarbslbwcla4hhzqj8,Jesús Gil Manzano,Club Atlético de Madrid,Levante UD,T. Almada,0,1,1,1,0,0,0,0,25,0,0,3,2,0,0
13,8 Nov 2025,,14xa2ysiarbslbwcla4hhzqj8,Jesús Gil Manzano,Club Atlético de Madrid,Levante UD,N. González,0,0,0,0,0,0,0,0,8,0,0,0,0,2,0
13,8 Nov 2025,,14xa2ysiarbslbwcla4hhzqj8,Jesús Gil Manzano,Club Atlético de Madrid,Levante UD,C. Gallagher,0,0,0,0,0,0,0,0,8,0,0,0,0,0,0
13,8 Nov 2025,,14xa2ysiarbslbwcla4hhzqj8,Jesús Gil Manzano,Club Atlético de Madrid,Levante UD,N. Molina,0,0,0,0,1,0,0,0,6,0,0,0,0,1,1
13,8 Nov 2025,,14xa2ysiarbslbwcla4hhzqj8,Jesús Gil Manzano,Club Atlético de Madrid,Levante UD,K. Arriaga,0,0,0,0,1,0,0,0,25,0,0,0,0,3,0
13,8 Nov 2025,,14xa2ysiarbslbwcla4hhzqj8,Jesús Gil Manzano,Club Atlético de Madrid,Levante UD,Roger Brugué,0,0,0,0,0,1,0,1,6,0,0,0,0,0,0
13,8 Nov 2025,,14xa2ysiarbslbwcla4hhzqj8,Jesús Gil Manzano,Club Atlético de Madrid,Levante UD,E. Eyong,0,0,0,0,3,1,0,0,19,0,0,0,0,0,0
13,8 Nov 2025,,14xa2ysiarbslbwcla4hhzqj8,Jesús Gil Manzano,Club Atlético de Madrid,Levante UD,J. Toljan,0,0,1,3,0,0,0,0,17,0,0,1,0,2,0
13,8 Nov 2025,,14xa2ysiarbslbwcla4hhzqj8,Jesús Gil Manzano,Club Atlético de Madrid,Levante UD,Unai Elgezabal,0,0,0,0,0,0,0,0,19,0,0,1,0,1,0
13,8 Nov 2025,,14xa2ysiarbslbwcla4hhzqj8,Jesús Gil Manzano,Club Atlético de Madrid,Levante UD,Carlos Álvarez,0,0,0,1,0,1,0,0,22,0,0,0,0,2,0
13,8 Nov 2025,,14xa2ysiarbslbwcla4hhzqj8,Jesús Gil Manzano,Club Atlético de Madrid,Levante UD,Adrián de la Fuente,0,0,0,0,0,0,0,0,25,0,0,0,0,1,0
13,8 Nov 2025,,14xa2ysiarbslbwcla4hhzqj8,Jesús Gil Manzano,Club Atlético de Madrid,Levante UD,Manu Sánchez,0,0,0,2,1,1,1,1,12,0,0,1,1,4,0
13,8 Nov 2025,,14xa2ysiarbslbwcla4hhzqj8,Jesús Gil Manzano,Club Atlético de Madrid,Levante UD,Jon Olasagasti,1,0,2,4,1,0,0,0,16,0,0,0,0,1,1
13,8 Nov 2025,,14xa2ysiarbslbwcla4hhzqj8,Jesús Gil Manzano,Club Atlético de Madrid,Levante UD,M. Moreno,0,0,0,0,0,0,0,1,13,0,0,0,0,2,0
13,8 Nov 2025,,14xa2ysiarbslbwcla4hhzqj8,Jesús Gil Manzano,Club Atlético de Madrid,Levante UD,M. Ryan,0,0,0,0,0,0,0,0,18,0,8,0,0,0,0
13,8 Nov 2025,,14xa2ysiarbslbwcla4hhzqj8,Jesús Gil Manzano,Club Atlético de Madrid,Levante UD,José Luis Morales,0,0,0,0,0,0,0,1,7,0,0,1,1,0,0
13,8 Nov 2025,,14xa2ysiarbslbwcla4hhzqj8,Jesús Gil Manzano,Club Atlético de Madrid,Levante UD,G. Koyalipou,0,1,1,0,0,0,0,0,6,0,0,2,1,1,0
13,8 Nov 2025,,14xa2ysiarbslbwcla4hhzqj8,Jesús Gil Manzano,Club Atlético de Madrid,Levante UD,Víctor García,0,0,0,0,0,0,0,0,5,0,0,0,0,0,0
13,8 Nov 2025,,14xa2ysiarbslbwcla4hhzqj8,Jesús Gil Manzano,Club Atlético de Madrid,Levante UD,Oriol Rey,0,0,0,0,0,0,0,0,1,0,0,0,0,0,0
13,8 Nov 2025,,14xa2ysiarbslbwcla4hhzqj8,Jesús Gil Manzano,Club Atlético de Madrid,Levante UD,A. Matturro,0,0,0,0,0,0,0,0,1,0,0,0,0,0,0
14,7 Nov 2025,,15au35re7u5b9ru4hoko7f3f8,Isidro Díaz de Mera Escuderos,Elche CF,Real Sociedad de Fútbol,Rodrigo Mendoza,0,1,0,0,0,0,0,0,45,0,0,2,0,0,0
14,7 Nov 2025,,15au35re7u5b9ru4hoko7f3f8,Isidro Díaz de Mera Escuderos,Elche CF,Real Sociedad de Fútbol,M. Dituro,0,0,0,0,0,1,0,0,59,0,4,0,0,0,0
14,7 Nov 2025,,15au35re7u5b9ru4hoko7f3f8,Isidro Díaz de Mera Escuderos,Elche CF,Real Sociedad de Fútbol,Á. Rodríguez,0,0,0,0,3,2,1,1,23,0,0,3,1,0,0
14,7 Nov 2025,,15au35re7u5b9ru4hoko7f3f8,Isidro Díaz de Mera Escuderos,Elche CF,Real Sociedad de Fútbol,Álvaro Núñez,1,0,0,4,1,2,0,0,75,0,0,0,0,1,0
14,7 Nov 2025,,15au35re7u5b9ru4hoko7f3f8,Isidro Díaz de Mera Escuderos,Elche CF,Real Sociedad de Fútbol,Adrià Pedrosa,0,0,0,5,2,1,0,0,52,0,0,3,0,3,0
14,7 Nov 2025,,15au35re7u5b9ru4hoko7f3f8,Isidro Díaz de Mera Escuderos,Elche CF,Real Sociedad de Fútbol,Víctor Chust,0,0,0,0,1,0,0,0,48,0,0,1,0,2,0
14,7 Nov 2025,,15au35re7u5b9ru4hoko7f3f8,Isidro Díaz de Mera Escuderos,Elche CF,Real Sociedad de Fútbol,D. Affengruber,0,0,0,0,2,0,0,0,66,0,0,0,0,1,1
14,7 Nov 2025,,15au35re7u5b9ru4hoko7f3f8,Isidro Díaz de Mera Escuderos,Elche CF,Real Sociedad de Fútbol,Aleix Febas,0,0,0,0,0,5,0,0,73,0,0,0,0,5,0
14,7 Nov 2025,,15au35re7u5b9ru4hoko7f3f8,Isidro Díaz de Mera Escuderos,Elche CF,Real Sociedad de Fútbol,Josan,0,0,1,3,0,1,0,0,34,0,0,0,0,0,0
14,7 Nov 2025,,15au35re7u5b9ru4hoko7f3f8,Isidro Díaz de Mera Escuderos,Elche CF,Real Sociedad de Fútbol,Rafa Mir,0,0,0,2,2,2,0,0,31,0,0,3,2,0,0
14,7 Nov 2025,,15au35re7u5b9ru4hoko7f3f8,Isidro Díaz de Mera Escuderos,Elche CF,Real Sociedad de Fútbol,Marc Aguado,0,0,0,1,1,0,0,0,44,0,0,0,0,0,0
14,7 Nov 2025,,15au35re7u5b9ru4hoko7f3f8,Isidro Díaz de Mera Escuderos,Elche CF,Real Sociedad de Fútbol,Germán Valera,0,0,0,0,1,1,0,0,7,0,0,0,0,1,0
14,7 Nov 2025,,15au35re7u5b9ru4hoko7f3f8,Isidro Díaz de Mera Escuderos,Elche CF,Real Sociedad de Fútbol,Héctor Fort,0,0,0,1,0,0,0,0,6,0,0,0,0,1,0
14,7 Nov 2025,,15au35re7u5b9ru4hoko7f3f8,Isidro Díaz de Mera Escuderos,Elche CF,Real Sociedad de Fútbol,John Donald,0,0,0,0,1,0,0,0,3,0,0,0,0,2,0
14,7 Nov 2025,,15au35re7u5b9ru4hoko7f3f8,Isidro Díaz de Mera Escuderos,Elche CF,Real Sociedad de Fútbol,L. Pétrot,0,0,0,0,0,0,0,0,5,0,0,0,0,0,0
14,7 Nov 2025,,15au35re7u5b9ru4hoko7f3f8,Isidro Díaz de Mera Escuderos,Elche CF,Real Sociedad de Fútbol,F. Redondo,0,0,0,0,0,0,0,0,6,0,0,0,0,0,0
14,7 Nov 2025,,15au35re7u5b9ru4hoko7f3f8,Isidro Díaz de Mera Escuderos,Elche CF,Real Sociedad de Fútbol,André Silva,0,0,0,1,0,0,0,0,2,0,0,0,0,0,0
14,7 Nov 2025,,15au35re7u5b9ru4hoko7f3f8,Isidro Díaz de Mera Escuderos,Elche CF,Real Sociedad de Fútbol,Jon Martín,0,0,0,0,1,0,0,0,24,0,0,0,0,1,0
14,7 Nov 2025,,15au35re7u5b9ru4hoko7f3f8,Isidro Díaz de Mera Escuderos,Elche CF,Real Sociedad de Fútbol,Carlos Soler,0,0,0,3,2,1,0,0,28,0,0,0,0,1,0
14,7 Nov 2025,,15au35re7u5b9ru4hoko7f3f8,Isidro Díaz de Mera Escuderos,Elche CF,Real Sociedad de Fútbol,Brais Méndez,0,0,0,0,1,1,0,0,33,0,0,1,1,4,0
14,7 Nov 2025,,15au35re7u5b9ru4hoko7f3f8,Isidro Díaz de Mera Escuderos,Elche CF,Real Sociedad de Fútbol,Mikel Oyarzabal,0,1,2,0,1,1,1,0,23,0,0,5,2,0,0
14,7 Nov 2025,,15au35re7u5b9ru4hoko7f3f8,Isidro Díaz de Mera Escuderos,Elche CF,Real Sociedad de Fútbol,T. Kubo,0,1,0,1,1,3,0,0,22,0,0,2,1,2,0
14,7 Nov 2025,,15au35re7u5b9ru4hoko7f3f8,Isidro Díaz de Mera Escuderos,Elche CF,Real Sociedad de Fútbol,J. Aramburu,0,0,1,2,2,3,0,0,22,0,0,1,1,2,1
14,7 Nov 2025,,15au35re7u5b9ru4hoko7f3f8,Isidro Díaz de Mera Escuderos,Elche CF,Real Sociedad de Fútbol,Igor Zubeldia,0,0,0,0,1,0,0,0,35,0,0,0,0,2,0
14,7 Nov 2025,,15au35re7u5b9ru4hoko7f3f8,Isidro Díaz de Mera Escuderos,Elche CF,Real Sociedad de Fútbol,Sergio Gómez,0,0,0,1,2,0,0,1,27,0,0,0,0,3,0
14,7 Nov 2025,,15au35re7u5b9ru4hoko7f3f8,Isidro Díaz de Mera Escuderos,Elche CF,Real Sociedad de Fútbol,Álex Remiro,0,0,0,0,0,0,0,0,35,0,2,0,0,0,0
14,7 Nov 2025,,15au35re7u5b9ru4hoko7f3f8,Isidro Díaz de Mera Escuderos,Elche CF,Real Sociedad de Fútbol,Gonçalo Guedes,0,1,0,0,0,1,0,0,15,0,0,1,0,0,0
14,7 Nov 2025,,15au35re7u5b9ru4hoko7f3f8,Isidro Díaz de Mera Escuderos,Elche CF,Real Sociedad de Fútbol,Jon Gorrotxategi,0,0,0,1,2,1,0,0,40,0,0,1,0,2,1
14,7 Nov 2025,,15au35re7u5b9ru4hoko7f3f8,Isidro Díaz de Mera Escuderos,Elche CF,Real Sociedad de Fútbol,A. Zakharyan,0,0,0,0,1,0,0,0,10,0,0,0,0,1,1
14,7 Nov 2025,,15au35re7u5b9ru4hoko7f3f8,Isidro Díaz de Mera Escuderos,Elche CF,Real Sociedad de Fútbol,U. Sadiq,0,1,0,1,0,2,0,1,2,0,0,2,0,0,0
14,7 Nov 2025,,15au35re7u5b9ru4hoko7f3f8,Isidro Díaz de Mera Escuderos,Elche CF,Real Sociedad de Fútbol,Pablo Marín,0,0,0,0,1,0,0,0,3,0,0,0,0,0,0
14,7 Nov 2025,,15au35re7u5b9ru4hoko7f3f8,Isidro Díaz de Mera Escuderos,Elche CF,Real Sociedad de Fútbol,Aihen Muñoz,0,0,0,1,0,0,0,0,5,0,0,0,0,0,0
14,7 Nov 2025,,15au35re7u5b9ru4hoko7f3f8,Isidro Díaz de Mera Escuderos,Elche CF,Real Sociedad de Fútbol,L. Sučić,0,0,0,0,0,0,0,0,11,0,0,0,0,0,0
14,7 Nov 2025,,15au35re7u5b9ru4hoko7f3f8,Isidro Díaz de Mera Escuderos,Elche CF,Real Sociedad de Fútbol,Aritz Elustondo,0,0,0,0,0,0,0,0,0,0,0,0,0,0,0
15,16 Aug 2025,,15ir6pt6au1v00gtef02v4k,Miguel Sesma Espinosa,Deportivo Alavés,Levante UD,Pablo Ibáñez,0,0,1,3,2,3,0,0,34,0,0,1,0,1,0
15,16 Aug 2025,,15ir6pt6au1v00gtef02v4k,Miguel Sesma Espinosa,Deportivo Alavés,Levante UD,Antonio Sivera,0,0,0,0,0,0,0,0,18,0,2,0,0,0,0
15,16 Aug 2025,,15ir6pt6au1v00gtef02v4k,Miguel Sesma Espinosa,Deportivo Alavés,Levante UD,Toni Martínez,0,2,2,0,2,1,1,0,23,0,0,4,1,0,0
15,16 Aug 2025,,15ir6pt6au1v00gtef02v4k,Miguel Sesma Espinosa,Deportivo Alavés,Levante UD,Jonny,0,0,0,2,2,0,0,0,57,0,0,0,0,2,0
15,16 Aug 2025,,15ir6pt6au1v00gtef02v4k,Miguel Sesma Espinosa,Deportivo Alavés,Levante UD,Jon Guridi,0,1,1,2,2,2,0,0,31,0,0,1,0,1,0
15,16 Aug 2025,,15ir6pt6au1v00gtef02v4k,Miguel Sesma Espinosa,Deportivo Alavés,Levante UD,Antonio Blanco,0,0,0,4,1,0,0,0,68,0,0,1,0,2,0
15,16 Aug 2025,,15ir6pt6au1v00gtef02v4k,Miguel Sesma Espinosa,Deportivo Alavés,Levante UD,N. Tenaglia,0,0,0,0,0,0,1,0,46,0,0,1,1,2,0
15,16 Aug 2025,,15ir6pt6au1v00gtef02v4k,Miguel Sesma Espinosa,Deportivo Alavés,Levante UD,Carlos Vicente,0,0,4,8,1,3,0,0,24,0,0,1,0,2,0
15,16 Aug 2025,,15ir6pt6au1v00gtef02v4k,Miguel Sesma Espinosa,Deportivo Alavés,Levante UD,Víctor Parada,0,0,0,4,0,1,0,0,34,0,0,0,0,0,0
15,16 Aug 2025,,15ir6pt6au1v00gtef02v4k,Miguel Sesma Espinosa,Deportivo Alavés,Levante UD,F. Garcés,0,0,0,0,1,0,0,1,48,0,0,1,0,1,0
15,16 Aug 2025,,15ir6pt6au1v00gtef02v4k,Miguel Sesma Espinosa,Deportivo Alavés,Levante UD,Carles Aleñá,1,1,1,8,3,0,0,0,67,0,0,2,0,2,0
15,16 Aug 2025,,15ir6pt6au1v00gtef02v4k,Miguel Sesma Espinosa,Deportivo Alavés,Levante UD,A. Rebbach,0,0,1,2,0,1,0,0,13,0,0,2,1,0,0
15,16 Aug 2025,,15ir6pt6au1v00gtef02v4k,Miguel Sesma Espinosa,Deportivo Alavés,Levante UD,M. Díaz,0,0,0,0,1,0,0,0,1,0,0,1,1,0,0
15,16 Aug 2025,,15ir6pt6au1v00gtef02v4k,Miguel Sesma Espinosa,Deportivo Alavés,Levante UD,Calebe,0,0,0,3,0,1,0,0,3,0,0,0,0,2,0
15,16 Aug 2025,,15ir6pt6au1v00gtef02v4k,Miguel Sesma Espinosa,Deportivo Alavés,Levante UD,Ander Guevara,0,0,0,1,0,0,0,0,4,0,0,0,0,0,0
15,16 Aug 2025,,15ir6pt6au1v00gtef02v4k,Miguel Sesma Espinosa,Deportivo Alavés,Levante UD,Youssef Enríquez Lekhedim,0,0,0,0,0,0,0,0,0,0,0,0,0,0,0
15,16 Aug 2025,,15ir6pt6au1v00gtef02v4k,Miguel Sesma Espinosa,Deportivo Alavés,Levante UD,Roger Brugué,0,0,0,1,2,0,0,2,12,0,0,1,1,2,0
15,16 Aug 2025,,15ir6pt6au1v00gtef02v4k,Miguel Sesma Espinosa,Deportivo Alavés,Levante UD,Pablo Cuñat,0,0,0,0,0,0,0,0,35,0,2,0,0,0,0
15,16 Aug 2025,,15ir6pt6au1v00gtef02v4k,Miguel Sesma Espinosa,Deportivo Alavés,Levante UD,Oriol Rey,0,0,0,1,1,2,0,0,25,0,0,0,0,1,0
15,16 Aug 2025,,15ir6pt6au1v00gtef02v4k,Miguel Sesma Espinosa,Deportivo Alavés,Levante UD,Manu Sánchez,0,0,0,1,1,1,0,0,21,0,0,0,0,3,1
15,16 Aug 2025,,15ir6pt6au1v00gtef02v4k,Miguel Sesma Espinosa,Deportivo Alavés,Levante UD,Iván Romero,0,1,1,1,1,4,0,0,18,0,0,3,1,2,0
15,16 Aug 2025,,15ir6pt6au1v00gtef02v4k,Miguel Sesma Espinosa,Deportivo Alavés,Levante UD,Jorge Cabello,0,0,0,0,1,2,0,0,27,0,0,0,0,1,0
15,16 Aug 2025,,15ir6pt6au1v00gtef02v4k,Miguel Sesma Espinosa,Deportivo Alavés,Levante UD,Adrián de la Fuente,0,0,0,3,1,1,0,0,43,0,0,0,0,1,0
15,16 Aug 2025,,15ir6pt6au1v00gtef02v4k,Miguel Sesma Espinosa,Deportivo Alavés,Levante UD,Unai Elgezabal,0,0,0,0,0,1,0,0,30,0,0,0,0,0,0
15,16 Aug 2025,,15ir6pt6au1v00gtef02v4k,Miguel Sesma Espinosa,Deportivo Alavés,Levante UD,Pablo Martínez,0,2,0,2,5,0,0,0,25,0,0,2,0,0,0
15,16 Aug 2025,,15ir6pt6au1v00gtef02v4k,Miguel Sesma Espinosa,Deportivo Alavés,Levante UD,J. Toljan,0,0,0,1,0,2,1,0,24,0,0,1,1,0,0
15,16 Aug 2025,,15ir6pt6au1v00gtef02v4k,Miguel Sesma Espinosa,Deportivo Alavés,Levante UD,Víctor García,0,0,0,0,1,0,0,0,4,0,0,0,0,1,0
15,16 Aug 2025,,15ir6pt6au1v00gtef02v4k,Miguel Sesma Espinosa,Deportivo Alavés,Levante UD,José Luis Morales,0,0,0,0,0,0,0,1,6,0,0,0,0,1,0
15,16 Aug 2025,,15ir6pt6au1v00gtef02v4k,Miguel Sesma Espinosa,Deportivo Alavés,Levante UD,Diego Pampín,0,0,0,2,0,0,0,0,9,0,0,0,0,1,0
15,16 Aug 2025,,15ir6pt6au1v00gtef02v4k,Miguel Sesma Espinosa,Deportivo Alavés,Levante UD,Sergio Lozano,0,0,0,0,0,0,0,0,7,0,0,0,0,2,0
15,16 Aug 2025,,15ir6pt6au1v00gtef02v4k,Miguel Sesma Espinosa,Deportivo Alavés,Levante UD,Carlos Álvarez,0,0,0,1,0,0,0,0,7,0,0,0,0,0,0
15,16 Aug 2025,,15ir6pt6au1v00gtef02v4k,Miguel Sesma Espinosa,Deportivo Alavés,Levante UD,M. Moreno,0,0,0,0,0,1,0,0,3,0,0,0,0,1,0
16,8 Nov 2025,,15ojns8pjndvlncxp05js2cyc,Alejandro José Hernández Hernández,Reial Club Deportiu Espanyol de Barcelona,Villarreal CF,O. El Hilali,0,0,0,2,0,0,0,0,67,0,0,0,0,0,0
16,8 Nov 2025,,15ojns8pjndvlncxp05js2cyc,Alejandro José Hernández Hernández,Reial Club Deportiu Espanyol de Barcelona,Villarreal CF,Fernando Calero,0,0,1,1,0,0,0,0,103,0,0,0,0,0,0
16,8 Nov 2025,,15ojns8pjndvlncxp05js2cyc,Alejandro José Hernández Hernández,Reial Club Deportiu Espanyol de Barcelona,Villarreal CF,L. Cabrera,0,1,1,1,0,1,0,0,86,0,0,2,0,1,0
16,8 Nov 2025,,15ojns8pjndvlncxp05js2cyc,Alejandro José Hernández Hernández,Reial Club Deportiu Espanyol de Barcelona,Villarreal CF,José Salinas,0,0,0,5,2,3,0,0,52,0,0,0,0,2,0
16,8 Nov 2025,,15ojns8pjndvlncxp05js2cyc,Alejandro José Hernández Hernández,Reial Club Deportiu Espanyol de Barcelona,Villarreal CF,Urko González de Zárate,0,0,0,0,0,1,0,0,52,0,0,0,0,2,0
16,8 Nov 2025,,15ojns8pjndvlncxp05js2cyc,Alejandro José Hernández Hernández,Reial Club Deportiu Espanyol de Barcelona,Villarreal CF,Edu Expósito,0,1,1,12,2,1,0,0,35,0,0,1,0,1,0
16,8 Nov 2025,,15ojns8pjndvlncxp05js2cyc,Alejandro José Hernández Hernández,Reial Club Deportiu Espanyol de Barcelona,Villarreal CF,T. Dolan,0,2,1,11,2,1,0,1,31,0,0,4,2,5,0
16,8 Nov 2025,,15ojns8pjndvlncxp05js2cyc,Alejandro José Hernández Hernández,Reial Club Deportiu Espanyol de Barcelona,Villarreal CF,Roberto Fernández,0,1,0,0,0,1,0,0,9,0,0,2,0,0,0
16,8 Nov 2025,,15ojns8pjndvlncxp05js2cyc,Alejandro José Hernández Hernández,Reial Club Deportiu Espanyol de Barcelona,Villarreal CF,Pere Milla,0,1,0,1,1,0,0,1,18,0,0,2,0,0,0
16,8 Nov 2025,,15ojns8pjndvlncxp05js2cyc,Alejandro José Hernández Hernández,Reial Club Deportiu Espanyol de Barcelona,Villarreal CF,Pol Lozano,0,0,0,0,1,1,0,0,38,0,0,0,0,1,0
16,8 Nov 2025,,15ojns8pjndvlncxp05js2cyc,Alejandro José Hernández Hernández,Reial Club Deportiu Espanyol de Barcelona,Villarreal CF,M. Dmitrović,0,0,0,0,0,0,0,0,22,0,2,0,0,0,0
16,8 Nov 2025,,15ojns8pjndvlncxp05js2cyc,Alejandro José Hernández Hernández,Reial Club Deportiu Espanyol de Barcelona,Villarreal CF,Kike García,0,0,0,1,0,0,0,0,3,0,0,2,1,0,0
16,8 Nov 2025,,15ojns8pjndvlncxp05js2cyc,Alejandro José Hernández Hernández,Reial Club Deportiu Espanyol de Barcelona,Villarreal CF,Jofre Carreras,0,0,0,4,0,0,0,0,11,0,0,0,0,0,0
16,8 Nov 2025,,15ojns8pjndvlncxp05js2cyc,Alejandro José Hernández Hernández,Reial Club Deportiu Espanyol de Barcelona,Villarreal CF,C. Pickel,0,1,0,1,1,0,0,0,20,0,0,1,0,1,0
16,8 Nov 2025,,15ojns8pjndvlncxp05js2cyc,Alejandro José Hernández Hernández,Reial Club Deportiu Espanyol de Barcelona,Villarreal CF,Miguel Rubio,0,0,0,0,0,0,0,0,7,0,0,0,0,0,0
16,8 Nov 2025,,15ojns8pjndvlncxp05js2cyc,Alejandro José Hernández Hernández,Reial Club Deportiu Espanyol de Barcelona,Villarreal CF,Rubén Sánchez,0,0,0,1,0,0,0,0,9,0,0,0,0,0,0
16,8 Nov 2025,,15ojns8pjndvlncxp05js2cyc,Alejandro José Hernández Hernández,Reial Club Deportiu Espanyol de Barcelona,Villarreal CF,Gerard Moreno,0,1,0,1,1,0,1,0,36,0,0,3,1,1,0
16,8 Nov 2025,,15ojns8pjndvlncxp05js2cyc,Alejandro José Hernández Hernández,Reial Club Deportiu Espanyol de Barcelona,Villarreal CF,Luíz Júnior,0,0,0,0,0,0,0,0,24,0,3,0,0,0,0
16,8 Nov 2025,,15ojns8pjndvlncxp05js2cyc,Alejandro José Hernández Hernández,Reial Club Deportiu Espanyol de Barcelona,Villarreal CF,Renato Veiga,0,0,0,0,1,0,0,0,70,0,0,0,0,1,0
16,8 Nov 2025,,15ojns8pjndvlncxp05js2cyc,Alejandro José Hernández Hernández,Reial Club Deportiu Espanyol de Barcelona,Villarreal CF,Santi Comesaña,1,0,0,0,0,2,0,0,49,0,0,1,0,1,0
16,8 Nov 2025,,15ojns8pjndvlncxp05js2cyc,Alejandro José Hernández Hernández,Reial Club Deportiu Espanyol de Barcelona,Villarreal CF,Alberto Moleiro,0,0,0,2,0,3,1,0,20,0,0,2,2,0,0
16,8 Nov 2025,,15ojns8pjndvlncxp05js2cyc,Alejandro José Hernández Hernández,Reial Club Deportiu Espanyol de Barcelona,Villarreal CF,Rafa Marín,0,0,1,0,1,0,0,1,84,0,0,0,0,0,0
16,8 Nov 2025,,15ojns8pjndvlncxp05js2cyc,Alejandro José Hernández Hernández,Reial Club Deportiu Espanyol de Barcelona,Villarreal CF,Pau Navarro,0,0,0,1,2,0,0,0,69,0,0,0,0,1,1
16,8 Nov 2025,,15ojns8pjndvlncxp05js2cyc,Alejandro José Hernández Hernández,Reial Club Deportiu Espanyol de Barcelona,Villarreal CF,Alfonso Pedraza,0,0,0,2,0,1,0,0,36,0,0,0,0,6,0
16,8 Nov 2025,,15ojns8pjndvlncxp05js2cyc,Alejandro José Hernández Hernández,Reial Club Deportiu Espanyol de Barcelona,Villarreal CF,T. Partey,0,0,0,0,0,0,0,0,47,0,0,1,0,3,0
16,8 Nov 2025,,15ojns8pjndvlncxp05js2cyc,Alejandro José Hernández Hernández,Reial Club Deportiu Espanyol de Barcelona,Villarreal CF,T. Buchanan,0,1,1,2,2,2,0,1,24,0,0,1,0,0,1
16,8 Nov 2025,,15ojns8pjndvlncxp05js2cyc,Alejandro José Hernández Hernández,Reial Club Deportiu Espanyol de Barcelona,Villarreal CF,T. Oluwaseyi,0,0,0,0,0,0,0,0,8,0,0,0,0,0,0
16,8 Nov 2025,,15ojns8pjndvlncxp05js2cyc,Alejandro José Hernández Hernández,Reial Club Deportiu Espanyol de Barcelona,Villarreal CF,P. Gueye,0,0,0,0,0,0,0,0,3,0,0,0,0,1,0
16,8 Nov 2025,,15ojns8pjndvlncxp05js2cyc,Alejandro José Hernández Hernández,Reial Club Deportiu Espanyol de Barcelona,Villarreal CF,Ayoze Pérez,0,0,0,0,0,0,0,1,3,0,0,0,0,2,0
16,8 Nov 2025,,15ojns8pjndvlncxp05js2cyc,Alejandro José Hernández Hernández,Reial Club Deportiu Espanyol de Barcelona,Villarreal CF,N. Pépé,0,1,0,0,0,0,0,0,6,0,0,1,0,0,0
16,8 Nov 2025,,15ojns8pjndvlncxp05js2cyc,Alejandro José Hernández Hernández,Reial Club Deportiu Espanyol de Barcelona,Villarreal CF,Sergi Cardona,0,0,0,0,0,0,0,0,2,0,0,0,0,0,0
16,8 Nov 2025,,15ojns8pjndvlncxp05js2cyc,Alejandro José Hernández Hernández,Reial Club Deportiu Espanyol de Barcelona,Villarreal CF,I. Akhomach,0,0,0,0,2,0,0,0,2,0,0,0,0,2,0
17,9 Nov 2025,,16234pc0mx6bpyeqhj4i81p90,Juan Martínez Munuera,Rayo Vallecano de Madrid,Real Madrid CF,P. Ciss,0,1,0,0,2,0,0,0,47,0,0,1,0,2,0
17,9 Nov 2025,,16234pc0mx6bpyeqhj4i81p90,Juan Martínez Munuera,Rayo Vallecano de Madrid,Real Madrid CF,Pep Chavarría,0,0,1,2,0,2,0,0,55,0,0,0,0,3,0
17,9 Nov 2025,,16234pc0mx6bpyeqhj4i81p90,Juan Martínez Munuera,Rayo Vallecano de Madrid,Real Madrid CF,Álvaro García,0,0,1,3,1,0,0,0,17,0,0,2,0,0,1
17,9 Nov 2025,,16234pc0mx6bpyeqhj4i81p90,Juan Martínez Munuera,Rayo Vallecano de Madrid,Real Madrid CF,N. Mendy,0,0,0,0,1,1,0,0,41,0,0,0,0,3,0
17,9 Nov 2025,,16234pc0mx6bpyeqhj4i81p90,Juan Martínez Munuera,Rayo Vallecano de Madrid,Real Madrid CF,Isi Palazón,0,0,1,1,1,3,0,0,19,0,0,1,0,0,0
17,9 Nov 2025,,16234pc0mx6bpyeqhj4i81p90,Juan Martínez Munuera,Rayo Vallecano de Madrid,Real Madrid CF,A. Rațiu,0,0,0,2,1,0,0,0,28,0,0,3,1,5,1
17,9 Nov 2025,,16234pc0mx6bpyeqhj4i81p90,Juan Martínez Munuera,Rayo Vallecano de Madrid,Real Madrid CF,Unai López,0,2,0,7,2,0,0,0,44,0,0,2,0,2,0
17,9 Nov 2025,,16234pc0mx6bpyeqhj4i81p90,Juan Martínez Munuera,Rayo Vallecano de Madrid,Real Madrid CF,A. Batalla,0,0,0,0,0,0,0,0,38,0,5,0,0,0,0
17,9 Nov 2025,,16234pc0mx6bpyeqhj4i81p90,Juan Martínez Munuera,Rayo Vallecano de Madrid,Real Madrid CF,F. Lejeune,0,0,0,0,2,0,0,0,21,0,0,0,0,1,0
17,9 Nov 2025,,16234pc0mx6bpyeqhj4i81p90,Juan Martínez Munuera,Rayo Vallecano de Madrid,Real Madrid CF,Pedro Díaz,0,0,0,1,0,0,0,0,15,0,0,0,0,2,0
17,9 Nov 2025,,16234pc0mx6bpyeqhj4i81p90,Juan Martínez Munuera,Rayo Vallecano de Madrid,Real Madrid CF,Jorge de Frutos,0,0,1,0,1,0,0,0,10,0,0,2,0,0,1
17,9 Nov 2025,,16234pc0mx6bpyeqhj4i81p90,Juan Martínez Munuera,Rayo Vallecano de Madrid,Real Madrid CF,P. Espino,0,0,0,4,3,0,0,1,22,0,0,0,0,1,0
17,9 Nov 2025,,16234pc0mx6bpyeqhj4i81p90,Juan Martínez Munuera,Rayo Vallecano de Madrid,Real Madrid CF,Óscar Valentín,0,0,0,0,0,1,0,0,5,0,0,1,0,0,0
17,9 Nov 2025,,16234pc0mx6bpyeqhj4i81p90,Juan Martínez Munuera,Rayo Vallecano de Madrid,Real Madrid CF,Fran Pérez,0,0,1,2,1,0,0,0,5,0,0,0,0,1,0
17,9 Nov 2025,,16234pc0mx6bpyeqhj4i81p90,Juan Martínez Munuera,Rayo Vallecano de Madrid,Real Madrid CF,Gerard Gumbau,0,0,0,1,2,0,0,0,1,0,0,0,0,0,0
17,9 Nov 2025,,16234pc0mx6bpyeqhj4i81p90,Juan Martínez Munuera,Rayo Vallecano de Madrid,Real Madrid CF,Alemão,0,0,0,0,0,0,0,0,0,0,0,1,1,0,0
17,9 Nov 2025,,16234pc0mx6bpyeqhj4i81p90,Juan Martínez Munuera,Rayo Vallecano de Madrid,Real Madrid CF,K. Mbappé,0,0,0,1,1,1,0,0,16,0,0,1,0,0,0
17,9 Nov 2025,,16234pc0mx6bpyeqhj4i81p90,Juan Martínez Munuera,Rayo Vallecano de Madrid,Real Madrid CF,T. Courtois,0,0,0,0,0,0,0,0,43,0,2,0,0,0,0
17,9 Nov 2025,,16234pc0mx6bpyeqhj4i81p90,Juan Martínez Munuera,Rayo Vallecano de Madrid,Real Madrid CF,Dean Huijsen,0,0,0,0,1,1,0,0,22,0,0,0,0,0,1
17,9 Nov 2025,,16234pc0mx6bpyeqhj4i81p90,Juan Martínez Munuera,Rayo Vallecano de Madrid,Real Madrid CF,Raúl Asencio,0,1,0,0,0,0,0,0,53,0,0,2,0,1,0
17,9 Nov 2025,,16234pc0mx6bpyeqhj4i81p90,Juan Martínez Munuera,Rayo Vallecano de Madrid,Real Madrid CF,F. Valverde,0,0,0,1,0,0,0,0,59,0,0,2,1,0,0
17,9 Nov 2025,,16234pc0mx6bpyeqhj4i81p90,Juan Martínez Munuera,Rayo Vallecano de Madrid,Real Madrid CF,A. Güler,0,0,1,10,1,4,0,1,55,0,0,3,1,2,0
17,9 Nov 2025,,16234pc0mx6bpyeqhj4i81p90,Juan Martínez Munuera,Rayo Vallecano de Madrid,Real Madrid CF,Álvaro Carreras,0,1,1,1,0,1,0,0,39,0,0,2,0,0,0
17,9 Nov 2025,,16234pc0mx6bpyeqhj4i81p90,Juan Martínez Munuera,Rayo Vallecano de Madrid,Real Madrid CF,Brahim Díaz,0,0,0,1,1,1,0,0,22,0,0,0,0,1,1
17,9 Nov 2025,,16234pc0mx6bpyeqhj4i81p90,Juan Martínez Munuera,Rayo Vallecano de Madrid,Real Madrid CF,E. Camavinga,0,1,0,0,2,0,0,0,32,0,0,1,0,1,0
17,9 Nov 2025,,16234pc0mx6bpyeqhj4i81p90,Juan Martínez Munuera,Rayo Vallecano de Madrid,Real Madrid CF,Vinícius Júnior,0,1,2,1,0,5,0,0,26,0,0,3,1,3,0
17,9 Nov 2025,,16234pc0mx6bpyeqhj4i81p90,Juan Martínez Munuera,Rayo Vallecano de Madrid,Real Madrid CF,J. Bellingham,0,0,2,1,0,3,0,0,32,0,0,2,1,1,0
17,9 Nov 2025,,16234pc0mx6bpyeqhj4i81p90,Juan Martínez Munuera,Rayo Vallecano de Madrid,Real Madrid CF,Éder Militão,0,1,1,0,0,0,0,0,19,0,0,3,1,0,0
17,9 Nov 2025,,16234pc0mx6bpyeqhj4i81p90,Juan Martínez Munuera,Rayo Vallecano de Madrid,Real Madrid CF,Dani Ceballos,0,0,0,0,0,1,0,0,22,0,0,1,0,1,0
17,9 Nov 2025,,16234pc0mx6bpyeqhj4i81p90,Juan Martínez Munuera,Rayo Vallecano de Madrid,Real Madrid CF,Rodrygo,0,0,1,1,1,0,0,0,2,0,0,0,0,0,0
17,9 Nov 2025,,16234pc0mx6bpyeqhj4i81p90,Juan Martínez Munuera,Rayo Vallecano de Madrid,Real Madrid CF,T. Alexander-Arnold,0,1,0,2,0,0,0,0,3,0,0,1,0,0,0
52,31 Aug 2025,,8o8bord6whrdh4yaej7v766s,Miguel Sesma Espinosa,Reial Club Deportiu Espanyol de Barcelona,CA Osasuna,Kike García,0,1,1,1,3,3,0,2,10,0,0,3,1,1,0
52,31 Aug 2025,,8o8bord6whrdh4yaej7v766s,Miguel Sesma Espinosa,Reial Club Deportiu Espanyol de Barcelona,CA Osasuna,Edu Expósito,0,0,0,6,2,1,0,0,44,0,0,0,0,0,1
52,31 Aug 2025,,8o8bord6whrdh4yaej7v766s,Miguel Sesma Espinosa,Reial Club Deportiu Espanyol de Barcelona,CA Osasuna,O. El Hilali,0,0,0,2,0,2,0,0,48,0,0,0,0,4,0
52,31 Aug 2025,,8o8bord6whrdh4yaej7v766s,Miguel Sesma Espinosa,Reial Club Deportiu Espanyol de Barcelona,CA Osasuna,Pol Lozano,0,0,0,0,6,0,0,0,44,0,0,0,0,1,0
52,31 Aug 2025,,8o8bord6whrdh4yaej7v766s,Miguel Sesma Espinosa,Reial Club Deportiu Espanyol de Barcelona,CA Osasuna,Fernando Calero,0,0,0,0,0,0,0,0,60,0,0,0,0,1,0
52,31 Aug 2025,,8o8bord6whrdh4yaej7v766s,Miguel Sesma Espinosa,Reial Club Deportiu Espanyol de Barcelona,CA Osasuna,Javi Puado,0,0,0,1,0,2,0,0,24,0,0,1,0,1,1
52,31 Aug 2025,,8o8bord6whrdh4yaej7v766s,Miguel Sesma Espinosa,Reial Club Deportiu Espanyol de Barcelona,CA Osasuna,T. Dolan,0,0,0,5,1,2,0,0,20,0,0,0,0,1,0
52,31 Aug 2025,,8o8bord6whrdh4yaej7v766s,Miguel Sesma Espinosa,Reial Club Deportiu Espanyol de Barcelona,CA Osasuna,Pere Milla,0,0,0,0,0,0,0,0,22,0,0,4,2,2,0
52,31 Aug 2025,,8o8bord6whrdh4yaej7v766s,Miguel Sesma Espinosa,Reial Club Deportiu Espanyol de Barcelona,CA Osasuna,Carlos Romero,0,0,1,3,0,1,1,0,35,0,0,1,1,4,0
52,31 Aug 2025,,8o8bord6whrdh4yaej7v766s,Miguel Sesma Espinosa,Reial Club Deportiu Espanyol de Barcelona,CA Osasuna,L. Cabrera,0,0,0,0,0,1,0,0,49,0,0,0,0,0,0
52,31 Aug 2025,,8o8bord6whrdh4yaej7v766s,Miguel Sesma Espinosa,Reial Club Deportiu Espanyol de Barcelona,CA Osasuna,M. Dmitrović,0,0,0,0,0,0,0,0,28,0,3,0,0,0,0
52,31 Aug 2025,,8o8bord6whrdh4yaej7v766s,Miguel Sesma Espinosa,Reial Club Deportiu Espanyol de Barcelona,CA Osasuna,Roberto Fernández,0,0,0,0,0,0,0,0,5,0,0,0,0,0,0
52,31 Aug 2025,,8o8bord6whrdh4yaej7v766s,Miguel Sesma Espinosa,Reial Club Deportiu Espanyol de Barcelona,CA Osasuna,Urko González de Zárate,0,0,0,0,0,1,0,0,6,0,0,0,0,0,0
52,31 Aug 2025,,8o8bord6whrdh4yaej7v766s,Miguel Sesma Espinosa,Reial Club Deportiu Espanyol de Barcelona,CA Osasuna,L. Koleosho,0,0,0,0,1,0,0,0,5,0,0,0,0,0,0
52,31 Aug 2025,,8o8bord6whrdh4yaej7v766s,Miguel Sesma Espinosa,Reial Club Deportiu Espanyol de Barcelona,CA Osasuna,Ramon Terrats,0,0,0,0,0,0,0,0,8,0,0,1,0,1,0
52,31 Aug 2025,,8o8bord6whrdh4yaej7v766s,Miguel Sesma Espinosa,Reial Club Deportiu Espanyol de Barcelona,CA Osasuna,Miguel Rubio,0,0,0,0,0,0,0,0,0,0,0,0,0,0,0
52,31 Aug 2025,,8o8bord6whrdh4yaej7v766s,Miguel Sesma Espinosa,Reial Club Deportiu Espanyol de Barcelona,CA Osasuna,Jon Moncayola,0,0,0,2,1,0,0,0,41,0,0,1,0,2,0
52,31 Aug 2025,,8o8bord6whrdh4yaej7v766s,Miguel Sesma Espinosa,Reial Club Deportiu Espanyol de Barcelona,CA Osasuna,Lucas Torró,0,1,0,0,6,2,0,0,49,0,0,2,0,2,1
52,31 Aug 2025,,8o8bord6whrdh4yaej7v766s,Miguel Sesma Espinosa,Reial Club Deportiu Espanyol de Barcelona,CA Osasuna,E. Boyomo,0,0,0,2,2,1,0,0,60,0,0,0,0,2,0
52,31 Aug 2025,,8o8bord6whrdh4yaej7v766s,Miguel Sesma Espinosa,Reial Club Deportiu Espanyol de Barcelona,CA Osasuna,Moi Gómez,0,0,0,2,0,1,0,0,52,0,0,0,0,0,0
52,31 Aug 2025,,8o8bord6whrdh4yaej7v766s,Miguel Sesma Espinosa,Reial Club Deportiu Espanyol de Barcelona,CA Osasuna,Aimar Oroz,0,0,0,3,0,4,0,0,41,0,0,1,0,3,0
52,31 Aug 2025,,8o8bord6whrdh4yaej7v766s,Miguel Sesma Espinosa,Reial Club Deportiu Espanyol de Barcelona,CA Osasuna,Juan Cruz,0,0,0,0,1,1,0,0,36,0,0,0,0,2,0
52,31 Aug 2025,,8o8bord6whrdh4yaej7v766s,Miguel Sesma Espinosa,Reial Club Deportiu Espanyol de Barcelona,CA Osasuna,Alejandro Catena,0,0,0,0,1,0,0,0,54,0,0,1,0,1,0
52,31 Aug 2025,,8o8bord6whrdh4yaej7v766s,Miguel Sesma Espinosa,Reial Club Deportiu Espanyol de Barcelona,CA Osasuna,Sergio Herrera,0,0,0,0,0,0,0,0,36,0,3,0,0,0,0
52,31 Aug 2025,,8o8bord6whrdh4yaej7v766s,Miguel Sesma Espinosa,Reial Club Deportiu Espanyol de Barcelona,CA Osasuna,Víctor Muñoz,0,1,2,1,1,0,0,0,18,0,0,2,0,1,1
52,31 Aug 2025,,8o8bord6whrdh4yaej7v766s,Miguel Sesma Espinosa,Reial Club Deportiu Espanyol de Barcelona,CA Osasuna,A. Budimir,0,0,1,0,1,0,0,0,15,0,0,3,3,0,0
52,31 Aug 2025,,8o8bord6whrdh4yaej7v766s,Miguel Sesma Espinosa,Reial Club Deportiu Espanyol de Barcelona,CA Osasuna,V. Rosier,0,0,0,2,0,2,0,1,53,0,0,0,0,1,0
52,31 Aug 2025,,8o8bord6whrdh4yaej7v766s,Miguel Sesma Espinosa,Reial Club Deportiu Espanyol de Barcelona,CA Osasuna,Rubén García,0,0,0,3,0,1,0,0,21,0,0,0,0,0,0
52,31 Aug 2025,,8o8bord6whrdh4yaej7v766s,Miguel Sesma Espinosa,Reial Club Deportiu Espanyol de Barcelona,CA Osasuna,Raúl García,0,0,0,0,0,0,0,0,6,0,0,0,0,0,0
52,31 Aug 2025,,8o8bord6whrdh4yaej7v766s,Miguel Sesma Espinosa,Reial Club Deportiu Espanyol de Barcelona,CA Osasuna,Iker Benito,0,0,0,0,1,0,0,0,10,0,0,0,0,0,1
52,31 Aug 2025,,8o8bord6whrdh4yaej7v766s,Miguel Sesma Espinosa,Reial Club Deportiu Espanyol de Barcelona,CA Osasuna,Kike Barja,0,0,0,2,0,0,0,0,1,0,0,0,0,0,0
53,30 Aug 2025,,91dd8ia3m0bxoqzjgyo3ptsk,Miguel Ángel Ortiz Arias,Girona FC,Sevilla FC,C. Stuani,0,0,0,0,0,1,0,1,8,0,0,0,0,0,0
53,30 Aug 2025,,91dd8ia3m0bxoqzjgyo3ptsk,Miguel Ángel Ortiz Arias,Girona FC,Sevilla FC,Vitor Reis,0,2,0,0,0,1,0,0,57,0,0,3,0,1,0
53,30 Aug 2025,,91dd8ia3m0bxoqzjgyo3ptsk,Miguel Ángel Ortiz Arias,Girona FC,Sevilla FC,Álex Moreno,0,0,0,2,1,0,0,0,24,0,0,2,2,0,0
53,30 Aug 2025,,91dd8ia3m0bxoqzjgyo3ptsk,Miguel Ángel Ortiz Arias,Girona FC,Sevilla FC,David López,0,0,0,0,0,0,0,0,59,0,0,1,1,0,0
53,30 Aug 2025,,91dd8ia3m0bxoqzjgyo3ptsk,Miguel Ángel Ortiz Arias,Girona FC,Sevilla FC,P. Gazzaniga,0,0,0,0,0,0,0,0,29,0,2,0,0,0,0
53,30 Aug 2025,,91dd8ia3m0bxoqzjgyo3ptsk,Miguel Ángel Ortiz Arias,Girona FC,Sevilla FC,Iván Martín,0,0,0,0,0,2,0,0,57,0,0,0,0,4,0
53,30 Aug 2025,,91dd8ia3m0bxoqzjgyo3ptsk,Miguel Ángel Ortiz Arias,Girona FC,Sevilla FC,Joel Roca,0,2,2,6,0,2,0,0,15,0,0,4,0,0,0
53,30 Aug 2025,,91dd8ia3m0bxoqzjgyo3ptsk,Miguel Ángel Ortiz Arias,Girona FC,Sevilla FC,A. Witsel,0,1,0,0,1,0,0,0,44,0,0,1,0,2,0
53,30 Aug 2025,,91dd8ia3m0bxoqzjgyo3ptsk,Miguel Ángel Ortiz Arias,Girona FC,Sevilla FC,Y. Asprilla,0,2,5,10,0,0,0,1,24,0,0,4,1,3,0
53,30 Aug 2025,,91dd8ia3m0bxoqzjgyo3ptsk,Miguel Ángel Ortiz Arias,Girona FC,Sevilla FC,Arnau Martínez,0,0,2,4,0,2,0,0,26,0,0,0,0,3,0
53,30 Aug 2025,,91dd8ia3m0bxoqzjgyo3ptsk,Miguel Ángel Ortiz Arias,Girona FC,Sevilla FC,T. Lemar,0,1,0,9,0,4,0,0,32,0,0,1,0,0,0
53,30 Aug 2025,,91dd8ia3m0bxoqzjgyo3ptsk,Miguel Ángel Ortiz Arias,Girona FC,Sevilla FC,D. Blind,0,0,0,0,0,0,0,0,24,0,0,0,0,0,0
53,30 Aug 2025,,91dd8ia3m0bxoqzjgyo3ptsk,Miguel Ángel Ortiz Arias,Girona FC,Sevilla FC,Hugo Rincón,0,0,0,1,1,0,0,0,11,0,0,2,0,1,0
53,30 Aug 2025,,91dd8ia3m0bxoqzjgyo3ptsk,Miguel Ángel Ortiz Arias,Girona FC,Sevilla FC,D. Camara,0,0,0,0,2,0,0,0,5,0,0,1,1,1,0
53,30 Aug 2025,,91dd8ia3m0bxoqzjgyo3ptsk,Miguel Ángel Ortiz Arias,Girona FC,Sevilla FC,Portu,0,1,2,3,0,0,0,0,5,0,0,1,0,0,0
53,30 Aug 2025,,91dd8ia3m0bxoqzjgyo3ptsk,Miguel Ángel Ortiz Arias,Girona FC,Sevilla FC,J. Solís,0,0,0,0,0,1,0,0,7,0,0,0,0,0,0
53,30 Aug 2025,,91dd8ia3m0bxoqzjgyo3ptsk,Miguel Ángel Ortiz Arias,Girona FC,Sevilla FC,Isaac Romero,0,0,0,0,1,0,1,0,13,0,0,2,1,1,0
53,30 Aug 2025,,91dd8ia3m0bxoqzjgyo3ptsk,Miguel Ángel Ortiz Arias,Girona FC,Sevilla FC,N. Gudelj,0,0,0,0,0,0,0,0,34,0,0,1,0,1,0
53,30 Aug 2025,,91dd8ia3m0bxoqzjgyo3ptsk,Miguel Ángel Ortiz Arias,Girona FC,Sevilla FC,L. Agoumé,0,0,0,0,3,0,0,0,23,0,0,0,0,4,1
53,30 Aug 2025,,91dd8ia3m0bxoqzjgyo3ptsk,Miguel Ángel Ortiz Arias,Girona FC,Sevilla FC,Kike Salas,0,0,0,0,3,0,0,0,45,0,0,1,0,1,0
53,30 Aug 2025,,91dd8ia3m0bxoqzjgyo3ptsk,Miguel Ángel Ortiz Arias,Girona FC,Sevilla FC,G. Suazo,0,0,0,2,1,1,0,0,26,0,0,1,0,2,0
53,30 Aug 2025,,91dd8ia3m0bxoqzjgyo3ptsk,Miguel Ángel Ortiz Arias,Girona FC,Sevilla FC,Andrés Castrín,0,0,0,0,1,1,0,0,41,0,0,0,0,2,0
53,30 Aug 2025,,91dd8ia3m0bxoqzjgyo3ptsk,Miguel Ángel Ortiz Arias,Girona FC,Sevilla FC,Ø. Nyland,0,0,0,0,0,0,0,0,32,0,5,0,0,0,1
53,30 Aug 2025,,91dd8ia3m0bxoqzjgyo3ptsk,Miguel Ángel Ortiz Arias,Girona FC,Sevilla FC,C. Ejuke,0,0,0,0,0,0,0,0,6,0,0,0,0,0,0
53,30 Aug 2025,,91dd8ia3m0bxoqzjgyo3ptsk,Miguel Ángel Ortiz Arias,Girona FC,Sevilla FC,Alfon González,0,0,0,1,2,1,1,0,20,0,0,3,3,1,0
53,30 Aug 2025,,91dd8ia3m0bxoqzjgyo3ptsk,Miguel Ángel Ortiz Arias,Girona FC,Sevilla FC,José Ángel Carmona,0,0,0,0,2,1,0,0,36,0,0,0,0,3,0
53,30 Aug 2025,,91dd8ia3m0bxoqzjgyo3ptsk,Miguel Ángel Ortiz Arias,Girona FC,Sevilla FC,R. Vargas,2,2,2,1,1,0,0,0,21,0,0,3,0,1,0
53,30 Aug 2025,,91dd8ia3m0bxoqzjgyo3ptsk,Miguel Ángel Ortiz Arias,Girona FC,Sevilla FC,Juanlu Sánchez,0,1,1,0,0,0,0,0,17,0,0,1,0,1,0
53,30 Aug 2025,,91dd8ia3m0bxoqzjgyo3ptsk,Miguel Ángel Ortiz Arias,Girona FC,Sevilla FC,Manu Bueno,0,0,0,1,0,0,0,0,5,0,0,1,0,0,0
53,30 Aug 2025,,91dd8ia3m0bxoqzjgyo3ptsk,Miguel Ángel Ortiz Arias,Girona FC,Sevilla FC,Peque Fernández,0,0,0,0,0,0,0,0,3,0,0,0,0,0,0
53,30 Aug 2025,,91dd8ia3m0bxoqzjgyo3ptsk,Miguel Ángel Ortiz Arias,Girona FC,Sevilla FC,Marcão,0,0,0,0,0,1,0,0,0,0,0,0,0,0,0
54,30 Aug 2025,,9eknjmjtkb8hdsde5htzqiac,Adrián Cordero Vega,Real Oviedo,Real Sociedad de Fútbol,O. Ejaria,0,0,0,0,0,2,0,0,18,0,0,1,0,1,0
54,30 Aug 2025,,9eknjmjtkb8hdsde5htzqiac,Adrián Cordero Vega,Real Oviedo,Real Sociedad de Fútbol,Alberto Reina,0,0,0,2,1,1,0,0,59,0,0,0,0,1,0
54,30 Aug 2025,,9eknjmjtkb8hdsde5htzqiac,Adrián Cordero Vega,Real Oviedo,Real Sociedad de Fútbol,F. Viñas,0,0,0,0,1,4,0,1,9,0,0,0,0,2,0
54,30 Aug 2025,,9eknjmjtkb8hdsde5htzqiac,Adrián Cordero Vega,Real Oviedo,Real Sociedad de Fútbol,Nacho Vidal,0,0,0,0,0,4,0,0,31,0,0,0,0,1,0
54,30 Aug 2025,,9eknjmjtkb8hdsde5htzqiac,Adrián Cordero Vega,Real Oviedo,Real Sociedad de Fútbol,David Costas,0,0,0,0,1,0,0,0,44,0,0,0,0,0,0
54,30 Aug 2025,,9eknjmjtkb8hdsde5htzqiac,Adrián Cordero Vega,Real Oviedo,Real Sociedad de Fútbol,Dani Calvo,0,0,1,0,0,0,0,0,51,0,0,0,0,0,0
54,30 Aug 2025,,9eknjmjtkb8hdsde5htzqiac,Adrián Cordero Vega,Real Oviedo,Real Sociedad de Fútbol,R. Alhassane,0,0,0,3,1,1,0,0,43,0,0,0,0,1,0
54,30 Aug 2025,,9eknjmjtkb8hdsde5htzqiac,Adrián Cordero Vega,Real Oviedo,Real Sociedad de Fútbol,Aarón Escandell,0,0,0,0,0,0,0,0,37,0,6,0,0,0,0
54,30 Aug 2025,,9eknjmjtkb8hdsde5htzqiac,Adrián Cordero Vega,Real Oviedo,Real Sociedad de Fútbol,L. Dendoncker,0,0,0,0,0,0,1,0,33,0,0,1,1,2,0
54,30 Aug 2025,,9eknjmjtkb8hdsde5htzqiac,Adrián Cordero Vega,Real Oviedo,Real Sociedad de Fútbol,L. Ilić,0,0,0,0,0,1,0,0,18,0,0,1,0,1,0
54,30 Aug 2025,,9eknjmjtkb8hdsde5htzqiac,Adrián Cordero Vega,Real Oviedo,Real Sociedad de Fútbol,I. Chaira,0,0,0,1,0,1,0,0,4,0,0,0,0,0,0
54,30 Aug 2025,,9eknjmjtkb8hdsde5htzqiac,Adrián Cordero Vega,Real Oviedo,Real Sociedad de Fútbol,H. Hassan,1,0,0,4,1,1,0,0,18,0,0,2,0,3,1
54,30 Aug 2025,,9eknjmjtkb8hdsde5htzqiac,Adrián Cordero Vega,Real Oviedo,Real Sociedad de Fútbol,Santi Cazorla,0,0,0,0,0,2,0,0,17,0,0,0,0,1,0
54,30 Aug 2025,,9eknjmjtkb8hdsde5htzqiac,Adrián Cordero Vega,Real Oviedo,Real Sociedad de Fútbol,S. Rondón,0,0,0,1,1,1,0,1,6,0,0,2,0,0,0
54,30 Aug 2025,,9eknjmjtkb8hdsde5htzqiac,Adrián Cordero Vega,Real Oviedo,Real Sociedad de Fútbol,J. Brekalo,0,0,0,0,1,0,0,0,10,0,0,1,0,0,1
54,30 Aug 2025,,9eknjmjtkb8hdsde5htzqiac,Adrián Cordero Vega,Real Oviedo,Real Sociedad de Fútbol,K. Sibo,0,0,0,0,0,0,0,0,11,0,0,0,0,1,0
54,30 Aug 2025,,9eknjmjtkb8hdsde5htzqiac,Adrián Cordero Vega,Real Oviedo,Real Sociedad de Fútbol,D. Ćaleta-Car,0,0,1,0,4,0,0,0,80,0,0,0,0,1,1
54,30 Aug 2025,,9eknjmjtkb8hdsde5htzqiac,Adrián Cordero Vega,Real Oviedo,Real Sociedad de Fútbol,Mikel Oyarzabal,0,1,1,0,1,1,0,0,25,0,0,4,2,0,0
54,30 Aug 2025,,9eknjmjtkb8hdsde5htzqiac,Adrián Cordero Vega,Real Oviedo,Real Sociedad de Fútbol,Pablo Marín,0,0,1,0,0,0,0,0,23,0,0,2,1,0,0
54,30 Aug 2025,,9eknjmjtkb8hdsde5htzqiac,Adrián Cordero Vega,Real Oviedo,Real Sociedad de Fútbol,Ander Barrenetxea,0,0,0,7,2,1,0,0,40,0,0,1,0,0,0
54,30 Aug 2025,,9eknjmjtkb8hdsde5htzqiac,Adrián Cordero Vega,Real Oviedo,Real Sociedad de Fútbol,Igor Zubeldia,0,0,0,0,3,0,0,0,87,0,0,1,0,4,0
54,30 Aug 2025,,9eknjmjtkb8hdsde5htzqiac,Adrián Cordero Vega,Real Oviedo,Real Sociedad de Fútbol,O. Óskarsson,0,0,3,0,0,0,0,0,9,0,0,1,1,1,0
54,30 Aug 2025,,9eknjmjtkb8hdsde5htzqiac,Adrián Cordero Vega,Real Oviedo,Real Sociedad de Fútbol,T. Kubo,0,0,2,7,1,1,0,0,19,0,0,2,1,1,0
54,30 Aug 2025,,9eknjmjtkb8hdsde5htzqiac,Adrián Cordero Vega,Real Oviedo,Real Sociedad de Fútbol,Jon Gorrotxategi,0,1,1,0,1,1,0,0,47,0,0,1,0,1,0
54,30 Aug 2025,,9eknjmjtkb8hdsde5htzqiac,Adrián Cordero Vega,Real Oviedo,Real Sociedad de Fútbol,J. Aramburu,0,1,0,0,3,1,0,0,61,0,0,2,0,4,0
54,30 Aug 2025,,9eknjmjtkb8hdsde5htzqiac,Adrián Cordero Vega,Real Oviedo,Real Sociedad de Fútbol,Aihen Muñoz,0,0,0,3,0,0,0,0,26,0,0,2,0,2,0
54,30 Aug 2025,,9eknjmjtkb8hdsde5htzqiac,Adrián Cordero Vega,Real Oviedo,Real Sociedad de Fútbol,Álex Remiro,0,0,0,0,0,0,0,0,38,0,0,0,0,0,0
54,30 Aug 2025,,9eknjmjtkb8hdsde5htzqiac,Adrián Cordero Vega,Real Oviedo,Real Sociedad de Fútbol,Brais Méndez,0,0,1,2,0,0,0,0,21,0,0,0,0,0,0
54,30 Aug 2025,,9eknjmjtkb8hdsde5htzqiac,Adrián Cordero Vega,Real Oviedo,Real Sociedad de Fútbol,Jon Karrikaburu,0,0,0,0,0,1,0,1,6,0,0,0,0,0,0
54,30 Aug 2025,,9eknjmjtkb8hdsde5htzqiac,Adrián Cordero Vega,Real Oviedo,Real Sociedad de Fútbol,Gonçalo Guedes,0,0,0,3,1,0,0,0,9,0,0,0,0,0,0
54,30 Aug 2025,,9eknjmjtkb8hdsde5htzqiac,Adrián Cordero Vega,Real Oviedo,Real Sociedad de Fútbol,Sergio Gómez,0,0,0,2,1,0,0,0,14,0,0,0,0,0,0
54,30 Aug 2025,,9eknjmjtkb8hdsde5htzqiac,Adrián Cordero Vega,Real Oviedo,Real Sociedad de Fútbol,L. Sučić,0,0,0,0,0,0,0,0,12,0,0,0,0,1,0
54,30 Aug 2025,,9eknjmjtkb8hdsde5htzqiac,Adrián Cordero Vega,Real Oviedo,Real Sociedad de Fútbol,Beñat Turrientes,0,0,0,0,1,0,0,0,11,0,0,2,1,0,0
55,31 Aug 2025,,9rnhp2t23qi248bbos0taxp0,Isidro Díaz de Mera Escuderos,Real Betis Balompié,Athletic Club,C. Hernández,0,1,1,2,2,0,0,2,22,0,0,3,0,0,0
55,31 Aug 2025,,9rnhp2t23qi248bbos0taxp0,Isidro Díaz de Mera Escuderos,Real Betis Balompié,Athletic Club,Sergi Altimira,0,0,0,0,1,2,0,0,50,0,0,0,0,3,0
55,31 Aug 2025,,9rnhp2t23qi248bbos0taxp0,Isidro Díaz de Mera Escuderos,Real Betis Balompié,Athletic Club,Marc Bartra,0,0,0,0,0,2,0,0,49,0,0,0,0,4,0
55,31 Aug 2025,,9rnhp2t23qi248bbos0taxp0,Isidro Díaz de Mera Escuderos,Real Betis Balompié,Athletic Club,J. Firpo,1,0,0,2,1,1,0,0,50,0,0,0,0,5,1
55,31 Aug 2025,,9rnhp2t23qi248bbos0taxp0,Isidro Díaz de Mera Escuderos,Real Betis Balompié,Athletic Club,Natan,0,0,0,0,1,1,0,0,54,0,0,0,0,1,0
55,31 Aug 2025,,9rnhp2t23qi248bbos0taxp0,Isidro Díaz de Mera Escuderos,Real Betis Balompié,Athletic Club,Álvaro Valles,0,0,0,0,0,0,0,0,30,0,5,0,0,0,0
55,31 Aug 2025,,9rnhp2t23qi248bbos0taxp0,Isidro Díaz de Mera Escuderos,Real Betis Balompié,Athletic Club,Rodrigo Riquelme,0,1,0,1,0,1,0,0,32,0,0,2,1,3,0
55,31 Aug 2025,,9rnhp2t23qi248bbos0taxp0,Isidro Díaz de Mera Escuderos,Real Betis Balompié,Athletic Club,G. Lo Celso,0,0,1,4,0,2,0,0,52,0,0,1,0,1,0
55,31 Aug 2025,,9rnhp2t23qi248bbos0taxp0,Isidro Díaz de Mera Escuderos,Real Betis Balompié,Athletic Club,Ángel Ortiz,0,0,0,0,2,1,0,0,32,0,0,0,0,4,0
55,31 Aug 2025,,9rnhp2t23qi248bbos0taxp0,Isidro Díaz de Mera Escuderos,Real Betis Balompié,Athletic Club,Pablo García,0,1,2,0,1,2,0,0,13,0,0,2,0,1,0
55,31 Aug 2025,,9rnhp2t23qi248bbos0taxp0,Isidro Díaz de Mera Escuderos,Real Betis Balompié,Athletic Club,Pablo Fornals,0,0,0,1,1,2,0,0,55,0,0,0,0,3,0
55,31 Aug 2025,,9rnhp2t23qi248bbos0taxp0,Isidro Díaz de Mera Escuderos,Real Betis Balompié,Athletic Club,N. Deossa,0,0,0,1,0,1,0,0,8,0,0,0,0,0,0
55,31 Aug 2025,,9rnhp2t23qi248bbos0taxp0,Isidro Díaz de Mera Escuderos,Real Betis Balompié,Athletic Club,C. Bakambu,0,0,0,0,0,0,1,1,2,0,0,1,1,0,0
55,31 Aug 2025,,9rnhp2t23qi248bbos0taxp0,Isidro Díaz de Mera Escuderos,Real Betis Balompié,Athletic Club,Héctor Bellerín,0,0,0,0,0,0,0,0,3,0,0,0,0,0,0
55,31 Aug 2025,,9rnhp2t23qi248bbos0taxp0,Isidro Díaz de Mera Escuderos,Real Betis Balompié,Athletic Club,C. Ávila,0,0,0,0,0,0,0,0,2,0,0,0,0,0,0
55,31 Aug 2025,,9rnhp2t23qi248bbos0taxp0,Isidro Díaz de Mera Escuderos,Real Betis Balompié,Athletic Club,Beñat Prados,0,0,0,0,3,0,0,0,37,0,0,1,0,3,1
55,31 Aug 2025,,9rnhp2t23qi248bbos0taxp0,Isidro Díaz de Mera Escuderos,Real Betis Balompié,Athletic Club,Alex Berenguer,0,1,0,7,0,2,0,0,30,0,0,2,1,1,1
55,31 Aug 2025,,9rnhp2t23qi248bbos0taxp0,Isidro Díaz de Mera Escuderos,Real Betis Balompié,Athletic Club,Mikel Jauregizar,0,1,0,0,1,0,0,0,59,0,0,1,0,3,0
55,31 Aug 2025,,9rnhp2t23qi248bbos0taxp0,Isidro Díaz de Mera Escuderos,Real Betis Balompié,Athletic Club,Yuri,0,0,2,3,1,1,0,0,54,0,0,1,0,0,0
55,31 Aug 2025,,9rnhp2t23qi248bbos0taxp0,Isidro Díaz de Mera Escuderos,Real Betis Balompié,Athletic Club,Nico Williams,0,0,2,3,2,1,0,1,35,0,0,1,0,2,0
55,31 Aug 2025,,9rnhp2t23qi248bbos0taxp0,Isidro Díaz de Mera Escuderos,Real Betis Balompié,Athletic Club,Oihan Sancet,0,0,1,1,3,0,0,0,29,0,0,1,0,1,0
55,31 Aug 2025,,9rnhp2t23qi248bbos0taxp0,Isidro Díaz de Mera Escuderos,Real Betis Balompié,Athletic Club,Jesús Areso,0,0,1,5,1,1,0,0,18,0,0,0,0,2,0
55,31 Aug 2025,,9rnhp2t23qi248bbos0taxp0,Isidro Díaz de Mera Escuderos,Real Betis Balompié,Athletic Club,Unai Simón,0,0,0,0,0,0,0,0,26,0,1,0,0,0,0
55,31 Aug 2025,,9rnhp2t23qi248bbos0taxp0,Isidro Díaz de Mera Escuderos,Real Betis Balompié,Athletic Club,Dani Vivian,0,0,0,0,1,1,0,0,44,0,0,0,0,1,1
55,31 Aug 2025,,9rnhp2t23qi248bbos0taxp0,Isidro Díaz de Mera Escuderos,Real Betis Balompié,Athletic Club,I. Williams,0,1,1,0,0,2,0,0,12,0,0,5,3,0,0
55,31 Aug 2025,,9rnhp2t23qi248bbos0taxp0,Isidro Díaz de Mera Escuderos,Real Betis Balompié,Athletic Club,Aitor Paredes,0,1,1,0,0,0,1,0,54,0,0,2,1,1,0
55,31 Aug 2025,,9rnhp2t23qi248bbos0taxp0,Isidro Díaz de Mera Escuderos,Real Betis Balompié,Athletic Club,Mikel Vesga,0,0,0,0,2,1,0,0,19,0,0,0,0,1,0
55,31 Aug 2025,,9rnhp2t23qi248bbos0taxp0,Isidro Díaz de Mera Escuderos,Real Betis Balompié,Athletic Club,M. Sannadi,0,0,1,0,2,0,0,0,10,0,0,1,1,0,1
55,31 Aug 2025,,9rnhp2t23qi248bbos0taxp0,Isidro Díaz de Mera Escuderos,Real Betis Balompié,Athletic Club,Andoni Gorosabel,0,0,0,0,0,0,0,0,8,0,0,0,0,0,0
55,31 Aug 2025,,9rnhp2t23qi248bbos0taxp0,Isidro Díaz de Mera Escuderos,Real Betis Balompié,Athletic Club,Robert Navarro,0,0,0,1,0,0,0,0,3,0,0,0,0,0,0
55,31 Aug 2025,,9rnhp2t23qi248bbos0taxp0,Isidro Díaz de Mera Escuderos,Real Betis Balompié,Athletic Club,Unai Gómez,0,0,1,0,0,0,0,1,2,0,0,0,0,0,0
55,31 Aug 2025,,9rnhp2t23qi248bbos0taxp0,Isidro Díaz de Mera Escuderos,Real Betis Balompié,Athletic Club,Á. Padilla,0,0,0,0,0,0,0,0,0,1,0,0,0,0,0
56,31 Aug 2025,,a4rapcrtfjbf1vihoi65rm6s,Mateo Busquets Ferrer,Rayo Vallecano de Madrid,FC Barcelona,Unai López,0,0,1,1,3,0,0,0,23,0,0,0,0,2,1
56,31 Aug 2025,,a4rapcrtfjbf1vihoi65rm6s,Mateo Busquets Ferrer,Rayo Vallecano de Madrid,FC Barcelona,A. Batalla,0,0,0,0,0,0,0,0,38,0,2,0,0,0,1
56,31 Aug 2025,,a4rapcrtfjbf1vihoi65rm6s,Mateo Busquets Ferrer,Rayo Vallecano de Madrid,FC Barcelona,Álvaro García,0,1,1,4,1,0,0,1,26,0,0,1,0,0,0
56,31 Aug 2025,,a4rapcrtfjbf1vihoi65rm6s,Mateo Busquets Ferrer,Rayo Vallecano de Madrid,FC Barcelona,Isi Palazón,1,0,0,9,1,3,0,1,32,0,0,1,0,1,0
56,31 Aug 2025,,a4rapcrtfjbf1vihoi65rm6s,Mateo Busquets Ferrer,Rayo Vallecano de Madrid,FC Barcelona,Jorge de Frutos,0,1,2,2,3,0,0,3,14,0,0,2,1,2,0
56,31 Aug 2025,,a4rapcrtfjbf1vihoi65rm6s,Mateo Busquets Ferrer,Rayo Vallecano de Madrid,FC Barcelona,Pep Chavarría,0,0,3,2,3,3,0,0,36,0,0,0,0,0,1
56,31 Aug 2025,,a4rapcrtfjbf1vihoi65rm6s,Mateo Busquets Ferrer,Rayo Vallecano de Madrid,FC Barcelona,Pedro Díaz,0,1,1,0,2,0,0,0,21,0,0,1,0,1,0
56,31 Aug 2025,,a4rapcrtfjbf1vihoi65rm6s,Mateo Busquets Ferrer,Rayo Vallecano de Madrid,FC Barcelona,F. Lejeune,0,0,0,0,2,0,0,0,37,0,0,1,0,2,0
56,31 Aug 2025,,a4rapcrtfjbf1vihoi65rm6s,Mateo Busquets Ferrer,Rayo Vallecano de Madrid,FC Barcelona,Luiz Felipe,0,0,0,0,0,0,0,0,22,0,0,1,1,2,0
56,31 Aug 2025,,a4rapcrtfjbf1vihoi65rm6s,Mateo Busquets Ferrer,Rayo Vallecano de Madrid,FC Barcelona,A. Rațiu,0,0,1,0,0,0,0,2,35,0,0,2,1,1,0
56,31 Aug 2025,,a4rapcrtfjbf1vihoi65rm6s,Mateo Busquets Ferrer,Rayo Vallecano de Madrid,FC Barcelona,P. Ciss,0,0,0,0,0,1,0,0,36,0,0,0,0,4,0
56,31 Aug 2025,,a4rapcrtfjbf1vihoi65rm6s,Mateo Busquets Ferrer,Rayo Vallecano de Madrid,FC Barcelona,Ó. Trejo,0,0,0,0,0,0,0,0,0,0,0,0,0,0,1
56,31 Aug 2025,,a4rapcrtfjbf1vihoi65rm6s,Mateo Busquets Ferrer,Rayo Vallecano de Madrid,FC Barcelona,Fran Pérez,0,0,0,0,0,0,1,0,11,0,0,2,2,0,0
56,31 Aug 2025,,a4rapcrtfjbf1vihoi65rm6s,Mateo Busquets Ferrer,Rayo Vallecano de Madrid,FC Barcelona,Óscar Valentín,0,0,0,0,1,0,0,0,3,0,0,0,0,2,0
56,31 Aug 2025,,a4rapcrtfjbf1vihoi65rm6s,Mateo Busquets Ferrer,Rayo Vallecano de Madrid,FC Barcelona,Sergio Camello,0,0,0,0,0,0,0,0,2,0,0,1,1,0,0
56,31 Aug 2025,,a4rapcrtfjbf1vihoi65rm6s,Mateo Busquets Ferrer,Rayo Vallecano de Madrid,FC Barcelona,Gerard Gumbau,0,0,0,0,0,0,0,0,1,0,0,0,0,0,0
56,31 Aug 2025,,a4rapcrtfjbf1vihoi65rm6s,Mateo Busquets Ferrer,Rayo Vallecano de Madrid,FC Barcelona,P. Espino,0,0,0,0,0,1,0,0,1,0,0,0,0,0,0
56,31 Aug 2025,,a4rapcrtfjbf1vihoi65rm6s,Mateo Busquets Ferrer,Rayo Vallecano de Madrid,FC Barcelona,Dani Olmo,0,0,0,0,1,0,0,0,22,0,0,3,1,0,0
56,31 Aug 2025,,a4rapcrtfjbf1vihoi65rm6s,Mateo Busquets Ferrer,Rayo Vallecano de Madrid,FC Barcelona,Eric García,0,0,1,0,0,0,0,0,75,0,0,2,0,0,0
56,31 Aug 2025,,a4rapcrtfjbf1vihoi65rm6s,Mateo Busquets Ferrer,Rayo Vallecano de Madrid,FC Barcelona,Raphinha,0,0,0,2,0,0,0,0,18,0,0,1,0,2,0
56,31 Aug 2025,,a4rapcrtfjbf1vihoi65rm6s,Mateo Busquets Ferrer,Rayo Vallecano de Madrid,FC Barcelona,Joan García,0,0,0,0,0,0,0,0,27,0,5,0,0,1,0
56,31 Aug 2025,,a4rapcrtfjbf1vihoi65rm6s,Mateo Busquets Ferrer,Rayo Vallecano de Madrid,FC Barcelona,J. Koundé,0,0,0,1,3,2,0,0,51,0,0,0,0,1,1
56,31 Aug 2025,,a4rapcrtfjbf1vihoi65rm6s,Mateo Busquets Ferrer,Rayo Vallecano de Madrid,FC Barcelona,F. de Jong,0,0,0,0,1,2,0,0,64,0,0,0,0,7,0
56,31 Aug 2025,,a4rapcrtfjbf1vihoi65rm6s,Mateo Busquets Ferrer,Rayo Vallecano de Madrid,FC Barcelona,A. Christensen,0,1,0,0,1,0,0,0,36,0,0,1,0,1,0
56,31 Aug 2025,,a4rapcrtfjbf1vihoi65rm6s,Mateo Busquets Ferrer,Rayo Vallecano de Madrid,FC Barcelona,Ferran Torres,0,0,0,0,0,1,0,1,17,0,0,0,0,0,0
56,31 Aug 2025,,a4rapcrtfjbf1vihoi65rm6s,Mateo Busquets Ferrer,Rayo Vallecano de Madrid,FC Barcelona,Alejandro Balde,0,0,0,0,0,2,0,0,25,0,0,0,0,0,0
56,31 Aug 2025,,a4rapcrtfjbf1vihoi65rm6s,Mateo Busquets Ferrer,Rayo Vallecano de Madrid,FC Barcelona,Pedri,0,1,0,0,1,4,0,0,62,0,0,1,0,1,0
56,31 Aug 2025,,a4rapcrtfjbf1vihoi65rm6s,Mateo Busquets Ferrer,Rayo Vallecano de Madrid,FC Barcelona,Lamine Yamal,0,1,1,2,1,4,1,0,22,0,0,3,2,4,0
56,31 Aug 2025,,a4rapcrtfjbf1vihoi65rm6s,Mateo Busquets Ferrer,Rayo Vallecano de Madrid,FC Barcelona,M. Rashford,0,0,2,2,0,0,0,1,7,0,0,1,0,0,0
56,31 Aug 2025,,a4rapcrtfjbf1vihoi65rm6s,Mateo Busquets Ferrer,Rayo Vallecano de Madrid,FC Barcelona,Fermín López,0,0,0,1,0,0,0,0,6,0,0,0,0,1,0
56,31 Aug 2025,,a4rapcrtfjbf1vihoi65rm6s,Mateo Busquets Ferrer,Rayo Vallecano de Madrid,FC Barcelona,Gerard Martín,0,0,0,0,0,0,0,0,10,0,0,0,0,0,0
56,31 Aug 2025,,a4rapcrtfjbf1vihoi65rm6s,Mateo Busquets Ferrer,Rayo Vallecano de Madrid,FC Barcelona,R. Lewandowski,0,0,0,0,0,1,0,0,2,0,0,0,0,0,0
57,13 Sep 2025,,ahwl5kztusj3oxv74lxw8pas,Jesús Gil Manzano,Real Sociedad de Fútbol,Real Madrid CF,Pablo Marín,0,2,0,1,1,0,0,0,14,0,0,2,0,0,0
57,13 Sep 2025,,ahwl5kztusj3oxv74lxw8pas,Jesús Gil Manzano,Real Sociedad de Fútbol,Real Madrid CF,Jon Gorrotxategi,0,1,0,0,0,0,0,0,61,0,0,1,0,3,0
57,13 Sep 2025,,ahwl5kztusj3oxv74lxw8pas,Jesús Gil Manzano,Real Sociedad de Fútbol,Real Madrid CF,D. Ćaleta-Car,0,1,0,0,1,0,0,0,69,0,0,3,1,0,0
57,13 Sep 2025,,ahwl5kztusj3oxv74lxw8pas,Jesús Gil Manzano,Real Sociedad de Fútbol,Real Madrid CF,Sergio Gómez,0,0,1,15,2,2,0,0,71,0,0,1,0,3,0
57,13 Sep 2025,,ahwl5kztusj3oxv74lxw8pas,Jesús Gil Manzano,Real Sociedad de Fútbol,Real Madrid CF,Álex Remiro,0,0,0,0,0,0,0,0,26,0,4,0,0,0,0
57,13 Sep 2025,,ahwl5kztusj3oxv74lxw8pas,Jesús Gil Manzano,Real Sociedad de Fútbol,Real Madrid CF,Igor Zubeldia,0,0,0,0,3,0,0,0,56,0,0,1,0,1,1
57,13 Sep 2025,,ahwl5kztusj3oxv74lxw8pas,Jesús Gil Manzano,Real Sociedad de Fútbol,Real Madrid CF,Mikel Goti,0,2,1,3,3,0,0,0,20,0,0,2,0,0,0
57,13 Sep 2025,,ahwl5kztusj3oxv74lxw8pas,Jesús Gil Manzano,Real Sociedad de Fútbol,Real Madrid CF,Aritz Elustondo,0,0,1,2,3,0,0,0,23,0,0,0,0,3,0
57,13 Sep 2025,,ahwl5kztusj3oxv74lxw8pas,Jesús Gil Manzano,Real Sociedad de Fútbol,Real Madrid CF,Gonçalo Guedes,0,0,4,4,1,1,0,0,23,0,0,0,0,1,0
57,13 Sep 2025,,ahwl5kztusj3oxv74lxw8pas,Jesús Gil Manzano,Real Sociedad de Fútbol,Real Madrid CF,Mikel Oyarzabal,0,0,2,1,0,1,1,0,24,0,0,4,3,0,0
57,13 Sep 2025,,ahwl5kztusj3oxv74lxw8pas,Jesús Gil Manzano,Real Sociedad de Fútbol,Real Madrid CF,Ander Barrenetxea,0,2,0,6,1,1,0,0,40,0,0,3,0,2,1
57,13 Sep 2025,,ahwl5kztusj3oxv74lxw8pas,Jesús Gil Manzano,Real Sociedad de Fútbol,Real Madrid CF,Carlos Soler,0,0,0,1,0,0,0,0,34,0,0,1,0,0,0
57,13 Sep 2025,,ahwl5kztusj3oxv74lxw8pas,Jesús Gil Manzano,Real Sociedad de Fútbol,Real Madrid CF,J. Aramburu,0,1,0,4,0,0,0,0,30,0,0,1,0,0,0
57,13 Sep 2025,,ahwl5kztusj3oxv74lxw8pas,Jesús Gil Manzano,Real Sociedad de Fútbol,Real Madrid CF,A. Zakharyan,0,1,0,1,1,0,0,0,15,0,0,1,0,0,0
57,13 Sep 2025,,ahwl5kztusj3oxv74lxw8pas,Jesús Gil Manzano,Real Sociedad de Fútbol,Real Madrid CF,T. Kubo,0,0,2,4,1,0,0,0,13,0,0,1,0,0,0
57,13 Sep 2025,,ahwl5kztusj3oxv74lxw8pas,Jesús Gil Manzano,Real Sociedad de Fútbol,Real Madrid CF,Jon Karrikaburu,0,2,1,0,0,0,0,0,2,0,0,2,0,0,0
57,13 Sep 2025,,ahwl5kztusj3oxv74lxw8pas,Jesús Gil Manzano,Real Sociedad de Fútbol,Real Madrid CF,Éder Militão,0,0,1,0,0,2,0,0,23,0,0,3,2,1,0
57,13 Sep 2025,,ahwl5kztusj3oxv74lxw8pas,Jesús Gil Manzano,Real Sociedad de Fútbol,Real Madrid CF,Dani Carvajal,0,0,0,0,1,0,0,0,31,0,0,1,0,1,0
57,13 Sep 2025,,ahwl5kztusj3oxv74lxw8pas,Jesús Gil Manzano,Real Sociedad de Fútbol,Real Madrid CF,Dean Huijsen,0,0,0,0,1,0,0,0,26,1,0,1,0,0,0
57,13 Sep 2025,,ahwl5kztusj3oxv74lxw8pas,Jesús Gil Manzano,Real Sociedad de Fútbol,Real Madrid CF,T. Courtois,0,0,0,0,0,0,0,0,41,0,3,0,0,0,0
57,13 Sep 2025,,ahwl5kztusj3oxv74lxw8pas,Jesús Gil Manzano,Real Sociedad de Fútbol,Real Madrid CF,Dani Ceballos,0,0,0,0,0,2,0,0,26,0,0,0,0,1,0
57,13 Sep 2025,,ahwl5kztusj3oxv74lxw8pas,Jesús Gil Manzano,Real Sociedad de Fútbol,Real Madrid CF,Álvaro Carreras,0,0,0,0,0,2,0,0,35,0,0,0,0,1,0
57,13 Sep 2025,,ahwl5kztusj3oxv74lxw8pas,Jesús Gil Manzano,Real Sociedad de Fútbol,Real Madrid CF,A. Güler,0,1,1,6,0,2,1,0,30,0,0,2,1,2,0
57,13 Sep 2025,,ahwl5kztusj3oxv74lxw8pas,Jesús Gil Manzano,Real Sociedad de Fútbol,Real Madrid CF,A. Tchouaméni,0,0,0,1,2,0,0,0,34,0,0,0,0,1,0
57,13 Sep 2025,,ahwl5kztusj3oxv74lxw8pas,Jesús Gil Manzano,Real Sociedad de Fútbol,Real Madrid CF,Brahim Díaz,0,1,1,0,2,1,0,0,9,0,0,1,0,1,0
57,13 Sep 2025,,ahwl5kztusj3oxv74lxw8pas,Jesús Gil Manzano,Real Sociedad de Fútbol,Real Madrid CF,K. Mbappé,1,1,0,1,0,2,1,1,18,0,0,6,2,0,1
57,13 Sep 2025,,ahwl5kztusj3oxv74lxw8pas,Jesús Gil Manzano,Real Sociedad de Fútbol,Real Madrid CF,Vinícius Júnior,0,0,1,0,1,4,0,1,18,0,0,1,0,0,0
57,13 Sep 2025,,ahwl5kztusj3oxv74lxw8pas,Jesús Gil Manzano,Real Sociedad de Fútbol,Real Madrid CF,F. Valverde,0,0,0,0,0,1,0,0,12,0,0,0,0,0,0
57,13 Sep 2025,,ahwl5kztusj3oxv74lxw8pas,Jesús Gil Manzano,Real Sociedad de Fútbol,Real Madrid CF,Fran García,0,0,0,0,0,1,0,0,5,0,0,0,0,0,0
57,13 Sep 2025,,ahwl5kztusj3oxv74lxw8pas,Jesús Gil Manzano,Real Sociedad de Fútbol,Real Madrid CF,Raúl Asencio,0,0,0,0,0,0,0,0,3,0,0,1,1,0,0
57,13 Sep 2025,,ahwl5kztusj3oxv74lxw8pas,Jesús Gil Manzano,Real Sociedad de Fútbol,Real Madrid CF,T. Alexander-Arnold,0,0,0,0,0,0,0,0,2,0,0,0,0,1,0
57,13 Sep 2025,,ahwl5kztusj3oxv74lxw8pas,Jesús Gil Manzano,Real Sociedad de Fútbol,Real Madrid CF,D. Alaba,0,0,0,0,0,0,0,0,1,0,0,0,0,0,0
58,13 Sep 2025,,av0qyy8sbq3jo28muv6smb6c,José Luis Munuera Montero,Club Atlético de Madrid,Villarreal CF,A. Griezmann,0,0,1,8,0,1,0,0,48,0,0,0,0,2,0
58,13 Sep 2025,,av0qyy8sbq3jo28muv6smb6c,José Luis Munuera Montero,Club Atlético de Madrid,Villarreal CF,C. Lenglet,0,0,0,0,5,0,0,0,62,0,0,0,0,0,0
58,13 Sep 2025,,av0qyy8sbq3jo28muv6smb6c,José Luis Munuera Montero,Club Atlético de Madrid,Villarreal CF,N. González,0,0,2,2,2,0,1,0,20,0,0,1,1,3,0
58,13 Sep 2025,,av0qyy8sbq3jo28muv6smb6c,José Luis Munuera Montero,Club Atlético de Madrid,Villarreal CF,Marcos Llorente,1,0,0,1,1,1,0,0,96,0,0,0,0,2,0
58,13 Sep 2025,,av0qyy8sbq3jo28muv6smb6c,José Luis Munuera Montero,Club Atlético de Madrid,Villarreal CF,Robin Le Normand,0,0,0,0,0,1,0,0,65,0,0,0,0,0,0
58,13 Sep 2025,,av0qyy8sbq3jo28muv6smb6c,José Luis Munuera Montero,Club Atlético de Madrid,Villarreal CF,Pablo Barrios,0,1,0,0,0,2,1,0,70,0,0,2,1,0,0
58,13 Sep 2025,,av0qyy8sbq3jo28muv6smb6c,José Luis Munuera Montero,Club Atlético de Madrid,Villarreal CF,G. Simeone,0,0,1,3,0,5,0,1,51,0,0,2,0,0,0
58,13 Sep 2025,,av0qyy8sbq3jo28muv6smb6c,José Luis Munuera Montero,Club Atlético de Madrid,Villarreal CF,M. Ruggeri,0,0,0,1,1,0,0,0,46,0,0,0,0,1,1
58,13 Sep 2025,,av0qyy8sbq3jo28muv6smb6c,José Luis Munuera Montero,Club Atlético de Madrid,Villarreal CF,Koke,0,1,0,0,0,3,0,0,80,0,0,1,0,1,0
58,13 Sep 2025,,av0qyy8sbq3jo28muv6smb6c,José Luis Munuera Montero,Club Atlético de Madrid,Villarreal CF,J. Alvarez,1,0,3,2,2,0,0,0,27,0,0,1,0,0,1
58,13 Sep 2025,,av0qyy8sbq3jo28muv6smb6c,José Luis Munuera Montero,Club Atlético de Madrid,Villarreal CF,J. Oblak,0,0,0,0,0,1,0,0,36,0,1,0,0,0,0
58,13 Sep 2025,,av0qyy8sbq3jo28muv6smb6c,José Luis Munuera Montero,Club Atlético de Madrid,Villarreal CF,A. Sørloth,0,0,1,0,0,0,0,0,13,0,0,0,0,0,0
58,13 Sep 2025,,av0qyy8sbq3jo28muv6smb6c,José Luis Munuera Montero,Club Atlético de Madrid,Villarreal CF,D. Hancko,0,0,0,0,0,0,0,0,0,0,0,0,0,1,0
58,13 Sep 2025,,av0qyy8sbq3jo28muv6smb6c,José Luis Munuera Montero,Club Atlético de Madrid,Villarreal CF,Marc Pubill,0,0,0,0,0,0,0,0,5,0,0,1,1,1,0
58,13 Sep 2025,,av0qyy8sbq3jo28muv6smb6c,José Luis Munuera Montero,Club Atlético de Madrid,Villarreal CF,C. Gallagher,0,0,0,0,0,1,0,0,3,0,0,0,0,0,0
58,13 Sep 2025,,av0qyy8sbq3jo28muv6smb6c,José Luis Munuera Montero,Club Atlético de Madrid,Villarreal CF,Javi Galán,0,0,0,0,1,0,0,0,1,0,0,0,0,0,0
58,13 Sep 2025,,av0qyy8sbq3jo28muv6smb6c,José Luis Munuera Montero,Club Atlético de Madrid,Villarreal CF,T. Partey,0,0,0,0,3,0,0,0,31,0,0,0,0,1,0
58,13 Sep 2025,,av0qyy8sbq3jo28muv6smb6c,José Luis Munuera Montero,Club Atlético de Madrid,Villarreal CF,G. Mikautadze,0,0,0,0,2,3,0,0,15,0,0,0,0,0,0
58,13 Sep 2025,,av0qyy8sbq3jo28muv6smb6c,José Luis Munuera Montero,Club Atlético de Madrid,Villarreal CF,Sergi Cardona,0,0,0,5,2,0,0,0,22,0,0,1,1,0,0
58,13 Sep 2025,,av0qyy8sbq3jo28muv6smb6c,José Luis Munuera Montero,Club Atlético de Madrid,Villarreal CF,Luíz Júnior,0,0,0,0,0,0,0,0,16,0,1,0,0,0,0
58,13 Sep 2025,,av0qyy8sbq3jo28muv6smb6c,José Luis Munuera Montero,Club Atlético de Madrid,Villarreal CF,Renato Veiga,0,1,0,0,1,1,0,0,51,0,0,1,0,0,1
58,13 Sep 2025,,av0qyy8sbq3jo28muv6smb6c,José Luis Munuera Montero,Club Atlético de Madrid,Villarreal CF,J. Foyth,0,0,0,0,0,0,0,0,51,0,0,0,0,2,0
58,13 Sep 2025,,av0qyy8sbq3jo28muv6smb6c,José Luis Munuera Montero,Club Atlético de Madrid,Villarreal CF,S. Mouriño,0,1,1,1,1,1,0,0,62,0,0,1,0,4,1
58,13 Sep 2025,,av0qyy8sbq3jo28muv6smb6c,José Luis Munuera Montero,Club Atlético de Madrid,Villarreal CF,T. Buchanan,0,0,2,3,0,4,0,0,23,0,0,0,0,3,0
58,13 Sep 2025,,av0qyy8sbq3jo28muv6smb6c,José Luis Munuera Montero,Club Atlético de Madrid,Villarreal CF,Alberto Moleiro,0,1,0,0,0,0,0,0,22,0,0,3,0,1,0
58,13 Sep 2025,,av0qyy8sbq3jo28muv6smb6c,José Luis Munuera Montero,Club Atlético de Madrid,Villarreal CF,N. Pépé,0,0,0,3,0,2,0,0,20,0,0,1,0,0,0
58,13 Sep 2025,,av0qyy8sbq3jo28muv6smb6c,José Luis Munuera Montero,Club Atlético de Madrid,Villarreal CF,Dani Parejo,0,0,0,3,2,1,0,0,54,0,0,0,0,0,1
58,13 Sep 2025,,av0qyy8sbq3jo28muv6smb6c,José Luis Munuera Montero,Club Atlético de Madrid,Villarreal CF,P. Gueye,0,0,0,1,1,0,0,0,9,0,0,1,0,0,0
58,13 Sep 2025,,av0qyy8sbq3jo28muv6smb6c,José Luis Munuera Montero,Club Atlético de Madrid,Villarreal CF,Ayoze Pérez,0,0,0,0,0,0,0,0,4,0,0,0,0,0,0
58,13 Sep 2025,,av0qyy8sbq3jo28muv6smb6c,José Luis Munuera Montero,Club Atlético de Madrid,Villarreal CF,Santi Comesaña,0,0,0,1,0,0,0,0,10,0,0,0,0,0,0
58,13 Sep 2025,,av0qyy8sbq3jo28muv6smb6c,José Luis Munuera Montero,Club Atlético de Madrid,Villarreal CF,Alfonso Pedraza,0,0,0,1,2,0,0,0,4,0,0,0,0,1,1
58,13 Sep 2025,,av0qyy8sbq3jo28muv6smb6c,José Luis Munuera Montero,Club Atlético de Madrid,Villarreal CF,T. Oluwaseyi,0,0,0,0,1,0,0,0,1,0,0,0,0,0,0
59,14 Sep 2025,,b88u5e429cnb6ng0i5t4f9jo,Guillermo Cuadra Fernández,FC Barcelona,Valencia CF,Ferran Torres,1,1,2,0,0,2,0,2,11,0,0,5,1,0,0
59,14 Sep 2025,,b88u5e429cnb6ng0i5t4f9jo,Guillermo Cuadra Fernández,FC Barcelona,Valencia CF,Eric García,0,0,0,0,2,0,0,0,82,0,0,1,0,2,0
59,14 Sep 2025,,b88u5e429cnb6ng0i5t4f9jo,Guillermo Cuadra Fernández,FC Barcelona,Valencia CF,Marc Casadó,1,1,1,0,1,1,0,0,87,0,0,1,0,0,0
59,14 Sep 2025,,b88u5e429cnb6ng0i5t4f9jo,Guillermo Cuadra Fernández,FC Barcelona,Valencia CF,J. Koundé,0,0,0,0,1,1,0,0,75,0,0,0,0,1,0
59,14 Sep 2025,,b88u5e429cnb6ng0i5t4f9jo,Guillermo Cuadra Fernández,FC Barcelona,Valencia CF,Pau Cubarsí,0,0,0,0,0,0,0,0,92,0,0,0,0,4,0
59,14 Sep 2025,,b88u5e429cnb6ng0i5t4f9jo,Guillermo Cuadra Fernández,FC Barcelona,Valencia CF,Pedri,0,0,0,0,0,1,0,0,101,0,0,1,0,2,0
59,14 Sep 2025,,b88u5e429cnb6ng0i5t4f9jo,Guillermo Cuadra Fernández,FC Barcelona,Valencia CF,Fermín López,0,0,1,3,2,0,2,0,47,0,0,5,4,2,0
59,14 Sep 2025,,b88u5e429cnb6ng0i5t4f9jo,Guillermo Cuadra Fernández,FC Barcelona,Valencia CF,M. Rashford,1,0,1,4,0,1,0,2,26,0,0,2,0,0,0
59,14 Sep 2025,,b88u5e429cnb6ng0i5t4f9jo,Guillermo Cuadra Fernández,FC Barcelona,Valencia CF,Gerard Martín,0,0,0,0,0,2,0,0,56,0,0,0,0,3,0
59,14 Sep 2025,,b88u5e429cnb6ng0i5t4f9jo,Guillermo Cuadra Fernández,FC Barcelona,Valencia CF,Joan García,0,0,0,0,0,0,0,0,26,0,1,0,0,0,0
59,14 Sep 2025,,b88u5e429cnb6ng0i5t4f9jo,Guillermo Cuadra Fernández,FC Barcelona,Valencia CF,R. Bardghji,0,1,0,1,1,0,0,0,14,0,0,2,1,1,0
59,14 Sep 2025,,b88u5e429cnb6ng0i5t4f9jo,Guillermo Cuadra Fernández,FC Barcelona,Valencia CF,Raphinha,0,1,0,1,0,0,2,0,18,0,0,4,2,0,0
59,14 Sep 2025,,b88u5e429cnb6ng0i5t4f9jo,Guillermo Cuadra Fernández,FC Barcelona,Valencia CF,Dani Olmo,1,0,0,0,0,0,0,0,13,0,0,1,0,1,0
59,14 Sep 2025,,b88u5e429cnb6ng0i5t4f9jo,Guillermo Cuadra Fernández,FC Barcelona,Valencia CF,R. Lewandowski,0,0,0,0,1,0,2,0,7,0,0,2,2,0,0
59,14 Sep 2025,,b88u5e429cnb6ng0i5t4f9jo,Guillermo Cuadra Fernández,FC Barcelona,Valencia CF,Jofre Torrents,0,0,0,0,0,0,0,0,14,0,0,0,0,0,0
59,14 Sep 2025,,b88u5e429cnb6ng0i5t4f9jo,Guillermo Cuadra Fernández,FC Barcelona,Valencia CF,Marc Bernal,1,0,0,0,1,0,0,0,8,0,0,0,0,1,0
59,14 Sep 2025,,b88u5e429cnb6ng0i5t4f9jo,Guillermo Cuadra Fernández,FC Barcelona,Valencia CF,D. Foulquier,0,0,1,1,3,1,0,0,29,0,0,0,0,1,0
59,14 Sep 2025,,b88u5e429cnb6ng0i5t4f9jo,Guillermo Cuadra Fernández,FC Barcelona,Valencia CF,Javi Guerra,0,0,1,1,0,0,0,0,16,0,0,0,0,0,0
59,14 Sep 2025,,b88u5e429cnb6ng0i5t4f9jo,Guillermo Cuadra Fernández,FC Barcelona,Valencia CF,Diego López,0,0,1,1,0,1,0,1,6,0,0,0,0,1,0
59,14 Sep 2025,,b88u5e429cnb6ng0i5t4f9jo,Guillermo Cuadra Fernández,FC Barcelona,Valencia CF,M. Diakhaby,0,0,0,0,2,0,0,0,11,0,0,0,0,2,1
59,14 Sep 2025,,b88u5e429cnb6ng0i5t4f9jo,Guillermo Cuadra Fernández,FC Barcelona,Valencia CF,Copete,0,0,0,0,0,0,0,0,22,0,0,0,0,4,0
59,14 Sep 2025,,b88u5e429cnb6ng0i5t4f9jo,Guillermo Cuadra Fernández,FC Barcelona,Valencia CF,José Gayà,0,0,0,0,0,1,0,0,23,0,0,0,0,1,0
59,14 Sep 2025,,b88u5e429cnb6ng0i5t4f9jo,Guillermo Cuadra Fernández,FC Barcelona,Valencia CF,A. Danjuma,0,0,0,3,0,1,0,1,8,0,0,0,0,3,0
59,14 Sep 2025,,b88u5e429cnb6ng0i5t4f9jo,Guillermo Cuadra Fernández,FC Barcelona,Valencia CF,B. Santamaría,0,0,0,0,1,0,0,1,20,0,0,0,0,0,0
59,14 Sep 2025,,b88u5e429cnb6ng0i5t4f9jo,Guillermo Cuadra Fernández,FC Barcelona,Valencia CF,César Tárrega,0,0,0,0,1,0,0,0,29,0,0,0,0,3,0
59,14 Sep 2025,,b88u5e429cnb6ng0i5t4f9jo,Guillermo Cuadra Fernández,FC Barcelona,Valencia CF,Julen Agirrezabala,0,0,0,0,0,0,0,0,33,0,5,0,0,0,0
59,14 Sep 2025,,b88u5e429cnb6ng0i5t4f9jo,Guillermo Cuadra Fernández,FC Barcelona,Valencia CF,Hugo Duro,0,0,0,0,0,1,0,0,21,0,0,0,0,1,0
59,14 Sep 2025,,b88u5e429cnb6ng0i5t4f9jo,Guillermo Cuadra Fernández,FC Barcelona,Valencia CF,L. Ramazani,0,0,0,1,0,0,0,1,3,0,0,1,0,1,0
59,14 Sep 2025,,b88u5e429cnb6ng0i5t4f9jo,Guillermo Cuadra Fernández,FC Barcelona,Valencia CF,Luis Rioja,0,0,1,4,0,1,0,0,2,0,0,1,1,0,0
59,14 Sep 2025,,b88u5e429cnb6ng0i5t4f9jo,Guillermo Cuadra Fernández,FC Barcelona,Valencia CF,F. Ugrinic,0,0,0,1,1,0,0,0,14,0,0,0,0,2,0
59,14 Sep 2025,,b88u5e429cnb6ng0i5t4f9jo,Guillermo Cuadra Fernández,FC Barcelona,Valencia CF,Thierry Correia,0,0,0,1,0,1,0,0,8,0,0,0,0,0,0
59,14 Sep 2025,,b88u5e429cnb6ng0i5t4f9jo,Guillermo Cuadra Fernández,FC Barcelona,Valencia CF,L. Beltrán,0,0,0,0,0,2,0,0,3,0,0,0,0,0,0
60,14 Sep 2025,,bn4f12euztq92l1rq86faj2s,Adrián Cordero Vega,Real Club Celta de Vigo,Girona FC,Sergio Carreira,0,0,2,5,0,1,0,0,52,0,0,0,0,0,0
60,14 Sep 2025,,bn4f12euztq92l1rq86faj2s,Adrián Cordero Vega,Real Club Celta de Vigo,Girona FC,Carlos Domínguez,0,0,0,0,0,0,0,0,70,0,0,0,0,0,0
60,14 Sep 2025,,bn4f12euztq92l1rq86faj2s,Adrián Cordero Vega,Real Club Celta de Vigo,Girona FC,I. Moriba,0,2,0,0,1,1,0,0,64,0,0,3,0,3,0
60,14 Sep 2025,,bn4f12euztq92l1rq86faj2s,Adrián Cordero Vega,Real Club Celta de Vigo,Girona FC,Manu Fernández,0,0,0,0,0,1,0,0,70,0,0,0,0,1,0
60,14 Sep 2025,,bn4f12euztq92l1rq86faj2s,Adrián Cordero Vega,Real Club Celta de Vigo,Girona FC,Javi Rodríguez,0,0,0,0,1,1,0,0,63,0,0,0,0,4,0
60,14 Sep 2025,,bn4f12euztq92l1rq86faj2s,Adrián Cordero Vega,Real Club Celta de Vigo,Girona FC,Ferran Jutglà,0,0,2,2,2,0,0,0,14,0,0,6,3,0,0
60,14 Sep 2025,,bn4f12euztq92l1rq86faj2s,Adrián Cordero Vega,Real Club Celta de Vigo,Girona FC,Hugo Sotelo,0,0,1,7,2,1,0,0,85,0,0,1,1,0,0
60,14 Sep 2025,,bn4f12euztq92l1rq86faj2s,Adrián Cordero Vega,Real Club Celta de Vigo,Girona FC,Óscar Mingueza,0,1,2,3,0,0,0,0,56,0,0,4,1,1,0
60,14 Sep 2025,,bn4f12euztq92l1rq86faj2s,Adrián Cordero Vega,Real Club Celta de Vigo,Girona FC,Pablo Durán,0,0,0,1,1,0,0,0,21,0,0,1,0,1,0
60,14 Sep 2025,,bn4f12euztq92l1rq86faj2s,Adrián Cordero Vega,Real Club Celta de Vigo,Girona FC,Iago Aspas,0,1,0,5,0,1,0,0,65,0,0,2,0,3,0
60,14 Sep 2025,,bn4f12euztq92l1rq86faj2s,Adrián Cordero Vega,Real Club Celta de Vigo,Girona FC,I. Radu,0,0,0,0,0,0,0,0,15,0,7,0,0,0,0
60,14 Sep 2025,,bn4f12euztq92l1rq86faj2s,Adrián Cordero Vega,Real Club Celta de Vigo,Girona FC,Bryan Zaragoza,0,0,0,1,0,1,0,0,10,0,0,0,0,0,0
60,14 Sep 2025,,bn4f12euztq92l1rq86faj2s,Adrián Cordero Vega,Real Club Celta de Vigo,Girona FC,Borja Iglesias,0,1,0,0,0,1,1,0,12,0,0,2,1,0,0
60,14 Sep 2025,,bn4f12euztq92l1rq86faj2s,Adrián Cordero Vega,Real Club Celta de Vigo,Girona FC,C. Starfelt,0,0,0,0,0,0,0,0,11,0,0,2,1,0,0
60,14 Sep 2025,,bn4f12euztq92l1rq86faj2s,Adrián Cordero Vega,Real Club Celta de Vigo,Girona FC,Hugo Álvarez,0,0,3,2,0,0,0,0,16,0,0,0,0,2,0
60,14 Sep 2025,,bn4f12euztq92l1rq86faj2s,Adrián Cordero Vega,Real Club Celta de Vigo,Girona FC,Javi Rueda,0,0,0,1,0,1,0,0,6,0,0,0,0,0,0
60,14 Sep 2025,,bn4f12euztq92l1rq86faj2s,Adrián Cordero Vega,Real Club Celta de Vigo,Girona FC,V. Vanat,0,0,0,0,1,1,1,1,13,0,0,2,2,1,0
60,14 Sep 2025,,bn4f12euztq92l1rq86faj2s,Adrián Cordero Vega,Real Club Celta de Vigo,Girona FC,A. Witsel,0,0,0,0,1,1,0,0,32,0,0,0,0,2,0
60,14 Sep 2025,,bn4f12euztq92l1rq86faj2s,Adrián Cordero Vega,Real Club Celta de Vigo,Girona FC,Arnau Martínez,0,0,0,0,0,1,0,0,36,0,0,0,0,1,0
60,14 Sep 2025,,bn4f12euztq92l1rq86faj2s,Adrián Cordero Vega,Real Club Celta de Vigo,Girona FC,Iván Martín,1,0,0,0,0,0,0,0,34,0,0,1,1,1,0
60,14 Sep 2025,,bn4f12euztq92l1rq86faj2s,Adrián Cordero Vega,Real Club Celta de Vigo,Girona FC,Vitor Reis,0,0,0,0,0,0,0,0,45,0,0,0,0,0,0
60,14 Sep 2025,,bn4f12euztq92l1rq86faj2s,Adrián Cordero Vega,Real Club Celta de Vigo,Girona FC,D. Blind,0,0,0,0,1,1,0,0,72,0,0,0,0,4,0
60,14 Sep 2025,,bn4f12euztq92l1rq86faj2s,Adrián Cordero Vega,Real Club Celta de Vigo,Girona FC,Álex Moreno,0,0,1,0,1,0,0,0,39,0,0,0,0,3,0
60,14 Sep 2025,,bn4f12euztq92l1rq86faj2s,Adrián Cordero Vega,Real Club Celta de Vigo,Girona FC,P. Gazzaniga,0,0,0,0,0,0,0,0,37,0,6,0,0,0,0
60,14 Sep 2025,,bn4f12euztq92l1rq86faj2s,Adrián Cordero Vega,Real Club Celta de Vigo,Girona FC,Joel Roca,0,0,1,0,2,0,0,1,17,0,0,2,1,0,0
60,14 Sep 2025,,bn4f12euztq92l1rq86faj2s,Adrián Cordero Vega,Real Club Celta de Vigo,Girona FC,A. Ounahi,0,1,0,0,1,2,0,0,47,0,0,1,0,2,1
60,14 Sep 2025,,bn4f12euztq92l1rq86faj2s,Adrián Cordero Vega,Real Club Celta de Vigo,Girona FC,Y. Asprilla,0,0,0,3,0,0,0,0,23,0,0,2,1,0,0
60,14 Sep 2025,,bn4f12euztq92l1rq86faj2s,Adrián Cordero Vega,Real Club Celta de Vigo,Girona FC,Portu,0,0,0,0,1,0,0,0,8,0,0,2,2,0,0
60,14 Sep 2025,,bn4f12euztq92l1rq86faj2s,Adrián Cordero Vega,Real Club Celta de Vigo,Girona FC,Alejandro Francés,0,0,0,0,1,0,0,0,15,0,0,0,0,1,1
60,14 Sep 2025,,bn4f12euztq92l1rq86faj2s,Adrián Cordero Vega,Real Club Celta de Vigo,Girona FC,Bryan Gil,0,2,1,1,0,1,0,0,12,0,0,2,0,1,1
60,14 Sep 2025,,bn4f12euztq92l1rq86faj2s,Adrián Cordero Vega,Real Club Celta de Vigo,Girona FC,J. Solís,0,0,0,0,0,0,0,0,4,0,0,0,0,0,0
60,14 Sep 2025,,bn4f12euztq92l1rq86faj2s,Adrián Cordero Vega,Real Club Celta de Vigo,Girona FC,D. van de Beek,0,0,0,0,0,0,0,1,5,0,0,1,1,0,0
61,15 Sep 2025,,c0ed2ycw3cur2spz99c0r2ms,Alejandro José Hernández Hernández,Reial Club Deportiu Espanyol de Barcelona,Real Club Deportivo Mallorca,O. El Hilali,0,0,0,0,1,1,0,0,40,0,0,1,0,1,0
61,15 Sep 2025,,c0ed2ycw3cur2spz99c0r2ms,Alejandro José Hernández Hernández,Reial Club Deportiu Espanyol de Barcelona,Real Club Deportivo Mallorca,Roberto Fernández,0,1,1,0,2,4,1,0,12,0,0,2,1,0,0
61,15 Sep 2025,,c0ed2ycw3cur2spz99c0r2ms,Alejandro José Hernández Hernández,Reial Club Deportiu Espanyol de Barcelona,Real Club Deportivo Mallorca,Pere Milla,0,0,0,0,1,1,1,0,12,1,0,3,1,0,0
61,15 Sep 2025,,c0ed2ycw3cur2spz99c0r2ms,Alejandro José Hernández Hernández,Reial Club Deportiu Espanyol de Barcelona,Real Club Deportivo Mallorca,Urko González de Zárate,0,0,0,0,1,2,0,0,27,0,0,0,0,1,0
61,15 Sep 2025,,c0ed2ycw3cur2spz99c0r2ms,Alejandro José Hernández Hernández,Reial Club Deportiu Espanyol de Barcelona,Real Club Deportivo Mallorca,Fernando Calero,0,0,0,0,0,0,0,0,45,0,0,0,0,3,0
61,15 Sep 2025,,c0ed2ycw3cur2spz99c0r2ms,Alejandro José Hernández Hernández,Reial Club Deportiu Espanyol de Barcelona,Real Club Deportivo Mallorca,T. Dolan,1,0,1,6,0,4,0,0,25,0,0,0,0,3,0
61,15 Sep 2025,,c0ed2ycw3cur2spz99c0r2ms,Alejandro José Hernández Hernández,Reial Club Deportiu Espanyol de Barcelona,Real Club Deportivo Mallorca,L. Cabrera,0,0,0,0,0,0,0,0,25,0,0,1,0,1,0
61,15 Sep 2025,,c0ed2ycw3cur2spz99c0r2ms,Alejandro José Hernández Hernández,Reial Club Deportiu Espanyol de Barcelona,Real Club Deportivo Mallorca,Carlos Romero,1,0,1,3,0,1,0,0,30,0,0,0,0,2,0
61,15 Sep 2025,,c0ed2ycw3cur2spz99c0r2ms,Alejandro José Hernández Hernández,Reial Club Deportiu Espanyol de Barcelona,Real Club Deportivo Mallorca,Pol Lozano,0,0,0,0,2,1,0,0,16,0,0,0,0,0,1
61,15 Sep 2025,,c0ed2ycw3cur2spz99c0r2ms,Alejandro José Hernández Hernández,Reial Club Deportiu Espanyol de Barcelona,Real Club Deportivo Mallorca,M. Dmitrović,0,0,0,0,0,0,0,0,34,0,8,0,0,0,0
61,15 Sep 2025,,c0ed2ycw3cur2spz99c0r2ms,Alejandro José Hernández Hernández,Reial Club Deportiu Espanyol de Barcelona,Real Club Deportivo Mallorca,Javi Puado,0,0,0,1,1,0,0,0,20,0,0,0,0,0,0
61,15 Sep 2025,,c0ed2ycw3cur2spz99c0r2ms,Alejandro José Hernández Hernández,Reial Club Deportiu Espanyol de Barcelona,Real Club Deportivo Mallorca,C. Pickel,0,0,0,0,0,0,0,0,8,0,0,1,0,0,0
61,15 Sep 2025,,c0ed2ycw3cur2spz99c0r2ms,Alejandro José Hernández Hernández,Reial Club Deportiu Espanyol de Barcelona,Real Club Deportivo Mallorca,Kike García,0,0,0,0,1,1,1,0,7,0,0,1,1,0,1
61,15 Sep 2025,,c0ed2ycw3cur2spz99c0r2ms,Alejandro José Hernández Hernández,Reial Club Deportiu Espanyol de Barcelona,Real Club Deportivo Mallorca,Rubén Sánchez,0,0,0,1,0,0,0,0,1,0,0,0,0,0,0
61,15 Sep 2025,,c0ed2ycw3cur2spz99c0r2ms,Alejandro José Hernández Hernández,Reial Club Deportiu Espanyol de Barcelona,Real Club Deportivo Mallorca,Ramon Terrats,0,0,0,0,0,0,0,0,1,0,0,0,0,0,0
61,15 Sep 2025,,c0ed2ycw3cur2spz99c0r2ms,Alejandro José Hernández Hernández,Reial Club Deportiu Espanyol de Barcelona,Real Club Deportivo Mallorca,Miguel Rubio,0,0,0,0,0,1,0,0,0,0,0,0,0,0,0
61,15 Sep 2025,,c0ed2ycw3cur2spz99c0r2ms,Alejandro José Hernández Hernández,Reial Club Deportiu Espanyol de Barcelona,Real Club Deportivo Mallorca,Sergi Darder,1,0,1,6,1,0,0,0,49,0,0,3,1,0,0
61,15 Sep 2025,,c0ed2ycw3cur2spz99c0r2ms,Alejandro José Hernández Hernández,Reial Club Deportiu Espanyol de Barcelona,Real Club Deportivo Mallorca,Antonio Raíllo,0,0,1,1,5,0,0,0,60,0,0,0,0,3,0
61,15 Sep 2025,,c0ed2ycw3cur2spz99c0r2ms,Alejandro José Hernández Hernández,Reial Club Deportiu Espanyol de Barcelona,Real Club Deportivo Mallorca,V. Muriqi,0,4,2,0,1,0,2,1,26,0,0,13,7,0,0
61,15 Sep 2025,,c0ed2ycw3cur2spz99c0r2ms,Alejandro José Hernández Hernández,Reial Club Deportiu Espanyol de Barcelona,Real Club Deportivo Mallorca,Manu Morlanes,0,0,0,0,1,0,0,0,39,0,0,0,0,3,0
61,15 Sep 2025,,c0ed2ycw3cur2spz99c0r2ms,Alejandro José Hernández Hernández,Reial Club Deportiu Espanyol de Barcelona,Real Club Deportivo Mallorca,M. Valjent,0,2,0,1,0,0,0,0,60,0,0,2,0,1,0
61,15 Sep 2025,,c0ed2ycw3cur2spz99c0r2ms,Alejandro José Hernández Hernández,Reial Club Deportiu Espanyol de Barcelona,Real Club Deportivo Mallorca,Mateu Morey,0,1,0,2,1,0,0,0,16,0,0,2,0,3,1
61,15 Sep 2025,,c0ed2ycw3cur2spz99c0r2ms,Alejandro José Hernández Hernández,Reial Club Deportiu Espanyol de Barcelona,Real Club Deportivo Mallorca,J. Mojica,0,0,3,6,1,1,0,0,62,0,0,2,1,1,0
61,15 Sep 2025,,c0ed2ycw3cur2spz99c0r2ms,Alejandro José Hernández Hernández,Reial Club Deportiu Espanyol de Barcelona,Real Club Deportivo Mallorca,M. Kumbulla,0,0,0,0,0,1,0,0,40,0,0,0,0,1,0
61,15 Sep 2025,,c0ed2ycw3cur2spz99c0r2ms,Alejandro José Hernández Hernández,Reial Club Deportiu Espanyol de Barcelona,Real Club Deportivo Mallorca,Leo Román,0,0,0,0,0,0,0,0,25,0,0,0,0,0,0
61,15 Sep 2025,,c0ed2ycw3cur2spz99c0r2ms,Alejandro José Hernández Hernández,Reial Club Deportiu Espanyol de Barcelona,Real Club Deportivo Mallorca,Pablo Torre,0,0,0,6,1,4,0,0,43,0,0,0,0,0,0
61,15 Sep 2025,,c0ed2ycw3cur2spz99c0r2ms,Alejandro José Hernández Hernández,Reial Club Deportiu Espanyol de Barcelona,Real Club Deportivo Mallorca,Mateo Joseph,0,0,1,0,0,1,0,1,10,0,0,1,1,2,0
61,15 Sep 2025,,c0ed2ycw3cur2spz99c0r2ms,Alejandro José Hernández Hernández,Reial Club Deportiu Espanyol de Barcelona,Real Club Deportivo Mallorca,Jan Virgili,0,0,0,2,2,0,0,0,11,0,0,0,0,1,0
61,15 Sep 2025,,c0ed2ycw3cur2spz99c0r2ms,Alejandro José Hernández Hernández,Reial Club Deportiu Espanyol de Barcelona,Real Club Deportivo Mallorca,Pablo Maffeo,0,0,0,4,0,0,0,0,27,0,0,0,0,3,0
61,15 Sep 2025,,c0ed2ycw3cur2spz99c0r2ms,Alejandro José Hernández Hernández,Reial Club Deportiu Espanyol de Barcelona,Real Club Deportivo Mallorca,Samú Costa,0,0,0,0,2,0,0,0,20,0,0,0,0,0,0
61,15 Sep 2025,,c0ed2ycw3cur2spz99c0r2ms,Alejandro José Hernández Hernández,Reial Club Deportiu Espanyol de Barcelona,Real Club Deportivo Mallorca,Abdón Prats,0,1,0,1,1,0,0,0,3,0,0,1,0,0,0
61,15 Sep 2025,,c0ed2ycw3cur2spz99c0r2ms,Alejandro José Hernández Hernández,Reial Club Deportiu Espanyol de Barcelona,Real Club Deportivo Mallorca,Marc Domenech,0,0,1,3,0,0,0,0,2,0,0,0,0,2,0
62,13 Sep 2025,,cdmj53c561vyvy44s5q32p04,José Luis Guzmán Mansilla,Getafe CF,Real Oviedo,M. Arambarri,0,1,1,0,1,1,0,0,38,0,0,2,1,5,0
62,13 Sep 2025,,cdmj53c561vyvy44s5q32p04,José Luis Guzmán Mansilla,Getafe CF,Real Oviedo,Domingos Duarte,0,0,0,0,0,3,0,0,33,0,0,0,0,0,0
62,13 Sep 2025,,cdmj53c561vyvy44s5q32p04,José Luis Guzmán Mansilla,Getafe CF,Real Oviedo,A. Abqar,0,0,0,0,1,2,0,0,28,0,0,1,0,2,0
62,13 Sep 2025,,cdmj53c561vyvy44s5q32p04,José Luis Guzmán Mansilla,Getafe CF,Real Oviedo,David Soria,0,0,0,0,0,0,0,0,25,0,1,0,0,0,0
62,13 Sep 2025,,cdmj53c561vyvy44s5q32p04,José Luis Guzmán Mansilla,Getafe CF,Real Oviedo,Adrián Liso,0,0,0,2,2,4,0,1,14,0,0,2,0,0,0
62,13 Sep 2025,,cdmj53c561vyvy44s5q32p04,José Luis Guzmán Mansilla,Getafe CF,Real Oviedo,Kiko Femenía,0,0,0,4,0,3,0,0,26,0,0,0,0,0,0
62,13 Sep 2025,,cdmj53c561vyvy44s5q32p04,José Luis Guzmán Mansilla,Getafe CF,Real Oviedo,Mario Martín,0,1,0,1,4,1,1,0,25,0,0,3,1,0,0
62,13 Sep 2025,,cdmj53c561vyvy44s5q32p04,José Luis Guzmán Mansilla,Getafe CF,Real Oviedo,Luis Milla,2,0,0,7,2,0,0,0,45,0,0,0,0,2,0
62,13 Sep 2025,,cdmj53c561vyvy44s5q32p04,José Luis Guzmán Mansilla,Getafe CF,Real Oviedo,Borja Mayoral,0,1,0,0,0,1,1,0,17,0,0,2,1,1,0
62,13 Sep 2025,,cdmj53c561vyvy44s5q32p04,José Luis Guzmán Mansilla,Getafe CF,Real Oviedo,D. Dakonam,0,0,0,0,0,0,0,0,19,0,0,0,0,0,0
62,13 Sep 2025,,cdmj53c561vyvy44s5q32p04,José Luis Guzmán Mansilla,Getafe CF,Real Oviedo,Diego Rico,0,0,1,3,0,1,0,0,31,0,0,0,0,2,0
62,13 Sep 2025,,cdmj53c561vyvy44s5q32p04,José Luis Guzmán Mansilla,Getafe CF,Real Oviedo,Davinchi,0,0,0,3,0,1,0,0,13,0,0,0,0,2,0
62,13 Sep 2025,,cdmj53c561vyvy44s5q32p04,José Luis Guzmán Mansilla,Getafe CF,Real Oviedo,Juan Iglesias,0,0,0,0,0,0,0,0,14,0,0,0,0,0,0
62,13 Sep 2025,,cdmj53c561vyvy44s5q32p04,José Luis Guzmán Mansilla,Getafe CF,Real Oviedo,A. Kamara,0,0,1,0,0,0,0,0,3,0,0,0,0,0,0
62,13 Sep 2025,,cdmj53c561vyvy44s5q32p04,José Luis Guzmán Mansilla,Getafe CF,Real Oviedo,I. Bekhoucha,0,0,1,2,1,1,0,0,4,0,0,0,0,2,1
62,13 Sep 2025,,cdmj53c561vyvy44s5q32p04,José Luis Guzmán Mansilla,Getafe CF,Real Oviedo,Y. Neyou,0,0,0,0,1,0,0,0,5,0,0,0,0,0,1
62,13 Sep 2025,,cdmj53c561vyvy44s5q32p04,José Luis Guzmán Mansilla,Getafe CF,Real Oviedo,Coba da Costa,0,0,0,0,0,0,0,0,2,0,0,0,0,0,0
62,13 Sep 2025,,cdmj53c561vyvy44s5q32p04,José Luis Guzmán Mansilla,Getafe CF,Real Oviedo,Álex Forés,0,1,0,0,1,0,0,1,15,0,0,1,0,0,0
62,13 Sep 2025,,cdmj53c561vyvy44s5q32p04,José Luis Guzmán Mansilla,Getafe CF,Real Oviedo,Alberto Reina,0,0,0,0,0,4,0,0,35,0,0,1,0,3,0
62,13 Sep 2025,,cdmj53c561vyvy44s5q32p04,José Luis Guzmán Mansilla,Getafe CF,Real Oviedo,H. Hassan,0,0,1,4,0,0,0,0,16,0,0,0,0,0,0
62,13 Sep 2025,,cdmj53c561vyvy44s5q32p04,José Luis Guzmán Mansilla,Getafe CF,Real Oviedo,Nacho Vidal,0,0,0,0,0,0,0,0,7,0,0,0,0,0,0
62,13 Sep 2025,,cdmj53c561vyvy44s5q32p04,José Luis Guzmán Mansilla,Getafe CF,Real Oviedo,David Costas,0,0,0,0,1,0,0,0,36,0,0,0,0,2,0
62,13 Sep 2025,,cdmj53c561vyvy44s5q32p04,José Luis Guzmán Mansilla,Getafe CF,Real Oviedo,Dani Calvo,0,0,0,0,4,0,0,0,51,0,0,0,0,1,1
62,13 Sep 2025,,cdmj53c561vyvy44s5q32p04,José Luis Guzmán Mansilla,Getafe CF,Real Oviedo,Javi López,0,0,0,2,4,1,0,0,20,0,0,0,0,0,0
62,13 Sep 2025,,cdmj53c561vyvy44s5q32p04,José Luis Guzmán Mansilla,Getafe CF,Real Oviedo,Aarón Escandell,0,0,0,0,0,0,0,0,24,0,1,0,0,0,0
62,13 Sep 2025,,cdmj53c561vyvy44s5q32p04,José Luis Guzmán Mansilla,Getafe CF,Real Oviedo,L. Dendoncker,0,0,0,0,0,0,0,0,39,0,0,0,0,2,1
62,13 Sep 2025,,cdmj53c561vyvy44s5q32p04,José Luis Guzmán Mansilla,Getafe CF,Real Oviedo,J. Brekalo,0,0,0,2,0,0,0,0,21,0,0,1,0,1,0
62,13 Sep 2025,,cdmj53c561vyvy44s5q32p04,José Luis Guzmán Mansilla,Getafe CF,Real Oviedo,L. Ilić,0,0,1,1,2,0,0,0,22,0,0,1,1,2,1
62,13 Sep 2025,,cdmj53c561vyvy44s5q32p04,José Luis Guzmán Mansilla,Getafe CF,Real Oviedo,Lucas Ahijado,0,1,0,0,2,1,0,0,36,0,0,1,0,6,1
62,13 Sep 2025,,cdmj53c561vyvy44s5q32p04,José Luis Guzmán Mansilla,Getafe CF,Real Oviedo,S. Colombatto,0,0,0,0,0,4,0,0,19,0,0,0,0,1,0
62,13 Sep 2025,,cdmj53c561vyvy44s5q32p04,José Luis Guzmán Mansilla,Getafe CF,Real Oviedo,F. Viñas,0,0,0,0,3,0,0,0,0,1,0,0,0,0,1
62,13 Sep 2025,,cdmj53c561vyvy44s5q32p04,José Luis Guzmán Mansilla,Getafe CF,Real Oviedo,Santi Cazorla,0,0,1,2,0,1,0,0,16,0,0,0,0,0,0
62,13 Sep 2025,,cdmj53c561vyvy44s5q32p04,José Luis Guzmán Mansilla,Getafe CF,Real Oviedo,R. Alhassane,0,0,0,3,1,1,0,0,10,0,0,0,0,2,0
62,13 Sep 2025,,cdmj53c561vyvy44s5q32p04,José Luis Guzmán Mansilla,Getafe CF,Real Oviedo,David Carmo,0,0,0,0,0,0,0,0,6,0,0,0,0,0,0
63,14 Sep 2025,,cqquj1075tqrewhxjjliqrys,César Soto Grado,CA Osasuna,Rayo Vallecano de Madrid,Abel Bretones,0,0,0,1,2,2,0,0,27,0,0,1,1,2,1
63,14 Sep 2025,,cqquj1075tqrewhxjjliqrys,César Soto Grado,CA Osasuna,Rayo Vallecano de Madrid,E. Boyomo,0,0,0,2,2,0,0,0,21,0,0,0,0,0,0
63,14 Sep 2025,,cqquj1075tqrewhxjjliqrys,César Soto Grado,CA Osasuna,Rayo Vallecano de Madrid,Sergio Herrera,0,0,0,0,0,0,0,0,25,0,6,0,0,0,0
63,14 Sep 2025,,cqquj1075tqrewhxjjliqrys,César Soto Grado,CA Osasuna,Rayo Vallecano de Madrid,V. Rosier,0,0,1,2,1,0,0,0,32,0,0,0,0,1,0
63,14 Sep 2025,,cqquj1075tqrewhxjjliqrys,César Soto Grado,CA Osasuna,Rayo Vallecano de Madrid,Raúl García,0,0,0,0,1,2,1,0,11,0,0,2,2,0,0
63,14 Sep 2025,,cqquj1075tqrewhxjjliqrys,César Soto Grado,CA Osasuna,Rayo Vallecano de Madrid,Aimar Oroz,0,0,0,0,1,1,0,0,24,0,0,0,0,1,1
63,14 Sep 2025,,cqquj1075tqrewhxjjliqrys,César Soto Grado,CA Osasuna,Rayo Vallecano de Madrid,Lucas Torró,0,0,0,0,2,0,0,0,37,0,0,0,0,0,0
63,14 Sep 2025,,cqquj1075tqrewhxjjliqrys,César Soto Grado,CA Osasuna,Rayo Vallecano de Madrid,Jon Moncayola,1,0,0,6,0,1,0,0,54,0,0,0,0,1,0
63,14 Sep 2025,,cqquj1075tqrewhxjjliqrys,César Soto Grado,CA Osasuna,Rayo Vallecano de Madrid,Víctor Muñoz,0,0,2,0,0,0,0,0,6,0,0,3,3,1,0
63,14 Sep 2025,,cqquj1075tqrewhxjjliqrys,César Soto Grado,CA Osasuna,Rayo Vallecano de Madrid,Juan Cruz,0,0,0,0,1,0,0,0,12,0,0,0,0,0,0
63,14 Sep 2025,,cqquj1075tqrewhxjjliqrys,César Soto Grado,CA Osasuna,Rayo Vallecano de Madrid,Alejandro Catena,0,0,0,0,1,1,0,0,24,0,0,1,0,0,1
63,14 Sep 2025,,cqquj1075tqrewhxjjliqrys,César Soto Grado,CA Osasuna,Rayo Vallecano de Madrid,Rubén García,0,1,0,0,0,0,0,0,19,0,0,1,0,3,0
63,14 Sep 2025,,cqquj1075tqrewhxjjliqrys,César Soto Grado,CA Osasuna,Rayo Vallecano de Madrid,A. Budimir,0,0,0,0,2,0,0,0,5,0,0,0,0,0,0
63,14 Sep 2025,,cqquj1075tqrewhxjjliqrys,César Soto Grado,CA Osasuna,Rayo Vallecano de Madrid,Iker Benito,0,0,0,0,0,0,1,0,9,0,0,1,1,0,0
63,14 Sep 2025,,cqquj1075tqrewhxjjliqrys,César Soto Grado,CA Osasuna,Rayo Vallecano de Madrid,Jorge de Frutos,0,1,1,1,2,2,0,1,18,0,0,4,0,1,0
63,14 Sep 2025,,cqquj1075tqrewhxjjliqrys,César Soto Grado,CA Osasuna,Rayo Vallecano de Madrid,F. Lejeune,0,1,0,2,1,0,0,0,52,0,0,3,1,3,0
63,14 Sep 2025,,cqquj1075tqrewhxjjliqrys,César Soto Grado,CA Osasuna,Rayo Vallecano de Madrid,Pep Chavarría,0,0,1,5,0,0,0,0,77,0,0,0,0,2,0
63,14 Sep 2025,,cqquj1075tqrewhxjjliqrys,César Soto Grado,CA Osasuna,Rayo Vallecano de Madrid,Álvaro García,0,0,1,5,0,0,0,0,20,0,0,1,1,1,0
63,14 Sep 2025,,cqquj1075tqrewhxjjliqrys,César Soto Grado,CA Osasuna,Rayo Vallecano de Madrid,P. Ciss,0,0,0,0,1,0,0,0,75,0,0,2,1,2,1
63,14 Sep 2025,,cqquj1075tqrewhxjjliqrys,César Soto Grado,CA Osasuna,Rayo Vallecano de Madrid,A. Rațiu,0,0,1,8,0,3,0,0,48,0,0,1,1,0,0
63,14 Sep 2025,,cqquj1075tqrewhxjjliqrys,César Soto Grado,CA Osasuna,Rayo Vallecano de Madrid,Unai López,0,2,1,0,0,0,0,0,56,0,0,2,0,1,0
63,14 Sep 2025,,cqquj1075tqrewhxjjliqrys,César Soto Grado,CA Osasuna,Rayo Vallecano de Madrid,Isi Palazón,0,0,0,6,2,2,0,0,35,0,0,1,1,0,1
63,14 Sep 2025,,cqquj1075tqrewhxjjliqrys,César Soto Grado,CA Osasuna,Rayo Vallecano de Madrid,Pedro Díaz,0,0,0,2,0,0,0,0,36,0,0,0,0,0,0
63,14 Sep 2025,,cqquj1075tqrewhxjjliqrys,César Soto Grado,CA Osasuna,Rayo Vallecano de Madrid,Luiz Felipe,0,0,0,0,0,0,0,0,7,0,0,0,0,0,0
63,14 Sep 2025,,cqquj1075tqrewhxjjliqrys,César Soto Grado,CA Osasuna,Rayo Vallecano de Madrid,A. Batalla,0,0,0,0,0,0,0,0,34,0,4,0,0,0,0
63,14 Sep 2025,,cqquj1075tqrewhxjjliqrys,César Soto Grado,CA Osasuna,Rayo Vallecano de Madrid,J. Vertrouwd,0,0,0,0,1,2,0,0,48,0,0,1,0,2,0
63,14 Sep 2025,,cqquj1075tqrewhxjjliqrys,César Soto Grado,CA Osasuna,Rayo Vallecano de Madrid,Sergio Camello,0,0,0,0,0,0,0,0,9,0,0,1,0,0,0
63,14 Sep 2025,,cqquj1075tqrewhxjjliqrys,César Soto Grado,CA Osasuna,Rayo Vallecano de Madrid,Alemão,0,2,1,0,0,1,0,0,4,0,0,3,1,0,0
63,14 Sep 2025,,cqquj1075tqrewhxjjliqrys,César Soto Grado,CA Osasuna,Rayo Vallecano de Madrid,Ó. Trejo,0,0,0,1,0,1,0,0,16,0,0,0,0,1,0
63,14 Sep 2025,,cqquj1075tqrewhxjjliqrys,César Soto Grado,CA Osasuna,Rayo Vallecano de Madrid,Samu Becerra,0,0,0,2,0,0,0,0,4,0,0,0,0,0,0
64,13 Sep 2025,,d3y8iv1iz7j4jz4loix4p9uc,José María Sánchez Martínez,Athletic Club,Deportivo Alavés,Yuri,0,0,1,3,0,2,0,0,72,0,0,0,0,3,0
64,13 Sep 2025,,d3y8iv1iz7j4jz4loix4p9uc,José María Sánchez Martínez,Athletic Club,Deportivo Alavés,Oihan Sancet,0,0,0,0,1,1,0,0,23,0,0,1,0,0,0
64,13 Sep 2025,,d3y8iv1iz7j4jz4loix4p9uc,José María Sánchez Martínez,Athletic Club,Deportivo Alavés,Aitor Paredes,0,0,0,0,1,0,0,0,58,0,0,0,0,1,1
64,13 Sep 2025,,d3y8iv1iz7j4jz4loix4p9uc,José María Sánchez Martínez,Athletic Club,Deportivo Alavés,I. Williams,0,0,1,2,2,1,0,1,29,0,0,3,1,1,0
64,13 Sep 2025,,d3y8iv1iz7j4jz4loix4p9uc,José María Sánchez Martínez,Athletic Club,Deportivo Alavés,Dani Vivian,0,0,0,2,1,1,0,0,57,0,0,0,0,2,0
64,13 Sep 2025,,d3y8iv1iz7j4jz4loix4p9uc,José María Sánchez Martínez,Athletic Club,Deportivo Alavés,Alex Berenguer,0,0,2,10,0,2,0,0,38,0,0,1,1,3,0
64,13 Sep 2025,,d3y8iv1iz7j4jz4loix4p9uc,José María Sánchez Martínez,Athletic Club,Deportivo Alavés,Jesús Areso,0,0,1,7,1,3,0,0,39,0,0,0,0,2,0
64,13 Sep 2025,,d3y8iv1iz7j4jz4loix4p9uc,José María Sánchez Martínez,Athletic Club,Deportivo Alavés,Unai Simón,0,0,0,0,0,0,0,0,17,0,2,0,0,0,0
64,13 Sep 2025,,d3y8iv1iz7j4jz4loix4p9uc,José María Sánchez Martínez,Athletic Club,Deportivo Alavés,Íñigo Ruíz de Galarreta,0,0,0,2,2,1,0,0,30,0,0,0,0,4,0
64,13 Sep 2025,,d3y8iv1iz7j4jz4loix4p9uc,José María Sánchez Martínez,Athletic Club,Deportivo Alavés,Mikel Jauregizar,0,3,0,1,1,1,0,0,47,0,0,4,1,1,0
64,13 Sep 2025,,d3y8iv1iz7j4jz4loix4p9uc,José María Sánchez Martínez,Athletic Club,Deportivo Alavés,Gorka Guruzeta,0,2,0,1,3,3,0,0,13,0,0,3,0,0,0
64,13 Sep 2025,,d3y8iv1iz7j4jz4loix4p9uc,José María Sánchez Martínez,Athletic Club,Deportivo Alavés,Mikel Vesga,0,0,0,1,1,1,0,0,20,0,0,0,0,1,0
64,13 Sep 2025,,d3y8iv1iz7j4jz4loix4p9uc,José María Sánchez Martínez,Athletic Club,Deportivo Alavés,Robert Navarro,0,0,1,4,0,2,0,0,7,0,0,0,0,0,0
64,13 Sep 2025,,d3y8iv1iz7j4jz4loix4p9uc,José María Sánchez Martínez,Athletic Club,Deportivo Alavés,M. Sannadi,0,0,0,0,1,1,0,1,3,0,0,0,0,0,0
64,13 Sep 2025,,d3y8iv1iz7j4jz4loix4p9uc,José María Sánchez Martínez,Athletic Club,Deportivo Alavés,Urko Izeta,0,0,0,1,2,0,0,0,5,0,0,0,0,1,1
64,13 Sep 2025,,d3y8iv1iz7j4jz4loix4p9uc,José María Sánchez Martínez,Athletic Club,Deportivo Alavés,Nico Serrano,0,0,0,1,1,1,0,0,3,0,0,0,0,1,0
64,13 Sep 2025,,d3y8iv1iz7j4jz4loix4p9uc,José María Sánchez Martínez,Athletic Club,Deportivo Alavés,Antonio Blanco,0,0,1,0,5,1,0,0,43,0,0,2,1,5,0
64,13 Sep 2025,,d3y8iv1iz7j4jz4loix4p9uc,José María Sánchez Martínez,Athletic Club,Deportivo Alavés,Antonio Sivera,0,0,0,0,0,0,0,0,30,0,3,0,0,0,0
64,13 Sep 2025,,d3y8iv1iz7j4jz4loix4p9uc,José María Sánchez Martínez,Athletic Club,Deportivo Alavés,M. Díaz,0,0,1,1,3,0,0,0,4,0,0,0,0,0,1
64,13 Sep 2025,,d3y8iv1iz7j4jz4loix4p9uc,José María Sánchez Martínez,Athletic Club,Deportivo Alavés,F. Garcés,0,0,0,0,2,0,0,0,25,0,0,0,0,0,0
64,13 Sep 2025,,d3y8iv1iz7j4jz4loix4p9uc,José María Sánchez Martínez,Athletic Club,Deportivo Alavés,Jonny,0,0,0,0,2,3,0,0,37,0,0,0,0,1,0
64,13 Sep 2025,,d3y8iv1iz7j4jz4loix4p9uc,José María Sánchez Martínez,Athletic Club,Deportivo Alavés,Carles Aleñá,0,0,0,1,2,2,0,0,21,0,0,0,0,2,0
64,13 Sep 2025,,d3y8iv1iz7j4jz4loix4p9uc,José María Sánchez Martínez,Athletic Club,Deportivo Alavés,Carlos Vicente,0,0,1,3,0,0,0,0,17,0,0,0,0,3,0
64,13 Sep 2025,,d3y8iv1iz7j4jz4loix4p9uc,José María Sánchez Martínez,Athletic Club,Deportivo Alavés,Jon Guridi,0,0,0,0,1,0,0,0,14,0,0,0,0,1,0
64,13 Sep 2025,,d3y8iv1iz7j4jz4loix4p9uc,José María Sánchez Martínez,Athletic Club,Deportivo Alavés,Pablo Ibáñez,0,0,1,1,1,2,0,0,43,0,0,0,0,3,1
64,13 Sep 2025,,d3y8iv1iz7j4jz4loix4p9uc,José María Sánchez Martínez,Athletic Club,Deportivo Alavés,M. Diarra,0,0,0,0,2,1,0,0,22,0,0,0,0,3,0
64,13 Sep 2025,,d3y8iv1iz7j4jz4loix4p9uc,José María Sánchez Martínez,Athletic Club,Deportivo Alavés,N. Tenaglia,0,0,0,0,1,2,0,0,22,0,0,0,0,0,1
64,13 Sep 2025,,d3y8iv1iz7j4jz4loix4p9uc,José María Sánchez Martínez,Athletic Club,Deportivo Alavés,Denis Suárez,0,0,0,2,0,3,0,0,28,0,0,0,0,0,0
64,13 Sep 2025,,d3y8iv1iz7j4jz4loix4p9uc,José María Sánchez Martínez,Athletic Club,Deportivo Alavés,L. Boyé,0,0,2,1,2,1,0,0,14,0,0,0,0,0,0
64,13 Sep 2025,,d3y8iv1iz7j4jz4loix4p9uc,José María Sánchez Martínez,Athletic Club,Deportivo Alavés,Toni Martínez,0,0,0,1,0,2,0,1,18,0,0,1,1,1,0
64,13 Sep 2025,,d3y8iv1iz7j4jz4loix4p9uc,José María Sánchez Martínez,Athletic Club,Deportivo Alavés,Jon Pacheco,0,0,0,0,0,0,0,0,12,0,0,0,0,1,1
64,13 Sep 2025,,d3y8iv1iz7j4jz4loix4p9uc,José María Sánchez Martínez,Athletic Club,Deportivo Alavés,Víctor Parada,0,0,0,0,0,0,0,0,0,0,0,1,0,0,0
65,14 Sep 2025,,dh2jy2sqqln0u67dgau8p53o,Alejandro Muñíz Ruiz,Levante UD,Real Betis Balompié,Iván Romero,0,0,1,0,1,2,1,0,11,0,0,1,1,1,1
65,14 Sep 2025,,dh2jy2sqqln0u67dgau8p53o,Alejandro Muñíz Ruiz,Levante UD,Real Betis Balompié,Oriol Rey,0,0,0,0,0,1,0,0,37,0,0,0,0,1,0
65,14 Sep 2025,,dh2jy2sqqln0u67dgau8p53o,Alejandro Muñíz Ruiz,Levante UD,Real Betis Balompié,J. Toljan,0,0,0,1,2,0,0,0,21,0,0,0,0,2,0
65,14 Sep 2025,,dh2jy2sqqln0u67dgau8p53o,Alejandro Muñíz Ruiz,Levante UD,Real Betis Balompié,E. Eyong,0,0,0,0,2,2,1,0,6,0,0,1,1,1,0
65,14 Sep 2025,,dh2jy2sqqln0u67dgau8p53o,Alejandro Muñíz Ruiz,Levante UD,Real Betis Balompié,Carlos Álvarez,1,0,1,3,0,2,0,0,33,0,0,0,0,0,0
65,14 Sep 2025,,dh2jy2sqqln0u67dgau8p53o,Alejandro Muñíz Ruiz,Levante UD,Real Betis Balompié,M. Moreno,0,0,0,0,0,0,0,0,8,0,0,0,0,1,0
65,14 Sep 2025,,dh2jy2sqqln0u67dgau8p53o,Alejandro Muñíz Ruiz,Levante UD,Real Betis Balompié,Pablo Martínez,1,0,0,2,2,0,0,0,24,0,0,0,0,1,0
65,14 Sep 2025,,dh2jy2sqqln0u67dgau8p53o,Alejandro Muñíz Ruiz,Levante UD,Real Betis Balompié,Jon Olasagasti,0,0,1,1,2,2,0,0,20,0,0,1,0,0,0
65,14 Sep 2025,,dh2jy2sqqln0u67dgau8p53o,Alejandro Muñíz Ruiz,Levante UD,Real Betis Balompié,Manu Sánchez,0,0,0,1,3,0,0,0,20,0,0,0,0,0,1
65,14 Sep 2025,,dh2jy2sqqln0u67dgau8p53o,Alejandro Muñíz Ruiz,Levante UD,Real Betis Balompié,M. Ryan,0,0,0,0,0,0,0,0,25,0,7,0,0,0,1
65,14 Sep 2025,,dh2jy2sqqln0u67dgau8p53o,Alejandro Muñíz Ruiz,Levante UD,Real Betis Balompié,Unai Elgezabal,0,0,0,0,0,1,0,0,28,0,0,0,0,2,0
65,14 Sep 2025,,dh2jy2sqqln0u67dgau8p53o,Alejandro Muñíz Ruiz,Levante UD,Real Betis Balompié,José Luis Morales,0,0,0,3,0,0,0,0,13,0,0,0,0,2,0
65,14 Sep 2025,,dh2jy2sqqln0u67dgau8p53o,Alejandro Muñíz Ruiz,Levante UD,Real Betis Balompié,Adrián de la Fuente,0,0,0,0,1,0,0,0,7,0,0,0,0,1,1
65,14 Sep 2025,,dh2jy2sqqln0u67dgau8p53o,Alejandro Muñíz Ruiz,Levante UD,Real Betis Balompié,G. Koyalipou,0,0,0,0,0,0,0,2,4,0,0,0,0,1,0
65,14 Sep 2025,,dh2jy2sqqln0u67dgau8p53o,Alejandro Muñíz Ruiz,Levante UD,Real Betis Balompié,Roger Brugué,0,1,1,0,3,0,0,0,4,0,0,2,0,0,0
65,14 Sep 2025,,dh2jy2sqqln0u67dgau8p53o,Alejandro Muñíz Ruiz,Levante UD,Real Betis Balompié,K. Arriaga,0,0,0,0,0,0,0,0,7,0,0,0,0,0,0
65,14 Sep 2025,,dh2jy2sqqln0u67dgau8p53o,Alejandro Muñíz Ruiz,Levante UD,Real Betis Balompié,Álvaro Valles,0,0,0,0,0,0,0,0,29,0,0,0,0,0,0
65,14 Sep 2025,,dh2jy2sqqln0u67dgau8p53o,Alejandro Muñíz Ruiz,Levante UD,Real Betis Balompié,Sergi Altimira,1,0,0,0,1,1,0,0,48,0,0,0,0,5,0
65,14 Sep 2025,,dh2jy2sqqln0u67dgau8p53o,Alejandro Muñíz Ruiz,Levante UD,Real Betis Balompié,Natan,0,0,0,1,0,0,0,0,70,0,0,0,0,0,1
65,14 Sep 2025,,dh2jy2sqqln0u67dgau8p53o,Alejandro Muñíz Ruiz,Levante UD,Real Betis Balompié,V. Gómez,0,0,0,0,2,0,0,0,62,0,0,2,1,3,0
65,14 Sep 2025,,dh2jy2sqqln0u67dgau8p53o,Alejandro Muñíz Ruiz,Levante UD,Real Betis Balompié,Pablo Fornals,0,0,0,8,2,0,1,0,58,0,0,2,2,1,0
65,14 Sep 2025,,dh2jy2sqqln0u67dgau8p53o,Alejandro Muñíz Ruiz,Levante UD,Real Betis Balompié,C. Hernández,0,1,1,1,0,2,1,0,20,0,0,6,1,1,0
65,14 Sep 2025,,dh2jy2sqqln0u67dgau8p53o,Alejandro Muñíz Ruiz,Levante UD,Real Betis Balompié,J. Firpo,0,2,0,2,0,2,0,0,50,0,0,2,0,2,0
65,14 Sep 2025,,dh2jy2sqqln0u67dgau8p53o,Alejandro Muñíz Ruiz,Levante UD,Real Betis Balompié,Rodrigo Riquelme,0,3,1,8,1,0,0,0,26,0,0,4,0,1,0
65,14 Sep 2025,,dh2jy2sqqln0u67dgau8p53o,Alejandro Muñíz Ruiz,Levante UD,Real Betis Balompié,Héctor Bellerín,0,0,3,3,1,0,0,0,52,0,0,1,1,0,1
65,14 Sep 2025,,dh2jy2sqqln0u67dgau8p53o,Alejandro Muñíz Ruiz,Levante UD,Real Betis Balompié,N. Deossa,0,1,3,1,3,2,0,0,26,0,0,2,0,1,0
65,14 Sep 2025,,dh2jy2sqqln0u67dgau8p53o,Alejandro Muñíz Ruiz,Levante UD,Real Betis Balompié,Antony,0,2,0,6,0,3,0,0,46,0,0,6,3,0,0
65,14 Sep 2025,,dh2jy2sqqln0u67dgau8p53o,Alejandro Muñíz Ruiz,Levante UD,Real Betis Balompié,G. Lo Celso,0,1,4,7,0,3,0,1,26,0,0,2,1,0,0
65,14 Sep 2025,,dh2jy2sqqln0u67dgau8p53o,Alejandro Muñíz Ruiz,Levante UD,Real Betis Balompié,A. Ezzalzouli,1,0,0,1,0,2,0,0,16,0,0,0,0,3,0
65,14 Sep 2025,,dh2jy2sqqln0u67dgau8p53o,Alejandro Muñíz Ruiz,Levante UD,Real Betis Balompié,S. Amrabat,0,1,0,0,1,1,0,0,14,0,0,1,0,0,0
65,14 Sep 2025,,dh2jy2sqqln0u67dgau8p53o,Alejandro Muñíz Ruiz,Levante UD,Real Betis Balompié,C. Bakambu,0,0,0,0,0,0,0,0,1,0,0,0,0,0,0
66,12 Sep 2025,,du8jha9qxukb7ki17m3y3aj8,Javier Alberola Rojas,Sevilla FC,Elche CF,Marcão,0,1,0,1,3,2,0,0,38,0,0,2,0,3,0
66,12 Sep 2025,,du8jha9qxukb7ki17m3y3aj8,Javier Alberola Rojas,Sevilla FC,Elche CF,César Azpilicueta,0,0,0,3,3,2,0,0,43,0,0,0,0,4,1
66,12 Sep 2025,,du8jha9qxukb7ki17m3y3aj8,Javier Alberola Rojas,Sevilla FC,Elche CF,Ø. Nyland,0,0,0,0,0,0,0,0,21,0,0,0,0,0,0
66,12 Sep 2025,,du8jha9qxukb7ki17m3y3aj8,Javier Alberola Rojas,Sevilla FC,Elche CF,T. Nianzou,0,0,0,0,4,2,0,0,32,0,0,0,0,3,1
66,12 Sep 2025,,du8jha9qxukb7ki17m3y3aj8,Javier Alberola Rojas,Sevilla FC,Elche CF,Juanlu Sánchez,0,0,1,4,1,4,0,0,32,0,0,0,0,2,0
66,12 Sep 2025,,du8jha9qxukb7ki17m3y3aj8,Javier Alberola Rojas,Sevilla FC,Elche CF,B. Mendy,0,0,0,0,2,2,0,0,30,0,0,0,0,3,0
66,12 Sep 2025,,du8jha9qxukb7ki17m3y3aj8,Javier Alberola Rojas,Sevilla FC,Elche CF,R. Vargas,1,0,0,7,0,0,0,0,27,0,0,1,1,1,0
66,12 Sep 2025,,du8jha9qxukb7ki17m3y3aj8,Javier Alberola Rojas,Sevilla FC,Elche CF,Alfon González,0,1,0,1,0,1,0,0,12,0,0,1,0,0,0
66,12 Sep 2025,,du8jha9qxukb7ki17m3y3aj8,Javier Alberola Rojas,Sevilla FC,Elche CF,Isaac Romero,0,0,0,0,5,2,1,1,21,0,0,2,1,2,1
66,12 Sep 2025,,du8jha9qxukb7ki17m3y3aj8,Javier Alberola Rojas,Sevilla FC,Elche CF,N. Gudelj,0,0,0,0,0,0,0,0,16,0,0,0,0,2,0
66,12 Sep 2025,,du8jha9qxukb7ki17m3y3aj8,Javier Alberola Rojas,Sevilla FC,Elche CF,L. Agoumé,0,0,0,0,2,0,0,0,52,0,0,0,0,1,1
66,12 Sep 2025,,du8jha9qxukb7ki17m3y3aj8,Javier Alberola Rojas,Sevilla FC,Elche CF,Andrés Castrín,0,0,0,0,1,0,0,0,21,0,0,0,0,0,0
66,12 Sep 2025,,du8jha9qxukb7ki17m3y3aj8,Javier Alberola Rojas,Sevilla FC,Elche CF,A. Sánchez,1,0,1,2,0,2,0,0,17,0,0,0,0,0,0
66,12 Sep 2025,,du8jha9qxukb7ki17m3y3aj8,Javier Alberola Rojas,Sevilla FC,Elche CF,G. Suazo,0,0,0,0,1,0,0,0,19,0,0,0,0,1,0
66,12 Sep 2025,,du8jha9qxukb7ki17m3y3aj8,Javier Alberola Rojas,Sevilla FC,Elche CF,Peque Fernández,0,0,0,0,1,1,1,0,6,0,0,1,1,0,0
66,12 Sep 2025,,du8jha9qxukb7ki17m3y3aj8,Javier Alberola Rojas,Sevilla FC,Elche CF,A. Januzaj,0,0,0,1,0,1,0,0,5,0,0,0,0,0,0
66,12 Sep 2025,,du8jha9qxukb7ki17m3y3aj8,Javier Alberola Rojas,Sevilla FC,Elche CF,André Silva,0,0,0,0,0,5,1,0,19,0,0,1,1,1,0
66,12 Sep 2025,,du8jha9qxukb7ki17m3y3aj8,Javier Alberola Rojas,Sevilla FC,Elche CF,M. Dituro,0,0,0,0,0,1,0,0,57,0,1,0,0,0,0
66,12 Sep 2025,,du8jha9qxukb7ki17m3y3aj8,Javier Alberola Rojas,Sevilla FC,Elche CF,Víctor Chust,0,0,0,0,1,0,0,0,28,0,0,1,0,3,1
66,12 Sep 2025,,du8jha9qxukb7ki17m3y3aj8,Javier Alberola Rojas,Sevilla FC,Elche CF,Pedro Bigas,0,0,0,0,1,2,0,0,56,0,0,0,0,1,0
66,12 Sep 2025,,du8jha9qxukb7ki17m3y3aj8,Javier Alberola Rojas,Sevilla FC,Elche CF,A. Houary,0,0,0,0,5,2,0,0,13,0,0,1,0,3,0
66,12 Sep 2025,,du8jha9qxukb7ki17m3y3aj8,Javier Alberola Rojas,Sevilla FC,Elche CF,D. Affengruber,0,0,0,0,0,4,0,0,43,0,0,0,0,5,0
66,12 Sep 2025,,du8jha9qxukb7ki17m3y3aj8,Javier Alberola Rojas,Sevilla FC,Elche CF,Rafa Mir,0,0,0,1,4,4,1,0,12,0,0,1,1,2,0
66,12 Sep 2025,,du8jha9qxukb7ki17m3y3aj8,Javier Alberola Rojas,Sevilla FC,Elche CF,Aleix Febas,0,0,0,0,0,4,0,0,41,0,0,0,0,3,0
66,12 Sep 2025,,du8jha9qxukb7ki17m3y3aj8,Javier Alberola Rojas,Sevilla FC,Elche CF,Álvaro Núñez,0,0,0,5,0,1,0,0,20,0,0,0,0,1,0
66,12 Sep 2025,,du8jha9qxukb7ki17m3y3aj8,Javier Alberola Rojas,Sevilla FC,Elche CF,Adrià Pedrosa,0,0,1,3,2,0,0,0,20,0,0,0,0,3,1
66,12 Sep 2025,,du8jha9qxukb7ki17m3y3aj8,Javier Alberola Rojas,Sevilla FC,Elche CF,Martim Neto,1,0,1,0,2,0,0,0,33,0,0,1,0,0,0
66,12 Sep 2025,,du8jha9qxukb7ki17m3y3aj8,Javier Alberola Rojas,Sevilla FC,Elche CF,Rodrigo Mendoza,0,0,0,0,1,0,0,0,7,0,0,0,0,0,0
66,12 Sep 2025,,du8jha9qxukb7ki17m3y3aj8,Javier Alberola Rojas,Sevilla FC,Elche CF,Á. Rodríguez,0,0,0,0,0,0,0,0,6,0,0,0,0,0,0
66,12 Sep 2025,,du8jha9qxukb7ki17m3y3aj8,Javier Alberola Rojas,Sevilla FC,Elche CF,Héctor Fort,0,0,0,0,1,0,0,0,2,0,0,0,0,2,0
66,12 Sep 2025,,du8jha9qxukb7ki17m3y3aj8,Javier Alberola Rojas,Sevilla FC,Elche CF,L. Pétrot,0,0,0,0,1,0,0,0,2,0,0,0,0,1,0
66,12 Sep 2025,,du8jha9qxukb7ki17m3y3aj8,Javier Alberola Rojas,Sevilla FC,Elche CF,John Donald,0,0,0,0,1,0,0,0,3,0,0,0,0,0,1
67,20 Sep 2025,,e7g814p4n7r5gtpdqewz89p0,Iosu Galech Apezteguía,Deportivo Alavés,Sevilla FC,M. Diarra,0,0,0,0,1,0,0,0,23,0,0,0,0,2,0
67,20 Sep 2025,,e7g814p4n7r5gtpdqewz89p0,Iosu Galech Apezteguía,Deportivo Alavés,Sevilla FC,N. Tenaglia,0,0,0,0,0,2,0,0,36,0,0,1,0,2,0
67,20 Sep 2025,,e7g814p4n7r5gtpdqewz89p0,Iosu Galech Apezteguía,Deportivo Alavés,Sevilla FC,F. Garcés,0,0,0,0,0,0,0,1,31,0,0,2,1,3,0
67,20 Sep 2025,,e7g814p4n7r5gtpdqewz89p0,Iosu Galech Apezteguía,Deportivo Alavés,Sevilla FC,L. Boyé,0,0,1,0,3,1,0,0,10,0,0,1,1,1,0
67,20 Sep 2025,,e7g814p4n7r5gtpdqewz89p0,Iosu Galech Apezteguía,Deportivo Alavés,Sevilla FC,Denis Suárez,0,0,0,0,2,1,0,0,36,0,0,0,0,0,0
67,20 Sep 2025,,e7g814p4n7r5gtpdqewz89p0,Iosu Galech Apezteguía,Deportivo Alavés,Sevilla FC,Antonio Blanco,0,1,0,2,3,2,0,0,70,0,0,1,0,1,1
67,20 Sep 2025,,e7g814p4n7r5gtpdqewz89p0,Iosu Galech Apezteguía,Deportivo Alavés,Sevilla FC,Carles Aleñá,0,0,0,3,1,1,0,0,22,0,0,0,0,1,0
67,20 Sep 2025,,e7g814p4n7r5gtpdqewz89p0,Iosu Galech Apezteguía,Deportivo Alavés,Sevilla FC,Jonny,0,0,0,1,1,0,0,0,46,0,0,0,0,1,0
67,20 Sep 2025,,e7g814p4n7r5gtpdqewz89p0,Iosu Galech Apezteguía,Deportivo Alavés,Sevilla FC,Carlos Vicente,0,0,1,7,1,5,1,2,23,0,0,1,1,3,0
67,20 Sep 2025,,e7g814p4n7r5gtpdqewz89p0,Iosu Galech Apezteguía,Deportivo Alavés,Sevilla FC,Jon Guridi,0,0,0,0,1,0,0,0,19,0,0,0,0,2,0
67,20 Sep 2025,,e7g814p4n7r5gtpdqewz89p0,Iosu Galech Apezteguía,Deportivo Alavés,Sevilla FC,Antonio Sivera,0,0,0,0,0,0,0,0,25,0,1,0,0,0,0
67,20 Sep 2025,,e7g814p4n7r5gtpdqewz89p0,Iosu Galech Apezteguía,Deportivo Alavés,Sevilla FC,Pablo Ibáñez,0,0,0,1,1,3,0,0,17,0,0,1,1,2,0
67,20 Sep 2025,,e7g814p4n7r5gtpdqewz89p0,Iosu Galech Apezteguía,Deportivo Alavés,Sevilla FC,Toni Martínez,0,0,1,0,3,1,0,0,6,0,0,1,1,0,0
67,20 Sep 2025,,e7g814p4n7r5gtpdqewz89p0,Iosu Galech Apezteguía,Deportivo Alavés,Sevilla FC,M. Díaz,0,0,0,0,3,0,0,0,6,0,0,0,0,0,0
67,20 Sep 2025,,e7g814p4n7r5gtpdqewz89p0,Iosu Galech Apezteguía,Deportivo Alavés,Sevilla FC,Y. Enríquez,0,0,0,1,0,1,0,0,12,0,0,0,0,1,0
67,20 Sep 2025,,e7g814p4n7r5gtpdqewz89p0,Iosu Galech Apezteguía,Deportivo Alavés,Sevilla FC,A. Rebbach,0,0,1,3,0,0,0,0,12,0,0,0,0,2,0
67,20 Sep 2025,,e7g814p4n7r5gtpdqewz89p0,Iosu Galech Apezteguía,Deportivo Alavés,Sevilla FC,Isaac Romero,0,0,0,0,3,2,0,0,24,0,0,0,0,1,0
67,20 Sep 2025,,e7g814p4n7r5gtpdqewz89p0,Iosu Galech Apezteguía,Deportivo Alavés,Sevilla FC,L. Agoumé,0,0,1,1,1,1,0,1,37,0,0,0,0,3,0
67,20 Sep 2025,,e7g814p4n7r5gtpdqewz89p0,Iosu Galech Apezteguía,Deportivo Alavés,Sevilla FC,B. Mendy,0,0,0,0,5,5,0,0,33,0,0,1,0,3,1
67,20 Sep 2025,,e7g814p4n7r5gtpdqewz89p0,Iosu Galech Apezteguía,Deportivo Alavés,Sevilla FC,G. Suazo,0,0,1,5,2,0,0,0,41,0,0,0,0,7,1
67,20 Sep 2025,,e7g814p4n7r5gtpdqewz89p0,Iosu Galech Apezteguía,Deportivo Alavés,Sevilla FC,Marcão,0,0,0,0,1,3,0,0,42,0,0,1,0,0,0
67,20 Sep 2025,,e7g814p4n7r5gtpdqewz89p0,Iosu Galech Apezteguía,Deportivo Alavés,Sevilla FC,O. Vlachodimos,0,0,0,0,0,0,0,0,30,0,4,0,0,0,1
67,20 Sep 2025,,e7g814p4n7r5gtpdqewz89p0,Iosu Galech Apezteguía,Deportivo Alavés,Sevilla FC,José Ángel Carmona,1,1,0,1,0,0,0,0,36,0,0,1,0,3,0
67,20 Sep 2025,,e7g814p4n7r5gtpdqewz89p0,Iosu Galech Apezteguía,Deportivo Alavés,Sevilla FC,César Azpilicueta,0,0,0,0,2,1,0,0,68,0,0,0,0,1,1
67,20 Sep 2025,,e7g814p4n7r5gtpdqewz89p0,Iosu Galech Apezteguía,Deportivo Alavés,Sevilla FC,Alfon González,0,0,1,0,0,0,0,0,1,0,0,1,1,0,0
67,20 Sep 2025,,e7g814p4n7r5gtpdqewz89p0,Iosu Galech Apezteguía,Deportivo Alavés,Sevilla FC,R. Vargas,0,1,1,2,0,4,1,1,31,0,0,3,1,0,1
67,20 Sep 2025,,e7g814p4n7r5gtpdqewz89p0,Iosu Galech Apezteguía,Deportivo Alavés,Sevilla FC,T. Nianzou,0,0,0,0,2,1,0,0,38,0,0,1,0,1,1
67,20 Sep 2025,,e7g814p4n7r5gtpdqewz89p0,Iosu Galech Apezteguía,Deportivo Alavés,Sevilla FC,A. Sánchez,0,0,0,3,0,1,1,2,22,0,0,1,1,0,0
67,20 Sep 2025,,e7g814p4n7r5gtpdqewz89p0,Iosu Galech Apezteguía,Deportivo Alavés,Sevilla FC,A. Adams,0,0,0,0,0,0,0,0,7,0,0,0,0,0,0
67,20 Sep 2025,,e7g814p4n7r5gtpdqewz89p0,Iosu Galech Apezteguía,Deportivo Alavés,Sevilla FC,N. Gudelj,0,0,0,0,2,1,0,0,3,0,0,0,0,1,0
67,20 Sep 2025,,e7g814p4n7r5gtpdqewz89p0,Iosu Galech Apezteguía,Deportivo Alavés,Sevilla FC,Juanlu Sánchez,0,0,0,0,0,0,0,0,6,0,0,0,0,0,0
67,20 Sep 2025,,e7g814p4n7r5gtpdqewz89p0,Iosu Galech Apezteguía,Deportivo Alavés,Sevilla FC,Peque Fernández,0,0,0,0,1,1,0,0,4,0,0,0,0,0,1
68,21 Sep 2025,,ekk0usjk6blgzpziu4ho01zo,Ricardo De Burgos Bengoetxea,FC Barcelona,Getafe CF,J. Koundé,0,0,0,2,0,6,0,0,77,0,0,0,0,1,0
68,21 Sep 2025,,ekk0usjk6blgzpziu4ho01zo,Ricardo De Burgos Bengoetxea,FC Barcelona,Getafe CF,Dani Olmo,1,1,0,2,2,3,1,0,65,0,0,4,1,2,0
68,21 Sep 2025,,ekk0usjk6blgzpziu4ho01zo,Ricardo De Burgos Bengoetxea,FC Barcelona,Getafe CF,A. Christensen,0,0,1,0,1,1,0,0,85,0,0,0,0,2,1
68,21 Sep 2025,,ekk0usjk6blgzpziu4ho01zo,Ricardo De Burgos Bengoetxea,FC Barcelona,Getafe CF,Gerard Martín,0,0,0,0,0,1,0,0,57,0,0,0,0,1,0
68,21 Sep 2025,,ekk0usjk6blgzpziu4ho01zo,Ricardo De Burgos Bengoetxea,FC Barcelona,Getafe CF,Joan García,0,0,0,0,0,0,0,0,28,0,2,0,0,0,0
68,21 Sep 2025,,ekk0usjk6blgzpziu4ho01zo,Ricardo De Burgos Bengoetxea,FC Barcelona,Getafe CF,F. de Jong,0,0,0,0,2,1,0,0,71,0,0,0,0,1,0
68,21 Sep 2025,,ekk0usjk6blgzpziu4ho01zo,Ricardo De Burgos Bengoetxea,FC Barcelona,Getafe CF,R. Lewandowski,0,0,0,0,1,1,0,2,12,0,0,2,1,0,0
68,21 Sep 2025,,ekk0usjk6blgzpziu4ho01zo,Ricardo De Burgos Bengoetxea,FC Barcelona,Getafe CF,Pedri,0,0,1,0,0,0,0,0,96,0,0,0,0,0,0
68,21 Sep 2025,,ekk0usjk6blgzpziu4ho01zo,Ricardo De Burgos Bengoetxea,FC Barcelona,Getafe CF,Eric García,0,0,0,0,1,0,0,0,104,0,0,0,0,2,0
68,21 Sep 2025,,ekk0usjk6blgzpziu4ho01zo,Ricardo De Burgos Bengoetxea,FC Barcelona,Getafe CF,Raphinha,1,0,0,1,1,0,0,0,22,0,0,1,0,1,1
68,21 Sep 2025,,ekk0usjk6blgzpziu4ho01zo,Ricardo De Burgos Bengoetxea,FC Barcelona,Getafe CF,Ferran Torres,0,1,0,0,0,1,2,0,24,0,0,4,2,2,0
68,21 Sep 2025,,ekk0usjk6blgzpziu4ho01zo,Ricardo De Burgos Bengoetxea,FC Barcelona,Getafe CF,M. Rashford,0,0,1,0,0,0,0,1,15,0,0,2,2,0,0
68,21 Sep 2025,,ekk0usjk6blgzpziu4ho01zo,Ricardo De Burgos Bengoetxea,FC Barcelona,Getafe CF,Marc Casadó,0,0,0,0,0,0,0,0,37,0,0,1,0,0,0
68,21 Sep 2025,,ekk0usjk6blgzpziu4ho01zo,Ricardo De Burgos Bengoetxea,FC Barcelona,Getafe CF,Fermín López,0,0,0,0,1,0,0,0,25,0,0,1,0,0,0
68,21 Sep 2025,,ekk0usjk6blgzpziu4ho01zo,Ricardo De Burgos Bengoetxea,FC Barcelona,Getafe CF,R. Bardghji,0,0,0,0,0,1,0,0,10,0,0,1,1,0,0
68,21 Sep 2025,,ekk0usjk6blgzpziu4ho01zo,Ricardo De Burgos Bengoetxea,FC Barcelona,Getafe CF,R. Araujo,0,0,0,0,0,0,0,0,10,0,0,0,0,0,0
68,21 Sep 2025,,ekk0usjk6blgzpziu4ho01zo,Ricardo De Burgos Bengoetxea,FC Barcelona,Getafe CF,Luis Milla,0,0,0,4,1,1,0,0,39,0,0,0,0,2,0
68,21 Sep 2025,,ekk0usjk6blgzpziu4ho01zo,Ricardo De Burgos Bengoetxea,FC Barcelona,Getafe CF,Domingos Duarte,0,0,0,0,1,0,0,0,22,0,0,1,1,2,0
68,21 Sep 2025,,ekk0usjk6blgzpziu4ho01zo,Ricardo De Burgos Bengoetxea,FC Barcelona,Getafe CF,Diego Rico,0,0,1,1,1,1,0,0,34,0,0,0,0,5,0
68,21 Sep 2025,,ekk0usjk6blgzpziu4ho01zo,Ricardo De Burgos Bengoetxea,FC Barcelona,Getafe CF,Mario Martín,0,0,0,0,3,0,0,0,15,0,0,0,0,2,1
68,21 Sep 2025,,ekk0usjk6blgzpziu4ho01zo,Ricardo De Burgos Bengoetxea,FC Barcelona,Getafe CF,M. Arambarri,0,0,0,0,0,0,0,0,29,0,0,0,0,0,0
68,21 Sep 2025,,ekk0usjk6blgzpziu4ho01zo,Ricardo De Burgos Bengoetxea,FC Barcelona,Getafe CF,Borja Mayoral,0,0,0,0,0,1,0,1,6,0,0,0,0,1,0
68,21 Sep 2025,,ekk0usjk6blgzpziu4ho01zo,Ricardo De Burgos Bengoetxea,FC Barcelona,Getafe CF,Kiko Femenía,0,0,1,2,1,0,0,0,25,0,0,0,0,3,0
68,21 Sep 2025,,ekk0usjk6blgzpziu4ho01zo,Ricardo De Burgos Bengoetxea,FC Barcelona,Getafe CF,David Soria,0,0,0,0,0,0,0,0,27,0,4,0,0,0,0
68,21 Sep 2025,,ekk0usjk6blgzpziu4ho01zo,Ricardo De Burgos Bengoetxea,FC Barcelona,Getafe CF,Adrián Liso,0,0,0,1,1,3,0,0,17,0,0,0,0,0,1
68,21 Sep 2025,,ekk0usjk6blgzpziu4ho01zo,Ricardo De Burgos Bengoetxea,FC Barcelona,Getafe CF,D. Dakonam,0,0,0,0,2,0,0,0,13,0,0,0,0,0,1
68,21 Sep 2025,,ekk0usjk6blgzpziu4ho01zo,Ricardo De Burgos Bengoetxea,FC Barcelona,Getafe CF,A. Abqar,0,0,0,0,1,2,0,0,24,0,0,0,0,4,1
68,21 Sep 2025,,ekk0usjk6blgzpziu4ho01zo,Ricardo De Burgos Bengoetxea,FC Barcelona,Getafe CF,A. Kamara,0,0,1,0,0,1,0,0,10,0,0,0,0,0,0
68,21 Sep 2025,,ekk0usjk6blgzpziu4ho01zo,Ricardo De Burgos Bengoetxea,FC Barcelona,Getafe CF,Javi Muñoz,0,0,0,0,2,0,0,0,11,0,0,1,0,0,0
68,21 Sep 2025,,ekk0usjk6blgzpziu4ho01zo,Ricardo De Burgos Bengoetxea,FC Barcelona,Getafe CF,Davinchi,0,0,0,1,3,0,0,0,20,0,0,1,1,3,0
68,21 Sep 2025,,ekk0usjk6blgzpziu4ho01zo,Ricardo De Burgos Bengoetxea,FC Barcelona,Getafe CF,Coba da Costa,0,0,0,0,0,0,0,0,4,0,0,0,0,0,0
68,21 Sep 2025,,ekk0usjk6blgzpziu4ho01zo,Ricardo De Burgos Bengoetxea,FC Barcelona,Getafe CF,Alex Sancris,0,0,0,0,0,0,0,0,4,0,0,0,0,0,0
