Aux,Fecha,Jornada,ID_PARTIDO,Arbitro,Equipo_local,Equipo_Visitante,Jugador,Assists,Blocked shots,Corners won,Crosses,Fouls conceded,Fouls won,Goals,Offsides,Passes,Red cards,Saves,Shots,Shots on target,Tackles,Yellow cards
12,18 Aug 2026,,4frjoqt4tm30fw1s282iqukno,Serdar Gözübüyük,GNK Dinamo Zagreb,Viking FK,M. Zajc,0,2,0,2,2,0,0,0,24,0,0,4,0,2,0
12,18 Aug 2026,,4frjoqt4tm30fw1s282iqukno,Serdar Gözübüyük,GNK Dinamo Zagreb,Viking FK,I. Nevistić,0,0,0,0,0,0,0,0,37,0,1,0,0,0,0
12,18 Aug 2026,,4frjoqt4tm30fw1s282iqukno,Serdar Gözübüyük,GNK Dinamo Zagreb,Viking FK,J. Mišić,0,0,0,1,1,2,0,0,72,0,0,1,0,0,0
12,18 Aug 2026,,4frjoqt4tm30fw1s282iqukno,Serdar Gözübüyük,GNK Dinamo Zagreb,Viking FK,Sergi Domínguez,0,0,0,0,1,0,0,0,98,0,0,1,0,4,0
12,18 Aug 2026,,4frjoqt4tm30fw1s282iqukno,Serdar Gözübüyük,GNK Dinamo Zagreb,Viking FK,L. Stojković,0,0,0,1,1,4,0,0,24,0,0,2,0,0,0
12,18 Aug 2026,,4frjoqt4tm30fw1s282iqukno,Serdar Gözübüyük,GNK Dinamo Zagreb,Viking FK,M. Valinčić,0,0,0,7,1,0,0,0,45,0,0,1,1,3,1
12,18 Aug 2026,,4frjoqt4tm30fw1s282iqukno,Serdar Gözübüyük,GNK Dinamo Zagreb,Viking FK,S. McKenna,0,0,0,0,0,0,0,0,89,0,0,0,0,0,0
12,18 Aug 2026,,4frjoqt4tm30fw1s282iqukno,Serdar Gözübüyük,GNK Dinamo Zagreb,Viking FK,M. Pérez Vinlöf,1,1,2,3,0,0,0,0,56,0,0,4,0,2,0
12,18 Aug 2026,,4frjoqt4tm30fw1s282iqukno,Serdar Gözübüyük,GNK Dinamo Zagreb,Viking FK,M. Lisica,0,2,1,0,0,0,1,0,18,0,0,3,1,0,0
12,18 Aug 2026,,4frjoqt4tm30fw1s282iqukno,Serdar Gözübüyük,GNK Dinamo Zagreb,Viking FK,M. Oršić,0,0,4,6,0,0,0,1,32,0,0,2,0,1,0
12,18 Aug 2026,,4frjoqt4tm30fw1s282iqukno,Serdar Gözübüyük,GNK Dinamo Zagreb,Viking FK,D. Beljo,1,0,0,0,3,1,1,0,14,0,0,2,1,1,0
12,18 Aug 2026,,4frjoqt4tm30fw1s282iqukno,Serdar Gözübüyük,GNK Dinamo Zagreb,Viking FK,L. Kačavenda,0,1,1,0,2,1,0,0,15,0,0,1,0,0,0
12,18 Aug 2026,,4frjoqt4tm30fw1s282iqukno,Serdar Gözübüyük,GNK Dinamo Zagreb,Viking FK,R. Mudražija,0,0,2,6,0,1,0,0,4,0,0,0,0,0,0
12,18 Aug 2026,,4frjoqt4tm30fw1s282iqukno,Serdar Gözübüyük,GNK Dinamo Zagreb,Viking FK,A. Hoxha,0,1,0,2,0,0,0,0,9,0,0,1,0,1,0
12,18 Aug 2026,,4frjoqt4tm30fw1s282iqukno,Serdar Gözübüyük,GNK Dinamo Zagreb,Viking FK,S. Prevljak,0,0,0,0,1,0,0,0,2,0,0,1,1,0,0
12,18 Aug 2026,,4frjoqt4tm30fw1s282iqukno,Serdar Gözübüyük,GNK Dinamo Zagreb,Viking FK,N. Galešić,0,0,0,0,0,0,0,0,4,0,0,0,0,0,0
12,18 Aug 2026,,4frjoqt4tm30fw1s282iqukno,Serdar Gözübüyük,GNK Dinamo Zagreb,Viking FK,J. Bell,0,0,0,1,4,1,0,0,44,0,0,0,0,2,1
12,18 Aug 2026,,4frjoqt4tm30fw1s282iqukno,Serdar Gözübüyük,GNK Dinamo Zagreb,Viking FK,K. Haugen,0,0,0,2,0,0,0,0,29,0,0,1,0,0,0
12,18 Aug 2026,,4frjoqt4tm30fw1s282iqukno,Serdar Gözübüyük,GNK Dinamo Zagreb,Viking FK,T. Moi,2,0,0,0,0,0,0,0,23,0,0,0,0,1,0
12,18 Aug 2026,,4frjoqt4tm30fw1s282iqukno,Serdar Gözübüyük,GNK Dinamo Zagreb,Viking FK,E. Austbø,0,0,0,2,0,0,0,0,25,0,0,1,1,0,0
12,18 Aug 2026,,4frjoqt4tm30fw1s282iqukno,Serdar Gözübüyük,GNK Dinamo Zagreb,Viking FK,H. Heggheim,0,0,0,1,0,0,0,0,23,0,0,1,0,1,0
12,18 Aug 2026,,4frjoqt4tm30fw1s282iqukno,Serdar Gözübüyük,GNK Dinamo Zagreb,Viking FK,H. Falchener,0,0,0,0,1,3,0,0,42,0,0,0,0,0,0
12,18 Aug 2026,,4frjoqt4tm30fw1s282iqukno,Serdar Gözübüyük,GNK Dinamo Zagreb,Viking FK,G. Stensness,0,0,0,0,3,1,0,0,58,0,0,0,0,0,0
12,18 Aug 2026,,4frjoqt4tm30fw1s282iqukno,Serdar Gözübüyük,GNK Dinamo Zagreb,Viking FK,Z. Tripić,0,0,1,5,0,3,1,0,33,0,0,1,1,3,0
12,18 Aug 2026,,4frjoqt4tm30fw1s282iqukno,Serdar Gözübüyük,GNK Dinamo Zagreb,Viking FK,P. Christiansen,0,0,0,0,2,0,1,0,7,0,0,2,1,0,0
12,18 Aug 2026,,4frjoqt4tm30fw1s282iqukno,Serdar Gözübüyük,GNK Dinamo Zagreb,Viking FK,,0,0,0,0,0,0,0,0,32,0,2,0,0,0,0
12,18 Aug 2026,,4frjoqt4tm30fw1s282iqukno,Serdar Gözübüyük,GNK Dinamo Zagreb,Viking FK,K. Askildsen,0,0,1,1,0,2,0,0,38,0,0,0,0,0,0
12,18 Aug 2026,,4frjoqt4tm30fw1s282iqukno,Serdar Gözübüyük,GNK Dinamo Zagreb,Viking FK,S. Kvia-Egeskog,0,0,0,0,0,1,0,0,6,0,0,0,0,1,0
12,18 Aug 2026,,4frjoqt4tm30fw1s282iqukno,Serdar Gözübüyük,GNK Dinamo Zagreb,Viking FK,H. Haugen,0,0,1,0,0,0,0,0,5,0,0,0,0,1,0
12,18 Aug 2026,,4frjoqt4tm30fw1s282iqukno,Serdar Gözübüyük,GNK Dinamo Zagreb,Viking FK,S. Bjørshol,0,0,0,0,0,0,0,0,9,0,0,0,0,0,0
12,18 Aug 2026,,4frjoqt4tm30fw1s282iqukno,Serdar Gözübüyük,GNK Dinamo Zagreb,Viking FK,J. Hansen,0,0,0,0,0,0,0,0,1,0,0,0,0,0,0
12,18 Aug 2026,,4frjoqt4tm30fw1s282iqukno,Serdar Gözübüyük,GNK Dinamo Zagreb,Viking FK,,0,0,0,0,0,0,0,0,0,0,0,0,0,0,0
13,21 Jul 2026,,4t9tcu60oclmnc9jysz7jsb2s,Bulat Sariev,FC Thun,GNK Dinamo Zagreb,M. Bürki,0,0,0,0,1,0,0,0,57,0,0,0,0,0,1
13,21 Jul 2026,,4t9tcu60oclmnc9jysz7jsb2s,Bulat Sariev,FC Thun,GNK Dinamo Zagreb,M. Heule,0,0,1,2,1,2,0,1,27,0,0,1,0,2,0
13,21 Jul 2026,,4t9tcu60oclmnc9jysz7jsb2s,Bulat Sariev,FC Thun,GNK Dinamo Zagreb,J. Roth,0,0,1,0,4,0,0,0,31,0,0,0,0,3,1
13,21 Jul 2026,,4t9tcu60oclmnc9jysz7jsb2s,Bulat Sariev,FC Thun,GNK Dinamo Zagreb,N. Reichmuth,0,1,2,5,3,3,0,0,15,0,0,2,0,0,0
13,21 Jul 2026,,4t9tcu60oclmnc9jysz7jsb2s,Bulat Sariev,FC Thun,GNK Dinamo Zagreb,F. Dursun,0,1,2,0,1,0,0,1,4,0,0,2,0,0,0
13,21 Jul 2026,,4t9tcu60oclmnc9jysz7jsb2s,Bulat Sariev,FC Thun,GNK Dinamo Zagreb,N. Maier,0,0,1,0,0,1,0,0,17,0,0,1,1,4,0
13,21 Jul 2026,,4t9tcu60oclmnc9jysz7jsb2s,Bulat Sariev,FC Thun,GNK Dinamo Zagreb,B. Labeau,0,2,1,0,1,1,1,0,27,0,0,3,1,2,0
13,21 Jul 2026,,4t9tcu60oclmnc9jysz7jsb2s,Bulat Sariev,FC Thun,GNK Dinamo Zagreb,V. Matoshi,0,1,0,0,2,1,0,0,39,0,0,3,1,3,0
13,21 Jul 2026,,4t9tcu60oclmnc9jysz7jsb2s,Bulat Sariev,FC Thun,GNK Dinamo Zagreb,N. Steffen,0,0,0,0,0,0,0,0,29,0,3,0,0,0,0
13,21 Jul 2026,,4t9tcu60oclmnc9jysz7jsb2s,Bulat Sariev,FC Thun,GNK Dinamo Zagreb,J. Bamert,0,0,0,0,2,0,0,0,27,0,0,1,0,2,0
13,21 Jul 2026,,4t9tcu60oclmnc9jysz7jsb2s,Bulat Sariev,FC Thun,GNK Dinamo Zagreb,F. Fehr,1,1,0,8,2,4,0,0,16,0,0,2,0,5,1
13,21 Jul 2026,,4t9tcu60oclmnc9jysz7jsb2s,Bulat Sariev,FC Thun,GNK Dinamo Zagreb,N. Zoukit,0,1,1,0,0,0,0,0,7,0,0,1,0,2,0
13,21 Jul 2026,,4t9tcu60oclmnc9jysz7jsb2s,Bulat Sariev,FC Thun,GNK Dinamo Zagreb,M. Gutbub,0,0,0,0,0,0,0,1,3,0,0,0,0,0,0
13,21 Jul 2026,,4t9tcu60oclmnc9jysz7jsb2s,Bulat Sariev,FC Thun,GNK Dinamo Zagreb,C. Ibayi,0,0,0,1,2,0,0,0,5,0,0,0,0,0,0
13,21 Jul 2026,,4t9tcu60oclmnc9jysz7jsb2s,Bulat Sariev,FC Thun,GNK Dinamo Zagreb,N. Bürgy,0,0,0,0,0,0,0,0,1,0,0,0,0,0,0
13,21 Jul 2026,,4t9tcu60oclmnc9jysz7jsb2s,Bulat Sariev,FC Thun,GNK Dinamo Zagreb,Lucien Dähler,0,0,0,0,0,0,0,0,0,0,0,0,0,0,0
13,21 Jul 2026,,4t9tcu60oclmnc9jysz7jsb2s,Bulat Sariev,FC Thun,GNK Dinamo Zagreb,M. Zajc,0,0,0,6,1,3,1,0,36,0,0,3,1,0,1
13,21 Jul 2026,,4t9tcu60oclmnc9jysz7jsb2s,Bulat Sariev,FC Thun,GNK Dinamo Zagreb,I. Filipović,0,0,0,0,0,1,0,0,20,0,2,0,0,0,0
13,21 Jul 2026,,4t9tcu60oclmnc9jysz7jsb2s,Bulat Sariev,FC Thun,GNK Dinamo Zagreb,D. Beljo,0,0,0,0,3,4,0,1,18,0,0,1,1,0,0
13,21 Jul 2026,,4t9tcu60oclmnc9jysz7jsb2s,Bulat Sariev,FC Thun,GNK Dinamo Zagreb,G. Vidović,0,1,0,0,0,2,0,0,23,0,0,2,0,5,0
13,21 Jul 2026,,4t9tcu60oclmnc9jysz7jsb2s,Bulat Sariev,FC Thun,GNK Dinamo Zagreb,Sergi Domínguez,0,0,0,0,0,1,0,0,36,0,0,0,0,6,0
13,21 Jul 2026,,4t9tcu60oclmnc9jysz7jsb2s,Bulat Sariev,FC Thun,GNK Dinamo Zagreb,M. Valinčić,0,0,1,3,1,1,0,0,58,0,0,1,1,1,0
13,21 Jul 2026,,4t9tcu60oclmnc9jysz7jsb2s,Bulat Sariev,FC Thun,GNK Dinamo Zagreb,J. Mišić,0,0,0,0,1,1,0,0,63,0,0,2,0,3,0
13,21 Jul 2026,,4t9tcu60oclmnc9jysz7jsb2s,Bulat Sariev,FC Thun,GNK Dinamo Zagreb,M. Lisica,0,2,0,1,4,1,0,0,20,0,0,3,0,1,1
13,21 Jul 2026,,4t9tcu60oclmnc9jysz7jsb2s,Bulat Sariev,FC Thun,GNK Dinamo Zagreb,M. Oršić,0,2,3,6,1,1,0,1,30,0,0,4,2,2,0
13,21 Jul 2026,,4t9tcu60oclmnc9jysz7jsb2s,Bulat Sariev,FC Thun,GNK Dinamo Zagreb,B. Goda,0,0,0,1,1,2,0,0,48,0,0,0,0,1,0
13,21 Jul 2026,,4t9tcu60oclmnc9jysz7jsb2s,Bulat Sariev,FC Thun,GNK Dinamo Zagreb,S. McKenna,0,0,1,0,0,0,0,0,47,0,0,3,1,0,0
13,21 Jul 2026,,4t9tcu60oclmnc9jysz7jsb2s,Bulat Sariev,FC Thun,GNK Dinamo Zagreb,A. Hoxha,0,0,0,3,1,1,0,1,4,0,0,0,0,0,0
13,21 Jul 2026,,4t9tcu60oclmnc9jysz7jsb2s,Bulat Sariev,FC Thun,GNK Dinamo Zagreb,F. Topić,1,0,0,0,0,1,0,0,4,0,0,1,0,0,0
13,21 Jul 2026,,4t9tcu60oclmnc9jysz7jsb2s,Bulat Sariev,FC Thun,GNK Dinamo Zagreb,L. Kačavenda,0,0,0,1,0,0,0,0,3,0,0,0,0,0,0
14,28 Jul 2026,,53co7uhx9h3384rrt6uzj5no4,Radoslav Gidzhenov,GNK Dinamo Zagreb,FC Thun,M. Zajc,0,1,3,7,1,1,0,0,43,0,0,3,1,1,1
14,28 Jul 2026,,53co7uhx9h3384rrt6uzj5no4,Radoslav Gidzhenov,GNK Dinamo Zagreb,FC Thun,I. Filipović,0,0,0,0,0,0,0,0,34,0,1,0,0,0,0
14,28 Jul 2026,,53co7uhx9h3384rrt6uzj5no4,Radoslav Gidzhenov,GNK Dinamo Zagreb,FC Thun,D. Beljo,0,1,0,0,0,2,1,0,14,0,0,4,1,0,0
14,28 Jul 2026,,53co7uhx9h3384rrt6uzj5no4,Radoslav Gidzhenov,GNK Dinamo Zagreb,FC Thun,M. Valinčić,1,0,2,5,1,0,0,0,71,0,0,1,0,3,0
14,28 Jul 2026,,53co7uhx9h3384rrt6uzj5no4,Radoslav Gidzhenov,GNK Dinamo Zagreb,FC Thun,M. Lisica,0,0,1,6,0,0,0,0,22,0,0,0,0,0,0
14,28 Jul 2026,,53co7uhx9h3384rrt6uzj5no4,Radoslav Gidzhenov,GNK Dinamo Zagreb,FC Thun,G. Vidović,0,1,0,0,2,1,0,0,21,0,0,1,0,1,0
14,28 Jul 2026,,53co7uhx9h3384rrt6uzj5no4,Radoslav Gidzhenov,GNK Dinamo Zagreb,FC Thun,J. Mišić,0,1,0,1,2,0,0,0,93,0,0,3,0,0,1
14,28 Jul 2026,,53co7uhx9h3384rrt6uzj5no4,Radoslav Gidzhenov,GNK Dinamo Zagreb,FC Thun,Sergi Domínguez,0,1,0,0,0,0,0,0,112,0,0,1,0,1,0
14,28 Jul 2026,,53co7uhx9h3384rrt6uzj5no4,Radoslav Gidzhenov,GNK Dinamo Zagreb,FC Thun,S. McKenna,0,1,0,0,1,0,0,0,94,0,0,2,0,1,0
14,28 Jul 2026,,53co7uhx9h3384rrt6uzj5no4,Radoslav Gidzhenov,GNK Dinamo Zagreb,FC Thun,B. Goda,0,0,1,2,1,0,0,0,30,0,0,1,0,0,1
14,28 Jul 2026,,53co7uhx9h3384rrt6uzj5no4,Radoslav Gidzhenov,GNK Dinamo Zagreb,FC Thun,M. Oršić,0,1,1,6,0,0,0,0,18,0,0,2,0,0,0
14,28 Jul 2026,,53co7uhx9h3384rrt6uzj5no4,Radoslav Gidzhenov,GNK Dinamo Zagreb,FC Thun,M. Pérez Vinlöf,0,0,0,5,0,1,0,0,27,0,0,2,1,0,0
14,28 Jul 2026,,53co7uhx9h3384rrt6uzj5no4,Radoslav Gidzhenov,GNK Dinamo Zagreb,FC Thun,F. Topić,1,0,3,3,0,1,0,0,13,0,0,1,0,0,1
14,28 Jul 2026,,53co7uhx9h3384rrt6uzj5no4,Radoslav Gidzhenov,GNK Dinamo Zagreb,FC Thun,L. Kačavenda,0,0,0,1,3,2,1,0,17,0,0,2,1,0,0
14,28 Jul 2026,,53co7uhx9h3384rrt6uzj5no4,Radoslav Gidzhenov,GNK Dinamo Zagreb,FC Thun,A. Hoxha,0,0,0,2,0,0,0,0,10,0,0,0,0,0,0
14,28 Jul 2026,,53co7uhx9h3384rrt6uzj5no4,Radoslav Gidzhenov,GNK Dinamo Zagreb,FC Thun,P. Tabinas,0,0,0,0,0,0,0,0,0,0,0,0,0,0,0
14,28 Jul 2026,,53co7uhx9h3384rrt6uzj5no4,Radoslav Gidzhenov,GNK Dinamo Zagreb,FC Thun,N. Galešić,0,0,0,0,0,0,0,0,0,0,0,0,0,0,0
14,28 Jul 2026,,53co7uhx9h3384rrt6uzj5no4,Radoslav Gidzhenov,GNK Dinamo Zagreb,FC Thun,S. Radeljić,0,0,0,0,0,0,0,0,0,0,0,0,0,0,0
14,28 Jul 2026,,53co7uhx9h3384rrt6uzj5no4,Radoslav Gidzhenov,GNK Dinamo Zagreb,FC Thun,M. Bürki,0,0,0,0,2,1,1,0,30,1,0,1,1,0,0
14,28 Jul 2026,,53co7uhx9h3384rrt6uzj5no4,Radoslav Gidzhenov,GNK Dinamo Zagreb,FC Thun,V. Matoshi,0,1,0,0,0,1,0,0,22,0,0,1,0,1,0
14,28 Jul 2026,,53co7uhx9h3384rrt6uzj5no4,Radoslav Gidzhenov,GNK Dinamo Zagreb,FC Thun,J. Bamert,0,0,0,0,2,0,0,0,22,0,0,0,0,1,0
14,28 Jul 2026,,53co7uhx9h3384rrt6uzj5no4,Radoslav Gidzhenov,GNK Dinamo Zagreb,FC Thun,N. Zoukit,1,0,0,0,0,2,0,0,29,0,0,0,0,1,0
14,28 Jul 2026,,53co7uhx9h3384rrt6uzj5no4,Radoslav Gidzhenov,GNK Dinamo Zagreb,FC Thun,N. Steffen,0,0,0,0,0,1,0,0,39,0,3,0,0,0,0
14,28 Jul 2026,,53co7uhx9h3384rrt6uzj5no4,Radoslav Gidzhenov,GNK Dinamo Zagreb,FC Thun,M. Heule,0,0,0,3,1,0,0,0,25,0,0,0,0,2,0
14,28 Jul 2026,,53co7uhx9h3384rrt6uzj5no4,Radoslav Gidzhenov,GNK Dinamo Zagreb,FC Thun,B. Labeau,0,0,0,0,0,0,1,0,8,0,0,1,1,0,0
14,28 Jul 2026,,53co7uhx9h3384rrt6uzj5no4,Radoslav Gidzhenov,GNK Dinamo Zagreb,FC Thun,F. Dursun,0,0,0,0,0,0,0,0,3,0,0,0,0,0,0
14,28 Jul 2026,,53co7uhx9h3384rrt6uzj5no4,Radoslav Gidzhenov,GNK Dinamo Zagreb,FC Thun,N. Reichmuth,0,2,1,1,2,4,0,0,14,0,0,4,1,2,0
14,28 Jul 2026,,53co7uhx9h3384rrt6uzj5no4,Radoslav Gidzhenov,GNK Dinamo Zagreb,FC Thun,F. Fehr,1,0,0,3,0,0,0,0,15,0,0,0,0,1,0
14,28 Jul 2026,,53co7uhx9h3384rrt6uzj5no4,Radoslav Gidzhenov,GNK Dinamo Zagreb,FC Thun,J. Roth,0,0,0,1,1,0,0,0,23,0,0,0,0,1,0
14,28 Jul 2026,,53co7uhx9h3384rrt6uzj5no4,Radoslav Gidzhenov,GNK Dinamo Zagreb,FC Thun,M. Gutbub,0,0,0,0,0,0,0,0,3,0,0,0,0,0,0
14,28 Jul 2026,,53co7uhx9h3384rrt6uzj5no4,Radoslav Gidzhenov,GNK Dinamo Zagreb,FC Thun,N. Maier,0,0,0,0,0,1,0,0,3,0,0,0,0,1,0
14,28 Jul 2026,,53co7uhx9h3384rrt6uzj5no4,Radoslav Gidzhenov,GNK Dinamo Zagreb,FC Thun,N. Bürgy,0,0,0,0,0,0,0,0,6,0,0,0,0,0,0
14,28 Jul 2026,,53co7uhx9h3384rrt6uzj5no4,Radoslav Gidzhenov,GNK Dinamo Zagreb,FC Thun,L. Dähler,0,0,0,0,0,0,0,0,2,0,0,0,0,1,0
14,28 Jul 2026,,53co7uhx9h3384rrt6uzj5no4,Radoslav Gidzhenov,GNK Dinamo Zagreb,FC Thun,C. Ibayi,0,0,0,0,0,0,0,0,0,0,0,0,0,0,0
14,28 Jul 2026,,53co7uhx9h3384rrt6uzj5no4,Radoslav Gidzhenov,GNK Dinamo Zagreb,FC Thun,L. Stewart,0,0,0,0,0,0,0,0,0,0,0,0,0,0,0
19,19 Aug 2026,,67ktgodpyudu40wlycuj6ckr8,Felix Zwayer,ŠK Slovan Bratislava,NK Celje,C. Martínez,1,1,2,3,1,0,0,0,37,0,0,1,0,1,0
19,19 Aug 2026,,67ktgodpyudu40wlycuj6ckr8,Felix Zwayer,ŠK Slovan Bratislava,NK Celje,P. Pokorný,0,1,0,0,2,1,0,0,48,0,0,1,0,1,0
19,19 Aug 2026,,67ktgodpyudu40wlycuj6ckr8,Felix Zwayer,ŠK Slovan Bratislava,NK Celje,S. Marković,0,0,0,0,0,1,0,0,67,0,0,0,0,2,0
19,19 Aug 2026,,67ktgodpyudu40wlycuj6ckr8,Felix Zwayer,ŠK Slovan Bratislava,NK Celje,T. Barseghyan,0,1,0,6,1,4,0,0,29,0,0,1,0,1,0
19,19 Aug 2026,,67ktgodpyudu40wlycuj6ckr8,Felix Zwayer,ŠK Slovan Bratislava,NK Celje,C. Blackman,0,1,0,4,2,1,0,0,51,0,0,1,0,3,1
19,19 Aug 2026,,67ktgodpyudu40wlycuj6ckr8,Felix Zwayer,ŠK Slovan Bratislava,NK Celje,Sandro Cruz,0,1,0,3,2,0,0,0,62,0,0,1,0,4,0
19,19 Aug 2026,,67ktgodpyudu40wlycuj6ckr8,Felix Zwayer,ŠK Slovan Bratislava,NK Celje,S. Camara,0,0,0,3,1,2,0,0,7,0,0,1,0,0,0
19,19 Aug 2026,,67ktgodpyudu40wlycuj6ckr8,Felix Zwayer,ŠK Slovan Bratislava,NK Celje,K. Bajrič,0,0,0,0,1,2,0,0,76,0,0,0,0,0,1
19,19 Aug 2026,,67ktgodpyudu40wlycuj6ckr8,Felix Zwayer,ŠK Slovan Bratislava,NK Celje,D. Takáč,0,0,0,0,0,0,0,0,24,0,3,0,0,0,0
19,19 Aug 2026,,67ktgodpyudu40wlycuj6ckr8,Felix Zwayer,ŠK Slovan Bratislava,NK Celje,R. Čerepkai,0,0,1,0,0,0,1,0,6,0,0,3,1,0,0
19,19 Aug 2026,,67ktgodpyudu40wlycuj6ckr8,Felix Zwayer,ŠK Slovan Bratislava,NK Celje,A. Mustafić,0,0,0,0,2,0,0,0,24,0,0,1,0,3,0
19,19 Aug 2026,,67ktgodpyudu40wlycuj6ckr8,Felix Zwayer,ŠK Slovan Bratislava,NK Celje,A. Yirajang,0,0,0,0,0,1,0,0,14,0,0,1,0,1,0
19,19 Aug 2026,,67ktgodpyudu40wlycuj6ckr8,Felix Zwayer,ŠK Slovan Bratislava,NK Celje,D. Matsuoka,0,0,0,2,0,0,0,0,8,0,0,1,1,0,0
19,19 Aug 2026,,67ktgodpyudu40wlycuj6ckr8,Felix Zwayer,ŠK Slovan Bratislava,NK Celje,M. Kianga,0,0,0,0,0,1,0,0,2,0,0,0,0,1,0
19,19 Aug 2026,,67ktgodpyudu40wlycuj6ckr8,Felix Zwayer,ŠK Slovan Bratislava,NK Celje,R. Ibrahim,0,1,1,0,0,0,0,0,6,0,0,1,0,2,0
19,19 Aug 2026,,67ktgodpyudu40wlycuj6ckr8,Felix Zwayer,ŠK Slovan Bratislava,NK Celje,A. Šporar,0,0,0,0,0,0,0,0,5,0,0,1,0,0,0
19,19 Aug 2026,,67ktgodpyudu40wlycuj6ckr8,Felix Zwayer,ŠK Slovan Bratislava,NK Celje,P. Širvys,0,0,0,1,2,1,0,0,41,0,0,0,0,2,0
19,19 Aug 2026,,67ktgodpyudu40wlycuj6ckr8,Felix Zwayer,ŠK Slovan Bratislava,NK Celje,D. Hrka,0,0,0,0,0,0,0,0,76,0,0,0,0,1,0
19,19 Aug 2026,,67ktgodpyudu40wlycuj6ckr8,Felix Zwayer,ŠK Slovan Bratislava,NK Celje,Ž. Leban,0,0,0,0,0,0,0,0,42,0,1,0,0,0,0
19,19 Aug 2026,,67ktgodpyudu40wlycuj6ckr8,Felix Zwayer,ŠK Slovan Bratislava,NK Celje,A. Tutyškinas,0,0,0,0,2,0,0,0,74,0,0,0,0,1,0
19,19 Aug 2026,,67ktgodpyudu40wlycuj6ckr8,Felix Zwayer,ŠK Slovan Bratislava,NK Celje,M. Avdyli,0,0,0,2,1,2,1,1,42,0,0,1,1,1,1
19,19 Aug 2026,,67ktgodpyudu40wlycuj6ckr8,Felix Zwayer,ŠK Slovan Bratislava,NK Celje,P. Daniel,0,0,0,0,0,1,0,0,49,0,0,1,1,3,0
19,19 Aug 2026,,67ktgodpyudu40wlycuj6ckr8,Felix Zwayer,ŠK Slovan Bratislava,NK Celje,M. Zabukovnik,0,0,0,0,1,0,0,0,56,0,0,0,0,2,1
19,19 Aug 2026,,67ktgodpyudu40wlycuj6ckr8,Felix Zwayer,ŠK Slovan Bratislava,NK Celje,M. Kvesić,1,1,0,1,1,2,0,0,24,0,0,1,0,2,0
19,19 Aug 2026,,67ktgodpyudu40wlycuj6ckr8,Felix Zwayer,ŠK Slovan Bratislava,NK Celje,M. Ivanšek,0,0,0,0,0,1,0,1,13,0,0,0,0,1,0
19,19 Aug 2026,,67ktgodpyudu40wlycuj6ckr8,Felix Zwayer,ŠK Slovan Bratislava,NK Celje,A. Kučys,0,0,0,0,0,0,0,2,9,0,0,0,0,1,0
19,19 Aug 2026,,67ktgodpyudu40wlycuj6ckr8,Felix Zwayer,ŠK Slovan Bratislava,NK Celje,S. Sešlar,0,0,0,0,3,2,0,0,35,0,0,0,0,2,0
19,19 Aug 2026,,67ktgodpyudu40wlycuj6ckr8,Felix Zwayer,ŠK Slovan Bratislava,NK Celje,B. Verbič,0,2,0,0,2,0,0,0,10,0,0,2,0,2,0
19,19 Aug 2026,,67ktgodpyudu40wlycuj6ckr8,Felix Zwayer,ŠK Slovan Bratislava,NK Celje,A. Kotnik,0,1,0,0,1,0,0,0,8,0,0,3,2,0,0
19,19 Aug 2026,,67ktgodpyudu40wlycuj6ckr8,Felix Zwayer,ŠK Slovan Bratislava,NK Celje,A. Dionkou,0,0,0,0,0,0,0,1,6,0,0,0,0,0,0
19,19 Aug 2026,,67ktgodpyudu40wlycuj6ckr8,Felix Zwayer,ŠK Slovan Bratislava,NK Celje,I. Ćalušić,0,0,0,0,0,0,0,0,7,0,0,0,0,0,0
19,19 Aug 2026,,67ktgodpyudu40wlycuj6ckr8,Felix Zwayer,ŠK Slovan Bratislava,NK Celje,Y. Dukuly,0,0,0,0,0,2,0,0,5,0,0,0,0,0,0
56,11 Aug 2026,,arklej9ifd3uvq5359yhzeqs4,István Kovács,FK Bodø / Glimt,Royale Union Saint-Gilloise,S. Fet,0,1,0,2,0,4,0,0,35,0,0,1,0,2,0
56,11 Aug 2026,,arklej9ifd3uvq5359yhzeqs4,István Kovács,FK Bodø / Glimt,Royale Union Saint-Gilloise,N. Haikin,0,0,0,0,0,0,0,0,24,0,2,0,0,0,0
56,11 Aug 2026,,arklej9ifd3uvq5359yhzeqs4,István Kovács,FK Bodø / Glimt,Royale Union Saint-Gilloise,O. Brynhildsen,0,0,0,1,2,0,0,0,11,0,0,1,0,0,0
56,11 Aug 2026,,arklej9ifd3uvq5359yhzeqs4,István Kovács,FK Bodø / Glimt,Royale Union Saint-Gilloise,O. Bjørtuft,0,0,0,0,0,1,0,0,117,0,0,0,0,2,0
56,11 Aug 2026,,arklej9ifd3uvq5359yhzeqs4,István Kovács,FK Bodø / Glimt,Royale Union Saint-Gilloise,S. Auklend,0,1,2,0,1,1,0,1,25,0,0,1,0,1,1
56,11 Aug 2026,,arklej9ifd3uvq5359yhzeqs4,István Kovács,FK Bodø / Glimt,Royale Union Saint-Gilloise,J. Gundersen,0,0,0,0,0,0,0,0,66,0,0,0,0,0,0
56,11 Aug 2026,,arklej9ifd3uvq5359yhzeqs4,István Kovács,FK Bodø / Glimt,Royale Union Saint-Gilloise,F. Bjørkan,0,0,0,2,2,0,0,0,83,0,0,0,0,2,0
56,11 Aug 2026,,arklej9ifd3uvq5359yhzeqs4,István Kovács,FK Bodø / Glimt,Royale Union Saint-Gilloise,P. Berg,0,0,0,1,0,0,0,0,65,0,0,2,0,5,0
56,11 Aug 2026,,arklej9ifd3uvq5359yhzeqs4,István Kovács,FK Bodø / Glimt,Royale Union Saint-Gilloise,F. Sjøvold,0,0,1,1,1,0,0,0,83,0,0,1,1,6,0
56,11 Aug 2026,,arklej9ifd3uvq5359yhzeqs4,István Kovács,FK Bodø / Glimt,Royale Union Saint-Gilloise,O. Blomberg,0,0,2,6,0,1,1,0,45,0,0,1,1,1,0
56,11 Aug 2026,,arklej9ifd3uvq5359yhzeqs4,István Kovács,FK Bodø / Glimt,Royale Union Saint-Gilloise,J. Hauge,1,1,1,0,0,1,1,0,55,0,0,3,1,0,0
56,11 Aug 2026,,arklej9ifd3uvq5359yhzeqs4,István Kovács,FK Bodø / Glimt,Royale Union Saint-Gilloise,H. Aleesami,0,0,0,0,1,1,0,0,54,0,0,0,0,0,0
56,11 Aug 2026,,arklej9ifd3uvq5359yhzeqs4,István Kovács,FK Bodø / Glimt,Royale Union Saint-Gilloise,A. Helmersen,1,0,0,0,1,0,0,0,4,0,0,2,2,0,0
56,11 Aug 2026,,arklej9ifd3uvq5359yhzeqs4,István Kovács,FK Bodø / Glimt,Royale Union Saint-Gilloise,J. Kitolano,0,0,0,0,0,0,0,0,7,0,0,0,0,1,0
56,11 Aug 2026,,arklej9ifd3uvq5359yhzeqs4,István Kovács,FK Bodø / Glimt,Royale Union Saint-Gilloise,I. Määttä,0,0,0,0,0,0,0,0,0,0,0,0,0,0,0
56,11 Aug 2026,,arklej9ifd3uvq5359yhzeqs4,István Kovács,FK Bodø / Glimt,Royale Union Saint-Gilloise,U. Saltnes,0,0,0,0,0,0,0,0,0,0,0,0,0,0,0
56,11 Aug 2026,,arklej9ifd3uvq5359yhzeqs4,István Kovács,FK Bodø / Glimt,Royale Union Saint-Gilloise,V. Nielsen,0,0,0,0,0,0,0,0,0,0,0,0,0,0,0
56,11 Aug 2026,,arklej9ifd3uvq5359yhzeqs4,István Kovács,FK Bodø / Glimt,Royale Union Saint-Gilloise,N. Havenaar,0,0,0,0,1,0,0,0,46,0,0,0,0,2,0
56,11 Aug 2026,,arklej9ifd3uvq5359yhzeqs4,István Kovács,FK Bodø / Glimt,Royale Union Saint-Gilloise,B. Zeneli,0,0,0,2,1,0,0,0,31,0,0,0,0,0,0
56,11 Aug 2026,,arklej9ifd3uvq5359yhzeqs4,István Kovács,FK Bodø / Glimt,Royale Union Saint-Gilloise,K. Van de Perre,0,0,0,0,1,1,0,0,32,1,0,0,0,0,2
56,11 Aug 2026,,arklej9ifd3uvq5359yhzeqs4,István Kovács,FK Bodø / Glimt,Royale Union Saint-Gilloise,M. Sylla,0,0,0,0,0,2,0,0,56,0,0,0,0,1,0
56,11 Aug 2026,,arklej9ifd3uvq5359yhzeqs4,István Kovács,FK Bodø / Glimt,Royale Union Saint-Gilloise,A. Zorgane,0,0,0,0,0,1,0,0,42,0,0,0,0,2,0
56,11 Aug 2026,,arklej9ifd3uvq5359yhzeqs4,István Kovács,FK Bodø / Glimt,Royale Union Saint-Gilloise,D. Olaru,1,1,0,1,1,1,0,1,18,0,0,2,1,0,0
56,11 Aug 2026,,arklej9ifd3uvq5359yhzeqs4,István Kovács,FK Bodø / Glimt,Royale Union Saint-Gilloise,Guilherme Smith,0,2,1,5,0,0,1,0,20,0,0,3,1,1,1
56,11 Aug 2026,,arklej9ifd3uvq5359yhzeqs4,István Kovács,FK Bodø / Glimt,Royale Union Saint-Gilloise,L. Patris,1,0,0,6,1,0,0,0,33,0,0,2,0,5,0
56,11 Aug 2026,,arklej9ifd3uvq5359yhzeqs4,István Kovács,FK Bodø / Glimt,Royale Union Saint-Gilloise,V. Chambaere,0,0,0,0,0,0,0,0,22,0,3,0,0,0,0
56,11 Aug 2026,,arklej9ifd3uvq5359yhzeqs4,István Kovács,FK Bodø / Glimt,Royale Union Saint-Gilloise,K. Mac Allister,0,0,0,0,2,2,0,0,50,0,0,0,0,2,0
56,11 Aug 2026,,arklej9ifd3uvq5359yhzeqs4,István Kovács,FK Bodø / Glimt,Royale Union Saint-Gilloise,P. David,0,0,0,0,1,1,0,1,3,0,0,5,1,1,0
56,11 Aug 2026,,arklej9ifd3uvq5359yhzeqs4,István Kovács,FK Bodø / Glimt,Royale Union Saint-Gilloise,M. Fuseini,0,0,0,0,0,0,1,0,4,0,0,3,1,0,0
56,11 Aug 2026,,arklej9ifd3uvq5359yhzeqs4,István Kovács,FK Bodø / Glimt,Royale Union Saint-Gilloise,R. Schoofs,0,0,0,0,0,0,0,0,11,0,0,0,0,0,0
56,11 Aug 2026,,arklej9ifd3uvq5359yhzeqs4,István Kovács,FK Bodø / Glimt,Royale Union Saint-Gilloise,M. Biondic,0,0,0,0,1,0,0,0,5,0,0,2,0,0,0
56,11 Aug 2026,,arklej9ifd3uvq5359yhzeqs4,István Kovács,FK Bodø / Glimt,Royale Union Saint-Gilloise,R. Mofokeng,0,0,0,0,0,0,0,0,0,0,0,0,0,0,0
56,11 Aug 2026,,arklej9ifd3uvq5359yhzeqs4,István Kovács,FK Bodø / Glimt,Royale Union Saint-Gilloise,R. Florucz,0,0,0,0,0,0,0,0,0,0,0,0,0,0,0
56,11 Aug 2026,,arklej9ifd3uvq5359yhzeqs4,István Kovács,FK Bodø / Glimt,Royale Union Saint-Gilloise,O. Niang,0,0,0,0,0,0,0,0,0,0,0,0,0,0,0
57,11 Aug 2026,,aru4w4y6zz93env8o7ibyepec,Alejandro José Hernández Hernández,SK Sturm Graz,Fenerbahçe SK,P. Petrović,0,0,0,0,1,1,0,0,43,0,0,1,0,2,0
57,11 Aug 2026,,aru4w4y6zz93env8o7ibyepec,Alejandro José Hernández Hernández,SK Sturm Graz,Fenerbahçe SK,D. Khudyakov,0,0,0,0,0,0,0,0,25,0,5,0,0,0,0
57,11 Aug 2026,,aru4w4y6zz93env8o7ibyepec,Alejandro José Hernández Hernández,SK Sturm Graz,Fenerbahçe SK,J. Gorenc Stankovič,0,0,0,0,1,2,0,0,47,0,0,1,1,5,0
57,11 Aug 2026,,aru4w4y6zz93env8o7ibyepec,Alejandro José Hernández Hernández,SK Sturm Graz,Fenerbahçe SK,S. Seidl,0,3,2,12,0,1,0,0,42,0,0,3,0,1,0
57,11 Aug 2026,,aru4w4y6zz93env8o7ibyepec,Alejandro José Hernández Hernández,SK Sturm Graz,Fenerbahçe SK,J. Mitchell,0,0,0,0,1,2,0,0,26,0,0,0,0,1,1
57,11 Aug 2026,,aru4w4y6zz93env8o7ibyepec,Alejandro José Hernández Hernández,SK Sturm Graz,Fenerbahçe SK,S. Jatta,0,0,0,0,2,0,0,0,6,0,0,1,0,0,0
57,11 Aug 2026,,aru4w4y6zz93env8o7ibyepec,Alejandro José Hernández Hernández,SK Sturm Graz,Fenerbahçe SK,E. Soglo,0,0,2,1,0,2,0,0,42,0,0,2,0,4,0
57,11 Aug 2026,,aru4w4y6zz93env8o7ibyepec,Alejandro José Hernández Hernández,SK Sturm Graz,Fenerbahçe SK,L. Weinhandl,0,1,0,2,1,1,0,0,40,0,0,2,0,5,0
57,11 Aug 2026,,aru4w4y6zz93env8o7ibyepec,Alejandro José Hernández Hernández,SK Sturm Graz,Fenerbahçe SK,A. Kayombo,0,2,0,0,0,1,0,1,7,0,0,5,0,0,0
57,11 Aug 2026,,aru4w4y6zz93env8o7ibyepec,Alejandro José Hernández Hernández,SK Sturm Graz,Fenerbahçe SK,A. Malić,0,0,0,1,2,0,0,0,24,0,0,0,0,2,0
57,11 Aug 2026,,aru4w4y6zz93env8o7ibyepec,Alejandro José Hernández Hernández,SK Sturm Graz,Fenerbahçe SK,J. Hödl,0,3,2,4,1,1,0,0,30,0,0,3,0,3,0
57,11 Aug 2026,,aru4w4y6zz93env8o7ibyepec,Alejandro José Hernández Hernández,SK Sturm Graz,Fenerbahçe SK,J. Heil,0,0,0,2,0,0,0,0,17,0,0,0,0,2,0
57,11 Aug 2026,,aru4w4y6zz93env8o7ibyepec,Alejandro José Hernández Hernández,SK Sturm Graz,Fenerbahçe SK,N. Weiper,0,0,0,0,1,0,0,0,7,0,0,0,0,1,0
57,11 Aug 2026,,aru4w4y6zz93env8o7ibyepec,Alejandro José Hernández Hernández,SK Sturm Graz,Fenerbahçe SK,B. Beganović,0,0,1,1,1,1,0,0,5,0,0,1,1,0,0
57,11 Aug 2026,,aru4w4y6zz93env8o7ibyepec,Alejandro José Hernández Hernández,SK Sturm Graz,Fenerbahçe SK,R. Fosso,0,0,0,0,1,0,0,0,15,0,0,0,0,0,1
57,11 Aug 2026,,aru4w4y6zz93env8o7ibyepec,Alejandro José Hernández Hernández,SK Sturm Graz,Fenerbahçe SK,P. Koller,0,0,0,0,0,1,0,0,9,0,0,0,0,0,0
57,11 Aug 2026,,aru4w4y6zz93env8o7ibyepec,Alejandro José Hernández Hernández,SK Sturm Graz,Fenerbahçe SK,Talisca,0,0,0,0,2,1,1,0,8,0,0,4,3,0,0
57,11 Aug 2026,,aru4w4y6zz93env8o7ibyepec,Alejandro José Hernández Hernández,SK Sturm Graz,Fenerbahçe SK,M. Guendouzi,0,0,0,1,0,3,0,0,49,0,0,0,0,2,0
57,11 Aug 2026,,aru4w4y6zz93env8o7ibyepec,Alejandro José Hernández Hernández,SK Sturm Graz,Fenerbahçe SK,Nélson Semedo,0,0,0,0,3,1,0,0,33,0,0,0,0,1,1
57,11 Aug 2026,,aru4w4y6zz93env8o7ibyepec,Alejandro José Hernández Hernández,SK Sturm Graz,Fenerbahçe SK,M. Škriniar,0,0,1,0,0,2,0,0,42,0,0,0,0,5,0
57,11 Aug 2026,,aru4w4y6zz93env8o7ibyepec,Alejandro José Hernández Hernández,SK Sturm Graz,Fenerbahçe SK,N. Kanté,0,0,0,0,2,0,0,0,39,0,0,1,0,9,0
57,11 Aug 2026,,aru4w4y6zz93env8o7ibyepec,Alejandro José Hernández Hernández,SK Sturm Graz,Fenerbahçe SK,A. Brown,0,0,0,3,1,1,0,0,18,0,0,0,0,3,1
57,11 Aug 2026,,aru4w4y6zz93env8o7ibyepec,Alejandro José Hernández Hernández,SK Sturm Graz,Fenerbahçe SK,M. Günok,0,0,0,0,0,1,0,0,35,0,2,0,0,0,0
57,11 Aug 2026,,aru4w4y6zz93env8o7ibyepec,Alejandro José Hernández Hernández,SK Sturm Graz,Fenerbahçe SK,N. Aké,0,0,0,0,0,0,0,0,38,0,0,0,0,1,0
57,11 Aug 2026,,aru4w4y6zz93env8o7ibyepec,Alejandro José Hernández Hernández,SK Sturm Graz,Fenerbahçe SK,Marco Asensio,0,0,1,2,0,0,0,0,26,0,0,1,0,0,0
57,11 Aug 2026,,aru4w4y6zz93env8o7ibyepec,Alejandro José Hernández Hernández,SK Sturm Graz,Fenerbahçe SK,K. Aktürkoğlu,0,0,1,4,1,0,0,0,23,0,0,3,3,3,1
57,11 Aug 2026,,aru4w4y6zz93env8o7ibyepec,Alejandro José Hernández Hernández,SK Sturm Graz,Fenerbahçe SK,M. Greenwood,0,1,2,0,1,1,0,0,35,0,0,1,0,0,0
57,11 Aug 2026,,aru4w4y6zz93env8o7ibyepec,Alejandro José Hernández Hernández,SK Sturm Graz,Fenerbahçe SK,Fred,0,0,1,0,0,0,0,0,16,0,0,0,0,1,0
57,11 Aug 2026,,aru4w4y6zz93env8o7ibyepec,Alejandro José Hernández Hernández,SK Sturm Graz,Fenerbahçe SK,O. Aydın,0,0,0,0,0,0,0,0,17,0,0,0,0,0,0
57,11 Aug 2026,,aru4w4y6zz93env8o7ibyepec,Alejandro José Hernández Hernández,SK Sturm Graz,Fenerbahçe SK,M. Müldür,0,0,0,0,0,0,0,0,10,0,0,0,0,1,0
57,11 Aug 2026,,aru4w4y6zz93env8o7ibyepec,Alejandro José Hernández Hernández,SK Sturm Graz,Fenerbahçe SK,İ. Yüksek,0,1,0,0,2,0,0,0,6,0,0,1,0,2,0
57,11 Aug 2026,,aru4w4y6zz93env8o7ibyepec,Alejandro José Hernández Hernández,SK Sturm Graz,Fenerbahçe SK,V. Muriqi,0,0,0,0,1,2,0,0,3,0,0,0,0,0,0
58,11 Aug 2026,,ash5acxcd6bdpdcqt1baxnf9w,Szymon Marciniak,Lyon,AC Sparta Praha,T. Tessmann,0,0,0,0,2,1,0,0,29,0,0,0,0,1,0
58,11 Aug 2026,,ash5acxcd6bdpdcqt1baxnf9w,Szymon Marciniak,Lyon,AC Sparta Praha,D. Greif,0,0,0,0,0,0,0,0,23,0,1,0,0,0,0
58,11 Aug 2026,,ash5acxcd6bdpdcqt1baxnf9w,Szymon Marciniak,Lyon,AC Sparta Praha,M. Niakhaté,0,0,0,0,3,1,0,0,92,0,0,0,0,2,0
58,11 Aug 2026,,ash5acxcd6bdpdcqt1baxnf9w,Szymon Marciniak,Lyon,AC Sparta Praha,E. Nuamah,0,0,1,3,0,3,1,0,22,0,0,2,1,3,0
58,11 Aug 2026,,ash5acxcd6bdpdcqt1baxnf9w,Szymon Marciniak,Lyon,AC Sparta Praha,C. Tolisso,1,0,0,4,0,2,0,0,42,0,0,3,1,3,0
58,11 Aug 2026,,ash5acxcd6bdpdcqt1baxnf9w,Szymon Marciniak,Lyon,AC Sparta Praha,R. Kluivert,0,0,0,0,5,1,0,0,64,0,0,0,0,3,0
58,11 Aug 2026,,ash5acxcd6bdpdcqt1baxnf9w,Szymon Marciniak,Lyon,AC Sparta Praha,Abner Vinícius,0,0,1,2,0,0,0,0,65,0,0,0,0,1,0
58,11 Aug 2026,,ash5acxcd6bdpdcqt1baxnf9w,Szymon Marciniak,Lyon,AC Sparta Praha,M. Fofana,0,1,3,2,2,2,0,0,32,0,0,5,4,1,0
58,11 Aug 2026,,ash5acxcd6bdpdcqt1baxnf9w,Szymon Marciniak,Lyon,AC Sparta Praha,A. Maitland-Niles,0,0,0,1,3,0,1,0,41,0,0,1,1,2,1
58,11 Aug 2026,,ash5acxcd6bdpdcqt1baxnf9w,Szymon Marciniak,Lyon,AC Sparta Praha,T. Morton,0,1,0,1,1,0,1,0,62,0,0,4,2,1,0
58,11 Aug 2026,,ash5acxcd6bdpdcqt1baxnf9w,Szymon Marciniak,Lyon,AC Sparta Praha,L. Openda,0,1,2,2,4,1,0,2,10,0,0,3,1,0,0
58,11 Aug 2026,,ash5acxcd6bdpdcqt1baxnf9w,Szymon Marciniak,Lyon,AC Sparta Praha,Clinton Mata,0,0,0,0,0,0,0,0,13,0,0,0,0,1,0
58,11 Aug 2026,,ash5acxcd6bdpdcqt1baxnf9w,Szymon Marciniak,Lyon,AC Sparta Praha,K. Boudache,0,0,0,0,0,1,0,0,5,0,0,1,1,0,0
58,11 Aug 2026,,ash5acxcd6bdpdcqt1baxnf9w,Szymon Marciniak,Lyon,AC Sparta Praha,M. Ouédraogo,0,0,0,0,0,0,0,0,7,0,0,0,0,0,0
58,11 Aug 2026,,ash5acxcd6bdpdcqt1baxnf9w,Szymon Marciniak,Lyon,AC Sparta Praha,J. Duranville,0,0,0,0,0,0,0,0,1,0,0,0,0,1,0
58,11 Aug 2026,,ash5acxcd6bdpdcqt1baxnf9w,Szymon Marciniak,Lyon,AC Sparta Praha,N. Nartey,0,0,0,0,0,0,0,0,1,0,0,0,0,1,0
58,11 Aug 2026,,ash5acxcd6bdpdcqt1baxnf9w,Szymon Marciniak,Lyon,AC Sparta Praha,M. Ryneš,0,0,0,0,2,0,0,0,61,0,0,0,0,3,1
58,11 Aug 2026,,ash5acxcd6bdpdcqt1baxnf9w,Szymon Marciniak,Lyon,AC Sparta Praha,J. Alcócer,0,1,0,1,0,6,0,0,24,0,0,1,0,1,0
58,11 Aug 2026,,ash5acxcd6bdpdcqt1baxnf9w,Szymon Marciniak,Lyon,AC Sparta Praha,A. Irving,0,0,0,0,2,2,0,0,19,0,0,0,0,0,0
58,11 Aug 2026,,ash5acxcd6bdpdcqt1baxnf9w,Szymon Marciniak,Lyon,AC Sparta Praha,J. Braut Brunes,0,0,0,0,1,3,0,0,4,0,0,1,0,0,0
58,11 Aug 2026,,ash5acxcd6bdpdcqt1baxnf9w,Szymon Marciniak,Lyon,AC Sparta Praha,J. Mercado,0,0,0,4,1,1,0,1,18,0,0,1,0,1,0
58,11 Aug 2026,,ash5acxcd6bdpdcqt1baxnf9w,Szymon Marciniak,Lyon,AC Sparta Praha,A. Ševínský,0,0,0,0,2,0,0,0,28,1,0,0,0,0,0
58,11 Aug 2026,,ash5acxcd6bdpdcqt1baxnf9w,Szymon Marciniak,Lyon,AC Sparta Praha,A. Sørensen,0,0,0,0,1,2,0,0,61,0,0,0,0,2,0
58,11 Aug 2026,,ash5acxcd6bdpdcqt1baxnf9w,Szymon Marciniak,Lyon,AC Sparta Praha,R. Macek,0,1,0,0,1,2,0,0,39,0,0,1,0,2,0
58,11 Aug 2026,,ash5acxcd6bdpdcqt1baxnf9w,Szymon Marciniak,Lyon,AC Sparta Praha,M. Suchomel,0,0,0,0,2,0,0,0,26,0,0,0,0,0,0
58,11 Aug 2026,,ash5acxcd6bdpdcqt1baxnf9w,Szymon Marciniak,Lyon,AC Sparta Praha,A. Karabec,0,0,1,2,1,1,0,0,20,0,0,1,0,0,0
58,11 Aug 2026,,ash5acxcd6bdpdcqt1baxnf9w,Szymon Marciniak,Lyon,AC Sparta Praha,J. Surovčík,0,0,0,0,0,0,0,0,40,0,8,0,0,0,0
58,11 Aug 2026,,ash5acxcd6bdpdcqt1baxnf9w,Szymon Marciniak,Lyon,AC Sparta Praha,J. Zelený,0,0,0,0,0,0,0,0,18,0,0,0,0,0,0
58,11 Aug 2026,,ash5acxcd6bdpdcqt1baxnf9w,Szymon Marciniak,Lyon,AC Sparta Praha,Santiago Eneme,0,0,0,0,0,0,0,0,21,0,0,1,1,2,0
58,11 Aug 2026,,ash5acxcd6bdpdcqt1baxnf9w,Szymon Marciniak,Lyon,AC Sparta Praha,E. Singhateh,0,0,0,0,0,2,0,0,6,0,0,0,0,0,0
58,11 Aug 2026,,ash5acxcd6bdpdcqt1baxnf9w,Szymon Marciniak,Lyon,AC Sparta Praha,H. Sochůrek,0,0,0,0,0,0,0,0,11,0,0,0,0,1,0
58,11 Aug 2026,,ash5acxcd6bdpdcqt1baxnf9w,Szymon Marciniak,Lyon,AC Sparta Praha,V. Vitályos,0,0,0,0,1,0,0,0,12,0,0,0,0,0,0
61,21 Jul 2026,,blx8udpkfd48ndx9a93jskg0k,Manfredas Lukjančukas,Fenerbahçe SK,KS Górnik Zabrze,M. Guendouzi,0,1,1,0,1,2,0,0,105,0,0,1,0,1,0
61,21 Jul 2026,,blx8udpkfd48ndx9a93jskg0k,Manfredas Lukjančukas,Fenerbahçe SK,KS Górnik Zabrze,B. Elmaz,0,1,1,1,1,0,0,0,65,0,0,4,1,2,0
61,21 Jul 2026,,blx8udpkfd48ndx9a93jskg0k,Manfredas Lukjančukas,Fenerbahçe SK,KS Górnik Zabrze,K. Aktürkoğlu,0,0,0,6,0,0,0,0,31,0,0,0,0,1,0
61,21 Jul 2026,,blx8udpkfd48ndx9a93jskg0k,Manfredas Lukjančukas,Fenerbahçe SK,KS Górnik Zabrze,M. Günok,0,0,0,0,0,0,0,0,11,0,1,0,0,0,0
61,21 Jul 2026,,blx8udpkfd48ndx9a93jskg0k,Manfredas Lukjančukas,Fenerbahçe SK,KS Górnik Zabrze,N. Aké,0,0,0,0,0,0,0,0,60,0,0,0,0,1,0
61,21 Jul 2026,,blx8udpkfd48ndx9a93jskg0k,Manfredas Lukjančukas,Fenerbahçe SK,KS Górnik Zabrze,M. Škriniar,0,0,0,0,3,0,0,0,110,0,0,0,0,2,0
61,21 Jul 2026,,blx8udpkfd48ndx9a93jskg0k,Manfredas Lukjančukas,Fenerbahçe SK,KS Górnik Zabrze,J. Oosterwolde,0,1,1,2,2,1,0,0,86,0,0,1,0,3,0
61,21 Jul 2026,,blx8udpkfd48ndx9a93jskg0k,Manfredas Lukjančukas,Fenerbahçe SK,KS Górnik Zabrze,İ. Kahveci,0,0,0,7,2,2,0,0,52,0,0,1,1,3,0
61,21 Jul 2026,,blx8udpkfd48ndx9a93jskg0k,Manfredas Lukjančukas,Fenerbahçe SK,KS Górnik Zabrze,Nélson Semedo,0,0,2,1,1,1,0,0,59,0,0,0,0,1,0
61,21 Jul 2026,,blx8udpkfd48ndx9a93jskg0k,Manfredas Lukjančukas,Fenerbahçe SK,KS Górnik Zabrze,Talisca,0,0,1,0,0,0,1,0,25,0,0,5,4,0,0
61,21 Jul 2026,,blx8udpkfd48ndx9a93jskg0k,Manfredas Lukjančukas,Fenerbahçe SK,KS Górnik Zabrze,Fred,0,1,1,2,1,2,0,0,88,0,0,2,0,2,0
61,21 Jul 2026,,blx8udpkfd48ndx9a93jskg0k,Manfredas Lukjančukas,Fenerbahçe SK,KS Górnik Zabrze,L. Mercan,0,0,1,1,1,1,0,0,36,0,0,0,0,1,0
61,21 Jul 2026,,blx8udpkfd48ndx9a93jskg0k,Manfredas Lukjančukas,Fenerbahçe SK,KS Górnik Zabrze,Marco Asensio,0,0,0,3,1,0,0,0,11,0,0,0,0,0,0
61,21 Jul 2026,,blx8udpkfd48ndx9a93jskg0k,Manfredas Lukjančukas,Fenerbahçe SK,KS Górnik Zabrze,O. Aydın,0,0,0,2,1,0,0,0,17,0,0,0,0,2,0
61,21 Jul 2026,,blx8udpkfd48ndx9a93jskg0k,Manfredas Lukjančukas,Fenerbahçe SK,KS Górnik Zabrze,M. Greenwood,0,0,1,0,1,0,0,0,6,0,0,1,0,0,0
61,21 Jul 2026,,blx8udpkfd48ndx9a93jskg0k,Manfredas Lukjančukas,Fenerbahçe SK,KS Górnik Zabrze,S. Cherif,0,0,0,0,0,0,0,0,1,0,0,0,0,0,0
61,21 Jul 2026,,blx8udpkfd48ndx9a93jskg0k,Manfredas Lukjančukas,Fenerbahçe SK,KS Górnik Zabrze,L. Sadílek,0,0,0,2,0,0,0,0,15,0,0,0,0,0,0
61,21 Jul 2026,,blx8udpkfd48ndx9a93jskg0k,Manfredas Lukjančukas,Fenerbahçe SK,KS Górnik Zabrze,P. Schulze,0,0,0,0,0,0,0,0,24,0,5,0,0,0,0
61,21 Jul 2026,,blx8udpkfd48ndx9a93jskg0k,Manfredas Lukjančukas,Fenerbahçe SK,KS Górnik Zabrze,K. Urbański,0,0,0,0,2,1,0,0,16,0,0,0,0,1,0
61,21 Jul 2026,,blx8udpkfd48ndx9a93jskg0k,Manfredas Lukjančukas,Fenerbahçe SK,KS Górnik Zabrze,M. Sáček,0,0,0,1,0,2,0,0,15,0,0,0,0,4,0
61,21 Jul 2026,,blx8udpkfd48ndx9a93jskg0k,Manfredas Lukjančukas,Fenerbahçe SK,KS Górnik Zabrze,M. Khlan,0,1,1,1,3,0,0,0,11,0,0,1,0,1,0
61,21 Jul 2026,,blx8udpkfd48ndx9a93jskg0k,Manfredas Lukjančukas,Fenerbahçe SK,KS Górnik Zabrze,Josema,0,0,0,0,1,0,0,0,31,0,0,0,0,3,0
61,21 Jul 2026,,blx8udpkfd48ndx9a93jskg0k,Manfredas Lukjančukas,Fenerbahçe SK,KS Górnik Zabrze,E. Janža,0,0,1,4,1,2,0,0,15,0,0,1,1,1,0
61,21 Jul 2026,,blx8udpkfd48ndx9a93jskg0k,Manfredas Lukjančukas,Fenerbahçe SK,KS Górnik Zabrze,E. Prekop,0,0,0,0,0,4,0,0,14,0,0,0,0,0,0
61,21 Jul 2026,,blx8udpkfd48ndx9a93jskg0k,Manfredas Lukjančukas,Fenerbahçe SK,KS Górnik Zabrze,R. Janicki,0,0,0,0,0,1,0,0,21,0,0,0,0,2,0
61,21 Jul 2026,,blx8udpkfd48ndx9a93jskg0k,Manfredas Lukjančukas,Fenerbahçe SK,KS Górnik Zabrze,M. Dietz,0,0,0,0,2,0,0,0,15,0,0,0,0,0,0
61,21 Jul 2026,,blx8udpkfd48ndx9a93jskg0k,Manfredas Lukjančukas,Fenerbahçe SK,KS Górnik Zabrze,Y. Ikia Dimi,0,0,0,0,2,2,0,0,11,0,0,0,0,0,0
61,21 Jul 2026,,blx8udpkfd48ndx9a93jskg0k,Manfredas Lukjančukas,Fenerbahçe SK,KS Górnik Zabrze,O. Zmrzlý,0,0,0,0,0,1,0,0,7,0,0,0,0,0,0
61,21 Jul 2026,,blx8udpkfd48ndx9a93jskg0k,Manfredas Lukjančukas,Fenerbahçe SK,KS Górnik Zabrze,S. Liseth,0,0,0,0,0,1,0,0,4,0,0,0,0,0,0
61,21 Jul 2026,,blx8udpkfd48ndx9a93jskg0k,Manfredas Lukjančukas,Fenerbahçe SK,KS Górnik Zabrze,B. Donio,0,0,0,0,0,1,0,0,3,0,0,0,0,1,0
61,21 Jul 2026,,blx8udpkfd48ndx9a93jskg0k,Manfredas Lukjančukas,Fenerbahçe SK,KS Górnik Zabrze,P. Warczak,0,0,0,0,0,0,0,0,1,0,0,0,0,0,0
63,19 Aug 2026,,bqy91f0wlg0sfs84ddvpg6bys,François Letexier,NEC,FK Bodø / Glimt,B. Pereira,0,0,0,1,0,0,0,0,54,0,0,0,0,3,0
63,19 Aug 2026,,bqy91f0wlg0sfs84ddvpg6bys,François Letexier,NEC,FK Bodø / Glimt,N. Lebreton,0,1,1,1,2,5,0,0,43,0,0,3,0,4,0
63,19 Aug 2026,,bqy91f0wlg0sfs84ddvpg6bys,François Letexier,NEC,FK Bodø / Glimt,D. Fonville,0,0,0,2,2,1,0,0,69,0,0,1,0,1,0
63,19 Aug 2026,,bqy91f0wlg0sfs84ddvpg6bys,François Letexier,NEC,FK Bodø / Glimt,D. Nejašmić,0,1,0,0,0,0,0,0,66,0,0,1,0,4,0
63,19 Aug 2026,,bqy91f0wlg0sfs84ddvpg6bys,François Letexier,NEC,FK Bodø / Glimt,T. Chery,0,2,2,10,0,0,0,0,33,0,0,5,3,0,0
63,19 Aug 2026,,bqy91f0wlg0sfs84ddvpg6bys,François Letexier,NEC,FK Bodø / Glimt,G. Crettaz,0,0,0,0,0,1,0,0,42,0,1,0,0,0,0
63,19 Aug 2026,,bqy91f0wlg0sfs84ddvpg6bys,François Letexier,NEC,FK Bodø / Glimt,D. Tadić,1,0,0,4,1,0,0,0,32,0,0,1,0,1,0
63,19 Aug 2026,,bqy91f0wlg0sfs84ddvpg6bys,François Letexier,NEC,FK Bodø / Glimt,B. Linssen,0,0,0,1,1,0,0,0,13,0,0,2,0,0,0
63,19 Aug 2026,,bqy91f0wlg0sfs84ddvpg6bys,François Letexier,NEC,FK Bodø / Glimt,E. Mor,0,1,1,4,0,0,0,0,28,0,0,1,0,1,0
63,19 Aug 2026,,bqy91f0wlg0sfs84ddvpg6bys,François Letexier,NEC,FK Bodø / Glimt,T. Storm,0,0,0,2,1,1,0,0,92,0,0,0,0,2,1
63,19 Aug 2026,,bqy91f0wlg0sfs84ddvpg6bys,François Letexier,NEC,FK Bodø / Glimt,C. Bischoff,0,1,3,7,0,2,1,0,40,0,0,3,2,0,0
63,19 Aug 2026,,bqy91f0wlg0sfs84ddvpg6bys,François Letexier,NEC,FK Bodø / Glimt,Jamiro Monteiro,0,1,0,0,1,0,0,0,28,0,0,2,0,0,1
63,19 Aug 2026,,bqy91f0wlg0sfs84ddvpg6bys,François Letexier,NEC,FK Bodø / Glimt,A. Tahaui,0,0,0,11,0,1,0,0,16,0,0,0,0,0,0
63,19 Aug 2026,,bqy91f0wlg0sfs84ddvpg6bys,François Letexier,NEC,FK Bodø / Glimt,K. Sierhuis,0,0,0,0,0,0,0,0,3,0,0,2,1,0,0
63,19 Aug 2026,,bqy91f0wlg0sfs84ddvpg6bys,François Letexier,NEC,FK Bodø / Glimt,A. Kabar,0,0,0,0,1,0,0,0,15,0,0,0,0,0,0
63,19 Aug 2026,,bqy91f0wlg0sfs84ddvpg6bys,François Letexier,NEC,FK Bodø / Glimt,K. Kers,0,0,0,0,0,0,0,0,3,0,0,1,0,0,0
63,19 Aug 2026,,bqy91f0wlg0sfs84ddvpg6bys,François Letexier,NEC,FK Bodø / Glimt,S. Fet,0,0,0,0,0,0,1,0,32,0,0,2,1,0,0
63,19 Aug 2026,,bqy91f0wlg0sfs84ddvpg6bys,François Letexier,NEC,FK Bodø / Glimt,N. Haikin,0,0,0,0,0,0,0,0,29,0,5,0,0,0,0
63,19 Aug 2026,,bqy91f0wlg0sfs84ddvpg6bys,François Letexier,NEC,FK Bodø / Glimt,O. Bjørtuft,0,0,0,0,1,1,0,0,29,0,0,0,0,4,0
63,19 Aug 2026,,bqy91f0wlg0sfs84ddvpg6bys,François Letexier,NEC,FK Bodø / Glimt,S. Auklend,0,0,0,0,3,2,0,0,37,0,0,0,0,0,0
63,19 Aug 2026,,bqy91f0wlg0sfs84ddvpg6bys,François Letexier,NEC,FK Bodø / Glimt,P. Berg,1,0,0,2,0,0,0,0,33,0,0,2,0,4,0
63,19 Aug 2026,,bqy91f0wlg0sfs84ddvpg6bys,François Letexier,NEC,FK Bodø / Glimt,F. Sjøvold,0,0,0,0,2,1,0,0,19,0,0,0,0,4,0
63,19 Aug 2026,,bqy91f0wlg0sfs84ddvpg6bys,François Letexier,NEC,FK Bodø / Glimt,A. Helmersen,0,1,1,0,2,0,1,1,13,0,0,3,2,2,0
63,19 Aug 2026,,bqy91f0wlg0sfs84ddvpg6bys,François Letexier,NEC,FK Bodø / Glimt,H. Aleesami,0,0,0,0,1,0,1,0,22,0,0,1,1,1,0
63,19 Aug 2026,,bqy91f0wlg0sfs84ddvpg6bys,François Letexier,NEC,FK Bodø / Glimt,J. Hauge,1,0,1,0,1,0,0,0,22,0,0,0,0,0,0
63,19 Aug 2026,,bqy91f0wlg0sfs84ddvpg6bys,François Letexier,NEC,FK Bodø / Glimt,F. Bjørkan,0,0,0,1,0,0,0,0,7,0,0,0,0,5,0
63,19 Aug 2026,,bqy91f0wlg0sfs84ddvpg6bys,François Letexier,NEC,FK Bodø / Glimt,O. Blomberg,0,0,0,0,0,3,0,0,16,0,0,0,0,2,0
63,19 Aug 2026,,bqy91f0wlg0sfs84ddvpg6bys,François Letexier,NEC,FK Bodø / Glimt,O. Brynhildsen,0,0,0,0,1,0,0,0,7,0,0,0,0,2,1
63,19 Aug 2026,,bqy91f0wlg0sfs84ddvpg6bys,François Letexier,NEC,FK Bodø / Glimt,I. Määttä,0,0,0,0,1,0,0,0,0,0,0,0,0,1,0
63,19 Aug 2026,,bqy91f0wlg0sfs84ddvpg6bys,François Letexier,NEC,FK Bodø / Glimt,J. Kitolano,0,0,0,0,0,1,0,0,5,0,0,0,0,0,0
63,19 Aug 2026,,bqy91f0wlg0sfs84ddvpg6bys,François Letexier,NEC,FK Bodø / Glimt,J. Mvuka,0,0,0,0,0,0,0,0,0,0,0,0,0,0,0
63,19 Aug 2026,,bqy91f0wlg0sfs84ddvpg6bys,François Letexier,NEC,FK Bodø / Glimt,Villads Schmidt Nielsen,0,0,0,0,0,0,0,0,0,0,0,0,0,0,0
64,29 Jul 2026,,bsf49wmb3hc49d2tbv1u4setw,Lothar D'hondt,KS Górnik Zabrze,Fenerbahçe SK,L. Sadílek,0,0,0,2,2,1,0,1,31,0,0,1,1,0,1
64,29 Jul 2026,,bsf49wmb3hc49d2tbv1u4setw,Lothar D'hondt,KS Górnik Zabrze,Fenerbahçe SK,P. Schulze,0,0,0,0,0,0,0,0,26,0,1,0,0,0,0
64,29 Jul 2026,,bsf49wmb3hc49d2tbv1u4setw,Lothar D'hondt,KS Górnik Zabrze,Fenerbahçe SK,E. Prekop,1,0,1,0,0,1,0,0,10,0,0,1,1,1,0
64,29 Jul 2026,,bsf49wmb3hc49d2tbv1u4setw,Lothar D'hondt,KS Górnik Zabrze,Fenerbahçe SK,Josema,0,1,0,1,1,1,0,0,40,0,0,1,0,4,1
64,29 Jul 2026,,bsf49wmb3hc49d2tbv1u4setw,Lothar D'hondt,KS Górnik Zabrze,Fenerbahçe SK,M. Dietz,0,1,1,2,0,3,0,0,27,0,0,1,0,0,0
64,29 Jul 2026,,bsf49wmb3hc49d2tbv1u4setw,Lothar D'hondt,KS Górnik Zabrze,Fenerbahçe SK,K. Urbański,0,1,1,5,0,0,0,0,48,0,0,1,0,1,0
64,29 Jul 2026,,bsf49wmb3hc49d2tbv1u4setw,Lothar D'hondt,KS Górnik Zabrze,Fenerbahçe SK,T. Ismaheel,0,1,2,1,0,3,0,0,31,0,0,2,0,1,0
64,29 Jul 2026,,bsf49wmb3hc49d2tbv1u4setw,Lothar D'hondt,KS Górnik Zabrze,Fenerbahçe SK,M. Sáček,0,0,1,2,1,1,1,0,36,0,0,2,1,9,0
64,29 Jul 2026,,bsf49wmb3hc49d2tbv1u4setw,Lothar D'hondt,KS Górnik Zabrze,Fenerbahçe SK,Y. Ikia Dimi,0,1,1,2,1,2,0,0,20,0,0,1,0,0,0
64,29 Jul 2026,,bsf49wmb3hc49d2tbv1u4setw,Lothar D'hondt,KS Górnik Zabrze,Fenerbahçe SK,R. Janicki,0,0,0,0,1,0,0,0,40,0,0,0,0,0,1
64,29 Jul 2026,,bsf49wmb3hc49d2tbv1u4setw,Lothar D'hondt,KS Górnik Zabrze,Fenerbahçe SK,E. Janža,0,0,1,8,1,1,0,0,43,0,0,2,1,2,1
64,29 Jul 2026,,bsf49wmb3hc49d2tbv1u4setw,Lothar D'hondt,KS Górnik Zabrze,Fenerbahçe SK,S. Liseth,0,0,0,0,0,2,0,0,6,0,0,0,0,0,0
64,29 Jul 2026,,bsf49wmb3hc49d2tbv1u4setw,Lothar D'hondt,KS Górnik Zabrze,Fenerbahçe SK,M. Khlan,0,0,1,0,1,0,0,0,14,0,0,2,1,1,0
64,29 Jul 2026,,bsf49wmb3hc49d2tbv1u4setw,Lothar D'hondt,KS Górnik Zabrze,Fenerbahçe SK,P. González,0,0,0,2,0,0,0,0,8,0,0,1,1,0,0
64,29 Jul 2026,,bsf49wmb3hc49d2tbv1u4setw,Lothar D'hondt,KS Górnik Zabrze,Fenerbahçe SK,B. Durdov,0,0,0,1,0,0,0,0,3,0,0,0,0,0,0
64,29 Jul 2026,,bsf49wmb3hc49d2tbv1u4setw,Lothar D'hondt,KS Górnik Zabrze,Fenerbahçe SK,J. Oosterwolde,0,0,1,2,3,0,0,1,30,0,0,0,0,1,1
64,29 Jul 2026,,bsf49wmb3hc49d2tbv1u4setw,Lothar D'hondt,KS Górnik Zabrze,Fenerbahçe SK,M. Guendouzi,0,0,0,1,1,0,0,0,51,0,0,0,0,2,1
64,29 Jul 2026,,bsf49wmb3hc49d2tbv1u4setw,Lothar D'hondt,KS Górnik Zabrze,Fenerbahçe SK,Fred,0,1,1,1,2,2,0,0,50,0,0,2,0,2,1
64,29 Jul 2026,,bsf49wmb3hc49d2tbv1u4setw,Lothar D'hondt,KS Górnik Zabrze,Fenerbahçe SK,M. Škriniar,0,0,0,0,1,2,0,0,52,0,0,1,0,2,0
64,29 Jul 2026,,bsf49wmb3hc49d2tbv1u4setw,Lothar D'hondt,KS Górnik Zabrze,Fenerbahçe SK,Nélson Semedo,0,0,0,0,2,1,0,0,32,0,0,0,0,4,1
64,29 Jul 2026,,bsf49wmb3hc49d2tbv1u4setw,Lothar D'hondt,KS Górnik Zabrze,Fenerbahçe SK,Talisca,0,1,1,0,2,0,1,1,18,0,0,6,1,1,0
64,29 Jul 2026,,bsf49wmb3hc49d2tbv1u4setw,Lothar D'hondt,KS Górnik Zabrze,Fenerbahçe SK,M. Günok,0,0,0,0,0,0,0,0,28,0,5,0,0,0,0
64,29 Jul 2026,,bsf49wmb3hc49d2tbv1u4setw,Lothar D'hondt,KS Górnik Zabrze,Fenerbahçe SK,N. Aké,0,0,0,0,1,0,0,0,51,0,0,0,0,2,0
64,29 Jul 2026,,bsf49wmb3hc49d2tbv1u4setw,Lothar D'hondt,KS Górnik Zabrze,Fenerbahçe SK,İ. Kahveci,0,0,0,0,0,0,0,0,22,0,0,1,0,1,0
64,29 Jul 2026,,bsf49wmb3hc49d2tbv1u4setw,Lothar D'hondt,KS Górnik Zabrze,Fenerbahçe SK,K. Aktürkoğlu,0,0,2,4,1,1,0,0,23,0,0,0,0,2,0
64,29 Jul 2026,,bsf49wmb3hc49d2tbv1u4setw,Lothar D'hondt,KS Górnik Zabrze,Fenerbahçe SK,Marco Asensio,0,1,1,1,0,0,0,0,18,0,0,1,0,0,0
64,29 Jul 2026,,bsf49wmb3hc49d2tbv1u4setw,Lothar D'hondt,KS Górnik Zabrze,Fenerbahçe SK,İ. Yüksek,0,0,1,0,1,1,0,0,25,0,0,1,1,4,0
64,29 Jul 2026,,bsf49wmb3hc49d2tbv1u4setw,Lothar D'hondt,KS Górnik Zabrze,Fenerbahçe SK,M. Greenwood,0,1,0,4,0,0,0,0,28,0,0,1,0,1,1
64,29 Jul 2026,,bsf49wmb3hc49d2tbv1u4setw,Lothar D'hondt,KS Górnik Zabrze,Fenerbahçe SK,A. Musaba,0,1,0,0,0,0,0,0,2,0,0,1,0,1,0
64,29 Jul 2026,,bsf49wmb3hc49d2tbv1u4setw,Lothar D'hondt,KS Górnik Zabrze,Fenerbahçe SK,O. Aydın,0,0,0,0,1,0,0,0,2,0,0,0,0,1,0
64,29 Jul 2026,,bsf49wmb3hc49d2tbv1u4setw,Lothar D'hondt,KS Górnik Zabrze,Fenerbahçe SK,M. Müldür,0,0,0,0,0,1,0,0,1,0,0,0,0,1,0
65,21 Jul 2026,,bu4m8d8licsx6hr262h5376z8,Oliver Reitala,AGF,KKS Lech Poznań,K. Arnstad,0,0,0,1,0,1,1,0,32,0,0,2,2,0,0
65,21 Jul 2026,,bu4m8d8licsx6hr262h5376z8,Oliver Reitala,AGF,KKS Lech Poznań,G. Links,0,1,0,4,1,0,0,0,25,0,0,1,0,2,1
65,21 Jul 2026,,bu4m8d8licsx6hr262h5376z8,Oliver Reitala,AGF,KKS Lech Poznań,M. Knudsen,0,0,0,1,2,1,0,0,38,0,0,1,0,2,0
65,21 Jul 2026,,bu4m8d8licsx6hr262h5376z8,Oliver Reitala,AGF,KKS Lech Poznań,J. Jensen-Abbew,0,0,1,1,2,0,0,0,22,0,0,0,0,2,0
65,21 Jul 2026,,bu4m8d8licsx6hr262h5376z8,Oliver Reitala,AGF,KKS Lech Poznań,T. Bech,0,1,0,1,1,1,0,0,12,0,0,2,1,0,0
65,21 Jul 2026,,bu4m8d8licsx6hr262h5376z8,Oliver Reitala,AGF,KKS Lech Poznań,F. Emmery,1,1,1,4,1,2,0,0,21,0,0,3,0,1,0
65,21 Jul 2026,,bu4m8d8licsx6hr262h5376z8,Oliver Reitala,AGF,KKS Lech Poznań,M. Anderson,0,0,2,6,1,2,0,2,16,0,0,1,0,1,0
65,21 Jul 2026,,bu4m8d8licsx6hr262h5376z8,Oliver Reitala,AGF,KKS Lech Poznań,F. Tingager,0,0,0,0,1,1,0,0,64,0,0,1,1,0,0
65,21 Jul 2026,,bu4m8d8licsx6hr262h5376z8,Oliver Reitala,AGF,KKS Lech Poznań,J. Hansen,0,0,0,0,1,0,0,0,11,1,2,0,0,0,0
65,21 Jul 2026,,bu4m8d8licsx6hr262h5376z8,Oliver Reitala,AGF,KKS Lech Poznań,E. Kahl,0,0,0,1,0,0,0,0,56,0,0,0,0,2,0
65,21 Jul 2026,,bu4m8d8licsx6hr262h5376z8,Oliver Reitala,AGF,KKS Lech Poznań,S. Jørgensen,0,0,0,0,0,1,0,0,3,0,0,0,0,0,0
65,21 Jul 2026,,bu4m8d8licsx6hr262h5376z8,Oliver Reitala,AGF,KKS Lech Poznań,M. Hedenstad,0,0,0,0,0,0,0,0,26,0,1,0,0,0,0
65,21 Jul 2026,,bu4m8d8licsx6hr262h5376z8,Oliver Reitala,AGF,KKS Lech Poznań,K. Yakob,0,0,0,0,0,2,0,0,10,0,0,0,0,1,0
65,21 Jul 2026,,bu4m8d8licsx6hr262h5376z8,Oliver Reitala,AGF,KKS Lech Poznań,J. Andersen,0,0,0,0,1,1,0,0,12,0,0,0,0,0,0
65,21 Jul 2026,,bu4m8d8licsx6hr262h5376z8,Oliver Reitala,AGF,KKS Lech Poznań,J. Bogere,0,0,0,0,0,0,0,0,3,0,0,0,0,0,0
65,21 Jul 2026,,bu4m8d8licsx6hr262h5376z8,Oliver Reitala,AGF,KKS Lech Poznań,T. Kristjánsson,0,0,0,0,0,0,0,0,6,0,0,0,0,0,0
65,21 Jul 2026,,bu4m8d8licsx6hr262h5376z8,Oliver Reitala,AGF,KKS Lech Poznań,Pablo Rodríguez,0,1,0,0,2,3,0,0,38,0,0,1,0,5,0
65,21 Jul 2026,,bu4m8d8licsx6hr262h5376z8,Oliver Reitala,AGF,KKS Lech Poznań,M. Lis,0,0,0,0,0,0,0,0,40,0,2,0,0,0,0
65,21 Jul 2026,,bu4m8d8licsx6hr262h5376z8,Oliver Reitala,AGF,KKS Lech Poznań,M. Gurgul,0,0,0,2,1,0,0,0,64,0,0,1,1,0,0
65,21 Jul 2026,,bu4m8d8licsx6hr262h5376z8,Oliver Reitala,AGF,KKS Lech Poznań,Joel Pereira,1,0,1,6,1,0,0,0,46,0,0,0,0,3,0
65,21 Jul 2026,,bu4m8d8licsx6hr262h5376z8,Oliver Reitala,AGF,KKS Lech Poznań,T. Yegbe,0,0,0,0,0,0,1,0,67,0,0,1,1,1,0
65,21 Jul 2026,,bu4m8d8licsx6hr262h5376z8,Oliver Reitala,AGF,KKS Lech Poznań,R. Murawski,0,0,0,0,3,2,0,0,27,0,0,0,0,0,1
65,21 Jul 2026,,bu4m8d8licsx6hr262h5376z8,Oliver Reitala,AGF,KKS Lech Poznań,L. Palma,1,2,0,5,0,0,0,1,20,0,0,3,1,0,0
65,21 Jul 2026,,bu4m8d8licsx6hr262h5376z8,Oliver Reitala,AGF,KKS Lech Poznań,P. Wålemark,0,1,0,1,0,1,2,0,17,0,0,4,3,0,0
65,21 Jul 2026,,bu4m8d8licsx6hr262h5376z8,Oliver Reitala,AGF,KKS Lech Poznań,M. Ishak,0,0,0,1,0,1,1,0,11,0,0,2,1,0,0
65,21 Jul 2026,,bu4m8d8licsx6hr262h5376z8,Oliver Reitala,AGF,KKS Lech Poznań,W. Mońka,1,1,0,0,1,1,0,0,68,0,0,1,0,0,0
65,21 Jul 2026,,bu4m8d8licsx6hr262h5376z8,Oliver Reitala,AGF,KKS Lech Poznań,A. Kozubal,1,1,0,0,1,0,0,0,34,0,0,2,0,3,0
65,21 Jul 2026,,bu4m8d8licsx6hr262h5376z8,Oliver Reitala,AGF,KKS Lech Poznań,F. Jagiełło,0,0,0,1,0,0,0,0,27,0,0,0,0,1,0
65,21 Jul 2026,,bu4m8d8licsx6hr262h5376z8,Oliver Reitala,AGF,KKS Lech Poznań,D. Håkans,0,0,0,1,1,0,0,0,3,0,0,1,0,1,0
65,21 Jul 2026,,bu4m8d8licsx6hr262h5376z8,Oliver Reitala,AGF,KKS Lech Poznań,L. Bengtsson,0,1,0,0,0,0,0,0,6,0,0,1,0,0,0
65,21 Jul 2026,,bu4m8d8licsx6hr262h5376z8,Oliver Reitala,AGF,KKS Lech Poznań,Y. Agnero,0,0,1,0,2,1,0,0,1,0,0,0,0,0,1
65,21 Jul 2026,,bu4m8d8licsx6hr262h5376z8,Oliver Reitala,AGF,KKS Lech Poznań,R. Gumny,0,0,0,0,0,0,0,0,4,0,0,0,0,0,0
66,29 Jul 2026,,c0wyivsytbv4pj0atfmi6prmc,Juxhin Xhaja,KKS Lech Poznań,AGF,A. Kozubal,0,0,0,0,3,1,0,0,34,0,0,0,0,0,1
66,29 Jul 2026,,c0wyivsytbv4pj0atfmi6prmc,Juxhin Xhaja,KKS Lech Poznań,AGF,M. Lis,0,0,0,0,0,0,0,0,30,0,2,0,0,0,0
66,29 Jul 2026,,c0wyivsytbv4pj0atfmi6prmc,Juxhin Xhaja,KKS Lech Poznań,AGF,M. Ishak,0,1,2,1,0,1,0,0,14,0,0,3,1,0,0
66,29 Jul 2026,,c0wyivsytbv4pj0atfmi6prmc,Juxhin Xhaja,KKS Lech Poznań,AGF,R. Gumny,0,1,2,2,3,0,0,0,21,0,0,1,0,1,0
66,29 Jul 2026,,c0wyivsytbv4pj0atfmi6prmc,Juxhin Xhaja,KKS Lech Poznań,AGF,W. Mońka,0,0,0,0,0,0,0,0,44,0,0,0,0,2,0
66,29 Jul 2026,,c0wyivsytbv4pj0atfmi6prmc,Juxhin Xhaja,KKS Lech Poznań,AGF,L. Palma,0,0,4,11,0,0,0,0,15,0,0,3,1,0,0
66,29 Jul 2026,,c0wyivsytbv4pj0atfmi6prmc,Juxhin Xhaja,KKS Lech Poznań,AGF,R. Murawski,0,0,0,0,0,2,0,0,45,0,0,0,0,4,0
66,29 Jul 2026,,c0wyivsytbv4pj0atfmi6prmc,Juxhin Xhaja,KKS Lech Poznań,AGF,Pablo Rodríguez,0,0,0,1,1,1,0,0,13,0,0,1,1,0,0
66,29 Jul 2026,,c0wyivsytbv4pj0atfmi6prmc,Juxhin Xhaja,KKS Lech Poznań,AGF,M. Gurgul,0,0,0,2,0,1,0,0,39,0,0,0,0,2,0
66,29 Jul 2026,,c0wyivsytbv4pj0atfmi6prmc,Juxhin Xhaja,KKS Lech Poznań,AGF,P. Wålemark,0,1,1,1,0,2,0,0,20,0,0,3,2,0,0
66,29 Jul 2026,,c0wyivsytbv4pj0atfmi6prmc,Juxhin Xhaja,KKS Lech Poznań,AGF,T. Yegbe,0,0,0,0,1,0,0,0,46,0,0,0,0,0,0
66,29 Jul 2026,,c0wyivsytbv4pj0atfmi6prmc,Juxhin Xhaja,KKS Lech Poznań,AGF,A. Sayyadmanesh,0,0,0,1,0,0,0,0,7,0,0,1,1,2,0
66,29 Jul 2026,,c0wyivsytbv4pj0atfmi6prmc,Juxhin Xhaja,KKS Lech Poznań,AGF,Joel Pereira,0,0,0,0,0,0,0,0,6,0,0,0,0,1,0
66,29 Jul 2026,,c0wyivsytbv4pj0atfmi6prmc,Juxhin Xhaja,KKS Lech Poznań,AGF,F. Jagiełło,0,0,0,0,0,1,0,0,5,0,0,0,0,0,0
66,29 Jul 2026,,c0wyivsytbv4pj0atfmi6prmc,Juxhin Xhaja,KKS Lech Poznań,AGF,Y. Agnero,0,0,0,0,0,0,0,0,0,0,0,0,0,0,0
66,29 Jul 2026,,c0wyivsytbv4pj0atfmi6prmc,Juxhin Xhaja,KKS Lech Poznań,AGF,D. Håkans,0,0,0,0,1,0,0,0,0,0,0,0,0,0,0
66,29 Jul 2026,,c0wyivsytbv4pj0atfmi6prmc,Juxhin Xhaja,KKS Lech Poznań,AGF,G. Þórðarson,0,0,0,0,0,0,0,0,0,0,0,0,0,0,0
66,29 Jul 2026,,c0wyivsytbv4pj0atfmi6prmc,Juxhin Xhaja,KKS Lech Poznań,AGF,F. Tingager,0,0,0,0,0,1,1,1,65,0,0,1,1,1,0
66,29 Jul 2026,,c0wyivsytbv4pj0atfmi6prmc,Juxhin Xhaja,KKS Lech Poznań,AGF,K. Arnstad,1,1,1,0,2,1,1,1,37,0,0,3,1,1,0
66,29 Jul 2026,,c0wyivsytbv4pj0atfmi6prmc,Juxhin Xhaja,KKS Lech Poznań,AGF,J. Jensen-Abbew,0,0,0,0,0,0,0,0,21,0,0,0,0,1,0
66,29 Jul 2026,,c0wyivsytbv4pj0atfmi6prmc,Juxhin Xhaja,KKS Lech Poznań,AGF,M. Knudsen,0,0,0,0,0,0,0,0,31,0,0,0,0,1,0
66,29 Jul 2026,,c0wyivsytbv4pj0atfmi6prmc,Juxhin Xhaja,KKS Lech Poznań,AGF,M. Hedenstad,0,0,0,0,0,1,0,0,27,0,6,0,0,0,0
66,29 Jul 2026,,c0wyivsytbv4pj0atfmi6prmc,Juxhin Xhaja,KKS Lech Poznań,AGF,E. Kahl,1,0,0,5,1,0,0,0,69,0,0,0,0,4,0
66,29 Jul 2026,,c0wyivsytbv4pj0atfmi6prmc,Juxhin Xhaja,KKS Lech Poznań,AGF,M. Anderson,0,0,0,4,1,1,0,0,35,0,0,1,1,2,1
66,29 Jul 2026,,c0wyivsytbv4pj0atfmi6prmc,Juxhin Xhaja,KKS Lech Poznań,AGF,T. Bech,0,2,0,1,1,1,1,0,22,0,0,3,1,0,0
66,29 Jul 2026,,c0wyivsytbv4pj0atfmi6prmc,Juxhin Xhaja,KKS Lech Poznań,AGF,J. Jønsson,0,0,0,1,1,1,0,0,28,0,0,0,0,0,0
66,29 Jul 2026,,c0wyivsytbv4pj0atfmi6prmc,Juxhin Xhaja,KKS Lech Poznań,AGF,F. Emmery,0,3,1,3,0,0,0,0,22,0,0,4,1,0,0
66,29 Jul 2026,,c0wyivsytbv4pj0atfmi6prmc,Juxhin Xhaja,KKS Lech Poznań,AGF,J. Bogere,0,0,0,0,1,0,0,0,9,0,0,0,0,0,1
66,29 Jul 2026,,c0wyivsytbv4pj0atfmi6prmc,Juxhin Xhaja,KKS Lech Poznań,AGF,C. Storch,0,0,0,0,1,0,0,0,18,0,0,0,0,0,0
66,29 Jul 2026,,c0wyivsytbv4pj0atfmi6prmc,Juxhin Xhaja,KKS Lech Poznań,AGF,R. Carstensen,0,0,1,2,0,0,0,0,8,0,0,1,0,0,0
66,29 Jul 2026,,c0wyivsytbv4pj0atfmi6prmc,Juxhin Xhaja,KKS Lech Poznań,AGF,S. Tchamche,0,0,0,0,1,1,0,0,4,0,0,0,0,0,0
66,29 Jul 2026,,c0wyivsytbv4pj0atfmi6prmc,Juxhin Xhaja,KKS Lech Poznań,AGF,Mouhammade Camara,0,0,0,0,0,0,0,0,0,0,0,0,0,0,0
66,29 Jul 2026,,c0wyivsytbv4pj0atfmi6prmc,Juxhin Xhaja,KKS Lech Poznań,AGF,J. Serra,0,0,0,0,0,0,0,0,0,0,0,0,0,0,0
66,29 Jul 2026,,c0wyivsytbv4pj0atfmi6prmc,Juxhin Xhaja,KKS Lech Poznań,AGF,T. Kristjánsson,0,0,0,0,0,0,0,0,0,0,0,0,0,0,0
50,11 Aug 2026,,aorig62bldhf9ue71ya1x1rf8,Daniel Siebert,FK Kairat Almaty,PFK Levski Sofia,D. Kasabulat,0,0,0,0,1,0,0,0,32,0,0,0,0,1,1
50,11 Aug 2026,,aorig62bldhf9ue71ya1x1rf8,Daniel Siebert,FK Kairat Almaty,PFK Levski Sofia,Marc Gual,0,2,3,8,1,2,0,0,47,0,0,5,0,3,0
50,11 Aug 2026,,aorig62bldhf9ue71ya1x1rf8,Daniel Siebert,FK Kairat Almaty,PFK Levski Sofia,O. Jukkola,0,3,3,4,1,2,0,3,20,0,0,5,2,2,0
50,11 Aug 2026,,aorig62bldhf9ue71ya1x1rf8,Daniel Siebert,FK Kairat Almaty,PFK Levski Sofia,J. Oksanen,0,0,0,6,2,2,0,0,67,0,0,1,1,2,0
50,11 Aug 2026,,aorig62bldhf9ue71ya1x1rf8,Daniel Siebert,FK Kairat Almaty,PFK Levski Sofia,A. Shirobokov,0,0,0,0,0,2,0,0,78,0,0,1,1,1,0
50,11 Aug 2026,,aorig62bldhf9ue71ya1x1rf8,Daniel Siebert,FK Kairat Almaty,PFK Levski Sofia,O. Baybek,0,0,0,1,1,1,0,0,27,0,0,0,0,2,1
50,11 Aug 2026,,aorig62bldhf9ue71ya1x1rf8,Daniel Siebert,FK Kairat Almaty,PFK Levski Sofia,Luís Mata,0,1,0,5,0,0,0,0,52,0,0,1,0,0,0
50,11 Aug 2026,,aorig62bldhf9ue71ya1x1rf8,Daniel Siebert,FK Kairat Almaty,PFK Levski Sofia,Lucas Áfrico,0,1,0,0,1,1,0,0,73,0,0,4,1,1,0
50,11 Aug 2026,,aorig62bldhf9ue71ya1x1rf8,Daniel Siebert,FK Kairat Almaty,PFK Levski Sofia,Gustavo Mendonça,0,0,0,1,1,0,0,0,36,0,0,0,0,4,1
50,11 Aug 2026,,aorig62bldhf9ue71ya1x1rf8,Daniel Siebert,FK Kairat Almaty,PFK Levski Sofia,A. Mrynskiy,0,0,0,3,1,2,0,0,24,0,0,1,0,1,0
50,11 Aug 2026,,aorig62bldhf9ue71ya1x1rf8,Daniel Siebert,FK Kairat Almaty,PFK Levski Sofia,T. Anarbekov,0,0,0,0,0,0,0,0,24,0,1,0,0,0,0
50,11 Aug 2026,,aorig62bldhf9ue71ya1x1rf8,Daniel Siebert,FK Kairat Almaty,PFK Levski Sofia,I. Bekbolat,0,0,2,2,0,1,0,0,7,0,0,1,1,2,0
50,11 Aug 2026,,aorig62bldhf9ue71ya1x1rf8,Daniel Siebert,FK Kairat Almaty,PFK Levski Sofia,Edmilson,0,0,0,0,1,0,0,0,7,0,0,0,0,0,0
50,11 Aug 2026,,aorig62bldhf9ue71ya1x1rf8,Daniel Siebert,FK Kairat Almaty,PFK Levski Sofia,M. Birkurmanov,0,0,1,0,0,0,0,0,4,0,0,2,1,0,0
50,11 Aug 2026,,aorig62bldhf9ue71ya1x1rf8,Daniel Siebert,FK Kairat Almaty,PFK Levski Sofia,Serginho,0,0,1,1,1,1,0,1,43,0,0,1,0,1,0
50,11 Aug 2026,,aorig62bldhf9ue71ya1x1rf8,Daniel Siebert,FK Kairat Almaty,PFK Levski Sofia,S. Vutsov,0,0,0,0,0,0,0,0,42,0,6,0,0,0,0
50,11 Aug 2026,,aorig62bldhf9ue71ya1x1rf8,Daniel Siebert,FK Kairat Almaty,PFK Levski Sofia,Álex Centelles,0,0,0,0,3,0,0,0,44,0,0,0,0,2,0
50,11 Aug 2026,,aorig62bldhf9ue71ya1x1rf8,Daniel Siebert,FK Kairat Almaty,PFK Levski Sofia,N. Serafimov,0,0,0,0,0,1,0,0,39,0,0,0,0,1,1
50,11 Aug 2026,,aorig62bldhf9ue71ya1x1rf8,Daniel Siebert,FK Kairat Almaty,PFK Levski Sofia,K. Dimitrov,0,0,0,0,0,0,0,0,40,0,0,0,0,0,0
50,11 Aug 2026,,aorig62bldhf9ue71ya1x1rf8,Daniel Siebert,FK Kairat Almaty,PFK Levski Sofia,Aldair,0,0,0,0,2,1,0,0,35,0,0,0,0,2,1
50,11 Aug 2026,,aorig62bldhf9ue71ya1x1rf8,Daniel Siebert,FK Kairat Almaty,PFK Levski Sofia,Everton Bala,1,0,0,0,1,1,0,0,32,0,0,2,1,1,1
50,11 Aug 2026,,aorig62bldhf9ue71ya1x1rf8,Daniel Siebert,FK Kairat Almaty,PFK Levski Sofia,A. Oko-Flex,0,1,1,0,0,2,0,0,28,0,0,1,0,0,0
50,11 Aug 2026,,aorig62bldhf9ue71ya1x1rf8,Daniel Siebert,FK Kairat Almaty,PFK Levski Sofia,M. El Moubarik,0,0,0,1,2,2,0,0,43,0,0,0,0,3,0
50,11 Aug 2026,,aorig62bldhf9ue71ya1x1rf8,Daniel Siebert,FK Kairat Almaty,PFK Levski Sofia,G. Trdin,0,1,1,0,1,1,0,0,30,0,0,1,0,4,0
50,11 Aug 2026,,aorig62bldhf9ue71ya1x1rf8,Daniel Siebert,FK Kairat Almaty,PFK Levski Sofia,Reinaldo,0,0,0,0,2,0,1,0,17,0,0,4,1,0,0
50,11 Aug 2026,,aorig62bldhf9ue71ya1x1rf8,Daniel Siebert,FK Kairat Almaty,PFK Levski Sofia,Maicon,0,0,0,0,0,0,0,0,5,0,0,0,0,0,0
50,11 Aug 2026,,aorig62bldhf9ue71ya1x1rf8,Daniel Siebert,FK Kairat Almaty,PFK Levski Sofia,Hevertton Santos,0,0,0,0,0,0,0,0,3,0,0,0,0,0,0
50,11 Aug 2026,,aorig62bldhf9ue71ya1x1rf8,Daniel Siebert,FK Kairat Almaty,PFK Levski Sofia,M. Soula,0,0,0,0,0,0,0,0,8,0,0,0,0,0,0
50,11 Aug 2026,,aorig62bldhf9ue71ya1x1rf8,Daniel Siebert,FK Kairat Almaty,PFK Levski Sofia,J. Perea,0,0,0,0,2,0,0,0,3,0,0,0,0,0,1
50,11 Aug 2026,,aorig62bldhf9ue71ya1x1rf8,Daniel Siebert,FK Kairat Almaty,PFK Levski Sofia,A. Mitkov,0,0,1,0,0,1,0,0,3,0,0,0,0,0,0
51,11 Aug 2026,,apdq2ieqzp9bcry0e8erdpvro,Willy Delajod,Sabah FK,AGF,A. İsayev,1,0,0,6,0,0,0,0,31,0,0,1,0,1,0
51,11 Aug 2026,,apdq2ieqzp9bcry0e8erdpvro,Willy Delajod,Sabah FK,AGF,S. Pokatilov,0,0,0,0,0,0,0,0,21,0,5,0,0,0,0
51,11 Aug 2026,,apdq2ieqzp9bcry0e8erdpvro,Willy Delajod,Sabah FK,AGF,R. Daşdəmirov,0,0,0,0,0,0,0,0,50,0,0,0,0,1,0
51,11 Aug 2026,,apdq2ieqzp9bcry0e8erdpvro,Willy Delajod,Sabah FK,AGF,T. Puchacz,0,1,1,8,0,2,0,0,38,0,0,2,0,1,0
51,11 Aug 2026,,apdq2ieqzp9bcry0e8erdpvro,Willy Delajod,Sabah FK,AGF,S. Solvet,0,0,0,0,1,0,1,0,41,0,0,2,1,1,0
51,11 Aug 2026,,apdq2ieqzp9bcry0e8erdpvro,Willy Delajod,Sabah FK,AGF,A. Zedadka,1,0,2,2,2,3,0,0,43,0,0,2,1,1,0
51,11 Aug 2026,,apdq2ieqzp9bcry0e8erdpvro,Willy Delajod,Sabah FK,AGF,V. Simić,0,0,2,4,0,1,1,0,30,0,0,2,1,1,0
51,11 Aug 2026,,apdq2ieqzp9bcry0e8erdpvro,Willy Delajod,Sabah FK,AGF,U. Rakhmonaliev,0,0,0,2,2,0,0,0,37,0,0,1,0,1,0
51,11 Aug 2026,,apdq2ieqzp9bcry0e8erdpvro,Willy Delajod,Sabah FK,AGF,I. Lepinjica,0,1,1,0,3,3,0,0,42,0,0,1,0,4,0
51,11 Aug 2026,,apdq2ieqzp9bcry0e8erdpvro,Willy Delajod,Sabah FK,AGF,J. Mickels,1,2,1,1,2,0,1,3,22,0,0,10,4,0,0
51,11 Aug 2026,,apdq2ieqzp9bcry0e8erdpvro,Willy Delajod,Sabah FK,AGF,O. Mbina,0,1,0,0,1,0,0,0,3,0,0,3,1,1,0
51,11 Aug 2026,,apdq2ieqzp9bcry0e8erdpvro,Willy Delajod,Sabah FK,AGF,X. Severina,0,3,0,1,0,1,1,0,5,0,0,4,1,1,0
51,11 Aug 2026,,apdq2ieqzp9bcry0e8erdpvro,Willy Delajod,Sabah FK,AGF,C. Nwachukwu,0,0,0,0,0,0,0,0,3,0,0,1,1,0,0
51,11 Aug 2026,,apdq2ieqzp9bcry0e8erdpvro,Willy Delajod,Sabah FK,AGF,A. Xaybulayev,0,0,0,0,0,0,0,0,1,0,0,0,0,0,0
51,11 Aug 2026,,apdq2ieqzp9bcry0e8erdpvro,Willy Delajod,Sabah FK,AGF,Tellur Mütəllimov,0,0,0,0,0,0,0,0,0,0,0,0,0,0,0
51,11 Aug 2026,,apdq2ieqzp9bcry0e8erdpvro,Willy Delajod,Sabah FK,AGF,Rodrigo Francisco Pinto Vieira Fernandes,0,0,0,0,0,0,0,0,0,0,0,0,0,0,0
51,11 Aug 2026,,apdq2ieqzp9bcry0e8erdpvro,Willy Delajod,Sabah FK,AGF,J. Andersen,0,0,0,0,1,2,0,0,40,0,0,0,0,0,1
51,11 Aug 2026,,apdq2ieqzp9bcry0e8erdpvro,Willy Delajod,Sabah FK,AGF,K. Arnstad,0,1,1,0,2,4,0,0,37,0,0,3,1,0,0
51,11 Aug 2026,,apdq2ieqzp9bcry0e8erdpvro,Willy Delajod,Sabah FK,AGF,R. Carstensen,0,0,0,3,1,0,0,0,19,0,0,1,1,2,1
51,11 Aug 2026,,apdq2ieqzp9bcry0e8erdpvro,Willy Delajod,Sabah FK,AGF,J. Bogere,0,0,1,0,0,0,0,0,15,0,0,2,1,0,0
51,11 Aug 2026,,apdq2ieqzp9bcry0e8erdpvro,Willy Delajod,Sabah FK,AGF,M. Knudsen,0,0,0,0,2,0,0,0,36,0,0,0,0,1,0
51,11 Aug 2026,,apdq2ieqzp9bcry0e8erdpvro,Willy Delajod,Sabah FK,AGF,T. Bech,0,0,0,0,0,1,0,0,20,0,0,0,0,0,0
51,11 Aug 2026,,apdq2ieqzp9bcry0e8erdpvro,Willy Delajod,Sabah FK,AGF,G. Links,0,1,0,3,2,0,0,0,22,0,0,2,0,2,0
51,11 Aug 2026,,apdq2ieqzp9bcry0e8erdpvro,Willy Delajod,Sabah FK,AGF,C. Rösler,0,0,0,0,0,1,0,0,48,0,0,1,0,0,0
51,11 Aug 2026,,apdq2ieqzp9bcry0e8erdpvro,Willy Delajod,Sabah FK,AGF,J. Jønsson,0,0,0,0,0,0,0,0,26,0,0,0,0,2,0
51,11 Aug 2026,,apdq2ieqzp9bcry0e8erdpvro,Willy Delajod,Sabah FK,AGF,E. Kahl,0,0,0,1,2,1,0,0,44,0,0,0,0,1,1
51,11 Aug 2026,,apdq2ieqzp9bcry0e8erdpvro,Willy Delajod,Sabah FK,AGF,M. Hedenstad,0,0,0,0,0,0,0,0,42,0,5,0,0,0,0
51,11 Aug 2026,,apdq2ieqzp9bcry0e8erdpvro,Willy Delajod,Sabah FK,AGF,M. Anderson,0,1,0,2,0,1,0,0,11,0,0,1,0,0,0
51,11 Aug 2026,,apdq2ieqzp9bcry0e8erdpvro,Willy Delajod,Sabah FK,AGF,F. Emmery,0,1,2,2,0,1,0,0,4,0,0,3,1,0,0
51,11 Aug 2026,,apdq2ieqzp9bcry0e8erdpvro,Willy Delajod,Sabah FK,AGF,J. Serra,0,0,0,0,0,0,0,0,4,0,0,0,0,0,0
51,11 Aug 2026,,apdq2ieqzp9bcry0e8erdpvro,Willy Delajod,Sabah FK,AGF,S. Jørgensen,0,0,0,1,0,0,0,0,4,0,0,1,1,0,0
51,11 Aug 2026,,apdq2ieqzp9bcry0e8erdpvro,Willy Delajod,Sabah FK,AGF,M. Camara,0,0,0,0,0,0,0,0,4,0,0,0,0,0,0
55,11 Aug 2026,,ar8spaqjcfxn5amf8m924nrbo,Maurizio Mariani,NEC,Olympiakos FC,T. Chery,0,0,0,3,1,0,0,0,19,0,0,3,2,0,0
55,11 Aug 2026,,ar8spaqjcfxn5amf8m924nrbo,Maurizio Mariani,NEC,Olympiakos FC,G. Crettaz,0,0,0,0,0,0,0,0,47,0,1,0,0,0,0
55,11 Aug 2026,,ar8spaqjcfxn5amf8m924nrbo,Maurizio Mariani,NEC,Olympiakos FC,D. Nejašmić,0,0,0,0,3,1,0,0,59,0,0,0,0,0,0
55,11 Aug 2026,,ar8spaqjcfxn5amf8m924nrbo,Maurizio Mariani,NEC,Olympiakos FC,D. Fonville,0,0,0,0,1,1,0,0,52,0,0,0,0,1,0
55,11 Aug 2026,,ar8spaqjcfxn5amf8m924nrbo,Maurizio Mariani,NEC,Olympiakos FC,T. Storm,0,0,0,0,1,1,0,0,46,0,0,0,0,0,0
55,11 Aug 2026,,ar8spaqjcfxn5amf8m924nrbo,Maurizio Mariani,NEC,Olympiakos FC,N. Lebreton,0,1,0,0,1,5,0,0,49,0,0,1,0,2,0
55,11 Aug 2026,,ar8spaqjcfxn5amf8m924nrbo,Maurizio Mariani,NEC,Olympiakos FC,P. Sandler,0,0,0,0,0,0,0,0,6,0,0,0,0,0,0
55,11 Aug 2026,,ar8spaqjcfxn5amf8m924nrbo,Maurizio Mariani,NEC,Olympiakos FC,C. Bischoff,0,1,1,4,0,3,0,0,44,0,0,2,0,4,0
55,11 Aug 2026,,ar8spaqjcfxn5amf8m924nrbo,Maurizio Mariani,NEC,Olympiakos FC,S. Ouaissa,0,0,0,0,1,0,0,0,0,0,0,0,0,0,0
55,11 Aug 2026,,ar8spaqjcfxn5amf8m924nrbo,Maurizio Mariani,NEC,Olympiakos FC,D. Tadić,1,0,1,10,1,0,0,0,39,0,0,0,0,0,0
55,11 Aug 2026,,ar8spaqjcfxn5amf8m924nrbo,Maurizio Mariani,NEC,Olympiakos FC,B. Linssen,0,0,1,0,2,0,1,1,9,0,0,4,2,0,0
55,11 Aug 2026,,ar8spaqjcfxn5amf8m924nrbo,Maurizio Mariani,NEC,Olympiakos FC,E. Mor,0,0,0,1,0,1,0,3,18,0,0,1,1,2,0
55,11 Aug 2026,,ar8spaqjcfxn5amf8m924nrbo,Maurizio Mariani,NEC,Olympiakos FC,B. Pereira,0,0,0,0,4,2,0,0,31,0,0,0,0,2,1
55,11 Aug 2026,,ar8spaqjcfxn5amf8m924nrbo,Maurizio Mariani,NEC,Olympiakos FC,K. Sierhuis,0,0,0,0,0,0,0,0,2,0,0,0,0,0,1
55,11 Aug 2026,,ar8spaqjcfxn5amf8m924nrbo,Maurizio Mariani,NEC,Olympiakos FC,K. Kers,0,0,0,0,0,0,0,0,0,0,0,0,0,0,0
55,11 Aug 2026,,ar8spaqjcfxn5amf8m924nrbo,Maurizio Mariani,NEC,Olympiakos FC,B. Nuytinck,0,0,0,0,0,0,0,0,0,0,0,0,0,0,0
55,11 Aug 2026,,ar8spaqjcfxn5amf8m924nrbo,Maurizio Mariani,NEC,Olympiakos FC,Jamiro Monteiro,0,0,0,0,0,0,0,0,0,0,0,0,0,0,0
55,11 Aug 2026,,ar8spaqjcfxn5amf8m924nrbo,Maurizio Mariani,NEC,Olympiakos FC,Rodinei,0,0,0,3,3,2,0,0,38,0,0,0,0,7,1
55,11 Aug 2026,,ar8spaqjcfxn5amf8m924nrbo,Maurizio Mariani,NEC,Olympiakos FC,Gelson Martins,0,0,0,2,1,4,0,1,21,0,0,1,1,3,0
55,11 Aug 2026,,ar8spaqjcfxn5amf8m924nrbo,Maurizio Mariani,NEC,Olympiakos FC,P. Retsos,0,0,0,0,1,1,0,0,35,0,0,0,0,1,0
55,11 Aug 2026,,ar8spaqjcfxn5amf8m924nrbo,Maurizio Mariani,NEC,Olympiakos FC,L. Pirola,0,0,0,0,1,2,0,0,48,0,0,0,0,0,0
55,11 Aug 2026,,ar8spaqjcfxn5amf8m924nrbo,Maurizio Mariani,NEC,Olympiakos FC,B. Onyemaechi,0,0,1,2,1,0,0,0,34,0,0,0,0,4,0
55,11 Aug 2026,,ar8spaqjcfxn5amf8m924nrbo,Maurizio Mariani,NEC,Olympiakos FC,S. Hezze,0,0,0,0,0,0,0,0,36,0,0,0,0,2,0
55,11 Aug 2026,,ar8spaqjcfxn5amf8m924nrbo,Maurizio Mariani,NEC,Olympiakos FC,B. Popović,0,0,0,0,0,0,0,0,36,0,4,0,0,0,0
55,11 Aug 2026,,ar8spaqjcfxn5amf8m924nrbo,Maurizio Mariani,NEC,Olympiakos FC,Jota Silva,0,0,0,0,0,1,0,0,1,0,0,0,0,0,0
55,11 Aug 2026,,ar8spaqjcfxn5amf8m924nrbo,Maurizio Mariani,NEC,Olympiakos FC,Gustavo Sá,0,0,1,3,4,0,0,0,22,0,0,1,0,1,1
55,11 Aug 2026,,ar8spaqjcfxn5amf8m924nrbo,Maurizio Mariani,NEC,Olympiakos FC,Dani García,0,0,0,0,1,0,0,0,20,0,0,0,0,1,1
55,11 Aug 2026,,ar8spaqjcfxn5amf8m924nrbo,Maurizio Mariani,NEC,Olympiakos FC,A. El Kaabi,0,0,0,1,1,1,1,0,22,0,0,2,1,0,0
55,11 Aug 2026,,ar8spaqjcfxn5amf8m924nrbo,Maurizio Mariani,NEC,Olympiakos FC,K. Fortounis,0,0,1,8,1,1,0,0,20,1,0,0,0,1,0
55,11 Aug 2026,,ar8spaqjcfxn5amf8m924nrbo,Maurizio Mariani,NEC,Olympiakos FC,C. Mouzakitis,0,0,0,1,0,0,0,0,13,0,0,0,0,1,0
55,11 Aug 2026,,ar8spaqjcfxn5amf8m924nrbo,Maurizio Mariani,NEC,Olympiakos FC,Joel Roca,0,0,0,0,1,2,0,0,6,0,0,1,0,2,0
55,11 Aug 2026,,ar8spaqjcfxn5amf8m924nrbo,Maurizio Mariani,NEC,Olympiakos FC,L. Scipioni,0,0,0,0,0,0,0,0,9,0,0,0,0,0,0
55,11 Aug 2026,,ar8spaqjcfxn5amf8m924nrbo,Maurizio Mariani,NEC,Olympiakos FC,Z. Smajlović,0,0,0,0,0,0,0,0,0,0,0,0,0,0,0
55,11 Aug 2026,,ar8spaqjcfxn5amf8m924nrbo,Maurizio Mariani,NEC,Olympiakos FC,Chiquinho,0,0,0,0,0,0,0,0,0,0,0,0,0,0,0
68,7 Jul 2026,,cr028wbk1zfd7cl77a7v7zx90,Romain Lissorgue,Víkingur Reykjavík,Győri ETO FC,D. Hafsteinsson,0,1,1,3,0,1,0,0,78,0,0,2,0,3,0
68,7 Jul 2026,,cr028wbk1zfd7cl77a7v7zx90,Romain Lissorgue,Víkingur Reykjavík,Győri ETO FC,S. Þorkelsson,0,0,0,5,2,0,0,0,87,0,0,0,0,2,0
68,7 Jul 2026,,cr028wbk1zfd7cl77a7v7zx90,Romain Lissorgue,Víkingur Reykjavík,Győri ETO FC,Ó. Borgþórsson,0,0,0,10,3,0,0,0,48,0,0,2,1,0,0
68,7 Jul 2026,,cr028wbk1zfd7cl77a7v7zx90,Romain Lissorgue,Víkingur Reykjavík,Győri ETO FC,K. Gunnarsson,0,2,1,0,0,1,0,0,63,0,0,3,0,1,0
68,7 Jul 2026,,cr028wbk1zfd7cl77a7v7zx90,Romain Lissorgue,Víkingur Reykjavík,Győri ETO FC,O. Ekroth,0,0,0,0,2,2,0,0,146,0,0,0,0,1,1
68,7 Jul 2026,,cr028wbk1zfd7cl77a7v7zx90,Romain Lissorgue,Víkingur Reykjavík,Győri ETO FC,G. Sigurðsson,0,1,1,7,1,0,0,0,78,0,0,5,3,2,0
68,7 Jul 2026,,cr028wbk1zfd7cl77a7v7zx90,Romain Lissorgue,Víkingur Reykjavík,Győri ETO FC,V. Ingimundarson,0,0,0,3,1,2,0,0,42,0,0,4,0,2,0
68,7 Jul 2026,,cr028wbk1zfd7cl77a7v7zx90,Romain Lissorgue,Víkingur Reykjavík,Győri ETO FC,H. Guðjónsson,0,0,1,9,1,0,0,1,39,0,0,0,0,1,0
68,7 Jul 2026,,cr028wbk1zfd7cl77a7v7zx90,Romain Lissorgue,Víkingur Reykjavík,Győri ETO FC,Ö. Kristinsson,0,0,0,0,0,0,0,0,33,0,0,0,0,0,0
68,7 Jul 2026,,cr028wbk1zfd7cl77a7v7zx90,Romain Lissorgue,Víkingur Reykjavík,Győri ETO FC,A. Þrándarson,0,0,0,0,0,0,0,0,14,0,0,1,1,1,0
68,7 Jul 2026,,cr028wbk1zfd7cl77a7v7zx90,Romain Lissorgue,Víkingur Reykjavík,Győri ETO FC,E. Ómarsson,0,0,1,0,0,0,0,0,3,0,0,1,1,0,0
68,7 Jul 2026,,cr028wbk1zfd7cl77a7v7zx90,Romain Lissorgue,Víkingur Reykjavík,Győri ETO FC,N. Hansen,0,0,0,1,2,0,1,0,9,0,0,2,1,2,0
68,7 Jul 2026,,cr028wbk1zfd7cl77a7v7zx90,Romain Lissorgue,Víkingur Reykjavík,Győri ETO FC,T. Ibrahimagic,0,1,0,1,0,1,0,0,32,0,0,1,0,2,0
68,7 Jul 2026,,cr028wbk1zfd7cl77a7v7zx90,Romain Lissorgue,Víkingur Reykjavík,Győri ETO FC,Á. Finnbogason,0,0,0,0,0,0,0,0,2,0,0,0,0,0,0
68,7 Jul 2026,,cr028wbk1zfd7cl77a7v7zx90,Romain Lissorgue,Víkingur Reykjavík,Győri ETO FC,C. Bumba,0,1,0,1,2,1,0,0,27,0,0,1,0,3,0
68,7 Jul 2026,,cr028wbk1zfd7cl77a7v7zx90,Romain Lissorgue,Víkingur Reykjavík,Győri ETO FC,M. Csinger,0,0,0,0,1,2,0,0,34,0,0,1,0,2,1
68,7 Jul 2026,,cr028wbk1zfd7cl77a7v7zx90,Romain Lissorgue,Víkingur Reykjavík,Győri ETO FC,Ž. Gavrić,0,0,0,0,0,0,0,0,24,0,0,0,0,1,0
68,7 Jul 2026,,cr028wbk1zfd7cl77a7v7zx90,Romain Lissorgue,Víkingur Reykjavík,Győri ETO FC,D. Štefulj,0,0,0,0,1,0,0,1,24,0,0,1,0,2,0
68,7 Jul 2026,,cr028wbk1zfd7cl77a7v7zx90,Romain Lissorgue,Víkingur Reykjavík,Győri ETO FC,K. Bánáti,0,0,0,2,1,1,0,0,22,0,0,0,0,2,0
68,7 Jul 2026,,cr028wbk1zfd7cl77a7v7zx90,Romain Lissorgue,Víkingur Reykjavík,Győri ETO FC,S. Petráš,0,0,0,0,0,0,0,0,51,0,6,0,0,0,0
68,7 Jul 2026,,cr028wbk1zfd7cl77a7v7zx90,Romain Lissorgue,Víkingur Reykjavík,Győri ETO FC,N. Njie,0,1,0,0,1,1,0,0,21,0,0,1,0,1,0
68,7 Jul 2026,,cr028wbk1zfd7cl77a7v7zx90,Romain Lissorgue,Víkingur Reykjavík,Győri ETO FC,Ș. Vlădoiu,0,0,0,1,0,2,0,0,22,0,0,0,0,3,0
68,7 Jul 2026,,cr028wbk1zfd7cl77a7v7zx90,Romain Lissorgue,Víkingur Reykjavík,Győri ETO FC,M. Vitális,0,1,1,2,1,2,0,0,24,0,0,1,0,1,0
68,7 Jul 2026,,cr028wbk1zfd7cl77a7v7zx90,Romain Lissorgue,Víkingur Reykjavík,Győri ETO FC,M. Krpić,0,0,0,0,0,0,0,0,40,0,0,0,0,0,1
68,7 Jul 2026,,cr028wbk1zfd7cl77a7v7zx90,Romain Lissorgue,Víkingur Reykjavík,Győri ETO FC,R. Tóth,0,0,0,0,1,1,0,0,25,0,0,0,0,6,0
68,7 Jul 2026,,cr028wbk1zfd7cl77a7v7zx90,Romain Lissorgue,Víkingur Reykjavík,Győri ETO FC,S. Schön,0,0,0,0,0,2,0,0,5,0,0,0,0,1,0
68,7 Jul 2026,,cr028wbk1zfd7cl77a7v7zx90,Romain Lissorgue,Víkingur Reykjavík,Győri ETO FC,B. Bíró,0,0,0,0,0,0,0,0,2,0,0,0,0,0,0
68,7 Jul 2026,,cr028wbk1zfd7cl77a7v7zx90,Romain Lissorgue,Víkingur Reykjavík,Győri ETO FC,Marcell Béla Huszár,0,0,0,0,0,0,0,0,0,0,0,0,0,0,0
70,14 Jul 2026,,cxgt8d7df89q45yvlsaw3dpn8,Mateo Erceg,Győri ETO FC,Víkingur Reykjavík,Ž. Gavrić,0,0,0,1,1,2,0,0,43,0,0,1,0,3,1
70,14 Jul 2026,,cxgt8d7df89q45yvlsaw3dpn8,Mateo Erceg,Győri ETO FC,Víkingur Reykjavík,R. Tóth,0,0,0,0,0,1,0,0,39,0,0,0,0,2,1
70,14 Jul 2026,,cxgt8d7df89q45yvlsaw3dpn8,Mateo Erceg,Győri ETO FC,Víkingur Reykjavík,D. Štefulj,0,0,0,2,0,1,0,1,37,0,0,1,0,2,0
70,14 Jul 2026,,cxgt8d7df89q45yvlsaw3dpn8,Mateo Erceg,Győri ETO FC,Víkingur Reykjavík,C. Bumba,0,0,0,0,1,0,0,0,33,0,0,1,0,1,0
70,14 Jul 2026,,cxgt8d7df89q45yvlsaw3dpn8,Mateo Erceg,Győri ETO FC,Víkingur Reykjavík,N. Njie,0,2,2,4,0,1,0,1,10,0,0,5,1,0,0
70,14 Jul 2026,,cxgt8d7df89q45yvlsaw3dpn8,Mateo Erceg,Győri ETO FC,Víkingur Reykjavík,M. Csinger,0,0,0,0,1,0,0,0,67,0,0,0,0,1,1
70,14 Jul 2026,,cxgt8d7df89q45yvlsaw3dpn8,Mateo Erceg,Győri ETO FC,Víkingur Reykjavík,M. Krpić,0,1,0,2,0,1,0,0,71,0,0,1,0,1,0
70,14 Jul 2026,,cxgt8d7df89q45yvlsaw3dpn8,Mateo Erceg,Győri ETO FC,Víkingur Reykjavík,S. Petráš,0,0,0,0,0,0,0,0,49,0,0,0,0,0,0
70,14 Jul 2026,,cxgt8d7df89q45yvlsaw3dpn8,Mateo Erceg,Győri ETO FC,Víkingur Reykjavík,M. Vitális,0,0,2,10,1,2,1,0,62,0,0,1,1,2,1
70,14 Jul 2026,,cxgt8d7df89q45yvlsaw3dpn8,Mateo Erceg,Győri ETO FC,Víkingur Reykjavík,Ș. Vlădoiu,0,0,0,2,0,0,0,0,37,0,0,0,0,0,1
70,14 Jul 2026,,cxgt8d7df89q45yvlsaw3dpn8,Mateo Erceg,Győri ETO FC,Víkingur Reykjavík,S. Schön,0,1,1,4,2,1,0,0,34,0,0,2,0,5,1
70,14 Jul 2026,,cxgt8d7df89q45yvlsaw3dpn8,Mateo Erceg,Győri ETO FC,Víkingur Reykjavík,K. Bánáti,0,0,0,2,0,0,0,0,16,0,0,0,0,2,0
70,14 Jul 2026,,cxgt8d7df89q45yvlsaw3dpn8,Mateo Erceg,Győri ETO FC,Víkingur Reykjavík,M. Szép,0,0,0,0,2,0,0,0,10,0,0,0,0,2,0
70,14 Jul 2026,,cxgt8d7df89q45yvlsaw3dpn8,Mateo Erceg,Győri ETO FC,Víkingur Reykjavík,J. Živković,0,0,0,2,1,0,0,0,2,0,0,0,0,0,0
70,14 Jul 2026,,cxgt8d7df89q45yvlsaw3dpn8,Mateo Erceg,Győri ETO FC,Víkingur Reykjavík,M. Huszár,0,0,0,0,0,0,0,0,0,0,0,0,0,0,0
70,14 Jul 2026,,cxgt8d7df89q45yvlsaw3dpn8,Mateo Erceg,Győri ETO FC,Víkingur Reykjavík,Ö. Kristinsson,0,0,0,0,0,0,0,0,33,0,1,0,0,0,0
70,14 Jul 2026,,cxgt8d7df89q45yvlsaw3dpn8,Mateo Erceg,Győri ETO FC,Víkingur Reykjavík,G. Sigurðsson,1,1,1,3,2,0,1,0,33,0,0,3,1,4,0
70,14 Jul 2026,,cxgt8d7df89q45yvlsaw3dpn8,Mateo Erceg,Győri ETO FC,Víkingur Reykjavík,S. Þorkelsson,0,0,0,0,0,1,0,0,49,0,0,1,0,1,0
70,14 Jul 2026,,cxgt8d7df89q45yvlsaw3dpn8,Mateo Erceg,Győri ETO FC,Víkingur Reykjavík,H. Guðjónsson,0,0,0,2,1,0,0,0,19,0,0,0,0,2,0
70,14 Jul 2026,,cxgt8d7df89q45yvlsaw3dpn8,Mateo Erceg,Győri ETO FC,Víkingur Reykjavík,T. Ibrahimagic,0,0,0,0,0,4,0,0,31,0,0,0,0,0,1
70,14 Jul 2026,,cxgt8d7df89q45yvlsaw3dpn8,Mateo Erceg,Győri ETO FC,Víkingur Reykjavík,O. Ekroth,0,0,0,0,0,1,0,0,47,0,0,0,0,1,0
70,14 Jul 2026,,cxgt8d7df89q45yvlsaw3dpn8,Mateo Erceg,Győri ETO FC,Víkingur Reykjavík,K. Gunnarsson,0,0,1,0,1,0,0,0,14,0,0,0,0,0,0
70,14 Jul 2026,,cxgt8d7df89q45yvlsaw3dpn8,Mateo Erceg,Győri ETO FC,Víkingur Reykjavík,D. Hafsteinsson,1,1,0,0,2,0,1,0,26,0,0,3,1,2,0
70,14 Jul 2026,,cxgt8d7df89q45yvlsaw3dpn8,Mateo Erceg,Győri ETO FC,Víkingur Reykjavík,V. Ingimundarson,0,1,1,1,0,1,0,0,10,0,0,1,0,1,0
70,14 Jul 2026,,cxgt8d7df89q45yvlsaw3dpn8,Mateo Erceg,Győri ETO FC,Víkingur Reykjavík,Ó. Borgþórsson,0,0,1,1,2,2,0,0,33,0,0,0,0,3,1
70,14 Jul 2026,,cxgt8d7df89q45yvlsaw3dpn8,Mateo Erceg,Győri ETO FC,Víkingur Reykjavík,N. Hansen,0,0,0,0,1,0,0,0,4,0,0,0,0,1,0
70,14 Jul 2026,,cxgt8d7df89q45yvlsaw3dpn8,Mateo Erceg,Győri ETO FC,Víkingur Reykjavík,A. Þrándarson,0,0,0,0,0,0,0,1,7,0,0,1,0,2,0
70,14 Jul 2026,,cxgt8d7df89q45yvlsaw3dpn8,Mateo Erceg,Győri ETO FC,Víkingur Reykjavík,D. Atlason,0,0,0,0,0,0,0,0,5,0,0,0,0,0,0
70,14 Jul 2026,,cxgt8d7df89q45yvlsaw3dpn8,Mateo Erceg,Győri ETO FC,Víkingur Reykjavík,V. Andrason,0,0,0,0,0,0,0,0,6,0,0,1,0,1,0
70,14 Jul 2026,,cxgt8d7df89q45yvlsaw3dpn8,Mateo Erceg,Győri ETO FC,Víkingur Reykjavík,E. Agnarsson,0,0,0,0,0,0,0,0,2,0,0,0,0,0,0
71,21 Jul 2026,,d1aamn33xfvi5mfppqyxx7dp0,Gergő Bogár,SK Sturm Graz,Heart of Midlothian FC,L. Weinhandl,1,0,1,0,1,0,1,0,24,0,0,1,1,3,0
71,21 Jul 2026,,d1aamn33xfvi5mfppqyxx7dp0,Gergő Bogár,SK Sturm Graz,Heart of Midlothian FC,D. Khudyakov,0,0,0,0,0,0,0,0,28,0,6,0,0,0,0
71,21 Jul 2026,,d1aamn33xfvi5mfppqyxx7dp0,Gergő Bogár,SK Sturm Graz,Heart of Midlothian FC,E. Soglo,0,0,0,3,0,0,0,0,19,0,0,1,0,7,0
71,21 Jul 2026,,d1aamn33xfvi5mfppqyxx7dp0,Gergő Bogár,SK Sturm Graz,Heart of Midlothian FC,S. Jatta,0,2,1,0,1,1,0,0,7,0,0,3,0,0,0
71,21 Jul 2026,,d1aamn33xfvi5mfppqyxx7dp0,Gergő Bogár,SK Sturm Graz,Heart of Midlothian FC,J. Gorenc Stankovič,0,0,0,0,2,4,1,0,24,0,0,3,1,1,1
71,21 Jul 2026,,d1aamn33xfvi5mfppqyxx7dp0,Gergő Bogár,SK Sturm Graz,Heart of Midlothian FC,A. Vallci,0,0,0,0,4,0,0,0,22,0,0,0,0,2,0
71,21 Jul 2026,,d1aamn33xfvi5mfppqyxx7dp0,Gergő Bogár,SK Sturm Graz,Heart of Midlothian FC,J. Mitchell,1,0,0,0,0,0,1,0,23,0,0,3,1,2,0
71,21 Jul 2026,,d1aamn33xfvi5mfppqyxx7dp0,Gergő Bogár,SK Sturm Graz,Heart of Midlothian FC,J. Heil,0,0,0,1,2,1,1,0,19,0,0,1,1,7,0
71,21 Jul 2026,,d1aamn33xfvi5mfppqyxx7dp0,Gergő Bogár,SK Sturm Graz,Heart of Midlothian FC,S. Seidl,0,0,1,2,1,0,0,0,5,0,0,0,0,0,0
71,21 Jul 2026,,d1aamn33xfvi5mfppqyxx7dp0,Gergő Bogár,SK Sturm Graz,Heart of Midlothian FC,J. Hödl,1,0,0,0,1,3,0,0,15,0,0,3,2,3,0
71,21 Jul 2026,,d1aamn33xfvi5mfppqyxx7dp0,Gergő Bogár,SK Sturm Graz,Heart of Midlothian FC,S. Włodarczyk,0,2,0,0,1,0,0,0,13,0,0,3,0,0,0
71,21 Jul 2026,,d1aamn33xfvi5mfppqyxx7dp0,Gergő Bogár,SK Sturm Graz,Heart of Midlothian FC,O. Kiteishvili,1,1,1,1,1,2,0,0,9,0,0,1,0,1,0
71,21 Jul 2026,,d1aamn33xfvi5mfppqyxx7dp0,Gergő Bogár,SK Sturm Graz,Heart of Midlothian FC,N. Weiper,0,0,0,0,1,0,0,0,5,0,0,0,0,0,0
71,21 Jul 2026,,d1aamn33xfvi5mfppqyxx7dp0,Gergő Bogár,SK Sturm Graz,Heart of Midlothian FC,R. Fosso,0,0,0,0,0,1,0,0,4,0,0,1,0,1,0
71,21 Jul 2026,,d1aamn33xfvi5mfppqyxx7dp0,Gergő Bogár,SK Sturm Graz,Heart of Midlothian FC,A. Kayombo,0,0,0,0,2,0,0,0,2,0,0,0,0,0,0
71,21 Jul 2026,,d1aamn33xfvi5mfppqyxx7dp0,Gergő Bogár,SK Sturm Graz,Heart of Midlothian FC,A. Malić,0,0,0,0,1,0,0,0,3,0,0,0,0,1,0
71,21 Jul 2026,,d1aamn33xfvi5mfppqyxx7dp0,Gergő Bogár,SK Sturm Graz,Heart of Midlothian FC,J. McCart,0,0,0,0,0,3,0,0,57,0,0,3,0,3,0
71,21 Jul 2026,,d1aamn33xfvi5mfppqyxx7dp0,Gergő Bogár,SK Sturm Graz,Heart of Midlothian FC,M. Fagan-Walcott,0,0,0,0,1,0,0,0,50,0,0,0,0,1,0
71,21 Jul 2026,,d1aamn33xfvi5mfppqyxx7dp0,Gergő Bogár,SK Sturm Graz,Heart of Midlothian FC,Cláudio Braga,0,1,1,2,1,4,0,0,21,0,0,4,1,1,0
71,21 Jul 2026,,d1aamn33xfvi5mfppqyxx7dp0,Gergő Bogár,SK Sturm Graz,Heart of Midlothian FC,P. Kaboré,0,0,0,0,2,1,0,1,15,0,0,1,1,2,0
71,21 Jul 2026,,d1aamn33xfvi5mfppqyxx7dp0,Gergő Bogár,SK Sturm Graz,Heart of Midlothian FC,A. Kyziridis,0,0,1,3,0,1,0,0,12,0,0,2,1,1,0
71,21 Jul 2026,,d1aamn33xfvi5mfppqyxx7dp0,Gergő Bogár,SK Sturm Graz,Heart of Midlothian FC,H. Milne,0,1,0,2,1,0,0,0,44,0,0,1,0,3,0
71,21 Jul 2026,,d1aamn33xfvi5mfppqyxx7dp0,Gergő Bogár,SK Sturm Graz,Heart of Midlothian FC,C. Borchgrevink,0,0,2,3,1,1,0,0,47,0,0,1,0,1,0
71,21 Jul 2026,,d1aamn33xfvi5mfppqyxx7dp0,Gergő Bogár,SK Sturm Graz,Heart of Midlothian FC,C. Miller,0,0,1,2,1,0,0,1,20,0,0,1,1,1,0
71,21 Jul 2026,,d1aamn33xfvi5mfppqyxx7dp0,Gergő Bogár,SK Sturm Graz,Heart of Midlothian FC,B. Spittal,0,0,1,2,2,1,0,0,37,0,0,0,0,1,0
71,21 Jul 2026,,d1aamn33xfvi5mfppqyxx7dp0,Gergő Bogár,SK Sturm Graz,Heart of Midlothian FC,O. McEntee,0,0,0,1,2,0,0,0,30,0,0,1,1,4,1
71,21 Jul 2026,,d1aamn33xfvi5mfppqyxx7dp0,Gergő Bogár,SK Sturm Graz,Heart of Midlothian FC,Alexander Schwolow,0,0,0,0,0,0,0,0,38,0,2,0,0,0,0
71,21 Jul 2026,,d1aamn33xfvi5mfppqyxx7dp0,Gergő Bogár,SK Sturm Graz,Heart of Midlothian FC,A. Ba-Sy,0,3,3,0,1,2,0,0,12,0,0,3,0,0,1
71,21 Jul 2026,,d1aamn33xfvi5mfppqyxx7dp0,Gergő Bogár,SK Sturm Graz,Heart of Midlothian FC,S. Guendouz,0,0,0,3,1,1,0,0,25,0,0,1,1,2,0
71,21 Jul 2026,,d1aamn33xfvi5mfppqyxx7dp0,Gergő Bogár,SK Sturm Graz,Heart of Midlothian FC,S. Kerjota,0,0,2,5,0,1,0,0,15,0,0,0,0,0,0
71,21 Jul 2026,,d1aamn33xfvi5mfppqyxx7dp0,Gergő Bogár,SK Sturm Graz,Heart of Midlothian FC,T. Renaud,0,0,1,0,0,0,0,0,11,0,0,1,0,1,0
71,21 Jul 2026,,d1aamn33xfvi5mfppqyxx7dp0,Gergő Bogár,SK Sturm Graz,Heart of Midlothian FC,T. Magnússon,0,0,0,0,0,2,0,0,12,0,0,0,0,1,0
34,5 Aug 2026,,94xh3rkyf5vd9nktsb0o2ptzo,Rade Obrenović,AGF,Sabah FK,C. Rösler,0,0,1,0,0,1,0,0,48,0,0,0,0,0,0
34,5 Aug 2026,,94xh3rkyf5vd9nktsb0o2ptzo,Rade Obrenović,AGF,Sabah FK,K. Arnstad,0,0,0,0,1,0,0,0,34,0,0,0,0,0,0
34,5 Aug 2026,,94xh3rkyf5vd9nktsb0o2ptzo,Rade Obrenović,AGF,Sabah FK,J. Jønsson,0,0,0,0,0,2,0,0,24,0,0,0,0,1,0
34,5 Aug 2026,,94xh3rkyf5vd9nktsb0o2ptzo,Rade Obrenović,AGF,Sabah FK,E. Kahl,0,0,0,3,1,0,0,0,46,0,0,0,0,4,0
34,5 Aug 2026,,94xh3rkyf5vd9nktsb0o2ptzo,Rade Obrenović,AGF,Sabah FK,M. Knudsen,1,0,0,0,1,2,0,0,49,0,0,0,0,2,1
34,5 Aug 2026,,94xh3rkyf5vd9nktsb0o2ptzo,Rade Obrenović,AGF,Sabah FK,M. Anderson,0,2,0,6,2,5,0,0,19,0,0,2,0,2,0
34,5 Aug 2026,,94xh3rkyf5vd9nktsb0o2ptzo,Rade Obrenović,AGF,Sabah FK,M. Hedenstad,0,0,0,0,0,0,0,0,35,0,3,0,0,0,0
34,5 Aug 2026,,94xh3rkyf5vd9nktsb0o2ptzo,Rade Obrenović,AGF,Sabah FK,F. Tingager,0,0,0,0,0,0,0,0,16,0,0,0,0,1,0
34,5 Aug 2026,,94xh3rkyf5vd9nktsb0o2ptzo,Rade Obrenović,AGF,Sabah FK,J. Bogere,0,0,0,1,2,0,2,0,12,0,0,3,2,0,0
34,5 Aug 2026,,94xh3rkyf5vd9nktsb0o2ptzo,Rade Obrenović,AGF,Sabah FK,F. Emmery,0,1,3,3,2,0,0,0,13,0,0,2,0,2,0
34,5 Aug 2026,,94xh3rkyf5vd9nktsb0o2ptzo,Rade Obrenović,AGF,Sabah FK,T. Bech,0,0,1,0,1,1,0,0,24,0,0,2,1,1,0
34,5 Aug 2026,,94xh3rkyf5vd9nktsb0o2ptzo,Rade Obrenović,AGF,Sabah FK,J. Andersen,0,0,1,1,1,0,0,0,16,0,0,0,0,0,0
34,5 Aug 2026,,94xh3rkyf5vd9nktsb0o2ptzo,Rade Obrenović,AGF,Sabah FK,R. Carstensen,0,0,0,2,1,0,0,0,11,0,0,0,0,2,0
34,5 Aug 2026,,94xh3rkyf5vd9nktsb0o2ptzo,Rade Obrenović,AGF,Sabah FK,G. Links,0,1,0,0,1,0,0,0,3,0,0,1,0,0,1
34,5 Aug 2026,,94xh3rkyf5vd9nktsb0o2ptzo,Rade Obrenović,AGF,Sabah FK,J. Serra,0,0,0,0,0,0,0,0,5,0,0,0,0,0,0
34,5 Aug 2026,,94xh3rkyf5vd9nktsb0o2ptzo,Rade Obrenović,AGF,Sabah FK,C. Storch,0,0,0,0,0,0,0,0,2,0,0,0,0,0,0
34,5 Aug 2026,,94xh3rkyf5vd9nktsb0o2ptzo,Rade Obrenović,AGF,Sabah FK,A. İsayev,0,0,0,3,1,0,0,0,39,0,0,3,1,2,0
34,5 Aug 2026,,94xh3rkyf5vd9nktsb0o2ptzo,Rade Obrenović,AGF,Sabah FK,S. Pokatilov,0,0,0,0,0,0,0,0,34,0,1,0,0,1,0
34,5 Aug 2026,,94xh3rkyf5vd9nktsb0o2ptzo,Rade Obrenović,AGF,Sabah FK,I. Lepinjica,0,0,0,0,1,1,0,0,54,0,0,1,0,1,0
34,5 Aug 2026,,94xh3rkyf5vd9nktsb0o2ptzo,Rade Obrenović,AGF,Sabah FK,S. Solvet,0,0,0,0,2,3,0,1,53,0,0,1,0,1,0
34,5 Aug 2026,,94xh3rkyf5vd9nktsb0o2ptzo,Rade Obrenović,AGF,Sabah FK,J. Mickels,0,0,0,2,2,2,0,0,26,0,0,2,1,0,1
34,5 Aug 2026,,94xh3rkyf5vd9nktsb0o2ptzo,Rade Obrenović,AGF,Sabah FK,A. Zedadka,0,0,2,2,0,4,0,0,43,0,0,0,0,0,0
34,5 Aug 2026,,94xh3rkyf5vd9nktsb0o2ptzo,Rade Obrenović,AGF,Sabah FK,V. Simić,0,0,0,1,2,0,1,0,39,0,0,1,1,1,1
34,5 Aug 2026,,94xh3rkyf5vd9nktsb0o2ptzo,Rade Obrenović,AGF,Sabah FK,T. Puchacz,0,0,0,10,2,1,0,0,37,0,0,2,0,0,0
34,5 Aug 2026,,94xh3rkyf5vd9nktsb0o2ptzo,Rade Obrenović,AGF,Sabah FK,R. Daşdəmirov,0,0,0,0,0,0,0,0,43,0,0,0,0,2,0
34,5 Aug 2026,,94xh3rkyf5vd9nktsb0o2ptzo,Rade Obrenović,AGF,Sabah FK,K. Parris,0,0,0,1,0,1,0,0,17,0,0,1,0,3,0
34,5 Aug 2026,,94xh3rkyf5vd9nktsb0o2ptzo,Rade Obrenović,AGF,Sabah FK,U. Rakhmonaliev,1,1,1,0,1,1,0,0,49,0,0,4,1,4,0
34,5 Aug 2026,,94xh3rkyf5vd9nktsb0o2ptzo,Rade Obrenović,AGF,Sabah FK,O. Mbina,0,0,1,0,0,0,0,0,6,0,0,0,0,0,0
34,5 Aug 2026,,94xh3rkyf5vd9nktsb0o2ptzo,Rade Obrenović,AGF,Sabah FK,X. Severina,0,0,1,2,0,0,0,0,4,0,0,0,0,0,0
34,5 Aug 2026,,94xh3rkyf5vd9nktsb0o2ptzo,Rade Obrenović,AGF,Sabah FK,Y. Lachaab,0,0,0,1,0,0,0,0,0,0,0,0,0,0,0
34,5 Aug 2026,,94xh3rkyf5vd9nktsb0o2ptzo,Rade Obrenović,AGF,Sabah FK,A. Xaybulayev,0,0,0,0,0,0,0,0,0,0,0,0,0,1,0
37,4 Aug 2026,,96regfvykt8rnyvr1l8124e1g,José María Sánchez Martínez,Olympiakos FC,NEC,Chiquinho,0,0,0,0,1,2,0,0,14,0,0,0,0,1,0
37,4 Aug 2026,,96regfvykt8rnyvr1l8124e1g,José María Sánchez Martínez,Olympiakos FC,NEC,David Carmo,0,0,0,1,1,0,0,0,40,0,0,1,1,0,1
37,4 Aug 2026,,96regfvykt8rnyvr1l8124e1g,José María Sánchez Martínez,Olympiakos FC,NEC,A. El Kaabi,0,0,1,0,1,0,0,1,22,0,0,2,2,1,0
37,4 Aug 2026,,96regfvykt8rnyvr1l8124e1g,José María Sánchez Martínez,Olympiakos FC,NEC,M. Saliakas,0,0,1,3,0,0,0,0,17,0,0,0,0,1,0
37,4 Aug 2026,,96regfvykt8rnyvr1l8124e1g,José María Sánchez Martínez,Olympiakos FC,NEC,Rodinei,0,0,1,5,2,0,0,0,31,0,0,1,1,6,0
37,4 Aug 2026,,96regfvykt8rnyvr1l8124e1g,José María Sánchez Martínez,Olympiakos FC,NEC,Dani García,0,0,0,0,2,0,0,0,43,0,0,0,0,2,1
37,4 Aug 2026,,96regfvykt8rnyvr1l8124e1g,José María Sánchez Martínez,Olympiakos FC,NEC,C. Mouzakitis,0,2,0,4,1,1,0,0,44,0,0,3,0,2,0
37,4 Aug 2026,,96regfvykt8rnyvr1l8124e1g,José María Sánchez Martínez,Olympiakos FC,NEC,B. Onyemaechi,0,0,0,5,0,2,0,0,36,0,0,1,0,2,0
37,4 Aug 2026,,96regfvykt8rnyvr1l8124e1g,José María Sánchez Martínez,Olympiakos FC,NEC,B. Popović,0,0,0,0,0,0,0,0,45,0,4,0,0,0,0
37,4 Aug 2026,,96regfvykt8rnyvr1l8124e1g,José María Sánchez Martínez,Olympiakos FC,NEC,P. Retsos,0,0,0,0,0,1,0,0,25,0,0,1,0,0,0
37,4 Aug 2026,,96regfvykt8rnyvr1l8124e1g,José María Sánchez Martínez,Olympiakos FC,NEC,Joel Roca,0,0,2,1,0,1,0,0,9,0,0,1,1,0,0
37,4 Aug 2026,,96regfvykt8rnyvr1l8124e1g,José María Sánchez Martínez,Olympiakos FC,NEC,Gelson Martins,0,0,0,1,2,1,0,1,15,0,0,1,0,2,0
37,4 Aug 2026,,96regfvykt8rnyvr1l8124e1g,José María Sánchez Martínez,Olympiakos FC,NEC,L. Pirola,0,0,0,0,0,3,0,0,26,0,0,0,0,0,0
37,4 Aug 2026,,96regfvykt8rnyvr1l8124e1g,José María Sánchez Martínez,Olympiakos FC,NEC,Pablo Maffeo,0,0,0,1,1,0,0,0,8,0,0,0,0,0,0
37,4 Aug 2026,,96regfvykt8rnyvr1l8124e1g,José María Sánchez Martínez,Olympiakos FC,NEC,Jota Silva,0,0,0,0,0,2,0,0,10,0,0,0,0,0,0
37,4 Aug 2026,,96regfvykt8rnyvr1l8124e1g,José María Sánchez Martínez,Olympiakos FC,NEC,Z. Smajlović,0,0,0,0,0,1,0,0,15,0,0,0,0,2,0
37,4 Aug 2026,,96regfvykt8rnyvr1l8124e1g,José María Sánchez Martínez,Olympiakos FC,NEC,P. Sandler,0,0,0,0,0,0,0,1,22,0,0,0,0,4,0
37,4 Aug 2026,,96regfvykt8rnyvr1l8124e1g,José María Sánchez Martínez,Olympiakos FC,NEC,D. Fonville,0,0,0,1,0,2,0,0,28,0,0,0,0,4,0
37,4 Aug 2026,,96regfvykt8rnyvr1l8124e1g,José María Sánchez Martínez,Olympiakos FC,NEC,C. Bischoff,0,2,1,1,0,3,0,0,31,0,0,3,0,2,0
37,4 Aug 2026,,96regfvykt8rnyvr1l8124e1g,José María Sánchez Martínez,Olympiakos FC,NEC,N. Lebreton,0,1,0,0,5,2,0,0,30,0,0,3,1,3,0
37,4 Aug 2026,,96regfvykt8rnyvr1l8124e1g,José María Sánchez Martínez,Olympiakos FC,NEC,Jamiro Monteiro,0,0,1,1,3,0,0,0,26,0,0,2,2,2,0
37,4 Aug 2026,,96regfvykt8rnyvr1l8124e1g,José María Sánchez Martínez,Olympiakos FC,NEC,D. Nejašmić,0,0,0,0,0,0,0,0,45,0,0,0,0,1,0
37,4 Aug 2026,,96regfvykt8rnyvr1l8124e1g,José María Sánchez Martínez,Olympiakos FC,NEC,G. Crettaz,0,0,0,0,0,0,0,0,43,0,5,0,0,0,0
37,4 Aug 2026,,96regfvykt8rnyvr1l8124e1g,José María Sánchez Martínez,Olympiakos FC,NEC,T. Chery,0,1,0,3,0,0,0,1,29,0,0,3,0,1,0
37,4 Aug 2026,,96regfvykt8rnyvr1l8124e1g,José María Sánchez Martínez,Olympiakos FC,NEC,T. Storm,0,0,0,0,1,0,0,0,26,0,0,0,0,2,0
37,4 Aug 2026,,96regfvykt8rnyvr1l8124e1g,José María Sánchez Martínez,Olympiakos FC,NEC,S. Ouaissa,0,0,0,1,2,2,0,1,14,0,0,2,1,0,0
37,4 Aug 2026,,96regfvykt8rnyvr1l8124e1g,José María Sánchez Martínez,Olympiakos FC,NEC,B. Linssen,0,0,0,1,2,0,0,2,13,0,0,0,0,1,0
37,4 Aug 2026,,96regfvykt8rnyvr1l8124e1g,José María Sánchez Martínez,Olympiakos FC,NEC,B. Pereira,0,0,0,0,1,1,0,0,14,0,0,0,0,1,0
37,4 Aug 2026,,96regfvykt8rnyvr1l8124e1g,José María Sánchez Martínez,Olympiakos FC,NEC,E. Mor,0,0,0,0,0,0,0,0,13,0,0,0,0,3,0
37,4 Aug 2026,,96regfvykt8rnyvr1l8124e1g,José María Sánchez Martínez,Olympiakos FC,NEC,D. Tadić,0,0,0,0,1,0,0,0,8,0,0,0,0,0,0
37,4 Aug 2026,,96regfvykt8rnyvr1l8124e1g,José María Sánchez Martínez,Olympiakos FC,NEC,I. Hansen-Aarøen,0,0,0,0,1,0,0,1,7,0,0,0,0,0,0
37,4 Aug 2026,,96regfvykt8rnyvr1l8124e1g,José María Sánchez Martínez,Olympiakos FC,NEC,W. Willumsson,0,0,0,0,0,0,0,0,2,0,0,0,0,0,1
40,5 Aug 2026,,97c5rkw1xweg41hja2tcnip04,Chris Kavanagh,Fenerbahçe SK,SK Sturm Graz,K. Aktürkoğlu,1,0,1,3,2,3,0,1,25,0,0,2,2,3,0
40,5 Aug 2026,,97c5rkw1xweg41hja2tcnip04,Chris Kavanagh,Fenerbahçe SK,SK Sturm Graz,N. Kanté,0,0,0,0,1,0,0,0,62,0,0,0,0,5,0
40,5 Aug 2026,,97c5rkw1xweg41hja2tcnip04,Chris Kavanagh,Fenerbahçe SK,SK Sturm Graz,M. Škriniar,0,0,0,0,0,2,0,1,78,0,0,0,0,9,0
40,5 Aug 2026,,97c5rkw1xweg41hja2tcnip04,Chris Kavanagh,Fenerbahçe SK,SK Sturm Graz,M. Greenwood,0,1,2,3,0,0,1,1,43,0,0,3,2,0,0
40,5 Aug 2026,,97c5rkw1xweg41hja2tcnip04,Chris Kavanagh,Fenerbahçe SK,SK Sturm Graz,Nélson Semedo,0,1,0,0,2,3,0,0,53,0,0,1,0,2,0
40,5 Aug 2026,,97c5rkw1xweg41hja2tcnip04,Chris Kavanagh,Fenerbahçe SK,SK Sturm Graz,M. Günok,0,0,0,0,0,0,0,0,39,0,1,0,0,0,0
40,5 Aug 2026,,97c5rkw1xweg41hja2tcnip04,Chris Kavanagh,Fenerbahçe SK,SK Sturm Graz,N. Aké,0,0,0,0,0,1,0,0,82,0,0,1,0,2,0
40,5 Aug 2026,,97c5rkw1xweg41hja2tcnip04,Chris Kavanagh,Fenerbahçe SK,SK Sturm Graz,Marco Asensio,1,1,0,4,0,0,0,0,39,0,0,1,0,1,0
40,5 Aug 2026,,97c5rkw1xweg41hja2tcnip04,Chris Kavanagh,Fenerbahçe SK,SK Sturm Graz,Talisca,0,1,1,0,1,2,1,1,13,0,0,7,5,0,0
40,5 Aug 2026,,97c5rkw1xweg41hja2tcnip04,Chris Kavanagh,Fenerbahçe SK,SK Sturm Graz,M. Guendouzi,0,0,0,1,1,3,0,0,71,0,0,0,0,2,0
40,5 Aug 2026,,97c5rkw1xweg41hja2tcnip04,Chris Kavanagh,Fenerbahçe SK,SK Sturm Graz,J. Oosterwolde,0,0,0,0,0,0,0,0,17,0,0,0,0,2,0
40,5 Aug 2026,,97c5rkw1xweg41hja2tcnip04,Chris Kavanagh,Fenerbahçe SK,SK Sturm Graz,A. Brown,0,0,0,3,1,1,0,0,35,0,0,0,0,0,0
40,5 Aug 2026,,97c5rkw1xweg41hja2tcnip04,Chris Kavanagh,Fenerbahçe SK,SK Sturm Graz,Fred,0,0,0,0,1,1,0,0,11,0,0,0,0,2,0
40,5 Aug 2026,,97c5rkw1xweg41hja2tcnip04,Chris Kavanagh,Fenerbahçe SK,SK Sturm Graz,İ. Kahveci,0,1,0,1,1,1,0,0,9,0,0,1,0,1,0
40,5 Aug 2026,,97c5rkw1xweg41hja2tcnip04,Chris Kavanagh,Fenerbahçe SK,SK Sturm Graz,M. Müldür,0,0,0,0,0,0,0,0,4,0,0,0,0,0,0
40,5 Aug 2026,,97c5rkw1xweg41hja2tcnip04,Chris Kavanagh,Fenerbahçe SK,SK Sturm Graz,O. Aydın,0,0,0,1,0,1,0,0,2,0,0,1,1,1,0
40,5 Aug 2026,,97c5rkw1xweg41hja2tcnip04,Chris Kavanagh,Fenerbahçe SK,SK Sturm Graz,L. Weinhandl,0,0,0,0,2,1,0,0,7,0,0,0,0,0,0
40,5 Aug 2026,,97c5rkw1xweg41hja2tcnip04,Chris Kavanagh,Fenerbahçe SK,SK Sturm Graz,D. Khudyakov,0,0,0,0,0,0,0,0,18,0,8,0,0,0,0
40,5 Aug 2026,,97c5rkw1xweg41hja2tcnip04,Chris Kavanagh,Fenerbahçe SK,SK Sturm Graz,J. Hödl,0,0,0,2,3,0,0,0,15,0,0,0,0,4,0
40,5 Aug 2026,,97c5rkw1xweg41hja2tcnip04,Chris Kavanagh,Fenerbahçe SK,SK Sturm Graz,J. Heil,0,0,0,2,3,1,0,0,20,0,0,1,1,2,1
40,5 Aug 2026,,97c5rkw1xweg41hja2tcnip04,Chris Kavanagh,Fenerbahçe SK,SK Sturm Graz,S. Włodarczyk,0,0,0,1,0,0,0,0,2,0,0,0,0,0,0
40,5 Aug 2026,,97c5rkw1xweg41hja2tcnip04,Chris Kavanagh,Fenerbahçe SK,SK Sturm Graz,S. Seidl,0,2,0,2,2,1,0,0,11,0,0,2,0,1,0
40,5 Aug 2026,,97c5rkw1xweg41hja2tcnip04,Chris Kavanagh,Fenerbahçe SK,SK Sturm Graz,A. Vallci,0,0,0,0,2,0,0,0,26,0,0,0,0,3,0
40,5 Aug 2026,,97c5rkw1xweg41hja2tcnip04,Chris Kavanagh,Fenerbahçe SK,SK Sturm Graz,J. Gorenc Stankovič,0,0,1,1,1,4,0,0,38,0,0,0,0,4,1
40,5 Aug 2026,,97c5rkw1xweg41hja2tcnip04,Chris Kavanagh,Fenerbahçe SK,SK Sturm Graz,S. Jatta,0,0,1,0,1,1,0,0,10,0,0,0,0,0,0
40,5 Aug 2026,,97c5rkw1xweg41hja2tcnip04,Chris Kavanagh,Fenerbahçe SK,SK Sturm Graz,E. Soglo,0,0,0,2,1,0,0,0,26,0,0,0,0,2,0
40,5 Aug 2026,,97c5rkw1xweg41hja2tcnip04,Chris Kavanagh,Fenerbahçe SK,SK Sturm Graz,J. Mitchell,0,0,0,0,0,0,0,0,23,0,0,0,0,1,0
40,5 Aug 2026,,97c5rkw1xweg41hja2tcnip04,Chris Kavanagh,Fenerbahçe SK,SK Sturm Graz,A. Kayombo,0,1,0,0,3,0,0,0,4,0,0,1,0,0,1
40,5 Aug 2026,,97c5rkw1xweg41hja2tcnip04,Chris Kavanagh,Fenerbahçe SK,SK Sturm Graz,G. Mamageishvili,0,0,0,2,0,1,0,0,8,0,0,0,0,2,0
40,5 Aug 2026,,97c5rkw1xweg41hja2tcnip04,Chris Kavanagh,Fenerbahçe SK,SK Sturm Graz,R. Fosso,0,0,0,0,1,0,0,0,8,0,0,0,0,0,0
40,5 Aug 2026,,97c5rkw1xweg41hja2tcnip04,Chris Kavanagh,Fenerbahçe SK,SK Sturm Graz,N. Weiper,0,0,0,0,0,0,0,0,5,0,0,1,0,0,0
40,5 Aug 2026,,97c5rkw1xweg41hja2tcnip04,Chris Kavanagh,Fenerbahçe SK,SK Sturm Graz,B. Beganović,0,0,0,0,0,1,0,0,1,0,0,0,0,0,0
41,4 Aug 2026,,97y4u09q87xwmw1nv6ho9fp5g,Serdar Gözübüyük,AC Sparta Praha,Lyon,J. Surovčík,0,0,0,0,0,1,0,0,23,0,4,0,0,0,0
41,4 Aug 2026,,97y4u09q87xwmw1nv6ho9fp5g,Serdar Gözübüyük,AC Sparta Praha,Lyon,A. Irving,1,0,0,2,0,0,0,0,41,0,0,1,0,0,0
41,4 Aug 2026,,97y4u09q87xwmw1nv6ho9fp5g,Serdar Gözübüyük,AC Sparta Praha,Lyon,M. Suchomel,0,0,1,0,0,1,0,0,27,0,0,0,0,4,0
41,4 Aug 2026,,97y4u09q87xwmw1nv6ho9fp5g,Serdar Gözübüyük,AC Sparta Praha,Lyon,A. Ševínský,0,0,0,0,2,0,0,0,63,0,0,1,0,1,1
41,4 Aug 2026,,97y4u09q87xwmw1nv6ho9fp5g,Serdar Gözübüyük,AC Sparta Praha,Lyon,A. Sørensen,0,0,0,0,1,2,0,0,95,0,0,1,1,2,0
41,4 Aug 2026,,97y4u09q87xwmw1nv6ho9fp5g,Serdar Gözübüyük,AC Sparta Praha,Lyon,M. Ryneš,1,0,0,4,2,0,1,0,72,0,0,1,1,0,1
41,4 Aug 2026,,97y4u09q87xwmw1nv6ho9fp5g,Serdar Gözübüyük,AC Sparta Praha,Lyon,J. Alcócer,0,0,2,0,1,0,0,1,27,0,0,1,0,0,0
41,4 Aug 2026,,97y4u09q87xwmw1nv6ho9fp5g,Serdar Gözübüyük,AC Sparta Praha,Lyon,R. Macek,0,0,0,4,0,2,0,0,54,0,0,0,0,2,0
41,4 Aug 2026,,97y4u09q87xwmw1nv6ho9fp5g,Serdar Gözübüyük,AC Sparta Praha,Lyon,A. Karabec,0,0,0,5,4,0,0,0,15,0,0,0,0,0,0
41,4 Aug 2026,,97y4u09q87xwmw1nv6ho9fp5g,Serdar Gözübüyük,AC Sparta Praha,Lyon,J. Mercado,0,0,3,2,0,0,1,2,11,0,0,3,1,0,0
41,4 Aug 2026,,97y4u09q87xwmw1nv6ho9fp5g,Serdar Gözübüyük,AC Sparta Praha,Lyon,J. Braut Brunes,0,1,0,0,1,0,0,0,7,0,0,1,0,0,0
41,4 Aug 2026,,97y4u09q87xwmw1nv6ho9fp5g,Serdar Gözübüyük,AC Sparta Praha,Lyon,Santiago Eneme,0,0,0,0,0,0,0,0,4,0,0,0,0,0,0
41,4 Aug 2026,,97y4u09q87xwmw1nv6ho9fp5g,Serdar Gözübüyük,AC Sparta Praha,Lyon,E. Singhateh,0,0,0,1,0,0,0,0,0,0,0,0,0,0,0
41,4 Aug 2026,,97y4u09q87xwmw1nv6ho9fp5g,Serdar Gözübüyük,AC Sparta Praha,Lyon,H. Sochůrek,0,0,0,0,0,0,0,0,1,0,0,0,0,0,0
41,4 Aug 2026,,97y4u09q87xwmw1nv6ho9fp5g,Serdar Gözübüyük,AC Sparta Praha,Lyon,G. Kuol,0,0,0,0,0,0,0,0,1,0,0,0,0,0,0
41,4 Aug 2026,,97y4u09q87xwmw1nv6ho9fp5g,Serdar Gözübüyük,AC Sparta Praha,Lyon,Lukáš Haraslín,0,0,0,0,0,0,0,0,0,0,0,0,0,0,0
41,4 Aug 2026,,97y4u09q87xwmw1nv6ho9fp5g,Serdar Gözübüyük,AC Sparta Praha,Lyon,Mathys de Carvalho,0,0,1,1,2,1,0,0,29,0,0,0,0,1,0
41,4 Aug 2026,,97y4u09q87xwmw1nv6ho9fp5g,Serdar Gözübüyük,AC Sparta Praha,Lyon,D. Greif,0,0,0,0,0,1,0,0,44,0,1,0,0,0,0
41,4 Aug 2026,,97y4u09q87xwmw1nv6ho9fp5g,Serdar Gözübüyük,AC Sparta Praha,Lyon,C. Tolisso,0,1,4,1,1,1,0,0,29,0,0,3,1,4,0
41,4 Aug 2026,,97y4u09q87xwmw1nv6ho9fp5g,Serdar Gözübüyük,AC Sparta Praha,Lyon,Clinton Mata,0,0,0,0,0,1,0,0,54,0,0,0,0,2,0
41,4 Aug 2026,,97y4u09q87xwmw1nv6ho9fp5g,Serdar Gözübüyük,AC Sparta Praha,Lyon,A. Maitland-Niles,0,1,2,5,0,0,0,0,35,0,0,1,0,1,0
41,4 Aug 2026,,97y4u09q87xwmw1nv6ho9fp5g,Serdar Gözübüyük,AC Sparta Praha,Lyon,T. Tessmann,0,0,0,0,0,0,0,0,49,0,0,0,0,2,0
41,4 Aug 2026,,97y4u09q87xwmw1nv6ho9fp5g,Serdar Gözübüyük,AC Sparta Praha,Lyon,R. Kluivert,0,1,0,0,1,0,0,0,50,0,0,1,0,1,0
41,4 Aug 2026,,97y4u09q87xwmw1nv6ho9fp5g,Serdar Gözübüyük,AC Sparta Praha,Lyon,M. Ouédraogo,0,0,0,2,0,2,0,0,19,0,0,2,1,1,0
41,4 Aug 2026,,97y4u09q87xwmw1nv6ho9fp5g,Serdar Gözübüyük,AC Sparta Praha,Lyon,T. Morton,0,0,0,0,0,1,0,0,50,0,0,0,0,0,0
41,4 Aug 2026,,97y4u09q87xwmw1nv6ho9fp5g,Serdar Gözübüyük,AC Sparta Praha,Lyon,Abner Vinícius,0,0,0,4,0,0,0,1,31,0,0,0,0,3,0
41,4 Aug 2026,,97y4u09q87xwmw1nv6ho9fp5g,Serdar Gözübüyük,AC Sparta Praha,Lyon,L. Openda,0,0,1,0,2,3,0,1,5,0,0,1,1,1,0
41,4 Aug 2026,,97y4u09q87xwmw1nv6ho9fp5g,Serdar Gözübüyük,AC Sparta Praha,Lyon,E. Nuamah,0,1,1,3,1,1,0,0,2,0,0,2,0,0,0
41,4 Aug 2026,,97y4u09q87xwmw1nv6ho9fp5g,Serdar Gözübüyük,AC Sparta Praha,Lyon,M. Fofana,0,0,0,1,0,0,0,0,7,0,0,1,1,1,0
43,18 Aug 2026,,a0l58ek8dh8m7ocxcv3x9tjpw,Sven Jablonski,Fenerbahçe SK,Lyon,M. Guendouzi,0,0,0,2,1,0,0,0,51,0,0,0,0,1,0
43,18 Aug 2026,,a0l58ek8dh8m7ocxcv3x9tjpw,Sven Jablonski,Fenerbahçe SK,Lyon,Nélson Semedo,0,0,0,3,1,1,0,1,43,0,0,0,0,2,0
43,18 Aug 2026,,a0l58ek8dh8m7ocxcv3x9tjpw,Sven Jablonski,Fenerbahçe SK,Lyon,Talisca,0,1,1,0,1,0,0,0,12,0,0,2,0,0,0
43,18 Aug 2026,,a0l58ek8dh8m7ocxcv3x9tjpw,Sven Jablonski,Fenerbahçe SK,Lyon,M. Greenwood,0,0,0,4,2,1,1,0,49,0,0,4,3,0,0
43,18 Aug 2026,,a0l58ek8dh8m7ocxcv3x9tjpw,Sven Jablonski,Fenerbahçe SK,Lyon,M. Škriniar,0,0,0,0,3,2,0,0,64,0,0,0,0,2,1
43,18 Aug 2026,,a0l58ek8dh8m7ocxcv3x9tjpw,Sven Jablonski,Fenerbahçe SK,Lyon,N. Aké,0,0,0,0,0,3,0,0,64,0,0,0,0,0,0
43,18 Aug 2026,,a0l58ek8dh8m7ocxcv3x9tjpw,Sven Jablonski,Fenerbahçe SK,Lyon,Ederson,0,0,0,0,0,0,0,0,35,0,4,0,0,0,0
43,18 Aug 2026,,a0l58ek8dh8m7ocxcv3x9tjpw,Sven Jablonski,Fenerbahçe SK,Lyon,V. Muriqi,0,0,0,1,1,1,0,0,21,0,0,2,1,0,0
43,18 Aug 2026,,a0l58ek8dh8m7ocxcv3x9tjpw,Sven Jablonski,Fenerbahçe SK,Lyon,K. Aktürkoğlu,1,0,0,2,1,2,0,1,19,0,0,1,1,2,0
43,18 Aug 2026,,a0l58ek8dh8m7ocxcv3x9tjpw,Sven Jablonski,Fenerbahçe SK,Lyon,A. Brown,0,0,2,6,1,1,0,0,39,0,0,1,0,2,0
43,18 Aug 2026,,a0l58ek8dh8m7ocxcv3x9tjpw,Sven Jablonski,Fenerbahçe SK,Lyon,N. Kanté,0,0,0,0,2,0,0,0,49,0,0,0,0,2,1
43,18 Aug 2026,,a0l58ek8dh8m7ocxcv3x9tjpw,Sven Jablonski,Fenerbahçe SK,Lyon,D. Nene,0,0,0,0,0,0,0,0,4,0,0,1,0,0,0
43,18 Aug 2026,,a0l58ek8dh8m7ocxcv3x9tjpw,Sven Jablonski,Fenerbahçe SK,Lyon,Marco Asensio,0,0,0,0,0,1,0,0,2,0,0,0,0,0,0
43,18 Aug 2026,,a0l58ek8dh8m7ocxcv3x9tjpw,Sven Jablonski,Fenerbahçe SK,Lyon,R. Lukaku,0,1,0,0,0,0,0,1,2,0,0,1,0,0,0
43,18 Aug 2026,,a0l58ek8dh8m7ocxcv3x9tjpw,Sven Jablonski,Fenerbahçe SK,Lyon,T. Tessmann,0,1,0,1,0,1,0,0,28,0,0,2,1,0,0
43,18 Aug 2026,,a0l58ek8dh8m7ocxcv3x9tjpw,Sven Jablonski,Fenerbahçe SK,Lyon,T. Morton,0,0,0,0,1,1,0,0,41,0,0,1,0,2,0
43,18 Aug 2026,,a0l58ek8dh8m7ocxcv3x9tjpw,Sven Jablonski,Fenerbahçe SK,Lyon,R. Kluivert,0,1,0,0,1,0,0,0,44,0,0,1,0,3,0
43,18 Aug 2026,,a0l58ek8dh8m7ocxcv3x9tjpw,Sven Jablonski,Fenerbahçe SK,Lyon,M. Niakhaté,0,0,0,0,1,1,0,0,69,0,0,0,0,1,0
43,18 Aug 2026,,a0l58ek8dh8m7ocxcv3x9tjpw,Sven Jablonski,Fenerbahçe SK,Lyon,Abner Vinícius,0,0,0,4,1,0,0,0,60,0,0,0,0,0,1
43,18 Aug 2026,,a0l58ek8dh8m7ocxcv3x9tjpw,Sven Jablonski,Fenerbahçe SK,Lyon,M. Fofana,0,1,0,3,1,3,0,0,32,0,0,1,0,1,0
43,18 Aug 2026,,a0l58ek8dh8m7ocxcv3x9tjpw,Sven Jablonski,Fenerbahçe SK,Lyon,D. Greif,0,0,0,0,0,0,0,0,34,0,4,0,0,0,0
43,18 Aug 2026,,a0l58ek8dh8m7ocxcv3x9tjpw,Sven Jablonski,Fenerbahçe SK,Lyon,E. Nuamah,0,0,0,2,1,1,0,0,13,0,0,1,1,0,0
43,18 Aug 2026,,a0l58ek8dh8m7ocxcv3x9tjpw,Sven Jablonski,Fenerbahçe SK,Lyon,A. Maitland-Niles,0,0,0,0,0,1,0,0,26,0,0,0,0,2,0
43,18 Aug 2026,,a0l58ek8dh8m7ocxcv3x9tjpw,Sven Jablonski,Fenerbahçe SK,Lyon,L. Openda,0,2,0,0,4,1,1,1,13,0,0,4,1,0,0
43,18 Aug 2026,,a0l58ek8dh8m7ocxcv3x9tjpw,Sven Jablonski,Fenerbahçe SK,Lyon,C. Tolisso,1,0,0,2,3,3,0,0,56,0,0,2,2,1,0
43,18 Aug 2026,,a0l58ek8dh8m7ocxcv3x9tjpw,Sven Jablonski,Fenerbahçe SK,Lyon,Clinton Mata,0,0,0,0,0,0,0,0,10,0,0,0,0,0,0
43,18 Aug 2026,,a0l58ek8dh8m7ocxcv3x9tjpw,Sven Jablonski,Fenerbahçe SK,Lyon,K. Boudache,0,0,0,0,0,1,0,0,4,0,0,0,0,0,0
43,18 Aug 2026,,a0l58ek8dh8m7ocxcv3x9tjpw,Sven Jablonski,Fenerbahçe SK,Lyon,M. Bidstrup,0,0,0,0,0,0,0,0,1,0,0,0,0,0,0
43,18 Aug 2026,,a0l58ek8dh8m7ocxcv3x9tjpw,Sven Jablonski,Fenerbahçe SK,Lyon,M. Ouédraogo,0,0,0,0,0,0,0,0,1,0,0,0,0,0,0
4,18 Aug 2026,,1rr9720ong6j7jgyzsuv6muj8,Glenn Nyberg,PFK Levski Sofia,AEK Athens FC,Reinaldo,0,1,0,1,1,1,0,0,8,0,0,3,0,0,0
4,18 Aug 2026,,1rr9720ong6j7jgyzsuv6muj8,Glenn Nyberg,PFK Levski Sofia,AEK Athens FC,A. Oko-Flex,0,0,0,2,1,1,0,0,23,0,0,1,0,1,0
4,18 Aug 2026,,1rr9720ong6j7jgyzsuv6muj8,Glenn Nyberg,PFK Levski Sofia,AEK Athens FC,K. Dimitrov,0,0,0,0,0,1,0,0,74,0,0,1,1,1,0
4,18 Aug 2026,,1rr9720ong6j7jgyzsuv6muj8,Glenn Nyberg,PFK Levski Sofia,AEK Athens FC,S. Vutsov,0,0,0,0,0,1,0,0,47,0,1,0,0,0,0
4,18 Aug 2026,,1rr9720ong6j7jgyzsuv6muj8,Glenn Nyberg,PFK Levski Sofia,AEK Athens FC,N. Serafimov,0,0,1,0,1,0,0,0,70,0,0,1,0,1,0
4,18 Aug 2026,,1rr9720ong6j7jgyzsuv6muj8,Glenn Nyberg,PFK Levski Sofia,AEK Athens FC,Álex Centelles,0,0,0,2,0,1,0,0,44,0,0,1,0,1,0
4,18 Aug 2026,,1rr9720ong6j7jgyzsuv6muj8,Glenn Nyberg,PFK Levski Sofia,AEK Athens FC,Maicon,0,0,0,0,0,2,0,0,42,0,0,1,1,3,0
4,18 Aug 2026,,1rr9720ong6j7jgyzsuv6muj8,Glenn Nyberg,PFK Levski Sofia,AEK Athens FC,Aldair,0,0,0,3,2,3,0,0,51,0,0,0,0,2,0
4,18 Aug 2026,,1rr9720ong6j7jgyzsuv6muj8,Glenn Nyberg,PFK Levski Sofia,AEK Athens FC,Serginho,0,0,0,4,0,3,0,0,57,0,0,2,0,1,0
4,18 Aug 2026,,1rr9720ong6j7jgyzsuv6muj8,Glenn Nyberg,PFK Levski Sofia,AEK Athens FC,M. El Moubarik,0,0,0,0,0,1,0,0,46,0,0,1,1,5,0
4,18 Aug 2026,,1rr9720ong6j7jgyzsuv6muj8,Glenn Nyberg,PFK Levski Sofia,AEK Athens FC,Everton Bala,0,3,0,0,0,1,0,0,17,0,0,4,0,1,0
4,18 Aug 2026,,1rr9720ong6j7jgyzsuv6muj8,Glenn Nyberg,PFK Levski Sofia,AEK Athens FC,J. Perea,0,0,0,0,1,1,0,0,3,0,0,0,0,0,0
4,18 Aug 2026,,1rr9720ong6j7jgyzsuv6muj8,Glenn Nyberg,PFK Levski Sofia,AEK Athens FC,M. Soula,0,0,0,0,1,0,0,0,4,0,0,0,0,0,0
4,18 Aug 2026,,1rr9720ong6j7jgyzsuv6muj8,Glenn Nyberg,PFK Levski Sofia,AEK Athens FC,A. Mitkov,0,0,0,0,0,1,0,0,2,0,0,0,0,0,0
4,18 Aug 2026,,1rr9720ong6j7jgyzsuv6muj8,Glenn Nyberg,PFK Levski Sofia,AEK Athens FC,Hevertton Santos,0,0,0,0,1,0,0,0,2,0,0,0,0,1,0
4,18 Aug 2026,,1rr9720ong6j7jgyzsuv6muj8,Glenn Nyberg,PFK Levski Sofia,AEK Athens FC,Stivan Yordanov Stoyanchov,0,0,0,0,0,0,0,0,0,0,0,0,0,0,0
4,18 Aug 2026,,1rr9720ong6j7jgyzsuv6muj8,Glenn Nyberg,PFK Levski Sofia,AEK Athens FC,R. Marin,0,0,1,2,2,0,0,0,58,0,0,3,0,2,0
4,18 Aug 2026,,1rr9720ong6j7jgyzsuv6muj8,Glenn Nyberg,PFK Levski Sofia,AEK Athens FC,L. Rota,0,0,0,1,1,1,0,0,33,0,0,0,0,2,0
4,18 Aug 2026,,1rr9720ong6j7jgyzsuv6muj8,Glenn Nyberg,PFK Levski Sofia,AEK Athens FC,H. Moukoudi,0,0,0,0,0,1,0,0,60,0,0,1,0,0,0
4,18 Aug 2026,,1rr9720ong6j7jgyzsuv6muj8,Glenn Nyberg,PFK Levski Sofia,AEK Athens FC,Filipe Relvas,0,0,0,0,1,0,0,0,88,0,0,1,0,0,0
4,18 Aug 2026,,1rr9720ong6j7jgyzsuv6muj8,Glenn Nyberg,PFK Levski Sofia,AEK Athens FC,S. Pilios,0,0,0,2,1,1,0,0,37,0,0,0,0,0,0
4,18 Aug 2026,,1rr9720ong6j7jgyzsuv6muj8,Glenn Nyberg,PFK Levski Sofia,AEK Athens FC,T. Strakosha,0,0,0,0,0,0,0,0,22,0,3,0,0,0,0
4,18 Aug 2026,,1rr9720ong6j7jgyzsuv6muj8,Glenn Nyberg,PFK Levski Sofia,AEK Athens FC,L. Majer,0,0,0,2,1,0,0,0,26,0,0,0,0,1,0
4,18 Aug 2026,,1rr9720ong6j7jgyzsuv6muj8,Glenn Nyberg,PFK Levski Sofia,AEK Athens FC,K. Kairinen,0,0,0,0,3,0,0,0,51,0,0,0,0,1,0
4,18 Aug 2026,,1rr9720ong6j7jgyzsuv6muj8,Glenn Nyberg,PFK Levski Sofia,AEK Athens FC,Zine,0,1,1,2,1,1,0,0,9,0,0,2,1,3,0
4,18 Aug 2026,,1rr9720ong6j7jgyzsuv6muj8,Glenn Nyberg,PFK Levski Sofia,AEK Athens FC,A. Koïta,0,1,0,0,1,1,0,0,21,0,0,1,0,4,0
4,18 Aug 2026,,1rr9720ong6j7jgyzsuv6muj8,Glenn Nyberg,PFK Levski Sofia,AEK Athens FC,L. Jović,0,0,0,0,2,0,0,0,8,0,0,3,0,0,0
4,18 Aug 2026,,1rr9720ong6j7jgyzsuv6muj8,Glenn Nyberg,PFK Levski Sofia,AEK Athens FC,P. Mantalos,0,0,0,0,1,3,0,0,21,0,0,0,0,1,0
4,18 Aug 2026,,1rr9720ong6j7jgyzsuv6muj8,Glenn Nyberg,PFK Levski Sofia,AEK Athens FC,B. Varga,0,0,0,0,1,0,0,1,16,0,0,1,0,0,0
4,18 Aug 2026,,1rr9720ong6j7jgyzsuv6muj8,Glenn Nyberg,PFK Levski Sofia,AEK Athens FC,O. Zubkov,0,0,0,0,1,0,0,0,3,0,0,0,0,0,0
4,18 Aug 2026,,1rr9720ong6j7jgyzsuv6muj8,Glenn Nyberg,PFK Levski Sofia,AEK Athens FC,M. Gaćinović,0,0,0,2,1,0,0,0,6,0,0,0,0,1,0
8,19 Aug 2026,,2s9ch05gg5s940fgxot5edzbo,Sandro Schärer,Celtic FC,LASK,C. Donovan,0,0,1,1,0,0,0,0,80,0,0,0,0,2,0
8,19 Aug 2026,,2s9ch05gg5s940fgxot5edzbo,Sandro Schärer,Celtic FC,LASK,C. Carter-Vickers,0,0,0,0,0,0,0,0,77,0,0,0,0,0,0
8,19 Aug 2026,,2s9ch05gg5s940fgxot5edzbo,Sandro Schärer,Celtic FC,LASK,A. Trusty,0,0,0,0,0,0,0,0,76,0,0,1,0,2,0
8,19 Aug 2026,,2s9ch05gg5s940fgxot5edzbo,Sandro Schärer,Celtic FC,LASK,K. Tierney,0,1,0,8,0,0,0,0,62,0,0,1,0,0,0
8,19 Aug 2026,,2s9ch05gg5s940fgxot5edzbo,Sandro Schärer,Celtic FC,LASK,Yang Hyun-Jun,0,0,0,0,2,2,0,0,31,0,0,1,0,1,0
8,19 Aug 2026,,2s9ch05gg5s940fgxot5edzbo,Sandro Schärer,Celtic FC,LASK,K. Høgh,0,1,1,0,1,3,0,0,23,0,0,1,0,2,0
8,19 Aug 2026,,2s9ch05gg5s940fgxot5edzbo,Sandro Schärer,Celtic FC,LASK,B. Nygren,1,1,0,1,2,2,1,0,63,0,0,2,1,1,0
8,19 Aug 2026,,2s9ch05gg5s940fgxot5edzbo,Sandro Schärer,Celtic FC,LASK,V. Sinisalo,0,0,0,0,0,0,0,0,46,0,8,0,0,0,0
8,19 Aug 2026,,2s9ch05gg5s940fgxot5edzbo,Sandro Schärer,Celtic FC,LASK,C. Durán,0,0,0,2,0,1,2,1,33,0,0,6,4,0,0
8,19 Aug 2026,,2s9ch05gg5s940fgxot5edzbo,Sandro Schärer,Celtic FC,LASK,C. McGregor,0,1,0,0,0,0,0,0,89,0,0,2,1,2,0
8,19 Aug 2026,,2s9ch05gg5s940fgxot5edzbo,Sandro Schärer,Celtic FC,LASK,M. Baur,0,0,1,3,1,0,0,0,43,0,0,1,1,1,0
8,19 Aug 2026,,2s9ch05gg5s940fgxot5edzbo,Sandro Schärer,Celtic FC,LASK,R. Hatate,0,0,0,0,0,0,0,0,11,0,0,0,0,1,0
8,19 Aug 2026,,2s9ch05gg5s940fgxot5edzbo,Sandro Schärer,Celtic FC,LASK,L. Scales,0,0,0,0,0,0,0,0,11,0,0,1,0,0,0
8,19 Aug 2026,,2s9ch05gg5s940fgxot5edzbo,Sandro Schärer,Celtic FC,LASK,S. Tounekti,0,1,2,2,0,1,0,0,5,0,0,1,0,0,0
8,19 Aug 2026,,2s9ch05gg5s940fgxot5edzbo,Sandro Schärer,Celtic FC,LASK,A. Ralston,0,0,0,0,0,0,0,0,4,0,0,0,0,0,0
8,19 Aug 2026,,2s9ch05gg5s940fgxot5edzbo,Sandro Schärer,Celtic FC,LASK,Haissem Hassan,0,0,3,2,0,0,0,0,5,0,0,0,0,0,0
8,19 Aug 2026,,2s9ch05gg5s940fgxot5edzbo,Sandro Schärer,Celtic FC,LASK,K. Daněk,0,0,0,0,2,1,0,0,18,0,0,1,1,0,0
8,19 Aug 2026,,2s9ch05gg5s940fgxot5edzbo,Sandro Schärer,Celtic FC,LASK,X. Mbuyamba,0,0,0,0,1,0,0,0,38,0,0,1,0,2,0
8,19 Aug 2026,,2s9ch05gg5s940fgxot5edzbo,Sandro Schärer,Celtic FC,LASK,A. Andrade,0,0,0,1,0,0,0,0,49,0,0,2,1,1,0
8,19 Aug 2026,,2s9ch05gg5s940fgxot5edzbo,Sandro Schärer,Celtic FC,LASK,G. Bello,0,0,0,4,1,0,0,0,30,0,0,0,0,4,0
8,19 Aug 2026,,2s9ch05gg5s940fgxot5edzbo,Sandro Schärer,Celtic FC,LASK,K. Jørgensen,0,1,1,7,1,2,0,1,24,0,0,2,0,2,1
8,19 Aug 2026,,2s9ch05gg5s940fgxot5edzbo,Sandro Schärer,Celtic FC,LASK,L. Jungwirth,0,0,0,0,0,0,0,0,22,0,4,0,0,0,0
8,19 Aug 2026,,2s9ch05gg5s940fgxot5edzbo,Sandro Schärer,Celtic FC,LASK,R. Ljubičić,0,0,0,3,1,1,0,0,33,0,0,0,0,1,0
8,19 Aug 2026,,2s9ch05gg5s940fgxot5edzbo,Sandro Schärer,Celtic FC,LASK,S. Adeniran,0,1,0,0,0,0,0,2,13,0,0,6,3,2,0
8,19 Aug 2026,,2s9ch05gg5s940fgxot5edzbo,Sandro Schärer,Celtic FC,LASK,Alemão,0,1,1,1,3,1,0,0,43,0,0,1,0,2,0
8,19 Aug 2026,,2s9ch05gg5s940fgxot5edzbo,Sandro Schärer,Celtic FC,LASK,S. Horvath,0,0,0,5,0,0,0,0,33,0,0,2,1,2,0
8,19 Aug 2026,,2s9ch05gg5s940fgxot5edzbo,Sandro Schärer,Celtic FC,LASK,M. Usor,0,1,0,2,0,0,0,2,24,0,0,4,2,1,0
8,19 Aug 2026,,2s9ch05gg5s940fgxot5edzbo,Sandro Schärer,Celtic FC,LASK,A. Schöpf,0,0,0,0,0,0,0,0,20,0,0,0,0,0,0
8,19 Aug 2026,,2s9ch05gg5s940fgxot5edzbo,Sandro Schärer,Celtic FC,LASK,C. Lang,0,1,1,0,0,0,0,0,7,0,0,1,0,0,0
25,19 Aug 2026,,7ernxqqta3bg2dlxd6mw0g0es,Davide Massa,Hapoel Be'er Sheva FC,Sabah FK,M. Vítor,0,0,0,0,1,0,0,0,103,0,0,1,0,2,1
25,19 Aug 2026,,7ernxqqta3bg2dlxd6mw0g0es,Davide Massa,Hapoel Be'er Sheva FC,Sabah FK,J. East,0,0,1,1,1,1,1,1,28,0,0,1,1,2,0
25,19 Aug 2026,,7ernxqqta3bg2dlxd6mw0g0es,Davide Massa,Hapoel Be'er Sheva FC,Sabah FK,G. Mizrahi,0,0,0,2,1,0,0,0,66,0,0,1,0,1,0
25,19 Aug 2026,,7ernxqqta3bg2dlxd6mw0g0es,Davide Massa,Hapoel Be'er Sheva FC,Sabah FK,O. Marciano,0,0,0,0,0,0,0,0,38,0,4,0,0,0,0
25,19 Aug 2026,,7ernxqqta3bg2dlxd6mw0g0es,Davide Massa,Hapoel Be'er Sheva FC,Sabah FK,N. Yehoshua,0,0,0,0,2,0,0,0,49,0,0,0,0,5,0
25,19 Aug 2026,,7ernxqqta3bg2dlxd6mw0g0es,Davide Massa,Hapoel Be'er Sheva FC,Sabah FK,I. Rotman,0,0,0,0,2,1,0,0,112,0,0,0,0,2,1
25,19 Aug 2026,,7ernxqqta3bg2dlxd6mw0g0es,Davide Massa,Hapoel Be'er Sheva FC,Sabah FK,Lucas Ventura,0,0,0,0,0,2,0,0,66,0,0,1,0,1,0
25,19 Aug 2026,,7ernxqqta3bg2dlxd6mw0g0es,Davide Massa,Hapoel Be'er Sheva FC,Sabah FK,Pedro Amador,0,1,0,3,1,0,0,1,46,0,0,1,0,3,0
25,19 Aug 2026,,7ernxqqta3bg2dlxd6mw0g0es,Davide Massa,Hapoel Be'er Sheva FC,Sabah FK,Z. Ahmed,0,0,0,1,1,1,0,0,29,0,0,0,0,1,0
25,19 Aug 2026,,7ernxqqta3bg2dlxd6mw0g0es,Davide Massa,Hapoel Be'er Sheva FC,Sabah FK,E. Peretz,1,0,0,5,0,1,0,0,82,0,0,0,0,0,0
25,19 Aug 2026,,7ernxqqta3bg2dlxd6mw0g0es,Davide Massa,Hapoel Be'er Sheva FC,Sabah FK,I. Zlatanović,0,3,0,1,0,0,1,1,19,0,0,7,3,1,0
25,19 Aug 2026,,7ernxqqta3bg2dlxd6mw0g0es,Davide Massa,Hapoel Be'er Sheva FC,Sabah FK,A. Ganah,0,1,1,1,1,0,0,0,13,0,0,2,0,1,1
25,19 Aug 2026,,7ernxqqta3bg2dlxd6mw0g0es,Davide Massa,Hapoel Be'er Sheva FC,Sabah FK,M. Abu Rumi,0,0,1,0,1,0,0,0,5,0,0,2,2,1,0
25,19 Aug 2026,,7ernxqqta3bg2dlxd6mw0g0es,Davide Massa,Hapoel Be'er Sheva FC,Sabah FK,M. Kna'an,0,0,0,0,1,0,0,0,3,0,0,2,1,0,0
25,19 Aug 2026,,7ernxqqta3bg2dlxd6mw0g0es,Davide Massa,Hapoel Be'er Sheva FC,Sabah FK,Y. Malede,0,0,0,0,0,0,0,0,2,0,0,0,0,0,0
25,19 Aug 2026,,7ernxqqta3bg2dlxd6mw0g0es,Davide Massa,Hapoel Be'er Sheva FC,Sabah FK,A. İsayev,0,0,0,1,1,0,0,0,25,0,0,0,0,2,0
25,19 Aug 2026,,7ernxqqta3bg2dlxd6mw0g0es,Davide Massa,Hapoel Be'er Sheva FC,Sabah FK,S. Pokatilov,0,0,0,0,0,0,0,0,25,0,4,0,0,0,0
25,19 Aug 2026,,7ernxqqta3bg2dlxd6mw0g0es,Davide Massa,Hapoel Be'er Sheva FC,Sabah FK,V. Simić,0,0,0,1,1,3,1,0,27,0,0,1,1,4,0
25,19 Aug 2026,,7ernxqqta3bg2dlxd6mw0g0es,Davide Massa,Hapoel Be'er Sheva FC,Sabah FK,U. Rakhmonaliev,0,0,0,0,0,0,0,0,34,0,0,1,1,0,0
25,19 Aug 2026,,7ernxqqta3bg2dlxd6mw0g0es,Davide Massa,Hapoel Be'er Sheva FC,Sabah FK,I. Lepinjica,0,0,0,0,0,0,0,0,43,0,0,0,0,3,0
25,19 Aug 2026,,7ernxqqta3bg2dlxd6mw0g0es,Davide Massa,Hapoel Be'er Sheva FC,Sabah FK,T. Puchacz,1,0,0,8,0,2,0,0,28,0,0,0,0,3,0
25,19 Aug 2026,,7ernxqqta3bg2dlxd6mw0g0es,Davide Massa,Hapoel Be'er Sheva FC,Sabah FK,J. Mickels,0,0,0,2,1,1,0,0,11,0,0,2,1,1,0
25,19 Aug 2026,,7ernxqqta3bg2dlxd6mw0g0es,Davide Massa,Hapoel Be'er Sheva FC,Sabah FK,R. Daşdəmirov,0,0,0,0,0,0,0,0,38,0,0,0,0,0,0
25,19 Aug 2026,,7ernxqqta3bg2dlxd6mw0g0es,Davide Massa,Hapoel Be'er Sheva FC,Sabah FK,A. Zedadka,0,0,0,2,1,3,0,0,29,0,0,0,0,2,0
25,19 Aug 2026,,7ernxqqta3bg2dlxd6mw0g0es,Davide Massa,Hapoel Be'er Sheva FC,Sabah FK,S. Solvet,0,0,0,0,1,0,0,0,29,0,0,1,0,2,0
25,19 Aug 2026,,7ernxqqta3bg2dlxd6mw0g0es,Davide Massa,Hapoel Be'er Sheva FC,Sabah FK,X. Severina,0,0,1,0,1,1,0,1,12,0,0,1,1,3,0
25,19 Aug 2026,,7ernxqqta3bg2dlxd6mw0g0es,Davide Massa,Hapoel Be'er Sheva FC,Sabah FK,O. Mbina,0,0,1,0,0,1,0,0,2,0,0,2,1,0,0
25,19 Aug 2026,,7ernxqqta3bg2dlxd6mw0g0es,Davide Massa,Hapoel Be'er Sheva FC,Sabah FK,C. Nwachukwu,0,0,0,2,0,0,0,0,0,0,0,0,0,0,0
25,19 Aug 2026,,7ernxqqta3bg2dlxd6mw0g0es,Davide Massa,Hapoel Be'er Sheva FC,Sabah FK,Erivaldo Almeida,0,0,0,0,0,0,0,0,3,0,0,0,0,0,0
