Aux,Fecha,Jornada,ID_PARTIDO,Arbitro,Equipo_local,Equipo_Visitante,Jugador,Assists,Blocked shots,Corners won,Crosses,Fouls conceded,Fouls won,Goals,Offsides,Passes,Red cards,Saves,Shots,Shots on target,Tackles,Yellow cards
61,23 Oct 2025,,2up4pafkez1zvsq4q8lozz7ys,Georgi Kabakov,Maccabi Tel Aviv FC,FC Midtjylland,D. Peretz,0,1,0,0,0,1,0,0,20,0,0,3,0,0,0
61,23 Oct 2025,,2up4pafkez1zvsq4q8lozz7ys,Georgi Kabakov,Maccabi Tel Aviv FC,FC Midtjylland,I. Sissokho,0,0,1,0,1,1,0,0,45,0,0,1,1,4,0
61,23 Oct 2025,,2up4pafkez1zvsq4q8lozz7ys,Georgi Kabakov,Maccabi Tel Aviv FC,FC Midtjylland,R. Revivo,0,0,1,2,1,3,0,0,32,0,0,1,1,1,0
61,23 Oct 2025,,2up4pafkez1zvsq4q8lozz7ys,Georgi Kabakov,Maccabi Tel Aviv FC,FC Midtjylland,E. Madmon,0,0,0,0,1,0,0,0,10,0,0,0,0,1,0
61,23 Oct 2025,,2up4pafkez1zvsq4q8lozz7ys,Georgi Kabakov,Maccabi Tel Aviv FC,FC Midtjylland,K. Andrade,0,1,1,1,1,2,0,0,8,0,0,1,0,2,0
61,23 Oct 2025,,2up4pafkez1zvsq4q8lozz7ys,Georgi Kabakov,Maccabi Tel Aviv FC,FC Midtjylland,R. Shlomo,0,0,0,0,0,1,0,0,49,0,0,0,0,3,0
61,23 Oct 2025,,2up4pafkez1zvsq4q8lozz7ys,Georgi Kabakov,Maccabi Tel Aviv FC,FC Midtjylland,I. Noy,0,0,0,3,1,0,0,0,31,0,0,1,0,1,0
61,23 Oct 2025,,2up4pafkez1zvsq4q8lozz7ys,Georgi Kabakov,Maccabi Tel Aviv FC,FC Midtjylland,R. Mishpati,0,0,0,0,0,2,0,0,33,0,1,0,0,0,0
61,23 Oct 2025,,2up4pafkez1zvsq4q8lozz7ys,Georgi Kabakov,Maccabi Tel Aviv FC,FC Midtjylland,T. Asante,0,0,0,0,2,2,0,0,29,0,0,0,0,2,0
61,23 Oct 2025,,2up4pafkez1zvsq4q8lozz7ys,Georgi Kabakov,Maccabi Tel Aviv FC,FC Midtjylland,M. Camara,0,0,0,0,1,0,0,0,40,0,0,1,0,0,0
61,23 Oct 2025,,2up4pafkez1zvsq4q8lozz7ys,Georgi Kabakov,Maccabi Tel Aviv FC,FC Midtjylland,O. Davida,0,0,0,3,1,1,0,1,25,0,0,1,0,3,0
61,23 Oct 2025,,2up4pafkez1zvsq4q8lozz7ys,Georgi Kabakov,Maccabi Tel Aviv FC,FC Midtjylland,S. Abu Farhi,0,0,1,3,0,0,0,0,13,0,0,1,0,0,0
61,23 Oct 2025,,2up4pafkez1zvsq4q8lozz7ys,Georgi Kabakov,Maccabi Tel Aviv FC,FC Midtjylland,B. Lederman,0,0,0,0,1,1,0,0,15,0,0,0,0,1,0
61,23 Oct 2025,,2up4pafkez1zvsq4q8lozz7ys,Georgi Kabakov,Maccabi Tel Aviv FC,FC Midtjylland,Hélio Varela,0,0,0,1,0,0,0,0,6,0,0,1,1,0,0
61,23 Oct 2025,,2up4pafkez1zvsq4q8lozz7ys,Georgi Kabakov,Maccabi Tel Aviv FC,FC Midtjylland,E. Ben Simon,0,0,0,1,0,0,0,0,1,0,0,0,0,0,0
61,23 Oct 2025,,2up4pafkez1zvsq4q8lozz7ys,Georgi Kabakov,Maccabi Tel Aviv FC,FC Midtjylland,I. Shahar,0,0,0,0,0,0,0,0,1,0,0,1,0,1,0
61,23 Oct 2025,,2up4pafkez1zvsq4q8lozz7ys,Georgi Kabakov,Maccabi Tel Aviv FC,FC Midtjylland,O. Diao,0,0,0,0,2,1,0,0,60,0,0,0,0,2,0
61,23 Oct 2025,,2up4pafkez1zvsq4q8lozz7ys,Georgi Kabakov,Maccabi Tel Aviv FC,FC Midtjylland,D. Castillo,0,0,0,0,1,1,0,0,23,0,0,1,0,1,1
61,23 Oct 2025,,2up4pafkez1zvsq4q8lozz7ys,Georgi Kabakov,Maccabi Tel Aviv FC,FC Midtjylland,V. Byskov,0,1,1,4,2,1,0,1,32,0,0,2,0,3,0
61,23 Oct 2025,,2up4pafkez1zvsq4q8lozz7ys,Georgi Kabakov,Maccabi Tel Aviv FC,FC Midtjylland,D. Osorio,0,1,1,3,2,0,0,0,21,0,0,2,1,2,0
61,23 Oct 2025,,2up4pafkez1zvsq4q8lozz7ys,Georgi Kabakov,Maccabi Tel Aviv FC,FC Midtjylland,M. Erlić,1,0,0,0,0,1,0,0,60,0,0,0,0,2,0
61,23 Oct 2025,,2up4pafkez1zvsq4q8lozz7ys,Georgi Kabakov,Maccabi Tel Aviv FC,FC Midtjylland,E. Ólafsson,0,0,0,0,0,1,0,0,37,0,3,0,0,0,0
61,23 Oct 2025,,2up4pafkez1zvsq4q8lozz7ys,Georgi Kabakov,Maccabi Tel Aviv FC,FC Midtjylland,Cho Gue-Sung,0,0,0,1,3,0,0,0,7,0,0,0,0,1,0
61,23 Oct 2025,,2up4pafkez1zvsq4q8lozz7ys,Georgi Kabakov,Maccabi Tel Aviv FC,FC Midtjylland,P. Billing,0,1,1,0,1,0,1,0,45,0,0,2,1,2,1
61,23 Oct 2025,,2up4pafkez1zvsq4q8lozz7ys,Georgi Kabakov,Maccabi Tel Aviv FC,FC Midtjylland,M. Bech,0,0,0,1,0,0,0,0,58,0,0,0,0,1,0
61,23 Oct 2025,,2up4pafkez1zvsq4q8lozz7ys,Georgi Kabakov,Maccabi Tel Aviv FC,FC Midtjylland,V. Bak Jensen,1,0,1,2,0,0,0,0,29,0,0,2,0,5,0
61,23 Oct 2025,,2up4pafkez1zvsq4q8lozz7ys,Georgi Kabakov,Maccabi Tel Aviv FC,FC Midtjylland,Franculino Djú,0,0,1,0,1,2,2,1,10,0,0,3,2,1,0
61,23 Oct 2025,,2up4pafkez1zvsq4q8lozz7ys,Georgi Kabakov,Maccabi Tel Aviv FC,FC Midtjylland,A. Şimşir,1,0,0,2,0,2,0,0,30,0,0,0,0,1,0
61,23 Oct 2025,,2up4pafkez1zvsq4q8lozz7ys,Georgi Kabakov,Maccabi Tel Aviv FC,FC Midtjylland,P. Bravo,0,0,0,0,0,0,0,0,23,0,0,0,0,0,0
61,23 Oct 2025,,2up4pafkez1zvsq4q8lozz7ys,Georgi Kabakov,Maccabi Tel Aviv FC,FC Midtjylland,K. Mbabu,0,0,1,0,0,1,0,0,12,0,0,0,0,0,0
61,23 Oct 2025,,2up4pafkez1zvsq4q8lozz7ys,Georgi Kabakov,Maccabi Tel Aviv FC,FC Midtjylland,M. Gogorza,0,0,0,0,1,0,0,0,8,0,0,0,0,1,1
61,23 Oct 2025,,2up4pafkez1zvsq4q8lozz7ys,Georgi Kabakov,Maccabi Tel Aviv FC,FC Midtjylland,Lee Han-Beom,0,0,0,0,1,0,0,0,1,0,0,0,0,0,1
62,23 Oct 2025,,2v2age88gcszftw0wffxjs36c,Willy Delajod,Malmö FF,GNK Dinamo Zagreb,P. Jansson,0,0,0,0,1,1,0,0,23,0,0,0,0,1,0
62,23 Oct 2025,,2v2age88gcszftw0wffxjs36c,Willy Delajod,Malmö FF,GNK Dinamo Zagreb,J. Stryger Larsen,0,0,0,0,0,0,0,0,14,0,0,0,0,1,0
62,23 Oct 2025,,2v2age88gcszftw0wffxjs36c,Willy Delajod,Malmö FF,GNK Dinamo Zagreb,C. Rösler,0,0,0,0,1,1,0,0,16,0,0,0,0,0,0
62,23 Oct 2025,,2v2age88gcszftw0wffxjs36c,Willy Delajod,Malmö FF,GNK Dinamo Zagreb,O. Rosengren,1,0,1,5,1,2,0,0,19,0,0,0,0,1,0
62,23 Oct 2025,,2v2age88gcszftw0wffxjs36c,Willy Delajod,Malmö FF,GNK Dinamo Zagreb,Gabriel Busanello,0,0,0,2,0,1,0,0,29,0,0,1,1,1,0
62,23 Oct 2025,,2v2age88gcszftw0wffxjs36c,Willy Delajod,Malmö FF,GNK Dinamo Zagreb,M. Ellborg,0,0,0,0,0,0,0,0,31,0,4,0,0,0,0
62,23 Oct 2025,,2v2age88gcszftw0wffxjs36c,Willy Delajod,Malmö FF,GNK Dinamo Zagreb,S. Hakšabanović,0,0,0,1,0,0,0,0,21,0,0,0,0,1,0
62,23 Oct 2025,,2v2age88gcszftw0wffxjs36c,Willy Delajod,Malmö FF,GNK Dinamo Zagreb,K. Busuladžić,0,0,0,0,2,2,0,0,20,0,0,1,0,2,1
62,23 Oct 2025,,2v2age88gcszftw0wffxjs36c,Willy Delajod,Malmö FF,GNK Dinamo Zagreb,E. Ekong,0,0,0,1,1,0,0,1,9,0,0,0,0,0,0
62,23 Oct 2025,,2v2age88gcszftw0wffxjs36c,Willy Delajod,Malmö FF,GNK Dinamo Zagreb,O. Lewicki,0,0,0,0,0,0,1,0,20,0,0,1,1,2,0
62,23 Oct 2025,,2v2age88gcszftw0wffxjs36c,Willy Delajod,Malmö FF,GNK Dinamo Zagreb,H. Bolin,0,1,2,1,0,0,0,0,18,0,0,2,1,4,0
62,23 Oct 2025,,2v2age88gcszftw0wffxjs36c,Willy Delajod,Malmö FF,GNK Dinamo Zagreb,A. Skogmar,0,0,0,0,0,0,0,0,3,0,0,0,0,0,0
62,23 Oct 2025,,2v2age88gcszftw0wffxjs36c,Willy Delajod,Malmö FF,GNK Dinamo Zagreb,S. Vecchia,0,1,0,0,0,2,0,0,3,0,0,1,0,0,0
62,23 Oct 2025,,2v2age88gcszftw0wffxjs36c,Willy Delajod,Malmö FF,GNK Dinamo Zagreb,T. Ali,0,0,0,0,0,0,0,0,1,0,0,0,0,0,0
62,23 Oct 2025,,2v2age88gcszftw0wffxjs36c,Willy Delajod,Malmö FF,GNK Dinamo Zagreb,A. Đurić,0,0,0,0,0,0,0,0,1,0,0,0,0,0,0
62,23 Oct 2025,,2v2age88gcszftw0wffxjs36c,Willy Delajod,Malmö FF,GNK Dinamo Zagreb,M. Lisica,0,0,1,7,1,0,0,0,30,0,0,0,0,0,0
62,23 Oct 2025,,2v2age88gcszftw0wffxjs36c,Willy Delajod,Malmö FF,GNK Dinamo Zagreb,I. Nevistić,0,0,0,0,0,0,0,0,19,0,2,0,0,0,0
62,23 Oct 2025,,2v2age88gcszftw0wffxjs36c,Willy Delajod,Malmö FF,GNK Dinamo Zagreb,D. Beljo,0,0,0,0,2,1,0,0,9,0,0,2,1,0,1
62,23 Oct 2025,,2v2age88gcszftw0wffxjs36c,Willy Delajod,Malmö FF,GNK Dinamo Zagreb,S. McKenna,0,0,0,0,1,1,0,0,134,0,0,0,0,0,0
62,23 Oct 2025,,2v2age88gcszftw0wffxjs36c,Willy Delajod,Malmö FF,GNK Dinamo Zagreb,Sergi Domínguez,0,0,2,1,2,0,0,0,129,0,0,3,1,0,1
62,23 Oct 2025,,2v2age88gcszftw0wffxjs36c,Willy Delajod,Malmö FF,GNK Dinamo Zagreb,M. Valinčić,0,0,2,10,1,1,0,0,57,0,0,0,0,6,0
62,23 Oct 2025,,2v2age88gcszftw0wffxjs36c,Willy Delajod,Malmö FF,GNK Dinamo Zagreb,J. Mišić,0,0,2,3,1,1,0,0,99,0,0,5,0,1,0
62,23 Oct 2025,,2v2age88gcszftw0wffxjs36c,Willy Delajod,Malmö FF,GNK Dinamo Zagreb,B. Goda,0,0,1,4,0,0,0,0,67,0,0,0,0,1,0
62,23 Oct 2025,,2v2age88gcszftw0wffxjs36c,Willy Delajod,Malmö FF,GNK Dinamo Zagreb,M. Zajc,0,2,0,3,0,0,0,0,34,0,0,2,0,0,0
62,23 Oct 2025,,2v2age88gcszftw0wffxjs36c,Willy Delajod,Malmö FF,GNK Dinamo Zagreb,D. Ljubičić,0,0,0,0,0,0,0,0,24,0,0,0,0,1,0
62,23 Oct 2025,,2v2age88gcszftw0wffxjs36c,Willy Delajod,Malmö FF,GNK Dinamo Zagreb,A. Hoxha,0,1,2,3,0,1,0,1,20,0,0,1,0,0,0
62,23 Oct 2025,,2v2age88gcszftw0wffxjs36c,Willy Delajod,Malmö FF,GNK Dinamo Zagreb,L. Stojković,0,1,0,7,0,0,0,0,22,0,0,2,0,1,0
62,23 Oct 2025,,2v2age88gcszftw0wffxjs36c,Willy Delajod,Malmö FF,GNK Dinamo Zagreb,S. Kulenović,0,1,0,0,0,0,0,0,3,0,0,1,0,0,0
62,23 Oct 2025,,2v2age88gcszftw0wffxjs36c,Willy Delajod,Malmö FF,GNK Dinamo Zagreb,M. Bakrar,1,1,0,1,1,1,0,0,4,0,0,3,2,0,0
62,23 Oct 2025,,2v2age88gcszftw0wffxjs36c,Willy Delajod,Malmö FF,GNK Dinamo Zagreb,G. Vidović,0,1,0,0,0,0,0,0,12,0,0,1,0,0,0
62,23 Oct 2025,,2v2age88gcszftw0wffxjs36c,Willy Delajod,Malmö FF,GNK Dinamo Zagreb,Cardoso Varela,0,0,0,1,0,0,1,0,4,0,0,1,1,0,0
63,23 Oct 2025,,2vgyqbrs7o6f9zp3nofrzvn6c,Radu Marián Petrescu,Nottingham Forest FC,FC Porto,O. Zinchenko,0,0,0,4,0,0,0,0,19,0,0,0,0,0,0
63,23 Oct 2025,,2vgyqbrs7o6f9zp3nofrzvn6c,Radu Marián Petrescu,Nottingham Forest FC,FC Porto,Murillo,0,0,0,0,1,0,0,0,44,0,0,0,0,2,1
63,23 Oct 2025,,2vgyqbrs7o6f9zp3nofrzvn6c,Radu Marián Petrescu,Nottingham Forest FC,FC Porto,M. Sels,0,0,0,0,0,0,0,0,25,0,1,0,0,0,0
63,23 Oct 2025,,2vgyqbrs7o6f9zp3nofrzvn6c,Radu Marián Petrescu,Nottingham Forest FC,FC Porto,D. Ndoye,0,0,0,3,1,3,0,0,17,0,0,0,0,1,0
63,23 Oct 2025,,2vgyqbrs7o6f9zp3nofrzvn6c,Radu Marián Petrescu,Nottingham Forest FC,FC Porto,E. Anderson,0,0,0,1,3,3,0,0,87,0,0,1,0,3,0
63,23 Oct 2025,,2vgyqbrs7o6f9zp3nofrzvn6c,Radu Marián Petrescu,Nottingham Forest FC,FC Porto,C. Hudson-Odoi,0,2,3,2,0,2,0,0,30,0,0,3,1,0,0
63,23 Oct 2025,,2vgyqbrs7o6f9zp3nofrzvn6c,Radu Marián Petrescu,Nottingham Forest FC,FC Porto,M. Gibbs-White,0,1,0,0,0,0,1,0,38,0,0,2,1,3,0
63,23 Oct 2025,,2vgyqbrs7o6f9zp3nofrzvn6c,Radu Marián Petrescu,Nottingham Forest FC,FC Porto,N. Milenković,0,0,0,0,2,0,0,0,45,0,0,0,0,0,0
63,23 Oct 2025,,2vgyqbrs7o6f9zp3nofrzvn6c,Radu Marián Petrescu,Nottingham Forest FC,FC Porto,N. Williams,0,0,0,3,1,2,0,0,51,0,0,1,0,5,0
63,23 Oct 2025,,2vgyqbrs7o6f9zp3nofrzvn6c,Radu Marián Petrescu,Nottingham Forest FC,FC Porto,Igor Jesus,0,0,0,0,1,1,1,0,14,0,0,1,1,0,1
63,23 Oct 2025,,2vgyqbrs7o6f9zp3nofrzvn6c,Radu Marián Petrescu,Nottingham Forest FC,FC Porto,Douglas Luiz,0,0,0,2,4,2,0,0,55,0,0,0,0,2,0
63,23 Oct 2025,,2vgyqbrs7o6f9zp3nofrzvn6c,Radu Marián Petrescu,Nottingham Forest FC,FC Porto,N. Savona,0,0,0,2,0,1,0,0,25,0,0,0,0,1,0
63,23 Oct 2025,,2vgyqbrs7o6f9zp3nofrzvn6c,Radu Marián Petrescu,Nottingham Forest FC,FC Porto,R. Yates,0,0,0,0,0,0,0,0,5,0,0,0,0,0,0
63,23 Oct 2025,,2vgyqbrs7o6f9zp3nofrzvn6c,Radu Marián Petrescu,Nottingham Forest FC,FC Porto,I. Sangaré,0,0,0,0,0,0,0,0,2,0,0,0,0,0,0
63,23 Oct 2025,,2vgyqbrs7o6f9zp3nofrzvn6c,Radu Marián Petrescu,Nottingham Forest FC,FC Porto,A. Varela,0,0,2,0,1,1,0,0,35,0,0,1,1,2,0
63,23 Oct 2025,,2vgyqbrs7o6f9zp3nofrzvn6c,Radu Marián Petrescu,Nottingham Forest FC,FC Porto,Pepê,0,0,2,4,0,1,0,0,36,0,0,0,0,1,0
63,23 Oct 2025,,2vgyqbrs7o6f9zp3nofrzvn6c,Radu Marián Petrescu,Nottingham Forest FC,FC Porto,Alberto Costa,0,0,0,1,0,0,0,0,26,0,0,0,0,3,0
63,23 Oct 2025,,2vgyqbrs7o6f9zp3nofrzvn6c,Radu Marián Petrescu,Nottingham Forest FC,FC Porto,J. Bednarek,0,0,0,0,1,0,0,0,82,0,0,0,0,0,0
63,23 Oct 2025,,2vgyqbrs7o6f9zp3nofrzvn6c,Radu Marián Petrescu,Nottingham Forest FC,FC Porto,Francisco Moura,0,0,0,1,1,1,0,0,30,0,0,0,0,1,1
63,23 Oct 2025,,2vgyqbrs7o6f9zp3nofrzvn6c,Radu Marián Petrescu,Nottingham Forest FC,FC Porto,V. Froholdt,0,1,0,4,1,2,0,0,19,0,0,1,0,1,0
63,23 Oct 2025,,2vgyqbrs7o6f9zp3nofrzvn6c,Radu Marián Petrescu,Nottingham Forest FC,FC Porto,Diogo Costa,0,0,0,0,0,0,0,0,22,0,1,0,0,0,0
63,23 Oct 2025,,2vgyqbrs7o6f9zp3nofrzvn6c,Radu Marián Petrescu,Nottingham Forest FC,FC Porto,Borja Sainz,0,2,0,2,2,2,0,0,19,0,0,2,0,1,0
63,23 Oct 2025,,2vgyqbrs7o6f9zp3nofrzvn6c,Radu Marián Petrescu,Nottingham Forest FC,FC Porto,Samu Aghehowa,0,1,1,0,0,2,0,2,17,0,0,1,0,1,0
63,23 Oct 2025,,2vgyqbrs7o6f9zp3nofrzvn6c,Radu Marián Petrescu,Nottingham Forest FC,FC Porto,P. Rosario,0,0,0,0,2,2,0,0,32,0,0,1,0,0,0
63,23 Oct 2025,,2vgyqbrs7o6f9zp3nofrzvn6c,Radu Marián Petrescu,Nottingham Forest FC,FC Porto,J. Kiwior,0,1,0,0,1,0,0,0,80,0,0,2,1,1,0
63,23 Oct 2025,,2vgyqbrs7o6f9zp3nofrzvn6c,Radu Marián Petrescu,Nottingham Forest FC,FC Porto,Gabri Veiga,0,0,1,3,2,0,0,0,11,0,0,0,0,2,1
63,23 Oct 2025,,2vgyqbrs7o6f9zp3nofrzvn6c,Radu Marián Petrescu,Nottingham Forest FC,FC Porto,Martim Fernandes,0,1,1,1,2,0,0,0,14,0,0,1,0,4,0
63,23 Oct 2025,,2vgyqbrs7o6f9zp3nofrzvn6c,Radu Marián Petrescu,Nottingham Forest FC,FC Porto,William,0,0,1,1,2,0,0,0,4,0,0,1,0,1,0
63,23 Oct 2025,,2vgyqbrs7o6f9zp3nofrzvn6c,Radu Marián Petrescu,Nottingham Forest FC,FC Porto,Z. Sanusi,0,0,0,0,0,0,0,0,6,0,0,0,0,1,0
63,23 Oct 2025,,2vgyqbrs7o6f9zp3nofrzvn6c,Radu Marián Petrescu,Nottingham Forest FC,FC Porto,Rodrigo Mora,0,0,0,0,0,0,0,0,3,0,0,0,0,0,0
64,23 Oct 2025,,2vuqxxa7do92as5u5a2ayveok,Sander van der Eijk,Real Club Celta de Vigo,OGC Nice Côte d'Azur,Pablo Durán,0,0,0,1,4,1,0,0,22,0,0,2,1,1,0
64,23 Oct 2025,,2vuqxxa7do92as5u5a2ayveok,Sander van der Eijk,Real Club Celta de Vigo,OGC Nice Côte d'Azur,Fran Beltrán,0,0,0,0,1,0,0,0,45,0,0,1,1,1,0
64,23 Oct 2025,,2vuqxxa7do92as5u5a2ayveok,Sander van der Eijk,Real Club Celta de Vigo,OGC Nice Côte d'Azur,Manu Fernández,0,0,0,1,2,0,0,0,95,0,0,2,0,1,1
64,23 Oct 2025,,2vuqxxa7do92as5u5a2ayveok,Sander van der Eijk,Real Club Celta de Vigo,OGC Nice Côte d'Azur,Marcos Alonso,0,0,0,0,2,0,0,2,91,0,0,1,0,2,0
64,23 Oct 2025,,2vuqxxa7do92as5u5a2ayveok,Sander van der Eijk,Real Club Celta de Vigo,OGC Nice Côte d'Azur,Sergio Carreira,0,0,2,2,0,1,0,0,59,0,0,0,0,0,0
64,23 Oct 2025,,2vuqxxa7do92as5u5a2ayveok,Sander van der Eijk,Real Club Celta de Vigo,OGC Nice Côte d'Azur,C. Starfelt,0,0,0,0,1,0,0,0,46,0,0,0,0,1,0
64,23 Oct 2025,,2vuqxxa7do92as5u5a2ayveok,Sander van der Eijk,Real Club Celta de Vigo,OGC Nice Côte d'Azur,Hugo Álvarez,0,0,0,0,1,1,0,0,16,0,0,0,0,2,0
64,23 Oct 2025,,2vuqxxa7do92as5u5a2ayveok,Sander van der Eijk,Real Club Celta de Vigo,OGC Nice Côte d'Azur,Miguel Román,0,2,0,1,1,0,0,0,46,0,0,3,0,0,0
64,23 Oct 2025,,2vuqxxa7do92as5u5a2ayveok,Sander van der Eijk,Real Club Celta de Vigo,OGC Nice Côte d'Azur,Iago Aspas,0,2,0,2,1,1,1,0,56,0,0,5,2,3,0
64,23 Oct 2025,,2vuqxxa7do92as5u5a2ayveok,Sander van der Eijk,Real Club Celta de Vigo,OGC Nice Côte d'Azur,Bryan Zaragoza,0,1,3,9,2,3,0,1,43,0,0,3,1,1,0
64,23 Oct 2025,,2vuqxxa7do92as5u5a2ayveok,Sander van der Eijk,Real Club Celta de Vigo,OGC Nice Côte d'Azur,I. Radu,0,0,0,0,0,0,0,0,13,0,2,0,0,0,0
64,23 Oct 2025,,2vuqxxa7do92as5u5a2ayveok,Sander van der Eijk,Real Club Celta de Vigo,OGC Nice Côte d'Azur,Borja Iglesias,0,1,2,0,3,0,0,0,12,0,0,4,1,0,0
64,23 Oct 2025,,2vuqxxa7do92as5u5a2ayveok,Sander van der Eijk,Real Club Celta de Vigo,OGC Nice Côte d'Azur,Javi Rueda,0,1,0,2,1,0,0,0,20,0,0,1,0,0,0
64,23 Oct 2025,,2vuqxxa7do92as5u5a2ayveok,Sander van der Eijk,Real Club Celta de Vigo,OGC Nice Côte d'Azur,Óscar Mingueza,0,1,0,1,1,0,0,0,18,0,0,1,0,0,0
64,23 Oct 2025,,2vuqxxa7do92as5u5a2ayveok,Sander van der Eijk,Real Club Celta de Vigo,OGC Nice Côte d'Azur,Hugo Sotelo,0,2,0,0,0,0,0,0,22,0,0,2,0,1,0
64,23 Oct 2025,,2vuqxxa7do92as5u5a2ayveok,Sander van der Eijk,Real Club Celta de Vigo,OGC Nice Côte d'Azur,F. Cervi,0,0,0,2,0,0,0,0,3,0,0,0,0,1,0
64,23 Oct 2025,,2vuqxxa7do92as5u5a2ayveok,Sander van der Eijk,Real Club Celta de Vigo,OGC Nice Côte d'Azur,J. Bah,0,0,0,0,0,1,0,0,40,0,0,1,1,1,0
64,23 Oct 2025,,2vuqxxa7do92as5u5a2ayveok,Sander van der Eijk,Real Club Celta de Vigo,OGC Nice Côte d'Azur,T. Louchet,0,0,0,3,0,0,0,0,27,0,0,0,0,4,1
64,23 Oct 2025,,2vuqxxa7do92as5u5a2ayveok,Sander van der Eijk,Real Club Celta de Vigo,OGC Nice Côte d'Azur,K. Peprah Oppong,0,1,0,0,1,2,0,0,43,0,0,1,0,1,0
64,23 Oct 2025,,2vuqxxa7do92as5u5a2ayveok,Sander van der Eijk,Real Club Celta de Vigo,OGC Nice Côte d'Azur,J. Clauss,0,0,0,3,2,0,0,0,16,1,0,0,0,0,2
64,23 Oct 2025,,2vuqxxa7do92as5u5a2ayveok,Sander van der Eijk,Real Club Celta de Vigo,OGC Nice Côte d'Azur,Y. Diouf,0,0,0,0,0,0,0,0,40,0,4,0,0,0,0
64,23 Oct 2025,,2vuqxxa7do92as5u5a2ayveok,Sander van der Eijk,Real Club Celta de Vigo,OGC Nice Côte d'Azur,M. Bard,0,1,1,1,2,7,0,0,47,0,0,1,0,0,1
64,23 Oct 2025,,2vuqxxa7do92as5u5a2ayveok,Sander van der Eijk,Real Club Celta de Vigo,OGC Nice Côte d'Azur,M. Sanson,0,0,0,0,0,2,0,0,18,0,0,0,0,3,0
64,23 Oct 2025,,2vuqxxa7do92as5u5a2ayveok,Sander van der Eijk,Real Club Celta de Vigo,OGC Nice Côte d'Azur,A. Abdi,0,2,1,0,0,3,0,0,22,0,0,4,1,1,0
64,23 Oct 2025,,2vuqxxa7do92as5u5a2ayveok,Sander van der Eijk,Real Club Celta de Vigo,OGC Nice Côte d'Azur,Kevin Carlos,0,0,0,0,0,2,0,0,16,0,0,1,0,1,0
64,23 Oct 2025,,2vuqxxa7do92as5u5a2ayveok,Sander van der Eijk,Real Club Celta de Vigo,OGC Nice Côte d'Azur,M. Cho,0,0,0,0,0,0,1,0,6,0,0,1,1,1,0
64,23 Oct 2025,,2vuqxxa7do92as5u5a2ayveok,Sander van der Eijk,Real Club Celta de Vigo,OGC Nice Côte d'Azur,S. Abdul Samed,1,0,1,1,1,1,0,0,33,0,0,0,0,2,0
64,23 Oct 2025,,2vuqxxa7do92as5u5a2ayveok,Sander van der Eijk,Real Club Celta de Vigo,OGC Nice Côte d'Azur,A. Mendy,0,0,1,1,1,1,0,0,3,0,0,0,0,0,1
64,23 Oct 2025,,2vuqxxa7do92as5u5a2ayveok,Sander van der Eijk,Real Club Celta de Vigo,OGC Nice Côte d'Azur,C. Vanhoutte,0,0,0,3,0,1,0,0,7,0,0,0,0,0,0
64,23 Oct 2025,,2vuqxxa7do92as5u5a2ayveok,Sander van der Eijk,Real Club Celta de Vigo,OGC Nice Côte d'Azur,Tiago Gouveia,0,0,1,1,0,0,0,0,4,0,0,0,0,0,0
64,23 Oct 2025,,2vuqxxa7do92as5u5a2ayveok,Sander van der Eijk,Real Club Celta de Vigo,OGC Nice Côte d'Azur,B. Nguene,0,0,0,0,0,0,0,0,0,0,0,0,0,0,0
64,23 Oct 2025,,2vuqxxa7do92as5u5a2ayveok,Sander van der Eijk,Real Club Celta de Vigo,OGC Nice Côte d'Azur,J. Boga,0,0,0,0,0,0,0,0,2,0,0,0,0,0,0
65,23 Oct 2025,,2w82wit87ss3oh0max2f47eok,Rohit Saggi,SC Freiburg,FC Utrecht,M. Eggestein,0,1,0,0,0,1,0,0,40,0,0,3,2,1,0
65,23 Oct 2025,,2w82wit87ss3oh0max2f47eok,Rohit Saggi,SC Freiburg,FC Utrecht,Y. Suzuki,0,0,2,0,0,0,1,0,24,0,0,3,3,2,0
65,23 Oct 2025,,2w82wit87ss3oh0max2f47eok,Rohit Saggi,SC Freiburg,FC Utrecht,P. Treu,0,0,0,2,2,1,0,0,33,0,0,1,0,2,0
65,23 Oct 2025,,2w82wit87ss3oh0max2f47eok,Rohit Saggi,SC Freiburg,FC Utrecht,M. Ginter,0,0,0,0,0,1,0,0,65,0,0,0,0,2,0
65,23 Oct 2025,,2w82wit87ss3oh0max2f47eok,Rohit Saggi,SC Freiburg,FC Utrecht,N. Atubolu,0,0,0,0,0,0,0,0,51,0,2,0,0,0,0
65,23 Oct 2025,,2w82wit87ss3oh0max2f47eok,Rohit Saggi,SC Freiburg,FC Utrecht,P. Lienhart,0,0,0,1,1,0,0,0,78,0,0,0,0,1,0
65,23 Oct 2025,,2w82wit87ss3oh0max2f47eok,Rohit Saggi,SC Freiburg,FC Utrecht,N. Beste,0,0,2,3,0,2,0,0,16,0,0,1,1,2,0
65,23 Oct 2025,,2w82wit87ss3oh0max2f47eok,Rohit Saggi,SC Freiburg,FC Utrecht,J. Adamu,0,1,0,0,3,1,0,1,11,0,0,4,0,1,0
65,23 Oct 2025,,2w82wit87ss3oh0max2f47eok,Rohit Saggi,SC Freiburg,FC Utrecht,C. Günter,1,0,0,1,0,0,0,0,26,0,0,0,0,1,0
65,23 Oct 2025,,2w82wit87ss3oh0max2f47eok,Rohit Saggi,SC Freiburg,FC Utrecht,J. Manzambi,0,0,0,0,1,2,0,0,36,0,0,1,0,2,0
65,23 Oct 2025,,2w82wit87ss3oh0max2f47eok,Rohit Saggi,SC Freiburg,FC Utrecht,V. Grifo,0,0,1,8,0,1,1,0,31,0,0,1,1,0,0
65,23 Oct 2025,,2w82wit87ss3oh0max2f47eok,Rohit Saggi,SC Freiburg,FC Utrecht,E. Dinkçi,0,0,0,1,1,0,0,0,14,0,0,0,0,1,0
65,23 Oct 2025,,2w82wit87ss3oh0max2f47eok,Rohit Saggi,SC Freiburg,FC Utrecht,I. Matanović,0,0,0,0,1,1,0,0,8,0,0,0,0,1,0
65,23 Oct 2025,,2w82wit87ss3oh0max2f47eok,Rohit Saggi,SC Freiburg,FC Utrecht,N. Höfler,0,0,0,0,2,0,0,0,8,0,0,0,0,2,0
65,23 Oct 2025,,2w82wit87ss3oh0max2f47eok,Rohit Saggi,SC Freiburg,FC Utrecht,D. Scherhant,0,0,0,1,1,1,0,0,6,0,0,0,0,0,0
65,23 Oct 2025,,2w82wit87ss3oh0max2f47eok,Rohit Saggi,SC Freiburg,FC Utrecht,M. Rosenfelder,0,0,0,0,0,0,0,0,4,0,0,0,0,0,0
65,23 Oct 2025,,2w82wit87ss3oh0max2f47eok,Rohit Saggi,SC Freiburg,FC Utrecht,G. Zechiël,0,0,0,0,0,0,0,0,30,0,0,0,0,2,0
65,23 Oct 2025,,2w82wit87ss3oh0max2f47eok,Rohit Saggi,SC Freiburg,FC Utrecht,M. van der Hoorn,0,0,0,0,1,3,0,0,55,0,0,0,0,2,0
65,23 Oct 2025,,2w82wit87ss3oh0max2f47eok,Rohit Saggi,SC Freiburg,FC Utrecht,S. Haller,0,1,0,0,1,0,0,0,9,0,0,3,0,2,0
65,23 Oct 2025,,2w82wit87ss3oh0max2f47eok,Rohit Saggi,SC Freiburg,FC Utrecht,S. El Karouani,0,1,2,7,1,2,0,0,52,0,0,1,0,0,0
65,23 Oct 2025,,2w82wit87ss3oh0max2f47eok,Rohit Saggi,SC Freiburg,FC Utrecht,N. Viergever,0,0,0,0,2,1,0,0,57,0,0,0,0,1,0
65,23 Oct 2025,,2w82wit87ss3oh0max2f47eok,Rohit Saggi,SC Freiburg,FC Utrecht,V. Barkas,0,0,0,0,0,0,0,0,30,0,5,0,0,0,0
65,23 Oct 2025,,2w82wit87ss3oh0max2f47eok,Rohit Saggi,SC Freiburg,FC Utrecht,C. Bozdoğan,0,0,1,0,0,1,0,0,12,0,0,1,0,1,0
65,23 Oct 2025,,2w82wit87ss3oh0max2f47eok,Rohit Saggi,SC Freiburg,FC Utrecht,S. Horemans,0,0,0,3,2,0,0,0,47,0,0,1,1,1,0
65,23 Oct 2025,,2w82wit87ss3oh0max2f47eok,Rohit Saggi,SC Freiburg,FC Utrecht,Miguel Rodríguez,0,0,0,2,1,3,0,0,24,0,0,1,1,2,0
65,23 Oct 2025,,2w82wit87ss3oh0max2f47eok,Rohit Saggi,SC Freiburg,FC Utrecht,A. Blake,0,1,1,2,0,1,0,0,14,0,0,2,0,0,0
65,23 Oct 2025,,2w82wit87ss3oh0max2f47eok,Rohit Saggi,SC Freiburg,FC Utrecht,A. Engwanda,0,0,0,0,1,0,0,0,20,0,0,0,0,3,0
65,23 Oct 2025,,2w82wit87ss3oh0max2f47eok,Rohit Saggi,SC Freiburg,FC Utrecht,Zidane Iqbal,0,0,0,1,0,0,0,0,24,0,0,0,0,0,0
65,23 Oct 2025,,2w82wit87ss3oh0max2f47eok,Rohit Saggi,SC Freiburg,FC Utrecht,D. de Wit,0,0,0,0,1,1,0,0,11,0,0,0,0,0,0
65,23 Oct 2025,,2w82wit87ss3oh0max2f47eok,Rohit Saggi,SC Freiburg,FC Utrecht,D. van den Berg,0,0,0,3,0,0,0,0,17,0,0,0,0,0,0
65,23 Oct 2025,,2w82wit87ss3oh0max2f47eok,Rohit Saggi,SC Freiburg,FC Utrecht,D. Murkin,0,0,0,0,1,0,0,0,9,0,0,0,0,0,1
65,23 Oct 2025,,2w82wit87ss3oh0max2f47eok,Rohit Saggi,SC Freiburg,FC Utrecht,D. Min,0,0,0,0,0,0,0,0,1,0,0,2,0,1,0
66,6 Nov 2025,,2wllqt1nu9mkvmuw31oqxsydw,Giorgi Kruashvili,FC Salzburg,Go Ahead Eagles,J. Rasmussen,0,0,0,0,0,0,0,0,54,0,0,0,0,0,0
66,6 Nov 2025,,2wllqt1nu9mkvmuw31oqxsydw,Giorgi Kruashvili,FC Salzburg,Go Ahead Eagles,M. Kjærgaard,1,2,1,2,1,0,0,0,40,0,0,3,0,1,0
66,6 Nov 2025,,2wllqt1nu9mkvmuw31oqxsydw,Giorgi Kruashvili,FC Salzburg,Go Ahead Eagles,S. Lainer,0,0,0,2,1,0,0,0,43,0,0,0,0,1,0
66,6 Nov 2025,,2wllqt1nu9mkvmuw31oqxsydw,Giorgi Kruashvili,FC Salzburg,Go Ahead Eagles,S. Kitano,0,0,1,3,0,1,0,0,23,0,0,2,2,0,0
66,6 Nov 2025,,2wllqt1nu9mkvmuw31oqxsydw,Giorgi Kruashvili,FC Salzburg,Go Ahead Eagles,S. Diabaté,0,0,0,0,0,2,0,0,50,0,0,0,0,0,0
66,6 Nov 2025,,2wllqt1nu9mkvmuw31oqxsydw,Giorgi Kruashvili,FC Salzburg,Go Ahead Eagles,J. Schuster,0,0,0,0,1,0,0,0,65,0,0,1,0,0,0
66,6 Nov 2025,,2wllqt1nu9mkvmuw31oqxsydw,Giorgi Kruashvili,FC Salzburg,Go Ahead Eagles,C. Zawieschitzky,0,0,0,0,0,0,0,0,33,0,2,0,0,0,0
66,6 Nov 2025,,2wllqt1nu9mkvmuw31oqxsydw,Giorgi Kruashvili,FC Salzburg,Go Ahead Eagles,E. Baidoo,0,0,0,1,1,2,0,0,19,0,0,2,2,0,0
66,6 Nov 2025,,2wllqt1nu9mkvmuw31oqxsydw,Giorgi Kruashvili,FC Salzburg,Go Ahead Eagles,A. Terzić,1,0,0,6,0,1,1,0,39,0,0,1,1,2,0
66,6 Nov 2025,,2wllqt1nu9mkvmuw31oqxsydw,Giorgi Kruashvili,FC Salzburg,Go Ahead Eagles,C. Bischoff,0,0,0,1,1,0,0,0,25,0,0,2,1,1,0
66,6 Nov 2025,,2wllqt1nu9mkvmuw31oqxsydw,Giorgi Kruashvili,FC Salzburg,Go Ahead Eagles,Y. Vertessen,0,2,1,0,1,0,1,1,8,0,0,3,1,0,0
66,6 Nov 2025,,2wllqt1nu9mkvmuw31oqxsydw,Giorgi Kruashvili,FC Salzburg,Go Ahead Eagles,M. Yeo,0,1,0,0,1,0,0,0,13,0,0,2,0,0,0
66,6 Nov 2025,,2wllqt1nu9mkvmuw31oqxsydw,Giorgi Kruashvili,FC Salzburg,Go Ahead Eagles,P. Ratkov,0,0,0,0,0,0,0,0,5,0,0,0,0,0,0
66,6 Nov 2025,,2wllqt1nu9mkvmuw31oqxsydw,Giorgi Kruashvili,FC Salzburg,Go Ahead Eagles,E. Aguilar,0,0,0,0,0,0,0,0,11,0,0,0,0,0,0
66,6 Nov 2025,,2wllqt1nu9mkvmuw31oqxsydw,Giorgi Kruashvili,FC Salzburg,Go Ahead Eagles,T. Trummer,0,0,0,0,0,0,0,0,1,0,0,1,1,0,0
66,6 Nov 2025,,2wllqt1nu9mkvmuw31oqxsydw,Giorgi Kruashvili,FC Salzburg,Go Ahead Eagles,K. Goudmijn,0,0,0,3,1,0,0,0,34,0,0,1,0,1,0
66,6 Nov 2025,,2wllqt1nu9mkvmuw31oqxsydw,Giorgi Kruashvili,FC Salzburg,Go Ahead Eagles,J. De Busser,0,0,0,0,0,0,0,0,49,0,6,0,0,0,0
66,6 Nov 2025,,2wllqt1nu9mkvmuw31oqxsydw,Giorgi Kruashvili,FC Salzburg,Go Ahead Eagles,M. Smit,0,1,1,0,0,2,0,0,13,0,0,3,0,1,0
66,6 Nov 2025,,2wllqt1nu9mkvmuw31oqxsydw,Giorgi Kruashvili,FC Salzburg,Go Ahead Eagles,M. Meulensteen,0,0,0,1,1,1,0,0,80,0,0,1,1,2,0
66,6 Nov 2025,,2wllqt1nu9mkvmuw31oqxsydw,Giorgi Kruashvili,FC Salzburg,Go Ahead Eagles,R. Margaret,0,0,1,4,1,0,0,0,28,0,0,0,0,3,0
66,6 Nov 2025,,2wllqt1nu9mkvmuw31oqxsydw,Giorgi Kruashvili,FC Salzburg,Go Ahead Eagles,J. Kramer,0,0,0,1,0,0,0,0,91,0,0,1,0,1,0
66,6 Nov 2025,,2wllqt1nu9mkvmuw31oqxsydw,Giorgi Kruashvili,FC Salzburg,Go Ahead Eagles,Y. Salah Rahmouni,0,0,0,0,2,0,0,0,43,0,0,0,0,0,1
66,6 Nov 2025,,2wllqt1nu9mkvmuw31oqxsydw,Giorgi Kruashvili,FC Salzburg,Go Ahead Eagles,M. Suray,0,0,0,1,1,2,0,1,29,0,0,3,1,1,1
66,6 Nov 2025,,2wllqt1nu9mkvmuw31oqxsydw,Giorgi Kruashvili,FC Salzburg,Go Ahead Eagles,D. James,0,0,2,10,0,0,0,0,42,0,0,0,0,0,0
66,6 Nov 2025,,2wllqt1nu9mkvmuw31oqxsydw,Giorgi Kruashvili,FC Salzburg,Go Ahead Eagles,M. Deijl,0,0,0,2,0,1,0,1,56,0,0,0,0,0,0
66,6 Nov 2025,,2wllqt1nu9mkvmuw31oqxsydw,Giorgi Kruashvili,FC Salzburg,Go Ahead Eagles,C. Twigt,0,0,0,0,1,1,0,0,50,0,0,0,0,2,0
66,6 Nov 2025,,2wllqt1nu9mkvmuw31oqxsydw,Giorgi Kruashvili,FC Salzburg,Go Ahead Eagles,O. Pettersson,0,0,0,3,0,0,0,0,4,0,0,0,0,0,0
66,6 Nov 2025,,2wllqt1nu9mkvmuw31oqxsydw,Giorgi Kruashvili,FC Salzburg,Go Ahead Eagles,G. van Zwam,0,0,0,1,0,0,0,0,23,0,0,0,0,0,0
66,6 Nov 2025,,2wllqt1nu9mkvmuw31oqxsydw,Giorgi Kruashvili,FC Salzburg,Go Ahead Eagles,F. Stokkers,0,0,0,0,0,0,0,0,4,0,0,1,0,0,0
66,6 Nov 2025,,2wllqt1nu9mkvmuw31oqxsydw,Giorgi Kruashvili,FC Salzburg,Go Ahead Eagles,O. Sivertsen,0,0,0,1,0,0,0,0,4,0,0,0,0,0,0
66,6 Nov 2025,,2wllqt1nu9mkvmuw31oqxsydw,Giorgi Kruashvili,FC Salzburg,Go Ahead Eagles,J. Dirksen,0,0,0,0,0,0,0,0,5,0,0,0,0,0,0
67,6 Nov 2025,,2wz1a1yx83d6rucii88lfisyc,Juxhin Xhaja,FC Basel 1893,SC Fotbal Club FCSB SA,L. Leroy,0,2,0,3,2,0,0,0,60,0,0,3,1,4,1
67,6 Nov 2025,,2wz1a1yx83d6rucii88lfisyc,Juxhin Xhaja,FC Basel 1893,SC Fotbal Club FCSB SA,M. Šotiček,0,0,0,0,1,0,0,0,22,0,0,1,0,1,0
67,6 Nov 2025,,2wz1a1yx83d6rucii88lfisyc,Juxhin Xhaja,FC Basel 1893,SC Fotbal Club FCSB SA,Metinho,0,2,2,0,0,3,0,0,86,0,0,3,1,4,0
67,6 Nov 2025,,2wz1a1yx83d6rucii88lfisyc,Juxhin Xhaja,FC Basel 1893,SC Fotbal Club FCSB SA,B. Traoré,0,1,0,0,2,1,0,1,25,0,0,1,0,2,0
67,6 Nov 2025,,2wz1a1yx83d6rucii88lfisyc,Juxhin Xhaja,FC Basel 1893,SC Fotbal Club FCSB SA,F. Daniliuc,0,0,0,0,0,1,0,0,69,0,0,0,0,1,0
67,6 Nov 2025,,2wz1a1yx83d6rucii88lfisyc,Juxhin Xhaja,FC Basel 1893,SC Fotbal Club FCSB SA,M. Cissé,0,0,0,1,3,0,0,0,49,0,0,1,0,5,0
67,6 Nov 2025,,2wz1a1yx83d6rucii88lfisyc,Juxhin Xhaja,FC Basel 1893,SC Fotbal Club FCSB SA,M. Broschinski,0,2,1,0,0,0,0,2,17,0,0,3,1,0,0
67,6 Nov 2025,,2wz1a1yx83d6rucii88lfisyc,Juxhin Xhaja,FC Basel 1893,SC Fotbal Club FCSB SA,A. Barišić,0,0,0,0,3,0,0,0,53,0,0,1,0,1,1
67,6 Nov 2025,,2wz1a1yx83d6rucii88lfisyc,Juxhin Xhaja,FC Basel 1893,SC Fotbal Club FCSB SA,N. Vouilloz,0,0,0,4,1,1,0,0,48,0,0,0,0,0,0
67,6 Nov 2025,,2wz1a1yx83d6rucii88lfisyc,Juxhin Xhaja,FC Basel 1893,SC Fotbal Club FCSB SA,X. Shaqiri,1,5,4,7,1,3,2,0,65,0,0,9,4,0,0
67,6 Nov 2025,,2wz1a1yx83d6rucii88lfisyc,Juxhin Xhaja,FC Basel 1893,SC Fotbal Club FCSB SA,M. Hitz,0,0,0,0,0,0,0,0,23,0,6,0,0,0,0
67,6 Nov 2025,,2wz1a1yx83d6rucii88lfisyc,Juxhin Xhaja,FC Basel 1893,SC Fotbal Club FCSB SA,K. Koindredi,0,0,1,0,0,0,0,0,25,0,0,0,0,1,0
67,6 Nov 2025,,2wz1a1yx83d6rucii88lfisyc,Juxhin Xhaja,FC Basel 1893,SC Fotbal Club FCSB SA,P. Otele,0,1,0,1,0,1,0,0,11,0,0,2,1,0,0
67,6 Nov 2025,,2wz1a1yx83d6rucii88lfisyc,Juxhin Xhaja,FC Basel 1893,SC Fotbal Club FCSB SA,K. Rüegg,0,0,0,0,0,0,0,0,14,0,0,0,0,1,0
67,6 Nov 2025,,2wz1a1yx83d6rucii88lfisyc,Juxhin Xhaja,FC Basel 1893,SC Fotbal Club FCSB SA,I. Salah,0,0,0,0,0,1,1,0,14,0,0,1,1,0,0
67,6 Nov 2025,,2wz1a1yx83d6rucii88lfisyc,Juxhin Xhaja,FC Basel 1893,SC Fotbal Club FCSB SA,A. Bacanin,0,0,0,0,0,1,0,0,7,0,0,0,0,0,0
67,6 Nov 2025,,2wz1a1yx83d6rucii88lfisyc,Juxhin Xhaja,FC Basel 1893,SC Fotbal Club FCSB SA,D. Bîrligea,0,2,1,1,1,1,0,1,19,0,0,4,2,1,1
67,6 Nov 2025,,2wz1a1yx83d6rucii88lfisyc,Juxhin Xhaja,FC Basel 1893,SC Fotbal Club FCSB SA,A. Șut,0,0,0,0,0,0,0,0,17,0,0,0,0,0,0
67,6 Nov 2025,,2wz1a1yx83d6rucii88lfisyc,Juxhin Xhaja,FC Basel 1893,SC Fotbal Club FCSB SA,D. Graovac,0,0,0,0,0,1,0,0,19,0,0,0,0,8,0
67,6 Nov 2025,,2wz1a1yx83d6rucii88lfisyc,Juxhin Xhaja,FC Basel 1893,SC Fotbal Club FCSB SA,Ș. Târnovanu,0,0,0,0,1,0,0,0,3,1,0,0,0,0,0
67,6 Nov 2025,,2wz1a1yx83d6rucii88lfisyc,Juxhin Xhaja,FC Basel 1893,SC Fotbal Club FCSB SA,F. Tănase,0,0,1,1,3,1,0,0,23,0,0,2,1,2,0
67,6 Nov 2025,,2wz1a1yx83d6rucii88lfisyc,Juxhin Xhaja,FC Basel 1893,SC Fotbal Club FCSB SA,D. Olaru,0,0,2,1,4,4,1,0,24,0,0,5,3,2,1
67,6 Nov 2025,,2wz1a1yx83d6rucii88lfisyc,Juxhin Xhaja,FC Basel 1893,SC Fotbal Club FCSB SA,D. Miculescu,0,1,1,0,0,3,0,0,27,0,0,2,1,7,0
67,6 Nov 2025,,2wz1a1yx83d6rucii88lfisyc,Juxhin Xhaja,FC Basel 1893,SC Fotbal Club FCSB SA,A. Pantea,1,0,0,1,0,1,0,0,31,0,0,0,0,1,1
67,6 Nov 2025,,2wz1a1yx83d6rucii88lfisyc,Juxhin Xhaja,FC Basel 1893,SC Fotbal Club FCSB SA,S. Ngezana,0,0,0,0,2,0,0,0,23,0,0,0,0,5,0
67,6 Nov 2025,,2wz1a1yx83d6rucii88lfisyc,Juxhin Xhaja,FC Basel 1893,SC Fotbal Club FCSB SA,R. Radunović,0,0,0,5,0,0,0,0,35,0,0,1,0,7,0
67,6 Nov 2025,,2wz1a1yx83d6rucii88lfisyc,Juxhin Xhaja,FC Basel 1893,SC Fotbal Club FCSB SA,M. Thiam,0,0,0,0,0,0,0,0,7,0,0,0,0,0,0
67,6 Nov 2025,,2wz1a1yx83d6rucii88lfisyc,Juxhin Xhaja,FC Basel 1893,SC Fotbal Club FCSB SA,Lukáš Zima,0,0,0,0,0,0,0,0,19,0,5,0,0,0,0
67,6 Nov 2025,,2wz1a1yx83d6rucii88lfisyc,Juxhin Xhaja,FC Basel 1893,SC Fotbal Club FCSB SA,M. Edjouma,0,0,0,0,2,1,0,1,14,0,0,0,0,2,0
67,6 Nov 2025,,2wz1a1yx83d6rucii88lfisyc,Juxhin Xhaja,FC Basel 1893,SC Fotbal Club FCSB SA,M. Lixandru,0,0,0,0,0,1,0,0,11,0,0,0,0,0,0
67,6 Nov 2025,,2wz1a1yx83d6rucii88lfisyc,Juxhin Xhaja,FC Basel 1893,SC Fotbal Club FCSB SA,J. Cisotti,0,0,0,1,1,0,0,0,7,0,0,0,0,2,0
67,6 Nov 2025,,2wz1a1yx83d6rucii88lfisyc,Juxhin Xhaja,FC Basel 1893,SC Fotbal Club FCSB SA,D. Politic,0,0,0,1,1,0,0,0,2,0,0,0,0,0,0
68,6 Nov 2025,,2xce6vpfr4cn3d4ypssihyu50,Nenad Minaković,FC Midtjylland,Celtic FC,Franculino Djú,0,0,0,1,0,1,1,0,14,0,0,4,2,2,0
68,6 Nov 2025,,2xce6vpfr4cn3d4ypssihyu50,Nenad Minaković,FC Midtjylland,Celtic FC,M. Erlić,0,0,0,0,1,0,1,0,37,0,0,2,1,2,0
68,6 Nov 2025,,2xce6vpfr4cn3d4ypssihyu50,Nenad Minaković,FC Midtjylland,Celtic FC,D. Osorio,0,1,2,2,2,0,0,0,18,0,0,4,1,1,0
68,6 Nov 2025,,2xce6vpfr4cn3d4ypssihyu50,Nenad Minaković,FC Midtjylland,Celtic FC,Lee Han-Beom,0,0,0,0,1,0,0,0,71,0,0,0,0,0,0
68,6 Nov 2025,,2xce6vpfr4cn3d4ypssihyu50,Nenad Minaković,FC Midtjylland,Celtic FC,E. Ólafsson,0,0,0,0,0,0,0,0,34,0,2,0,0,0,0
68,6 Nov 2025,,2xce6vpfr4cn3d4ypssihyu50,Nenad Minaković,FC Midtjylland,Celtic FC,Cho Gue-Sung,0,2,2,1,1,2,0,1,17,0,0,5,3,1,0
68,6 Nov 2025,,2xce6vpfr4cn3d4ypssihyu50,Nenad Minaković,FC Midtjylland,Celtic FC,K. Mbabu,0,0,0,6,2,3,0,0,40,0,0,2,2,4,0
68,6 Nov 2025,,2xce6vpfr4cn3d4ypssihyu50,Nenad Minaković,FC Midtjylland,Celtic FC,M. Gogorza,1,1,0,6,0,1,1,0,21,0,0,2,1,1,0
68,6 Nov 2025,,2xce6vpfr4cn3d4ypssihyu50,Nenad Minaković,FC Midtjylland,Celtic FC,M. Bech,0,0,0,0,2,2,0,0,47,0,0,1,0,2,0
68,6 Nov 2025,,2xce6vpfr4cn3d4ypssihyu50,Nenad Minaković,FC Midtjylland,Celtic FC,P. Billing,1,0,0,2,1,1,0,0,42,0,0,0,0,1,0
68,6 Nov 2025,,2xce6vpfr4cn3d4ypssihyu50,Nenad Minaković,FC Midtjylland,Celtic FC,P. Bravo,0,0,0,0,3,0,0,0,34,0,0,0,0,1,0
68,6 Nov 2025,,2xce6vpfr4cn3d4ypssihyu50,Nenad Minaković,FC Midtjylland,Celtic FC,Júnior Brumado,0,1,0,0,0,0,0,0,12,0,0,2,1,0,0
68,6 Nov 2025,,2xce6vpfr4cn3d4ypssihyu50,Nenad Minaković,FC Midtjylland,Celtic FC,D. Castillo,0,0,0,0,0,1,0,0,16,0,0,1,0,0,0
68,6 Nov 2025,,2xce6vpfr4cn3d4ypssihyu50,Nenad Minaković,FC Midtjylland,Celtic FC,A. Şimşir,0,0,0,4,0,2,0,0,15,0,0,0,0,0,0
68,6 Nov 2025,,2xce6vpfr4cn3d4ypssihyu50,Nenad Minaković,FC Midtjylland,Celtic FC,V. Byskov,0,0,0,5,0,0,0,0,9,0,0,1,1,1,0
68,6 Nov 2025,,2xce6vpfr4cn3d4ypssihyu50,Nenad Minaković,FC Midtjylland,Celtic FC,O. Diao,0,0,0,0,0,0,0,0,6,0,0,0,0,0,0
68,6 Nov 2025,,2xce6vpfr4cn3d4ypssihyu50,Nenad Minaković,FC Midtjylland,Celtic FC,L. Scales,0,0,0,0,1,0,0,0,33,0,0,0,0,2,1
68,6 Nov 2025,,2xce6vpfr4cn3d4ypssihyu50,Nenad Minaković,FC Midtjylland,Celtic FC,J. Kenny,0,0,0,0,0,0,0,0,15,0,0,0,0,0,0
68,6 Nov 2025,,2xce6vpfr4cn3d4ypssihyu50,Nenad Minaković,FC Midtjylland,Celtic FC,A. Engels,0,0,1,3,1,1,0,0,24,0,0,1,1,1,0
68,6 Nov 2025,,2xce6vpfr4cn3d4ypssihyu50,Nenad Minaković,FC Midtjylland,Celtic FC,S. Tounekti,0,0,2,2,0,0,0,0,14,0,0,0,0,3,0
68,6 Nov 2025,,2xce6vpfr4cn3d4ypssihyu50,Nenad Minaković,FC Midtjylland,Celtic FC,K. Tierney,0,0,0,0,1,2,0,0,26,0,0,0,0,4,0
68,6 Nov 2025,,2xce6vpfr4cn3d4ypssihyu50,Nenad Minaković,FC Midtjylland,Celtic FC,C. McGregor,0,0,0,1,2,0,0,0,27,0,0,0,0,1,0
68,6 Nov 2025,,2xce6vpfr4cn3d4ypssihyu50,Nenad Minaković,FC Midtjylland,Celtic FC,A. Trusty,0,0,0,0,1,1,0,0,29,0,0,0,0,3,0
68,6 Nov 2025,,2xce6vpfr4cn3d4ypssihyu50,Nenad Minaković,FC Midtjylland,Celtic FC,K. Schmeichel,0,0,0,0,0,0,0,0,39,0,9,0,0,0,0
68,6 Nov 2025,,2xce6vpfr4cn3d4ypssihyu50,Nenad Minaković,FC Midtjylland,Celtic FC,A. Ralston,0,0,0,0,2,0,0,0,33,0,0,1,0,4,0
68,6 Nov 2025,,2xce6vpfr4cn3d4ypssihyu50,Nenad Minaković,FC Midtjylland,Celtic FC,J. Forrest,0,0,0,0,0,2,0,0,10,0,0,0,0,0,0
68,6 Nov 2025,,2xce6vpfr4cn3d4ypssihyu50,Nenad Minaković,FC Midtjylland,Celtic FC,B. Nygren,0,0,0,0,1,2,0,0,12,0,0,1,0,0,0
68,6 Nov 2025,,2xce6vpfr4cn3d4ypssihyu50,Nenad Minaković,FC Midtjylland,Celtic FC,C. Osmand,0,0,0,0,0,1,0,0,8,0,0,1,1,0,0
68,6 Nov 2025,,2xce6vpfr4cn3d4ypssihyu50,Nenad Minaković,FC Midtjylland,Celtic FC,D. Maeda,0,0,1,0,2,0,0,0,8,0,0,0,0,1,1
68,6 Nov 2025,,2xce6vpfr4cn3d4ypssihyu50,Nenad Minaković,FC Midtjylland,Celtic FC,R. Hatate,0,0,0,0,0,0,1,0,6,0,0,1,1,0,0
68,6 Nov 2025,,2xce6vpfr4cn3d4ypssihyu50,Nenad Minaković,FC Midtjylland,Celtic FC,Paulo Bernardo,0,0,0,1,1,0,0,0,6,0,0,0,0,0,1
68,6 Nov 2025,,2xce6vpfr4cn3d4ypssihyu50,Nenad Minaković,FC Midtjylland,Celtic FC,M. Balikwisha,0,0,0,0,2,3,0,0,6,0,0,0,0,1,0
69,6 Nov 2025,,2xpxpl0tdpnfy4swapc50dfys,John Beaton,FC Utrecht,FC Porto,M. Didden,0,0,0,0,1,0,0,0,19,0,0,0,0,0,0
69,6 Nov 2025,,2xpxpl0tdpnfy4swapc50dfys,John Beaton,FC Utrecht,FC Porto,G. Zechiël,0,0,0,0,2,2,0,0,17,0,0,0,0,2,1
69,6 Nov 2025,,2xpxpl0tdpnfy4swapc50dfys,John Beaton,FC Utrecht,FC Porto,D. Min,0,0,0,0,1,1,0,0,13,0,0,0,0,0,0
69,6 Nov 2025,,2xpxpl0tdpnfy4swapc50dfys,John Beaton,FC Utrecht,FC Porto,N. Viergever,0,1,0,0,1,0,0,0,21,0,0,2,0,2,0
69,6 Nov 2025,,2xpxpl0tdpnfy4swapc50dfys,John Beaton,FC Utrecht,FC Porto,S. El Karouani,1,1,2,5,2,1,0,0,20,0,0,3,2,7,0
69,6 Nov 2025,,2xpxpl0tdpnfy4swapc50dfys,John Beaton,FC Utrecht,FC Porto,D. Murkin,0,0,0,0,0,0,0,0,7,0,0,0,0,1,0
69,6 Nov 2025,,2xpxpl0tdpnfy4swapc50dfys,John Beaton,FC Utrecht,FC Porto,S. Horemans,0,2,0,0,1,0,0,0,17,0,0,3,0,1,1
69,6 Nov 2025,,2xpxpl0tdpnfy4swapc50dfys,John Beaton,FC Utrecht,FC Porto,Miguel Rodríguez,0,0,0,2,2,3,1,0,13,0,0,2,1,2,0
69,6 Nov 2025,,2xpxpl0tdpnfy4swapc50dfys,John Beaton,FC Utrecht,FC Porto,A. Engwanda,0,0,0,0,2,0,0,0,14,0,0,0,0,3,0
69,6 Nov 2025,,2xpxpl0tdpnfy4swapc50dfys,John Beaton,FC Utrecht,FC Porto,D. de Wit,0,0,0,0,1,0,0,0,19,0,0,0,0,3,0
69,6 Nov 2025,,2xpxpl0tdpnfy4swapc50dfys,John Beaton,FC Utrecht,FC Porto,V. Barkas,0,0,0,0,0,0,0,0,21,1,3,0,0,1,0
69,6 Nov 2025,,2xpxpl0tdpnfy4swapc50dfys,John Beaton,FC Utrecht,FC Porto,Y. Cathline,0,0,0,0,0,2,0,0,8,0,0,0,0,1,0
69,6 Nov 2025,,2xpxpl0tdpnfy4swapc50dfys,John Beaton,FC Utrecht,FC Porto,S. Haller,0,0,0,0,2,3,0,0,8,0,0,0,0,1,0
69,6 Nov 2025,,2xpxpl0tdpnfy4swapc50dfys,John Beaton,FC Utrecht,FC Porto,D. van den Berg,0,0,0,0,1,0,0,0,6,0,0,1,0,0,1
69,6 Nov 2025,,2xpxpl0tdpnfy4swapc50dfys,John Beaton,FC Utrecht,FC Porto,M. Brouwer,0,0,0,0,0,0,0,0,9,0,4,0,0,0,0
69,6 Nov 2025,,2xpxpl0tdpnfy4swapc50dfys,John Beaton,FC Utrecht,FC Porto,M. van der Hoorn,0,0,0,0,0,0,0,0,3,0,0,0,0,0,0
69,6 Nov 2025,,2xpxpl0tdpnfy4swapc50dfys,John Beaton,FC Utrecht,FC Porto,S. Eustaquio,0,0,0,0,0,2,0,0,43,0,0,0,0,0,0
69,6 Nov 2025,,2xpxpl0tdpnfy4swapc50dfys,John Beaton,FC Utrecht,FC Porto,D. Prpić,0,0,0,0,2,1,0,0,100,0,0,1,1,0,1
69,6 Nov 2025,,2xpxpl0tdpnfy4swapc50dfys,John Beaton,FC Utrecht,FC Porto,Gabri Veiga,0,0,1,7,1,2,0,1,59,0,0,6,3,3,0
69,6 Nov 2025,,2xpxpl0tdpnfy4swapc50dfys,John Beaton,FC Utrecht,FC Porto,P. Rosario,0,0,0,0,1,3,0,0,64,0,0,1,0,2,0
69,6 Nov 2025,,2xpxpl0tdpnfy4swapc50dfys,John Beaton,FC Utrecht,FC Porto,Z. Sanusi,0,0,0,5,1,1,0,0,43,0,0,0,0,1,0
69,6 Nov 2025,,2xpxpl0tdpnfy4swapc50dfys,John Beaton,FC Utrecht,FC Porto,Diogo Costa,0,0,0,0,0,0,0,0,47,0,2,0,0,0,0
69,6 Nov 2025,,2xpxpl0tdpnfy4swapc50dfys,John Beaton,FC Utrecht,FC Porto,Martim Fernandes,0,0,3,2,1,0,0,0,46,0,0,1,0,1,1
69,6 Nov 2025,,2xpxpl0tdpnfy4swapc50dfys,John Beaton,FC Utrecht,FC Porto,Pepê,0,0,0,0,1,1,0,0,21,0,0,1,0,2,1
69,6 Nov 2025,,2xpxpl0tdpnfy4swapc50dfys,John Beaton,FC Utrecht,FC Porto,Borja Sainz,0,2,1,3,0,2,1,0,33,0,0,4,2,1,0
69,6 Nov 2025,,2xpxpl0tdpnfy4swapc50dfys,John Beaton,FC Utrecht,FC Porto,J. Bednarek,0,0,0,0,0,1,0,0,105,0,0,0,0,0,0
69,6 Nov 2025,,2xpxpl0tdpnfy4swapc50dfys,John Beaton,FC Utrecht,FC Porto,D. Gül,0,1,0,0,1,1,0,0,15,0,0,3,2,0,0
69,6 Nov 2025,,2xpxpl0tdpnfy4swapc50dfys,John Beaton,FC Utrecht,FC Porto,William,0,0,0,4,0,2,0,0,15,0,0,0,0,1,0
69,6 Nov 2025,,2xpxpl0tdpnfy4swapc50dfys,John Beaton,FC Utrecht,FC Porto,V. Froholdt,0,0,0,1,1,0,0,0,9,0,0,0,0,1,1
69,6 Nov 2025,,2xpxpl0tdpnfy4swapc50dfys,John Beaton,FC Utrecht,FC Porto,Alberto Costa,0,0,1,3,3,0,0,0,21,0,0,0,0,1,1
69,6 Nov 2025,,2xpxpl0tdpnfy4swapc50dfys,John Beaton,FC Utrecht,FC Porto,Samu Aghehowa,0,1,1,0,0,0,0,0,4,0,0,2,0,1,0
70,6 Nov 2025,,2y5swpo009v029q0hk99hyrro,John Brooks,FK Crvena zvezda Beograd,Lille OSC,R. Krunić,0,1,0,0,1,1,0,0,31,0,0,1,0,4,0
70,6 Nov 2025,,2y5swpo009v029q0hk99hyrro,John Brooks,FK Crvena zvezda Beograd,Lille OSC,Matheus,0,0,1,0,0,1,0,0,30,0,3,0,0,0,1
70,6 Nov 2025,,2y5swpo009v029q0hk99hyrro,John Brooks,FK Crvena zvezda Beograd,Lille OSC,M. Arnautović,0,1,1,0,3,2,1,2,25,0,0,3,2,0,1
70,6 Nov 2025,,2y5swpo009v029q0hk99hyrro,John Brooks,FK Crvena zvezda Beograd,Lille OSC,T. Elšnik,0,0,1,6,5,1,0,0,41,0,0,0,0,3,0
70,6 Nov 2025,,2y5swpo009v029q0hk99hyrro,John Brooks,FK Crvena zvezda Beograd,Lille OSC,F. Tebo Uchenna,0,1,0,0,1,4,0,0,51,0,0,2,0,2,0
70,6 Nov 2025,,2y5swpo009v029q0hk99hyrro,John Brooks,FK Crvena zvezda Beograd,Lille OSC,M. Veljković,0,0,0,0,0,0,0,0,47,0,0,1,1,0,0
70,6 Nov 2025,,2y5swpo009v029q0hk99hyrro,John Brooks,FK Crvena zvezda Beograd,Lille OSC,Seol Young-Woo,0,0,0,1,1,2,0,0,34,0,0,0,0,4,0
70,6 Nov 2025,,2y5swpo009v029q0hk99hyrro,John Brooks,FK Crvena zvezda Beograd,Lille OSC,N. Radonjić,0,0,0,0,2,0,0,0,18,0,0,0,0,1,1
70,6 Nov 2025,,2y5swpo009v029q0hk99hyrro,John Brooks,FK Crvena zvezda Beograd,Lille OSC,N. Tiknizyan,0,0,2,2,1,1,0,0,26,0,0,1,0,1,0
70,6 Nov 2025,,2y5swpo009v029q0hk99hyrro,John Brooks,FK Crvena zvezda Beograd,Lille OSC,M. Ivanić,0,0,0,2,3,1,0,0,19,0,0,1,0,1,0
70,6 Nov 2025,,2y5swpo009v029q0hk99hyrro,John Brooks,FK Crvena zvezda Beograd,Lille OSC,Tomás Händel,0,0,0,2,0,1,0,0,23,0,0,0,0,0,0
70,6 Nov 2025,,2y5swpo009v029q0hk99hyrro,John Brooks,FK Crvena zvezda Beograd,Lille OSC,V. Kostov,0,0,0,1,0,1,0,0,2,0,0,1,0,0,0
70,6 Nov 2025,,2y5swpo009v029q0hk99hyrro,John Brooks,FK Crvena zvezda Beograd,Lille OSC,Bruno Duarte,0,0,0,0,0,0,0,0,2,0,0,0,0,0,0
70,6 Nov 2025,,2y5swpo009v029q0hk99hyrro,John Brooks,FK Crvena zvezda Beograd,Lille OSC,Milson,0,0,0,0,0,0,0,0,2,0,0,1,0,0,0
70,6 Nov 2025,,2y5swpo009v029q0hk99hyrro,John Brooks,FK Crvena zvezda Beograd,Lille OSC,A. Katai,0,0,0,0,0,0,0,1,2,0,0,0,0,0,0
70,6 Nov 2025,,2y5swpo009v029q0hk99hyrro,John Brooks,FK Crvena zvezda Beograd,Lille OSC,Tiago Santos,0,1,1,5,0,6,0,0,43,0,0,1,0,3,0
70,6 Nov 2025,,2y5swpo009v029q0hk99hyrro,John Brooks,FK Crvena zvezda Beograd,Lille OSC,N. Mukau,0,0,0,0,1,2,0,0,29,0,0,0,0,1,0
70,6 Nov 2025,,2y5swpo009v029q0hk99hyrro,John Brooks,FK Crvena zvezda Beograd,Lille OSC,H. Igamane,0,0,0,0,3,0,0,0,26,0,0,3,2,0,0
70,6 Nov 2025,,2y5swpo009v029q0hk99hyrro,John Brooks,FK Crvena zvezda Beograd,Lille OSC,M. Broholm,0,0,0,2,2,2,0,0,39,0,0,1,0,1,0
70,6 Nov 2025,,2y5swpo009v029q0hk99hyrro,John Brooks,FK Crvena zvezda Beograd,Lille OSC,A. Mandi,0,0,0,0,1,0,0,0,75,0,0,0,0,1,0
70,6 Nov 2025,,2y5swpo009v029q0hk99hyrro,John Brooks,FK Crvena zvezda Beograd,Lille OSC,C. Mbemba,0,0,0,0,0,2,0,0,77,0,0,0,0,2,0
70,6 Nov 2025,,2y5swpo009v029q0hk99hyrro,John Brooks,FK Crvena zvezda Beograd,Lille OSC,N. Bentaleb,0,0,0,0,2,1,0,0,76,0,0,2,0,0,1
70,6 Nov 2025,,2y5swpo009v029q0hk99hyrro,John Brooks,FK Crvena zvezda Beograd,Lille OSC,C. Verdonk,0,0,0,1,0,1,0,0,45,0,0,1,0,3,0
70,6 Nov 2025,,2y5swpo009v029q0hk99hyrro,John Brooks,FK Crvena zvezda Beograd,Lille OSC,Félix Correia,0,0,0,2,0,1,0,0,30,0,0,0,0,1,0
70,6 Nov 2025,,2y5swpo009v029q0hk99hyrro,John Brooks,FK Crvena zvezda Beograd,Lille OSC,B. Özer,0,0,0,0,1,0,0,0,38,0,2,0,0,0,1
70,6 Nov 2025,,2y5swpo009v029q0hk99hyrro,John Brooks,FK Crvena zvezda Beograd,Lille OSC,A. Bouaddi,0,1,2,0,2,2,0,0,29,0,0,2,0,1,0
70,6 Nov 2025,,2y5swpo009v029q0hk99hyrro,John Brooks,FK Crvena zvezda Beograd,Lille OSC,O. Giroud,0,0,0,0,2,0,0,0,9,0,0,1,1,0,0
70,6 Nov 2025,,2y5swpo009v029q0hk99hyrro,John Brooks,FK Crvena zvezda Beograd,Lille OSC,T. Meunier,0,0,0,1,0,0,0,0,18,0,0,0,0,0,0
70,6 Nov 2025,,2y5swpo009v029q0hk99hyrro,John Brooks,FK Crvena zvezda Beograd,Lille OSC,Matías Fernández,0,0,0,1,1,0,0,0,7,0,0,0,0,0,1
70,6 Nov 2025,,2y5swpo009v029q0hk99hyrro,John Brooks,FK Crvena zvezda Beograd,Lille OSC,R. Perraud,0,0,0,0,0,0,0,0,4,0,0,0,0,0,1
70,6 Nov 2025,,2y5swpo009v029q0hk99hyrro,John Brooks,FK Crvena zvezda Beograd,Lille OSC,H. Haraldsson,0,0,0,0,0,0,0,0,6,0,0,0,0,0,0
71,6 Nov 2025,,2yjb0xaeog0e950d8wt4pj7kk,Anastasios Papapetrou,GNK Dinamo Zagreb,Real Club Celta de Vigo,B. Goda,0,0,1,1,0,0,0,0,30,0,0,0,0,1,0
71,6 Nov 2025,,2yjb0xaeog0e950d8wt4pj7kk,Anastasios Papapetrou,GNK Dinamo Zagreb,Real Club Celta de Vigo,M. Zajc,0,1,0,2,3,0,0,0,54,0,0,2,0,3,0
71,6 Nov 2025,,2yjb0xaeog0e950d8wt4pj7kk,Anastasios Papapetrou,GNK Dinamo Zagreb,Real Club Celta de Vigo,D. Ljubičić,0,0,0,0,0,0,0,1,29,0,0,0,0,1,0
71,6 Nov 2025,,2yjb0xaeog0e950d8wt4pj7kk,Anastasios Papapetrou,GNK Dinamo Zagreb,Real Club Celta de Vigo,S. McKenna,0,0,0,0,0,0,0,0,111,0,0,0,0,0,0
71,6 Nov 2025,,2yjb0xaeog0e950d8wt4pj7kk,Anastasios Papapetrou,GNK Dinamo Zagreb,Real Club Celta de Vigo,Sergi Domínguez,0,0,0,0,1,1,0,0,107,0,0,0,0,1,0
71,6 Nov 2025,,2yjb0xaeog0e950d8wt4pj7kk,Anastasios Papapetrou,GNK Dinamo Zagreb,Real Club Celta de Vigo,K. Théophile-Catherine,0,0,0,3,0,1,0,0,33,0,0,0,0,1,0
71,6 Nov 2025,,2yjb0xaeog0e950d8wt4pj7kk,Anastasios Papapetrou,GNK Dinamo Zagreb,Real Club Celta de Vigo,I. Nevistić,0,0,0,0,0,0,0,0,40,0,1,0,0,0,0
71,6 Nov 2025,,2yjb0xaeog0e950d8wt4pj7kk,Anastasios Papapetrou,GNK Dinamo Zagreb,Real Club Celta de Vigo,A. Hoxha,0,1,2,4,0,4,0,1,21,0,0,3,2,1,0
71,6 Nov 2025,,2yjb0xaeog0e950d8wt4pj7kk,Anastasios Papapetrou,GNK Dinamo Zagreb,Real Club Celta de Vigo,S. Kulenović,0,0,0,1,0,1,0,1,15,0,0,1,1,1,0
71,6 Nov 2025,,2yjb0xaeog0e950d8wt4pj7kk,Anastasios Papapetrou,GNK Dinamo Zagreb,Real Club Celta de Vigo,J. Mišić,0,0,0,1,0,0,0,0,82,0,0,0,0,3,0
71,6 Nov 2025,,2yjb0xaeog0e950d8wt4pj7kk,Anastasios Papapetrou,GNK Dinamo Zagreb,Real Club Celta de Vigo,M. Lisica,0,1,0,4,1,1,0,0,42,0,0,1,0,4,0
71,6 Nov 2025,,2yjb0xaeog0e950d8wt4pj7kk,Anastasios Papapetrou,GNK Dinamo Zagreb,Real Club Celta de Vigo,M. Pérez Vinlöf,0,0,0,4,0,0,0,0,37,0,0,0,0,0,0
71,6 Nov 2025,,2yjb0xaeog0e950d8wt4pj7kk,Anastasios Papapetrou,GNK Dinamo Zagreb,Real Club Celta de Vigo,M. Bakrar,0,0,0,3,1,1,0,0,14,0,0,1,1,0,0
71,6 Nov 2025,,2yjb0xaeog0e950d8wt4pj7kk,Anastasios Papapetrou,GNK Dinamo Zagreb,Real Club Celta de Vigo,L. Stojković,0,0,1,3,0,1,0,0,22,0,0,2,1,0,0
71,6 Nov 2025,,2yjb0xaeog0e950d8wt4pj7kk,Anastasios Papapetrou,GNK Dinamo Zagreb,Real Club Celta de Vigo,D. Beljo,0,0,0,1,0,2,0,0,7,0,0,0,0,0,0
71,6 Nov 2025,,2yjb0xaeog0e950d8wt4pj7kk,Anastasios Papapetrou,GNK Dinamo Zagreb,Real Club Celta de Vigo,Gonzalo Villar,0,0,1,1,0,0,0,0,9,0,0,0,0,0,0
71,6 Nov 2025,,2yjb0xaeog0e950d8wt4pj7kk,Anastasios Papapetrou,GNK Dinamo Zagreb,Real Club Celta de Vigo,Pablo Durán,0,1,1,0,1,0,2,0,6,0,0,3,2,0,0
71,6 Nov 2025,,2yjb0xaeog0e950d8wt4pj7kk,Anastasios Papapetrou,GNK Dinamo Zagreb,Real Club Celta de Vigo,Fran Beltrán,0,0,0,0,1,1,0,0,34,0,0,0,0,0,0
71,6 Nov 2025,,2yjb0xaeog0e950d8wt4pj7kk,Anastasios Papapetrou,GNK Dinamo Zagreb,Real Club Celta de Vigo,Javi Rodríguez,0,0,0,0,3,0,0,0,41,0,0,0,0,3,0
71,6 Nov 2025,,2yjb0xaeog0e950d8wt4pj7kk,Anastasios Papapetrou,GNK Dinamo Zagreb,Real Club Celta de Vigo,J. El Abdellaoui,0,0,1,2,0,0,0,1,17,0,0,1,0,0,0
71,6 Nov 2025,,2yjb0xaeog0e950d8wt4pj7kk,Anastasios Papapetrou,GNK Dinamo Zagreb,Real Club Celta de Vigo,Carlos Domínguez,0,0,0,0,2,0,0,0,78,0,0,0,0,4,0
71,6 Nov 2025,,2yjb0xaeog0e950d8wt4pj7kk,Anastasios Papapetrou,GNK Dinamo Zagreb,Real Club Celta de Vigo,Iván Villar,0,0,0,0,0,0,0,0,31,0,5,0,0,0,0
71,6 Nov 2025,,2yjb0xaeog0e950d8wt4pj7kk,Anastasios Papapetrou,GNK Dinamo Zagreb,Real Club Celta de Vigo,Iago Aspas,1,0,0,1,0,1,0,0,45,0,0,1,1,0,0
71,6 Nov 2025,,2yjb0xaeog0e950d8wt4pj7kk,Anastasios Papapetrou,GNK Dinamo Zagreb,Real Club Celta de Vigo,C. Starfelt,0,0,0,0,2,0,0,0,50,0,0,0,0,1,0
71,6 Nov 2025,,2yjb0xaeog0e950d8wt4pj7kk,Anastasios Papapetrou,GNK Dinamo Zagreb,Real Club Celta de Vigo,M. Ristić,0,0,0,0,1,0,0,0,59,0,0,0,0,1,0
71,6 Nov 2025,,2yjb0xaeog0e950d8wt4pj7kk,Anastasios Papapetrou,GNK Dinamo Zagreb,Real Club Celta de Vigo,Bryan Zaragoza,1,0,0,0,0,0,0,1,27,0,0,2,0,0,0
71,6 Nov 2025,,2yjb0xaeog0e950d8wt4pj7kk,Anastasios Papapetrou,GNK Dinamo Zagreb,Real Club Celta de Vigo,Miguel Román,0,0,0,2,1,1,0,1,19,0,0,1,0,1,0
71,6 Nov 2025,,2yjb0xaeog0e950d8wt4pj7kk,Anastasios Papapetrou,GNK Dinamo Zagreb,Real Club Celta de Vigo,Ferran Jutglà,0,0,0,0,0,2,0,0,7,0,0,0,0,1,0
71,6 Nov 2025,,2yjb0xaeog0e950d8wt4pj7kk,Anastasios Papapetrou,GNK Dinamo Zagreb,Real Club Celta de Vigo,Borja Iglesias,0,0,0,0,0,0,0,0,9,0,0,0,0,0,0
71,6 Nov 2025,,2yjb0xaeog0e950d8wt4pj7kk,Anastasios Papapetrou,GNK Dinamo Zagreb,Real Club Celta de Vigo,Damián Rodríguez,0,0,0,0,0,0,0,0,9,0,0,0,0,0,0
71,6 Nov 2025,,2yjb0xaeog0e950d8wt4pj7kk,Anastasios Papapetrou,GNK Dinamo Zagreb,Real Club Celta de Vigo,Yoel Lago,0,0,0,0,1,0,0,0,13,0,0,0,0,0,0
71,6 Nov 2025,,2yjb0xaeog0e950d8wt4pj7kk,Anastasios Papapetrou,GNK Dinamo Zagreb,Real Club Celta de Vigo,Hugo Sotelo,0,0,0,0,0,0,0,0,10,0,0,0,0,0,0
72,6 Nov 2025,,2ywm5fjhgkzru10uhjnivua6s,Nick Walsh,Malmö FF,Panathinaikos FC,S. Hakšabanović,0,0,0,1,1,2,0,0,47,0,0,2,0,0,0
72,6 Nov 2025,,2ywm5fjhgkzru10uhjnivua6s,Nick Walsh,Malmö FF,Panathinaikos FC,M. Ellborg,0,0,0,0,0,0,0,0,33,0,3,0,0,0,0
72,6 Nov 2025,,2ywm5fjhgkzru10uhjnivua6s,Nick Walsh,Malmö FF,Panathinaikos FC,Gabriel Busanello,0,0,0,6,0,1,0,0,56,0,0,0,0,0,0
72,6 Nov 2025,,2ywm5fjhgkzru10uhjnivua6s,Nick Walsh,Malmö FF,Panathinaikos FC,O. Rosengren,0,0,1,1,1,2,0,0,78,0,0,2,1,0,1
72,6 Nov 2025,,2ywm5fjhgkzru10uhjnivua6s,Nick Walsh,Malmö FF,Panathinaikos FC,P. Jansson,0,0,0,0,0,0,0,0,80,0,0,1,1,3,0
72,6 Nov 2025,,2ywm5fjhgkzru10uhjnivua6s,Nick Walsh,Malmö FF,Panathinaikos FC,A. Skogmar,0,0,0,0,1,4,0,0,40,0,0,2,0,3,0
72,6 Nov 2025,,2ywm5fjhgkzru10uhjnivua6s,Nick Walsh,Malmö FF,Panathinaikos FC,H. Bolin,0,1,2,1,1,1,0,0,22,0,0,1,0,0,0
72,6 Nov 2025,,2ywm5fjhgkzru10uhjnivua6s,Nick Walsh,Malmö FF,Panathinaikos FC,K. Busuladžić,0,0,0,0,2,3,0,0,67,0,0,0,0,2,0
72,6 Nov 2025,,2ywm5fjhgkzru10uhjnivua6s,Nick Walsh,Malmö FF,Panathinaikos FC,J. Stryger Larsen,0,0,0,0,1,2,0,1,56,0,0,1,0,0,0
72,6 Nov 2025,,2ywm5fjhgkzru10uhjnivua6s,Nick Walsh,Malmö FF,Panathinaikos FC,A. Đurić,0,0,0,0,1,1,0,0,84,0,0,2,0,0,0
72,6 Nov 2025,,2ywm5fjhgkzru10uhjnivua6s,Nick Walsh,Malmö FF,Panathinaikos FC,E. Ekong,0,0,0,0,0,0,0,1,6,0,0,1,0,0,0
72,6 Nov 2025,,2ywm5fjhgkzru10uhjnivua6s,Nick Walsh,Malmö FF,Panathinaikos FC,O. Berg,0,0,0,1,0,0,0,0,11,0,0,0,0,0,0
72,6 Nov 2025,,2ywm5fjhgkzru10uhjnivua6s,Nick Walsh,Malmö FF,Panathinaikos FC,S. Soumah,0,0,1,1,1,0,0,0,5,0,0,0,0,0,0
72,6 Nov 2025,,2ywm5fjhgkzru10uhjnivua6s,Nick Walsh,Malmö FF,Panathinaikos FC,S. Vecchia,0,0,0,0,2,0,0,0,1,0,0,0,0,0,1
72,6 Nov 2025,,2ywm5fjhgkzru10uhjnivua6s,Nick Walsh,Malmö FF,Panathinaikos FC,O. Lewicki,0,0,0,0,1,0,0,0,3,0,0,0,0,0,0
72,6 Nov 2025,,2ywm5fjhgkzru10uhjnivua6s,Nick Walsh,Malmö FF,Panathinaikos FC,A. Touba,0,0,0,0,0,0,0,0,48,0,0,0,0,0,0
72,6 Nov 2025,,2ywm5fjhgkzru10uhjnivua6s,Nick Walsh,Malmö FF,Panathinaikos FC,M. Siopis,0,0,0,0,4,3,0,0,18,0,0,0,0,1,1
72,6 Nov 2025,,2ywm5fjhgkzru10uhjnivua6s,Nick Walsh,Malmö FF,Panathinaikos FC,Tetê,0,0,0,7,2,0,0,0,29,0,0,4,1,2,1
72,6 Nov 2025,,2ywm5fjhgkzru10uhjnivua6s,Nick Walsh,Malmö FF,Panathinaikos FC,G. Kotsiras,0,0,0,1,1,0,0,0,43,0,0,0,0,4,1
72,6 Nov 2025,,2ywm5fjhgkzru10uhjnivua6s,Nick Walsh,Malmö FF,Panathinaikos FC,G. Kyriakopoulos,0,1,1,3,1,0,0,0,48,0,0,2,1,0,0
72,6 Nov 2025,,2ywm5fjhgkzru10uhjnivua6s,Nick Walsh,Malmö FF,Panathinaikos FC,A. Zaroury,0,1,0,2,1,4,0,0,33,0,0,2,0,1,0
72,6 Nov 2025,,2ywm5fjhgkzru10uhjnivua6s,Nick Walsh,Malmö FF,Panathinaikos FC,Pedro Chirivella,0,0,0,1,3,0,0,0,43,0,0,0,0,4,1
72,6 Nov 2025,,2ywm5fjhgkzru10uhjnivua6s,Nick Walsh,Malmö FF,Panathinaikos FC,E. Palmer-Brown,0,0,1,0,0,1,0,0,52,0,0,0,0,3,0
72,6 Nov 2025,,2ywm5fjhgkzru10uhjnivua6s,Nick Walsh,Malmö FF,Panathinaikos FC,A. Lafont,0,0,0,0,0,0,0,0,27,0,3,0,0,0,0
72,6 Nov 2025,,2ywm5fjhgkzru10uhjnivua6s,Nick Walsh,Malmö FF,Panathinaikos FC,F. Đuričić,0,0,0,0,3,0,1,0,47,0,0,2,1,2,0
72,6 Nov 2025,,2ywm5fjhgkzru10uhjnivua6s,Nick Walsh,Malmö FF,Panathinaikos FC,K. Świderski,0,0,0,0,0,2,0,0,10,0,0,1,1,1,0
72,6 Nov 2025,,2ywm5fjhgkzru10uhjnivua6s,Nick Walsh,Malmö FF,Panathinaikos FC,M. Pantović,0,0,0,0,1,0,0,0,11,0,0,0,0,0,0
72,6 Nov 2025,,2ywm5fjhgkzru10uhjnivua6s,Nick Walsh,Malmö FF,Panathinaikos FC,A. Gnezda Čerin,0,0,0,0,1,0,0,0,23,0,0,0,0,2,0
72,6 Nov 2025,,2ywm5fjhgkzru10uhjnivua6s,Nick Walsh,Malmö FF,Panathinaikos FC,T. Bakasetas,0,0,0,0,0,1,0,0,7,0,0,0,0,1,0
73,6 Nov 2025,,2z9zsjkjwidtsdtdjym6ma51w,Anastasios Sidiropoulos,OGC Nice Côte d'Azur,SC Freiburg,J. Bah,0,0,0,0,1,1,0,0,75,0,0,1,0,1,0
73,6 Nov 2025,,2z9zsjkjwidtsdtdjym6ma51w,Anastasios Sidiropoulos,OGC Nice Côte d'Azur,SC Freiburg,S. Diop,0,0,1,2,0,2,0,0,48,0,0,0,0,1,0
73,6 Nov 2025,,2z9zsjkjwidtsdtdjym6ma51w,Anastasios Sidiropoulos,OGC Nice Côte d'Azur,SC Freiburg,A. Abdi,0,0,0,0,0,1,0,0,12,0,0,0,0,4,0
73,6 Nov 2025,,2z9zsjkjwidtsdtdjym6ma51w,Anastasios Sidiropoulos,OGC Nice Côte d'Azur,SC Freiburg,A. Mendy,0,1,0,0,0,1,0,0,69,0,0,3,0,1,0
73,6 Nov 2025,,2z9zsjkjwidtsdtdjym6ma51w,Anastasios Sidiropoulos,OGC Nice Côte d'Azur,SC Freiburg,Y. Diouf,0,0,0,0,0,0,0,0,37,0,4,0,0,1,0
73,6 Nov 2025,,2z9zsjkjwidtsdtdjym6ma51w,Anastasios Sidiropoulos,OGC Nice Côte d'Azur,SC Freiburg,M. Bard,0,0,0,4,2,3,0,0,57,0,0,0,0,1,0
73,6 Nov 2025,,2z9zsjkjwidtsdtdjym6ma51w,Anastasios Sidiropoulos,OGC Nice Côte d'Azur,SC Freiburg,C. Vanhoutte,1,0,0,0,1,0,0,0,50,0,0,1,1,1,1
73,6 Nov 2025,,2z9zsjkjwidtsdtdjym6ma51w,Anastasios Sidiropoulos,OGC Nice Côte d'Azur,SC Freiburg,J. Boga,0,2,0,6,0,1,0,0,20,0,0,2,0,1,0
73,6 Nov 2025,,2z9zsjkjwidtsdtdjym6ma51w,Anastasios Sidiropoulos,OGC Nice Côte d'Azur,SC Freiburg,Kevin Carlos,0,2,1,0,0,1,1,1,10,0,0,4,2,0,0
73,6 Nov 2025,,2z9zsjkjwidtsdtdjym6ma51w,Anastasios Sidiropoulos,OGC Nice Côte d'Azur,SC Freiburg,S. Abdul Samed,0,0,0,0,0,2,0,0,24,0,0,1,0,1,0
73,6 Nov 2025,,2z9zsjkjwidtsdtdjym6ma51w,Anastasios Sidiropoulos,OGC Nice Côte d'Azur,SC Freiburg,Tiago Gouveia,0,0,0,1,1,1,0,0,21,0,0,1,0,2,0
73,6 Nov 2025,,2z9zsjkjwidtsdtdjym6ma51w,Anastasios Sidiropoulos,OGC Nice Côte d'Azur,SC Freiburg,M. Cho,0,0,1,0,0,0,0,0,12,0,0,2,1,0,0
73,6 Nov 2025,,2z9zsjkjwidtsdtdjym6ma51w,Anastasios Sidiropoulos,OGC Nice Côte d'Azur,SC Freiburg,H. Boudaoui,0,0,0,1,1,1,0,0,18,0,0,1,0,3,0
73,6 Nov 2025,,2z9zsjkjwidtsdtdjym6ma51w,Anastasios Sidiropoulos,OGC Nice Côte d'Azur,SC Freiburg,M. Sanson,0,0,0,1,1,0,0,0,9,0,0,1,0,0,0
73,6 Nov 2025,,2z9zsjkjwidtsdtdjym6ma51w,Anastasios Sidiropoulos,OGC Nice Côte d'Azur,SC Freiburg,T. Louchet,0,0,1,4,0,0,0,0,16,0,0,0,0,0,0
73,6 Nov 2025,,2z9zsjkjwidtsdtdjym6ma51w,Anastasios Sidiropoulos,OGC Nice Côte d'Azur,SC Freiburg,I. Jansson,0,0,1,1,2,0,0,0,7,0,0,0,0,0,0
73,6 Nov 2025,,2z9zsjkjwidtsdtdjym6ma51w,Anastasios Sidiropoulos,OGC Nice Côte d'Azur,SC Freiburg,V. Grifo,0,0,2,6,0,0,1,0,25,0,0,3,2,0,0
73,6 Nov 2025,,2z9zsjkjwidtsdtdjym6ma51w,Anastasios Sidiropoulos,OGC Nice Côte d'Azur,SC Freiburg,N. Atubolu,0,0,0,0,0,0,0,0,38,0,3,0,0,0,0
73,6 Nov 2025,,2z9zsjkjwidtsdtdjym6ma51w,Anastasios Sidiropoulos,OGC Nice Côte d'Azur,SC Freiburg,P. Lienhart,0,0,0,0,1,0,0,0,34,0,0,0,0,3,1
73,6 Nov 2025,,2z9zsjkjwidtsdtdjym6ma51w,Anastasios Sidiropoulos,OGC Nice Côte d'Azur,SC Freiburg,M. Ginter,1,0,0,0,1,1,0,0,40,0,0,0,0,0,0
73,6 Nov 2025,,2z9zsjkjwidtsdtdjym6ma51w,Anastasios Sidiropoulos,OGC Nice Côte d'Azur,SC Freiburg,J. Makengo,0,0,0,1,1,2,0,0,25,0,0,0,0,1,0
73,6 Nov 2025,,2z9zsjkjwidtsdtdjym6ma51w,Anastasios Sidiropoulos,OGC Nice Côte d'Azur,SC Freiburg,M. Eggestein,0,0,0,0,1,0,0,0,34,0,0,1,0,1,0
73,6 Nov 2025,,2z9zsjkjwidtsdtdjym6ma51w,Anastasios Sidiropoulos,OGC Nice Côte d'Azur,SC Freiburg,J. Manzambi,0,1,0,1,0,1,1,0,24,0,0,2,1,5,0
73,6 Nov 2025,,2z9zsjkjwidtsdtdjym6ma51w,Anastasios Sidiropoulos,OGC Nice Côte d'Azur,SC Freiburg,Y. Suzuki,1,1,0,2,1,2,0,0,26,0,0,1,0,3,0
73,6 Nov 2025,,2z9zsjkjwidtsdtdjym6ma51w,Anastasios Sidiropoulos,OGC Nice Côte d'Azur,SC Freiburg,J. Adamu,0,1,0,0,4,1,0,1,17,0,0,1,0,4,0
73,6 Nov 2025,,2z9zsjkjwidtsdtdjym6ma51w,Anastasios Sidiropoulos,OGC Nice Côte d'Azur,SC Freiburg,D. Scherhant,0,2,2,0,0,0,1,0,16,0,0,7,4,2,0
73,6 Nov 2025,,2z9zsjkjwidtsdtdjym6ma51w,Anastasios Sidiropoulos,OGC Nice Côte d'Azur,SC Freiburg,L. Kübler,0,0,0,0,0,0,0,0,22,0,0,1,0,4,1
73,6 Nov 2025,,2z9zsjkjwidtsdtdjym6ma51w,Anastasios Sidiropoulos,OGC Nice Côte d'Azur,SC Freiburg,N. Beste,0,0,0,1,2,0,0,0,4,0,0,0,0,1,0
73,6 Nov 2025,,2z9zsjkjwidtsdtdjym6ma51w,Anastasios Sidiropoulos,OGC Nice Côte d'Azur,SC Freiburg,L. Höler,0,0,0,0,0,2,0,0,7,0,0,0,0,1,0
73,6 Nov 2025,,2z9zsjkjwidtsdtdjym6ma51w,Anastasios Sidiropoulos,OGC Nice Côte d'Azur,SC Freiburg,N. Höfler,0,0,0,0,0,0,0,0,7,0,0,0,0,0,0
73,6 Nov 2025,,2z9zsjkjwidtsdtdjym6ma51w,Anastasios Sidiropoulos,OGC Nice Côte d'Azur,SC Freiburg,M. Rosenfelder,0,0,0,0,0,0,0,0,6,0,0,0,0,0,0
73,6 Nov 2025,,2z9zsjkjwidtsdtdjym6ma51w,Anastasios Sidiropoulos,OGC Nice Côte d'Azur,SC Freiburg,I. Matanović,0,0,0,0,3,0,0,0,4,0,0,0,0,1,0
74,6 Nov 2025,,2znviux3wv2ynkslgul8vvdp0,Mykola Balakin,SK Sturm Graz,Nottingham Forest FC,F. Rózga,0,0,0,1,3,4,0,0,21,0,0,0,0,4,0
74,6 Nov 2025,,2znviux3wv2ynkslgul8vvdp0,Mykola Balakin,SK Sturm Graz,Nottingham Forest FC,E. Karić,0,0,0,0,1,0,0,0,53,0,0,0,0,3,0
74,6 Nov 2025,,2znviux3wv2ynkslgul8vvdp0,Mykola Balakin,SK Sturm Graz,Nottingham Forest FC,J. Hödl,0,0,0,0,4,1,0,0,35,0,0,0,0,3,0
74,6 Nov 2025,,2znviux3wv2ynkslgul8vvdp0,Mykola Balakin,SK Sturm Graz,Nottingham Forest FC,T. Horvat,0,0,0,1,1,1,0,0,24,0,0,1,1,2,0
74,6 Nov 2025,,2znviux3wv2ynkslgul8vvdp0,Mykola Balakin,SK Sturm Graz,Nottingham Forest FC,E. Aiwu,0,0,0,0,1,0,0,0,42,0,0,0,0,0,0
74,6 Nov 2025,,2znviux3wv2ynkslgul8vvdp0,Mykola Balakin,SK Sturm Graz,Nottingham Forest FC,O. Kiteishvili,0,0,0,0,1,2,0,0,35,0,0,1,1,0,0
74,6 Nov 2025,,2znviux3wv2ynkslgul8vvdp0,Mykola Balakin,SK Sturm Graz,Nottingham Forest FC,A. Malić,0,0,0,0,2,0,0,0,25,0,0,0,0,6,0
74,6 Nov 2025,,2znviux3wv2ynkslgul8vvdp0,Mykola Balakin,SK Sturm Graz,Nottingham Forest FC,J. Gorenc Stankovič,0,0,0,0,1,2,0,0,39,0,0,1,0,0,0
74,6 Nov 2025,,2znviux3wv2ynkslgul8vvdp0,Mykola Balakin,SK Sturm Graz,Nottingham Forest FC,N. Geyrhofer,0,0,0,0,0,0,0,0,44,0,0,0,0,1,0
74,6 Nov 2025,,2znviux3wv2ynkslgul8vvdp0,Mykola Balakin,SK Sturm Graz,Nottingham Forest FC,O. Christensen,0,0,0,0,0,0,0,0,35,0,1,0,0,0,0
74,6 Nov 2025,,2znviux3wv2ynkslgul8vvdp0,Mykola Balakin,SK Sturm Graz,Nottingham Forest FC,M. Malone,0,0,0,0,0,1,0,1,10,0,0,0,0,0,0
74,6 Nov 2025,,2znviux3wv2ynkslgul8vvdp0,Mykola Balakin,SK Sturm Graz,Nottingham Forest FC,D. Lavalée,0,0,0,0,0,1,0,0,23,0,0,0,0,2,0
74,6 Nov 2025,,2znviux3wv2ynkslgul8vvdp0,Mykola Balakin,SK Sturm Graz,Nottingham Forest FC,A. Kayombo,0,0,0,0,2,0,0,0,6,0,0,0,0,0,1
74,6 Nov 2025,,2znviux3wv2ynkslgul8vvdp0,Mykola Balakin,SK Sturm Graz,Nottingham Forest FC,S. Jatta,0,0,0,0,1,0,0,1,1,0,0,0,0,0,0
74,6 Nov 2025,,2znviux3wv2ynkslgul8vvdp0,Mykola Balakin,SK Sturm Graz,Nottingham Forest FC,S. Hierländer,0,0,0,0,0,0,0,0,4,0,0,0,0,0,0
74,6 Nov 2025,,2znviux3wv2ynkslgul8vvdp0,Mykola Balakin,SK Sturm Graz,Nottingham Forest FC,J. Mitchell,0,0,0,0,0,0,0,0,3,0,0,0,0,0,0
74,6 Nov 2025,,2znviux3wv2ynkslgul8vvdp0,Mykola Balakin,SK Sturm Graz,Nottingham Forest FC,N. Williams,0,0,1,9,0,3,0,0,43,0,0,0,0,0,0
74,6 Nov 2025,,2znviux3wv2ynkslgul8vvdp0,Mykola Balakin,SK Sturm Graz,Nottingham Forest FC,M. Gibbs-White,0,0,0,0,1,1,0,0,38,0,0,1,1,1,0
74,6 Nov 2025,,2znviux3wv2ynkslgul8vvdp0,Mykola Balakin,SK Sturm Graz,Nottingham Forest FC,I. Sangaré,0,0,0,0,3,0,0,0,76,0,0,1,0,5,0
74,6 Nov 2025,,2znviux3wv2ynkslgul8vvdp0,Mykola Balakin,SK Sturm Graz,Nottingham Forest FC,R. Yates,0,0,0,1,2,3,0,0,48,0,0,2,1,2,1
74,6 Nov 2025,,2znviux3wv2ynkslgul8vvdp0,Mykola Balakin,SK Sturm Graz,Nottingham Forest FC,N. Savona,0,0,0,7,2,2,0,0,52,0,0,0,0,4,0
74,6 Nov 2025,,2znviux3wv2ynkslgul8vvdp0,Mykola Balakin,SK Sturm Graz,Nottingham Forest FC,N. Milenković,0,0,0,0,1,2,0,0,75,0,0,1,0,0,0
74,6 Nov 2025,,2znviux3wv2ynkslgul8vvdp0,Mykola Balakin,SK Sturm Graz,Nottingham Forest FC,Morato,0,0,0,0,0,0,0,0,75,0,0,0,0,4,0
74,6 Nov 2025,,2znviux3wv2ynkslgul8vvdp0,Mykola Balakin,SK Sturm Graz,Nottingham Forest FC,J. McAtee,0,0,0,3,1,0,0,0,30,0,0,1,0,3,0
74,6 Nov 2025,,2znviux3wv2ynkslgul8vvdp0,Mykola Balakin,SK Sturm Graz,Nottingham Forest FC,John Victor,0,0,0,0,0,0,0,0,21,0,2,0,0,0,0
74,6 Nov 2025,,2znviux3wv2ynkslgul8vvdp0,Mykola Balakin,SK Sturm Graz,Nottingham Forest FC,N. Domínguez,0,1,1,1,0,1,0,1,35,0,0,2,0,1,0
74,6 Nov 2025,,2znviux3wv2ynkslgul8vvdp0,Mykola Balakin,SK Sturm Graz,Nottingham Forest FC,A. Kalimuendo,0,1,1,0,2,3,0,1,9,0,0,1,0,0,0
74,6 Nov 2025,,2znviux3wv2ynkslgul8vvdp0,Mykola Balakin,SK Sturm Graz,Nottingham Forest FC,D. Ndoye,0,0,0,0,1,0,0,0,6,0,0,0,0,0,0
74,6 Nov 2025,,2znviux3wv2ynkslgul8vvdp0,Mykola Balakin,SK Sturm Graz,Nottingham Forest FC,Murillo,0,0,0,0,0,0,0,0,16,0,0,0,0,0,0
74,6 Nov 2025,,2znviux3wv2ynkslgul8vvdp0,Mykola Balakin,SK Sturm Graz,Nottingham Forest FC,Z. Abbott,0,0,1,2,0,1,0,0,10,0,0,0,0,1,0
75,6 Nov 2025,,302980c1b8ns45smrpnbueadw,Julian Weinberger,Aston Villa FC,Maccabi Tel Aviv FC,I. Maatsen,0,0,0,2,0,4,1,0,45,0,0,3,2,0,0
75,6 Nov 2025,,302980c1b8ns45smrpnbueadw,Julian Weinberger,Aston Villa FC,Maccabi Tel Aviv FC,A. Onana,0,0,0,0,0,2,0,0,49,0,0,0,0,1,0
75,6 Nov 2025,,302980c1b8ns45smrpnbueadw,Julian Weinberger,Aston Villa FC,Maccabi Tel Aviv FC,M. Rogers,1,1,0,0,0,1,0,0,24,0,0,4,2,0,0
75,6 Nov 2025,,302980c1b8ns45smrpnbueadw,Julian Weinberger,Aston Villa FC,Maccabi Tel Aviv FC,V. Lindelöf,0,0,0,0,2,0,0,0,72,0,0,0,0,2,0
75,6 Nov 2025,,302980c1b8ns45smrpnbueadw,Julian Weinberger,Aston Villa FC,Maccabi Tel Aviv FC,E. Guessand,0,0,0,1,3,2,0,0,15,0,0,0,0,2,0
75,6 Nov 2025,,302980c1b8ns45smrpnbueadw,Julian Weinberger,Aston Villa FC,Maccabi Tel Aviv FC,Pau Torres,0,0,0,0,2,1,0,0,57,0,0,0,0,0,0
75,6 Nov 2025,,302980c1b8ns45smrpnbueadw,Julian Weinberger,Aston Villa FC,Maccabi Tel Aviv FC,E. Konsa,0,0,0,0,1,3,0,0,94,0,0,1,0,2,0
75,6 Nov 2025,,302980c1b8ns45smrpnbueadw,Julian Weinberger,Aston Villa FC,Maccabi Tel Aviv FC,L. Bogarde,0,0,0,0,1,2,0,1,58,0,0,0,0,2,0
75,6 Nov 2025,,302980c1b8ns45smrpnbueadw,Julian Weinberger,Aston Villa FC,Maccabi Tel Aviv FC,D. Malen,0,1,2,0,0,1,1,0,10,0,0,6,4,1,0
75,6 Nov 2025,,302980c1b8ns45smrpnbueadw,Julian Weinberger,Aston Villa FC,Maccabi Tel Aviv FC,E. Martínez,0,0,0,0,0,1,0,0,50,0,3,0,0,0,0
75,6 Nov 2025,,302980c1b8ns45smrpnbueadw,Julian Weinberger,Aston Villa FC,Maccabi Tel Aviv FC,J. Sancho,0,0,0,5,1,0,0,0,25,0,0,0,0,0,0
75,6 Nov 2025,,302980c1b8ns45smrpnbueadw,Julian Weinberger,Aston Villa FC,Maccabi Tel Aviv FC,B. Kamara,0,0,0,0,2,0,0,0,35,0,0,0,0,0,0
75,6 Nov 2025,,302980c1b8ns45smrpnbueadw,Julian Weinberger,Aston Villa FC,Maccabi Tel Aviv FC,Y. Tielemans,0,0,0,1,0,1,0,0,23,0,0,0,0,0,0
75,6 Nov 2025,,302980c1b8ns45smrpnbueadw,Julian Weinberger,Aston Villa FC,Maccabi Tel Aviv FC,J. McGinn,0,0,1,1,0,0,0,1,4,0,0,0,0,0,0
75,6 Nov 2025,,302980c1b8ns45smrpnbueadw,Julian Weinberger,Aston Villa FC,Maccabi Tel Aviv FC,E. Buendía,0,0,0,0,0,0,0,0,12,0,0,0,0,0,0
75,6 Nov 2025,,302980c1b8ns45smrpnbueadw,Julian Weinberger,Aston Villa FC,Maccabi Tel Aviv FC,O. Watkins,0,0,0,0,0,0,0,0,3,0,0,0,0,0,0
75,6 Nov 2025,,302980c1b8ns45smrpnbueadw,Julian Weinberger,Aston Villa FC,Maccabi Tel Aviv FC,D. Peretz,0,0,0,0,0,4,0,0,21,0,0,2,2,1,0
75,6 Nov 2025,,302980c1b8ns45smrpnbueadw,Julian Weinberger,Aston Villa FC,Maccabi Tel Aviv FC,I. Sissokho,0,0,0,0,1,2,0,0,43,0,0,0,0,3,1
75,6 Nov 2025,,302980c1b8ns45smrpnbueadw,Julian Weinberger,Aston Villa FC,Maccabi Tel Aviv FC,R. Shlomo,0,0,0,0,0,0,0,0,45,0,0,0,0,1,0
75,6 Nov 2025,,302980c1b8ns45smrpnbueadw,Julian Weinberger,Aston Villa FC,Maccabi Tel Aviv FC,I. Noy,0,0,0,1,1,0,0,0,9,0,0,0,0,2,1
75,6 Nov 2025,,302980c1b8ns45smrpnbueadw,Julian Weinberger,Aston Villa FC,Maccabi Tel Aviv FC,M. Camara,0,0,0,0,0,0,0,0,7,0,0,0,0,1,0
75,6 Nov 2025,,302980c1b8ns45smrpnbueadw,Julian Weinberger,Aston Villa FC,Maccabi Tel Aviv FC,T. Asante,0,0,0,1,3,0,0,0,30,0,0,0,0,1,0
75,6 Nov 2025,,302980c1b8ns45smrpnbueadw,Julian Weinberger,Aston Villa FC,Maccabi Tel Aviv FC,R. Mishpati,0,0,0,0,0,0,0,0,28,0,6,0,0,0,0
75,6 Nov 2025,,302980c1b8ns45smrpnbueadw,Julian Weinberger,Aston Villa FC,Maccabi Tel Aviv FC,Hélio Varela,0,1,0,1,0,3,0,2,17,0,0,1,0,3,0
75,6 Nov 2025,,302980c1b8ns45smrpnbueadw,Julian Weinberger,Aston Villa FC,Maccabi Tel Aviv FC,R. Revivo,0,0,0,0,3,3,0,0,26,0,0,0,0,0,0
75,6 Nov 2025,,302980c1b8ns45smrpnbueadw,Julian Weinberger,Aston Villa FC,Maccabi Tel Aviv FC,E. Madmon,0,0,0,0,7,0,0,0,11,0,0,1,1,2,0
75,6 Nov 2025,,302980c1b8ns45smrpnbueadw,Julian Weinberger,Aston Villa FC,Maccabi Tel Aviv FC,O. Davida,0,1,1,0,0,0,0,0,9,0,0,1,0,0,0
75,6 Nov 2025,,302980c1b8ns45smrpnbueadw,Julian Weinberger,Aston Villa FC,Maccabi Tel Aviv FC,Heitor,0,0,0,0,0,0,0,0,33,0,0,0,0,0,0
75,6 Nov 2025,,302980c1b8ns45smrpnbueadw,Julian Weinberger,Aston Villa FC,Maccabi Tel Aviv FC,I. Shahar,0,0,0,0,1,0,0,0,8,0,0,0,0,2,0
75,6 Nov 2025,,302980c1b8ns45smrpnbueadw,Julian Weinberger,Aston Villa FC,Maccabi Tel Aviv FC,S. Jehezkel,0,0,0,0,2,0,0,0,1,0,0,1,0,0,0
75,6 Nov 2025,,302980c1b8ns45smrpnbueadw,Julian Weinberger,Aston Villa FC,Maccabi Tel Aviv FC,I. Nicolăescu,0,0,0,0,0,0,0,0,3,0,0,0,0,1,0
75,6 Nov 2025,,302980c1b8ns45smrpnbueadw,Julian Weinberger,Aston Villa FC,Maccabi Tel Aviv FC,K. Andrade,0,0,0,0,0,0,0,0,2,0,0,0,0,0,0
76,6 Nov 2025,,30fj5ydpv1c5awa827icevh1w,Daniel Schlager,Bologna FC 1909,SK Brann,S. Castro,0,0,0,0,1,0,0,0,15,0,0,2,1,0,0
76,6 Nov 2025,,30fj5ydpv1c5awa827icevh1w,Daniel Schlager,Bologna FC 1909,SK Brann,Ł. Skorupski,0,0,0,0,0,0,0,0,48,0,0,0,0,0,0
76,6 Nov 2025,,30fj5ydpv1c5awa827icevh1w,Daniel Schlager,Bologna FC 1909,SK Brann,G. Fabbian,0,0,0,0,1,0,0,0,2,0,0,1,0,0,0
76,6 Nov 2025,,30fj5ydpv1c5awa827icevh1w,Daniel Schlager,Bologna FC 1909,SK Brann,F. Bernardeschi,0,1,3,6,0,1,0,0,26,0,0,2,0,2,0
76,6 Nov 2025,,30fj5ydpv1c5awa827icevh1w,Daniel Schlager,Bologna FC 1909,SK Brann,E. Holm,0,0,0,4,0,1,0,0,30,0,0,1,0,2,0
76,6 Nov 2025,,30fj5ydpv1c5awa827icevh1w,Daniel Schlager,Bologna FC 1909,SK Brann,C. Lykogiannis,0,0,0,4,2,0,0,0,12,1,0,0,0,0,0
76,6 Nov 2025,,30fj5ydpv1c5awa827icevh1w,Daniel Schlager,Bologna FC 1909,SK Brann,N. Cambiaghi,0,1,3,5,0,4,0,0,21,0,0,2,0,0,0
76,6 Nov 2025,,30fj5ydpv1c5awa827icevh1w,Daniel Schlager,Bologna FC 1909,SK Brann,L. Ferguson,0,1,1,2,2,1,0,0,67,0,0,2,1,1,1
76,6 Nov 2025,,30fj5ydpv1c5awa827icevh1w,Daniel Schlager,Bologna FC 1909,SK Brann,N. Moro,0,0,0,0,0,3,0,0,50,0,0,1,0,0,0
76,6 Nov 2025,,30fj5ydpv1c5awa827icevh1w,Daniel Schlager,Bologna FC 1909,SK Brann,T. Heggem,0,2,0,0,0,0,0,0,45,0,0,2,0,1,0
76,6 Nov 2025,,30fj5ydpv1c5awa827icevh1w,Daniel Schlager,Bologna FC 1909,SK Brann,J. Lucumí,0,0,1,2,0,3,0,1,61,0,0,1,1,2,0
76,6 Nov 2025,,30fj5ydpv1c5awa827icevh1w,Daniel Schlager,Bologna FC 1909,SK Brann,Juan Miranda,0,0,2,14,0,0,0,0,48,0,0,0,0,1,1
76,6 Nov 2025,,30fj5ydpv1c5awa827icevh1w,Daniel Schlager,Bologna FC 1909,SK Brann,J. Odgaard,0,2,1,2,0,0,0,0,7,0,0,2,0,0,0
76,6 Nov 2025,,30fj5ydpv1c5awa827icevh1w,Daniel Schlager,Bologna FC 1909,SK Brann,R. Orsolini,0,0,0,1,0,1,0,2,2,0,0,0,0,0,0
76,6 Nov 2025,,30fj5ydpv1c5awa827icevh1w,Daniel Schlager,Bologna FC 1909,SK Brann,T. Pobega,0,0,0,0,0,0,0,0,7,0,0,0,0,0,0
76,6 Nov 2025,,30fj5ydpv1c5awa827icevh1w,Daniel Schlager,Bologna FC 1909,SK Brann,T. Dallinga,0,0,0,1,0,0,0,0,3,0,0,0,0,0,0
76,6 Nov 2025,,30fj5ydpv1c5awa827icevh1w,Daniel Schlager,Bologna FC 1909,SK Brann,E. Helland,0,0,0,0,0,0,0,0,58,0,0,0,0,1,1
76,6 Nov 2025,,30fj5ydpv1c5awa827icevh1w,Daniel Schlager,Bologna FC 1909,SK Brann,V. Dragsnes,0,0,0,1,1,0,0,0,32,0,0,1,0,3,0
76,6 Nov 2025,,30fj5ydpv1c5awa827icevh1w,Daniel Schlager,Bologna FC 1909,SK Brann,E. Guðmundsson,0,1,1,1,0,0,0,0,23,0,0,2,0,2,0
76,6 Nov 2025,,30fj5ydpv1c5awa827icevh1w,Daniel Schlager,Bologna FC 1909,SK Brann,J. Sery Larsen,0,0,0,0,0,0,0,0,53,0,0,0,0,2,0
76,6 Nov 2025,,30fj5ydpv1c5awa827icevh1w,Daniel Schlager,Bologna FC 1909,SK Brann,D. De Roeve,0,0,0,1,2,0,0,2,34,0,0,0,0,1,0
76,6 Nov 2025,,30fj5ydpv1c5awa827icevh1w,Daniel Schlager,Bologna FC 1909,SK Brann,M. Dyngeland,0,0,0,0,0,0,0,0,47,0,4,0,0,0,0
76,6 Nov 2025,,30fj5ydpv1c5awa827icevh1w,Daniel Schlager,Bologna FC 1909,SK Brann,J. Sørensen,0,0,0,0,0,0,0,0,58,0,0,1,0,3,0
76,6 Nov 2025,,30fj5ydpv1c5awa827icevh1w,Daniel Schlager,Bologna FC 1909,SK Brann,E. Kornvig,0,1,1,1,4,3,0,0,27,0,0,1,0,1,0
76,6 Nov 2025,,30fj5ydpv1c5awa827icevh1w,Daniel Schlager,Bologna FC 1909,SK Brann,U. Mathisen,0,0,0,0,2,0,0,0,9,0,0,1,0,0,0
76,6 Nov 2025,,30fj5ydpv1c5awa827icevh1w,Daniel Schlager,Bologna FC 1909,SK Brann,B. Finne,0,1,0,3,1,0,0,1,7,0,0,1,0,0,0
76,6 Nov 2025,,30fj5ydpv1c5awa827icevh1w,Daniel Schlager,Bologna FC 1909,SK Brann,M. Haaland,0,1,0,1,1,0,0,1,7,0,0,1,0,2,0
76,6 Nov 2025,,30fj5ydpv1c5awa827icevh1w,Daniel Schlager,Bologna FC 1909,SK Brann,M. Hansen,0,0,0,1,0,1,0,0,12,0,0,0,0,1,0
76,6 Nov 2025,,30fj5ydpv1c5awa827icevh1w,Daniel Schlager,Bologna FC 1909,SK Brann,N. Castro,0,0,1,3,1,0,0,0,12,0,0,0,0,0,0
76,6 Nov 2025,,30fj5ydpv1c5awa827icevh1w,Daniel Schlager,Bologna FC 1909,SK Brann,J. Lægreid,0,0,0,0,1,0,0,0,3,0,0,1,0,0,0
76,6 Nov 2025,,30fj5ydpv1c5awa827icevh1w,Daniel Schlager,Bologna FC 1909,SK Brann,T. Pedersen,0,0,0,1,1,0,0,0,6,0,0,0,0,2,1
77,6 Nov 2025,,30sydfjx7xh1nmu8ksws885jo,Allard Lindhout,FC Viktoria Plzeň,Fenerbahçe Spor Kulübü,L. Červ,0,1,0,0,1,2,0,0,25,0,0,1,0,0,0
77,6 Nov 2025,,30sydfjx7xh1nmu8ksws885jo,Allard Lindhout,FC Viktoria Plzeň,Fenerbahçe Spor Kulübü,J. Paluska,0,1,0,2,1,0,0,0,18,0,0,3,1,0,0
77,6 Nov 2025,,30sydfjx7xh1nmu8ksws885jo,Allard Lindhout,FC Viktoria Plzeň,Fenerbahçe Spor Kulübü,A. Memić,0,1,2,2,0,1,0,0,16,0,0,1,0,0,0
77,6 Nov 2025,,30sydfjx7xh1nmu8ksws885jo,Allard Lindhout,FC Viktoria Plzeň,Fenerbahçe Spor Kulübü,S. Dweh,0,0,0,0,1,1,0,0,29,0,0,3,1,4,0
77,6 Nov 2025,,30sydfjx7xh1nmu8ksws885jo,Allard Lindhout,FC Viktoria Plzeň,Fenerbahçe Spor Kulübü,M. Valenta,0,0,0,1,1,0,0,0,21,0,0,1,0,1,1
77,6 Nov 2025,,30sydfjx7xh1nmu8ksws885jo,Allard Lindhout,FC Viktoria Plzeň,Fenerbahçe Spor Kulübü,R. Durosinmi,0,1,1,0,2,0,0,0,20,0,0,2,1,0,0
77,6 Nov 2025,,30sydfjx7xh1nmu8ksws885jo,Allard Lindhout,FC Viktoria Plzeň,Fenerbahçe Spor Kulübü,M. Jedlička,0,0,0,0,0,0,0,0,27,0,4,0,0,0,0
77,6 Nov 2025,,30sydfjx7xh1nmu8ksws885jo,Allard Lindhout,FC Viktoria Plzeň,Fenerbahçe Spor Kulübü,T. Ladra,0,0,1,1,1,1,0,0,23,0,0,2,1,0,0
77,6 Nov 2025,,30sydfjx7xh1nmu8ksws885jo,Allard Lindhout,FC Viktoria Plzeň,Fenerbahçe Spor Kulübü,C. Souaré,0,0,4,12,0,0,0,0,31,0,0,0,0,0,0
77,6 Nov 2025,,30sydfjx7xh1nmu8ksws885jo,Allard Lindhout,FC Viktoria Plzeň,Fenerbahçe Spor Kulübü,V. Jemelka,0,0,0,1,1,0,0,0,23,0,0,0,0,3,0
77,6 Nov 2025,,30sydfjx7xh1nmu8ksws885jo,Allard Lindhout,FC Viktoria Plzeň,Fenerbahçe Spor Kulübü,P. Adu,0,0,0,5,3,0,0,1,26,0,0,2,1,2,1
77,6 Nov 2025,,30sydfjx7xh1nmu8ksws885jo,Allard Lindhout,FC Viktoria Plzeň,Fenerbahçe Spor Kulübü,D. Višinský,0,1,2,0,0,0,0,0,8,0,0,3,1,0,0
77,6 Nov 2025,,30sydfjx7xh1nmu8ksws885jo,Allard Lindhout,FC Viktoria Plzeň,Fenerbahçe Spor Kulübü,A. Zeljković,0,0,1,1,0,1,0,0,3,0,0,0,0,2,0
77,6 Nov 2025,,30sydfjx7xh1nmu8ksws885jo,Allard Lindhout,FC Viktoria Plzeň,Fenerbahçe Spor Kulübü,M. Havel,0,0,0,1,0,0,0,0,6,0,0,0,0,0,0
77,6 Nov 2025,,30sydfjx7xh1nmu8ksws885jo,Allard Lindhout,FC Viktoria Plzeň,Fenerbahçe Spor Kulübü,S. Marković,0,0,0,0,0,0,0,0,1,0,0,0,0,0,1
77,6 Nov 2025,,30sydfjx7xh1nmu8ksws885jo,Allard Lindhout,FC Viktoria Plzeň,Fenerbahçe Spor Kulübü,Talisca,0,1,1,0,1,3,0,0,32,0,0,3,1,1,0
77,6 Nov 2025,,30sydfjx7xh1nmu8ksws885jo,Allard Lindhout,FC Viktoria Plzeň,Fenerbahçe Spor Kulübü,Y. En-Nesyri,0,0,0,1,0,0,0,0,13,0,0,1,1,0,0
77,6 Nov 2025,,30sydfjx7xh1nmu8ksws885jo,Allard Lindhout,FC Viktoria Plzeň,Fenerbahçe Spor Kulübü,Ederson,0,0,0,0,0,0,0,0,51,0,6,0,0,0,0
77,6 Nov 2025,,30sydfjx7xh1nmu8ksws885jo,Allard Lindhout,FC Viktoria Plzeň,Fenerbahçe Spor Kulübü,J. Oosterwolde,0,0,0,1,1,0,0,0,41,0,0,0,0,2,1
77,6 Nov 2025,,30sydfjx7xh1nmu8ksws885jo,Allard Lindhout,FC Viktoria Plzeň,Fenerbahçe Spor Kulübü,A. Brown,0,0,0,1,0,0,0,0,38,0,0,0,0,4,0
77,6 Nov 2025,,30sydfjx7xh1nmu8ksws885jo,Allard Lindhout,FC Viktoria Plzeň,Fenerbahçe Spor Kulübü,İ. Yüksek,0,0,0,0,1,2,0,0,19,0,0,1,0,3,1
77,6 Nov 2025,,30sydfjx7xh1nmu8ksws885jo,Allard Lindhout,FC Viktoria Plzeň,Fenerbahçe Spor Kulübü,E. Álvarez,0,0,1,0,1,1,0,0,51,0,0,0,0,5,1
77,6 Nov 2025,,30sydfjx7xh1nmu8ksws885jo,Allard Lindhout,FC Viktoria Plzeň,Fenerbahçe Spor Kulübü,M. Škriniar,0,0,0,0,0,2,0,0,56,0,0,0,0,8,0
77,6 Nov 2025,,30sydfjx7xh1nmu8ksws885jo,Allard Lindhout,FC Viktoria Plzeň,Fenerbahçe Spor Kulübü,O. Aydın,0,0,0,0,1,0,0,0,21,0,0,0,0,0,0
77,6 Nov 2025,,30sydfjx7xh1nmu8ksws885jo,Allard Lindhout,FC Viktoria Plzeň,Fenerbahçe Spor Kulübü,S. Szymański,0,0,0,3,1,2,0,0,20,0,0,0,0,0,0
77,6 Nov 2025,,30sydfjx7xh1nmu8ksws885jo,Allard Lindhout,FC Viktoria Plzeň,Fenerbahçe Spor Kulübü,Nélson Semedo,0,0,0,1,0,0,0,0,43,0,0,1,0,3,0
77,6 Nov 2025,,30sydfjx7xh1nmu8ksws885jo,Allard Lindhout,FC Viktoria Plzeň,Fenerbahçe Spor Kulübü,Marco Asensio,0,0,0,2,0,0,0,0,20,0,0,0,0,0,0
77,6 Nov 2025,,30sydfjx7xh1nmu8ksws885jo,Allard Lindhout,FC Viktoria Plzeň,Fenerbahçe Spor Kulübü,J. Durán,0,0,0,0,1,0,0,0,9,0,0,2,2,0,1
77,6 Nov 2025,,30sydfjx7xh1nmu8ksws885jo,Allard Lindhout,FC Viktoria Plzeň,Fenerbahçe Spor Kulübü,Fred,0,0,0,1,0,0,0,0,28,0,0,1,0,0,1
77,6 Nov 2025,,30sydfjx7xh1nmu8ksws885jo,Allard Lindhout,FC Viktoria Plzeň,Fenerbahçe Spor Kulübü,D. Nene,0,0,0,0,0,0,0,0,5,0,0,1,0,1,0
78,6 Nov 2025,,316d4lqvmkoznx676xevpgy6s,Mohammed Al Hakim,Ferencvárosi TC,PFK Ludogorets 1945 Razgrad,G. Szalai,0,0,0,1,0,0,0,0,61,0,0,0,0,1,0
78,6 Nov 2025,,316d4lqvmkoznx676xevpgy6s,Mohammed Al Hakim,Ferencvárosi TC,PFK Ludogorets 1945 Razgrad,D. Dibusz,0,0,0,0,0,0,0,0,22,0,1,0,0,0,0
78,6 Nov 2025,,316d4lqvmkoznx676xevpgy6s,Mohammed Al Hakim,Ferencvárosi TC,PFK Ludogorets 1945 Razgrad,T. Raemaekers,0,1,1,0,1,1,0,0,55,0,0,1,0,1,0
78,6 Nov 2025,,316d4lqvmkoznx676xevpgy6s,Mohammed Al Hakim,Ferencvárosi TC,PFK Ludogorets 1945 Razgrad,I. Cissé,0,0,0,1,0,2,0,0,52,0,0,0,0,3,0
78,6 Nov 2025,,316d4lqvmkoznx676xevpgy6s,Mohammed Al Hakim,Ferencvárosi TC,PFK Ludogorets 1945 Razgrad,N. Keïta,0,1,0,0,2,0,0,0,35,0,0,3,0,3,1
78,6 Nov 2025,,316d4lqvmkoznx676xevpgy6s,Mohammed Al Hakim,Ferencvárosi TC,PFK Ludogorets 1945 Razgrad,G. Kanichowsky,0,1,1,7,1,0,1,1,40,0,0,3,1,2,0
78,6 Nov 2025,,316d4lqvmkoznx676xevpgy6s,Mohammed Al Hakim,Ferencvárosi TC,PFK Ludogorets 1945 Razgrad,Č. Makreckis,0,0,0,4,0,1,0,0,33,0,0,2,2,1,0
78,6 Nov 2025,,316d4lqvmkoznx676xevpgy6s,Mohammed Al Hakim,Ferencvárosi TC,PFK Ludogorets 1945 Razgrad,A. Pešić,0,1,1,2,1,2,0,1,14,0,0,3,0,0,0
78,6 Nov 2025,,316d4lqvmkoznx676xevpgy6s,Mohammed Al Hakim,Ferencvárosi TC,PFK Ludogorets 1945 Razgrad,Cadu,0,0,1,4,2,0,1,0,29,0,0,1,1,4,0
78,6 Nov 2025,,316d4lqvmkoznx676xevpgy6s,Mohammed Al Hakim,Ferencvárosi TC,PFK Ludogorets 1945 Razgrad,B. Yusuf,2,0,2,1,1,1,0,1,6,0,0,3,2,0,1
78,6 Nov 2025,,316d4lqvmkoznx676xevpgy6s,Mohammed Al Hakim,Ferencvárosi TC,PFK Ludogorets 1945 Razgrad,K. Zachariassen,0,1,0,2,2,1,0,0,16,0,0,2,0,1,0
78,6 Nov 2025,,316d4lqvmkoznx676xevpgy6s,Mohammed Al Hakim,Ferencvárosi TC,PFK Ludogorets 1945 Razgrad,A. Tóth,1,0,0,2,2,1,0,0,25,0,0,0,0,0,0
78,6 Nov 2025,,316d4lqvmkoznx676xevpgy6s,Mohammed Al Hakim,Ferencvárosi TC,PFK Ludogorets 1945 Razgrad,L. Joseph,0,0,0,0,1,0,1,0,5,0,0,1,1,0,0
78,6 Nov 2025,,316d4lqvmkoznx676xevpgy6s,Mohammed Al Hakim,Ferencvárosi TC,PFK Ludogorets 1945 Razgrad,Júlio Romão,0,0,0,0,0,0,0,0,18,0,0,0,0,1,0
78,6 Nov 2025,,316d4lqvmkoznx676xevpgy6s,Mohammed Al Hakim,Ferencvárosi TC,PFK Ludogorets 1945 Razgrad,B. Ötvös,0,0,1,1,0,0,0,0,5,0,0,0,0,0,0
78,6 Nov 2025,,316d4lqvmkoznx676xevpgy6s,Mohammed Al Hakim,Ferencvárosi TC,PFK Ludogorets 1945 Razgrad,B. Varga,0,0,0,0,0,0,0,0,7,0,0,0,0,0,0
78,6 Nov 2025,,316d4lqvmkoznx676xevpgy6s,Mohammed Al Hakim,Ferencvárosi TC,PFK Ludogorets 1945 Razgrad,P. Stanić,0,1,2,7,1,3,0,0,45,0,0,2,0,1,0
78,6 Nov 2025,,316d4lqvmkoznx676xevpgy6s,Mohammed Al Hakim,Ferencvárosi TC,PFK Ludogorets 1945 Razgrad,Dinis Almeida,0,0,0,0,1,0,0,0,37,0,0,0,0,0,1
78,6 Nov 2025,,316d4lqvmkoznx676xevpgy6s,Mohammed Al Hakim,Ferencvárosi TC,PFK Ludogorets 1945 Razgrad,F. Kaloč,0,0,0,0,0,0,0,0,13,0,0,0,0,0,0
78,6 Nov 2025,,316d4lqvmkoznx676xevpgy6s,Mohammed Al Hakim,Ferencvárosi TC,PFK Ludogorets 1945 Razgrad,Pedro Naressi,0,0,0,1,1,3,0,0,34,0,0,0,0,2,0
78,6 Nov 2025,,316d4lqvmkoznx676xevpgy6s,Mohammed Al Hakim,Ferencvárosi TC,PFK Ludogorets 1945 Razgrad,Caio Vidal,0,0,0,1,0,1,0,0,29,0,0,2,1,4,0
78,6 Nov 2025,,316d4lqvmkoznx676xevpgy6s,Mohammed Al Hakim,Ferencvárosi TC,PFK Ludogorets 1945 Razgrad,A. Nedyalkov,0,0,0,3,2,0,0,0,36,0,0,1,0,0,0
78,6 Nov 2025,,316d4lqvmkoznx676xevpgy6s,Mohammed Al Hakim,Ferencvárosi TC,PFK Ludogorets 1945 Razgrad,Deroy Duarte,0,0,0,0,1,1,0,0,25,0,0,1,0,2,0
78,6 Nov 2025,,316d4lqvmkoznx676xevpgy6s,Mohammed Al Hakim,Ferencvárosi TC,PFK Ludogorets 1945 Razgrad,S. Padt,0,0,0,0,0,0,0,0,28,0,4,0,0,0,0
78,6 Nov 2025,,316d4lqvmkoznx676xevpgy6s,Mohammed Al Hakim,Ferencvárosi TC,PFK Ludogorets 1945 Razgrad,Son,0,1,0,2,0,0,1,0,69,0,0,2,1,0,0
78,6 Nov 2025,,316d4lqvmkoznx676xevpgy6s,Mohammed Al Hakim,Ferencvárosi TC,PFK Ludogorets 1945 Razgrad,Erick Marcus,0,1,1,3,1,1,0,0,30,0,0,2,0,1,1
78,6 Nov 2025,,316d4lqvmkoznx676xevpgy6s,Mohammed Al Hakim,Ferencvárosi TC,PFK Ludogorets 1945 Razgrad,O. Verdon,0,0,0,1,1,1,0,0,51,0,0,1,0,2,1
78,6 Nov 2025,,316d4lqvmkoznx676xevpgy6s,Mohammed Al Hakim,Ferencvárosi TC,PFK Ludogorets 1945 Razgrad,E. Bille,0,2,2,0,1,1,0,1,8,0,0,3,0,0,0
78,6 Nov 2025,,316d4lqvmkoznx676xevpgy6s,Mohammed Al Hakim,Ferencvárosi TC,PFK Ludogorets 1945 Razgrad,I. Chochev,0,0,0,0,0,1,0,0,19,0,0,0,0,0,0
78,6 Nov 2025,,316d4lqvmkoznx676xevpgy6s,Mohammed Al Hakim,Ferencvárosi TC,PFK Ludogorets 1945 Razgrad,I. Yordanov,0,0,0,0,0,1,0,0,11,0,0,0,0,0,0
78,6 Nov 2025,,316d4lqvmkoznx676xevpgy6s,Mohammed Al Hakim,Ferencvárosi TC,PFK Ludogorets 1945 Razgrad,S. Ivanov,1,0,0,0,0,0,0,0,9,0,0,0,0,0,0
78,6 Nov 2025,,316d4lqvmkoznx676xevpgy6s,Mohammed Al Hakim,Ferencvárosi TC,PFK Ludogorets 1945 Razgrad,Matheus Machado,0,0,0,0,0,0,0,0,2,0,0,0,0,1,0
79,6 Nov 2025,,31jqkml44wvatftseillengno,Srđan Jovanović,PAOK Thessaloniki FC,BSC Young Boys,G. Konstantelias,0,0,0,0,0,2,1,0,41,0,0,2,2,3,0
79,6 Nov 2025,,31jqkml44wvatftseillengno,Srđan Jovanović,PAOK Thessaloniki FC,BSC Young Boys,S. Meïté,0,0,0,0,1,1,0,0,51,0,0,2,0,4,0
79,6 Nov 2025,,31jqkml44wvatftseillengno,Srđan Jovanović,PAOK Thessaloniki FC,BSC Young Boys,A. Baba,1,0,0,2,0,0,1,0,52,0,0,2,1,1,0
79,6 Nov 2025,,31jqkml44wvatftseillengno,Srđan Jovanović,PAOK Thessaloniki FC,BSC Young Boys,G. Michailidis,0,0,0,1,2,0,0,0,95,0,0,1,0,0,0
79,6 Nov 2025,,31jqkml44wvatftseillengno,Srđan Jovanović,PAOK Thessaloniki FC,BSC Young Boys,A. Vogliacco,0,0,0,0,1,1,0,0,88,0,0,2,0,0,1
79,6 Nov 2025,,31jqkml44wvatftseillengno,Srđan Jovanović,PAOK Thessaloniki FC,BSC Young Boys,J. Kenny,1,0,1,6,1,0,0,0,55,0,0,3,1,1,0
79,6 Nov 2025,,31jqkml44wvatftseillengno,Srđan Jovanović,PAOK Thessaloniki FC,BSC Young Boys,K. Despodov,0,0,3,5,1,0,0,0,19,0,0,3,2,0,0
79,6 Nov 2025,,31jqkml44wvatftseillengno,Srđan Jovanović,PAOK Thessaloniki FC,BSC Young Boys,G. Giakoumakis,0,1,1,0,1,2,1,2,10,0,0,3,1,1,0
79,6 Nov 2025,,31jqkml44wvatftseillengno,Srđan Jovanović,PAOK Thessaloniki FC,BSC Young Boys,Taison,0,0,0,0,0,1,0,0,43,0,0,0,0,2,0
79,6 Nov 2025,,31jqkml44wvatftseillengno,Srđan Jovanović,PAOK Thessaloniki FC,BSC Young Boys,A. Bianco,0,0,0,1,2,2,1,0,33,0,0,1,1,2,0
79,6 Nov 2025,,31jqkml44wvatftseillengno,Srđan Jovanović,PAOK Thessaloniki FC,BSC Young Boys,A. Tsiftsis,0,0,0,0,0,0,0,0,13,0,1,0,0,0,0
79,6 Nov 2025,,31jqkml44wvatftseillengno,Srđan Jovanović,PAOK Thessaloniki FC,BSC Young Boys,A. Živković,1,0,2,1,0,0,0,0,16,0,0,2,2,3,0
79,6 Nov 2025,,31jqkml44wvatftseillengno,Srđan Jovanović,PAOK Thessaloniki FC,BSC Young Boys,M. Ozdoev,1,0,0,0,0,0,0,0,26,0,0,1,0,2,0
79,6 Nov 2025,,31jqkml44wvatftseillengno,Srđan Jovanović,PAOK Thessaloniki FC,BSC Young Boys,L. Ivanušec,0,0,0,1,0,0,0,0,10,0,0,0,0,0,0
79,6 Nov 2025,,31jqkml44wvatftseillengno,Srđan Jovanović,PAOK Thessaloniki FC,BSC Young Boys,D. Pelkas,0,0,0,0,0,0,0,0,9,0,0,0,0,0,0
79,6 Nov 2025,,31jqkml44wvatftseillengno,Srđan Jovanović,PAOK Thessaloniki FC,BSC Young Boys,F. Chalov,0,1,0,0,1,0,0,0,4,0,0,1,0,0,0
79,6 Nov 2025,,31jqkml44wvatftseillengno,Srđan Jovanović,PAOK Thessaloniki FC,BSC Young Boys,A. Mythou,0,0,0,0,0,0,0,0,0,0,0,0,0,0,0
79,6 Nov 2025,,31jqkml44wvatftseillengno,Srđan Jovanović,PAOK Thessaloniki FC,BSC Young Boys,A. Virginius,0,0,0,0,1,1,0,0,9,0,0,0,0,0,0
79,6 Nov 2025,,31jqkml44wvatftseillengno,Srđan Jovanović,PAOK Thessaloniki FC,BSC Young Boys,S. Córdova,0,1,0,0,2,3,0,2,19,0,0,2,1,1,0
79,6 Nov 2025,,31jqkml44wvatftseillengno,Srđan Jovanović,PAOK Thessaloniki FC,BSC Young Boys,A. Gigović,0,0,0,0,1,0,0,0,4,1,0,0,0,3,0
79,6 Nov 2025,,31jqkml44wvatftseillengno,Srđan Jovanović,PAOK Thessaloniki FC,BSC Young Boys,R. Raveloson,0,0,0,0,0,1,0,0,38,0,0,1,0,2,1
79,6 Nov 2025,,31jqkml44wvatftseillengno,Srđan Jovanović,PAOK Thessaloniki FC,BSC Young Boys,T. Zoukrou,0,0,0,0,2,1,0,0,40,0,0,1,0,1,0
79,6 Nov 2025,,31jqkml44wvatftseillengno,Srđan Jovanović,PAOK Thessaloniki FC,BSC Young Boys,M. Keller,0,0,0,0,0,0,0,0,48,0,6,0,0,0,0
79,6 Nov 2025,,31jqkml44wvatftseillengno,Srđan Jovanović,PAOK Thessaloniki FC,BSC Young Boys,S. Lauper,0,0,0,0,0,0,0,0,31,0,0,0,0,2,0
79,6 Nov 2025,,31jqkml44wvatftseillengno,Srđan Jovanović,PAOK Thessaloniki FC,BSC Young Boys,S. Janko,0,0,0,2,1,1,0,0,21,0,0,1,0,0,1
79,6 Nov 2025,,31jqkml44wvatftseillengno,Srđan Jovanović,PAOK Thessaloniki FC,BSC Young Boys,C. Fassnacht,0,0,0,0,0,0,0,0,16,0,0,0,0,0,0
79,6 Nov 2025,,31jqkml44wvatftseillengno,Srđan Jovanović,PAOK Thessaloniki FC,BSC Young Boys,A. Sanches,0,2,0,0,1,1,0,0,27,0,0,2,0,1,0
79,6 Nov 2025,,31jqkml44wvatftseillengno,Srđan Jovanović,PAOK Thessaloniki FC,BSC Young Boys,J. Hadjam,0,0,0,3,1,1,0,0,27,0,0,0,0,2,1
79,6 Nov 2025,,31jqkml44wvatftseillengno,Srđan Jovanović,PAOK Thessaloniki FC,BSC Young Boys,J. Monteiro,0,0,0,1,0,0,0,0,6,0,0,0,0,0,0
79,6 Nov 2025,,31jqkml44wvatftseillengno,Srđan Jovanović,PAOK Thessaloniki FC,BSC Young Boys,D. Pech,0,0,0,0,0,0,0,0,6,0,0,0,0,0,0
79,6 Nov 2025,,31jqkml44wvatftseillengno,Srđan Jovanović,PAOK Thessaloniki FC,BSC Young Boys,C. Bedia,0,0,0,0,1,1,0,0,1,0,0,0,0,0,0
79,6 Nov 2025,,31jqkml44wvatftseillengno,Srđan Jovanović,PAOK Thessaloniki FC,BSC Young Boys,E. Colley,0,0,0,0,0,0,0,0,7,0,0,0,0,0,0
79,6 Nov 2025,,31jqkml44wvatftseillengno,Srđan Jovanović,PAOK Thessaloniki FC,BSC Young Boys,R. Andrews,0,0,0,0,0,0,0,0,2,0,0,0,0,0,0
80,6 Nov 2025,,31x4nz197jxswqczfdoi4jms4,Morten Krogh,Rangers FC,AS Roma,N. Djiga,0,0,0,0,0,3,0,0,56,0,0,0,0,1,0
80,6 Nov 2025,,31x4nz197jxswqczfdoi4jms4,Morten Krogh,Rangers FC,AS Roma,J. Meghoma,0,0,0,0,1,0,0,0,14,0,0,0,0,0,0
80,6 Nov 2025,,31x4nz197jxswqczfdoi4jms4,Morten Krogh,Rangers FC,AS Roma,J. Tavernier,0,0,0,3,0,1,0,0,51,0,0,0,0,2,0
80,6 Nov 2025,,31x4nz197jxswqczfdoi4jms4,Morten Krogh,Rangers FC,AS Roma,J. Butland,0,0,0,0,0,0,0,0,38,0,1,0,0,0,0
80,6 Nov 2025,,31x4nz197jxswqczfdoi4jms4,Morten Krogh,Rangers FC,AS Roma,Youssef Chermiti,0,1,1,0,1,1,0,1,12,0,0,4,1,0,0
80,6 Nov 2025,,31x4nz197jxswqczfdoi4jms4,Morten Krogh,Rangers FC,AS Roma,M. Aarons,0,0,0,0,0,0,0,1,37,0,0,0,0,1,0
80,6 Nov 2025,,31x4nz197jxswqczfdoi4jms4,Morten Krogh,Rangers FC,AS Roma,J. Souttar,0,0,0,0,0,2,0,0,54,0,0,0,0,0,0
80,6 Nov 2025,,31x4nz197jxswqczfdoi4jms4,Morten Krogh,Rangers FC,AS Roma,N. Raskin,0,0,0,0,1,0,0,0,28,0,0,1,0,2,0
80,6 Nov 2025,,31x4nz197jxswqczfdoi4jms4,Morten Krogh,Rangers FC,AS Roma,M. Moore,0,1,0,1,1,2,0,0,17,0,0,2,0,1,0
80,6 Nov 2025,,31x4nz197jxswqczfdoi4jms4,Morten Krogh,Rangers FC,AS Roma,C. Barron,0,0,1,2,3,0,0,0,33,0,0,0,0,2,0
80,6 Nov 2025,,31x4nz197jxswqczfdoi4jms4,Morten Krogh,Rangers FC,AS Roma,D. Gassama,0,0,0,2,0,4,0,0,6,0,0,0,0,0,0
80,6 Nov 2025,,31x4nz197jxswqczfdoi4jms4,Morten Krogh,Rangers FC,AS Roma,T. Aasgaard,0,0,0,1,1,1,0,0,13,0,0,1,0,0,0
80,6 Nov 2025,,31x4nz197jxswqczfdoi4jms4,Morten Krogh,Rangers FC,AS Roma,Danilo,0,0,0,0,0,0,0,0,7,0,0,2,1,0,0
80,6 Nov 2025,,31x4nz197jxswqczfdoi4jms4,Morten Krogh,Rangers FC,AS Roma,M. Diomandé,0,0,0,0,0,1,0,0,14,0,0,0,0,1,0
80,6 Nov 2025,,31x4nz197jxswqczfdoi4jms4,Morten Krogh,Rangers FC,AS Roma,B. Miovski,0,0,0,0,1,0,0,0,3,0,0,1,0,0,0
80,6 Nov 2025,,31x4nz197jxswqczfdoi4jms4,Morten Krogh,Rangers FC,AS Roma,F. Curtis,0,0,0,0,2,2,0,0,2,0,0,0,0,0,0
80,6 Nov 2025,,31x4nz197jxswqczfdoi4jms4,Morten Krogh,Rangers FC,AS Roma,A. Dovbyk,1,1,1,0,2,0,0,1,19,0,0,1,0,1,0
80,6 Nov 2025,,31x4nz197jxswqczfdoi4jms4,Morten Krogh,Rangers FC,AS Roma,N. El Aynaoui,0,0,0,4,1,0,0,0,50,0,0,0,0,3,0
80,6 Nov 2025,,31x4nz197jxswqczfdoi4jms4,Morten Krogh,Rangers FC,AS Roma,Hermoso,0,1,0,0,4,1,0,0,81,0,0,2,0,2,0
80,6 Nov 2025,,31x4nz197jxswqczfdoi4jms4,Morten Krogh,Rangers FC,AS Roma,G. Mancini,0,0,0,1,2,1,0,1,62,0,0,0,0,1,0
80,6 Nov 2025,,31x4nz197jxswqczfdoi4jms4,Morten Krogh,Rangers FC,AS Roma,Z. Çelik,0,0,1,3,0,1,0,0,37,0,0,1,0,2,0
80,6 Nov 2025,,31x4nz197jxswqczfdoi4jms4,Morten Krogh,Rangers FC,AS Roma,E. Ndicka,0,0,0,0,2,2,0,0,66,0,0,0,0,1,0
80,6 Nov 2025,,31x4nz197jxswqczfdoi4jms4,Morten Krogh,Rangers FC,AS Roma,M. Svilar,0,0,0,0,0,0,0,0,30,0,2,0,0,0,0
80,6 Nov 2025,,31x4nz197jxswqczfdoi4jms4,Morten Krogh,Rangers FC,AS Roma,L. Pellegrini,0,0,1,6,3,0,1,0,30,0,0,1,1,2,0
80,6 Nov 2025,,31x4nz197jxswqczfdoi4jms4,Morten Krogh,Rangers FC,AS Roma,B. Cristante,1,1,0,0,0,1,0,0,70,0,0,3,0,6,0
80,6 Nov 2025,,31x4nz197jxswqczfdoi4jms4,Morten Krogh,Rangers FC,AS Roma,K. Tsimikas,0,0,0,2,0,0,0,0,34,0,0,1,0,4,0
80,6 Nov 2025,,31x4nz197jxswqczfdoi4jms4,Morten Krogh,Rangers FC,AS Roma,M. Soulé,0,0,2,0,1,3,1,0,39,0,0,3,2,2,0
80,6 Nov 2025,,31x4nz197jxswqczfdoi4jms4,Morten Krogh,Rangers FC,AS Roma,M. Koné,0,1,0,0,0,0,0,0,21,0,0,1,0,0,0
80,6 Nov 2025,,31x4nz197jxswqczfdoi4jms4,Morten Krogh,Rangers FC,AS Roma,S. El Shaarawy,0,0,1,0,0,0,0,1,12,0,0,1,0,0,0
80,6 Nov 2025,,31x4nz197jxswqczfdoi4jms4,Morten Krogh,Rangers FC,AS Roma,D. Rensch,0,0,0,0,1,0,0,0,17,0,0,0,0,0,0
80,6 Nov 2025,,31x4nz197jxswqczfdoi4jms4,Morten Krogh,Rangers FC,AS Roma,Wesley,0,0,0,3,1,2,0,0,12,0,0,0,0,1,0
80,6 Nov 2025,,31x4nz197jxswqczfdoi4jms4,Morten Krogh,Rangers FC,AS Roma,N. Pisilli,0,0,0,0,0,0,0,0,3,0,0,0,0,0,0
22,25 Sep 2025,,2fyeoh98jlp4cnqexjkhuwbv8,Jesús Gil Manzano,Aston Villa FC,Bologna FC 1909,M. Cash,0,0,0,1,3,1,0,0,22,0,0,1,0,2,1
22,25 Sep 2025,,2fyeoh98jlp4cnqexjkhuwbv8,Jesús Gil Manzano,Aston Villa FC,Bologna FC 1909,B. Kamara,0,0,0,0,1,2,0,0,41,0,0,0,0,5,0
22,25 Sep 2025,,2fyeoh98jlp4cnqexjkhuwbv8,Jesús Gil Manzano,Aston Villa FC,Bologna FC 1909,E. Buendía,0,0,2,5,1,1,0,0,17,0,0,1,0,0,0
22,25 Sep 2025,,2fyeoh98jlp4cnqexjkhuwbv8,Jesús Gil Manzano,Aston Villa FC,Bologna FC 1909,M. Rogers,0,0,1,1,0,3,0,1,24,0,0,1,0,1,0
22,25 Sep 2025,,2fyeoh98jlp4cnqexjkhuwbv8,Jesús Gil Manzano,Aston Villa FC,Bologna FC 1909,Pau Torres,0,0,0,0,0,0,0,0,55,0,0,0,0,2,0
22,25 Sep 2025,,2fyeoh98jlp4cnqexjkhuwbv8,Jesús Gil Manzano,Aston Villa FC,Bologna FC 1909,E. Konsa,0,0,0,0,3,2,0,0,45,0,0,0,0,0,0
22,25 Sep 2025,,2fyeoh98jlp4cnqexjkhuwbv8,Jesús Gil Manzano,Aston Villa FC,Bologna FC 1909,J. McGinn,0,0,1,5,2,1,1,0,29,0,0,1,1,0,1
22,25 Sep 2025,,2fyeoh98jlp4cnqexjkhuwbv8,Jesús Gil Manzano,Aston Villa FC,Bologna FC 1909,M. Bizot,0,0,0,0,0,0,0,0,46,0,7,0,0,0,0
22,25 Sep 2025,,2fyeoh98jlp4cnqexjkhuwbv8,Jesús Gil Manzano,Aston Villa FC,Bologna FC 1909,I. Maatsen,0,1,1,1,0,0,0,0,23,0,0,1,0,3,0
22,25 Sep 2025,,2fyeoh98jlp4cnqexjkhuwbv8,Jesús Gil Manzano,Aston Villa FC,Bologna FC 1909,D. Malen,0,0,1,0,0,1,0,1,7,0,0,1,1,1,0
22,25 Sep 2025,,2fyeoh98jlp4cnqexjkhuwbv8,Jesús Gil Manzano,Aston Villa FC,Bologna FC 1909,E. Guessand,0,0,1,0,2,1,0,0,9,0,0,1,1,1,0
22,25 Sep 2025,,2fyeoh98jlp4cnqexjkhuwbv8,Jesús Gil Manzano,Aston Villa FC,Bologna FC 1909,J. Sancho,0,0,0,0,2,0,0,0,12,0,0,1,0,0,0
22,25 Sep 2025,,2fyeoh98jlp4cnqexjkhuwbv8,Jesús Gil Manzano,Aston Villa FC,Bologna FC 1909,O. Watkins,0,1,1,0,0,2,0,0,3,0,0,3,1,0,0
22,25 Sep 2025,,2fyeoh98jlp4cnqexjkhuwbv8,Jesús Gil Manzano,Aston Villa FC,Bologna FC 1909,L. Digne,0,1,0,1,2,0,0,0,5,0,0,1,0,1,0
22,25 Sep 2025,,2fyeoh98jlp4cnqexjkhuwbv8,Jesús Gil Manzano,Aston Villa FC,Bologna FC 1909,L. Ferguson,0,2,0,0,0,0,0,0,42,0,0,3,0,0,0
22,25 Sep 2025,,2fyeoh98jlp4cnqexjkhuwbv8,Jesús Gil Manzano,Aston Villa FC,Bologna FC 1909,Ł. Skorupski,0,0,0,0,0,0,0,0,33,0,3,0,0,2,0
22,25 Sep 2025,,2fyeoh98jlp4cnqexjkhuwbv8,Jesús Gil Manzano,Aston Villa FC,Bologna FC 1909,C. Lykogiannis,0,0,1,8,1,2,0,0,27,0,0,0,0,3,0
22,25 Sep 2025,,2fyeoh98jlp4cnqexjkhuwbv8,Jesús Gil Manzano,Aston Villa FC,Bologna FC 1909,N. Cambiaghi,0,0,1,4,1,3,0,1,18,0,0,1,0,2,0
22,25 Sep 2025,,2fyeoh98jlp4cnqexjkhuwbv8,Jesús Gil Manzano,Aston Villa FC,Bologna FC 1909,J. Odgaard,0,0,0,2,4,3,0,0,13,0,0,1,1,0,0
22,25 Sep 2025,,2fyeoh98jlp4cnqexjkhuwbv8,Jesús Gil Manzano,Aston Villa FC,Bologna FC 1909,S. Castro,0,0,0,1,0,3,0,2,14,0,0,2,0,3,0
22,25 Sep 2025,,2fyeoh98jlp4cnqexjkhuwbv8,Jesús Gil Manzano,Aston Villa FC,Bologna FC 1909,N. Zortea,0,0,0,1,2,0,0,2,21,0,0,1,0,1,0
22,25 Sep 2025,,2fyeoh98jlp4cnqexjkhuwbv8,Jesús Gil Manzano,Aston Villa FC,Bologna FC 1909,R. Freuler,0,1,1,4,2,2,0,0,64,0,0,1,0,8,0
22,25 Sep 2025,,2fyeoh98jlp4cnqexjkhuwbv8,Jesús Gil Manzano,Aston Villa FC,Bologna FC 1909,J. Lucumí,0,0,0,0,1,1,0,1,56,0,0,1,0,2,1
22,25 Sep 2025,,2fyeoh98jlp4cnqexjkhuwbv8,Jesús Gil Manzano,Aston Villa FC,Bologna FC 1909,M. Vitík,0,0,0,0,3,0,0,0,35,0,0,2,2,3,1
22,25 Sep 2025,,2fyeoh98jlp4cnqexjkhuwbv8,Jesús Gil Manzano,Aston Villa FC,Bologna FC 1909,F. Bernardeschi,0,0,0,3,0,0,0,1,22,0,0,3,2,3,0
22,25 Sep 2025,,2fyeoh98jlp4cnqexjkhuwbv8,Jesús Gil Manzano,Aston Villa FC,Bologna FC 1909,R. Orsolini,0,0,0,1,0,1,0,1,4,0,0,0,0,0,0
22,25 Sep 2025,,2fyeoh98jlp4cnqexjkhuwbv8,Jesús Gil Manzano,Aston Villa FC,Bologna FC 1909,J. Rowe,0,0,0,2,0,0,0,0,12,0,0,0,0,0,0
22,25 Sep 2025,,2fyeoh98jlp4cnqexjkhuwbv8,Jesús Gil Manzano,Aston Villa FC,Bologna FC 1909,E. Holm,0,0,0,0,0,1,0,1,8,0,0,1,1,0,0
22,25 Sep 2025,,2fyeoh98jlp4cnqexjkhuwbv8,Jesús Gil Manzano,Aston Villa FC,Bologna FC 1909,G. Fabbian,0,0,0,0,0,0,0,0,3,0,0,0,0,1,0
22,25 Sep 2025,,2fyeoh98jlp4cnqexjkhuwbv8,Jesús Gil Manzano,Aston Villa FC,Bologna FC 1909,T. Dallinga,0,0,0,0,0,0,0,0,1,0,0,1,1,0,0
23,25 Sep 2025,,2gekdkofcj9m2yubl3jd658us,Ricardo De Burgos Bengoetxea,BSC Young Boys,Panathinaikos FC,J. Hadjam,0,1,0,5,0,1,0,0,39,0,0,5,1,1,0
23,25 Sep 2025,,2gekdkofcj9m2yubl3jd658us,Ricardo De Burgos Bengoetxea,BSC Young Boys,Panathinaikos FC,J. Monteiro,0,0,1,1,2,0,0,0,20,0,0,2,0,4,0
23,25 Sep 2025,,2gekdkofcj9m2yubl3jd658us,Ricardo De Burgos Bengoetxea,BSC Young Boys,Panathinaikos FC,C. Fassnacht,0,2,1,0,2,0,0,0,14,0,0,3,0,2,0
23,25 Sep 2025,,2gekdkofcj9m2yubl3jd658us,Ricardo De Burgos Bengoetxea,BSC Young Boys,Panathinaikos FC,C. Bedia,0,0,0,0,0,0,0,0,13,0,0,1,0,0,0
23,25 Sep 2025,,2gekdkofcj9m2yubl3jd658us,Ricardo De Burgos Bengoetxea,BSC Young Boys,Panathinaikos FC,T. Zoukrou,0,0,0,0,0,1,0,0,76,0,0,0,0,1,0
23,25 Sep 2025,,2gekdkofcj9m2yubl3jd658us,Ricardo De Burgos Bengoetxea,BSC Young Boys,Panathinaikos FC,M. Keller,0,0,0,0,0,0,0,0,38,0,2,0,0,0,0
23,25 Sep 2025,,2gekdkofcj9m2yubl3jd658us,Ricardo De Burgos Bengoetxea,BSC Young Boys,Panathinaikos FC,L. Benito,0,0,0,1,2,0,0,1,91,0,0,0,0,0,0
23,25 Sep 2025,,2gekdkofcj9m2yubl3jd658us,Ricardo De Burgos Bengoetxea,BSC Young Boys,Panathinaikos FC,E. Fernandes,0,0,1,10,1,0,0,0,60,0,0,1,0,0,0
23,25 Sep 2025,,2gekdkofcj9m2yubl3jd658us,Ricardo De Burgos Bengoetxea,BSC Young Boys,Panathinaikos FC,S. Janko,0,0,5,7,0,0,1,0,43,0,0,1,1,0,0
23,25 Sep 2025,,2gekdkofcj9m2yubl3jd658us,Ricardo De Burgos Bengoetxea,BSC Young Boys,Panathinaikos FC,D. Males,1,0,0,2,1,1,0,2,32,0,0,3,1,3,0
23,25 Sep 2025,,2gekdkofcj9m2yubl3jd658us,Ricardo De Burgos Bengoetxea,BSC Young Boys,Panathinaikos FC,A. Gigović,0,0,0,0,3,1,0,0,27,0,0,1,0,0,0
23,25 Sep 2025,,2gekdkofcj9m2yubl3jd658us,Ricardo De Burgos Bengoetxea,BSC Young Boys,Panathinaikos FC,E. Colley,0,0,0,0,0,1,0,0,8,0,0,1,0,0,0
23,25 Sep 2025,,2gekdkofcj9m2yubl3jd658us,Ricardo De Burgos Bengoetxea,BSC Young Boys,Panathinaikos FC,S. Córdova,0,0,0,0,1,0,0,0,4,0,0,0,0,0,1
23,25 Sep 2025,,2gekdkofcj9m2yubl3jd658us,Ricardo De Burgos Bengoetxea,BSC Young Boys,Panathinaikos FC,R. Raveloson,0,0,0,0,0,0,0,0,13,0,0,0,0,0,0
23,25 Sep 2025,,2gekdkofcj9m2yubl3jd658us,Ricardo De Burgos Bengoetxea,BSC Young Boys,Panathinaikos FC,R. Andrews,0,0,1,2,1,0,0,0,4,0,0,0,0,0,0
23,25 Sep 2025,,2gekdkofcj9m2yubl3jd658us,Ricardo De Burgos Bengoetxea,BSC Young Boys,Panathinaikos FC,D. Pech,0,1,0,1,1,0,0,0,4,0,0,1,0,1,0
23,25 Sep 2025,,2gekdkofcj9m2yubl3jd658us,Ricardo De Burgos Bengoetxea,BSC Young Boys,Panathinaikos FC,K. Świderski,0,1,0,0,2,1,1,1,15,0,0,4,1,0,0
23,25 Sep 2025,,2gekdkofcj9m2yubl3jd658us,Ricardo De Burgos Bengoetxea,BSC Young Boys,Panathinaikos FC,M. Siopis,0,0,0,0,1,4,0,0,30,0,0,0,0,4,0
23,25 Sep 2025,,2gekdkofcj9m2yubl3jd658us,Ricardo De Burgos Bengoetxea,BSC Young Boys,Panathinaikos FC,A. Touba,0,0,0,0,0,1,0,0,38,0,0,0,0,1,0
23,25 Sep 2025,,2gekdkofcj9m2yubl3jd658us,Ricardo De Burgos Bengoetxea,BSC Young Boys,Panathinaikos FC,A. Lafont,0,0,0,0,0,0,0,0,33,0,2,0,0,0,0
23,25 Sep 2025,,2gekdkofcj9m2yubl3jd658us,Ricardo De Burgos Bengoetxea,BSC Young Boys,Panathinaikos FC,G. Kotsiras,1,0,1,4,1,1,0,0,35,0,0,1,0,3,0
23,25 Sep 2025,,2gekdkofcj9m2yubl3jd658us,Ricardo De Burgos Bengoetxea,BSC Young Boys,Panathinaikos FC,S. Ingason,0,0,0,0,1,0,0,0,34,0,0,0,0,0,0
23,25 Sep 2025,,2gekdkofcj9m2yubl3jd658us,Ricardo De Burgos Bengoetxea,BSC Young Boys,Panathinaikos FC,Renato Sanches,0,0,0,1,0,3,0,0,40,0,0,1,0,1,0
23,25 Sep 2025,,2gekdkofcj9m2yubl3jd658us,Ricardo De Burgos Bengoetxea,BSC Young Boys,Panathinaikos FC,T. Bakasetas,0,0,0,3,0,2,0,0,34,0,0,3,2,1,0
23,25 Sep 2025,,2gekdkofcj9m2yubl3jd658us,Ricardo De Burgos Bengoetxea,BSC Young Boys,Panathinaikos FC,Tetê,1,0,0,1,0,0,0,0,16,0,0,3,0,3,0
23,25 Sep 2025,,2gekdkofcj9m2yubl3jd658us,Ricardo De Burgos Bengoetxea,BSC Young Boys,Panathinaikos FC,F. Mladenović,0,0,1,4,1,1,0,0,20,0,0,0,0,0,0
23,25 Sep 2025,,2gekdkofcj9m2yubl3jd658us,Ricardo De Burgos Bengoetxea,BSC Young Boys,Panathinaikos FC,A. Zaroury,0,1,2,2,0,1,3,0,14,0,0,5,3,1,0
23,25 Sep 2025,,2gekdkofcj9m2yubl3jd658us,Ricardo De Burgos Bengoetxea,BSC Young Boys,Panathinaikos FC,G. Kyriakopoulos,0,0,0,0,0,0,0,0,14,0,0,1,0,2,0
23,25 Sep 2025,,2gekdkofcj9m2yubl3jd658us,Ricardo De Burgos Bengoetxea,BSC Young Boys,Panathinaikos FC,C. Dessers,0,0,0,0,0,0,0,1,2,0,0,0,0,0,0
23,25 Sep 2025,,2gekdkofcj9m2yubl3jd658us,Ricardo De Burgos Bengoetxea,BSC Young Boys,Panathinaikos FC,Pedro Chirivella,0,0,0,0,0,0,0,0,14,0,0,0,0,2,0
23,25 Sep 2025,,2gekdkofcj9m2yubl3jd658us,Ricardo De Burgos Bengoetxea,BSC Young Boys,Panathinaikos FC,D. Calabria,0,0,0,0,0,0,0,0,3,0,0,0,0,0,0
23,25 Sep 2025,,2gekdkofcj9m2yubl3jd658us,Ricardo De Burgos Bengoetxea,BSC Young Boys,Panathinaikos FC,V. Taborda,0,0,0,1,0,0,0,0,4,0,0,0,0,0,0
24,25 Sep 2025,,2gusht21oyh4igon8vkynlt78,Vassilios Fotias,FC Salzburg,FC Porto,M. Bidstrup,0,0,0,1,1,0,0,0,34,0,0,1,1,4,0
24,25 Sep 2025,,2gusht21oyh4igon8vkynlt78,Vassilios Fotias,FC Salzburg,FC Porto,E. Baidoo,0,1,1,2,0,2,0,1,15,0,0,1,0,0,0
24,25 Sep 2025,,2gusht21oyh4igon8vkynlt78,Vassilios Fotias,FC Salzburg,FC Porto,M. Yeo,0,0,0,0,1,0,0,1,21,0,0,0,0,3,1
24,25 Sep 2025,,2gusht21oyh4igon8vkynlt78,Vassilios Fotias,FC Salzburg,FC Porto,P. Ratkov,0,0,0,0,1,2,0,0,10,0,0,1,1,1,0
24,25 Sep 2025,,2gusht21oyh4igon8vkynlt78,Vassilios Fotias,FC Salzburg,FC Porto,A. Terzić,0,1,1,3,0,0,0,0,42,0,0,1,0,2,0
24,25 Sep 2025,,2gusht21oyh4igon8vkynlt78,Vassilios Fotias,FC Salzburg,FC Porto,S. Diabaté,0,2,0,0,1,0,0,0,36,0,0,2,0,5,0
24,25 Sep 2025,,2gusht21oyh4igon8vkynlt78,Vassilios Fotias,FC Salzburg,FC Porto,J. Rasmussen,0,0,0,0,2,0,0,0,41,0,0,0,0,0,1
24,25 Sep 2025,,2gusht21oyh4igon8vkynlt78,Vassilios Fotias,FC Salzburg,FC Porto,A. Schlager,0,0,0,0,0,0,0,0,39,0,2,0,0,0,0
24,25 Sep 2025,,2gusht21oyh4igon8vkynlt78,Vassilios Fotias,FC Salzburg,FC Porto,J. Gadou,0,0,0,0,1,0,0,0,50,0,0,0,0,2,0
24,25 Sep 2025,,2gusht21oyh4igon8vkynlt78,Vassilios Fotias,FC Salzburg,FC Porto,S. Lainer,0,0,0,2,1,0,0,0,31,0,0,2,1,0,0
24,25 Sep 2025,,2gusht21oyh4igon8vkynlt78,Vassilios Fotias,FC Salzburg,FC Porto,K. Alajbegović,0,2,0,1,1,1,0,0,20,0,0,5,0,1,0
24,25 Sep 2025,,2gusht21oyh4igon8vkynlt78,Vassilios Fotias,FC Salzburg,FC Porto,Y. Vertessen,0,0,0,0,4,1,0,0,7,0,0,1,0,2,1
24,25 Sep 2025,,2gusht21oyh4igon8vkynlt78,Vassilios Fotias,FC Salzburg,FC Porto,K. Onisiwo,0,0,0,0,1,1,0,0,8,0,0,1,1,0,0
24,25 Sep 2025,,2gusht21oyh4igon8vkynlt78,Vassilios Fotias,FC Salzburg,FC Porto,M. Kjærgaard,0,0,0,1,0,0,0,0,2,0,0,0,0,1,1
24,25 Sep 2025,,2gusht21oyh4igon8vkynlt78,Vassilios Fotias,FC Salzburg,FC Porto,S. Kitano,0,0,0,1,0,0,0,0,7,0,0,0,0,0,0
24,25 Sep 2025,,2gusht21oyh4igon8vkynlt78,Vassilios Fotias,FC Salzburg,FC Porto,L. Gourna-Douath,0,0,0,0,0,0,0,0,1,0,0,0,0,0,0
24,25 Sep 2025,,2gusht21oyh4igon8vkynlt78,Vassilios Fotias,FC Salzburg,FC Porto,V. Froholdt,0,1,2,2,1,2,0,0,21,0,0,2,0,0,0
24,25 Sep 2025,,2gusht21oyh4igon8vkynlt78,Vassilios Fotias,FC Salzburg,FC Porto,A. Varela,0,0,0,0,2,1,0,0,29,0,0,0,0,5,0
24,25 Sep 2025,,2gusht21oyh4igon8vkynlt78,Vassilios Fotias,FC Salzburg,FC Porto,Gabri Veiga,0,0,0,5,0,0,0,0,14,0,0,2,1,0,0
24,25 Sep 2025,,2gusht21oyh4igon8vkynlt78,Vassilios Fotias,FC Salzburg,FC Porto,Z. Sanusi,0,0,1,1,0,1,0,0,41,0,0,0,0,1,0
24,25 Sep 2025,,2gusht21oyh4igon8vkynlt78,Vassilios Fotias,FC Salzburg,FC Porto,J. Kiwior,0,0,0,0,0,0,0,0,101,0,0,0,0,2,0
24,25 Sep 2025,,2gusht21oyh4igon8vkynlt78,Vassilios Fotias,FC Salzburg,FC Porto,Borja Sainz,0,1,0,2,0,2,0,2,34,0,0,2,0,0,0
24,25 Sep 2025,,2gusht21oyh4igon8vkynlt78,Vassilios Fotias,FC Salzburg,FC Porto,P. Rosario,0,0,0,1,0,1,0,0,37,0,0,0,0,3,0
24,25 Sep 2025,,2gusht21oyh4igon8vkynlt78,Vassilios Fotias,FC Salzburg,FC Porto,J. Bednarek,0,1,0,0,2,0,0,0,86,0,0,3,0,0,0
24,25 Sep 2025,,2gusht21oyh4igon8vkynlt78,Vassilios Fotias,FC Salzburg,FC Porto,Pepê,0,0,1,2,0,1,0,0,20,0,0,1,1,0,0
24,25 Sep 2025,,2gusht21oyh4igon8vkynlt78,Vassilios Fotias,FC Salzburg,FC Porto,Diogo Costa,0,0,0,0,0,0,0,0,27,0,3,0,0,0,0
24,25 Sep 2025,,2gusht21oyh4igon8vkynlt78,Vassilios Fotias,FC Salzburg,FC Porto,Samu Aghehowa,0,0,0,0,1,3,0,0,12,0,0,1,0,0,0
24,25 Sep 2025,,2gusht21oyh4igon8vkynlt78,Vassilios Fotias,FC Salzburg,FC Porto,Martim Fernandes,1,0,1,0,2,1,0,0,17,0,0,0,0,1,0
24,25 Sep 2025,,2gusht21oyh4igon8vkynlt78,Vassilios Fotias,FC Salzburg,FC Porto,Francisco Moura,0,0,1,2,0,0,0,0,17,0,0,0,0,1,0
24,25 Sep 2025,,2gusht21oyh4igon8vkynlt78,Vassilios Fotias,FC Salzburg,FC Porto,William,0,1,2,3,0,0,1,0,8,0,0,2,1,0,1
24,25 Sep 2025,,2gusht21oyh4igon8vkynlt78,Vassilios Fotias,FC Salzburg,FC Porto,Rodrigo Mora,0,0,0,3,0,1,0,0,14,0,0,1,0,0,0
24,25 Sep 2025,,2gusht21oyh4igon8vkynlt78,Vassilios Fotias,FC Salzburg,FC Porto,D. Gül,0,0,0,0,0,1,0,0,2,0,0,1,0,0,0
25,25 Sep 2025,,2haxzs0bej7mc6ex2ldu99lhw,Horațiu Mircea Feșnic,FC Utrecht,Olympique Lyonnais,N. Vesterlund,0,0,0,1,2,1,0,0,11,0,0,0,0,1,0
25,25 Sep 2025,,2haxzs0bej7mc6ex2ldu99lhw,Horațiu Mircea Feșnic,FC Utrecht,Olympique Lyonnais,Miguel Rodríguez,0,0,1,2,3,7,0,1,13,0,0,2,1,1,0
25,25 Sep 2025,,2haxzs0bej7mc6ex2ldu99lhw,Horațiu Mircea Feșnic,FC Utrecht,Olympique Lyonnais,S. Haller,0,0,0,0,2,1,0,0,26,0,0,2,1,0,0
25,25 Sep 2025,,2haxzs0bej7mc6ex2ldu99lhw,Horațiu Mircea Feșnic,FC Utrecht,Olympique Lyonnais,G. Zechiël,0,0,0,1,2,1,0,0,38,0,0,1,0,0,0
25,25 Sep 2025,,2haxzs0bej7mc6ex2ldu99lhw,Horațiu Mircea Feșnic,FC Utrecht,Olympique Lyonnais,A. Engwanda,0,0,0,0,2,0,0,0,23,0,0,0,0,3,1
25,25 Sep 2025,,2haxzs0bej7mc6ex2ldu99lhw,Horațiu Mircea Feșnic,FC Utrecht,Olympique Lyonnais,S. Horemans,0,0,0,2,1,0,0,0,27,0,0,0,0,1,0
25,25 Sep 2025,,2haxzs0bej7mc6ex2ldu99lhw,Horațiu Mircea Feșnic,FC Utrecht,Olympique Lyonnais,N. Viergever,0,0,0,0,0,0,0,0,32,0,0,1,0,3,0
25,25 Sep 2025,,2haxzs0bej7mc6ex2ldu99lhw,Horațiu Mircea Feșnic,FC Utrecht,Olympique Lyonnais,V. Barkas,0,0,0,0,0,0,0,0,39,0,3,0,0,0,0
25,25 Sep 2025,,2haxzs0bej7mc6ex2ldu99lhw,Horațiu Mircea Feșnic,FC Utrecht,Olympique Lyonnais,D. Murkin,0,0,0,1,0,1,0,0,16,0,0,0,0,2,0
25,25 Sep 2025,,2haxzs0bej7mc6ex2ldu99lhw,Horațiu Mircea Feșnic,FC Utrecht,Olympique Lyonnais,S. El Karouani,0,1,1,10,3,1,0,0,26,0,0,2,0,1,1
25,25 Sep 2025,,2haxzs0bej7mc6ex2ldu99lhw,Horațiu Mircea Feșnic,FC Utrecht,Olympique Lyonnais,M. van der Hoorn,0,1,1,0,1,1,0,0,27,0,0,3,0,0,0
25,25 Sep 2025,,2haxzs0bej7mc6ex2ldu99lhw,Horațiu Mircea Feșnic,FC Utrecht,Olympique Lyonnais,D. Min,0,0,0,0,1,0,0,0,10,0,0,0,0,0,0
25,25 Sep 2025,,2haxzs0bej7mc6ex2ldu99lhw,Horațiu Mircea Feșnic,FC Utrecht,Olympique Lyonnais,A. Blake,0,0,1,3,2,0,0,0,3,0,0,0,0,0,0
25,25 Sep 2025,,2haxzs0bej7mc6ex2ldu99lhw,Horațiu Mircea Feșnic,FC Utrecht,Olympique Lyonnais,M. Eerdhuijzen,0,0,0,0,0,0,0,0,8,0,0,0,0,0,0
25,25 Sep 2025,,2haxzs0bej7mc6ex2ldu99lhw,Horațiu Mircea Feșnic,FC Utrecht,Olympique Lyonnais,M. Satriano,0,1,0,0,2,0,0,1,22,0,0,2,0,1,0
25,25 Sep 2025,,2haxzs0bej7mc6ex2ldu99lhw,Horațiu Mircea Feșnic,FC Utrecht,Olympique Lyonnais,T. Morton,0,0,0,3,1,1,0,0,48,0,0,0,0,0,0
25,25 Sep 2025,,2haxzs0bej7mc6ex2ldu99lhw,Horațiu Mircea Feșnic,FC Utrecht,Olympique Lyonnais,Clinton Mata,0,0,0,0,1,0,0,0,66,0,0,0,0,0,1
25,25 Sep 2025,,2haxzs0bej7mc6ex2ldu99lhw,Horațiu Mircea Feșnic,FC Utrecht,Olympique Lyonnais,D. Greif,0,0,0,0,0,0,0,0,40,0,2,0,0,0,0
25,25 Sep 2025,,2haxzs0bej7mc6ex2ldu99lhw,Horațiu Mircea Feșnic,FC Utrecht,Olympique Lyonnais,M. Niakhaté,0,0,0,0,2,1,0,0,91,0,0,1,0,0,0
25,25 Sep 2025,,2haxzs0bej7mc6ex2ldu99lhw,Horațiu Mircea Feșnic,FC Utrecht,Olympique Lyonnais,N. Tagliafico,0,1,1,1,1,3,0,0,39,0,0,2,0,2,0
25,25 Sep 2025,,2haxzs0bej7mc6ex2ldu99lhw,Horațiu Mircea Feșnic,FC Utrecht,Olympique Lyonnais,M. de Carvalho,0,0,0,1,2,7,0,0,55,0,0,0,0,2,0
25,25 Sep 2025,,2haxzs0bej7mc6ex2ldu99lhw,Horațiu Mircea Feșnic,FC Utrecht,Olympique Lyonnais,M. Fofana,0,1,0,4,0,1,0,1,13,0,0,1,0,0,0
25,25 Sep 2025,,2haxzs0bej7mc6ex2ldu99lhw,Horațiu Mircea Feșnic,FC Utrecht,Olympique Lyonnais,R. Kluivert,0,0,1,0,0,1,0,0,44,0,0,1,1,1,0
25,25 Sep 2025,,2haxzs0bej7mc6ex2ldu99lhw,Horațiu Mircea Feșnic,FC Utrecht,Olympique Lyonnais,A. Karabec,0,0,0,2,1,2,0,1,13,0,0,1,0,1,0
25,25 Sep 2025,,2haxzs0bej7mc6ex2ldu99lhw,Horațiu Mircea Feșnic,FC Utrecht,Olympique Lyonnais,P. Šulc,0,0,2,1,3,2,0,0,27,0,0,0,0,2,1
25,25 Sep 2025,,2haxzs0bej7mc6ex2ldu99lhw,Horațiu Mircea Feșnic,FC Utrecht,Olympique Lyonnais,R. Ghezzal,1,0,0,1,0,0,0,0,6,0,0,0,0,0,0
25,25 Sep 2025,,2haxzs0bej7mc6ex2ldu99lhw,Horațiu Mircea Feșnic,FC Utrecht,Olympique Lyonnais,T. Tessmann,0,0,0,0,0,0,1,0,15,0,0,1,1,0,1
25,25 Sep 2025,,2haxzs0bej7mc6ex2ldu99lhw,Horațiu Mircea Feșnic,FC Utrecht,Olympique Lyonnais,A. Maitland-Niles,0,0,0,0,1,0,0,0,18,0,0,0,0,0,1
25,25 Sep 2025,,2haxzs0bej7mc6ex2ldu99lhw,Horațiu Mircea Feșnic,FC Utrecht,Olympique Lyonnais,Afonso Moreira,0,1,1,0,0,0,0,0,14,0,0,3,2,2,0
25,25 Sep 2025,,2haxzs0bej7mc6ex2ldu99lhw,Horațiu Mircea Feșnic,FC Utrecht,Olympique Lyonnais,Khalis Merah,0,0,0,0,0,0,0,0,0,0,0,0,0,0,0
26,25 Sep 2025,,2hqxoj0slx8w7xdd7vm6ssd90,Sander van der Eijk,Ferencvárosi TC,FC Viktoria Plzeň,Z. Gruber,0,0,0,1,3,4,0,0,7,0,0,0,0,1,0
26,25 Sep 2025,,2hqxoj0slx8w7xdd7vm6ssd90,Sander van der Eijk,Ferencvárosi TC,FC Viktoria Plzeň,T. Raemaekers,0,0,0,0,2,0,0,0,74,0,0,0,0,1,0
26,25 Sep 2025,,2hqxoj0slx8w7xdd7vm6ssd90,Sander van der Eijk,Ferencvárosi TC,FC Viktoria Plzeň,S. Gartenmann,0,0,0,1,1,2,0,0,39,0,0,0,0,2,0
26,25 Sep 2025,,2hqxoj0slx8w7xdd7vm6ssd90,Sander van der Eijk,Ferencvárosi TC,FC Viktoria Plzeň,B. Varga,0,0,0,0,1,2,0,0,35,0,0,1,1,1,0
26,25 Sep 2025,,2hqxoj0slx8w7xdd7vm6ssd90,Sander van der Eijk,Ferencvárosi TC,FC Viktoria Plzeň,D. Dibusz,0,0,0,0,0,0,0,0,34,0,2,0,0,0,0
26,25 Sep 2025,,2hqxoj0slx8w7xdd7vm6ssd90,Sander van der Eijk,Ferencvárosi TC,FC Viktoria Plzeň,Č. Makreckis,0,0,0,0,2,0,0,0,10,1,0,0,0,1,2
26,25 Sep 2025,,2hqxoj0slx8w7xdd7vm6ssd90,Sander van der Eijk,Ferencvárosi TC,FC Viktoria Plzeň,B. Ötvös,0,0,0,0,1,2,0,0,38,0,0,2,0,3,0
26,25 Sep 2025,,2hqxoj0slx8w7xdd7vm6ssd90,Sander van der Eijk,Ferencvárosi TC,FC Viktoria Plzeň,A. Tóth,0,1,1,7,2,1,0,0,30,0,0,1,0,0,0
26,25 Sep 2025,,2hqxoj0slx8w7xdd7vm6ssd90,Sander van der Eijk,Ferencvárosi TC,FC Viktoria Plzeň,C. O'Dowda,0,2,1,3,2,1,0,0,24,0,0,3,0,1,0
26,25 Sep 2025,,2hqxoj0slx8w7xdd7vm6ssd90,Sander van der Eijk,Ferencvárosi TC,FC Viktoria Plzeň,N. Keïta,0,0,0,0,3,0,0,0,17,0,0,1,0,1,0
26,25 Sep 2025,,2hqxoj0slx8w7xdd7vm6ssd90,Sander van der Eijk,Ferencvárosi TC,FC Viktoria Plzeň,I. Cissé,0,0,0,0,1,1,0,0,59,0,0,0,0,0,1
26,25 Sep 2025,,2hqxoj0slx8w7xdd7vm6ssd90,Sander van der Eijk,Ferencvárosi TC,FC Viktoria Plzeň,Cadu,0,0,0,4,1,1,0,0,15,0,0,0,0,1,0
26,25 Sep 2025,,2hqxoj0slx8w7xdd7vm6ssd90,Sander van der Eijk,Ferencvárosi TC,FC Viktoria Plzeň,G. Kanichowsky,1,0,0,1,2,2,0,0,17,0,0,1,0,0,0
26,25 Sep 2025,,2hqxoj0slx8w7xdd7vm6ssd90,Sander van der Eijk,Ferencvárosi TC,FC Viktoria Plzeň,L. Joseph,0,0,1,1,0,1,0,0,2,0,0,0,0,0,0
26,25 Sep 2025,,2hqxoj0slx8w7xdd7vm6ssd90,Sander van der Eijk,Ferencvárosi TC,FC Viktoria Plzeň,A. Pešić,0,0,0,0,0,0,1,0,1,0,0,1,1,0,1
26,25 Sep 2025,,2hqxoj0slx8w7xdd7vm6ssd90,Sander van der Eijk,Ferencvárosi TC,FC Viktoria Plzeň,J. Levi,0,0,0,1,0,0,0,0,4,0,0,0,0,1,0
26,25 Sep 2025,,2hqxoj0slx8w7xdd7vm6ssd90,Sander van der Eijk,Ferencvárosi TC,FC Viktoria Plzeň,J. Paluska,0,0,0,0,0,0,0,0,43,0,0,0,0,1,0
26,25 Sep 2025,,2hqxoj0slx8w7xdd7vm6ssd90,Sander van der Eijk,Ferencvárosi TC,FC Viktoria Plzeň,L. Červ,0,0,0,1,0,5,0,0,54,0,0,0,0,1,0
26,25 Sep 2025,,2hqxoj0slx8w7xdd7vm6ssd90,Sander van der Eijk,Ferencvárosi TC,FC Viktoria Plzeň,T. Ladra,0,0,0,6,0,2,0,0,28,0,0,0,0,1,0
26,25 Sep 2025,,2hqxoj0slx8w7xdd7vm6ssd90,Sander van der Eijk,Ferencvárosi TC,FC Viktoria Plzeň,V. Jemelka,0,0,0,0,3,1,0,0,41,0,0,0,0,2,1
26,25 Sep 2025,,2hqxoj0slx8w7xdd7vm6ssd90,Sander van der Eijk,Ferencvárosi TC,FC Viktoria Plzeň,R. Durosinmi,0,0,0,0,4,1,1,0,12,0,0,1,1,1,1
26,25 Sep 2025,,2hqxoj0slx8w7xdd7vm6ssd90,Sander van der Eijk,Ferencvárosi TC,FC Viktoria Plzeň,Merchas Doski,1,1,3,7,3,2,0,0,22,0,0,1,0,6,0
26,25 Sep 2025,,2hqxoj0slx8w7xdd7vm6ssd90,Sander van der Eijk,Ferencvárosi TC,FC Viktoria Plzeň,A. Memić,0,0,0,3,2,3,0,0,19,0,0,2,1,0,0
26,25 Sep 2025,,2hqxoj0slx8w7xdd7vm6ssd90,Sander van der Eijk,Ferencvárosi TC,FC Viktoria Plzeň,S. Dweh,0,0,0,1,1,0,0,0,35,0,0,1,0,1,0
26,25 Sep 2025,,2hqxoj0slx8w7xdd7vm6ssd90,Sander van der Eijk,Ferencvárosi TC,FC Viktoria Plzeň,C. Souaré,0,0,0,3,3,3,0,0,51,0,0,1,0,2,0
26,25 Sep 2025,,2hqxoj0slx8w7xdd7vm6ssd90,Sander van der Eijk,Ferencvárosi TC,FC Viktoria Plzeň,M. Vydra,0,0,0,0,1,2,0,0,8,0,0,2,1,0,0
26,25 Sep 2025,,2hqxoj0slx8w7xdd7vm6ssd90,Sander van der Eijk,Ferencvárosi TC,FC Viktoria Plzeň,M. Jedlička,0,0,0,0,0,0,0,0,20,0,1,0,0,0,0
26,25 Sep 2025,,2hqxoj0slx8w7xdd7vm6ssd90,Sander van der Eijk,Ferencvárosi TC,FC Viktoria Plzeň,D. Višinský,0,0,0,1,0,1,0,0,5,0,0,0,0,0,0
26,25 Sep 2025,,2hqxoj0slx8w7xdd7vm6ssd90,Sander van der Eijk,Ferencvárosi TC,FC Viktoria Plzeň,P. Adu,0,0,0,0,0,1,0,0,5,0,0,1,0,0,0
26,25 Sep 2025,,2hqxoj0slx8w7xdd7vm6ssd90,Sander van der Eijk,Ferencvárosi TC,FC Viktoria Plzeň,A. Zeljković,0,0,0,0,0,0,0,0,5,0,0,0,0,0,0
27,25 Sep 2025,,2i6wq810y9ivg2reugvow1vkk,Matej Jug,Rangers FC,KRC Genk,J. Tavernier,0,1,0,10,2,3,0,0,51,0,0,1,0,4,0
27,25 Sep 2025,,2i6wq810y9ivg2reugvow1vkk,Matej Jug,Rangers FC,KRC Genk,N. Raskin,0,0,0,1,0,1,0,0,29,0,0,0,0,1,0
27,25 Sep 2025,,2i6wq810y9ivg2reugvow1vkk,Matej Jug,Rangers FC,KRC Genk,J. Meghoma,0,0,2,6,0,0,0,0,66,0,0,0,0,3,0
27,25 Sep 2025,,2i6wq810y9ivg2reugvow1vkk,Matej Jug,Rangers FC,KRC Genk,D. Cornelius,0,1,0,0,1,0,0,0,78,0,0,1,0,1,0
27,25 Sep 2025,,2i6wq810y9ivg2reugvow1vkk,Matej Jug,Rangers FC,KRC Genk,J. Souttar,0,0,0,0,2,3,0,0,68,0,0,1,1,1,0
27,25 Sep 2025,,2i6wq810y9ivg2reugvow1vkk,Matej Jug,Rangers FC,KRC Genk,J. Butland,0,0,0,0,0,0,0,0,30,0,3,0,0,0,0
27,25 Sep 2025,,2i6wq810y9ivg2reugvow1vkk,Matej Jug,Rangers FC,KRC Genk,Youssef Chermiti,0,0,1,1,1,0,0,1,15,0,0,0,0,2,0
27,25 Sep 2025,,2i6wq810y9ivg2reugvow1vkk,Matej Jug,Rangers FC,KRC Genk,D. Gassama,0,1,0,3,4,4,0,0,30,0,0,3,1,2,1
27,25 Sep 2025,,2i6wq810y9ivg2reugvow1vkk,Matej Jug,Rangers FC,KRC Genk,M. Diomandé,0,0,0,2,1,1,0,0,25,1,0,0,0,1,0
27,25 Sep 2025,,2i6wq810y9ivg2reugvow1vkk,Matej Jug,Rangers FC,KRC Genk,T. Aasgaard,0,0,0,1,0,4,0,0,34,0,0,1,0,0,0
27,25 Sep 2025,,2i6wq810y9ivg2reugvow1vkk,Matej Jug,Rangers FC,KRC Genk,M. Moore,0,1,0,0,0,0,0,0,14,0,0,3,0,1,0
27,25 Sep 2025,,2i6wq810y9ivg2reugvow1vkk,Matej Jug,Rangers FC,KRC Genk,O. Antman,0,0,0,2,0,0,0,0,21,0,0,0,0,0,0
27,25 Sep 2025,,2i6wq810y9ivg2reugvow1vkk,Matej Jug,Rangers FC,KRC Genk,C. Barron,0,1,1,0,1,0,0,0,5,0,0,1,0,2,0
27,25 Sep 2025,,2i6wq810y9ivg2reugvow1vkk,Matej Jug,Rangers FC,KRC Genk,J. Rothwell,0,0,0,0,0,0,0,0,5,0,0,0,0,0,0
27,25 Sep 2025,,2i6wq810y9ivg2reugvow1vkk,Matej Jug,Rangers FC,KRC Genk,B. Miovski,0,0,0,0,1,0,0,0,0,0,0,0,0,0,0
27,25 Sep 2025,,2i6wq810y9ivg2reugvow1vkk,Matej Jug,Rangers FC,KRC Genk,P. Hrošovský,0,2,0,1,0,0,0,1,25,0,0,5,1,0,0
27,25 Sep 2025,,2i6wq810y9ivg2reugvow1vkk,Matej Jug,Rangers FC,KRC Genk,M. Smets,0,0,0,0,0,0,0,0,61,0,0,0,0,3,0
27,25 Sep 2025,,2i6wq810y9ivg2reugvow1vkk,Matej Jug,Rangers FC,KRC Genk,B. Heynen,0,0,0,1,1,3,0,0,63,0,0,0,0,0,0
27,25 Sep 2025,,2i6wq810y9ivg2reugvow1vkk,Matej Jug,Rangers FC,KRC Genk,J. Kayembe,0,0,0,4,1,3,0,1,65,0,0,1,0,2,0
27,25 Sep 2025,,2i6wq810y9ivg2reugvow1vkk,Matej Jug,Rangers FC,KRC Genk,Y. Medina,0,0,0,1,1,1,0,1,13,0,0,2,1,0,0
27,25 Sep 2025,,2i6wq810y9ivg2reugvow1vkk,Matej Jug,Rangers FC,KRC Genk,H. Van Crombrugge,0,0,0,0,0,0,0,0,26,0,1,0,0,0,0
27,25 Sep 2025,,2i6wq810y9ivg2reugvow1vkk,Matej Jug,Rangers FC,KRC Genk,Mujaid Sadick,0,0,0,0,1,0,0,0,46,0,0,0,0,2,1
27,25 Sep 2025,,2i6wq810y9ivg2reugvow1vkk,Matej Jug,Rangers FC,KRC Genk,Z. El Ouahdi,0,0,0,2,2,3,0,1,26,0,0,1,0,4,1
27,25 Sep 2025,,2i6wq810y9ivg2reugvow1vkk,Matej Jug,Rangers FC,KRC Genk,Oh Hyeon-Gyu,0,1,1,0,1,0,1,0,16,0,0,7,2,2,1
27,25 Sep 2025,,2i6wq810y9ivg2reugvow1vkk,Matej Jug,Rangers FC,KRC Genk,I. Bangoura,0,0,0,0,4,0,0,0,33,0,0,0,0,1,0
27,25 Sep 2025,,2i6wq810y9ivg2reugvow1vkk,Matej Jug,Rangers FC,KRC Genk,J. Steuckers,1,2,0,2,1,0,0,0,30,0,0,2,0,0,0
27,25 Sep 2025,,2i6wq810y9ivg2reugvow1vkk,Matej Jug,Rangers FC,KRC Genk,N. Adedeji-Sternberg,0,0,0,1,1,0,0,0,9,0,0,0,0,1,0
27,25 Sep 2025,,2i6wq810y9ivg2reugvow1vkk,Matej Jug,Rangers FC,KRC Genk,N. Sattlberger,0,0,0,0,0,0,0,0,10,0,0,0,0,0,0
27,25 Sep 2025,,2i6wq810y9ivg2reugvow1vkk,Matej Jug,Rangers FC,KRC Genk,J. Erabi,0,0,0,0,2,1,0,0,0,0,0,0,0,0,0
27,25 Sep 2025,,2i6wq810y9ivg2reugvow1vkk,Matej Jug,Rangers FC,KRC Genk,K. Nkuba,0,0,1,1,1,1,0,0,3,0,0,0,0,0,0
27,25 Sep 2025,,2i6wq810y9ivg2reugvow1vkk,Matej Jug,Rangers FC,KRC Genk,Konstantinos Karetsas,0,0,0,0,0,0,0,0,0,0,0,0,0,0,0
28,25 Sep 2025,,2imvl1ybdji1j6jkryu7k4opg,Nick Walsh,VfB Stuttgart 1893,Real Club Celta de Vigo,A. Stiller,1,0,0,2,1,2,0,0,94,0,0,0,0,1,0
28,25 Sep 2025,,2imvl1ybdji1j6jkryu7k4opg,Nick Walsh,VfB Stuttgart 1893,Real Club Celta de Vigo,F. Jeltsch,0,0,0,0,0,1,0,0,20,0,0,0,0,0,0
28,25 Sep 2025,,2imvl1ybdji1j6jkryu7k4opg,Nick Walsh,VfB Stuttgart 1893,Real Club Celta de Vigo,E. Demirović,0,0,0,0,2,0,0,1,21,0,0,1,0,0,1
28,25 Sep 2025,,2imvl1ybdji1j6jkryu7k4opg,Nick Walsh,VfB Stuttgart 1893,Real Club Celta de Vigo,Chema Andrés,0,1,0,0,0,1,0,0,49,0,0,3,1,0,0
28,25 Sep 2025,,2imvl1ybdji1j6jkryu7k4opg,Nick Walsh,VfB Stuttgart 1893,Real Club Celta de Vigo,M. Mittelstädt,0,1,1,4,0,1,0,0,58,0,0,2,0,3,0
28,25 Sep 2025,,2imvl1ybdji1j6jkryu7k4opg,Nick Walsh,VfB Stuttgart 1893,Real Club Celta de Vigo,B. El Khannouss,0,1,1,8,0,0,1,1,49,0,0,3,2,3,0
28,25 Sep 2025,,2imvl1ybdji1j6jkryu7k4opg,Nick Walsh,VfB Stuttgart 1893,Real Club Celta de Vigo,B. Bouanani,0,1,1,5,1,0,1,0,38,0,0,2,1,0,0
28,25 Sep 2025,,2imvl1ybdji1j6jkryu7k4opg,Nick Walsh,VfB Stuttgart 1893,Real Club Celta de Vigo,R. Hendriks,0,0,0,0,1,1,0,0,52,0,0,0,0,3,0
28,25 Sep 2025,,2imvl1ybdji1j6jkryu7k4opg,Nick Walsh,VfB Stuttgart 1893,Real Club Celta de Vigo,L. Assignon,0,1,2,2,3,0,0,0,45,0,0,2,1,1,1
28,25 Sep 2025,,2imvl1ybdji1j6jkryu7k4opg,Nick Walsh,VfB Stuttgart 1893,Real Club Celta de Vigo,A. Nübel,1,0,0,0,0,2,0,0,44,0,0,0,0,0,0
28,25 Sep 2025,,2imvl1ybdji1j6jkryu7k4opg,Nick Walsh,VfB Stuttgart 1893,Real Club Celta de Vigo,J. Leweling,0,2,3,5,2,0,0,0,30,0,0,5,1,1,0
28,25 Sep 2025,,2imvl1ybdji1j6jkryu7k4opg,Nick Walsh,VfB Stuttgart 1893,Real Club Celta de Vigo,L. Jaquez,0,0,0,0,0,2,0,0,56,0,0,0,0,0,0
28,25 Sep 2025,,2imvl1ybdji1j6jkryu7k4opg,Nick Walsh,VfB Stuttgart 1893,Real Club Celta de Vigo,Tiago Tomás,0,1,0,0,0,2,0,0,6,0,0,1,0,1,0
28,25 Sep 2025,,2imvl1ybdji1j6jkryu7k4opg,Nick Walsh,VfB Stuttgart 1893,Real Club Celta de Vigo,A. Karazor,0,0,0,0,1,0,0,0,15,0,0,0,0,1,0
28,25 Sep 2025,,2imvl1ybdji1j6jkryu7k4opg,Nick Walsh,VfB Stuttgart 1893,Real Club Celta de Vigo,C. Führich,0,0,0,0,0,0,0,0,11,0,0,0,0,0,0
28,25 Sep 2025,,2imvl1ybdji1j6jkryu7k4opg,Nick Walsh,VfB Stuttgart 1893,Real Club Celta de Vigo,J. Vagnoman,0,0,1,1,1,0,0,0,5,0,0,0,0,0,0
28,25 Sep 2025,,2imvl1ybdji1j6jkryu7k4opg,Nick Walsh,VfB Stuttgart 1893,Real Club Celta de Vigo,Fran Beltrán,0,0,0,0,0,0,0,0,45,0,0,0,0,1,0
28,25 Sep 2025,,2imvl1ybdji1j6jkryu7k4opg,Nick Walsh,VfB Stuttgart 1893,Real Club Celta de Vigo,C. Starfelt,0,0,0,0,0,1,0,0,38,0,0,0,0,2,0
28,25 Sep 2025,,2imvl1ybdji1j6jkryu7k4opg,Nick Walsh,VfB Stuttgart 1893,Real Club Celta de Vigo,I. Radu,0,0,0,0,0,0,0,0,30,0,4,0,0,0,0
28,25 Sep 2025,,2imvl1ybdji1j6jkryu7k4opg,Nick Walsh,VfB Stuttgart 1893,Real Club Celta de Vigo,Ferran Jutglà,0,0,0,1,0,0,0,0,11,0,0,1,0,0,0
28,25 Sep 2025,,2imvl1ybdji1j6jkryu7k4opg,Nick Walsh,VfB Stuttgart 1893,Real Club Celta de Vigo,J. El Abdellaoui,0,0,0,1,0,0,0,0,10,0,0,0,0,1,0
28,25 Sep 2025,,2imvl1ybdji1j6jkryu7k4opg,Nick Walsh,VfB Stuttgart 1893,Real Club Celta de Vigo,Óscar Mingueza,0,0,0,0,1,2,0,0,57,0,0,1,0,4,0
28,25 Sep 2025,,2imvl1ybdji1j6jkryu7k4opg,Nick Walsh,VfB Stuttgart 1893,Real Club Celta de Vigo,Javi Rodríguez,0,0,0,0,1,1,0,0,46,0,0,0,0,3,0
28,25 Sep 2025,,2imvl1ybdji1j6jkryu7k4opg,Nick Walsh,VfB Stuttgart 1893,Real Club Celta de Vigo,Marcos Alonso,0,0,0,0,0,1,0,0,58,0,0,0,0,1,0
28,25 Sep 2025,,2imvl1ybdji1j6jkryu7k4opg,Nick Walsh,VfB Stuttgart 1893,Real Club Celta de Vigo,Iago Aspas,0,0,1,1,0,0,0,0,17,0,0,1,0,0,0
28,25 Sep 2025,,2imvl1ybdji1j6jkryu7k4opg,Nick Walsh,VfB Stuttgart 1893,Real Club Celta de Vigo,Pablo Durán,0,1,0,1,3,0,0,0,10,0,0,1,0,1,0
28,25 Sep 2025,,2imvl1ybdji1j6jkryu7k4opg,Nick Walsh,VfB Stuttgart 1893,Real Club Celta de Vigo,I. Moriba,1,0,0,0,1,1,0,0,43,0,0,0,0,3,1
28,25 Sep 2025,,2imvl1ybdji1j6jkryu7k4opg,Nick Walsh,VfB Stuttgart 1893,Real Club Celta de Vigo,Borja Iglesias,0,1,0,0,3,1,1,0,10,0,0,2,1,0,0
28,25 Sep 2025,,2imvl1ybdji1j6jkryu7k4opg,Nick Walsh,VfB Stuttgart 1893,Real Club Celta de Vigo,Javi Rueda,0,0,0,0,0,2,0,0,18,0,0,1,0,3,0
28,25 Sep 2025,,2imvl1ybdji1j6jkryu7k4opg,Nick Walsh,VfB Stuttgart 1893,Real Club Celta de Vigo,W. Swedberg,0,0,1,0,3,1,0,0,9,0,0,0,0,1,1
28,25 Sep 2025,,2imvl1ybdji1j6jkryu7k4opg,Nick Walsh,VfB Stuttgart 1893,Real Club Celta de Vigo,Bryan Zaragoza,0,0,0,1,0,0,0,1,10,0,0,1,0,0,0
28,25 Sep 2025,,2imvl1ybdji1j6jkryu7k4opg,Nick Walsh,VfB Stuttgart 1893,Real Club Celta de Vigo,Hugo Sotelo,0,0,0,0,1,2,0,0,8,0,0,0,0,0,0
29,2 Oct 2025,,2j1od5pip2s496mqkb7018d90,Erik Lambrechts,AS Roma,Lille OSC,Z. Çelik,0,0,0,2,2,0,0,0,44,0,0,0,0,4,0
29,2 Oct 2025,,2j1od5pip2s496mqkb7018d90,Erik Lambrechts,AS Roma,Lille OSC,Wesley,0,1,2,7,0,3,0,0,34,0,0,1,0,2,0
29,2 Oct 2025,,2j1od5pip2s496mqkb7018d90,Erik Lambrechts,AS Roma,Lille OSC,M. Soulé,0,2,1,7,0,3,0,0,41,0,0,5,2,0,0
29,2 Oct 2025,,2j1od5pip2s496mqkb7018d90,Erik Lambrechts,AS Roma,Lille OSC,M. Svilar,0,0,0,0,0,0,0,0,39,0,4,0,0,0,0
29,2 Oct 2025,,2j1od5pip2s496mqkb7018d90,Erik Lambrechts,AS Roma,Lille OSC,E. Ferguson,0,1,1,1,3,2,0,0,9,0,0,2,0,0,0
29,2 Oct 2025,,2j1od5pip2s496mqkb7018d90,Erik Lambrechts,AS Roma,Lille OSC,L. Pellegrini,0,0,0,2,2,1,0,0,19,0,0,2,1,0,0
29,2 Oct 2025,,2j1od5pip2s496mqkb7018d90,Erik Lambrechts,AS Roma,Lille OSC,Hermoso,0,0,0,0,1,0,0,0,45,0,0,0,0,0,0
29,2 Oct 2025,,2j1od5pip2s496mqkb7018d90,Erik Lambrechts,AS Roma,Lille OSC,N. El Aynaoui,0,0,1,1,1,1,0,0,45,0,0,2,1,1,0
29,2 Oct 2025,,2j1od5pip2s496mqkb7018d90,Erik Lambrechts,AS Roma,Lille OSC,E. Ndicka,0,0,0,0,3,0,0,0,49,0,0,1,0,0,0
29,2 Oct 2025,,2j1od5pip2s496mqkb7018d90,Erik Lambrechts,AS Roma,Lille OSC,B. Cristante,0,0,0,2,3,0,0,0,47,0,0,1,0,0,0
29,2 Oct 2025,,2j1od5pip2s496mqkb7018d90,Erik Lambrechts,AS Roma,Lille OSC,K. Tsimikas,0,1,1,1,2,0,0,0,19,0,0,2,1,0,0
29,2 Oct 2025,,2j1od5pip2s496mqkb7018d90,Erik Lambrechts,AS Roma,Lille OSC,D. Rensch,0,0,0,2,0,0,0,0,19,0,0,0,0,1,0
29,2 Oct 2025,,2j1od5pip2s496mqkb7018d90,Erik Lambrechts,AS Roma,Lille OSC,G. Mancini,0,0,0,0,1,0,0,0,23,0,0,1,0,1,0
29,2 Oct 2025,,2j1od5pip2s496mqkb7018d90,Erik Lambrechts,AS Roma,Lille OSC,S. El Shaarawy,0,0,0,3,1,2,0,0,14,0,0,1,1,0,0
29,2 Oct 2025,,2j1od5pip2s496mqkb7018d90,Erik Lambrechts,AS Roma,Lille OSC,M. Koné,0,0,0,0,0,0,0,0,6,0,0,2,0,0,0
29,2 Oct 2025,,2j1od5pip2s496mqkb7018d90,Erik Lambrechts,AS Roma,Lille OSC,A. Dovbyk,0,0,0,0,0,0,0,0,6,0,0,0,0,0,0
29,2 Oct 2025,,2j1od5pip2s496mqkb7018d90,Erik Lambrechts,AS Roma,Lille OSC,H. Haraldsson,0,0,0,0,0,1,1,0,36,0,0,1,1,0,0
29,2 Oct 2025,,2j1od5pip2s496mqkb7018d90,Erik Lambrechts,AS Roma,Lille OSC,B. Özer,0,0,0,0,0,0,0,0,56,0,5,0,0,0,1
29,2 Oct 2025,,2j1od5pip2s496mqkb7018d90,Erik Lambrechts,AS Roma,Lille OSC,O. Giroud,0,0,0,0,0,2,0,0,18,0,0,1,1,0,0
29,2 Oct 2025,,2j1od5pip2s496mqkb7018d90,Erik Lambrechts,AS Roma,Lille OSC,C. Verdonk,0,0,1,1,2,1,0,0,39,0,0,0,0,4,1
29,2 Oct 2025,,2j1od5pip2s496mqkb7018d90,Erik Lambrechts,AS Roma,Lille OSC,A. Bouaddi,0,0,0,1,2,5,0,0,36,0,0,0,0,2,1
29,2 Oct 2025,,2j1od5pip2s496mqkb7018d90,Erik Lambrechts,AS Roma,Lille OSC,O. Sahraoui,0,0,1,1,1,2,0,0,35,0,0,2,1,2,0
29,2 Oct 2025,,2j1od5pip2s496mqkb7018d90,Erik Lambrechts,AS Roma,Lille OSC,T. Meunier,0,0,0,2,4,0,0,0,48,0,0,0,0,2,0
29,2 Oct 2025,,2j1od5pip2s496mqkb7018d90,Erik Lambrechts,AS Roma,Lille OSC,A. Mandi,0,0,0,0,1,1,0,0,50,0,0,0,0,2,1
29,2 Oct 2025,,2j1od5pip2s496mqkb7018d90,Erik Lambrechts,AS Roma,Lille OSC,N. Bentaleb,0,0,0,0,1,1,0,0,49,0,0,1,0,1,0
29,2 Oct 2025,,2j1od5pip2s496mqkb7018d90,Erik Lambrechts,AS Roma,Lille OSC,Félix Correia,0,0,0,4,0,2,0,0,33,0,0,0,0,2,0
29,2 Oct 2025,,2j1od5pip2s496mqkb7018d90,Erik Lambrechts,AS Roma,Lille OSC,C. Mbemba,0,0,0,0,1,1,0,0,37,0,0,1,1,2,0
29,2 Oct 2025,,2j1od5pip2s496mqkb7018d90,Erik Lambrechts,AS Roma,Lille OSC,H. Igamane,0,0,0,0,0,1,0,1,7,0,0,0,0,2,0
29,2 Oct 2025,,2j1od5pip2s496mqkb7018d90,Erik Lambrechts,AS Roma,Lille OSC,B. André,0,0,0,0,0,0,0,0,21,0,0,0,0,3,0
29,2 Oct 2025,,2j1od5pip2s496mqkb7018d90,Erik Lambrechts,AS Roma,Lille OSC,Matías Fernández,0,1,1,0,0,0,0,0,10,0,0,3,1,0,0
29,2 Oct 2025,,2j1od5pip2s496mqkb7018d90,Erik Lambrechts,AS Roma,Lille OSC,R. Perraud,0,0,0,0,1,0,0,0,10,0,0,0,0,3,0
29,2 Oct 2025,,2j1od5pip2s496mqkb7018d90,Erik Lambrechts,AS Roma,Lille OSC,N. Mukau,0,0,0,0,0,0,0,0,4,0,0,0,0,0,0
30,2 Oct 2025,,2jepkzlt7ggmox11k2kulvqqc,Nenad Minaković,Bologna FC 1909,SC Freiburg,R. Freuler,0,0,0,0,0,0,0,0,57,0,0,0,0,2,0
30,2 Oct 2025,,2jepkzlt7ggmox11k2kulvqqc,Nenad Minaković,Bologna FC 1909,SC Freiburg,N. Cambiaghi,0,0,1,5,1,6,0,1,15,0,0,1,1,0,0
30,2 Oct 2025,,2jepkzlt7ggmox11k2kulvqqc,Nenad Minaković,Bologna FC 1909,SC Freiburg,J. Odgaard,0,0,0,1,3,3,0,0,20,0,0,3,1,0,0
30,2 Oct 2025,,2jepkzlt7ggmox11k2kulvqqc,Nenad Minaković,Bologna FC 1909,SC Freiburg,J. Lucumí,0,0,0,0,1,1,0,0,79,0,0,0,0,7,0
30,2 Oct 2025,,2jepkzlt7ggmox11k2kulvqqc,Nenad Minaković,Bologna FC 1909,SC Freiburg,R. Orsolini,0,0,0,1,0,2,1,0,12,0,0,1,1,0,0
30,2 Oct 2025,,2jepkzlt7ggmox11k2kulvqqc,Nenad Minaković,Bologna FC 1909,SC Freiburg,Ł. Skorupski,0,0,0,0,0,0,0,0,36,0,4,0,0,0,1
30,2 Oct 2025,,2jepkzlt7ggmox11k2kulvqqc,Nenad Minaković,Bologna FC 1909,SC Freiburg,C. Lykogiannis,0,0,0,2,2,0,0,0,17,0,0,0,0,1,0
30,2 Oct 2025,,2jepkzlt7ggmox11k2kulvqqc,Nenad Minaković,Bologna FC 1909,SC Freiburg,S. Castro,0,0,0,0,1,0,0,0,8,0,0,1,0,0,0
30,2 Oct 2025,,2jepkzlt7ggmox11k2kulvqqc,Nenad Minaković,Bologna FC 1909,SC Freiburg,L. Ferguson,0,0,0,1,2,2,0,0,65,0,0,0,0,2,0
30,2 Oct 2025,,2jepkzlt7ggmox11k2kulvqqc,Nenad Minaković,Bologna FC 1909,SC Freiburg,M. Vitík,0,1,0,0,3,0,0,0,47,0,0,1,0,1,0
30,2 Oct 2025,,2jepkzlt7ggmox11k2kulvqqc,Nenad Minaković,Bologna FC 1909,SC Freiburg,E. Holm,0,0,0,3,3,1,0,1,30,0,0,0,0,2,1
30,2 Oct 2025,,2jepkzlt7ggmox11k2kulvqqc,Nenad Minaković,Bologna FC 1909,SC Freiburg,Juan Miranda,0,0,0,2,0,1,0,0,17,0,0,0,0,1,0
30,2 Oct 2025,,2jepkzlt7ggmox11k2kulvqqc,Nenad Minaković,Bologna FC 1909,SC Freiburg,T. Dallinga,0,0,1,0,0,0,0,0,7,0,0,0,0,1,0
30,2 Oct 2025,,2jepkzlt7ggmox11k2kulvqqc,Nenad Minaković,Bologna FC 1909,SC Freiburg,F. Bernardeschi,0,0,0,0,0,1,0,0,8,0,0,0,0,0,0
30,2 Oct 2025,,2jepkzlt7ggmox11k2kulvqqc,Nenad Minaković,Bologna FC 1909,SC Freiburg,J. Rowe,0,1,0,1,0,0,0,0,5,0,0,1,0,1,0
30,2 Oct 2025,,2jepkzlt7ggmox11k2kulvqqc,Nenad Minaković,Bologna FC 1909,SC Freiburg,G. Fabbian,0,0,0,0,0,0,0,0,1,0,0,0,0,0,0
30,2 Oct 2025,,2jepkzlt7ggmox11k2kulvqqc,Nenad Minaković,Bologna FC 1909,SC Freiburg,V. Grifo,0,0,0,2,0,1,0,0,12,0,0,0,0,0,0
30,2 Oct 2025,,2jepkzlt7ggmox11k2kulvqqc,Nenad Minaković,Bologna FC 1909,SC Freiburg,N. Atubolu,0,0,0,0,0,0,0,0,63,0,2,0,0,0,0
30,2 Oct 2025,,2jepkzlt7ggmox11k2kulvqqc,Nenad Minaković,Bologna FC 1909,SC Freiburg,M. Ginter,0,1,1,0,0,1,0,0,48,0,0,2,0,2,0
30,2 Oct 2025,,2jepkzlt7ggmox11k2kulvqqc,Nenad Minaković,Bologna FC 1909,SC Freiburg,P. Treu,0,0,0,2,3,1,0,0,26,0,0,0,0,5,0
30,2 Oct 2025,,2jepkzlt7ggmox11k2kulvqqc,Nenad Minaković,Bologna FC 1909,SC Freiburg,M. Eggestein,0,0,0,0,0,0,0,0,29,0,0,0,0,1,0
30,2 Oct 2025,,2jepkzlt7ggmox11k2kulvqqc,Nenad Minaković,Bologna FC 1909,SC Freiburg,P. Osterhage,0,0,0,0,1,1,0,0,20,0,0,0,0,1,0
30,2 Oct 2025,,2jepkzlt7ggmox11k2kulvqqc,Nenad Minaković,Bologna FC 1909,SC Freiburg,J. Adamu,0,0,1,0,0,1,1,3,15,0,0,2,2,3,0
30,2 Oct 2025,,2jepkzlt7ggmox11k2kulvqqc,Nenad Minaković,Bologna FC 1909,SC Freiburg,J. Makengo,0,0,0,2,1,1,0,0,27,0,0,0,0,0,1
30,2 Oct 2025,,2jepkzlt7ggmox11k2kulvqqc,Nenad Minaković,Bologna FC 1909,SC Freiburg,P. Lienhart,0,0,1,1,3,1,0,0,59,0,0,1,0,1,1
30,2 Oct 2025,,2jepkzlt7ggmox11k2kulvqqc,Nenad Minaković,Bologna FC 1909,SC Freiburg,N. Beste,0,1,3,8,1,4,0,0,8,0,0,2,1,1,0
30,2 Oct 2025,,2jepkzlt7ggmox11k2kulvqqc,Nenad Minaković,Bologna FC 1909,SC Freiburg,J. Manzambi,0,0,0,0,3,3,0,0,16,0,0,2,1,1,0
30,2 Oct 2025,,2jepkzlt7ggmox11k2kulvqqc,Nenad Minaković,Bologna FC 1909,SC Freiburg,D. Scherhant,0,0,2,0,2,1,0,0,10,0,0,2,2,1,0
30,2 Oct 2025,,2jepkzlt7ggmox11k2kulvqqc,Nenad Minaković,Bologna FC 1909,SC Freiburg,E. Dinkçi,0,0,0,1,1,0,0,0,7,0,0,1,0,0,0
30,2 Oct 2025,,2jepkzlt7ggmox11k2kulvqqc,Nenad Minaković,Bologna FC 1909,SC Freiburg,C. Günter,0,0,0,0,0,0,0,0,1,0,0,0,0,1,0
30,2 Oct 2025,,2jepkzlt7ggmox11k2kulvqqc,Nenad Minaković,Bologna FC 1909,SC Freiburg,L. Höler,0,0,0,0,2,0,0,0,4,0,0,0,0,0,0
30,2 Oct 2025,,2jepkzlt7ggmox11k2kulvqqc,Nenad Minaković,Bologna FC 1909,SC Freiburg,I. Matanović,0,0,0,0,1,0,0,0,4,0,0,0,0,0,0
32,2 Oct 2025,,2js0pi2kik1psfkyyjhl28s2c,Tobias Stieler,Celtic FC,Sporting Braga,B. Nygren,0,0,1,5,1,2,0,0,18,0,0,0,0,2,0
32,2 Oct 2025,,2js0pi2kik1psfkyyjhl28s2c,Tobias Stieler,Celtic FC,Sporting Braga,C. McGregor,0,0,1,0,1,0,0,0,73,0,0,0,0,1,0
32,2 Oct 2025,,2js0pi2kik1psfkyyjhl28s2c,Tobias Stieler,Celtic FC,Sporting Braga,C. Donovan,0,1,0,0,1,0,0,0,24,0,0,2,0,1,0
32,2 Oct 2025,,2js0pi2kik1psfkyyjhl28s2c,Tobias Stieler,Celtic FC,Sporting Braga,D. Maeda,0,0,1,1,2,1,0,0,14,0,0,0,0,0,0
32,2 Oct 2025,,2js0pi2kik1psfkyyjhl28s2c,Tobias Stieler,Celtic FC,Sporting Braga,C. Carter-Vickers,0,0,0,0,1,1,0,0,95,0,0,1,0,4,0
32,2 Oct 2025,,2js0pi2kik1psfkyyjhl28s2c,Tobias Stieler,Celtic FC,Sporting Braga,K. Tierney,0,0,1,1,0,0,0,0,57,0,0,2,1,4,0
32,2 Oct 2025,,2js0pi2kik1psfkyyjhl28s2c,Tobias Stieler,Celtic FC,Sporting Braga,S. Tounekti,0,1,1,1,3,2,0,0,33,0,0,3,2,1,0
32,2 Oct 2025,,2js0pi2kik1psfkyyjhl28s2c,Tobias Stieler,Celtic FC,Sporting Braga,K. Schmeichel,0,0,0,0,0,0,0,0,51,0,4,0,0,0,0
32,2 Oct 2025,,2js0pi2kik1psfkyyjhl28s2c,Tobias Stieler,Celtic FC,Sporting Braga,Paulo Bernardo,0,0,0,3,0,0,0,0,30,0,0,0,0,0,0
32,2 Oct 2025,,2js0pi2kik1psfkyyjhl28s2c,Tobias Stieler,Celtic FC,Sporting Braga,L. Scales,0,0,0,1,2,2,0,0,91,0,0,0,0,1,1
32,2 Oct 2025,,2js0pi2kik1psfkyyjhl28s2c,Tobias Stieler,Celtic FC,Sporting Braga,K. Ịheanachọ,0,1,0,0,2,0,0,1,9,0,0,1,0,0,0
32,2 Oct 2025,,2js0pi2kik1psfkyyjhl28s2c,Tobias Stieler,Celtic FC,Sporting Braga,M. Saracchi,0,0,1,3,1,1,0,0,24,0,0,0,0,0,1
32,2 Oct 2025,,2js0pi2kik1psfkyyjhl28s2c,Tobias Stieler,Celtic FC,Sporting Braga,R. Hatate,0,0,0,1,0,0,0,0,41,0,0,0,0,1,0
32,2 Oct 2025,,2js0pi2kik1psfkyyjhl28s2c,Tobias Stieler,Celtic FC,Sporting Braga,A. Engels,0,0,0,4,0,0,0,0,17,0,0,0,0,1,0
32,2 Oct 2025,,2js0pi2kik1psfkyyjhl28s2c,Tobias Stieler,Celtic FC,Sporting Braga,J. Forrest,0,0,1,2,1,0,0,0,6,0,0,0,0,0,0
32,2 Oct 2025,,2js0pi2kik1psfkyyjhl28s2c,Tobias Stieler,Celtic FC,Sporting Braga,D. Murray,0,0,0,1,0,0,0,0,13,0,0,0,0,0,0
32,2 Oct 2025,,2js0pi2kik1psfkyyjhl28s2c,Tobias Stieler,Celtic FC,Sporting Braga,Leonardo Lelo,0,0,0,4,0,1,0,0,52,0,0,0,0,2,0
32,2 Oct 2025,,2js0pi2kik1psfkyyjhl28s2c,Tobias Stieler,Celtic FC,Sporting Braga,B. Arrey-Mbi,0,0,0,0,1,0,0,0,65,0,0,0,0,4,0
32,2 Oct 2025,,2js0pi2kik1psfkyyjhl28s2c,Tobias Stieler,Celtic FC,Sporting Braga,Vítor Carvalho,0,0,0,0,0,2,0,0,41,0,0,1,0,2,0
32,2 Oct 2025,,2js0pi2kik1psfkyyjhl28s2c,Tobias Stieler,Celtic FC,Sporting Braga,L. Horníček,0,0,0,0,0,0,0,0,38,0,3,0,0,0,0
32,2 Oct 2025,,2js0pi2kik1psfkyyjhl28s2c,Tobias Stieler,Celtic FC,Sporting Braga,J. Gorby,1,0,0,0,0,0,0,0,54,0,0,0,0,0,0
32,2 Oct 2025,,2js0pi2kik1psfkyyjhl28s2c,Tobias Stieler,Celtic FC,Sporting Braga,Yanis da Rocha,0,0,1,0,1,0,0,0,13,0,0,0,0,0,1
32,2 Oct 2025,,2js0pi2kik1psfkyyjhl28s2c,Tobias Stieler,Celtic FC,Sporting Braga,Ricardo Horta,0,0,1,7,0,0,1,0,21,0,0,1,1,0,0
32,2 Oct 2025,,2js0pi2kik1psfkyyjhl28s2c,Tobias Stieler,Celtic FC,Sporting Braga,G. Lagerbielke,0,0,0,0,2,2,0,0,47,0,0,0,0,2,0
32,2 Oct 2025,,2js0pi2kik1psfkyyjhl28s2c,Tobias Stieler,Celtic FC,Sporting Braga,F. Grillitsch,0,2,2,0,0,2,0,0,40,0,0,3,1,2,0
32,2 Oct 2025,,2js0pi2kik1psfkyyjhl28s2c,Tobias Stieler,Celtic FC,Sporting Braga,Pau Víctor,0,1,1,1,3,2,0,0,24,0,0,3,2,1,0
32,2 Oct 2025,,2js0pi2kik1psfkyyjhl28s2c,Tobias Stieler,Celtic FC,Sporting Braga,A. El Ouazzani,0,1,0,0,1,1,0,1,13,0,0,2,0,3,0
32,2 Oct 2025,,2js0pi2kik1psfkyyjhl28s2c,Tobias Stieler,Celtic FC,Sporting Braga,Víctor Gómez,0,0,0,0,0,1,0,0,22,0,0,0,0,2,0
32,2 Oct 2025,,2js0pi2kik1psfkyyjhl28s2c,Tobias Stieler,Celtic FC,Sporting Braga,João Moutinho,0,0,0,0,0,0,0,0,17,0,0,0,0,0,0
32,2 Oct 2025,,2js0pi2kik1psfkyyjhl28s2c,Tobias Stieler,Celtic FC,Sporting Braga,Diego Rodrigues,0,0,0,0,0,1,0,0,8,0,0,1,1,1,0
32,2 Oct 2025,,2js0pi2kik1psfkyyjhl28s2c,Tobias Stieler,Celtic FC,Sporting Braga,R. Zalazar,0,0,0,0,0,1,0,1,10,0,0,0,0,0,0
32,2 Oct 2025,,2js0pi2kik1psfkyyjhl28s2c,Tobias Stieler,Celtic FC,Sporting Braga,Gabri Martínez,0,1,0,0,1,1,1,0,4,0,0,2,1,1,0
33,2 Oct 2025,,2k50w9k11mfagf9k9c68xn7dg,Enea Jorgji,FC Viktoria Plzeň,Malmö FF,S. Dweh,0,0,0,2,0,1,0,0,62,0,0,1,1,6,1
33,2 Oct 2025,,2k50w9k11mfagf9k9c68xn7dg,Enea Jorgji,FC Viktoria Plzeň,Malmö FF,M. Jedlička,0,0,0,0,0,0,0,0,20,0,1,0,0,0,0
33,2 Oct 2025,,2k50w9k11mfagf9k9c68xn7dg,Enea Jorgji,FC Viktoria Plzeň,Malmö FF,K. Spáčil,0,0,0,1,1,0,1,1,79,0,0,1,1,1,0
33,2 Oct 2025,,2k50w9k11mfagf9k9c68xn7dg,Enea Jorgji,FC Viktoria Plzeň,Malmö FF,R. Durosinmi,0,0,0,2,0,2,1,1,19,0,0,2,1,0,0
33,2 Oct 2025,,2k50w9k11mfagf9k9c68xn7dg,Enea Jorgji,FC Viktoria Plzeň,Malmö FF,M. Vydra,0,1,0,1,0,1,1,0,14,0,0,6,3,1,0
33,2 Oct 2025,,2k50w9k11mfagf9k9c68xn7dg,Enea Jorgji,FC Viktoria Plzeň,Malmö FF,A. Memić,1,0,1,4,2,2,0,1,35,0,0,0,0,1,0
33,2 Oct 2025,,2k50w9k11mfagf9k9c68xn7dg,Enea Jorgji,FC Viktoria Plzeň,Malmö FF,D. Višinský,0,0,1,2,2,1,0,0,16,0,0,1,0,1,0
33,2 Oct 2025,,2k50w9k11mfagf9k9c68xn7dg,Enea Jorgji,FC Viktoria Plzeň,Malmö FF,Merchas Doski,0,0,0,6,1,0,0,0,28,1,0,0,0,0,0
33,2 Oct 2025,,2k50w9k11mfagf9k9c68xn7dg,Enea Jorgji,FC Viktoria Plzeň,Malmö FF,V. Jemelka,0,0,0,0,1,1,0,0,67,0,0,0,0,1,1
33,2 Oct 2025,,2k50w9k11mfagf9k9c68xn7dg,Enea Jorgji,FC Viktoria Plzeň,Malmö FF,L. Červ,0,0,1,1,2,5,0,0,40,0,0,2,1,0,0
33,2 Oct 2025,,2k50w9k11mfagf9k9c68xn7dg,Enea Jorgji,FC Viktoria Plzeň,Malmö FF,M. Valenta,0,1,0,0,0,1,0,0,24,0,0,1,0,1,0
33,2 Oct 2025,,2k50w9k11mfagf9k9c68xn7dg,Enea Jorgji,FC Viktoria Plzeň,Malmö FF,A. Zeljković,0,0,0,0,0,0,0,0,24,0,0,0,0,0,0
33,2 Oct 2025,,2k50w9k11mfagf9k9c68xn7dg,Enea Jorgji,FC Viktoria Plzeň,Malmö FF,T. Ladra,0,0,0,2,0,1,0,0,16,0,0,0,0,0,0
33,2 Oct 2025,,2k50w9k11mfagf9k9c68xn7dg,Enea Jorgji,FC Viktoria Plzeň,Malmö FF,C. Souaré,0,0,0,0,0,0,0,1,8,0,0,0,0,1,0
33,2 Oct 2025,,2k50w9k11mfagf9k9c68xn7dg,Enea Jorgji,FC Viktoria Plzeň,Malmö FF,P. Adu,0,0,0,0,2,0,0,0,3,0,0,0,0,0,0
33,2 Oct 2025,,2k50w9k11mfagf9k9c68xn7dg,Enea Jorgji,FC Viktoria Plzeň,Malmö FF,M. Havel,0,0,0,1,1,0,0,0,4,0,0,0,0,0,0
33,2 Oct 2025,,2k50w9k11mfagf9k9c68xn7dg,Enea Jorgji,FC Viktoria Plzeň,Malmö FF,A. Christiansen,0,0,0,0,1,0,0,0,8,0,0,0,0,0,1
33,2 Oct 2025,,2k50w9k11mfagf9k9c68xn7dg,Enea Jorgji,FC Viktoria Plzeň,Malmö FF,R. Olsen,0,0,0,0,0,0,0,0,33,0,4,0,0,0,0
33,2 Oct 2025,,2k50w9k11mfagf9k9c68xn7dg,Enea Jorgji,FC Viktoria Plzeň,Malmö FF,P. Jansson,0,0,0,0,1,0,0,0,2,0,0,0,0,0,0
33,2 Oct 2025,,2k50w9k11mfagf9k9c68xn7dg,Enea Jorgji,FC Viktoria Plzeň,Malmö FF,C. Rösler,0,0,0,0,1,1,0,0,45,0,0,0,0,1,1
33,2 Oct 2025,,2k50w9k11mfagf9k9c68xn7dg,Enea Jorgji,FC Viktoria Plzeň,Malmö FF,Gabriel Busanello,0,0,0,7,0,3,0,0,35,0,0,1,0,1,0
33,2 Oct 2025,,2k50w9k11mfagf9k9c68xn7dg,Enea Jorgji,FC Viktoria Plzeň,Malmö FF,L. Berg Johnsen,0,0,0,0,3,0,0,0,16,1,0,0,0,0,2
33,2 Oct 2025,,2k50w9k11mfagf9k9c68xn7dg,Enea Jorgji,FC Viktoria Plzeň,Malmö FF,A. Skogmar,0,1,0,0,2,2,0,0,29,0,0,1,0,2,0
33,2 Oct 2025,,2k50w9k11mfagf9k9c68xn7dg,Enea Jorgji,FC Viktoria Plzeň,Malmö FF,O. Rosengren,0,0,0,3,1,1,0,0,31,0,0,0,0,1,0
33,2 Oct 2025,,2k50w9k11mfagf9k9c68xn7dg,Enea Jorgji,FC Viktoria Plzeň,Malmö FF,J. Stryger Larsen,0,0,0,1,0,1,0,0,29,0,0,0,0,1,0
33,2 Oct 2025,,2k50w9k11mfagf9k9c68xn7dg,Enea Jorgji,FC Viktoria Plzeň,Malmö FF,H. Bolin,0,0,2,0,2,0,0,1,30,0,0,3,1,0,0
33,2 Oct 2025,,2k50w9k11mfagf9k9c68xn7dg,Enea Jorgji,FC Viktoria Plzeň,Malmö FF,E. Ekong,0,0,0,0,0,0,0,1,3,0,0,0,0,0,0
33,2 Oct 2025,,2k50w9k11mfagf9k9c68xn7dg,Enea Jorgji,FC Viktoria Plzeň,Malmö FF,A. Đurić,0,0,1,1,0,1,0,0,24,0,0,0,0,2,0
33,2 Oct 2025,,2k50w9k11mfagf9k9c68xn7dg,Enea Jorgji,FC Viktoria Plzeň,Malmö FF,D. Guðjohnsen,0,1,1,0,2,1,0,0,17,1,0,1,0,1,0
33,2 Oct 2025,,2k50w9k11mfagf9k9c68xn7dg,Enea Jorgji,FC Viktoria Plzeň,Malmö FF,O. Berg,0,0,0,0,0,1,0,0,12,0,0,0,0,0,0
33,2 Oct 2025,,2k50w9k11mfagf9k9c68xn7dg,Enea Jorgji,FC Viktoria Plzeň,Malmö FF,K. Busuladžić,0,1,1,0,2,0,0,0,7,0,0,1,0,1,0
33,2 Oct 2025,,2k50w9k11mfagf9k9c68xn7dg,Enea Jorgji,FC Viktoria Plzeň,Malmö FF,S. Soumah,0,0,1,1,1,0,0,0,5,0,0,1,0,0,0
34,2 Oct 2025,,2kibft4cw0il0qf473078yfbo,Srđan Jovanović,Fenerbahçe Spor Kulübü,OGC Nice Côte d'Azur,Y. En-Nesyri,0,1,1,1,1,1,0,1,10,0,0,3,0,1,0
34,2 Oct 2025,,2kibft4cw0il0qf473078yfbo,Srđan Jovanović,Fenerbahçe Spor Kulübü,OGC Nice Côte d'Azur,İ. Yüksek,1,0,0,0,1,1,0,0,53,0,0,0,0,1,1
34,2 Oct 2025,,2kibft4cw0il0qf473078yfbo,Srđan Jovanović,Fenerbahçe Spor Kulübü,OGC Nice Côte d'Azur,Nélson Semedo,0,0,0,1,0,1,0,1,55,0,0,0,0,1,0
34,2 Oct 2025,,2kibft4cw0il0qf473078yfbo,Srđan Jovanović,Fenerbahçe Spor Kulübü,OGC Nice Côte d'Azur,Talisca,1,2,0,0,1,1,0,0,36,0,0,3,0,2,0
34,2 Oct 2025,,2kibft4cw0il0qf473078yfbo,Srđan Jovanović,Fenerbahçe Spor Kulübü,OGC Nice Côte d'Azur,K. Aktürkoğlu,0,1,0,3,1,3,2,0,26,0,0,4,2,3,1
34,2 Oct 2025,,2kibft4cw0il0qf473078yfbo,Srđan Jovanović,Fenerbahçe Spor Kulübü,OGC Nice Côte d'Azur,M. Škriniar,0,0,0,0,2,3,0,0,76,0,0,0,0,0,0
34,2 Oct 2025,,2kibft4cw0il0qf473078yfbo,Srđan Jovanović,Fenerbahçe Spor Kulübü,OGC Nice Côte d'Azur,J. Oosterwolde,0,0,0,1,1,2,0,0,69,0,0,1,0,4,0
34,2 Oct 2025,,2kibft4cw0il0qf473078yfbo,Srđan Jovanović,Fenerbahçe Spor Kulübü,OGC Nice Côte d'Azur,A. Brown,0,0,0,2,0,1,0,0,41,0,0,0,0,0,0
34,2 Oct 2025,,2kibft4cw0il0qf473078yfbo,Srđan Jovanović,Fenerbahçe Spor Kulübü,OGC Nice Côte d'Azur,Marco Asensio,0,0,1,3,1,0,0,0,16,0,0,1,1,2,0
34,2 Oct 2025,,2kibft4cw0il0qf473078yfbo,Srđan Jovanović,Fenerbahçe Spor Kulübü,OGC Nice Côte d'Azur,D. Nene,0,0,0,4,2,1,0,1,38,0,0,1,0,4,0
34,2 Oct 2025,,2kibft4cw0il0qf473078yfbo,Srđan Jovanović,Fenerbahçe Spor Kulübü,OGC Nice Côte d'Azur,Ederson,0,0,0,0,0,0,0,0,37,0,2,0,0,0,0
34,2 Oct 2025,,2kibft4cw0il0qf473078yfbo,Srđan Jovanović,Fenerbahçe Spor Kulübü,OGC Nice Côte d'Azur,E. Álvarez,0,1,0,0,0,1,0,0,12,0,0,1,0,1,0
34,2 Oct 2025,,2kibft4cw0il0qf473078yfbo,Srđan Jovanović,Fenerbahçe Spor Kulübü,OGC Nice Côte d'Azur,S. Szymański,0,0,0,1,1,0,0,0,9,0,0,1,1,3,0
34,2 Oct 2025,,2kibft4cw0il0qf473078yfbo,Srđan Jovanović,Fenerbahçe Spor Kulübü,OGC Nice Côte d'Azur,İ. Kahveci,0,0,0,0,0,0,0,0,7,0,0,1,1,0,0
34,2 Oct 2025,,2kibft4cw0il0qf473078yfbo,Srđan Jovanović,Fenerbahçe Spor Kulübü,OGC Nice Côte d'Azur,O. Aydın,0,0,1,2,0,1,0,0,5,0,0,0,0,1,0
34,2 Oct 2025,,2kibft4cw0il0qf473078yfbo,Srđan Jovanović,Fenerbahçe Spor Kulübü,OGC Nice Côte d'Azur,Fred,0,0,0,0,1,0,0,0,8,0,0,1,0,0,1
34,2 Oct 2025,,2kibft4cw0il0qf473078yfbo,Srđan Jovanović,Fenerbahçe Spor Kulübü,OGC Nice Côte d'Azur,K. Peprah Oppong,0,0,0,0,1,0,0,0,32,0,0,0,0,1,0
34,2 Oct 2025,,2kibft4cw0il0qf473078yfbo,Srđan Jovanović,Fenerbahçe Spor Kulübü,OGC Nice Côte d'Azur,J. Boga,0,0,0,0,0,0,0,0,22,0,0,0,0,1,0
34,2 Oct 2025,,2kibft4cw0il0qf473078yfbo,Srđan Jovanović,Fenerbahçe Spor Kulübü,OGC Nice Côte d'Azur,C. Vanhoutte,0,0,0,0,1,0,0,0,51,0,0,1,1,0,0
34,2 Oct 2025,,2kibft4cw0il0qf473078yfbo,Srđan Jovanović,Fenerbahçe Spor Kulübü,OGC Nice Côte d'Azur,Y. Diouf,0,0,0,0,0,0,0,0,36,0,3,0,0,0,0
34,2 Oct 2025,,2kibft4cw0il0qf473078yfbo,Srđan Jovanović,Fenerbahçe Spor Kulübü,OGC Nice Côte d'Azur,Kevin Carlos,0,0,1,0,3,2,1,0,20,0,0,2,1,0,0
34,2 Oct 2025,,2kibft4cw0il0qf473078yfbo,Srđan Jovanović,Fenerbahçe Spor Kulübü,OGC Nice Côte d'Azur,T. Louchet,0,1,0,2,1,2,0,0,29,0,0,1,0,2,1
34,2 Oct 2025,,2kibft4cw0il0qf473078yfbo,Srđan Jovanović,Fenerbahçe Spor Kulübü,OGC Nice Côte d'Azur,J. Clauss,0,0,2,4,2,1,0,0,27,0,0,1,0,1,0
34,2 Oct 2025,,2kibft4cw0il0qf473078yfbo,Srđan Jovanović,Fenerbahçe Spor Kulübü,OGC Nice Côte d'Azur,J. Bah,0,0,0,0,0,0,0,0,38,0,0,0,0,0,0
34,2 Oct 2025,,2kibft4cw0il0qf473078yfbo,Srđan Jovanović,Fenerbahçe Spor Kulübü,OGC Nice Côte d'Azur,Tiago Gouveia,0,0,0,1,1,1,0,0,9,0,0,1,0,2,0
34,2 Oct 2025,,2kibft4cw0il0qf473078yfbo,Srđan Jovanović,Fenerbahçe Spor Kulübü,OGC Nice Côte d'Azur,M. Bard,0,0,0,0,2,2,0,0,34,0,0,0,0,4,0
34,2 Oct 2025,,2kibft4cw0il0qf473078yfbo,Srđan Jovanović,Fenerbahçe Spor Kulübü,OGC Nice Côte d'Azur,M. Sanson,0,0,0,1,2,1,0,0,17,0,0,1,0,1,0
34,2 Oct 2025,,2kibft4cw0il0qf473078yfbo,Srđan Jovanović,Fenerbahçe Spor Kulübü,OGC Nice Côte d'Azur,T. Moffi,0,0,1,0,2,0,0,0,4,0,0,2,1,0,0
34,2 Oct 2025,,2kibft4cw0il0qf473078yfbo,Srđan Jovanović,Fenerbahçe Spor Kulübü,OGC Nice Côte d'Azur,S. Diop,0,1,0,0,1,0,0,0,8,0,0,1,0,1,0
34,2 Oct 2025,,2kibft4cw0il0qf473078yfbo,Srđan Jovanović,Fenerbahçe Spor Kulübü,OGC Nice Côte d'Azur,A. Abdi,0,0,0,0,0,2,0,0,7,0,0,0,0,0,0
34,2 Oct 2025,,2kibft4cw0il0qf473078yfbo,Srđan Jovanović,Fenerbahçe Spor Kulübü,OGC Nice Côte d'Azur,A. Mendy,0,0,0,0,0,0,0,0,6,0,0,0,0,0,0
34,2 Oct 2025,,2kibft4cw0il0qf473078yfbo,Srđan Jovanović,Fenerbahçe Spor Kulübü,OGC Nice Côte d'Azur,M. Cho,0,0,0,1,1,0,0,0,1,0,0,0,0,0,0
35,2 Oct 2025,,2kvljjmo0wcgp6qbuiegoqrkk,Mohammed Al Hakim,SC Fotbal Club FCSB SA,BSC Young Boys,S. Ngezana,0,0,0,1,1,1,0,0,54,0,0,0,0,1,0
35,2 Oct 2025,,2kvljjmo0wcgp6qbuiegoqrkk,Mohammed Al Hakim,SC Fotbal Club FCSB SA,BSC Young Boys,M. Edjouma,0,0,0,0,1,0,0,0,1,0,0,0,0,0,0
35,2 Oct 2025,,2kvljjmo0wcgp6qbuiegoqrkk,Mohammed Al Hakim,SC Fotbal Club FCSB SA,BSC Young Boys,Ș. Târnovanu,0,0,1,0,0,0,0,0,30,0,7,0,0,0,0
35,2 Oct 2025,,2kvljjmo0wcgp6qbuiegoqrkk,Mohammed Al Hakim,SC Fotbal Club FCSB SA,BSC Young Boys,D. Alibec,0,0,0,2,0,1,0,0,9,0,0,5,1,0,0
35,2 Oct 2025,,2kvljjmo0wcgp6qbuiegoqrkk,Mohammed Al Hakim,SC Fotbal Club FCSB SA,BSC Young Boys,D. Miculescu,0,0,0,0,1,0,0,0,4,0,0,1,1,0,0
35,2 Oct 2025,,2kvljjmo0wcgp6qbuiegoqrkk,Mohammed Al Hakim,SC Fotbal Club FCSB SA,BSC Young Boys,V. Crețu,0,0,0,4,1,1,0,0,32,0,0,0,0,2,0
35,2 Oct 2025,,2kvljjmo0wcgp6qbuiegoqrkk,Mohammed Al Hakim,SC Fotbal Club FCSB SA,BSC Young Boys,A. Pantea,0,0,2,2,0,0,0,0,55,0,0,3,0,1,0
35,2 Oct 2025,,2kvljjmo0wcgp6qbuiegoqrkk,Mohammed Al Hakim,SC Fotbal Club FCSB SA,BSC Young Boys,M. Thiam,0,1,2,3,0,0,0,0,11,0,0,1,0,0,0
35,2 Oct 2025,,2kvljjmo0wcgp6qbuiegoqrkk,Mohammed Al Hakim,SC Fotbal Club FCSB SA,BSC Young Boys,M. Popescu,0,0,0,0,3,3,0,0,51,0,0,1,0,2,0
35,2 Oct 2025,,2kvljjmo0wcgp6qbuiegoqrkk,Mohammed Al Hakim,SC Fotbal Club FCSB SA,BSC Young Boys,B. Alhassan,0,0,0,0,1,0,0,0,51,0,0,1,0,6,0
35,2 Oct 2025,,2kvljjmo0wcgp6qbuiegoqrkk,Mohammed Al Hakim,SC Fotbal Club FCSB SA,BSC Young Boys,O. Popescu,0,0,2,7,1,1,0,0,30,0,0,0,0,0,0
35,2 Oct 2025,,2kvljjmo0wcgp6qbuiegoqrkk,Mohammed Al Hakim,SC Fotbal Club FCSB SA,BSC Young Boys,F. Tănase,0,0,1,0,0,1,0,0,53,0,0,1,0,2,0
35,2 Oct 2025,,2kvljjmo0wcgp6qbuiegoqrkk,Mohammed Al Hakim,SC Fotbal Club FCSB SA,BSC Young Boys,D. Bîrligea,0,0,0,0,1,2,0,0,11,0,0,0,0,0,0
35,2 Oct 2025,,2kvljjmo0wcgp6qbuiegoqrkk,Mohammed Al Hakim,SC Fotbal Club FCSB SA,BSC Young Boys,D. Olaru,0,0,0,1,0,5,0,0,24,0,0,0,0,2,0
35,2 Oct 2025,,2kvljjmo0wcgp6qbuiegoqrkk,Mohammed Al Hakim,SC Fotbal Club FCSB SA,BSC Young Boys,J. Cisotti,0,0,0,3,0,2,0,1,12,0,0,1,0,2,0
35,2 Oct 2025,,2kvljjmo0wcgp6qbuiegoqrkk,Mohammed Al Hakim,SC Fotbal Club FCSB SA,BSC Young Boys,D. Politic,0,1,0,2,1,1,0,0,16,0,0,3,1,1,1
35,2 Oct 2025,,2kvljjmo0wcgp6qbuiegoqrkk,Mohammed Al Hakim,SC Fotbal Club FCSB SA,BSC Young Boys,A. Gigović,0,0,0,0,3,4,0,0,47,0,0,4,3,0,0
35,2 Oct 2025,,2kvljjmo0wcgp6qbuiegoqrkk,Mohammed Al Hakim,SC Fotbal Club FCSB SA,BSC Young Boys,S. Lauper,0,0,0,0,1,1,0,0,48,0,0,0,0,1,0
35,2 Oct 2025,,2kvljjmo0wcgp6qbuiegoqrkk,Mohammed Al Hakim,SC Fotbal Club FCSB SA,BSC Young Boys,J. Monteiro,0,0,0,1,3,1,2,0,21,0,0,3,3,1,1
35,2 Oct 2025,,2kvljjmo0wcgp6qbuiegoqrkk,Mohammed Al Hakim,SC Fotbal Club FCSB SA,BSC Young Boys,J. Hadjam,0,0,2,2,1,1,0,0,49,0,0,1,1,4,1
35,2 Oct 2025,,2kvljjmo0wcgp6qbuiegoqrkk,Mohammed Al Hakim,SC Fotbal Club FCSB SA,BSC Young Boys,E. Fernandes,1,0,0,5,2,0,0,0,56,0,0,2,1,2,0
35,2 Oct 2025,,2kvljjmo0wcgp6qbuiegoqrkk,Mohammed Al Hakim,SC Fotbal Club FCSB SA,BSC Young Boys,L. Benito,0,0,0,0,1,1,0,0,70,0,0,0,0,2,0
35,2 Oct 2025,,2kvljjmo0wcgp6qbuiegoqrkk,Mohammed Al Hakim,SC Fotbal Club FCSB SA,BSC Young Boys,S. Janko,0,0,0,5,1,1,0,0,26,0,0,0,0,1,0
35,2 Oct 2025,,2kvljjmo0wcgp6qbuiegoqrkk,Mohammed Al Hakim,SC Fotbal Club FCSB SA,BSC Young Boys,C. Bedia,0,0,0,0,0,0,0,0,13,0,0,2,1,0,0
35,2 Oct 2025,,2kvljjmo0wcgp6qbuiegoqrkk,Mohammed Al Hakim,SC Fotbal Club FCSB SA,BSC Young Boys,R. Raveloson,0,0,0,0,2,1,0,0,34,0,0,1,0,0,1
35,2 Oct 2025,,2kvljjmo0wcgp6qbuiegoqrkk,Mohammed Al Hakim,SC Fotbal Club FCSB SA,BSC Young Boys,M. Keller,0,0,0,0,0,0,0,0,39,0,3,0,0,0,0
35,2 Oct 2025,,2kvljjmo0wcgp6qbuiegoqrkk,Mohammed Al Hakim,SC Fotbal Club FCSB SA,BSC Young Boys,D. Males,0,0,0,3,1,1,0,0,11,0,0,1,0,0,0
35,2 Oct 2025,,2kvljjmo0wcgp6qbuiegoqrkk,Mohammed Al Hakim,SC Fotbal Club FCSB SA,BSC Young Boys,S. Córdova,0,1,1,0,1,0,0,0,5,0,0,2,0,1,0
35,2 Oct 2025,,2kvljjmo0wcgp6qbuiegoqrkk,Mohammed Al Hakim,SC Fotbal Club FCSB SA,BSC Young Boys,D. Pech,0,0,0,0,0,0,0,0,6,0,0,0,0,0,0
35,2 Oct 2025,,2kvljjmo0wcgp6qbuiegoqrkk,Mohammed Al Hakim,SC Fotbal Club FCSB SA,BSC Young Boys,C. Fassnacht,0,0,0,0,1,0,0,0,6,0,0,0,0,0,0
35,2 Oct 2025,,2kvljjmo0wcgp6qbuiegoqrkk,Mohammed Al Hakim,SC Fotbal Club FCSB SA,BSC Young Boys,T. Zoukrou,0,0,0,0,0,0,0,0,4,0,0,0,0,0,0
35,2 Oct 2025,,2kvljjmo0wcgp6qbuiegoqrkk,Mohammed Al Hakim,SC Fotbal Club FCSB SA,BSC Young Boys,E. Tsimba,0,0,0,0,1,0,0,0,0,0,0,0,0,0,0
36,2 Oct 2025,,2l8ozuvalcgzsz5vtmtzsbuac,Sebastian Gishamer,Panathinaikos FC,Go Ahead Eagles,K. Świderski,0,2,1,0,0,0,1,0,16,0,0,5,1,0,0
36,2 Oct 2025,,2l8ozuvalcgzsz5vtmtzsbuac,Sebastian Gishamer,Panathinaikos FC,Go Ahead Eagles,Pedro Chirivella,0,0,0,0,1,2,0,0,56,0,0,1,0,1,0
36,2 Oct 2025,,2l8ozuvalcgzsz5vtmtzsbuac,Sebastian Gishamer,Panathinaikos FC,Go Ahead Eagles,E. Palmer-Brown,0,0,0,0,0,1,0,0,79,0,0,0,0,2,0
36,2 Oct 2025,,2l8ozuvalcgzsz5vtmtzsbuac,Sebastian Gishamer,Panathinaikos FC,Go Ahead Eagles,A. Touba,0,0,0,0,0,1,0,0,74,0,0,3,2,0,0
36,2 Oct 2025,,2l8ozuvalcgzsz5vtmtzsbuac,Sebastian Gishamer,Panathinaikos FC,Go Ahead Eagles,G. Kotsiras,0,0,2,5,1,0,0,0,60,0,0,1,1,2,0
36,2 Oct 2025,,2l8ozuvalcgzsz5vtmtzsbuac,Sebastian Gishamer,Panathinaikos FC,Go Ahead Eagles,Tetê,1,1,3,7,0,2,0,0,56,0,0,6,2,0,0
36,2 Oct 2025,,2l8ozuvalcgzsz5vtmtzsbuac,Sebastian Gishamer,Panathinaikos FC,Go Ahead Eagles,A. Lafont,0,0,0,0,0,0,0,0,26,0,2,0,0,0,0
36,2 Oct 2025,,2l8ozuvalcgzsz5vtmtzsbuac,Sebastian Gishamer,Panathinaikos FC,Go Ahead Eagles,T. Bakasetas,0,1,1,2,1,2,0,0,51,0,0,5,0,2,0
36,2 Oct 2025,,2l8ozuvalcgzsz5vtmtzsbuac,Sebastian Gishamer,Panathinaikos FC,Go Ahead Eagles,G. Kyriakopoulos,0,1,2,7,1,0,0,0,56,0,0,3,1,1,0
36,2 Oct 2025,,2l8ozuvalcgzsz5vtmtzsbuac,Sebastian Gishamer,Panathinaikos FC,Go Ahead Eagles,A. Zaroury,0,1,1,7,1,1,0,0,39,0,0,2,0,0,0
36,2 Oct 2025,,2l8ozuvalcgzsz5vtmtzsbuac,Sebastian Gishamer,Panathinaikos FC,Go Ahead Eagles,A. Gnezda Čerin,0,1,1,5,1,1,0,0,43,0,0,3,1,2,0
36,2 Oct 2025,,2l8ozuvalcgzsz5vtmtzsbuac,Sebastian Gishamer,Panathinaikos FC,Go Ahead Eagles,F. Đuričić,0,0,1,1,0,0,0,0,8,0,0,1,1,0,0
36,2 Oct 2025,,2l8ozuvalcgzsz5vtmtzsbuac,Sebastian Gishamer,Panathinaikos FC,Go Ahead Eagles,M. Siopis,0,0,0,0,2,0,0,0,17,0,0,0,0,1,1
36,2 Oct 2025,,2l8ozuvalcgzsz5vtmtzsbuac,Sebastian Gishamer,Panathinaikos FC,Go Ahead Eagles,V. Taborda,0,1,2,2,0,1,0,0,5,0,0,3,0,0,0
36,2 Oct 2025,,2l8ozuvalcgzsz5vtmtzsbuac,Sebastian Gishamer,Panathinaikos FC,Go Ahead Eagles,D. Calabria,0,0,0,1,0,0,0,0,14,0,0,0,0,0,0
36,2 Oct 2025,,2l8ozuvalcgzsz5vtmtzsbuac,Sebastian Gishamer,Panathinaikos FC,Go Ahead Eagles,F. Mladenović,0,0,0,6,0,0,0,0,2,0,0,0,0,0,0
36,2 Oct 2025,,2l8ozuvalcgzsz5vtmtzsbuac,Sebastian Gishamer,Panathinaikos FC,Go Ahead Eagles,J. De Busser,0,0,0,0,0,0,0,0,35,0,8,0,0,0,1
36,2 Oct 2025,,2l8ozuvalcgzsz5vtmtzsbuac,Sebastian Gishamer,Panathinaikos FC,Go Ahead Eagles,J. Kramer,0,0,0,0,3,0,0,0,63,0,0,0,0,0,0
36,2 Oct 2025,,2l8ozuvalcgzsz5vtmtzsbuac,Sebastian Gishamer,Panathinaikos FC,Go Ahead Eagles,D. James,2,0,2,5,1,1,0,0,23,0,0,0,0,0,0
36,2 Oct 2025,,2l8ozuvalcgzsz5vtmtzsbuac,Sebastian Gishamer,Panathinaikos FC,Go Ahead Eagles,M. Smit,0,1,0,1,2,0,2,0,9,0,0,3,2,0,0
36,2 Oct 2025,,2l8ozuvalcgzsz5vtmtzsbuac,Sebastian Gishamer,Panathinaikos FC,Go Ahead Eagles,E. Linthorst,0,0,0,0,3,0,0,0,59,0,0,0,0,2,0
36,2 Oct 2025,,2l8ozuvalcgzsz5vtmtzsbuac,Sebastian Gishamer,Panathinaikos FC,Go Ahead Eagles,R. Margaret,0,0,1,2,1,2,0,0,11,0,0,1,1,3,0
36,2 Oct 2025,,2l8ozuvalcgzsz5vtmtzsbuac,Sebastian Gishamer,Panathinaikos FC,Go Ahead Eagles,J. Breum,0,0,0,3,0,1,0,0,27,0,0,1,1,0,0
36,2 Oct 2025,,2l8ozuvalcgzsz5vtmtzsbuac,Sebastian Gishamer,Panathinaikos FC,Go Ahead Eagles,G. Nauber,0,0,0,0,0,0,0,0,33,0,0,0,0,1,0
36,2 Oct 2025,,2l8ozuvalcgzsz5vtmtzsbuac,Sebastian Gishamer,Panathinaikos FC,Go Ahead Eagles,M. Suray,0,0,0,0,0,0,0,1,20,0,0,0,0,4,0
36,2 Oct 2025,,2l8ozuvalcgzsz5vtmtzsbuac,Sebastian Gishamer,Panathinaikos FC,Go Ahead Eagles,M. Deijl,0,0,0,1,1,1,0,0,25,0,0,0,0,0,0
36,2 Oct 2025,,2l8ozuvalcgzsz5vtmtzsbuac,Sebastian Gishamer,Panathinaikos FC,Go Ahead Eagles,M. Meulensteen,0,2,0,1,1,2,0,0,39,0,0,2,0,1,0
36,2 Oct 2025,,2l8ozuvalcgzsz5vtmtzsbuac,Sebastian Gishamer,Panathinaikos FC,Go Ahead Eagles,C. Twigt,0,0,0,0,0,0,0,0,0,0,0,0,0,0,0
36,2 Oct 2025,,2l8ozuvalcgzsz5vtmtzsbuac,Sebastian Gishamer,Panathinaikos FC,Go Ahead Eagles,A. Adelgaard,0,0,0,0,0,0,0,0,1,0,0,0,0,0,0
36,2 Oct 2025,,2l8ozuvalcgzsz5vtmtzsbuac,Sebastian Gishamer,Panathinaikos FC,Go Ahead Eagles,F. Stokkers,0,0,0,0,0,0,0,0,0,0,0,0,0,0,0
37,2 Oct 2025,,2llosqn5lakiqll1ij7tjxslw,Julian Weinberger,PFK Ludogorets 1945 Razgrad,Real Betis Balompié,Erick Marcus,0,1,3,2,1,2,0,0,12,0,0,3,0,3,0
37,2 Oct 2025,,2llosqn5lakiqll1ij7tjxslw,Julian Weinberger,PFK Ludogorets 1945 Razgrad,Real Betis Balompié,Pedro Naressi,0,0,0,1,1,1,0,0,67,0,0,0,0,1,0
37,2 Oct 2025,,2llosqn5lakiqll1ij7tjxslw,Julian Weinberger,PFK Ludogorets 1945 Razgrad,Real Betis Balompié,E. Kurtulus,0,0,0,0,0,1,0,0,4,0,0,0,0,0,0
37,2 Oct 2025,,2llosqn5lakiqll1ij7tjxslw,Julian Weinberger,PFK Ludogorets 1945 Razgrad,Real Betis Balompié,S. Padt,0,0,0,0,0,0,0,0,34,0,1,0,0,0,0
37,2 Oct 2025,,2llosqn5lakiqll1ij7tjxslw,Julian Weinberger,PFK Ludogorets 1945 Razgrad,Real Betis Balompié,Dinis Almeida,0,0,0,0,0,0,0,0,67,0,0,2,0,2,0
37,2 Oct 2025,,2llosqn5lakiqll1ij7tjxslw,Julian Weinberger,PFK Ludogorets 1945 Razgrad,Real Betis Balompié,E. Bille,0,0,0,1,0,0,0,0,14,0,0,0,0,0,0
37,2 Oct 2025,,2llosqn5lakiqll1ij7tjxslw,Julian Weinberger,PFK Ludogorets 1945 Razgrad,Real Betis Balompié,F. Kaloč,0,0,0,1,0,0,0,0,34,0,0,1,1,0,0
37,2 Oct 2025,,2llosqn5lakiqll1ij7tjxslw,Julian Weinberger,PFK Ludogorets 1945 Razgrad,Real Betis Balompié,A. Nedyalkov,0,0,1,1,0,0,0,1,32,0,0,0,0,0,0
37,2 Oct 2025,,2llosqn5lakiqll1ij7tjxslw,Julian Weinberger,PFK Ludogorets 1945 Razgrad,Real Betis Balompié,Caio Vidal,0,0,2,5,0,3,0,0,27,0,0,1,1,5,0
37,2 Oct 2025,,2llosqn5lakiqll1ij7tjxslw,Julian Weinberger,PFK Ludogorets 1945 Razgrad,Real Betis Balompié,P. Stanić,0,0,0,8,1,2,0,0,39,0,0,2,0,0,0
37,2 Oct 2025,,2llosqn5lakiqll1ij7tjxslw,Julian Weinberger,PFK Ludogorets 1945 Razgrad,Real Betis Balompié,Son,0,0,0,3,0,3,0,0,42,0,0,1,0,1,0
37,2 Oct 2025,,2llosqn5lakiqll1ij7tjxslw,Julian Weinberger,PFK Ludogorets 1945 Razgrad,Real Betis Balompié,O. Verdon,0,0,0,0,2,0,0,0,74,0,0,0,0,0,0
37,2 Oct 2025,,2llosqn5lakiqll1ij7tjxslw,Julian Weinberger,PFK Ludogorets 1945 Razgrad,Real Betis Balompié,B. Tekpetey,0,1,0,1,2,2,0,0,10,0,0,3,0,0,0
37,2 Oct 2025,,2llosqn5lakiqll1ij7tjxslw,Julian Weinberger,PFK Ludogorets 1945 Razgrad,Real Betis Balompié,Matheus Machado,0,0,0,0,0,0,0,0,3,0,0,0,0,0,0
37,2 Oct 2025,,2llosqn5lakiqll1ij7tjxslw,Julian Weinberger,PFK Ludogorets 1945 Razgrad,Real Betis Balompié,I. Chochev,0,0,0,0,0,1,0,1,13,0,0,0,0,0,0
37,2 Oct 2025,,2llosqn5lakiqll1ij7tjxslw,Julian Weinberger,PFK Ludogorets 1945 Razgrad,Real Betis Balompié,S. Ivanov,0,0,0,0,1,0,0,0,6,0,0,0,0,1,1
37,2 Oct 2025,,2llosqn5lakiqll1ij7tjxslw,Julian Weinberger,PFK Ludogorets 1945 Razgrad,Real Betis Balompié,G. Lo Celso,0,0,2,3,0,2,1,0,50,0,0,2,2,0,0
37,2 Oct 2025,,2llosqn5lakiqll1ij7tjxslw,Julian Weinberger,PFK Ludogorets 1945 Razgrad,Real Betis Balompié,Marc Roca,0,2,1,1,1,0,0,0,44,0,0,2,0,3,0
37,2 Oct 2025,,2llosqn5lakiqll1ij7tjxslw,Julian Weinberger,PFK Ludogorets 1945 Razgrad,Real Betis Balompié,Natan,1,0,0,0,0,0,0,0,45,0,0,0,0,1,0
37,2 Oct 2025,,2llosqn5lakiqll1ij7tjxslw,Julian Weinberger,PFK Ludogorets 1945 Razgrad,Real Betis Balompié,V. Gómez,0,0,0,0,2,0,0,0,64,0,0,0,0,0,0
37,2 Oct 2025,,2llosqn5lakiqll1ij7tjxslw,Julian Weinberger,PFK Ludogorets 1945 Razgrad,Real Betis Balompié,J. Firpo,0,0,0,1,4,0,0,0,24,0,0,1,0,1,1
37,2 Oct 2025,,2llosqn5lakiqll1ij7tjxslw,Julian Weinberger,PFK Ludogorets 1945 Razgrad,Real Betis Balompié,Rodrigo Riquelme,0,0,0,2,0,3,0,1,18,0,0,1,0,0,0
37,2 Oct 2025,,2llosqn5lakiqll1ij7tjxslw,Julian Weinberger,PFK Ludogorets 1945 Razgrad,Real Betis Balompié,Aitor Ruibal,0,0,0,0,2,0,0,0,25,0,0,0,0,3,1
37,2 Oct 2025,,2llosqn5lakiqll1ij7tjxslw,Julian Weinberger,PFK Ludogorets 1945 Razgrad,Real Betis Balompié,Sergi Altimira,0,0,0,0,3,1,0,0,42,0,0,0,0,3,0
37,2 Oct 2025,,2llosqn5lakiqll1ij7tjxslw,Julian Weinberger,PFK Ludogorets 1945 Razgrad,Real Betis Balompié,C. Ávila,0,1,1,5,0,1,0,0,29,0,0,2,0,2,0
37,2 Oct 2025,,2llosqn5lakiqll1ij7tjxslw,Julian Weinberger,PFK Ludogorets 1945 Razgrad,Real Betis Balompié,Álvaro Valles,0,0,0,0,0,0,0,0,26,0,1,0,0,0,0
37,2 Oct 2025,,2llosqn5lakiqll1ij7tjxslw,Julian Weinberger,PFK Ludogorets 1945 Razgrad,Real Betis Balompié,C. Bakambu,0,0,0,0,0,0,0,4,10,0,0,1,0,1,0
37,2 Oct 2025,,2llosqn5lakiqll1ij7tjxslw,Julian Weinberger,PFK Ludogorets 1945 Razgrad,Real Betis Balompié,R. Rodríguez,0,0,0,0,2,0,0,0,14,0,0,0,0,0,1
37,2 Oct 2025,,2llosqn5lakiqll1ij7tjxslw,Julian Weinberger,PFK Ludogorets 1945 Razgrad,Real Betis Balompié,Ángel Ortiz,0,0,0,0,1,0,0,0,10,0,0,0,0,1,0
37,2 Oct 2025,,2llosqn5lakiqll1ij7tjxslw,Julian Weinberger,PFK Ludogorets 1945 Razgrad,Real Betis Balompié,A. Ezzalzouli,0,1,0,1,0,1,0,0,5,0,0,2,0,0,0
37,2 Oct 2025,,2llosqn5lakiqll1ij7tjxslw,Julian Weinberger,PFK Ludogorets 1945 Razgrad,Real Betis Balompié,Pablo Fornals,0,1,1,1,0,0,0,0,6,0,0,1,0,0,0
37,2 Oct 2025,,2llosqn5lakiqll1ij7tjxslw,Julian Weinberger,PFK Ludogorets 1945 Razgrad,Real Betis Balompié,S. Amrabat,0,0,0,0,0,0,0,0,8,0,0,0,0,0,0
38,2 Oct 2025,,2lyk3frzz3jzr4n7uo40qfoyc,Əliyar Ağayev,SK Brann,FC Utrecht,E. Kornvig,0,1,0,1,2,1,0,0,35,0,0,1,0,2,0
38,2 Oct 2025,,2lyk3frzz3jzr4n7uo40qfoyc,Əliyar Ağayev,SK Brann,FC Utrecht,U. Mathisen,0,0,1,0,0,0,0,0,15,0,0,0,0,0,0
38,2 Oct 2025,,2lyk3frzz3jzr4n7uo40qfoyc,Əliyar Ağayev,SK Brann,FC Utrecht,D. De Roeve,0,0,0,3,0,1,0,0,35,0,0,1,0,4,0
38,2 Oct 2025,,2lyk3frzz3jzr4n7uo40qfoyc,Əliyar Ağayev,SK Brann,FC Utrecht,S. Magnússon,0,2,2,0,1,0,1,0,15,0,0,4,1,0,0
38,2 Oct 2025,,2lyk3frzz3jzr4n7uo40qfoyc,Əliyar Ağayev,SK Brann,FC Utrecht,V. Dragsnes,0,0,1,3,2,0,0,0,29,0,0,1,1,4,0
38,2 Oct 2025,,2lyk3frzz3jzr4n7uo40qfoyc,Əliyar Ağayev,SK Brann,FC Utrecht,E. Helland,0,0,0,0,3,0,0,0,63,0,0,0,0,2,0
38,2 Oct 2025,,2lyk3frzz3jzr4n7uo40qfoyc,Əliyar Ağayev,SK Brann,FC Utrecht,M. Dyngeland,0,0,0,0,0,0,0,0,45,0,2,0,0,0,1
38,2 Oct 2025,,2lyk3frzz3jzr4n7uo40qfoyc,Əliyar Ağayev,SK Brann,FC Utrecht,F. Knudsen,0,0,0,0,1,2,0,0,66,0,0,0,0,1,1
38,2 Oct 2025,,2lyk3frzz3jzr4n7uo40qfoyc,Əliyar Ağayev,SK Brann,FC Utrecht,F. Myhre,1,0,0,0,0,2,0,0,25,0,0,1,1,1,0
38,2 Oct 2025,,2lyk3frzz3jzr4n7uo40qfoyc,Əliyar Ağayev,SK Brann,FC Utrecht,E. Guðmundsson,0,2,0,1,0,0,0,0,19,0,0,2,0,0,0
38,2 Oct 2025,,2lyk3frzz3jzr4n7uo40qfoyc,Əliyar Ağayev,SK Brann,FC Utrecht,J. Sørensen,0,0,0,0,4,1,0,0,39,0,0,0,0,3,0
38,2 Oct 2025,,2lyk3frzz3jzr4n7uo40qfoyc,Əliyar Ağayev,SK Brann,FC Utrecht,N. Castro,0,0,0,1,2,1,0,1,8,0,0,0,0,0,0
38,2 Oct 2025,,2lyk3frzz3jzr4n7uo40qfoyc,Əliyar Ağayev,SK Brann,FC Utrecht,N. Holm,0,1,0,0,0,3,0,0,9,0,0,1,0,0,0
38,2 Oct 2025,,2lyk3frzz3jzr4n7uo40qfoyc,Əliyar Ağayev,SK Brann,FC Utrecht,T. Pedersen,0,0,0,0,0,0,0,0,4,0,0,0,0,0,0
38,2 Oct 2025,,2lyk3frzz3jzr4n7uo40qfoyc,Əliyar Ağayev,SK Brann,FC Utrecht,B. Finne,0,0,0,0,1,0,0,1,2,0,0,0,0,0,0
38,2 Oct 2025,,2lyk3frzz3jzr4n7uo40qfoyc,Əliyar Ağayev,SK Brann,FC Utrecht,Zidane Iqbal,0,0,0,0,1,1,0,0,59,0,0,0,0,1,0
38,2 Oct 2025,,2lyk3frzz3jzr4n7uo40qfoyc,Əliyar Ağayev,SK Brann,FC Utrecht,M. van der Hoorn,0,0,0,1,0,0,0,0,60,0,0,0,0,1,0
38,2 Oct 2025,,2lyk3frzz3jzr4n7uo40qfoyc,Əliyar Ağayev,SK Brann,FC Utrecht,S. El Karouani,0,0,2,13,1,0,0,0,37,0,0,2,1,0,0
38,2 Oct 2025,,2lyk3frzz3jzr4n7uo40qfoyc,Əliyar Ağayev,SK Brann,FC Utrecht,D. Min,0,0,0,0,3,1,0,3,21,0,0,1,0,2,0
38,2 Oct 2025,,2lyk3frzz3jzr4n7uo40qfoyc,Əliyar Ağayev,SK Brann,FC Utrecht,A. Blake,0,0,0,0,0,2,0,0,17,0,0,1,1,2,0
38,2 Oct 2025,,2lyk3frzz3jzr4n7uo40qfoyc,Əliyar Ağayev,SK Brann,FC Utrecht,N. Viergever,0,0,0,0,1,0,0,0,52,0,0,0,0,1,0
38,2 Oct 2025,,2lyk3frzz3jzr4n7uo40qfoyc,Əliyar Ağayev,SK Brann,FC Utrecht,S. Horemans,0,0,0,4,0,0,0,0,66,0,0,0,0,1,0
38,2 Oct 2025,,2lyk3frzz3jzr4n7uo40qfoyc,Əliyar Ağayev,SK Brann,FC Utrecht,A. Engwanda,0,0,0,0,1,2,0,0,41,0,0,0,0,1,0
38,2 Oct 2025,,2lyk3frzz3jzr4n7uo40qfoyc,Əliyar Ağayev,SK Brann,FC Utrecht,V. Barkas,0,0,0,0,0,0,0,0,33,0,2,0,0,0,0
38,2 Oct 2025,,2lyk3frzz3jzr4n7uo40qfoyc,Əliyar Ağayev,SK Brann,FC Utrecht,G. Zechiël,0,0,0,2,1,2,0,0,48,0,0,0,0,1,1
38,2 Oct 2025,,2lyk3frzz3jzr4n7uo40qfoyc,Əliyar Ağayev,SK Brann,FC Utrecht,Miguel Rodríguez,0,0,1,0,0,4,0,0,22,0,0,1,0,2,0
38,2 Oct 2025,,2lyk3frzz3jzr4n7uo40qfoyc,Əliyar Ağayev,SK Brann,FC Utrecht,S. Haller,0,0,0,0,1,1,0,0,5,0,0,0,0,2,0
38,2 Oct 2025,,2lyk3frzz3jzr4n7uo40qfoyc,Əliyar Ağayev,SK Brann,FC Utrecht,C. Bozdoğan,0,0,0,0,2,0,0,0,16,0,0,1,0,1,1
38,2 Oct 2025,,2lyk3frzz3jzr4n7uo40qfoyc,Əliyar Ağayev,SK Brann,FC Utrecht,M. Jonathans,0,0,0,1,0,1,0,0,4,0,0,0,0,0,0
38,2 Oct 2025,,2lyk3frzz3jzr4n7uo40qfoyc,Əliyar Ağayev,SK Brann,FC Utrecht,D. Murkin,0,0,0,4,0,2,0,0,7,0,0,0,0,0,0
38,2 Oct 2025,,2lyk3frzz3jzr4n7uo40qfoyc,Əliyar Ağayev,SK Brann,FC Utrecht,N. Vesterlund,0,0,0,1,0,0,0,0,3,0,0,0,0,0,0
39,2 Oct 2025,,2mbk87zwl4itlzvv0j2rbm13o,Davide Massa,FC Basel 1893,VfB Stuttgart 1893,J. Adjetey,0,0,0,0,2,0,0,0,30,0,0,0,0,0,0
39,2 Oct 2025,,2mbk87zwl4itlzvv0j2rbm13o,Davide Massa,FC Basel 1893,VfB Stuttgart 1893,J. Agbonifo,0,2,1,3,4,0,0,0,12,0,0,3,0,4,0
39,2 Oct 2025,,2mbk87zwl4itlzvv0j2rbm13o,Davide Massa,FC Basel 1893,VfB Stuttgart 1893,K. Koindredi,0,0,0,0,0,2,0,0,19,0,0,0,0,0,0
39,2 Oct 2025,,2mbk87zwl4itlzvv0j2rbm13o,Davide Massa,FC Basel 1893,VfB Stuttgart 1893,M. Hitz,0,0,0,0,0,0,0,0,39,0,7,0,0,0,0
39,2 Oct 2025,,2mbk87zwl4itlzvv0j2rbm13o,Davide Massa,FC Basel 1893,VfB Stuttgart 1893,N. Vouilloz,0,0,0,1,0,2,0,0,24,0,0,0,0,1,0
39,2 Oct 2025,,2mbk87zwl4itlzvv0j2rbm13o,Davide Massa,FC Basel 1893,VfB Stuttgart 1893,L. Leroy,0,0,0,0,5,0,0,0,32,0,0,2,2,5,0
39,2 Oct 2025,,2mbk87zwl4itlzvv0j2rbm13o,Davide Massa,FC Basel 1893,VfB Stuttgart 1893,P. Otele,0,0,0,0,0,1,0,0,19,0,0,0,0,0,0
39,2 Oct 2025,,2mbk87zwl4itlzvv0j2rbm13o,Davide Massa,FC Basel 1893,VfB Stuttgart 1893,D. Schmid,0,1,0,3,2,1,0,0,31,0,0,2,0,2,1
39,2 Oct 2025,,2mbk87zwl4itlzvv0j2rbm13o,Davide Massa,FC Basel 1893,VfB Stuttgart 1893,F. Daniliuc,0,0,0,0,1,0,0,0,30,0,0,0,0,2,0
39,2 Oct 2025,,2mbk87zwl4itlzvv0j2rbm13o,Davide Massa,FC Basel 1893,VfB Stuttgart 1893,X. Shaqiri,0,0,0,1,0,3,1,0,38,0,0,2,1,0,0
39,2 Oct 2025,,2mbk87zwl4itlzvv0j2rbm13o,Davide Massa,FC Basel 1893,VfB Stuttgart 1893,A. Ajeti,0,0,0,0,2,0,1,0,8,0,0,2,1,1,1
39,2 Oct 2025,,2mbk87zwl4itlzvv0j2rbm13o,Davide Massa,FC Basel 1893,VfB Stuttgart 1893,I. Salah,0,0,0,0,1,0,0,0,2,0,0,0,0,0,1
39,2 Oct 2025,,2mbk87zwl4itlzvv0j2rbm13o,Davide Massa,FC Basel 1893,VfB Stuttgart 1893,A. Bacanin,0,0,0,1,0,0,0,0,5,0,0,0,0,2,0
39,2 Oct 2025,,2mbk87zwl4itlzvv0j2rbm13o,Davide Massa,FC Basel 1893,VfB Stuttgart 1893,M. Šotiček,1,0,0,0,0,0,0,0,2,0,0,0,0,1,0
39,2 Oct 2025,,2mbk87zwl4itlzvv0j2rbm13o,Davide Massa,FC Basel 1893,VfB Stuttgart 1893,M. Broschinski,0,0,0,0,2,1,0,0,0,0,0,1,0,0,0
39,2 Oct 2025,,2mbk87zwl4itlzvv0j2rbm13o,Davide Massa,FC Basel 1893,VfB Stuttgart 1893,A. Barišić,0,0,0,0,0,0,0,0,0,0,0,0,0,1,0
39,2 Oct 2025,,2mbk87zwl4itlzvv0j2rbm13o,Davide Massa,FC Basel 1893,VfB Stuttgart 1893,E. Demirović,0,0,1,0,1,1,0,1,16,0,0,3,1,1,0
39,2 Oct 2025,,2mbk87zwl4itlzvv0j2rbm13o,Davide Massa,FC Basel 1893,VfB Stuttgart 1893,L. Jaquez,0,0,0,0,1,1,0,0,77,0,0,0,0,0,0
39,2 Oct 2025,,2mbk87zwl4itlzvv0j2rbm13o,Davide Massa,FC Basel 1893,VfB Stuttgart 1893,M. Mittelstädt,0,1,1,8,0,1,0,0,51,0,0,2,0,3,0
39,2 Oct 2025,,2mbk87zwl4itlzvv0j2rbm13o,Davide Massa,FC Basel 1893,VfB Stuttgart 1893,R. Hendriks,0,0,0,0,2,3,0,0,64,0,0,2,1,3,0
39,2 Oct 2025,,2mbk87zwl4itlzvv0j2rbm13o,Davide Massa,FC Basel 1893,VfB Stuttgart 1893,L. Assignon,0,0,1,4,2,0,0,0,38,0,0,1,0,1,0
39,2 Oct 2025,,2mbk87zwl4itlzvv0j2rbm13o,Davide Massa,FC Basel 1893,VfB Stuttgart 1893,B. Bouanani,0,3,1,1,0,3,0,0,45,0,0,6,1,1,0
39,2 Oct 2025,,2mbk87zwl4itlzvv0j2rbm13o,Davide Massa,FC Basel 1893,VfB Stuttgart 1893,Tiago Tomás,0,1,2,2,1,2,0,0,25,0,0,5,2,1,0
39,2 Oct 2025,,2mbk87zwl4itlzvv0j2rbm13o,Davide Massa,FC Basel 1893,VfB Stuttgart 1893,J. Leweling,0,3,2,7,2,3,0,0,26,0,0,6,0,0,0
39,2 Oct 2025,,2mbk87zwl4itlzvv0j2rbm13o,Davide Massa,FC Basel 1893,VfB Stuttgart 1893,Chema Andrés,0,2,0,0,0,2,0,0,37,0,0,3,1,3,0
39,2 Oct 2025,,2mbk87zwl4itlzvv0j2rbm13o,Davide Massa,FC Basel 1893,VfB Stuttgart 1893,A. Stiller,0,0,0,3,1,2,0,0,75,0,0,0,0,1,0
39,2 Oct 2025,,2mbk87zwl4itlzvv0j2rbm13o,Davide Massa,FC Basel 1893,VfB Stuttgart 1893,Alexander Nübel,0,0,0,0,0,0,0,0,31,0,2,0,0,0,0
39,2 Oct 2025,,2mbk87zwl4itlzvv0j2rbm13o,Davide Massa,FC Basel 1893,VfB Stuttgart 1893,B. El Khannouss,0,0,1,4,0,0,0,0,21,0,0,0,0,0,0
39,2 Oct 2025,,2mbk87zwl4itlzvv0j2rbm13o,Davide Massa,FC Basel 1893,VfB Stuttgart 1893,C. Führich,0,0,0,0,0,0,0,0,18,0,0,0,0,0,0
39,2 Oct 2025,,2mbk87zwl4itlzvv0j2rbm13o,Davide Massa,FC Basel 1893,VfB Stuttgart 1893,L. Jovanović,0,0,0,3,0,0,0,0,3,0,0,1,1,2,0
39,2 Oct 2025,,2mbk87zwl4itlzvv0j2rbm13o,Davide Massa,FC Basel 1893,VfB Stuttgart 1893,J. Vagnoman,0,0,0,0,0,0,0,0,2,0,0,0,0,0,0
40,2 Oct 2025,,2moh8e75wg250meiiqgrc20b8,Harm Osmers,FC Porto,FK Crvena zvezda Beograd,S. Eustaquio,0,0,0,0,1,2,0,0,41,0,0,0,0,2,0
40,2 Oct 2025,,2moh8e75wg250meiiqgrc20b8,Harm Osmers,FC Porto,FK Crvena zvezda Beograd,Diogo Costa,0,0,0,0,0,0,0,0,36,0,1,0,0,0,0
40,2 Oct 2025,,2moh8e75wg250meiiqgrc20b8,Harm Osmers,FC Porto,FK Crvena zvezda Beograd,Z. Sanusi,0,0,0,1,1,0,0,0,46,0,0,2,0,2,0
40,2 Oct 2025,,2moh8e75wg250meiiqgrc20b8,Harm Osmers,FC Porto,FK Crvena zvezda Beograd,J. Bednarek,0,0,0,0,0,0,0,0,39,0,0,0,0,0,0
40,2 Oct 2025,,2moh8e75wg250meiiqgrc20b8,Harm Osmers,FC Porto,FK Crvena zvezda Beograd,Martim Fernandes,0,0,0,1,0,0,0,0,19,0,0,0,0,0,0
40,2 Oct 2025,,2moh8e75wg250meiiqgrc20b8,Harm Osmers,FC Porto,FK Crvena zvezda Beograd,D. Prpić,0,1,0,0,2,1,0,0,60,0,0,2,0,4,1
40,2 Oct 2025,,2moh8e75wg250meiiqgrc20b8,Harm Osmers,FC Porto,FK Crvena zvezda Beograd,Ángel Alarcón,0,1,0,1,1,0,0,0,17,0,0,2,0,1,0
40,2 Oct 2025,,2moh8e75wg250meiiqgrc20b8,Harm Osmers,FC Porto,FK Crvena zvezda Beograd,William,0,1,2,4,1,0,1,0,10,0,0,3,2,0,0
40,2 Oct 2025,,2moh8e75wg250meiiqgrc20b8,Harm Osmers,FC Porto,FK Crvena zvezda Beograd,P. Rosario,0,0,0,0,2,0,0,0,58,0,0,0,0,3,0
40,2 Oct 2025,,2moh8e75wg250meiiqgrc20b8,Harm Osmers,FC Porto,FK Crvena zvezda Beograd,D. Gül,0,1,0,0,1,1,0,0,7,0,0,2,1,0,0
40,2 Oct 2025,,2moh8e75wg250meiiqgrc20b8,Harm Osmers,FC Porto,FK Crvena zvezda Beograd,Rodrigo Mora,0,0,2,4,1,0,1,0,19,0,0,4,1,4,1
40,2 Oct 2025,,2moh8e75wg250meiiqgrc20b8,Harm Osmers,FC Porto,FK Crvena zvezda Beograd,V. Froholdt,0,0,0,2,0,0,0,0,15,0,0,2,0,0,0
40,2 Oct 2025,,2moh8e75wg250meiiqgrc20b8,Harm Osmers,FC Porto,FK Crvena zvezda Beograd,Alberto Costa,0,0,1,1,1,2,0,0,22,0,0,0,0,1,1
40,2 Oct 2025,,2moh8e75wg250meiiqgrc20b8,Harm Osmers,FC Porto,FK Crvena zvezda Beograd,Pepê,1,0,0,4,0,0,0,0,12,0,0,0,0,0,0
40,2 Oct 2025,,2moh8e75wg250meiiqgrc20b8,Harm Osmers,FC Porto,FK Crvena zvezda Beograd,Borja Sainz,0,0,0,1,0,0,0,1,7,0,0,1,0,0,0
40,2 Oct 2025,,2moh8e75wg250meiiqgrc20b8,Harm Osmers,FC Porto,FK Crvena zvezda Beograd,Gabri Veiga,0,0,0,0,0,2,0,0,10,0,0,0,0,2,0
40,2 Oct 2025,,2moh8e75wg250meiiqgrc20b8,Harm Osmers,FC Porto,FK Crvena zvezda Beograd,T. Elšnik,0,1,1,1,3,1,0,0,37,0,0,1,0,2,0
40,2 Oct 2025,,2moh8e75wg250meiiqgrc20b8,Harm Osmers,FC Porto,FK Crvena zvezda Beograd,Matheus,0,0,0,0,0,2,0,0,31,0,2,0,0,0,0
40,2 Oct 2025,,2moh8e75wg250meiiqgrc20b8,Harm Osmers,FC Porto,FK Crvena zvezda Beograd,F. Tebo Uchenna,0,0,0,0,1,0,0,0,58,0,0,0,0,1,1
40,2 Oct 2025,,2moh8e75wg250meiiqgrc20b8,Harm Osmers,FC Porto,FK Crvena zvezda Beograd,Seol Young-Woo,0,0,1,1,0,2,0,0,45,0,0,0,0,3,0
40,2 Oct 2025,,2moh8e75wg250meiiqgrc20b8,Harm Osmers,FC Porto,FK Crvena zvezda Beograd,M. Arnautović,0,0,0,0,1,0,0,1,27,0,0,1,0,0,0
40,2 Oct 2025,,2moh8e75wg250meiiqgrc20b8,Harm Osmers,FC Porto,FK Crvena zvezda Beograd,M. Veljković,1,0,0,0,0,0,0,0,41,0,0,0,0,0,0
40,2 Oct 2025,,2moh8e75wg250meiiqgrc20b8,Harm Osmers,FC Porto,FK Crvena zvezda Beograd,N. Radonjić,0,0,0,3,1,1,0,0,21,0,0,0,0,1,0
40,2 Oct 2025,,2moh8e75wg250meiiqgrc20b8,Harm Osmers,FC Porto,FK Crvena zvezda Beograd,V. Kostov,0,0,0,3,0,1,1,0,23,0,0,1,1,0,0
40,2 Oct 2025,,2moh8e75wg250meiiqgrc20b8,Harm Osmers,FC Porto,FK Crvena zvezda Beograd,N. Tiknizyan,0,0,1,1,1,2,0,0,26,0,0,0,0,1,1
40,2 Oct 2025,,2moh8e75wg250meiiqgrc20b8,Harm Osmers,FC Porto,FK Crvena zvezda Beograd,Tomás Händel,0,0,0,1,1,0,0,0,64,0,0,1,1,1,0
40,2 Oct 2025,,2moh8e75wg250meiiqgrc20b8,Harm Osmers,FC Porto,FK Crvena zvezda Beograd,M. Ivanić,0,1,0,2,0,0,0,0,27,0,0,2,0,0,0
40,2 Oct 2025,,2moh8e75wg250meiiqgrc20b8,Harm Osmers,FC Porto,FK Crvena zvezda Beograd,Milson,0,0,0,0,0,1,0,0,8,0,0,1,0,1,0
40,2 Oct 2025,,2moh8e75wg250meiiqgrc20b8,Harm Osmers,FC Porto,FK Crvena zvezda Beograd,P. Olayinka,0,0,0,0,0,0,0,0,5,0,0,0,0,1,0
40,2 Oct 2025,,2moh8e75wg250meiiqgrc20b8,Harm Osmers,FC Porto,FK Crvena zvezda Beograd,Bruno Duarte,0,0,0,0,0,1,0,0,3,0,0,2,0,0,0
40,2 Oct 2025,,2moh8e75wg250meiiqgrc20b8,Harm Osmers,FC Porto,FK Crvena zvezda Beograd,N. Stanković,0,0,0,0,0,0,0,0,6,0,0,0,0,0,0
40,2 Oct 2025,,2moh8e75wg250meiiqgrc20b8,Harm Osmers,FC Porto,FK Crvena zvezda Beograd,M. Bajo,0,0,0,0,0,0,0,0,1,0,0,0,0,0,0
3,24 Jul 2025,,1d4aeg74h672gn0c4t0krxc0k,Georgi Kabakov,Beşiktaş Jimnastik Kulübü,FC Shakhtar Donetsk,E. Tıknaz,0,0,0,0,1,0,0,0,40,0,0,0,0,3,0
3,24 Jul 2025,,1d4aeg74h672gn0c4t0krxc0k,Georgi Kabakov,Beşiktaş Jimnastik Kulübü,FC Shakhtar Donetsk,T. Abraham,0,0,0,0,2,0,1,0,15,0,0,1,1,0,0
3,24 Jul 2025,,1d4aeg74h672gn0c4t0krxc0k,Georgi Kabakov,Beşiktaş Jimnastik Kulübü,FC Shakhtar Donetsk,Rafa,0,0,1,0,0,1,0,0,14,0,0,4,3,1,0
3,24 Jul 2025,,1d4aeg74h672gn0c4t0krxc0k,Georgi Kabakov,Beşiktaş Jimnastik Kulübü,FC Shakhtar Donetsk,M. Günok,0,0,1,0,0,0,0,0,17,0,1,0,0,0,1
3,24 Jul 2025,,1d4aeg74h672gn0c4t0krxc0k,Georgi Kabakov,Beşiktaş Jimnastik Kulübü,FC Shakhtar Donetsk,Gabriel Paulista,0,0,0,0,1,0,0,0,50,0,0,0,0,0,0
3,24 Jul 2025,,1d4aeg74h672gn0c4t0krxc0k,Georgi Kabakov,Beşiktaş Jimnastik Kulübü,FC Shakhtar Donetsk,F. Uduokhai,0,1,0,0,1,0,0,0,65,0,0,2,0,0,1
3,24 Jul 2025,,1d4aeg74h672gn0c4t0krxc0k,Georgi Kabakov,Beşiktaş Jimnastik Kulübü,FC Shakhtar Donetsk,O. Kökçü,0,0,2,5,3,1,0,0,33,0,0,2,0,1,0
3,24 Jul 2025,,1d4aeg74h672gn0c4t0krxc0k,Georgi Kabakov,Beşiktaş Jimnastik Kulübü,FC Shakhtar Donetsk,J. Svensson,0,0,0,0,1,2,0,0,38,0,0,0,0,2,0
3,24 Jul 2025,,1d4aeg74h672gn0c4t0krxc0k,Georgi Kabakov,Beşiktaş Jimnastik Kulübü,FC Shakhtar Donetsk,D. Jurásek,0,0,1,9,1,1,0,0,44,0,0,0,0,0,0
3,24 Jul 2025,,1d4aeg74h672gn0c4t0krxc0k,Georgi Kabakov,Beşiktaş Jimnastik Kulübü,FC Shakhtar Donetsk,Gedson Fernandes,0,0,0,1,0,1,0,0,28,0,0,1,1,1,0
3,24 Jul 2025,,1d4aeg74h672gn0c4t0krxc0k,Georgi Kabakov,Beşiktaş Jimnastik Kulübü,FC Shakhtar Donetsk,M. Rashica,0,0,0,5,0,0,0,0,14,0,0,0,0,2,0
3,24 Jul 2025,,1d4aeg74h672gn0c4t0krxc0k,Georgi Kabakov,Beşiktaş Jimnastik Kulübü,FC Shakhtar Donetsk,E. Muçi,0,0,0,1,0,0,0,1,10,0,0,1,0,0,0
3,24 Jul 2025,,1d4aeg74h672gn0c4t0krxc0k,Georgi Kabakov,Beşiktaş Jimnastik Kulübü,FC Shakhtar Donetsk,K. Yılmaz,0,0,0,1,0,0,0,0,35,0,0,0,0,1,1
3,24 Jul 2025,,1d4aeg74h672gn0c4t0krxc0k,Georgi Kabakov,Beşiktaş Jimnastik Kulübü,FC Shakhtar Donetsk,João Mário,0,0,0,1,0,0,1,0,12,0,0,1,1,0,0
3,24 Jul 2025,,1d4aeg74h672gn0c4t0krxc0k,Georgi Kabakov,Beşiktaş Jimnastik Kulübü,FC Shakhtar Donetsk,S. Kılıçsoy,0,0,0,0,0,0,0,0,1,0,0,0,0,0,0
3,24 Jul 2025,,1d4aeg74h672gn0c4t0krxc0k,Georgi Kabakov,Beşiktaş Jimnastik Kulübü,FC Shakhtar Donetsk,Eguinaldo,1,0,0,0,1,1,1,0,11,0,0,1,1,0,0
3,24 Jul 2025,,1d4aeg74h672gn0c4t0krxc0k,Georgi Kabakov,Beşiktaş Jimnastik Kulübü,FC Shakhtar Donetsk,Marlon Gomes,0,0,0,0,0,2,0,0,22,0,0,1,0,4,0
3,24 Jul 2025,,1d4aeg74h672gn0c4t0krxc0k,Georgi Kabakov,Beşiktaş Jimnastik Kulübü,FC Shakhtar Donetsk,Pedro Henrique,0,0,0,0,0,0,0,0,44,0,0,0,0,0,0
3,24 Jul 2025,,1d4aeg74h672gn0c4t0krxc0k,Georgi Kabakov,Beşiktaş Jimnastik Kulübü,FC Shakhtar Donetsk,M. Matviienko,0,0,0,0,0,0,0,0,76,0,0,0,0,0,0
3,24 Jul 2025,,1d4aeg74h672gn0c4t0krxc0k,Georgi Kabakov,Beşiktaş Jimnastik Kulübü,FC Shakhtar Donetsk,V. Bondar,0,0,0,0,0,2,0,0,79,0,0,0,0,2,0
3,24 Jul 2025,,1d4aeg74h672gn0c4t0krxc0k,Georgi Kabakov,Beşiktaş Jimnastik Kulübü,FC Shakhtar Donetsk,O. Ocheretko,0,0,0,0,1,1,0,0,47,0,0,1,1,4,0
3,24 Jul 2025,,1d4aeg74h672gn0c4t0krxc0k,Georgi Kabakov,Beşiktaş Jimnastik Kulübü,FC Shakhtar Donetsk,Kevin,0,0,0,2,0,0,2,1,21,0,0,5,2,2,0
3,24 Jul 2025,,1d4aeg74h672gn0c4t0krxc0k,Georgi Kabakov,Beşiktaş Jimnastik Kulübü,FC Shakhtar Donetsk,H. Sudakov,0,0,1,0,0,1,0,0,46,0,0,1,0,1,0
3,24 Jul 2025,,1d4aeg74h672gn0c4t0krxc0k,Georgi Kabakov,Beşiktaş Jimnastik Kulübü,FC Shakhtar Donetsk,D. Riznyk,0,0,0,0,0,0,0,0,44,0,5,0,0,0,1
3,24 Jul 2025,,1d4aeg74h672gn0c4t0krxc0k,Georgi Kabakov,Beşiktaş Jimnastik Kulübü,FC Shakhtar Donetsk,Y. Konoplia,0,0,0,1,2,1,0,0,24,0,0,0,0,0,0
3,24 Jul 2025,,1d4aeg74h672gn0c4t0krxc0k,Georgi Kabakov,Beşiktaş Jimnastik Kulübü,FC Shakhtar Donetsk,Alisson Santana,1,1,0,2,1,1,1,0,20,0,0,2,1,1,0
3,24 Jul 2025,,1d4aeg74h672gn0c4t0krxc0k,Georgi Kabakov,Beşiktaş Jimnastik Kulübü,FC Shakhtar Donetsk,Vinícius Tobias,0,0,0,0,0,0,0,0,28,0,0,0,0,0,0
3,24 Jul 2025,,1d4aeg74h672gn0c4t0krxc0k,Georgi Kabakov,Beşiktaş Jimnastik Kulübü,FC Shakhtar Donetsk,Pedrinho,0,0,0,0,0,0,0,0,23,0,0,0,0,0,0
3,24 Jul 2025,,1d4aeg74h672gn0c4t0krxc0k,Georgi Kabakov,Beşiktaş Jimnastik Kulübü,FC Shakhtar Donetsk,A. Bondarenko,1,0,0,0,0,1,0,0,11,0,0,0,0,0,0
3,24 Jul 2025,,1d4aeg74h672gn0c4t0krxc0k,Georgi Kabakov,Beşiktaş Jimnastik Kulübü,FC Shakhtar Donetsk,Newerton,0,0,0,1,2,0,0,1,0,0,0,0,0,0,0
3,24 Jul 2025,,1d4aeg74h672gn0c4t0krxc0k,Georgi Kabakov,Beşiktaş Jimnastik Kulübü,FC Shakhtar Donetsk,G. Gocholeishvili,0,0,0,0,0,0,0,0,2,0,0,0,0,0,0
4,31 Jul 2025,,1ehuo3mhuzksrzc07hgz3v7dg,Juan Martínez Munuera,FC Shakhtar Donetsk,Beşiktaş Jimnastik Kulübü,Kauã Elias,0,1,0,0,0,1,1,1,10,0,0,2,1,0,0
4,31 Jul 2025,,1ehuo3mhuzksrzc07hgz3v7dg,Juan Martínez Munuera,FC Shakhtar Donetsk,Beşiktaş Jimnastik Kulübü,Marlon Gomes,0,0,0,0,0,0,0,0,35,0,0,0,0,2,0
4,31 Jul 2025,,1ehuo3mhuzksrzc07hgz3v7dg,Juan Martínez Munuera,FC Shakhtar Donetsk,Beşiktaş Jimnastik Kulübü,Pedro Henrique,0,0,0,0,1,0,0,1,71,0,0,0,0,1,0
4,31 Jul 2025,,1ehuo3mhuzksrzc07hgz3v7dg,Juan Martínez Munuera,FC Shakhtar Donetsk,Beşiktaş Jimnastik Kulübü,Kevin,0,0,0,1,0,3,1,0,12,0,0,1,1,0,0
4,31 Jul 2025,,1ehuo3mhuzksrzc07hgz3v7dg,Juan Martínez Munuera,FC Shakhtar Donetsk,Beşiktaş Jimnastik Kulübü,Pedrinho,1,0,0,0,2,1,0,0,25,0,0,0,0,0,1
4,31 Jul 2025,,1ehuo3mhuzksrzc07hgz3v7dg,Juan Martínez Munuera,FC Shakhtar Donetsk,Beşiktaş Jimnastik Kulübü,O. Ocheretko,0,0,0,0,2,1,0,0,51,0,0,0,0,2,1
4,31 Jul 2025,,1ehuo3mhuzksrzc07hgz3v7dg,Juan Martínez Munuera,FC Shakhtar Donetsk,Beşiktaş Jimnastik Kulübü,V. Bondar,0,0,0,0,0,0,0,0,61,0,0,0,0,1,1
4,31 Jul 2025,,1ehuo3mhuzksrzc07hgz3v7dg,Juan Martínez Munuera,FC Shakhtar Donetsk,Beşiktaş Jimnastik Kulübü,D. Riznyk,0,0,0,0,0,1,0,0,51,0,2,0,0,0,0
4,31 Jul 2025,,1ehuo3mhuzksrzc07hgz3v7dg,Juan Martínez Munuera,FC Shakhtar Donetsk,Beşiktaş Jimnastik Kulübü,M. Matviienko,0,0,0,0,1,1,0,0,83,0,0,0,0,0,1
4,31 Jul 2025,,1ehuo3mhuzksrzc07hgz3v7dg,Juan Martínez Munuera,FC Shakhtar Donetsk,Beşiktaş Jimnastik Kulübü,Alisson Santana,0,2,1,1,2,3,0,0,29,0,0,5,1,2,1
4,31 Jul 2025,,1ehuo3mhuzksrzc07hgz3v7dg,Juan Martínez Munuera,FC Shakhtar Donetsk,Beşiktaş Jimnastik Kulübü,Vinícius Tobias,1,0,1,0,0,1,0,0,47,0,0,1,1,5,1
4,31 Jul 2025,,1ehuo3mhuzksrzc07hgz3v7dg,Juan Martínez Munuera,FC Shakhtar Donetsk,Beşiktaş Jimnastik Kulübü,Newerton,0,0,0,1,1,0,0,0,10,0,0,0,0,1,0
4,31 Jul 2025,,1ehuo3mhuzksrzc07hgz3v7dg,Juan Martínez Munuera,FC Shakhtar Donetsk,Beşiktaş Jimnastik Kulübü,A. Bondarenko,0,0,0,0,0,0,0,1,21,0,0,0,0,0,0
4,31 Jul 2025,,1ehuo3mhuzksrzc07hgz3v7dg,Juan Martínez Munuera,FC Shakhtar Donetsk,Beşiktaş Jimnastik Kulübü,L. Traoré,0,1,0,0,0,1,0,0,3,0,0,3,0,0,0
4,31 Jul 2025,,1ehuo3mhuzksrzc07hgz3v7dg,Juan Martínez Munuera,FC Shakhtar Donetsk,Beşiktaş Jimnastik Kulübü,H. Sudakov,0,0,1,1,0,0,0,0,28,0,0,0,0,1,0
4,31 Jul 2025,,1ehuo3mhuzksrzc07hgz3v7dg,Juan Martínez Munuera,FC Shakhtar Donetsk,Beşiktaş Jimnastik Kulübü,G. Gocholeishvili,0,0,0,0,0,0,0,0,5,0,0,0,0,0,0
4,31 Jul 2025,,1ehuo3mhuzksrzc07hgz3v7dg,Juan Martínez Munuera,FC Shakhtar Donetsk,Beşiktaş Jimnastik Kulübü,J. Svensson,0,0,1,2,2,0,0,0,51,0,0,0,0,0,0
4,31 Jul 2025,,1ehuo3mhuzksrzc07hgz3v7dg,Juan Martínez Munuera,FC Shakhtar Donetsk,Beşiktaş Jimnastik Kulübü,Rafa,0,0,0,1,0,3,0,1,19,0,0,0,0,0,0
4,31 Jul 2025,,1ehuo3mhuzksrzc07hgz3v7dg,Juan Martínez Munuera,FC Shakhtar Donetsk,Beşiktaş Jimnastik Kulübü,E. Tıknaz,0,1,1,0,2,0,0,0,33,0,0,1,0,1,1
4,31 Jul 2025,,1ehuo3mhuzksrzc07hgz3v7dg,Juan Martínez Munuera,FC Shakhtar Donetsk,Beşiktaş Jimnastik Kulübü,E. Topçu,0,0,0,1,2,2,0,0,33,0,0,0,0,3,1
4,31 Jul 2025,,1ehuo3mhuzksrzc07hgz3v7dg,Juan Martínez Munuera,FC Shakhtar Donetsk,Beşiktaş Jimnastik Kulübü,K. Yılmaz,0,0,0,5,1,0,0,0,47,0,0,1,1,2,0
4,31 Jul 2025,,1ehuo3mhuzksrzc07hgz3v7dg,Juan Martínez Munuera,FC Shakhtar Donetsk,Beşiktaş Jimnastik Kulübü,F. Uduokhai,0,0,0,0,1,0,0,0,65,0,0,0,0,0,0
4,31 Jul 2025,,1ehuo3mhuzksrzc07hgz3v7dg,Juan Martínez Munuera,FC Shakhtar Donetsk,Beşiktaş Jimnastik Kulübü,E. Muçi,0,1,0,0,1,0,0,1,33,0,0,3,0,2,0
4,31 Jul 2025,,1ehuo3mhuzksrzc07hgz3v7dg,Juan Martínez Munuera,FC Shakhtar Donetsk,Beşiktaş Jimnastik Kulübü,Gabriel Paulista,0,0,0,0,1,1,0,0,57,0,0,1,0,0,1
4,31 Jul 2025,,1ehuo3mhuzksrzc07hgz3v7dg,Juan Martínez Munuera,FC Shakhtar Donetsk,Beşiktaş Jimnastik Kulübü,João Mário,0,1,1,5,1,0,0,0,30,0,0,1,0,3,0
4,31 Jul 2025,,1ehuo3mhuzksrzc07hgz3v7dg,Juan Martínez Munuera,FC Shakhtar Donetsk,Beşiktaş Jimnastik Kulübü,M. Günok,0,0,0,0,0,0,0,0,11,0,1,0,0,0,0
4,31 Jul 2025,,1ehuo3mhuzksrzc07hgz3v7dg,Juan Martínez Munuera,FC Shakhtar Donetsk,Beşiktaş Jimnastik Kulübü,T. Abraham,0,1,0,0,1,0,0,2,9,0,0,2,1,1,0
4,31 Jul 2025,,1ehuo3mhuzksrzc07hgz3v7dg,Juan Martínez Munuera,FC Shakhtar Donetsk,Beşiktaş Jimnastik Kulübü,A. Hadžiahmetović,0,0,0,0,0,1,0,0,24,0,0,0,0,1,0
4,31 Jul 2025,,1ehuo3mhuzksrzc07hgz3v7dg,Juan Martínez Munuera,FC Shakhtar Donetsk,Beşiktaş Jimnastik Kulübü,S. Kılıçsoy,0,0,0,0,1,0,0,0,6,0,0,0,0,0,0
4,31 Jul 2025,,1ehuo3mhuzksrzc07hgz3v7dg,Juan Martínez Munuera,FC Shakhtar Donetsk,Beşiktaş Jimnastik Kulübü,D. Jurásek,0,0,0,0,0,0,0,0,2,0,0,0,0,0,0
4,31 Jul 2025,,1ehuo3mhuzksrzc07hgz3v7dg,Juan Martínez Munuera,FC Shakhtar Donetsk,Beşiktaş Jimnastik Kulübü,N. Uysal,0,0,0,0,0,0,0,0,3,0,0,0,0,0,0
4,31 Jul 2025,,1ehuo3mhuzksrzc07hgz3v7dg,Juan Martínez Munuera,FC Shakhtar Donetsk,Beşiktaş Jimnastik Kulübü,T. Bingöl,0,0,0,0,0,1,0,0,1,0,0,0,0,0,0
6,21 Aug 2025,,1hrz06s9q780z4e4ujqya4ob8,Srđan Jovanović,FC Midtjylland,Kuopion Palloseura,M. Bech,1,0,0,0,0,0,0,0,60,0,0,0,0,0,0
6,21 Aug 2025,,1hrz06s9q780z4e4ujqya4ob8,Srđan Jovanović,FC Midtjylland,Kuopion Palloseura,D. Osorio,1,0,0,1,4,0,1,0,30,0,0,1,1,1,0
6,21 Aug 2025,,1hrz06s9q780z4e4ujqya4ob8,Srđan Jovanović,FC Midtjylland,Kuopion Palloseura,K. Mbabu,1,0,1,3,2,1,0,0,52,0,0,0,0,3,0
6,21 Aug 2025,,1hrz06s9q780z4e4ujqya4ob8,Srđan Jovanović,FC Midtjylland,Kuopion Palloseura,D. Castillo,0,0,1,0,0,1,0,0,21,0,0,2,1,0,0
6,21 Aug 2025,,1hrz06s9q780z4e4ujqya4ob8,Srđan Jovanović,FC Midtjylland,Kuopion Palloseura,A. Şimşir,1,0,1,3,2,1,0,0,31,0,0,0,0,0,0
6,21 Aug 2025,,1hrz06s9q780z4e4ujqya4ob8,Srđan Jovanović,FC Midtjylland,Kuopion Palloseura,A. Buksa,0,0,0,0,1,0,1,0,14,0,0,1,1,1,0
6,21 Aug 2025,,1hrz06s9q780z4e4ujqya4ob8,Srđan Jovanović,FC Midtjylland,Kuopion Palloseura,Paulinho,0,0,0,3,0,2,0,0,43,0,0,0,0,3,0
6,21 Aug 2025,,1hrz06s9q780z4e4ujqya4ob8,Srđan Jovanović,FC Midtjylland,Kuopion Palloseura,E. Ólafsson,0,0,0,0,0,0,0,0,36,0,3,0,0,0,0
6,21 Aug 2025,,1hrz06s9q780z4e4ujqya4ob8,Srđan Jovanović,FC Midtjylland,Kuopion Palloseura,M. Erlić,0,0,0,0,1,2,0,0,48,0,0,1,1,0,1
6,21 Aug 2025,,1hrz06s9q780z4e4ujqya4ob8,Srđan Jovanović,FC Midtjylland,Kuopion Palloseura,Franculino Djú,0,0,0,0,0,0,0,0,11,0,0,1,0,0,0
6,21 Aug 2025,,1hrz06s9q780z4e4ujqya4ob8,Srđan Jovanović,FC Midtjylland,Kuopion Palloseura,P. Bravo,0,0,0,0,0,1,0,0,39,0,0,0,0,1,0
6,21 Aug 2025,,1hrz06s9q780z4e4ujqya4ob8,Srđan Jovanović,FC Midtjylland,Kuopion Palloseura,V. Byskov,0,1,1,1,1,0,0,0,23,0,0,3,1,1,0
6,21 Aug 2025,,1hrz06s9q780z4e4ujqya4ob8,Srđan Jovanović,FC Midtjylland,Kuopion Palloseura,Júnior Brumado,0,0,0,0,0,2,2,0,4,0,0,2,2,0,0
6,21 Aug 2025,,1hrz06s9q780z4e4ujqya4ob8,Srđan Jovanović,FC Midtjylland,Kuopion Palloseura,M. Gogorza,0,1,0,1,0,0,0,0,12,0,0,2,0,1,0
6,21 Aug 2025,,1hrz06s9q780z4e4ujqya4ob8,Srđan Jovanović,FC Midtjylland,Kuopion Palloseura,Dani Silva,0,0,0,0,0,0,0,0,10,0,0,1,1,0,0
6,21 Aug 2025,,1hrz06s9q780z4e4ujqya4ob8,Srđan Jovanović,FC Midtjylland,Kuopion Palloseura,E. Chilufya,0,0,0,0,0,1,0,0,2,0,0,0,0,0,0
6,21 Aug 2025,,1hrz06s9q780z4e4ujqya4ob8,Srđan Jovanović,FC Midtjylland,Kuopion Palloseura,P. Pennanen,0,0,1,0,0,1,0,0,51,0,0,2,1,2,1
6,21 Aug 2025,,1hrz06s9q780z4e4ujqya4ob8,Srđan Jovanović,FC Midtjylland,Kuopion Palloseura,T. Hämäläinen,0,0,0,0,3,1,0,0,63,0,0,0,0,2,0
6,21 Aug 2025,,1hrz06s9q780z4e4ujqya4ob8,Srđan Jovanović,FC Midtjylland,Kuopion Palloseura,B. Armah,0,0,1,3,0,2,0,0,34,0,0,0,0,2,0
6,21 Aug 2025,,1hrz06s9q780z4e4ujqya4ob8,Srđan Jovanović,FC Midtjylland,Kuopion Palloseura,D. Arifi,0,0,0,1,0,0,0,0,75,0,0,0,0,0,0
6,21 Aug 2025,,1hrz06s9q780z4e4ujqya4ob8,Srđan Jovanović,FC Midtjylland,Kuopion Palloseura,S. Pasanen,0,0,1,4,2,0,0,0,30,0,0,0,0,2,0
6,21 Aug 2025,,1hrz06s9q780z4e4ujqya4ob8,Srđan Jovanović,FC Midtjylland,Kuopion Palloseura,I. Cissé,0,0,0,1,1,1,0,0,64,0,0,0,0,3,1
6,21 Aug 2025,,1hrz06s9q780z4e4ujqya4ob8,Srđan Jovanović,FC Midtjylland,Kuopion Palloseura,J. Kreidl,0,0,0,0,0,0,0,0,50,0,4,0,0,0,0
6,21 Aug 2025,,1hrz06s9q780z4e4ujqya4ob8,Srđan Jovanović,FC Midtjylland,Kuopion Palloseura,S. Savolainen,0,0,1,2,1,1,0,0,38,0,0,2,2,2,0
6,21 Aug 2025,,1hrz06s9q780z4e4ujqya4ob8,Srđan Jovanović,FC Midtjylland,Kuopion Palloseura,J. Oksanen,0,0,0,2,0,2,0,0,74,0,0,0,0,2,0
6,21 Aug 2025,,1hrz06s9q780z4e4ujqya4ob8,Srđan Jovanović,FC Midtjylland,Kuopion Palloseura,O. Ruoppi,0,1,0,0,0,0,0,0,43,0,0,1,0,4,0
6,21 Aug 2025,,1hrz06s9q780z4e4ujqya4ob8,Srđan Jovanović,FC Midtjylland,Kuopion Palloseura,M. Toure,0,0,0,1,2,1,0,1,22,0,0,1,0,1,0
6,21 Aug 2025,,1hrz06s9q780z4e4ujqya4ob8,Srđan Jovanović,FC Midtjylland,Kuopion Palloseura,P. Parzyszek,0,0,0,0,1,0,0,0,7,0,0,0,0,1,0
6,21 Aug 2025,,1hrz06s9q780z4e4ujqya4ob8,Srđan Jovanović,FC Midtjylland,Kuopion Palloseura,P. Konaté,0,0,1,1,1,0,0,0,4,0,0,0,0,0,0
6,21 Aug 2025,,1hrz06s9q780z4e4ujqya4ob8,Srđan Jovanović,FC Midtjylland,Kuopion Palloseura,J. Luyeye-Lutumba,0,0,0,0,0,0,0,0,6,0,0,0,0,1,0
6,21 Aug 2025,,1hrz06s9q780z4e4ujqya4ob8,Srđan Jovanović,FC Midtjylland,Kuopion Palloseura,J. Voutilainen,0,0,0,0,0,0,0,0,1,0,0,0,0,0,0
6,21 Aug 2025,,1hrz06s9q780z4e4ujqya4ob8,Srđan Jovanović,FC Midtjylland,Kuopion Palloseura,A. Sadiku,0,0,0,0,0,0,0,0,3,0,0,0,0,0,0
7,28 Aug 2025,,1kfkp6eshi7hkko3c10xhc7is,Simone Sozza,Kuopion Palloseura,FC Midtjylland,J. Luyeye-Lutumba,0,0,0,2,0,1,0,0,9,0,0,3,2,1,0
7,28 Aug 2025,,1kfkp6eshi7hkko3c10xhc7is,Simone Sozza,Kuopion Palloseura,FC Midtjylland,J. Voutilainen,0,0,0,0,0,0,0,0,13,0,0,0,0,1,0
7,28 Aug 2025,,1kfkp6eshi7hkko3c10xhc7is,Simone Sozza,Kuopion Palloseura,FC Midtjylland,B. Armah,0,0,0,1,3,0,0,0,25,0,0,0,0,2,0
7,28 Aug 2025,,1kfkp6eshi7hkko3c10xhc7is,Simone Sozza,Kuopion Palloseura,FC Midtjylland,J. Kreidl,0,0,0,0,0,0,0,0,50,0,4,0,0,0,0
7,28 Aug 2025,,1kfkp6eshi7hkko3c10xhc7is,Simone Sozza,Kuopion Palloseura,FC Midtjylland,S. Pasanen,0,1,0,1,2,1,0,0,21,0,0,1,0,1,0
7,28 Aug 2025,,1kfkp6eshi7hkko3c10xhc7is,Simone Sozza,Kuopion Palloseura,FC Midtjylland,A. Lötjönen,0,0,0,0,3,0,0,0,19,1,0,0,0,0,0
7,28 Aug 2025,,1kfkp6eshi7hkko3c10xhc7is,Simone Sozza,Kuopion Palloseura,FC Midtjylland,D. Arifi,0,0,0,0,0,0,0,0,20,0,0,0,0,1,0
7,28 Aug 2025,,1kfkp6eshi7hkko3c10xhc7is,Simone Sozza,Kuopion Palloseura,FC Midtjylland,P. Pennanen,0,0,0,0,0,1,0,0,10,0,0,0,0,0,0
7,28 Aug 2025,,1kfkp6eshi7hkko3c10xhc7is,Simone Sozza,Kuopion Palloseura,FC Midtjylland,T. Hämäläinen,0,0,0,0,1,0,0,0,49,0,0,1,1,1,0
7,28 Aug 2025,,1kfkp6eshi7hkko3c10xhc7is,Simone Sozza,Kuopion Palloseura,FC Midtjylland,P. Konaté,0,0,0,5,0,1,0,1,21,0,0,0,0,1,0
7,28 Aug 2025,,1kfkp6eshi7hkko3c10xhc7is,Simone Sozza,Kuopion Palloseura,FC Midtjylland,A. Sadiku,0,0,1,0,0,0,0,0,18,0,0,2,2,0,0
7,28 Aug 2025,,1kfkp6eshi7hkko3c10xhc7is,Simone Sozza,Kuopion Palloseura,FC Midtjylland,Paulo Ricardo,0,0,0,0,0,1,0,0,19,0,0,0,0,2,0
7,28 Aug 2025,,1kfkp6eshi7hkko3c10xhc7is,Simone Sozza,Kuopion Palloseura,FC Midtjylland,O. Ruoppi,0,0,0,0,0,1,0,0,10,0,0,0,0,1,0
7,28 Aug 2025,,1kfkp6eshi7hkko3c10xhc7is,Simone Sozza,Kuopion Palloseura,FC Midtjylland,J. Oksanen,0,0,0,2,0,2,0,0,13,0,0,0,0,2,0
7,28 Aug 2025,,1kfkp6eshi7hkko3c10xhc7is,Simone Sozza,Kuopion Palloseura,FC Midtjylland,S. Seidu,0,0,0,0,0,0,0,0,7,0,0,0,0,1,0
7,28 Aug 2025,,1kfkp6eshi7hkko3c10xhc7is,Simone Sozza,Kuopion Palloseura,FC Midtjylland,S. Savolainen,0,0,0,0,0,0,0,0,6,0,0,0,0,0,0
7,28 Aug 2025,,1kfkp6eshi7hkko3c10xhc7is,Simone Sozza,Kuopion Palloseura,FC Midtjylland,E. Chilufya,1,0,0,2,2,0,0,0,56,0,0,2,0,1,0
7,28 Aug 2025,,1kfkp6eshi7hkko3c10xhc7is,Simone Sozza,Kuopion Palloseura,FC Midtjylland,M. Bech,0,0,0,0,0,0,0,0,33,0,0,1,0,1,0
7,28 Aug 2025,,1kfkp6eshi7hkko3c10xhc7is,Simone Sozza,Kuopion Palloseura,FC Midtjylland,Paulinho,0,0,1,7,1,3,0,0,55,0,0,1,1,2,0
7,28 Aug 2025,,1kfkp6eshi7hkko3c10xhc7is,Simone Sozza,Kuopion Palloseura,FC Midtjylland,A. Şimşir,0,0,1,4,0,1,1,0,34,0,0,3,2,2,0
7,28 Aug 2025,,1kfkp6eshi7hkko3c10xhc7is,Simone Sozza,Kuopion Palloseura,FC Midtjylland,V. Byskov,0,2,2,8,1,0,0,0,86,0,0,6,0,2,0
7,28 Aug 2025,,1kfkp6eshi7hkko3c10xhc7is,Simone Sozza,Kuopion Palloseura,FC Midtjylland,Dani Silva,0,2,0,1,0,0,0,0,117,0,0,3,0,2,0
7,28 Aug 2025,,1kfkp6eshi7hkko3c10xhc7is,Simone Sozza,Kuopion Palloseura,FC Midtjylland,E. Ólafsson,0,0,0,0,0,0,0,0,14,0,5,0,0,0,0
7,28 Aug 2025,,1kfkp6eshi7hkko3c10xhc7is,Simone Sozza,Kuopion Palloseura,FC Midtjylland,M. Erlić,0,0,0,0,0,0,0,0,55,0,0,0,0,0,0
7,28 Aug 2025,,1kfkp6eshi7hkko3c10xhc7is,Simone Sozza,Kuopion Palloseura,FC Midtjylland,Júnior Brumado,0,1,1,0,2,1,1,1,7,0,0,8,2,1,0
7,28 Aug 2025,,1kfkp6eshi7hkko3c10xhc7is,Simone Sozza,Kuopion Palloseura,FC Midtjylland,A. Gabriel,0,1,3,8,1,0,0,0,41,0,0,1,0,0,0
7,28 Aug 2025,,1kfkp6eshi7hkko3c10xhc7is,Simone Sozza,Kuopion Palloseura,FC Midtjylland,D. Castillo,0,0,0,0,0,2,0,0,10,0,0,0,0,0,0
7,28 Aug 2025,,1kfkp6eshi7hkko3c10xhc7is,Simone Sozza,Kuopion Palloseura,FC Midtjylland,Franculino Djú,0,0,1,0,0,0,0,0,13,0,0,1,1,1,0
7,28 Aug 2025,,1kfkp6eshi7hkko3c10xhc7is,Simone Sozza,Kuopion Palloseura,FC Midtjylland,O. Diao,0,0,0,0,0,0,0,0,14,0,0,1,0,0,0
7,28 Aug 2025,,1kfkp6eshi7hkko3c10xhc7is,Simone Sozza,Kuopion Palloseura,FC Midtjylland,Alamara Djabi,0,0,0,0,0,1,0,0,38,0,0,1,0,1,0
7,28 Aug 2025,,1kfkp6eshi7hkko3c10xhc7is,Simone Sozza,Kuopion Palloseura,FC Midtjylland,F. Etim,0,0,0,0,0,1,0,0,6,0,0,1,0,0,0
7,28 Aug 2025,,1kfkp6eshi7hkko3c10xhc7is,Simone Sozza,Kuopion Palloseura,FC Midtjylland,K. Mbabu,0,0,1,4,1,0,0,0,19,0,0,0,0,0,0
10,24 Sep 2025,,2a54wy9s7rmo6k5pnh9b76c5w,Orel Grinfeeld,FC Midtjylland,SK Sturm Graz,Lee Han-Beom,0,0,0,0,1,2,0,0,57,0,0,0,0,0,0
10,24 Sep 2025,,2a54wy9s7rmo6k5pnh9b76c5w,Orel Grinfeeld,FC Midtjylland,SK Sturm Graz,O. Diao,0,0,0,0,1,2,1,0,53,0,0,2,1,2,0
10,24 Sep 2025,,2a54wy9s7rmo6k5pnh9b76c5w,Orel Grinfeeld,FC Midtjylland,SK Sturm Graz,Júnior Brumado,0,0,0,0,0,1,0,1,17,0,0,0,0,1,1
10,24 Sep 2025,,2a54wy9s7rmo6k5pnh9b76c5w,Orel Grinfeeld,FC Midtjylland,SK Sturm Graz,M. Bech,0,0,1,0,3,0,0,0,50,0,0,0,0,1,0
10,24 Sep 2025,,2a54wy9s7rmo6k5pnh9b76c5w,Orel Grinfeeld,FC Midtjylland,SK Sturm Graz,P. Billing,0,0,0,0,4,0,0,0,38,0,0,1,1,4,1
10,24 Sep 2025,,2a54wy9s7rmo6k5pnh9b76c5w,Orel Grinfeeld,FC Midtjylland,SK Sturm Graz,K. Mbabu,0,0,0,7,1,1,0,0,39,0,0,0,0,3,0
10,24 Sep 2025,,2a54wy9s7rmo6k5pnh9b76c5w,Orel Grinfeeld,FC Midtjylland,SK Sturm Graz,E. Ólafsson,0,0,0,0,0,0,0,0,26,0,4,0,0,0,0
10,24 Sep 2025,,2a54wy9s7rmo6k5pnh9b76c5w,Orel Grinfeeld,FC Midtjylland,SK Sturm Graz,Cho Gue-Sung,0,0,1,1,0,2,0,1,16,0,0,1,1,0,0
10,24 Sep 2025,,2a54wy9s7rmo6k5pnh9b76c5w,Orel Grinfeeld,FC Midtjylland,SK Sturm Graz,P. Bravo,0,0,0,0,3,0,0,0,29,0,0,0,0,5,0
10,24 Sep 2025,,2a54wy9s7rmo6k5pnh9b76c5w,Orel Grinfeeld,FC Midtjylland,SK Sturm Graz,D. Castillo,0,0,0,1,2,4,0,0,37,0,0,0,0,2,0
10,24 Sep 2025,,2a54wy9s7rmo6k5pnh9b76c5w,Orel Grinfeeld,FC Midtjylland,SK Sturm Graz,Franculino Djú,0,1,1,3,1,2,0,3,12,0,0,2,1,0,1
10,24 Sep 2025,,2a54wy9s7rmo6k5pnh9b76c5w,Orel Grinfeeld,FC Midtjylland,SK Sturm Graz,A. Şimşir,1,0,1,4,0,1,0,0,12,0,0,0,0,0,0
10,24 Sep 2025,,2a54wy9s7rmo6k5pnh9b76c5w,Orel Grinfeeld,FC Midtjylland,SK Sturm Graz,A. Gabriel,0,0,0,0,0,0,0,0,9,0,0,0,0,0,0
10,24 Sep 2025,,2a54wy9s7rmo6k5pnh9b76c5w,Orel Grinfeeld,FC Midtjylland,SK Sturm Graz,E. Chilufya,0,0,0,0,0,1,0,0,1,0,0,0,0,0,0
10,24 Sep 2025,,2a54wy9s7rmo6k5pnh9b76c5w,Orel Grinfeeld,FC Midtjylland,SK Sturm Graz,V. Byskov,0,0,0,0,0,0,0,0,0,0,0,1,1,0,0
10,24 Sep 2025,,2a54wy9s7rmo6k5pnh9b76c5w,Orel Grinfeeld,FC Midtjylland,SK Sturm Graz,M. Malone,0,0,0,2,1,2,0,0,8,0,0,2,1,1,1
10,24 Sep 2025,,2a54wy9s7rmo6k5pnh9b76c5w,Orel Grinfeeld,FC Midtjylland,SK Sturm Graz,D. Lavalée,0,0,0,0,2,1,0,0,45,0,0,1,0,1,0
10,24 Sep 2025,,2a54wy9s7rmo6k5pnh9b76c5w,Orel Grinfeeld,FC Midtjylland,SK Sturm Graz,T. Oermann,0,1,0,0,0,0,0,0,14,0,0,1,0,2,0
10,24 Sep 2025,,2a54wy9s7rmo6k5pnh9b76c5w,Orel Grinfeeld,FC Midtjylland,SK Sturm Graz,T. Horvat,0,0,1,9,1,2,0,0,29,0,0,2,1,2,0
10,24 Sep 2025,,2a54wy9s7rmo6k5pnh9b76c5w,Orel Grinfeeld,FC Midtjylland,SK Sturm Graz,F. Rózga,0,0,0,0,0,4,0,0,16,0,0,1,0,1,0
10,24 Sep 2025,,2a54wy9s7rmo6k5pnh9b76c5w,Orel Grinfeeld,FC Midtjylland,SK Sturm Graz,E. Aiwu,0,0,0,0,4,0,0,0,41,0,0,0,0,0,1
10,24 Sep 2025,,2a54wy9s7rmo6k5pnh9b76c5w,Orel Grinfeeld,FC Midtjylland,SK Sturm Graz,O. Christensen,0,0,0,0,0,0,0,0,23,0,4,0,0,0,0
10,24 Sep 2025,,2a54wy9s7rmo6k5pnh9b76c5w,Orel Grinfeeld,FC Midtjylland,SK Sturm Graz,T. Chukwuani,0,0,0,0,3,1,0,0,45,0,0,1,1,1,0
10,24 Sep 2025,,2a54wy9s7rmo6k5pnh9b76c5w,Orel Grinfeeld,FC Midtjylland,SK Sturm Graz,J. Gorenc Stankovič,0,0,0,1,0,0,0,0,52,0,0,0,0,2,0
10,24 Sep 2025,,2a54wy9s7rmo6k5pnh9b76c5w,Orel Grinfeeld,FC Midtjylland,SK Sturm Graz,E. Karić,0,0,1,2,1,1,0,0,48,0,0,0,0,5,0
10,24 Sep 2025,,2a54wy9s7rmo6k5pnh9b76c5w,Orel Grinfeeld,FC Midtjylland,SK Sturm Graz,S. Jatta,0,0,0,1,1,2,0,0,7,0,0,0,0,1,0
10,24 Sep 2025,,2a54wy9s7rmo6k5pnh9b76c5w,Orel Grinfeeld,FC Midtjylland,SK Sturm Graz,J. Hödl,0,0,0,0,0,1,0,0,12,0,0,2,1,4,0
10,24 Sep 2025,,2a54wy9s7rmo6k5pnh9b76c5w,Orel Grinfeeld,FC Midtjylland,SK Sturm Graz,L. Grgić,0,0,0,0,2,0,0,0,4,0,0,0,0,0,0
10,24 Sep 2025,,2a54wy9s7rmo6k5pnh9b76c5w,Orel Grinfeeld,FC Midtjylland,SK Sturm Graz,S. Hierländer,0,0,0,0,0,0,0,0,7,0,0,0,0,1,0
10,24 Sep 2025,,2a54wy9s7rmo6k5pnh9b76c5w,Orel Grinfeeld,FC Midtjylland,SK Sturm Graz,B. Beganović,0,1,1,0,1,1,0,0,2,0,0,1,0,0,0
10,24 Sep 2025,,2a54wy9s7rmo6k5pnh9b76c5w,Orel Grinfeeld,FC Midtjylland,SK Sturm Graz,J. Beck,0,0,0,0,0,0,0,0,1,0,0,0,0,0,0
11,24 Sep 2025,,2aobbvijozeza0rc41sx45s7o,Sven Jablonski,PAOK Thessaloniki FC,Maccabi Tel Aviv FC,G. Konstantelias,0,1,1,0,1,3,0,0,32,0,0,2,1,1,0
11,24 Sep 2025,,2aobbvijozeza0rc41sx45s7o,Sven Jablonski,PAOK Thessaloniki FC,Maccabi Tel Aviv FC,M. Ozdoev,0,0,0,2,3,0,0,0,25,0,0,0,0,1,0
11,24 Sep 2025,,2aobbvijozeza0rc41sx45s7o,Sven Jablonski,PAOK Thessaloniki FC,Maccabi Tel Aviv FC,A. Živković,0,1,1,12,3,3,0,0,36,0,0,3,1,2,0
11,24 Sep 2025,,2aobbvijozeza0rc41sx45s7o,Sven Jablonski,PAOK Thessaloniki FC,Maccabi Tel Aviv FC,J. Kenny,0,0,1,6,1,2,0,0,28,0,0,0,0,3,1
11,24 Sep 2025,,2aobbvijozeza0rc41sx45s7o,Sven Jablonski,PAOK Thessaloniki FC,Maccabi Tel Aviv FC,T. Kędziora,0,0,0,0,0,0,0,0,59,0,0,1,0,0,0
11,24 Sep 2025,,2aobbvijozeza0rc41sx45s7o,Sven Jablonski,PAOK Thessaloniki FC,Maccabi Tel Aviv FC,G. Michailidis,0,0,0,0,0,1,0,0,68,0,0,0,0,2,0
11,24 Sep 2025,,2aobbvijozeza0rc41sx45s7o,Sven Jablonski,PAOK Thessaloniki FC,Maccabi Tel Aviv FC,A. Baba,0,1,0,0,1,2,0,0,41,0,0,1,0,3,0
11,24 Sep 2025,,2aobbvijozeza0rc41sx45s7o,Sven Jablonski,PAOK Thessaloniki FC,Maccabi Tel Aviv FC,J. Pavlenka,0,0,0,0,0,1,0,0,30,0,3,0,0,0,0
11,24 Sep 2025,,2aobbvijozeza0rc41sx45s7o,Sven Jablonski,PAOK Thessaloniki FC,Maccabi Tel Aviv FC,S. Meïté,0,1,1,0,0,2,0,0,38,0,0,2,0,3,0
11,24 Sep 2025,,2aobbvijozeza0rc41sx45s7o,Sven Jablonski,PAOK Thessaloniki FC,Maccabi Tel Aviv FC,Taison,0,1,2,2,0,2,0,0,24,0,0,3,1,2,0
11,24 Sep 2025,,2aobbvijozeza0rc41sx45s7o,Sven Jablonski,PAOK Thessaloniki FC,Maccabi Tel Aviv FC,G. Giakoumakis,0,0,1,1,3,1,0,0,11,0,0,2,0,2,0
11,24 Sep 2025,,2aobbvijozeza0rc41sx45s7o,Sven Jablonski,PAOK Thessaloniki FC,Maccabi Tel Aviv FC,K. Despodov,0,0,0,6,0,0,0,1,3,0,0,0,0,0,0
11,24 Sep 2025,,2aobbvijozeza0rc41sx45s7o,Sven Jablonski,PAOK Thessaloniki FC,Maccabi Tel Aviv FC,M. Camara,0,0,1,0,2,0,0,0,8,0,0,3,1,1,0
11,24 Sep 2025,,2aobbvijozeza0rc41sx45s7o,Sven Jablonski,PAOK Thessaloniki FC,Maccabi Tel Aviv FC,F. Chalov,0,0,1,0,0,0,0,0,7,0,0,1,1,0,0
11,24 Sep 2025,,2aobbvijozeza0rc41sx45s7o,Sven Jablonski,PAOK Thessaloniki FC,Maccabi Tel Aviv FC,L. Ivanušec,0,0,0,0,0,0,0,0,3,0,0,0,0,0,0
11,24 Sep 2025,,2aobbvijozeza0rc41sx45s7o,Sven Jablonski,PAOK Thessaloniki FC,Maccabi Tel Aviv FC,D. Peretz,0,0,1,0,1,1,0,0,25,0,0,2,1,0,0
11,24 Sep 2025,,2aobbvijozeza0rc41sx45s7o,Sven Jablonski,PAOK Thessaloniki FC,Maccabi Tel Aviv FC,I. Sissokho,0,0,0,0,1,0,0,0,33,0,0,0,0,1,1
11,24 Sep 2025,,2aobbvijozeza0rc41sx45s7o,Sven Jablonski,PAOK Thessaloniki FC,Maccabi Tel Aviv FC,R. Shlomo,0,0,0,0,1,0,0,0,54,0,0,0,0,0,0
11,24 Sep 2025,,2aobbvijozeza0rc41sx45s7o,Sven Jablonski,PAOK Thessaloniki FC,Maccabi Tel Aviv FC,M. Camara,0,0,0,0,1,3,0,0,51,0,0,0,0,1,1
11,24 Sep 2025,,2aobbvijozeza0rc41sx45s7o,Sven Jablonski,PAOK Thessaloniki FC,Maccabi Tel Aviv FC,R. Mishpati,0,0,0,0,0,1,0,0,44,0,4,0,0,0,0
11,24 Sep 2025,,2aobbvijozeza0rc41sx45s7o,Sven Jablonski,PAOK Thessaloniki FC,Maccabi Tel Aviv FC,K. Belić,0,0,0,0,4,2,0,0,27,0,0,0,0,3,1
11,24 Sep 2025,,2aobbvijozeza0rc41sx45s7o,Sven Jablonski,PAOK Thessaloniki FC,Maccabi Tel Aviv FC,R. Revivo,0,1,0,2,2,2,0,1,20,0,0,2,0,2,0
11,24 Sep 2025,,2aobbvijozeza0rc41sx45s7o,Sven Jablonski,PAOK Thessaloniki FC,Maccabi Tel Aviv FC,T. Asante,0,0,0,0,1,0,0,0,31,0,0,0,0,6,0
11,24 Sep 2025,,2aobbvijozeza0rc41sx45s7o,Sven Jablonski,PAOK Thessaloniki FC,Maccabi Tel Aviv FC,K. Andrade,0,0,0,0,2,2,0,0,20,0,0,1,1,1,0
11,24 Sep 2025,,2aobbvijozeza0rc41sx45s7o,Sven Jablonski,PAOK Thessaloniki FC,Maccabi Tel Aviv FC,O. Davida,0,0,0,2,3,1,0,0,11,0,0,2,0,3,0
11,24 Sep 2025,,2aobbvijozeza0rc41sx45s7o,Sven Jablonski,PAOK Thessaloniki FC,Maccabi Tel Aviv FC,S. Jehezkel,0,1,1,0,2,2,0,0,15,0,0,2,1,1,0
11,24 Sep 2025,,2aobbvijozeza0rc41sx45s7o,Sven Jablonski,PAOK Thessaloniki FC,Maccabi Tel Aviv FC,I. Noy,0,0,0,3,0,0,0,0,8,0,0,0,0,0,0
11,24 Sep 2025,,2aobbvijozeza0rc41sx45s7o,Sven Jablonski,PAOK Thessaloniki FC,Maccabi Tel Aviv FC,Hélio Varela,0,0,1,2,0,0,0,0,7,0,0,0,0,0,0
11,24 Sep 2025,,2aobbvijozeza0rc41sx45s7o,Sven Jablonski,PAOK Thessaloniki FC,Maccabi Tel Aviv FC,E. Madmon,0,0,0,0,0,0,0,0,2,0,0,0,0,0,0
11,24 Sep 2025,,2aobbvijozeza0rc41sx45s7o,Sven Jablonski,PAOK Thessaloniki FC,Maccabi Tel Aviv FC,I. Shahar,0,0,0,0,0,0,0,0,1,0,0,0,0,0,0
12,24 Sep 2025,,2b4h53va4tw85cylwj5vdht04,Radu Marián Petrescu,FK Crvena zvezda Beograd,Celtic FC,Matheus,0,0,0,0,0,0,0,0,27,0,5,0,0,0,0
12,24 Sep 2025,,2b4h53va4tw85cylwj5vdht04,Radu Marián Petrescu,FK Crvena zvezda Beograd,Celtic FC,F. Tebo Uchenna,1,0,0,0,2,2,0,0,57,0,0,0,0,1,0
12,24 Sep 2025,,2b4h53va4tw85cylwj5vdht04,Radu Marián Petrescu,FK Crvena zvezda Beograd,Celtic FC,Seol Young-Woo,0,0,0,2,1,3,0,0,51,0,0,0,0,4,0
12,24 Sep 2025,,2b4h53va4tw85cylwj5vdht04,Radu Marián Petrescu,FK Crvena zvezda Beograd,Celtic FC,Bruno Duarte,0,0,1,4,0,0,0,0,35,0,0,4,1,3,0
12,24 Sep 2025,,2b4h53va4tw85cylwj5vdht04,Radu Marián Petrescu,FK Crvena zvezda Beograd,Celtic FC,N. Tiknizyan,0,1,3,2,2,0,0,1,29,0,0,1,0,0,1
12,24 Sep 2025,,2b4h53va4tw85cylwj5vdht04,Radu Marián Petrescu,FK Crvena zvezda Beograd,Celtic FC,M. Veljković,0,0,0,0,2,1,0,0,56,0,0,0,0,1,0
12,24 Sep 2025,,2b4h53va4tw85cylwj5vdht04,Radu Marián Petrescu,FK Crvena zvezda Beograd,Celtic FC,N. Radonjić,0,0,0,0,0,0,0,0,21,0,0,1,0,1,0
12,24 Sep 2025,,2b4h53va4tw85cylwj5vdht04,Radu Marián Petrescu,FK Crvena zvezda Beograd,Celtic FC,M. Arnautović,0,0,0,0,1,1,1,0,18,0,0,3,1,0,0
12,24 Sep 2025,,2b4h53va4tw85cylwj5vdht04,Radu Marián Petrescu,FK Crvena zvezda Beograd,Celtic FC,T. Elšnik,0,1,2,2,0,0,0,0,42,0,0,2,0,0,0
12,24 Sep 2025,,2b4h53va4tw85cylwj5vdht04,Radu Marián Petrescu,FK Crvena zvezda Beograd,Celtic FC,M. Ivanić,0,1,0,3,0,0,0,2,22,0,0,3,1,2,0
12,24 Sep 2025,,2b4h53va4tw85cylwj5vdht04,Radu Marián Petrescu,FK Crvena zvezda Beograd,Celtic FC,Tomás Händel,0,0,0,10,2,1,0,0,43,0,0,1,0,2,0
12,24 Sep 2025,,2b4h53va4tw85cylwj5vdht04,Radu Marián Petrescu,FK Crvena zvezda Beograd,Celtic FC,Milson,0,0,1,3,0,1,0,0,12,0,0,1,1,0,0
12,24 Sep 2025,,2b4h53va4tw85cylwj5vdht04,Radu Marián Petrescu,FK Crvena zvezda Beograd,Celtic FC,A. Katai,0,0,1,0,2,0,0,0,5,0,0,0,0,0,1
12,24 Sep 2025,,2b4h53va4tw85cylwj5vdht04,Radu Marián Petrescu,FK Crvena zvezda Beograd,Celtic FC,P. Olayinka,0,0,0,0,0,1,0,0,1,0,0,0,0,0,0
12,24 Sep 2025,,2b4h53va4tw85cylwj5vdht04,Radu Marián Petrescu,FK Crvena zvezda Beograd,Celtic FC,B. Nygren,1,0,0,4,0,1,0,0,34,0,0,2,2,1,0
12,24 Sep 2025,,2b4h53va4tw85cylwj5vdht04,Radu Marián Petrescu,FK Crvena zvezda Beograd,Celtic FC,C. Carter-Vickers,0,0,0,0,1,2,0,0,70,0,0,1,0,0,0
12,24 Sep 2025,,2b4h53va4tw85cylwj5vdht04,Radu Marián Petrescu,FK Crvena zvezda Beograd,Celtic FC,L. Scales,0,1,0,0,2,0,0,0,94,0,0,1,0,1,0
12,24 Sep 2025,,2b4h53va4tw85cylwj5vdht04,Radu Marián Petrescu,FK Crvena zvezda Beograd,Celtic FC,C. McGregor,0,0,0,0,2,1,0,0,64,0,0,0,0,1,0
12,24 Sep 2025,,2b4h53va4tw85cylwj5vdht04,Radu Marián Petrescu,FK Crvena zvezda Beograd,Celtic FC,K. Schmeichel,0,0,0,0,0,0,0,0,35,0,3,0,0,0,0
12,24 Sep 2025,,2b4h53va4tw85cylwj5vdht04,Radu Marián Petrescu,FK Crvena zvezda Beograd,Celtic FC,K. Tierney,0,0,2,1,0,1,0,0,52,0,0,0,0,3,0
12,24 Sep 2025,,2b4h53va4tw85cylwj5vdht04,Radu Marián Petrescu,FK Crvena zvezda Beograd,Celtic FC,R. Hatate,0,0,0,0,1,2,0,0,35,0,0,0,0,1,0
12,24 Sep 2025,,2b4h53va4tw85cylwj5vdht04,Radu Marián Petrescu,FK Crvena zvezda Beograd,Celtic FC,S. Tounekti,0,0,1,1,1,0,0,0,31,0,0,0,0,0,0
12,24 Sep 2025,,2b4h53va4tw85cylwj5vdht04,Radu Marián Petrescu,FK Crvena zvezda Beograd,Celtic FC,C. Donovan,0,0,0,2,1,0,0,0,44,0,0,1,1,3,0
12,24 Sep 2025,,2b4h53va4tw85cylwj5vdht04,Radu Marián Petrescu,FK Crvena zvezda Beograd,Celtic FC,Yang Hyun-Jun,0,0,0,1,0,3,0,0,12,0,0,0,0,0,0
12,24 Sep 2025,,2b4h53va4tw85cylwj5vdht04,Radu Marián Petrescu,FK Crvena zvezda Beograd,Celtic FC,D. Maeda,0,0,0,0,0,0,0,2,4,0,0,0,0,0,0
12,24 Sep 2025,,2b4h53va4tw85cylwj5vdht04,Radu Marián Petrescu,FK Crvena zvezda Beograd,Celtic FC,K. Ịheanachọ,0,0,1,1,1,0,1,0,8,0,0,3,3,0,1
12,24 Sep 2025,,2b4h53va4tw85cylwj5vdht04,Radu Marián Petrescu,FK Crvena zvezda Beograd,Celtic FC,A. Engels,0,0,0,1,0,1,0,0,4,0,0,0,0,1,0
12,24 Sep 2025,,2b4h53va4tw85cylwj5vdht04,Radu Marián Petrescu,FK Crvena zvezda Beograd,Celtic FC,J. Forrest,0,0,0,1,0,0,0,0,5,0,0,0,0,0,0
12,24 Sep 2025,,2b4h53va4tw85cylwj5vdht04,Radu Marián Petrescu,FK Crvena zvezda Beograd,Celtic FC,M. Balikwisha,0,0,0,0,0,1,0,0,1,0,0,0,0,0,0
12,24 Sep 2025,,2b4h53va4tw85cylwj5vdht04,Radu Marián Petrescu,FK Crvena zvezda Beograd,Celtic FC,M. Saracchi,0,0,0,0,1,0,0,0,4,0,0,0,0,0,1
13,24 Sep 2025,,2bknvjaymbwjxl3fjmr9yg2dw,Jérôme Brisard,GNK Dinamo Zagreb,Fenerbahçe Spor Kulübü,M. Lisica,0,0,2,6,1,0,0,1,16,0,0,0,0,4,0
13,24 Sep 2025,,2bknvjaymbwjxl3fjmr9yg2dw,Jérôme Brisard,GNK Dinamo Zagreb,Fenerbahçe Spor Kulübü,I. Nevistić,0,0,0,0,0,0,0,0,29,0,1,0,0,0,0
13,24 Sep 2025,,2bknvjaymbwjxl3fjmr9yg2dw,Jérôme Brisard,GNK Dinamo Zagreb,Fenerbahçe Spor Kulübü,B. Goda,0,0,0,4,0,1,0,0,44,0,0,0,0,7,0
13,24 Sep 2025,,2bknvjaymbwjxl3fjmr9yg2dw,Jérôme Brisard,GNK Dinamo Zagreb,Fenerbahçe Spor Kulübü,M. Zajc,0,1,1,3,0,0,0,0,46,0,0,2,0,2,0
13,24 Sep 2025,,2bknvjaymbwjxl3fjmr9yg2dw,Jérôme Brisard,GNK Dinamo Zagreb,Fenerbahçe Spor Kulübü,M. Valinčić,0,1,1,3,1,2,0,0,30,0,0,1,0,4,1
13,24 Sep 2025,,2bknvjaymbwjxl3fjmr9yg2dw,Jérôme Brisard,GNK Dinamo Zagreb,Fenerbahçe Spor Kulübü,Sergi Domínguez,0,0,0,0,1,0,0,0,37,0,0,0,0,2,0
13,24 Sep 2025,,2bknvjaymbwjxl3fjmr9yg2dw,Jérôme Brisard,GNK Dinamo Zagreb,Fenerbahçe Spor Kulübü,J. Mišić,0,0,0,0,0,1,0,0,48,0,0,0,0,2,0
13,24 Sep 2025,,2bknvjaymbwjxl3fjmr9yg2dw,Jérôme Brisard,GNK Dinamo Zagreb,Fenerbahçe Spor Kulübü,A. Hoxha,1,0,0,2,1,2,0,0,28,0,0,1,0,1,0
13,24 Sep 2025,,2bknvjaymbwjxl3fjmr9yg2dw,Jérôme Brisard,GNK Dinamo Zagreb,Fenerbahçe Spor Kulübü,S. McKenna,0,0,0,0,1,0,0,0,36,0,0,0,0,0,0
13,24 Sep 2025,,2bknvjaymbwjxl3fjmr9yg2dw,Jérôme Brisard,GNK Dinamo Zagreb,Fenerbahçe Spor Kulübü,D. Beljo,0,2,0,0,2,1,2,0,16,0,0,4,2,0,1
13,24 Sep 2025,,2bknvjaymbwjxl3fjmr9yg2dw,Jérôme Brisard,GNK Dinamo Zagreb,Fenerbahçe Spor Kulübü,D. Ljubičić,0,0,0,0,0,0,0,0,22,0,0,2,0,1,0
13,24 Sep 2025,,2bknvjaymbwjxl3fjmr9yg2dw,Jérôme Brisard,GNK Dinamo Zagreb,Fenerbahçe Spor Kulübü,L. Stojković,0,0,0,0,0,0,0,0,7,0,0,0,0,1,0
13,24 Sep 2025,,2bknvjaymbwjxl3fjmr9yg2dw,Jérôme Brisard,GNK Dinamo Zagreb,Fenerbahçe Spor Kulübü,S. Kulenović,1,0,0,0,0,0,0,0,5,0,0,0,0,0,0
13,24 Sep 2025,,2bknvjaymbwjxl3fjmr9yg2dw,Jérôme Brisard,GNK Dinamo Zagreb,Fenerbahçe Spor Kulübü,M. Bakrar,0,0,1,0,0,0,1,0,9,0,0,1,1,0,0
13,24 Sep 2025,,2bknvjaymbwjxl3fjmr9yg2dw,Jérôme Brisard,GNK Dinamo Zagreb,Fenerbahçe Spor Kulübü,Gonzalo Villar,0,0,0,0,0,1,0,0,4,0,0,0,0,0,0
13,24 Sep 2025,,2bknvjaymbwjxl3fjmr9yg2dw,Jérôme Brisard,GNK Dinamo Zagreb,Fenerbahçe Spor Kulübü,Cardoso Varela,0,0,0,0,0,0,0,0,1,0,0,0,0,0,0
13,24 Sep 2025,,2bknvjaymbwjxl3fjmr9yg2dw,Jérôme Brisard,GNK Dinamo Zagreb,Fenerbahçe Spor Kulübü,Ç. Söyüncü,0,0,0,0,0,0,0,0,31,0,0,0,0,3,0
13,24 Sep 2025,,2bknvjaymbwjxl3fjmr9yg2dw,Jérôme Brisard,GNK Dinamo Zagreb,Fenerbahçe Spor Kulübü,D. Nene,0,0,0,3,0,0,0,0,35,0,0,0,0,2,0
13,24 Sep 2025,,2bknvjaymbwjxl3fjmr9yg2dw,Jérôme Brisard,GNK Dinamo Zagreb,Fenerbahçe Spor Kulübü,Marco Asensio,0,1,0,2,0,0,0,0,65,0,0,1,0,2,0
13,24 Sep 2025,,2bknvjaymbwjxl3fjmr9yg2dw,Jérôme Brisard,GNK Dinamo Zagreb,Fenerbahçe Spor Kulübü,Y. En-Nesyri,0,0,0,1,0,1,0,0,8,0,0,0,0,1,0
13,24 Sep 2025,,2bknvjaymbwjxl3fjmr9yg2dw,Jérôme Brisard,GNK Dinamo Zagreb,Fenerbahçe Spor Kulübü,K. Aktürkoğlu,0,0,0,3,0,0,0,0,17,0,0,0,0,0,0
13,24 Sep 2025,,2bknvjaymbwjxl3fjmr9yg2dw,Jérôme Brisard,GNK Dinamo Zagreb,Fenerbahçe Spor Kulübü,Nélson Semedo,0,0,0,2,3,2,0,0,71,0,0,2,0,0,0
13,24 Sep 2025,,2bknvjaymbwjxl3fjmr9yg2dw,Jérôme Brisard,GNK Dinamo Zagreb,Fenerbahçe Spor Kulübü,A. Brown,0,0,3,7,2,1,0,0,34,0,0,0,0,1,0
13,24 Sep 2025,,2bknvjaymbwjxl3fjmr9yg2dw,Jérôme Brisard,GNK Dinamo Zagreb,Fenerbahçe Spor Kulübü,S. Szymański,0,1,1,0,0,0,1,1,24,0,0,3,2,1,0
13,24 Sep 2025,,2bknvjaymbwjxl3fjmr9yg2dw,Jérôme Brisard,GNK Dinamo Zagreb,Fenerbahçe Spor Kulübü,M. Škriniar,0,0,0,0,1,1,0,0,82,0,0,0,0,2,0
13,24 Sep 2025,,2bknvjaymbwjxl3fjmr9yg2dw,Jérôme Brisard,GNK Dinamo Zagreb,Fenerbahçe Spor Kulübü,J. Oosterwolde,0,0,0,0,1,1,0,0,75,0,0,0,0,2,1
13,24 Sep 2025,,2bknvjaymbwjxl3fjmr9yg2dw,Jérôme Brisard,GNK Dinamo Zagreb,Fenerbahçe Spor Kulübü,Ederson,0,0,0,0,0,1,0,0,32,0,0,0,0,0,0
13,24 Sep 2025,,2bknvjaymbwjxl3fjmr9yg2dw,Jérôme Brisard,GNK Dinamo Zagreb,Fenerbahçe Spor Kulübü,Fred,0,0,0,1,1,0,0,0,34,0,0,0,0,0,1
13,24 Sep 2025,,2bknvjaymbwjxl3fjmr9yg2dw,Jérôme Brisard,GNK Dinamo Zagreb,Fenerbahçe Spor Kulübü,O. Aydın,0,0,1,3,0,0,0,0,6,0,0,0,0,1,1
13,24 Sep 2025,,2bknvjaymbwjxl3fjmr9yg2dw,Jérôme Brisard,GNK Dinamo Zagreb,Fenerbahçe Spor Kulübü,İ. Kahveci,0,0,0,2,0,0,0,0,9,0,0,0,0,0,0
13,24 Sep 2025,,2bknvjaymbwjxl3fjmr9yg2dw,Jérôme Brisard,GNK Dinamo Zagreb,Fenerbahçe Spor Kulübü,C. Tosun,0,0,1,1,0,0,0,0,1,0,0,0,0,0,0
14,24 Sep 2025,,2c0ymnxtyg3xbuuudu037jlec,Manfredas Lukjančukas,Malmö FF,PFK Ludogorets 1945 Razgrad,A. Christiansen,0,0,0,1,3,2,0,0,37,0,0,3,1,1,1
14,24 Sep 2025,,2c0ymnxtyg3xbuuudu037jlec,Manfredas Lukjančukas,Malmö FF,PFK Ludogorets 1945 Razgrad,R. Olsen,0,0,0,0,0,0,0,0,15,0,5,0,0,0,0
14,24 Sep 2025,,2c0ymnxtyg3xbuuudu037jlec,Manfredas Lukjančukas,Malmö FF,PFK Ludogorets 1945 Razgrad,P. Jansson,0,0,0,0,1,0,0,0,85,0,0,0,0,1,0
14,24 Sep 2025,,2c0ymnxtyg3xbuuudu037jlec,Manfredas Lukjančukas,Malmö FF,PFK Ludogorets 1945 Razgrad,S. Hakšabanović,0,0,0,2,0,0,0,0,36,0,0,0,0,2,0
14,24 Sep 2025,,2c0ymnxtyg3xbuuudu037jlec,Manfredas Lukjančukas,Malmö FF,PFK Ludogorets 1945 Razgrad,D. Guðjohnsen,0,0,1,0,0,4,0,0,14,0,0,1,0,0,0
14,24 Sep 2025,,2c0ymnxtyg3xbuuudu037jlec,Manfredas Lukjančukas,Malmö FF,PFK Ludogorets 1945 Razgrad,J. Stryger Larsen,0,0,0,2,0,0,0,0,62,0,0,0,0,2,0
14,24 Sep 2025,,2c0ymnxtyg3xbuuudu037jlec,Manfredas Lukjančukas,Malmö FF,PFK Ludogorets 1945 Razgrad,C. Rösler,0,0,0,0,0,0,0,0,90,0,0,0,0,1,0
14,24 Sep 2025,,2c0ymnxtyg3xbuuudu037jlec,Manfredas Lukjančukas,Malmö FF,PFK Ludogorets 1945 Razgrad,Gabriel Busanello,0,0,1,6,1,2,0,0,70,0,0,0,0,0,1
14,24 Sep 2025,,2c0ymnxtyg3xbuuudu037jlec,Manfredas Lukjančukas,Malmö FF,PFK Ludogorets 1945 Razgrad,O. Rosengren,0,0,0,5,1,3,0,0,42,0,0,2,1,1,0
14,24 Sep 2025,,2c0ymnxtyg3xbuuudu037jlec,Manfredas Lukjančukas,Malmö FF,PFK Ludogorets 1945 Razgrad,H. Bolin,0,0,0,2,1,1,0,0,25,0,0,3,2,2,0
14,24 Sep 2025,,2c0ymnxtyg3xbuuudu037jlec,Manfredas Lukjančukas,Malmö FF,PFK Ludogorets 1945 Razgrad,A. Skogmar,0,0,0,0,1,0,0,0,54,0,0,0,0,2,1
14,24 Sep 2025,,2c0ymnxtyg3xbuuudu037jlec,Manfredas Lukjančukas,Malmö FF,PFK Ludogorets 1945 Razgrad,L. Berg Johnsen,0,0,0,0,1,0,1,0,27,0,0,1,1,1,0
14,24 Sep 2025,,2c0ymnxtyg3xbuuudu037jlec,Manfredas Lukjančukas,Malmö FF,PFK Ludogorets 1945 Razgrad,S. Vecchia,0,0,0,0,0,0,0,0,9,0,0,0,0,0,0
14,24 Sep 2025,,2c0ymnxtyg3xbuuudu037jlec,Manfredas Lukjančukas,Malmö FF,PFK Ludogorets 1945 Razgrad,T. Ali,1,0,0,0,0,1,0,0,13,0,0,0,0,0,0
14,24 Sep 2025,,2c0ymnxtyg3xbuuudu037jlec,Manfredas Lukjančukas,Malmö FF,PFK Ludogorets 1945 Razgrad,Dinis Almeida,0,0,1,0,2,0,0,0,49,0,0,2,1,3,0
14,24 Sep 2025,,2c0ymnxtyg3xbuuudu037jlec,Manfredas Lukjančukas,Malmö FF,PFK Ludogorets 1945 Razgrad,Caio Vidal,0,2,0,1,1,2,0,1,33,0,0,7,2,2,1
14,24 Sep 2025,,2c0ymnxtyg3xbuuudu037jlec,Manfredas Lukjančukas,Malmö FF,PFK Ludogorets 1945 Razgrad,Son,0,1,1,0,1,1,0,0,42,0,0,1,0,0,1
14,24 Sep 2025,,2c0ymnxtyg3xbuuudu037jlec,Manfredas Lukjančukas,Malmö FF,PFK Ludogorets 1945 Razgrad,E. Bille,0,0,0,0,0,0,1,0,6,0,0,2,2,0,0
14,24 Sep 2025,,2c0ymnxtyg3xbuuudu037jlec,Manfredas Lukjančukas,Malmö FF,PFK Ludogorets 1945 Razgrad,Pedro Naressi,0,1,0,0,1,1,0,0,43,0,0,1,0,3,1
14,24 Sep 2025,,2c0ymnxtyg3xbuuudu037jlec,Manfredas Lukjančukas,Malmö FF,PFK Ludogorets 1945 Razgrad,S. Padt,0,0,0,0,0,0,0,0,36,0,4,0,0,1,0
14,24 Sep 2025,,2c0ymnxtyg3xbuuudu037jlec,Manfredas Lukjančukas,Malmö FF,PFK Ludogorets 1945 Razgrad,E. Kurtulus,0,0,0,0,1,2,0,0,44,0,0,0,0,1,0
14,24 Sep 2025,,2c0ymnxtyg3xbuuudu037jlec,Manfredas Lukjančukas,Malmö FF,PFK Ludogorets 1945 Razgrad,P. Stanić,0,0,0,2,2,1,1,0,12,0,0,2,2,0,0
14,24 Sep 2025,,2c0ymnxtyg3xbuuudu037jlec,Manfredas Lukjančukas,Malmö FF,PFK Ludogorets 1945 Razgrad,Deroy Duarte,0,0,0,0,3,0,0,0,39,0,0,1,0,2,0
14,24 Sep 2025,,2c0ymnxtyg3xbuuudu037jlec,Manfredas Lukjančukas,Malmö FF,PFK Ludogorets 1945 Razgrad,J. Andersson,0,0,0,1,0,0,0,0,33,0,0,0,0,2,0
14,24 Sep 2025,,2c0ymnxtyg3xbuuudu037jlec,Manfredas Lukjančukas,Malmö FF,PFK Ludogorets 1945 Razgrad,Erick Marcus,0,2,0,4,2,1,0,0,20,0,0,2,0,1,0
14,24 Sep 2025,,2c0ymnxtyg3xbuuudu037jlec,Manfredas Lukjančukas,Malmö FF,PFK Ludogorets 1945 Razgrad,Matheus Machado,0,1,0,0,0,1,0,0,6,0,0,2,0,0,0
14,24 Sep 2025,,2c0ymnxtyg3xbuuudu037jlec,Manfredas Lukjančukas,Malmö FF,PFK Ludogorets 1945 Razgrad,F. Kaloč,0,0,1,1,0,0,0,1,14,0,0,0,0,2,0
14,24 Sep 2025,,2c0ymnxtyg3xbuuudu037jlec,Manfredas Lukjančukas,Malmö FF,PFK Ludogorets 1945 Razgrad,S. Ivanov,0,0,0,0,1,0,0,0,4,0,0,1,1,0,0
14,24 Sep 2025,,2c0ymnxtyg3xbuuudu037jlec,Manfredas Lukjančukas,Malmö FF,PFK Ludogorets 1945 Razgrad,O. Verdon,0,0,0,0,0,0,0,0,3,0,0,0,0,1,0
14,24 Sep 2025,,2c0ymnxtyg3xbuuudu037jlec,Manfredas Lukjančukas,Malmö FF,PFK Ludogorets 1945 Razgrad,I. Chochev,0,0,0,0,0,0,0,0,3,0,0,0,0,0,0
15,24 Sep 2025,,2cgyjlei0abd7ncu7lz56d5as,Guillermo Cuadra Fernández,OGC Nice Côte d'Azur,AS Roma,A. Mendy,0,0,0,0,2,5,0,0,39,0,0,1,0,3,0
15,24 Sep 2025,,2cgyjlei0abd7ncu7lz56d5as,Guillermo Cuadra Fernández,OGC Nice Côte d'Azur,AS Roma,M. Sanson,0,0,0,1,0,4,0,0,15,0,0,0,0,0,0
15,24 Sep 2025,,2cgyjlei0abd7ncu7lz56d5as,Guillermo Cuadra Fernández,OGC Nice Côte d'Azur,AS Roma,Kevin Carlos,0,0,0,0,2,2,0,0,14,0,0,1,0,0,0
15,24 Sep 2025,,2cgyjlei0abd7ncu7lz56d5as,Guillermo Cuadra Fernández,OGC Nice Côte d'Azur,AS Roma,Dante,0,0,0,0,1,0,0,0,66,0,0,0,0,2,0
15,24 Sep 2025,,2cgyjlei0abd7ncu7lz56d5as,Guillermo Cuadra Fernández,OGC Nice Côte d'Azur,AS Roma,J. Boga,0,0,1,2,0,0,0,1,24,0,0,0,0,0,0
15,24 Sep 2025,,2cgyjlei0abd7ncu7lz56d5as,Guillermo Cuadra Fernández,OGC Nice Côte d'Azur,AS Roma,M. Bard,0,0,0,4,1,0,0,0,30,0,0,0,0,3,0
15,24 Sep 2025,,2cgyjlei0abd7ncu7lz56d5as,Guillermo Cuadra Fernández,OGC Nice Côte d'Azur,AS Roma,J. Bah,0,0,0,0,0,1,0,0,43,0,0,0,0,1,0
15,24 Sep 2025,,2cgyjlei0abd7ncu7lz56d5as,Guillermo Cuadra Fernández,OGC Nice Côte d'Azur,AS Roma,C. Vanhoutte,0,0,0,1,1,1,0,0,58,0,0,0,0,6,0
15,24 Sep 2025,,2cgyjlei0abd7ncu7lz56d5as,Guillermo Cuadra Fernández,OGC Nice Côte d'Azur,AS Roma,H. Boudaoui,0,2,1,0,0,1,0,0,26,0,0,2,0,0,0
15,24 Sep 2025,,2cgyjlei0abd7ncu7lz56d5as,Guillermo Cuadra Fernández,OGC Nice Côte d'Azur,AS Roma,Y. Diouf,0,0,0,0,0,0,0,0,46,0,2,0,0,0,0
15,24 Sep 2025,,2cgyjlei0abd7ncu7lz56d5as,Guillermo Cuadra Fernández,OGC Nice Côte d'Azur,AS Roma,T. Louchet,0,0,1,4,1,0,0,0,30,0,0,1,0,2,0
15,24 Sep 2025,,2cgyjlei0abd7ncu7lz56d5as,Guillermo Cuadra Fernández,OGC Nice Côte d'Azur,AS Roma,S. Diop,0,0,0,0,0,0,0,0,18,0,0,0,0,0,0
15,24 Sep 2025,,2cgyjlei0abd7ncu7lz56d5as,Guillermo Cuadra Fernández,OGC Nice Côte d'Azur,AS Roma,J. Clauss,0,0,0,3,0,2,0,1,16,0,0,0,0,0,0
15,24 Sep 2025,,2cgyjlei0abd7ncu7lz56d5as,Guillermo Cuadra Fernández,OGC Nice Côte d'Azur,AS Roma,T. Moffi,0,0,0,0,1,0,1,0,5,0,0,2,2,0,0
15,24 Sep 2025,,2cgyjlei0abd7ncu7lz56d5as,Guillermo Cuadra Fernández,OGC Nice Côte d'Azur,AS Roma,A. Abdi,0,0,0,0,0,0,0,0,6,0,0,0,0,0,0
15,24 Sep 2025,,2cgyjlei0abd7ncu7lz56d5as,Guillermo Cuadra Fernández,OGC Nice Côte d'Azur,AS Roma,M. Cho,0,0,0,0,0,3,0,0,1,0,0,0,0,0,0
15,24 Sep 2025,,2cgyjlei0abd7ncu7lz56d5as,Guillermo Cuadra Fernández,OGC Nice Côte d'Azur,AS Roma,A. Dovbyk,0,1,0,0,0,0,0,1,11,0,0,1,0,0,0
15,24 Sep 2025,,2cgyjlei0abd7ncu7lz56d5as,Guillermo Cuadra Fernández,OGC Nice Côte d'Azur,AS Roma,N. El Aynaoui,0,0,0,1,1,1,0,0,64,0,0,0,0,4,1
15,24 Sep 2025,,2cgyjlei0abd7ncu7lz56d5as,Guillermo Cuadra Fernández,OGC Nice Côte d'Azur,AS Roma,M. Koné,0,2,2,1,3,1,0,0,48,0,0,2,0,1,1
15,24 Sep 2025,,2cgyjlei0abd7ncu7lz56d5as,Guillermo Cuadra Fernández,OGC Nice Côte d'Azur,AS Roma,K. Tsimikas,1,0,1,9,2,0,0,0,51,0,0,0,0,2,1
15,24 Sep 2025,,2cgyjlei0abd7ncu7lz56d5as,Guillermo Cuadra Fernández,OGC Nice Côte d'Azur,AS Roma,E. Ndicka,0,0,0,2,1,1,1,0,64,0,0,1,1,3,1
15,24 Sep 2025,,2cgyjlei0abd7ncu7lz56d5as,Guillermo Cuadra Fernández,OGC Nice Côte d'Azur,AS Roma,G. Mancini,0,0,0,0,4,1,1,1,69,0,0,1,1,1,0
15,24 Sep 2025,,2cgyjlei0abd7ncu7lz56d5as,Guillermo Cuadra Fernández,OGC Nice Côte d'Azur,AS Roma,Z. Çelik,0,0,1,4,1,0,0,0,63,0,0,0,0,1,0
15,24 Sep 2025,,2cgyjlei0abd7ncu7lz56d5as,Guillermo Cuadra Fernández,OGC Nice Côte d'Azur,AS Roma,M. Svilar,0,0,0,0,0,0,0,0,38,0,1,0,0,0,0
15,24 Sep 2025,,2cgyjlei0abd7ncu7lz56d5as,Guillermo Cuadra Fernández,OGC Nice Côte d'Azur,AS Roma,S. El Shaarawy,0,1,0,2,0,1,0,0,26,0,0,1,0,0,0
15,24 Sep 2025,,2cgyjlei0abd7ncu7lz56d5as,Guillermo Cuadra Fernández,OGC Nice Côte d'Azur,AS Roma,D. Rensch,0,0,0,2,0,1,0,0,39,0,0,1,0,0,0
15,24 Sep 2025,,2cgyjlei0abd7ncu7lz56d5as,Guillermo Cuadra Fernández,OGC Nice Côte d'Azur,AS Roma,M. Soulé,0,0,0,5,0,2,0,0,49,0,0,2,1,0,0
15,24 Sep 2025,,2cgyjlei0abd7ncu7lz56d5as,Guillermo Cuadra Fernández,OGC Nice Côte d'Azur,AS Roma,L. Pellegrini,1,0,0,2,0,1,0,0,18,0,0,2,1,0,0
15,24 Sep 2025,,2cgyjlei0abd7ncu7lz56d5as,Guillermo Cuadra Fernández,OGC Nice Côte d'Azur,AS Roma,N. Pisilli,0,0,0,0,3,0,0,0,14,0,0,0,0,0,0
15,24 Sep 2025,,2cgyjlei0abd7ncu7lz56d5as,Guillermo Cuadra Fernández,OGC Nice Côte d'Azur,AS Roma,E. Ferguson,0,1,1,0,2,0,0,1,9,0,0,1,0,0,0
15,24 Sep 2025,,2cgyjlei0abd7ncu7lz56d5as,Guillermo Cuadra Fernández,OGC Nice Côte d'Azur,AS Roma,B. Cristante,0,0,0,0,0,0,0,0,7,0,0,0,0,2,0
15,24 Sep 2025,,2cgyjlei0abd7ncu7lz56d5as,Guillermo Cuadra Fernández,OGC Nice Côte d'Azur,AS Roma,Hermoso,0,0,0,0,2,0,0,0,3,0,0,0,0,0,1
16,24 Sep 2025,,2cyfpiu9c3kowfard5ahjl5hw,Sascha Stegemann,Real Betis Balompié,Nottingham Forest FC,Ángel Ortiz,0,0,0,2,0,0,0,0,44,0,0,0,0,3,0
16,24 Sep 2025,,2cyfpiu9c3kowfard5ahjl5hw,Sascha Stegemann,Real Betis Balompié,Nottingham Forest FC,Antony,1,0,1,3,1,5,1,0,45,0,0,3,1,3,0
16,24 Sep 2025,,2cyfpiu9c3kowfard5ahjl5hw,Sascha Stegemann,Real Betis Balompié,Nottingham Forest FC,G. Lo Celso,0,0,1,3,3,2,0,0,41,0,0,0,0,4,0
16,24 Sep 2025,,2cyfpiu9c3kowfard5ahjl5hw,Sascha Stegemann,Real Betis Balompié,Nottingham Forest FC,Natan,0,0,0,0,1,2,0,0,75,0,0,1,1,2,1
16,24 Sep 2025,,2cyfpiu9c3kowfard5ahjl5hw,Sascha Stegemann,Real Betis Balompié,Nottingham Forest FC,V. Gómez,0,0,0,0,0,0,0,0,82,0,0,0,0,2,0
16,24 Sep 2025,,2cyfpiu9c3kowfard5ahjl5hw,Sascha Stegemann,Real Betis Balompié,Nottingham Forest FC,J. Firpo,0,0,0,0,1,1,0,0,19,0,0,0,0,0,0
16,24 Sep 2025,,2cyfpiu9c3kowfard5ahjl5hw,Sascha Stegemann,Real Betis Balompié,Nottingham Forest FC,A. Ezzalzouli,0,0,0,0,1,0,0,0,11,0,0,0,0,1,0
16,24 Sep 2025,,2cyfpiu9c3kowfard5ahjl5hw,Sascha Stegemann,Real Betis Balompié,Nottingham Forest FC,Pau López,0,0,0,0,0,0,0,0,23,0,4,0,0,0,0
16,24 Sep 2025,,2cyfpiu9c3kowfard5ahjl5hw,Sascha Stegemann,Real Betis Balompié,Nottingham Forest FC,C. Bakambu,0,0,0,0,2,0,1,0,8,0,0,1,1,0,0
16,24 Sep 2025,,2cyfpiu9c3kowfard5ahjl5hw,Sascha Stegemann,Real Betis Balompié,Nottingham Forest FC,Sergi Altimira,0,0,0,0,1,0,0,0,21,0,0,0,0,0,0
16,24 Sep 2025,,2cyfpiu9c3kowfard5ahjl5hw,Sascha Stegemann,Real Betis Balompié,Nottingham Forest FC,S. Amrabat,0,0,0,1,2,1,0,0,54,0,0,0,0,0,0
16,24 Sep 2025,,2cyfpiu9c3kowfard5ahjl5hw,Sascha Stegemann,Real Betis Balompié,Nottingham Forest FC,Marc Roca,1,1,0,1,0,1,0,0,37,0,0,1,0,3,0
16,24 Sep 2025,,2cyfpiu9c3kowfard5ahjl5hw,Sascha Stegemann,Real Betis Balompié,Nottingham Forest FC,R. Rodríguez,0,1,0,2,3,1,0,0,32,0,0,1,0,0,1
16,24 Sep 2025,,2cyfpiu9c3kowfard5ahjl5hw,Sascha Stegemann,Real Betis Balompié,Nottingham Forest FC,Rodrigo Riquelme,0,0,0,2,1,1,0,0,20,0,0,0,0,1,0
16,24 Sep 2025,,2cyfpiu9c3kowfard5ahjl5hw,Sascha Stegemann,Real Betis Balompié,Nottingham Forest FC,C. Hernández,0,0,1,1,0,0,0,0,4,0,0,1,1,0,1
16,24 Sep 2025,,2cyfpiu9c3kowfard5ahjl5hw,Sascha Stegemann,Real Betis Balompié,Nottingham Forest FC,Pablo Fornals,0,0,0,1,0,0,0,0,10,0,0,1,0,1,0
16,24 Sep 2025,,2cyfpiu9c3kowfard5ahjl5hw,Sascha Stegemann,Real Betis Balompié,Nottingham Forest FC,Douglas Luiz,1,1,1,1,1,0,0,0,24,0,0,1,0,0,0
16,24 Sep 2025,,2cyfpiu9c3kowfard5ahjl5hw,Sascha Stegemann,Real Betis Balompié,Nottingham Forest FC,Morato,0,0,0,0,0,0,0,0,48,0,0,0,0,2,0
16,24 Sep 2025,,2cyfpiu9c3kowfard5ahjl5hw,Sascha Stegemann,Real Betis Balompié,Nottingham Forest FC,C. Hudson-Odoi,0,0,0,3,0,1,0,1,20,0,0,3,2,1,0
16,24 Sep 2025,,2cyfpiu9c3kowfard5ahjl5hw,Sascha Stegemann,Real Betis Balompié,Nottingham Forest FC,I. Sangaré,0,0,0,0,0,0,0,0,62,0,0,0,0,1,0
16,24 Sep 2025,,2cyfpiu9c3kowfard5ahjl5hw,Sascha Stegemann,Real Betis Balompié,Nottingham Forest FC,N. Milenković,0,0,0,0,1,0,0,0,47,0,0,0,0,1,0
16,24 Sep 2025,,2cyfpiu9c3kowfard5ahjl5hw,Sascha Stegemann,Real Betis Balompié,Nottingham Forest FC,M. Sels,0,0,0,0,0,1,0,0,30,0,2,0,0,0,0
16,24 Sep 2025,,2cyfpiu9c3kowfard5ahjl5hw,Sascha Stegemann,Real Betis Balompié,Nottingham Forest FC,M. Gibbs-White,1,0,0,1,2,1,0,0,23,0,0,2,1,0,1
16,24 Sep 2025,,2cyfpiu9c3kowfard5ahjl5hw,Sascha Stegemann,Real Betis Balompié,Nottingham Forest FC,O. Zinchenko,0,1,1,1,3,0,0,0,38,0,0,1,0,2,0
16,24 Sep 2025,,2cyfpiu9c3kowfard5ahjl5hw,Sascha Stegemann,Real Betis Balompié,Nottingham Forest FC,E. Anderson,0,2,0,1,3,5,0,0,42,0,0,2,0,2,0
16,24 Sep 2025,,2cyfpiu9c3kowfard5ahjl5hw,Sascha Stegemann,Real Betis Balompié,Nottingham Forest FC,N. Williams,0,0,0,0,2,3,0,0,39,0,0,0,0,4,0
16,24 Sep 2025,,2cyfpiu9c3kowfard5ahjl5hw,Sascha Stegemann,Real Betis Balompié,Nottingham Forest FC,Igor Jesus,0,3,0,0,2,1,2,0,12,0,0,6,3,0,1
16,24 Sep 2025,,2cyfpiu9c3kowfard5ahjl5hw,Sascha Stegemann,Real Betis Balompié,Nottingham Forest FC,D. Bakwa,0,0,1,1,1,4,0,0,11,0,0,1,0,3,0
16,24 Sep 2025,,2cyfpiu9c3kowfard5ahjl5hw,Sascha Stegemann,Real Betis Balompié,Nottingham Forest FC,A. Kalimuendo,0,0,0,0,1,0,0,0,8,0,0,0,0,0,0
16,24 Sep 2025,,2cyfpiu9c3kowfard5ahjl5hw,Sascha Stegemann,Real Betis Balompié,Nottingham Forest FC,D. Ndoye,0,0,0,2,0,0,0,0,5,0,0,0,0,2,0
16,24 Sep 2025,,2cyfpiu9c3kowfard5ahjl5hw,Sascha Stegemann,Real Betis Balompié,Nottingham Forest FC,R. Yates,0,0,0,0,0,0,0,0,5,0,0,0,0,0,0
16,24 Sep 2025,,2cyfpiu9c3kowfard5ahjl5hw,Sascha Stegemann,Real Betis Balompié,Nottingham Forest FC,Willy-Arnaud Zobo Boly,0,0,0,0,0,0,0,0,0,0,0,0,0,0,0
17,24 Sep 2025,,2dfosrsh726tlvaj439c8qbro,Nikola Dabanović,Sporting Braga,Feyenoord Rotterdam,João Moutinho,0,0,0,0,1,0,0,0,36,0,0,1,0,2,0
17,24 Sep 2025,,2dfosrsh726tlvaj439c8qbro,Nikola Dabanović,Sporting Braga,Feyenoord Rotterdam,S. Niakaté,0,0,0,0,0,1,0,0,32,0,0,0,0,0,0
17,24 Sep 2025,,2dfosrsh726tlvaj439c8qbro,Nikola Dabanović,Sporting Braga,Feyenoord Rotterdam,R. Zalazar,0,0,3,12,1,4,0,0,25,0,0,1,1,0,0
17,24 Sep 2025,,2dfosrsh726tlvaj439c8qbro,Nikola Dabanović,Sporting Braga,Feyenoord Rotterdam,Gabriel Moscardo,0,0,1,1,2,0,0,0,26,0,0,0,0,5,0
17,24 Sep 2025,,2dfosrsh726tlvaj439c8qbro,Nikola Dabanović,Sporting Braga,Feyenoord Rotterdam,B. Arrey-Mbi,0,0,0,0,0,0,0,0,31,0,0,0,0,1,0
17,24 Sep 2025,,2dfosrsh726tlvaj439c8qbro,Nikola Dabanović,Sporting Braga,Feyenoord Rotterdam,Leonardo Lelo,1,0,0,6,1,1,0,0,37,0,0,0,0,3,0
17,24 Sep 2025,,2dfosrsh726tlvaj439c8qbro,Nikola Dabanović,Sporting Braga,Feyenoord Rotterdam,L. Horníček,0,0,0,0,0,0,0,0,33,0,1,0,0,0,0
17,24 Sep 2025,,2dfosrsh726tlvaj439c8qbro,Nikola Dabanović,Sporting Braga,Feyenoord Rotterdam,Víctor Gómez,0,0,1,2,2,2,0,0,42,0,0,0,0,3,1
17,24 Sep 2025,,2dfosrsh726tlvaj439c8qbro,Nikola Dabanović,Sporting Braga,Feyenoord Rotterdam,G. Lagerbielke,0,0,0,0,1,1,0,0,51,0,0,0,0,2,0
17,24 Sep 2025,,2dfosrsh726tlvaj439c8qbro,Nikola Dabanović,Sporting Braga,Feyenoord Rotterdam,A. El Ouazzani,0,0,0,0,0,2,0,0,12,0,0,1,0,0,0
17,24 Sep 2025,,2dfosrsh726tlvaj439c8qbro,Nikola Dabanović,Sporting Braga,Feyenoord Rotterdam,Ricardo Horta,0,0,2,4,0,1,0,0,21,0,0,2,0,3,0
17,24 Sep 2025,,2dfosrsh726tlvaj439c8qbro,Nikola Dabanović,Sporting Braga,Feyenoord Rotterdam,J. Gorby,0,0,0,0,0,0,0,0,11,0,0,0,0,1,0
17,24 Sep 2025,,2dfosrsh726tlvaj439c8qbro,Nikola Dabanović,Sporting Braga,Feyenoord Rotterdam,Fran Navarro,0,0,0,0,0,0,1,0,8,0,0,1,1,0,0
17,24 Sep 2025,,2dfosrsh726tlvaj439c8qbro,Nikola Dabanović,Sporting Braga,Feyenoord Rotterdam,Pau Víctor,0,0,0,0,2,0,0,0,8,0,0,0,0,2,0
17,24 Sep 2025,,2dfosrsh726tlvaj439c8qbro,Nikola Dabanović,Sporting Braga,Feyenoord Rotterdam,Diego Rodrigues,0,0,0,0,0,1,0,0,4,0,0,2,0,1,0
17,24 Sep 2025,,2dfosrsh726tlvaj439c8qbro,Nikola Dabanović,Sporting Braga,Feyenoord Rotterdam,Vítor Carvalho,0,0,0,0,0,0,0,0,2,0,0,0,0,0,0
17,24 Sep 2025,,2dfosrsh726tlvaj439c8qbro,Nikola Dabanović,Sporting Braga,Feyenoord Rotterdam,Q. Timber,0,0,0,0,2,2,0,0,24,0,0,0,0,2,0
17,24 Sep 2025,,2dfosrsh726tlvaj439c8qbro,Nikola Dabanović,Sporting Braga,Feyenoord Rotterdam,G. Smal,0,0,0,5,0,2,0,0,71,0,0,1,1,1,0
17,24 Sep 2025,,2dfosrsh726tlvaj439c8qbro,Nikola Dabanović,Sporting Braga,Feyenoord Rotterdam,M. Jeng,0,0,0,0,0,0,0,0,42,0,0,0,0,1,0
17,24 Sep 2025,,2dfosrsh726tlvaj439c8qbro,Nikola Dabanović,Sporting Braga,Feyenoord Rotterdam,A. Ahmedhodžić,0,0,0,0,2,0,0,0,63,0,0,0,0,2,0
17,24 Sep 2025,,2dfosrsh726tlvaj439c8qbro,Nikola Dabanović,Sporting Braga,Feyenoord Rotterdam,T. Wellenreuther,0,0,0,0,0,0,0,0,36,0,1,0,0,0,0
17,24 Sep 2025,,2dfosrsh726tlvaj439c8qbro,Nikola Dabanović,Sporting Braga,Feyenoord Rotterdam,O. Targhalline,0,0,0,2,2,1,0,0,48,0,0,0,0,5,1
17,24 Sep 2025,,2dfosrsh726tlvaj439c8qbro,Nikola Dabanović,Sporting Braga,Feyenoord Rotterdam,S. Steijn,0,0,1,0,1,0,0,0,25,0,0,0,0,0,0
17,24 Sep 2025,,2dfosrsh726tlvaj439c8qbro,Nikola Dabanović,Sporting Braga,Feyenoord Rotterdam,C. Tengstedt,0,0,1,0,1,0,0,0,10,0,0,0,0,0,0
17,24 Sep 2025,,2dfosrsh726tlvaj439c8qbro,Nikola Dabanović,Sporting Braga,Feyenoord Rotterdam,G. Diarra,0,0,0,2,3,0,0,0,24,0,0,3,0,0,0
17,24 Sep 2025,,2dfosrsh726tlvaj439c8qbro,Nikola Dabanović,Sporting Braga,Feyenoord Rotterdam,B. Nieuwkoop,0,0,0,1,2,1,0,0,26,0,0,0,0,3,0
17,24 Sep 2025,,2dfosrsh726tlvaj439c8qbro,Nikola Dabanović,Sporting Braga,Feyenoord Rotterdam,Gonçalo Borges,0,0,0,7,0,2,0,2,19,0,0,1,0,0,0
17,24 Sep 2025,,2dfosrsh726tlvaj439c8qbro,Nikola Dabanović,Sporting Braga,Feyenoord Rotterdam,L. Valente,0,0,0,0,1,0,0,0,34,0,0,0,0,1,1
17,24 Sep 2025,,2dfosrsh726tlvaj439c8qbro,Nikola Dabanović,Sporting Braga,Feyenoord Rotterdam,T. Watanabe,0,0,0,0,1,0,0,0,28,0,0,0,0,1,0
17,24 Sep 2025,,2dfosrsh726tlvaj439c8qbro,Nikola Dabanović,Sporting Braga,Feyenoord Rotterdam,C. Larin,0,0,0,0,0,2,0,2,2,0,0,0,0,0,0
17,24 Sep 2025,,2dfosrsh726tlvaj439c8qbro,Nikola Dabanović,Sporting Braga,Feyenoord Rotterdam,J. Lotomba,0,0,0,1,0,0,0,0,12,0,0,0,0,0,0
17,24 Sep 2025,,2dfosrsh726tlvaj439c8qbro,Nikola Dabanović,Sporting Braga,Feyenoord Rotterdam,A. Hadj Moussa,0,0,0,2,0,0,0,0,0,0,0,0,0,0,0
18,24 Sep 2025,,2dvsi4l8torstn8dv43mzixp0,Luís Miguel Branco Godinho,SC Freiburg,FC Basel 1893,J. Manzambi,0,1,0,0,1,3,0,0,31,0,0,2,1,2,0
18,24 Sep 2025,,2dvsi4l8torstn8dv43mzixp0,Luís Miguel Branco Godinho,SC Freiburg,FC Basel 1893,N. Beste,0,1,2,4,1,1,0,0,16,0,0,1,0,1,0
18,24 Sep 2025,,2dvsi4l8torstn8dv43mzixp0,Luís Miguel Branco Godinho,SC Freiburg,FC Basel 1893,L. Kübler,0,1,0,1,1,2,0,0,31,0,0,1,0,1,0
18,24 Sep 2025,,2dvsi4l8torstn8dv43mzixp0,Luís Miguel Branco Godinho,SC Freiburg,FC Basel 1893,J. Adamu,0,0,0,0,1,1,0,0,13,0,0,0,0,1,0
18,24 Sep 2025,,2dvsi4l8torstn8dv43mzixp0,Luís Miguel Branco Godinho,SC Freiburg,FC Basel 1893,C. Günter,0,0,0,1,0,1,0,0,27,0,0,0,0,1,0
18,24 Sep 2025,,2dvsi4l8torstn8dv43mzixp0,Luís Miguel Branco Godinho,SC Freiburg,FC Basel 1893,N. Atubolu,0,0,0,0,0,0,0,0,51,0,3,0,0,0,0
18,24 Sep 2025,,2dvsi4l8torstn8dv43mzixp0,Luís Miguel Branco Godinho,SC Freiburg,FC Basel 1893,M. Ginter,0,0,0,0,0,0,0,0,46,0,0,0,0,0,0
18,24 Sep 2025,,2dvsi4l8torstn8dv43mzixp0,Luís Miguel Branco Godinho,SC Freiburg,FC Basel 1893,M. Eggestein,0,1,2,0,1,3,1,0,51,0,0,3,2,2,0
18,24 Sep 2025,,2dvsi4l8torstn8dv43mzixp0,Luís Miguel Branco Godinho,SC Freiburg,FC Basel 1893,P. Osterhage,0,1,0,0,1,3,1,0,37,0,0,3,1,2,0
18,24 Sep 2025,,2dvsi4l8torstn8dv43mzixp0,Luís Miguel Branco Godinho,SC Freiburg,FC Basel 1893,A. Jung,0,0,0,0,0,0,0,0,54,0,0,0,0,1,0
18,24 Sep 2025,,2dvsi4l8torstn8dv43mzixp0,Luís Miguel Branco Godinho,SC Freiburg,FC Basel 1893,V. Grifo,1,1,0,5,1,0,0,0,25,0,0,2,1,1,1
18,24 Sep 2025,,2dvsi4l8torstn8dv43mzixp0,Luís Miguel Branco Godinho,SC Freiburg,FC Basel 1893,P. Treu,0,0,0,0,1,0,0,0,4,0,0,1,0,1,1
18,24 Sep 2025,,2dvsi4l8torstn8dv43mzixp0,Luís Miguel Branco Godinho,SC Freiburg,FC Basel 1893,J. Makengo,0,0,0,0,0,1,0,0,8,0,0,0,0,1,0
18,24 Sep 2025,,2dvsi4l8torstn8dv43mzixp0,Luís Miguel Branco Godinho,SC Freiburg,FC Basel 1893,I. Matanović,0,1,0,0,1,0,0,0,6,0,0,2,0,1,0
18,24 Sep 2025,,2dvsi4l8torstn8dv43mzixp0,Luís Miguel Branco Godinho,SC Freiburg,FC Basel 1893,D. Scherhant,0,0,0,4,0,1,0,0,5,0,0,0,0,0,0
18,24 Sep 2025,,2dvsi4l8torstn8dv43mzixp0,Luís Miguel Branco Godinho,SC Freiburg,FC Basel 1893,E. Dinkçi,0,0,0,1,1,0,0,0,0,0,0,0,0,0,0
18,24 Sep 2025,,2dvsi4l8torstn8dv43mzixp0,Luís Miguel Branco Godinho,SC Freiburg,FC Basel 1893,X. Shaqiri,0,2,0,7,2,0,0,0,50,0,0,3,0,0,0
18,24 Sep 2025,,2dvsi4l8torstn8dv43mzixp0,Luís Miguel Branco Godinho,SC Freiburg,FC Basel 1893,J. Adjetey,0,0,0,0,0,0,0,0,45,0,0,1,1,2,0
18,24 Sep 2025,,2dvsi4l8torstn8dv43mzixp0,Luís Miguel Branco Godinho,SC Freiburg,FC Basel 1893,K. Tsunemoto,0,0,1,1,1,2,0,0,24,0,0,0,0,1,1
18,24 Sep 2025,,2dvsi4l8torstn8dv43mzixp0,Luís Miguel Branco Godinho,SC Freiburg,FC Basel 1893,A. Barišić,0,2,0,0,2,1,0,0,60,0,0,2,0,1,0
18,24 Sep 2025,,2dvsi4l8torstn8dv43mzixp0,Luís Miguel Branco Godinho,SC Freiburg,FC Basel 1893,M. Salvi,0,0,0,0,0,0,0,0,18,0,3,0,0,0,0
18,24 Sep 2025,,2dvsi4l8torstn8dv43mzixp0,Luís Miguel Branco Godinho,SC Freiburg,FC Basel 1893,Metinho,0,0,0,1,4,0,0,0,47,0,0,0,0,2,0
18,24 Sep 2025,,2dvsi4l8torstn8dv43mzixp0,Luís Miguel Branco Godinho,SC Freiburg,FC Basel 1893,I. Salah,0,0,0,1,0,0,0,0,22,0,0,1,0,0,0
18,24 Sep 2025,,2dvsi4l8torstn8dv43mzixp0,Luís Miguel Branco Godinho,SC Freiburg,FC Basel 1893,J. Zé,0,0,0,1,3,0,0,0,10,0,0,1,1,0,0
18,24 Sep 2025,,2dvsi4l8torstn8dv43mzixp0,Luís Miguel Branco Godinho,SC Freiburg,FC Basel 1893,A. Ajeti,0,1,2,0,0,0,0,0,16,0,0,3,1,0,1
18,24 Sep 2025,,2dvsi4l8torstn8dv43mzixp0,Luís Miguel Branco Godinho,SC Freiburg,FC Basel 1893,D. Schmid,0,0,1,7,1,2,0,0,28,0,0,0,0,3,0
18,24 Sep 2025,,2dvsi4l8torstn8dv43mzixp0,Luís Miguel Branco Godinho,SC Freiburg,FC Basel 1893,L. Leroy,1,1,0,0,1,2,0,0,42,0,0,2,0,4,0
18,24 Sep 2025,,2dvsi4l8torstn8dv43mzixp0,Luís Miguel Branco Godinho,SC Freiburg,FC Basel 1893,N. Vouilloz,0,0,0,0,0,0,0,0,30,0,0,0,0,0,0
18,24 Sep 2025,,2dvsi4l8torstn8dv43mzixp0,Luís Miguel Branco Godinho,SC Freiburg,FC Basel 1893,P. Otele,0,1,0,2,0,1,1,0,11,0,0,2,1,0,0
18,24 Sep 2025,,2dvsi4l8torstn8dv43mzixp0,Luís Miguel Branco Godinho,SC Freiburg,FC Basel 1893,J. Agbonifo,0,0,0,2,2,2,0,0,9,0,0,0,0,2,0
18,24 Sep 2025,,2dvsi4l8torstn8dv43mzixp0,Luís Miguel Branco Godinho,SC Freiburg,FC Basel 1893,M. Broschinski,0,0,0,0,0,0,0,0,6,0,0,0,0,0,0
18,24 Sep 2025,,2dvsi4l8torstn8dv43mzixp0,Luís Miguel Branco Godinho,SC Freiburg,FC Basel 1893,K. Rüegg,0,0,0,1,0,0,0,0,6,0,0,0,0,0,0
18,24 Sep 2025,,2dvsi4l8torstn8dv43mzixp0,Luís Miguel Branco Godinho,SC Freiburg,FC Basel 1893,D. Kacuri,0,0,0,0,0,0,0,0,0,0,0,0,0,0,0
19,25 Sep 2025,,2eff66apoyrlfcse26mtlbeac,Kristo Tohver,Go Ahead Eagles,SC Fotbal Club FCSB SA,D. James,0,0,2,7,1,1,0,0,52,0,0,0,0,2,0
19,25 Sep 2025,,2eff66apoyrlfcse26mtlbeac,Kristo Tohver,Go Ahead Eagles,SC Fotbal Club FCSB SA,M. Meulensteen,0,0,1,2,0,2,0,0,77,0,0,1,0,2,0
19,25 Sep 2025,,2eff66apoyrlfcse26mtlbeac,Kristo Tohver,Go Ahead Eagles,SC Fotbal Club FCSB SA,J. Kramer,0,0,0,1,0,0,0,0,115,0,0,1,0,3,0
19,25 Sep 2025,,2eff66apoyrlfcse26mtlbeac,Kristo Tohver,Go Ahead Eagles,SC Fotbal Club FCSB SA,J. De Busser,0,0,0,0,0,0,0,0,24,0,5,0,0,0,0
19,25 Sep 2025,,2eff66apoyrlfcse26mtlbeac,Kristo Tohver,Go Ahead Eagles,SC Fotbal Club FCSB SA,E. Linthorst,0,0,0,0,1,0,0,0,47,0,0,0,0,0,0
19,25 Sep 2025,,2eff66apoyrlfcse26mtlbeac,Kristo Tohver,Go Ahead Eagles,SC Fotbal Club FCSB SA,G. Nauber,0,0,0,0,1,0,0,0,56,0,0,0,0,0,1
19,25 Sep 2025,,2eff66apoyrlfcse26mtlbeac,Kristo Tohver,Go Ahead Eagles,SC Fotbal Club FCSB SA,M. Deijl,0,0,1,5,0,1,0,0,39,0,0,2,2,3,0
19,25 Sep 2025,,2eff66apoyrlfcse26mtlbeac,Kristo Tohver,Go Ahead Eagles,SC Fotbal Club FCSB SA,K. Goudmijn,0,0,0,2,0,2,0,0,27,0,0,0,0,0,0
19,25 Sep 2025,,2eff66apoyrlfcse26mtlbeac,Kristo Tohver,Go Ahead Eagles,SC Fotbal Club FCSB SA,M. Suray,0,1,0,1,2,2,0,0,28,0,0,3,2,0,0
19,25 Sep 2025,,2eff66apoyrlfcse26mtlbeac,Kristo Tohver,Go Ahead Eagles,SC Fotbal Club FCSB SA,J. Breum,0,0,0,4,0,2,0,0,60,0,0,5,3,0,0
19,25 Sep 2025,,2eff66apoyrlfcse26mtlbeac,Kristo Tohver,Go Ahead Eagles,SC Fotbal Club FCSB SA,V. Edvardsen,0,0,3,3,1,1,0,0,46,0,0,3,0,1,1
19,25 Sep 2025,,2eff66apoyrlfcse26mtlbeac,Kristo Tohver,Go Ahead Eagles,SC Fotbal Club FCSB SA,M. Smit,0,1,0,0,0,0,0,0,5,0,0,1,0,0,0
19,25 Sep 2025,,2eff66apoyrlfcse26mtlbeac,Kristo Tohver,Go Ahead Eagles,SC Fotbal Club FCSB SA,C. Twigt,0,0,0,0,1,1,0,0,27,0,0,1,0,0,0
19,25 Sep 2025,,2eff66apoyrlfcse26mtlbeac,Kristo Tohver,Go Ahead Eagles,SC Fotbal Club FCSB SA,R. Margaret,0,0,0,1,1,1,0,0,14,0,0,0,0,1,0
19,25 Sep 2025,,2eff66apoyrlfcse26mtlbeac,Kristo Tohver,Go Ahead Eagles,SC Fotbal Club FCSB SA,F. Stokkers,0,0,0,0,0,1,0,0,1,0,0,0,0,0,0
19,25 Sep 2025,,2eff66apoyrlfcse26mtlbeac,Kristo Tohver,Go Ahead Eagles,SC Fotbal Club FCSB SA,R. Weijenberg,0,0,0,0,1,0,0,0,2,0,0,0,0,2,0
19,25 Sep 2025,,2eff66apoyrlfcse26mtlbeac,Kristo Tohver,Go Ahead Eagles,SC Fotbal Club FCSB SA,D. Alibec,1,0,0,2,0,1,0,0,8,0,0,1,1,0,0
19,25 Sep 2025,,2eff66apoyrlfcse26mtlbeac,Kristo Tohver,Go Ahead Eagles,SC Fotbal Club FCSB SA,B. Alhassan,0,0,0,0,2,1,0,0,22,0,0,0,0,2,1
19,25 Sep 2025,,2eff66apoyrlfcse26mtlbeac,Kristo Tohver,Go Ahead Eagles,SC Fotbal Club FCSB SA,M. Popescu,0,0,0,0,1,0,0,0,15,0,0,2,0,1,0
19,25 Sep 2025,,2eff66apoyrlfcse26mtlbeac,Kristo Tohver,Go Ahead Eagles,SC Fotbal Club FCSB SA,S. Ngezana,0,0,0,0,0,0,0,0,17,0,0,0,0,2,0
19,25 Sep 2025,,2eff66apoyrlfcse26mtlbeac,Kristo Tohver,Go Ahead Eagles,SC Fotbal Club FCSB SA,D. Graovac,0,0,0,0,1,0,0,0,20,0,0,0,0,0,0
19,25 Sep 2025,,2eff66apoyrlfcse26mtlbeac,Kristo Tohver,Go Ahead Eagles,SC Fotbal Club FCSB SA,D. Miculescu,0,0,1,0,0,1,1,1,16,0,0,2,2,3,1
19,25 Sep 2025,,2eff66apoyrlfcse26mtlbeac,Kristo Tohver,Go Ahead Eagles,SC Fotbal Club FCSB SA,D. Olaru,0,0,0,4,5,4,0,0,21,0,0,2,2,1,1
19,25 Sep 2025,,2eff66apoyrlfcse26mtlbeac,Kristo Tohver,Go Ahead Eagles,SC Fotbal Club FCSB SA,D. Kiki,0,0,0,0,0,0,0,0,9,0,0,0,0,0,0
19,25 Sep 2025,,2eff66apoyrlfcse26mtlbeac,Kristo Tohver,Go Ahead Eagles,SC Fotbal Club FCSB SA,Ș. Târnovanu,0,0,0,0,0,0,0,0,24,0,7,0,0,0,0
19,25 Sep 2025,,2eff66apoyrlfcse26mtlbeac,Kristo Tohver,Go Ahead Eagles,SC Fotbal Club FCSB SA,M. Edjouma,0,0,0,0,1,0,0,0,6,0,0,0,0,1,0
19,25 Sep 2025,,2eff66apoyrlfcse26mtlbeac,Kristo Tohver,Go Ahead Eagles,SC Fotbal Club FCSB SA,J. Cisotti,0,0,0,0,3,1,0,0,23,0,0,1,1,3,1
19,25 Sep 2025,,2eff66apoyrlfcse26mtlbeac,Kristo Tohver,Go Ahead Eagles,SC Fotbal Club FCSB SA,F. Tănase,0,0,0,0,1,1,0,0,15,0,0,0,0,0,1
19,25 Sep 2025,,2eff66apoyrlfcse26mtlbeac,Kristo Tohver,Go Ahead Eagles,SC Fotbal Club FCSB SA,D. Bîrligea,0,0,0,1,0,0,0,0,6,0,0,0,0,0,0
19,25 Sep 2025,,2eff66apoyrlfcse26mtlbeac,Kristo Tohver,Go Ahead Eagles,SC Fotbal Club FCSB SA,R. Radunović,0,0,0,0,0,0,0,0,11,0,0,0,0,1,0
19,25 Sep 2025,,2eff66apoyrlfcse26mtlbeac,Kristo Tohver,Go Ahead Eagles,SC Fotbal Club FCSB SA,M. Thiam,0,0,0,0,0,0,0,0,9,0,0,0,0,1,0
20,25 Sep 2025,,2f60zksbxgdbrxstlp16a7hg4,Allard Lindhout,Lille OSC,SK Brann,Matías Fernández,1,0,2,2,0,3,0,1,24,0,0,3,1,1,0
20,25 Sep 2025,,2f60zksbxgdbrxstlp16a7hg4,Allard Lindhout,Lille OSC,SK Brann,C. Mbemba,0,0,0,0,0,1,0,0,65,0,0,0,0,3,0
20,25 Sep 2025,,2f60zksbxgdbrxstlp16a7hg4,Allard Lindhout,Lille OSC,SK Brann,B. Özer,0,0,0,0,0,0,0,0,30,0,2,0,0,0,0
20,25 Sep 2025,,2f60zksbxgdbrxstlp16a7hg4,Allard Lindhout,Lille OSC,SK Brann,N. Mukau,0,2,1,0,2,1,0,1,41,0,0,2,0,2,1
20,25 Sep 2025,,2f60zksbxgdbrxstlp16a7hg4,Allard Lindhout,Lille OSC,SK Brann,N. Bentaleb,0,1,1,7,0,0,0,0,53,0,0,1,0,2,0
20,25 Sep 2025,,2f60zksbxgdbrxstlp16a7hg4,Allard Lindhout,Lille OSC,SK Brann,Tiago Santos,1,1,2,6,0,5,0,0,42,0,0,1,0,0,0
20,25 Sep 2025,,2f60zksbxgdbrxstlp16a7hg4,Allard Lindhout,Lille OSC,SK Brann,M. Goffi,0,0,0,0,0,0,0,0,56,0,0,1,0,1,0
20,25 Sep 2025,,2f60zksbxgdbrxstlp16a7hg4,Allard Lindhout,Lille OSC,SK Brann,H. Haraldsson,0,0,0,3,1,0,0,0,55,0,0,1,0,3,0
20,25 Sep 2025,,2f60zksbxgdbrxstlp16a7hg4,Allard Lindhout,Lille OSC,SK Brann,C. Verdonk,0,0,0,1,1,1,0,0,66,0,0,0,0,4,0
20,25 Sep 2025,,2f60zksbxgdbrxstlp16a7hg4,Allard Lindhout,Lille OSC,SK Brann,H. Igamane,0,1,0,0,2,0,1,1,17,0,0,4,1,4,0
20,25 Sep 2025,,2f60zksbxgdbrxstlp16a7hg4,Allard Lindhout,Lille OSC,SK Brann,O. Sahraoui,0,0,2,0,1,0,0,0,29,0,0,2,1,1,0
20,25 Sep 2025,,2f60zksbxgdbrxstlp16a7hg4,Allard Lindhout,Lille OSC,SK Brann,Félix Correia,0,0,3,5,0,0,0,0,16,0,0,0,0,0,0
20,25 Sep 2025,,2f60zksbxgdbrxstlp16a7hg4,Allard Lindhout,Lille OSC,SK Brann,O. Giroud,0,0,0,0,0,0,1,0,8,0,0,1,1,0,0
20,25 Sep 2025,,2f60zksbxgdbrxstlp16a7hg4,Allard Lindhout,Lille OSC,SK Brann,A. Bouaddi,0,0,0,0,0,1,0,0,6,0,0,1,0,0,0
20,25 Sep 2025,,2f60zksbxgdbrxstlp16a7hg4,Allard Lindhout,Lille OSC,SK Brann,S. Diaoune,0,0,0,0,0,0,0,0,2,0,0,0,0,0,0
20,25 Sep 2025,,2f60zksbxgdbrxstlp16a7hg4,Allard Lindhout,Lille OSC,SK Brann,A. Mandi,0,0,0,0,0,0,0,0,4,0,0,0,0,0,0
20,25 Sep 2025,,2f60zksbxgdbrxstlp16a7hg4,Allard Lindhout,Lille OSC,SK Brann,F. Knudsen,0,0,0,0,1,0,0,0,56,0,0,2,0,2,0
20,25 Sep 2025,,2f60zksbxgdbrxstlp16a7hg4,Allard Lindhout,Lille OSC,SK Brann,S. Magnússon,0,1,1,0,2,1,1,0,22,0,0,2,1,1,1
20,25 Sep 2025,,2f60zksbxgdbrxstlp16a7hg4,Allard Lindhout,Lille OSC,SK Brann,F. Myhre,0,0,0,1,2,1,0,0,39,0,0,0,0,1,0
20,25 Sep 2025,,2f60zksbxgdbrxstlp16a7hg4,Allard Lindhout,Lille OSC,SK Brann,J. Sørensen,0,0,0,0,1,2,0,0,50,0,0,0,0,3,0
20,25 Sep 2025,,2f60zksbxgdbrxstlp16a7hg4,Allard Lindhout,Lille OSC,SK Brann,V. Dragsnes,0,0,0,1,0,0,0,0,36,0,0,0,0,3,0
20,25 Sep 2025,,2f60zksbxgdbrxstlp16a7hg4,Allard Lindhout,Lille OSC,SK Brann,N. Castro,0,0,0,2,3,0,0,0,19,0,0,1,0,2,1
20,25 Sep 2025,,2f60zksbxgdbrxstlp16a7hg4,Allard Lindhout,Lille OSC,SK Brann,E. Helland,0,0,0,0,0,0,0,0,55,0,0,0,0,1,0
20,25 Sep 2025,,2f60zksbxgdbrxstlp16a7hg4,Allard Lindhout,Lille OSC,SK Brann,N. Holm,1,0,1,0,0,0,0,0,19,0,0,1,0,0,0
20,25 Sep 2025,,2f60zksbxgdbrxstlp16a7hg4,Allard Lindhout,Lille OSC,SK Brann,T. Pedersen,0,0,0,0,2,1,0,0,21,0,0,0,0,2,0
20,25 Sep 2025,,2f60zksbxgdbrxstlp16a7hg4,Allard Lindhout,Lille OSC,SK Brann,M. Dyngeland,0,0,0,0,0,1,0,0,51,0,2,0,0,0,0
20,25 Sep 2025,,2f60zksbxgdbrxstlp16a7hg4,Allard Lindhout,Lille OSC,SK Brann,E. Kornvig,0,0,0,1,0,0,0,0,27,0,0,3,0,3,0
20,25 Sep 2025,,2f60zksbxgdbrxstlp16a7hg4,Allard Lindhout,Lille OSC,SK Brann,D. De Roeve,0,0,0,0,0,0,0,0,17,0,0,0,0,1,0
20,25 Sep 2025,,2f60zksbxgdbrxstlp16a7hg4,Allard Lindhout,Lille OSC,SK Brann,E. Guðmundsson,0,0,1,2,1,1,0,0,13,0,0,0,0,3,0
20,25 Sep 2025,,2f60zksbxgdbrxstlp16a7hg4,Allard Lindhout,Lille OSC,SK Brann,U. Mathisen,0,0,0,0,0,0,0,0,8,0,0,0,0,1,0
20,25 Sep 2025,,2f60zksbxgdbrxstlp16a7hg4,Allard Lindhout,Lille OSC,SK Brann,B. Finne,0,0,1,1,0,0,0,0,1,0,0,1,1,0,0
20,25 Sep 2025,,2f60zksbxgdbrxstlp16a7hg4,Allard Lindhout,Lille OSC,SK Brann,M. Sande,0,0,0,0,0,0,0,0,1,0,0,2,1,0,0
81,6 Nov 2025,,32anu8hlalhsra1ksbq6ef3mc,Matej Jug,Real Betis Balompié,Olympique Lyonnais,Aitor Ruibal,0,0,0,0,1,0,0,0,24,0,0,0,0,9,1
81,6 Nov 2025,,32anu8hlalhsra1ksbq6ef3mc,Matej Jug,Real Betis Balompié,Olympique Lyonnais,Antony,0,1,1,1,1,3,1,0,22,0,0,4,2,1,0
81,6 Nov 2025,,32anu8hlalhsra1ksbq6ef3mc,Matej Jug,Real Betis Balompié,Olympique Lyonnais,Diego Llorente,0,0,0,0,0,0,0,0,34,0,0,0,0,0,0
81,6 Nov 2025,,32anu8hlalhsra1ksbq6ef3mc,Matej Jug,Real Betis Balompié,Olympique Lyonnais,G. Lo Celso,0,0,0,1,0,3,0,0,32,0,0,0,0,2,0
81,6 Nov 2025,,32anu8hlalhsra1ksbq6ef3mc,Matej Jug,Real Betis Balompié,Olympique Lyonnais,Marc Roca,1,0,0,0,1,0,0,0,43,0,0,0,0,2,0
81,6 Nov 2025,,32anu8hlalhsra1ksbq6ef3mc,Matej Jug,Real Betis Balompié,Olympique Lyonnais,Álvaro Valles,0,0,0,0,0,0,0,0,31,0,3,0,0,0,0
81,6 Nov 2025,,32anu8hlalhsra1ksbq6ef3mc,Matej Jug,Real Betis Balompié,Olympique Lyonnais,Natan,0,0,0,0,0,0,0,0,28,0,0,0,0,1,0
81,6 Nov 2025,,32anu8hlalhsra1ksbq6ef3mc,Matej Jug,Real Betis Balompié,Olympique Lyonnais,V. Gómez,0,0,0,0,2,0,0,0,36,0,0,0,0,4,0
81,6 Nov 2025,,32anu8hlalhsra1ksbq6ef3mc,Matej Jug,Real Betis Balompié,Olympique Lyonnais,A. Ezzalzouli,0,1,1,1,1,1,1,0,19,0,0,4,3,2,0
81,6 Nov 2025,,32anu8hlalhsra1ksbq6ef3mc,Matej Jug,Real Betis Balompié,Olympique Lyonnais,C. Bakambu,1,0,0,0,3,1,0,0,9,0,0,0,0,2,1
81,6 Nov 2025,,32anu8hlalhsra1ksbq6ef3mc,Matej Jug,Real Betis Balompié,Olympique Lyonnais,Pablo Fornals,0,0,0,0,1,0,0,0,34,0,0,1,1,0,0
81,6 Nov 2025,,32anu8hlalhsra1ksbq6ef3mc,Matej Jug,Real Betis Balompié,Olympique Lyonnais,Sergi Altimira,0,0,0,0,0,0,0,0,4,0,0,0,0,1,0
81,6 Nov 2025,,32anu8hlalhsra1ksbq6ef3mc,Matej Jug,Real Betis Balompié,Olympique Lyonnais,N. Deossa,0,0,0,0,0,1,0,0,2,0,0,0,0,1,0
81,6 Nov 2025,,32anu8hlalhsra1ksbq6ef3mc,Matej Jug,Real Betis Balompié,Olympique Lyonnais,C. Ávila,0,0,0,0,0,0,0,0,2,0,0,0,0,0,0
81,6 Nov 2025,,32anu8hlalhsra1ksbq6ef3mc,Matej Jug,Real Betis Balompié,Olympique Lyonnais,Rodrigo Riquelme,0,0,0,0,0,0,0,0,3,0,0,0,0,0,0
81,6 Nov 2025,,32anu8hlalhsra1ksbq6ef3mc,Matej Jug,Real Betis Balompié,Olympique Lyonnais,Pablo García,0,0,0,0,0,2,0,0,1,0,0,0,0,0,0
81,6 Nov 2025,,32anu8hlalhsra1ksbq6ef3mc,Matej Jug,Real Betis Balompié,Olympique Lyonnais,M. Satriano,0,0,1,1,0,0,0,0,22,0,0,0,0,0,0
81,6 Nov 2025,,32anu8hlalhsra1ksbq6ef3mc,Matej Jug,Real Betis Balompié,Olympique Lyonnais,M. de Carvalho,0,0,0,2,2,1,0,0,91,0,0,2,1,4,0
81,6 Nov 2025,,32anu8hlalhsra1ksbq6ef3mc,Matej Jug,Real Betis Balompié,Olympique Lyonnais,M. Niakhaté,0,0,0,0,1,1,0,0,89,0,0,0,0,0,0
81,6 Nov 2025,,32anu8hlalhsra1ksbq6ef3mc,Matej Jug,Real Betis Balompié,Olympique Lyonnais,T. Tessmann,0,0,1,3,0,2,0,0,54,0,0,1,1,0,0
81,6 Nov 2025,,32anu8hlalhsra1ksbq6ef3mc,Matej Jug,Real Betis Balompié,Olympique Lyonnais,E. Molébé,0,0,0,2,0,0,0,0,14,0,0,1,1,0,0
81,6 Nov 2025,,32anu8hlalhsra1ksbq6ef3mc,Matej Jug,Real Betis Balompié,Olympique Lyonnais,Abner,0,0,0,0,4,0,0,0,27,0,0,0,0,0,1
81,6 Nov 2025,,32anu8hlalhsra1ksbq6ef3mc,Matej Jug,Real Betis Balompié,Olympique Lyonnais,R. Kluivert,0,0,0,0,1,2,0,0,88,0,0,1,0,3,0
81,6 Nov 2025,,32anu8hlalhsra1ksbq6ef3mc,Matej Jug,Real Betis Balompié,Olympique Lyonnais,A. Karabec,0,0,1,5,1,1,0,0,44,0,0,0,0,1,0
81,6 Nov 2025,,32anu8hlalhsra1ksbq6ef3mc,Matej Jug,Real Betis Balompié,Olympique Lyonnais,A. Maitland-Niles,0,0,0,0,0,0,0,0,51,0,0,1,0,3,0
81,6 Nov 2025,,32anu8hlalhsra1ksbq6ef3mc,Matej Jug,Real Betis Balompié,Olympique Lyonnais,K. Merah,0,0,0,0,1,0,0,0,32,0,0,2,0,0,0
81,6 Nov 2025,,32anu8hlalhsra1ksbq6ef3mc,Matej Jug,Real Betis Balompié,Olympique Lyonnais,D. Greif,0,0,0,0,0,0,0,0,42,0,4,0,0,0,0
81,6 Nov 2025,,32anu8hlalhsra1ksbq6ef3mc,Matej Jug,Real Betis Balompié,Olympique Lyonnais,N. Tagliafico,0,0,1,2,1,1,0,1,25,0,0,1,0,5,1
81,6 Nov 2025,,32anu8hlalhsra1ksbq6ef3mc,Matej Jug,Real Betis Balompié,Olympique Lyonnais,Afonso Moreira,0,0,1,5,1,2,0,0,19,0,0,0,0,0,1
81,6 Nov 2025,,32anu8hlalhsra1ksbq6ef3mc,Matej Jug,Real Betis Balompié,Olympique Lyonnais,T. Morton,0,0,1,1,0,0,0,0,23,0,0,1,0,1,0
81,6 Nov 2025,,32anu8hlalhsra1ksbq6ef3mc,Matej Jug,Real Betis Balompié,Olympique Lyonnais,P. Šulc,0,0,0,0,0,0,0,1,3,0,0,0,0,0,0
81,6 Nov 2025,,32anu8hlalhsra1ksbq6ef3mc,Matej Jug,Real Betis Balompié,Olympique Lyonnais,Clinton Mata,0,0,0,0,0,0,0,0,5,0,0,0,0,0,0
82,6 Nov 2025,,32o40q8we8adv4dywxbsa52j8,Balazs Berke,Sporting Braga,KRC Genk,J. Gorby,0,0,0,0,0,2,0,0,84,0,0,1,0,2,0
82,6 Nov 2025,,32o40q8we8adv4dywxbsa52j8,Balazs Berke,Sporting Braga,KRC Genk,Gabri Martínez,0,1,2,3,0,3,0,0,38,0,0,3,2,4,1
82,6 Nov 2025,,32o40q8we8adv4dywxbsa52j8,Balazs Berke,Sporting Braga,KRC Genk,A. El Ouazzani,0,0,0,0,2,1,0,0,11,0,0,1,0,0,0
82,6 Nov 2025,,32o40q8we8adv4dywxbsa52j8,Balazs Berke,Sporting Braga,KRC Genk,Ricardo Horta,1,1,1,6,0,0,0,0,39,0,0,1,0,2,0
82,6 Nov 2025,,32o40q8we8adv4dywxbsa52j8,Balazs Berke,Sporting Braga,KRC Genk,João Moutinho,0,1,0,0,0,0,0,0,46,0,0,1,0,1,0
82,6 Nov 2025,,32o40q8we8adv4dywxbsa52j8,Balazs Berke,Sporting Braga,KRC Genk,R. Zalazar,0,3,2,2,1,4,2,0,52,0,0,7,2,3,0
82,6 Nov 2025,,32o40q8we8adv4dywxbsa52j8,Balazs Berke,Sporting Braga,KRC Genk,Víctor Gómez,0,1,3,3,1,3,0,0,70,0,0,1,0,2,0
82,6 Nov 2025,,32o40q8we8adv4dywxbsa52j8,Balazs Berke,Sporting Braga,KRC Genk,Leonardo Lelo,0,0,0,5,1,0,0,0,33,0,0,0,0,2,0
82,6 Nov 2025,,32o40q8we8adv4dywxbsa52j8,Balazs Berke,Sporting Braga,KRC Genk,G. Lagerbielke,0,0,1,0,1,0,0,0,83,0,0,2,1,0,1
82,6 Nov 2025,,32o40q8we8adv4dywxbsa52j8,Balazs Berke,Sporting Braga,KRC Genk,L. Horníček,0,0,0,0,0,1,0,0,23,0,4,0,0,0,0
82,6 Nov 2025,,32o40q8we8adv4dywxbsa52j8,Balazs Berke,Sporting Braga,KRC Genk,B. Arrey-Mbi,0,0,0,0,0,0,0,0,61,0,0,0,0,1,0
82,6 Nov 2025,,32o40q8we8adv4dywxbsa52j8,Balazs Berke,Sporting Braga,KRC Genk,F. Grillitsch,0,0,0,2,0,0,0,0,31,0,0,0,0,1,0
82,6 Nov 2025,,32o40q8we8adv4dywxbsa52j8,Balazs Berke,Sporting Braga,KRC Genk,Fran Navarro,0,0,0,0,0,0,1,0,7,0,0,3,1,1,0
82,6 Nov 2025,,32o40q8we8adv4dywxbsa52j8,Balazs Berke,Sporting Braga,KRC Genk,M. Dorgeles,0,0,0,4,0,0,0,0,34,0,0,0,0,0,0
82,6 Nov 2025,,32o40q8we8adv4dywxbsa52j8,Balazs Berke,Sporting Braga,KRC Genk,Pau Víctor,0,0,0,1,0,0,0,1,5,0,0,0,0,0,0
82,6 Nov 2025,,32o40q8we8adv4dywxbsa52j8,Balazs Berke,Sporting Braga,KRC Genk,Diego Rodrigues,0,0,0,2,0,0,0,0,4,0,0,0,0,0,0
82,6 Nov 2025,,32o40q8we8adv4dywxbsa52j8,Balazs Berke,Sporting Braga,KRC Genk,K. Karetsas,2,0,0,2,0,1,0,0,31,0,0,1,1,1,0
82,6 Nov 2025,,32o40q8we8adv4dywxbsa52j8,Balazs Berke,Sporting Braga,KRC Genk,H. Van Crombrugge,0,0,0,0,0,0,0,0,43,0,3,0,0,0,0
82,6 Nov 2025,,32o40q8we8adv4dywxbsa52j8,Balazs Berke,Sporting Braga,KRC Genk,Mujaid Sadick,0,0,0,0,1,0,0,0,37,0,0,0,0,2,0
82,6 Nov 2025,,32o40q8we8adv4dywxbsa52j8,Balazs Berke,Sporting Braga,KRC Genk,D. Heymans,1,1,1,0,1,0,1,0,31,0,0,2,1,2,0
82,6 Nov 2025,,32o40q8we8adv4dywxbsa52j8,Balazs Berke,Sporting Braga,KRC Genk,K. Nkuba,0,0,0,1,0,1,0,0,21,0,0,0,0,1,0
82,6 Nov 2025,,32o40q8we8adv4dywxbsa52j8,Balazs Berke,Sporting Braga,KRC Genk,M. Smets,0,0,0,0,3,1,0,0,43,0,0,0,0,1,0
82,6 Nov 2025,,32o40q8we8adv4dywxbsa52j8,Balazs Berke,Sporting Braga,KRC Genk,J. Kayembe,0,0,0,0,1,1,0,0,37,0,0,0,0,2,0
82,6 Nov 2025,,32o40q8we8adv4dywxbsa52j8,Balazs Berke,Sporting Braga,KRC Genk,P. Hrošovský,0,0,0,2,1,0,0,0,28,0,0,0,0,1,0
82,6 Nov 2025,,32o40q8we8adv4dywxbsa52j8,Balazs Berke,Sporting Braga,KRC Genk,B. Heynen,0,0,0,0,1,0,0,0,45,0,0,0,0,2,0
82,6 Nov 2025,,32o40q8we8adv4dywxbsa52j8,Balazs Berke,Sporting Braga,KRC Genk,Y. Sor,0,0,1,2,1,1,1,0,13,0,0,1,1,0,0
82,6 Nov 2025,,32o40q8we8adv4dywxbsa52j8,Balazs Berke,Sporting Braga,KRC Genk,Oh Hyeon-Gyu,0,0,0,0,0,0,1,1,6,0,0,3,3,1,0
82,6 Nov 2025,,32o40q8we8adv4dywxbsa52j8,Balazs Berke,Sporting Braga,KRC Genk,J. Kongolo,0,0,0,0,1,0,0,0,17,0,0,0,0,1,1
82,6 Nov 2025,,32o40q8we8adv4dywxbsa52j8,Balazs Berke,Sporting Braga,KRC Genk,Y. Medina,0,0,0,0,2,0,1,0,6,0,0,1,1,0,0
82,6 Nov 2025,,32o40q8we8adv4dywxbsa52j8,Balazs Berke,Sporting Braga,KRC Genk,J. Steuckers,0,0,0,0,0,0,0,0,3,0,0,1,1,0,0
82,6 Nov 2025,,32o40q8we8adv4dywxbsa52j8,Balazs Berke,Sporting Braga,KRC Genk,J. Erabi,0,0,0,0,2,0,0,0,3,0,0,0,0,0,0
82,6 Nov 2025,,32o40q8we8adv4dywxbsa52j8,Balazs Berke,Sporting Braga,KRC Genk,N. Sattlberger,0,0,0,0,0,1,0,0,3,0,0,0,0,0,0
85,7 Aug 2025,,3dmkt27yjjc9otj7l56h6n5lg,Horațiu Mircea Feșnic,AEK Larnaca,KP Legia Warszawa,Ángel García,0,1,1,3,1,2,1,0,42,0,0,3,1,4,0
85,7 Aug 2025,,3dmkt27yjjc9otj7l56h6n5lg,Horațiu Mircea Feșnic,AEK Larnaca,KP Legia Warszawa,Pere Pons,0,1,1,1,3,2,1,0,31,0,0,2,1,0,0
85,7 Aug 2025,,3dmkt27yjjc9otj7l56h6n5lg,Horațiu Mircea Feșnic,AEK Larnaca,KP Legia Warszawa,J. Gnali,2,0,0,1,0,3,0,0,11,0,0,0,0,2,0
85,7 Aug 2025,,3dmkt27yjjc9otj7l56h6n5lg,Horațiu Mircea Feșnic,AEK Larnaca,KP Legia Warszawa,V. Roberge,0,0,0,0,0,0,0,0,16,0,0,1,0,0,0
85,7 Aug 2025,,3dmkt27yjjc9otj7l56h6n5lg,Horațiu Mircea Feșnic,AEK Larnaca,KP Legia Warszawa,Z. Alomerović,0,0,0,0,0,0,0,0,20,0,2,0,0,0,0
85,7 Aug 2025,,3dmkt27yjjc9otj7l56h6n5lg,Horațiu Mircea Feșnic,AEK Larnaca,KP Legia Warszawa,H. Miličević,0,0,0,0,1,2,0,0,62,0,0,0,0,2,0
85,7 Aug 2025,,3dmkt27yjjc9otj7l56h6n5lg,Horațiu Mircea Feșnic,AEK Larnaca,KP Legia Warszawa,Gus Ledes,1,0,1,5,1,3,0,0,43,0,0,0,0,0,0
85,7 Aug 2025,,3dmkt27yjjc9otj7l56h6n5lg,Horațiu Mircea Feșnic,AEK Larnaca,KP Legia Warszawa,Y. Chacón,0,0,2,7,1,3,1,0,37,0,0,2,1,2,0
85,7 Aug 2025,,3dmkt27yjjc9otj7l56h6n5lg,Horațiu Mircea Feșnic,AEK Larnaca,KP Legia Warszawa,K. Angielski,0,1,1,0,3,2,1,0,6,0,0,2,1,0,0
85,7 Aug 2025,,3dmkt27yjjc9otj7l56h6n5lg,Horațiu Mircea Feșnic,AEK Larnaca,KP Legia Warszawa,Đ. Ivanović,0,1,1,2,0,1,0,0,27,0,0,1,0,0,0
85,7 Aug 2025,,3dmkt27yjjc9otj7l56h6n5lg,Horațiu Mircea Feșnic,AEK Larnaca,KP Legia Warszawa,G. Ekpolo,0,0,0,0,2,0,0,0,63,0,0,0,0,2,1
85,7 Aug 2025,,3dmkt27yjjc9otj7l56h6n5lg,Horațiu Mircea Feșnic,AEK Larnaca,KP Legia Warszawa,Jorge Miramón,0,0,0,0,1,0,0,0,56,0,0,0,0,1,0
85,7 Aug 2025,,3dmkt27yjjc9otj7l56h6n5lg,Horațiu Mircea Feșnic,AEK Larnaca,KP Legia Warszawa,E. Cabrera,0,1,1,0,3,2,0,1,4,0,0,2,1,0,0
85,7 Aug 2025,,3dmkt27yjjc9otj7l56h6n5lg,Horațiu Mircea Feșnic,AEK Larnaca,KP Legia Warszawa,Jimmy,1,0,0,0,0,0,0,0,20,0,0,0,0,0,0
85,7 Aug 2025,,3dmkt27yjjc9otj7l56h6n5lg,Horațiu Mircea Feșnic,AEK Larnaca,KP Legia Warszawa,Youssef Amyn,0,0,0,1,0,1,0,0,2,0,0,0,0,0,0
85,7 Aug 2025,,3dmkt27yjjc9otj7l56h6n5lg,Horațiu Mircea Feșnic,AEK Larnaca,KP Legia Warszawa,Claude Gonçalves,0,0,0,0,3,2,0,1,15,0,0,0,0,2,0
85,7 Aug 2025,,3dmkt27yjjc9otj7l56h6n5lg,Horațiu Mircea Feșnic,AEK Larnaca,KP Legia Warszawa,S. Kapuadi,0,0,0,1,4,0,0,0,36,0,0,0,0,1,0
85,7 Aug 2025,,3dmkt27yjjc9otj7l56h6n5lg,Horațiu Mircea Feșnic,AEK Larnaca,KP Legia Warszawa,J. Ziółkowski,0,0,0,0,5,3,0,0,50,0,0,0,0,0,1
85,7 Aug 2025,,3dmkt27yjjc9otj7l56h6n5lg,Horațiu Mircea Feșnic,AEK Larnaca,KP Legia Warszawa,K. Tobiasz,0,0,0,0,0,0,0,0,33,0,1,0,0,0,0
85,7 Aug 2025,,3dmkt27yjjc9otj7l56h6n5lg,Horațiu Mircea Feșnic,AEK Larnaca,KP Legia Warszawa,B. Kapustka,1,2,1,1,1,2,0,0,31,1,0,2,0,0,2
85,7 Aug 2025,,3dmkt27yjjc9otj7l56h6n5lg,Horațiu Mircea Feșnic,AEK Larnaca,KP Legia Warszawa,Rúben Vinagre,0,0,0,2,3,2,0,1,25,0,0,1,0,1,0
85,7 Aug 2025,,3dmkt27yjjc9otj7l56h6n5lg,Horațiu Mircea Feșnic,AEK Larnaca,KP Legia Warszawa,R. Augustyniak,0,0,0,0,1,2,0,0,35,0,0,0,0,0,0
85,7 Aug 2025,,3dmkt27yjjc9otj7l56h6n5lg,Horațiu Mircea Feșnic,AEK Larnaca,KP Legia Warszawa,P. Stojanović,0,1,0,0,0,0,0,0,17,0,0,1,0,1,0
85,7 Aug 2025,,3dmkt27yjjc9otj7l56h6n5lg,Horațiu Mircea Feșnic,AEK Larnaca,KP Legia Warszawa,P. Wszołek,0,0,1,2,2,1,0,0,18,0,0,1,1,1,0
85,7 Aug 2025,,3dmkt27yjjc9otj7l56h6n5lg,Horațiu Mircea Feșnic,AEK Larnaca,KP Legia Warszawa,V. Bichakhchyan,0,3,1,2,2,0,0,0,10,0,0,3,0,1,1
85,7 Aug 2025,,3dmkt27yjjc9otj7l56h6n5lg,Horațiu Mircea Feșnic,AEK Larnaca,KP Legia Warszawa,J. Nsame,0,0,1,0,1,1,1,1,14,0,0,4,2,0,0
85,7 Aug 2025,,3dmkt27yjjc9otj7l56h6n5lg,Horațiu Mircea Feșnic,AEK Larnaca,KP Legia Warszawa,M. Alfarela,0,0,0,1,0,0,0,0,6,0,0,0,0,0,0
85,7 Aug 2025,,3dmkt27yjjc9otj7l56h6n5lg,Horațiu Mircea Feșnic,AEK Larnaca,KP Legia Warszawa,K. Chodyna,0,0,0,0,1,0,0,0,3,0,0,0,0,0,0
85,7 Aug 2025,,3dmkt27yjjc9otj7l56h6n5lg,Horațiu Mircea Feșnic,AEK Larnaca,KP Legia Warszawa,R. Morishita,0,0,0,0,0,0,0,0,1,0,0,0,0,0,0
85,7 Aug 2025,,3dmkt27yjjc9otj7l56h6n5lg,Horațiu Mircea Feșnic,AEK Larnaca,KP Legia Warszawa,M. Rajović,0,0,0,0,0,0,0,0,4,0,0,0,0,0,0
86,14 Aug 2025,,3fmbn9jt33mh6ys7j94s7cjro,Andris Treimanis,KP Legia Warszawa,AEK Larnaca,A. Jędrzejczyk,0,0,0,0,1,0,0,0,41,0,0,1,0,0,1
86,14 Aug 2025,,3fmbn9jt33mh6ys7j94s7cjro,Andris Treimanis,KP Legia Warszawa,AEK Larnaca,P. Wszołek,1,0,1,8,2,3,0,0,26,0,0,0,0,0,0
86,14 Aug 2025,,3fmbn9jt33mh6ys7j94s7cjro,Andris Treimanis,KP Legia Warszawa,AEK Larnaca,J. Ziółkowski,0,0,0,1,1,1,0,1,51,0,0,0,0,4,0
86,14 Aug 2025,,3fmbn9jt33mh6ys7j94s7cjro,Andris Treimanis,KP Legia Warszawa,AEK Larnaca,J. Nsame,0,0,0,0,1,1,1,2,15,0,0,4,2,1,0
86,14 Aug 2025,,3fmbn9jt33mh6ys7j94s7cjro,Andris Treimanis,KP Legia Warszawa,AEK Larnaca,Rúben Vinagre,0,0,0,7,2,3,0,0,38,0,0,0,0,2,1
86,14 Aug 2025,,3fmbn9jt33mh6ys7j94s7cjro,Andris Treimanis,KP Legia Warszawa,AEK Larnaca,K. Tobiasz,0,0,0,0,0,0,0,0,27,0,2,0,0,0,1
86,14 Aug 2025,,3fmbn9jt33mh6ys7j94s7cjro,Andris Treimanis,KP Legia Warszawa,AEK Larnaca,R. Augustyniak,0,1,0,0,0,3,0,0,53,0,0,1,0,2,1
86,14 Aug 2025,,3fmbn9jt33mh6ys7j94s7cjro,Andris Treimanis,KP Legia Warszawa,AEK Larnaca,S. Kapuadi,0,0,0,0,2,0,0,0,63,0,0,0,0,2,0
86,14 Aug 2025,,3fmbn9jt33mh6ys7j94s7cjro,Andris Treimanis,KP Legia Warszawa,AEK Larnaca,V. Bichakhchyan,1,0,1,6,0,1,0,0,29,0,0,1,1,2,0
86,14 Aug 2025,,3fmbn9jt33mh6ys7j94s7cjro,Andris Treimanis,KP Legia Warszawa,AEK Larnaca,M. Rajović,0,0,0,0,0,0,1,0,10,0,0,4,1,0,0
86,14 Aug 2025,,3fmbn9jt33mh6ys7j94s7cjro,Andris Treimanis,KP Legia Warszawa,AEK Larnaca,R. Morishita,0,0,0,1,1,0,0,0,24,0,0,0,0,1,0
86,14 Aug 2025,,3fmbn9jt33mh6ys7j94s7cjro,Andris Treimanis,KP Legia Warszawa,AEK Larnaca,M. Alfarela,0,0,0,1,1,0,0,0,10,0,0,1,0,0,0
86,14 Aug 2025,,3fmbn9jt33mh6ys7j94s7cjro,Andris Treimanis,KP Legia Warszawa,AEK Larnaca,W. Urbański,0,0,0,0,0,0,0,0,11,0,0,0,0,0,0
86,14 Aug 2025,,3fmbn9jt33mh6ys7j94s7cjro,Andris Treimanis,KP Legia Warszawa,AEK Larnaca,P. Stojanović,0,0,0,2,0,1,0,0,12,0,0,0,0,1,0
86,14 Aug 2025,,3fmbn9jt33mh6ys7j94s7cjro,Andris Treimanis,KP Legia Warszawa,AEK Larnaca,A. Reca,0,0,0,1,0,0,0,0,7,0,0,0,0,0,0
86,14 Aug 2025,,3fmbn9jt33mh6ys7j94s7cjro,Andris Treimanis,KP Legia Warszawa,AEK Larnaca,I. Shkurin,0,0,0,1,1,0,0,1,1,0,0,1,0,0,0
86,14 Aug 2025,,3fmbn9jt33mh6ys7j94s7cjro,Andris Treimanis,KP Legia Warszawa,AEK Larnaca,K. Angielski,0,1,0,0,2,1,0,0,15,0,0,1,0,0,0
86,14 Aug 2025,,3fmbn9jt33mh6ys7j94s7cjro,Andris Treimanis,KP Legia Warszawa,AEK Larnaca,Gus Ledes,1,0,0,0,0,0,0,0,21,0,0,0,0,0,0
86,14 Aug 2025,,3fmbn9jt33mh6ys7j94s7cjro,Andris Treimanis,KP Legia Warszawa,AEK Larnaca,Ángel García,0,0,0,3,1,2,0,0,31,0,0,1,0,2,0
86,14 Aug 2025,,3fmbn9jt33mh6ys7j94s7cjro,Andris Treimanis,KP Legia Warszawa,AEK Larnaca,Y. Chacón,0,0,0,3,2,2,0,0,33,0,0,1,1,2,1
86,14 Aug 2025,,3fmbn9jt33mh6ys7j94s7cjro,Andris Treimanis,KP Legia Warszawa,AEK Larnaca,J. Gnali,0,1,0,1,3,1,0,0,23,1,0,1,0,1,2
86,14 Aug 2025,,3fmbn9jt33mh6ys7j94s7cjro,Andris Treimanis,KP Legia Warszawa,AEK Larnaca,Pere Pons,0,1,0,1,2,1,0,0,29,0,0,1,0,1,0
86,14 Aug 2025,,3fmbn9jt33mh6ys7j94s7cjro,Andris Treimanis,KP Legia Warszawa,AEK Larnaca,Đ. Ivanović,0,0,1,4,1,0,1,0,24,0,0,2,1,0,1
86,14 Aug 2025,,3fmbn9jt33mh6ys7j94s7cjro,Andris Treimanis,KP Legia Warszawa,AEK Larnaca,H. Miličević,0,0,0,0,1,2,0,0,31,0,0,0,0,1,1
86,14 Aug 2025,,3fmbn9jt33mh6ys7j94s7cjro,Andris Treimanis,KP Legia Warszawa,AEK Larnaca,G. Ekpolo,0,0,0,1,2,2,0,0,25,0,0,0,0,5,0
86,14 Aug 2025,,3fmbn9jt33mh6ys7j94s7cjro,Andris Treimanis,KP Legia Warszawa,AEK Larnaca,V. Roberge,0,0,0,0,0,0,0,0,24,0,0,0,0,0,1
86,14 Aug 2025,,3fmbn9jt33mh6ys7j94s7cjro,Andris Treimanis,KP Legia Warszawa,AEK Larnaca,Z. Alomerović,0,0,0,0,0,0,0,0,27,0,2,0,0,0,0
86,14 Aug 2025,,3fmbn9jt33mh6ys7j94s7cjro,Andris Treimanis,KP Legia Warszawa,AEK Larnaca,E. Cabrera,0,0,0,0,0,0,0,0,2,0,0,2,1,2,0
86,14 Aug 2025,,3fmbn9jt33mh6ys7j94s7cjro,Andris Treimanis,KP Legia Warszawa,AEK Larnaca,Jorge Miramón,0,0,0,0,1,0,0,0,3,0,0,0,0,0,0
86,14 Aug 2025,,3fmbn9jt33mh6ys7j94s7cjro,Andris Treimanis,KP Legia Warszawa,AEK Larnaca,Jimmy,0,0,0,0,0,0,0,0,2,0,0,0,0,0,0
86,14 Aug 2025,,3fmbn9jt33mh6ys7j94s7cjro,Andris Treimanis,KP Legia Warszawa,AEK Larnaca,D. Henriques,0,0,0,0,0,0,0,0,0,0,0,0,0,0,0
87,7 Aug 2025,,4pyetb0196j1bsnj4a931pic4,Igor Pajač,Fredrikstad FK,FC Midtjylland,O. Øhlenschlæger,1,1,1,1,1,2,0,1,23,0,0,1,0,1,0
87,7 Aug 2025,,4pyetb0196j1bsnj4a931pic4,Igor Pajač,Fredrikstad FK,FC Midtjylland,M. Woledzi,0,0,0,0,0,0,0,0,52,0,0,0,0,2,0
87,7 Aug 2025,,4pyetb0196j1bsnj4a931pic4,Igor Pajač,Fredrikstad FK,FC Midtjylland,S. Rafn,0,0,1,2,1,1,0,0,49,0,0,0,0,2,0
87,7 Aug 2025,,4pyetb0196j1bsnj4a931pic4,Igor Pajač,Fredrikstad FK,FC Midtjylland,E. Holten,0,2,2,1,2,1,0,0,21,0,0,2,0,2,0
87,7 Aug 2025,,4pyetb0196j1bsnj4a931pic4,Igor Pajač,Fredrikstad FK,FC Midtjylland,U. Fredriksen,0,0,1,0,0,0,0,0,64,0,0,2,1,1,0
87,7 Aug 2025,,4pyetb0196j1bsnj4a931pic4,Igor Pajač,Fredrikstad FK,FC Midtjylland,P. Metcalfe,0,1,0,4,0,0,0,0,33,0,0,1,0,1,0
87,7 Aug 2025,,4pyetb0196j1bsnj4a931pic4,Igor Pajač,Fredrikstad FK,FC Midtjylland,D. Eid,0,0,0,5,1,1,0,0,24,0,0,0,0,1,0
87,7 Aug 2025,,4pyetb0196j1bsnj4a931pic4,Igor Pajač,Fredrikstad FK,FC Midtjylland,M. Børsheim,0,0,0,0,0,0,0,0,27,0,1,0,0,0,0
87,7 Aug 2025,,4pyetb0196j1bsnj4a931pic4,Igor Pajač,Fredrikstad FK,FC Midtjylland,S. Sørløkk,0,1,1,0,0,0,0,2,12,0,0,1,0,1,0
87,7 Aug 2025,,4pyetb0196j1bsnj4a931pic4,Igor Pajač,Fredrikstad FK,FC Midtjylland,L. Owusu,0,0,0,0,1,0,0,0,51,0,0,0,0,3,0
87,7 Aug 2025,,4pyetb0196j1bsnj4a931pic4,Igor Pajač,Fredrikstad FK,FC Midtjylland,S. Molde,0,0,0,2,0,0,0,0,29,0,0,2,1,0,0
87,7 Aug 2025,,4pyetb0196j1bsnj4a931pic4,Igor Pajač,Fredrikstad FK,FC Midtjylland,S. Owusu,0,0,0,1,0,0,0,0,26,0,0,0,0,0,0
87,7 Aug 2025,,4pyetb0196j1bsnj4a931pic4,Igor Pajač,Fredrikstad FK,FC Midtjylland,J. Bjartalíð,0,0,1,6,0,0,1,0,17,0,0,2,2,0,0
87,7 Aug 2025,,4pyetb0196j1bsnj4a931pic4,Igor Pajač,Fredrikstad FK,FC Midtjylland,H. Skogvold,0,1,0,0,0,1,0,0,9,0,0,4,0,1,0
87,7 Aug 2025,,4pyetb0196j1bsnj4a931pic4,Igor Pajač,Fredrikstad FK,FC Midtjylland,R. Shein,0,0,0,0,0,0,0,0,10,0,0,0,0,0,0
87,7 Aug 2025,,4pyetb0196j1bsnj4a931pic4,Igor Pajač,Fredrikstad FK,FC Midtjylland,Franculino Djú,0,0,1,1,0,0,1,0,19,0,0,2,1,0,0
87,7 Aug 2025,,4pyetb0196j1bsnj4a931pic4,Igor Pajač,Fredrikstad FK,FC Midtjylland,P. Bravo,0,0,0,1,0,0,0,0,40,0,0,0,0,1,0
87,7 Aug 2025,,4pyetb0196j1bsnj4a931pic4,Igor Pajač,Fredrikstad FK,FC Midtjylland,Paulinho,0,0,0,3,0,1,0,0,44,0,0,0,0,0,0
87,7 Aug 2025,,4pyetb0196j1bsnj4a931pic4,Igor Pajač,Fredrikstad FK,FC Midtjylland,M. Bech,0,0,0,2,1,0,0,0,71,0,0,0,0,0,0
87,7 Aug 2025,,4pyetb0196j1bsnj4a931pic4,Igor Pajač,Fredrikstad FK,FC Midtjylland,A. Gabriel,0,0,0,1,1,0,0,0,46,0,0,1,0,1,0
87,7 Aug 2025,,4pyetb0196j1bsnj4a931pic4,Igor Pajač,Fredrikstad FK,FC Midtjylland,Lee Han-Beom,0,0,0,0,1,1,0,0,55,0,0,0,0,1,1
87,7 Aug 2025,,4pyetb0196j1bsnj4a931pic4,Igor Pajač,Fredrikstad FK,FC Midtjylland,M. Gogorza,0,0,0,5,0,1,1,0,28,0,0,1,1,1,0
87,7 Aug 2025,,4pyetb0196j1bsnj4a931pic4,Igor Pajač,Fredrikstad FK,FC Midtjylland,O. Sørensen,0,0,0,0,1,0,0,0,36,0,0,0,0,0,0
87,7 Aug 2025,,4pyetb0196j1bsnj4a931pic4,Igor Pajač,Fredrikstad FK,FC Midtjylland,D. Osorio,1,2,0,1,1,0,0,0,20,0,0,3,0,0,0
87,7 Aug 2025,,4pyetb0196j1bsnj4a931pic4,Igor Pajač,Fredrikstad FK,FC Midtjylland,E. Ólafsson,0,0,0,0,0,0,0,0,31,0,3,0,0,0,0
87,7 Aug 2025,,4pyetb0196j1bsnj4a931pic4,Igor Pajač,Fredrikstad FK,FC Midtjylland,Júnior Brumado,0,1,1,2,2,0,0,0,13,0,0,2,0,0,0
87,7 Aug 2025,,4pyetb0196j1bsnj4a931pic4,Igor Pajač,Fredrikstad FK,FC Midtjylland,V. Bak Jensen,0,0,0,0,0,0,0,0,15,0,0,0,0,0,0
87,7 Aug 2025,,4pyetb0196j1bsnj4a931pic4,Igor Pajač,Fredrikstad FK,FC Midtjylland,A. Şimşir,0,0,1,0,0,0,0,0,15,0,0,1,1,0,0
87,7 Aug 2025,,4pyetb0196j1bsnj4a931pic4,Igor Pajač,Fredrikstad FK,FC Midtjylland,D. Castillo,0,1,1,0,1,2,1,0,12,0,0,3,1,0,0
87,7 Aug 2025,,4pyetb0196j1bsnj4a931pic4,Igor Pajač,Fredrikstad FK,FC Midtjylland,V. Byskov,1,0,0,3,0,0,0,0,6,0,0,0,0,0,0
87,7 Aug 2025,,4pyetb0196j1bsnj4a931pic4,Igor Pajač,Fredrikstad FK,FC Midtjylland,F. Etim,0,0,0,0,0,0,0,0,3,0,0,0,0,0,0
88,14 Aug 2025,,4s5h8zjjvzrdkcgxi2vsz1y50,Julian Weinberger,FC Midtjylland,Fredrikstad FK,Franculino Djú,0,1,0,1,0,0,0,0,15,0,0,2,0,3,0
88,14 Aug 2025,,4s5h8zjjvzrdkcgxi2vsz1y50,Julian Weinberger,FC Midtjylland,Fredrikstad FK,P. Bravo,0,0,0,0,3,1,0,0,28,0,0,0,0,1,0
88,14 Aug 2025,,4s5h8zjjvzrdkcgxi2vsz1y50,Julian Weinberger,FC Midtjylland,Fredrikstad FK,M. Bech,0,0,1,0,0,0,1,0,69,0,0,2,2,2,0
88,14 Aug 2025,,4s5h8zjjvzrdkcgxi2vsz1y50,Julian Weinberger,FC Midtjylland,Fredrikstad FK,M. Gogorza,1,1,0,3,1,2,0,0,34,0,0,1,0,0,0
88,14 Aug 2025,,4s5h8zjjvzrdkcgxi2vsz1y50,Julian Weinberger,FC Midtjylland,Fredrikstad FK,D. Castillo,0,0,0,0,1,2,0,0,46,0,0,0,0,3,0
88,14 Aug 2025,,4s5h8zjjvzrdkcgxi2vsz1y50,Julian Weinberger,FC Midtjylland,Fredrikstad FK,E. Ólafsson,0,0,0,0,0,0,0,0,20,0,1,0,0,0,0
88,14 Aug 2025,,4s5h8zjjvzrdkcgxi2vsz1y50,Julian Weinberger,FC Midtjylland,Fredrikstad FK,M. Erlić,0,0,0,0,0,0,0,0,38,0,0,0,0,0,0
88,14 Aug 2025,,4s5h8zjjvzrdkcgxi2vsz1y50,Julian Weinberger,FC Midtjylland,Fredrikstad FK,Paulinho,0,0,1,1,0,1,1,0,49,0,0,2,1,3,0
88,14 Aug 2025,,4s5h8zjjvzrdkcgxi2vsz1y50,Julian Weinberger,FC Midtjylland,Fredrikstad FK,A. Buksa,0,1,0,0,1,1,0,0,9,0,0,3,1,1,0
88,14 Aug 2025,,4s5h8zjjvzrdkcgxi2vsz1y50,Julian Weinberger,FC Midtjylland,Fredrikstad FK,A. Gabriel,0,0,0,3,2,1,0,0,45,0,0,0,0,1,1
88,14 Aug 2025,,4s5h8zjjvzrdkcgxi2vsz1y50,Julian Weinberger,FC Midtjylland,Fredrikstad FK,A. Şimşir,0,1,2,2,0,2,0,0,37,0,0,1,0,1,0
88,14 Aug 2025,,4s5h8zjjvzrdkcgxi2vsz1y50,Julian Weinberger,FC Midtjylland,Fredrikstad FK,Lee Han-Beom,0,0,1,0,0,0,0,0,19,0,0,0,0,0,0
88,14 Aug 2025,,4s5h8zjjvzrdkcgxi2vsz1y50,Julian Weinberger,FC Midtjylland,Fredrikstad FK,V. Byskov,0,0,0,0,2,1,0,0,18,0,0,0,0,2,0
88,14 Aug 2025,,4s5h8zjjvzrdkcgxi2vsz1y50,Julian Weinberger,FC Midtjylland,Fredrikstad FK,E. Chilufya,0,0,0,0,0,0,0,1,4,0,0,1,0,0,0
88,14 Aug 2025,,4s5h8zjjvzrdkcgxi2vsz1y50,Julian Weinberger,FC Midtjylland,Fredrikstad FK,Dani Silva,0,0,0,0,0,0,0,0,11,0,0,0,0,1,0
88,14 Aug 2025,,4s5h8zjjvzrdkcgxi2vsz1y50,Julian Weinberger,FC Midtjylland,Fredrikstad FK,D. Osorio,0,1,0,0,0,0,0,0,8,0,0,1,0,1,0
88,14 Aug 2025,,4s5h8zjjvzrdkcgxi2vsz1y50,Julian Weinberger,FC Midtjylland,Fredrikstad FK,S. Owusu,0,0,0,0,0,0,0,0,44,0,0,0,0,1,0
88,14 Aug 2025,,4s5h8zjjvzrdkcgxi2vsz1y50,Julian Weinberger,FC Midtjylland,Fredrikstad FK,U. Fredriksen,0,0,0,0,0,0,0,0,61,0,0,0,0,3,0
88,14 Aug 2025,,4s5h8zjjvzrdkcgxi2vsz1y50,Julian Weinberger,FC Midtjylland,Fredrikstad FK,M. Woledzi,0,0,0,0,4,3,0,0,63,0,0,0,0,3,0
88,14 Aug 2025,,4s5h8zjjvzrdkcgxi2vsz1y50,Julian Weinberger,FC Midtjylland,Fredrikstad FK,M. Børsheim,0,0,0,0,0,0,0,0,22,0,2,0,0,0,0
88,14 Aug 2025,,4s5h8zjjvzrdkcgxi2vsz1y50,Julian Weinberger,FC Midtjylland,Fredrikstad FK,O. Øhlenschlæger,0,0,0,1,2,3,0,0,20,0,0,0,0,7,0
88,14 Aug 2025,,4s5h8zjjvzrdkcgxi2vsz1y50,Julian Weinberger,FC Midtjylland,Fredrikstad FK,S. Rafn,0,0,0,1,3,1,0,0,26,0,0,0,0,2,0
88,14 Aug 2025,,4s5h8zjjvzrdkcgxi2vsz1y50,Julian Weinberger,FC Midtjylland,Fredrikstad FK,L. Owusu,0,0,0,0,0,2,0,0,49,0,0,0,0,2,0
88,14 Aug 2025,,4s5h8zjjvzrdkcgxi2vsz1y50,Julian Weinberger,FC Midtjylland,Fredrikstad FK,S. Molde,0,0,0,1,1,0,0,1,27,0,0,1,0,2,1
88,14 Aug 2025,,4s5h8zjjvzrdkcgxi2vsz1y50,Julian Weinberger,FC Midtjylland,Fredrikstad FK,P. Metcalfe,0,0,0,1,0,1,0,0,39,0,0,0,0,1,0
88,14 Aug 2025,,4s5h8zjjvzrdkcgxi2vsz1y50,Julian Weinberger,FC Midtjylland,Fredrikstad FK,J. Bjartalíð,0,0,0,1,0,0,0,0,18,0,0,0,0,0,0
88,14 Aug 2025,,4s5h8zjjvzrdkcgxi2vsz1y50,Julian Weinberger,FC Midtjylland,Fredrikstad FK,H. Skogvold,0,0,0,3,1,0,0,0,13,0,0,1,0,1,0
88,14 Aug 2025,,4s5h8zjjvzrdkcgxi2vsz1y50,Julian Weinberger,FC Midtjylland,Fredrikstad FK,E. Holten,0,0,0,0,0,0,0,0,14,0,0,0,0,1,0
88,14 Aug 2025,,4s5h8zjjvzrdkcgxi2vsz1y50,Julian Weinberger,FC Midtjylland,Fredrikstad FK,R. Shein,0,0,0,0,0,0,0,0,39,0,0,1,1,0,0
88,14 Aug 2025,,4s5h8zjjvzrdkcgxi2vsz1y50,Julian Weinberger,FC Midtjylland,Fredrikstad FK,S. Sørløkk,0,1,1,1,1,0,0,0,9,0,0,1,0,1,0
88,14 Aug 2025,,4s5h8zjjvzrdkcgxi2vsz1y50,Julian Weinberger,FC Midtjylland,Fredrikstad FK,D. Eid,0,0,0,1,0,0,0,0,14,0,0,0,0,0,0
88,14 Aug 2025,,4s5h8zjjvzrdkcgxi2vsz1y50,Julian Weinberger,FC Midtjylland,Fredrikstad FK,E. Granaas,0,0,0,1,0,0,0,0,6,0,0,0,0,0,0
97,24 Jul 2025,,5g7neaaeitb1ca46mztdefk7o,Darren England,FC Lugano,SCS CFR 1907 Cluj,G. Koutsias,0,0,0,0,0,0,0,1,14,0,0,1,0,0,0
97,24 Jul 2025,,5g7neaaeitb1ca46mztdefk7o,Darren England,FC Lugano,SCS CFR 1907 Cluj,Daniel Dos Santos,0,0,0,0,0,0,0,0,18,0,0,0,0,1,0
97,24 Jul 2025,,5g7neaaeitb1ca46mztdefk7o,Darren England,FC Lugano,SCS CFR 1907 Cluj,A. Papadopoulos,0,0,2,2,1,0,0,0,102,0,0,0,0,2,1
97,24 Jul 2025,,5g7neaaeitb1ca46mztdefk7o,Darren England,FC Lugano,SCS CFR 1907 Cluj,L. Mai,0,0,0,0,1,1,0,0,107,0,0,0,0,2,0
97,24 Jul 2025,,5g7neaaeitb1ca46mztdefk7o,Darren England,FC Lugano,SCS CFR 1907 Cluj,E. Alioski,0,1,0,5,0,0,0,1,50,0,0,2,0,2,0
97,24 Jul 2025,,5g7neaaeitb1ca46mztdefk7o,Darren England,FC Lugano,SCS CFR 1907 Cluj,U. Bislimi,0,0,0,2,2,3,0,0,114,0,0,0,0,3,0
97,24 Jul 2025,,5g7neaaeitb1ca46mztdefk7o,Darren England,FC Lugano,SCS CFR 1907 Cluj,R. Steffen,0,0,1,6,1,3,0,0,50,0,0,1,0,0,0
97,24 Jul 2025,,5g7neaaeitb1ca46mztdefk7o,Darren England,FC Lugano,SCS CFR 1907 Cluj,M. Zanotti,0,0,2,3,1,5,0,0,40,0,0,3,1,2,0
97,24 Jul 2025,,5g7neaaeitb1ca46mztdefk7o,Darren England,FC Lugano,SCS CFR 1907 Cluj,A. Grgic,0,0,0,3,1,1,0,0,83,0,0,1,0,2,0
97,24 Jul 2025,,5g7neaaeitb1ca46mztdefk7o,Darren England,FC Lugano,SCS CFR 1907 Cluj,A. El Wafi,0,0,0,1,2,0,0,0,57,0,0,0,0,0,0
97,24 Jul 2025,,5g7neaaeitb1ca46mztdefk7o,Darren England,FC Lugano,SCS CFR 1907 Cluj,A. Saipi,0,0,0,0,0,0,0,0,35,0,2,0,0,0,0
97,24 Jul 2025,,5g7neaaeitb1ca46mztdefk7o,Darren England,FC Lugano,SCS CFR 1907 Cluj,H. Mahmoud,0,0,0,0,0,1,0,0,16,0,0,0,0,0,0
97,24 Jul 2025,,5g7neaaeitb1ca46mztdefk7o,Darren England,FC Lugano,SCS CFR 1907 Cluj,M. Bottani,0,0,1,1,0,1,0,0,23,0,0,0,0,0,0
97,24 Jul 2025,,5g7neaaeitb1ca46mztdefk7o,Darren England,FC Lugano,SCS CFR 1907 Cluj,K. Behrens,0,0,0,0,0,0,0,0,6,0,0,0,0,0,0
97,24 Jul 2025,,5g7neaaeitb1ca46mztdefk7o,Darren England,FC Lugano,SCS CFR 1907 Cluj,Y. Cimignani,0,0,0,1,1,0,0,0,11,0,0,2,0,0,1
97,24 Jul 2025,,5g7neaaeitb1ca46mztdefk7o,Darren England,FC Lugano,SCS CFR 1907 Cluj,O. Doumbia,0,0,0,0,0,0,0,0,9,0,0,1,0,0,0
97,24 Jul 2025,,5g7neaaeitb1ca46mztdefk7o,Darren England,FC Lugano,SCS CFR 1907 Cluj,A. Bosec,0,0,0,0,1,0,0,0,17,0,0,0,0,4,0
97,24 Jul 2025,,5g7neaaeitb1ca46mztdefk7o,Darren England,FC Lugano,SCS CFR 1907 Cluj,B. Nkololo,0,0,3,2,2,2,0,0,17,0,0,0,0,2,1
97,24 Jul 2025,,5g7neaaeitb1ca46mztdefk7o,Darren England,FC Lugano,SCS CFR 1907 Cluj,K. Muhar,0,0,0,0,3,1,0,0,18,0,0,1,0,3,0
97,24 Jul 2025,,5g7neaaeitb1ca46mztdefk7o,Darren England,FC Lugano,SCS CFR 1907 Cluj,M. Camora,0,0,0,3,1,0,0,0,18,0,0,0,0,1,0
97,24 Jul 2025,,5g7neaaeitb1ca46mztdefk7o,Darren England,FC Lugano,SCS CFR 1907 Cluj,A. Fică,0,0,0,2,1,0,0,0,14,0,0,0,0,2,0
97,24 Jul 2025,,5g7neaaeitb1ca46mztdefk7o,Darren England,FC Lugano,SCS CFR 1907 Cluj,S. Sinyan,0,0,0,0,0,2,0,0,12,0,0,0,0,2,0
97,24 Jul 2025,,5g7neaaeitb1ca46mztdefk7o,Darren England,FC Lugano,SCS CFR 1907 Cluj,M. Ilie,0,0,0,0,1,0,0,0,14,0,0,0,0,0,0
97,24 Jul 2025,,5g7neaaeitb1ca46mztdefk7o,Darren England,FC Lugano,SCS CFR 1907 Cluj,L. Munteanu,0,0,0,1,3,3,0,1,11,0,0,4,1,0,0
97,24 Jul 2025,,5g7neaaeitb1ca46mztdefk7o,Darren England,FC Lugano,SCS CFR 1907 Cluj,M. Korenica,0,0,1,3,3,0,0,0,25,0,0,1,1,2,1
97,24 Jul 2025,,5g7neaaeitb1ca46mztdefk7o,Darren England,FC Lugano,SCS CFR 1907 Cluj,O. Hindrich,0,0,0,0,0,0,0,0,29,0,1,0,0,0,0
97,24 Jul 2025,,5g7neaaeitb1ca46mztdefk7o,Darren England,FC Lugano,SCS CFR 1907 Cluj,D. Đoković,0,0,0,0,0,0,0,0,20,0,0,0,0,1,0
97,24 Jul 2025,,5g7neaaeitb1ca46mztdefk7o,Darren England,FC Lugano,SCS CFR 1907 Cluj,A. Păun,0,0,0,0,0,1,0,0,4,0,0,0,0,1,0
97,24 Jul 2025,,5g7neaaeitb1ca46mztdefk7o,Darren England,FC Lugano,SCS CFR 1907 Cluj,M. Gjorgjievski,0,0,0,1,0,0,0,0,7,0,0,0,0,0,0
97,24 Jul 2025,,5g7neaaeitb1ca46mztdefk7o,Darren England,FC Lugano,SCS CFR 1907 Cluj,E. Mensah,0,0,0,0,0,1,0,0,5,0,0,0,0,1,0
97,24 Jul 2025,,5g7neaaeitb1ca46mztdefk7o,Darren England,FC Lugano,SCS CFR 1907 Cluj,Léo Bolgado,0,0,0,0,0,0,0,0,0,0,0,0,0,0,0
98,31 Jul 2025,,5hwdf3o9o0yzc8a3jwb8s3axg,Allard Lindhout,SCS CFR 1907 Cluj,FC Lugano,M. Camora,0,0,0,4,2,0,0,0,16,0,0,0,0,1,0
98,31 Jul 2025,,5hwdf3o9o0yzc8a3jwb8s3axg,Allard Lindhout,SCS CFR 1907 Cluj,FC Lugano,M. Ilie,0,0,0,0,0,0,0,0,33,0,0,0,0,0,0
98,31 Jul 2025,,5hwdf3o9o0yzc8a3jwb8s3axg,Allard Lindhout,SCS CFR 1907 Cluj,FC Lugano,M. Korenica,0,0,0,2,2,1,0,0,20,0,0,0,0,1,0
98,31 Jul 2025,,5hwdf3o9o0yzc8a3jwb8s3axg,Allard Lindhout,SCS CFR 1907 Cluj,FC Lugano,S. Sinyan,0,0,0,0,3,1,0,0,24,0,0,0,0,1,0
98,31 Jul 2025,,5hwdf3o9o0yzc8a3jwb8s3axg,Allard Lindhout,SCS CFR 1907 Cluj,FC Lugano,B. Nkololo,0,0,1,2,1,0,0,0,19,0,0,1,1,1,1
98,31 Jul 2025,,5hwdf3o9o0yzc8a3jwb8s3axg,Allard Lindhout,SCS CFR 1907 Cluj,FC Lugano,O. Hindrich,0,0,0,0,0,1,0,0,35,0,4,0,0,0,0
98,31 Jul 2025,,5hwdf3o9o0yzc8a3jwb8s3axg,Allard Lindhout,SCS CFR 1907 Cluj,FC Lugano,A. Bosec,0,0,0,3,2,1,0,0,9,0,0,1,0,2,0
98,31 Jul 2025,,5hwdf3o9o0yzc8a3jwb8s3axg,Allard Lindhout,SCS CFR 1907 Cluj,FC Lugano,V. Postolachi,0,0,0,0,1,0,0,0,6,0,0,0,0,0,0
98,31 Jul 2025,,5hwdf3o9o0yzc8a3jwb8s3axg,Allard Lindhout,SCS CFR 1907 Cluj,FC Lugano,L. Munteanu,0,0,0,1,0,2,0,0,8,0,0,2,2,0,0
98,31 Jul 2025,,5hwdf3o9o0yzc8a3jwb8s3axg,Allard Lindhout,SCS CFR 1907 Cluj,FC Lugano,A. Fică,0,0,0,0,1,1,0,0,19,0,0,0,0,1,0
98,31 Jul 2025,,5hwdf3o9o0yzc8a3jwb8s3axg,Allard Lindhout,SCS CFR 1907 Cluj,FC Lugano,D. Đoković,0,0,0,0,1,1,0,0,16,0,0,0,0,0,0
98,31 Jul 2025,,5hwdf3o9o0yzc8a3jwb8s3axg,Allard Lindhout,SCS CFR 1907 Cluj,FC Lugano,A. Păun,0,0,0,0,2,1,0,0,7,0,0,0,0,1,0
98,31 Jul 2025,,5hwdf3o9o0yzc8a3jwb8s3axg,Allard Lindhout,SCS CFR 1907 Cluj,FC Lugano,Léo Bolgado,0,0,0,0,0,0,0,0,3,0,0,0,0,0,0
98,31 Jul 2025,,5hwdf3o9o0yzc8a3jwb8s3axg,Allard Lindhout,SCS CFR 1907 Cluj,FC Lugano,A. Abeid,0,0,0,0,0,0,0,0,0,0,0,0,0,0,0
98,31 Jul 2025,,5hwdf3o9o0yzc8a3jwb8s3axg,Allard Lindhout,SCS CFR 1907 Cluj,FC Lugano,M. Gjorgjievski,0,0,0,0,0,0,0,0,0,0,0,0,0,0,0
98,31 Jul 2025,,5hwdf3o9o0yzc8a3jwb8s3axg,Allard Lindhout,SCS CFR 1907 Cluj,FC Lugano,E. Mensah,0,0,0,0,0,0,0,0,0,0,0,0,0,0,0
98,31 Jul 2025,,5hwdf3o9o0yzc8a3jwb8s3axg,Allard Lindhout,SCS CFR 1907 Cluj,FC Lugano,G. Koutsias,0,1,1,0,1,1,0,0,22,0,0,3,2,0,0
98,31 Jul 2025,,5hwdf3o9o0yzc8a3jwb8s3axg,Allard Lindhout,SCS CFR 1907 Cluj,FC Lugano,A. Grgic,0,3,1,3,2,0,0,0,89,0,0,5,0,4,0
98,31 Jul 2025,,5hwdf3o9o0yzc8a3jwb8s3axg,Allard Lindhout,SCS CFR 1907 Cluj,FC Lugano,U. Bislimi,0,1,0,1,0,1,0,0,132,0,0,1,0,3,0
98,31 Jul 2025,,5hwdf3o9o0yzc8a3jwb8s3axg,Allard Lindhout,SCS CFR 1907 Cluj,FC Lugano,L. Mai,0,0,0,0,1,1,0,0,108,0,0,0,0,1,1
98,31 Jul 2025,,5hwdf3o9o0yzc8a3jwb8s3axg,Allard Lindhout,SCS CFR 1907 Cluj,FC Lugano,A. Papadopoulos,0,0,0,1,1,1,0,0,71,0,0,0,0,0,0
98,31 Jul 2025,,5hwdf3o9o0yzc8a3jwb8s3axg,Allard Lindhout,SCS CFR 1907 Cluj,FC Lugano,A. Saipi,0,0,0,0,0,1,0,0,34,0,3,0,0,0,0
98,31 Jul 2025,,5hwdf3o9o0yzc8a3jwb8s3axg,Allard Lindhout,SCS CFR 1907 Cluj,FC Lugano,M. Zanotti,0,0,1,4,0,3,0,0,28,0,0,0,0,4,0
98,31 Jul 2025,,5hwdf3o9o0yzc8a3jwb8s3axg,Allard Lindhout,SCS CFR 1907 Cluj,FC Lugano,Daniel Dos Santos,0,0,0,2,1,1,0,0,33,0,0,2,0,0,0
98,31 Jul 2025,,5hwdf3o9o0yzc8a3jwb8s3axg,Allard Lindhout,SCS CFR 1907 Cluj,FC Lugano,R. Steffen,0,0,0,4,0,1,0,0,50,0,0,0,0,1,0
98,31 Jul 2025,,5hwdf3o9o0yzc8a3jwb8s3axg,Allard Lindhout,SCS CFR 1907 Cluj,FC Lugano,K. Behrens,0,1,0,2,4,1,0,1,25,0,0,4,1,0,1
98,31 Jul 2025,,5hwdf3o9o0yzc8a3jwb8s3axg,Allard Lindhout,SCS CFR 1907 Cluj,FC Lugano,E. Alioski,0,0,0,7,2,3,0,1,37,0,0,1,1,1,1
98,31 Jul 2025,,5hwdf3o9o0yzc8a3jwb8s3axg,Allard Lindhout,SCS CFR 1907 Cluj,FC Lugano,M. Bottani,0,0,0,1,0,1,0,0,12,0,0,0,0,0,1
98,31 Jul 2025,,5hwdf3o9o0yzc8a3jwb8s3axg,Allard Lindhout,SCS CFR 1907 Cluj,FC Lugano,H. Mahmoud,0,0,0,0,0,0,0,0,13,0,0,0,0,0,0
98,31 Jul 2025,,5hwdf3o9o0yzc8a3jwb8s3axg,Allard Lindhout,SCS CFR 1907 Cluj,FC Lugano,O. Doumbia,0,0,0,0,0,0,0,0,0,0,0,0,0,0,0
98,31 Jul 2025,,5hwdf3o9o0yzc8a3jwb8s3axg,Allard Lindhout,SCS CFR 1907 Cluj,FC Lugano,A. Duville-Parsemain,0,0,0,0,0,0,0,0,0,0,0,0,0,0,0
98,31 Jul 2025,,5hwdf3o9o0yzc8a3jwb8s3axg,Allard Lindhout,SCS CFR 1907 Cluj,FC Lugano,Y. Cimignani,0,0,0,0,0,0,0,0,0,0,0,0,0,0,0
98,31 Jul 2025,,5hwdf3o9o0yzc8a3jwb8s3axg,Allard Lindhout,SCS CFR 1907 Cluj,FC Lugano,D. Kelvin,0,0,0,0,0,0,0,0,0,0,0,0,0,0,0
100,14 Aug 2025,,6ar0axb2q5636y2zuid5jwqok,Sascha Stegemann,Sporting Braga,SCS CFR 1907 Cluj,G. Lagerbielke,0,0,0,0,2,0,0,0,81,0,0,2,0,1,0
100,14 Aug 2025,,6ar0axb2q5636y2zuid5jwqok,Sascha Stegemann,Sporting Braga,SCS CFR 1907 Cluj,M. Dorgeles,0,0,0,4,1,2,0,0,60,0,0,2,1,2,0
100,14 Aug 2025,,6ar0axb2q5636y2zuid5jwqok,Sascha Stegemann,Sporting Braga,SCS CFR 1907 Cluj,J. Gorby,0,1,0,1,1,0,0,0,61,0,0,1,0,2,0
100,14 Aug 2025,,6ar0axb2q5636y2zuid5jwqok,Sascha Stegemann,Sporting Braga,SCS CFR 1907 Cluj,Víctor Gómez,0,0,0,1,1,0,0,0,58,0,0,0,0,0,0
100,14 Aug 2025,,6ar0axb2q5636y2zuid5jwqok,Sascha Stegemann,Sporting Braga,SCS CFR 1907 Cluj,Paulo Oliveira,0,0,0,0,0,0,0,0,21,0,0,0,0,2,0
100,14 Aug 2025,,6ar0axb2q5636y2zuid5jwqok,Sascha Stegemann,Sporting Braga,SCS CFR 1907 Cluj,L. Horníček,0,0,0,0,0,0,0,0,40,0,1,0,0,0,0
100,14 Aug 2025,,6ar0axb2q5636y2zuid5jwqok,Sascha Stegemann,Sporting Braga,SCS CFR 1907 Cluj,Fran Navarro,0,1,0,0,3,0,0,1,17,0,0,1,0,1,0
100,14 Aug 2025,,6ar0axb2q5636y2zuid5jwqok,Sascha Stegemann,Sporting Braga,SCS CFR 1907 Cluj,Ricardo Horta,0,0,2,4,0,1,0,1,35,0,0,1,0,1,0
100,14 Aug 2025,,6ar0axb2q5636y2zuid5jwqok,Sascha Stegemann,Sporting Braga,SCS CFR 1907 Cluj,R. Zalazar,0,1,3,6,0,2,2,0,38,0,0,4,3,2,0
100,14 Aug 2025,,6ar0axb2q5636y2zuid5jwqok,Sascha Stegemann,Sporting Braga,SCS CFR 1907 Cluj,João Moutinho,0,0,0,0,2,0,0,0,88,0,0,0,0,2,0
100,14 Aug 2025,,6ar0axb2q5636y2zuid5jwqok,Sascha Stegemann,Sporting Braga,SCS CFR 1907 Cluj,S. Niakaté,0,0,1,0,0,1,0,0,36,0,0,1,0,1,0
100,14 Aug 2025,,6ar0axb2q5636y2zuid5jwqok,Sascha Stegemann,Sporting Braga,SCS CFR 1907 Cluj,Vítor Carvalho,0,0,0,0,0,1,0,0,15,0,0,1,1,0,0
100,14 Aug 2025,,6ar0axb2q5636y2zuid5jwqok,Sascha Stegemann,Sporting Braga,SCS CFR 1907 Cluj,Gabri Martínez,0,0,1,1,0,0,0,0,8,0,0,0,0,0,0
100,14 Aug 2025,,6ar0axb2q5636y2zuid5jwqok,Sascha Stegemann,Sporting Braga,SCS CFR 1907 Cluj,Leonardo Lelo,0,0,0,0,0,0,0,0,17,0,0,0,0,0,0
100,14 Aug 2025,,6ar0axb2q5636y2zuid5jwqok,Sascha Stegemann,Sporting Braga,SCS CFR 1907 Cluj,Pau Víctor,0,0,0,0,1,0,0,0,7,0,0,1,1,0,0
100,14 Aug 2025,,6ar0axb2q5636y2zuid5jwqok,Sascha Stegemann,Sporting Braga,SCS CFR 1907 Cluj,Diego Rodrigues,0,0,0,0,0,1,0,0,10,0,0,0,0,2,0
100,14 Aug 2025,,6ar0axb2q5636y2zuid5jwqok,Sascha Stegemann,Sporting Braga,SCS CFR 1907 Cluj,M. Korenica,0,0,0,1,0,1,0,0,9,0,0,0,0,1,0
100,14 Aug 2025,,6ar0axb2q5636y2zuid5jwqok,Sascha Stegemann,Sporting Braga,SCS CFR 1907 Cluj,Léo Bolgado,0,0,0,0,0,1,0,0,51,0,0,0,0,1,0
100,14 Aug 2025,,6ar0axb2q5636y2zuid5jwqok,Sascha Stegemann,Sporting Braga,SCS CFR 1907 Cluj,A. Fică,0,0,0,0,0,3,0,0,35,0,0,1,1,1,0
100,14 Aug 2025,,6ar0axb2q5636y2zuid5jwqok,Sascha Stegemann,Sporting Braga,SCS CFR 1907 Cluj,D. Đoković,0,0,0,0,0,0,0,1,45,0,0,1,0,3,0
100,14 Aug 2025,,6ar0axb2q5636y2zuid5jwqok,Sascha Stegemann,Sporting Braga,SCS CFR 1907 Cluj,M. Camora,0,0,0,1,1,1,0,0,40,0,0,0,0,0,0
100,14 Aug 2025,,6ar0axb2q5636y2zuid5jwqok,Sascha Stegemann,Sporting Braga,SCS CFR 1907 Cluj,B. Nkololo,0,0,2,3,1,1,0,2,12,0,0,1,0,0,0
100,14 Aug 2025,,6ar0axb2q5636y2zuid5jwqok,Sascha Stegemann,Sporting Braga,SCS CFR 1907 Cluj,S. Sinyan,0,0,0,0,1,0,0,0,16,0,0,0,0,1,0
100,14 Aug 2025,,6ar0axb2q5636y2zuid5jwqok,Sascha Stegemann,Sporting Braga,SCS CFR 1907 Cluj,T. Keita,0,0,0,0,0,0,0,0,19,0,0,0,0,1,0
100,14 Aug 2025,,6ar0axb2q5636y2zuid5jwqok,Sascha Stegemann,Sporting Braga,SCS CFR 1907 Cluj,A. Abeid,0,0,1,0,1,0,0,0,13,0,0,0,0,2,1
100,14 Aug 2025,,6ar0axb2q5636y2zuid5jwqok,Sascha Stegemann,Sporting Braga,SCS CFR 1907 Cluj,O. Hindrich,0,0,0,0,0,0,0,0,30,0,4,0,0,0,0
100,14 Aug 2025,,6ar0axb2q5636y2zuid5jwqok,Sascha Stegemann,Sporting Braga,SCS CFR 1907 Cluj,V. Postolachi,0,0,0,1,2,1,0,1,12,0,0,0,0,1,0
100,14 Aug 2025,,6ar0axb2q5636y2zuid5jwqok,Sascha Stegemann,Sporting Braga,SCS CFR 1907 Cluj,M. Ilie,0,0,0,1,0,1,0,0,37,0,0,0,0,1,0
100,14 Aug 2025,,6ar0axb2q5636y2zuid5jwqok,Sascha Stegemann,Sporting Braga,SCS CFR 1907 Cluj,Simão Rocha,0,0,0,0,1,0,0,0,23,0,0,0,0,0,0
100,14 Aug 2025,,6ar0axb2q5636y2zuid5jwqok,Sascha Stegemann,Sporting Braga,SCS CFR 1907 Cluj,A. Cordea,0,0,1,6,0,0,0,0,13,0,0,0,0,1,0
100,14 Aug 2025,,6ar0axb2q5636y2zuid5jwqok,Sascha Stegemann,Sporting Braga,SCS CFR 1907 Cluj,L. Emërllahu,0,0,0,0,0,0,0,0,12,0,0,0,0,1,0
100,14 Aug 2025,,6ar0axb2q5636y2zuid5jwqok,Sascha Stegemann,Sporting Braga,SCS CFR 1907 Cluj,M. Gjorgjievski,0,1,0,0,1,0,0,0,3,0,0,1,0,0,0
121,27 Aug 2025,,8g2kv7p1dbvjv6nevwq735b10,Danny Desmond Makkelie,AEK Larnaca,SK Brann,E. Cabrera,0,1,0,0,2,2,0,2,10,0,0,5,0,0,0
121,27 Aug 2025,,8g2kv7p1dbvjv6nevwq735b10,Danny Desmond Makkelie,AEK Larnaca,SK Brann,Gus Ledes,0,0,1,2,0,2,0,0,30,0,0,0,0,0,0
121,27 Aug 2025,,8g2kv7p1dbvjv6nevwq735b10,Danny Desmond Makkelie,AEK Larnaca,SK Brann,J. Gnali,0,0,1,4,0,2,0,0,37,0,0,0,0,1,0
121,27 Aug 2025,,8g2kv7p1dbvjv6nevwq735b10,Danny Desmond Makkelie,AEK Larnaca,SK Brann,Y. Chacón,0,0,0,2,2,1,0,0,22,0,0,2,0,0,0
121,27 Aug 2025,,8g2kv7p1dbvjv6nevwq735b10,Danny Desmond Makkelie,AEK Larnaca,SK Brann,Jimmy,0,1,1,0,1,0,0,0,13,0,0,1,0,1,0
121,27 Aug 2025,,8g2kv7p1dbvjv6nevwq735b10,Danny Desmond Makkelie,AEK Larnaca,SK Brann,Enric Saborit,0,0,0,0,1,1,0,0,17,1,0,0,0,2,0
121,27 Aug 2025,,8g2kv7p1dbvjv6nevwq735b10,Danny Desmond Makkelie,AEK Larnaca,SK Brann,Z. Alomerović,0,0,0,0,0,0,0,0,25,0,2,0,0,0,0
121,27 Aug 2025,,8g2kv7p1dbvjv6nevwq735b10,Danny Desmond Makkelie,AEK Larnaca,SK Brann,Pere Pons,0,0,0,1,1,2,0,0,29,0,0,0,0,0,0
121,27 Aug 2025,,8g2kv7p1dbvjv6nevwq735b10,Danny Desmond Makkelie,AEK Larnaca,SK Brann,H. Miličević,0,0,0,0,0,1,0,1,46,0,0,0,0,2,0
121,27 Aug 2025,,8g2kv7p1dbvjv6nevwq735b10,Danny Desmond Makkelie,AEK Larnaca,SK Brann,G. Ekpolo,0,0,0,0,0,0,0,0,38,0,0,0,0,2,0
121,27 Aug 2025,,8g2kv7p1dbvjv6nevwq735b10,Danny Desmond Makkelie,AEK Larnaca,SK Brann,Đ. Ivanović,0,0,0,3,0,1,0,0,20,0,0,1,0,0,0
121,27 Aug 2025,,8g2kv7p1dbvjv6nevwq735b10,Danny Desmond Makkelie,AEK Larnaca,SK Brann,Jorge Miramón,0,0,1,3,1,0,0,0,31,0,0,0,0,1,0
121,27 Aug 2025,,8g2kv7p1dbvjv6nevwq735b10,Danny Desmond Makkelie,AEK Larnaca,SK Brann,R. Bajić,0,0,0,0,0,1,0,1,5,0,0,0,0,0,0
121,27 Aug 2025,,8g2kv7p1dbvjv6nevwq735b10,Danny Desmond Makkelie,AEK Larnaca,SK Brann,K. Angielski,0,0,0,0,0,0,0,0,4,0,0,0,0,0,0
121,27 Aug 2025,,8g2kv7p1dbvjv6nevwq735b10,Danny Desmond Makkelie,AEK Larnaca,SK Brann,C. Thoma,0,0,0,0,0,0,0,0,4,0,0,0,0,1,0
121,27 Aug 2025,,8g2kv7p1dbvjv6nevwq735b10,Danny Desmond Makkelie,AEK Larnaca,SK Brann,M. Gonzalez,0,0,0,0,0,0,0,0,5,0,0,0,0,0,0
121,27 Aug 2025,,8g2kv7p1dbvjv6nevwq735b10,Danny Desmond Makkelie,AEK Larnaca,SK Brann,F. Knudsen,0,0,0,0,0,1,1,0,42,0,0,1,1,2,0
121,27 Aug 2025,,8g2kv7p1dbvjv6nevwq735b10,Danny Desmond Makkelie,AEK Larnaca,SK Brann,T. Pedersen,0,0,0,0,0,2,0,0,41,0,0,0,0,1,0
121,27 Aug 2025,,8g2kv7p1dbvjv6nevwq735b10,Danny Desmond Makkelie,AEK Larnaca,SK Brann,J. Sørensen,1,0,0,0,5,0,0,0,69,0,0,1,0,4,1
121,27 Aug 2025,,8g2kv7p1dbvjv6nevwq735b10,Danny Desmond Makkelie,AEK Larnaca,SK Brann,S. Magnússon,0,0,0,0,3,0,0,0,18,0,0,0,0,0,0
121,27 Aug 2025,,8g2kv7p1dbvjv6nevwq735b10,Danny Desmond Makkelie,AEK Larnaca,SK Brann,E. Kornvig,0,1,1,2,0,2,0,1,32,0,0,1,0,2,0
121,27 Aug 2025,,8g2kv7p1dbvjv6nevwq735b10,Danny Desmond Makkelie,AEK Larnaca,SK Brann,E. Helland,0,0,0,0,0,0,0,0,38,0,0,0,0,1,0
121,27 Aug 2025,,8g2kv7p1dbvjv6nevwq735b10,Danny Desmond Makkelie,AEK Larnaca,SK Brann,E. Guðmundsson,0,0,1,0,1,1,0,2,26,0,0,1,1,0,0
121,27 Aug 2025,,8g2kv7p1dbvjv6nevwq735b10,Danny Desmond Makkelie,AEK Larnaca,SK Brann,J. Soltvedt,2,0,0,3,4,0,1,0,52,0,0,3,1,2,0
121,27 Aug 2025,,8g2kv7p1dbvjv6nevwq735b10,Danny Desmond Makkelie,AEK Larnaca,SK Brann,N. Castro,0,0,0,3,1,0,1,0,34,0,0,1,1,0,0
121,27 Aug 2025,,8g2kv7p1dbvjv6nevwq735b10,Danny Desmond Makkelie,AEK Larnaca,SK Brann,M. Dyngeland,0,0,0,0,0,0,0,0,37,0,0,0,0,0,1
121,27 Aug 2025,,8g2kv7p1dbvjv6nevwq735b10,Danny Desmond Makkelie,AEK Larnaca,SK Brann,F. Myhre,0,0,0,0,0,0,0,0,48,0,0,0,0,4,0
121,27 Aug 2025,,8g2kv7p1dbvjv6nevwq735b10,Danny Desmond Makkelie,AEK Larnaca,SK Brann,M. Hansen,0,0,1,1,0,0,1,0,9,0,0,3,2,0,0
121,27 Aug 2025,,8g2kv7p1dbvjv6nevwq735b10,Danny Desmond Makkelie,AEK Larnaca,SK Brann,B. Finne,0,0,0,0,0,0,0,0,4,0,0,0,0,0,0
121,27 Aug 2025,,8g2kv7p1dbvjv6nevwq735b10,Danny Desmond Makkelie,AEK Larnaca,SK Brann,D. De Roeve,0,0,0,0,0,0,0,0,13,0,0,0,0,0,0
121,27 Aug 2025,,8g2kv7p1dbvjv6nevwq735b10,Danny Desmond Makkelie,AEK Larnaca,SK Brann,L. Remmem,1,0,0,0,1,0,0,0,7,0,0,0,0,2,0
121,27 Aug 2025,,8g2kv7p1dbvjv6nevwq735b10,Danny Desmond Makkelie,AEK Larnaca,SK Brann,M. Haaland,0,0,0,0,0,1,0,0,2,0,0,0,0,0,0
124,28 Aug 2025,,8mcsu1xvy2enk11nclnm29gk4,Radu Marián Petrescu,SK Sigma Olomouc,Malmö FF,D. Janošek,0,0,1,14,1,2,0,0,48,0,0,3,1,2,0
124,28 Aug 2025,,8mcsu1xvy2enk11nclnm29gk4,Radu Marián Petrescu,SK Sigma Olomouc,Malmö FF,S. Michez,0,1,1,2,1,1,0,0,15,0,0,2,1,1,0
124,28 Aug 2025,,8mcsu1xvy2enk11nclnm29gk4,Radu Marián Petrescu,SK Sigma Olomouc,Malmö FF,A. Dumitrescu,0,0,1,9,2,1,0,0,41,0,0,1,0,2,0
124,28 Aug 2025,,8mcsu1xvy2enk11nclnm29gk4,Radu Marián Petrescu,SK Sigma Olomouc,Malmö FF,M. Hadaš,0,0,1,6,2,1,0,0,50,0,0,0,0,1,0
124,28 Aug 2025,,8mcsu1xvy2enk11nclnm29gk4,Radu Marián Petrescu,SK Sigma Olomouc,Malmö FF,M. Mikulenka,0,1,2,1,2,3,0,0,21,0,0,1,0,2,0
124,28 Aug 2025,,8mcsu1xvy2enk11nclnm29gk4,Radu Marián Petrescu,SK Sigma Olomouc,Malmö FF,Š. Langer,0,0,0,0,0,2,0,0,27,0,0,1,0,0,0
124,28 Aug 2025,,8mcsu1xvy2enk11nclnm29gk4,Radu Marián Petrescu,SK Sigma Olomouc,Malmö FF,A. Sylla,0,0,0,1,1,1,0,0,63,0,0,0,0,2,1
124,28 Aug 2025,,8mcsu1xvy2enk11nclnm29gk4,Radu Marián Petrescu,SK Sigma Olomouc,Malmö FF,M. Hruška,0,0,0,0,0,0,0,0,36,0,6,0,0,0,0
124,28 Aug 2025,,8mcsu1xvy2enk11nclnm29gk4,Radu Marián Petrescu,SK Sigma Olomouc,Malmö FF,T. Huk,0,0,0,0,1,1,0,0,55,0,0,1,0,3,1
124,28 Aug 2025,,8mcsu1xvy2enk11nclnm29gk4,Radu Marián Petrescu,SK Sigma Olomouc,Malmö FF,R. Breite,0,0,0,0,1,0,0,0,33,0,0,0,0,1,0
124,28 Aug 2025,,8mcsu1xvy2enk11nclnm29gk4,Radu Marián Petrescu,SK Sigma Olomouc,Malmö FF,M. Tijani,0,0,0,0,1,1,0,0,10,0,0,0,0,0,0
124,28 Aug 2025,,8mcsu1xvy2enk11nclnm29gk4,Radu Marián Petrescu,SK Sigma Olomouc,Malmö FF,A. Dolžnikov,0,1,0,1,0,2,0,0,5,0,0,1,0,0,0
124,28 Aug 2025,,8mcsu1xvy2enk11nclnm29gk4,Radu Marián Petrescu,SK Sigma Olomouc,Malmö FF,D. Vašulín,0,1,2,1,3,0,0,0,7,0,0,2,0,0,0
124,28 Aug 2025,,8mcsu1xvy2enk11nclnm29gk4,Radu Marián Petrescu,SK Sigma Olomouc,Malmö FF,A. Růsek,0,2,1,0,2,2,0,0,5,0,0,2,0,0,0
124,28 Aug 2025,,8mcsu1xvy2enk11nclnm29gk4,Radu Marián Petrescu,SK Sigma Olomouc,Malmö FF,J. Šíp,0,0,1,3,1,1,0,0,1,0,0,0,0,1,0
124,28 Aug 2025,,8mcsu1xvy2enk11nclnm29gk4,Radu Marián Petrescu,SK Sigma Olomouc,Malmö FF,J. Chvátal,0,0,0,0,1,0,0,0,5,0,0,0,0,0,0
124,28 Aug 2025,,8mcsu1xvy2enk11nclnm29gk4,Radu Marián Petrescu,SK Sigma Olomouc,Malmö FF,J. Stryger Larsen,0,0,0,0,1,0,0,0,42,0,0,0,0,3,0
124,28 Aug 2025,,8mcsu1xvy2enk11nclnm29gk4,Radu Marián Petrescu,SK Sigma Olomouc,Malmö FF,D. Guðjohnsen,0,0,0,0,1,3,1,1,16,0,0,2,2,0,0
124,28 Aug 2025,,8mcsu1xvy2enk11nclnm29gk4,Radu Marián Petrescu,SK Sigma Olomouc,Malmö FF,S. Hakšabanović,0,0,0,0,4,1,0,0,23,0,0,2,1,0,0
124,28 Aug 2025,,8mcsu1xvy2enk11nclnm29gk4,Radu Marián Petrescu,SK Sigma Olomouc,Malmö FF,O. Rosengren,0,0,0,1,1,1,0,0,29,0,0,0,0,0,0
124,28 Aug 2025,,8mcsu1xvy2enk11nclnm29gk4,Radu Marián Petrescu,SK Sigma Olomouc,Malmö FF,C. Rösler,0,0,0,0,2,1,0,0,39,0,0,0,0,1,0
124,28 Aug 2025,,8mcsu1xvy2enk11nclnm29gk4,Radu Marián Petrescu,SK Sigma Olomouc,Malmö FF,Gabriel Busanello,0,0,2,4,3,4,0,0,29,0,0,1,1,1,0
124,28 Aug 2025,,8mcsu1xvy2enk11nclnm29gk4,Radu Marián Petrescu,SK Sigma Olomouc,Malmö FF,P. Jansson,0,0,0,0,0,1,0,0,30,0,0,2,1,1,1
124,28 Aug 2025,,8mcsu1xvy2enk11nclnm29gk4,Radu Marián Petrescu,SK Sigma Olomouc,Malmö FF,A. Skogmar,0,0,0,0,1,2,0,0,30,0,0,0,0,1,0
124,28 Aug 2025,,8mcsu1xvy2enk11nclnm29gk4,Radu Marián Petrescu,SK Sigma Olomouc,Malmö FF,R. Olsen,0,0,0,0,0,2,0,0,41,0,2,0,0,0,0
124,28 Aug 2025,,8mcsu1xvy2enk11nclnm29gk4,Radu Marián Petrescu,SK Sigma Olomouc,Malmö FF,T. Ali,0,0,0,0,0,2,0,1,18,0,0,3,3,1,1
124,28 Aug 2025,,8mcsu1xvy2enk11nclnm29gk4,Radu Marián Petrescu,SK Sigma Olomouc,Malmö FF,A. Đurić,0,0,0,0,3,0,0,0,42,0,0,0,0,1,1
124,28 Aug 2025,,8mcsu1xvy2enk11nclnm29gk4,Radu Marián Petrescu,SK Sigma Olomouc,Malmö FF,L. Berg Johnsen,0,1,0,0,2,1,0,0,22,0,0,1,0,0,0
124,28 Aug 2025,,8mcsu1xvy2enk11nclnm29gk4,Radu Marián Petrescu,SK Sigma Olomouc,Malmö FF,E. Ekong,0,0,0,0,0,0,1,0,2,0,0,1,1,0,0
124,28 Aug 2025,,8mcsu1xvy2enk11nclnm29gk4,Radu Marián Petrescu,SK Sigma Olomouc,Malmö FF,O. Berg,0,0,0,0,0,0,0,0,21,0,0,0,0,0,0
124,28 Aug 2025,,8mcsu1xvy2enk11nclnm29gk4,Radu Marián Petrescu,SK Sigma Olomouc,Malmö FF,A. Christiansen,0,0,0,0,0,1,0,0,17,0,0,0,0,0,0
125,10 Jul 2025,,8urov6093lc0ap7fntdld1iqc,Pavle Ilić,Paksi FC,SCS CFR 1907 Cluj,B. Balogh,0,0,0,3,1,1,0,0,33,0,0,0,0,4,0
125,10 Jul 2025,,8urov6093lc0ap7fntdld1iqc,Pavle Ilić,Paksi FC,SCS CFR 1907 Cluj,B. Lenzsér,0,0,0,1,3,0,0,0,21,0,0,0,0,3,1
125,10 Jul 2025,,8urov6093lc0ap7fntdld1iqc,Pavle Ilić,Paksi FC,SCS CFR 1907 Cluj,K. Hinora,0,2,1,1,1,2,0,0,25,0,0,2,0,4,0
125,10 Jul 2025,,8urov6093lc0ap7fntdld1iqc,Pavle Ilić,Paksi FC,SCS CFR 1907 Cluj,Á. Kovácsik,0,0,0,0,0,1,0,0,39,0,1,0,0,0,0
125,10 Jul 2025,,8urov6093lc0ap7fntdld1iqc,Pavle Ilić,Paksi FC,SCS CFR 1907 Cluj,K. Papp,0,0,0,0,2,3,0,0,26,0,0,0,0,2,0
125,10 Jul 2025,,8urov6093lc0ap7fntdld1iqc,Pavle Ilić,Paksi FC,SCS CFR 1907 Cluj,Z. Haraszti,0,0,0,2,0,0,0,0,18,0,0,2,1,0,0
125,10 Jul 2025,,8urov6093lc0ap7fntdld1iqc,Pavle Ilić,Paksi FC,SCS CFR 1907 Cluj,B. Tóth,0,0,0,0,0,2,0,0,23,0,0,0,0,0,0
125,10 Jul 2025,,8urov6093lc0ap7fntdld1iqc,Pavle Ilić,Paksi FC,SCS CFR 1907 Cluj,J. Windecker,0,0,0,0,3,2,0,0,38,0,0,0,0,1,1
125,10 Jul 2025,,8urov6093lc0ap7fntdld1iqc,Pavle Ilić,Paksi FC,SCS CFR 1907 Cluj,G. Vas,0,0,1,0,1,0,0,0,22,0,0,0,0,2,0
125,10 Jul 2025,,8urov6093lc0ap7fntdld1iqc,Pavle Ilić,Paksi FC,SCS CFR 1907 Cluj,M. Zeke,0,0,0,6,1,3,0,0,18,0,0,0,0,0,0
125,10 Jul 2025,,8urov6093lc0ap7fntdld1iqc,Pavle Ilić,Paksi FC,SCS CFR 1907 Cluj,B. Vécsei,0,0,0,0,1,2,0,0,38,0,0,0,0,1,0
125,10 Jul 2025,,8urov6093lc0ap7fntdld1iqc,Pavle Ilić,Paksi FC,SCS CFR 1907 Cluj,Á. Kinyik,0,0,0,0,0,0,0,0,6,0,0,0,0,1,0
125,10 Jul 2025,,8urov6093lc0ap7fntdld1iqc,Pavle Ilić,Paksi FC,SCS CFR 1907 Cluj,D. Böde,0,0,0,0,1,1,0,0,7,0,0,2,1,0,0
125,10 Jul 2025,,8urov6093lc0ap7fntdld1iqc,Pavle Ilić,Paksi FC,SCS CFR 1907 Cluj,J. Hahn,0,0,1,1,1,0,0,0,3,0,0,0,0,0,0
125,10 Jul 2025,,8urov6093lc0ap7fntdld1iqc,Pavle Ilić,Paksi FC,SCS CFR 1907 Cluj,J. Szabó,0,0,0,0,0,0,0,0,0,0,0,0,0,0,0
125,10 Jul 2025,,8urov6093lc0ap7fntdld1iqc,Pavle Ilić,Paksi FC,SCS CFR 1907 Cluj,M. Korenica,0,0,2,11,3,1,0,0,40,0,0,3,0,3,0
125,10 Jul 2025,,8urov6093lc0ap7fntdld1iqc,Pavle Ilić,Paksi FC,SCS CFR 1907 Cluj,M. Ilie,0,0,0,1,0,2,0,0,62,0,0,1,0,2,0
125,10 Jul 2025,,8urov6093lc0ap7fntdld1iqc,Pavle Ilić,Paksi FC,SCS CFR 1907 Cluj,B. Nkololo,0,1,1,2,1,2,0,0,19,0,0,2,0,0,0
125,10 Jul 2025,,8urov6093lc0ap7fntdld1iqc,Pavle Ilić,Paksi FC,SCS CFR 1907 Cluj,K. Muhar,0,0,1,1,2,0,0,0,45,0,0,2,0,2,0
125,10 Jul 2025,,8urov6093lc0ap7fntdld1iqc,Pavle Ilić,Paksi FC,SCS CFR 1907 Cluj,M. Gjorgjievski,0,1,1,0,0,4,0,1,26,0,0,1,0,0,0
125,10 Jul 2025,,8urov6093lc0ap7fntdld1iqc,Pavle Ilić,Paksi FC,SCS CFR 1907 Cluj,L. Emërllahu,0,0,0,0,0,0,0,0,53,0,0,1,0,3,0
125,10 Jul 2025,,8urov6093lc0ap7fntdld1iqc,Pavle Ilić,Paksi FC,SCS CFR 1907 Cluj,M. Camora,0,0,1,4,1,0,0,0,55,0,0,0,0,0,0
125,10 Jul 2025,,8urov6093lc0ap7fntdld1iqc,Pavle Ilić,Paksi FC,SCS CFR 1907 Cluj,M. Kamara,0,0,0,1,2,4,0,3,25,0,0,1,1,0,0
125,10 Jul 2025,,8urov6093lc0ap7fntdld1iqc,Pavle Ilić,Paksi FC,SCS CFR 1907 Cluj,A. Abeid,0,0,1,5,2,0,0,0,47,0,0,0,0,2,0
125,10 Jul 2025,,8urov6093lc0ap7fntdld1iqc,Pavle Ilić,Paksi FC,SCS CFR 1907 Cluj,Léo Bolgado,0,0,0,0,4,0,0,0,26,0,0,0,0,0,1
125,10 Jul 2025,,8urov6093lc0ap7fntdld1iqc,Pavle Ilić,Paksi FC,SCS CFR 1907 Cluj,O. Hindrich,0,0,0,0,0,1,0,0,24,0,2,0,0,0,0
125,10 Jul 2025,,8urov6093lc0ap7fntdld1iqc,Pavle Ilić,Paksi FC,SCS CFR 1907 Cluj,A. Fică,0,0,0,1,0,0,0,0,14,0,0,0,0,2,0
125,10 Jul 2025,,8urov6093lc0ap7fntdld1iqc,Pavle Ilić,Paksi FC,SCS CFR 1907 Cluj,V. Postolachi,0,0,0,0,2,1,0,0,14,0,0,0,0,1,0
125,10 Jul 2025,,8urov6093lc0ap7fntdld1iqc,Pavle Ilić,Paksi FC,SCS CFR 1907 Cluj,M. Samake,0,0,0,1,1,0,0,0,5,0,0,0,0,1,0
125,10 Jul 2025,,8urov6093lc0ap7fntdld1iqc,Pavle Ilić,Paksi FC,SCS CFR 1907 Cluj,A. Bosec,0,0,0,2,0,0,0,0,5,0,0,0,0,0,0
125,10 Jul 2025,,8urov6093lc0ap7fntdld1iqc,Pavle Ilić,Paksi FC,SCS CFR 1907 Cluj,D. Đoković,0,0,0,0,0,0,0,0,7,0,0,0,0,1,0
126,17 Jul 2025,,8xtii67q5fgkj5vmtp16rue50,Kyriakos Athanasiou,SCS CFR 1907 Cluj,Paksi FC,M. Camora,0,0,0,3,1,0,0,0,32,0,0,2,0,1,0
126,17 Jul 2025,,8xtii67q5fgkj5vmtp16rue50,Kyriakos Athanasiou,SCS CFR 1907 Cluj,Paksi FC,M. Ilie,0,0,0,0,0,0,0,0,27,0,0,0,0,0,0
126,17 Jul 2025,,8xtii67q5fgkj5vmtp16rue50,Kyriakos Athanasiou,SCS CFR 1907 Cluj,Paksi FC,B. Nkololo,0,0,2,6,1,1,0,0,19,0,0,0,0,1,0
126,17 Jul 2025,,8xtii67q5fgkj5vmtp16rue50,Kyriakos Athanasiou,SCS CFR 1907 Cluj,Paksi FC,A. Abeid,0,0,1,3,0,0,0,0,31,0,0,2,0,4,0
126,17 Jul 2025,,8xtii67q5fgkj5vmtp16rue50,Kyriakos Athanasiou,SCS CFR 1907 Cluj,Paksi FC,Léo Bolgado,0,0,0,0,0,2,0,0,19,0,0,0,0,0,0
126,17 Jul 2025,,8xtii67q5fgkj5vmtp16rue50,Kyriakos Athanasiou,SCS CFR 1907 Cluj,Paksi FC,O. Hindrich,0,0,0,0,0,1,0,0,25,0,2,0,0,0,0
126,17 Jul 2025,,8xtii67q5fgkj5vmtp16rue50,Kyriakos Athanasiou,SCS CFR 1907 Cluj,Paksi FC,M. Kamara,0,0,0,1,0,1,0,1,3,0,0,0,0,0,0
126,17 Jul 2025,,8xtii67q5fgkj5vmtp16rue50,Kyriakos Athanasiou,SCS CFR 1907 Cluj,Paksi FC,M. Korenica,2,0,0,6,2,0,0,1,26,0,0,3,1,3,1
126,17 Jul 2025,,8xtii67q5fgkj5vmtp16rue50,Kyriakos Athanasiou,SCS CFR 1907 Cluj,Paksi FC,M. Gjorgjievski,0,1,1,0,1,0,0,1,23,0,0,1,0,0,0
126,17 Jul 2025,,8xtii67q5fgkj5vmtp16rue50,Kyriakos Athanasiou,SCS CFR 1907 Cluj,Paksi FC,D. Đoković,0,0,0,0,2,0,0,1,28,0,0,0,0,2,1
126,17 Jul 2025,,8xtii67q5fgkj5vmtp16rue50,Kyriakos Athanasiou,SCS CFR 1907 Cluj,Paksi FC,K. Muhar,1,0,0,1,0,1,1,0,37,0,0,4,3,0,0
126,17 Jul 2025,,8xtii67q5fgkj5vmtp16rue50,Kyriakos Athanasiou,SCS CFR 1907 Cluj,Paksi FC,A. Fică,0,0,0,0,0,2,1,0,35,0,0,2,1,2,0
126,17 Jul 2025,,8xtii67q5fgkj5vmtp16rue50,Kyriakos Athanasiou,SCS CFR 1907 Cluj,Paksi FC,V. Postolachi,0,0,1,1,1,0,0,0,8,0,0,0,0,1,0
126,17 Jul 2025,,8xtii67q5fgkj5vmtp16rue50,Kyriakos Athanasiou,SCS CFR 1907 Cluj,Paksi FC,L. Munteanu,0,0,0,0,0,1,1,0,6,0,0,2,1,0,0
126,17 Jul 2025,,8xtii67q5fgkj5vmtp16rue50,Kyriakos Athanasiou,SCS CFR 1907 Cluj,Paksi FC,Lindon Emërllahu,0,0,0,0,0,0,0,0,0,0,0,0,0,0,0
126,17 Jul 2025,,8xtii67q5fgkj5vmtp16rue50,Kyriakos Athanasiou,SCS CFR 1907 Cluj,Paksi FC,G. Gyurkits,0,0,1,3,1,0,0,0,15,0,0,0,0,1,0
126,17 Jul 2025,,8xtii67q5fgkj5vmtp16rue50,Kyriakos Athanasiou,SCS CFR 1907 Cluj,Paksi FC,G. Vas,0,0,0,0,2,1,0,0,23,0,0,0,0,3,0
126,17 Jul 2025,,8xtii67q5fgkj5vmtp16rue50,Kyriakos Athanasiou,SCS CFR 1907 Cluj,Paksi FC,J. Szabó,0,0,0,3,0,1,0,0,33,0,0,0,0,3,0
126,17 Jul 2025,,8xtii67q5fgkj5vmtp16rue50,Kyriakos Athanasiou,SCS CFR 1907 Cluj,Paksi FC,K. Hinora,0,0,1,4,0,2,0,0,24,0,0,0,0,1,0
126,17 Jul 2025,,8xtii67q5fgkj5vmtp16rue50,Kyriakos Athanasiou,SCS CFR 1907 Cluj,Paksi FC,J. Hahn,0,0,1,2,1,0,0,1,8,0,0,1,1,0,0
126,17 Jul 2025,,8xtii67q5fgkj5vmtp16rue50,Kyriakos Athanasiou,SCS CFR 1907 Cluj,Paksi FC,B. Vécsei,0,0,0,3,1,0,0,0,48,0,0,1,0,2,0
126,17 Jul 2025,,8xtii67q5fgkj5vmtp16rue50,Kyriakos Athanasiou,SCS CFR 1907 Cluj,Paksi FC,Á. Kovácsik,0,0,0,0,0,0,0,0,21,0,3,0,0,1,0
126,17 Jul 2025,,8xtii67q5fgkj5vmtp16rue50,Kyriakos Athanasiou,SCS CFR 1907 Cluj,Paksi FC,M. Zeke,0,0,0,6,0,1,0,0,19,0,0,1,0,2,0
126,17 Jul 2025,,8xtii67q5fgkj5vmtp16rue50,Kyriakos Athanasiou,SCS CFR 1907 Cluj,Paksi FC,K. Papp,0,0,1,0,0,2,0,0,26,0,0,1,1,1,0
126,17 Jul 2025,,8xtii67q5fgkj5vmtp16rue50,Kyriakos Athanasiou,SCS CFR 1907 Cluj,Paksi FC,J. Windecker,0,0,0,0,2,1,0,0,40,0,0,0,0,1,0
126,17 Jul 2025,,8xtii67q5fgkj5vmtp16rue50,Kyriakos Athanasiou,SCS CFR 1907 Cluj,Paksi FC,Á. Kinyik,0,0,1,1,1,0,0,0,35,0,0,0,0,2,1
126,17 Jul 2025,,8xtii67q5fgkj5vmtp16rue50,Kyriakos Athanasiou,SCS CFR 1907 Cluj,Paksi FC,B. Tóth,0,0,0,0,2,0,0,0,15,0,0,1,0,0,0
126,17 Jul 2025,,8xtii67q5fgkj5vmtp16rue50,Kyriakos Athanasiou,SCS CFR 1907 Cluj,Paksi FC,D. Böde,0,0,0,0,2,0,0,0,6,0,0,0,0,0,0
126,17 Jul 2025,,8xtii67q5fgkj5vmtp16rue50,Kyriakos Athanasiou,SCS CFR 1907 Cluj,Paksi FC,Z. Haraszti,0,1,1,1,1,0,0,0,7,0,0,1,0,0,0
126,17 Jul 2025,,8xtii67q5fgkj5vmtp16rue50,Kyriakos Athanasiou,SCS CFR 1907 Cluj,Paksi FC,B. Balogh,0,0,0,0,0,0,0,0,5,0,0,0,0,0,0
129,21 Aug 2025,,a00stu2r9waxfjiarrmhwdj4k,Ivan Kružliak,HNK Rijeka,PAOK Thessaloniki FC,T. Fruk,0,1,2,1,0,2,0,0,21,0,0,3,2,1,0
129,21 Aug 2025,,a00stu2r9waxfjiarrmhwdj4k,Ivan Kružliak,HNK Rijeka,PAOK Thessaloniki FC,A. Majstorović,0,0,0,2,0,0,0,0,53,0,0,0,0,1,0
129,21 Aug 2025,,a00stu2r9waxfjiarrmhwdj4k,Ivan Kružliak,HNK Rijeka,PAOK Thessaloniki FC,M. Devetak,0,0,0,3,2,2,0,0,30,0,0,1,0,0,0
129,21 Aug 2025,,a00stu2r9waxfjiarrmhwdj4k,Ivan Kružliak,HNK Rijeka,PAOK Thessaloniki FC,S. Radeljić,0,0,0,0,0,2,0,0,65,0,0,1,0,0,0
129,21 Aug 2025,,a00stu2r9waxfjiarrmhwdj4k,Ivan Kružliak,HNK Rijeka,PAOK Thessaloniki FC,J. Lasickas,0,0,1,3,1,2,0,0,22,0,0,2,0,0,0
129,21 Aug 2025,,a00stu2r9waxfjiarrmhwdj4k,Ivan Kružliak,HNK Rijeka,PAOK Thessaloniki FC,M. Ndockyt,0,0,0,1,1,3,0,0,29,0,0,0,0,0,0
129,21 Aug 2025,,a00stu2r9waxfjiarrmhwdj4k,Ivan Kružliak,HNK Rijeka,PAOK Thessaloniki FC,N. Janković,1,1,0,7,2,1,0,0,17,0,0,3,1,1,1
129,21 Aug 2025,,a00stu2r9waxfjiarrmhwdj4k,Ivan Kružliak,HNK Rijeka,PAOK Thessaloniki FC,Tiago Dantas,0,0,0,2,1,0,0,0,39,0,0,0,0,0,0
129,21 Aug 2025,,a00stu2r9waxfjiarrmhwdj4k,Ivan Kružliak,HNK Rijeka,PAOK Thessaloniki FC,L. Menalo,0,1,0,1,0,0,1,2,13,0,0,3,2,0,0
129,21 Aug 2025,,a00stu2r9waxfjiarrmhwdj4k,Ivan Kružliak,HNK Rijeka,PAOK Thessaloniki FC,D. Petrovič,0,0,0,1,1,0,0,0,30,0,0,0,0,0,0
129,21 Aug 2025,,a00stu2r9waxfjiarrmhwdj4k,Ivan Kružliak,HNK Rijeka,PAOK Thessaloniki FC,M. Zlomislić,0,0,0,0,0,0,0,0,36,0,3,0,0,0,0
129,21 Aug 2025,,a00stu2r9waxfjiarrmhwdj4k,Ivan Kružliak,HNK Rijeka,PAOK Thessaloniki FC,D. Čop,0,0,1,0,2,2,0,1,10,0,0,1,1,0,1
129,21 Aug 2025,,a00stu2r9waxfjiarrmhwdj4k,Ivan Kružliak,HNK Rijeka,PAOK Thessaloniki FC,S. Ilinković,0,0,0,0,1,2,0,0,5,0,0,0,0,0,0
129,21 Aug 2025,,a00stu2r9waxfjiarrmhwdj4k,Ivan Kružliak,HNK Rijeka,PAOK Thessaloniki FC,Š. Butić,0,0,0,0,2,0,0,0,6,0,0,1,0,0,0
129,21 Aug 2025,,a00stu2r9waxfjiarrmhwdj4k,Ivan Kružliak,HNK Rijeka,PAOK Thessaloniki FC,B. Bogojević,0,0,0,0,1,0,0,0,2,0,0,0,0,0,0
129,21 Aug 2025,,a00stu2r9waxfjiarrmhwdj4k,Ivan Kružliak,HNK Rijeka,PAOK Thessaloniki FC,T. Kędziora,0,0,0,0,1,0,0,0,62,0,0,0,0,1,1
129,21 Aug 2025,,a00stu2r9waxfjiarrmhwdj4k,Ivan Kružliak,HNK Rijeka,PAOK Thessaloniki FC,A. Baba,0,0,0,3,0,2,0,0,40,0,0,1,0,0,0
129,21 Aug 2025,,a00stu2r9waxfjiarrmhwdj4k,Ivan Kružliak,HNK Rijeka,PAOK Thessaloniki FC,F. Chalov,0,0,0,0,1,0,0,0,19,0,0,1,1,0,0
129,21 Aug 2025,,a00stu2r9waxfjiarrmhwdj4k,Ivan Kružliak,HNK Rijeka,PAOK Thessaloniki FC,S. Meïté,0,0,0,0,4,4,0,0,50,0,0,0,0,2,0
129,21 Aug 2025,,a00stu2r9waxfjiarrmhwdj4k,Ivan Kružliak,HNK Rijeka,PAOK Thessaloniki FC,A. Živković,0,0,1,3,0,4,0,1,42,0,0,1,1,0,1
129,21 Aug 2025,,a00stu2r9waxfjiarrmhwdj4k,Ivan Kružliak,HNK Rijeka,PAOK Thessaloniki FC,J. Kenny,0,0,0,2,0,1,0,0,37,0,0,0,0,0,1
129,21 Aug 2025,,a00stu2r9waxfjiarrmhwdj4k,Ivan Kružliak,HNK Rijeka,PAOK Thessaloniki FC,G. Michailidis,0,0,0,0,3,1,0,0,57,0,0,0,0,3,1
129,21 Aug 2025,,a00stu2r9waxfjiarrmhwdj4k,Ivan Kružliak,HNK Rijeka,PAOK Thessaloniki FC,J. Pavlenka,0,0,0,0,0,0,0,0,32,0,5,0,0,0,0
129,21 Aug 2025,,a00stu2r9waxfjiarrmhwdj4k,Ivan Kružliak,HNK Rijeka,PAOK Thessaloniki FC,L. Ivanušec,0,1,0,2,1,0,0,0,18,0,0,4,0,0,1
129,21 Aug 2025,,a00stu2r9waxfjiarrmhwdj4k,Ivan Kružliak,HNK Rijeka,PAOK Thessaloniki FC,G. Konstantelias,0,1,1,1,2,1,0,0,36,0,0,2,0,2,0
129,21 Aug 2025,,a00stu2r9waxfjiarrmhwdj4k,Ivan Kružliak,HNK Rijeka,PAOK Thessaloniki FC,M. Ozdoev,0,0,0,0,1,0,0,0,29,0,0,1,1,1,0
129,21 Aug 2025,,a00stu2r9waxfjiarrmhwdj4k,Ivan Kružliak,HNK Rijeka,PAOK Thessaloniki FC,M. Camara,0,0,0,0,1,0,0,0,13,0,0,0,0,1,0
129,21 Aug 2025,,a00stu2r9waxfjiarrmhwdj4k,Ivan Kružliak,HNK Rijeka,PAOK Thessaloniki FC,Joan Sastre,0,0,0,2,0,1,0,0,14,0,0,1,0,0,0
129,21 Aug 2025,,a00stu2r9waxfjiarrmhwdj4k,Ivan Kružliak,HNK Rijeka,PAOK Thessaloniki FC,D. Chatsidis,0,0,0,1,1,0,0,0,3,0,0,0,0,0,0
129,21 Aug 2025,,a00stu2r9waxfjiarrmhwdj4k,Ivan Kružliak,HNK Rijeka,PAOK Thessaloniki FC,A. Mythou,0,0,0,0,1,0,0,0,3,0,0,0,0,0,0
130,28 Aug 2025,,a12pc4txf515i4sjnu4mt7ztg,José María Sánchez Martínez,PAOK Thessaloniki FC,HNK Rijeka,J. Kenny,0,0,0,4,0,0,0,0,51,0,0,0,0,2,0
130,28 Aug 2025,,a12pc4txf515i4sjnu4mt7ztg,José María Sánchez Martínez,PAOK Thessaloniki FC,HNK Rijeka,M. Ozdoev,0,0,1,0,0,1,0,0,33,0,0,4,3,1,0
130,28 Aug 2025,,a12pc4txf515i4sjnu4mt7ztg,José María Sánchez Martínez,PAOK Thessaloniki FC,HNK Rijeka,K. Despodov,0,0,1,6,3,4,0,0,18,0,0,0,0,1,0
130,28 Aug 2025,,a12pc4txf515i4sjnu4mt7ztg,José María Sánchez Martínez,PAOK Thessaloniki FC,HNK Rijeka,S. Meïté,1,0,1,0,2,0,1,0,61,0,0,3,2,1,0
130,28 Aug 2025,,a12pc4txf515i4sjnu4mt7ztg,José María Sánchez Martínez,PAOK Thessaloniki FC,HNK Rijeka,T. Kędziora,0,0,0,0,0,0,0,0,68,0,0,0,0,0,0
130,28 Aug 2025,,a12pc4txf515i4sjnu4mt7ztg,José María Sánchez Martínez,PAOK Thessaloniki FC,HNK Rijeka,A. Baba,0,0,0,2,1,2,0,0,60,0,0,1,1,2,0
130,28 Aug 2025,,a12pc4txf515i4sjnu4mt7ztg,José María Sánchez Martínez,PAOK Thessaloniki FC,HNK Rijeka,A. Živković,1,0,1,7,2,1,0,0,51,0,0,1,0,1,0
130,28 Aug 2025,,a12pc4txf515i4sjnu4mt7ztg,José María Sánchez Martínez,PAOK Thessaloniki FC,HNK Rijeka,F. Chalov,0,0,0,0,1,0,1,0,18,0,0,1,1,1,0
130,28 Aug 2025,,a12pc4txf515i4sjnu4mt7ztg,José María Sánchez Martínez,PAOK Thessaloniki FC,HNK Rijeka,J. Pavlenka,0,0,0,0,0,0,0,0,21,0,3,0,0,0,0
130,28 Aug 2025,,a12pc4txf515i4sjnu4mt7ztg,José María Sánchez Martínez,PAOK Thessaloniki FC,HNK Rijeka,G. Konstantelias,2,0,1,1,1,1,1,0,45,0,0,2,2,0,0
130,28 Aug 2025,,a12pc4txf515i4sjnu4mt7ztg,José María Sánchez Martínez,PAOK Thessaloniki FC,HNK Rijeka,G. Michailidis,0,0,0,0,1,0,0,0,75,0,0,0,0,0,0
130,28 Aug 2025,,a12pc4txf515i4sjnu4mt7ztg,José María Sánchez Martínez,PAOK Thessaloniki FC,HNK Rijeka,Taison,0,0,1,1,0,0,0,0,16,0,0,0,0,0,0
130,28 Aug 2025,,a12pc4txf515i4sjnu4mt7ztg,José María Sánchez Martínez,PAOK Thessaloniki FC,HNK Rijeka,G. Giakoumakis,0,0,0,0,1,1,1,0,0,0,0,1,1,0,0
130,28 Aug 2025,,a12pc4txf515i4sjnu4mt7ztg,José María Sánchez Martínez,PAOK Thessaloniki FC,HNK Rijeka,M. Camara,0,0,0,0,0,0,0,0,22,0,0,1,0,0,0
130,28 Aug 2025,,a12pc4txf515i4sjnu4mt7ztg,José María Sánchez Martínez,PAOK Thessaloniki FC,HNK Rijeka,D. Pelkas,0,0,0,1,0,0,1,0,5,0,0,3,1,0,0
130,28 Aug 2025,,a12pc4txf515i4sjnu4mt7ztg,José María Sánchez Martínez,PAOK Thessaloniki FC,HNK Rijeka,L. Ivanušec,0,0,0,1,0,0,0,0,8,0,0,0,0,0,0
130,28 Aug 2025,,a12pc4txf515i4sjnu4mt7ztg,José María Sánchez Martínez,PAOK Thessaloniki FC,HNK Rijeka,T. Fruk,0,1,0,0,1,2,0,1,12,0,0,2,1,0,0
130,28 Aug 2025,,a12pc4txf515i4sjnu4mt7ztg,José María Sánchez Martínez,PAOK Thessaloniki FC,HNK Rijeka,A. Majstorović,0,0,0,0,2,1,0,0,49,1,0,1,0,2,2
130,28 Aug 2025,,a12pc4txf515i4sjnu4mt7ztg,José María Sánchez Martínez,PAOK Thessaloniki FC,HNK Rijeka,Tiago Dantas,0,0,0,1,0,1,0,0,23,0,0,0,0,0,0
130,28 Aug 2025,,a12pc4txf515i4sjnu4mt7ztg,José María Sánchez Martínez,PAOK Thessaloniki FC,HNK Rijeka,J. Lasickas,0,1,1,0,0,0,0,0,17,0,0,1,0,4,0
130,28 Aug 2025,,a12pc4txf515i4sjnu4mt7ztg,José María Sánchez Martínez,PAOK Thessaloniki FC,HNK Rijeka,D. Petrovič,0,0,0,0,2,1,0,0,31,0,0,0,0,0,0
130,28 Aug 2025,,a12pc4txf515i4sjnu4mt7ztg,José María Sánchez Martínez,PAOK Thessaloniki FC,HNK Rijeka,S. Radeljić,0,0,0,0,0,1,0,0,49,0,0,0,0,0,0
130,28 Aug 2025,,a12pc4txf515i4sjnu4mt7ztg,José María Sánchez Martínez,PAOK Thessaloniki FC,HNK Rijeka,N. Janković,0,0,1,1,0,0,0,0,28,0,0,1,1,3,0
130,28 Aug 2025,,a12pc4txf515i4sjnu4mt7ztg,José María Sánchez Martínez,PAOK Thessaloniki FC,HNK Rijeka,L. Menalo,0,0,0,0,1,1,0,0,7,0,0,0,0,2,0
130,28 Aug 2025,,a12pc4txf515i4sjnu4mt7ztg,José María Sánchez Martínez,PAOK Thessaloniki FC,HNK Rijeka,M. Zlomislić,0,0,0,0,0,0,0,0,40,0,5,0,0,0,0
130,28 Aug 2025,,a12pc4txf515i4sjnu4mt7ztg,José María Sánchez Martínez,PAOK Thessaloniki FC,HNK Rijeka,M. Devetak,0,0,0,0,3,2,0,1,25,0,0,0,0,1,0
130,28 Aug 2025,,a12pc4txf515i4sjnu4mt7ztg,José María Sánchez Martínez,PAOK Thessaloniki FC,HNK Rijeka,A. Oreč,0,0,0,0,0,3,0,0,27,0,0,0,0,0,0
130,28 Aug 2025,,a12pc4txf515i4sjnu4mt7ztg,José María Sánchez Martínez,PAOK Thessaloniki FC,HNK Rijeka,Š. Butić,0,0,0,0,0,0,0,0,4,0,0,1,1,2,0
130,28 Aug 2025,,a12pc4txf515i4sjnu4mt7ztg,José María Sánchez Martínez,PAOK Thessaloniki FC,HNK Rijeka,D. Čop,0,0,0,0,1,0,0,0,12,0,0,0,0,0,0
130,28 Aug 2025,,a12pc4txf515i4sjnu4mt7ztg,José María Sánchez Martínez,PAOK Thessaloniki FC,HNK Rijeka,A. Husic,0,0,0,0,0,0,0,0,0,0,0,0,0,0,0
130,28 Aug 2025,,a12pc4txf515i4sjnu4mt7ztg,José María Sánchez Martínez,PAOK Thessaloniki FC,HNK Rijeka,B. Bogojević,0,0,0,0,0,0,0,0,1,0,0,0,0,0,0
131,7 Aug 2025,,ajf4t8sm17xy2ilx7rkn05o9g,Harm Osmers,Servette FC,FC Utrecht,T. Cognat,0,0,2,2,0,1,0,0,46,0,0,1,0,2,0
131,7 Aug 2025,,ajf4t8sm17xy2ilx7rkn05o9g,Harm Osmers,Servette FC,FC Utrecht,A. Baron,0,0,0,2,0,0,0,0,68,0,0,2,1,0,0
131,7 Aug 2025,,ajf4t8sm17xy2ilx7rkn05o9g,Harm Osmers,Servette FC,FC Utrecht,Keyan Varela,0,1,1,0,1,2,0,1,20,0,0,2,0,0,0
131,7 Aug 2025,,ajf4t8sm17xy2ilx7rkn05o9g,Harm Osmers,Servette FC,FC Utrecht,M. Stevanović,1,1,2,3,0,0,0,0,30,0,0,4,1,1,0
131,7 Aug 2025,,ajf4t8sm17xy2ilx7rkn05o9g,Harm Osmers,Servette FC,FC Utrecht,G. Morandi,0,0,1,6,0,1,0,0,13,0,0,0,0,0,0
131,7 Aug 2025,,ajf4t8sm17xy2ilx7rkn05o9g,Harm Osmers,Servette FC,FC Utrecht,J. Guillemenot,0,0,0,0,0,3,1,0,17,0,0,2,1,0,0
131,7 Aug 2025,,ajf4t8sm17xy2ilx7rkn05o9g,Harm Osmers,Servette FC,FC Utrecht,L. Srdanovic,0,0,0,4,1,0,0,0,23,0,0,0,0,2,1
131,7 Aug 2025,,ajf4t8sm17xy2ilx7rkn05o9g,Harm Osmers,Servette FC,FC Utrecht,J. Mall,0,0,0,0,0,0,0,0,38,0,6,0,0,0,0
131,7 Aug 2025,,ajf4t8sm17xy2ilx7rkn05o9g,Harm Osmers,Servette FC,FC Utrecht,L. Fomba,0,0,0,0,3,1,0,0,34,0,0,1,0,3,0
131,7 Aug 2025,,ajf4t8sm17xy2ilx7rkn05o9g,Harm Osmers,Servette FC,FC Utrecht,B. Mazikou,0,0,0,1,0,1,0,0,32,0,0,1,1,1,0
131,7 Aug 2025,,ajf4t8sm17xy2ilx7rkn05o9g,Harm Osmers,Servette FC,FC Utrecht,D. Bronn,0,0,0,3,4,0,0,0,51,0,0,0,0,0,1
131,7 Aug 2025,,ajf4t8sm17xy2ilx7rkn05o9g,Harm Osmers,Servette FC,FC Utrecht,T. Magnin,0,0,1,1,1,1,0,0,20,0,0,0,0,3,0
131,7 Aug 2025,,ajf4t8sm17xy2ilx7rkn05o9g,Harm Osmers,Servette FC,FC Utrecht,G. Ondoua,0,0,0,0,0,1,0,0,8,0,0,0,0,0,0
131,7 Aug 2025,,ajf4t8sm17xy2ilx7rkn05o9g,Harm Osmers,Servette FC,FC Utrecht,A. Jallow,0,1,0,2,0,2,0,0,7,0,0,2,0,0,0
131,7 Aug 2025,,ajf4t8sm17xy2ilx7rkn05o9g,Harm Osmers,Servette FC,FC Utrecht,J. Atangana,0,0,0,0,0,1,0,0,3,0,0,1,0,0,0
131,7 Aug 2025,,ajf4t8sm17xy2ilx7rkn05o9g,Harm Osmers,Servette FC,FC Utrecht,J. Frick,0,0,0,0,0,0,0,0,0,0,0,0,0,0,1
131,7 Aug 2025,,ajf4t8sm17xy2ilx7rkn05o9g,Harm Osmers,Servette FC,FC Utrecht,A. Engwanda,0,0,0,0,1,0,0,0,44,0,0,1,0,4,0
131,7 Aug 2025,,ajf4t8sm17xy2ilx7rkn05o9g,Harm Osmers,Servette FC,FC Utrecht,S. El Karouani,1,1,1,10,1,0,0,0,38,0,0,1,0,2,0
131,7 Aug 2025,,ajf4t8sm17xy2ilx7rkn05o9g,Harm Osmers,Servette FC,FC Utrecht,N. Viergever,0,0,0,0,3,0,0,0,50,0,0,1,0,0,1
131,7 Aug 2025,,ajf4t8sm17xy2ilx7rkn05o9g,Harm Osmers,Servette FC,FC Utrecht,V. Barkas,0,0,0,0,0,0,0,0,25,0,3,0,0,0,0
131,7 Aug 2025,,ajf4t8sm17xy2ilx7rkn05o9g,Harm Osmers,Servette FC,FC Utrecht,M. van der Hoorn,0,0,0,0,0,0,0,0,67,0,0,1,1,0,0
131,7 Aug 2025,,ajf4t8sm17xy2ilx7rkn05o9g,Harm Osmers,Servette FC,FC Utrecht,Y. Cathline,0,0,0,3,0,2,0,0,16,0,0,1,1,0,0
131,7 Aug 2025,,ajf4t8sm17xy2ilx7rkn05o9g,Harm Osmers,Servette FC,FC Utrecht,D. Min,0,0,0,0,3,2,0,0,21,0,0,0,0,1,0
131,7 Aug 2025,,ajf4t8sm17xy2ilx7rkn05o9g,Harm Osmers,Servette FC,FC Utrecht,A. Blake,0,0,1,1,0,0,0,0,37,0,0,0,0,2,0
131,7 Aug 2025,,ajf4t8sm17xy2ilx7rkn05o9g,Harm Osmers,Servette FC,FC Utrecht,G. Zechiël,0,0,2,1,1,2,1,0,46,0,0,2,2,1,1
131,7 Aug 2025,,ajf4t8sm17xy2ilx7rkn05o9g,Harm Osmers,Servette FC,FC Utrecht,V. Jensen,0,0,0,0,0,0,0,0,21,0,0,4,3,0,0
131,7 Aug 2025,,ajf4t8sm17xy2ilx7rkn05o9g,Harm Osmers,Servette FC,FC Utrecht,S. Horemans,0,0,0,0,0,0,1,0,41,0,0,2,1,1,0
131,7 Aug 2025,,ajf4t8sm17xy2ilx7rkn05o9g,Harm Osmers,Servette FC,FC Utrecht,D. de Wit,0,0,0,0,3,0,0,0,7,0,0,0,0,0,0
131,7 Aug 2025,,ajf4t8sm17xy2ilx7rkn05o9g,Harm Osmers,Servette FC,FC Utrecht,N. Ohio,0,0,0,0,0,1,0,0,4,0,0,0,0,0,0
131,7 Aug 2025,,ajf4t8sm17xy2ilx7rkn05o9g,Harm Osmers,Servette FC,FC Utrecht,M. Didden,0,0,0,0,1,0,0,0,4,0,0,0,0,1,0
131,7 Aug 2025,,ajf4t8sm17xy2ilx7rkn05o9g,Harm Osmers,Servette FC,FC Utrecht,Miguel Rodríguez,0,0,0,0,1,1,0,0,6,0,0,0,0,0,0
131,7 Aug 2025,,ajf4t8sm17xy2ilx7rkn05o9g,Harm Osmers,Servette FC,FC Utrecht,D. Murkin,0,0,0,0,1,0,0,0,7,0,0,0,0,0,0
132,14 Aug 2025,,akq60d1anbwh91lladx7n24gk,Chris Kavanagh,FC Utrecht,Servette FC,Miguel Rodríguez,0,0,0,1,2,2,0,0,16,0,0,1,1,0,0
132,14 Aug 2025,,akq60d1anbwh91lladx7n24gk,Chris Kavanagh,FC Utrecht,Servette FC,M. van der Hoorn,0,0,0,0,2,1,0,1,66,0,0,0,0,0,1
132,14 Aug 2025,,akq60d1anbwh91lladx7n24gk,Chris Kavanagh,FC Utrecht,Servette FC,V. Barkas,0,0,0,0,0,0,0,0,27,0,0,0,0,0,0
132,14 Aug 2025,,akq60d1anbwh91lladx7n24gk,Chris Kavanagh,FC Utrecht,Servette FC,N. Viergever,0,1,1,0,0,0,0,0,51,0,0,1,0,0,0
132,14 Aug 2025,,akq60d1anbwh91lladx7n24gk,Chris Kavanagh,FC Utrecht,Servette FC,A. Engwanda,0,0,0,0,2,0,0,0,40,0,0,0,0,5,1
132,14 Aug 2025,,akq60d1anbwh91lladx7n24gk,Chris Kavanagh,FC Utrecht,Servette FC,N. Ohio,0,0,0,0,2,1,0,0,13,0,0,1,0,0,0
132,14 Aug 2025,,akq60d1anbwh91lladx7n24gk,Chris Kavanagh,FC Utrecht,Servette FC,S. El Karouani,0,0,0,8,0,1,0,0,49,0,0,3,3,3,0
132,14 Aug 2025,,akq60d1anbwh91lladx7n24gk,Chris Kavanagh,FC Utrecht,Servette FC,V. Jensen,0,1,0,0,0,0,2,0,33,0,0,4,2,4,0
132,14 Aug 2025,,akq60d1anbwh91lladx7n24gk,Chris Kavanagh,FC Utrecht,Servette FC,A. Blake,0,0,0,0,1,3,0,0,26,0,0,1,0,0,1
132,14 Aug 2025,,akq60d1anbwh91lladx7n24gk,Chris Kavanagh,FC Utrecht,Servette FC,G. Zechiël,0,1,0,0,1,3,0,0,44,0,0,2,0,0,1
132,14 Aug 2025,,akq60d1anbwh91lladx7n24gk,Chris Kavanagh,FC Utrecht,Servette FC,S. Horemans,0,0,1,1,0,0,0,0,43,0,0,1,0,0,0
132,14 Aug 2025,,akq60d1anbwh91lladx7n24gk,Chris Kavanagh,FC Utrecht,Servette FC,M. Jonathans,0,1,1,0,0,0,0,0,5,0,0,3,1,0,0
132,14 Aug 2025,,akq60d1anbwh91lladx7n24gk,Chris Kavanagh,FC Utrecht,Servette FC,D. de Wit,0,0,0,0,4,0,0,0,7,0,0,0,0,1,0
132,14 Aug 2025,,akq60d1anbwh91lladx7n24gk,Chris Kavanagh,FC Utrecht,Servette FC,D. Murkin,1,0,0,1,0,1,0,0,10,0,0,0,0,3,0
132,14 Aug 2025,,akq60d1anbwh91lladx7n24gk,Chris Kavanagh,FC Utrecht,Servette FC,M. Didden,0,0,0,0,1,0,0,0,5,0,0,0,0,0,0
132,14 Aug 2025,,akq60d1anbwh91lladx7n24gk,Chris Kavanagh,FC Utrecht,Servette FC,N. Vesterlund,0,0,0,0,0,1,0,0,1,0,0,0,0,0,0
132,14 Aug 2025,,akq60d1anbwh91lladx7n24gk,Chris Kavanagh,FC Utrecht,Servette FC,Keyan Varela,0,0,0,1,2,0,0,0,13,0,0,1,0,1,0
132,14 Aug 2025,,akq60d1anbwh91lladx7n24gk,Chris Kavanagh,FC Utrecht,Servette FC,A. Baron,0,0,0,0,0,1,0,0,78,0,0,0,0,1,0
132,14 Aug 2025,,akq60d1anbwh91lladx7n24gk,Chris Kavanagh,FC Utrecht,Servette FC,T. Cognat,0,0,0,2,0,3,0,0,51,0,0,0,0,1,0
132,14 Aug 2025,,akq60d1anbwh91lladx7n24gk,Chris Kavanagh,FC Utrecht,Servette FC,B. Mazikou,0,0,0,0,2,1,0,0,27,0,0,0,0,2,0
132,14 Aug 2025,,akq60d1anbwh91lladx7n24gk,Chris Kavanagh,FC Utrecht,Servette FC,L. Fomba,0,0,0,0,1,0,0,0,31,0,0,0,0,2,1
132,14 Aug 2025,,akq60d1anbwh91lladx7n24gk,Chris Kavanagh,FC Utrecht,Servette FC,J. Mall,0,0,0,0,0,1,0,0,33,0,5,0,0,0,0
132,14 Aug 2025,,akq60d1anbwh91lladx7n24gk,Chris Kavanagh,FC Utrecht,Servette FC,D. Bronn,0,0,0,0,1,2,0,0,67,0,0,1,0,1,1
132,14 Aug 2025,,akq60d1anbwh91lladx7n24gk,Chris Kavanagh,FC Utrecht,Servette FC,M. Stevanović,0,0,2,2,3,0,0,0,21,0,0,2,0,0,1
132,14 Aug 2025,,akq60d1anbwh91lladx7n24gk,Chris Kavanagh,FC Utrecht,Servette FC,A. Antunes,0,0,0,1,1,1,0,0,24,0,0,1,0,0,1
132,14 Aug 2025,,akq60d1anbwh91lladx7n24gk,Chris Kavanagh,FC Utrecht,Servette FC,L. Srdanovic,0,0,0,5,2,0,0,0,40,0,0,0,0,6,0
132,14 Aug 2025,,akq60d1anbwh91lladx7n24gk,Chris Kavanagh,FC Utrecht,Servette FC,G. Morandi,0,0,0,2,0,0,0,0,16,0,0,0,0,0,0
132,14 Aug 2025,,akq60d1anbwh91lladx7n24gk,Chris Kavanagh,FC Utrecht,Servette FC,A. Jallow,0,0,0,1,0,0,1,0,25,0,0,1,1,0,0
132,14 Aug 2025,,akq60d1anbwh91lladx7n24gk,Chris Kavanagh,FC Utrecht,Servette FC,J. Guillemenot,0,0,0,0,1,3,0,0,2,0,0,1,0,0,0
132,14 Aug 2025,,akq60d1anbwh91lladx7n24gk,Chris Kavanagh,FC Utrecht,Servette FC,G. Ondoua,0,0,0,0,0,2,0,0,19,0,0,0,0,0,0
132,14 Aug 2025,,akq60d1anbwh91lladx7n24gk,Chris Kavanagh,FC Utrecht,Servette FC,T. Ouattara,0,0,0,0,1,0,0,0,7,0,0,0,0,0,0
132,14 Aug 2025,,akq60d1anbwh91lladx7n24gk,Chris Kavanagh,FC Utrecht,Servette FC,J. Atangana,0,0,0,0,0,0,0,0,0,0,0,0,0,0,0
133,21 Aug 2025,,bvns60v31wknbk3y5navv2vbo,Juan Martínez Munuera,Panathinaikos FC,Samsunspor Kulübü,K. Świderski,0,1,1,1,0,2,0,0,13,0,0,2,0,1,0
133,21 Aug 2025,,bvns60v31wknbk3y5navv2vbo,Juan Martínez Munuera,Panathinaikos FC,Samsunspor Kulübü,Pedro Chirivella,0,0,0,1,0,0,0,0,44,0,0,0,0,2,0
133,21 Aug 2025,,bvns60v31wknbk3y5navv2vbo,Juan Martínez Munuera,Panathinaikos FC,Samsunspor Kulübü,T. Bakasetas,0,2,1,2,0,1,0,0,20,0,0,3,0,0,0
133,21 Aug 2025,,bvns60v31wknbk3y5navv2vbo,Juan Martínez Munuera,Panathinaikos FC,Samsunspor Kulübü,G. Kyriakopoulos,0,0,1,6,3,0,1,0,41,0,0,2,2,0,0
133,21 Aug 2025,,bvns60v31wknbk3y5navv2vbo,Juan Martínez Munuera,Panathinaikos FC,Samsunspor Kulübü,A. Gnezda Čerin,0,0,0,2,0,0,0,0,51,0,0,1,1,1,0
133,21 Aug 2025,,bvns60v31wknbk3y5navv2vbo,Juan Martínez Munuera,Panathinaikos FC,Samsunspor Kulübü,F. Pellistri,0,0,1,0,1,1,0,0,12,0,0,0,0,0,0
133,21 Aug 2025,,bvns60v31wknbk3y5navv2vbo,Juan Martínez Munuera,Panathinaikos FC,Samsunspor Kulübü,A. Touba,0,1,1,0,2,0,0,0,65,0,0,3,0,1,0
133,21 Aug 2025,,bvns60v31wknbk3y5navv2vbo,Juan Martínez Munuera,Panathinaikos FC,Samsunspor Kulübü,E. Palmer-Brown,0,0,0,0,1,0,1,0,68,0,0,1,1,0,1
133,21 Aug 2025,,bvns60v31wknbk3y5navv2vbo,Juan Martínez Munuera,Panathinaikos FC,Samsunspor Kulübü,B. Drągowski,0,0,0,0,0,0,0,0,35,0,2,0,0,0,0
133,21 Aug 2025,,bvns60v31wknbk3y5navv2vbo,Juan Martínez Munuera,Panathinaikos FC,Samsunspor Kulübü,G. Kotsiras,0,0,0,0,0,1,0,0,31,0,0,0,0,2,0
133,21 Aug 2025,,bvns60v31wknbk3y5navv2vbo,Juan Martínez Munuera,Panathinaikos FC,Samsunspor Kulübü,Tetê,1,1,1,5,0,2,0,0,32,0,0,2,1,1,0
133,21 Aug 2025,,bvns60v31wknbk3y5navv2vbo,Juan Martínez Munuera,Panathinaikos FC,Samsunspor Kulübü,D. Calabria,0,0,2,2,0,0,0,0,18,0,0,1,0,1,0
133,21 Aug 2025,,bvns60v31wknbk3y5navv2vbo,Juan Martínez Munuera,Panathinaikos FC,Samsunspor Kulübü,F. Ioannidis,0,1,0,0,2,1,0,0,6,0,0,1,0,0,0
133,21 Aug 2025,,bvns60v31wknbk3y5navv2vbo,Juan Martínez Munuera,Panathinaikos FC,Samsunspor Kulübü,A. Zaroury,0,0,0,0,1,0,0,0,4,0,0,0,0,0,1
133,21 Aug 2025,,bvns60v31wknbk3y5navv2vbo,Juan Martínez Munuera,Panathinaikos FC,Samsunspor Kulübü,A. Bregou,0,0,0,0,0,0,0,0,3,0,0,0,0,1,0
133,21 Aug 2025,,bvns60v31wknbk3y5navv2vbo,Juan Martínez Munuera,Panathinaikos FC,Samsunspor Kulübü,C. Yüksel,0,0,0,0,2,0,0,0,38,0,0,0,0,3,1
133,21 Aug 2025,,bvns60v31wknbk3y5navv2vbo,Juan Martínez Munuera,Panathinaikos FC,Samsunspor Kulübü,Ľ. Šatka,0,0,0,0,0,0,0,0,59,0,0,0,0,2,0
133,21 Aug 2025,,bvns60v31wknbk3y5navv2vbo,Juan Martínez Munuera,Panathinaikos FC,Samsunspor Kulübü,Z. Yavru,0,0,0,4,2,2,0,0,47,0,0,1,0,2,0
133,21 Aug 2025,,bvns60v31wknbk3y5navv2vbo,Juan Martínez Munuera,Panathinaikos FC,Samsunspor Kulübü,A. Makoumbou,0,0,0,0,0,0,0,0,40,0,0,1,0,0,0
133,21 Aug 2025,,bvns60v31wknbk3y5navv2vbo,Juan Martínez Munuera,Panathinaikos FC,Samsunspor Kulübü,M. Mouandilmadji,0,0,1,0,0,1,0,1,23,0,0,0,0,0,0
133,21 Aug 2025,,bvns60v31wknbk3y5navv2vbo,Juan Martínez Munuera,Panathinaikos FC,Samsunspor Kulübü,O. Ntcham,0,1,2,0,1,1,0,0,57,0,0,3,2,0,0
133,21 Aug 2025,,bvns60v31wknbk3y5navv2vbo,Juan Martínez Munuera,Panathinaikos FC,Samsunspor Kulübü,L. Dimata,0,0,0,0,2,3,0,1,19,0,0,0,0,0,0
133,21 Aug 2025,,bvns60v31wknbk3y5navv2vbo,Juan Martínez Munuera,Panathinaikos FC,Samsunspor Kulübü,E. Kılınç,1,0,0,3,0,1,0,0,16,0,0,0,0,1,0
133,21 Aug 2025,,bvns60v31wknbk3y5navv2vbo,Juan Martínez Munuera,Panathinaikos FC,Samsunspor Kulübü,L. Tómasson,0,0,1,2,1,0,1,1,26,0,0,1,1,2,1
133,21 Aug 2025,,bvns60v31wknbk3y5navv2vbo,Juan Martínez Munuera,Panathinaikos FC,Samsunspor Kulübü,O. Kocuk,0,0,0,0,0,0,0,0,33,0,3,0,0,0,0
133,21 Aug 2025,,bvns60v31wknbk3y5navv2vbo,Juan Martínez Munuera,Panathinaikos FC,Samsunspor Kulübü,R. van Drongelen,0,0,0,0,1,1,0,0,66,0,0,1,0,1,0
133,21 Aug 2025,,bvns60v31wknbk3y5navv2vbo,Juan Martínez Munuera,Panathinaikos FC,Samsunspor Kulübü,Y. Çift,0,0,0,0,0,1,0,0,12,0,0,0,0,1,0
133,21 Aug 2025,,bvns60v31wknbk3y5navv2vbo,Juan Martínez Munuera,Panathinaikos FC,Samsunspor Kulübü,A. Muja,0,0,0,0,0,0,0,1,4,0,0,0,0,1,0
133,21 Aug 2025,,bvns60v31wknbk3y5navv2vbo,Juan Martínez Munuera,Panathinaikos FC,Samsunspor Kulübü,S. Gönül,0,0,0,0,0,0,0,0,6,0,0,0,0,0,0
133,21 Aug 2025,,bvns60v31wknbk3y5navv2vbo,Juan Martínez Munuera,Panathinaikos FC,Samsunspor Kulübü,S. Aydoğdu,0,0,0,0,0,0,0,0,2,0,0,0,0,0,0
134,28 Aug 2025,,bydahmfy0kjp96a5vy555di50,Irfan Peljto,Samsunspor Kulübü,Panathinaikos FC,Z. Yavru,0,0,0,5,2,2,0,0,46,0,0,0,0,2,0
134,28 Aug 2025,,bydahmfy0kjp96a5vy555di50,Irfan Peljto,Samsunspor Kulübü,Panathinaikos FC,A. Makoumbou,0,0,0,2,3,1,0,1,32,0,0,0,0,1,0
134,28 Aug 2025,,bydahmfy0kjp96a5vy555di50,Irfan Peljto,Samsunspor Kulübü,Panathinaikos FC,R. van Drongelen,0,1,3,0,0,1,0,0,61,0,0,1,0,3,1
134,28 Aug 2025,,bydahmfy0kjp96a5vy555di50,Irfan Peljto,Samsunspor Kulübü,Panathinaikos FC,Ľ. Šatka,0,0,0,0,1,1,0,0,58,0,0,0,0,2,0
134,28 Aug 2025,,bydahmfy0kjp96a5vy555di50,Irfan Peljto,Samsunspor Kulübü,Panathinaikos FC,A. Musaba,0,0,1,7,0,0,0,1,16,0,0,2,2,1,0
134,28 Aug 2025,,bydahmfy0kjp96a5vy555di50,Irfan Peljto,Samsunspor Kulübü,Panathinaikos FC,C. Yüksel,0,0,0,0,0,0,0,0,31,0,0,1,0,4,0
134,28 Aug 2025,,bydahmfy0kjp96a5vy555di50,Irfan Peljto,Samsunspor Kulübü,Panathinaikos FC,M. Mouandilmadji,0,1,0,1,3,1,0,0,16,0,0,2,0,1,0
134,28 Aug 2025,,bydahmfy0kjp96a5vy555di50,Irfan Peljto,Samsunspor Kulübü,Panathinaikos FC,O. Kocuk,0,0,0,0,0,0,0,0,25,0,1,0,0,0,0
134,28 Aug 2025,,bydahmfy0kjp96a5vy555di50,Irfan Peljto,Samsunspor Kulübü,Panathinaikos FC,L. Tómasson,0,1,3,5,2,0,0,0,31,0,0,1,0,1,1
134,28 Aug 2025,,bydahmfy0kjp96a5vy555di50,Irfan Peljto,Samsunspor Kulübü,Panathinaikos FC,E. Kılınç,0,0,0,7,1,0,0,0,17,0,0,1,1,0,0
134,28 Aug 2025,,bydahmfy0kjp96a5vy555di50,Irfan Peljto,Samsunspor Kulübü,Panathinaikos FC,O. Ntcham,0,0,0,0,0,1,0,0,46,0,0,2,1,0,0
134,28 Aug 2025,,bydahmfy0kjp96a5vy555di50,Irfan Peljto,Samsunspor Kulübü,Panathinaikos FC,C. Holse,0,0,0,0,1,1,0,0,10,0,0,0,0,2,1
134,28 Aug 2025,,bydahmfy0kjp96a5vy555di50,Irfan Peljto,Samsunspor Kulübü,Panathinaikos FC,L. Dimata,0,0,0,1,2,2,0,0,11,0,0,2,0,1,0
134,28 Aug 2025,,bydahmfy0kjp96a5vy555di50,Irfan Peljto,Samsunspor Kulübü,Panathinaikos FC,J. Mendes,0,0,0,0,1,0,0,0,7,0,0,0,0,1,0
134,28 Aug 2025,,bydahmfy0kjp96a5vy555di50,Irfan Peljto,Samsunspor Kulübü,Panathinaikos FC,P. Yaldır,0,0,0,0,0,0,0,1,5,0,0,0,0,2,0
134,28 Aug 2025,,bydahmfy0kjp96a5vy555di50,Irfan Peljto,Samsunspor Kulübü,Panathinaikos FC,S. Aydoğdu,0,0,0,1,0,0,0,0,5,0,0,1,0,0,0
134,28 Aug 2025,,bydahmfy0kjp96a5vy555di50,Irfan Peljto,Samsunspor Kulübü,Panathinaikos FC,F. Ioannidis,0,1,1,0,2,1,0,0,13,0,0,3,0,0,0
134,28 Aug 2025,,bydahmfy0kjp96a5vy555di50,Irfan Peljto,Samsunspor Kulübü,Panathinaikos FC,A. Touba,0,0,0,0,4,1,0,0,39,0,0,0,0,2,1
134,28 Aug 2025,,bydahmfy0kjp96a5vy555di50,Irfan Peljto,Samsunspor Kulübü,Panathinaikos FC,G. Kyriakopoulos,0,0,0,2,0,1,0,0,27,0,0,1,0,3,0
134,28 Aug 2025,,bydahmfy0kjp96a5vy555di50,Irfan Peljto,Samsunspor Kulübü,Panathinaikos FC,Pedro Chirivella,0,0,0,0,0,0,0,0,29,0,0,0,0,1,0
134,28 Aug 2025,,bydahmfy0kjp96a5vy555di50,Irfan Peljto,Samsunspor Kulübü,Panathinaikos FC,B. Drągowski,0,0,0,0,0,0,0,0,30,0,4,0,0,0,0
134,28 Aug 2025,,bydahmfy0kjp96a5vy555di50,Irfan Peljto,Samsunspor Kulübü,Panathinaikos FC,E. Palmer-Brown,0,0,0,0,0,2,0,0,33,0,0,0,0,2,0
134,28 Aug 2025,,bydahmfy0kjp96a5vy555di50,Irfan Peljto,Samsunspor Kulübü,Panathinaikos FC,F. Đuričić,0,0,1,0,3,3,0,0,22,0,0,0,0,1,0
134,28 Aug 2025,,bydahmfy0kjp96a5vy555di50,Irfan Peljto,Samsunspor Kulübü,Panathinaikos FC,A. Gnezda Čerin,0,0,0,0,0,0,0,0,40,0,0,1,0,2,1
134,28 Aug 2025,,bydahmfy0kjp96a5vy555di50,Irfan Peljto,Samsunspor Kulübü,Panathinaikos FC,T. Bakasetas,0,0,0,3,0,1,0,0,33,0,0,0,0,2,0
134,28 Aug 2025,,bydahmfy0kjp96a5vy555di50,Irfan Peljto,Samsunspor Kulübü,Panathinaikos FC,Tetê,0,0,0,0,0,1,0,0,36,0,0,1,1,0,0
134,28 Aug 2025,,bydahmfy0kjp96a5vy555di50,Irfan Peljto,Samsunspor Kulübü,Panathinaikos FC,G. Kotsiras,0,0,0,0,0,0,0,0,26,0,0,0,0,4,0
134,28 Aug 2025,,bydahmfy0kjp96a5vy555di50,Irfan Peljto,Samsunspor Kulübü,Panathinaikos FC,F. Pellistri,0,0,0,0,2,2,0,0,4,0,0,0,0,1,0
134,28 Aug 2025,,bydahmfy0kjp96a5vy555di50,Irfan Peljto,Samsunspor Kulübü,Panathinaikos FC,M. Siopis,0,0,0,0,0,3,0,0,3,0,0,0,0,1,0
134,28 Aug 2025,,bydahmfy0kjp96a5vy555di50,Irfan Peljto,Samsunspor Kulübü,Panathinaikos FC,K. Świderski,0,0,0,0,0,0,0,0,2,0,0,0,0,0,0
134,28 Aug 2025,,bydahmfy0kjp96a5vy555di50,Irfan Peljto,Samsunspor Kulübü,Panathinaikos FC,A. Jeremejeff,0,0,1,2,0,0,0,0,2,0,0,0,0,0,1
139,21 Aug 2025,,dk0gwm4uix1rkqo8584nmuu50,Serdar Gözübüyük,Aberdeen FC,SC Fotbal Club FCSB SA,A. Aouchiche,1,3,0,1,0,2,0,0,36,0,0,6,2,0,0
139,21 Aug 2025,,dk0gwm4uix1rkqo8584nmuu50,Serdar Gözübüyük,Aberdeen FC,SC Fotbal Club FCSB SA,D. Mitov,0,0,0,0,0,0,0,0,37,0,2,0,0,0,0
139,21 Aug 2025,,dk0gwm4uix1rkqo8584nmuu50,Serdar Gözübüyük,Aberdeen FC,SC Fotbal Club FCSB SA,J. Milne,0,1,0,1,5,0,0,0,92,0,0,1,0,0,1
139,21 Aug 2025,,dk0gwm4uix1rkqo8584nmuu50,Serdar Gözübüyük,Aberdeen FC,SC Fotbal Club FCSB SA,T. Keskinen,0,4,1,8,1,2,0,0,21,0,0,6,0,1,0
139,21 Aug 2025,,dk0gwm4uix1rkqo8584nmuu50,Serdar Gözübüyük,Aberdeen FC,SC Fotbal Club FCSB SA,G. Molloy,0,0,0,1,1,0,0,0,33,0,0,0,0,0,0
139,21 Aug 2025,,dk0gwm4uix1rkqo8584nmuu50,Serdar Gözübüyük,Aberdeen FC,SC Fotbal Club FCSB SA,A. Jensen,0,0,2,10,1,1,0,0,55,0,0,0,0,0,0
139,21 Aug 2025,,dk0gwm4uix1rkqo8584nmuu50,Serdar Gözübüyük,Aberdeen FC,SC Fotbal Club FCSB SA,K. Yengi,0,0,0,0,2,0,0,0,6,0,0,1,0,0,0
139,21 Aug 2025,,dk0gwm4uix1rkqo8584nmuu50,Serdar Gözübüyük,Aberdeen FC,SC Fotbal Club FCSB SA,A. Palaversa,1,1,1,11,2,1,0,0,81,0,0,4,1,2,1
139,21 Aug 2025,,dk0gwm4uix1rkqo8584nmuu50,Serdar Gözübüyük,Aberdeen FC,SC Fotbal Club FCSB SA,A. Dorrington,0,0,0,0,0,1,0,0,52,0,0,0,0,0,0
139,21 Aug 2025,,dk0gwm4uix1rkqo8584nmuu50,Serdar Gözübüyük,Aberdeen FC,SC Fotbal Club FCSB SA,S. Heltne Nilsen,0,0,0,0,1,1,0,0,31,0,0,0,0,0,0
139,21 Aug 2025,,dk0gwm4uix1rkqo8584nmuu50,Serdar Gözübüyük,Aberdeen FC,SC Fotbal Club FCSB SA,N. Milanović,0,1,0,4,0,1,0,0,14,0,0,1,0,1,1
139,21 Aug 2025,,dk0gwm4uix1rkqo8584nmuu50,Serdar Gözübüyük,Aberdeen FC,SC Fotbal Club FCSB SA,M. Knoester,0,0,0,0,0,0,0,0,41,0,0,0,0,1,0
139,21 Aug 2025,,dk0gwm4uix1rkqo8584nmuu50,Serdar Gözübüyük,Aberdeen FC,SC Fotbal Club FCSB SA,L. Clarkson,0,2,0,3,0,0,0,0,56,0,0,2,0,2,0
139,21 Aug 2025,,dk0gwm4uix1rkqo8584nmuu50,Serdar Gözübüyük,Aberdeen FC,SC Fotbal Club FCSB SA,E. Sokler,0,2,1,0,1,0,1,0,9,0,0,5,2,0,1
139,21 Aug 2025,,dk0gwm4uix1rkqo8584nmuu50,Serdar Gözübüyük,Aberdeen FC,SC Fotbal Club FCSB SA,G. Shinnie,0,0,0,6,1,0,0,1,24,0,0,0,0,0,0
139,21 Aug 2025,,dk0gwm4uix1rkqo8584nmuu50,Serdar Gözübüyük,Aberdeen FC,SC Fotbal Club FCSB SA,D. Polvara,0,0,0,2,0,1,1,0,19,0,0,2,2,1,0
139,21 Aug 2025,,dk0gwm4uix1rkqo8584nmuu50,Serdar Gözübüyük,Aberdeen FC,SC Fotbal Club FCSB SA,V. Chiricheș,0,0,0,0,0,0,0,0,21,0,0,0,0,0,0
139,21 Aug 2025,,dk0gwm4uix1rkqo8584nmuu50,Serdar Gözübüyük,Aberdeen FC,SC Fotbal Club FCSB SA,M. Popescu,0,0,0,0,0,2,0,0,22,0,0,1,0,1,0
139,21 Aug 2025,,dk0gwm4uix1rkqo8584nmuu50,Serdar Gözübüyük,Aberdeen FC,SC Fotbal Club FCSB SA,D. Bîrligea,1,0,0,1,2,6,1,0,26,0,0,1,1,0,0
139,21 Aug 2025,,dk0gwm4uix1rkqo8584nmuu50,Serdar Gözübüyük,Aberdeen FC,SC Fotbal Club FCSB SA,D. Graovac,0,0,0,0,0,0,0,0,21,0,0,0,0,0,0
139,21 Aug 2025,,dk0gwm4uix1rkqo8584nmuu50,Serdar Gözübüyük,Aberdeen FC,SC Fotbal Club FCSB SA,F. Tănase,0,0,0,1,3,0,0,0,15,0,0,0,0,0,1
139,21 Aug 2025,,dk0gwm4uix1rkqo8584nmuu50,Serdar Gözübüyük,Aberdeen FC,SC Fotbal Club FCSB SA,J. Cisotti,0,0,0,1,2,0,0,0,9,1,0,0,0,1,0
139,21 Aug 2025,,dk0gwm4uix1rkqo8584nmuu50,Serdar Gözübüyük,Aberdeen FC,SC Fotbal Club FCSB SA,V. Crețu,0,0,0,0,2,1,0,0,14,0,0,0,0,4,1
139,21 Aug 2025,,dk0gwm4uix1rkqo8584nmuu50,Serdar Gözübüyük,Aberdeen FC,SC Fotbal Club FCSB SA,A. Șut,0,1,0,0,0,1,0,0,26,0,0,1,0,0,0
139,21 Aug 2025,,dk0gwm4uix1rkqo8584nmuu50,Serdar Gözübüyük,Aberdeen FC,SC Fotbal Club FCSB SA,A. Pantea,0,0,0,0,0,0,0,0,18,0,0,0,0,4,0
139,21 Aug 2025,,dk0gwm4uix1rkqo8584nmuu50,Serdar Gözübüyük,Aberdeen FC,SC Fotbal Club FCSB SA,Ș. Târnovanu,0,0,0,0,0,0,0,0,31,0,5,0,0,0,0
139,21 Aug 2025,,dk0gwm4uix1rkqo8584nmuu50,Serdar Gözübüyük,Aberdeen FC,SC Fotbal Club FCSB SA,D. Miculescu,1,0,1,2,0,2,0,0,16,0,0,2,2,0,0
139,21 Aug 2025,,dk0gwm4uix1rkqo8584nmuu50,Serdar Gözübüyük,Aberdeen FC,SC Fotbal Club FCSB SA,M. Edjouma,0,2,1,0,1,0,0,0,9,0,0,3,0,1,0
139,21 Aug 2025,,dk0gwm4uix1rkqo8584nmuu50,Serdar Gözübüyük,Aberdeen FC,SC Fotbal Club FCSB SA,D. Olaru,0,0,1,4,0,3,1,0,10,0,0,2,1,4,0
139,21 Aug 2025,,dk0gwm4uix1rkqo8584nmuu50,Serdar Gözübüyük,Aberdeen FC,SC Fotbal Club FCSB SA,D. Kiki,0,0,0,0,0,0,0,0,6,0,0,0,0,0,0
139,21 Aug 2025,,dk0gwm4uix1rkqo8584nmuu50,Serdar Gözübüyük,Aberdeen FC,SC Fotbal Club FCSB SA,M. Lixandru,0,0,0,0,0,0,0,0,2,0,0,0,0,1,0
139,21 Aug 2025,,dk0gwm4uix1rkqo8584nmuu50,Serdar Gözübüyük,Aberdeen FC,SC Fotbal Club FCSB SA,D. Politic,0,0,0,0,0,0,0,0,1,0,0,0,0,0,0
140,28 Aug 2025,,dldhzv0mqyqay3lvbtgo6r7ro,Espen Eskås,SC Fotbal Club FCSB SA,Aberdeen FC,V. Crețu,1,0,0,0,1,4,0,0,70,0,0,0,0,0,0
140,28 Aug 2025,,dldhzv0mqyqay3lvbtgo6r7ro,Espen Eskås,SC Fotbal Club FCSB SA,Aberdeen FC,S. Ngezana,0,1,0,0,0,2,0,0,89,0,0,2,0,1,0
140,28 Aug 2025,,dldhzv0mqyqay3lvbtgo6r7ro,Espen Eskås,SC Fotbal Club FCSB SA,Aberdeen FC,A. Șut,0,0,0,0,0,0,1,0,64,0,0,1,1,0,0
140,28 Aug 2025,,dldhzv0mqyqay3lvbtgo6r7ro,Espen Eskås,SC Fotbal Club FCSB SA,Aberdeen FC,D. Bîrligea,0,2,1,0,2,1,0,0,10,0,0,4,0,0,0
140,28 Aug 2025,,dldhzv0mqyqay3lvbtgo6r7ro,Espen Eskås,SC Fotbal Club FCSB SA,Aberdeen FC,M. Lixandru,0,0,0,0,0,0,0,0,57,0,0,0,0,1,0
140,28 Aug 2025,,dldhzv0mqyqay3lvbtgo6r7ro,Espen Eskås,SC Fotbal Club FCSB SA,Aberdeen FC,D. Miculescu,0,0,0,0,1,1,0,0,24,0,0,1,1,0,0
140,28 Aug 2025,,dldhzv0mqyqay3lvbtgo6r7ro,Espen Eskås,SC Fotbal Club FCSB SA,Aberdeen FC,Ș. Târnovanu,0,0,0,0,0,0,0,0,29,0,2,0,0,0,0
140,28 Aug 2025,,dldhzv0mqyqay3lvbtgo6r7ro,Espen Eskås,SC Fotbal Club FCSB SA,Aberdeen FC,D. Olaru,1,0,0,1,2,2,2,0,32,0,0,2,2,1,0
140,28 Aug 2025,,dldhzv0mqyqay3lvbtgo6r7ro,Espen Eskås,SC Fotbal Club FCSB SA,Aberdeen FC,M. Popescu,0,0,0,0,1,1,0,0,67,0,0,0,0,1,0
140,28 Aug 2025,,dldhzv0mqyqay3lvbtgo6r7ro,Espen Eskås,SC Fotbal Club FCSB SA,Aberdeen FC,R. Radunović,0,0,0,6,0,0,0,0,62,0,0,0,0,1,0
140,28 Aug 2025,,dldhzv0mqyqay3lvbtgo6r7ro,Espen Eskås,SC Fotbal Club FCSB SA,Aberdeen FC,F. Tănase,0,0,2,3,3,2,0,1,32,0,0,1,1,0,1
140,28 Aug 2025,,dldhzv0mqyqay3lvbtgo6r7ro,Espen Eskås,SC Fotbal Club FCSB SA,Aberdeen FC,B. Alhassan,0,0,0,0,0,0,0,0,13,0,0,0,0,1,0
140,28 Aug 2025,,dldhzv0mqyqay3lvbtgo6r7ro,Espen Eskås,SC Fotbal Club FCSB SA,Aberdeen FC,D. Politic,0,0,1,0,0,1,0,0,7,0,0,1,1,1,0
140,28 Aug 2025,,dldhzv0mqyqay3lvbtgo6r7ro,Espen Eskås,SC Fotbal Club FCSB SA,Aberdeen FC,V. Chiricheș,0,0,0,0,0,0,0,0,17,0,0,0,0,0,0
140,28 Aug 2025,,dldhzv0mqyqay3lvbtgo6r7ro,Espen Eskås,SC Fotbal Club FCSB SA,Aberdeen FC,O. Popescu,0,0,0,1,0,1,0,0,7,0,0,0,0,0,0
140,28 Aug 2025,,dldhzv0mqyqay3lvbtgo6r7ro,Espen Eskås,SC Fotbal Club FCSB SA,Aberdeen FC,D. Alibec,0,0,0,0,0,0,0,0,0,0,0,0,0,0,0
140,28 Aug 2025,,dldhzv0mqyqay3lvbtgo6r7ro,Espen Eskås,SC Fotbal Club FCSB SA,Aberdeen FC,A. Aouchiche,0,0,1,4,0,2,0,0,25,0,0,1,0,2,0
140,28 Aug 2025,,dldhzv0mqyqay3lvbtgo6r7ro,Espen Eskås,SC Fotbal Club FCSB SA,Aberdeen FC,D. Mitov,0,0,0,0,0,0,0,0,24,0,3,0,0,0,0
140,28 Aug 2025,,dldhzv0mqyqay3lvbtgo6r7ro,Espen Eskås,SC Fotbal Club FCSB SA,Aberdeen FC,A. Jensen,0,0,0,0,2,1,0,0,15,1,0,0,0,0,2
140,28 Aug 2025,,dldhzv0mqyqay3lvbtgo6r7ro,Espen Eskås,SC Fotbal Club FCSB SA,Aberdeen FC,G. Shinnie,0,0,0,1,0,3,0,0,35,0,0,0,0,0,0
140,28 Aug 2025,,dldhzv0mqyqay3lvbtgo6r7ro,Espen Eskås,SC Fotbal Club FCSB SA,Aberdeen FC,D. Polvara,0,0,0,0,1,0,0,0,11,0,0,1,0,0,0
140,28 Aug 2025,,dldhzv0mqyqay3lvbtgo6r7ro,Espen Eskås,SC Fotbal Club FCSB SA,Aberdeen FC,M. Knoester,0,0,0,0,2,1,0,0,33,0,0,1,1,2,1
140,28 Aug 2025,,dldhzv0mqyqay3lvbtgo6r7ro,Espen Eskås,SC Fotbal Club FCSB SA,Aberdeen FC,J. Milne,0,0,0,0,0,0,0,0,34,0,0,0,0,0,0
140,28 Aug 2025,,dldhzv0mqyqay3lvbtgo6r7ro,Espen Eskås,SC Fotbal Club FCSB SA,Aberdeen FC,E. Sokler,0,0,0,0,1,0,0,0,6,0,0,1,1,0,1
140,28 Aug 2025,,dldhzv0mqyqay3lvbtgo6r7ro,Espen Eskås,SC Fotbal Club FCSB SA,Aberdeen FC,A. Palaversa,0,0,0,3,2,1,0,0,25,0,0,1,0,0,0
140,28 Aug 2025,,dldhzv0mqyqay3lvbtgo6r7ro,Espen Eskås,SC Fotbal Club FCSB SA,Aberdeen FC,N. Devlin,0,0,2,3,2,2,0,0,13,0,0,0,0,1,0
140,28 Aug 2025,,dldhzv0mqyqay3lvbtgo6r7ro,Espen Eskås,SC Fotbal Club FCSB SA,Aberdeen FC,T. Keskinen,0,0,0,1,2,0,0,0,15,0,0,0,0,2,0
140,28 Aug 2025,,dldhzv0mqyqay3lvbtgo6r7ro,Espen Eskås,SC Fotbal Club FCSB SA,Aberdeen FC,L. Clarkson,0,0,0,2,0,0,0,0,13,0,0,1,0,0,0
140,28 Aug 2025,,dldhzv0mqyqay3lvbtgo6r7ro,Espen Eskås,SC Fotbal Club FCSB SA,Aberdeen FC,S. Heltne Nilsen,0,0,0,0,3,0,0,0,9,0,0,0,0,0,0
140,28 Aug 2025,,dldhzv0mqyqay3lvbtgo6r7ro,Espen Eskås,SC Fotbal Club FCSB SA,Aberdeen FC,N. Milanović,0,0,0,0,1,0,0,0,5,0,0,0,0,0,1
140,28 Aug 2025,,dldhzv0mqyqay3lvbtgo6r7ro,Espen Eskås,SC Fotbal Club FCSB SA,Aberdeen FC,A. Dorrington,0,0,0,0,0,0,0,0,5,0,0,0,0,0,0
140,28 Aug 2025,,dldhzv0mqyqay3lvbtgo6r7ro,Espen Eskås,SC Fotbal Club FCSB SA,Aberdeen FC,K. Yengi,0,0,0,0,1,0,0,1,3,0,0,0,0,0,0
41,2 Oct 2025,,2n1jwdj6udqizkg3pw1vetkb8,Rade Obrenović,Feyenoord Rotterdam,Aston Villa FC,Hwang In-Beom,0,0,0,4,1,0,0,0,19,0,0,1,0,1,0
41,2 Oct 2025,,2n1jwdj6udqizkg3pw1vetkb8,Rade Obrenović,Feyenoord Rotterdam,Aston Villa FC,G. Read,0,0,0,4,0,2,0,0,26,0,0,0,0,2,0
41,2 Oct 2025,,2n1jwdj6udqizkg3pw1vetkb8,Rade Obrenović,Feyenoord Rotterdam,Aston Villa FC,T. Wellenreuther,0,0,0,0,0,1,0,0,22,0,1,0,0,0,0
41,2 Oct 2025,,2n1jwdj6udqizkg3pw1vetkb8,Rade Obrenović,Feyenoord Rotterdam,Aston Villa FC,A. Ahmedhodžić,0,0,0,0,1,0,0,0,27,0,0,0,0,3,1
41,2 Oct 2025,,2n1jwdj6udqizkg3pw1vetkb8,Rade Obrenović,Feyenoord Rotterdam,Aston Villa FC,T. Watanabe,0,0,0,0,3,0,0,0,46,0,0,1,0,1,0
41,2 Oct 2025,,2n1jwdj6udqizkg3pw1vetkb8,Rade Obrenović,Feyenoord Rotterdam,Aston Villa FC,G. Smal,0,0,3,3,1,1,0,0,40,0,0,0,0,2,0
41,2 Oct 2025,,2n1jwdj6udqizkg3pw1vetkb8,Rade Obrenović,Feyenoord Rotterdam,Aston Villa FC,L. Sauer,0,0,1,2,2,0,0,0,14,0,0,1,1,0,0
41,2 Oct 2025,,2n1jwdj6udqizkg3pw1vetkb8,Rade Obrenović,Feyenoord Rotterdam,Aston Villa FC,A. Ueda,0,1,0,0,3,0,0,0,9,0,0,3,1,1,0
41,2 Oct 2025,,2n1jwdj6udqizkg3pw1vetkb8,Rade Obrenović,Feyenoord Rotterdam,Aston Villa FC,S. Steijn,0,5,1,0,2,0,0,0,23,0,0,5,0,0,1
41,2 Oct 2025,,2n1jwdj6udqizkg3pw1vetkb8,Rade Obrenović,Feyenoord Rotterdam,Aston Villa FC,L. Valente,0,1,1,0,0,1,0,0,34,0,0,3,2,1,0
41,2 Oct 2025,,2n1jwdj6udqizkg3pw1vetkb8,Rade Obrenović,Feyenoord Rotterdam,Aston Villa FC,A. Hadj Moussa,0,0,1,10,0,3,0,0,22,0,0,2,2,1,0
41,2 Oct 2025,,2n1jwdj6udqizkg3pw1vetkb8,Rade Obrenović,Feyenoord Rotterdam,Aston Villa FC,O. Targhalline,0,0,1,1,3,0,0,0,29,0,0,0,0,2,0
41,2 Oct 2025,,2n1jwdj6udqizkg3pw1vetkb8,Rade Obrenović,Feyenoord Rotterdam,Aston Villa FC,B. Nieuwkoop,0,0,0,1,1,0,0,1,5,0,0,1,1,2,0
41,2 Oct 2025,,2n1jwdj6udqizkg3pw1vetkb8,Rade Obrenović,Feyenoord Rotterdam,Aston Villa FC,A. Sliti,0,0,0,2,0,0,0,0,10,0,0,1,0,0,0
41,2 Oct 2025,,2n1jwdj6udqizkg3pw1vetkb8,Rade Obrenović,Feyenoord Rotterdam,Aston Villa FC,C. Larin,0,0,0,0,0,0,0,1,6,0,0,1,1,0,1
41,2 Oct 2025,,2n1jwdj6udqizkg3pw1vetkb8,Rade Obrenović,Feyenoord Rotterdam,Aston Villa FC,J. Bos,0,0,0,1,0,0,0,0,7,0,0,0,0,0,0
41,2 Oct 2025,,2n1jwdj6udqizkg3pw1vetkb8,Rade Obrenović,Feyenoord Rotterdam,Aston Villa FC,M. Rogers,0,0,0,0,3,2,0,0,38,0,0,0,0,0,1
41,2 Oct 2025,,2n1jwdj6udqizkg3pw1vetkb8,Rade Obrenović,Feyenoord Rotterdam,Aston Villa FC,B. Kamara,1,0,0,0,0,1,0,0,63,0,0,0,0,2,0
41,2 Oct 2025,,2n1jwdj6udqizkg3pw1vetkb8,Rade Obrenović,Feyenoord Rotterdam,Aston Villa FC,E. Konsa,0,0,0,0,0,2,0,0,86,0,0,0,0,0,0
41,2 Oct 2025,,2n1jwdj6udqizkg3pw1vetkb8,Rade Obrenović,Feyenoord Rotterdam,Aston Villa FC,M. Bizot,0,0,0,0,0,1,0,0,43,0,8,0,0,0,1
41,2 Oct 2025,,2n1jwdj6udqizkg3pw1vetkb8,Rade Obrenović,Feyenoord Rotterdam,Aston Villa FC,O. Watkins,0,0,0,0,0,3,0,1,15,0,0,1,1,0,0
41,2 Oct 2025,,2n1jwdj6udqizkg3pw1vetkb8,Rade Obrenović,Feyenoord Rotterdam,Aston Villa FC,I. Maatsen,0,1,1,1,1,0,0,1,24,0,0,1,0,2,0
41,2 Oct 2025,,2n1jwdj6udqizkg3pw1vetkb8,Rade Obrenović,Feyenoord Rotterdam,Aston Villa FC,Pau Torres,0,0,0,0,2,0,0,0,67,0,0,0,0,1,0
41,2 Oct 2025,,2n1jwdj6udqizkg3pw1vetkb8,Rade Obrenović,Feyenoord Rotterdam,Aston Villa FC,M. Cash,0,0,0,3,0,3,0,0,37,0,0,0,0,1,0
41,2 Oct 2025,,2n1jwdj6udqizkg3pw1vetkb8,Rade Obrenović,Feyenoord Rotterdam,Aston Villa FC,E. Buendía,0,0,0,0,1,2,1,0,26,0,0,1,1,3,0
41,2 Oct 2025,,2n1jwdj6udqizkg3pw1vetkb8,Rade Obrenović,Feyenoord Rotterdam,Aston Villa FC,J. McGinn,0,1,0,1,3,1,1,0,55,0,0,2,1,0,0
41,2 Oct 2025,,2n1jwdj6udqizkg3pw1vetkb8,Rade Obrenović,Feyenoord Rotterdam,Aston Villa FC,E. Guessand,0,0,0,0,0,1,0,0,25,0,0,1,0,2,0
41,2 Oct 2025,,2n1jwdj6udqizkg3pw1vetkb8,Rade Obrenović,Feyenoord Rotterdam,Aston Villa FC,L. Bogarde,0,0,0,0,0,0,0,0,17,0,0,0,0,0,0
41,2 Oct 2025,,2n1jwdj6udqizkg3pw1vetkb8,Rade Obrenović,Feyenoord Rotterdam,Aston Villa FC,L. Digne,0,0,0,0,0,0,0,0,11,0,0,0,0,0,0
41,2 Oct 2025,,2n1jwdj6udqizkg3pw1vetkb8,Rade Obrenović,Feyenoord Rotterdam,Aston Villa FC,D. Malen,0,0,0,1,0,0,0,0,5,0,0,0,0,1,0
41,2 Oct 2025,,2n1jwdj6udqizkg3pw1vetkb8,Rade Obrenović,Feyenoord Rotterdam,Aston Villa FC,V. Lindelöf,0,0,0,0,0,0,0,0,9,0,0,0,0,0,1
41,2 Oct 2025,,2n1jwdj6udqizkg3pw1vetkb8,Rade Obrenović,Feyenoord Rotterdam,Aston Villa FC,H. Elliott,0,0,0,0,0,1,0,0,9,0,0,0,0,0,0
42,2 Oct 2025,,2neip9ij6zoesrxt1zi91242c,Anastasios Sidiropoulos,KRC Genk,Ferencvárosi TC,M. Smets,0,0,0,0,1,1,0,0,76,0,0,0,0,0,0
42,2 Oct 2025,,2neip9ij6zoesrxt1zi91242c,Anastasios Sidiropoulos,KRC Genk,Ferencvárosi TC,Z. El Ouahdi,0,2,0,2,0,3,0,0,40,0,0,3,1,1,0
42,2 Oct 2025,,2neip9ij6zoesrxt1zi91242c,Anastasios Sidiropoulos,KRC Genk,Ferencvárosi TC,B. Heynen,0,0,1,1,1,3,0,0,88,0,0,0,0,2,0
42,2 Oct 2025,,2neip9ij6zoesrxt1zi91242c,Anastasios Sidiropoulos,KRC Genk,Ferencvárosi TC,I. Bangoura,0,0,1,0,1,1,0,0,58,0,0,1,0,1,0
42,2 Oct 2025,,2neip9ij6zoesrxt1zi91242c,Anastasios Sidiropoulos,KRC Genk,Ferencvárosi TC,Oh Hyeon-Gyu,0,0,0,0,1,3,0,1,19,0,0,1,0,0,0
42,2 Oct 2025,,2neip9ij6zoesrxt1zi91242c,Anastasios Sidiropoulos,KRC Genk,Ferencvárosi TC,Mujaid Sadick,0,2,0,0,1,0,0,0,41,0,0,2,0,4,0
42,2 Oct 2025,,2neip9ij6zoesrxt1zi91242c,Anastasios Sidiropoulos,KRC Genk,Ferencvárosi TC,P. Hrošovský,0,0,0,1,1,2,0,0,31,0,0,2,0,2,0
42,2 Oct 2025,,2neip9ij6zoesrxt1zi91242c,Anastasios Sidiropoulos,KRC Genk,Ferencvárosi TC,J. Kayembe,0,0,1,3,0,0,0,0,52,0,0,0,0,0,0
42,2 Oct 2025,,2neip9ij6zoesrxt1zi91242c,Anastasios Sidiropoulos,KRC Genk,Ferencvárosi TC,J. Ito,0,0,1,6,0,0,0,2,34,0,0,1,1,1,0
42,2 Oct 2025,,2neip9ij6zoesrxt1zi91242c,Anastasios Sidiropoulos,KRC Genk,Ferencvárosi TC,H. Van Crombrugge,0,0,0,0,1,0,0,0,35,0,4,0,0,1,0
42,2 Oct 2025,,2neip9ij6zoesrxt1zi91242c,Anastasios Sidiropoulos,KRC Genk,Ferencvárosi TC,J. Steuckers,0,0,0,8,0,0,0,0,54,0,0,1,0,1,0
42,2 Oct 2025,,2neip9ij6zoesrxt1zi91242c,Anastasios Sidiropoulos,KRC Genk,Ferencvárosi TC,Y. Medina,0,0,0,4,0,0,0,0,9,0,0,0,0,0,0
42,2 Oct 2025,,2neip9ij6zoesrxt1zi91242c,Anastasios Sidiropoulos,KRC Genk,Ferencvárosi TC,K. Karetsas,0,1,0,3,1,1,0,0,9,0,0,2,1,0,0
42,2 Oct 2025,,2neip9ij6zoesrxt1zi91242c,Anastasios Sidiropoulos,KRC Genk,Ferencvárosi TC,K. Nkuba,0,0,0,1,0,0,0,0,9,0,0,0,0,2,0
42,2 Oct 2025,,2neip9ij6zoesrxt1zi91242c,Anastasios Sidiropoulos,KRC Genk,Ferencvárosi TC,Y. Sor,0,0,0,1,0,1,0,0,4,0,0,0,0,0,0
42,2 Oct 2025,,2neip9ij6zoesrxt1zi91242c,Anastasios Sidiropoulos,KRC Genk,Ferencvárosi TC,J. Erabi,0,0,0,0,0,0,0,0,2,0,0,0,0,0,0
42,2 Oct 2025,,2neip9ij6zoesrxt1zi91242c,Anastasios Sidiropoulos,KRC Genk,Ferencvárosi TC,J. Levi,1,0,0,5,0,0,0,0,18,0,0,1,0,1,0
42,2 Oct 2025,,2neip9ij6zoesrxt1zi91242c,Anastasios Sidiropoulos,KRC Genk,Ferencvárosi TC,T. Raemaekers,0,0,0,0,2,1,0,0,38,0,0,0,0,3,0
42,2 Oct 2025,,2neip9ij6zoesrxt1zi91242c,Anastasios Sidiropoulos,KRC Genk,Ferencvárosi TC,S. Gartenmann,0,0,0,3,1,0,0,0,34,0,0,0,0,1,1
42,2 Oct 2025,,2neip9ij6zoesrxt1zi91242c,Anastasios Sidiropoulos,KRC Genk,Ferencvárosi TC,C. O'Dowda,0,0,2,4,1,0,0,0,15,0,0,0,0,1,0
42,2 Oct 2025,,2neip9ij6zoesrxt1zi91242c,Anastasios Sidiropoulos,KRC Genk,Ferencvárosi TC,L. Joseph,0,0,1,0,2,1,0,1,10,0,0,2,2,1,0
42,2 Oct 2025,,2neip9ij6zoesrxt1zi91242c,Anastasios Sidiropoulos,KRC Genk,Ferencvárosi TC,Cadu,0,0,0,1,1,0,0,0,33,0,0,0,0,3,0
42,2 Oct 2025,,2neip9ij6zoesrxt1zi91242c,Anastasios Sidiropoulos,KRC Genk,Ferencvárosi TC,N. Keïta,0,0,0,0,1,2,0,0,36,0,0,2,1,4,0
42,2 Oct 2025,,2neip9ij6zoesrxt1zi91242c,Anastasios Sidiropoulos,KRC Genk,Ferencvárosi TC,A. Tóth,0,0,0,3,1,1,0,0,32,0,0,1,0,4,0
42,2 Oct 2025,,2neip9ij6zoesrxt1zi91242c,Anastasios Sidiropoulos,KRC Genk,Ferencvárosi TC,D. Dibusz,0,0,0,0,0,0,0,0,27,0,3,0,0,0,0
42,2 Oct 2025,,2neip9ij6zoesrxt1zi91242c,Anastasios Sidiropoulos,KRC Genk,Ferencvárosi TC,I. Cissé,0,0,0,0,1,0,0,0,27,0,0,0,0,0,1
42,2 Oct 2025,,2neip9ij6zoesrxt1zi91242c,Anastasios Sidiropoulos,KRC Genk,Ferencvárosi TC,B. Varga,0,0,0,1,3,1,1,0,28,0,0,2,2,2,1
42,2 Oct 2025,,2neip9ij6zoesrxt1zi91242c,Anastasios Sidiropoulos,KRC Genk,Ferencvárosi TC,B. Nagy,0,0,0,1,0,0,0,0,3,0,0,0,0,1,0
42,2 Oct 2025,,2neip9ij6zoesrxt1zi91242c,Anastasios Sidiropoulos,KRC Genk,Ferencvárosi TC,G. Kanichowsky,0,0,0,0,0,1,0,0,8,0,0,0,0,0,0
42,2 Oct 2025,,2neip9ij6zoesrxt1zi91242c,Anastasios Sidiropoulos,KRC Genk,Ferencvárosi TC,B. Yusuf,0,0,0,0,0,0,0,0,3,0,0,0,0,1,0
42,2 Oct 2025,,2neip9ij6zoesrxt1zi91242c,Anastasios Sidiropoulos,KRC Genk,Ferencvárosi TC,K. Zachariassen,0,0,0,0,1,0,0,1,3,0,0,0,0,0,0
42,2 Oct 2025,,2neip9ij6zoesrxt1zi91242c,Anastasios Sidiropoulos,KRC Genk,Ferencvárosi TC,B. Ötvös,0,0,0,0,2,0,0,0,6,0,0,0,0,1,0
43,2 Oct 2025,,2nszpqp0n3wtwzrhnptj04yz8,António Emanuel Carvalho Nobre,Maccabi Tel Aviv FC,GNK Dinamo Zagreb,Hélio Varela,0,0,1,4,0,1,0,0,24,0,0,0,0,1,0
43,2 Oct 2025,,2nszpqp0n3wtwzrhnptj04yz8,António Emanuel Carvalho Nobre,Maccabi Tel Aviv FC,GNK Dinamo Zagreb,T. Asante,0,0,0,1,1,2,0,0,63,0,0,0,0,2,0
43,2 Oct 2025,,2nszpqp0n3wtwzrhnptj04yz8,António Emanuel Carvalho Nobre,Maccabi Tel Aviv FC,GNK Dinamo Zagreb,Heitor,0,0,0,0,1,0,0,0,57,0,0,1,0,0,0
43,2 Oct 2025,,2nszpqp0n3wtwzrhnptj04yz8,António Emanuel Carvalho Nobre,Maccabi Tel Aviv FC,GNK Dinamo Zagreb,R. Mishpati,0,0,0,0,0,0,0,0,31,0,2,0,0,0,0
43,2 Oct 2025,,2nszpqp0n3wtwzrhnptj04yz8,António Emanuel Carvalho Nobre,Maccabi Tel Aviv FC,GNK Dinamo Zagreb,M. Camara,0,0,0,0,0,0,0,0,83,0,0,0,0,1,0
43,2 Oct 2025,,2nszpqp0n3wtwzrhnptj04yz8,António Emanuel Carvalho Nobre,Maccabi Tel Aviv FC,GNK Dinamo Zagreb,R. Revivo,0,0,0,2,1,3,0,0,20,0,0,0,0,1,1
43,2 Oct 2025,,2nszpqp0n3wtwzrhnptj04yz8,António Emanuel Carvalho Nobre,Maccabi Tel Aviv FC,GNK Dinamo Zagreb,K. Belić,0,0,0,1,1,0,0,0,44,0,0,1,0,5,0
43,2 Oct 2025,,2nszpqp0n3wtwzrhnptj04yz8,António Emanuel Carvalho Nobre,Maccabi Tel Aviv FC,GNK Dinamo Zagreb,K. Andrade,0,0,1,0,1,1,0,0,23,0,0,2,0,1,0
43,2 Oct 2025,,2nszpqp0n3wtwzrhnptj04yz8,António Emanuel Carvalho Nobre,Maccabi Tel Aviv FC,GNK Dinamo Zagreb,I. Sissokho,0,0,0,0,0,1,0,0,53,0,0,2,1,2,0
43,2 Oct 2025,,2nszpqp0n3wtwzrhnptj04yz8,António Emanuel Carvalho Nobre,Maccabi Tel Aviv FC,GNK Dinamo Zagreb,B. Lederman,1,0,0,1,2,1,0,0,28,0,0,0,0,3,0
43,2 Oct 2025,,2nszpqp0n3wtwzrhnptj04yz8,António Emanuel Carvalho Nobre,Maccabi Tel Aviv FC,GNK Dinamo Zagreb,S. Abu Farhi,0,0,0,0,1,1,1,1,8,0,0,1,1,0,0
43,2 Oct 2025,,2nszpqp0n3wtwzrhnptj04yz8,António Emanuel Carvalho Nobre,Maccabi Tel Aviv FC,GNK Dinamo Zagreb,R. Shlomo,0,1,0,0,0,0,0,0,29,0,0,1,0,0,0
43,2 Oct 2025,,2nszpqp0n3wtwzrhnptj04yz8,António Emanuel Carvalho Nobre,Maccabi Tel Aviv FC,GNK Dinamo Zagreb,O. Davida,0,0,2,3,0,0,0,0,11,0,0,0,0,1,0
43,2 Oct 2025,,2nszpqp0n3wtwzrhnptj04yz8,António Emanuel Carvalho Nobre,Maccabi Tel Aviv FC,GNK Dinamo Zagreb,S. Jehezkel,0,0,0,2,0,0,0,0,9,0,0,1,1,0,0
43,2 Oct 2025,,2nszpqp0n3wtwzrhnptj04yz8,António Emanuel Carvalho Nobre,Maccabi Tel Aviv FC,GNK Dinamo Zagreb,D. Peretz,0,0,0,0,0,0,0,1,5,0,0,0,0,0,0
43,2 Oct 2025,,2nszpqp0n3wtwzrhnptj04yz8,António Emanuel Carvalho Nobre,Maccabi Tel Aviv FC,GNK Dinamo Zagreb,E. Madmon,0,0,1,0,0,0,0,0,3,0,0,2,1,0,0
43,2 Oct 2025,,2nszpqp0n3wtwzrhnptj04yz8,António Emanuel Carvalho Nobre,Maccabi Tel Aviv FC,GNK Dinamo Zagreb,M. Lisica,0,0,1,1,0,1,1,0,17,0,0,1,1,2,0
43,2 Oct 2025,,2nszpqp0n3wtwzrhnptj04yz8,António Emanuel Carvalho Nobre,Maccabi Tel Aviv FC,GNK Dinamo Zagreb,I. Nevistić,0,0,0,0,0,0,0,0,92,0,3,0,0,0,0
43,2 Oct 2025,,2nszpqp0n3wtwzrhnptj04yz8,António Emanuel Carvalho Nobre,Maccabi Tel Aviv FC,GNK Dinamo Zagreb,D. Beljo,1,0,1,1,2,2,0,2,9,0,0,2,2,1,0
43,2 Oct 2025,,2nszpqp0n3wtwzrhnptj04yz8,António Emanuel Carvalho Nobre,Maccabi Tel Aviv FC,GNK Dinamo Zagreb,M. Zajc,0,0,0,4,2,1,0,0,42,0,0,0,0,1,0
43,2 Oct 2025,,2nszpqp0n3wtwzrhnptj04yz8,António Emanuel Carvalho Nobre,Maccabi Tel Aviv FC,GNK Dinamo Zagreb,J. Mišić,1,0,0,0,0,0,0,0,55,0,0,0,0,3,0
43,2 Oct 2025,,2nszpqp0n3wtwzrhnptj04yz8,António Emanuel Carvalho Nobre,Maccabi Tel Aviv FC,GNK Dinamo Zagreb,B. Goda,0,0,0,0,0,0,0,0,41,0,0,0,0,5,0
43,2 Oct 2025,,2nszpqp0n3wtwzrhnptj04yz8,António Emanuel Carvalho Nobre,Maccabi Tel Aviv FC,GNK Dinamo Zagreb,K. Théophile-Catherine,0,0,0,0,0,0,0,0,67,0,0,0,0,0,0
43,2 Oct 2025,,2nszpqp0n3wtwzrhnptj04yz8,António Emanuel Carvalho Nobre,Maccabi Tel Aviv FC,GNK Dinamo Zagreb,M. Valinčić,1,0,1,0,4,2,0,0,37,0,0,0,0,1,1
43,2 Oct 2025,,2nszpqp0n3wtwzrhnptj04yz8,António Emanuel Carvalho Nobre,Maccabi Tel Aviv FC,GNK Dinamo Zagreb,S. McKenna,0,0,0,0,1,1,0,0,100,0,0,0,0,0,0
43,2 Oct 2025,,2nszpqp0n3wtwzrhnptj04yz8,António Emanuel Carvalho Nobre,Maccabi Tel Aviv FC,GNK Dinamo Zagreb,A. Hoxha,0,0,0,1,1,0,0,0,14,0,0,1,0,0,0
43,2 Oct 2025,,2nszpqp0n3wtwzrhnptj04yz8,António Emanuel Carvalho Nobre,Maccabi Tel Aviv FC,GNK Dinamo Zagreb,D. Ljubičić,0,0,0,0,1,0,2,0,19,0,0,2,2,3,0
43,2 Oct 2025,,2nszpqp0n3wtwzrhnptj04yz8,António Emanuel Carvalho Nobre,Maccabi Tel Aviv FC,GNK Dinamo Zagreb,M. Bakrar,0,0,0,0,0,1,0,0,5,0,0,0,0,1,0
43,2 Oct 2025,,2nszpqp0n3wtwzrhnptj04yz8,António Emanuel Carvalho Nobre,Maccabi Tel Aviv FC,GNK Dinamo Zagreb,S. Kulenović,0,0,0,0,0,0,0,0,7,0,0,0,0,0,0
43,2 Oct 2025,,2nszpqp0n3wtwzrhnptj04yz8,António Emanuel Carvalho Nobre,Maccabi Tel Aviv FC,GNK Dinamo Zagreb,L. Stojković,0,0,0,0,0,0,0,0,2,0,0,0,0,0,0
43,2 Oct 2025,,2nszpqp0n3wtwzrhnptj04yz8,António Emanuel Carvalho Nobre,Maccabi Tel Aviv FC,GNK Dinamo Zagreb,G. Vidović,0,0,0,0,0,0,0,0,0,0,0,0,0,0,0
43,2 Oct 2025,,2nszpqp0n3wtwzrhnptj04yz8,António Emanuel Carvalho Nobre,Maccabi Tel Aviv FC,GNK Dinamo Zagreb,M. Soldo,0,0,0,0,0,0,0,0,0,0,0,0,0,0,0
44,2 Oct 2025,,2oa85nlyvufcnesr9pri4gk5w,Willy Delajod,Nottingham Forest FC,FC Midtjylland,N. Milenković,0,0,1,1,1,0,0,0,50,0,0,1,1,0,0
44,2 Oct 2025,,2oa85nlyvufcnesr9pri4gk5w,Willy Delajod,Nottingham Forest FC,FC Midtjylland,I. Sangaré,0,0,0,1,2,0,0,0,64,0,0,1,0,2,0
44,2 Oct 2025,,2oa85nlyvufcnesr9pri4gk5w,Willy Delajod,Nottingham Forest FC,FC Midtjylland,Morato,0,0,0,0,1,1,0,0,68,0,0,0,0,5,1
44,2 Oct 2025,,2oa85nlyvufcnesr9pri4gk5w,Willy Delajod,Nottingham Forest FC,FC Midtjylland,M. Sels,0,0,0,0,0,0,0,0,19,0,1,0,0,0,0
44,2 Oct 2025,,2oa85nlyvufcnesr9pri4gk5w,Willy Delajod,Nottingham Forest FC,FC Midtjylland,Igor Jesus,0,3,0,0,1,2,0,0,15,0,0,4,1,0,1
44,2 Oct 2025,,2oa85nlyvufcnesr9pri4gk5w,Willy Delajod,Nottingham Forest FC,FC Midtjylland,E. Anderson,0,0,0,10,4,8,0,1,63,0,0,3,1,1,0
44,2 Oct 2025,,2oa85nlyvufcnesr9pri4gk5w,Willy Delajod,Nottingham Forest FC,FC Midtjylland,Murillo,0,0,0,0,2,2,0,0,11,0,0,0,0,1,0
44,2 Oct 2025,,2oa85nlyvufcnesr9pri4gk5w,Willy Delajod,Nottingham Forest FC,FC Midtjylland,M. Gibbs-White,1,0,3,2,1,0,0,0,38,0,0,2,1,2,1
44,2 Oct 2025,,2oa85nlyvufcnesr9pri4gk5w,Willy Delajod,Nottingham Forest FC,FC Midtjylland,D. Ndoye,0,0,3,1,2,0,1,0,21,0,0,3,2,3,0
44,2 Oct 2025,,2oa85nlyvufcnesr9pri4gk5w,Willy Delajod,Nottingham Forest FC,FC Midtjylland,C. Hudson-Odoi,0,2,2,10,0,1,0,1,29,0,0,3,0,2,0
44,2 Oct 2025,,2oa85nlyvufcnesr9pri4gk5w,Willy Delajod,Nottingham Forest FC,FC Midtjylland,N. Williams,0,1,1,3,0,1,0,0,52,0,0,3,2,3,0
44,2 Oct 2025,,2oa85nlyvufcnesr9pri4gk5w,Willy Delajod,Nottingham Forest FC,FC Midtjylland,N. Savona,0,0,0,4,0,0,0,0,31,0,0,1,0,0,0
44,2 Oct 2025,,2oa85nlyvufcnesr9pri4gk5w,Willy Delajod,Nottingham Forest FC,FC Midtjylland,C. Wood,0,0,0,0,0,0,1,1,5,0,0,1,1,0,0
44,2 Oct 2025,,2oa85nlyvufcnesr9pri4gk5w,Willy Delajod,Nottingham Forest FC,FC Midtjylland,A. Şimşir,0,1,2,9,0,1,0,0,22,0,0,1,0,0,0
44,2 Oct 2025,,2oa85nlyvufcnesr9pri4gk5w,Willy Delajod,Nottingham Forest FC,FC Midtjylland,M. Erlić,0,0,0,0,1,0,0,0,31,0,0,1,1,1,0
44,2 Oct 2025,,2oa85nlyvufcnesr9pri4gk5w,Willy Delajod,Nottingham Forest FC,FC Midtjylland,P. Billing,0,0,0,0,2,2,0,0,23,0,0,1,0,4,0
44,2 Oct 2025,,2oa85nlyvufcnesr9pri4gk5w,Willy Delajod,Nottingham Forest FC,FC Midtjylland,E. Ólafsson,0,0,0,0,0,0,0,0,35,0,7,0,0,0,0
44,2 Oct 2025,,2oa85nlyvufcnesr9pri4gk5w,Willy Delajod,Nottingham Forest FC,FC Midtjylland,Cho Gue-Sung,0,0,0,0,2,2,0,0,4,0,0,0,0,0,0
44,2 Oct 2025,,2oa85nlyvufcnesr9pri4gk5w,Willy Delajod,Nottingham Forest FC,FC Midtjylland,M. Bech,1,0,1,0,1,0,1,0,29,0,0,2,2,1,0
44,2 Oct 2025,,2oa85nlyvufcnesr9pri4gk5w,Willy Delajod,Nottingham Forest FC,FC Midtjylland,D. Castillo,0,0,0,0,2,2,0,0,21,0,0,0,0,2,0
44,2 Oct 2025,,2oa85nlyvufcnesr9pri4gk5w,Willy Delajod,Nottingham Forest FC,FC Midtjylland,V. Bak Jensen,0,0,2,1,0,1,0,0,18,0,0,0,0,2,0
44,2 Oct 2025,,2oa85nlyvufcnesr9pri4gk5w,Willy Delajod,Nottingham Forest FC,FC Midtjylland,O. Diao,0,0,0,1,1,0,1,0,35,0,0,2,1,2,1
44,2 Oct 2025,,2oa85nlyvufcnesr9pri4gk5w,Willy Delajod,Nottingham Forest FC,FC Midtjylland,K. Mbabu,0,0,3,5,1,0,0,0,11,0,0,0,0,0,1
44,2 Oct 2025,,2oa85nlyvufcnesr9pri4gk5w,Willy Delajod,Nottingham Forest FC,FC Midtjylland,Júnior Brumado,0,0,0,0,4,4,0,1,15,0,0,0,0,3,0
44,2 Oct 2025,,2oa85nlyvufcnesr9pri4gk5w,Willy Delajod,Nottingham Forest FC,FC Midtjylland,D. Osorio,1,0,0,0,1,1,0,0,10,0,0,0,0,0,0
44,2 Oct 2025,,2oa85nlyvufcnesr9pri4gk5w,Willy Delajod,Nottingham Forest FC,FC Midtjylland,V. Byskov,0,0,0,3,0,0,1,0,8,0,0,1,1,0,0
44,2 Oct 2025,,2oa85nlyvufcnesr9pri4gk5w,Willy Delajod,Nottingham Forest FC,FC Midtjylland,P. Bravo,0,0,0,0,0,0,0,0,13,0,0,0,0,0,0
44,2 Oct 2025,,2oa85nlyvufcnesr9pri4gk5w,Willy Delajod,Nottingham Forest FC,FC Midtjylland,Lee Han-Beom,0,0,0,0,0,0,0,0,11,0,0,0,0,1,0
44,2 Oct 2025,,2oa85nlyvufcnesr9pri4gk5w,Willy Delajod,Nottingham Forest FC,FC Midtjylland,Franculino Djú,0,0,0,0,0,0,0,1,1,0,0,0,0,0,0
45,2 Oct 2025,,2onfx9zb3g5phzwiku8ztv28k,Andris Treimanis,Olympique Lyonnais,FC Salzburg,M. Satriano,0,1,0,0,1,0,1,0,24,0,0,5,1,0,0
45,2 Oct 2025,,2onfx9zb3g5phzwiku8ztv28k,Andris Treimanis,Olympique Lyonnais,FC Salzburg,T. Tessmann,0,0,0,0,0,1,0,0,53,0,0,1,1,0,0
45,2 Oct 2025,,2onfx9zb3g5phzwiku8ztv28k,Andris Treimanis,Olympique Lyonnais,FC Salzburg,R. Kluivert,0,0,0,1,1,1,1,0,94,0,0,1,1,2,1
45,2 Oct 2025,,2onfx9zb3g5phzwiku8ztv28k,Andris Treimanis,Olympique Lyonnais,FC Salzburg,Clinton Mata,0,0,0,0,0,0,0,0,119,0,0,0,0,0,0
45,2 Oct 2025,,2onfx9zb3g5phzwiku8ztv28k,Andris Treimanis,Olympique Lyonnais,FC Salzburg,M. Niakhaté,0,0,0,0,0,1,0,0,123,0,0,0,0,2,0
45,2 Oct 2025,,2onfx9zb3g5phzwiku8ztv28k,Andris Treimanis,Olympique Lyonnais,FC Salzburg,C. Tolisso,0,0,1,2,1,4,0,0,65,0,0,2,1,1,0
45,2 Oct 2025,,2onfx9zb3g5phzwiku8ztv28k,Andris Treimanis,Olympique Lyonnais,FC Salzburg,M. de Carvalho,0,1,0,0,3,0,0,0,68,0,0,1,0,3,0
45,2 Oct 2025,,2onfx9zb3g5phzwiku8ztv28k,Andris Treimanis,Olympique Lyonnais,FC Salzburg,N. Tagliafico,0,0,0,1,0,2,0,0,50,0,0,1,0,3,0
45,2 Oct 2025,,2onfx9zb3g5phzwiku8ztv28k,Andris Treimanis,Olympique Lyonnais,FC Salzburg,P. Šulc,0,0,1,1,1,1,0,0,35,0,0,2,2,2,0
45,2 Oct 2025,,2onfx9zb3g5phzwiku8ztv28k,Andris Treimanis,Olympique Lyonnais,FC Salzburg,A. Karabec,2,0,0,7,1,1,0,0,37,0,0,0,0,0,0
45,2 Oct 2025,,2onfx9zb3g5phzwiku8ztv28k,Andris Treimanis,Olympique Lyonnais,FC Salzburg,D. Greif,0,0,0,0,0,0,0,0,22,0,5,0,0,0,0
45,2 Oct 2025,,2onfx9zb3g5phzwiku8ztv28k,Andris Treimanis,Olympique Lyonnais,FC Salzburg,T. Morton,0,1,0,1,0,1,0,0,29,0,0,1,0,0,0
45,2 Oct 2025,,2onfx9zb3g5phzwiku8ztv28k,Andris Treimanis,Olympique Lyonnais,FC Salzburg,A. Maitland-Niles,0,0,0,1,1,0,0,0,19,0,0,0,0,1,0
45,2 Oct 2025,,2onfx9zb3g5phzwiku8ztv28k,Andris Treimanis,Olympique Lyonnais,FC Salzburg,M. Fofana,0,0,0,2,0,0,0,0,10,0,0,0,0,2,0
45,2 Oct 2025,,2onfx9zb3g5phzwiku8ztv28k,Andris Treimanis,Olympique Lyonnais,FC Salzburg,E. Molébé,0,0,0,0,1,1,0,0,2,0,0,1,0,0,0
45,2 Oct 2025,,2onfx9zb3g5phzwiku8ztv28k,Andris Treimanis,Olympique Lyonnais,FC Salzburg,K. Merah,0,0,0,0,0,0,0,0,11,0,0,0,0,0,0
45,2 Oct 2025,,2onfx9zb3g5phzwiku8ztv28k,Andris Treimanis,Olympique Lyonnais,FC Salzburg,J. Gadou,0,0,0,0,3,0,0,0,50,0,0,0,0,2,0
45,2 Oct 2025,,2onfx9zb3g5phzwiku8ztv28k,Andris Treimanis,Olympique Lyonnais,FC Salzburg,S. Diabaté,0,0,0,1,1,2,0,0,42,0,0,0,0,2,0
45,2 Oct 2025,,2onfx9zb3g5phzwiku8ztv28k,Andris Treimanis,Olympique Lyonnais,FC Salzburg,S. Lainer,0,0,1,2,1,1,0,0,44,0,0,0,0,2,0
45,2 Oct 2025,,2onfx9zb3g5phzwiku8ztv28k,Andris Treimanis,Olympique Lyonnais,FC Salzburg,J. Rasmussen,0,0,0,1,0,0,0,0,58,0,0,0,0,2,0
45,2 Oct 2025,,2onfx9zb3g5phzwiku8ztv28k,Andris Treimanis,Olympique Lyonnais,FC Salzburg,A. Terzić,0,0,0,0,0,0,0,1,41,0,0,1,1,2,0
45,2 Oct 2025,,2onfx9zb3g5phzwiku8ztv28k,Andris Treimanis,Olympique Lyonnais,FC Salzburg,Y. Vertessen,0,0,0,0,2,0,0,0,5,0,0,0,0,1,0
45,2 Oct 2025,,2onfx9zb3g5phzwiku8ztv28k,Andris Treimanis,Olympique Lyonnais,FC Salzburg,M. Yeo,0,0,0,1,2,0,0,0,18,0,0,0,0,1,0
45,2 Oct 2025,,2onfx9zb3g5phzwiku8ztv28k,Andris Treimanis,Olympique Lyonnais,FC Salzburg,M. Diambou,0,1,0,0,1,1,0,0,25,0,0,1,0,2,1
45,2 Oct 2025,,2onfx9zb3g5phzwiku8ztv28k,Andris Treimanis,Olympique Lyonnais,FC Salzburg,M. Kjærgaard,0,1,0,1,2,2,0,0,26,0,0,2,1,1,0
45,2 Oct 2025,,2onfx9zb3g5phzwiku8ztv28k,Andris Treimanis,Olympique Lyonnais,FC Salzburg,A. Schlager,0,0,0,0,0,0,0,0,34,0,3,0,0,0,0
45,2 Oct 2025,,2onfx9zb3g5phzwiku8ztv28k,Andris Treimanis,Olympique Lyonnais,FC Salzburg,P. Ratkov,0,1,0,0,1,0,0,0,16,0,0,2,0,0,0
45,2 Oct 2025,,2onfx9zb3g5phzwiku8ztv28k,Andris Treimanis,Olympique Lyonnais,FC Salzburg,E. Baidoo,0,1,0,0,0,1,0,0,9,0,0,3,1,2,0
45,2 Oct 2025,,2onfx9zb3g5phzwiku8ztv28k,Andris Treimanis,Olympique Lyonnais,FC Salzburg,S. Kitano,0,0,0,2,1,1,0,0,11,0,0,0,0,2,0
45,2 Oct 2025,,2onfx9zb3g5phzwiku8ztv28k,Andris Treimanis,Olympique Lyonnais,FC Salzburg,K. Alajbegović,0,0,0,1,0,2,0,0,13,0,0,2,2,0,0
45,2 Oct 2025,,2onfx9zb3g5phzwiku8ztv28k,Andris Treimanis,Olympique Lyonnais,FC Salzburg,K. Onisiwo,0,0,0,0,0,0,0,1,9,0,0,0,0,0,0
45,2 Oct 2025,,2onfx9zb3g5phzwiku8ztv28k,Andris Treimanis,Olympique Lyonnais,FC Salzburg,F. Krätzig,0,0,0,1,0,0,0,0,6,0,0,0,0,1,0
46,2 Oct 2025,,2p12ccayurhclg9i6vuk51o9g,Igor Pajač,Real Club Celta de Vigo,PAOK Thessaloniki FC,Borja Iglesias,0,0,0,0,2,0,1,1,12,0,0,1,1,0,0
46,2 Oct 2025,,2p12ccayurhclg9i6vuk51o9g,Igor Pajač,Real Club Celta de Vigo,PAOK Thessaloniki FC,Damián Rodríguez,0,0,0,0,0,1,0,0,86,0,0,0,0,1,0
46,2 Oct 2025,,2p12ccayurhclg9i6vuk51o9g,Igor Pajač,Real Club Celta de Vigo,PAOK Thessaloniki FC,Manu Fernández,0,0,0,0,0,1,0,0,81,0,0,0,0,2,0
46,2 Oct 2025,,2p12ccayurhclg9i6vuk51o9g,Igor Pajač,Real Club Celta de Vigo,PAOK Thessaloniki FC,Marcos Alonso,0,1,1,1,1,1,0,1,99,0,0,2,1,2,0
46,2 Oct 2025,,2p12ccayurhclg9i6vuk51o9g,Igor Pajač,Real Club Celta de Vigo,PAOK Thessaloniki FC,Óscar Mingueza,1,0,0,4,1,1,0,0,64,0,0,0,0,1,1
46,2 Oct 2025,,2p12ccayurhclg9i6vuk51o9g,Igor Pajač,Real Club Celta de Vigo,PAOK Thessaloniki FC,C. Starfelt,0,0,0,0,0,2,0,0,87,0,0,0,0,1,0
46,2 Oct 2025,,2p12ccayurhclg9i6vuk51o9g,Igor Pajač,Real Club Celta de Vigo,PAOK Thessaloniki FC,I. Moriba,0,0,0,0,2,2,0,0,56,0,0,2,0,6,1
46,2 Oct 2025,,2p12ccayurhclg9i6vuk51o9g,Igor Pajač,Real Club Celta de Vigo,PAOK Thessaloniki FC,Iago Aspas,0,0,0,6,0,1,1,0,48,0,0,1,1,1,0
46,2 Oct 2025,,2p12ccayurhclg9i6vuk51o9g,Igor Pajač,Real Club Celta de Vigo,PAOK Thessaloniki FC,Javi Rueda,1,0,3,4,1,1,0,0,46,0,0,2,2,3,0
46,2 Oct 2025,,2p12ccayurhclg9i6vuk51o9g,Igor Pajač,Real Club Celta de Vigo,PAOK Thessaloniki FC,I. Radu,0,0,0,0,0,0,0,0,25,0,1,0,0,0,0
46,2 Oct 2025,,2p12ccayurhclg9i6vuk51o9g,Igor Pajač,Real Club Celta de Vigo,PAOK Thessaloniki FC,W. Swedberg,0,0,1,1,1,1,1,0,19,0,0,3,3,2,1
46,2 Oct 2025,,2p12ccayurhclg9i6vuk51o9g,Igor Pajač,Real Club Celta de Vigo,PAOK Thessaloniki FC,Carlos Domínguez,0,0,0,0,0,0,0,0,18,0,0,1,0,0,0
46,2 Oct 2025,,2p12ccayurhclg9i6vuk51o9g,Igor Pajač,Real Club Celta de Vigo,PAOK Thessaloniki FC,Ferran Jutglà,0,0,0,0,0,0,0,0,8,0,0,1,1,1,0
46,2 Oct 2025,,2p12ccayurhclg9i6vuk51o9g,Igor Pajač,Real Club Celta de Vigo,PAOK Thessaloniki FC,Bryan Zaragoza,0,1,0,0,0,1,0,0,4,0,0,2,0,0,0
46,2 Oct 2025,,2p12ccayurhclg9i6vuk51o9g,Igor Pajač,Real Club Celta de Vigo,PAOK Thessaloniki FC,Pablo Durán,0,0,0,0,0,0,0,0,4,0,0,0,0,0,0
46,2 Oct 2025,,2p12ccayurhclg9i6vuk51o9g,Igor Pajač,Real Club Celta de Vigo,PAOK Thessaloniki FC,Javi Rodríguez,0,0,0,0,1,1,0,0,4,0,0,0,0,0,0
46,2 Oct 2025,,2p12ccayurhclg9i6vuk51o9g,Igor Pajač,Real Club Celta de Vigo,PAOK Thessaloniki FC,G. Michailidis,0,0,0,0,0,1,0,0,59,0,0,0,0,1,0
46,2 Oct 2025,,2p12ccayurhclg9i6vuk51o9g,Igor Pajač,Real Club Celta de Vigo,PAOK Thessaloniki FC,J. Pavlenka,0,0,0,0,0,0,0,0,35,0,6,0,0,0,0
46,2 Oct 2025,,2p12ccayurhclg9i6vuk51o9g,Igor Pajač,Real Club Celta de Vigo,PAOK Thessaloniki FC,K. Despodov,0,1,0,3,2,0,0,0,14,0,0,1,0,0,0
46,2 Oct 2025,,2p12ccayurhclg9i6vuk51o9g,Igor Pajač,Real Club Celta de Vigo,PAOK Thessaloniki FC,M. Camara,0,0,0,0,1,0,0,0,17,0,0,0,0,0,0
46,2 Oct 2025,,2p12ccayurhclg9i6vuk51o9g,Igor Pajač,Real Club Celta de Vigo,PAOK Thessaloniki FC,A. Baba,0,0,0,0,2,2,0,0,34,0,0,0,0,0,0
46,2 Oct 2025,,2p12ccayurhclg9i6vuk51o9g,Igor Pajač,Real Club Celta de Vigo,PAOK Thessaloniki FC,Joan Sastre,0,0,1,3,0,1,0,0,39,0,0,0,0,1,0
46,2 Oct 2025,,2p12ccayurhclg9i6vuk51o9g,Igor Pajač,Real Club Celta de Vigo,PAOK Thessaloniki FC,A. Vogliacco,0,0,0,0,0,1,0,0,20,0,0,0,0,0,0
46,2 Oct 2025,,2p12ccayurhclg9i6vuk51o9g,Igor Pajač,Real Club Celta de Vigo,PAOK Thessaloniki FC,G. Konstantelias,0,0,0,1,2,2,0,1,22,0,0,2,1,1,0
46,2 Oct 2025,,2p12ccayurhclg9i6vuk51o9g,Igor Pajač,Real Club Celta de Vigo,PAOK Thessaloniki FC,A. Bianco,0,0,0,0,0,1,0,0,18,0,0,0,0,2,0
46,2 Oct 2025,,2p12ccayurhclg9i6vuk51o9g,Igor Pajač,Real Club Celta de Vigo,PAOK Thessaloniki FC,M. Ozdoev,0,0,0,0,1,0,0,0,35,0,0,0,0,0,1
46,2 Oct 2025,,2p12ccayurhclg9i6vuk51o9g,Igor Pajač,Real Club Celta de Vigo,PAOK Thessaloniki FC,G. Giakoumakis,0,0,0,0,2,0,1,0,10,0,0,1,1,0,1
46,2 Oct 2025,,2p12ccayurhclg9i6vuk51o9g,Igor Pajač,Real Club Celta de Vigo,PAOK Thessaloniki FC,F. Chalov,0,0,0,0,1,0,0,0,9,0,0,1,0,0,0
46,2 Oct 2025,,2p12ccayurhclg9i6vuk51o9g,Igor Pajač,Real Club Celta de Vigo,PAOK Thessaloniki FC,S. Meïté,0,0,0,0,1,0,0,0,18,0,0,0,0,1,0
46,2 Oct 2025,,2p12ccayurhclg9i6vuk51o9g,Igor Pajač,Real Club Celta de Vigo,PAOK Thessaloniki FC,Taison,0,0,0,0,1,1,0,0,20,0,0,0,0,0,0
46,2 Oct 2025,,2p12ccayurhclg9i6vuk51o9g,Igor Pajač,Real Club Celta de Vigo,PAOK Thessaloniki FC,A. Živković,0,0,0,1,0,0,0,0,13,0,0,0,0,0,0
46,2 Oct 2025,,2p12ccayurhclg9i6vuk51o9g,Igor Pajač,Real Club Celta de Vigo,PAOK Thessaloniki FC,T. Kędziora,0,0,0,0,0,0,0,0,18,0,0,0,0,0,0
47,2 Oct 2025,,2peo4dosdu28mfrc3esze8ufo,Halil Umut Meler,SK Sturm Graz,Rangers FC,D. Lavalée,0,0,0,0,1,1,0,0,35,0,0,0,0,0,0
47,2 Oct 2025,,2peo4dosdu28mfrc3esze8ufo,Halil Umut Meler,SK Sturm Graz,Rangers FC,T. Oermann,0,1,0,2,2,0,0,0,26,0,0,1,0,2,1
47,2 Oct 2025,,2peo4dosdu28mfrc3esze8ufo,Halil Umut Meler,SK Sturm Graz,Rangers FC,T. Horvat,1,4,1,4,3,0,1,0,29,0,0,8,4,4,0
47,2 Oct 2025,,2peo4dosdu28mfrc3esze8ufo,Halil Umut Meler,SK Sturm Graz,Rangers FC,J. Gorenc Stankovič,0,0,0,0,3,1,0,0,21,0,0,0,0,3,0
47,2 Oct 2025,,2peo4dosdu28mfrc3esze8ufo,Halil Umut Meler,SK Sturm Graz,Rangers FC,T. Chukwuani,0,0,0,2,1,4,0,1,36,0,0,0,0,2,0
47,2 Oct 2025,,2peo4dosdu28mfrc3esze8ufo,Halil Umut Meler,SK Sturm Graz,Rangers FC,E. Karić,0,0,0,4,1,0,0,0,27,0,0,0,0,2,1
47,2 Oct 2025,,2peo4dosdu28mfrc3esze8ufo,Halil Umut Meler,SK Sturm Graz,Rangers FC,B. Beganović,0,0,0,0,3,0,0,0,15,0,0,2,1,0,0
47,2 Oct 2025,,2peo4dosdu28mfrc3esze8ufo,Halil Umut Meler,SK Sturm Graz,Rangers FC,O. Christensen,0,0,0,0,0,1,0,0,23,0,10,0,0,0,0
47,2 Oct 2025,,2peo4dosdu28mfrc3esze8ufo,Halil Umut Meler,SK Sturm Graz,Rangers FC,M. Malone,1,1,2,0,2,0,0,0,17,0,0,1,0,0,0
47,2 Oct 2025,,2peo4dosdu28mfrc3esze8ufo,Halil Umut Meler,SK Sturm Graz,Rangers FC,E. Aiwu,0,0,0,0,1,4,0,0,24,0,0,0,0,1,0
47,2 Oct 2025,,2peo4dosdu28mfrc3esze8ufo,Halil Umut Meler,SK Sturm Graz,Rangers FC,O. Kiteishvili,0,1,0,0,0,2,1,0,41,0,0,3,2,0,0
47,2 Oct 2025,,2peo4dosdu28mfrc3esze8ufo,Halil Umut Meler,SK Sturm Graz,Rangers FC,J. Hödl,0,0,0,0,1,0,0,0,8,0,0,0,0,1,0
47,2 Oct 2025,,2peo4dosdu28mfrc3esze8ufo,Halil Umut Meler,SK Sturm Graz,Rangers FC,J. Mitchell,0,0,0,0,2,0,0,0,3,0,0,0,0,2,0
47,2 Oct 2025,,2peo4dosdu28mfrc3esze8ufo,Halil Umut Meler,SK Sturm Graz,Rangers FC,L. Grgić,0,0,0,0,0,0,0,0,1,0,0,1,1,0,0
47,2 Oct 2025,,2peo4dosdu28mfrc3esze8ufo,Halil Umut Meler,SK Sturm Graz,Rangers FC,S. Jatta,0,0,0,0,0,0,0,0,3,0,0,0,0,0,0
47,2 Oct 2025,,2peo4dosdu28mfrc3esze8ufo,Halil Umut Meler,SK Sturm Graz,Rangers FC,N. Geyrhofer,0,0,0,0,0,0,0,0,1,0,0,0,0,0,0
47,2 Oct 2025,,2peo4dosdu28mfrc3esze8ufo,Halil Umut Meler,SK Sturm Graz,Rangers FC,N. Raskin,1,0,1,2,3,0,0,0,45,0,0,3,0,2,0
47,2 Oct 2025,,2peo4dosdu28mfrc3esze8ufo,Halil Umut Meler,SK Sturm Graz,Rangers FC,J. Butland,0,0,0,0,0,1,0,0,18,0,7,0,0,0,0
47,2 Oct 2025,,2peo4dosdu28mfrc3esze8ufo,Halil Umut Meler,SK Sturm Graz,Rangers FC,C. Barron,0,0,0,0,2,3,0,0,32,0,0,0,0,1,0
47,2 Oct 2025,,2peo4dosdu28mfrc3esze8ufo,Halil Umut Meler,SK Sturm Graz,Rangers FC,Youssef Chermiti,0,0,0,0,5,2,0,0,14,0,0,4,3,0,0
47,2 Oct 2025,,2peo4dosdu28mfrc3esze8ufo,Halil Umut Meler,SK Sturm Graz,Rangers FC,D. Gassama,0,0,2,4,0,4,1,0,22,0,0,2,1,0,0
47,2 Oct 2025,,2peo4dosdu28mfrc3esze8ufo,Halil Umut Meler,SK Sturm Graz,Rangers FC,T. Aasgaard,0,0,0,1,2,3,0,0,27,0,0,0,0,0,0
47,2 Oct 2025,,2peo4dosdu28mfrc3esze8ufo,Halil Umut Meler,SK Sturm Graz,Rangers FC,J. Tavernier,0,0,1,16,0,1,0,0,70,0,0,0,0,0,0
47,2 Oct 2025,,2peo4dosdu28mfrc3esze8ufo,Halil Umut Meler,SK Sturm Graz,Rangers FC,J. Souttar,0,1,2,0,0,1,0,0,70,0,0,3,2,2,1
47,2 Oct 2025,,2peo4dosdu28mfrc3esze8ufo,Halil Umut Meler,SK Sturm Graz,Rangers FC,O. Antman,0,0,0,0,1,0,0,0,19,0,0,0,0,1,0
47,2 Oct 2025,,2peo4dosdu28mfrc3esze8ufo,Halil Umut Meler,SK Sturm Graz,Rangers FC,D. Cornelius,0,0,1,2,0,1,0,0,35,0,0,3,3,2,1
47,2 Oct 2025,,2peo4dosdu28mfrc3esze8ufo,Halil Umut Meler,SK Sturm Graz,Rangers FC,J. Meghoma,0,0,0,1,0,0,0,0,26,0,0,0,0,0,0
47,2 Oct 2025,,2peo4dosdu28mfrc3esze8ufo,Halil Umut Meler,SK Sturm Graz,Rangers FC,B. Miovski,0,0,0,0,0,0,0,0,6,0,0,0,0,1,0
47,2 Oct 2025,,2peo4dosdu28mfrc3esze8ufo,Halil Umut Meler,SK Sturm Graz,Rangers FC,M. Aarons,0,0,0,0,0,0,0,0,29,0,0,0,0,0,0
47,2 Oct 2025,,2peo4dosdu28mfrc3esze8ufo,Halil Umut Meler,SK Sturm Graz,Rangers FC,J. Rothwell,0,0,0,0,0,0,0,0,14,0,0,0,0,1,0
47,2 Oct 2025,,2peo4dosdu28mfrc3esze8ufo,Halil Umut Meler,SK Sturm Graz,Rangers FC,M. Moore,0,0,0,0,0,2,0,0,8,0,0,0,0,1,0
47,2 Oct 2025,,2peo4dosdu28mfrc3esze8ufo,Halil Umut Meler,SK Sturm Graz,Rangers FC,Danilo,0,0,0,0,0,0,0,0,2,0,0,1,1,0,0
48,23 Oct 2025,,2psekrm6aowcnoh1x8vrpaz9w,Goga Kikacheishvili,FC Salzburg,Ferencvárosi TC,S. Lainer,0,1,0,3,1,1,0,0,77,0,0,1,0,0,0
48,23 Oct 2025,,2psekrm6aowcnoh1x8vrpaz9w,Goga Kikacheishvili,FC Salzburg,Ferencvárosi TC,M. Yeo,1,1,2,1,0,1,0,0,29,0,0,1,0,3,0
48,23 Oct 2025,,2psekrm6aowcnoh1x8vrpaz9w,Goga Kikacheishvili,FC Salzburg,Ferencvárosi TC,S. Diabaté,0,1,0,0,1,4,0,0,65,0,0,2,1,1,0
48,23 Oct 2025,,2psekrm6aowcnoh1x8vrpaz9w,Goga Kikacheishvili,FC Salzburg,Ferencvárosi TC,J. Gadou,0,0,0,0,0,0,0,0,53,0,0,1,0,1,0
48,23 Oct 2025,,2psekrm6aowcnoh1x8vrpaz9w,Goga Kikacheishvili,FC Salzburg,Ferencvárosi TC,J. Rasmussen,0,0,0,0,1,1,0,0,65,0,0,0,0,0,0
48,23 Oct 2025,,2psekrm6aowcnoh1x8vrpaz9w,Goga Kikacheishvili,FC Salzburg,Ferencvárosi TC,K. Alajbegović,0,2,0,7,2,4,0,0,39,0,0,5,1,0,0
48,23 Oct 2025,,2psekrm6aowcnoh1x8vrpaz9w,Goga Kikacheishvili,FC Salzburg,Ferencvárosi TC,F. Krätzig,0,0,0,1,1,0,0,0,46,0,0,0,0,0,0
48,23 Oct 2025,,2psekrm6aowcnoh1x8vrpaz9w,Goga Kikacheishvili,FC Salzburg,Ferencvárosi TC,E. Baidoo,0,0,1,2,3,0,1,3,28,0,0,2,1,1,0
48,23 Oct 2025,,2psekrm6aowcnoh1x8vrpaz9w,Goga Kikacheishvili,FC Salzburg,Ferencvárosi TC,A. Schlager,0,0,0,0,0,1,0,0,35,0,4,0,0,0,0
48,23 Oct 2025,,2psekrm6aowcnoh1x8vrpaz9w,Goga Kikacheishvili,FC Salzburg,Ferencvárosi TC,P. Ratkov,0,0,0,0,2,0,0,0,20,0,0,0,0,2,0
48,23 Oct 2025,,2psekrm6aowcnoh1x8vrpaz9w,Goga Kikacheishvili,FC Salzburg,Ferencvárosi TC,M. Kjærgaard,0,0,0,2,0,0,0,0,15,0,0,0,0,0,0
48,23 Oct 2025,,2psekrm6aowcnoh1x8vrpaz9w,Goga Kikacheishvili,FC Salzburg,Ferencvárosi TC,Y. Vertessen,0,1,1,1,1,0,1,0,7,0,0,4,1,0,0
48,23 Oct 2025,,2psekrm6aowcnoh1x8vrpaz9w,Goga Kikacheishvili,FC Salzburg,Ferencvárosi TC,S. Kitano,1,0,1,2,0,0,0,0,16,0,0,0,0,1,0
48,23 Oct 2025,,2psekrm6aowcnoh1x8vrpaz9w,Goga Kikacheishvili,FC Salzburg,Ferencvárosi TC,C. Bischoff,0,0,0,3,0,0,0,0,7,0,0,0,0,0,0
48,23 Oct 2025,,2psekrm6aowcnoh1x8vrpaz9w,Goga Kikacheishvili,FC Salzburg,Ferencvárosi TC,K. Onisiwo,0,0,0,0,0,1,0,0,1,0,0,0,0,0,0
48,23 Oct 2025,,2psekrm6aowcnoh1x8vrpaz9w,Goga Kikacheishvili,FC Salzburg,Ferencvárosi TC,T. Trummer,0,0,0,0,0,0,0,0,8,0,0,0,0,0,0
48,23 Oct 2025,,2psekrm6aowcnoh1x8vrpaz9w,Goga Kikacheishvili,FC Salzburg,Ferencvárosi TC,K. Zachariassen,1,1,0,1,1,3,1,0,33,0,0,2,1,2,1
48,23 Oct 2025,,2psekrm6aowcnoh1x8vrpaz9w,Goga Kikacheishvili,FC Salzburg,Ferencvárosi TC,T. Raemaekers,0,0,0,0,1,0,0,0,60,0,0,1,0,1,1
48,23 Oct 2025,,2psekrm6aowcnoh1x8vrpaz9w,Goga Kikacheishvili,FC Salzburg,Ferencvárosi TC,I. Cissé,0,0,0,1,0,0,0,0,45,0,0,0,0,2,0
48,23 Oct 2025,,2psekrm6aowcnoh1x8vrpaz9w,Goga Kikacheishvili,FC Salzburg,Ferencvárosi TC,Cadu,1,0,0,4,1,1,0,0,46,0,0,0,0,4,0
48,23 Oct 2025,,2psekrm6aowcnoh1x8vrpaz9w,Goga Kikacheishvili,FC Salzburg,Ferencvárosi TC,B. Ötvös,1,0,0,1,2,2,0,0,56,0,0,1,1,2,0
48,23 Oct 2025,,2psekrm6aowcnoh1x8vrpaz9w,Goga Kikacheishvili,FC Salzburg,Ferencvárosi TC,B. Yusuf,0,1,1,1,1,0,1,1,19,0,0,2,1,0,0
48,23 Oct 2025,,2psekrm6aowcnoh1x8vrpaz9w,Goga Kikacheishvili,FC Salzburg,Ferencvárosi TC,G. Kanichowsky,0,0,1,4,1,2,0,0,31,0,0,0,0,3,0
48,23 Oct 2025,,2psekrm6aowcnoh1x8vrpaz9w,Goga Kikacheishvili,FC Salzburg,Ferencvárosi TC,D. Dibusz,0,0,0,0,0,0,0,0,32,0,2,0,0,0,0
48,23 Oct 2025,,2psekrm6aowcnoh1x8vrpaz9w,Goga Kikacheishvili,FC Salzburg,Ferencvárosi TC,Č. Makreckis,0,0,0,1,0,2,0,0,42,0,0,0,0,0,0
48,23 Oct 2025,,2psekrm6aowcnoh1x8vrpaz9w,Goga Kikacheishvili,FC Salzburg,Ferencvárosi TC,B. Varga,0,0,0,0,3,0,1,0,21,0,0,3,3,2,0
48,23 Oct 2025,,2psekrm6aowcnoh1x8vrpaz9w,Goga Kikacheishvili,FC Salzburg,Ferencvárosi TC,S. Gartenmann,0,0,0,1,1,1,0,0,51,0,0,1,0,2,0
48,23 Oct 2025,,2psekrm6aowcnoh1x8vrpaz9w,Goga Kikacheishvili,FC Salzburg,Ferencvárosi TC,L. Joseph,0,0,0,0,1,0,0,0,5,0,0,2,1,1,0
48,23 Oct 2025,,2psekrm6aowcnoh1x8vrpaz9w,Goga Kikacheishvili,FC Salzburg,Ferencvárosi TC,C. O'Dowda,0,0,0,0,0,0,0,0,2,0,0,0,0,1,1
48,23 Oct 2025,,2psekrm6aowcnoh1x8vrpaz9w,Goga Kikacheishvili,FC Salzburg,Ferencvárosi TC,N. Keïta,0,0,0,0,1,0,0,0,4,0,0,1,0,0,0
48,23 Oct 2025,,2psekrm6aowcnoh1x8vrpaz9w,Goga Kikacheishvili,FC Salzburg,Ferencvárosi TC,J. Levi,0,0,0,0,0,0,0,0,3,0,0,0,0,0,0
49,23 Oct 2025,,2q5rrmst1zejfug0pjlhw6lg4,Jakob Kehlet,Fenerbahçe Spor Kulübü,VfB Stuttgart 1893,İ. Yüksek,0,0,1,0,2,2,0,0,26,0,0,2,1,3,1
49,23 Oct 2025,,2q5rrmst1zejfug0pjlhw6lg4,Jakob Kehlet,Fenerbahçe Spor Kulübü,VfB Stuttgart 1893,Nélson Semedo,0,1,0,1,1,1,0,0,30,0,0,2,1,0,1
49,23 Oct 2025,,2q5rrmst1zejfug0pjlhw6lg4,Jakob Kehlet,Fenerbahçe Spor Kulübü,VfB Stuttgart 1893,M. Škriniar,0,1,0,0,0,1,0,0,36,0,0,1,0,2,1
49,23 Oct 2025,,2q5rrmst1zejfug0pjlhw6lg4,Jakob Kehlet,Fenerbahçe Spor Kulübü,VfB Stuttgart 1893,J. Oosterwolde,0,0,0,0,3,1,0,0,22,0,0,0,0,3,1
49,23 Oct 2025,,2q5rrmst1zejfug0pjlhw6lg4,Jakob Kehlet,Fenerbahçe Spor Kulübü,VfB Stuttgart 1893,A. Brown,0,0,0,3,1,2,0,0,16,0,0,0,0,0,0
49,23 Oct 2025,,2q5rrmst1zejfug0pjlhw6lg4,Jakob Kehlet,Fenerbahçe Spor Kulübü,VfB Stuttgart 1893,K. Aktürkoğlu,0,1,1,3,0,0,1,0,20,0,0,4,2,1,0
49,23 Oct 2025,,2q5rrmst1zejfug0pjlhw6lg4,Jakob Kehlet,Fenerbahçe Spor Kulübü,VfB Stuttgart 1893,Ederson,0,0,0,0,0,0,0,0,39,0,2,0,0,0,0
49,23 Oct 2025,,2q5rrmst1zejfug0pjlhw6lg4,Jakob Kehlet,Fenerbahçe Spor Kulübü,VfB Stuttgart 1893,D. Nene,0,1,0,1,0,3,0,0,12,0,0,3,1,1,0
49,23 Oct 2025,,2q5rrmst1zejfug0pjlhw6lg4,Jakob Kehlet,Fenerbahçe Spor Kulübü,VfB Stuttgart 1893,E. Álvarez,0,0,0,0,0,2,0,0,23,0,0,0,0,0,1
49,23 Oct 2025,,2q5rrmst1zejfug0pjlhw6lg4,Jakob Kehlet,Fenerbahçe Spor Kulübü,VfB Stuttgart 1893,Y. En-Nesyri,0,0,1,0,1,1,0,1,10,0,0,4,1,0,0
49,23 Oct 2025,,2q5rrmst1zejfug0pjlhw6lg4,Jakob Kehlet,Fenerbahçe Spor Kulübü,VfB Stuttgart 1893,Marco Asensio,0,0,0,2,0,0,0,0,18,0,0,2,1,0,0
49,23 Oct 2025,,2q5rrmst1zejfug0pjlhw6lg4,Jakob Kehlet,Fenerbahçe Spor Kulübü,VfB Stuttgart 1893,O. Aydın,0,0,0,0,1,0,0,0,3,0,0,0,0,0,1
49,23 Oct 2025,,2q5rrmst1zejfug0pjlhw6lg4,Jakob Kehlet,Fenerbahçe Spor Kulübü,VfB Stuttgart 1893,S. Szymański,0,0,0,0,0,1,0,0,0,0,0,0,0,0,0
49,23 Oct 2025,,2q5rrmst1zejfug0pjlhw6lg4,Jakob Kehlet,Fenerbahçe Spor Kulübü,VfB Stuttgart 1893,Talisca,0,0,0,0,0,0,0,0,3,0,0,0,0,2,0
49,23 Oct 2025,,2q5rrmst1zejfug0pjlhw6lg4,Jakob Kehlet,Fenerbahçe Spor Kulübü,VfB Stuttgart 1893,J. Durán,0,1,1,0,2,1,0,1,3,0,0,1,0,0,1
49,23 Oct 2025,,2q5rrmst1zejfug0pjlhw6lg4,Jakob Kehlet,Fenerbahçe Spor Kulübü,VfB Stuttgart 1893,L. Assignon,0,0,1,2,1,0,0,0,31,0,0,1,0,2,0
49,23 Oct 2025,,2q5rrmst1zejfug0pjlhw6lg4,Jakob Kehlet,Fenerbahçe Spor Kulübü,VfB Stuttgart 1893,A. Stiller,0,1,1,4,2,2,0,0,78,0,0,2,0,2,1
49,23 Oct 2025,,2q5rrmst1zejfug0pjlhw6lg4,Jakob Kehlet,Fenerbahçe Spor Kulübü,VfB Stuttgart 1893,Tiago Tomás,0,0,1,1,0,3,0,0,17,0,0,1,0,0,0
49,23 Oct 2025,,2q5rrmst1zejfug0pjlhw6lg4,Jakob Kehlet,Fenerbahçe Spor Kulübü,VfB Stuttgart 1893,M. Mittelstädt,0,0,2,8,2,1,0,0,42,0,0,1,1,1,0
49,23 Oct 2025,,2q5rrmst1zejfug0pjlhw6lg4,Jakob Kehlet,Fenerbahçe Spor Kulübü,VfB Stuttgart 1893,B. El Khannouss,0,0,0,5,1,0,0,0,44,0,0,1,1,0,1
49,23 Oct 2025,,2q5rrmst1zejfug0pjlhw6lg4,Jakob Kehlet,Fenerbahçe Spor Kulübü,VfB Stuttgart 1893,B. Bouanani,0,2,1,0,0,2,0,0,15,0,0,2,0,0,0
49,23 Oct 2025,,2q5rrmst1zejfug0pjlhw6lg4,Jakob Kehlet,Fenerbahçe Spor Kulübü,VfB Stuttgart 1893,J. Chabot,0,0,0,0,3,1,0,0,79,0,0,0,0,0,1
49,23 Oct 2025,,2q5rrmst1zejfug0pjlhw6lg4,Jakob Kehlet,Fenerbahçe Spor Kulübü,VfB Stuttgart 1893,A. Nübel,0,0,0,0,0,0,0,0,36,0,6,0,0,0,0
49,23 Oct 2025,,2q5rrmst1zejfug0pjlhw6lg4,Jakob Kehlet,Fenerbahçe Spor Kulübü,VfB Stuttgart 1893,R. Hendriks,0,0,0,3,2,0,0,0,40,0,0,0,0,1,0
49,23 Oct 2025,,2q5rrmst1zejfug0pjlhw6lg4,Jakob Kehlet,Fenerbahçe Spor Kulübü,VfB Stuttgart 1893,A. Karazor,0,0,0,0,1,0,0,0,29,0,0,1,0,3,0
49,23 Oct 2025,,2q5rrmst1zejfug0pjlhw6lg4,Jakob Kehlet,Fenerbahçe Spor Kulübü,VfB Stuttgart 1893,L. Jaquez,0,0,0,0,1,0,0,0,43,0,0,2,0,0,0
49,23 Oct 2025,,2q5rrmst1zejfug0pjlhw6lg4,Jakob Kehlet,Fenerbahçe Spor Kulübü,VfB Stuttgart 1893,D. Undav,0,0,0,0,1,0,0,0,9,0,0,1,0,0,1
49,23 Oct 2025,,2q5rrmst1zejfug0pjlhw6lg4,Jakob Kehlet,Fenerbahçe Spor Kulübü,VfB Stuttgart 1893,N. Nartey,0,0,0,0,1,0,0,0,6,0,0,0,0,1,0
49,23 Oct 2025,,2q5rrmst1zejfug0pjlhw6lg4,Jakob Kehlet,Fenerbahçe Spor Kulübü,VfB Stuttgart 1893,J. Leweling,0,0,1,2,0,0,0,0,8,0,0,0,0,0,0
49,23 Oct 2025,,2q5rrmst1zejfug0pjlhw6lg4,Jakob Kehlet,Fenerbahçe Spor Kulübü,VfB Stuttgart 1893,F. Jeltsch,0,0,0,0,0,2,0,0,7,0,0,0,0,0,0
49,23 Oct 2025,,2q5rrmst1zejfug0pjlhw6lg4,Jakob Kehlet,Fenerbahçe Spor Kulübü,VfB Stuttgart 1893,C. Führich,0,0,0,0,0,0,0,0,2,0,0,0,0,1,0
50,23 Oct 2025,,2qjpx0yzc7pltyr60azvjfuac,Harm Osmers,Feyenoord Rotterdam,Panathinaikos FC,Hwang In-Beom,0,1,0,0,2,1,0,0,33,0,0,1,0,2,0
50,23 Oct 2025,,2qjpx0yzc7pltyr60azvjfuac,Harm Osmers,Feyenoord Rotterdam,Panathinaikos FC,G. Smal,1,1,0,0,1,2,0,0,80,0,0,2,1,0,0
50,23 Oct 2025,,2qjpx0yzc7pltyr60azvjfuac,Harm Osmers,Feyenoord Rotterdam,Panathinaikos FC,S. Steijn,0,0,0,3,4,3,0,3,27,0,0,3,2,5,1
50,23 Oct 2025,,2qjpx0yzc7pltyr60azvjfuac,Harm Osmers,Feyenoord Rotterdam,Panathinaikos FC,J. Bos,0,1,0,2,3,1,0,0,50,0,0,1,0,3,0
50,23 Oct 2025,,2qjpx0yzc7pltyr60azvjfuac,Harm Osmers,Feyenoord Rotterdam,Panathinaikos FC,A. Hadj Moussa,0,2,0,1,1,1,1,0,29,0,0,3,1,2,0
50,23 Oct 2025,,2qjpx0yzc7pltyr60azvjfuac,Harm Osmers,Feyenoord Rotterdam,Panathinaikos FC,G. Read,0,0,1,0,0,0,1,0,28,0,0,1,1,2,0
50,23 Oct 2025,,2qjpx0yzc7pltyr60azvjfuac,Harm Osmers,Feyenoord Rotterdam,Panathinaikos FC,A. Ahmedhodžić,0,0,0,0,1,0,0,0,62,0,0,1,1,2,0
50,23 Oct 2025,,2qjpx0yzc7pltyr60azvjfuac,Harm Osmers,Feyenoord Rotterdam,Panathinaikos FC,L. Valente,0,1,0,2,0,0,0,0,52,0,0,1,0,3,0
50,23 Oct 2025,,2qjpx0yzc7pltyr60azvjfuac,Harm Osmers,Feyenoord Rotterdam,Panathinaikos FC,A. Sliti,2,0,1,9,3,0,0,0,31,0,0,0,0,0,0
50,23 Oct 2025,,2qjpx0yzc7pltyr60azvjfuac,Harm Osmers,Feyenoord Rotterdam,Panathinaikos FC,T. Wellenreuther,0,0,0,0,0,0,0,0,28,0,4,0,0,0,0
50,23 Oct 2025,,2qjpx0yzc7pltyr60azvjfuac,Harm Osmers,Feyenoord Rotterdam,Panathinaikos FC,A. Ueda,0,1,1,0,0,1,0,0,10,0,0,2,1,0,0
50,23 Oct 2025,,2qjpx0yzc7pltyr60azvjfuac,Harm Osmers,Feyenoord Rotterdam,Panathinaikos FC,O. Targhalline,0,0,0,0,2,0,0,0,22,0,0,1,0,1,0
50,23 Oct 2025,,2qjpx0yzc7pltyr60azvjfuac,Harm Osmers,Feyenoord Rotterdam,Panathinaikos FC,L. Sauer,0,0,0,2,0,0,0,0,4,0,0,1,0,1,0
50,23 Oct 2025,,2qjpx0yzc7pltyr60azvjfuac,Harm Osmers,Feyenoord Rotterdam,Panathinaikos FC,T. Watanabe,0,0,0,0,0,0,0,0,11,0,0,0,0,1,0
50,23 Oct 2025,,2qjpx0yzc7pltyr60azvjfuac,Harm Osmers,Feyenoord Rotterdam,Panathinaikos FC,B. Nieuwkoop,0,0,0,0,1,0,0,0,5,0,0,0,0,0,0
50,23 Oct 2025,,2qjpx0yzc7pltyr60azvjfuac,Harm Osmers,Feyenoord Rotterdam,Panathinaikos FC,C. Larin,0,0,0,0,0,0,1,0,3,0,0,1,1,0,0
50,23 Oct 2025,,2qjpx0yzc7pltyr60azvjfuac,Harm Osmers,Feyenoord Rotterdam,Panathinaikos FC,K. Świderski,0,0,0,0,3,2,1,2,21,0,0,2,2,0,1
50,23 Oct 2025,,2qjpx0yzc7pltyr60azvjfuac,Harm Osmers,Feyenoord Rotterdam,Panathinaikos FC,Tetê,0,1,0,1,0,2,0,1,23,0,0,3,1,0,0
50,23 Oct 2025,,2qjpx0yzc7pltyr60azvjfuac,Harm Osmers,Feyenoord Rotterdam,Panathinaikos FC,G. Kotsiras,0,0,0,0,0,0,0,0,39,0,0,0,0,3,0
50,23 Oct 2025,,2qjpx0yzc7pltyr60azvjfuac,Harm Osmers,Feyenoord Rotterdam,Panathinaikos FC,M. Siopis,0,0,0,0,2,6,0,0,36,0,0,0,0,1,1
50,23 Oct 2025,,2qjpx0yzc7pltyr60azvjfuac,Harm Osmers,Feyenoord Rotterdam,Panathinaikos FC,D. Calabria,0,0,0,0,1,1,0,1,45,0,0,0,0,2,1
50,23 Oct 2025,,2qjpx0yzc7pltyr60azvjfuac,Harm Osmers,Feyenoord Rotterdam,Panathinaikos FC,A. Gnezda Čerin,0,0,0,1,1,0,0,0,53,0,0,1,1,2,0
50,23 Oct 2025,,2qjpx0yzc7pltyr60azvjfuac,Harm Osmers,Feyenoord Rotterdam,Panathinaikos FC,G. Kyriakopoulos,0,1,1,3,0,0,0,0,47,0,0,3,1,1,1
50,23 Oct 2025,,2qjpx0yzc7pltyr60azvjfuac,Harm Osmers,Feyenoord Rotterdam,Panathinaikos FC,A. Touba,0,1,0,0,2,1,0,1,75,0,0,1,0,3,1
50,23 Oct 2025,,2qjpx0yzc7pltyr60azvjfuac,Harm Osmers,Feyenoord Rotterdam,Panathinaikos FC,S. Ingason,0,0,0,0,0,1,0,0,68,0,0,0,0,2,0
50,23 Oct 2025,,2qjpx0yzc7pltyr60azvjfuac,Harm Osmers,Feyenoord Rotterdam,Panathinaikos FC,B. Drągowski,0,0,0,0,0,0,0,0,36,0,5,0,0,0,0
50,23 Oct 2025,,2qjpx0yzc7pltyr60azvjfuac,Harm Osmers,Feyenoord Rotterdam,Panathinaikos FC,F. Đuričić,0,1,0,0,0,3,0,1,25,0,0,1,0,0,0
50,23 Oct 2025,,2qjpx0yzc7pltyr60azvjfuac,Harm Osmers,Feyenoord Rotterdam,Panathinaikos FC,M. Pantović,0,0,0,1,0,0,0,0,8,0,0,0,0,0,0
50,23 Oct 2025,,2qjpx0yzc7pltyr60azvjfuac,Harm Osmers,Feyenoord Rotterdam,Panathinaikos FC,A. Zaroury,0,0,1,2,0,1,0,0,16,0,0,0,0,0,0
50,23 Oct 2025,,2qjpx0yzc7pltyr60azvjfuac,Harm Osmers,Feyenoord Rotterdam,Panathinaikos FC,V. Taborda,0,0,0,0,0,1,0,0,3,0,0,1,0,0,0
51,23 Oct 2025,,2qx7frk1rz3yiepzixxyvbhuc,Andris Treimanis,SC Fotbal Club FCSB SA,Bologna FC 1909,M. Lixandru,0,0,0,0,0,2,0,0,36,0,0,0,0,1,0
51,23 Oct 2025,,2qx7frk1rz3yiepzixxyvbhuc,Andris Treimanis,SC Fotbal Club FCSB SA,Bologna FC 1909,R. Radunović,0,0,0,4,1,0,0,0,33,0,0,0,0,5,1
51,23 Oct 2025,,2qx7frk1rz3yiepzixxyvbhuc,Andris Treimanis,SC Fotbal Club FCSB SA,Bologna FC 1909,M. Thiam,0,0,2,1,0,0,0,0,10,0,0,2,1,2,0
51,23 Oct 2025,,2qx7frk1rz3yiepzixxyvbhuc,Andris Treimanis,SC Fotbal Club FCSB SA,Bologna FC 1909,D. Olaru,0,0,0,2,4,8,0,0,37,0,0,1,1,0,0
51,23 Oct 2025,,2qx7frk1rz3yiepzixxyvbhuc,Andris Treimanis,SC Fotbal Club FCSB SA,Bologna FC 1909,A. Șut,0,0,0,0,0,0,0,0,27,0,0,2,1,0,0
51,23 Oct 2025,,2qx7frk1rz3yiepzixxyvbhuc,Andris Treimanis,SC Fotbal Club FCSB SA,Bologna FC 1909,S. Ngezana,0,0,0,0,2,3,0,0,42,0,0,1,1,1,0
51,23 Oct 2025,,2qx7frk1rz3yiepzixxyvbhuc,Andris Treimanis,SC Fotbal Club FCSB SA,Bologna FC 1909,Ș. Târnovanu,0,0,0,0,0,1,0,0,28,0,6,0,0,0,0
51,23 Oct 2025,,2qx7frk1rz3yiepzixxyvbhuc,Andris Treimanis,SC Fotbal Club FCSB SA,Bologna FC 1909,J. Cisotti,0,0,2,0,0,1,0,0,18,0,0,1,1,1,0
51,23 Oct 2025,,2qx7frk1rz3yiepzixxyvbhuc,Andris Treimanis,SC Fotbal Club FCSB SA,Bologna FC 1909,A. Pantea,0,0,0,1,1,1,0,0,30,0,0,0,0,0,0
51,23 Oct 2025,,2qx7frk1rz3yiepzixxyvbhuc,Andris Treimanis,SC Fotbal Club FCSB SA,Bologna FC 1909,D. Miculescu,0,0,0,1,2,0,0,0,15,0,0,0,0,1,1
51,23 Oct 2025,,2qx7frk1rz3yiepzixxyvbhuc,Andris Treimanis,SC Fotbal Club FCSB SA,Bologna FC 1909,B. Alhassan,0,0,0,0,1,1,0,0,32,0,0,0,0,0,0
51,23 Oct 2025,,2qx7frk1rz3yiepzixxyvbhuc,Andris Treimanis,SC Fotbal Club FCSB SA,Bologna FC 1909,D. Bîrligea,0,0,0,0,3,0,1,1,8,0,0,2,1,0,1
51,23 Oct 2025,,2qx7frk1rz3yiepzixxyvbhuc,Andris Treimanis,SC Fotbal Club FCSB SA,Bologna FC 1909,F. Tănase,0,0,0,1,3,0,0,0,24,0,0,0,0,0,0
51,23 Oct 2025,,2qx7frk1rz3yiepzixxyvbhuc,Andris Treimanis,SC Fotbal Club FCSB SA,Bologna FC 1909,O. Popescu,0,0,0,0,1,1,0,0,10,0,0,0,0,0,1
51,23 Oct 2025,,2qx7frk1rz3yiepzixxyvbhuc,Andris Treimanis,SC Fotbal Club FCSB SA,Bologna FC 1909,D. Politic,0,0,0,0,0,0,0,0,3,0,0,0,0,0,0
51,23 Oct 2025,,2qx7frk1rz3yiepzixxyvbhuc,Andris Treimanis,SC Fotbal Club FCSB SA,Bologna FC 1909,N. Moro,0,0,0,7,3,0,0,0,45,0,0,1,0,2,0
51,23 Oct 2025,,2qx7frk1rz3yiepzixxyvbhuc,Andris Treimanis,SC Fotbal Club FCSB SA,Bologna FC 1909,Ł. Skorupski,0,0,0,0,0,0,0,0,31,0,5,0,0,0,0
51,23 Oct 2025,,2qx7frk1rz3yiepzixxyvbhuc,Andris Treimanis,SC Fotbal Club FCSB SA,Bologna FC 1909,T. Dallinga,1,1,1,1,3,0,1,0,30,0,0,3,2,1,0
51,23 Oct 2025,,2qx7frk1rz3yiepzixxyvbhuc,Andris Treimanis,SC Fotbal Club FCSB SA,Bologna FC 1909,N. Zortea,0,0,1,3,0,0,0,0,27,0,0,0,0,0,0
51,23 Oct 2025,,2qx7frk1rz3yiepzixxyvbhuc,Andris Treimanis,SC Fotbal Club FCSB SA,Bologna FC 1909,J. Odgaard,0,2,2,0,1,1,1,0,24,0,0,6,3,1,1
51,23 Oct 2025,,2qx7frk1rz3yiepzixxyvbhuc,Andris Treimanis,SC Fotbal Club FCSB SA,Bologna FC 1909,J. Lucumí,0,0,0,0,0,1,0,0,51,0,0,1,1,0,0
51,23 Oct 2025,,2qx7frk1rz3yiepzixxyvbhuc,Andris Treimanis,SC Fotbal Club FCSB SA,Bologna FC 1909,T. Heggem,0,0,0,0,1,0,0,0,29,0,0,1,0,1,1
51,23 Oct 2025,,2qx7frk1rz3yiepzixxyvbhuc,Andris Treimanis,SC Fotbal Club FCSB SA,Bologna FC 1909,R. Orsolini,0,2,4,2,1,0,0,1,19,0,0,5,1,0,0
51,23 Oct 2025,,2qx7frk1rz3yiepzixxyvbhuc,Andris Treimanis,SC Fotbal Club FCSB SA,Bologna FC 1909,R. Freuler,0,0,0,0,2,0,0,0,61,0,0,0,0,2,0
51,23 Oct 2025,,2qx7frk1rz3yiepzixxyvbhuc,Andris Treimanis,SC Fotbal Club FCSB SA,Bologna FC 1909,C. Lykogiannis,0,0,1,9,0,2,0,0,32,0,0,2,0,2,0
51,23 Oct 2025,,2qx7frk1rz3yiepzixxyvbhuc,Andris Treimanis,SC Fotbal Club FCSB SA,Bologna FC 1909,J. Rowe,0,0,0,2,2,3,0,0,14,0,0,1,0,1,1
51,23 Oct 2025,,2qx7frk1rz3yiepzixxyvbhuc,Andris Treimanis,SC Fotbal Club FCSB SA,Bologna FC 1909,M. Vitík,0,0,0,0,2,1,0,0,16,0,0,0,0,3,0
51,23 Oct 2025,,2qx7frk1rz3yiepzixxyvbhuc,Andris Treimanis,SC Fotbal Club FCSB SA,Bologna FC 1909,N. Cambiaghi,0,0,1,1,3,4,0,0,16,0,0,1,0,2,1
51,23 Oct 2025,,2qx7frk1rz3yiepzixxyvbhuc,Andris Treimanis,SC Fotbal Club FCSB SA,Bologna FC 1909,E. Holm,0,0,0,1,0,1,0,0,4,0,0,0,0,0,0
51,23 Oct 2025,,2qx7frk1rz3yiepzixxyvbhuc,Andris Treimanis,SC Fotbal Club FCSB SA,Bologna FC 1909,L. Ferguson,0,0,0,1,2,2,0,0,8,0,0,0,0,2,0
51,23 Oct 2025,,2qx7frk1rz3yiepzixxyvbhuc,Andris Treimanis,SC Fotbal Club FCSB SA,Bologna FC 1909,F. Bernardeschi,0,0,0,0,0,0,0,0,0,0,0,0,0,0,0
52,23 Oct 2025,,2ramt4e3mdg0497ctzurqssno,Filip Glova,Go Ahead Eagles,Aston Villa FC,M. Deijl,0,0,0,0,1,2,1,2,12,0,0,1,1,1,0
52,23 Oct 2025,,2ramt4e3mdg0497ctzurqssno,Filip Glova,Go Ahead Eagles,Aston Villa FC,R. Margaret,0,0,0,0,1,0,0,2,8,0,0,0,0,1,0
52,23 Oct 2025,,2ramt4e3mdg0497ctzurqssno,Filip Glova,Go Ahead Eagles,Aston Villa FC,J. Breum,0,0,0,0,0,0,0,0,4,0,0,2,1,1,0
52,23 Oct 2025,,2ramt4e3mdg0497ctzurqssno,Filip Glova,Go Ahead Eagles,Aston Villa FC,M. Meulensteen,0,0,0,0,0,1,0,0,27,0,0,0,0,3,0
52,23 Oct 2025,,2ramt4e3mdg0497ctzurqssno,Filip Glova,Go Ahead Eagles,Aston Villa FC,D. James,0,0,0,3,2,0,0,0,16,0,0,0,0,1,0
52,23 Oct 2025,,2ramt4e3mdg0497ctzurqssno,Filip Glova,Go Ahead Eagles,Aston Villa FC,G. Nauber,0,0,0,0,1,0,0,0,5,0,0,1,0,0,1
52,23 Oct 2025,,2ramt4e3mdg0497ctzurqssno,Filip Glova,Go Ahead Eagles,Aston Villa FC,J. Kramer,1,0,0,1,0,0,0,0,37,0,0,0,0,1,0
52,23 Oct 2025,,2ramt4e3mdg0497ctzurqssno,Filip Glova,Go Ahead Eagles,Aston Villa FC,M. Suray,0,0,0,0,3,1,1,1,18,0,0,1,1,4,0
52,23 Oct 2025,,2ramt4e3mdg0497ctzurqssno,Filip Glova,Go Ahead Eagles,Aston Villa FC,M. Smit,0,0,1,1,0,1,0,0,9,0,0,0,0,0,0
52,23 Oct 2025,,2ramt4e3mdg0497ctzurqssno,Filip Glova,Go Ahead Eagles,Aston Villa FC,Jari De Busser,0,0,0,0,0,1,0,0,38,0,6,0,0,0,0
52,23 Oct 2025,,2ramt4e3mdg0497ctzurqssno,Filip Glova,Go Ahead Eagles,Aston Villa FC,Y. Salah Rahmouni,0,0,0,0,1,1,0,0,20,0,0,0,0,2,0
52,23 Oct 2025,,2ramt4e3mdg0497ctzurqssno,Filip Glova,Go Ahead Eagles,Aston Villa FC,C. Twigt,1,0,0,0,0,0,0,0,24,0,0,0,0,0,0
52,23 Oct 2025,,2ramt4e3mdg0497ctzurqssno,Filip Glova,Go Ahead Eagles,Aston Villa FC,K. Goudmijn,0,0,0,2,2,1,0,0,10,0,0,0,0,2,0
52,23 Oct 2025,,2ramt4e3mdg0497ctzurqssno,Filip Glova,Go Ahead Eagles,Aston Villa FC,A. Adelgaard,0,0,0,0,1,0,0,0,3,0,0,0,0,1,0
52,23 Oct 2025,,2ramt4e3mdg0497ctzurqssno,Filip Glova,Go Ahead Eagles,Aston Villa FC,R. Weijenberg,0,0,0,0,1,0,0,0,2,0,0,0,0,2,1
52,23 Oct 2025,,2ramt4e3mdg0497ctzurqssno,Filip Glova,Go Ahead Eagles,Aston Villa FC,E. Linthorst,0,0,0,0,0,0,0,0,1,0,0,0,0,0,0
52,23 Oct 2025,,2ramt4e3mdg0497ctzurqssno,Filip Glova,Go Ahead Eagles,Aston Villa FC,E. Buendía,0,0,1,10,1,1,0,0,38,0,0,2,1,2,0
52,23 Oct 2025,,2ramt4e3mdg0497ctzurqssno,Filip Glova,Go Ahead Eagles,Aston Villa FC,E. Martínez,0,0,0,0,0,0,0,0,29,0,1,0,0,0,0
52,23 Oct 2025,,2ramt4e3mdg0497ctzurqssno,Filip Glova,Go Ahead Eagles,Aston Villa FC,L. Bogarde,0,1,1,0,2,3,0,0,51,0,0,1,0,1,0
52,23 Oct 2025,,2ramt4e3mdg0497ctzurqssno,Filip Glova,Go Ahead Eagles,Aston Villa FC,V. Lindelöf,0,0,0,0,0,0,0,0,37,0,0,0,0,0,0
52,23 Oct 2025,,2ramt4e3mdg0497ctzurqssno,Filip Glova,Go Ahead Eagles,Aston Villa FC,T. Mings,0,0,0,0,1,0,0,0,59,0,0,2,0,0,0
52,23 Oct 2025,,2ramt4e3mdg0497ctzurqssno,Filip Glova,Go Ahead Eagles,Aston Villa FC,J. Sancho,0,1,0,6,1,2,0,0,35,0,0,2,1,0,0
52,23 Oct 2025,,2ramt4e3mdg0497ctzurqssno,Filip Glova,Go Ahead Eagles,Aston Villa FC,I. Maatsen,0,0,0,4,0,2,0,0,37,0,0,1,0,5,0
52,23 Oct 2025,,2ramt4e3mdg0497ctzurqssno,Filip Glova,Go Ahead Eagles,Aston Villa FC,A. Onana,0,0,0,0,1,0,0,0,46,0,0,2,1,4,0
52,23 Oct 2025,,2ramt4e3mdg0497ctzurqssno,Filip Glova,Go Ahead Eagles,Aston Villa FC,E. Guessand,0,0,1,1,1,1,1,0,26,0,0,3,3,0,0
52,23 Oct 2025,,2ramt4e3mdg0497ctzurqssno,Filip Glova,Go Ahead Eagles,Aston Villa FC,O. Watkins,0,1,3,1,0,0,0,1,10,0,0,3,1,0,0
52,23 Oct 2025,,2ramt4e3mdg0497ctzurqssno,Filip Glova,Go Ahead Eagles,Aston Villa FC,Pau Torres,0,0,0,0,1,0,0,0,66,0,0,0,0,0,0
52,23 Oct 2025,,2ramt4e3mdg0497ctzurqssno,Filip Glova,Go Ahead Eagles,Aston Villa FC,B. Kamara,0,0,0,0,0,2,0,0,32,0,0,0,0,0,0
52,23 Oct 2025,,2ramt4e3mdg0497ctzurqssno,Filip Glova,Go Ahead Eagles,Aston Villa FC,M. Cash,0,0,1,5,0,0,0,0,25,0,0,0,0,0,0
52,23 Oct 2025,,2ramt4e3mdg0497ctzurqssno,Filip Glova,Go Ahead Eagles,Aston Villa FC,M. Rogers,0,0,3,5,0,1,0,0,16,0,0,1,0,0,0
52,23 Oct 2025,,2ramt4e3mdg0497ctzurqssno,Filip Glova,Go Ahead Eagles,Aston Villa FC,D. Malen,0,0,0,0,1,0,0,0,3,0,0,1,0,0,0
52,23 Oct 2025,,2ramt4e3mdg0497ctzurqssno,Filip Glova,Go Ahead Eagles,Aston Villa FC,J. McGinn,0,0,0,2,0,0,0,0,14,0,0,0,0,1,0
53,23 Oct 2025,,2rojxj4zaqw1zed2phgqlklck,Elçin Məsiyev,KRC Genk,Real Betis Balompié,M. Smets,0,0,0,0,1,1,0,0,52,0,0,0,0,3,0
53,23 Oct 2025,,2rojxj4zaqw1zed2phgqlklck,Elçin Məsiyev,KRC Genk,Real Betis Balompié,J. Kayembe,0,0,0,1,2,2,0,0,43,0,0,1,0,4,0
53,23 Oct 2025,,2rojxj4zaqw1zed2phgqlklck,Elçin Məsiyev,KRC Genk,Real Betis Balompié,Oh Hyeon-Gyu,0,0,0,0,0,1,0,1,10,0,0,1,0,0,0
53,23 Oct 2025,,2rojxj4zaqw1zed2phgqlklck,Elçin Məsiyev,KRC Genk,Real Betis Balompié,Y. Medina,0,0,0,3,0,1,0,0,25,0,0,0,0,0,0
53,23 Oct 2025,,2rojxj4zaqw1zed2phgqlklck,Elçin Məsiyev,KRC Genk,Real Betis Balompié,N. Sattlberger,0,0,0,0,0,1,0,0,41,0,0,0,0,3,0
53,23 Oct 2025,,2rojxj4zaqw1zed2phgqlklck,Elçin Məsiyev,KRC Genk,Real Betis Balompié,P. Hrošovský,0,0,0,3,1,1,0,1,26,0,0,0,0,0,0
53,23 Oct 2025,,2rojxj4zaqw1zed2phgqlklck,Elçin Məsiyev,KRC Genk,Real Betis Balompié,B. Heynen,0,1,1,1,2,0,0,0,64,0,0,1,0,6,1
53,23 Oct 2025,,2rojxj4zaqw1zed2phgqlklck,Elçin Məsiyev,KRC Genk,Real Betis Balompié,Mujaid Sadick,0,0,0,0,0,0,0,0,46,0,0,0,0,2,0
53,23 Oct 2025,,2rojxj4zaqw1zed2phgqlklck,Elçin Məsiyev,KRC Genk,Real Betis Balompié,H. Van Crombrugge,0,0,0,0,0,0,0,0,32,0,3,0,0,0,0
53,23 Oct 2025,,2rojxj4zaqw1zed2phgqlklck,Elçin Məsiyev,KRC Genk,Real Betis Balompié,K. Karetsas,0,0,0,7,1,2,0,1,23,0,0,0,0,0,0
53,23 Oct 2025,,2rojxj4zaqw1zed2phgqlklck,Elçin Məsiyev,KRC Genk,Real Betis Balompié,K. Nkuba,0,0,1,2,2,1,0,0,34,0,0,2,1,3,0
53,23 Oct 2025,,2rojxj4zaqw1zed2phgqlklck,Elçin Məsiyev,KRC Genk,Real Betis Balompié,N. Adedeji-Sternberg,0,0,0,3,0,1,0,0,15,0,0,0,0,1,0
53,23 Oct 2025,,2rojxj4zaqw1zed2phgqlklck,Elçin Məsiyev,KRC Genk,Real Betis Balompié,D. Heymans,0,0,0,0,2,1,0,0,18,0,0,0,0,2,0
53,23 Oct 2025,,2rojxj4zaqw1zed2phgqlklck,Elçin Məsiyev,KRC Genk,Real Betis Balompié,J. Erabi,0,0,0,0,1,0,0,0,3,0,0,0,0,0,0
53,23 Oct 2025,,2rojxj4zaqw1zed2phgqlklck,Elçin Məsiyev,KRC Genk,Real Betis Balompié,Y. Sor,0,0,0,1,0,0,0,0,5,0,0,0,0,0,0
53,23 Oct 2025,,2rojxj4zaqw1zed2phgqlklck,Elçin Məsiyev,KRC Genk,Real Betis Balompié,I. Bangoura,0,0,0,0,0,0,0,0,5,0,0,0,0,0,0
53,23 Oct 2025,,2rojxj4zaqw1zed2phgqlklck,Elçin Məsiyev,KRC Genk,Real Betis Balompié,G. Lo Celso,0,0,0,2,0,1,0,0,37,0,0,0,0,0,0
53,23 Oct 2025,,2rojxj4zaqw1zed2phgqlklck,Elçin Məsiyev,KRC Genk,Real Betis Balompié,Sergi Altimira,0,0,0,0,0,0,0,0,87,0,0,0,0,3,0
53,23 Oct 2025,,2rojxj4zaqw1zed2phgqlklck,Elçin Məsiyev,KRC Genk,Real Betis Balompié,Aitor Ruibal,0,0,1,0,1,0,0,0,51,0,0,0,0,2,0
53,23 Oct 2025,,2rojxj4zaqw1zed2phgqlklck,Elçin Məsiyev,KRC Genk,Real Betis Balompié,Marc Bartra,0,0,0,1,2,1,0,0,100,0,0,0,0,5,0
53,23 Oct 2025,,2rojxj4zaqw1zed2phgqlklck,Elçin Məsiyev,KRC Genk,Real Betis Balompié,V. Gómez,0,0,0,0,2,1,0,0,97,0,0,0,0,3,0
53,23 Oct 2025,,2rojxj4zaqw1zed2phgqlklck,Elçin Məsiyev,KRC Genk,Real Betis Balompié,R. Rodríguez,0,0,0,1,2,0,0,0,42,0,0,0,0,2,0
53,23 Oct 2025,,2rojxj4zaqw1zed2phgqlklck,Elçin Məsiyev,KRC Genk,Real Betis Balompié,Rodrigo Riquelme,0,1,0,1,0,0,0,0,31,0,0,2,1,0,0
53,23 Oct 2025,,2rojxj4zaqw1zed2phgqlklck,Elçin Məsiyev,KRC Genk,Real Betis Balompié,N. Deossa,0,0,0,0,1,3,0,0,34,0,0,0,0,0,0
53,23 Oct 2025,,2rojxj4zaqw1zed2phgqlklck,Elçin Məsiyev,KRC Genk,Real Betis Balompié,Álvaro Valles,0,0,0,0,0,0,0,0,38,0,1,0,0,0,0
53,23 Oct 2025,,2rojxj4zaqw1zed2phgqlklck,Elçin Məsiyev,KRC Genk,Real Betis Balompié,C. Bakambu,0,0,0,1,2,1,0,0,9,0,0,2,1,1,1
53,23 Oct 2025,,2rojxj4zaqw1zed2phgqlklck,Elçin Məsiyev,KRC Genk,Real Betis Balompié,Antony,0,1,0,2,1,1,0,0,19,0,0,2,0,0,1
53,23 Oct 2025,,2rojxj4zaqw1zed2phgqlklck,Elçin Məsiyev,KRC Genk,Real Betis Balompié,Pablo García,0,1,0,1,1,1,0,2,14,0,0,2,1,0,1
53,23 Oct 2025,,2rojxj4zaqw1zed2phgqlklck,Elçin Məsiyev,KRC Genk,Real Betis Balompié,A. Ezzalzouli,0,0,0,1,0,2,0,0,8,0,0,0,0,1,0
53,23 Oct 2025,,2rojxj4zaqw1zed2phgqlklck,Elçin Məsiyev,KRC Genk,Real Betis Balompié,Pablo Fornals,0,0,0,0,0,0,0,0,13,0,0,0,0,0,0
53,23 Oct 2025,,2rojxj4zaqw1zed2phgqlklck,Elçin Məsiyev,KRC Genk,Real Betis Balompié,C. Hernández,0,0,0,0,0,0,0,0,2,0,0,1,0,1,0
53,23 Oct 2025,,2rojxj4zaqw1zed2phgqlklck,Elçin Məsiyev,KRC Genk,Real Betis Balompié,C. Ávila,0,0,0,0,0,0,0,0,2,0,0,1,0,0,0
54,23 Oct 2025,,2s1s58dog2mfin5trcdm10c2c,Manfredas Lukjančukas,Olympique Lyonnais,FC Basel 1893,M. Satriano,0,1,0,0,1,0,0,0,16,0,0,3,1,0,0
54,23 Oct 2025,,2s1s58dog2mfin5trcdm10c2c,Manfredas Lukjančukas,Olympique Lyonnais,FC Basel 1893,M. de Carvalho,1,0,0,0,3,1,0,0,58,0,0,1,0,2,0
54,23 Oct 2025,,2s1s58dog2mfin5trcdm10c2c,Manfredas Lukjančukas,Olympique Lyonnais,FC Basel 1893,A. Maitland-Niles,0,1,1,4,1,0,0,0,39,0,0,1,0,3,0
54,23 Oct 2025,,2s1s58dog2mfin5trcdm10c2c,Manfredas Lukjančukas,Olympique Lyonnais,FC Basel 1893,T. Tessmann,0,1,1,0,0,0,0,0,22,0,0,2,1,1,0
54,23 Oct 2025,,2s1s58dog2mfin5trcdm10c2c,Manfredas Lukjančukas,Olympique Lyonnais,FC Basel 1893,Abner,0,0,0,3,2,0,0,0,56,0,0,2,0,1,0
54,23 Oct 2025,,2s1s58dog2mfin5trcdm10c2c,Manfredas Lukjančukas,Olympique Lyonnais,FC Basel 1893,C. Tolisso,0,0,0,1,0,3,1,1,58,0,0,2,1,1,0
54,23 Oct 2025,,2s1s58dog2mfin5trcdm10c2c,Manfredas Lukjančukas,Olympique Lyonnais,FC Basel 1893,M. Fofana,0,0,1,3,1,2,0,1,27,0,0,4,2,3,0
54,23 Oct 2025,,2s1s58dog2mfin5trcdm10c2c,Manfredas Lukjančukas,Olympique Lyonnais,FC Basel 1893,M. Niakhaté,0,0,0,0,0,0,0,0,61,0,0,0,0,0,1
54,23 Oct 2025,,2s1s58dog2mfin5trcdm10c2c,Manfredas Lukjančukas,Olympique Lyonnais,FC Basel 1893,D. Greif,0,0,0,0,0,0,0,0,42,0,3,0,0,0,0
54,23 Oct 2025,,2s1s58dog2mfin5trcdm10c2c,Manfredas Lukjančukas,Olympique Lyonnais,FC Basel 1893,Clinton Mata,0,0,0,0,3,1,0,0,72,0,0,0,0,1,0
54,23 Oct 2025,,2s1s58dog2mfin5trcdm10c2c,Manfredas Lukjančukas,Olympique Lyonnais,FC Basel 1893,K. Merah,0,1,1,2,0,2,0,0,44,0,0,2,0,0,0
54,23 Oct 2025,,2s1s58dog2mfin5trcdm10c2c,Manfredas Lukjančukas,Olympique Lyonnais,FC Basel 1893,T. Morton,0,0,0,1,0,0,0,1,44,0,0,0,0,0,0
54,23 Oct 2025,,2s1s58dog2mfin5trcdm10c2c,Manfredas Lukjančukas,Olympique Lyonnais,FC Basel 1893,R. Kluivert,0,0,0,0,0,1,0,0,14,0,0,0,0,1,0
54,23 Oct 2025,,2s1s58dog2mfin5trcdm10c2c,Manfredas Lukjančukas,Olympique Lyonnais,FC Basel 1893,A. Karabec,0,0,0,0,1,0,0,0,13,0,0,0,0,0,0
54,23 Oct 2025,,2s1s58dog2mfin5trcdm10c2c,Manfredas Lukjančukas,Olympique Lyonnais,FC Basel 1893,P. Šulc,1,0,0,0,0,0,0,0,3,0,0,0,0,0,0
54,23 Oct 2025,,2s1s58dog2mfin5trcdm10c2c,Manfredas Lukjančukas,Olympique Lyonnais,FC Basel 1893,Afonso Moreira,0,0,0,0,0,0,1,0,5,0,0,1,1,0,0
54,23 Oct 2025,,2s1s58dog2mfin5trcdm10c2c,Manfredas Lukjančukas,Olympique Lyonnais,FC Basel 1893,A. Barišić,0,0,1,1,2,0,0,0,39,0,0,0,0,7,0
54,23 Oct 2025,,2s1s58dog2mfin5trcdm10c2c,Manfredas Lukjančukas,Olympique Lyonnais,FC Basel 1893,M. Hitz,0,0,0,0,0,0,0,0,34,0,4,0,0,0,0
54,23 Oct 2025,,2s1s58dog2mfin5trcdm10c2c,Manfredas Lukjančukas,Olympique Lyonnais,FC Basel 1893,D. Schmid,0,0,0,5,0,1,0,0,47,0,0,1,0,0,0
54,23 Oct 2025,,2s1s58dog2mfin5trcdm10c2c,Manfredas Lukjančukas,Olympique Lyonnais,FC Basel 1893,P. Otele,0,0,0,2,2,1,0,0,20,0,0,1,0,0,0
54,23 Oct 2025,,2s1s58dog2mfin5trcdm10c2c,Manfredas Lukjančukas,Olympique Lyonnais,FC Basel 1893,M. Šotiček,0,0,0,0,0,4,0,0,12,0,0,0,0,0,0
54,23 Oct 2025,,2s1s58dog2mfin5trcdm10c2c,Manfredas Lukjančukas,Olympique Lyonnais,FC Basel 1893,F. Daniliuc,0,0,0,0,0,0,0,0,62,0,0,0,0,0,0
54,23 Oct 2025,,2s1s58dog2mfin5trcdm10c2c,Manfredas Lukjančukas,Olympique Lyonnais,FC Basel 1893,X. Shaqiri,0,0,0,4,1,5,0,0,27,0,0,2,1,0,0
54,23 Oct 2025,,2s1s58dog2mfin5trcdm10c2c,Manfredas Lukjančukas,Olympique Lyonnais,FC Basel 1893,A. Ajeti,0,1,0,0,1,0,0,0,11,0,0,1,0,0,0
54,23 Oct 2025,,2s1s58dog2mfin5trcdm10c2c,Manfredas Lukjančukas,Olympique Lyonnais,FC Basel 1893,Metinho,0,0,0,0,0,0,0,0,22,0,0,0,0,1,0
54,23 Oct 2025,,2s1s58dog2mfin5trcdm10c2c,Manfredas Lukjančukas,Olympique Lyonnais,FC Basel 1893,N. Vouilloz,0,0,0,1,1,1,0,0,11,0,0,0,0,0,1
54,23 Oct 2025,,2s1s58dog2mfin5trcdm10c2c,Manfredas Lukjančukas,Olympique Lyonnais,FC Basel 1893,L. Leroy,0,1,1,0,3,0,0,0,35,0,0,3,1,3,0
54,23 Oct 2025,,2s1s58dog2mfin5trcdm10c2c,Manfredas Lukjančukas,Olympique Lyonnais,FC Basel 1893,K. Koindredi,0,0,0,2,0,0,0,0,10,0,0,0,0,0,0
54,23 Oct 2025,,2s1s58dog2mfin5trcdm10c2c,Manfredas Lukjančukas,Olympique Lyonnais,FC Basel 1893,K. Rüegg,0,0,0,1,1,0,0,0,7,0,0,0,0,3,0
54,23 Oct 2025,,2s1s58dog2mfin5trcdm10c2c,Manfredas Lukjančukas,Olympique Lyonnais,FC Basel 1893,I. Salah,0,0,0,3,0,0,0,0,8,0,0,2,1,0,0
54,23 Oct 2025,,2s1s58dog2mfin5trcdm10c2c,Manfredas Lukjančukas,Olympique Lyonnais,FC Basel 1893,B. Traoré,0,0,0,0,0,0,0,0,9,0,0,0,0,0,0
54,23 Oct 2025,,2s1s58dog2mfin5trcdm10c2c,Manfredas Lukjančukas,Olympique Lyonnais,FC Basel 1893,M. Broschinski,0,0,0,1,1,0,0,0,4,0,0,0,0,0,0
55,23 Oct 2025,,2sf15l9g6ryxn628i3pnu9mvo,Espen Eskås,Sporting Braga,FK Crvena zvezda Beograd,Víctor Gómez,0,0,0,1,1,1,0,0,55,0,0,0,0,0,0
55,23 Oct 2025,,2sf15l9g6ryxn628i3pnu9mvo,Espen Eskås,Sporting Braga,FK Crvena zvezda Beograd,Fran Navarro,0,0,1,1,0,0,1,2,17,0,0,2,1,0,0
55,23 Oct 2025,,2sf15l9g6ryxn628i3pnu9mvo,Espen Eskås,Sporting Braga,FK Crvena zvezda Beograd,R. Zalazar,0,2,0,6,2,0,0,0,48,0,0,3,0,0,0
55,23 Oct 2025,,2sf15l9g6ryxn628i3pnu9mvo,Espen Eskås,Sporting Braga,FK Crvena zvezda Beograd,L. Horníček,0,0,0,0,0,0,0,0,30,0,3,0,0,0,0
55,23 Oct 2025,,2sf15l9g6ryxn628i3pnu9mvo,Espen Eskås,Sporting Braga,FK Crvena zvezda Beograd,B. Arrey-Mbi,0,0,0,1,0,0,0,0,53,0,0,0,0,3,0
55,23 Oct 2025,,2sf15l9g6ryxn628i3pnu9mvo,Espen Eskås,Sporting Braga,FK Crvena zvezda Beograd,João Moutinho,0,0,0,0,3,0,0,0,65,0,0,0,0,1,0
55,23 Oct 2025,,2sf15l9g6ryxn628i3pnu9mvo,Espen Eskås,Sporting Braga,FK Crvena zvezda Beograd,Leonardo Lelo,0,0,0,5,1,1,0,0,40,0,0,1,0,2,0
55,23 Oct 2025,,2sf15l9g6ryxn628i3pnu9mvo,Espen Eskås,Sporting Braga,FK Crvena zvezda Beograd,J. Gorby,0,0,0,1,0,1,0,0,66,0,0,1,0,0,0
55,23 Oct 2025,,2sf15l9g6ryxn628i3pnu9mvo,Espen Eskås,Sporting Braga,FK Crvena zvezda Beograd,G. Lagerbielke,0,0,0,0,3,0,0,0,47,0,0,0,0,0,0
55,23 Oct 2025,,2sf15l9g6ryxn628i3pnu9mvo,Espen Eskås,Sporting Braga,FK Crvena zvezda Beograd,Gabri Martínez,0,0,0,6,0,2,0,0,43,0,0,0,0,4,0
55,23 Oct 2025,,2sf15l9g6ryxn628i3pnu9mvo,Espen Eskås,Sporting Braga,FK Crvena zvezda Beograd,Ricardo Horta,2,0,0,3,1,0,0,0,38,0,0,1,0,1,0
55,23 Oct 2025,,2sf15l9g6ryxn628i3pnu9mvo,Espen Eskås,Sporting Braga,FK Crvena zvezda Beograd,Pau Víctor,0,0,0,0,1,0,0,0,9,0,0,0,0,1,0
55,23 Oct 2025,,2sf15l9g6ryxn628i3pnu9mvo,Espen Eskås,Sporting Braga,FK Crvena zvezda Beograd,M. Dorgeles,0,0,0,0,0,0,1,0,9,0,0,3,3,0,0
55,23 Oct 2025,,2sf15l9g6ryxn628i3pnu9mvo,Espen Eskås,Sporting Braga,FK Crvena zvezda Beograd,Diego Rodrigues,0,0,0,0,1,0,0,0,2,0,0,0,0,0,0
55,23 Oct 2025,,2sf15l9g6ryxn628i3pnu9mvo,Espen Eskås,Sporting Braga,FK Crvena zvezda Beograd,Yanis da Rocha,0,0,1,1,0,0,0,0,1,0,0,0,0,1,0
55,23 Oct 2025,,2sf15l9g6ryxn628i3pnu9mvo,Espen Eskås,Sporting Braga,FK Crvena zvezda Beograd,João Soares Aragão,0,0,0,0,0,0,0,0,0,0,0,0,0,0,0
55,23 Oct 2025,,2sf15l9g6ryxn628i3pnu9mvo,Espen Eskås,Sporting Braga,FK Crvena zvezda Beograd,R. Krunić,0,1,0,0,0,1,0,0,51,0,0,1,0,3,0
55,23 Oct 2025,,2sf15l9g6ryxn628i3pnu9mvo,Espen Eskås,Sporting Braga,FK Crvena zvezda Beograd,Matheus,0,0,0,0,0,1,0,0,57,0,2,0,0,0,0
55,23 Oct 2025,,2sf15l9g6ryxn628i3pnu9mvo,Espen Eskås,Sporting Braga,FK Crvena zvezda Beograd,N. Tiknizyan,0,0,0,1,1,1,0,0,43,0,0,1,1,1,0
55,23 Oct 2025,,2sf15l9g6ryxn628i3pnu9mvo,Espen Eskås,Sporting Braga,FK Crvena zvezda Beograd,M. Arnautović,0,1,0,0,0,1,0,1,5,0,0,1,0,0,0
55,23 Oct 2025,,2sf15l9g6ryxn628i3pnu9mvo,Espen Eskås,Sporting Braga,FK Crvena zvezda Beograd,Rodrigão,0,0,0,0,0,0,0,0,79,0,0,0,0,1,0
55,23 Oct 2025,,2sf15l9g6ryxn628i3pnu9mvo,Espen Eskås,Sporting Braga,FK Crvena zvezda Beograd,F. Tebo Uchenna,0,0,0,0,0,1,0,0,64,0,0,1,0,1,0
55,23 Oct 2025,,2sf15l9g6ryxn628i3pnu9mvo,Espen Eskås,Sporting Braga,FK Crvena zvezda Beograd,Tomás Händel,0,0,0,2,0,2,0,0,38,0,0,1,0,1,0
55,23 Oct 2025,,2sf15l9g6ryxn628i3pnu9mvo,Espen Eskås,Sporting Braga,FK Crvena zvezda Beograd,Seol Young-Woo,0,0,0,2,0,1,0,0,65,0,0,0,0,0,0
55,23 Oct 2025,,2sf15l9g6ryxn628i3pnu9mvo,Espen Eskås,Sporting Braga,FK Crvena zvezda Beograd,N. Radonjić,0,1,1,0,0,0,0,1,21,0,0,2,1,0,0
55,23 Oct 2025,,2sf15l9g6ryxn628i3pnu9mvo,Espen Eskås,Sporting Braga,FK Crvena zvezda Beograd,M. Ivanić,0,0,0,3,1,0,0,0,16,0,0,1,1,2,1
55,23 Oct 2025,,2sf15l9g6ryxn628i3pnu9mvo,Espen Eskås,Sporting Braga,FK Crvena zvezda Beograd,V. Kostov,0,0,0,0,0,2,0,0,18,0,0,0,0,0,0
55,23 Oct 2025,,2sf15l9g6ryxn628i3pnu9mvo,Espen Eskås,Sporting Braga,FK Crvena zvezda Beograd,Bruno Duarte,0,0,1,1,1,0,0,1,17,0,0,0,0,0,0
55,23 Oct 2025,,2sf15l9g6ryxn628i3pnu9mvo,Espen Eskås,Sporting Braga,FK Crvena zvezda Beograd,T. Elšnik,0,0,0,1,0,0,0,0,32,0,0,0,0,0,0
55,23 Oct 2025,,2sf15l9g6ryxn628i3pnu9mvo,Espen Eskås,Sporting Braga,FK Crvena zvezda Beograd,Milson,0,0,0,1,1,2,0,0,12,0,0,0,0,0,0
55,23 Oct 2025,,2sf15l9g6ryxn628i3pnu9mvo,Espen Eskås,Sporting Braga,FK Crvena zvezda Beograd,M. Bajo,0,0,0,1,1,0,0,0,13,0,0,0,0,0,0
55,23 Oct 2025,,2sf15l9g6ryxn628i3pnu9mvo,Espen Eskås,Sporting Braga,FK Crvena zvezda Beograd,L. Zarić,0,0,0,0,0,1,0,0,7,0,0,1,0,0,0
56,23 Oct 2025,,2ss9k2ljvpk72owkzd0qs4kr8,Vassilios Fotias,SK Brann,Rangers FC,M. Dyngeland,0,0,0,0,0,0,0,0,53,0,1,0,0,0,0
56,23 Oct 2025,,2ss9k2ljvpk72owkzd0qs4kr8,Vassilios Fotias,SK Brann,Rangers FC,F. Knudsen,0,0,0,0,0,0,0,0,50,0,0,0,0,2,0
56,23 Oct 2025,,2ss9k2ljvpk72owkzd0qs4kr8,Vassilios Fotias,SK Brann,Rangers FC,D. De Roeve,0,0,1,1,1,1,0,0,32,0,0,0,0,0,0
56,23 Oct 2025,,2ss9k2ljvpk72owkzd0qs4kr8,Vassilios Fotias,SK Brann,Rangers FC,E. Kornvig,0,0,1,2,4,2,1,0,32,0,0,1,1,1,0
56,23 Oct 2025,,2ss9k2ljvpk72owkzd0qs4kr8,Vassilios Fotias,SK Brann,Rangers FC,V. Dragsnes,0,0,1,2,0,1,0,0,41,0,0,1,0,2,0
56,23 Oct 2025,,2ss9k2ljvpk72owkzd0qs4kr8,Vassilios Fotias,SK Brann,Rangers FC,J. Sørensen,0,0,0,0,0,0,1,0,52,0,0,1,1,0,0
56,23 Oct 2025,,2ss9k2ljvpk72owkzd0qs4kr8,Vassilios Fotias,SK Brann,Rangers FC,E. Guðmundsson,0,2,0,0,0,2,0,0,36,0,0,2,0,1,0
56,23 Oct 2025,,2ss9k2ljvpk72owkzd0qs4kr8,Vassilios Fotias,SK Brann,Rangers FC,N. Holm,0,1,0,0,1,2,1,0,15,0,0,3,1,1,0
56,23 Oct 2025,,2ss9k2ljvpk72owkzd0qs4kr8,Vassilios Fotias,SK Brann,Rangers FC,U. Mathisen,0,0,0,0,0,1,0,0,18,0,0,1,1,3,0
56,23 Oct 2025,,2ss9k2ljvpk72owkzd0qs4kr8,Vassilios Fotias,SK Brann,Rangers FC,E. Helland,0,0,0,0,0,0,0,0,70,0,0,1,0,0,0
56,23 Oct 2025,,2ss9k2ljvpk72owkzd0qs4kr8,Vassilios Fotias,SK Brann,Rangers FC,B. Finne,2,1,0,5,0,0,0,0,6,0,0,3,1,0,0
56,23 Oct 2025,,2ss9k2ljvpk72owkzd0qs4kr8,Vassilios Fotias,SK Brann,Rangers FC,T. Pedersen,0,0,0,0,2,0,0,0,9,0,0,0,0,1,1
56,23 Oct 2025,,2ss9k2ljvpk72owkzd0qs4kr8,Vassilios Fotias,SK Brann,Rangers FC,M. Haaland,0,0,0,0,0,0,0,0,8,0,0,0,0,0,0
56,23 Oct 2025,,2ss9k2ljvpk72owkzd0qs4kr8,Vassilios Fotias,SK Brann,Rangers FC,M. Sande,0,0,0,0,2,0,0,0,7,0,0,0,0,0,0
56,23 Oct 2025,,2ss9k2ljvpk72owkzd0qs4kr8,Vassilios Fotias,SK Brann,Rangers FC,M. Hansen,0,0,0,0,0,1,0,0,1,0,0,0,0,0,0
56,23 Oct 2025,,2ss9k2ljvpk72owkzd0qs4kr8,Vassilios Fotias,SK Brann,Rangers FC,L. Remmem,0,0,0,0,0,0,0,0,3,0,0,0,0,1,0
56,23 Oct 2025,,2ss9k2ljvpk72owkzd0qs4kr8,Vassilios Fotias,SK Brann,Rangers FC,N. Raskin,0,1,0,0,0,2,0,0,38,0,0,2,0,1,0
56,23 Oct 2025,,2ss9k2ljvpk72owkzd0qs4kr8,Vassilios Fotias,SK Brann,Rangers FC,J. Butland,0,0,0,0,0,0,0,0,41,0,2,0,0,0,0
56,23 Oct 2025,,2ss9k2ljvpk72owkzd0qs4kr8,Vassilios Fotias,SK Brann,Rangers FC,N. Djiga,0,0,0,0,1,1,0,0,53,0,0,0,0,1,0
56,23 Oct 2025,,2ss9k2ljvpk72owkzd0qs4kr8,Vassilios Fotias,SK Brann,Rangers FC,J. Souttar,0,0,0,0,1,0,0,0,47,0,0,1,0,0,1
56,23 Oct 2025,,2ss9k2ljvpk72owkzd0qs4kr8,Vassilios Fotias,SK Brann,Rangers FC,Youssef Chermiti,0,0,0,0,0,0,0,1,13,0,0,1,1,0,0
56,23 Oct 2025,,2ss9k2ljvpk72owkzd0qs4kr8,Vassilios Fotias,SK Brann,Rangers FC,T. Aasgaard,0,1,0,0,0,0,0,0,10,0,0,2,0,0,0
56,23 Oct 2025,,2ss9k2ljvpk72owkzd0qs4kr8,Vassilios Fotias,SK Brann,Rangers FC,O. Antman,0,0,0,1,1,0,0,1,17,0,0,0,0,0,0
56,23 Oct 2025,,2ss9k2ljvpk72owkzd0qs4kr8,Vassilios Fotias,SK Brann,Rangers FC,J. Tavernier,0,0,3,11,0,0,0,0,55,0,0,0,0,3,0
56,23 Oct 2025,,2ss9k2ljvpk72owkzd0qs4kr8,Vassilios Fotias,SK Brann,Rangers FC,J. Meghoma,0,0,0,6,1,1,0,0,28,0,0,0,0,4,0
56,23 Oct 2025,,2ss9k2ljvpk72owkzd0qs4kr8,Vassilios Fotias,SK Brann,Rangers FC,J. Rothwell,0,0,0,0,1,0,0,0,27,0,0,0,0,0,0
56,23 Oct 2025,,2ss9k2ljvpk72owkzd0qs4kr8,Vassilios Fotias,SK Brann,Rangers FC,D. Gassama,0,0,2,0,1,4,0,0,9,0,0,1,0,1,1
56,23 Oct 2025,,2ss9k2ljvpk72owkzd0qs4kr8,Vassilios Fotias,SK Brann,Rangers FC,M. Moore,0,0,0,1,0,0,0,0,11,0,0,1,0,0,0
56,23 Oct 2025,,2ss9k2ljvpk72owkzd0qs4kr8,Vassilios Fotias,SK Brann,Rangers FC,C. Barron,0,0,0,1,2,0,0,0,11,0,0,1,0,1,0
56,23 Oct 2025,,2ss9k2ljvpk72owkzd0qs4kr8,Vassilios Fotias,SK Brann,Rangers FC,B. Miovski,0,0,0,0,1,1,0,0,4,0,0,0,0,2,0
56,23 Oct 2025,,2ss9k2ljvpk72owkzd0qs4kr8,Vassilios Fotias,SK Brann,Rangers FC,Danilo,0,0,0,0,0,0,0,0,7,0,0,0,0,1,0
56,23 Oct 2025,,2ss9k2ljvpk72owkzd0qs4kr8,Vassilios Fotias,SK Brann,Rangers FC,D. Cornelius,0,0,0,0,1,1,0,0,5,0,0,0,0,0,0
57,23 Oct 2025,,2t7dlyh36i6oj8kfwpm0sygwk,Halil Umut Meler,AS Roma,FC Viktoria Plzeň,M. Soulé,0,0,0,2,0,1,0,0,36,0,0,4,1,1,0
57,23 Oct 2025,,2t7dlyh36i6oj8kfwpm0sygwk,Halil Umut Meler,AS Roma,FC Viktoria Plzeň,G. Mancini,0,1,0,1,2,2,0,0,49,0,0,2,0,0,1
57,23 Oct 2025,,2t7dlyh36i6oj8kfwpm0sygwk,Halil Umut Meler,AS Roma,FC Viktoria Plzeň,P. Dybala,0,1,2,12,0,2,1,0,58,0,0,2,1,1,0
57,23 Oct 2025,,2t7dlyh36i6oj8kfwpm0sygwk,Halil Umut Meler,AS Roma,FC Viktoria Plzeň,A. Dovbyk,0,0,1,0,1,1,0,0,17,0,0,1,1,0,0
57,23 Oct 2025,,2t7dlyh36i6oj8kfwpm0sygwk,Halil Umut Meler,AS Roma,FC Viktoria Plzeň,Z. Çelik,0,0,2,3,2,1,0,0,31,0,0,0,0,0,1
57,23 Oct 2025,,2t7dlyh36i6oj8kfwpm0sygwk,Halil Umut Meler,AS Roma,FC Viktoria Plzeň,Hermoso,0,0,0,1,0,0,0,0,52,0,0,1,1,2,0
57,23 Oct 2025,,2t7dlyh36i6oj8kfwpm0sygwk,Halil Umut Meler,AS Roma,FC Viktoria Plzeň,J. Ziółkowski,0,0,0,0,0,1,0,0,16,0,0,0,0,1,0
57,23 Oct 2025,,2t7dlyh36i6oj8kfwpm0sygwk,Halil Umut Meler,AS Roma,FC Viktoria Plzeň,M. Svilar,0,0,0,0,0,0,0,0,36,0,0,0,0,0,0
57,23 Oct 2025,,2t7dlyh36i6oj8kfwpm0sygwk,Halil Umut Meler,AS Roma,FC Viktoria Plzeň,Wesley,0,0,1,7,1,5,0,0,37,0,0,1,1,5,0
57,23 Oct 2025,,2t7dlyh36i6oj8kfwpm0sygwk,Halil Umut Meler,AS Roma,FC Viktoria Plzeň,M. Koné,0,1,0,0,1,0,0,0,21,0,0,1,0,1,0
57,23 Oct 2025,,2t7dlyh36i6oj8kfwpm0sygwk,Halil Umut Meler,AS Roma,FC Viktoria Plzeň,N. El Aynaoui,0,0,1,0,2,3,0,0,62,0,0,0,0,4,0
57,23 Oct 2025,,2t7dlyh36i6oj8kfwpm0sygwk,Halil Umut Meler,AS Roma,FC Viktoria Plzeň,S. El Shaarawy,0,1,1,2,0,0,0,0,33,0,0,3,1,1,0
57,23 Oct 2025,,2t7dlyh36i6oj8kfwpm0sygwk,Halil Umut Meler,AS Roma,FC Viktoria Plzeň,N. Pisilli,0,1,0,0,2,2,0,1,36,0,0,2,1,0,0
57,23 Oct 2025,,2t7dlyh36i6oj8kfwpm0sygwk,Halil Umut Meler,AS Roma,FC Viktoria Plzeň,L. Bailey,0,1,1,3,1,0,0,0,11,0,0,2,0,0,0
57,23 Oct 2025,,2t7dlyh36i6oj8kfwpm0sygwk,Halil Umut Meler,AS Roma,FC Viktoria Plzeň,E. Ndicka,0,0,0,0,0,0,0,0,14,0,0,1,1,0,0
57,23 Oct 2025,,2t7dlyh36i6oj8kfwpm0sygwk,Halil Umut Meler,AS Roma,FC Viktoria Plzeň,E. Ferguson,0,0,1,0,0,0,0,0,2,0,0,0,0,0,0
57,23 Oct 2025,,2t7dlyh36i6oj8kfwpm0sygwk,Halil Umut Meler,AS Roma,FC Viktoria Plzeň,C. Souaré,0,1,0,4,2,1,1,0,22,0,0,2,1,1,1
57,23 Oct 2025,,2t7dlyh36i6oj8kfwpm0sygwk,Halil Umut Meler,AS Roma,FC Viktoria Plzeň,P. Adu,0,0,0,2,2,2,1,0,9,0,0,3,1,1,0
57,23 Oct 2025,,2t7dlyh36i6oj8kfwpm0sygwk,Halil Umut Meler,AS Roma,FC Viktoria Plzeň,L. Červ,0,1,0,2,1,4,0,0,23,0,0,1,0,3,1
57,23 Oct 2025,,2t7dlyh36i6oj8kfwpm0sygwk,Halil Umut Meler,AS Roma,FC Viktoria Plzeň,M. Jedlička,1,0,0,0,0,0,0,0,39,0,7,0,0,0,0
57,23 Oct 2025,,2t7dlyh36i6oj8kfwpm0sygwk,Halil Umut Meler,AS Roma,FC Viktoria Plzeň,V. Jemelka,0,0,0,0,2,1,0,0,13,0,0,0,0,2,0
57,23 Oct 2025,,2t7dlyh36i6oj8kfwpm0sygwk,Halil Umut Meler,AS Roma,FC Viktoria Plzeň,K. Spáčil,0,0,0,0,2,1,0,0,23,0,0,0,0,2,1
57,23 Oct 2025,,2t7dlyh36i6oj8kfwpm0sygwk,Halil Umut Meler,AS Roma,FC Viktoria Plzeň,A. Memić,0,0,1,1,0,0,0,0,18,0,0,0,0,1,0
57,23 Oct 2025,,2t7dlyh36i6oj8kfwpm0sygwk,Halil Umut Meler,AS Roma,FC Viktoria Plzeň,T. Ladra,0,0,0,0,2,0,0,0,23,0,0,0,0,0,0
57,23 Oct 2025,,2t7dlyh36i6oj8kfwpm0sygwk,Halil Umut Meler,AS Roma,FC Viktoria Plzeň,S. Dweh,1,0,1,0,1,1,0,0,29,0,0,0,0,7,0
57,23 Oct 2025,,2t7dlyh36i6oj8kfwpm0sygwk,Halil Umut Meler,AS Roma,FC Viktoria Plzeň,R. Durosinmi,0,0,1,0,2,1,0,2,14,0,0,0,0,2,1
57,23 Oct 2025,,2t7dlyh36i6oj8kfwpm0sygwk,Halil Umut Meler,AS Roma,FC Viktoria Plzeň,J. Paluska,0,0,0,1,0,0,0,0,16,0,0,0,0,0,0
57,23 Oct 2025,,2t7dlyh36i6oj8kfwpm0sygwk,Halil Umut Meler,AS Roma,FC Viktoria Plzeň,D. Višinský,0,0,0,0,3,0,0,0,4,0,0,0,0,0,1
57,23 Oct 2025,,2t7dlyh36i6oj8kfwpm0sygwk,Halil Umut Meler,AS Roma,FC Viktoria Plzeň,S. Marković,0,0,0,0,0,0,0,0,4,0,0,0,0,0,0
57,23 Oct 2025,,2t7dlyh36i6oj8kfwpm0sygwk,Halil Umut Meler,AS Roma,FC Viktoria Plzeň,M. Havel,0,0,0,1,0,0,0,0,6,0,0,0,0,0,0
57,23 Oct 2025,,2t7dlyh36i6oj8kfwpm0sygwk,Halil Umut Meler,AS Roma,FC Viktoria Plzeň,J. Bello,0,0,0,0,2,0,0,0,0,0,0,0,0,1,0
57,23 Oct 2025,,2t7dlyh36i6oj8kfwpm0sygwk,Halil Umut Meler,AS Roma,FC Viktoria Plzeň,A. Zeljković,0,0,0,0,0,0,0,0,1,0,0,0,0,0,0
58,23 Oct 2025,,2tkpevdqwueyqhbomg913yo7o,Mohammad Al Emara,BSC Young Boys,PFK Ludogorets 1945 Razgrad,L. Benito,0,0,0,1,1,0,0,0,86,0,0,0,0,1,0
58,23 Oct 2025,,2tkpevdqwueyqhbomg913yo7o,Mohammad Al Emara,BSC Young Boys,PFK Ludogorets 1945 Razgrad,R. Raveloson,0,0,0,3,0,2,1,0,50,0,0,2,2,2,0
58,23 Oct 2025,,2tkpevdqwueyqhbomg913yo7o,Mohammad Al Emara,BSC Young Boys,PFK Ludogorets 1945 Razgrad,E. Fernandes,1,0,0,3,0,2,0,0,52,0,0,0,0,0,0
58,23 Oct 2025,,2tkpevdqwueyqhbomg913yo7o,Mohammad Al Emara,BSC Young Boys,PFK Ludogorets 1945 Razgrad,T. Zoukrou,0,0,0,0,4,0,0,0,75,0,0,0,0,0,0
58,23 Oct 2025,,2tkpevdqwueyqhbomg913yo7o,Mohammad Al Emara,BSC Young Boys,PFK Ludogorets 1945 Razgrad,M. Keller,0,0,0,0,0,0,0,0,35,0,2,0,0,0,0
58,23 Oct 2025,,2tkpevdqwueyqhbomg913yo7o,Mohammad Al Emara,BSC Young Boys,PFK Ludogorets 1945 Razgrad,J. Hadjam,0,0,2,4,0,0,0,0,62,0,0,1,0,3,0
58,23 Oct 2025,,2tkpevdqwueyqhbomg913yo7o,Mohammad Al Emara,BSC Young Boys,PFK Ludogorets 1945 Razgrad,R. Andrews,1,0,0,3,0,2,0,0,44,0,0,0,0,1,0
58,23 Oct 2025,,2tkpevdqwueyqhbomg913yo7o,Mohammad Al Emara,BSC Young Boys,PFK Ludogorets 1945 Razgrad,J. Monteiro,0,0,0,1,1,0,0,0,25,0,0,2,0,0,0
58,23 Oct 2025,,2tkpevdqwueyqhbomg913yo7o,Mohammad Al Emara,BSC Young Boys,PFK Ludogorets 1945 Razgrad,D. Males,0,0,1,1,0,0,0,0,12,0,0,2,1,0,0
58,23 Oct 2025,,2tkpevdqwueyqhbomg913yo7o,Mohammad Al Emara,BSC Young Boys,PFK Ludogorets 1945 Razgrad,A. Gigović,0,0,0,0,2,2,0,0,25,0,0,1,1,0,0
58,23 Oct 2025,,2tkpevdqwueyqhbomg913yo7o,Mohammad Al Emara,BSC Young Boys,PFK Ludogorets 1945 Razgrad,C. Bedia,0,0,0,0,0,1,1,2,9,0,0,4,1,1,0
58,23 Oct 2025,,2tkpevdqwueyqhbomg913yo7o,Mohammad Al Emara,BSC Young Boys,PFK Ludogorets 1945 Razgrad,C. Fassnacht,0,0,0,0,0,0,1,0,19,0,0,3,1,1,1
58,23 Oct 2025,,2tkpevdqwueyqhbomg913yo7o,Mohammad Al Emara,BSC Young Boys,PFK Ludogorets 1945 Razgrad,S. Córdova,0,0,0,0,0,0,0,1,10,0,0,0,0,1,0
58,23 Oct 2025,,2tkpevdqwueyqhbomg913yo7o,Mohammad Al Emara,BSC Young Boys,PFK Ludogorets 1945 Razgrad,S. Lauper,0,0,0,0,0,0,0,0,6,0,0,0,0,1,0
58,23 Oct 2025,,2tkpevdqwueyqhbomg913yo7o,Mohammad Al Emara,BSC Young Boys,PFK Ludogorets 1945 Razgrad,E. Tsimba,0,0,0,0,1,0,0,0,3,0,0,0,0,0,1
58,23 Oct 2025,,2tkpevdqwueyqhbomg913yo7o,Mohammad Al Emara,BSC Young Boys,PFK Ludogorets 1945 Razgrad,D. Pech,0,0,0,0,0,0,0,0,3,0,0,0,0,0,0
58,23 Oct 2025,,2tkpevdqwueyqhbomg913yo7o,Mohammad Al Emara,BSC Young Boys,PFK Ludogorets 1945 Razgrad,D. Marzino,0,0,0,0,0,0,0,0,0,0,0,0,0,0,1
58,23 Oct 2025,,2tkpevdqwueyqhbomg913yo7o,Mohammad Al Emara,BSC Young Boys,PFK Ludogorets 1945 Razgrad,Caio Vidal,0,0,1,1,1,3,0,1,29,0,0,2,1,0,1
58,23 Oct 2025,,2tkpevdqwueyqhbomg913yo7o,Mohammad Al Emara,BSC Young Boys,PFK Ludogorets 1945 Razgrad,Dinis Almeida,0,1,1,0,3,2,0,0,41,0,0,1,0,3,0
58,23 Oct 2025,,2tkpevdqwueyqhbomg913yo7o,Mohammad Al Emara,BSC Young Boys,PFK Ludogorets 1945 Razgrad,O. Verdon,0,0,0,0,0,0,0,0,44,0,0,0,0,0,0
58,23 Oct 2025,,2tkpevdqwueyqhbomg913yo7o,Mohammad Al Emara,BSC Young Boys,PFK Ludogorets 1945 Razgrad,B. Tekpetey,1,0,0,0,3,2,0,0,10,0,0,4,0,0,0
58,23 Oct 2025,,2tkpevdqwueyqhbomg913yo7o,Mohammad Al Emara,BSC Young Boys,PFK Ludogorets 1945 Razgrad,J. Andersson,0,0,0,1,0,0,0,0,24,0,0,0,0,0,0
58,23 Oct 2025,,2tkpevdqwueyqhbomg913yo7o,Mohammad Al Emara,BSC Young Boys,PFK Ludogorets 1945 Razgrad,H. Bonmann,0,0,0,0,0,0,0,0,44,0,3,0,0,0,0
58,23 Oct 2025,,2tkpevdqwueyqhbomg913yo7o,Mohammad Al Emara,BSC Young Boys,PFK Ludogorets 1945 Razgrad,F. Kaloč,0,0,0,1,0,0,0,0,27,0,0,1,1,0,0
58,23 Oct 2025,,2tkpevdqwueyqhbomg913yo7o,Mohammad Al Emara,BSC Young Boys,PFK Ludogorets 1945 Razgrad,S. Ivanov,0,0,0,0,1,0,0,0,12,0,0,0,0,3,0
58,23 Oct 2025,,2tkpevdqwueyqhbomg913yo7o,Mohammad Al Emara,BSC Young Boys,PFK Ludogorets 1945 Razgrad,A. Nedyalkov,0,0,0,0,0,0,0,0,54,0,0,0,0,2,0
58,23 Oct 2025,,2tkpevdqwueyqhbomg913yo7o,Mohammad Al Emara,BSC Young Boys,PFK Ludogorets 1945 Razgrad,P. Stanić,0,0,0,3,1,0,1,0,24,0,0,3,1,2,0
58,23 Oct 2025,,2tkpevdqwueyqhbomg913yo7o,Mohammad Al Emara,BSC Young Boys,PFK Ludogorets 1945 Razgrad,Deroy Duarte,0,0,0,0,0,1,0,0,26,0,0,0,0,4,0
58,23 Oct 2025,,2tkpevdqwueyqhbomg913yo7o,Mohammad Al Emara,BSC Young Boys,PFK Ludogorets 1945 Razgrad,Son,0,0,0,1,0,0,0,0,13,0,0,1,0,1,0
58,23 Oct 2025,,2tkpevdqwueyqhbomg913yo7o,Mohammad Al Emara,BSC Young Boys,PFK Ludogorets 1945 Razgrad,E. Bille,0,0,0,0,0,0,0,1,4,0,0,2,0,0,0
58,23 Oct 2025,,2tkpevdqwueyqhbomg913yo7o,Mohammad Al Emara,BSC Young Boys,PFK Ludogorets 1945 Razgrad,I. Yordanov,0,0,0,0,0,0,1,0,5,0,0,1,1,0,0
58,23 Oct 2025,,2tkpevdqwueyqhbomg913yo7o,Mohammad Al Emara,BSC Young Boys,PFK Ludogorets 1945 Razgrad,I. Chochev,0,0,0,0,0,0,0,0,1,0,0,0,0,0,0
59,23 Oct 2025,,2ty3m6scvhidh9to8uwgyey38,Juan Martínez Munuera,Celtic FC,SK Sturm Graz,K. Tierney,0,0,1,5,0,0,0,0,60,0,0,0,0,0,0
59,23 Oct 2025,,2ty3m6scvhidh9to8uwgyey38,Juan Martínez Munuera,Celtic FC,SK Sturm Graz,C. Carter-Vickers,0,0,0,0,1,0,0,0,98,0,0,0,0,0,1
59,23 Oct 2025,,2ty3m6scvhidh9to8uwgyey38,Juan Martínez Munuera,Celtic FC,SK Sturm Graz,A. Johnston,0,0,0,0,1,1,0,0,14,0,0,0,0,0,0
59,23 Oct 2025,,2ty3m6scvhidh9to8uwgyey38,Juan Martínez Munuera,Celtic FC,SK Sturm Graz,S. Tounekti,0,0,1,6,2,1,0,0,46,0,0,0,0,0,0
59,23 Oct 2025,,2ty3m6scvhidh9to8uwgyey38,Juan Martínez Munuera,Celtic FC,SK Sturm Graz,R. Hatate,0,0,1,2,2,1,0,0,58,0,0,1,0,0,0
59,23 Oct 2025,,2ty3m6scvhidh9to8uwgyey38,Juan Martínez Munuera,Celtic FC,SK Sturm Graz,A. Engels,1,1,1,8,1,1,0,0,37,0,0,2,1,1,0
59,23 Oct 2025,,2ty3m6scvhidh9to8uwgyey38,Juan Martínez Munuera,Celtic FC,SK Sturm Graz,L. Scales,0,1,0,0,2,0,1,0,93,0,0,2,1,0,0
59,23 Oct 2025,,2ty3m6scvhidh9to8uwgyey38,Juan Martínez Munuera,Celtic FC,SK Sturm Graz,C. McGregor,0,1,0,0,2,2,0,0,67,0,0,1,0,2,0
59,23 Oct 2025,,2ty3m6scvhidh9to8uwgyey38,Juan Martínez Munuera,Celtic FC,SK Sturm Graz,B. Nygren,0,1,5,0,2,2,1,0,32,0,0,7,3,1,0
59,23 Oct 2025,,2ty3m6scvhidh9to8uwgyey38,Juan Martínez Munuera,Celtic FC,SK Sturm Graz,J. Kenny,0,1,0,0,1,3,0,0,10,0,0,6,2,3,0
59,23 Oct 2025,,2ty3m6scvhidh9to8uwgyey38,Juan Martínez Munuera,Celtic FC,SK Sturm Graz,K. Schmeichel,0,0,0,0,0,0,0,0,34,0,0,0,0,0,0
59,23 Oct 2025,,2ty3m6scvhidh9to8uwgyey38,Juan Martínez Munuera,Celtic FC,SK Sturm Graz,C. Donovan,1,0,0,3,1,2,0,0,49,0,0,0,0,1,0
59,23 Oct 2025,,2ty3m6scvhidh9to8uwgyey38,Juan Martínez Munuera,Celtic FC,SK Sturm Graz,M. Balikwisha,0,0,0,0,1,0,0,1,5,0,0,1,0,1,0
59,23 Oct 2025,,2ty3m6scvhidh9to8uwgyey38,Juan Martínez Munuera,Celtic FC,SK Sturm Graz,Kelechi Promise Ịheanachọ,0,0,0,0,0,0,0,0,0,0,0,0,0,0,0
59,23 Oct 2025,,2ty3m6scvhidh9to8uwgyey38,Juan Martínez Munuera,Celtic FC,SK Sturm Graz,M. Malone,0,0,0,0,0,2,0,2,11,0,0,0,0,0,0
59,23 Oct 2025,,2ty3m6scvhidh9to8uwgyey38,Juan Martínez Munuera,Celtic FC,SK Sturm Graz,D. Lavalée,0,0,0,0,1,2,0,1,44,0,0,0,0,1,0
59,23 Oct 2025,,2ty3m6scvhidh9to8uwgyey38,Juan Martínez Munuera,Celtic FC,SK Sturm Graz,O. Kiteishvili,0,0,0,0,2,1,0,0,37,0,0,3,0,3,0
59,23 Oct 2025,,2ty3m6scvhidh9to8uwgyey38,Juan Martínez Munuera,Celtic FC,SK Sturm Graz,T. Horvat,0,0,1,4,1,1,1,0,19,0,0,3,1,2,0
59,23 Oct 2025,,2ty3m6scvhidh9to8uwgyey38,Juan Martínez Munuera,Celtic FC,SK Sturm Graz,F. Rózga,1,0,0,0,2,3,0,0,14,0,0,0,0,0,0
59,23 Oct 2025,,2ty3m6scvhidh9to8uwgyey38,Juan Martínez Munuera,Celtic FC,SK Sturm Graz,E. Aiwu,0,0,0,0,1,2,0,0,25,0,0,0,0,2,0
59,23 Oct 2025,,2ty3m6scvhidh9to8uwgyey38,Juan Martínez Munuera,Celtic FC,SK Sturm Graz,T. Oermann,0,0,0,0,0,0,0,0,9,0,0,0,0,0,0
59,23 Oct 2025,,2ty3m6scvhidh9to8uwgyey38,Juan Martínez Munuera,Celtic FC,SK Sturm Graz,T. Chukwuani,0,0,0,0,5,0,0,1,30,1,0,0,0,1,0
59,23 Oct 2025,,2ty3m6scvhidh9to8uwgyey38,Juan Martínez Munuera,Celtic FC,SK Sturm Graz,M. Bignetti,0,0,0,0,0,0,0,0,35,0,4,0,0,0,0
59,23 Oct 2025,,2ty3m6scvhidh9to8uwgyey38,Juan Martínez Munuera,Celtic FC,SK Sturm Graz,E. Karić,0,0,0,1,1,0,0,0,38,0,0,0,0,4,0
59,23 Oct 2025,,2ty3m6scvhidh9to8uwgyey38,Juan Martínez Munuera,Celtic FC,SK Sturm Graz,J. Gorenc Stankovič,0,0,0,0,2,3,0,1,26,0,0,1,0,1,1
59,23 Oct 2025,,2ty3m6scvhidh9to8uwgyey38,Juan Martínez Munuera,Celtic FC,SK Sturm Graz,J. Mitchell,0,0,1,1,0,1,0,0,5,0,0,0,0,0,0
59,23 Oct 2025,,2ty3m6scvhidh9to8uwgyey38,Juan Martínez Munuera,Celtic FC,SK Sturm Graz,S. Jatta,0,0,0,0,0,0,0,1,8,0,0,0,0,0,0
59,23 Oct 2025,,2ty3m6scvhidh9to8uwgyey38,Juan Martínez Munuera,Celtic FC,SK Sturm Graz,J. Hödl,0,0,0,1,0,1,0,1,4,0,0,0,0,0,0
59,23 Oct 2025,,2ty3m6scvhidh9to8uwgyey38,Juan Martínez Munuera,Celtic FC,SK Sturm Graz,A. Kayombo,0,0,0,0,1,0,0,0,5,0,0,0,0,0,0
59,23 Oct 2025,,2ty3m6scvhidh9to8uwgyey38,Juan Martínez Munuera,Celtic FC,SK Sturm Graz,L. Grgić,0,0,0,0,0,0,0,0,1,0,0,1,0,0,0
60,23 Oct 2025,,2ubsd08ffg5auefqb9fzynklw,Nikola Dabanović,Lille OSC,PAOK Thessaloniki FC,O. Sahraoui,0,0,1,3,1,1,0,0,37,0,0,0,0,0,0
60,23 Oct 2025,,2ubsd08ffg5auefqb9fzynklw,Nikola Dabanović,Lille OSC,PAOK Thessaloniki FC,B. Özer,0,0,0,0,0,0,0,0,34,0,3,0,0,0,0
60,23 Oct 2025,,2ubsd08ffg5auefqb9fzynklw,Nikola Dabanović,Lille OSC,PAOK Thessaloniki FC,U. Raghouber,0,1,1,0,3,1,0,0,46,0,0,2,0,1,1
60,23 Oct 2025,,2ubsd08ffg5auefqb9fzynklw,Nikola Dabanović,Lille OSC,PAOK Thessaloniki FC,C. Verdonk,1,1,0,10,0,0,0,1,61,0,0,2,0,3,0
60,23 Oct 2025,,2ubsd08ffg5auefqb9fzynklw,Nikola Dabanović,Lille OSC,PAOK Thessaloniki FC,A. Mandi,0,0,1,0,0,1,0,0,73,0,0,1,1,0,0
60,23 Oct 2025,,2ubsd08ffg5auefqb9fzynklw,Nikola Dabanović,Lille OSC,PAOK Thessaloniki FC,N. Ngoy,0,0,0,0,1,0,0,0,33,0,0,0,0,0,0
60,23 Oct 2025,,2ubsd08ffg5auefqb9fzynklw,Nikola Dabanović,Lille OSC,PAOK Thessaloniki FC,H. Igamane,0,0,3,3,0,5,2,0,22,0,0,6,4,2,0
60,23 Oct 2025,,2ubsd08ffg5auefqb9fzynklw,Nikola Dabanović,Lille OSC,PAOK Thessaloniki FC,B. André,0,0,1,2,2,2,1,1,69,0,0,3,2,0,0
60,23 Oct 2025,,2ubsd08ffg5auefqb9fzynklw,Nikola Dabanović,Lille OSC,PAOK Thessaloniki FC,Matías Fernández,0,1,3,4,0,0,0,0,29,0,0,3,2,0,0
60,23 Oct 2025,,2ubsd08ffg5auefqb9fzynklw,Nikola Dabanović,Lille OSC,PAOK Thessaloniki FC,Tiago Santos,0,0,0,2,0,1,0,0,27,0,0,0,0,0,0
60,23 Oct 2025,,2ubsd08ffg5auefqb9fzynklw,Nikola Dabanović,Lille OSC,PAOK Thessaloniki FC,Félix Correia,0,1,2,7,0,2,0,0,28,0,0,1,0,0,0
60,23 Oct 2025,,2ubsd08ffg5auefqb9fzynklw,Nikola Dabanović,Lille OSC,PAOK Thessaloniki FC,C. Mbemba,1,0,0,1,0,0,0,0,32,0,0,2,2,1,0
60,23 Oct 2025,,2ubsd08ffg5auefqb9fzynklw,Nikola Dabanović,Lille OSC,PAOK Thessaloniki FC,T. Meunier,1,0,0,1,0,0,0,0,30,0,0,0,0,1,0
60,23 Oct 2025,,2ubsd08ffg5auefqb9fzynklw,Nikola Dabanović,Lille OSC,PAOK Thessaloniki FC,A. Bouaddi,0,0,0,0,0,1,0,1,20,0,0,0,0,1,0
60,23 Oct 2025,,2ubsd08ffg5auefqb9fzynklw,Nikola Dabanović,Lille OSC,PAOK Thessaloniki FC,O. Giroud,0,1,1,0,0,0,0,0,4,0,0,2,0,0,0
60,23 Oct 2025,,2ubsd08ffg5auefqb9fzynklw,Nikola Dabanović,Lille OSC,PAOK Thessaloniki FC,H. Haraldsson,0,0,0,1,0,0,0,0,6,0,0,0,0,0,0
60,23 Oct 2025,,2ubsd08ffg5auefqb9fzynklw,Nikola Dabanović,Lille OSC,PAOK Thessaloniki FC,S. Meïté,0,0,0,0,0,2,1,0,28,0,0,1,1,0,0
60,23 Oct 2025,,2ubsd08ffg5auefqb9fzynklw,Nikola Dabanović,Lille OSC,PAOK Thessaloniki FC,G. Konstantelias,0,0,1,0,3,3,1,0,28,0,0,2,2,0,0
60,23 Oct 2025,,2ubsd08ffg5auefqb9fzynklw,Nikola Dabanović,Lille OSC,PAOK Thessaloniki FC,G. Michailidis,1,0,0,0,2,0,0,0,31,0,0,0,0,2,0
60,23 Oct 2025,,2ubsd08ffg5auefqb9fzynklw,Nikola Dabanović,Lille OSC,PAOK Thessaloniki FC,T. Kędziora,0,0,0,0,2,0,0,0,32,1,0,0,0,5,2
60,23 Oct 2025,,2ubsd08ffg5auefqb9fzynklw,Nikola Dabanović,Lille OSC,PAOK Thessaloniki FC,F. Chalov,1,0,1,1,2,0,0,0,29,0,0,0,0,0,0
60,23 Oct 2025,,2ubsd08ffg5auefqb9fzynklw,Nikola Dabanović,Lille OSC,PAOK Thessaloniki FC,M. Camara,0,0,0,0,0,0,0,0,1,0,0,0,0,0,0
60,23 Oct 2025,,2ubsd08ffg5auefqb9fzynklw,Nikola Dabanović,Lille OSC,PAOK Thessaloniki FC,J. Kenny,0,0,0,2,2,0,0,0,24,0,0,0,0,2,0
60,23 Oct 2025,,2ubsd08ffg5auefqb9fzynklw,Nikola Dabanović,Lille OSC,PAOK Thessaloniki FC,A. Živković,1,0,0,0,2,0,2,0,31,0,0,3,3,3,1
60,23 Oct 2025,,2ubsd08ffg5auefqb9fzynklw,Nikola Dabanović,Lille OSC,PAOK Thessaloniki FC,A. Baba,0,0,0,0,0,1,0,0,33,0,0,0,0,1,0
60,23 Oct 2025,,2ubsd08ffg5auefqb9fzynklw,Nikola Dabanović,Lille OSC,PAOK Thessaloniki FC,A. Tsiftsis,0,0,0,0,0,0,0,0,30,0,8,0,0,0,1
60,23 Oct 2025,,2ubsd08ffg5auefqb9fzynklw,Nikola Dabanović,Lille OSC,PAOK Thessaloniki FC,K. Despodov,1,0,0,4,1,0,0,0,14,0,0,1,0,1,0
60,23 Oct 2025,,2ubsd08ffg5auefqb9fzynklw,Nikola Dabanović,Lille OSC,PAOK Thessaloniki FC,A. Bianco,0,0,0,0,1,1,0,0,20,0,0,0,0,2,0
60,23 Oct 2025,,2ubsd08ffg5auefqb9fzynklw,Nikola Dabanović,Lille OSC,PAOK Thessaloniki FC,G. Giakoumakis,0,0,0,0,0,0,0,0,5,0,0,1,1,0,1
60,23 Oct 2025,,2ubsd08ffg5auefqb9fzynklw,Nikola Dabanović,Lille OSC,PAOK Thessaloniki FC,D. Pelkas,0,0,0,0,0,0,0,0,3,0,0,0,0,0,0
141,24 Jul 2025,,dsv9rgfekagl152af8g5a37dg,Philip Farrugia,FK Sheriff Tiraspol,FC Utrecht,A. Serobyan,0,0,1,3,1,1,0,0,23,0,0,1,1,1,0
141,24 Jul 2025,,dsv9rgfekagl152af8g5a37dg,Philip Farrugia,FK Sheriff Tiraspol,FC Utrecht,S. Magassouba,0,0,0,1,2,3,0,0,58,0,0,0,0,1,0
141,24 Jul 2025,,dsv9rgfekagl152af8g5a37dg,Philip Farrugia,FK Sheriff Tiraspol,FC Utrecht,P. Ademo,0,1,0,0,1,1,1,0,17,0,0,2,1,5,0
141,24 Jul 2025,,dsv9rgfekagl152af8g5a37dg,Philip Farrugia,FK Sheriff Tiraspol,FC Utrecht,Raí Lopes,0,1,0,1,2,0,0,0,34,0,0,1,0,3,0
141,24 Jul 2025,,dsv9rgfekagl152af8g5a37dg,Philip Farrugia,FK Sheriff Tiraspol,FC Utrecht,N. Swen,0,0,0,0,0,0,0,0,34,0,0,0,0,2,0
141,24 Jul 2025,,dsv9rgfekagl152af8g5a37dg,Philip Farrugia,FK Sheriff Tiraspol,FC Utrecht,I. Soumah,0,0,0,0,1,3,0,0,35,0,0,1,0,0,1
141,24 Jul 2025,,dsv9rgfekagl152af8g5a37dg,Philip Farrugia,FK Sheriff Tiraspol,FC Utrecht,I. Dyulgerov,0,0,0,0,0,0,0,0,25,0,0,0,0,0,0
141,24 Jul 2025,,dsv9rgfekagl152af8g5a37dg,Philip Farrugia,FK Sheriff Tiraspol,FC Utrecht,A. Gjoni,0,0,0,0,2,1,0,0,7,0,0,1,0,3,0
141,24 Jul 2025,,dsv9rgfekagl152af8g5a37dg,Philip Farrugia,FK Sheriff Tiraspol,FC Utrecht,N. Boakye,0,0,1,0,0,1,0,0,55,0,0,0,0,1,0
141,24 Jul 2025,,dsv9rgfekagl152af8g5a37dg,Philip Farrugia,FK Sheriff Tiraspol,FC Utrecht,M. Diarra,0,1,0,4,1,0,0,0,7,0,0,1,0,0,0
141,24 Jul 2025,,dsv9rgfekagl152af8g5a37dg,Philip Farrugia,FK Sheriff Tiraspol,FC Utrecht,P. Yade,0,0,1,2,0,1,0,0,12,0,0,2,1,0,0
141,24 Jul 2025,,dsv9rgfekagl152af8g5a37dg,Philip Farrugia,FK Sheriff Tiraspol,FC Utrecht,E. Odede,0,0,0,0,0,0,0,0,5,0,0,0,0,0,0
141,24 Jul 2025,,dsv9rgfekagl152af8g5a37dg,Philip Farrugia,FK Sheriff Tiraspol,FC Utrecht,G. Bessala,0,0,0,0,1,1,0,1,5,0,0,0,0,1,1
141,24 Jul 2025,,dsv9rgfekagl152af8g5a37dg,Philip Farrugia,FK Sheriff Tiraspol,FC Utrecht,K. Loukou,0,0,0,1,2,0,0,0,5,0,0,0,0,0,1
141,24 Jul 2025,,dsv9rgfekagl152af8g5a37dg,Philip Farrugia,FK Sheriff Tiraspol,FC Utrecht,A. Mija,0,0,0,0,0,0,0,0,12,0,0,0,0,0,0
141,24 Jul 2025,,dsv9rgfekagl152af8g5a37dg,Philip Farrugia,FK Sheriff Tiraspol,FC Utrecht,M. van der Hoorn,0,0,0,0,2,1,0,0,65,0,0,0,0,1,0
141,24 Jul 2025,,dsv9rgfekagl152af8g5a37dg,Philip Farrugia,FK Sheriff Tiraspol,FC Utrecht,A. Blake,0,0,2,5,2,2,1,0,15,0,0,1,1,1,0
141,24 Jul 2025,,dsv9rgfekagl152af8g5a37dg,Philip Farrugia,FK Sheriff Tiraspol,FC Utrecht,D. Min,0,0,0,0,3,1,0,0,11,0,0,0,0,0,0
141,24 Jul 2025,,dsv9rgfekagl152af8g5a37dg,Philip Farrugia,FK Sheriff Tiraspol,FC Utrecht,A. Engwanda,0,0,1,0,2,1,0,0,41,0,0,0,0,3,0
141,24 Jul 2025,,dsv9rgfekagl152af8g5a37dg,Philip Farrugia,FK Sheriff Tiraspol,FC Utrecht,S. Horemans,0,0,0,0,0,0,0,0,29,0,0,1,0,2,0
141,24 Jul 2025,,dsv9rgfekagl152af8g5a37dg,Philip Farrugia,FK Sheriff Tiraspol,FC Utrecht,N. Viergever,0,0,0,0,0,2,1,0,60,0,0,1,1,0,0
141,24 Jul 2025,,dsv9rgfekagl152af8g5a37dg,Philip Farrugia,FK Sheriff Tiraspol,FC Utrecht,G. Zechiël,1,0,0,0,0,2,0,1,33,0,0,0,0,3,0
141,24 Jul 2025,,dsv9rgfekagl152af8g5a37dg,Philip Farrugia,FK Sheriff Tiraspol,FC Utrecht,S. El Karouani,2,1,2,10,0,1,0,0,24,0,0,1,0,3,0
141,24 Jul 2025,,dsv9rgfekagl152af8g5a37dg,Philip Farrugia,FK Sheriff Tiraspol,FC Utrecht,Y. Cathline,0,2,1,1,0,1,0,0,10,0,0,2,0,1,0
141,24 Jul 2025,,dsv9rgfekagl152af8g5a37dg,Philip Farrugia,FK Sheriff Tiraspol,FC Utrecht,V. Jensen,0,0,0,0,3,1,1,0,33,0,0,1,1,4,1
141,24 Jul 2025,,dsv9rgfekagl152af8g5a37dg,Philip Farrugia,FK Sheriff Tiraspol,FC Utrecht,V. Barkas,0,0,0,0,0,0,0,0,27,0,2,0,0,0,0
141,24 Jul 2025,,dsv9rgfekagl152af8g5a37dg,Philip Farrugia,FK Sheriff Tiraspol,FC Utrecht,D. de Wit,0,0,0,0,0,0,0,0,9,0,0,0,0,1,0
141,24 Jul 2025,,dsv9rgfekagl152af8g5a37dg,Philip Farrugia,FK Sheriff Tiraspol,FC Utrecht,J. van Ommeren,0,0,0,0,1,0,0,0,7,0,0,0,0,0,0
141,24 Jul 2025,,dsv9rgfekagl152af8g5a37dg,Philip Farrugia,FK Sheriff Tiraspol,FC Utrecht,N. Ohio,0,0,0,0,0,0,0,0,3,0,0,0,0,1,0
141,24 Jul 2025,,dsv9rgfekagl152af8g5a37dg,Philip Farrugia,FK Sheriff Tiraspol,FC Utrecht,M. Didden,0,0,0,0,0,0,0,0,5,0,0,0,0,0,0
141,24 Jul 2025,,dsv9rgfekagl152af8g5a37dg,Philip Farrugia,FK Sheriff Tiraspol,FC Utrecht,D. Murkin,0,0,0,1,0,1,0,0,0,0,0,0,0,0,0
143,31 Jul 2025,,dw98cmzn248gwpl04tt0v1pg4,Chrysovalantis Theouli,FC Utrecht,FK Sheriff Tiraspol,M. Jonathans,0,0,0,0,1,0,0,1,12,0,0,1,0,3,0
143,31 Jul 2025,,dw98cmzn248gwpl04tt0v1pg4,Chrysovalantis Theouli,FC Utrecht,FK Sheriff Tiraspol,V. Jensen,0,0,0,0,1,0,1,0,21,0,0,3,2,2,0
143,31 Jul 2025,,dw98cmzn248gwpl04tt0v1pg4,Chrysovalantis Theouli,FC Utrecht,FK Sheriff Tiraspol,N. Viergever,0,0,0,0,0,0,1,0,66,0,0,2,1,0,0
143,31 Jul 2025,,dw98cmzn248gwpl04tt0v1pg4,Chrysovalantis Theouli,FC Utrecht,FK Sheriff Tiraspol,A. Engwanda,1,0,0,0,0,1,0,0,28,0,0,0,0,3,0
143,31 Jul 2025,,dw98cmzn248gwpl04tt0v1pg4,Chrysovalantis Theouli,FC Utrecht,FK Sheriff Tiraspol,M. van der Hoorn,0,0,0,0,2,1,0,0,70,0,0,0,0,1,0
143,31 Jul 2025,,dw98cmzn248gwpl04tt0v1pg4,Chrysovalantis Theouli,FC Utrecht,FK Sheriff Tiraspol,S. El Karouani,1,0,0,12,0,1,1,0,47,0,0,2,2,0,0
143,31 Jul 2025,,dw98cmzn248gwpl04tt0v1pg4,Chrysovalantis Theouli,FC Utrecht,FK Sheriff Tiraspol,V. Barkas,0,0,0,0,0,1,0,0,45,0,1,0,0,0,0
143,31 Jul 2025,,dw98cmzn248gwpl04tt0v1pg4,Chrysovalantis Theouli,FC Utrecht,FK Sheriff Tiraspol,Y. Cathline,0,4,6,3,1,1,0,1,25,0,0,4,0,1,0
143,31 Jul 2025,,dw98cmzn248gwpl04tt0v1pg4,Chrysovalantis Theouli,FC Utrecht,FK Sheriff Tiraspol,G. Zechiël,0,0,0,0,2,2,0,0,35,0,0,1,1,3,0
143,31 Jul 2025,,dw98cmzn248gwpl04tt0v1pg4,Chrysovalantis Theouli,FC Utrecht,FK Sheriff Tiraspol,S. Horemans,2,1,0,2,1,1,1,0,22,0,0,4,1,3,0
143,31 Jul 2025,,dw98cmzn248gwpl04tt0v1pg4,Chrysovalantis Theouli,FC Utrecht,FK Sheriff Tiraspol,D. Min,0,0,0,0,1,2,0,0,14,0,0,0,0,0,0
143,31 Jul 2025,,dw98cmzn248gwpl04tt0v1pg4,Chrysovalantis Theouli,FC Utrecht,FK Sheriff Tiraspol,A. Blake,0,0,0,0,1,0,0,0,10,0,0,0,0,0,0
143,31 Jul 2025,,dw98cmzn248gwpl04tt0v1pg4,Chrysovalantis Theouli,FC Utrecht,FK Sheriff Tiraspol,D. de Wit,0,0,0,0,0,0,0,0,8,0,0,1,0,3,0
143,31 Jul 2025,,dw98cmzn248gwpl04tt0v1pg4,Chrysovalantis Theouli,FC Utrecht,FK Sheriff Tiraspol,N. Ohio,0,0,0,0,0,0,0,0,10,0,0,2,1,1,0
143,31 Jul 2025,,dw98cmzn248gwpl04tt0v1pg4,Chrysovalantis Theouli,FC Utrecht,FK Sheriff Tiraspol,N. Vesterlund,0,0,0,0,0,0,0,0,2,0,0,0,0,0,0
143,31 Jul 2025,,dw98cmzn248gwpl04tt0v1pg4,Chrysovalantis Theouli,FC Utrecht,FK Sheriff Tiraspol,Miguel Rodríguez,0,0,0,0,0,0,0,0,2,0,0,0,0,0,0
143,31 Jul 2025,,dw98cmzn248gwpl04tt0v1pg4,Chrysovalantis Theouli,FC Utrecht,FK Sheriff Tiraspol,A. Gjoni,0,1,1,1,1,1,0,1,8,0,0,1,0,0,0
143,31 Jul 2025,,dw98cmzn248gwpl04tt0v1pg4,Chrysovalantis Theouli,FC Utrecht,FK Sheriff Tiraspol,I. Soumah,0,0,0,0,2,3,0,0,41,0,0,0,0,1,0
143,31 Jul 2025,,dw98cmzn248gwpl04tt0v1pg4,Chrysovalantis Theouli,FC Utrecht,FK Sheriff Tiraspol,S. Magassouba,0,0,0,0,1,0,0,0,63,0,0,2,0,0,0
143,31 Jul 2025,,dw98cmzn248gwpl04tt0v1pg4,Chrysovalantis Theouli,FC Utrecht,FK Sheriff Tiraspol,Raí Lopes,0,0,0,1,1,1,0,0,32,0,0,0,0,1,0
143,31 Jul 2025,,dw98cmzn248gwpl04tt0v1pg4,Chrysovalantis Theouli,FC Utrecht,FK Sheriff Tiraspol,A. Mija,0,0,0,0,1,2,0,0,19,0,0,1,0,0,0
143,31 Jul 2025,,dw98cmzn248gwpl04tt0v1pg4,Chrysovalantis Theouli,FC Utrecht,FK Sheriff Tiraspol,P. Yade,0,0,2,1,2,1,0,0,13,0,0,0,0,1,0
143,31 Jul 2025,,dw98cmzn248gwpl04tt0v1pg4,Chrysovalantis Theouli,FC Utrecht,FK Sheriff Tiraspol,I. Dyulgerov,0,0,0,0,0,0,0,0,20,0,4,0,0,0,0
143,31 Jul 2025,,dw98cmzn248gwpl04tt0v1pg4,Chrysovalantis Theouli,FC Utrecht,FK Sheriff Tiraspol,N. Swen,0,0,0,1,0,0,0,0,29,0,0,1,0,3,0
143,31 Jul 2025,,dw98cmzn248gwpl04tt0v1pg4,Chrysovalantis Theouli,FC Utrecht,FK Sheriff Tiraspol,M. Diarra,0,0,0,5,1,0,0,0,8,0,0,1,1,0,0
143,31 Jul 2025,,dw98cmzn248gwpl04tt0v1pg4,Chrysovalantis Theouli,FC Utrecht,FK Sheriff Tiraspol,P. Ademo,0,0,0,0,0,0,0,0,14,0,0,0,0,0,0
143,31 Jul 2025,,dw98cmzn248gwpl04tt0v1pg4,Chrysovalantis Theouli,FC Utrecht,FK Sheriff Tiraspol,N. Boakye,0,0,0,0,0,2,0,0,50,0,0,0,0,2,0
143,31 Jul 2025,,dw98cmzn248gwpl04tt0v1pg4,Chrysovalantis Theouli,FC Utrecht,FK Sheriff Tiraspol,E. Odede,0,0,0,0,1,0,1,0,6,0,0,1,1,0,0
143,31 Jul 2025,,dw98cmzn248gwpl04tt0v1pg4,Chrysovalantis Theouli,FC Utrecht,FK Sheriff Tiraspol,A. Serobyan,0,0,1,1,0,0,0,0,7,0,0,0,0,1,0
143,31 Jul 2025,,dw98cmzn248gwpl04tt0v1pg4,Chrysovalantis Theouli,FC Utrecht,FK Sheriff Tiraspol,M. Corotcov,0,0,0,0,1,0,0,0,4,0,0,0,0,1,0
143,31 Jul 2025,,dw98cmzn248gwpl04tt0v1pg4,Chrysovalantis Theouli,FC Utrecht,FK Sheriff Tiraspol,V. Cozma,1,0,0,0,0,0,0,0,4,0,0,0,0,0,0
147,21 Aug 2025,,et5e017h24vr4fpdzy6o9uplg,Donatas Rumšas,KKS Lech Poznań,KRC Genk,A. Kozubal,0,0,0,0,0,1,0,0,60,0,0,0,0,1,0
147,21 Aug 2025,,et5e017h24vr4fpdzy6o9uplg,Donatas Rumšas,KKS Lech Poznań,KRC Genk,M. Skrzypczak,0,0,0,0,0,0,0,0,77,0,0,0,0,1,0
147,21 Aug 2025,,et5e017h24vr4fpdzy6o9uplg,Donatas Rumšas,KKS Lech Poznań,KRC Genk,A. Milić,0,0,0,0,0,0,0,0,16,0,0,0,0,1,0
147,21 Aug 2025,,et5e017h24vr4fpdzy6o9uplg,Donatas Rumšas,KKS Lech Poznań,KRC Genk,L. Palma,0,1,1,5,1,1,0,0,31,0,0,2,0,0,0
147,21 Aug 2025,,et5e017h24vr4fpdzy6o9uplg,Donatas Rumšas,KKS Lech Poznań,KRC Genk,G. Þórðarson,0,0,0,0,1,0,0,0,26,0,0,0,0,0,0
147,21 Aug 2025,,et5e017h24vr4fpdzy6o9uplg,Donatas Rumšas,KKS Lech Poznań,KRC Genk,M. Ishak,1,1,0,0,0,1,0,0,19,0,0,4,1,1,0
147,21 Aug 2025,,et5e017h24vr4fpdzy6o9uplg,Donatas Rumšas,KKS Lech Poznań,KRC Genk,F. Jagiełło,0,0,0,1,1,2,1,0,25,0,0,1,1,1,0
147,21 Aug 2025,,et5e017h24vr4fpdzy6o9uplg,Donatas Rumšas,KKS Lech Poznań,KRC Genk,João Moutinho,0,0,1,3,2,2,0,0,37,0,0,3,2,6,1
147,21 Aug 2025,,et5e017h24vr4fpdzy6o9uplg,Donatas Rumšas,KKS Lech Poznań,KRC Genk,A. Douglas,0,0,0,0,1,0,0,0,33,0,0,0,0,0,0
147,21 Aug 2025,,et5e017h24vr4fpdzy6o9uplg,Donatas Rumšas,KKS Lech Poznań,KRC Genk,L. Bengtsson,0,1,0,0,1,0,0,0,19,0,0,2,1,1,0
147,21 Aug 2025,,et5e017h24vr4fpdzy6o9uplg,Donatas Rumšas,KKS Lech Poznań,KRC Genk,B. Mrozek,0,0,0,0,0,0,0,0,29,0,8,0,0,0,0
147,21 Aug 2025,,et5e017h24vr4fpdzy6o9uplg,Donatas Rumšas,KKS Lech Poznań,KRC Genk,W. Mońka,0,0,0,0,0,1,0,0,46,0,0,0,0,0,0
147,21 Aug 2025,,et5e017h24vr4fpdzy6o9uplg,Donatas Rumšas,KKS Lech Poznań,KRC Genk,M. Gurgul,0,0,0,2,0,0,0,0,34,0,0,0,0,0,0
147,21 Aug 2025,,et5e017h24vr4fpdzy6o9uplg,Donatas Rumšas,KKS Lech Poznań,KRC Genk,T. Ouma,0,0,0,0,0,0,0,0,15,0,0,0,0,1,0
147,21 Aug 2025,,et5e017h24vr4fpdzy6o9uplg,Donatas Rumšas,KKS Lech Poznań,KRC Genk,B. Fiabema,0,0,1,0,0,0,0,0,4,0,0,2,0,0,0
147,21 Aug 2025,,et5e017h24vr4fpdzy6o9uplg,Donatas Rumšas,KKS Lech Poznań,KRC Genk,K. Lisman,0,0,0,0,0,0,0,0,7,0,0,0,0,0,0
147,21 Aug 2025,,et5e017h24vr4fpdzy6o9uplg,Donatas Rumšas,KKS Lech Poznań,KRC Genk,P. Hrošovský,0,0,0,0,0,0,2,0,37,0,0,4,3,1,0
147,21 Aug 2025,,et5e017h24vr4fpdzy6o9uplg,Donatas Rumšas,KKS Lech Poznań,KRC Genk,M. Smets,1,0,0,0,1,0,0,0,75,0,0,0,0,1,1
147,21 Aug 2025,,et5e017h24vr4fpdzy6o9uplg,Donatas Rumšas,KKS Lech Poznań,KRC Genk,B. Heynen,0,1,1,2,1,1,1,0,50,0,0,2,1,0,0
147,21 Aug 2025,,et5e017h24vr4fpdzy6o9uplg,Donatas Rumšas,KKS Lech Poznań,KRC Genk,Oh Hyeon-Gyu,0,0,0,0,0,2,1,0,15,0,0,7,3,0,0
147,21 Aug 2025,,et5e017h24vr4fpdzy6o9uplg,Donatas Rumšas,KKS Lech Poznań,KRC Genk,Z. El Ouahdi,0,1,1,1,0,0,0,0,22,0,0,3,2,2,0
147,21 Aug 2025,,et5e017h24vr4fpdzy6o9uplg,Donatas Rumšas,KKS Lech Poznań,KRC Genk,T. Lawal,0,0,0,0,0,0,0,0,46,0,5,0,0,0,0
147,21 Aug 2025,,et5e017h24vr4fpdzy6o9uplg,Donatas Rumšas,KKS Lech Poznań,KRC Genk,Y. Sor,1,0,0,1,0,0,0,0,31,0,0,0,0,1,0
147,21 Aug 2025,,et5e017h24vr4fpdzy6o9uplg,Donatas Rumšas,KKS Lech Poznań,KRC Genk,J. Kayembe,0,0,0,1,0,1,0,0,58,0,0,0,0,1,0
147,21 Aug 2025,,et5e017h24vr4fpdzy6o9uplg,Donatas Rumšas,KKS Lech Poznań,KRC Genk,Mujaid Sadick,0,0,0,0,0,0,0,0,44,0,0,0,0,2,0
147,21 Aug 2025,,et5e017h24vr4fpdzy6o9uplg,Donatas Rumšas,KKS Lech Poznań,KRC Genk,J. Steuckers,2,1,0,4,1,0,0,1,29,0,0,1,0,0,1
147,21 Aug 2025,,et5e017h24vr4fpdzy6o9uplg,Donatas Rumšas,KKS Lech Poznań,KRC Genk,I. Bangoura,0,1,0,0,2,2,0,0,23,0,0,1,0,5,1
147,21 Aug 2025,,et5e017h24vr4fpdzy6o9uplg,Donatas Rumšas,KKS Lech Poznań,KRC Genk,N. Adedeji-Sternberg,0,2,1,0,1,1,0,0,6,0,0,2,0,4,0
147,21 Aug 2025,,et5e017h24vr4fpdzy6o9uplg,Donatas Rumšas,KKS Lech Poznań,KRC Genk,J. Ito,0,1,1,2,0,0,0,0,9,0,0,2,0,0,0
147,21 Aug 2025,,et5e017h24vr4fpdzy6o9uplg,Donatas Rumšas,KKS Lech Poznań,KRC Genk,T. Arokodare,0,0,0,0,2,0,0,0,5,0,0,1,1,0,0
147,21 Aug 2025,,et5e017h24vr4fpdzy6o9uplg,Donatas Rumšas,KKS Lech Poznań,KRC Genk,K. Karetsas,0,0,1,4,0,0,0,0,7,0,0,2,2,0,0
147,21 Aug 2025,,et5e017h24vr4fpdzy6o9uplg,Donatas Rumšas,KKS Lech Poznań,KRC Genk,N. Sattlberger,0,0,0,0,0,0,0,0,2,0,0,0,0,0,0
148,28 Aug 2025,,ev0iq7ld1a0856celb7nmuxas,Davide Massa,KRC Genk,KKS Lech Poznań,K. Nkuba,0,0,0,1,1,0,0,0,41,0,0,1,0,4,0
148,28 Aug 2025,,ev0iq7ld1a0856celb7nmuxas,Davide Massa,KRC Genk,KKS Lech Poznań,Y. Medina,0,0,1,2,3,1,0,0,49,0,0,3,2,4,0
148,28 Aug 2025,,ev0iq7ld1a0856celb7nmuxas,Davide Massa,KRC Genk,KKS Lech Poznań,N. Adedeji-Sternberg,0,0,2,1,2,2,0,0,38,0,0,0,0,3,0
148,28 Aug 2025,,ev0iq7ld1a0856celb7nmuxas,Davide Massa,KRC Genk,KKS Lech Poznań,N. Sattlberger,0,0,0,0,2,1,0,0,35,0,0,0,0,3,0
148,28 Aug 2025,,ev0iq7ld1a0856celb7nmuxas,Davide Massa,KRC Genk,KKS Lech Poznań,Oh Hyeon-Gyu,0,1,0,0,0,2,0,0,14,0,0,2,0,0,0
148,28 Aug 2025,,ev0iq7ld1a0856celb7nmuxas,Davide Massa,KRC Genk,KKS Lech Poznań,K. Karetsas,0,1,5,12,1,2,0,0,44,0,0,3,1,1,0
148,28 Aug 2025,,ev0iq7ld1a0856celb7nmuxas,Davide Massa,KRC Genk,KKS Lech Poznań,J. Kongolo,0,0,0,0,1,2,0,0,65,0,0,0,0,2,0
148,28 Aug 2025,,ev0iq7ld1a0856celb7nmuxas,Davide Massa,KRC Genk,KKS Lech Poznań,M. Smets,0,0,0,0,0,0,0,0,83,0,0,0,0,0,0
148,28 Aug 2025,,ev0iq7ld1a0856celb7nmuxas,Davide Massa,KRC Genk,KKS Lech Poznań,P. Hrošovský,0,0,0,0,0,0,0,0,51,0,0,1,0,1,0
148,28 Aug 2025,,ev0iq7ld1a0856celb7nmuxas,Davide Massa,KRC Genk,KKS Lech Poznań,T. Lawal,0,0,0,0,0,0,0,0,28,0,2,0,0,0,0
148,28 Aug 2025,,ev0iq7ld1a0856celb7nmuxas,Davide Massa,KRC Genk,KKS Lech Poznań,J. Ito,0,1,0,4,1,0,1,0,28,0,0,3,1,2,1
148,28 Aug 2025,,ev0iq7ld1a0856celb7nmuxas,Davide Massa,KRC Genk,KKS Lech Poznań,B. Heynen,0,0,0,1,1,0,0,1,26,0,0,0,0,1,0
148,28 Aug 2025,,ev0iq7ld1a0856celb7nmuxas,Davide Massa,KRC Genk,KKS Lech Poznań,Y. Sor,0,0,0,0,2,0,0,0,16,0,0,2,0,0,0
148,28 Aug 2025,,ev0iq7ld1a0856celb7nmuxas,Davide Massa,KRC Genk,KKS Lech Poznań,J. Steuckers,0,0,0,2,1,0,0,0,12,0,0,1,0,0,0
148,28 Aug 2025,,ev0iq7ld1a0856celb7nmuxas,Davide Massa,KRC Genk,KKS Lech Poznań,J. Kayembe,0,0,0,0,0,2,0,0,10,0,0,0,0,0,0
148,28 Aug 2025,,ev0iq7ld1a0856celb7nmuxas,Davide Massa,KRC Genk,KKS Lech Poznań,R. Mirisola,0,0,0,0,0,0,0,1,1,0,0,0,0,0,0
148,28 Aug 2025,,ev0iq7ld1a0856celb7nmuxas,Davide Massa,KRC Genk,KKS Lech Poznań,B. Fiabema,1,0,1,1,1,2,0,0,9,0,0,0,0,0,0
148,28 Aug 2025,,ev0iq7ld1a0856celb7nmuxas,Davide Massa,KRC Genk,KKS Lech Poznań,A. Kozubal,0,0,0,0,0,2,0,0,18,0,0,1,0,1,0
148,28 Aug 2025,,ev0iq7ld1a0856celb7nmuxas,Davide Massa,KRC Genk,KKS Lech Poznań,M. Skrzypczak,0,0,0,0,1,0,0,0,29,0,0,1,0,1,0
148,28 Aug 2025,,ev0iq7ld1a0856celb7nmuxas,Davide Massa,KRC Genk,KKS Lech Poznań,M. Gurgul,0,0,0,0,0,1,0,0,32,0,0,1,0,3,0
148,28 Aug 2025,,ev0iq7ld1a0856celb7nmuxas,Davide Massa,KRC Genk,KKS Lech Poznań,K. Lisman,0,0,0,1,0,1,1,0,21,0,0,1,1,1,0
148,28 Aug 2025,,ev0iq7ld1a0856celb7nmuxas,Davide Massa,KRC Genk,KKS Lech Poznań,João Moutinho,0,0,0,3,2,1,0,0,31,0,0,0,0,2,0
148,28 Aug 2025,,ev0iq7ld1a0856celb7nmuxas,Davide Massa,KRC Genk,KKS Lech Poznań,L. Palma,0,0,0,4,0,2,0,0,13,0,0,1,0,0,0
148,28 Aug 2025,,ev0iq7ld1a0856celb7nmuxas,Davide Massa,KRC Genk,KKS Lech Poznań,T. Ouma,0,0,2,2,2,1,0,0,32,0,0,2,1,4,0
148,28 Aug 2025,,ev0iq7ld1a0856celb7nmuxas,Davide Massa,KRC Genk,KKS Lech Poznań,W. Mońka,0,0,0,0,2,0,0,0,51,0,0,0,0,4,1
148,28 Aug 2025,,ev0iq7ld1a0856celb7nmuxas,Davide Massa,KRC Genk,KKS Lech Poznań,B. Mrozek,0,0,0,0,0,0,0,0,31,0,3,0,0,0,0
148,28 Aug 2025,,ev0iq7ld1a0856celb7nmuxas,Davide Massa,KRC Genk,KKS Lech Poznań,Pablo Rodríguez,0,0,1,0,1,1,0,0,16,0,0,1,1,4,0
148,28 Aug 2025,,ev0iq7ld1a0856celb7nmuxas,Davide Massa,KRC Genk,KKS Lech Poznań,G. Þórðarson,0,0,0,0,0,1,0,0,8,0,0,0,0,1,0
148,28 Aug 2025,,ev0iq7ld1a0856celb7nmuxas,Davide Massa,KRC Genk,KKS Lech Poznań,L. Bengtsson,0,0,0,2,2,1,1,0,13,0,0,2,1,2,0
148,28 Aug 2025,,ev0iq7ld1a0856celb7nmuxas,Davide Massa,KRC Genk,KKS Lech Poznań,A. Douglas,0,0,0,0,0,0,0,0,9,0,0,0,0,0,0
148,28 Aug 2025,,ev0iq7ld1a0856celb7nmuxas,Davide Massa,KRC Genk,KKS Lech Poznań,F. Szymczak,0,1,0,0,1,0,0,0,4,0,0,1,0,1,0
148,28 Aug 2025,,ev0iq7ld1a0856celb7nmuxas,Davide Massa,KRC Genk,KKS Lech Poznań,B. Barański,0,0,0,0,0,0,0,0,6,0,0,0,0,0,0
149,24 Jul 2025,,exinbwqsqtpobfj3ef76h73f8,Robert Schröder,FC Midtjylland,Hibernian FC,V. Bak Jensen,0,0,0,6,2,1,0,0,56,0,0,0,0,1,0
149,24 Jul 2025,,exinbwqsqtpobfj3ef76h73f8,Robert Schröder,FC Midtjylland,Hibernian FC,Lee Han-Beom,0,0,0,0,3,1,0,0,79,0,0,1,0,0,0
149,24 Jul 2025,,exinbwqsqtpobfj3ef76h73f8,Robert Schröder,FC Midtjylland,Hibernian FC,M. Bech,0,1,0,0,0,1,0,0,68,0,0,2,0,0,1
149,24 Jul 2025,,exinbwqsqtpobfj3ef76h73f8,Robert Schröder,FC Midtjylland,Hibernian FC,O. Sørensen,0,0,2,1,1,2,0,1,47,0,0,1,1,4,0
149,24 Jul 2025,,exinbwqsqtpobfj3ef76h73f8,Robert Schröder,FC Midtjylland,Hibernian FC,P. Bravo,0,1,1,0,0,0,0,0,54,0,0,2,1,1,0
149,24 Jul 2025,,exinbwqsqtpobfj3ef76h73f8,Robert Schröder,FC Midtjylland,Hibernian FC,K. Mbabu,0,0,1,7,0,1,0,0,63,0,0,1,1,0,0
149,24 Jul 2025,,exinbwqsqtpobfj3ef76h73f8,Robert Schröder,FC Midtjylland,Hibernian FC,A. Buksa,0,0,0,0,0,0,0,0,4,0,0,4,0,0,0
149,24 Jul 2025,,exinbwqsqtpobfj3ef76h73f8,Robert Schröder,FC Midtjylland,Hibernian FC,Franculino Djú,0,1,0,0,2,0,0,2,25,0,0,4,0,0,0
149,24 Jul 2025,,exinbwqsqtpobfj3ef76h73f8,Robert Schröder,FC Midtjylland,Hibernian FC,J. Lössl,0,0,0,0,0,0,0,0,26,0,1,0,0,0,0
149,24 Jul 2025,,exinbwqsqtpobfj3ef76h73f8,Robert Schröder,FC Midtjylland,Hibernian FC,D. Osorio,0,0,0,6,1,1,0,0,17,0,0,0,0,1,0
149,24 Jul 2025,,exinbwqsqtpobfj3ef76h73f8,Robert Schröder,FC Midtjylland,Hibernian FC,A. Şimşir,0,2,1,4,0,3,1,0,49,0,0,4,1,0,0
149,24 Jul 2025,,exinbwqsqtpobfj3ef76h73f8,Robert Schröder,FC Midtjylland,Hibernian FC,F. Etim,0,1,1,0,1,0,0,0,4,0,0,2,0,0,0
149,24 Jul 2025,,exinbwqsqtpobfj3ef76h73f8,Robert Schröder,FC Midtjylland,Hibernian FC,M. Gogorza,0,0,0,1,2,2,0,0,12,0,0,0,0,0,0
149,24 Jul 2025,,exinbwqsqtpobfj3ef76h73f8,Robert Schröder,FC Midtjylland,Hibernian FC,V. Byskov,0,0,0,3,0,0,0,0,33,0,0,0,0,0,0
149,24 Jul 2025,,exinbwqsqtpobfj3ef76h73f8,Robert Schröder,FC Midtjylland,Hibernian FC,D. Castillo,0,0,0,0,0,1,0,0,10,0,0,0,0,0,0
149,24 Jul 2025,,exinbwqsqtpobfj3ef76h73f8,Robert Schröder,FC Midtjylland,Hibernian FC,A. Gabriel,0,0,0,1,0,0,0,0,8,0,0,2,0,0,0
149,24 Jul 2025,,exinbwqsqtpobfj3ef76h73f8,Robert Schröder,FC Midtjylland,Hibernian FC,J. McGrath,0,0,0,0,2,1,1,0,19,0,0,1,1,1,0
149,24 Jul 2025,,exinbwqsqtpobfj3ef76h73f8,Robert Schröder,FC Midtjylland,Hibernian FC,W. O'Hora,0,0,0,0,0,0,0,0,17,0,0,0,0,1,1
149,24 Jul 2025,,exinbwqsqtpobfj3ef76h73f8,Robert Schröder,FC Midtjylland,Hibernian FC,D. Levitt,0,0,0,1,2,0,0,0,23,0,0,1,0,4,0
149,24 Jul 2025,,exinbwqsqtpobfj3ef76h73f8,Robert Schröder,FC Midtjylland,Hibernian FC,M. Boyle,0,3,1,0,2,0,0,1,3,0,0,5,0,0,0
149,24 Jul 2025,,exinbwqsqtpobfj3ef76h73f8,Robert Schröder,FC Midtjylland,Hibernian FC,C. Cadden,0,0,0,1,2,1,0,0,11,0,0,0,0,0,0
149,24 Jul 2025,,exinbwqsqtpobfj3ef76h73f8,Robert Schröder,FC Midtjylland,Hibernian FC,J. Mulligan,0,0,0,1,1,2,0,1,18,0,0,1,1,2,0
149,24 Jul 2025,,exinbwqsqtpobfj3ef76h73f8,Robert Schröder,FC Midtjylland,Hibernian FC,R. Bushiri,0,0,0,0,0,0,0,0,16,0,0,0,0,2,0
149,24 Jul 2025,,exinbwqsqtpobfj3ef76h73f8,Robert Schröder,FC Midtjylland,Hibernian FC,J. Smith,0,0,0,0,0,0,0,0,35,0,3,0,0,0,1
149,24 Jul 2025,,exinbwqsqtpobfj3ef76h73f8,Robert Schröder,FC Midtjylland,Hibernian FC,K. Bowie,0,1,0,0,0,3,0,0,7,0,0,2,0,0,0
149,24 Jul 2025,,exinbwqsqtpobfj3ef76h73f8,Robert Schröder,FC Midtjylland,Hibernian FC,J. Iredale,0,0,0,1,2,2,0,0,12,0,0,0,0,1,1
149,24 Jul 2025,,exinbwqsqtpobfj3ef76h73f8,Robert Schröder,FC Midtjylland,Hibernian FC,J. Obita,0,0,0,2,0,0,0,0,16,0,0,0,0,1,1
149,24 Jul 2025,,exinbwqsqtpobfj3ef76h73f8,Robert Schröder,FC Midtjylland,Hibernian FC,J. Campbell,0,0,0,0,0,1,0,0,11,0,0,0,0,0,0
149,24 Jul 2025,,exinbwqsqtpobfj3ef76h73f8,Robert Schröder,FC Midtjylland,Hibernian FC,K. Megwa,0,0,0,0,1,1,0,0,3,0,0,0,0,0,0
149,24 Jul 2025,,exinbwqsqtpobfj3ef76h73f8,Robert Schröder,FC Midtjylland,Hibernian FC,A. Manneh,0,0,0,0,1,1,0,0,1,0,0,0,0,0,1
149,24 Jul 2025,,exinbwqsqtpobfj3ef76h73f8,Robert Schröder,FC Midtjylland,Hibernian FC,J. Hoilett,0,0,0,1,0,0,0,0,2,0,0,0,0,0,0
149,24 Jul 2025,,exinbwqsqtpobfj3ef76h73f8,Robert Schröder,FC Midtjylland,Hibernian FC,T. Klidje,0,0,0,0,0,0,0,0,1,0,0,0,0,0,0
150,31 Jul 2025,,f1gx1a5gifqw0lyz3i0zgrspg,Gustavo Fernandes Correia,Hibernian FC,FC Midtjylland,J. Iredale,0,0,0,0,0,0,0,0,27,0,0,0,0,3,0
150,31 Jul 2025,,f1gx1a5gifqw0lyz3i0zgrspg,Gustavo Fernandes Correia,Hibernian FC,FC Midtjylland,J. Obita,0,0,1,7,3,2,0,0,19,0,0,0,0,2,0
150,31 Jul 2025,,f1gx1a5gifqw0lyz3i0zgrspg,Gustavo Fernandes Correia,Hibernian FC,FC Midtjylland,M. Boyle,0,2,1,1,0,1,0,5,7,0,0,2,0,2,1
150,31 Jul 2025,,f1gx1a5gifqw0lyz3i0zgrspg,Gustavo Fernandes Correia,Hibernian FC,FC Midtjylland,W. O'Hora,0,0,0,0,1,0,0,0,42,0,0,1,1,1,0
150,31 Jul 2025,,f1gx1a5gifqw0lyz3i0zgrspg,Gustavo Fernandes Correia,Hibernian FC,FC Midtjylland,J. Mulligan,0,0,0,1,1,0,0,0,29,0,0,1,0,3,0
150,31 Jul 2025,,f1gx1a5gifqw0lyz3i0zgrspg,Gustavo Fernandes Correia,Hibernian FC,FC Midtjylland,C. Cadden,0,0,0,2,1,0,0,0,16,0,0,1,1,0,1
150,31 Jul 2025,,f1gx1a5gifqw0lyz3i0zgrspg,Gustavo Fernandes Correia,Hibernian FC,FC Midtjylland,D. Levitt,0,0,0,0,0,0,0,0,31,0,0,0,0,0,0
150,31 Jul 2025,,f1gx1a5gifqw0lyz3i0zgrspg,Gustavo Fernandes Correia,Hibernian FC,FC Midtjylland,J. McGrath,0,0,0,2,1,3,0,0,19,0,0,1,0,2,0
150,31 Jul 2025,,f1gx1a5gifqw0lyz3i0zgrspg,Gustavo Fernandes Correia,Hibernian FC,FC Midtjylland,R. Bushiri,0,0,0,0,0,0,0,0,28,0,0,0,0,0,0
150,31 Jul 2025,,f1gx1a5gifqw0lyz3i0zgrspg,Gustavo Fernandes Correia,Hibernian FC,FC Midtjylland,J. Smith,0,0,0,0,0,0,0,0,40,0,8,0,0,0,0
150,31 Jul 2025,,f1gx1a5gifqw0lyz3i0zgrspg,Gustavo Fernandes Correia,Hibernian FC,FC Midtjylland,K. Bowie,0,0,0,0,3,1,0,0,13,0,0,0,0,1,0
150,31 Jul 2025,,f1gx1a5gifqw0lyz3i0zgrspg,Gustavo Fernandes Correia,Hibernian FC,FC Midtjylland,J. Campbell,0,0,0,0,0,2,0,0,5,0,0,0,0,2,0
150,31 Jul 2025,,f1gx1a5gifqw0lyz3i0zgrspg,Gustavo Fernandes Correia,Hibernian FC,FC Midtjylland,É. Youan,0,0,0,0,0,0,0,0,0,0,0,0,0,2,0
150,31 Jul 2025,,f1gx1a5gifqw0lyz3i0zgrspg,Gustavo Fernandes Correia,Hibernian FC,FC Midtjylland,N. Cadden,0,0,0,0,1,0,0,0,1,0,0,0,0,0,0
150,31 Jul 2025,,f1gx1a5gifqw0lyz3i0zgrspg,Gustavo Fernandes Correia,Hibernian FC,FC Midtjylland,J. Hoilett,0,0,0,0,0,0,0,0,0,0,0,0,0,0,0
150,31 Jul 2025,,f1gx1a5gifqw0lyz3i0zgrspg,Gustavo Fernandes Correia,Hibernian FC,FC Midtjylland,T. Klidje,0,0,0,0,0,0,0,0,0,0,0,0,0,0,0
150,31 Jul 2025,,f1gx1a5gifqw0lyz3i0zgrspg,Gustavo Fernandes Correia,Hibernian FC,FC Midtjylland,K. Megwa,0,0,0,0,0,0,0,0,0,0,0,0,0,0,0
150,31 Jul 2025,,f1gx1a5gifqw0lyz3i0zgrspg,Gustavo Fernandes Correia,Hibernian FC,FC Midtjylland,A. Şimşir,0,2,1,2,0,1,0,0,40,0,0,3,0,0,0
150,31 Jul 2025,,f1gx1a5gifqw0lyz3i0zgrspg,Gustavo Fernandes Correia,Hibernian FC,FC Midtjylland,M. Bech,0,0,0,0,1,3,0,0,55,0,0,1,1,0,0
150,31 Jul 2025,,f1gx1a5gifqw0lyz3i0zgrspg,Gustavo Fernandes Correia,Hibernian FC,FC Midtjylland,K. Mbabu,0,0,1,5,2,1,0,0,51,0,0,0,0,3,0
150,31 Jul 2025,,f1gx1a5gifqw0lyz3i0zgrspg,Gustavo Fernandes Correia,Hibernian FC,FC Midtjylland,Paulinho,0,0,3,2,0,0,0,0,51,0,0,1,0,0,0
150,31 Jul 2025,,f1gx1a5gifqw0lyz3i0zgrspg,Gustavo Fernandes Correia,Hibernian FC,FC Midtjylland,P. Bravo,0,0,0,0,2,0,0,0,61,0,0,0,0,3,1
150,31 Jul 2025,,f1gx1a5gifqw0lyz3i0zgrspg,Gustavo Fernandes Correia,Hibernian FC,FC Midtjylland,O. Sørensen,0,1,0,3,1,0,0,0,59,0,0,3,2,1,0
150,31 Jul 2025,,f1gx1a5gifqw0lyz3i0zgrspg,Gustavo Fernandes Correia,Hibernian FC,FC Midtjylland,Lee Han-Beom,0,0,0,0,2,0,0,0,61,0,0,2,2,0,0
150,31 Jul 2025,,f1gx1a5gifqw0lyz3i0zgrspg,Gustavo Fernandes Correia,Hibernian FC,FC Midtjylland,J. Lössl,0,0,0,0,0,0,0,0,20,0,2,0,0,0,0
150,31 Jul 2025,,f1gx1a5gifqw0lyz3i0zgrspg,Gustavo Fernandes Correia,Hibernian FC,FC Midtjylland,Franculino Djú,0,0,0,0,0,1,0,2,22,0,0,3,1,1,0
150,31 Jul 2025,,f1gx1a5gifqw0lyz3i0zgrspg,Gustavo Fernandes Correia,Hibernian FC,FC Midtjylland,V. Byskov,0,1,0,3,0,1,0,0,30,0,0,2,0,1,0
150,31 Jul 2025,,f1gx1a5gifqw0lyz3i0zgrspg,Gustavo Fernandes Correia,Hibernian FC,FC Midtjylland,D. Osorio,0,1,1,5,2,2,0,0,24,0,0,4,2,4,0
150,31 Jul 2025,,f1gx1a5gifqw0lyz3i0zgrspg,Gustavo Fernandes Correia,Hibernian FC,FC Midtjylland,V. Bak Jensen,0,0,1,1,0,1,0,0,15,0,0,1,0,0,0
150,31 Jul 2025,,f1gx1a5gifqw0lyz3i0zgrspg,Gustavo Fernandes Correia,Hibernian FC,FC Midtjylland,D. Castillo,0,0,1,0,0,0,0,0,10,0,0,0,0,0,0
150,31 Jul 2025,,f1gx1a5gifqw0lyz3i0zgrspg,Gustavo Fernandes Correia,Hibernian FC,FC Midtjylland,M. Gogorza,0,0,1,7,0,1,0,0,11,0,0,2,0,0,0
150,31 Jul 2025,,f1gx1a5gifqw0lyz3i0zgrspg,Gustavo Fernandes Correia,Hibernian FC,FC Midtjylland,E. Chilufya,0,0,0,0,0,0,0,0,0,0,0,0,0,0,0
150,31 Jul 2025,,f1gx1a5gifqw0lyz3i0zgrspg,Gustavo Fernandes Correia,Hibernian FC,FC Midtjylland,Júnior Brumado,0,0,0,0,0,0,0,0,0,0,0,0,0,0,0
150,31 Jul 2025,,f1gx1a5gifqw0lyz3i0zgrspg,Gustavo Fernandes Correia,Hibernian FC,FC Midtjylland,E. Ólafsson,0,0,0,0,0,0,0,0,0,0,0,0,0,0,0
152,14 Aug 2025,,f32g90kashwq5kjyzwpdxjuhg,Daniel Siebert,FC Shakhtar Donetsk,Panathinaikos FC,Kauã Elias,0,0,0,0,0,1,0,0,12,0,0,1,0,0,0
152,14 Aug 2025,,f32g90kashwq5kjyzwpdxjuhg,Daniel Siebert,FC Shakhtar Donetsk,Panathinaikos FC,Marlon Gomes,0,0,1,0,0,3,0,0,54,0,0,0,0,2,0
152,14 Aug 2025,,f32g90kashwq5kjyzwpdxjuhg,Daniel Siebert,FC Shakhtar Donetsk,Panathinaikos FC,Pedro Henrique,0,0,2,3,0,0,0,0,56,0,0,4,1,2,0
152,14 Aug 2025,,f32g90kashwq5kjyzwpdxjuhg,Daniel Siebert,FC Shakhtar Donetsk,Panathinaikos FC,V. Bondar,0,0,0,0,2,0,0,0,85,0,0,1,1,0,1
152,14 Aug 2025,,f32g90kashwq5kjyzwpdxjuhg,Daniel Siebert,FC Shakhtar Donetsk,Panathinaikos FC,M. Matviienko,0,0,0,0,0,0,0,0,82,0,0,0,0,0,0
152,14 Aug 2025,,f32g90kashwq5kjyzwpdxjuhg,Daniel Siebert,FC Shakhtar Donetsk,Panathinaikos FC,Vinícius Tobias,0,0,1,3,2,2,0,0,42,0,0,0,0,4,0
152,14 Aug 2025,,f32g90kashwq5kjyzwpdxjuhg,Daniel Siebert,FC Shakhtar Donetsk,Panathinaikos FC,D. Riznyk,0,0,0,0,0,0,0,0,31,0,2,0,0,0,0
152,14 Aug 2025,,f32g90kashwq5kjyzwpdxjuhg,Daniel Siebert,FC Shakhtar Donetsk,Panathinaikos FC,Newerton,0,0,0,3,1,4,0,1,36,0,0,2,0,2,0
152,14 Aug 2025,,f32g90kashwq5kjyzwpdxjuhg,Daniel Siebert,FC Shakhtar Donetsk,Panathinaikos FC,O. Ocheretko,0,0,0,0,3,0,0,0,32,1,0,1,0,0,2
152,14 Aug 2025,,f32g90kashwq5kjyzwpdxjuhg,Daniel Siebert,FC Shakhtar Donetsk,Panathinaikos FC,Alisson Santana,0,0,0,3,2,0,0,1,21,0,0,2,1,1,0
152,14 Aug 2025,,f32g90kashwq5kjyzwpdxjuhg,Daniel Siebert,FC Shakhtar Donetsk,Panathinaikos FC,A. Bondarenko,0,1,1,0,0,2,0,0,27,0,0,1,0,0,0
152,14 Aug 2025,,f32g90kashwq5kjyzwpdxjuhg,Daniel Siebert,FC Shakhtar Donetsk,Panathinaikos FC,Y. Nazaryna,0,0,0,0,0,0,0,0,0,0,0,0,0,0,0
152,14 Aug 2025,,f32g90kashwq5kjyzwpdxjuhg,Daniel Siebert,FC Shakhtar Donetsk,Panathinaikos FC,M. Shved,0,0,0,0,0,0,0,0,0,0,0,0,0,0,0
152,14 Aug 2025,,f32g90kashwq5kjyzwpdxjuhg,Daniel Siebert,FC Shakhtar Donetsk,Panathinaikos FC,A. Gnezda Čerin,0,0,0,1,5,1,0,0,39,0,0,1,0,3,1
152,14 Aug 2025,,f32g90kashwq5kjyzwpdxjuhg,Daniel Siebert,FC Shakhtar Donetsk,Panathinaikos FC,Tetê,0,2,0,1,0,1,0,0,18,0,0,2,0,1,0
152,14 Aug 2025,,f32g90kashwq5kjyzwpdxjuhg,Daniel Siebert,FC Shakhtar Donetsk,Panathinaikos FC,G. Kotsiras,0,0,0,2,1,1,0,0,53,0,0,0,0,5,0
152,14 Aug 2025,,f32g90kashwq5kjyzwpdxjuhg,Daniel Siebert,FC Shakhtar Donetsk,Panathinaikos FC,Pedro Chirivella,0,0,0,0,1,0,0,0,60,0,0,1,1,0,0
152,14 Aug 2025,,f32g90kashwq5kjyzwpdxjuhg,Daniel Siebert,FC Shakhtar Donetsk,Panathinaikos FC,A. Touba,0,0,0,0,0,0,0,0,62,0,0,0,0,0,0
152,14 Aug 2025,,f32g90kashwq5kjyzwpdxjuhg,Daniel Siebert,FC Shakhtar Donetsk,Panathinaikos FC,B. Drągowski,0,0,0,0,0,0,0,0,32,0,3,0,0,0,0
152,14 Aug 2025,,f32g90kashwq5kjyzwpdxjuhg,Daniel Siebert,FC Shakhtar Donetsk,Panathinaikos FC,G. Kyriakopoulos,0,0,0,6,0,1,0,0,36,0,0,0,0,2,0
152,14 Aug 2025,,f32g90kashwq5kjyzwpdxjuhg,Daniel Siebert,FC Shakhtar Donetsk,Panathinaikos FC,K. Świderski,0,0,0,0,1,2,0,1,8,0,0,3,0,0,0
152,14 Aug 2025,,f32g90kashwq5kjyzwpdxjuhg,Daniel Siebert,FC Shakhtar Donetsk,Panathinaikos FC,E. Palmer-Brown,0,1,0,0,1,0,0,0,50,0,0,1,0,0,0
152,14 Aug 2025,,f32g90kashwq5kjyzwpdxjuhg,Daniel Siebert,FC Shakhtar Donetsk,Panathinaikos FC,F. Pellistri,0,0,1,1,1,2,0,0,12,0,0,2,1,1,0
152,14 Aug 2025,,f32g90kashwq5kjyzwpdxjuhg,Daniel Siebert,FC Shakhtar Donetsk,Panathinaikos FC,N. Maksimović,0,0,0,0,1,0,0,0,20,0,0,1,0,0,0
152,14 Aug 2025,,f32g90kashwq5kjyzwpdxjuhg,Daniel Siebert,FC Shakhtar Donetsk,Panathinaikos FC,F. Ioannidis,0,0,0,0,0,0,0,0,3,0,0,0,0,0,0
152,14 Aug 2025,,f32g90kashwq5kjyzwpdxjuhg,Daniel Siebert,FC Shakhtar Donetsk,Panathinaikos FC,A. Zaroury,0,0,0,1,1,1,0,0,8,0,0,0,0,0,0
152,14 Aug 2025,,f32g90kashwq5kjyzwpdxjuhg,Daniel Siebert,FC Shakhtar Donetsk,Panathinaikos FC,M. Siopis,0,0,0,0,0,0,0,0,0,0,0,0,0,0,0
152,14 Aug 2025,,f32g90kashwq5kjyzwpdxjuhg,Daniel Siebert,FC Shakhtar Donetsk,Panathinaikos FC,D. Mancini,0,0,0,0,0,0,0,0,0,0,0,0,0,0,0
152,14 Aug 2025,,f32g90kashwq5kjyzwpdxjuhg,Daniel Siebert,FC Shakhtar Donetsk,Panathinaikos FC,T. Jedvaj,0,0,0,0,0,0,0,0,0,0,0,0,0,0,0
152,14 Aug 2025,,f32g90kashwq5kjyzwpdxjuhg,Daniel Siebert,FC Shakhtar Donetsk,Panathinaikos FC,A. Jeremejeff,0,0,0,0,0,0,0,0,0,0,0,0,0,0,0
105,28 Aug 2025,,6rt2jxrf92y1vwdk7g1vrdv6c,Urs Schnyder,PFK Ludogorets 1945 Razgrad,KF Shkendija,A. Nedyalkov,0,0,0,2,0,0,0,0,40,0,0,0,0,6,0
105,28 Aug 2025,,6rt2jxrf92y1vwdk7g1vrdv6c,Urs Schnyder,PFK Ludogorets 1945 Razgrad,KF Shkendija,Caio Vidal,0,1,0,4,2,1,0,0,20,0,0,5,1,0,0
105,28 Aug 2025,,6rt2jxrf92y1vwdk7g1vrdv6c,Urs Schnyder,PFK Ludogorets 1945 Razgrad,KF Shkendija,Son,0,0,0,2,0,2,0,0,52,0,0,0,0,1,0
105,28 Aug 2025,,6rt2jxrf92y1vwdk7g1vrdv6c,Urs Schnyder,PFK Ludogorets 1945 Razgrad,KF Shkendija,Pedro Naressi,0,1,1,0,1,1,0,0,61,0,0,2,0,4,0
105,28 Aug 2025,,6rt2jxrf92y1vwdk7g1vrdv6c,Urs Schnyder,PFK Ludogorets 1945 Razgrad,KF Shkendija,E. Kurtulus,0,0,0,0,1,0,1,0,67,0,0,1,1,2,0
105,28 Aug 2025,,6rt2jxrf92y1vwdk7g1vrdv6c,Urs Schnyder,PFK Ludogorets 1945 Razgrad,KF Shkendija,Dinis Almeida,0,0,0,0,0,0,0,0,54,0,0,0,0,4,0
105,28 Aug 2025,,6rt2jxrf92y1vwdk7g1vrdv6c,Urs Schnyder,PFK Ludogorets 1945 Razgrad,KF Shkendija,I. Chochev,0,1,0,1,2,1,1,0,20,0,0,3,2,0,0
105,28 Aug 2025,,6rt2jxrf92y1vwdk7g1vrdv6c,Urs Schnyder,PFK Ludogorets 1945 Razgrad,KF Shkendija,Erick Marcus,0,0,0,9,1,1,0,1,41,0,0,6,2,0,0
105,28 Aug 2025,,6rt2jxrf92y1vwdk7g1vrdv6c,Urs Schnyder,PFK Ludogorets 1945 Razgrad,KF Shkendija,Matheus Machado,0,1,1,0,1,2,0,0,16,0,0,4,1,0,0
105,28 Aug 2025,,6rt2jxrf92y1vwdk7g1vrdv6c,Urs Schnyder,PFK Ludogorets 1945 Razgrad,KF Shkendija,Deroy Duarte,1,1,1,2,0,0,0,0,45,0,0,1,0,2,0
105,28 Aug 2025,,6rt2jxrf92y1vwdk7g1vrdv6c,Urs Schnyder,PFK Ludogorets 1945 Razgrad,KF Shkendija,S. Padt,0,0,0,0,0,0,0,0,19,0,1,0,0,0,0
105,28 Aug 2025,,6rt2jxrf92y1vwdk7g1vrdv6c,Urs Schnyder,PFK Ludogorets 1945 Razgrad,KF Shkendija,P. Stanić,0,0,0,0,0,2,0,0,11,0,0,2,1,1,0
105,28 Aug 2025,,6rt2jxrf92y1vwdk7g1vrdv6c,Urs Schnyder,PFK Ludogorets 1945 Razgrad,KF Shkendija,E. Bille,0,0,0,0,0,0,0,1,6,0,0,0,0,0,0
105,28 Aug 2025,,6rt2jxrf92y1vwdk7g1vrdv6c,Urs Schnyder,PFK Ludogorets 1945 Razgrad,KF Shkendija,F. Kaloč,0,0,0,0,1,1,0,0,6,0,0,0,0,0,0
105,28 Aug 2025,,6rt2jxrf92y1vwdk7g1vrdv6c,Urs Schnyder,PFK Ludogorets 1945 Razgrad,KF Shkendija,B. Tekpetey,0,0,0,0,1,0,0,0,5,0,0,0,0,0,0
105,28 Aug 2025,,6rt2jxrf92y1vwdk7g1vrdv6c,Urs Schnyder,PFK Ludogorets 1945 Razgrad,KF Shkendija,I. Yordanov,0,0,0,0,0,0,0,0,0,0,0,0,0,0,0
105,28 Aug 2025,,6rt2jxrf92y1vwdk7g1vrdv6c,Urs Schnyder,PFK Ludogorets 1945 Razgrad,KF Shkendija,S. Ivanov,0,0,0,0,0,0,0,0,0,0,0,0,0,0,0
105,28 Aug 2025,,6rt2jxrf92y1vwdk7g1vrdv6c,Urs Schnyder,PFK Ludogorets 1945 Razgrad,KF Shkendija,A. Zejnullai,0,0,0,0,0,1,0,0,12,0,0,1,0,2,0
105,28 Aug 2025,,6rt2jxrf92y1vwdk7g1vrdv6c,Urs Schnyder,PFK Ludogorets 1945 Razgrad,KF Shkendija,K. Cake,0,0,0,0,1,0,0,0,35,0,0,0,0,2,0
105,28 Aug 2025,,6rt2jxrf92y1vwdk7g1vrdv6c,Urs Schnyder,PFK Ludogorets 1945 Razgrad,KF Shkendija,R. Ramadani,0,0,0,0,0,0,0,0,42,0,0,0,0,5,0
105,28 Aug 2025,,6rt2jxrf92y1vwdk7g1vrdv6c,Urs Schnyder,PFK Ludogorets 1945 Razgrad,KF Shkendija,R. Webster,0,0,0,3,0,2,0,0,24,0,0,0,0,0,0
105,28 Aug 2025,,6rt2jxrf92y1vwdk7g1vrdv6c,Urs Schnyder,PFK Ludogorets 1945 Razgrad,KF Shkendija,L. Latifi,0,2,1,0,2,0,0,0,13,0,0,3,0,0,1
105,28 Aug 2025,,6rt2jxrf92y1vwdk7g1vrdv6c,Urs Schnyder,PFK Ludogorets 1945 Razgrad,KF Shkendija,A. Alhassan,0,0,0,0,3,4,0,0,41,0,0,1,0,1,0
105,28 Aug 2025,,6rt2jxrf92y1vwdk7g1vrdv6c,Urs Schnyder,PFK Ludogorets 1945 Razgrad,KF Shkendija,I. Fetai,0,0,0,0,1,0,0,0,43,0,0,0,0,0,0
105,28 Aug 2025,,6rt2jxrf92y1vwdk7g1vrdv6c,Urs Schnyder,PFK Ludogorets 1945 Razgrad,KF Shkendija,A. Trumçi,0,0,0,3,1,2,0,0,20,0,0,0,0,7,0
105,28 Aug 2025,,6rt2jxrf92y1vwdk7g1vrdv6c,Urs Schnyder,PFK Ludogorets 1945 Razgrad,KF Shkendija,B. Ibraimi,1,1,2,1,1,1,0,1,16,0,0,1,0,0,1
105,28 Aug 2025,,6rt2jxrf92y1vwdk7g1vrdv6c,Urs Schnyder,PFK Ludogorets 1945 Razgrad,KF Shkendija,B. Gaye,0,0,0,0,0,0,0,0,27,0,6,0,0,0,0
105,28 Aug 2025,,6rt2jxrf92y1vwdk7g1vrdv6c,Urs Schnyder,PFK Ludogorets 1945 Razgrad,KF Shkendija,F. Tamba,0,1,1,1,0,0,1,1,22,0,0,4,2,1,0
105,28 Aug 2025,,6rt2jxrf92y1vwdk7g1vrdv6c,Urs Schnyder,PFK Ludogorets 1945 Razgrad,KF Shkendija,E. Krasniqi,0,0,0,5,2,0,0,0,4,0,0,0,0,1,1
105,28 Aug 2025,,6rt2jxrf92y1vwdk7g1vrdv6c,Urs Schnyder,PFK Ludogorets 1945 Razgrad,KF Shkendija,V. Krstevski,0,0,0,0,0,0,0,0,1,0,0,0,0,0,0
105,28 Aug 2025,,6rt2jxrf92y1vwdk7g1vrdv6c,Urs Schnyder,PFK Ludogorets 1945 Razgrad,KF Shkendija,F. Ramadani,0,0,0,0,0,0,0,0,0,0,0,0,0,0,0
105,28 Aug 2025,,6rt2jxrf92y1vwdk7g1vrdv6c,Urs Schnyder,PFK Ludogorets 1945 Razgrad,KF Shkendija,K. Qaka,0,0,0,0,0,0,0,0,0,0,0,0,0,0,0
105,28 Aug 2025,,6rt2jxrf92y1vwdk7g1vrdv6c,Urs Schnyder,PFK Ludogorets 1945 Razgrad,KF Shkendija,M. Murati,0,0,0,0,0,0,0,0,0,0,0,0,0,0,0
105,28 Aug 2025,,6rt2jxrf92y1vwdk7g1vrdv6c,Urs Schnyder,PFK Ludogorets 1945 Razgrad,KF Shkendija,F. Ademi,0,0,0,0,0,0,0,0,0,0,0,0,0,0,0
107,7 Aug 2025,,6xzdplg23g3g3ni34nmh5di50,Morten Krogh,PAOK Thessaloniki FC,Wolfsberger Athletik Club,G. Konstantelias,0,0,2,3,1,1,0,0,47,0,0,1,0,2,1
107,7 Aug 2025,,6xzdplg23g3g3ni34nmh5di50,Morten Krogh,PAOK Thessaloniki FC,Wolfsberger Athletik Club,T. Kędziora,0,0,0,0,0,1,0,0,97,0,0,0,0,3,0
107,7 Aug 2025,,6xzdplg23g3g3ni34nmh5di50,Morten Krogh,PAOK Thessaloniki FC,Wolfsberger Athletik Club,A. Baba,0,0,1,3,1,4,0,0,68,0,0,0,0,1,0
107,7 Aug 2025,,6xzdplg23g3g3ni34nmh5di50,Morten Krogh,PAOK Thessaloniki FC,Wolfsberger Athletik Club,J. Kenny,0,0,0,6,0,0,0,0,57,0,0,1,0,4,0
107,7 Aug 2025,,6xzdplg23g3g3ni34nmh5di50,Morten Krogh,PAOK Thessaloniki FC,Wolfsberger Athletik Club,M. Camara,0,0,0,0,1,0,0,0,25,0,0,0,0,0,0
107,7 Aug 2025,,6xzdplg23g3g3ni34nmh5di50,Morten Krogh,PAOK Thessaloniki FC,Wolfsberger Athletik Club,G. Michailidis,0,0,0,0,0,1,0,0,116,0,0,0,0,0,0
107,7 Aug 2025,,6xzdplg23g3g3ni34nmh5di50,Morten Krogh,PAOK Thessaloniki FC,Wolfsberger Athletik Club,J. Pavlenka,0,0,0,0,0,0,0,0,22,0,3,0,0,0,0
107,7 Aug 2025,,6xzdplg23g3g3ni34nmh5di50,Morten Krogh,PAOK Thessaloniki FC,Wolfsberger Athletik Club,Taison,0,0,0,1,0,3,0,2,35,0,0,1,0,0,0
107,7 Aug 2025,,6xzdplg23g3g3ni34nmh5di50,Morten Krogh,PAOK Thessaloniki FC,Wolfsberger Athletik Club,S. Meïté,0,0,0,0,2,0,0,0,63,0,0,1,0,2,1
107,7 Aug 2025,,6xzdplg23g3g3ni34nmh5di50,Morten Krogh,PAOK Thessaloniki FC,Wolfsberger Athletik Club,A. Živković,0,0,1,6,1,0,0,3,46,0,0,0,0,1,0
107,7 Aug 2025,,6xzdplg23g3g3ni34nmh5di50,Morten Krogh,PAOK Thessaloniki FC,Wolfsberger Athletik Club,F. Chalov,0,1,0,0,1,0,0,0,16,0,0,2,0,0,0
107,7 Aug 2025,,6xzdplg23g3g3ni34nmh5di50,Morten Krogh,PAOK Thessaloniki FC,Wolfsberger Athletik Club,M. Ozdoev,0,0,0,0,1,0,0,0,14,0,0,0,0,0,1
107,7 Aug 2025,,6xzdplg23g3g3ni34nmh5di50,Morten Krogh,PAOK Thessaloniki FC,Wolfsberger Athletik Club,A. Mythou,0,0,1,0,0,0,0,0,6,0,0,0,0,0,0
107,7 Aug 2025,,6xzdplg23g3g3ni34nmh5di50,Morten Krogh,PAOK Thessaloniki FC,Wolfsberger Athletik Club,L. Ivanušec,0,0,0,0,1,0,0,1,10,0,0,0,0,1,1
107,7 Aug 2025,,6xzdplg23g3g3ni34nmh5di50,Morten Krogh,PAOK Thessaloniki FC,Wolfsberger Athletik Club,S. Shoretire,0,0,0,0,0,0,0,0,4,0,0,0,0,0,0
107,7 Aug 2025,,6xzdplg23g3g3ni34nmh5di50,Morten Krogh,PAOK Thessaloniki FC,Wolfsberger Athletik Club,B. Matić,0,0,0,3,2,0,0,0,22,0,0,0,0,1,0
107,7 Aug 2025,,6xzdplg23g3g3ni34nmh5di50,Morten Krogh,PAOK Thessaloniki FC,Wolfsberger Athletik Club,E. Agyemang,0,1,0,0,3,0,0,0,22,0,0,1,0,0,0
107,7 Aug 2025,,6xzdplg23g3g3ni34nmh5di50,Morten Krogh,PAOK Thessaloniki FC,Wolfsberger Athletik Club,D. Baumgartner,0,0,0,0,2,3,0,0,31,0,0,1,1,1,1
107,7 Aug 2025,,6xzdplg23g3g3ni34nmh5di50,Morten Krogh,PAOK Thessaloniki FC,Wolfsberger Athletik Club,N. Polster,0,0,0,0,0,1,0,0,46,0,0,0,0,0,0
107,7 Aug 2025,,6xzdplg23g3g3ni34nmh5di50,Morten Krogh,PAOK Thessaloniki FC,Wolfsberger Athletik Club,D. Avdijaj,0,1,1,3,1,0,0,0,20,0,0,2,0,0,0
107,7 Aug 2025,,6xzdplg23g3g3ni34nmh5di50,Morten Krogh,PAOK Thessaloniki FC,Wolfsberger Athletik Club,N. Wimmer,0,0,0,0,0,1,0,0,40,0,0,0,0,2,0
107,7 Aug 2025,,6xzdplg23g3g3ni34nmh5di50,Morten Krogh,PAOK Thessaloniki FC,Wolfsberger Athletik Club,A. Schöpf,0,0,2,1,1,1,0,0,29,0,0,1,0,0,0
107,7 Aug 2025,,6xzdplg23g3g3ni34nmh5di50,Morten Krogh,PAOK Thessaloniki FC,Wolfsberger Athletik Club,R. Renner,0,0,0,3,0,0,0,0,36,0,0,0,0,1,0
107,7 Aug 2025,,6xzdplg23g3g3ni34nmh5di50,Morten Krogh,PAOK Thessaloniki FC,Wolfsberger Athletik Club,M. Diabaté,0,0,0,0,0,0,0,0,47,0,0,0,0,2,0
107,7 Aug 2025,,6xzdplg23g3g3ni34nmh5di50,Morten Krogh,PAOK Thessaloniki FC,Wolfsberger Athletik Club,S. Piesinger,0,0,0,0,0,0,0,0,31,0,0,0,0,0,0
107,7 Aug 2025,,6xzdplg23g3g3ni34nmh5di50,Morten Krogh,PAOK Thessaloniki FC,Wolfsberger Athletik Club,T. Ballo,0,0,0,1,2,2,0,0,13,0,0,2,2,0,0
107,7 Aug 2025,,6xzdplg23g3g3ni34nmh5di50,Morten Krogh,PAOK Thessaloniki FC,Wolfsberger Athletik Club,A. Gattermayer,0,0,0,0,0,1,0,0,1,0,0,2,0,0,0
107,7 Aug 2025,,6xzdplg23g3g3ni34nmh5di50,Morten Krogh,PAOK Thessaloniki FC,Wolfsberger Athletik Club,D. Atanga,0,0,0,0,0,0,0,1,3,0,0,0,0,0,0
107,7 Aug 2025,,6xzdplg23g3g3ni34nmh5di50,Morten Krogh,PAOK Thessaloniki FC,Wolfsberger Athletik Club,D. Zukić,0,0,0,2,0,0,0,0,1,0,0,0,0,0,0
107,7 Aug 2025,,6xzdplg23g3g3ni34nmh5di50,Morten Krogh,PAOK Thessaloniki FC,Wolfsberger Athletik Club,F. Wohlmuth,0,0,1,1,0,0,0,0,4,0,0,0,0,0,0
107,7 Aug 2025,,6xzdplg23g3g3ni34nmh5di50,Morten Krogh,PAOK Thessaloniki FC,Wolfsberger Athletik Club,M. Sulzner,0,0,0,0,0,0,0,0,1,0,0,0,0,0,0
108,21 Aug 2025,,6yzohc7o27nrqy008agsoczdg,Georgi Kabakov,HŠK Zrinjski Mostar,FC Utrecht,S. Jakovljević,0,0,0,2,1,0,0,0,52,0,0,0,0,0,1
108,21 Aug 2025,,6yzohc7o27nrqy008agsoczdg,Georgi Kabakov,HŠK Zrinjski Mostar,FC Utrecht,I. Savić,0,0,0,2,0,0,0,0,64,0,0,1,0,3,0
108,21 Aug 2025,,6yzohc7o27nrqy008agsoczdg,Georgi Kabakov,HŠK Zrinjski Mostar,FC Utrecht,N. Bilbija,0,0,0,0,0,0,0,0,10,0,0,1,0,0,0
108,21 Aug 2025,,6yzohc7o27nrqy008agsoczdg,Georgi Kabakov,HŠK Zrinjski Mostar,FC Utrecht,K. Abramović,0,2,0,1,2,1,0,1,21,0,0,2,0,1,1
108,21 Aug 2025,,6yzohc7o27nrqy008agsoczdg,Georgi Kabakov,HŠK Zrinjski Mostar,FC Utrecht,J. Pranjić,0,1,1,2,0,1,0,0,18,0,0,1,0,1,0
108,21 Aug 2025,,6yzohc7o27nrqy008agsoczdg,Georgi Kabakov,HŠK Zrinjski Mostar,FC Utrecht,K. Memija,0,0,1,4,0,0,0,0,21,0,0,1,0,1,0
108,21 Aug 2025,,6yzohc7o27nrqy008agsoczdg,Georgi Kabakov,HŠK Zrinjski Mostar,FC Utrecht,L. Mikić,0,2,1,2,1,1,0,0,15,0,0,3,1,1,0
108,21 Aug 2025,,6yzohc7o27nrqy008agsoczdg,Georgi Kabakov,HŠK Zrinjski Mostar,FC Utrecht,A. Ivančić,0,0,0,1,0,1,0,0,30,0,0,0,0,1,0
108,21 Aug 2025,,6yzohc7o27nrqy008agsoczdg,Georgi Kabakov,HŠK Zrinjski Mostar,FC Utrecht,G. Karačić,0,0,0,0,0,1,0,0,25,0,5,0,0,0,0
108,21 Aug 2025,,6yzohc7o27nrqy008agsoczdg,Georgi Kabakov,HŠK Zrinjski Mostar,FC Utrecht,P. Mamić,0,0,1,4,5,0,0,0,45,1,0,0,0,0,2
108,21 Aug 2025,,6yzohc7o27nrqy008agsoczdg,Georgi Kabakov,HŠK Zrinjski Mostar,FC Utrecht,D. Dujmović,0,0,1,0,1,1,0,0,65,0,0,1,1,1,0
108,21 Aug 2025,,6yzohc7o27nrqy008agsoczdg,Georgi Kabakov,HŠK Zrinjski Mostar,FC Utrecht,M. Vranjković,0,0,0,3,1,0,0,0,19,0,0,0,0,0,1
108,21 Aug 2025,,6yzohc7o27nrqy008agsoczdg,Georgi Kabakov,HŠK Zrinjski Mostar,FC Utrecht,T. Kiš,0,1,0,1,0,1,0,0,13,0,0,1,0,0,0
108,21 Aug 2025,,6yzohc7o27nrqy008agsoczdg,Georgi Kabakov,HŠK Zrinjski Mostar,FC Utrecht,M. Šakota,0,0,1,2,0,0,0,0,7,0,0,0,0,1,0
108,21 Aug 2025,,6yzohc7o27nrqy008agsoczdg,Georgi Kabakov,HŠK Zrinjski Mostar,FC Utrecht,B. Filipović,0,0,0,0,0,0,0,0,9,0,0,0,0,0,0
108,21 Aug 2025,,6yzohc7o27nrqy008agsoczdg,Georgi Kabakov,HŠK Zrinjski Mostar,FC Utrecht,I. Mašić,0,0,0,0,0,0,0,0,12,0,0,0,0,0,0
108,21 Aug 2025,,6yzohc7o27nrqy008agsoczdg,Georgi Kabakov,HŠK Zrinjski Mostar,FC Utrecht,G. Zechiël,1,0,0,1,0,0,0,0,47,0,0,1,0,0,0
108,21 Aug 2025,,6yzohc7o27nrqy008agsoczdg,Georgi Kabakov,HŠK Zrinjski Mostar,FC Utrecht,M. van der Hoorn,0,0,0,0,2,0,0,0,55,0,0,0,0,2,1
108,21 Aug 2025,,6yzohc7o27nrqy008agsoczdg,Georgi Kabakov,HŠK Zrinjski Mostar,FC Utrecht,D. Min,0,0,1,0,2,2,1,0,14,0,0,3,2,1,0
108,21 Aug 2025,,6yzohc7o27nrqy008agsoczdg,Georgi Kabakov,HŠK Zrinjski Mostar,FC Utrecht,N. Viergever,0,0,0,0,0,0,0,0,47,0,0,0,0,1,0
108,21 Aug 2025,,6yzohc7o27nrqy008agsoczdg,Georgi Kabakov,HŠK Zrinjski Mostar,FC Utrecht,A. Engwanda,0,0,0,0,2,2,0,0,40,0,0,0,0,5,0
108,21 Aug 2025,,6yzohc7o27nrqy008agsoczdg,Georgi Kabakov,HŠK Zrinjski Mostar,FC Utrecht,D. Murkin,0,0,0,3,0,1,0,0,30,0,0,0,0,3,0
108,21 Aug 2025,,6yzohc7o27nrqy008agsoczdg,Georgi Kabakov,HŠK Zrinjski Mostar,FC Utrecht,A. Blake,0,0,0,1,0,0,0,0,14,0,0,0,0,1,0
108,21 Aug 2025,,6yzohc7o27nrqy008agsoczdg,Georgi Kabakov,HŠK Zrinjski Mostar,FC Utrecht,V. Barkas,0,0,0,0,0,0,0,0,28,0,2,0,0,0,0
108,21 Aug 2025,,6yzohc7o27nrqy008agsoczdg,Georgi Kabakov,HŠK Zrinjski Mostar,FC Utrecht,V. Jensen,0,1,0,0,0,1,1,0,30,0,0,3,2,3,0
108,21 Aug 2025,,6yzohc7o27nrqy008agsoczdg,Georgi Kabakov,HŠK Zrinjski Mostar,FC Utrecht,N. Vesterlund,0,0,0,1,1,0,0,0,9,0,0,1,0,0,1
108,21 Aug 2025,,6yzohc7o27nrqy008agsoczdg,Georgi Kabakov,HŠK Zrinjski Mostar,FC Utrecht,M. Jonathans,0,0,1,0,0,1,0,0,15,0,0,3,2,1,0
108,21 Aug 2025,,6yzohc7o27nrqy008agsoczdg,Georgi Kabakov,HŠK Zrinjski Mostar,FC Utrecht,S. El Karouani,0,0,0,2,1,0,0,0,9,0,0,1,1,0,1
108,21 Aug 2025,,6yzohc7o27nrqy008agsoczdg,Georgi Kabakov,HŠK Zrinjski Mostar,FC Utrecht,S. Horemans,0,0,0,0,0,0,0,0,17,0,0,0,0,1,0
108,21 Aug 2025,,6yzohc7o27nrqy008agsoczdg,Georgi Kabakov,HŠK Zrinjski Mostar,FC Utrecht,Miguel Rodríguez,0,0,0,1,1,3,0,0,6,0,0,1,1,0,0
108,21 Aug 2025,,6yzohc7o27nrqy008agsoczdg,Georgi Kabakov,HŠK Zrinjski Mostar,FC Utrecht,S. Haller,0,0,0,0,0,0,0,0,4,0,0,0,0,0,0
108,21 Aug 2025,,6yzohc7o27nrqy008agsoczdg,Georgi Kabakov,HŠK Zrinjski Mostar,FC Utrecht,K. Finnsson,0,0,0,0,0,0,0,0,4,0,0,0,0,0,0
109,28 Aug 2025,,70srxazhtbiqm5lg2r043an10,Benoît Bastien,FC Utrecht,HŠK Zrinjski Mostar,N. Viergever,0,1,0,0,0,0,0,0,59,0,0,1,0,0,0
109,28 Aug 2025,,70srxazhtbiqm5lg2r043an10,Benoît Bastien,FC Utrecht,HŠK Zrinjski Mostar,G. Zechiël,0,1,0,0,0,1,0,0,56,0,0,1,0,4,0
109,28 Aug 2025,,70srxazhtbiqm5lg2r043an10,Benoît Bastien,FC Utrecht,HŠK Zrinjski Mostar,D. Min,0,0,0,0,3,0,0,0,10,0,0,1,0,1,0
109,28 Aug 2025,,70srxazhtbiqm5lg2r043an10,Benoît Bastien,FC Utrecht,HŠK Zrinjski Mostar,A. Blake,0,0,1,1,3,1,0,0,22,0,0,1,1,0,1
109,28 Aug 2025,,70srxazhtbiqm5lg2r043an10,Benoît Bastien,FC Utrecht,HŠK Zrinjski Mostar,A. Engwanda,0,0,0,0,2,0,0,0,39,0,0,0,0,2,0
109,28 Aug 2025,,70srxazhtbiqm5lg2r043an10,Benoît Bastien,FC Utrecht,HŠK Zrinjski Mostar,S. El Karouani,0,0,2,8,0,3,0,0,19,0,0,0,0,0,1
109,28 Aug 2025,,70srxazhtbiqm5lg2r043an10,Benoît Bastien,FC Utrecht,HŠK Zrinjski Mostar,Miguel Rodríguez,0,0,1,1,1,2,0,0,16,0,0,1,1,1,0
109,28 Aug 2025,,70srxazhtbiqm5lg2r043an10,Benoît Bastien,FC Utrecht,HŠK Zrinjski Mostar,M. van der Hoorn,0,0,0,0,0,0,0,0,57,0,0,0,0,0,0
109,28 Aug 2025,,70srxazhtbiqm5lg2r043an10,Benoît Bastien,FC Utrecht,HŠK Zrinjski Mostar,S. Horemans,0,0,0,3,0,0,0,0,44,0,0,0,0,1,0
109,28 Aug 2025,,70srxazhtbiqm5lg2r043an10,Benoît Bastien,FC Utrecht,HŠK Zrinjski Mostar,V. Barkas,0,0,0,0,0,0,0,0,31,0,1,0,0,0,0
109,28 Aug 2025,,70srxazhtbiqm5lg2r043an10,Benoît Bastien,FC Utrecht,HŠK Zrinjski Mostar,V. Jensen,0,0,0,0,0,0,0,0,9,0,0,0,0,0,0
109,28 Aug 2025,,70srxazhtbiqm5lg2r043an10,Benoît Bastien,FC Utrecht,HŠK Zrinjski Mostar,D. van den Berg,0,2,0,0,1,2,0,0,23,0,0,2,0,0,0
109,28 Aug 2025,,70srxazhtbiqm5lg2r043an10,Benoît Bastien,FC Utrecht,HŠK Zrinjski Mostar,S. Haller,0,0,0,0,1,0,0,0,9,0,0,0,0,1,0
109,28 Aug 2025,,70srxazhtbiqm5lg2r043an10,Benoît Bastien,FC Utrecht,HŠK Zrinjski Mostar,D. Murkin,0,0,0,0,1,0,0,0,5,0,0,0,0,1,0
109,28 Aug 2025,,70srxazhtbiqm5lg2r043an10,Benoît Bastien,FC Utrecht,HŠK Zrinjski Mostar,M. Jonathans,0,0,0,0,2,0,0,0,1,0,0,1,0,0,0
109,28 Aug 2025,,70srxazhtbiqm5lg2r043an10,Benoît Bastien,FC Utrecht,HŠK Zrinjski Mostar,C. Bozdoğan,0,0,0,0,1,1,0,0,3,0,0,0,0,0,0
109,28 Aug 2025,,70srxazhtbiqm5lg2r043an10,Benoît Bastien,FC Utrecht,HŠK Zrinjski Mostar,N. Bilbija,0,0,0,0,0,1,0,0,17,0,0,0,0,0,0
109,28 Aug 2025,,70srxazhtbiqm5lg2r043an10,Benoît Bastien,FC Utrecht,HŠK Zrinjski Mostar,D. Dujmović,0,0,0,0,1,2,0,0,71,0,0,1,0,2,0
109,28 Aug 2025,,70srxazhtbiqm5lg2r043an10,Benoît Bastien,FC Utrecht,HŠK Zrinjski Mostar,S. Jakovljević,0,0,0,0,0,1,0,0,69,0,0,1,1,1,0
109,28 Aug 2025,,70srxazhtbiqm5lg2r043an10,Benoît Bastien,FC Utrecht,HŠK Zrinjski Mostar,M. Vranjković,0,0,1,4,1,3,0,0,36,0,0,0,0,1,0
109,28 Aug 2025,,70srxazhtbiqm5lg2r043an10,Benoît Bastien,FC Utrecht,HŠK Zrinjski Mostar,M. Šakota,0,0,0,2,2,2,0,0,22,0,0,0,0,2,1
109,28 Aug 2025,,70srxazhtbiqm5lg2r043an10,Benoît Bastien,FC Utrecht,HŠK Zrinjski Mostar,K. Memija,0,0,2,2,1,0,0,0,30,0,0,0,0,4,0
109,28 Aug 2025,,70srxazhtbiqm5lg2r043an10,Benoît Bastien,FC Utrecht,HŠK Zrinjski Mostar,G. Karačić,0,0,0,0,0,0,0,0,45,0,2,0,0,0,0
109,28 Aug 2025,,70srxazhtbiqm5lg2r043an10,Benoît Bastien,FC Utrecht,HŠK Zrinjski Mostar,N. Đurasek,0,0,0,3,1,1,0,0,25,0,0,0,0,1,1
109,28 Aug 2025,,70srxazhtbiqm5lg2r043an10,Benoît Bastien,FC Utrecht,HŠK Zrinjski Mostar,J. Pranjić,0,0,1,2,1,0,0,1,19,0,0,1,0,1,0
109,28 Aug 2025,,70srxazhtbiqm5lg2r043an10,Benoît Bastien,FC Utrecht,HŠK Zrinjski Mostar,I. Savić,0,0,2,4,2,2,0,0,44,0,0,0,0,1,1
109,28 Aug 2025,,70srxazhtbiqm5lg2r043an10,Benoît Bastien,FC Utrecht,HŠK Zrinjski Mostar,K. Abramović,0,2,0,0,1,1,0,0,8,0,0,2,0,5,0
109,28 Aug 2025,,70srxazhtbiqm5lg2r043an10,Benoît Bastien,FC Utrecht,HŠK Zrinjski Mostar,S. Surdanović,0,0,0,0,0,1,0,0,30,0,0,0,0,0,0
109,28 Aug 2025,,70srxazhtbiqm5lg2r043an10,Benoît Bastien,FC Utrecht,HŠK Zrinjski Mostar,B. Filipović,0,0,0,0,0,0,0,0,7,0,0,0,0,0,0
109,28 Aug 2025,,70srxazhtbiqm5lg2r043an10,Benoît Bastien,FC Utrecht,HŠK Zrinjski Mostar,L. Mikić,0,0,0,0,0,0,0,0,4,0,0,0,0,0,0
109,28 Aug 2025,,70srxazhtbiqm5lg2r043an10,Benoît Bastien,FC Utrecht,HŠK Zrinjski Mostar,A. Sušak,0,0,1,2,0,1,0,0,3,0,0,0,0,0,0
109,28 Aug 2025,,70srxazhtbiqm5lg2r043an10,Benoît Bastien,FC Utrecht,HŠK Zrinjski Mostar,T. Kiš,0,0,0,1,0,0,0,0,2,0,0,0,0,0,0
110,14 Aug 2025,,70zqarfg4fmdjhcormhtjou8k,Orel Grinfeeld,Wolfsberger Athletik Club,PAOK Thessaloniki FC,T. Ballo,0,0,0,0,0,1,0,0,14,0,0,2,2,1,0
110,14 Aug 2025,,70zqarfg4fmdjhcormhtjou8k,Orel Grinfeeld,Wolfsberger Athletik Club,PAOK Thessaloniki FC,M. Diabaté,0,0,0,0,1,0,0,0,68,0,0,0,0,3,1
110,14 Aug 2025,,70zqarfg4fmdjhcormhtjou8k,Orel Grinfeeld,Wolfsberger Athletik Club,PAOK Thessaloniki FC,N. Polster,0,0,0,0,0,1,0,0,40,0,1,0,0,0,0
110,14 Aug 2025,,70zqarfg4fmdjhcormhtjou8k,Orel Grinfeeld,Wolfsberger Athletik Club,PAOK Thessaloniki FC,A. Schöpf,0,0,0,0,1,1,0,0,40,0,0,0,0,1,0
110,14 Aug 2025,,70zqarfg4fmdjhcormhtjou8k,Orel Grinfeeld,Wolfsberger Athletik Club,PAOK Thessaloniki FC,N. Wimmer,0,0,0,0,1,0,0,0,59,0,0,1,0,1,1
110,14 Aug 2025,,70zqarfg4fmdjhcormhtjou8k,Orel Grinfeeld,Wolfsberger Athletik Club,PAOK Thessaloniki FC,D. Baumgartner,0,0,0,0,2,0,0,0,49,0,0,0,0,3,0
110,14 Aug 2025,,70zqarfg4fmdjhcormhtjou8k,Orel Grinfeeld,Wolfsberger Athletik Club,PAOK Thessaloniki FC,R. Renner,0,1,1,0,1,3,0,1,36,0,0,1,0,0,0
110,14 Aug 2025,,70zqarfg4fmdjhcormhtjou8k,Orel Grinfeeld,Wolfsberger Athletik Club,PAOK Thessaloniki FC,D. Avdijaj,0,0,0,3,0,0,0,0,17,0,0,0,0,1,0
110,14 Aug 2025,,70zqarfg4fmdjhcormhtjou8k,Orel Grinfeeld,Wolfsberger Athletik Club,PAOK Thessaloniki FC,S. Piesinger,0,1,0,0,4,0,0,0,24,0,0,1,0,2,0
110,14 Aug 2025,,70zqarfg4fmdjhcormhtjou8k,Orel Grinfeeld,Wolfsberger Athletik Club,PAOK Thessaloniki FC,E. Agyemang,0,0,0,0,2,1,0,0,13,0,0,0,0,1,0
110,14 Aug 2025,,70zqarfg4fmdjhcormhtjou8k,Orel Grinfeeld,Wolfsberger Athletik Club,PAOK Thessaloniki FC,B. Matić,0,0,0,6,1,0,0,0,25,0,0,0,0,5,0
110,14 Aug 2025,,70zqarfg4fmdjhcormhtjou8k,Orel Grinfeeld,Wolfsberger Athletik Club,PAOK Thessaloniki FC,D. Atanga,0,0,0,1,1,0,0,0,7,0,0,1,0,0,1
110,14 Aug 2025,,70zqarfg4fmdjhcormhtjou8k,Orel Grinfeeld,Wolfsberger Athletik Club,PAOK Thessaloniki FC,A. Gattermayer,0,0,0,0,0,1,0,0,5,0,0,0,0,1,0
110,14 Aug 2025,,70zqarfg4fmdjhcormhtjou8k,Orel Grinfeeld,Wolfsberger Athletik Club,PAOK Thessaloniki FC,D. Zukić,0,0,2,3,0,0,0,0,8,0,0,1,1,0,0
110,14 Aug 2025,,70zqarfg4fmdjhcormhtjou8k,Orel Grinfeeld,Wolfsberger Athletik Club,PAOK Thessaloniki FC,F. Wohlmuth,0,0,0,0,0,0,0,0,3,0,0,0,0,0,0
110,14 Aug 2025,,70zqarfg4fmdjhcormhtjou8k,Orel Grinfeeld,Wolfsberger Athletik Club,PAOK Thessaloniki FC,C. Nwaiwu,0,0,0,0,0,0,0,0,0,0,0,0,0,0,0
110,14 Aug 2025,,70zqarfg4fmdjhcormhtjou8k,Orel Grinfeeld,Wolfsberger Athletik Club,PAOK Thessaloniki FC,M. Sulzner,0,0,0,0,0,0,0,0,0,0,0,0,0,0,0
110,14 Aug 2025,,70zqarfg4fmdjhcormhtjou8k,Orel Grinfeeld,Wolfsberger Athletik Club,PAOK Thessaloniki FC,S. Meïté,0,0,0,0,1,0,0,0,53,0,0,0,0,2,0
110,14 Aug 2025,,70zqarfg4fmdjhcormhtjou8k,Orel Grinfeeld,Wolfsberger Athletik Club,PAOK Thessaloniki FC,F. Chalov,0,0,0,0,0,3,0,0,21,0,0,1,0,1,0
110,14 Aug 2025,,70zqarfg4fmdjhcormhtjou8k,Orel Grinfeeld,Wolfsberger Athletik Club,PAOK Thessaloniki FC,T. Kędziora,0,0,0,0,0,0,0,0,75,0,0,1,0,1,0
110,14 Aug 2025,,70zqarfg4fmdjhcormhtjou8k,Orel Grinfeeld,Wolfsberger Athletik Club,PAOK Thessaloniki FC,J. Pavlenka,0,0,0,0,0,0,0,0,25,0,3,0,0,0,0
110,14 Aug 2025,,70zqarfg4fmdjhcormhtjou8k,Orel Grinfeeld,Wolfsberger Athletik Club,PAOK Thessaloniki FC,G. Michailidis,0,1,1,0,1,0,0,0,82,0,0,5,1,5,0
110,14 Aug 2025,,70zqarfg4fmdjhcormhtjou8k,Orel Grinfeeld,Wolfsberger Athletik Club,PAOK Thessaloniki FC,M. Ozdoev,0,1,0,0,3,1,0,0,38,0,0,1,0,0,1
110,14 Aug 2025,,70zqarfg4fmdjhcormhtjou8k,Orel Grinfeeld,Wolfsberger Athletik Club,PAOK Thessaloniki FC,J. Kenny,0,0,1,5,0,1,0,0,50,0,0,0,0,2,0
110,14 Aug 2025,,70zqarfg4fmdjhcormhtjou8k,Orel Grinfeeld,Wolfsberger Athletik Club,PAOK Thessaloniki FC,A. Baba,0,0,1,2,1,2,0,1,44,0,0,0,0,1,0
110,14 Aug 2025,,70zqarfg4fmdjhcormhtjou8k,Orel Grinfeeld,Wolfsberger Athletik Club,PAOK Thessaloniki FC,G. Konstantelias,0,2,1,4,1,2,0,1,25,0,0,2,0,0,1
110,14 Aug 2025,,70zqarfg4fmdjhcormhtjou8k,Orel Grinfeeld,Wolfsberger Athletik Club,PAOK Thessaloniki FC,L. Ivanušec,0,0,1,3,0,3,0,0,26,0,0,0,0,1,0
110,14 Aug 2025,,70zqarfg4fmdjhcormhtjou8k,Orel Grinfeeld,Wolfsberger Athletik Club,PAOK Thessaloniki FC,A. Živković,0,0,2,10,3,0,0,0,29,0,0,1,0,1,0
110,14 Aug 2025,,70zqarfg4fmdjhcormhtjou8k,Orel Grinfeeld,Wolfsberger Athletik Club,PAOK Thessaloniki FC,D. Pelkas,0,1,0,1,0,0,0,0,9,0,0,1,0,0,0
110,14 Aug 2025,,70zqarfg4fmdjhcormhtjou8k,Orel Grinfeeld,Wolfsberger Athletik Club,PAOK Thessaloniki FC,M. Camara,0,1,0,0,0,1,0,0,8,0,0,1,0,1,0
110,14 Aug 2025,,70zqarfg4fmdjhcormhtjou8k,Orel Grinfeeld,Wolfsberger Athletik Club,PAOK Thessaloniki FC,A. Mythou,0,0,0,0,0,0,0,0,0,0,0,0,0,0,0
110,14 Aug 2025,,70zqarfg4fmdjhcormhtjou8k,Orel Grinfeeld,Wolfsberger Athletik Club,PAOK Thessaloniki FC,D. Chatsidis,0,0,0,0,0,0,0,0,0,0,0,0,0,0,0
110,14 Aug 2025,,70zqarfg4fmdjhcormhtjou8k,Orel Grinfeeld,Wolfsberger Athletik Club,PAOK Thessaloniki FC,G. Taylor,0,0,0,0,0,0,0,0,0,0,0,0,0,0,0
115,21 Aug 2025,,7u2mpw57s6khzp7ydnzkfnaxg,Sascha Stegemann,ŠK Slovan Bratislava,BSC Young Boys,K. Bajrič,0,0,0,0,3,1,0,0,44,0,0,0,0,0,0
115,21 Aug 2025,,7u2mpw57s6khzp7ydnzkfnaxg,Sascha Stegemann,ŠK Slovan Bratislava,BSC Young Boys,D. Ihnatenko,0,0,0,1,2,4,0,0,44,0,0,0,0,3,0
115,21 Aug 2025,,7u2mpw57s6khzp7ydnzkfnaxg,Sascha Stegemann,ŠK Slovan Bratislava,BSC Young Boys,Sandro Cruz,0,0,1,5,1,4,0,0,34,0,0,0,0,0,1
115,21 Aug 2025,,7u2mpw57s6khzp7ydnzkfnaxg,Sascha Stegemann,ŠK Slovan Bratislava,BSC Young Boys,K. Wimmer,0,0,0,0,0,1,0,0,32,0,0,0,0,1,0
115,21 Aug 2025,,7u2mpw57s6khzp7ydnzkfnaxg,Sascha Stegemann,ŠK Slovan Bratislava,BSC Young Boys,T. Barseghyan,0,1,4,4,0,4,0,1,28,0,0,5,2,0,0
115,21 Aug 2025,,7u2mpw57s6khzp7ydnzkfnaxg,Sascha Stegemann,ŠK Slovan Bratislava,BSC Young Boys,G. Kashia,0,0,0,0,1,0,0,0,39,0,0,0,0,0,1
115,21 Aug 2025,,7u2mpw57s6khzp7ydnzkfnaxg,Sascha Stegemann,ŠK Slovan Bratislava,BSC Young Boys,R. Ibrahim,0,1,0,1,2,2,0,1,31,0,0,3,0,2,0
115,21 Aug 2025,,7u2mpw57s6khzp7ydnzkfnaxg,Sascha Stegemann,ŠK Slovan Bratislava,BSC Young Boys,P. Pokorný,0,0,1,2,2,2,0,0,36,0,0,0,0,3,0
115,21 Aug 2025,,7u2mpw57s6khzp7ydnzkfnaxg,Sascha Stegemann,ŠK Slovan Bratislava,BSC Young Boys,D. Takáč,0,0,0,0,0,0,0,0,33,0,2,0,0,0,0
115,21 Aug 2025,,7u2mpw57s6khzp7ydnzkfnaxg,Sascha Stegemann,ŠK Slovan Bratislava,BSC Young Boys,C. Blackman,0,0,0,2,1,3,0,0,22,0,0,3,0,1,0
115,21 Aug 2025,,7u2mpw57s6khzp7ydnzkfnaxg,Sascha Stegemann,ŠK Slovan Bratislava,BSC Young Boys,D. Strelec,0,1,2,1,1,0,0,1,15,0,0,1,0,0,1
115,21 Aug 2025,,7u2mpw57s6khzp7ydnzkfnaxg,Sascha Stegemann,ŠK Slovan Bratislava,BSC Young Boys,R. Mak,0,1,1,3,0,2,0,0,14,0,0,2,0,0,0
115,21 Aug 2025,,7u2mpw57s6khzp7ydnzkfnaxg,Sascha Stegemann,ŠK Slovan Bratislava,BSC Young Boys,M. Kuharevich,0,0,0,1,0,0,0,0,2,0,0,0,0,1,0
115,21 Aug 2025,,7u2mpw57s6khzp7ydnzkfnaxg,Sascha Stegemann,ŠK Slovan Bratislava,BSC Young Boys,M. Tolić,0,0,0,0,0,0,0,0,9,0,0,0,0,0,0
115,21 Aug 2025,,7u2mpw57s6khzp7ydnzkfnaxg,Sascha Stegemann,ŠK Slovan Bratislava,BSC Young Boys,A. Yirajang,0,0,0,1,0,0,0,0,2,0,0,0,0,0,0
115,21 Aug 2025,,7u2mpw57s6khzp7ydnzkfnaxg,Sascha Stegemann,ŠK Slovan Bratislava,BSC Young Boys,S. Zuberu,0,0,0,0,1,0,0,0,3,0,0,0,0,0,0
115,21 Aug 2025,,7u2mpw57s6khzp7ydnzkfnaxg,Sascha Stegemann,ŠK Slovan Bratislava,BSC Young Boys,A. Gigović,0,0,0,3,3,3,0,1,30,0,0,1,1,1,0
115,21 Aug 2025,,7u2mpw57s6khzp7ydnzkfnaxg,Sascha Stegemann,ŠK Slovan Bratislava,BSC Young Boys,R. Raveloson,0,1,1,0,1,2,0,0,26,0,0,1,0,0,0
115,21 Aug 2025,,7u2mpw57s6khzp7ydnzkfnaxg,Sascha Stegemann,ŠK Slovan Bratislava,BSC Young Boys,E. Fernandes,1,0,0,7,2,0,0,0,29,0,0,0,0,2,0
115,21 Aug 2025,,7u2mpw57s6khzp7ydnzkfnaxg,Sascha Stegemann,ŠK Slovan Bratislava,BSC Young Boys,L. Benito,0,0,0,0,0,1,0,0,39,0,0,0,0,1,0
115,21 Aug 2025,,7u2mpw57s6khzp7ydnzkfnaxg,Sascha Stegemann,ŠK Slovan Bratislava,BSC Young Boys,T. Zoukrou,0,0,0,0,2,0,0,0,28,0,0,0,0,1,1
115,21 Aug 2025,,7u2mpw57s6khzp7ydnzkfnaxg,Sascha Stegemann,ŠK Slovan Bratislava,BSC Young Boys,J. Hadjam,0,0,0,1,5,1,0,0,45,0,0,0,0,2,1
115,21 Aug 2025,,7u2mpw57s6khzp7ydnzkfnaxg,Sascha Stegemann,ŠK Slovan Bratislava,BSC Young Boys,M. Keller,0,0,0,0,0,0,0,0,32,0,2,0,0,0,0
115,21 Aug 2025,,7u2mpw57s6khzp7ydnzkfnaxg,Sascha Stegemann,ŠK Slovan Bratislava,BSC Young Boys,S. Janko,0,0,0,1,4,2,0,0,26,0,0,0,0,4,0
115,21 Aug 2025,,7u2mpw57s6khzp7ydnzkfnaxg,Sascha Stegemann,ŠK Slovan Bratislava,BSC Young Boys,D. Males,0,0,0,0,0,1,0,0,2,0,0,0,0,0,0
115,21 Aug 2025,,7u2mpw57s6khzp7ydnzkfnaxg,Sascha Stegemann,ŠK Slovan Bratislava,BSC Young Boys,J. Monteiro,0,1,2,1,3,1,0,1,15,0,0,2,1,2,0
115,21 Aug 2025,,7u2mpw57s6khzp7ydnzkfnaxg,Sascha Stegemann,ŠK Slovan Bratislava,BSC Young Boys,C. Bedia,0,0,0,0,2,2,1,0,7,0,0,1,1,2,0
115,21 Aug 2025,,7u2mpw57s6khzp7ydnzkfnaxg,Sascha Stegemann,ŠK Slovan Bratislava,BSC Young Boys,A. Virginius,0,0,1,4,1,0,0,0,11,0,0,1,0,1,0
115,21 Aug 2025,,7u2mpw57s6khzp7ydnzkfnaxg,Sascha Stegemann,ŠK Slovan Bratislava,BSC Young Boys,S. Córdova,0,0,0,0,0,0,0,0,8,0,0,0,0,0,0
115,21 Aug 2025,,7u2mpw57s6khzp7ydnzkfnaxg,Sascha Stegemann,ŠK Slovan Bratislava,BSC Young Boys,E. Colley,0,1,1,1,0,0,0,0,5,0,0,2,0,2,0
115,21 Aug 2025,,7u2mpw57s6khzp7ydnzkfnaxg,Sascha Stegemann,ŠK Slovan Bratislava,BSC Young Boys,L. Blum,0,0,0,1,0,1,0,0,1,0,0,0,0,1,0
115,21 Aug 2025,,7u2mpw57s6khzp7ydnzkfnaxg,Sascha Stegemann,ŠK Slovan Bratislava,BSC Young Boys,S. Lauper,0,0,0,0,0,0,0,0,3,0,0,0,0,0,0
117,28 Aug 2025,,7xuy8ti27tjmwomrwfpbitmok,Rade Obrenović,BSC Young Boys,ŠK Slovan Bratislava,A. Virginius,0,0,2,2,0,0,0,0,14,0,0,1,1,1,0
117,28 Aug 2025,,7xuy8ti27tjmwomrwfpbitmok,Rade Obrenović,BSC Young Boys,ŠK Slovan Bratislava,S. Janko,0,0,0,2,2,1,0,0,36,0,0,0,0,1,1
117,28 Aug 2025,,7xuy8ti27tjmwomrwfpbitmok,Rade Obrenović,BSC Young Boys,ŠK Slovan Bratislava,J. Monteiro,2,0,2,2,2,1,0,1,20,0,0,0,0,0,0
117,28 Aug 2025,,7xuy8ti27tjmwomrwfpbitmok,Rade Obrenović,BSC Young Boys,ŠK Slovan Bratislava,R. Raveloson,0,0,0,1,0,0,0,0,42,0,0,1,0,3,0
117,28 Aug 2025,,7xuy8ti27tjmwomrwfpbitmok,Rade Obrenović,BSC Young Boys,ŠK Slovan Bratislava,T. Zoukrou,0,0,0,0,0,0,0,0,46,0,0,0,0,0,0
117,28 Aug 2025,,7xuy8ti27tjmwomrwfpbitmok,Rade Obrenović,BSC Young Boys,ŠK Slovan Bratislava,M. Keller,0,0,0,0,0,0,0,0,40,0,5,0,0,0,0
117,28 Aug 2025,,7xuy8ti27tjmwomrwfpbitmok,Rade Obrenović,BSC Young Boys,ŠK Slovan Bratislava,L. Benito,0,1,1,0,1,0,0,0,75,0,0,1,0,1,0
117,28 Aug 2025,,7xuy8ti27tjmwomrwfpbitmok,Rade Obrenović,BSC Young Boys,ŠK Slovan Bratislava,C. Bedia,1,0,0,0,0,0,1,0,9,0,0,1,1,0,0
117,28 Aug 2025,,7xuy8ti27tjmwomrwfpbitmok,Rade Obrenović,BSC Young Boys,ŠK Slovan Bratislava,J. Hadjam,0,1,1,1,2,0,0,0,57,0,0,1,0,0,1
117,28 Aug 2025,,7xuy8ti27tjmwomrwfpbitmok,Rade Obrenović,BSC Young Boys,ŠK Slovan Bratislava,E. Fernandes,0,1,1,6,0,1,0,0,46,0,0,2,0,0,0
117,28 Aug 2025,,7xuy8ti27tjmwomrwfpbitmok,Rade Obrenović,BSC Young Boys,ŠK Slovan Bratislava,A. Gigović,0,0,0,0,1,3,2,0,33,0,0,2,2,1,0
117,28 Aug 2025,,7xuy8ti27tjmwomrwfpbitmok,Rade Obrenović,BSC Young Boys,ŠK Slovan Bratislava,E. Colley,0,0,0,0,1,1,0,0,15,0,0,1,1,0,0
117,28 Aug 2025,,7xuy8ti27tjmwomrwfpbitmok,Rade Obrenović,BSC Young Boys,ŠK Slovan Bratislava,S. Córdova,0,0,0,0,3,0,0,0,4,0,0,0,0,0,0
117,28 Aug 2025,,7xuy8ti27tjmwomrwfpbitmok,Rade Obrenović,BSC Young Boys,ŠK Slovan Bratislava,C. Fassnacht,0,0,0,0,0,0,0,0,4,0,0,1,0,1,0
117,28 Aug 2025,,7xuy8ti27tjmwomrwfpbitmok,Rade Obrenović,BSC Young Boys,ŠK Slovan Bratislava,S. Lauper,0,0,0,0,1,0,0,0,5,0,0,0,0,0,0
117,28 Aug 2025,,7xuy8ti27tjmwomrwfpbitmok,Rade Obrenović,BSC Young Boys,ŠK Slovan Bratislava,L. Blum,0,0,0,0,1,0,0,0,1,0,0,0,0,0,0
117,28 Aug 2025,,7xuy8ti27tjmwomrwfpbitmok,Rade Obrenović,BSC Young Boys,ŠK Slovan Bratislava,D. Strelec,1,1,2,0,0,0,1,0,20,0,0,3,2,0,0
117,28 Aug 2025,,7xuy8ti27tjmwomrwfpbitmok,Rade Obrenović,BSC Young Boys,ŠK Slovan Bratislava,P. Pokorný,0,0,0,0,1,1,0,0,50,0,0,2,0,3,0
117,28 Aug 2025,,7xuy8ti27tjmwomrwfpbitmok,Rade Obrenović,BSC Young Boys,ŠK Slovan Bratislava,D. Ihnatenko,0,0,0,0,1,2,0,0,65,0,0,0,0,2,0
117,28 Aug 2025,,7xuy8ti27tjmwomrwfpbitmok,Rade Obrenović,BSC Young Boys,ŠK Slovan Bratislava,G. Kashia,0,0,0,0,0,0,0,0,40,0,0,0,0,0,0
117,28 Aug 2025,,7xuy8ti27tjmwomrwfpbitmok,Rade Obrenović,BSC Young Boys,ŠK Slovan Bratislava,K. Bajrič,0,0,0,0,0,0,0,0,54,0,0,0,0,1,0
117,28 Aug 2025,,7xuy8ti27tjmwomrwfpbitmok,Rade Obrenović,BSC Young Boys,ŠK Slovan Bratislava,Sandro Cruz,0,0,0,2,0,1,0,0,45,0,0,0,0,4,0
117,28 Aug 2025,,7xuy8ti27tjmwomrwfpbitmok,Rade Obrenović,BSC Young Boys,ŠK Slovan Bratislava,R. Ibrahim,0,1,1,0,1,0,0,0,23,0,0,3,2,2,0
117,28 Aug 2025,,7xuy8ti27tjmwomrwfpbitmok,Rade Obrenović,BSC Young Boys,ŠK Slovan Bratislava,R. Mak,0,0,0,4,0,2,1,0,24,0,0,3,2,0,0
117,28 Aug 2025,,7xuy8ti27tjmwomrwfpbitmok,Rade Obrenović,BSC Young Boys,ŠK Slovan Bratislava,C. Blackman,0,0,0,0,3,2,0,0,43,0,0,0,0,1,0
117,28 Aug 2025,,7xuy8ti27tjmwomrwfpbitmok,Rade Obrenović,BSC Young Boys,ŠK Slovan Bratislava,T. Barseghyan,0,0,0,2,0,5,0,0,31,0,0,2,0,0,0
117,28 Aug 2025,,7xuy8ti27tjmwomrwfpbitmok,Rade Obrenović,BSC Young Boys,ŠK Slovan Bratislava,D. Takáč,0,0,0,0,0,0,0,0,24,0,2,0,0,0,0
117,28 Aug 2025,,7xuy8ti27tjmwomrwfpbitmok,Rade Obrenović,BSC Young Boys,ŠK Slovan Bratislava,M. Tolić,1,1,0,1,1,0,0,1,22,0,0,2,0,0,0
117,28 Aug 2025,,7xuy8ti27tjmwomrwfpbitmok,Rade Obrenović,BSC Young Boys,ŠK Slovan Bratislava,M. Kuharevich,0,0,0,0,0,0,0,0,5,0,0,1,1,0,0
117,28 Aug 2025,,7xuy8ti27tjmwomrwfpbitmok,Rade Obrenović,BSC Young Boys,ŠK Slovan Bratislava,A. Yirajang,0,0,0,0,0,0,0,0,9,0,0,0,0,0,0
117,28 Aug 2025,,7xuy8ti27tjmwomrwfpbitmok,Rade Obrenović,BSC Young Boys,ŠK Slovan Bratislava,S. Fogning,0,1,1,0,0,0,0,0,15,0,0,1,0,1,0
117,28 Aug 2025,,7xuy8ti27tjmwomrwfpbitmok,Rade Obrenović,BSC Young Boys,ŠK Slovan Bratislava,N. Marcelli,0,0,0,1,0,1,0,0,8,0,0,0,0,0,0
118,14 Aug 2025,,81z9fnenkg9263jkrv6cml8us,Sandro Schärer,KF Drita,SC Fotbal Club FCSB SA,R. Broja,0,1,0,0,3,1,0,0,52,1,0,1,0,5,0
118,14 Aug 2025,,81z9fnenkg9263jkrv6cml8us,Sandro Schärer,KF Drita,SC Fotbal Club FCSB SA,B. Sheji,0,0,0,1,0,1,0,0,63,0,0,0,0,0,0
118,14 Aug 2025,,81z9fnenkg9263jkrv6cml8us,Sandro Schärer,KF Drita,SC Fotbal Club FCSB SA,Faton Maloku,0,0,0,0,0,0,0,0,19,0,1,0,0,0,0
118,14 Aug 2025,,81z9fnenkg9263jkrv6cml8us,Sandro Schärer,KF Drita,SC Fotbal Club FCSB SA,A. Manaj,0,0,1,1,1,3,0,1,12,0,0,1,0,0,0
118,14 Aug 2025,,81z9fnenkg9263jkrv6cml8us,Sandro Schärer,KF Drita,SC Fotbal Club FCSB SA,E. Bejtulai,0,0,0,1,2,0,0,0,78,0,0,0,0,1,1
118,14 Aug 2025,,81z9fnenkg9263jkrv6cml8us,Sandro Schärer,KF Drita,SC Fotbal Club FCSB SA,R. Ovouka,0,1,0,1,0,3,0,0,87,0,0,1,0,3,0
118,14 Aug 2025,,81z9fnenkg9263jkrv6cml8us,Sandro Schärer,KF Drita,SC Fotbal Club FCSB SA,Besnik Krasniqi,0,1,0,7,1,2,0,0,43,0,0,2,0,1,0
118,14 Aug 2025,,81z9fnenkg9263jkrv6cml8us,Sandro Schärer,KF Drita,SC Fotbal Club FCSB SA,A. Dabiqaj,0,0,0,1,2,0,0,0,37,0,0,0,0,3,0
118,14 Aug 2025,,81z9fnenkg9263jkrv6cml8us,Sandro Schärer,KF Drita,SC Fotbal Club FCSB SA,V. Limaj,0,1,1,2,1,2,0,0,22,0,0,2,1,1,0
118,14 Aug 2025,,81z9fnenkg9263jkrv6cml8us,Sandro Schärer,KF Drita,SC Fotbal Club FCSB SA,V. Tusha,0,1,2,6,1,0,1,0,17,0,0,3,1,2,0
118,14 Aug 2025,,81z9fnenkg9263jkrv6cml8us,Sandro Schärer,KF Drita,SC Fotbal Club FCSB SA,L. Balaj,1,0,0,8,1,0,0,0,16,0,0,0,0,1,0
118,14 Aug 2025,,81z9fnenkg9263jkrv6cml8us,Sandro Schärer,KF Drita,SC Fotbal Club FCSB SA,Blerim Krasniqi,0,0,0,0,0,2,0,0,7,0,0,0,0,0,0
118,14 Aug 2025,,81z9fnenkg9263jkrv6cml8us,Sandro Schärer,KF Drita,SC Fotbal Club FCSB SA,I. Mustafa,0,0,0,0,1,1,0,0,6,0,0,0,0,2,0
118,14 Aug 2025,,81z9fnenkg9263jkrv6cml8us,Sandro Schärer,KF Drita,SC Fotbal Club FCSB SA,K. Abazaj,0,0,0,1,0,0,0,0,3,0,0,0,0,0,0
118,14 Aug 2025,,81z9fnenkg9263jkrv6cml8us,Sandro Schärer,KF Drita,SC Fotbal Club FCSB SA,A. Ajzeraj,0,0,0,0,0,1,0,0,9,0,0,1,0,0,0
118,14 Aug 2025,,81z9fnenkg9263jkrv6cml8us,Sandro Schärer,KF Drita,SC Fotbal Club FCSB SA,E. Morina,0,0,0,0,1,0,0,0,11,0,0,0,0,0,1
118,14 Aug 2025,,81z9fnenkg9263jkrv6cml8us,Sandro Schärer,KF Drita,SC Fotbal Club FCSB SA,D. Bîrligea,1,0,0,0,2,0,0,1,19,0,0,0,0,0,0
118,14 Aug 2025,,81z9fnenkg9263jkrv6cml8us,Sandro Schärer,KF Drita,SC Fotbal Club FCSB SA,A. Șut,0,0,0,0,1,1,0,0,21,0,0,0,0,3,1
118,14 Aug 2025,,81z9fnenkg9263jkrv6cml8us,Sandro Schärer,KF Drita,SC Fotbal Club FCSB SA,S. Ngezana,0,0,0,0,0,2,0,0,28,0,0,0,0,2,0
118,14 Aug 2025,,81z9fnenkg9263jkrv6cml8us,Sandro Schärer,KF Drita,SC Fotbal Club FCSB SA,V. Crețu,1,0,1,2,1,2,0,0,25,0,0,0,0,2,0
118,14 Aug 2025,,81z9fnenkg9263jkrv6cml8us,Sandro Schärer,KF Drita,SC Fotbal Club FCSB SA,D. Miculescu,0,1,1,0,1,0,1,0,20,0,0,3,1,1,0
118,14 Aug 2025,,81z9fnenkg9263jkrv6cml8us,Sandro Schärer,KF Drita,SC Fotbal Club FCSB SA,J. Cisotti,0,0,0,2,3,3,1,0,19,0,0,2,1,1,1
118,14 Aug 2025,,81z9fnenkg9263jkrv6cml8us,Sandro Schärer,KF Drita,SC Fotbal Club FCSB SA,M. Popescu,0,0,0,0,1,0,0,0,27,0,0,0,0,3,0
118,14 Aug 2025,,81z9fnenkg9263jkrv6cml8us,Sandro Schärer,KF Drita,SC Fotbal Club FCSB SA,M. Edjouma,0,0,0,0,2,0,0,0,23,0,0,0,0,2,0
118,14 Aug 2025,,81z9fnenkg9263jkrv6cml8us,Sandro Schärer,KF Drita,SC Fotbal Club FCSB SA,Ș. Târnovanu,0,0,0,0,0,0,0,0,19,0,1,0,0,0,0
118,14 Aug 2025,,81z9fnenkg9263jkrv6cml8us,Sandro Schärer,KF Drita,SC Fotbal Club FCSB SA,A. Pantea,0,0,0,0,1,0,0,1,24,0,0,2,0,4,0
118,14 Aug 2025,,81z9fnenkg9263jkrv6cml8us,Sandro Schärer,KF Drita,SC Fotbal Club FCSB SA,V. Chiricheș,0,1,0,0,1,0,0,0,35,0,0,1,0,1,0
118,14 Aug 2025,,81z9fnenkg9263jkrv6cml8us,Sandro Schärer,KF Drita,SC Fotbal Club FCSB SA,B. Alhassan,0,0,0,0,1,1,0,0,24,0,0,1,1,1,0
118,14 Aug 2025,,81z9fnenkg9263jkrv6cml8us,Sandro Schärer,KF Drita,SC Fotbal Club FCSB SA,D. Olaru,0,0,0,0,0,3,0,0,18,0,0,1,1,0,0
118,14 Aug 2025,,81z9fnenkg9263jkrv6cml8us,Sandro Schärer,KF Drita,SC Fotbal Club FCSB SA,D. Politic,0,1,0,0,1,0,1,1,4,0,0,2,1,0,0
118,14 Aug 2025,,81z9fnenkg9263jkrv6cml8us,Sandro Schärer,KF Drita,SC Fotbal Club FCSB SA,M. Lixandru,1,0,0,0,0,0,0,0,16,0,0,0,0,0,0
118,14 Aug 2025,,81z9fnenkg9263jkrv6cml8us,Sandro Schärer,KF Drita,SC Fotbal Club FCSB SA,O. Popescu,0,0,0,0,1,0,0,0,2,0,0,0,0,0,0
